ave_fitness	ave_genome_length	ave_tree_depth	ave_tree_nodes	ave_used_codons	best_fitness	gen	invalids	max_genome_length	max_tree_depth	max_tree_nodes	max_used_codons	min_genome_length	min_tree_depth	min_tree_nodes	min_used_codons	runtime_error	time_adjust	time_taken	total_inds	total_time	unique_inds	unused_search	
-6125337.2923396025	100.0	11.164556962025317	184.21518987341773	116.60759493670886	-108.69323473187694	0	1	100	17.0	471.0	289.0	100	8.0	92.0	59.0	0	0	9.498119354248047	80	9.498119354248047	79	1.25	
-3537946.5490559204	100.0	10.683544303797468	190.21518987341773	119.9746835443038	-104.4209291583351	1	2	128	17.0	471.0	289.0	72	8.0	87.0	56.0	0	0	8.924745798110962	160	18.42286515235901	154	3.75	
-4150262.9697263828	99.1	10.76923076923077	179.12820512820514	112.62820512820512	-89.98600012966813	2	4	165	19.0	349.0	217.0	35	8.0	96.0	62.0	0	0	9.791019678115845	240	28.213884830474854	227	5.416666666666671	
-2637912.265129929	95.6125	10.276315789473685	163.1578947368421	102.46052631578948	-89.98600012966813	3	8	143	19.0	349.0	217.0	47	8.0	90.0	58.0	0	0	7.8885321617126465	320	36.1024169921875	299	6.5625	
-2362798.179025075	101.125	10.519480519480519	180.88311688311688	113.42857142857143	-89.98600012966813	4	11	163	19.0	418.0	259.0	42	7.0	90.0	58.0	0	0	8.062137365341187	400	44.16455435752869	372	7.0	
-2637697.2033639187	107.2375	10.675324675324676	200.7922077922078	124.88311688311688	-83.68453706678967	5	14	180	15.0	385.0	236.0	50	7.0	90.0	58.0	0	0	9.753108739852905	480	53.91766309738159	445	7.291666666666657	
-2050178.8226265635	113.6625	10.776315789473685	199.48684210526315	123.86842105263158	-79.92362058468892	6	18	227	17.0	349.0	212.0	16	7.0	90.0	58.0	0	0	11.392760038375854	560	65.31042313575745	516	7.857142857142861	
-2000227.71496984	116.975	10.4	194.36	120.18666666666667	-79.17273793439583	7	23	193	15.0	353.0	222.0	65	7.0	90.0	58.0	0	0	10.504873514175415	640	75.81529664993286	586	8.4375	
-2550193.9720716355	119.75	10.474358974358974	195.65384615384616	121.2948717948718	-75.75134619630171	8	25	204	17.0	464.0	289.0	60	7.0	82.0	53.0	0	0	10.221002101898193	720	86.03629875183105	658	8.611111111111114	
-2562774.1983113517	120.2375	10.038461538461538	165.65384615384616	103.57692307692308	-72.42708369928488	9	27	240	15.0	311.0	190.0	43	7.0	82.0	53.0	0	0	10.124068260192871	800	96.16036701202393	731	8.625	
-2087844.0785316906	115.2375	10.113924050632912	172.41772151898735	107.54430379746836	-72.42708369928488	10	28	143	15.0	405.0	249.0	71	7.0	82.0	53.0	0	0	9.411081314086914	880	105.57144832611084	805	8.522727272727266	
-2150243.733031051	114.1	9.871794871794872	166.4102564102564	103.78205128205128	-72.42708369928488	11	30	194	15.0	354.0	216.0	31	7.0	82.0	53.0	0	0	9.39140772819519	960	114.96285605430603	879	8.4375	
-1737688.644906999	104.15	9.35	155.3625	97.175	-72.42708369928488	12	30	154	15	307	189	65	7	80	52	0	0	10.27724838256836	1040	125.24010443687439	953	8.365384615384613	
-1662869.1675202977	99.6625	8.810126582278482	125.86075949367088	79.53164556962025	-72.42708369928488	13	31	175	15.0	318.0	196.0	21	7.0	82.0	53.0	0	0	7.125550031661987	1120	132.36565446853638	1024	8.57142857142857	
-2387806.820035697	97.575	8.936708860759493	128.51898734177215	81.29113924050633	-72.42708369928488	14	32	153	15.0	323.0	199.0	37	7.0	82.0	53.0	0	0	7.4739134311676025	1200	139.83956789970398	1096	8.666666666666671	
-1150305.9403651266	101.1375	8.6625	126.875	80.2375	-72.42708369928488	15	32	145	15	418	257	58	7	79	51	0	0	7.040997743606567	1280	146.88056564331055	1167	8.828125	
-1750302.0898895122	102.25	8.08860759493671	110.27848101265823	70.36708860759494	-69.79882776061316	16	33	148	14.0	256.0	162.0	78	7.0	82.0	53.0	0	0	6.986648797988892	1360	153.86721444129944	1240	8.82352941176471	
-1037733.7829800823	99.8125	8.2125	111.0125	70.8375	-69.77957751912135	17	33	138	15	261	158	62	7	82	53	0	0	7.4786376953125	1440	161.34585213661194	1311	8.958333333333329	
-1575349.9202669398	99.2	8.6875	123.8625	78.8625	-69.3987843787007	18	33	147	16	368	227	53	7	74	48	0	0	7.11114764213562	1520	168.45699977874756	1383	9.01315789473685	
-2200325.0553657105	101.8	8.5375	116.7625	74.225	-66.24101249330079	19	33	147	15	265	166	61	7	82	53	0	0	7.9876320362091064	1600	176.44463181495667	1457	8.9375	
-1962852.627028001	103.9375	8.625	122.025	77.3125	-63.194740133399044	20	33	147	14	352	219	81	7	87	56	0	0	7.3917012214660645	1680	183.83633303642273	1530	8.92857142857143	
-1287753.661430621	100.9375	8.6625	121.3625	76.8625	-63.0263580405896	21	33	134	16	383	229	63	7	82	53	0	0	8.69050908088684	1760	192.52684211730957	1600	9.090909090909093	
-1812821.7856071342	99.8875	8.6125	119.425	75.875	-63.0263580405896	22	33	147	13	285	181	62	7	82	53	0	0	7.134361505508423	1840	199.661203622818	1672	9.130434782608702	
-2412817.1990500367	100.4	8.8125	128.7125	81.4875	-63.0263580405896	23	33	135	17	400	252	78	7	79	51	0	0	8.032959461212158	1920	207.69416308403015	1747	9.010416666666671	
-1375331.9646662765	98.05	8.3375	109.45	70.0375	-63.0263580405896	24	33	146	14	255	165	52	7	80	52	0	0	6.901575088500977	2000	214.59573817253113	1819	9.049999999999997	
-2462818.455893822	97.25	8.525	114.9625	73.3625	-61.43216817399204	25	33	128	14	248	151	66	7	74	48	0	0	8.693467855453491	2080	223.28920602798462	1892	9.038461538461533	
-1737747.8822826676	97.0	8.227848101265822	107.37974683544304	68.69620253164557	-60.304515510288354	26	34	125	14.0	248.0	151.0	69	7.0	79.0	51.0	0	0	6.983871221542358	2160	230.27307724952698	1963	9.120370370370367	
-2037774.924855134	96.65	8.325	114.7125	73.075	-60.304515510288354	27	34	126	17	408	258	68	7	82	53	0	0	7.301162481307983	2240	237.57423973083496	2037	9.0625	
-1525303.3463159197	97.0	8.1375	113.225	72.0125	-60.19763021900389	28	34	126	15	237	151	68	7	82	53	0	0	6.775120258331299	2320	244.34935998916626	2108	9.137931034482762	
-1762785.0797999427	97.0	8.461538461538462	117.12820512820512	74.5	-60.19763021900389	29	36	144	14.0	248.0	151.0	50	7.0	82.0	53.0	0	0	7.076203107833862	2400	251.42556309700012	2178	9.25	
-1800391.2244113006	97.7625	8.1	110.7375	70.7875	-60.046636195549084	30	36	130	14	246	155	86	7	79	51	0	0	7.94059419631958	2480	259.3661572933197	2249	9.314516129032256	
-2362750.769832895	98.2875	8.1375	112.7875	71.925	-59.08570533759458	31	36	148	14	242	154	46	7	74	48	0	0	6.935340166091919	2560	266.3014974594116	2323	9.2578125	
-1237748.595013408	99.0375	8.0	110.8125	70.5625	-59.08570533759458	32	36	133	14	252	159	61	7	74	48	0	0	6.549851894378662	2640	272.8513493537903	2395	9.280303030303031	
-1425247.473450592	98.5	8.0375	110.3375	70.475	-59.08570533759458	33	36	144	15	274	173	50	7	82	53	0	0	6.415249347686768	2720	279.26659870147705	2467	9.30147058823529	
-1912731.3408904835	97.65	8.2125	113.4375	72.2625	-57.1174766288632	34	36	123	15	268	164	75	7	82	53	0	0	7.521741628646851	2800	286.7883403301239	2541	9.25	
-1325313.39863905	97.65	8.227848101265822	114.89873417721519	73.15189873417721	-57.1174766288632	35	37	170	15.0	241.0	156.0	43	7.0	79.0	51.0	0	0	8.897863864898682	2880	295.6862041950226	2613	9.270833333333329	
-2087716.6383316193	98.0625	8.493506493506494	118.8051948051948	75.59740259740259	-57.1174766288632	36	40	167	15.0	303.0	188.0	27	7.0	80.0	52.0	0	0	7.797289133071899	2960	303.4834933280945	2685	9.290540540540533	
-1625235.55881987	96.4625	8.294871794871796	115.12820512820512	73.33333333333333	-56.24846906247921	37	42	139	15.0	248.0	151.0	50	7.0	82.0	53.0	0	0	6.308317184448242	3040	309.7918105125427	2751	9.50657894736841	
-1512868.9596914772	97.0	8.45	122.2125	77.6375	-56.24846906247921	38	42	124	14	248	151	70	7	82	53	0	0	7.367450475692749	3120	317.1592609882355	2826	9.42307692307692	
-1600396.6261365486	98.0375	8.582278481012658	128.48101265822785	81.35443037974683	-56.24846906247921	39	43	128	14.0	296.0	180.0	66	7.0	79.0	51.0	0	0	8.747805118560791	3200	325.90706610679626	2899	9.40625	
-2212791.520879189	96.2125	8.6	126.5625	80.175	-56.24846906247921	40	43	158	15	280	177	36	7	74	48	0	0	7.583660840988159	3280	333.4907269477844	2973	9.359756097560975	
-2012806.2333489482	97.2375	8.835443037974683	133.20253164556962	84.37974683544304	-56.24846906247921	41	44	150	15.0	290.0	180.0	56	7.0	82.0	53.0	0	0	7.226839542388916	3360	340.71756649017334	3044	9.404761904761898	
-1600366.3270681214	96.125	8.5	125.3875	79.4	-56.24846906247921	42	44	140	14	296	180	54	7	87	56	0	0	7.274590969085693	3440	347.99215745925903	3116	9.41860465116278	
-1675309.1979458162	96.675	8.425	118.55	75.3375	-56.08267777931569	43	44	131	15	248	151	54	7	82	53	0	0	8.503083944320679	3520	356.4952414035797	3189	9.403409090909093	
-1962854.170608765	97.1	8.325	118.175	75.2375	-56.08267777931569	44	44	140	14	286	180	54	7	82	53	0	0	7.016176223754883	3600	363.5114176273346	3263	9.361111111111114	
-1425403.7000866414	98.225	8.225	116.25	73.925	-56.08267777931569	45	44	140	13	291	178	68	7	82	53	0	0	6.984304666519165	3680	370.49572229385376	3337	9.320652173913047	
-1700459.8929281211	97.5875	8.1125	116.4375	74.0	-56.08267777931569	46	44	140	14	373	232	68	7	82	53	0	0	6.827061176300049	3760	377.3227834701538	3406	9.414893617021278	
-1650333.7375551302	97.0375	8.0375	108.625	69.3375	-56.08267777931569	47	44	133	14	248	151	61	7	82	53	0	0	6.834614992141724	3840	384.15739846229553	3479	9.401041666666671	
-1737827.9385552462	97.9375	8.2125	115.6375	73.425	-56.06018037745321	48	44	133	14	248	151	65	7	82	53	0	0	8.334403038024902	3920	392.49180150032043	3553	9.362244897959187	
-1825415.6670226932	97.7875	8.5	124.91025641025641	79.1025641025641	-56.06018037745321	49	46	177	12.0	255.0	160.0	17	7.0	82.0	53.0	0	0	6.963599920272827	4000	399.45540142059326	3623	9.424999999999997	
-1637883.2803448287	97.925	8.3	112.575	71.625	-55.97414270005664	50	46	155	13	249	153	39	7	74	48	0	0	6.9487223625183105	4080	406.4041237831116	3694	9.460784313725483	
-1925356.675129281	97.725	8.3625	118.6375	75.2625	-55.94899603583691	51	46	125	12	248	151	70	7	82	53	0	0	7.113681316375732	4160	413.5178050994873	3768	9.42307692307692	
-1562982.5489508547	97.125	8.113924050632912	113.29113924050633	72.16455696202532	-55.94899603583691	52	47	187	15.0	365.0	224.0	7	7.0	82.0	53.0	0	0	8.173539638519287	4240	421.6913447380066	3839	9.45754716981132	
-1650295.6374205553	97.3625	8.3125	117.4875	74.675	-55.94899603583691	53	47	133	19	272	174	61	7	82	53	0	0	7.508157014846802	4320	429.1995017528534	3914	9.398148148148138	
-1737924.1064160287	96.875	8.531645569620252	117.72151898734177	74.9493670886076	-55.94899603583691	54	48	140	15.0	248.0	151.0	54	7.0	82.0	53.0	0	0	7.078113555908203	4400	436.2776153087616	3988	9.36363636363636	
-1125419.040604703	96.4375	8.2	116.45	74.1	-55.94899603583691	55	48	134	14	278	170	60	7	82	53	0	0	6.777486562728882	4480	443.0551018714905	4059	9.39732142857143	
-2100267.5515813814	96.15	8.225	117.5	74.675	-55.803178504375516	56	48	135	13	458	283	59	7	74	48	0	0	7.840826749801636	4560	450.8959286212921	4132	9.385964912280699	
-1725464.8640266422	95.725	8.448717948717949	118.08974358974359	75.1025641025641	-55.803178504375516	57	50	137	14.0	261.0	161.0	57	7.0	79.0	51.0	0	0	7.093964099884033	4640	457.98989272117615	4204	9.396551724137936	
-1600316.2348163656	96.6	8.3	123.8125	78.2625	-55.803178504375516	58	50	136	12	363	224	57	7	82	53	0	0	6.950873136520386	4720	464.94076585769653	4274	9.449152542372886	
-2162848.7891256204	95.95	8.6375	124.5875	79.025	-55.803178504375516	59	50	150	15	272	165	35	7	79	51	0	0	7.459495782852173	4800	472.4002616405487	4349	9.395833333333343	
-1237964.3619173584	97.025	8.025316455696203	110.53164556962025	70.37974683544304	-55.803178504375516	60	51	138	12.0	303.0	188.0	56	7.0	82.0	53.0	0	0	7.076433897018433	4880	479.47669553756714	4422	9.385245901639351	
-2112879.5458516353	97.0	8.275	115.075	73.3875	-55.803178504375516	61	51	137	16	244	157	57	7	74	48	0	0	8.43863844871521	4960	487.91533398628235	4497	9.334677419354847	
-1475232.879258598	97.0	8.0875	112.6125	71.625	-55.803178504375516	62	51	112	14	274	171	82	7	82	53	0	0	6.720118284225464	5040	494.6354522705078	4568	9.365079365079367	
-2050322.189715088	97.0	8.3	112.5	71.6125	-55.803178504375516	63	51	153	13	219	137	41	7	82	53	0	0	7.160950660705566	5120	501.7964029312134	4643	9.31640625	
-1537821.5451866384	97.3375	7.9875	108.4125	69.0875	-55.803178504375516	64	51	153	14	251	158	74	7	82	53	0	0	6.554166316986084	5200	508.35056924819946	4717	9.288461538461533	
-1937971.844356487	97.1375	8.1	107.1875	68.5125	-55.803178504375516	65	51	153	12	224	137	61	7	74	48	0	0	7.599156141281128	5280	515.9497253894806	4792	9.242424242424235	
-1562831.0189204484	97.65	8.0	107.475	68.4875	-55.803178504375516	66	51	164	11	248	151	41	7	74	48	0	0	7.280990839004517	5360	523.2307162284851	4866	9.21641791044776	
-1862838.6411545887	96.95	8.3375	117.1125	74.525	-55.803178504375516	67	51	140	15	258	161	54	7	82	53	0	0	7.198431968688965	5440	530.4291481971741	4942	9.154411764705884	
-1375406.3910681729	98.025	8.223684210526315	111.96052631578948	71.25	-55.803178504375516	68	55	169	13.0	248.0	151.0	25	7.0	79.0	51.0	0	0	6.697535037994385	5520	537.1266832351685	5013	9.184782608695656	
-1437742.7177016586	96.6625	8.475	121.2625	76.5875	-55.803178504375516	69	55	118	14	253	154	76	7	79	51	0	0	7.040735244750977	5600	544.1674184799194	5085	9.19642857142857	
-1662968.7253683247	96.8875	8.354430379746836	116.07594936708861	73.60759493670886	-55.79139878874063	70	56	165	18.0	227.0	147.0	29	7.0	80.0	52.0	0	0	8.728999376296997	5680	552.8964178562164	5160	9.154929577464785	
-1612710.3245497195	97.0	8.430379746835444	124.26582278481013	78.63291139240506	-55.79139878874063	71	57	138	13.0	421.0	258.0	56	7.0	82.0	53.0	0	0	7.067870855331421	5760	559.9642887115479	5231	9.184027777777786	
-2025349.3548400619	96.9625	8.175	115.625	73.425	-55.79139878874063	72	57	160	14	294	182	34	7	82	53	0	0	7.0854151248931885	5840	567.049703836441	5304	9.178082191780817	
-1600267.0190714719	96.1125	8.461538461538462	116.6923076923077	74.21794871794872	-55.79139878874063	73	59	135	13.0	261.0	161.0	46	7.0	83.0	54.0	0	0	6.293583869934082	5920	573.3432877063751	5370	9.290540540540533	
-1650310.6271322682	96.975	8.15	109.325	69.675	-55.79139878874063	74	59	138	14	248	151	56	7	82	53	0	0	6.866854906082153	6000	580.2101426124573	5441	9.316666666666663	
-2125410.166799617	97.0	8.291139240506329	112.37974683544304	71.59493670886076	-55.79139878874063	75	60	141	15.0	344.0	207.0	53	7.0	82.0	53.0	0	0	7.54849648475647	6080	587.7586390972137	5513	9.325657894736835	
-1037703.1809355449	97.25	7.85	105.725	67.525	-55.79139878874063	76	60	131	13	305	190	66	7	79	51	0	0	6.574329853057861	6160	594.3329689502716	5582	9.383116883116884	
-1637862.2398224082	96.875	8.075	107.075	68.4375	-55.79139878874063	77	60	149	12	254	159	45	7	82	53	0	0	6.832978963851929	6240	601.1659479141235	5656	9.358974358974365	
-2112809.5209938837	99.0125	8.75	125.0	79.4	-55.79139878874063	78	60	140	16	251	158	75	7	82	53	0	0	7.084139823913574	6320	608.2500877380371	5732	9.303797468354432	
-1762883.881542623	97.425	8.20253164556962	117.40506329113924	74.63291139240506	-55.79139878874063	79	61	139	14.0	299.0	184.0	56	7.0	74.0	48.0	0	0	8.314585447311401	6400	616.5646731853485	5807	9.265625	
-1287879.0033036012	96.85	8.25	115.2	73.325	-55.79139878874063	80	61	139	14	248	151	66	7	82	53	0	0	7.154453277587891	6480	623.7191264629364	5880	9.259259259259252	
-1600287.9660195082	95.8375	8.177215189873417	111.18987341772151	70.70886075949367	-55.78741676728603	81	62	136	12.0	212.0	134.0	27	7.0	82.0	53.0	0	0	6.919185638427734	6560	630.6383121013641	5955	9.222560975609767	
-1787786.593094883	98.7375	8.175	113.3875	72.1875	-55.78741676728603	82	62	145	13	291	180	74	7	80	52	0	0	6.813157558441162	6640	637.4514696598053	6028	9.216867469879517	
-1037758.025317877	97.8375	8.25	124.075	78.3625	-55.78741676728603	83	62	131	15	364	226	56	7	82	53	0	0	7.34485936164856	6720	644.7963290214539	6102	9.19642857142857	
-2125301.1070094225	97.375	8.1375	110.9625	70.6	-55.78741676728603	84	62	117	12	248	151	80	7	82	53	0	0	8.335926055908203	6800	653.1322550773621	6178	9.147058823529406	
-1637917.9705112618	97.0	7.961538461538462	108.16666666666667	68.92307692307692	-55.78741676728603	85	64	141	11.0	248.0	151.0	53	7.0	82.0	53.0	0	0	6.712773561477661	6880	659.8450286388397	6251	9.142441860465112	
-1875425.8642255794	97.675	8.0875	108.7875	69.475	-55.78741676728603	86	64	143	14	256	155	43	7	79	51	0	0	6.825556516647339	6960	666.6705851554871	6324	9.137931034482762	
-1775300.8333860363	99.575	8.164556962025317	114.89873417721519	73.12658227848101	-55.78741676728603	87	65	143	16.0	271.0	171.0	43	7.0	79.0	51.0	0	0	6.864544153213501	7040	673.5351293087006	6397	9.13352272727272	
-1962789.527613736	98.2375	7.9625	112.1125	71.475	-55.78741676728603	88	65	130	17	299	192	64	7	74	48	0	0	7.712331056594849	7120	681.2474603652954	6470	9.129213483146074	
-1587915.441923307	97.6375	7.9625	106.3375	67.925	-55.78741676728603	89	65	130	14	272	165	70	7	74	48	0	0	7.202167510986328	7200	688.4496278762817	6544	9.111111111111114	
-1212925.4384208808	97.675	8.05	111.2	70.9	-55.783285508827795	90	65	136	14	347	209	76	7	82	53	0	0	6.586993217468262	7280	695.03662109375	6614	9.14835164835165	
-2237805.580507518	97.175	8.0375	109.4125	69.7875	-55.783285508827795	91	65	134	13	248	151	60	7	82	53	0	0	6.4586615562438965	7360	701.4952826499939	6682	9.211956521739125	
-2037914.8602779922	96.475	8.525	123.7	78.575	-55.783285508827795	92	65	124	16	260	163	70	7	79	51	0	0	7.215834617614746	7440	708.7111172676086	6756	9.193548387096769	
-1537830.2801819525	96.2625	8.1375	115.0625	73.225	-55.783285508827795	93	65	141	14	298	191	53	7	74	48	0	0	8.40866208076477	7520	717.1197793483734	6830	9.175531914893625	
-2137807.646534837	99.425	8.3	119.4	75.7125	-55.783285508827795	94	65	141	14	347	214	40	7	79	51	0	0	7.226331949234009	7600	724.3461112976074	6903	9.171052631578945	
-1637835.479285573	99.15	8.3625	122.2375	77.625	-55.783285508827795	95	65	143	15	267	170	62	7	82	53	0	0	7.193985462188721	7680	731.5400967597961	6976	9.166666666666671	
-1362795.8046539822	97.8	8.3	116.975	74.45	-55.783285508827795	96	65	129	16	274	168	84	7	74	48	0	0	7.038759469985962	7760	738.5788562297821	7051	9.136597938144334	
-2037856.5938844539	96.9875	8.25	117.5375	74.7875	-55.783285508827795	97	65	149	16	300	190	45	7	82	53	0	0	7.672712564468384	7840	746.2515687942505	7123	9.145408163265301	
-1637817.4145483419	97.0	8.5125	121.8125	77.3125	-55.7574433593857	98	65	127	14	248	151	67	7	82	53	0	0	8.03437876701355	7920	754.285947561264	7198	9.116161616161605	
-2425375.965660058	97.0	8.5875	121.375	77.125	-55.7574433593857	99	65	138	15	394	246	56	7	83	54	0	0	7.238431453704834	8000	761.5243790149689	7271	9.112499999999997	
-2925299.3845184487	97.0625	8.582278481012658	122.43037974683544	77.87341772151899	-55.7574433593857	100	66	146	14.0	248.0	151.0	48	7.0	74.0	48.0	0	0	7.183628559112549	8080	768.7080075740814	7344	9.10891089108911	
-2175324.9722081344	97.0	8.425	118.425	75.2125	-55.70085187360651	101	66	140	14	254	157	54	7	82	53	0	0	7.1930742263793945	8160	775.9010818004608	7419	9.080882352941174	
-1975368.052370124	97.0	8.3625	117.0625	74.4	-55.7000961791518	102	66	120	16	313	190	74	7	79	51	0	0	8.430491209030151	8240	784.331573009491	7494	9.053398058252426	
-1175270.2884498793	97.0	7.925	109.975	70.0875	-55.7000961791518	103	66	124	11	248	151	70	7	82	53	0	0	6.784295082092285	8320	791.1158680915833	7568	9.038461538461533	
-1687857.5331279754	97.0	7.975	112.7875	71.875	-55.7000961791518	104	66	137	12	222	137	57	7	82	53	0	0	6.662022590637207	8400	797.7778906822205	7641	9.035714285714278	
-1300264.6894813837	97.0	7.962025316455696	111.74683544303798	71.0506329113924	-55.7000961791518	105	67	122	14.0	248.0	151.0	72	7.0	82.0	53.0	0	0	6.646282434463501	8480	804.424173116684	7714	9.033018867924525	
-1550270.15722345	97.2375	8.265822784810126	116.88607594936708	74.41772151898734	-55.7000961791518	106	68	146	16.0	362.0	227.0	48	7.0	82.0	53.0	0	0	7.622370719909668	8560	812.0465438365936	7787	9.030373831775691	
-2525396.5603639367	98.025	8.2625	119.375	75.8375	-55.7000961791518	107	68	122	11	257	160	69	7	82	53	0	0	7.663334131240845	8640	819.7098779678345	7859	9.039351851851848	
-1375303.95682652	96.9625	8.538461538461538	124.42307692307692	78.98717948717949	-55.7000961791518	108	70	158	18.0	303.0	188.0	36	7.0	80.0	52.0	0	0	6.980985403060913	8720	826.6908633708954	7928	9.082568807339456	
-1562827.6273409028	97.0625	8.0625	110.8875	70.55	-55.7000961791518	109	70	117	12	213	133	77	7	82	53	0	0	6.750610113143921	8800	833.4414734840393	8000	9.090909090909093	
-1800466.7134385065	96.825	8.0	108.65	69.3125	-55.66539095409861	110	70	110	12	228	141	84	7	79	51	0	0	7.051790714263916	8880	840.4932641983032	8074	9.076576576576585	
-1650281.6209746727	97.05	8.0	110.34177215189874	70.45569620253164	-55.66539095409861	111	71	155	15.0	233.0	147.0	39	7.0	82.0	53.0	0	0	7.7957234382629395	8960	848.2889876365662	8145	9.095982142857139	
-1412775.366508938	97.0	8.012658227848101	109.78481012658227	70.0253164556962	-55.66539095409861	112	72	130	16.0	281.0	177.0	64	7.0	82.0	53.0	0	0	6.335706949234009	9040	854.6246945858002	8214	9.137168141592923	
-1787820.8749005117	97.0	7.9125	108.625	69.4	-55.66539095409861	113	72	143	14	281	177	51	7	82	53	0	0	6.664928913116455	9120	861.2896234989166	8286	9.14473684210526	
-1162809.0478997733	96.7875	7.875	107.625	68.625	-55.65028882122272	114	72	137	12	269	166	57	7	82	53	0	0	6.6709160804748535	9200	867.9605395793915	8361	9.119565217391298	
-1475439.297684538	96.975	8.1125	111.25	70.75	-55.65028882122272	115	72	134	15	266	166	57	7	82	53	0	0	6.670161008834839	9280	874.6307005882263	8434	9.116379310344826	
-2662836.854407354	97.1	8.4875	117.9125	75.0375	-55.65028882122272	116	72	134	14	237	147	52	7	82	53	0	0	8.479342699050903	9360	883.1100432872772	8508	9.102564102564102	
-1637796.6993056461	97.975	8.126582278481013	112.31645569620254	71.55696202531645	-55.65028882122272	117	73	125	11.0	244.0	151.0	77	7.0	82.0	53.0	0	0	6.979161739349365	9440	890.0892050266266	8582	9.08898305084746	
-1850332.4233783167	96.3875	8.139240506329115	108.87341772151899	69.51898734177215	-55.65028882122272	118	74	129	12.0	212.0	135.0	65	7.0	79.0	51.0	0	0	6.318723440170288	9520	896.4079284667969	8650	9.138655462184872	
-2175304.987130505	96.8125	8.291139240506329	118.41772151898734	75.30379746835443	-55.65028882122272	119	75	141	13.0	230.0	146.0	53	7.0	74.0	48.0	0	0	7.481477499008179	9600	903.889405965805	8724	9.125	
-1525278.1936476105	98.5875	8.1125	114.125	72.7125	-55.65028882122272	120	75	155	15	353	219	62	7	82	53	0	0	7.357413291931152	9680	911.2468192577362	8797	9.121900826446279	
-1325320.1194227755	97.4625	8.075	115.8125	73.5	-55.65028882122272	121	75	109	12	347	209	85	7	82	53	0	0	7.032361030578613	9760	918.2791802883148	8866	9.15983606557377	
-2112832.8064344665	97.2625	8.0875	110.95	70.725	-55.65028882122272	122	75	127	12	217	134	67	7	82	53	0	0	6.63195538520813	9840	924.911135673523	8940	9.146341463414629	
-2037792.4679889255	95.025	8.1125	110.45	70.4875	-55.65028882122272	123	75	138	13	248	151	53	7	79	51	0	0	6.571821689605713	9920	931.4829573631287	9011	9.163306451612911	
-2175307.2061938033	95.525	8.15	112.0875	71.6125	-55.65028882122272	124	75	153	15	322	198	36	7	82	53	0	0	6.501067399978638	10000	937.9840247631073	9083	9.170000000000002	
-1812908.7784902782	96.6625	8.1	108.8125	69.525	-55.65028882122272	125	75	131	15	250	159	63	7	82	53	0	0	7.85873818397522	10080	945.8427629470825	9156	9.166666666666671	
-1812829.9025426558	97.0	8.3375	116.0	73.9375	-55.65026065425098	126	75	146	16	264	161	48	7	74	48	0	0	6.839743614196777	10160	952.6825065612793	9231	9.14370078740157	
-1625254.9440710093	98.7625	8.0125	109.975	70.2875	-55.65026065425098	127	75	120	15	245	151	74	7	82	53	0	0	6.543287754058838	10240	959.2257943153381	9302	9.16015625	
-2112872.880900492	99.95	8.025	110.9	70.675	-55.65026065425098	128	75	128	14	263	162	66	7	82	53	0	0	6.407586097717285	10320	965.6333804130554	9373	9.17635658914729	
-1937852.9382796355	97.475	7.9125	112.075	71.4125	-55.65026065425098	129	75	128	14	260	162	82	7	82	53	0	0	6.451679944992065	10400	972.0850603580475	9440	9.230769230769226	
-1212811.3322330867	97.05	7.772151898734177	106.37974683544304	67.84810126582279	-55.65026065425098	130	76	143	14.0	232.0	145.0	51	7.0	82.0	53.0	0	0	6.765503406524658	10480	978.8505637645721	9508	9.274809160305338	
-2162856.1528382273	96.925	8.0	111.1875	70.775	-55.65026065425098	131	76	128	12	265	162	66	7	79	51	0	0	7.2908477783203125	10560	986.1414115428925	9582	9.26136363636364	
-1350369.4864582554	96.7	8.0375	112.425	71.5	-55.65026065425098	132	76	128	12	237	147	66	7	80	52	0	0	6.517574310302734	10640	992.6589858531952	9652	9.285714285714292	
-1950390.4586119163	96.675	8.3875	123.675	78.4375	-55.65026065425098	133	76	125	12	246	151	69	7	82	53	0	0	7.232269048690796	10720	999.891254901886	9726	9.272388059701498	
-2175311.0563849844	97.8125	7.9625	106.1625	67.75	-55.65026065425098	134	76	157	14	219	134	37	7	74	48	0	0	6.488747596740723	10800	1006.3800024986267	9795	9.305555555555557	
-2062729.6268132702	97.3	8.1625	117.725	75.1	-55.65026065425098	135	76	145	20	412	262	49	7	83	54	0	0	8.386914491653442	10880	1014.7669169902802	9870	9.283088235294116	
-1725369.765992812	97.0	8.15	116.7625	74.15	-55.65026065425098	136	76	137	12	237	147	57	7	82	53	0	0	6.85685658454895	10960	1021.6237735748291	9942	9.288321167883211	
-2000317.3319837446	97.975	8.175	113.1875	72.075	-55.65026065425098	137	76	143	13	237	147	51	7	74	48	0	0	6.926986932754517	11040	1028.5507605075836	10017	9.266304347826079	
-2562841.988964192	96.4625	8.0875	110.9625	70.625	-55.65026065425098	138	76	108	14	242	155	75	7	79	51	0	0	7.142836093902588	11120	1035.6935966014862	10092	9.24460431654677	
-2037944.9523260787	97.525	8.063291139240507	108.51898734177215	69.29113924050633	-55.65026065425098	139	77	141	13.0	237.0	147.0	54	7.0	80.0	52.0	0	0	7.148708820343018	11200	1042.8423054218292	10162	9.267857142857139	
-2350421.24633983	97.525	7.949367088607595	109.75949367088607	69.92405063291139	-55.65026065425098	140	78	121	15.0	325.0	202.0	73	7.0	80.0	52.0	0	0	7.519217014312744	11280	1050.361522436142	10236	9.255319148936167	
-2100410.070702345	97.075	8.425	123.4625	78.3375	-55.65026065425098	141	78	147	14	237	147	47	7	80	52	0	0	7.083595514297485	11360	1057.4451179504395	10308	9.260563380281695	
-2462839.220457808	99.5125	8.6125	125.7375	79.675	-55.65026065425098	142	78	155	15	273	170	39	7	80	52	0	0	6.784358978271484	11440	1064.229476928711	10379	9.27447552447552	
-1975477.5609729365	101.1875	8.0375	109.5875	69.9	-55.65026065425098	143	78	146	11	204	128	48	7	74	48	0	0	6.903018474578857	11520	1071.1324954032898	10453	9.262152777777771	
-1350386.5809440382	97.9	8.425	120.375	76.625	-55.65026065425098	144	78	147	14	293	177	47	7	79	51	0	0	8.827032327651978	11600	1079.9595277309418	10525	9.267241379310349	
-1875417.331702853	100.0	8.5875	126.7	80.325	-55.65026065425098	145	78	147	16	293	180	61	7	82	53	0	0	7.785906553268433	11680	1087.7454342842102	10600	9.24657534246576	
-2200297.547059006	98.5375	8.5125	127.9	80.9625	-55.65026065425098	146	78	147	16	366	230	66	7	80	52	0	0	7.694398403167725	11760	1095.439832687378	10673	9.243197278911566	
-2250276.049852142	95.975	8.1375	117.05	74.45	-55.65026065425098	147	78	164	14	237	147	30	7	79	51	0	0	6.821502208709717	11840	1102.2613348960876	10743	9.265202702702709	
-1912774.3469084792	98.525	8.35	117.375	74.7875	-55.65026065425098	148	78	142	17	286	184	48	7	80	52	0	0	8.500183582305908	11920	1110.7615184783936	10818	9.244966442953015	
-2200337.7617139244	96.7375	8.275	110.5	70.75	-55.65026065425098	149	78	126	19	337	219	65	7	74	48	0	0	7.267751693725586	12000	1118.0292701721191	10891	9.241666666666674	
-1787861.7107985164	97.2625	8.10126582278481	108.54430379746836	69.36708860759494	-55.65026065425098	150	79	130	14.0	272.0	171.0	64	7.0	82.0	53.0	0	0	6.405028343200684	12080	1124.4342985153198	10960	9.271523178807954	
-2162761.087126585	97.0	8.125	111.5125	71.1125	-55.65026065425098	151	79	133	14	263	166	61	7	80	52	0	0	6.80908989906311	12160	1131.243388414383	11035	9.251644736842096	
-1675356.5036235168	97.025	8.125	113.2125	72.15	-55.65026065425098	152	79	140	14	237	147	54	7	82	53	0	0	7.091884136199951	12240	1138.3352725505829	11108	9.248366013071902	
-2437853.2489183485	96.9875	8.0625	106.925	68.3125	-54.17636331269365	153	79	163	14	253	154	31	7	82	53	0	0	7.953836917877197	12320	1146.28910946846	11183	9.228896103896105	
-1775222.7130849962	97.0625	8.1625	116.8125	74.225	-54.17636331269365	154	79	153	15	323	204	54	7	82	53	0	0	6.992186784744263	12400	1153.2812962532043	11254	9.24193548387096	
-2200387.1023917636	96.9	8.1875	113.675	72.55	-54.17636331269365	155	79	125	15	237	147	69	7	80	52	0	0	7.153740644454956	12480	1160.4350368976593	11326	9.246794871794876	
-1600451.739793236	96.8875	8.050632911392405	107.51898734177215	68.58227848101266	-54.135586017805124	156	80	142	14.0	275.0	174.0	52	7.0	79.0	51.0	0	0	6.801588773727417	12560	1167.2366256713867	11399	9.24363057324841	
-1787856.926221224	98.2875	8.164556962025317	114.81012658227849	72.9746835443038	-54.135586017805124	157	81	142	13.0	244.0	151.0	56	7.0	82.0	53.0	0	0	8.14709758758545	12640	1175.3837232589722	11472	9.240506329113927	
-2062830.2957823381	99.725	8.2125	116.625	74.1125	-54.135586017805124	158	81	147	12	270	166	47	7	82	53	0	0	7.0629565715789795	12720	1182.4466798305511	11544	9.245283018867923	
-2450277.662130962	97.85	8.3875	118.7625	75.55	-54.135586017805124	159	81	136	13	270	166	58	7	82	53	0	0	7.478299140930176	12800	1189.9249789714813	11618	9.234375	
-1675407.4490221068	98.1125	8.225	117.225	74.65	-54.135586017805124	160	81	137	13	237	147	42	7	82	53	0	0	7.249070882797241	12880	1197.1740498542786	11691	9.231366459627338	
-1862876.3053548548	98.8125	8.1	108.725	69.4125	-54.135586017805124	161	81	125	12	237	147	42	7	82	53	0	0	8.215377807617188	12960	1205.3894276618958	11766	9.212962962962962	
-2437828.28795049	98.5	8.1875	112.575	71.8125	-54.135586017805124	162	81	141	15	252	156	53	7	80	52	0	0	7.604435682296753	13040	1212.9938633441925	11841	9.194785276073631	
-2112914.1708102026	101.6375	8.205128205128204	117.3076923076923	74.57692307692308	-54.135586017805124	163	83	141	12.0	265.0	162.0	53	7.0	82.0	53.0	0	0	7.135209798812866	13120	1220.1290731430054	11910	9.222560975609767	
-1200297.1711192117	100.6	8.278481012658228	118.9493670886076	75.64556962025317	-54.135586017805124	164	84	150	16.0	289.0	178.0	44	7.0	82.0	53.0	0	0	7.067832708358765	13200	1227.1969058513641	11979	9.25	
-1837765.9410097064	102.325	8.0	102.50632911392405	65.59493670886076	-54.135586017805124	165	85	150	14.0	237.0	147.0	77	7.0	82.0	53.0	0	0	6.560537338256836	13280	1233.757443189621	12049	9.269578313253007	
-1975288.2306603391	96.15	8.275	118.8875	75.425	-54.10226461240404	166	85	124	12	237	147	70	7	79	51	0	0	8.596868753433228	13360	1242.3543119430542	12119	9.288922155688624	
-2562753.0447351253	96.3875	8.278481012658228	117.16455696202532	74.34177215189874	-54.10226461240404	167	86	152	13.0	283.0	175.0	35	7.0	79.0	51.0	0	0	7.229382038116455	13440	1249.5836939811707	12191	9.29315476190476	
-1962962.7237799864	97.35	8.25	119.3	75.75	-54.10226461240404	168	86	147	13	242	153	47	7	80	52	0	0	7.125707626342773	13520	1256.7094016075134	12265	9.28254437869822	
-1912926.6539040185	97.8625	8.3125	117.875	75.0	-54.10226461240404	169	86	145	14	295	183	52	7	80	52	0	0	7.431874513626099	13600	1264.1412761211395	12339	9.27205882352942	
-1937949.4121900902	96.5375	8.544303797468354	118.15189873417721	75.41772151898734	-54.10226461240404	170	87	191	15.0	385.0	243.0	24	7.0	74.0	48.0	0	0	8.226667404174805	13680	1272.3679435253143	12410	9.283625730994146	
-1775359.8995556063	99.025	8.5375	118.7375	75.55	-54.10226461240404	171	87	168	15	270	168	60	7	82	53	0	0	7.73445725440979	13760	1280.1024007797241	12483	9.28052325581396	
-2212775.077533054	99.3875	8.575	118.875	75.5875	-54.10226461240404	172	87	162	14	237	147	43	7	74	48	0	0	7.461777448654175	13840	1287.5641782283783	12555	9.284682080924853	
-1987754.615202257	104.4	8.4625	118.8	75.5625	-54.10226461240404	173	87	162	14	334	207	65	7	80	52	0	0	7.155410289764404	13920	1294.7195885181427	12627	9.288793103448285	
-1675292.3169187293	99.1875	8.4	117.4875	74.75	-54.10226461240404	174	87	175	15	259	160	65	7	80	52	0	0	6.781570911407471	14000	1301.5011594295502	12699	9.292857142857144	
-2687880.638008307	105.4875	8.3375	111.9	71.275	-54.10226461240404	175	87	155	15	302	184	65	7	80	52	0	0	8.667853116989136	14080	1310.1690125465393	12773	9.282670454545453	
-3037889.49126611	102.2375	8.575	124.725	79.1875	-54.10226461240404	176	87	169	14	291	177	74	7	82	53	0	0	7.960351943969727	14160	1318.129364490509	12846	9.279661016949149	
-2100451.3819123562	101.05	8.525	120.8625	76.95	-54.07946091222648	177	87	151	14	372	230	58	7	79	51	0	0	7.3766562938690186	14240	1325.506020784378	12917	9.290730337078656	
-1950377.8546515475	99.4	8.558441558441558	127.12987012987013	80.53246753246754	-54.07946091222648	178	90	171	13.0	307.0	187.0	23	7.0	79.0	51.0	0	0	7.551952362060547	14320	1333.0579731464386	12986	9.315642458100555	
-2212827.600902164	101.275	8.405063291139241	116.72151898734177	74.27848101265823	-54.07946091222648	179	91	228	14.0	261.0	161.0	43	7.0	80.0	52.0	0	0	8.766843795776367	14400	1341.824816942215	13058	9.319444444444443	
-1562852.0937086553	98.7375	8.4375	125.5125	79.5125	-54.0570600552119	180	91	120	13	312	192	72	7	79	51	0	0	7.8517234325408936	14480	1349.6765403747559	13131	9.316298342541444	
-1400482.7230737638	98.525	8.0125	108.8625	69.4625	-54.0570600552119	181	91	120	15	263	169	77	7	82	53	0	0	6.661981582641602	14560	1356.3385219573975	13199	9.347527472527474	
-2212861.249504876	99.8625	8.113924050632912	107.15189873417721	68.59493670886076	-54.0570600552119	182	92	139	13.0	246.0	152.0	55	7.0	74.0	48.0	0	0	6.6565635204315186	14640	1362.995085477829	13267	9.37841530054645	
-1962848.775818494	99.9	8.175	106.1	67.875	-54.0570600552119	183	92	153	13	237	150	64	7	80	52	0	0	7.12382698059082	14720	1370.1189124584198	13335	9.408967391304344	
-1812871.6218940667	97.8125	8.2125	116.0	73.8	-54.0570600552119	184	92	140	14	237	147	83	7	82	53	0	0	8.316301584243774	14800	1378.4352140426636	13408	9.405405405405403	
-1612853.2698668244	97.2625	8.3125	114.175	72.6625	-54.0570600552119	185	92	121	15	237	147	73	7	74	48	0	0	7.233198642730713	14880	1385.6684126853943	13479	9.415322580645153	
-1662950.063884329	97.2625	8.2375	111.7625	71.2125	-54.0570600552119	186	92	124	12	237	147	73	7	79	51	0	0	7.03357458114624	14960	1392.7019872665405	13550	9.42513368983957	
-987919.1183455132	96.6125	8.125	111.55	70.975	-54.0570600552119	187	92	141	15	323	204	53	7	82	53	0	0	6.782628059387207	15040	1399.4846153259277	13619	9.448138297872347	
-1450350.2746531244	96.775	7.8625	101.1625	64.75	-54.0570600552119	188	92	105	12	294	184	87	7	79	51	0	0	7.991649150848389	15120	1407.4762644767761	13690	9.457671957671948	
-1862948.8263187124	97.0	8.544303797468354	118.31645569620254	75.21518987341773	-54.0570600552119	189	93	124	14.0	249.0	154.0	70	7.0	80.0	52.0	0	0	7.386008977890015	15200	1414.8622734546661	13762	9.46052631578948	
-1475257.8802325903	96.775	8.0875	108.5875	69.1125	-54.0570600552119	190	93	125	13	210	128	69	7	74	48	0	0	6.724737882614136	15280	1421.5870113372803	13832	9.476439790575924	
-1725395.5486478284	97.45	8.2375	113.35	72.275	-54.0570600552119	191	93	123	14	378	235	71	7	82	53	0	0	6.836912393569946	15360	1428.4239237308502	13903	9.485677083333329	
-1625328.9107015408	97.2375	7.7375	101.15	64.7375	-54.0570600552119	192	93	133	12	210	133	61	7	82	53	0	0	7.098004102706909	15440	1435.5219278335571	13971	9.514248704663203	
-1275385.6173922375	97.0	8.139240506329115	106.16455696202532	67.74683544303798	-54.0570600552119	193	94	131	14.0	246.0	151.0	63	7.0	82.0	53.0	0	0	7.957771301269531	15520	1443.4796991348267	14041	9.529639175257728	
-1687927.4610837065	96.9375	8.35	112.9	71.7625	-54.0570600552119	194	94	137	15	277	168	57	7	82	53	0	0	7.374460697174072	15600	1450.8541598320007	14115	9.519230769230774	
-1900329.6776477895	96.5125	8.576923076923077	117.58974358974359	74.7051282051282	-54.0570600552119	195	96	186	15.0	257.0	161.0	8	7.0	82.0	53.0	0	0	7.36589789390564	15680	1458.2200577259064	14187	9.521683673469383	
-1512864.8713144418	96.55	8.531645569620252	124.58227848101266	78.56962025316456	-54.0570600552119	196	97	140	13.0	282.0	175.0	54	7.0	82.0	53.0	0	0	7.613849401473999	15760	1465.8339071273804	14259	9.524111675126903	
-1837970.6525417329	99.9625	8.556962025316455	118.18987341772151	75.0253164556962	-54.0570600552119	197	98	179	13.0	287.0	176.0	19	7.0	82.0	53.0	0	0	8.711771726608276	15840	1474.5456788539886	14331	9.526515151515142	
-1887919.9427819457	99.275	8.5125	119.275	75.8625	-54.0570600552119	198	98	140	14	285	176	62	7	79	51	0	0	7.572741270065308	15920	1482.118420124054	14407	9.5037688442211	
-1850406.0992346597	101.0875	8.113924050632912	105.21518987341773	67.27848101265823	-54.0570600552119	199	99	147	13.0	218.0	133.0	47	7.0	82.0	53.0	0	0	6.766255855560303	16000	1488.8846759796143	14478	9.512500000000003	
-1537951.5378097885	100.025	7.7875	99.05	63.55	-54.0570600552119	200	99	147	11	206	128	78	7	82	53	0	0	6.695470333099365	16080	1495.5801463127136	14550	9.514925373134332	
-925486.9898763399	97.275	8.151898734177216	109.77215189873418	70.0379746835443	-54.03590481452909	201	100	134	14.0	286.0	175.0	60	7.0	80.0	52.0	0	0	8.328527212142944	16160	1503.9086735248566	14618	9.542079207920793	
-2187853.712002744	96.6875	8.0625	107.1125	68.3	-54.03590481452909	202	100	129	13	310	189	65	7	82	53	0	0	6.734797716140747	16240	1510.6434712409973	14686	9.56896551724138	
-1825580.3424672019	96.6	8.325	112.7375	71.8875	-54.03590481452909	203	100	162	15	289	182	32	7	80	52	0	0	6.988654136657715	16320	1517.632125377655	14754	9.595588235294116	
-1800472.857013549	96.775	8.49367088607595	123.07594936708861	77.9620253164557	-54.03590481452909	204	101	133	15.0	321.0	202.0	61	7.0	82.0	53.0	0	0	7.598974704742432	16400	1525.2311000823975	14827	9.591463414634148	
-1725307.3970496573	96.8125	8.443037974683545	122.16455696202532	77.25316455696202	-54.03590481452909	205	102	147	17.0	368.0	221.0	47	7.0	80.0	52.0	0	0	8.311780214309692	16480	1533.5428802967072	14898	9.599514563106794	
-1425328.9523139377	96.375	7.825	101.0875	64.7125	-54.03590481452909	206	102	126	13	286	175	47	7	82	53	0	0	6.50093936920166	16560	1540.0438196659088	14964	9.637681159420282	
-2475294.911074858	97.125	8.1375	106.525	68.0	-54.03590481452909	207	102	127	14	222	137	67	7	79	51	0	0	7.122812986373901	16640	1547.1666326522827	15035	9.645432692307693	
-1800501.5009130281	96.975	8.253164556962025	112.69620253164557	71.65822784810126	-54.01714476716659	208	103	124	15.0	248.0	151.0	70	7.0	82.0	53.0	0	0	7.16713285446167	16720	1554.3337655067444	15107	9.647129186602882	
-1975262.8582800042	97.325	8.164556962025317	105.10126582278481	67.37974683544304	-54.01714476716659	209	104	125	12.0	267.0	168.0	69	7.0	79.0	51.0	0	0	7.5649049282073975	16800	1561.8986704349518	15179	9.648809523809518	
-1575352.0043733064	98.125	7.9875	105.9875	67.7125	-54.01714476716659	210	104	134	17	225	142	60	7	82	53	0	0	8.186942100524902	16880	1570.0856125354767	15252	9.644549763033169	
-1975358.9777438208	99.7125	8.39240506329114	109.0632911392405	69.68354430379746	-54.01714476716659	211	105	136	19.0	274.0	168.0	46	7.0	82.0	53.0	0	0	6.834362983703613	16960	1576.9199755191803	15320	9.669811320754718	
-1375467.8310874146	100.7	8.05	103.7625	66.5125	-54.01714476716659	212	105	154	11	200	126	61	7	82	53	0	0	7.110164642333984	17040	1584.0301401615143	15393	9.66549295774648	
-1775264.7556756306	97.2625	8.375	115.2875	73.5	-54.01714476716659	213	105	136	15	355	217	60	7	82	53	0	0	7.513070583343506	17120	1591.5432107448578	15468	9.649532710280369	
-1250337.2690599672	97.0	8.1625	113.1625	71.9625	-54.01714476716659	214	105	127	15	355	217	67	7	80	52	0	0	8.272430181503296	17200	1599.815640926361	15538	9.66279069767441	
-1562903.147480557	98.05	7.9	100.4125	64.3375	-54.01714476716659	215	105	145	14	192	124	49	7	82	53	0	0	6.626536130905151	17280	1606.4421770572662	15609	9.670138888888886	
-2300331.910230587	97.0875	8.375	114.425	72.9625	-54.01714476716659	216	105	121	15	268	167	73	7	82	53	0	0	7.435340166091919	17360	1613.8775172233582	15684	9.654377880184327	
-1725261.214421979	96.975	8.2375	114.725	72.9625	-54.01714476716659	217	105	125	15	288	183	56	7	82	53	0	0	7.296021938323975	17440	1621.1735391616821	15755	9.661697247706428	
-1750291.0802312165	98.0	8.2875	113.475	72.1125	-54.01714476716659	218	105	125	15	344	207	77	7	80	52	0	0	8.707352876663208	17520	1629.8808920383453	15829	9.651826484018272	
-1212791.0937699398	97.1	7.9	102.825	65.6875	-54.01714476716659	219	105	108	13	187	118	86	7	79	51	0	0	7.103062868118286	17600	1636.9839549064636	15902	9.647727272727266	
-1288085.4749871225	96.8125	8.10126582278481	107.74683544303798	68.81012658227849	-54.01714476716659	220	106	117	11.0	248.0	151.0	77	7.0	82.0	53.0	0	0	6.9624035358428955	17680	1643.9463584423065	15976	9.638009049773757	
-2037851.8645948519	97.375	8.179487179487179	110.96153846153847	70.85897435897436	-54.01714476716659	221	108	123	15.0	237.0	149.0	71	7.0	74.0	48.0	0	0	7.017435073852539	17760	1650.963793516159	16046	9.650900900900908	
-1812867.9687129818	97.4375	8.0625	105.5125	67.4625	-54.01714476716659	222	108	134	14	214	133	60	7	82	53	0	0	6.855288505554199	17840	1657.8190820217133	16118	9.652466367713004	
-1587842.522038187	97.8375	8.225	113.8	72.4125	-54.01714476716659	223	108	135	15	255	160	59	7	82	53	0	0	8.089596033096313	17920	1665.9086780548096	16189	9.659598214285708	
-1300424.046022506	97.35	8.3	115.375	73.35	-54.01714476716659	224	108	129	13	300	183	65	7	82	53	0	0	7.335146427154541	18000	1673.243824481964	16262	9.655555555555551	
-1637936.7609009468	98.2	8.2375	111.4625	70.95	-54.01714476716659	225	108	139	15	252	162	56	7	82	53	0	0	7.355502605438232	18080	1680.5993270874023	16335	9.651548672566364	
-1450408.611677379	97.5	7.8	104.3375	66.625	-54.01714476716659	226	108	132	11	248	151	62	7	74	48	0	0	6.436580181121826	18160	1687.0359072685242	16403	9.675110132158594	
-1737921.352805209	98.3875	7.860759493670886	101.58227848101266	65.0253164556962	-54.01714476716659	227	109	167	13.0	208.0	133.0	27	7.0	79.0	51.0	0	0	7.316755056381226	18240	1694.3526623249054	16472	9.692982456140356	
-1762814.9434325858	97.8625	7.9125	104.9125	67.0125	-54.01714476716659	228	109	147	14	296	179	63	7	82	53	0	0	7.495903491973877	18320	1701.8485658168793	16542	9.705240174672497	
-1600391.3085957912	97.0	8.025641025641026	108.32051282051282	69.1025641025641	-54.01714476716659	229	111	134	14.0	210.0	131.0	60	7.0	82.0	53.0	0	0	6.514129877090454	18400	1708.3626956939697	16610	9.728260869565219	
-1850364.2401105664	96.875	7.925	104.8875	67.1375	-54.01714476716659	230	111	126	12	214	133	68	7	82	53	0	0	6.924394607543945	18480	1715.2870903015137	16683	9.724025974025977	
-962884.062259381	97.25	7.949367088607595	104.9620253164557	67.10126582278481	-54.01714476716659	231	112	138	16.0	230.0	149.0	56	7.0	82.0	53.0	0	0	6.507033586502075	18560	1721.7941238880157	16752	9.741379310344826	
-2700368.8913468644	97.975	8.35	111.9375	71.4375	-54.01714476716659	232	112	138	15	280	177	56	7	80	52	0	0	8.517634391784668	18640	1730.3117582798004	16825	9.737124463519308	
-2200327.29963509	96.6	7.89873417721519	101.67088607594937	65.15189873417721	-54.01714476716659	233	113	140	11.0	218.0	135.0	26	7.0	82.0	53.0	0	0	6.487154006958008	18720	1736.7989122867584	16890	9.775641025641022	
-1287928.0651442837	96.325	8.0875	107.4125	68.575	-54.01714476716659	234	113	122	14	249	157	72	7	82	53	0	0	6.991256952285767	18800	1743.7901692390442	16959	9.792553191489361	
-1225328.509422754	95.8625	8.3125	114.75	73.0625	-54.01714476716659	235	113	139	14	259	159	55	7	82	53	0	0	6.998482942581177	18880	1750.7886521816254	17031	9.793432203389827	
-1137852.6221978338	100.0375	8.0	107.8375	68.6375	-54.01714476716659	236	113	142	15	249	153	70	7	74	48	0	0	6.969073295593262	18960	1757.7577254772186	17102	9.799578059071735	
-1900311.4842704094	98.0	8.1125	107.9875	68.9125	-54.01714476716659	237	113	139	13	246	155	66	7	82	53	0	0	8.323857307434082	19040	1766.0815827846527	17173	9.805672268907557	
-1187969.947614311	97.0	7.925	105.625	67.3375	-54.01714476716659	238	113	132	11	248	151	62	7	82	53	0	0	6.762724161148071	19120	1772.8443069458008	17242	9.822175732217573	
-1475229.042023857	96.3	8.1625	109.575	69.975	-54.01714476716659	239	113	129	14	314	195	65	7	80	52	0	0	7.188770771026611	19200	1780.0330777168274	17316	9.8125	
-1575339.184315761	97.0	8.05	106.275	67.95	-54.01714476716659	240	113	119	14	305	190	75	7	79	51	0	0	6.661212682723999	19280	1786.6942903995514	17382	9.844398340248958	
-1787790.0809008877	96.8125	8.0	106.62025316455696	68.0253164556962	-54.01714476716659	241	114	139	14.0	248.0	154.0	55	7.0	82.0	53.0	0	0	8.240444898605347	19360	1794.9347352981567	17454	9.845041322314046	
-1462864.7908613924	96.875	8.423076923076923	118.83333333333333	75.28205128205128	-54.01714476716659	242	116	179	16.0	293.0	183.0	15	7.0	82.0	53.0	0	0	7.512072324752808	19440	1802.4468076229095	17522	9.86625514403292	
-1312857.453794433	96.8125	8.45	121.4	76.85	-54.01714476716659	243	116	153	12	248	151	41	7	82	53	0	0	7.340762138366699	19520	1809.7875697612762	17592	9.877049180327873	
-1225318.4280867637	97.525	8.1375	110.9	70.6375	-54.01714476716659	244	116	122	14	285	175	72	7	80	52	0	0	7.024441480636597	19600	1816.8120112419128	17662	9.887755102040813	
-1662772.17125681	97.0	8.225	110.175	70.1875	-54.01714476716659	245	116	148	12	217	137	46	7	82	53	0	0	6.684684991836548	19680	1823.4966962337494	17728	9.918699186991873	
-1537972.0727225146	97.3625	8.3	114.4375	72.75	-54.01714476716659	246	116	139	15	267	172	55	7	82	53	0	0	8.012498378753662	19760	1831.509194612503	17797	9.934210526315795	
-1787756.0320471232	97.0	7.810126582278481	99.0379746835443	63.36708860759494	-54.01714476716659	247	117	130	14.0	241.0	151.0	64	7.0	79.0	51.0	0	0	6.479692220687866	19840	1837.988886833191	17868	9.939516129032256	
-1425388.0332306991	97.0	8.1	109.5125	69.825	-54.01714476716659	248	117	111	14	285	175	83	7	79	51	0	0	6.966848611831665	19920	1844.9557354450226	17936	9.959839357429729	
-1812808.7046865125	97.05	7.8375	99.15	63.675	-54.01714476716659	249	117	119	14	220	139	75	7	82	53	0	0	6.525672435760498	20000	1851.481407880783	18007	9.965000000000003	
-1550492.2360680047	97.0	8.2375	115.975	73.6375	-54.01714476716659	250	117	128	15	340	207	66	7	80	52	0	0	7.689877271652222	20080	1859.1712851524353	18076	9.980079681274901	
-1912847.3545131881	98.2	8.050632911392405	109.35443037974683	69.65822784810126	-54.01714476716659	251	118	131	12.0	272.0	165.0	63	7.0	82.0	53.0	0	0	6.674028396606445	20160	1865.8453135490417	18139	10.024801587301596	
-1800347.414342373	97.2875	7.825	100.25	64.3125	-54.01714476716659	252	118	120	11	254	158	78	7	82	53	0	0	6.382638216018677	20240	1872.2279517650604	18207	10.044466403162062	
-1375324.663506126	97.8	8.1875	111.2625	70.975	-54.01714476716659	253	118	136	14	326	198	62	7	82	53	0	0	6.5117480754852295	20320	1878.7396998405457	18273	10.073818897637793	
-1500459.6912679838	98.8375	8.278481012658228	111.0126582278481	70.75949367088607	-54.01714476716659	254	119	148	14.0	248.0	151.0	62	7.0	80.0	52.0	0	0	6.85402250289917	20400	1885.5937223434448	18341	10.093137254901961	
-2325374.881709289	97.875	8.6375	118.175	75.1375	-54.01714476716659	255	119	136	16	342	207	66	7	82	53	0	0	8.517632484436035	20480	1894.1113548278809	18410	10.107421875	
-1775400.2138535276	97.975	8.3375	111.45	71.225	-54.01714476716659	256	119	146	14	283	175	37	7	82	53	0	0	6.926752805709839	20560	1901.0381076335907	18478	10.126459143968873	
-2212867.9656860097	98.8875	8.425	116.9375	74.25	-54.01714476716659	257	119	121	20	403	257	75	7	82	53	0	0	7.422003269195557	20640	1908.4601109027863	18547	10.140503875968989	
-2300363.1849171505	97.625	8.4875	121.1	76.65	-54.01714476716659	258	119	129	15	344	207	65	7	82	53	0	0	6.91446852684021	20720	1915.3745794296265	18614	10.164092664092664	
-1950372.5930121099	96.8875	8.291139240506329	113.13924050632912	72.07594936708861	-54.01714476716659	259	120	130	12.0	270.0	165.0	62	7.0	74.0	48.0	0	0	7.686121702194214	20800	1923.0607011318207	18682	10.182692307692307	
-2350248.2813001806	94.5875	8.717948717948717	123.25641025641026	78.21794871794872	-54.01714476716659	260	122	137	15.0	287.0	182.0	52	7.0	82.0	53.0	0	0	8.003053426742554	20880	1931.0637545585632	18749	10.205938697318004	
-2187912.3818131825	95.275	8.3625	113.1	72.25	-54.01714476716659	261	122	134	16	328	206	55	7	82	53	0	0	7.035560607910156	20960	1938.0993151664734	18819	10.214694656488561	
-1150427.2633459577	97.325	8.0375	103.45	66.35	-54.01714476716659	262	122	143	14	217	139	51	7	79	51	0	0	7.101787328720093	21040	1945.2011024951935	18892	10.209125475285177	
-1487757.660649898	98.3125	7.775	101.8625	65.1625	-54.01714476716659	263	122	131	11	216	135	63	7	82	53	0	0	6.160025596618652	21120	1951.3611280918121	18957	10.241477272727266	
-1912848.5014347092	97.2625	8.2	107.9375	69.0375	-54.01714476716659	264	122	129	13	278	175	65	7	80	52	0	0	7.9395012855529785	21200	1959.300629377365	19027	10.25	
-1600374.2003696437	97.4875	8.5375	117.825	74.9	-54.01714476716659	265	122	133	14	248	151	61	7	79	51	0	0	7.372375726699829	21280	1966.673005104065	19099	10.24906015037594	
-2087826.2260672427	95.0625	8.139240506329115	105.20253164556962	67.27848101265823	-54.01714476716659	266	123	140	13.0	248.0	151.0	54	7.0	80.0	52.0	0	0	6.3404319286346436	21360	1973.0134370326996	19165	10.276217228464418	
-1887835.7368757115	97.2375	8.139240506329115	110.39240506329114	70.44303797468355	-54.01714476716659	267	124	138	15.0	307.0	189.0	61	7.0	82.0	53.0	0	0	7.159668922424316	21440	1980.173105955124	19234	10.289179104477611	
-2137829.67012461	97.0	8.375	113.2	72.125	-54.01714476716659	268	124	127	14	248	151	67	7	82	53	0	0	8.5098237991333	21520	1988.6829297542572	19309	10.274163568773233	
-2037867.4830717624	97.1	8.3375	118.0625	75.0125	-54.01714476716659	269	124	151	13	270	169	37	7	82	53	0	0	7.580211877822876	21600	1996.26314163208	19376	10.29629629629629	
-900438.8322453748	97.25	7.95	110.475	70.2625	-54.01714476716659	270	124	157	11	248	151	37	7	82	53	0	0	6.902259588241577	21680	2003.1654012203217	19446	10.304428044280442	
-1925334.561672405	101.3625	8.25	108.5125	69.35	-54.01714476716659	271	124	163	15	293	185	80	7	79	51	0	0	7.130228757858276	21760	2010.29562997818	19519	10.298713235294116	
-2387772.67152025	100.025	8.0	104.5875	66.875	-54.01714476716659	272	124	176	13	248	151	77	7	82	53	0	0	6.229031562805176	21840	2016.524661540985	19583	10.33424908424908	
-1300366.1873423073	98.6	8.1625	108.8375	69.5125	-54.01714476716659	273	124	174	16	239	155	67	7	74	48	0	0	7.768908262252808	21920	2024.293569803238	19648	10.364963503649633	
-1450350.3662263383	97.0	8.4	117.1125	74.5	-54.01714476716659	274	124	156	15	284	180	38	7	82	53	0	0	6.76010274887085	22000	2031.0536725521088	19716	10.381818181818176	
-1575298.727571518	99.4	8.0375	107.875	68.6625	-54.01714476716659	275	124	156	14	248	152	76	7	74	48	0	0	7.000232219696045	22080	2038.0539047718048	19787	10.384963768115938	
-1475424.213449626	98.5375	8.2125	113.2625	72.1	-54.01714476716659	276	124	156	13	294	184	67	7	82	53	0	0	7.185930967330933	22160	2045.2398357391357	19857	10.392599277978348	
-1100475.2440265971	98.4375	8.1875	112.725	71.7875	-54.01714476716659	277	124	156	13	274	169	58	7	82	53	0	0	7.183715105056763	22240	2052.4235508441925	19925	10.4091726618705	
-1750419.529290087	98.7625	8.354430379746836	115.9620253164557	73.77215189873418	-54.01714476716659	278	125	156	16.0	250.0	162.0	50	7.0	79.0	51.0	0	0	7.834906101226807	22320	2060.2584569454193	19988	10.448028673835125	
-1862762.0396939304	97.4875	8.325	111.675	71.4	-54.01714476716659	279	125	125	16	248	160	74	7	79	51	0	0	7.400198221206665	22400	2067.658655166626	20061	10.441964285714292	
-1713014.4395262059	96.7125	8.15	106.625	68.2	-54.01714476716659	280	125	131	15	248	151	63	7	82	53	0	0	7.002805471420288	22480	2074.6614606380463	20134	10.435943060498218	
-1287848.138196039	97.3125	8.0	109.45	69.675	-54.01714476716659	281	125	143	15	282	175	60	7	82	53	0	0	6.635825157165527	22560	2081.297285795212	20201	10.45656028368795	
-1425339.937564234	97.075	8.0	104.55	66.825	-54.01714476716659	282	125	124	14	316	196	70	7	82	53	0	0	7.455579996109009	22640	2088.752865791321	20269	10.472614840989408	
-1462742.8548176861	96.6	8.1125	109.9	69.95	-54.01714476716659	283	125	128	15	264	164	66	7	82	53	0	0	6.709769010543823	22720	2095.4626348018646	20336	10.492957746478865	
-1950389.5154718435	97.075	8.225	111.2125	70.8875	-54.01714476716659	284	125	129	14	269	167	71	7	82	53	0	0	7.2520270347595215	22800	2102.714661836624	20405	10.504385964912274	
-1150372.6575577739	97.025	8.025	105.8625	67.7125	-54.01714476716659	285	125	140	14	248	151	54	7	82	53	0	0	6.310500860214233	22880	2109.0251626968384	20472	10.524475524475534	
-1887844.598157943	96.45	7.987341772151899	107.62025316455696	68.64556962025317	-54.01714476716659	286	126	109	15.0	287.0	182.0	75	7.0	82.0	53.0	0	0	6.468649625778198	22960	2115.4938123226166	20538	10.548780487804876	
-1537857.0051714815	96.55	8.275	111.0625	70.85	-54.01714476716659	287	126	123	12	271	166	71	7	74	48	0	0	8.07071566581726	23040	2123.564527988434	20608	10.555555555555557	
-1950358.2890440952	97.15	8.45	118.2875	75.1625	-54.01714476716659	288	126	134	15	248	151	60	7	82	53	0	0	6.957072973251343	23120	2130.521600961685	20676	10.570934256055367	
-1662839.5378120376	96.8375	8.325	113.7125	72.55	-54.01714476716659	289	126	148	15	266	166	46	7	80	52	0	0	6.781151533126831	23200	2137.302752494812	20745	10.581896551724128	
-1962836.2790365568	96.175	7.9625	102.375	65.5625	-54.01714476716659	290	126	119	14	230	145	64	7	74	48	0	0	6.791540622711182	23280	2144.094293117523	20816	10.584192439862534	
-1075418.3672487873	97.225	7.75	101.1375	64.6125	-54.01714476716659	291	126	115	13	272	168	79	7	74	48	0	0	6.357134819030762	23360	2150.451427936554	20883	10.603595890410958	
-1700305.750414017	96.7	8.2375	110.3	70.1875	-54.01714476716659	292	126	127	14	293	179	67	7	82	53	0	0	8.099363803863525	23440	2158.5507917404175	20949	10.627133105802045	
-1850369.6477681093	95.8375	8.175	111.2875	70.8	-54.01714476716659	293	126	155	11	248	151	39	7	82	53	0	0	7.397923469543457	23520	2165.948715209961	21019	10.633503401360542	
-2100403.776950362	97.0625	8.179487179487179	109.05128205128206	69.62820512820512	-54.01714476716659	294	128	145	12.0	236.0	146.0	52	7.0	82.0	53.0	0	0	7.053829669952393	23600	2173.0025448799133	21089	10.639830508474574	
-2037766.413141183	98.4375	8.2	110.1	70.1625	-54.01714476716659	295	128	145	12	220	137	57	7	74	48	0	0	7.372203588485718	23680	2180.374748468399	21161	10.63766891891892	
-2225386.4195761075	97.65	8.5375	119.9	76.225	-54.01714476716659	296	128	127	13	283	175	67	7	79	51	0	0	8.765097379684448	23760	2189.1398458480835	21232	10.639730639730644	
-2162974.1202092664	97.8	8.582278481012658	119.89873417721519	76.13924050632912	-54.01714476716659	297	129	126	13.0	259.0	160.0	62	7.0	82.0	53.0	0	0	7.178120374679565	23840	2196.317966222763	21302	10.645973154362423	
-2050379.4629458846	97.2125	7.9875	102.8875	65.9875	-54.01714476716659	298	129	114	13	274	173	80	7	80	52	0	0	6.5782387256622314	23920	2202.8962049484253	21371	10.656354515050168	
-1537961.707417251	97.4375	8.0	106.1625	67.9375	-54.01714476716659	299	129	140	18	239	151	54	7	82	53	0	0	6.511506080627441	24000	2209.4077110290527	21439	10.670833333333334	
-2062832.6887777857	98.7	8.0375	105.85	67.675	-54.01714476716659	300	129	135	13	220	136	59	7	82	53	0	0	6.427547454833984	24080	2215.8352584838867	21505	10.693521594684384	
-1462972.2770780842	100.0375	7.925	104.85	66.8875	-54.01714476716659	301	129	135	12	271	166	67	7	82	53	0	0	7.669718980789185	24160	2223.504977464676	21566	10.736754966887418	
-1412881.744499286	98.35	8.2125	116.1	73.7375	-54.01714476716659	302	129	144	13	271	166	61	7	82	53	0	0	7.0383734703063965	24240	2230.5433509349823	21632	10.759075907590756	
-1237911.9886398255	98.1	8.025	107.075	68.2625	-54.01714476716659	303	129	157	16	271	166	54	7	82	53	0	0	6.990368604660034	24320	2237.5337195396423	21702	10.764802631578945	
-2637788.322132982	96.75	8.3	113.825	72.4625	-54.01714476716659	304	129	140	13	258	159	56	7	80	52	0	0	7.4662253856658936	24400	2244.9999449253082	21775	10.758196721311478	
-1825298.6876111082	96.75	8.2875	110.25	70.225	-54.01714476716659	305	129	136	15	258	158	58	7	80	52	0	0	7.840532064437866	24480	2252.840476989746	21842	10.776143790849673	
-1375497.4111386803	96.975	8.2375	111.3875	70.925	-54.01714476716659	306	129	143	13	265	162	51	7	82	53	0	0	7.360998630523682	24560	2260.20147562027	21911	10.785830618892504	
-2150297.026396119	96.9375	8.3125	112.6375	71.7375	-54.01714476716659	307	129	140	12	249	152	54	7	80	52	0	0	6.913335561752319	24640	2267.114811182022	21979	10.799512987012989	
-1675347.3684800523	97.85	8.215189873417721	107.46835443037975	68.65822784810126	-54.01714476716659	308	130	151	12.0	225.0	138.0	43	7.0	82.0	53.0	0	0	7.206619739532471	24720	2274.3214309215546	22049	10.805016181229774	
-1850402.3380600289	96.775	8.2875	110.2125	70.225	-54.01714476716659	309	130	129	15	249	155	65	7	82	53	0	0	7.5099499225616455	24800	2281.831380844116	22122	10.798387096774192	
-1400335.7466045115	97.4	8.3875	118.1125	75.0375	-54.01714476716659	310	130	129	12	283	175	71	7	74	48	0	0	8.586021900177002	24880	2290.417402744293	22190	10.811897106109328	
-2212815.983411755	97.75	8.65	121.7875	77.2375	-54.01714476716659	311	130	137	13	310	191	57	7	82	53	0	0	7.267293691635132	24960	2297.6846964359283	22261	10.813301282051285	
-1787802.497015629	97.6	8.69620253164557	122.73417721518987	77.79746835443038	-54.01714476716659	312	131	143	16.0	316.0	193.0	44	7.0	82.0	53.0	0	0	7.175870895385742	25040	2304.860567331314	22329	10.826677316293924	
-2562856.6963754194	98.5	8.3375	110.45	70.5	-54.01714476716659	313	131	144	13	237	146	55	7	74	48	0	0	7.180615425109863	25120	2312.041182756424	22399	10.83200636942675	
-1450412.0443367045	97.2875	8.2125	109.6	69.975	-54.01714476716659	314	131	120	12	246	153	77	7	82	53	0	0	7.671464204788208	25200	2319.712646961212	22467	10.845238095238102	
-2475403.521540578	98.7	8.810126582278482	128.49367088607596	81.34177215189874	-54.01714476716659	315	132	161	13.0	248.0	151.0	33	7.0	79.0	51.0	0	0	7.5966808795928955	25280	2327.309327840805	22536	10.854430379746844	
-2012822.820329973	97.6	8.45	117.1125	74.325	-54.01714476716659	316	132	118	13	273	168	71	7	79	51	0	0	7.236336708068848	25360	2334.545664548874	22604	10.867507886435334	
-2287793.894752695	96.3125	8.759493670886076	123.73417721518987	78.41772151898734	-54.01714476716659	317	133	128	15.0	311.0	199.0	61	7.0	80.0	52.0	0	0	7.593361139297485	25440	2342.1390256881714	22673	10.876572327044016	
-2412757.861825685	94.2375	8.2875	111.5	70.925	-54.01714476716659	318	133	120	14	248	151	63	7	82	53	0	0	7.26746678352356	25520	2349.406492471695	22742	10.885579937304072	
-1775402.4233026486	96.2875	8.3875	109.525	69.725	-54.01714476716659	319	133	128	15	248	151	43	7	80	52	0	0	8.68429684638977	25600	2358.0907893180847	22815	10.87890625	
-1012846.1420660533	97.1625	8.329113924050633	115.27848101265823	73.17721518987342	-54.01714476716659	320	134	160	15.0	271.0	170.0	34	7.0	82.0	53.0	0	0	6.998517751693726	25680	2365.0893070697784	22885	10.883956386292837	
-1487900.9847787921	97.7875	8.2375	111.1125	70.7875	-54.01714476716659	321	134	143	14	281	172	72	7	80	52	0	0	7.309895277023315	25760	2372.3992023468018	22956	10.885093167701868	
-1525389.6115236394	96.8625	8.0375	104.4125	66.8375	-54.01714476716659	322	134	128	14	240	153	66	7	80	52	0	0	6.452291250228882	25840	2378.8514935970306	23023	10.901702786377712	
-2100389.9167547203	96.1125	8.425	113.775	72.6375	-54.01714476716659	323	134	130	16	263	166	64	7	82	53	0	0	8.298100709915161	25920	2387.149594306946	23093	10.90663580246914	
-1525361.5386656753	97.15	8.2	113.3125	72.2375	-54.01714476716659	324	134	121	15	296	186	73	7	82	53	0	0	6.819848537445068	26000	2393.969442844391	23160	10.92307692307692	
-1675431.2959030368	96.6	8.1875	109.025	69.6875	-54.01714476716659	325	134	127	14	272	166	67	7	80	52	0	0	7.417810678482056	26080	2401.387253522873	23231	10.924079754601223	
-1050365.9876927037	97.625	8.3	114.2	72.7625	-54.01714476716659	326	134	148	15	308	188	46	7	82	53	0	0	6.852853298187256	26160	2408.24010682106	23299	10.936544342507645	
-1475366.3391307122	97.475	8.1875	108.975	69.525	-54.01714476716659	327	134	127	13	281	173	67	7	82	53	0	0	6.860193490982056	26240	2415.1003003120422	23368	10.94512195121952	
-1037845.7035950341	97.975	8.1	112.475	71.5625	-54.01714476716659	328	134	127	14	293	181	67	7	82	53	0	0	8.689216375350952	26320	2423.789516687393	23443	10.930851063829778	
-2087807.3089533492	96.9625	8.15	106.125	67.9375	-54.01714476716659	329	134	137	13	235	143	70	7	82	53	0	0	6.2487218379974365	26400	2430.0382385253906	23504	10.969696969696969	
-1137792.9273693168	96.65	8.15	107.7125	68.775	-54.01714476716659	330	134	131	11	269	166	63	7	82	53	0	0	6.548583269119263	26480	2436.58682179451	23572	10.981873111782477	
-1762854.427699625	96.925	8.275	111.9125	71.4	-54.01714476716659	331	134	141	14	250	157	50	7	74	48	0	0	6.711858034133911	26560	2443.298679828644	23640	10.993975903614455	
-1862788.098164574	97.325	8.2375	108.4875	69.2625	-54.01714476716659	332	134	136	15	248	151	58	7	82	53	0	0	7.602410793304443	26640	2450.9010906219482	23709	11.002252252252248	
-1775388.8210913676	97.0	8.2	111.525	71.0375	-54.01714476716659	333	134	123	15	249	161	71	7	80	52	0	0	7.2208638191223145	26720	2458.1219544410706	23776	11.017964071856284	
-1400306.7479289947	97.35	7.8875	102.5	65.6	-54.01714476716659	334	134	117	14	271	169	77	7	82	53	0	0	6.13999342918396	26800	2464.2619478702545	23838	11.052238805970148	
-2100374.820269094	97.775	7.7875	100.5125	64.4125	-54.01714476716659	335	134	155	11	240	147	39	7	80	52	0	0	6.757292747497559	26880	2471.019240617752	23910	11.049107142857139	
-1512893.7053598063	98.0625	7.9875	104.9625	67.0125	-54.01714476716659	336	134	142	13	261	161	72	7	82	53	0	0	6.511037588119507	26960	2477.5302782058716	23977	11.06454005934718	
-1875386.7180458433	97.375	7.9375	102.2375	65.5125	-54.01714476716659	337	134	130	12	261	161	49	7	82	53	0	0	7.362000942230225	27040	2484.892279148102	24043	11.083579881656803	
-2037796.7486877334	97.8	8.375	110.375	70.6125	-54.01714476716659	338	134	127	14	260	164	71	7	74	48	0	0	6.8287353515625	27120	2491.7210144996643	24109	11.102507374631259	
-1500363.5463662103	97.325	8.544303797468354	117.44303797468355	74.60759493670886	-54.01714476716659	339	135	147	15.0	250.0	161.0	47	7.0	74.0	48.0	0	0	7.115687370300293	27200	2498.8367018699646	24180	11.102941176470594	
-1737901.798569894	99.4625	8.6	118.9	75.65	-54.01714476716659	340	135	176	15	246	151	61	7	82	53	0	0	7.078902244567871	27280	2505.9156041145325	24249	11.110703812316714	
-2437924.593165154	97.45	8.417721518987342	112.55696202531645	71.83544303797468	-54.01714476716659	341	136	182	13.0	201.0	130.0	12	7.0	82.0	53.0	0	0	6.903275728225708	27360	2512.818879842758	24318	11.118421052631575	
-2162857.0089320536	97.375	8.139240506329115	108.72151898734177	69.35443037974683	-54.01714476716659	342	137	163	14.0	280.0	172.0	42	7.0	79.0	51.0	0	0	8.205799579620361	27440	2521.0246794223785	24385	11.133381924198247	
-2150307.758997063	98.2875	8.2125	107.775	68.9	-54.01714476716659	343	137	161	12	225	139	33	7	82	53	0	0	6.719008684158325	27520	2527.743688106537	24451	11.151889534883722	
-1600375.515193909	96.9875	7.975	107.05	68.2625	-54.01714476716659	344	137	141	11	248	151	65	7	82	53	0	0	6.685338258743286	27600	2534.42902636528	24521	11.155797101449267	
-2275334.503010905	97.175	8.423076923076923	111.66666666666667	71.2948717948718	-54.01714476716659	345	139	169	13.0	258.0	158.0	25	7.0	79.0	51.0	0	0	6.75198769569397	27680	2541.181014060974	24586	11.177745664739874	
-1850414.266369981	97.4	8.0625	107.5875	68.6625	-54.01714476716659	346	139	153	12	243	155	58	7	82	53	0	0	7.015940427780151	27760	2548.1969544887543	24656	11.181556195965413	
-1637891.375368606	96.675	8.0875	106.2375	67.975	-54.01714476716659	347	139	128	12	231	143	66	7	82	53	0	0	7.357769727706909	27840	2555.554724216461	24725	11.188936781609186	
-1437946.2553189115	95.125	7.9125	105.9375	67.4625	-54.01714476716659	348	139	139	13	267	169	55	7	82	53	0	0	6.383926630020142	27920	2561.9386508464813	24790	11.210601719197712	
-2275489.59774794	96.075	8.3625	114.0125	72.525	-54.01714476716659	349	139	138	13	248	152	56	7	74	48	0	0	7.156687259674072	28000	2569.0953381061554	24862	11.207142857142856	
-1725355.5988855273	95.4625	8.455696202531646	112.58227848101266	71.86075949367088	-54.01714476716659	350	140	147	14.0	244.0	156.0	47	7.0	74.0	48.0	0	0	6.687984943389893	28080	2575.7833230495453	24929	11.221509971509974	
-1962934.2843582511	96.7625	8.025	106.4375	68.0	-54.01714476716659	351	140	131	11	201	127	63	7	82	53	0	0	7.749751567840576	28160	2583.533074617386	25001	11.218039772727266	
-2775314.337730758	97.3	8.153846153846153	108.16666666666667	69.08974358974359	-54.01714476716659	352	142	161	15.0	309.0	191.0	33	7.0	82.0	53.0	0	0	7.125094890594482	28240	2590.6581695079803	25069	11.228753541076486	
-2125383.1670981282	97.925	8.175	111.65	71.0125	-54.01714476716659	353	142	166	17	289	176	65	7	74	48	0	0	6.994706630706787	28320	2597.652876138687	25139	11.23234463276836	
-1512794.507310129	96.575	8.116883116883116	104.07792207792208	66.46753246753246	-54.01714476716659	354	145	131	15.0	248.0	151.0	56	7.0	82.0	53.0	0	0	6.079688787460327	28400	2603.7325649261475	25199	11.271126760563376	
-1450222.6066115426	96.8875	7.9	98.7375	63.2625	-54.01714476716659	355	145	120	14	248	151	74	7	82	53	0	0	6.028149843215942	28480	2609.7607147693634	25263	11.295646067415731	
-1950311.84338362	97.0	8.20253164556962	109.83544303797468	70.07594936708861	-54.01714476716659	356	146	134	14.0	255.0	159.0	60	7.0	74.0	48.0	0	0	7.2633936405181885	28560	2617.0241084098816	25325	11.327030812324935	
-1850368.4499751597	97.15	8.1	111.9125	71.1625	-54.01714476716659	357	146	126	16	391	240	68	7	80	52	0	0	6.9900994300842285	28640	2624.014207839966	25391	11.344273743016771	
-1862882.9806829412	97.2625	8.375	113.1	72.2125	-54.01714476716659	358	146	145	13	248	151	49	7	82	53	0	0	7.207366228103638	28720	2631.2215740680695	25463	11.340529247910865	
-2037837.775023053	96.6375	8.341772151898734	110.10126582278481	70.40506329113924	-54.01714476716659	359	147	129	14.0	283.0	177.0	69	7.0	80.0	52.0	0	0	6.8791985511779785	28800	2638.1007726192474	25531	11.350694444444443	
-1225343.0749495707	96.725	8.1125	112.525	71.5	-54.01714476716659	360	147	134	12	248	151	60	7	82	53	0	0	7.15233039855957	28880	2645.253103017807	25596	11.371191135734065	
-1050376.9516831436	97.0875	8.325	117.4625	74.3875	-54.01714476716659	361	147	125	14	258	156	69	7	80	52	0	0	7.736722946166992	28960	2652.989825963974	25660	11.395027624309392	
-1350384.1172898635	98.1	8.1875	108.4125	69.1	-54.01714476716659	362	147	134	15	238	154	60	7	82	53	0	0	6.523234605789185	29040	2659.513060569763	25726	11.41184573002755	
-1175384.6352756587	98.375	7.8625	103.375	66.0125	-54.01714476716659	363	147	121	14	248	151	83	7	82	53	0	0	5.857557535171509	29120	2665.3706181049347	25789	11.43887362637362	
-1150416.0798659106	97.275	7.9875	105.3375	67.275	-54.01714476716659	364	147	119	11	248	151	75	7	82	53	0	0	6.4898905754089355	29200	2671.8605086803436	25855	11.455479452054789	
-1687808.9255124398	97.0	8.051282051282051	110.76923076923077	70.51282051282051	-54.01714476716659	365	149	139	12.0	271.0	170.0	55	7.0	82.0	53.0	0	0	7.207297325134277	29280	2679.067806005478	25918	11.482240437158481	
-1850236.3407102178	98.725	8.1375	110.7125	70.4875	-54.01714476716659	366	149	150	13	248	151	71	7	82	53	0	0	7.121152400970459	29360	2686.1889584064484	25986	11.491825613079016	
-1375267.0421654643	96.6875	7.9375	103.7125	66.4125	-54.01714476716659	367	149	124	14	230	147	70	7	80	52	0	0	5.85313081741333	29440	2692.0420892238617	26049	11.518342391304344	
-1887957.4457808018	97.0	8.075949367088608	107.37974683544304	68.51898734177215	-54.01714476716659	368	150	125	13.0	243.0	149.0	69	7.0	74.0	48.0	0	0	6.696422815322876	29520	2698.7385120391846	26116	11.531165311653112	
-1150372.605389881	96.8	8.3	116.225	73.825	-54.01714476716659	369	150	128	13	252	159	66	7	82	53	0	0	7.035861968994141	29600	2705.7743740081787	26183	11.54391891891892	
-1037961.9205113625	97.25	8.2875	112.6375	71.6125	-54.01714476716659	370	150	115	14	231	143	79	7	82	53	0	0	7.868975877761841	29680	2713.6433498859406	26250	11.55660377358491	
-1700333.8990654163	96.425	8.075	110.2625	70.1125	-54.01714476716659	371	150	132	11	231	143	62	7	82	53	0	0	7.035161018371582	29760	2720.678510904312	26320	11.55913978494624	
-1075476.0921802975	97.875	7.975	106.175	67.625	-54.01714476716659	372	150	132	12	218	135	66	7	80	52	0	0	6.700046062469482	29840	2727.3785569667816	26387	11.571715817694368	
-1375346.0636623031	96.9625	7.886075949367089	103.12658227848101	65.81012658227849	-54.01714476716659	373	151	135	14.0	248.0	151.0	59	7.0	79.0	51.0	0	0	6.022674322128296	29920	2733.40123128891	26450	11.597593582887697	
-2350360.7994949985	97.0	8.175	111.925	71.3125	-54.01714476716659	374	151	134	14	381	234	60	7	80	52	0	0	6.6613404750823975	30000	2740.0625717639923	26515	11.61666666666666	
-1325393.3992660302	97.0	8.2125	115.625	73.45	-54.01714476716659	375	151	131	15	407	248	63	7	82	53	0	0	8.125823259353638	30080	2748.188395023346	26583	11.625664893617014	
-1437762.0101212342	97.0	8.175	109.8625	70.075	-54.01714476716659	376	151	142	15	240	149	52	7	82	53	0	0	6.841467618942261	30160	2755.029862642288	26652	11.631299734748012	
-1637773.7182584566	97.7375	8.240506329113924	112.65822784810126	71.64556962025317	-54.01714476716659	377	152	132	15.0	305.0	191.0	64	7.0	82.0	53.0	0	0	6.757439613342285	30240	2761.7873022556305	26717	11.650132275132279	
-1887743.3211454235	98.175	8.325	110.925	70.725	-54.01714476716659	378	152	132	14	248	151	77	7	79	51	0	0	6.652379989624023	30320	2768.4396822452545	26782	11.668865435356196	
-1537970.5665066799	97.85	8.275	111.4625	71.15	-54.01714476716659	379	152	136	14	248	151	58	7	80	52	0	0	6.373276710510254	30400	2774.8129589557648	26845	11.694078947368425	
-1687809.507130925	97.5625	8.367088607594937	113.81012658227849	72.44303797468355	-54.01714476716659	380	153	126	14.0	300.0	183.0	68	7.0	82.0	53.0	0	0	7.662969350814819	30480	2782.4759283065796	26906	11.725721784776894	
-1750432.4251464582	97.0	8.225	112.2125	71.375	-54.01714476716659	381	153	149	14	267	162	45	7	82	53	0	0	6.558901071548462	30560	2789.034829378128	26969	11.750654450261777	
-1287808.4477004008	99.7	8.225	112.6375	71.525	-54.01714476716659	382	153	140	14	360	216	64	7	82	53	0	0	6.696266412734985	30640	2795.731095790863	27033	11.772193211488243	
-1487834.927404015	97.6	8.2375	111.2	70.7625	-54.01714476716659	383	153	167	14	241	151	54	7	82	53	0	0	6.7967469692230225	30720	2802.527842760086	27099	11.787109375	
-1675377.5422741107	95.875	8.278481012658228	115.0506329113924	73.0632911392405	-54.01714476716659	384	154	124	13.0	285.0	175.0	54	7.0	82.0	53.0	0	0	7.564505338668823	30800	2810.092348098755	27167	11.795454545454547	
-2000422.9770462415	98.5875	8.275	111.5625	71.3375	-54.01714476716659	385	154	147	22	343	218	48	7	82	53	0	0	7.576235771179199	30880	2817.668583869934	27237	11.797279792746124	
-2000407.217761966	99.85	8.265822784810126	110.0253164556962	70.27848101265823	-54.01714476716659	386	155	128	15.0	241.0	154.0	66	7.0	79.0	51.0	0	0	6.76222038269043	30960	2824.4308042526245	27303	11.812015503875969	
-1475493.8176597594	97.75	8.025	106.275	68.0625	-54.01714476716659	387	155	144	15	258	168	60	7	79	51	0	0	6.93845272064209	31040	2831.3692569732666	27373	11.813788659793815	
-1387774.9250856133	98.2	7.7974683544303796	103.35443037974683	66.07594936708861	-54.01714476716659	388	156	171	12.0	252.0	158.0	23	7.0	82.0	53.0	0	0	6.136735677719116	31120	2837.5059926509857	27438	11.83161953727506	
-1975458.4215567086	96.3	8.15	111.9875	71.3375	-54.01714476716659	389	156	135	14	271	169	59	7	74	48	0	0	7.887683153152466	31200	2845.393675804138	27508	11.833333333333329	
-850277.2007377313	98.1	7.9113924050632916	106.0632911392405	67.54430379746836	-54.01714476716659	390	157	175	10.0	265.0	165.0	19	7.0	82.0	53.0	0	0	6.86829686164856	31280	2852.2619726657867	27577	11.838235294117652	
-1937816.3482994803	100.1125	8.316455696202532	111.62025316455696	71.25316455696202	-54.01714476716659	391	158	162	14.0	215.0	131.0	53	7.0	82.0	53.0	0	0	6.772885084152222	31360	2859.034857749939	27647	11.839923469387756	
-1925305.8761315509	98.6	8.2625	109.2625	69.8	-54.01714476716659	392	158	140	15	264	160	65	7	82	53	0	0	6.029081344604492	31440	2865.0639390945435	27709	11.86704834605598	
-2337817.6658298364	99.0625	8.253164556962025	112.67088607594937	71.86075949367088	-54.01714476716659	393	159	140	14.0	255.0	163.0	56	7.0	79.0	51.0	0	0	6.52987265586853	31520	2871.593811750412	27776	11.878172588832498	
-1525330.3833414717	99.7	8.1875	111.6625	71.0625	-54.01714476716659	394	159	140	11	248	151	68	7	82	53	0	0	7.689149618148804	31600	2879.282961368561	27841	11.89556962025317	
-1675327.1631304156	98.6125	7.875	103.0	65.7375	-54.01714476716659	395	159	131	11	248	151	90	7	74	48	0	0	6.420539379119873	31680	2885.7035007476807	27906	11.912878787878782	
-2012926.91640857	97.375	8.0	104.7125	66.875	-54.01714476716659	396	159	127	13	206	130	73	7	82	53	0	0	6.7240564823150635	31760	2892.4275572299957	27975	11.917506297229224	
-1387942.0034843243	97.5375	7.95	105.7	67.425	-54.01714476716659	397	159	131	13	248	151	63	7	79	51	0	0	7.134767293930054	31840	2899.562324523926	28046	11.915829145728637	
-1138001.9378416731	98.6375	7.975	107.1625	68.525	-54.01714476716659	398	159	145	16	326	203	49	7	79	51	0	0	5.855704307556152	31920	2905.418028831482	28105	11.951754385964904	
-1750323.6784568436	98.575	7.975	104.95	67.05	-54.01714476716659	399	159	124	15	207	132	70	7	82	53	0	0	7.134134531021118	32000	2912.552163362503	28166	11.981250000000003	
-1650367.46890794	96.4	7.89873417721519	102.54430379746836	65.55696202531645	-54.01714476716659	400	160	124	11.0	246.0	151.0	70	7.0	82.0	53.0	0	0	6.097192287445068	32080	2918.649355649948	28229	12.004364089775564	
-1825390.6398057737	96.85	8.20253164556962	107.69620253164557	68.86075949367088	-54.01714476716659	401	161	142	16.0	248.0	151.0	52	7.0	74.0	48.0	0	0	6.395233869552612	32160	2925.0445895195007	28294	12.021144278606968	
-1612887.7163974307	95.325	8.316455696202532	120.37974683544304	76.45569620253164	-54.01714476716659	402	162	125	15.0	338.0	211.0	57	7.0	82.0	53.0	0	0	6.606417894363403	32240	2931.651007413864	28360	12.034739454094293	
-1850393.9012771647	97.1875	8.175	109.6	69.8375	-54.01714476716659	403	162	128	15	268	166	66	7	82	53	0	0	6.870504140853882	32320	2938.521511554718	28429	12.038985148514854	
-1362908.639716294	96.9375	8.063291139240507	109.29113924050633	69.50632911392405	-54.01714476716659	404	163	135	13.0	248.0	151.0	52	7.0	82.0	53.0	0	0	8.405574083328247	32400	2946.9270856380463	28500	12.037037037037038	
-1787870.794829461	100.2875	8.164556962025317	112.69620253164557	71.53164556962025	-54.01714476716659	405	164	144	11.0	248.0	151.0	48	7.0	82.0	53.0	0	0	7.085342645645142	32480	2954.0124282836914	28571	12.035098522167488	
-2212827.339041119	100.05	8.320512820512821	113.44871794871794	72.28205128205128	-54.01714476716659	406	166	171	15.0	265.0	170.0	23	7.0	82.0	53.0	0	0	7.205006837844849	32560	2961.2174351215363	28639	12.042383292383292	
-1487921.4357890112	97.775	8.1375	107.3875	68.6	-54.01714476716659	407	166	129	14	230	146	65	7	82	53	0	0	7.128154039382935	32640	2968.345589160919	28711	12.037377450980387	
-1512854.7774479087	97.9875	7.85	100.7625	64.5875	-54.01714476716659	408	166	128	14	271	170	50	7	74	48	0	0	6.807551383972168	32720	2975.1531405448914	28780	12.041564792176047	
-1187856.9419120923	98.4375	8.325	114.375	72.65	-54.01714476716659	409	166	131	16	263	162	66	7	82	53	0	0	7.761141300201416	32800	2982.914281845093	28848	12.048780487804876	
-1475360.068790802	97.575	8.139240506329115	109.21518987341773	69.59493670886076	-54.01714476716659	410	167	123	14.0	257.0	160.0	71	7.0	82.0	53.0	0	0	6.556654691696167	32880	2989.470936536789	28913	12.06508515815085	
-1900373.7693616734	96.85	8.025	106.2125	67.7875	-54.01714476716659	411	167	114	14	248	151	80	7	74	48	0	0	6.280390024185181	32960	2995.751326560974	28977	12.084344660194176	
-1925329.244172892	96.9	7.810126582278481	101.81012658227849	65.12658227848101	-54.01714476716659	412	168	145	11.0	197.0	124.0	45	7.0	82.0	53.0	0	0	6.4447009563446045	33040	3002.1960275173187	29041	12.103510895883772	
-2287892.987449785	96.35	7.924050632911392	103.31645569620254	66.15189873417721	-54.01714476716659	413	169	121	13.0	250.0	159.0	45	7.0	80.0	52.0	0	0	7.5433642864227295	33120	3009.7393918037415	29112	12.101449275362313	
-1575503.7188020707	97.0	8.2	109.325	69.9	-54.01714476716659	414	169	136	15	269	166	58	7	82	53	0	0	7.323546409606934	33200	3017.0629382133484	29177	12.117469879518069	
-1363010.162399978	97.0	8.075	111.475	71.0	-54.01714476716659	415	169	128	14	281	174	66	7	82	53	0	0	6.797488451004028	33280	3023.8604266643524	29244	12.127403846153854	
-1800375.9319790907	97.0	8.10126582278481	107.0886075949367	68.40506329113924	-54.01714476716659	416	170	143	12.0	200.0	124.0	51	7.0	82.0	53.0	0	0	6.712723255157471	33360	3030.57314991951	29312	12.134292565947248	
-1625416.007912148	97.0	8.05	109.4875	69.75	-54.01714476716659	417	170	136	13	228	140	58	7	82	53	0	0	6.750438451766968	33440	3037.323588371277	29379	12.144138755980862	
-2387853.4935245877	97.0	8.3375	114.525	72.7875	-54.01714476716659	418	170	131	14	235	149	63	7	82	53	0	0	8.081286430358887	33520	3045.4048748016357	29448	12.14797136038186	
-2387867.253639838	95.95	8.333333333333334	117.43589743589743	74.6025641025641	-54.01714476716659	419	172	140	14.0	266.0	167.0	32	7.0	82.0	53.0	0	0	6.973100423812866	33600	3052.3779752254486	29517	12.151785714285708	
-1725334.4532199048	97.0	8.1	104.2875	66.6625	-54.01714476716659	420	172	126	12	230	142	68	7	82	53	0	0	6.446065425872803	33680	3058.8240406513214	29582	12.16745843230403	
-2175439.0509433374	96.6625	8.3125	108.775	69.55	-54.01714476716659	421	172	150	13	286	175	44	7	82	53	0	0	6.621721029281616	33760	3065.445761680603	29648	12.180094786729853	
-1525551.04678549	97.25	8.2125	106.825	68.1625	-54.01714476716659	422	172	119	12	248	151	75	7	82	53	0	0	6.303063869476318	33840	3071.7488255500793	29713	12.195626477541367	
-1562845.9644955755	97.8	8.455696202531646	115.0506329113924	73.15189873417721	-54.01714476716659	423	173	151	12.0	264.0	160.0	43	7.0	79.0	51.0	0	0	8.350465774536133	33920	3080.0992913246155	29782	12.199292452830193	
-1825273.2977019656	97.8375	8.425	112.625	71.8	-54.01714476716659	424	173	134	17	355	218	70	7	82	53	0	0	6.719547271728516	34000	3086.818838596344	29849	12.20882352941176	
-2187881.4026397103	99.7625	8.6625	114.875	73.15	-54.01714476716659	425	173	127	15	437	268	67	7	80	52	0	0	6.877695083618164	34080	3093.696533679962	29920	12.206572769953056	
-2075302.170249945	100.5	8.569620253164556	112.25316455696202	71.60759493670886	-54.01714476716659	426	174	150	17.0	280.0	172.0	52	7.0	82.0	53.0	0	0	6.609705209732056	34160	3100.306238889694	29987	12.216042154566736	
-1925271.5204592205	98.425	8.215189873417721	104.67088607594937	67.0632911392405	-54.01714476716659	427	175	160	14.0	251.0	160.0	44	7.0	82.0	53.0	0	0	6.328968286514282	34240	3106.6352071762085	30047	12.245911214953281	
-1287855.5134027516	97.1	8.0	109.1125	69.4125	-54.01714476716659	428	175	113	12	214	133	73	7	82	53	0	0	7.033000946044922	34320	3113.6682081222534	30111	12.263986013986013	
-1012780.2266641654	97.375	7.95	102.1	65.2375	-54.01714476716659	429	175	133	15	248	154	61	7	82	53	0	0	6.365194797515869	34400	3120.0334029197693	30177	12.276162790697668	
-1637777.3946317406	97.3625	7.975	105.25	67.275	-54.01714476716659	430	175	120	12	234	146	74	7	82	53	0	0	6.467669248580933	34480	3126.50107216835	30241	12.29408352668213	
-2000389.0212074153	97.15	8.075	105.75	67.625	-54.01714476716659	431	175	127	13	248	151	67	7	82	53	0	0	6.718462228775024	34560	3133.2195343971252	30310	12.29745370370371	
-1587871.6348366602	97.1875	8.050632911392405	105.56962025316456	67.48101265822785	-54.01714476716659	432	176	176	14.0	274.0	170.0	28	7.0	82.0	53.0	0	0	6.247563600540161	34640	3139.4670979976654	30371	12.323903002309464	
-1537913.0370955283	97.45	7.9625	103.3125	66.225	-54.01714476716659	433	176	136	14	237	147	58	7	80	52	0	0	7.545878648757935	34720	3147.0129766464233	30438	12.332949308755758	
-1562792.7675430882	97.825	7.9125	103.8625	66.3625	-54.01714476716659	434	176	136	13	258	158	73	7	80	52	0	0	6.726416826248169	34800	3153.7393934726715	30509	12.330459770114942	
-1500401.6752663073	96.5875	8.2	109.8125	70.1	-54.01714476716659	435	176	131	15	275	169	63	7	82	53	0	0	6.885113716125488	34880	3160.624507188797	30576	12.33944954128441	
-1600296.9455012772	96.025	8.0125	109.075	69.5	-54.01714476716659	436	176	144	15	248	151	50	7	82	53	0	0	6.485699653625488	34960	3167.1102068424225	30643	12.348398169336377	
-1362925.312488682	97.0	7.9375	107.7125	68.6125	-54.01714476716659	437	176	133	16	291	184	61	7	79	51	0	0	7.51016902923584	35040	3174.6203758716583	30709	12.360159817351601	
-1300312.869754898	98.1625	8.2125	109.9625	70.2375	-54.01714476716659	438	176	137	13	210	128	57	7	82	53	0	0	6.664076805114746	35120	3181.284452676773	30774	12.374715261958997	
-1412831.700766052	97.15	8.15	110.95	70.5625	-54.01714476716659	439	176	124	13	269	167	70	7	80	52	0	0	6.79392409324646	35200	3188.0783767700195	30842	12.380681818181813	
-1750274.8054500595	97.3875	7.9875	106.375	67.9875	-54.01714476716659	440	176	153	15	341	215	43	7	80	52	0	0	6.1546008586883545	35280	3194.232977628708	30906	12.397959183673464	
-1125293.0881524116	97.8125	8.075	109.0875	69.4125	-54.01714476716659	441	176	177	11	207	129	51	7	82	53	0	0	6.539581537246704	35360	3200.7725591659546	30973	12.406674208144793	
-1462747.9281734251	96.425	7.825	103.0375	65.7875	-54.01714476716659	442	176	124	11	248	151	51	7	82	53	0	0	7.44346022605896	35440	3208.2160193920135	31042	12.409706546275387	
-1862817.2139338136	96.75	8.151898734177216	106.67088607594937	68.0506329113924	-54.01714476716659	443	177	163	14.0	182.0	113.0	31	7.0	80.0	52.0	0	0	7.329583406448364	35520	3215.545602798462	31114	12.40427927927928	
-1750440.883042572	96.8375	8.225	116.1125	73.7	-54.01714476716659	444	177	176	12	248	151	45	7	80	52	0	0	7.490090370178223	35600	3223.03569316864	31187	12.396067415730343	
-2137950.4880140135	96.475	8.4	114.6625	72.9875	-54.01714476716659	445	177	131	15	290	181	58	7	82	53	0	0	6.9240803718566895	35680	3229.959773540497	31258	12.393497757847541	
-1250388.5998646342	97.7	8.0	108.9	69.4125	-54.01714476716659	446	177	125	15	261	166	80	7	82	53	0	0	6.424714803695679	35760	3236.3844883441925	31324	12.40492170022371	
-1287936.646381833	97.8875	8.4	114.225	72.9125	-54.01714476716659	447	177	135	14	289	180	59	7	82	53	0	0	8.545569896697998	35840	3244.9300582408905	31394	12.40513392857143	
-2150412.1377176484	101.75	8.7375	127.7875	80.9875	-54.01714476716659	448	177	148	15	272	166	46	7	82	53	0	0	7.725509405136108	35920	3252.6555676460266	31466	12.399777282850778	
-1987949.9314494885	101.95	8.49367088607595	123.56962025316456	78.43037974683544	-54.01714476716659	449	178	155	14.0	273.0	167.0	39	7.0	82.0	53.0	0	0	6.854029655456543	36000	3259.509597301483	31531	12.413888888888891	
-1925299.8560708344	102.075	8.2125	116.0625	73.875	-54.01714476716659	450	178	144	12	248	151	72	7	80	52	0	0	7.058837413787842	36080	3266.568434715271	31601	12.414079822616415	
-1587757.9293362394	100.45	8.2375	110.6125	70.675	-54.01714476716659	451	178	167	15	271	174	60	7	82	53	0	0	7.5161988735198975	36160	3274.084633588791	31664	12.43362831858407	
-1250343.039508535	96.975	8.050632911392405	107.81012658227849	68.73417721518987	-54.01714476716659	452	179	137	13.0	279.0	169.0	57	7.0	82.0	53.0	0	0	6.736169099807739	36240	3280.8208026885986	31731	12.442052980132445	
-1987850.7874748583	97.525	8.325	111.8875	71.3625	-54.01714476716659	453	179	155	13	250	157	47	7	80	52	0	0	6.195478200912476	36320	3287.016280889511	31792	12.466960352422902	
-1425306.0999044233	97.1625	8.225	114.2625	72.55	-54.01714476716659	454	179	114	15	280	172	80	7	82	53	0	0	6.1350157260894775	36400	3293.1512966156006	31853	12.491758241758248	
-1600319.0464557726	97.7875	8.4	114.5625	72.8625	-54.01714476716659	455	179	133	15	273	168	61	7	82	53	0	0	6.634616136550903	36480	3299.7859127521515	31921	12.497258771929822	
-1800317.721994365	97.45	8.3	113.7375	72.175	-54.01714476716659	456	179	146	14	242	147	51	7	80	52	0	0	8.044817209243774	36560	3307.8307299613953	31989	12.502735229759296	
-1450378.8255265832	97.875	8.0875	113.425	72.2	-54.01714476716659	457	179	141	15	282	175	53	7	82	53	0	0	6.605420351028442	36640	3314.4361503124237	32057	12.508187772925766	
-1975356.110845951	97.275	7.9875	105.6875	67.5875	-54.01714476716659	458	179	154	12	212	132	70	7	80	52	0	0	6.481738328933716	36720	3320.9178886413574	32123	12.519063180827885	
-1775461.8221390978	96.875	7.9125	103.75	66.35	-54.01714476716659	459	179	134	12	190	118	60	7	82	53	0	0	6.634092092514038	36800	3327.5519807338715	32193	12.519021739130437	
-1312903.0371559784	96.9375	7.8375	100.5	64.45	-54.01714476716659	460	179	130	14	237	149	64	7	82	53	0	0	6.4767515659332275	36880	3334.0287322998047	32261	12.52440347071584	
-1412892.9719601858	96.15	8.475	120.1	76.25	-54.01714476716659	461	179	142	15	344	207	52	7	82	53	0	0	8.310600996017456	36960	3342.339333295822	32331	12.524350649350652	
-1862907.195407272	98.225	8.3375	117.1	74.4	-54.01714476716659	462	179	134	12	255	160	78	7	82	53	0	0	7.215251922607422	37040	3349.5545852184296	32401	12.524298056155502	
-1762862.829174044	96.85	8.425	114.6875	73.1125	-54.01714476716659	463	179	136	15	278	179	58	7	82	53	0	0	6.704490423202515	37120	3356.259075641632	32467	12.535021551724128	
-1487848.4529574949	97.0	8.405063291139241	117.41772151898734	74.44303797468355	-54.01714476716659	464	180	172	16.0	248.0	151.0	22	7.0	82.0	53.0	0	0	6.974734783172607	37200	3363.2338104248047	32530	12.553763440860209	
-1712731.3168624074	98.4	8.60759493670886	124.10126582278481	78.62025316455696	-54.01714476716659	465	181	172	16.0	279.0	177.0	30	7.0	82.0	53.0	0	0	8.149441003799438	37280	3371.383251428604	32594	12.569742489270382	
-1575416.307020997	97.9375	8.1875	110.775	70.5125	-54.01714476716659	466	181	172	12	191	117	60	7	82	53	0	0	6.728707551956177	37360	3378.1119589805603	32662	12.574946466809422	
-1850352.3134187558	97.7	8.4875	119.2125	75.65	-54.01714476716659	467	181	134	15	248	151	60	7	82	53	0	0	6.463247537612915	37440	3384.575206518173	32726	12.590811965811966	
-2012740.9191575204	97.4375	8.3875	113.375	72.1625	-54.01714476716659	468	181	142	14	269	166	52	7	82	53	0	0	6.949452638626099	37520	3391.5246591567993	32793	12.59861407249467	
-1900500.9070536208	97.925	8.15	109.5125	69.75	-54.01714476716659	469	181	133	14	248	151	61	7	82	53	0	0	6.723261833190918	37600	3398.2479209899902	32859	12.609042553191486	
-1687891.690002318	97.9375	8.6875	121.525	77.175	-54.01714476716659	470	181	126	16	258	160	75	7	74	48	0	0	8.437707662582397	37680	3406.6856286525726	32929	12.608811040339702	
-2562903.244791482	96.75	8.7125	124.625	79.0125	-54.01714476716659	471	181	135	16	368	221	59	7	82	53	0	0	7.486334323883057	37760	3414.1719629764557	32998	12.611228813559322	
-1600378.3472068317	96.9125	8.3625	120.575	76.2875	-54.01714476716659	472	181	136	16	368	221	58	7	79	51	0	0	7.214037656784058	37840	3421.3860006332397	33065	12.618921775898514	
-1550391.729354861	98.4625	8.05	112.375	71.475	-54.01714476716659	473	181	148	12	272	166	46	7	82	53	0	0	6.4511213302612305	37920	3427.837121963501	33126	12.642405063291136	
-1687849.0391405732	97.3875	8.125	108.4125	69.1875	-54.01714476716659	474	181	136	12	258	162	55	7	82	53	0	0	5.764671802520752	38000	3433.6017937660217	33182	12.678947368421063	
-1162890.2652915244	98.7625	7.8375	104.0375	66.4375	-54.01714476716659	475	181	140	12	249	155	89	7	82	53	0	0	6.43609881401062	38080	3440.0378925800323	33243	12.702205882352942	
-837871.3929393578	97.0625	8.15	112.9875	71.7875	-54.01714476716659	476	181	135	15	300	185	65	7	82	53	0	0	6.458417892456055	38160	3446.4963104724884	33307	12.717505241090137	
-2025402.934740901	96.7625	8.2625	113.4875	72.1375	-54.01714476716659	477	181	135	15	280	175	44	7	80	52	0	0	6.984644889831543	38240	3453.48095536232	33375	12.722280334728026	
-2575422.1828346984	96.75	8.405063291139241	117.92405063291139	75.0	-54.01714476716659	478	182	142	13.0	259.0	163.0	52	7.0	79.0	51.0	0	0	7.2440783977508545	38320	3460.725033760071	33444	12.724425887265127	
-1875421.2135926646	97.3	8.375	115.1375	73.3375	-54.01714476716659	479	182	130	18	383	242	62	7	82	53	0	0	8.686925649642944	38400	3469.4119594097137	33516	12.71875	
-1888066.9002009076	98.2125	8.2875	108.8375	69.475	-54.01714476716659	480	182	134	13	271	166	60	7	79	51	0	0	7.454320430755615	38480	3476.8662798404694	33590	12.707900207900195	
-2787826.8416190003	98.1375	8.49367088607595	114.54430379746836	72.89873417721519	-54.01714476716659	481	183	153	15.0	264.0	166.0	45	7.0	74.0	48.0	0	0	7.096071720123291	38560	3483.9623515605927	33656	12.717842323651453	
-1537895.4642924725	100.9625	8.425	117.075	74.3	-54.01714476716659	482	183	140	15	344	207	54	7	82	53	0	0	7.2370219230651855	38640	3491.199373483658	33726	12.717391304347828	
-975432.1472033474	101.1375	8.225	112.8375	71.7375	-54.01714476716659	483	183	140	17	239	150	63	7	82	53	0	0	6.345738649368286	38720	3497.545112133026	33790	12.732438016528931	
-1350323.4870593345	99.85	8.15	108.4375	69.1625	-54.01714476716659	484	183	140	15	262	161	79	7	80	52	0	0	8.167558431625366	38800	3505.7126705646515	33861	12.729381443298976	
-1925259.7512621451	99.925	8.35	112.5125	71.6875	-54.01714476716659	485	183	140	13	248	151	66	7	79	51	0	0	6.762769460678101	38880	3512.4754400253296	33927	12.739197530864203	
-1837878.0909293755	99.3125	7.810126582278481	100.74683544303798	64.54430379746836	-54.01714476716659	486	184	140	11.0	182.0	114.0	56	7.0	82.0	53.0	0	0	5.992437362670898	38960	3518.4678773880005	33989	12.759240246406563	
-1612802.7005769564	98.0875	7.925	102.425	65.55	-54.01714476716659	487	184	156	11	205	126	75	7	74	48	0	0	6.0054097175598145	39040	3524.4732871055603	34052	12.776639344262293	
-1287696.5424332363	96.5	7.95	107.45	68.4375	-54.01714476716659	488	184	124	11	249	153	70	7	80	52	0	0	6.029718637466431	39120	3530.5030057430267	34115	12.7939672801636	
-2237841.224398326	96.875	8.2	110.5875	70.4875	-54.01714476716659	489	184	118	14	230	143	71	7	82	53	0	0	7.971837043762207	39200	3538.474842786789	34182	12.801020408163268	
-937972.5221362731	97.5625	7.95	105.7875	67.425	-54.01714476716659	490	184	112	14	271	166	85	7	82	53	0	0	6.695111274719238	39280	3545.169954061508	34246	12.815682281059054	
-1500278.7740435894	97.0	8.1625	113.275	71.95	-54.01714476716659	491	184	130	13	244	150	64	7	79	51	0	0	6.900439977645874	39360	3552.070394039154	34314	12.820121951219505	
-1350394.906673309	97.0	7.775	101.6375	65.0125	-54.01714476716659	492	184	111	12	218	139	83	7	82	53	0	0	6.0966856479644775	39440	3558.1670796871185	34377	12.837221095334684	
-1325382.1258670017	97.0	8.0	104.45	66.675	-54.01714476716659	493	184	142	11	248	151	52	7	82	53	0	0	6.610166549682617	39520	3564.777246236801	34446	12.839068825910928	
-1462879.7404219657	98.125	8.0625	109.95	70.125	-54.01714476716659	494	184	142	14	263	166	61	7	82	53	0	0	7.704403877258301	39600	3572.4816501140594	34511	12.85101010101009	
-1600321.0334820976	97.1	7.9	104.4875	66.9	-54.01714476716659	495	184	156	11	284	177	38	7	82	53	0	0	6.214296579360962	39680	3578.6959466934204	34575	12.865423387096769	
-2137858.070125661	97.0	8.240506329113924	111.35443037974683	70.92405063291139	-54.01714476716659	496	185	149	14.0	248.0	151.0	45	7.0	82.0	53.0	0	0	6.10125732421875	39760	3584.797204017639	34637	12.884808853118713	
-1425353.4187175033	97.375	8.2625	113.8625	72.375	-54.01714476716659	497	185	135	14	219	138	59	7	82	53	0	0	6.818363666534424	39840	3591.6155676841736	34703	12.894076305220878	
-2200375.638127561	98.15	8.240506329113924	110.18987341772151	70.18987341772151	-54.01714476716659	498	186	159	13.0	248.0	151.0	35	7.0	82.0	53.0	0	0	7.292229890823364	39920	3598.907797574997	34772	12.895791583166329	
-1750402.081930644	97.0	8.45	116.9375	74.1625	-54.01714476716659	499	186	137	14	283	175	57	7	82	53	0	0	8.57719898223877	40000	3607.4849965572357	34844	12.89	
-2125284.2460143175	97.0	8.6875	121.1375	76.725	-54.01714476716659	500	186	131	19	344	207	63	7	74	48	0	0	7.244829416275024	40080	3614.7298259735107	34914	12.889221556886227	
-2187859.6311901896	96.55	8.3375	112.4	71.8125	-54.01714476716659	501	186	146	15	281	182	48	7	79	51	0	0	6.580801486968994	40160	3621.3106274604797	34981	12.89591633466135	
-1925251.947582102	95.525	8.2	105.5375	67.675	-54.01714476716659	502	186	141	15	235	152	53	7	80	52	0	0	6.292243480682373	40240	3627.602870941162	35047	12.905069582504964	
-1412847.4461481208	96.6125	7.810126582278481	101.89873417721519	65.21518987341773	-54.01714476716659	503	187	131	11.0	248.0	151.0	63	7.0	82.0	53.0	0	0	7.53266453742981	40320	3635.135535478592	35111	12.919146825396822	
-1387813.7232642344	95.2375	7.8125	102.325	65.3375	-54.01714476716659	504	187	115	13	248	151	66	7	82	53	0	0	6.190063714981079	40400	3641.325599193573	35175	12.933168316831683	
-1237838.848946365	96.6125	8.3	114.6375	73.0125	-54.01714476716659	505	187	123	13	254	158	71	7	82	53	0	0	6.450207710266113	40480	3647.775806903839	35238	12.949604743083	
-1212817.76541929	96.775	7.9113924050632916	105.89873417721519	67.63291139240506	-54.01714476716659	506	188	129	13.0	248.0	151.0	65	7.0	82.0	53.0	0	0	6.254451274871826	40560	3654.030258178711	35303	12.961045364891518	
-937903.526692939	96.2125	7.9125	106.6125	67.9375	-54.01714476716659	507	188	130	14	245	151	64	7	82	53	0	0	6.110048055648804	40640	3660.1403062343597	35365	12.979822834645674	
-1400266.631230963	96.8375	7.810126582278481	102.0126582278481	65.16455696202532	-54.01714476716659	508	189	137	14.0	301.0	182.0	57	7.0	82.0	53.0	0	0	6.84803581237793	40720	3666.9883420467377	35424	13.005893909626721	
-2175342.3329599383	97.0	8.175	107.975	68.95	-54.01714476716659	509	189	135	14	221	138	59	7	82	53	0	0	7.011392116546631	40800	3673.9997341632843	35494	13.00490196078431	
-2175309.0093001183	101.2125	8.35	110.825	70.825	-54.01714476716659	510	189	146	14	240	151	69	7	82	53	0	0	7.150283575057983	40880	3681.1500177383423	35564	13.003913894324853	
-1325407.1552799526	103.2375	8.125	111.6	71.1625	-54.01714476716659	511	189	146	10	192	119	66	7	82	53	0	0	6.6533918380737305	40960	3687.803409576416	35633	13.00537109375	
-1312787.7382259748	100.75	8.15	109.45	69.875	-54.01714476716659	512	189	127	12	248	151	70	7	82	53	0	0	6.302696704864502	41040	3694.1061062812805	35696	13.021442495126706	
-1412804.4896961984	98.1625	7.925	104.3875	66.65	-54.01714476716659	513	189	132	12	248	151	62	7	79	51	0	0	7.6421217918396	41120	3701.74822807312	35760	13.035019455252922	
-1462780.8376961187	98.3875	8.0875	106.8	68.1125	-54.01714476716659	514	189	172	13	238	147	52	7	74	48	0	0	6.362146377563477	41200	3708.1103744506836	35824	13.048543689320397	
-2100328.2220956283	96.65	8.5625	116.6	74.0875	-54.01714476716659	515	189	130	13	238	148	64	7	82	53	0	0	7.1594908237457275	41280	3715.2698652744293	35895	13.045058139534888	
-1100405.267067665	98.5125	8.405063291139241	116.16455696202532	73.86075949367088	-54.01714476716659	516	190	162	13.0	266.0	169.0	32	7.0	82.0	53.0	0	0	7.090939283370972	41360	3722.3608045578003	35962	13.051257253384918	
-1837774.2184346616	97.6	8.0375	105.875	67.6375	-54.01714476716659	517	190	161	12	248	151	41	7	74	48	0	0	8.194807767868042	41440	3730.5556123256683	36032	13.050193050193045	
-1150424.33053246	97.0	7.975	106.1625	67.75	-54.01714476716659	518	190	142	14	253	156	65	7	82	53	0	0	6.66618800163269	41520	3737.221800327301	36098	13.0587668593449	
-1700414.9344284416	95.7125	8.253164556962025	115.13924050632912	73.11392405063292	-54.01714476716659	519	191	132	16.0	360.0	222.0	46	7.0	82.0	53.0	0	0	6.767276048660278	41600	3743.9890763759613	36165	13.06490384615384	
-1862781.5363590296	97.8875	8.30379746835443	115.87341772151899	73.55696202531645	-54.01714476716659	520	192	159	16.0	359.0	220.0	29	7.0	79.0	51.0	0	0	7.133959770202637	41680	3751.123036146164	36233	13.06861804222649	
-1987868.0091350146	97.95	8.6375	128.1125	81.0	-54.01714476716659	521	192	127	16	395	246	67	7	82	53	0	0	8.540477752685547	41760	3759.6635138988495	36306	13.060344827586206	
-2387911.795095534	97.3875	8.45	120.1375	76.325	-54.01714476716659	522	192	140	13	322	199	54	7	82	53	0	0	8.466306924819946	41840	3768.1298208236694	36377	13.056883365200761	
-1512827.38708833	99.1125	8.189873417721518	110.24050632911393	70.51898734177215	-54.01714476716659	523	193	142	14.0	245.0	151.0	52	7.0	74.0	48.0	0	0	6.8303093910217285	41920	3774.960130214691	36447	13.055820610687022	
-1950303.1644666072	99.9	8.1375	109.9875	70.1625	-54.01714476716659	524	193	156	13	342	210	69	7	82	53	0	0	6.777576446533203	42000	3781.7377066612244	36516	13.05714285714285	
-2775274.0608936693	100.2125	8.455696202531646	114.11392405063292	72.69620253164557	-54.01714476716659	525	194	146	14.0	248.0	151.0	29	7.0	82.0	53.0	0	0	7.084720849990845	42080	3788.822427511215	36584	13.060836501901136	
-1362867.8522124167	100.45	8.4125	115.1375	73.2	-54.01714476716659	526	194	137	11	245	151	73	7	82	53	0	0	8.211580753326416	42160	3797.0340082645416	36651	13.066888045540793	
-1812955.6309028447	103.6375	8.375	110.825	70.775	-54.01714476716659	527	194	148	13	248	151	64	7	82	53	0	0	6.789768695831299	42240	3803.823776960373	36720	13.068181818181827	
-1237887.3434174217	105.375	8.25	110.025	70.1375	-54.01714476716659	528	194	179	15	247	155	55	7	80	52	0	0	6.394631862640381	42320	3810.2184088230133	36786	13.076559546313803	
-1700413.886924869	108.2	8.25	109.2625	69.7125	-54.01714476716659	529	194	163	14	281	173	71	7	82	53	0	0	6.742991924285889	42400	3816.961400747299	36854	13.080188679245282	
-1775401.366666412	109.3	8.15	106.7125	68.3	-54.01714476716659	530	194	197	13	216	132	63	7	80	52	0	0	6.813170433044434	42480	3823.7745711803436	36918	13.093220338983045	
-1725347.8529983032	99.575	8.35	114.875	73.075	-54.01714476716659	531	194	153	14	248	151	62	7	82	53	0	0	7.4758524894714355	42560	3831.250423669815	36985	13.099154135338338	
-1612879.694208417	96.7875	8.1	109.4125	69.75	-54.01714476716659	532	194	146	16	286	184	48	7	82	53	0	0	6.400555372238159	42640	3837.650979042053	37049	13.11210131332082	
-2062774.657623148	97.0625	8.175	110.975	70.7875	-54.01714476716659	533	194	134	13	360	220	60	7	79	51	0	0	7.4748694896698	42720	3845.125848531723	37119	13.110955056179776	
-1037859.9402954883	97.25	7.8875	106.175	67.65	-54.01714476716659	534	194	127	13	258	158	67	7	82	53	0	0	6.12934684753418	42800	3851.255195379257	37182	13.126168224299064	
-775278.6080031439	97.075	7.7	97.5125	62.45	-54.01714476716659	535	194	134	14	200	123	60	7	80	52	0	0	6.3632378578186035	42880	3857.618433237076	37242	13.148320895522389	
-1900329.8891534605	97.7125	8.025	104.1	66.625	-54.01714476716659	536	194	116	14	232	147	81	7	82	53	0	0	7.192351818084717	42960	3864.8107850551605	37312	13.147113594040974	
-2212860.186559433	96.8625	8.3625	113.4125	72.45	-54.01714476716659	537	194	141	13	262	166	53	7	82	53	0	0	6.974734544754028	43040	3871.7855195999146	37384	13.141263940520446	
-1500474.7996873823	96.225	8.4375	115.9375	73.8625	-54.01714476716659	538	194	178	14	232	144	32	7	82	53	0	0	7.093578100204468	43120	3878.879097700119	37454	13.140074211502778	
-1475323.0102250583	96.4125	8.3375	116.8875	74.0875	-54.01714476716659	539	194	137	14	290	175	57	7	82	53	0	0	7.1438024044036865	43200	3886.0229001045227	37521	13.145833333333329	
-1212873.9468540412	97.8375	8.15	111.8375	71.15	-54.01714476716659	540	194	131	13	290	175	53	7	82	53	0	0	8.014788389205933	43280	3894.0376884937286	37588	13.151571164510173	
-1412823.1509072625	97.0	8.15	110.0125	70.0875	-54.01714476716659	541	194	115	13	257	165	79	7	79	51	0	0	6.566905736923218	43360	3900.604594230652	37654	13.15959409594096	
-1612849.4330657676	96.575	8.075	109.3375	69.7125	-54.01714476716659	542	194	150	12	226	141	27	7	80	52	0	0	6.6949591636657715	43440	3907.2995533943176	37719	13.16988950276243	
-1637730.9013342827	96.9875	8.126582278481013	110.36708860759494	70.35443037974683	-54.01714476716659	543	195	150	13.0	231.0	143.0	44	7.0	80.0	52.0	0	0	6.280892372131348	43520	3913.580445766449	37783	13.182444852941174	
-1437915.7691883524	97.0875	7.949367088607595	104.58227848101266	66.88607594936708	-54.01714476716659	544	196	144	11.0	248.0	151.0	50	7.0	82.0	53.0	0	0	6.33252739906311	43600	3919.912973165512	37848	13.192660550458712	
-2162850.2138386276	97.7125	8.227848101265822	112.0886075949367	71.48101265822785	-54.01714476716659	545	197	165	15.0	280.0	178.0	34	7.0	74.0	48.0	0	0	7.98160719871521	43680	3927.8945803642273	37912	13.205128205128204	
-2062934.7035379116	97.5125	8.1875	112.0125	71.275	-54.01714476716659	546	197	123	14	403	246	71	7	79	51	0	0	6.949106931686401	43760	3934.8436872959137	37979	13.210694698354658	
-1950332.8330261044	97.0	8.10126582278481	103.82278481012658	66.46835443037975	-54.01714476716659	547	198	131	15.0	269.0	172.0	63	7.0	80.0	52.0	0	0	6.175123453140259	43840	3941.018810749054	38045	13.21852189781022	
-2175280.5512561165	97.0	8.05	106.375	67.9125	-54.01714476716659	548	198	120	12	211	130	74	7	80	52	0	0	6.5671608448028564	43920	3947.585971593857	38112	13.224043715846989	
-1962850.5008120812	97.0	8.0625	111.5375	70.925	-54.01714476716659	549	198	157	12	248	151	37	7	74	48	0	0	6.7773425579071045	44000	3954.363314151764	38179	13.229545454545459	
-1937869.1404911783	96.1875	8.278481012658228	112.88607594936708	71.88607594936708	-54.01714476716659	550	199	134	15.0	274.0	168.0	60	7.0	80.0	52.0	0	0	7.646805763244629	44080	3962.0101199150085	38242	13.24410163339384	
-1300471.2750070258	96.8625	8.3125	115.6	73.3125	-54.01714476716659	551	199	131	15	344	207	77	7	82	53	0	0	6.950967788696289	44160	3968.961087703705	38307	13.25407608695653	
-1475358.133756515	95.575	8.45	116.8375	74.2375	-54.01714476716659	552	199	129	16	265	165	54	7	82	53	0	0	6.704783916473389	44240	3975.665871620178	38370	13.268535262206143	
-2737799.5973647973	95.6125	8.3	109.9875	70.375	-54.01714476716659	553	199	117	14	285	175	54	7	74	48	0	0	7.208686590194702	44320	3982.874558210373	38443	13.260379061371836	
-1487770.9647155134	97.025	8.153846153846153	102.16666666666667	65.58974358974359	-54.01714476716659	554	201	170	15.0	233.0	146.0	24	7.0	82.0	53.0	0	0	6.896207094192505	44400	3989.7707653045654	38511	13.263513513513516	
-1662782.876717241	98.1375	8.225	108.2375	69.175	-54.01714476716659	555	201	170	15	247	150	59	7	82	53	0	0	7.350858688354492	44480	3997.12162399292	38576	13.273381294964025	
-1412860.5986378617	98.825	7.975	104.7	66.9	-54.01714476716659	556	201	170	11	248	151	60	7	80	52	0	0	6.545699119567871	44560	4003.667323112488	38643	13.27872531418312	
-1425320.7215654713	97.0	8.3125	110.225	70.275	-54.01714476716659	557	201	117	14	248	151	77	7	82	53	0	0	6.855160713195801	44640	4010.5224838256836	38711	13.281810035842284	
-1475376.6058622822	97.0	7.9	105.6875	67.2875	-54.01714476716659	558	201	114	10	237	147	80	7	74	48	0	0	6.859956502914429	44720	4017.382440328598	38782	13.278175313059037	
-2450432.615293206	97.0	8.625	125.1625	79.2875	-54.01714476716659	559	201	139	14	290	181	40	7	82	53	0	0	8.645917177200317	44800	4026.0283575057983	38848	13.285714285714292	
-1687994.770525505	99.5625	7.975	105.6875	67.575	-54.01714476716659	560	201	135	12	273	170	59	7	82	53	0	0	6.409637212753296	44880	4032.4379947185516	38914	13.293226381461679	
-1437886.5790730698	96.225	8.225	109.725	69.975	-54.01714476716659	561	201	138	14	293	184	56	7	74	48	0	0	6.8175928592681885	44960	4039.25558757782	38981	13.29848754448399	
-1425422.4177923808	97.8375	7.9125	102.875	65.675	-54.01714476716659	562	201	120	14	267	162	72	7	82	53	0	0	5.6493611335754395	45040	4044.9049487113953	39039	13.323712255772648	
-2237792.974073159	97.0	8.15	107.9125	68.8125	-54.01714476716659	563	201	136	14	280	170	58	7	82	53	0	0	6.2312939167022705	45120	4051.1362426280975	39102	13.337765957446805	
-787899.1506198208	97.3125	7.725	104.2375	66.5	-54.01714476716659	564	201	109	11	283	175	74	7	82	53	0	0	7.086397171020508	45200	4058.222639799118	39165	13.351769911504434	
-1350374.8554767116	96.9625	8.126582278481013	110.45569620253164	70.32911392405063	-54.01714476716659	565	202	141	14.0	248.0	154.0	53	7.0	82.0	53.0	0	0	6.448873043060303	45280	4064.6715128421783	39230	13.361307420494697	
-2600422.8776340345	96.1625	8.375	114.9625	73.2625	-54.01714476716659	566	202	127	15	248	151	67	7	82	53	0	0	6.9509971141815186	45360	4071.62250995636	39299	13.361992945326278	
-1463002.4036793895	96.125	8.075	107.8375	68.675	-54.01714476716659	567	202	139	13	283	175	26	7	80	52	0	0	6.598257303237915	45440	4078.220767259598	39365	13.36927816901408	
-1525317.2232819307	97.25	7.7	96.925	62.225	-54.01714476716659	568	202	140	13	240	146	54	7	82	53	0	0	6.24313759803772	45520	4084.4639048576355	39429	13.380931458699479	
-2125422.9952474274	97.0	8.1625	110.6	70.5125	-54.01714476716659	569	202	125	13	285	178	69	7	82	53	0	0	7.75231409072876	45600	4092.2162189483643	39495	13.388157894736835	
-925339.6503468042	95.95	8.2125	112.825	71.8	-54.01714476716659	570	202	130	15	326	203	64	7	82	53	0	0	6.52781343460083	45680	4098.744032382965	39560	13.397548161120838	
-1775393.298009847	96.175	8.55	118.6875	75.2625	-54.01714476716659	571	202	132	15	272	165	57	7	82	53	0	0	7.118598222732544	45760	4105.862630605698	39629	13.398164335664333	
-2262865.683663318	96.2375	8.525	112.275	71.3875	-54.01714476716659	572	202	126	15	248	151	68	7	74	48	0	0	7.4112184047698975	45840	4113.2738490104675	39701	13.39223385689354	
-2187819.1403305447	97.0375	8.7125	122.9125	77.775	-54.01714476716659	573	202	123	15	280	180	58	7	80	52	0	0	8.701253652572632	45920	4121.97510266304	39775	13.38196864111498	
-1462912.84331937	97.8	8.3625	117.3125	74.1625	-54.01714476716659	574	202	146	13	285	175	46	7	82	53	0	0	7.679409980773926	46000	4129.654512643814	39841	13.3891304347826	
-2200344.713356321	98.175	8.2	107.1125	68.45	-54.01714476716659	575	202	148	13	214	135	46	7	82	53	0	0	6.813772678375244	46080	4136.468285322189	39911	13.387586805555557	
-1850289.2017919905	98.725	7.9875	101.5125	64.9625	-54.01714476716659	576	202	122	12	215	131	77	7	82	53	0	0	6.514867067337036	46160	4142.983152389526	39979	13.390381282495667	
-1562833.5868939743	96.75	7.7625	98.6375	63.2	-54.01714476716659	577	202	123	12	219	136	71	7	80	52	0	0	6.254323244094849	46240	4149.237475633621	40042	13.403979238754332	
-1862815.3489520394	97.0	8.2625	113.725	72.4125	-54.01714476716659	578	202	145	15	297	191	49	7	82	53	0	0	7.751658201217651	46320	4156.989133834839	40103	13.421848013816927	
-1887844.6939377554	97.0	7.85	100.6625	64.45	-54.01714476716659	579	202	119	12	243	151	75	7	82	53	0	0	6.2412261962890625	46400	4163.230360031128	40167	13.433189655172413	
-2112808.2694118335	96.9	8.175	111.2875	70.8375	-54.01714476716659	580	202	123	13	229	142	71	7	82	53	0	0	6.646524906158447	46480	4169.876884937286	40233	13.440189328743543	
-2137833.6493614158	97.375	8.075	110.45	70.3375	-54.01714476716659	581	202	138	13	303	187	56	7	79	51	0	0	6.589974880218506	46560	4176.466859817505	40298	13.449312714776624	
-1500320.688575162	97.175	7.9375	106.3125	67.7875	-54.01714476716659	582	202	116	11	248	151	78	7	80	52	0	0	7.342461585998535	46640	4183.809321403503	40363	13.458404802744425	
-1512870.731723088	96.65	8.325	111.0	70.8875	-54.01714476716659	583	202	123	13	248	151	65	7	82	53	0	0	7.4797043800354	46720	4191.289025783539	40432	13.458904109589042	
-1650368.287870578	96.125	8.0125	106.0	67.75	-54.01714476716659	584	202	114	19	289	186	65	7	82	53	0	0	6.267267227172852	46800	4197.556293010712	40497	13.467948717948715	
-1650403.181134831	97.025	8.075	108.3375	69.275	-54.01714476716659	585	202	129	15	303	191	65	7	74	48	0	0	6.706472158432007	46880	4204.262765169144	40565	13.470563139931741	
-1887840.7437224141	96.6375	8.125	111.3	70.8875	-54.01714476716659	586	202	120	14	269	166	74	7	74	48	0	0	6.422234535217285	46960	4210.684999704361	40628	13.483816013628626	
-1462970.4977406075	96.7	8.525	118.5	75.475	-54.01714476716659	587	202	135	15	235	144	44	7	82	53	0	0	8.257196426391602	47040	4218.942196130753	40698	13.482142857142847	
-1212797.1240577959	98.3375	7.9375	105.175	67.0625	-54.01714476716659	588	202	149	11	221	135	60	7	82	53	0	0	6.904304504394531	47120	4225.846500635147	40765	13.48684210526315	
-1925410.0651021872	98.6625	8.2	107.7625	68.8875	-54.01714476716659	589	202	159	15	233	144	40	7	82	53	0	0	6.379722356796265	47200	4232.226222991943	40830	13.495762711864415	
-1525411.493210214	98.4375	7.975	103.5125	66.2125	-54.01714476716659	590	202	119	13	226	140	75	7	82	53	0	0	6.491907596588135	47280	4238.7181305885315	40898	13.498307952622667	
-1787792.7615457699	97.7125	8.15	109.25	69.7125	-54.01714476716659	591	202	118	12	277	175	76	7	82	53	0	0	6.534908056259155	47360	4245.253038644791	40964	13.505067567567565	
-1337933.666838538	97.0375	7.925	107.6625	68.575	-54.01714476716659	592	202	161	11	199	124	40	7	82	53	0	0	7.499742269515991	47440	4252.752780914307	41028	13.516020236087684	
-1275258.105956332	97.225	8.2625	116.275	73.9375	-54.01714476716659	593	202	125	15	235	152	69	7	82	53	0	0	6.453377723693848	47520	4259.2061586380005	41093	13.524831649831654	
-1462962.56316279	98.05	8.189873417721518	108.40506329113924	69.27848101265823	-54.01714476716659	594	203	138	14.0	248.0	151.0	56	7.0	82.0	53.0	0	0	6.566567659378052	47600	4265.7727262973785	41159	13.531512605042025	
-1425389.2668717385	97.975	8.012658227848101	105.69620253164557	67.68354430379746	-54.01714476716659	595	204	140	11.0	283.0	175.0	54	7.0	82.0	53.0	0	0	6.204143285751343	47680	4271.97686958313	41223	13.542365771812086	
-2075442.2315816185	97.4875	8.3375	118.5	75.3875	-54.01714476716659	596	204	122	12	283	175	72	7	82	53	0	0	6.635237216949463	47760	4278.612106800079	41285	13.557370184254609	
-1212926.313957461	96.9875	8.0125	105.075	67.125	-54.01714476716659	597	204	117	15	250	161	77	7	82	53	0	0	7.558828115463257	47840	4286.170934915543	41348	13.570234113712374	
-1925538.6581514522	97.0	8.125	106.0125	67.8875	-54.01714476716659	598	204	115	16	353	228	79	7	82	53	0	0	6.443603277206421	47920	4292.614538192749	41415	13.57470784641069	
-1912800.2153107915	97.25	8.050632911392405	103.35443037974683	66.16455696202532	-54.01714476716659	599	205	140	14.0	246.0	156.0	54	7.0	82.0	53.0	0	0	6.118877410888672	48000	4298.733415603638	41478	13.587499999999991	
-1687807.3316233016	97.0	7.936708860759493	105.0506329113924	67.16455696202532	-54.01714476716659	600	206	131	13.0	222.0	143.0	63	7.0	82.0	53.0	0	0	5.789979457855225	48080	4304.523395061493	41539	13.604409317803658	
-1462802.914596194	95.2	8.139240506329115	109.0506329113924	69.45569620253164	-54.01714476716659	601	207	119	13.0	246.0	150.0	63	7.0	82.0	53.0	0	0	6.471366882324219	48160	4310.994761943817	41604	13.612956810631232	
-1675364.937759183	96.7375	8.025	103.9625	66.4625	-54.01714476716659	602	207	123	12	217	135	37	7	80	52	0	0	7.672372817993164	48240	4318.66713476181	41669	13.621475953565508	
-925314.2095344968	97.0	7.8625	103.0	65.775	-54.01714476716659	603	207	122	14	252	157	72	7	74	48	0	0	6.326190710067749	48320	4324.993325471878	41733	13.632036423841058	
-1950372.744999601	97.1875	8.0	104.7125	67.1125	-54.01714476716659	604	207	128	14	288	182	71	7	82	53	0	0	5.938653945922852	48400	4330.931979417801	41797	13.642561983471083	
-1587937.2988320417	97.975	8.354430379746836	116.11392405063292	74.0379746835443	-54.01714476716659	605	208	144	14.0	261.0	162.0	54	7.0	82.0	53.0	0	0	6.6690404415130615	48480	4337.601019859314	41865	13.644801980198025	
-2387778.3976735864	98.375	8.367088607594937	108.72151898734177	69.49367088607595	-54.01714476716659	606	209	168	14.0	274.0	171.0	26	7.0	79.0	51.0	0	0	6.332768440246582	48560	4343.933788299561	41928	13.657331136738065	
-1350451.3030158482	97.35	8.4125	116.6875	74.3125	-54.01714476716659	607	209	145	15	340	207	49	7	82	53	0	0	7.124988555908203	48640	4351.058776855469	41988	13.67598684210526	
-1962851.4650288	97.7375	8.3125	112.325	71.5	-54.01714476716659	608	209	135	15	253	154	59	7	80	52	0	0	6.7422051429748535	48720	4357.800981998444	42052	13.686371100164209	
-1550347.611012694	97.9125	7.9875	107.8125	68.7125	-54.01714476716659	609	209	136	11	214	133	58	7	82	53	0	0	6.495789289474487	48800	4364.296771287918	42117	13.694672131147541	
-1362780.3798227883	97.775	8.037974683544304	106.9493670886076	68.24050632911393	-54.01714476716659	610	210	152	14.0	235.0	146.0	55	7.0	82.0	53.0	0	0	5.985240459442139	48880	4370.28201174736	42180	13.707037643207855	
-2012761.4838144563	97.6625	7.875	100.3125	64.3	-54.01714476716659	611	210	118	11	213	132	76	7	82	53	0	0	6.527948379516602	48960	4376.809960126877	42248	13.709150326797385	
-1712821.5186468083	97.375	8.075	110.475	70.4	-54.01714476716659	612	210	117	14	273	167	77	7	82	53	0	0	7.877565622329712	49040	4384.6875257492065	42316	13.711256117455136	
-1337907.6749507904	97.3125	7.9375	107.7	68.6375	-54.01714476716659	613	210	135	11	242	151	70	7	80	52	0	0	6.1922242641448975	49120	4390.879750013351	42376	13.729641693811075	
-1712869.5957257033	97.9875	8.1625	109.0125	69.4875	-54.01714476716659	614	210	154	16	219	139	52	7	82	53	0	0	6.769913196563721	49200	4397.649663209915	42443	13.733739837398375	
-2325305.6193847535	97.3	8.275	111.025	70.775	-54.01714476716659	615	210	121	15	373	235	73	7	74	48	0	0	6.6798577308654785	49280	4404.329520940781	42509	13.739853896103895	
-1450406.4104097304	97.3	8.0375	105.0625	67.2125	-54.01714476716659	616	210	139	13	248	151	55	7	80	52	0	0	6.5061869621276855	49360	4410.835707902908	42576	13.743922204213945	
-1362911.1679776	97.0	7.7594936708860756	105.07594936708861	67.0253164556962	-54.01714476716659	617	211	166	11.0	224.0	137.0	28	7.0	82.0	53.0	0	0	7.859185218811035	49440	4418.694893121719	42643	13.747977346278319	
-1887820.2534470097	97.0	8.475	111.475	71.2375	-54.01714476716659	618	211	130	15	340	207	64	7	82	53	0	0	6.887178659439087	49520	4425.582071781158	42712	13.747980613893375	
-1862838.5752143413	96.8375	8.3625	112.75	71.875	-54.01714476716659	619	211	135	15	236	151	49	7	82	53	0	0	6.8860437870025635	49600	4432.468115568161	42782	13.745967741935488	
-1262684.9314209423	98.8	7.7974683544303796	102.45569620253164	65.43037974683544	-54.01714476716659	620	212	163	15.0	336.0	207.0	55	7.0	82.0	53.0	0	0	6.338666915893555	49680	4438.806782484055	42847	13.754025764895331	
-1562755.1979502295	98.05	7.9875	102.375	65.5625	-54.01714476716659	621	212	142	12	182	114	66	7	82	53	0	0	6.214378118515015	49760	4445.02116060257	42911	13.76406752411576	
-1925370.904020916	97.6375	8.2125	110.2875	70.2625	-54.01714476716659	622	212	142	14	244	152	66	7	82	53	0	0	8.091124534606934	49840	4453.1122851371765	42978	13.768057784911718	
-1575438.057238235	96.5375	8.1	103.8875	66.5	-54.01714476716659	623	212	147	11	244	151	47	7	82	53	0	0	6.532542943954468	49920	4459.644828081131	43046	13.770032051282058	
-2087842.941003813	97.2125	8.253164556962025	111.36708860759494	71.07594936708861	-54.01714476716659	624	213	132	16.0	299.0	188.0	62	7.0	79.0	51.0	0	0	6.683291673660278	50000	4466.328119754791	43116	13.768	
-2237806.6573711326	97.2625	8.1125	110.325	70.3125	-54.01714476716659	625	213	136	12	280	172	58	7	82	53	0	0	6.309549570083618	50080	4472.637669324875	43181	13.775958466453673	
-1275408.3664677276	97.6875	8.151898734177216	110.0506329113924	70.24050632911393	-54.01714476716659	626	214	160	15.0	266.0	169.0	34	7.0	82.0	53.0	0	0	7.022223949432373	50160	4479.659893274307	43250	13.775917065390757	
-2050205.5236668917	96.925	8.2125	107.7375	68.7875	-54.01714476716659	627	214	147	15	340	207	47	7	82	53	0	0	7.4130470752716064	50240	4487.072940349579	43316	13.781847133757964	
-1725366.5612750421	97.475	7.987341772151899	106.27848101265823	67.9367088607595	-54.01714476716659	628	215	141	13.0	272.0	171.0	53	7.0	80.0	52.0	0	0	6.571500778198242	50320	4493.644441127777	43386	13.779809220985697	
-1262843.5430531434	97.3375	8.1875	109.925	70.15	-54.01714476716659	629	215	137	14	253	159	57	7	79	51	0	0	6.745433568954468	50400	4500.389874696732	43456	13.777777777777771	
-1587796.6125180977	97.8	8.1375	112.225	71.4625	-54.01714476716659	630	215	137	11	266	166	57	7	82	53	0	0	6.913000822067261	50480	4507.302875518799	43524	13.779714738510293	
-1000437.9506260145	97.1875	7.925	106.2875	67.8125	-54.01714476716659	631	215	134	13	224	140	60	7	82	53	0	0	6.201758146286011	50560	4513.504633665085	43587	13.791534810126578	
-1375258.7879171672	96.925	8.2125	111.7125	71.175	-54.01714476716659	632	215	134	13	242	150	70	7	82	53	0	0	8.023408889770508	50640	4521.528042554855	43657	13.789494470774088	
-1262845.114539816	96.9	8.275	110.0625	70.1875	-54.01714476716659	633	215	126	14	308	187	68	7	82	53	0	0	6.267117977142334	50720	4527.795160531998	43721	13.799290220820197	
-1125412.7992703724	96.55	8.1875	107.25	68.675	-54.01714476716659	634	215	152	17	274	175	42	7	79	51	0	0	6.657809734344482	50800	4534.452970266342	43787	13.805118110236222	
-1525274.060690904	97.5	8.0875	109.3375	69.7625	-54.01714476716659	635	215	139	16	272	165	65	7	82	53	0	0	6.144473075866699	50880	4540.597443342209	43851	13.814858490566039	
-1938009.821078382	96.775	8.225	107.6	68.8125	-54.01714476716659	636	215	137	14	243	150	57	7	80	52	0	0	7.699076175689697	50960	4548.296519517899	43919	13.816718995290415	
-1912854.928911683	96.85	8.2625	110.7	70.825	-54.01714476716659	637	215	139	16	263	166	55	7	74	48	0	0	7.115795373916626	51040	4555.412314891815	43987	13.818573667711604	
-1900351.3185879677	96.925	8.4125	108.6	69.45	-54.01714476716659	638	215	160	18	334	209	34	7	80	52	0	0	6.7642693519592285	51120	4562.176584243774	44055	13.820422535211264	
-1687856.128136278	98.3375	8.05	105.0375	67.0125	-54.01714476716659	639	215	141	15	207	130	85	7	82	53	0	0	6.659144878387451	51200	4568.835729122162	44122	13.82421875	
-1937759.7046667107	97.3	8.2625	114.3625	72.6125	-54.01714476716659	640	215	178	14	283	175	16	7	82	53	0	0	6.484759092330933	51280	4575.320488214493	44184	13.837753510140402	
-2600381.2068702104	98.8125	8.3125	110.9	70.85	-54.01714476716659	641	215	149	14	283	175	64	7	74	48	0	0	7.777632474899292	51360	4583.098120689392	44249	13.84540498442368	
-1662831.2726968997	96.8875	8.282051282051283	114.91025641025641	73.08974358974359	-54.01714476716659	642	217	166	16.0	271.0	174.0	28	7.0	80.0	52.0	0	0	6.331974267959595	51440	4589.430094957352	44311	13.85886469673406	
-1637763.302790225	98.0	7.8125	103.4375	66.0875	-54.01714476716659	643	217	150	11	248	151	50	7	79	51	0	0	5.859740734100342	51520	4595.289835691452	44372	13.874223602484477	
-1387828.7331760686	97.05	7.6875	96.925	62.175	-54.01714476716659	644	217	120	14	248	151	74	7	79	51	0	0	5.06176233291626	51600	4600.351598024368	44425	13.90503875968993	
-1762880.6574261847	96.875	8.025	108.0125	68.875	-54.01714476716659	645	217	120	12	248	151	74	7	74	48	0	0	6.750090837478638	51680	4607.101688861847	44494	13.90479876160991	
-1837885.2595898237	97.325	8.0375	106.725	68.175	-54.01714476716659	646	217	130	14	315	199	64	7	82	53	0	0	7.521779298782349	51760	4614.623468160629	44561	13.908423493044822	
-2037881.1685752398	98.65	8.325	110.475	70.6	-54.01714476716659	647	217	130	15	267	172	64	7	74	48	0	0	6.812064170837402	51840	4621.435532331467	44625	13.917824074074076	
-1625261.0970423375	97.675	8.1875	112.1875	71.45	-54.01714476716659	648	217	131	16	251	161	63	7	80	52	0	0	7.139890670776367	51920	4628.575423002243	44695	13.91563944530047	
-1962901.6880776763	96.625	8.3	111.55	71.1	-54.01714476716659	649	217	142	15	254	158	52	7	74	48	0	0	6.930683135986328	52000	4635.506106138229	44765	13.913461538461533	
-2125259.421644356	97.4875	8.30379746835443	114.27848101265823	72.73417721518987	-54.01714476716659	650	218	143	13.0	263.0	161.0	54	7.0	80.0	52.0	0	0	6.720957040786743	52080	4642.227063179016	44829	13.92281105990783	
-1862910.9794083342	96.075	8.307692307692308	107.87179487179488	68.94871794871794	-54.01714476716659	651	220	130	13.0	248.0	151.0	62	7.0	82.0	53.0	0	0	7.544498920440674	52160	4649.771562099457	44893	13.932131901840492	
-1512891.7060541739	97.175	8.35	118.475	75.0125	-54.01714476716659	652	220	134	13	327	199	63	7	79	51	0	0	6.971552133560181	52240	4656.743114233017	44959	13.937595712098002	
-2000272.6812333283	96.6125	8.4875	117.825	74.85	-54.01714476716659	653	220	129	16	248	155	65	7	82	53	0	0	6.8558924198150635	52320	4663.599006652832	45024	13.944954128440372	
-1812860.4266887247	96.0	8.20253164556962	108.86075949367088	69.54430379746836	-54.01714476716659	654	221	135	14.0	241.0	148.0	59	7.0	82.0	53.0	0	0	5.728546619415283	52400	4669.327553272247	45084	13.961832061068705	
-1950414.0007435498	96.2	8.275	110.75	70.7125	-54.01714476716659	655	221	135	14	290	184	61	7	82	53	0	0	6.734589576721191	52480	4676.0621428489685	45151	13.965320121951223	
-1512796.4034325206	96.675	7.910256410256411	100.74358974358974	64.55128205128206	-54.01714476716659	656	223	146	12.0	228.0	140.0	29	7.0	82.0	53.0	0	0	7.8120622634887695	52560	4683.874205112457	45221	13.963089802130895	
-1787895.0402226583	97.125	8.215189873417721	107.24050632911393	68.46835443037975	-54.01714476716659	657	224	145	14.0	235.0	145.0	49	7.0	82.0	53.0	0	0	6.739253759384155	52640	4690.613458871841	45288	13.96656534954407	
-1337892.4573138268	97.0	8.3625	116.0125	73.6375	-54.01714476716659	658	224	176	18	267	162	38	7	82	53	0	0	6.777699708938599	52720	4697.39115858078	45354	13.971927162367223	
-1750454.8175524105	97.125	8.35	117.3125	74.5625	-54.01714476716659	659	224	135	14	344	215	59	7	82	53	0	0	7.233168601989746	52800	4704.62432718277	45423	13.97159090909092	
-1875249.2626864756	97.2	8.5	117.6125	74.65	-54.01714476716659	660	224	135	15	297	188	59	7	82	53	0	0	7.226457118988037	52880	4711.850784301758	45491	13.973146747352487	
-1712845.7014118158	96.325	8.3875	112.225	71.625	-54.01714476716659	661	224	133	15	293	188	59	7	82	53	0	0	7.788734674453735	52960	4719.639518976212	45558	13.97658610271904	
-1812804.4895209733	97.475	8.405063291139241	111.59493670886076	71.20253164556962	-54.01714476716659	662	225	153	15.0	326.0	203.0	41	7.0	74.0	48.0	0	0	6.936853408813477	53040	4726.576372385025	45625	13.980015082956257	
-1550340.8217262172	97.15	8.225	107.725	68.85	-54.01714476716659	663	225	125	14	269	166	69	7	82	53	0	0	6.182734966278076	53120	4732.759107351303	45688	13.990963855421683	
-1725385.9631679817	97.1625	7.95	106.7125	68.2375	-54.01714476716659	664	225	141	16	259	168	53	7	74	48	0	0	5.748347520828247	53200	4738.507454872131	45748	14.007518796992485	
-1750353.8811278443	97.45	8.164556962025317	113.15189873417721	72.21518987341773	-54.01714476716659	665	226	142	15.0	325.0	204.0	56	7.0	82.0	53.0	0	0	7.206534147262573	53280	4745.713989019394	45810	14.020270270270274	
-1675262.9288925342	97.9375	8.1875	107.9125	69.0625	-54.01714476716659	666	226	131	13	246	158	63	7	82	53	0	0	6.9303624629974365	53360	4752.644351482391	45874	14.02923538230884	
-1312821.6189994277	98.9125	8.1625	109.7	69.8625	-54.01714476716659	667	226	127	14	224	137	71	7	82	53	0	0	6.741234540939331	53440	4759.385586023331	45942	14.030688622754496	
-1587885.846210402	97.375	7.8625	100.8375	64.475	-54.01714476716659	668	226	138	11	168	105	56	7	82	53	0	0	6.308803081512451	53520	4765.694389104843	46008	14.035874439461878	
-1000330.4267515376	96.9375	7.925	107.325	68.3625	-54.01714476716659	669	226	140	11	248	151	54	7	82	53	0	0	6.474145174026489	53600	4772.16853427887	46075	14.039179104477611	
-1500413.6633754936	96.225	7.975	106.35	67.975	-54.01714476716659	670	226	131	14	222	139	62	7	82	53	0	0	6.7115349769592285	53680	4778.880069255829	46135	14.055514157973164	
-1637942.4663328975	96.1	7.9	105.1625	67.2	-54.01714476716659	671	226	129	12	278	172	62	7	82	53	0	0	6.394066572189331	53760	4785.274135828018	46199	14.06436011904762	
-987823.4074336685	97.0	7.825	104.7375	66.85	-54.01714476716659	672	226	119	13	248	151	75	7	82	53	0	0	5.925519227981567	53840	4791.199655056	46260	14.07875185735513	
-1337864.6270486903	97.0	8.2625	115.875	73.55	-54.01714476716659	673	226	121	16	340	207	73	7	79	51	0	0	5.954241037368774	53920	4797.1538960933685	46320	14.09495548961425	
-1712895.8818749166	96.9625	8.225	111.4125	70.8875	-54.01714476716659	674	226	130	12	257	160	64	7	80	52	0	0	6.897320985794067	54000	4804.051217079163	46388	14.096296296296302	
-1700454.610878313	95.525	8.1875	107.7	68.8125	-54.01714476716659	675	226	136	15	230	144	58	7	82	53	0	0	7.401338338851929	54080	4811.4525554180145	46451	14.106878698224861	
-2012980.9117505024	97.3375	8.253164556962025	106.34177215189874	67.9620253164557	-54.01714476716659	676	227	155	14.0	204.0	127.0	39	7.0	82.0	53.0	0	0	7.051833152770996	54160	4818.5043885707855	46518	14.110044313146233	
-1775443.767928727	96.0375	8.397435897435898	114.53846153846153	72.91025641025641	-54.01714476716659	677	229	133	16.0	285.0	180.0	52	7.0	82.0	53.0	0	0	6.803732395172119	54240	4825.308120965958	46587	14.10951327433628	
-2125282.3773687417	98.1875	8.20253164556962	109.48101265822785	69.83544303797468	-54.01714476716659	678	230	135	13.0	252.0	156.0	59	7.0	79.0	51.0	0	0	6.680922269821167	54320	4831.989043235779	46655	14.11082474226805	
-1725317.7236673445	99.6	8.240506329113924	111.41772151898734	71.0379746835443	-54.01714476716659	679	231	143	15.0	282.0	177.0	51	7.0	82.0	53.0	0	0	6.273646831512451	54400	4838.262690067291	46718	14.121323529411768	
-1562952.3799023302	97.1	8.125	107.35	68.6	-54.01714476716659	680	231	132	14	280	178	62	7	82	53	0	0	7.871166467666626	54480	4846.133856534958	46786	14.12261380323055	
-1512870.996349949	97.125	8.225	110.8875	70.6875	-54.01714476716659	681	231	135	14	248	151	59	7	82	53	0	0	6.633910417556763	54560	4852.767766952515	46855	14.122067448680355	
-1850331.739950021	98.0	8.375	115.95	73.8125	-54.01714476716659	682	231	143	14	273	170	51	7	74	48	0	0	6.48290753364563	54640	4859.25067448616	46920	14.128843338213755	
-1787775.594189445	97.2875	8.5125	123.3875	78.1375	-54.01714476716659	683	231	128	15	356	226	66	7	82	53	0	0	6.856261491775513	54720	4866.106935977936	46983	14.139254385964918	
-1725287.2856713776	96.5375	8.475	115.9125	73.6625	-54.01714476716659	684	231	156	15	237	145	46	7	82	53	0	0	6.598659515380859	54800	4872.705595493317	47049	14.144160583941598	
-1712836.5994213806	99.8625	8.0875	100.75	64.65	-54.01714476716659	685	231	183	15	210	131	70	7	82	53	0	0	7.168532133102417	54880	4879.874127626419	47109	14.159985422740533	
-1287872.2819970124	99.7375	7.95	106.875	68.175	-54.01714476716659	686	231	156	13	227	140	53	7	82	53	0	0	6.226437330245972	54960	4886.100564956665	47174	14.166666666666671	
-2000279.3259312573	97.3125	8.3	114.85	73.0375	-54.01714476716659	687	231	127	15	344	207	68	7	74	48	0	0	6.857252836227417	55040	4892.9578177928925	47243	14.16606104651163	
-1837812.5894545503	98.25	7.8625	100.8375	64.625	-54.01714476716659	688	231	126	14	213	135	75	7	80	52	0	0	5.939817905426025	55120	4898.8976356983185	47307	14.174528301886795	
-1150341.5019622154	98.2875	8.1375	110.3125	70.3	-54.01714476716659	689	231	124	14	258	164	70	7	79	51	0	0	6.732932806015015	55200	4905.6305685043335	47372	14.181159420289859	
-2012922.9688627676	97.225	8.7875	128.4375	81.3125	-54.01714476716659	690	231	134	15	339	207	60	7	82	53	0	0	9.141682624816895	55280	4914.77225112915	47444	14.175108538350216	
-1937893.232321992	97.475	8.7625	121.325	76.975	-54.01714476716659	691	231	148	16	300	183	46	7	82	53	0	0	7.173758268356323	55360	4921.946009397507	47513	14.174494219653184	
-1112885.2082468667	92.625	8.85897435897436	126.34615384615384	80.02564102564102	-54.01714476716659	692	233	126	17.0	329.0	207.0	3	7.0	74.0	48.0	0	0	7.165317058563232	55440	4929.11132645607	47580	14.177489177489178	
-1800310.6781815111	97.9	8.575	119.5	75.8125	-54.01714476716659	693	233	134	16	248	152	60	7	82	53	0	0	6.776702404022217	55520	4935.888028860092	47644	14.185878962536023	
-1387920.9069123913	97.7	8.1125	107.6375	68.675	-54.01714476716659	694	233	130	14	248	151	64	7	82	53	0	0	7.936983108520508	55600	4943.825011968613	47710	14.190647482014384	
-1950362.9308944144	97.1625	8.15	107.375	68.725	-54.01714476716659	695	233	124	13	269	166	70	7	82	53	0	0	6.623480558395386	55680	4950.448492527008	47778	14.191810344827587	
-900286.1534413822	97.775	8.075949367088608	107.12658227848101	68.15189873417721	-54.01714476716659	696	234	159	14.0	231.0	140.0	35	7.0	82.0	53.0	0	0	6.353908538818359	55760	4956.802401065826	47843	14.198350071736016	
-2187927.6297819978	97.35	8.2125	107.375	68.625	-54.01714476716659	697	234	147	14	231	140	54	7	82	53	0	0	6.446056604385376	55840	4963.248457670212	47908	14.204871060171925	
-2125391.426119806	96.475	8.15	109.6	69.8125	-54.01714476716659	698	234	132	15	344	207	62	7	79	51	0	0	6.775589466094971	55920	4970.024047136307	47974	14.209585121602288	
-1300376.906178009	96.55	8.175	108.975	69.55	-54.01714476716659	699	234	127	18	319	197	61	7	82	53	0	0	7.752647161483765	56000	4977.7766942977905	48039	14.216071428571425	
-2000354.1342987977	96.75	8.0	106.5625	67.925	-54.01714476716659	700	234	126	12	240	146	54	7	82	53	0	0	6.083444595336914	56080	4983.860138893127	48101	14.22788873038516	
-1700417.2301298655	94.125	8.1125	108.4125	69.0625	-54.01714476716659	701	234	109	14	221	138	54	7	82	53	0	0	6.581813335418701	56160	4990.441952228546	48164	14.237891737891744	
-1900282.835720721	95.375	8.0	107.6625	68.7	-54.01714476716659	702	234	125	12	269	166	69	7	82	53	0	0	6.703390598297119	56240	4997.145342826843	48232	14.238975817923176	
-1937843.0371053703	96.35	8.3375	114.25	72.8125	-54.01714476716659	703	234	133	12	269	167	61	7	82	53	0	0	6.611704349517822	56320	5003.757047176361	48298	14.243607954545453	
-1725381.8663462705	96.35	8.20253164556962	111.74683544303798	71.15189873417721	-54.01714476716659	704	235	142	15.0	235.0	149.0	52	7.0	82.0	53.0	0	0	7.750297784805298	56400	5011.507344961166	48364	14.24822695035462	
-1512932.3397434717	99.0	8.2	109.8125	69.95	-54.01714476716659	705	235	153	15	252	160	54	7	82	53	0	0	7.0752317905426025	56480	5018.582576751709	48432	14.24929178470255	
-1400350.7975929515	97.0	8.455696202531646	115.0506329113924	73.0379746835443	-54.01714476716659	706	236	135	15.0	240.0	151.0	59	7.0	82.0	53.0	0	0	6.7204296588897705	56560	5025.303006410599	48499	14.25212164073551	
-1837835.18288965	97.9875	8.346153846153847	115.66666666666667	73.55128205128206	-54.01714476716659	707	238	161	15.0	258.0	164.0	33	7.0	79.0	51.0	0	0	6.7746946811676025	56640	5032.077701091766	48564	14.258474576271183	
-1450251.9024757973	98.0375	8.1375	113.025	71.7625	-54.01714476716659	708	238	130	15	344	207	89	7	82	53	0	0	7.288978815078735	56720	5039.366679906845	48630	14.263046544428775	
-2150281.4542924315	96.9	8.227848101265822	114.37974683544304	72.73417721518987	-54.01714476716659	709	239	147	15.0	344.0	207.0	47	7.0	79.0	51.0	0	0	7.757788419723511	56800	5047.124468326569	48696	14.267605633802816	
-1712823.4531395729	96.8	8.0375	108.475	69.1125	-54.01714476716659	710	239	119	12	248	151	75	7	74	48	0	0	6.354733228683472	56880	5053.479201555252	48758	14.27918424753868	
-1675216.6457912233	96.8625	8.2375	114.3875	72.7	-54.01714476716659	711	239	123	15	344	207	71	7	82	53	0	0	6.262807846069336	56960	5059.742009401321	48821	14.28897471910112	
-2350358.8629700886	97.0	8.1875	106.2625	68.025	-54.01714476716659	712	239	118	14	248	151	76	7	82	53	0	0	6.394916534423828	57040	5066.136925935745	48886	14.295231416549797	
-1762938.2746166945	97.0	8.1375	108.475	69.15	-54.01714476716659	713	239	170	15	248	151	24	7	82	53	0	0	7.306304693222046	57120	5073.443230628967	48952	14.299719887955192	
-1312827.4323848921	94.7875	8.2	110.325	70.3	-54.01714476716659	714	239	155	13	242	151	22	7	82	53	0	0	7.433627128601074	57200	5080.876857757568	49017	14.305944055944053	
-1638033.184748898	98.05	8.0625	106.325	67.8375	-54.01714476716659	715	239	139	12	252	158	73	7	79	51	0	0	6.649586915969849	57280	5087.526444673538	49085	14.306913407821227	
-1812932.2929914482	97.025	8.50632911392405	115.22784810126582	73.34177215189874	-54.01714476716659	716	240	161	16.0	292.0	179.0	33	7.0	79.0	51.0	0	0	6.916394948959351	57360	5094.442839622498	49153	14.307880055788004	
-1687887.2910040177	97.3625	8.2625	110.9125	70.65	-54.01714476716659	717	240	113	15	296	185	81	7	80	52	0	0	6.262813091278076	57440	5100.705652713776	49215	14.31928969359332	
-2225317.137303014	97.0875	8.2125	108.1625	69.1	-54.01714476716659	718	240	123	13	198	125	71	7	82	53	0	0	8.13062834739685	57520	5108.8362810611725	49285	14.316759388038946	
-2075394.8359555074	97.05	8.670886075949367	119.54430379746836	75.92405063291139	-54.01714476716659	719	241	142	15.0	360.0	217.0	52	7.0	82.0	53.0	0	0	6.862504005432129	57600	5115.698785066605	49351	14.321180555555557	
-1325312.6066939349	96.8875	8.1	107.8875	68.6875	-54.01714476716659	720	241	105	13	248	151	80	7	82	53	0	0	6.400007963180542	57680	5122.098793029785	49415	14.329056865464622	
-987892.1298465331	97.075	8.05	108.9	69.275	-54.01714476716659	721	241	122	14	253	157	72	7	82	53	0	0	5.865232944488525	57760	5127.964025974274	49472	14.34903047091413	
-1100337.266759553	97.0375	7.8375	100.6125	64.3625	-54.01714476716659	722	241	157	12	248	152	40	7	82	53	0	0	5.669095993041992	57840	5133.633121967316	49532	14.363762102351316	
-1587829.2107506858	97.05	7.897435897435898	99.41025641025641	63.67948717948718	-54.01714476716659	723	243	141	12.0	204.0	129.0	53	7.0	82.0	53.0	0	0	7.036165237426758	57920	5140.669287204742	49592	14.378453038674039	
-2250281.6937330067	99.2	8.45	111.3875	71.25	-54.01714476716659	724	243	150	14	240	149	61	7	80	52	0	0	6.552974700927734	58000	5147.22226190567	49659	14.381034482758622	
-2125292.4381815	98.0375	8.3375	109.2125	69.6125	-54.01714476716659	725	243	141	16	290	180	76	7	82	53	0	0	6.562033653259277	58080	5153.784295558929	49723	14.388774104683193	
-887929.6574791495	97.125	7.85	102.05	65.1875	-54.01714476716659	726	243	126	14	290	180	68	7	80	52	0	0	6.4455060958862305	58160	5160.229801654816	49788	14.39477303988997	
-1612844.00344393	97.0	8.012658227848101	103.72151898734177	66.27848101265823	-54.01714476716659	727	244	130	14.0	221.0	135.0	64	7.0	80.0	52.0	0	0	6.429155588150024	58240	5166.658957242966	49854	14.399038461538467	
-2012877.8392338187	96.45	8.430379746835444	112.22784810126582	71.68354430379746	-54.01714476716659	728	245	120	13.0	250.0	159.0	74	7.0	80.0	52.0	0	0	7.668290138244629	58320	5174.32724738121	49916	14.410150891632384	
-1200524.5538962504	97.9	8.1	108.5625	69.3375	-54.01714476716659	729	245	131	16	274	178	63	7	82	53	0	0	6.240218877792358	58400	5180.567466259003	49980	14.417808219178085	
-1275284.9478829193	96.95	7.8625	102.5125	65.5625	-54.01714476716659	730	245	125	19	291	187	69	7	82	53	0	0	6.076026916503906	58480	5186.643493175507	50044	14.425444596443228	
-1312795.6021768085	97.0	8.0125	106.5125	67.9375	-54.01714476716659	731	245	122	11	254	156	72	7	74	48	0	0	6.80543065071106	58560	5193.448923826218	50113	14.424521857923494	
-2350305.2851326903	96.9375	8.139240506329115	108.62025316455696	69.24050632911393	-54.01714476716659	732	246	144	12.0	214.0	135.0	50	7.0	74.0	48.0	0	0	6.684815406799316	58640	5200.133739233017	50181	14.425306957708045	
-2537839.3076030007	97.0	8.4125	115.3375	73.375	-54.01714476716659	733	246	135	15	344	207	59	7	80	52	0	0	8.214523077011108	58720	5208.348262310028	50246	14.431198910081747	
-1150466.7848253374	98.1875	8.126582278481013	110.58227848101266	70.39240506329114	-54.01714476716659	734	247	169	12.0	248.0	151.0	63	7.0	79.0	51.0	0	0	6.367763042449951	58800	5214.716025352478	50311	14.437074829931973	
-1912848.1242122024	96.8	8.848101265822784	124.60759493670886	79.32911392405063	-54.01714476716659	735	248	140	15.0	340.0	207.0	54	7.0	82.0	53.0	0	0	7.109816789627075	58880	5221.825842142105	50380	14.436141304347828	
-1912832.4005041872	96.4125	8.2125	111.6875	71.1125	-54.01714476716659	736	248	132	13	248	151	44	7	82	53	0	0	6.808038234710693	58960	5228.633880376816	50444	14.44369063772048	
-1850360.2676373757	96.2	8.175	104.0875	66.7	-54.01714476716659	737	248	119	13	225	142	64	7	82	53	0	0	6.262419700622559	59040	5234.896300077438	50505	14.456300813008127	
-1662761.2092133106	96.5	8.0625	104.5375	66.825	-54.01714476716659	738	248	131	12	200	123	63	7	79	51	0	0	6.572902679443359	59120	5241.469202756882	50566	14.468876860622458	
-2025362.001668609	96.3875	8.0	103.875	66.45	-54.01714476716659	739	248	159	15	228	141	35	7	82	53	0	0	6.394857883453369	59200	5247.864060640335	50632	14.472972972972968	
-1662838.8603459026	97.2375	7.95	104.1	66.525	-54.01714476716659	740	248	129	11	248	151	65	7	74	48	0	0	5.409349203109741	59280	5253.273409843445	50688	14.493927125506062	
-1975323.98376565	99.35	8.050632911392405	107.35443037974683	68.60759493670886	-54.01714476716659	741	249	143	14.0	248.0	151.0	61	7.0	80.0	52.0	0	0	6.093963146209717	59360	5259.3673729896545	50748	14.508086253369271	
-2250370.0219007703	98.5625	8.354430379746836	110.81012658227849	70.89873417721519	-54.01714476716659	742	250	138	14.0	265.0	168.0	59	7.0	82.0	53.0	0	0	6.820271730422974	59440	5266.1876447200775	50814	14.5121130551817	
-1875435.3469416066	96.0	8.2375	112.975	72.025	-54.01714476716659	743	250	138	14	258	160	59	7	80	52	0	0	7.71239161491394	59520	5273.9000363349915	50884	14.509408602150543	
-2125422.415787545	97.75	8.4125	119.175	75.5625	-54.01714476716659	744	250	160	12	270	165	34	7	82	53	0	0	7.46727991104126	59600	5281.367316246033	50956	14.50335570469798	
-1600432.135336758	98.1	8.468354430379748	122.9873417721519	77.89873417721519	-54.01714476716659	745	251	136	16.0	292.0	186.0	58	7.0	82.0	53.0	0	0	6.9494404792785645	59680	5288.316756725311	51023	14.505697050938338	
-1512775.2980354703	98.025	8.175	112.7875	72.0	-54.01714476716659	746	251	144	14	265	162	53	7	82	53	0	0	6.036740064620972	59760	5294.353496789932	51082	14.521419009370817	
-1762900.3638577561	98.675	7.9	101.1875	64.9125	-54.01714476716659	747	251	135	15	269	172	59	7	79	51	0	0	8.023053646087646	59840	5302.37655043602	51151	14.52038770053477	
-1162877.8474906744	99.3	8.075	107.7	68.975	-54.01714476716659	748	251	131	15	264	166	79	7	80	52	0	0	6.554746627807617	59920	5308.9312970638275	51219	14.521028037383175	
-1075524.5964295368	96.3	8.025	106.575	68.175	-54.01714476716659	749	251	122	14	232	146	72	7	80	52	0	0	6.679490804672241	60000	5315.6107878685	51288	14.519999999999996	
-1475286.6980053945	96.45	8.05	105.975	67.8625	-54.01714476716659	750	251	124	18	358	231	48	7	80	52	0	0	6.830016136169434	60080	5322.440804004669	51357	14.518974700399468	
-1575261.9387131736	96.55	7.9625	103.7625	66.375	-54.01714476716659	751	251	122	14	293	177	72	7	82	53	0	0	6.441522836685181	60160	5328.882326841354	51419	14.529587765957444	
-2037845.8246769942	97.475	8.0625	105.0125	67.1	-54.01714476716659	752	251	121	13	293	177	73	7	80	52	0	0	7.094940900802612	60240	5335.977267742157	51482	14.538512616201857	
-2025319.8962403655	97.2	8.1375	109.3625	69.8	-54.01714476716659	753	251	140	15	308	187	54	7	82	53	0	0	6.4266438484191895	60320	5342.403911590576	51549	14.540782493368695	
-2187882.405833616	96.8625	8.6875	117.0375	74.475	-54.01714476716659	754	251	117	15	319	195	77	7	82	53	0	0	7.4397666454315186	60400	5349.843678236008	51619	14.538079470198667	
-1350405.6190439884	96.65	8.253164556962025	111.07594936708861	70.77215189873418	-54.01714476716659	755	252	198	15.0	404.0	244.0	8	7.0	82.0	53.0	0	0	6.82951545715332	60480	5356.673193693161	51684	14.543650793650798	
-2062790.2547808536	97.1625	8.2125	112.0375	71.375	-54.01714476716659	756	252	126	14	248	156	68	7	82	53	0	0	7.42293119430542	60560	5364.096124887466	51746	14.554161162483496	
-1275322.090269874	96.9875	7.9875	104.2375	66.6125	-54.01714476716659	757	252	134	14	248	151	59	7	80	52	0	0	6.780973196029663	60640	5370.877098083496	51812	14.558047493403691	
-1237924.682916272	96.3125	8.0	105.725	67.425	-54.01714476716659	758	252	128	12	248	151	59	7	82	53	0	0	5.6564247608184814	60720	5376.533522844315	51869	14.576745718050063	
-1662786.5060695033	97.2	8.025	101.6875	65.025	-54.01714476716659	759	252	128	12	162	102	66	7	82	53	0	0	5.925753116607666	60800	5382.459275960922	51931	14.587171052631575	
-2100267.0233436255	96.5375	8.325	112.2	71.3875	-54.01714476716659	760	252	132	15	248	151	62	7	82	53	0	0	7.458598375320435	60880	5389.917874336243	52003	14.581143232588701	
-987790.5090324586	97.275	7.7625	101.9375	65.15	-54.01714476716659	761	252	121	16	252	157	73	7	74	48	0	0	6.8595497608184814	60960	5396.777424097061	52067	14.588254593175847	
-1700373.5908495062	96.7	8.063291139240507	106.35443037974683	67.9113924050633	-54.01714476716659	762	253	126	15.0	344.0	207.0	68	7.0	82.0	53.0	0	0	6.848116397857666	61040	5403.625540494919	52132	14.593709043250328	
-2050301.979927174	97.3625	8.1	101.775	65.25	-54.01714476716659	763	253	131	15	238	151	63	7	82	53	0	0	6.388367652893066	61120	5410.013908147812	52196	14.600785340314133	
-1150452.588787689	96.9	8.45	119.525	75.8375	-54.01714476716659	764	253	138	15	344	207	56	7	82	53	0	0	6.810602188110352	61200	5416.824510335922	52259	14.609477124183002	
-1762940.9068137996	97.35	8.175	113.45	72.25	-54.01714476716659	765	253	133	15	317	193	61	7	82	53	0	0	6.823400020599365	61280	5423.647910356522	52326	14.611618798955618	
-1687742.1501885676	96.6875	8.075	114.1875	72.725	-54.01714476716659	766	253	127	16	393	248	67	7	79	51	0	0	8.328450918197632	61360	5431.976361274719	52398	14.605606258148626	
-1725320.2750888683	98.0875	8.4	116.25	74.175	-54.01714476716659	767	253	129	15	273	171	65	7	80	52	0	0	6.440316200256348	61440	5438.416677474976	52464	14.609375	
-2012802.8499109857	98.2	8.075	110.325	70.4375	-54.01714476716659	768	253	154	15	348	216	58	7	82	53	0	0	6.187227249145508	61520	5444.603904724121	52526	14.619635890767242	
-2225356.1461050957	96.375	8.139240506329115	103.11392405063292	66.12658227848101	-54.01714476716659	769	254	140	12.0	182.0	114.0	40	7.0	82.0	53.0	0	0	6.2497878074646	61600	5450.853692531586	52591	14.625	
-1712789.1753393621	98.0	8.0375	103.075	65.9	-54.01714476716659	770	254	127	13	231	140	87	7	82	53	0	0	6.258045434951782	61680	5457.1117379665375	52656	14.630350194552534	
-1625433.2667528994	97.0	8.1	107.4	68.4	-54.01714476716659	771	254	124	11	270	165	70	7	82	53	0	0	6.945683002471924	61760	5464.057420969009	52715	14.645401554404145	
-1387911.564945892	97.3	7.975	103.9125	66.4125	-54.01714476716659	772	254	127	15	286	175	67	7	82	53	0	0	6.237659454345703	61840	5470.295080423355	52776	14.657179818887457	
-1712845.1593687474	97.5	7.9	103.825	66.45	-54.01714476716659	773	254	130	11	192	119	64	7	82	53	0	0	6.366043329238892	61920	5476.661123752594	52842	14.6608527131783	
-1800307.441797745	96.425	7.987341772151899	105.9873417721519	67.68354430379746	-54.01714476716659	774	255	144	14.0	238.0	147.0	64	7.0	82.0	53.0	0	0	6.263588905334473	62000	5482.9247126579285	52906	14.667741935483875	
-1437780.9301668885	97.0	8.2	109.0375	69.55	-54.01714476716659	775	255	124	15	225	140	70	7	82	53	0	0	6.977802515029907	62080	5489.902515172958	52976	14.664948453608247	
-1812874.7481230907	97.0	7.975	102.625	65.6875	-54.01714476716659	776	255	132	19	275	177	62	7	79	51	0	0	7.388770341873169	62160	5497.2912855148315	53043	14.666988416988417	
-1412872.967227847	96.875	7.875	102.4375	65.4375	-54.01714476716659	777	255	137	15	206	133	57	7	74	48	0	0	6.053248405456543	62240	5503.344533920288	53104	14.678663239074552	
-2012888.8500238718	97.175	8.3	111.35	70.975	-54.01714476716659	778	255	132	13	264	162	62	7	74	48	0	0	6.528117656707764	62320	5509.872651576996	53167	14.687098844672647	
-1637912.9845231257	97.3125	8.08860759493671	107.67088607594937	68.79746835443038	-54.01714476716659	779	256	146	12.0	251.0	159.0	48	7.0	80.0	52.0	0	0	6.421854257583618	62400	5516.2945058345795	53231	14.693910256410263	
-1012998.5308134183	97.075	8.05	111.8375	71.2125	-54.01714476716659	780	256	126	12	252	158	68	7	82	53	0	0	6.224817514419556	62480	5522.519323348999	53293	14.703905249679892	
-2050298.4097607732	97.7	8.575	121.7375	77.1625	-54.01714476716659	781	256	121	15	344	207	73	7	82	53	0	0	8.467508554458618	62560	5530.986831903458	53362	14.702685421994886	
-1287764.7541082609	98.475	8.325	116.9625	74.25	-54.01714476716659	782	256	136	15	248	151	64	7	80	52	0	0	7.406341552734375	62640	5538.393173456192	53432	14.699872286079184	
-1650304.9568263658	99.775	8.151898734177216	111.34177215189874	70.89873417721519	-54.01714476716659	783	257	166	12.0	270.0	165.0	28	7.0	79.0	51.0	0	0	6.589620590209961	62720	5544.982794046402	53497	14.70503826530613	
-1900323.2892589942	99.325	8.425	118.5	75.4	-54.01714476716659	784	257	140	15	378	229	54	7	79	51	0	0	6.832608461380005	62800	5551.815402507782	53562	14.710191082802552	
-1750251.3354978513	98.2875	7.9625	106.9	68.15	-54.01714476716659	785	257	133	12	248	151	61	7	82	53	0	0	6.998038291931152	62880	5558.813440799713	53633	14.705788804071247	
-1925251.35992998	98.275	8.4375	115.7	73.75	-54.01714476716659	786	257	147	19	384	245	34	7	82	53	0	0	8.071899652481079	62960	5566.885340452194	53700	14.707750952986018	
-1600312.5499897655	96.975	8.151898734177216	112.59493670886076	71.73417721518987	-54.01714476716659	787	258	147	13.0	231.0	146.0	34	7.0	82.0	53.0	0	0	6.9203784465789795	63040	5573.805718898773	53770	14.704949238578678	
-1525296.8274409354	97.4625	7.962025316455696	102.64556962025317	65.62025316455696	-54.01714476716659	788	259	171	14.0	248.0	151.0	23	7.0	82.0	53.0	0	0	6.777201175689697	63120	5580.582920074463	53840	14.702154626108992	
-1612860.058373285	97.0125	8.3375	120.3125	76.275	-54.01714476716659	789	259	133	14	314	195	61	7	82	53	0	0	6.995228052139282	63200	5587.578148126602	53906	14.705696202531655	
-1725303.0340717598	98.4625	8.2375	117.425	74.5	-54.01714476716659	790	259	133	15	301	188	73	7	82	53	0	0	7.821355581283569	63280	5595.399503707886	53973	14.707648546144128	
-1375352.7289208286	97.2625	8.1875	113.325	71.975	-54.01714476716659	791	259	139	13	296	180	55	7	80	52	0	0	6.462086915969849	63360	5601.861590623856	54033	14.720643939393938	
-1725466.9506993555	97.325	8.575	115.0625	73.4	-54.01714476716659	792	259	148	17	256	166	75	7	82	53	0	0	6.504886150360107	63440	5608.366476774216	54099	14.724148802017652	
-2775467.2740284405	96.675	8.35	116.625	74.2625	-54.01714476716659	793	259	137	13	254	155	35	7	82	53	0	0	6.830897808074951	63520	5615.197374582291	54167	14.724496221662463	
-1650358.6980275263	98.1625	8.0125	106.0375	67.6	-54.01714476716659	794	259	154	13	226	137	51	7	80	52	0	0	6.508019208908081	63600	5621.705393791199	54232	14.729559748427661	
-1912903.5764477565	98.7375	8.125	105.4625	67.5875	-54.01714476716659	795	259	176	15	214	132	59	7	74	48	0	0	7.257700204849243	63680	5628.963093996048	54298	14.733040201005025	
-1525293.4180859323	99.3375	8.5875	125.7125	79.575	-54.01714476716659	796	259	132	14	278	174	75	7	80	52	0	0	7.226651430130005	63760	5636.189745426178	54364	14.73651191969887	
-1337956.1243731997	98.15	8.25	111.475	71.075	-54.01714476716659	797	259	145	15	344	207	65	7	82	53	0	0	6.659441709518433	63840	5642.849187135696	54431	14.738408521303256	
-1050354.4543688074	98.525	8.455696202531646	119.79746835443038	76.10126582278481	-54.01714476716659	798	260	167	14.0	303.0	185.0	27	7.0	79.0	51.0	0	0	6.744932651519775	63920	5649.594119787216	54493	14.748122653316642	
-2187786.5480750906	97.2375	8.5	120.125	76.3875	-54.01714476716659	799	260	117	14	280	172	81	7	82	53	0	0	7.110899448394775	64000	5656.705019235611	54558	14.753124999999997	
-2575407.4654954085	97.025	8.177215189873417	110.68354430379746	70.56962025316456	-54.01714476716659	800	261	147	13.0	248.0	151.0	47	7.0	79.0	51.0	0	0	7.485599994659424	64080	5664.19061923027	54621	14.76123595505618	
-1875409.2962802933	98.85	8.7125	120.4625	76.75	-54.01714476716659	801	261	147	15	276	177	51	7	82	53	0	0	7.2347657680511475	64160	5671.4253849983215	54692	14.756857855361588	
-1237790.0957342384	101.6	8.2375	115.3375	73.2	-54.01714476716659	802	261	147	14	295	187	76	7	80	52	0	0	6.641376495361328	64240	5678.066761493683	54756	14.76338729763387	
-1900401.0011730783	97.1625	8.050632911392405	104.69620253164557	66.89873417721519	-54.01714476716659	803	262	144	12.0	264.0	160.0	40	7.0	82.0	53.0	0	0	6.176539182662964	64320	5684.243300676346	54819	14.771455223880594	
-1537850.08179698	97.15	7.987341772151899	106.0253164556962	67.62025316455696	-54.01714476716659	804	263	123	11.0	248.0	151.0	71	7.0	82.0	53.0	0	0	7.619051456451416	64400	5691.862352132797	54886	14.773291925465841	
-1675381.8614375177	97.0	8.125	103.9625	66.6125	-54.01714476716659	805	263	124	12	228	144	70	7	80	52	0	0	6.175334930419922	64480	5698.037687063217	54948	14.782878411910673	
-1750354.2716265507	97.0	8.025	103.5625	66.2375	-54.01714476716659	806	263	132	12	276	171	62	7	74	48	0	0	5.882870435714722	64560	5703.920557498932	55007	14.797087980173487	
-2312804.197709695	97.0	8.50632911392405	118.54430379746836	75.25316455696202	-54.01714476716659	807	264	131	19.0	300.0	183.0	63	7.0	82.0	53.0	0	0	6.803212642669678	64640	5710.723770141602	55071	14.803527227722768	
-2300382.387520615	96.75	8.384615384615385	116.07692307692308	73.7051282051282	-54.01714476716659	808	266	165	13.0	298.0	183.0	30	7.0	82.0	53.0	0	0	6.447815895080566	64720	5717.171586036682	55134	14.811495673671203	
-2062779.1152272127	99.4875	8.1125	111.6375	71.0625	-54.01714476716659	809	266	146	10	225	138	68	7	80	52	0	0	7.8908631801605225	64800	5725.062449216843	55201	14.813271604938265	
-1700389.0625019632	98.1875	8.5375	118.9375	75.5125	-54.01714476716659	810	266	146	14	270	166	56	7	82	53	0	0	6.952478408813477	64880	5732.014927625656	55265	14.81966707768187	
-1200284.1768270358	97.5875	8.1	109.3125	69.6875	-54.01714476716659	811	266	146	14	270	164	65	7	82	53	0	0	6.479458332061768	64960	5738.494385957718	55332	14.82142857142857	
-1162754.913593926	96.9875	7.8875	102.3875	65.4875	-54.01714476716659	812	266	129	11	218	136	65	7	80	52	0	0	5.785574913024902	65040	5744.279960870743	55392	14.833948339483399	
-1325406.8680606738	99.625	7.875	103.1375	65.8875	-54.01714476716659	813	266	134	11	248	151	80	7	82	53	0	0	6.654024124145508	65120	5750.933984994888	55460	14.834152334152336	
-1312858.0150225635	97.675	8.0875	108.7375	69.2125	-54.01714476716659	814	266	130	15	269	166	64	7	82	53	0	0	7.070395231246948	65200	5758.004380226135	55521	14.84509202453988	
-1625325.9706729325	99.625	8.1125	112.45	71.6125	-54.01714476716659	815	266	130	13	277	175	87	7	82	53	0	0	6.163173675537109	65280	5764.167553901672	55581	14.857536764705884	
-1550313.7644519433	98.5	8.291139240506329	116.9367088607595	74.48101265822785	-54.01714476716659	816	267	192	14.0	267.0	163.0	32	7.0	79.0	51.0	0	0	6.560714960098267	65360	5770.728268861771	55644	14.865361077111388	
-1300444.3541887875	97.8375	8.1375	112.075	71.4125	-54.01714476716659	817	267	129	12	250	154	67	7	80	52	0	0	6.405486822128296	65440	5777.133755683899	55710	14.868581907090459	
-1437829.472905087	96.95	7.9375	103.0625	65.775	-54.01714476716659	818	267	137	11	248	151	57	7	82	53	0	0	6.335332632064819	65520	5783.469088315964	55775	14.87332112332112	
-1337993.9706865824	96.95	8.0	106.0125	67.775	-54.01714476716659	819	267	115	12	278	174	79	7	82	53	0	0	6.819876670837402	65600	5790.288964986801	55835	14.885670731707307	
-2237775.5512123755	96.6375	8.189873417721518	108.84810126582279	69.62025316455696	-54.01714476716659	820	268	172	14.0	277.0	175.0	22	7.0	82.0	53.0	0	0	6.6101202964782715	65680	5796.899085283279	55897	14.894945188794154	
-2225279.5331423515	96.9	8.2125	106.55	68.2375	-54.01714476716659	821	268	127	13	198	126	67	7	80	52	0	0	6.387338876724243	65760	5803.286424160004	55964	14.896593673965938	
-2112850.0212639174	97.8125	8.125	110.5875	70.475	-54.01714476716659	822	268	137	17	254	159	57	7	82	53	0	0	6.038929224014282	65840	5809.325353384018	56026	14.905832320777648	
-1900274.1593496618	97.525	8.3875	112.6125	71.925	-54.01714476716659	823	268	137	19	234	152	56	7	82	53	0	0	6.314405679702759	65920	5815.639759063721	56089	14.913531553398059	
-1762943.0358632668	97.6875	8.275	113.25	72.05	-54.01714476716659	824	268	127	15	338	206	76	7	82	53	0	0	7.618311405181885	66000	5823.258070468903	56156	14.915151515151521	
-1337773.5582622888	97.4	8.10126582278481	109.15189873417721	69.60759493670886	-54.01714476716659	825	269	125	15.0	275.0	170.0	76	7.0	82.0	53.0	0	0	6.3630006313323975	66080	5829.621071100235	56217	14.925847457627114	
-1650223.415274148	99.425	8.025	105.225	67.1125	-54.01714476716659	826	269	151	14	211	132	43	7	82	53	0	0	5.828710317611694	66160	5835.449781417847	56278	14.936517533252726	
-1650340.4978811909	98.25	7.6375	95.2875	61.0875	-54.01714476716659	827	269	125	13	248	151	73	7	82	53	0	0	5.325028896331787	66240	5840.7748103141785	56336	14.951690821256037	
-2012802.1866443243	97.2	7.8125	99.45	63.7	-54.01714476716659	828	269	128	12	212	131	66	7	80	52	0	0	6.491765022277832	66320	5847.266575336456	56406	14.948733413751498	
-1237878.930244788	97.0125	8.025	108.475	68.925	-54.01714476716659	829	269	126	11	248	151	66	7	82	53	0	0	6.439990043640137	66400	5853.706565380096	56470	14.954819277108427	
-1925371.980217858	97.0875	8.341772151898734	118.40506329113924	75.10126582278481	-54.01714476716659	830	270	144	12.0	268.0	167.0	50	7.0	82.0	53.0	0	0	8.15343689918518	66480	5861.860002279282	56534	14.96089049338147	
-1425339.4357396788	97.2125	8.15	111.375	70.7875	-54.01714476716659	831	270	135	13	280	173	66	7	74	48	0	0	6.60744047164917	66560	5868.467442750931	56601	14.96243990384616	
-2062836.833308845	97.775	8.20253164556962	107.40506329113924	68.56962025316456	-54.01714476716659	832	271	118	15.0	235.0	145.0	63	7.0	80.0	52.0	0	0	6.3680500984191895	66640	5874.83549284935	56666	14.966986794717883	
-1925278.0550652836	98.7	8.025	104.9	67.125	-54.01714476716659	833	271	129	13	248	151	76	7	80	52	0	0	6.2380475997924805	66720	5881.0735404491425	56730	14.973021582733821	
-1162786.4042766835	97.9625	8.227848101265822	110.68354430379746	70.60759493670886	-54.01714476716659	834	272	164	16.0	259.0	168.0	30	7.0	80.0	52.0	0	0	6.295867204666138	66800	5887.369407653809	56786	14.991017964071858	
-1087848.3412355543	96.5125	7.7	98.875	63.3	-54.01714476716659	835	272	113	12	248	151	72	7	80	52	0	0	6.248968124389648	66880	5893.618375778198	56842	15.008971291866018	
-1475411.7853859337	97.275	7.8354430379746836	101.0506329113924	64.63291139240506	-54.01714476716659	836	273	135	13.0	248.0	151.0	59	7.0	82.0	53.0	0	0	6.043732166290283	66960	5899.6621079444885	56905	15.016427718040632	
-1312830.7209060546	97.0	7.7974683544303796	99.9746835443038	64.0126582278481	-54.01714476716659	837	274	161	14.0	240.0	151.0	33	7.0	74.0	48.0	0	0	5.109146356582642	67040	5904.771254301071	56958	15.038782816229116	
-1775269.044129605	97.2	7.9875	104.2875	66.8125	-54.01714476716659	838	274	124	15	287	182	70	7	82	53	0	0	5.7197229862213135	67120	5910.4909772872925	57014	15.056615017878428	
-2237827.9100138107	98.025	8.063291139240507	108.51898734177215	69.32911392405063	-54.01714476716659	839	275	123	15.0	339.0	213.0	71	7.0	79.0	51.0	0	0	6.4436821937561035	67200	5916.934659481049	57079	15.061011904761898	
-1300268.5514079458	97.3125	8.3375	113.9375	72.525	-54.01714476716659	840	275	123	19	286	184	72	7	82	53	0	0	7.197347640991211	67280	5924.13200712204	57137	15.075802615933412	
-1362843.605507865	96.4125	8.15	108.9375	69.6125	-54.01714476716659	841	275	132	15	249	155	60	7	74	48	0	0	6.523345947265625	67360	5930.655353069305	57205	15.075712589073632	
-2375392.0210540504	98.275	8.1875	112.4125	71.55	-54.01714476716659	842	275	141	13	232	142	53	7	74	48	0	0	6.155690431594849	67440	5936.8110435009	57267	15.084519572953738	
-2025305.3712866462	99.0875	8.113924050632912	105.59493670886076	67.46835443037975	-54.01714476716659	843	276	141	13.0	232.0	142.0	42	7.0	82.0	53.0	0	0	6.360140085220337	67520	5943.171183586121	57333	15.08738151658767	
-1987850.8856537542	98.1625	8.425	115.75	73.65	-54.01714476716659	844	276	142	14	286	175	52	7	82	53	0	0	6.790923357009888	67600	5949.9621069431305	57399	15.09023668639054	
-1962939.8421629232	97.125	8.275	110.375	70.525	-54.01714476716659	845	276	119	13	286	182	75	7	82	53	0	0	7.652072906494141	67680	5957.614179849625	57462	15.097517730496463	
-1887877.4468075105	96.975	8.3375	112.425	71.55	-54.01714476716659	846	276	153	14	280	175	40	7	82	53	0	0	6.984673976898193	67760	5964.598853826523	57528	15.100354191263293	
-1900355.5225456401	97.55	8.05	103.875	66.4375	-54.01714476716659	847	276	130	15	263	167	64	7	82	53	0	0	6.119320631027222	67840	5970.71817445755	57590	15.109080188679243	
-1487988.4812553949	97.425	8.2875	115.1	72.95	-54.01714476716659	848	276	145	15	344	207	49	7	82	53	0	0	6.614730358123779	67920	5977.332904815674	57654	15.114840989399298	
-1537802.786142808	99.45	8.2125	110.5375	70.3125	-54.01714476716659	849	276	157	14	249	153	43	7	82	53	0	0	6.555018186569214	68000	5983.887923002243	57721	15.116176470588243	
-1675459.2020316522	99.6125	8.329113924050633	116.34177215189874	73.9746835443038	-54.01714476716659	850	277	165	15.0	249.0	153.0	29	7.0	82.0	53.0	0	0	8.051140069961548	68080	5991.939063072205	57791	15.113102232667458	
-1025354.3435326761	98.825	8.3625	112.225	71.475	-54.01714476716659	851	277	134	14	256	165	58	7	82	53	0	0	6.661205768585205	68160	5998.60026884079	57859	15.11296948356808	
-2125368.877963499	97.9125	8.051282051282051	106.41025641025641	68.06410256410257	-54.01714476716659	852	279	180	12.0	270.0	168.0	2	7.0	74.0	48.0	0	0	5.958515167236328	68240	6004.558784008026	57922	15.120164126611954	
-1975373.718041345	98.6	8.3375	113.6625	72.4875	-54.01714476716659	853	279	164	14	273	167	71	7	82	53	0	0	7.051225900650024	68320	6011.610009908676	57990	15.120023419203747	
-2087893.6539832442	98.05	8.35	115.925	73.825	-54.01714476716659	854	279	161	15	292	186	56	7	80	52	0	0	7.973973989486694	68400	6019.583983898163	58058	15.119883040935676	
-1650381.464508818	96.975	8.25	111.625	71.1625	-54.01714476716659	855	279	153	15	249	155	41	7	82	53	0	0	6.701071739196777	68480	6026.28505563736	58122	15.12558411214954	
-1587894.9053520807	96.075	7.9	100.1	64.1125	-54.01714476716659	856	279	135	14	221	138	51	7	79	51	0	0	5.759171962738037	68560	6032.044227600098	58181	15.138564760793457	
-2100304.476760666	96.625	8.037974683544304	107.88607594936708	68.9620253164557	-54.01714476716659	857	280	135	14.0	281.0	182.0	35	7.0	74.0	48.0	0	0	6.814072847366333	68640	6038.858300447464	58249	15.138403263403262	
-1225478.1470642902	97.6875	7.6835443037974684	98.9113924050633	63.31645569620253	-54.01714476716659	858	281	135	11.0	224.0	137.0	51	7.0	82.0	53.0	0	0	5.634695053100586	68720	6044.492995500565	58308	15.151338766006987	
-1137787.2047482957	97.675	7.85	101.025	64.775	-54.01714476716659	859	281	139	12	265	170	55	7	82	53	0	0	6.370267152786255	68800	6050.863262653351	58366	15.16569767441861	
-1475351.5865218106	98.425	8.0875	108.0375	68.975	-54.01714476716659	860	281	124	14	248	151	84	7	82	53	0	0	6.724483489990234	68880	6057.587746143341	58429	15.172764227642276	
-1812835.3737051662	97.1	8.25	108.9	69.525	-54.01714476716659	861	281	143	15	326	203	51	7	74	48	0	0	6.770228385925293	68960	6064.357974529266	58497	15.172563805104417	
-1462826.4120671493	98.3375	8.215189873417721	113.44303797468355	72.0	-54.01714476716659	862	282	142	15.0	344.0	207.0	54	7.0	79.0	51.0	0	0	6.701528310775757	69040	6071.059502840042	58560	15.179606025492461	
-1812883.3352282427	97.8125	8.0875	110.0875	70.1125	-54.01714476716659	863	282	138	15	303	191	73	7	82	53	0	0	6.267892599105835	69120	6077.327395439148	58621	15.189525462962962	
-1587858.369745777	97.575	8.0125	101.525	65.125	-54.01714476716659	864	282	154	15	291	185	40	7	82	53	0	0	7.251237154006958	69200	6084.578632593155	58684	15.196531791907518	
-1887725.113008964	96.9875	7.8625	99.0	63.5	-54.01714476716659	865	282	135	13	261	164	59	7	80	52	0	0	5.791747570037842	69280	6090.370380163193	58745	15.20640877598153	
-2150346.9188809292	97.0	8.2125	111.725	71.2	-54.01714476716659	866	282	125	14	276	174	69	7	82	53	0	0	6.885006666183472	69360	6097.255386829376	58813	15.206170703575552	
-1875347.6114985286	97.025	8.325	110.4375	70.55	-54.01714476716659	867	282	128	14	243	151	66	7	74	48	0	0	6.6534905433654785	69440	6103.908877372742	58880	15.207373271889395	
-1250498.7647111167	97.975	8.15	106.1375	67.725	-54.01714476716659	868	282	122	11	213	131	80	7	82	53	0	0	7.047905206680298	69520	6110.956782579422	58952	15.201380897583434	
-1962864.8500133906	97.65	8.15	111.225	70.7625	-54.01714476716659	869	282	115	13	269	166	79	7	79	51	0	0	8.102405548095703	69600	6119.059188127518	59019	15.202586206896555	
-1412860.2567232277	97.6	7.95	107.1875	68.4625	-54.01714476716659	870	282	127	11	253	163	67	7	82	53	0	0	6.3478357791900635	69680	6125.407023906708	59083	15.208094144661317	
-1675376.6669907852	97.4375	8.0	103.625	66.3	-54.01714476716659	871	282	137	12	248	151	57	7	82	53	0	0	6.638214588165283	69760	6132.045238494873	59150	15.209288990825684	
-1900339.6229348585	98.6	8.0625	103.375	66.4375	-54.01714476716659	872	282	137	17	335	217	71	7	74	48	0	0	6.468650817871094	69840	6138.513889312744	59217	15.210481099656363	
-1537878.083395537	98.55	7.9125	105.2	67.1	-54.01714476716659	873	282	137	12	258	159	75	7	82	53	0	0	6.461884498596191	69920	6144.97577381134	59280	15.217391304347828	
-1662988.6514317147	97.5375	8.0375	106.9125	68.2625	-54.01714476716659	874	282	134	12	258	157	60	7	79	51	0	0	7.012954473495483	70000	6151.988728284836	59344	15.222857142857137	
-1162900.8454564016	99.85	8.05	107.225	68.525	-54.01714476716659	875	282	139	18	393	254	67	7	74	48	0	0	6.035034656524658	70080	6158.0237629413605	59408	15.228310502283108	
-1425409.1978937865	98.75	8.6625	122.4625	77.5125	-54.01714476716659	876	282	139	13	248	151	66	7	82	53	0	0	6.548601388931274	70160	6164.572364330292	59472	15.23375142531357	
-1625373.6172277292	97.8875	8.4	114.175	72.475	-54.01714476716659	877	282	148	15	251	153	35	7	80	52	0	0	6.465650320053101	70240	6171.038014650345	59535	15.240603644646924	
-2075397.1942391521	96.35	8.5	113.0875	72.0375	-54.01714476716659	878	282	131	14	237	149	52	7	80	52	0	0	7.057438850402832	70320	6178.095453500748	59598	15.24744027303754	
-1962922.5454548697	97.0	8.075	104.575	66.9375	-54.01714476716659	879	282	146	14	214	135	48	7	80	52	0	0	6.7680230140686035	70400	6184.863476514816	59661	15.254261363636374	
-1737823.600700799	97.75	8.05	105.1875	67.375	-54.01714476716659	880	282	137	11	221	140	57	7	82	53	0	0	6.31633996963501	70480	6191.179816484451	59726	15.258229284903521	
-2037788.93014207	97.9	8.177215189873417	104.70886075949367	67.10126582278481	-54.01714476716659	881	283	134	15.0	286.0	179.0	60	7.0	82.0	53.0	0	0	6.0556395053863525	70560	6197.235455989838	59789	15.265022675736958	
-1675484.3020771055	97.0	7.9875	102.625	65.775	-54.01714476716659	882	283	112	14	248	151	82	7	82	53	0	0	5.906782388687134	70640	6203.142238378525	59852	15.271800679501695	
-1825375.0481026836	97.0	8.1875	106.75	68.3875	-54.01714476716659	883	283	129	19	316	198	65	7	82	53	0	0	6.335648059844971	70720	6209.47788643837	59917	15.275735294117638	
-1200332.74097654	99.35	7.7375	98.75	63.2875	-54.01714476716659	884	283	127	14	300	183	67	7	82	53	0	0	7.332817554473877	70800	6216.810703992844	59981	15.281073446327682	
-1437773.0823375452	97.7125	7.9875	105.45	67.3875	-54.01714476716659	885	283	124	12	252	155	74	7	74	48	0	0	6.587649822235107	70880	6223.398353815079	60048	15.282167042889398	
-1287873.4392478694	97.95	8.20253164556962	113.60759493670886	72.36708860759494	-54.01714476716659	886	284	130	12.0	224.0	137.0	64	7.0	82.0	53.0	0	0	7.063668966293335	70960	6230.462022781372	60118	15.279030439684334	
-1875364.6095200952	98.7875	8.275	113.625	72.3125	-54.01714476716659	887	284	149	15	246	151	53	7	82	53	0	0	6.517148733139038	71040	6236.979171514511	60182	15.284346846846844	
-787797.7882303146	99.0	8.1	109.475	69.7125	-54.01714476716659	888	284	126	14	246	151	68	7	79	51	0	0	7.127100944519043	71120	6244.10627245903	60250	15.284026996625428	
-1812857.326012542	97.6875	8.025	106.075	67.6625	-54.01714476716659	889	284	129	13	259	158	77	7	82	53	0	0	7.20949125289917	71200	6251.315763711929	60313	15.290730337078656	
-1425383.255468289	98.075	8.1125	107.5375	68.675	-54.01714476716659	890	284	148	15	248	151	46	7	82	53	0	0	6.966955661773682	71280	6258.282719373703	60385	15.284792368125693	
-1525532.9907314575	97.7625	8.15	107.6625	68.7625	-54.01714476716659	891	284	123	14	229	143	71	7	74	48	0	0	7.138770580291748	71360	6265.421489953995	60459	15.27606502242152	
-1550366.8063782414	96.925	7.89873417721519	100.10126582278481	64.24050632911393	-54.01714476716659	892	285	143	13.0	248.0	151.0	51	7.0	82.0	53.0	0	0	5.560476541519165	71440	6270.981966495514	60518	15.288353863381857	
-2175336.648440775	95.35	8.0	103.825	66.4375	-54.01714476716659	893	285	128	14	217	134	65	7	82	53	0	0	6.120090007781982	71520	6277.102056503296	60581	15.295022371364652	
-1300300.464204677	95.3375	8.417721518987342	119.9367088607595	75.84810126582279	-54.01714476716659	894	286	128	15.0	360.0	217.0	45	7.0	82.0	53.0	0	0	8.026227712631226	71600	6285.128284215927	60643	15.30307262569832	
-1850401.9140979643	93.65	8.225	109.8375	70.0125	-54.01714476716659	895	286	117	16	316	190	52	7	82	53	0	0	6.141790390014648	71680	6291.270074605942	60705	15.311104910714292	
-1425383.7831419967	97.0	8.265822784810126	111.81012658227849	71.26582278481013	-54.01714476716659	896	287	130	15.0	292.0	176.0	64	7.0	79.0	51.0	0	0	6.728031873703003	71760	6297.998106479645	60769	15.316332218506133	
-1912870.9064333397	96.15	8.175	109.4375	69.7875	-54.01714476716659	897	287	171	13	243	151	24	7	74	48	0	0	6.41845440864563	71840	6304.41656088829	60836	15.317371937639194	
-1825375.0916467055	97.95	8.1625	112.3875	71.5625	-54.01714476716659	898	287	175	15	243	149	39	7	82	53	0	0	7.619752883911133	71920	6312.0363137722015	60902	15.31979977753059	
-1250296.948654312	98.7	8.2125	115.2375	73.15	-54.01714476716659	899	287	135	14	248	151	59	7	82	53	0	0	6.85968017578125	72000	6318.895993947983	60965	15.326388888888886	
-2262783.3787585385	99.2125	8.3875	117.9625	74.9625	-54.01714476716659	900	287	164	11	229	143	30	7	82	53	0	0	6.673757076263428	72080	6325.569751024246	61033	15.32602663706993	
-2050523.027317341	100.2	8.5875	122.9125	78.1	-54.01714476716659	901	287	169	15	379	245	48	7	82	53	0	0	7.40791130065918	72160	6332.977662324905	61103	15.32289356984478	
-1112881.0825379398	96.9125	7.925	105.9	67.5875	-54.01714476716659	902	287	126	15	292	183	68	7	82	53	0	0	6.444636106491089	72240	6339.4222984313965	61169	15.325304540420817	
-1125365.2185193226	97.0	8.0875	107.675	68.925	-54.01714476716659	903	287	120	16	403	257	74	7	82	53	0	0	7.429227352142334	72320	6346.851525783539	61233	15.330475663716811	
-1687764.8627538197	97.0	8.1875	106.8	68.0375	-54.01714476716659	904	287	124	14	267	165	70	7	82	53	0	0	6.380446672439575	72400	6353.231972455978	61296	15.337016574585633	
-1825313.3851482763	97.3	8.240506329113924	111.75949367088607	71.0886075949367	-54.01714476716659	905	288	162	16.0	248.0	151.0	32	7.0	82.0	53.0	0	0	5.980332136154175	72480	6359.212304592133	61358	15.344922737306845	
-1825336.7777024016	98.875	8.0125	104.4125	66.7625	-54.01714476716659	906	288	147	14	182	114	58	7	82	53	0	0	6.063705205917358	72560	6365.27600979805	61420	15.352811466372657	
-1437825.5821810302	95.9375	8.15	110.525	70.3125	-54.01714476716659	907	288	136	14	197	126	58	7	82	53	0	0	6.6064229011535645	72640	6371.8824326992035	61486	15.355176211453752	
-1225347.9281773225	97.1125	8.329113924050633	116.72151898734177	73.89873417721519	-54.01714476716659	908	289	139	12.0	227.0	139.0	55	7.0	82.0	53.0	0	0	8.049413919448853	72720	6379.931846618652	61555	15.353410341034106	
-2050346.9031686927	96.7125	8.2625	109.0125	69.5875	-54.01714476716659	909	289	149	13	237	147	45	7	80	52	0	0	6.272993087768555	72800	6386.204839706421	61618	15.359890109890102	
-1487869.022999638	96.9625	8.291139240506329	118.27848101265823	74.87341772151899	-54.01714476716659	910	290	138	13.0	315.0	196.0	56	7.0	80.0	52.0	0	0	6.869361877441406	72880	6393.074201583862	61681	15.366355653128423	
-1862855.6451574503	98.525	8.582278481012658	121.84810126582279	77.12658227848101	-54.01714476716659	911	291	172	15.0	264.0	166.0	22	7.0	80.0	52.0	0	0	6.760718107223511	72960	6399.834919691086	61748	15.367324561403507	
-1687952.18272895	101.275	8.379746835443038	112.9746835443038	71.73417721518987	-54.01714476716659	912	292	211	14.0	243.0	148.0	27	7.0	82.0	53.0	0	0	6.383915901184082	73040	6406.21883559227	61812	15.372398685651703	
-1137904.0285785925	97.875	8.1125	106.95	68.225	-54.01714476716659	913	292	172	15	250	157	62	7	80	52	0	0	7.4048051834106445	73120	6413.6236407756805	61873	15.381564551422315	
-1425379.7894683536	96.925	7.8734177215189876	101.0126582278481	64.63291139240506	-54.01714476716659	914	293	138	15.0	340.0	207.0	56	7.0	82.0	53.0	0	0	6.114752769470215	73200	6419.738393545151	61937	15.386612021857928	
-1762925.0567440696	96.5	8.2375	109.925	70.1125	-54.01714476716659	915	293	143	15	280	178	45	7	82	53	0	0	6.8081512451171875	73280	6426.546544790268	62005	15.386189956331876	
-2000443.655203209	96.35	8.278481012658228	112.44303797468355	71.58227848101266	-54.01714476716659	916	294	143	15.0	300.0	187.0	51	7.0	74.0	48.0	0	0	6.1849682331085205	73360	6432.7315130233765	62066	15.395310796074156	
-1175296.8382944989	97.0	7.9375	107.5625	68.6125	-54.01714476716659	917	294	134	13	273	170	60	7	82	53	0	0	5.857839107513428	73440	6438.58935213089	62127	15.404411764705884	
-2362839.634583664	96.85	7.875	98.4875	63.1375	-54.01714476716659	918	294	126	11	237	148	68	7	74	48	0	0	7.185184717178345	73520	6445.774536848068	62189	15.412132752992378	
-1362873.3062669076	96.675	7.9125	105.6125	67.2625	-54.01714476716659	919	294	125	13	313	190	69	7	82	53	0	0	6.304234266281128	73600	6452.078771114349	62254	15.415760869565219	
-1350472.8601841412	97.0	8.050632911392405	107.81012658227849	68.62025316455696	-54.01714476716659	920	295	131	13.0	248.0	151.0	63	7.0	79.0	51.0	0	0	6.12093710899353	73680	6458.199708223343	62316	15.423452768729646	
-1487840.4804587099	97.0	8.2375	115.95	73.6625	-54.01714476716659	921	295	128	13	271	166	66	7	82	53	0	0	6.5748841762542725	73760	6464.774592399597	62383	15.424349240780913	
-1437816.306660081	97.0	8.0625	109.425	69.6875	-54.01714476716659	922	295	139	14	283	175	55	7	82	53	0	0	5.9995644092559814	73840	6470.774156808853	62444	15.433369447453956	
-1962854.0721416562	98.3625	8.05	106.6125	68.075	-54.01714476716659	923	295	134	11	248	151	60	7	82	53	0	0	7.548499822616577	73920	6478.32265663147	62509	15.436958874458867	
-2162748.2627481082	97.75	8.10126582278481	108.55696202531645	69.36708860759494	-54.01714476716659	924	296	162	14.0	231.0	148.0	32	7.0	82.0	53.0	0	0	6.6030426025390625	74000	6484.925699234009	62576	15.437837837837847	
-1737849.521828662	98.15	8.05	102.9125	65.95	-54.01714476716659	925	296	129	14	219	138	65	7	82	53	0	0	6.22918963432312	74080	6491.154888868332	62641	15.441414686825055	
-1650303.2308877693	96.5125	7.8125	99.6625	63.925	-54.01714476716659	926	296	121	11	230	142	66	7	74	48	0	0	6.380391836166382	74160	6497.535280704498	62702	15.450377562028052	
-1987820.7731832392	97.0	7.9375	103.8375	66.5	-54.01714476716659	927	296	120	12	271	170	74	7	82	53	0	0	7.0940468311309814	74240	6504.629327535629	62769	15.451239224137936	
-1662831.8476399172	97.0	8.189873417721518	108.9367088607595	69.45569620253164	-54.01714476716659	928	297	173	12.0	204.0	128.0	21	7.0	82.0	53.0	0	0	7.3101396560668945	74320	6511.939467191696	62838	15.449407965554357	
-1350296.2393756476	97.1375	8.375	114.4875	72.675	-54.01714476716659	929	297	134	14	248	151	60	7	82	53	0	0	6.927082061767578	74400	6518.866549253464	62907	15.447580645161281	
-2525402.682230411	97.0	8.455696202531646	120.41772151898734	76.29113924050633	-54.01714476716659	930	298	181	14.0	285.0	175.0	13	7.0	79.0	51.0	0	0	7.313604116439819	74480	6526.180153369904	62976	15.445757250268528	
-1837940.9086154918	97.1375	8.227848101265822	111.21518987341773	70.9493670886076	-54.01714476716659	931	299	128	15.0	248.0	156.0	66	7.0	82.0	53.0	0	0	6.399611711502075	74560	6532.579765081406	63040	15.450643776824037	
-1100328.9758148403	97.7875	7.9125	106.125	67.8125	-54.01714476716659	932	299	127	15	284	182	67	7	82	53	0	0	7.601492881774902	74640	6540.1812579631805	63105	15.454180064308687	
-2575294.1855717166	97.0	8.3375	112.775	71.9	-54.01714476716659	933	299	125	15	344	207	69	7	74	48	0	0	7.004298448562622	74720	6547.185556411743	63173	15.453693790149885	
-1437847.8299294258	97.1875	8.5125	121.0625	76.725	-54.01714476716659	934	299	121	15	247	153	73	7	74	48	0	0	7.477221965789795	74800	6554.662778377533	63246	15.446524064171115	
-2100333.9714634083	97.3	8.4125	117.0125	74.3125	-54.01714476716659	935	299	131	13	230	144	63	7	82	53	0	0	6.241016149520874	74880	6560.903794527054	63308	15.45405982905983	
-2262875.4108610363	97.8	8.7375	121.1125	76.975	-54.01714476716659	936	299	131	15	299	181	65	7	82	53	0	0	8.039438009262085	74960	6568.943232536316	63379	15.449573105656341	
-2025447.3706656136	97.8375	8.5125	115.85	73.725	-54.01714476716659	937	299	140	15	278	178	57	7	80	52	0	0	7.59185528755188	75040	6576.535087823868	63446	15.450426439232416	
-1512933.8112846087	96.25	8.275	111.8375	71.1	-54.01714476716659	938	299	156	13	248	151	35	7	82	53	0	0	6.40519905090332	75120	6582.940286874771	63510	15.45527156549521	
-1987878.6168305937	97.125	8.5	117.7125	74.9	-54.01714476716659	939	299	120	15	344	207	74	7	82	53	0	0	6.849090814590454	75200	6589.789377689362	63577	15.456117021276597	
-1787801.9980362777	97.0125	8.217948717948717	110.61538461538461	70.35897435897436	-54.01714476716659	940	301	148	15.0	344.0	207.0	47	7.0	79.0	51.0	0	0	6.599137544631958	75280	6596.3885152339935	63644	15.456960680127523	
-1187788.5064436	97.375	8.7	125.75	79.5125	-54.01714476716659	941	301	148	16	344	207	65	7	82	53	0	0	8.377490997314453	75360	6604.766006231308	63711	15.457802547770711	
-1800391.1465345677	97.8375	8.35	112.9125	71.7625	-54.01714476716659	942	301	160	14	320	193	34	7	82	53	0	0	6.892096042633057	75440	6611.658102273941	63777	15.459968186638378	
-1500308.5744377116	98.6125	8.139240506329115	115.69620253164557	73.43037974683544	-54.01714476716659	943	302	142	14.0	357.0	217.0	52	7.0	82.0	53.0	0	0	7.013997554779053	75520	6618.67209982872	63846	15.45815677966101	
-1062850.807958226	96.9625	7.9125	109.1125	69.425	-54.01714476716659	944	302	116	10	226	141	52	7	74	48	0	0	6.069804906845093	75600	6624.741904735565	63911	15.461640211640216	
-1600371.836541457	96.7875	8.0	105.0875	67.1625	-54.01714476716659	945	302	122	13	308	193	52	7	74	48	0	0	6.262118101119995	75680	6631.004022836685	63976	15.465116279069775	
-1937865.7068392907	95.575	8.1125	106.8125	68.275	-54.01714476716659	946	302	134	15	340	207	58	7	79	51	0	0	7.477306604385376	75760	6638.481329441071	64041	15.468585005279834	
-2300334.1318100146	99.7875	8.2	107.5125	68.9	-54.01714476716659	947	302	161	15	288	187	58	7	82	53	0	0	6.675974607467651	75840	6645.157304048538	64107	15.470727848101262	
-1737814.3616741605	94.075	8.397435897435898	114.2051282051282	72.7948717948718	-54.01714476716659	948	304	144	15.0	291.0	187.0	50	7.0	82.0	53.0	0	0	6.397855758666992	75920	6651.555159807205	64171	15.475500526870391	
-1487828.4154272468	97.1375	8.275	110.9375	70.725	-54.01714476716659	949	304	157	14	242	152	37	7	82	53	0	0	6.632545709609985	76000	6658.187705516815	64242	15.471052631578956	
-1687808.5116674446	97.1	8.050632911392405	109.16455696202532	69.56962025316456	-54.01714476716659	950	305	155	13.0	205.0	128.0	39	7.0	79.0	51.0	0	0	6.144141912460327	76080	6664.3318474292755	64304	15.478443743427974	
-1875302.8462627972	97.0	8.175	111.7375	71.2	-54.01714476716659	951	305	152	13	248	151	67	7	74	48	0	0	7.704525947570801	76160	6672.036373376846	64368	15.483193277310932	
-1575341.204673749	96.825	8.5	119.1875	75.625	-54.01714476716659	952	305	125	15	366	229	69	7	82	53	0	0	6.554583549499512	76240	6678.590956926346	64434	15.485309548793282	
-1287917.473791089	96.95	8.1125	111.35	70.7	-54.01714476716659	953	305	134	14	248	151	60	7	82	53	0	0	6.347951650619507	76320	6684.938908576965	64497	15.491352201257854	
-1837877.099032557	97.0	8.175	106.5875	68.0875	-54.01714476716659	954	305	115	14	227	139	79	7	82	53	0	0	6.597475290298462	76400	6691.536383867264	64563	15.4934554973822	
-1550201.4635469713	97.7875	8.037974683544304	106.54430379746836	67.92405063291139	-54.01714476716659	955	306	138	13.0	234.0	146.0	56	7.0	80.0	52.0	0	0	6.696190118789673	76480	6698.2325739860535	64627	15.498169456066947	
-1425378.184264302	99.975	8.65	117.9625	74.9	-54.01714476716659	956	306	142	15	249	155	77	7	82	53	0	0	7.854512453079224	76560	6706.087086439133	64693	15.500261233019856	
-2000349.4980942286	99.95	8.556962025316455	118.64556962025317	75.39240506329114	-54.01714476716659	957	307	173	15.0	344.0	207.0	64	7.0	82.0	53.0	0	0	7.404973983764648	76640	6713.492060422897	64764	15.495824634655534	
-1912904.2735519852	100.275	8.487179487179487	118.34615384615384	75.15384615384616	-54.01714476716659	958	309	176	14.0	280.0	172.0	59	7.0	82.0	53.0	0	0	6.738354921340942	76720	6720.230415344238	64827	15.501824817518255	
-1925424.7612901262	99.7625	8.2375	110.6	70.5875	-54.01714476716659	959	309	176	14	234	150	78	7	82	53	0	0	6.977255821228027	76800	6727.207671165466	64897	15.498697916666671	
-1525308.4831682467	97.3125	8.5375	114.3125	72.9	-54.01714476716659	960	309	143	15	262	160	51	7	80	52	0	0	8.235965013504028	76880	6735.44363617897	64965	15.498178980228928	
-2137829.5085514924	95.0625	8.405063291139241	115.67088607594937	73.58227848101266	-54.01714476716659	961	310	182	13.0	271.0	166.0	19	7.0	82.0	53.0	0	0	6.257472515106201	76960	6741.7011086940765	65026	15.506756756756758	
-1925391.6753505697	96.0625	8.341772151898734	117.43037974683544	74.69620253164557	-54.01714476716659	962	311	136	14.0	299.0	181.0	58	7.0	82.0	53.0	0	0	6.426596641540527	77040	6748.127705335617	65089	15.512720664589821	
-1362960.9258207728	97.5125	8.4875	120.6625	76.4	-54.01714476716659	963	311	125	14	299	181	69	7	82	53	0	0	7.120073080062866	77120	6755.24777841568	65157	15.51218879668049	
-1725326.8674915426	98.375	8.075	107.3125	68.5375	-54.01714476716659	964	311	125	12	248	151	73	7	82	53	0	0	5.687175750732422	77200	6760.934954166412	65215	15.524611398963728	
-1525435.9388203123	97.1875	8.063291139240507	106.9873417721519	68.34177215189874	-54.01714476716659	965	312	143	13.0	303.0	188.0	52	7.0	80.0	52.0	0	0	7.544993877410889	77280	6768.479948043823	65282	15.525362318840578	
-1800308.1491441377	98.625	8.475	119.0625	75.75	-54.01714476716659	966	312	132	15	306	199	62	7	82	53	0	0	6.587209224700928	77360	6775.067157268524	65347	15.528697001034132	
-1175314.7649699657	100.275	7.975	107.6125	68.5	-54.01714476716659	967	312	134	14	327	199	60	7	79	51	0	0	6.119580268859863	77440	6781.186737537384	65410	15.534607438016536	
-1787825.6974471703	100.9375	8.341772151898734	113.50632911392405	72.10126582278481	-54.01714476716659	968	313	134	13.0	248.0	151.0	54	7.0	82.0	53.0	0	0	6.66748833656311	77520	6787.854225873947	65477	15.535345717234264	
-2387883.4358496927	94.3625	8.417721518987342	112.75949367088607	71.75949367088607	-54.01714476716659	969	314	137	13.0	284.0	173.0	54	7.0	82.0	53.0	0	0	6.761834383010864	77600	6794.616060256958	65542	15.538659793814432	
-2112834.376090011	98.3625	8.15	106.1625	67.875	-54.01714476716659	970	314	125	14	237	149	60	7	79	51	0	0	7.617088556289673	77680	6802.233148813248	65607	15.541967044284249	
-2125556.9936410375	98.8625	8.3375	112.775	71.925	-54.01714476716659	971	314	155	14	380	233	55	7	82	53	0	0	6.120747327804565	77760	6808.353896141052	65668	15.550411522633738	
-1463011.6264656137	97.7625	8.1	103.025	66.0875	-54.01714476716659	972	314	115	14	241	156	79	7	82	53	0	0	6.5462400913238525	77840	6814.900136232376	65732	15.554984583761566	
-1650338.3641358379	97.25	8.275	111.625	71.125	-54.01714476716659	973	314	128	14	250	160	66	7	79	51	0	0	6.215721368789673	77920	6821.115857601166	65794	15.562114989733061	
-2075294.8635678063	96.55	8.1625	110.4375	70.4125	-54.01714476716659	974	314	135	15	344	207	28	7	82	53	0	0	6.723470687866211	78000	6827.839328289032	65860	15.56410256410257	
-1175349.1442148157	96.525	8.05	108.35	69.0625	-54.01714476716659	975	314	124	12	248	151	51	7	82	53	0	0	7.011213779449463	78080	6834.850542068481	65922	15.57120901639344	
-1500268.6051696767	99.1	8.20253164556962	110.65822784810126	70.65822784810126	-54.01714476716659	976	315	132	14.0	320.0	197.0	62	7.0	82.0	53.0	0	0	6.852153301239014	78160	6841.7026953697205	65991	15.569344933469807	
-1950432.7510387837	97.675	8.0125	101.2625	64.9625	-54.01714476716659	977	315	130	14	271	169	64	7	82	53	0	0	6.217774152755737	78240	6847.920469522476	66058	15.5700408997955	
-1400378.30765035	95.9875	7.949367088607595	107.0632911392405	68.26582278481013	-54.01714476716659	978	316	138	12.0	214.0	133.0	56	7.0	82.0	53.0	0	0	6.048555374145508	78320	6853.969024896622	66118	15.579673135852914	
-2287949.2148931273	97.425	8.215189873417721	107.26582278481013	68.64556962025317	-54.01714476716659	979	317	139	12.0	248.0	151.0	55	7.0	79.0	51.0	0	0	6.049005508422852	78400	6860.018030405045	66178	15.589285714285722	
-1600325.5472283785	98.3	8.215189873417721	111.70886075949367	71.16455696202532	-54.01714476716659	980	318	165	14.0	293.0	179.0	21	7.0	79.0	51.0	0	0	7.607137680053711	78480	6867.625168085098	66240	15.596330275229349	
-1725273.0831261948	98.1125	8.1875	107.125	68.425	-54.01714476716659	981	318	130	14	241	152	64	7	79	51	0	0	5.806082487106323	78560	6873.431250572205	66302	15.603360488798373	
-1025309.1480037372	98.2	7.975	105.5875	67.5	-54.01714476716659	982	318	170	19	248	151	48	7	82	53	0	0	6.670432090759277	78640	6880.101682662964	66371	15.60147507629705	
-1862791.1017876095	96.675	7.9	100.8125	64.5625	-54.01714476716659	983	318	126	12	199	127	68	7	74	48	0	0	5.432010889053345	78720	6885.533693552017	66429	15.613567073170728	
-1537805.8931842202	96.0375	8.025	107.05	68.475	-54.01714476716659	984	318	152	12	220	137	42	7	79	51	0	0	5.584920406341553	78800	6891.118613958359	66488	15.6243654822335	
-1400369.4448315776	96.5875	7.625	95.3	61.25	-54.01714476716659	985	318	115	10	163	102	79	7	80	52	0	0	6.440276861190796	78880	6897.55889081955	66548	15.633874239350902	
-1350337.643804045	96.3125	7.784810126582278	97.9367088607595	62.81012658227848	-54.01714476716659	986	319	130	11.0	189.0	119.0	64	7.0	82.0	53.0	0	0	6.601616621017456	78960	6904.160507440567	66618	15.630699088145889	
-1237927.7595255345	97.0125	7.9375	104.9875	67.025	-54.01714476716659	987	319	133	15	249	153	61	7	79	51	0	0	6.117236614227295	79040	6910.277744054794	66680	15.637651821862349	
-1475285.906575345	97.75	7.8625	101.7625	65.2625	-54.01714476716659	988	319	127	14	242	151	67	7	82	53	0	0	6.42872953414917	79120	6916.7064735889435	66747	15.638270980788676	
-1050389.6075345166	97.2625	7.95	107.85	68.8625	-54.01714476716659	989	319	129	11	303	190	65	7	82	53	0	0	6.162811040878296	79200	6922.869284629822	66812	15.641414141414145	
-2387799.1096010813	97.3	8.3875	110.85	70.8	-54.01714476716659	990	319	133	17	277	174	61	7	80	52	0	0	8.416208982467651	79280	6931.285493612289	66882	15.638244197780011	
-1425309.6812558956	97.7375	7.9125	107.1375	68.3625	-54.01714476716659	991	319	132	15	324	207	60	7	82	53	0	0	6.370703935623169	79360	6937.656197547913	66947	15.641381048387089	
-2875300.689723459	101.3	8.215189873417721	109.55696202531645	69.86075949367088	-54.01714476716659	992	320	134	14.0	229.0	142.0	64	7.0	74.0	48.0	0	0	6.7068727016448975	79440	6944.3630702495575	67016	15.639476334340387	
-1262842.813440511	100.95	8.1375	108.125	68.9875	-54.01714476716659	993	320	152	16	226	143	74	7	82	53	0	0	5.793289661407471	79520	6950.156359910965	67078	15.646378269617713	
-1687834.8510609283	97.0	8.2875	115.1625	73.125	-54.01714476716659	994	320	151	15	259	164	43	7	80	52	0	0	7.35768985748291	79600	6957.514049768448	67151	15.6394472361809	
-1200423.599707671	96.425	8.405063291139241	118.48101265822785	75.0126582278481	-54.01714476716659	995	321	160	15.0	248.0	151.0	34	7.0	82.0	53.0	0	0	8.343954086303711	79680	6965.858003854752	67220	15.637550200803204	
-1775320.936157933	97.0	8.175	113.7875	72.225	-54.01714476716659	996	321	136	15	344	207	58	7	79	51	0	0	6.792147159576416	79760	6972.650151014328	67286	15.639418254764294	
-1825327.6720725056	97.95	8.1625	110.2375	70.25	-54.01714476716659	997	321	136	15	248	151	58	7	82	53	0	0	6.29045844078064	79840	6978.940609455109	67349	15.645040080160328	
-1275332.90477947	97.0	8.468354430379748	123.11392405063292	77.9746835443038	-54.01714476716659	998	322	144	15.0	248.0	151.0	50	7.0	82.0	53.0	0	0	7.118636608123779	79920	6986.059246063232	67416	15.645645645645644	
-1500374.1024562407	96.9625	8.448717948717949	114.35897435897436	72.85897435897436	-54.01714476716659	999	324	164	15.0	278.0	174.0	30	7.0	82.0	53.0	0	0	6.040210962295532	80000	6992.099457025528	67476	15.655000000000001	
-1125427.4208248188	99.2375	8.0875	105.6125	67.4875	-54.01714476716659	1000	324	152	14	282	175	65	7	82	53	0	0	7.698665142059326	80080	6999.798122167587	67542	15.656843156843152	
-1350305.5386305712	97.0	8.1	109.2375	69.625	-54.01714476716659	1001	324	121	13	252	155	73	7	82	53	0	0	6.165868043899536	80160	7005.963990211487	67606	15.661177644710577	
-1400366.9535421338	96.125	8.0625	108.6125	69.125	-54.01714476716659	1002	324	126	14	248	151	44	7	74	48	0	0	5.914503335952759	80240	7011.87849354744	67667	15.669242273180458	
-1262885.2569096114	97.0875	7.95	105.475	67.3125	-54.01714476716659	1003	324	122	11	179	111	73	7	82	53	0	0	6.37890100479126	80320	7018.257394552231	67731	15.673555776892428	
-2262816.723032422	98.5625	8.4125	112.2625	71.5625	-54.01714476716659	1004	324	129	13	333	201	65	7	80	52	0	0	6.676682472229004	80400	7024.93407702446	67797	15.675373134328368	
-2800397.459568397	96.3625	8.6875	124.5875	79.0	-54.01714476716659	1005	324	132	14	322	199	62	7	74	48	0	0	8.459093570709229	80480	7033.393170595169	67863	15.677186878727639	
-1812753.1379898072	95.9375	8.8875	128.5375	81.4	-54.01714476716659	1006	324	152	15	318	195	37	7	82	53	0	0	7.085736274719238	80560	7040.478906869888	67927	15.681479642502481	
-925430.2114677851	97.0	8.0625	108.4125	68.8875	-54.01714476716659	1007	324	145	14	246	151	49	7	82	53	0	0	5.290143251419067	80640	7045.769050121307	67980	15.699404761904773	
-1887897.2874494332	98.175	8.325	110.075	70.25	-54.01714476716659	1008	324	145	15	248	151	71	7	82	53	0	0	6.188253879547119	80720	7051.9573040008545	68042	15.706144697720518	
-1800396.3466123021	98.525	8.50632911392405	120.0126582278481	76.12658227848101	-54.01714476716659	1009	325	169	15.0	305.0	186.0	48	7.0	80.0	52.0	0	0	7.048368215560913	80800	7059.005672216415	68109	15.706683168316829	
-1737913.0872660906	96.05	8.275	116.625	74.125	-54.01714476716659	1010	325	116	12	293	182	73	7	82	53	0	0	7.726897239685059	80880	7066.7325694561005	68173	15.710929772502467	
-1675314.1499977056	97.525	8.15	108.775	69.2875	-54.01714476716659	1011	325	144	14	249	152	50	7	82	53	0	0	6.129733324050903	80960	7072.862302780151	68237	15.71516798418972	
-1812816.5598838634	97.1	8.0	106.1125	67.7625	-54.01714476716659	1012	325	123	16	225	142	71	7	82	53	0	0	6.423634767532349	81040	7079.285937547684	68303	15.716929911154992	
-1662795.3818056558	96.025	8.1375	105.8375	67.6625	-54.01714476716659	1013	325	130	16	393	248	47	7	82	53	0	0	6.134196043014526	81120	7085.420133590698	68368	15.719921104536496	
-1750254.3334624153	97.6	8.151898734177216	107.0126582278481	68.34177215189874	-54.01714476716659	1014	326	166	14.0	218.0	135.0	11	7.0	82.0	53.0	0	0	6.051570653915405	81200	7091.471704244614	68430	15.726600985221665	
-1362789.8405180417	97.7875	8.0625	107.5875	68.675	-54.01714476716659	1015	326	126	13	258	158	79	7	82	53	0	0	7.016995429992676	81280	7098.488699674606	68487	15.739419291338592	
-1637871.5102982558	97.4375	8.125	108.7625	69.3875	-54.01714476716659	1016	326	128	15	275	174	67	7	79	51	0	0	6.9154887199401855	81360	7105.4041883945465	68555	15.738692232055058	
-2362902.8641878925	97.425	8.518987341772151	122.0506329113924	77.30379746835443	-54.01714476716659	1017	327	134	13.0	232.0	144.0	60	7.0	82.0	53.0	0	0	7.16900897026062	81440	7112.573197364807	68625	15.73551080550098	
-1475470.0782537344	97.15	8.0375	104.7375	66.9125	-54.01714476716659	1018	327	109	13	248	151	85	7	74	48	0	0	6.087685585021973	81520	7118.660882949829	68689	15.739695780176646	
-2225380.691512549	97.25	8.05	106.875	68.2375	-54.01714476716659	1019	327	128	13	248	151	66	7	80	52	0	0	6.482996702194214	81600	7125.143879652023	68753	15.743872549019613	
-1625349.5962256375	97.35	7.848101265822785	104.54430379746836	66.88607594936708	-54.01714476716659	1020	328	159	14.0	207.0	129.0	35	7.0	82.0	53.0	0	0	7.16528844833374	81680	7132.309168100357	68815	15.750489715964747	
-1125325.3342167432	97.0375	8.0	109.2875	69.6	-54.01714476716659	1021	328	125	12	234	146	66	7	82	53	0	0	5.975766181945801	81760	7138.284934282303	68875	15.759540117416833	
-1412838.0216288264	97.0625	7.9375	105.2875	67.15	-54.01714476716659	1022	328	112	15	254	158	82	7	79	51	0	0	5.89832615852356	81840	7144.183260440826	68934	15.76979472140762	
-1375330.2814446527	97.0	8.05	110.6	70.3	-54.01714476716659	1023	328	135	15	344	207	59	7	82	53	0	0	6.351696491241455	81920	7150.534956932068	68994	15.77880859375	
-1662828.4916433243	97.05	8.225	111.3125	70.8625	-54.01714476716659	1024	328	128	12	259	158	66	7	82	53	0	0	6.991784572601318	82000	7157.526741504669	69058	15.782926829268291	
-1975519.070526945	97.35	8.430379746835444	115.0886075949367	73.35443037974683	-54.01714476716659	1025	329	157	15.0	248.0	151.0	37	7.0	82.0	53.0	0	0	7.964903354644775	82080	7165.491644859314	69125	15.7833820662768	
-1412849.497588538	97.6375	7.95	104.05	66.5125	-54.01714476716659	1026	329	133	11	248	151	77	7	82	53	0	0	6.263353109359741	82160	7171.754997968674	69188	15.788704965920147	
-1425372.2292861384	97.45	8.1375	110.7125	70.4875	-54.01714476716659	1027	329	133	13	248	151	65	7	82	53	0	0	6.146264553070068	82240	7177.901262521744	69250	15.795233463035018	
-1400395.621651087	97.0	8.189873417721518	109.17721518987342	69.50632911392405	-54.01714476716659	1028	330	178	16.0	299.0	191.0	16	7.0	80.0	52.0	0	0	6.083977937698364	82320	7183.985240459442	69312	15.801749271137027	
-2300385.809608782	97.0	8.225	112.825	71.7	-54.01714476716659	1029	330	128	15	237	147	66	7	82	53	0	0	6.922441482543945	82400	7190.907681941986	69379	15.802184466019426	
-1900222.458131519	96.5875	8.35	115.975	73.7	-54.01714476716659	1030	330	126	13	292	182	68	7	82	53	0	0	8.309018611907959	82480	7199.216700553894	69449	15.79898157129	
-2050422.8814058236	97.8625	8.481012658227849	115.0126582278481	73.12658227848101	-54.01714476716659	1031	331	160	15.0	258.0	158.0	43	7.0	79.0	51.0	0	0	7.065241575241089	82560	7206.281942129135	69519	15.795784883720927	
-1900333.475411489	96.825	8.320512820512821	115.35897435897436	73.25641025641026	-54.01714476716659	1032	333	143	16.0	389.0	241.0	51	7.0	80.0	52.0	0	0	6.858840227127075	82640	7213.140782356262	69583	15.799854791868341	
-1700393.1596253954	97.0	8.225	111.0375	70.7625	-54.01714476716659	1033	333	151	15	344	207	43	7	82	53	0	0	7.248393774032593	82720	7220.389176130295	69654	15.795454545454547	
-1475355.6944114505	97.5875	8.25	114.35	72.6	-54.01714476716659	1034	333	145	15	344	207	49	7	80	52	0	0	8.07897686958313	82800	7228.468152999878	69718	15.799516908212567	
-1500390.6193233153	98.2875	7.95	104.4625	66.925	-54.01714476716659	1035	333	144	15	293	185	80	7	82	53	0	0	6.528918027877808	82880	7234.997071027756	69784	15.801158301158296	
-912841.1506910954	98.6625	7.7375	97.7	62.65	-54.01714476716659	1036	333	144	11	192	119	90	7	82	53	0	0	6.0913920402526855	82960	7241.088463068008	69849	15.804001928640304	
-1412827.0005851777	98.3375	7.8625	101.0	64.6375	-54.01714476716659	1037	333	144	12	217	134	63	7	82	53	0	0	6.0287041664123535	83040	7247.117167234421	69913	15.808044315992305	
-1512964.5177144378	98.0	8.15	110.75	70.6125	-54.01714476716659	1038	333	133	15	344	207	70	7	82	53	0	0	6.6804022789001465	83120	7253.797569513321	69980	15.8084696823869	
-1862758.4030246239	96.65	8.1375	111.175	70.825	-54.01714476716659	1039	333	156	14	248	151	21	7	82	53	0	0	7.972524881362915	83200	7261.770094394684	70049	15.806490384615373	
-1212820.443182039	97.0375	8.325	110.55	70.55	-54.01714476716659	1040	333	152	15	240	146	42	7	82	53	0	0	6.426832675933838	83280	7268.196927070618	70115	15.808117195004797	
-1262827.8603198992	102.0	8.151898734177216	104.58227848101266	66.92405063291139	-54.01714476716659	1041	334	152	12.0	224.0	137.0	56	7.0	79.0	51.0	0	0	6.50919246673584	83360	7274.7061195373535	70181	15.809740882917467	
-1875514.6181703215	100.875	8.3	113.4	72.2125	-54.01714476716659	1042	334	158	15	432	267	58	7	80	52	0	0	6.477661609649658	83440	7281.183781147003	70244	15.814956855225319	
-1612833.054150362	100.55	7.8875	101.075	64.7125	-54.01714476716659	1043	334	139	11	224	140	68	7	74	48	0	0	6.267165422439575	83520	7287.450946569443	70307	15.820162835249036	
-1825483.705386964	98.25	7.975	108.6125	69.175	-54.01714476716659	1044	334	123	15	249	155	76	7	82	53	0	0	8.111238241195679	83600	7295.562184810638	70375	15.819377990430624	
-1537854.2300957553	97.7875	8.25	112.775	71.7625	-54.01714476716659	1045	334	130	15	248	151	64	7	82	53	0	0	6.263702869415283	83680	7301.825887680054	70439	15.82337476099427	
-1587757.6834323353	97.9	8.2	111.1	70.65	-54.01714476716659	1046	334	169	13	237	147	39	7	82	53	0	0	5.762181997299194	83760	7307.588069677353	70495	15.836914995224447	
-1262837.9547052153	97.025	8.05	113.6875	72.0625	-54.01714476716659	1047	334	120	13	248	151	74	7	82	53	0	0	6.8831562995910645	83840	7314.471225976944	70561	15.83850190839695	
-1750314.27324191	96.3875	8.341772151898734	112.62025316455696	71.78481012658227	-54.01714476716659	1048	335	158	13.0	248.0	151.0	28	7.0	82.0	53.0	0	0	7.043968677520752	83920	7321.515194654465	70627	15.840085795996188	
-1550286.7270747896	96.6	8.405063291139241	121.13924050632912	76.75949367088607	-54.01714476716659	1049	336	163	16.0	385.0	235.0	28	7.0	80.0	52.0	0	0	7.351093053817749	84000	7328.8662877082825	70692	15.842857142857142	
-1862835.2435209234	97.6125	8.227848101265822	110.20253164556962	70.26582278481013	-54.01714476716659	1050	337	142	12.0	248.0	151.0	56	7.0	74.0	48.0	0	0	6.40278172492981	84080	7335.269069433212	70756	15.846812559467168	
-1825335.009582222	97.0125	8.1	110.7	70.6125	-54.01714476716659	1051	337	152	16	393	248	42	7	80	52	0	0	6.744204998016357	84160	7342.013274431229	70821	15.849572243346017	
-1887944.2474638312	99.125	8.075	107.975	68.8875	-54.01714476716659	1052	337	128	13	217	141	69	7	79	51	0	0	6.943871736526489	84240	7348.957146167755	70892	15.845204178537514	
-1387943.4269475513	99.95	8.575	118.6875	75.4375	-54.01714476716659	1053	337	167	16	343	210	58	7	82	53	0	0	8.206854820251465	84320	7357.164000988007	70960	15.844402277039848	
-2412847.3846158846	98.8375	8.725	119.6875	76.325	-54.01714476716659	1054	337	143	14	290	181	51	7	82	53	0	0	7.284716606140137	84400	7364.448717594147	71029	15.842417061611371	
-1912817.0159450106	96.3375	8.625	125.4125	79.5	-54.01714476716659	1055	337	153	14	285	178	54	7	82	53	0	0	7.102959871292114	84480	7371.551677465439	71097	15.841619318181827	
-1850340.0661864239	94.025	8.346153846153847	119.21794871794872	75.66666666666667	-54.01714476716659	1056	339	130	13.0	280.0	172.0	63	7.0	74.0	48.0	0	0	6.895759105682373	84560	7378.447436571121	71164	15.842005676442767	
-1812767.7930695764	97.1	8.0625	106.1	67.75	-54.01714476716659	1057	339	121	12	248	154	63	7	82	53	0	0	7.1073668003082275	84640	7385.554803371429	71235	15.83766540642722	
-1375387.9482798395	96.7625	7.9625	106.4125	67.925	-54.01714476716659	1058	339	118	12	284	173	63	7	82	53	0	0	7.485576152801514	84720	7393.040379524231	71298	15.842776203965997	
-1337773.1130280376	96.9625	8.0625	109.8625	70.075	-54.01714476716659	1059	339	113	15	375	230	81	7	82	53	0	0	6.679563283920288	84800	7399.719942808151	71364	15.844339622641513	
-1962932.4829206348	96.975	7.962025316455696	103.15189873417721	66.07594936708861	-54.01714476716659	1060	340	134	14.0	258.0	161.0	60	7.0	82.0	53.0	0	0	6.3308515548706055	84880	7406.050794363022	71431	15.844721960414702	
-1975366.0102640633	97.325	8.341772151898734	116.75949367088607	74.40506329113924	-54.01714476716659	1061	341	144	15.0	295.0	188.0	50	7.0	82.0	53.0	0	0	6.107888221740723	84960	7412.158682584763	71491	15.85334274952919	
-1112811.335643766	97.4	7.8875	102.425	65.475	-54.01714476716659	1062	341	132	12	248	151	69	7	74	48	0	0	6.053728818893433	85040	7418.212411403656	71553	15.859595484477893	
-1575364.045811919	97.0	7.8125	97.875	62.8125	-54.01714476716659	1063	341	129	12	243	151	65	7	82	53	0	0	6.935484886169434	85120	7425.147896289825	71611	15.870535714285722	
-1387825.4500256602	97.0	8.2625	113.6375	72.1625	-54.01714476716659	1064	341	128	14	329	200	66	7	82	53	0	0	6.395291090011597	85200	7431.543187379837	71673	15.876760563380273	
-1425339.9060890884	96.7625	8.1	107.425	68.4	-54.01714476716659	1065	341	134	11	248	151	60	7	82	53	0	0	6.339026212692261	85280	7437.882213592529	71738	15.879455909943715	
-1600292.9863169368	96.975	8.1125	110.6625	70.4125	-54.01714476716659	1066	341	133	14	248	151	61	7	74	48	0	0	6.804254055023193	85360	7444.6864676475525	71803	15.882146204311155	
-1475324.6690603765	96.6625	8.2625	112.3875	71.45	-54.01714476716659	1067	341	120	16	344	207	66	7	74	48	0	0	6.433679103851318	85440	7451.120146751404	71869	15.883661048689135	
-2262886.8208253505	95.75	8.0625	105.95	67.8875	-54.01714476716659	1068	341	128	14	248	151	66	7	74	48	0	0	7.432784557342529	85520	7458.552931308746	71930	15.891019644527589	
-1212954.928314974	95.8375	8.025	105.375	67.3	-54.01714476716659	1069	341	128	13	235	149	66	7	82	53	0	0	5.6927573680877686	85600	7464.245688676834	71989	15.900700934579433	
-1862779.6204577654	96.7375	8.1375	109.2875	69.8375	-54.01714476716659	1070	341	122	12	258	162	72	7	82	53	0	0	6.308100700378418	85680	7470.5537893772125	72053	15.904528478057884	
-1712753.7832006372	97.15	7.9125	102.45	65.5125	-54.01714476716659	1071	341	117	11	289	176	78	7	79	51	0	0	5.922178745269775	85760	7476.475968122482	72112	15.914179104477611	
-1537971.2239042018	96.8	7.9625	101.175	64.7875	-54.01714476716659	1072	341	133	11	248	151	61	7	79	51	0	0	6.05450439453125	85840	7482.530472517014	72176	15.917986952469704	
-2200332.943017707	97.9	8.240506329113924	108.45569620253164	69.15189873417721	-54.01714476716659	1073	342	139	13.0	231.0	140.0	34	7.0	82.0	53.0	0	0	7.855343341827393	85920	7490.385815858841	72246	15.914804469273747	
-1762743.0329799042	97.475	8.225	112.5625	71.7	-54.01714476716659	1074	342	122	14	283	177	61	7	82	53	0	0	6.267625331878662	86000	7496.65344119072	72307	15.922093023255812	
-2087884.64247648	98.375	8.1125	106.95	68.325	-54.01714476716659	1075	342	130	14	301	187	69	7	74	48	0	0	6.726718902587891	86080	7503.3801600933075	72374	15.92239776951672	
-2000333.0187645354	98.325	8.075	105.9375	67.7375	-54.01714476716659	1076	342	173	11	248	151	43	7	80	52	0	0	6.512715101242065	86160	7509.89287519455	72439	15.925023212627664	
-2087857.7886133827	100.775	8.4375	113.0125	72.0625	-54.01714476716659	1077	342	143	14	250	159	58	7	82	53	0	0	6.6854002475738525	86240	7516.578275442123	72504	15.927643784786639	
-2175368.9177417248	102.45	8.582278481012658	118.50632911392405	75.20253164556962	-54.01714476716659	1078	343	185	13.0	267.0	169.0	49	7.0	80.0	52.0	0	0	8.045838594436646	86320	7524.62411403656	72568	15.931417979610757	
-1487866.7168345102	99.8125	8.25	108.2625	69.05	-54.01714476716659	1079	343	167	11	251	156	60	7	82	53	0	0	6.108035326004028	86400	7530.732149362564	72634	15.932870370370367	
-1375345.0887261012	99.075	8.1125	112.9	71.8625	-54.01714476716659	1080	343	137	12	248	157	62	7	82	53	0	0	6.302030324935913	86480	7537.0341796875	72697	15.937789084181304	
-1950372.748573678	97.7	8.1375	107.5375	68.6375	-54.01714476716659	1081	343	147	14	248	151	47	7	74	48	0	0	6.117106676101685	86560	7543.151286363602	72759	15.943853974121993	
-1262725.1492966588	99.325	8.175	114.9875	73.025	-54.01714476716659	1082	343	147	13	248	151	77	7	82	53	0	0	6.692007064819336	86640	7549.843293428421	72824	15.946445060018462	
-1575375.6640903787	98.35	8.025	106.775	68.2375	-54.01714476716659	1083	343	126	14	273	170	70	7	82	53	0	0	7.221139669418335	86720	7557.064433097839	72886	15.952490774907744	
-2012857.186790201	96.7375	8.3375	115.075	73.2375	-54.01714476716659	1084	343	133	14	211	133	61	7	82	53	0	0	6.7598044872283936	86800	7563.824237585068	72954	15.951612903225808	
-1325366.4265980413	96.9375	8.102564102564102	114.6923076923077	72.76923076923077	-54.01714476716659	1085	345	172	14.0	248.0	151.0	22	7.0	82.0	53.0	0	0	6.157928466796875	86880	7569.982166051865	73016	15.957642725598532	
-2012814.0235204697	97.875	8.253164556962025	114.26582278481013	72.73417721518987	-54.01714476716659	1086	346	138	14.0	298.0	183.0	63	7.0	79.0	51.0	0	0	6.5039381980896	86960	7576.486104249954	73079	15.962511499540028	
-1375413.4367609073	97.7	7.975	102.1625	65.3625	-54.01714476716659	1087	346	158	11	248	151	62	7	82	53	0	0	6.530519247055054	87040	7583.016623497009	73146	15.962775735294116	
-1675406.2032405448	98.025	8.4375	112.275	71.7875	-54.01714476716659	1088	346	158	14	227	145	72	7	82	53	0	0	7.371319532394409	87120	7590.387943029404	73210	15.966483011937555	
-1837897.374369898	97.225	7.8875	105.2125	67.2375	-54.01714476716659	1089	346	135	12	237	147	59	7	82	53	0	0	6.098408222198486	87200	7596.486351251602	73273	15.971330275229363	
-1362925.0943901255	97.2	8.1125	112.8125	71.8	-54.01714476716659	1090	346	115	15	368	221	79	7	82	53	0	0	6.560513734817505	87280	7603.04686498642	73336	15.976168652612273	
-1487849.1493480022	97.15	8.240506329113924	110.59493670886076	70.51898734177215	-54.01714476716659	1091	347	164	14.0	248.0	151.0	30	7.0	80.0	52.0	0	0	6.264954090118408	87360	7609.311819076538	73399	15.980998168498175	
-1687873.0733027756	97.0	7.925	103.4875	66.1	-54.01714476716659	1092	347	134	12	246	151	60	7	80	52	0	0	6.825001001358032	87440	7616.136820077896	73460	15.988106129917654	
-1487850.4701510898	97.075	8.08860759493671	109.89873417721519	70.0	-54.01714476716659	1093	348	127	12.0	248.0	151.0	67	7.0	74.0	48.0	0	0	7.142450571060181	87520	7623.279270648956	73528	15.987202925045708	
-1650499.3955244788	95.9875	8.354430379746836	114.0886075949367	72.64556962025317	-54.01714476716659	1094	349	134	15.0	300.0	184.0	60	7.0	82.0	53.0	0	0	6.629295825958252	87600	7629.908566474915	73595	15.987442922374427	
-2112909.4571792646	97.4875	8.2375	111.025	70.9625	-54.01714476716659	1095	349	134	15	288	177	60	7	82	53	0	0	6.871755599975586	87680	7636.78032207489	73663	15.986541970802918	
-2350318.1371729495	97.0875	7.784810126582278	97.77215189873418	62.77215189873418	-54.01714476716659	1096	350	132	13.0	199.0	128.0	62	7.0	82.0	53.0	0	0	6.1290905475616455	87760	7642.909412622452	73727	15.990200546946227	
-1975306.4818932763	98.975	7.8734177215189876	102.82278481012658	65.73417721518987	-54.01714476716659	1097	351	132	11.0	248.0	151.0	66	7.0	82.0	53.0	0	0	7.22072958946228	87840	7650.130142211914	73791	15.993852459016395	
-1600256.2875635643	97.0	7.8734177215189876	102.89873417721519	65.79746835443038	-54.01714476716659	1098	352	131	12.0	248.0	151.0	63	7.0	80.0	52.0	0	0	5.930539608001709	87920	7656.060681819916	73851	16.002047315741592	
-1300334.342593397	97.0	7.9375	102.8375	65.725	-54.01714476716659	1099	352	114	15	248	151	80	7	82	53	0	0	6.234318017959595	88000	7662.294999837875	73919	16.001136363636363	
-2112863.220470792	97.0	8.1	108.9	69.475	-54.01714476716659	1100	352	126	12	269	166	68	7	74	48	0	0	7.036682367324829	88080	7669.3316822052	73988	15.999091734786546	
-1787874.4994101885	96.675	7.9625	105.8875	67.55	-54.01714476716659	1101	352	129	11	248	151	65	7	79	51	0	0	5.97984766960144	88160	7675.311529874802	74052	16.002722323049	
-1975388.648669043	96.8	8.3125	115.3875	73.4875	-54.01714476716659	1102	352	142	12	238	150	52	7	82	53	0	0	7.522989511489868	88240	7682.8345193862915	74117	16.005213055303713	
-1587820.152892209	96.0875	8.2125	110.75	70.5375	-54.01714476716659	1103	352	119	15	274	168	70	7	82	53	0	0	6.574355840682983	88320	7689.4088752269745	74181	16.008831521739125	
-1300357.772563551	96.6625	8.225	114.6125	72.7125	-54.01714476716659	1104	352	157	14	264	160	37	7	82	53	0	0	6.797794818878174	88400	7696.206670045853	74246	16.011312217194572	
-1100362.3590477423	97.0	8.08860759493671	108.10126582278481	68.9493670886076	-54.01714476716659	1105	353	142	14.0	263.0	166.0	52	7.0	82.0	53.0	0	0	6.450505018234253	88480	7702.657175064087	74309	16.016048824593128	
-1150392.0235021769	97.6375	8.375	115.1125	73.2375	-54.01714476716659	1106	353	158	14	278	173	37	7	82	53	0	0	7.023151397705078	88560	7709.680326461792	74376	16.016260162601625	
-1812771.298513731	99.85	8.531645569620252	118.31645569620254	75.30379746835443	-54.01714476716659	1107	354	170	18.0	246.0	151.0	24	7.0	82.0	53.0	0	0	8.175249099731445	88640	7717.855575561523	74442	16.017599277978334	
-2337818.07363538	97.2625	8.2875	111.6375	71.35	-54.01714476716659	1108	354	158	16	420	269	36	7	79	51	0	0	6.579624176025391	88720	7724.435199737549	74505	16.022317403065827	
-1837842.70292721	97.3875	8.177215189873417	112.40506329113924	71.48101265822785	-54.01714476716659	1109	355	143	15.0	274.0	167.0	52	7.0	82.0	53.0	0	0	6.10609245300293	88800	7730.541292190552	74566	16.02927927927928	
-1487843.9056995898	97.0	8.282051282051283	110.7051282051282	70.76923076923077	-54.01714476716659	1110	357	140	21.0	406.0	262.0	54	7.0	82.0	53.0	0	0	5.6506242752075195	88880	7736.191916465759	74624	16.039603960396036	
-1650327.4288087096	97.4375	8.05	106.0875	67.6875	-54.01714476716659	1111	357	139	13	250	152	55	7	80	52	0	0	6.484172821044922	88960	7742.676089286804	74691	16.03979316546763	
-1462792.1980539493	98.1375	8.063291139240507	108.56962025316456	69.35443037974683	-54.01714476716659	1112	358	154	13.0	260.0	167.0	47	7.0	82.0	53.0	0	0	7.634558916091919	89040	7750.310648202896	74756	16.042228212039532	
-1625307.0558696403	98.275	8.3875	116.5125	73.95	-54.01714476716659	1113	358	154	14	248	151	69	7	74	48	0	0	7.127901554107666	89120	7757.438549757004	74821	16.044658886894084	
-1462911.2282437112	96.75	8.49367088607595	120.0886075949367	76.21518987341773	-54.01714476716659	1114	359	146	14.0	235.0	149.0	48	7.0	82.0	53.0	0	0	6.7686927318573	89200	7764.207242488861	74888	16.044843049327355	
-1537900.2738371019	97.6375	8.25	113.0125	71.925	-54.01714476716659	1115	359	154	14	212	131	61	7	82	53	0	0	6.143744230270386	89280	7770.3509867191315	74951	16.049507168458774	
-1537932.030207041	98.575	8.275	110.125	70.2375	-54.01714476716659	1116	359	154	14	269	166	76	7	80	52	0	0	6.721037149429321	89360	7777.072023868561	75017	16.05080572963294	
-1062878.0432122513	97.575	7.9125	103.6375	66.0375	-54.01714476716659	1117	359	120	11	224	137	80	7	74	48	0	0	7.3842692375183105	89440	7784.456293106079	75082	16.053220035778168	
-1862766.139629832	97.8625	8.1125	105.0	67.1375	-54.01714476716659	1118	359	129	12	178	112	65	7	82	53	0	0	6.136726140975952	89520	7790.593019247055	75148	16.054512957998213	
-1762807.7271203971	96.925	8.0625	109.8625	69.9625	-54.01714476716659	1119	359	118	13	243	150	76	7	82	53	0	0	6.6239964962005615	89600	7797.217015743256	75215	16.0546875	
-1400342.4492825374	96.925	7.860759493670886	103.35443037974683	65.9620253164557	-54.01714476716659	1120	360	137	15.0	344.0	207.0	55	7.0	80.0	52.0	0	0	6.187492847442627	89680	7803.404508590698	75280	16.057091882248002	
-1787837.749543807	97.0	8.05	106.4125	67.95	-54.01714476716659	1121	360	165	14	259	166	29	7	82	53	0	0	6.643737077713013	89760	7810.048245668411	75344	16.060606060606062	
-1962798.95990658	97.0	8.0875	110.0	70.125	-54.01714476716659	1122	360	135	12	248	151	59	7	82	53	0	0	7.321651458740234	89840	7817.3698971271515	75408	16.064113980409616	
-2275331.382804023	97.0	8.4875	116.0375	73.8625	-54.01714476716659	1123	360	143	13	246	151	51	7	82	53	0	0	6.846633672714233	89920	7824.216530799866	75474	16.065391459074732	
-1775301.0579607722	97.325	8.375	112.2625	71.6375	-54.01714476716659	1124	360	143	15	288	180	70	7	82	53	0	0	6.564621686935425	90000	7830.781152486801	75540	16.066666666666663	
-1362833.3446798674	97.1875	8.0375	106.2375	67.825	-54.01714476716659	1125	360	124	12	264	165	64	7	82	53	0	0	6.465233087539673	90080	7837.246385574341	75606	16.067939609236234	
-1012937.3944616275	97.0	8.1625	111.3	70.85	-54.01714476716659	1126	360	144	14	243	148	50	7	82	53	0	0	7.0767152309417725	90160	7844.323100805283	75674	16.066992014196984	
-1125385.469026646	97.15	8.6	122.5	77.6375	-54.01714476716659	1127	360	117	15	281	176	78	7	74	48	0	0	7.921395540237427	90240	7852.24449634552	75741	16.067154255319153	
-1850496.189758576	97.1875	8.2875	114.6375	72.8625	-54.01714476716659	1128	360	122	12	248	151	72	7	82	53	0	0	6.637065887451172	90320	7858.881562232971	75808	16.067316209034544	
-1062751.504510734	97.3875	8.0875	105.5375	67.3125	-54.01714476716659	1129	360	144	13	248	151	50	7	80	52	0	0	6.081671953201294	90400	7864.9632341861725	75868	16.075221238938056	
-1850265.8901049849	97.325	8.125	105.7125	67.3625	-54.01714476716659	1130	360	126	12	200	123	68	7	80	52	0	0	6.49334979057312	90480	7871.456583976746	75934	16.076480990274092	
-1637879.616035348	97.0	8.075	107.625	68.4875	-54.01714476716659	1131	360	117	12	225	142	77	7	80	52	0	0	8.296809196472168	90560	7879.753393173218	76002	16.07553003533569	
-1750255.5798407109	97.425	8.25	113.9625	72.55	-54.01714476716659	1132	360	136	15	331	209	58	7	82	53	0	0	6.354920148849487	90640	7886.108313322067	76065	16.080097087378647	
-1887819.3016006544	97.375	8.5875	119.725	76.0375	-54.01714476716659	1133	360	159	18	285	185	35	7	82	53	0	0	7.272505760192871	90720	7893.38081908226	76136	16.075837742504405	
-2112937.2245993596	97.525	8.1	106.4875	68.1375	-54.01714476716659	1134	360	136	14	330	208	58	7	82	53	0	0	6.8724846839904785	90800	7900.253303766251	76204	16.074889867841406	
-2650354.4046350615	97.4375	8.4375	115.35	73.4625	-54.01714476716659	1135	360	159	13	339	210	35	7	82	53	0	0	7.169996976852417	90880	7907.423300743103	76272	16.07394366197184	
-1425314.2905221167	97.1	8.151898734177216	107.46835443037975	68.72151898734177	-54.01714476716659	1136	361	146	13.0	264.0	164.0	48	7.0	82.0	53.0	0	0	7.729373931884766	90960	7915.152674674988	76338	16.075197889182064	
-1262858.72403336	97.9125	7.95	105.1	67.1125	-54.01714476716659	1137	361	132	13	222	137	62	7	82	53	0	0	5.757702350616455	91040	7920.910377025604	76397	16.084138840070295	
-1412845.3966657426	97.425	7.8734177215189876	101.82278481012658	65.20253164556962	-54.01714476716659	1138	362	116	14.0	224.0	138.0	80	7.0	82.0	53.0	0	0	6.320734262466431	91120	7927.231111288071	76463	16.085381913959623	
-1250384.124696634	97.0	7.725	97.6875	62.6375	-54.01714476716659	1139	362	143	11	178	110	51	7	79	51	0	0	6.085832357406616	91200	7933.316943645477	76525	16.091008771929822	
-1212955.5413048535	97.0	7.775	97.4875	62.55	-54.01714476716659	1140	362	127	13	175	109	67	7	82	53	0	0	5.902132749557495	91280	7939.219076395035	76587	16.09662576687117	
-1425415.5554982005	97.0	8.012658227848101	105.45569620253164	67.45569620253164	-54.01714476716659	1141	363	152	15.0	295.0	187.0	42	7.0	74.0	48.0	0	0	7.2157392501831055	91360	7946.434815645218	76647	16.104422066549915	
-1625317.8593075215	97.0	8.0	109.1875	69.4375	-54.01714476716659	1142	363	138	15	290	175	56	7	80	52	0	0	6.500669717788696	91440	7952.935485363007	76712	16.106736657917764	
-2075356.8631652016	97.0	8.1375	109.0375	69.575	-54.01714476716659	1143	363	133	14	220	139	61	7	82	53	0	0	6.203124761581421	91520	7959.138610124588	76776	16.110139860139867	
-1700327.1754672602	97.3	7.9875	106.15	67.8875	-54.01714476716659	1144	363	145	15	243	152	49	7	82	53	0	0	6.145715713500977	91600	7965.284325838089	76841	16.11244541484716	
-1600353.66210032	97.25	7.9625	104.6625	66.85	-54.01714476716659	1145	363	130	11	213	131	64	7	82	53	0	0	6.260176181793213	91680	7971.544502019882	76905	16.115837696335078	
-2012789.1520463072	97.0	8.15	108.275	69.1	-54.01714476716659	1146	363	128	17	232	150	66	7	79	51	0	0	7.591614246368408	91760	7979.136116266251	76973	16.11486486486487	
-1912781.8433330548	96.4875	8.4	118.425	74.8875	-54.01714476716659	1147	363	125	12	302	183	69	7	82	53	0	0	6.949615001678467	91840	7986.085731267929	77039	16.11607142857143	
-2062890.949339899	95.5375	8.6375	122.1125	77.375	-54.01714476716659	1148	363	142	13	248	151	52	7	80	52	0	0	7.580219745635986	91920	7993.665951013565	77111	16.110748476936465	
-1412869.6926297368	96.7625	8.474358974358974	124.55128205128206	78.73076923076923	-54.01714476716659	1149	365	160	14.0	285.0	178.0	15	7.0	82.0	53.0	0	0	6.8532586097717285	92000	8000.519209623337	77179	16.109782608695653	
-1937752.9687538885	96.675	8.367088607594937	115.35443037974683	73.46835443037975	-54.01714476716659	1150	366	160	15.0	267.0	170.0	59	7.0	82.0	53.0	0	0	6.604184627532959	92080	8007.12339425087	77238	16.11859252823632	
-1425367.5301078	97.7375	8.39240506329114	111.55696202531645	71.21518987341773	-54.01714476716659	1151	367	175	19.0	282.0	182.0	22	7.0	82.0	53.0	0	0	6.714361190795898	92160	8013.837755441666	77301	16.123046875	
-1225380.5064299433	96.4375	8.329113924050633	114.22784810126582	72.60759493670886	-54.01714476716659	1152	368	135	15.0	302.0	190.0	59	7.0	80.0	52.0	0	0	6.791731119155884	92240	8020.6294865608215	77365	16.126409366869026	
-1525377.1243758637	99.5125	8.3125	113.825	72.2125	-54.01714476716659	1153	368	146	16	276	169	72	7	82	53	0	0	6.581303596496582	92320	8027.210790157318	77429	16.129766031195842	
-2400297.72047583	96.8875	8.375	111.45	71.175	-54.01714476716659	1154	368	128	13	240	155	66	7	82	53	0	0	6.543641567230225	92400	8033.754431724548	77494	16.13203463203463	
-1600292.2477212572	95.5375	8.233766233766234	110.33766233766234	70.18181818181819	-54.01714476716659	1155	371	137	13.0	268.0	164.0	57	7.0	74.0	48.0	0	0	7.267995357513428	92480	8041.022427082062	77553	16.14078719723183	
-1312937.9077117355	96.6375	8.0	107.3125	68.2125	-54.01714476716659	1156	371	125	15	344	207	69	7	82	53	0	0	6.538126230239868	92560	8047.560553312302	77620	16.140881590319793	
-1537805.0252592643	97.0	7.9625	110.4625	70.275	-54.01714476716659	1157	371	126	12	248	151	68	7	82	53	0	0	6.442521810531616	92640	8054.003075122833	77685	16.14313471502591	
-1350373.722137541	95.55	8.2875	114.65	72.8	-54.01714476716659	1158	371	128	14	258	158	66	7	80	52	0	0	6.686812162399292	92720	8060.6898872852325	77747	16.148619499568596	
-2050426.8687475373	97.0	7.9625	103.5625	66.2	-54.01714476716659	1159	371	170	11	248	151	24	7	82	53	0	0	5.532745599746704	92800	8066.222632884979	77803	16.160560344827587	
-2100335.468464444	98.9875	7.9	102.8625	65.725	-54.01714476716659	1160	371	125	12	248	151	74	7	82	53	0	0	6.5787513256073	92880	8072.801384210587	77864	16.167097329888023	
-1787829.3988546014	98.75	8.225	109.6625	69.95	-54.01714476716659	1161	371	131	13	204	127	66	7	80	52	0	0	7.334644317626953	92960	8080.1360285282135	77931	16.1671686746988	
-2012883.8265657672	97.525	8.3125	115.3875	73.2125	-54.01714476716659	1162	371	157	15	363	226	51	7	82	53	0	0	6.818202972412109	93040	8086.954231500626	77995	16.170464316423036	
-1825389.4965807856	97.075	8.05	104.45	66.775	-54.01714476716659	1163	371	113	12	211	133	81	7	82	53	0	0	6.165351629257202	93120	8093.119583129883	78058	16.174828178694156	
-1212914.109141196	97.0	8.2125	113.2875	72.1	-54.01714476716659	1164	371	120	13	288	174	74	7	82	53	0	0	6.332448959350586	93200	8099.452032089233	78121	16.179184549356222	
-1500285.8246054805	97.45	8.012658227848101	100.78481012658227	64.74683544303798	-54.01714476716659	1165	372	127	15.0	270.0	173.0	67	7.0	74.0	48.0	0	0	7.761098623275757	93280	8107.213130712509	78190	16.17710120068611	
-2287741.0333315693	97.075	8.075949367088608	102.45569620253164	65.65822784810126	-54.01714476716659	1166	373	140	12.0	206.0	128.0	54	7.0	80.0	52.0	0	0	6.456083536148071	93360	8113.669214248657	78255	16.17930591259639	
-1625386.4329502531	96.8625	8.1625	107.4125	68.6125	-54.01714476716659	1167	373	125	13	248	151	68	7	74	48	0	0	6.257413625717163	93440	8119.926627874374	78320	16.18150684931507	
-1375373.7229013697	95.725	8.2	109.8125	69.9625	-54.01714476716659	1168	373	124	14	216	138	68	7	80	52	0	0	6.115168333053589	93520	8126.041796207428	78381	16.187981180496152	
-2250357.6520636305	96.6375	8.425	113.8625	72.575	-54.01714476716659	1169	373	135	13	253	163	59	7	82	53	0	0	6.599668741226196	93600	8132.641464948654	78445	16.19123931623932	
-1825399.8857986662	97.025	8.278481012658228	111.89873417721519	71.30379746835443	-54.01714476716659	1170	374	145	14.0	324.0	199.0	49	7.0	80.0	52.0	0	0	8.00617265701294	93680	8140.647637605667	78511	16.19235695986336	
-1287873.2125838995	95.55	7.923076923076923	104.42307692307692	66.7051282051282	-54.01714476716659	1171	376	172	11.0	298.0	183.0	22	7.0	74.0	48.0	0	0	6.055184602737427	93760	8146.7028222084045	78573	16.19773890784984	
-1000405.6910103001	94.0625	8.128205128205128	114.94871794871794	72.87179487179488	-54.01714476716659	1172	378	131	13.0	300.0	183.0	49	7.0	79.0	51.0	0	0	6.583710193634033	93840	8153.286532402039	78636	16.202046035805623	
-1737970.8014320568	94.925	8.4625	116.425	73.9875	-54.01714476716659	1173	378	155	15	276	169	39	7	82	53	0	0	6.691811800003052	93920	8159.978344202042	78702	16.203151618398635	
-1800383.6496055722	95.5625	8.4	114.2875	72.7125	-54.01714476716659	1174	378	125	15	248	151	62	7	82	53	0	0	6.686146020889282	94000	8166.664490222931	78771	16.20106382978723	
-1475237.4150891542	95.7375	8.375	113.1125	71.975	-54.01714476716659	1175	378	139	15	248	157	55	7	82	53	0	0	7.754518032073975	94080	8174.419008255005	78836	16.203231292517003	
-1775433.5361341722	96.2125	8.25	107.5125	68.7125	-54.01714476716659	1176	378	130	15	242	155	71	7	74	48	0	0	7.152163028717041	94160	8181.571171283722	78904	16.202209005947324	
-1912871.9652850863	96.4	8.15	108.05	69.075	-54.01714476716659	1177	378	130	14	271	176	64	7	80	52	0	0	6.645654678344727	94240	8188.216825962067	78969	16.20437181663837	
-1700397.215883208	96.2	8.325	117.4625	74.6125	-54.01714476716659	1178	378	130	14	248	151	59	7	82	53	0	0	7.141719102859497	94320	8195.358545064926	79036	16.204410517387615	
-1800321.3972327549	96.825	8.0	102.43037974683544	65.69620253164557	-54.01714476716659	1179	379	124	14.0	248.0	151.0	49	7.0	82.0	53.0	0	0	6.42804217338562	94400	8201.786587238312	79105	16.202330508474574	
-1337920.101456265	97.5625	8.0125	104.7	66.95	-54.01714476716659	1180	379	145	11	248	151	49	7	82	53	0	0	7.604827642440796	94480	8209.391414880753	79170	16.204487722269263	
-2600257.51764014	97.0375	8.3125	111.4375	71.3625	-54.01714476716659	1181	379	116	14	306	195	78	7	82	53	0	0	6.6327128410339355	94560	8216.024127721786	79235	16.206641285955996	
-1812936.5191988745	97.075	8.625	120.1	76.425	-54.01714476716659	1182	379	130	15	237	150	64	7	82	53	0	0	6.388088703155518	94640	8222.412216424942	79299	16.209847844463226	
-2137912.427237565	96.475	8.3	114.8375	73.1125	-54.01714476716659	1183	379	162	14	249	160	55	7	79	51	0	0	6.132571458816528	94720	8228.544787883759	79360	16.21621621621621	
-2475278.685404083	96.9875	8.2875	110.4125	70.5	-54.01714476716659	1184	379	128	15	268	167	42	7	82	53	0	0	6.766545295715332	94800	8235.311333179474	79424	16.219409282700425	
-1537895.5604811625	98.1625	8.037974683544304	106.9873417721519	68.12658227848101	-54.01714476716659	1185	380	139	12.0	234.0	146.0	55	7.0	74.0	48.0	0	0	7.7032105922698975	94880	8243.014543771744	79491	16.21943507588533	
-1625361.101094469	100.1	7.8125	101.175	64.7375	-54.01714476716659	1186	380	145	11	251	157	65	7	80	52	0	0	6.222073554992676	94960	8249.236617326736	79555	16.222620050547604	
-1312893.6608810113	97.0	7.9113924050632916	106.62025316455696	67.9746835443038	-54.01714476716659	1187	381	154	14.0	248.0	151.0	40	7.0	82.0	53.0	0	0	6.3326756954193115	95040	8255.569293022156	79620	16.224747474747474	
-2300359.708435991	99.1375	8.2375	113.625	72.3625	-54.01714476716659	1188	381	154	15	295	180	72	7	82	53	0	0	6.904784440994263	95120	8262.47407746315	79688	16.22371740958789	
-2425338.1348050116	97.825	8.6	116.55	74.25	-54.01714476716659	1189	381	154	13	327	199	47	7	82	53	0	0	7.718242168426514	95200	8270.192319631577	79757	16.221638655462186	
-1975309.2246387408	97.25	8.475	112.45	71.6125	-54.01714476716659	1190	381	131	15	258	158	63	7	82	53	0	0	7.98957085609436	95280	8278.18189048767	79828	16.217464315701093	
-2112843.1452818722	97.0	8.6	122.4125	77.2875	-54.01714476716659	1191	381	127	15	317	193	67	7	82	53	0	0	7.024510383605957	95360	8285.206400871277	79893	16.219588926174495	
-2000307.6030354681	97.2625	8.2875	109.95	70.1125	-54.01714476716659	1192	381	129	16	230	144	65	7	80	52	0	0	5.95883846282959	95440	8291.165239334106	79955	16.22485331098072	
-1312881.1519221012	97.1875	8.2875	111.6125	71.0625	-54.01714476716659	1193	381	124	16	236	148	70	7	79	51	0	0	6.727366209030151	95520	8297.892605543137	80016	16.231155778894475	
-1487780.5937018234	97.0	7.962025316455696	103.51898734177215	66.17721518987342	-54.01714476716659	1194	382	159	17.0	257.0	161.0	35	7.0	82.0	53.0	0	0	7.3894853591918945	95600	8305.282090902328	80078	16.23640167364016	
-1975360.2220788077	97.775	8.025	106.2875	67.9	-54.01714476716659	1195	382	159	14	192	119	73	7	82	53	0	0	5.779861211776733	95680	8311.061952114105	80141	16.24059364548495	
-1562787.7449860848	96.7875	8.175	112.15	71.4625	-54.01714476716659	1196	382	127	11	249	154	67	7	82	53	0	0	5.992926597595215	95760	8317.0548787117	80202	16.246867167919802	
-1250257.9033335894	97.1	7.8	100.3	64.3125	-54.01714476716659	1197	382	122	14	263	166	72	7	82	53	0	0	5.631391525268555	95840	8322.686270236969	80262	16.2541736227045	
-1462883.419887396	96.925	8.175	109.6875	70.0625	-54.01714476716659	1198	382	140	15	344	207	51	7	82	53	0	0	5.9508771896362305	95920	8328.637147426605	80321	16.262510425354463	
-1512989.9266732968	97.0	8.316455696202532	113.51898734177215	72.12658227848101	-54.01714476716659	1199	383	132	15.0	344.0	207.0	62	7.0	79.0	51.0	0	0	7.615094900131226	96000	8336.252242326736	80386	16.264583333333334	
-1637773.0812010278	97.15	8.1125	105.6375	67.55	-54.01714476716659	1200	383	116	14	224	138	78	7	74	48	0	0	6.701634645462036	96080	8342.953876972198	80449	16.26873438800999	
-1562942.303412838	97.1875	8.1125	108.0625	69.025	-54.01714476716659	1201	383	130	12	253	157	64	7	80	52	0	0	6.265026807785034	96160	8349.218903779984	80513	16.271838602329453	
-1775374.6517307102	97.7125	8.275	110.125	70.325	-54.01714476716659	1202	383	136	15	245	149	59	7	82	53	0	0	6.925111293792725	96240	8356.144015073776	80583	16.268703241895267	
-1937948.6887702611	98.3125	8.025	105.6875	67.4875	-54.01714476716659	1203	383	137	11	263	161	57	7	79	51	0	0	6.346858501434326	96320	8362.49087357521	80648	16.27076411960134	
-1275305.213999603	98.55	8.012658227848101	107.9367088607595	68.81012658227849	-54.01714476716659	1204	384	122	14.0	247.0	155.0	72	7.0	74.0	48.0	0	0	5.809569835662842	96400	8368.300443410873	80708	16.278008298755182	
-2000303.7499554814	98.0625	8.20253164556962	114.69620253164557	72.84810126582279	-54.01714476716659	1205	385	152	15.0	275.0	174.0	42	7.0	74.0	48.0	0	0	7.8778417110443115	96480	8376.178285121918	80776	16.276948590381423	
-1575355.3522235055	97.15	8.0625	108.075	68.9375	-54.01714476716659	1206	385	139	14	266	161	55	7	80	52	0	0	6.6573805809021	96560	8382.83566570282	80843	16.27692626346314	
-1712907.1325229402	98.025	7.925	102.075	65.4125	-54.01714476716659	1207	385	132	13	279	174	62	7	82	53	0	0	6.459730386734009	96640	8389.295396089554	80911	16.275869205298008	
-2237810.191126236	100.7875	7.9375	103.6875	66.375	-54.01714476716659	1208	385	146	12	271	169	73	7	82	53	0	0	6.340655565261841	96720	8395.636051654816	80977	16.276881720430097	
-1875197.054960499	98.3125	7.9875	103.3125	66.1625	-54.01714476716659	1209	385	133	12	239	149	61	7	82	53	0	0	6.542301177978516	96800	8402.178352832794	81040	16.280991735537185	
-1450418.9603181195	98.3375	7.8875	104.9625	67.0875	-54.01714476716659	1210	385	138	13	209	129	80	7	82	53	0	0	6.764559030532837	96880	8408.942911863327	81103	16.28509496284063	
-1600351.2042954967	98.025	8.0375	103.85	66.55	-54.01714476716659	1211	385	139	14	222	142	55	7	82	53	0	0	5.862857341766357	96960	8414.805769205093	81160	16.295379537953792	
-1500314.7119144849	97.1375	8.1875	112.575	71.625	-54.01714476716659	1212	385	128	14	270	168	65	7	82	53	0	0	6.438903570175171	97040	8421.244672775269	81222	16.300494641385	
-1762759.5050474294	97.175	8.329113924050633	112.59493670886076	71.62025316455696	-54.01714476716659	1213	386	146	13.0	208.0	132.0	47	7.0	74.0	48.0	0	0	6.767733812332153	97120	8428.0124065876	81288	16.30148270181219	
-1762777.1375891757	97.275	8.1125	105.825	67.65	-54.01714476716659	1214	386	143	15	228	145	51	7	82	53	0	0	6.41087794303894	97200	8434.42328453064	81351	16.305555555555557	
-2225324.0635810806	96.3125	8.075	107.2375	68.5625	-54.01714476716659	1215	386	123	12	271	170	71	7	80	52	0	0	7.288294315338135	97280	8441.711578845978	81418	16.305509868421055	
-1562857.1047290235	97.0	7.75	97.275	62.5375	-54.01714476716659	1216	386	112	12	237	147	82	7	74	48	0	0	5.924964189529419	97360	8447.636543035507	81480	16.310599835661463	
-1800483.5578099273	97.2875	8.55	118.65	75.6	-54.01714476716659	1217	386	119	13	274	176	75	7	82	53	0	0	6.896926641464233	97440	8454.533469676971	81547	16.3105500821018	
-1925251.1913358197	98.6375	8.2875	110.4875	70.45	-54.01714476716659	1218	386	143	12	209	129	51	7	82	53	0	0	6.074526071548462	97520	8460.60799574852	81608	16.31665299425758	
-1562811.3058965062	97.575	8.2375	112.5125	71.5625	-54.01714476716659	1219	386	122	12	248	151	72	7	82	53	0	0	7.300417900085449	97600	8467.908413648605	81674	16.317622950819683	
-1975285.2696220614	98.175	8.125	102.15	65.525	-54.01714476716659	1220	386	123	16	219	140	71	7	80	52	0	0	7.48557710647583	97680	8475.393990755081	81743	16.31552006552006	
-2075396.7041754436	98.075	8.1	107.4125	68.6125	-54.01714476716659	1221	386	152	13	251	155	42	7	79	51	0	0	6.388972759246826	97760	8481.782963514328	81809	16.316489361702125	
-1700250.6259479865	93.0	8.05	108.3625	69.1125	-54.01714476716659	1222	386	120	13	225	144	42	7	82	53	0	0	5.85905122756958	97840	8487.642014741898	81870	16.322567457072765	
-1400362.0495603227	95.875	8.525641025641026	114.57692307692308	73.0	-54.01714476716659	1223	388	155	14.0	292.0	186.0	39	7.0	74.0	48.0	0	0	6.411486387252808	97920	8494.05350112915	81934	16.325571895424844	
-2212804.5168837933	96.5	8.177215189873417	111.53164556962025	71.0253164556962	-54.01714476716659	1224	389	160	14.0	285.0	175.0	34	7.0	82.0	53.0	0	0	7.442220449447632	98000	8501.495721578598	82000	16.326530612244895	
-1175347.2256790712	99.7	8.128205128205128	110.91025641025641	70.6025641025641	-54.01714476716659	1225	391	183	11.0	230.0	141.0	32	7.0	82.0	53.0	0	0	6.6491029262542725	98080	8508.144824504852	82062	16.3315660685155	
-1037963.5394824408	100.25	7.9875	107.7375	68.625	-54.01714476716659	1226	391	160	15	344	207	55	7	79	51	0	0	6.5271031856536865	98160	8514.671927690506	82126	16.334555827220868	
-1700371.036398609	96.9875	7.9875	107.95	68.8125	-54.01714476716659	1227	391	119	15	344	207	75	7	82	53	0	0	6.87304162979126	98240	8521.544969320297	82194	16.333469055374593	
-1100370.616722519	97.1625	7.8125	104.8125	66.925	-54.01714476716659	1228	391	126	15	276	174	68	7	82	53	0	0	5.937753677368164	98320	8527.482722997665	82257	16.33746948738812	
-2037791.6189286984	96.225	8.1875	108.3625	69.175	-54.01714476716659	1229	391	113	17	269	166	68	7	80	52	0	0	7.471386194229126	98400	8534.954109191895	82323	16.338414634146332	
-1687846.5197925768	96.35	8.2375	112.55	71.7125	-54.01714476716659	1230	391	136	12	248	151	58	7	82	53	0	0	7.421827077865601	98480	8542.37593626976	82393	16.335296506904953	
-1637862.9089558343	96.775	8.379746835443038	113.59493670886076	72.44303797468355	-54.01714476716659	1231	392	130	15.0	303.0	188.0	64	7.0	74.0	48.0	0	0	6.819830656051636	98560	8549.195766925812	82458	16.337256493506487	
-1362886.6401199675	95.6375	8.10126582278481	112.9620253164557	71.70886075949367	-54.01714476716659	1232	393	152	11.0	248.0	151.0	43	7.0	74.0	48.0	0	0	5.952871084213257	98640	8555.148638010025	82515	16.34732360097324	
-2012837.771739501	97.125	8.256410256410257	112.71794871794872	71.82051282051282	-54.01714476716659	1233	395	135	14.0	262.0	166.0	59	7.0	82.0	53.0	0	0	6.438342809677124	98720	8561.586980819702	82578	16.351296596434366	
-1662712.2010665261	96.05	8.1	107.5875	68.7375	-54.01714476716659	1234	395	122	12	266	166	59	7	82	53	0	0	6.631840229034424	98800	8568.218821048737	82639	16.357287449392715	
-2050290.6551705846	97.275	8.275	112.4375	71.9125	-54.01714476716659	1235	395	130	14	258	160	66	7	80	52	0	0	7.028102397918701	98880	8575.246923446655	82703	16.360234627831716	
-1750356.7909538597	97.0	8.1375	107.9	68.8625	-54.01714476716659	1236	395	135	16	268	167	59	7	74	48	0	0	6.323984861373901	98960	8581.57090830803	82765	16.36519805982215	
-1350400.9902216617	99.4875	8.0125	104.4125	66.5625	-54.01714476716659	1237	395	148	13	248	151	66	7	74	48	0	0	6.433237314224243	99040	8588.004145622253	82831	16.366114701130854	
-1575302.6884646364	103.4	8.225	106.4	68.1	-54.01714476716659	1238	395	183	15	224	138	47	7	74	48	0	0	6.071827411651611	99120	8594.075973033905	82892	16.372074253430185	
-1150334.1546425968	100.7	7.85	102.4625	65.4875	-54.01714476716659	1239	395	137	11	251	156	81	7	74	48	0	0	6.839630842208862	99200	8600.915603876114	82955	16.376008064516128	
-1512862.3470072162	98.875	8.227848101265822	111.51898734177215	71.16455696202532	-54.01714476716659	1240	396	147	14.0	267.0	163.0	47	7.0	82.0	53.0	0	0	6.916072607040405	99280	8607.831676483154	83019	16.378928283642225	
-1237848.5094674523	95.2625	8.2375	115.7375	73.5625	-54.01714476716659	1241	396	135	14	237	148	59	7	82	53	0	0	5.876826524734497	99360	8613.708503007889	83077	16.387882447665064	
-2525367.9829200944	97.0	8.775	118.3	75.55	-54.01714476716659	1242	396	140	19	264	169	54	7	82	53	0	0	6.900886058807373	99440	8620.609389066696	83144	16.38777152051489	
-1625347.6616192118	98.7	8.2	109.1625	69.6125	-54.01714476716659	1243	396	140	14	224	137	72	7	82	53	0	0	5.9128570556640625	99520	8626.52224612236	83201	16.39770900321544	
-1637850.0344125128	98.0625	8.139240506329115	105.81012658227849	67.73417721518987	-54.01714476716659	1244	397	142	15.0	225.0	141.0	52	7.0	82.0	53.0	0	0	6.851872444152832	99600	8633.374118566513	83262	16.403614457831324	
-1700431.1084940948	97.15	8.3	109.2125	69.7375	-54.01714476716659	1245	397	127	14	245	149	67	7	80	52	0	0	7.079040288925171	99680	8640.453158855438	83326	16.406500802568218	
-1875279.6531725663	97.0	8.125	108.3625	69.2	-54.01714476716659	1246	397	121	13	248	151	73	7	82	53	0	0	6.679014205932617	99760	8647.13217306137	83393	16.406375300721734	
-1337877.5812079757	97.075	8.0	107.25	68.35	-54.01714476716659	1247	397	139	15	225	141	61	7	82	53	0	0	5.908914804458618	99840	8653.04108786583	83453	16.413261217948715	
-1550338.815386156	97.0	8.151898734177216	109.9746835443038	70.0506329113924	-54.01714476716659	1248	398	129	13.0	283.0	175.0	65	7.0	82.0	53.0	0	0	6.758291006088257	99920	8659.799378871918	83521	16.412129703763014	
-1112850.6134240732	97.8	8.2	112.0	71.2	-54.01714476716659	1249	398	147	14	203	130	47	7	82	53	0	0	7.202949047088623	100000	8667.002327919006	83585	16.415000000000006	
-2012763.377151732	98.4	8.1125	106.0125	67.6375	-54.01714476716659	1250	398	147	14	197	121	50	7	82	53	0	0	7.073017358779907	100080	8674.075345277786	83652	16.414868105515595	
-2012773.8920298708	99.225	8.2625	111.125	70.6625	-54.01714476716659	1251	398	144	15	287	182	56	7	79	51	0	0	7.194760322570801	100160	8681.270105600357	83724	16.4097444089457	
-1987806.9444112368	97.0	8.4625	120.2625	76.2875	-54.01714476716659	1252	398	138	14	372	225	56	7	82	53	0	0	7.323472261428833	100240	8688.593577861786	83791	16.409616919393457	
-1237877.2757781432	97.0	8.0	103.65822784810126	66.07594936708861	-54.01714476716659	1253	399	171	11.0	208.0	128.0	23	7.0	74.0	48.0	0	0	6.0227885246276855	100320	8694.616366386414	83851	16.4164673046252	
-1875397.955072093	98.525	8.125	108.7125	69.525	-54.01714476716659	1254	399	171	16	285	184	54	7	82	53	0	0	7.484982490539551	100400	8702.101348876953	83917	16.417330677290835	
-2050305.8986105379	98.0125	8.075	106.1625	67.85	-54.01714476716659	1255	399	145	12	331	202	76	7	82	53	0	0	6.150311708450317	100480	8708.251660585403	83980	16.42117834394905	
-1500310.3396092406	96.675	8.375	114.9	73.1375	-54.01714476716659	1256	399	129	17	302	190	65	7	82	53	0	0	6.645177364349365	100560	8714.896837949753	84041	16.427008750994432	
-1987810.0204973079	96.675	8.4875	118.4125	75.4	-54.01714476716659	1257	399	125	15	288	183	69	7	82	53	0	0	6.970674276351929	100640	8721.867512226105	84108	16.426868044515103	
-2125416.9407285294	97.35	8.425	116.3375	74.15	-54.01714476716659	1258	399	146	17	287	182	48	7	80	52	0	0	7.207001447677612	100720	8729.074513673782	84177	16.42474185861795	
-1700424.3382713043	99.45	8.4125	113.7125	72.425	-54.01714476716659	1259	399	146	12	248	151	83	7	74	48	0	0	7.70715069770813	100800	8736.78166437149	84245	16.423611111111114	
-1975467.1923268088	101.725	8.325	115.8375	73.8125	-54.01714476716659	1260	399	146	13	301	187	53	7	74	48	0	0	7.377796173095703	100880	8744.159460544586	84316	16.419508326724824	
-1350378.1051829327	99.325	8.025	103.3	66.3125	-54.01714476716659	1261	399	141	14	245	155	70	7	82	53	0	0	5.71539568901062	100960	8749.874856233597	84376	16.42630744849444	
-1887929.295812798	101.1125	8.2875	110.6375	70.725	-54.01714476716659	1262	399	154	14	234	148	44	7	82	53	0	0	6.646001577377319	101040	8756.520857810974	84443	16.426167854315125	
-1225393.4046626836	100.5125	8.2625	119.425	75.7	-54.01714476716659	1263	399	154	15	287	182	50	7	82	53	0	0	8.21974492073059	101120	8764.740602731705	84510	16.42602848101265	
-1550354.2893584403	100.9375	8.39240506329114	117.37974683544304	74.30379746835443	-54.01714476716659	1264	400	154	15.0	306.0	190.0	63	7.0	82.0	53.0	0	0	6.559862852096558	101200	8771.300465583801	84575	16.42786561264822	
-1825282.7537299793	99.2875	8.225	111.3	70.775	-54.01714476716659	1265	400	152	12	239	145	56	7	82	53	0	0	7.077209234237671	101280	8778.377674818039	84644	16.4257503949447	
-1325396.9475508642	98.7625	8.4375	116.0625	73.7	-54.01714476716659	1266	400	124	13	248	151	72	7	74	48	0	0	6.713033199310303	101360	8785.09070801735	84710	16.426598263614835	
-2400426.634910778	97.2125	8.4875	116.95	74.2875	-54.01714476716659	1267	400	126	13	281	174	59	7	82	53	0	0	6.829891204833984	101440	8791.920599222183	84774	16.429416403785496	
-1250310.1836236068	97.375	8.1875	112.7375	71.725	-54.01714476716659	1268	400	130	13	285	175	64	7	82	53	0	0	7.085367679595947	101520	8799.00596690178	84829	16.441095350669826	
-1462947.747059587	97.0	8.0875	106.1625	67.7625	-54.01714476716659	1269	400	133	13	248	151	61	7	74	48	0	0	6.6042845249176025	101600	8805.610251426697	84894	16.44291338582677	
-1012867.8192919433	97.0	7.975	103.925	66.4	-54.01714476716659	1270	400	132	11	214	133	62	7	80	52	0	0	5.788970708847046	101680	8811.399222135544	84952	16.451612903225808	
-1550284.0892493736	97.0	8.0625	108.7125	69.475	-54.01714476716659	1271	400	124	14	222	137	70	7	82	53	0	0	6.299542665481567	101760	8817.698764801025	85015	16.45538522012579	
-1687891.0254639587	97.3375	8.1625	113.325	72.0625	-54.01714476716659	1272	400	129	11	248	151	65	7	82	53	0	0	6.772133827209473	101840	8824.470898628235	85082	16.455223880597018	
-2062781.070352792	96.9875	8.294871794871796	118.7051282051282	75.33333333333333	-54.01714476716659	1273	402	138	14.0	352.0	219.0	48	7.0	82.0	53.0	0	0	8.215423822402954	101920	8832.686322450638	85148	16.456043956043956	
-2075303.0300538945	96.0625	8.725	121.9	77.3375	-54.01714476716659	1274	402	127	15	272	165	48	7	74	48	0	0	6.893927574157715	102000	8839.580250024796	85212	16.458823529411774	
-1600381.162384955	96.725	8.3375	117.4625	74.525	-54.01714476716659	1275	402	119	11	248	151	75	7	74	48	0	0	6.960038900375366	102080	8846.54028892517	85276	16.461598746081506	
-1500330.680037173	96.6	8.291139240506329	112.25316455696202	71.58227848101266	-54.01714476716659	1276	403	134	12.0	248.0	151.0	42	7.0	74.0	48.0	0	0	6.23912501335144	102160	8852.779413938522	85337	16.467306186374316	
-1300300.0235669867	96.95	8.175	114.5125	72.9125	-54.01714476716659	1277	403	122	12	320	199	72	7	82	53	0	0	6.523665189743042	102240	8859.303079128265	85404	16.467136150234737	
-1925354.2342796281	96.7875	7.9875	104.35	66.6625	-54.01714476716659	1278	403	123	14	248	151	71	7	82	53	0	0	7.818936347961426	102320	8867.122015476227	85473	16.465011727912426	
-1512799.266672797	97.0375	8.0625	107.95	68.925	-54.01714476716659	1279	403	132	11	214	133	62	7	82	53	0	0	5.91915225982666	102400	8873.041167736053	85532	16.47265625	
-1375278.6528633821	96.8125	8.316455696202532	115.0126582278481	73.0506329113924	-54.01714476716659	1280	404	119	15.0	340.0	207.0	75	7.0	80.0	52.0	0	0	6.381916046142578	102480	8879.423083782196	85593	16.47833723653396	
-2225358.649053859	97.1375	8.125	106.9	68.2375	-54.01714476716659	1281	404	146	13	200	126	48	7	79	51	0	0	6.338577508926392	102560	8885.761661291122	85659	16.479134165366617	
-1937726.1302270677	97.6125	8.10126582278481	104.9746835443038	66.84810126582279	-54.01714476716659	1282	405	160	11.0	245.0	149.0	34	7.0	79.0	51.0	0	0	6.253581762313843	102640	8892.015243053436	85720	16.484801247077158	
-1487854.8171212631	97.35	8.2375	111.125	70.775	-54.01714476716659	1283	405	127	14	210	133	67	7	80	52	0	0	8.165666818618774	102720	8900.180909872055	85785	16.48656542056075	
-1125326.4720854338	97.175	8.468354430379748	119.86075949367088	75.87341772151899	-54.01714476716659	1284	406	149	13.0	258.0	158.0	45	7.0	82.0	53.0	0	0	6.902178764343262	102800	8907.083088636398	85849	16.489299610894932	
-2312867.4060818153	100.85	8.08860759493671	106.07594936708861	67.69620253164557	-54.01714476716659	1285	407	149	13.0	209.0	130.0	47	7.0	79.0	51.0	0	0	5.894783020019531	102880	8912.977871656418	85910	16.494945567651627	
-2050244.6990297078	102.95	8.5375	113.125	72.025	-54.01714476716659	1286	407	192	14	250	161	54	7	79	51	0	0	6.7657670974731445	102960	8919.743638753891	85974	16.497668997668995	
-1587892.1368770532	105.6875	8.3125	112.6625	71.55	-54.01714476716659	1287	407	149	12	218	133	68	7	82	53	0	0	6.627666234970093	103040	8926.371304988861	86038	16.50038819875776	
-1487935.5891768946	104.8	8.025	112.0125	71.1875	-54.01714476716659	1288	407	149	11	262	161	69	7	82	53	0	0	7.67863655090332	103120	8934.049941539764	86101	16.504072924747874	
-1137812.8289668565	97.9	7.9625	104.2625	66.7	-54.01714476716659	1289	407	149	14	248	151	77	7	82	53	0	0	5.181051969528198	103200	8939.230993509293	86156	16.51550387596899	
-1750259.5030704536	97.7125	8.05	107.4375	68.6875	-54.01714476716659	1290	407	148	13	290	184	64	7	82	53	0	0	6.287930727005005	103280	8945.518924236298	86219	16.519171185127817	
-1975359.4864124674	99.55	8.2	108.0875	68.9625	-54.01714476716659	1291	407	148	13	234	142	53	7	82	53	0	0	7.0198469161987305	103360	8952.538771152496	86291	16.51412538699691	
-1900349.2200012542	100.7125	8.20253164556962	109.49367088607595	70.12658227848101	-54.01714476716659	1292	408	178	15.0	285.0	183.0	29	7.0	82.0	53.0	0	0	6.61129093170166	103440	8959.150062084198	86351	16.520688321732408	
-1512788.3348480887	97.75	8.05	102.725	65.9375	-54.01714476716659	1293	408	137	14	233	148	57	7	80	52	0	0	6.376315116882324	103520	8965.52637720108	86409	16.529173106646056	
-1712746.5012560221	96.65	7.8734177215189876	101.87341772151899	65.07594936708861	-54.01714476716659	1294	409	123	11.0	264.0	160.0	59	7.0	82.0	53.0	0	0	6.267841339111328	103600	8971.794218540192	86471	16.53378378378379	
-1800338.845799531	96.9	8.3375	117.7	74.825	-54.01714476716659	1295	409	137	13	268	167	57	7	82	53	0	0	7.0267322063446045	103680	8978.820950746536	86539	16.532600308641975	
-2075346.012610877	98.6625	8.075	109.15	69.55	-54.01714476716659	1296	409	137	13	330	207	57	7	82	53	0	0	6.08796238899231	103760	8984.908913135529	86598	16.54009252120278	
-2212889.4822036955	97.5	8.0625	106.625	68.2	-54.01714476716659	1297	409	137	13	249	160	61	7	80	52	0	0	5.985849142074585	103840	8990.894762277603	86657	16.547573189522353	
-1800321.743099837	98.0	8.0625	107.675	68.675	-54.01714476716659	1298	409	145	12	269	163	49	7	80	52	0	0	7.589321613311768	103920	8998.484083890915	86720	16.551193225558123	
-1300374.0178968771	96.925	7.924050632911392	101.46835443037975	64.9493670886076	-54.01714476716659	1299	410	140	15.0	287.0	182.0	49	7.0	74.0	48.0	0	0	5.627679824829102	104000	9004.111763715744	86777	16.560576923076923	
-1612804.0775523821	97.0	7.7125	95.425	61.3375	-54.01714476716659	1300	410	107	11	189	117	87	7	82	53	0	0	5.605111598968506	104080	9009.716875314713	86838	16.566102997694074	
-1212957.3525998923	97.0875	8.075	109.6875	69.8125	-54.01714476716659	1301	410	142	14	266	164	59	7	82	53	0	0	6.876861572265625	104160	9016.593736886978	86906	16.564900153609827	
-1837776.3480833867	97.0	8.15	104.275	66.875	-54.01714476716659	1302	410	129	15	245	151	65	7	82	53	0	0	6.286025524139404	104240	9022.879762411118	86968	16.569455103607055	
-2200278.5115940496	97.0	8.25	108.4375	69.2625	-54.01714476716659	1303	410	135	13	248	151	59	7	80	52	0	0	8.146328687667847	104320	9031.026091098785	87035	16.56921012269939	
-2425370.808643527	97.8	8.675	118.375	75.425	-54.01714476716659	1304	410	127	16	283	175	67	7	82	53	0	0	7.0304789543151855	104400	9038.0565700531	87104	16.56704980842912	
-1800300.3207597055	98.475	8.164556962025317	106.9873417721519	68.41772151898734	-54.01714476716659	1305	411	176	14.0	248.0	151.0	48	7.0	79.0	51.0	0	0	6.259745836257935	104480	9044.316315889359	87166	16.571592649310873	
-2087868.8866244056	97.775	8.3	110.475	70.4125	-54.01714476716659	1306	411	135	13	266	167	59	7	74	48	0	0	6.6530866622924805	104560	9050.969402551651	87232	16.572302983932673	
-2075329.6133029398	97.325	8.15	108.2375	69.225	-54.01714476716659	1307	411	125	12	255	158	81	7	82	53	0	0	6.342645168304443	104640	9057.312047719955	87296	16.574923547400616	
-1525284.45790315	96.45	8.025	104.7	66.925	-54.01714476716659	1308	411	125	13	238	151	69	7	82	53	0	0	7.4339823722839355	104720	9064.74603009224	87362	16.575630252100837	
-2087796.320118424	97.0125	8.4	114.525	73.1	-54.01714476716659	1309	411	140	15	306	190	54	7	82	53	0	0	6.60147762298584	104800	9071.347507715225	87432	16.572519083969468	
-1750272.4331769205	96.9	7.9875	104.6	67.025	-54.01714476716659	1310	411	125	15	273	176	69	7	80	52	0	0	6.478797674179077	104880	9077.826305389404	87498	16.573226544622415	
-1587785.342804533	96.45	8.354430379746836	114.74683544303798	73.22784810126582	-54.01714476716659	1311	412	136	16.0	327.0	210.0	48	7.0	82.0	53.0	0	0	6.51810884475708	104960	9084.344414234161	87562	16.57583841463415	
-2187888.202456791	97.025	8.1625	107.0	68.3	-54.01714476716659	1312	412	123	14	282	176	71	7	80	52	0	0	6.23193097114563	105040	9090.576345205307	87626	16.578446306169084	
-1512864.3722266525	97.0	7.9125	102.2875	65.3625	-54.01714476716659	1313	412	140	11	200	123	54	7	74	48	0	0	7.295971393585205	105120	9097.872316598892	87690	16.581050228310502	
-1575330.6396098987	97.0	7.8125	98.4625	63.125	-54.01714476716659	1314	412	114	11	221	135	80	7	82	53	0	0	5.846781492233276	105200	9103.719098091125	87750	16.58745247148289	
-2025496.1862336986	97.025	7.9625	106.1875	67.7875	-54.01714476716659	1315	412	121	11	228	141	73	7	82	53	0	0	6.1671857833862305	105280	9109.886283874512	87815	16.589095744680847	
-2150280.704709054	97.0	8.35	118.075	74.975	-54.01714476716659	1316	412	126	11	263	161	68	7	80	52	0	0	6.79021430015564	105360	9116.676498174667	87882	16.588838268792713	
-2000432.387156333	97.0	8.1125	108.0125	68.9875	-54.01714476716659	1317	412	140	15	324	203	54	7	80	52	0	0	7.260541200637817	105440	9123.937039375305	87950	16.58763277693474	
-2237789.0943465456	97.1	8.2625	109.175	69.675	-54.01714476716659	1318	412	143	15	287	174	51	7	82	53	0	0	7.346398830413818	105520	9131.283438205719	88014	16.59021986353298	
-700276.0062596437	97.0	7.8375	103.6375	65.9375	-54.01714476716659	1319	412	128	17	251	157	66	7	82	53	0	0	6.007908582687378	105600	9137.291346788406	88072	16.598484848484844	
-1850357.6165454201	97.0	8.25	113.875	72.4375	-54.01714476716659	1320	412	127	19	371	235	67	7	82	53	0	0	6.076122283935547	105680	9143.367469072342	88131	16.605791067373204	
-1850420.289476584	97.4875	7.925	103.075	65.8	-54.01714476716659	1321	412	118	14	285	175	83	7	82	53	0	0	6.051839828491211	105760	9149.419308900833	88191	16.612140695915272	
-1925256.6543030988	97.0	7.7375	99.425	63.8125	-54.01714476716659	1322	412	128	14	221	142	66	7	82	53	0	0	5.880978107452393	105840	9155.300287008286	88254	16.615646258503403	
-1400452.0153383962	96.725	7.7875	100.9375	64.6125	-54.01714476716659	1323	412	115	12	248	153	79	7	82	53	0	0	6.2507545948028564	105920	9161.551041603088	88305	16.630475830815712	
-1700447.9066099816	97.3625	8.075	109.725	70.0375	-54.01714476716659	1324	412	131	13	235	149	63	7	79	51	0	0	6.80061411857605	106000	9168.351655721664	88375	16.62735849056604	
-1637827.6866279214	96.275	8.227848101265822	109.0506329113924	69.51898734177215	-54.01714476716659	1325	413	131	13.0	209.0	131.0	49	7.0	82.0	53.0	0	0	6.683126211166382	106080	9175.03478193283	88441	16.62801659125188	
-1125257.2737996026	98.0125	8.012658227848101	106.51898734177215	67.82278481012658	-54.01714476716659	1326	414	131	13.0	248.0	151.0	56	7.0	82.0	53.0	0	0	6.057405471801758	106160	9181.092187404633	88503	16.63244159758854	
-1850236.8621236957	97.225	8.278481012658228	115.51898734177215	73.26582278481013	-54.01714476716659	1327	415	118	15.0	284.0	173.0	76	7.0	82.0	53.0	0	0	7.144001722335815	106240	9188.236189126968	88573	16.629329819277103	
-1187812.8853665453	97.15	8.15	112.0625	71.1875	-54.01714476716659	1328	415	127	14	264	162	67	7	74	48	0	0	8.030731201171875	106320	9196.26692032814	88639	16.629984951091046	
-987889.7333156277	97.1	8.1625	113.6	72.175	-54.01714476716659	1329	415	135	13	269	167	59	7	82	53	0	0	6.311834335327148	106400	9202.578754663467	88701	16.634398496240593	
-1612832.885164777	96.975	8.1	108.3125	68.9875	-54.01714476716659	1330	415	143	14	207	129	51	7	80	52	0	0	6.5183916091918945	106480	9209.09714627266	88765	16.636927122464314	
-1275469.2683974237	97.0	7.95	106.3875	67.85	-54.01714476716659	1331	415	121	12	238	149	73	7	82	53	0	0	6.29451060295105	106560	9215.39165687561	88828	16.640390390390394	
-1787889.3912312929	97.0	8.275	112.1625	71.5125	-54.01714476716659	1332	415	119	14	291	179	75	7	82	53	0	0	6.551271438598633	106640	9221.942928314209	88893	16.641972993248316	
-2175440.7611211487	96.45	8.275	107.375	68.8125	-54.01714476716659	1333	415	125	14	263	166	69	7	82	53	0	0	7.556032419204712	106720	9229.498960733414	88957	16.644490254872565	
-1862837.3956938342	96.7625	8.1375	107.525	68.7	-54.01714476716659	1334	415	129	14	246	151	65	7	79	51	0	0	6.595044374465942	106800	9236.09400510788	89024	16.644194756554313	
-1687966.8803176128	98.6125	8.2	110.275	70.3125	-54.01714476716659	1335	415	128	14	249	158	65	7	79	51	0	0	6.517772436141968	106880	9242.611777544022	89089	16.64577095808383	
-2012832.6147220463	97.3625	8.125	107.95	68.95	-54.01714476716659	1336	415	153	12	200	126	72	7	82	53	0	0	6.4466187953948975	106960	9249.058396339417	89155	16.64640987284966	
-1462832.3395600065	97.4375	8.0	105.1875	67.2625	-54.01714476716659	1337	415	149	13	248	151	55	7	82	53	0	0	6.076779842376709	107040	9255.135176181793	89214	16.65358744394618	
-1562887.3930825223	96.05	7.9125	107.45	68.5625	-54.01714476716659	1338	415	139	14	272	168	55	7	82	53	0	0	6.761115789413452	107120	9261.896291971207	89268	16.665421956684085	
-1187872.387006843	97.225	8.0625	108.775	69.275	-54.01714476716659	1339	415	128	13	248	151	66	7	79	51	0	0	6.4763734340667725	107200	9268.372665405273	89332	16.667910447761187	
-2262915.2899235124	97.7	8.3	109.825	70.0625	-54.01714476716659	1340	415	162	14	205	129	46	7	82	53	0	0	6.243665456771851	107280	9274.616330862045	89393	16.67319164802386	
-1712865.555228884	97.025	7.975	107.9	68.85	-54.01714476716659	1341	415	132	14	286	175	62	7	82	53	0	0	5.572479009628296	107360	9280.188809871674	89446	16.68591654247392	
-2137902.8265409134	97.0	8.405063291139241	113.9367088607595	72.69620253164557	-54.01714476716659	1342	416	132	14.0	305.0	193.0	62	7.0	79.0	51.0	0	0	6.219273567199707	107440	9286.408083438873	89506	16.692107222635883	
-1550308.8257524457	99.3125	8.55	121.6125	77.325	-54.01714476716659	1343	416	155	15	330	209	39	7	80	52	0	0	8.35966157913208	107520	9294.767745018005	89572	16.69270833333333	
-1512972.9713859356	99.475	8.2625	117.825	74.9	-54.01714476716659	1344	416	139	14	275	176	51	7	82	53	0	0	6.718628406524658	107600	9301.48637342453	89637	16.69423791821562	
-1637952.14108164	99.625	8.41025641025641	116.48717948717949	74.02564102564102	-54.01714476716659	1345	418	164	14.0	279.0	171.0	31	7.0	82.0	53.0	0	0	6.7282538414001465	107680	9308.21462726593	89703	16.694836552748882	
-1825350.759081633	98.0625	8.151898734177216	110.92405063291139	70.77215189873418	-54.01714476716659	1346	419	161	13.0	309.0	190.0	35	7.0	82.0	53.0	0	0	6.106292486190796	107760	9314.320919752121	89765	16.69914625092798	
-2150331.811959627	98.875	8.012658227848101	103.44303797468355	66.30379746835443	-54.01714476716659	1347	420	157	13.0	277.0	173.0	59	7.0	79.0	51.0	0	0	7.015267610549927	107840	9321.33618736267	89834	16.696958456973306	
-1650404.8017292959	95.725	8.1	105.1625	67.375	-54.01714476716659	1348	420	135	14	217	135	50	7	82	53	0	0	7.538243770599365	107920	9328.87443113327	89898	16.699406968124535	
-1200383.5750248686	95.8875	8.1125	106.3625	68.0625	-54.01714476716659	1349	420	142	17	262	162	52	7	82	53	0	0	6.7250142097473145	108000	9335.599445343018	89966	16.69814814814815	
-1275402.539636929	96.275	8.0375	102.8375	65.8	-54.01714476716659	1350	420	117	13	210	133	77	7	80	52	0	0	6.367625951766968	108080	9341.967071294785	90030	16.70059215396003	
-1712950.7310059287	97.15	8.2	109.9625	70.15	-54.01714476716659	1351	420	126	15	292	186	68	7	74	48	0	0	6.409175157546997	108160	9348.376246452332	90093	16.70395710059171	
-1475403.3364608008	96.5875	8.05	101.2625	64.8625	-54.01714476716659	1352	420	135	14	238	149	65	7	79	51	0	0	5.4692652225494385	108240	9353.845511674881	90149	16.713784183296383	
-1275347.0483759327	96.8625	7.95	106.8125	68.025	-54.01714476716659	1353	420	138	11	248	151	56	7	74	48	0	0	7.8134894371032715	108320	9361.659001111984	90215	16.714364844903983	
-1537885.321623236	96.9875	8.0875	109.4	69.675	-54.01714476716659	1354	420	140	11	248	151	54	7	79	51	0	0	6.658655643463135	108400	9368.317656755447	90280	16.715867158671585	
-1600276.5074926973	96.625	8.15	110.1375	70.35	-54.01714476716659	1355	420	148	15	301	190	46	7	82	53	0	0	6.582080602645874	108480	9374.899737358093	90347	16.715523598820056	
-2112760.1029290296	95.95	8.60759493670886	117.68354430379746	74.70886075949367	-54.01714476716659	1356	421	143	15.0	280.0	170.0	40	7.0	80.0	52.0	0	0	6.498979568481445	108560	9381.398716926575	90410	16.718865143699333	
-1975261.651705832	96.0	8.2	108.4625	69.1625	-54.01714476716659	1357	421	112	14	227	143	85	7	82	53	0	0	7.184299468994141	108640	9388.583016395569	90475	16.720360824742258	
-1937884.8119658437	95.575	8.675	122.85	77.9375	-54.01714476716659	1358	421	149	17	400	247	38	7	79	51	0	0	8.03158450126648	108720	9396.614600896835	90545	16.717255334805003	
-2325321.6221587937	94.575	8.8	121.925	77.55	-54.01714476716659	1359	421	165	16	333	203	29	7	82	53	0	0	7.33110785484314	108800	9403.945708751678	90613	16.715992647058826	
-1787838.308787177	94.2125	8.782051282051283	121.87179487179488	77.37179487179488	-54.01714476716659	1360	423	129	14.0	286.0	177.0	56	7.0	82.0	53.0	0	0	6.814245700836182	108880	9410.759954452515	90676	16.719324026451147	
-2062795.5728439442	94.5375	8.9	126.0625	80.2625	-54.01714476716659	1361	423	119	19	329	210	64	7	82	53	0	0	7.017710208892822	108960	9417.777664661407	90742	16.71989720998532	
-1862866.1000958937	96.4125	8.683544303797468	121.0253164556962	76.79746835443038	-54.01714476716659	1362	424	175	19.0	299.0	191.0	19	7.0	82.0	53.0	0	0	8.707166194915771	109040	9426.484830856323	90812	16.71680117388115	
-1750388.1817817073	97.575	8.3875	113.65	72.3125	-54.01714476716659	1363	424	136	14	287	181	58	7	80	52	0	0	7.240614414215088	109120	9433.725445270538	90883	16.71279325513197	
-1362778.9197599615	96.3875	8.7625	126.55	80.175	-54.01714476716659	1364	424	131	17	287	185	63	7	74	48	0	0	7.971640348434448	109200	9441.697085618973	90954	16.70879120879121	
-1312919.1953297872	96.575	7.9375	106.3125	67.8375	-54.01714476716659	1365	424	164	12	336	207	30	7	80	52	0	0	6.111876010894775	109280	9447.808961629868	91015	16.713945827232806	
-1362850.8857663493	96.45	8.0375	104.275	66.7625	-54.01714476716659	1366	424	128	14	214	137	66	7	82	53	0	0	7.142618656158447	109360	9454.951580286026	91077	16.718178493050473	
-1362809.913400901	97.7	7.9625	102.2375	65.375	-54.01714476716659	1367	424	124	14	248	151	74	7	82	53	0	0	5.733333587646484	109440	9460.684913873672	91135	16.72605994152046	
-2200352.4283293867	97.3875	8.4375	117.8125	74.8125	-54.01714476716659	1368	424	123	14	265	162	69	7	82	53	0	0	6.793928146362305	109520	9467.478842020035	91199	16.728451424397377	
-1187885.899211678	97.7375	8.367088607594937	112.31645569620254	71.63291139240506	-54.01714476716659	1369	425	151	17.0	280.0	177.0	43	7.0	82.0	53.0	0	0	6.547451734542847	109600	9474.026293754578	91263	16.7308394160584	
-1862926.9485420263	96.2	8.3625	113.6375	72.425	-54.01714476716659	1370	425	123	15	306	192	54	7	74	48	0	0	6.415241718292236	109680	9480.44153547287	91324	16.735959153902257	
-2375392.766584667	97.3	8.164556962025317	110.9746835443038	70.60759493670886	-54.01714476716659	1371	426	130	13.0	248.0	151.0	54	7.0	82.0	53.0	0	0	7.763587713241577	109760	9488.205123186111	91387	16.739249271137027	
-2050366.6217183373	97.4875	8.275	109.5	70.0875	-54.01714476716659	1372	426	141	14	248	151	53	7	74	48	0	0	6.414478063583374	109840	9494.619601249695	91451	16.741624180626374	
-1687831.5205646069	97.575	8.012658227848101	106.9113924050633	68.29113924050633	-54.01714476716659	1373	427	169	13.0	248.0	151.0	49	7.0	82.0	53.0	0	0	6.141075134277344	109920	9500.760676383972	91513	16.74581513828238	
-1062814.1523996177	96.875	7.9125	106.075	67.75	-54.01714476716659	1374	427	143	16	263	164	51	7	82	53	0	0	6.194680213928223	110000	9506.9553565979	91577	16.74818181818182	
-1575351.2394089552	97.1	8.0125	105.35	67.3375	-54.01714476716659	1375	427	125	14	309	192	69	7	82	53	0	0	5.8183605670928955	110080	9512.773717164993	91637	16.754178779069775	
-1575329.0184808786	96.6	8.0375	102.4125	65.5625	-54.01714476716659	1376	427	137	14	172	110	57	7	82	53	0	0	7.207342863082886	110160	9519.981060028076	91700	16.757443718228032	
-2050341.6703418016	97.2	8.275	111.375	71.0375	-54.01714476716659	1377	427	161	15	255	162	33	7	82	53	0	0	6.53706955909729	110240	9526.518129587173	91764	16.75979680696662	
-1262903.5328845026	97.05	8.425	119.775	75.825	-54.01714476716659	1378	427	131	13	248	151	63	7	79	51	0	0	6.90655779838562	110320	9533.424687385559	91827	16.76305293691081	
-1550345.9430689572	97.1625	7.89873417721519	102.0	65.27848101265823	-54.01714476716659	1379	428	135	13.0	231.0	143.0	59	7.0	74.0	48.0	0	0	6.074371814727783	110400	9539.499059200287	91889	16.76721014492753	
-2062808.707653556	97.1625	7.923076923076923	101.34615384615384	64.76923076923077	-54.01714476716659	1380	430	186	13.0	279.0	172.0	8	7.0	82.0	53.0	0	0	6.1453611850738525	110480	9545.64442038536	91947	16.774981897175962	
-1425406.9493695293	100.3375	7.9375	105.3875	67.2625	-54.01714476716659	1381	430	186	13	332	202	46	7	80	52	0	0	7.81772780418396	110560	9553.462148189545	92014	16.774602026049195	
-1450371.3864998086	96.9125	8.0	105.375	67.25	-54.01714476716659	1382	430	125	13	243	148	69	7	82	53	0	0	6.124107837677002	110640	9559.586256027222	92075	16.779645697758497	
-1437895.743966688	97.0625	8.0	106.475	68.0	-54.01714476716659	1383	430	134	17	296	188	60	7	82	53	0	0	6.164455890655518	110720	9565.750711917877	92136	16.784682080924853	
-1588039.4119206178	96.425	8.0	104.7	66.9625	-54.01714476716659	1384	430	135	16	220	142	59	7	82	53	0	0	6.25758957862854	110800	9572.008301496506	92198	16.788808664259918	
-1800325.6981289326	96.9625	8.0	108.8125	69.4	-54.01714476716659	1385	430	121	15	264	168	73	7	80	52	0	0	6.324357986450195	110880	9578.332659482956	92262	16.79112554112554	
-2500308.3612590344	97.4125	8.1375	108.4125	69.15	-54.01714476716659	1386	430	126	15	248	151	68	7	74	48	0	0	8.045186996459961	110960	9586.377846479416	92330	16.789834174477292	
-1800269.384391547	97.0	8.15	109.85	70.05	-54.01714476716659	1387	430	136	15	248	151	58	7	82	53	0	0	6.3647825717926025	111040	9592.742629051208	92392	16.793948126801155	
-1887787.3577448814	97.0625	8.475	119.975	76.2	-54.01714476716659	1388	430	142	14	248	151	52	7	82	53	0	0	6.957893371582031	111120	9599.70052242279	92458	16.79445644348452	
-1262840.8911042213	97.0	8.125	109.925	70.1	-54.01714476716659	1389	430	125	13	248	151	69	7	82	53	0	0	6.589065790176392	111200	9606.289588212967	92524	16.794964028776988	
-1225405.9729938086	97.1875	8.1	108.0375	69.025	-54.01714476716659	1390	430	135	14	264	167	59	7	79	51	0	0	6.3766279220581055	111280	9612.666216135025	92588	16.797268152408336	
-1287821.1624496176	99.9625	8.2	108.9	69.3375	-54.01714476716659	1391	430	138	14	315	193	74	7	82	53	0	0	8.2886381149292	111360	9620.954854249954	92657	16.795079022988503	
-2075302.4059563703	98.2875	8.0875	106.7	68.1625	-54.01714476716659	1392	430	128	14	239	152	66	7	80	52	0	0	6.3489155769348145	111440	9627.303769826889	92722	16.7964824120603	
-1325384.8948355303	100.05	8.430379746835444	110.89873417721519	70.88607594936708	-54.01714476716659	1393	431	142	15.0	246.0	156.0	64	7.0	79.0	51.0	0	0	6.606773376464844	111520	9633.910543203354	92788	16.796987087517934	
-1687878.286332888	101.25	8.126582278481013	107.54430379746836	68.59493670886076	-54.01714476716659	1394	432	144	15.0	230.0	144.0	50	7.0	82.0	53.0	0	0	5.950583219528198	111600	9639.861126422882	92849	16.801971326164875	
-1550455.5325616933	99.9375	8.30379746835443	109.24050632911393	69.83544303797468	-54.01714476716659	1395	433	150	15.0	263.0	166.0	59	7.0	82.0	53.0	0	0	6.37309718132019	111680	9646.234223604202	92911	16.806053008595995	
-1962881.5749451932	97.3375	8.354430379746836	113.9620253164557	72.65822784810126	-54.01714476716659	1396	434	156	13.0	230.0	141.0	38	7.0	82.0	53.0	0	0	7.983561038970947	111760	9654.217784643173	92977	16.806549749463144	
-1637836.743866638	96.5875	7.987341772151899	106.9113924050633	68.18987341772151	-54.01714476716659	1397	435	164	14.0	248.0	151.0	30	7.0	82.0	53.0	0	0	6.6733269691467285	111840	9660.89111161232	93042	16.8079399141631	
-1350389.068489528	96.65	7.85	104.3375	66.625	-54.01714476716659	1398	435	115	11	328	201	79	7	82	53	0	0	6.034419775009155	111920	9666.92553138733	93102	16.813795568263046	
-2012843.350429443	97.5875	8.0875	107.8	68.85	-54.01714476716659	1399	435	129	13	260	165	67	7	82	53	0	0	5.801056861877441	112000	9672.726588249207	93162	16.819642857142853	
-1937774.5047778145	98.575	8.025	105.7125	67.5625	-54.01714476716659	1400	435	137	15	218	138	57	7	82	53	0	0	6.082360029220581	112080	9678.808948278427	93222	16.825481798715202	
-1737882.714106711	96.625	8.0375	106.3625	67.9875	-54.01714476716659	1401	435	120	13	264	167	74	7	82	53	0	0	7.901608943939209	112160	9686.710557222366	93288	16.825962910128396	
-1737888.455360717	97.55	8.2125	109.475	69.8875	-54.01714476716659	1402	435	142	14	245	151	52	7	82	53	0	0	6.328464508056641	112240	9693.039021730423	93350	16.83000712758374	
-1275322.6970535934	97.45	7.8	99.9875	64.1	-54.01714476716659	1403	435	116	14	261	166	78	7	80	52	0	0	6.147358655929565	112320	9699.186380386353	93414	16.832264957264954	
-2550329.762803897	97.45	8.3	110.525	70.525	-54.01714476716659	1404	435	139	15	292	186	55	7	74	48	0	0	6.5786519050598145	112400	9705.765032291412	93478	16.834519572953738	
-1950436.4692821354	96.7	8.0875	107.3	68.475	-54.01714476716659	1405	435	138	15	267	168	67	7	82	53	0	0	6.283080339431763	112480	9712.048112630844	93541	16.83766002844949	
-1537841.6719207682	96.025	8.2	108.1	69.05	-54.01714476716659	1406	435	126	15	279	171	65	7	82	53	0	0	8.047973155975342	112560	9720.09608578682	93608	16.837242359630423	
-1450375.9192797877	96.825	7.9875	104.3625	66.6375	-54.01714476716659	1407	435	115	13	248	151	79	7	82	53	0	0	5.737645864486694	112640	9725.833731651306	93666	16.844815340909093	
-1812929.2718337253	96.4875	8.0625	110.075	70.0875	-54.01714476716659	1408	435	124	14	251	160	64	7	74	48	0	0	6.2782018184661865	112720	9732.111933469772	93729	16.84794180269695	
-1400328.9738211415	96.775	8.164556962025317	114.24050632911393	72.51898734177215	-54.01714476716659	1409	436	135	11.0	270.0	165.0	59	7.0	82.0	53.0	0	0	7.09318208694458	112800	9739.205115556717	93794	16.849290780141843	
-1762805.3600353622	96.95	8.2375	110.225	70.4375	-54.01714476716659	1410	436	119	16	263	166	74	7	80	52	0	0	6.694987058639526	112880	9745.900102615356	93860	16.849751948972354	
-1700479.4337057155	97.0	7.8875	102.9875	65.8875	-54.01714476716659	1411	436	135	11	248	151	59	7	80	52	0	0	7.888545274734497	112960	9753.788647890091	93928	16.848441926345615	
-2312844.426447588	97.475	8.475	118.6	75.6	-54.01714476716659	1412	436	139	15	256	162	55	7	80	52	0	0	7.069067716598511	113040	9760.85771560669	93995	16.84801840056616	
-1887955.3666682267	97.1375	8.1875	109.775	69.9625	-54.01714476716659	1413	436	126	15	262	163	68	7	82	53	0	0	6.916671276092529	113120	9767.774386882782	94063	16.84671145685998	
-1675290.3306705724	96.75	8.2625	112.9875	71.8625	-54.01714476716659	1414	436	134	15	249	155	64	7	82	53	0	0	6.277199745178223	113200	9774.05158662796	94124	16.851590106007066	
-2425331.5455857143	97.3	8.2875	109.975	70.325	-54.01714476716659	1415	436	126	13	264	170	68	7	82	53	0	0	6.8464086055755615	113280	9780.897995233536	94188	16.853813559322035	
-2350337.726982339	97.85	8.325	108.775	69.4625	-54.01714476716659	1416	436	148	14	214	131	41	7	80	52	0	0	8.083544731140137	113360	9788.981539964676	94258	16.850741002117147	
-1675497.8945621627	97.325	8.3625	112.1625	71.5	-54.01714476716659	1417	436	136	15	243	153	57	7	80	52	0	0	6.812552452087402	113440	9795.794092416763	94323	16.852080394922424	
-1675418.3049523914	97.0	8.3625	118.85	75.275	-54.01714476716659	1418	436	126	13	261	160	68	7	79	51	0	0	7.0086305141448975	113520	9802.802722930908	94388	16.853417899929525	
-1812838.9679070222	95.7625	8.0	106.25	67.85	-54.01714476716659	1419	436	138	13	289	181	48	7	80	52	0	0	6.302458047866821	113600	9809.105180978775	94451	16.85651408450704	
-1425291.5364711136	96.3	7.936708860759493	104.0126582278481	66.53164556962025	-54.01714476716659	1420	437	120	15.0	256.0	163.0	74	7.0	82.0	53.0	0	0	6.912879467010498	113680	9816.018060445786	94513	16.860485573539762	
-1312883.9842546652	96.45	7.875	102.0625	65.325	-54.01714476716659	1421	437	134	12	224	142	60	7	80	52	0	0	6.397457122802734	113760	9822.415517568588	94572	16.867088607594937	
-1262877.9457006971	96.7375	7.987341772151899	107.18987341772151	68.24050632911393	-54.01714476716659	1422	438	131	12.0	319.0	199.0	63	7.0	74.0	48.0	0	0	6.753035306930542	113840	9829.168552875519	94638	16.867533380182707	
-1662919.7810877995	97.4875	8.6	119.6375	76.0125	-54.01714476716659	1423	438	135	19	355	222	59	7	82	53	0	0	7.274495601654053	113920	9836.443048477173	94705	16.86709971910112	
-1937811.5283692493	96.8	8.371794871794872	113.34615384615384	72.08974358974359	-54.01714476716659	1424	440	159	13.0	274.0	171.0	35	7.0	82.0	53.0	0	0	6.709506511688232	114000	9843.152554988861	94771	16.867543859649132	
-1275421.6157020913	97.175	8.075	108.5375	69.2	-54.01714476716659	1425	440	136	13	244	153	58	7	79	51	0	0	7.627605438232422	114080	9850.780160427094	94837	16.867987377279107	
-1337937.8360839707	98.1	8.0125	105.975	67.725	-54.01714476716659	1426	440	145	14	248	151	56	7	80	52	0	0	6.655395030975342	114160	9857.435555458069	94902	16.869306236860552	
-1937899.4481097076	98.425	8.139240506329115	112.39240506329114	71.49367088607595	-54.01714476716659	1427	441	171	12.0	248.0	151.0	50	7.0	79.0	51.0	0	0	6.224303960800171	114240	9863.659859418869	94961	16.875875350140063	
-1562847.8524741377	100.6125	8.15	104.5	67.025	-54.01714476716659	1428	441	171	13	226	146	60	7	74	48	0	0	6.077979564666748	114320	9869.737838983536	95021	16.88156053184045	
-1900402.0405583861	99.0875	8.3375	107.2125	68.7625	-54.01714476716659	1429	441	203	14	213	136	65	7	82	53	0	0	6.336973667144775	114400	9876.07481265068	95084	16.884615384615387	
-1375310.0946800564	96.675	7.8875	104.725	66.8125	-54.01714476716659	1430	441	114	11	248	151	80	7	82	53	0	0	7.847974061965942	114480	9883.922786712646	95151	16.884171907756823	
-1400283.9967815601	96.55	7.89873417721519	99.29113924050633	63.77215189873418	-54.01714476716659	1431	442	146	13.0	183.0	117.0	48	7.0	80.0	52.0	0	0	6.004666090011597	114560	9889.927452802658	95212	16.888966480446925	
-1550303.9780660798	97.5	8.0625	106.3625	67.975	-54.01714476716659	1432	442	137	13	268	168	64	7	82	53	0	0	6.286283493041992	114640	9896.2137362957	95276	16.891137473831122	
-1087829.0970800053	98.9	7.8375	97.95	62.825	-54.01714476716659	1433	442	137	12	210	132	70	7	79	51	0	0	6.769646644592285	114720	9902.983382940292	95347	16.887203626220355	
-1687821.2439093613	96.5875	7.8	98.125	62.925	-54.01714476716659	1434	442	120	13	248	151	72	7	80	52	0	0	6.048319101333618	114800	9909.031702041626	95410	16.890243902439025	
-987864.2393300005	96.5625	7.7	101.625	64.8625	-54.01714476716659	1435	442	124	12	246	151	68	7	82	53	0	0	6.246724367141724	114880	9915.278426408768	95467	16.89850278551532	
-2412749.345191573	95.9875	7.8375	100.8875	64.55	-54.01714476716659	1436	442	132	11	265	162	62	7	82	53	0	0	6.110623359680176	114960	9921.389049768448	95524	16.906750173973563	
-1412869.1706812955	96.4375	8.175	111.975	71.275	-54.01714476716659	1437	442	125	14	248	155	69	7	82	53	0	0	6.518078327178955	115040	9927.907128095627	95587	16.909770514603622	
-1575411.8936130593	96.3125	8.1875	110.3625	70.325	-54.01714476716659	1438	442	140	14	248	151	61	7	82	53	0	0	6.63295578956604	115120	9934.540083885193	95651	16.91191799861015	
-1150319.465218554	97.7375	7.7125	99.8875	63.8	-54.01714476716659	1439	442	124	11	248	151	76	7	82	53	0	0	5.322096347808838	115200	9939.862180233002	95707	16.921006944444457	
-1837812.9234488844	96.8375	8.05	108.4375	69.1125	-54.01714476716659	1440	442	127	12	266	169	67	7	80	52	0	0	6.336212635040283	115280	9946.198392868042	95767	16.926613462873007	
-1887852.1703228508	96.625	8.2	110.6875	70.6125	-54.01714476716659	1441	442	133	14	246	151	61	7	82	53	0	0	7.131193161010742	115360	9953.329586029053	95829	16.930478502080447	
-2337786.9965227055	96.475	8.625	117.2375	74.85	-54.01714476716659	1442	442	144	15	252	159	50	7	82	53	0	0	6.364516019821167	115440	9959.694102048874	95892	16.933471933471935	
-1612815.5380680743	97.375	7.987341772151899	104.9620253164557	67.10126582278481	-54.01714476716659	1443	443	167	14.0	260.0	165.0	27	7.0	80.0	52.0	0	0	4.99345850944519	115520	9964.68756055832	95943	16.946849030470915	
-2025325.2227158747	97.4	8.375	118.475	75.15	-54.01714476716659	1444	443	125	12	293	179	69	7	82	53	0	0	6.853128433227539	115600	9971.540688991547	96010	16.94636678200692	
-1750425.0139037576	98.1375	8.2375	112.5625	71.6375	-54.01714476716659	1445	443	128	14	248	151	69	7	80	52	0	0	7.73862624168396	115680	9979.27931523323	96076	16.946749654218536	
-1025306.3647648648	97.625	7.9125	106.5375	67.95	-54.01714476716659	1446	443	130	11	248	151	64	7	82	53	0	0	7.4778220653533936	115760	9986.757137298584	96143	16.94626814098133	
-1375258.2924871794	97.15	7.7125	99.725	63.8375	-54.01714476716659	1447	443	129	14	248	151	65	7	80	52	0	0	5.889860391616821	115840	9992.6469976902	96205	16.95010359116023	
-1237891.798777319	97.675	8.037974683544304	104.86075949367088	67.11392405063292	-54.01714476716659	1448	444	127	15.0	281.0	178.0	67	7.0	82.0	53.0	0	0	6.210009574890137	115920	9998.857007265091	96266	16.954796411318156	
-1725387.0621246889	97.3	8.05	105.075	67.05	-54.01573095728629	1449	444	131	15	248	151	63	7	82	53	0	0	6.855349779129028	116000	10005.71235704422	96335	16.95258620689654	
-1462861.757131083	97.0	8.125	109.1625	69.525	-54.01573095728629	1450	444	118	15	344	207	76	7	82	53	0	0	6.876323699951172	116080	10012.588680744171	96400	16.953824948311507	
-937946.0891763326	97.05	8.075	108.35	68.95	-54.01573095728629	1451	444	121	12	239	150	73	7	74	48	0	0	7.341942548751831	116160	10019.930623292923	96462	16.957644628099175	
-1750413.9369367256	96.6875	8.05	109.0	69.475	-54.01573095728629	1452	444	122	13	335	207	69	7	74	48	0	0	6.6392529010772705	116240	10026.569876194	96528	16.958017894012386	
-1612830.6895349545	97.1375	8.325	115.5375	73.575	-54.01573095728629	1453	444	132	13	378	234	62	7	80	52	0	0	7.035542726516724	116320	10033.605418920517	96596	16.956671251719385	
-1950249.2899014824	96.7875	8.15	109.2625	69.5875	-54.01573095728629	1454	444	123	14	288	175	71	7	82	53	0	0	7.081272840499878	116400	10040.686691761017	96664	16.955326460481103	
-1712761.5186701126	97.0375	8.30379746835443	114.9367088607595	73.13924050632912	-54.01573095728629	1455	445	137	15.0	273.0	170.0	57	7.0	74.0	48.0	0	0	8.122874975204468	116480	10048.809566736221	96730	16.95570054945054	
-1862890.3522610187	97.3875	8.658227848101266	118.9113924050633	75.63291139240506	-54.01573095728629	1456	446	150	13.0	313.0	190.0	45	7.0	79.0	51.0	0	0	7.2015767097473145	116560	10056.011143445969	96799	16.9535003431709	
-1450316.7063241608	100.9625	8.475	111.4	71.0625	-54.01573095728629	1457	446	149	15	255	160	55	7	82	53	0	0	6.855255365371704	116640	10062.86639881134	96869	16.95044581618656	
-1787916.9657640127	99.675	8.0	102.3875	65.5625	-54.01573095728629	1458	446	149	12	268	164	58	7	82	53	0	0	6.8825342655181885	116720	10069.748933076859	96940	16.946538725154213	
-1587840.9378456012	99.5625	8.0125	105.95	67.7125	-54.01573095728629	1459	446	156	14	238	148	72	7	82	53	0	0	6.050568103790283	116800	10075.799501180649	97003	16.94948630136986	
-1412834.5867699822	101.675	8.0	103.625	66.275	-54.01573095728629	1460	446	186	11	245	152	60	7	74	48	0	0	7.854017019271851	116880	10083.65351819992	97070	16.94900752908967	
-1900289.0739625427	101.2	7.975	105.475	67.1375	-54.01573095728629	1461	446	154	11	205	127	61	7	82	53	0	0	7.265223503112793	116960	10090.918741703033	97144	16.942544459644324	
-2387822.630306637	97.6375	8.1125	107.0875	68.4	-54.01573095728629	1462	446	148	15	239	150	54	7	74	48	0	0	7.680830001831055	117040	10098.599571704865	97217	16.93694463431305	
-1450398.8737054246	97.175	7.825	102.725	65.6125	-54.01573095728629	1463	446	116	15	279	168	78	7	82	53	0	0	6.838171720504761	117120	10105.43774342537	97286	16.934767759562845	
-1037791.3009018498	97.425	7.8125	101.95	65.175	-54.01573095728629	1464	446	124	14	252	155	70	7	82	53	0	0	7.250731706619263	117200	10112.688475131989	97354	16.933447098976103	
-1412903.960956751	97.0	7.8875	103.675	66.3375	-54.01573095728629	1465	446	122	12	213	136	72	7	80	52	0	0	7.580923318862915	117280	10120.269398450851	97426	16.92871759890859	
-1850379.738932592	97.175	8.126582278481013	108.0632911392405	69.13924050632912	-54.01573095728629	1466	447	135	14.0	303.0	188.0	60	7.0	82.0	53.0	0	0	6.638143539428711	117360	10126.90754199028	97493	16.928254942058615	
-1537846.6605941232	97.3875	8.125	108.1625	69.125	-54.01573095728629	1467	447	124	14	232	149	70	7	80	52	0	0	7.399578809738159	117440	10134.307120800018	97568	16.920980926430516	
-1375342.2403913469	96.9375	8.0625	108.2	69.1875	-54.01573095728629	1468	447	142	15	292	183	53	7	74	48	0	0	6.761087417602539	117520	10141.06820821762	97637	16.918822328114373	
-1550353.4104020572	97.9875	8.25	112.95	72.0625	-54.01573095728629	1469	447	149	14	292	186	45	7	82	53	0	0	8.541568994522095	117600	10149.609777212143	97708	16.914965986394563	
-2050317.6698534111	98.0125	8.675	120.4625	76.4625	-54.01573095728629	1470	447	141	19	286	175	63	7	82	53	0	0	7.506830930709839	117680	10157.116608142853	97779	16.911114887831403	
-1875248.509170418	98.3125	8.45	115.6125	73.5125	-54.01573095728629	1471	447	132	14	253	157	62	7	82	53	0	0	7.190181255340576	117760	10164.306789398193	97849	16.908118206521735	
-1062826.828339842	97.0	8.25	112.1375	71.35	-54.01573095728629	1472	447	108	14	265	162	86	7	82	53	0	0	7.196839332580566	117840	10171.503628730774	97919	16.90512559402579	
-2000377.571971401	96.9	8.125	106.3375	68.0375	-54.01573095728629	1473	447	119	12	237	149	75	7	79	51	0	0	8.640889644622803	117920	10180.144518375397	97995	16.897048846675716	
-1650350.4706326532	98.6	7.9375	105.3875	67.35	-54.01573095728629	1474	447	129	14	230	144	65	7	82	53	0	0	6.707738399505615	118000	10186.852256774902	98064	16.89491525423729	
-912781.5133693923	97.5125	7.9125	104.7625	66.85	-54.01573095728629	1475	447	119	14	235	147	79	7	80	52	0	0	6.967622518539429	118080	10193.819879293442	98135	16.891090785907863	
-2087893.0632805757	96.6	8.39240506329114	114.49367088607595	72.60759493670886	-54.01573095728629	1476	448	130	13.0	237.0	147.0	64	7.0	79.0	51.0	0	0	7.330642223358154	118160	10201.1505215168	98205	16.88811780636425	
-1812848.35968601	96.125	8.4	114.9125	72.975	-54.01573095728629	1477	448	130	14	229	141	64	7	82	53	0	0	8.197196006774902	118240	10209.347717523575	98275	16.885148849797034	
-1975391.8616507798	96.625	8.556962025316455	121.65822784810126	77.26582278481013	-54.01573095728629	1478	449	145	14.0	257.0	158.0	49	7.0	82.0	53.0	0	0	8.209505796432495	118320	10217.557223320007	98348	16.87964841108858	
-1875446.9799620826	98.4875	8.265822784810126	111.89873417721519	71.44303797468355	-54.01573095728629	1479	450	150	14.0	285.0	178.0	63	7.0	74.0	48.0	0	0	6.957913398742676	118400	10224.51513671875	98419	16.875844594594597	
-1362882.2578121289	97.2	8.25	114.45	72.8125	-54.01573095728629	1480	450	126	14	252	160	76	7	80	52	0	0	7.216222763061523	118480	10231.731359481812	98488	16.873733963538157	
-1662792.093199037	96.8625	8.2375	113.175	72.05	-54.01573095728629	1481	450	117	14	228	146	77	7	82	53	0	0	6.718753337860107	118560	10238.450112819672	98552	16.875843454790825	
-1762919.165007291	97.0	8.2375	113.8625	72.425	-54.01573095728629	1482	450	139	12	222	140	55	7	82	53	0	0	8.734651803970337	118640	10247.184764623642	98623	16.872049898853675	
-1025439.8392608709	97.3	8.025	102.6	65.7125	-54.01573095728629	1483	450	126	14	256	162	68	7	82	53	0	0	7.094134092330933	118720	10254.278898715973	98695	16.867419137466314	
-1675364.3063350853	97.5625	8.15	105.8875	67.825	-54.01573095728629	1484	450	123	15	274	176	71	7	82	53	0	0	6.59169864654541	118800	10260.870597362518	98763	16.866161616161605	
-2187958.82775996	97.15	8.1375	109.2875	69.7625	-54.01573095728629	1485	450	124	13	289	184	67	7	82	53	0	0	7.14009690284729	118880	10268.010694265366	98835	16.861541049798106	
-1700320.9869205821	97.325	8.113924050632912	104.55696202531645	66.89873417721519	-54.01573095728629	1486	451	138	13.0	199.0	126.0	56	7.0	82.0	53.0	0	0	8.120010375976562	118960	10276.130704641342	98904	16.859448554135852	
-2050385.5803005018	96.85	8.1	110.6375	70.4375	-54.01573095728629	1487	451	114	14	221	138	68	7	82	53	0	0	6.907239198684692	119040	10283.037943840027	98971	16.859038978494624	
-1337838.5659731203	96.7	8.10126582278481	110.32911392405063	70.0886075949367	-54.01573095728629	1488	452	118	14.0	296.0	182.0	68	7.0	82.0	53.0	0	0	7.011075735092163	119120	10290.049019575119	99040	16.856950973807926	
-1450324.0931169868	97.0	8.3125	111.3125	70.95	-54.01573095728629	1489	452	116	14	283	175	78	7	82	53	0	0	6.891494274139404	119200	10296.940513849258	99107	16.856543624161063	
-2212753.138926941	98.3125	8.2375	107.1375	68.6	-54.01573095728629	1490	452	119	13	255	160	88	7	80	52	0	0	7.232883453369141	119280	10304.173397302628	99180	16.85110663983903	
-1300348.987907296	97.8125	8.1	105.9625	67.7125	-54.01573095728629	1491	452	137	14	263	166	57	7	82	53	0	0	7.827019691467285	119360	10312.000416994095	99248	16.84986595174263	
-1362914.9529635042	97.0	8.1	105.75	67.6125	-54.01573095728629	1492	452	140	12	200	123	54	7	82	53	0	0	6.5792248249053955	119440	10318.579641819	99315	16.849464166108504	
-1162890.218566355	98.125	7.9625	104.6625	66.95	-54.01573095728629	1493	452	125	14	261	168	69	7	82	53	0	0	6.945142507553101	119520	10325.524784326553	99387	16.84487951807229	
-1800449.3120296814	97.375	8.05	104.5	66.8875	-54.01573095728629	1494	452	134	13	235	149	60	7	82	53	0	0	6.675915241241455	119600	10332.200699567795	99455	16.843645484949832	
-2037808.4171331092	97.075	8.2625	113.0875	72.0	-54.01573095728629	1495	452	125	15	294	188	69	7	82	53	0	0	7.896655082702637	119680	10340.097354650497	99528	16.838235294117638	
-1362804.932352425	95.85	8.1625	112.1	71.275	-54.01573095728629	1496	452	133	15	302	183	33	7	74	48	0	0	7.840292930603027	119760	10347.9376475811	99598	16.835337341349373	
-1275318.6931702727	94.525	8.25	108.65	69.3	-54.01573095728629	1497	452	142	15	203	126	33	7	80	52	0	0	6.747380971908569	119840	10354.685028553009	99665	16.834946595460607	
-1750397.173881565	96.7375	8.4125	119.1375	75.65	-54.01573095728629	1498	452	152	15	255	160	35	7	82	53	0	0	7.357720375061035	119920	10362.04274892807	99735	16.832054703135427	
-887915.7180584334	97.225	8.4625	121.5375	77.0375	-54.01573095728629	1499	452	132	13	293	180	62	7	82	53	0	0	7.619407892227173	120000	10369.662156820297	99805	16.829166666666666	
-1050428.3059285695	96.825	8.05	109.7875	69.85	-54.01573095728629	1500	452	127	11	248	151	67	7	82	53	0	0	8.134958505630493	120080	10377.797115325928	99871	16.829613590939374	
