ave_fitness	ave_genome_length	ave_tree_depth	ave_tree_nodes	ave_used_codons	best_fitness	gen	invalids	max_genome_length	max_tree_depth	max_tree_nodes	max_used_codons	min_genome_length	min_tree_depth	min_tree_nodes	min_used_codons	runtime_error	time_adjust	time_taken	total_inds	total_time	unique_inds	unused_search	
-800013.5575824564	100.0	11.443037974683545	195.81012658227849	123.79746835443038	-17.482733673859162	0	1	100	18.0	498.0	303.0	100	7.0	87.0	56.0	0	0	9.732300519943237	80	9.732300519943237	79	1.25	
-425046.28323149367	100.0	11.810126582278482	220.49367088607596	138.39240506329114	-17.373825733788713	1	2	142	22.0	498.0	312.0	58	7.0	74.0	48.0	0	0	12.102511405944824	160	21.83481192588806	154	3.75	
-437526.4288227657	100.75	11.376623376623376	190.75324675324674	120.62337662337663	-17.373825733788713	2	5	163	18.0	466.0	292.0	37	7.0	74.0	48.0	0	0	8.889928102493286	240	30.724740028381348	227	5.416666666666671	
-325031.9077039133	101.2	11.243589743589743	168.71794871794873	107.11538461538461	-16.75784602611992	3	7	165	17.0	325.0	210.0	35	8.0	99.0	64.0	0	0	7.501367568969727	320	38.226107597351074	301	5.9375	
-450021.3188066365	99.7875	11.217948717948717	158.76923076923077	101.12820512820512	-15.831355985768049	4	9	137	15.0	345.0	211.0	63	8.0	79.0	51.0	0	0	7.427116394042969	400	45.65322399139404	375	6.25	
-375029.0020619449	101.5125	11.0875	159.7	101.675	-15.831355985768049	5	9	153	15	320	194	47	8	79	51	0	0	8.828479051589966	480	54.48170304298401	451	6.041666666666671	
-412535.1304963691	100.85	10.818181818181818	153.5064935064935	97.87012987012987	-15.539895845301888	6	12	178	15.0	279.0	174.0	22	7.0	74.0	48.0	0	0	7.05570912361145	560	61.53741216659546	523	6.607142857142861	
-300036.731990063	93.625	10.8	158.625	100.7125	-15.539895845301888	7	12	140	18	331	207	42	8	84	54	0	0	7.228214263916016	640	68.76562643051147	598	6.5625	
-425018.84486878256	92.9125	10.935064935064934	163.11688311688312	103.06493506493507	-14.213421908989526	8	15	195	16.0	326.0	201.0	45	7.0	79.0	51.0	0	0	7.606903553009033	720	76.37252998352051	671	6.805555555555557	
-387524.5734038603	85.8375	10.2987012987013	145.6883116883117	92.54545454545455	-13.906971345474254	9	18	159	16.0	359.0	225.0	41	8.0	79.0	51.0	0	0	7.204903841018677	800	83.57743382453918	741	7.375	
-412524.9615358793	95.0	10.85897435897436	140.5	89.88461538461539	-13.906971345474254	10	20	157	16.0	259.0	162.0	45	8.0	79.0	51.0	0	0	6.74361515045166	880	90.32104897499084	815	7.38636363636364	
-387523.8951100247	90.2625	11.025974025974026	143.12987012987014	91.50649350649351	-13.472294962481916	11	23	136	19.0	331.0	211.0	38	8.0	79.0	51.0	0	0	7.380385160446167	960	97.70143413543701	888	7.5	
-350021.1110952981	89.1	11.302631578947368	150.85526315789474	96.10526315789474	-13.472294962481916	12	27	139	16.0	349.0	213.0	30	8.0	79.0	51.0	0	0	8.0953950881958	1040	105.79682922363281	959	7.788461538461533	
-300026.99985631835	93.9625	10.909090909090908	142.28571428571428	91.07792207792208	-13.245173820012852	13	30	161	15.0	249.0	157.0	45	8.0	87.0	56.0	0	0	7.488998651504517	1120	113.28582787513733	1032	7.857142857142861	
-362535.08781559067	99.4375	11.102564102564102	143.82051282051282	92.34615384615384	-13.245173820012852	14	32	180	14.0	381.0	232.0	45	7.0	74.0	48.0	0	0	7.571237325668335	1200	120.85706520080566	1106	7.833333333333343	
-462516.8567030759	91.05	11.04	146.89333333333335	94.02666666666667	-13.245173820012852	15	37	137	15.0	276.0	171.0	45	8.0	84.0	54.0	0	0	7.38871955871582	1280	128.24578475952148	1176	8.125	
-375029.2293922189	93.3375	11.220779220779221	157.37662337662337	100.55844155844156	-13.245173820012852	16	40	140	16.0	366.0	223.0	37	8.0	88.0	57.0	0	0	7.69210958480835	1360	135.93789434432983	1247	8.308823529411768	
-337520.60509328556	97.325	11.337662337662337	166.71428571428572	106.15584415584415	-12.907410507472866	17	43	140	16.0	279.0	172.0	45	8.0	88.0	57.0	0	0	8.699876070022583	1440	144.63777041435242	1319	8.402777777777786	
-362515.05140794476	97.0375	11.645569620253164	160.16455696202533	102.56962025316456	-12.907410507472866	18	44	145	17.0	335.0	209.0	40	8.0	79.0	51.0	0	0	8.488452434539795	1520	153.1262228488922	1393	8.355263157894726	
-350019.8396102109	95.325	11.631578947368421	162.03947368421052	103.36842105263158	-12.907410507472866	19	48	156	18.0	389.0	241.0	40	8.0	87.0	56.0	0	0	7.81672739982605	1600	160.94295024871826	1463	8.5625	
-325029.5000965858	97.9375	11.8375	161.6125	103.5875	-12.907410507472866	20	48	154	22	422	274	42	8	79	51	0	0	9.480633020401001	1680	170.42358326911926	1539	8.392857142857153	
-362533.7863019256	97.875	11.592105263157896	156.85526315789474	100.67105263157895	-12.907410507472866	21	52	161	20.0	352.0	228.0	35	8.0	79.0	51.0	0	0	8.814545631408691	1760	179.23812890052795	1611	8.465909090909093	
-375029.273984965	101.8125	11.710526315789474	158.4078947368421	101.67105263157895	-12.907410507472866	22	56	181	20.0	306.0	194.0	37	8.0	92.0	59.0	0	0	7.61880087852478	1840	186.85692977905273	1682	8.586956521739125	
-400033.82260179456	106.2375	11.844155844155845	164.6103896103896	105.53246753246754	-12.231295499346292	23	59	238	18.0	317.0	205.0	53	8.0	84.0	54.0	0	0	7.391624927520752	1920	194.2485547065735	1755	8.59375	
-275030.584833362	103.2125	11.986666666666666	164.02666666666667	105.13333333333334	-12.231295499346292	24	64	181	17.0	370.0	227.0	33	8.0	84.0	54.0	0	0	10.331576347351074	2000	204.58013105392456	1826	8.700000000000003	
-387524.24693248153	99.8375	11.506493506493506	159.97402597402598	102.49350649350649	-12.231295499346292	25	67	192	17.0	370.0	227.0	34	8.0	91.0	59.0	0	0	12.844522476196289	2080	217.42465353012085	1899	8.70192307692308	
-350032.83413082507	99.9	11.766233766233766	158.2207792207792	101.6103896103896	-12.231295499346292	26	70	181	17.0	299.0	188.0	15	8.0	92.0	59.0	0	0	12.647899627685547	2160	230.0725531578064	1969	8.842592592592595	
-412518.7024347893	100.0875	11.636363636363637	157.4935064935065	100.75324675324676	-12.231295499346292	27	73	145	17.0	345.0	221.0	51	8.0	92.0	59.0	0	0	9.46062183380127	2240	239.53317499160767	2042	8.839285714285722	
-362526.055273791	98.5	11.35897435897436	146.23076923076923	93.75641025641026	-12.231295499346292	28	75	154	19.0	302.0	195.0	53	8.0	79.0	51.0	0	0	9.197246789932251	2320	248.73042178153992	2116	8.793103448275858	
-425023.7770511861	98.575	11.493506493506494	150.4025974025974	96.58441558441558	-12.178629321959352	29	78	166	18.0	311.0	195.0	30	8.0	83.0	54.0	0	0	8.385404109954834	2400	257.11582589149475	2188	8.833333333333343	
-325033.37859548104	98.1	12.333333333333334	168.46666666666667	107.98666666666666	-12.178629321959352	30	83	183	18.0	371.0	231.0	13	8.0	84.0	54.0	0	0	8.130380868911743	2480	265.2462067604065	2257	8.991935483870975	
-412527.1822985861	98.4	11.432432432432432	159.6081081081081	101.86486486486487	-12.178629321959352	31	89	148	17.0	329.0	209.0	48	8.0	85.0	55.0	0	0	8.974030256271362	2560	274.22023701667786	2327	9.1015625	
-387519.79297957214	100.8	11.35135135135135	149.32432432432432	95.72972972972973	-12.172764321542546	32	95	138	17.0	286.0	179.0	75	8.0	91.0	59.0	0	0	9.557584047317505	2640	283.77782106399536	2397	9.204545454545453	
-412524.62752771564	98.225	11.2	151.44	96.82666666666667	-12.172764321542546	33	100	153	17.0	276.0	172.0	43	8.0	90.0	58.0	0	0	9.864179849624634	2720	293.64200091362	2468	9.264705882352942	
-425024.1599203039	96.4625	11.513157894736842	161.98684210526315	103.25	-12.172764321542546	34	104	138	19.0	446.0	283.0	55	8.0	79.0	51.0	0	0	9.329115867614746	2800	302.97111678123474	2539	9.32142857142857	
-450019.4296560254	97.8625	11.153846153846153	143.07692307692307	91.88461538461539	-12.172698375107753	35	106	138	15.0	272.0	168.0	58	8.0	91.0	59.0	0	0	9.970369338989258	2880	312.941486120224	2613	9.270833333333329	
-400023.5646211927	97.875	11.81578947368421	148.39473684210526	95.57894736842105	-12.120189104862677	36	110	120	18.0	260.0	167.0	76	8.0	90.0	58.0	0	0	8.95943021774292	2960	321.9009163379669	2685	9.290540540540533	
-462532.9883317393	97.625	11.891891891891891	153.22972972972974	98.55405405405405	-12.08512330298514	37	116	148	17.0	309.0	196.0	38	8.0	92.0	59.0	0	0	8.960726022720337	3040	330.86164236068726	2755	9.375	
-587515.7261609761	98.0125	11.452054794520548	148.7123287671233	95.58904109589041	-12.08512330298514	38	123	166	16.0	357.0	220.0	18	7.0	82.0	53.0	0	0	7.860480785369873	3120	338.72212314605713	2824	9.487179487179489	
-500029.8032032469	97.95	11.407894736842104	144.72368421052633	93.22368421052632	-12.044744332917636	39	127	162	16.0	283.0	181.0	34	8.0	84.0	54.0	0	0	8.842602491378784	3200	347.5647256374359	2895	9.53125	
-412530.67987679754	105.05	11.733333333333333	156.86666666666667	100.69333333333333	-12.044744332917636	40	132	162	18.0	286.0	182.0	49	8.0	84.0	54.0	0	0	8.316686153411865	3280	355.8814117908478	2966	9.573170731707307	
-437523.959588064	99.45	11.266666666666667	143.49333333333334	91.92	-12.044744332917636	41	137	146	16.0	312.0	191.0	50	8.0	97.0	63.0	0	0	7.4603142738342285	3360	363.341726064682	3036	9.642857142857139	
-437526.64178088476	98.8875	11.466666666666667	152.82666666666665	97.86666666666666	-12.044744332917636	42	142	162	20.0	357.0	217.0	34	8.0	93.0	60.0	0	0	7.828039646148682	3440	371.1697657108307	3106	9.70930232558139	
-325028.6683704291	104.325	11.615384615384615	153.25641025641025	98.15384615384616	-12.044744332917636	43	144	170	20.0	402.0	255.0	37	8.0	79.0	51.0	0	0	7.866858959197998	3520	379.0366246700287	3178	9.715909090909093	
-425024.73693116417	100.5	11.454545454545455	153.7792207792208	98.46753246753246	-12.044744332917636	44	147	244	16.0	344.0	212.0	12	8.0	84.0	54.0	0	0	7.743690013885498	3600	386.7803146839142	3248	9.777777777777771	
-462521.51271670253	100.0625	11.301369863013699	149.35616438356163	95.47945205479452	-12.044744332917636	45	154	201	18.0	296.0	186.0	43	8.0	84.0	54.0	0	0	7.578538179397583	3680	394.35885286331177	3316	9.891304347826093	
-412523.43137836875	96.8375	11.705128205128204	156.48717948717947	100.52564102564102	-12.044744332917636	46	156	151	18.0	348.0	225.0	47	7.0	79.0	51.0	0	0	8.248089790344238	3760	402.606942653656	3390	9.840425531914903	
-387531.5433572476	95.3875	11.4	150.50666666666666	96.50666666666666	-12.044744332917636	47	161	133	17.0	288.0	181.0	47	8.0	84.0	54.0	0	0	7.707329273223877	3840	410.3142719268799	3459	9.921875	
-412521.8357100766	99.3625	11.746835443037975	155.39240506329114	99.74683544303798	-12.044744332917636	48	162	151	18.0	333.0	216.0	45	8.0	79.0	51.0	0	0	8.312983512878418	3920	418.6272554397583	3534	9.84693877551021	
-400024.7460114452	98.8375	11.688311688311689	160.2987012987013	102.64935064935065	-12.027632959436518	49	165	177	21.0	449.0	293.0	19	8.0	79.0	51.0	0	0	8.57314133644104	4000	427.20039677619934	3606	9.850000000000009	
-462523.1386805644	98.85	11.69620253164557	148.51898734177215	95.35443037974683	-12.027632959436518	50	166	139	21.0	307.0	192.0	57	8.0	93.0	60.0	0	0	7.826712369918823	4080	435.02710914611816	3680	9.803921568627445	
-525020.598002831	97.9125	11.391891891891891	145.35135135135135	93.1891891891892	-12.025488025989572	51	172	160	16.0	250.0	157.0	35	8.0	84.0	54.0	0	0	7.515035390853882	4160	442.54214453697205	3750	9.855769230769226	
-512529.9418510689	99.7625	11.576923076923077	149.39743589743588	95.76923076923077	-12.025488025989572	52	174	170	17.0	313.0	195.0	54	8.0	92.0	59.0	0	0	8.09716272354126	4240	450.6393072605133	3824	9.811320754716974	
-425043.16865248774	99.725	11.576923076923077	159.07692307692307	101.73076923076923	-12.025488025989572	53	176	170	17.0	364.0	225.0	44	8.0	85.0	55.0	0	0	8.087865829467773	4320	458.7271730899811	3898	9.768518518518519	
-387519.46564505796	94.9125	11.50632911392405	157.21518987341773	100.88607594936708	-12.025488025989572	54	177	138	17.0	327.0	202.0	58	8.0	87.0	56.0	0	0	8.02875828742981	4400	466.7559313774109	3971	9.75	
-500019.8051822479	100.15	11.38961038961039	157.55844155844156	101.02597402597402	-12.025488025989572	55	180	143	18.0	391.0	248.0	53	8.0	87.0	56.0	0	0	6.848511219024658	4480	473.60444259643555	4043	9.754464285714278	
-362523.4425948278	103.475	11.662337662337663	161.9090909090909	103.63636363636364	-12.025488025989572	56	183	164	18.0	343.0	220.0	32	8.0	90.0	58.0	0	0	8.025006532669067	4560	481.6294491291046	4116	9.73684210526315	
-425024.63337140915	101.5	11.26027397260274	147.65753424657535	94.67123287671232	-12.025488025989572	57	190	178	16.0	305.0	189.0	18	8.0	90.0	58.0	0	0	7.0789711475372314	4640	488.70842027664185	4185	9.80603448275862	
-462524.58721712773	100.9625	11.435897435897436	151.94871794871796	97.32051282051282	-12.025488025989572	58	192	148	17.0	338.0	218.0	90	8.0	85.0	55.0	0	0	7.482835292816162	4720	496.191255569458	4257	9.809322033898297	
-475026.1253667179	100.5	11.012987012987013	147.27272727272728	94.32467532467533	-12.025488025989572	59	195	218	19.0	381.0	235.0	18	8.0	84.0	54.0	0	0	7.506154775619507	4800	503.6974103450775	4329	9.8125	
-412522.7825994774	99.925	11.460526315789474	159.53947368421052	101.94736842105263	-12.025488025989572	60	199	149	17.0	348.0	218.0	65	8.0	79.0	51.0	0	0	8.255555391311646	4880	511.95296573638916	4400	9.836065573770497	
-437519.6682779871	99.5125	11.213333333333333	150.74666666666667	96.14666666666666	-12.023445650178493	61	204	161	14.0	312.0	188.0	35	8.0	84.0	54.0	0	0	7.930457592010498	4960	519.8834233283997	4470	9.879032258064512	
-550029.6060839307	98.3375	11.289473684210526	142.93421052631578	91.61842105263158	-12.023445650178493	62	208	159	15.0	312.0	188.0	37	8.0	79.0	51.0	0	0	7.993171453475952	5040	527.8765947818756	4542	9.88095238095238	
-450032.70673963166	98.7	11.415584415584416	159.57142857142858	101.46753246753246	-12.023445650178493	63	211	165	16.0	315.0	196.0	65	8.0	90.0	58.0	0	0	10.462477207183838	5120	538.3390719890594	4615	9.86328125	
-500021.9312991708	96.2625	11.486842105263158	155.68421052631578	99.26315789473684	-12.023445650178493	64	215	162	19.0	343.0	214.0	20	8.0	90.0	58.0	0	0	8.367054224014282	5200	546.7061262130737	4686	9.884615384615387	
-487517.3758573154	99.7875	11.554054054054054	163.7972972972973	104.29729729729729	-12.023445650178493	65	221	157	19.0	375.0	237.0	39	8.0	90.0	58.0	0	0	7.562257528305054	5280	554.2683837413788	4754	9.962121212121218	
-487526.4428684016	99.7125	11.162162162162161	152.63513513513513	97.25675675675676	-12.009806362989258	66	227	189	18.0	395.0	244.0	39	8.0	85.0	55.0	0	0	7.986419200897217	5360	562.254802942276	4824	10.0	
-425031.1375875014	99.9125	11.272727272727273	151.4935064935065	96.76623376623377	-12.009806362989258	67	230	151	17.0	320.0	199.0	45	8.0	85.0	55.0	0	0	8.51462459564209	5440	570.7694275379181	4896	10.0	
-387528.62328586634	101.525	11.592105263157896	151.69736842105263	97.14473684210526	-12.009806362989258	68	234	148	16.0	266.0	167.0	54	8.0	87.0	56.0	0	0	8.426761388778687	5520	579.1961889266968	4968	10.0	
-512527.11746158544	98.9	11.773333333333333	158.38666666666666	101.25333333333333	-12.009806362989258	69	239	176	19.0	331.0	211.0	20	8.0	90.0	58.0	0	0	8.182647466659546	5600	587.3788363933563	5039	10.017857142857139	
-325034.91538689844	100.4	11.207792207792208	142.93506493506493	91.87012987012987	-12.009806362989258	70	242	176	18.0	271.0	168.0	62	8.0	91.0	59.0	0	0	7.508589029312134	5680	594.8874254226685	5110	10.035211267605632	
-350017.2017111491	99.3625	10.688311688311689	141.5974025974026	90.75324675324676	-12.009806362989258	71	245	168	16.0	297.0	184.0	28	8.0	90.0	58.0	0	0	7.352112770080566	5760	602.239538192749	5182	10.034722222222229	
-412523.7073413258	98.8375	10.76923076923077	149.51282051282053	95.48717948717949	-12.009806362989258	72	247	159	15.0	296.0	183.0	45	8.0	90.0	58.0	0	0	7.787355184555054	5840	610.0268933773041	5256	10.0	
-425022.6345191354	98.9625	10.85897435897436	153.06410256410257	97.51282051282051	-12.009806362989258	73	249	159	15.0	316.0	190.0	47	7.0	74.0	48.0	0	0	8.18130874633789	5920	618.208202123642	5330	9.96621621621621	
-412522.6668288044	98.9375	11.538461538461538	160.12820512820514	102.24358974358974	-12.009806362989258	74	251	151	16.0	287.0	181.0	45	7.0	74.0	48.0	0	0	8.172535419464111	6000	626.3807375431061	5404	9.933333333333337	
-475016.52409097424	100.925	10.93421052631579	148.23684210526315	94.86842105263158	-12.009806362989258	75	255	142	16.0	261.0	159.0	54	8.0	90.0	58.0	0	0	7.621643304824829	6080	634.0023808479309	5476	9.934210526315795	
-475018.24621650577	100.6625	10.74025974025974	145.84415584415584	93.28571428571429	-12.009806362989258	76	258	135	16.0	349.0	218.0	63	8.0	85.0	55.0	0	0	7.161857604980469	6160	641.1642384529114	5548	9.93506493506493	
-537513.386751436	98.025	11.126582278481013	146.51898734177215	93.9620253164557	-12.009806362989258	77	259	158	15.0	269.0	168.0	44	8.0	85.0	55.0	0	0	7.849066734313965	6240	649.0133051872253	5623	9.887820512820511	
-425024.0681338843	98.1125	10.896103896103897	151.96103896103895	96.87012987012987	-12.009806362989258	78	262	133	18.0	322.0	199.0	54	8.0	87.0	56.0	0	0	7.680482864379883	6320	656.6937880516052	5695	9.889240506329116	
-437519.51216717483	97.875	11.14102564102564	145.5897435897436	93.37179487179488	-11.717055697940443	79	264	148	18.0	265.0	165.0	48	7.0	74.0	48.0	0	0	7.82930064201355	6400	664.5230886936188	5768	9.875	
-462520.31075336784	97.825	10.987012987012987	152.16883116883116	97.11688311688312	-11.698598136749188	80	267	170	15.0	351.0	216.0	29	8.0	84.0	54.0	0	0	7.926415920257568	6480	672.4495046138763	5839	9.891975308641975	
-562520.8163057233	97.4625	11.342465753424657	148.0	94.97260273972603	-11.698598136749188	81	274	132	16.0	290.0	181.0	61	8.0	85.0	55.0	0	0	9.983955144882202	6560	682.4334597587585	5907	9.954268292682926	
-375024.6138712972	99.0125	11.423076923076923	150.83333333333334	96.61538461538461	-11.698598136749188	82	276	165	15.0	325.0	201.0	31	8.0	79.0	51.0	0	0	10.464454412460327	6640	692.8979141712189	5980	9.93975903614458	
-462525.59196037275	98.55	11.506493506493506	150.9090909090909	96.83116883116882	-11.596223920063665	83	279	142	18.0	277.0	179.0	54	8.0	83.0	54.0	0	0	8.860929012298584	6720	701.7588431835175	6053	9.92559523809524	
-412529.87776164163	96.8875	11.786666666666667	158.58666666666667	101.69333333333333	-11.596223920063665	84	284	175	16.0	321.0	195.0	21	8.0	91.0	59.0	0	0	9.399118423461914	6800	711.1579616069794	6124	9.941176470588232	
-400028.8262505858	98.25	11.113924050632912	155.79746835443038	99.75949367088607	-11.596223920063665	85	285	191	16.0	284.0	179.0	49	8.0	91.0	59.0	0	0	8.739899635314941	6880	719.8978612422943	6198	9.912790697674424	
-375027.2985287813	99.7625	11.0125	150.425	96.35	-11.596223920063665	86	285	191	16	269	172	49	8	85	55	0	0	8.45314884185791	6960	728.3510100841522	6272	9.885057471264375	
-350020.9807771909	103.1	11.397435897435898	158.17948717948718	101.16666666666667	-11.596223920063665	87	287	191	17.0	351.0	223.0	16	8.0	88.0	57.0	0	0	8.6262526512146	7040	736.9772627353668	6346	9.857954545454547	
-375025.2510807995	98.8	11.179487179487179	159.35897435897436	101.85897435897436	-11.596223920063665	88	289	191	15.0	293.0	183.0	38	8.0	79.0	51.0	0	0	8.62511420249939	7120	745.6023769378662	6420	9.831460674157299	
-425026.4556012844	97.5625	11.2375	149.275	95.9	-11.596223920063665	89	289	191	18	276	170	54	8	85	55	0	0	8.711881875991821	7200	754.314258813858	6495	9.791666666666671	
-375027.9903327341	96.6375	11.69620253164557	160.72151898734177	102.83544303797468	-11.521714496865979	90	290	137	19.0	355.0	220.0	60	8.0	90.0	58.0	0	0	10.467100381851196	7280	764.7813591957092	6569	9.766483516483518	
-400032.1438517709	99.35	11.65	158.15	101.3375	-11.521714496865979	91	290	134	15	378	238	62	8	95	61	0	0	8.979531288146973	7360	773.7608904838562	6645	9.714673913043484	
-462529.7804777558	98.9	11.710526315789474	163.69736842105263	104.90789473684211	-11.230255434379039	92	294	158	16.0	316.0	195.0	38	8.0	84.0	54.0	0	0	7.954901695251465	7440	781.7157921791077	6715	9.74462365591397	
-387531.19388463476	99.8875	11.5875	157.5375	100.8625	-11.230255434379039	93	294	158	18	309	194	49	8	90	58	0	0	8.177114248275757	7520	789.8929064273834	6790	9.707446808510639	
-412528.12966044876	98.725	11.987012987012987	161.36363636363637	103.48051948051948	-11.21359995462562	94	297	148	18.0	358.0	222.0	48	8.0	79.0	51.0	0	0	10.599250316619873	7600	800.4921567440033	6863	9.69736842105263	
-362526.64537639415	98.1875	11.4625	152.25	97.825	-11.21359995462562	95	297	146	16	335	209	44	8	84	54	0	0	7.941837549209595	7680	808.4339942932129	6935	9.700520833333343	
-475017.55318387086	96.4375	11.2375	150.6	96.4125	-11.21359995462562	96	297	161	15	363	219	35	8	79	51	0	0	8.150460958480835	7760	816.5844552516937	7009	9.677835051546396	
-437523.5336623853	98.95	11.430379746835444	153.20253164556962	98.0886075949367	-11.21359995462562	97	298	144	16.0	311.0	196.0	52	8.0	79.0	51.0	0	0	8.265841007232666	7840	824.8502962589264	7084	9.642857142857139	
-362530.789479854	97.8375	11.6	152.2375	97.7375	-10.981174622619559	98	298	141	16	316	195	55	8	90	58	0	0	8.144259214401245	7920	832.9945554733276	7159	9.608585858585855	
-400028.7489858952	98.7	11.265822784810126	147.0379746835443	94.44303797468355	-10.981174622619559	99	299	155	15.0	243.0	157.0	41	9.0	100.0	65.0	0	0	8.153948545455933	8000	841.1485040187836	7233	9.587500000000006	
-475028.16423640307	100.225	11.4625	151.9	97.275	-10.819721645642744	100	299	126	18	316	195	68	9	90	58	0	0	7.906171798706055	8080	849.0546758174896	7308	9.554455445544548	
-425019.7416628197	102.5125	11.717948717948717	161.06410256410257	103.08974358974359	-10.121198621407077	101	301	175	18.0	316.0	195.0	33	8.0	90.0	58.0	0	0	7.527562141418457	8160	856.5822379589081	7381	9.54656862745098	
-387533.8198752479	103.45	11.60759493670886	151.84810126582278	97.63291139240506	-10.121198621407077	102	302	151	16.0	340.0	219.0	45	8.0	80.0	52.0	0	0	7.551718711853027	8240	864.1339566707611	7455	9.52669902912622	
-375025.8094198989	104.425	11.658227848101266	156.40506329113924	100.46835443037975	-10.121198621407077	103	303	172	16.0	285.0	185.0	24	9.0	90.0	58.0	0	0	7.806488752365112	8320	871.9404454231262	7530	9.495192307692307	
-462520.6204260824	102.65	11.03896103896104	148.2987012987013	94.88311688311688	-10.117050571763155	104	306	171	14.0	319.0	200.0	25	8.0	79.0	51.0	0	0	7.750881671905518	8400	879.6913270950317	7603	9.48809523809524	
-462519.57557538233	101.525	11.164556962025317	149.9367088607595	95.88607594936708	-10.117050571763155	105	307	201	17.0	321.0	200.0	52	8.0	84.0	54.0	0	0	7.93816351890564	8480	887.6294906139374	7677	9.469339622641513	
-425027.1705540253	98.6	10.625	139.7125	89.425	-9.744110460218439	106	307	137	14	309	192	59	7	90	58	0	0	7.407273054122925	8560	895.0367636680603	7753	9.427570093457945	
-462538.3416292321	99.675	11.164556962025317	144.31645569620252	92.48101265822785	-9.744110460218439	107	308	164	15.0	298.0	185.0	32	7.0	90.0	58.0	0	0	7.9623823165893555	8640	902.9991459846497	7828	9.398148148148138	
-487521.54292646266	101.225	11.051282051282051	136.21794871794873	87.7051282051282	-9.744110460218439	108	310	159	15.0	259.0	158.0	44	8.0	79.0	51.0	0	0	8.083216428756714	8720	911.0823624134064	7902	9.38073394495413	
-512551.1067031908	100.3	11.346666666666666	147.62666666666667	94.84	-9.603967239743495	109	315	170	15.0	298.0	184.0	26	8.0	92.0	59.0	0	0	7.554348945617676	8800	918.636711359024	7972	9.409090909090907	
-462529.848670513	100.325	11.623376623376624	152.32467532467533	97.8051948051948	-9.603967239743495	110	318	170	15.0	342.0	212.0	66	8.0	84.0	54.0	0	0	8.52773404121399	8880	927.164445400238	8045	9.403153153153156	
-462524.27310672746	98.85	11.58108108108108	150.40540540540542	96.29729729729729	-9.603967239743495	111	324	136	15.0	314.0	195.0	60	8.0	79.0	51.0	0	0	7.8567023277282715	8960	935.0211477279663	8115	9.43080357142857	
-400027.6438547671	100.0625	11.69620253164557	152.78481012658227	97.77215189873418	-9.603967239743495	112	325	148	16.0	334.0	202.0	48	8.0	91.0	59.0	0	0	8.450663089752197	9040	943.4718108177185	8189	9.413716814159287	
-462534.2843697195	98.8375	11.820512820512821	159.32051282051282	102.17948717948718	-9.603967239743495	113	327	178	20.0	415.0	259.0	47	8.0	91.0	59.0	0	0	7.671515941619873	9120	951.1433267593384	8263	9.396929824561411	
-325024.471419419	96.2375	11.30379746835443	148.0632911392405	94.9367088607595	-9.603967239743495	114	328	171	16.0	256.0	159.0	25	8.0	84.0	54.0	0	0	7.714927673339844	9200	958.8582544326782	8336	9.391304347826093	
-425020.8300087776	99.9125	11.397435897435898	153.80769230769232	98.67948717948718	-9.603967239743495	115	330	146	15.0	331.0	210.0	50	8.0	92.0	59.0	0	0	7.9001548290252686	9280	966.7584092617035	8409	9.385775862068968	
-462520.9931791939	98.6	11.564102564102564	158.10256410256412	101.17948717948718	-9.603967239743495	116	332	146	16.0	335.0	209.0	61	8.0	95.0	61.0	0	0	9.642916679382324	9360	976.4013259410858	8483	9.369658119658126	
-512519.3002659345	100.025	11.333333333333334	150.01282051282053	96.15384615384616	-9.603967239743495	117	334	141	16.0	311.0	192.0	41	8.0	88.0	57.0	0	0	9.520251989364624	9440	985.9215779304504	8557	9.353813559322035	
-450022.1130486453	101.2375	11.151898734177216	147.91139240506328	94.9873417721519	-9.603967239743495	118	335	170	15.0	252.0	161.0	42	7.0	74.0	48.0	0	0	9.006218433380127	9520	994.9277963638306	8630	9.348739495798313	
-450026.60398772435	99.7	11.49367088607595	148.9873417721519	95.62025316455696	-9.492311487252483	119	336	151	15.0	253.0	161.0	45	8.0	79.0	51.0	0	0	8.091156959533691	9600	1003.0189533233643	8702	9.354166666666657	
-562520.0712165302	100.8125	11.051282051282051	147.84615384615384	94.48717948717949	-9.492311487252483	120	338	156	15.0	311.0	195.0	60	8.0	88.0	57.0	0	0	8.264515399932861	9680	1011.2834687232971	8776	9.338842975206603	
-475021.48990114965	99.725	11.076923076923077	146.23076923076923	93.73076923076923	-9.492311487252483	121	340	159	16.0	310.0	195.0	37	8.0	84.0	54.0	0	0	8.009727478027344	9760	1019.2931962013245	8849	9.334016393442624	
-512523.27513391303	99.1	11.328947368421053	146.10526315789474	93.72368421052632	-9.492311487252483	122	344	184	17.0	300.0	186.0	12	8.0	79.0	51.0	0	0	8.76421046257019	9840	1028.0574066638947	8920	9.349593495934954	
-525017.4392189201	97.6125	11.266666666666667	152.96	97.84	-9.492311487252483	123	349	170	16.0	299.0	186.0	26	7.0	79.0	51.0	0	0	10.167356491088867	9920	1038.2247631549835	8990	9.375	
-525025.8495857166	98.3625	11.08974358974359	146.01282051282053	93.47435897435898	-9.492311487252483	124	351	149	15.0	281.0	178.0	52	7.0	79.0	51.0	0	0	11.784632682800293	10000	1050.0093958377838	9063	9.370000000000005	
-512518.97800905985	98.0125	11.454545454545455	148.80519480519482	95.3896103896104	-9.492311487252483	125	354	153	16.0	274.0	174.0	43	8.0	79.0	51.0	0	0	8.423671245574951	10080	1058.4330670833588	9136	9.365079365079367	
-550022.0380732573	99.1125	11.162162162162161	155.3918918918919	99.12162162162163	-9.492311487252483	126	360	182	16.0	291.0	180.0	25	8.0	84.0	54.0	0	0	8.088495969772339	10160	1066.521563053131	9206	9.389763779527556	
-375022.61946229637	105.375	10.925	150.575	96.0125	-9.49149917413398	127	360	206	16	300	182	52	8	79	51	0	0	8.320371866226196	10240	1074.8419349193573	9282	9.35546875	
-650014.6546526566	105.175	11.256410256410257	159.28205128205127	101.26923076923077	-9.49149917413398	128	362	182	20.0	381.0	229.0	59	8.0	87.0	56.0	0	0	10.051881790161133	10320	1084.8938167095184	9355	9.350775193798455	
-550023.8142518796	105.675	11.52	157.26666666666668	100.42666666666666	-9.49149917413398	129	367	212	20.0	416.0	259.0	57	7.0	82.0	53.0	0	0	9.537709712982178	10400	1094.4315264225006	9426	9.365384615384613	
-512538.19462618214	101.6	11.56	151.2	96.77333333333333	-9.49149917413398	130	372	182	21.0	283.0	178.0	25	8.0	79.0	51.0	0	0	8.90936827659607	10480	1103.3408946990967	9496	9.389312977099237	
-487517.50818737614	96.15	11.551282051282051	158.6153846153846	101.28205128205128	-9.49149917413398	131	374	139	18.0	335.0	204.0	57	8.0	85.0	55.0	0	0	10.298123836517334	10560	1113.639018535614	9570	9.375	
-537522.0792256638	98.0625	11.263157894736842	157.47368421052633	100.3157894736842	-9.49149917413398	132	378	159	16.0	300.0	182.0	37	8.0	90.0	58.0	0	0	9.22499966621399	10640	1122.864018201828	9642	9.379699248120303	
-450033.8903890665	98.9875	11.746835443037975	160.8987341772152	103.11392405063292	-9.49149917413398	133	379	159	18.0	322.0	207.0	52	8.0	87.0	56.0	0	0	8.88444709777832	10720	1131.7484652996063	9717	9.356343283582092	
-400028.8652805236	100.4125	12.025641025641026	163.5897435897436	104.87179487179488	-9.49149917413398	134	381	165	17.0	349.0	220.0	31	8.0	91.0	59.0	0	0	8.965208768844604	10800	1140.713674068451	9790	9.351851851851862	
-387528.05674449506	107.2625	11.645569620253164	152.08860759493672	97.44303797468355	-9.49149917413398	135	382	199	16.0	336.0	205.0	41	8.0	87.0	56.0	0	0	8.803238868713379	10880	1149.5169129371643	9863	9.347426470588232	
-412534.95584929566	108.475	11.670886075949367	155.50632911392404	99.40506329113924	-9.49149917413398	136	383	176	16.0	336.0	205.0	43	8.0	79.0	51.0	0	0	9.129677295684814	10960	1158.6465902328491	9938	9.324817518248167	
-475026.3530468816	103.05	11.72	153.88	98.78666666666666	-9.49149917413398	137	388	176	17.0	264.0	163.0	44	8.0	91.0	59.0	0	0	8.79828929901123	11040	1167.4448795318604	10009	9.338768115942031	
-450028.856171456	102.575	11.25974025974026	151.92207792207793	97.23376623376623	-9.49149917413398	138	391	176	16.0	264.0	163.0	51	8.0	90.0	58.0	0	0	9.266254186630249	11120	1176.7111337184906	10082	9.334532374100718	
-475022.14742450556	105.1875	11.275	156.475	100.15	-9.49149917413398	139	391	174	16	289	184	48	8	84	54	0	0	9.659581184387207	11200	1186.3707149028778	10158	9.30357142857143	
-475019.31960725936	104.175	11.4875	153.675	98.1875	-9.490319639320157	140	391	175	19	269	168	66	8	90	58	0	0	9.623674631118774	11280	1195.9943895339966	10233	9.281914893617014	
-562511.592736649	103.15	11.23076923076923	146.16666666666666	93.55128205128206	-9.490319639320157	141	393	174	16.0	277.0	174.0	25	8.0	84.0	54.0	0	0	9.695621728897095	11360	1205.6900112628937	10307	9.26936619718309	
-512522.1667030936	104.6625	11.371794871794872	154.80769230769232	99.3076923076923	-9.490319639320157	142	395	174	19.0	324.0	210.0	38	8.0	90.0	58.0	0	0	8.957020044326782	11440	1214.6470313072205	10379	9.27447552447552	
-487522.648545017	106.475	11.76923076923077	162.5	103.82051282051282	-9.490319639320157	143	397	251	22.0	422.0	262.0	21	7.0	82.0	53.0	0	0	8.838443279266357	11520	1223.4854745864868	10452	9.270833333333329	
-675015.8918981028	106.225	11.896103896103897	170.46753246753246	108.8051948051948	-9.34001506541636	144	400	207	21.0	376.0	244.0	46	8.0	79.0	51.0	0	0	9.367027997970581	11600	1232.8525025844574	10525	9.267241379310349	
-637520.1396895127	107.0	11.657534246575343	166.42465753424656	105.83561643835617	-9.34001506541636	145	407	262	21.0	376.0	244.0	28	8.0	84.0	54.0	0	0	8.750020503997803	11680	1241.6025230884552	10594	9.29794520547945	
-525031.2852553909	107.15	11.30379746835443	160.9367088607595	102.45569620253164	-9.34001506541636	146	408	199	16.0	301.0	187.0	46	8.0	85.0	55.0	0	0	10.409282445907593	11760	1252.0118055343628	10668	9.285714285714292	
-550029.6296944579	108.1	11.525641025641026	162.96153846153845	103.83333333333333	-9.34001506541636	147	410	212	16.0	358.0	219.0	37	8.0	79.0	51.0	0	0	9.436872720718384	11840	1261.4486782550812	10740	9.290540540540533	
-550023.6776124176	109.825	11.256410256410257	151.1153846153846	96.87179487179488	-9.34001506541636	148	412	179	16.0	292.0	183.0	46	8.0	79.0	51.0	0	0	8.668793678283691	11920	1270.1174719333649	10813	9.28691275167786	
-350041.185669833	107.8	11.175	154.7375	98.975	-9.34001506541636	149	412	149	15	321	207	70	8	92	59	0	0	8.60659384727478	12000	1278.7240657806396	10888	9.266666666666666	
-487532.5132822601	102.725	10.573333333333334	148.68	95.09333333333333	-9.34001506541636	150	417	193	15.0	294.0	184.0	29	8.0	85.0	55.0	0	0	7.71858811378479	12080	1286.4426538944244	10957	9.296357615894038	
-375038.79308759386	106.7125	11.128205128205128	152.26923076923077	97.35897435897436	-9.34001506541636	151	419	186	17.0	387.0	235.0	33	8.0	91.0	59.0	0	0	8.70915699005127	12160	1295.1518108844757	11031	9.284539473684205	
-400028.2328731343	111.575	11.064102564102564	150.47435897435898	96.14102564102564	-9.34001506541636	152	421	200	18.0	312.0	195.0	25	8.0	87.0	56.0	0	0	8.444713354110718	12240	1303.5965242385864	11103	9.289215686274517	
-350029.6362729767	111.5125	10.805194805194805	142.16883116883116	90.92207792207792	-9.34001506541636	153	424	211	18.0	281.0	174.0	40	8.0	79.0	51.0	0	0	8.306854248046875	12320	1311.9033784866333	11173	9.31006493506493	
-375024.3545306061	109.0125	11.531645569620252	154.49367088607596	98.9873417721519	-9.34001506541636	154	425	164	24.0	454.0	293.0	60	8.0	93.0	60.0	0	0	8.666487693786621	12400	1320.56986618042	11247	9.298387096774192	
-525027.8078370319	103.625	11.3625	152.25	97.35	-9.34001506541636	155	425	199	16	270	170	41	8	79	51	0	0	9.505465269088745	12480	1330.0753314495087	11323	9.270833333333329	
-500036.4544191601	98.2	11.645569620253164	168.67088607594937	107.27848101265823	-9.34001506541636	156	426	172	17.0	356.0	220.0	24	8.0	84.0	54.0	0	0	14.056929111480713	12560	1344.1322605609894	11397	9.259554140127392	
-375030.5407511038	96.725	11.063291139240507	165.29113924050634	104.87341772151899	-9.34001506541636	157	427	147	16.0	365.0	220.0	47	8.0	79.0	51.0	0	0	11.72856593132019	12640	1355.8608264923096	11471	9.24841772151899	
-412531.7061341478	98.1375	11.346153846153847	158.9102564102564	101.35897435897436	-9.34001506541636	158	429	182	16.0	321.0	195.0	60	8.0	101.0	65.0	0	0	9.880290508270264	12720	1365.7411170005798	11543	9.253144654088047	
-587532.5155336184	98.1	11.50632911392405	160.0	102.17721518987342	-9.34001506541636	159	430	182	18.0	307.0	187.0	60	8.0	95.0	61.0	0	0	10.53592300415039	12800	1376.2770400047302	11618	9.234375	
-525031.3033869534	99.95	11.289473684210526	163.93421052631578	104.19736842105263	-9.300407775424798	160	434	182	18.0	359.0	220.0	23	8.0	79.0	51.0	0	0	9.082207441329956	12880	1385.3592474460602	11690	9.23913043478261	
-512521.9042314266	100.6625	11.128205128205128	161.12820512820514	102.6025641025641	-9.300407775424798	161	436	182	18.0	407.0	256.0	55	8.0	87.0	56.0	0	0	8.646283864974976	12960	1394.0055313110352	11763	9.236111111111114	
-537536.786050929	98.1125	11.166666666666666	152.66666666666666	97.65384615384616	-9.300407775424798	162	438	171	16.0	327.0	200.0	25	8.0	84.0	54.0	0	0	8.338539600372314	13040	1402.3440709114075	11837	9.225460122699388	
-512529.3144334375	97.9875	11.179487179487179	148.15384615384616	95.1025641025641	-9.300407775424798	163	440	180	15.0	295.0	188.0	16	8.0	85.0	55.0	0	0	8.205179214477539	13120	1410.549250125885	11908	9.237804878048777	
-425027.5842704136	100.9125	11.3375	158.6625	101.5125	-9.300407775424798	164	440	180	19	360	231	54	8	92	59	0	0	9.491973400115967	13200	1420.041223526001	11984	9.212121212121218	
-512522.87893379305	100.8	11.275	149.225	95.5125	-9.300407775424798	165	440	180	18	362	220	75	8	92	59	0	0	9.092269897460938	13280	1429.133493423462	12059	9.194277108433738	
-487532.5915538959	100.4625	11.3625	153.225	98.0625	-9.300407775424798	166	440	140	17	344	208	56	8	92	59	0	0	8.838639736175537	13360	1437.9721331596375	12135	9.16916167664671	
-412535.9149935645	99.8125	11.077922077922079	154.42857142857142	98.55844155844156	-9.300407775424798	167	443	168	19.0	331.0	215.0	28	7.0	79.0	51.0	0	0	8.353620052337646	13440	1446.325753211975	12207	9.174107142857153	
-462529.56340126524	100.7625	11.14102564102564	165.35897435897436	105.41025641025641	-9.300407775424798	168	445	147	21.0	397.0	255.0	41	7.0	82.0	53.0	0	0	10.45385456085205	13520	1456.7796077728271	12281	9.164201183431956	
-437518.56860322447	100.35	10.9375	153.075	97.4625	-9.300407775424798	169	445	146	16	365	221	52	8	84	54	0	0	9.867564678192139	13600	1466.6471724510193	12355	9.154411764705884	
-375033.8942348539	106.7625	10.9125	159.2	101.525	-9.300407775424798	170	445	169	15	372	228	59	8	90	58	0	0	9.570710897445679	13680	1476.217883348465	12429	9.14473684210526	
-350029.01805351686	105.425	11.075	157.975	100.7625	-9.289322468641059	171	445	169	17	338	209	58	8	90	58	0	0	10.120720624923706	13760	1486.3386039733887	12505	9.120639534883722	
-425022.2068602368	105.2375	10.692307692307692	144.30769230769232	92.28205128205128	-9.289322468641059	172	447	164	15.0	256.0	159.0	54	8.0	79.0	51.0	0	0	9.904588222503662	13840	1496.2431921958923	12578	9.118497109826578	
-350031.3101487766	102.2875	11.25	149.9	95.7375	-9.289322468641059	173	447	152	18	352	216	52	9	94	61	0	0	9.184887409210205	13920	1505.4280796051025	12653	9.102011494252878	
-487523.80492106825	101.85	11.215189873417721	155.0253164556962	98.72151898734177	-9.289322468641059	174	448	155	18.0	309.0	187.0	63	8.0	90.0	58.0	0	0	9.187127113342285	14000	1514.6152067184448	12727	9.092857142857142	
-400033.1771945596	99.875	11.39240506329114	158.53164556962025	101.26582278481013	-9.288818998809434	175	449	155	18.0	304.0	187.0	51	8.0	79.0	51.0	0	0	10.18410325050354	14080	1524.7993099689484	12801	9.083806818181813	
-400045.62300232344	100.375	11.55	161.1875	103.0375	-9.288818998809434	176	449	152	18	373	236	44	8	79	51	0	0	11.143652200698853	14160	1535.9429621696472	12876	9.06779661016948	
-512527.32704519946	98.9875	11.1875	159.7125	101.75	-9.288818998809434	177	449	150	15	362	223	63	7	74	48	0	0	13.152835845947266	14240	1549.0957980155945	12952	9.044943820224717	
-437528.58579465916	99.525	11.41025641025641	163.25641025641025	104.15384615384616	-9.288818998809434	178	451	148	15.0	362.0	223.0	42	8.0	88.0	57.0	0	0	9.828276872634888	14320	1558.9240748882294	13025	9.043296089385478	
-437528.0957989363	97.6625	11.025316455696203	152.67088607594937	97.54430379746836	-9.288763463652835	179	452	181	14.0	362.0	223.0	42	8.0	87.0	56.0	0	0	10.137736082077026	14400	1569.0618109703064	13100	9.027777777777786	
-612522.7609894313	99.55	10.95890410958904	150.75342465753425	96.3013698630137	-9.288763463652835	180	459	171	15.0	332.0	207.0	72	8.0	87.0	56.0	0	0	9.604047775268555	14480	1578.665858745575	13167	9.06767955801105	
-500026.67239108495	95.8375	10.975	144.9	92.8875	-9.288763463652835	181	459	138	15	319	202	58	8	87	56	0	0	8.902780771255493	14560	1587.5686395168304	13241	9.059065934065941	
-412535.63820885203	96.825	11.294871794871796	144.14102564102564	92.56410256410257	-9.288741776786118	182	461	176	16.0	326.0	198.0	34	7.0	74.0	48.0	0	0	9.421332836151123	14640	1596.9899723529816	13313	9.064207650273232	
-325047.67305688263	98.725	11.6625	150.0125	96.5	-9.288741776786118	183	461	151	19	293	186	45	8	97	63	0	0	10.077537298202515	14720	1607.067509651184	13389	9.04211956521739	
-412526.0820618089	94.2375	11.325	143.9	92.7	-9.240007734976656	184	461	151	16	300	187	45	8	79	51	0	0	10.536710500717163	14800	1617.6042201519012	13464	9.027027027027017	
-487524.26681249996	94.7125	11.243589743589743	143.15384615384616	92.1025641025641	-9.240007734976656	185	463	167	18.0	240.0	154.0	21	8.0	79.0	51.0	0	0	8.186525106430054	14880	1625.7907452583313	13537	9.025537634408593	
-462535.9843128842	96.775	10.8125	140.1125	89.75	-9.240007734976656	186	463	167	15	297	184	57	8	84	54	0	0	11.124231100082397	14960	1636.9149763584137	13613	9.004010695187176	
-437527.189682952	93.725	10.766233766233766	142.07792207792207	90.98701298701299	-9.240007734976656	187	466	139	16.0	320.0	193.0	45	8.0	85.0	55.0	0	0	8.125935792922974	15040	1645.0409121513367	13686	9.002659574468083	
-450028.8204882864	94.2875	10.725	144.1875	92.0625	-9.240007734976656	188	466	150	14	320	203	46	8	84	54	0	0	8.591238498687744	15120	1653.6321506500244	13762	8.981481481481481	
-412533.3263437516	94.2	10.7	140.5	89.9625	-9.240007734976656	189	466	151	16	232	144	31	8	79	51	0	0	8.022602319717407	15200	1661.6547529697418	13838	8.96052631578948	
-412528.65173830313	93.9875	11.151898734177216	141.48101265822785	91.0	-9.240007734976656	190	467	167	15.0	246.0	152.0	29	8.0	84.0	54.0	0	0	7.85279107093811	15280	1669.50754404068	13910	8.965968586387433	
-400036.1860474269	92.725	11.443037974683545	145.31645569620252	93.55696202531645	-9.240007734976656	191	468	114	17.0	298.0	187.0	54	8.0	97.0	63.0	0	0	8.12589430809021	15360	1677.6334383487701	13983	8.96484375	
-450028.01777531113	93.05	11.265822784810126	146.13924050632912	93.88607594936708	-9.240007734976656	192	469	133	15.0	299.0	187.0	49	8.0	79.0	51.0	0	0	8.346964597702026	15440	1685.9804029464722	14058	8.95077720207253	
-437521.6634997271	97.1125	11.012658227848101	143.126582278481	91.82278481012658	-9.240007734976656	193	470	148	15.0	292.0	183.0	47	8.0	84.0	54.0	0	0	8.650612354278564	15520	1694.6310153007507	14132	8.94329896907216	
-337539.62688461656	100.5375	10.8125	140.9625	90.4375	-9.240007734976656	194	470	159	17	314	195	37	8	91	59	0	0	8.113142490386963	15600	1702.7441577911377	14207	8.929487179487182	
-387539.86088564724	105.225	10.316455696202532	135.873417721519	86.88607594936708	-9.240007734976656	195	471	157	15.0	216.0	135.0	43	8.0	92.0	59.0	0	0	8.11553692817688	15680	1710.8596947193146	14282	8.915816326530617	
-512525.5807101273	106.25	10.848101265822784	148.0632911392405	94.22784810126582	-9.240007734976656	196	472	157	16.0	292.0	183.0	42	8.0	79.0	51.0	0	0	8.910709381103516	15760	1719.770404100418	14357	8.902284263959388	
-437520.2162398842	109.6875	10.9875	153.275	97.775	-9.240007734976656	197	472	157	16	332	210	50	8	79	51	0	0	8.971858501434326	15840	1728.7422626018524	14433	8.882575757575765	
-350037.68841841916	103.425	11.0875	148.575	94.9375	-9.240007734976656	198	472	151	15	292	181	47	8	79	51	0	0	8.505030393600464	15920	1737.2472929954529	14508	8.869346733668337	
-462533.56978573557	104.65	11.116883116883116	149.7012987012987	95.87012987012987	-9.240007734976656	199	475	188	16.0	417.0	258.0	17	8.0	84.0	54.0	0	0	8.360607862472534	16000	1745.6079008579254	14581	8.868750000000006	
-462529.66671600996	105.25	11.4	150.725	96.725	-9.240007734976656	200	475	188	16	346	214	67	8	79	51	0	0	8.466761112213135	16080	1754.0746619701385	14656	8.855721393034827	
-487525.1482594654	105.3	11.08860759493671	147.60759493670886	94.59493670886076	-9.240007734976656	201	476	188	16.0	402.0	255.0	38	7.0	79.0	51.0	0	0	8.023985385894775	16160	1762.0986473560333	14730	8.849009900990097	
-475034.27512796654	102.6125	11.45	155.65	99.7	-9.237908383802866	202	476	155	19	419	264	51	8	85	55	0	0	9.057865142822266	16240	1771.1565124988556	14805	8.83620689655173	
-350040.87886055186	101.375	11.25	151.025	96.8125	-9.237908383802866	203	476	143	15	309	192	63	8	95	61	0	0	8.462193489074707	16320	1779.6187059879303	14880	8.82352941176471	
-387530.10304680595	99.2625	11.417721518987342	147.25316455696202	94.64556962025317	-9.237908383802866	204	477	157	15.0	292.0	181.0	39	8.0	87.0	56.0	0	0	8.38967251777649	16400	1788.0083785057068	14954	8.817073170731703	
-400027.80210408056	101.35	11.35	143.275	92.1875	-9.237908383802866	205	477	148	16	265	167	48	8	79	51	0	0	8.479574918746948	16480	1796.4879534244537	15030	8.798543689320397	
-450041.0483241888	101.575	11.215189873417721	147.81012658227849	94.72151898734177	-9.237908383802866	206	478	148	15.0	342.0	212.0	58	7.0	88.0	57.0	0	0	8.345741271972656	16560	1804.8336946964264	15104	8.792270531400973	
-462532.6332400024	97.975	11.177215189873417	151.9493670886076	97.0886075949367	-9.237908383802866	207	479	146	15.0	350.0	222.0	50	7.0	82.0	53.0	0	0	8.581881046295166	16640	1813.4155757427216	15179	8.78004807692308	
-575017.1244116651	97.2375	11.037974683544304	142.56962025316454	91.59493670886076	-9.237908383802866	208	480	172	15.0	236.0	153.0	24	8.0	98.0	63.0	0	0	8.066316843032837	16720	1821.4818925857544	15254	8.767942583732065	
-450021.32601365616	95.9625	11.03896103896104	143.57142857142858	92.0	-9.237908383802866	209	483	149	18.0	321.0	199.0	24	8.0	86.0	56.0	0	0	7.647769212722778	16800	1829.1296617984772	15325	8.779761904761912	
-500018.74264556414	95.4875	11.179487179487179	152.66666666666666	97.55128205128206	-9.237908383802866	210	485	172	15.0	321.0	199.0	18	8.0	92.0	60.0	0	0	8.205369710922241	16880	1837.3350315093994	15395	8.797393364928908	
-487523.118149188	96.6625	11.025	145.7125	93.3	-9.237908383802866	211	485	125	15	387	233	55	8	88	57	0	0	10.241227388381958	16960	1847.5762588977814	15471	8.779481132075475	
-562522.1921842301	98.0625	11.217948717948717	152.83333333333334	97.58974358974359	-9.237908383802866	212	487	148	16.0	387.0	233.0	48	8.0	87.0	56.0	0	0	12.368669271469116	17040	1859.9449281692505	15545	8.773474178403745	
-512525.39115102607	98.1875	10.975	142.55	91.5375	-9.237908383802866	213	487	152	16	282	181	38	8	91	59	0	0	8.826485395431519	17120	1868.771413564682	15621	8.755841121495322	
-525028.0005670657	96.15	11.125	155.45	99.425	-9.237908383802866	214	487	154	18	310	195	52	7	82	53	0	0	8.814296960830688	17200	1877.5857105255127	15697	8.738372093023258	
-487532.4783342243	95.275	11.051282051282051	155.25641025641025	99.3076923076923	-9.237908383802866	215	489	169	15.0	341.0	212.0	25	8.0	79.0	51.0	0	0	8.048537254333496	17280	1885.6342477798462	15769	8.744212962962962	
-425031.19287222985	100.65	11.126582278481013	148.9873417721519	95.56962025316456	-9.236539466353564	216	490	170	15.0	243.0	151.0	24	8.0	84.0	54.0	0	0	8.334903001785278	17360	1893.9691507816315	15842	8.744239631336399	
-437526.994742859	101.9625	11.2875	150.6875	96.5375	-9.236539466353564	217	490	203	18	323	209	52	7	82	53	0	0	8.867534875869751	17440	1902.8366856575012	15917	8.73279816513761	
-337539.11570074275	98.3625	11.0	148.19230769230768	94.78205128205128	-9.236539466353564	218	492	181	14.0	351.0	218.0	27	8.0	90.0	58.0	0	0	8.555869340896606	17520	1911.3925549983978	15989	8.73858447488584	
-487518.8408580705	98.7	10.818181818181818	143.8961038961039	92.0909090909091	-9.236539466353564	219	495	184	15.0	245.0	152.0	9	8.0	96.0	62.0	0	0	8.141151666641235	17600	1919.533706665039	16061	8.744318181818173	
-475041.16243102046	98.5	11.050632911392405	154.0253164556962	98.36708860759494	-9.236539466353564	220	496	147	16.0	293.0	186.0	49	8.0	85.0	55.0	0	0	8.535904169082642	17680	1928.0696108341217	16136	8.73303167420815	
-362545.1436715911	98.1	11.14102564102564	145.71794871794873	93.52564102564102	-9.236539466353564	221	498	160	16.0	282.0	179.0	33	8.0	79.0	51.0	0	0	7.884908437728882	17760	1935.9545192718506	16210	8.727477477477478	
-450032.46700212825	98.4875	11.6875	161.9875	103.6	-9.236539466353564	222	498	162	16	357	230	34	8	104	67	0	0	9.483991622924805	17840	1945.4385108947754	16286	8.710762331838566	
-425034.06710694666	100.9125	11.625	159.85	102.225	-9.236539466353564	223	498	150	15	329	206	46	8	85	55	0	0	8.622437953948975	17920	1954.0609488487244	16361	8.699776785714292	
-437534.0485360703	99.9	11.4	152.1	97.325	-9.236539466353564	224	498	153	18	299	181	45	8	84	54	0	0	8.816196918487549	18000	1962.877145767212	16437	8.683333333333337	
-512522.5160343038	98.15	11.425	153.75	98.5	-9.236539466353564	225	498	143	18	379	242	81	8	97	63	0	0	9.309127807617188	18080	1972.186273574829	16513	8.667035398230084	
-437525.9134093635	97.2375	11.2625	154.775	98.9625	-9.236539466353564	226	498	164	18	371	229	32	8	85	55	0	0	8.284501791000366	18160	1980.4707753658295	16588	8.656387665198238	
-550013.8160699841	100.5125	11.5	160.225	102.15	-9.236539466353564	227	498	184	18	354	220	42	8	84	54	0	0	8.504331111907959	18240	1988.9751064777374	16664	8.640350877192986	
-487520.63494894246	98.8875	11.116883116883116	152.72727272727272	97.62337662337663	-9.236539466353564	228	501	152	16.0	371.0	229.0	42	8.0	87.0	56.0	0	0	7.823595285415649	18320	1996.798701763153	16737	8.640829694323145	
-462524.4728778059	101.225	11.405063291139241	164.9873417721519	104.83544303797468	-9.236539466353564	229	502	152	18.0	342.0	212.0	47	8.0	79.0	51.0	0	0	8.439059257507324	18400	2005.2377610206604	16812	8.630434782608702	
-462519.18153426016	104.6625	10.848101265822784	150.44303797468353	96.0886075949367	-9.236539466353564	230	503	176	15.0	272.0	169.0	17	7.0	74.0	48.0	0	0	7.995365381240845	18480	2013.2331264019012	16886	8.625541125541119	
-400031.20816597453	109.8875	11.30379746835443	156.58227848101265	100.22784810126582	-9.236539466353564	231	504	180	18.0	321.0	197.0	50	8.0	97.0	63.0	0	0	8.456112384796143	18560	2021.6892387866974	16961	8.615301724137936	
-475030.5226072008	107.2875	11.253164556962025	156.31645569620252	99.9367088607595	-9.236539466353564	232	505	157	18.0	270.0	170.0	73	8.0	103.0	66.0	0	0	7.996380090713501	18640	2029.685618877411	17035	8.610515021459236	
-500023.18047650886	105.3125	11.65	164.95	105.2	-9.236539466353564	233	505	225	18	342	212	39	8	100	65	0	0	8.61263394355774	18720	2038.2982528209686	17111	8.595085470085479	
-462530.1802613108	106.975	11.4	151.4875	97.0125	-9.236539466353564	234	505	152	17	342	209	30	7	82	53	0	0	8.418304204940796	18800	2046.7165570259094	17187	8.579787234042556	
-462521.7779332463	108.8625	11.215189873417721	152.41772151898735	97.46835443037975	-9.236539466353564	235	506	168	16.0	323.0	200.0	44	8.0	92.0	59.0	0	0	7.962183475494385	18880	2054.678740501404	17261	8.575211864406782	
-412531.9643010955	104.9125	11.240506329113924	150.50632911392404	96.46835443037975	-9.236539466353564	236	507	164	16.0	271.0	172.0	32	8.0	84.0	54.0	0	0	8.695099115371704	18960	2063.3738396167755	17336	8.56540084388186	
-462529.0993612615	102.7375	11.461538461538462	153.30769230769232	98.2948717948718	-9.236539466353564	237	509	176	18.0	362.0	229.0	21	8.0	87.0	56.0	0	0	9.241466045379639	19040	2072.615305662155	17410	8.560924369747909	
-375026.33406362927	98.9875	10.974683544303797	153.27848101265823	97.86075949367088	-9.236539466353564	238	510	152	15.0	274.0	169.0	54	8.0	91.0	59.0	0	0	8.7945396900177	19120	2081.409845352173	17484	8.556485355648533	
-387529.3568902319	97.7	11.075949367088608	155.45569620253164	99.0379746835443	-9.236539466353564	239	511	215	15.0	287.0	175.0	27	8.0	88.0	57.0	0	0	8.312708377838135	19200	2089.722553730011	17558	8.552083333333343	
-500024.9940746343	103.5875	10.61038961038961	144.75324675324674	92.36363636363636	-9.236539466353564	240	514	215	15.0	291.0	186.0	34	7.0	79.0	51.0	0	0	7.80443263053894	19280	2097.52698636055	17629	8.563278008298752	
-475027.5539772034	99.8375	10.846153846153847	148.33333333333334	94.6923076923077	-9.236539466353564	241	516	181	15.0	367.0	229.0	31	8.0	87.0	56.0	0	0	8.317986965179443	19360	2105.8449733257294	17703	8.558884297520663	
-425031.6741516359	99.675	11.240506329113924	151.72151898734177	97.15189873417721	-9.236539466353564	242	517	157	16.0	313.0	195.0	57	8.0	79.0	51.0	0	0	7.826204776763916	19440	2113.6711781024933	17777	8.554526748971199	
-512520.0485787005	99.825	10.625	145.2	92.8	-9.236539466353564	243	517	195	16	285	178	32	7	74	48	0	0	8.204015970230103	19520	2121.8751940727234	17853	8.53995901639344	
-400039.0981146955	97.325	11.038461538461538	150.02564102564102	96.01282051282051	-9.236539466353564	244	519	158	17.0	365.0	232.0	38	8.0	79.0	51.0	0	0	7.864655017852783	19600	2129.739849090576	17924	8.551020408163268	
-562518.7519599285	98.925	10.734177215189874	142.8987341772152	91.62025316455696	-9.236539466353564	245	520	158	19.0	289.0	178.0	45	7.0	82.0	53.0	0	0	7.9288716316223145	19680	2137.6687207221985	17999	8.541666666666671	
-437517.18745914043	102.5125	11.243589743589743	157.23076923076923	100.53846153846153	-9.236539466353564	246	522	158	19.0	363.0	228.0	48	7.0	82.0	53.0	0	0	8.03901195526123	19760	2145.7077326774597	18073	8.537449392712546	
-475025.536634353	104.0375	10.575	147.325	93.8375	-9.236539466353564	247	522	172	13	327	203	75	8	85	55	0	0	8.21524953842163	19840	2153.9229822158813	18148	8.528225806451616	
-475027.0886774954	101.7	10.487179487179487	143.15384615384616	91.46153846153847	-9.236539466353564	248	524	189	14.0	239.0	151.0	7	8.0	85.0	55.0	0	0	7.989370107650757	19920	2161.912352323532	18221	8.529116465863453	
-425034.3496102281	103.6875	10.2625	140.8	89.925	-9.236539466353564	249	524	180	15	227	148	39	7	79	51	0	0	8.06019377708435	20000	2169.9725461006165	18297	8.515	
-487523.39189919987	102.025	10.3875	136.7375	87.5875	-9.236539466353564	250	524	158	15	296	182	60	8	79	51	0	0	8.095801591873169	20080	2178.0683476924896	18372	8.505976095617527	
-525024.7152311954	103.625	10.705128205128204	141.14102564102564	90.57692307692308	-9.236539466353564	251	526	165	16.0	327.0	211.0	65	7.0	74.0	48.0	0	0	7.7442450523376465	20160	2185.8125927448273	18446	8.501984126984127	
-362532.16837930994	102.85	10.2125	147.0375	93.5375	-9.236539466353564	252	526	171	13	304	187	25	7	80	52	0	0	9.432037115097046	20240	2195.2446298599243	18521	8.493083003952577	
-350025.47155154217	103.75	10.620253164556962	143.50632911392404	91.73417721518987	-9.236539466353564	253	527	150	15.0	266.0	166.0	53	7.0	82.0	53.0	0	0	8.69541597366333	20320	2203.9400458335876	18596	8.48425196850394	
-500031.00581388193	100.95	10.974683544303797	156.126582278481	99.68354430379746	-9.236539466353564	254	528	171	17.0	401.0	254.0	25	8.0	93.0	60.0	0	0	9.206665992736816	20400	2213.1467118263245	18670	8.480392156862749	
-487529.6701796908	98.0125	10.987179487179487	145.10256410256412	92.93589743589743	-9.236539466353564	255	530	158	16.0	317.0	196.0	38	7.0	79.0	51.0	0	0	8.731113195419312	20480	2221.877825021744	18740	8.49609375	
-500022.3501948995	98.3125	11.3875	161.3625	102.9125	-9.236539466353564	256	530	151	15	330	204	64	8	92	59	0	0	8.384414672851562	20560	2230.2622396945953	18816	8.48249027237354	
-387530.91091968847	97.4	11.325	158.6375	101.25	-9.236539466353564	257	530	160	16	299	192	28	8	98	63	0	0	8.925060033798218	20640	2239.1872997283936	18891	8.473837209302332	
-312535.6496634384	97.2125	11.139240506329115	153.50632911392404	97.9873417721519	-9.236539466353564	258	531	159	15.0	279.0	174.0	37	8.0	97.0	63.0	0	0	8.97947645187378	20720	2248.1667761802673	18966	8.465250965250974	
-400029.6732448129	94.175	11.207792207792208	153.97402597402598	98.24675324675324	-9.236539466353564	259	534	141	15.0	274.0	168.0	37	8.0	100.0	65.0	0	0	8.629446029663086	20800	2256.7962222099304	19038	8.47115384615384	
-300040.7818668626	95.4875	11.475	164.9375	105.0625	-9.236539466353564	260	534	155	15	312	196	41	8	91	59	0	0	8.66623044013977	20880	2265.46245265007	19113	8.462643678160916	
-375022.17833770456	95.825	11.556962025316455	154.68354430379748	98.9873417721519	-9.236539466353564	261	535	111	16.0	295.0	181.0	67	8.0	90.0	58.0	0	0	9.448201179504395	20960	2274.9106538295746	19187	8.458969465648863	
-362525.0234274397	96.4625	10.8875	142.7625	91.3375	-9.236539466353564	262	535	146	15	266	163	51	8	79	51	0	0	8.695016860961914	21040	2283.6056706905365	19263	8.445817490494306	
-462522.5162715706	97.6125	10.8375	150.475	95.8375	-9.236539466353564	263	535	151	17	386	234	45	8	91	59	0	0	9.092880725860596	21120	2292.698551416397	19338	8.4375	
-500024.9456418952	97.275	11.217948717948717	149.76923076923077	95.94871794871794	-9.236539466353564	264	537	134	16.0	317.0	194.0	62	7.0	74.0	48.0	0	0	8.562400102615356	21200	2301.2609515190125	19410	8.44339622641509	
-475033.8112409461	97.325	11.0875	146.675	94.2125	-9.236539466353564	265	537	161	15	354	220	35	8	80	52	0	0	8.951892852783203	21280	2310.2128443717957	19486	8.430451127819552	
-362535.95239997236	100.8	11.253164556962025	154.50632911392404	98.77215189873418	-9.236539466353564	266	538	160	16.0	286.0	181.0	43	8.0	94.0	61.0	0	0	10.516344785690308	21360	2320.729189157486	19560	8.426966292134836	
-287526.22927221836	102.15	11.025	149.0375	95.1625	-9.236539466353564	267	538	217	16	301	182	69	8	86	56	0	0	10.069035053253174	21440	2330.798224210739	19633	8.428171641791053	
-375029.3744336144	98.775	10.772151898734178	147.25316455696202	94.0253164556962	-9.236539466353564	268	539	164	16.0	292.0	186.0	32	7.0	82.0	53.0	0	0	7.924612045288086	21520	2338.722836256027	19708	8.420074349442373	
-462524.6795081451	101.0625	10.8	143.25	91.75	-9.236539466353564	269	539	164	16	302	186	53	8	84	54	0	0	9.689450025558472	21600	2348.4122862815857	19783	8.412037037037038	
-375031.1847936939	104.5875	10.807692307692308	146.23076923076923	93.51282051282051	-9.236539466353564	270	541	170	15.0	338.0	208.0	15	8.0	87.0	56.0	0	0	9.81694483757019	21680	2358.229231119156	19857	8.408671586715869	
-537520.6132289151	106.9	10.784810126582279	142.77215189873417	91.44303797468355	-9.236539466353564	271	542	191	17.0	315.0	195.0	54	8.0	87.0	56.0	0	0	16.240283966064453	21760	2374.4695150852203	19932	8.400735294117652	
-487522.6379407219	109.6875	10.886075949367088	154.77215189873417	98.64556962025317	-9.236539466353564	272	543	182	16.0	506.0	309.0	55	7.0	79.0	51.0	0	0	16.83789825439453	21840	2391.307413339615	20007	8.392857142857153	
-425034.6222835487	99.5875	11.194805194805195	152.66233766233765	97.54545454545455	-9.236539466353564	273	546	167	16.0	354.0	220.0	55	8.0	87.0	56.0	0	0	14.362864971160889	21920	2405.6702783107758	20078	8.403284671532845	
-537520.5129910633	97.2625	11.025316455696203	145.9620253164557	93.48101265822785	-9.236539466353564	274	547	146	16.0	285.0	178.0	50	8.0	79.0	51.0	0	0	8.875728845596313	22000	2414.546007156372	20153	8.395454545454555	
-537526.5755954217	93.7	11.2875	148.5375	95.15	-9.236539466353564	275	547	132	15	257	161	50	8	79	51	0	0	8.36507511138916	22080	2422.9110822677612	20228	8.387681159420296	
-450041.8772228445	94.4875	10.974025974025974	142.53246753246754	91.23376623376623	-9.236539466353564	276	550	145	15.0	314.0	194.0	46	8.0	79.0	51.0	0	0	8.2158842086792	22160	2431.1269664764404	20301	8.388989169675085	
-525026.4153594382	99.0	11.189873417721518	149.78481012658227	95.82278481012658	-9.236539466353564	277	551	145	15.0	322.0	199.0	51	7.0	84.0	54.0	0	0	8.407679557800293	22240	2439.5346460342407	20376	8.381294964028768	
-562525.431216842	97.025	11.192307692307692	147.19230769230768	94.2051282051282	-9.236539466353564	278	553	131	15.0	377.0	232.0	65	8.0	84.0	54.0	0	0	9.689730167388916	22320	2449.2243762016296	20448	8.387096774193552	
-487519.2253188252	97.3125	11.41025641025641	164.37179487179486	104.87179487179488	-9.236539466353564	279	555	143	18.0	361.0	232.0	53	8.0	84.0	54.0	0	0	9.333506345748901	22400	2458.5578825473785	20520	8.392857142857153	
-412527.4282778798	97.25	11.375	150.325	96.25	-9.236539466353564	280	555	138	15	385	232	58	7	74	48	0	0	10.006270170211792	22480	2468.5641527175903	20596	8.380782918149464	
-387552.36877555883	97.925	11.49367088607595	157.45569620253164	100.59493670886076	-9.119480343615374	281	556	146	15.0	351.0	218.0	50	8.0	79.0	51.0	0	0	9.384359121322632	22560	2477.948511838913	20670	8.377659574468083	
-500019.33499338396	97.6	11.337662337662337	148.44155844155844	95.14285714285714	-9.119480343615374	282	559	162	15.0	315.0	195.0	34	8.0	87.0	56.0	0	0	8.540937662124634	22640	2486.4894495010376	20742	8.383392226148416	
-400026.5167771924	101.2	10.81578947368421	145.78947368421052	93.01315789473684	-9.119480343615374	283	563	165	15.0	297.0	181.0	31	8.0	87.0	56.0	0	0	7.381855487823486	22720	2493.871304988861	20811	8.402288732394368	
-475015.9992423838	99.0	10.8125	140.8875	90.15	-9.119480343615374	284	563	162	15	259	160	48	8	90	58	0	0	7.611646413803101	22800	2501.482951402664	20886	8.39473684210526	
-412531.01318221	98.525	10.772151898734178	146.59493670886076	93.63291139240506	-9.119480343615374	285	564	162	17.0	368.0	225.0	19	8.0	90.0	58.0	0	0	8.074090480804443	22880	2509.5570418834686	20960	8.3916083916084	
-450029.2951969594	99.6125	11.441558441558442	154.42857142857142	99.01298701298701	-9.119480343615374	286	567	229	23.0	372.0	241.0	31	8.0	92.0	59.0	0	0	8.325475931167603	22960	2517.8825178146362	21033	8.392857142857153	
-400025.8808368941	96.275	11.658227848101266	166.51898734177215	106.48101265822785	-9.119480343615374	287	568	152	23.0	371.0	241.0	40	8.0	99.0	64.0	0	0	9.334282636642456	23040	2527.2168004512787	21106	8.394097222222214	
-437525.718638236	101.775	11.1375	162.3375	103.475	-9.119480343615374	288	568	152	15	345	213	51	8	94	61	0	0	8.996973514556885	23120	2536.2137739658356	21182	8.382352941176478	
-437520.72591497714	102.0875	11.0	154.2875	98.3875	-9.119480343615374	289	568	180	23	319	198	50	7	79	51	0	0	8.74610185623169	23200	2544.9598758220673	21257	8.375	
-425035.28844695876	102.4	11.41025641025641	157.97435897435898	100.8974358974359	-9.119480343615374	290	570	211	15.0	343.0	213.0	38	8.0	90.0	58.0	0	0	8.569654941558838	23280	2553.529530763626	21331	8.371993127147775	
-500037.90592829045	100.0	10.883116883116884	143.55844155844156	91.92207792207792	-9.119480343615374	291	573	170	15.0	326.0	204.0	26	8.0	79.0	51.0	0	0	8.412798404693604	23360	2561.9423291683197	21404	8.373287671232873	
-462530.65547430236	103.15	11.115384615384615	153.82051282051282	98.24358974358974	-9.114879668891145	292	575	184	18.0	306.0	190.0	12	8.0	90.0	58.0	0	0	9.113303184509277	23440	2571.055632352829	21477	8.374573378839585	
-450021.2201941834	105.075	10.91139240506329	138.7594936708861	89.21518987341773	-9.114879668891145	293	576	204	19.0	336.0	217.0	51	7.0	87.0	56.0	0	0	7.375346422195435	23520	2578.4309787750244	21550	8.375850340136054	
-462529.92647533596	102.05	10.853333333333333	145.52	93.13333333333334	-9.114879668891145	294	581	216	16.0	277.0	176.0	23	8.0	79.0	51.0	0	0	11.8326575756073	23600	2590.2636363506317	21621	8.38559322033899	
-487517.2346368759	98.4625	10.7375	153.075	97.675	-9.114879668891145	295	581	180	14	420	259	38	8	92	59	0	0	12.05009388923645	23680	2602.313730239868	21696	8.378378378378386	
-425020.12632427225	98.475	11.328947368421053	144.42105263157896	92.75	-9.114879668891145	296	585	149	16.0	241.0	151.0	52	8.0	87.0	56.0	0	0	9.314155578613281	23760	2611.6278858184814	21765	8.39646464646465	
-412537.0528577588	96.85	11.481012658227849	156.43037974683546	100.0632911392405	-9.114879668891145	297	586	173	16.0	265.0	165.0	23	8.0	84.0	54.0	0	0	8.863780736923218	23840	2620.4916665554047	21839	8.393456375838923	
-487523.05853679235	97.75	11.23076923076923	154.05128205128204	98.37179487179488	-9.114879668891145	298	588	178	16.0	289.0	181.0	20	8.0	96.0	62.0	0	0	8.774744033813477	23920	2629.266410589218	21912	8.394648829431446	
-312527.92803462164	98.4375	11.597402597402597	149.45454545454547	96.16883116883118	-9.086392049075089	299	591	136	15.0	340.0	217.0	30	8.0	100.0	65.0	0	0	8.646097421646118	24000	2637.9125080108643	21983	8.404166666666669	
-437536.10860774666	100.1625	11.367088607594937	158.46835443037975	101.13924050632912	-9.086392049075089	300	592	148	15.0	360.0	230.0	50	8.0	83.0	54.0	0	0	10.410782814025879	24080	2648.32329082489	22057	8.401162790697668	
-437531.3184937682	97.0625	11.282051282051283	153.21794871794873	97.92307692307692	-9.086392049075089	301	594	158	17.0	268.0	167.0	8	8.0	91.0	59.0	0	0	9.107485294342041	24160	2657.430776119232	22131	8.39817880794702	
-412526.5267217952	97.375	11.337662337662337	152.55844155844156	97.51948051948052	-9.086392049075089	302	597	140	16.0	354.0	220.0	50	8.0	107.0	69.0	0	0	9.794116497039795	24240	2667.224892616272	22202	8.407590759075916	
-562522.2054865643	97.525	11.153846153846153	147.83333333333334	94.58974358974359	-9.086392049075089	303	599	160	14.0	313.0	193.0	36	8.0	96.0	62.0	0	0	10.90408706665039	24320	2678.1289796829224	22276	8.40460526315789	
-437523.15958466893	96.3	11.468354430379748	152.63291139240508	97.79746835443038	-9.086392049075089	304	600	154	16.0	342.0	212.0	42	8.0	85.0	55.0	0	0	10.505191802978516	24400	2688.634171485901	22349	8.405737704918039	
-325027.77398709994	97.1625	11.662337662337663	160.88311688311688	102.92207792207792	-9.086392049075089	305	603	162	16.0	283.0	174.0	34	8.0	87.0	56.0	0	0	9.179195642471313	24480	2697.813367128372	22422	8.406862745098039	
-425024.59760877414	102.625	10.975	153.2375	97.5625	-9.086392049075089	306	603	162	15	342	212	45	8	85	55	0	0	9.488211393356323	24560	2707.3015785217285	22498	8.395765472312704	
-362528.89886338706	104.6375	10.810126582278482	143.25316455696202	91.60759493670886	-9.086392049075089	307	604	193	19.0	286.0	177.0	36	8.0	85.0	55.0	0	0	9.399852752685547	24640	2716.701431274414	22573	8.388798701298711	
-450018.9726471036	109.0625	11.26923076923077	152.28205128205127	97.65384615384616	-9.086392049075089	308	606	234	17.0	431.0	268.0	49	8.0	80.0	52.0	0	0	9.272680759429932	24720	2725.974112033844	22646	8.389967637540451	
-312536.3465161227	105.625	11.25974025974026	154.80519480519482	99.02597402597402	-9.086392049075089	309	609	167	19.0	351.0	218.0	29	8.0	84.0	54.0	0	0	9.842446088790894	24800	2735.816558122635	22717	8.399193548387103	
-425045.04934378975	102.95	11.5875	158.1	101.1	-9.086392049075089	310	609	149	16	314	194	47	8	90	58	0	0	10.423649549484253	24880	2746.240207672119	22793	8.388263665594849	
-450039.56597208866	106.55	11.1375	152.0875	97.3	-9.074903857190025	311	609	139	16	304	186	47	7	82	53	0	0	9.933767795562744	24960	2756.173975467682	22867	8.385416666666671	
-437518.4580197327	105.125	11.25	151.5125	97.1	-9.074903857190025	312	609	187	16	340	218	67	8	96	62	0	0	9.052173852920532	25040	2765.2261493206024	22942	8.37859424920127	
-462529.744560676	102.7	11.35	165.225	105.0625	-9.037069352528958	313	609	187	18	431	260	80	8	88	57	0	0	10.501936674118042	25120	2775.7280859947205	23017	8.371815286624212	
-525015.2041345362	99.05	11.115384615384615	152.55128205128204	97.57692307692308	-9.037069352528958	314	611	167	17.0	335.0	211.0	51	8.0	87.0	56.0	0	0	9.373099327087402	25200	2785.101185321808	23091	8.36904761904762	
-525024.7689192768	98.9375	10.886075949367088	150.0632911392405	95.84810126582279	-9.037069352528958	315	612	167	15.0	325.0	198.0	56	8.0	85.0	55.0	0	0	9.018845319747925	25280	2794.120030641556	23166	8.362341772151893	
-437522.75018518546	106.5125	11.166666666666666	146.9102564102564	94.32051282051282	-9.037069352528958	316	614	170	20.0	355.0	230.0	75	8.0	92.0	59.0	0	0	9.08715534210205	25360	2803.207185983658	23240	8.359621451104104	
-450024.0163280801	102.2625	11.582278481012658	156.74683544303798	100.17721518987342	-9.037069352528958	317	615	167	18.0	310.0	191.0	44	8.0	97.0	63.0	0	0	9.49443507194519	25440	2812.701621055603	23314	8.356918238993714	
-425042.7507808727	102.25	11.39240506329114	160.84810126582278	102.58227848101266	-9.037069352528958	318	616	167	17.0	353.0	218.0	44	8.0	90.0	58.0	0	0	10.613170862197876	25520	2823.314791917801	23389	8.350313479623821	
-450036.9485722026	102.775	11.177215189873417	152.55696202531647	97.41772151898734	-9.037069352528958	319	617	167	15.0	279.0	173.0	29	8.0	79.0	51.0	0	0	9.36594557762146	25600	2832.6807374954224	23464	8.34375	
-450032.03826866334	108.1875	11.243589743589743	146.0	93.42307692307692	-9.037069352528958	320	619	208	15.0	314.0	192.0	49	8.0	84.0	54.0	0	0	8.86676549911499	25680	2841.5475029945374	23535	8.35280373831776	
-475026.8708142891	105.85	11.0125	139.8875	89.9	-9.037069352528958	321	619	168	16	254	161	59	8	79	51	0	0	9.365319728851318	25760	2850.9128227233887	23611	8.342391304347828	
-437530.66146504227	106.725	10.9875	151.7375	96.9	-9.037069352528958	322	619	175	15	321	198	52	7	74	48	0	0	9.123605251312256	25840	2860.036427974701	23685	8.339783281733745	
-512523.7678595882	102.275	11.428571428571429	155.7792207792208	99.63636363636364	-9.037069352528958	323	622	182	15.0	310.0	191.0	14	8.0	88.0	57.0	0	0	9.752514362335205	25920	2869.788942337036	23757	8.344907407407405	
-475028.0745203793	101.6375	11.518987341772151	154.34177215189874	98.9367088607595	-9.037069352528958	324	623	182	19.0	326.0	211.0	21	8.0	84.0	54.0	0	0	9.337547063827515	26000	2879.1264894008636	23831	8.342307692307699	
-375018.6479708477	107.1375	11.93421052631579	162.14473684210526	103.72368421052632	-9.037069352528958	325	627	177	21.0	298.0	180.0	28	8.0	97.0	63.0	0	0	8.52976942062378	26080	2887.6562588214874	23901	8.355061349693244	
-400024.4004375026	102.4	11.79746835443038	155.9746835443038	100.12658227848101	-9.036202058046072	326	628	177	18.0	331.0	214.0	39	8.0	100.0	65.0	0	0	8.291056632995605	26160	2895.947315454483	23975	8.35244648318043	
-537515.4105809544	99.875	11.860759493670885	169.62025316455697	108.40506329113924	-9.036202058046072	327	629	165	18.0	398.0	242.0	50	8.0	87.0	56.0	0	0	8.576718091964722	26240	2904.5240335464478	24049	8.349847560975604	
-462530.5465802798	97.0375	11.441558441558442	151.15584415584416	96.85714285714286	-9.036202058046072	328	632	145	16.0	361.0	229.0	51	8.0	84.0	54.0	0	0	8.291183233261108	26320	2912.815216779709	24122	8.351063829787236	
-537522.3281200997	102.3375	11.397435897435898	164.16666666666666	104.51282051282051	-9.036202058046072	329	634	175	18.0	374.0	229.0	21	8.0	92.0	59.0	0	0	8.650935888290405	26400	2921.4661526679993	24193	8.359848484848484	
-462527.9502284316	100.1125	11.538461538461538	153.9102564102564	98.37179487179488	-9.036202058046072	330	636	171	17.0	264.0	168.0	25	8.0	90.0	58.0	0	0	8.474141836166382	26480	2929.9402945041656	24266	8.361027190332322	
-350033.4542216306	102.9875	11.842105263157896	161.98684210526315	103.71052631578948	-9.036202058046072	331	640	164	18.0	322.0	203.0	39	8.0	94.0	61.0	0	0	7.783589601516724	26560	2937.7238841056824	24336	8.373493975903614	
-462525.5610926775	99.65	11.423076923076923	152.35897435897436	97.62820512820512	-9.036202058046072	332	642	164	18.0	282.0	178.0	32	9.0	100.0	65.0	0	0	7.9982404708862305	26640	2945.7221245765686	24409	8.37462462462463	
-475031.7308251822	98.0625	11.828947368421053	171.92105263157896	109.72368421052632	-9.036202058046072	333	646	146	15.0	396.0	239.0	51	9.0	97.0	63.0	0	0	8.652316331863403	26720	2954.374440908432	24480	8.383233532934128	
-562527.0524304415	98.075	11.776315789473685	168.8421052631579	107.84210526315789	-9.036202058046072	334	650	165	17.0	335.0	209.0	34	8.0	92.0	59.0	0	0	8.3242928981781	26800	2962.69873380661	24552	8.388059701492537	
-500025.04245342145	101.0375	11.025641025641026	144.37179487179486	92.52564102564102	-9.036202058046072	335	652	202	17.0	335.0	201.0	31	8.0	92.0	59.0	0	0	9.484139204025269	26880	2972.1828730106354	24626	8.385416666666671	
-487533.84825384954	105.15	11.15	149.7125	95.725	-9.036202058046072	336	652	227	17	308	195	45	8	79	51	0	0	10.279664278030396	26960	2982.4625372886658	24702	8.375370919881306	
-500021.78531337576	97.025	11.215189873417721	153.9746835443038	98.27848101265823	-9.036202058046072	337	653	170	18.0	324.0	207.0	24	8.0	90.0	58.0	0	0	8.71820592880249	27040	2991.1807432174683	24774	8.38017751479289	
-400020.3536347809	97.2125	11.128205128205128	158.52564102564102	101.16666666666667	-9.036202058046072	338	655	191	17.0	419.0	259.0	24	8.0	79.0	51.0	0	0	8.025295734405518	27120	2999.206038951874	24847	8.381268436578168	
-537513.5993904595	99.4375	10.8125	145.025	92.8875	-9.036202058046072	339	655	145	15	275	170	58	8	92	59	0	0	8.207504987716675	27200	3007.4135439395905	24920	8.382352941176478	
-600015.2512170206	99.1875	11.333333333333334	157.01282051282053	100.34615384615384	-9.036202058046072	340	657	155	16.0	346.0	213.0	41	8.0	79.0	51.0	0	0	8.452351570129395	27280	3015.86589550972	24993	8.383431085043995	
-512526.5356687297	99.4625	11.346153846153847	165.37179487179486	105.5	-9.036202058046072	341	659	158	16.0	316.0	192.0	38	7.0	74.0	48.0	0	0	8.805756568908691	27360	3024.6716520786285	25067	8.380847953216374	
-437536.7185659289	99.0375	11.26923076923077	150.24358974358975	96.41025641025641	-9.036202058046072	342	661	170	16.0	316.0	192.0	26	8.0	93.0	60.0	0	0	8.568635940551758	27440	3033.2402880191803	25141	8.378279883381921	
-450024.2034667041	99.4	10.873417721518987	147.54430379746836	94.16455696202532	-9.036202058046072	343	662	153	16.0	308.0	187.0	40	7.0	74.0	48.0	0	0	10.090819835662842	27520	3043.331107854843	25215	8.375726744186053	
-525019.8570995308	99.6625	11.1375	152.675	97.5375	-9.036202058046072	344	662	143	16	280	175	50	8	79	51	0	0	8.376593112945557	27600	3051.7077009677887	25289	8.373188405797109	
-587521.3790559146	99.875	10.974683544303797	159.27848101265823	101.63291139240506	-9.036202058046072	345	663	170	21.0	322.0	209.0	51	8.0	84.0	54.0	0	0	8.501297235488892	27680	3060.2089982032776	25364	8.367052023121389	
-512525.38221555465	97.85	11.151898734177216	151.8860759493671	97.21518987341773	-9.036202058046072	346	664	153	17.0	332.0	213.0	40	8.0	79.0	51.0	0	0	8.009444236755371	27760	3068.218442440033	25439	8.360951008645529	
-412528.4325721806	105.925	11.405063291139241	161.67088607594937	103.13924050632912	-9.036202058046072	347	665	201	21.0	393.0	252.0	55	8.0	87.0	56.0	0	0	8.293283939361572	27840	3076.5117263793945	25513	8.358477011494244	
-337537.40172609576	104.7125	11.594936708860759	161.78481012658227	103.50632911392405	-9.036202058046072	348	666	203	21.0	393.0	252.0	32	8.0	79.0	51.0	0	0	8.792574167251587	27920	3085.304300546646	25587	8.356017191977074	
-537515.9804252852	102.95	10.961538461538462	150.53846153846155	96.03846153846153	-9.036202058046072	349	668	209	16.0	314.0	193.0	39	8.0	88.0	57.0	0	0	7.720511436462402	28000	3093.0248119831085	25659	8.360714285714295	
-387526.64052614535	101.6875	11.063291139240507	151.60759493670886	96.62025316455696	-9.036202058046072	350	669	158	16.0	315.0	193.0	60	8.0	84.0	54.0	0	0	8.423091173171997	28080	3101.4479031562805	25732	8.361823361823355	
-412534.26402900263	99.3125	11.064935064935066	152.57142857142858	97.41558441558442	-9.036202058046072	351	672	142	15.0	297.0	181.0	54	8.0	90.0	58.0	0	0	8.290418863296509	28160	3109.738322019577	25805	8.36292613636364	
-425034.65713291353	100.4375	11.25	158.4375	100.7375	-9.036202058046072	352	672	163	16	318	199	33	8	84	54	0	0	9.150340795516968	28240	3118.888662815094	25881	8.353399433427768	
-462527.54718287365	105.5125	11.4375	152.475	97.625	-9.036202058046072	353	672	163	16	325	199	70	8	85	55	0	0	9.164934635162354	28320	3128.0535974502563	25957	8.343926553672318	
-312535.34590687166	103.5625	11.2375	154.9375	98.85	-9.036202058046072	354	672	163	15	295	180	38	8	84	54	0	0	8.198851585388184	28400	3136.2524490356445	26033	8.33450704225352	
-337531.6394436046	96.575	11.39240506329114	155.35443037974684	99.39240506329114	-9.036202058046072	355	673	164	18.0	311.0	190.0	32	8.0	87.0	56.0	0	0	8.029233932495117	28480	3144.2816829681396	26107	8.332162921348313	
-425034.52592058835	98.2625	10.886075949367088	146.9620253164557	94.0126582278481	-9.036202058046072	356	674	166	15.0	316.0	190.0	38	8.0	90.0	58.0	0	0	7.87852668762207	28560	3152.1602096557617	26179	8.336834733893568	
-475024.46359839535	95.225	10.831168831168831	143.72727272727272	92.06493506493507	-9.036202058046072	357	677	168	14.0	285.0	178.0	27	7.0	74.0	48.0	0	0	7.916419506072998	28640	3160.0766291618347	26252	8.337988826815646	
-550024.2375976511	99.3875	10.569620253164556	138.26582278481013	88.79746835443038	-9.036202058046072	358	678	157	15.0	264.0	167.0	39	7.0	82.0	53.0	0	0	7.492197513580322	28720	3167.568826675415	26326	8.335654596100284	
-450040.81937435624	100.6	10.835443037974683	145.91139240506328	93.59493670886076	-9.036202058046072	359	679	154	18.0	380.0	229.0	34	7.0	82.0	53.0	0	0	7.6809868812561035	28800	3175.249813556671	26399	8.336805555555557	
-500028.72541265964	101.5	10.792207792207792	142.15584415584416	91.2987012987013	-9.036202058046072	360	682	206	15.0	237.0	154.0	36	7.0	82.0	53.0	0	0	6.519149541854858	28880	3181.768963098526	26472	8.337950138504155	
-450031.1243525138	106.05	11.177215189873417	150.56962025316454	96.53164556962025	-9.036202058046072	361	683	174	15.0	280.0	172.0	47	8.0	90.0	58.0	0	0	8.06398606300354	28960	3189.8329491615295	26544	8.342541436464089	
-487525.8153466911	110.975	11.075949367088608	146.64556962025316	93.9493670886076	-9.036202058046072	362	684	174	17.0	302.0	190.0	48	7.0	74.0	48.0	0	0	7.924591541290283	29040	3197.75754070282	26618	8.34022038567494	
-412523.97137713066	111.2375	10.8	142.5375	91.275	-9.036202058046072	363	684	165	14	270	165	59	8	90	58	0	0	8.089074611663818	29120	3205.8466153144836	26693	8.334478021978015	
-550017.3952762787	114.4875	10.8375	151.9875	96.825	-9.036202058046072	364	684	179	15	363	228	68	8	79	51	0	0	8.257604122161865	29200	3214.1042194366455	26768	8.328767123287676	
-450023.5770142864	108.125	10.746835443037975	148.79746835443038	95.22784810126582	-9.036202058046072	365	685	179	15.0	356.0	225.0	45	7.0	82.0	53.0	0	0	9.068438053131104	29280	3223.1726574897766	26843	8.323087431693992	
-400033.1409460764	105.45	10.683544303797468	148.18987341772151	94.49367088607595	-9.036202058046072	366	686	151	15.0	280.0	173.0	49	8.0	92.0	59.0	0	0	7.897607803344727	29360	3231.0702652931213	26915	8.327656675749324	
-487521.95273229666	102.2	10.784810126582279	152.0632911392405	96.9746835443038	-9.036202058046072	367	687	151	15.0	334.0	211.0	51	8.0	84.0	54.0	0	0	7.667440176010132	29440	3238.7377054691315	26989	8.325407608695656	
-512530.95566499385	100.25	10.974358974358974	151.12820512820514	96.47435897435898	-9.036202058046072	368	689	171	16.0	458.0	288.0	25	8.0	90.0	58.0	0	0	8.069357872009277	29520	3246.8070633411407	27062	8.326558265582648	
-562530.638633514	98.65	10.91139240506329	152.65822784810126	97.46835443037975	-9.036202058046072	369	690	152	16.0	344.0	214.0	44	8.0	90.0	58.0	0	0	12.951318502426147	29600	3259.758381843567	27136	8.324324324324323	
-450041.97203129565	102.25	11.177215189873417	161.20253164556962	103.0	-9.036202058046072	370	691	156	16.0	392.0	250.0	77	8.0	87.0	56.0	0	0	10.896766185760498	29680	3270.6551480293274	27210	8.322102425876011	
-475026.03320251434	99.225	10.79746835443038	154.9620253164557	99.0379746835443	-9.036202058046072	371	692	158	15.0	368.0	233.0	42	7.0	82.0	53.0	0	0	11.98387098312378	29760	3282.639019012451	27284	8.319892473118287	
-425016.84976109315	99.2625	11.474358974358974	165.25641025641025	105.17948717948718	-9.036202058046072	372	694	184	16.0	368.0	233.0	34	8.0	84.0	54.0	0	0	9.110742092132568	29840	3291.7497611045837	27356	8.32439678284183	
-537537.1078611031	100.475	11.153846153846153	145.5	93.12820512820512	-9.036202058046072	373	696	198	16.0	294.0	181.0	38	8.0	87.0	56.0	0	0	9.775026798248291	29920	3301.524787902832	27430	8.32219251336899	
-462542.58194171544	102.4	10.871794871794872	146.6153846153846	93.85897435897436	-9.036202058046072	374	698	164	15.0	295.0	183.0	32	8.0	85.0	55.0	0	0	8.484554767608643	30000	3310.0093426704407	27502	8.326666666666668	
-450028.1074925691	98.2875	11.0875	148.2125	94.925	-9.036202058046072	375	698	164	15	268	172	44	8	84	54	0	0	8.468123435974121	30080	3318.477466106415	27576	8.324468085106389	
-525050.2554594397	98.3	11.139240506329115	155.83544303797467	99.41772151898734	-9.036202058046072	376	699	150	18.0	435.0	261.0	58	8.0	79.0	51.0	0	0	8.967215538024902	30160	3327.4446816444397	27651	8.31896551724138	
-450045.25101126	99.875	11.289473684210526	159.9078947368421	102.23684210526316	-9.036202058046072	377	703	173	25.0	370.0	230.0	34	9.0	90.0	58.0	0	0	8.065438747406006	30240	3335.5101203918457	27723	8.323412698412696	
-412548.2592125922	101.525	10.975	154.4375	98.5375	-9.036202058046072	378	703	173	16	325	200	44	8	90	58	0	0	8.243552446365356	30320	3343.753672838211	27798	8.317941952506587	
-425029.3189279187	105.0125	10.91139240506329	150.67088607594937	96.21518987341773	-9.036202058046072	379	704	173	18.0	326.0	202.0	73	8.0	90.0	58.0	0	0	8.134381294250488	30400	3351.8880541324615	27873	8.3125	
-462527.52343633975	99.7375	10.9	151.4875	96.575	-9.036202058046072	380	704	152	16	397	243	33	8	97	63	0	0	8.496453762054443	30480	3360.384507894516	27949	8.303805774278217	
-487518.67091888376	96.825	11.038461538461538	150.78205128205127	96.44871794871794	-9.036202058046072	381	706	162	16.0	316.0	198.0	42	8.0	84.0	54.0	0	0	8.002947807312012	30560	3368.387455701828	28022	8.30497382198952	
-425033.3109627014	94.7625	11.486486486486486	156.1216216216216	99.89189189189189	-9.036202058046072	382	712	184	17.0	302.0	188.0	12	7.0	74.0	48.0	0	0	7.765705108642578	30640	3376.1531608104706	28089	8.3257180156658	
-312541.77510277985	98.2	11.50632911392405	157.46835443037975	100.88607594936708	-9.036202058046072	383	713	149	17.0	281.0	181.0	47	8.0	84.0	54.0	0	0	8.336017370223999	30720	3384.4891781806946	28164	8.3203125	
-487517.31695586664	97.1	11.4	162.275	103.4875	-9.036202058046072	384	713	145	15	375	234	51	9	90	58	0	0	8.818467140197754	30800	3393.3076453208923	28239	8.31493506493507	
-362540.214290087	98.2875	11.582278481012658	155.126582278481	99.36708860759494	-9.036202058046072	385	714	142	16.0	279.0	171.0	60	7.0	90.0	58.0	0	0	8.511865854263306	30880	3401.8195111751556	28313	8.312823834196891	
-487517.5264550328	99.4	11.405063291139241	156.2405063291139	100.0	-9.036202058046072	386	715	154	18.0	283.0	178.0	42	8.0	84.0	54.0	0	0	8.485446214675903	30960	3410.3049573898315	28386	8.313953488372093	
-437537.3341462193	107.2125	11.605263157894736	153.21052631578948	98.46052631578948	-9.036202058046072	387	719	216	16.0	293.0	188.0	29	8.0	79.0	51.0	0	0	8.34868335723877	31040	3418.6536407470703	28457	8.321520618556704	
-475022.1325179447	101.125	11.564102564102564	160.32051282051282	102.66666666666667	-9.036202058046072	388	721	167	16.0	430.0	272.0	50	8.0	87.0	56.0	0	0	9.357367753982544	31120	3428.011008501053	28529	8.325835475578401	
-575023.5077090918	99.375	12.026315789473685	167.0	106.89473684210526	-9.036202058046072	389	725	155	21.0	348.0	222.0	44	8.0	88.0	57.0	0	0	8.323885440826416	31200	3436.3348939418793	28601	8.330128205128204	
-462523.90641142	104.1875	11.708860759493671	160.65822784810126	102.78481012658227	-9.036202058046072	390	726	166	21.0	337.0	218.0	44	7.0	74.0	48.0	0	0	8.169241189956665	31280	3444.504135131836	28674	8.331202046035799	
-512528.5630880367	99.1625	11.320512820512821	155.83333333333334	99.88461538461539	-9.036202058046072	391	728	211	16.0	286.0	186.0	33	8.0	87.0	56.0	0	0	7.706540107727051	31360	3452.210675239563	28748	8.329081632653057	
-512526.47957032424	99.675	11.354430379746836	156.25316455696202	100.0	-9.036202058046072	392	729	159	19.0	323.0	210.0	41	8.0	84.0	54.0	0	0	8.03009295463562	31440	3460.2407681941986	28822	8.32697201017811	
-425024.95505008276	98.425	11.077922077922079	149.23376623376623	95.57142857142857	-9.036202058046072	393	732	171	15.0	327.0	207.0	25	8.0	90.0	58.0	0	0	8.492436408996582	31520	3468.733204603195	28893	8.334390862944161	
-512518.7966074802	98.9875	10.692307692307692	140.25641025641025	89.65384615384616	-9.036202058046072	394	734	172	15.0	399.0	241.0	24	8.0	87.0	56.0	0	0	8.191922426223755	31600	3476.925127029419	28966	8.335443037974684	
-475016.03230283165	98.575	10.896103896103897	144.87012987012986	92.71428571428571	-9.036202058046072	395	737	155	19.0	313.0	199.0	5	8.0	90.0	58.0	0	0	8.123449325561523	31680	3485.0485763549805	29039	8.336489898989896	
-512526.08668916614	97.8875	11.2125	152.125	97.225	-9.036202058046072	396	737	143	18	256	161	51	8	98	63	0	0	8.07591724395752	31760	3493.124493598938	29114	8.331234256926962	
-450025.02204347047	98.275	10.794871794871796	147.56410256410257	94.25641025641026	-9.036202058046072	397	739	161	15.0	382.0	233.0	35	8.0	87.0	56.0	0	0	7.814892530441284	31840	3500.9393861293793	29188	8.329145728643212	
-462526.0425304233	97.85	10.974683544303797	151.9493670886076	97.26582278481013	-9.036202058046072	398	740	160	14.0	289.0	181.0	36	8.0	84.0	54.0	0	0	7.988720178604126	31920	3508.9281063079834	29262	8.327067669172934	
-462528.2328640294	99.0875	11.35064935064935	155.19480519480518	99.24675324675324	-9.036202058046072	399	743	185	15.0	314.0	195.0	19	8.0	84.0	54.0	0	0	8.165499687194824	32000	3517.093605995178	29335	8.328125	
-575016.2149439477	98.4125	11.666666666666666	164.66666666666666	105.51282051282051	-9.036202058046072	400	745	149	16.0	375.0	238.0	47	8.0	84.0	54.0	0	0	8.41264271736145	32080	3525.5062487125397	29408	8.329177057356603	
-525024.9964895939	98.725	11.666666666666666	158.07692307692307	101.15384615384616	-9.036202058046072	401	747	156	16.0	503.0	311.0	40	8.0	93.0	60.0	0	0	8.538529396057129	32160	3534.044778108597	29481	8.330223880597003	
-525019.0089877087	104.35	11.75	166.6875	106.6875	-9.036202058046072	402	747	223	15	359	221	31	8	92	59	0	0	8.884637355804443	32240	3542.9294154644012	29557	8.32196029776675	
-512527.50697816565	98.475	11.428571428571429	160.83116883116884	102.87012987012987	-9.036202058046072	403	750	176	16.0	347.0	216.0	20	8.0	84.0	54.0	0	0	8.129470825195312	32320	3551.0588862895966	29629	8.326113861386148	
-337541.9548152058	100.0	11.759493670886076	156.68354430379748	100.53164556962025	-9.036132710078869	404	751	167	18.0	333.0	214.0	29	8.0	91.0	59.0	0	0	8.382550239562988	32400	3559.4414365291595	29703	8.324074074074076	
-525041.3066863215	99.1375	11.525	153.95	98.65	-9.036052636427328	405	751	161	15	308	190	46	8	100	65	0	0	9.4024019241333	32480	3568.843838453293	29777	8.32204433497536	
-362552.4788793946	98.325	11.379746835443038	149.43037974683546	96.17721518987342	-9.036052636427328	406	752	148	17.0	294.0	190.0	46	8.0	84.0	54.0	0	0	8.50258493423462	32560	3577.3464233875275	29851	8.320024570024572	
-387522.96452829905	99.925	10.925	134.0125	86.15	-9.036052636427328	407	752	169	17	214	138	27	8	79	51	0	0	9.115296363830566	32640	3586.461719751358	29926	8.314950980392155	
-400026.7486975206	96.2875	10.653846153846153	134.30769230769232	86.28205128205128	-9.036052636427328	408	754	148	14.0	249.0	161.0	46	8.0	85.0	55.0	0	0	7.941484451293945	32720	3594.403204202652	29997	8.322127139364298	
-425022.9844299556	99.0375	10.961538461538462	142.0897435897436	91.11538461538461	-9.036052636427328	409	756	148	16.0	270.0	165.0	54	8.0	79.0	51.0	0	0	8.21009635925293	32800	3602.613300561905	30071	8.32012195121952	
-412552.0804803695	102.25	10.886075949367088	142.1772151898734	91.12658227848101	-9.036052636427328	410	757	199	16.0	260.0	168.0	33	8.0	93.0	60.0	0	0	7.715268611907959	32880	3610.328569173813	30144	8.321167883211672	
-437536.5869408939	103.45	10.884615384615385	140.35897435897436	90.05128205128206	-9.036052636427328	411	759	234	14.0	254.0	161.0	56	8.0	96.0	62.0	0	0	7.904373407363892	32960	3618.2329425811768	30217	8.322208737864074	
-550026.6100718307	104.025	10.810126582278482	146.65822784810126	93.63291139240506	-9.036052636427328	412	760	234	15.0	284.0	181.0	49	8.0	90.0	58.0	0	0	8.355238914489746	33040	3626.5881814956665	30291	8.32021791767555	
-475034.47309768514	98.7875	11.240506329113924	150.29113924050634	96.25316455696202	-9.036052636427328	413	761	138	16.0	284.0	181.0	63	8.0	85.0	55.0	0	0	8.132527828216553	33120	3634.720709323883	30362	8.327294685990339	
-425026.6351491914	102.45	11.346153846153847	153.52564102564102	98.35897435897436	-9.036052636427328	414	763	149	17.0	309.0	190.0	47	8.0	88.0	57.0	0	0	8.246307849884033	33200	3642.967017173767	30435	8.328313253012041	
-487523.31422517943	100.9125	11.307692307692308	154.55128205128204	98.78205128205128	-9.036052636427328	415	765	167	15.0	339.0	211.0	29	8.0	85.0	55.0	0	0	8.257471799850464	33280	3651.2244889736176	30509	8.326322115384613	
-562522.700830611	104.6125	11.240506329113924	158.67088607594937	101.25316455696202	-9.036052636427328	416	766	167	15.0	294.0	181.0	50	8.0	90.0	58.0	0	0	8.573230504989624	33360	3659.797719478607	30583	8.324340527577931	
-500024.8518893745	103.5	11.368421052631579	163.51315789473685	104.28947368421052	-9.036052636427328	417	770	201	18.0	350.0	215.0	27	8.0	92.0	59.0	0	0	8.127583742141724	33440	3667.925303220749	30655	8.328349282296656	
-425033.3008287476	103.25	11.064935064935066	156.67532467532467	99.76623376623377	-9.036052636427328	418	773	226	18.0	290.0	182.0	18	8.0	92.0	59.0	0	0	8.281696319580078	33520	3676.206999540329	30728	8.329355608591882	
-500033.038604531	101.3625	11.075	162.7	103.2125	-9.036052636427328	419	773	179	14	423	260	34	8	86	56	0	0	9.158158779144287	33600	3685.3651583194733	30802	8.327380952380949	
-387528.75359419594	97.8875	11.275	152.6625	97.575	-9.036052636427328	420	773	147	19	487	297	66	8	84	54	0	0	8.832701206207275	33680	3694.1978595256805	30878	8.319477434679328	
-475032.04940486525	99.7625	10.974683544303797	145.46835443037975	93.0379746835443	-9.036052636427328	421	774	139	15.0	309.0	192.0	50	8.0	84.0	54.0	0	0	9.548205137252808	33760	3703.7460646629333	30953	8.314573459715632	
-437529.12136181945	99.15	11.075949367088608	148.36708860759492	94.78481012658227	-9.036052636427328	422	775	167	16.0	284.0	174.0	57	8.0	84.0	54.0	0	0	14.332447528839111	33840	3718.0785121917725	31027	8.312647754137117	
-550028.0684562175	99.375	11.263157894736842	159.77631578947367	101.9342105263158	-9.036052636427328	423	779	164	17.0	469.0	293.0	32	8.0	84.0	54.0	0	0	10.361470222473145	33920	3728.4399824142456	31099	8.316627358490564	
-525021.5292537853	98.975	10.85	150.175	96.025	-9.036052636427328	424	779	129	16	285	178	64	7	74	48	0	0	11.207199811935425	34000	3739.647182226181	31174	8.311764705882354	
-600023.0535902818	99.25	11.23076923076923	156.44871794871796	99.91025641025641	-9.036052636427328	425	781	180	15.0	326.0	207.0	16	7.0	82.0	53.0	0	0	9.59868049621582	34080	3749.245862722397	31248	8.309859154929583	
-450038.70307000447	102.5625	11.115384615384615	144.33333333333334	92.6025641025641	-9.036052636427328	426	783	180	17.0	298.0	191.0	16	8.0	84.0	54.0	0	0	13.06383991241455	34160	3762.3097026348114	31320	8.313817330210767	
-537517.3098449908	98.55	10.8875	148.0625	94.6625	-9.036052636427328	427	783	168	16	285	178	50	8	79	51	0	0	11.12182903289795	34240	3773.4315316677094	31395	8.308995327102807	
-600020.4174197575	97.7875	11.368421052631579	155.46052631578948	99.42105263157895	-9.036052636427328	428	787	150	15.0	391.0	244.0	46	8.0	79.0	51.0	0	0	9.536472797393799	34320	3782.968004465103	31466	8.315850815850808	
-487533.15510323114	97.05	11.263157894736842	151.80263157894737	97.13157894736842	-9.036052636427328	429	791	168	16.0	284.0	178.0	38	9.0	91.0	59.0	0	0	8.056382179260254	34400	3791.0243866443634	31535	8.32848837209302	
-425039.27034867555	98.7375	11.5625	161.6125	103.375	-9.036052636427328	430	791	140	17	329	212	59	9	100	65	0	0	13.430153369903564	34480	3804.454540014267	31610	8.323665893271453	
-500027.5750303799	100.6125	11.41025641025641	165.53846153846155	105.38461538461539	-9.03600569928493	431	793	175	15.0	339.0	211.0	42	8.0	87.0	56.0	0	0	18.806913137435913	34560	3823.261453151703	31684	8.321759259259252	
-500041.1189655339	96.6875	11.39240506329114	156.13924050632912	99.84810126582279	-9.03600569928493	432	794	131	17.0	340.0	211.0	59	8.0	97.0	63.0	0	0	19.1618549823761	34640	3842.423308134079	31758	8.319861431870663	
-500027.45710798854	100.8375	11.341772151898734	161.16455696202533	102.81012658227849	-9.03600569928493	433	795	151	16.0	368.0	229.0	45	8.0	90.0	58.0	0	0	12.055664300918579	34720	3854.4789724349976	31832	8.31797235023042	
-475033.411407533	102.525	11.08860759493671	147.78481012658227	94.73417721518987	-9.03600569928493	434	796	169	14.0	294.0	181.0	27	8.0	84.0	54.0	0	0	12.413126707077026	34800	3866.8920991420746	31906	8.31609195402298	
-475020.8517714237	98.7625	11.2875	157.6	100.7375	-9.03600569928493	435	796	151	15	294	181	45	8	90	58	0	0	10.310430526733398	34880	3877.202529668808	31981	8.311353211009177	
-425030.9061760556	99.4875	11.215189873417721	155.62025316455697	99.27848101265823	-9.03600569928493	436	797	151	15.0	302.0	186.0	45	7.0	82.0	53.0	0	0	10.64865517616272	34960	3887.8511848449707	32055	8.309496567505732	
-525034.354639665	97.1875	11.3375	144.675	92.9375	-9.03600569928493	437	797	139	15	217	136	45	8	91	59	0	0	10.225178718566895	35040	3898.0763635635376	32131	8.301940639269418	
-400026.57372969866	96.8125	11.240506329113924	157.0632911392405	100.21518987341773	-9.03600569928493	438	798	156	16.0	294.0	179.0	40	8.0	85.0	55.0	0	0	10.652376651763916	35120	3908.7287402153015	32205	8.300113895216398	
-512518.58257953654	96.925	11.227848101265822	155.8227848101266	99.55696202531645	-9.03600569928493	439	799	137	15.0	292.0	181.0	36	8.0	79.0	51.0	0	0	10.500913143157959	35200	3919.2296533584595	32280	8.295454545454547	
-437519.9618328711	97.9	11.4875	150.7875	96.8125	-9.03600569928493	440	799	128	15	289	181	71	8	91	59	0	0	10.008412837982178	35280	3929.2380661964417	32354	8.293650793650798	
-425030.79597646755	98.425	11.532467532467532	155.6883116883117	99.68831168831169	-9.03600569928493	441	802	141	17.0	313.0	203.0	55	8.0	84.0	54.0	0	0	10.448249816894531	35360	3939.686316013336	32427	8.29468325791855	
-575016.2754786173	100.7375	11.55	155.2375	99.025	-9.03600569928493	442	802	146	15	395	238	54	8	89	58	0	0	10.775082111358643	35440	3950.461398124695	32503	8.287246049661405	
-400033.28503166046	101.4875	11.075949367088608	146.81012658227849	94.13924050632912	-9.03600569928493	443	803	152	16.0	278.0	174.0	44	8.0	84.0	54.0	0	0	9.547087907791138	35520	3960.008486032486	32577	8.285472972972968	
-512533.42136845336	99.025	11.025641025641026	152.43589743589743	97.37179487179488	-9.03600569928493	444	805	154	15.0	334.0	211.0	42	8.0	85.0	55.0	0	0	9.96120572090149	35600	3969.9696917533875	32649	8.289325842696627	
-575029.9500855402	99.775	10.807692307692308	156.25641025641025	99.17948717948718	-9.03600569928493	445	807	155	14.0	283.0	174.0	41	8.0	79.0	51.0	0	0	10.145076751708984	35680	3980.1147685050964	32723	8.287556053811656	
-562522.2263956743	99.4	11.171052631578947	156.4078947368421	99.76315789473684	-9.03600569928493	446	811	147	15.0	280.0	173.0	41	8.0	82.0	53.0	0	0	9.843682289123535	35760	3989.95845079422	32795	8.291387024608497	
-537527.0304636307	98.5375	11.215189873417721	155.25316455696202	99.24050632911393	-9.03600569928493	447	812	186	14.0	329.0	199.0	10	8.0	84.0	54.0	0	0	11.08066725730896	35840	4001.039118051529	32868	8.292410714285708	
-437526.9667236366	106.9	10.831168831168831	145.3116883116883	92.92207792207792	-9.03600569928493	448	815	201	17.0	255.0	161.0	67	8.0	84.0	54.0	0	0	10.348127603530884	35920	4011.38724565506	32940	8.29621380846325	
-425028.6294874356	104.275	11.115384615384615	147.57692307692307	94.56410256410257	-9.03600569928493	449	817	188	17.0	293.0	185.0	37	8.0	79.0	51.0	0	0	10.133501052856445	36000	4021.5207467079163	33013	8.297222222222217	
-425037.9586574193	103.4125	11.2	150.5	96.45	-9.03600569928493	450	817	186	16	279	177	55	7	79	51	0	0	10.865383863449097	36080	4032.3861305713654	33089	8.289911308203983	
-487518.89740941266	100.025	11.1	148.4625	95.2875	-9.03600569928493	451	817	186	15	344	209	65	8	84	54	0	0	9.547507047653198	36160	4041.9336376190186	33164	8.28539823008849	
-412522.31804698956	98.45	11.7125	149.6125	96.3875	-9.03600569928493	452	817	169	16	340	218	27	8	84	54	0	0	10.431900978088379	36240	4052.365538597107	33240	8.27814569536423	
-450045.3095803309	98.8875	11.189873417721518	154.21518987341773	98.69620253164557	-9.03600569928493	453	818	169	15.0	256.0	161.0	35	8.0	97.0	63.0	0	0	9.289815187454224	36320	4061.655353784561	33314	8.276431718061673	
-487527.95086619596	106.575	11.443037974683545	149.36708860759492	95.92405063291139	-9.03600569928493	454	819	193	19.0	275.0	176.0	31	7.0	74.0	48.0	0	0	9.779775619506836	36400	4071.435129404068	33388	8.27472527472527	
-462518.772697452	104.95	11.39240506329114	157.9746835443038	100.9620253164557	-9.03600569928493	455	820	163	19.0	377.0	241.0	33	8.0	86.0	56.0	0	0	10.735968828201294	36480	4082.1710982322693	33460	8.278508771929822	
-412520.2906326924	104.5125	11.0375	145.675	93.2375	-9.03600569928493	456	820	163	17	308	194	67	8	79	51	0	0	9.907455921173096	36560	4092.0785541534424	33535	8.27407002188184	
-487519.60781862325	101.45	11.49367088607595	157.1139240506329	100.73417721518987	-9.03600569928493	457	821	172	16.0	248.0	158.0	32	8.0	84.0	54.0	0	0	9.731269836425781	36640	4101.809823989868	33609	8.272379912663752	
-362520.7321249846	99.075	11.205128205128204	154.15384615384616	98.58974358974359	-9.03600569928493	458	823	177	15.0	441.0	279.0	19	8.0	90.0	58.0	0	0	13.240756034851074	36720	4115.050580024719	33683	8.270697167755998	
-475024.39867882634	99.9625	11.166666666666666	144.43589743589743	92.51282051282051	-9.03600569928493	459	825	182	15.0	284.0	178.0	23	8.0	84.0	54.0	0	0	9.344743728637695	36800	4124.395323753357	33756	8.271739130434781	
-450023.787695049	106.0125	11.3125	148.55	95.225	-9.03600569928493	460	825	177	17	257	157	31	8	80	52	0	0	10.623780727386475	36880	4135.019104480743	33831	8.267353579175705	
-425035.24184211344	105.0875	11.116883116883116	145.88311688311688	93.33766233766234	-9.03600569928493	461	828	177	14.0	257.0	157.0	40	8.0	84.0	54.0	0	0	12.025121450424194	36960	4147.044225931168	33904	8.268398268398272	
-500020.12657623366	101.0125	11.08860759493671	147.60759493670886	94.58227848101266	-9.03600569928493	462	829	146	21.0	355.0	219.0	64	8.0	84.0	54.0	0	0	8.805243968963623	37040	4155.849469900131	33977	8.269438444924404	
-437531.81400715205	101.6375	11.08974358974359	145.15384615384616	92.97435897435898	-9.03600569928493	463	831	180	15.0	259.0	164.0	34	8.0	92.0	59.0	0	0	8.521095514297485	37120	4164.370565414429	34049	8.273168103448285	
-412526.96804672375	108.2375	11.175	146.7125	94.075	-9.03600569928493	464	831	166	21	258	164	66	8	91	59	0	0	9.524802923202515	37200	4173.895368337631	34123	8.271505376344095	
-475020.5547330162	103.325	10.822784810126583	141.25316455696202	90.56962025316456	-9.03600569928493	465	832	226	16.0	219.0	140.0	34	8.0	90.0	58.0	0	0	9.225070714950562	37280	4183.120439052582	34198	8.267167381974247	
-537535.5928353699	106.4625	11.075	144.85	92.9875	-9.03600569928493	466	832	181	16	293	182	40	8	87	56	0	0	10.049033403396606	37360	4193.169472455978	34272	8.265524625267659	
-525025.2035091653	109.1625	11.151898734177216	150.15189873417722	96.12658227848101	-9.03600569928493	467	833	202	16.0	264.0	161.0	65	8.0	79.0	51.0	0	0	9.728190898895264	37440	4202.897663354874	34347	8.261217948717942	
-437535.8018728521	117.05	11.307692307692308	153.9102564102564	98.8076923076923	-9.03600569928493	468	835	181	16.0	320.0	203.0	42	8.0	85.0	55.0	0	0	9.574658393859863	37520	4212.4723217487335	34421	8.259594882729218	
-462522.4075859619	113.2	11.341772151898734	144.51898734177215	92.9493670886076	-9.03600569928493	469	836	193	17.0	357.0	222.0	50	8.0	84.0	54.0	0	0	9.868064165115356	37600	4222.340385913849	34495	8.257978723404264	
-537516.1008745158	105.6875	11.189873417721518	136.26582278481013	87.83544303797468	-9.03600569928493	470	837	193	15.0	285.0	181.0	32	8.0	85.0	55.0	0	0	9.552418947219849	37680	4231.892804861069	34569	8.256369426751604	
-512532.2728276293	109.7625	11.20253164556962	140.51898734177215	90.39240506329114	-9.03600569928493	471	838	193	18.0	290.0	183.0	35	8.0	79.0	51.0	0	0	9.671886920928955	37760	4241.564691781998	34643	8.254766949152554	
-362529.40895484854	117.9875	11.512820512820513	148.33333333333334	95.37179487179488	-9.03600569928493	472	840	192	16.0	265.0	166.0	57	8.0	84.0	54.0	0	0	10.729815244674683	37840	4252.294507026672	34717	8.253171247357301	
-412525.46589051053	118.175	11.126582278481013	148.7594936708861	95.35443037974683	-9.03600569928493	473	841	181	16.0	331.0	203.0	50	8.0	84.0	54.0	0	0	10.901255369186401	37920	4263.195762395859	34792	8.248945147679322	
-487526.7704038766	117.2625	10.961538461538462	141.53846153846155	90.92307692307692	-9.03600569928493	474	843	231	16.0	256.0	161.0	16	8.0	93.0	60.0	0	0	10.50661826133728	38000	4273.702380657196	34864	8.252631578947373	
-437524.22754655295	112.8875	11.20253164556962	143.68354430379748	92.36708860759494	-9.03600569928493	475	844	203	15.0	247.0	156.0	59	7.0	82.0	53.0	0	0	10.826106548309326	38080	4284.528487205505	34939	8.248424369747895	
-437531.2341472097	109.15	11.14102564102564	148.12820512820514	94.85897435897436	-9.03600569928493	476	846	173	18.0	287.0	181.0	59	8.0	84.0	54.0	0	0	10.513221740722656	38160	4295.041708946228	35012	8.249475890985323	
-475021.53284037486	106.4125	10.9125	149.4125	95.575	-9.03600569928493	477	846	210	16	295	183	59	8	84	54	0	0	11.000969886779785	38240	4306.042678833008	35087	8.245292887029294	
-500024.25894665316	112.1125	11.1	150.35	96.2375	-9.03600569928493	478	846	164	16	314	194	45	8	84	54	0	0	13.213528871536255	38320	4319.256207704544	35163	8.238517745302715	
-400024.40316481283	122.1125	10.810126582278482	150.72151898734177	96.30379746835443	-9.03600569928493	479	847	219	14.0	393.0	247.0	38	8.0	90.0	58.0	0	0	11.00316071510315	38400	4330.259368419647	35238	8.234375	
-350028.9817214351	107.725	10.871794871794872	146.97435897435898	94.12820512820512	-9.03600569928493	480	849	193	16.0	354.0	217.0	38	8.0	90.0	58.0	0	0	9.860270738601685	38480	4340.119639158249	35311	8.235446985446984	
-462533.00935305393	106.8375	11.064935064935066	147.4025974025974	94.49350649350649	-9.03600569928493	481	852	193	15.0	245.0	152.0	38	7.0	82.0	53.0	0	0	9.94674277305603	38560	4350.066381931305	35383	8.239107883817425	
-512525.2384292718	107.9625	10.772151898734178	143.30379746835442	91.73417721518987	-9.03600569928493	482	853	245	17.0	277.0	170.0	12	7.0	82.0	53.0	0	0	9.25977087020874	38640	4359.326152801514	35457	8.23757763975155	
-475015.4216630591	99.325	10.6375	139.6375	89.5	-9.03600569928493	483	853	162	15	264	161	34	7	82	53	0	0	8.439091920852661	38720	4367.765244722366	35531	8.236053719008268	
-462525.97231382114	98.6375	10.949367088607595	144.25316455696202	92.49367088607595	-9.03600569928493	484	854	136	15.0	318.0	196.0	60	8.0	88.0	57.0	0	0	9.368842124938965	38800	4377.134086847305	35605	8.234536082474236	
-412532.2393873054	98.0625	10.95	150.275	96.0125	-9.03600569928493	485	854	154	15	302	186	42	7	74	48	0	0	9.201119899749756	38880	4386.335206747055	35679	8.233024691358025	
-587524.7422782095	97.9875	11.333333333333334	147.0897435897436	94.46153846153847	-9.03600569928493	486	856	160	17.0	284.0	176.0	36	8.0	85.0	55.0	0	0	10.688966751098633	38960	4397.024173498154	35751	8.236652977412732	
-475018.4275731992	99.9	11.051948051948052	149.07792207792207	95.3896103896104	-9.03600569928493	487	859	139	15.0	284.0	178.0	36	8.0	79.0	51.0	0	0	15.509159564971924	39040	4412.533333063126	35821	8.245389344262293	
-475025.4326116374	99.85	11.0	148.44155844155844	95.06493506493507	-9.03600569928493	488	862	161	17.0	441.0	279.0	36	8.0	79.0	51.0	0	0	10.331000804901123	39120	4422.864333868027	35893	8.248977505112478	
-462528.84568877035	102.3125	11.4625	150.925	96.9125	-9.03600569928493	489	862	165	19	319	206	45	8	79	51	0	0	10.599401950836182	39200	4433.463735818863	35966	8.25	
-437517.6422124831	107.9625	10.75	139.975	89.8125	-9.03600569928493	490	862	177	16	256	161	30	8	79	51	0	0	9.612706899642944	39280	4443.076442718506	36039	8.251018329938901	
-562514.6935207782	99.4375	10.584415584415584	136.8181818181818	87.71428571428571	-9.03600569928493	491	865	226	16.0	280.0	177.0	31	7.0	80.0	52.0	0	0	8.265320301055908	39360	4451.341763019562	36110	8.257113821138205	
-475028.3353284059	100.4625	11.240506329113924	150.36708860759492	96.27848101265823	-9.03600569928493	492	866	196	16.0	265.0	164.0	6	8.0	85.0	55.0	0	0	9.862033128738403	39440	4461.2037961483	36184	8.255578093306298	
-512526.81991298805	98.1375	11.05	151.7	97.075	-9.03600569928493	493	866	179	16	265	164	39	8	100	65	0	0	9.808287858963013	39520	4471.012084007263	36260	8.248987854251013	
-400028.48071550933	92.6625	11.265822784810126	152.79746835443038	97.86075949367088	-9.03600569928493	494	867	159	17.0	288.0	184.0	11	8.0	87.0	56.0	0	0	8.348394393920898	39600	4479.360478401184	36333	8.25	
-475022.4511448125	96.675	11.175	147.725	94.725	-9.03600569928493	495	867	143	17	285	177	40	8	79	51	0	0	8.662739515304565	39680	4488.023217916489	36408	8.245967741935488	
-537519.4335664043	96.825	10.661971830985916	141.0281690140845	90.38028169014085	-9.03600569928493	496	876	184	15.0	245.0	152.0	19	8.0	90.0	58.0	0	0	7.326518774032593	39760	4495.349736690521	36474	8.264587525150901	
-412526.4683647075	97.2875	10.907894736842104	142.89473684210526	91.67105263157895	-9.03600569928493	497	880	167	15.0	331.0	208.0	14	8.0	93.0	60.0	0	0	8.537673711776733	39840	4503.887410402298	36544	8.273092369477908	
-450017.48983049515	98.9	11.125	147.05	94.275	-9.03600569928493	498	880	157	15	285	178	63	8	80	52	0	0	9.27156925201416	39920	4513.158979654312	36618	8.271543086172343	
-487537.4153732123	98.575	10.721518987341772	141.63291139240508	90.73417721518987	-9.03600569928493	499	881	146	14.0	251.0	158.0	50	8.0	79.0	51.0	0	0	9.559749603271484	40000	4522.718729257584	36691	8.272500000000008	
-537523.9398107491	99.3125	10.860759493670885	147.35443037974684	94.35443037974683	-9.03600569928493	500	882	145	14.0	288.0	178.0	43	8.0	84.0	54.0	0	0	8.964526414871216	40080	4531.683255672455	36765	8.27095808383234	
-400029.9937553939	99.075	10.909090909090908	148.75324675324674	94.98701298701299	-9.03600569928493	501	885	138	15.0	279.0	173.0	68	8.0	84.0	54.0	0	0	9.036282062530518	40160	4540.719537734985	36836	8.276892430278878	
-400019.5046002999	99.0125	10.835443037974683	140.9240506329114	90.44303797468355	-9.03600569928493	502	886	146	17.0	225.0	143.0	50	8.0	80.0	52.0	0	0	8.840986013412476	40240	4549.560523748398	36909	8.277833001988071	
-375030.46930265625	104.275	10.375	135.0625	86.525	-9.03600569928493	503	886	172	15	268	164	61	8	79	51	0	0	9.209357976913452	40320	4558.769881725311	36983	8.276289682539684	
-425020.9638166862	99.125	10.30379746835443	138.25316455696202	88.32911392405063	-9.03600569928493	504	887	170	15.0	285.0	175.0	26	8.0	85.0	55.0	0	0	8.377627611160278	40400	4567.147509336472	37056	8.277227722772267	
-450038.1304891316	98.875	11.177215189873417	145.0506329113924	93.16455696202532	-9.03600569928493	505	888	156	16.0	221.0	143.0	40	8.0	93.0	60.0	0	0	9.377685546875	40480	4576.525194883347	37128	8.280632411067188	
-462514.6404858421	99.375	11.08860759493671	148.25316455696202	95.11392405063292	-9.03600569928493	506	889	125	16.0	313.0	201.0	58	8.0	79.0	51.0	0	0	9.334407567977905	40560	4585.8596024513245	37202	8.27909270216962	
-487526.48722380365	97.875	11.3375	147.1625	94.6625	-9.03600569928493	507	889	156	16	224	143	40	8	88	57	0	0	9.104552984237671	40640	4594.964155435562	37277	8.275098425196845	
-375029.9693398726	98.725	11.5375	156.175	100.1375	-9.03600569928493	508	889	152	18	289	181	52	8	90	58	0	0	12.594430685043335	40720	4607.5585861206055	37353	8.268664047151276	
-450031.3149073262	97.8	10.974358974358974	149.2948717948718	95.38461538461539	-9.03600569928493	509	891	161	15.0	317.0	196.0	35	8.0	87.0	56.0	0	0	10.010546445846558	40800	4617.569132566452	37426	8.269607843137251	
-537535.4122049604	99.0875	10.833333333333334	146.48717948717947	93.78205128205128	-9.03600569928493	510	893	152	15.0	280.0	180.0	60	8.0	87.0	56.0	0	0	8.61294960975647	40880	4626.1820821762085	37500	8.268101761252439	
-500023.98892944586	98.175	10.8125	144.6375	92.6875	-9.03600569928493	511	893	135	18	332	206	61	8	84	54	0	0	8.740493535995483	40960	4634.922575712204	37575	8.26416015625	
-512525.450416225	98.7375	10.717948717948717	138.98717948717947	89.26923076923077	-9.03600569928493	512	895	145	16.0	317.0	204.0	51	8.0	84.0	54.0	0	0	8.58793592453003	41040	4643.510511636734	37648	8.265107212475627	
-412532.2384222203	97.425	10.721518987341772	145.41772151898735	92.70886075949367	-9.03600569928493	513	896	137	16.0	274.0	172.0	59	8.0	84.0	54.0	0	0	8.17379903793335	41120	4651.684310674667	37719	8.270914396887164	
-350026.87834537297	97.05	10.848101265822784	151.50632911392404	96.65822784810126	-9.03600569928493	514	897	161	16.0	320.0	203.0	49	8.0	92.0	59.0	0	0	8.65902853012085	41200	4660.343339204788	37792	8.271844660194176	
-300020.5529901109	97.7875	10.153846153846153	132.65384615384616	84.8974358974359	-9.03600569928493	515	899	150	16.0	352.0	217.0	46	7.0	84.0	54.0	0	0	7.373532772064209	41280	4667.716871976852	37862	8.280038759689916	
-487523.22920198535	96.525	10.320512820512821	141.17948717948718	89.88461538461539	-9.03600569928493	516	901	138	14.0	274.0	171.0	46	7.0	82.0	53.0	0	0	8.90033745765686	41360	4676.617209434509	37936	8.278529980657652	
-387525.3046589394	98.2	10.512820512820513	135.57692307692307	86.97435897435898	-9.03600569928493	517	903	151	15.0	253.0	161.0	45	8.0	87.0	56.0	0	0	8.928219318389893	41440	4685.545428752899	38006	8.286679536679543	
-475025.0025824358	101.3125	10.8125	142.4125	91.1625	-9.03600569928493	518	903	140	17	270	172	56	8	79	51	0	0	8.530458927154541	41520	4694.075887680054	38081	8.282755298651253	
-500022.7712551	99.7125	10.79746835443038	140.58227848101265	90.31645569620254	-9.03600569928493	519	904	167	15.0	326.0	201.0	29	8.0	79.0	51.0	0	0	8.513167142868042	41600	4702.589054822922	38155	8.28125	
-550017.9834503456	100.05	10.807692307692308	143.65384615384616	92.03846153846153	-9.03600569928493	520	906	172	15.0	297.0	181.0	24	7.0	74.0	48.0	0	0	9.278348445892334	41680	4711.867403268814	38228	8.282149712092135	
-387532.6705311018	100.8875	10.632911392405063	143.8860759493671	91.9620253164557	-9.03600569928493	521	907	144	14.0	269.0	164.0	52	8.0	79.0	51.0	0	0	10.19438123703003	41760	4722.061784505844	38303	8.278256704980848	
-387540.887934863	100.55	10.8375	144.375	92.4875	-9.031005655387435	522	907	148	15	283	180	48	8	84	54	0	0	10.127117156982422	41840	4732.1889016628265	38379	8.271988527724659	
-412522.0118780404	100.125	10.857142857142858	145.2077922077922	92.88311688311688	-9.031005655387435	523	910	186	16.0	285.0	178.0	10	8.0	88.0	57.0	0	0	10.365145921707153	41920	4742.554047584534	38451	8.275286259541986	
-437516.6014087411	100.2625	10.721518987341772	150.25316455696202	95.88607594936708	-9.031005655387435	524	911	165	15.0	410.0	254.0	23	8.0	84.0	54.0	0	0	10.767260789871216	42000	4753.321308374405	38524	8.276190476190479	
-437523.556863326	104.325	10.949367088607595	152.0126582278481	96.9493670886076	-9.031005655387435	525	912	161	15.0	267.0	170.0	37	8.0	90.0	58.0	0	0	12.3695650100708	42080	4765.690873384476	38599	8.272338403041829	
-475036.34105884115	100.3375	10.807692307692308	148.32051282051282	94.82051282051282	-9.031005655387435	526	914	161	15.0	271.0	171.0	49	8.0	84.0	54.0	0	0	12.810598134994507	42160	4778.50147151947	38673	8.270872865275152	
-462522.9862994159	98.0375	11.125	154.35	98.55	-9.031005655387435	527	914	159	15	305	191	37	7	74	48	0	0	24.516679048538208	42240	4803.018150568008	38748	8.267045454545453	
-600019.4528563088	103.2875	11.177215189873417	150.55696202531647	96.21518987341773	-9.031005655387435	528	915	159	18.0	313.0	195.0	48	8.0	90.0	58.0	0	0	10.30940294265747	42320	4813.327553510666	38821	8.267958412098295	
-400035.77346461447	103.5875	11.15	157.2625	100.2875	-9.031005655387435	529	915	200	17	441	279	49	8	85	55	0	0	11.50152063369751	42400	4824.829074144363	38897	8.261792452830178	
-412524.7774606866	100.775	11.544303797468354	159.64556962025316	102.0253164556962	-9.031005655387435	530	916	180	17.0	329.0	199.0	31	8.0	87.0	56.0	0	0	10.849367618560791	42480	4835.678441762924	38969	8.26506591337099	
-500028.0498328641	102.825	11.189873417721518	148.08860759493672	95.0632911392405	-9.031005655387435	531	917	169	17.0	276.0	177.0	58	8.0	79.0	51.0	0	0	9.704451322555542	42560	4845.38289308548	39044	8.261278195488714	
-487525.7627553206	102.5125	11.15	158.3875	101.0	-9.031005655387435	532	917	165	16	419	251	53	8	93	60	0	0	11.242152452468872	42640	4856.625045537949	39120	8.255159474671672	
-425034.784890455	101.5375	10.721518987341772	143.873417721519	91.9746835443038	-9.031005655387435	533	918	177	16.0	253.0	154.0	19	7.0	82.0	53.0	0	0	9.006595373153687	42720	4865.631640911102	39195	8.251404494382015	
-437519.25225650053	106.1	10.582278481012658	148.67088607594937	94.50632911392405	-9.031005655387435	534	919	180	14.0	317.0	196.0	47	7.0	82.0	53.0	0	0	9.633426666259766	42800	4875.265067577362	39270	8.247663551401871	
-462518.49639470445	108.9875	10.9625	159.1	101.45	-9.031005655387435	535	919	182	17	441	279	49	8	92	59	0	0	9.46717619895935	42880	4884.732243776321	39344	8.24626865671641	
-512521.62240769743	104.6625	11.3	149.1	95.5625	-9.031005655387435	536	919	147	18	326	211	51	9	93	60	0	0	10.650232315063477	42960	4895.382476091385	39419	8.242551210428303	
-375043.6883817619	98.2125	10.875	149.0	95.225	-9.031005655387435	537	919	166	15	341	209	51	8	86	56	0	0	9.879963636398315	43040	4905.262439727783	39493	8.241171003717469	
-450019.7822892674	95.7	10.961538461538462	150.48717948717947	96.34615384615384	-9.030629315471504	538	921	153	15.0	305.0	188.0	51	8.0	88.0	57.0	0	0	10.375900745391846	43120	4915.638340473175	39564	8.246753246753244	
-500017.97591392323	98.675	11.3625	150.3625	96.3375	-9.030629315471504	539	921	189	15	244	152	42	8	87	56	0	0	10.700230121612549	43200	4926.338570594788	39639	8.243055555555557	
-575012.9418437637	94.3625	11.075949367088608	150.7594936708861	96.41772151898734	-9.030629315471504	540	922	153	18.0	334.0	217.0	51	8.0	96.0	62.0	0	0	12.18560004234314	43280	4938.524170637131	39714	8.23937153419594	
-462528.9828163665	95.5375	11.417721518987342	155.18987341772151	99.44303797468355	-9.030629315471504	541	923	148	21.0	333.0	215.0	36	8.0	90.0	58.0	0	0	10.904779434204102	43360	4949.428950071335	39789	8.235701107011067	
-575026.3332909865	99.475	11.430379746835444	154.78481012658227	99.0253164556962	-9.030629315471504	542	924	168	19.0	293.0	191.0	28	8.0	90.0	58.0	0	0	14.276979684829712	43440	4963.705929756165	39863	8.234346224677708	
-512527.15439451876	96.075	11.26923076923077	149.1153846153846	95.57692307692308	-9.030629315471504	543	926	154	19.0	336.0	211.0	28	8.0	79.0	51.0	0	0	23.13648772239685	43520	4986.842417478561	39936	8.235294117647058	
-537526.082932643	98.2	11.623376623376624	171.01298701298703	108.98701298701299	-9.030629315471504	544	929	166	19.0	337.0	211.0	28	8.0	93.0	60.0	0	0	12.94757890701294	43600	4999.789996385574	40007	8.2408256880734	
-412537.60616190097	98.8125	11.265822784810126	165.55696202531647	105.27848101265823	-9.030629315471504	545	930	159	16.0	297.0	180.0	45	8.0	90.0	58.0	0	0	12.8795645236969	43680	5012.669560909271	40082	8.237179487179489	
-475026.3959257273	99.5875	11.341772151898734	162.08860759493672	103.29113924050633	-9.030629315471504	546	931	148	18.0	331.0	215.0	48	8.0	79.0	51.0	0	0	14.117368221282959	43760	5026.786929130554	40157	8.233546617915906	
-575026.6383237152	96.675	11.602564102564102	151.84615384615384	97.57692307692308	-9.030629315471504	547	933	164	21.0	348.0	226.0	27	8.0	93.0	60.0	0	0	12.12143588066101	43840	5038.908365011215	40231	8.232208029197082	
-537520.8556004702	97.975	11.291139240506329	143.0	91.9113924050633	-9.030629315471504	548	934	140	16.0	289.0	181.0	56	8.0	79.0	51.0	0	0	10.649069786071777	43920	5049.557434797287	40306	8.228597449908932	
-400038.9659274245	98.8875	11.3875	150.7625	96.625	-9.030629315471504	549	934	182	15	489	307	39	8	84	54	0	0	10.801695346832275	44000	5060.359130144119	40380	8.227272727272734	
-450027.35896757897	97.3375	11.5625	152.825	97.9	-9.030629315471504	550	934	156	19	302	187	43	8	84	54	0	0	9.751956224441528	44080	5070.111086368561	40453	8.22822141560799	
-450024.8519064214	95.675	11.5875	148.3	95.4	-9.030629315471504	551	934	139	16	283	174	43	8	84	54	0	0	10.884937524795532	44160	5080.996023893356	40528	8.224637681159422	
-525023.5256644665	97.825	11.20253164556962	145.20253164556962	93.36708860759494	-9.030629315471504	552	935	184	16.0	283.0	174.0	12	8.0	85.0	55.0	0	0	11.236268997192383	44240	5092.232292890549	40603	8.221066907775764	
-450018.2804749436	97.825	11.151898734177216	144.39240506329114	92.60759493670886	-9.030629315471504	553	936	146	17.0	283.0	174.0	43	8.0	87.0	56.0	0	0	10.45972490310669	44320	5102.692017793655	40675	8.224277978339344	
-450031.5497506641	97.875	11.164556962025317	152.39240506329114	97.68354430379746	-9.030629315471504	554	937	176	17.0	342.0	215.0	12	8.0	84.0	54.0	0	0	12.236485481262207	44400	5114.928503274918	40750	8.22072072072072	
-425020.39581575355	99.8	11.3125	149.7125	96.1375	-9.030629315471504	555	937	176	16	318	198	59	7	80	52	0	0	13.398953199386597	44480	5128.327456474304	40826	8.214928057553962	
-487526.44268211565	99.95	11.113924050632912	144.8860759493671	92.9620253164557	-9.030629315471504	556	938	176	16.0	257.0	163.0	31	8.0	87.0	56.0	0	0	11.319069147109985	44560	5139.646525621414	40901	8.211400359066417	
-462521.2690429183	98.3125	10.525	137.275	87.9	-9.030629315471504	557	938	176	15	256	156	65	7	82	53	0	0	15.080664157867432	44640	5154.727189779282	40974	8.212365591397855	
-512528.8082397512	98.1875	10.73076923076923	147.1153846153846	93.96153846153847	-8.969557768333432	558	940	165	15.0	261.0	166.0	36	8.0	87.0	56.0	0	0	13.525735139846802	44720	5168.252924919128	41047	8.213327370304114	
-487522.14304481976	99.45	11.115384615384615	151.24358974358975	96.82051282051282	-8.969557768333432	559	942	188	18.0	312.0	191.0	32	8.0	85.0	55.0	0	0	11.891942501068115	44800	5180.1448674201965	41121	8.21205357142857	
-587517.6941357439	100.5875	10.6	143.1	91.55	-8.969557768333432	560	942	164	15	312	191	32	8	92	60	0	0	16.175379991531372	44880	5196.320247411728	41196	8.208556149732615	
-537515.5115562386	101.8125	10.746835443037975	141.873417721519	91.0	-8.969557768333432	561	943	172	15.0	334.0	207.0	24	8.0	87.0	56.0	0	0	13.924219608306885	44960	5210.244467020035	41271	8.205071174377224	
-375032.5065847037	98.8	10.925	153.45	98.0125	-8.969557768333432	562	943	130	16	395	243	66	8	79	51	0	0	13.655590295791626	45040	5223.900057315826	41345	8.203818827708716	
-562521.5669696585	97.05	10.925	146.225	93.7125	-8.969557768333432	563	943	108	16	302	193	88	8	79	51	0	0	11.527209520339966	45120	5235.427266836166	41419	8.202570921985824	
-512531.2193313569	97.5125	11.20253164556962	148.73417721518987	95.46835443037975	-8.969557768333432	564	944	138	18.0	441.0	279.0	58	8.0	96.0	62.0	0	0	9.27182126045227	45200	5244.699088096619	41492	8.203539823008853	
-450032.90743900475	97.775	10.60759493670886	147.7594936708861	94.51898734177215	-8.969557768333432	565	945	156	15.0	324.0	197.0	31	8.0	79.0	51.0	0	0	8.549941539764404	45280	5253.249029636383	41566	8.202296819787989	
-462528.2314769087	102.5875	11.192307692307692	152.46153846153845	97.8076923076923	-8.969557768333432	566	947	194	19.0	392.0	248.0	53	8.0	84.0	54.0	0	0	8.448179721832275	45360	5261.697209358215	41639	8.203262786596127	
-350035.01001474337	101.9625	11.4125	150.5375	96.6375	-8.957377132687995	567	947	194	17	300	187	48	8	95	61	0	0	8.726017951965332	45440	5270.423227310181	41714	8.199823943661983	
-487532.52966857125	99.55	11.0625	147.65	94.6125	-8.957377132687995	568	947	154	17	280	175	57	7	74	48	0	0	8.755231142044067	45520	5279.178458452225	41790	8.194200351493848	
-487524.58039267437	99.4	11.125	144.5875	92.7625	-8.957377132687995	569	947	147	15	280	175	69	8	90	58	0	0	8.657451391220093	45600	5287.835909843445	41863	8.195175438596493	
-512519.26422300393	97.2875	10.846153846153847	148.06410256410257	94.58974358974359	-8.957377132687995	570	949	160	15.0	289.0	181.0	36	7.0	74.0	48.0	0	0	8.496129512786865	45680	5296.332039356232	41937	8.193957968476369	
-425034.05842362193	99.6625	11.3125	149.475	95.825	-8.957377132687995	571	949	138	17	375	232	52	8	88	57	0	0	9.689166069030762	45760	5306.021205425262	42012	8.19055944055944	
-425025.58238942845	103.375	11.063291139240507	149.40506329113924	95.65822784810126	-8.956950774401168	572	950	171	17.0	323.0	198.0	47	8.0	79.0	51.0	0	0	7.913660526275635	45840	5313.934865951538	42086	8.189354275741707	
-462524.104145652	105.75	10.5875	139.35	89.25	-8.955775690801975	573	950	158	15	266	163	60	8	87	56	0	0	8.336737632751465	45920	5322.27160358429	42161	8.185975609756099	
-525016.2507321399	102.275	10.675	138.1375	88.575	-8.955775690801975	574	950	164	16	236	148	32	8	88	57	0	0	8.284176349639893	46000	5330.555779933929	42233	8.189130434782612	
-450023.28375634167	98.95	10.822784810126583	146.0379746835443	93.35443037974683	-8.955775690801975	575	951	183	16.0	286.0	181.0	32	8.0	80.0	52.0	0	0	9.627967834472656	46080	5340.183747768402	42307	8.187934027777771	
-425022.9261803121	99.85	10.873417721518987	137.46835443037975	88.39240506329114	-8.955775690801975	576	952	173	15.0	248.0	156.0	23	8.0	85.0	55.0	0	0	8.843591451644897	46160	5349.027339220047	42382	8.184575389948009	
-475024.4538929248	97.4375	11.0625	140.4625	90.2375	-8.955775690801975	577	952	148	15	292	188	58	8	94	61	0	0	8.48428463935852	46240	5357.5116238594055	42457	8.181228373702425	
-412522.772693114	100.4375	10.860759493670885	141.67088607594937	90.9620253164557	-8.955775690801975	578	953	154	15.0	430.0	265.0	64	8.0	87.0	56.0	0	0	8.304581642150879	46320	5365.816205501556	42528	8.186528497409327	
-475022.2798670501	97.8875	11.15	152.1625	97.375	-8.955775690801975	579	953	120	17	412	259	74	8	92	59	0	0	9.604130506515503	46400	5375.420336008072	42604	8.18103448275862	
-425036.7517168575	99.575	11.367088607594937	150.51898734177215	96.22784810126582	-8.955775690801975	580	954	179	16.0	313.0	195.0	17	8.0	90.0	58.0	0	0	8.853459596633911	46480	5384.273795604706	42678	8.179862306368335	
-375023.9440628559	97.55	11.325	151.025	96.7125	-8.955775690801975	581	954	135	19	319	207	70	8	87	56	0	0	8.918899774551392	46560	5393.192695379257	42754	8.17439862542956	
-562520.9441073757	99.175	10.91139240506329	146.51898734177215	93.82278481012658	-8.955775690801975	582	955	165	16.0	298.0	188.0	31	8.0	80.0	52.0	0	0	9.361584901809692	46640	5402.554280281067	42829	8.171097770154375	
-512523.7546415262	98.7625	11.60759493670886	160.59493670886076	102.88607594936708	-8.955775690801975	583	956	161	18.0	311.0	195.0	35	7.0	74.0	48.0	0	0	8.840230703353882	46720	5411.394510984421	42902	8.172089041095887	
-512517.4837385934	101.2	11.291139240506329	147.81012658227849	95.0632911392405	-8.955775690801975	584	957	148	17.0	254.0	161.0	48	8.0	79.0	51.0	0	0	8.796876192092896	46800	5420.191387176514	42976	8.17094017094017	
-475021.8710122897	100.75	11.3125	146.65	94.1	-8.955775690801975	585	957	157	15	331	209	39	8	90	58	0	0	8.620943784713745	46880	5428.812330961227	43052	8.165529010238899	
-375023.7370325504	100.075	11.025316455696203	152.59493670886076	97.58227848101266	-8.955775690801975	586	958	167	15.0	331.0	211.0	29	8.0	90.0	58.0	0	0	8.873151779174805	46960	5437.685482740402	43126	8.164395229982972	
-487525.2319238795	102.025	11.164556962025317	151.0253164556962	96.51898734177215	-8.955775690801975	587	959	167	15.0	320.0	203.0	45	8.0	79.0	51.0	0	0	9.108500003814697	47040	5446.793982744217	43201	8.161139455782319	
-550015.5337445522	98.875	11.272727272727273	143.63636363636363	92.27272727272727	-8.955775690801975	588	962	171	20.0	316.0	200.0	25	8.0	91.0	59.0	0	0	9.359169244766235	47120	5456.153151988983	43273	8.16426146010187	
-450025.4693901931	97.425	11.253164556962025	144.81012658227849	92.86075949367088	-8.955775690801975	589	963	170	17.0	290.0	181.0	53	8.0	90.0	58.0	0	0	9.95565938949585	47200	5466.108811378479	43348	8.16101694915254	
-575023.9078485379	94.1	10.844155844155845	136.05194805194805	87.58441558441558	-8.955775690801975	590	966	143	16.0	225.0	143.0	45	8.0	79.0	51.0	0	0	10.486634969711304	47280	5476.59544634819	43419	8.166243654822338	
-437534.30644281936	95.65	10.820512820512821	137.66666666666666	88.23076923076923	-8.955775690801975	591	968	158	16.0	292.0	181.0	22	7.0	74.0	48.0	0	0	8.999441146850586	47360	5485.594887495041	43493	8.165118243243242	
-512531.2087890947	110.3	11.240506329113924	145.69620253164558	93.29113924050633	-8.955775690801975	592	969	190	18.0	288.0	180.0	41	8.0	84.0	54.0	0	0	9.557045936584473	47440	5495.151933431625	43568	8.16188870151771	
-462523.12455649936	105.175	10.8125	140.3375	89.8375	-8.955775690801975	593	969	185	15	346	208	47	8	79	51	0	0	11.296169996261597	47520	5506.448103427887	43642	8.160774410774408	
-512535.37956561975	97.2	10.949367088607595	149.0253164556962	95.21518987341773	-8.955775690801975	594	970	158	17.0	506.0	313.0	47	8.0	85.0	55.0	0	0	9.000502109527588	47600	5515.448605537415	43716	8.159663865546221	
-337542.4275690642	97.7625	10.89873417721519	141.0379746835443	90.11392405063292	-8.955775690801975	595	971	158	15.0	285.0	181.0	21	8.0	84.0	54.0	0	0	9.175439596176147	47680	5524.624045133591	43791	8.15645973154362	
-537522.9573884141	99.975	10.924050632911392	152.32911392405063	97.0253164556962	-8.955775690801975	596	972	170	17.0	336.0	218.0	32	8.0	83.0	54.0	0	0	9.339321613311768	47760	5533.9633667469025	43866	8.153266331658287	
-562530.3685047295	99.1125	11.151898734177216	151.55696202531647	96.9113924050633	-8.955775690801975	597	973	192	17.0	316.0	198.0	50	8.0	87.0	56.0	0	0	9.937952995300293	47840	5543.901319742203	43941	8.150083612040135	
-425020.59245097823	101.2875	11.0375	143.4625	92.225	-8.955775690801975	598	973	153	17	264	169	50	8	79	51	0	0	9.552843809127808	47920	5553.454163551331	44017	8.14482470784641	
-462534.2710112462	105.1125	10.582278481012658	151.49367088607596	96.50632911392405	-8.955775690801975	599	974	222	15.0	269.0	168.0	21	8.0	79.0	51.0	0	0	9.648694038391113	48000	5563.102857589722	44092	8.141666666666666	
-425023.6171540756	102.7	10.784810126582279	148.50632911392404	95.07594936708861	-8.955775690801975	600	975	161	15.0	273.0	170.0	35	8.0	79.0	51.0	0	0	8.472099781036377	48080	5571.574957370758	44166	8.140599001663901	
-475020.8326108685	100.7625	11.08860759493671	153.46835443037975	98.0506329113924	-8.955775690801975	601	976	216	18.0	318.0	200.0	35	8.0	90.0	58.0	0	0	11.107693433761597	48160	5582.68265080452	44239	8.14161129568106	
-575023.681026286	100.4	11.531645569620252	155.64556962025316	99.69620253164557	-8.955775690801975	602	977	200	19.0	375.0	227.0	46	8.0	84.0	54.0	0	0	10.156896829605103	48240	5592.839547634125	44314	8.138474295190719	
-525020.4177817402	100.3125	11.480519480519481	165.4805194805195	105.57142857142857	-8.955775690801975	603	980	163	17.0	350.0	214.0	42	9.0	89.0	58.0	0	0	10.743142366409302	48320	5603.582690000534	44387	8.139486754966882	
-587519.4548921895	101.575	11.0875	154.4125	98.6875	-8.955775690801975	604	980	170	17	317	196	61	8	92	59	0	0	8.833767175674438	48400	5612.4164571762085	44463	8.134297520661164	
-400030.33683704643	96.675	11.10126582278481	146.8860759493671	93.87341772151899	-8.955775690801975	605	981	148	17.0	327.0	196.0	40	8.0	87.0	56.0	0	0	8.479953289031982	48480	5620.8964104652405	44536	8.135313531353134	
-387523.06849622534	102.1375	11.177215189873417	145.9746835443038	93.54430379746836	-8.955775690801975	606	982	148	17.0	314.0	199.0	49	8.0	90.0	58.0	0	0	8.168654918670654	48560	5629.065065383911	44609	8.136326194398677	
-525021.8698638296	98.7625	11.151898734177216	150.9240506329114	96.60759493670886	-8.955775690801975	607	983	167	15.0	253.0	161.0	34	8.0	92.0	59.0	0	0	7.875417947769165	48640	5636.94048333168	44681	8.13939144736841	
-475017.9169231942	100.2625	10.8875	139.6125	89.4875	-8.955775690801975	608	983	167	20	317	195	69	8	87	56	0	0	8.085369110107422	48720	5645.025852441788	44755	8.13834154351396	
-412530.5740988891	98.725	11.177215189873417	150.08860759493672	95.88607594936708	-8.955775690801975	609	984	142	17.0	292.0	181.0	54	8.0	85.0	55.0	0	0	8.483621835708618	48800	5653.509474277496	44825	8.145491803278688	
-437527.9443589651	97.3875	11.115384615384615	150.10256410256412	95.98717948717949	-8.955775690801975	610	986	158	18.0	277.0	168.0	38	8.0	85.0	55.0	0	0	8.305796384811401	48880	5661.815270662308	44899	8.144435351882166	
-487525.24299133057	104.675	11.835443037974683	159.9620253164557	102.46835443037975	-8.955775690801975	611	987	219	18.0	321.0	199.0	41	8.0	85.0	55.0	0	0	8.690075397491455	48960	5670.505346059799	44974	8.141339869281055	
-400037.4361226686	105.45	11.4125	151.875	97.4125	-8.955775690801975	612	987	161	17	276	175	25	8	97	63	0	0	9.210092544555664	49040	5679.715438604355	45049	8.13825448613376	
-400025.1259117012	104.85	11.6875	156.0	99.875	-8.955775690801975	613	987	155	17	292	181	48	9	97	63	0	0	8.563250541687012	49120	5688.278689146042	45123	8.137214983713363	
-425027.8442285789	104.2125	11.6	155.1	99.4875	-8.955775690801975	614	987	172	15	285	181	48	8	79	51	0	0	8.328514814376831	49200	5696.607203960419	45197	8.136178861788622	
-500017.0914766498	108.3625	11.725	161.6875	103.525	-8.955775690801975	615	987	183	17	293	182	57	8	90	58	0	0	8.554372549057007	49280	5705.161576509476	45272	8.133116883116884	
-475029.4542427644	114.6	11.367088607594937	159.25316455696202	101.73417721518987	-8.955775690801975	616	988	197	15.0	289.0	181.0	50	8.0	88.0	57.0	0	0	8.1967191696167	49360	5713.358295679092	45346	8.132090761750405	
-512527.9870522201	119.0625	10.95	158.4125	100.6125	-8.955775690801975	617	988	252	15	292	181	40	8	88	57	0	0	8.353612422943115	49440	5721.7119081020355	45422	8.127022653721681	
-350029.51470742084	109.875	11.325	154.6375	98.6375	-8.955775690801975	618	988	183	18	286	181	50	8	88	57	0	0	7.766937971115112	49520	5729.478846073151	45496	8.12600969305332	
-362532.0489061292	102.425	11.15	145.775	93.5	-8.955775690801975	619	988	183	16	263	161	58	7	74	48	0	0	8.184699773788452	49600	5737.663545846939	45571	8.122983870967744	
-512521.1461024533	100.025	10.8375	137.225	88.15	-8.955775690801975	620	988	141	15	256	161	55	7	74	48	0	0	7.74233865737915	49680	5745.405884504318	45646	8.119967793880832	
-450025.97936181596	96.4	11.243589743589743	143.83333333333334	92.34615384615384	-8.955775690801975	621	990	137	17.0	264.0	161.0	43	8.0	90.0	58.0	0	0	8.081684350967407	49760	5753.487568855286	45720	8.118971061093248	
-425031.59310902545	99.3625	11.5	159.575	102.1125	-8.955775690801975	622	990	138	16	313	195	64	8	88	57	0	0	8.728351354598999	49840	5762.215920209885	45796	8.1139646869984	
-475026.81308519247	98.375	11.4875	159.8375	101.9875	-8.955775690801975	623	990	148	21	410	251	48	8	87	56	0	0	7.850302219390869	49920	5770.0662224292755	45870	8.112980769230774	
-462522.11862276803	97.4375	11.461538461538462	153.05128205128204	98.1025641025641	-8.955775690801975	624	992	169	21.0	339.0	217.0	27	8.0	84.0	54.0	0	0	7.739926815032959	50000	5777.8061492443085	45943	8.114000000000004	
-500027.37203522364	96.3	11.746835443037975	154.63291139240508	99.31645569620254	-8.955775690801975	625	993	150	17.0	287.0	181.0	38	7.0	90.0	58.0	0	0	7.587248802185059	50080	5785.3933980464935	46017	8.113019169329078	
-525016.7286730738	96.325	11.5	161.7125	102.9875	-8.955775690801975	626	993	150	20	280	181	38	7	88	57	0	0	8.069816827774048	50160	5793.463214874268	46093	8.108054226475275	
-462521.6211298072	92.05	11.025316455696203	148.9746835443038	95.0886075949367	-8.955775690801975	627	994	159	16.0	353.0	220.0	38	7.0	79.0	51.0	0	0	8.192326068878174	50240	5801.655540943146	46167	8.107085987261144	
-462522.24289483705	96.9	10.986842105263158	147.23684210526315	94.13157894736842	-8.955775690801975	628	998	148	15.0	309.0	198.0	37	8.0	95.0	61.0	0	0	8.584228992462158	50320	5810.239769935608	46237	8.114069952305243	
-612518.4935852572	102.725	10.848101265822784	142.55696202531647	91.37974683544304	-8.955775690801975	629	999	203	15.0	292.0	181.0	43	8.0	90.0	58.0	0	0	8.394628763198853	50400	5818.634398698807	46311	8.11309523809524	
-437525.4931454731	97.7125	11.166666666666666	148.92307692307693	95.34615384615384	-8.955775690801975	630	1001	182	15.0	287.0	175.0	14	8.0	96.0	62.0	0	0	8.399995803833008	50480	5827.03439450264	46384	8.114104595879553	
-512519.309720718	99.1	11.5875	156.425	100.1625	-8.955775690801975	631	1001	182	17	400	245	43	8	79	51	0	0	8.760794162750244	50560	5835.79518866539	46459	8.111155063291136	
-425028.26351795084	97.525	11.417721518987342	158.53164556962025	101.20253164556962	-8.955775690801975	632	1002	157	16.0	345.0	215.0	39	8.0	90.0	58.0	0	0	8.865230798721313	50640	5844.660419464111	46534	8.108214849921012	
-500020.75178401824	98.5	11.5	153.9	98.6	-8.955775690801975	633	1002	146	16	258	161	56	7	74	48	0	0	8.668828964233398	50720	5853.329248428345	46610	8.103312302839115	
-437525.8060483271	97.8	12.1375	163.0625	104.6	-8.955775690801975	634	1002	146	21	352	227	72	8	92	59	0	0	8.488952159881592	50800	5861.818200588226	46685	8.100393700787407	
-450023.8789329945	97.225	11.544303797468354	154.0506329113924	98.82278481012658	-8.955775690801975	635	1003	152	20.0	330.0	211.0	44	8.0	93.0	60.0	0	0	8.857961416244507	50880	5870.676162004471	46760	8.09748427672956	
-537518.2577030382	97.375	11.3875	148.5875	95.075	-8.955775690801975	636	1003	158	18	323	197	38	8	84	54	0	0	9.883918523788452	50960	5880.560080528259	46834	8.096546310832025	
-375028.02667329926	95.4875	11.582278481012658	156.72151898734177	100.0	-8.955775690801975	637	1004	126	17.0	336.0	207.0	70	8.0	85.0	55.0	0	0	9.203466415405273	51040	5889.763546943665	46907	8.09757053291537	
-437526.72298227175	94.8	11.151898734177216	149.15189873417722	95.44303797468355	-8.955775690801975	638	1005	138	20.0	314.0	195.0	38	8.0	97.0	63.0	0	0	9.685158252716064	51120	5899.448705196381	46981	8.096635367762133	
-387517.988682673	96.1375	10.925	140.575	90.325	-8.955775690801975	639	1005	149	16	265	164	47	8	84	54	0	0	9.122941493988037	51200	5908.571646690369	47056	8.09375	
-475028.70401281724	93.175	11.105263157894736	147.8684210526316	94.59210526315789	-8.955775690801975	640	1009	135	18.0	314.0	195.0	27	8.0	79.0	51.0	0	0	8.854487657546997	51280	5917.426134347916	47128	8.096723868954754	
-362527.9888334904	92.1625	10.820512820512821	142.39743589743588	91.32051282051282	-8.955775690801975	641	1011	135	16.0	256.0	162.0	48	8.0	85.0	55.0	0	0	8.282945156097412	51360	5925.709079504013	47200	8.099688473520246	
-462529.6141159382	88.8625	11.243589743589743	152.05128205128204	97.35897435897436	-8.955775690801975	642	1013	132	17.0	282.0	183.0	34	8.0	100.0	65.0	0	0	9.092669248580933	51440	5934.801748752594	47274	8.098755832037327	
-400024.1771316803	88.2875	11.417721518987342	154.21518987341773	98.44303797468355	-8.955566286089404	643	1014	141	17.0	296.0	181.0	39	7.0	84.0	54.0	0	0	9.108344793319702	51520	5943.910093545914	47348	8.097826086956516	
-487521.9602603201	96.5125	11.474358974358974	152.65384615384616	97.75641025641026	-8.955566286089404	644	1016	170	18.0	436.0	268.0	29	8.0	90.0	58.0	0	0	8.34466814994812	51600	5952.254761695862	47421	8.098837209302317	
-487521.15535952465	98.225	11.225	146.7	94.025	-8.955566286089404	645	1016	158	16	280	175	47	8	84	54	0	0	8.82329773902893	51680	5961.078059434891	47496	8.095975232198143	
-437515.78014103964	101.95	11.935064935064934	166.2077922077922	106.24675324675324	-8.955566286089404	646	1019	171	18.0	328.0	202.0	29	8.0	98.0	63.0	0	0	8.941540002822876	51760	5970.019599437714	47568	8.098918083462138	
-550015.5247193391	100.6625	11.2	151.3	96.575	-8.955566286089404	647	1019	167	15	314	192	49	8	85	55	0	0	9.469463109970093	51840	5979.489062547684	47644	8.09413580246914	
-450024.3975053186	97.175	11.151898734177216	151.21518987341773	96.72151898734177	-8.955566286089404	648	1020	178	16.0	302.0	188.0	41	8.0	98.0	63.0	0	0	8.44052267074585	51920	5987.92958521843	47718	8.093220338983059	
-537523.3665333079	91.9375	11.151898734177216	145.13924050632912	93.11392405063292	-8.955566286089404	649	1021	123	20.0	280.0	182.0	41	8.0	79.0	51.0	0	0	8.09464144706726	52000	5996.024226665497	47792	8.092307692307685	
-437530.5281853643	93.45	10.784810126582279	141.16455696202533	90.36708860759494	-8.955566286089404	650	1022	129	18.0	241.0	151.0	21	8.0	80.0	52.0	0	0	9.321908712387085	52080	6005.346135377884	47865	8.093317972350235	
-400023.6037358461	95.05	11.405063291139241	152.69620253164558	97.68354430379746	-8.955566286089404	651	1023	130	18.0	317.0	200.0	65	7.0	74.0	48.0	0	0	9.939938068389893	52160	6015.286073446274	47937	8.096242331288337	
-450016.9063123936	94.3625	11.582278481012658	146.2405063291139	93.9746835443038	-8.955566286089404	652	1024	167	18.0	315.0	195.0	43	8.0	93.0	60.0	0	0	9.719707489013672	52240	6025.0057809352875	48011	8.095329249617151	
-487527.5524405233	93.5875	11.5125	154.9125	99.1375	-8.955566286089404	653	1024	154	18	296	190	42	8	88	57	0	0	10.069749593734741	52320	6035.075530529022	48086	8.092507645259943	
-475030.9101198789	88.925	11.181818181818182	145.80519480519482	93.59740259740259	-8.955566286089404	654	1027	164	18.0	297.0	187.0	32	8.0	88.0	57.0	0	0	8.825191259384155	52400	6043.900721788406	48156	8.099236641221381	
-475031.2436791511	88.9	10.779220779220779	143.27272727272728	91.24675324675324	-8.955566286089404	655	1030	154	16.0	441.0	264.0	42	8.0	80.0	52.0	0	0	9.881868600845337	52480	6053.782590389252	48227	8.104039634146346	
-462530.17695610673	90.65	10.594936708860759	138.45569620253164	88.64556962025317	-8.955566286089404	656	1031	155	16.0	313.0	195.0	18	8.0	84.0	54.0	0	0	9.115405559539795	52560	6062.8979959487915	48301	8.103120243531208	
-500026.23005710135	91.1625	11.166666666666666	145.48717948717947	93.33333333333333	-8.955566286089404	657	1033	147	17.0	328.0	213.0	40	7.0	74.0	48.0	0	0	8.77605652809143	52640	6071.674052476883	48374	8.104103343465042	
-462520.85866908	92.725	11.376623376623376	155.9090909090909	99.79220779220779	-8.955566286089404	658	1036	174	18.0	328.0	213.0	22	8.0	88.0	57.0	0	0	9.36650276184082	52720	6081.040555238724	48446	8.106980273141119	
-450015.4062431636	94.375	11.27027027027027	154.64864864864865	98.77027027027027	-8.955566286089404	659	1042	174	16.0	383.0	236.0	34	8.0	87.0	56.0	0	0	9.121946573257446	52800	6090.162501811981	48516	8.113636363636374	
-412524.0838294725	94.825	11.10126582278481	149.1772151898734	95.51898734177215	-8.955566286089404	660	1043	116	18.0	392.0	241.0	59	8.0	84.0	54.0	0	0	9.2427978515625	52880	6099.405299663544	48590	8.112708018154308	
-437525.9287860665	96.275	10.886075949367088	146.22784810126583	93.56962025316456	-8.955566286089404	661	1044	160	17.0	310.0	195.0	14	8.0	79.0	51.0	0	0	9.241883993148804	52960	6108.6471836566925	48665	8.10989425981873	
-562518.7192300586	98.975	11.15	151.6	96.925	-8.955566286089404	662	1044	144	17	400	250	60	8	90	58	0	0	9.651311159133911	53040	6118.298494815826	48740	8.107088989441934	
-562526.1435628283	98.525	11.4875	155.075	99.25	-8.955566286089404	663	1044	175	18	416	268	33	8	97	63	0	0	9.47300386428833	53120	6127.771498680115	48816	8.10240963855422	
-512522.1435845339	100.15	11.5375	157.8375	100.6375	-8.955566286089404	664	1044	153	18	315	196	43	8	84	54	0	0	9.173780679702759	53200	6136.9452793598175	48890	8.101503759398497	
-500015.234939939	97.0625	11.075	147.1	94.175	-8.955566286089404	665	1044	132	16	305	195	71	7	74	48	0	0	9.732110023498535	53280	6146.677389383316	48964	8.1006006006006	
-512519.36925609	98.0625	10.91139240506329	146.35443037974684	93.64556962025317	-8.955566286089404	666	1045	135	16.0	317.0	199.0	61	8.0	96.0	62.0	0	0	9.033330202102661	53360	6155.710719585419	49036	8.103448275862064	
-512532.7043354845	98.4875	10.6625	148.0375	94.2	-8.955566286089404	667	1045	149	16	346	208	47	8	87	56	0	0	9.805865049362183	53440	6165.516584634781	49112	8.098802395209574	
-550010.9910845004	96.5125	10.974683544303797	148.59493670886076	94.88607594936708	-8.955566286089404	668	1046	175	16.0	293.0	182.0	43	8.0	84.0	54.0	0	0	9.371651887893677	53520	6174.888236522675	49186	8.097907324364726	
-600016.7991316824	99.9	11.15	154.025	98.4625	-8.955566286089404	669	1046	242	17	282	178	31	8	87	56	0	0	9.109610080718994	53600	6183.997846603394	49260	8.09701492537313	
-450025.6356725103	99.55	11.371794871794872	156.48717948717947	100.15384615384616	-8.955566286089404	670	1048	190	16.0	276.0	174.0	14	7.0	82.0	53.0	0	0	9.222081899642944	53680	6193.2199285030365	49333	8.097988077496282	
-462524.3866725413	101.5375	11.775	163.05	104.25	-8.955566286089404	671	1048	161	16	299	184	52	8	79	51	0	0	9.412564277648926	53760	6202.632492780685	49406	8.098958333333329	
-462518.6410161763	102.625	11.375	158.9875	101.5	-8.955566286089404	672	1048	151	18	316	199	50	8	106	68	0	0	8.302117347717285	53840	6210.934610128403	49480	8.098068350668655	
-350038.31815785775	102.825	11.253164556962025	151.54430379746836	96.9367088607595	-8.955566286089404	673	1049	175	16.0	251.0	156.0	70	8.0	84.0	54.0	0	0	8.837292671203613	53920	6219.771902799606	49555	8.095326409495556	
-487521.7304471042	105.1125	10.974683544303797	151.08860759493672	96.49367088607595	-8.955566286089404	674	1050	175	16.0	315.0	191.0	57	8.0	90.0	58.0	0	0	9.517179250717163	54000	6229.2890820503235	49629	8.094444444444449	
-387520.43779293617	104.8125	10.9875	146.0	93.5875	-8.955566286089404	675	1050	175	16	303	193	45	8	92	59	0	0	8.88358736038208	54080	6238.172669410706	49703	8.093565088757387	
-425018.05760601687	100.95	10.782051282051283	144.52564102564102	92.5	-8.955566286089404	676	1052	173	15.0	276.0	174.0	48	8.0	84.0	54.0	0	0	9.247774600982666	54160	6247.420444011688	49776	8.094534711964556	
-437521.43655371387	98.775	10.846153846153847	141.9102564102564	91.01282051282051	-8.955566286089404	677	1054	167	15.0	212.0	134.0	29	8.0	79.0	51.0	0	0	10.04016637802124	54240	6257.4606103897095	49850	8.093657817109147	
-450021.99191989994	100.1375	10.8375	146.5375	93.675	-8.955566286089404	678	1054	194	18	315	195	71	8	85	55	0	0	9.851807832717896	54320	6267.312418222427	49922	8.096465390279832	
-437519.69831051084	98.7625	11.307692307692308	151.19230769230768	96.52564102564102	-8.955505009228805	679	1056	173	18.0	292.0	181.0	47	8.0	85.0	55.0	0	0	9.060371160507202	54400	6276.372789382935	49991	8.10477941176471	
-437523.56357480085	95.8625	10.907894736842104	147.75	94.35526315789474	-8.955505009228805	680	1060	155	15.0	289.0	181.0	41	8.0	79.0	51.0	0	0	8.720128774642944	54480	6285.0929181575775	50062	8.1093979441997	
-425020.1922377609	98.2625	10.544303797468354	142.8987341772152	91.34177215189874	-8.955505009228805	681	1061	163	16.0	243.0	151.0	33	8.0	85.0	55.0	0	0	8.74367618560791	54560	6293.836594343185	50134	8.112170087976551	
-500017.5578091288	98.75	10.975	146.675	93.875	-8.955505009228805	682	1061	127	16	293	182	69	8	85	55	0	0	9.82560658454895	54640	6303.662200927734	50208	8.111273792093712	
-487531.82705544995	99.725	10.987341772151899	150.27848101265823	95.9367088607595	-8.955505009228805	683	1062	151	18.0	275.0	172.0	45	8.0	85.0	55.0	0	0	9.617825269699097	54720	6313.2800261974335	50283	8.108552631578945	
-375025.1679747299	99.4375	12.051282051282051	169.24358974358975	108.21794871794872	-8.955505009228805	684	1064	149	21.0	512.0	330.0	47	8.0	85.0	55.0	0	0	9.262799739837646	54800	6322.542825937271	50357	8.107664233576642	
-537518.9343541854	103.4125	11.240506329113924	150.30379746835442	96.16455696202532	-8.955505009228805	685	1065	163	16.0	276.0	172.0	38	8.0	92.0	59.0	0	0	8.784885168075562	54880	6331.327711105347	50432	8.10495626822157	
-487531.2470347433	100.8125	11.569620253164556	158.81012658227849	101.60759493670886	-8.955505009228805	686	1066	161	16.0	297.0	186.0	38	8.0	84.0	54.0	0	0	9.72929859161377	54960	6341.05700969696	50506	8.104075691411936	
-412528.81802941405	102.1	11.692307692307692	165.64102564102564	105.78205128205128	-8.955505009228805	687	1068	195	18.0	292.0	189.0	19	9.0	90.0	58.0	0	0	8.966756582260132	55040	6350.023766279221	50579	8.105014534883722	
-462523.1159261122	99.775	11.126582278481013	156.70886075949366	99.89873417721519	-8.955505009228805	688	1069	147	15.0	278.0	174.0	54	7.0	82.0	53.0	0	0	8.523655652999878	55120	6358.5474219322205	50654	8.102322206095792	
-487511.629159713	100.5375	11.142857142857142	158.14285714285714	101.0	-8.955505009228805	689	1072	190	15.0	340.0	209.0	23	8.0	96.0	62.0	0	0	9.072289228439331	55200	6367.61971116066	50725	8.106884057971016	
-525019.7438102246	99.0375	11.43421052631579	155.51315789473685	99.71052631578948	-8.955505009228805	690	1076	181	15.0	340.0	209.0	15	8.0	79.0	51.0	0	0	9.056299209594727	55280	6376.6760103702545	50794	8.115050651230106	
-550023.2890185744	96.625	11.202702702702704	147.0810810810811	94.36486486486487	-8.955505009228805	691	1082	173	17.0	343.0	215.0	23	8.0	84.0	54.0	0	0	9.99494743347168	55360	6386.670957803726	50863	8.1231936416185	
-450033.2952754287	102.3125	11.531645569620252	158.68354430379748	101.59493670886076	-8.955505009228805	692	1083	162	20.0	348.0	217.0	34	8.0	90.0	58.0	0	0	10.170382976531982	55440	6396.841340780258	50938	8.120490620490614	
-500022.7616079201	102.1	11.45	150.9125	96.95	-8.955505009228805	693	1083	158	16	328	207	34	8	79	51	0	0	10.32252550125122	55520	6407.163866281509	51014	8.115994236311238	
-562521.6681129059	103.5	11.307692307692308	153.47435897435898	98.14102564102564	-8.955505009228805	694	1085	179	19.0	337.0	212.0	21	8.0	79.0	51.0	0	0	9.188055753707886	55600	6416.351922035217	51087	8.11690647482014	
-525021.3356633375	100.7125	11.441558441558442	160.76623376623377	102.84415584415585	-8.955505009228805	695	1088	160	17.0	360.0	229.0	21	8.0	85.0	55.0	0	0	9.482267379760742	55680	6425.834189414978	51160	8.117816091954026	
-475023.6722943792	100.4375	11.772151898734178	158.73417721518987	101.70886075949367	-8.955505009228805	696	1089	158	18.0	357.0	222.0	60	8.0	84.0	54.0	0	0	9.727313041687012	55760	6435.561502456665	51234	8.11692969870876	
-512522.25216873287	98.0	11.759493670886076	156.08860759493672	100.0253164556962	-8.955505009228805	697	1090	133	18.0	310.0	193.0	63	8.0	90.0	58.0	0	0	9.19180703163147	55840	6444.7533094882965	51308	8.116045845272197	
-425030.7080056673	97.05	11.8625	155.05	99.6	-8.955505009228805	698	1090	151	19	349	224	45	8	85	55	0	0	9.009210109710693	55920	6453.762519598007	51384	8.111587982832617	
-462523.7539457738	98.0125	11.544303797468354	154.53164556962025	99.21518987341773	-8.955505009228805	699	1091	142	16.0	330.0	214.0	54	8.0	79.0	51.0	0	0	9.50886607170105	56000	6463.271385669708	51458	8.11071428571428	
-512527.68572356924	98.1875	11.7125	155.5	99.7	-8.955505009228805	700	1091	159	18	314	195	37	7	82	53	0	0	9.341181516647339	56080	6472.612567186356	51534	8.106276747503571	
-500020.73241970444	96.375	11.974358974358974	162.0897435897436	103.88461538461539	-8.955505009228805	701	1093	172	17.0	328.0	208.0	24	8.0	85.0	55.0	0	0	9.480131387710571	56160	6482.092698574066	51608	8.105413105413106	
-462519.4275992246	100.75	11.924050632911392	161.0506329113924	103.34177215189874	-8.955505009228805	702	1094	165	18.0	295.0	186.0	52	8.0	88.0	57.0	0	0	8.852285146713257	56240	6490.944983720779	51682	8.104551920341393	
-550020.1041113122	99.575	11.5125	154.15	98.8625	-8.955505009228805	703	1094	167	16	268	170	29	8	97	63	0	0	10.077894926071167	56320	6501.022878646851	51758	8.100142045454547	
-462531.52021879796	98.5375	11.50632911392405	153.72151898734177	98.51898734177215	-8.955505009228805	704	1095	172	16.0	317.0	199.0	31	8.0	90.0	58.0	0	0	9.999037981033325	56400	6511.021916627884	51833	8.097517730496449	
-500018.8017933203	99.6	11.721518987341772	154.67088607594937	99.27848101265823	-8.955505009228805	705	1096	162	16.0	305.0	193.0	34	7.0	74.0	48.0	0	0	10.039405584335327	56480	6521.061322212219	51908	8.094900849858362	
-475022.46773254697	100.4	11.227848101265822	147.41772151898735	94.50632911392405	-8.955505009228805	706	1097	154	14.0	272.0	171.0	54	8.0	79.0	51.0	0	0	10.479073762893677	56560	6531.540395975113	51983	8.09229137199435	
-400032.3183492381	99.5875	11.4	154.4125	98.8	-8.955505009228805	707	1097	203	15	310	193	22	8	88	57	0	0	10.292024612426758	56640	6541.83242058754	52059	8.087923728813564	
-412521.7543274985	100.1125	11.6	163.8	104.5	-8.955505009228805	708	1097	203	17	320	203	25	8	93	60	0	0	10.222897291183472	56720	6552.055317878723	52134	8.085331452750353	
-475023.0979287425	100.25	11.455696202531646	157.37974683544303	100.87341772151899	-8.955505009228805	709	1098	203	20.0	539.0	339.0	29	7.0	74.0	48.0	0	0	9.459171056747437	56800	6561.514488935471	52209	8.082746478873233	
-462522.2734002665	96.8125	11.423076923076923	154.60256410256412	99.05128205128206	-8.955505009228805	710	1100	157	17.0	289.0	181.0	39	7.0	82.0	53.0	0	0	9.683825254440308	56880	6571.198314189911	52283	8.081926863572434	
-375028.4792950891	101.975	11.448717948717949	154.66666666666666	98.94871794871794	-8.955505009228805	711	1102	158	17.0	290.0	178.0	38	9.0	100.0	65.0	0	0	10.323067426681519	56960	6581.521381616592	52357	8.081109550561791	
-462523.6401286186	99.875	11.225	144.425	92.6625	-8.955505009228805	712	1102	171	15	335	211	50	8	79	51	0	0	9.549098491668701	57040	6591.070480108261	52429	8.083800841514716	
-537521.3809290301	98.2875	11.49367088607595	153.65822784810126	98.39240506329114	-8.955505009228805	713	1103	196	15.0	317.0	198.0	25	8.0	90.0	58.0	0	0	10.176408767700195	57120	6601.246888875961	52504	8.081232492997202	
-475027.89725817647	99.5625	11.746835443037975	153.44303797468353	98.45569620253164	-8.955505009228805	714	1104	207	17.0	297.0	188.0	33	8.0	87.0	56.0	0	0	10.013609886169434	57200	6611.260498762131	52578	8.080419580419587	
-500030.15226214624	99.3625	11.6625	158.85	101.725	-8.955505009228805	715	1104	171	18	372	232	53	8	79	51	0	0	9.133044481277466	57280	6620.393543243408	52654	8.076117318435749	
-437526.7995621938	97.2125	11.525	162.65	103.7875	-8.955505009228805	716	1104	139	16	323	198	57	8	85	55	0	0	10.04941701889038	57360	6630.442960262299	52728	8.075313807531387	
-512515.225195883	95.275	10.9875	145.0625	93.15	-8.955505009228805	717	1104	145	15	295	181	56	7	82	53	0	0	9.4693124294281	57440	6639.912272691727	52803	8.07277158774373	
-462533.02852931747	98.325	11.6	153.925	98.7875	-8.955505009228805	718	1104	140	16	373	227	56	8	84	54	0	0	10.677483558654785	57520	6650.5897562503815	52878	8.070236439499297	
-512517.78250809724	99.8625	11.363636363636363	150.93506493506493	96.81818181818181	-8.955505009228805	719	1107	167	15.0	279.0	179.0	29	8.0	79.0	51.0	0	0	8.710174560546875	57600	6659.299930810928	52951	8.071180555555557	
-400027.8166061406	99.125	11.227848101265822	158.0126582278481	101.0253164556962	-8.955505009228805	720	1108	154	15.0	318.0	198.0	29	8.0	80.0	52.0	0	0	9.598620414733887	57680	6668.898551225662	53026	8.068654646324546	
-437531.4016366734	98.4875	11.35897435897436	152.89743589743588	97.88461538461539	-8.955505009228805	721	1110	160	16.0	443.0	274.0	65	8.0	80.0	52.0	0	0	11.272513151168823	57760	6680.171064376831	53099	8.06959833795014	
-487520.3681985345	98.725	11.551282051282051	149.15384615384616	95.83333333333333	-8.955505009228805	722	1112	128	18.0	300.0	193.0	74	8.0	96.0	62.0	0	0	10.002829790115356	57840	6690.173894166946	53173	8.068810511756581	
-450027.2330908021	99.175	11.363636363636363	152.8181818181818	97.85714285714286	-8.955505009228805	723	1115	130	15.0	290.0	181.0	66	8.0	86.0	56.0	0	0	9.971461057662964	57920	6700.145355224609	53243	8.074930939226519	
-362528.93082938046	97.6875	11.139240506329115	147.63291139240508	94.73417721518987	-8.955505009228805	724	1116	155	19.0	392.0	249.0	41	7.0	74.0	48.0	0	0	9.917684078216553	58000	6710.063039302826	53318	8.07241379310345	
-550016.4296581711	97.1625	11.3125	143.5	92.1625	-8.955505009228805	725	1116	149	15	293	182	47	8	84	54	0	0	9.378352165222168	58080	6719.441391468048	53394	8.068181818181813	
-425034.4506094557	95.9125	11.3625	146.65	94.075	-8.955505009228805	726	1116	148	15	238	151	48	8	79	51	0	0	10.414012908935547	58160	6729.855404376984	53470	8.063961485557087	
-500027.3579460733	96.05	11.037974683544304	142.35443037974684	91.32911392405063	-8.955505009228805	727	1117	156	15.0	293.0	182.0	38	8.0	79.0	51.0	0	0	8.727795839309692	58240	6738.583200216293	53544	8.063186813186817	
-575022.4653267531	97.3875	11.379746835443038	154.48101265822785	98.64556962025317	-8.955505009228805	728	1118	141	16.0	377.0	231.0	60	8.0	84.0	54.0	0	0	9.54285454750061	58320	6748.126054763794	53618	8.062414266117969	
-525025.7840322468	96.2875	10.87012987012987	148.2987012987013	94.59740259740259	-8.955505009228805	729	1121	189	15.0	347.0	209.0	50	8.0	90.0	58.0	0	0	8.218094110488892	58400	6756.344148874283	53690	8.06506849315069	
-387532.4967405895	102.2125	11.240506329113924	154.55696202531647	98.70886075949367	-8.955505009228805	730	1122	189	17.0	347.0	209.0	16	8.0	94.0	61.0	0	0	8.82773756980896	58480	6765.171886444092	53765	8.062585499316015	
-437524.87213709357	103.95	11.325	147.3875	94.5625	-8.955505009228805	731	1122	199	15	313	192	28	8	87	56	0	0	8.531007289886475	58560	6773.702893733978	53839	8.061816939890704	
-525024.3156584137	99.8375	11.417721518987342	150.1139240506329	96.31645569620254	-8.955505009228805	732	1123	165	15.0	249.0	157.0	31	8.0	84.0	54.0	0	0	8.510580778121948	58640	6782.2134745121	53914	8.059345156889492	
-450032.3312494946	100.2375	11.15	149.7625	95.9375	-8.955505009228805	733	1123	150	19	319	207	46	8	79	51	0	0	8.794028520584106	58720	6791.007503032684	53990	8.055177111716617	
-525020.9604824486	99.7375	11.45	154.3375	98.9375	-8.955505009228805	734	1123	142	15	299	187	55	8	84	54	0	0	10.96770715713501	58800	6801.975210189819	54065	8.052721088435376	
-525019.4315188571	98.35	11.346153846153847	152.37179487179486	97.75641025641026	-8.955505009228805	735	1125	140	15.0	277.0	173.0	62	8.0	87.0	56.0	0	0	10.729039669036865	58880	6812.704249858856	54137	8.055366847826079	
-487519.4686908665	95.825	11.8125	155.675	99.8375	-8.955505009228805	736	1125	160	20	277	174	36	9	93	60	0	0	10.056864976882935	58960	6822.761114835739	54212	8.052917232021713	
-512515.9503242664	99.375	12.013157894736842	162.31578947368422	103.72368421052632	-8.955505009228805	737	1129	160	19.0	465.0	283.0	56	9.0	97.0	63.0	0	0	10.182926893234253	59040	6832.944041728973	54284	8.055555555555557	
-400027.684535205	98.1875	11.2375	148.4125	94.9875	-8.955505009228805	738	1129	153	20	292	182	43	8	80	52	0	0	8.548455238342285	59120	6841.492496967316	54360	8.05142083897158	
-375025.7820643367	99.925	10.792207792207792	138.9090909090909	88.8051948051948	-8.955505009228805	739	1132	168	15.0	331.0	202.0	28	7.0	82.0	53.0	0	0	8.886610984802246	59200	6850.379107952118	54432	8.054054054054049	
-387530.3727182743	97.6875	10.734177215189874	140.30379746835442	89.87341772151899	-8.955505009228805	740	1133	124	15.0	279.0	179.0	72	8.0	79.0	51.0	0	0	9.002331733703613	59280	6859.3814396858215	54504	8.05668016194332	
-437520.86731722654	94.5625	11.179487179487179	156.4102564102564	100.0	-8.955505009228805	741	1135	155	17.0	377.0	241.0	16	8.0	96.0	62.0	0	0	10.35883092880249	59360	6869.740270614624	54577	8.057614555256066	
-525016.955481582	98.625	11.0125	150.8375	96.15	-8.955505009228805	742	1135	145	16	387	236	51	8	90	58	0	0	9.76690936088562	59440	6879.50717997551	54652	8.055181695827727	
-487523.8491902206	96.1375	11.544303797468354	154.37974683544303	98.77215189873418	-8.955505009228805	743	1136	142	18.0	289.0	181.0	59	8.0	100.0	65.0	0	0	9.33254885673523	59520	6888.839728832245	54725	8.056115591397855	
-475025.294741986	94.7	11.714285714285714	149.14285714285714	96.0	-8.955505009228805	744	1139	156	20.0	302.0	196.0	42	8.0	90.0	58.0	0	0	9.527554512023926	59600	6898.367283344269	54798	8.057046979865774	
-475026.0758009551	95.2	11.425	154.8125	99.1125	-8.955505009228805	745	1139	145	16	302	184	58	8	90	58	0	0	9.70621132850647	59680	6908.073494672775	54874	8.05294906166219	
-400036.23513872473	98.75	11.35	159.2	101.5625	-8.955505009228805	746	1139	160	16	313	193	26	8	85	55	0	0	9.77564287185669	59760	6917.849137544632	54950	8.048862115127179	
-450023.866351697	93.625	11.375	153.6625	98.3375	-8.955505009228805	747	1139	153	19	410	263	36	8	85	55	0	0	9.870110511779785	59840	6927.719248056412	55026	8.044786096256686	
-425025.9305978382	99.45	11.354430379746836	149.51898734177215	96.12658227848101	-8.955505009228805	748	1140	170	15.0	360.0	229.0	38	7.0	82.0	53.0	0	0	9.486266136169434	59920	6937.205514192581	55100	8.044058744993322	
-512522.2395024551	98.425	11.423076923076923	152.60256410256412	97.8076923076923	-8.955505009228805	749	1142	158	17.0	293.0	182.0	22	8.0	84.0	54.0	0	0	9.242767333984375	60000	6946.448281526566	55174	8.043333333333337	
-500022.3247745582	98.3375	11.307692307692308	146.56410256410257	94.03846153846153	-8.955505009228805	750	1144	158	18.0	312.0	191.0	22	8.0	84.0	54.0	0	0	8.684520721435547	60080	6955.132802248001	55248	8.042609853528631	
-375040.5083707137	102.05	11.6125	161.9625	103.2375	-8.955505009228805	751	1144	146	16	312	191	63	8	97	63	0	0	10.430821895599365	60160	6965.5636241436005	55324	8.038563829787236	
-412534.21056766424	101.25	11.575	155.3	99.3125	-8.955505009228805	752	1144	169	16	334	202	54	8	90	58	0	0	9.48367977142334	60240	6975.047303915024	55400	8.034528552456848	
-537521.7621852768	99.8625	11.39240506329114	153.2405063291139	98.16455696202532	-8.955505009228805	753	1145	146	21.0	373.0	241.0	56	8.0	85.0	55.0	0	0	10.049336433410645	60320	6985.096640348434	55474	8.033819628647208	
-500028.8884250025	97.6625	11.012820512820513	148.52564102564102	95.37179487179488	-8.955505009228805	754	1147	178	19.0	315.0	204.0	18	7.0	82.0	53.0	0	0	9.332229137420654	60400	6994.428869485855	55547	8.034768211920522	
-637514.5189390107	96.2875	11.405063291139241	157.55696202531647	100.67088607594937	-8.955505009228805	755	1148	136	19.0	334.0	214.0	60	8.0	85.0	55.0	0	0	10.821961879730225	60480	7005.250831365585	55621	8.034060846560848	
-450017.3553832642	98.075	11.0875	141.0375	90.6625	-8.955505009228805	756	1148	142	18	271	175	56	8	79	51	0	0	10.134062051773071	60560	7015.384893417358	55697	8.030052840158518	
-487522.92382020736	97.0125	11.253164556962025	150.58227848101265	96.58227848101266	-8.955505009228805	757	1149	134	17.0	269.0	170.0	67	8.0	87.0	56.0	0	0	9.541963815689087	60640	7024.9268572330475	55772	8.02770448548813	
-462521.79148326034	97.0	10.975	138.4375	89.1125	-8.955505009228805	758	1149	129	15	288	181	67	8	84	54	0	0	8.09925651550293	60720	7033.02611374855	55846	8.027009222661391	
-525016.7762333909	98.5	11.012658227848101	142.84810126582278	91.78481012658227	-8.955505009228805	759	1150	152	15.0	285.0	178.0	36	8.0	79.0	51.0	0	0	9.459543943405151	60800	7042.485657691956	55918	8.02960526315789	
-450026.6769114917	98.85	11.265822784810126	154.46835443037975	98.74683544303798	-8.955505009228805	760	1151	130	15.0	420.0	258.0	68	8.0	84.0	54.0	0	0	10.51192331314087	60880	7052.997581005096	55991	8.030551905387654	
-400022.19706611434	99.0	10.7375	142.4125	91.275	-8.955505009228805	761	1151	144	15	280	181	52	8	91	59	0	0	9.921861410140991	60960	7062.919442415237	56066	8.028215223097106	
-550017.2458236846	100.575	10.875	146.4	93.775	-8.955505009228805	762	1151	162	16	308	199	34	8	84	54	0	0	9.422359228134155	61040	7072.341801643372	56142	8.024246395806031	
-462530.13200352463	99.95	10.897435897435898	148.60256410256412	94.88461538461539	-8.955505009228805	763	1153	154	16.0	454.0	279.0	42	8.0	90.0	58.0	0	0	8.627726554870605	61120	7080.969528198242	56215	8.025196335078533	
-462532.3478299806	101.275	10.8	143.2625	91.9	-8.955505009228805	764	1153	161	17	283	177	52	8	85	55	0	0	9.753438949584961	61200	7090.722967147827	56291	8.021241830065364	
-425022.31035839766	102.2125	11.0875	145.45	93.175	-8.955505009228805	765	1153	164	17	393	244	70	8	84	54	0	0	9.820160865783691	61280	7100.543128013611	56365	8.020561357702348	
-400025.0199193771	101.375	10.810126582278482	139.0126582278481	89.15189873417721	-8.955505009228805	766	1154	157	16.0	329.0	206.0	39	7.0	90.0	58.0	0	0	8.597705841064453	61360	7109.140833854675	56438	8.021512385919166	
-425020.3179179674	108.8875	11.39240506329114	155.51898734177215	99.73417721518987	-8.955505009228805	767	1155	177	20.0	282.0	182.0	51	7.0	82.0	53.0	0	0	10.16543173789978	61440	7119.306265592575	56511	8.0224609375	
-500021.7319421116	106.65	11.253164556962025	152.36708860759492	97.9367088607595	-8.955505009228805	768	1156	222	20.0	279.0	182.0	34	8.0	84.0	54.0	0	0	9.988755226135254	61520	7129.29502081871	56586	8.020156046814037	
-450030.0803870835	108.5125	10.79746835443038	143.55696202531647	91.84810126582279	-8.955505009228805	769	1157	186	16.0	361.0	221.0	5	8.0	90.0	58.0	0	0	9.919923067092896	61600	7139.214943885803	56660	8.01948051948051	
-637510.2450256556	107.0375	11.207792207792208	154.4935064935065	98.74025974025975	-8.955505009228805	770	1160	191	16.0	345.0	209.0	43	7.0	82.0	53.0	0	0	9.351719379425049	61680	7148.566663265228	56732	8.022049286640737	
-537518.6920318708	105.875	11.569620253164556	156.91139240506328	100.75949367088607	-8.955505009228805	771	1161	157	19.0	385.0	250.0	53	7.0	82.0	53.0	0	0	9.550985097885132	61760	7158.117648363113	56807	8.019753886010363	
-387529.94255011587	103.025	10.962025316455696	146.40506329113924	93.9493670886076	-8.955505009228805	772	1162	162	17.0	294.0	182.0	34	8.0	79.0	51.0	0	0	9.323216676712036	61840	7167.440865039825	56881	8.019081500646834	
-412521.9349850459	106.65	11.375	152.25	97.7125	-8.955505009228805	773	1162	162	18	280	178	60	7	82	53	0	0	9.840739965438843	61920	7177.281605005264	56955	8.018410852713174	
-450024.1664732766	110.025	10.923076923076923	158.0	100.84615384615384	-8.955505009228805	774	1164	238	18.0	356.0	229.0	29	7.0	74.0	48.0	0	0	9.919097661972046	62000	7187.200702667236	57027	8.020967741935479	
-400026.12740905565	123.9875	10.820512820512821	160.62820512820514	102.34615384615384	-8.923220724151099	775	1166	243	14.0	316.0	199.0	45	7.0	82.0	53.0	0	0	10.330700635910034	62080	7197.531403303146	57100	8.021907216494853	
-475034.2668516763	122.1875	11.275	160.9625	102.8375	-8.923220724151099	776	1166	260	16	362	228	70	8	97	63	0	0	11.093394994735718	62160	7208.624798297882	57171	8.02606177606178	
-450024.1005605206	119.0875	11.215189873417721	156.69620253164558	100.20253164556962	-8.923220724151099	777	1167	272	18.0	306.0	197.0	33	8.0	84.0	54.0	0	0	11.854577541351318	62240	7220.479375839233	57245	8.025385604113112	
-525027.9248180612	113.0875	11.341772151898734	163.65822784810126	104.77215189873418	-8.923220724151099	778	1168	279	19.0	394.0	249.0	38	8.0	97.0	63.0	0	0	10.446407318115234	62320	7230.925783157349	57320	8.023106546854947	
-500025.6428621875	118.825	10.8625	156.9625	100.2375	-8.923220724151099	779	1168	352	19	391	240	60	8	96	62	0	0	10.38086462020874	62400	7241.306647777557	57395	8.020833333333329	
-425031.07814309	113.8375	10.645569620253164	154.0632911392405	98.40506329113924	-8.923220724151099	780	1169	356	16.0	429.0	267.0	49	8.0	87.0	56.0	0	0	9.477027654647827	62480	7250.783675432205	57469	8.020166453265048	
-425023.99465798866	104.5625	10.734177215189874	139.9493670886076	89.74683544303798	-8.923220724151099	781	1170	158	16.0	278.0	174.0	55	8.0	85.0	55.0	0	0	8.748526573181152	62560	7259.532202005386	57543	8.019501278772381	
-425024.82629466354	96.75	11.246753246753247	156.80519480519482	100.11688311688312	-8.923220724151099	782	1173	143	17.0	420.0	261.0	32	8.0	93.0	60.0	0	0	10.117548704147339	62640	7269.649750709534	57616	8.020434227330782	
-500028.3859167391	96.0875	11.192307692307692	156.73076923076923	100.2948717948718	-8.923220724151099	783	1175	143	16.0	299.0	184.0	52	8.0	93.0	60.0	0	0	9.394102573394775	62720	7279.0438532829285	57689	8.021364795918359	
-500027.43339262606	94.35	11.61038961038961	154.6883116883117	99.23376623376623	-8.923220724151099	784	1178	135	19.0	299.0	184.0	48	8.0	79.0	51.0	0	0	12.89077877998352	62800	7291.934632062912	57761	8.023885350318466	
-425025.09275178483	94.6375	11.03896103896104	151.88311688311688	97.0	-8.923220724151099	785	1181	178	15.0	377.0	232.0	18	8.0	85.0	55.0	0	0	11.3685781955719	62880	7303.303210258484	57833	8.026399491094153	
-462526.3192374703	100.1875	11.337662337662337	152.4025974025974	97.57142857142857	-8.923220724151099	786	1184	145	15.0	419.0	261.0	61	8.0	87.0	56.0	0	0	12.178217887878418	62960	7315.481428146362	57904	8.030495552731892	
-450026.6992794998	98.675	11.594936708860759	157.0506329113924	100.55696202531645	-8.923220724151099	787	1185	195	18.0	459.0	289.0	13	8.0	79.0	51.0	0	0	9.713147401809692	63040	7325.194575548172	57978	8.029822335025386	
-537524.2790331191	96.125	11.467532467532468	155.27272727272728	99.37662337662337	-8.923220724151099	788	1188	194	16.0	315.0	198.0	10	8.0	79.0	51.0	0	0	8.95234990119934	63120	7334.146925449371	58051	8.030735107731303	
-450029.197467428	98.9875	11.5375	155.05	99.3875	-8.923220724151099	789	1188	203	15	260	165	72	9	97	63	0	0	10.387002944946289	63200	7344.533928394318	58127	8.026898734177209	
-575017.4610595384	97.075	11.223684210526315	147.56578947368422	94.75	-8.923220724151099	790	1192	160	15.0	360.0	224.0	29	8.0	87.0	56.0	0	0	9.978363037109375	63280	7354.512291431427	58199	8.029393173198486	
-500022.938014175	100.35	11.329113924050633	141.16455696202533	90.9113924050633	-8.923220724151099	791	1193	184	16.0	209.0	134.0	29	8.0	92.0	59.0	0	0	9.030508041381836	63360	7363.542799472809	58273	8.02872474747474	
-562526.1338937471	99.8375	11.354430379746836	143.27848101265823	92.11392405063292	-8.923220724151099	792	1194	188	16.0	318.0	203.0	45	8.0	90.0	58.0	0	0	10.08893632888794	63440	7373.631735801697	58347	8.028058007566202	
-412525.1542351222	103.675	11.10126582278481	148.54430379746836	95.16455696202532	-8.923220724151099	793	1195	238	15.0	235.0	145.0	49	8.0	93.0	60.0	0	0	9.42118215560913	63520	7383.052917957306	58420	8.028967254408059	
-425020.8395078707	114.8	11.5875	149.275	95.9125	-8.923220724151099	794	1195	238	15	275	173	38	9	90	58	0	0	9.82744574546814	63600	7392.880363702774	58493	8.029874213836479	
-425020.33379819186	119.9375	11.75	150.3	96.5625	-8.923220724151099	795	1195	238	21	269	165	56	7	82	53	0	0	10.600192308425903	63680	7403.4805560112	58568	8.027638190954775	
-600016.5471783243	115.175	11.443037974683545	153.72151898734177	98.83544303797468	-8.923220724151099	796	1196	238	20.0	354.0	226.0	52	8.0	79.0	51.0	0	0	9.582672357559204	63760	7413.063228368759	58642	8.02697616060226	
-500021.73605758033	110.4125	11.481012658227849	158.34177215189874	101.44303797468355	-8.923220724151099	797	1197	256	16.0	355.0	221.0	56	8.0	98.0	63.0	0	0	9.607177734375	63840	7422.670406103134	58716	8.026315789473685	
-500026.4519843257	103.4375	11.189873417721518	158.15189873417722	101.36708860759494	-8.923220724151099	798	1198	189	17.0	337.0	216.0	31	8.0	79.0	51.0	0	0	9.773606538772583	63920	7432.444012641907	58789	8.027221526908633	
-550018.9702730223	100.5	11.3875	156.775	100.6	-8.923220724151099	799	1198	152	19	330	212	31	7	79	51	0	0	9.793638944625854	64000	7442.237651586533	58864	8.025000000000006	
-400034.17440662486	103.3125	11.538461538461538	165.34615384615384	106.11538461538461	-8.923220724151099	800	1200	202	19.0	321.0	207.0	36	8.0	84.0	54.0	0	0	9.979192018508911	64080	7452.2168436050415	58938	8.024344569288388	
-512531.11014106765	98.8	11.7012987012987	158.41558441558442	101.67532467532467	-8.923220724151099	801	1203	170	18.0	360.0	229.0	21	8.0	94.0	61.0	0	0	9.223472356796265	64160	7461.440315961838	59011	8.025249376558605	
-512515.4187131577	99.5	11.844155844155845	156.3116883116883	100.24675324675324	-8.923220724151099	802	1206	145	16.0	293.0	182.0	62	9.0	97.0	63.0	0	0	9.353644847869873	64240	7470.793960809708	59081	8.030821917808211	
-450026.7286157825	99.925	11.594936708860759	156.55696202531647	100.32911392405063	-8.923220724151099	803	1207	184	18.0	294.0	182.0	46	8.0	79.0	51.0	0	0	10.210593700408936	64320	7481.004554510117	59155	8.03016169154229	
-387535.27439957194	99.7125	11.430379746835444	155.0379746835443	99.21518987341773	-8.923220724151099	804	1208	160	20.0	316.0	199.0	58	8.0	79.0	51.0	0	0	9.701702356338501	64400	7490.706256866455	59229	8.029503105590067	
-412529.91173969395	96.825	11.480519480519481	152.0	97.55844155844156	-8.923220724151099	805	1211	151	18.0	309.0	192.0	45	8.0	86.0	56.0	0	0	8.90791130065918	64480	7499.614168167114	59301	8.031947890818856	
-500025.8326309759	97.5625	11.645569620253164	154.32911392405063	98.9493670886076	-8.923220724151099	806	1212	137	15.0	292.0	181.0	54	8.0	84.0	54.0	0	0	9.771398544311523	64560	7509.385566711426	59376	8.029739776951672	
-550025.377541777	99.65	11.4625	153.375	98.0875	-8.923220724151099	807	1212	160	17	297	181	36	7	74	48	0	0	9.138899803161621	64640	7518.524466514587	59451	8.027537128712865	
-600027.2370378865	103.2125	11.375	150.3625	96.425	-8.923220724151099	808	1212	173	16	345	217	36	8	79	51	0	0	9.966729402542114	64720	7528.4911959171295	59527	8.023794808405441	
-600012.9947484721	101.25	11.379746835443038	150.63291139240508	96.51898734177215	-8.923220724151099	809	1213	173	16.0	313.0	190.0	42	8.0	87.0	56.0	0	0	8.874750137329102	64800	7537.365946054459	59602	8.021604938271608	
-500017.58827527857	99.85	11.68421052631579	152.53947368421052	97.77631578947368	-8.923220724151099	810	1217	154	17.0	313.0	190.0	42	8.0	87.0	56.0	0	0	9.188497543334961	64880	7546.554443597794	59674	8.024044389642413	
-537524.2981609768	98.3	11.645569620253164	165.15189873417722	105.41772151898734	-8.903430403253308	811	1218	167	18.0	333.0	211.0	29	8.0	97.0	63.0	0	0	9.515888452529907	64960	7556.0703320503235	59747	8.024938423645324	
-687510.7824820281	99.4875	11.30379746835443	151.48101265822785	97.0886075949367	-8.903430403253308	812	1219	160	18.0	317.0	198.0	36	8.0	85.0	55.0	0	0	9.378254890441895	65040	7565.448586940765	59820	8.025830258302577	
-625015.3805387774	96.175	10.775	142.1625	90.8625	-8.903430403253308	813	1219	134	18	342	213	36	8	84	54	0	0	10.419840812683105	65120	7575.8684277534485	59895	8.023648648648646	
-462526.34585274255	98.5625	10.897435897435898	143.94871794871796	92.1025641025641	-8.903430403253308	814	1221	156	16.0	293.0	182.0	34	8.0	84.0	54.0	0	0	10.877997636795044	65200	7586.7464253902435	59969	8.023006134969322	
-637519.2616414408	100.7375	10.9625	143.5375	91.825	-8.903430403253308	815	1221	159	17	248	156	63	8	79	51	0	0	10.407757997512817	65280	7597.154183387756	60045	8.019301470588232	
-525032.9554601775	99.6625	11.075949367088608	153.22784810126583	97.9620253164557	-8.903430403253308	816	1222	182	15.0	286.0	178.0	20	8.0	88.0	57.0	0	0	10.606106758117676	65360	7607.760290145874	60119	8.018665850673187	
-562535.5180086574	96.2125	11.233766233766234	152.44155844155844	97.55844155844156	-8.903430403253308	817	1225	206	16.0	290.0	181.0	20	8.0	84.0	54.0	0	0	9.198634386062622	65440	7616.958924531937	60190	8.02261613691931	
-450035.0589787511	99.4875	11.128205128205128	148.66666666666666	95.1923076923077	-8.903430403253308	818	1227	182	18.0	316.0	199.0	15	8.0	84.0	54.0	0	0	9.187552213668823	65520	7626.1464767456055	60264	8.021978021978029	
-612517.2284029815	101.825	10.949367088607595	150.39240506329114	95.9493670886076	-8.903430403253308	819	1228	168	18.0	348.0	216.0	43	8.0	84.0	54.0	0	0	8.956954717636108	65600	7635.103431463242	60339	8.019817073170728	
-550024.1890214991	96.075	11.064102564102564	156.98717948717947	100.05128205128206	-8.903430403253308	820	1230	195	18.0	323.0	201.0	23	7.0	74.0	48.0	0	0	8.733735084533691	65680	7643.837166547775	60413	8.019183922046281	
-500026.87732733553	96.9875	11.705128205128204	157.35897435897436	100.98717948717949	-8.903430403253308	821	1232	173	18.0	265.0	167.0	23	7.0	74.0	48.0	0	0	8.340322971343994	65760	7652.177489519119	60485	8.021593673965938	
-475019.0604598619	96.3125	11.240506329113924	147.81012658227849	94.84810126582279	-8.903430403253308	822	1233	157	16.0	243.0	151.0	39	8.0	87.0	56.0	0	0	9.018665075302124	65840	7661.196154594421	60558	8.022478736330498	
-462523.9158355452	95.875	11.480519480519481	154.42857142857142	98.88311688311688	-8.903430403253308	823	1236	158	15.0	292.0	184.0	38	9.0	97.0	63.0	0	0	13.220236778259277	65920	7674.416391372681	60631	8.023361650485441	
-437527.9092245009	98.55	11.7375	166.45	106.4	-8.903430403253308	824	1236	165	17	328	211	31	8	84	54	0	0	11.72480058670044	66000	7686.141191959381	60707	8.019696969696966	
-412529.8095509075	97.2	12.166666666666666	181.46153846153845	115.67948717948718	-8.903430403253308	825	1238	141	22.0	435.0	279.0	55	8.0	97.0	63.0	0	0	9.790424108505249	66080	7695.931616067886	60781	8.019067796610173	
-412526.31131084956	96.8875	11.576923076923077	157.89743589743588	101.16666666666667	-8.903430403253308	826	1240	138	18.0	287.0	182.0	58	8.0	98.0	63.0	0	0	8.084404468536377	66160	7704.016020536423	60855	8.018440145102772	
-450021.91952211334	100.475	11.2	146.5	94.1375	-8.903430403253308	827	1240	138	18	292	181	59	7	74	48	0	0	10.035390377044678	66240	7714.051410913467	60929	8.017814009661834	
-437523.05515440536	98.675	11.23076923076923	149.34615384615384	95.97435897435898	-8.903430403253308	828	1242	177	18.0	325.0	202.0	19	8.0	87.0	56.0	0	0	9.994908571243286	66320	7724.046319484711	61002	8.018697225572978	
-475018.5291234455	98.5625	11.417721518987342	151.9240506329114	97.43037974683544	-8.903430403253308	829	1243	158	16.0	332.0	202.0	53	9.0	93.0	60.0	0	0	9.614403009414673	66400	7733.660722494125	61076	8.018072289156635	
-537528.7524513898	100.475	11.227848101265822	153.62025316455697	98.11392405063292	-8.903430403253308	830	1244	167	18.0	299.0	184.0	13	8.0	79.0	51.0	0	0	9.805291891098022	66480	7743.466014385223	61151	8.015944645006016	
-550026.4654401403	99.5125	11.354430379746836	154.22784810126583	98.77215189873418	-8.903430403253308	831	1245	145	15.0	292.0	181.0	21	8.0	79.0	51.0	0	0	9.468872308731079	66560	7752.9348866939545	61225	8.015324519230774	
-462537.59271617734	101.325	11.15	156.9875	100.3875	-8.903430403253308	832	1245	152	16	278	171	44	8	79	51	0	0	10.188416719436646	66640	7763.123303413391	61299	8.014705882352942	
-500025.97041752853	99.15	11.423076923076923	162.47435897435898	103.7948717948718	-8.903430403253308	833	1247	126	15.0	285.0	178.0	70	8.0	79.0	51.0	0	0	10.06241750717163	66720	7773.185720920563	61373	8.014088729016791	
-387529.19907520514	99.2	11.329113924050633	167.9873417721519	106.81012658227849	-8.903430403253308	834	1248	178	17.0	297.0	188.0	18	8.0	90.0	58.0	0	0	10.689018964767456	66800	7783.87473988533	61448	8.011976047904184	
-512526.67914157675	99.05	11.5	174.4875	110.9625	-8.903430403253308	835	1248	142	18	369	239	54	8	85	55	0	0	11.507794380187988	66880	7795.382534265518	61524	8.00837320574162	
-487525.19282451086	98.5875	11.45	172.325	109.7	-8.903430403253308	836	1248	161	16	312	199	38	8	97	63	0	0	9.608071565628052	66960	7804.990605831146	61599	8.00627240143369	
-537516.4019227844	98.4375	10.896103896103897	148.12987012987014	94.83116883116882	-8.903430403253308	837	1251	166	15.0	268.0	170.0	30	8.0	84.0	54.0	0	0	8.709850072860718	67040	7813.700455904007	61670	8.010143198090688	
-450028.12583199405	97.975	11.025316455696203	151.70886075949366	96.92405063291139	-8.903430403253308	838	1252	134	15.0	311.0	193.0	62	8.0	79.0	51.0	0	0	10.219481468200684	67120	7823.919937372208	61745	8.008045292014302	
-425023.6818016027	98.1	10.8875	157.4875	100.35	-8.903430403253308	839	1252	166	16	290	178	30	8	92	59	0	0	9.910548448562622	67200	7833.83048582077	61821	8.004464285714292	
-512521.63353358087	98.2	10.307692307692308	152.64102564102564	97.2051282051282	-8.903430403253308	840	1254	162	16.0	354.0	218.0	34	7.0	74.0	48.0	0	0	9.702475547790527	67280	7843.532961368561	61894	8.005350772889415	
-375024.78212594293	99.7375	10.38961038961039	147.9090909090909	94.3896103896104	-8.903430403253308	841	1257	176	15.0	260.0	163.0	20	8.0	79.0	51.0	0	0	10.428672790527344	67360	7853.961634159088	61964	8.01068883610452	
-450026.3871528359	100.6	10.55	143.15	91.4625	-8.900753240076833	842	1257	155	15	246	156	41	8	85	55	0	0	11.200425624847412	67440	7865.162059783936	62040	8.007117437722428	
-537513.1891478028	99.05	10.38961038961039	141.93506493506493	90.68831168831169	-8.900612398018286	843	1260	219	15.0	273.0	167.0	34	8.0	97.0	63.0	0	0	9.672358751296997	67520	7874.8344185352325	62113	8.007997630331758	
-425025.89292172587	101.95	10.886075949367088	151.44303797468353	96.45569620253164	-8.900612398018286	844	1261	194	18.0	281.0	174.0	13	8.0	79.0	51.0	0	0	9.365821599960327	67600	7884.200240135193	62188	8.005917159763314	
-387526.679057929	100.8375	11.1125	155.9875	99.5	-8.900612398018286	845	1261	188	20	303	196	56	8	79	51	0	0	10.041697263717651	67680	7894.2419373989105	62264	8.002364066193863	
-550025.1961892686	102.0375	11.275	152.275	97.525	-8.900612398018286	846	1261	152	15	288	180	44	8	85	55	0	0	10.186835050582886	67760	7904.428772449493	62340	7.99881936245572	
-475019.12865041214	100.675	11.4625	158.425	101.225	-8.900612398018286	847	1261	160	16	338	211	36	8	87	56	0	0	10.787694454193115	67840	7915.2164669036865	62416	7.995283018867923	
-487523.64718525123	99.35	11.39240506329114	152.35443037974684	97.59493670886076	-8.900612398018286	848	1262	163	15.0	274.0	171.0	33	8.0	84.0	54.0	0	0	10.039064168930054	67920	7925.255531072617	62489	7.996171967020032	
-500029.5251913305	97.325	11.7125	154.3875	99.2625	-8.900612398018286	849	1262	147	18	285	178	49	8	84	54	0	0	11.085393190383911	68000	7936.3409242630005	62564	7.994117647058815	
-612527.4733792214	101.6625	11.278481012658228	147.0379746835443	94.40506329113924	-8.900612398018286	850	1263	170	15.0	239.0	150.0	26	7.0	74.0	48.0	0	0	10.135093212127686	68080	7946.476017475128	62639	7.992068155111625	
-412540.6308493415	100.225	11.675	155.8625	100.0	-8.900612398018286	851	1263	159	16	378	237	51	8	87	56	0	0	11.32992672920227	68160	7957.80594420433	62714	7.990023474178415	
-575020.6892554828	99.4625	11.551282051282051	160.37179487179486	102.57692307692308	-8.900612398018286	852	1265	153	17.0	375.0	232.0	43	8.0	79.0	51.0	0	0	11.216090679168701	68240	7969.022034883499	62788	7.989449003516995	
-487526.34881591273	99.525	11.39240506329114	153.60759493670886	98.30379746835443	-8.900612398018286	853	1266	140	18.0	275.0	174.0	55	8.0	79.0	51.0	0	0	10.616987943649292	68320	7979.639022827148	62862	7.988875878220142	
-450028.99900456844	97.25	11.2	147.7125	94.6375	-8.900612398018286	854	1266	142	18	276	174	53	8	79	51	0	0	10.145715475082397	68400	7989.784738302231	62938	7.985380116959064	
-537525.0344392561	98.025	11.688311688311689	153.8181818181818	98.63636363636364	-8.900612398018286	855	1269	156	17.0	297.0	181.0	43	8.0	92.0	59.0	0	0	9.960365295410156	68480	7999.745103597641	63009	7.989193925233636	
-537523.5168975095	97.8125	11.531645569620252	150.0126582278481	96.29113924050633	-8.900612398018286	856	1270	151	15.0	300.0	186.0	45	8.0	80.0	52.0	0	0	9.959909439086914	68560	8009.705013036728	63084	7.987164527421243	
-500024.9798943203	97.625	11.430379746835444	153.41772151898735	98.24050632911393	-8.900612398018286	857	1271	157	17.0	274.0	174.0	39	8.0	90.0	58.0	0	0	9.277453899383545	68640	8018.982466936111	63158	7.986596736596738	
-487527.0145293369	98.625	11.49367088607595	149.37974683544303	95.9493670886076	-8.900612398018286	858	1272	160	17.0	236.0	151.0	36	8.0	101.0	65.0	0	0	9.520547151565552	68720	8028.503014087677	63233	7.98457508731083	
-500021.16276767326	100.45	11.4875	152.25	97.65	-8.900612398018286	859	1272	177	15	264	168	27	8	90	58	0	0	10.505491495132446	68800	8039.008505582809	63308	7.9825581395348735	
-575023.5327985722	102.95	11.7125	157.6375	101.35	-8.900612398018286	860	1272	138	16	304	189	58	8	90	58	0	0	10.291613340377808	68880	8049.300118923187	63384	7.979094076655059	
-575013.7983338231	104.675	11.474358974358974	146.65384615384616	94.47435897435898	-8.900612398018286	861	1274	174	16.0	249.0	161.0	32	8.0	85.0	55.0	0	0	9.816688060760498	68960	8059.116806983948	63457	7.979988399071928	
-525013.7289511471	101.9375	11.556962025316455	159.9746835443038	102.49367088607595	-8.900612398018286	862	1275	140	17.0	285.0	186.0	56	8.0	93.0	60.0	0	0	9.293880701065063	69040	8068.410687685013	63532	7.977983777520279	
-500015.78192134853	99.65	11.545454545454545	158.46753246753246	101.40259740259741	-8.900612398018286	863	1278	194	16.0	274.0	171.0	35	8.0	85.0	55.0	0	0	9.674098253250122	69120	8078.084785938263	63605	7.9788773148148096	
-500032.18694113253	98.9	11.58974358974359	156.80769230769232	100.47435897435898	-8.900612398018286	864	1280	142	18.0	279.0	178.0	54	8.0	79.0	51.0	0	0	10.153393745422363	69200	8088.238179683685	63678	7.979768786127167	
-437525.123212577	99.475	11.307692307692308	155.82051282051282	99.64102564102564	-8.900612398018286	865	1282	156	17.0	297.0	188.0	58	8.0	79.0	51.0	0	0	9.899503231048584	69280	8098.137682914734	63752	7.979214780600458	
-475017.22140423284	98.325	11.0	159.77215189873417	101.9620253164557	-8.900612398018286	866	1283	138	15.0	288.0	187.0	58	8.0	79.0	51.0	0	0	9.848884105682373	69360	8107.986567020416	63827	7.977220299884664	
-425025.86930856446	96.6375	11.2	157.7625	100.825	-8.900612398018286	867	1283	137	18	310	193	58	8	97	63	0	0	10.405564785003662	69440	8118.39213180542	63901	7.976670506912441	
-500018.4089727299	101.125	11.375	160.1875	102.2875	-8.900612398018286	868	1283	158	15	356	217	38	8	87	56	0	0	9.887396812438965	69520	8128.279528617859	63977	7.973245109321056	
-525025.0223828554	100.2375	10.91139240506329	144.873417721519	92.9873417721519	-8.900612398018286	869	1284	157	15.0	314.0	194.0	38	8.0	79.0	51.0	0	0	9.491827726364136	69600	8137.771356344223	64051	7.972701149425291	
-512523.5577850865	99.125	11.475	153.375	98.45	-8.900612398018286	870	1284	143	20	300	195	53	8	90	58	0	0	10.598487377166748	69680	8148.36984372139	64127	7.969288174512059	
-575021.6130838766	99.075	11.658227848101266	160.1012658227848	102.55696202531645	-8.900612398018286	871	1285	159	18.0	346.0	225.0	44	8.0	87.0	56.0	0	0	9.637545824050903	69760	8158.007389545441	64202	7.9673165137614745	
-537521.3517453526	95.5625	11.786666666666667	158.94666666666666	102.2	-8.900612398018286	872	1290	186	18.0	313.0	203.0	10	8.0	95.0	61.0	0	0	9.242727518081665	69840	8167.250117063522	64273	7.9710767468499455	
-575024.6460009732	98.525	11.6375	152.4625	98.1	-8.900612398018286	873	1290	186	19	281	174	48	8	84	54	0	0	10.403467178344727	69920	8177.653584241867	64348	7.9691075514874115	
-600015.8663299005	98.6	11.423076923076923	161.16666666666666	103.03846153846153	-8.900612398018286	874	1292	154	17.0	300.0	190.0	28	7.0	74.0	48.0	0	0	10.15557312965393	70000	8187.809157371521	64422	7.968571428571423	
-462532.9933856599	96.8375	11.025	150.625	96.475	-8.900612398018286	875	1292	176	15	273	171	20	7	74	48	0	0	10.53743577003479	70080	8198.346593141556	64497	7.966609589041099	
-487523.64408115967	98.6375	11.333333333333334	156.2051282051282	100.12820512820512	-8.900612398018286	876	1294	175	15.0	288.0	181.0	21	7.0	90.0	58.0	0	0	9.340129137039185	70160	8207.686722278595	64571	7.966077537058155	
-425031.339234237	100.0625	11.038461538461538	149.48717948717947	95.82051282051282	-8.900612398018286	877	1296	181	18.0	286.0	186.0	50	8.0	84.0	54.0	0	0	10.043789863586426	70240	8217.730512142181	64645	7.965546697038732	
-487533.11208249663	98.7	11.325	153.2875	98.425	-8.900612398018286	878	1296	145	16	288	181	67	8	90	58	0	0	9.801683902740479	70320	8227.532196044922	64721	7.962172923777018	
-475029.06049365515	96.2625	11.126582278481013	150.59493670886076	96.64556962025317	-8.900612398018286	879	1297	141	19.0	322.0	209.0	55	8.0	91.0	59.0	0	0	9.931721448898315	70400	8237.46391749382	64794	7.963068181818173	
-400025.31252730946	96.4	10.734177215189874	142.59493670886076	91.25316455696202	-8.900612398018286	880	1298	147	14.0	293.0	182.0	37	8.0	82.0	53.0	0	0	9.286182165145874	70480	8246.750099658966	64868	7.9625425652667445	
-500017.3610644223	102.1	10.734177215189874	136.58227848101265	87.78481012658227	-8.900612398018286	881	1299	154	14.0	267.0	167.0	37	7.0	82.0	53.0	0	0	10.639873027801514	70560	8257.389972686768	64942	7.962018140589564	
-425017.69879607565	100.225	10.822784810126583	135.18987341772151	86.9746835443038	-8.900612398018286	882	1300	159	16.0	317.0	196.0	37	8.0	84.0	54.0	0	0	9.639300107955933	70640	8267.029272794724	65016	7.961494903737247	
-587520.076421995	98.4	11.168831168831169	144.1038961038961	92.53246753246754	-8.900612398018286	883	1303	169	20.0	256.0	164.0	27	8.0	80.0	52.0	0	0	9.732906103134155	70720	8276.762178897858	65089	7.962386877828052	
-587526.0509141214	100.1875	11.460526315789474	156.75	100.36842105263158	-8.900612398018286	884	1307	202	20.0	264.0	167.0	27	9.0	96.0	62.0	0	0	9.558926820755005	70800	8286.321105718613	65159	7.9675141242937855	
-550031.2339530684	107.9375	10.975	152.9375	97.7125	-8.900612398018286	885	1307	202	14	360	229	37	8	79	51	0	0	10.439838171005249	70880	8296.760943889618	65233	7.966986455981939	
-475033.0999379757	106.1625	11.49367088607595	171.9620253164557	109.60759493670886	-8.900612398018286	886	1308	202	16.0	360.0	229.0	46	8.0	97.0	63.0	0	0	10.25839114189148	70960	8307.01933503151	65307	7.9664599774520894	
-425034.36032948195	95.025	11.240506329113924	164.0253164556962	104.26582278481013	-8.900612398018286	887	1309	172	15.0	335.0	214.0	12	8.0	101.0	65.0	0	0	10.66946291923523	71040	8317.688797950745	65381	7.965934684684683	
-425025.97049975104	103.6	11.481012658227849	164.30379746835442	104.53164556962025	-8.900612398018286	888	1310	207	15.0	353.0	222.0	30	9.0	91.0	59.0	0	0	9.087119817733765	71120	8326.775917768478	65456	7.9640044994375785	
-462533.414732936	96.6875	11.4	165.4375	105.2125	-8.900612398018286	889	1310	148	13	384	236	54	8	85	55	0	0	9.580515623092651	71200	8336.356433391571	65532	7.960674157303373	
-562521.9836757814	97.95	11.5	157.12820512820514	100.55128205128206	-8.900612398018286	890	1312	166	19.0	372.0	236.0	30	8.0	85.0	55.0	0	0	8.32551121711731	71280	8344.681944608688	65604	7.962962962962962	
-450032.17772804236	97.3625	11.512820512820513	158.30769230769232	101.14102564102564	-8.900612398018286	891	1314	153	19.0	375.0	244.0	20	8.0	85.0	55.0	0	0	8.60525894165039	71360	8353.287203550339	65675	7.966647982062781	
-500028.39700549387	97.225	11.569620253164556	160.27848101265823	102.49367088607595	-8.900612398018286	892	1315	142	17.0	339.0	216.0	53	7.0	74.0	48.0	0	0	8.86819076538086	71440	8362.15539431572	65749	7.966125419932808	
-487533.54600916326	98.575	11.307692307692308	159.0897435897436	101.8076923076923	-8.900612398018286	893	1317	161	15.0	260.0	164.0	32	8.0	87.0	56.0	0	0	8.729457139968872	71520	8370.884851455688	65823	7.965604026845639	
-400033.665576678	94.5375	11.4375	164.3875	104.9375	-8.900612398018286	894	1317	154	18	288	181	28	7	82	53	0	0	9.332859754562378	71600	8380.21771121025	65899	7.962290502793294	
-425019.3942012852	95.0375	11.282051282051283	149.66666666666666	95.91025641025641	-8.900612398018286	895	1319	162	16.0	231.0	147.0	51	8.0	92.0	59.0	0	0	8.4249906539917	71680	8388.642701864243	65973	7.961774553571431	
-487511.212433167	96.675	11.58974358974359	150.65384615384616	96.78205128205128	-8.900612398018286	896	1321	169	16.0	316.0	195.0	27	9.0	88.0	57.0	0	0	9.119855165481567	71760	8397.762557029724	66045	7.964046822742475	
-562519.9564637977	98.6125	11.4125	151.1125	96.7875	-8.900612398018286	897	1321	155	18	403	250	41	7	84	54	0	0	14.99703860282898	71840	8412.759595632553	66120	7.962138084632514	
-437525.04425579275	99.075	11.725	150.9625	96.8375	-8.900612398018286	898	1321	153	18	338	209	62	7	90	58	0	0	9.48222303390503	71920	8422.241818666458	66196	7.958843159065637	
-450018.2493044352	98.3375	11.425	149.9375	95.975	-8.900612398018286	899	1321	137	16	322	194	48	8	79	51	0	0	9.599074840545654	72000	8431.840893507004	66271	7.956944444444446	
-525023.3896734521	97.2875	11.545454545454545	152.2207792207792	97.93506493506493	-8.900612398018286	900	1324	162	15.0	239.0	152.0	34	8.0	87.0	56.0	0	0	9.189468145370483	72080	8441.030361652374	66343	7.959211986681467	
-512526.02388467535	95.0375	11.103896103896103	153.54545454545453	98.23376623376623	-8.900612398018286	901	1327	188	17.0	276.0	174.0	2	8.0	84.0	54.0	0	0	8.466929912567139	72160	8449.497291564941	66415	7.96147450110864	
-512518.65029433614	97.225	11.320512820512821	151.7051282051282	97.17948717948718	-8.900612398018286	902	1329	188	21.0	344.0	207.0	34	8.0	95.0	61.0	0	0	9.585029363632202	72240	8459.082320928574	66488	7.962347729789585	
-450027.0170462715	91.35	11.253164556962025	151.81012658227849	97.26582278481013	-8.900612398018286	903	1330	188	19.0	309.0	193.0	34	8.0	79.0	51.0	0	0	9.701886892318726	72320	8468.784207820892	66561	7.963219026548671	
-500014.3751244137	95.3625	10.960526315789474	143.01315789473685	91.75	-8.900612398018286	904	1334	160	15.0	288.0	181.0	24	7.0	82.0	53.0	0	0	9.747871398925781	72400	8478.532079219818	66633	7.965469613259671	
-512518.98125106934	101.8875	11.025	145.2375	93.025	-8.900612398018286	905	1334	160	15	378	232	34	8	90	58	0	0	10.273170948028564	72480	8488.805250167847	66708	7.963576158940398	
-575021.506366967	104.65	10.79746835443038	148.9873417721519	95.0632911392405	-8.900612398018286	906	1335	198	15.0	389.0	236.0	32	8.0	87.0	56.0	0	0	11.016170740127563	72560	8499.821420907974	66783	7.9616868798235885	
-562524.9981286884	105.475	11.282051282051283	164.66666666666666	105.21794871794872	-8.900612398018286	907	1337	173	16.0	285.0	181.0	23	8.0	79.0	51.0	0	0	10.013022184371948	72640	8509.834443092346	66857	7.961178414096921	
-450024.00831085385	111.575	11.125	154.1375	98.325	-8.900612398018286	908	1337	193	16	342	209	38	8	84	54	0	0	9.86450481414795	72720	8519.698947906494	66931	7.960671067106702	
-437519.4992655382	108.3125	11.3	154.3625	98.725	-8.900612398018286	909	1337	195	15	284	178	63	8	92	59	0	0	10.50225305557251	72800	8530.201200962067	67005	7.960164835164846	
-425025.9891817166	102.2625	11.717948717948717	158.94871794871796	101.8076923076923	-8.900612398018286	910	1339	163	18.0	310.0	191.0	15	8.0	97.0	63.0	0	0	10.975924015045166	72880	8541.177124977112	67078	7.961031833150386	
-475027.4618423544	96.475	11.85	157.6625	101.0375	-8.900612398018286	911	1339	172	16	304	184	27	8	79	51	0	0	11.267367839813232	72960	8552.444492816925	67154	7.957785087719287	
-400029.64965309005	99.3125	12.08860759493671	160.1012658227848	102.73417721518987	-8.900612398018286	912	1340	169	18.0	286.0	184.0	54	8.0	79.0	51.0	0	0	11.265310049057007	73040	8563.709802865982	67229	7.955914567360352	
-387532.7151842967	98.45	12.1	162.0625	103.9375	-8.900612398018286	913	1340	143	20	308	198	58	8	79	51	0	0	10.337828159332275	73120	8574.047631025314	67304	7.954048140043767	
-475017.8684674008	99.05	11.375	150.9875	96.875	-8.900612398018286	914	1340	138	15	327	205	62	9	91	59	0	0	10.814610004425049	73200	8584.86224102974	67379	7.952185792349724	
-562523.4128631065	98.5625	11.474358974358974	157.4102564102564	100.61538461538461	-8.900612398018286	915	1342	149	17.0	307.0	195.0	49	8.0	79.0	51.0	0	0	10.796571254730225	73280	8595.65881228447	67453	7.951692139737986	
-562515.8127190383	98.3	11.177215189873417	148.36708860759492	95.0379746835443	-8.900612398018286	916	1343	132	15.0	256.0	161.0	64	8.0	84.0	54.0	0	0	10.415023803710938	73360	8606.07383608818	67527	7.951199563794987	
-487525.4605084591	97.5875	11.126582278481013	155.68354430379748	99.29113924050633	-8.900612398018286	917	1344	158	15.0	266.0	164.0	38	8.0	87.0	56.0	0	0	10.230194091796875	73440	8616.304030179977	67602	7.949346405228766	
-425021.09115090186	97.325	11.556962025316455	160.68354430379748	102.69620253164557	-8.900612398018286	918	1345	158	17.0	308.0	200.0	44	8.0	97.0	63.0	0	0	10.87589955329895	73520	8627.179929733276	67677	7.947497279651799	
-475015.6854948152	96.375	11.64102564102564	156.75641025641025	100.53846153846153	-8.900612398018286	919	1347	176	18.0	293.0	186.0	36	8.0	101.0	65.0	0	0	11.397835493087769	73600	8638.577765226364	67751	7.947010869565219	
-537525.2065060993	97.65	11.3875	154.9625	99.1375	-8.900612398018286	920	1347	132	18	294	187	42	8	84	54	0	0	11.474740028381348	73680	8650.052505254745	67826	7.9451682953311575	
-675015.0222320029	99.325	11.153846153846153	146.47435897435898	93.96153846153847	-8.900612398018286	921	1349	163	18.0	264.0	161.0	33	8.0	79.0	51.0	0	0	10.685675382614136	73760	8660.73818063736	67898	7.947396963123637	
-537522.5465453373	98.8125	11.075949367088608	143.54430379746836	92.39240506329114	-8.900612398018286	922	1350	162	15.0	230.0	147.0	33	8.0	79.0	51.0	0	0	9.885831117630005	73840	8670.62401175499	67973	7.945557963163594	
-537525.3615643912	97.9375	10.875	142.4375	91.425	-8.900612398018286	923	1350	166	16	222	143	44	8	80	52	0	0	9.957809686660767	73920	8680.58182144165	68048	7.943722943722946	
-525033.05709739	97.2125	11.653846153846153	154.26923076923077	99.0	-8.900612398018286	924	1352	168	18.0	366.0	228.0	28	8.0	79.0	51.0	0	0	11.341632843017578	74000	8691.923454284668	68120	7.945945945945937	
-437547.1125424778	98.0125	11.782051282051283	153.03846153846155	98.2948717948718	-8.900612398018286	925	1354	176	18.0	286.0	177.0	20	8.0	90.0	58.0	0	0	10.098201990127563	74080	8702.021656274796	68192	7.948164146868251	
-487526.2747517936	98.2	11.512820512820513	155.05128205128204	99.2051282051282	-8.900612398018286	926	1356	149	21.0	435.0	274.0	20	8.0	84.0	54.0	0	0	8.663403511047363	74160	8710.685059785843	68266	7.947680690399139	
-450018.1205255337	98.4625	11.423076923076923	149.21794871794873	95.71794871794872	-8.900612398018286	927	1358	175	15.0	260.0	162.0	21	8.0	79.0	51.0	0	0	9.906322956085205	74240	8720.591382741928	68336	7.952586206896555	
-550024.4939731719	97.6	11.784810126582279	159.18987341772151	101.84810126582279	-8.900612398018286	928	1359	157	18.0	331.0	202.0	39	8.0	84.0	54.0	0	0	10.37472939491272	74320	8730.96611213684	68411	7.950753498385367	
-550028.8540499203	95.05	11.544303797468354	154.9620253164557	99.46835443037975	-8.900612398018286	929	1360	163	15.0	274.0	172.0	33	8.0	92.0	59.0	0	0	9.952879190444946	74400	8740.918991327286	68486	7.9489247311827995	
-387536.4677655658	90.675	11.12987012987013	151.46753246753246	96.63636363636364	-8.900612398018286	930	1363	152	15.0	273.0	172.0	26	8.0	88.0	57.0	0	0	9.437889575958252	74480	8750.356880903244	68557	7.9524704618689555	
-450026.68082834815	90.075	11.012987012987013	148.85714285714286	95.25974025974025	-8.900612398018286	931	1366	186	14.0	312.0	194.0	39	8.0	79.0	51.0	0	0	9.10415768623352	74560	8759.461038589478	68627	7.957349785407729	
-450029.90060143557	88.7625	10.8875	142.85	91.55	-8.900612398018286	932	1366	142	15	263	170	39	8	79	51	0	0	9.475994348526001	74640	8768.937032938004	68702	7.955519828510177	
-362524.75348152727	86.8625	10.802631578947368	148.17105263157896	94.64473684210526	-8.900612398018286	933	1370	153	15.0	290.0	178.0	27	8.0	88.0	57.0	0	0	11.407385349273682	74720	8780.344418287277	68773	7.959047109207702	
-537512.3873036208	93.5125	10.875	148.4	94.7375	-8.900612398018286	934	1370	152	16	274	171	44	8	95	61	0	0	10.302074193954468	74800	8790.646492481232	68848	7.957219251336895	
-375022.42439819605	91.2125	11.397435897435898	154.01282051282053	98.56410256410257	-8.900612398018286	935	1372	157	18.0	303.0	195.0	39	8.0	87.0	56.0	0	0	10.319263219833374	74880	8800.965755701065	68921	7.9580662393162385	
-437523.48397810326	94.95	11.2375	148.3625	95.0875	-8.900612398018286	936	1372	163	18	303	195	33	8	90	58	0	0	9.62777066230774	74960	8810.593526363373	68996	7.956243329775887	
-462526.48415627226	97.6	11.075	141.0125	90.525	-8.900612398018286	937	1372	165	15	285	176	31	8	84	54	0	0	9.484870672225952	75040	8820.078397035599	69071	7.954424307036248	
-550020.6978374097	99.625	11.278481012658228	144.39240506329114	92.72151898734177	-8.900612398018286	938	1373	158	15.0	279.0	173.0	38	8.0	84.0	54.0	0	0	10.012886762619019	75120	8830.091283798218	69144	7.9552715654952095	
-450021.24002349016	102.225	11.227848101265822	148.72151898734177	95.21518987341773	-8.900612398018286	939	1374	199	18.0	266.0	172.0	50	8.0	90.0	58.0	0	0	9.89588212966919	75200	8839.987165927887	69216	7.957446808510639	
-525011.8781145597	101.4375	11.10126582278481	143.43037974683546	92.0506329113924	-8.900612398018286	940	1375	185	17.0	407.0	253.0	66	8.0	87.0	56.0	0	0	9.155561923980713	75280	8849.142727851868	69290	7.956960680127523	
-537528.9751642536	100.7125	11.746835443037975	152.60759493670886	98.21518987341773	-8.900612398018286	941	1376	155	20.0	357.0	229.0	41	7.0	90.0	58.0	0	0	9.131651639938354	75360	8858.274379491806	69364	7.956475583864119	
-512523.78832807613	101.5125	11.60759493670886	148.9746835443038	95.83544303797468	-8.900612398018286	942	1377	206	19.0	313.0	198.0	45	7.0	82.0	53.0	0	0	8.681806087493896	75440	8866.9561855793	69437	7.957317073170728	
-525014.3764084206	98.4375	11.544303797468354	141.65822784810126	91.40506329113924	-8.900612398018286	943	1378	206	18.0	250.0	162.0	52	7.0	82.0	53.0	0	0	8.605446815490723	75520	8875.56163239479	69512	7.955508474576263	
-525028.9490260392	95.15	11.26923076923077	146.62820512820514	94.14102564102564	-8.900612398018286	944	1380	148	15.0	391.0	241.0	34	8.0	84.0	54.0	0	0	9.950881481170654	75600	8885.512513875961	69586	7.955026455026456	
-462521.37629741774	97.225	11.7375	153.125	98.35	-8.900612398018286	945	1380	133	15	296	190	63	8	94	61	0	0	9.63059663772583	75680	8895.143110513687	69661	7.953224101479918	
-500028.57757796405	97.1625	11.487179487179487	154.52564102564102	99.15384615384616	-8.900612398018286	946	1382	171	18.0	290.0	181.0	25	8.0	79.0	51.0	0	0	9.824828624725342	75760	8904.967939138412	69735	7.952745512143608	
-437522.4463821143	98.3375	11.3	158.3375	101.15	-8.900612398018286	947	1382	149	14	340	209	47	8	85	55	0	0	9.55835223197937	75840	8914.526291370392	69807	7.954905063291136	
-450021.47722315975	97.2625	11.594936708860759	151.67088607594937	97.30379746835443	-8.900612398018286	948	1383	131	18.0	248.0	158.0	47	8.0	79.0	51.0	0	0	10.209400177001953	75920	8924.735691547394	69882	7.953108535300316	
-425029.0123957118	97.925	11.35897435897436	152.89743589743588	98.06410256410257	-8.900612398018286	949	1385	160	16.0	255.0	162.0	49	8.0	87.0	56.0	0	0	10.902034997940063	76000	8935.637726545334	69956	7.952631578947361	
-487516.6505553286	98.3625	11.15	148.925	95.375	-8.900612398018286	950	1385	158	15	303	193	38	8	79	51	0	0	9.702166557312012	76080	8945.339893102646	70032	7.9495268138801265	
-537521.2688905064	97.3375	10.987341772151899	144.35443037974684	92.39240506329114	-8.900612398018286	951	1386	148	15.0	256.0	161.0	48	9.0	90.0	58.0	0	0	9.655082941055298	76160	8954.994976043701	70104	7.951680672268907	
-475017.5266679904	99.0125	11.49367088607595	152.8987341772152	98.0253164556962	-8.900612398018286	952	1387	168	18.0	310.0	198.0	28	8.0	79.0	51.0	0	0	9.883548736572266	76240	8964.878524780273	70179	7.949895068205677	
-362528.65639012505	98.2	11.3125	151.975	97.4	-8.900612398018286	953	1387	174	16	328	203	45	8	87	56	0	0	9.479968786239624	76320	8974.358493566513	70254	7.948113207547166	
-512528.47139813413	95.825	11.435897435897436	152.87179487179486	98.1923076923077	-8.900612398018286	954	1389	143	15.0	299.0	186.0	45	8.0	85.0	55.0	0	0	9.330065965652466	76400	8983.688559532166	70328	7.947643979057588	
-437527.1995591008	96.7125	10.873417721518987	149.77215189873417	95.88607594936708	-8.900612398018286	955	1390	168	20.0	338.0	211.0	28	7.0	74.0	48.0	0	0	9.520840644836426	76480	8993.209400177002	70403	7.945868200836827	
-462524.61502786295	97.8375	11.116883116883116	144.2207792207792	92.48051948051948	-8.900612398018286	956	1393	168	15.0	253.0	158.0	29	7.0	74.0	48.0	0	0	9.430781841278076	76560	9002.64018201828	70474	7.9493207941483774	
-525028.6714938974	100.6375	11.2125	150.725	96.4625	-8.900612398018286	957	1393	168	18	309	195	40	8	79	51	0	0	10.033306121826172	76640	9012.673488140106	70548	7.948851774530269	
-575021.9378611657	101.775	11.4	152.5375	97.7125	-8.900612398018286	958	1393	168	15	256	161	62	8	79	51	0	0	10.99263596534729	76720	9023.666124105453	70624	7.945776850886347	
-587516.9212291036	101.975	11.5125	154.55	98.975	-8.900612398018286	959	1393	163	18	251	161	51	8	90	58	0	0	10.159411191940308	76800	9033.825535297394	70700	7.942708333333343	
-562520.5733774756	101.6375	10.875	138.8	89.05	-8.900612398018286	960	1393	165	15	253	161	48	8	84	54	0	0	9.419480085372925	76880	9043.245015382767	70775	7.940946930280958	
-525030.0984637224	96.7625	11.329113924050633	152.13924050632912	97.51898734177215	-8.900612398018286	961	1394	175	16.0	274.0	174.0	48	8.0	90.0	58.0	0	0	9.562069177627563	76960	9052.807084560394	70850	7.939189189189193	
-587515.4722377011	99.275	11.721518987341772	160.44303797468353	102.73417721518987	-8.900612398018286	962	1395	211	18.0	283.0	178.0	58	7.0	74.0	48.0	0	0	9.135432720184326	77040	9061.942517280579	70923	7.940031152647975	
-450024.46478841425	98.15	11.743589743589743	164.21794871794873	104.87179487179488	-8.900612398018286	963	1397	171	18.0	327.0	203.0	25	8.0	90.0	58.0	0	0	9.290775060653687	77120	9071.233292341232	70997	7.939574688796682	
-537525.5941029768	97.075	11.368421052631579	157.46052631578948	100.52631578947368	-8.900612398018286	964	1401	187	20.0	293.0	182.0	40	8.0	84.0	54.0	0	0	9.557292461395264	77200	9080.790584802628	71068	7.9430051813471465	
-550020.4865143051	99.425	11.454545454545455	161.03896103896105	102.97402597402598	-8.900612398018286	965	1404	199	26.0	593.0	382.0	34	7.0	74.0	48.0	0	0	9.362784147262573	77280	9090.15336894989	71140	7.945134575569355	
-525020.584967161	105.85	11.1375	152.4625	97.525	-8.900612398018286	966	1404	187	15	303	195	45	8	90	58	0	0	10.337637424468994	77360	9100.49100637436	71215	7.943381592554289	
-462531.001349012	99.275	10.935897435897436	147.52564102564102	94.26923076923077	-8.900612398018286	967	1406	185	15.0	311.0	187.0	15	8.0	79.0	51.0	0	0	10.208726644515991	77440	9110.699733018875	71288	7.944214876033058	
-425031.3108543156	98.3875	11.10126582278481	141.0126582278481	90.70886075949367	-8.900612398018286	968	1407	154	16.0	240.0	155.0	42	8.0	84.0	54.0	0	0	9.20033311843872	77520	9119.900066137314	71360	7.946336429308559	
-500024.8759003997	98.225	11.0	146.36708860759492	93.56962025316456	-8.900612398018286	969	1408	172	15.0	281.0	176.0	24	8.0	84.0	54.0	0	0	9.540487289428711	77600	9129.440553426743	71434	7.94587628865979	
-487536.92647709727	95.0125	11.05	153.1875	97.75	-8.900612398018286	970	1408	153	18	281	174	43	8	83	54	0	0	9.348424434661865	77680	9138.788977861404	71509	7.944129763130789	
-387530.7035166047	94.625	11.278481012658228	157.56962025316454	100.74683544303798	-8.900612398018286	971	1409	142	19.0	333.0	203.0	32	7.0	82.0	53.0	0	0	10.713653564453125	77760	9149.502631425858	71583	7.943672839506178	
-450022.43243065086	93.325	10.779220779220779	150.8181818181818	96.40259740259741	-8.900612398018286	972	1412	158	16.0	252.0	158.0	38	7.0	84.0	54.0	0	0	9.542970657348633	77840	9159.045602083206	71653	7.9483556012333025	
-400029.2533809729	95.4875	10.551282051282051	144.21794871794873	92.1923076923077	-8.900612398018286	973	1414	147	16.0	283.0	174.0	15	7.0	85.0	55.0	0	0	8.784199714660645	77920	9167.829801797867	71726	7.949178644763862	
-487526.5698997749	96.025	10.9875	151.375	96.7	-8.900612398018286	974	1414	153	15	284	178	39	8	80	52	0	0	8.372563362121582	78000	9176.202365159988	71800	7.948717948717956	
-462513.300950977	97.15	11.225	153.125	98.0625	-8.900612398018286	975	1414	179	17	284	178	17	8	94	61	0	0	9.209209442138672	78080	9185.411574602127	71876	7.945696721311478	
-612515.6654000761	94.2875	11.582278481012658	154.08860759493672	99.0126582278481	-8.900612398018286	976	1415	135	17.0	319.0	192.0	17	8.0	99.0	64.0	0	0	9.022578716278076	78160	9194.434153318405	71949	7.946519959058335	
-562520.9615718086	95.0	11.538461538461538	159.21794871794873	101.76923076923077	-8.900612398018286	977	1417	142	16.0	378.0	232.0	41	8.0	79.0	51.0	0	0	8.653514623641968	78240	9203.087667942047	72022	7.947341513292443	
-487523.2426577529	93.65	11.818181818181818	157.2987012987013	100.96103896103897	-8.900612398018286	978	1420	187	18.0	274.0	177.0	9	8.0	97.0	63.0	0	0	7.506080389022827	78320	9210.59374833107	72094	7.949438202247194	
-450023.02730508614	96.1125	11.556962025316455	154.46835443037975	98.89873417721519	-8.900612398018286	979	1421	162	15.0	282.0	175.0	34	8.0	84.0	54.0	0	0	8.61425232887268	78400	9219.208000659943	72169	7.947704081632651	
-562519.6015204362	97.45	11.428571428571429	149.01298701298703	95.54545454545455	-8.900612398018286	980	1424	154	17.0	314.0	193.0	42	8.0	90.0	58.0	0	0	8.118939876556396	78480	9227.326940536499	72240	7.951070336391439	
-537526.2160085998	100.425	11.1375	157.25	100.4375	-8.900612398018286	981	1424	139	15	421	259	57	8	84	54	0	0	8.563774585723877	78560	9235.890715122223	72315	7.949338085539708	
-525018.9037064635	98.3	11.487179487179487	153.66666666666666	98.33333333333333	-8.900612398018286	982	1426	189	16.0	363.0	224.0	7	8.0	92.0	59.0	0	0	8.28834080696106	78640	9244.179055929184	72388	7.950152594099691	
-512524.2829019247	99.7875	10.925	152.975	97.55	-8.900612398018286	983	1426	160	15	344	210	43	7	82	53	0	0	9.143710613250732	78720	9253.322766542435	72462	7.949695121951223	
-525015.9010508092	100.5125	10.871794871794872	143.19230769230768	91.73076923076923	-8.900612398018286	984	1428	187	16.0	343.0	206.0	20	8.0	79.0	51.0	0	0	8.464152574539185	78800	9261.786919116974	72536	7.949238578680209	
-462530.3442966002	103.5625	11.2875	147.9875	94.8875	-8.900612398018286	985	1428	176	15	273	167	68	8	92	59	0	0	8.543635845184326	78880	9270.330554962158	72608	7.951318458417859	
-550031.3972438046	103.5125	11.1625	151.5875	97.1875	-8.900612398018286	986	1428	172	15	280	180	59	8	79	51	0	0	8.318843126296997	78960	9278.649398088455	72684	7.948328267477194	
-462538.57761787565	102.0375	11.177215189873417	148.41772151898735	95.22784810126582	-8.900612398018286	987	1429	195	15.0	289.0	181.0	49	8.0	79.0	51.0	0	0	8.612821102142334	79040	9287.262219190598	72758	7.947874493927117	
-412529.28177139274	99.9125	11.620253164556962	153.15189873417722	98.24050632911393	-8.900612398018286	988	1430	160	17.0	264.0	167.0	47	8.0	93.0	60.0	0	0	8.840937614440918	79120	9296.103156805038	72831	7.94868554095045	
-637515.4108768007	100.225	11.375	152.0125	97.4875	-8.900612398018286	989	1430	147	16	388	250	63	8	92	59	0	0	8.501426696777344	79200	9304.604583501816	72907	7.945707070707073	
-412526.33917409356	97.375	10.846153846153847	153.82051282051282	98.03846153846153	-8.900612398018286	990	1432	160	15.0	288.0	181.0	36	8.0	92.0	60.0	0	0	8.367040634155273	79280	9312.971624135971	72979	7.947780020181639	
-425025.3364243826	97.7125	11.291139240506329	161.69620253164558	103.0506329113924	-8.900612398018286	991	1433	161	21.0	365.0	231.0	33	8.0	79.0	51.0	0	0	8.60187315940857	79360	9321.57349729538	73052	7.9485887096774235	
-500021.79573321046	105.675	11.602564102564102	165.85897435897436	105.57692307692308	-8.900612398018286	992	1435	170	20.0	327.0	210.0	26	8.0	87.0	56.0	0	0	9.10231351852417	79440	9330.675810813904	73124	7.95065458207452	
-575020.4348370947	105.0875	11.329113924050633	159.64556962025316	101.75949367088607	-8.900612398018286	993	1436	194	20.0	336.0	210.0	72	8.0	87.0	56.0	0	0	8.328370571136475	79520	9339.00418138504	73199	7.948943661971825	
-487524.46147415397	104.0625	11.3875	160.4	102.6125	-8.900612398018286	994	1436	181	16	336	202	42	8	79	51	0	0	9.333303213119507	79600	9348.33748459816	73275	7.9459798994974875	
-525022.7728023651	99.15	11.256410256410257	161.5	103.26923076923077	-8.900612398018286	995	1438	174	15.0	381.0	238.0	22	8.0	84.0	54.0	0	0	8.903655767440796	79680	9357.2411403656	73348	7.946787148594382	
-425029.50765655155	98.5875	11.275	145.0875	93.2375	-8.900612398018286	996	1438	174	15	316	201	58	8	84	54	0	0	8.34036111831665	79760	9365.581501483917	73423	7.94508525576731	
-512518.5602880978	99.25	11.45	160.425	102.525	-8.900612398018286	997	1438	174	17	472	290	44	8	93	60	0	0	8.064171075820923	79840	9373.645672559738	73495	7.947144288577164	
-375029.26411619206	98.075	11.835443037974683	158.67088607594937	101.89873417721519	-8.900612398018286	998	1439	176	16.0	316.0	193.0	20	8.0	80.0	52.0	0	0	8.805885791778564	79920	9382.451558351517	73570	7.9454454454454435	
-475027.4753610677	97.5625	11.5375	159.65	102.1875	-8.900612398018286	999	1439	141	15	290	181	55	8	82	53	0	0	8.757467269897461	80000	9391.209025621414	73645	7.9437500000000085	
-462524.9526739897	96.375	11.4	155.125	99.4	-8.900612398018286	1000	1439	145	15	332	211	55	8	97	63	0	0	8.006663799285889	80080	9399.2156894207	73720	7.942057942057943	
-400034.6173555908	96.5375	11.4125	157.675	100.7875	-8.900612398018286	1001	1439	155	15	300	185	41	7	90	58	0	0	9.460965394973755	80160	9408.676654815674	73796	7.939121756487026	
-412515.673064513	96.25	10.936708860759493	150.86075949367088	96.50632911392405	-8.900612398018286	1002	1440	185	18.0	329.0	211.0	11	7.0	74.0	48.0	0	0	10.193811178207397	80240	9418.870465993881	73869	7.93993020937188	
-525021.0188315834	97.0125	10.725	143.075	91.6	-8.900612398018286	1003	1440	155	20	257	162	41	7	82	53	0	0	11.06882929801941	80320	9429.9392952919	73943	7.939492031872504	
-425019.86940821336	96.65	11.192307692307692	152.28205128205127	97.5	-8.900612398018286	1004	1442	173	24.0	396.0	253.0	31	7.0	88.0	57.0	0	0	10.818103313446045	80400	9440.757398605347	74017	7.9390547263681555	
-462542.3415217012	95.6625	10.875	148.5375	94.9625	-8.900612398018286	1005	1442	140	15	283	178	45	7	74	48	0	0	10.204848766326904	80480	9450.962247371674	74093	7.936133200795226	
-400035.4660134314	94.5	11.1125	150.9875	96.4875	-8.900612398018286	1006	1442	129	15	272	169	42	8	79	51	0	0	11.98929738998413	80560	9462.951544761658	74169	7.933217477656413	
-450022.6373068992	96.825	11.179487179487179	151.47435897435898	96.94871794871794	-8.900612398018286	1007	1444	144	15.0	360.0	221.0	52	8.0	79.0	51.0	0	0	13.061776161193848	80640	9476.013320922852	74243	7.932787698412696	
-412532.69119435915	97.7625	11.0375	144.8	93.025	-8.900612398018286	1008	1444	161	15	256	161	35	8	90	58	0	0	11.652064085006714	80720	9487.665385007858	74317	7.93235877106045	
-400028.7564374418	103.2	11.225	148.4625	95.1375	-8.900612398018286	1009	1444	157	15	239	153	79	8	89	58	0	0	12.597202062606812	80800	9500.262587070465	74391	7.9319306930693045	
-425021.9249349052	100.4875	11.1625	151.6	97.0125	-8.900612398018286	1010	1444	143	15	325	199	53	8	90	58	0	0	10.087815761566162	80880	9510.350402832031	74466	7.930267062314542	
-537519.0862601189	96.6625	11.205128205128204	151.19230769230768	96.84615384615384	-8.900612398018286	1011	1446	146	15.0	283.0	178.0	50	8.0	85.0	55.0	0	0	9.586558818817139	80960	9519.936961650848	74540	7.929841897233203	
-512519.5953596835	97.75	11.08860759493671	145.1772151898734	93.0253164556962	-8.900612398018286	1012	1447	158	16.0	258.0	163.0	52	8.0	91.0	59.0	0	0	9.473616361618042	81040	9529.410578012466	74615	7.928183613030598	
-550023.2730029738	98.0875	11.307692307692308	141.43589743589743	90.98717948717949	-8.900612398018286	1013	1449	176	18.0	251.0	162.0	20	8.0	79.0	51.0	0	0	9.151409387588501	81120	9538.561987400055	74689	7.92776134122289	
-400043.56739339145	101.075	11.2	143.9875	92.3875	-8.900612398018286	1014	1449	155	15	249	157	53	8	91	59	0	0	9.980730295181274	81200	9548.542717695236	74763	7.927339901477836	
-487519.49045064003	100.6125	11.35	151.625	97.0875	-8.900612398018286	1015	1449	158	18	265	163	33	8	84	54	0	0	11.442610740661621	81280	9559.985328435898	74838	7.925688976377955	
-587512.4857408399	96.525	11.25	158.525	101.0875	-8.900612398018286	1016	1449	135	19	301	184	46	8	87	56	0	0	10.761761665344238	81360	9570.747090101242	74911	7.926499508357921	
-525026.9237918973	89.15	11.2987012987013	152.63636363636363	97.64935064935065	-8.900612398018286	1017	1452	185	17.0	265.0	170.0	3	8.0	79.0	51.0	0	0	9.474517345428467	81440	9580.22160744667	74982	7.92976424361494	
-400026.86738965486	94.2875	11.615384615384615	153.37179487179486	98.42307692307692	-8.900612398018286	1018	1454	157	17.0	278.0	170.0	10	7.0	90.0	58.0	0	0	9.354687213897705	81520	9589.576294660568	75056	7.929342492639847	
-500031.61294951045	95.05	11.79746835443038	152.79746835443038	98.07594936708861	-8.900612398018286	1019	1455	144	21.0	249.0	161.0	46	8.0	87.0	56.0	0	0	8.72155237197876	81600	9598.297847032547	75131	7.927696078431367	
-525017.2379888317	97.1125	11.924050632911392	164.25316455696202	105.26582278481013	-8.900612398018286	1020	1456	154	20.0	338.0	220.0	42	8.0	79.0	51.0	0	0	9.07075047492981	81680	9607.368597507477	75206	7.926052889324183	
-487520.3334473735	100.0	12.23076923076923	175.03846153846155	111.76923076923077	-8.900612398018286	1021	1458	181	22.0	437.0	284.0	8	8.0	87.0	56.0	0	0	9.266570329666138	81760	9616.635167837143	75279	7.926859099804304	
-437521.84675738483	94.9875	12.115384615384615	177.0	112.38461538461539	-8.900612398018286	1022	1460	173	20.0	403.0	261.0	43	8.0	100.0	65.0	0	0	9.470486164093018	81840	9626.105654001236	75353	7.926441837732156	
-500018.23717448924	98.275	12.179487179487179	168.5897435897436	107.87179487179488	-8.900612398018286	1023	1462	183	17.0	440.0	279.0	13	8.0	90.0	58.0	0	0	8.877049684524536	81920	9634.98270368576	75427	7.926025390625	
-412528.04570531775	99.15	11.949367088607595	161.18987341772151	103.25316455696202	-8.900612398018286	1024	1463	183	20.0	339.0	218.0	32	8.0	85.0	55.0	0	0	8.46522569656372	82000	9643.447929382324	75500	7.926829268292678	
-437535.08388700674	93.775	11.987012987012987	167.8181818181818	107.35064935064935	-8.900612398018286	1025	1466	157	20.0	339.0	218.0	35	8.0	87.0	56.0	0	0	8.66790771484375	82080	9652.115837097168	75572	7.928849902534125	
-462525.01371965127	93.55	12.04	170.08	108.64	-8.900612398018286	1026	1471	168	17.0	444.0	279.0	28	8.0	79.0	51.0	0	0	7.678658723831177	82160	9659.794495821	75640	7.9357351509250265	
-425027.90241096093	99.0375	12.192307692307692	171.71794871794873	110.17948717948718	-8.900612398018286	1027	1473	252	21.0	385.0	249.0	14	8.0	93.0	60.0	0	0	8.261182308197021	82240	9668.055678129196	75713	7.936527237354085	
-375028.51116196247	96.45	11.73076923076923	164.64102564102564	105.47435897435898	-8.900612398018286	1028	1475	252	21.0	375.0	243.0	20	8.0	92.0	59.0	0	0	8.885627746582031	82320	9676.941305875778	75787	7.936103012633623	
-500018.1759725659	95.3875	11.4625	162.075	103.65	-8.900612398018286	1029	1475	176	24	420	272	26	8	93	60	0	0	8.555078983306885	82400	9685.496384859085	75862	7.934466019417471	
-550015.0940831697	92.825	11.371794871794872	150.84615384615384	96.53846153846153	-8.900612398018286	1030	1477	165	17.0	284.0	180.0	27	8.0	84.0	54.0	0	0	8.26332950592041	82480	9693.759714365005	75935	7.935257032007755	
-475026.7183390314	93.3375	11.139240506329115	148.30379746835442	95.0253164556962	-8.900612398018286	1031	1478	142	16.0	266.0	169.0	27	8.0	79.0	51.0	0	0	8.86821722984314	82560	9702.627931594849	76009	7.934835271317837	
-550026.9035855843	98.475	11.448717948717949	155.71794871794873	99.7948717948718	-8.900612398018286	1032	1480	158	15.0	338.0	206.0	40	8.0	79.0	51.0	0	0	8.863857746124268	82640	9711.491789340973	76082	7.935624394966126	
-350027.96474431705	97.1875	11.225	152.275	97.7125	-8.900612398018286	1033	1480	157	15	355	221	43	8	84	54	0	0	8.605565786361694	82720	9720.097355127335	76155	7.936411992263061	
-437527.0102923444	92.9	11.316455696202532	144.1772151898734	92.79746835443038	-8.900612398018286	1034	1481	162	15.0	257.0	158.0	43	8.0	85.0	55.0	0	0	8.33275580406189	82800	9728.430110931396	76228	7.937198067632849	
-450031.51458965085	92.7625	11.394736842105264	145.17105263157896	93.25	-8.900612398018286	1035	1485	146	15.0	238.0	151.0	15	8.0	79.0	51.0	0	0	8.052713632583618	82880	9736.48282456398	76299	7.940395752895753	
-487520.0925147714	95.9375	11.7125	146.8875	94.575	-8.900612398018286	1036	1485	126	15	253	161	69	8	84	54	0	0	8.639019966125488	82960	9745.121844530106	76374	7.938765670202514	
-400038.57273800095	99.6375	11.3125	152.8375	97.8	-8.900612398018286	1037	1485	149	15	273	171	47	8	84	54	0	0	9.293259143829346	83040	9754.415103673935	76449	7.937138728323703	
-450027.79326923785	97.4875	11.443037974683545	162.30379746835442	103.50632911392405	-8.900600141194218	1038	1486	150	15.0	358.0	224.0	46	8.0	84.0	54.0	0	0	9.57918667793274	83120	9763.994290351868	76523	7.936717998075068	
-487521.92681343236	100.0375	11.475	152.6875	97.9125	-8.900600141194218	1039	1486	131	18	297	191	65	8	98	63	0	0	8.984686374664307	83200	9772.978976726532	76599	7.933894230769241	
-437531.0401396832	101.025	11.384615384615385	149.14102564102564	95.8076923076923	-8.900600141194218	1040	1488	175	16.0	248.0	156.0	23	8.0	79.0	51.0	0	0	9.004343032836914	83280	9781.983319759369	76669	7.938280499519692	
-525017.8383200202	102.7375	11.30379746835443	147.29113924050634	94.59493670886076	-8.900600141194218	1041	1489	175	17.0	264.0	169.0	54	7.0	82.0	53.0	0	0	9.880152940750122	83360	9791.863472700119	76744	7.936660268714007	
-450022.51903382066	98.9125	11.15	143.0625	91.9125	-8.900600141194218	1042	1489	163	15	275	171	33	8	97	63	0	0	9.626497983932495	83440	9801.489970684052	76818	7.936241610738264	
-587516.8923446353	97.4875	11.367088607594937	151.74683544303798	97.20253164556962	-8.900600141194218	1043	1490	127	15.0	293.0	182.0	63	8.0	90.0	58.0	0	0	9.849570989608765	83520	9811.33954167366	76891	7.937021072796938	
-625015.8481649462	97.2	11.381578947368421	145.89473684210526	93.76315789473684	-8.900600141194218	1044	1494	170	15.0	251.0	158.0	26	8.0	79.0	51.0	0	0	9.18045449256897	83600	9820.51999616623	76963	7.93899521531101	
-587522.1441025086	98.8625	11.35897435897436	151.26923076923077	97.07692307692308	-8.900600141194218	1045	1496	166	15.0	263.0	162.0	30	8.0	79.0	51.0	0	0	9.966931581497192	83680	9830.486927747726	77037	7.938575525812624	
-525021.1738661292	100.425	11.39240506329114	154.62025316455697	98.9493670886076	-8.900600141194218	1046	1497	141	15.0	305.0	188.0	45	8.0	87.0	56.0	0	0	9.392793655395508	83760	9839.879721403122	77109	7.940544412607451	
-512519.47144096234	97.775	11.455696202531646	148.46835443037975	95.26582278481013	-8.900600141194218	1047	1498	141	15.0	246.0	156.0	55	7.0	74.0	48.0	0	0	9.15661883354187	83840	9849.036340236664	77183	7.940124045801525	
-462517.39363270364	102.3375	11.925	158.4875	101.425	-8.900600141194218	1048	1498	162	18	373	229	34	8	79	51	0	0	9.882501363754272	83920	9858.918841600418	77259	7.937321258341285	
-462519.5371230159	101.3375	11.6875	153.425	98.5375	-8.900600141194218	1049	1498	146	16	312	194	64	8	90	58	0	0	9.26574993133545	84000	9868.184591531754	77335	7.93452380952381	
-412536.7823870049	102.875	11.76923076923077	161.67948717948718	103.47435897435898	-8.900600141194218	1050	1500	134	18.0	312.0	194.0	70	8.0	97.0	63.0	0	0	9.475077629089355	84080	9877.659669160843	77407	7.936489058039967	
-462539.242866353	100.175	11.9125	159.95	102.5125	-8.900600141194218	1051	1500	148	19	312	194	48	8	79	51	0	0	9.2829008102417	84160	9886.942569971085	77482	7.934885931558938	
-425025.7944897935	100.5125	11.544303797468354	152.51898734177215	97.84810126582279	-8.900600141194218	1052	1501	178	16.0	276.0	172.0	18	8.0	79.0	51.0	0	0	9.231467247009277	84240	9896.174037218094	77553	7.9380341880341945	
-525023.3145333228	98.3	11.50632911392405	148.62025316455697	95.79746835443038	-8.900600141194218	1053	1502	159	18.0	289.0	186.0	37	7.0	74.0	48.0	0	0	8.930560111999512	84320	9905.104597330093	77628	7.9364326375711585	
-575015.1774916574	99.95	11.835443037974683	148.45569620253164	95.60759493670886	-8.900600141194218	1054	1503	185	20.0	271.0	172.0	11	7.0	74.0	48.0	0	0	8.7280433177948	84400	9913.832640647888	77700	7.938388625592424	
-400021.33734642697	101.5875	11.417721518987342	147.29113924050634	94.41772151898734	-8.900600141194218	1055	1504	185	17.0	271.0	167.0	65	8.0	90.0	58.0	0	0	9.346408605575562	84480	9923.179049253464	77775	7.936789772727266	
-600021.0582550506	97.0875	10.974025974025974	144.03896103896105	92.41558441558442	-8.900600141194218	1056	1507	143	15.0	293.0	182.0	53	8.0	79.0	51.0	0	0	8.966050624847412	84560	9932.145099878311	77848	7.9375591296121115	
-537522.3192419184	95.725	11.253164556962025	147.53164556962025	94.62025316455696	-8.900600141194218	1057	1508	154	18.0	311.0	194.0	42	8.0	84.0	54.0	0	0	8.46428894996643	84640	9940.609388828278	77922	7.937145557655953	
-500020.905065051	98.4375	11.168831168831169	151.62337662337663	97.11688311688312	-8.900600141194218	1058	1511	145	18.0	333.0	206.0	41	8.0	92.0	59.0	0	0	8.435367584228516	84720	9949.044756412506	77993	7.940273843248349	
-450023.3172732963	103.9875	11.39240506329114	157.9493670886076	101.26582278481013	-8.900600141194218	1059	1512	164	21.0	441.0	275.0	7	8.0	85.0	55.0	0	0	8.73975133895874	84800	9957.784507751465	78068	7.938679245283026	
-550017.9158908533	98.25	10.49367088607595	139.9873417721519	89.70886075949367	-8.900600141194218	1060	1513	152	18.0	298.0	193.0	44	8.0	85.0	55.0	0	0	8.581665992736816	84880	9966.366173744202	78143	7.9370876531574055	
-412530.69695752615	101.3875	10.734177215189874	162.70886075949366	103.39240506329114	-8.900600141194218	1061	1514	181	16.0	391.0	241.0	15	8.0	93.0	60.0	0	0	10.001595973968506	84960	9976.36776971817	78216	7.937853107344623	
-487518.3403164544	96.925	10.759493670886076	149.91139240506328	95.62025316455696	-8.900600141194218	1062	1515	232	17.0	383.0	234.0	6	8.0	94.0	61.0	0	0	9.051294088363647	85040	9985.419063806534	78290	7.937441204139233	
-450016.97318363795	96.725	10.949367088607595	143.9620253164557	92.34177215189874	-8.900600141194218	1063	1516	147	15.0	275.0	174.0	26	7.0	74.0	48.0	0	0	9.061034440994263	85120	9994.480098247528	78364	7.9370300751879626	
-587528.7157355214	101.0	11.772151898734178	162.31645569620252	103.78481012658227	-8.900600141194218	1064	1517	152	18.0	351.0	211.0	28	8.0	87.0	56.0	0	0	9.85120415687561	85200	10004.331302404404	78439	7.935446009389665	
-537531.976209422	102.175	11.628205128205128	161.39743589743588	103.21794871794872	-8.900600141194218	1065	1519	201	17.0	351.0	211.0	25	8.0	84.0	54.0	0	0	9.272438049316406	85280	10013.60374045372	78511	7.937382739212012	
-500022.3256232369	104.5625	11.675	156.65	100.4	-8.900600141194218	1066	1519	201	15	256	161	57	8	91	59	0	0	9.2344331741333	85360	10022.838173627853	78586	7.935801312089978	
-637517.913277438	103.3375	11.461538461538462	146.6153846153846	94.43589743589743	-8.900600141194218	1067	1521	224	16.0	258.0	167.0	38	7.0	74.0	48.0	0	0	8.740419626235962	85440	10031.57859325409	78660	7.93539325842697	
-537529.543839076	100.025	11.0625	146.05	93.625	-8.900600141194218	1068	1521	175	15	216	135	49	8	84	54	0	0	9.88752818107605	85520	10041.466121435165	78735	7.933816651075773	
-525036.0005565349	96.575	11.60759493670886	148.27848101265823	95.27848101265823	-8.900600141194218	1069	1522	168	15.0	225.0	143.0	28	8.0	90.0	58.0	0	0	10.483904600143433	85600	10051.950026035309	78810	7.932242990654203	
-462520.3915278491	95.775	11.575	158.4125	101.4875	-8.900600141194218	1070	1522	155	15	286	183	41	8	88	57	0	0	10.80178952217102	85680	10062.75181555748	78883	7.933006535947712	
-575020.3560302428	97.9875	11.253164556962025	153.873417721519	98.37974683544304	-8.900600141194218	1071	1523	166	15.0	294.0	183.0	16	8.0	91.0	59.0	0	0	10.894479990005493	85760	10073.646295547485	78958	7.93143656716417	
-550020.5489729521	93.225	10.924050632911392	150.15189873417722	96.0632911392405	-8.900600141194218	1072	1524	132	18.0	293.0	182.0	16	8.0	79.0	51.0	0	0	9.363571166992188	85840	10083.009866714478	79033	7.929869524697111	
-487524.195321712	95.1	11.240506329113924	148.43037974683546	95.10126582278481	-8.900600141194218	1073	1525	162	16.0	313.0	190.0	3	7.0	74.0	48.0	0	0	9.441511631011963	85920	10092.45137834549	79107	7.929469273743024	
-437527.5000796858	96.3125	11.076923076923077	149.35897435897436	95.3076923076923	-8.900600141194218	1074	1527	161	15.0	328.0	200.0	36	8.0	82.0	53.0	0	0	9.291428327560425	86000	10101.74280667305	79180	7.9302325581395365	
-425038.18847918493	100.4375	11.192307692307692	148.78205128205127	95.24358974358974	-8.900600141194218	1075	1529	147	16.0	310.0	187.0	36	8.0	79.0	51.0	0	0	9.26671838760376	86080	10111.009525060654	79252	7.932156133828997	
-612516.8266055842	101.9	11.454545454545455	150.0	96.01298701298701	-8.900600141194218	1076	1532	174	20.0	290.0	178.0	22	7.0	74.0	48.0	0	0	9.517479658126831	86160	10120.52700471878	79323	7.935236768802227	
-512518.83467434254	106.75	11.4875	156.175	99.8625	-8.900600141194218	1077	1532	174	16	333	213	64	8	90	58	0	0	9.91513991355896	86240	10130.44214463234	79399	7.9325139146567665	
-437527.85959868395	116.2875	11.4625	148.575	95.3375	-8.900600141194218	1078	1532	190	17	253	165	64	8	91	59	0	0	9.670060157775879	86320	10140.112204790115	79474	7.930954587581098	
-537532.3457092096	115.55	11.4375	150.925	96.7	-8.900600141194218	1079	1532	191	18	285	182	64	8	90	58	0	0	8.69617509841919	86400	10148.808379888535	79549	7.929398148148152	
-537523.0580053214	112.0	11.5125	155.8625	99.725	-8.900600141194218	1080	1532	240	18	276	174	32	8	92	59	0	0	8.672622442245483	86480	10157.48100233078	79624	7.927844588344129	
-437525.62150129006	115.4875	11.177215189873417	160.27848101265823	102.20253164556962	-8.900600141194218	1081	1533	240	17.0	400.0	255.0	59	8.0	90.0	58.0	0	0	9.141821146011353	86560	10166.622823476791	79698	7.927449168207019	
-400028.6187759974	101.9375	11.329113924050633	154.0126582278481	98.67088607594937	-8.900600141194218	1082	1534	237	18.0	385.0	239.0	35	8.0	79.0	51.0	0	0	8.854247331619263	86640	10175.47707080841	79772	7.927054478301017	
-575014.567239801	101.1875	11.05	159.5125	101.4875	-8.900600141194218	1083	1534	174	18	537	329	59	8	92	59	0	0	10.216262102127075	86720	10185.693332910538	79847	7.92550738007381	
-537537.2844658375	98.1625	10.95	151.2375	96.7125	-8.900600141194218	1084	1534	146	15	312	193	55	8	79	51	0	0	8.737026691436768	86800	10194.430359601974	79922	7.923963133640555	
-537520.4145157449	97.075	10.77027027027027	151.1891891891892	96.39189189189189	-8.900600141194218	1085	1540	169	15.0	269.0	166.0	27	8.0	82.0	53.0	0	0	8.157479286193848	86880	10202.587838888168	79991	7.929327808471456	
-437523.8095698649	95.15	11.142857142857142	166.64935064935065	105.62337662337663	-8.900600141194218	1086	1543	178	17.0	304.0	189.0	18	8.0	84.0	54.0	0	0	9.082145690917969	86960	10211.669984579086	80064	7.930082796688126	
-425026.46345413884	100.4	10.875	150.1375	95.8125	-8.900600141194218	1087	1543	163	16	248	159	40	8	84	54	0	0	8.734122514724731	87040	10220.404107093811	80139	7.928538602941188	
-525030.0199905296	97.3125	10.64935064935065	148.85714285714286	95.15584415584415	-8.900600141194218	1088	1546	190	15.0	260.0	168.0	20	8.0	79.0	51.0	0	0	8.678969621658325	87120	10229.08307671547	80212	7.929292929292927	
-512523.5682411989	104.45	10.7875	163.1625	103.525	-8.900600141194218	1089	1546	149	16	449	279	61	8	87	56	0	0	8.954382419586182	87200	10238.037459135056	80286	7.928899082568805	
-400023.41366254416	106.7625	10.60759493670886	150.73417721518987	96.0886075949367	-8.900600141194218	1090	1547	163	18.0	311.0	192.0	38	8.0	88.0	57.0	0	0	8.687355995178223	87280	10246.724815130234	80361	7.927360219981665	
-437515.80061760766	107.2875	10.7875	147.55	94.275	-8.900600141194218	1091	1547	166	15	343	214	46	8	79	51	0	0	8.69698715209961	87360	10255.421802282333	80435	7.926968864468861	
-550016.4766978689	105.9875	11.1125	157.2875	100.4625	-8.900600141194218	1092	1547	206	18	310	193	32	8	82	53	0	0	8.159960269927979	87440	10263.581762552261	80510	7.925434583714548	
-450024.22128206847	108.575	11.4875	168.775	107.2875	-8.900600141194218	1093	1547	188	18	322	199	93	8	92	59	0	0	8.478110551834106	87520	10272.059873104095	80586	7.9227605118829985	
-375037.93069112126	111.975	11.113924050632912	168.40506329113924	106.81012658227849	-8.900600141194218	1094	1548	183	15.0	322.0	199.0	55	8.0	93.0	60.0	0	0	8.555790424346924	87600	10280.615663528442	80661	7.921232876712324	
-475015.478928191	115.025	11.08974358974359	167.16666666666666	106.1025641025641	-8.900600141194218	1095	1550	182	16.0	373.0	229.0	53	8.0	100.0	65.0	0	0	8.769660234451294	87680	10289.385323762894	80734	7.921989051094897	
-475027.2414566649	110.925	10.987341772151899	159.60759493670886	101.63291139240506	-8.900600141194218	1096	1551	183	19.0	330.0	209.0	63	8.0	79.0	51.0	0	0	8.844090938568115	87760	10298.229414701462	80809	7.920464904284401	
-400027.74911106116	114.4625	11.325	160.125	102.325	-8.900600141194218	1097	1551	164	16	291	187	59	7	82	53	0	0	8.934864282608032	87840	10307.16427898407	80885	7.91780510018215	
-462520.0924899175	105.4875	11.4625	155.7375	99.9875	-8.900600141194218	1098	1551	140	16	336	213	59	7	82	53	0	0	10.557653665542603	87920	10317.721932649612	80961	7.915150136487711	
-425023.2895643463	104.3875	11.35064935064935	158.28571428571428	101.15584415584415	-8.900600141194218	1099	1554	169	15.0	325.0	198.0	17	9.0	85.0	55.0	0	0	11.128304958343506	88000	10328.850237607956	81032	7.918181818181807	
-475018.00792570936	105.1	11.41025641025641	154.1153846153846	98.71794871794872	-8.900600141194218	1100	1556	166	16.0	356.0	218.0	30	8.0	90.0	58.0	0	0	9.045745849609375	88080	10337.895983457565	81106	7.917801998183478	
-562518.1046565752	100.4	11.2625	152.2875	97.5375	-8.900600141194218	1101	1556	148	16	293	182	48	8	80	52	0	0	8.843540906906128	88160	10346.739524364471	81181	7.916288566243196	
-425037.67810947745	97.7	11.0375	144.6875	92.9875	-8.900600141194218	1102	1556	154	15	314	195	75	8	79	51	0	0	8.599631786346436	88240	10355.339156150818	81257	7.91364460562103	
-562514.0449010946	96.775	11.0	146.75641025641025	94.14102564102564	-8.900600141194218	1103	1558	165	15.0	293.0	182.0	31	8.0	79.0	51.0	0	0	8.812954902648926	88320	10364.152111053467	81331	7.913269927536234	
-562524.1083350492	99.0125	11.5	152.73076923076923	98.08974358974359	-8.900600141194218	1104	1560	140	20.0	299.0	191.0	49	8.0	90.0	58.0	0	0	8.486366748809814	88400	10372.638477802277	81404	7.914027149321271	
-475028.51910792274	96.65	11.538461538461538	159.94871794871796	102.57692307692308	-8.900600141194218	1105	1562	165	17.0	293.0	183.0	31	8.0	97.0	63.0	0	0	8.655146837234497	88480	10381.293624639511	81475	7.917043399638331	
-525026.0072229322	98.225	10.782051282051283	140.2051282051282	89.96153846153847	-8.900600141194218	1106	1564	171	15.0	285.0	181.0	25	8.0	86.0	56.0	0	0	8.173882007598877	88560	10389.46750664711	81548	7.917795844625104	
-512532.82552062673	97.2375	11.026315789473685	149.03947368421052	95.4342105263158	-8.900600141194218	1107	1568	171	16.0	265.0	165.0	14	8.0	84.0	54.0	0	0	7.7429749965667725	88640	10397.210481643677	81619	7.9208032490974745	
-487519.1355431213	95.725	10.8	145.85	93.2625	-8.900600141194218	1108	1568	157	15	322	199	39	8	90	58	0	0	11.605476379394531	88720	10408.815958023071	81694	7.919296663660958	
-512520.3290876302	98.8625	11.2	144.0	92.4875	-8.900600141194218	1109	1568	178	16	299	186	43	8	85	55	0	0	8.948976993560791	88800	10417.764935016632	81770	7.916666666666671	
-462533.1953964564	99.2375	11.55	150.6	96.675	-8.900600141194218	1110	1568	153	15	300	188	73	8	79	51	0	0	8.965482234954834	88880	10426.730417251587	81844	7.916291629162913	
-525021.2482473521	99.0625	11.227848101265822	143.81012658227849	92.46835443037975	-8.900600141194218	1111	1569	153	16.0	217.0	141.0	48	8.0	87.0	56.0	0	0	8.881870746612549	88960	10435.6122879982	81918	7.915917266187051	
-537529.2416791124	102.4	11.25	153.525	98.3	-8.900600141194218	1112	1569	191	18	291	184	61	8	84	54	0	0	8.869308471679688	89040	10444.48159646988	81991	7.916666666666671	
-462524.70371556084	99.3	11.3	157.075	100.4625	-8.900600141194218	1113	1569	191	16	257	161	41	8	91	59	0	0	9.410633087158203	89120	10453.892229557037	82067	7.914048473967682	
-437520.7650278586	100.9625	11.06578947368421	154.32894736842104	98.61842105263158	-8.900600141194218	1114	1573	210	15.0	307.0	191.0	14	8.0	90.0	58.0	0	0	8.454859018325806	89200	10462.347088575363	82139	7.9159192825112115	
-375042.10377512674	110.8625	11.0875	155.0375	98.8625	-8.900600141194218	1115	1573	271	15	257	160	37	8	83	54	0	0	9.3728609085083	89280	10471.719949483871	82215	7.913306451612897	
-437532.4788743995	108.3125	11.175	152.0	97.0375	-8.900600141194218	1116	1573	232	15	291	182	19	8	97	63	0	0	8.7622389793396	89360	10480.482188463211	82291	7.910698299015223	
-550023.0321932083	111.675	11.405063291139241	151.9620253164557	97.12658227848101	-8.900600141194218	1117	1574	160	18.0	401.0	243.0	36	7.0	82.0	53.0	0	0	8.909385442733765	89440	10489.391573905945	82364	7.911449016100178	
-512531.5915168179	118.3	11.175	152.9125	97.9625	-8.900600141194218	1118	1574	160	17	262	170	67	8	79	51	0	0	8.662144660949707	89520	10498.053718566895	82437	7.912198391420915	
-400030.0850756272	117.925	11.151898734177216	161.8860759493671	103.17721518987342	-8.900600141194218	1119	1575	214	20.0	387.0	246.0	64	8.0	79.0	51.0	0	0	9.291175603866577	89600	10507.344894170761	82512	7.910714285714278	
-600014.3860658861	113.3625	11.375	149.1	95.7625	-8.900600141194218	1120	1575	191	18	228	147	85	8	91	59	0	0	8.749913215637207	89680	10516.094807386398	82587	7.909232827832284	
-487530.5801402108	103.025	11.4375	150.3375	96.4625	-8.900600141194218	1121	1575	167	18	293	182	57	8	85	55	0	0	8.53025507926941	89760	10524.625062465668	82663	7.906639928698752	
-450024.13318696374	100.75	10.9125	140.65	90.2125	-8.900600141194218	1122	1575	171	18	253	161	59	8	90	58	0	0	8.696127891540527	89840	10533.321190357208	82739	7.904051647373109	
-387531.2066306528	104.725	10.670886075949367	134.08860759493672	86.15189873417721	-8.900600141194218	1123	1576	171	18.0	231.0	150.0	34	7.0	82.0	53.0	0	0	7.720932483673096	89920	10541.042122840881	82814	7.902580071174384	
-450027.7387603875	106.0	11.175	149.5	95.8375	-8.900600141194218	1124	1576	171	18	300	194	64	8	79	51	0	0	8.512725591659546	90000	10549.55484843254	82889	7.9011111111111205	
-362545.0970891604	98.7125	10.936708860759493	146.0	93.48101265822785	-8.900600141194218	1125	1577	171	16.0	340.0	216.0	43	7.0	84.0	54.0	0	0	8.10077691078186	90080	10557.655625343323	82964	7.899644760213135	
-500025.9583619263	92.5125	10.924050632911392	146.26582278481013	93.69620253164557	-8.900600141194218	1126	1578	145	16.0	314.0	192.0	27	8.0	88.0	57.0	0	0	8.610709428787231	90160	10566.26633477211	83038	7.899290150842944	
-462522.9671952672	95.325	10.987012987012987	135.7922077922078	87.42857142857143	-8.900600141194218	1127	1581	151	18.0	243.0	156.0	32	7.0	74.0	48.0	0	0	8.289509296417236	90240	10574.555844068527	83111	7.900044326241144	
-537527.4503566752	99.9	10.513157894736842	139.82894736842104	89.47368421052632	-8.900600141194218	1128	1585	168	14.0	252.0	155.0	18	8.0	85.0	55.0	0	0	7.926425933837891	90320	10582.482270002365	83183	7.901904340124005	
-437528.79663217673	102.4	11.307692307692308	153.26923076923077	98.07692307692308	-8.900600141194218	1129	1587	168	16.0	302.0	192.0	27	8.0	85.0	55.0	0	0	10.534672021865845	90400	10593.016942024231	83254	7.904867256637175	
-400031.94655095786	96.975	11.467532467532468	151.2207792207792	96.9090909090909	-8.900600141194218	1130	1590	209	16.0	343.0	206.0	27	8.0	87.0	56.0	0	0	8.058975458145142	90480	10601.075917482376	83326	7.906719717064547	
-575015.90848057	101.05	11.602564102564102	156.84615384615384	100.51282051282051	-8.900600141194218	1131	1592	191	20.0	321.0	196.0	22	8.0	90.0	58.0	0	0	8.34209132194519	90560	10609.418008804321	83397	7.909673144876322	
-600012.4408339954	98.875	11.56578947368421	165.28947368421052	105.44736842105263	-8.900600141194218	1132	1596	174	17.0	299.0	183.0	21	7.0	82.0	53.0	0	0	8.780027389526367	90640	10618.198036193848	83468	7.912621359223309	
-475019.1039735984	101.375	11.936708860759493	167.50632911392404	107.16455696202532	-8.900600141194218	1133	1597	167	18.0	308.0	192.0	55	8.0	96.0	62.0	0	0	8.889115333557129	90720	10627.087151527405	83541	7.913359788359784	
-525017.5443732969	99.3875	11.475	155.875	99.8	-8.900600141194218	1134	1597	132	17	268	168	55	8	97	63	0	0	8.618818283081055	90800	10635.705969810486	83615	7.912995594713664	
-525023.8992256789	99.0	11.397435897435898	151.47435897435898	97.07692307692308	-8.900600141194218	1135	1599	163	16.0	381.0	231.0	33	8.0	87.0	56.0	0	0	7.498944044113159	90880	10643.204913854599	83687	7.914832746478879	
-387530.38224954694	97.725	11.625	160.45	102.7625	-8.900600141194218	1136	1599	142	19	311	193	57	8	97	63	0	0	8.877087116241455	90960	10652.08200097084	83762	7.9133685136323635	
-462525.4070503535	98.4625	11.35	158.25	101.175	-8.900600141194218	1137	1599	132	18	332	207	54	8	98	63	0	0	8.69147801399231	91040	10660.773478984833	83836	7.91300527240773	
-512526.0349917412	95.55	11.3	151.575	97.225	-8.900600141194218	1138	1599	158	17	313	196	53	8	85	55	0	0	9.215658187866211	91120	10669.989137172699	83912	7.910447761194035	
-487523.94442580885	94.6125	11.5875	160.3875	102.6125	-8.900600141194218	1139	1599	146	17	674	399	41	8	88	57	0	0	11.576616048812866	91200	10681.565753221512	83988	7.90789473684211	
-325029.3930029352	96.2125	11.5	169.51282051282053	107.67948717948718	-8.900600141194218	1140	1601	160	16.0	674.0	399.0	57	8.0	92.0	59.0	0	0	14.251247882843018	91280	10695.817001104355	84061	7.908632778264675	
-350024.58234260045	95.0125	11.807692307692308	174.0897435897436	110.55128205128206	-8.900600141194218	1141	1603	148	16.0	674.0	399.0	41	8.0	79.0	51.0	0	0	14.70226263999939	91360	10710.519263744354	84135	7.90827495621717	
-400024.9721588592	100.025	11.58974358974359	161.25641025641025	102.76923076923077	-8.900600141194218	1142	1605	182	18.0	674.0	399.0	45	8.0	79.0	51.0	0	0	14.055657148361206	91440	10724.574920892715	84206	7.91119860017497	
-412519.5930882093	93.9375	11.597402597402597	171.1818181818182	108.3896103896104	-8.900600141194218	1143	1608	165	19.0	674.0	399.0	31	8.0	96.0	62.0	0	0	14.958414077758789	91520	10739.533334970474	84278	7.91302447552448	
-475031.59794537956	91.575	10.76923076923077	155.23076923076923	98.62820512820512	-8.900600141194218	1144	1610	162	15.0	396.0	237.0	31	8.0	79.0	51.0	0	0	9.716724395751953	91600	10749.250059366226	84350	7.914847161572041	
-500019.4164553151	90.9875	10.974358974358974	150.71794871794873	96.14102564102564	-8.900600141194218	1145	1612	142	15.0	396.0	237.0	44	7.0	82.0	53.0	0	0	8.987560987472534	91680	10758.237620353699	84424	7.914485165794076	
-487530.24442339654	93.0875	11.075949367088608	139.78481012658227	89.78481012658227	-8.900600141194218	1146	1613	183	18.0	293.0	182.0	25	8.0	87.0	56.0	0	0	8.386374711990356	91760	10766.623995065689	84499	7.913034001743682	
-512523.9150983271	89.3625	11.35064935064935	144.84415584415584	93.1038961038961	-8.900600141194218	1147	1616	174	15.0	228.0	147.0	16	8.0	84.0	54.0	0	0	9.22178339958191	91840	10775.845778465271	84572	7.913763066202094	
-375037.7278323328	96.6625	11.683544303797468	152.68354430379748	97.79746835443038	-8.900600141194218	1148	1617	142	16.0	230.0	144.0	47	8.0	98.0	63.0	0	0	8.588536500930786	91920	10784.434314966202	84645	7.914490861618788	
-512531.5817741932	89.2375	10.746835443037975	137.70886075949366	88.34177215189874	-8.900600141194218	1149	1618	163	15.0	231.0	143.0	33	8.0	97.0	63.0	0	0	8.98693323135376	92000	10793.421248197556	84720	7.9130434782608745	
-400023.3518917913	84.3375	10.615384615384615	145.92307692307693	92.98717948717949	-8.900600141194218	1150	1620	139	18.0	329.0	202.0	18	8.0	79.0	51.0	0	0	8.25884199142456	92080	10801.68009018898	84791	7.915942658557768	
-475027.65460122004	89.575	10.820512820512821	150.93589743589743	96.24358974358974	-8.900600141194218	1151	1622	139	15.0	313.0	197.0	42	8.0	87.0	56.0	0	0	8.098478317260742	92160	10809.77856850624	84863	7.917751736111114	
-512527.193263283	89.325	10.893333333333333	144.14666666666668	92.32	-8.900600141194218	1152	1627	151	16.0	276.0	174.0	18	8.0	91.0	59.0	0	0	8.139512777328491	92240	10817.91808128357	84933	7.921725932350384	
-575020.9215823865	89.3	10.935897435897436	149.19230769230768	95.52564102564102	-8.900600141194218	1153	1629	159	16.0	260.0	167.0	27	8.0	84.0	54.0	0	0	8.973987817764282	92320	10826.892069101334	85006	7.922443674176776	
-537527.6861016294	90.525	11.064935064935066	149.23376623376623	95.59740259740259	-8.900600141194218	1154	1632	167	15.0	274.0	170.0	13	8.0	84.0	54.0	0	0	8.80738353729248	92400	10835.699452638626	85078	7.924242424242422	
-562524.0250659492	93.6	11.6	154.25333333333333	99.04	-8.900600141194218	1155	1637	169	16.0	382.0	242.0	27	7.0	82.0	53.0	0	0	8.854206323623657	92480	10844.55365896225	85149	7.927119377162626	
-550025.3529599226	97.775	11.417721518987342	155.41772151898735	99.56962025316456	-8.900600141194218	1156	1638	161	15.0	314.0	204.0	52	8.0	82.0	53.0	0	0	9.159303665161133	92560	10853.71296262741	85224	7.925669835782202	
-537520.5237965252	99.375	11.116883116883116	150.75324675324674	96.59740259740259	-8.900600141194218	1157	1641	166	18.0	293.0	182.0	27	8.0	95.0	61.0	0	0	8.53898572921753	92640	10862.251948356628	85296	7.92746113989638	
-387525.4787800762	104.2125	11.443037974683545	165.0506329113924	105.20253164556962	-8.900600141194218	1158	1642	168	16.0	283.0	174.0	28	8.0	97.0	63.0	0	0	9.205764770507812	92720	10871.457713127136	85369	7.928170836928388	
-350028.2329401628	115.2875	11.10126582278481	153.48101265822785	98.16455696202532	-8.900600141194218	1159	1643	187	18.0	281.0	182.0	9	8.0	90.0	58.0	0	0	8.87942123413086	92800	10880.337134361267	85443	7.927801724137922	
-450020.20974158065	122.7125	11.025	147.575	94.4	-8.900600141194218	1160	1643	187	15	387	241	77	8	97	63	0	0	8.88346004486084	92880	10889.220594406128	85517	7.927433247200682	
-437522.2178789314	114.9375	11.461538461538462	152.89743589743588	97.83333333333333	-8.900600141194218	1161	1645	200	16.0	296.0	184.0	66	8.0	96.0	62.0	0	0	8.903727054595947	92960	10898.124321460724	85590	7.928141135972467	
-437525.750438607	116.6375	11.175	154.35	98.725	-8.900600141194218	1162	1645	206	15	260	168	53	8	87	56	0	0	8.811766147613525	93040	10906.936087608337	85664	7.927773000859844	
-337533.7427117089	128.4875	11.65	161.6625	103.35	-8.900600141194218	1163	1645	234	16	274	176	49	8	86	56	0	0	10.521832942962646	93120	10917.4579205513	85740	7.925257731958766	
-525013.206605693	125.675	10.825	139.15	89.3125	-8.900600141194218	1164	1645	191	15	334	205	52	8	79	51	0	0	8.872910737991333	93200	10926.330831289291	85815	7.923819742489272	
-525018.1190853055	120.8625	10.95	136.275	87.6375	-8.900600141194218	1165	1645	188	17	293	182	45	7	79	51	0	0	8.812354564666748	93280	10935.143185853958	85891	7.921312178387652	
-450029.9237747683	118.9	11.0625	152.6875	97.6125	-8.900600141194218	1166	1645	170	15	322	197	75	8	87	56	0	0	8.394429683685303	93360	10943.537615537643	85967	7.918808911739504	
-475025.71904877725	119.525	11.0	152.15189873417722	97.41772151898734	-8.900600141194218	1167	1646	166	17.0	377.0	235.0	87	8.0	99.0	64.0	0	0	9.58816409111023	93440	10953.125779628754	86040	7.919520547945197	
-375027.70830808376	118.65	11.025	150.8125	96.425	-8.900600141194218	1168	1646	219	15	292	178	40	8	79	51	0	0	8.98381781578064	93520	10962.109597444534	86116	7.9170230966638115	
-512529.17493306875	110.15	11.291139240506329	150.9493670886076	96.51898734177215	-8.900600141194218	1169	1647	222	15.0	297.0	182.0	33	8.0	87.0	56.0	0	0	7.7366814613342285	93600	10969.846278905869	86188	7.918803418803421	
-562520.9054622216	104.35	11.628205128205128	164.1153846153846	104.84615384615384	-8.900600141194218	1170	1649	195	17.0	416.0	266.0	31	8.0	95.0	61.0	0	0	9.096328973770142	93680	10978.942607879639	86259	7.9216481639624305	
-425024.77896904136	106.5875	11.666666666666666	158.44871794871796	101.42307692307692	-8.900600141194218	1171	1651	192	20.0	347.0	216.0	25	8.0	87.0	56.0	0	0	9.36294937133789	93760	10988.305557250977	86332	7.922354948805463	
-625020.1507226446	101.6625	11.325	148.4375	95.2	-8.900600141194218	1172	1651	198	15	297	184	41	8	79	51	0	0	9.853933811187744	93840	10998.159491062164	86407	7.920929241261717	
-450025.8777664324	95.2625	11.025641025641026	150.78205128205127	96.25641025641026	-8.900600141194218	1173	1653	188	21.0	238.0	148.0	41	8.0	100.0	65.0	0	0	9.43367052078247	93920	11007.593161582947	86479	7.922700170357757	
-475029.5084100083	94.1	11.275	156.0875	99.8625	-8.900600141194218	1174	1653	155	18	328	212	41	8	97	63	0	0	9.85747480392456	94000	11017.450636386871	86553	7.922340425531914	
-512520.2818904148	93.6375	10.974683544303797	152.9873417721519	97.56962025316456	-8.900600141194218	1175	1654	161	19.0	313.0	195.0	35	8.0	84.0	54.0	0	0	9.441783428192139	94080	11026.892419815063	86626	7.923044217687064	
-537527.0713170336	94.625	10.9875	149.5625	95.675	-8.900600141194218	1176	1654	151	15	292	183	45	8	97	63	0	0	8.955640077590942	94160	11035.848059892654	86702	7.920560747663558	
-475027.5046072939	95.5375	10.564102564102564	142.28205128205127	91.14102564102564	-8.900600141194218	1177	1656	145	15.0	254.0	157.0	47	8.0	79.0	51.0	0	0	9.093763589859009	94240	11044.941823482513	86775	7.92126485568761	
-537513.5744089917	99.9375	11.225	149.525	96.0125	-8.900600141194218	1178	1656	156	20	376	241	40	7	74	48	0	0	9.338781356811523	94320	11054.280604839325	86849	7.9209075487701455	
-425017.2390587086	100.8375	11.225	153.1125	98.0375	-8.900600141194218	1179	1656	131	15	359	221	73	8	85	55	0	0	9.425774812698364	94400	11063.706379652023	86924	7.919491525423723	
-562516.2230906369	99.6625	11.1875	145.9	93.65	-8.900600141194218	1180	1656	152	16	302	189	44	8	79	51	0	0	9.045291423797607	94480	11072.751671075821	86999	7.918077900084668	
-437532.37537784874	98.675	11.354430379746836	141.49367088607596	91.12658227848101	-8.900600141194218	1181	1657	151	16.0	220.0	136.0	45	8.0	79.0	51.0	0	0	8.983762979507446	94560	11081.735434055328	87074	7.916666666666671	
-437538.37182700523	100.6875	11.1375	147.1875	94.225	-8.900600141194218	1182	1657	151	15	353	214	57	7	74	48	0	0	9.638668537139893	94640	11091.374102592468	87149	7.915257819103971	
-487518.35155346635	99.025	11.012820512820513	146.5	93.66666666666667	-8.900600141194218	1183	1659	141	15.0	457.0	279.0	56	7.0	74.0	48.0	0	0	10.029205322265625	94720	11101.403307914734	87223	7.9149070945945965	
-475020.01982947876	100.3	11.253164556962025	152.1139240506329	97.21518987341773	-8.900600141194218	1184	1660	157	15.0	457.0	279.0	36	8.0	84.0	54.0	0	0	8.95244288444519	94800	11110.355750799179	87295	7.916666666666671	
-525020.1118495229	98.8125	11.5875	150.6625	96.7875	-8.900600141194218	1185	1660	139	15	293	182	57	8	98	63	0	0	8.382620811462402	94880	11118.738371610641	87366	7.919477234401356	
-562522.0755129657	97.2375	11.35897435897436	149.28205128205127	95.62820512820512	-8.900600141194218	1186	1662	165	19.0	383.0	229.0	31	7.0	74.0	48.0	0	0	8.832754611968994	94960	11127.57112622261	87440	7.91912384161752	
-562526.2011404302	99.8625	11.645569620253164	148.8860759493671	95.59493670886076	-8.900600141194218	1187	1663	183	18.0	322.0	199.0	53	8.0	85.0	55.0	0	0	8.958555698394775	95040	11136.529681921005	87515	7.917718855218851	
-550024.84567871	98.8625	11.632911392405063	155.56962025316454	99.64556962025317	-8.900600141194218	1188	1664	154	18.0	428.0	271.0	42	8.0	87.0	56.0	0	0	8.981543779373169	95120	11145.511225700378	87588	7.918418839360811	
-537533.243325732	99.0875	11.531645569620252	154.25316455696202	99.0886075949367	-8.900600141194218	1189	1665	162	18.0	386.0	240.0	35	8.0	84.0	54.0	0	0	8.72612190246582	95200	11154.237347602844	87661	7.919117647058826	
-350032.15600835544	100.8375	11.405063291139241	162.21518987341773	103.36708860759494	-8.900600141194218	1190	1666	139	15.0	355.0	221.0	67	8.0	85.0	55.0	0	0	8.312702417373657	95280	11162.550050020218	87735	7.9187657430730525	
-450036.97952518426	98.4625	11.4125	153.9625	98.525	-8.900600141194218	1191	1666	156	16	278	174	40	7	82	53	0	0	10.293318271636963	95360	11172.843368291855	87809	7.918414429530202	
-412530.42055969837	98.625	11.50632911392405	162.45569620253164	103.82278481012658	-8.900600141194218	1192	1667	147	16.0	297.0	185.0	56	8.0	90.0	58.0	0	0	9.981802701950073	95440	11182.825170993805	87883	7.91806370494551	
-462518.4670207923	99.225	11.3	155.325	99.45	-8.900600141194218	1193	1667	128	18	296	184	69	8	84	54	0	0	9.721975326538086	95520	11192.547146320343	87957	7.917713567839186	
-400022.67962903564	96.35	11.544303797468354	151.60759493670886	97.0886075949367	-8.900600141194218	1194	1668	163	15.0	313.0	195.0	33	8.0	84.0	54.0	0	0	10.549453973770142	95600	11203.096600294113	88030	7.918410041841	
-512528.419155203	97.325	11.45	146.575	94.275	-8.900600141194218	1195	1668	163	16	264	167	53	8	95	61	0	0	10.607574939727783	95680	11213.704175233841	88105	7.9170150501672225	
-450029.72475610406	100.975	11.544303797468354	153.0632911392405	98.16455696202532	-8.900600141194218	1196	1669	163	16.0	269.0	168.0	63	8.0	84.0	54.0	0	0	10.162113428115845	95760	11223.866288661957	88180	7.915622389306591	
-512517.15966075734	99.875	11.623376623376624	153.6883116883117	98.72727272727273	-8.900600141194218	1197	1672	153	18.0	289.0	178.0	47	8.0	79.0	51.0	0	0	9.11461067199707	95840	11232.980899333954	88252	7.917362270450752	
-475025.6623813432	98.4	11.544303797468354	152.55696202531647	97.82278481012658	-8.900600141194218	1198	1673	140	15.0	289.0	179.0	37	8.0	90.0	58.0	0	0	10.672571182250977	95920	11243.653470516205	88327	7.915971643035874	
-512523.93610021204	100.6	11.354430379746836	159.48101265822785	101.9746835443038	-8.900600141194218	1199	1674	161	18.0	293.0	182.0	35	8.0	79.0	51.0	0	0	10.52321743965149	96000	11254.176687955856	88401	7.915625000000006	
-550014.9528535329	99.55	11.102564102564102	149.92307692307693	96.14102564102564	-8.900600141194218	1200	1676	150	15.0	255.0	161.0	46	8.0	79.0	51.0	0	0	9.231923341751099	96080	11263.408611297607	88474	7.916319733555369	
-662513.7454402503	100.65	10.974025974025974	148.03896103896105	94.81818181818181	-8.900600141194218	1201	1679	162	18.0	293.0	182.0	38	8.0	79.0	51.0	0	0	10.086232662200928	96160	11273.494843959808	88546	7.918053244592343	
-525020.0412487299	101.3125	11.0	148.82051282051282	95.21794871794872	-8.900600141194218	1202	1681	165	15.0	273.0	171.0	19	7.0	74.0	48.0	0	0	9.84973430633545	96240	11283.344578266144	88620	7.917705735660846	
-425021.70284997084	102.2125	10.85897435897436	142.73076923076923	91.52564102564102	-8.900600141194218	1203	1683	187	15.0	354.0	219.0	29	8.0	87.0	56.0	0	0	9.680622816085815	96320	11293.02520108223	88693	7.918397009966782	
-462521.2894036865	100.1125	11.873417721518987	158.27848101265823	101.53164556962025	-8.900600141194218	1204	1684	167	21.0	280.0	182.0	39	8.0	90.0	58.0	0	0	10.329076766967773	96400	11303.354277849197	88767	7.9180497925311215	
-475030.26548095373	99.7375	11.575	158.1125	101.1375	-8.900600141194218	1205	1684	167	15	320	199	59	8	84	54	0	0	10.20371413230896	96480	11313.557991981506	88842	7.916666666666671	
-512517.3906900234	96.2125	11.4625	154.925	99.075	-8.900600141194218	1206	1684	154	15	270	167	52	8	79	51	0	0	10.507218599319458	96560	11324.065210580826	88917	7.9152858326429225	
-512516.2877144008	97.0375	11.142857142857142	167.25974025974025	106.1948051948052	-8.900600141194218	1207	1687	176	15.0	296.0	183.0	20	8.0	79.0	51.0	0	0	10.234447956085205	96640	11334.299658536911	88990	7.9159768211920465	
-475026.8777398248	98.95	11.276315789473685	151.8684210526316	96.96052631578948	-8.900600141194218	1208	1691	154	18.0	343.0	215.0	42	8.0	79.0	51.0	0	0	10.164103984832764	96720	11344.463762521744	89062	7.917700578990903	
-462512.23577138537	100.075	11.3625	152.1625	97.2625	-8.900600141194218	1209	1691	178	18	291	179	20	8	84	54	0	0	9.66884708404541	96800	11354.13260960579	89137	7.91632231404958	
-525026.1430949722	99.4625	11.23076923076923	154.15384615384616	98.62820512820512	-8.900600141194218	1210	1693	214	17.0	361.0	227.0	22	8.0	90.0	58.0	0	0	10.068517446517944	96880	11364.201127052307	89211	7.915978530140379	
-525022.7712558998	102.525	10.95	149.7125	95.975	-8.900600141194218	1211	1693	214	17	328	213	40	8	88	57	0	0	9.754474878311157	96960	11373.955601930618	89287	7.913572607260718	
-450028.352830936	101.6625	11.1	154.45	98.6	-8.900600141194218	1212	1693	173	17	315	193	42	8	90	58	0	0	10.268723964691162	97040	11384.22432589531	89363	7.911170651277814	
-400019.50365849317	99.7625	11.4	154.0	98.6875	-8.900600141194218	1213	1693	166	16	305	186	59	8	84	54	0	0	10.02880072593689	97120	11394.253126621246	89439	7.908772652388791	
-375025.98115371855	96.1375	11.425	152.575	97.825	-8.900600141194218	1214	1693	122	19	337	218	47	8	85	55	0	0	11.652647972106934	97200	11405.905774593353	89515	7.9063786008230466	
-475038.18890670856	96.875	10.9875	146.175	93.6125	-8.900600141194218	1215	1693	151	19	355	230	45	8	96	62	0	0	10.53111743927002	97280	11416.436892032623	89590	7.905016447368425	
-512514.8777434821	95.2	11.0	142.0	91.26582278481013	-8.900600141194218	1216	1694	189	18.0	310.0	193.0	29	7.0	74.0	48.0	0	0	9.960767030715942	97360	11426.39765906334	89664	7.904683648315526	
-437529.4007417918	97.0875	11.217948717948717	160.0	101.82051282051282	-8.900600141194218	1217	1696	189	18.0	430.0	267.0	45	7.0	90.0	58.0	0	0	9.590007305145264	97440	11435.987666368484	89738	7.9043513957307	
-312536.7253561884	99.4375	11.166666666666666	156.26923076923077	99.76923076923077	-8.900600141194218	1218	1698	187	16.0	298.0	189.0	34	8.0	85.0	55.0	0	0	12.109731435775757	97520	11448.09739780426	89812	7.904019688269074	
-475031.0054663848	98.85	11.602564102564102	162.5	103.84615384615384	-8.900600141194218	1219	1700	186	16.0	338.0	209.0	45	8.0	84.0	54.0	0	0	9.6786527633667	97600	11457.776050567627	89884	7.905737704918039	
-512519.4228990814	91.0875	11.43421052631579	151.71052631578948	97.1842105263158	-8.900600141194218	1220	1704	215	15.0	304.0	189.0	23	8.0	79.0	51.0	0	0	8.438586235046387	97680	11466.214636802673	89956	7.907452907452907	
-437527.64506274683	101.4	11.3625	153.1	98.225	-8.900600141194218	1221	1704	200	17	313	195	45	8	93	60	0	0	9.333712577819824	97760	11475.548349380493	90031	7.9060965630114595	
-537525.8468476379	102.95	11.20253164556962	150.8987341772152	96.77215189873418	-8.900600141194218	1222	1705	189	17.0	375.0	241.0	26	8.0	84.0	54.0	0	0	9.455544233322144	97840	11485.003893613815	90104	7.906786590351601	
-425029.03025434294	100.3875	11.217948717948717	153.4102564102564	98.03846153846153	-8.900600141194218	1223	1707	186	15.0	293.0	182.0	35	8.0	84.0	54.0	0	0	8.976854085922241	97920	11493.980747699738	90175	7.909517973856211	
-412524.02258261584	104.675	11.243589743589743	156.82051282051282	100.16666666666667	-8.900600141194218	1224	1709	168	18.0	321.0	199.0	28	8.0	97.0	63.0	0	0	10.349138975143433	98000	11504.329886674881	90248	7.910204081632656	
-462519.4688482972	103.45	11.721518987341772	159.0632911392405	101.89873417721519	-8.900600141194218	1225	1710	168	17.0	266.0	171.0	58	8.0	97.0	63.0	0	0	10.302493572235107	98080	11514.632380247116	90323	7.90884991843393	
-525022.3983807025	102.8875	12.037974683544304	161.27848101265823	103.69620253164557	-8.900600141194218	1226	1711	168	18.0	313.0	198.0	46	8.0	97.0	63.0	0	0	9.661912441253662	98160	11524.29429268837	90398	7.907497962510192	
-500019.7048075471	103.7	11.727272727272727	158.36363636363637	101.76623376623377	-8.900600141194218	1227	1714	194	18.0	293.0	182.0	23	8.0	79.0	51.0	0	0	8.706921577453613	98240	11533.001214265823	90469	7.910219869706836	
-437524.0908128487	101.8625	11.5125	157.85	101.2125	-8.900600141194218	1228	1714	210	18	285	181	66	8	92	59	0	0	9.33197546005249	98320	11542.333189725876	90544	7.908868999186325	
-437528.9951369317	104.45	11.666666666666666	162.64102564102564	104.28205128205128	-8.900600141194218	1229	1716	231	17.0	350.0	218.0	6	8.0	91.0	59.0	0	0	9.336884021759033	98400	11551.670073747635	90617	7.909552845528452	
-450029.2165980553	102.9375	11.725	165.5125	105.8125	-8.900600141194218	1230	1716	175	16	431	263	56	8	84	54	0	0	9.428351402282715	98480	11561.098425149918	90692	7.908204711616577	
-487520.74002319935	98.3875	11.25	153.825	98.5625	-8.900600141194218	1231	1716	152	15	375	232	44	8	79	51	0	0	9.632183074951172	98560	11570.730608224869	90766	7.907873376623371	
-437529.34234826517	96.2	10.907894736842104	154.72368421052633	98.84210526315789	-8.900600141194218	1232	1720	142	16.0	418.0	259.0	44	8.0	88.0	57.0	0	0	9.14609432220459	98640	11579.876702547073	90838	7.909570154095704	
-500027.6377661517	102.475	11.126582278481013	147.68354430379748	94.9367088607595	-8.900600141194218	1233	1721	139	17.0	293.0	182.0	59	8.0	87.0	56.0	0	0	9.322954893112183	98720	11589.199657440186	90912	7.9092382495948215	
-500033.0488617682	100.8125	11.225	155.9875	99.6	-8.900600141194218	1234	1721	148	15	378	232	55	8	97	63	0	0	10.120245456695557	98800	11599.319902896881	90986	7.908906882591097	
-475021.1090101002	98.2	11.569620253164556	154.9873417721519	99.25316455696202	-8.900600141194218	1235	1722	147	18.0	295.0	183.0	49	8.0	84.0	54.0	0	0	8.623395204544067	98880	11607.943298101425	91059	7.909587378640779	
-537527.4221049066	99.2375	11.139240506329115	155.8860759493671	99.55696202531645	-8.900600141194218	1236	1723	185	15.0	330.0	204.0	26	7.0	74.0	48.0	0	0	9.379652261734009	98960	11617.32295036316	91134	7.9082457558609605	
-525035.3335454052	99.2625	11.512820512820513	164.26923076923077	104.6923076923077	-8.900600141194218	1237	1725	185	18.0	327.0	198.0	34	8.0	90.0	58.0	0	0	9.456744194030762	99040	11626.77969455719	91207	7.9089256865912745	
-400029.77441868954	105.5	11.5125	162.975	104.2	-8.900600141194218	1238	1725	155	17	322	205	50	8	93	60	0	0	8.927453994750977	99120	11635.707148551941	91282	7.907586763518964	
-325041.5007906395	102.5625	11.5375	161.5625	103.3875	-8.900600141194218	1239	1725	155	18	330	210	87	8	95	61	0	0	9.084027767181396	99200	11644.791176319122	91357	7.90625	
-437527.39597720455	103.6875	11.037974683544304	144.62025316455697	92.79746835443038	-8.900600141194218	1240	1726	166	18.0	269.0	172.0	39	8.0	84.0	54.0	0	0	8.6904296875	99280	11653.481606006622	91431	7.905922643029811	
-450020.0811442455	103.85	11.531645569620252	153.9240506329114	98.65822784810126	-8.900600141194218	1241	1727	163	18.0	321.0	199.0	62	8.0	87.0	56.0	0	0	8.966385126113892	99360	11662.447991132736	91505	7.905595813204513	
-537521.3436219904	98.7875	11.0125	139.8	89.95	-8.900600141194218	1242	1727	155	18	256	161	81	8	90	58	0	0	7.956852674484253	99440	11670.40484380722	91581	7.903258246178595	
-450021.6044257518	100.275	10.9375	142.975	91.75	-8.900600141194218	1243	1727	155	16	290	181	59	8	90	58	0	0	8.517967462539673	99520	11678.92281126976	91656	7.90192926045016	
-450017.7729632828	103.45	11.037974683544304	149.9493670886076	95.9620253164557	-8.900600141194218	1244	1728	184	18.0	416.0	271.0	12	8.0	88.0	57.0	0	0	8.884636402130127	99600	11687.80744767189	91726	7.905622489959839	
-512530.27312253823	102.5	11.166666666666666	147.9102564102564	94.96153846153847	-8.900600141194218	1245	1730	171	17.0	285.0	184.0	25	8.0	79.0	51.0	0	0	8.133026361465454	99680	11695.940474033356	91799	7.906300160513652	
-500023.24532769463	103.175	10.818181818181818	139.4935064935065	89.71428571428571	-8.900600141194218	1246	1733	155	15.0	312.0	198.0	58	8.0	90.0	58.0	0	0	8.238208055496216	99760	11704.178682088852	91871	7.9079791499599	
-525024.1549352113	101.6625	11.0625	146.4125	93.9	-8.900600141194218	1247	1733	149	15	308	192	45	8	90	58	0	0	9.322418928146362	99840	11713.501101016998	91946	7.906650641025635	
-412536.6066670109	103.7375	10.73076923076923	152.28205128205127	97.14102564102564	-8.900600141194218	1248	1735	190	15.0	352.0	215.0	26	8.0	91.0	59.0	0	0	8.426355123519897	99920	11721.927456140518	92019	7.907325860688559	
-500019.01691561675	104.125	10.782051282051283	157.12820512820514	100.01282051282051	-8.900600141194218	1249	1737	192	18.0	424.0	257.0	24	8.0	79.0	51.0	0	0	8.782409429550171	100000	11730.709865570068	92093	7.9069999999999965	
-437523.70621592813	108.0125	11.15	150.525	96.6	-8.900600141194218	1250	1737	192	18	337	214	39	8	96	62	0	0	8.420341491699219	100080	11739.130207061768	92169	7.904676258992808	
-400030.11828215123	115.7	10.3625	141.025	90.1625	-8.900600141194218	1251	1737	192	15	337	206	40	8	79	51	0	0	8.312475681304932	100160	11747.442682743073	92242	7.905351437699679	
-387533.21995476895	113.9625	11.0125	149.4875	95.625	-8.900600141194218	1252	1737	238	16	280	172	52	8	91	59	0	0	8.737473487854004	100240	11756.180156230927	92316	7.905027932960891	
-487525.4320606698	125.15	10.6125	146.9875	93.775	-8.900600141194218	1253	1737	229	16	338	216	27	7	74	48	0	0	8.878211736679077	100320	11765.058367967606	92391	7.903708133971293	
-462518.4308117735	127.9375	10.7	143.8125	92.1375	-8.900600141194218	1254	1737	192	19	302	193	66	7	74	48	0	0	8.842608213424683	100400	11773.90097618103	92464	7.904382470119515	
-450016.9868337583	127.0625	10.9375	145.2	93.075	-8.900600141194218	1255	1737	216	15	280	174	65	8	100	65	0	0	9.193106174468994	100480	11783.0940823555	92537	7.9050557324840725	
-450018.9022953311	132.9	10.291139240506329	140.73417721518987	90.0253164556962	-8.900600141194218	1256	1738	235	13.0	224.0	139.0	40	7.0	74.0	48.0	0	0	8.820478439331055	100560	11791.91456079483	92611	7.9047334924423325	
-400034.2972737338	128.8875	10.615384615384615	144.21794871794873	92.2948717948718	-8.900600141194218	1257	1740	231	15.0	346.0	213.0	44	7.0	74.0	48.0	0	0	8.06184458732605	100640	11799.976405382156	92684	7.9054054054054035	
-512526.6617508026	122.25	11.329113924050633	154.13924050632912	98.89873417721519	-8.900600141194218	1258	1741	231	23.0	540.0	349.0	68	8.0	88.0	57.0	0	0	8.339607954025269	100720	11808.316013336182	92759	7.904090548054015	
-525027.6213650431	136.1375	11.20253164556962	155.68354430379748	99.70886075949367	-8.900600141194218	1259	1742	240	18.0	283.0	181.0	62	7.0	74.0	48.0	0	0	9.690185070037842	100800	11818.00619840622	92834	7.902777777777786	
-575019.590583843	119.125	11.282051282051283	156.03846153846155	99.96153846153847	-8.900600141194218	1260	1744	239	16.0	293.0	182.0	29	8.0	85.0	55.0	0	0	8.711321353912354	100880	11826.717519760132	92907	7.903449643140377	
-550025.8502921357	108.275	11.113924050632912	150.1772151898734	96.37974683544304	-8.900600141194218	1261	1745	225	15.0	323.0	201.0	29	7.0	74.0	48.0	0	0	9.409038782119751	100960	11836.126558542252	92979	7.905110935023771	
-412534.1544178353	107.0125	11.253164556962025	150.81012658227849	96.67088607594937	-8.900600141194218	1262	1746	225	15.0	269.0	171.0	70	8.0	85.0	55.0	0	0	9.059702157974243	101040	11845.186260700226	93051	7.906769596199524	
-425027.77389698906	108.3	11.128205128205128	153.17948717948718	97.84615384615384	-8.900600141194218	1263	1748	192	15.0	333.0	206.0	45	7.0	74.0	48.0	0	0	8.93517541885376	101120	11854.12143611908	93125	7.906447784810126	
-475031.58302545117	100.5125	11.375	154.475	98.8875	-8.900600141194218	1264	1748	192	15	260	161	36	8	86	56	0	0	9.689927816390991	101200	11863.81136393547	93201	7.904150197628454	
-462535.34999524185	99.8375	11.291139240506329	150.91139240506328	96.59493670886076	-8.900600141194218	1265	1749	192	18.0	297.0	184.0	35	8.0	92.0	59.0	0	0	8.854490995407104	101280	11872.665854930878	93274	7.904818325434434	
-450023.39351602877	97.6875	11.215189873417721	158.25316455696202	100.83544303797468	-8.900600141194218	1266	1750	171	15.0	386.0	231.0	31	8.0	79.0	51.0	0	0	10.992421388626099	101360	11883.658276319504	93348	7.904498816101025	
-375017.42117576685	90.325	11.03896103896104	163.71428571428572	103.97402597402598	-8.900600141194218	1267	1753	153	16.0	258.0	161.0	31	8.0	79.0	51.0	0	0	9.550726652145386	101440	11893.20900297165	93420	7.9061514195583555	
-425015.85702128627	95.25	10.857142857142858	161.46753246753246	102.72727272727273	-8.900600141194218	1268	1756	169	16.0	333.0	206.0	10	8.0	91.0	59.0	0	0	8.712160348892212	101520	11901.921163320541	93492	7.907801418439718	
-450018.9145605549	97.6	11.151898734177216	164.9620253164557	104.9367088607595	-8.900600141194218	1269	1757	140	15.0	322.0	199.0	56	8.0	96.0	62.0	0	0	10.2992582321167	101600	11912.220421552658	93567	7.906496062992133	
-475021.8033245977	98.9125	11.39240506329114	147.62025316455697	94.92405063291139	-8.900600141194218	1270	1758	171	15.0	271.0	167.0	25	8.0	79.0	51.0	0	0	9.388606548309326	101680	11921.609028100967	93641	7.906176239181747	
-525028.771268883	98.6125	11.7125	157.9625	101.1125	-8.900600141194218	1271	1758	165	16	390	235	31	8	84	54	0	0	10.199619770050049	101760	11931.808647871017	93716	7.904874213836479	
-537538.2586745312	97.9875	11.632911392405063	155.25316455696202	99.49367088607595	-8.900600141194218	1272	1759	170	18.0	360.0	229.0	24	8.0	87.0	56.0	0	0	9.902599334716797	101840	11941.711247205734	93790	7.904556166535741	
-500029.50460628886	97.9125	11.225	139.05	89.4375	-8.900600141194218	1273	1759	134	18	291	179	62	8	79	51	0	0	9.149982452392578	101920	11950.861229658127	93865	7.903257456828882	
-512533.0552894665	98.175	11.558441558441558	151.12987012987014	97.12987012987013	-8.900600141194218	1274	1762	189	18.0	275.0	172.0	14	8.0	95.0	61.0	0	0	8.916534662246704	102000	11959.777764320374	93936	7.905882352941177	
-525039.4405556044	98.5875	11.544303797468354	152.0632911392405	97.56962025316456	-8.900600141194218	1275	1763	162	19.0	283.0	184.0	34	8.0	79.0	51.0	0	0	9.08142900466919	102080	11968.859193325043	94010	7.905564263322887	
-475026.64384169056	99.075	11.575	150.4625	96.7125	-8.900600141194218	1276	1763	128	16	278	177	87	8	93	60	0	0	9.12473726272583	102160	11977.983930587769	94086	7.903288958496475	
-450024.63828875293	99.4	11.683544303797468	151.45569620253164	97.32911392405063	-8.900600141194218	1277	1764	128	16.0	291.0	180.0	87	8.0	96.0	62.0	0	0	9.440988063812256	102240	11987.42491865158	94159	7.903951486697963	
-437524.0677392632	98.6	11.5125	147.625	94.825	-8.900600141194218	1278	1764	148	17	284	179	37	8	87	56	0	0	9.704471111297607	102320	11997.129389762878	94234	7.9026583268178285	
-450027.57990933006	98.65	11.41025641025641	146.46153846153845	94.07692307692308	-8.900600141194218	1279	1766	151	23.0	366.0	238.0	45	8.0	80.0	52.0	0	0	8.379717826843262	102400	12005.509107589722	94306	7.904296875	
-575015.0569854196	97.575	11.1625	146.1875	93.7375	-8.900600141194218	1280	1766	160	21	330	209	36	8	95	61	0	0	9.580661296844482	102480	12015.089768886566	94382	7.902029664324743	
-450025.02487095294	100.15	11.512820512820513	157.69230769230768	100.96153846153847	-8.900600141194218	1281	1768	177	19.0	455.0	286.0	52	8.0	79.0	51.0	0	0	8.120985507965088	102560	12023.210754394531	94455	7.902691107644316	
-450028.2838219966	99.8	11.60759493670886	151.56962025316454	97.29113924050633	-8.900600141194218	1282	1769	188	19.0	260.0	161.0	50	8.0	84.0	54.0	0	0	8.882636308670044	102640	12032.093390703201	94529	7.902377240841773	
-487526.79862777115	95.7375	11.417721518987342	145.50632911392404	93.55696202531645	-8.900600141194218	1283	1770	176	15.0	279.0	180.0	30	8.0	79.0	51.0	0	0	8.627186298370361	102720	12040.720577001572	94603	7.902063862928344	
-537531.5681021259	97.4875	11.168831168831169	141.35064935064935	90.74025974025975	-8.900600141194218	1284	1773	161	17.0	279.0	171.0	39	8.0	84.0	54.0	0	0	8.048316717147827	102800	12048.76889371872	94676	7.902723735408557	
-512522.898097562	94.2375	11.39240506329114	149.29113924050634	95.72151898734177	-8.900600141194218	1285	1774	158	18.0	324.0	197.0	14	8.0	85.0	55.0	0	0	10.391000747680664	102880	12059.1598944664	94750	7.9024105754276945	
-537524.0154250036	99.85	11.1	151.8875	97.0625	-8.900600141194218	1286	1774	148	16	378	235	39	8	84	54	0	0	9.851796388626099	102960	12069.011690855026	94824	7.902097902097907	
-462525.01390623813	97.9125	11.2	157.5375	100.3875	-8.900600141194218	1287	1774	136	18	318	206	60	8	79	51	0	0	9.516642570495605	103040	12078.528333425522	94899	7.9008152173912976	
-425020.9977604214	101.2	10.810126582278482	154.84810126582278	98.73417721518987	-8.900600141194218	1288	1775	178	15.0	344.0	213.0	50	8.0	92.0	59.0	0	0	9.0622079372406	103120	12087.590541362762	94973	7.90050426687354	
-450031.2769412821	96.7375	10.875	147.2875	94.225	-8.900600141194218	1289	1775	151	15	293	182	45	8	87	56	0	0	7.509746551513672	103200	12095.100287914276	95047	7.900193798449621	
-425026.07172886375	98.75	10.594936708860759	147.51898734177215	93.9367088607595	-8.900600141194218	1290	1776	146	16.0	352.0	217.0	44	8.0	79.0	51.0	0	0	10.001871585845947	103280	12105.102159500122	95122	7.898915569326107	
-537525.0572882792	100.45	11.1625	154.95	98.8	-8.900600141194218	1291	1776	153	15	311	197	50	8	87	56	0	0	8.364445686340332	103360	12113.466605186462	95197	7.897639318885453	
-475026.8441656533	101.1125	10.582278481012658	149.50632911392404	95.35443037974683	-8.900600141194218	1292	1777	148	15.0	338.0	206.0	50	7.0	79.0	51.0	0	0	8.490058898925781	103440	12121.956664085388	95271	7.897331786542921	
-462521.943072527	101.825	10.894736842105264	152.68421052631578	97.71052631578948	-8.900600141194218	1293	1781	184	15.0	323.0	196.0	27	7.0	82.0	53.0	0	0	7.555804967880249	103520	12129.512469053268	95342	7.899922720247304	
-500028.0509609852	104.1375	11.289473684210526	148.32894736842104	95.01315789473684	-8.900600141194218	1294	1785	207	18.0	330.0	207.0	9	8.0	79.0	51.0	0	0	7.940498352050781	103600	12137.45296740532	95413	7.90250965250965	
-512523.78053808154	104.4875	11.379746835443038	148.0253164556962	94.88607594936708	-8.900600141194218	1295	1786	167	18.0	326.0	198.0	36	7.0	74.0	48.0	0	0	8.175124168395996	103680	12145.628091573715	95487	7.902199074074076	
-512529.81968254317	101.9875	11.233766233766234	163.0909090909091	103.96103896103897	-8.900600141194218	1296	1789	178	17.0	375.0	232.0	25	8.0	79.0	51.0	0	0	8.162016868591309	103760	12153.790108442307	95560	7.902852737085581	
-512524.5591254573	99.4	11.092105263157896	150.72368421052633	96.52631578947368	-8.900600141194218	1297	1793	206	19.0	232.0	147.0	25	8.0	84.0	54.0	0	0	7.726037502288818	103840	12161.516145944595	95629	7.907357473035432	
-587524.0831280161	98.55	11.2625	150.9625	96.75	-8.900600141194218	1298	1793	150	15	316	199	46	8	84	54	0	0	8.481337070465088	103920	12169.99748301506	95705	7.905119322555805	
-487528.1261150772	98.7625	10.987179487179487	148.32051282051282	94.74358974358974	-8.900600141194218	1299	1795	192	18.0	359.0	228.0	28	8.0	90.0	58.0	0	0	7.965841770172119	104000	12177.963324785233	95777	7.9067307692307764	
-475025.3455498464	97.4375	11.0	149.6875	95.925	-8.900600141194218	1300	1795	146	15	347	215	50	8	84	54	0	0	7.282581329345703	104080	12185.245906114578	95853	7.904496541122214	
-512527.4956042234	99.1375	11.25974025974026	150.1818181818182	96.2987012987013	-8.900600141194218	1301	1798	205	17.0	293.0	183.0	18	8.0	95.0	61.0	0	0	7.475820064544678	104160	12192.721726179123	95925	7.906105990783402	
-487522.37801148277	100.675	11.375	149.3375	95.825	-8.900600141194218	1302	1798	182	18	275	174	25	8	90	58	0	0	8.039065599441528	104240	12200.760791778564	95999	7.905794320798151	
-550021.7051419158	96.2375	11.705128205128204	166.87179487179486	106.84615384615384	-8.900600141194218	1303	1800	188	15.0	323.0	206.0	8	8.0	97.0	63.0	0	0	8.001227378845215	104320	12208.76201915741	96073	7.905483128834362	
-425023.0529888153	95.7	11.118421052631579	153.73684210526315	98.44736842105263	-8.900600141194218	1304	1804	188	15.0	324.0	208.0	8	8.0	100.0	65.0	0	0	8.068207740783691	104400	12216.830226898193	96143	7.909003831417621	
-500029.60934717656	99.3375	11.5	157.93589743589743	101.26923076923077	-8.900600141194218	1305	1806	188	16.0	313.0	195.0	25	8.0	108.0	70.0	0	0	8.221583127975464	104480	12225.051810026169	96217	7.908690658499225	
-562516.4171128012	99.4875	11.291139240506329	151.2405063291139	96.79746835443038	-8.900600141194218	1306	1807	152	17.0	274.0	171.0	55	7.0	79.0	51.0	0	0	8.738717317581177	104560	12233.79052734375	96291	7.908377964804885	
-475028.1693692696	100.5125	11.538461538461538	155.94871794871796	99.82051282051282	-8.900600141194218	1307	1809	211	16.0	301.0	186.0	20	8.0	88.0	57.0	0	0	8.008320331573486	104640	12241.798847675323	96364	7.909021406727831	
-450020.4572965611	104.7625	11.3875	161.25	103.0875	-8.900600141194218	1308	1809	171	16	320	203	90	8	90	58	0	0	7.768983840942383	104720	12249.567831516266	96440	7.906799083269661	
-425023.20090435434	99.525	11.329113924050633	151.26582278481013	96.9493670886076	-8.900600141194218	1309	1810	171	18.0	297.0	185.0	25	8.0	87.0	56.0	0	0	7.997225999832153	104800	12257.565057516098	96515	7.905534351145036	
-450023.4491576598	99.175	10.584415584415584	149.2987012987013	95.22077922077922	-8.900600141194218	1310	1813	171	16.0	289.0	181.0	22	8.0	85.0	55.0	0	0	8.470429182052612	104880	12266.03548669815	96588	7.906178489702526	
-412525.0865903318	97.2625	10.35064935064935	143.55844155844156	91.49350649350649	-8.900600141194218	1311	1816	149	15.0	271.0	166.0	40	8.0	84.0	54.0	0	0	7.89910888671875	104960	12273.93459558487	96660	7.907774390243901	
-425016.0356073201	97.0	10.5125	144.5375	92.1375	-8.900600141194218	1312	1816	151	15	293	182	31	8	85	55	0	0	8.161035537719727	105040	12282.09563112259	96735	7.906511805026668	
-425026.9670495942	95.425	10.886075949367088	141.86075949367088	90.9873417721519	-8.900600141194218	1313	1817	157	17.0	243.0	158.0	30	7.0	74.0	48.0	0	0	7.8118205070495605	105120	12289.907451629639	96809	7.906202435312025	
-437519.72103510704	97.8	11.329113924050633	146.7594936708861	94.0379746835443	-8.900600141194218	1314	1818	158	16.0	300.0	185.0	45	8.0	82.0	53.0	0	0	8.97098422050476	105200	12298.878435850143	96884	7.904942965779469	
-512520.3496561805	103.125	11.425	144.5625	92.775	-8.900600141194218	1315	1818	166	16	265	169	43	7	74	48	0	0	9.29457950592041	105280	12308.173015356064	96960	7.902735562310028	
-475018.0050610883	101.0125	11.6	154.2125	98.8125	-8.900600141194218	1316	1818	174	18	340	215	22	8	96	62	0	0	9.257073402404785	105360	12317.430088758469	97034	7.902429764616542	
-500020.19231214747	101.425	11.538461538461538	145.15384615384616	93.43589743589743	-8.900600141194218	1317	1820	164	18.0	289.0	176.0	32	8.0	90.0	58.0	0	0	8.944812536239624	105440	12326.374901294708	97106	7.904021244309561	
-650016.9496361514	97.425	11.632911392405063	152.46835443037975	97.87341772151899	-8.900600141194218	1318	1821	153	17.0	300.0	193.0	43	9.0	97.0	63.0	0	0	9.006964445114136	105520	12335.381865739822	97179	7.9046626231994	
-500013.8251642173	95.6875	11.974025974025974	155.4805194805195	99.71428571428571	-8.900600141194218	1319	1824	155	16.0	294.0	181.0	41	8.0	79.0	51.0	0	0	8.992745161056519	105600	12344.374610900879	97251	7.90625	
-400027.98942796845	93.125	11.602564102564102	151.3846153846154	97.1923076923077	-8.900600141194218	1320	1826	141	17.0	293.0	182.0	47	8.0	93.0	60.0	0	0	9.85556173324585	105680	12354.230172634125	97323	7.907834973504919	
-475029.2257310039	95.475	10.848101265822784	140.69620253164558	90.31645569620254	-8.900600141194218	1321	1827	156	16.0	273.0	170.0	40	8.0	85.0	55.0	0	0	9.073016166687012	105760	12363.303188800812	97397	7.9075264750378125	
-412534.1716584743	95.7375	10.60759493670886	144.40506329113924	92.24050632911393	-8.900600141194218	1322	1828	148	13.0	303.0	188.0	31	8.0	87.0	56.0	0	0	8.346058368682861	105840	12371.649247169495	97472	7.9062736205593325	
-450024.12442820444	97.2375	10.91139240506329	149.8987341772152	95.65822784810126	-8.900600141194218	1323	1829	137	15.0	314.0	193.0	48	8.0	79.0	51.0	0	0	7.338750600814819	105920	12378.98799777031	97545	7.90691087613294	
-437523.14067075885	97.3625	10.746835443037975	144.83544303797467	92.63291139240506	-8.900600141194218	1324	1830	143	16.0	261.0	161.0	59	8.0	85.0	55.0	0	0	8.272053480148315	106000	12387.260051250458	97620	7.905660377358487	
-412528.18937562796	94.975	10.935897435897436	167.65384615384616	106.42307692307692	-8.900600141194218	1325	1832	164	15.0	332.0	211.0	32	8.0	98.0	63.0	0	0	7.883281469345093	106080	12395.143332719803	97694	7.9053544494720995	
-475025.51118225773	94.85	10.5875	153.9125	98.0625	-8.900600141194218	1326	1832	132	15	314	194	50	8	84	54	0	0	8.29737901687622	106160	12403.440711736679	97770	7.90316503391108	
-437524.8935554122	94.1125	11.139240506329115	159.26582278481013	101.74683544303798	-8.900600141194218	1327	1833	129	15.0	357.0	222.0	50	8.0	101.0	65.0	0	0	7.465055704116821	106240	12410.905767440796	97845	7.9019201807228825	
-600016.7154577051	97.5125	10.987341772151899	154.40506329113924	98.54430379746836	-8.900600141194218	1328	1834	123	15.0	357.0	222.0	77	8.0	88.0	57.0	0	0	7.951561450958252	106320	12418.857328891754	97920	7.900677200902933	
-537523.0485764696	98.15	11.1	158.5375	101.05	-8.900600141194218	1329	1834	145	15	322	202	50	8	94	61	0	0	7.97834849357605	106400	12426.83567738533	97994	7.900375939849624	
-375030.3133079996	97.375	11.225	150.075	96.075	-8.900600141194218	1330	1834	134	18	324	207	62	8	83	54	0	0	7.48439621925354	106480	12434.320073604584	98068	7.900075131480094	
-600016.122088173	97.325	10.949367088607595	148.0	94.78481012658227	-8.900600141194218	1331	1835	193	15.0	300.0	188.0	32	8.0	92.0	59.0	0	0	8.844641923904419	106560	12443.164715528488	98143	7.8988363363363305	
-525028.9586557394	96.1	10.860759493670885	153.30379746835442	97.72151898734177	-8.900600141194218	1332	1836	175	16.0	383.0	239.0	35	8.0	84.0	54.0	0	0	8.848703622817993	106640	12452.013419151306	98217	7.898537134283572	
-512516.86323671584	103.4625	11.076923076923077	160.14102564102564	101.6923076923077	-8.900600141194218	1333	1838	165	15.0	287.0	173.0	31	8.0	97.0	63.0	0	0	9.148924350738525	106720	12461.162343502045	98289	7.900112443778113	
-487517.1211752668	107.675	11.333333333333334	158.92307692307693	101.52564102564102	-8.900600141194218	1334	1840	166	15.0	287.0	174.0	41	8.0	93.0	60.0	0	0	8.54158902168274	106800	12469.703932523727	98361	7.9016853932584326	
-525018.9871085901	108.1625	11.632911392405063	154.41772151898735	99.17721518987342	-8.900600141194218	1335	1841	164	21.0	295.0	191.0	58	8.0	79.0	51.0	0	0	8.698816776275635	106880	12478.402749300003	98436	7.900449101796397	
-625017.7319967045	102.4375	11.236842105263158	156.07894736842104	99.96052631578948	-8.900600141194218	1336	1845	187	16.0	289.0	181.0	29	8.0	79.0	51.0	0	0	9.125675678253174	106960	12487.528424978256	98508	7.902019446522075	
-437528.44462869706	110.4125	10.987341772151899	150.65822784810126	96.59493670886076	-8.900600141194218	1337	1846	184	17.0	346.0	221.0	12	8.0	79.0	51.0	0	0	8.511403799057007	107040	12496.039828777313	98583	7.900784753363226	
-437531.9318067556	107.7375	11.455696202531646	149.8987341772152	96.13924050632912	-8.900600141194218	1338	1847	152	15.0	285.0	183.0	57	8.0	97.0	63.0	0	0	9.446314334869385	107120	12505.486143112183	98656	7.901418969380131	
-587526.3882882626	110.6375	10.89873417721519	143.68354430379748	92.20253164556962	-8.900600141194218	1339	1848	198	15.0	227.0	142.0	64	7.0	74.0	48.0	0	0	9.363225936889648	107200	12514.849369049072	98730	7.901119402985074	
-550025.8305660033	105.0375	11.423076923076923	153.2051282051282	98.12820512820512	-8.900600141194218	1340	1850	175	17.0	332.0	212.0	51	8.0	88.0	57.0	0	0	9.237462282180786	107280	12524.086831331253	98801	7.903616703952281	
-525026.9892539151	100.7	11.775	154.45	99.35	-8.900600141194218	1341	1850	164	17	336	212	32	7	74	48	0	0	9.93095874786377	107360	12534.017790079117	98876	7.902384500745157	
-512519.1682589799	103.925	11.95	160.5875	103.1125	-8.900600141194218	1342	1850	152	19	336	212	86	8	79	51	0	0	8.7335786819458	107440	12542.751368761063	98949	7.903015636634407	
-500024.96832928545	100.675	11.1875	150.25	96.2875	-8.900600141194218	1343	1850	178	15	293	182	33	8	87	56	0	0	9.178673267364502	107520	12551.930042028427	99025	7.900855654761912	
-625011.8680390111	101.7	11.397435897435898	152.7948717948718	97.94871794871794	-8.900600141194218	1344	1852	169	19.0	274.0	174.0	63	8.0	84.0	54.0	0	0	8.334838151931763	107600	12560.264880180359	99097	7.902416356877325	
-575017.2670416568	103.275	11.102564102564102	151.16666666666666	96.57692307692308	-8.900600141194218	1345	1854	169	19.0	327.0	201.0	39	8.0	84.0	54.0	0	0	9.363133907318115	107680	12569.628014087677	99170	7.903046062407142	
-512517.8790095515	107.1375	10.975	145.4875	93.3125	-8.900600141194218	1346	1854	183	19	277	168	52	7	74	48	0	0	8.558245658874512	107760	12578.186259746552	99246	7.900890868596875	
-562515.8189891425	99.5625	11.35	153.075	97.95	-8.900600141194218	1347	1854	187	18	322	207	40	7	74	48	0	0	8.856998920440674	107840	12587.043258666992	99322	7.89873887240357	
-425030.7360559877	96.925	10.935064935064934	157.44155844155844	99.92207792207792	-8.900600141194218	1348	1857	159	18.0	286.0	174.0	20	8.0	85.0	55.0	0	0	8.449019193649292	107920	12595.492277860641	99394	7.900296515937725	
-450025.37028112065	99.1625	11.4375	152.4625	97.65	-8.900600141194218	1349	1857	169	20	312	198	24	7	82	53	0	0	7.713416337966919	108000	12603.205694198608	99470	7.898148148148138	
-512528.5215433022	101.825	10.822784810126583	149.69620253164558	95.44303797468355	-8.900600141194218	1350	1858	164	18.0	298.0	187.0	31	7.0	79.0	51.0	0	0	7.015342950820923	108080	12610.22103714943	99545	7.896928201332344	
-475017.00809087045	101.8125	10.962025316455696	149.37974683544303	95.17721518987342	-8.900600141194218	1351	1859	141	16.0	412.0	253.0	52	8.0	94.0	61.0	0	0	7.087943077087402	108160	12617.308980226517	99617	7.898483727810643	
-400040.32040772575	102.775	11.243589743589743	155.12820512820514	99.03846153846153	-8.900600141194218	1352	1861	180	15.0	293.0	182.0	21	8.0	92.0	59.0	0	0	7.550517559051514	108240	12624.859497785568	99691	7.898189209164812	
-500015.69677916646	99.5	11.3125	146.2375	94.0	-8.900600141194218	1353	1861	180	15	265	162	70	8	93	60	0	0	7.175392389297485	108320	12632.034890174866	99765	7.897895125553916	
-537517.5709948	98.0	11.175	149.35	95.65	-8.900600141194218	1354	1861	169	15	264	165	27	8	79	51	0	0	7.204693794250488	108400	12639.239583969116	99840	7.896678966789665	
-550023.7897560021	98.025	11.831168831168831	152.23376623376623	97.87012987012987	-8.900600141194218	1355	1864	180	18.0	293.0	182.0	16	8.0	88.0	57.0	0	0	7.9140777587890625	108480	12647.153661727905	99913	7.897308259587021	
-437532.57134963124	100.775	11.623376623376624	146.01298701298703	93.96103896103897	-8.900600141194218	1356	1867	189	15.0	223.0	142.0	16	8.0	97.0	63.0	0	0	7.10578989982605	108560	12654.259451627731	99984	7.8997789240972764	
-500023.3079239003	102.75	10.875	151.75	96.7875	-8.900600141194218	1357	1867	211	15	337	206	39	8	79	51	0	0	8.425666093826294	108640	12662.685117721558	100059	7.898564064801178	
-575029.7603736536	98.1875	11.139240506329115	156.0379746835443	99.68354430379746	-8.900600141194218	1358	1868	164	15.0	406.0	250.0	25	8.0	97.0	63.0	0	0	8.166976928710938	108720	12670.852094650269	100132	7.899190581309796	
-550026.1910752675	100.35	11.220779220779221	161.92207792207793	103.15584415584415	-8.900600141194218	1359	1871	181	15.0	406.0	250.0	59	8.0	88.0	57.0	0	0	8.272786855697632	108800	12679.124881505966	100205	7.89981617647058	
-550026.1723096072	104.8875	11.74025974025974	170.93506493506493	109.1948051948052	-8.900600141194218	1360	1874	181	22.0	325.0	198.0	42	7.0	74.0	48.0	0	0	7.349266290664673	108880	12686.47414779663	100278	7.900440852314475	
-587525.581925445	99.9625	11.455696202531646	165.74683544303798	105.79746835443038	-8.900600141194218	1361	1875	185	18.0	325.0	199.0	41	8.0	79.0	51.0	0	0	6.41284441947937	108960	12692.88699221611	100353	7.899229074889874	
-500019.78698906756	92.55	11.3875	171.2625	108.9	-8.900600141194218	1362	1875	138	15	348	215	49	8	87	56	0	0	5.618105173110962	109040	12698.505097389221	100428	7.898019075568598	
-475027.74582068436	95.825	11.455696202531646	171.65822784810126	109.22784810126582	-8.900600141194218	1363	1876	174	17.0	363.0	224.0	22	8.0	80.0	52.0	0	0	8.874647855758667	109120	12707.37974524498	100502	7.897727272727266	
-525022.4306696753	90.5125	11.5	167.52702702702703	106.62162162162163	-8.900600141194218	1364	1882	156	18.0	348.0	215.0	17	7.0	74.0	48.0	0	0	7.339035511016846	109200	12714.718780755997	100569	7.903846153846146	
-487525.4023674053	97.2875	11.220779220779221	160.19480519480518	101.8051948051948	-8.900600141194218	1365	1885	193	16.0	324.0	197.0	8	8.0	80.0	52.0	0	0	7.15777063369751	109280	12721.876551389694	100641	7.905380673499266	
-625014.0486563579	93.85	11.512820512820513	161.89743589743588	102.94871794871794	-8.900600141194218	1366	1887	156	18.0	331.0	200.0	40	8.0	80.0	52.0	0	0	7.161007642745972	109360	12729.03755903244	100713	7.906912948061446	
-425027.2935732684	99.2875	11.675	151.4875	97.0	-8.900600141194218	1367	1887	156	15	280	174	45	8	79	51	0	0	6.6661858558654785	109440	12735.703744888306	100788	7.905701754385959	
-537530.1896419122	97.3625	11.475	150.8	96.7875	-8.900600141194218	1368	1887	142	15	344	210	54	8	85	55	0	0	6.764742136001587	109520	12742.468487024307	100863	7.904492330167997	
-487521.8815310144	98.575	11.60759493670886	154.70886075949366	99.15189873417721	-8.900600141194218	1369	1888	156	19.0	355.0	228.0	40	8.0	79.0	51.0	0	0	6.510913610458374	109600	12748.979400634766	100934	7.90693430656934	
-562515.326036206	98.25	11.487179487179487	156.06410256410257	99.8974358974359	-8.900600141194218	1370	1890	153	18.0	293.0	182.0	43	8.0	90.0	58.0	0	0	5.423705101013184	109680	12754.403105735779	101008	7.906637490882559	
-375024.1288456562	104.1125	11.0	143.17948717948718	91.82051282051282	-8.900600141194218	1371	1892	162	15.0	290.0	186.0	34	8.0	84.0	54.0	0	0	5.209688425064087	109760	12759.612794160843	101082	7.906341107871711	
-475025.21383370704	102.7	11.64935064935065	151.80519480519482	97.50649350649351	-8.900600141194218	1372	1895	166	20.0	291.0	188.0	30	8.0	79.0	51.0	0	0	5.1362199783325195	109840	12764.749014139175	101155	7.90695557174071	
-412530.21405467036	96.575	11.935064935064934	160.05194805194805	102.46753246753246	-8.900600141194218	1373	1898	152	20.0	414.0	259.0	30	8.0	79.0	51.0	0	0	5.373570919036865	109920	12770.122585058212	101226	7.909388646288207	
-500022.36640501226	100.5625	11.935064935064934	163.3116883116883	104.48051948051948	-8.900600141194218	1374	1901	143	18.0	312.0	194.0	61	8.0	79.0	51.0	0	0	5.571271896362305	110000	12775.693856954575	101297	7.911818181818191	
-487522.4747584155	101.0125	11.825	171.8375	109.775	-8.900600141194218	1375	1901	148	19	351	219	48	8	95	61	0	0	6.815663814544678	110080	12782.50952076912	101372	7.910610465116278	
-462520.87088876934	100.6625	11.0	145.9375	93.475	-8.900600141194218	1376	1901	150	16	317	203	54	7	79	51	0	0	5.696759223937988	110160	12788.206279993057	101445	7.911220043572982	
-475022.4599211863	103.7125	11.3875	147.825	95.075	-8.900600141194218	1377	1901	151	17	257	157	45	8	85	55	0	0	5.61853289604187	110240	12793.8248128891	101520	7.910014513788099	
-500033.40026359365	101.4875	11.189873417721518	143.0253164556962	91.88607594936708	-8.900600141194218	1378	1902	164	15.0	257.0	157.0	40	8.0	84.0	54.0	0	0	4.937631607055664	110320	12798.762444496155	101594	7.909717186366933	
-525033.2700431064	97.95	11.73076923076923	153.33333333333334	98.42307692307692	-8.900600141194218	1379	1904	160	17.0	292.0	181.0	36	8.0	84.0	54.0	0	0	5.19719934463501	110400	12803.95964384079	101667	7.910326086956516	
-487537.67913590214	97.8875	11.5125	163.325	104.225	-8.900600141194218	1380	1904	178	20	512	330	40	8	84	54	0	0	6.967865705490112	110480	12810.92750954628	101742	7.909123823316435	
-512524.00136204297	98.325	11.79746835443038	156.0632911392405	100.11392405063292	-8.900600141194218	1381	1905	178	18.0	312.0	201.0	62	8.0	90.0	58.0	0	0	7.237552165985107	110560	12818.165061712265	101817	7.9079232995658515	
-450028.93385665043	97.825	11.2875	150.35	96.0	-8.900600141194218	1382	1905	143	18	292	181	60	8	85	55	0	0	5.914693832397461	110640	12824.079755544662	101893	7.905820679681852	
-462520.2170424216	96.775	11.2	150.8125	96.6125	-8.900600141194218	1383	1905	124	16	305	199	73	8	87	56	0	0	5.1782848834991455	110720	12829.258040428162	101966	7.906430635838149	
-362533.2466698925	95.2625	11.3875	153.85	98.475	-8.900600141194218	1384	1905	142	16	336	214	54	8	85	55	0	0	5.337834119796753	110800	12834.595874547958	102041	7.905234657039699	
-462522.56070451776	94.1625	10.9375	144.9375	92.85	-8.900600141194218	1385	1905	142	15	309	189	52	8	92	59	0	0	5.344196557998657	110880	12839.940071105957	102114	7.90584415584415	
-600020.7602226359	96.85	11.25	144.975	93.075	-8.900600141194218	1386	1905	142	17	260	161	64	8	90	58	0	0	6.601585865020752	110960	12846.541656970978	102189	7.904650324441249	
-450030.9040729899	97.1	11.2375	149.3125	95.7	-8.900600141194218	1387	1905	121	18	289	186	57	8	88	57	0	0	7.196684122085571	111040	12853.738341093063	102264	7.903458213256485	
-412527.19151713955	98.1875	11.623376623376624	155.2207792207792	99.53246753246754	-8.900600141194218	1388	1908	187	18.0	326.0	207.0	9	8.0	84.0	54.0	0	0	5.261584758758545	111120	12858.999925851822	102333	7.907667386609077	
-575018.258752784	99.8	11.506493506493506	150.0909090909091	96.20779220779221	-8.900600141194218	1389	1911	152	16.0	356.0	221.0	44	8.0	85.0	55.0	0	0	5.395742654800415	111200	12864.395668506622	102406	7.908273381294961	
-487525.9324165985	97.8	11.721518987341772	157.25316455696202	100.78481012658227	-8.900600141194218	1390	1912	149	18.0	327.0	203.0	47	7.0	74.0	48.0	0	0	6.556297302246094	111280	12870.951965808868	102480	7.907979870596691	
-500037.7207149394	100.95	11.417721518987342	146.8987341772152	94.34177215189874	-8.900600141194218	1391	1913	149	16.0	269.0	168.0	59	8.0	91.0	59.0	0	0	6.171636581420898	111360	12877.12360239029	102553	7.908584770114942	
-525022.6590619523	101.2125	11.39240506329114	151.16455696202533	96.9620253164557	-8.900600141194218	1392	1914	169	18.0	363.0	226.0	46	8.0	84.0	54.0	0	0	5.83633828163147	111440	12882.95994067192	102627	7.908291457286438	
-550019.6958575792	99.4	10.936708860759493	149.43037974683546	95.43037974683544	-8.900600141194218	1393	1915	157	16.0	296.0	184.0	34	8.0	85.0	55.0	0	0	5.543966770172119	111520	12888.503907442093	102701	7.907998565279769	
-512522.92445154284	97.9	11.189873417721518	142.32911392405063	91.30379746835443	-8.900600141194218	1394	1916	137	15.0	290.0	178.0	59	8.0	92.0	59.0	0	0	5.060051918029785	111600	12893.563959360123	102775	7.907706093189958	
-512523.22536499624	98.025	10.9	145.3375	93.0125	-8.900600141194218	1395	1916	156	15	293	182	40	7	74	48	0	0	5.536525249481201	111680	12899.100484609604	102851	7.90562320916905	
-525024.4731645258	98.525	10.825	144.8125	92.6	-8.900600141194218	1396	1916	152	18	304	191	44	8	97	63	0	0	5.339074373245239	111760	12904.43955898285	102926	7.904438081603445	
-487529.21571671695	98.375	11.063291139240507	150.68354430379748	96.34177215189874	-8.900600141194218	1397	1917	147	20.0	311.0	203.0	49	8.0	92.0	59.0	0	0	6.728590488433838	111840	12911.168149471283	103000	7.9041487839771065	
-512523.2252941054	99.4	10.734177215189874	147.0759493670886	93.79746835443038	-8.900600141194218	1398	1918	195	18.0	351.0	213.0	35	8.0	87.0	56.0	0	0	5.526300668716431	111920	12916.69445014	103072	7.905646890636163	
-500029.97298778937	102.025	11.038461538461538	150.07692307692307	95.8974358974359	-8.900600141194218	1399	1920	149	16.0	293.0	182.0	47	8.0	93.0	60.0	0	0	5.510701894760132	112000	12922.20515203476	103146	7.905357142857142	
-537522.8764090866	102.525	11.2875	148.75	95.3625	-8.900600141194218	1400	1920	149	15	309	189	75	7	82	53	0	0	5.902137994766235	112080	12928.107290029526	103222	7.903283369022134	
-462536.63794257754	104.9625	11.1375	149.2125	95.45	-8.900600141194218	1401	1920	152	16	306	194	55	7	87	56	0	0	6.817174911499023	112160	12934.924464941025	103298	7.901212553495014	
-525026.6290552967	99.7875	11.217948717948717	155.05128205128204	98.88461538461539	-8.900600141194218	1402	1922	159	16.0	329.0	207.0	37	8.0	84.0	54.0	0	0	7.095813274383545	112240	12942.020278215408	103372	7.900926585887376	
-587532.7077704787	98.775	11.076923076923077	148.46153846153845	94.94871794871794	-8.900600141194218	1403	1924	178	14.0	261.0	165.0	56	8.0	87.0	56.0	0	0	6.68691611289978	112320	12948.707194328308	103446	7.900641025641036	
-600020.9620924853	104.7125	11.475	155.05	99.2125	-8.900600141194218	1404	1924	184	19	342	210	47	7	82	53	0	0	6.771302938461304	112400	12955.47849726677	103521	7.89946619217082	
-450035.22643678996	97.8	11.402597402597403	148.42857142857142	95.36363636363636	-8.900600141194218	1405	1927	187	18.0	256.0	161.0	33	8.0	93.0	60.0	0	0	5.402323246002197	112480	12960.880820512772	103593	7.900960170697019	
-650022.0682683538	94.7125	11.05	149.6875	95.7	-8.900600141194218	1406	1927	141	17	296	182	35	7	74	48	0	0	5.439859867095947	112560	12966.320680379868	103669	7.8988983653162705	
-587522.2590852054	90.2	10.909090909090908	148.6103896103896	95.05194805194805	-8.900600141194218	1407	1930	148	15.0	251.0	157.0	8	8.0	93.0	60.0	0	0	4.7131428718566895	112640	12971.033823251724	103738	7.9030539772727195	
-537522.8215728675	94.375	11.25974025974026	151.64935064935065	97.2987012987013	-8.900600141194218	1408	1933	158	16.0	316.0	200.0	38	8.0	85.0	55.0	0	0	5.228611707687378	112720	12976.262434959412	103810	7.904542228530872	
-537527.7408818785	94.45	10.974683544303797	150.64556962025316	96.32911392405063	-8.900600141194218	1409	1934	167	18.0	347.0	211.0	29	8.0	84.0	54.0	0	0	6.679003715515137	112800	12982.941438674927	103885	7.903368794326241	
-475035.58858802746	91.175	10.772151898734178	144.50632911392404	92.50632911392405	-8.900600141194218	1410	1935	167	15.0	250.0	156.0	32	8.0	80.0	52.0	0	0	7.163379192352295	112880	12990.104817867279	103959	7.903082919914951	
-537520.8940864719	92.7875	10.717948717948717	144.30769230769232	92.25641025641026	-8.900600141194218	1411	1937	167	15.0	340.0	217.0	45	7.0	82.0	53.0	0	0	7.406702995300293	112960	12997.51152086258	104032	7.903682719546751	
-437521.2056054451	92.025	10.76923076923077	141.3846153846154	90.6923076923077	-8.900600141194218	1412	1939	127	15.0	259.0	161.0	37	8.0	91.0	59.0	0	0	6.679898262023926	113040	13004.191419124603	104104	7.905166312809627	
-512522.4847011448	93.0125	10.50632911392405	145.31645569620252	92.88607594936708	-8.900600141194218	1413	1940	152	15.0	352.0	226.0	35	8.0	90.0	58.0	0	0	6.151114463806152	113120	13010.34253358841	104178	7.904879773691647	
-525028.1217991607	96.3125	10.825	144.225	92.425	-8.900600141194218	1414	1940	196	15	280	174	35	8	79	51	0	0	6.373693227767944	113200	13016.716226816177	104252	7.904593639575978	
-437520.3945753391	105.025	10.443037974683545	142.32911392405063	91.18987341772151	-8.900600141194218	1415	1941	196	15.0	285.0	178.0	38	8.0	84.0	54.0	0	0	5.997974872589111	113280	13022.714201688766	104325	7.905190677966104	
-575022.4678304207	103.675	10.475	148.675	94.9	-8.900600141194218	1416	1941	196	15	297	181	64	8	88	57	0	0	5.280988693237305	113360	13027.995190382004	104400	7.9040225829216695	
-487525.8749729302	102.55	10.975	146.1625	93.9	-8.900600141194218	1417	1941	196	15	276	174	54	8	79	51	0	0	4.92416787147522	113440	13032.919358253479	104473	7.904619181946401	
-512523.2311233034	107.1125	11.628205128205128	152.1153846153846	97.7051282051282	-8.900600141194218	1418	1943	196	16.0	278.0	174.0	35	9.0	97.0	63.0	0	0	5.118023872375488	113520	13038.037382125854	104546	7.905214940098659	
-525016.4950714365	99.5625	11.430379746835444	156.20253164556962	100.12658227848101	-8.900600141194218	1419	1944	196	15.0	325.0	203.0	11	8.0	92.0	59.0	0	0	5.3892786502838135	113600	13043.426660776138	104620	7.904929577464799	
-525015.3292485605	102.275	11.337662337662337	150.14285714285714	96.16883116883118	-8.900600141194218	1420	1947	219	15.0	264.0	163.0	35	8.0	90.0	58.0	0	0	5.071537971496582	113680	13048.498198747635	104691	7.907283603096417	
-537527.7276609807	91.4625	11.2987012987013	151.8961038961039	97.1948051948052	-8.900600141194218	1421	1950	124	15.0	293.0	182.0	35	8.0	97.0	63.0	0	0	5.552963495254517	113760	13054.05116224289	104763	7.908755274261608	
-387531.24555724935	90.2125	10.906666666666666	155.2	98.98666666666666	-8.900600141194218	1422	1955	140	17.0	327.0	199.0	18	8.0	100.0	64.0	0	0	4.87523341178894	113840	13058.926395654678	104833	7.9119817287420915	
-350030.01588477235	93.175	10.666666666666666	149.10256410256412	95.17948717948718	-8.900600141194218	1423	1957	161	15.0	304.0	189.0	35	8.0	79.0	51.0	0	0	4.782799959182739	113920	13063.709195613861	104904	7.914325842696641	
-475026.47963071277	95.525	10.936708860759493	150.84810126582278	96.45569620253164	-8.900600141194218	1424	1958	145	17.0	275.0	174.0	48	8.0	84.0	54.0	0	0	5.291053771972656	114000	13069.000249385834	104977	7.914912280701756	
-562527.2544337172	97.2125	11.15	155.0625	99.4375	-8.900600141194218	1425	1958	167	24	472	307	43	8	90	58	0	0	5.336639404296875	114080	13074.33688879013	105052	7.913744740532962	
-412522.19682215765	96.85	10.85	138.375	88.8875	-8.900600141194218	1426	1958	128	20	287	178	37	8	80	52	0	0	6.360138654708862	114160	13080.69702744484	105126	7.913454800280306	
-512521.5602617922	96.6	11.2625	150.85	96.85	-8.900600141194218	1427	1958	129	15	291	186	58	8	85	55	0	0	7.776399374008179	114240	13088.473426818848	105202	7.911414565826334	
-525022.8514671455	99.7125	11.012820512820513	138.87179487179486	89.23076923076923	-8.900600141194218	1428	1960	176	16.0	277.0	174.0	43	7.0	74.0	48.0	0	0	7.136399507522583	114320	13095.60982632637	105273	7.913750874737573	
-575022.1952936103	95.4375	11.5	156.94871794871796	100.61538461538461	-8.900600141194218	1429	1962	170	18.0	314.0	195.0	26	8.0	97.0	63.0	0	0	6.9264161586761475	114400	13102.536242485046	105346	7.914335664335653	
-587527.629700269	98.05	10.975	149.6	95.6	-8.900600141194218	1430	1962	170	16	245	151	41	8	84	54	0	0	6.591682195663452	114480	13109.12792468071	105420	7.914046121593287	
-512525.2364265562	98.8	10.923076923076923	148.23076923076923	94.75641025641026	-8.900600141194218	1431	1964	154	18.0	287.0	179.0	42	8.0	79.0	51.0	0	0	6.25593638420105	114560	13115.38386106491	105494	7.9137569832402335	
-387520.80077129137	102.375	11.481012658227849	163.9620253164557	104.53164556962025	-8.900600141194218	1432	1965	154	16.0	421.0	269.0	66	8.0	96.0	62.0	0	0	5.26334285736084	114640	13120.647203922272	105569	7.9125959525471075	
-425027.7131738389	99.4	11.759493670886076	160.51898734177215	102.82278481012658	-8.900600141194218	1433	1966	136	17.0	346.0	222.0	60	8.0	100.0	65.0	0	0	6.454376220703125	114720	13127.101580142975	105644	7.911436541143658	
-525019.3552786419	99.6	11.468354430379748	152.60759493670886	97.72151898734177	-8.900600141194218	1434	1967	156	17.0	276.0	174.0	28	8.0	79.0	51.0	0	0	6.230543851852417	114800	13133.332123994827	105718	7.911149825783966	
-475023.8054792255	100.3125	11.6875	154.2625	98.8375	-8.900600141194218	1435	1967	136	15	289	182	73	8	96	62	0	0	5.716333866119385	114880	13139.048457860947	105792	7.910863509749305	
-550018.7092750168	98.8625	11.4	149.975	96.2	-8.900600141194218	1436	1967	136	16	283	182	69	8	79	51	0	0	5.907243728637695	114960	13144.955701589584	105867	7.9097077244258855	
-450022.13217070716	99.5875	11.3875	156.875	100.15	-8.900600141194218	1437	1967	201	18	251	160	33	8	91	59	0	0	4.907386302947998	115040	13149.863087892532	105939	7.911161335187771	
-487521.20030278247	102.0375	11.076923076923077	144.24358974358975	92.47435897435898	-8.900600141194218	1438	1969	201	16.0	238.0	149.0	6	7.0	74.0	48.0	0	0	5.268738269805908	115120	13155.131826162338	106013	7.910875608061147	
-437524.4542600041	104.175	10.89873417721519	141.35443037974684	90.51898734177215	-8.900600141194218	1439	1970	201	17.0	263.0	161.0	44	8.0	85.0	55.0	0	0	5.199629068374634	115200	13160.331455230713	106086	7.911458333333329	
-450024.3661151724	102.95	11.50632911392405	152.73417721518987	97.65822784810126	-8.900600141194218	1440	1971	201	18.0	292.0	181.0	30	8.0	93.0	60.0	0	0	5.090084552764893	115280	13165.421539783478	106158	7.912907702984043	
-487515.3400780715	94.15	10.79746835443038	145.59493670886076	92.9620253164557	-8.900600141194218	1441	1972	147	15.0	379.0	228.0	57	8.0	79.0	51.0	0	0	5.25634765625	115360	13170.677887439728	106232	7.912621359223309	
-500015.2347167521	95.4375	10.820512820512821	145.96153846153845	93.37179487179488	-8.900600141194218	1442	1974	162	18.0	275.0	174.0	26	8.0	79.0	51.0	0	0	5.282502174377441	115440	13175.960389614105	106306	7.912335412335409	
-325034.6104234935	93.775	10.6875	149.9125	95.575	-8.900600141194218	1443	1974	132	18	306	187	64	8	100	64	0	0	5.542039394378662	115520	13181.502429008484	106381	7.911184210526315	
-400024.64544344984	95.3375	10.35	143.75	91.625	-8.900600141194218	1444	1974	141	15	323	195	64	8	88	57	0	0	5.188031911849976	115600	13186.690460920334	106456	7.910034602076124	
-450020.0748748191	105.2125	10.4125	151.4625	96.175	-8.900600141194218	1445	1974	155	18	323	195	50	8	85	55	0	0	5.48344349861145	115680	13192.173904418945	106530	7.909751037344407	
-500023.38153301517	104.0	10.405063291139241	153.0506329113924	96.84810126582279	-8.900600141194218	1446	1975	145	14.0	261.0	160.0	68	8.0	85.0	55.0	0	0	5.928996562957764	115760	13198.102900981903	106604	7.909467864547338	
-487532.242807146	103.575	10.60759493670886	155.91139240506328	98.88607594936708	-8.900600141194218	1447	1976	186	15.0	279.0	172.0	52	8.0	90.0	58.0	0	0	5.743345260620117	115840	13203.846246242523	106678	7.9091850828729235	
-512526.44446879486	101.7625	10.9875	157.4875	100.15	-8.900600141194218	1448	1976	184	16	313	195	46	8	87	56	0	0	5.629913568496704	115920	13209.47615981102	106754	7.907177363699105	
-537527.5088855283	101.6	10.582278481012658	157.44303797468353	99.78481012658227	-8.900600141194218	1449	1977	150	14.0	366.0	227.0	46	8.0	102.0	66.0	0	0	5.378716707229614	116000	13214.85487651825	106828	7.906896551724145	
-525026.2627555539	105.45	11.14102564102564	174.6153846153846	110.12820512820512	-8.900600141194218	1450	1979	165	18.0	366.0	227.0	31	7.0	87.0	56.0	0	0	5.526077508926392	116080	13220.380954027176	106901	7.907477601654037	
-475024.707250282	101.625	10.924050632911392	162.0379746835443	102.68354430379746	-8.900600141194218	1451	1980	150	17.0	366.0	227.0	31	7.0	90.0	58.0	0	0	6.64354944229126	116160	13227.024503469467	106974	7.9080578512396755	
-512522.02640900033	100.775	11.012658227848101	160.25316455696202	101.69620253164557	-8.900600141194218	1452	1981	166	16.0	278.0	179.0	31	8.0	88.0	57.0	0	0	7.24468469619751	116240	13234.269188165665	107048	7.907777013076384	
-587519.1239760376	105.075	11.417721518987342	153.86075949367088	98.56962025316456	-8.900600141194218	1453	1982	201	16.0	292.0	188.0	52	8.0	88.0	57.0	0	0	7.772788763046265	116320	13242.041976928711	107122	7.907496561210465	
-475029.63836240023	99.1875	11.329113924050633	145.58227848101265	93.54430379746836	-8.900600141194218	1454	1983	188	15.0	260.0	162.0	40	8.0	87.0	56.0	0	0	7.971161127090454	116400	13250.013138055801	107197	7.906357388316152	
-500019.5853419395	100.3125	11.341772151898734	147.8987341772152	94.82278481012658	-8.900600141194218	1455	1984	164	16.0	253.0	161.0	29	7.0	82.0	53.0	0	0	7.397921085357666	116480	13257.411059141159	107270	7.906936813186817	
-475029.53659955447	98.2	11.594936708860759	150.72151898734177	96.65822784810126	-8.900600141194218	1456	1985	150	15.0	261.0	160.0	46	8.0	87.0	56.0	0	0	8.376009464263916	116560	13265.787068605423	107345	7.905799588194924	
-537520.2215765364	98.15	11.05	147.225	94.2375	-8.900600141194218	1457	1985	170	15	286	174	23	8	84	54	0	0	8.041248798370361	116640	13273.828317403793	107421	7.903806584362144	
-400033.87024983915	95.1375	11.0125	152.8	97.625	-8.900600141194218	1458	1985	144	16	359	218	52	8	90	58	0	0	8.132408618927002	116720	13281.96072602272	107495	7.9035298149417486	
-637521.42727807	92.8	11.126582278481013	146.8987341772152	94.0253164556962	-8.900600141194218	1459	1986	133	18.0	287.0	184.0	55	8.0	85.0	55.0	0	0	7.4680211544036865	116800	13289.428747177124	107569	7.903253424657535	
-487531.1169909453	89.375	10.925	156.175	99.5375	-8.900600141194218	1460	1986	147	15	293	182	33	8	96	62	0	0	7.87765908241272	116880	13297.306406259537	107644	7.902121834360031	
-550027.0939970501	90.1375	10.974683544303797	149.13924050632912	95.32911392405063	-8.900600141194218	1461	1987	159	18.0	332.0	202.0	14	8.0	84.0	54.0	0	0	7.888207197189331	116960	13305.194613456726	107719	7.900991792065653	
-562513.9381377156	88.5875	11.546666666666667	164.86666666666667	105.41333333333333	-8.900600141194218	1462	1992	162	17.0	416.0	265.0	18	8.0	92.0	59.0	0	0	6.085541725158691	117040	13311.280155181885	107789	7.904135338345867	
-462524.340830951	92.725	11.41025641025641	159.87179487179486	102.38461538461539	-8.900600141194218	1463	1994	162	18.0	407.0	258.0	56	8.0	90.0	58.0	0	0	6.115441083908081	117120	13317.395596265793	107859	7.9072745901639365	
-462519.581118997	95.3625	11.3	159.275	101.7875	-8.900600141194218	1464	1994	148	19	343	220	48	8	79	51	0	0	7.704759120941162	117200	13325.100355386734	107934	7.906143344709889	
-475027.44249948784	94.35	11.417721518987342	156.45569620253164	100.21518987341773	-8.900600141194218	1465	1995	171	19.0	338.0	212.0	9	8.0	88.0	57.0	0	0	7.16182017326355	117280	13332.262175559998	108009	7.9050136425648105	
-562527.8396229001	97.4	11.179487179487179	148.4102564102564	95.16666666666667	-8.900600141194218	1466	1997	208	20.0	271.0	168.0	45	8.0	88.0	57.0	0	0	6.8966662883758545	117360	13339.158841848373	108082	7.905589638718467	
-687514.2973478155	96.9625	10.844155844155845	147.7922077922078	94.51948051948052	-8.900600141194218	1467	2000	171	18.0	286.0	174.0	61	8.0	79.0	51.0	0	0	7.089267015457153	117440	13346.24810886383	108154	7.907016348773837	
-625015.070072034	104.3375	10.76923076923077	145.5897435897436	93.33333333333333	-8.900600141194218	1468	2002	211	16.0	302.0	187.0	41	8.0	79.0	51.0	0	0	6.967529296875	117520	13353.215638160706	108226	7.908441116405712	
-537519.2906477258	105.2625	11.075	146.85	94.2875	-8.900600141194218	1469	2002	171	15	360	229	69	8	79	51	0	0	7.683017253875732	117600	13360.898655414581	108298	7.909863945578238	
-512519.1547801872	106.675	11.5	154.025	98.6625	-8.900600141194218	1470	2002	171	17	374	231	78	8	88	57	0	0	7.690542459487915	117680	13368.58919787407	108371	7.910435078178111	
-475025.5462913237	102.9	11.164556962025317	146.27848101265823	93.84810126582279	-8.900600141194218	1471	2003	171	16.0	294.0	186.0	38	8.0	88.0	57.0	0	0	7.744806289672852	117760	13376.334004163742	108445	7.91015625	
-575027.5358323813	100.025	11.384615384615385	148.15384615384616	95.07692307692308	-8.900600141194218	1472	2005	171	15.0	266.0	166.0	50	8.0	84.0	54.0	0	0	8.118299007415771	117840	13384.452303171158	108518	7.910726408689754	
-450031.38183509914	104.9	11.679487179487179	153.82051282051282	98.76923076923077	-8.900600141194218	1473	2007	171	21.0	325.0	210.0	50	8.0	91.0	59.0	0	0	8.040334463119507	117920	13392.492637634277	108591	7.911295793758484	
-450026.6232405884	108.95	11.481012658227849	152.16455696202533	97.46835443037975	-8.900600141194218	1474	2008	190	17.0	328.0	205.0	32	7.0	74.0	48.0	0	0	7.968765497207642	118000	13400.461403131485	108665	7.91101694915254	
-475024.45920871367	100.425	11.39240506329114	154.86075949367088	99.16455696202532	-8.900600141194218	1475	2009	139	17.0	293.0	183.0	69	9.0	97.0	63.0	0	0	7.884165525436401	118080	13408.345568656921	108738	7.911585365853654	
-337527.3568897083	101.25	11.4375	149.1	95.425	-8.900600141194218	1476	2009	146	18	261	165	47	8	84	54	0	0	7.074756383895874	118160	13415.420325040817	108808	7.914691943127963	
-500025.93099426216	98.6125	11.240506329113924	148.31645569620252	95.0632911392405	-8.900600141194218	1477	2010	141	16.0	300.0	185.0	55	8.0	79.0	51.0	0	0	6.0257744789123535	118240	13421.44609951973	108880	7.91610284167794	
-425024.62515513954	99.7125	10.936708860759493	148.86075949367088	95.11392405063292	-8.900600141194218	1478	2011	171	18.0	276.0	171.0	66	8.0	84.0	54.0	0	0	7.422244548797607	118320	13428.868344068527	108954	7.915821501014193	
-450024.2021124847	100.4	10.820512820512821	145.5897435897436	93.23076923076923	-8.900600141194218	1479	2013	171	15.0	296.0	184.0	37	8.0	91.0	59.0	0	0	8.278404235839844	118400	13437.146748304367	109027	7.916385135135144	
-425027.01495773735	97.7125	11.402597402597403	149.5974025974026	95.92207792207792	-8.900600141194218	1480	2016	170	18.0	275.0	174.0	26	8.0	87.0	56.0	0	0	6.785253047943115	118480	13443.93200135231	109098	7.918636056718427	
-475022.20896939747	97.55	11.240506329113924	149.58227848101265	96.0632911392405	-8.900600141194218	1481	2017	168	23.0	379.0	246.0	28	8.0	87.0	56.0	0	0	7.336068868637085	118560	13451.268070220947	109172	7.918353576248322	
-437530.8480125999	96.075	11.341772151898734	149.55696202531647	95.9113924050633	-8.900600141194218	1482	2018	166	18.0	360.0	220.0	30	8.0	85.0	55.0	0	0	7.144931077957153	118640	13458.413001298904	109244	7.919757248819963	
-462528.11121928494	103.4625	11.425	150.8375	96.7	-8.900600141194218	1483	2018	162	18	352	214	61	7	74	48	0	0	7.4059178829193115	118720	13465.818919181824	109319	7.918632075471692	
-387544.37345732347	101.0875	11.784810126582279	165.77215189873417	106.13924050632912	-8.900600141194218	1484	2019	237	19.0	374.0	232.0	6	8.0	94.0	61.0	0	0	5.558213949203491	118800	13471.377133131027	109393	7.918350168350159	
-550023.2140091567	97.425	12.025974025974026	160.36363636363637	102.94805194805195	-8.900600141194218	1485	2022	237	19.0	334.0	204.0	54	8.0	84.0	54.0	0	0	5.626001596450806	118880	13477.003134727478	109464	7.920592193808886	
-487531.7293645382	98.8375	11.113924050632912	149.9367088607595	96.0379746835443	-8.900600141194218	1486	2023	144	16.0	373.0	232.0	54	7.0	84.0	54.0	0	0	6.176405191421509	118960	13483.1795399189	109539	7.9194687289845405	
-450022.6527007439	100.0125	10.9125	147.65	94.575	-8.900600141194218	1487	2023	139	15	284	181	44	8	91	59	0	0	7.28018856048584	119040	13490.459728479385	109614	7.918346774193552	
-462535.90088451654	98.3875	11.175	148.95	95.675	-8.900600141194218	1488	2023	118	18	300	193	40	8	84	54	0	0	6.846158027648926	119120	13497.305886507034	109689	7.9172263263935605	
-512523.837502369	100.0875	11.25	147.7375	94.8625	-8.900600141194218	1489	2023	166	18	263	161	37	8	85	55	0	0	7.201461315155029	119200	13504.50734782219	109765	7.915268456375841	
-550021.2547915328	99.275	11.179487179487179	151.78205128205127	97.23076923076923	-8.900600141194218	1490	2025	178	17.0	291.0	179.0	18	8.0	79.0	51.0	0	0	7.702917098999023	119280	13512.210264921188	109839	7.9149899396378345	
-500016.6186562284	97.5375	11.394736842105264	149.57894736842104	95.89473684210526	-8.900600141194218	1491	2029	163	15.0	226.0	143.0	14	8.0	91.0	59.0	0	0	6.809326648712158	119360	13519.0195915699	109911	7.916387399463815	
-437524.4291517589	100.4	11.683544303797468	152.0506329113924	97.63291139240506	-8.900600141194218	1492	2030	163	16.0	343.0	215.0	40	8.0	84.0	54.0	0	0	6.6019768714904785	119440	13525.621568441391	109985	7.916108506363031	
-400036.3835674563	99.2125	11.556962025316455	149.30379746835442	95.9873417721519	-8.900600141194218	1493	2031	146	18.0	251.0	158.0	50	8.0	90.0	58.0	0	0	6.798183917999268	119520	13532.41975235939	110059	7.915829986613119	
-337543.2283503873	98.5875	11.384615384615385	149.19230769230768	95.75641025641026	-8.900600141194218	1494	2033	223	16.0	369.0	236.0	27	8.0	84.0	54.0	0	0	7.055824518203735	119600	13539.475576877594	110133	7.915551839464882	
-450024.48036322265	97.9875	10.9125	155.0	98.85	-8.900600141194218	1495	2033	162	17	321	195	45	8	84	54	0	0	7.46723484992981	119680	13546.942811727524	110207	7.915274064171115	
-437527.98036198074	96.55	11.329113924050633	158.16455696202533	101.0886075949367	-8.900600141194218	1496	2034	140	15.0	286.0	176.0	41	8.0	84.0	54.0	0	0	7.6073899269104	119760	13554.550201654434	110280	7.9158316633266566	
-437528.98368876614	94.95	11.0875	151.0875	96.55	-8.900600141194218	1497	2034	154	15	290	178	42	8	93	60	0	0	8.054459571838379	119840	13562.604661226273	110354	7.915554072096128	
-525024.2108655819	93.475	10.987179487179487	151.03846153846155	96.58974358974359	-8.900600141194218	1498	2036	170	17.0	379.0	233.0	31	7.0	90.0	58.0	0	0	7.1117706298828125	119920	13569.716431856155	110427	7.916110740493664	
-562516.6815712731	89.8625	11.223684210526315	150.3815789473684	96.25	-8.900600141194218	1499	2040	170	15.0	263.0	161.0	26	8.0	87.0	56.0	0	0	7.122502088546753	120000	13576.838933944702	110496	7.920000000000002	
-400027.37330812943	97.5125	11.519480519480519	157.06493506493507	100.41558441558442	-8.900600141194218	1500	2043	210	19.0	258.0	163.0	7	8.0	84.0	54.0	0	0	6.497391939163208	120080	13583.336325883865	110568	7.921385742838112	
