ave_fitness	ave_genome_length	ave_tree_depth	ave_tree_nodes	ave_used_codons	best_fitness	gen	invalids	max_genome_length	max_tree_depth	max_tree_nodes	max_used_codons	min_genome_length	min_tree_depth	min_tree_nodes	min_used_codons	runtime_error	time_adjust	time_taken	total_inds	total_time	unique_inds	unused_search	
-6237834.627063694	100.0	10.9125	177.6125	112.275	-97.47552043701256	0	0	100	20	407	261	100	8	85	55	0	0	5.732191324234009	80	5.732191324234009	80	0.0	
-3437852.6833097115	100.0	11.012658227848101	184.9367088607595	116.32911392405063	-90.5853784036544	1	1	166	20.0	407.0	261.0	34	8.0	85.0	55.0	0	0	5.593074560165405	160	11.325265884399414	155	3.125	
-2237871.876697878	99.8125	10.4125	175.175	109.625	-90.5853784036544	2	1	156	24	394	248	41	7	82	53	0	0	6.089642286300659	240	17.414908170700073	230	4.166666666666657	
-2725244.900703001	100.0	10.341772151898734	157.70886075949366	99.16455696202532	-86.91909312730584	3	2	153	20.0	363.0	221.0	45	7.0	74.0	48.0	0	0	6.300957918167114	320	23.715866088867188	304	5.0	
-2350308.909523152	101.15	10.447368421052632	148.82894736842104	94.44736842105263	-86.43351729953977	4	6	217	20.0	495.0	316.0	25	8.0	87.0	56.0	0	0	4.735105276107788	400	28.450971364974976	374	6.5	
-2337788.1894240025	99.3125	10.772151898734178	156.9493670886076	99.68354430379746	-86.43351729953977	5	7	167	24.0	445.0	288.0	42	7.0	74.0	48.0	0	0	4.731887578964233	480	33.18285894393921	445	7.291666666666657	
-2387847.02761292	97.1625	10.263157894736842	143.25	91.21052631578948	-84.37088121627042	6	11	167	20.0	456.0	288.0	47	7.0	82.0	53.0	0	0	4.386051654815674	560	37.56891059875488	514	8.214285714285722	
-2725258.0798596777	96.25	9.974358974358974	131.30769230769232	83.74358974358974	-84.05080291765894	7	13	167	20.0	271.0	173.0	47	8.0	88.0	57.0	0	0	4.705177068710327	640	42.27408766746521	588	8.125	
-2762756.6319442606	97.4	9.653846153846153	121.65384615384616	77.74358974358974	-75.9122773144893	8	15	167	21.0	262.0	166.0	59	8.0	85.0	55.0	0	0	4.585287094116211	720	46.85937476158142	660	8.333333333333343	
-1850354.9593995146	98.725	9.987179487179487	127.56410256410257	81.3974358974359	-72.99301316037521	9	17	143	22.0	415.0	260.0	57	7.0	74.0	48.0	0	0	4.5962677001953125	800	51.45564246177673	733	8.375	
-2087956.5092840618	98.75	9.923076923076923	126.96153846153847	81.07692307692308	-72.99301316037521	10	19	152	21.0	376.0	243.0	48	8.0	90.0	58.0	0	0	4.46627140045166	880	55.921913862228394	802	8.86363636363636	
-2762735.5765418783	101.2	9.91139240506329	129.22784810126583	82.51898734177215	-72.99301316037521	11	20	132	17.0	303.0	194.0	68	8.0	90.0	58.0	0	0	4.3280065059661865	960	60.24992036819458	874	8.958333333333329	
-2675322.503713435	100.775	10.1	136.8375	87.4	-72.99301316037521	12	20	148	18	387	250	52	8	90	58	0	0	5.249945402145386	1040	65.49986577033997	950	8.65384615384616	
-2250381.8256096877	100.625	10.189873417721518	138.0	87.65822784810126	-70.16118842068906	13	21	132	21.0	348.0	218.0	67	8.0	90.0	58.0	0	0	5.165639638900757	1120	70.66550540924072	1024	8.57142857142857	
-1812815.2457446984	100.0	10.012658227848101	130.91139240506328	83.20253164556962	-70.16118842068906	14	22	159	23.0	355.0	223.0	41	7.0	74.0	48.0	0	0	5.243131399154663	1200	75.90863680839539	1099	8.416666666666657	
-4025271.5103207827	100.4875	10.435897435897436	136.8846153846154	87.52564102564102	-70.05029167294147	15	24	153	22.0	423.0	273.0	47	8.0	85.0	55.0	0	0	5.258999586105347	1280	81.16763639450073	1173	8.359375	
-2937856.1653722785	101.05	10.15	137.25	87.4125	-70.05029167294147	16	24	131	20	416	265	53	8	85	55	0	0	5.035513162612915	1360	86.20314955711365	1245	8.455882352941174	
-2687759.392336326	100.075	10.1875	134.0875	85.7125	-70.05029167294147	17	24	145	25	401	260	55	7	74	48	0	0	5.050171613693237	1440	91.25332117080688	1319	8.402777777777786	
-2212737.266472145	99.975	10.423076923076923	135.97435897435898	86.83333333333333	-67.8701872767406	18	26	182	25.0	447.0	288.0	18	7.0	74.0	48.0	0	0	4.77534556388855	1520	96.02866673469543	1391	8.486842105263165	
-1987923.4279706434	100.9875	9.85897435897436	121.91025641025641	77.92307692307692	-64.77050721555366	19	28	174	22.0	438.0	273.0	35	7.0	74.0	48.0	0	0	4.685776710510254	1600	100.71444344520569	1462	8.625	
-1975400.581412069	99.6625	10.575	141.275	90.2125	-64.77050721555366	20	28	132	24	500	322	68	8	90	58	0	0	5.190264463424683	1680	105.90470790863037	1536	8.57142857142857	
-2712829.083081061	100.5625	10.480519480519481	133.7922077922078	85.57142857142857	-64.77050721555366	21	31	127	22.0	414.0	267.0	73	8.0	85.0	55.0	0	0	4.811924695968628	1760	110.716632604599	1608	8.636363636363626	
-2275321.6811017687	100.0	10.012987012987013	132.37662337662337	84.05194805194805	-63.65280764269869	22	34	144	22.0	387.0	241.0	56	8.0	85.0	55.0	0	0	5.105489492416382	1840	115.82212209701538	1680	8.695652173913047	
-2050317.8634158466	99.775	9.897435897435898	130.35897435897436	82.98717948717949	-63.65280764269869	23	36	147	22.0	351.0	227.0	52	8.0	98.0	63.0	0	0	4.718128681182861	1920	120.54025077819824	1748	8.958333333333329	
-2475354.4811764844	100.1125	10.133333333333333	132.77333333333334	84.45333333333333	-63.65280764269869	24	41	132	20.0	349.0	220.0	68	8.0	87.0	56.0	0	0	4.981735944747925	2000	125.52198672294617	1818	9.099999999999994	
-3162859.419281562	100.825	9.60759493670886	124.39240506329114	79.20253164556962	-63.65280764269869	25	42	170	18.0	318.0	205.0	30	8.0	85.0	55.0	0	0	5.182181119918823	2080	130.704167842865	1891	9.086538461538467	
-3025345.508933343	101.0625	10.278481012658228	135.59493670886076	86.26582278481013	-63.65280764269869	26	43	158	20.0	310.0	188.0	45	8.0	79.0	51.0	0	0	5.273871898651123	2160	135.9780397415161	1963	9.120370370370367	
-2125305.70885372	99.775	10.531645569620252	145.26582278481013	92.50632911392405	-63.65280764269869	27	44	180	23.0	574.0	363.0	18	8.0	90.0	58.0	0	0	5.3400890827178955	2240	141.318128824234	2038	9.017857142857139	
-3500372.521359978	102.85	10.620253164556962	148.36708860759492	94.35443037974683	-63.65280764269869	28	45	180	23.0	413.0	257.0	56	7.0	74.0	48.0	0	0	5.380976676940918	2320	146.69910550117493	2111	9.008620689655174	
-2612842.28340987	104.7375	10.075949367088608	134.30379746835442	85.25316455696202	-63.65280764269869	29	46	180	25.0	484.0	308.0	59	8.0	87.0	56.0	0	0	5.06706690788269	2400	151.76617240905762	2185	8.958333333333329	
-2887847.7747850292	101.4875	10.38961038961039	134.27272727272728	85.72727272727273	-63.65280764269869	30	49	149	20.0	415.0	265.0	51	8.0	88.0	57.0	0	0	4.742624282836914	2480	156.50879669189453	2255	9.072580645161281	
-2350412.7245308384	104.0	10.3875	137.8375	87.8125	-62.10540616726959	31	49	162	22	354	223	60	8	85	55	0	0	5.3378684520721436	2560	161.84666514396667	2330	8.984375	
-2775289.5726368665	100.6875	10.08860759493671	135.21518987341773	85.84810126582279	-62.10540616726959	32	50	159	21.0	319.0	192.0	41	7.0	82.0	53.0	0	0	5.303300857543945	2640	167.14996600151062	2404	8.939393939393938	
-1975454.3560897806	99.2375	10.481012658227849	138.37974683544303	88.0	-62.10540616726959	33	51	119	21.0	306.0	196.0	74	8.0	85.0	55.0	0	0	5.337734699249268	2720	172.4877007007599	2478	8.89705882352942	
-3387839.2817942956	99.175	10.922077922077921	146.35064935064935	93.45454545454545	-62.10540616726959	34	54	166	23.0	405.0	255.0	34	9.0	90.0	58.0	0	0	5.239413499832153	2800	177.72711420059204	2550	8.92857142857143	
-2375317.281208328	100.15	9.974358974358974	128.76923076923077	82.06410256410257	-62.10540616726959	35	56	166	22.0	355.0	223.0	27	8.0	90.0	58.0	0	0	5.767030477523804	2880	183.49414467811584	2622	8.958333333333329	
-2000338.49124391	100.5875	9.5875	125.9375	80.2	-62.10540616726959	36	56	145	18	445	282	55	8	90	58	0	0	5.089751482009888	2960	188.58389616012573	2694	8.986486486486484	
-2962864.561531215	100.15	10.265822784810126	142.49367088607596	90.27848101265823	-62.10540616726959	37	57	165	23.0	461.0	288.0	35	8.0	88.0	57.0	0	0	5.368270635604858	3040	193.9521667957306	2768	8.94736842105263	
-2412878.8451227536	100.625	10.227848101265822	136.60759493670886	86.65822784810126	-62.10540616726959	38	58	159	22.0	283.0	180.0	56	8.0	90.0	58.0	0	0	5.1756463050842285	3120	199.12781310081482	2842	8.910256410256409	
-3825228.951764746	100.4875	10.623376623376624	143.28571428571428	91.36363636363636	-62.10540616726959	39	61	144	25.0	414.0	259.0	60	8.0	89.0	58.0	0	0	5.185044050216675	3200	204.3128571510315	2914	8.9375	
-3075270.4681235338	99.0375	10.679487179487179	143.65384615384616	91.3974358974359	-61.60055358077102	40	63	175	21.0	350.0	220.0	28	8.0	90.0	58.0	0	0	5.147428274154663	3280	209.46028542518616	2986	8.963414634146332	
-2562806.6582861478	100.475	9.782051282051283	133.55128205128204	84.92307692307692	-61.60055358077102	41	65	149	21.0	502.0	318.0	25	8.0	85.0	55.0	0	0	5.195148229598999	3360	214.65543365478516	3059	8.958333333333329	
-2162884.5812696344	100.2375	10.189873417721518	134.126582278481	85.50632911392405	-59.88476449146802	42	66	179	21.0	299.0	194.0	21	8.0	90.0	58.0	0	0	4.978142976760864	3440	219.63357663154602	3130	9.011627906976756	
-2550264.2052624086	100.8625	10.063291139240507	138.64556962025316	87.68354430379746	-59.88476449146802	43	67	153	21.0	325.0	205.0	50	8.0	90.0	58.0	0	0	5.3833208084106445	3520	225.01689743995667	3202	9.034090909090907	
-3212803.447683177	99.55	9.8875	133.5375	84.925	-59.88476449146802	44	67	139	22	368	238	44	7	87	56	0	0	5.002498388290405	3600	230.01939582824707	3276	9.0	
-2675326.6078721904	107.8	10.430379746835444	133.8227848101266	85.13924050632912	-59.88476449146802	45	68	167	21.0	406.0	245.0	37	8.0	90.0	58.0	0	0	5.1599390506744385	3680	235.1793348789215	3348	9.021739130434781	
-3350301.067839646	105.175	9.975	132.8875	84.6625	-58.28628482452674	46	68	146	21	320	203	37	8	79	51	0	0	4.943962335586548	3760	240.12329721450806	3422	8.989361702127667	
-2037842.059089391	102.4875	10.20253164556962	127.32911392405063	81.27848101265823	-58.28628482452674	47	69	140	22.0	353.0	214.0	60	8.0	88.0	57.0	0	0	4.830631494522095	3840	244.95392870903015	3491	9.088541666666671	
-3262986.710726009	101.0	10.417721518987342	132.45569620253164	84.49367088607595	-58.28628482452674	48	70	166	21.0	355.0	223.0	61	7.0	82.0	53.0	0	0	5.252989053726196	3920	250.20691776275635	3566	9.030612244897966	
-2500430.0580919236	102.35	10.333333333333334	135.5897435897436	86.2948717948718	-58.28628482452674	49	72	162	22.0	325.0	210.0	38	8.0	85.0	55.0	0	0	5.216080665588379	4000	255.42299842834473	3638	9.049999999999997	
-2262937.2061256943	97.7875	10.329113924050633	145.35443037974684	92.29113924050633	-58.28628482452674	50	73	132	21.0	391.0	243.0	38	8.0	90.0	58.0	0	0	6.850756883621216	4080	262.27375531196594	3707	9.142156862745097	
-1775334.8019764803	96.8	10.038461538461538	132.21794871794873	84.23076923076923	-58.28628482452674	51	75	154	22.0	456.0	291.0	38	8.0	85.0	55.0	0	0	8.064976215362549	4160	270.3387315273285	3777	9.20673076923076	
-2312812.7032913603	95.225	9.831168831168831	120.8051948051948	77.07792207792208	-56.785424554266434	52	78	125	22.0	270.0	173.0	38	8.0	90.0	58.0	0	0	7.577195405960083	4240	277.9159269332886	3843	9.363207547169822	
-2325365.443947625	96.3375	10.050632911392405	127.51898734177215	81.36708860759494	-56.785424554266434	53	79	119	19.0	302.0	186.0	38	8.0	90.0	58.0	0	0	8.229794263839722	4320	286.1457211971283	3915	9.375	
-3312765.376619884	95.1875	10.792207792207792	142.06493506493507	90.77922077922078	-56.785424554266434	54	82	154	22.0	436.0	272.0	38	8.0	90.0	58.0	0	0	8.835309982299805	4400	294.9810311794281	3986	9.409090909090907	
-2525377.950372032	95.6375	10.0375	126.925	80.9875	-56.785424554266434	55	82	121	22	405	262	38	8	92	59	0	0	8.429877996444702	4480	303.4109091758728	4060	9.375	
-2337920.409275239	97.425	10.256410256410257	135.16666666666666	86.03846153846153	-56.74200722920642	56	84	137	22.0	363.0	233.0	38	8.0	90.0	58.0	0	0	8.488718748092651	4560	311.89962792396545	4132	9.385964912280699	
-2900368.001870254	99.6	10.49367088607595	137.08860759493672	87.62025316455696	-56.74200722920642	57	85	137	23.0	374.0	241.0	63	7.0	88.0	57.0	0	0	8.63037657737732	4640	320.5300045013428	4203	9.418103448275858	
-3112839.4135622545	100.0625	10.512820512820513	134.71794871794873	86.24358974358974	-56.74200722920642	58	87	149	24.0	415.0	268.0	51	8.0	90.0	58.0	0	0	8.555721282958984	4720	329.08572578430176	4273	9.470338983050851	
-2900430.5421762266	100.9125	10.584415584415584	144.72727272727272	92.22077922077922	-56.74200722920642	59	90	175	21.0	385.0	247.0	25	8.0	90.0	58.0	0	0	8.767345905303955	4800	337.8530716896057	4342	9.541666666666671	
-3112872.2006743597	101.95	11.075949367088608	149.8227848101266	95.54430379746836	-56.74200722920642	60	91	136	21.0	447.0	284.0	64	8.0	85.0	55.0	0	0	9.106947422027588	4880	346.9600191116333	4414	9.549180327868854	
-2225405.74941901	100.9	9.897435897435898	120.84615384615384	77.44871794871794	-56.68157548419861	61	93	146	22.0	405.0	262.0	54	8.0	85.0	55.0	0	0	8.764770030975342	4960	355.72478914260864	4486	9.556451612903231	
-3062855.425748603	101.7625	10.987341772151899	147.8227848101266	94.48101265822785	-56.507562142267446	62	94	154	23.0	449.0	288.0	61	8.0	83.0	54.0	0	0	9.225903272628784	5040	364.9506924152374	4560	9.523809523809518	
-3050307.042875994	100.8	10.602564102564102	142.46153846153845	90.61538461538461	-56.507562142267446	63	96	184	21.0	408.0	249.0	16	8.0	90.0	58.0	0	0	9.496932029724121	5120	374.44762444496155	4633	9.51171875	
-2612973.5796455685	100.425	10.417721518987342	141.43037974683546	89.74683544303798	-56.507562142267446	64	97	151	21.0	355.0	223.0	68	8.0	90.0	58.0	0	0	8.54166579246521	5200	382.98929023742676	4704	9.538461538461547	
-2312881.014898158	99.05	10.7875	140.4	89.6625	-56.359297932656325	65	97	126	24	460	296	71	8	87	56	0	0	8.578006982803345	5280	391.5672972202301	4778	9.507575757575765	
-3312820.0782127297	100.15	10.544303797468354	137.46835443037975	87.75949367088607	-56.04392660118674	66	98	145	22.0	427.0	276.0	55	8.0	79.0	51.0	0	0	8.60856318473816	5360	400.17586040496826	4850	9.514925373134332	
-3212792.836380442	100.825	11.397435897435898	152.5897435897436	97.57692307692308	-56.04392660118674	67	100	125	22.0	446.0	287.0	75	8.0	90.0	58.0	0	0	8.537189722061157	5440	408.7130501270294	4921	9.540441176470594	
-3137823.9298965754	101.0875	10.85897435897436	145.6153846153846	92.97435897435898	-56.04392660118674	68	102	166	22.0	406.0	260.0	34	8.0	85.0	55.0	0	0	8.482235670089722	5520	417.19528579711914	4994	9.528985507246375	
-2387874.7183808964	101.6375	10.531645569620252	136.35443037974684	86.88607594936708	-56.04392660118674	69	103	137	21.0	329.0	211.0	63	8.0	79.0	51.0	0	0	8.914074182510376	5600	426.1093599796295	5067	9.517857142857139	
-2112866.8232052084	99.6625	10.25974025974026	139.32467532467533	88.28571428571429	-56.04392660118674	70	106	142	22.0	404.0	249.0	58	8.0	90.0	58.0	0	0	8.873737335205078	5680	434.9830973148346	5137	9.559859154929569	
-2275306.9620562918	100.0	10.153846153846153	141.96153846153845	89.78205128205128	-56.01370711081274	71	108	131	22.0	428.0	264.0	69	7.0	74.0	48.0	0	0	8.459916353225708	5760	443.4430136680603	5209	9.565972222222214	
-3587681.2829490826	100.3125	10.291139240506329	145.74683544303798	92.35443037974683	-56.01370711081274	72	109	137	21.0	458.0	279.0	63	8.0	85.0	55.0	0	0	9.184674263000488	5840	452.6276879310608	5284	9.520547945205479	
-2787799.518395034	101.0	10.474358974358974	149.10256410256412	94.23076923076923	-56.01370711081274	73	111	182	22.0	358.0	227.0	39	7.0	82.0	53.0	0	0	8.77001428604126	5920	461.39770221710205	5355	9.54391891891892	
-2512907.1322161322	101.825	10.189873417721518	135.0632911392405	85.78481012658227	-56.01370711081274	74	112	143	15.0	317.0	191.0	57	7.0	82.0	53.0	0	0	9.070912599563599	6000	470.46861481666565	5429	9.516666666666666	
-3250325.074126821	102.9875	10.5	142.05	90.425	-56.01370711081274	75	112	208	22	425	262	37	8	85	55	0	0	8.697781085968018	6080	479.16639590263367	5503	9.49013157894737	
-3125545.0357332714	101.975	10.7	138.825	88.6375	-56.01370711081274	76	112	154	21	355	223	57	8	87	56	0	0	8.85066556930542	6160	488.0170614719391	5577	9.464285714285708	
-2700357.6721346816	100.725	10.037974683544304	134.77215189873417	85.74683544303798	-56.01370711081274	77	113	134	21.0	587.0	366.0	85	8.0	90.0	58.0	0	0	8.45133638381958	6240	496.46839785575867	5651	9.43910256410257	
-3812801.9658383965	103.025	10.645569620253164	150.2405063291139	95.53164556962025	-56.01370711081274	78	114	165	22.0	455.0	294.0	51	8.0	87.0	56.0	0	0	5.612542629241943	6320	502.0809404850006	5722	9.462025316455694	
-2512916.271116593	102.7125	10.151898734177216	136.08860759493672	86.46835443037975	-56.01370711081274	79	115	161	21.0	400.0	249.0	47	7.0	85.0	55.0	0	0	4.921200275421143	6400	507.00214076042175	5795	9.453125	
-2462825.732800667	103.575	10.602564102564102	142.76923076923077	90.93589743589743	-56.01370711081274	80	117	134	23.0	468.0	300.0	63	8.0	90.0	58.0	0	0	4.933518648147583	6480	511.93565940856934	5867	9.459876543209873	
-3187861.6594729023	105.375	10.430379746835444	143.31645569620252	91.21518987341773	-56.01370711081274	81	118	127	28.0	399.0	249.0	80	8.0	88.0	57.0	0	0	5.101416110992432	6560	517.0370755195618	5939	9.466463414634134	
-2112865.248802564	107.4875	10.113924050632912	138.34177215189874	87.9367088607595	-56.0059000007201	82	119	153	27.0	484.0	308.0	47	8.0	88.0	57.0	0	0	5.133481740951538	6640	522.1705572605133	6014	9.42771084337349	
-2912740.6938169906	106.35	10.291139240506329	141.81012658227849	89.87341772151899	-56.0059000007201	83	120	186	23.0	459.0	292.0	60	7.0	90.0	58.0	0	0	5.1417200565338135	6720	527.3122773170471	6088	9.404761904761898	
-2038027.2346684977	101.675	9.75	121.875	77.6125	-55.908583714200375	84	120	126	21	302	192	91	8	85	55	0	0	5.103580951690674	6800	532.4158582687378	6163	9.367647058823522	
-3000211.7886243546	100.7	11.051948051948052	150.7792207792208	95.93506493506493	-55.908583714200375	85	123	132	24.0	414.0	265.0	68	8.0	88.0	57.0	0	0	5.076139450073242	6880	537.491997718811	6233	9.404069767441854	
-2812909.4837196562	99.7125	9.868421052631579	127.28947368421052	80.89473684210526	-55.908583714200375	86	127	137	20.0	347.0	210.0	63	9.0	90.0	58.0	0	0	4.792505264282227	6960	542.2845029830933	6304	9.425287356321846	
-3062845.214652675	100.0625	10.384615384615385	137.39743589743588	87.46153846153847	-55.89792989177914	87	129	151	22.0	302.0	194.0	55	9.0	90.0	58.0	0	0	5.073603391647339	7040	547.3581063747406	6376	9.431818181818187	
-3300310.657133042	99.9	10.276315789473685	134.14473684210526	85.5	-55.89792989177914	88	133	142	23.0	368.0	235.0	58	8.0	90.0	58.0	0	0	4.805124998092651	7120	552.1632313728333	6446	9.466292134831463	
-2937894.166666808	100.0	11.125	161.5	102.35	-55.89792989177914	89	133	132	22	419	267	68	9	90	58	0	0	5.198928594589233	7200	557.3621599674225	6521	9.430555555555557	
-3650362.1146623925	100.0125	10.746835443037975	139.86075949367088	89.0506329113924	-55.89792989177914	90	134	171	26.0	336.0	216.0	29	8.0	90.0	58.0	0	0	4.996340751647949	7280	562.3585007190704	6594	9.42307692307692	
-2850324.6692479	101.425	10.417721518987342	138.54430379746836	88.31645569620254	-55.79737485581173	91	135	178	22.0	377.0	243.0	62	8.0	90.0	58.0	0	0	4.833244562149048	7360	567.1917452812195	6668	9.40217391304347	
-2912745.717673864	100.8875	10.481012658227849	135.51898734177215	86.74683544303798	-55.79737485581173	92	136	137	22.0	376.0	237.0	63	9.0	90.0	58.0	0	0	4.800184965133667	7440	571.9919302463531	6740	9.408602150537632	
-3362785.4213166134	101.9625	10.215189873417721	133.126582278481	84.77215189873418	-55.79737485581173	93	137	137	20.0	389.0	239.0	70	9.0	90.0	58.0	0	0	4.9203760623931885	7520	576.9123063087463	6810	9.441489361702125	
-3387739.823573769	102.125	10.948717948717949	156.33333333333334	99.73076923076923	-55.79737485581173	94	139	143	23.0	449.0	288.0	57	8.0	90.0	58.0	0	0	4.9345738887786865	7600	581.846880197525	6880	9.473684210526315	
-2887892.9814442983	100.7	10.473684210526315	146.07894736842104	93.1842105263158	-55.79737485581173	95	143	134	22.0	429.0	267.0	71	7.0	74.0	48.0	0	0	4.785455703735352	7680	586.6323359012604	6950	9.505208333333343	
-2037810.6420635835	100.5125	9.848101265822784	117.20253164556962	75.10126582278481	-55.79737485581173	96	144	133	23.0	400.0	254.0	74	9.0	90.0	58.0	0	0	4.306486368179321	7760	590.9388222694397	7019	9.548969072164951	
-3025328.719510781	101.3	10.871794871794872	144.51282051282053	92.16666666666667	-55.79737485581173	97	146	128	23.0	447.0	288.0	72	9.0	90.0	58.0	0	0	5.027221202850342	7840	595.96604347229	7092	9.540816326530603	
-3350314.5315055517	101.1	10.725	139.6125	89.0125	-55.79737485581173	98	146	150	22	433	272	50	8	90	58	0	0	5.127441167831421	7920	601.0934846401215	7167	9.507575757575765	
-3087905.735000805	102.7875	10.285714285714286	134.62337662337663	85.96103896103897	-55.79737485581173	99	149	170	24.0	405.0	258.0	56	8.0	90.0	58.0	0	0	4.940996170043945	8000	606.0344808101654	7238	9.524999999999991	
-4075354.8263962506	100.975	10.784810126582279	148.9746835443038	94.9620253164557	-55.79737485581173	100	150	142	24.0	412.0	264.0	58	7.0	90.0	58.0	0	0	5.252960443496704	8080	611.2874412536621	7313	9.492574257425744	
-1900627.0801696728	100.6625	10.714285714285714	146.35064935064935	93.03896103896103	-55.79737485581173	101	153	153	23.0	447.0	288.0	42	8.0	87.0	56.0	0	0	4.864189863204956	8160	616.1516311168671	7384	9.509803921568633	
-2937837.5707129305	101.35	10.421052631578947	140.1184210526316	89.36842105263158	-55.79737485581173	102	157	153	21.0	423.0	268.0	80	8.0	87.0	56.0	0	0	4.495502710342407	8240	620.6471338272095	7450	9.587378640776706	
-3700392.578018409	99.6	10.692307692307692	150.83333333333334	96.05128205128206	-55.79737485581173	103	159	147	23.0	447.0	288.0	53	8.0	85.0	55.0	0	0	4.950411558151245	8320	625.5975453853607	7519	9.627403846153854	
-3762739.3287828662	100.0	10.632911392405063	136.7594936708861	87.39240506329114	-55.79737485581173	104	160	123	22.0	331.0	214.0	77	8.0	90.0	58.0	0	0	5.0659568309783936	8400	630.6635022163391	7594	9.595238095238088	
-1550289.545015232	98.275	10.43421052631579	137.03947368421052	86.92105263157895	-55.787701735937134	105	164	181	21.0	418.0	260.0	19	8.0	90.0	58.0	0	0	4.866451263427734	8480	635.5299534797668	7663	9.634433962264154	
-3050475.5729121394	99.7125	10.03896103896104	134.7792207792208	85.67532467532467	-55.787701735937134	106	167	135	21.0	340.0	208.0	49	7.0	82.0	53.0	0	0	5.214712381362915	8560	640.7446658611298	7735	9.637850467289724	
-3275306.281456946	103.725	10.2375	131.35	83.7125	-55.787701735937134	107	167	169	21	297	188	31	8	90	58	0	0	5.220898151397705	8640	645.9655640125275	7809	9.618055555555557	
-2337892.407059404	103.9375	10.556962025316455	142.0253164556962	90.24050632911393	-55.787701735937134	108	168	156	22.0	470.0	294.0	44	9.0	90.0	58.0	0	0	5.237804412841797	8720	651.2033684253693	7882	9.61009174311927	
-2537931.6897873534	105.6875	10.531645569620252	140.25316455696202	89.29113924050633	-55.787701735937134	109	169	159	22.0	345.0	214.0	48	8.0	79.0	51.0	0	0	4.859863758087158	8800	656.0632321834564	7952	9.636363636363626	
-2375421.1397069795	108.35	10.1625	133.8375	85.1875	-55.787701735937134	110	169	159	26	401	260	81	8	90	58	0	0	5.087101459503174	8880	661.1503336429596	8026	9.617117117117118	
-2225411.222960734	107.1	9.860759493670885	126.70886075949367	80.65822784810126	-55.787701735937134	111	170	159	22.0	358.0	227.0	76	8.0	90.0	58.0	0	0	4.73331618309021	8960	665.8836498260498	8098	9.620535714285722	
-2387971.4920682805	103.1	9.5875	118.175	75.4625	-55.787701735937134	112	170	135	21	260	167	76	8	87	56	0	0	4.839535474777222	9040	670.723185300827	8171	9.612831858407077	
-2250363.973365812	102.5125	9.645569620253164	126.46835443037975	80.39240506329114	-55.787701735937134	113	171	133	21.0	389.0	235.0	70	8.0	90.0	58.0	0	0	4.970352649688721	9120	675.6935379505157	8243	9.616228070175438	
-2475207.454340755	101.6	10.493506493506494	144.62337662337663	91.81818181818181	-55.787701735937134	114	174	140	22.0	433.0	269.0	60	8.0	87.0	56.0	0	0	5.23935079574585	9200	680.9328887462616	8315	9.619565217391298	
-2500259.9319606693	102.8125	10.320512820512821	136.73076923076923	86.91025641025641	-55.787701735937134	115	176	159	21.0	419.0	269.0	42	8.0	90.0	58.0	0	0	4.989330768585205	9280	685.9222195148468	8384	9.655172413793096	
-3162864.4840832963	101.3375	10.448717948717949	144.92307692307693	92.12820512820512	-55.7017851643434	116	178	148	22.0	460.0	288.0	52	8.0	87.0	56.0	0	0	5.175084829330444	9360	691.0973043441772	8456	9.65811965811966	
-2775256.008393256	101.575	10.346153846153847	136.6153846153846	87.15384615384616	-55.7017851643434	117	180	153	19.0	306.0	188.0	55	8.0	87.0	56.0	0	0	5.06218957901001	9440	696.1594939231873	8529	9.650423728813564	
-2750338.9900357234	99.025	10.423076923076923	143.34615384615384	90.98717948717949	-55.7017851643434	118	182	155	21.0	418.0	258.0	45	8.0	79.0	51.0	0	0	5.252439975738525	9520	701.4119338989258	8599	9.674369747899163	
-2600311.282164811	100.6875	10.207792207792208	139.36363636363637	88.37662337662337	-55.7017851643434	119	185	155	20.0	362.0	220.0	63	8.0	90.0	58.0	0	0	5.2847349643707275	9600	706.6966688632965	8672	9.666666666666671	
-2462780.306379811	102.4	9.805194805194805	125.46753246753246	79.81818181818181	-55.7017851643434	120	188	170	21.0	350.0	220.0	52	8.0	90.0	58.0	0	0	4.95666766166687	9680	711.6533365249634	8745	9.659090909090907	
-3187843.741499205	105.125	10.5375	138.825	88.4125	-55.7017851643434	121	188	155	24	399	249	62	8	79	51	0	0	5.162431716918945	9760	716.8157682418823	8818	9.651639344262293	
-3312791.4210217097	98.575	10.367088607594937	132.56962025316454	84.55696202531645	-55.7017851643434	122	189	142	22.0	384.0	239.0	58	8.0	90.0	58.0	0	0	5.237614154815674	9840	722.053382396698	8893	9.6239837398374	
-3400358.5919820443	100.6875	9.860759493670885	136.0379746835443	86.31645569620254	-55.7017851643434	123	190	142	15.0	419.0	260.0	59	7.0	87.0	56.0	0	0	5.265847444534302	9920	727.3192298412323	8967	9.60685483870968	
-3500405.0741834156	97.525	10.220779220779221	139.28571428571428	88.45454545454545	-55.7017851643434	124	193	140	20.0	296.0	182.0	59	7.0	82.0	53.0	0	0	4.631260395050049	10000	731.9504902362823	9035	9.650000000000006	
-2650579.8868882717	99.8625	10.0	129.33333333333334	82.33333333333333	-55.64967704007548	125	195	154	21.0	357.0	223.0	46	8.0	85.0	55.0	0	0	4.5841898918151855	10080	736.5346801280975	9103	9.692460317460316	
-2587941.4419387444	100.75	10.08974358974359	128.23076923076923	81.96153846153847	-55.64967704007548	126	197	124	20.0	353.0	220.0	76	9.0	90.0	58.0	0	0	4.748032331466675	10160	741.2827124595642	9175	9.694881889763778	
-3100407.1405637776	100.15	9.805194805194805	126.2987012987013	80.44155844155844	-55.64967704007548	127	200	144	20.0	335.0	212.0	56	8.0	88.0	57.0	0	0	4.904439449310303	10240	746.1871519088745	9245	9.716796875	
-3337881.3229314205	101.2125	10.455696202531646	135.0506329113924	86.49367088607595	-55.64967704007548	128	201	144	22.0	428.0	276.0	65	8.0	90.0	58.0	0	0	5.127089977264404	10320	751.3142418861389	9320	9.689922480620154	
-2712943.5935039786	99.125	10.08974358974359	125.38461538461539	80.1025641025641	-55.64967704007548	129	203	124	24.0	443.0	286.0	58	8.0	90.0	58.0	0	0	4.79307222366333	10400	756.1073141098022	9391	9.70192307692308	
-3100360.1190889743	100.3	10.75	139.10526315789474	88.76315789473684	-55.64967704007548	130	207	135	22.0	436.0	272.0	65	8.0	90.0	58.0	0	0	5.091816663742065	10480	761.1991307735443	9462	9.713740458015266	
-2725458.2957636197	100.075	10.0	129.48717948717947	82.61538461538461	-55.64967704007548	131	209	150	22.0	430.0	276.0	50	9.0	90.0	58.0	0	0	4.851827144622803	10560	766.0509579181671	9533	9.725378787878796	
-2725398.767097246	102.3	10.325	134.0625	85.6125	-55.64967704007548	132	209	164	21	437	272	61	8	90	58	0	0	5.101222991943359	10640	771.1521809101105	9606	9.718045112781965	
-3537993.081253732	102.4	10.0125	127.6125	81.4875	-55.64967704007548	133	209	170	21	367	235	58	8	90	58	0	0	5.0768883228302	10720	776.2290692329407	9680	9.701492537313428	
-3250447.8149095858	103.1625	10.825	145.575	92.8875	-55.64967704007548	134	209	136	23	357	229	70	9	90	58	0	0	5.000894069671631	10800	781.2299633026123	9753	9.694444444444457	
-3587682.273578054	105.825	10.759493670886076	146.35443037974684	93.39240506329114	-55.64967704007548	135	210	175	23.0	424.0	271.0	30	8.0	90.0	58.0	0	0	4.9268834590911865	10880	786.1568467617035	9824	9.705882352941174	
-3487760.716674025	103.125	10.474358974358974	146.74358974358975	93.1025641025641	-55.64967704007548	136	212	136	22.0	473.0	295.0	66	8.0	79.0	51.0	0	0	5.256793022155762	10960	791.4136397838593	9898	9.689781021897815	
-2887845.1386882523	101.975	10.571428571428571	138.6883116883117	88.75324675324676	-55.64967704007548	137	215	190	22.0	449.0	288.0	10	7.0	82.0	53.0	0	0	4.917809009552002	11040	796.3314487934113	9969	9.701086956521749	
-2600360.029860913	98.3	9.868421052631579	124.8157894736842	79.67105263157895	-55.64967704007548	138	219	136	21.0	330.0	213.0	10	8.0	90.0	58.0	0	0	4.851813793182373	11120	801.1832625865936	10041	9.703237410071935	
-2462902.6946428614	97.525	9.756410256410257	123.74358974358974	79.01282051282051	-55.64967704007548	139	221	121	18.0	334.0	215.0	46	8.0	90.0	58.0	0	0	4.914937973022461	11200	806.0982005596161	10114	9.69642857142857	
-2937789.6813654825	96.825	10.430379746835444	135.51898734177215	86.37974683544304	-55.64967704007548	140	222	127	22.0	309.0	189.0	46	8.0	84.0	54.0	0	0	5.260545015335083	11280	811.3587455749512	10188	9.680851063829792	
-2700304.023671283	99.45	10.05	131.15	83.675	-55.64967704007548	141	222	141	24	457	295	59	8	90	58	0	0	5.261397361755371	11360	816.6201429367065	10259	9.691901408450704	
-2687885.52567809	99.825	10.157894736842104	127.5657894736842	81.35526315789474	-55.64967704007548	142	226	166	22.0	259.0	167.0	34	8.0	90.0	58.0	0	0	4.931519508361816	11440	821.5516624450684	10330	9.7027972027972	
-2350311.060026089	100.1	9.873417721518987	131.59493670886076	83.65822784810126	-55.64967704007548	143	227	141	19.0	367.0	235.0	59	7.0	74.0	48.0	0	0	5.181668281555176	11520	826.7333307266235	10402	9.704861111111114	
-3650239.987420179	100.4125	10.1125	127.975	81.8125	-55.64967704007548	144	227	141	24	457	295	65	8	90	58	0	0	5.105088472366333	11600	831.8384191989899	10475	9.698275862068968	
-3112913.1484566727	100.6875	10.39240506329114	138.59493670886076	88.26582278481013	-55.64967704007548	145	228	147	22.0	408.0	260.0	53	8.0	87.0	56.0	0	0	5.202906608581543	11680	837.0413258075714	10548	9.691780821917803	
-2800430.143873239	101.8	10.253333333333334	144.36	91.52	-55.64967704007548	146	233	161	24.0	429.0	271.0	39	8.0	87.0	56.0	0	0	5.218326807022095	11760	842.2596526145935	10619	9.702380952380949	
-3162869.1824815692	104.4625	10.166666666666666	141.80769230769232	89.83333333333333	-55.64967704007548	147	235	185	22.0	352.0	227.0	48	8.0	91.0	59.0	0	0	5.314494371414185	11840	847.5741469860077	10692	9.695945945945951	
-2212891.214168228	102.9625	10.417721518987342	149.68354430379748	94.64556962025317	-55.64967704007548	148	236	154	22.0	406.0	262.0	46	8.0	79.0	51.0	0	0	5.520841121673584	11920	853.0949881076813	10766	9.681208053691265	
-3375461.1394634144	100.7375	10.2	131.0125	83.55	-55.64967704007548	149	236	160	22	406	262	53	8	90	58	0	0	5.1766197681427	12000	858.271607875824	10840	9.666666666666671	
-3887809.28478752	99.8375	10.14102564102564	132.06410256410257	84.05128205128206	-55.64967704007548	150	238	126	24.0	428.0	276.0	74	8.0	90.0	58.0	0	0	5.46455979347229	12080	863.7361676692963	10914	9.652317880794698	
-3412888.0765647576	99.6375	10.49367088607595	135.15189873417722	86.15189873417721	-55.64967704007548	151	239	128	22.0	408.0	260.0	72	8.0	90.0	58.0	0	0	5.078332901000977	12160	868.8145005702972	10986	9.65460526315789	
-3187845.4631230882	99.025	10.417721518987342	142.20253164556962	90.25316455696202	-55.64657493363234	152	240	164	22.0	354.0	223.0	64	8.0	84.0	54.0	0	0	5.4230310916900635	12240	874.2375316619873	11060	9.640522875816998	
-3512850.2608115077	97.2625	10.734177215189874	155.46835443037975	98.68354430379746	-55.64657493363234	153	241	145	23.0	616.0	391.0	45	7.0	84.0	54.0	0	0	5.717099905014038	12320	879.9546315670013	11135	9.618506493506501	
-4150265.666380313	100.3625	10.225	142.35	90.475	-55.64657493363234	154	241	168	17	339	210	32	8	90	58	0	0	5.706011533737183	12400	885.6606431007385	11210	9.596774193548384	
-3725245.283651726	100.8375	10.367088607594937	140.126582278481	89.44303797468355	-55.64657493363234	155	242	132	25.0	495.0	316.0	39	8.0	88.0	57.0	0	0	5.499925851821899	12480	891.1605689525604	11285	9.575320512820511	
-3462767.4257680876	101.875	10.0875	136.2625	86.725	-55.64657493363234	156	242	153	22	372	234	59	8	90	58	0	0	5.354823589324951	12560	896.5153925418854	11359	9.56210191082802	
-3412730.700371383	100.475	10.6375	157.55	99.6375	-55.64657493363234	157	242	157	22	404	260	43	8	90	58	0	0	5.7506043910980225	12640	902.2659969329834	11433	9.549050632911388	
-2400230.2076097946	102.4125	10.671052631578947	147.05263157894737	93.75	-55.64657493363234	158	246	148	24.0	426.0	276.0	52	8.0	87.0	56.0	0	0	5.003911972045898	12720	907.2699089050293	11504	9.559748427672957	
-3262796.7320904946	101.6875	10.85897435897436	154.97435897435898	98.55128205128206	-55.64657493363234	159	248	146	23.0	415.0	268.0	41	8.0	87.0	56.0	0	0	5.2266082763671875	12800	912.4965171813965	11575	9.5703125	
-2450328.702809844	100.6125	9.810126582278482	124.77215189873418	79.24050632911393	-55.64657493363234	160	249	131	20.0	310.0	189.0	69	8.0	93.0	60.0	0	0	4.708105087280273	12880	917.2046222686768	11646	9.5807453416149	
-3237778.5773119265	100.0	10.551282051282051	143.2948717948718	91.15384615384616	-55.64657493363234	161	251	123	24.0	457.0	295.0	77	8.0	79.0	51.0	0	0	5.347083330154419	12960	922.5517055988312	11718	9.583333333333329	
-3562840.9284289046	100.0	10.333333333333334	139.8846153846154	89.07692307692308	-55.64657493363234	162	253	146	20.0	398.0	250.0	54	9.0	90.0	58.0	0	0	5.1530187129974365	13040	927.7047243118286	11791	9.578220858895705	
-3187902.5380564136	101.8125	10.493333333333334	138.76	88.73333333333333	-55.64657493363234	163	258	158	25.0	448.0	288.0	56	8.0	79.0	51.0	0	0	4.8195271492004395	13120	932.524251461029	11861	9.596036585365852	
-2963046.245859881	102.65	10.205128205128204	138.96153846153845	88.46153846153847	-55.64657493363234	164	260	163	24.0	510.0	331.0	56	8.0	79.0	51.0	0	0	5.465473175048828	13200	937.9897246360779	11935	9.583333333333329	
-2637885.5628304803	98.7875	10.125	135.975	86.5875	-55.64657493363234	165	260	152	19	340	210	56	8	79	51	0	0	4.834059238433838	13280	942.8237838745117	12004	9.608433734939752	
-3075366.4891819144	99.55	10.131578947368421	134.6578947368421	85.9342105263158	-55.64657493363234	166	264	162	22.0	295.0	189.0	18	8.0	79.0	51.0	0	0	4.890127897262573	13360	947.7139117717743	12074	9.625748502994014	
-2362971.6649438525	94.8375	10.194805194805195	132.01298701298703	84.20779220779221	-55.64657493363234	167	267	162	22.0	304.0	194.0	29	8.0	79.0	51.0	0	0	5.066249847412109	13440	952.7801616191864	12145	9.635416666666657	
-3450455.384937686	99.725	9.65	130.0125	82.6125	-55.64657493363234	168	267	152	16	334	208	56	8	79	51	0	0	5.3212525844573975	13520	958.1014142036438	12220	9.615384615384613	
-3350279.6909639854	99.3	10.564102564102564	151.0	96.0	-55.64657493363234	169	269	152	21.0	359.0	229.0	56	8.0	87.0	56.0	0	0	5.352643013000488	13600	963.4540572166443	12290	9.632352941176464	
-2737733.1386723453	96.625	9.897435897435898	135.34615384615384	86.01282051282051	-55.64657493363234	170	271	153	22.0	396.0	256.0	46	8.0	80.0	52.0	0	0	5.305617809295654	13680	968.7596750259399	12363	9.627192982456151	
-1750379.3268701322	97.4	10.153846153846153	135.44871794871796	86.26923076923077	-55.64657493363234	171	273	134	24.0	409.0	265.0	51	8.0	90.0	58.0	0	0	5.147819995880127	13760	973.9074950218201	12436	9.622093023255815	
-3425414.9421977485	98.65	10.20253164556962	135.16455696202533	86.31645569620254	-55.64657493363234	172	274	128	24.0	457.0	295.0	66	8.0	90.0	58.0	0	0	5.190526247024536	13840	979.0980212688446	12509	9.617052023121389	
-2825427.30521196	97.4	9.671052631578947	122.67105263157895	78.25	-55.64657493363234	173	278	173	18.0	362.0	233.0	18	8.0	79.0	51.0	0	0	4.930922985076904	13920	984.0289442539215	12580	9.626436781609186	
-3750264.6798580005	95.5875	10.23076923076923	138.01282051282053	87.73076923076923	-55.64657493363234	174	280	134	20.0	413.0	261.0	52	8.0	87.0	56.0	0	0	5.408664226531982	14000	989.4376084804535	12652	9.628571428571433	
-3037970.7721453216	96.5	10.177215189873417	132.53164556962025	84.70886075949367	-55.64657493363234	175	281	133	24.0	457.0	295.0	37	8.0	90.0	58.0	0	0	5.227485179901123	14080	994.6650936603546	12725	9.623579545454547	
-2512858.154269494	99.325	10.08860759493671	132.41772151898735	84.29113924050633	-55.64657493363234	176	282	144	21.0	411.0	264.0	64	8.0	90.0	58.0	0	0	5.5306127071380615	14160	1000.1957063674927	12798	9.618644067796609	
-3650440.07808642	101.0	10.428571428571429	136.7922077922078	87.25974025974025	-55.64657493363234	177	285	150	21.0	453.0	282.0	38	8.0	90.0	58.0	0	0	5.012134313583374	14240	1005.207840681076	12868	9.63483146067415	
-2900517.8849243727	102.225	10.153846153846153	131.37179487179486	83.76923076923077	-55.64657493363234	178	287	150	20.0	380.0	236.0	68	8.0	90.0	58.0	0	0	4.857364654541016	14320	1010.0652053356171	12937	9.657821229050285	
-3350441.1112511083	100.65	10.0	133.16455696202533	84.9113924050633	-55.64657493363234	179	288	150	22.0	406.0	262.0	61	7.0	82.0	53.0	0	0	5.4202656745910645	14400	1015.4854710102081	13010	9.652777777777771	
-2762893.1788961687	100.7125	10.448717948717949	135.64102564102564	86.47435897435898	-55.64657493363234	180	290	154	21.0	306.0	194.0	53	7.0	82.0	53.0	0	0	5.248919248580933	14480	1020.7343902587891	13082	9.654696132596683	
-2812913.534294958	99.65	10.263157894736842	135.51315789473685	86.25	-55.64657493363234	181	294	153	22.0	464.0	289.0	29	7.0	79.0	51.0	0	0	5.030272722244263	14560	1025.7646629810333	13151	9.677197802197796	
-2600575.0596269732	99.0375	10.846153846153847	147.46153846153845	93.94871794871794	-55.64657493363234	182	296	123	24.0	416.0	266.0	69	8.0	85.0	55.0	0	0	5.316788196563721	14640	1031.081451177597	13222	9.685792349726768	
-2687838.012508864	99.425	10.146666666666667	136.41333333333333	86.78666666666666	-55.64657493363234	183	301	140	22.0	427.0	267.0	60	8.0	85.0	55.0	0	0	5.269754409790039	14720	1036.351205587387	13291	9.70788043478261	
-2312822.4900600477	101.0	9.871794871794872	127.8974358974359	81.58974358974359	-55.64657493363234	184	303	164	22.0	403.0	259.0	65	8.0	87.0	56.0	0	0	4.787529468536377	14800	1041.1387350559235	13361	9.722972972972983	
-3450319.270676887	100.4	10.1	132.575	84.675	-55.64657493363234	185	303	131	19	408	261	69	9	90	58	0	0	5.137887001037598	14880	1046.276622056961	13432	9.731182795698928	
-3575302.2105404167	100.4125	10.367088607594937	145.43037974683546	92.27848101265823	-55.64657493363234	186	304	184	22.0	390.0	250.0	16	9.0	90.0	58.0	0	0	5.410757064819336	14960	1051.6873791217804	13503	9.73930481283422	
-3337834.3681190116	99.975	10.367088607594937	137.8987341772152	87.9113924050633	-55.64657493363234	187	305	152	28.0	606.0	388.0	48	8.0	90.0	58.0	0	0	5.243540525436401	15040	1056.9309196472168	13577	9.727393617021278	
-2862859.2281288863	100.8	11.144736842105264	157.03947368421052	99.85526315789474	-55.64657493363234	188	309	137	22.0	471.0	294.0	62	9.0	90.0	58.0	0	0	5.066970348358154	15120	1061.997889995575	13645	9.755291005291	
-2925274.5935631157	101.25	10.481012658227849	137.9746835443038	87.58227848101266	-55.64657493363234	189	310	159	26.0	400.0	257.0	41	8.0	90.0	58.0	0	0	5.448134660720825	15200	1067.4460246562958	13719	9.743421052631575	
-2487855.119082915	102.3625	10.175	131.7375	83.6875	-55.64657493363234	190	310	159	22	394	236	73	8	90	58	0	0	5.148674964904785	15280	1072.5946996212006	13792	9.738219895287955	
-2725283.502099543	101.875	9.9625	131.275	83.5625	-55.64606488242478	191	310	162	22	368	235	58	8	90	58	0	0	4.9636688232421875	15360	1077.5583684444427	13863	9.74609375	
-3725317.893380192	101.0	10.721518987341772	139.79746835443038	89.34177215189874	-55.64606488242478	192	311	133	23.0	391.0	253.0	67	8.0	90.0	58.0	0	0	5.164499282836914	15440	1082.7228677272797	13937	9.734455958549233	
-3462826.1840793504	101.55	10.592105263157896	149.98684210526315	95.21052631578948	-55.64606488242478	193	315	170	24.0	457.0	295.0	30	8.0	85.0	55.0	0	0	5.562041521072388	15520	1088.284909248352	14009	9.735824742268036	
-3612830.4410808096	101.6	10.153846153846153	134.19230769230768	85.46153846153847	-55.64606488242478	194	317	170	21.0	380.0	235.0	61	9.0	85.0	55.0	0	0	5.113621950149536	15600	1093.3985311985016	14081	9.737179487179489	
-3912853.467215021	99.875	10.974025974025974	151.36363636363637	96.50649350649351	-55.64606488242478	195	320	123	24.0	464.0	296.0	83	9.0	90.0	58.0	0	0	5.303637266159058	15680	1098.7021684646606	14151	9.751275510204081	
-2775418.0598188797	100.1	10.103896103896103	127.2987012987013	81.3896103896104	-55.64606488242478	196	323	131	23.0	352.0	227.0	69	7.0	80.0	52.0	0	0	4.784065008163452	15760	1103.486233472824	14222	9.758883248730967	
-3025365.087737467	101.125	10.605263157894736	145.47368421052633	92.71052631578948	-55.64606488242478	197	327	150	22.0	350.0	225.0	50	8.0	90.0	58.0	0	0	4.869398355484009	15840	1108.355631828308	14292	9.77272727272728	
-2900398.887709957	100.6	10.556962025316455	145.70886075949366	92.70886075949367	-55.64606488242478	198	328	145	20.0	367.0	235.0	55	8.0	90.0	58.0	0	0	5.313436031341553	15920	1113.6690678596497	14365	9.767587939698501	
-3050265.0609263694	100.825	10.23076923076923	140.53846153846155	89.21794871794872	-55.64606488242478	199	330	141	20.0	423.0	263.0	61	8.0	90.0	58.0	0	0	5.300088882446289	16000	1118.969156742096	14437	9.768749999999997	
-2662887.885447761	102.175	10.7375	142.0875	90.875	-55.64606488242478	200	330	153	22	397	254	47	8	90	58	0	0	5.34880805015564	16080	1124.3179647922516	14512	9.75124378109453	
-2675477.371483163	99.7125	9.961538461538462	127.01282051282051	81.21794871794872	-55.64606488242478	201	332	144	20.0	302.0	194.0	56	8.0	90.0	58.0	0	0	5.019868850708008	16160	1129.3378336429596	14586	9.740099009900987	
-2137983.5517162927	100.0	10.10126582278481	128.39240506329114	81.81012658227849	-55.55760951039617	202	333	127	22.0	406.0	250.0	73	9.0	90.0	58.0	0	0	4.859307527542114	16240	1134.1971411705017	14659	9.735221674876854	
-2725252.1880463716	99.85	11.18421052631579	153.3815789473684	97.77631578947368	-55.55760951039617	203	337	129	23.0	469.0	302.0	71	8.0	90.0	58.0	0	0	4.9097816944122314	16320	1139.106922864914	14728	9.75490196078431	
-3037871.7077148203	100.0625	10.037974683544304	132.9240506329114	84.63291139240506	-55.55760951039617	204	338	142	20.0	509.0	320.0	63	8.0	90.0	58.0	0	0	5.087934732437134	16400	1144.194857597351	14800	9.756097560975604	
-2462738.5110410596	98.5	9.8625	127.3125	80.925	-55.55760951039617	205	338	150	21	393	245	50	7	82	53	0	0	5.028458595275879	16480	1149.223316192627	14872	9.757281553398059	
-2462811.839527544	99.725	10.39240506329114	139.64556962025316	88.56962025316456	-55.55760951039617	206	339	130	22.0	454.0	283.0	70	7.0	82.0	53.0	0	0	5.253221035003662	16560	1154.4765372276306	14945	9.752415458937207	
-2625394.5191807942	100.0	10.329113924050633	138.74683544303798	88.12658227848101	-55.55760951039617	207	340	128	24.0	449.0	288.0	72	8.0	87.0	56.0	0	0	5.278164863586426	16640	1159.754702091217	15017	9.753605769230774	
-2700272.014453088	100.0	10.417721518987342	143.40506329113924	90.83544303797468	-55.55760951039617	208	341	174	23.0	410.0	264.0	26	8.0	95.0	61.0	0	0	5.331775188446045	16720	1165.086477279663	15089	9.754784688995215	
-2300274.685897174	100.0	10.692307692307692	145.76923076923077	92.06410256410257	-55.55760951039617	209	343	144	22.0	381.0	231.0	56	8.0	90.0	58.0	0	0	5.325171947479248	16800	1170.4116492271423	15159	9.767857142857139	
-2900252.4687365727	100.225	10.153846153846153	134.1153846153846	85.32051282051282	-55.55760951039617	210	345	157	22.0	267.0	171.0	43	8.0	85.0	55.0	0	0	5.11175012588501	16880	1175.5233993530273	15230	9.77488151658767	
-2125331.3418906294	100.075	10.08974358974359	132.21794871794873	84.05128205128206	-55.55760951039617	211	347	146	21.0	298.0	192.0	54	8.0	90.0	58.0	0	0	5.055656909942627	16960	1180.57905626297	15303	9.77004716981132	
-2912950.3809246537	100.4875	10.025974025974026	130.15584415584416	83.01298701298701	-55.55760951039617	212	350	163	24.0	456.0	294.0	37	7.0	82.0	53.0	0	0	4.864757299423218	17040	1185.4438135623932	15375	9.771126760563376	
-2612958.381991557	100.375	10.56578947368421	138.9078947368421	88.55263157894737	-55.55760951039617	213	354	141	22.0	316.0	199.0	59	8.0	79.0	51.0	0	0	5.068218946456909	17120	1190.51203250885	15447	9.77219626168224	
-2662984.793797541	100.1375	10.9	143.4625	91.35	-55.55760951039617	214	354	135	25	393	244	66	8	79	51	0	0	5.387866258621216	17200	1195.8998987674713	15523	9.75	
-2575291.789701087	98.4875	10.666666666666666	151.44871794871796	96.14102564102564	-55.55760951039617	215	356	175	24.0	428.0	276.0	33	8.0	90.0	58.0	0	0	5.046180248260498	17280	1200.9460790157318	15592	9.768518518518519	
-2887943.292204443	97.975	10.428571428571429	146.45454545454547	93.06493506493507	-55.55760951039617	216	359	161	24.0	411.0	264.0	39	8.0	85.0	55.0	0	0	5.035590887069702	17360	1205.9816699028015	15663	9.775345622119815	
-2175388.9636656945	101.775	10.3	134.6625	85.9375	-55.55760951039617	217	359	161	24	449	288	65	9	90	58	0	0	4.916479110717773	17440	1210.8981490135193	15735	9.77637614678899	
-3287903.1013437193	105.6125	10.025641025641026	133.37179487179486	84.93589743589743	-55.55760951039617	218	361	191	23.0	381.0	231.0	53	8.0	85.0	55.0	0	0	4.941195249557495	17520	1215.8393442630768	15806	9.783105022831052	
-2387805.2437724075	106.8375	10.935064935064934	144.25974025974025	92.0	-55.55760951039617	219	364	165	24.0	449.0	288.0	80	8.0	90.0	58.0	0	0	4.741556882858276	17600	1220.580901145935	15878	9.78409090909092	
-2412784.6014754055	104.8	9.9625	129.85	82.625	-55.55760951039617	220	364	161	21	446	267	56	9	85	55	0	0	5.196354866027832	17680	1225.777256011963	15952	9.773755656108591	
-2612845.3441655687	101.8125	10.125	128.175	82.0875	-55.55760951039617	221	364	143	24	446	287	57	8	90	58	0	0	4.962468147277832	17760	1230.7397241592407	16025	9.76914414414415	
-2062981.9515617942	100.275	9.906666666666666	123.29333333333334	78.53333333333333	-55.55760951039617	222	369	142	20.0	289.0	180.0	58	8.0	90.0	58.0	0	0	4.480936527252197	17840	1235.220660686493	16092	9.79820627802691	
-3100303.2970744567	102.4625	10.3625	136.1125	86.775	-55.55760951039617	223	369	139	25	409	265	80	8	90	58	0	0	5.269037246704102	17920	1240.489697933197	16166	9.78794642857143	
-2087774.8340614706	101.2	9.92	127.30666666666667	80.94666666666667	-55.55760951039617	224	374	168	22.0	463.0	289.0	32	8.0	90.0	58.0	0	0	4.635710000991821	18000	1245.1254079341888	16233	9.816666666666663	
-2637899.5559180686	100.375	10.474358974358974	139.03846153846155	88.2948717948718	-55.55760951039617	225	376	139	22.0	337.0	216.0	77	8.0	90.0	58.0	0	0	5.09795355796814	18080	1250.223361492157	16304	9.823008849557525	
-2588054.8381502912	99.15	10.52	142.2	90.26666666666667	-55.55760951039617	226	381	151	24.0	472.0	291.0	49	8.0	90.0	58.0	0	0	5.024069786071777	18160	1255.2474312782288	16373	9.840308370044042	
-2975342.882711875	99.9125	10.925	147.5125	93.9875	-55.55760951039617	227	381	151	24	414	264	63	8	87	56	0	0	5.2742016315460205	18240	1260.5216329097748	16447	9.830043859649123	
-2837978.33591287	100.275	10.441558441558442	143.4935064935065	91.22077922077922	-55.55760951039617	228	384	168	23.0	449.0	288.0	61	8.0	88.0	57.0	0	0	5.1826043128967285	18320	1265.7042372226715	16519	9.830786026200883	
-3112944.7335690195	100.9375	10.725	143.525	91.625	-55.55760951039617	229	384	166	24	457	295	63	8	90	58	0	0	5.3557915687561035	18400	1271.0600287914276	16594	9.815217391304344	
-2512877.229616432	104.85	10.354430379746836	137.13924050632912	87.30379746835443	-55.55760951039617	230	385	184	24.0	439.0	283.0	63	8.0	79.0	51.0	0	0	5.036958932876587	18480	1276.0969877243042	16665	9.82142857142857	
-2425275.926321452	100.1	10.636363636363637	156.07792207792207	98.25974025974025	-55.55760951039617	231	388	156	20.0	502.0	315.0	44	8.0	95.0	61.0	0	0	5.424817085266113	18560	1281.5218048095703	16734	9.838362068965523	
-2050330.2603710063	100.5	10.531645569620252	143.9367088607595	91.0379746835443	-55.55760951039617	232	389	136	21.0	439.0	275.0	64	8.0	90.0	58.0	0	0	5.349201202392578	18640	1286.871006011963	16804	9.84978540772532	
-2412812.1241635093	98.625	10.1125	130.2875	82.9375	-55.55760951039617	233	389	117	21	292	188	47	8	90	58	0	0	5.275817394256592	18720	1292.1468234062195	16878	9.839743589743591	
-2425292.377813996	100.2625	10.367088607594937	135.873417721519	86.67088607594937	-55.55760951039617	234	390	143	26.0	445.0	289.0	57	8.0	85.0	55.0	0	0	5.04641318321228	18800	1297.1932365894318	16950	9.840425531914903	
-2087832.3092683814	99.8625	10.860759493670885	148.9493670886076	94.83544303797468	-55.55760951039617	235	391	148	24.0	458.0	295.0	52	8.0	85.0	55.0	0	0	5.020799875259399	18880	1302.2140364646912	17021	9.846398305084747	
-2100369.8184623704	100.0	9.925	132.3375	84.175	-55.55760951039617	236	391	141	21	433	263	59	8	79	51	0	0	4.8833839893341064	18960	1307.0974204540253	17091	9.857594936708864	
-2462855.4226169838	99.9375	10.594936708860759	141.64556962025316	90.46835443037975	-55.55760951039617	237	392	143	22.0	395.0	256.0	56	8.0	79.0	51.0	0	0	5.142375946044922	19040	1312.2397964000702	17161	9.868697478991592	
-1762915.4198377072	98.5875	10.217948717948717	131.30769230769232	83.71794871794872	-55.55760951039617	238	394	155	24.0	432.0	278.0	45	7.0	74.0	48.0	0	0	5.127197504043579	19120	1317.3669939041138	17233	9.86924686192468	
-3387857.157810246	99.525	11.4	152.2875	97.1125	-55.55760951039617	239	394	136	26	351	222	64	8	90	58	0	0	5.445923566818237	19200	1322.812917470932	17307	9.859375	
-2950400.399666599	99.2625	10.443037974683545	142.0379746835443	90.56962025316456	-55.55760951039617	240	395	132	23.0	460.0	295.0	67	8.0	87.0	56.0	0	0	5.143341541290283	19280	1327.9562590122223	17379	9.85995850622406	
-3250431.850618598	99.5375	11.2875	162.975	103.475	-55.55760951039617	241	395	134	24	426	269	66	8	87	56	0	0	5.659350872039795	19360	1333.615609884262	17453	9.850206611570243	
-2437816.8132626265	99.7125	10.282051282051283	142.85897435897436	90.67948717948718	-55.55760951039617	242	397	148	21.0	379.0	236.0	52	8.0	80.0	52.0	0	0	5.068756103515625	19440	1338.6843659877777	17524	9.855967078189295	
-2825324.5758378794	100.65	10.075949367088608	131.0506329113924	83.58227848101266	-55.55760951039617	243	398	136	21.0	363.0	229.0	72	8.0	88.0	57.0	0	0	5.01946234703064	19520	1343.7038283348083	17598	9.846311475409834	
-2425248.2380200187	101.1	10.552631578947368	150.81578947368422	95.46052631578948	-55.55760951039617	244	402	133	21.0	460.0	287.0	67	8.0	93.0	60.0	0	0	4.863034009933472	19600	1348.5668623447418	17664	9.877551020408163	
-2312994.0007721367	104.05	10.077922077922079	128.55844155844156	82.12987012987013	-55.55760951039617	245	405	179	22.0	402.0	246.0	48	9.0	95.0	61.0	0	0	4.404372692108154	19680	1352.97123503685	17732	9.898373983739845	
-2425542.8791066683	111.6875	10.139240506329115	130.13924050632912	82.86075949367088	-55.55760951039617	246	406	185	24.0	449.0	288.0	69	8.0	90.0	58.0	0	0	4.8069233894348145	19760	1357.7781584262848	17802	9.908906882591097	
-2500336.078033454	104.8125	10.316455696202532	142.68354430379748	90.39240506329114	-55.55760951039617	247	407	217	21.0	309.0	194.0	6	8.0	85.0	55.0	0	0	5.341367959976196	19840	1363.119526386261	17876	9.899193548387103	
-1912757.4718378738	105.6625	10.289473684210526	140.51315789473685	89.10526315789474	-55.55760951039617	248	411	212	24.0	449.0	288.0	67	7.0	74.0	48.0	0	0	5.226923704147339	19920	1368.3464500904083	17948	9.899598393574294	
-2875434.953929187	101.9375	10.493506493506494	143.1038961038961	90.76623376623377	-55.55760951039617	249	414	141	24.0	446.0	288.0	59	8.0	90.0	58.0	0	0	5.023841142654419	20000	1373.3702912330627	18017	9.914999999999992	
-2588082.2057324974	101.6375	10.2375	139.75	88.4875	-55.55760951039617	250	414	120	24	449	288	80	8	85	55	0	0	5.263068675994873	20080	1378.6333599090576	18089	9.91533864541833	
-2725365.4625486024	102.2125	10.217948717948717	146.2051282051282	92.07692307692308	-55.55760951039617	251	416	213	16.0	309.0	189.0	7	8.0	90.0	58.0	0	0	5.472710132598877	20160	1384.1060700416565	18161	9.915674603174608	
-2612812.892088528	99.4875	10.831168831168831	152.92207792207793	96.58441558441558	-55.55760951039617	252	419	179	30.0	384.0	246.0	25	8.0	87.0	56.0	0	0	5.4796833992004395	20240	1389.585753440857	18229	9.93577075098814	
-2562832.927869302	99.9625	10.285714285714286	147.2077922077922	92.66233766233766	-55.55760951039617	253	422	198	22.0	298.0	185.0	2	8.0	90.0	58.0	0	0	5.682527542114258	20320	1395.2682809829712	18300	9.940944881889763	
-2837804.40911205	100.425	10.425	141.175	89.3125	-55.55760951039617	254	422	180	23	353	226	42	8	79	51	0	0	5.54659366607666	20400	1400.8148746490479	18371	9.946078431372555	
-2475256.8152581523	102.825	10.215189873417721	134.9493670886076	85.78481012658227	-55.55760951039617	255	423	180	20.0	407.0	263.0	57	9.0	90.0	58.0	0	0	4.7759411334991455	20480	1405.590815782547	18438	9.970703125	
-2575509.870805065	102.0	9.756410256410257	124.71794871794872	79.48717948717949	-55.55760951039617	256	425	180	22.0	362.0	227.0	46	7.0	74.0	48.0	0	0	4.788676738739014	20560	1410.379492521286	18507	9.985408560311285	
-2937916.5903417557	102.25	10.487179487179487	142.14102564102564	90.44871794871794	-55.55760951039617	257	427	180	21.0	382.0	244.0	30	8.0	90.0	58.0	0	0	5.392150163650513	20640	1415.7716426849365	18580	9.98062015503875	
-2650371.270678202	104.7	10.038461538461538	138.33333333333334	87.8974358974359	-55.55760951039617	258	429	239	20.0	369.0	227.0	41	8.0	90.0	58.0	0	0	5.367888450622559	20720	1421.139531135559	18653	9.975868725868736	
-2600404.5901674433	97.575	10.192307692307692	144.52564102564102	91.73076923076923	-55.55760951039617	259	431	163	22.0	349.0	224.0	42	8.0	90.0	58.0	0	0	4.983309984207153	20800	1426.1228411197662	18724	9.980769230769226	
-1837922.246443428	100.0625	9.76923076923077	131.44871794871796	83.6025641025641	-55.55760951039617	260	433	202	21.0	334.0	208.0	37	8.0	85.0	55.0	0	0	4.904216527938843	20880	1431.027057647705	18795	9.985632183908038	
-2937935.0107059623	101.7625	10.5125	141.6875	89.9375	-55.55760951039617	261	433	158	22	386	236	76	8	85	55	0	0	5.307719707489014	20960	1436.334777355194	18865	9.995229007633583	
-2487900.597399651	99.825	10.544303797468354	140.43037974683546	89.34177215189874	-55.55760951039617	262	434	163	22.0	426.0	263.0	35	7.0	74.0	48.0	0	0	5.067706346511841	21040	1441.402483701706	18935	10.004752851711032	
-2975496.661251991	99.6	9.842105263157896	130.28947368421052	82.97368421052632	-55.55760951039617	263	438	162	22.0	447.0	289.0	38	7.0	82.0	53.0	0	0	4.859668731689453	21120	1446.2621524333954	19004	10.018939393939391	
-2188035.5214275224	99.4875	10.2125	137.1125	87.1125	-55.55760951039617	264	438	140	24	419	268	53	8	90	58	0	0	5.100293159484863	21200	1451.3624455928802	19079	10.004716981132077	
-2237851.7922754246	99.975	10.461538461538462	140.62820512820514	89.3076923076923	-55.55760951039617	265	440	130	22.0	373.0	238.0	70	8.0	90.0	58.0	0	0	5.036256313323975	21280	1456.3987019062042	19150	10.009398496240607	
-2075352.9473409727	100.325	9.875	133.5125	84.825	-55.55760951039617	266	440	128	16	405	259	72	8	90	58	0	0	4.766969203948975	21360	1461.1656711101532	19219	10.023408239700373	
-2825466.6314096195	99.65	10.473684210526315	136.60526315789474	87.02631578947368	-55.55760951039617	267	444	131	22.0	344.0	217.0	69	8.0	95.0	61.0	0	0	4.954636573791504	21440	1466.1203076839447	19288	10.03731343283583	
-2037831.7380097422	100.7	10.14102564102564	136.05128205128204	86.37179487179488	-55.55760951039617	268	446	157	21.0	303.0	193.0	43	8.0	90.0	58.0	0	0	4.7072999477386475	21520	1470.8276076316833	19355	10.060408921933089	
-2487862.644134955	99.05	10.324675324675324	139.7792207792208	88.88311688311688	-55.55760951039617	269	449	162	24.0	409.0	264.0	38	8.0	79.0	51.0	0	0	4.807159423828125	21600	1475.6347670555115	19423	10.07870370370371	
-2350346.423822265	103.3875	9.923076923076923	131.52564102564102	83.52564102564102	-55.55760951039617	270	451	212	21.0	334.0	208.0	7	8.0	90.0	58.0	0	0	4.986997127532959	21680	1480.6217641830444	19494	10.083025830258308	
-2437812.571635206	102.6375	10.265822784810126	141.18987341772151	89.62025316455696	-55.55760951039617	271	452	146	21.0	345.0	209.0	54	7.0	82.0	53.0	0	0	5.310035943984985	21760	1485.9318001270294	19567	10.078125	
-2337843.5262754257	100.4	10.394736842105264	143.19736842105263	91.09210526315789	-55.55760951039617	272	456	195	22.0	449.0	287.0	37	7.0	82.0	53.0	0	0	5.0189385414123535	21840	1490.9507386684418	19635	10.09615384615384	
-1937776.6521008	99.9	9.794871794871796	123.64102564102564	78.87179487179488	-55.55760951039617	273	458	157	22.0	328.0	208.0	41	8.0	87.0	56.0	0	0	5.00833797454834	21920	1495.95907664299	19705	10.104927007299267	
-3362821.316398944	99.95	10.1375	137.4	87.15	-55.55760951039617	274	458	135	20	405	258	65	7	74	48	0	0	5.173887491226196	22000	1501.1329641342163	19772	10.127272727272725	
-2550422.572908324	102.1875	10.960526315789474	139.64473684210526	89.19736842105263	-55.55760951039617	275	462	147	24.0	410.0	264.0	53	8.0	90.0	58.0	0	0	5.1332433223724365	22080	1506.2662074565887	19841	10.14039855072464	
-2400361.4144241866	103.175	10.5	148.5897435897436	94.07692307692308	-55.55760951039617	276	464	142	22.0	438.0	283.0	88	8.0	90.0	58.0	0	0	5.205949544906616	22160	1511.4721570014954	19909	10.157942238267154	
-2225527.7457087934	102.75	10.756410256410257	143.8846153846154	91.83333333333333	-55.54155007590426	277	466	169	23.0	480.0	311.0	31	8.0	79.0	51.0	0	0	5.1987433433532715	22240	1516.6709003448486	19982	10.152877697841717	
-1725298.8235985935	100.5375	10.2625	138.675	88.0875	-55.54155007590426	278	466	179	21	447	287	53	8	79	51	0	0	5.414242506027222	22320	1522.0851428508759	20057	10.138888888888886	
-2187867.4412939246	100.8	10.2625	140.1	89.025	-55.54155007590426	279	466	179	24	404	259	40	8	79	51	0	0	5.219912767410278	22400	1527.3050556182861	20129	10.138392857142847	
-1887862.7529345013	96.5	10.0125	129.3125	82.1875	-55.54155007590426	280	466	134	17	341	208	40	8	90	58	0	0	4.592145204544067	22480	1531.8972008228302	20196	10.160142348754448	
-3063061.0533496514	96.45	10.5875	143.3375	91.275	-55.54155007590426	281	466	143	24	457	295	40	8	90	58	0	0	5.375794887542725	22560	1537.272995710373	20270	10.150709219858157	
-2737874.9412327097	101.425	9.987341772151899	130.2405063291139	82.82278481012658	-55.54155007590426	282	467	134	20.0	353.0	214.0	66	8.0	85.0	55.0	0	0	4.921850681304932	22640	1542.1948463916779	20340	10.159010600706708	
-3025512.6341329357	100.1	9.91139240506329	128.79746835443038	82.0	-55.54155007590426	283	468	125	20.0	331.0	208.0	75	8.0	90.0	58.0	0	0	5.049924373626709	22720	1547.2447707653046	20411	10.162852112676063	
-3300554.1942701107	99.9	10.455696202531646	135.9620253164557	86.59493670886076	-55.54155007590426	284	469	138	22.0	336.0	203.0	62	8.0	80.0	52.0	0	0	5.265322685241699	22800	1552.5100934505463	20484	10.15789473684211	
-3087911.4450871497	99.7625	10.307692307692308	141.57692307692307	89.8974358974359	-55.54155007590426	285	471	147	22.0	403.0	256.0	50	8.0	87.0	56.0	0	0	5.2008514404296875	22880	1557.710944890976	20557	10.152972027972027	
-2475378.5920460634	98.425	10.116883116883116	133.27272727272728	85.11688311688312	-55.54155007590426	286	474	147	20.0	411.0	264.0	34	8.0	87.0	56.0	0	0	4.688547611236572	22960	1562.3994925022125	20629	10.152439024390247	
-2287940.8867983697	105.5	10.139240506329115	135.60759493670886	86.40506329113924	-55.54155007590426	287	475	198	20.0	450.0	289.0	46	8.0	94.0	61.0	0	0	4.77319073677063	23040	1567.1726832389832	20701	10.151909722222214	
-2912841.4595440933	101.1625	11.0	153.56962025316454	97.45569620253164	-55.54155007590426	288	476	152	22.0	437.0	272.0	79	8.0	90.0	58.0	0	0	5.173939228057861	23120	1572.346622467041	20773	10.151384083044974	
-2325421.1298356066	102.7875	10.063291139240507	131.8860759493671	83.9113924050633	-55.54155007590426	289	477	143	20.0	288.0	185.0	68	9.0	90.0	58.0	0	0	5.0825035572052	23200	1577.4291260242462	20844	10.155172413793096	
-2725464.126479068	101.6625	11.012820512820513	157.33333333333334	100.03846153846153	-55.54155007590426	290	479	143	23.0	414.0	263.0	57	8.0	87.0	56.0	0	0	5.504591703414917	23280	1582.9337177276611	20917	10.150343642611688	
-2538045.0297016758	101.6	9.75	120.825	77.325	-55.54155007590426	291	479	151	21	328	210	49	7	74	48	0	0	4.862036943435669	23360	1587.7957546710968	20990	10.145547945205479	
-2437892.4009481263	101.2125	9.923076923076923	130.65384615384616	83.1025641025641	-55.53029678346096	292	481	164	21.0	333.0	200.0	44	8.0	85.0	55.0	0	0	4.765534400939941	23440	1592.5612890720367	21060	10.153583617747444	
-3425375.459866084	102.8375	10.275	138.7875	88.1125	-55.53029678346096	293	481	149	21	421	264	67	8	90	58	0	0	5.429490566253662	23520	1597.9907796382904	21134	10.144557823129247	
-2825251.7682046858	102.15	10.307692307692308	137.10256410256412	87.11538461538461	-55.53029678346096	294	483	163	21.0	366.0	229.0	37	8.0	85.0	55.0	0	0	4.948508977890015	23600	1602.9392886161804	21202	10.16101694915254	
-2688016.013548886	100.7875	10.802631578947368	142.44736842105263	90.85526315789474	-55.53029678346096	295	487	150	22.0	464.0	288.0	71	8.0	94.0	61.0	0	0	4.812185764312744	23680	1607.7514743804932	21268	10.185810810810807	
-2638024.87797214	100.0	9.5	114.7625	73.425	-55.53029678346096	296	487	118	14	286	183	82	7	88	57	0	0	4.740586757659912	23760	1612.492061138153	21340	10.18518518518519	
-3012860.0877713887	100.0	10.692307692307692	141.75641025641025	90.61538461538461	-55.53029678346096	297	489	130	22.0	449.0	287.0	70	8.0	90.0	58.0	0	0	5.118801116943359	23840	1617.6108622550964	21413	10.18036912751677	
-3463005.7621865002	100.3125	10.405063291139241	135.74683544303798	86.58227848101266	-55.53029678346096	298	490	142	22.0	361.0	227.0	58	8.0	90.0	58.0	0	0	5.273859739303589	23920	1622.8847219944	21485	10.179765886287626	
-3300318.750927561	100.0875	11.113924050632912	152.54430379746836	97.36708860759494	-55.53029678346096	299	491	158	22.0	423.0	266.0	53	8.0	84.0	54.0	0	0	5.212754487991333	24000	1628.0974764823914	21558	10.174999999999997	
-2937798.073717064	100.0	9.623376623376624	119.67532467532467	76.55844155844156	-55.53029678346096	300	494	149	16.0	332.0	208.0	51	8.0	85.0	55.0	0	0	4.634191513061523	24080	1632.7316679954529	21628	10.182724252491695	
-4125336.352088307	98.775	10.68918918918919	153.45945945945945	97.62162162162163	-55.53029678346096	301	500	139	23.0	457.0	295.0	51	7.0	74.0	48.0	0	0	5.126435279846191	24160	1637.858103275299	21695	10.202814569536429	
-2137922.652049925	101.125	10.139240506329115	132.32911392405063	84.25316455696202	-55.53029678346096	302	501	143	21.0	320.0	205.0	57	8.0	85.0	55.0	0	0	4.9814159870147705	24240	1642.8395192623138	21767	10.202145214521451	
-3862785.1061642887	103.25	10.49367088607595	133.58227848101265	85.50632911392405	-55.53029678346096	303	502	143	22.0	301.0	189.0	67	9.0	85.0	55.0	0	0	5.26950740814209	24320	1648.109026670456	21841	10.19325657894737	
-3062898.7697817883	100.2125	10.538461538461538	138.92307692307693	88.51282051282051	-55.53029678346096	304	504	160	23.0	334.0	211.0	29	8.0	90.0	58.0	0	0	5.071838855743408	24400	1653.1808655261993	21911	10.200819672131146	
-3350310.211183854	99.6125	9.962025316455696	129.873417721519	82.40506329113924	-55.52778161710325	305	505	146	16.0	326.0	210.0	54	8.0	88.0	57.0	0	0	5.2998435497283936	24480	1658.4807090759277	21983	10.200163398692808	
-1675355.9980440515	97.775	10.285714285714286	134.05194805194805	85.44155844155844	-55.52778161710325	306	508	142	20.0	424.0	262.0	54	8.0	90.0	58.0	0	0	4.9132139682769775	24560	1663.3939230442047	22052	10.211726384364823	
-3000557.744417551	102.125	9.89873417721519	133.65822784810126	85.12658227848101	-55.52778161710325	307	509	146	16.0	424.0	262.0	54	8.0	90.0	58.0	0	0	5.192061185836792	24640	1668.5859842300415	22126	10.202922077922082	
-3025541.4493002566	100.0	10.14102564102564	127.26923076923077	81.38461538461539	-55.52778161710325	308	511	156	22.0	358.0	227.0	44	8.0	87.0	56.0	0	0	4.912874937057495	24720	1673.498859167099	22197	10.206310679611647	
-2725298.078862235	99.8625	10.025316455696203	129.72151898734177	82.88607594936708	-55.52778161710325	309	512	145	24.0	328.0	210.0	55	7.0	82.0	53.0	0	0	4.9319844245910645	24800	1678.43084359169	22271	10.197580645161281	
-3500296.2661457867	105.25	11.405063291139241	168.53164556962025	106.72151898734177	-55.52778161710325	310	513	158	24.0	579.0	366.0	25	8.0	85.0	55.0	0	0	5.774837255477905	24880	1684.205680847168	22345	10.188906752411569	
-2175274.1612524963	110.0125	10.653333333333334	161.96	102.16	-55.52778161710325	311	518	211	18.0	329.0	200.0	34	8.0	85.0	55.0	0	0	5.3864593505859375	24960	1689.592140197754	22416	10.192307692307693	
-3287816.8892339347	113.5875	10.26923076923077	145.5897435897436	92.03846153846153	-55.52778161710325	312	520	211	18.0	390.0	241.0	56	7.0	74.0	48.0	0	0	5.356886625289917	25040	1694.9490268230438	22487	10.195686900958464	
-2862784.0030212123	112.9375	10.475	151.0	95.6625	-55.52778161710325	313	520	173	22	388	237	72	8	85	55	0	0	5.477543592453003	25120	1700.4265704154968	22559	10.195063694267517	
-3112807.2767605786	114.625	9.79746835443038	134.49367088607596	85.41772151898734	-55.52778161710325	314	521	181	25.0	326.0	211.0	72	7.0	74.0	48.0	0	0	4.991257905960083	25200	1705.417828321457	22629	10.202380952380949	
-2250380.738943693	116.3125	10.35897435897436	140.21794871794873	89.34615384615384	-55.52778161710325	315	523	181	26.0	474.0	306.0	68	7.0	74.0	48.0	0	0	4.960544109344482	25280	1710.3783724308014	22698	10.213607594936718	
-2837808.409214875	112.6375	10.282051282051283	136.97435897435898	87.12820512820512	-55.52778161710325	316	525	208	22.0	376.0	231.0	70	8.0	79.0	51.0	0	0	5.010239362716675	25360	1715.388611793518	22770	10.212933753943219	
-3012789.7583653457	109.2625	10.126582278481013	132.91139240506328	84.65822784810126	-55.52778161710325	317	526	181	22.0	360.0	227.0	88	8.0	90.0	58.0	0	0	5.127578258514404	25440	1720.5161900520325	22844	10.20440251572326	
-2462873.0860921866	102.1875	10.189873417721518	131.65822784810126	83.9873417721519	-55.52778161710325	318	527	145	21.0	352.0	221.0	71	8.0	90.0	58.0	0	0	5.048066854476929	25520	1725.5642569065094	22917	10.19984326018809	
-2525203.266800782	100.8625	10.64935064935065	143.03896103896105	90.94805194805195	-55.52778161710325	319	530	159	26.0	453.0	282.0	41	8.0	88.0	57.0	0	0	5.2794225215911865	25600	1730.8436794281006	22990	10.1953125	
-2700360.362372386	101.7875	10.868421052631579	151.07894736842104	95.89473684210526	-55.52778161710325	320	534	152	26.0	493.0	313.0	53	8.0	93.0	60.0	0	0	5.441834211349487	25680	1736.28551363945	23060	10.202492211838006	
-2737886.011372012	102.225	10.625	146.125	93.125	-55.52778161710325	321	534	154	24	467	303	64	8	93	60	0	0	5.307019472122192	25760	1741.5925331115723	23131	10.2057453416149	
-2713003.0231517768	103.55	9.807692307692308	122.14102564102564	78.21794871794872	-55.52778161710325	322	536	146	21.0	330.0	212.0	57	8.0	87.0	56.0	0	0	4.949164390563965	25840	1746.5416975021362	23204	10.201238390092882	
-3100344.4939116393	101.4	9.9	128.95	82.475	-55.52778161710325	323	536	141	21	377	240	68	8	87	56	0	0	5.190108299255371	25920	1751.7318058013916	23279	10.189043209876544	
-2775429.0808550003	100.5875	9.69620253164557	120.0	76.64556962025317	-55.52778161710325	324	537	127	15.0	376.0	233.0	76	7.0	74.0	48.0	0	0	5.073539972305298	26000	1756.805345773697	23352	10.184615384615384	
-2337959.5830347487	100.3125	10.139240506329115	128.72151898734177	82.22784810126582	-55.52778161710325	325	538	151	21.0	411.0	265.0	49	8.0	87.0	56.0	0	0	4.8004796504974365	26080	1761.6058254241943	23423	10.187883435582819	
-3625198.041319718	100.6875	10.493506493506494	135.7792207792208	86.83116883116882	-55.52778161710325	326	541	156	23.0	404.0	261.0	44	8.0	90.0	58.0	0	0	4.659191131591797	26160	1766.2650165557861	23491	10.202599388379213	
-3325363.55666288	98.6	10.48	135.42666666666668	86.66666666666667	-55.525661168178914	327	546	175	21.0	404.0	252.0	25	8.0	90.0	58.0	0	0	4.968224287033081	26240	1771.2332408428192	23561	10.20960365853658	
-3100336.40052624	100.5375	10.645569620253164	154.68354430379748	98.0632911392405	-55.525661168178914	328	547	175	18.0	475.0	297.0	45	8.0	94.0	61.0	0	0	5.236888408660889	26320	1776.47012925148	23632	10.212765957446805	
-2062965.6607705392	100.0	10.012987012987013	133.3116883116883	84.88311688311688	-55.525661168178914	329	550	118	22.0	382.0	246.0	82	8.0	93.0	60.0	0	0	4.575465202331543	26400	1781.0455944538116	23701	10.223484848484858	
-3050440.13575463	100.3625	10.35897435897436	134.39743589743588	85.7948717948718	-55.525661168178914	330	552	144	22.0	433.0	269.0	56	8.0	87.0	56.0	0	0	4.875329971313477	26480	1785.9209244251251	23772	10.22658610271904	
-2962765.488776851	100.0	9.746835443037975	123.75949367088607	79.07594936708861	-55.517024035343	331	553	146	19.0	314.0	203.0	54	8.0	87.0	56.0	0	0	4.729526996612549	26560	1790.6504514217377	23844	10.225903614457835	
-2937769.0752747767	104.6	10.06578947368421	135.52631578947367	86.09210526315789	-55.517024035343	332	557	159	23.0	414.0	267.0	49	8.0	85.0	55.0	0	0	5.007184743881226	26640	1795.657636165619	23915	10.228978978978972	
-3187778.0501370328	99.075	10.597402597402597	147.8961038961039	94.01298701298701	-55.517024035343	333	560	151	22.0	432.0	269.0	49	8.0	79.0	51.0	0	0	5.079103231430054	26720	1800.736739397049	23986	10.232035928143716	
-2875306.63497614	102.3375	10.078947368421053	142.35526315789474	90.27631578947368	-55.517024035343	334	564	151	21.0	346.0	223.0	49	8.0	85.0	55.0	0	0	5.084424257278442	26800	1805.8211636543274	24054	10.246268656716424	
-2537885.502412024	104.5125	10.282051282051283	141.94871794871796	89.98717948717949	-55.517024035343	335	566	167	22.0	386.0	231.0	50	8.0	88.0	57.0	0	0	5.1824562549591064	26880	1811.0036199092865	24126	10.245535714285708	
-3187883.012682111	104.5	10.4375	146.1875	92.7	-55.517024035343	336	566	146	22	497	310	64	8	90	58	0	0	5.377999305725098	26960	1816.3816192150116	24199	10.241097922848667	
-3187851.9925020947	105.725	10.151898734177216	138.32911392405063	87.68354430379746	-55.517024035343	337	567	148	21.0	328.0	198.0	62	8.0	79.0	51.0	0	0	5.4856157302856445	27040	1821.8672349452972	24272	10.23668639053254	
-2200378.595119874	106.45	9.75	127.5375	80.975	-55.517024035343	338	567	148	20	355	223	100	8	87	56	0	0	5.348650693893433	27120	1827.2158856391907	24345	10.232300884955748	
-2850368.2517596595	101.35	9.833333333333334	121.35897435897436	77.35897435897436	-55.517024035343	339	569	152	20.0	266.0	163.0	48	8.0	79.0	51.0	0	0	4.917451858520508	27200	1832.1333374977112	24415	10.23897058823529	
-2075456.9690200288	104.275	9.860759493670885	122.39240506329114	78.36708860759494	-55.517024035343	340	570	148	20.0	338.0	214.0	52	8.0	90.0	58.0	0	0	4.757254362106323	27280	1836.8905918598175	24486	10.24193548387096	
-2238069.2748258514	102.925	9.7	117.4	75.225	-55.517024035343	341	570	142	21	315	203	67	8	90	58	0	0	4.585982322692871	27360	1841.4765741825104	24558	10.241228070175438	
-3287828.413255336	103.15	10.594936708860759	143.8987341772152	91.58227848101266	-55.517024035343	342	571	145	24.0	455.0	292.0	57	8.0	90.0	58.0	0	0	5.191455602645874	27440	1846.6680297851562	24631	10.2368804664723	
-3225279.338161434	105.7125	10.602564102564102	145.0	92.25641025641026	-55.517024035343	343	573	181	24.0	424.0	273.0	50	8.0	84.0	54.0	0	0	5.425841569900513	27520	1852.0938713550568	24705	10.228924418604649	
-2912826.9781208606	100.875	10.413333333333334	145.76	92.84	-55.517024035343	344	578	140	21.0	389.0	251.0	50	8.0	90.0	58.0	0	0	4.656985759735107	27600	1856.7508571147919	24773	10.242753623188406	
-2512837.6295044892	104.0375	9.857142857142858	126.48051948051948	80.58441558441558	-55.517024035343	345	581	164	20.0	406.0	259.0	59	8.0	90.0	58.0	0	0	4.809896469116211	27680	1861.560753583908	24844	10.245664739884404	
-2487816.4407058633	105.1625	10.151898734177216	138.1772151898734	87.87341772151899	-55.517024035343	346	582	164	22.0	388.0	241.0	75	8.0	90.0	58.0	0	0	4.743764162063599	27760	1866.3045177459717	24915	10.248559077809787	
-3000236.783992597	100.6625	11.144736842105264	157.76315789473685	100.11842105263158	-55.517024035343	347	586	163	25.0	416.0	265.0	37	8.0	90.0	58.0	0	0	5.058523893356323	27840	1871.363041639328	24983	10.262212643678154	
-2787927.9697848656	99.8	9.947368421052632	134.9078947368421	85.59210526315789	-55.517024035343	348	590	144	19.0	298.0	189.0	66	8.0	90.0	58.0	0	0	5.036153554916382	27920	1876.3991951942444	25053	10.26862464183381	
-2737756.5254112342	99.3	10.076923076923077	132.10256410256412	83.98717948717949	-55.517024035343	349	592	163	22.0	431.0	263.0	48	7.0	82.0	53.0	0	0	5.125844717025757	28000	1881.5250399112701	25125	10.267857142857139	
-2962862.737779462	99.225	10.342105263157896	140.25	89.11842105263158	-55.517024035343	350	596	135	22.0	442.0	269.0	65	8.0	90.0	58.0	0	0	5.030493497848511	28080	1886.5555334091187	25195	10.274216524216527	
-3200475.9623234775	99.075	11.14102564102564	150.7051282051282	96.25641025641026	-55.517024035343	351	598	145	22.0	428.0	276.0	57	8.0	93.0	60.0	0	0	5.308483600616455	28160	1891.864017009735	25269	10.266335227272734	
-3000406.6715939706	99.85	10.341772151898734	138.20253164556962	88.0379746835443	-55.517024035343	352	599	140	22.0	361.0	227.0	60	8.0	85.0	55.0	0	0	5.066271543502808	28240	1896.930288553238	25339	10.272662889518415	
-2875382.3674343927	99.4	10.73076923076923	136.60256410256412	87.44871794871794	-55.50407748454772	353	601	152	22.0	356.0	229.0	48	8.0	88.0	57.0	0	0	4.837108373641968	28320	1901.7673969268799	25410	10.275423728813564	
-3012836.4004678586	100.2	10.531645569620252	139.0	88.9113924050633	-55.50407748454772	354	602	131	24.0	456.0	295.0	68	8.0	90.0	58.0	0	0	5.078918933868408	28400	1906.8463158607483	25482	10.274647887323937	
-2050573.7427922837	101.425	10.064935064935066	128.33766233766235	81.84415584415585	-55.50407748454772	355	605	149	22.0	454.0	283.0	55	8.0	87.0	56.0	0	0	4.862670660018921	28480	1911.7089865207672	25553	10.277387640449447	
-2425493.233569621	101.45	9.807692307692308	131.84615384615384	83.7948717948718	-55.50407748454772	356	607	173	19.0	366.0	228.0	27	8.0	87.0	56.0	0	0	5.00023889541626	28560	1916.7092254161835	25625	10.276610644257701	
-3250418.152809377	99.9125	10.428571428571429	139.55844155844156	88.93506493506493	-55.50407748454772	357	610	165	24.0	372.0	239.0	7	8.0	87.0	56.0	0	0	5.112964630126953	28640	1921.8221900463104	25697	10.275837988826822	
-3025582.3168606833	101.75	10.936708860759493	158.54430379746836	100.44303797468355	-55.50407748454772	358	611	148	25.0	396.0	256.0	65	8.0	90.0	58.0	0	0	5.612290859222412	28720	1927.4344809055328	25770	10.271587743732596	
-2512867.87815779	99.7	10.207792207792208	136.94805194805195	86.74025974025975	-55.50407748454772	359	614	153	22.0	382.0	232.0	62	8.0	80.0	52.0	0	0	5.194772481918335	28800	1932.6292533874512	25840	10.277777777777771	
-2837773.3819546	102.85	10.782051282051283	154.5	98.1025641025641	-55.50407748454772	360	616	175	23.0	490.0	307.0	15	8.0	80.0	52.0	0	0	5.297174453735352	28880	1937.9264278411865	25912	10.2770083102493	
-2950296.974755631	101.5625	10.050632911392405	129.1772151898734	82.50632911392405	-55.50407748454772	361	617	142	22.0	377.0	241.0	48	8.0	79.0	51.0	0	0	5.070667505264282	28960	1942.9970953464508	25986	10.269337016574582	
-2362929.176267202	102.9875	10.0	133.64935064935065	85.05194805194805	-55.50407748454772	362	620	142	22.0	407.0	261.0	60	8.0	87.0	56.0	0	0	5.046372175216675	29040	1948.0434675216675	26058	10.268595041322314	
-2812900.9646057948	102.7625	9.658227848101266	129.46835443037975	82.50632911392405	-55.50407748454772	363	621	142	20.0	362.0	234.0	80	8.0	87.0	56.0	0	0	5.042149782180786	29120	1953.0856173038483	26131	10.26442307692308	
-3937851.089671443	101.65	10.6125	145.8125	92.825	-55.50407748454772	364	621	182	22	366	235	36	8	85	55	0	0	5.37757420539856	29200	1958.4631915092468	26205	10.256849315068493	
-2612944.153422872	101.1625	9.949367088607595	127.0632911392405	81.0379746835443	-55.50407748454772	365	622	169	22.0	375.0	233.0	71	8.0	90.0	58.0	0	0	4.737769603729248	29280	1963.200961112976	26273	10.269808743169392	
-3262915.5751055446	100.6	10.473684210526315	139.26315789473685	88.82894736842105	-55.50407748454772	366	626	155	23.0	403.0	258.0	45	8.0	85.0	55.0	0	0	5.118710517883301	29360	1968.3196716308594	26345	10.269073569482288	
-3125516.860432093	98.55	10.307692307692308	133.85897435897436	85.38461538461539	-55.50407748454772	367	628	166	23.0	378.0	243.0	45	8.0	85.0	55.0	0	0	5.1464011669158936	29440	1973.4660727977753	26418	10.264945652173921	
-2713007.307031978	99.0125	10.215189873417721	127.46835443037975	81.45569620253164	-55.50407748454772	368	629	137	24.0	336.0	212.0	35	8.0	85.0	55.0	0	0	5.055708169937134	29520	1978.5217809677124	26490	10.264227642276424	
-2788000.970333297	100.2625	10.60759493670886	141.55696202531647	89.9746835443038	-55.50407748454772	369	630	147	22.0	357.0	229.0	53	8.0	79.0	51.0	0	0	5.363171577453613	29600	1983.884952545166	26564	10.256756756756758	
-3187839.9629966184	100.175	10.831168831168831	141.5974025974026	90.50649350649351	-55.50407748454772	370	633	188	24.0	400.0	258.0	12	9.0	94.0	61.0	0	0	4.896958112716675	29680	1988.7819106578827	26634	10.262803234501348	
-2750414.4806102607	99.45	10.03896103896104	127.96103896103897	81.74025974025975	-55.50407748454772	371	636	153	22.0	356.0	229.0	47	8.0	84.0	54.0	0	0	5.012453079223633	29760	1993.7943637371063	26707	10.258736559139777	
-3075322.876494079	98.3375	9.461538461538462	123.52564102564102	78.61538461538461	-55.50407748454772	372	638	153	14.0	305.0	192.0	59	8.0	84.0	54.0	0	0	4.828734636306763	29840	1998.623098373413	26779	10.258042895442358	
-2075291.9136951223	97.1375	9.857142857142858	126.97402597402598	80.85714285714286	-55.50407748454772	373	641	163	22.0	445.0	269.0	37	8.0	84.0	54.0	0	0	5.001723051071167	29920	2003.6248214244843	26849	10.264037433155082	
-2600335.912694057	101.0875	9.909090909090908	135.3116883116883	86.05194805194805	-55.50407748454772	374	644	169	22.0	409.0	256.0	31	8.0	85.0	55.0	0	0	4.676604986190796	30000	2008.301426410675	26917	10.27666666666667	
-2375510.5978615046	101.7125	10.513157894736842	147.42105263157896	93.77631578947368	-55.50407748454772	375	648	193	22.0	496.0	304.0	7	8.0	87.0	56.0	0	0	5.066676378250122	30080	2013.3681027889252	26988	10.279255319148945	
-2812839.147049633	101.2875	10.705128205128204	143.19230769230768	91.33333333333333	-55.50407748454772	376	650	135	23.0	356.0	229.0	66	8.0	90.0	58.0	0	0	5.043750762939453	30160	2018.4118535518646	27059	10.281830238726783	
-3087759.32628384	100.5125	10.776315789473685	147.03947368421052	93.8157894736842	-55.50407748454772	377	654	143	24.0	451.0	288.0	63	8.0	85.0	55.0	0	0	4.743276119232178	30240	2023.1551296710968	27125	10.300925925925924	
-2212881.076468966	99.8125	10.354430379746836	132.79746835443038	84.89873417721519	-55.50407748454772	378	655	143	22.0	376.0	232.0	57	8.0	94.0	61.0	0	0	4.703585624694824	30320	2027.8587152957916	27194	10.310026385224262	
-1775548.0816251743	100.6875	10.139240506329115	134.56962025316454	85.82278481012658	-55.50407748454772	379	656	141	21.0	340.0	220.0	59	8.0	79.0	51.0	0	0	5.079473257064819	30400	2032.9381885528564	27266	10.309210526315795	
-2775357.7446142333	101.6125	10.037974683544304	128.0379746835443	81.83544303797468	-55.50407748454772	380	657	137	22.0	374.0	229.0	80	8.0	87.0	56.0	0	0	4.812841892242432	30480	2037.7510304450989	27339	10.305118110236222	
-3075229.2687486443	100.325	10.012658227848101	128.45569620253164	82.31645569620254	-55.50407748454772	381	658	153	23.0	402.0	258.0	47	8.0	87.0	56.0	0	0	4.783393383026123	30560	2042.534423828125	27412	10.301047120418843	
-3225346.2079198835	101.4	11.038461538461538	152.44871794871796	96.91025641025641	-55.50407748454772	382	660	153	23.0	405.0	262.0	58	7.0	74.0	48.0	0	0	5.2259180545806885	30640	2047.7603418827057	27483	10.303524804177542	
-2575301.6709477245	101.05	10.075949367088608	131.53164556962025	83.74683544303798	-55.50407748454772	383	661	142	22.0	353.0	225.0	66	8.0	90.0	58.0	0	0	5.090361833572388	30720	2052.850703716278	27556	10.299479166666671	
-2812801.569583575	100.525	10.564102564102564	137.7948717948718	87.75641025641026	-55.50407748454772	384	663	144	21.0	331.0	214.0	56	8.0	87.0	56.0	0	0	5.148172616958618	30800	2057.9988763332367	27627	10.301948051948045	
-3250294.062554244	101.8375	10.25974025974026	139.84415584415584	88.87012987012987	-55.50407748454772	385	666	169	22.0	356.0	229.0	57	7.0	74.0	48.0	0	0	5.226176977157593	30880	2063.2250533103943	27697	10.307642487046635	
-2937907.4469517632	100.4375	10.597402597402597	151.4935064935065	95.94805194805195	-55.50407748454772	386	669	146	22.0	372.0	237.0	54	8.0	79.0	51.0	0	0	5.532614469528198	30960	2068.7576677799225	27770	10.303617571059434	
-1950449.6425787024	99.9625	10.468354430379748	143.70886075949366	91.26582278481013	-55.50407748454772	387	670	136	23.0	446.0	288.0	54	8.0	90.0	58.0	0	0	5.2574522495269775	31040	2074.0151200294495	27841	10.306056701030926	
-2812996.733978112	101.55	10.441558441558442	146.41558441558442	92.85714285714286	-55.50407748454772	388	673	162	18.0	375.0	232.0	38	8.0	90.0	58.0	0	0	5.307113885879517	31120	2079.322233915329	27912	10.30848329048844	
-3150412.9453087067	101.55	10.558441558441558	142.88311688311688	91.12987012987013	-55.50407748454772	389	676	155	22.0	366.0	235.0	54	7.0	82.0	53.0	0	0	4.966090679168701	31200	2084.2883245944977	27983	10.31089743589743	
-2975466.131855191	103.775	9.753246753246753	129.6103896103896	82.58441558441558	-55.50407748454772	390	679	166	22.0	418.0	260.0	26	8.0	79.0	51.0	0	0	4.774034738540649	31280	2089.0623593330383	28050	10.326086956521735	
-2675427.31513775	100.75	10.0125	128.2375	81.8875	-55.50407748454772	391	679	125	22	356	229	72	8	90	58	0	0	4.795315742492676	31360	2093.857675075531	28119	10.33482142857143	
-3050259.884333992	102.0125	10.89873417721519	150.46835443037975	95.49367088607595	-55.50407748454772	392	680	135	23.0	427.0	259.0	76	8.0	94.0	61.0	0	0	5.340937614440918	31440	2099.198612689972	28192	10.330788804071247	
-1837899.5827362787	101.1125	10.341772151898734	149.40506329113924	94.50632911392405	-55.50407748454772	393	681	161	25.0	429.0	275.0	63	8.0	79.0	51.0	0	0	5.291502952575684	31520	2104.4901156425476	28264	10.329949238578678	
-3075443.931606432	100.475	9.924050632911392	130.59493670886076	83.0	-55.50407748454772	394	682	153	22.0	305.0	195.0	47	8.0	85.0	55.0	0	0	5.276665210723877	31600	2109.7667808532715	28339	10.319620253164558	
-2425449.1530531608	100.8625	10.064935064935066	136.33766233766235	86.46753246753246	-55.50407748454772	395	685	152	22.0	405.0	262.0	66	8.0	90.0	58.0	0	0	5.1176042556762695	31680	2114.8843851089478	28410	10.321969696969703	
-2812927.587314002	106.85	10.5	143.4078947368421	91.44736842105263	-55.50407748454772	396	689	156	22.0	372.0	239.0	44	8.0	94.0	61.0	0	0	5.170423984527588	31760	2120.0548090934753	28481	10.32430730478589	
-2387866.928341727	102.325	9.95	133.4125	84.85	-55.50407748454772	397	689	146	22	401	249	54	8	85	55	0	0	5.174401760101318	31840	2125.2292108535767	28555	10.317211055276388	
-3725222.867952978	102.1	10.139240506329115	139.91139240506328	89.0	-55.50407748454772	398	690	129	25.0	560.0	349.0	74	7.0	82.0	53.0	0	0	5.350949764251709	31920	2130.5801606178284	28628	10.313283208020053	
-2462935.6154828793	100.4	10.551282051282051	144.44871794871796	92.24358974358974	-55.50407748454772	399	692	160	22.0	406.0	262.0	40	7.0	90.0	58.0	0	0	5.063509225845337	32000	2135.6436698436737	28697	10.321875000000006	
-2663097.3273935285	100.075	10.5	134.5625	85.975	-55.50407748454772	400	692	157	22	361	232	63	7	79	51	0	0	4.893322706222534	32080	2140.5369925498962	28768	10.32418952618454	
-2712906.956138765	99.5375	10.233766233766234	127.2987012987013	81.50649350649351	-55.50407748454772	401	695	147	22.0	358.0	229.0	53	8.0	93.0	60.0	0	0	4.888123512268066	32160	2145.4251160621643	28840	10.323383084577102	
-2525548.851297586	100.5875	10.103896103896103	125.35064935064935	80.57142857142857	-55.50407748454772	402	698	147	22.0	419.0	270.0	66	8.0	90.0	58.0	0	0	4.411181926727295	32240	2149.8362979888916	28908	10.33498759305212	
-1900468.1853877865	100.0	9.8625	119.35	76.4375	-55.50407748454772	403	698	129	23	361	227	71	8	90	58	0	0	4.788064956665039	32320	2154.6243629455566	28981	10.331064356435647	
-2537871.4520555534	100.0	10.012820512820513	135.24358974358975	85.8974358974359	-55.50407748454772	404	700	130	22.0	349.0	220.0	70	8.0	85.0	55.0	0	0	5.122604608535767	32400	2159.7469675540924	29053	10.33024691358024	
-2387811.5821832055	101.475	10.487179487179487	138.64102564102564	88.34615384615384	-55.50407748454772	405	702	168	22.0	447.0	287.0	54	8.0	90.0	58.0	0	0	4.7388410568237305	32480	2164.485808610916	29123	10.335591133004925	
-2850371.8455355368	101.0	9.857142857142858	134.76623376623377	85.45454545454545	-55.50407748454772	406	705	141	22.0	358.0	227.0	59	8.0	85.0	55.0	0	0	5.231048822402954	32560	2169.716857433319	29195	10.334766584766584	
-3375230.6090135328	99.65	9.896103896103897	133.12987012987014	84.83116883116882	-55.50407748454772	407	708	150	20.0	329.0	207.0	56	8.0	79.0	51.0	0	0	4.888527154922485	32640	2174.6053845882416	29265	10.340073529411768	
-2275365.4910734743	93.75	10.128205128205128	139.83333333333334	88.74358974358974	-55.50407748454772	408	710	172	22.0	374.0	227.0	38	8.0	89.0	58.0	0	0	4.924784898757935	32720	2179.5301694869995	29336	10.342298288508559	
-2600311.4516787827	97.55	10.95945945945946	140.28378378378378	89.8108108108108	-55.50407748454772	409	716	132	22.0	353.0	220.0	56	8.0	90.0	58.0	0	0	4.695930242538452	32800	2184.226099729538	29404	10.353658536585357	
-2625311.890081017	103.9375	10.051948051948052	135.42857142857142	86.27272727272727	-55.50407748454772	410	719	174	21.0	348.0	221.0	49	8.0	90.0	58.0	0	0	5.108360052108765	32880	2189.3344597816467	29477	10.349756690997566	
-2650397.909538782	103.8625	9.848101265822784	133.16455696202533	84.64556962025317	-55.50407748454772	411	720	134	22.0	332.0	214.0	66	8.0	90.0	58.0	0	0	4.919705629348755	32960	2194.2541654109955	29552	10.33980582524272	
-2700309.542867519	102.875	10.151898734177216	142.126582278481	90.18987341772151	-55.50407748454772	412	721	168	22.0	408.0	255.0	50	8.0	80.0	52.0	0	0	5.1422834396362305	33040	2199.3964488506317	29626	10.332929782082317	
-2375386.0012475746	103.8375	9.810126582278482	133.46835443037975	84.72151898734177	-55.50407748454772	413	722	162	22.0	364.0	223.0	21	8.0	87.0	56.0	0	0	5.017465353012085	33120	2204.413914203644	29698	10.332125603864739	
-2600383.285564429	103.125	9.89873417721519	134.86075949367088	85.51898734177215	-55.50407748454772	414	723	174	18.0	274.0	166.0	53	8.0	93.0	60.0	0	0	5.295636892318726	33200	2209.7095510959625	29770	10.331325301204814	
-2738015.0674671894	100.8125	10.518987341772151	144.18987341772151	91.68354430379746	-55.50407748454772	415	724	179	24.0	459.0	294.0	21	7.0	74.0	48.0	0	0	5.365789890289307	33280	2215.075340986252	29842	10.33052884615384	
-3487882.029893258	100.5625	10.376623376623376	141.44155844155844	89.84415584415585	-55.50407748454772	416	727	127	22.0	492.0	308.0	73	8.0	90.0	58.0	0	0	5.152307748794556	33360	2220.2276487350464	29913	10.332733812949641	
-3175482.4336422845	99.9375	10.177215189873417	142.41772151898735	90.59493670886076	-55.50407748454772	417	728	123	25.0	424.0	273.0	77	8.0	90.0	58.0	0	0	5.290191173553467	33440	2225.5178399086	29986	10.328947368421055	
-2825446.2069173106	100.625	10.075949367088608	128.31645569620252	82.10126582278481	-55.50407748454772	418	729	198	22.0	356.0	229.0	2	8.0	90.0	58.0	0	0	4.803398132324219	33520	2230.321238040924	30057	10.331145584725533	
-3137875.4899428077	97.725	10.41025641025641	135.43589743589743	86.34615384615384	-55.50407748454772	419	731	152	22.0	361.0	229.0	2	8.0	90.0	58.0	0	0	5.185881853103638	33600	2235.5071198940277	30130	10.327380952380949	
-2025443.8174680131	99.975	9.532467532467532	118.63636363636364	75.72727272727273	-55.50407748454772	420	734	148	19.0	228.0	147.0	52	8.0	90.0	58.0	0	0	4.728694200515747	33680	2240.2358140945435	30200	10.33254156769597	
-2487774.3175396486	101.8	9.597402597402597	119.37662337662337	76.41558441558442	-55.50407748454772	421	737	169	21.0	321.0	208.0	54	8.0	90.0	58.0	0	0	4.411816835403442	33760	2244.647630929947	30269	10.340639810426538	
-3125383.0116500026	103.075	9.936708860759493	133.79746835443038	85.17721518987342	-55.50407748454772	422	738	153	19.0	406.0	262.0	56	8.0	87.0	56.0	0	0	5.1875224113464355	33840	2249.8351533412933	30340	10.342789598108752	
-1900380.6170735252	104.7125	9.961538461538462	125.51282051282051	80.1923076923077	-55.50407748454772	423	740	184	23.0	378.0	243.0	36	8.0	87.0	56.0	0	0	4.8231422901153564	33920	2254.6582956314087	30413	10.339033018867923	
-2687956.0697868653	100.7625	10.128205128205128	130.43589743589743	83.38461538461539	-55.50407748454772	424	742	150	22.0	420.0	273.0	29	8.0	79.0	51.0	0	0	4.955403089523315	34000	2259.613698720932	30485	10.338235294117652	
-2187715.878840796	98.6	9.7625	119.2375	76.3375	-55.50407748454772	425	742	132	22	275	178	46	8	90	58	0	0	4.81943416595459	34080	2264.4331328868866	30556	10.34037558685445	
-2487838.424886142	101.2625	10.367088607594937	135.81012658227849	86.72151898734177	-55.50407748454772	426	743	154	22.0	356.0	229.0	22	8.0	87.0	56.0	0	0	4.659928321838379	34160	2269.093061208725	30626	10.345433255269327	
-2987961.440504386	102.5875	9.9625	133.0625	84.5625	-55.50407748454772	427	743	140	21	411	265	79	8	79	51	0	0	4.9822998046875	34240	2274.0753610134125	30698	10.344626168224309	
-3300277.879058013	102.2375	9.75	131.55263157894737	83.40789473684211	-55.50407748454772	428	747	144	19.0	414.0	259.0	56	8.0	90.0	58.0	0	0	4.729188680648804	34320	2278.8045496940613	30766	10.355477855477858	
-2525332.2309566587	100.7625	10.329113924050633	142.8987341772152	90.56962025316456	-55.50407748454772	429	748	175	22.0	356.0	229.0	25	8.0	88.0	57.0	0	0	5.310396432876587	34400	2284.114946126938	30839	10.351744186046503	
-2937870.27713231	101.0625	9.519480519480519	123.44155844155844	78.57142857142857	-55.50407748454772	430	751	171	19.0	378.0	229.0	29	7.0	74.0	48.0	0	0	4.713699579238892	34480	2288.8286457061768	30908	10.359628770301626	
-2712813.923344093	104.325	9.594936708860759	122.69620253164557	78.0379746835443	-55.50407748454772	431	752	143	15.0	257.0	157.0	69	8.0	90.0	58.0	0	0	4.723658084869385	34560	2293.552303791046	30978	10.364583333333329	
-2075454.8407679691	103.2625	10.443037974683545	140.67088607594937	89.67088607594937	-55.50407748454772	432	753	136	22.0	515.0	333.0	69	8.0	90.0	58.0	0	0	5.181065320968628	34640	2298.7333691120148	31050	10.363741339491924	
-2737883.360452749	101.275	10.064102564102564	132.52564102564102	84.52564102564102	-55.50407748454772	433	755	127	24.0	406.0	261.0	75	8.0	90.0	58.0	0	0	4.822160482406616	34720	2303.5555295944214	31120	10.36866359447005	
-3200379.2531919624	101.2625	10.564102564102564	144.96153846153845	92.2051282051282	-55.50407748454772	434	757	190	23.0	386.0	239.0	10	8.0	90.0	58.0	0	0	4.907639980316162	34800	2308.4631695747375	31189	10.3764367816092	
-2487932.3809994184	102.45	10.139240506329115	131.0	83.44303797468355	-55.50407748454772	435	758	149	22.0	357.0	227.0	65	8.0	90.0	58.0	0	0	5.03519868850708	34880	2313.4983682632446	31263	10.369839449541288	
-2925290.3892389648	100.1625	10.736842105263158	149.01315789473685	94.69736842105263	-55.50407748454772	436	762	148	26.0	384.0	242.0	49	8.0	94.0	61.0	0	0	4.919156551361084	34960	2318.4175248146057	31332	10.377574370709382	
-2725453.3902310105	100.9625	9.95	128.3125	82.075	-55.50407748454772	437	762	139	22	352	227	72	8	84	54	0	0	4.84537935256958	35040	2323.2629041671753	31401	10.385273972602732	
-3112798.6061557434	102.0625	10.246753246753247	142.4805194805195	90.49350649350649	-55.50407748454772	438	765	156	22.0	433.0	272.0	55	8.0	80.0	52.0	0	0	5.107640027999878	35120	2328.370544195175	31471	10.39009111617311	
-3050277.479007617	99.85	10.645569620253164	150.36708860759492	95.35443037974683	-55.50407748454772	439	766	131	22.0	361.0	227.0	67	8.0	87.0	56.0	0	0	5.526939868927002	35200	2333.897484064102	31546	10.380681818181813	
-1950370.4240609736	99.55	9.73076923076923	127.11538461538461	80.82051282051282	-55.50407748454772	440	768	130	19.0	342.0	208.0	50	8.0	87.0	56.0	0	0	4.758152484893799	35280	2338.655636548996	31616	10.385487528344669	
-2687758.257998701	98.375	10.473684210526315	149.77631578947367	94.90789473684211	-55.50407748454772	441	772	145	23.0	443.0	276.0	55	8.0	87.0	56.0	0	0	5.289193630218506	35360	2343.9448301792145	31684	10.395927601809944	
-2350281.6570098037	99.6875	10.050632911392405	132.22784810126583	84.17721518987342	-55.50407748454772	442	773	154	24.0	380.0	242.0	46	8.0	90.0	58.0	0	0	4.899962902069092	35440	2348.8447930812836	31754	10.400677200902933	
-2562853.909449802	100.0	9.871794871794872	122.67948717948718	78.34615384615384	-55.50407748454772	443	775	147	22.0	303.0	194.0	53	8.0	87.0	56.0	0	0	4.564503192901611	35520	2353.409296274185	31824	10.405405405405403	
-3112860.61146863	101.325	11.038461538461538	150.30769230769232	95.76923076923077	-55.50407748454772	444	777	146	22.0	392.0	243.0	81	8.0	84.0	54.0	0	0	5.486632823944092	35600	2358.8959290981293	31896	10.404494382022463	
-3062867.509126143	104.8875	10.35	141.9125	90.25	-55.50407748454772	445	777	161	22	379	243	70	8	79	51	0	0	5.490600347518921	35680	2364.386529445648	31971	10.395179372197305	
-2350438.917294168	104.8875	10.448717948717949	139.82051282051282	89.11538461538461	-55.50407748454772	446	779	203	29.0	600.0	384.0	43	8.0	84.0	54.0	0	0	5.228482484817505	35760	2369.6150119304657	32041	10.399888143176739	
-2937730.5388129144	110.4875	10.215189873417721	138.1012658227848	87.77215189873418	-55.50407748454772	447	780	203	29.0	530.0	339.0	64	7.0	79.0	51.0	0	0	5.733560800552368	35840	2375.348572731018	32113	10.398995535714278	
-2487808.1241521165	104.9375	9.85	122.6125	78.625	-55.50407748454772	448	780	175	22	389	246	64	7	79	51	0	0	4.820005416870117	35920	2380.168578147888	32185	10.398106904231625	
-2375391.7187272212	102.0	9.948717948717949	125.8076923076923	80.33333333333333	-55.50407748454772	449	782	164	22.0	356.0	229.0	49	7.0	82.0	53.0	0	0	5.09814715385437	36000	2385.2667253017426	32256	10.399999999999991	
-2862851.0089229182	99.8125	10.289473684210526	134.67105263157896	85.65789473684211	-55.50407748454772	450	786	177	22.0	471.0	295.0	23	7.0	82.0	53.0	0	0	5.020009279251099	36080	2390.2867345809937	32324	10.410199556541016	
-2587853.726048456	97.5	9.857142857142858	126.05194805194805	80.59740259740259	-55.50407748454772	451	789	135	22.0	327.0	210.0	52	7.0	82.0	53.0	0	0	4.83414363861084	36160	2395.1208782196045	32394	10.414823008849567	
-2787828.4462655224	98.775	10.050632911392405	131.0759493670886	83.60759493670886	-55.50407748454772	452	790	133	22.0	340.0	215.0	52	7.0	82.0	53.0	0	0	5.125018835067749	36240	2400.2458970546722	32467	10.411147902869757	
-2825312.3119741892	99.3875	10.64935064935065	141.5194805194805	90.16883116883118	-55.50407748454772	453	793	183	22.0	366.0	235.0	17	7.0	82.0	53.0	0	0	5.100216865539551	36320	2405.346113920212	32538	10.412995594713664	
-2062929.2755692308	104.45	9.822784810126583	128.78481012658227	81.83544303797468	-55.50407748454772	454	794	173	22.0	356.0	229.0	64	7.0	82.0	53.0	0	0	4.637772083282471	36400	2409.9838860034943	32604	10.42857142857143	
-2362846.5612002364	100.175	10.125	135.975	86.375	-55.50407748454772	455	794	149	23	373	241	64	8	90	58	0	0	5.249808073043823	36480	2415.233694076538	32676	10.42763157894737	
-2412802.756035448	101.1	10.41025641025641	145.84615384615384	92.21794871794872	-55.50407748454772	456	796	186	24.0	438.0	276.0	14	8.0	90.0	58.0	0	0	5.197362184524536	36560	2420.4310562610626	32744	10.437636761487965	
-3025297.872014005	100.8625	10.075	139.0375	88.4375	-55.50407748454772	457	796	149	24	400	257	61	8	90	58	0	0	5.10928201675415	36640	2425.5403382778168	32817	10.433951965065503	
-2675332.004935298	98.7625	10.164556962025317	134.20253164556962	85.41772151898734	-55.50407748454772	458	797	149	22.0	332.0	212.0	51	8.0	87.0	56.0	0	0	5.005526542663574	36720	2430.5458648204803	32888	10.435729847494557	
-2525331.4248800534	100.2625	10.051282051282051	132.87179487179486	84.55128205128206	-55.50407748454772	459	799	167	22.0	356.0	229.0	33	8.0	94.0	61.0	0	0	4.906555652618408	36800	2435.4524204730988	32960	10.434782608695642	
-2762765.95475205	95.975	10.12987012987013	136.9090909090909	87.16883116883118	-55.50407748454772	460	802	147	22.0	366.0	237.0	33	8.0	90.0	58.0	0	0	4.743929386138916	36880	2440.1963498592377	33027	10.447396963123651	
-2462867.092842591	96.6875	9.85897435897436	133.35897435897436	84.65384615384616	-55.50407748454772	461	804	147	22.0	369.0	230.0	33	8.0	90.0	58.0	0	0	5.233908414840698	36960	2445.4302582740784	33098	10.449134199134207	
-3462747.778564365	99.7	10.794871794871796	141.42307692307693	90.35897435897436	-55.50407748454772	462	806	152	22.0	371.0	238.0	33	8.0	87.0	56.0	0	0	5.286216974258423	37040	2450.716475248337	33171	10.44546436285097	
-3375348.0726437615	100.5375	10.333333333333334	137.10256410256412	87.44871794871794	-55.50407748454772	463	808	170	22.0	380.0	240.0	30	7.0	74.0	48.0	0	0	4.95850682258606	37120	2455.674982070923	33242	10.447198275862064	
-3100432.5363639565	104.2375	10.025316455696203	128.8860759493671	82.31645569620254	-55.50407748454772	464	809	158	22.0	311.0	200.0	85	7.0	74.0	48.0	0	0	5.1974592208862305	37200	2460.872441291809	33316	10.44086021505376	
-3112772.67853055	101.6375	10.164556962025317	129.26582278481013	82.54430379746836	-55.50407748454772	465	810	158	23.0	396.0	256.0	81	7.0	74.0	48.0	0	0	5.1593241691589355	37280	2466.031765460968	33388	10.439914163090123	
-2300398.267075169	100.5	10.316455696202532	138.36708860759492	88.34177215189874	-55.50407748454772	466	811	152	24.0	404.0	259.0	53	7.0	74.0	48.0	0	0	5.026383638381958	37360	2471.05814909935	33458	10.444325481798714	
-2912909.7553934786	100.25	10.2625	131.425	84.0875	-55.50407748454772	467	811	137	22	356	229	68	7	74	48	0	0	4.850620269775391	37440	2475.9087693691254	33529	10.446047008547012	
-2925435.8620389365	100.7	10.3125	134.0375	85.975	-55.49917623873897	468	811	131	25	472	306	69	8	80	52	0	0	4.921947240829468	37520	2480.830716609955	33601	10.445095948827287	
-3275579.192801724	99.15	10.125	131.7375	84.075	-55.49917623873897	469	811	124	22	453	282	76	8	87	56	0	0	5.340873718261719	37600	2486.1715903282166	33674	10.441489361702125	
-1962938.352212778	100.9	10.012987012987013	123.55844155844156	78.88311688311688	-55.49917623873897	470	814	133	22.0	356.0	229.0	67	8.0	79.0	51.0	0	0	4.8219122886657715	37680	2490.9935026168823	33742	10.451167728237792	
-3150238.029764929	100.4875	10.278481012658228	136.31645569620252	86.77215189873418	-55.49917623873897	471	815	149	22.0	467.0	293.0	51	8.0	80.0	52.0	0	0	5.473055601119995	37760	2496.4665582180023	33815	10.447563559322035	
-1950385.5612205085	100.075	10.171052631578947	139.03947368421052	88.21052631578948	-55.49917623873897	472	819	134	23.0	427.0	276.0	66	8.0	85.0	55.0	0	0	5.448005437850952	37840	2501.9145636558533	33886	10.4492600422833	
-2850408.630960996	100.9375	10.475	138.0625	87.8125	-55.49917623873897	473	819	150	22	354	227	50	8	89	58	0	0	5.653544902801514	37920	2507.568108558655	33962	10.437763713080173	
-2900312.609206653	100.35	10.025641025641026	128.44871794871796	82.01282051282051	-55.49917623873897	474	821	146	22.0	356.0	229.0	54	8.0	90.0	58.0	0	0	5.191640377044678	38000	2512.7597489356995	34032	10.442105263157899	
-2412867.364537309	97.275	9.675324675324676	124.83116883116882	79.71428571428571	-55.49917623873897	475	824	144	22.0	409.0	258.0	47	8.0	88.0	57.0	0	0	4.757598161697388	38080	2517.517347097397	34102	10.44642857142857	
-2087868.731079743	98.225	10.0	124.09210526315789	79.46052631578948	-55.49917623873897	476	828	169	22.0	327.0	210.0	54	8.0	80.0	52.0	0	0	4.625421524047852	38160	2522.1427686214447	34171	10.45335429769392	
-2500332.2826366415	100.6375	10.289473684210526	136.60526315789474	87.09210526315789	-55.49917623873897	477	832	190	22.0	373.0	239.0	20	8.0	90.0	58.0	0	0	5.188889741897583	38240	2527.3316583633423	34241	10.4576359832636	
-2450378.9202751704	104.2375	10.2987012987013	137.53246753246754	87.87012987012987	-55.49917623873897	478	835	190	22.0	417.0	270.0	36	8.0	90.0	58.0	0	0	5.390378952026367	38320	2532.7220373153687	34314	10.454070981210862	
-2362916.801664345	112.55	9.775	128.375	82.1125	-55.49917623873897	479	835	224	20	359	232	66	8	90	58	0	0	4.870250701904297	38400	2537.592288017273	34386	10.453125	
-2187828.138835701	112.3	9.775	130.675	83.0375	-55.49917623873897	480	835	190	18	274	176	72	8	90	58	0	0	5.496266603469849	38480	2543.088554620743	34459	10.449584199584194	
-2925338.165490925	103.1875	10.1125	130.3	83.0375	-55.49917623873897	481	835	181	22	395	245	63	8	79	51	0	0	5.245835781097412	38560	2548.33439040184	34534	10.440871369294598	
-2725385.0827326053	105.775	9.7125	123.9625	79.175	-55.49917623873897	482	835	146	22	447	267	78	8	90	58	0	0	5.174455165863037	38640	2553.5088455677032	34606	10.439958592132498	
-2800316.7164886557	104.9625	10.657894736842104	140.32894736842104	89.32894736842105	-55.49917623873897	483	839	177	22.0	304.0	194.0	66	8.0	90.0	58.0	0	0	5.17481541633606	38720	2558.6836609840393	34677	10.441632231404967	
-2775302.227256798	108.925	10.1625	138.1	87.95	-55.49917623873897	484	839	184	21	326	208	53	8	89	58	0	0	5.094142913818359	38800	2563.7778038978577	34750	10.4381443298969	
-2675444.6563317627	107.6875	9.576923076923077	125.25641025641026	79.66666666666667	-55.49917623873897	485	841	175	14.0	269.0	166.0	71	8.0	94.0	61.0	0	0	5.129500150680542	38880	2568.907304048538	34822	10.437242798353907	
-1762899.9708675619	104.125	10.26923076923077	147.01282051282053	92.87179487179488	-55.49917623873897	486	843	160	22.0	356.0	229.0	40	8.0	90.0	58.0	0	0	5.214532852172852	38960	2574.121836900711	34895	10.433778234086247	
-2575400.780805502	100.9125	9.6875	124.6125	79.2125	-55.49917623873897	487	843	153	21	296	188	47	7	74	48	0	0	5.345141172409058	39040	2579.46697807312	34969	10.427766393442624	
-2687805.1857524887	99.9875	10.227848101265822	132.16455696202533	84.30379746835443	-55.49917623873897	488	844	133	20.0	337.0	216.0	67	8.0	85.0	55.0	0	0	5.2234416007995605	39120	2584.6904196739197	35041	10.42689161554192	
-2313051.07326136	101.9625	9.987341772151899	128.50632911392404	82.12658227848101	-55.49917623873897	489	845	158	24.0	459.0	294.0	42	8.0	87.0	56.0	0	0	5.0159828662872314	39200	2589.706402540207	35113	10.426020408163268	
-3000487.732559472	101.35	9.987341772151899	131.9240506329114	84.11392405063292	-55.49917623873897	490	846	145	22.0	327.0	210.0	55	8.0	79.0	51.0	0	0	5.242945432662964	39280	2594.94934797287	35186	10.422606924643588	
-1950286.957571249	100.55	10.207792207792208	132.42857142857142	84.16883116883118	-55.49917623873897	491	849	175	22.0	293.0	188.0	35	8.0	90.0	58.0	0	0	5.076915740966797	39360	2600.0262637138367	35257	10.424288617886177	
-2562827.9567647874	99.75	10.1625	135.9375	86.4625	-55.49917623873897	492	849	157	24	433	279	43	8	87	56	0	0	5.510078191757202	39440	2605.536341905594	35332	10.415821501014193	
-3012900.223004731	98.55	11.075	150.875	96.025	-55.49917623873897	493	849	158	22	385	246	42	8	85	55	0	0	5.3985068798065186	39520	2610.9348487854004	35406	10.40991902834007	
-2175344.805222818	99.4375	9.91025641025641	135.74358974358975	86.17948717948718	-55.49917623873897	494	851	154	17.0	273.0	172.0	46	8.0	79.0	51.0	0	0	5.33857274055481	39600	2616.273421525955	35479	10.406565656565661	
-2975372.9777009212	99.55	10.531645569620252	145.0506329113924	91.77215189873418	-55.49917623873897	495	852	154	22.0	380.0	235.0	43	8.0	85.0	55.0	0	0	5.675993204116821	39680	2621.949414730072	35554	10.398185483870975	
-2875387.730829409	99.7375	10.278481012658228	137.9746835443038	87.88607594936708	-55.49917623873897	496	853	150	22.0	356.0	229.0	50	7.0	74.0	48.0	0	0	5.2280848026275635	39760	2627.1774995326996	35626	10.397384305835004	
-2275460.3618593877	99.2375	9.93421052631579	126.46052631578948	80.80263157894737	-55.49917623873897	497	857	149	23.0	386.0	250.0	51	7.0	74.0	48.0	0	0	5.171708106994629	39840	2632.349207639694	35698	10.396586345381536	
-2575427.7635070356	100.825	10.415584415584416	138.33766233766235	88.1038961038961	-55.49917623873897	498	860	144	22.0	448.0	277.0	54	9.0	94.0	61.0	0	0	5.132089614868164	39920	2637.4812972545624	35763	10.413326653306612	
-2512819.598299589	100.175	10.25	131.60526315789474	83.89473684210526	-55.49917623873897	499	864	147	24.0	352.0	220.0	56	8.0	87.0	56.0	0	0	5.1360790729522705	40000	2642.6173763275146	35833	10.417500000000004	
-3050299.8328825156	101.1625	10.012658227848101	133.20253164556962	84.59493670886076	-55.49917623873897	500	865	159	22.0	304.0	184.0	69	8.0	90.0	58.0	0	0	5.542157411575317	40080	2648.15953373909	35907	10.411676646706596	
-3512815.599030557	100.0	10.487179487179487	141.53846153846155	89.8974358974359	-55.49917623873897	501	867	173	22.0	327.0	210.0	27	8.0	87.0	56.0	0	0	5.378137826919556	40160	2653.5376715660095	35979	10.410856573705175	
-2512903.8570425874	98.9375	10.628205128205128	142.16666666666666	90.61538461538461	-55.49917623873897	502	869	114	22.0	325.0	208.0	77	8.0	90.0	58.0	0	0	5.4591591358184814	40240	2658.996830701828	36052	10.407554671968185	
-2337799.8735009357	99.6625	9.725	132.1875	83.85	-55.49917623873897	503	869	145	17	324	208	55	8	90	58	0	0	5.3965442180633545	40320	2664.3933749198914	36127	10.399305555555557	
-3012877.8265487263	99.7125	10.215189873417721	138.43037974683546	88.0126582278481	-55.49917623873897	504	870	176	22.0	434.0	278.0	24	8.0	85.0	55.0	0	0	5.437577962875366	40400	2669.8309528827667	36199	10.398514851485146	
-1662936.4538019148	99.625	10.05	127.3	81.225	-55.49917623873897	505	870	118	24	405	260	82	7	82	53	0	0	5.185575485229492	40480	2675.016528367996	36273	10.392786561264828	
-2050402.1045552224	98.65	9.9875	130.125	83.1	-55.49917623873897	506	870	155	21	379	243	45	8	90	58	0	0	5.260439395904541	40560	2680.2769677639008	36348	10.384615384615387	
-2650344.1707011866	98.075	10.075949367088608	130.83544303797467	83.59493670886076	-55.49917623873897	507	871	161	23.0	368.0	238.0	33	8.0	90.0	58.0	0	0	4.991561412811279	40640	2685.268529176712	36420	10.383858267716533	
-2612800.3757652	99.775	10.468354430379748	141.68354430379748	90.44303797468355	-55.49917623873897	508	872	144	21.0	456.0	285.0	50	8.0	94.0	61.0	0	0	5.334595680236816	40720	2690.603124856949	36494	10.378192534381142	
-2762956.5022894167	100.025	10.4	136.3375	87.15	-55.49917623873897	509	872	144	23	455	287	71	8	90	58	0	0	5.196107625961304	40800	2695.79923248291	36568	10.372549019607845	
-2737796.789676764	99.25	10.113924050632912	141.1139240506329	89.89873417721519	-55.49917623873897	510	873	190	20.0	403.0	258.0	10	8.0	80.0	52.0	0	0	5.269442319869995	40880	2701.06867480278	36641	10.36937377690802	
-2925381.420552163	98.65	9.987012987012987	130.33766233766235	83.37662337662337	-55.49917623873897	511	876	148	20.0	304.0	196.0	10	8.0	88.0	57.0	0	0	4.914081811904907	40960	2705.982756614685	36711	10.37353515625	
-2150435.2765246024	99.8	9.9	128.725	81.9625	-55.49917623873897	512	876	154	22	400	255	46	7	74	48	0	0	5.501297235488892	41040	2711.484053850174	36786	10.365497076023388	
-2100404.021983304	95.375	9.894736842105264	131.6315789473684	83.73684210526316	-55.49917623873897	513	880	134	22.0	327.0	210.0	46	8.0	85.0	55.0	0	0	5.022107362747192	41120	2716.506161212921	36856	10.369649805447466	
-2175506.723390744	97.5875	10.253164556962025	132.44303797468353	84.62025316455696	-55.49917623873897	514	881	142	22.0	310.0	200.0	46	8.0	85.0	55.0	0	0	5.036282300949097	41200	2721.5424435138702	36926	10.373786407767	
-2750341.3559392667	99.5625	10.3	138.7625	88.5	-55.49917623873897	515	881	127	21	453	282	46	8	90	58	0	0	5.577866315841675	41280	2727.120309829712	37002	10.363372093023258	
-2088046.6326713376	100.475	10.037974683544304	137.0126582278481	87.0632911392405	-55.49917623873897	516	882	141	22.0	429.0	262.0	59	7.0	82.0	53.0	0	0	5.23649787902832	41360	2732.3568077087402	37075	10.360251450676984	
-1912775.914056881	99.875	9.948051948051948	133.05194805194805	84.7012987012987	-55.49917623873897	517	885	132	23.0	429.0	262.0	68	7.0	82.0	53.0	0	0	4.796000957489014	41440	2737.1528086662292	37143	10.369208494208493	
-1800329.8758507937	100.8	10.012658227848101	132.51898734177215	84.15189873417721	-55.49917623873897	518	886	130	22.0	354.0	228.0	70	8.0	90.0	58.0	0	0	5.121810436248779	41520	2742.274619102478	37215	10.368497109826592	
-3587778.1859993218	101.2	10.2625	135.65	86.425	-55.49917623873897	519	886	139	22	330	207	61	8	90	58	0	0	5.230072259902954	41600	2747.504691362381	37289	10.362980769230774	
-2887866.62763003	101.8125	10.215189873417721	128.68354430379748	82.45569620253164	-55.49917623873897	520	887	149	22.0	381.0	243.0	51	8.0	87.0	56.0	0	0	5.046079397201538	41680	2752.5507707595825	37361	10.362284069097896	
-1775394.87369223	101.8125	9.775	120.5875	77.2125	-55.49917623873897	521	887	125	24	407	264	75	7	82	53	0	0	4.65488076210022	41760	2757.2056515216827	37430	10.36877394636015	
-1725345.4868255511	102.1875	9.9875	126.95	80.9875	-55.49917623873897	522	887	118	22	446	282	83	8	85	55	0	0	5.140212535858154	41840	2762.345864057541	37502	10.368068833652018	
-2825348.083770347	101.125	10.575	149.575	94.8	-55.49917623873897	523	887	128	25	453	282	72	8	87	56	0	0	5.95848822593689	41920	2768.304352283478	37576	10.362595419847338	
-2487900.7763226265	101.2375	10.139240506329115	134.68354430379748	85.83544303797468	-55.49917623873897	524	888	176	22.0	327.0	210.0	52	8.0	90.0	58.0	0	0	5.1232874393463135	42000	2773.427639722824	37647	10.364285714285714	
-2600283.9462565063	100.15	9.896103896103897	127.50649350649351	81.54545454545455	-55.49917623873897	525	891	139	21.0	281.0	182.0	61	8.0	93.0	60.0	0	0	4.78831672668457	42080	2778.2159564495087	37717	10.368346007604572	
-2587842.719207079	100.0	10.253164556962025	139.0379746835443	88.53164556962025	-55.49917623873897	526	892	147	21.0	473.0	299.0	53	8.0	88.0	57.0	0	0	4.978414535522461	42160	2783.194370985031	37784	10.37950664136622	
-2312969.914915359	100.025	9.948051948051948	123.22077922077922	78.76623376623377	-55.49917623873897	527	895	144	22.0	327.0	210.0	56	8.0	79.0	51.0	0	0	4.9760518074035645	42240	2788.1704227924347	37855	10.381155303030297	
-2800254.3271629508	100.6375	10.08974358974359	132.23076923076923	84.33333333333333	-55.49917623873897	528	897	144	19.0	345.0	218.0	57	7.0	88.0	57.0	0	0	4.989931344985962	42320	2793.1603541374207	37925	10.38516068052931	
-2750586.5073557002	101.3125	10.126582278481013	130.30379746835442	83.11392405063292	-55.49917623873897	529	898	147	22.0	304.0	195.0	57	8.0	79.0	51.0	0	0	5.239866495132446	42400	2798.400220632553	37998	10.382075471698116	
-3037788.406950512	100.725	11.037974683544304	150.43037974683546	95.9493670886076	-55.49917623873897	530	899	141	25.0	441.0	286.0	59	8.0	88.0	57.0	0	0	5.551435470581055	42480	2803.951656103134	38072	10.376647834274948	
-2000376.9712009765	99.75	10.113924050632912	132.73417721518987	84.60759493670886	-55.49917623873897	531	900	148	22.0	356.0	229.0	52	7.0	79.0	51.0	0	0	5.430095195770264	42560	2809.3817512989044	38147	10.368890977443613	
-2450380.8018684997	99.9125	10.039473684210526	131.43421052631578	83.88157894736842	-55.49917623873897	532	904	169	20.0	356.0	220.0	36	8.0	79.0	51.0	0	0	5.159559011459351	42640	2814.5413103103638	38217	10.37288930581613	
-3287950.7274922966	99.1375	10.96103896103896	144.28571428571428	92.0	-55.49917623873897	533	907	142	22.0	347.0	219.0	53	8.0	79.0	51.0	0	0	5.378814697265625	42720	2819.9201250076294	38290	10.36985018726591	
-2275307.478990563	100.5	10.645569620253164	141.0	89.68354430379746	-55.49917623873897	534	908	189	23.0	423.0	273.0	14	8.0	85.0	55.0	0	0	5.020537376403809	42800	2824.940662384033	38359	10.376168224299064	
-1775368.3872616522	99.975	10.461538461538462	139.83333333333334	88.8076923076923	-55.49917623873897	535	910	162	22.0	311.0	200.0	38	8.0	87.0	56.0	0	0	4.923296928405762	42880	2829.863959312439	38428	10.382462686567166	
-2100416.2988445335	102.95	10.272727272727273	136.07792207792207	86.83116883116882	-55.49917623873897	536	913	198	22.0	357.0	229.0	42	8.0	84.0	54.0	0	0	4.973336458206177	42960	2834.837295770645	38499	10.384078212290504	
-2575407.937483467	103.875	9.759493670886076	128.72151898734177	82.0126582278481	-55.49917623873897	537	914	150	17.0	461.0	282.0	63	8.0	87.0	56.0	0	0	5.293269634246826	43040	2840.130565404892	38573	10.378717472118964	
-2725407.392111086	103.9625	10.0375	130.425	83.275	-55.49917623873897	538	914	150	22	459	296	67	8	79	51	0	0	5.157408237457275	43120	2845.2879736423492	38647	10.373376623376629	
-2350334.121014035	102.5875	9.721518987341772	128.15189873417722	81.65822784810126	-55.49917623873897	539	915	160	18.0	379.0	246.0	47	8.0	87.0	56.0	0	0	5.243269681930542	43200	2850.53124332428	38720	10.370370370370381	
-3050296.445060991	103.15	9.775	134.9125	85.7	-55.49917623873897	540	915	167	21	411	256	52	8	85	55	0	0	4.922244548797607	43280	2855.4534878730774	38792	10.369685767097963	
-2063035.4046434308	102.7625	9.468354430379748	120.65822784810126	76.9367088607595	-55.49917623873897	541	916	162	14.0	271.0	169.0	50	8.0	91.0	59.0	0	0	4.812080383300781	43360	2860.265568256378	38863	10.371309963099634	
-2137863.4167913827	100.7	10.240506329113924	130.9493670886076	83.63291139240506	-55.49917623873897	542	917	148	22.0	415.0	268.0	64	7.0	82.0	53.0	0	0	4.751899719238281	43440	2865.0174679756165	38931	10.379834254143645	
-2325374.31935722	99.7125	9.658227848101266	121.37974683544304	77.46835443037975	-55.49917623873897	543	918	135	20.0	303.0	192.0	64	7.0	82.0	53.0	0	0	4.854886293411255	43520	2869.8723542690277	39000	10.38602941176471	
-2538033.898544966	101.875	10.341772151898734	142.0126582278481	90.54430379746836	-55.49917623873897	544	919	167	22.0	440.0	283.0	33	8.0	87.0	56.0	0	0	5.482474088668823	43600	2875.3548283576965	39072	10.385321100917437	
-2625380.5186396847	101.6875	9.936708860759493	128.7594936708861	82.21518987341773	-55.49917623873897	545	920	182	21.0	321.0	208.0	70	8.0	87.0	56.0	0	0	5.085789442062378	43680	2880.440617799759	39144	10.384615384615387	
-2663106.212479752	99.3625	10.544303797468354	144.35443037974684	91.55696202531645	-55.49917623873897	546	921	136	23.0	405.0	261.0	64	8.0	88.0	57.0	0	0	5.436801433563232	43760	2885.877419233322	39216	10.383912248628874	
-2637932.9281757744	102.6625	10.113924050632912	139.16455696202533	88.36708860759494	-54.113046516839205	547	922	197	20.0	387.0	250.0	3	7.0	74.0	48.0	0	0	5.331617593765259	43840	2891.2090368270874	39289	10.38093065693431	
-2225351.7641824633	102.6	10.4	136.7375	87.1625	-54.113046516839205	548	922	149	23	359	232	56	8	87	56	0	0	5.108718633651733	43920	2896.317755460739	39358	10.387067395264111	
-2600271.5936308987	105.55	10.192307692307692	136.55128205128204	86.78205128205128	-53.68689144707419	549	924	144	22.0	335.0	209.0	68	8.0	93.0	60.0	0	0	5.403610944747925	44000	2901.721366405487	39431	10.3840909090909	
-2100462.9808567753	102.975	10.39240506329114	140.31645569620252	89.43037974683544	-53.68689144707419	550	925	154	24.0	422.0	263.0	72	8.0	85.0	55.0	0	0	5.465312242507935	44080	2907.186678647995	39504	10.381125226860249	
-2612795.0480468124	105.7	10.487179487179487	148.66666666666666	94.52564102564102	-53.68689144707419	551	927	167	22.0	386.0	243.0	36	8.0	90.0	58.0	0	0	5.373005628585815	44160	2912.559684276581	39575	10.382699275362313	
-2675497.086140373	108.925	10.721518987341772	151.84810126582278	96.82278481012658	-53.68689144707419	552	928	152	23.0	469.0	295.0	73	7.0	82.0	53.0	0	0	5.672361373901367	44240	2918.232045650482	39649	10.377486437613015	
-2300330.911372593	111.025	9.975	129.3	82.7875	-53.68689144707419	553	928	153	22	349	224	77	7	82	53	0	0	5.3413286209106445	44320	2923.573374271393	39721	10.376805054151632	
-1950286.9366822415	113.3625	10.20253164556962	134.73417721518987	86.0379746835443	-53.68689144707419	554	929	155	21.0	331.0	210.0	73	7.0	82.0	53.0	0	0	5.3748157024383545	44400	2928.948189973831	39794	10.373873873873876	
-2162907.193899236	114.825	9.975	129.45	82.7375	-53.68689144707419	555	929	174	22	410	258	65	8	85	55	0	0	5.141775369644165	44480	2934.0899653434753	39867	10.370953237410077	
-2725339.9767303756	114.225	10.126582278481013	140.62025316455697	89.44303797468355	-53.68689144707419	556	930	180	21.0	338.0	218.0	50	8.0	85.0	55.0	0	0	5.270075559616089	44560	2939.3600409030914	39940	10.368043087971273	
-2550290.101817197	113.175	10.448717948717949	144.0897435897436	92.0	-53.68689144707419	557	932	191	22.0	409.0	259.0	39	7.0	82.0	53.0	0	0	5.2607386112213135	44640	2944.6207795143127	40012	10.367383512544805	
-2750300.799994548	114.775	10.05	134.9	86.1	-53.6001753246498	558	932	157	22	411	264	70	7	82	53	0	0	4.965954303741455	44720	2949.586733818054	40082	10.371198568872984	
-2525372.3959024274	115.6375	10.379746835443038	146.49367088607596	93.36708860759494	-51.273925249915436	559	933	145	22.0	503.0	321.0	39	7.0	80.0	52.0	0	0	5.585654258728027	44800	2955.172388076782	40156	10.36607142857143	
-2112887.1407272355	116.2125	10.430379746835444	151.0379746835443	95.9493670886076	-51.273925249915436	560	934	178	23.0	406.0	259.0	56	7.0	82.0	53.0	0	0	5.572893857955933	44880	2960.745281934738	40229	10.363190730837786	
-2212725.4977342905	118.2375	9.784810126582279	132.41772151898735	84.39240506329114	-51.273925249915436	561	935	172	16.0	280.0	183.0	57	8.0	79.0	51.0	0	0	5.527360916137695	44960	2966.272642850876	40301	10.362544483985772	
-2312789.9710789276	117.2	10.0	138.45569620253164	88.17721518987342	-51.273925249915436	562	936	144	22.0	449.0	287.0	86	8.0	79.0	51.0	0	0	5.375155448913574	45040	2971.6477982997894	40373	10.361900532859678	
-2937748.3874015566	116.075	10.320512820512821	144.73076923076923	92.12820512820512	-51.273925249915436	563	938	178	22.0	414.0	268.0	56	8.0	79.0	51.0	0	0	5.273725986480713	45120	2976.92152428627	40443	10.365691489361708	
-2425262.7185687013	114.5375	10.14102564102564	139.16666666666666	88.55128205128206	-51.273925249915436	564	940	167	22.0	416.0	268.0	56	7.0	90.0	58.0	0	0	5.138993740081787	45200	2982.060518026352	40517	10.360619469026545	
-2750201.4007161567	116.4	9.734177215189874	131.0126582278481	83.46835443037975	-51.1230445979874	565	941	147	20.0	378.0	231.0	83	7.0	82.0	53.0	0	0	5.2281763553619385	45280	2987.288694381714	40589	10.359982332155482	
-2850274.3277086252	115.2125	10.5	143.75	91.925	-51.1230445979874	566	941	158	22	432	276	89	8	85	55	0	0	5.66810941696167	45360	2992.9568037986755	40664	10.352733686067012	
-3137868.8388384767	115.05	10.30379746835443	141.0	89.9113924050633	-51.1230445979874	567	942	159	21.0	376.0	240.0	71	8.0	79.0	51.0	0	0	5.40449070930481	45440	2998.3612945079803	40735	10.354313380281681	
-2475288.3289972185	114.8375	10.125	136.15	87.0	-51.1230445979874	568	942	181	24	419	266	49	8	90	58	0	0	5.128767013549805	45520	3003.49006152153	40804	10.360281195079097	
-3025332.9336485555	115.35	9.975	126.85	81.2125	-51.1230445979874	569	942	150	21	480	299	80	8	85	55	0	0	5.22226095199585	45600	3008.712322473526	40877	10.357456140350877	
-2437956.637688138	114.7375	10.3625	141.25	90.125	-51.1230445979874	570	942	164	22	412	264	66	8	90	58	0	0	5.406656980514526	45680	3014.1189794540405	40950	10.354640980735553	
-2675379.7921588966	115.775	9.575	124.15	79.675	-51.084954598862645	571	942	179	17	460	289	51	7	82	53	0	0	5.126331329345703	45760	3019.2453107833862	41023	10.351835664335667	
-3025390.5743050785	117.1625	10.0125	132.875	84.8875	-51.084954598862645	572	942	150	20	345	224	80	8	93	60	0	0	5.478939771652222	45840	3024.7242505550385	41096	10.349040139616065	
-2300443.227988214	114.625	9.884615384615385	131.24358974358975	83.71794871794872	-51.084954598862645	573	944	172	23.0	384.0	243.0	58	7.0	74.0	48.0	0	0	5.122658014297485	45920	3029.846908569336	41167	10.350609756097555	
-2450418.999644819	116.0	9.886075949367088	130.1772151898734	83.07594936708861	-51.084954598862645	574	945	151	20.0	327.0	204.0	79	7.0	79.0	51.0	0	0	5.277065753936768	46000	3035.1239743232727	41238	10.352173913043487	
-3162912.1863847123	114.2	10.125	133.475	85.5	-51.084954598862645	575	945	144	22	372	240	50	8	85	55	0	0	5.636195182800293	46080	3040.760169506073	41311	10.349392361111114	
-2050373.9068174735	115.425	9.7875	128.225	82.0625	-51.0807355079126	576	945	135	22	362	234	103	8	85	55	0	0	5.298499822616577	46160	3046.0586693286896	41384	10.34662045060658	
-2512867.6596767753	114.65	10.1125	133.2625	84.9125	-51.0807355079126	577	945	144	20	329	202	79	8	85	55	0	0	5.232126951217651	46240	3051.290796279907	41456	10.346020761245683	
-2300587.486930934	115.1875	9.860759493670885	125.30379746835443	80.22784810126582	-51.0807355079126	578	946	188	21.0	327.0	212.0	49	7.0	74.0	48.0	0	0	5.633018970489502	46320	3056.9238152503967	41530	10.341105354058726	
-2225270.82185007	121.4	9.925	132.825	84.725	-51.0807355079126	579	946	188	21	317	196	89	7	74	48	0	0	5.3892662525177	46400	3062.3130815029144	41603	10.338362068965509	
-3500318.3992420495	125.0875	10.0	133.0	85.16455696202532	-51.0807355079126	580	947	188	22.0	307.0	198.0	90	8.0	93.0	60.0	0	0	5.085017204284668	46480	3067.398098707199	41673	10.342082616178999	
-2987828.6413658652	122.8625	10.179487179487179	141.33333333333334	90.14102564102564	-51.0807355079126	581	949	218	22.0	479.0	308.0	50	8.0	90.0	58.0	0	0	5.8442511558532715	46560	3073.2423498630524	41745	10.341494845360828	
-2375401.689662845	126.025	9.658227848101266	129.0506329113924	82.25316455696202	-51.0807355079126	582	950	218	21.0	407.0	253.0	92	8.0	85.0	55.0	0	0	5.579561471939087	46640	3078.8219113349915	41817	10.340909090909093	
-2900236.5989700025	114.775	10.6	152.9625	97.4	-51.0807355079126	583	950	152	25	599	388	78	8	87	56	0	0	5.47239089012146	46720	3084.294302225113	41890	10.338184931506845	
-1837810.313483245	115.7875	10.063291139240507	147.26582278481013	93.54430379746836	-51.0807355079126	584	951	208	22.0	358.0	232.0	59	8.0	85.0	55.0	0	0	5.441334962844849	46800	3089.7356371879578	41963	10.335470085470092	
-2637860.5021509733	114.0875	9.948717948717949	136.78205128205127	87.14102564102564	-51.0807355079126	585	953	222	22.0	397.0	250.0	8	8.0	85.0	55.0	0	0	5.538625240325928	46880	3095.2742624282837	42036	10.332764505119457	
-2250421.2984364787	110.925	9.961538461538462	133.78205128205127	85.43589743589743	-51.0807355079126	586	955	157	20.0	319.0	202.0	8	8.0	85.0	55.0	0	0	5.501327037811279	46960	3100.775589466095	42108	10.332197614991472	
-1937765.8713301285	115.9	9.925	132.975	84.725	-51.0807355079126	587	955	195	20	341	210	53	8	85	55	0	0	6.00403904914856	47040	3106.7796285152435	42184	10.323129251700678	
-1525326.558265147	115.925	9.8125	126.1	80.4875	-51.0807355079126	588	955	165	21	279	179	65	8	93	60	0	0	4.9110798835754395	47120	3111.690708398819	42252	10.331069609507637	
-2150333.2033332284	117.175	9.79746835443038	128.34177215189874	82.0	-51.0807355079126	589	956	145	20.0	280.0	177.0	85	7.0	74.0	48.0	0	0	5.085275411605835	47200	3116.775983810425	42323	10.33262711864407	
-2887736.271857851	119.6375	9.9125	140.45	89.625	-51.0807355079126	590	956	163	22	376	240	80	8	87	56	0	0	5.429562568664551	47280	3122.2055463790894	42397	10.327834179357026	
-2912838.816568929	117.5	9.69620253164557	126.70886075949367	80.9113924050633	-51.0807355079126	591	957	186	20.0	273.0	177.0	44	8.0	85.0	55.0	0	0	4.870233058929443	47360	3127.075779438019	42467	10.331503378378386	
-2437966.7659789	116.475	10.0	132.975	85.0375	-51.0807355079126	592	957	143	22	436	278	83	8	90	58	0	0	5.057523965835571	47440	3132.1333034038544	42539	10.330944350758855	
-2550286.726197646	116.425	10.734177215189874	153.0759493670886	97.69620253164557	-51.0807355079126	593	958	170	25.0	456.0	296.0	82	8.0	82.0	53.0	0	0	5.628798723220825	47520	3137.762102127075	42614	10.324074074074076	
-1712858.71445923	116.525	9.8625	136.7	87.35	-51.0807355079126	594	958	170	23	460	285	68	8	93	60	0	0	5.435207843780518	47600	3143.1973099708557	42688	10.319327731092443	
-1750324.7877805948	114.6375	10.189873417721518	142.77215189873417	90.75949367088607	-51.0807355079126	595	959	160	20.0	410.0	256.0	70	8.0	93.0	60.0	0	0	5.090524435043335	47680	3148.287834405899	42757	10.325083892617442	
-2612916.5205090446	116.0125	10.037974683544304	132.62025316455697	84.9367088607595	-51.0807355079126	596	960	175	20.0	403.0	254.0	55	8.0	85.0	55.0	0	0	5.161604166030884	47760	3153.44943857193	42827	10.328726968174209	
-2512889.889953145	112.9375	10.3375	139.2125	89.1	-51.0807355079126	597	960	183	24	442	284	61	8	85	55	0	0	5.489428281784058	47840	3158.938866853714	42901	10.3239966555184	
-2825398.3508896143	116.2875	9.775	131.4875	83.9625	-50.88237080288026	598	960	183	15	280	170	88	8	85	55	0	0	5.212855815887451	47920	3164.1517226696014	42975	10.319282136894827	
-2225281.9775806745	114.0375	9.923076923076923	134.62820512820514	86.02564102564102	-50.88237080288026	599	962	183	21.0	338.0	218.0	75	7.0	82.0	53.0	0	0	5.028016567230225	48000	3169.1797392368317	43048	10.316666666666663	
-2200404.76160605	114.55	10.2	133.225	85.5625	-50.88237080288026	600	962	158	20	448	284	72	7	74	48	0	0	5.100696563720703	48080	3174.2804358005524	43121	10.314059900166399	
-2325291.6579268053	114.5375	9.825	125.25	80.1125	-50.88237080288026	601	962	146	22	379	245	88	7	74	48	0	0	4.769944190979004	48160	3179.0503799915314	43189	10.321843853820596	
-2312842.484998589	114.4375	10.0875	133.975	85.3375	-50.88237080288026	602	962	147	22	302	196	76	8	85	55	0	0	5.090809106826782	48240	3184.141189098358	43259	10.325456053067995	
-1900399.3731014084	114.8	10.240506329113924	136.41772151898735	87.0	-50.46619063317847	603	963	151	20.0	349.0	218.0	79	8.0	79.0	51.0	0	0	5.631383657455444	48320	3189.7725727558136	43333	10.320778145695357	
-3112888.5645241127	114.8	10.4125	139.65	88.925	-50.46619063317847	604	963	160	23	341	219	70	8	88	57	0	0	5.669481515884399	48400	3195.442054271698	43408	10.31404958677686	
-2212927.8604222685	115.2375	10.3375	142.675	90.85	-50.46619063317847	605	963	186	22	345	224	44	7	79	51	0	0	5.237333536148071	48480	3200.679387807846	43478	10.31765676567656	
-2912939.6293051178	115.775	9.9375	135.7	86.825	-50.46619063317847	606	963	186	20	542	344	65	7	79	51	0	0	5.347094297409058	48560	3206.026482105255	43550	10.317133443163101	
-2625401.2813386484	111.4625	9.948717948717949	133.05128205128204	85.0	-50.46619063317847	607	965	164	22.0	410.0	257.0	65	7.0	74.0	48.0	0	0	5.124979734420776	48640	3211.151461839676	43621	10.31866776315789	
-2962777.7013871106	111.4625	9.962025316455696	134.68354430379748	86.0253164556962	-50.46619063317847	608	966	153	19.0	365.0	224.0	56	8.0	87.0	56.0	0	0	5.0709357261657715	48720	3216.2223975658417	43692	10.320197044334975	
-2087899.8242477954	112.0	9.625	118.3875	75.85	-50.46619063317847	609	966	146	20	292	185	56	8	88	57	0	0	5.190401077270508	48800	3221.412798643112	43764	10.319672131147541	
-2762834.2997280164	112.5875	9.873417721518987	132.48101265822785	84.53164556962025	-50.46619063317847	610	967	194	20.0	354.0	225.0	27	7.0	82.0	53.0	0	0	5.489538669586182	48880	3226.9023373126984	43838	10.315057283142394	
-2525352.532481082	116.475	9.9	137.8375	87.4375	-49.14821975196821	611	967	143	20	324	195	88	8	80	52	0	0	5.076024293899536	48960	3231.978361606598	43910	10.314542483660134	
-1850292.20036343	116.6625	10.037974683544304	134.35443037974684	85.55696202531645	-49.14821975196821	612	968	190	21.0	318.0	193.0	40	8.0	93.0	60.0	0	0	5.347329378128052	49040	3237.325690984726	43980	10.318107667210441	
-2862727.5227060365	116.2375	10.0875	138.075	88.075	-47.903978644720695	613	968	152	21	393	250	85	8	90	58	0	0	5.560807228088379	49120	3242.8864982128143	44053	10.31555374592834	
-2362758.2993720546	116.325	10.3875	137.675	87.875	-47.903978644720695	614	968	177	25	431	279	53	7	74	48	0	0	5.438117742538452	49200	3248.324615955353	44126	10.3130081300813	
-2362774.0588840274	118.425	9.9125	128.4375	82.1125	-47.791792173591396	615	968	182	22	300	193	61	8	85	55	0	0	5.258135557174683	49280	3253.5827515125275	44200	10.308441558441558	
-2600333.181366334	117.1125	10.225	129.5125	82.975	-47.791792173591396	616	968	172	22	377	238	58	7	74	48	0	0	5.2468791007995605	49360	3258.829630613327	44273	10.305915721231756	
-2562773.806562178	118.2	10.15	138.125	87.9375	-47.791792173591396	617	968	172	22	481	305	79	8	93	60	0	0	5.223632574081421	49440	3264.0532631874084	44345	10.305420711974108	
-1362856.4771647088	113.975	9.810126582278482	131.46835443037975	83.68354430379746	-47.791792173591396	618	969	151	22.0	369.0	233.0	93	8.0	85.0	55.0	0	0	5.259348630905151	49520	3269.3126118183136	44420	10.29886914378028	
-2662839.0210852036	115.275	10.5	138.35	88.275	-47.791792173591396	619	969	175	23	337	219	55	8	85	55	0	0	5.669636964797974	49600	3274.9822487831116	44494	10.29435483870968	
-2812875.207723861	116.2125	9.873417721518987	138.41772151898735	88.0506329113924	-47.791792173591396	620	970	200	16.0	318.0	195.0	30	8.0	80.0	52.0	0	0	5.624347686767578	49680	3280.606596469879	44567	10.291867954911439	
-2987764.367817079	114.925	10.468354430379748	149.8860759493671	95.43037974683544	-47.74563938973069	621	971	190	20.0	486.0	308.0	40	8.0	87.0	56.0	0	0	5.793476343154907	49760	3286.400072813034	44640	10.289389067524112	
-1712869.73097503	115.15	9.60759493670886	136.65822784810126	86.60759493670886	-47.74563938973069	622	972	156	14.0	378.0	232.0	74	8.0	85.0	55.0	0	0	5.943142890930176	49840	3292.3432157039642	44713	10.286918138041727	
-2525222.84106083	115.3375	10.7012987012987	164.76623376623377	104.16883116883118	-47.74563938973069	623	975	201	22.0	402.0	258.0	29	8.0	90.0	58.0	0	0	5.962716341018677	49920	3298.305932044983	44785	10.286458333333343	
-2025276.0600008392	115.0	10.417721518987342	153.45569620253164	97.18987341772151	-47.74563938973069	624	976	180	20.0	381.0	240.0	50	8.0	79.0	51.0	0	0	5.73218297958374	50000	3304.0381150245667	44859	10.281999999999996	
-2562666.886779023	115.1	10.15	152.6875	96.4375	-47.74563938973069	625	976	154	22	379	243	76	8	87	56	0	0	5.652642250061035	50080	3309.6907572746277	44932	10.279552715654944	
-2362836.5832157442	117.2875	10.4375	160.8625	101.75	-47.74563938973069	626	976	157	22	554	356	73	8	93	60	0	0	6.223926305770874	50160	3315.9146835803986	45008	10.271132376395528	
-2150330.8798577418	115.65	9.9125	144.7875	92.125	-47.713021667358724	627	976	167	21	478	306	63	8	85	55	0	0	5.460392236709595	50240	3321.375075817108	45081	10.268710191082803	
-2350270.444630587	115.65	9.8375	131.225	83.6375	-47.69317757570473	628	976	146	20	292	189	100	8	85	55	0	0	5.678300619125366	50320	3327.0533764362335	45155	10.264308426073129	
-2825329.7053244477	115.775	9.85	136.2125	86.6875	-47.69317757570473	629	976	151	20	348	225	84	8	79	51	0	0	5.225616931915283	50400	3332.278993368149	45224	10.26984126984128	
-2450273.598516354	114.85	10.10126582278481	137.72151898734177	88.0126582278481	-47.69317757570473	630	977	134	19.0	397.0	256.0	95	8.0	85.0	55.0	0	0	5.565279722213745	50480	3337.8442730903625	45298	10.265451664025363	
-2950392.8596672392	114.5	10.474358974358974	150.9102564102564	95.65384615384616	-47.69317757570473	631	979	139	22.0	393.0	250.0	91	7.0	82.0	53.0	0	0	5.775822877883911	50560	3343.6200959682465	45370	10.265031645569621	
-2037849.2403660126	113.95	10.844155844155845	162.96103896103895	103.05194805194805	-47.69317757570473	632	982	195	21.0	411.0	259.0	36	8.0	79.0	51.0	0	0	5.659680604934692	50640	3349.279776573181	45440	10.268562401263821	
-2187856.1250110995	116.55	10.125	137.825	87.4625	-47.69317757570473	633	982	166	19	349	212	87	8	85	55	0	0	5.4731597900390625	50720	3354.75293636322	45512	10.268138801261827	
-2687865.9469185397	112.25	10.58974358974359	156.1153846153846	99.2051282051282	-47.69317757570473	634	984	152	23.0	484.0	307.0	50	7.0	74.0	48.0	0	0	7.144190788269043	50800	3361.8971271514893	45584	10.267716535433067	
-3150319.5296868263	112.35	9.772151898734178	127.51898734177215	81.31645569620254	-47.69317757570473	635	985	161	20.0	372.0	231.0	41	7.0	82.0	53.0	0	0	5.828514337539673	50880	3367.725641489029	45653	10.273191823899381	
-2412834.6793394596	113.25	10.325	146.5125	93.2	-47.69317757570473	636	985	139	22	452	291	87	7	74	48	0	0	5.334338426589966	50960	3373.059979915619	45725	10.272762951334386	
-2862752.844398922	113.375	10.0375	140.9	89.5375	-47.59160378675734	637	985	169	22	398	254	61	7	82	53	0	0	5.149874210357666	51040	3378.2098541259766	45796	10.274294670846402	
-2675329.8583775596	113.6125	9.721518987341772	128.1139240506329	81.83544303797468	-47.59160378675734	638	986	134	18.0	337.0	218.0	87	8.0	87.0	56.0	0	0	5.145882606506348	51120	3383.355736732483	45865	10.279733959311415	
-2787834.795066907	116.2375	9.975	133.1375	85.0875	-47.59160378675734	639	986	140	24	388	250	91	8	87	56	0	0	5.388190031051636	51200	3388.7439267635345	45936	10.28125	
-2687785.854125076	116.0	10.075949367088608	142.72151898734177	90.9113924050633	-47.59160378675734	640	987	196	23.0	448.0	287.0	46	8.0	87.0	56.0	0	0	5.138420343399048	51280	3393.8823471069336	46007	10.282761310452415	
-3000308.913152287	114.6625	10.518987341772151	145.9367088607595	93.22784810126582	-47.59160378675734	641	988	188	23.0	449.0	284.0	42	8.0	93.0	60.0	0	0	5.561764240264893	51360	3399.4441113471985	46081	10.278426791277269	
-2300368.024237179	115.0	10.15	136.3125	86.9	-47.50588524782638	642	988	163	20	335	207	67	8	85	55	0	0	5.299444198608398	51440	3404.743555545807	46155	10.274105754276832	
-2175358.453208332	115.0	10.1375	140.4625	89.6625	-47.50588524782638	643	988	152	24	456	292	78	8	87	56	0	0	5.306857109069824	51520	3410.0504126548767	46229	10.26979813664596	
-2887802.516029508	115.0	9.825	130.75	83.5625	-47.50588524782638	644	988	141	22	388	247	89	8	85	55	0	0	5.01120924949646	51600	3415.061621904373	46301	10.269379844961236	
-2487800.8915980323	115.2625	10.8125	148.0125	94.4	-47.50588524782638	645	988	160	23	501	321	70	7	85	55	0	0	5.3766279220581055	51680	3420.4382498264313	46373	10.268962848297207	
-3750258.605634323	115.35	10.126582278481013	138.70886075949366	88.9113924050633	-47.50588524782638	646	989	172	21.0	450.0	291.0	72	8.0	85.0	55.0	0	0	5.230689525604248	51760	3425.6689393520355	46447	10.264683153013905	
-2662945.862833807	116.3625	9.936708860759493	142.0253164556962	90.16455696202532	-47.50588524782638	647	990	166	21.0	439.0	279.0	64	7.0	82.0	53.0	0	0	5.618468284606934	51840	3431.2874076366425	46522	10.258487654320987	
-3337724.3460319294	115.7	10.1875	146.025	92.9375	-47.50588524782638	648	990	185	22	459	290	74	8	87	56	0	0	5.4862706661224365	51920	3436.773678302765	46596	10.254237288135599	
-3187834.008858268	113.8	9.7875	131.7375	83.95	-47.50588524782638	649	990	152	22	305	196	74	8	85	55	0	0	5.238176107406616	52000	3442.0118544101715	46666	10.25769230769231	
-3500258.210341903	110.8875	10.487179487179487	142.14102564102564	90.48717948717949	-47.50588524782638	650	992	153	20.0	324.0	197.0	74	8.0	85.0	55.0	0	0	5.497380971908569	52080	3447.50923538208	46739	10.255376344086017	
-2875313.651492986	112.25	9.974683544303797	137.78481012658227	87.50632911392405	-47.462047152874135	651	993	163	20.0	283.0	180.0	26	8.0	93.0	60.0	0	0	5.265054702758789	52160	3452.774290084839	46811	10.254984662576689	
-3500329.831849654	113.4375	9.544303797468354	125.58227848101266	80.0	-47.462047152874135	652	994	162	13.0	253.0	155.0	27	7.0	74.0	48.0	0	0	5.341647148132324	52240	3458.115937232971	46884	10.25267993874425	
-2262728.8109380384	115.0875	9.620253164556962	125.84810126582279	80.12658227848101	-47.457041813845336	653	995	165	21.0	362.0	222.0	65	8.0	85.0	55.0	0	0	5.020336627960205	52320	3463.1362738609314	46954	10.256116207951067	
-2687751.8314053607	114.9	9.924050632911392	129.9240506329114	83.0253164556962	-47.457041813845336	654	996	189	21.0	295.0	189.0	41	8.0	85.0	55.0	0	0	5.254451513290405	52400	3468.390725374222	47027	10.253816793893137	
-3225395.9848985504	115.6	10.075949367088608	133.81012658227849	85.65822784810126	-47.457041813845336	655	997	143	22.0	381.0	245.0	92	9.0	85.0	55.0	0	0	5.104023218154907	52480	3473.4947485923767	47098	10.255335365853654	
-3250366.6572259245	115.55	10.12987012987013	136.93506493506493	87.16883116883118	-47.43763594014304	656	1000	208	21.0	398.0	250.0	27	7.0	85.0	55.0	0	0	5.011472702026367	52560	3478.506221294403	47167	10.260654490106546	
-2125367.9681324363	115.4625	9.575	129.6625	82.5	-47.43763594014304	657	1000	155	24	496	309	75	8	85	55	0	0	5.056052923202515	52640	3483.5622742176056	47240	10.258358662613986	
-2912863.9431277933	115.6	10.12987012987013	138.24675324675326	88.07792207792208	-47.43763594014304	658	1003	151	22.0	373.0	238.0	85	8.0	85.0	55.0	0	0	5.225981712341309	52720	3488.788255929947	47312	10.257966616084985	
-3037860.244986111	118.8125	9.512820512820513	120.7051282051282	77.38461538461539	-47.43763594014304	659	1005	168	14.0	291.0	177.0	62	7.0	74.0	48.0	0	0	5.131930589675903	52800	3493.920186519623	47385	10.255681818181813	
-2412774.6373786074	116.2375	9.91025641025641	133.24358974358975	84.82051282051282	-47.43763594014304	660	1007	148	22.0	341.0	218.0	91	7.0	85.0	55.0	0	0	5.254480361938477	52880	3499.1746668815613	47455	10.2590771558245	
-3062766.4010926276	116.65	9.683544303797468	126.20253164556962	80.92405063291139	-47.43763594014304	661	1008	150	20.0	451.0	292.0	80	7.0	85.0	55.0	0	0	5.417062997817993	52960	3504.5917298793793	47528	10.256797583081564	
-2787901.860059241	114.4125	10.2625	146.1625	92.9625	-47.43763594014304	662	1008	153	21	456	295	77	7	85	55	0	0	5.272059917449951	53040	3509.863789796829	47600	10.256410256410248	
-2750377.961856502	112.95	9.85897435897436	130.10256410256412	82.94871794871794	-47.43763594014304	663	1010	199	22.0	379.0	242.0	31	7.0	74.0	48.0	0	0	4.930556535720825	53120	3514.79434633255	47672	10.256024096385545	
-2712844.280901225	112.9875	10.367088607594937	140.46835443037975	89.48101265822785	-47.43763594014304	664	1011	190	20.0	405.0	253.0	40	7.0	85.0	55.0	0	0	5.034250974655151	53200	3519.828597307205	47745	10.253759398496243	
-2375233.966713584	115.0375	10.423076923076923	138.01282051282053	88.05128205128206	-47.43763594014304	665	1013	147	22.0	438.0	283.0	40	7.0	82.0	53.0	0	0	4.84982967376709	53280	3524.6784269809723	47815	10.257132132132128	
-3037787.0428019552	114.9625	10.35	137.925	87.6125	-47.43763594014304	666	1013	165	24	408	257	51	7	82	53	0	0	5.412715673446655	53360	3530.091142654419	47891	10.24925037481259	
-3425289.433733478	114.775	9.810126582278482	122.27848101265823	78.32911392405063	-47.43763594014304	667	1014	154	24.0	331.0	213.0	76	7.0	82.0	53.0	0	0	5.070260047912598	53440	3535.1614027023315	47964	10.247005988023943	
-2237786.59555789	113.35	9.962025316455696	134.41772151898735	85.55696202531645	-47.43763594014304	668	1015	180	25.0	390.0	253.0	50	8.0	79.0	51.0	0	0	5.519172430038452	53520	3540.68057513237	48036	10.246636771300444	
-3375292.6864930503	115.0	9.79746835443038	137.64556962025316	87.27848101265823	-47.43763594014304	669	1016	148	16.0	318.0	192.0	82	8.0	80.0	52.0	0	0	5.253084897994995	53600	3545.933660030365	48110	10.242537313432834	
-2037752.4538810581	114.925	10.025641025641026	145.76923076923077	92.21794871794872	-47.43763594014304	670	1018	180	16.0	434.0	275.0	50	8.0	85.0	55.0	0	0	5.264934539794922	53680	3551.19859457016	48182	10.242175856929961	
-2450327.6229048497	114.875	9.949367088607595	137.29113924050634	87.24050632911393	-47.43763594014304	671	1019	154	20.0	282.0	179.0	76	8.0	91.0	59.0	0	0	5.311806678771973	53760	3556.510401248932	48255	10.239955357142861	
-3300293.1811662754	114.85	10.278481012658228	143.77215189873417	91.35443037974683	-47.43763594014304	672	1020	197	21.0	390.0	245.0	30	8.0	79.0	51.0	0	0	5.559924840927124	53840	3562.070326089859	48328	10.237741456166418	
-3100266.443775646	112.65	10.12987012987013	144.63636363636363	91.68831168831169	-47.43763594014304	673	1023	161	22.0	430.0	270.0	56	8.0	85.0	55.0	0	0	5.528797626495361	53920	3567.5991237163544	48398	10.241097922848667	
-2375350.761652804	113.6125	10.363636363636363	144.58441558441558	91.96103896103897	-47.43763594014304	674	1026	166	21.0	452.0	277.0	64	7.0	82.0	53.0	0	0	5.3732993602752686	54000	3572.9724230766296	48469	10.242592592592587	
-2962783.428825279	113.8875	10.50632911392405	156.36708860759492	99.56962025316456	-47.43763594014304	675	1027	156	22.0	484.0	309.0	74	8.0	91.0	59.0	0	0	5.3289196491241455	54080	3578.301342725754	48540	10.244082840236686	
-2875469.5107583255	115.5375	9.87012987012987	137.1818181818182	87.20779220779221	-47.43763594014304	676	1030	146	20.0	359.0	222.0	84	8.0	87.0	56.0	0	0	5.399286985397339	54160	3583.700629711151	48610	10.247415066469728	
-3175359.57234281	115.675	9.975	132.575	84.5125	-47.43763594014304	677	1030	155	22	426	270	75	8	85	55	0	0	5.537275552749634	54240	3589.2379052639008	48685	10.2415191740413	
-3200292.7078660587	114.775	9.975	139.7625	88.8625	-47.43763594014304	678	1030	158	20	358	218	87	8	79	51	0	0	5.284915208816528	54320	3594.5228204727173	48760	10.235640648011781	
-3250341.055711009	113.4	10.192307692307692	145.25641025641025	92.07692307692308	-47.43763594014304	679	1032	175	22.0	389.0	250.0	55	8.0	85.0	55.0	0	0	5.362462520599365	54400	3599.8852829933167	48833	10.233455882352942	
-3187803.4507594346	113.4375	10.075	145.8	92.525	-47.43763594014304	680	1032	160	20	343	213	44	8	88	57	0	0	5.96535325050354	54480	3605.85063624382	48907	10.229441997063134	
-2512841.450695912	113.125	10.227848101265822	141.55696202531647	90.20253164556962	-47.412784078156	681	1033	176	21.0	396.0	247.0	44	7.0	74.0	48.0	0	0	5.639506101608276	54560	3611.4901423454285	48980	10.227272727272734	
-2962861.135666521	116.8125	9.962025316455696	134.37974683544303	85.65822784810126	-47.412784078156	682	1034	158	18.0	347.0	218.0	76	8.0	92.0	59.0	0	0	5.689682960510254	54640	3617.1798253059387	49055	10.221449487554906	
-3187826.3706752225	119.75	10.08860759493671	138.1772151898734	88.20253164556962	-47.412784078156	683	1035	170	20.0	426.0	273.0	60	7.0	74.0	48.0	0	0	5.287845134735107	54720	3622.467670440674	49128	10.219298245614041	
-2087971.2491367036	119.9625	9.632911392405063	130.46835443037975	82.9113924050633	-47.412784078156	684	1036	177	14.0	291.0	177.0	53	7.0	74.0	48.0	0	0	5.568508863449097	54800	3628.036179304123	49201	10.217153284671525	
-3025460.284358459	116.5	10.35	134.2125	85.7	-47.412784078156	685	1036	154	21	340	214	89	8	85	55	0	0	5.783914566040039	54880	3633.820093870163	49275	10.213192419825063	
-3137834.9029391445	115.0	10.243589743589743	135.96153846153845	86.58974358974359	-47.412784078156	686	1038	154	22.0	340.0	214.0	76	8.0	88.0	57.0	0	0	5.3197150230407715	54960	3639.1398088932037	49349	10.209243085880644	
-2550374.7706271834	114.0125	9.848101265822784	138.0632911392405	87.87341772151899	-47.412784078156	687	1039	165	21.0	466.0	300.0	65	8.0	90.0	58.0	0	0	5.421790838241577	55040	3644.5615997314453	49420	10.210755813953483	
-2150346.84480469	113.1875	9.8875	138.125	87.6625	-47.412784078156	688	1039	165	22	481	299	76	7	85	55	0	0	5.26472020149231	55120	3649.8263199329376	49491	10.212264150943398	
-3000322.2331167758	114.3625	9.844155844155845	134.63636363636363	85.54545454545455	-47.412784078156	689	1042	154	25.0	444.0	287.0	69	8.0	85.0	55.0	0	0	5.273667097091675	55200	3655.0999870300293	49560	10.217391304347828	
-3062940.378190605	117.0625	10.2875	149.825	94.9	-47.412784078156	690	1042	154	18	352	223	76	9	85	55	0	0	6.317602872848511	55280	3661.417589902878	49634	10.213458755426913	
-2725361.8057893887	119.1375	10.525	148.0375	94.1875	-47.412784078156	691	1042	233	22	477	306	36	8	93	60	0	0	5.898432493209839	55360	3667.3160223960876	49705	10.21495664739885	
-3712713.717799307	116.3625	9.8375	133.2	84.8625	-47.412784078156	692	1042	164	13	302	186	78	8	90	58	0	0	5.689908504486084	55440	3673.0059309005737	49779	10.211038961038966	
-3100242.544976278	116.775	9.7375	126.675	80.7375	-47.412784078156	693	1042	164	13	313	190	90	8	88	57	0	0	5.140533447265625	55520	3678.1464643478394	49850	10.212536023054753	
-4100246.051887038	114.8375	9.8125	126.3875	80.7875	-47.412784078156	694	1042	192	16	373	236	35	7	82	53	0	0	5.569510221481323	55600	3683.7159745693207	49923	10.210431654676256	
-3862762.614558478	115.6375	10.384615384615385	150.60256410256412	95.74358974358974	-47.412784078156	695	1044	205	21.0	407.0	257.0	25	8.0	80.0	52.0	0	0	6.073273181915283	55680	3689.789247751236	49996	10.208333333333329	
-2450385.1378980083	119.075	10.151898734177216	141.0253164556962	89.58227848101266	-47.412784078156	696	1045	205	22.0	295.0	186.0	32	8.0	80.0	52.0	0	0	5.602953195571899	55760	3695.392200946808	50068	10.208034433285505	
-2887800.3984369384	119.725	9.8	135.575	86.25	-47.412784078156	697	1045	241	14	299	190	68	8	85	55	0	0	5.535335540771484	55840	3700.9275364875793	50141	10.20594555873926	
-2462905.2789120167	124.8	9.85897435897436	133.7948717948718	85.16666666666667	-47.412784078156	698	1047	308	22.0	332.0	213.0	48	8.0	85.0	55.0	0	0	5.284273624420166	55920	3706.2118101119995	50213	10.20565092989986	
-2512859.590014824	120.5875	9.3875	117.6625	75.25	-47.412784078156	699	1047	308	13	226	138	86	7	74	48	0	0	5.226789951324463	56000	3711.438600063324	50285	10.205357142857139	
-2650409.3327192613	136.625	10.215189873417721	148.62025316455697	94.24050632911393	-47.412784078156	700	1048	316	22.0	530.0	333.0	70	8.0	90.0	58.0	0	0	5.331443548202515	56080	3716.7700436115265	50356	10.206847360912988	
-3737671.4795688153	149.55	9.897435897435898	137.44871794871796	87.34615384615384	-47.412784078156	701	1050	308	18.0	410.0	259.0	86	7.0	74.0	48.0	0	0	5.670279264450073	56160	3722.4403228759766	50427	10.208333333333329	
-3700271.702274856	134.825	10.15	140.5	89.325	-47.412784078156	702	1050	308	22	457	290	55	7	74	48	0	0	5.854915142059326	56240	3728.295238018036	50501	10.204480796586054	
-3925290.9418009804	140.45	9.775	136.925	87.0125	-47.412784078156	703	1050	360	17	343	214	63	7	79	51	0	0	5.774518251419067	56320	3734.069756269455	50575	10.200639204545453	
-3150338.929330201	130.8875	10.037974683544304	137.91139240506328	87.86075949367088	-47.412784078156	704	1051	308	24.0	423.0	271.0	20	7.0	74.0	48.0	0	0	5.227149963378906	56400	3739.296906232834	50647	10.200354609929079	
-2687835.6650646674	126.625	9.575	131.5375	83.55	-47.412784078156	705	1051	308	16	304	194	92	8	88	57	0	0	5.675511121749878	56480	3744.9724173545837	50721	10.196529745042497	
-2975397.164023279	117.025	9.55	128.2375	81.8125	-47.412784078156	706	1051	308	16	309	197	84	7	79	51	0	0	5.386769533157349	56560	3750.359186887741	50793	10.196251768033946	
-3025343.0983513407	115.75	9.7625	129.525	82.6375	-47.412784078156	707	1051	149	21	493	303	81	8	85	55	0	0	5.677945613861084	56640	3756.037132501602	50868	10.190677966101688	
-2912927.467031469	114.1375	9.923076923076923	136.4102564102564	86.85897435897436	-47.412784078156	708	1053	168	21.0	308.0	199.0	62	8.0	79.0	51.0	0	0	4.86987829208374	56720	3760.907010793686	50937	10.195698166431598	
-3062809.422614462	113.4	10.1	126.6375	80.95	-47.412784078156	709	1053	145	22	282	179	85	8	79	51	0	0	5.51477313041687	56800	3766.421783924103	51011	10.191901408450704	
-3425298.175051771	115.675	10.20253164556962	138.0253164556962	88.0126582278481	-47.412784078156	710	1054	170	21.0	393.0	250.0	60	7.0	74.0	48.0	0	0	5.342272520065308	56880	3771.764056444168	51080	10.196905766526015	
-3750377.987534278	116.275	9.9875	135.5625	86.4125	-47.412784078156	711	1054	153	19	361	218	77	8	87	56	0	0	5.749562501907349	56960	3777.5136189460754	51153	10.194873595505612	
-3862846.861606988	118.7625	10.4125	154.2625	97.8	-47.412784078156	712	1054	165	22	349	218	65	8	85	55	0	0	5.775050640106201	57040	3783.2886695861816	51223	10.198106591865354	
-3237823.9121758626	118.9875	9.962025316455696	141.2405063291139	89.59493670886076	-47.41018069915711	713	1055	179	22.0	445.0	277.0	69	7.0	74.0	48.0	0	0	5.73587703704834	57120	3789.02454662323	51296	10.196078431372541	
-2650359.365385279	121.725	9.721518987341772	146.7594936708861	92.74683544303798	-47.41018069915711	714	1056	191	13.0	289.0	177.0	39	8.0	93.0	60.0	0	0	5.330216407775879	57200	3794.354763031006	51367	10.197552447552454	
-3300289.177356784	121.9375	9.75	127.1625	81.2	-47.41018069915711	715	1056	209	20	345	220	31	8	85	55	0	0	5.615004777908325	57280	3799.969767808914	51442	10.192039106145259	
-3287727.8075199015	113.95	9.825	126.625	81.0375	-47.41018069915711	716	1056	191	21	297	193	31	7	74	48	0	0	5.433563470840454	57360	3805.4033312797546	51514	10.191771269177124	
-3400254.2188378917	115.3125	10.26923076923077	133.02564102564102	85.2948717948718	-47.41018069915711	717	1058	155	22.0	363.0	234.0	65	8.0	85.0	55.0	0	0	5.623851537704468	57440	3811.027182817459	51588	10.188022284122567	
-3612803.8076329096	117.35	10.012820512820513	129.56410256410257	82.73076923076923	-47.41018069915711	718	1060	181	20.0	349.0	220.0	49	8.0	85.0	55.0	0	0	5.41637659072876	57520	3816.443559408188	51659	10.189499304589717	
-2137807.2615811666	117.25	10.276315789473685	138.35526315789474	88.28947368421052	-47.41018069915711	719	1064	154	22.0	337.0	215.0	49	8.0	85.0	55.0	0	0	5.168808221817017	57600	3821.612367630005	51729	10.192708333333329	
-2712860.661938061	118.025	9.848101265822784	137.29113924050634	87.27848101265823	-47.41018069915711	720	1065	156	19.0	288.0	177.0	81	7.0	82.0	53.0	0	0	5.802122592926025	57680	3827.414490222931	51803	10.188973647711506	
-3325296.9485814674	119.4	9.8	130.575	83.3125	-47.41018069915711	721	1065	154	21	338	212	76	8	85	55	0	0	5.399105548858643	57760	3832.8135957717896	51877	10.185249307479225	
-2712843.2190144127	117.35	10.467532467532468	148.93506493506493	94.97402597402598	-47.41018069915711	722	1068	186	28.0	520.0	336.0	54	8.0	85.0	55.0	0	0	5.295042514801025	57840	3838.1086382865906	51949	10.184993084370674	
-3362775.7235366865	116.5125	10.6625	156.275	98.875	-47.41018069915711	723	1068	186	26	502	325	76	8	85	55	0	0	6.327192306518555	57920	3844.435830593109	52021	10.184737569060772	
-3375298.4620717852	115.7125	9.925	131.125	83.6875	-47.41018069915711	724	1068	186	21	301	195	44	7	74	48	0	0	5.677450180053711	58000	3850.113280773163	52096	10.179310344827584	
-2962885.4930573367	115.3875	9.725	126.6125	80.8125	-47.41018069915711	725	1068	163	24	392	252	55	7	74	48	0	0	5.591627359390259	58080	3855.704908132553	52169	10.177341597796143	
-2325168.0819878224	115.5	9.775	119.9875	76.8125	-47.41018069915711	726	1068	163	17	310	193	85	8	85	55	0	0	5.321427822113037	58160	3861.026335954666	52240	10.178817056396156	
-2937773.231608854	117.9375	9.871794871794872	124.01282051282051	79.2948717948718	-47.41018069915711	727	1070	178	21.0	346.0	221.0	52	8.0	85.0	55.0	0	0	5.493642568588257	58240	3866.5199785232544	52312	10.17857142857143	
-3162788.9529760545	119.175	10.375	140.6375	89.7875	-47.41018069915711	728	1070	180	25	570	354	77	8	85	55	0	0	5.572937965393066	58320	3872.0929164886475	52388	10.171467764060367	
-3037875.9166094046	115.6625	10.679487179487179	151.56410256410257	96.42307692307692	-47.41018069915711	729	1072	188	24.0	515.0	331.0	37	8.0	85.0	55.0	0	0	5.523500204086304	58400	3877.6164166927338	52460	10.171232876712338	
-2637822.842967182	115.8375	10.475	155.175	98.275	-47.41018069915711	730	1072	168	25	347	219	62	8	85	55	0	0	6.111700057983398	58480	3883.728116750717	52534	10.167578659370719	
-2462754.409420026	116.95	10.5125	159.6375	100.825	-47.41018069915711	731	1072	209	21	356	224	74	8	87	56	0	0	5.8715598583221436	58560	3889.5996766090393	52607	10.165642076502735	
-2662734.799695205	115.275	9.708860759493671	138.48101265822785	88.0	-47.41018069915711	732	1073	193	14.0	338.0	209.0	37	8.0	87.0	56.0	0	0	5.3881189823150635	58640	3894.9877955913544	52678	10.167121418826738	
-3125296.289512906	117.725	10.075	135.45	86.45	-47.41018069915711	733	1073	193	21	310	199	73	8	93	60	0	0	5.242191314697266	58720	3900.2299869060516	52752	10.163487738419619	
-3362806.6476469776	118.0	10.102564102564102	136.67948717948718	87.25641025641026	-47.41018069915711	734	1075	195	22.0	424.0	263.0	60	7.0	82.0	53.0	0	0	5.242922067642212	58800	3905.472908973694	52825	10.161564625850332	
-2937799.000262401	109.1125	10.175	135.5875	86.6875	-47.41018069915711	735	1075	164	22	407	255	55	7	87	56	0	0	5.186552047729492	58880	3910.6594610214233	52898	10.159646739130437	
-3000344.444836538	110.5125	9.6875	128.3	81.8625	-47.41018069915711	736	1075	142	19	344	214	75	7	79	51	0	0	5.512307405471802	58960	3916.171768426895	52971	10.157734056987792	
-2737861.155961918	109.2625	9.9375	134.5875	85.45	-47.41018069915711	737	1075	160	20	357	223	51	8	88	57	0	0	5.6432507038116455	59040	3921.815019130707	53045	10.15413279132791	
-1837828.8369725575	113.7625	9.936708860759493	148.08860759493672	93.34177215189874	-47.41018069915711	738	1076	168	20.0	283.0	176.0	74	7.0	82.0	53.0	0	0	5.217708587646484	59120	3927.0327277183533	53118	10.152232746955349	
-2850280.30504236	117.7125	10.3	144.675	91.6625	-47.41018069915711	739	1076	193	20	280	176	78	8	93	60	0	0	5.5466718673706055	59200	3932.579399585724	53189	10.15371621621621	
-3437679.3708114326	118.0625	10.10126582278481	142.49367088607596	90.34177215189874	-47.41018069915711	740	1077	193	20.0	291.0	181.0	77	8.0	87.0	56.0	0	0	5.328253984451294	59280	3937.907653570175	53262	10.151821862348172	
-2825295.373316914	116.5125	9.91025641025641	141.01282051282053	89.3974358974359	-47.41018069915711	741	1079	193	22.0	419.0	271.0	38	7.0	82.0	53.0	0	0	5.0752034187316895	59360	3942.982856988907	53331	10.156671159029656	
-3362771.806461124	117.1125	10.35	148.8375	94.35	-47.41018069915711	742	1079	191	20	372	236	64	7	82	53	0	0	5.493258476257324	59440	3948.476115465164	53403	10.15646029609691	
-3100233.7024957854	115.9	10.05	139.275	88.45	-47.41018069915711	743	1079	156	21	372	236	63	8	79	51	0	0	5.502637624740601	59520	3953.978753089905	53476	10.15456989247312	
-2437828.5305959377	119.725	9.784810126582279	140.126582278481	88.56962025316456	-47.41018069915711	744	1080	178	15.0	310.0	197.0	52	8.0	85.0	55.0	0	0	5.567455053329468	59600	3959.5462081432343	53550	10.151006711409394	
-3225276.364127543	116.0875	9.8375	126.4625	80.5625	-47.41018069915711	745	1080	179	20	378	233	68	8	79	51	0	0	5.547108888626099	59680	3965.0933170318604	53623	10.149128686327074	
-3075348.060385822	118.0625	10.075	136.1625	86.675	-47.41018069915711	746	1080	170	22	507	316	82	8	85	55	0	0	5.686630487442017	59760	3970.7799475193024	53696	10.147255689424355	
-3162726.115353936	114.7625	9.909090909090908	131.67532467532467	83.79220779220779	-47.41018069915711	747	1083	205	18.0	375.0	227.0	25	7.0	74.0	48.0	0	0	5.224001884460449	59840	3976.003949403763	53766	10.150401069518722	
-3612754.7055489123	112.9125	9.948717948717949	124.44871794871794	79.62820512820512	-47.41018069915711	748	1085	161	18.0	306.0	194.0	69	8.0	80.0	52.0	0	0	5.103118658065796	59920	3981.1070680618286	53836	10.153538050734312	
-2475325.3628948564	111.5875	10.038461538461538	132.51282051282053	84.64102564102564	-47.41018069915711	749	1087	149	20.0	440.0	271.0	80	8.0	85.0	55.0	0	0	5.238537073135376	60000	3986.345605134964	53906	10.156666666666666	
-2725447.727188316	113.3125	10.0625	139.3625	88.5625	-47.41018069915711	750	1087	183	20	322	194	47	8	85	55	0	0	5.652204751968384	60080	3991.9978098869324	53980	10.153129161118514	
-2712739.0336217247	115.2625	9.405063291139241	126.64556962025317	80.53164556962025	-47.41018069915711	751	1088	138	13.0	334.0	209.0	81	7.0	74.0	48.0	0	0	5.051109790802002	60160	3997.0489196777344	54051	10.154587765957444	
-3137789.5046017193	115.375	9.6875	129.4875	82.6	-47.41018069915711	752	1088	147	18	335	215	83	7	87	56	0	0	5.139462232589722	60240	4002.188381910324	54122	10.156042496679945	
-2787742.1267551417	114.85	9.9	136.4875	86.7625	-47.41018069915711	753	1088	144	20	425	261	86	8	87	56	0	0	5.08639121055603	60320	4007.27477312088	54194	10.155835543766585	
-3000336.7091139155	115.5	9.9875	136.25	86.725	-47.41018069915711	754	1088	143	22	336	213	87	8	91	59	0	0	5.296066522598267	60400	4012.5708396434784	54267	10.153973509933778	
-3050302.7811576724	115.6375	9.89873417721519	136.31645569620252	86.49367088607595	-47.41018069915711	755	1089	161	20.0	309.0	196.0	69	8.0	84.0	54.0	0	0	5.056680202484131	60480	4017.6275198459625	54337	10.157076719576722	
-2950362.1066555576	115.8	9.936708860759493	136.55696202531647	86.77215189873418	-47.41018069915711	756	1090	158	20.0	294.0	188.0	77	8.0	83.0	54.0	0	0	5.513473272323608	60560	4023.140993118286	54410	10.15521796565389	
-2912793.613577511	116.1875	10.168831168831169	138.66233766233765	88.32467532467533	-47.41018069915711	757	1093	189	22.0	355.0	220.0	41	8.0	93.0	60.0	0	0	5.422024250030518	60640	4028.5630173683167	54480	10.158311345646439	
-3025317.6081034606	115.025	9.8375	130.9125	83.55	-47.41018069915711	758	1093	162	22	415	268	48	8	85	55	0	0	5.25349235534668	60720	4033.8165097236633	54552	10.158102766798422	
-3625321.5438474095	114.925	10.050632911392405	134.29113924050634	85.81012658227849	-47.41018069915711	759	1094	195	18.0	365.0	225.0	35	8.0	94.0	61.0	0	0	5.0223259925842285	60800	4038.8388357162476	54622	10.161184210526315	
-2687853.928686071	115.0625	9.7875	126.6125	81.0625	-47.41018069915711	760	1094	154	21	342	218	76	8	87	56	0	0	5.275073766708374	60880	4044.113909482956	54697	10.156044678055181	
-3225312.6492225584	115.3375	9.784810126582279	122.92405063291139	78.58227848101266	-47.41018069915711	761	1095	142	20.0	281.0	171.0	76	8.0	90.0	58.0	0	0	4.918884515762329	60960	4049.0327939987183	54765	10.162401574803141	
-2612761.587900034	115.6875	9.679487179487179	129.96153846153845	82.87179487179488	-47.41018069915711	762	1097	159	20.0	358.0	232.0	71	7.0	82.0	53.0	0	0	5.1980345249176025	61040	4054.230828523636	54837	10.162188728702489	
-3075262.778342505	115.8875	10.012658227848101	134.36708860759492	85.86075949367088	-47.41018069915711	763	1098	167	22.0	319.0	207.0	62	7.0	74.0	48.0	0	0	5.391596078872681	61120	4059.6224246025085	54909	10.161976439790578	
-2650310.244845883	115.775	10.192307692307692	132.84615384615384	85.11538461538461	-47.41018069915711	764	1100	189	20.0	415.0	268.0	32	8.0	93.0	60.0	0	0	5.135419130325317	61200	4064.757843732834	54978	10.166666666666671	
-3450346.3597605466	117.2	9.675	113.5625	73.1125	-47.41018069915711	765	1100	202	21	327	212	72	7	82	53	0	0	4.90233850479126	61280	4069.660182237625	55045	10.17460835509138	
-2925323.0095363157	118.525	9.8625	128.425	81.975	-47.41018069915711	766	1100	159	19	311	192	84	7	82	53	0	0	5.217832326889038	61360	4074.878014564514	55116	10.176010430247715	
-3337781.8205367145	117.925	10.3375	138.3	88.0375	-47.41018069915711	767	1100	159	21	342	216	87	7	82	53	0	0	5.3924314975738525	61440	4080.270446062088	55189	10.174153645833329	
-3200313.53654645	115.6875	10.037974683544304	125.39240506329114	80.41772151898734	-47.41018069915711	768	1101	149	21.0	307.0	196.0	81	8.0	85.0	55.0	0	0	5.213366746902466	61520	4085.4838128089905	55262	10.172301690507155	
-2425365.9438261213	115.65	9.5625	131.8	83.7125	-47.41018069915711	769	1101	158	21	396	242	71	8	88	57	0	0	5.659312725067139	61600	4091.1431255340576	55338	10.16558441558442	
-2937822.1273941034	114.4	9.9125	134.0	85.25	-47.41018069915711	770	1101	148	22	395	250	71	8	84	54	0	0	5.0457844734191895	61680	4096.188910007477	55408	10.168612191958488	
-2987829.7748654983	115.8625	9.975	133.45	84.925	-47.41018069915711	771	1101	172	20	286	184	58	8	85	55	0	0	5.073915719985962	61760	4101.262825727463	55480	10.168393782383419	
-2862806.304928198	115.2875	9.974683544303797	134.126582278481	85.26582278481013	-47.41018069915711	772	1102	183	20.0	291.0	188.0	47	8.0	88.0	57.0	0	0	5.152308464050293	61840	4106.415134191513	55550	10.171410090556279	
-3062809.8242834383	118.0875	9.835443037974683	128.46835443037975	82.0379746835443	-47.41018069915711	773	1103	176	14.0	279.0	174.0	82	8.0	85.0	55.0	0	0	5.229621648788452	61920	4111.6447558403015	55622	10.17118863049096	
-3112792.2350190254	116.2875	9.775	122.3875	78.3125	-47.41018069915711	774	1103	166	20	318	195	77	8	85	55	0	0	4.880897283554077	62000	4116.525653123856	55693	10.17258064516129	
-2987906.0591441602	114.05	9.73076923076923	117.33333333333333	75.43589743589743	-47.41018069915711	775	1105	166	19.0	296.0	190.0	64	7.0	85.0	55.0	0	0	4.215198040008545	62080	4120.740851163864	55760	10.180412371134011	
-2450427.633008135	115.5	10.10126582278481	131.83544303797467	84.27848101265823	-47.41018069915711	776	1106	193	21.0	300.0	194.0	50	8.0	85.0	55.0	0	0	4.849635124206543	62160	4125.590486288071	55829	10.185006435006443	
-2500354.622400354	115.2375	9.962025316455696	132.0126582278481	84.35443037974683	-47.41018069915711	777	1107	166	22.0	397.0	255.0	28	8.0	85.0	55.0	0	0	5.160658836364746	62240	4130.751145124435	55901	10.184768637532144	
-2437933.099986785	115.775	9.935897435897436	123.52564102564102	79.1025641025641	-47.41018069915711	778	1109	193	22.0	297.0	191.0	52	8.0	85.0	55.0	0	0	4.529918432235718	62320	4135.281063556671	55967	10.194159178433893	
-3000420.353269439	118.5	9.91139240506329	133.77215189873417	85.13924050632912	-47.41018069915711	779	1110	166	20.0	308.0	199.0	45	8.0	85.0	55.0	0	0	5.033931255340576	62400	4140.314994812012	56040	10.192307692307693	
-2962949.1324993432	115.325	9.7875	127.5875	81.15	-47.41018069915711	780	1110	166	21	299	190	73	8	88	57	0	0	4.74189829826355	62480	4145.056893110275	56111	10.193661971830977	
-2125364.4858240215	115.6	10.4	145.1375	92.325	-47.41018069915711	781	1110	166	22	383	231	78	8	88	57	0	0	5.073250770568848	62560	4150.130143880844	56183	10.193414322250632	
-1925254.0968043685	113.5125	9.9375	134.7	85.55	-47.41018069915711	782	1110	152	21	369	234	76	8	93	60	0	0	5.145270109176636	62640	4155.275413990021	56256	10.191570881226056	
-2300339.350751238	115.8125	10.3375	140.5625	89.325	-47.41018069915711	783	1110	152	21	346	225	78	8	85	55	0	0	5.477138996124268	62720	4160.752552986145	56329	10.189732142857139	
-2725402.6375005646	117.25	10.025316455696203	133.74683544303798	85.18987341772151	-47.41018069915711	784	1111	160	21.0	481.0	305.0	73	7.0	82.0	53.0	0	0	5.059208154678345	62800	4165.811761140823	56398	10.19426751592357	
-2862787.410343888	116.375	9.886075949367088	131.49367088607596	83.82278481012658	-47.41018069915711	785	1112	227	16.0	319.0	203.0	40	8.0	85.0	55.0	0	0	5.4554078578948975	62880	4171.267168998718	56473	10.189249363867674	
-3087867.1588560278	112.6875	10.179487179487179	142.06410256410257	90.02564102564102	-47.41018069915711	786	1114	151	20.0	304.0	192.0	40	7.0	82.0	53.0	0	0	5.27935528755188	62960	4176.54652428627	56543	10.192185514612447	
-2425342.6738508507	111.75	10.519480519480519	146.01298701298703	92.72727272727273	-47.41018069915711	787	1117	154	25.0	474.0	306.0	26	8.0	85.0	55.0	0	0	5.3223912715911865	63040	4181.868915557861	56615	10.191941624365484	
-2262784.6867850297	114.075	10.265822784810126	140.60759493670886	89.12658227848101	-47.40996830615383	788	1118	178	20.0	311.0	196.0	52	8.0	85.0	55.0	0	0	5.091372013092041	63120	4186.960287570953	56687	10.19169835234473	
-2275257.076400896	114.1375	9.810126582278482	126.0126582278481	80.46835443037975	-47.40996830615383	789	1119	158	21.0	459.0	297.0	70	9.0	85.0	55.0	0	0	5.056697845458984	63200	4192.016985416412	56756	10.196202531645568	
-2437800.4609481385	114.25	10.075949367088608	129.86075949367088	82.81012658227849	-47.40996830615383	790	1120	155	20.0	308.0	192.0	75	8.0	93.0	60.0	0	0	5.0512871742248535	63280	4197.068272590637	56825	10.200695322376745	
-3325327.0843927437	112.9	9.7875	131.175	83.3625	-47.40996830615383	791	1120	158	19	429	259	72	8	85	55	0	0	5.405012369155884	63360	4202.473284959793	56896	10.202020202020208	
-3012763.4436152047	114.4	10.063291139240507	132.46835443037975	84.67088607594937	-47.40996830615383	792	1121	219	21.0	444.0	286.0	41	8.0	85.0	55.0	0	0	5.410038471221924	63440	4207.883323431015	56968	10.201765447667086	
-2975293.836819666	112.75	9.9125	122.25	78.4	-47.40996830615383	793	1121	159	20	289	187	41	8	85	55	0	0	4.71928596496582	63520	4212.602609395981	57038	10.204659949622169	
-2887761.1250830777	114.4	10.151898734177216	135.27848101265823	86.25316455696202	-47.40996830615383	794	1122	160	20.0	294.0	186.0	70	8.0	87.0	56.0	0	0	5.325366497039795	63600	4217.927975893021	57111	10.202830188679243	
-3875220.4905714504	115.9875	10.3	135.1875	86.2875	-47.40996830615383	795	1122	160	19	312	195	75	9	93	60	0	0	5.629858493804932	63680	4223.557834386826	57185	10.199434673366838	
-2950284.4801862636	117.6875	10.45	145.55	92.4625	-47.40996830615383	796	1122	174	21	351	223	75	9	93	60	0	0	5.788187503814697	63760	4229.34602189064	57258	10.19761606022584	
-3037871.4528310956	114.225	10.205128205128204	147.30769230769232	93.51282051282051	-47.40996830615383	797	1124	204	23.0	425.0	275.0	15	8.0	90.0	58.0	0	0	5.667942047119141	63840	4235.013963937759	57332	10.194235588972433	
-3475262.534752067	118.4	10.1625	143.7625	91.225	-47.40996830615383	798	1124	174	21	364	226	78	8	94	61	0	0	5.734162330627441	63920	4240.748126268387	57404	10.193992490613269	
-2775341.7533676154	117.2	10.316455696202532	150.55696202531647	95.15189873417721	-47.40996830615383	799	1125	176	18.0	385.0	241.0	68	8.0	79.0	51.0	0	0	5.718031167984009	64000	4246.466157436371	57477	10.192187500000003	
-2625370.0229945844	113.075	9.6875	129.6875	82.3875	-47.40996830615383	800	1125	183	15	275	170	47	8	85	55	0	0	5.255011558532715	64080	4251.721168994904	57550	10.190387016229721	
-2100392.1328548477	111.225	10.051282051282051	143.85897435897436	91.07692307692308	-47.40996830615383	801	1127	166	16.0	290.0	187.0	43	8.0	87.0	56.0	0	0	5.61797833442688	64160	4257.33914732933	57624	10.187032418952612	
-2637793.028784723	113.75	10.225	145.3875	92.075	-47.40996830615383	802	1127	190	18	258	164	32	8	90	58	0	0	5.8189942836761475	64240	4263.158141613007	57699	10.18212951432129	
-3112825.1171830664	113.1	10.1125	136.1375	86.675	-47.40996830615383	803	1127	163	20	377	241	52	8	85	55	0	0	5.6139466762542725	64320	4268.772088289261	57774	10.177238805970148	
-3162727.479534789	113.5375	10.139240506329115	137.74683544303798	87.68354430379746	-47.40996830615383	804	1128	160	20.0	279.0	180.0	70	8.0	93.0	60.0	0	0	5.4242024421691895	64400	4274.19629073143	57848	10.173913043478251	
-2287852.731012515	114.5125	10.038461538461538	139.32051282051282	88.67948717948718	-47.40996830615383	805	1130	167	19.0	450.0	289.0	48	8.0	87.0	56.0	0	0	5.43309473991394	64480	4279.629385471344	57919	10.175248138957812	
-2662786.141514596	115.8375	10.0	134.68354430379748	85.55696202531645	-47.40996830615383	806	1131	167	22.0	329.0	212.0	63	9.0	85.0	55.0	0	0	5.729232311248779	64560	4285.358617782593	57993	10.171933085501863	
-3587791.402993092	116.95	10.175	138.125	88.2	-47.40996830615383	807	1131	154	24	624	396	76	8	87	56	0	0	6.008345603942871	64640	4291.366963386536	58066	10.170173267326732	
-2662832.357895451	118.1375	10.0875	134.4	85.6625	-47.40996830615383	808	1131	154	21	399	249	70	8	87	56	0	0	11.850131750106812	64720	4303.2170951366425	58138	10.169962917181707	
-2812699.0238219844	114.4625	9.833333333333334	129.74358974358975	82.56410256410257	-47.40996830615383	809	1133	152	20.0	354.0	225.0	66	8.0	79.0	51.0	0	0	7.314216375350952	64800	4310.531311511993	58209	10.17129629629629	
-4150252.079405634	113.5625	10.39240506329114	138.40506329113924	88.37974683544304	-47.40996830615383	810	1134	190	20.0	445.0	283.0	40	8.0	79.0	51.0	0	0	14.022266626358032	64880	4324.553578138351	58282	10.1695437731196	
-3525325.634253399	115.15	10.063291139240507	134.65822784810126	85.89873417721519	-47.40996830615383	811	1135	182	17.0	342.0	207.0	48	8.0	87.0	56.0	0	0	6.7991578578948975	64960	4331.352735996246	58357	10.16471674876847	
-3187777.3799852044	114.3125	10.025	139.9375	88.8625	-47.40996830615383	812	1135	148	19	378	241	87	8	87	56	0	0	5.669744968414307	65040	4337.022480964661	58433	10.158364083640834	
-3312707.2539003864	114.6375	10.328947368421053	140.71052631578948	89.39473684210526	-47.40996830615383	813	1139	200	21.0	296.0	188.0	30	8.0	90.0	58.0	0	0	5.333256483078003	65120	4342.355737447739	58503	10.161240786240782	
-3537793.2817038386	114.4625	10.74025974025974	161.6883116883117	102.0	-47.40996830615383	814	1142	168	22.0	337.0	212.0	58	8.0	85.0	55.0	0	0	5.661532163619995	65200	4348.017269611359	58574	10.16257668711657	
-3075269.377909402	119.35	10.151898734177216	143.40506329113924	90.9367088607595	-47.40996830615383	815	1143	168	20.0	337.0	212.0	74	8.0	85.0	55.0	0	0	5.497072696685791	65280	4353.514342308044	58645	10.163909313725497	
-2600383.4621298388	127.3625	9.96103896103896	148.53246753246754	93.9090909090909	-47.40996830615383	816	1146	205	18.0	342.0	216.0	25	7.0	82.0	53.0	0	0	5.58400297164917	65360	4359.098345279694	58717	10.16370869033048	
-2900339.1513604256	133.2125	9.975	143.575	90.8375	-47.40996830615383	817	1146	211	15	342	209	80	8	93	60	0	0	5.720024108886719	65440	4364.81836938858	58787	10.166564792176032	
-3300315.044027474	126.7125	10.076923076923077	138.19230769230768	87.73076923076923	-47.40996830615383	818	1148	259	21.0	331.0	206.0	24	8.0	87.0	56.0	0	0	5.593845844268799	65520	4370.412215232849	58859	10.166361416361411	
-3512760.355877766	119.5625	10.227848101265822	144.26582278481013	91.62025316455696	-47.40996830615383	819	1149	189	18.0	440.0	282.0	74	7.0	74.0	48.0	0	0	5.725505352020264	65600	4376.137720584869	58931	10.166158536585371	
-3675301.848542057	113.325	10.402597402597403	147.7012987012987	94.0	-47.405749215203784	820	1152	199	18.0	470.0	296.0	14	8.0	93.0	60.0	0	0	5.5437681674957275	65680	4381.681488752365	59000	10.170523751522538	
-3325296.956285391	110.575	9.8	128.1	81.8125	-47.405749215203784	821	1152	160	21	416	257	31	7	82	53	0	0	5.480637788772583	65760	4387.162126541138	59073	10.168795620437947	
-3337869.2192978254	111.975	10.379746835443038	151.51898734177215	96.0379746835443	-47.405749215203784	822	1153	155	22.0	435.0	272.0	63	8.0	83.0	54.0	0	0	5.788395643234253	65840	4392.950522184372	59145	10.168590522478738	
-3112787.959626827	110.975	10.08974358974359	138.52564102564102	87.92307692307692	-47.405749215203784	823	1155	186	22.0	369.0	231.0	44	8.0	87.0	56.0	0	0	5.767481565475464	65920	4398.718003749847	59216	10.169902912621367	
-3037835.8420540057	113.7	9.897435897435898	136.5	86.85897435897436	-47.405749215203784	824	1157	186	22.0	330.0	212.0	59	8.0	93.0	60.0	0	0	5.670619964599609	66000	4404.388623714447	59287	10.171212121212122	
-2287833.4891019044	116.0	9.379746835443038	117.54430379746836	75.15189873417721	-47.405749215203784	825	1158	186	13.0	265.0	165.0	81	8.0	85.0	55.0	0	0	5.108433485031128	66080	4409.497057199478	59357	10.174031476997584	
-3500232.470478839	117.025	9.65	124.55	79.4375	-47.405749215203784	826	1158	152	15	294	181	78	8	85	55	0	0	4.999390363693237	66160	4414.496447563171	59428	10.175332527206777	
-3250270.1956442716	115.55	10.25	136.725	87.4375	-47.405749215203784	827	1158	213	21	422	273	46	8	85	55	0	0	8.025732040405273	66240	4422.522179603577	59503	10.170591787439605	
-2975259.1126028663	114.075	10.1625	131.0125	83.675	-47.405749215203784	828	1158	149	20	346	208	85	8	85	55	0	0	5.425330638885498	66320	4427.947510242462	59578	10.16586248492159	
-3537739.100869139	115.1875	10.164556962025317	138.0126582278481	88.0126582278481	-47.405749215203784	829	1159	208	18.0	439.0	275.0	43	7.0	85.0	55.0	0	0	5.482814788818359	66400	4433.4303250312805	59652	10.162650602409641	
-2825376.2798574604	116.9875	10.025641025641026	140.28205128205127	89.14102564102564	-47.405749215203784	830	1161	178	22.0	533.0	330.0	43	7.0	79.0	51.0	0	0	5.010262489318848	66480	4438.440587520599	59717	10.172984356197361	
-2925260.83284488	117.5625	9.625	125.9375	80.0875	-47.405749215203784	831	1161	172	14	277	174	58	8	85	55	0	0	5.129361629486084	66560	4443.569949150085	59787	10.17578125	
-2362790.3689068076	117.4125	10.291139240506329	149.2405063291139	94.39240506329114	-47.405749215203784	832	1162	199	22.0	386.0	246.0	57	8.0	85.0	55.0	0	0	5.6840057373046875	66640	4449.25395488739	59859	10.175570228091232	
-2937835.371742598	117.475	10.512820512820513	150.60256410256412	95.28205128205128	-47.405749215203784	833	1164	203	21.0	293.0	187.0	40	8.0	90.0	58.0	0	0	5.587524652481079	66720	4454.841479539871	59930	10.176858513189444	
-2950342.121123125	119.1375	10.10126582278481	138.60759493670886	88.0886075949367	-47.38202569095492	834	1165	205	22.0	348.0	224.0	25	8.0	82.0	53.0	0	0	5.400969982147217	66800	4460.242449522018	60001	10.178143712574851	
-3525346.675776419	120.35	10.475	149.2125	94.925	-47.38202569095492	835	1165	205	24	415	268	45	8	87	56	0	0	5.710528612136841	66880	4465.952978134155	60076	10.173444976076553	
-2737906.4612209634	116.75	10.337662337662337	145.62337662337663	92.46753246753246	-47.38202569095492	836	1168	173	21.0	355.0	224.0	84	8.0	90.0	58.0	0	0	5.584305286407471	66960	4471.537283420563	60149	10.171744324970135	
-3050277.4548486816	114.15	10.151898734177216	144.62025316455697	91.58227848101266	-47.38202569095492	837	1169	173	24.0	404.0	250.0	79	8.0	90.0	58.0	0	0	5.834878921508789	67040	4477.3721623420715	60222	10.1700477326969	
-3675259.789195919	114.7875	10.625	154.3	97.825	-47.38202569095492	838	1169	176	22	449	282	54	7	74	48	0	0	5.618593692779541	67120	4482.990756034851	60294	10.169845053635285	
-3462832.9057894005	115.15	10.175	136.25	86.7875	-47.38202569095492	839	1169	194	20	396	250	33	7	74	48	0	0	5.358147859573364	67200	4488.348903894424	60365	10.171130952380963	
-3337846.7322314857	115.05	10.518987341772151	143.54430379746836	91.51898734177215	-47.38202569095492	840	1170	142	22.0	352.0	228.0	88	8.0	87.0	56.0	0	0	5.541939973831177	67280	4493.890843868256	60439	10.167954815695595	
-3862824.7754116715	113.725	10.974683544303797	159.83544303797467	101.48101265822785	-47.38202569095492	841	1171	193	23.0	426.0	263.0	37	7.0	74.0	48.0	0	0	5.676083326339722	67360	4499.566927194595	60512	10.166270783847992	
-3112734.8337070895	114.6875	10.38961038961039	147.8181818181818	93.83116883116882	-47.38202569095492	842	1174	185	21.0	346.0	211.0	45	8.0	93.0	60.0	0	0	5.102912664413452	67440	4504.669839859009	60584	10.166073546856467	
-3250331.2693867134	113.025	10.782051282051283	160.94871794871796	101.6025641025641	-47.38202569095492	843	1176	177	23.0	519.0	312.0	53	8.0	85.0	55.0	0	0	5.514962196350098	67520	4510.184802055359	60656	10.165876777251185	
-3450309.4952952997	112.175	10.333333333333334	145.28205128205127	92.37179487179488	-47.38202569095492	844	1178	164	21.0	352.0	222.0	56	8.0	85.0	55.0	0	0	5.318721294403076	67600	4515.503523349762	60729	10.164201183431956	
-3387775.400730918	113.55	10.556962025316455	145.68354430379748	92.70886075949367	-47.38202569095492	845	1179	149	26.0	614.0	396.0	66	8.0	85.0	55.0	0	0	5.525436162948608	67680	4521.028959512711	60801	10.164007092198574	
-3300243.8398280432	114.5625	9.936708860759493	134.9493670886076	85.89873417721519	-47.38202569095492	846	1180	142	22.0	432.0	271.0	88	7.0	74.0	48.0	0	0	5.484882354736328	67760	4526.513841867447	60875	10.160861865407327	
-1987927.0725618885	115.575	10.346153846153847	139.06410256410257	88.33333333333333	-47.38202569095492	847	1182	170	20.0	342.0	212.0	60	8.0	90.0	58.0	0	0	5.842535734176636	67840	4532.3563776016235	60947	10.16067216981132	
-3537911.9677406056	114.2125	10.653846153846153	156.1153846153846	98.88461538461539	-47.38202569095492	848	1184	155	22.0	369.0	233.0	69	8.0	93.0	60.0	0	0	6.183550596237183	67920	4538.539928197861	61020	10.159010600706708	
-3025334.3992691203	115.95	10.5375	149.2375	94.55	-47.38202569095492	849	1184	145	22	386	246	85	8	93	60	0	0	6.045064687728882	68000	4544.58499288559	61093	10.15735294117647	
-2700308.6743152593	115.4	10.30379746835443	154.9493670886076	97.9493670886076	-47.38202569095492	850	1185	203	24.0	428.0	272.0	21	7.0	82.0	53.0	0	0	6.43860125541687	68080	4551.0235941410065	61168	10.152761457109278	
-2762843.0101644704	112.0375	9.936708860759493	134.84810126582278	85.45569620253164	-47.37111559005175	851	1186	162	15.0	256.0	158.0	68	8.0	93.0	60.0	0	0	5.876837253570557	68160	4556.900431394577	61240	10.152582159624416	
-2487815.4438311225	112.025	10.10126582278481	140.0506329113924	88.9493670886076	-47.37111559005175	852	1187	160	20.0	451.0	292.0	42	8.0	85.0	55.0	0	0	5.575074672698975	68240	4562.475506067276	61312	10.152403282532248	
-2400258.9041579766	112.375	10.076923076923077	135.62820512820514	86.07692307692308	-47.37111559005175	853	1189	200	22.0	479.0	299.0	35	7.0	74.0	48.0	0	0	5.688770771026611	68320	4568.164276838303	61383	10.153688524590166	
-2350285.35880579	111.3875	9.675324675324676	127.49350649350649	81.32467532467533	-47.37111559005175	854	1192	222	20.0	266.0	171.0	8	8.0	88.0	57.0	0	0	4.980090856552124	68400	4573.144367694855	61450	10.160818713450297	
-3550368.019449327	113.2375	10.3625	135.85	86.7375	-47.37111559005175	855	1192	170	23	372	240	57	8	80	52	0	0	5.750085115432739	68480	4578.8944528102875	61523	10.159170560747668	
-2825283.385215218	114.625	10.25	133.475	85.0875	-47.37111559005175	856	1192	128	21	302	193	101	8	85	55	0	0	5.434861183166504	68560	4584.329313993454	61594	10.160443407234538	
-3137833.5855897865	114.95	10.2125	134.2875	85.475	-47.37111559005175	857	1192	164	21	406	257	66	8	79	51	0	0	5.56745719909668	68640	4589.896771192551	61668	10.157342657342667	
-2837721.0471029496	114.9125	10.9125	154.0375	97.9	-47.37111559005175	858	1192	175	22	425	273	55	8	85	55	0	0	6.140719890594482	68720	4596.037491083145	61743	10.15279394644935	
-3412796.932582921	115.4625	9.974358974358974	134.97435897435898	86.02564102564102	-47.37111559005175	859	1194	182	20.0	306.0	193.0	48	8.0	85.0	55.0	0	0	5.780382871627808	68800	4601.817873954773	61816	10.151162790697683	
-2750291.952869496	114.6375	9.924050632911392	136.83544303797467	86.92405063291139	-47.37111559005175	860	1195	153	19.0	379.0	236.0	63	8.0	88.0	57.0	0	0	5.703874111175537	68880	4607.5217480659485	61890	10.148083623693381	
-3025399.6802738807	114.9875	10.1375	138.475	88.0625	-47.37111559005175	861	1195	162	21	414	262	68	7	82	53	0	0	5.894718170166016	68960	4613.4164662361145	61965	10.143561484918791	
-3675372.5399588645	115.475	10.1125	142.875	90.9875	-47.37111559005175	862	1195	157	19	512	314	79	8	93	60	0	0	5.929210662841797	69040	4619.345676898956	62040	10.139049826187716	
-3075372.0583138457	115.4	10.025	137.275	87.2125	-47.37111559005175	863	1195	183	20	300	191	51	7	82	53	0	0	5.8393471240997314	69120	4625.185024023056	62114	10.135995370370367	
-2762791.25425963	113.55	10.0	137.97402597402598	87.46753246753246	-47.37111559005175	864	1198	195	14.0	277.0	170.0	35	8.0	91.0	59.0	0	0	5.597397804260254	69200	4630.782421827316	62184	10.138728323699425	
-3275318.2906463877	115.5125	10.075	140.575	89.0625	-47.37111559005175	865	1198	162	20	294	183	68	7	74	48	0	0	5.5040130615234375	69280	4636.28643488884	62258	10.13568129330254	
-3500319.292778656	113.95	10.126582278481013	143.1772151898734	91.15189873417721	-47.37111559005175	866	1199	148	20.0	337.0	212.0	82	7.0	74.0	48.0	0	0	5.787239074707031	69360	4642.073673963547	62332	10.132641291810842	
-3112819.232273194	114.625	10.210526315789474	142.48684210526315	90.57894736842105	-47.37111559005175	867	1203	190	20.0	364.0	223.0	38	7.0	74.0	48.0	0	0	5.446624994277954	69440	4647.520298957825	62403	10.13392857142857	
-3637757.3429687964	114.9625	10.08974358974359	147.1153846153846	93.33333333333333	-47.37111559005175	868	1205	204	19.0	332.0	212.0	26	8.0	93.0	60.0	0	0	5.944781303405762	69520	4653.4650802612305	62477	10.130897583429231	
-2825413.740353552	115.225	10.215189873417721	151.55696202531647	95.9620253164557	-47.37111559005175	869	1206	195	18.0	419.0	257.0	35	7.0	74.0	48.0	0	0	6.500082015991211	69600	4659.965162277222	62551	10.127873563218387	
-2887861.295992309	109.425	10.064935064935066	144.2207792207792	91.41558441558442	-47.37111559005175	870	1209	146	21.0	344.0	218.0	35	8.0	88.0	57.0	0	0	9.926108360290527	69680	4669.891270637512	62623	10.127726750861072	
-3125292.2989213616	106.9125	10.371794871794872	149.78205128205127	95.03846153846153	-47.37111559005175	871	1211	205	21.0	415.0	265.0	35	7.0	74.0	48.0	0	0	12.941794395446777	69760	4682.833065032959	62694	10.129013761467888	
-2875276.5669855946	113.35	9.64935064935065	130.07792207792207	82.7012987012987	-47.37111559005175	872	1214	182	13.0	288.0	186.0	35	8.0	90.0	58.0	0	0	4.957504034042358	69840	4687.790569067001	62762	10.134593356242831	
-2937737.7213422894	115.1	10.151898734177216	142.63291139240508	90.44303797468355	-47.37111559005175	873	1215	182	25.0	434.0	279.0	35	8.0	79.0	51.0	0	0	5.876107215881348	69920	4693.666676282883	62833	10.13586956521739	
-3412786.415694372	114.275	10.294871794871796	143.78205128205127	91.28205128205128	-47.37111559005175	874	1217	181	20.0	318.0	202.0	49	8.0	87.0	56.0	0	0	5.704071760177612	70000	4699.37074804306	62906	10.134285714285724	
-3525251.4761458104	116.3	10.582278481012658	148.1139240506329	94.18987341772151	-47.37111559005175	875	1218	185	23.0	361.0	232.0	45	8.0	85.0	55.0	0	0	5.783775329589844	70080	4705.15452337265	62979	10.132705479452056	
-3225264.721783162	114.3	9.871794871794872	140.26923076923077	88.73076923076923	-47.37111559005175	876	1220	174	18.0	426.0	257.0	30	8.0	85.0	55.0	0	0	5.606957912445068	70160	4710.761481285095	63049	10.135404789053595	
-3000305.6374206743	114.1375	10.3375	146.55	93.0375	-47.37111559005175	877	1220	193	20	461	292	37	8	87	56	0	0	5.612043619155884	70240	4716.373524904251	63122	10.13382687927107	
-2787839.27877987	112.65	10.354430379746836	156.91139240506328	98.9746835443038	-47.37111559005175	878	1221	162	20.0	341.0	206.0	38	8.0	79.0	51.0	0	0	5.771747350692749	70320	4722.145272254944	63197	10.129408418657576	
-2962769.2769947653	113.8625	10.151898734177216	138.63291139240508	88.12658227848101	-47.37111559005175	879	1222	225	23.0	425.0	270.0	5	8.0	85.0	55.0	0	0	5.5946946144104	70400	4727.739966869354	63272	10.125	
-3300258.940488785	116.8375	10.215189873417721	151.27848101265823	95.69620253164557	-47.37111559005175	880	1223	210	22.0	408.0	257.0	20	8.0	79.0	51.0	0	0	5.345201253890991	70480	4733.085168123245	63344	10.124858115777528	
-3550216.085540543	118.5875	10.0125	145.725	92.725	-47.37111559005175	881	1223	210	24	655	426	15	8	85	55	0	0	5.134791851043701	70560	4738.219959974289	63417	10.123299319727892	
-3012721.5678905314	114.3375	10.346153846153847	147.44871794871796	93.48717948717949	-47.37111559005175	882	1225	220	26.0	444.0	284.0	10	8.0	79.0	51.0	0	0	5.064991235733032	70640	4743.284951210022	63486	10.12740656851642	
-2562767.6591522493	114.75	9.886075949367088	140.72151898734177	89.27848101265823	-47.37111559005175	883	1226	177	23.0	454.0	291.0	53	8.0	87.0	56.0	0	0	5.18440055847168	70720	4748.469351768494	63558	10.127262443438909	
-3612763.5330094052	115.475	10.0	144.5974025974026	91.64935064935065	-47.37111559005175	884	1229	172	17.0	352.0	212.0	62	8.0	80.0	52.0	0	0	5.368598937988281	70800	4753.837950706482	63630	10.127118644067806	
-3112773.769304914	111.6125	9.743589743589743	135.23076923076923	85.94871794871794	-47.37111559005175	885	1231	196	19.0	285.0	177.0	37	8.0	85.0	55.0	0	0	4.938083171844482	70880	4758.776033878326	63701	10.128386004514681	
-2262804.7458491735	114.1875	10.1125	137.2625	87.525	-47.37111559005175	886	1231	154	22	433	276	58	7	74	48	0	0	5.230525493621826	70960	4764.006559371948	63772	10.129650507328066	
-2475265.76289296	115.5375	10.064102564102564	140.26923076923077	88.8076923076923	-47.37111559005175	887	1233	171	21.0	313.0	192.0	59	8.0	87.0	56.0	0	0	5.288772821426392	71040	4769.295332193375	63842	10.132319819819827	
-3462756.794799576	116.6	10.430379746835444	147.79746835443038	93.63291139240506	-47.37111559005175	888	1234	168	23.0	347.0	225.0	48	8.0	87.0	56.0	0	0	6.062960624694824	71120	4775.3582928180695	63917	10.127952755905511	
-3112756.7773034824	117.375	10.012658227848101	139.63291139240508	88.63291139240506	-47.37111559005175	889	1235	188	17.0	338.0	216.0	42	7.0	82.0	53.0	0	0	5.488560914993286	71200	4780.846853733063	63990	10.12640449438203	
-2012863.197931686	116.975	9.6375	127.2	80.9625	-47.37111559005175	890	1235	181	16	250	152	62	8	87	56	0	0	5.197642087936401	71280	4786.044495820999	64062	10.12626262626263	
-2600398.696863101	116.3875	9.949367088607595	132.62025316455697	84.63291139240506	-47.37111559005175	891	1236	187	20.0	319.0	207.0	63	8.0	87.0	56.0	0	0	5.525984048843384	71360	4791.5704798698425	64132	10.128923766816143	
-3300393.083561286	116.425	10.126582278481013	141.126582278481	89.79746835443038	-47.37111559005175	892	1237	158	21.0	351.0	218.0	72	8.0	85.0	55.0	0	0	5.849862337112427	71440	4797.420342206955	64207	10.124580067189243	
-2287780.348228473	119.3875	9.91139240506329	151.2405063291139	95.48101265822785	-47.37111559005175	893	1238	187	18.0	348.0	218.0	43	8.0	88.0	57.0	0	0	5.883402109146118	71520	4803.303744316101	64279	10.124440715883665	
-3312676.8548648376	117.45	10.125	137.9375	87.7	-47.37111559005175	894	1238	194	20	327	204	73	8	87	56	0	0	5.651440858840942	71600	4808.955185174942	64354	10.12011173184358	
-2700324.938075127	116.65	10.3	148.0625	93.725	-47.37111559005175	895	1238	157	24	420	268	82	8	93	60	0	0	5.761316299438477	71680	4814.7165014743805	64429	10.115792410714292	
-2850387.7328982647	115.0	10.0125	139.0875	88.2125	-47.37111559005175	896	1238	177	20	382	230	53	8	88	57	0	0	5.546739101409912	71760	4820.26324057579	64502	10.114269788182824	
-3587752.289591254	114.325	9.975	136.1375	86.5875	-47.37111559005175	897	1238	147	20	419	262	77	8	85	55	0	0	5.268570899963379	71840	4825.531811475754	64574	10.1141425389755	
-2525294.028862948	112.675	10.807692307692308	148.85897435897436	94.53846153846153	-47.37111559005175	898	1240	167	22.0	359.0	218.0	49	8.0	85.0	55.0	0	0	5.5794312953948975	71920	4831.111242771149	64644	10.116796440489424	
-3200289.839531639	114.975	9.85	132.275	84.0875	-47.37111559005175	899	1240	151	21	368	232	79	8	88	57	0	0	5.556700229644775	72000	4836.6679430007935	64717	10.115277777777777	
-2787778.42964168	115.4125	9.810126582278482	123.78481012658227	79.25316455696202	-47.37111559005175	900	1241	171	20.0	276.0	177.0	80	8.0	91.0	59.0	0	0	5.245330572128296	72080	4841.913273572922	64790	10.113762486126518	
-3387735.8808045713	114.9875	10.1125	136.4375	86.825	-47.37111559005175	901	1241	168	19	278	180	62	8	91	59	0	0	5.187917470932007	72160	4847.101191043854	64859	10.117793791574286	
-3175383.3962835222	115.4625	10.35897435897436	145.03846153846155	92.06410256410257	-47.37111559005175	902	1243	156	21.0	315.0	192.0	74	8.0	93.0	60.0	0	0	5.676637887954712	72240	4852.7778289318085	64930	10.11904761904762	
-3737706.8659047694	116.45	10.075949367088608	142.08860759493672	90.07594936708861	-47.37111559005175	903	1244	185	21.0	368.0	231.0	45	8.0	85.0	55.0	0	0	5.273470401763916	72320	4858.051299333572	65000	10.121681415929203	
-2625233.445198761	117.3625	10.35	141.475	90.0875	-47.37111559005175	904	1244	164	22	420	266	84	8	93	60	0	0	5.511668920516968	72400	4863.562968254089	65071	10.122928176795583	
-2475352.044384091	115.4	9.8125	139.3875	88.4875	-47.37111559005175	905	1244	156	20	414	261	97	8	87	56	0	0	5.464082956314087	72480	4869.027051210403	65144	10.12141280353201	
-2887743.3764046887	113.7	10.063291139240507	137.72151898734177	87.46835443037975	-47.37111559005175	906	1245	142	23.0	374.0	231.0	88	8.0	80.0	52.0	0	0	5.623751163482666	72560	4874.650802373886	65214	10.124035281146632	
-2650450.070118412	113.9625	9.831168831168831	128.5974025974026	82.0909090909091	-47.37111559005175	907	1248	200	26.0	432.0	278.0	38	8.0	85.0	55.0	0	0	5.552708864212036	72640	4880.203511238098	65285	10.125275330396477	
-2800371.0962590044	112.625	9.936708860759493	136.59493670886076	87.07594936708861	-47.37111559005175	908	1249	150	20.0	404.0	255.0	80	8.0	87.0	56.0	0	0	5.540685176849365	72720	4885.7441964149475	65356	10.12651265126513	
-2800233.12680965	115.8375	10.0	133.1125	84.8875	-47.37111559005175	909	1249	150	22	370	236	97	7	82	53	0	0	5.13835072517395	72800	4890.8825471401215	65423	10.133241758241766	
-3000454.969223863	114.65	9.95	138.3875	87.675	-47.37111559005175	910	1249	132	15	327	206	97	8	91	59	0	0	5.637696743011475	72880	4896.520243883133	65495	10.133095499451144	
-3150337.911030094	114.65	10.342105263157896	146.18421052631578	93.11842105263158	-47.37111559005175	911	1253	221	20.0	449.0	289.0	7	8.0	93.0	60.0	0	0	5.424612760543823	72960	4901.944856643677	65565	10.135690789473685	
-2637831.5630551036	114.65	10.425	144.6125	91.85	-47.37111559005175	912	1253	253	20	495	316	46	8	88	57	0	0	5.508983850479126	73040	4907.453840494156	65637	10.13554216867469	
-2900365.931041725	116.9875	9.512820512820513	126.71794871794872	80.66666666666667	-47.37111559005175	913	1255	305	14.0	289.0	177.0	21	7.0	74.0	48.0	0	0	5.166669130325317	73120	4912.620509624481	65707	10.138129102844644	
-4012695.0790312598	115.675	10.075	135.925	86.35	-47.37111559005175	914	1255	158	22	406	258	86	8	85	55	0	0	5.284605503082275	73200	4917.9051151275635	65778	10.139344262295083	
-3150256.0501492326	116.1125	10.113924050632912	140.73417721518987	89.30379746835443	-47.37111559005175	915	1256	212	18.0	428.0	270.0	18	8.0	79.0	51.0	0	0	5.645940065383911	73280	4923.551055192947	65851	10.137827510917035	
-3412750.1812982843	115.0	10.25	140.125	89.0875	-47.37111559005175	916	1256	179	22	350	227	51	8	86	56	0	0	5.446601390838623	73360	4928.997656583786	65921	10.140403489640121	
-2500346.123200945	115.2875	9.949367088607595	133.72151898734177	85.0632911392405	-47.37111559005175	917	1257	211	22.0	325.0	208.0	15	8.0	93.0	60.0	0	0	5.360754013061523	73440	4934.3584105968475	65993	10.140250544662308	
-3275229.043304892	117.5125	9.9125	134.725	85.7625	-47.37111559005175	918	1257	163	18	428	270	95	8	85	55	0	0	5.082067966461182	73520	4939.440478563309	66063	10.142818280739931	
-3487748.5657111304	114.9	10.1875	134.7375	85.9375	-47.37111559005175	919	1257	158	26	435	274	72	8	85	55	0	0	5.4394330978393555	73600	4944.879911661148	66135	10.142663043478265	
-2625397.9337691814	114.9625	9.645569620253164	133.8987341772152	85.25316455696202	-47.37111559005175	920	1258	156	18.0	355.0	224.0	74	8.0	93.0	60.0	0	0	5.3544533252716064	73680	4950.23436498642	66203	10.147937024972848	
-2737871.879512503	114.2625	9.615384615384615	127.93589743589743	81.64102564102564	-47.37111559005175	921	1260	168	15.0	348.0	217.0	43	8.0	85.0	55.0	0	0	5.08948016166687	73760	4955.323845148087	66272	10.151843817787423	
-3812723.6985926502	114.5125	10.721518987341772	146.54430379746836	93.44303797468355	-47.37111559005175	922	1261	149	22.0	329.0	207.0	43	8.0	85.0	55.0	0	0	5.545000076293945	73840	4960.8688452243805	66342	10.154387865655465	
-2937762.1365122474	114.9875	10.291139240506329	145.8987341772152	92.50632911392405	-47.37111559005175	923	1262	169	22.0	506.0	327.0	61	8.0	93.0	60.0	0	0	5.814408302307129	73920	4966.683253526688	66416	10.151515151515156	
-2900261.9781583464	116.3625	10.1625	150.15	94.9125	-47.37111559005175	924	1262	169	21	287	184	76	8	88	57	0	0	5.845342636108398	74000	4972.528596162796	66489	10.150000000000006	
-3375248.058330162	116.75	10.1	135.1875	85.8125	-47.37111559005175	925	1262	191	21	306	193	37	8	85	55	0	0	5.677765846252441	74080	4978.2063620090485	66560	10.1511879049676	
-3362861.7582630357	116.15	9.975	135.15	85.675	-47.37111559005175	926	1262	191	22	329	210	42	8	85	55	0	0	5.456092834472656	74160	4983.662454843521	66630	10.153721682847888	
-3075361.196598056	115.2875	9.810126582278482	132.59493670886076	84.39240506329114	-47.37111559005175	927	1263	205	22.0	475.0	306.0	42	7.0	85.0	55.0	0	0	5.116225719451904	74240	4988.778680562973	66702	10.153556034482762	
-2837933.810897173	114.6125	9.961538461538462	146.26923076923077	92.46153846153847	-47.37111559005175	928	1265	202	21.0	394.0	250.0	42	7.0	79.0	51.0	0	0	5.474863052368164	74320	4994.253543615341	66775	10.152045209903122	
-3125283.9158112155	117.075	10.417721518987342	149.9493670886076	95.0632911392405	-47.37111559005175	929	1266	202	21.0	373.0	233.0	20	8.0	85.0	55.0	0	0	5.120508909225464	74400	4999.374052524567	66843	10.157258064516128	
-2738010.965101461	116.575	9.55	123.6875	78.7375	-47.37111559005175	930	1266	202	19	372	230	82	8	85	55	0	0	4.9856932163238525	74480	5004.3597457408905	66911	10.162459720730396	
-3600244.0482960055	114.0125	9.658227848101266	130.9873417721519	83.29113924050633	-47.37111559005175	931	1267	160	22.0	307.0	196.0	70	7.0	74.0	48.0	0	0	5.510629653930664	74560	5009.870375394821	66983	10.16228540772532	
-2775240.333126071	115.1625	10.164556962025317	144.21518987341773	91.31645569620254	-47.37111559005175	932	1268	154	20.0	294.0	184.0	78	8.0	87.0	56.0	0	0	5.460790157318115	74640	5015.331165552139	67052	10.166130760986064	
-2575244.093625779	114.275	9.8	134.25	85.1	-47.37111559005175	933	1268	160	20	372	235	76	8	87	56	0	0	5.135419607162476	74720	5020.466585159302	67120	10.171306209850101	
-2562774.528693177	113.7	10.125	140.0875	88.95	-47.37111559005175	934	1268	151	22	448	285	64	8	93	60	0	0	5.548852443695068	74800	5026.015437602997	67192	10.171122994652407	
-3012750.381727389	115.2375	10.240506329113924	146.46835443037975	92.69620253164557	-47.37111559005175	935	1269	204	19.0	421.0	268.0	26	8.0	93.0	60.0	0	0	5.708992958068848	74880	5031.724430561066	67265	10.169604700854705	
-3325320.6486562244	115.225	10.0375	136.75	86.95	-47.37111559005175	936	1269	197	22	397	255	33	7	79	51	0	0	5.190089464187622	74960	5036.914520025253	67337	10.169423692636073	
-3262793.3119012774	114.4125	10.0875	150.9	94.85	-47.37111559005175	937	1269	147	16	285	174	83	7	82	53	0	0	6.158676385879517	75040	5043.073196411133	67413	10.163912579957355	
-3562768.3992104875	114.4875	10.291139240506329	153.48101265822785	96.89873417721519	-47.37111559005175	938	1270	165	22.0	330.0	209.0	67	8.0	93.0	60.0	0	0	5.7969982624053955	75120	5048.870194673538	67487	10.16107561235357	
-2287714.3481861055	116.3	10.08860759493671	149.35443037974684	94.26582278481013	-47.37111559005175	939	1271	188	18.0	417.0	270.0	42	8.0	85.0	55.0	0	0	5.664443492889404	75200	5054.534638166428	67556	10.164893617021278	
-3075313.991951415	115.6375	10.49367088607595	147.873417721519	94.0	-47.37111559005175	940	1272	156	21.0	461.0	293.0	74	8.0	87.0	56.0	0	0	5.575916528701782	75280	5060.110554695129	67629	10.163390010626998	
-2888004.1094633364	116.3	9.925	134.2625	85.4875	-47.37111559005175	941	1272	162	19	359	223	68	8	93	60	0	0	5.715150594711304	75360	5065.825705289841	67704	10.159235668789819	
-2900332.1323854784	114.6375	9.721518987341772	133.126582278481	84.73417721518987	-47.37111559005175	942	1273	168	21.0	350.0	218.0	43	8.0	85.0	55.0	0	0	5.421821594238281	75440	5071.247526884079	67776	10.159066808059379	
-3150323.02406141	116.175	9.6875	129.2875	82.425	-47.37111559005175	943	1273	230	21	333	212	47	8	85	55	0	0	5.553027868270874	75520	5076.80055475235	67849	10.157574152542367	
-2737813.8854984827	113.475	9.670886075949367	132.64556962025316	84.35443037974683	-47.37111559005175	944	1274	176	20.0	488.0	308.0	69	8.0	85.0	55.0	0	0	5.306854486465454	75600	5082.107409238815	67918	10.161375661375658	
-3475262.8272373094	115.425	10.5375	152.0125	96.5	-47.37111559005175	945	1274	190	22	436	282	40	8	85	55	0	0	5.7830634117126465	75680	5087.890472650528	67989	10.162526427061309	
-3275340.1837129192	115.725	10.075	133.85	85.375	-47.37111559005175	946	1274	172	22	360	232	79	8	85	55	0	0	5.537209510803223	75760	5093.427682161331	68061	10.162354804646256	
-3175282.7390519297	117.2125	9.6625	134.2	85.0875	-47.37111559005175	947	1274	151	21	286	185	99	8	85	55	0	0	5.349453449249268	75840	5098.77713561058	68131	10.164820675105489	
-3175507.951102513	115.7375	9.835443037974683	126.63291139240506	80.75949367088607	-47.37111559005175	948	1275	158	20.0	315.0	196.0	72	7.0	82.0	53.0	0	0	5.57218599319458	75920	5104.349321603775	68204	10.163329820864064	
-3225288.968528094	116.8375	9.69620253164557	125.9873417721519	80.54430379746836	-47.37111559005175	949	1276	173	14.0	279.0	176.0	42	8.0	93.0	60.0	0	0	5.057688474655151	76000	5109.40701007843	68274	10.1657894736842	
-3100241.4346541613	114.7375	9.91139240506329	138.0	87.51898734177215	-47.37111559005175	950	1277	161	21.0	307.0	195.0	65	8.0	85.0	55.0	0	0	5.776477813720703	76080	5115.183487892151	68348	10.162986330178754	
-3012784.5028350493	115.225	10.2625	136.9875	87.2625	-47.37111559005175	951	1277	174	22	336	218	90	7	82	53	0	0	5.163027763366699	76160	5120.346515655518	68420	10.162815126050418	
-2800298.754364555	114.4625	10.115384615384615	141.55128205128204	89.52564102564102	-47.37111559005175	952	1279	137	20.0	427.0	265.0	93	7.0	79.0	51.0	0	0	5.582200050354004	76240	5125.928715705872	68490	10.16526757607555	
-3275446.2314739064	115.6875	10.15	135.4125	86.275	-47.37111559005175	953	1279	149	22	336	218	87	8	85	55	0	0	5.6328511238098145	76320	5131.561566829681	68562	10.165094339622641	
-2637825.733497566	116.3875	9.75	129.8375	82.625	-47.37111559005175	954	1279	157	20	303	193	73	8	83	54	0	0	5.084085464477539	76400	5136.645652294159	68634	10.16492146596859	
-1912780.515883422	115.725	10.063291139240507	133.20253164556962	84.79746835443038	-47.37111559005175	955	1280	156	21.0	315.0	197.0	74	8.0	85.0	55.0	0	0	5.281432867050171	76480	5141.927085161209	68707	10.163441422594147	
-3062812.6941683316	116.0875	10.375	143.6375	91.2625	-47.37111559005175	956	1280	136	21	317	200	111	8	85	55	0	0	5.06422233581543	76560	5146.9913074970245	68775	10.168495297805649	
-2550461.9505579704	115.5625	9.7375	129.9875	82.6625	-47.37111559005175	957	1280	165	21	311	197	75	7	74	48	0	0	5.237939357757568	76640	5152.229246854782	68845	10.170929018789138	
-3087867.270250627	115.2	9.873417721518987	123.20253164556962	79.0886075949367	-47.37111559005175	958	1281	174	22.0	341.0	218.0	60	8.0	90.0	58.0	0	0	5.122015714645386	76720	5157.3512625694275	68918	10.169447340980184	
-3000347.55209831	115.6375	9.9375	126.125	80.7375	-47.37111559005175	959	1281	145	21	373	240	85	8	87	56	0	0	5.244415760040283	76800	5162.595678329468	68988	10.171875	
-2575285.461140567	117.375	9.9125	127.375	81.2375	-47.37111559005175	960	1281	161	21	356	216	86	8	85	55	0	0	5.192158222198486	76880	5167.787836551666	69056	10.176899063475545	
-2975333.2239079056	116.35	9.7875	124.975	79.9125	-47.37111559005175	961	1281	144	20	410	259	86	8	79	51	0	0	4.936311483383179	76960	5172.724148035049	69124	10.181912681912692	
-2787784.693062262	115.25	10.126582278481013	131.0506329113924	83.69620253164557	-47.37111559005175	962	1282	171	21.0	406.0	262.0	59	8.0	85.0	55.0	0	0	5.38896632194519	77040	5178.113114356995	69195	10.183021806853588	
-2287835.9418993155	114.4125	9.89873417721519	130.68354430379748	83.49367088607595	-47.37111559005175	963	1283	187	21.0	409.0	265.0	56	8.0	85.0	55.0	0	0	5.178173780441284	77120	5183.291288137436	69266	10.184128630705388	
-2862772.324798416	114.0875	9.936708860759493	129.64556962025316	82.69620253164557	-47.37111559005175	964	1284	187	19.0	285.0	175.0	43	8.0	88.0	57.0	0	0	5.352001667022705	77200	5188.643289804459	69339	10.182642487046635	
-2275393.0129967593	116.8375	9.759493670886076	126.16455696202532	80.39240506329114	-47.37111559005175	965	1285	187	21.0	292.0	186.0	89	8.0	85.0	55.0	0	0	5.276092290878296	77280	5193.919382095337	69413	10.179865424430645	
-3175409.1866059364	113.65	9.822784810126583	127.0632911392405	81.12658227848101	-47.37111559005175	966	1286	159	19.0	287.0	177.0	45	7.0	74.0	48.0	0	0	5.064743518829346	77360	5198.984125614166	69482	10.183557394002065	
-2825241.053399138	114.85	10.1125	138.575	88.0375	-47.37111559005175	967	1286	186	20	464	294	44	8	85	55	0	0	5.719881296157837	77440	5204.704006910324	69558	10.178202479338836	
-2125360.808418736	112.35	10.025641025641026	132.62820512820514	84.75641025641026	-47.37111559005175	968	1288	163	22.0	386.0	251.0	52	8.0	79.0	51.0	0	0	4.708319664001465	77520	5209.412326574326	69625	10.184468524251812	
-3100350.541077889	115.25	9.835443037974683	132.36708860759492	84.24050632911393	-47.37111559005175	969	1289	207	19.0	327.0	201.0	23	8.0	85.0	55.0	0	0	4.980801582336426	77600	5214.393128156662	69695	10.186855670103085	
-3137850.4066681466	116.875	10.050632911392405	141.25316455696202	89.56962025316456	-47.37111559005175	970	1290	172	22.0	460.0	295.0	68	7.0	80.0	52.0	0	0	4.896132469177246	77680	5219.289260625839	69761	10.194387229660137	
-3237809.538902305	116.9625	9.734177215189874	130.77215189873417	83.15189873417721	-47.37111559005175	971	1291	175	21.0	313.0	192.0	55	8.0	79.0	51.0	0	0	4.92281174659729	77760	5224.2120723724365	69829	10.19933127572017	
-3337814.037631748	116.1375	10.1625	140.05	88.925	-47.37111559005175	972	1291	163	19	395	250	67	8	91	59	0	0	5.635394334793091	77840	5229.84746670723	69902	10.197841726618705	
-3000260.997775227	116.325	9.9375	144.2375	91.1125	-47.37111559005175	973	1291	163	18	428	275	67	8	85	55	0	0	5.433300018310547	77920	5235.28076672554	69972	10.200205338809027	
-3125235.376522977	116.7	9.875	135.525	86.0875	-47.37111559005175	974	1291	163	20	332	215	70	8	85	55	0	0	5.298229694366455	78000	5240.578996419907	70042	10.20256410256411	
-3187752.56850316	114.425	10.064102564102564	135.39743589743588	86.24358974358974	-47.37111559005175	975	1293	159	21.0	386.0	241.0	48	7.0	82.0	53.0	0	0	5.303045034408569	78080	5245.882041454315	70113	10.203637295081975	
-2400272.276690744	114.675	9.936708860759493	143.126582278481	90.72151898734177	-47.37111559005175	976	1294	210	21.0	386.0	241.0	20	8.0	93.0	60.0	0	0	5.399370908737183	78160	5251.281412363052	70185	10.203428863868993	
-2587730.023757172	115.7875	10.0125	140.4875	89.2125	-47.37111559005175	977	1294	192	20	346	215	38	8	94	61	0	0	5.483621597290039	78240	5256.765033960342	70259	10.200664621676893	
-2662769.750774093	119.1	9.705128205128204	130.8846153846154	83.2948717948718	-47.37111559005175	978	1296	164	14.0	278.0	176.0	68	8.0	85.0	55.0	0	0	5.186223983764648	78320	5261.951257944107	70328	10.204290091930545	
-3037743.274206373	118.6625	9.784810126582279	134.34177215189874	85.46835443037975	-47.37111559005175	979	1297	201	19.0	282.0	174.0	29	8.0	90.0	58.0	0	0	4.971567153930664	78400	5266.922825098038	70395	10.210459183673464	
-2862869.789461301	115.2375	9.69620253164557	127.58227848101266	81.26582278481013	-47.37111559005175	980	1298	150	14.0	301.0	188.0	80	7.0	82.0	53.0	0	0	5.098146677017212	78480	5272.020971775055	70462	10.216615698267077	
-3825426.748913354	114.6875	10.7125	146.775	93.85	-47.37111559005175	981	1298	153	22	428	270	77	7	74	48	0	0	5.656909465789795	78560	5277.677881240845	70536	10.21384928716904	
-3262704.7655080315	115.0	10.3375	151.6625	96.3125	-47.37111559005175	982	1298	147	21	488	308	83	8	85	55	0	0	5.871724367141724	78640	5283.549605607986	70611	10.209816887080365	
-3362963.9471849008	114.525	10.10126582278481	142.49367088607596	90.29113924050633	-47.37111559005175	983	1299	147	22.0	364.0	229.0	83	7.0	82.0	53.0	0	0	5.477540731430054	78720	5289.0271463394165	70680	10.213414634146346	
-3125383.046754714	115.45	9.975	145.15	91.95	-47.37111559005175	984	1299	168	21	313	195	62	8	85	55	0	0	5.6023173332214355	78800	5294.629463672638	70752	10.213197969543145	
-3812786.2764227153	114.7375	10.962025316455696	161.70886075949366	102.36708860759494	-47.37111559005175	985	1300	201	22.0	417.0	256.0	29	8.0	80.0	52.0	0	0	5.764312028884888	78880	5300.393775701523	70824	10.21298174442191	
-2600196.5935322708	114.2375	10.810126582278482	158.29113924050634	100.48101265822785	-47.37111559005175	986	1301	186	21.0	357.0	230.0	29	8.0	79.0	51.0	0	0	5.490801095962524	78960	5305.884576797485	70895	10.214032421479232	
-2362930.1354414723	115.85	9.974683544303797	131.79746835443038	84.0886075949367	-47.37111559005175	987	1302	186	22.0	301.0	195.0	29	8.0	88.0	57.0	0	0	5.252661943435669	79040	5311.137238740921	70961	10.221406882591083	
-2912818.2185540707	117.1125	10.1875	138.6375	88.4625	-47.37111559005175	988	1302	163	25	547	354	67	8	88	57	0	0	5.4340431690216064	79120	5316.571281909943	71033	10.221183013144582	
-3162741.5318661453	114.5875	10.443037974683545	145.0632911392405	92.39240506329114	-47.37111559005175	989	1303	163	21.0	428.0	270.0	67	8.0	88.0	57.0	0	0	5.7415008544921875	79200	5322.312782764435	71104	10.222222222222229	
-2512919.591251187	114.775	10.0375	135.55	86.25	-47.37111559005175	990	1303	137	19	339	213	93	8	88	57	0	0	5.529903888702393	79280	5327.842686653137	71175	10.223259334006059	
-3875230.8303317614	116.1	9.846153846153847	130.80769230769232	83.47435897435898	-47.37111559005175	991	1305	206	21.0	415.0	268.0	24	8.0	80.0	52.0	0	0	5.1141037940979	79360	5332.956790447235	71244	10.22681451612904	
-3350322.0525542917	115.75	9.91139240506329	141.77215189873417	89.77215189873418	-47.37111559005175	992	1306	196	14.0	307.0	191.0	34	8.0	91.0	59.0	0	0	5.230370044708252	79440	5338.187160491943	71314	10.229103726082585	
-2612869.655559496	117.175	9.7375	136.2625	86.1625	-47.37111559005175	993	1306	140	19	307	192	92	7	74	48	0	0	5.507596731185913	79520	5343.694757223129	71385	10.230130784708251	
-3775200.5680229636	115.125	10.4375	152.1625	96.175	-47.37111559005175	994	1306	150	21	435	276	86	8	80	52	0	0	5.629621267318726	79600	5349.324378490448	71455	10.232412060301513	
-2862774.927491342	114.85	10.256410256410257	139.46153846153845	88.74358974358974	-47.37111559005175	995	1308	213	21.0	378.0	243.0	17	8.0	93.0	60.0	0	0	5.1798155307769775	79680	5354.504194021225	71525	10.234688755020088	
-3100375.267289059	112.9	9.48	123.92	79.12	-47.37111559005175	996	1313	159	14.0	315.0	194.0	17	8.0	85.0	55.0	0	0	5.153448820114136	79760	5359.657642841339	71595	10.236960882647935	
-3250376.7746598846	116.9125	9.9625	133.3875	85.0875	-47.37111559005175	997	1313	159	22	398	250	73	8	87	56	0	0	5.285316228866577	79840	5364.942959070206	71665	10.239228456913835	
-3687835.707780695	116.75	9.95	139.25	88.35	-47.37111559005175	998	1313	186	24	390	249	44	8	85	55	0	0	5.735727548599243	79920	5370.678686618805	71739	10.236486486486484	
-3425276.949817841	116.6125	10.1375	141.9	90.1125	-47.37111559005175	999	1313	159	22	315	201	44	7	82	53	0	0	5.542910814285278	80000	5376.22159743309	71811	10.236249999999998	
-3050279.1255673063	119.4875	9.962025316455696	142.1139240506329	90.27848101265823	-47.37111559005175	1000	1314	208	19.0	320.0	196.0	51	7.0	82.0	53.0	0	0	5.529458045959473	80080	5381.75105547905	71883	10.236013986013987	
-3150321.179273618	125.8875	9.544303797468354	130.63291139240508	83.21518987341773	-47.37111559005175	1001	1315	165	15.0	319.0	206.0	65	7.0	74.0	48.0	0	0	5.424178838729858	80160	5387.1752343177795	71955	10.235778443113773	
-2000330.0004000396	126.75	9.3	121.6875	77.725	-47.37111559005175	1002	1315	159	13	320	196	95	7	74	48	0	0	5.205917596817017	80240	5392.381151914597	72028	10.234297108673971	
-3050473.054257113	123.5375	9.79746835443038	128.1772151898734	81.82278481012658	-47.37111559005175	1003	1316	194	20.0	352.0	222.0	22	8.0	93.0	60.0	0	0	5.037402868270874	80320	5397.418554782867	72097	10.23779880478088	
-3887711.688470614	119.925	10.294871794871796	147.24358974358975	93.67948717948718	-47.37111559005175	1004	1318	214	21.0	447.0	283.0	22	9.0	93.0	60.0	0	0	5.095595836639404	80400	5402.514150619507	72162	10.246268656716424	
-2525227.4968722397	119.175	10.205128205128204	137.53846153846155	87.62820512820512	-47.37111559005175	1005	1320	194	22.0	348.0	224.0	59	8.0	85.0	55.0	0	0	5.113149166107178	80480	5407.627299785614	72233	10.247266401590466	
-3237796.9680209314	116.225	10.721518987341772	140.83544303797467	90.0886075949367	-47.37111559005175	1006	1321	165	21.0	320.0	201.0	89	8.0	85.0	55.0	0	0	5.224837779998779	80560	5412.852137565613	72302	10.250744786494536	
-3012802.412380898	114.4875	10.468354430379748	139.86075949367088	89.24050632911393	-47.37111559005175	1007	1322	165	20.0	340.0	218.0	65	8.0	79.0	51.0	0	0	5.508990049362183	80640	5418.361127614975	72372	10.25297619047619	
-2587892.6020290856	114.65	9.620253164556962	121.35443037974683	77.34177215189874	-47.37111559005175	1008	1323	211	14.0	226.0	140.0	19	8.0	85.0	55.0	0	0	5.028518438339233	80720	5423.389646053314	72441	10.256442021803764	
-2462866.690921154	115.125	9.4875	121.7375	77.6125	-47.37111559005175	1009	1323	162	13	256	157	68	8	88	57	0	0	5.0604407787323	80800	5428.4500868320465	72512	10.257425742574256	
-2062942.69695355	115.1875	9.822784810126583	119.70886075949367	76.81012658227849	-47.37111559005175	1010	1324	167	22.0	384.0	247.0	63	8.0	91.0	59.0	0	0	5.080425977706909	80880	5433.530512809753	72580	10.262116716122648	
-2587771.104807564	115.0625	10.012658227848101	132.72151898734177	84.67088607594937	-47.37111559005175	1011	1325	200	22.0	380.0	241.0	30	8.0	85.0	55.0	0	0	5.235349416732788	80960	5438.765862226486	72651	10.263092885375485	
-3750242.9138334813	115.0375	9.556962025316455	117.79746835443038	75.73417721518987	-47.37111559005175	1012	1326	165	19.0	425.0	273.0	65	8.0	88.0	57.0	0	0	5.179507732391357	81040	5443.945369958878	72723	10.262833168805528	
-2712794.52342891	115.0625	9.756410256410257	127.35897435897436	81.47435897435898	-47.37111559005175	1013	1328	173	20.0	349.0	218.0	57	8.0	85.0	55.0	0	0	5.215957403182983	81120	5449.161327362061	72790	10.268737672583825	
-3125301.552264153	115.0	10.08860759493671	130.16455696202533	83.16455696202532	-47.37111559005175	1014	1329	153	20.0	337.0	212.0	77	7.0	74.0	48.0	0	0	5.7916975021362305	81200	5454.953024864197	72862	10.268472906403929	
-3325417.6118941037	114.975	10.0625	136.35	86.7125	-47.37111559005175	1015	1329	153	20	453	285	72	8	80	52	0	0	5.8788347244262695	81280	5460.831859588623	72937	10.264517716535437	
-2350379.492733687	114.675	10.217948717948717	135.98717948717947	86.61538461538461	-47.37111559005175	1016	1331	163	21.0	319.0	200.0	67	8.0	93.0	60.0	0	0	5.375925064086914	81360	5466.20778465271	73008	10.26548672566372	
-2837892.0474119037	113.95	10.376623376623376	152.55844155844156	96.44155844155844	-47.37111559005175	1017	1334	166	22.0	465.0	291.0	64	8.0	87.0	56.0	0	0	5.649984836578369	81440	5471.857769489288	73076	10.270137524557953	
-3637809.8846778534	112.5875	10.265822784810126	143.9873417721519	91.64556962025317	-47.37111559005175	1018	1335	186	25.0	692.0	444.0	45	8.0	87.0	56.0	0	0	5.739255666732788	81520	5477.597025156021	73148	10.269872423945046	
-3412697.722737259	113.2	10.3	152.825	96.3875	-47.37111559005175	1019	1335	151	19	324	195	69	8	85	55	0	0	6.03472113609314	81600	5483.631746292114	73218	10.272058823529406	
-3387792.178011683	115.275	9.886075949367088	139.29113924050634	88.34177215189874	-47.37111559005175	1020	1336	188	20.0	427.0	257.0	42	7.0	74.0	48.0	0	0	5.840627670288086	81680	5489.472373962402	73290	10.27179236043095	
-2512785.6150568975	115.0	9.658227848101266	132.65822784810126	84.22784810126582	-47.37111559005175	1021	1337	164	18.0	343.0	218.0	66	8.0	87.0	56.0	0	0	5.257928133010864	81760	5494.730302095413	73359	10.275195694716245	
-2900328.9171444206	115.0	9.8625	127.2125	81.4125	-47.37111559005175	1022	1337	161	17	265	170	69	8	87	56	0	0	5.118386268615723	81840	5499.848688364029	73431	10.274926686217015	
-3350264.1211673534	116.425	10.307692307692308	151.52564102564102	95.76923076923077	-47.37111559005175	1023	1339	183	21.0	471.0	305.0	51	8.0	87.0	56.0	0	0	5.3942952156066895	81920	5505.242983579636	73500	10.2783203125	
-2350296.95121806	116.075	10.384615384615385	154.25641025641025	97.51282051282051	-47.37111559005175	1024	1341	170	20.0	291.0	182.0	71	8.0	88.0	57.0	0	0	5.449026107788086	82000	5510.692009687424	73570	10.28048780487805	
-2775294.99258355	116.0	10.125	143.8875	91.5	-47.37111559005175	1025	1341	197	22	483	304	33	8	79	51	0	0	5.597682952880859	82080	5516.289692640305	73642	10.280214424951268	
-3587769.1745636063	115.7875	10.670886075949367	155.20253164556962	98.65822784810126	-47.3683443674326	1026	1342	160	22.0	424.0	267.0	70	8.0	85.0	55.0	0	0	5.720868110656738	82160	5522.010560750961	73715	10.278724440116846	
-3300310.651280001	112.7125	9.975	134.475	85.625	-47.3683443674326	1027	1342	177	19	315	193	57	8	87	56	0	0	5.480149507522583	82240	5527.490710258484	73786	10.279669260700388	
-2850337.6514526773	115.0875	9.875	135.6125	86.15	-47.3683443674326	1028	1342	154	19	310	192	76	8	93	60	0	0	5.428853511810303	82320	5532.919563770294	73853	10.2854713313897	
-3687738.2054978744	115.075	10.128205128205128	138.66666666666666	88.15384615384616	-47.3683443674326	1029	1344	201	20.0	340.0	212.0	29	8.0	93.0	60.0	0	0	5.420061826705933	82400	5538.339625597	73922	10.288834951456323	
-3812785.837011202	114.8	10.3875	146.0875	92.8875	-47.3683443674326	1030	1344	170	22	421	270	60	8	88	57	0	0	5.907798767089844	82480	5544.24742436409	73996	10.286129970902039	
-2687766.2598162284	114.3	9.9875	136.175	86.575	-47.3683443674326	1031	1344	164	21	418	266	66	8	79	51	0	0	5.411193132400513	82560	5549.6586174964905	74065	10.289486434108525	
-3462749.467121148	114.8	10.0	137.8227848101266	87.39240506329114	-47.3683443674326	1032	1345	197	21.0	305.0	194.0	33	8.0	93.0	60.0	0	0	4.976556301116943	82640	5554.635173797607	74136	10.290416263310746	
-3937808.390040937	114.625	10.075949367088608	136.72151898734177	86.86075949367088	-47.3683443674326	1033	1346	172	20.0	420.0	271.0	60	8.0	80.0	52.0	0	0	5.233872890472412	82720	5559.86904668808	74207	10.291344294003864	
-3112948.274646592	115.6875	10.215189873417721	140.69620253164558	89.30379746835443	-47.3683443674326	1034	1347	172	20.0	367.0	234.0	61	7.0	74.0	48.0	0	0	5.4673357009887695	82800	5565.336382389069	74281	10.288647342995176	
-2937825.6389436065	117.4125	10.151898734177216	141.58227848101265	90.0	-47.3683443674326	1035	1348	172	22.0	359.0	231.0	69	8.0	85.0	55.0	0	0	5.681114435195923	82880	5571.0174968242645	74355	10.285955598455601	
-2962835.400714296	121.7	10.61038961038961	145.5194805194805	92.55844155844156	-47.3683443674326	1036	1351	211	22.0	531.0	333.0	41	8.0	86.0	56.0	0	0	5.3125386238098145	82960	5576.330035448074	74425	10.288090646094503	
-3112770.5932634533	116.4	10.08974358974359	139.19230769230768	88.8974358974359	-47.3683443674326	1037	1353	201	33.0	676.0	438.0	27	7.0	82.0	53.0	0	0	5.198228120803833	83040	5581.528263568878	74493	10.292630057803464	
-3012749.840970655	117.2	10.0	138.62025316455697	88.21518987341773	-47.3683443674326	1038	1354	171	22.0	396.0	250.0	78	7.0	74.0	48.0	0	0	4.994386672973633	83120	5586.522650241852	74565	10.292348411934555	
-2575287.4851105683	120.3625	9.7875	136.25	86.675	-47.3683443674326	1039	1354	200	21	389	247	63	7	74	48	0	0	5.186419248580933	83200	5591.709069490433	74638	10.290865384615387	
-3000289.1667884476	118.9625	9.658227848101266	127.56962025316456	81.30379746835443	-47.3683443674326	1040	1355	178	20.0	325.0	197.0	52	7.0	82.0	53.0	0	0	5.0229082107543945	83280	5596.731977701187	74709	10.291786743515857	
-2812732.61387357	119.1875	9.9625	137.35	87.225	-47.3683443674326	1041	1355	166	21	404	251	64	8	79	51	0	0	5.538989067077637	83360	5602.270966768265	74784	10.287907869481757	
-3350294.9429903678	115.5375	10.3125	138.1875	88.1625	-47.3683443674326	1042	1355	169	20	384	240	81	8	87	56	0	0	5.48390793800354	83440	5607.754874706268	74859	10.284036433365301	
-3200313.941082133	114.3375	9.632911392405063	127.0886075949367	80.9873417721519	-47.3683443674326	1043	1356	137	19.0	324.0	195.0	87	8.0	85.0	55.0	0	0	4.92572021484375	83520	5612.680594921112	74926	10.289750957854409	
-3512719.1009833724	114.55	9.734177215189874	132.46835443037975	84.32911392405063	-47.3683443674326	1044	1357	172	18.0	406.0	255.0	40	7.0	74.0	48.0	0	0	5.017463207244873	83600	5617.698058128357	74997	10.290669856459331	
-3062724.389022878	116.025	9.679487179487179	123.87179487179488	79.2051282051282	-47.3683443674326	1045	1359	152	20.0	461.0	292.0	40	8.0	93.0	60.0	0	0	5.20904016494751	83680	5622.907098293304	75064	10.296367112810714	
-2725323.168084015	115.8	9.531645569620252	115.48101265822785	74.12658227848101	-47.3683443674326	1046	1360	152	14.0	306.0	192.0	87	8.0	87.0	56.0	0	0	4.744053840637207	83760	5627.651152133942	75133	10.299665711556827	
-2987837.969695496	116.0	9.886075949367088	129.39240506329114	82.64556962025317	-47.3683443674326	1047	1361	163	20.0	421.0	270.0	67	7.0	74.0	48.0	0	0	5.0721635818481445	83840	5632.72331571579	75205	10.299379770992374	
-3012761.025785953	114.6625	9.569620253164556	128.7594936708861	81.9620253164557	-47.3683443674326	1048	1362	146	13.0	273.0	169.0	60	8.0	85.0	55.0	0	0	5.279886722564697	83920	5638.0032024383545	75279	10.296711153479507	
-2312704.397915465	116.3	10.3875	143.0875	91.2	-47.3683443674326	1049	1362	146	26	472	296	96	8	80	52	0	0	5.231431722640991	84000	5643.2346341609955	75353	10.294047619047618	
-3037922.4286798285	114.875	9.924050632911392	130.126582278481	83.0379746835443	-47.3683443674326	1050	1363	176	23.0	496.0	322.0	54	8.0	82.0	53.0	0	0	5.199683904647827	84080	5648.434318065643	75424	10.294957183634637	
-3262830.816982615	114.05	10.0875	135.4375	86.125	-47.3683443674326	1051	1363	181	19	314	197	49	8	85	55	0	0	5.353952169418335	84160	5653.788270235062	75494	10.297053231939174	
-3300337.74510266	116.1875	10.20253164556962	141.53164556962025	89.73417721518987	-47.3683443674326	1052	1364	181	22.0	467.0	291.0	54	8.0	85.0	55.0	0	0	5.438907861709595	84240	5659.227178096771	75566	10.29677113010446	
-2262874.260453995	115.45	9.8875	142.3125	89.9125	-47.3683443674326	1053	1364	181	15	306	192	67	8	88	57	0	0	5.4932756423950195	84320	5664.720453739166	75638	10.296489563567363	
-2662805.13028873	117.175	9.807692307692308	136.94871794871796	86.75641025641026	-47.3683443674326	1054	1366	192	15.0	309.0	197.0	38	7.0	82.0	53.0	0	0	5.602417230606079	84400	5670.322870969772	75708	10.29857819905213	
-2712780.63282534	116.6	9.9	135.8	86.25	-47.3683443674326	1055	1366	165	23	389	252	60	8	82	53	0	0	5.5390355587005615	84480	5675.861906528473	75781	10.29711174242425	
-3587757.07048924	116.5125	9.746835443037975	133.72151898734177	84.9367088607595	-47.3683443674326	1056	1367	165	14.0	329.0	200.0	62	8.0	79.0	51.0	0	0	5.668856382369995	84560	5681.530762910843	75854	10.295648060548729	
-3137849.938835264	120.3	10.225	145.1625	92.075	-47.3683443674326	1057	1367	186	22	386	234	44	7	82	53	0	0	5.992306709289551	84640	5687.523069620132	75930	10.290642722117198	
-2700300.030633656	120.525	10.2875	147.8875	93.825	-47.3683443674326	1058	1367	180	22	500	305	100	7	85	55	0	0	5.729104518890381	84720	5693.252174139023	76003	10.289187913125588	
-3725326.8444307437	124.2625	10.325	148.1	93.725	-47.3683443674326	1059	1367	212	21	401	242	46	7	82	53	0	0	5.8051605224609375	84800	5699.057334661484	76078	10.285377358490564	
-2737794.498618435	126.2625	9.753246753246753	136.07792207792207	86.54545454545455	-47.3683443674326	1060	1370	264	20.0	278.0	169.0	16	8.0	93.0	60.0	0	0	5.1006810665130615	84880	5704.158015727997	76150	10.28510838831292	
-3462797.8236590438	131.65	10.721518987341772	158.77215189873417	100.51898734177215	-47.3683443674326	1061	1371	189	22.0	418.0	263.0	76	8.0	90.0	58.0	0	0	5.535508871078491	84960	5709.693524599075	76224	10.282485875706215	
-2962818.36053392	128.625	10.4875	146.1625	92.9125	-47.3683443674326	1062	1371	199	22	318	203	81	8	93	60	0	0	5.294777154922485	85040	5714.988301753998	76296	10.28222013170273	
-3425275.576444636	123.8625	9.9625	143.0125	90.8625	-47.3683443674326	1063	1371	189	22	402	248	77	7	82	53	0	0	5.869886875152588	85120	5720.85818862915	76370	10.279605263157904	
-3087794.9872561377	122.375	9.772151898734178	130.91139240506328	83.43037974683544	-47.3683443674326	1064	1372	208	22.0	312.0	191.0	29	7.0	74.0	48.0	0	0	5.381273031234741	85200	5726.239461660385	76443	10.278169014084497	
-2862911.528926539	126.9375	10.05	129.8375	83.2	-47.3683443674326	1065	1372	200	21	452	291	86	8	85	55	0	0	5.548458814620972	85280	5731.787920475006	76515	10.277908067542214	
-3237850.127791489	127.925	9.875	135.575	86.475	-47.3683443674326	1066	1372	215	23	434	279	65	8	88	57	0	0	5.622442722320557	85360	5737.410363197327	76589	10.27530459231491	
-3000327.6208469262	121.875	10.0875	144.6375	91.9	-47.3683443674326	1067	1372	165	22	406	253	91	8	87	56	0	0	5.8896331787109375	85440	5743.299996376038	76662	10.273876404494388	
-2825421.226148554	116.875	10.175	141.6875	90.0125	-47.3683443674326	1068	1372	183	22	397	250	47	7	82	53	0	0	5.673620939254761	85520	5748.973617315292	76733	10.27478952291861	
-3325360.632097059	118.75	10.025	140.3375	89.075	-47.3683443674326	1069	1372	186	20	366	226	44	7	82	53	0	0	5.6766557693481445	85600	5754.6502730846405	76807	10.27219626168224	
-2612755.539126988	116.225	9.813333333333333	143.0	90.49333333333334	-47.3683443674326	1070	1377	199	21.0	328.0	209.0	37	7.0	74.0	48.0	0	0	5.032040119171143	85680	5759.682313203812	76875	10.276610644257701	
-3587762.7361131236	118.6875	9.896103896103897	132.54545454545453	84.53246753246754	-47.3683443674326	1071	1380	200	22.0	389.0	250.0	35	8.0	88.0	57.0	0	0	5.4446399211883545	85760	5765.126953125	76946	10.277518656716424	
-3412813.254244984	114.9875	9.835443037974683	144.0759493670886	91.27848101265823	-47.3683443674326	1072	1381	161	20.0	488.0	308.0	35	8.0	85.0	55.0	0	0	6.011578321456909	85840	5771.138531446457	77019	10.276095060577816	
-2950221.8487524292	115.2875	9.835443037974683	138.0126582278481	87.39240506329114	-47.3683443674326	1073	1382	190	14.0	295.0	184.0	40	8.0	87.0	56.0	0	0	5.2044525146484375	85920	5776.342983961105	77088	10.279329608938554	
-3075288.993651954	115.0	10.0625	136.0375	86.4	-47.3683443674326	1074	1382	160	22	451	290	70	8	88	57	0	0	5.905879974365234	86000	5782.248863935471	77162	10.276744186046514	
-2962881.218186531	115.9625	9.69620253164557	131.8987341772152	83.79746835443038	-47.3683443674326	1075	1383	223	14.0	306.0	185.0	7	8.0	93.0	60.0	0	0	5.631452798843384	86080	5787.880316734314	77235	10.275325278810413	
-3325356.79444984	115.1625	9.7125	131.5875	83.6625	-47.3683443674326	1076	1383	161	14	299	182	72	8	85	55	0	0	5.2224462032318115	86160	5793.102762937546	77308	10.273909006499537	
-2950280.229645836	115.05	9.75	127.7375	81.675	-47.3683443674326	1077	1383	162	18	350	223	74	8	85	55	0	0	5.090284824371338	86240	5798.193047761917	77380	10.273654916512058	
-2650304.640036899	115.525	10.025	144.35	91.525	-47.3683443674326	1078	1383	161	21	342	213	75	8	85	55	0	0	5.246269702911377	86320	5803.4393174648285	77451	10.274559777571824	
-2662851.177677579	115.45	9.8375	133.2125	84.8125	-47.3683443674326	1079	1383	221	25	453	291	17	8	85	55	0	0	4.794992446899414	86400	5808.234309911728	77521	10.276620370370367	
-2825356.642307559	116.4875	9.875	131.05	83.575	-47.3683443674326	1080	1383	161	21	318	195	69	8	85	55	0	0	5.2885754108428955	86480	5813.522885322571	77594	10.275208140610545	
-3862784.5825969307	114.9625	10.15	132.4125	84.6375	-47.3683443674326	1081	1383	157	22	408	257	69	8	85	55	0	0	5.404577732086182	86560	5818.927463054657	77668	10.272643253234747	
-3300306.711095824	116.675	10.0625	133.9875	85.35	-47.3683443674326	1082	1383	203	22	429	267	67	7	74	48	0	0	5.38520359992981	86640	5824.312666654587	77737	10.275854108956608	
-2050358.3048741438	120.875	9.85	130.55	83.2875	-47.3683443674326	1083	1383	170	20	290	186	56	7	85	55	0	0	5.263798713684082	86720	5829.576465368271	77810	10.27444649446494	
-2900229.708987	124.975	9.9625	134.7625	85.7375	-47.3683443674326	1084	1383	183	20	284	179	61	8	79	51	0	0	5.208115816116333	86800	5834.784581184387	77881	10.275345622119815	
-3112783.21805541	120.9625	9.746835443037975	128.45569620253164	81.77215189873418	-47.3683443674326	1085	1384	185	19.0	360.0	225.0	28	7.0	85.0	55.0	0	0	5.012643814086914	86880	5839.797224998474	77950	10.278545119705342	
-2175322.9528820864	118.25	9.825	126.05	80.3875	-47.3683443674326	1086	1384	157	22	295	178	84	8	85	55	0	0	4.993172883987427	86960	5844.790397882462	78021	10.279438822447105	
-2612774.0502246274	115.15	10.075	130.175	83.2625	-47.3683443674326	1087	1384	141	21	352	228	92	8	85	55	0	0	5.2666015625	87040	5850.056999444962	78090	10.28262867647058	
-2837836.511136549	113.675	9.7875	125.525	80.275	-47.3683443674326	1088	1384	134	21	415	257	92	7	74	48	0	0	4.941935777664185	87120	5854.998935222626	78157	10.288108356290167	
-2587873.857392171	112.5625	9.835443037974683	117.75949367088607	75.9620253164557	-47.3683443674326	1089	1385	151	22.0	449.0	291.0	74	8.0	85.0	55.0	0	0	5.022856950759888	87200	5860.021792173386	78227	10.290137614678898	
-2462862.478710743	111.6375	10.341772151898734	143.8860759493671	91.64556962025317	-47.3683443674326	1090	1386	142	22.0	418.0	265.0	83	8.0	85.0	55.0	0	0	5.367655992507935	87280	5865.389448165894	78298	10.291017415215393	
-2387753.3854431994	113.3625	10.050632911392405	139.49367088607596	88.43037974683544	-47.3683443674326	1091	1387	153	22.0	332.0	213.0	72	8.0	79.0	51.0	0	0	5.106745004653931	87360	5870.4961931705475	78368	10.293040293040292	
-2775262.102161517	116.375	9.936708860759493	129.9746835443038	82.89873417721519	-47.3683443674326	1092	1388	169	22.0	415.0	257.0	61	8.0	85.0	55.0	0	0	4.949316740036011	87440	5875.4455099105835	78434	10.299634034766697	
-3387810.176278779	116.875	10.417721518987342	134.69620253164558	86.36708860759494	-47.3683443674326	1093	1389	165	20.0	379.0	237.0	65	7.0	82.0	53.0	0	0	5.71173620223999	87520	5881.1572461128235	78508	10.297074954296164	
-3600353.5205971077	115.125	10.455696202531646	140.78481012658227	90.0886075949367	-47.3683443674326	1094	1390	142	25.0	455.0	293.0	65	7.0	82.0	53.0	0	0	5.202571392059326	87600	5886.359817504883	78576	10.301369863013704	
-2400295.8603623137	114.8875	10.1625	133.55	85.325	-47.3683443674326	1095	1390	139	22	408	261	97	7	82	53	0	0	5.08275032043457	87680	5891.442567825317	78645	10.304516423357668	
-2900280.3269194323	115.0	9.759493670886076	122.62025316455696	78.32911392405063	-47.3683443674326	1096	1391	157	20.0	280.0	171.0	73	8.0	85.0	55.0	0	0	5.340982913970947	87760	5896.783550739288	78718	10.303099361896088	
-3312814.3803138174	115.025	9.949367088607595	129.86075949367088	82.65822784810126	-47.3683443674326	1097	1392	139	21.0	314.0	193.0	92	8.0	85.0	55.0	0	0	5.516655206680298	87840	5902.300205945969	78788	10.30510018214936	
-2437772.769587555	113.85	9.65	125.45	80.2	-47.3683443674326	1098	1392	138	20	432	280	92	8	85	55	0	0	5.376519441604614	87920	5907.676725387573	78862	10.302547770700627	
-2812862.415749797	114.7125	11.0375	154.4	98.3625	-47.3683443674326	1099	1392	166	22	498	322	64	8	85	55	0	0	5.419396877288818	88000	5913.096122264862	78934	10.302272727272737	
-3012780.376246918	119.8375	9.75	131.1625	83.425	-47.3683443674326	1100	1392	178	21	333	212	84	7	74	48	0	0	4.969985723495483	88080	5918.0661079883575	79006	10.301998183469578	
-2562726.9182798057	116.8625	9.628205128205128	124.96153846153847	79.76923076923077	-47.3683443674326	1101	1394	166	19.0	312.0	192.0	64	7.0	74.0	48.0	0	0	4.98225212097168	88160	5923.048360109329	79072	10.30852994555353	
-2112866.541529568	115.6375	9.2875	111.725	71.65	-47.3683443674326	1102	1394	166	13	231	142	75	7	88	57	0	0	4.890237092971802	88240	5927.938597202301	79140	10.312783318223026	
-3100348.6527770017	115.5	9.775	123.925	79.175	-47.3683443674326	1103	1394	160	21	360	222	70	8	88	57	0	0	5.2826526165008545	88320	5933.221249818802	79212	10.3125	
-2662916.502496498	115.3625	9.632911392405063	134.84810126582278	85.55696202531645	-47.3683443674326	1104	1395	157	14.0	330.0	205.0	73	7.0	82.0	53.0	0	0	7.52153468132019	88400	5940.742784500122	79285	10.311085972850677	
-3487789.4218087993	114.4625	10.275	143.65	91.175	-47.3683443674326	1105	1395	174	21	400	253	48	8	79	51	0	0	8.162938833236694	88480	5948.905723333359	79357	10.31080470162749	
-3750281.733239554	113.5125	10.475	151.2	95.7625	-47.3683443674326	1106	1395	209	25	463	285	21	8	88	57	0	0	8.672242403030396	88560	5957.577965736389	79427	10.312782294489608	
-2725358.944406363	113.1875	9.9375	138.775	87.9	-47.3683443674326	1107	1395	140	15	283	172	46	8	85	55	0	0	5.4986631870269775	88640	5963.076628923416	79498	10.313628158844764	
-3675395.76033632	113.55	10.051948051948052	152.3896103896104	96.12987012987013	-47.3683443674326	1108	1398	153	21.0	350.0	224.0	46	7.0	74.0	48.0	0	0	5.179898023605347	88720	5968.2565269470215	79568	10.315599639314698	
-2812781.693697878	115.3875	10.063291139240507	143.8227848101266	91.35443037974683	-47.3683443674326	1109	1399	155	21.0	364.0	234.0	75	8.0	93.0	60.0	0	0	5.510249376296997	88800	5973.7667763233185	79642	10.313063063063069	
-2612915.5023185587	114.85	9.632911392405063	128.13924050632912	81.51898734177215	-47.3683443674326	1110	1400	190	14.0	313.0	191.0	40	8.0	93.0	60.0	0	0	4.895970821380615	88880	5978.662747144699	79713	10.313906390639062	
-3862793.6875821203	115.25	9.924050632911392	137.9873417721519	87.73417721518987	-47.3683443674326	1111	1401	156	21.0	401.0	253.0	75	7.0	74.0	48.0	0	0	5.236801624298096	88960	5983.899548768997	79784	10.314748201438846	
-2587683.110309605	113.8375	9.5625	127.75	81.2125	-47.3683443674326	1112	1401	126	14	280	170	75	8	87	56	0	0	4.7415452003479	89040	5988.641093969345	79855	10.31558849955077	
-3025254.5456329607	114.575	10.2875	147.125	93.1625	-47.3683443674326	1113	1401	144	22	461	285	86	8	90	58	0	0	5.8215882778167725	89120	5994.462682247162	79929	10.313061041292642	
-2962868.2269242494	116.05	10.050632911392405	136.91139240506328	87.10126582278481	-47.3683443674326	1114	1402	162	21.0	550.0	344.0	68	8.0	85.0	55.0	0	0	5.294477462768555	89200	5999.75715970993	80002	10.311659192825104	
-2450287.714836278	112.4625	9.8625	139.2125	87.9875	-47.3683443674326	1115	1402	153	20	359	215	68	7	87	56	0	0	5.143150568008423	89280	6004.900310277939	80074	10.311379928315418	
-2725351.572769981	110.2875	10.125	138.1875	87.775	-47.3683443674326	1116	1402	208	21	415	253	22	8	93	60	0	0	5.081132650375366	89360	6009.981442928314	80145	10.312220232766336	
-3312880.636702037	114.725	9.784810126582279	129.29113924050634	82.34177215189874	-47.3683443674326	1117	1403	154	22.0	336.0	218.0	68	8.0	85.0	55.0	0	0	4.952877521514893	89440	6014.934320449829	80216	10.313059033989276	
-3312822.5496784197	115.0	9.7125	138.25	87.4875	-47.3683443674326	1118	1403	150	17	358	226	80	8	85	55	0	0	5.265440464019775	89520	6020.199760913849	80287	10.313896336014295	
-2525363.3371489877	115.0	10.025316455696203	130.37974683544303	83.0253164556962	-47.3683443674326	1119	1404	142	24.0	321.0	204.0	88	8.0	85.0	55.0	0	0	4.97668981552124	89600	6025.17645072937	80355	10.318080357142861	
-2975312.738279467	115.0	9.670886075949367	123.72151898734177	79.0	-47.3683443674326	1120	1405	174	14.0	280.0	170.0	56	8.0	91.0	59.0	0	0	4.77959680557251	89680	6029.956047534943	80426	10.31891168599465	
-3037836.002625166	113.7875	9.7875	124.7625	79.825	-47.3683443674326	1121	1405	166	16	297	181	58	8	88	57	0	0	4.471149921417236	89760	6034.42719745636	80493	10.32419786096257	
-3287802.736578478	115.2625	9.886075949367088	128.73417721518987	82.16455696202532	-47.3683443674326	1122	1406	203	18.0	339.0	216.0	27	8.0	79.0	51.0	0	0	4.66890811920166	89840	6039.0961055755615	80562	10.327248441674087	
-2525355.8647340694	112.925	10.552631578947368	145.1578947368421	92.23684210526316	-47.3683443674326	1123	1410	175	22.0	408.0	257.0	41	8.0	90.0	58.0	0	0	5.0011889934539795	89920	6044.0972945690155	80631	10.330293594306056	
-3012788.79037946	112.775	10.474358974358974	137.66666666666666	87.66666666666667	-47.3683443674326	1124	1412	177	22.0	370.0	230.0	49	7.0	74.0	48.0	0	0	4.8120129108428955	90000	6048.909307479858	80700	10.333333333333343	
-2650347.352657638	116.25	10.474358974358974	142.39743589743588	90.64102564102564	-47.3683443674326	1125	1414	166	25.0	379.0	245.0	72	8.0	85.0	55.0	0	0	4.801541805267334	90080	6053.710849285126	80769	10.336367673179396	
-2837803.8439526805	118.3375	9.794871794871796	132.06410256410257	84.35897435897436	-47.3683443674326	1126	1416	190	20.0	452.0	291.0	33	7.0	74.0	48.0	0	0	4.614939212799072	90160	6058.325788497925	80838	10.339396628216505	
-2850400.0536303157	116.5625	9.6625	123.675	78.9375	-47.3683443674326	1127	1416	158	21	313	190	72	8	87	56	0	0	4.546043157577515	90240	6062.871831655502	80906	10.343528368794324	
-2175265.0548499604	116.2625	10.0	134.93589743589743	85.6025641025641	-47.3683443674326	1128	1418	171	20.0	384.0	230.0	59	8.0	90.0	58.0	0	0	4.763289451599121	90320	6067.635121107101	80975	10.346545615589022	
-3000380.8618467525	116.0	9.670886075949367	133.83544303797467	85.22784810126582	-47.3683443674326	1129	1419	159	20.0	418.0	259.0	71	7.0	82.0	53.0	0	0	5.046083688735962	90400	6072.681204795837	81047	10.346238938053105	
-2725310.0235117287	121.3125	9.5875	128.3375	81.4875	-47.3683443674326	1130	1419	159	21	286	185	83	7	82	53	0	0	4.887763261795044	90480	6077.568968057632	81119	10.345932802829353	
-3087760.907022468	119.425	10.225	136.9	87.0875	-47.3683443674326	1131	1419	159	22	416	257	73	7	82	53	0	0	4.947027206420898	90560	6082.515995264053	81190	10.34673144876325	
-2100255.246764736	116.85	9.925	144.2	90.9125	-47.3683443674326	1132	1419	164	19	538	333	93	7	82	53	0	0	5.073323011398315	90640	6087.589318275452	81260	10.34863195057369	
-2037865.6058430534	114.8	9.417721518987342	119.51898734177215	76.22784810126582	-47.3683443674326	1133	1420	167	19.0	272.0	173.0	63	8.0	85.0	55.0	0	0	4.578449249267578	90720	6092.167767524719	81330	10.350529100529101	
-2825349.895994422	118.6625	10.189873417721518	143.0	90.72151898734177	-47.3683443674326	1134	1421	167	22.0	393.0	246.0	82	8.0	88.0	57.0	0	0	5.154230833053589	90800	6097.321998357773	81401	10.35132158590308	
-2587939.2180798743	120.525	9.848101265822784	130.0	82.88607594936708	-47.3683443674326	1135	1422	167	21.0	439.0	281.0	82	7.0	74.0	48.0	0	0	4.553211450576782	90880	6101.87520980835	81470	10.354313380281681	
-3012817.7577404235	121.4	10.4125	144.4125	91.475	-47.3683443674326	1136	1422	167	20	359	218	65	7	74	48	0	0	5.4673638343811035	90960	6107.342573642731	81546	10.349604221635886	
-2762734.055215556	122.1	10.725	153.4375	96.9375	-47.3683443674326	1137	1422	184	22	359	226	46	8	85	55	0	0	5.384539842605591	91040	6112.727113485336	81620	10.347100175746931	
-2562785.511854752	120.5875	9.6375	127.4	80.9875	-47.3683443674326	1138	1422	169	13	256	157	61	7	74	48	0	0	4.74592924118042	91120	6117.473042726517	81689	10.35008779631255	
-2350432.446986606	116.1375	9.746835443037975	135.78481012658227	86.15189873417721	-47.3683443674326	1139	1423	149	19.0	398.0	253.0	80	7.0	82.0	53.0	0	0	5.067749977111816	91200	6122.5407927036285	81760	10.350877192982452	
-3362918.93708559	117.45	10.0125	131.675	84.1375	-47.3683443674326	1140	1423	168	20	347	221	62	8	85	55	0	0	5.175189018249512	91280	6127.715981721878	81835	10.347283085013146	
-2387798.5647420413	115.9	9.8	127.4625	81.5375	-47.3683443674326	1141	1423	180	22	349	219	50	8	80	52	0	0	4.638416051864624	91360	6132.354397773743	81901	10.35354640980735	
-2300303.2137561613	115.0	9.7875	127.2375	81.25	-47.3683443674326	1142	1423	140	22	297	192	90	8	88	57	0	0	4.858059406280518	91440	6137.212457180023	81972	10.354330708661422	
-2987806.6791369403	114.6875	10.012820512820513	133.82051282051282	85.12820512820512	-47.3683443674326	1143	1425	193	20.0	324.0	195.0	37	8.0	85.0	55.0	0	0	5.092678785324097	91520	6142.305135965347	82044	10.354020979020987	
-2887790.33719352	113.45	10.25974025974026	144.03896103896105	91.33766233766234	-47.3683443674326	1144	1428	168	21.0	357.0	226.0	62	7.0	90.0	58.0	0	0	4.833202362060547	91600	6147.138338327408	82111	10.359170305676855	
-3162706.3592404425	114.3625	9.779220779220779	139.8961038961039	88.49350649350649	-47.3683443674326	1145	1431	173	19.0	269.0	165.0	57	8.0	85.0	55.0	0	0	4.905608892440796	91680	6152.043947219849	82182	10.359947643979055	
-2275282.8439361965	114.6	9.41025641025641	120.35897435897436	76.7948717948718	-47.3683443674326	1146	1433	161	15.0	257.0	158.0	69	8.0	85.0	55.0	0	0	4.49614691734314	91760	6156.540094137192	82249	10.365082824760236	
-3212747.710431747	114.6	9.85	123.2	78.8	-47.3683443674326	1147	1433	151	20	327	210	79	8	85	55	0	0	5.069278240203857	91840	6161.609372377396	82321	10.364764808362366	
-3075265.9028503527	115.35	9.8875	133.525	84.9875	-47.3683443674326	1148	1433	151	21	309	195	91	8	85	55	0	0	4.987618923187256	91920	6166.596991300583	82388	10.369886858137505	
-2275345.752292066	115.175	9.8375	130.8625	83.2625	-47.3683443674326	1149	1433	166	22	302	187	64	7	74	48	0	0	4.9741880893707275	92000	6171.571179389954	82460	10.369565217391312	
-2975374.2113805837	115.35	10.139240506329115	130.126582278481	83.07594936708861	-47.3683443674326	1150	1434	179	20.0	292.0	189.0	51	8.0	88.0	57.0	0	0	4.907371282577515	92080	6176.478550672531	82530	10.371416159860985	
-3062933.3164173136	116.275	10.2	146.7875	93.425	-47.3683443674326	1151	1434	250	21	486	308	31	7	85	55	0	0	5.295326471328735	92160	6181.77387714386	82604	10.368923611111114	
-2850360.516184283	118.375	9.974683544303797	142.53164556962025	90.20253164556962	-47.3683443674326	1152	1435	259	18.0	348.0	218.0	26	7.0	82.0	53.0	0	0	5.189858436584473	92240	6186.963735580444	82677	10.367519514310501	
-2350318.8536867434	111.0625	9.8	138.6625	87.8625	-47.3683443674326	1153	1435	198	20	406	253	26	7	82	53	0	0	4.889731168746948	92320	6191.853466749191	82748	10.368284228769497	
-2575353.924474898	112.1625	9.225	131.95	83.425	-47.3683443674326	1154	1435	135	14	405	253	90	7	82	53	0	0	4.981142044067383	92400	6196.834608793259	82822	10.365800865800864	
-2875194.8227478163	112.1625	9.7375	136.125	86.3375	-47.3683443674326	1155	1435	155	22	431	276	74	7	82	53	0	0	4.958808660507202	92480	6201.793417453766	82895	10.364403114186842	
-2537782.478080857	111.1	10.051282051282051	135.84615384615384	86.46153846153847	-47.3683443674326	1156	1437	163	22.0	301.0	193.0	67	7.0	74.0	48.0	0	0	4.896517276763916	92560	6206.68993473053	82965	10.366248919619707	
-1725250.618123275	108.9875	9.5625	128.5625	81.5875	-47.3683443674326	1157	1437	148	19	262	167	72	7	82	53	0	0	4.468461036682129	92640	6211.158395767212	83029	10.374568221070817	
-2625283.4966833787	112.9	10.113924050632912	135.31645569620252	86.12658227848101	-47.3683443674326	1158	1438	148	22.0	374.0	236.0	68	7.0	82.0	53.0	0	0	4.982042074203491	92720	6216.140437841415	83102	10.373166522864537	
-2325280.1187561275	111.0375	9.772151898734178	126.48101265822785	80.59493670886076	-47.3683443674326	1159	1439	130	18.0	291.0	181.0	61	7.0	82.0	53.0	0	0	4.806372165679932	92800	6220.946810007095	83172	10.375	
-3425360.123417267	111.6375	10.025316455696203	132.1012658227848	84.48101265822785	-47.3683443674326	1160	1440	137	22.0	504.0	327.0	61	7.0	74.0	48.0	0	0	4.819196939468384	92880	6225.766006946564	83241	10.377906976744185	
-3037955.9999127253	112.0875	9.3375	113.5625	72.725	-47.3683443674326	1161	1440	170	13	266	164	60	7	82	53	0	0	4.441993236541748	92960	6230.2080001831055	83310	10.380808950086063	
-3325273.448405297	113.7375	9.871794871794872	127.35897435897436	81.11538461538461	-47.3683443674326	1162	1442	141	20.0	398.0	249.0	68	8.0	85.0	55.0	0	0	4.995116233825684	93040	6235.203116416931	83381	10.381556319862426	
-3087764.926993394	112.1625	9.95	132.9875	84.6875	-47.3683443674326	1163	1442	149	21	314	201	68	7	82	53	0	0	5.174992084503174	93120	6240.378108501434	83456	10.378006872852225	
-2912831.474295894	115.3875	9.825	132.375	84.5125	-47.3683443674326	1164	1442	136	20	452	294	68	8	87	56	0	0	4.736556053161621	93200	6245.114664554596	83524	10.381974248927037	
-2962747.5391007117	114.3	9.7875	132.0	84.05	-47.3683443674326	1165	1442	132	19	315	192	98	8	85	55	0	0	4.435435056686401	93280	6249.550099611282	83591	10.387006861063469	
-2825206.4603068656	114.475	10.240506329113924	140.49367088607596	89.46835443037975	-47.3683443674326	1166	1443	171	20.0	313.0	197.0	59	8.0	79.0	51.0	0	0	4.8118531703948975	93360	6254.361952781677	83658	10.392030848329043	
-3287794.0917580673	114.3	10.038461538461538	134.56410256410257	85.83333333333333	-47.3683443674326	1167	1445	216	18.0	357.0	224.0	14	8.0	88.0	57.0	0	0	4.707728624343872	93440	6259.069681406021	83727	10.394905821917817	
-2875241.32715782	111.95	9.896103896103897	131.85714285714286	84.07792207792208	-47.3683443674326	1168	1448	149	21.0	297.0	191.0	14	7.0	74.0	48.0	0	0	4.638834714889526	93520	6263.708516120911	83795	10.398845166809238	
-3187854.5997375506	114.1625	9.679487179487179	128.19230769230768	81.61538461538461	-47.3683443674326	1169	1450	163	13.0	315.0	192.0	59	8.0	87.0	56.0	0	0	4.771620988845825	93600	6268.4801371097565	83863	10.402777777777786	
-3325250.511591208	114.1	9.79746835443038	138.73417721518987	87.9367088607595	-47.3683443674326	1170	1451	145	22.0	411.0	257.0	67	8.0	87.0	56.0	0	0	5.544992446899414	93680	6274.025129556656	83937	10.400298889837742	
-2200297.6644978733	114.6875	10.256410256410257	154.25641025641025	97.3076923076923	-47.3683443674326	1171	1453	181	20.0	308.0	188.0	49	8.0	88.0	57.0	0	0	5.307938098907471	93760	6279.333067655563	84007	10.402090443686006	
-3075186.057185855	118.7125	10.10126582278481	142.1772151898734	90.0506329113924	-47.3683443674326	1172	1454	181	22.0	314.0	200.0	70	8.0	88.0	57.0	0	0	5.1545045375823975	93840	6284.487572193146	84077	10.403878942881505	
-3725285.4261528505	120.4875	10.15	148.125	93.7125	-47.3683443674326	1173	1454	192	18	329	210	76	8	92	60	0	0	5.5507166385650635	93920	6290.038288831711	84149	10.40353492333901	
-3337756.342162804	117.2125	10.025	142.2	90.2125	-47.3683443674326	1174	1454	203	18	349	224	61	8	85	55	0	0	5.528425931930542	94000	6295.566714763641	84219	10.405319148936172	
-3287754.408247219	117.9875	10.08974358974359	142.28205128205127	90.46153846153847	-47.3683443674326	1175	1456	180	23.0	462.0	298.0	50	8.0	83.0	54.0	0	0	5.308365106582642	94080	6300.875079870224	84291	10.404974489795919	
-2200240.7054719236	120.175	9.949367088607595	145.16455696202533	91.70886075949367	-47.3683443674326	1176	1457	201	19.0	329.0	212.0	78	8.0	85.0	55.0	0	0	5.159081935882568	94160	6306.034161806107	84360	10.407816482582831	
-3150319.625837729	119.225	10.025316455696203	135.46835443037975	86.18987341772151	-47.3683443674326	1177	1458	174	20.0	314.0	197.0	82	7.0	82.0	53.0	0	0	4.738072156906128	94240	6310.772233963013	84428	10.411714770797971	
-2737908.1399227045	117.7375	9.873417721518987	131.0632911392405	83.60759493670886	-47.3683443674326	1178	1459	207	21.0	267.0	173.0	23	7.0	82.0	53.0	0	0	4.92902135848999	94320	6315.701255321503	84500	10.411365564037325	
-2200297.8804697557	111.3125	9.41025641025641	126.14102564102564	80.06410256410257	-47.3683443674326	1179	1461	158	13.0	226.0	138.0	38	7.0	74.0	48.0	0	0	4.495158910751343	94400	6320.196414232254	84570	10.413135593220332	
-3437743.295301625	113.4	10.275	141.525	89.6875	-47.3683443674326	1180	1461	142	22	330	212	55	7	74	48	0	0	5.253720760345459	94480	6325.4501349925995	84643	10.41172734970364	
-2712825.3580176076	113.575	10.278481012658228	151.27848101265823	95.9620253164557	-47.3683443674326	1181	1462	202	20.0	481.0	308.0	28	7.0	80.0	52.0	0	0	5.068313837051392	94560	6330.518448829651	84714	10.412436548223354	
-2025336.4382606521	117.3875	9.922077922077921	138.8181818181818	88.0909090909091	-47.3683443674326	1182	1465	216	22.0	467.0	294.0	24	8.0	79.0	51.0	0	0	4.994882345199585	94640	6335.5133311748505	84782	10.416314454775986	
-3050304.228803928	117.0625	10.435897435897436	141.76923076923077	90.28205128205128	-47.3683443674326	1183	1467	237	22.0	479.0	308.0	27	8.0	90.0	58.0	0	0	4.836993217468262	94720	6340.350324392319	84850	10.420185810810807	
-2925282.838590914	114.7375	9.962025316455696	132.31645569620252	84.58227848101266	-47.3683443674326	1184	1468	153	21.0	350.0	226.0	27	8.0	93.0	60.0	0	0	4.760741710662842	94800	6345.111066102982	84920	10.421940928270047	
-2925350.5268804953	113.9125	10.125	133.7375	85.25	-47.3683443674326	1185	1468	153	22	379	240	77	8	85	55	0	0	4.950773239135742	94880	6350.061839342117	84990	10.423693086003368	
-2737953.2965195333	114.45	10.3625	151.375	95.85	-47.3683443674326	1186	1468	148	21	415	267	82	8	85	55	0	0	5.2196948528289795	94960	6355.281534194946	85058	10.427548441449034	
-2975305.9987216676	113.7625	9.632911392405063	126.79746835443038	80.74683544303798	-47.3683443674326	1187	1469	193	19.0	393.0	247.0	37	8.0	85.0	55.0	0	0	4.390759706497192	95040	6359.6722939014435	85124	10.433501683501675	
-2800368.3834522874	116.775	9.50632911392405	128.873417721519	82.17721518987342	-47.3683443674326	1188	1470	166	14.0	486.0	295.0	53	7.0	82.0	53.0	0	0	4.973582029342651	95120	6364.645875930786	85194	10.43523969722456	
-3362783.384539473	117.9	10.179487179487179	142.0897435897436	90.32051282051282	-47.3683443674326	1189	1472	212	20.0	307.0	189.0	46	8.0	90.0	58.0	0	0	5.011550664901733	95200	6369.657426595688	85266	10.434873949579838	
-2975304.0686282865	114.2125	10.0	137.56410256410257	87.55128205128206	-47.3683443674326	1190	1474	184	18.0	363.0	222.0	54	7.0	74.0	48.0	0	0	4.374936103820801	95280	6374.032362699509	85332	10.44080604534004	
-1962833.774860159	117.7875	9.448717948717949	124.38461538461539	79.08974358974359	-47.3683443674326	1191	1476	236	15.0	498.0	297.0	63	8.0	85.0	55.0	0	0	4.416249990463257	95360	6378.448612689972	85399	10.445679530201346	
-2500384.849946159	115.775	9.675	124.15	79.375	-47.3683443674326	1192	1476	153	19	304	195	95	8	83	54	0	0	4.709847927093506	95440	6383.158460617065	85469	10.447401508801349	
-2925303.646414784	114.8375	9.8375	127.3	81.4375	-47.3683443674326	1193	1476	146	22	424	263	84	8	83	54	0	0	4.737269163131714	95520	6387.895729780197	85540	10.448073701842546	
-2275284.783088122	115.9125	9.525	121.15	77.375	-47.3683443674326	1194	1476	142	20	256	165	92	7	74	48	0	0	4.18409538269043	95600	6392.079825162888	85604	10.456066945606693	
-3650259.942587614	114.5375	10.151898734177216	138.0632911392405	88.0253164556962	-47.3683443674326	1195	1477	140	24.0	383.0	244.0	84	8.0	80.0	52.0	0	0	4.914688348770142	95680	6396.994513511658	85674	10.457775919732441	
-3550263.7588151186	113.9125	10.397435897435898	147.83333333333334	93.7051282051282	-47.3683443674326	1196	1479	168	24.0	416.0	259.0	62	8.0	88.0	57.0	0	0	5.009697675704956	95760	6402.004211187363	85744	10.4594820384294	
-2912816.617663308	116.95	10.064102564102564	151.21794871794873	95.35897435897436	-47.3683443674326	1197	1481	168	21.0	310.0	192.0	87	8.0	85.0	55.0	0	0	5.33573055267334	95840	6407.339941740036	85816	10.459098497495816	
-3137815.6768333176	116.9375	10.151898734177216	145.873417721519	92.59493670886076	-47.3683443674326	1198	1482	192	22.0	363.0	230.0	38	8.0	80.0	52.0	0	0	5.057331800460815	95920	6412.397273540497	85888	10.458715596330265	
-3025283.8479651124	114.2875	9.975	136.4	86.7375	-47.3683443674326	1199	1482	164	19	426	265	66	8	90	58	0	0	5.400029420852661	96000	6417.7973029613495	85962	10.456249999999997	
-2125345.6176894032	114.0	9.65	133.35	84.4625	-47.3683443674326	1200	1482	152	19	438	263	78	7	82	53	0	0	5.182197570800781	96080	6422.97950053215	86034	10.455870108243133	
-3012797.8700988516	115.6875	10.14102564102564	148.15384615384616	93.74358974358974	-47.3683443674326	1201	1484	158	20.0	438.0	263.0	72	8.0	88.0	57.0	0	0	5.225843667984009	96160	6428.205344200134	86104	10.457570715474205	
-2775307.5374519764	114.7375	10.20253164556962	148.9493670886076	94.20253164556962	-47.3683443674326	1202	1485	193	20.0	416.0	257.0	37	7.0	74.0	48.0	0	0	5.308472156524658	96240	6433.513816356659	86175	10.458229426433917	
-3062775.691028671	114.55	10.205128205128204	145.0897435897436	92.02564102564102	-47.3683443674326	1203	1487	174	21.0	341.0	212.0	56	8.0	80.0	52.0	0	0	5.058649778366089	96320	6438.572466135025	86243	10.462001661129577	
-3475259.854707646	114.7375	9.857142857142858	130.96103896103895	83.48051948051948	-47.3683443674326	1204	1490	191	21.0	336.0	213.0	39	8.0	85.0	55.0	0	0	4.859442949295044	96400	6443.43190908432	86312	10.46473029045643	
-3337809.126222942	115.9625	9.987012987012987	137.94805194805195	87.53246753246754	-47.3683443674326	1205	1493	178	29.0	382.0	243.0	68	8.0	85.0	55.0	0	0	4.628284454345703	96480	6448.060193538666	86381	10.467454394693192	
-3350321.175875801	109.9125	9.961538461538462	134.62820512820514	85.64102564102564	-47.3683443674326	1206	1495	152	19.0	409.0	257.0	68	8.0	79.0	51.0	0	0	4.982686519622803	96560	6453.042880058289	86451	10.469138359569172	
-3162762.3323472766	109.0375	9.922077922077921	145.57142857142858	92.1948051948052	-47.3683443674326	1207	1498	152	21.0	319.0	192.0	42	7.0	82.0	53.0	0	0	4.2642822265625	96640	6457.307162284851	86511	10.481167218543035	
-2825302.0147188203	114.85	9.8125	128.325	81.75	-47.3683443674326	1208	1498	144	20	310	192	86	8	93	60	0	0	4.678570032119751	96720	6461.985732316971	86577	10.486972704714631	
-2125420.4078693027	114.75	10.08860759493671	138.9620253164557	88.43037974683544	-47.3683443674326	1209	1499	164	20.0	410.0	259.0	66	8.0	91.0	59.0	0	0	4.694238901138306	96800	6466.679971218109	86644	10.491735537190081	
-2962738.4872744866	114.025	10.3375	142.9375	90.675	-47.3683443674326	1210	1499	153	21	314	204	66	8	87	56	0	0	4.922970294952393	96880	6471.6029415130615	86712	10.495458298926508	
-2800294.4504188164	114.3625	10.240506329113924	141.41772151898735	89.51898734177215	-47.3683443674326	1211	1500	212	22.0	306.0	185.0	18	8.0	87.0	56.0	0	0	4.812434196472168	96960	6476.415375709534	86783	10.496080858085804	
-3300193.9070832683	114.725	10.333333333333334	143.97435897435898	91.44871794871794	-47.3683443674326	1212	1502	197	20.0	382.0	230.0	33	8.0	79.0	51.0	0	0	4.903809547424316	97040	6481.319185256958	86855	10.495671887881286	
-1975228.3075678372	117.2	9.666666666666666	134.14102564102564	84.88461538461539	-47.3683443674326	1213	1504	202	19.0	311.0	195.0	33	8.0	87.0	56.0	0	0	4.524168252944946	97120	6485.843353509903	86919	10.503500823723229	
-2700251.7409755383	114.3	9.73076923076923	129.01282051282053	82.11538461538461	-47.3683443674326	1214	1506	170	20.0	281.0	182.0	80	8.0	85.0	55.0	0	0	4.4426305294036865	97200	6490.285984039307	86984	10.510288065843625	
-2800313.6635847194	113.8	9.875	126.575	80.775	-47.3683443674326	1215	1506	163	20	301	189	67	8	87	56	0	0	4.60987114906311	97280	6494.89585518837	87051	10.515008223684205	
-2812863.826608165	115.35	9.79746835443038	127.63291139240506	81.54430379746836	-47.3683443674326	1216	1507	146	18.0	315.0	195.0	79	8.0	88.0	57.0	0	0	4.921743154525757	97360	6499.8175983428955	87122	10.515612161051763	
-3150303.6391387857	116.1625	9.6625	124.6375	79.55	-47.3683443674326	1217	1507	142	22	348	226	88	8	85	55	0	0	4.888164758682251	97440	6504.705763101578	87196	10.513136288998354	
-2837852.9101850614	115.375	10.39240506329114	147.13924050632912	93.13924050632912	-47.3683443674326	1218	1508	181	22.0	351.0	224.0	65	7.0	74.0	48.0	0	0	5.048748731613159	97520	6509.754511833191	87267	10.513740771123864	
-2937796.7507799724	115.2625	10.225	141.7125	89.9375	-47.3683443674326	1219	1508	173	20	310	197	71	8	88	57	0	0	5.224011659622192	97600	6514.978523492813	87341	10.511270491803288	
-2575178.753363614	117.0875	10.025	143.2125	90.475	-47.3683443674326	1220	1508	165	21	355	224	71	7	74	48	0	0	5.06102442741394	97680	6520.039547920227	87410	10.513923013923005	
-2875244.9264324103	124.3	10.0875	146.8625	92.85	-47.3683443674326	1221	1508	226	17	306	194	56	8	79	51	0	0	5.329891681671143	97760	6525.369439601898	87484	10.511456628477902	
-2625283.4355733716	123.275	9.7625	141.2	89.175	-47.3683443674326	1222	1508	158	18	323	203	72	8	83	54	0	0	5.205626964569092	97840	6530.575066566467	87558	10.508994276369592	
-2462812.454656524	119.425	9.556962025316455	120.59493670886076	77.13924050632912	-47.3683443674326	1223	1509	163	19.0	410.0	259.0	73	7.0	74.0	48.0	0	0	4.394158124923706	97920	6534.969224691391	87623	10.515727124183002	
-2825234.6790528	117.1625	9.9125	134.8375	85.8	-47.3683443674326	1224	1509	155	25	511	327	85	8	85	55	0	0	5.180078029632568	98000	6540.149302721024	87696	10.514285714285705	
-2862745.3017711462	116.85	9.875	133.675	84.875	-47.3683443674326	1225	1509	155	15	325	197	78	8	93	60	0	0	4.646730422973633	98080	6544.796033143997	87764	10.517944535073411	
-3000282.516818202	116.1125	10.166666666666666	135.75641025641025	86.52564102564102	-47.3683443674326	1226	1511	165	21.0	471.0	304.0	65	7.0	82.0	53.0	0	0	4.850666761398315	98160	6549.6466999053955	87835	10.518541157294209	
-2437746.7772020404	117.4875	10.658227848101266	153.18987341772151	97.0379746835443	-47.3683443674326	1227	1512	164	22.0	385.0	248.0	70	8.0	88.0	57.0	0	0	5.205726861953735	98240	6554.852426767349	87905	10.520154723127035	
-2637761.4194388664	115.85	10.050632911392405	142.1012658227848	89.9873417721519	-47.3683443674326	1228	1513	168	20.0	383.0	238.0	62	7.0	82.0	53.0	0	0	5.182140111923218	98320	6560.0345668792725	87976	10.520748576078105	
-3637844.170466383	116.625	9.987341772151899	134.0253164556962	85.45569620253164	-47.3683443674326	1229	1514	152	20.0	410.0	259.0	91	7.0	82.0	53.0	0	0	4.9720189571380615	98400	6565.0065858364105	88045	10.52337398373983	
-1975401.1120396084	117.6	9.6875	123.9375	79.3125	-47.3683443674326	1230	1514	179	21	410	259	85	8	85	55	0	0	4.784090280532837	98480	6569.790676116943	88116	10.523964256701873	
-1975214.1857980848	120.75	9.835443037974683	128.63291139240508	81.9367088607595	-47.3683443674326	1231	1515	179	22.0	332.0	212.0	66	7.0	74.0	48.0	0	0	4.819761276245117	98560	6574.6104373931885	88189	10.522524350649348	
-2325334.481192868	120.125	10.1375	141.1625	89.675	-47.3683443674326	1232	1515	206	21	461	292	71	8	93	60	0	0	4.665681838989258	98640	6579.276119232178	88254	10.52919708029198	
-2837846.2472004043	116.8	10.0	135.31645569620252	85.88607594936708	-47.3683443674326	1233	1516	173	21.0	343.0	208.0	57	8.0	79.0	51.0	0	0	4.940254211425781	98720	6584.2163734436035	88323	10.531807131280388	
-2462783.3967029094	116.925	9.87012987012987	137.5194805194805	87.27272727272727	-47.3683443674326	1234	1519	233	19.0	424.0	256.0	34	7.0	85.0	55.0	0	0	4.916542291641235	98800	6589.132915735245	88393	10.533400809716596	
-2700382.4080841644	113.025	9.848101265822784	132.91139240506328	84.48101265822785	-47.3683443674326	1235	1520	181	26.0	496.0	309.0	46	8.0	85.0	55.0	0	0	5.002851963043213	98880	6594.135767698288	88463	10.534991909385113	
-2562899.075178582	115.825	9.987341772151899	133.43037974683546	84.92405063291139	-47.3683443674326	1236	1521	208	24.0	370.0	237.0	22	8.0	85.0	55.0	0	0	4.855501174926758	98960	6598.991268873215	88534	10.53556992724333	
-3450311.26620732	115.5125	9.7625	126.65	81.0375	-47.3683443674326	1237	1521	173	21	496	322	57	8	85	55	0	0	4.6884448528289795	99040	6603.679713726044	88600	10.541195476575112	
-3050273.5323945163	114.75	10.0	136.2405063291139	86.9113924050633	-47.3683443674326	1238	1522	150	24.0	352.0	228.0	80	8.0	88.0	57.0	0	0	4.96484637260437	99120	6608.644560098648	88669	10.543785310734464	
-3475305.076408761	115.7375	10.0	138.2375	87.7875	-47.3683443674326	1239	1522	154	24	406	257	84	8	87	56	0	0	4.962599992752075	99200	6613.6071600914	88739	10.545362903225808	
-2850343.137536993	116.85	9.531645569620252	123.46835443037975	78.86075949367088	-47.3683443674326	1240	1523	154	14.0	268.0	175.0	80	8.0	79.0	51.0	0	0	4.526226043701172	99280	6618.133386135101	88807	10.548952457695407	
-2562811.8176549003	113.875	9.962025316455696	142.70886075949366	90.39240506329114	-47.3683443674326	1241	1524	153	14.0	330.0	206.0	72	7.0	74.0	48.0	0	0	4.95320987701416	99360	6623.0865960121155	88881	10.546497584541058	
-2862873.7316342928	113.7375	9.820512820512821	132.12820512820514	84.14102564102564	-47.3683443674326	1242	1526	193	18.0	356.0	225.0	63	7.0	74.0	48.0	0	0	4.764206171035767	99440	6627.850802183151	88947	10.552091713596141	
-2062768.5524686587	113.925	10.025316455696203	145.1012658227848	91.48101265822785	-47.3683443674326	1243	1527	193	21.0	346.0	210.0	47	7.0	74.0	48.0	0	0	5.159982681274414	99520	6633.010784864426	89019	10.55164790996784	
-4025188.289398162	115.1875	10.405063291139241	149.0506329113924	94.56962025316456	-47.3683443674326	1244	1528	183	22.0	538.0	332.0	15	8.0	87.0	56.0	0	0	5.098073482513428	99600	6638.108858346939	89088	10.554216867469876	
-2925280.9094986543	117.8625	10.5	138.0	87.975	-47.3683443674326	1245	1528	169	24	472	293	75	7	74	48	0	0	5.058783769607544	99680	6643.167642116547	89158	10.55577849117175	
-2587777.3810438253	117.05	10.050632911392405	136.30379746835442	86.54430379746836	-47.3683443674326	1246	1529	215	25.0	427.0	275.0	15	8.0	87.0	56.0	0	0	5.065732002258301	99760	6648.233374118805	89230	10.555332798716918	
-3737743.9001680105	115.5125	10.253164556962025	138.91139240506328	88.48101265822785	-47.3683443674326	1247	1530	214	22.0	341.0	218.0	16	8.0	90.0	58.0	0	0	4.834468603134155	99840	6653.067842721939	89299	10.557892628205124	
-2687847.7846592786	112.8375	10.0	140.06410256410257	88.8974358974359	-47.3683443674326	1248	1532	214	25.0	401.0	257.0	50	8.0	93.0	60.0	0	0	4.97243332862854	99920	6658.040276050568	89370	10.558446757405932	
-3500264.445943106	114.3375	10.602564102564102	145.47435897435898	92.75641025641026	-47.3683443674326	1249	1534	214	21.0	320.0	207.0	76	7.0	85.0	55.0	0	0	5.037357568740845	100000	6663.0776336193085	89438	10.562000000000012	
-2225325.079091429	114.925	9.775	140.5625	89.2	-47.3683443674326	1250	1534	149	21	337	212	81	7	87	56	0	0	4.719272136688232	100080	6667.796905755997	89509	10.562549960031973	
-2650252.944549324	116.1125	10.076923076923077	139.57692307692307	88.53846153846153	-47.3683443674326	1251	1536	181	25.0	311.0	200.0	60	7.0	87.0	56.0	0	0	4.828908443450928	100160	6672.625814199448	89579	10.564097444089455	
-3162849.7568558026	114.05	10.575	145.7125	92.4875	-47.3683443674326	1252	1536	205	20	315	192	39	8	87	56	0	0	5.249613046646118	100240	6677.875427246094	89652	10.562649640861935	
-2912820.637667482	114.9	10.0	134.64935064935065	85.75324675324676	-47.3683443674326	1253	1539	169	21.0	407.0	257.0	61	7.0	87.0	56.0	0	0	4.794932842254639	100320	6682.670360088348	89722	10.564194577352467	
-2237899.7159772525	115.325	10.0	137.2	87.125	-47.3683443674326	1254	1539	165	24	473	303	87	7	74	48	0	0	4.861087322235107	100400	6687.5314474105835	89793	10.56474103585657	
-3050350.9241225454	116.175	9.79746835443038	125.64556962025317	80.30379746835443	-47.3683443674326	1255	1540	193	21.0	315.0	192.0	65	8.0	79.0	51.0	0	0	4.750230312347412	100480	6692.281677722931	89861	10.568272292993626	
-3137846.1183701507	116.475	9.975	127.8875	81.7	-47.3683443674326	1256	1540	154	20	414	258	76	8	85	55	0	0	4.8988261222839355	100560	6697.180503845215	89930	10.570803500397773	
-2500218.9765979704	113.675	9.784810126582279	136.8860759493671	86.84810126582279	-47.3683443674326	1257	1541	186	18.0	428.0	275.0	44	8.0	87.0	56.0	0	0	4.585880756378174	100640	6701.766384601593	89993	10.579292527821934	
-2987855.278402422	115.45	10.45	141.675	90.375	-47.3683443674326	1258	1541	182	22	456	285	48	8	79	51	0	0	4.8933234214782715	100720	6706.659708023071	90063	10.580818109610803	
-2662761.633941178	115.3	9.628205128205128	132.24358974358975	84.03846153846153	-47.3683443674326	1259	1543	169	13.0	301.0	185.0	48	8.0	85.0	55.0	0	0	4.555357456207275	100800	6711.215065479279	90130	10.585317460317455	
-2912788.492663741	114.9125	10.1375	140.4125	89.6125	-47.3683443674326	1260	1543	157	21	392	252	73	8	85	55	0	0	5.1175782680511475	100880	6716.33264374733	90203	10.583862014274388	
-3187791.8757654433	115.2625	9.844155844155845	135.4935064935065	86.23376623376623	-47.3683443674326	1261	1546	185	20.0	364.0	235.0	45	8.0	87.0	56.0	0	0	4.826432704925537	100960	6721.159076452255	90272	10.586370839936606	
-1525260.813005791	112.7	9.7875	131.7	83.95	-47.3683443674326	1262	1546	154	21	281	181	76	7	74	48	0	0	4.448911190032959	101040	6725.607987642288	90340	10.589865399841642	
-2725277.8337542964	111.525	9.8875	133.1125	84.8	-47.3683443674326	1263	1546	171	21	327	207	59	8	87	56	0	0	4.863705396652222	101120	6730.47169303894	90410	10.591376582278471	
-3550331.864220042	111.5	9.91139240506329	136.43037974683546	86.74683544303798	-47.3683443674326	1264	1547	184	22.0	392.0	252.0	46	8.0	87.0	56.0	0	0	4.967620849609375	101200	6735.43931388855	90481	10.591897233201593	
-2637821.613443936	111.4	10.415584415584416	145.03896103896105	92.02597402597402	-47.3683443674326	1265	1550	187	23.0	394.0	242.0	24	7.0	82.0	53.0	0	0	4.782525539398193	101280	6740.221839427948	90547	10.597353870458136	
-2825306.2707833676	115.5125	9.8375	136.5	86.6625	-47.3683443674326	1266	1550	179	22	306	197	51	7	82	53	0	0	5.073974370956421	101360	6745.295813798904	90617	10.598855564325177	
-2925239.0403360003	118.225	9.91139240506329	132.64556962025316	84.31645569620254	-47.3683443674326	1267	1551	173	21.0	296.0	191.0	64	8.0	91.0	59.0	0	0	5.055015325546265	101440	6750.350829124451	90688	10.599369085173507	
-2600388.560930333	114.2125	9.810126582278482	135.0126582278481	85.86075949367088	-47.3683443674326	1268	1552	153	23.0	327.0	211.0	77	8.0	79.0	51.0	0	0	5.048884153366089	101520	6755.399713277817	90758	10.60086682427108	
-2862883.0766186854	115.0	10.179487179487179	139.98717948717947	88.82051282051282	-47.3683443674326	1269	1554	195	22.0	408.0	257.0	35	8.0	90.0	58.0	0	0	5.204474687576294	101600	6760.604187965393	90831	10.599409448818903	
-2600235.0191224166	114.15	10.0	137.20253164556962	87.50632911392405	-47.3683443674326	1270	1555	168	25.0	495.0	316.0	62	8.0	85.0	55.0	0	0	5.074273109436035	101680	6765.678461074829	90904	10.597954366640437	
-2775303.927681687	118.85	9.775	125.5	80.2	-47.3683443674326	1271	1555	168	21	296	181	47	8	87	56	0	0	4.946896314620972	101760	6770.62535738945	90977	10.596501572327043	
-3887773.529061495	116.475	9.9375	133.0	84.825	-47.3683443674326	1272	1555	168	21	305	193	81	8	85	55	0	0	5.239016771316528	101840	6775.864374160767	91050	10.595051060487037	
-2400414.619790772	115.5625	10.0375	137.225	87.275	-47.3683443674326	1273	1555	191	20	380	233	39	8	85	55	0	0	4.809586048126221	101920	6780.673960208893	91119	10.597527472527474	
-2362792.075009805	113.125	9.73076923076923	133.33333333333334	84.6923076923077	-47.3683443674326	1274	1557	162	21.0	347.0	218.0	68	8.0	85.0	55.0	0	0	4.525181531906128	102000	6785.199141740799	91185	10.602941176470594	
-3212763.6218761187	114.6875	9.91025641025641	133.1153846153846	84.62820512820512	-47.3683443674326	1275	1559	179	21.0	344.0	218.0	21	8.0	90.0	58.0	0	0	4.4095563888549805	102080	6789.608698129654	91251	10.608346394984324	
-2500418.0432411637	114.25	9.85897435897436	142.82051282051282	90.32051282051282	-47.3683443674326	1276	1561	167	22.0	301.0	194.0	73	8.0	93.0	60.0	0	0	5.02437424659729	102160	6794.633072376251	91323	10.607870007830854	
-2550368.3615411953	112.6	9.455696202531646	129.9873417721519	82.74683544303798	-47.3683443674326	1277	1562	167	14.0	232.0	146.0	59	7.0	82.0	53.0	0	0	4.9705445766448975	102240	6799.603616952896	91397	10.60543818466354	
-2975233.6220450923	114.925	9.8625	136.0	86.6375	-47.3683443674326	1278	1562	169	22	336	218	37	8	88	57	0	0	5.323559999465942	102320	6804.927176952362	91471	10.603010164190778	
-2037787.770525828	112.9375	9.683544303797468	126.77215189873418	81.0126582278481	-47.3683443674326	1279	1563	183	14.0	277.0	170.0	44	8.0	85.0	55.0	0	0	4.991315603256226	102400	6809.918492555618	91544	10.6015625	
-3762766.020561325	112.925	9.85	132.9125	84.7125	-47.3683443674326	1280	1563	167	23	345	222	77	8	85	55	0	0	5.2487952709198	102480	6815.167287826538	91618	10.599141295862609	
-3500334.2252517343	113.2125	10.012658227848101	139.9746835443038	88.9367088607595	-47.3683443674326	1281	1564	167	14.0	337.0	211.0	47	7.0	74.0	48.0	0	0	5.038325548171997	102560	6820.20561337471	91688	10.600624024961007	
-3087856.194457108	116.2875	9.873417721518987	132.44303797468353	84.36708860759494	-47.3683443674326	1282	1565	156	22.0	352.0	212.0	77	8.0	88.0	57.0	0	0	4.707943677902222	102640	6824.913557052612	91758	10.602104442712388	
-3587772.6126092686	116.875	9.835443037974683	135.51898734177215	86.15189873417721	-47.3683443674326	1283	1566	163	22.0	334.0	202.0	67	8.0	87.0	56.0	0	0	5.407395124435425	102720	6830.320952177048	91833	10.598714953271028	
-2862847.4475494237	116.5875	9.873417721518987	139.48101265822785	88.40506329113924	-47.3683443674326	1284	1567	186	21.0	301.0	195.0	44	8.0	79.0	51.0	0	0	5.069874048233032	102800	6835.390826225281	91903	10.600194552529189	
-2850308.381384899	120.05	10.2875	154.4875	97.725	-47.3683443674326	1285	1567	263	22	437	278	81	8	85	55	0	0	5.372066020965576	102880	6840.762892246246	91977	10.597783825816492	
-2750351.4865188957	118.575	10.35	160.1875	101.0375	-47.3683443674326	1286	1567	237	20	406	262	32	8	93	60	0	0	5.519952297210693	102960	6846.282844543457	92047	10.59926184926185	
-2287781.926353916	117.6375	10.012658227848101	146.77215189873417	92.49367088607595	-47.3683443674326	1287	1568	201	15.0	286.0	176.0	33	7.0	74.0	48.0	0	0	5.249015808105469	103040	6851.5318603515625	92116	10.601708074534173	
-2300389.0523645137	115.2	9.65	131.8875	83.6625	-47.3683443674326	1288	1568	174	14	296	181	56	8	83	54	0	0	4.871955871582031	103120	6856.4038162231445	92187	10.60221101629169	
-3000300.3522206075	115.325	10.125	141.2375	89.5	-47.3683443674326	1289	1568	145	21	296	185	87	8	93	60	0	0	4.949533700942993	103200	6861.3533499240875	92257	10.60368217054264	
-3287816.8180416655	116.05	9.759493670886076	133.2405063291139	84.65822784810126	-47.3683443674326	1290	1569	198	19.0	296.0	181.0	32	7.0	74.0	48.0	0	0	4.637266397476196	103280	6865.990616321564	92325	10.607087529047249	
-2775298.683901027	119.55	9.5625	128.25	81.4875	-47.3683443674326	1291	1569	198	15	316	190	73	8	85	55	0	0	4.823851585388184	103360	6870.814467906952	92397	10.606617647058826	
-3450305.867704718	115.225	9.645569620253164	126.17721518987342	80.54430379746836	-47.3683443674326	1292	1570	217	22.0	497.0	317.0	13	8.0	85.0	55.0	0	0	4.640364408493042	103440	6875.454832315445	92464	10.610982211910297	
-3275240.125822912	114.675	9.835443037974683	136.26582278481013	86.29113924050633	-47.3683443674326	1293	1571	194	15.0	310.0	192.0	36	8.0	84.0	54.0	0	0	4.9832799434661865	103520	6880.438112258911	92533	10.613408037094288	
-2362723.1455002767	119.2	10.0	142.975	90.4625	-47.3683443674326	1294	1571	175	20	323	202	63	7	79	51	0	0	4.953585147857666	103600	6885.391697406769	92602	10.615830115830121	
-2762886.448122114	117.45	9.7125	128.2125	81.575	-47.3683443674326	1295	1571	170	19	304	187	60	8	85	55	0	0	4.578001022338867	103680	6889.969698429108	92668	10.621141975308646	
-2962834.895903419	116.9125	10.2375	144.4	91.6125	-47.3683443674326	1296	1571	185	21	386	241	71	7	74	48	0	0	5.06961727142334	103760	6895.039315700531	92739	10.621626831148802	
-2887853.2883203058	114.8375	9.974683544303797	143.18987341772151	90.9873417721519	-47.3683443674326	1297	1572	186	21.0	432.0	277.0	65	8.0	82.0	53.0	0	0	5.12880539894104	103840	6900.168121099472	92811	10.621147919876734	
-3062703.879024923	115.35	9.873417721518987	142.08860759493672	89.9746835443038	-47.3683443674326	1298	1573	146	22.0	486.0	301.0	84	8.0	85.0	55.0	0	0	5.342146873474121	103920	6905.510267972946	92883	10.620669745958438	
-2550321.3962990353	116.0375	10.064102564102564	138.89743589743588	88.1025641025641	-47.3683443674326	1299	1575	176	20.0	421.0	253.0	54	8.0	80.0	52.0	0	0	4.84891152381897	104000	6910.359179496765	92954	10.621153846153845	
-2525346.9802155863	114.5375	10.285714285714286	145.87012987012986	92.42857142857143	-47.3683443674326	1300	1578	194	24.0	545.0	347.0	36	8.0	84.0	54.0	0	0	5.20070743560791	104080	6915.559886932373	93025	10.621637202152186	
-1825323.3969728958	114.2375	9.91025641025641	132.60256410256412	84.41025641025641	-47.3683443674326	1301	1580	184	24.0	483.0	309.0	36	7.0	82.0	53.0	0	0	4.402673006057739	104160	6919.962559938431	93088	10.629800307219668	
-2812770.4616081603	115.075	9.721518987341772	128.13924050632912	81.72151898734177	-47.3683443674326	1302	1581	160	22.0	370.0	238.0	70	8.0	85.0	55.0	0	0	4.920855283737183	104240	6924.883415222168	93160	10.629316960859555	
-2875308.613199272	114.1	9.475	127.475	80.9875	-47.3683443674326	1303	1581	138	14	256	157	92	8	85	55	0	0	4.711228370666504	104320	6929.5946435928345	93230	10.630751533742327	
-2525218.583698322	112.6625	9.975	133.1375	84.7625	-47.3683443674326	1304	1581	155	22	329	210	54	7	74	48	0	0	4.924841403961182	104400	6934.519484996796	93300	10.632183908045974	
-3300379.9606249575	114.5625	9.6	119.95	76.75	-47.3683443674326	1305	1581	154	19	275	177	76	8	79	51	0	0	4.585006952285767	104480	6939.104491949081	93371	10.632656967840731	
-2500470.4218747066	114.6	9.925	124.5875	79.925	-47.3683443674326	1306	1581	157	22	408	257	73	8	93	60	0	0	4.308636903762817	104560	6943.413128852844	93439	10.635998469778116	
-2812790.6792796697	114.4	9.632911392405063	129.56962025316454	82.67088607594937	-47.3683443674326	1307	1582	161	14.0	350.0	219.0	50	8.0	85.0	55.0	0	0	4.490594863891602	104640	6947.903723716736	93507	10.639334862385326	
-3150308.1832630723	116.55	10.468354430379748	148.0379746835443	94.15189873417721	-47.3683443674326	1308	1583	170	22.0	398.0	254.0	60	8.0	93.0	60.0	0	0	4.993818044662476	104720	6952.897541761398	93581	10.636936592818941	
-2937824.229068869	118.4375	10.1875	145.575	92.3	-47.3683443674326	1309	1583	170	18	338	212	87	7	74	48	0	0	4.93522572517395	104800	6957.832767486572	93652	10.637404580152676	
-3750303.597841264	119.025	10.275	143.525	91.2625	-47.3683443674326	1310	1583	169	20	384	246	80	8	87	56	0	0	5.37617039680481	104880	6963.208937883377	93726	10.635011441647606	
-2737834.5285742194	116.875	10.582278481012658	167.60759493670886	105.68354430379746	-47.3683443674326	1311	1584	217	21.0	418.0	265.0	36	8.0	85.0	55.0	0	0	5.757756471633911	104960	6968.966694355011	93799	10.63357469512195	
-1937844.8668747959	118.3	9.623376623376624	135.24675324675326	85.67532467532467	-47.3683443674326	1312	1587	207	20.0	334.0	208.0	36	8.0	85.0	55.0	0	0	5.001404523849487	105040	6973.9680988788605	93870	10.634044173648135	
-2387768.769519874	118.35	9.784810126582279	125.10126582278481	80.0632911392405	-47.3683443674326	1313	1588	179	22.0	299.0	191.0	39	7.0	74.0	48.0	0	0	4.8379905223846436	105120	6978.806089401245	93942	10.63356164383562	
-2262780.646302654	116.6625	9.375	123.8625	79.0625	-47.3683443674326	1314	1588	152	13	315	192	78	8	88	57	0	0	4.549637317657471	105200	6983.355726718903	94012	10.634980988593156	
-3287784.879846151	116.325	9.708860759493671	126.64556962025317	80.9493670886076	-47.3683443674326	1315	1589	187	22.0	349.0	225.0	54	8.0	85.0	55.0	0	0	4.677133321762085	105280	6988.032860040665	94083	10.635448328267472	
-3575350.4723694352	115.125	9.8875	128.4875	82.0125	-47.3683443674326	1316	1589	180	20	335	212	50	8	87	56	0	0	4.820496082305908	105360	6992.853356122971	94154	10.63591495823843	
-2275293.601828305	115.675	10.038461538461538	138.01282051282053	87.61538461538461	-47.3683443674326	1317	1591	180	21.0	324.0	205.0	22	7.0	82.0	53.0	0	0	4.592519998550415	105440	6997.445876121521	94223	10.638277693474961	
-3225247.488295818	113.625	10.425	136.325	87.0375	-47.3683443674326	1318	1591	126	22	333	212	67	8	79	51	0	0	4.983665466308594	105520	7002.42954158783	94294	10.638741470811226	
-3350216.5871744654	114.8875	9.807692307692308	130.03846153846155	82.84615384615384	-47.3683443674326	1319	1593	169	15.0	346.0	221.0	56	8.0	85.0	55.0	0	0	4.726890802383423	105600	7007.156432390213	94364	10.640151515151516	
-3312881.363723012	117.1875	10.05	134.4125	85.4625	-47.3683443674326	1320	1593	169	23	326	203	86	8	85	55	0	0	5.081344366073608	105680	7012.237776756287	94433	10.642505677517036	
-2675356.935608906	117.8625	9.89873417721519	133.60759493670886	85.0886075949367	-47.3683443674326	1321	1594	180	19.0	303.0	191.0	66	7.0	85.0	55.0	0	0	4.54960560798645	105760	7016.787382364273	94500	10.64674735249622	
-2575336.529600183	115.0625	10.481012658227849	148.64556962025316	94.50632911392405	-47.3683443674326	1322	1595	174	31.0	639.0	414.0	56	7.0	85.0	55.0	0	0	5.460699796676636	105840	7022.24808216095	94570	10.648148148148152	
-2925280.2640981157	113.15	9.4875	116.8125	74.8875	-47.3683443674326	1323	1595	171	13	297	182	36	7	82	53	0	0	4.8055524826049805	105920	7027.053634643555	94642	10.647658610271904	
-2887922.43814071	107.7125	9.7	129.3375	82.3375	-47.3683443674326	1324	1595	147	22	408	257	56	7	85	55	0	0	4.571944236755371	106000	7031.62557888031	94710	10.650943396226424	
-2075376.340108697	107.2625	9.662337662337663	132.74025974025975	84.25974025974025	-47.3683443674326	1325	1598	215	20.0	306.0	193.0	24	7.0	90.0	58.0	0	0	4.7929301261901855	106080	7036.4185090065	94780	10.652337858220207	
-2137774.0167134157	118.8875	9.705128205128204	128.60256410256412	81.6923076923077	-47.3683443674326	1326	1600	206	16.0	337.0	212.0	43	8.0	93.0	60.0	0	0	4.559431076049805	106160	7040.97794008255	94845	10.65844009042955	
-2612877.282801588	119.95	9.7875	140.525	88.775	-47.3683443674326	1327	1600	209	14	310	192	79	8	87	56	0	0	5.246890544891357	106240	7046.224830627441	94917	10.657944277108427	
-2300337.7550100405	122.3375	10.518987341772151	145.91139240506328	93.0126582278481	-47.3683443674326	1328	1601	226	23.0	415.0	266.0	59	8.0	90.0	58.0	0	0	4.617820501327515	106320	7050.842651128769	94982	10.664033107599707	
-3762758.01541094	120.45	10.233766233766234	147.8181818181818	93.75324675324676	-47.3683443674326	1329	1604	199	24.0	414.0	256.0	31	8.0	88.0	57.0	0	0	5.081532955169678	106400	7055.924184083939	95050	10.667293233082702	
-3237781.0942503125	122.025	9.974683544303797	142.9240506329114	90.9113924050633	-47.3683443674326	1330	1605	195	23.0	440.0	282.0	42	8.0	88.0	57.0	0	0	5.2000367641448975	106480	7061.1242208480835	95121	10.66773102930128	
-2762861.0420325706	119.625	9.95	133.55	85.3125	-47.3683443674326	1331	1605	194	22	423	273	72	7	82	53	0	0	4.444266080856323	106560	7065.56848692894	95188	10.671921921921921	
-2362850.2030891916	119.0125	9.875	129.8	82.7625	-47.3683443674326	1332	1605	180	21	291	188	53	8	93	60	0	0	4.574725389480591	106640	7070.14321231842	95258	10.673293323330839	
-3275273.780936294	115.8875	9.772151898734178	138.1139240506329	87.45569620253164	-47.3683443674326	1333	1606	160	12.0	256.0	157.0	86	8.0	86.0	56.0	0	0	5.038659334182739	106720	7075.181871652603	95328	10.674662668665675	
-2337782.382157321	115.9875	9.7375	133.5375	84.6625	-47.3683443674326	1334	1606	195	21	408	257	35	7	74	48	0	0	4.876539468765259	106800	7080.058411121368	95399	10.675093632958806	
-2862804.134873295	117.5875	10.0	132.8375	84.55	-47.3683443674326	1335	1606	169	22	341	215	61	8	85	55	0	0	4.5328803062438965	106880	7084.591291427612	95467	10.678330838323362	
-2962847.4589327057	116.4125	10.10126582278481	139.0126582278481	88.20253164556962	-47.3683443674326	1336	1607	168	20.0	315.0	192.0	62	7.0	82.0	53.0	0	0	4.629937410354614	106960	7089.221228837967	95535	10.68156320119671	
-3087874.19626432	115.4875	10.253164556962025	138.9746835443038	88.46835443037975	-47.3683443674326	1337	1608	159	21.0	342.0	216.0	61	8.0	88.0	57.0	0	0	4.859209299087524	107040	7094.080438137054	95605	10.682922272047833	
-3137732.1326150754	114.5125	10.775	155.65	98.725	-47.3683443674326	1338	1608	152	23	410	259	78	8	85	55	0	0	5.230412483215332	107120	7099.31085062027	95676	10.683345780433157	
-3050391.9404512965	115.65	10.0	134.825	85.7625	-47.3683443674326	1339	1608	151	21	274	175	79	8	85	55	0	0	4.478016138076782	107200	7103.788866758347	95741	10.689365671641795	
-3500295.0329874763	116.025	9.675	128.225	81.6125	-47.3683443674326	1340	1608	151	15	266	161	79	8	80	52	0	0	4.845928907394409	107280	7108.634795665741	95813	10.688851603281137	
-2737862.0130753005	114.1125	9.775	132.55	84.25	-47.3683443674326	1341	1608	144	18	311	195	85	7	82	53	0	0	4.998828649520874	107360	7113.633624315262	95885	10.688338301043217	
-1475323.4318466235	113.425	9.7	137.3375	86.9	-47.3683443674326	1342	1608	147	21	427	277	83	8	87	56	0	0	4.883643865585327	107440	7118.517268180847	95955	10.689687267311982	
-2850272.367448866	113.025	9.775	131.1	83.4875	-47.3683443674326	1343	1608	143	22	280	180	87	8	83	54	0	0	5.0884974002838135	107520	7123.605765581131	96029	10.68731398809524	
-3187938.7569834418	114.175	10.265822784810126	141.9367088607595	90.48101265822785	-47.3683443674326	1344	1609	159	22.0	463.0	298.0	71	8.0	93.0	60.0	0	0	4.870486497879028	107600	7128.47625207901	96098	10.689591078066911	
-2662711.7163961777	113.9125	9.7	135.0	85.725	-47.3683443674326	1345	1609	163	18	328	205	67	8	85	55	0	0	4.887953042984009	107680	7133.364205121994	96168	10.690936106983656	
-3312842.304657425	113.2375	10.240506329113924	139.8860759493671	89.10126582278481	-47.3683443674326	1346	1610	145	22.0	428.0	270.0	82	8.0	85.0	55.0	0	0	4.997411727905273	107760	7138.361616849899	96238	10.692279138827018	
-3312846.5244242894	114.925	10.125	141.9125	90.1125	-47.3683443674326	1347	1610	159	22	353	226	65	8	85	55	0	0	5.158084392547607	107840	7143.519701242447	96311	10.69083827893175	
-2862819.1830885476	115.0125	9.820512820512821	133.87179487179486	85.3076923076923	-47.3683443674326	1348	1612	190	14.0	374.0	232.0	40	7.0	79.0	51.0	0	0	5.020347595214844	107920	7148.540048837662	96381	10.692179392142336	
-2737756.331699257	115.0	10.5	157.3421052631579	99.47368421052632	-47.3683443674326	1349	1616	209	18.0	410.0	259.0	21	7.0	74.0	48.0	0	0	5.278185844421387	108000	7153.818234682083	96451	10.693518518518516	
-3325221.787268646	118.2875	10.194805194805195	147.2207792207792	93.37662337662337	-47.3683443674326	1350	1619	227	22.0	408.0	257.0	20	8.0	88.0	57.0	0	0	5.2896528244018555	108080	7159.107887506485	96522	10.693930421909698	
-3112787.182475659	115.1375	10.1875	140.925	89.875	-47.3683443674326	1351	1619	201	22	449	291	78	8	85	55	0	0	5.02747106552124	108160	7164.135358572006	96594	10.693417159763314	
-2712783.146875202	115.0375	9.8625	139.9	88.7375	-47.3683443674326	1352	1619	152	20	310	192	75	8	84	54	0	0	5.271832466125488	108240	7169.407191038132	96666	10.692904656319286	
-2675421.507472647	113.7375	9.708860759493671	130.16455696202533	82.72151898734177	-47.3683443674326	1353	1620	154	15.0	261.0	160.0	76	8.0	84.0	54.0	0	0	4.70101261138916	108320	7174.108203649521	96732	10.697932053175776	
-2762805.870679716	113.4	10.4	156.15	98.475	-47.3683443674326	1354	1620	144	19	325	204	86	8	91	59	0	0	5.372787237167358	108400	7179.480990886688	96806	10.695571955719558	
-2662896.985429005	111.35	10.153846153846153	149.67948717948718	95.16666666666667	-47.3683443674326	1355	1622	170	22.0	448.0	284.0	57	8.0	93.0	60.0	0	0	5.2541892528533936	108480	7184.735180139542	96873	10.699668141592923	
-3187795.6733285664	110.3625	10.294871794871796	147.0	92.93589743589743	-47.3683443674326	1356	1624	172	26.0	399.0	251.0	57	8.0	88.0	57.0	0	0	5.536875009536743	108560	7190.272055149078	96943	10.700994841562277	
-2625253.341848432	109.3	10.30379746835443	153.1772151898734	96.9367088607595	-47.3683443674326	1357	1625	172	25.0	651.0	415.0	58	8.0	88.0	57.0	0	0	5.2020440101623535	108640	7195.474099159241	97013	10.702319587628864	
-3012770.2927280306	109.8	10.2875	141.1125	89.7	-47.3683443674326	1358	1625	172	22	295	191	58	8	85	55	0	0	5.444653034210205	108720	7200.918752193451	97086	10.700883002207505	
-3775350.388405882	114.3375	9.8375	125.9125	80.55	-47.3683443674326	1359	1625	177	15	241	155	48	7	82	53	0	0	6.656439304351807	108800	7207.575191497803	97156	10.702205882352942	
-3037961.2285323855	115.0875	9.49367088607595	121.40506329113924	77.55696202531645	-47.3683443674326	1360	1626	166	24.0	281.0	174.0	56	8.0	84.0	54.0	0	0	7.465332746505737	108880	7215.0405242443085	97225	10.704445260837616	
-2250447.545098044	115.0875	9.3875	120.65	77.1	-47.3683443674326	1361	1626	162	14	329	207	78	8	79	51	0	0	7.156434059143066	108960	7222.1969583034515	97293	10.707599118942738	
-3125375.0200580494	116.7875	9.9125	130.0	83.1875	-47.3683443674326	1362	1626	168	20	441	280	62	7	74	48	0	0	7.129103899002075	109040	7229.326062202454	97364	10.707997065297135	
-2500453.5867382204	117.1125	9.625	118.65	76.05	-47.3683443674326	1363	1626	196	19	376	236	76	7	85	55	0	0	6.827668190002441	109120	7236.153730392456	97433	10.710227272727266	
-1725438.0756420256	115.1	9.9375	125.9125	80.4625	-47.3683443674326	1364	1626	145	22	297	190	85	7	87	56	0	0	6.912227392196655	109200	7243.065957784653	97504	10.710622710622715	
-2887837.4282626566	112.25	9.670886075949367	122.72151898734177	78.49367088607595	-47.3683443674326	1365	1627	158	21.0	325.0	197.0	72	7.0	85.0	55.0	0	0	6.987329483032227	109280	7250.053287267685	97571	10.71467789165446	
-3000333.9448344535	111.1125	9.692307692307692	127.25641025641026	81.2948717948718	-47.3683443674326	1366	1629	158	20.0	274.0	176.0	60	8.0	85.0	55.0	0	0	7.106719493865967	109360	7257.160006761551	97638	10.71872713972202	
-2162750.733987538	112.3875	9.75	129.45	82.35	-47.3683443674326	1367	1629	148	21	301	195	57	7	82	53	0	0	7.639317512512207	109440	7264.799324274063	97708	10.720029239766077	
-2812785.5461726584	114.85	10.278481012658228	140.86075949367088	89.55696202531645	-47.3683443674326	1368	1630	176	22.0	403.0	245.0	54	8.0	85.0	55.0	0	0	7.729583501815796	109520	7272.528907775879	97777	10.722242512783055	
-3212795.4063576446	114.0875	9.949367088607595	138.74683544303798	88.11392405063292	-47.3683443674326	1369	1631	150	15.0	289.0	177.0	79	8.0	85.0	55.0	0	0	7.399267673492432	109600	7279.928175449371	97846	10.724452554744516	
-2962785.056079164	114.8125	9.95	136.6375	86.8875	-47.3683443674326	1370	1631	187	22	440	281	43	8	85	55	0	0	8.048655986785889	109680	7287.976831436157	97917	10.72483588621445	
-3375310.5958935544	115.0	9.683544303797468	123.64556962025317	79.0253164556962	-47.3683443674326	1371	1632	152	19.0	268.0	170.0	78	7.0	74.0	48.0	0	0	7.544331073760986	109760	7295.521162509918	97990	10.723396501457728	
-2862977.26794547	116.0625	9.91139240506329	135.39240506329114	86.11392405063292	-47.3683443674326	1372	1633	159	22.0	391.0	249.0	66	7.0	87.0	56.0	0	0	7.606274127960205	109840	7303.127436637878	98060	10.724690458849238	
-2462908.494130616	114.5	9.961538461538462	147.64102564102564	93.61538461538461	-47.3683443674326	1373	1635	162	22.0	437.0	277.0	43	7.0	87.0	56.0	0	0	7.675154209136963	109920	7310.802590847015	98129	10.72689228529839	
-3087831.879519972	117.7	9.6625	136.6375	86.55	-47.3683443674326	1374	1635	163	22	393	250	67	8	87	56	0	0	7.9345786571502686	110000	7318.737169504166	98204	10.723636363636373	
-3237909.645482864	122.6875	9.6375	128.15	81.65	-47.3683443674326	1375	1635	183	14	338	206	94	8	90	58	0	0	7.702624559402466	110080	7326.439794063568	98275	10.724018895348848	
-3312850.754561769	122.8125	10.115384615384615	144.17948717948718	91.46153846153847	-47.3683443674326	1376	1637	176	22.0	465.0	285.0	76	7.0	74.0	48.0	0	0	7.7902538776397705	110160	7334.230047941208	98345	10.725308641975303	
-3900289.398571408	119.8125	10.1875	140.8625	89.6125	-47.3683443674326	1377	1637	191	20	463	286	66	7	74	48	0	0	7.868572950363159	110240	7342.098620891571	98415	10.726596516690861	
-2850289.1838926733	115.1	10.45	151.4	95.975	-47.3683443674326	1378	1637	176	21	410	259	66	8	88	57	0	0	7.910141468048096	110320	7350.008762359619	98485	10.7278825235678	
-2862796.794362541	115.6875	10.575	154.75	97.8375	-47.3683443674326	1379	1637	192	25	513	330	53	8	87	56	0	0	8.521724462509155	110400	7358.530486822128	98558	10.726449275362313	
-1800281.2177031338	122.6375	10.341772151898734	151.0506329113924	95.59493670886076	-47.3683443674326	1380	1638	192	21.0	354.0	222.0	51	8.0	90.0	58.0	0	0	8.083025455474854	110480	7366.613512277603	98629	10.726828385228089	
-1937768.5857861643	117.9875	9.85	131.2625	83.525	-47.3683443674326	1381	1638	162	22	390	243	83	8	85	55	0	0	7.494105577468872	110560	7374.107617855072	98698	10.729015918958027	
-3812814.0724612563	117.525	10.325	133.6875	85.45	-47.3683443674326	1382	1638	162	22	387	248	94	8	90	58	0	0	7.632516145706177	110640	7381.740134000778	98769	10.729392624728845	
-2925232.7905549235	116.8375	10.354430379746836	144.13924050632912	91.72151898734177	-47.3683443674326	1383	1639	162	24.0	454.0	284.0	76	8.0	94.0	61.0	0	0	7.65553617477417	110720	7389.395670175552	98837	10.732478323699425	
-3212772.783049014	116.4125	9.975	143.7625	90.9625	-47.3683443674326	1384	1639	140	18	332	212	92	8	87	56	0	0	7.899483680725098	110800	7397.2951538562775	98908	10.732851985559563	
-2137735.6856275564	115.4	9.759493670886076	138.0632911392405	87.51898734177215	-47.3683443674326	1385	1640	179	22.0	496.0	321.0	51	8.0	88.0	57.0	0	0	7.3922059535980225	110880	7404.6873598098755	98975	10.736832611832611	
-2825279.822463479	114.1	10.256410256410257	144.4102564102564	91.71794871794872	-47.3683443674326	1386	1642	214	23.0	430.0	276.0	16	7.0	74.0	48.0	0	0	8.048280000686646	110960	7412.735639810562	99044	10.739005046863738	
-2900264.856550254	114.9125	10.125	131.975	84.3375	-47.3683443674326	1387	1642	169	23	347	218	61	8	87	56	0	0	8.036638021469116	111040	7420.772277832031	99117	10.737572046109506	
-3125257.1153775407	115.325	9.962025316455696	131.64556962025316	83.9746835443038	-47.3683443674326	1388	1643	170	22.0	352.0	226.0	60	8.0	93.0	60.0	0	0	7.487049102783203	111120	7428.259326934814	99184	10.74154067674587	
-2762758.359300716	118.6125	10.1	143.475	90.7375	-47.3683443674326	1389	1643	170	22	366	225	92	8	88	57	0	0	7.9000983238220215	111200	7436.1594252586365	99256	10.741007194244602	
-2775256.047442476	121.7625	10.282051282051283	142.25641025641025	90.38461538461539	-47.3683443674326	1390	1645	206	23.0	378.0	239.0	33	8.0	83.0	54.0	0	0	7.289613723754883	111280	7443.449038982391	99319	10.748562185478079	
-2487893.6957819276	115.25	10.075	128.95	82.3375	-47.3683443674326	1391	1645	164	22	360	227	66	8	85	55	0	0	7.668799161911011	111360	7451.117838144302	99388	10.750718390804593	
-3337862.623484668	114.575	9.9	134.05	85.225	-47.3683443674326	1392	1645	154	22	331	212	59	8	90	58	0	0	7.582635879516602	111440	7458.700474023819	99453	10.756460875807605	
-2475373.7729810216	116.25	10.49367088607595	142.60759493670886	90.87341772151899	-47.3683443674326	1393	1646	203	21.0	396.0	250.0	53	8.0	93.0	60.0	0	0	7.361459255218506	111520	7466.0619332790375	99519	10.761298421807751	
-2675207.822212371	115.325	9.9625	138.7875	88.25	-47.3683443674326	1394	1646	163	22	447	287	67	8	90	58	0	0	7.585022211074829	111600	7473.646955490112	99587	10.764336917562716	
-3025275.8915267773	119.325	9.925	128.5	82.0	-47.3683443674326	1395	1646	201	21	351	223	69	7	87	56	0	0	8.002898693084717	111680	7481.649854183197	99657	10.765580229226359	
-3875357.9896741295	115.6	10.125	134.575	85.7375	-47.3683443674326	1396	1646	166	22	408	257	64	7	74	48	0	0	7.79683518409729	111760	7489.446689367294	99727	10.766821760916244	
-2862833.3627536898	115.75	10.050632911392405	136.81012658227849	86.9746835443038	-47.3683443674326	1397	1647	183	22.0	456.0	285.0	47	8.0	87.0	56.0	0	0	7.520072937011719	111840	7496.966762304306	99796	10.768955650929897	
-2525431.4155805446	115.025	9.582278481012658	126.9493670886076	80.86075949367088	-47.3683443674326	1398	1648	208	15.0	321.0	195.0	22	7.0	74.0	48.0	0	0	7.563206672668457	111920	7504.5299689769745	99865	10.771086490350243	
-2425449.665935026	115.875	9.8125	128.9625	82.1875	-47.3683443674326	1399	1648	154	20	314	197	76	8	80	52	0	0	6.861260652542114	112000	7511.391229629517	99930	10.776785714285722	
-3400321.538019421	114.425	10.115384615384615	132.05128205128204	84.38461538461539	-47.3683443674326	1400	1650	152	20.0	398.0	250.0	75	8.0	85.0	55.0	0	0	7.618082046508789	112080	7519.009311676025	100000	10.77801570306923	
-2750350.3733887873	110.925	10.181818181818182	144.23376623376623	91.63636363636364	-47.3683443674326	1401	1653	204	20.0	461.0	292.0	26	8.0	93.0	60.0	0	0	7.3842127323150635	112160	7526.39352440834	100065	10.783701854493572	
-3037907.5833917065	115.625	9.89873417721519	129.65822784810126	82.56962025316456	-47.3683443674326	1402	1654	155	20.0	284.0	174.0	75	8.0	93.0	60.0	0	0	7.655380487442017	112240	7534.0489048957825	100134	10.785816108339276	
-3012896.675116987	116.75	9.7375	130.275	83.0125	-47.3683443674326	1403	1654	158	18	377	235	72	8	85	55	0	0	7.83191990852356	112320	7541.880824804306	100203	10.787927350427353	
-2612796.4075575126	114.8875	9.948051948051948	130.97402597402598	83.50649350649351	-47.3683443674326	1404	1657	154	20.0	441.0	280.0	72	8.0	93.0	60.0	0	0	7.523582458496094	112400	7549.404407262802	100273	10.789145907473312	
-2700454.3127665035	113.05	9.60759493670886	124.53164556962025	79.26582278481013	-47.3683443674326	1405	1658	155	17.0	325.0	197.0	41	8.0	80.0	52.0	0	0	7.833281993865967	112480	7557.237689256668	100345	10.788584637268855	
-2912755.096752301	114.725	10.075	131.975	84.25	-47.3683443674326	1406	1658	163	19	347	218	71	7	88	57	0	0	7.609541416168213	112560	7564.847230672836	100414	10.790689410092398	
-3012812.5911102532	114.85	9.962025316455696	132.53164556962025	84.56962025316456	-47.3683443674326	1407	1659	161	22.0	408.0	257.0	69	7.0	85.0	55.0	0	0	7.270293712615967	112640	7572.117524385452	100481	10.794566761363626	
-2712784.321922452	113.225	9.3	117.2625	74.9	-47.3683443674326	1408	1659	149	12	266	163	69	7	85	55	0	0	6.635526418685913	112720	7578.753050804138	100546	10.80021291696238	
-3225349.8726056493	114.7	9.825	131.425	83.95	-47.3683443674326	1409	1659	130	21	377	240	100	7	85	55	0	0	7.420485019683838	112800	7586.173535823822	100618	10.799645390070921	
-2075293.545121713	114.425	9.6125	137.0125	86.8375	-47.3683443674326	1410	1659	177	20	355	217	54	7	82	53	0	0	7.713372468948364	112880	7593.88690829277	100690	10.799078667611624	
-2350360.9652347043	114.275	9.782051282051283	138.0897435897436	87.42307692307692	-47.3683443674326	1411	1661	151	21.0	345.0	219.0	79	7.0	82.0	53.0	0	0	7.178825616836548	112960	7601.065733909607	100757	10.802939093484426	
-2812878.7154446067	114.4375	9.9125	134.1875	85.5125	-47.3683443674326	1412	1661	168	20	432	280	58	8	83	54	0	0	7.4226531982421875	113040	7608.488387107849	100824	10.806794055201692	
-2812801.341963864	116.925	9.625	122.275	77.95	-47.3683443674326	1413	1661	168	14	255	157	82	8	85	55	0	0	7.652440786361694	113120	7616.140827894211	100896	10.80622347949081	
-2437837.0406820574	118.2875	9.784810126582279	138.20253164556962	87.53164556962025	-47.3683443674326	1414	1662	196	20.0	300.0	190.0	67	8.0	87.0	56.0	0	0	6.969359874725342	113200	7623.110187768936	100960	10.812720848056529	
-3212766.77926081	123.3125	10.175	140.4375	89.3	-47.3683443674326	1415	1662	229	22	464	288	82	8	93	60	0	0	7.959043025970459	113280	7631.069230794907	101033	10.811264124293785	
-2712720.628295987	118.35	9.794871794871796	127.52564102564102	81.42307692307692	-47.3683443674326	1416	1664	196	20.0	311.0	195.0	76	8.0	85.0	55.0	0	0	6.558263063430786	113360	7637.627493858337	101095	10.819513055751585	
-2925303.38822467	121.6	9.531645569620252	122.83544303797468	78.44303797468355	-47.3683443674326	1417	1665	196	18.0	347.0	218.0	91	8.0	93.0	60.0	0	0	6.90486216545105	113440	7644.532356023788	101162	10.823342736248236	
-3100264.968474818	115.1375	10.025	134.5875	85.725	-47.3683443674326	1418	1665	155	21	316	192	75	8	88	57	0	0	7.550945997238159	113520	7652.083302021027	101233	10.82364341085271	
-3225186.820784638	115.1125	10.125	141.425	89.725	-47.3683443674326	1419	1665	178	22	506	325	52	7	74	48	0	0	7.945720434188843	113600	7660.029022455215	101306	10.822183098591552	
-3012790.778730391	114.9	10.0	140.7125	89.0625	-47.3683443674326	1420	1665	188	21	402	253	31	8	79	51	0	0	7.98941707611084	113680	7668.018439531326	101380	10.819845179451093	
-2900256.059983996	117.65	10.0125	138.9	88.325	-47.3683443674326	1421	1665	151	21	420	259	95	8	85	55	0	0	7.554687261581421	113760	7675.573126792908	101451	10.820147679324904	
-2687785.2218855293	118.8	9.538461538461538	120.93589743589743	77.3974358974359	-47.3683443674326	1422	1667	164	19.0	259.0	165.0	66	8.0	85.0	55.0	0	0	6.834532737731934	113840	7682.40765953064	101520	10.822206605762474	
-2662795.7447884935	117.575	9.6625	126.825	80.9625	-47.3683443674326	1423	1667	151	20	278	177	70	8	83	54	0	0	7.102236032485962	113920	7689.509895563126	101589	10.824262640449433	
-2787831.5413955944	115.925	9.89873417721519	130.21518987341773	83.11392405063292	-47.3683443674326	1424	1668	151	21.0	495.0	317.0	81	8.0	80.0	52.0	0	0	7.7273900508880615	114000	7697.237285614014	101661	10.823684210526324	
-3225287.999406702	115.7	10.3375	135.9125	86.9125	-47.3683443674326	1425	1668	151	22	390	248	84	8	87	56	0	0	6.9607625007629395	114080	7704.198048114777	101728	10.827489481065925	
-2550323.2370031276	114.9375	9.962025316455696	130.8227848101266	83.44303797468355	-47.3683443674326	1426	1669	156	21.0	329.0	209.0	74	8.0	86.0	56.0	0	0	7.099806070327759	114160	7711.297854185104	101795	10.8312894183602	
-2775350.9272782737	115.3125	9.6625	129.9875	82.75	-47.3683443674326	1427	1669	157	21	290	186	73	8	93	60	0	0	7.487461805343628	114240	7718.785315990448	101864	10.833333333333329	
-2562791.785457312	115.3125	9.493506493506494	129.1038961038961	82.02597402597402	-47.3683443674326	1428	1672	157	12.0	281.0	171.0	48	8.0	93.0	60.0	0	0	7.416491985321045	114320	7726.201807975769	101934	10.834499650104974	
-3212837.690013097	114.5125	10.0125	138.8375	87.8375	-47.3683443674326	1429	1672	161	22	312	199	69	8	85	55	0	0	8.121383905410767	114400	7734.32319188118	102007	10.83304195804196	
-3075289.3418744532	115.1875	10.371794871794872	142.23076923076923	90.38461538461539	-47.3683443674326	1430	1674	206	21.0	400.0	256.0	24	8.0	93.0	60.0	0	0	7.2365899085998535	114480	7741.55978178978	102075	10.835953878406713	
-3512748.419859717	115.675	9.670886075949367	126.60759493670886	80.59493670886076	-47.3683443674326	1431	1675	206	21.0	411.0	255.0	90	8.0	79.0	51.0	0	0	7.434831142425537	114560	7748.994612932205	102146	10.836243016759767	
-2900428.365398244	121.05	9.4625	125.8625	80.1875	-47.3683443674326	1432	1675	260	19	354	221	61	8	88	57	0	0	7.3053879737854	114640	7756.300000905991	102218	10.835659455687377	
-3187735.734887721	114.2125	10.1625	135.2875	86.0875	-47.3683443674326	1433	1675	158	22	395	250	72	7	82	53	0	0	7.390650033950806	114720	7763.690650939941	102290	10.835076708507671	
-2925371.191312981	114.65	10.225	140.0	88.8375	-47.3683443674326	1434	1675	149	21	402	250	82	7	82	53	0	0	7.689757347106934	114800	7771.380408287048	102360	10.836236933797906	
-3250306.6147427857	114.7875	10.192307692307692	141.5897435897436	89.96153846153847	-47.3683443674326	1435	1677	188	22.0	411.0	257.0	42	8.0	89.0	58.0	0	0	6.883548259735107	114880	7778.263956546783	102431	10.836525069637887	
-2500345.4727742206	113.225	10.25974025974026	137.27272727272728	87.54545454545455	-47.3683443674326	1436	1680	205	25.0	476.0	306.0	18	8.0	90.0	58.0	0	0	6.456579685211182	114960	7784.720536231995	102500	10.838552540013907	
-2887869.751317885	115.5	9.7375	127.0625	81.0	-47.3683443674326	1437	1680	144	25	487	310	86	8	85	55	0	0	6.695781946182251	115040	7791.416318178177	102568	10.841446453407514	
-2775375.3897194965	115.5375	9.725	129.1125	82.1875	-47.3683443674326	1438	1680	162	19	314	197	68	8	87	56	0	0	6.713442802429199	115120	7798.129760980606	102636	10.84433634468381	
-2300276.6532320315	114.4375	9.9375	141.0125	89.325	-47.3683443674326	1439	1680	173	20	380	238	57	8	85	55	0	0	7.439473628997803	115200	7805.569234609604	102708	10.84375	
-3150297.417251381	114.8375	10.0625	134.0875	85.6125	-47.3683443674326	1440	1680	174	24	499	321	56	8	85	55	0	0	7.2351298332214355	115280	7812.804364442825	102781	10.842297015961137	
-2725290.518458426	114.0125	9.65	136.3875	86.2625	-47.3683443674326	1441	1680	182	16	435	266	48	8	79	51	0	0	7.314436912536621	115360	7820.118801355362	102852	10.842579750346744	
-3575205.7596894205	114.0125	10.126582278481013	146.22784810126583	92.64556962025317	-47.3683443674326	1442	1681	134	22.0	451.0	291.0	90	8.0	79.0	51.0	0	0	7.243122577667236	115440	7827.361923933029	102923	10.842862092862092	
-3212757.6927394005	114.15	10.1125	147.4375	93.175	-47.3683443674326	1443	1681	157	21	488	310	80	8	79	51	0	0	7.274078130722046	115520	7834.636002063751	102995	10.842278393351805	
-2375253.5012229257	113.975	9.925	134.425	85.625	-47.3683443674326	1444	1681	157	20	415	262	77	8	85	55	0	0	6.212526559829712	115600	7840.848528623581	103057	10.85034602076125	
-3250360.798187073	115.2375	10.307692307692308	136.23076923076923	87.15384615384616	-47.3683443674326	1445	1683	194	24.0	381.0	247.0	36	7.0	79.0	51.0	0	0	7.076808929443359	115680	7847.925337553024	103127	10.851486860304277	
-3350408.3191139577	110.85	10.175	128.825	82.4375	-47.3683443674326	1446	1683	144	22	384	238	84	8	79	51	0	0	6.859090566635132	115760	7854.784428119659	103196	10.85348997926745	
-2587894.4743867754	111.9	10.41025641025641	145.75641025641025	92.62820512820512	-47.3683443674326	1447	1685	160	22.0	408.0	257.0	70	8.0	79.0	51.0	0	0	7.367947101593018	115840	7862.152375221252	103264	10.856353591160214	
-2237739.711807118	116.575	9.79746835443038	136.08860759493672	86.56962025316456	-47.3683443674326	1448	1686	160	23.0	419.0	271.0	47	8.0	79.0	51.0	0	0	7.150083780288696	115920	7869.302459001541	103334	10.857487922705317	
-3012695.6828624406	118.375	10.0875	141.3875	89.8125	-47.3683443674326	1449	1686	160	20	335	216	74	7	74	48	0	0	7.159955024719238	116000	7876.46241402626	103406	10.856896551724134	
-2700258.090556731	117.05	9.4875	127.5875	81.1	-47.3683443674326	1450	1686	156	14	290	177	87	8	90	58	0	0	7.054889440536499	116080	7883.517303466797	103477	10.857167470709854	
-3150468.182261223	115.1375	10.126582278481013	135.1772151898734	86.26582278481013	-47.3683443674326	1451	1687	164	22.0	462.0	285.0	66	7.0	74.0	48.0	0	0	7.291568994522095	116160	7890.808872461319	103548	10.857438016528931	
-3400370.1708413786	115.1375	10.325	135.275	86.625	-47.3683443674326	1452	1687	152	23	449	291	69	8	85	55	0	0	7.101421117782593	116240	7897.910293579102	103617	10.859428768066067	
-3125386.6787965605	114.875	9.79746835443038	127.31645569620254	81.55696202531645	-47.3683443674326	1453	1688	164	20.0	323.0	206.0	66	8.0	88.0	57.0	0	0	6.815987825393677	116320	7904.726281404495	103687	10.860557083906457	
-2800346.8266900857	116.225	10.0375	139.4875	88.55	-47.3683443674326	1454	1688	167	20	297	190	63	7	74	48	0	0	7.557357549667358	116400	7912.283638954163	103759	10.859965635738831	
-3012895.8228846863	114.25	9.974683544303797	145.0	91.92405063291139	-47.3683443674326	1455	1689	186	22.0	410.0	259.0	44	8.0	88.0	57.0	0	0	8.210011959075928	116480	7920.4936509132385	103832	10.858516483516482	
-2712701.774666936	115.8875	9.8625	139.375	88.2875	-47.3683443674326	1456	1689	186	21	312	192	101	8	85	55	0	0	8.146106481552124	116560	7928.639757394791	103905	10.857069320521617	
-2687781.670383632	115.0	9.8625	135.225	85.6625	-47.3683443674326	1457	1689	154	21	300	194	76	7	80	52	0	0	7.275033950805664	116640	7935.914791345596	103974	10.859053497942384	
-3187760.8726704456	114.975	10.2125	139.55	88.95	-47.3683443674326	1458	1689	191	22	342	216	39	8	90	58	0	0	7.5508506298065186	116720	7943.465641975403	104047	10.85760795065113	
-2312793.082436013	114.825	9.73076923076923	133.43589743589743	84.75641025641026	-47.3683443674326	1459	1691	191	20.0	416.0	257.0	58	7.0	74.0	48.0	0	0	6.943828105926514	116800	7950.409470081329	104117	10.858732876712324	
-2025343.245809973	113.875	9.897435897435898	137.7948717948718	87.8076923076923	-47.3683443674326	1460	1693	156	23.0	427.0	273.0	74	7.0	74.0	48.0	0	0	7.47865891456604	116880	7957.888128995895	104189	10.858145106091726	
-2650236.4553054506	113.975	10.658227848101266	151.44303797468353	96.35443037974683	-47.3683443674326	1461	1694	144	28.0	445.0	282.0	86	7.0	74.0	48.0	0	0	7.503493785858154	116960	7965.3916227817535	104259	10.859268125854996	
-3200297.638040813	115.1875	9.935897435897436	135.8846153846154	86.5	-47.3683443674326	1462	1696	178	17.0	312.0	194.0	52	7.0	74.0	48.0	0	0	7.070884704589844	117040	7972.462507486343	104326	10.86295283663705	
-3575291.350875431	114.8375	10.5875	141.1625	90.05	-47.3683443674326	1463	1696	178	22	427	272	73	8	89	58	0	0	6.953054428100586	117120	7979.415561914444	104393	10.866632513661202	
-2062856.7275620475	114.7	10.050632911392405	130.9746835443038	83.63291139240506	-47.3683443674326	1464	1697	164	20.0	314.0	201.0	71	7.0	74.0	48.0	0	0	7.138510227203369	117200	7986.554072141647	104464	10.86689419795222	
-2312946.2325852704	118.5375	9.670886075949367	130.70886075949366	83.18987341772151	-47.3683443674326	1465	1698	217	20.0	315.0	192.0	57	7.0	88.0	57.0	0	0	7.033616065979004	117280	7993.587688207626	104535	10.867155525238744	
-3062761.405788206	116.175	10.025316455696203	145.67088607594937	92.27848101265823	-47.3683443674326	1466	1699	163	20.0	477.0	285.0	67	8.0	85.0	55.0	0	0	6.743424415588379	117360	8000.331112623215	104603	10.869972733469666	
-3412802.4057500376	120.425	9.85	133.8875	85.3375	-47.3683443674326	1467	1699	163	21	290	185	67	8	84	54	0	0	6.751589775085449	117440	8007.0827023983	104673	10.871083106267037	
-2925302.444031232	122.125	9.582278481012658	126.50632911392405	80.69620253164557	-47.3683443674326	1468	1700	183	19.0	345.0	223.0	82	7.0	74.0	48.0	0	0	6.770819425582886	117520	8013.853521823883	104744	10.871341048332198	
-2625297.1484062113	118.3	9.653846153846153	128.30769230769232	81.67948717948718	-47.3683443674326	1469	1702	187	15.0	301.0	182.0	55	7.0	74.0	48.0	0	0	6.352562427520752	117600	8020.206084251404	104811	10.875	
-3487783.4402325912	125.8625	10.0	128.525	82.1875	-47.3683443674326	1470	1702	205	20	324	199	83	8	85	55	0	0	7.003515720367432	117680	8027.209599971771	104883	10.874405166553373	
-2962742.6734534255	124.975	9.95	138.6	87.975	-47.3683443674326	1471	1702	205	15	354	215	71	7	74	48	0	0	7.40925407409668	117760	8034.618854045868	104958	10.87126358695653	
-3100403.1838384992	122.05	10.2875	150.425	95.625	-47.3683443674326	1472	1702	164	21	472	299	66	7	85	55	0	0	7.077906608581543	117840	8041.6967606544495	105026	10.874066530889337	
-3000229.115726759	117.2125	9.746835443037975	136.0506329113924	86.53164556962025	-47.3683443674326	1473	1703	215	22.0	408.0	257.0	15	7.0	74.0	48.0	0	0	6.662092685699463	117920	8048.358853340149	105093	10.877713704206244	
-2662800.6043711714	115.6625	9.60759493670886	125.77215189873418	80.22784810126582	-47.3683443674326	1474	1704	183	14.0	279.0	177.0	47	8.0	85.0	55.0	0	0	6.124215841293335	118000	8054.483069181442	105157	10.883898305084756	
-2775339.0432327967	116.6375	10.227848101265822	137.0379746835443	87.44303797468355	-47.3683443674326	1475	1705	156	24.0	515.0	329.0	74	8.0	85.0	55.0	0	0	7.109310150146484	118080	8061.592379331589	105227	10.884993224932245	
-2825303.649846872	115.1	10.050632911392405	142.44303797468353	90.86075949367088	-47.3683443674326	1476	1706	167	24.0	642.0	414.0	63	7.0	88.0	57.0	0	0	7.436162233352661	118160	8069.028541564941	105299	10.88439404197699	
-2912827.6118166777	117.25	9.625	126.05	80.325	-47.3683443674326	1477	1706	139	22	307	199	96	8	85	55	0	0	7.005366086959839	118240	8076.033907651901	105370	10.884641407307171	
-3100295.6420993237	117.7875	10.1625	143.6	90.875	-47.3683443674326	1478	1706	163	18	314	197	67	7	82	53	0	0	7.310621738433838	118320	8083.344529390335	105441	10.88488843813387	
-2587840.8009148957	114.8375	9.860759493670885	132.0379746835443	84.0632911392405	-47.3683443674326	1479	1707	151	22.0	300.0	193.0	74	8.0	93.0	60.0	0	0	6.727705478668213	118400	8090.072234869003	105508	10.888513513513516	
-3862841.741061853	116.1875	9.670886075949367	128.41772151898735	81.9113924050633	-47.3683443674326	1480	1708	155	14.0	273.0	170.0	73	8.0	88.0	57.0	0	0	6.851888418197632	118480	8096.924123287201	105577	10.890445644834571	
-2837794.4242968922	113.95	10.164556962025317	140.9240506329114	89.43037974683544	-47.3683443674326	1481	1709	158	20.0	401.0	241.0	73	7.0	74.0	48.0	0	0	7.162768363952637	118560	8104.086891651154	105649	10.8898448043185	
-2087862.187311447	114.5375	9.884615384615385	140.64102564102564	89.11538461538461	-47.3683443674326	1482	1711	208	20.0	398.0	250.0	8	8.0	85.0	55.0	0	0	6.857929468154907	118640	8110.9448211193085	105717	10.892616318273767	
-2625232.2125409963	113.7125	10.064102564102564	146.37179487179486	92.8076923076923	-47.3683443674326	1483	1713	150	21.0	460.0	289.0	16	7.0	74.0	48.0	0	0	7.555895805358887	118720	8118.500716924667	105788	10.892857142857139	
-3487856.888119401	114.8625	10.50632911392405	149.83544303797467	95.0886075949367	-47.3683443674326	1484	1714	171	20.0	388.0	232.0	59	8.0	93.0	60.0	0	0	7.658660411834717	118800	8126.159377336502	105860	10.892255892255903	
-2362797.5803635563	116.975	9.8875	134.475	85.5	-47.3683443674326	1485	1714	154	21	419	259	85	8	88	57	0	0	7.20796799659729	118880	8133.367345333099	105932	10.891655450874822	
-2862825.2948384704	116.6125	9.675	121.5625	77.7625	-47.3683443674326	1486	1714	159	21	317	204	71	7	74	48	0	0	6.240250110626221	118960	8139.607595443726	105999	10.89525891055817	
-3262751.9627965265	116.475	9.873417721518987	124.0	79.45569620253164	-47.3683443674326	1487	1715	154	24.0	320.0	204.0	78	7.0	83.0	54.0	0	0	6.230683326721191	119040	8145.838278770447	106063	10.901377688172047	
-3562801.8873341046	115.6875	10.1875	133.6875	85.45	-47.3683443674326	1488	1715	154	21	410	259	79	8	91	59	0	0	6.784897327423096	119120	8152.62317609787	106129	10.905809267965068	
-2512783.2130015474	115.75	9.75	124.2875	79.55	-47.3683443674326	1489	1715	166	23	478	308	64	8	79	51	0	0	6.948949098587036	119200	8159.572125196457	106197	10.908557046979865	
-3637863.956022069	116.275	9.64102564102564	125.76923076923077	80.38461538461539	-47.3683443674326	1490	1717	166	16.0	300.0	188.0	69	7.0	82.0	53.0	0	0	6.819025278091431	119280	8166.391150474548	106266	10.910462776659955	
-2587818.965482426	113.7875	9.632911392405063	131.84810126582278	83.89873417721519	-47.3683443674326	1491	1718	158	16.0	350.0	224.0	69	7.0	79.0	51.0	0	0	6.369128704071045	119360	8172.760279178619	106333	10.91404155495978	
-2600329.417602688	115.95	10.3	143.8625	91.1	-47.3683443674326	1492	1718	153	20	311	197	59	7	74	48	0	0	7.100749969482422	119440	8179.861029148102	106402	10.91594105827194	
-2687728.6771572465	117.85	10.3625	150.0	94.7625	-47.3683443674326	1493	1718	165	23	361	233	65	8	87	56	0	0	7.557843208312988	119520	8187.418872356415	106474	10.91532797858099	
-2875322.2493234575	118.325	9.7125	131.55	83.625	-47.3683443674326	1494	1718	152	22	418	263	82	8	85	55	0	0	7.0811803340911865	119600	8194.500052690506	106543	10.917224080267559	
-3500296.8817944536	118.0125	9.9375	143.3125	90.8	-47.3683443674326	1495	1718	154	22	379	241	76	8	87	56	0	0	7.444303750991821	119680	8201.944356441498	106614	10.917446524064161	
-4125197.7066977113	116.1125	10.0	136.126582278481	86.64556962025317	-47.3683443674326	1496	1719	175	19.0	425.0	273.0	58	7.0	82.0	53.0	0	0	6.659675121307373	119760	8208.604031562805	106680	10.92184368737476	
-2762943.2632223857	115.5	9.935897435897436	136.53846153846155	86.84615384615384	-47.3683443674326	1497	1721	161	21.0	444.0	277.0	69	7.0	74.0	48.0	0	0	6.753112316131592	119840	8215.357143878937	106747	10.925400534045394	
-3312887.208468394	117.475	10.126582278481013	144.873417721519	91.9873417721519	-47.3683443674326	1498	1722	159	21.0	340.0	219.0	77	8.0	93.0	60.0	0	0	7.1897196769714355	119920	8222.546863555908	106819	10.924783188792532	
-2537871.164652957	118.6625	9.8	141.6	89.55	-47.3683443674326	1499	1722	161	18	377	233	78	8	79	51	0	0	7.287485122680664	120000	8229.834348678589	106890	10.924999999999997	
-2412876.924591725	116.925	9.746835443037975	137.34177215189874	86.81012658227849	-47.3683443674326	1500	1723	223	18.0	302.0	191.0	7	8.0	85.0	55.0	0	0	6.610461711883545	120080	8236.444810390472	106957	10.92854763491006	
