0	[-187.72589504759307, -1]
1	[-183.08104130951241, -1]
1	[-168.26819569842598, -2]
2	[-5071.906841687578, 0]
2	[-131.71235349556, -1]
2	[-131.21689740600368, -3]
3	[-201.84146865461403, 0]
3	[-131.71235349556, -1]
3	[-131.21689740600368, -3]
4	[-201.84146865461403, 0]
4	[-127.69102876879059, -1]
5	[-127.58867981453768, 0]
5	[-98.78770173136547, -3]
6	[-127.58867981453768, 0]
6	[-125.23405000999706, -1]
6	[-98.78770173136547, -3]
7	[-127.58867981453768, 0]
7	[-107.95165073006565, -1]
7	[-98.78770173136547, -3]
8	[-127.58867981453768, 0]
8	[-107.95165073006565, -1]
8	[-98.78770173136547, -3]
9	[-107.45909299026022, 0]
9	[-98.78770173136547, -3]
10	[-106.4148678222298, 0]
10	[-104.10270879043928, -1]
10	[-97.83546286045008, -3]
11	[-106.4148678222298, 0]
11	[-106.4148678222298, 0]
11	[-103.52551223054698, -1]
11	[-89.7611150772876, -3]
12	[-97.53355541922593, 0]
12	[-89.7611150772876, -3]
13	[-97.53355541922593, 0]
13	[-89.7611150772876, -3]
14	[-97.53355541922593, 0]
14	[-89.7611150772876, -3]
15	[-97.53355541922593, 0]
15	[-89.7556433109317, -3]
16	[-97.53355541922593, 0]
16	[-96.50256572471827, -1]
16	[-89.7556433109317, -3]
17	[-97.53355541922593, 0]
17	[-96.50256572471827, -1]
17	[-89.7556433109317, -3]
18	[-95.40731892339483, 0]
18	[-90.18189133564661, -2]
18	[-89.7556433109317, -3]
19	[-95.40731892339483, 0]
19	[-89.49871475506006, -2]
20	[-93.90448414104134, 0]
20	[-89.49871475506006, -2]
21	[-93.90448414104134, 0]
21	[-85.4430550518121, -2]
22	[-93.90448414104134, 0]
22	[-85.4430550518121, -2]
23	[-89.90808796959016, 0]
23	[-89.71309265335402, -1]
23	[-85.4430550518121, -2]
24	[-89.90808796959016, 0]
24	[-89.90808796959016, 0]
24	[-89.90808796959016, 0]
24	[-89.90808796959016, 0]
24	[-89.90808796959016, 0]
24	[-87.03871476913922, -1]
24	[-85.4430550518121, -2]
25	[-89.90808796959016, 0]
25	[-89.90808796959016, 0]
25	[-89.90808796959016, 0]
25	[-89.90808796959016, 0]
25	[-89.90808796959016, 0]
25	[-89.90808796959016, 0]
25	[-89.90808796959016, 0]
25	[-89.90808796959016, 0]
25	[-89.90808796959016, 0]
25	[-89.90808796959016, 0]
25	[-87.02342442866029, -1]
25	[-85.4430550518121, -2]
26	[-85.31361912857646, 0]
26	[-84.3873576097855, -2]
27	[-85.21712007166866, 0]
27	[-84.3873576097855, -2]
28	[-83.136909948159, 0]
29	[-83.136909948159, 0]
30	[-83.136909948159, 0]
31	[-81.53790757619547, 0]
32	[-80.94645657531731, 0]
33	[-80.89677298435464, 0]
34	[-76.92413206966303, 0]
35	[-76.92413206966303, 0]
35	[-76.92413206966303, 0]
36	[-76.92413206966303, 0]
36	[-76.92413206966303, 0]
36	[-76.92413206966303, 0]
36	[-76.92413206966303, 0]
37	[-76.92413206966303, 0]
37	[-76.92413206966303, 0]
37	[-76.92413206966303, 0]
37	[-76.92413206966303, 0]
37	[-76.92413206966303, 0]
37	[-76.92413206966303, 0]
38	[-76.92413206966303, 0]
38	[-76.92413206966303, 0]
38	[-76.92413206966303, 0]
38	[-76.92413206966303, 0]
38	[-76.92413206966303, 0]
38	[-76.92413206966303, 0]
38	[-76.92413206966303, 0]
38	[-76.92413206966303, 0]
38	[-76.92413206966303, 0]
38	[-76.92413206966303, 0]
38	[-76.92413206966303, 0]
38	[-76.92413206966303, 0]
39	[-76.92413206966303, 0]
39	[-76.92413206966303, 0]
39	[-76.92413206966303, 0]
39	[-76.92413206966303, 0]
39	[-76.92413206966303, 0]
39	[-76.92413206966303, 0]
39	[-76.92413206966303, 0]
39	[-76.92413206966303, 0]
39	[-76.92413206966303, 0]
39	[-76.92413206966303, 0]
39	[-76.92413206966303, 0]
39	[-76.92413206966303, 0]
39	[-76.92413206966303, 0]
39	[-76.92413206966303, 0]
39	[-76.92413206966303, 0]
39	[-76.92413206966303, 0]
39	[-76.92413206966303, 0]
39	[-76.92413206966303, 0]
39	[-76.92413206966303, 0]
39	[-76.92413206966303, 0]
40	[-76.89310205636822, 0]
41	[-74.68878708609968, 0]
42	[-74.68878708609968, 0]
43	[-74.68878708609968, 0]
44	[-74.68878708609968, 0]
44	[-74.68878708609968, 0]
45	[-74.48972819702159, 0]
46	[-74.48972819702159, 0]
47	[-74.48972819702159, 0]
48	[-73.43866074504557, 0]
49	[-73.43866074504557, 0]
49	[-73.43866074504557, 0]
50	[-73.31302845685198, 0]
51	[-73.07074665319934, 0]
52	[-72.54721800010716, 0]
53	[-70.74386989131406, 0]
54	[-70.74386989131406, 0]
54	[-70.74386989131406, 0]
55	[-70.74386989131406, 0]
55	[-70.74386989131406, 0]
55	[-70.74386989131406, 0]
55	[-70.74386989131406, 0]
56	[-70.74386989131406, 0]
56	[-70.74386989131406, 0]
56	[-70.74386989131406, 0]
56	[-70.74386989131406, 0]
56	[-70.74386989131406, 0]
56	[-70.74386989131406, 0]
56	[-70.74386989131406, 0]
57	[-70.74386989131406, 0]
57	[-70.74386989131406, 0]
57	[-70.74386989131406, 0]
57	[-70.74386989131406, 0]
57	[-70.74386989131406, 0]
57	[-70.74386989131406, 0]
57	[-70.74386989131406, 0]
57	[-70.74386989131406, 0]
57	[-70.74386989131406, 0]
57	[-70.74386989131406, 0]
57	[-70.74386989131406, 0]
58	[-70.38356275555802, 0]
59	[-70.38356275555802, 0]
60	[-70.38356275555802, 0]
60	[-70.38356275555802, 0]
61	[-70.38356275555802, 0]
61	[-70.38356275555802, 0]
62	[-70.38356275555802, 0]
62	[-70.38356275555802, 0]
62	[-70.38356275555802, 0]
62	[-70.38356275555802, 0]
62	[-70.38356275555802, 0]
63	[-70.3675650777181, 0]
64	[-70.3675650777181, 0]
65	[-70.3675650777181, 0]
65	[-70.3675650777181, 0]
66	[-70.3675650777181, 0]
66	[-70.3675650777181, 0]
66	[-70.3675650777181, 0]
66	[-70.3675650777181, 0]
67	[-70.3675650777181, 0]
67	[-70.3675650777181, 0]
67	[-70.3675650777181, 0]
67	[-70.3675650777181, 0]
67	[-70.3675650777181, 0]
67	[-70.3675650777181, 0]
67	[-70.3675650777181, 0]
68	[-65.1733851173937, 0]
69	[-63.97788974123449, 0]
70	[-63.97788974123449, 0]
71	[-63.97788974123449, 0]
72	[-63.97788974123449, 0]
72	[-63.97788974123449, 0]
72	[-63.97788974123449, 0]
72	[-63.97788974123449, 0]
73	[-63.97788974123449, 0]
73	[-63.97788974123449, 0]
73	[-63.97788974123449, 0]
73	[-63.97788974123449, 0]
73	[-63.97788974123449, 0]
73	[-63.97788974123449, 0]
74	[-63.209158786510976, 0]
75	[-63.209158786510976, 0]
76	[-63.209158786510976, 0]
77	[-63.209158786510976, 0]
78	[-63.209158786510976, 0]
78	[-63.209158786510976, 0]
79	[-63.209158786510976, 0]
79	[-63.209158786510976, 0]
80	[-60.67299239125502, 0]
81	[-60.67299239125502, 0]
81	[-60.67299239125502, 0]
81	[-60.67299239125502, 0]
82	[-60.67299239125502, 0]
82	[-60.67299239125502, 0]
82	[-60.67299239125502, 0]
82	[-60.67299239125502, 0]
82	[-60.67299239125502, 0]
82	[-60.67299239125502, 0]
83	[-60.67299239125502, 0]
83	[-60.67299239125502, 0]
83	[-60.67299239125502, 0]
83	[-60.67299239125502, 0]
83	[-60.67299239125502, 0]
83	[-60.67299239125502, 0]
83	[-60.67299239125502, 0]
83	[-60.67299239125502, 0]
83	[-60.67299239125502, 0]
83	[-60.67299239125502, 0]
83	[-60.67299239125502, 0]
83	[-60.67299239125502, 0]
84	[-60.67299239125502, 0]
84	[-60.67299239125502, 0]
84	[-60.67299239125502, 0]
84	[-60.67299239125502, 0]
84	[-60.67299239125502, 0]
84	[-60.67299239125502, 0]
84	[-60.67299239125502, 0]
84	[-60.67299239125502, 0]
84	[-60.67299239125502, 0]
84	[-60.67299239125502, 0]
84	[-60.67299239125502, 0]
84	[-60.67299239125502, 0]
84	[-60.67299239125502, 0]
84	[-60.67299239125502, 0]
84	[-60.67299239125502, 0]
84	[-60.67299239125502, 0]
84	[-60.67299239125502, 0]
84	[-60.67299239125502, 0]
84	[-60.67299239125502, 0]
85	[-60.345920627593955, 0]
86	[-60.345920627593955, 0]
87	[-60.345920627593955, 0]
88	[-60.33035443437147, 0]
89	[-60.33035443437147, 0]
89	[-60.33035443437147, 0]
89	[-60.33035443437147, 0]
90	[-60.33035443437147, 0]
90	[-60.33035443437147, 0]
90	[-60.33035443437147, 0]
90	[-60.33035443437147, 0]
90	[-60.33035443437147, 0]
90	[-60.33035443437147, 0]
90	[-60.33035443437147, 0]
90	[-60.33035443437147, 0]
90	[-60.33035443437147, 0]
90	[-60.33035443437147, 0]
91	[-60.33035443437147, 0]
91	[-60.33035443437147, 0]
91	[-60.33035443437147, 0]
91	[-60.33035443437147, 0]
91	[-60.33035443437147, 0]
91	[-60.33035443437147, 0]
91	[-60.33035443437147, 0]
91	[-60.33035443437147, 0]
91	[-60.33035443437147, 0]
91	[-60.33035443437147, 0]
91	[-60.33035443437147, 0]
91	[-60.33035443437147, 0]
91	[-60.33035443437147, 0]
91	[-60.33035443437147, 0]
91	[-60.33035443437147, 0]
91	[-60.33035443437147, 0]
91	[-60.33035443437147, 0]
91	[-60.33035443437147, 0]
92	[-60.33035443437147, 0]
92	[-60.33035443437147, 0]
92	[-60.33035443437147, 0]
92	[-60.33035443437147, 0]
92	[-60.33035443437147, 0]
92	[-60.33035443437147, 0]
92	[-60.33035443437147, 0]
92	[-60.33035443437147, 0]
92	[-60.33035443437147, 0]
92	[-60.33035443437147, 0]
92	[-60.33035443437147, 0]
92	[-60.33035443437147, 0]
92	[-60.33035443437147, 0]
92	[-60.33035443437147, 0]
92	[-60.33035443437147, 0]
92	[-60.33035443437147, 0]
92	[-60.33035443437147, 0]
92	[-60.33035443437147, 0]
92	[-60.33035443437147, 0]
92	[-60.33035443437147, 0]
92	[-60.33035443437147, 0]
92	[-60.33035443437147, 0]
92	[-60.33035443437147, 0]
92	[-60.33035443437147, 0]
92	[-60.33035443437147, 0]
92	[-60.33035443437147, 0]
92	[-60.33035443437147, 0]
92	[-60.33035443437147, 0]
92	[-60.33035443437147, 0]
93	[-60.33035443437147, 0]
93	[-60.33035443437147, 0]
93	[-60.33035443437147, 0]
93	[-60.33035443437147, 0]
93	[-60.33035443437147, 0]
93	[-60.33035443437147, 0]
93	[-60.33035443437147, 0]
93	[-60.33035443437147, 0]
93	[-60.33035443437147, 0]
93	[-60.33035443437147, 0]
93	[-60.33035443437147, 0]
93	[-60.33035443437147, 0]
93	[-60.33035443437147, 0]
93	[-60.33035443437147, 0]
93	[-60.33035443437147, 0]
93	[-60.33035443437147, 0]
93	[-60.33035443437147, 0]
93	[-60.33035443437147, 0]
93	[-60.33035443437147, 0]
93	[-60.33035443437147, 0]
93	[-60.33035443437147, 0]
93	[-60.33035443437147, 0]
93	[-60.33035443437147, 0]
93	[-60.33035443437147, 0]
93	[-60.33035443437147, 0]
93	[-60.33035443437147, 0]
93	[-60.33035443437147, 0]
93	[-60.33035443437147, 0]
93	[-60.33035443437147, 0]
93	[-60.33035443437147, 0]
93	[-60.33035443437147, 0]
93	[-60.33035443437147, 0]
93	[-60.33035443437147, 0]
93	[-60.33035443437147, 0]
93	[-60.33035443437147, 0]
93	[-60.33035443437147, 0]
93	[-60.33035443437147, 0]
93	[-60.33035443437147, 0]
93	[-60.33035443437147, 0]
93	[-60.33035443437147, 0]
93	[-60.33035443437147, 0]
93	[-60.33035443437147, 0]
93	[-60.33035443437147, 0]
93	[-60.33035443437147, 0]
94	[-60.29886722559268, 0]
95	[-60.29886722559268, 0]
95	[-60.29886722559268, 0]
96	[-60.29886722559268, 0]
96	[-60.29886722559268, 0]
96	[-60.29886722559268, 0]
96	[-60.29886722559268, 0]
97	[-60.29886722559268, 0]
97	[-60.29886722559268, 0]
97	[-60.29886722559268, 0]
97	[-60.29886722559268, 0]
97	[-60.29886722559268, 0]
97	[-60.29886722559268, 0]
98	[-60.29886722559268, 0]
98	[-60.29886722559268, 0]
98	[-60.29886722559268, 0]
98	[-60.29886722559268, 0]
98	[-60.29886722559268, 0]
98	[-60.29886722559268, 0]
98	[-60.29886722559268, 0]
98	[-60.29886722559268, 0]
99	[-60.29886722559268, 0]
99	[-60.29886722559268, 0]
99	[-60.29886722559268, 0]
99	[-60.29886722559268, 0]
99	[-60.29886722559268, 0]
99	[-60.29886722559268, 0]
99	[-60.29886722559268, 0]
99	[-60.29886722559268, 0]
99	[-60.29886722559268, 0]
99	[-60.29886722559268, 0]
99	[-60.29886722559268, 0]
99	[-60.29886722559268, 0]
99	[-60.29886722559268, 0]
99	[-60.29886722559268, 0]
99	[-60.29886722559268, 0]
100	[-60.29886722559268, 0]
100	[-60.29886722559268, 0]
100	[-60.29886722559268, 0]
100	[-60.29886722559268, 0]
100	[-60.29886722559268, 0]
100	[-60.29886722559268, 0]
100	[-60.29886722559268, 0]
100	[-60.29886722559268, 0]
100	[-60.29886722559268, 0]
100	[-60.29886722559268, 0]
100	[-60.29886722559268, 0]
100	[-60.29886722559268, 0]
100	[-60.29886722559268, 0]
100	[-60.29886722559268, 0]
100	[-60.29886722559268, 0]
100	[-60.29886722559268, 0]
100	[-60.29886722559268, 0]
100	[-60.29886722559268, 0]
101	[-60.29886722559268, 0]
101	[-60.29886722559268, 0]
101	[-60.29886722559268, 0]
101	[-60.29886722559268, 0]
101	[-60.29886722559268, 0]
101	[-60.29886722559268, 0]
101	[-60.29886722559268, 0]
101	[-60.29886722559268, 0]
101	[-60.29886722559268, 0]
101	[-60.29886722559268, 0]
101	[-60.29886722559268, 0]
101	[-60.29886722559268, 0]
101	[-60.29886722559268, 0]
101	[-60.29886722559268, 0]
101	[-60.29886722559268, 0]
101	[-60.29886722559268, 0]
101	[-60.29886722559268, 0]
101	[-60.29886722559268, 0]
101	[-60.29886722559268, 0]
101	[-60.29886722559268, 0]
101	[-60.29886722559268, 0]
101	[-60.29886722559268, 0]
101	[-60.29886722559268, 0]
101	[-60.29886722559268, 0]
101	[-60.29886722559268, 0]
102	[-60.29886722559268, 0]
102	[-60.29886722559268, 0]
102	[-60.29886722559268, 0]
102	[-60.29886722559268, 0]
102	[-60.29886722559268, 0]
102	[-60.29886722559268, 0]
102	[-60.29886722559268, 0]
102	[-60.29886722559268, 0]
102	[-60.29886722559268, 0]
102	[-60.29886722559268, 0]
102	[-60.29886722559268, 0]
102	[-60.29886722559268, 0]
102	[-60.29886722559268, 0]
102	[-60.29886722559268, 0]
102	[-60.29886722559268, 0]
102	[-60.29886722559268, 0]
102	[-60.29886722559268, 0]
102	[-60.29886722559268, 0]
102	[-60.29886722559268, 0]
102	[-60.29886722559268, 0]
102	[-60.29886722559268, 0]
102	[-60.29886722559268, 0]
102	[-60.29886722559268, 0]
102	[-60.29886722559268, 0]
102	[-60.29886722559268, 0]
102	[-60.29886722559268, 0]
102	[-60.29886722559268, 0]
102	[-60.29886722559268, 0]
102	[-60.29886722559268, 0]
102	[-60.29886722559268, 0]
102	[-60.29886722559268, 0]
102	[-60.29886722559268, 0]
102	[-60.29886722559268, 0]
102	[-60.29886722559268, 0]
102	[-60.29886722559268, 0]
102	[-60.29886722559268, 0]
102	[-60.29886722559268, 0]
103	[-60.29886722559268, 0]
103	[-60.29886722559268, 0]
103	[-60.29886722559268, 0]
103	[-60.29886722559268, 0]
103	[-60.29886722559268, 0]
103	[-60.29886722559268, 0]
103	[-60.29886722559268, 0]
103	[-60.29886722559268, 0]
103	[-60.29886722559268, 0]
103	[-60.29886722559268, 0]
103	[-60.29886722559268, 0]
103	[-60.29886722559268, 0]
103	[-60.29886722559268, 0]
103	[-60.29886722559268, 0]
103	[-60.29886722559268, 0]
103	[-60.29886722559268, 0]
103	[-60.29886722559268, 0]
103	[-60.29886722559268, 0]
103	[-60.29886722559268, 0]
103	[-60.29886722559268, 0]
103	[-60.29886722559268, 0]
103	[-60.29886722559268, 0]
103	[-60.29886722559268, 0]
103	[-60.29886722559268, 0]
103	[-60.29886722559268, 0]
103	[-60.29886722559268, 0]
103	[-60.29886722559268, 0]
103	[-60.29886722559268, 0]
103	[-60.29886722559268, 0]
103	[-60.29886722559268, 0]
103	[-60.29886722559268, 0]
103	[-60.29886722559268, 0]
103	[-60.29886722559268, 0]
103	[-60.29886722559268, 0]
103	[-60.29886722559268, 0]
103	[-60.29886722559268, 0]
103	[-60.29886722559268, 0]
103	[-60.29886722559268, 0]
103	[-60.29886722559268, 0]
103	[-60.29886722559268, 0]
103	[-60.29886722559268, 0]
103	[-60.29886722559268, 0]
103	[-60.29886722559268, 0]
103	[-60.29886722559268, 0]
103	[-60.29886722559268, 0]
103	[-60.29886722559268, 0]
103	[-60.29886722559268, 0]
103	[-60.29886722559268, 0]
103	[-60.29886722559268, 0]
103	[-60.29886722559268, 0]
104	[-60.29886722559268, 0]
104	[-60.29886722559268, 0]
104	[-60.29886722559268, 0]
104	[-60.29886722559268, 0]
104	[-60.29886722559268, 0]
104	[-60.29886722559268, 0]
104	[-60.29886722559268, 0]
104	[-60.29886722559268, 0]
104	[-60.29886722559268, 0]
104	[-60.29886722559268, 0]
104	[-60.29886722559268, 0]
104	[-60.29886722559268, 0]
104	[-60.29886722559268, 0]
104	[-60.29886722559268, 0]
104	[-60.29886722559268, 0]
104	[-60.29886722559268, 0]
104	[-60.29886722559268, 0]
104	[-60.29886722559268, 0]
104	[-60.29886722559268, 0]
104	[-60.29886722559268, 0]
104	[-60.29886722559268, 0]
104	[-60.29886722559268, 0]
104	[-60.29886722559268, 0]
104	[-60.29886722559268, 0]
104	[-60.29886722559268, 0]
104	[-60.29886722559268, 0]
104	[-60.29886722559268, 0]
104	[-60.29886722559268, 0]
104	[-60.29886722559268, 0]
104	[-60.29886722559268, 0]
104	[-60.29886722559268, 0]
104	[-60.29886722559268, 0]
104	[-60.29886722559268, 0]
104	[-60.29886722559268, 0]
104	[-60.29886722559268, 0]
104	[-60.29886722559268, 0]
104	[-60.29886722559268, 0]
104	[-60.29886722559268, 0]
104	[-60.29886722559268, 0]
104	[-60.29886722559268, 0]
104	[-60.29886722559268, 0]
104	[-60.29886722559268, 0]
104	[-60.29886722559268, 0]
104	[-60.29886722559268, 0]
104	[-60.29886722559268, 0]
104	[-60.29886722559268, 0]
104	[-60.29886722559268, 0]
104	[-60.29886722559268, 0]
104	[-60.29886722559268, 0]
104	[-60.29886722559268, 0]
104	[-60.29886722559268, 0]
104	[-60.29886722559268, 0]
104	[-60.29886722559268, 0]
104	[-60.29886722559268, 0]
104	[-60.29886722559268, 0]
104	[-60.29886722559268, 0]
104	[-60.29886722559268, 0]
104	[-60.29886722559268, 0]
104	[-60.29886722559268, 0]
104	[-60.29886722559268, 0]
104	[-60.29886722559268, 0]
104	[-60.29886722559268, 0]
104	[-60.29886722559268, 0]
104	[-60.29886722559268, 0]
104	[-60.29886722559268, 0]
104	[-60.29886722559268, 0]
105	[-60.29886722559268, 0]
105	[-60.29886722559268, 0]
105	[-60.29886722559268, 0]
105	[-60.29886722559268, 0]
105	[-60.29886722559268, 0]
105	[-60.29886722559268, 0]
105	[-60.29886722559268, 0]
105	[-60.29886722559268, 0]
105	[-60.29886722559268, 0]
105	[-60.29886722559268, 0]
105	[-60.29886722559268, 0]
105	[-60.29886722559268, 0]
105	[-60.29886722559268, 0]
105	[-60.29886722559268, 0]
105	[-60.29886722559268, 0]
105	[-60.29886722559268, 0]
105	[-60.29886722559268, 0]
105	[-60.29886722559268, 0]
105	[-60.29886722559268, 0]
105	[-60.29886722559268, 0]
105	[-60.29886722559268, 0]
105	[-60.29886722559268, 0]
105	[-60.29886722559268, 0]
105	[-60.29886722559268, 0]
105	[-60.29886722559268, 0]
105	[-60.29886722559268, 0]
105	[-60.29886722559268, 0]
105	[-60.29886722559268, 0]
105	[-60.29886722559268, 0]
105	[-60.29886722559268, 0]
105	[-60.29886722559268, 0]
105	[-60.29886722559268, 0]
105	[-60.29886722559268, 0]
105	[-60.29886722559268, 0]
105	[-60.29886722559268, 0]
105	[-60.29886722559268, 0]
105	[-60.29886722559268, 0]
105	[-60.29886722559268, 0]
105	[-60.29886722559268, 0]
105	[-60.29886722559268, 0]
105	[-60.29886722559268, 0]
105	[-60.29886722559268, 0]
105	[-60.29886722559268, 0]
105	[-60.29886722559268, 0]
105	[-60.29886722559268, 0]
105	[-60.29886722559268, 0]
105	[-60.29886722559268, 0]
105	[-60.29886722559268, 0]
105	[-60.29886722559268, 0]
105	[-60.29886722559268, 0]
105	[-60.29886722559268, 0]
105	[-60.29886722559268, 0]
105	[-60.29886722559268, 0]
105	[-60.29886722559268, 0]
105	[-60.29886722559268, 0]
105	[-60.29886722559268, 0]
105	[-60.29886722559268, 0]
105	[-60.29886722559268, 0]
105	[-60.29886722559268, 0]
105	[-60.29886722559268, 0]
105	[-60.29886722559268, 0]
105	[-60.29886722559268, 0]
105	[-60.29886722559268, 0]
105	[-60.29886722559268, 0]
105	[-60.29886722559268, 0]
105	[-60.29886722559268, 0]
105	[-60.29886722559268, 0]
105	[-60.29886722559268, 0]
105	[-60.29886722559268, 0]
105	[-60.29886722559268, 0]
105	[-60.29886722559268, 0]
105	[-60.29886722559268, 0]
105	[-60.29886722559268, 0]
105	[-60.29886722559268, 0]
105	[-60.29886722559268, 0]
105	[-60.29886722559268, 0]
106	[-60.29886722559268, 0]
106	[-60.29886722559268, 0]
106	[-60.29886722559268, 0]
106	[-60.29886722559268, 0]
106	[-60.29886722559268, 0]
106	[-60.29886722559268, 0]
106	[-60.29886722559268, 0]
106	[-60.29886722559268, 0]
106	[-60.29886722559268, 0]
106	[-60.29886722559268, 0]
106	[-60.29886722559268, 0]
106	[-60.29886722559268, 0]
106	[-60.29886722559268, 0]
106	[-60.29886722559268, 0]
106	[-60.29886722559268, 0]
106	[-60.29886722559268, 0]
106	[-60.29886722559268, 0]
106	[-60.29886722559268, 0]
106	[-60.29886722559268, 0]
106	[-60.29886722559268, 0]
106	[-60.29886722559268, 0]
106	[-60.29886722559268, 0]
106	[-60.29886722559268, 0]
106	[-60.29886722559268, 0]
106	[-60.29886722559268, 0]
106	[-60.29886722559268, 0]
106	[-60.29886722559268, 0]
106	[-60.29886722559268, 0]
106	[-60.29886722559268, 0]
106	[-60.29886722559268, 0]
106	[-60.29886722559268, 0]
106	[-60.29886722559268, 0]
106	[-60.29886722559268, 0]
106	[-60.29886722559268, 0]
106	[-60.29886722559268, 0]
106	[-60.29886722559268, 0]
106	[-60.29886722559268, 0]
106	[-60.29886722559268, 0]
106	[-60.29886722559268, 0]
106	[-60.29886722559268, 0]
106	[-60.29886722559268, 0]
106	[-60.29886722559268, 0]
106	[-60.29886722559268, 0]
106	[-60.29886722559268, 0]
106	[-60.29886722559268, 0]
106	[-60.29886722559268, 0]
106	[-60.29886722559268, 0]
106	[-60.29886722559268, 0]
106	[-60.29886722559268, 0]
106	[-60.29886722559268, 0]
106	[-60.29886722559268, 0]
106	[-60.29886722559268, 0]
106	[-60.29886722559268, 0]
106	[-60.29886722559268, 0]
106	[-60.29886722559268, 0]
106	[-60.29886722559268, 0]
106	[-60.29886722559268, 0]
106	[-60.29886722559268, 0]
106	[-60.29886722559268, 0]
106	[-60.29886722559268, 0]
106	[-60.29886722559268, 0]
106	[-60.29886722559268, 0]
106	[-60.29886722559268, 0]
106	[-60.29886722559268, 0]
106	[-60.29886722559268, 0]
106	[-60.29886722559268, 0]
106	[-60.29886722559268, 0]
106	[-60.29886722559268, 0]
106	[-60.29886722559268, 0]
106	[-60.29886722559268, 0]
106	[-60.29886722559268, 0]
106	[-60.29886722559268, 0]
106	[-60.29886722559268, 0]
106	[-60.29886722559268, 0]
106	[-60.29886722559268, 0]
106	[-60.29886722559268, 0]
106	[-60.29886722559268, 0]
106	[-60.29886722559268, 0]
106	[-60.29886722559268, 0]
106	[-60.29886722559268, 0]
107	[-60.29886722559268, 0]
107	[-60.29886722559268, 0]
107	[-60.29886722559268, 0]
107	[-60.29886722559268, 0]
107	[-60.29886722559268, 0]
107	[-60.29886722559268, 0]
107	[-60.29886722559268, 0]
107	[-60.29886722559268, 0]
107	[-60.29886722559268, 0]
107	[-60.29886722559268, 0]
107	[-60.29886722559268, 0]
107	[-60.29886722559268, 0]
107	[-60.29886722559268, 0]
107	[-60.29886722559268, 0]
107	[-60.29886722559268, 0]
107	[-60.29886722559268, 0]
107	[-60.29886722559268, 0]
107	[-60.29886722559268, 0]
107	[-60.29886722559268, 0]
107	[-60.29886722559268, 0]
107	[-60.29886722559268, 0]
107	[-60.29886722559268, 0]
107	[-60.29886722559268, 0]
107	[-60.29886722559268, 0]
107	[-60.29886722559268, 0]
107	[-60.29886722559268, 0]
107	[-60.29886722559268, 0]
107	[-60.29886722559268, 0]
107	[-60.29886722559268, 0]
107	[-60.29886722559268, 0]
107	[-60.29886722559268, 0]
107	[-60.29886722559268, 0]
107	[-60.29886722559268, 0]
107	[-60.29886722559268, 0]
107	[-60.29886722559268, 0]
107	[-60.29886722559268, 0]
107	[-60.29886722559268, 0]
107	[-60.29886722559268, 0]
107	[-60.29886722559268, 0]
107	[-60.29886722559268, 0]
107	[-60.29886722559268, 0]
107	[-60.29886722559268, 0]
107	[-60.29886722559268, 0]
107	[-60.29886722559268, 0]
107	[-60.29886722559268, 0]
107	[-60.29886722559268, 0]
107	[-60.29886722559268, 0]
107	[-60.29886722559268, 0]
107	[-60.29886722559268, 0]
107	[-60.29886722559268, 0]
107	[-60.29886722559268, 0]
107	[-60.29886722559268, 0]
107	[-60.29886722559268, 0]
107	[-60.29886722559268, 0]
107	[-60.29886722559268, 0]
107	[-60.29886722559268, 0]
107	[-60.29886722559268, 0]
107	[-60.29886722559268, 0]
107	[-60.29886722559268, 0]
107	[-60.29886722559268, 0]
107	[-60.29886722559268, 0]
107	[-60.29886722559268, 0]
107	[-60.29886722559268, 0]
107	[-60.29886722559268, 0]
107	[-60.29886722559268, 0]
107	[-60.29886722559268, 0]
107	[-60.29886722559268, 0]
107	[-60.29886722559268, 0]
107	[-60.29886722559268, 0]
107	[-60.29886722559268, 0]
107	[-60.29886722559268, 0]
107	[-60.29886722559268, 0]
107	[-60.29886722559268, 0]
107	[-60.29886722559268, 0]
107	[-60.29886722559268, 0]
107	[-60.29886722559268, 0]
107	[-60.29886722559268, 0]
107	[-60.29886722559268, 0]
107	[-60.29886722559268, 0]
107	[-60.29886722559268, 0]
108	[-60.29886722559268, 0]
108	[-60.29886722559268, 0]
108	[-60.29886722559268, 0]
108	[-60.29886722559268, 0]
108	[-60.29886722559268, 0]
108	[-60.29886722559268, 0]
108	[-60.29886722559268, 0]
108	[-60.29886722559268, 0]
108	[-60.29886722559268, 0]
108	[-60.29886722559268, 0]
108	[-60.29886722559268, 0]
108	[-60.29886722559268, 0]
108	[-60.29886722559268, 0]
108	[-60.29886722559268, 0]
108	[-60.29886722559268, 0]
108	[-60.29886722559268, 0]
108	[-60.29886722559268, 0]
108	[-60.29886722559268, 0]
108	[-60.29886722559268, 0]
108	[-60.29886722559268, 0]
108	[-60.29886722559268, 0]
108	[-60.29886722559268, 0]
108	[-60.29886722559268, 0]
108	[-60.29886722559268, 0]
108	[-60.29886722559268, 0]
108	[-60.29886722559268, 0]
108	[-60.29886722559268, 0]
108	[-60.29886722559268, 0]
108	[-60.29886722559268, 0]
108	[-60.29886722559268, 0]
108	[-60.29886722559268, 0]
108	[-60.29886722559268, 0]
108	[-60.29886722559268, 0]
108	[-60.29886722559268, 0]
108	[-60.29886722559268, 0]
108	[-60.29886722559268, 0]
108	[-60.29886722559268, 0]
108	[-60.29886722559268, 0]
108	[-60.29886722559268, 0]
108	[-60.29886722559268, 0]
108	[-60.29886722559268, 0]
108	[-60.29886722559268, 0]
108	[-60.29886722559268, 0]
108	[-60.29886722559268, 0]
108	[-60.29886722559268, 0]
108	[-60.29886722559268, 0]
108	[-60.29886722559268, 0]
108	[-60.29886722559268, 0]
108	[-60.29886722559268, 0]
108	[-60.29886722559268, 0]
108	[-60.29886722559268, 0]
108	[-60.29886722559268, 0]
108	[-60.29886722559268, 0]
108	[-60.29886722559268, 0]
108	[-60.29886722559268, 0]
108	[-60.29886722559268, 0]
108	[-60.29886722559268, 0]
108	[-60.29886722559268, 0]
108	[-60.29886722559268, 0]
108	[-60.29886722559268, 0]
108	[-60.29886722559268, 0]
108	[-60.29886722559268, 0]
108	[-60.29886722559268, 0]
108	[-60.29886722559268, 0]
108	[-60.29886722559268, 0]
108	[-60.29886722559268, 0]
108	[-60.29886722559268, 0]
108	[-60.29886722559268, 0]
108	[-60.29886722559268, 0]
108	[-60.29886722559268, 0]
108	[-60.29886722559268, 0]
108	[-60.29886722559268, 0]
108	[-60.29886722559268, 0]
108	[-60.29886722559268, 0]
108	[-60.29886722559268, 0]
108	[-60.29886722559268, 0]
108	[-60.29886722559268, 0]
108	[-60.29886722559268, 0]
108	[-60.29886722559268, 0]
108	[-60.29886722559268, 0]
109	[-60.29886722559268, 0]
109	[-60.29886722559268, 0]
109	[-60.29886722559268, 0]
109	[-60.29886722559268, 0]
109	[-60.29886722559268, 0]
109	[-60.29886722559268, 0]
109	[-60.29886722559268, 0]
109	[-60.29886722559268, 0]
109	[-60.29886722559268, 0]
109	[-60.29886722559268, 0]
109	[-60.29886722559268, 0]
109	[-60.29886722559268, 0]
109	[-60.29886722559268, 0]
109	[-60.29886722559268, 0]
109	[-60.29886722559268, 0]
109	[-60.29886722559268, 0]
109	[-60.29886722559268, 0]
109	[-60.29886722559268, 0]
109	[-60.29886722559268, 0]
109	[-60.29886722559268, 0]
109	[-60.29886722559268, 0]
109	[-60.29886722559268, 0]
109	[-60.29886722559268, 0]
109	[-60.29886722559268, 0]
109	[-60.29886722559268, 0]
109	[-60.29886722559268, 0]
109	[-60.29886722559268, 0]
109	[-60.29886722559268, 0]
109	[-60.29886722559268, 0]
109	[-60.29886722559268, 0]
109	[-60.29886722559268, 0]
109	[-60.29886722559268, 0]
109	[-60.29886722559268, 0]
109	[-60.29886722559268, 0]
109	[-60.29886722559268, 0]
109	[-60.29886722559268, 0]
109	[-60.29886722559268, 0]
109	[-60.29886722559268, 0]
109	[-60.29886722559268, 0]
109	[-60.29886722559268, 0]
109	[-60.29886722559268, 0]
109	[-60.29886722559268, 0]
109	[-60.29886722559268, 0]
109	[-60.29886722559268, 0]
109	[-60.29886722559268, 0]
109	[-60.29886722559268, 0]
109	[-60.29886722559268, 0]
109	[-60.29886722559268, 0]
109	[-60.29886722559268, 0]
109	[-60.29886722559268, 0]
109	[-60.29886722559268, 0]
109	[-60.29886722559268, 0]
109	[-60.29886722559268, 0]
109	[-60.29886722559268, 0]
109	[-60.29886722559268, 0]
109	[-60.29886722559268, 0]
109	[-60.29886722559268, 0]
109	[-60.29886722559268, 0]
109	[-60.29886722559268, 0]
109	[-60.29886722559268, 0]
109	[-60.29886722559268, 0]
109	[-60.29886722559268, 0]
109	[-60.29886722559268, 0]
109	[-60.29886722559268, 0]
109	[-60.29886722559268, 0]
109	[-60.29886722559268, 0]
109	[-60.29886722559268, 0]
109	[-60.29886722559268, 0]
109	[-60.29886722559268, 0]
109	[-60.29886722559268, 0]
109	[-60.29886722559268, 0]
109	[-60.29886722559268, 0]
109	[-60.29886722559268, 0]
109	[-60.29886722559268, 0]
109	[-60.29886722559268, 0]
109	[-60.29886722559268, 0]
109	[-60.29886722559268, 0]
109	[-60.29886722559268, 0]
109	[-60.29886722559268, 0]
109	[-60.29886722559268, 0]
110	[-60.29886722559268, 0]
110	[-60.29886722559268, 0]
110	[-60.29886722559268, 0]
110	[-60.29886722559268, 0]
110	[-60.29886722559268, 0]
110	[-60.29886722559268, 0]
110	[-60.29886722559268, 0]
110	[-60.29886722559268, 0]
110	[-60.29886722559268, 0]
110	[-60.29886722559268, 0]
110	[-60.29886722559268, 0]
110	[-60.29886722559268, 0]
110	[-60.29886722559268, 0]
110	[-60.29886722559268, 0]
110	[-60.29886722559268, 0]
110	[-60.29886722559268, 0]
110	[-60.29886722559268, 0]
110	[-60.29886722559268, 0]
110	[-60.29886722559268, 0]
110	[-60.29886722559268, 0]
110	[-60.29886722559268, 0]
110	[-60.29886722559268, 0]
110	[-60.29886722559268, 0]
110	[-60.29886722559268, 0]
110	[-60.29886722559268, 0]
110	[-60.29886722559268, 0]
110	[-60.29886722559268, 0]
110	[-60.29886722559268, 0]
110	[-60.29886722559268, 0]
110	[-60.29886722559268, 0]
110	[-60.29886722559268, 0]
110	[-60.29886722559268, 0]
110	[-60.29886722559268, 0]
110	[-60.29886722559268, 0]
110	[-60.29886722559268, 0]
110	[-60.29886722559268, 0]
110	[-60.29886722559268, 0]
110	[-60.29886722559268, 0]
110	[-60.29886722559268, 0]
110	[-60.29886722559268, 0]
110	[-60.29886722559268, 0]
110	[-60.29886722559268, 0]
110	[-60.29886722559268, 0]
110	[-60.29886722559268, 0]
110	[-60.29886722559268, 0]
110	[-60.29886722559268, 0]
110	[-60.29886722559268, 0]
110	[-60.29886722559268, 0]
110	[-60.29886722559268, 0]
110	[-60.29886722559268, 0]
110	[-60.29886722559268, 0]
110	[-60.29886722559268, 0]
110	[-60.29886722559268, 0]
110	[-60.29886722559268, 0]
110	[-60.29886722559268, 0]
110	[-60.29886722559268, 0]
110	[-60.29886722559268, 0]
110	[-60.29886722559268, 0]
110	[-60.29886722559268, 0]
110	[-60.29886722559268, 0]
110	[-60.29886722559268, 0]
110	[-60.29886722559268, 0]
110	[-60.29886722559268, 0]
110	[-60.29886722559268, 0]
110	[-60.29886722559268, 0]
110	[-60.29886722559268, 0]
110	[-60.29886722559268, 0]
110	[-60.29886722559268, 0]
110	[-60.29886722559268, 0]
110	[-60.29886722559268, 0]
110	[-60.29886722559268, 0]
110	[-60.29886722559268, 0]
110	[-60.29886722559268, 0]
110	[-60.29886722559268, 0]
110	[-60.29886722559268, 0]
110	[-60.29886722559268, 0]
110	[-60.29886722559268, 0]
110	[-60.29886722559268, 0]
110	[-60.29886722559268, 0]
110	[-60.29886722559268, 0]
111	[-60.29886722559268, 0]
111	[-60.29886722559268, 0]
111	[-60.29886722559268, 0]
111	[-60.29886722559268, 0]
111	[-60.29886722559268, 0]
111	[-60.29886722559268, 0]
111	[-60.29886722559268, 0]
111	[-60.29886722559268, 0]
111	[-60.29886722559268, 0]
111	[-60.29886722559268, 0]
111	[-60.29886722559268, 0]
111	[-60.29886722559268, 0]
111	[-60.29886722559268, 0]
111	[-60.29886722559268, 0]
111	[-60.29886722559268, 0]
111	[-60.29886722559268, 0]
111	[-60.29886722559268, 0]
111	[-60.29886722559268, 0]
111	[-60.29886722559268, 0]
111	[-60.29886722559268, 0]
111	[-60.29886722559268, 0]
111	[-60.29886722559268, 0]
111	[-60.29886722559268, 0]
111	[-60.29886722559268, 0]
111	[-60.29886722559268, 0]
111	[-60.29886722559268, 0]
111	[-60.29886722559268, 0]
111	[-60.29886722559268, 0]
111	[-60.29886722559268, 0]
111	[-60.29886722559268, 0]
111	[-60.29886722559268, 0]
111	[-60.29886722559268, 0]
111	[-60.29886722559268, 0]
111	[-60.29886722559268, 0]
111	[-60.29886722559268, 0]
111	[-60.29886722559268, 0]
111	[-60.29886722559268, 0]
111	[-60.29886722559268, 0]
111	[-60.29886722559268, 0]
111	[-60.29886722559268, 0]
111	[-60.29886722559268, 0]
111	[-60.29886722559268, 0]
111	[-60.29886722559268, 0]
111	[-60.29886722559268, 0]
111	[-60.29886722559268, 0]
111	[-60.29886722559268, 0]
111	[-60.29886722559268, 0]
111	[-60.29886722559268, 0]
111	[-60.29886722559268, 0]
111	[-60.29886722559268, 0]
111	[-60.29886722559268, 0]
111	[-60.29886722559268, 0]
111	[-60.29886722559268, 0]
111	[-60.29886722559268, 0]
111	[-60.29886722559268, 0]
111	[-60.29886722559268, 0]
111	[-60.29886722559268, 0]
111	[-60.29886722559268, 0]
111	[-60.29886722559268, 0]
111	[-60.29886722559268, 0]
111	[-60.29886722559268, 0]
111	[-60.29886722559268, 0]
111	[-60.29886722559268, 0]
111	[-60.29886722559268, 0]
111	[-60.29886722559268, 0]
111	[-60.29886722559268, 0]
111	[-60.29886722559268, 0]
111	[-60.29886722559268, 0]
111	[-60.29886722559268, 0]
111	[-60.29886722559268, 0]
111	[-60.29886722559268, 0]
111	[-60.29886722559268, 0]
111	[-60.29886722559268, 0]
111	[-60.29886722559268, 0]
111	[-60.29886722559268, 0]
111	[-60.29886722559268, 0]
111	[-60.29886722559268, 0]
111	[-60.29886722559268, 0]
111	[-60.29886722559268, 0]
111	[-60.29886722559268, 0]
112	[-60.29886722559268, 0]
112	[-60.29886722559268, 0]
112	[-60.29886722559268, 0]
112	[-60.29886722559268, 0]
112	[-60.29886722559268, 0]
112	[-60.29886722559268, 0]
112	[-60.29886722559268, 0]
112	[-60.29886722559268, 0]
112	[-60.29886722559268, 0]
112	[-60.29886722559268, 0]
112	[-60.29886722559268, 0]
112	[-60.29886722559268, 0]
112	[-60.29886722559268, 0]
112	[-60.29886722559268, 0]
112	[-60.29886722559268, 0]
112	[-60.29886722559268, 0]
112	[-60.29886722559268, 0]
112	[-60.29886722559268, 0]
112	[-60.29886722559268, 0]
112	[-60.29886722559268, 0]
112	[-60.29886722559268, 0]
112	[-60.29886722559268, 0]
112	[-60.29886722559268, 0]
112	[-60.29886722559268, 0]
112	[-60.29886722559268, 0]
112	[-60.29886722559268, 0]
112	[-60.29886722559268, 0]
112	[-60.29886722559268, 0]
112	[-60.29886722559268, 0]
112	[-60.29886722559268, 0]
112	[-60.29886722559268, 0]
112	[-60.29886722559268, 0]
112	[-60.29886722559268, 0]
112	[-60.29886722559268, 0]
112	[-60.29886722559268, 0]
112	[-60.29886722559268, 0]
112	[-60.29886722559268, 0]
112	[-60.29886722559268, 0]
112	[-60.29886722559268, 0]
112	[-60.29886722559268, 0]
112	[-60.29886722559268, 0]
112	[-60.29886722559268, 0]
112	[-60.29886722559268, 0]
112	[-60.29886722559268, 0]
112	[-60.29886722559268, 0]
112	[-60.29886722559268, 0]
112	[-60.29886722559268, 0]
112	[-60.29886722559268, 0]
112	[-60.29886722559268, 0]
112	[-60.29886722559268, 0]
112	[-60.29886722559268, 0]
112	[-60.29886722559268, 0]
112	[-60.29886722559268, 0]
112	[-60.29886722559268, 0]
112	[-60.29886722559268, 0]
112	[-60.29886722559268, 0]
112	[-60.29886722559268, 0]
112	[-60.29886722559268, 0]
112	[-60.29886722559268, 0]
112	[-60.29886722559268, 0]
112	[-60.29886722559268, 0]
112	[-60.29886722559268, 0]
112	[-60.29886722559268, 0]
112	[-60.29886722559268, 0]
112	[-60.29886722559268, 0]
112	[-60.29886722559268, 0]
112	[-60.29886722559268, 0]
112	[-60.29886722559268, 0]
112	[-60.29886722559268, 0]
112	[-60.29886722559268, 0]
112	[-60.29886722559268, 0]
112	[-60.29886722559268, 0]
112	[-60.29886722559268, 0]
112	[-60.29886722559268, 0]
112	[-60.29886722559268, 0]
112	[-60.29886722559268, 0]
112	[-60.29886722559268, 0]
112	[-60.29886722559268, 0]
112	[-60.29886722559268, 0]
112	[-60.29886722559268, 0]
113	[-60.29886722559268, 0]
113	[-60.29886722559268, 0]
113	[-60.29886722559268, 0]
113	[-60.29886722559268, 0]
113	[-60.29886722559268, 0]
113	[-60.29886722559268, 0]
113	[-60.29886722559268, 0]
113	[-60.29886722559268, 0]
113	[-60.29886722559268, 0]
113	[-60.29886722559268, 0]
113	[-60.29886722559268, 0]
113	[-60.29886722559268, 0]
113	[-60.29886722559268, 0]
113	[-60.29886722559268, 0]
113	[-60.29886722559268, 0]
113	[-60.29886722559268, 0]
113	[-60.29886722559268, 0]
113	[-60.29886722559268, 0]
113	[-60.29886722559268, 0]
113	[-60.29886722559268, 0]
113	[-60.29886722559268, 0]
113	[-60.29886722559268, 0]
113	[-60.29886722559268, 0]
113	[-60.29886722559268, 0]
113	[-60.29886722559268, 0]
113	[-60.29886722559268, 0]
113	[-60.29886722559268, 0]
113	[-60.29886722559268, 0]
113	[-60.29886722559268, 0]
113	[-60.29886722559268, 0]
113	[-60.29886722559268, 0]
113	[-60.29886722559268, 0]
113	[-60.29886722559268, 0]
113	[-60.29886722559268, 0]
113	[-60.29886722559268, 0]
113	[-60.29886722559268, 0]
113	[-60.29886722559268, 0]
113	[-60.29886722559268, 0]
113	[-60.29886722559268, 0]
113	[-60.29886722559268, 0]
113	[-60.29886722559268, 0]
113	[-60.29886722559268, 0]
113	[-60.29886722559268, 0]
113	[-60.29886722559268, 0]
113	[-60.29886722559268, 0]
113	[-60.29886722559268, 0]
113	[-60.29886722559268, 0]
113	[-60.29886722559268, 0]
113	[-60.29886722559268, 0]
113	[-60.29886722559268, 0]
113	[-60.29886722559268, 0]
113	[-60.29886722559268, 0]
113	[-60.29886722559268, 0]
113	[-60.29886722559268, 0]
113	[-60.29886722559268, 0]
113	[-60.29886722559268, 0]
113	[-60.29886722559268, 0]
113	[-60.29886722559268, 0]
113	[-60.29886722559268, 0]
113	[-60.29886722559268, 0]
113	[-60.29886722559268, 0]
113	[-60.29886722559268, 0]
113	[-60.29886722559268, 0]
113	[-60.29886722559268, 0]
113	[-60.29886722559268, 0]
113	[-60.29886722559268, 0]
113	[-60.29886722559268, 0]
113	[-60.29886722559268, 0]
113	[-60.29886722559268, 0]
113	[-60.29886722559268, 0]
113	[-60.29886722559268, 0]
113	[-60.29886722559268, 0]
113	[-60.29886722559268, 0]
113	[-60.29886722559268, 0]
113	[-60.29886722559268, 0]
113	[-60.29886722559268, 0]
113	[-60.29886722559268, 0]
113	[-60.29886722559268, 0]
113	[-60.29886722559268, 0]
113	[-60.29886722559268, 0]
114	[-60.29886722559268, 0]
114	[-60.29886722559268, 0]
114	[-60.29886722559268, 0]
114	[-60.29886722559268, 0]
114	[-60.29886722559268, 0]
114	[-60.29886722559268, 0]
114	[-60.29886722559268, 0]
114	[-60.29886722559268, 0]
114	[-60.29886722559268, 0]
114	[-60.29886722559268, 0]
114	[-60.29886722559268, 0]
114	[-60.29886722559268, 0]
114	[-60.29886722559268, 0]
114	[-60.29886722559268, 0]
114	[-60.29886722559268, 0]
114	[-60.29886722559268, 0]
114	[-60.29886722559268, 0]
114	[-60.29886722559268, 0]
114	[-60.29886722559268, 0]
114	[-60.29886722559268, 0]
114	[-60.29886722559268, 0]
114	[-60.29886722559268, 0]
114	[-60.29886722559268, 0]
114	[-60.29886722559268, 0]
114	[-60.29886722559268, 0]
114	[-60.29886722559268, 0]
114	[-60.29886722559268, 0]
114	[-60.29886722559268, 0]
114	[-60.29886722559268, 0]
114	[-60.29886722559268, 0]
114	[-60.29886722559268, 0]
114	[-60.29886722559268, 0]
114	[-60.29886722559268, 0]
114	[-60.29886722559268, 0]
114	[-60.29886722559268, 0]
114	[-60.29886722559268, 0]
114	[-60.29886722559268, 0]
114	[-60.29886722559268, 0]
114	[-60.29886722559268, 0]
114	[-60.29886722559268, 0]
114	[-60.29886722559268, 0]
114	[-60.29886722559268, 0]
114	[-60.29886722559268, 0]
114	[-60.29886722559268, 0]
114	[-60.29886722559268, 0]
114	[-60.29886722559268, 0]
114	[-60.29886722559268, 0]
114	[-60.29886722559268, 0]
114	[-60.29886722559268, 0]
114	[-60.29886722559268, 0]
114	[-60.29886722559268, 0]
114	[-60.29886722559268, 0]
114	[-60.29886722559268, 0]
114	[-60.29886722559268, 0]
114	[-60.29886722559268, 0]
114	[-60.29886722559268, 0]
114	[-60.29886722559268, 0]
114	[-60.29886722559268, 0]
114	[-60.29886722559268, 0]
114	[-60.29886722559268, 0]
114	[-60.29886722559268, 0]
114	[-60.29886722559268, 0]
114	[-60.29886722559268, 0]
114	[-60.29886722559268, 0]
114	[-60.29886722559268, 0]
114	[-60.29886722559268, 0]
114	[-60.29886722559268, 0]
114	[-60.29886722559268, 0]
114	[-60.29886722559268, 0]
114	[-60.29886722559268, 0]
114	[-60.29886722559268, 0]
114	[-60.29886722559268, 0]
114	[-60.29886722559268, 0]
114	[-60.29886722559268, 0]
114	[-60.29886722559268, 0]
114	[-60.29886722559268, 0]
114	[-60.29886722559268, 0]
114	[-60.29886722559268, 0]
114	[-60.29886722559268, 0]
114	[-60.29886722559268, 0]
115	[-60.29886722559268, 0]
115	[-60.29886722559268, 0]
115	[-60.29886722559268, 0]
115	[-60.29886722559268, 0]
115	[-60.29886722559268, 0]
115	[-60.29886722559268, 0]
115	[-60.29886722559268, 0]
115	[-60.29886722559268, 0]
115	[-60.29886722559268, 0]
115	[-60.29886722559268, 0]
115	[-60.29886722559268, 0]
115	[-60.29886722559268, 0]
115	[-60.29886722559268, 0]
115	[-60.29886722559268, 0]
115	[-60.29886722559268, 0]
115	[-60.29886722559268, 0]
115	[-60.29886722559268, 0]
115	[-60.29886722559268, 0]
115	[-60.29886722559268, 0]
115	[-60.29886722559268, 0]
115	[-60.29886722559268, 0]
115	[-60.29886722559268, 0]
115	[-60.29886722559268, 0]
115	[-60.29886722559268, 0]
115	[-60.29886722559268, 0]
115	[-60.29886722559268, 0]
115	[-60.29886722559268, 0]
115	[-60.29886722559268, 0]
115	[-60.29886722559268, 0]
115	[-60.29886722559268, 0]
115	[-60.29886722559268, 0]
115	[-60.29886722559268, 0]
115	[-60.29886722559268, 0]
115	[-60.29886722559268, 0]
115	[-60.29886722559268, 0]
115	[-60.29886722559268, 0]
115	[-60.29886722559268, 0]
115	[-60.29886722559268, 0]
115	[-60.29886722559268, 0]
115	[-60.29886722559268, 0]
115	[-60.29886722559268, 0]
115	[-60.29886722559268, 0]
115	[-60.29886722559268, 0]
115	[-60.29886722559268, 0]
115	[-60.29886722559268, 0]
115	[-60.29886722559268, 0]
115	[-60.29886722559268, 0]
115	[-60.29886722559268, 0]
115	[-60.29886722559268, 0]
115	[-60.29886722559268, 0]
115	[-60.29886722559268, 0]
115	[-60.29886722559268, 0]
115	[-60.29886722559268, 0]
115	[-60.29886722559268, 0]
115	[-60.29886722559268, 0]
115	[-60.29886722559268, 0]
115	[-60.29886722559268, 0]
115	[-60.29886722559268, 0]
115	[-60.29886722559268, 0]
115	[-60.29886722559268, 0]
115	[-60.29886722559268, 0]
115	[-60.29886722559268, 0]
115	[-60.29886722559268, 0]
115	[-60.29886722559268, 0]
115	[-60.29886722559268, 0]
115	[-60.29886722559268, 0]
115	[-60.29886722559268, 0]
115	[-60.29886722559268, 0]
115	[-60.29886722559268, 0]
115	[-60.29886722559268, 0]
115	[-60.29886722559268, 0]
115	[-60.29886722559268, 0]
115	[-60.29886722559268, 0]
115	[-60.29886722559268, 0]
115	[-60.29886722559268, 0]
115	[-60.29886722559268, 0]
115	[-60.29886722559268, 0]
115	[-60.29886722559268, 0]
115	[-60.29886722559268, 0]
115	[-60.29886722559268, 0]
116	[-60.29886722559268, 0]
116	[-60.29886722559268, 0]
116	[-60.29886722559268, 0]
116	[-60.29886722559268, 0]
116	[-60.29886722559268, 0]
116	[-60.29886722559268, 0]
116	[-60.29886722559268, 0]
116	[-60.29886722559268, 0]
116	[-60.29886722559268, 0]
116	[-60.29886722559268, 0]
116	[-60.29886722559268, 0]
116	[-60.29886722559268, 0]
116	[-60.29886722559268, 0]
116	[-60.29886722559268, 0]
116	[-60.29886722559268, 0]
116	[-60.29886722559268, 0]
116	[-60.29886722559268, 0]
116	[-60.29886722559268, 0]
116	[-60.29886722559268, 0]
116	[-60.29886722559268, 0]
116	[-60.29886722559268, 0]
116	[-60.29886722559268, 0]
116	[-60.29886722559268, 0]
116	[-60.29886722559268, 0]
116	[-60.29886722559268, 0]
116	[-60.29886722559268, 0]
116	[-60.29886722559268, 0]
116	[-60.29886722559268, 0]
116	[-60.29886722559268, 0]
116	[-60.29886722559268, 0]
116	[-60.29886722559268, 0]
116	[-60.29886722559268, 0]
116	[-60.29886722559268, 0]
116	[-60.29886722559268, 0]
116	[-60.29886722559268, 0]
116	[-60.29886722559268, 0]
116	[-60.29886722559268, 0]
116	[-60.29886722559268, 0]
116	[-60.29886722559268, 0]
116	[-60.29886722559268, 0]
116	[-60.29886722559268, 0]
116	[-60.29886722559268, 0]
116	[-60.29886722559268, 0]
116	[-60.29886722559268, 0]
116	[-60.29886722559268, 0]
116	[-60.29886722559268, 0]
116	[-60.29886722559268, 0]
116	[-60.29886722559268, 0]
116	[-60.29886722559268, 0]
116	[-60.29886722559268, 0]
116	[-60.29886722559268, 0]
116	[-60.29886722559268, 0]
116	[-60.29886722559268, 0]
116	[-60.29886722559268, 0]
116	[-60.29886722559268, 0]
116	[-60.29886722559268, 0]
116	[-60.29886722559268, 0]
116	[-60.29886722559268, 0]
116	[-60.29886722559268, 0]
116	[-60.29886722559268, 0]
116	[-60.29886722559268, 0]
116	[-60.29886722559268, 0]
116	[-60.29886722559268, 0]
116	[-60.29886722559268, 0]
116	[-60.29886722559268, 0]
116	[-60.29886722559268, 0]
116	[-60.29886722559268, 0]
116	[-60.29886722559268, 0]
116	[-60.29886722559268, 0]
116	[-60.29886722559268, 0]
116	[-60.29886722559268, 0]
116	[-60.29886722559268, 0]
116	[-60.29886722559268, 0]
116	[-60.29886722559268, 0]
116	[-60.29886722559268, 0]
116	[-60.29886722559268, 0]
116	[-60.29886722559268, 0]
116	[-60.29886722559268, 0]
116	[-60.29886722559268, 0]
116	[-60.29886722559268, 0]
117	[-60.29886722559268, 0]
117	[-60.29886722559268, 0]
117	[-60.29886722559268, 0]
117	[-60.29886722559268, 0]
117	[-60.29886722559268, 0]
117	[-60.29886722559268, 0]
117	[-60.29886722559268, 0]
117	[-60.29886722559268, 0]
117	[-60.29886722559268, 0]
117	[-60.29886722559268, 0]
117	[-60.29886722559268, 0]
117	[-60.29886722559268, 0]
117	[-60.29886722559268, 0]
117	[-60.29886722559268, 0]
117	[-60.29886722559268, 0]
117	[-60.29886722559268, 0]
117	[-60.29886722559268, 0]
117	[-60.29886722559268, 0]
117	[-60.29886722559268, 0]
117	[-60.29886722559268, 0]
117	[-60.29886722559268, 0]
117	[-60.29886722559268, 0]
117	[-60.29886722559268, 0]
117	[-60.29886722559268, 0]
117	[-60.29886722559268, 0]
117	[-60.29886722559268, 0]
117	[-60.29886722559268, 0]
117	[-60.29886722559268, 0]
117	[-60.29886722559268, 0]
117	[-60.29886722559268, 0]
117	[-60.29886722559268, 0]
117	[-60.29886722559268, 0]
117	[-60.29886722559268, 0]
117	[-60.29886722559268, 0]
117	[-60.29886722559268, 0]
117	[-60.29886722559268, 0]
117	[-60.29886722559268, 0]
117	[-60.29886722559268, 0]
117	[-60.29886722559268, 0]
117	[-60.29886722559268, 0]
117	[-60.29886722559268, 0]
117	[-60.29886722559268, 0]
117	[-60.29886722559268, 0]
117	[-60.29886722559268, 0]
117	[-60.29886722559268, 0]
117	[-60.29886722559268, 0]
117	[-60.29886722559268, 0]
117	[-60.29886722559268, 0]
117	[-60.29886722559268, 0]
117	[-60.29886722559268, 0]
117	[-60.29886722559268, 0]
117	[-60.29886722559268, 0]
117	[-60.29886722559268, 0]
117	[-60.29886722559268, 0]
117	[-60.29886722559268, 0]
117	[-60.29886722559268, 0]
117	[-60.29886722559268, 0]
117	[-60.29886722559268, 0]
117	[-60.29886722559268, 0]
117	[-60.29886722559268, 0]
117	[-60.29886722559268, 0]
117	[-60.29886722559268, 0]
117	[-60.29886722559268, 0]
117	[-60.29886722559268, 0]
117	[-60.29886722559268, 0]
117	[-60.29886722559268, 0]
117	[-60.29886722559268, 0]
117	[-60.29886722559268, 0]
117	[-60.29886722559268, 0]
117	[-60.29886722559268, 0]
117	[-60.29886722559268, 0]
117	[-60.29886722559268, 0]
117	[-60.29886722559268, 0]
117	[-60.29886722559268, 0]
117	[-60.29886722559268, 0]
117	[-60.29886722559268, 0]
117	[-60.29886722559268, 0]
117	[-60.29886722559268, 0]
117	[-60.29886722559268, 0]
117	[-60.29886722559268, 0]
118	[-60.29886722559268, 0]
118	[-60.29886722559268, 0]
118	[-60.29886722559268, 0]
118	[-60.29886722559268, 0]
118	[-60.29886722559268, 0]
118	[-60.29886722559268, 0]
118	[-60.29886722559268, 0]
118	[-60.29886722559268, 0]
118	[-60.29886722559268, 0]
118	[-60.29886722559268, 0]
118	[-60.29886722559268, 0]
118	[-60.29886722559268, 0]
118	[-60.29886722559268, 0]
118	[-60.29886722559268, 0]
118	[-60.29886722559268, 0]
118	[-60.29886722559268, 0]
118	[-60.29886722559268, 0]
118	[-60.29886722559268, 0]
118	[-60.29886722559268, 0]
118	[-60.29886722559268, 0]
118	[-60.29886722559268, 0]
118	[-60.29886722559268, 0]
118	[-60.29886722559268, 0]
118	[-60.29886722559268, 0]
118	[-60.29886722559268, 0]
118	[-60.29886722559268, 0]
118	[-60.29886722559268, 0]
118	[-60.29886722559268, 0]
118	[-60.29886722559268, 0]
118	[-60.29886722559268, 0]
118	[-60.29886722559268, 0]
118	[-60.29886722559268, 0]
118	[-60.29886722559268, 0]
118	[-60.29886722559268, 0]
118	[-60.29886722559268, 0]
118	[-60.29886722559268, 0]
118	[-60.29886722559268, 0]
118	[-60.29886722559268, 0]
118	[-60.29886722559268, 0]
118	[-60.29886722559268, 0]
118	[-60.29886722559268, 0]
118	[-60.29886722559268, 0]
118	[-60.29886722559268, 0]
118	[-60.29886722559268, 0]
118	[-60.29886722559268, 0]
118	[-60.29886722559268, 0]
118	[-60.29886722559268, 0]
118	[-60.29886722559268, 0]
118	[-60.29886722559268, 0]
118	[-60.29886722559268, 0]
118	[-60.29886722559268, 0]
118	[-60.29886722559268, 0]
118	[-60.29886722559268, 0]
118	[-60.29886722559268, 0]
118	[-60.29886722559268, 0]
118	[-60.29886722559268, 0]
118	[-60.29886722559268, 0]
118	[-60.29886722559268, 0]
118	[-60.29886722559268, 0]
118	[-60.29886722559268, 0]
118	[-60.29886722559268, 0]
118	[-60.29886722559268, 0]
118	[-60.29886722559268, 0]
118	[-60.29886722559268, 0]
118	[-60.29886722559268, 0]
118	[-60.29886722559268, 0]
118	[-60.29886722559268, 0]
118	[-60.29886722559268, 0]
118	[-60.29886722559268, 0]
118	[-60.29886722559268, 0]
118	[-60.29886722559268, 0]
118	[-60.29886722559268, 0]
118	[-60.29886722559268, 0]
118	[-60.29886722559268, 0]
118	[-60.29886722559268, 0]
118	[-60.29886722559268, 0]
118	[-60.29886722559268, 0]
118	[-60.29886722559268, 0]
118	[-60.29886722559268, 0]
118	[-60.29886722559268, 0]
119	[-60.29886722559268, 0]
119	[-60.29886722559268, 0]
119	[-60.29886722559268, 0]
119	[-60.29886722559268, 0]
119	[-60.29886722559268, 0]
119	[-60.29886722559268, 0]
119	[-60.29886722559268, 0]
119	[-60.29886722559268, 0]
119	[-60.29886722559268, 0]
119	[-60.29886722559268, 0]
119	[-60.29886722559268, 0]
119	[-60.29886722559268, 0]
119	[-60.29886722559268, 0]
119	[-60.29886722559268, 0]
119	[-60.29886722559268, 0]
119	[-60.29886722559268, 0]
119	[-60.29886722559268, 0]
119	[-60.29886722559268, 0]
119	[-60.29886722559268, 0]
119	[-60.29886722559268, 0]
119	[-60.29886722559268, 0]
119	[-60.29886722559268, 0]
119	[-60.29886722559268, 0]
119	[-60.29886722559268, 0]
119	[-60.29886722559268, 0]
119	[-60.29886722559268, 0]
119	[-60.29886722559268, 0]
119	[-60.29886722559268, 0]
119	[-60.29886722559268, 0]
119	[-60.29886722559268, 0]
119	[-60.29886722559268, 0]
119	[-60.29886722559268, 0]
119	[-60.29886722559268, 0]
119	[-60.29886722559268, 0]
119	[-60.29886722559268, 0]
119	[-60.29886722559268, 0]
119	[-60.29886722559268, 0]
119	[-60.29886722559268, 0]
119	[-60.29886722559268, 0]
119	[-60.29886722559268, 0]
119	[-60.29886722559268, 0]
119	[-60.29886722559268, 0]
119	[-60.29886722559268, 0]
119	[-60.29886722559268, 0]
119	[-60.29886722559268, 0]
119	[-60.29886722559268, 0]
119	[-60.29886722559268, 0]
119	[-60.29886722559268, 0]
119	[-60.29886722559268, 0]
119	[-60.29886722559268, 0]
119	[-60.29886722559268, 0]
119	[-60.29886722559268, 0]
119	[-60.29886722559268, 0]
119	[-60.29886722559268, 0]
119	[-60.29886722559268, 0]
119	[-60.29886722559268, 0]
119	[-60.29886722559268, 0]
119	[-60.29886722559268, 0]
119	[-60.29886722559268, 0]
119	[-60.29886722559268, 0]
119	[-60.29886722559268, 0]
119	[-60.29886722559268, 0]
119	[-60.29886722559268, 0]
119	[-60.29886722559268, 0]
119	[-60.29886722559268, 0]
119	[-60.29886722559268, 0]
119	[-60.29886722559268, 0]
119	[-60.29886722559268, 0]
119	[-60.29886722559268, 0]
119	[-60.29886722559268, 0]
119	[-60.29886722559268, 0]
119	[-60.29886722559268, 0]
119	[-60.29886722559268, 0]
119	[-60.29886722559268, 0]
119	[-60.29886722559268, 0]
119	[-60.29886722559268, 0]
119	[-60.29886722559268, 0]
119	[-60.29886722559268, 0]
119	[-60.29886722559268, 0]
119	[-60.29886722559268, 0]
120	[-60.29886722559268, 0]
120	[-60.29886722559268, 0]
120	[-60.29886722559268, 0]
120	[-60.29886722559268, 0]
120	[-60.29886722559268, 0]
120	[-60.29886722559268, 0]
120	[-60.29886722559268, 0]
120	[-60.29886722559268, 0]
120	[-60.29886722559268, 0]
120	[-60.29886722559268, 0]
120	[-60.29886722559268, 0]
120	[-60.29886722559268, 0]
120	[-60.29886722559268, 0]
120	[-60.29886722559268, 0]
120	[-60.29886722559268, 0]
120	[-60.29886722559268, 0]
120	[-60.29886722559268, 0]
120	[-60.29886722559268, 0]
120	[-60.29886722559268, 0]
120	[-60.29886722559268, 0]
120	[-60.29886722559268, 0]
120	[-60.29886722559268, 0]
120	[-60.29886722559268, 0]
120	[-60.29886722559268, 0]
120	[-60.29886722559268, 0]
120	[-60.29886722559268, 0]
120	[-60.29886722559268, 0]
120	[-60.29886722559268, 0]
120	[-60.29886722559268, 0]
120	[-60.29886722559268, 0]
120	[-60.29886722559268, 0]
120	[-60.29886722559268, 0]
120	[-60.29886722559268, 0]
120	[-60.29886722559268, 0]
120	[-60.29886722559268, 0]
120	[-60.29886722559268, 0]
120	[-60.29886722559268, 0]
120	[-60.29886722559268, 0]
120	[-60.29886722559268, 0]
120	[-60.29886722559268, 0]
120	[-60.29886722559268, 0]
120	[-60.29886722559268, 0]
120	[-60.29886722559268, 0]
120	[-60.29886722559268, 0]
120	[-60.29886722559268, 0]
120	[-60.29886722559268, 0]
120	[-60.29886722559268, 0]
120	[-60.29886722559268, 0]
120	[-60.29886722559268, 0]
120	[-60.29886722559268, 0]
120	[-60.29886722559268, 0]
120	[-60.29886722559268, 0]
120	[-60.29886722559268, 0]
120	[-60.29886722559268, 0]
120	[-60.29886722559268, 0]
120	[-60.29886722559268, 0]
120	[-60.29886722559268, 0]
120	[-60.29886722559268, 0]
120	[-60.29886722559268, 0]
120	[-60.29886722559268, 0]
120	[-60.29886722559268, 0]
120	[-60.29886722559268, 0]
120	[-60.29886722559268, 0]
120	[-60.29886722559268, 0]
120	[-60.29886722559268, 0]
120	[-60.29886722559268, 0]
120	[-60.29886722559268, 0]
120	[-60.29886722559268, 0]
120	[-60.29886722559268, 0]
120	[-60.29886722559268, 0]
120	[-60.29886722559268, 0]
120	[-60.29886722559268, 0]
120	[-60.29886722559268, 0]
120	[-60.29886722559268, 0]
120	[-60.29886722559268, 0]
120	[-60.29886722559268, 0]
120	[-60.29886722559268, 0]
120	[-60.29886722559268, 0]
120	[-60.29886722559268, 0]
120	[-60.29886722559268, 0]
121	[-60.29886722559268, 0]
121	[-60.29886722559268, 0]
121	[-60.29886722559268, 0]
121	[-60.29886722559268, 0]
121	[-60.29886722559268, 0]
121	[-60.29886722559268, 0]
121	[-60.29886722559268, 0]
121	[-60.29886722559268, 0]
121	[-60.29886722559268, 0]
121	[-60.29886722559268, 0]
121	[-60.29886722559268, 0]
121	[-60.29886722559268, 0]
121	[-60.29886722559268, 0]
121	[-60.29886722559268, 0]
121	[-60.29886722559268, 0]
121	[-60.29886722559268, 0]
121	[-60.29886722559268, 0]
121	[-60.29886722559268, 0]
121	[-60.29886722559268, 0]
121	[-60.29886722559268, 0]
121	[-60.29886722559268, 0]
121	[-60.29886722559268, 0]
121	[-60.29886722559268, 0]
121	[-60.29886722559268, 0]
121	[-60.29886722559268, 0]
121	[-60.29886722559268, 0]
121	[-60.29886722559268, 0]
121	[-60.29886722559268, 0]
121	[-60.29886722559268, 0]
121	[-60.29886722559268, 0]
121	[-60.29886722559268, 0]
121	[-60.29886722559268, 0]
121	[-60.29886722559268, 0]
121	[-60.29886722559268, 0]
121	[-60.29886722559268, 0]
121	[-60.29886722559268, 0]
121	[-60.29886722559268, 0]
121	[-60.29886722559268, 0]
121	[-60.29886722559268, 0]
121	[-60.29886722559268, 0]
121	[-60.29886722559268, 0]
121	[-60.29886722559268, 0]
121	[-60.29886722559268, 0]
121	[-60.29886722559268, 0]
121	[-60.29886722559268, 0]
121	[-60.29886722559268, 0]
121	[-60.29886722559268, 0]
121	[-60.29886722559268, 0]
121	[-60.29886722559268, 0]
121	[-60.29886722559268, 0]
121	[-60.29886722559268, 0]
121	[-60.29886722559268, 0]
121	[-60.29886722559268, 0]
121	[-60.29886722559268, 0]
121	[-60.29886722559268, 0]
121	[-60.29886722559268, 0]
121	[-60.29886722559268, 0]
121	[-60.29886722559268, 0]
121	[-60.29886722559268, 0]
121	[-60.29886722559268, 0]
121	[-60.29886722559268, 0]
121	[-60.29886722559268, 0]
121	[-60.29886722559268, 0]
121	[-60.29886722559268, 0]
121	[-60.29886722559268, 0]
121	[-60.29886722559268, 0]
121	[-60.29886722559268, 0]
121	[-60.29886722559268, 0]
121	[-60.29886722559268, 0]
121	[-60.29886722559268, 0]
121	[-60.29886722559268, 0]
121	[-60.29886722559268, 0]
121	[-60.29886722559268, 0]
121	[-60.29886722559268, 0]
121	[-60.29886722559268, 0]
121	[-60.29886722559268, 0]
121	[-60.29886722559268, 0]
121	[-60.29886722559268, 0]
121	[-60.29886722559268, 0]
121	[-60.29886722559268, 0]
122	[-60.29886722559268, 0]
122	[-60.29886722559268, 0]
122	[-60.29886722559268, 0]
122	[-60.29886722559268, 0]
122	[-60.29886722559268, 0]
122	[-60.29886722559268, 0]
122	[-60.29886722559268, 0]
122	[-60.29886722559268, 0]
122	[-60.29886722559268, 0]
122	[-60.29886722559268, 0]
122	[-60.29886722559268, 0]
122	[-60.29886722559268, 0]
122	[-60.29886722559268, 0]
122	[-60.29886722559268, 0]
122	[-60.29886722559268, 0]
122	[-60.29886722559268, 0]
122	[-60.29886722559268, 0]
122	[-60.29886722559268, 0]
122	[-60.29886722559268, 0]
122	[-60.29886722559268, 0]
122	[-60.29886722559268, 0]
122	[-60.29886722559268, 0]
122	[-60.29886722559268, 0]
122	[-60.29886722559268, 0]
122	[-60.29886722559268, 0]
122	[-60.29886722559268, 0]
122	[-60.29886722559268, 0]
122	[-60.29886722559268, 0]
122	[-60.29886722559268, 0]
122	[-60.29886722559268, 0]
122	[-60.29886722559268, 0]
122	[-60.29886722559268, 0]
122	[-60.29886722559268, 0]
122	[-60.29886722559268, 0]
122	[-60.29886722559268, 0]
122	[-60.29886722559268, 0]
122	[-60.29886722559268, 0]
122	[-60.29886722559268, 0]
122	[-60.29886722559268, 0]
122	[-60.29886722559268, 0]
122	[-60.29886722559268, 0]
122	[-60.29886722559268, 0]
122	[-60.29886722559268, 0]
122	[-60.29886722559268, 0]
122	[-60.29886722559268, 0]
122	[-60.29886722559268, 0]
122	[-60.29886722559268, 0]
122	[-60.29886722559268, 0]
122	[-60.29886722559268, 0]
122	[-60.29886722559268, 0]
122	[-60.29886722559268, 0]
122	[-60.29886722559268, 0]
122	[-60.29886722559268, 0]
122	[-60.29886722559268, 0]
122	[-60.29886722559268, 0]
122	[-60.29886722559268, 0]
122	[-60.29886722559268, 0]
122	[-60.29886722559268, 0]
122	[-60.29886722559268, 0]
122	[-60.29886722559268, 0]
122	[-60.29886722559268, 0]
122	[-60.29886722559268, 0]
122	[-60.29886722559268, 0]
122	[-60.29886722559268, 0]
122	[-60.29886722559268, 0]
122	[-60.29886722559268, 0]
122	[-60.29886722559268, 0]
122	[-60.29886722559268, 0]
122	[-60.29886722559268, 0]
122	[-60.29886722559268, 0]
122	[-60.29886722559268, 0]
122	[-60.29886722559268, 0]
122	[-60.29886722559268, 0]
122	[-60.29886722559268, 0]
122	[-60.29886722559268, 0]
122	[-60.29886722559268, 0]
122	[-60.29886722559268, 0]
122	[-60.29886722559268, 0]
122	[-60.29886722559268, 0]
122	[-60.29886722559268, 0]
123	[-60.29886722559268, 0]
123	[-60.29886722559268, 0]
123	[-60.29886722559268, 0]
123	[-60.29886722559268, 0]
123	[-60.29886722559268, 0]
123	[-60.29886722559268, 0]
123	[-60.29886722559268, 0]
123	[-60.29886722559268, 0]
123	[-60.29886722559268, 0]
123	[-60.29886722559268, 0]
123	[-60.29886722559268, 0]
123	[-60.29886722559268, 0]
123	[-60.29886722559268, 0]
123	[-60.29886722559268, 0]
123	[-60.29886722559268, 0]
123	[-60.29886722559268, 0]
123	[-60.29886722559268, 0]
123	[-60.29886722559268, 0]
123	[-60.29886722559268, 0]
123	[-60.29886722559268, 0]
123	[-60.29886722559268, 0]
123	[-60.29886722559268, 0]
123	[-60.29886722559268, 0]
123	[-60.29886722559268, 0]
123	[-60.29886722559268, 0]
123	[-60.29886722559268, 0]
123	[-60.29886722559268, 0]
123	[-60.29886722559268, 0]
123	[-60.29886722559268, 0]
123	[-60.29886722559268, 0]
123	[-60.29886722559268, 0]
123	[-60.29886722559268, 0]
123	[-60.29886722559268, 0]
123	[-60.29886722559268, 0]
123	[-60.29886722559268, 0]
123	[-60.29886722559268, 0]
123	[-60.29886722559268, 0]
123	[-60.29886722559268, 0]
123	[-60.29886722559268, 0]
123	[-60.29886722559268, 0]
123	[-60.29886722559268, 0]
123	[-60.29886722559268, 0]
123	[-60.29886722559268, 0]
123	[-60.29886722559268, 0]
123	[-60.29886722559268, 0]
123	[-60.29886722559268, 0]
123	[-60.29886722559268, 0]
123	[-60.29886722559268, 0]
123	[-60.29886722559268, 0]
123	[-60.29886722559268, 0]
123	[-60.29886722559268, 0]
123	[-60.29886722559268, 0]
123	[-60.29886722559268, 0]
123	[-60.29886722559268, 0]
123	[-60.29886722559268, 0]
123	[-60.29886722559268, 0]
123	[-60.29886722559268, 0]
123	[-60.29886722559268, 0]
123	[-60.29886722559268, 0]
123	[-60.29886722559268, 0]
123	[-60.29886722559268, 0]
123	[-60.29886722559268, 0]
123	[-60.29886722559268, 0]
123	[-60.29886722559268, 0]
123	[-60.29886722559268, 0]
123	[-60.29886722559268, 0]
123	[-60.29886722559268, 0]
123	[-60.29886722559268, 0]
123	[-60.29886722559268, 0]
123	[-60.29886722559268, 0]
123	[-60.29886722559268, 0]
123	[-60.29886722559268, 0]
123	[-60.29886722559268, 0]
123	[-60.29886722559268, 0]
123	[-60.29886722559268, 0]
123	[-60.29886722559268, 0]
123	[-60.29886722559268, 0]
123	[-60.29886722559268, 0]
123	[-60.29886722559268, 0]
123	[-60.29886722559268, 0]
124	[-60.29886722559268, 0]
124	[-60.29886722559268, 0]
124	[-60.29886722559268, 0]
124	[-60.29886722559268, 0]
124	[-60.29886722559268, 0]
124	[-60.29886722559268, 0]
124	[-60.29886722559268, 0]
124	[-60.29886722559268, 0]
124	[-60.29886722559268, 0]
124	[-60.29886722559268, 0]
124	[-60.29886722559268, 0]
124	[-60.29886722559268, 0]
124	[-60.29886722559268, 0]
124	[-60.29886722559268, 0]
124	[-60.29886722559268, 0]
124	[-60.29886722559268, 0]
124	[-60.29886722559268, 0]
124	[-60.29886722559268, 0]
124	[-60.29886722559268, 0]
124	[-60.29886722559268, 0]
124	[-60.29886722559268, 0]
124	[-60.29886722559268, 0]
124	[-60.29886722559268, 0]
124	[-60.29886722559268, 0]
124	[-60.29886722559268, 0]
124	[-60.29886722559268, 0]
124	[-60.29886722559268, 0]
124	[-60.29886722559268, 0]
124	[-60.29886722559268, 0]
124	[-60.29886722559268, 0]
124	[-60.29886722559268, 0]
124	[-60.29886722559268, 0]
124	[-60.29886722559268, 0]
124	[-60.29886722559268, 0]
124	[-60.29886722559268, 0]
124	[-60.29886722559268, 0]
124	[-60.29886722559268, 0]
124	[-60.29886722559268, 0]
124	[-60.29886722559268, 0]
124	[-60.29886722559268, 0]
124	[-60.29886722559268, 0]
124	[-60.29886722559268, 0]
124	[-60.29886722559268, 0]
124	[-60.29886722559268, 0]
124	[-60.29886722559268, 0]
124	[-60.29886722559268, 0]
124	[-60.29886722559268, 0]
124	[-60.29886722559268, 0]
124	[-60.29886722559268, 0]
124	[-60.29886722559268, 0]
124	[-60.29886722559268, 0]
124	[-60.29886722559268, 0]
124	[-60.29886722559268, 0]
124	[-60.29886722559268, 0]
124	[-60.29886722559268, 0]
124	[-60.29886722559268, 0]
124	[-60.29886722559268, 0]
124	[-60.29886722559268, 0]
124	[-60.29886722559268, 0]
124	[-60.29886722559268, 0]
124	[-60.29886722559268, 0]
124	[-60.29886722559268, 0]
124	[-60.29886722559268, 0]
124	[-60.29886722559268, 0]
124	[-60.29886722559268, 0]
124	[-60.29886722559268, 0]
124	[-60.29886722559268, 0]
124	[-60.29886722559268, 0]
124	[-60.29886722559268, 0]
124	[-60.29886722559268, 0]
124	[-60.29886722559268, 0]
124	[-60.29886722559268, 0]
124	[-60.29886722559268, 0]
124	[-60.29886722559268, 0]
124	[-60.29886722559268, 0]
124	[-60.29886722559268, 0]
124	[-60.29886722559268, 0]
124	[-60.29886722559268, 0]
124	[-60.29886722559268, 0]
124	[-60.29886722559268, 0]
125	[-60.29886722559268, 0]
125	[-60.29886722559268, 0]
125	[-60.29886722559268, 0]
125	[-60.29886722559268, 0]
125	[-60.29886722559268, 0]
125	[-60.29886722559268, 0]
125	[-60.29886722559268, 0]
125	[-60.29886722559268, 0]
125	[-60.29886722559268, 0]
125	[-60.29886722559268, 0]
125	[-60.29886722559268, 0]
125	[-60.29886722559268, 0]
125	[-60.29886722559268, 0]
125	[-60.29886722559268, 0]
125	[-60.29886722559268, 0]
125	[-60.29886722559268, 0]
125	[-60.29886722559268, 0]
125	[-60.29886722559268, 0]
125	[-60.29886722559268, 0]
125	[-60.29886722559268, 0]
125	[-60.29886722559268, 0]
125	[-60.29886722559268, 0]
125	[-60.29886722559268, 0]
125	[-60.29886722559268, 0]
125	[-60.29886722559268, 0]
125	[-60.29886722559268, 0]
125	[-60.29886722559268, 0]
125	[-60.29886722559268, 0]
125	[-60.29886722559268, 0]
125	[-60.29886722559268, 0]
125	[-60.29886722559268, 0]
125	[-60.29886722559268, 0]
125	[-60.29886722559268, 0]
125	[-60.29886722559268, 0]
125	[-60.29886722559268, 0]
125	[-60.29886722559268, 0]
125	[-60.29886722559268, 0]
125	[-60.29886722559268, 0]
125	[-60.29886722559268, 0]
125	[-60.29886722559268, 0]
125	[-60.29886722559268, 0]
125	[-60.29886722559268, 0]
125	[-60.29886722559268, 0]
125	[-60.29886722559268, 0]
125	[-60.29886722559268, 0]
125	[-60.29886722559268, 0]
125	[-60.29886722559268, 0]
125	[-60.29886722559268, 0]
125	[-60.29886722559268, 0]
125	[-60.29886722559268, 0]
125	[-60.29886722559268, 0]
125	[-60.29886722559268, 0]
125	[-60.29886722559268, 0]
125	[-60.29886722559268, 0]
125	[-60.29886722559268, 0]
125	[-60.29886722559268, 0]
125	[-60.29886722559268, 0]
125	[-60.29886722559268, 0]
125	[-60.29886722559268, 0]
125	[-60.29886722559268, 0]
125	[-60.29886722559268, 0]
125	[-60.29886722559268, 0]
125	[-60.29886722559268, 0]
125	[-60.29886722559268, 0]
125	[-60.29886722559268, 0]
125	[-60.29886722559268, 0]
125	[-60.29886722559268, 0]
125	[-60.29886722559268, 0]
125	[-60.29886722559268, 0]
125	[-60.29886722559268, 0]
125	[-60.29886722559268, 0]
125	[-60.29886722559268, 0]
125	[-60.29886722559268, 0]
125	[-60.29886722559268, 0]
125	[-60.29886722559268, 0]
125	[-60.29886722559268, 0]
125	[-60.29886722559268, 0]
125	[-60.29886722559268, 0]
125	[-60.29886722559268, 0]
125	[-60.29886722559268, 0]
126	[-60.29886722559268, 0]
126	[-60.29886722559268, 0]
126	[-60.29886722559268, 0]
126	[-60.29886722559268, 0]
126	[-60.29886722559268, 0]
126	[-60.29886722559268, 0]
126	[-60.29886722559268, 0]
126	[-60.29886722559268, 0]
126	[-60.29886722559268, 0]
126	[-60.29886722559268, 0]
126	[-60.29886722559268, 0]
126	[-60.29886722559268, 0]
126	[-60.29886722559268, 0]
126	[-60.29886722559268, 0]
126	[-60.29886722559268, 0]
126	[-60.29886722559268, 0]
126	[-60.29886722559268, 0]
126	[-60.29886722559268, 0]
126	[-60.29886722559268, 0]
126	[-60.29886722559268, 0]
126	[-60.29886722559268, 0]
126	[-60.29886722559268, 0]
126	[-60.29886722559268, 0]
126	[-60.29886722559268, 0]
126	[-60.29886722559268, 0]
126	[-60.29886722559268, 0]
126	[-60.29886722559268, 0]
126	[-60.29886722559268, 0]
126	[-60.29886722559268, 0]
126	[-60.29886722559268, 0]
126	[-60.29886722559268, 0]
126	[-60.29886722559268, 0]
126	[-60.29886722559268, 0]
126	[-60.29886722559268, 0]
126	[-60.29886722559268, 0]
126	[-60.29886722559268, 0]
126	[-60.29886722559268, 0]
126	[-60.29886722559268, 0]
126	[-60.29886722559268, 0]
126	[-60.29886722559268, 0]
126	[-60.29886722559268, 0]
126	[-60.29886722559268, 0]
126	[-60.29886722559268, 0]
126	[-60.29886722559268, 0]
126	[-60.29886722559268, 0]
126	[-60.29886722559268, 0]
126	[-60.29886722559268, 0]
126	[-60.29886722559268, 0]
126	[-60.29886722559268, 0]
126	[-60.29886722559268, 0]
126	[-60.29886722559268, 0]
126	[-60.29886722559268, 0]
126	[-60.29886722559268, 0]
126	[-60.29886722559268, 0]
126	[-60.29886722559268, 0]
126	[-60.29886722559268, 0]
126	[-60.29886722559268, 0]
126	[-60.29886722559268, 0]
126	[-60.29886722559268, 0]
126	[-60.29886722559268, 0]
126	[-60.29886722559268, 0]
126	[-60.29886722559268, 0]
126	[-60.29886722559268, 0]
126	[-60.29886722559268, 0]
126	[-60.29886722559268, 0]
126	[-60.29886722559268, 0]
126	[-60.29886722559268, 0]
126	[-60.29886722559268, 0]
126	[-60.29886722559268, 0]
126	[-60.29886722559268, 0]
126	[-60.29886722559268, 0]
126	[-60.29886722559268, 0]
126	[-60.29886722559268, 0]
126	[-60.29886722559268, 0]
126	[-60.29886722559268, 0]
126	[-60.29886722559268, 0]
126	[-60.29886722559268, 0]
126	[-60.29886722559268, 0]
126	[-60.29886722559268, 0]
126	[-60.29886722559268, 0]
127	[-60.29886722559268, 0]
127	[-60.29886722559268, 0]
127	[-60.29886722559268, 0]
127	[-60.29886722559268, 0]
127	[-60.29886722559268, 0]
127	[-60.29886722559268, 0]
127	[-60.29886722559268, 0]
127	[-60.29886722559268, 0]
127	[-60.29886722559268, 0]
127	[-60.29886722559268, 0]
127	[-60.29886722559268, 0]
127	[-60.29886722559268, 0]
127	[-60.29886722559268, 0]
127	[-60.29886722559268, 0]
127	[-60.29886722559268, 0]
127	[-60.29886722559268, 0]
127	[-60.29886722559268, 0]
127	[-60.29886722559268, 0]
127	[-60.29886722559268, 0]
127	[-60.29886722559268, 0]
127	[-60.29886722559268, 0]
127	[-60.29886722559268, 0]
127	[-60.29886722559268, 0]
127	[-60.29886722559268, 0]
127	[-60.29886722559268, 0]
127	[-60.29886722559268, 0]
127	[-60.29886722559268, 0]
127	[-60.29886722559268, 0]
127	[-60.29886722559268, 0]
127	[-60.29886722559268, 0]
127	[-60.29886722559268, 0]
127	[-60.29886722559268, 0]
127	[-60.29886722559268, 0]
127	[-60.29886722559268, 0]
127	[-60.29886722559268, 0]
127	[-60.29886722559268, 0]
127	[-60.29886722559268, 0]
127	[-60.29886722559268, 0]
127	[-60.29886722559268, 0]
127	[-60.29886722559268, 0]
127	[-60.29886722559268, 0]
127	[-60.29886722559268, 0]
127	[-60.29886722559268, 0]
127	[-60.29886722559268, 0]
127	[-60.29886722559268, 0]
127	[-60.29886722559268, 0]
127	[-60.29886722559268, 0]
127	[-60.29886722559268, 0]
127	[-60.29886722559268, 0]
127	[-60.29886722559268, 0]
127	[-60.29886722559268, 0]
127	[-60.29886722559268, 0]
127	[-60.29886722559268, 0]
127	[-60.29886722559268, 0]
127	[-60.29886722559268, 0]
127	[-60.29886722559268, 0]
127	[-60.29886722559268, 0]
127	[-60.29886722559268, 0]
127	[-60.29886722559268, 0]
127	[-60.29886722559268, 0]
127	[-60.29886722559268, 0]
127	[-60.29886722559268, 0]
127	[-60.29886722559268, 0]
127	[-60.29886722559268, 0]
127	[-60.29886722559268, 0]
127	[-60.29886722559268, 0]
127	[-60.29886722559268, 0]
127	[-60.29886722559268, 0]
127	[-60.29886722559268, 0]
127	[-60.29886722559268, 0]
127	[-60.29886722559268, 0]
127	[-60.29886722559268, 0]
127	[-60.29886722559268, 0]
127	[-60.29886722559268, 0]
127	[-60.29886722559268, 0]
127	[-60.29886722559268, 0]
127	[-60.29886722559268, 0]
127	[-60.29886722559268, 0]
127	[-60.29886722559268, 0]
127	[-60.29886722559268, 0]
128	[-60.29886722559268, 0]
128	[-60.29886722559268, 0]
128	[-60.29886722559268, 0]
128	[-60.29886722559268, 0]
128	[-60.29886722559268, 0]
128	[-60.29886722559268, 0]
128	[-60.29886722559268, 0]
128	[-60.29886722559268, 0]
128	[-60.29886722559268, 0]
128	[-60.29886722559268, 0]
128	[-60.29886722559268, 0]
128	[-60.29886722559268, 0]
128	[-60.29886722559268, 0]
128	[-60.29886722559268, 0]
128	[-60.29886722559268, 0]
128	[-60.29886722559268, 0]
128	[-60.29886722559268, 0]
128	[-60.29886722559268, 0]
128	[-60.29886722559268, 0]
128	[-60.29886722559268, 0]
128	[-60.29886722559268, 0]
128	[-60.29886722559268, 0]
128	[-60.29886722559268, 0]
128	[-60.29886722559268, 0]
128	[-60.29886722559268, 0]
128	[-60.29886722559268, 0]
128	[-60.29886722559268, 0]
128	[-60.29886722559268, 0]
128	[-60.29886722559268, 0]
128	[-60.29886722559268, 0]
128	[-60.29886722559268, 0]
128	[-60.29886722559268, 0]
128	[-60.29886722559268, 0]
128	[-60.29886722559268, 0]
128	[-60.29886722559268, 0]
128	[-60.29886722559268, 0]
128	[-60.29886722559268, 0]
128	[-60.29886722559268, 0]
128	[-60.29886722559268, 0]
128	[-60.29886722559268, 0]
128	[-60.29886722559268, 0]
128	[-60.29886722559268, 0]
128	[-60.29886722559268, 0]
128	[-60.29886722559268, 0]
128	[-60.29886722559268, 0]
128	[-60.29886722559268, 0]
128	[-60.29886722559268, 0]
128	[-60.29886722559268, 0]
128	[-60.29886722559268, 0]
128	[-60.29886722559268, 0]
128	[-60.29886722559268, 0]
128	[-60.29886722559268, 0]
128	[-60.29886722559268, 0]
128	[-60.29886722559268, 0]
128	[-60.29886722559268, 0]
128	[-60.29886722559268, 0]
128	[-60.29886722559268, 0]
128	[-60.29886722559268, 0]
128	[-60.29886722559268, 0]
128	[-60.29886722559268, 0]
128	[-60.29886722559268, 0]
128	[-60.29886722559268, 0]
128	[-60.29886722559268, 0]
128	[-60.29886722559268, 0]
128	[-60.29886722559268, 0]
128	[-60.29886722559268, 0]
128	[-60.29886722559268, 0]
128	[-60.29886722559268, 0]
128	[-60.29886722559268, 0]
128	[-60.29886722559268, 0]
128	[-60.29886722559268, 0]
128	[-60.29886722559268, 0]
128	[-60.29886722559268, 0]
128	[-60.29886722559268, 0]
128	[-60.29886722559268, 0]
128	[-60.29886722559268, 0]
128	[-60.29886722559268, 0]
128	[-60.29886722559268, 0]
128	[-60.29886722559268, 0]
128	[-60.29886722559268, 0]
129	[-60.29886722559268, 0]
129	[-60.29886722559268, 0]
129	[-60.29886722559268, 0]
129	[-60.29886722559268, 0]
129	[-60.29886722559268, 0]
129	[-60.29886722559268, 0]
129	[-60.29886722559268, 0]
129	[-60.29886722559268, 0]
129	[-60.29886722559268, 0]
129	[-60.29886722559268, 0]
129	[-60.29886722559268, 0]
129	[-60.29886722559268, 0]
129	[-60.29886722559268, 0]
129	[-60.29886722559268, 0]
129	[-60.29886722559268, 0]
129	[-60.29886722559268, 0]
129	[-60.29886722559268, 0]
129	[-60.29886722559268, 0]
129	[-60.29886722559268, 0]
129	[-60.29886722559268, 0]
129	[-60.29886722559268, 0]
129	[-60.29886722559268, 0]
129	[-60.29886722559268, 0]
129	[-60.29886722559268, 0]
129	[-60.29886722559268, 0]
129	[-60.29886722559268, 0]
129	[-60.29886722559268, 0]
129	[-60.29886722559268, 0]
129	[-60.29886722559268, 0]
129	[-60.29886722559268, 0]
129	[-60.29886722559268, 0]
129	[-60.29886722559268, 0]
129	[-60.29886722559268, 0]
129	[-60.29886722559268, 0]
129	[-60.29886722559268, 0]
129	[-60.29886722559268, 0]
129	[-60.29886722559268, 0]
129	[-60.29886722559268, 0]
129	[-60.29886722559268, 0]
129	[-60.29886722559268, 0]
129	[-60.29886722559268, 0]
129	[-60.29886722559268, 0]
129	[-60.29886722559268, 0]
129	[-60.29886722559268, 0]
129	[-60.29886722559268, 0]
129	[-60.29886722559268, 0]
129	[-60.29886722559268, 0]
129	[-60.29886722559268, 0]
129	[-60.29886722559268, 0]
129	[-60.29886722559268, 0]
129	[-60.29886722559268, 0]
129	[-60.29886722559268, 0]
129	[-60.29886722559268, 0]
129	[-60.29886722559268, 0]
129	[-60.29886722559268, 0]
129	[-60.29886722559268, 0]
129	[-60.29886722559268, 0]
129	[-60.29886722559268, 0]
129	[-60.29886722559268, 0]
129	[-60.29886722559268, 0]
129	[-60.29886722559268, 0]
129	[-60.29886722559268, 0]
129	[-60.29886722559268, 0]
129	[-60.29886722559268, 0]
129	[-60.29886722559268, 0]
129	[-60.29886722559268, 0]
129	[-60.29886722559268, 0]
129	[-60.29886722559268, 0]
129	[-60.29886722559268, 0]
129	[-60.29886722559268, 0]
129	[-60.29886722559268, 0]
129	[-60.29886722559268, 0]
129	[-60.29886722559268, 0]
129	[-60.29886722559268, 0]
129	[-60.29886722559268, 0]
129	[-60.29886722559268, 0]
129	[-60.29886722559268, 0]
129	[-60.29886722559268, 0]
129	[-60.29886722559268, 0]
129	[-60.29886722559268, 0]
130	[-60.29886722559268, 0]
130	[-60.29886722559268, 0]
130	[-60.29886722559268, 0]
130	[-60.29886722559268, 0]
130	[-60.29886722559268, 0]
130	[-60.29886722559268, 0]
130	[-60.29886722559268, 0]
130	[-60.29886722559268, 0]
130	[-60.29886722559268, 0]
130	[-60.29886722559268, 0]
130	[-60.29886722559268, 0]
130	[-60.29886722559268, 0]
130	[-60.29886722559268, 0]
130	[-60.29886722559268, 0]
130	[-60.29886722559268, 0]
130	[-60.29886722559268, 0]
130	[-60.29886722559268, 0]
130	[-60.29886722559268, 0]
130	[-60.29886722559268, 0]
130	[-60.29886722559268, 0]
130	[-60.29886722559268, 0]
130	[-60.29886722559268, 0]
130	[-60.29886722559268, 0]
130	[-60.29886722559268, 0]
130	[-60.29886722559268, 0]
130	[-60.29886722559268, 0]
130	[-60.29886722559268, 0]
130	[-60.29886722559268, 0]
130	[-60.29886722559268, 0]
130	[-60.29886722559268, 0]
130	[-60.29886722559268, 0]
130	[-60.29886722559268, 0]
130	[-60.29886722559268, 0]
130	[-60.29886722559268, 0]
130	[-60.29886722559268, 0]
130	[-60.29886722559268, 0]
130	[-60.29886722559268, 0]
130	[-60.29886722559268, 0]
130	[-60.29886722559268, 0]
130	[-60.29886722559268, 0]
130	[-60.29886722559268, 0]
130	[-60.29886722559268, 0]
130	[-60.29886722559268, 0]
130	[-60.29886722559268, 0]
130	[-60.29886722559268, 0]
130	[-60.29886722559268, 0]
130	[-60.29886722559268, 0]
130	[-60.29886722559268, 0]
130	[-60.29886722559268, 0]
130	[-60.29886722559268, 0]
130	[-60.29886722559268, 0]
130	[-60.29886722559268, 0]
130	[-60.29886722559268, 0]
130	[-60.29886722559268, 0]
130	[-60.29886722559268, 0]
130	[-60.29886722559268, 0]
130	[-60.29886722559268, 0]
130	[-60.29886722559268, 0]
130	[-60.29886722559268, 0]
130	[-60.29886722559268, 0]
130	[-60.29886722559268, 0]
130	[-60.29886722559268, 0]
130	[-60.29886722559268, 0]
130	[-60.29886722559268, 0]
130	[-60.29886722559268, 0]
130	[-60.29886722559268, 0]
130	[-60.29886722559268, 0]
130	[-60.29886722559268, 0]
130	[-60.29886722559268, 0]
130	[-60.29886722559268, 0]
130	[-60.29886722559268, 0]
130	[-60.29886722559268, 0]
130	[-60.29886722559268, 0]
130	[-60.29886722559268, 0]
130	[-60.29886722559268, 0]
130	[-60.29886722559268, 0]
130	[-60.29886722559268, 0]
130	[-60.29886722559268, 0]
130	[-60.29886722559268, 0]
130	[-60.29886722559268, 0]
131	[-60.29886722559268, 0]
131	[-60.29886722559268, 0]
131	[-60.29886722559268, 0]
131	[-60.29886722559268, 0]
131	[-60.29886722559268, 0]
131	[-60.29886722559268, 0]
131	[-60.29886722559268, 0]
131	[-60.29886722559268, 0]
131	[-60.29886722559268, 0]
131	[-60.29886722559268, 0]
131	[-60.29886722559268, 0]
131	[-60.29886722559268, 0]
131	[-60.29886722559268, 0]
131	[-60.29886722559268, 0]
131	[-60.29886722559268, 0]
131	[-60.29886722559268, 0]
131	[-60.29886722559268, 0]
131	[-60.29886722559268, 0]
131	[-60.29886722559268, 0]
131	[-60.29886722559268, 0]
131	[-60.29886722559268, 0]
131	[-60.29886722559268, 0]
131	[-60.29886722559268, 0]
131	[-60.29886722559268, 0]
131	[-60.29886722559268, 0]
131	[-60.29886722559268, 0]
131	[-60.29886722559268, 0]
131	[-60.29886722559268, 0]
131	[-60.29886722559268, 0]
131	[-60.29886722559268, 0]
131	[-60.29886722559268, 0]
131	[-60.29886722559268, 0]
131	[-60.29886722559268, 0]
131	[-60.29886722559268, 0]
131	[-60.29886722559268, 0]
131	[-60.29886722559268, 0]
131	[-60.29886722559268, 0]
131	[-60.29886722559268, 0]
131	[-60.29886722559268, 0]
131	[-60.29886722559268, 0]
131	[-60.29886722559268, 0]
131	[-60.29886722559268, 0]
131	[-60.29886722559268, 0]
131	[-60.29886722559268, 0]
131	[-60.29886722559268, 0]
131	[-60.29886722559268, 0]
131	[-60.29886722559268, 0]
131	[-60.29886722559268, 0]
131	[-60.29886722559268, 0]
131	[-60.29886722559268, 0]
131	[-60.29886722559268, 0]
131	[-60.29886722559268, 0]
131	[-60.29886722559268, 0]
131	[-60.29886722559268, 0]
131	[-60.29886722559268, 0]
131	[-60.29886722559268, 0]
131	[-60.29886722559268, 0]
131	[-60.29886722559268, 0]
131	[-60.29886722559268, 0]
131	[-60.29886722559268, 0]
131	[-60.29886722559268, 0]
131	[-60.29886722559268, 0]
131	[-60.29886722559268, 0]
131	[-60.29886722559268, 0]
131	[-60.29886722559268, 0]
131	[-60.29886722559268, 0]
131	[-60.29886722559268, 0]
131	[-60.29886722559268, 0]
131	[-60.29886722559268, 0]
131	[-60.29886722559268, 0]
131	[-60.29886722559268, 0]
131	[-60.29886722559268, 0]
131	[-60.29886722559268, 0]
131	[-60.29886722559268, 0]
131	[-60.29886722559268, 0]
131	[-60.29886722559268, 0]
131	[-60.29886722559268, 0]
131	[-60.29886722559268, 0]
131	[-60.29886722559268, 0]
131	[-60.29886722559268, 0]
132	[-60.29886722559268, 0]
132	[-60.29886722559268, 0]
132	[-60.29886722559268, 0]
132	[-60.29886722559268, 0]
132	[-60.29886722559268, 0]
132	[-60.29886722559268, 0]
132	[-60.29886722559268, 0]
132	[-60.29886722559268, 0]
132	[-60.29886722559268, 0]
132	[-60.29886722559268, 0]
132	[-60.29886722559268, 0]
132	[-60.29886722559268, 0]
132	[-60.29886722559268, 0]
132	[-60.29886722559268, 0]
132	[-60.29886722559268, 0]
132	[-60.29886722559268, 0]
132	[-60.29886722559268, 0]
132	[-60.29886722559268, 0]
132	[-60.29886722559268, 0]
132	[-60.29886722559268, 0]
132	[-60.29886722559268, 0]
132	[-60.29886722559268, 0]
132	[-60.29886722559268, 0]
132	[-60.29886722559268, 0]
132	[-60.29886722559268, 0]
132	[-60.29886722559268, 0]
132	[-60.29886722559268, 0]
132	[-60.29886722559268, 0]
132	[-60.29886722559268, 0]
132	[-60.29886722559268, 0]
132	[-60.29886722559268, 0]
132	[-60.29886722559268, 0]
132	[-60.29886722559268, 0]
132	[-60.29886722559268, 0]
132	[-60.29886722559268, 0]
132	[-60.29886722559268, 0]
132	[-60.29886722559268, 0]
132	[-60.29886722559268, 0]
132	[-60.29886722559268, 0]
132	[-60.29886722559268, 0]
132	[-60.29886722559268, 0]
132	[-60.29886722559268, 0]
132	[-60.29886722559268, 0]
132	[-60.29886722559268, 0]
132	[-60.29886722559268, 0]
132	[-60.29886722559268, 0]
132	[-60.29886722559268, 0]
132	[-60.29886722559268, 0]
132	[-60.29886722559268, 0]
132	[-60.29886722559268, 0]
132	[-60.29886722559268, 0]
132	[-60.29886722559268, 0]
132	[-60.29886722559268, 0]
132	[-60.29886722559268, 0]
132	[-60.29886722559268, 0]
132	[-60.29886722559268, 0]
132	[-60.29886722559268, 0]
132	[-60.29886722559268, 0]
132	[-60.29886722559268, 0]
132	[-60.29886722559268, 0]
132	[-60.29886722559268, 0]
132	[-60.29886722559268, 0]
132	[-60.29886722559268, 0]
132	[-60.29886722559268, 0]
132	[-60.29886722559268, 0]
132	[-60.29886722559268, 0]
132	[-60.29886722559268, 0]
132	[-60.29886722559268, 0]
132	[-60.29886722559268, 0]
132	[-60.29886722559268, 0]
132	[-60.29886722559268, 0]
132	[-60.29886722559268, 0]
132	[-60.29886722559268, 0]
132	[-60.29886722559268, 0]
132	[-60.29886722559268, 0]
132	[-60.29886722559268, 0]
132	[-60.29886722559268, 0]
132	[-60.29886722559268, 0]
132	[-60.29886722559268, 0]
132	[-60.29886722559268, 0]
133	[-60.29886722559268, 0]
133	[-60.29886722559268, 0]
133	[-60.29886722559268, 0]
133	[-60.29886722559268, 0]
133	[-60.29886722559268, 0]
133	[-60.29886722559268, 0]
133	[-60.29886722559268, 0]
133	[-60.29886722559268, 0]
133	[-60.29886722559268, 0]
133	[-60.29886722559268, 0]
133	[-60.29886722559268, 0]
133	[-60.29886722559268, 0]
133	[-60.29886722559268, 0]
133	[-60.29886722559268, 0]
133	[-60.29886722559268, 0]
133	[-60.29886722559268, 0]
133	[-60.29886722559268, 0]
133	[-60.29886722559268, 0]
133	[-60.29886722559268, 0]
133	[-60.29886722559268, 0]
133	[-60.29886722559268, 0]
133	[-60.29886722559268, 0]
133	[-60.29886722559268, 0]
133	[-60.29886722559268, 0]
133	[-60.29886722559268, 0]
133	[-60.29886722559268, 0]
133	[-60.29886722559268, 0]
133	[-60.29886722559268, 0]
133	[-60.29886722559268, 0]
133	[-60.29886722559268, 0]
133	[-60.29886722559268, 0]
133	[-60.29886722559268, 0]
133	[-60.29886722559268, 0]
133	[-60.29886722559268, 0]
133	[-60.29886722559268, 0]
133	[-60.29886722559268, 0]
133	[-60.29886722559268, 0]
133	[-60.29886722559268, 0]
133	[-60.29886722559268, 0]
133	[-60.29886722559268, 0]
133	[-60.29886722559268, 0]
133	[-60.29886722559268, 0]
133	[-60.29886722559268, 0]
133	[-60.29886722559268, 0]
133	[-60.29886722559268, 0]
133	[-60.29886722559268, 0]
133	[-60.29886722559268, 0]
133	[-60.29886722559268, 0]
133	[-60.29886722559268, 0]
133	[-60.29886722559268, 0]
133	[-60.29886722559268, 0]
133	[-60.29886722559268, 0]
133	[-60.29886722559268, 0]
133	[-60.29886722559268, 0]
133	[-60.29886722559268, 0]
133	[-60.29886722559268, 0]
133	[-60.29886722559268, 0]
133	[-60.29886722559268, 0]
133	[-60.29886722559268, 0]
133	[-60.29886722559268, 0]
133	[-60.29886722559268, 0]
133	[-60.29886722559268, 0]
133	[-60.29886722559268, 0]
133	[-60.29886722559268, 0]
133	[-60.29886722559268, 0]
133	[-60.29886722559268, 0]
133	[-60.29886722559268, 0]
133	[-60.29886722559268, 0]
133	[-60.29886722559268, 0]
133	[-60.29886722559268, 0]
133	[-60.29886722559268, 0]
133	[-60.29886722559268, 0]
133	[-60.29886722559268, 0]
133	[-60.29886722559268, 0]
133	[-60.29886722559268, 0]
133	[-60.29886722559268, 0]
133	[-60.29886722559268, 0]
133	[-60.29886722559268, 0]
133	[-60.29886722559268, 0]
133	[-60.29886722559268, 0]
134	[-60.29886722559268, 0]
134	[-60.29886722559268, 0]
134	[-60.29886722559268, 0]
134	[-60.29886722559268, 0]
134	[-60.29886722559268, 0]
134	[-60.29886722559268, 0]
134	[-60.29886722559268, 0]
134	[-60.29886722559268, 0]
134	[-60.29886722559268, 0]
134	[-60.29886722559268, 0]
134	[-60.29886722559268, 0]
134	[-60.29886722559268, 0]
134	[-60.29886722559268, 0]
134	[-60.29886722559268, 0]
134	[-60.29886722559268, 0]
134	[-60.29886722559268, 0]
134	[-60.29886722559268, 0]
134	[-60.29886722559268, 0]
134	[-60.29886722559268, 0]
134	[-60.29886722559268, 0]
134	[-60.29886722559268, 0]
134	[-60.29886722559268, 0]
134	[-60.29886722559268, 0]
134	[-60.29886722559268, 0]
134	[-60.29886722559268, 0]
134	[-60.29886722559268, 0]
134	[-60.29886722559268, 0]
134	[-60.29886722559268, 0]
134	[-60.29886722559268, 0]
134	[-60.29886722559268, 0]
134	[-60.29886722559268, 0]
134	[-60.29886722559268, 0]
134	[-60.29886722559268, 0]
134	[-60.29886722559268, 0]
134	[-60.29886722559268, 0]
134	[-60.29886722559268, 0]
134	[-60.29886722559268, 0]
134	[-60.29886722559268, 0]
134	[-60.29886722559268, 0]
134	[-60.29886722559268, 0]
134	[-60.29886722559268, 0]
134	[-60.29886722559268, 0]
134	[-60.29886722559268, 0]
134	[-60.29886722559268, 0]
134	[-60.29886722559268, 0]
134	[-60.29886722559268, 0]
134	[-60.29886722559268, 0]
134	[-60.29886722559268, 0]
134	[-60.29886722559268, 0]
134	[-60.29886722559268, 0]
134	[-60.29886722559268, 0]
134	[-60.29886722559268, 0]
134	[-60.29886722559268, 0]
134	[-60.29886722559268, 0]
134	[-60.29886722559268, 0]
134	[-60.29886722559268, 0]
134	[-60.29886722559268, 0]
134	[-60.29886722559268, 0]
134	[-60.29886722559268, 0]
134	[-60.29886722559268, 0]
134	[-60.29886722559268, 0]
134	[-60.29886722559268, 0]
134	[-60.29886722559268, 0]
134	[-60.29886722559268, 0]
134	[-60.29886722559268, 0]
134	[-60.29886722559268, 0]
134	[-60.29886722559268, 0]
134	[-60.29886722559268, 0]
134	[-60.29886722559268, 0]
134	[-60.29886722559268, 0]
134	[-60.29886722559268, 0]
134	[-60.29886722559268, 0]
134	[-60.29886722559268, 0]
134	[-60.29886722559268, 0]
134	[-60.29886722559268, 0]
134	[-60.29886722559268, 0]
134	[-60.29886722559268, 0]
134	[-60.29886722559268, 0]
134	[-60.29886722559268, 0]
134	[-60.29886722559268, 0]
135	[-60.29886722559268, 0]
135	[-60.29886722559268, 0]
135	[-60.29886722559268, 0]
135	[-60.29886722559268, 0]
135	[-60.29886722559268, 0]
135	[-60.29886722559268, 0]
135	[-60.29886722559268, 0]
135	[-60.29886722559268, 0]
135	[-60.29886722559268, 0]
135	[-60.29886722559268, 0]
135	[-60.29886722559268, 0]
135	[-60.29886722559268, 0]
135	[-60.29886722559268, 0]
135	[-60.29886722559268, 0]
135	[-60.29886722559268, 0]
135	[-60.29886722559268, 0]
135	[-60.29886722559268, 0]
135	[-60.29886722559268, 0]
135	[-60.29886722559268, 0]
135	[-60.29886722559268, 0]
135	[-60.29886722559268, 0]
135	[-60.29886722559268, 0]
135	[-60.29886722559268, 0]
135	[-60.29886722559268, 0]
135	[-60.29886722559268, 0]
135	[-60.29886722559268, 0]
135	[-60.29886722559268, 0]
135	[-60.29886722559268, 0]
135	[-60.29886722559268, 0]
135	[-60.29886722559268, 0]
135	[-60.29886722559268, 0]
135	[-60.29886722559268, 0]
135	[-60.29886722559268, 0]
135	[-60.29886722559268, 0]
135	[-60.29886722559268, 0]
135	[-60.29886722559268, 0]
135	[-60.29886722559268, 0]
135	[-60.29886722559268, 0]
135	[-60.29886722559268, 0]
135	[-60.29886722559268, 0]
135	[-60.29886722559268, 0]
135	[-60.29886722559268, 0]
135	[-60.29886722559268, 0]
135	[-60.29886722559268, 0]
135	[-60.29886722559268, 0]
135	[-60.29886722559268, 0]
135	[-60.29886722559268, 0]
135	[-60.29886722559268, 0]
135	[-60.29886722559268, 0]
135	[-60.29886722559268, 0]
135	[-60.29886722559268, 0]
135	[-60.29886722559268, 0]
135	[-60.29886722559268, 0]
135	[-60.29886722559268, 0]
135	[-60.29886722559268, 0]
135	[-60.29886722559268, 0]
135	[-60.29886722559268, 0]
135	[-60.29886722559268, 0]
135	[-60.29886722559268, 0]
135	[-60.29886722559268, 0]
135	[-60.29886722559268, 0]
135	[-60.29886722559268, 0]
135	[-60.29886722559268, 0]
135	[-60.29886722559268, 0]
135	[-60.29886722559268, 0]
135	[-60.29886722559268, 0]
135	[-60.29886722559268, 0]
135	[-60.29886722559268, 0]
135	[-60.29886722559268, 0]
135	[-60.29886722559268, 0]
135	[-60.29886722559268, 0]
135	[-60.29886722559268, 0]
135	[-60.29886722559268, 0]
135	[-60.29886722559268, 0]
135	[-60.29886722559268, 0]
135	[-60.29886722559268, 0]
135	[-60.29886722559268, 0]
135	[-60.29886722559268, 0]
135	[-60.29886722559268, 0]
135	[-60.29886722559268, 0]
136	[-60.29886722559268, 0]
136	[-60.29886722559268, 0]
136	[-60.29886722559268, 0]
136	[-60.29886722559268, 0]
136	[-60.29886722559268, 0]
136	[-60.29886722559268, 0]
136	[-60.29886722559268, 0]
136	[-60.29886722559268, 0]
136	[-60.29886722559268, 0]
136	[-60.29886722559268, 0]
136	[-60.29886722559268, 0]
136	[-60.29886722559268, 0]
136	[-60.29886722559268, 0]
136	[-60.29886722559268, 0]
136	[-60.29886722559268, 0]
136	[-60.29886722559268, 0]
136	[-60.29886722559268, 0]
136	[-60.29886722559268, 0]
136	[-60.29886722559268, 0]
136	[-60.29886722559268, 0]
136	[-60.29886722559268, 0]
136	[-60.29886722559268, 0]
136	[-60.29886722559268, 0]
136	[-60.29886722559268, 0]
136	[-60.29886722559268, 0]
136	[-60.29886722559268, 0]
136	[-60.29886722559268, 0]
136	[-60.29886722559268, 0]
136	[-60.29886722559268, 0]
136	[-60.29886722559268, 0]
136	[-60.29886722559268, 0]
136	[-60.29886722559268, 0]
136	[-60.29886722559268, 0]
136	[-60.29886722559268, 0]
136	[-60.29886722559268, 0]
136	[-60.29886722559268, 0]
136	[-60.29886722559268, 0]
136	[-60.29886722559268, 0]
136	[-60.29886722559268, 0]
136	[-60.29886722559268, 0]
136	[-60.29886722559268, 0]
136	[-60.29886722559268, 0]
136	[-60.29886722559268, 0]
136	[-60.29886722559268, 0]
136	[-60.29886722559268, 0]
136	[-60.29886722559268, 0]
136	[-60.29886722559268, 0]
136	[-60.29886722559268, 0]
136	[-60.29886722559268, 0]
136	[-60.29886722559268, 0]
136	[-60.29886722559268, 0]
136	[-60.29886722559268, 0]
136	[-60.29886722559268, 0]
136	[-60.29886722559268, 0]
136	[-60.29886722559268, 0]
136	[-60.29886722559268, 0]
136	[-60.29886722559268, 0]
136	[-60.29886722559268, 0]
136	[-60.29886722559268, 0]
136	[-60.29886722559268, 0]
136	[-60.29886722559268, 0]
136	[-60.29886722559268, 0]
136	[-60.29886722559268, 0]
136	[-60.29886722559268, 0]
136	[-60.29886722559268, 0]
136	[-60.29886722559268, 0]
136	[-60.29886722559268, 0]
136	[-60.29886722559268, 0]
136	[-60.29886722559268, 0]
136	[-60.29886722559268, 0]
136	[-60.29886722559268, 0]
136	[-60.29886722559268, 0]
136	[-60.29886722559268, 0]
136	[-60.29886722559268, 0]
136	[-60.29886722559268, 0]
136	[-60.29886722559268, 0]
136	[-60.29886722559268, 0]
136	[-60.29886722559268, 0]
136	[-60.29886722559268, 0]
136	[-60.29886722559268, 0]
137	[-60.29886722559268, 0]
137	[-60.29886722559268, 0]
137	[-60.29886722559268, 0]
137	[-60.29886722559268, 0]
137	[-60.29886722559268, 0]
137	[-60.29886722559268, 0]
137	[-60.29886722559268, 0]
137	[-60.29886722559268, 0]
137	[-60.29886722559268, 0]
137	[-60.29886722559268, 0]
137	[-60.29886722559268, 0]
137	[-60.29886722559268, 0]
137	[-60.29886722559268, 0]
137	[-60.29886722559268, 0]
137	[-60.29886722559268, 0]
137	[-60.29886722559268, 0]
137	[-60.29886722559268, 0]
137	[-60.29886722559268, 0]
137	[-60.29886722559268, 0]
137	[-60.29886722559268, 0]
137	[-60.29886722559268, 0]
137	[-60.29886722559268, 0]
137	[-60.29886722559268, 0]
137	[-60.29886722559268, 0]
137	[-60.29886722559268, 0]
137	[-60.29886722559268, 0]
137	[-60.29886722559268, 0]
137	[-60.29886722559268, 0]
137	[-60.29886722559268, 0]
137	[-60.29886722559268, 0]
137	[-60.29886722559268, 0]
137	[-60.29886722559268, 0]
137	[-60.29886722559268, 0]
137	[-60.29886722559268, 0]
137	[-60.29886722559268, 0]
137	[-60.29886722559268, 0]
137	[-60.29886722559268, 0]
137	[-60.29886722559268, 0]
137	[-60.29886722559268, 0]
137	[-60.29886722559268, 0]
137	[-60.29886722559268, 0]
137	[-60.29886722559268, 0]
137	[-60.29886722559268, 0]
137	[-60.29886722559268, 0]
137	[-60.29886722559268, 0]
137	[-60.29886722559268, 0]
137	[-60.29886722559268, 0]
137	[-60.29886722559268, 0]
137	[-60.29886722559268, 0]
137	[-60.29886722559268, 0]
137	[-60.29886722559268, 0]
137	[-60.29886722559268, 0]
137	[-60.29886722559268, 0]
137	[-60.29886722559268, 0]
137	[-60.29886722559268, 0]
137	[-60.29886722559268, 0]
137	[-60.29886722559268, 0]
137	[-60.29886722559268, 0]
137	[-60.29886722559268, 0]
137	[-60.29886722559268, 0]
137	[-60.29886722559268, 0]
137	[-60.29886722559268, 0]
137	[-60.29886722559268, 0]
137	[-60.29886722559268, 0]
137	[-60.29886722559268, 0]
137	[-60.29886722559268, 0]
137	[-60.29886722559268, 0]
137	[-60.29886722559268, 0]
137	[-60.29886722559268, 0]
137	[-60.29886722559268, 0]
137	[-60.29886722559268, 0]
137	[-60.29886722559268, 0]
137	[-60.29886722559268, 0]
137	[-60.29886722559268, 0]
137	[-60.29886722559268, 0]
137	[-60.29886722559268, 0]
137	[-60.29886722559268, 0]
137	[-60.29886722559268, 0]
137	[-60.29886722559268, 0]
137	[-60.29886722559268, 0]
138	[-60.29886722559268, 0]
138	[-60.29886722559268, 0]
138	[-60.29886722559268, 0]
138	[-60.29886722559268, 0]
138	[-60.29886722559268, 0]
138	[-60.29886722559268, 0]
138	[-60.29886722559268, 0]
138	[-60.29886722559268, 0]
138	[-60.29886722559268, 0]
138	[-60.29886722559268, 0]
138	[-60.29886722559268, 0]
138	[-60.29886722559268, 0]
138	[-60.29886722559268, 0]
138	[-60.29886722559268, 0]
138	[-60.29886722559268, 0]
138	[-60.29886722559268, 0]
138	[-60.29886722559268, 0]
138	[-60.29886722559268, 0]
138	[-60.29886722559268, 0]
138	[-60.29886722559268, 0]
138	[-60.29886722559268, 0]
138	[-60.29886722559268, 0]
138	[-60.29886722559268, 0]
138	[-60.29886722559268, 0]
138	[-60.29886722559268, 0]
138	[-60.29886722559268, 0]
138	[-60.29886722559268, 0]
138	[-60.29886722559268, 0]
138	[-60.29886722559268, 0]
138	[-60.29886722559268, 0]
138	[-60.29886722559268, 0]
138	[-60.29886722559268, 0]
138	[-60.29886722559268, 0]
138	[-60.29886722559268, 0]
138	[-60.29886722559268, 0]
138	[-60.29886722559268, 0]
138	[-60.29886722559268, 0]
138	[-60.29886722559268, 0]
138	[-60.29886722559268, 0]
138	[-60.29886722559268, 0]
138	[-60.29886722559268, 0]
138	[-60.29886722559268, 0]
138	[-60.29886722559268, 0]
138	[-60.29886722559268, 0]
138	[-60.29886722559268, 0]
138	[-60.29886722559268, 0]
138	[-60.29886722559268, 0]
138	[-60.29886722559268, 0]
138	[-60.29886722559268, 0]
138	[-60.29886722559268, 0]
138	[-60.29886722559268, 0]
138	[-60.29886722559268, 0]
138	[-60.29886722559268, 0]
138	[-60.29886722559268, 0]
138	[-60.29886722559268, 0]
138	[-60.29886722559268, 0]
138	[-60.29886722559268, 0]
138	[-60.29886722559268, 0]
138	[-60.29886722559268, 0]
138	[-60.29886722559268, 0]
138	[-60.29886722559268, 0]
138	[-60.29886722559268, 0]
138	[-60.29886722559268, 0]
138	[-60.29886722559268, 0]
138	[-60.29886722559268, 0]
138	[-60.29886722559268, 0]
138	[-60.29886722559268, 0]
138	[-60.29886722559268, 0]
138	[-60.29886722559268, 0]
138	[-60.29886722559268, 0]
138	[-60.29886722559268, 0]
138	[-60.29886722559268, 0]
138	[-60.29886722559268, 0]
138	[-60.29886722559268, 0]
138	[-60.29886722559268, 0]
138	[-60.29886722559268, 0]
138	[-60.29886722559268, 0]
138	[-60.29886722559268, 0]
138	[-60.29886722559268, 0]
138	[-60.29886722559268, 0]
139	[-60.29886722559268, 0]
139	[-60.29886722559268, 0]
139	[-60.29886722559268, 0]
139	[-60.29886722559268, 0]
139	[-60.29886722559268, 0]
139	[-60.29886722559268, 0]
139	[-60.29886722559268, 0]
139	[-60.29886722559268, 0]
139	[-60.29886722559268, 0]
139	[-60.29886722559268, 0]
139	[-60.29886722559268, 0]
139	[-60.29886722559268, 0]
139	[-60.29886722559268, 0]
139	[-60.29886722559268, 0]
139	[-60.29886722559268, 0]
139	[-60.29886722559268, 0]
139	[-60.29886722559268, 0]
139	[-60.29886722559268, 0]
139	[-60.29886722559268, 0]
139	[-60.29886722559268, 0]
139	[-60.29886722559268, 0]
139	[-60.29886722559268, 0]
139	[-60.29886722559268, 0]
139	[-60.29886722559268, 0]
139	[-60.29886722559268, 0]
139	[-60.29886722559268, 0]
139	[-60.29886722559268, 0]
139	[-60.29886722559268, 0]
139	[-60.29886722559268, 0]
139	[-60.29886722559268, 0]
139	[-60.29886722559268, 0]
139	[-60.29886722559268, 0]
139	[-60.29886722559268, 0]
139	[-60.29886722559268, 0]
139	[-60.29886722559268, 0]
139	[-60.29886722559268, 0]
139	[-60.29886722559268, 0]
139	[-60.29886722559268, 0]
139	[-60.29886722559268, 0]
139	[-60.29886722559268, 0]
139	[-60.29886722559268, 0]
139	[-60.29886722559268, 0]
139	[-60.29886722559268, 0]
139	[-60.29886722559268, 0]
139	[-60.29886722559268, 0]
139	[-60.29886722559268, 0]
139	[-60.29886722559268, 0]
139	[-60.29886722559268, 0]
139	[-60.29886722559268, 0]
139	[-60.29886722559268, 0]
139	[-60.29886722559268, 0]
139	[-60.29886722559268, 0]
139	[-60.29886722559268, 0]
139	[-60.29886722559268, 0]
139	[-60.29886722559268, 0]
139	[-60.29886722559268, 0]
139	[-60.29886722559268, 0]
139	[-60.29886722559268, 0]
139	[-60.29886722559268, 0]
139	[-60.29886722559268, 0]
139	[-60.29886722559268, 0]
139	[-60.29886722559268, 0]
139	[-60.29886722559268, 0]
139	[-60.29886722559268, 0]
139	[-60.29886722559268, 0]
139	[-60.29886722559268, 0]
139	[-60.29886722559268, 0]
139	[-60.29886722559268, 0]
139	[-60.29886722559268, 0]
139	[-60.29886722559268, 0]
139	[-60.29886722559268, 0]
139	[-60.29886722559268, 0]
139	[-60.29886722559268, 0]
139	[-60.29886722559268, 0]
139	[-60.29886722559268, 0]
139	[-60.29886722559268, 0]
139	[-60.29886722559268, 0]
139	[-60.29886722559268, 0]
139	[-60.29886722559268, 0]
139	[-60.29886722559268, 0]
140	[-60.29886722559268, 0]
140	[-60.29886722559268, 0]
140	[-60.29886722559268, 0]
140	[-60.29886722559268, 0]
140	[-60.29886722559268, 0]
140	[-60.29886722559268, 0]
140	[-60.29886722559268, 0]
140	[-60.29886722559268, 0]
140	[-60.29886722559268, 0]
140	[-60.29886722559268, 0]
140	[-60.29886722559268, 0]
140	[-60.29886722559268, 0]
140	[-60.29886722559268, 0]
140	[-60.29886722559268, 0]
140	[-60.29886722559268, 0]
140	[-60.29886722559268, 0]
140	[-60.29886722559268, 0]
140	[-60.29886722559268, 0]
140	[-60.29886722559268, 0]
140	[-60.29886722559268, 0]
140	[-60.29886722559268, 0]
140	[-60.29886722559268, 0]
140	[-60.29886722559268, 0]
140	[-60.29886722559268, 0]
140	[-60.29886722559268, 0]
140	[-60.29886722559268, 0]
140	[-60.29886722559268, 0]
140	[-60.29886722559268, 0]
140	[-60.29886722559268, 0]
140	[-60.29886722559268, 0]
140	[-60.29886722559268, 0]
140	[-60.29886722559268, 0]
140	[-60.29886722559268, 0]
140	[-60.29886722559268, 0]
140	[-60.29886722559268, 0]
140	[-60.29886722559268, 0]
140	[-60.29886722559268, 0]
140	[-60.29886722559268, 0]
140	[-60.29886722559268, 0]
140	[-60.29886722559268, 0]
140	[-60.29886722559268, 0]
140	[-60.29886722559268, 0]
140	[-60.29886722559268, 0]
140	[-60.29886722559268, 0]
140	[-60.29886722559268, 0]
140	[-60.29886722559268, 0]
140	[-60.29886722559268, 0]
140	[-60.29886722559268, 0]
140	[-60.29886722559268, 0]
140	[-60.29886722559268, 0]
140	[-60.29886722559268, 0]
140	[-60.29886722559268, 0]
140	[-60.29886722559268, 0]
140	[-60.29886722559268, 0]
140	[-60.29886722559268, 0]
140	[-60.29886722559268, 0]
140	[-60.29886722559268, 0]
140	[-60.29886722559268, 0]
140	[-60.29886722559268, 0]
140	[-60.29886722559268, 0]
140	[-60.29886722559268, 0]
140	[-60.29886722559268, 0]
140	[-60.29886722559268, 0]
140	[-60.29886722559268, 0]
140	[-60.29886722559268, 0]
140	[-60.29886722559268, 0]
140	[-60.29886722559268, 0]
140	[-60.29886722559268, 0]
140	[-60.29886722559268, 0]
140	[-60.29886722559268, 0]
140	[-60.29886722559268, 0]
140	[-60.29886722559268, 0]
140	[-60.29886722559268, 0]
140	[-60.29886722559268, 0]
140	[-60.29886722559268, 0]
140	[-60.29886722559268, 0]
140	[-60.29886722559268, 0]
140	[-60.29886722559268, 0]
140	[-60.29886722559268, 0]
140	[-60.29886722559268, 0]
141	[-60.29886722559268, 0]
141	[-60.29886722559268, 0]
141	[-60.29886722559268, 0]
141	[-60.29886722559268, 0]
141	[-60.29886722559268, 0]
141	[-60.29886722559268, 0]
141	[-60.29886722559268, 0]
141	[-60.29886722559268, 0]
141	[-60.29886722559268, 0]
141	[-60.29886722559268, 0]
141	[-60.29886722559268, 0]
141	[-60.29886722559268, 0]
141	[-60.29886722559268, 0]
141	[-60.29886722559268, 0]
141	[-60.29886722559268, 0]
141	[-60.29886722559268, 0]
141	[-60.29886722559268, 0]
141	[-60.29886722559268, 0]
141	[-60.29886722559268, 0]
141	[-60.29886722559268, 0]
141	[-60.29886722559268, 0]
141	[-60.29886722559268, 0]
141	[-60.29886722559268, 0]
141	[-60.29886722559268, 0]
141	[-60.29886722559268, 0]
141	[-60.29886722559268, 0]
141	[-60.29886722559268, 0]
141	[-60.29886722559268, 0]
141	[-60.29886722559268, 0]
141	[-60.29886722559268, 0]
141	[-60.29886722559268, 0]
141	[-60.29886722559268, 0]
141	[-60.29886722559268, 0]
141	[-60.29886722559268, 0]
141	[-60.29886722559268, 0]
141	[-60.29886722559268, 0]
141	[-60.29886722559268, 0]
141	[-60.29886722559268, 0]
141	[-60.29886722559268, 0]
141	[-60.29886722559268, 0]
141	[-60.29886722559268, 0]
141	[-60.29886722559268, 0]
141	[-60.29886722559268, 0]
141	[-60.29886722559268, 0]
141	[-60.29886722559268, 0]
141	[-60.29886722559268, 0]
141	[-60.29886722559268, 0]
141	[-60.29886722559268, 0]
141	[-60.29886722559268, 0]
141	[-60.29886722559268, 0]
141	[-60.29886722559268, 0]
141	[-60.29886722559268, 0]
141	[-60.29886722559268, 0]
141	[-60.29886722559268, 0]
141	[-60.29886722559268, 0]
141	[-60.29886722559268, 0]
141	[-60.29886722559268, 0]
141	[-60.29886722559268, 0]
141	[-60.29886722559268, 0]
141	[-60.29886722559268, 0]
141	[-60.29886722559268, 0]
141	[-60.29886722559268, 0]
141	[-60.29886722559268, 0]
141	[-60.29886722559268, 0]
141	[-60.29886722559268, 0]
141	[-60.29886722559268, 0]
141	[-60.29886722559268, 0]
141	[-60.29886722559268, 0]
141	[-60.29886722559268, 0]
141	[-60.29886722559268, 0]
141	[-60.29886722559268, 0]
141	[-60.29886722559268, 0]
141	[-60.29886722559268, 0]
141	[-60.29886722559268, 0]
141	[-60.29886722559268, 0]
141	[-60.29886722559268, 0]
141	[-60.29886722559268, 0]
141	[-60.29886722559268, 0]
141	[-60.29886722559268, 0]
141	[-60.29886722559268, 0]
142	[-60.29886722559268, 0]
142	[-60.29886722559268, 0]
142	[-60.29886722559268, 0]
142	[-60.29886722559268, 0]
142	[-60.29886722559268, 0]
142	[-60.29886722559268, 0]
142	[-60.29886722559268, 0]
142	[-60.29886722559268, 0]
142	[-60.29886722559268, 0]
142	[-60.29886722559268, 0]
142	[-60.29886722559268, 0]
142	[-60.29886722559268, 0]
142	[-60.29886722559268, 0]
142	[-60.29886722559268, 0]
142	[-60.29886722559268, 0]
142	[-60.29886722559268, 0]
142	[-60.29886722559268, 0]
142	[-60.29886722559268, 0]
142	[-60.29886722559268, 0]
142	[-60.29886722559268, 0]
142	[-60.29886722559268, 0]
142	[-60.29886722559268, 0]
142	[-60.29886722559268, 0]
142	[-60.29886722559268, 0]
142	[-60.29886722559268, 0]
142	[-60.29886722559268, 0]
142	[-60.29886722559268, 0]
142	[-60.29886722559268, 0]
142	[-60.29886722559268, 0]
142	[-60.29886722559268, 0]
142	[-60.29886722559268, 0]
142	[-60.29886722559268, 0]
142	[-60.29886722559268, 0]
142	[-60.29886722559268, 0]
142	[-60.29886722559268, 0]
142	[-60.29886722559268, 0]
142	[-60.29886722559268, 0]
142	[-60.29886722559268, 0]
142	[-60.29886722559268, 0]
142	[-60.29886722559268, 0]
142	[-60.29886722559268, 0]
142	[-60.29886722559268, 0]
142	[-60.29886722559268, 0]
142	[-60.29886722559268, 0]
142	[-60.29886722559268, 0]
142	[-60.29886722559268, 0]
142	[-60.29886722559268, 0]
142	[-60.29886722559268, 0]
142	[-60.29886722559268, 0]
142	[-60.29886722559268, 0]
142	[-60.29886722559268, 0]
142	[-60.29886722559268, 0]
142	[-60.29886722559268, 0]
142	[-60.29886722559268, 0]
142	[-60.29886722559268, 0]
142	[-60.29886722559268, 0]
142	[-60.29886722559268, 0]
142	[-60.29886722559268, 0]
142	[-60.29886722559268, 0]
142	[-60.29886722559268, 0]
142	[-60.29886722559268, 0]
142	[-60.29886722559268, 0]
142	[-60.29886722559268, 0]
142	[-60.29886722559268, 0]
142	[-60.29886722559268, 0]
142	[-60.29886722559268, 0]
142	[-60.29886722559268, 0]
142	[-60.29886722559268, 0]
142	[-60.29886722559268, 0]
142	[-60.29886722559268, 0]
142	[-60.29886722559268, 0]
142	[-60.29886722559268, 0]
142	[-60.29886722559268, 0]
142	[-60.29886722559268, 0]
142	[-60.29886722559268, 0]
142	[-60.29886722559268, 0]
142	[-60.29886722559268, 0]
142	[-60.29886722559268, 0]
142	[-60.29886722559268, 0]
142	[-60.29886722559268, 0]
143	[-60.29886722559268, 0]
143	[-60.29886722559268, 0]
143	[-60.29886722559268, 0]
143	[-60.29886722559268, 0]
143	[-60.29886722559268, 0]
143	[-60.29886722559268, 0]
143	[-60.29886722559268, 0]
143	[-60.29886722559268, 0]
143	[-60.29886722559268, 0]
143	[-60.29886722559268, 0]
143	[-60.29886722559268, 0]
143	[-60.29886722559268, 0]
143	[-60.29886722559268, 0]
143	[-60.29886722559268, 0]
143	[-60.29886722559268, 0]
143	[-60.29886722559268, 0]
143	[-60.29886722559268, 0]
143	[-60.29886722559268, 0]
143	[-60.29886722559268, 0]
143	[-60.29886722559268, 0]
143	[-60.29886722559268, 0]
143	[-60.29886722559268, 0]
143	[-60.29886722559268, 0]
143	[-60.29886722559268, 0]
143	[-60.29886722559268, 0]
143	[-60.29886722559268, 0]
143	[-60.29886722559268, 0]
143	[-60.29886722559268, 0]
143	[-60.29886722559268, 0]
143	[-60.29886722559268, 0]
143	[-60.29886722559268, 0]
143	[-60.29886722559268, 0]
143	[-60.29886722559268, 0]
143	[-60.29886722559268, 0]
143	[-60.29886722559268, 0]
143	[-60.29886722559268, 0]
143	[-60.29886722559268, 0]
143	[-60.29886722559268, 0]
143	[-60.29886722559268, 0]
143	[-60.29886722559268, 0]
143	[-60.29886722559268, 0]
143	[-60.29886722559268, 0]
143	[-60.29886722559268, 0]
143	[-60.29886722559268, 0]
143	[-60.29886722559268, 0]
143	[-60.29886722559268, 0]
143	[-60.29886722559268, 0]
143	[-60.29886722559268, 0]
143	[-60.29886722559268, 0]
143	[-60.29886722559268, 0]
143	[-60.29886722559268, 0]
143	[-60.29886722559268, 0]
143	[-60.29886722559268, 0]
143	[-60.29886722559268, 0]
143	[-60.29886722559268, 0]
143	[-60.29886722559268, 0]
143	[-60.29886722559268, 0]
143	[-60.29886722559268, 0]
143	[-60.29886722559268, 0]
143	[-60.29886722559268, 0]
143	[-60.29886722559268, 0]
143	[-60.29886722559268, 0]
143	[-60.29886722559268, 0]
143	[-60.29886722559268, 0]
143	[-60.29886722559268, 0]
143	[-60.29886722559268, 0]
143	[-60.29886722559268, 0]
143	[-60.29886722559268, 0]
143	[-60.29886722559268, 0]
143	[-60.29886722559268, 0]
143	[-60.29886722559268, 0]
143	[-60.29886722559268, 0]
143	[-60.29886722559268, 0]
143	[-60.29886722559268, 0]
143	[-60.29886722559268, 0]
143	[-60.29886722559268, 0]
143	[-60.29886722559268, 0]
143	[-60.29886722559268, 0]
143	[-60.29886722559268, 0]
143	[-60.29886722559268, 0]
144	[-60.29886722559268, 0]
144	[-60.29886722559268, 0]
144	[-60.29886722559268, 0]
144	[-60.29886722559268, 0]
144	[-60.29886722559268, 0]
144	[-60.29886722559268, 0]
144	[-60.29886722559268, 0]
144	[-60.29886722559268, 0]
144	[-60.29886722559268, 0]
144	[-60.29886722559268, 0]
144	[-60.29886722559268, 0]
144	[-60.29886722559268, 0]
144	[-60.29886722559268, 0]
144	[-60.29886722559268, 0]
144	[-60.29886722559268, 0]
144	[-60.29886722559268, 0]
144	[-60.29886722559268, 0]
144	[-60.29886722559268, 0]
144	[-60.29886722559268, 0]
144	[-60.29886722559268, 0]
144	[-60.29886722559268, 0]
144	[-60.29886722559268, 0]
144	[-60.29886722559268, 0]
144	[-60.29886722559268, 0]
144	[-60.29886722559268, 0]
144	[-60.29886722559268, 0]
144	[-60.29886722559268, 0]
144	[-60.29886722559268, 0]
144	[-60.29886722559268, 0]
144	[-60.29886722559268, 0]
144	[-60.29886722559268, 0]
144	[-60.29886722559268, 0]
144	[-60.29886722559268, 0]
144	[-60.29886722559268, 0]
144	[-60.29886722559268, 0]
144	[-60.29886722559268, 0]
144	[-60.29886722559268, 0]
144	[-60.29886722559268, 0]
144	[-60.29886722559268, 0]
144	[-60.29886722559268, 0]
144	[-60.29886722559268, 0]
144	[-60.29886722559268, 0]
144	[-60.29886722559268, 0]
144	[-60.29886722559268, 0]
144	[-60.29886722559268, 0]
144	[-60.29886722559268, 0]
144	[-60.29886722559268, 0]
144	[-60.29886722559268, 0]
144	[-60.29886722559268, 0]
144	[-60.29886722559268, 0]
144	[-60.29886722559268, 0]
144	[-60.29886722559268, 0]
144	[-60.29886722559268, 0]
144	[-60.29886722559268, 0]
144	[-60.29886722559268, 0]
144	[-60.29886722559268, 0]
144	[-60.29886722559268, 0]
144	[-60.29886722559268, 0]
144	[-60.29886722559268, 0]
144	[-60.29886722559268, 0]
144	[-60.29886722559268, 0]
144	[-60.29886722559268, 0]
144	[-60.29886722559268, 0]
144	[-60.29886722559268, 0]
144	[-60.29886722559268, 0]
144	[-60.29886722559268, 0]
144	[-60.29886722559268, 0]
144	[-60.29886722559268, 0]
144	[-60.29886722559268, 0]
144	[-60.29886722559268, 0]
144	[-60.29886722559268, 0]
144	[-60.29886722559268, 0]
144	[-60.29886722559268, 0]
144	[-60.29886722559268, 0]
144	[-60.29886722559268, 0]
144	[-60.29886722559268, 0]
144	[-60.29886722559268, 0]
144	[-60.29886722559268, 0]
144	[-60.29886722559268, 0]
144	[-60.29886722559268, 0]
145	[-60.29886722559268, 0]
145	[-60.29886722559268, 0]
145	[-60.29886722559268, 0]
145	[-60.29886722559268, 0]
145	[-60.29886722559268, 0]
145	[-60.29886722559268, 0]
145	[-60.29886722559268, 0]
145	[-60.29886722559268, 0]
145	[-60.29886722559268, 0]
145	[-60.29886722559268, 0]
145	[-60.29886722559268, 0]
145	[-60.29886722559268, 0]
145	[-60.29886722559268, 0]
145	[-60.29886722559268, 0]
145	[-60.29886722559268, 0]
145	[-60.29886722559268, 0]
145	[-60.29886722559268, 0]
145	[-60.29886722559268, 0]
145	[-60.29886722559268, 0]
145	[-60.29886722559268, 0]
145	[-60.29886722559268, 0]
145	[-60.29886722559268, 0]
145	[-60.29886722559268, 0]
145	[-60.29886722559268, 0]
145	[-60.29886722559268, 0]
145	[-60.29886722559268, 0]
145	[-60.29886722559268, 0]
145	[-60.29886722559268, 0]
145	[-60.29886722559268, 0]
145	[-60.29886722559268, 0]
145	[-60.29886722559268, 0]
145	[-60.29886722559268, 0]
145	[-60.29886722559268, 0]
145	[-60.29886722559268, 0]
145	[-60.29886722559268, 0]
145	[-60.29886722559268, 0]
145	[-60.29886722559268, 0]
145	[-60.29886722559268, 0]
145	[-60.29886722559268, 0]
145	[-60.29886722559268, 0]
145	[-60.29886722559268, 0]
145	[-60.29886722559268, 0]
145	[-60.29886722559268, 0]
145	[-60.29886722559268, 0]
145	[-60.29886722559268, 0]
145	[-60.29886722559268, 0]
145	[-60.29886722559268, 0]
145	[-60.29886722559268, 0]
145	[-60.29886722559268, 0]
145	[-60.29886722559268, 0]
145	[-60.29886722559268, 0]
145	[-60.29886722559268, 0]
145	[-60.29886722559268, 0]
145	[-60.29886722559268, 0]
145	[-60.29886722559268, 0]
145	[-60.29886722559268, 0]
145	[-60.29886722559268, 0]
145	[-60.29886722559268, 0]
145	[-60.29886722559268, 0]
145	[-60.29886722559268, 0]
145	[-60.29886722559268, 0]
145	[-60.29886722559268, 0]
145	[-60.29886722559268, 0]
145	[-60.29886722559268, 0]
145	[-60.29886722559268, 0]
145	[-60.29886722559268, 0]
145	[-60.29886722559268, 0]
145	[-60.29886722559268, 0]
145	[-60.29886722559268, 0]
145	[-60.29886722559268, 0]
145	[-60.29886722559268, 0]
145	[-60.29886722559268, 0]
145	[-60.29886722559268, 0]
145	[-60.29886722559268, 0]
145	[-60.29886722559268, 0]
145	[-60.29886722559268, 0]
145	[-60.29886722559268, 0]
145	[-60.29886722559268, 0]
145	[-60.29886722559268, 0]
145	[-60.29886722559268, 0]
146	[-60.29886722559268, 0]
146	[-60.29886722559268, 0]
146	[-60.29886722559268, 0]
146	[-60.29886722559268, 0]
146	[-60.29886722559268, 0]
146	[-60.29886722559268, 0]
146	[-60.29886722559268, 0]
146	[-60.29886722559268, 0]
146	[-60.29886722559268, 0]
146	[-60.29886722559268, 0]
146	[-60.29886722559268, 0]
146	[-60.29886722559268, 0]
146	[-60.29886722559268, 0]
146	[-60.29886722559268, 0]
146	[-60.29886722559268, 0]
146	[-60.29886722559268, 0]
146	[-60.29886722559268, 0]
146	[-60.29886722559268, 0]
146	[-60.29886722559268, 0]
146	[-60.29886722559268, 0]
146	[-60.29886722559268, 0]
146	[-60.29886722559268, 0]
146	[-60.29886722559268, 0]
146	[-60.29886722559268, 0]
146	[-60.29886722559268, 0]
146	[-60.29886722559268, 0]
146	[-60.29886722559268, 0]
146	[-60.29886722559268, 0]
146	[-60.29886722559268, 0]
146	[-60.29886722559268, 0]
146	[-60.29886722559268, 0]
146	[-60.29886722559268, 0]
146	[-60.29886722559268, 0]
146	[-60.29886722559268, 0]
146	[-60.29886722559268, 0]
146	[-60.29886722559268, 0]
146	[-60.29886722559268, 0]
146	[-60.29886722559268, 0]
146	[-60.29886722559268, 0]
146	[-60.29886722559268, 0]
146	[-60.29886722559268, 0]
146	[-60.29886722559268, 0]
146	[-60.29886722559268, 0]
146	[-60.29886722559268, 0]
146	[-60.29886722559268, 0]
146	[-60.29886722559268, 0]
146	[-60.29886722559268, 0]
146	[-60.29886722559268, 0]
146	[-60.29886722559268, 0]
146	[-60.29886722559268, 0]
146	[-60.29886722559268, 0]
146	[-60.29886722559268, 0]
146	[-60.29886722559268, 0]
146	[-60.29886722559268, 0]
146	[-60.29886722559268, 0]
146	[-60.29886722559268, 0]
146	[-60.29886722559268, 0]
146	[-60.29886722559268, 0]
146	[-60.29886722559268, 0]
146	[-60.29886722559268, 0]
146	[-60.29886722559268, 0]
146	[-60.29886722559268, 0]
146	[-60.29886722559268, 0]
146	[-60.29886722559268, 0]
146	[-60.29886722559268, 0]
146	[-60.29886722559268, 0]
146	[-60.29886722559268, 0]
146	[-60.29886722559268, 0]
146	[-60.29886722559268, 0]
146	[-60.29886722559268, 0]
146	[-60.29886722559268, 0]
146	[-60.29886722559268, 0]
146	[-60.29886722559268, 0]
146	[-60.29886722559268, 0]
146	[-60.29886722559268, 0]
146	[-60.29886722559268, 0]
146	[-60.29886722559268, 0]
146	[-60.29886722559268, 0]
146	[-60.29886722559268, 0]
146	[-60.29886722559268, 0]
147	[-60.29886722559268, 0]
147	[-60.29886722559268, 0]
147	[-60.29886722559268, 0]
147	[-60.29886722559268, 0]
147	[-60.29886722559268, 0]
147	[-60.29886722559268, 0]
147	[-60.29886722559268, 0]
147	[-60.29886722559268, 0]
147	[-60.29886722559268, 0]
147	[-60.29886722559268, 0]
147	[-60.29886722559268, 0]
147	[-60.29886722559268, 0]
147	[-60.29886722559268, 0]
147	[-60.29886722559268, 0]
147	[-60.29886722559268, 0]
147	[-60.29886722559268, 0]
147	[-60.29886722559268, 0]
147	[-60.29886722559268, 0]
147	[-60.29886722559268, 0]
147	[-60.29886722559268, 0]
147	[-60.29886722559268, 0]
147	[-60.29886722559268, 0]
147	[-60.29886722559268, 0]
147	[-60.29886722559268, 0]
147	[-60.29886722559268, 0]
147	[-60.29886722559268, 0]
147	[-60.29886722559268, 0]
147	[-60.29886722559268, 0]
147	[-60.29886722559268, 0]
147	[-60.29886722559268, 0]
147	[-60.29886722559268, 0]
147	[-60.29886722559268, 0]
147	[-60.29886722559268, 0]
147	[-60.29886722559268, 0]
147	[-60.29886722559268, 0]
147	[-60.29886722559268, 0]
147	[-60.29886722559268, 0]
147	[-60.29886722559268, 0]
147	[-60.29886722559268, 0]
147	[-60.29886722559268, 0]
147	[-60.29886722559268, 0]
147	[-60.29886722559268, 0]
147	[-60.29886722559268, 0]
147	[-60.29886722559268, 0]
147	[-60.29886722559268, 0]
147	[-60.29886722559268, 0]
147	[-60.29886722559268, 0]
147	[-60.29886722559268, 0]
147	[-60.29886722559268, 0]
147	[-60.29886722559268, 0]
147	[-60.29886722559268, 0]
147	[-60.29886722559268, 0]
147	[-60.29886722559268, 0]
147	[-60.29886722559268, 0]
147	[-60.29886722559268, 0]
147	[-60.29886722559268, 0]
147	[-60.29886722559268, 0]
147	[-60.29886722559268, 0]
147	[-60.29886722559268, 0]
147	[-60.29886722559268, 0]
147	[-60.29886722559268, 0]
147	[-60.29886722559268, 0]
147	[-60.29886722559268, 0]
147	[-60.29886722559268, 0]
147	[-60.29886722559268, 0]
147	[-60.29886722559268, 0]
147	[-60.29886722559268, 0]
147	[-60.29886722559268, 0]
147	[-60.29886722559268, 0]
147	[-60.29886722559268, 0]
147	[-60.29886722559268, 0]
147	[-60.29886722559268, 0]
147	[-60.29886722559268, 0]
147	[-60.29886722559268, 0]
147	[-60.29886722559268, 0]
147	[-60.29886722559268, 0]
147	[-60.29886722559268, 0]
147	[-60.29886722559268, 0]
147	[-60.29886722559268, 0]
147	[-60.29886722559268, 0]
148	[-60.29886722559268, 0]
148	[-60.29886722559268, 0]
148	[-60.29886722559268, 0]
148	[-60.29886722559268, 0]
148	[-60.29886722559268, 0]
148	[-60.29886722559268, 0]
148	[-60.29886722559268, 0]
148	[-60.29886722559268, 0]
148	[-60.29886722559268, 0]
148	[-60.29886722559268, 0]
148	[-60.29886722559268, 0]
148	[-60.29886722559268, 0]
148	[-60.29886722559268, 0]
148	[-60.29886722559268, 0]
148	[-60.29886722559268, 0]
148	[-60.29886722559268, 0]
148	[-60.29886722559268, 0]
148	[-60.29886722559268, 0]
148	[-60.29886722559268, 0]
148	[-60.29886722559268, 0]
148	[-60.29886722559268, 0]
148	[-60.29886722559268, 0]
148	[-60.29886722559268, 0]
148	[-60.29886722559268, 0]
148	[-60.29886722559268, 0]
148	[-60.29886722559268, 0]
148	[-60.29886722559268, 0]
148	[-60.29886722559268, 0]
148	[-60.29886722559268, 0]
148	[-60.29886722559268, 0]
148	[-60.29886722559268, 0]
148	[-60.29886722559268, 0]
148	[-60.29886722559268, 0]
148	[-60.29886722559268, 0]
148	[-60.29886722559268, 0]
148	[-60.29886722559268, 0]
148	[-60.29886722559268, 0]
148	[-60.29886722559268, 0]
148	[-60.29886722559268, 0]
148	[-60.29886722559268, 0]
148	[-60.29886722559268, 0]
148	[-60.29886722559268, 0]
148	[-60.29886722559268, 0]
148	[-60.29886722559268, 0]
148	[-60.29886722559268, 0]
148	[-60.29886722559268, 0]
148	[-60.29886722559268, 0]
148	[-60.29886722559268, 0]
148	[-60.29886722559268, 0]
148	[-60.29886722559268, 0]
148	[-60.29886722559268, 0]
148	[-60.29886722559268, 0]
148	[-60.29886722559268, 0]
148	[-60.29886722559268, 0]
148	[-60.29886722559268, 0]
148	[-60.29886722559268, 0]
148	[-60.29886722559268, 0]
148	[-60.29886722559268, 0]
148	[-60.29886722559268, 0]
148	[-60.29886722559268, 0]
148	[-60.29886722559268, 0]
148	[-60.29886722559268, 0]
148	[-60.29886722559268, 0]
148	[-60.29886722559268, 0]
148	[-60.29886722559268, 0]
148	[-60.29886722559268, 0]
148	[-60.29886722559268, 0]
148	[-60.29886722559268, 0]
148	[-60.29886722559268, 0]
148	[-60.29886722559268, 0]
148	[-60.29886722559268, 0]
148	[-60.29886722559268, 0]
148	[-60.29886722559268, 0]
148	[-60.29886722559268, 0]
148	[-60.29886722559268, 0]
148	[-60.29886722559268, 0]
148	[-60.29886722559268, 0]
148	[-60.29886722559268, 0]
148	[-60.29886722559268, 0]
148	[-60.29886722559268, 0]
149	[-60.29886722559268, 0]
149	[-60.29886722559268, 0]
149	[-60.29886722559268, 0]
149	[-60.29886722559268, 0]
149	[-60.29886722559268, 0]
149	[-60.29886722559268, 0]
149	[-60.29886722559268, 0]
149	[-60.29886722559268, 0]
149	[-60.29886722559268, 0]
149	[-60.29886722559268, 0]
149	[-60.29886722559268, 0]
149	[-60.29886722559268, 0]
149	[-60.29886722559268, 0]
149	[-60.29886722559268, 0]
149	[-60.29886722559268, 0]
149	[-60.29886722559268, 0]
149	[-60.29886722559268, 0]
149	[-60.29886722559268, 0]
149	[-60.29886722559268, 0]
149	[-60.29886722559268, 0]
149	[-60.29886722559268, 0]
149	[-60.29886722559268, 0]
149	[-60.29886722559268, 0]
149	[-60.29886722559268, 0]
149	[-60.29886722559268, 0]
149	[-60.29886722559268, 0]
149	[-60.29886722559268, 0]
149	[-60.29886722559268, 0]
149	[-60.29886722559268, 0]
149	[-60.29886722559268, 0]
149	[-60.29886722559268, 0]
149	[-60.29886722559268, 0]
149	[-60.29886722559268, 0]
149	[-60.29886722559268, 0]
149	[-60.29886722559268, 0]
149	[-60.29886722559268, 0]
149	[-60.29886722559268, 0]
149	[-60.29886722559268, 0]
149	[-60.29886722559268, 0]
149	[-60.29886722559268, 0]
149	[-60.29886722559268, 0]
149	[-60.29886722559268, 0]
149	[-60.29886722559268, 0]
149	[-60.29886722559268, 0]
149	[-60.29886722559268, 0]
149	[-60.29886722559268, 0]
149	[-60.29886722559268, 0]
149	[-60.29886722559268, 0]
149	[-60.29886722559268, 0]
149	[-60.29886722559268, 0]
149	[-60.29886722559268, 0]
149	[-60.29886722559268, 0]
149	[-60.29886722559268, 0]
149	[-60.29886722559268, 0]
149	[-60.29886722559268, 0]
149	[-60.29886722559268, 0]
149	[-60.29886722559268, 0]
149	[-60.29886722559268, 0]
149	[-60.29886722559268, 0]
149	[-60.29886722559268, 0]
149	[-60.29886722559268, 0]
149	[-60.29886722559268, 0]
149	[-60.29886722559268, 0]
149	[-60.29886722559268, 0]
149	[-60.29886722559268, 0]
149	[-60.29886722559268, 0]
149	[-60.29886722559268, 0]
149	[-60.29886722559268, 0]
149	[-60.29886722559268, 0]
149	[-60.29886722559268, 0]
149	[-60.29886722559268, 0]
149	[-60.29886722559268, 0]
149	[-60.29886722559268, 0]
149	[-60.29886722559268, 0]
149	[-60.29886722559268, 0]
149	[-60.29886722559268, 0]
149	[-60.29886722559268, 0]
149	[-60.29886722559268, 0]
149	[-60.29886722559268, 0]
149	[-60.29886722559268, 0]
150	[-60.29886722559268, 0]
150	[-60.29886722559268, 0]
150	[-60.29886722559268, 0]
150	[-60.29886722559268, 0]
150	[-60.29886722559268, 0]
150	[-60.29886722559268, 0]
150	[-60.29886722559268, 0]
150	[-60.29886722559268, 0]
150	[-60.29886722559268, 0]
150	[-60.29886722559268, 0]
150	[-60.29886722559268, 0]
150	[-60.29886722559268, 0]
150	[-60.29886722559268, 0]
150	[-60.29886722559268, 0]
150	[-60.29886722559268, 0]
150	[-60.29886722559268, 0]
150	[-60.29886722559268, 0]
150	[-60.29886722559268, 0]
150	[-60.29886722559268, 0]
150	[-60.29886722559268, 0]
150	[-60.29886722559268, 0]
150	[-60.29886722559268, 0]
150	[-60.29886722559268, 0]
150	[-60.29886722559268, 0]
150	[-60.29886722559268, 0]
150	[-60.29886722559268, 0]
150	[-60.29886722559268, 0]
150	[-60.29886722559268, 0]
150	[-60.29886722559268, 0]
150	[-60.29886722559268, 0]
150	[-60.29886722559268, 0]
150	[-60.29886722559268, 0]
150	[-60.29886722559268, 0]
150	[-60.29886722559268, 0]
150	[-60.29886722559268, 0]
150	[-60.29886722559268, 0]
150	[-60.29886722559268, 0]
150	[-60.29886722559268, 0]
150	[-60.29886722559268, 0]
150	[-60.29886722559268, 0]
150	[-60.29886722559268, 0]
150	[-60.29886722559268, 0]
150	[-60.29886722559268, 0]
150	[-60.29886722559268, 0]
150	[-60.29886722559268, 0]
150	[-60.29886722559268, 0]
150	[-60.29886722559268, 0]
150	[-60.29886722559268, 0]
150	[-60.29886722559268, 0]
150	[-60.29886722559268, 0]
150	[-60.29886722559268, 0]
150	[-60.29886722559268, 0]
150	[-60.29886722559268, 0]
150	[-60.29886722559268, 0]
150	[-60.29886722559268, 0]
150	[-60.29886722559268, 0]
150	[-60.29886722559268, 0]
150	[-60.29886722559268, 0]
150	[-60.29886722559268, 0]
150	[-60.29886722559268, 0]
150	[-60.29886722559268, 0]
150	[-60.29886722559268, 0]
150	[-60.29886722559268, 0]
150	[-60.29886722559268, 0]
150	[-60.29886722559268, 0]
150	[-60.29886722559268, 0]
150	[-60.29886722559268, 0]
150	[-60.29886722559268, 0]
150	[-60.29886722559268, 0]
150	[-60.29886722559268, 0]
150	[-60.29886722559268, 0]
150	[-60.29886722559268, 0]
150	[-60.29886722559268, 0]
150	[-60.29886722559268, 0]
150	[-60.29886722559268, 0]
150	[-60.29886722559268, 0]
150	[-60.29886722559268, 0]
150	[-60.29886722559268, 0]
150	[-60.29886722559268, 0]
150	[-60.29886722559268, 0]
151	[-60.29886722559268, 0]
151	[-60.29886722559268, 0]
151	[-60.29886722559268, 0]
151	[-60.29886722559268, 0]
151	[-60.29886722559268, 0]
151	[-60.29886722559268, 0]
151	[-60.29886722559268, 0]
151	[-60.29886722559268, 0]
151	[-60.29886722559268, 0]
151	[-60.29886722559268, 0]
151	[-60.29886722559268, 0]
151	[-60.29886722559268, 0]
151	[-60.29886722559268, 0]
151	[-60.29886722559268, 0]
151	[-60.29886722559268, 0]
151	[-60.29886722559268, 0]
151	[-60.29886722559268, 0]
151	[-60.29886722559268, 0]
151	[-60.29886722559268, 0]
151	[-60.29886722559268, 0]
151	[-60.29886722559268, 0]
151	[-60.29886722559268, 0]
151	[-60.29886722559268, 0]
151	[-60.29886722559268, 0]
151	[-60.29886722559268, 0]
151	[-60.29886722559268, 0]
151	[-60.29886722559268, 0]
151	[-60.29886722559268, 0]
151	[-60.29886722559268, 0]
151	[-60.29886722559268, 0]
151	[-60.29886722559268, 0]
151	[-60.29886722559268, 0]
151	[-60.29886722559268, 0]
151	[-60.29886722559268, 0]
151	[-60.29886722559268, 0]
151	[-60.29886722559268, 0]
151	[-60.29886722559268, 0]
151	[-60.29886722559268, 0]
151	[-60.29886722559268, 0]
151	[-60.29886722559268, 0]
151	[-60.29886722559268, 0]
151	[-60.29886722559268, 0]
151	[-60.29886722559268, 0]
151	[-60.29886722559268, 0]
151	[-60.29886722559268, 0]
151	[-60.29886722559268, 0]
151	[-60.29886722559268, 0]
151	[-60.29886722559268, 0]
151	[-60.29886722559268, 0]
151	[-60.29886722559268, 0]
151	[-60.29886722559268, 0]
151	[-60.29886722559268, 0]
151	[-60.29886722559268, 0]
151	[-60.29886722559268, 0]
151	[-60.29886722559268, 0]
151	[-60.29886722559268, 0]
151	[-60.29886722559268, 0]
151	[-60.29886722559268, 0]
151	[-60.29886722559268, 0]
151	[-60.29886722559268, 0]
151	[-60.29886722559268, 0]
151	[-60.29886722559268, 0]
151	[-60.29886722559268, 0]
151	[-60.29886722559268, 0]
151	[-60.29886722559268, 0]
151	[-60.29886722559268, 0]
151	[-60.29886722559268, 0]
151	[-60.29886722559268, 0]
151	[-60.29886722559268, 0]
151	[-60.29886722559268, 0]
151	[-60.29886722559268, 0]
151	[-60.29886722559268, 0]
151	[-60.29886722559268, 0]
151	[-60.29886722559268, 0]
151	[-60.29886722559268, 0]
151	[-60.29886722559268, 0]
151	[-60.29886722559268, 0]
151	[-60.29886722559268, 0]
151	[-60.29886722559268, 0]
151	[-60.29886722559268, 0]
152	[-60.29886722559268, 0]
152	[-60.29886722559268, 0]
152	[-60.29886722559268, 0]
152	[-60.29886722559268, 0]
152	[-60.29886722559268, 0]
152	[-60.29886722559268, 0]
152	[-60.29886722559268, 0]
152	[-60.29886722559268, 0]
152	[-60.29886722559268, 0]
152	[-60.29886722559268, 0]
152	[-60.29886722559268, 0]
152	[-60.29886722559268, 0]
152	[-60.29886722559268, 0]
152	[-60.29886722559268, 0]
152	[-60.29886722559268, 0]
152	[-60.29886722559268, 0]
152	[-60.29886722559268, 0]
152	[-60.29886722559268, 0]
152	[-60.29886722559268, 0]
152	[-60.29886722559268, 0]
152	[-60.29886722559268, 0]
152	[-60.29886722559268, 0]
152	[-60.29886722559268, 0]
152	[-60.29886722559268, 0]
152	[-60.29886722559268, 0]
152	[-60.29886722559268, 0]
152	[-60.29886722559268, 0]
152	[-60.29886722559268, 0]
152	[-60.29886722559268, 0]
152	[-60.29886722559268, 0]
152	[-60.29886722559268, 0]
152	[-60.29886722559268, 0]
152	[-60.29886722559268, 0]
152	[-60.29886722559268, 0]
152	[-60.29886722559268, 0]
152	[-60.29886722559268, 0]
152	[-60.29886722559268, 0]
152	[-60.29886722559268, 0]
152	[-60.29886722559268, 0]
152	[-60.29886722559268, 0]
152	[-60.29886722559268, 0]
152	[-60.29886722559268, 0]
152	[-60.29886722559268, 0]
152	[-60.29886722559268, 0]
152	[-60.29886722559268, 0]
152	[-60.29886722559268, 0]
152	[-60.29886722559268, 0]
152	[-60.29886722559268, 0]
152	[-60.29886722559268, 0]
152	[-60.29886722559268, 0]
152	[-60.29886722559268, 0]
152	[-60.29886722559268, 0]
152	[-60.29886722559268, 0]
152	[-60.29886722559268, 0]
152	[-60.29886722559268, 0]
152	[-60.29886722559268, 0]
152	[-60.29886722559268, 0]
152	[-60.29886722559268, 0]
152	[-60.29886722559268, 0]
152	[-60.29886722559268, 0]
152	[-60.29886722559268, 0]
152	[-60.29886722559268, 0]
152	[-60.29886722559268, 0]
152	[-60.29886722559268, 0]
152	[-60.29886722559268, 0]
152	[-60.29886722559268, 0]
152	[-60.29886722559268, 0]
152	[-60.29886722559268, 0]
152	[-60.29886722559268, 0]
152	[-60.29886722559268, 0]
152	[-60.29886722559268, 0]
152	[-60.29886722559268, 0]
152	[-60.29886722559268, 0]
152	[-60.29886722559268, 0]
152	[-60.29886722559268, 0]
152	[-60.29886722559268, 0]
152	[-60.29886722559268, 0]
152	[-60.29886722559268, 0]
152	[-60.29886722559268, 0]
152	[-60.29886722559268, 0]
153	[-60.29886722559268, 0]
153	[-60.29886722559268, 0]
153	[-60.29886722559268, 0]
153	[-60.29886722559268, 0]
153	[-60.29886722559268, 0]
153	[-60.29886722559268, 0]
153	[-60.29886722559268, 0]
153	[-60.29886722559268, 0]
153	[-60.29886722559268, 0]
153	[-60.29886722559268, 0]
153	[-60.29886722559268, 0]
153	[-60.29886722559268, 0]
153	[-60.29886722559268, 0]
153	[-60.29886722559268, 0]
153	[-60.29886722559268, 0]
153	[-60.29886722559268, 0]
153	[-60.29886722559268, 0]
153	[-60.29886722559268, 0]
153	[-60.29886722559268, 0]
153	[-60.29886722559268, 0]
153	[-60.29886722559268, 0]
153	[-60.29886722559268, 0]
153	[-60.29886722559268, 0]
153	[-60.29886722559268, 0]
153	[-60.29886722559268, 0]
153	[-60.29886722559268, 0]
153	[-60.29886722559268, 0]
153	[-60.29886722559268, 0]
153	[-60.29886722559268, 0]
153	[-60.29886722559268, 0]
153	[-60.29886722559268, 0]
153	[-60.29886722559268, 0]
153	[-60.29886722559268, 0]
153	[-60.29886722559268, 0]
153	[-60.29886722559268, 0]
153	[-60.29886722559268, 0]
153	[-60.29886722559268, 0]
153	[-60.29886722559268, 0]
153	[-60.29886722559268, 0]
153	[-60.29886722559268, 0]
153	[-60.29886722559268, 0]
153	[-60.29886722559268, 0]
153	[-60.29886722559268, 0]
153	[-60.29886722559268, 0]
153	[-60.29886722559268, 0]
153	[-60.29886722559268, 0]
153	[-60.29886722559268, 0]
153	[-60.29886722559268, 0]
153	[-60.29886722559268, 0]
153	[-60.29886722559268, 0]
153	[-60.29886722559268, 0]
153	[-60.29886722559268, 0]
153	[-60.29886722559268, 0]
153	[-60.29886722559268, 0]
153	[-60.29886722559268, 0]
153	[-60.29886722559268, 0]
153	[-60.29886722559268, 0]
153	[-60.29886722559268, 0]
153	[-60.29886722559268, 0]
153	[-60.29886722559268, 0]
153	[-60.29886722559268, 0]
153	[-60.29886722559268, 0]
153	[-60.29886722559268, 0]
153	[-60.29886722559268, 0]
153	[-60.29886722559268, 0]
153	[-60.29886722559268, 0]
153	[-60.29886722559268, 0]
153	[-60.29886722559268, 0]
153	[-60.29886722559268, 0]
153	[-60.29886722559268, 0]
153	[-60.29886722559268, 0]
153	[-60.29886722559268, 0]
153	[-60.29886722559268, 0]
153	[-60.29886722559268, 0]
153	[-60.29886722559268, 0]
153	[-60.29886722559268, 0]
153	[-60.29886722559268, 0]
153	[-60.29886722559268, 0]
153	[-60.29886722559268, 0]
153	[-60.29886722559268, 0]
154	[-60.29886722559268, 0]
154	[-60.29886722559268, 0]
154	[-60.29886722559268, 0]
154	[-60.29886722559268, 0]
154	[-60.29886722559268, 0]
154	[-60.29886722559268, 0]
154	[-60.29886722559268, 0]
154	[-60.29886722559268, 0]
154	[-60.29886722559268, 0]
154	[-60.29886722559268, 0]
154	[-60.29886722559268, 0]
154	[-60.29886722559268, 0]
154	[-60.29886722559268, 0]
154	[-60.29886722559268, 0]
154	[-60.29886722559268, 0]
154	[-60.29886722559268, 0]
154	[-60.29886722559268, 0]
154	[-60.29886722559268, 0]
154	[-60.29886722559268, 0]
154	[-60.29886722559268, 0]
154	[-60.29886722559268, 0]
154	[-60.29886722559268, 0]
154	[-60.29886722559268, 0]
154	[-60.29886722559268, 0]
154	[-60.29886722559268, 0]
154	[-60.29886722559268, 0]
154	[-60.29886722559268, 0]
154	[-60.29886722559268, 0]
154	[-60.29886722559268, 0]
154	[-60.29886722559268, 0]
154	[-60.29886722559268, 0]
154	[-60.29886722559268, 0]
154	[-60.29886722559268, 0]
154	[-60.29886722559268, 0]
154	[-60.29886722559268, 0]
154	[-60.29886722559268, 0]
154	[-60.29886722559268, 0]
154	[-60.29886722559268, 0]
154	[-60.29886722559268, 0]
154	[-60.29886722559268, 0]
154	[-60.29886722559268, 0]
154	[-60.29886722559268, 0]
154	[-60.29886722559268, 0]
154	[-60.29886722559268, 0]
154	[-60.29886722559268, 0]
154	[-60.29886722559268, 0]
154	[-60.29886722559268, 0]
154	[-60.29886722559268, 0]
154	[-60.29886722559268, 0]
154	[-60.29886722559268, 0]
154	[-60.29886722559268, 0]
154	[-60.29886722559268, 0]
154	[-60.29886722559268, 0]
154	[-60.29886722559268, 0]
154	[-60.29886722559268, 0]
154	[-60.29886722559268, 0]
154	[-60.29886722559268, 0]
154	[-60.29886722559268, 0]
154	[-60.29886722559268, 0]
154	[-60.29886722559268, 0]
154	[-60.29886722559268, 0]
154	[-60.29886722559268, 0]
154	[-60.29886722559268, 0]
154	[-60.29886722559268, 0]
154	[-60.29886722559268, 0]
154	[-60.29886722559268, 0]
154	[-60.29886722559268, 0]
154	[-60.29886722559268, 0]
154	[-60.29886722559268, 0]
154	[-60.29886722559268, 0]
154	[-60.29886722559268, 0]
154	[-60.29886722559268, 0]
154	[-60.29886722559268, 0]
154	[-60.29886722559268, 0]
154	[-60.29886722559268, 0]
154	[-60.29886722559268, 0]
154	[-60.29886722559268, 0]
154	[-60.29886722559268, 0]
154	[-60.29886722559268, 0]
154	[-60.29886722559268, 0]
155	[-60.29886722559268, 0]
155	[-60.29886722559268, 0]
155	[-60.29886722559268, 0]
155	[-60.29886722559268, 0]
155	[-60.29886722559268, 0]
155	[-60.29886722559268, 0]
155	[-60.29886722559268, 0]
155	[-60.29886722559268, 0]
155	[-60.29886722559268, 0]
155	[-60.29886722559268, 0]
155	[-60.29886722559268, 0]
155	[-60.29886722559268, 0]
155	[-60.29886722559268, 0]
155	[-60.29886722559268, 0]
155	[-60.29886722559268, 0]
155	[-60.29886722559268, 0]
155	[-60.29886722559268, 0]
155	[-60.29886722559268, 0]
155	[-60.29886722559268, 0]
155	[-60.29886722559268, 0]
155	[-60.29886722559268, 0]
155	[-60.29886722559268, 0]
155	[-60.29886722559268, 0]
155	[-60.29886722559268, 0]
155	[-60.29886722559268, 0]
155	[-60.29886722559268, 0]
155	[-60.29886722559268, 0]
155	[-60.29886722559268, 0]
155	[-60.29886722559268, 0]
155	[-60.29886722559268, 0]
155	[-60.29886722559268, 0]
155	[-60.29886722559268, 0]
155	[-60.29886722559268, 0]
155	[-60.29886722559268, 0]
155	[-60.29886722559268, 0]
155	[-60.29886722559268, 0]
155	[-60.29886722559268, 0]
155	[-60.29886722559268, 0]
155	[-60.29886722559268, 0]
155	[-60.29886722559268, 0]
155	[-60.29886722559268, 0]
155	[-60.29886722559268, 0]
155	[-60.29886722559268, 0]
155	[-60.29886722559268, 0]
155	[-60.29886722559268, 0]
155	[-60.29886722559268, 0]
155	[-60.29886722559268, 0]
155	[-60.29886722559268, 0]
155	[-60.29886722559268, 0]
155	[-60.29886722559268, 0]
155	[-60.29886722559268, 0]
155	[-60.29886722559268, 0]
155	[-60.29886722559268, 0]
155	[-60.29886722559268, 0]
155	[-60.29886722559268, 0]
155	[-60.29886722559268, 0]
155	[-60.29886722559268, 0]
155	[-60.29886722559268, 0]
155	[-60.29886722559268, 0]
155	[-60.29886722559268, 0]
155	[-60.29886722559268, 0]
155	[-60.29886722559268, 0]
155	[-60.29886722559268, 0]
155	[-60.29886722559268, 0]
155	[-60.29886722559268, 0]
155	[-60.29886722559268, 0]
155	[-60.29886722559268, 0]
155	[-60.29886722559268, 0]
155	[-60.29886722559268, 0]
155	[-60.29886722559268, 0]
155	[-60.29886722559268, 0]
155	[-60.29886722559268, 0]
155	[-60.29886722559268, 0]
155	[-60.29886722559268, 0]
155	[-60.29886722559268, 0]
155	[-60.29886722559268, 0]
155	[-60.29886722559268, 0]
155	[-60.29886722559268, 0]
155	[-60.29886722559268, 0]
155	[-60.29886722559268, 0]
156	[-60.29886722559268, 0]
156	[-60.29886722559268, 0]
156	[-60.29886722559268, 0]
156	[-60.29886722559268, 0]
156	[-60.29886722559268, 0]
156	[-60.29886722559268, 0]
156	[-60.29886722559268, 0]
156	[-60.29886722559268, 0]
156	[-60.29886722559268, 0]
156	[-60.29886722559268, 0]
156	[-60.29886722559268, 0]
156	[-60.29886722559268, 0]
156	[-60.29886722559268, 0]
156	[-60.29886722559268, 0]
156	[-60.29886722559268, 0]
156	[-60.29886722559268, 0]
156	[-60.29886722559268, 0]
156	[-60.29886722559268, 0]
156	[-60.29886722559268, 0]
156	[-60.29886722559268, 0]
156	[-60.29886722559268, 0]
156	[-60.29886722559268, 0]
156	[-60.29886722559268, 0]
156	[-60.29886722559268, 0]
156	[-60.29886722559268, 0]
156	[-60.29886722559268, 0]
156	[-60.29886722559268, 0]
156	[-60.29886722559268, 0]
156	[-60.29886722559268, 0]
156	[-60.29886722559268, 0]
156	[-60.29886722559268, 0]
156	[-60.29886722559268, 0]
156	[-60.29886722559268, 0]
156	[-60.29886722559268, 0]
156	[-60.29886722559268, 0]
156	[-60.29886722559268, 0]
156	[-60.29886722559268, 0]
156	[-60.29886722559268, 0]
156	[-60.29886722559268, 0]
156	[-60.29886722559268, 0]
156	[-60.29886722559268, 0]
156	[-60.29886722559268, 0]
156	[-60.29886722559268, 0]
156	[-60.29886722559268, 0]
156	[-60.29886722559268, 0]
156	[-60.29886722559268, 0]
156	[-60.29886722559268, 0]
156	[-60.29886722559268, 0]
156	[-60.29886722559268, 0]
156	[-60.29886722559268, 0]
156	[-60.29886722559268, 0]
156	[-60.29886722559268, 0]
156	[-60.29886722559268, 0]
156	[-60.29886722559268, 0]
156	[-60.29886722559268, 0]
156	[-60.29886722559268, 0]
156	[-60.29886722559268, 0]
156	[-60.29886722559268, 0]
156	[-60.29886722559268, 0]
156	[-60.29886722559268, 0]
156	[-60.29886722559268, 0]
156	[-60.29886722559268, 0]
156	[-60.29886722559268, 0]
156	[-60.29886722559268, 0]
156	[-60.29886722559268, 0]
156	[-60.29886722559268, 0]
156	[-60.29886722559268, 0]
156	[-60.29886722559268, 0]
156	[-60.29886722559268, 0]
156	[-60.29886722559268, 0]
156	[-60.29886722559268, 0]
156	[-60.29886722559268, 0]
156	[-60.29886722559268, 0]
156	[-60.29886722559268, 0]
156	[-60.29886722559268, 0]
156	[-60.29886722559268, 0]
156	[-60.29886722559268, 0]
156	[-60.29886722559268, 0]
156	[-60.29886722559268, 0]
156	[-60.29886722559268, 0]
157	[-60.29886722559268, 0]
157	[-60.29886722559268, 0]
157	[-60.29886722559268, 0]
157	[-60.29886722559268, 0]
157	[-60.29886722559268, 0]
157	[-60.29886722559268, 0]
157	[-60.29886722559268, 0]
157	[-60.29886722559268, 0]
157	[-60.29886722559268, 0]
157	[-60.29886722559268, 0]
157	[-60.29886722559268, 0]
157	[-60.29886722559268, 0]
157	[-60.29886722559268, 0]
157	[-60.29886722559268, 0]
157	[-60.29886722559268, 0]
157	[-60.29886722559268, 0]
157	[-60.29886722559268, 0]
157	[-60.29886722559268, 0]
157	[-60.29886722559268, 0]
157	[-60.29886722559268, 0]
157	[-60.29886722559268, 0]
157	[-60.29886722559268, 0]
157	[-60.29886722559268, 0]
157	[-60.29886722559268, 0]
157	[-60.29886722559268, 0]
157	[-60.29886722559268, 0]
157	[-60.29886722559268, 0]
157	[-60.29886722559268, 0]
157	[-60.29886722559268, 0]
157	[-60.29886722559268, 0]
157	[-60.29886722559268, 0]
157	[-60.29886722559268, 0]
157	[-60.29886722559268, 0]
157	[-60.29886722559268, 0]
157	[-60.29886722559268, 0]
157	[-60.29886722559268, 0]
157	[-60.29886722559268, 0]
157	[-60.29886722559268, 0]
157	[-60.29886722559268, 0]
157	[-60.29886722559268, 0]
157	[-60.29886722559268, 0]
157	[-60.29886722559268, 0]
157	[-60.29886722559268, 0]
157	[-60.29886722559268, 0]
157	[-60.29886722559268, 0]
157	[-60.29886722559268, 0]
157	[-60.29886722559268, 0]
157	[-60.29886722559268, 0]
157	[-60.29886722559268, 0]
157	[-60.29886722559268, 0]
157	[-60.29886722559268, 0]
157	[-60.29886722559268, 0]
157	[-60.29886722559268, 0]
157	[-60.29886722559268, 0]
157	[-60.29886722559268, 0]
157	[-60.29886722559268, 0]
157	[-60.29886722559268, 0]
157	[-60.29886722559268, 0]
157	[-60.29886722559268, 0]
157	[-60.29886722559268, 0]
157	[-60.29886722559268, 0]
157	[-60.29886722559268, 0]
157	[-60.29886722559268, 0]
157	[-60.29886722559268, 0]
157	[-60.29886722559268, 0]
157	[-60.29886722559268, 0]
157	[-60.29886722559268, 0]
157	[-60.29886722559268, 0]
157	[-60.29886722559268, 0]
157	[-60.29886722559268, 0]
157	[-60.29886722559268, 0]
157	[-60.29886722559268, 0]
157	[-60.29886722559268, 0]
157	[-60.29886722559268, 0]
157	[-60.29886722559268, 0]
157	[-60.29886722559268, 0]
157	[-60.29886722559268, 0]
157	[-60.29886722559268, 0]
157	[-60.29886722559268, 0]
157	[-60.29886722559268, 0]
158	[-60.29886722559268, 0]
158	[-60.29886722559268, 0]
158	[-60.29886722559268, 0]
158	[-60.29886722559268, 0]
158	[-60.29886722559268, 0]
158	[-60.29886722559268, 0]
158	[-60.29886722559268, 0]
158	[-60.29886722559268, 0]
158	[-60.29886722559268, 0]
158	[-60.29886722559268, 0]
158	[-60.29886722559268, 0]
158	[-60.29886722559268, 0]
158	[-60.29886722559268, 0]
158	[-60.29886722559268, 0]
158	[-60.29886722559268, 0]
158	[-60.29886722559268, 0]
158	[-60.29886722559268, 0]
158	[-60.29886722559268, 0]
158	[-60.29886722559268, 0]
158	[-60.29886722559268, 0]
158	[-60.29886722559268, 0]
158	[-60.29886722559268, 0]
158	[-60.29886722559268, 0]
158	[-60.29886722559268, 0]
158	[-60.29886722559268, 0]
158	[-60.29886722559268, 0]
158	[-60.29886722559268, 0]
158	[-60.29886722559268, 0]
158	[-60.29886722559268, 0]
158	[-60.29886722559268, 0]
158	[-60.29886722559268, 0]
158	[-60.29886722559268, 0]
158	[-60.29886722559268, 0]
158	[-60.29886722559268, 0]
158	[-60.29886722559268, 0]
158	[-60.29886722559268, 0]
158	[-60.29886722559268, 0]
158	[-60.29886722559268, 0]
158	[-60.29886722559268, 0]
158	[-60.29886722559268, 0]
158	[-60.29886722559268, 0]
158	[-60.29886722559268, 0]
158	[-60.29886722559268, 0]
158	[-60.29886722559268, 0]
158	[-60.29886722559268, 0]
158	[-60.29886722559268, 0]
158	[-60.29886722559268, 0]
158	[-60.29886722559268, 0]
158	[-60.29886722559268, 0]
158	[-60.29886722559268, 0]
158	[-60.29886722559268, 0]
158	[-60.29886722559268, 0]
158	[-60.29886722559268, 0]
158	[-60.29886722559268, 0]
158	[-60.29886722559268, 0]
158	[-60.29886722559268, 0]
158	[-60.29886722559268, 0]
158	[-60.29886722559268, 0]
158	[-60.29886722559268, 0]
158	[-60.29886722559268, 0]
158	[-60.29886722559268, 0]
158	[-60.29886722559268, 0]
158	[-60.29886722559268, 0]
158	[-60.29886722559268, 0]
158	[-60.29886722559268, 0]
158	[-60.29886722559268, 0]
158	[-60.29886722559268, 0]
158	[-60.29886722559268, 0]
158	[-60.29886722559268, 0]
158	[-60.29886722559268, 0]
158	[-60.29886722559268, 0]
158	[-60.29886722559268, 0]
158	[-60.29886722559268, 0]
158	[-60.29886722559268, 0]
158	[-60.29886722559268, 0]
158	[-60.29886722559268, 0]
158	[-60.29886722559268, 0]
158	[-60.29886722559268, 0]
158	[-60.29886722559268, 0]
158	[-60.29886722559268, 0]
159	[-60.29886722559268, 0]
159	[-60.29886722559268, 0]
159	[-60.29886722559268, 0]
159	[-60.29886722559268, 0]
159	[-60.29886722559268, 0]
159	[-60.29886722559268, 0]
159	[-60.29886722559268, 0]
159	[-60.29886722559268, 0]
159	[-60.29886722559268, 0]
159	[-60.29886722559268, 0]
159	[-60.29886722559268, 0]
159	[-60.29886722559268, 0]
159	[-60.29886722559268, 0]
159	[-60.29886722559268, 0]
159	[-60.29886722559268, 0]
159	[-60.29886722559268, 0]
159	[-60.29886722559268, 0]
159	[-60.29886722559268, 0]
159	[-60.29886722559268, 0]
159	[-60.29886722559268, 0]
159	[-60.29886722559268, 0]
159	[-60.29886722559268, 0]
159	[-60.29886722559268, 0]
159	[-60.29886722559268, 0]
159	[-60.29886722559268, 0]
159	[-60.29886722559268, 0]
159	[-60.29886722559268, 0]
159	[-60.29886722559268, 0]
159	[-60.29886722559268, 0]
159	[-60.29886722559268, 0]
159	[-60.29886722559268, 0]
159	[-60.29886722559268, 0]
159	[-60.29886722559268, 0]
159	[-60.29886722559268, 0]
159	[-60.29886722559268, 0]
159	[-60.29886722559268, 0]
159	[-60.29886722559268, 0]
159	[-60.29886722559268, 0]
159	[-60.29886722559268, 0]
159	[-60.29886722559268, 0]
159	[-60.29886722559268, 0]
159	[-60.29886722559268, 0]
159	[-60.29886722559268, 0]
159	[-60.29886722559268, 0]
159	[-60.29886722559268, 0]
159	[-60.29886722559268, 0]
159	[-60.29886722559268, 0]
159	[-60.29886722559268, 0]
159	[-60.29886722559268, 0]
159	[-60.29886722559268, 0]
159	[-60.29886722559268, 0]
159	[-60.29886722559268, 0]
159	[-60.29886722559268, 0]
159	[-60.29886722559268, 0]
159	[-60.29886722559268, 0]
159	[-60.29886722559268, 0]
159	[-60.29886722559268, 0]
159	[-60.29886722559268, 0]
159	[-60.29886722559268, 0]
159	[-60.29886722559268, 0]
159	[-60.29886722559268, 0]
159	[-60.29886722559268, 0]
159	[-60.29886722559268, 0]
159	[-60.29886722559268, 0]
159	[-60.29886722559268, 0]
159	[-60.29886722559268, 0]
159	[-60.29886722559268, 0]
159	[-60.29886722559268, 0]
159	[-60.29886722559268, 0]
159	[-60.29886722559268, 0]
159	[-60.29886722559268, 0]
159	[-60.29886722559268, 0]
159	[-60.29886722559268, 0]
159	[-60.29886722559268, 0]
159	[-60.29886722559268, 0]
159	[-60.29886722559268, 0]
159	[-60.29886722559268, 0]
159	[-60.29886722559268, 0]
159	[-60.29886722559268, 0]
159	[-60.29886722559268, 0]
160	[-60.29886722559268, 0]
160	[-60.29886722559268, 0]
160	[-60.29886722559268, 0]
160	[-60.29886722559268, 0]
160	[-60.29886722559268, 0]
160	[-60.29886722559268, 0]
160	[-60.29886722559268, 0]
160	[-60.29886722559268, 0]
160	[-60.29886722559268, 0]
160	[-60.29886722559268, 0]
160	[-60.29886722559268, 0]
160	[-60.29886722559268, 0]
160	[-60.29886722559268, 0]
160	[-60.29886722559268, 0]
160	[-60.29886722559268, 0]
160	[-60.29886722559268, 0]
160	[-60.29886722559268, 0]
160	[-60.29886722559268, 0]
160	[-60.29886722559268, 0]
160	[-60.29886722559268, 0]
160	[-60.29886722559268, 0]
160	[-60.29886722559268, 0]
160	[-60.29886722559268, 0]
160	[-60.29886722559268, 0]
160	[-60.29886722559268, 0]
160	[-60.29886722559268, 0]
160	[-60.29886722559268, 0]
160	[-60.29886722559268, 0]
160	[-60.29886722559268, 0]
160	[-60.29886722559268, 0]
160	[-60.29886722559268, 0]
160	[-60.29886722559268, 0]
160	[-60.29886722559268, 0]
160	[-60.29886722559268, 0]
160	[-60.29886722559268, 0]
160	[-60.29886722559268, 0]
160	[-60.29886722559268, 0]
160	[-60.29886722559268, 0]
160	[-60.29886722559268, 0]
160	[-60.29886722559268, 0]
160	[-60.29886722559268, 0]
160	[-60.29886722559268, 0]
160	[-60.29886722559268, 0]
160	[-60.29886722559268, 0]
160	[-60.29886722559268, 0]
160	[-60.29886722559268, 0]
160	[-60.29886722559268, 0]
160	[-60.29886722559268, 0]
160	[-60.29886722559268, 0]
160	[-60.29886722559268, 0]
160	[-60.29886722559268, 0]
160	[-60.29886722559268, 0]
160	[-60.29886722559268, 0]
160	[-60.29886722559268, 0]
160	[-60.29886722559268, 0]
160	[-60.29886722559268, 0]
160	[-60.29886722559268, 0]
160	[-60.29886722559268, 0]
160	[-60.29886722559268, 0]
160	[-60.29886722559268, 0]
160	[-60.29886722559268, 0]
160	[-60.29886722559268, 0]
160	[-60.29886722559268, 0]
160	[-60.29886722559268, 0]
160	[-60.29886722559268, 0]
160	[-60.29886722559268, 0]
160	[-60.29886722559268, 0]
160	[-60.29886722559268, 0]
160	[-60.29886722559268, 0]
160	[-60.29886722559268, 0]
160	[-60.29886722559268, 0]
160	[-60.29886722559268, 0]
160	[-60.29886722559268, 0]
160	[-60.29886722559268, 0]
160	[-60.29886722559268, 0]
160	[-60.29886722559268, 0]
160	[-60.29886722559268, 0]
160	[-60.29886722559268, 0]
160	[-60.29886722559268, 0]
160	[-60.29886722559268, 0]
161	[-60.29886722559268, 0]
161	[-60.29886722559268, 0]
161	[-60.29886722559268, 0]
161	[-60.29886722559268, 0]
161	[-60.29886722559268, 0]
161	[-60.29886722559268, 0]
161	[-60.29886722559268, 0]
161	[-60.29886722559268, 0]
161	[-60.29886722559268, 0]
161	[-60.29886722559268, 0]
161	[-60.29886722559268, 0]
161	[-60.29886722559268, 0]
161	[-60.29886722559268, 0]
161	[-60.29886722559268, 0]
161	[-60.29886722559268, 0]
161	[-60.29886722559268, 0]
161	[-60.29886722559268, 0]
161	[-60.29886722559268, 0]
161	[-60.29886722559268, 0]
161	[-60.29886722559268, 0]
161	[-60.29886722559268, 0]
161	[-60.29886722559268, 0]
161	[-60.29886722559268, 0]
161	[-60.29886722559268, 0]
161	[-60.29886722559268, 0]
161	[-60.29886722559268, 0]
161	[-60.29886722559268, 0]
161	[-60.29886722559268, 0]
161	[-60.29886722559268, 0]
161	[-60.29886722559268, 0]
161	[-60.29886722559268, 0]
161	[-60.29886722559268, 0]
161	[-60.29886722559268, 0]
161	[-60.29886722559268, 0]
161	[-60.29886722559268, 0]
161	[-60.29886722559268, 0]
161	[-60.29886722559268, 0]
161	[-60.29886722559268, 0]
161	[-60.29886722559268, 0]
161	[-60.29886722559268, 0]
161	[-60.29886722559268, 0]
161	[-60.29886722559268, 0]
161	[-60.29886722559268, 0]
161	[-60.29886722559268, 0]
161	[-60.29886722559268, 0]
161	[-60.29886722559268, 0]
161	[-60.29886722559268, 0]
161	[-60.29886722559268, 0]
161	[-60.29886722559268, 0]
161	[-60.29886722559268, 0]
161	[-60.29886722559268, 0]
161	[-60.29886722559268, 0]
161	[-60.29886722559268, 0]
161	[-60.29886722559268, 0]
161	[-60.29886722559268, 0]
161	[-60.29886722559268, 0]
161	[-60.29886722559268, 0]
161	[-60.29886722559268, 0]
161	[-60.29886722559268, 0]
161	[-60.29886722559268, 0]
161	[-60.29886722559268, 0]
161	[-60.29886722559268, 0]
161	[-60.29886722559268, 0]
161	[-60.29886722559268, 0]
161	[-60.29886722559268, 0]
161	[-60.29886722559268, 0]
161	[-60.29886722559268, 0]
161	[-60.29886722559268, 0]
161	[-60.29886722559268, 0]
161	[-60.29886722559268, 0]
161	[-60.29886722559268, 0]
161	[-60.29886722559268, 0]
161	[-60.29886722559268, 0]
161	[-60.29886722559268, 0]
161	[-60.29886722559268, 0]
161	[-60.29886722559268, 0]
161	[-60.29886722559268, 0]
161	[-60.29886722559268, 0]
161	[-60.29886722559268, 0]
161	[-60.29886722559268, 0]
162	[-60.29886722559268, 0]
162	[-60.29886722559268, 0]
162	[-60.29886722559268, 0]
162	[-60.29886722559268, 0]
162	[-60.29886722559268, 0]
162	[-60.29886722559268, 0]
162	[-60.29886722559268, 0]
162	[-60.29886722559268, 0]
162	[-60.29886722559268, 0]
162	[-60.29886722559268, 0]
162	[-60.29886722559268, 0]
162	[-60.29886722559268, 0]
162	[-60.29886722559268, 0]
162	[-60.29886722559268, 0]
162	[-60.29886722559268, 0]
162	[-60.29886722559268, 0]
162	[-60.29886722559268, 0]
162	[-60.29886722559268, 0]
162	[-60.29886722559268, 0]
162	[-60.29886722559268, 0]
162	[-60.29886722559268, 0]
162	[-60.29886722559268, 0]
162	[-60.29886722559268, 0]
162	[-60.29886722559268, 0]
162	[-60.29886722559268, 0]
162	[-60.29886722559268, 0]
162	[-60.29886722559268, 0]
162	[-60.29886722559268, 0]
162	[-60.29886722559268, 0]
162	[-60.29886722559268, 0]
162	[-60.29886722559268, 0]
162	[-60.29886722559268, 0]
162	[-60.29886722559268, 0]
162	[-60.29886722559268, 0]
162	[-60.29886722559268, 0]
162	[-60.29886722559268, 0]
162	[-60.29886722559268, 0]
162	[-60.29886722559268, 0]
162	[-60.29886722559268, 0]
162	[-60.29886722559268, 0]
162	[-60.29886722559268, 0]
162	[-60.29886722559268, 0]
162	[-60.29886722559268, 0]
162	[-60.29886722559268, 0]
162	[-60.29886722559268, 0]
162	[-60.29886722559268, 0]
162	[-60.29886722559268, 0]
162	[-60.29886722559268, 0]
162	[-60.29886722559268, 0]
162	[-60.29886722559268, 0]
162	[-60.29886722559268, 0]
162	[-60.29886722559268, 0]
162	[-60.29886722559268, 0]
162	[-60.29886722559268, 0]
162	[-60.29886722559268, 0]
162	[-60.29886722559268, 0]
162	[-60.29886722559268, 0]
162	[-60.29886722559268, 0]
162	[-60.29886722559268, 0]
162	[-60.29886722559268, 0]
162	[-60.29886722559268, 0]
162	[-60.29886722559268, 0]
162	[-60.29886722559268, 0]
162	[-60.29886722559268, 0]
162	[-60.29886722559268, 0]
162	[-60.29886722559268, 0]
162	[-60.29886722559268, 0]
162	[-60.29886722559268, 0]
162	[-60.29886722559268, 0]
162	[-60.29886722559268, 0]
162	[-60.29886722559268, 0]
162	[-60.29886722559268, 0]
162	[-60.29886722559268, 0]
162	[-60.29886722559268, 0]
162	[-60.29886722559268, 0]
162	[-60.29886722559268, 0]
162	[-60.29886722559268, 0]
162	[-60.29886722559268, 0]
162	[-60.29886722559268, 0]
162	[-60.29886722559268, 0]
163	[-60.29886722559268, 0]
163	[-60.29886722559268, 0]
163	[-60.29886722559268, 0]
163	[-60.29886722559268, 0]
163	[-60.29886722559268, 0]
163	[-60.29886722559268, 0]
163	[-60.29886722559268, 0]
163	[-60.29886722559268, 0]
163	[-60.29886722559268, 0]
163	[-60.29886722559268, 0]
163	[-60.29886722559268, 0]
163	[-60.29886722559268, 0]
163	[-60.29886722559268, 0]
163	[-60.29886722559268, 0]
163	[-60.29886722559268, 0]
163	[-60.29886722559268, 0]
163	[-60.29886722559268, 0]
163	[-60.29886722559268, 0]
163	[-60.29886722559268, 0]
163	[-60.29886722559268, 0]
163	[-60.29886722559268, 0]
163	[-60.29886722559268, 0]
163	[-60.29886722559268, 0]
163	[-60.29886722559268, 0]
163	[-60.29886722559268, 0]
163	[-60.29886722559268, 0]
163	[-60.29886722559268, 0]
163	[-60.29886722559268, 0]
163	[-60.29886722559268, 0]
163	[-60.29886722559268, 0]
163	[-60.29886722559268, 0]
163	[-60.29886722559268, 0]
163	[-60.29886722559268, 0]
163	[-60.29886722559268, 0]
163	[-60.29886722559268, 0]
163	[-60.29886722559268, 0]
163	[-60.29886722559268, 0]
163	[-60.29886722559268, 0]
163	[-60.29886722559268, 0]
163	[-60.29886722559268, 0]
163	[-60.29886722559268, 0]
163	[-60.29886722559268, 0]
163	[-60.29886722559268, 0]
163	[-60.29886722559268, 0]
163	[-60.29886722559268, 0]
163	[-60.29886722559268, 0]
163	[-60.29886722559268, 0]
163	[-60.29886722559268, 0]
163	[-60.29886722559268, 0]
163	[-60.29886722559268, 0]
163	[-60.29886722559268, 0]
163	[-60.29886722559268, 0]
163	[-60.29886722559268, 0]
163	[-60.29886722559268, 0]
163	[-60.29886722559268, 0]
163	[-60.29886722559268, 0]
163	[-60.29886722559268, 0]
163	[-60.29886722559268, 0]
163	[-60.29886722559268, 0]
163	[-60.29886722559268, 0]
163	[-60.29886722559268, 0]
163	[-60.29886722559268, 0]
163	[-60.29886722559268, 0]
163	[-60.29886722559268, 0]
163	[-60.29886722559268, 0]
163	[-60.29886722559268, 0]
163	[-60.29886722559268, 0]
163	[-60.29886722559268, 0]
163	[-60.29886722559268, 0]
163	[-60.29886722559268, 0]
163	[-60.29886722559268, 0]
163	[-60.29886722559268, 0]
163	[-60.29886722559268, 0]
163	[-60.29886722559268, 0]
163	[-60.29886722559268, 0]
163	[-60.29886722559268, 0]
163	[-60.29886722559268, 0]
163	[-60.29886722559268, 0]
163	[-60.29886722559268, 0]
163	[-60.29886722559268, 0]
164	[-60.29886722559268, 0]
164	[-60.29886722559268, 0]
164	[-60.29886722559268, 0]
164	[-60.29886722559268, 0]
164	[-60.29886722559268, 0]
164	[-60.29886722559268, 0]
164	[-60.29886722559268, 0]
164	[-60.29886722559268, 0]
164	[-60.29886722559268, 0]
164	[-60.29886722559268, 0]
164	[-60.29886722559268, 0]
164	[-60.29886722559268, 0]
164	[-60.29886722559268, 0]
164	[-60.29886722559268, 0]
164	[-60.29886722559268, 0]
164	[-60.29886722559268, 0]
164	[-60.29886722559268, 0]
164	[-60.29886722559268, 0]
164	[-60.29886722559268, 0]
164	[-60.29886722559268, 0]
164	[-60.29886722559268, 0]
164	[-60.29886722559268, 0]
164	[-60.29886722559268, 0]
164	[-60.29886722559268, 0]
164	[-60.29886722559268, 0]
164	[-60.29886722559268, 0]
164	[-60.29886722559268, 0]
164	[-60.29886722559268, 0]
164	[-60.29886722559268, 0]
164	[-60.29886722559268, 0]
164	[-60.29886722559268, 0]
164	[-60.29886722559268, 0]
164	[-60.29886722559268, 0]
164	[-60.29886722559268, 0]
164	[-60.29886722559268, 0]
164	[-60.29886722559268, 0]
164	[-60.29886722559268, 0]
164	[-60.29886722559268, 0]
164	[-60.29886722559268, 0]
164	[-60.29886722559268, 0]
164	[-60.29886722559268, 0]
164	[-60.29886722559268, 0]
164	[-60.29886722559268, 0]
164	[-60.29886722559268, 0]
164	[-60.29886722559268, 0]
164	[-60.29886722559268, 0]
164	[-60.29886722559268, 0]
164	[-60.29886722559268, 0]
164	[-60.29886722559268, 0]
164	[-60.29886722559268, 0]
164	[-60.29886722559268, 0]
164	[-60.29886722559268, 0]
164	[-60.29886722559268, 0]
164	[-60.29886722559268, 0]
164	[-60.29886722559268, 0]
164	[-60.29886722559268, 0]
164	[-60.29886722559268, 0]
164	[-60.29886722559268, 0]
164	[-60.29886722559268, 0]
164	[-60.29886722559268, 0]
164	[-60.29886722559268, 0]
164	[-60.29886722559268, 0]
164	[-60.29886722559268, 0]
164	[-60.29886722559268, 0]
164	[-60.29886722559268, 0]
164	[-60.29886722559268, 0]
164	[-60.29886722559268, 0]
164	[-60.29886722559268, 0]
164	[-60.29886722559268, 0]
164	[-60.29886722559268, 0]
164	[-60.29886722559268, 0]
164	[-60.29886722559268, 0]
164	[-60.29886722559268, 0]
164	[-60.29886722559268, 0]
164	[-60.29886722559268, 0]
164	[-60.29886722559268, 0]
164	[-60.29886722559268, 0]
164	[-60.29886722559268, 0]
164	[-60.29886722559268, 0]
164	[-60.29886722559268, 0]
165	[-60.29481107071636, 0]
166	[-60.29481107071636, 0]
166	[-60.29481107071636, 0]
167	[-60.29481107071636, 0]
167	[-60.29481107071636, 0]
168	[-60.29481107071636, 0]
168	[-60.29481107071636, 0]
168	[-60.29481107071636, 0]
168	[-60.29481107071636, 0]
168	[-60.29481107071636, 0]
169	[-60.29481107071636, 0]
169	[-60.29481107071636, 0]
169	[-60.29481107071636, 0]
169	[-60.29481107071636, 0]
169	[-60.29481107071636, 0]
169	[-60.29481107071636, 0]
170	[-60.29481107071636, 0]
170	[-60.29481107071636, 0]
170	[-60.29481107071636, 0]
170	[-60.29481107071636, 0]
170	[-60.29481107071636, 0]
170	[-60.29481107071636, 0]
170	[-60.29481107071636, 0]
170	[-60.29481107071636, 0]
170	[-60.29481107071636, 0]
170	[-60.29481107071636, 0]
171	[-60.29481107071636, 0]
171	[-60.29481107071636, 0]
171	[-60.29481107071636, 0]
171	[-60.29481107071636, 0]
171	[-60.29481107071636, 0]
171	[-60.29481107071636, 0]
171	[-60.29481107071636, 0]
171	[-60.29481107071636, 0]
171	[-60.29481107071636, 0]
171	[-60.29481107071636, 0]
171	[-60.29481107071636, 0]
171	[-60.29481107071636, 0]
171	[-60.29481107071636, 0]
171	[-60.29481107071636, 0]
171	[-60.29481107071636, 0]
171	[-60.29481107071636, 0]
171	[-60.29481107071636, 0]
171	[-60.29481107071636, 0]
171	[-60.29481107071636, 0]
172	[-60.29481107071636, 0]
172	[-60.29481107071636, 0]
172	[-60.29481107071636, 0]
172	[-60.29481107071636, 0]
172	[-60.29481107071636, 0]
172	[-60.29481107071636, 0]
172	[-60.29481107071636, 0]
172	[-60.29481107071636, 0]
172	[-60.29481107071636, 0]
172	[-60.29481107071636, 0]
172	[-60.29481107071636, 0]
172	[-60.29481107071636, 0]
172	[-60.29481107071636, 0]
172	[-60.29481107071636, 0]
172	[-60.29481107071636, 0]
172	[-60.29481107071636, 0]
172	[-60.29481107071636, 0]
172	[-60.29481107071636, 0]
172	[-60.29481107071636, 0]
172	[-60.29481107071636, 0]
172	[-60.29481107071636, 0]
172	[-60.29481107071636, 0]
172	[-60.29481107071636, 0]
172	[-60.29481107071636, 0]
172	[-60.29481107071636, 0]
172	[-60.29481107071636, 0]
172	[-60.29481107071636, 0]
172	[-60.29481107071636, 0]
172	[-60.29481107071636, 0]
172	[-60.29481107071636, 0]
172	[-60.29481107071636, 0]
172	[-60.29481107071636, 0]
172	[-60.29481107071636, 0]
172	[-60.29481107071636, 0]
173	[-60.29481107071636, 0]
173	[-60.29481107071636, 0]
173	[-60.29481107071636, 0]
173	[-60.29481107071636, 0]
173	[-60.29481107071636, 0]
173	[-60.29481107071636, 0]
173	[-60.29481107071636, 0]
173	[-60.29481107071636, 0]
173	[-60.29481107071636, 0]
173	[-60.29481107071636, 0]
173	[-60.29481107071636, 0]
173	[-60.29481107071636, 0]
173	[-60.29481107071636, 0]
173	[-60.29481107071636, 0]
173	[-60.29481107071636, 0]
173	[-60.29481107071636, 0]
173	[-60.29481107071636, 0]
173	[-60.29481107071636, 0]
173	[-60.29481107071636, 0]
173	[-60.29481107071636, 0]
173	[-60.29481107071636, 0]
173	[-60.29481107071636, 0]
173	[-60.29481107071636, 0]
173	[-60.29481107071636, 0]
173	[-60.29481107071636, 0]
173	[-60.29481107071636, 0]
173	[-60.29481107071636, 0]
173	[-60.29481107071636, 0]
173	[-60.29481107071636, 0]
173	[-60.29481107071636, 0]
173	[-60.29481107071636, 0]
173	[-60.29481107071636, 0]
173	[-60.29481107071636, 0]
173	[-60.29481107071636, 0]
173	[-60.29481107071636, 0]
173	[-60.29481107071636, 0]
173	[-60.29481107071636, 0]
173	[-60.29481107071636, 0]
173	[-60.29481107071636, 0]
173	[-60.29481107071636, 0]
173	[-60.29481107071636, 0]
173	[-60.29481107071636, 0]
173	[-60.29481107071636, 0]
173	[-60.29481107071636, 0]
173	[-60.29481107071636, 0]
173	[-60.29481107071636, 0]
173	[-60.29481107071636, 0]
173	[-60.29481107071636, 0]
173	[-60.29481107071636, 0]
173	[-60.29481107071636, 0]
174	[-60.29481107071636, 0]
174	[-60.29481107071636, 0]
174	[-60.29481107071636, 0]
174	[-60.29481107071636, 0]
174	[-60.29481107071636, 0]
174	[-60.29481107071636, 0]
174	[-60.29481107071636, 0]
174	[-60.29481107071636, 0]
174	[-60.29481107071636, 0]
174	[-60.29481107071636, 0]
174	[-60.29481107071636, 0]
174	[-60.29481107071636, 0]
174	[-60.29481107071636, 0]
174	[-60.29481107071636, 0]
174	[-60.29481107071636, 0]
174	[-60.29481107071636, 0]
174	[-60.29481107071636, 0]
174	[-60.29481107071636, 0]
174	[-60.29481107071636, 0]
174	[-60.29481107071636, 0]
174	[-60.29481107071636, 0]
174	[-60.29481107071636, 0]
174	[-60.29481107071636, 0]
174	[-60.29481107071636, 0]
174	[-60.29481107071636, 0]
174	[-60.29481107071636, 0]
174	[-60.29481107071636, 0]
174	[-60.29481107071636, 0]
174	[-60.29481107071636, 0]
174	[-60.29481107071636, 0]
174	[-60.29481107071636, 0]
174	[-60.29481107071636, 0]
174	[-60.29481107071636, 0]
174	[-60.29481107071636, 0]
174	[-60.29481107071636, 0]
174	[-60.29481107071636, 0]
174	[-60.29481107071636, 0]
174	[-60.29481107071636, 0]
174	[-60.29481107071636, 0]
174	[-60.29481107071636, 0]
174	[-60.29481107071636, 0]
174	[-60.29481107071636, 0]
174	[-60.29481107071636, 0]
174	[-60.29481107071636, 0]
174	[-60.29481107071636, 0]
174	[-60.29481107071636, 0]
174	[-60.29481107071636, 0]
174	[-60.29481107071636, 0]
174	[-60.29481107071636, 0]
174	[-60.29481107071636, 0]
174	[-60.29481107071636, 0]
174	[-60.29481107071636, 0]
174	[-60.29481107071636, 0]
174	[-60.29481107071636, 0]
174	[-60.29481107071636, 0]
174	[-60.29481107071636, 0]
174	[-60.29481107071636, 0]
174	[-60.29481107071636, 0]
174	[-60.29481107071636, 0]
174	[-60.29481107071636, 0]
174	[-60.29481107071636, 0]
175	[-60.29481107071636, 0]
175	[-60.29481107071636, 0]
175	[-60.29481107071636, 0]
175	[-60.29481107071636, 0]
175	[-60.29481107071636, 0]
175	[-60.29481107071636, 0]
175	[-60.29481107071636, 0]
175	[-60.29481107071636, 0]
175	[-60.29481107071636, 0]
175	[-60.29481107071636, 0]
175	[-60.29481107071636, 0]
175	[-60.29481107071636, 0]
175	[-60.29481107071636, 0]
175	[-60.29481107071636, 0]
175	[-60.29481107071636, 0]
175	[-60.29481107071636, 0]
175	[-60.29481107071636, 0]
175	[-60.29481107071636, 0]
175	[-60.29481107071636, 0]
175	[-60.29481107071636, 0]
175	[-60.29481107071636, 0]
175	[-60.29481107071636, 0]
175	[-60.29481107071636, 0]
175	[-60.29481107071636, 0]
175	[-60.29481107071636, 0]
175	[-60.29481107071636, 0]
175	[-60.29481107071636, 0]
175	[-60.29481107071636, 0]
175	[-60.29481107071636, 0]
175	[-60.29481107071636, 0]
175	[-60.29481107071636, 0]
175	[-60.29481107071636, 0]
175	[-60.29481107071636, 0]
175	[-60.29481107071636, 0]
175	[-60.29481107071636, 0]
175	[-60.29481107071636, 0]
175	[-60.29481107071636, 0]
175	[-60.29481107071636, 0]
175	[-60.29481107071636, 0]
175	[-60.29481107071636, 0]
175	[-60.29481107071636, 0]
175	[-60.29481107071636, 0]
175	[-60.29481107071636, 0]
175	[-60.29481107071636, 0]
175	[-60.29481107071636, 0]
175	[-60.29481107071636, 0]
175	[-60.29481107071636, 0]
175	[-60.29481107071636, 0]
175	[-60.29481107071636, 0]
175	[-60.29481107071636, 0]
175	[-60.29481107071636, 0]
175	[-60.29481107071636, 0]
175	[-60.29481107071636, 0]
175	[-60.29481107071636, 0]
175	[-60.29481107071636, 0]
175	[-60.29481107071636, 0]
175	[-60.29481107071636, 0]
175	[-60.29481107071636, 0]
175	[-60.29481107071636, 0]
175	[-60.29481107071636, 0]
175	[-60.29481107071636, 0]
175	[-60.29481107071636, 0]
175	[-60.29481107071636, 0]
175	[-60.29481107071636, 0]
175	[-60.29481107071636, 0]
175	[-60.29481107071636, 0]
175	[-60.29481107071636, 0]
175	[-60.29481107071636, 0]
175	[-60.29481107071636, 0]
175	[-60.29481107071636, 0]
175	[-60.29481107071636, 0]
175	[-60.29481107071636, 0]
175	[-60.29481107071636, 0]
175	[-60.29481107071636, 0]
175	[-60.29481107071636, 0]
175	[-60.29481107071636, 0]
176	[-60.29481107071636, 0]
176	[-60.29481107071636, 0]
176	[-60.29481107071636, 0]
176	[-60.29481107071636, 0]
176	[-60.29481107071636, 0]
176	[-60.29481107071636, 0]
176	[-60.29481107071636, 0]
176	[-60.29481107071636, 0]
176	[-60.29481107071636, 0]
176	[-60.29481107071636, 0]
176	[-60.29481107071636, 0]
176	[-60.29481107071636, 0]
176	[-60.29481107071636, 0]
176	[-60.29481107071636, 0]
176	[-60.29481107071636, 0]
176	[-60.29481107071636, 0]
176	[-60.29481107071636, 0]
176	[-60.29481107071636, 0]
176	[-60.29481107071636, 0]
176	[-60.29481107071636, 0]
176	[-60.29481107071636, 0]
176	[-60.29481107071636, 0]
176	[-60.29481107071636, 0]
176	[-60.29481107071636, 0]
176	[-60.29481107071636, 0]
176	[-60.29481107071636, 0]
176	[-60.29481107071636, 0]
176	[-60.29481107071636, 0]
176	[-60.29481107071636, 0]
176	[-60.29481107071636, 0]
176	[-60.29481107071636, 0]
176	[-60.29481107071636, 0]
176	[-60.29481107071636, 0]
176	[-60.29481107071636, 0]
176	[-60.29481107071636, 0]
176	[-60.29481107071636, 0]
176	[-60.29481107071636, 0]
176	[-60.29481107071636, 0]
176	[-60.29481107071636, 0]
176	[-60.29481107071636, 0]
176	[-60.29481107071636, 0]
176	[-60.29481107071636, 0]
176	[-60.29481107071636, 0]
176	[-60.29481107071636, 0]
176	[-60.29481107071636, 0]
176	[-60.29481107071636, 0]
176	[-60.29481107071636, 0]
176	[-60.29481107071636, 0]
176	[-60.29481107071636, 0]
176	[-60.29481107071636, 0]
176	[-60.29481107071636, 0]
176	[-60.29481107071636, 0]
176	[-60.29481107071636, 0]
176	[-60.29481107071636, 0]
176	[-60.29481107071636, 0]
176	[-60.29481107071636, 0]
176	[-60.29481107071636, 0]
176	[-60.29481107071636, 0]
176	[-60.29481107071636, 0]
176	[-60.29481107071636, 0]
176	[-60.29481107071636, 0]
176	[-60.29481107071636, 0]
176	[-60.29481107071636, 0]
176	[-60.29481107071636, 0]
176	[-60.29481107071636, 0]
176	[-60.29481107071636, 0]
176	[-60.29481107071636, 0]
176	[-60.29481107071636, 0]
176	[-60.29481107071636, 0]
176	[-60.29481107071636, 0]
176	[-60.29481107071636, 0]
176	[-60.29481107071636, 0]
176	[-60.29481107071636, 0]
176	[-60.29481107071636, 0]
176	[-60.29481107071636, 0]
176	[-60.29481107071636, 0]
176	[-60.29481107071636, 0]
176	[-60.29481107071636, 0]
176	[-60.29481107071636, 0]
176	[-60.29481107071636, 0]
177	[-60.29481107071636, 0]
177	[-60.29481107071636, 0]
177	[-60.29481107071636, 0]
177	[-60.29481107071636, 0]
177	[-60.29481107071636, 0]
177	[-60.29481107071636, 0]
177	[-60.29481107071636, 0]
177	[-60.29481107071636, 0]
177	[-60.29481107071636, 0]
177	[-60.29481107071636, 0]
177	[-60.29481107071636, 0]
177	[-60.29481107071636, 0]
177	[-60.29481107071636, 0]
177	[-60.29481107071636, 0]
177	[-60.29481107071636, 0]
177	[-60.29481107071636, 0]
177	[-60.29481107071636, 0]
177	[-60.29481107071636, 0]
177	[-60.29481107071636, 0]
177	[-60.29481107071636, 0]
177	[-60.29481107071636, 0]
177	[-60.29481107071636, 0]
177	[-60.29481107071636, 0]
177	[-60.29481107071636, 0]
177	[-60.29481107071636, 0]
177	[-60.29481107071636, 0]
177	[-60.29481107071636, 0]
177	[-60.29481107071636, 0]
177	[-60.29481107071636, 0]
177	[-60.29481107071636, 0]
177	[-60.29481107071636, 0]
177	[-60.29481107071636, 0]
177	[-60.29481107071636, 0]
177	[-60.29481107071636, 0]
177	[-60.29481107071636, 0]
177	[-60.29481107071636, 0]
177	[-60.29481107071636, 0]
177	[-60.29481107071636, 0]
177	[-60.29481107071636, 0]
177	[-60.29481107071636, 0]
177	[-60.29481107071636, 0]
177	[-60.29481107071636, 0]
177	[-60.29481107071636, 0]
177	[-60.29481107071636, 0]
177	[-60.29481107071636, 0]
177	[-60.29481107071636, 0]
177	[-60.29481107071636, 0]
177	[-60.29481107071636, 0]
177	[-60.29481107071636, 0]
177	[-60.29481107071636, 0]
177	[-60.29481107071636, 0]
177	[-60.29481107071636, 0]
177	[-60.29481107071636, 0]
177	[-60.29481107071636, 0]
177	[-60.29481107071636, 0]
177	[-60.29481107071636, 0]
177	[-60.29481107071636, 0]
177	[-60.29481107071636, 0]
177	[-60.29481107071636, 0]
177	[-60.29481107071636, 0]
177	[-60.29481107071636, 0]
177	[-60.29481107071636, 0]
177	[-60.29481107071636, 0]
177	[-60.29481107071636, 0]
177	[-60.29481107071636, 0]
177	[-60.29481107071636, 0]
177	[-60.29481107071636, 0]
177	[-60.29481107071636, 0]
177	[-60.29481107071636, 0]
177	[-60.29481107071636, 0]
177	[-60.29481107071636, 0]
177	[-60.29481107071636, 0]
177	[-60.29481107071636, 0]
177	[-60.29481107071636, 0]
177	[-60.29481107071636, 0]
177	[-60.29481107071636, 0]
177	[-60.29481107071636, 0]
177	[-60.29481107071636, 0]
177	[-60.29481107071636, 0]
177	[-60.29481107071636, 0]
178	[-60.29481107071636, 0]
178	[-60.29481107071636, 0]
178	[-60.29481107071636, 0]
178	[-60.29481107071636, 0]
178	[-60.29481107071636, 0]
178	[-60.29481107071636, 0]
178	[-60.29481107071636, 0]
178	[-60.29481107071636, 0]
178	[-60.29481107071636, 0]
178	[-60.29481107071636, 0]
178	[-60.29481107071636, 0]
178	[-60.29481107071636, 0]
178	[-60.29481107071636, 0]
178	[-60.29481107071636, 0]
178	[-60.29481107071636, 0]
178	[-60.29481107071636, 0]
178	[-60.29481107071636, 0]
178	[-60.29481107071636, 0]
178	[-60.29481107071636, 0]
178	[-60.29481107071636, 0]
178	[-60.29481107071636, 0]
178	[-60.29481107071636, 0]
178	[-60.29481107071636, 0]
178	[-60.29481107071636, 0]
178	[-60.29481107071636, 0]
178	[-60.29481107071636, 0]
178	[-60.29481107071636, 0]
178	[-60.29481107071636, 0]
178	[-60.29481107071636, 0]
178	[-60.29481107071636, 0]
178	[-60.29481107071636, 0]
178	[-60.29481107071636, 0]
178	[-60.29481107071636, 0]
178	[-60.29481107071636, 0]
178	[-60.29481107071636, 0]
178	[-60.29481107071636, 0]
178	[-60.29481107071636, 0]
178	[-60.29481107071636, 0]
178	[-60.29481107071636, 0]
178	[-60.29481107071636, 0]
178	[-60.29481107071636, 0]
178	[-60.29481107071636, 0]
178	[-60.29481107071636, 0]
178	[-60.29481107071636, 0]
178	[-60.29481107071636, 0]
178	[-60.29481107071636, 0]
178	[-60.29481107071636, 0]
178	[-60.29481107071636, 0]
178	[-60.29481107071636, 0]
178	[-60.29481107071636, 0]
178	[-60.29481107071636, 0]
178	[-60.29481107071636, 0]
178	[-60.29481107071636, 0]
178	[-60.29481107071636, 0]
178	[-60.29481107071636, 0]
178	[-60.29481107071636, 0]
178	[-60.29481107071636, 0]
178	[-60.29481107071636, 0]
178	[-60.29481107071636, 0]
178	[-60.29481107071636, 0]
178	[-60.29481107071636, 0]
178	[-60.29481107071636, 0]
178	[-60.29481107071636, 0]
178	[-60.29481107071636, 0]
178	[-60.29481107071636, 0]
178	[-60.29481107071636, 0]
178	[-60.29481107071636, 0]
178	[-60.29481107071636, 0]
178	[-60.29481107071636, 0]
178	[-60.29481107071636, 0]
178	[-60.29481107071636, 0]
178	[-60.29481107071636, 0]
178	[-60.29481107071636, 0]
178	[-60.29481107071636, 0]
178	[-60.29481107071636, 0]
178	[-60.29481107071636, 0]
178	[-60.29481107071636, 0]
178	[-60.29481107071636, 0]
178	[-60.29481107071636, 0]
178	[-60.29481107071636, 0]
179	[-60.29481107071636, 0]
179	[-60.29481107071636, 0]
179	[-60.29481107071636, 0]
179	[-60.29481107071636, 0]
179	[-60.29481107071636, 0]
179	[-60.29481107071636, 0]
179	[-60.29481107071636, 0]
179	[-60.29481107071636, 0]
179	[-60.29481107071636, 0]
179	[-60.29481107071636, 0]
179	[-60.29481107071636, 0]
179	[-60.29481107071636, 0]
179	[-60.29481107071636, 0]
179	[-60.29481107071636, 0]
179	[-60.29481107071636, 0]
179	[-60.29481107071636, 0]
179	[-60.29481107071636, 0]
179	[-60.29481107071636, 0]
179	[-60.29481107071636, 0]
179	[-60.29481107071636, 0]
179	[-60.29481107071636, 0]
179	[-60.29481107071636, 0]
179	[-60.29481107071636, 0]
179	[-60.29481107071636, 0]
179	[-60.29481107071636, 0]
179	[-60.29481107071636, 0]
179	[-60.29481107071636, 0]
179	[-60.29481107071636, 0]
179	[-60.29481107071636, 0]
179	[-60.29481107071636, 0]
179	[-60.29481107071636, 0]
179	[-60.29481107071636, 0]
179	[-60.29481107071636, 0]
179	[-60.29481107071636, 0]
179	[-60.29481107071636, 0]
179	[-60.29481107071636, 0]
179	[-60.29481107071636, 0]
179	[-60.29481107071636, 0]
179	[-60.29481107071636, 0]
179	[-60.29481107071636, 0]
179	[-60.29481107071636, 0]
179	[-60.29481107071636, 0]
179	[-60.29481107071636, 0]
179	[-60.29481107071636, 0]
179	[-60.29481107071636, 0]
179	[-60.29481107071636, 0]
179	[-60.29481107071636, 0]
179	[-60.29481107071636, 0]
179	[-60.29481107071636, 0]
179	[-60.29481107071636, 0]
179	[-60.29481107071636, 0]
179	[-60.29481107071636, 0]
179	[-60.29481107071636, 0]
179	[-60.29481107071636, 0]
179	[-60.29481107071636, 0]
179	[-60.29481107071636, 0]
179	[-60.29481107071636, 0]
179	[-60.29481107071636, 0]
179	[-60.29481107071636, 0]
179	[-60.29481107071636, 0]
179	[-60.29481107071636, 0]
179	[-60.29481107071636, 0]
179	[-60.29481107071636, 0]
179	[-60.29481107071636, 0]
179	[-60.29481107071636, 0]
179	[-60.29481107071636, 0]
179	[-60.29481107071636, 0]
179	[-60.29481107071636, 0]
179	[-60.29481107071636, 0]
179	[-60.29481107071636, 0]
179	[-60.29481107071636, 0]
179	[-60.29481107071636, 0]
179	[-60.29481107071636, 0]
179	[-60.29481107071636, 0]
179	[-60.29481107071636, 0]
179	[-60.29481107071636, 0]
179	[-60.29481107071636, 0]
179	[-60.29481107071636, 0]
179	[-60.29481107071636, 0]
179	[-60.29481107071636, 0]
180	[-60.29481107071636, 0]
180	[-60.29481107071636, 0]
180	[-60.29481107071636, 0]
180	[-60.29481107071636, 0]
180	[-60.29481107071636, 0]
180	[-60.29481107071636, 0]
180	[-60.29481107071636, 0]
180	[-60.29481107071636, 0]
180	[-60.29481107071636, 0]
180	[-60.29481107071636, 0]
180	[-60.29481107071636, 0]
180	[-60.29481107071636, 0]
180	[-60.29481107071636, 0]
180	[-60.29481107071636, 0]
180	[-60.29481107071636, 0]
180	[-60.29481107071636, 0]
180	[-60.29481107071636, 0]
180	[-60.29481107071636, 0]
180	[-60.29481107071636, 0]
180	[-60.29481107071636, 0]
180	[-60.29481107071636, 0]
180	[-60.29481107071636, 0]
180	[-60.29481107071636, 0]
180	[-60.29481107071636, 0]
180	[-60.29481107071636, 0]
180	[-60.29481107071636, 0]
180	[-60.29481107071636, 0]
180	[-60.29481107071636, 0]
180	[-60.29481107071636, 0]
180	[-60.29481107071636, 0]
180	[-60.29481107071636, 0]
180	[-60.29481107071636, 0]
180	[-60.29481107071636, 0]
180	[-60.29481107071636, 0]
180	[-60.29481107071636, 0]
180	[-60.29481107071636, 0]
180	[-60.29481107071636, 0]
180	[-60.29481107071636, 0]
180	[-60.29481107071636, 0]
180	[-60.29481107071636, 0]
180	[-60.29481107071636, 0]
180	[-60.29481107071636, 0]
180	[-60.29481107071636, 0]
180	[-60.29481107071636, 0]
180	[-60.29481107071636, 0]
180	[-60.29481107071636, 0]
180	[-60.29481107071636, 0]
180	[-60.29481107071636, 0]
180	[-60.29481107071636, 0]
180	[-60.29481107071636, 0]
180	[-60.29481107071636, 0]
180	[-60.29481107071636, 0]
180	[-60.29481107071636, 0]
180	[-60.29481107071636, 0]
180	[-60.29481107071636, 0]
180	[-60.29481107071636, 0]
180	[-60.29481107071636, 0]
180	[-60.29481107071636, 0]
180	[-60.29481107071636, 0]
180	[-60.29481107071636, 0]
180	[-60.29481107071636, 0]
180	[-60.29481107071636, 0]
180	[-60.29481107071636, 0]
180	[-60.29481107071636, 0]
180	[-60.29481107071636, 0]
180	[-60.29481107071636, 0]
180	[-60.29481107071636, 0]
180	[-60.29481107071636, 0]
180	[-60.29481107071636, 0]
180	[-60.29481107071636, 0]
180	[-60.29481107071636, 0]
180	[-60.29481107071636, 0]
180	[-60.29481107071636, 0]
180	[-60.29481107071636, 0]
180	[-60.29481107071636, 0]
180	[-60.29481107071636, 0]
180	[-60.29481107071636, 0]
180	[-60.29481107071636, 0]
180	[-60.29481107071636, 0]
180	[-60.29481107071636, 0]
181	[-60.29481107071636, 0]
181	[-60.29481107071636, 0]
181	[-60.29481107071636, 0]
181	[-60.29481107071636, 0]
181	[-60.29481107071636, 0]
181	[-60.29481107071636, 0]
181	[-60.29481107071636, 0]
181	[-60.29481107071636, 0]
181	[-60.29481107071636, 0]
181	[-60.29481107071636, 0]
181	[-60.29481107071636, 0]
181	[-60.29481107071636, 0]
181	[-60.29481107071636, 0]
181	[-60.29481107071636, 0]
181	[-60.29481107071636, 0]
181	[-60.29481107071636, 0]
181	[-60.29481107071636, 0]
181	[-60.29481107071636, 0]
181	[-60.29481107071636, 0]
181	[-60.29481107071636, 0]
181	[-60.29481107071636, 0]
181	[-60.29481107071636, 0]
181	[-60.29481107071636, 0]
181	[-60.29481107071636, 0]
181	[-60.29481107071636, 0]
181	[-60.29481107071636, 0]
181	[-60.29481107071636, 0]
181	[-60.29481107071636, 0]
181	[-60.29481107071636, 0]
181	[-60.29481107071636, 0]
181	[-60.29481107071636, 0]
181	[-60.29481107071636, 0]
181	[-60.29481107071636, 0]
181	[-60.29481107071636, 0]
181	[-60.29481107071636, 0]
181	[-60.29481107071636, 0]
181	[-60.29481107071636, 0]
181	[-60.29481107071636, 0]
181	[-60.29481107071636, 0]
181	[-60.29481107071636, 0]
181	[-60.29481107071636, 0]
181	[-60.29481107071636, 0]
181	[-60.29481107071636, 0]
181	[-60.29481107071636, 0]
181	[-60.29481107071636, 0]
181	[-60.29481107071636, 0]
181	[-60.29481107071636, 0]
181	[-60.29481107071636, 0]
181	[-60.29481107071636, 0]
181	[-60.29481107071636, 0]
181	[-60.29481107071636, 0]
181	[-60.29481107071636, 0]
181	[-60.29481107071636, 0]
181	[-60.29481107071636, 0]
181	[-60.29481107071636, 0]
181	[-60.29481107071636, 0]
181	[-60.29481107071636, 0]
181	[-60.29481107071636, 0]
181	[-60.29481107071636, 0]
181	[-60.29481107071636, 0]
181	[-60.29481107071636, 0]
181	[-60.29481107071636, 0]
181	[-60.29481107071636, 0]
181	[-60.29481107071636, 0]
181	[-60.29481107071636, 0]
181	[-60.29481107071636, 0]
181	[-60.29481107071636, 0]
181	[-60.29481107071636, 0]
181	[-60.29481107071636, 0]
181	[-60.29481107071636, 0]
181	[-60.29481107071636, 0]
181	[-60.29481107071636, 0]
181	[-60.29481107071636, 0]
181	[-60.29481107071636, 0]
181	[-60.29481107071636, 0]
181	[-60.29481107071636, 0]
181	[-60.29481107071636, 0]
181	[-60.29481107071636, 0]
181	[-60.29481107071636, 0]
181	[-60.29481107071636, 0]
182	[-60.29481107071636, 0]
182	[-60.29481107071636, 0]
182	[-60.29481107071636, 0]
182	[-60.29481107071636, 0]
182	[-60.29481107071636, 0]
182	[-60.29481107071636, 0]
182	[-60.29481107071636, 0]
182	[-60.29481107071636, 0]
182	[-60.29481107071636, 0]
182	[-60.29481107071636, 0]
182	[-60.29481107071636, 0]
182	[-60.29481107071636, 0]
182	[-60.29481107071636, 0]
182	[-60.29481107071636, 0]
182	[-60.29481107071636, 0]
182	[-60.29481107071636, 0]
182	[-60.29481107071636, 0]
182	[-60.29481107071636, 0]
182	[-60.29481107071636, 0]
182	[-60.29481107071636, 0]
182	[-60.29481107071636, 0]
182	[-60.29481107071636, 0]
182	[-60.29481107071636, 0]
182	[-60.29481107071636, 0]
182	[-60.29481107071636, 0]
182	[-60.29481107071636, 0]
182	[-60.29481107071636, 0]
182	[-60.29481107071636, 0]
182	[-60.29481107071636, 0]
182	[-60.29481107071636, 0]
182	[-60.29481107071636, 0]
182	[-60.29481107071636, 0]
182	[-60.29481107071636, 0]
182	[-60.29481107071636, 0]
182	[-60.29481107071636, 0]
182	[-60.29481107071636, 0]
182	[-60.29481107071636, 0]
182	[-60.29481107071636, 0]
182	[-60.29481107071636, 0]
182	[-60.29481107071636, 0]
182	[-60.29481107071636, 0]
182	[-60.29481107071636, 0]
182	[-60.29481107071636, 0]
182	[-60.29481107071636, 0]
182	[-60.29481107071636, 0]
182	[-60.29481107071636, 0]
182	[-60.29481107071636, 0]
182	[-60.29481107071636, 0]
182	[-60.29481107071636, 0]
182	[-60.29481107071636, 0]
182	[-60.29481107071636, 0]
182	[-60.29481107071636, 0]
182	[-60.29481107071636, 0]
182	[-60.29481107071636, 0]
182	[-60.29481107071636, 0]
182	[-60.29481107071636, 0]
182	[-60.29481107071636, 0]
182	[-60.29481107071636, 0]
182	[-60.29481107071636, 0]
182	[-60.29481107071636, 0]
182	[-60.29481107071636, 0]
182	[-60.29481107071636, 0]
182	[-60.29481107071636, 0]
182	[-60.29481107071636, 0]
182	[-60.29481107071636, 0]
182	[-60.29481107071636, 0]
182	[-60.29481107071636, 0]
182	[-60.29481107071636, 0]
182	[-60.29481107071636, 0]
182	[-60.29481107071636, 0]
182	[-60.29481107071636, 0]
182	[-60.29481107071636, 0]
182	[-60.29481107071636, 0]
182	[-60.29481107071636, 0]
182	[-60.29481107071636, 0]
182	[-60.29481107071636, 0]
182	[-60.29481107071636, 0]
182	[-60.29481107071636, 0]
182	[-60.29481107071636, 0]
182	[-60.29481107071636, 0]
183	[-60.29481107071636, 0]
183	[-60.29481107071636, 0]
183	[-60.29481107071636, 0]
183	[-60.29481107071636, 0]
183	[-60.29481107071636, 0]
183	[-60.29481107071636, 0]
183	[-60.29481107071636, 0]
183	[-60.29481107071636, 0]
183	[-60.29481107071636, 0]
183	[-60.29481107071636, 0]
183	[-60.29481107071636, 0]
183	[-60.29481107071636, 0]
183	[-60.29481107071636, 0]
183	[-60.29481107071636, 0]
183	[-60.29481107071636, 0]
183	[-60.29481107071636, 0]
183	[-60.29481107071636, 0]
183	[-60.29481107071636, 0]
183	[-60.29481107071636, 0]
183	[-60.29481107071636, 0]
183	[-60.29481107071636, 0]
183	[-60.29481107071636, 0]
183	[-60.29481107071636, 0]
183	[-60.29481107071636, 0]
183	[-60.29481107071636, 0]
183	[-60.29481107071636, 0]
183	[-60.29481107071636, 0]
183	[-60.29481107071636, 0]
183	[-60.29481107071636, 0]
183	[-60.29481107071636, 0]
183	[-60.29481107071636, 0]
183	[-60.29481107071636, 0]
183	[-60.29481107071636, 0]
183	[-60.29481107071636, 0]
183	[-60.29481107071636, 0]
183	[-60.29481107071636, 0]
183	[-60.29481107071636, 0]
183	[-60.29481107071636, 0]
183	[-60.29481107071636, 0]
183	[-60.29481107071636, 0]
183	[-60.29481107071636, 0]
183	[-60.29481107071636, 0]
183	[-60.29481107071636, 0]
183	[-60.29481107071636, 0]
183	[-60.29481107071636, 0]
183	[-60.29481107071636, 0]
183	[-60.29481107071636, 0]
183	[-60.29481107071636, 0]
183	[-60.29481107071636, 0]
183	[-60.29481107071636, 0]
183	[-60.29481107071636, 0]
183	[-60.29481107071636, 0]
183	[-60.29481107071636, 0]
183	[-60.29481107071636, 0]
183	[-60.29481107071636, 0]
183	[-60.29481107071636, 0]
183	[-60.29481107071636, 0]
183	[-60.29481107071636, 0]
183	[-60.29481107071636, 0]
183	[-60.29481107071636, 0]
183	[-60.29481107071636, 0]
183	[-60.29481107071636, 0]
183	[-60.29481107071636, 0]
183	[-60.29481107071636, 0]
183	[-60.29481107071636, 0]
183	[-60.29481107071636, 0]
183	[-60.29481107071636, 0]
183	[-60.29481107071636, 0]
183	[-60.29481107071636, 0]
183	[-60.29481107071636, 0]
183	[-60.29481107071636, 0]
183	[-60.29481107071636, 0]
183	[-60.29481107071636, 0]
183	[-60.29481107071636, 0]
183	[-60.29481107071636, 0]
183	[-60.29481107071636, 0]
183	[-60.29481107071636, 0]
183	[-60.29481107071636, 0]
183	[-60.29481107071636, 0]
183	[-60.29481107071636, 0]
184	[-60.29481107071636, 0]
184	[-60.29481107071636, 0]
184	[-60.29481107071636, 0]
184	[-60.29481107071636, 0]
184	[-60.29481107071636, 0]
184	[-60.29481107071636, 0]
184	[-60.29481107071636, 0]
184	[-60.29481107071636, 0]
184	[-60.29481107071636, 0]
184	[-60.29481107071636, 0]
184	[-60.29481107071636, 0]
184	[-60.29481107071636, 0]
184	[-60.29481107071636, 0]
184	[-60.29481107071636, 0]
184	[-60.29481107071636, 0]
184	[-60.29481107071636, 0]
184	[-60.29481107071636, 0]
184	[-60.29481107071636, 0]
184	[-60.29481107071636, 0]
184	[-60.29481107071636, 0]
184	[-60.29481107071636, 0]
184	[-60.29481107071636, 0]
184	[-60.29481107071636, 0]
184	[-60.29481107071636, 0]
184	[-60.29481107071636, 0]
184	[-60.29481107071636, 0]
184	[-60.29481107071636, 0]
184	[-60.29481107071636, 0]
184	[-60.29481107071636, 0]
184	[-60.29481107071636, 0]
184	[-60.29481107071636, 0]
184	[-60.29481107071636, 0]
184	[-60.29481107071636, 0]
184	[-60.29481107071636, 0]
184	[-60.29481107071636, 0]
184	[-60.29481107071636, 0]
184	[-60.29481107071636, 0]
184	[-60.29481107071636, 0]
184	[-60.29481107071636, 0]
184	[-60.29481107071636, 0]
184	[-60.29481107071636, 0]
184	[-60.29481107071636, 0]
184	[-60.29481107071636, 0]
184	[-60.29481107071636, 0]
184	[-60.29481107071636, 0]
184	[-60.29481107071636, 0]
184	[-60.29481107071636, 0]
184	[-60.29481107071636, 0]
184	[-60.29481107071636, 0]
184	[-60.29481107071636, 0]
184	[-60.29481107071636, 0]
184	[-60.29481107071636, 0]
184	[-60.29481107071636, 0]
184	[-60.29481107071636, 0]
184	[-60.29481107071636, 0]
184	[-60.29481107071636, 0]
184	[-60.29481107071636, 0]
184	[-60.29481107071636, 0]
184	[-60.29481107071636, 0]
184	[-60.29481107071636, 0]
184	[-60.29481107071636, 0]
184	[-60.29481107071636, 0]
184	[-60.29481107071636, 0]
184	[-60.29481107071636, 0]
184	[-60.29481107071636, 0]
184	[-60.29481107071636, 0]
184	[-60.29481107071636, 0]
184	[-60.29481107071636, 0]
184	[-60.29481107071636, 0]
184	[-60.29481107071636, 0]
184	[-60.29481107071636, 0]
184	[-60.29481107071636, 0]
184	[-60.29481107071636, 0]
184	[-60.29481107071636, 0]
184	[-60.29481107071636, 0]
184	[-60.29481107071636, 0]
184	[-60.29481107071636, 0]
184	[-60.29481107071636, 0]
184	[-60.29481107071636, 0]
184	[-60.29481107071636, 0]
185	[-60.29481107071636, 0]
185	[-60.29481107071636, 0]
185	[-60.29481107071636, 0]
185	[-60.29481107071636, 0]
185	[-60.29481107071636, 0]
185	[-60.29481107071636, 0]
185	[-60.29481107071636, 0]
185	[-60.29481107071636, 0]
185	[-60.29481107071636, 0]
185	[-60.29481107071636, 0]
185	[-60.29481107071636, 0]
185	[-60.29481107071636, 0]
185	[-60.29481107071636, 0]
185	[-60.29481107071636, 0]
185	[-60.29481107071636, 0]
185	[-60.29481107071636, 0]
185	[-60.29481107071636, 0]
185	[-60.29481107071636, 0]
185	[-60.29481107071636, 0]
185	[-60.29481107071636, 0]
185	[-60.29481107071636, 0]
185	[-60.29481107071636, 0]
185	[-60.29481107071636, 0]
185	[-60.29481107071636, 0]
185	[-60.29481107071636, 0]
185	[-60.29481107071636, 0]
185	[-60.29481107071636, 0]
185	[-60.29481107071636, 0]
185	[-60.29481107071636, 0]
185	[-60.29481107071636, 0]
185	[-60.29481107071636, 0]
185	[-60.29481107071636, 0]
185	[-60.29481107071636, 0]
185	[-60.29481107071636, 0]
185	[-60.29481107071636, 0]
185	[-60.29481107071636, 0]
185	[-60.29481107071636, 0]
185	[-60.29481107071636, 0]
185	[-60.29481107071636, 0]
185	[-60.29481107071636, 0]
185	[-60.29481107071636, 0]
185	[-60.29481107071636, 0]
185	[-60.29481107071636, 0]
185	[-60.29481107071636, 0]
185	[-60.29481107071636, 0]
185	[-60.29481107071636, 0]
185	[-60.29481107071636, 0]
185	[-60.29481107071636, 0]
185	[-60.29481107071636, 0]
185	[-60.29481107071636, 0]
185	[-60.29481107071636, 0]
185	[-60.29481107071636, 0]
185	[-60.29481107071636, 0]
185	[-60.29481107071636, 0]
185	[-60.29481107071636, 0]
185	[-60.29481107071636, 0]
185	[-60.29481107071636, 0]
185	[-60.29481107071636, 0]
185	[-60.29481107071636, 0]
185	[-60.29481107071636, 0]
185	[-60.29481107071636, 0]
185	[-60.29481107071636, 0]
185	[-60.29481107071636, 0]
185	[-60.29481107071636, 0]
185	[-60.29481107071636, 0]
185	[-60.29481107071636, 0]
185	[-60.29481107071636, 0]
185	[-60.29481107071636, 0]
185	[-60.29481107071636, 0]
185	[-60.29481107071636, 0]
185	[-60.29481107071636, 0]
185	[-60.29481107071636, 0]
185	[-60.29481107071636, 0]
185	[-60.29481107071636, 0]
185	[-60.29481107071636, 0]
185	[-60.29481107071636, 0]
185	[-60.29481107071636, 0]
185	[-60.29481107071636, 0]
185	[-60.29481107071636, 0]
185	[-60.29481107071636, 0]
186	[-58.851720566202026, 0]
187	[-58.851720566202026, 0]
188	[-58.78995647699356, 0]
189	[-58.78995647699356, 0]
190	[-58.78995647699356, 0]
191	[-58.78995647699356, 0]
191	[-58.78995647699356, 0]
192	[-58.78995647699356, 0]
192	[-58.78995647699356, 0]
192	[-58.78995647699356, 0]
193	[-58.78995647699356, 0]
193	[-58.78995647699356, 0]
193	[-58.78995647699356, 0]
193	[-58.78995647699356, 0]
193	[-58.78995647699356, 0]
193	[-58.78995647699356, 0]
194	[-58.58892611240375, 0]
195	[-58.58892611240375, 0]
196	[-58.58892611240375, 0]
196	[-58.58892611240375, 0]
197	[-58.41173505293516, 0]
198	[-58.41173505293516, 0]
199	[-58.41173505293516, 0]
200	[-58.41173505293516, 0]
200	[-58.41173505293516, 0]
201	[-58.41173505293516, 0]
201	[-58.41173505293516, 0]
201	[-58.41173505293516, 0]
201	[-58.41173505293516, 0]
201	[-58.41173505293516, 0]
202	[-58.41173505293516, 0]
202	[-58.41173505293516, 0]
202	[-58.41173505293516, 0]
202	[-58.41173505293516, 0]
202	[-58.41173505293516, 0]
202	[-58.41173505293516, 0]
202	[-58.41173505293516, 0]
202	[-58.41173505293516, 0]
202	[-58.41173505293516, 0]
203	[-58.41173505293516, 0]
203	[-58.41173505293516, 0]
203	[-58.41173505293516, 0]
203	[-58.41173505293516, 0]
203	[-58.41173505293516, 0]
203	[-58.41173505293516, 0]
203	[-58.41173505293516, 0]
203	[-58.41173505293516, 0]
203	[-58.41173505293516, 0]
203	[-58.41173505293516, 0]
203	[-58.41173505293516, 0]
203	[-58.41173505293516, 0]
203	[-58.41173505293516, 0]
203	[-58.41173505293516, 0]
203	[-58.41173505293516, 0]
204	[-58.41173505293516, 0]
204	[-58.41173505293516, 0]
204	[-58.41173505293516, 0]
204	[-58.41173505293516, 0]
204	[-58.41173505293516, 0]
204	[-58.41173505293516, 0]
204	[-58.41173505293516, 0]
204	[-58.41173505293516, 0]
204	[-58.41173505293516, 0]
204	[-58.41173505293516, 0]
204	[-58.41173505293516, 0]
204	[-58.41173505293516, 0]
204	[-58.41173505293516, 0]
204	[-58.41173505293516, 0]
204	[-58.41173505293516, 0]
204	[-58.41173505293516, 0]
204	[-58.41173505293516, 0]
204	[-58.41173505293516, 0]
204	[-58.41173505293516, 0]
204	[-58.41173505293516, 0]
204	[-58.41173505293516, 0]
204	[-58.41173505293516, 0]
204	[-58.41173505293516, 0]
205	[-58.41173505293516, 0]
205	[-58.41173505293516, 0]
205	[-58.41173505293516, 0]
205	[-58.41173505293516, 0]
205	[-58.41173505293516, 0]
205	[-58.41173505293516, 0]
205	[-58.41173505293516, 0]
205	[-58.41173505293516, 0]
205	[-58.41173505293516, 0]
205	[-58.41173505293516, 0]
205	[-58.41173505293516, 0]
205	[-58.41173505293516, 0]
205	[-58.41173505293516, 0]
205	[-58.41173505293516, 0]
205	[-58.41173505293516, 0]
205	[-58.41173505293516, 0]
205	[-58.41173505293516, 0]
205	[-58.41173505293516, 0]
205	[-58.41173505293516, 0]
205	[-58.41173505293516, 0]
205	[-58.41173505293516, 0]
205	[-58.41173505293516, 0]
205	[-58.41173505293516, 0]
205	[-58.41173505293516, 0]
205	[-58.41173505293516, 0]
205	[-58.41173505293516, 0]
205	[-58.41173505293516, 0]
205	[-58.41173505293516, 0]
205	[-58.41173505293516, 0]
205	[-58.41173505293516, 0]
205	[-58.41173505293516, 0]
205	[-58.41173505293516, 0]
205	[-58.41173505293516, 0]
205	[-58.41173505293516, 0]
205	[-58.41173505293516, 0]
206	[-58.41173505293516, 0]
206	[-58.41173505293516, 0]
206	[-58.41173505293516, 0]
206	[-58.41173505293516, 0]
206	[-58.41173505293516, 0]
206	[-58.41173505293516, 0]
206	[-58.41173505293516, 0]
206	[-58.41173505293516, 0]
206	[-58.41173505293516, 0]
206	[-58.41173505293516, 0]
206	[-58.41173505293516, 0]
206	[-58.41173505293516, 0]
206	[-58.41173505293516, 0]
206	[-58.41173505293516, 0]
206	[-58.41173505293516, 0]
206	[-58.41173505293516, 0]
206	[-58.41173505293516, 0]
206	[-58.41173505293516, 0]
206	[-58.41173505293516, 0]
206	[-58.41173505293516, 0]
206	[-58.41173505293516, 0]
206	[-58.41173505293516, 0]
206	[-58.41173505293516, 0]
206	[-58.41173505293516, 0]
206	[-58.41173505293516, 0]
206	[-58.41173505293516, 0]
206	[-58.41173505293516, 0]
206	[-58.41173505293516, 0]
206	[-58.41173505293516, 0]
206	[-58.41173505293516, 0]
206	[-58.41173505293516, 0]
206	[-58.41173505293516, 0]
206	[-58.41173505293516, 0]
206	[-58.41173505293516, 0]
206	[-58.41173505293516, 0]
206	[-58.41173505293516, 0]
206	[-58.41173505293516, 0]
206	[-58.41173505293516, 0]
206	[-58.41173505293516, 0]
206	[-58.41173505293516, 0]
206	[-58.41173505293516, 0]
206	[-58.41173505293516, 0]
206	[-58.41173505293516, 0]
206	[-58.41173505293516, 0]
206	[-58.41173505293516, 0]
206	[-58.41173505293516, 0]
206	[-58.41173505293516, 0]
206	[-58.41173505293516, 0]
207	[-58.41173505293516, 0]
207	[-58.41173505293516, 0]
207	[-58.41173505293516, 0]
207	[-58.41173505293516, 0]
207	[-58.41173505293516, 0]
207	[-58.41173505293516, 0]
207	[-58.41173505293516, 0]
207	[-58.41173505293516, 0]
207	[-58.41173505293516, 0]
207	[-58.41173505293516, 0]
207	[-58.41173505293516, 0]
207	[-58.41173505293516, 0]
207	[-58.41173505293516, 0]
207	[-58.41173505293516, 0]
207	[-58.41173505293516, 0]
207	[-58.41173505293516, 0]
207	[-58.41173505293516, 0]
207	[-58.41173505293516, 0]
207	[-58.41173505293516, 0]
207	[-58.41173505293516, 0]
207	[-58.41173505293516, 0]
207	[-58.41173505293516, 0]
207	[-58.41173505293516, 0]
207	[-58.41173505293516, 0]
207	[-58.41173505293516, 0]
207	[-58.41173505293516, 0]
207	[-58.41173505293516, 0]
207	[-58.41173505293516, 0]
207	[-58.41173505293516, 0]
207	[-58.41173505293516, 0]
207	[-58.41173505293516, 0]
207	[-58.41173505293516, 0]
207	[-58.41173505293516, 0]
207	[-58.41173505293516, 0]
207	[-58.41173505293516, 0]
207	[-58.41173505293516, 0]
207	[-58.41173505293516, 0]
207	[-58.41173505293516, 0]
207	[-58.41173505293516, 0]
207	[-58.41173505293516, 0]
207	[-58.41173505293516, 0]
207	[-58.41173505293516, 0]
207	[-58.41173505293516, 0]
207	[-58.41173505293516, 0]
207	[-58.41173505293516, 0]
207	[-58.41173505293516, 0]
207	[-58.41173505293516, 0]
207	[-58.41173505293516, 0]
207	[-58.41173505293516, 0]
207	[-58.41173505293516, 0]
207	[-58.41173505293516, 0]
207	[-58.41173505293516, 0]
207	[-58.41173505293516, 0]
207	[-58.41173505293516, 0]
207	[-58.41173505293516, 0]
207	[-58.41173505293516, 0]
207	[-58.41173505293516, 0]
207	[-58.41173505293516, 0]
207	[-58.41173505293516, 0]
207	[-58.41173505293516, 0]
208	[-58.41173505293516, 0]
208	[-58.41173505293516, 0]
208	[-58.41173505293516, 0]
208	[-58.41173505293516, 0]
208	[-58.41173505293516, 0]
208	[-58.41173505293516, 0]
208	[-58.41173505293516, 0]
208	[-58.41173505293516, 0]
208	[-58.41173505293516, 0]
208	[-58.41173505293516, 0]
208	[-58.41173505293516, 0]
208	[-58.41173505293516, 0]
208	[-58.41173505293516, 0]
208	[-58.41173505293516, 0]
208	[-58.41173505293516, 0]
208	[-58.41173505293516, 0]
208	[-58.41173505293516, 0]
208	[-58.41173505293516, 0]
208	[-58.41173505293516, 0]
208	[-58.41173505293516, 0]
208	[-58.41173505293516, 0]
208	[-58.41173505293516, 0]
208	[-58.41173505293516, 0]
208	[-58.41173505293516, 0]
208	[-58.41173505293516, 0]
208	[-58.41173505293516, 0]
208	[-58.41173505293516, 0]
208	[-58.41173505293516, 0]
208	[-58.41173505293516, 0]
208	[-58.41173505293516, 0]
208	[-58.41173505293516, 0]
208	[-58.41173505293516, 0]
208	[-58.41173505293516, 0]
208	[-58.41173505293516, 0]
208	[-58.41173505293516, 0]
208	[-58.41173505293516, 0]
208	[-58.41173505293516, 0]
208	[-58.41173505293516, 0]
208	[-58.41173505293516, 0]
208	[-58.41173505293516, 0]
208	[-58.41173505293516, 0]
208	[-58.41173505293516, 0]
208	[-58.41173505293516, 0]
208	[-58.41173505293516, 0]
208	[-58.41173505293516, 0]
208	[-58.41173505293516, 0]
208	[-58.41173505293516, 0]
208	[-58.41173505293516, 0]
208	[-58.41173505293516, 0]
208	[-58.41173505293516, 0]
208	[-58.41173505293516, 0]
208	[-58.41173505293516, 0]
208	[-58.41173505293516, 0]
208	[-58.41173505293516, 0]
208	[-58.41173505293516, 0]
208	[-58.41173505293516, 0]
208	[-58.41173505293516, 0]
208	[-58.41173505293516, 0]
208	[-58.41173505293516, 0]
208	[-58.41173505293516, 0]
208	[-58.41173505293516, 0]
208	[-58.41173505293516, 0]
208	[-58.41173505293516, 0]
208	[-58.41173505293516, 0]
208	[-58.41173505293516, 0]
208	[-58.41173505293516, 0]
208	[-58.41173505293516, 0]
208	[-58.41173505293516, 0]
208	[-58.41173505293516, 0]
209	[-58.41173505293516, 0]
209	[-58.41173505293516, 0]
209	[-58.41173505293516, 0]
209	[-58.41173505293516, 0]
209	[-58.41173505293516, 0]
209	[-58.41173505293516, 0]
209	[-58.41173505293516, 0]
209	[-58.41173505293516, 0]
209	[-58.41173505293516, 0]
209	[-58.41173505293516, 0]
209	[-58.41173505293516, 0]
209	[-58.41173505293516, 0]
209	[-58.41173505293516, 0]
209	[-58.41173505293516, 0]
209	[-58.41173505293516, 0]
209	[-58.41173505293516, 0]
209	[-58.41173505293516, 0]
209	[-58.41173505293516, 0]
209	[-58.41173505293516, 0]
209	[-58.41173505293516, 0]
209	[-58.41173505293516, 0]
209	[-58.41173505293516, 0]
209	[-58.41173505293516, 0]
209	[-58.41173505293516, 0]
209	[-58.41173505293516, 0]
209	[-58.41173505293516, 0]
209	[-58.41173505293516, 0]
209	[-58.41173505293516, 0]
209	[-58.41173505293516, 0]
209	[-58.41173505293516, 0]
209	[-58.41173505293516, 0]
209	[-58.41173505293516, 0]
209	[-58.41173505293516, 0]
209	[-58.41173505293516, 0]
209	[-58.41173505293516, 0]
209	[-58.41173505293516, 0]
209	[-58.41173505293516, 0]
209	[-58.41173505293516, 0]
209	[-58.41173505293516, 0]
209	[-58.41173505293516, 0]
209	[-58.41173505293516, 0]
209	[-58.41173505293516, 0]
209	[-58.41173505293516, 0]
209	[-58.41173505293516, 0]
209	[-58.41173505293516, 0]
209	[-58.41173505293516, 0]
209	[-58.41173505293516, 0]
209	[-58.41173505293516, 0]
209	[-58.41173505293516, 0]
209	[-58.41173505293516, 0]
209	[-58.41173505293516, 0]
209	[-58.41173505293516, 0]
209	[-58.41173505293516, 0]
209	[-58.41173505293516, 0]
209	[-58.41173505293516, 0]
209	[-58.41173505293516, 0]
209	[-58.41173505293516, 0]
209	[-58.41173505293516, 0]
209	[-58.41173505293516, 0]
209	[-58.41173505293516, 0]
209	[-58.41173505293516, 0]
209	[-58.41173505293516, 0]
209	[-58.41173505293516, 0]
209	[-58.41173505293516, 0]
209	[-58.41173505293516, 0]
209	[-58.41173505293516, 0]
209	[-58.41173505293516, 0]
209	[-58.41173505293516, 0]
209	[-58.41173505293516, 0]
209	[-58.41173505293516, 0]
209	[-58.41173505293516, 0]
209	[-58.41173505293516, 0]
209	[-58.41173505293516, 0]
209	[-58.41173505293516, 0]
209	[-58.41173505293516, 0]
209	[-58.41173505293516, 0]
209	[-58.41173505293516, 0]
209	[-58.41173505293516, 0]
209	[-58.41173505293516, 0]
209	[-58.41173505293516, 0]
210	[-58.41173505293516, 0]
210	[-58.41173505293516, 0]
210	[-58.41173505293516, 0]
210	[-58.41173505293516, 0]
210	[-58.41173505293516, 0]
210	[-58.41173505293516, 0]
210	[-58.41173505293516, 0]
210	[-58.41173505293516, 0]
210	[-58.41173505293516, 0]
210	[-58.41173505293516, 0]
210	[-58.41173505293516, 0]
210	[-58.41173505293516, 0]
210	[-58.41173505293516, 0]
210	[-58.41173505293516, 0]
210	[-58.41173505293516, 0]
210	[-58.41173505293516, 0]
210	[-58.41173505293516, 0]
210	[-58.41173505293516, 0]
210	[-58.41173505293516, 0]
210	[-58.41173505293516, 0]
210	[-58.41173505293516, 0]
210	[-58.41173505293516, 0]
210	[-58.41173505293516, 0]
210	[-58.41173505293516, 0]
210	[-58.41173505293516, 0]
210	[-58.41173505293516, 0]
210	[-58.41173505293516, 0]
210	[-58.41173505293516, 0]
210	[-58.41173505293516, 0]
210	[-58.41173505293516, 0]
210	[-58.41173505293516, 0]
210	[-58.41173505293516, 0]
210	[-58.41173505293516, 0]
210	[-58.41173505293516, 0]
210	[-58.41173505293516, 0]
210	[-58.41173505293516, 0]
210	[-58.41173505293516, 0]
210	[-58.41173505293516, 0]
210	[-58.41173505293516, 0]
210	[-58.41173505293516, 0]
210	[-58.41173505293516, 0]
210	[-58.41173505293516, 0]
210	[-58.41173505293516, 0]
210	[-58.41173505293516, 0]
210	[-58.41173505293516, 0]
210	[-58.41173505293516, 0]
210	[-58.41173505293516, 0]
210	[-58.41173505293516, 0]
210	[-58.41173505293516, 0]
210	[-58.41173505293516, 0]
210	[-58.41173505293516, 0]
210	[-58.41173505293516, 0]
210	[-58.41173505293516, 0]
210	[-58.41173505293516, 0]
210	[-58.41173505293516, 0]
210	[-58.41173505293516, 0]
210	[-58.41173505293516, 0]
210	[-58.41173505293516, 0]
210	[-58.41173505293516, 0]
210	[-58.41173505293516, 0]
210	[-58.41173505293516, 0]
210	[-58.41173505293516, 0]
210	[-58.41173505293516, 0]
210	[-58.41173505293516, 0]
210	[-58.41173505293516, 0]
210	[-58.41173505293516, 0]
210	[-58.41173505293516, 0]
210	[-58.41173505293516, 0]
210	[-58.41173505293516, 0]
210	[-58.41173505293516, 0]
210	[-58.41173505293516, 0]
210	[-58.41173505293516, 0]
210	[-58.41173505293516, 0]
210	[-58.41173505293516, 0]
210	[-58.41173505293516, 0]
210	[-58.41173505293516, 0]
210	[-58.41173505293516, 0]
210	[-58.41173505293516, 0]
210	[-58.41173505293516, 0]
210	[-58.41173505293516, 0]
211	[-58.41173505293516, 0]
211	[-58.41173505293516, 0]
211	[-58.41173505293516, 0]
211	[-58.41173505293516, 0]
211	[-58.41173505293516, 0]
211	[-58.41173505293516, 0]
211	[-58.41173505293516, 0]
211	[-58.41173505293516, 0]
211	[-58.41173505293516, 0]
211	[-58.41173505293516, 0]
211	[-58.41173505293516, 0]
211	[-58.41173505293516, 0]
211	[-58.41173505293516, 0]
211	[-58.41173505293516, 0]
211	[-58.41173505293516, 0]
211	[-58.41173505293516, 0]
211	[-58.41173505293516, 0]
211	[-58.41173505293516, 0]
211	[-58.41173505293516, 0]
211	[-58.41173505293516, 0]
211	[-58.41173505293516, 0]
211	[-58.41173505293516, 0]
211	[-58.41173505293516, 0]
211	[-58.41173505293516, 0]
211	[-58.41173505293516, 0]
211	[-58.41173505293516, 0]
211	[-58.41173505293516, 0]
211	[-58.41173505293516, 0]
211	[-58.41173505293516, 0]
211	[-58.41173505293516, 0]
211	[-58.41173505293516, 0]
211	[-58.41173505293516, 0]
211	[-58.41173505293516, 0]
211	[-58.41173505293516, 0]
211	[-58.41173505293516, 0]
211	[-58.41173505293516, 0]
211	[-58.41173505293516, 0]
211	[-58.41173505293516, 0]
211	[-58.41173505293516, 0]
211	[-58.41173505293516, 0]
211	[-58.41173505293516, 0]
211	[-58.41173505293516, 0]
211	[-58.41173505293516, 0]
211	[-58.41173505293516, 0]
211	[-58.41173505293516, 0]
211	[-58.41173505293516, 0]
211	[-58.41173505293516, 0]
211	[-58.41173505293516, 0]
211	[-58.41173505293516, 0]
211	[-58.41173505293516, 0]
211	[-58.41173505293516, 0]
211	[-58.41173505293516, 0]
211	[-58.41173505293516, 0]
211	[-58.41173505293516, 0]
211	[-58.41173505293516, 0]
211	[-58.41173505293516, 0]
211	[-58.41173505293516, 0]
211	[-58.41173505293516, 0]
211	[-58.41173505293516, 0]
211	[-58.41173505293516, 0]
211	[-58.41173505293516, 0]
211	[-58.41173505293516, 0]
211	[-58.41173505293516, 0]
211	[-58.41173505293516, 0]
211	[-58.41173505293516, 0]
211	[-58.41173505293516, 0]
211	[-58.41173505293516, 0]
211	[-58.41173505293516, 0]
211	[-58.41173505293516, 0]
211	[-58.41173505293516, 0]
211	[-58.41173505293516, 0]
211	[-58.41173505293516, 0]
211	[-58.41173505293516, 0]
211	[-58.41173505293516, 0]
211	[-58.41173505293516, 0]
211	[-58.41173505293516, 0]
211	[-58.41173505293516, 0]
211	[-58.41173505293516, 0]
211	[-58.41173505293516, 0]
211	[-58.41173505293516, 0]
212	[-58.41173505293516, 0]
212	[-58.41173505293516, 0]
212	[-58.41173505293516, 0]
212	[-58.41173505293516, 0]
212	[-58.41173505293516, 0]
212	[-58.41173505293516, 0]
212	[-58.41173505293516, 0]
212	[-58.41173505293516, 0]
212	[-58.41173505293516, 0]
212	[-58.41173505293516, 0]
212	[-58.41173505293516, 0]
212	[-58.41173505293516, 0]
212	[-58.41173505293516, 0]
212	[-58.41173505293516, 0]
212	[-58.41173505293516, 0]
212	[-58.41173505293516, 0]
212	[-58.41173505293516, 0]
212	[-58.41173505293516, 0]
212	[-58.41173505293516, 0]
212	[-58.41173505293516, 0]
212	[-58.41173505293516, 0]
212	[-58.41173505293516, 0]
212	[-58.41173505293516, 0]
212	[-58.41173505293516, 0]
212	[-58.41173505293516, 0]
212	[-58.41173505293516, 0]
212	[-58.41173505293516, 0]
212	[-58.41173505293516, 0]
212	[-58.41173505293516, 0]
212	[-58.41173505293516, 0]
212	[-58.41173505293516, 0]
212	[-58.41173505293516, 0]
212	[-58.41173505293516, 0]
212	[-58.41173505293516, 0]
212	[-58.41173505293516, 0]
212	[-58.41173505293516, 0]
212	[-58.41173505293516, 0]
212	[-58.41173505293516, 0]
212	[-58.41173505293516, 0]
212	[-58.41173505293516, 0]
212	[-58.41173505293516, 0]
212	[-58.41173505293516, 0]
212	[-58.41173505293516, 0]
212	[-58.41173505293516, 0]
212	[-58.41173505293516, 0]
212	[-58.41173505293516, 0]
212	[-58.41173505293516, 0]
212	[-58.41173505293516, 0]
212	[-58.41173505293516, 0]
212	[-58.41173505293516, 0]
212	[-58.41173505293516, 0]
212	[-58.41173505293516, 0]
212	[-58.41173505293516, 0]
212	[-58.41173505293516, 0]
212	[-58.41173505293516, 0]
212	[-58.41173505293516, 0]
212	[-58.41173505293516, 0]
212	[-58.41173505293516, 0]
212	[-58.41173505293516, 0]
212	[-58.41173505293516, 0]
212	[-58.41173505293516, 0]
212	[-58.41173505293516, 0]
212	[-58.41173505293516, 0]
212	[-58.41173505293516, 0]
212	[-58.41173505293516, 0]
212	[-58.41173505293516, 0]
212	[-58.41173505293516, 0]
212	[-58.41173505293516, 0]
212	[-58.41173505293516, 0]
212	[-58.41173505293516, 0]
212	[-58.41173505293516, 0]
212	[-58.41173505293516, 0]
212	[-58.41173505293516, 0]
212	[-58.41173505293516, 0]
212	[-58.41173505293516, 0]
212	[-58.41173505293516, 0]
212	[-58.41173505293516, 0]
212	[-58.41173505293516, 0]
212	[-58.41173505293516, 0]
212	[-58.41173505293516, 0]
213	[-58.41173505293516, 0]
213	[-58.41173505293516, 0]
213	[-58.41173505293516, 0]
213	[-58.41173505293516, 0]
213	[-58.41173505293516, 0]
213	[-58.41173505293516, 0]
213	[-58.41173505293516, 0]
213	[-58.41173505293516, 0]
213	[-58.41173505293516, 0]
213	[-58.41173505293516, 0]
213	[-58.41173505293516, 0]
213	[-58.41173505293516, 0]
213	[-58.41173505293516, 0]
213	[-58.41173505293516, 0]
213	[-58.41173505293516, 0]
213	[-58.41173505293516, 0]
213	[-58.41173505293516, 0]
213	[-58.41173505293516, 0]
213	[-58.41173505293516, 0]
213	[-58.41173505293516, 0]
213	[-58.41173505293516, 0]
213	[-58.41173505293516, 0]
213	[-58.41173505293516, 0]
213	[-58.41173505293516, 0]
213	[-58.41173505293516, 0]
213	[-58.41173505293516, 0]
213	[-58.41173505293516, 0]
213	[-58.41173505293516, 0]
213	[-58.41173505293516, 0]
213	[-58.41173505293516, 0]
213	[-58.41173505293516, 0]
213	[-58.41173505293516, 0]
213	[-58.41173505293516, 0]
213	[-58.41173505293516, 0]
213	[-58.41173505293516, 0]
213	[-58.41173505293516, 0]
213	[-58.41173505293516, 0]
213	[-58.41173505293516, 0]
213	[-58.41173505293516, 0]
213	[-58.41173505293516, 0]
213	[-58.41173505293516, 0]
213	[-58.41173505293516, 0]
213	[-58.41173505293516, 0]
213	[-58.41173505293516, 0]
213	[-58.41173505293516, 0]
213	[-58.41173505293516, 0]
213	[-58.41173505293516, 0]
213	[-58.41173505293516, 0]
213	[-58.41173505293516, 0]
213	[-58.41173505293516, 0]
213	[-58.41173505293516, 0]
213	[-58.41173505293516, 0]
213	[-58.41173505293516, 0]
213	[-58.41173505293516, 0]
213	[-58.41173505293516, 0]
213	[-58.41173505293516, 0]
213	[-58.41173505293516, 0]
213	[-58.41173505293516, 0]
213	[-58.41173505293516, 0]
213	[-58.41173505293516, 0]
213	[-58.41173505293516, 0]
213	[-58.41173505293516, 0]
213	[-58.41173505293516, 0]
213	[-58.41173505293516, 0]
213	[-58.41173505293516, 0]
213	[-58.41173505293516, 0]
213	[-58.41173505293516, 0]
213	[-58.41173505293516, 0]
213	[-58.41173505293516, 0]
213	[-58.41173505293516, 0]
213	[-58.41173505293516, 0]
213	[-58.41173505293516, 0]
213	[-58.41173505293516, 0]
213	[-58.41173505293516, 0]
213	[-58.41173505293516, 0]
213	[-58.41173505293516, 0]
213	[-58.41173505293516, 0]
213	[-58.41173505293516, 0]
213	[-58.41173505293516, 0]
213	[-58.41173505293516, 0]
214	[-58.41173505293516, 0]
214	[-58.41173505293516, 0]
214	[-58.41173505293516, 0]
214	[-58.41173505293516, 0]
214	[-58.41173505293516, 0]
214	[-58.41173505293516, 0]
214	[-58.41173505293516, 0]
214	[-58.41173505293516, 0]
214	[-58.41173505293516, 0]
214	[-58.41173505293516, 0]
214	[-58.41173505293516, 0]
214	[-58.41173505293516, 0]
214	[-58.41173505293516, 0]
214	[-58.41173505293516, 0]
214	[-58.41173505293516, 0]
214	[-58.41173505293516, 0]
214	[-58.41173505293516, 0]
214	[-58.41173505293516, 0]
214	[-58.41173505293516, 0]
214	[-58.41173505293516, 0]
214	[-58.41173505293516, 0]
214	[-58.41173505293516, 0]
214	[-58.41173505293516, 0]
214	[-58.41173505293516, 0]
214	[-58.41173505293516, 0]
214	[-58.41173505293516, 0]
214	[-58.41173505293516, 0]
214	[-58.41173505293516, 0]
214	[-58.41173505293516, 0]
214	[-58.41173505293516, 0]
214	[-58.41173505293516, 0]
214	[-58.41173505293516, 0]
214	[-58.41173505293516, 0]
214	[-58.41173505293516, 0]
214	[-58.41173505293516, 0]
214	[-58.41173505293516, 0]
214	[-58.41173505293516, 0]
214	[-58.41173505293516, 0]
214	[-58.41173505293516, 0]
214	[-58.41173505293516, 0]
214	[-58.41173505293516, 0]
214	[-58.41173505293516, 0]
214	[-58.41173505293516, 0]
214	[-58.41173505293516, 0]
214	[-58.41173505293516, 0]
214	[-58.41173505293516, 0]
214	[-58.41173505293516, 0]
214	[-58.41173505293516, 0]
214	[-58.41173505293516, 0]
214	[-58.41173505293516, 0]
214	[-58.41173505293516, 0]
214	[-58.41173505293516, 0]
214	[-58.41173505293516, 0]
214	[-58.41173505293516, 0]
214	[-58.41173505293516, 0]
214	[-58.41173505293516, 0]
214	[-58.41173505293516, 0]
214	[-58.41173505293516, 0]
214	[-58.41173505293516, 0]
214	[-58.41173505293516, 0]
214	[-58.41173505293516, 0]
214	[-58.41173505293516, 0]
214	[-58.41173505293516, 0]
214	[-58.41173505293516, 0]
214	[-58.41173505293516, 0]
214	[-58.41173505293516, 0]
214	[-58.41173505293516, 0]
214	[-58.41173505293516, 0]
214	[-58.41173505293516, 0]
214	[-58.41173505293516, 0]
214	[-58.41173505293516, 0]
214	[-58.41173505293516, 0]
214	[-58.41173505293516, 0]
214	[-58.41173505293516, 0]
214	[-58.41173505293516, 0]
214	[-58.41173505293516, 0]
214	[-58.41173505293516, 0]
214	[-58.41173505293516, 0]
214	[-58.41173505293516, 0]
214	[-58.41173505293516, 0]
215	[-58.41173505293516, 0]
215	[-58.41173505293516, 0]
215	[-58.41173505293516, 0]
215	[-58.41173505293516, 0]
215	[-58.41173505293516, 0]
215	[-58.41173505293516, 0]
215	[-58.41173505293516, 0]
215	[-58.41173505293516, 0]
215	[-58.41173505293516, 0]
215	[-58.41173505293516, 0]
215	[-58.41173505293516, 0]
215	[-58.41173505293516, 0]
215	[-58.41173505293516, 0]
215	[-58.41173505293516, 0]
215	[-58.41173505293516, 0]
215	[-58.41173505293516, 0]
215	[-58.41173505293516, 0]
215	[-58.41173505293516, 0]
215	[-58.41173505293516, 0]
215	[-58.41173505293516, 0]
215	[-58.41173505293516, 0]
215	[-58.41173505293516, 0]
215	[-58.41173505293516, 0]
215	[-58.41173505293516, 0]
215	[-58.41173505293516, 0]
215	[-58.41173505293516, 0]
215	[-58.41173505293516, 0]
215	[-58.41173505293516, 0]
215	[-58.41173505293516, 0]
215	[-58.41173505293516, 0]
215	[-58.41173505293516, 0]
215	[-58.41173505293516, 0]
215	[-58.41173505293516, 0]
215	[-58.41173505293516, 0]
215	[-58.41173505293516, 0]
215	[-58.41173505293516, 0]
215	[-58.41173505293516, 0]
215	[-58.41173505293516, 0]
215	[-58.41173505293516, 0]
215	[-58.41173505293516, 0]
215	[-58.41173505293516, 0]
215	[-58.41173505293516, 0]
215	[-58.41173505293516, 0]
215	[-58.41173505293516, 0]
215	[-58.41173505293516, 0]
215	[-58.41173505293516, 0]
215	[-58.41173505293516, 0]
215	[-58.41173505293516, 0]
215	[-58.41173505293516, 0]
215	[-58.41173505293516, 0]
215	[-58.41173505293516, 0]
215	[-58.41173505293516, 0]
215	[-58.41173505293516, 0]
215	[-58.41173505293516, 0]
215	[-58.41173505293516, 0]
215	[-58.41173505293516, 0]
215	[-58.41173505293516, 0]
215	[-58.41173505293516, 0]
215	[-58.41173505293516, 0]
215	[-58.41173505293516, 0]
215	[-58.41173505293516, 0]
215	[-58.41173505293516, 0]
215	[-58.41173505293516, 0]
215	[-58.41173505293516, 0]
215	[-58.41173505293516, 0]
215	[-58.41173505293516, 0]
215	[-58.41173505293516, 0]
215	[-58.41173505293516, 0]
215	[-58.41173505293516, 0]
215	[-58.41173505293516, 0]
215	[-58.41173505293516, 0]
215	[-58.41173505293516, 0]
215	[-58.41173505293516, 0]
215	[-58.41173505293516, 0]
215	[-58.41173505293516, 0]
215	[-58.41173505293516, 0]
215	[-58.41173505293516, 0]
215	[-58.41173505293516, 0]
215	[-58.41173505293516, 0]
215	[-58.41173505293516, 0]
216	[-58.41173505293516, 0]
216	[-58.41173505293516, 0]
216	[-58.41173505293516, 0]
216	[-58.41173505293516, 0]
216	[-58.41173505293516, 0]
216	[-58.41173505293516, 0]
216	[-58.41173505293516, 0]
216	[-58.41173505293516, 0]
216	[-58.41173505293516, 0]
216	[-58.41173505293516, 0]
216	[-58.41173505293516, 0]
216	[-58.41173505293516, 0]
216	[-58.41173505293516, 0]
216	[-58.41173505293516, 0]
216	[-58.41173505293516, 0]
216	[-58.41173505293516, 0]
216	[-58.41173505293516, 0]
216	[-58.41173505293516, 0]
216	[-58.41173505293516, 0]
216	[-58.41173505293516, 0]
216	[-58.41173505293516, 0]
216	[-58.41173505293516, 0]
216	[-58.41173505293516, 0]
216	[-58.41173505293516, 0]
216	[-58.41173505293516, 0]
216	[-58.41173505293516, 0]
216	[-58.41173505293516, 0]
216	[-58.41173505293516, 0]
216	[-58.41173505293516, 0]
216	[-58.41173505293516, 0]
216	[-58.41173505293516, 0]
216	[-58.41173505293516, 0]
216	[-58.41173505293516, 0]
216	[-58.41173505293516, 0]
216	[-58.41173505293516, 0]
216	[-58.41173505293516, 0]
216	[-58.41173505293516, 0]
216	[-58.41173505293516, 0]
216	[-58.41173505293516, 0]
216	[-58.41173505293516, 0]
216	[-58.41173505293516, 0]
216	[-58.41173505293516, 0]
216	[-58.41173505293516, 0]
216	[-58.41173505293516, 0]
216	[-58.41173505293516, 0]
216	[-58.41173505293516, 0]
216	[-58.41173505293516, 0]
216	[-58.41173505293516, 0]
216	[-58.41173505293516, 0]
216	[-58.41173505293516, 0]
216	[-58.41173505293516, 0]
216	[-58.41173505293516, 0]
216	[-58.41173505293516, 0]
216	[-58.41173505293516, 0]
216	[-58.41173505293516, 0]
216	[-58.41173505293516, 0]
216	[-58.41173505293516, 0]
216	[-58.41173505293516, 0]
216	[-58.41173505293516, 0]
216	[-58.41173505293516, 0]
216	[-58.41173505293516, 0]
216	[-58.41173505293516, 0]
216	[-58.41173505293516, 0]
216	[-58.41173505293516, 0]
216	[-58.41173505293516, 0]
216	[-58.41173505293516, 0]
216	[-58.41173505293516, 0]
216	[-58.41173505293516, 0]
216	[-58.41173505293516, 0]
216	[-58.41173505293516, 0]
216	[-58.41173505293516, 0]
216	[-58.41173505293516, 0]
216	[-58.41173505293516, 0]
216	[-58.41173505293516, 0]
216	[-58.41173505293516, 0]
216	[-58.41173505293516, 0]
216	[-58.41173505293516, 0]
216	[-58.41173505293516, 0]
216	[-58.41173505293516, 0]
216	[-58.41173505293516, 0]
217	[-58.41173505293516, 0]
217	[-58.41173505293516, 0]
217	[-58.41173505293516, 0]
217	[-58.41173505293516, 0]
217	[-58.41173505293516, 0]
217	[-58.41173505293516, 0]
217	[-58.41173505293516, 0]
217	[-58.41173505293516, 0]
217	[-58.41173505293516, 0]
217	[-58.41173505293516, 0]
217	[-58.41173505293516, 0]
217	[-58.41173505293516, 0]
217	[-58.41173505293516, 0]
217	[-58.41173505293516, 0]
217	[-58.41173505293516, 0]
217	[-58.41173505293516, 0]
217	[-58.41173505293516, 0]
217	[-58.41173505293516, 0]
217	[-58.41173505293516, 0]
217	[-58.41173505293516, 0]
217	[-58.41173505293516, 0]
217	[-58.41173505293516, 0]
217	[-58.41173505293516, 0]
217	[-58.41173505293516, 0]
217	[-58.41173505293516, 0]
217	[-58.41173505293516, 0]
217	[-58.41173505293516, 0]
217	[-58.41173505293516, 0]
217	[-58.41173505293516, 0]
217	[-58.41173505293516, 0]
217	[-58.41173505293516, 0]
217	[-58.41173505293516, 0]
217	[-58.41173505293516, 0]
217	[-58.41173505293516, 0]
217	[-58.41173505293516, 0]
217	[-58.41173505293516, 0]
217	[-58.41173505293516, 0]
217	[-58.41173505293516, 0]
217	[-58.41173505293516, 0]
217	[-58.41173505293516, 0]
217	[-58.41173505293516, 0]
217	[-58.41173505293516, 0]
217	[-58.41173505293516, 0]
217	[-58.41173505293516, 0]
217	[-58.41173505293516, 0]
217	[-58.41173505293516, 0]
217	[-58.41173505293516, 0]
217	[-58.41173505293516, 0]
217	[-58.41173505293516, 0]
217	[-58.41173505293516, 0]
217	[-58.41173505293516, 0]
217	[-58.41173505293516, 0]
217	[-58.41173505293516, 0]
217	[-58.41173505293516, 0]
217	[-58.41173505293516, 0]
217	[-58.41173505293516, 0]
217	[-58.41173505293516, 0]
217	[-58.41173505293516, 0]
217	[-58.41173505293516, 0]
217	[-58.41173505293516, 0]
217	[-58.41173505293516, 0]
217	[-58.41173505293516, 0]
217	[-58.41173505293516, 0]
217	[-58.41173505293516, 0]
217	[-58.41173505293516, 0]
217	[-58.41173505293516, 0]
217	[-58.41173505293516, 0]
217	[-58.41173505293516, 0]
217	[-58.41173505293516, 0]
217	[-58.41173505293516, 0]
217	[-58.41173505293516, 0]
217	[-58.41173505293516, 0]
217	[-58.41173505293516, 0]
217	[-58.41173505293516, 0]
217	[-58.41173505293516, 0]
217	[-58.41173505293516, 0]
217	[-58.41173505293516, 0]
217	[-58.41173505293516, 0]
217	[-58.41173505293516, 0]
217	[-58.41173505293516, 0]
218	[-58.41173505293516, 0]
218	[-58.41173505293516, 0]
218	[-58.41173505293516, 0]
218	[-58.41173505293516, 0]
218	[-58.41173505293516, 0]
218	[-58.41173505293516, 0]
218	[-58.41173505293516, 0]
218	[-58.41173505293516, 0]
218	[-58.41173505293516, 0]
218	[-58.41173505293516, 0]
218	[-58.41173505293516, 0]
218	[-58.41173505293516, 0]
218	[-58.41173505293516, 0]
218	[-58.41173505293516, 0]
218	[-58.41173505293516, 0]
218	[-58.41173505293516, 0]
218	[-58.41173505293516, 0]
218	[-58.41173505293516, 0]
218	[-58.41173505293516, 0]
218	[-58.41173505293516, 0]
218	[-58.41173505293516, 0]
218	[-58.41173505293516, 0]
218	[-58.41173505293516, 0]
218	[-58.41173505293516, 0]
218	[-58.41173505293516, 0]
218	[-58.41173505293516, 0]
218	[-58.41173505293516, 0]
218	[-58.41173505293516, 0]
218	[-58.41173505293516, 0]
218	[-58.41173505293516, 0]
218	[-58.41173505293516, 0]
218	[-58.41173505293516, 0]
218	[-58.41173505293516, 0]
218	[-58.41173505293516, 0]
218	[-58.41173505293516, 0]
218	[-58.41173505293516, 0]
218	[-58.41173505293516, 0]
218	[-58.41173505293516, 0]
218	[-58.41173505293516, 0]
218	[-58.41173505293516, 0]
218	[-58.41173505293516, 0]
218	[-58.41173505293516, 0]
218	[-58.41173505293516, 0]
218	[-58.41173505293516, 0]
218	[-58.41173505293516, 0]
218	[-58.41173505293516, 0]
218	[-58.41173505293516, 0]
218	[-58.41173505293516, 0]
218	[-58.41173505293516, 0]
218	[-58.41173505293516, 0]
218	[-58.41173505293516, 0]
218	[-58.41173505293516, 0]
218	[-58.41173505293516, 0]
218	[-58.41173505293516, 0]
218	[-58.41173505293516, 0]
218	[-58.41173505293516, 0]
218	[-58.41173505293516, 0]
218	[-58.41173505293516, 0]
218	[-58.41173505293516, 0]
218	[-58.41173505293516, 0]
218	[-58.41173505293516, 0]
218	[-58.41173505293516, 0]
218	[-58.41173505293516, 0]
218	[-58.41173505293516, 0]
218	[-58.41173505293516, 0]
218	[-58.41173505293516, 0]
218	[-58.41173505293516, 0]
218	[-58.41173505293516, 0]
218	[-58.41173505293516, 0]
218	[-58.41173505293516, 0]
218	[-58.41173505293516, 0]
218	[-58.41173505293516, 0]
218	[-58.41173505293516, 0]
218	[-58.41173505293516, 0]
218	[-58.41173505293516, 0]
218	[-58.41173505293516, 0]
218	[-58.41173505293516, 0]
218	[-58.41173505293516, 0]
218	[-58.41173505293516, 0]
218	[-58.41173505293516, 0]
219	[-58.41173505293516, 0]
219	[-58.41173505293516, 0]
219	[-58.41173505293516, 0]
219	[-58.41173505293516, 0]
219	[-58.41173505293516, 0]
219	[-58.41173505293516, 0]
219	[-58.41173505293516, 0]
219	[-58.41173505293516, 0]
219	[-58.41173505293516, 0]
219	[-58.41173505293516, 0]
219	[-58.41173505293516, 0]
219	[-58.41173505293516, 0]
219	[-58.41173505293516, 0]
219	[-58.41173505293516, 0]
219	[-58.41173505293516, 0]
219	[-58.41173505293516, 0]
219	[-58.41173505293516, 0]
219	[-58.41173505293516, 0]
219	[-58.41173505293516, 0]
219	[-58.41173505293516, 0]
219	[-58.41173505293516, 0]
219	[-58.41173505293516, 0]
219	[-58.41173505293516, 0]
219	[-58.41173505293516, 0]
219	[-58.41173505293516, 0]
219	[-58.41173505293516, 0]
219	[-58.41173505293516, 0]
219	[-58.41173505293516, 0]
219	[-58.41173505293516, 0]
219	[-58.41173505293516, 0]
219	[-58.41173505293516, 0]
219	[-58.41173505293516, 0]
219	[-58.41173505293516, 0]
219	[-58.41173505293516, 0]
219	[-58.41173505293516, 0]
219	[-58.41173505293516, 0]
219	[-58.41173505293516, 0]
219	[-58.41173505293516, 0]
219	[-58.41173505293516, 0]
219	[-58.41173505293516, 0]
219	[-58.41173505293516, 0]
219	[-58.41173505293516, 0]
219	[-58.41173505293516, 0]
219	[-58.41173505293516, 0]
219	[-58.41173505293516, 0]
219	[-58.41173505293516, 0]
219	[-58.41173505293516, 0]
219	[-58.41173505293516, 0]
219	[-58.41173505293516, 0]
219	[-58.41173505293516, 0]
219	[-58.41173505293516, 0]
219	[-58.41173505293516, 0]
219	[-58.41173505293516, 0]
219	[-58.41173505293516, 0]
219	[-58.41173505293516, 0]
219	[-58.41173505293516, 0]
219	[-58.41173505293516, 0]
219	[-58.41173505293516, 0]
219	[-58.41173505293516, 0]
219	[-58.41173505293516, 0]
219	[-58.41173505293516, 0]
219	[-58.41173505293516, 0]
219	[-58.41173505293516, 0]
219	[-58.41173505293516, 0]
219	[-58.41173505293516, 0]
219	[-58.41173505293516, 0]
219	[-58.41173505293516, 0]
219	[-58.41173505293516, 0]
219	[-58.41173505293516, 0]
219	[-58.41173505293516, 0]
219	[-58.41173505293516, 0]
219	[-58.41173505293516, 0]
219	[-58.41173505293516, 0]
219	[-58.41173505293516, 0]
219	[-58.41173505293516, 0]
219	[-58.41173505293516, 0]
219	[-58.41173505293516, 0]
219	[-58.41173505293516, 0]
219	[-58.41173505293516, 0]
219	[-58.41173505293516, 0]
220	[-58.41173505293516, 0]
220	[-58.41173505293516, 0]
220	[-58.41173505293516, 0]
220	[-58.41173505293516, 0]
220	[-58.41173505293516, 0]
220	[-58.41173505293516, 0]
220	[-58.41173505293516, 0]
220	[-58.41173505293516, 0]
220	[-58.41173505293516, 0]
220	[-58.41173505293516, 0]
220	[-58.41173505293516, 0]
220	[-58.41173505293516, 0]
220	[-58.41173505293516, 0]
220	[-58.41173505293516, 0]
220	[-58.41173505293516, 0]
220	[-58.41173505293516, 0]
220	[-58.41173505293516, 0]
220	[-58.41173505293516, 0]
220	[-58.41173505293516, 0]
220	[-58.41173505293516, 0]
220	[-58.41173505293516, 0]
220	[-58.41173505293516, 0]
220	[-58.41173505293516, 0]
220	[-58.41173505293516, 0]
220	[-58.41173505293516, 0]
220	[-58.41173505293516, 0]
220	[-58.41173505293516, 0]
220	[-58.41173505293516, 0]
220	[-58.41173505293516, 0]
220	[-58.41173505293516, 0]
220	[-58.41173505293516, 0]
220	[-58.41173505293516, 0]
220	[-58.41173505293516, 0]
220	[-58.41173505293516, 0]
220	[-58.41173505293516, 0]
220	[-58.41173505293516, 0]
220	[-58.41173505293516, 0]
220	[-58.41173505293516, 0]
220	[-58.41173505293516, 0]
220	[-58.41173505293516, 0]
220	[-58.41173505293516, 0]
220	[-58.41173505293516, 0]
220	[-58.41173505293516, 0]
220	[-58.41173505293516, 0]
220	[-58.41173505293516, 0]
220	[-58.41173505293516, 0]
220	[-58.41173505293516, 0]
220	[-58.41173505293516, 0]
220	[-58.41173505293516, 0]
220	[-58.41173505293516, 0]
220	[-58.41173505293516, 0]
220	[-58.41173505293516, 0]
220	[-58.41173505293516, 0]
220	[-58.41173505293516, 0]
220	[-58.41173505293516, 0]
220	[-58.41173505293516, 0]
220	[-58.41173505293516, 0]
220	[-58.41173505293516, 0]
220	[-58.41173505293516, 0]
220	[-58.41173505293516, 0]
220	[-58.41173505293516, 0]
220	[-58.41173505293516, 0]
220	[-58.41173505293516, 0]
220	[-58.41173505293516, 0]
220	[-58.41173505293516, 0]
220	[-58.41173505293516, 0]
220	[-58.41173505293516, 0]
220	[-58.41173505293516, 0]
220	[-58.41173505293516, 0]
220	[-58.41173505293516, 0]
220	[-58.41173505293516, 0]
220	[-58.41173505293516, 0]
220	[-58.41173505293516, 0]
220	[-58.41173505293516, 0]
220	[-58.41173505293516, 0]
220	[-58.41173505293516, 0]
220	[-58.41173505293516, 0]
220	[-58.41173505293516, 0]
220	[-58.41173505293516, 0]
220	[-58.41173505293516, 0]
221	[-58.41173505293516, 0]
221	[-58.41173505293516, 0]
221	[-58.41173505293516, 0]
221	[-58.41173505293516, 0]
221	[-58.41173505293516, 0]
221	[-58.41173505293516, 0]
221	[-58.41173505293516, 0]
221	[-58.41173505293516, 0]
221	[-58.41173505293516, 0]
221	[-58.41173505293516, 0]
221	[-58.41173505293516, 0]
221	[-58.41173505293516, 0]
221	[-58.41173505293516, 0]
221	[-58.41173505293516, 0]
221	[-58.41173505293516, 0]
221	[-58.41173505293516, 0]
221	[-58.41173505293516, 0]
221	[-58.41173505293516, 0]
221	[-58.41173505293516, 0]
221	[-58.41173505293516, 0]
221	[-58.41173505293516, 0]
221	[-58.41173505293516, 0]
221	[-58.41173505293516, 0]
221	[-58.41173505293516, 0]
221	[-58.41173505293516, 0]
221	[-58.41173505293516, 0]
221	[-58.41173505293516, 0]
221	[-58.41173505293516, 0]
221	[-58.41173505293516, 0]
221	[-58.41173505293516, 0]
221	[-58.41173505293516, 0]
221	[-58.41173505293516, 0]
221	[-58.41173505293516, 0]
221	[-58.41173505293516, 0]
221	[-58.41173505293516, 0]
221	[-58.41173505293516, 0]
221	[-58.41173505293516, 0]
221	[-58.41173505293516, 0]
221	[-58.41173505293516, 0]
221	[-58.41173505293516, 0]
221	[-58.41173505293516, 0]
221	[-58.41173505293516, 0]
221	[-58.41173505293516, 0]
221	[-58.41173505293516, 0]
221	[-58.41173505293516, 0]
221	[-58.41173505293516, 0]
221	[-58.41173505293516, 0]
221	[-58.41173505293516, 0]
221	[-58.41173505293516, 0]
221	[-58.41173505293516, 0]
221	[-58.41173505293516, 0]
221	[-58.41173505293516, 0]
221	[-58.41173505293516, 0]
221	[-58.41173505293516, 0]
221	[-58.41173505293516, 0]
221	[-58.41173505293516, 0]
221	[-58.41173505293516, 0]
221	[-58.41173505293516, 0]
221	[-58.41173505293516, 0]
221	[-58.41173505293516, 0]
221	[-58.41173505293516, 0]
221	[-58.41173505293516, 0]
221	[-58.41173505293516, 0]
221	[-58.41173505293516, 0]
221	[-58.41173505293516, 0]
221	[-58.41173505293516, 0]
221	[-58.41173505293516, 0]
221	[-58.41173505293516, 0]
221	[-58.41173505293516, 0]
221	[-58.41173505293516, 0]
221	[-58.41173505293516, 0]
221	[-58.41173505293516, 0]
221	[-58.41173505293516, 0]
221	[-58.41173505293516, 0]
221	[-58.41173505293516, 0]
221	[-58.41173505293516, 0]
221	[-58.41173505293516, 0]
221	[-58.41173505293516, 0]
221	[-58.41173505293516, 0]
221	[-58.41173505293516, 0]
222	[-58.41173505293516, 0]
222	[-58.41173505293516, 0]
222	[-58.41173505293516, 0]
222	[-58.41173505293516, 0]
222	[-58.41173505293516, 0]
222	[-58.41173505293516, 0]
222	[-58.41173505293516, 0]
222	[-58.41173505293516, 0]
222	[-58.41173505293516, 0]
222	[-58.41173505293516, 0]
222	[-58.41173505293516, 0]
222	[-58.41173505293516, 0]
222	[-58.41173505293516, 0]
222	[-58.41173505293516, 0]
222	[-58.41173505293516, 0]
222	[-58.41173505293516, 0]
222	[-58.41173505293516, 0]
222	[-58.41173505293516, 0]
222	[-58.41173505293516, 0]
222	[-58.41173505293516, 0]
222	[-58.41173505293516, 0]
222	[-58.41173505293516, 0]
222	[-58.41173505293516, 0]
222	[-58.41173505293516, 0]
222	[-58.41173505293516, 0]
222	[-58.41173505293516, 0]
222	[-58.41173505293516, 0]
222	[-58.41173505293516, 0]
222	[-58.41173505293516, 0]
222	[-58.41173505293516, 0]
222	[-58.41173505293516, 0]
222	[-58.41173505293516, 0]
222	[-58.41173505293516, 0]
222	[-58.41173505293516, 0]
222	[-58.41173505293516, 0]
222	[-58.41173505293516, 0]
222	[-58.41173505293516, 0]
222	[-58.41173505293516, 0]
222	[-58.41173505293516, 0]
222	[-58.41173505293516, 0]
222	[-58.41173505293516, 0]
222	[-58.41173505293516, 0]
222	[-58.41173505293516, 0]
222	[-58.41173505293516, 0]
222	[-58.41173505293516, 0]
222	[-58.41173505293516, 0]
222	[-58.41173505293516, 0]
222	[-58.41173505293516, 0]
222	[-58.41173505293516, 0]
222	[-58.41173505293516, 0]
222	[-58.41173505293516, 0]
222	[-58.41173505293516, 0]
222	[-58.41173505293516, 0]
222	[-58.41173505293516, 0]
222	[-58.41173505293516, 0]
222	[-58.41173505293516, 0]
222	[-58.41173505293516, 0]
222	[-58.41173505293516, 0]
222	[-58.41173505293516, 0]
222	[-58.41173505293516, 0]
222	[-58.41173505293516, 0]
222	[-58.41173505293516, 0]
222	[-58.41173505293516, 0]
222	[-58.41173505293516, 0]
222	[-58.41173505293516, 0]
222	[-58.41173505293516, 0]
222	[-58.41173505293516, 0]
222	[-58.41173505293516, 0]
222	[-58.41173505293516, 0]
222	[-58.41173505293516, 0]
222	[-58.41173505293516, 0]
222	[-58.41173505293516, 0]
222	[-58.41173505293516, 0]
222	[-58.41173505293516, 0]
222	[-58.41173505293516, 0]
222	[-58.41173505293516, 0]
222	[-58.41173505293516, 0]
222	[-58.41173505293516, 0]
222	[-58.41173505293516, 0]
222	[-58.41173505293516, 0]
223	[-58.41173505293516, 0]
223	[-58.41173505293516, 0]
223	[-58.41173505293516, 0]
223	[-58.41173505293516, 0]
223	[-58.41173505293516, 0]
223	[-58.41173505293516, 0]
223	[-58.41173505293516, 0]
223	[-58.41173505293516, 0]
223	[-58.41173505293516, 0]
223	[-58.41173505293516, 0]
223	[-58.41173505293516, 0]
223	[-58.41173505293516, 0]
223	[-58.41173505293516, 0]
223	[-58.41173505293516, 0]
223	[-58.41173505293516, 0]
223	[-58.41173505293516, 0]
223	[-58.41173505293516, 0]
223	[-58.41173505293516, 0]
223	[-58.41173505293516, 0]
223	[-58.41173505293516, 0]
223	[-58.41173505293516, 0]
223	[-58.41173505293516, 0]
223	[-58.41173505293516, 0]
223	[-58.41173505293516, 0]
223	[-58.41173505293516, 0]
223	[-58.41173505293516, 0]
223	[-58.41173505293516, 0]
223	[-58.41173505293516, 0]
223	[-58.41173505293516, 0]
223	[-58.41173505293516, 0]
223	[-58.41173505293516, 0]
223	[-58.41173505293516, 0]
223	[-58.41173505293516, 0]
223	[-58.41173505293516, 0]
223	[-58.41173505293516, 0]
223	[-58.41173505293516, 0]
223	[-58.41173505293516, 0]
223	[-58.41173505293516, 0]
223	[-58.41173505293516, 0]
223	[-58.41173505293516, 0]
223	[-58.41173505293516, 0]
223	[-58.41173505293516, 0]
223	[-58.41173505293516, 0]
223	[-58.41173505293516, 0]
223	[-58.41173505293516, 0]
223	[-58.41173505293516, 0]
223	[-58.41173505293516, 0]
223	[-58.41173505293516, 0]
223	[-58.41173505293516, 0]
223	[-58.41173505293516, 0]
223	[-58.41173505293516, 0]
223	[-58.41173505293516, 0]
223	[-58.41173505293516, 0]
223	[-58.41173505293516, 0]
223	[-58.41173505293516, 0]
223	[-58.41173505293516, 0]
223	[-58.41173505293516, 0]
223	[-58.41173505293516, 0]
223	[-58.41173505293516, 0]
223	[-58.41173505293516, 0]
223	[-58.41173505293516, 0]
223	[-58.41173505293516, 0]
223	[-58.41173505293516, 0]
223	[-58.41173505293516, 0]
223	[-58.41173505293516, 0]
223	[-58.41173505293516, 0]
223	[-58.41173505293516, 0]
223	[-58.41173505293516, 0]
223	[-58.41173505293516, 0]
223	[-58.41173505293516, 0]
223	[-58.41173505293516, 0]
223	[-58.41173505293516, 0]
223	[-58.41173505293516, 0]
223	[-58.41173505293516, 0]
223	[-58.41173505293516, 0]
223	[-58.41173505293516, 0]
223	[-58.41173505293516, 0]
223	[-58.41173505293516, 0]
223	[-58.41173505293516, 0]
223	[-58.41173505293516, 0]
224	[-58.41173505293516, 0]
224	[-58.41173505293516, 0]
224	[-58.41173505293516, 0]
224	[-58.41173505293516, 0]
224	[-58.41173505293516, 0]
224	[-58.41173505293516, 0]
224	[-58.41173505293516, 0]
224	[-58.41173505293516, 0]
224	[-58.41173505293516, 0]
224	[-58.41173505293516, 0]
224	[-58.41173505293516, 0]
224	[-58.41173505293516, 0]
224	[-58.41173505293516, 0]
224	[-58.41173505293516, 0]
224	[-58.41173505293516, 0]
224	[-58.41173505293516, 0]
224	[-58.41173505293516, 0]
224	[-58.41173505293516, 0]
224	[-58.41173505293516, 0]
224	[-58.41173505293516, 0]
224	[-58.41173505293516, 0]
224	[-58.41173505293516, 0]
224	[-58.41173505293516, 0]
224	[-58.41173505293516, 0]
224	[-58.41173505293516, 0]
224	[-58.41173505293516, 0]
224	[-58.41173505293516, 0]
224	[-58.41173505293516, 0]
224	[-58.41173505293516, 0]
224	[-58.41173505293516, 0]
224	[-58.41173505293516, 0]
224	[-58.41173505293516, 0]
224	[-58.41173505293516, 0]
224	[-58.41173505293516, 0]
224	[-58.41173505293516, 0]
224	[-58.41173505293516, 0]
224	[-58.41173505293516, 0]
224	[-58.41173505293516, 0]
224	[-58.41173505293516, 0]
224	[-58.41173505293516, 0]
224	[-58.41173505293516, 0]
224	[-58.41173505293516, 0]
224	[-58.41173505293516, 0]
224	[-58.41173505293516, 0]
224	[-58.41173505293516, 0]
224	[-58.41173505293516, 0]
224	[-58.41173505293516, 0]
224	[-58.41173505293516, 0]
224	[-58.41173505293516, 0]
224	[-58.41173505293516, 0]
224	[-58.41173505293516, 0]
224	[-58.41173505293516, 0]
224	[-58.41173505293516, 0]
224	[-58.41173505293516, 0]
224	[-58.41173505293516, 0]
224	[-58.41173505293516, 0]
224	[-58.41173505293516, 0]
224	[-58.41173505293516, 0]
224	[-58.41173505293516, 0]
224	[-58.41173505293516, 0]
224	[-58.41173505293516, 0]
224	[-58.41173505293516, 0]
224	[-58.41173505293516, 0]
224	[-58.41173505293516, 0]
224	[-58.41173505293516, 0]
224	[-58.41173505293516, 0]
224	[-58.41173505293516, 0]
224	[-58.41173505293516, 0]
224	[-58.41173505293516, 0]
224	[-58.41173505293516, 0]
224	[-58.41173505293516, 0]
224	[-58.41173505293516, 0]
224	[-58.41173505293516, 0]
224	[-58.41173505293516, 0]
224	[-58.41173505293516, 0]
224	[-58.41173505293516, 0]
224	[-58.41173505293516, 0]
224	[-58.41173505293516, 0]
224	[-58.41173505293516, 0]
224	[-58.41173505293516, 0]
225	[-58.41173505293516, 0]
225	[-58.41173505293516, 0]
225	[-58.41173505293516, 0]
225	[-58.41173505293516, 0]
225	[-58.41173505293516, 0]
225	[-58.41173505293516, 0]
225	[-58.41173505293516, 0]
225	[-58.41173505293516, 0]
225	[-58.41173505293516, 0]
225	[-58.41173505293516, 0]
225	[-58.41173505293516, 0]
225	[-58.41173505293516, 0]
225	[-58.41173505293516, 0]
225	[-58.41173505293516, 0]
225	[-58.41173505293516, 0]
225	[-58.41173505293516, 0]
225	[-58.41173505293516, 0]
225	[-58.41173505293516, 0]
225	[-58.41173505293516, 0]
225	[-58.41173505293516, 0]
225	[-58.41173505293516, 0]
225	[-58.41173505293516, 0]
225	[-58.41173505293516, 0]
225	[-58.41173505293516, 0]
225	[-58.41173505293516, 0]
225	[-58.41173505293516, 0]
225	[-58.41173505293516, 0]
225	[-58.41173505293516, 0]
225	[-58.41173505293516, 0]
225	[-58.41173505293516, 0]
225	[-58.41173505293516, 0]
225	[-58.41173505293516, 0]
225	[-58.41173505293516, 0]
225	[-58.41173505293516, 0]
225	[-58.41173505293516, 0]
225	[-58.41173505293516, 0]
225	[-58.41173505293516, 0]
225	[-58.41173505293516, 0]
225	[-58.41173505293516, 0]
225	[-58.41173505293516, 0]
225	[-58.41173505293516, 0]
225	[-58.41173505293516, 0]
225	[-58.41173505293516, 0]
225	[-58.41173505293516, 0]
225	[-58.41173505293516, 0]
225	[-58.41173505293516, 0]
225	[-58.41173505293516, 0]
225	[-58.41173505293516, 0]
225	[-58.41173505293516, 0]
225	[-58.41173505293516, 0]
225	[-58.41173505293516, 0]
225	[-58.41173505293516, 0]
225	[-58.41173505293516, 0]
225	[-58.41173505293516, 0]
225	[-58.41173505293516, 0]
225	[-58.41173505293516, 0]
225	[-58.41173505293516, 0]
225	[-58.41173505293516, 0]
225	[-58.41173505293516, 0]
225	[-58.41173505293516, 0]
225	[-58.41173505293516, 0]
225	[-58.41173505293516, 0]
225	[-58.41173505293516, 0]
225	[-58.41173505293516, 0]
225	[-58.41173505293516, 0]
225	[-58.41173505293516, 0]
225	[-58.41173505293516, 0]
225	[-58.41173505293516, 0]
225	[-58.41173505293516, 0]
225	[-58.41173505293516, 0]
225	[-58.41173505293516, 0]
225	[-58.41173505293516, 0]
225	[-58.41173505293516, 0]
225	[-58.41173505293516, 0]
225	[-58.41173505293516, 0]
225	[-58.41173505293516, 0]
225	[-58.41173505293516, 0]
225	[-58.41173505293516, 0]
225	[-58.41173505293516, 0]
225	[-58.41173505293516, 0]
226	[-58.41173505293516, 0]
226	[-58.41173505293516, 0]
226	[-58.41173505293516, 0]
226	[-58.41173505293516, 0]
226	[-58.41173505293516, 0]
226	[-58.41173505293516, 0]
226	[-58.41173505293516, 0]
226	[-58.41173505293516, 0]
226	[-58.41173505293516, 0]
226	[-58.41173505293516, 0]
226	[-58.41173505293516, 0]
226	[-58.41173505293516, 0]
226	[-58.41173505293516, 0]
226	[-58.41173505293516, 0]
226	[-58.41173505293516, 0]
226	[-58.41173505293516, 0]
226	[-58.41173505293516, 0]
226	[-58.41173505293516, 0]
226	[-58.41173505293516, 0]
226	[-58.41173505293516, 0]
226	[-58.41173505293516, 0]
226	[-58.41173505293516, 0]
226	[-58.41173505293516, 0]
226	[-58.41173505293516, 0]
226	[-58.41173505293516, 0]
226	[-58.41173505293516, 0]
226	[-58.41173505293516, 0]
226	[-58.41173505293516, 0]
226	[-58.41173505293516, 0]
226	[-58.41173505293516, 0]
226	[-58.41173505293516, 0]
226	[-58.41173505293516, 0]
226	[-58.41173505293516, 0]
226	[-58.41173505293516, 0]
226	[-58.41173505293516, 0]
226	[-58.41173505293516, 0]
226	[-58.41173505293516, 0]
226	[-58.41173505293516, 0]
226	[-58.41173505293516, 0]
226	[-58.41173505293516, 0]
226	[-58.41173505293516, 0]
226	[-58.41173505293516, 0]
226	[-58.41173505293516, 0]
226	[-58.41173505293516, 0]
226	[-58.41173505293516, 0]
226	[-58.41173505293516, 0]
226	[-58.41173505293516, 0]
226	[-58.41173505293516, 0]
226	[-58.41173505293516, 0]
226	[-58.41173505293516, 0]
226	[-58.41173505293516, 0]
226	[-58.41173505293516, 0]
226	[-58.41173505293516, 0]
226	[-58.41173505293516, 0]
226	[-58.41173505293516, 0]
226	[-58.41173505293516, 0]
226	[-58.41173505293516, 0]
226	[-58.41173505293516, 0]
226	[-58.41173505293516, 0]
226	[-58.41173505293516, 0]
226	[-58.41173505293516, 0]
226	[-58.41173505293516, 0]
226	[-58.41173505293516, 0]
226	[-58.41173505293516, 0]
226	[-58.41173505293516, 0]
226	[-58.41173505293516, 0]
226	[-58.41173505293516, 0]
226	[-58.41173505293516, 0]
226	[-58.41173505293516, 0]
226	[-58.41173505293516, 0]
226	[-58.41173505293516, 0]
226	[-58.41173505293516, 0]
226	[-58.41173505293516, 0]
226	[-58.41173505293516, 0]
226	[-58.41173505293516, 0]
226	[-58.41173505293516, 0]
226	[-58.41173505293516, 0]
226	[-58.41173505293516, 0]
226	[-58.41173505293516, 0]
226	[-58.41173505293516, 0]
227	[-58.41173505293516, 0]
227	[-58.41173505293516, 0]
227	[-58.41173505293516, 0]
227	[-58.41173505293516, 0]
227	[-58.41173505293516, 0]
227	[-58.41173505293516, 0]
227	[-58.41173505293516, 0]
227	[-58.41173505293516, 0]
227	[-58.41173505293516, 0]
227	[-58.41173505293516, 0]
227	[-58.41173505293516, 0]
227	[-58.41173505293516, 0]
227	[-58.41173505293516, 0]
227	[-58.41173505293516, 0]
227	[-58.41173505293516, 0]
227	[-58.41173505293516, 0]
227	[-58.41173505293516, 0]
227	[-58.41173505293516, 0]
227	[-58.41173505293516, 0]
227	[-58.41173505293516, 0]
227	[-58.41173505293516, 0]
227	[-58.41173505293516, 0]
227	[-58.41173505293516, 0]
227	[-58.41173505293516, 0]
227	[-58.41173505293516, 0]
227	[-58.41173505293516, 0]
227	[-58.41173505293516, 0]
227	[-58.41173505293516, 0]
227	[-58.41173505293516, 0]
227	[-58.41173505293516, 0]
227	[-58.41173505293516, 0]
227	[-58.41173505293516, 0]
227	[-58.41173505293516, 0]
227	[-58.41173505293516, 0]
227	[-58.41173505293516, 0]
227	[-58.41173505293516, 0]
227	[-58.41173505293516, 0]
227	[-58.41173505293516, 0]
227	[-58.41173505293516, 0]
227	[-58.41173505293516, 0]
227	[-58.41173505293516, 0]
227	[-58.41173505293516, 0]
227	[-58.41173505293516, 0]
227	[-58.41173505293516, 0]
227	[-58.41173505293516, 0]
227	[-58.41173505293516, 0]
227	[-58.41173505293516, 0]
227	[-58.41173505293516, 0]
227	[-58.41173505293516, 0]
227	[-58.41173505293516, 0]
227	[-58.41173505293516, 0]
227	[-58.41173505293516, 0]
227	[-58.41173505293516, 0]
227	[-58.41173505293516, 0]
227	[-58.41173505293516, 0]
227	[-58.41173505293516, 0]
227	[-58.41173505293516, 0]
227	[-58.41173505293516, 0]
227	[-58.41173505293516, 0]
227	[-58.41173505293516, 0]
227	[-58.41173505293516, 0]
227	[-58.41173505293516, 0]
227	[-58.41173505293516, 0]
227	[-58.41173505293516, 0]
227	[-58.41173505293516, 0]
227	[-58.41173505293516, 0]
227	[-58.41173505293516, 0]
227	[-58.41173505293516, 0]
227	[-58.41173505293516, 0]
227	[-58.41173505293516, 0]
227	[-58.41173505293516, 0]
227	[-58.41173505293516, 0]
227	[-58.41173505293516, 0]
227	[-58.41173505293516, 0]
227	[-58.41173505293516, 0]
227	[-58.41173505293516, 0]
227	[-58.41173505293516, 0]
227	[-58.41173505293516, 0]
227	[-58.41173505293516, 0]
227	[-58.41173505293516, 0]
228	[-58.41173505293516, 0]
228	[-58.41173505293516, 0]
228	[-58.41173505293516, 0]
228	[-58.41173505293516, 0]
228	[-58.41173505293516, 0]
228	[-58.41173505293516, 0]
228	[-58.41173505293516, 0]
228	[-58.41173505293516, 0]
228	[-58.41173505293516, 0]
228	[-58.41173505293516, 0]
228	[-58.41173505293516, 0]
228	[-58.41173505293516, 0]
228	[-58.41173505293516, 0]
228	[-58.41173505293516, 0]
228	[-58.41173505293516, 0]
228	[-58.41173505293516, 0]
228	[-58.41173505293516, 0]
228	[-58.41173505293516, 0]
228	[-58.41173505293516, 0]
228	[-58.41173505293516, 0]
228	[-58.41173505293516, 0]
228	[-58.41173505293516, 0]
228	[-58.41173505293516, 0]
228	[-58.41173505293516, 0]
228	[-58.41173505293516, 0]
228	[-58.41173505293516, 0]
228	[-58.41173505293516, 0]
228	[-58.41173505293516, 0]
228	[-58.41173505293516, 0]
228	[-58.41173505293516, 0]
228	[-58.41173505293516, 0]
228	[-58.41173505293516, 0]
228	[-58.41173505293516, 0]
228	[-58.41173505293516, 0]
228	[-58.41173505293516, 0]
228	[-58.41173505293516, 0]
228	[-58.41173505293516, 0]
228	[-58.41173505293516, 0]
228	[-58.41173505293516, 0]
228	[-58.41173505293516, 0]
228	[-58.41173505293516, 0]
228	[-58.41173505293516, 0]
228	[-58.41173505293516, 0]
228	[-58.41173505293516, 0]
228	[-58.41173505293516, 0]
228	[-58.41173505293516, 0]
228	[-58.41173505293516, 0]
228	[-58.41173505293516, 0]
228	[-58.41173505293516, 0]
228	[-58.41173505293516, 0]
228	[-58.41173505293516, 0]
228	[-58.41173505293516, 0]
228	[-58.41173505293516, 0]
228	[-58.41173505293516, 0]
228	[-58.41173505293516, 0]
228	[-58.41173505293516, 0]
228	[-58.41173505293516, 0]
228	[-58.41173505293516, 0]
228	[-58.41173505293516, 0]
228	[-58.41173505293516, 0]
228	[-58.41173505293516, 0]
228	[-58.41173505293516, 0]
228	[-58.41173505293516, 0]
228	[-58.41173505293516, 0]
228	[-58.41173505293516, 0]
228	[-58.41173505293516, 0]
228	[-58.41173505293516, 0]
228	[-58.41173505293516, 0]
228	[-58.41173505293516, 0]
228	[-58.41173505293516, 0]
228	[-58.41173505293516, 0]
228	[-58.41173505293516, 0]
228	[-58.41173505293516, 0]
228	[-58.41173505293516, 0]
228	[-58.41173505293516, 0]
228	[-58.41173505293516, 0]
228	[-58.41173505293516, 0]
228	[-58.41173505293516, 0]
228	[-58.41173505293516, 0]
228	[-58.41173505293516, 0]
229	[-58.41173505293516, 0]
229	[-58.41173505293516, 0]
229	[-58.41173505293516, 0]
229	[-58.41173505293516, 0]
229	[-58.41173505293516, 0]
229	[-58.41173505293516, 0]
229	[-58.41173505293516, 0]
229	[-58.41173505293516, 0]
229	[-58.41173505293516, 0]
229	[-58.41173505293516, 0]
229	[-58.41173505293516, 0]
229	[-58.41173505293516, 0]
229	[-58.41173505293516, 0]
229	[-58.41173505293516, 0]
229	[-58.41173505293516, 0]
229	[-58.41173505293516, 0]
229	[-58.41173505293516, 0]
229	[-58.41173505293516, 0]
229	[-58.41173505293516, 0]
229	[-58.41173505293516, 0]
229	[-58.41173505293516, 0]
229	[-58.41173505293516, 0]
229	[-58.41173505293516, 0]
229	[-58.41173505293516, 0]
229	[-58.41173505293516, 0]
229	[-58.41173505293516, 0]
229	[-58.41173505293516, 0]
229	[-58.41173505293516, 0]
229	[-58.41173505293516, 0]
229	[-58.41173505293516, 0]
229	[-58.41173505293516, 0]
229	[-58.41173505293516, 0]
229	[-58.41173505293516, 0]
229	[-58.41173505293516, 0]
229	[-58.41173505293516, 0]
229	[-58.41173505293516, 0]
229	[-58.41173505293516, 0]
229	[-58.41173505293516, 0]
229	[-58.41173505293516, 0]
229	[-58.41173505293516, 0]
229	[-58.41173505293516, 0]
229	[-58.41173505293516, 0]
229	[-58.41173505293516, 0]
229	[-58.41173505293516, 0]
229	[-58.41173505293516, 0]
229	[-58.41173505293516, 0]
229	[-58.41173505293516, 0]
229	[-58.41173505293516, 0]
229	[-58.41173505293516, 0]
229	[-58.41173505293516, 0]
229	[-58.41173505293516, 0]
229	[-58.41173505293516, 0]
229	[-58.41173505293516, 0]
229	[-58.41173505293516, 0]
229	[-58.41173505293516, 0]
229	[-58.41173505293516, 0]
229	[-58.41173505293516, 0]
229	[-58.41173505293516, 0]
229	[-58.41173505293516, 0]
229	[-58.41173505293516, 0]
229	[-58.41173505293516, 0]
229	[-58.41173505293516, 0]
229	[-58.41173505293516, 0]
229	[-58.41173505293516, 0]
229	[-58.41173505293516, 0]
229	[-58.41173505293516, 0]
229	[-58.41173505293516, 0]
229	[-58.41173505293516, 0]
229	[-58.41173505293516, 0]
229	[-58.41173505293516, 0]
229	[-58.41173505293516, 0]
229	[-58.41173505293516, 0]
229	[-58.41173505293516, 0]
229	[-58.41173505293516, 0]
229	[-58.41173505293516, 0]
229	[-58.41173505293516, 0]
229	[-58.41173505293516, 0]
229	[-58.41173505293516, 0]
229	[-58.41173505293516, 0]
229	[-58.41173505293516, 0]
230	[-58.41173505293516, 0]
230	[-58.41173505293516, 0]
230	[-58.41173505293516, 0]
230	[-58.41173505293516, 0]
230	[-58.41173505293516, 0]
230	[-58.41173505293516, 0]
230	[-58.41173505293516, 0]
230	[-58.41173505293516, 0]
230	[-58.41173505293516, 0]
230	[-58.41173505293516, 0]
230	[-58.41173505293516, 0]
230	[-58.41173505293516, 0]
230	[-58.41173505293516, 0]
230	[-58.41173505293516, 0]
230	[-58.41173505293516, 0]
230	[-58.41173505293516, 0]
230	[-58.41173505293516, 0]
230	[-58.41173505293516, 0]
230	[-58.41173505293516, 0]
230	[-58.41173505293516, 0]
230	[-58.41173505293516, 0]
230	[-58.41173505293516, 0]
230	[-58.41173505293516, 0]
230	[-58.41173505293516, 0]
230	[-58.41173505293516, 0]
230	[-58.41173505293516, 0]
230	[-58.41173505293516, 0]
230	[-58.41173505293516, 0]
230	[-58.41173505293516, 0]
230	[-58.41173505293516, 0]
230	[-58.41173505293516, 0]
230	[-58.41173505293516, 0]
230	[-58.41173505293516, 0]
230	[-58.41173505293516, 0]
230	[-58.41173505293516, 0]
230	[-58.41173505293516, 0]
230	[-58.41173505293516, 0]
230	[-58.41173505293516, 0]
230	[-58.41173505293516, 0]
230	[-58.41173505293516, 0]
230	[-58.41173505293516, 0]
230	[-58.41173505293516, 0]
230	[-58.41173505293516, 0]
230	[-58.41173505293516, 0]
230	[-58.41173505293516, 0]
230	[-58.41173505293516, 0]
230	[-58.41173505293516, 0]
230	[-58.41173505293516, 0]
230	[-58.41173505293516, 0]
230	[-58.41173505293516, 0]
230	[-58.41173505293516, 0]
230	[-58.41173505293516, 0]
230	[-58.41173505293516, 0]
230	[-58.41173505293516, 0]
230	[-58.41173505293516, 0]
230	[-58.41173505293516, 0]
230	[-58.41173505293516, 0]
230	[-58.41173505293516, 0]
230	[-58.41173505293516, 0]
230	[-58.41173505293516, 0]
230	[-58.41173505293516, 0]
230	[-58.41173505293516, 0]
230	[-58.41173505293516, 0]
230	[-58.41173505293516, 0]
230	[-58.41173505293516, 0]
230	[-58.41173505293516, 0]
230	[-58.41173505293516, 0]
230	[-58.41173505293516, 0]
230	[-58.41173505293516, 0]
230	[-58.41173505293516, 0]
230	[-58.41173505293516, 0]
230	[-58.41173505293516, 0]
230	[-58.41173505293516, 0]
230	[-58.41173505293516, 0]
230	[-58.41173505293516, 0]
230	[-58.41173505293516, 0]
230	[-58.41173505293516, 0]
230	[-58.41173505293516, 0]
230	[-58.41173505293516, 0]
230	[-58.41173505293516, 0]
231	[-58.41173505293516, 0]
231	[-58.41173505293516, 0]
231	[-58.41173505293516, 0]
231	[-58.41173505293516, 0]
231	[-58.41173505293516, 0]
231	[-58.41173505293516, 0]
231	[-58.41173505293516, 0]
231	[-58.41173505293516, 0]
231	[-58.41173505293516, 0]
231	[-58.41173505293516, 0]
231	[-58.41173505293516, 0]
231	[-58.41173505293516, 0]
231	[-58.41173505293516, 0]
231	[-58.41173505293516, 0]
231	[-58.41173505293516, 0]
231	[-58.41173505293516, 0]
231	[-58.41173505293516, 0]
231	[-58.41173505293516, 0]
231	[-58.41173505293516, 0]
231	[-58.41173505293516, 0]
231	[-58.41173505293516, 0]
231	[-58.41173505293516, 0]
231	[-58.41173505293516, 0]
231	[-58.41173505293516, 0]
231	[-58.41173505293516, 0]
231	[-58.41173505293516, 0]
231	[-58.41173505293516, 0]
231	[-58.41173505293516, 0]
231	[-58.41173505293516, 0]
231	[-58.41173505293516, 0]
231	[-58.41173505293516, 0]
231	[-58.41173505293516, 0]
231	[-58.41173505293516, 0]
231	[-58.41173505293516, 0]
231	[-58.41173505293516, 0]
231	[-58.41173505293516, 0]
231	[-58.41173505293516, 0]
231	[-58.41173505293516, 0]
231	[-58.41173505293516, 0]
231	[-58.41173505293516, 0]
231	[-58.41173505293516, 0]
231	[-58.41173505293516, 0]
231	[-58.41173505293516, 0]
231	[-58.41173505293516, 0]
231	[-58.41173505293516, 0]
231	[-58.41173505293516, 0]
231	[-58.41173505293516, 0]
231	[-58.41173505293516, 0]
231	[-58.41173505293516, 0]
231	[-58.41173505293516, 0]
231	[-58.41173505293516, 0]
231	[-58.41173505293516, 0]
231	[-58.41173505293516, 0]
231	[-58.41173505293516, 0]
231	[-58.41173505293516, 0]
231	[-58.41173505293516, 0]
231	[-58.41173505293516, 0]
231	[-58.41173505293516, 0]
231	[-58.41173505293516, 0]
231	[-58.41173505293516, 0]
231	[-58.41173505293516, 0]
231	[-58.41173505293516, 0]
231	[-58.41173505293516, 0]
231	[-58.41173505293516, 0]
231	[-58.41173505293516, 0]
231	[-58.41173505293516, 0]
231	[-58.41173505293516, 0]
231	[-58.41173505293516, 0]
231	[-58.41173505293516, 0]
231	[-58.41173505293516, 0]
231	[-58.41173505293516, 0]
231	[-58.41173505293516, 0]
231	[-58.41173505293516, 0]
231	[-58.41173505293516, 0]
231	[-58.41173505293516, 0]
231	[-58.41173505293516, 0]
231	[-58.41173505293516, 0]
231	[-58.41173505293516, 0]
231	[-58.41173505293516, 0]
231	[-58.41173505293516, 0]
232	[-58.41173505293516, 0]
232	[-58.41173505293516, 0]
232	[-58.41173505293516, 0]
232	[-58.41173505293516, 0]
232	[-58.41173505293516, 0]
232	[-58.41173505293516, 0]
232	[-58.41173505293516, 0]
232	[-58.41173505293516, 0]
232	[-58.41173505293516, 0]
232	[-58.41173505293516, 0]
232	[-58.41173505293516, 0]
232	[-58.41173505293516, 0]
232	[-58.41173505293516, 0]
232	[-58.41173505293516, 0]
232	[-58.41173505293516, 0]
232	[-58.41173505293516, 0]
232	[-58.41173505293516, 0]
232	[-58.41173505293516, 0]
232	[-58.41173505293516, 0]
232	[-58.41173505293516, 0]
232	[-58.41173505293516, 0]
232	[-58.41173505293516, 0]
232	[-58.41173505293516, 0]
232	[-58.41173505293516, 0]
232	[-58.41173505293516, 0]
232	[-58.41173505293516, 0]
232	[-58.41173505293516, 0]
232	[-58.41173505293516, 0]
232	[-58.41173505293516, 0]
232	[-58.41173505293516, 0]
232	[-58.41173505293516, 0]
232	[-58.41173505293516, 0]
232	[-58.41173505293516, 0]
232	[-58.41173505293516, 0]
232	[-58.41173505293516, 0]
232	[-58.41173505293516, 0]
232	[-58.41173505293516, 0]
232	[-58.41173505293516, 0]
232	[-58.41173505293516, 0]
232	[-58.41173505293516, 0]
232	[-58.41173505293516, 0]
232	[-58.41173505293516, 0]
232	[-58.41173505293516, 0]
232	[-58.41173505293516, 0]
232	[-58.41173505293516, 0]
232	[-58.41173505293516, 0]
232	[-58.41173505293516, 0]
232	[-58.41173505293516, 0]
232	[-58.41173505293516, 0]
232	[-58.41173505293516, 0]
232	[-58.41173505293516, 0]
232	[-58.41173505293516, 0]
232	[-58.41173505293516, 0]
232	[-58.41173505293516, 0]
232	[-58.41173505293516, 0]
232	[-58.41173505293516, 0]
232	[-58.41173505293516, 0]
232	[-58.41173505293516, 0]
232	[-58.41173505293516, 0]
232	[-58.41173505293516, 0]
232	[-58.41173505293516, 0]
232	[-58.41173505293516, 0]
232	[-58.41173505293516, 0]
232	[-58.41173505293516, 0]
232	[-58.41173505293516, 0]
232	[-58.41173505293516, 0]
232	[-58.41173505293516, 0]
232	[-58.41173505293516, 0]
232	[-58.41173505293516, 0]
232	[-58.41173505293516, 0]
232	[-58.41173505293516, 0]
232	[-58.41173505293516, 0]
232	[-58.41173505293516, 0]
232	[-58.41173505293516, 0]
232	[-58.41173505293516, 0]
232	[-58.41173505293516, 0]
232	[-58.41173505293516, 0]
232	[-58.41173505293516, 0]
232	[-58.41173505293516, 0]
232	[-58.41173505293516, 0]
233	[-58.41173505293516, 0]
233	[-58.41173505293516, 0]
233	[-58.41173505293516, 0]
233	[-58.41173505293516, 0]
233	[-58.41173505293516, 0]
233	[-58.41173505293516, 0]
233	[-58.41173505293516, 0]
233	[-58.41173505293516, 0]
233	[-58.41173505293516, 0]
233	[-58.41173505293516, 0]
233	[-58.41173505293516, 0]
233	[-58.41173505293516, 0]
233	[-58.41173505293516, 0]
233	[-58.41173505293516, 0]
233	[-58.41173505293516, 0]
233	[-58.41173505293516, 0]
233	[-58.41173505293516, 0]
233	[-58.41173505293516, 0]
233	[-58.41173505293516, 0]
233	[-58.41173505293516, 0]
233	[-58.41173505293516, 0]
233	[-58.41173505293516, 0]
233	[-58.41173505293516, 0]
233	[-58.41173505293516, 0]
233	[-58.41173505293516, 0]
233	[-58.41173505293516, 0]
233	[-58.41173505293516, 0]
233	[-58.41173505293516, 0]
233	[-58.41173505293516, 0]
233	[-58.41173505293516, 0]
233	[-58.41173505293516, 0]
233	[-58.41173505293516, 0]
233	[-58.41173505293516, 0]
233	[-58.41173505293516, 0]
233	[-58.41173505293516, 0]
233	[-58.41173505293516, 0]
233	[-58.41173505293516, 0]
233	[-58.41173505293516, 0]
233	[-58.41173505293516, 0]
233	[-58.41173505293516, 0]
233	[-58.41173505293516, 0]
233	[-58.41173505293516, 0]
233	[-58.41173505293516, 0]
233	[-58.41173505293516, 0]
233	[-58.41173505293516, 0]
233	[-58.41173505293516, 0]
233	[-58.41173505293516, 0]
233	[-58.41173505293516, 0]
233	[-58.41173505293516, 0]
233	[-58.41173505293516, 0]
233	[-58.41173505293516, 0]
233	[-58.41173505293516, 0]
233	[-58.41173505293516, 0]
233	[-58.41173505293516, 0]
233	[-58.41173505293516, 0]
233	[-58.41173505293516, 0]
233	[-58.41173505293516, 0]
233	[-58.41173505293516, 0]
233	[-58.41173505293516, 0]
233	[-58.41173505293516, 0]
233	[-58.41173505293516, 0]
233	[-58.41173505293516, 0]
233	[-58.41173505293516, 0]
233	[-58.41173505293516, 0]
233	[-58.41173505293516, 0]
233	[-58.41173505293516, 0]
233	[-58.41173505293516, 0]
233	[-58.41173505293516, 0]
233	[-58.41173505293516, 0]
233	[-58.41173505293516, 0]
233	[-58.41173505293516, 0]
233	[-58.41173505293516, 0]
233	[-58.41173505293516, 0]
233	[-58.41173505293516, 0]
233	[-58.41173505293516, 0]
233	[-58.41173505293516, 0]
233	[-58.41173505293516, 0]
233	[-58.41173505293516, 0]
233	[-58.41173505293516, 0]
233	[-58.41173505293516, 0]
234	[-58.41173505293516, 0]
234	[-58.41173505293516, 0]
234	[-58.41173505293516, 0]
234	[-58.41173505293516, 0]
234	[-58.41173505293516, 0]
234	[-58.41173505293516, 0]
234	[-58.41173505293516, 0]
234	[-58.41173505293516, 0]
234	[-58.41173505293516, 0]
234	[-58.41173505293516, 0]
234	[-58.41173505293516, 0]
234	[-58.41173505293516, 0]
234	[-58.41173505293516, 0]
234	[-58.41173505293516, 0]
234	[-58.41173505293516, 0]
234	[-58.41173505293516, 0]
234	[-58.41173505293516, 0]
234	[-58.41173505293516, 0]
234	[-58.41173505293516, 0]
234	[-58.41173505293516, 0]
234	[-58.41173505293516, 0]
234	[-58.41173505293516, 0]
234	[-58.41173505293516, 0]
234	[-58.41173505293516, 0]
234	[-58.41173505293516, 0]
234	[-58.41173505293516, 0]
234	[-58.41173505293516, 0]
234	[-58.41173505293516, 0]
234	[-58.41173505293516, 0]
234	[-58.41173505293516, 0]
234	[-58.41173505293516, 0]
234	[-58.41173505293516, 0]
234	[-58.41173505293516, 0]
234	[-58.41173505293516, 0]
234	[-58.41173505293516, 0]
234	[-58.41173505293516, 0]
234	[-58.41173505293516, 0]
234	[-58.41173505293516, 0]
234	[-58.41173505293516, 0]
234	[-58.41173505293516, 0]
234	[-58.41173505293516, 0]
234	[-58.41173505293516, 0]
234	[-58.41173505293516, 0]
234	[-58.41173505293516, 0]
234	[-58.41173505293516, 0]
234	[-58.41173505293516, 0]
234	[-58.41173505293516, 0]
234	[-58.41173505293516, 0]
234	[-58.41173505293516, 0]
234	[-58.41173505293516, 0]
234	[-58.41173505293516, 0]
234	[-58.41173505293516, 0]
234	[-58.41173505293516, 0]
234	[-58.41173505293516, 0]
234	[-58.41173505293516, 0]
234	[-58.41173505293516, 0]
234	[-58.41173505293516, 0]
234	[-58.41173505293516, 0]
234	[-58.41173505293516, 0]
234	[-58.41173505293516, 0]
234	[-58.41173505293516, 0]
234	[-58.41173505293516, 0]
234	[-58.41173505293516, 0]
234	[-58.41173505293516, 0]
234	[-58.41173505293516, 0]
234	[-58.41173505293516, 0]
234	[-58.41173505293516, 0]
234	[-58.41173505293516, 0]
234	[-58.41173505293516, 0]
234	[-58.41173505293516, 0]
234	[-58.41173505293516, 0]
234	[-58.41173505293516, 0]
234	[-58.41173505293516, 0]
234	[-58.41173505293516, 0]
234	[-58.41173505293516, 0]
234	[-58.41173505293516, 0]
234	[-58.41173505293516, 0]
234	[-58.41173505293516, 0]
234	[-58.41173505293516, 0]
234	[-58.41173505293516, 0]
235	[-58.41173505293516, 0]
235	[-58.41173505293516, 0]
235	[-58.41173505293516, 0]
235	[-58.41173505293516, 0]
235	[-58.41173505293516, 0]
235	[-58.41173505293516, 0]
235	[-58.41173505293516, 0]
235	[-58.41173505293516, 0]
235	[-58.41173505293516, 0]
235	[-58.41173505293516, 0]
235	[-58.41173505293516, 0]
235	[-58.41173505293516, 0]
235	[-58.41173505293516, 0]
235	[-58.41173505293516, 0]
235	[-58.41173505293516, 0]
235	[-58.41173505293516, 0]
235	[-58.41173505293516, 0]
235	[-58.41173505293516, 0]
235	[-58.41173505293516, 0]
235	[-58.41173505293516, 0]
235	[-58.41173505293516, 0]
235	[-58.41173505293516, 0]
235	[-58.41173505293516, 0]
235	[-58.41173505293516, 0]
235	[-58.41173505293516, 0]
235	[-58.41173505293516, 0]
235	[-58.41173505293516, 0]
235	[-58.41173505293516, 0]
235	[-58.41173505293516, 0]
235	[-58.41173505293516, 0]
235	[-58.41173505293516, 0]
235	[-58.41173505293516, 0]
235	[-58.41173505293516, 0]
235	[-58.41173505293516, 0]
235	[-58.41173505293516, 0]
235	[-58.41173505293516, 0]
235	[-58.41173505293516, 0]
235	[-58.41173505293516, 0]
235	[-58.41173505293516, 0]
235	[-58.41173505293516, 0]
235	[-58.41173505293516, 0]
235	[-58.41173505293516, 0]
235	[-58.41173505293516, 0]
235	[-58.41173505293516, 0]
235	[-58.41173505293516, 0]
235	[-58.41173505293516, 0]
235	[-58.41173505293516, 0]
235	[-58.41173505293516, 0]
235	[-58.41173505293516, 0]
235	[-58.41173505293516, 0]
235	[-58.41173505293516, 0]
235	[-58.41173505293516, 0]
235	[-58.41173505293516, 0]
235	[-58.41173505293516, 0]
235	[-58.41173505293516, 0]
235	[-58.41173505293516, 0]
235	[-58.41173505293516, 0]
235	[-58.41173505293516, 0]
235	[-58.41173505293516, 0]
235	[-58.41173505293516, 0]
235	[-58.41173505293516, 0]
235	[-58.41173505293516, 0]
235	[-58.41173505293516, 0]
235	[-58.41173505293516, 0]
235	[-58.41173505293516, 0]
235	[-58.41173505293516, 0]
235	[-58.41173505293516, 0]
235	[-58.41173505293516, 0]
235	[-58.41173505293516, 0]
235	[-58.41173505293516, 0]
235	[-58.41173505293516, 0]
235	[-58.41173505293516, 0]
235	[-58.41173505293516, 0]
235	[-58.41173505293516, 0]
235	[-58.41173505293516, 0]
235	[-58.41173505293516, 0]
235	[-58.41173505293516, 0]
235	[-58.41173505293516, 0]
235	[-58.41173505293516, 0]
235	[-58.41173505293516, 0]
236	[-58.41173505293516, 0]
236	[-58.41173505293516, 0]
236	[-58.41173505293516, 0]
236	[-58.41173505293516, 0]
236	[-58.41173505293516, 0]
236	[-58.41173505293516, 0]
236	[-58.41173505293516, 0]
236	[-58.41173505293516, 0]
236	[-58.41173505293516, 0]
236	[-58.41173505293516, 0]
236	[-58.41173505293516, 0]
236	[-58.41173505293516, 0]
236	[-58.41173505293516, 0]
236	[-58.41173505293516, 0]
236	[-58.41173505293516, 0]
236	[-58.41173505293516, 0]
236	[-58.41173505293516, 0]
236	[-58.41173505293516, 0]
236	[-58.41173505293516, 0]
236	[-58.41173505293516, 0]
236	[-58.41173505293516, 0]
236	[-58.41173505293516, 0]
236	[-58.41173505293516, 0]
236	[-58.41173505293516, 0]
236	[-58.41173505293516, 0]
236	[-58.41173505293516, 0]
236	[-58.41173505293516, 0]
236	[-58.41173505293516, 0]
236	[-58.41173505293516, 0]
236	[-58.41173505293516, 0]
236	[-58.41173505293516, 0]
236	[-58.41173505293516, 0]
236	[-58.41173505293516, 0]
236	[-58.41173505293516, 0]
236	[-58.41173505293516, 0]
236	[-58.41173505293516, 0]
236	[-58.41173505293516, 0]
236	[-58.41173505293516, 0]
236	[-58.41173505293516, 0]
236	[-58.41173505293516, 0]
236	[-58.41173505293516, 0]
236	[-58.41173505293516, 0]
236	[-58.41173505293516, 0]
236	[-58.41173505293516, 0]
236	[-58.41173505293516, 0]
236	[-58.41173505293516, 0]
236	[-58.41173505293516, 0]
236	[-58.41173505293516, 0]
236	[-58.41173505293516, 0]
236	[-58.41173505293516, 0]
236	[-58.41173505293516, 0]
236	[-58.41173505293516, 0]
236	[-58.41173505293516, 0]
236	[-58.41173505293516, 0]
236	[-58.41173505293516, 0]
236	[-58.41173505293516, 0]
236	[-58.41173505293516, 0]
236	[-58.41173505293516, 0]
236	[-58.41173505293516, 0]
236	[-58.41173505293516, 0]
236	[-58.41173505293516, 0]
236	[-58.41173505293516, 0]
236	[-58.41173505293516, 0]
236	[-58.41173505293516, 0]
236	[-58.41173505293516, 0]
236	[-58.41173505293516, 0]
236	[-58.41173505293516, 0]
236	[-58.41173505293516, 0]
236	[-58.41173505293516, 0]
236	[-58.41173505293516, 0]
236	[-58.41173505293516, 0]
236	[-58.41173505293516, 0]
236	[-58.41173505293516, 0]
236	[-58.41173505293516, 0]
236	[-58.41173505293516, 0]
236	[-58.41173505293516, 0]
236	[-58.41173505293516, 0]
236	[-58.41173505293516, 0]
236	[-58.41173505293516, 0]
236	[-58.41173505293516, 0]
237	[-58.41173505293516, 0]
237	[-58.41173505293516, 0]
237	[-58.41173505293516, 0]
237	[-58.41173505293516, 0]
237	[-58.41173505293516, 0]
237	[-58.41173505293516, 0]
237	[-58.41173505293516, 0]
237	[-58.41173505293516, 0]
237	[-58.41173505293516, 0]
237	[-58.41173505293516, 0]
237	[-58.41173505293516, 0]
237	[-58.41173505293516, 0]
237	[-58.41173505293516, 0]
237	[-58.41173505293516, 0]
237	[-58.41173505293516, 0]
237	[-58.41173505293516, 0]
237	[-58.41173505293516, 0]
237	[-58.41173505293516, 0]
237	[-58.41173505293516, 0]
237	[-58.41173505293516, 0]
237	[-58.41173505293516, 0]
237	[-58.41173505293516, 0]
237	[-58.41173505293516, 0]
237	[-58.41173505293516, 0]
237	[-58.41173505293516, 0]
237	[-58.41173505293516, 0]
237	[-58.41173505293516, 0]
237	[-58.41173505293516, 0]
237	[-58.41173505293516, 0]
237	[-58.41173505293516, 0]
237	[-58.41173505293516, 0]
237	[-58.41173505293516, 0]
237	[-58.41173505293516, 0]
237	[-58.41173505293516, 0]
237	[-58.41173505293516, 0]
237	[-58.41173505293516, 0]
237	[-58.41173505293516, 0]
237	[-58.41173505293516, 0]
237	[-58.41173505293516, 0]
237	[-58.41173505293516, 0]
237	[-58.41173505293516, 0]
237	[-58.41173505293516, 0]
237	[-58.41173505293516, 0]
237	[-58.41173505293516, 0]
237	[-58.41173505293516, 0]
237	[-58.41173505293516, 0]
237	[-58.41173505293516, 0]
237	[-58.41173505293516, 0]
237	[-58.41173505293516, 0]
237	[-58.41173505293516, 0]
237	[-58.41173505293516, 0]
237	[-58.41173505293516, 0]
237	[-58.41173505293516, 0]
237	[-58.41173505293516, 0]
237	[-58.41173505293516, 0]
237	[-58.41173505293516, 0]
237	[-58.41173505293516, 0]
237	[-58.41173505293516, 0]
237	[-58.41173505293516, 0]
237	[-58.41173505293516, 0]
237	[-58.41173505293516, 0]
237	[-58.41173505293516, 0]
237	[-58.41173505293516, 0]
237	[-58.41173505293516, 0]
237	[-58.41173505293516, 0]
237	[-58.41173505293516, 0]
237	[-58.41173505293516, 0]
237	[-58.41173505293516, 0]
237	[-58.41173505293516, 0]
237	[-58.41173505293516, 0]
237	[-58.41173505293516, 0]
237	[-58.41173505293516, 0]
237	[-58.41173505293516, 0]
237	[-58.41173505293516, 0]
237	[-58.41173505293516, 0]
237	[-58.41173505293516, 0]
237	[-58.41173505293516, 0]
237	[-58.41173505293516, 0]
237	[-58.41173505293516, 0]
237	[-58.41173505293516, 0]
238	[-58.41173505293516, 0]
238	[-58.41173505293516, 0]
238	[-58.41173505293516, 0]
238	[-58.41173505293516, 0]
238	[-58.41173505293516, 0]
238	[-58.41173505293516, 0]
238	[-58.41173505293516, 0]
238	[-58.41173505293516, 0]
238	[-58.41173505293516, 0]
238	[-58.41173505293516, 0]
238	[-58.41173505293516, 0]
238	[-58.41173505293516, 0]
238	[-58.41173505293516, 0]
238	[-58.41173505293516, 0]
238	[-58.41173505293516, 0]
238	[-58.41173505293516, 0]
238	[-58.41173505293516, 0]
238	[-58.41173505293516, 0]
238	[-58.41173505293516, 0]
238	[-58.41173505293516, 0]
238	[-58.41173505293516, 0]
238	[-58.41173505293516, 0]
238	[-58.41173505293516, 0]
238	[-58.41173505293516, 0]
238	[-58.41173505293516, 0]
238	[-58.41173505293516, 0]
238	[-58.41173505293516, 0]
238	[-58.41173505293516, 0]
238	[-58.41173505293516, 0]
238	[-58.41173505293516, 0]
238	[-58.41173505293516, 0]
238	[-58.41173505293516, 0]
238	[-58.41173505293516, 0]
238	[-58.41173505293516, 0]
238	[-58.41173505293516, 0]
238	[-58.41173505293516, 0]
238	[-58.41173505293516, 0]
238	[-58.41173505293516, 0]
238	[-58.41173505293516, 0]
238	[-58.41173505293516, 0]
238	[-58.41173505293516, 0]
238	[-58.41173505293516, 0]
238	[-58.41173505293516, 0]
238	[-58.41173505293516, 0]
238	[-58.41173505293516, 0]
238	[-58.41173505293516, 0]
238	[-58.41173505293516, 0]
238	[-58.41173505293516, 0]
238	[-58.41173505293516, 0]
238	[-58.41173505293516, 0]
238	[-58.41173505293516, 0]
238	[-58.41173505293516, 0]
238	[-58.41173505293516, 0]
238	[-58.41173505293516, 0]
238	[-58.41173505293516, 0]
238	[-58.41173505293516, 0]
238	[-58.41173505293516, 0]
238	[-58.41173505293516, 0]
238	[-58.41173505293516, 0]
238	[-58.41173505293516, 0]
238	[-58.41173505293516, 0]
238	[-58.41173505293516, 0]
238	[-58.41173505293516, 0]
238	[-58.41173505293516, 0]
238	[-58.41173505293516, 0]
238	[-58.41173505293516, 0]
238	[-58.41173505293516, 0]
238	[-58.41173505293516, 0]
238	[-58.41173505293516, 0]
238	[-58.41173505293516, 0]
238	[-58.41173505293516, 0]
238	[-58.41173505293516, 0]
238	[-58.41173505293516, 0]
238	[-58.41173505293516, 0]
238	[-58.41173505293516, 0]
238	[-58.41173505293516, 0]
238	[-58.41173505293516, 0]
238	[-58.41173505293516, 0]
238	[-58.41173505293516, 0]
238	[-58.41173505293516, 0]
239	[-58.41173505293516, 0]
239	[-58.41173505293516, 0]
239	[-58.41173505293516, 0]
239	[-58.41173505293516, 0]
239	[-58.41173505293516, 0]
239	[-58.41173505293516, 0]
239	[-58.41173505293516, 0]
239	[-58.41173505293516, 0]
239	[-58.41173505293516, 0]
239	[-58.41173505293516, 0]
239	[-58.41173505293516, 0]
239	[-58.41173505293516, 0]
239	[-58.41173505293516, 0]
239	[-58.41173505293516, 0]
239	[-58.41173505293516, 0]
239	[-58.41173505293516, 0]
239	[-58.41173505293516, 0]
239	[-58.41173505293516, 0]
239	[-58.41173505293516, 0]
239	[-58.41173505293516, 0]
239	[-58.41173505293516, 0]
239	[-58.41173505293516, 0]
239	[-58.41173505293516, 0]
239	[-58.41173505293516, 0]
239	[-58.41173505293516, 0]
239	[-58.41173505293516, 0]
239	[-58.41173505293516, 0]
239	[-58.41173505293516, 0]
239	[-58.41173505293516, 0]
239	[-58.41173505293516, 0]
239	[-58.41173505293516, 0]
239	[-58.41173505293516, 0]
239	[-58.41173505293516, 0]
239	[-58.41173505293516, 0]
239	[-58.41173505293516, 0]
239	[-58.41173505293516, 0]
239	[-58.41173505293516, 0]
239	[-58.41173505293516, 0]
239	[-58.41173505293516, 0]
239	[-58.41173505293516, 0]
239	[-58.41173505293516, 0]
239	[-58.41173505293516, 0]
239	[-58.41173505293516, 0]
239	[-58.41173505293516, 0]
239	[-58.41173505293516, 0]
239	[-58.41173505293516, 0]
239	[-58.41173505293516, 0]
239	[-58.41173505293516, 0]
239	[-58.41173505293516, 0]
239	[-58.41173505293516, 0]
239	[-58.41173505293516, 0]
239	[-58.41173505293516, 0]
239	[-58.41173505293516, 0]
239	[-58.41173505293516, 0]
239	[-58.41173505293516, 0]
239	[-58.41173505293516, 0]
239	[-58.41173505293516, 0]
239	[-58.41173505293516, 0]
239	[-58.41173505293516, 0]
239	[-58.41173505293516, 0]
239	[-58.41173505293516, 0]
239	[-58.41173505293516, 0]
239	[-58.41173505293516, 0]
239	[-58.41173505293516, 0]
239	[-58.41173505293516, 0]
239	[-58.41173505293516, 0]
239	[-58.41173505293516, 0]
239	[-58.41173505293516, 0]
239	[-58.41173505293516, 0]
239	[-58.41173505293516, 0]
239	[-58.41173505293516, 0]
239	[-58.41173505293516, 0]
239	[-58.41173505293516, 0]
239	[-58.41173505293516, 0]
239	[-58.41173505293516, 0]
239	[-58.41173505293516, 0]
239	[-58.41173505293516, 0]
239	[-58.41173505293516, 0]
239	[-58.41173505293516, 0]
239	[-58.41173505293516, 0]
240	[-58.41173505293516, 0]
240	[-58.41173505293516, 0]
240	[-58.41173505293516, 0]
240	[-58.41173505293516, 0]
240	[-58.41173505293516, 0]
240	[-58.41173505293516, 0]
240	[-58.41173505293516, 0]
240	[-58.41173505293516, 0]
240	[-58.41173505293516, 0]
240	[-58.41173505293516, 0]
240	[-58.41173505293516, 0]
240	[-58.41173505293516, 0]
240	[-58.41173505293516, 0]
240	[-58.41173505293516, 0]
240	[-58.41173505293516, 0]
240	[-58.41173505293516, 0]
240	[-58.41173505293516, 0]
240	[-58.41173505293516, 0]
240	[-58.41173505293516, 0]
240	[-58.41173505293516, 0]
240	[-58.41173505293516, 0]
240	[-58.41173505293516, 0]
240	[-58.41173505293516, 0]
240	[-58.41173505293516, 0]
240	[-58.41173505293516, 0]
240	[-58.41173505293516, 0]
240	[-58.41173505293516, 0]
240	[-58.41173505293516, 0]
240	[-58.41173505293516, 0]
240	[-58.41173505293516, 0]
240	[-58.41173505293516, 0]
240	[-58.41173505293516, 0]
240	[-58.41173505293516, 0]
240	[-58.41173505293516, 0]
240	[-58.41173505293516, 0]
240	[-58.41173505293516, 0]
240	[-58.41173505293516, 0]
240	[-58.41173505293516, 0]
240	[-58.41173505293516, 0]
240	[-58.41173505293516, 0]
240	[-58.41173505293516, 0]
240	[-58.41173505293516, 0]
240	[-58.41173505293516, 0]
240	[-58.41173505293516, 0]
240	[-58.41173505293516, 0]
240	[-58.41173505293516, 0]
240	[-58.41173505293516, 0]
240	[-58.41173505293516, 0]
240	[-58.41173505293516, 0]
240	[-58.41173505293516, 0]
240	[-58.41173505293516, 0]
240	[-58.41173505293516, 0]
240	[-58.41173505293516, 0]
240	[-58.41173505293516, 0]
240	[-58.41173505293516, 0]
240	[-58.41173505293516, 0]
240	[-58.41173505293516, 0]
240	[-58.41173505293516, 0]
240	[-58.41173505293516, 0]
240	[-58.41173505293516, 0]
240	[-58.41173505293516, 0]
240	[-58.41173505293516, 0]
240	[-58.41173505293516, 0]
240	[-58.41173505293516, 0]
240	[-58.41173505293516, 0]
240	[-58.41173505293516, 0]
240	[-58.41173505293516, 0]
240	[-58.41173505293516, 0]
240	[-58.41173505293516, 0]
240	[-58.41173505293516, 0]
240	[-58.41173505293516, 0]
240	[-58.41173505293516, 0]
240	[-58.41173505293516, 0]
240	[-58.41173505293516, 0]
240	[-58.41173505293516, 0]
240	[-58.41173505293516, 0]
240	[-58.41173505293516, 0]
240	[-58.41173505293516, 0]
240	[-58.41173505293516, 0]
240	[-58.41173505293516, 0]
241	[-58.41173505293516, 0]
241	[-58.41173505293516, 0]
241	[-58.41173505293516, 0]
241	[-58.41173505293516, 0]
241	[-58.41173505293516, 0]
241	[-58.41173505293516, 0]
241	[-58.41173505293516, 0]
241	[-58.41173505293516, 0]
241	[-58.41173505293516, 0]
241	[-58.41173505293516, 0]
241	[-58.41173505293516, 0]
241	[-58.41173505293516, 0]
241	[-58.41173505293516, 0]
241	[-58.41173505293516, 0]
241	[-58.41173505293516, 0]
241	[-58.41173505293516, 0]
241	[-58.41173505293516, 0]
241	[-58.41173505293516, 0]
241	[-58.41173505293516, 0]
241	[-58.41173505293516, 0]
241	[-58.41173505293516, 0]
241	[-58.41173505293516, 0]
241	[-58.41173505293516, 0]
241	[-58.41173505293516, 0]
241	[-58.41173505293516, 0]
241	[-58.41173505293516, 0]
241	[-58.41173505293516, 0]
241	[-58.41173505293516, 0]
241	[-58.41173505293516, 0]
241	[-58.41173505293516, 0]
241	[-58.41173505293516, 0]
241	[-58.41173505293516, 0]
241	[-58.41173505293516, 0]
241	[-58.41173505293516, 0]
241	[-58.41173505293516, 0]
241	[-58.41173505293516, 0]
241	[-58.41173505293516, 0]
241	[-58.41173505293516, 0]
241	[-58.41173505293516, 0]
241	[-58.41173505293516, 0]
241	[-58.41173505293516, 0]
241	[-58.41173505293516, 0]
241	[-58.41173505293516, 0]
241	[-58.41173505293516, 0]
241	[-58.41173505293516, 0]
241	[-58.41173505293516, 0]
241	[-58.41173505293516, 0]
241	[-58.41173505293516, 0]
241	[-58.41173505293516, 0]
241	[-58.41173505293516, 0]
241	[-58.41173505293516, 0]
241	[-58.41173505293516, 0]
241	[-58.41173505293516, 0]
241	[-58.41173505293516, 0]
241	[-58.41173505293516, 0]
241	[-58.41173505293516, 0]
241	[-58.41173505293516, 0]
241	[-58.41173505293516, 0]
241	[-58.41173505293516, 0]
241	[-58.41173505293516, 0]
241	[-58.41173505293516, 0]
241	[-58.41173505293516, 0]
241	[-58.41173505293516, 0]
241	[-58.41173505293516, 0]
241	[-58.41173505293516, 0]
241	[-58.41173505293516, 0]
241	[-58.41173505293516, 0]
241	[-58.41173505293516, 0]
241	[-58.41173505293516, 0]
241	[-58.41173505293516, 0]
241	[-58.41173505293516, 0]
241	[-58.41173505293516, 0]
241	[-58.41173505293516, 0]
241	[-58.41173505293516, 0]
241	[-58.41173505293516, 0]
241	[-58.41173505293516, 0]
241	[-58.41173505293516, 0]
241	[-58.41173505293516, 0]
241	[-58.41173505293516, 0]
241	[-58.41173505293516, 0]
242	[-58.41173505293516, 0]
242	[-58.41173505293516, 0]
242	[-58.41173505293516, 0]
242	[-58.41173505293516, 0]
242	[-58.41173505293516, 0]
242	[-58.41173505293516, 0]
242	[-58.41173505293516, 0]
242	[-58.41173505293516, 0]
242	[-58.41173505293516, 0]
242	[-58.41173505293516, 0]
242	[-58.41173505293516, 0]
242	[-58.41173505293516, 0]
242	[-58.41173505293516, 0]
242	[-58.41173505293516, 0]
242	[-58.41173505293516, 0]
242	[-58.41173505293516, 0]
242	[-58.41173505293516, 0]
242	[-58.41173505293516, 0]
242	[-58.41173505293516, 0]
242	[-58.41173505293516, 0]
242	[-58.41173505293516, 0]
242	[-58.41173505293516, 0]
242	[-58.41173505293516, 0]
242	[-58.41173505293516, 0]
242	[-58.41173505293516, 0]
242	[-58.41173505293516, 0]
242	[-58.41173505293516, 0]
242	[-58.41173505293516, 0]
242	[-58.41173505293516, 0]
242	[-58.41173505293516, 0]
242	[-58.41173505293516, 0]
242	[-58.41173505293516, 0]
242	[-58.41173505293516, 0]
242	[-58.41173505293516, 0]
242	[-58.41173505293516, 0]
242	[-58.41173505293516, 0]
242	[-58.41173505293516, 0]
242	[-58.41173505293516, 0]
242	[-58.41173505293516, 0]
242	[-58.41173505293516, 0]
242	[-58.41173505293516, 0]
242	[-58.41173505293516, 0]
242	[-58.41173505293516, 0]
242	[-58.41173505293516, 0]
242	[-58.41173505293516, 0]
242	[-58.41173505293516, 0]
242	[-58.41173505293516, 0]
242	[-58.41173505293516, 0]
242	[-58.41173505293516, 0]
242	[-58.41173505293516, 0]
242	[-58.41173505293516, 0]
242	[-58.41173505293516, 0]
242	[-58.41173505293516, 0]
242	[-58.41173505293516, 0]
242	[-58.41173505293516, 0]
242	[-58.41173505293516, 0]
242	[-58.41173505293516, 0]
242	[-58.41173505293516, 0]
242	[-58.41173505293516, 0]
242	[-58.41173505293516, 0]
242	[-58.41173505293516, 0]
242	[-58.41173505293516, 0]
242	[-58.41173505293516, 0]
242	[-58.41173505293516, 0]
242	[-58.41173505293516, 0]
242	[-58.41173505293516, 0]
242	[-58.41173505293516, 0]
242	[-58.41173505293516, 0]
242	[-58.41173505293516, 0]
242	[-58.41173505293516, 0]
242	[-58.41173505293516, 0]
242	[-58.41173505293516, 0]
242	[-58.41173505293516, 0]
242	[-58.41173505293516, 0]
242	[-58.41173505293516, 0]
242	[-58.41173505293516, 0]
242	[-58.41173505293516, 0]
242	[-58.41173505293516, 0]
242	[-58.41173505293516, 0]
242	[-58.41173505293516, 0]
243	[-58.41173505293516, 0]
243	[-58.41173505293516, 0]
243	[-58.41173505293516, 0]
243	[-58.41173505293516, 0]
243	[-58.41173505293516, 0]
243	[-58.41173505293516, 0]
243	[-58.41173505293516, 0]
243	[-58.41173505293516, 0]
243	[-58.41173505293516, 0]
243	[-58.41173505293516, 0]
243	[-58.41173505293516, 0]
243	[-58.41173505293516, 0]
243	[-58.41173505293516, 0]
243	[-58.41173505293516, 0]
243	[-58.41173505293516, 0]
243	[-58.41173505293516, 0]
243	[-58.41173505293516, 0]
243	[-58.41173505293516, 0]
243	[-58.41173505293516, 0]
243	[-58.41173505293516, 0]
243	[-58.41173505293516, 0]
243	[-58.41173505293516, 0]
243	[-58.41173505293516, 0]
243	[-58.41173505293516, 0]
243	[-58.41173505293516, 0]
243	[-58.41173505293516, 0]
243	[-58.41173505293516, 0]
243	[-58.41173505293516, 0]
243	[-58.41173505293516, 0]
243	[-58.41173505293516, 0]
243	[-58.41173505293516, 0]
243	[-58.41173505293516, 0]
243	[-58.41173505293516, 0]
243	[-58.41173505293516, 0]
243	[-58.41173505293516, 0]
243	[-58.41173505293516, 0]
243	[-58.41173505293516, 0]
243	[-58.41173505293516, 0]
243	[-58.41173505293516, 0]
243	[-58.41173505293516, 0]
243	[-58.41173505293516, 0]
243	[-58.41173505293516, 0]
243	[-58.41173505293516, 0]
243	[-58.41173505293516, 0]
243	[-58.41173505293516, 0]
243	[-58.41173505293516, 0]
243	[-58.41173505293516, 0]
243	[-58.41173505293516, 0]
243	[-58.41173505293516, 0]
243	[-58.41173505293516, 0]
243	[-58.41173505293516, 0]
243	[-58.41173505293516, 0]
243	[-58.41173505293516, 0]
243	[-58.41173505293516, 0]
243	[-58.41173505293516, 0]
243	[-58.41173505293516, 0]
243	[-58.41173505293516, 0]
243	[-58.41173505293516, 0]
243	[-58.41173505293516, 0]
243	[-58.41173505293516, 0]
243	[-58.41173505293516, 0]
243	[-58.41173505293516, 0]
243	[-58.41173505293516, 0]
243	[-58.41173505293516, 0]
243	[-58.41173505293516, 0]
243	[-58.41173505293516, 0]
243	[-58.41173505293516, 0]
243	[-58.41173505293516, 0]
243	[-58.41173505293516, 0]
243	[-58.41173505293516, 0]
243	[-58.41173505293516, 0]
243	[-58.41173505293516, 0]
243	[-58.41173505293516, 0]
243	[-58.41173505293516, 0]
243	[-58.41173505293516, 0]
243	[-58.41173505293516, 0]
243	[-58.41173505293516, 0]
243	[-58.41173505293516, 0]
243	[-58.41173505293516, 0]
243	[-58.41173505293516, 0]
244	[-58.41173505293516, 0]
244	[-58.41173505293516, 0]
244	[-58.41173505293516, 0]
244	[-58.41173505293516, 0]
244	[-58.41173505293516, 0]
244	[-58.41173505293516, 0]
244	[-58.41173505293516, 0]
244	[-58.41173505293516, 0]
244	[-58.41173505293516, 0]
244	[-58.41173505293516, 0]
244	[-58.41173505293516, 0]
244	[-58.41173505293516, 0]
244	[-58.41173505293516, 0]
244	[-58.41173505293516, 0]
244	[-58.41173505293516, 0]
244	[-58.41173505293516, 0]
244	[-58.41173505293516, 0]
244	[-58.41173505293516, 0]
244	[-58.41173505293516, 0]
244	[-58.41173505293516, 0]
244	[-58.41173505293516, 0]
244	[-58.41173505293516, 0]
244	[-58.41173505293516, 0]
244	[-58.41173505293516, 0]
244	[-58.41173505293516, 0]
244	[-58.41173505293516, 0]
244	[-58.41173505293516, 0]
244	[-58.41173505293516, 0]
244	[-58.41173505293516, 0]
244	[-58.41173505293516, 0]
244	[-58.41173505293516, 0]
244	[-58.41173505293516, 0]
244	[-58.41173505293516, 0]
244	[-58.41173505293516, 0]
244	[-58.41173505293516, 0]
244	[-58.41173505293516, 0]
244	[-58.41173505293516, 0]
244	[-58.41173505293516, 0]
244	[-58.41173505293516, 0]
244	[-58.41173505293516, 0]
244	[-58.41173505293516, 0]
244	[-58.41173505293516, 0]
244	[-58.41173505293516, 0]
244	[-58.41173505293516, 0]
244	[-58.41173505293516, 0]
244	[-58.41173505293516, 0]
244	[-58.41173505293516, 0]
244	[-58.41173505293516, 0]
244	[-58.41173505293516, 0]
244	[-58.41173505293516, 0]
244	[-58.41173505293516, 0]
244	[-58.41173505293516, 0]
244	[-58.41173505293516, 0]
244	[-58.41173505293516, 0]
244	[-58.41173505293516, 0]
244	[-58.41173505293516, 0]
244	[-58.41173505293516, 0]
244	[-58.41173505293516, 0]
244	[-58.41173505293516, 0]
244	[-58.41173505293516, 0]
244	[-58.41173505293516, 0]
244	[-58.41173505293516, 0]
244	[-58.41173505293516, 0]
244	[-58.41173505293516, 0]
244	[-58.41173505293516, 0]
244	[-58.41173505293516, 0]
244	[-58.41173505293516, 0]
244	[-58.41173505293516, 0]
244	[-58.41173505293516, 0]
244	[-58.41173505293516, 0]
244	[-58.41173505293516, 0]
244	[-58.41173505293516, 0]
244	[-58.41173505293516, 0]
244	[-58.41173505293516, 0]
244	[-58.41173505293516, 0]
244	[-58.41173505293516, 0]
244	[-58.41173505293516, 0]
244	[-58.41173505293516, 0]
244	[-58.41173505293516, 0]
244	[-58.41173505293516, 0]
245	[-58.41173505293516, 0]
245	[-58.41173505293516, 0]
245	[-58.41173505293516, 0]
245	[-58.41173505293516, 0]
245	[-58.41173505293516, 0]
245	[-58.41173505293516, 0]
245	[-58.41173505293516, 0]
245	[-58.41173505293516, 0]
245	[-58.41173505293516, 0]
245	[-58.41173505293516, 0]
245	[-58.41173505293516, 0]
245	[-58.41173505293516, 0]
245	[-58.41173505293516, 0]
245	[-58.41173505293516, 0]
245	[-58.41173505293516, 0]
245	[-58.41173505293516, 0]
245	[-58.41173505293516, 0]
245	[-58.41173505293516, 0]
245	[-58.41173505293516, 0]
245	[-58.41173505293516, 0]
245	[-58.41173505293516, 0]
245	[-58.41173505293516, 0]
245	[-58.41173505293516, 0]
245	[-58.41173505293516, 0]
245	[-58.41173505293516, 0]
245	[-58.41173505293516, 0]
245	[-58.41173505293516, 0]
245	[-58.41173505293516, 0]
245	[-58.41173505293516, 0]
245	[-58.41173505293516, 0]
245	[-58.41173505293516, 0]
245	[-58.41173505293516, 0]
245	[-58.41173505293516, 0]
245	[-58.41173505293516, 0]
245	[-58.41173505293516, 0]
245	[-58.41173505293516, 0]
245	[-58.41173505293516, 0]
245	[-58.41173505293516, 0]
245	[-58.41173505293516, 0]
245	[-58.41173505293516, 0]
245	[-58.41173505293516, 0]
245	[-58.41173505293516, 0]
245	[-58.41173505293516, 0]
245	[-58.41173505293516, 0]
245	[-58.41173505293516, 0]
245	[-58.41173505293516, 0]
245	[-58.41173505293516, 0]
245	[-58.41173505293516, 0]
245	[-58.41173505293516, 0]
245	[-58.41173505293516, 0]
245	[-58.41173505293516, 0]
245	[-58.41173505293516, 0]
245	[-58.41173505293516, 0]
245	[-58.41173505293516, 0]
245	[-58.41173505293516, 0]
245	[-58.41173505293516, 0]
245	[-58.41173505293516, 0]
245	[-58.41173505293516, 0]
245	[-58.41173505293516, 0]
245	[-58.41173505293516, 0]
245	[-58.41173505293516, 0]
245	[-58.41173505293516, 0]
245	[-58.41173505293516, 0]
245	[-58.41173505293516, 0]
245	[-58.41173505293516, 0]
245	[-58.41173505293516, 0]
245	[-58.41173505293516, 0]
245	[-58.41173505293516, 0]
245	[-58.41173505293516, 0]
245	[-58.41173505293516, 0]
245	[-58.41173505293516, 0]
245	[-58.41173505293516, 0]
245	[-58.41173505293516, 0]
245	[-58.41173505293516, 0]
245	[-58.41173505293516, 0]
245	[-58.41173505293516, 0]
245	[-58.41173505293516, 0]
245	[-58.41173505293516, 0]
245	[-58.41173505293516, 0]
245	[-58.41173505293516, 0]
246	[-58.41173505293516, 0]
246	[-58.41173505293516, 0]
246	[-58.41173505293516, 0]
246	[-58.41173505293516, 0]
246	[-58.41173505293516, 0]
246	[-58.41173505293516, 0]
246	[-58.41173505293516, 0]
246	[-58.41173505293516, 0]
246	[-58.41173505293516, 0]
246	[-58.41173505293516, 0]
246	[-58.41173505293516, 0]
246	[-58.41173505293516, 0]
246	[-58.41173505293516, 0]
246	[-58.41173505293516, 0]
246	[-58.41173505293516, 0]
246	[-58.41173505293516, 0]
246	[-58.41173505293516, 0]
246	[-58.41173505293516, 0]
246	[-58.41173505293516, 0]
246	[-58.41173505293516, 0]
246	[-58.41173505293516, 0]
246	[-58.41173505293516, 0]
246	[-58.41173505293516, 0]
246	[-58.41173505293516, 0]
246	[-58.41173505293516, 0]
246	[-58.41173505293516, 0]
246	[-58.41173505293516, 0]
246	[-58.41173505293516, 0]
246	[-58.41173505293516, 0]
246	[-58.41173505293516, 0]
246	[-58.41173505293516, 0]
246	[-58.41173505293516, 0]
246	[-58.41173505293516, 0]
246	[-58.41173505293516, 0]
246	[-58.41173505293516, 0]
246	[-58.41173505293516, 0]
246	[-58.41173505293516, 0]
246	[-58.41173505293516, 0]
246	[-58.41173505293516, 0]
246	[-58.41173505293516, 0]
246	[-58.41173505293516, 0]
246	[-58.41173505293516, 0]
246	[-58.41173505293516, 0]
246	[-58.41173505293516, 0]
246	[-58.41173505293516, 0]
246	[-58.41173505293516, 0]
246	[-58.41173505293516, 0]
246	[-58.41173505293516, 0]
246	[-58.41173505293516, 0]
246	[-58.41173505293516, 0]
246	[-58.41173505293516, 0]
246	[-58.41173505293516, 0]
246	[-58.41173505293516, 0]
246	[-58.41173505293516, 0]
246	[-58.41173505293516, 0]
246	[-58.41173505293516, 0]
246	[-58.41173505293516, 0]
246	[-58.41173505293516, 0]
246	[-58.41173505293516, 0]
246	[-58.41173505293516, 0]
246	[-58.41173505293516, 0]
246	[-58.41173505293516, 0]
246	[-58.41173505293516, 0]
246	[-58.41173505293516, 0]
246	[-58.41173505293516, 0]
246	[-58.41173505293516, 0]
246	[-58.41173505293516, 0]
246	[-58.41173505293516, 0]
246	[-58.41173505293516, 0]
246	[-58.41173505293516, 0]
246	[-58.41173505293516, 0]
246	[-58.41173505293516, 0]
246	[-58.41173505293516, 0]
246	[-58.41173505293516, 0]
246	[-58.41173505293516, 0]
246	[-58.41173505293516, 0]
246	[-58.41173505293516, 0]
246	[-58.41173505293516, 0]
246	[-58.41173505293516, 0]
246	[-58.41173505293516, 0]
247	[-58.41173505293516, 0]
247	[-58.41173505293516, 0]
247	[-58.41173505293516, 0]
247	[-58.41173505293516, 0]
247	[-58.41173505293516, 0]
247	[-58.41173505293516, 0]
247	[-58.41173505293516, 0]
247	[-58.41173505293516, 0]
247	[-58.41173505293516, 0]
247	[-58.41173505293516, 0]
247	[-58.41173505293516, 0]
247	[-58.41173505293516, 0]
247	[-58.41173505293516, 0]
247	[-58.41173505293516, 0]
247	[-58.41173505293516, 0]
247	[-58.41173505293516, 0]
247	[-58.41173505293516, 0]
247	[-58.41173505293516, 0]
247	[-58.41173505293516, 0]
247	[-58.41173505293516, 0]
247	[-58.41173505293516, 0]
247	[-58.41173505293516, 0]
247	[-58.41173505293516, 0]
247	[-58.41173505293516, 0]
247	[-58.41173505293516, 0]
247	[-58.41173505293516, 0]
247	[-58.41173505293516, 0]
247	[-58.41173505293516, 0]
247	[-58.41173505293516, 0]
247	[-58.41173505293516, 0]
247	[-58.41173505293516, 0]
247	[-58.41173505293516, 0]
247	[-58.41173505293516, 0]
247	[-58.41173505293516, 0]
247	[-58.41173505293516, 0]
247	[-58.41173505293516, 0]
247	[-58.41173505293516, 0]
247	[-58.41173505293516, 0]
247	[-58.41173505293516, 0]
247	[-58.41173505293516, 0]
247	[-58.41173505293516, 0]
247	[-58.41173505293516, 0]
247	[-58.41173505293516, 0]
247	[-58.41173505293516, 0]
247	[-58.41173505293516, 0]
247	[-58.41173505293516, 0]
247	[-58.41173505293516, 0]
247	[-58.41173505293516, 0]
247	[-58.41173505293516, 0]
247	[-58.41173505293516, 0]
247	[-58.41173505293516, 0]
247	[-58.41173505293516, 0]
247	[-58.41173505293516, 0]
247	[-58.41173505293516, 0]
247	[-58.41173505293516, 0]
247	[-58.41173505293516, 0]
247	[-58.41173505293516, 0]
247	[-58.41173505293516, 0]
247	[-58.41173505293516, 0]
247	[-58.41173505293516, 0]
247	[-58.41173505293516, 0]
247	[-58.41173505293516, 0]
247	[-58.41173505293516, 0]
247	[-58.41173505293516, 0]
247	[-58.41173505293516, 0]
247	[-58.41173505293516, 0]
247	[-58.41173505293516, 0]
247	[-58.41173505293516, 0]
247	[-58.41173505293516, 0]
247	[-58.41173505293516, 0]
247	[-58.41173505293516, 0]
247	[-58.41173505293516, 0]
247	[-58.41173505293516, 0]
247	[-58.41173505293516, 0]
247	[-58.41173505293516, 0]
247	[-58.41173505293516, 0]
247	[-58.41173505293516, 0]
247	[-58.41173505293516, 0]
247	[-58.41173505293516, 0]
247	[-58.41173505293516, 0]
248	[-58.41173505293516, 0]
248	[-58.41173505293516, 0]
248	[-58.41173505293516, 0]
248	[-58.41173505293516, 0]
248	[-58.41173505293516, 0]
248	[-58.41173505293516, 0]
248	[-58.41173505293516, 0]
248	[-58.41173505293516, 0]
248	[-58.41173505293516, 0]
248	[-58.41173505293516, 0]
248	[-58.41173505293516, 0]
248	[-58.41173505293516, 0]
248	[-58.41173505293516, 0]
248	[-58.41173505293516, 0]
248	[-58.41173505293516, 0]
248	[-58.41173505293516, 0]
248	[-58.41173505293516, 0]
248	[-58.41173505293516, 0]
248	[-58.41173505293516, 0]
248	[-58.41173505293516, 0]
248	[-58.41173505293516, 0]
248	[-58.41173505293516, 0]
248	[-58.41173505293516, 0]
248	[-58.41173505293516, 0]
248	[-58.41173505293516, 0]
248	[-58.41173505293516, 0]
248	[-58.41173505293516, 0]
248	[-58.41173505293516, 0]
248	[-58.41173505293516, 0]
248	[-58.41173505293516, 0]
248	[-58.41173505293516, 0]
248	[-58.41173505293516, 0]
248	[-58.41173505293516, 0]
248	[-58.41173505293516, 0]
248	[-58.41173505293516, 0]
248	[-58.41173505293516, 0]
248	[-58.41173505293516, 0]
248	[-58.41173505293516, 0]
248	[-58.41173505293516, 0]
248	[-58.41173505293516, 0]
248	[-58.41173505293516, 0]
248	[-58.41173505293516, 0]
248	[-58.41173505293516, 0]
248	[-58.41173505293516, 0]
248	[-58.41173505293516, 0]
248	[-58.41173505293516, 0]
248	[-58.41173505293516, 0]
248	[-58.41173505293516, 0]
248	[-58.41173505293516, 0]
248	[-58.41173505293516, 0]
248	[-58.41173505293516, 0]
248	[-58.41173505293516, 0]
248	[-58.41173505293516, 0]
248	[-58.41173505293516, 0]
248	[-58.41173505293516, 0]
248	[-58.41173505293516, 0]
248	[-58.41173505293516, 0]
248	[-58.41173505293516, 0]
248	[-58.41173505293516, 0]
248	[-58.41173505293516, 0]
248	[-58.41173505293516, 0]
248	[-58.41173505293516, 0]
248	[-58.41173505293516, 0]
248	[-58.41173505293516, 0]
248	[-58.41173505293516, 0]
248	[-58.41173505293516, 0]
248	[-58.41173505293516, 0]
248	[-58.41173505293516, 0]
248	[-58.41173505293516, 0]
248	[-58.41173505293516, 0]
248	[-58.41173505293516, 0]
248	[-58.41173505293516, 0]
248	[-58.41173505293516, 0]
248	[-58.41173505293516, 0]
248	[-58.41173505293516, 0]
248	[-58.41173505293516, 0]
248	[-58.41173505293516, 0]
248	[-58.41173505293516, 0]
248	[-58.41173505293516, 0]
248	[-58.41173505293516, 0]
249	[-58.41173505293516, 0]
249	[-58.41173505293516, 0]
249	[-58.41173505293516, 0]
249	[-58.41173505293516, 0]
249	[-58.41173505293516, 0]
249	[-58.41173505293516, 0]
249	[-58.41173505293516, 0]
249	[-58.41173505293516, 0]
249	[-58.41173505293516, 0]
249	[-58.41173505293516, 0]
249	[-58.41173505293516, 0]
249	[-58.41173505293516, 0]
249	[-58.41173505293516, 0]
249	[-58.41173505293516, 0]
249	[-58.41173505293516, 0]
249	[-58.41173505293516, 0]
249	[-58.41173505293516, 0]
249	[-58.41173505293516, 0]
249	[-58.41173505293516, 0]
249	[-58.41173505293516, 0]
249	[-58.41173505293516, 0]
249	[-58.41173505293516, 0]
249	[-58.41173505293516, 0]
249	[-58.41173505293516, 0]
249	[-58.41173505293516, 0]
249	[-58.41173505293516, 0]
249	[-58.41173505293516, 0]
249	[-58.41173505293516, 0]
249	[-58.41173505293516, 0]
249	[-58.41173505293516, 0]
249	[-58.41173505293516, 0]
249	[-58.41173505293516, 0]
249	[-58.41173505293516, 0]
249	[-58.41173505293516, 0]
249	[-58.41173505293516, 0]
249	[-58.41173505293516, 0]
249	[-58.41173505293516, 0]
249	[-58.41173505293516, 0]
249	[-58.41173505293516, 0]
249	[-58.41173505293516, 0]
249	[-58.41173505293516, 0]
249	[-58.41173505293516, 0]
249	[-58.41173505293516, 0]
249	[-58.41173505293516, 0]
249	[-58.41173505293516, 0]
249	[-58.41173505293516, 0]
249	[-58.41173505293516, 0]
249	[-58.41173505293516, 0]
249	[-58.41173505293516, 0]
249	[-58.41173505293516, 0]
249	[-58.41173505293516, 0]
249	[-58.41173505293516, 0]
249	[-58.41173505293516, 0]
249	[-58.41173505293516, 0]
249	[-58.41173505293516, 0]
249	[-58.41173505293516, 0]
249	[-58.41173505293516, 0]
249	[-58.41173505293516, 0]
249	[-58.41173505293516, 0]
249	[-58.41173505293516, 0]
249	[-58.41173505293516, 0]
249	[-58.41173505293516, 0]
249	[-58.41173505293516, 0]
249	[-58.41173505293516, 0]
249	[-58.41173505293516, 0]
249	[-58.41173505293516, 0]
249	[-58.41173505293516, 0]
249	[-58.41173505293516, 0]
249	[-58.41173505293516, 0]
249	[-58.41173505293516, 0]
249	[-58.41173505293516, 0]
249	[-58.41173505293516, 0]
249	[-58.41173505293516, 0]
249	[-58.41173505293516, 0]
249	[-58.41173505293516, 0]
249	[-58.41173505293516, 0]
249	[-58.41173505293516, 0]
249	[-58.41173505293516, 0]
249	[-58.41173505293516, 0]
249	[-58.41173505293516, 0]
250	[-58.41173505293516, 0]
250	[-58.41173505293516, 0]
250	[-58.41173505293516, 0]
250	[-58.41173505293516, 0]
250	[-58.41173505293516, 0]
250	[-58.41173505293516, 0]
250	[-58.41173505293516, 0]
250	[-58.41173505293516, 0]
250	[-58.41173505293516, 0]
250	[-58.41173505293516, 0]
250	[-58.41173505293516, 0]
250	[-58.41173505293516, 0]
250	[-58.41173505293516, 0]
250	[-58.41173505293516, 0]
250	[-58.41173505293516, 0]
250	[-58.41173505293516, 0]
250	[-58.41173505293516, 0]
250	[-58.41173505293516, 0]
250	[-58.41173505293516, 0]
250	[-58.41173505293516, 0]
250	[-58.41173505293516, 0]
250	[-58.41173505293516, 0]
250	[-58.41173505293516, 0]
250	[-58.41173505293516, 0]
250	[-58.41173505293516, 0]
250	[-58.41173505293516, 0]
250	[-58.41173505293516, 0]
250	[-58.41173505293516, 0]
250	[-58.41173505293516, 0]
250	[-58.41173505293516, 0]
250	[-58.41173505293516, 0]
250	[-58.41173505293516, 0]
250	[-58.41173505293516, 0]
250	[-58.41173505293516, 0]
250	[-58.41173505293516, 0]
250	[-58.41173505293516, 0]
250	[-58.41173505293516, 0]
250	[-58.41173505293516, 0]
250	[-58.41173505293516, 0]
250	[-58.41173505293516, 0]
250	[-58.41173505293516, 0]
250	[-58.41173505293516, 0]
250	[-58.41173505293516, 0]
250	[-58.41173505293516, 0]
250	[-58.41173505293516, 0]
250	[-58.41173505293516, 0]
250	[-58.41173505293516, 0]
250	[-58.41173505293516, 0]
250	[-58.41173505293516, 0]
250	[-58.41173505293516, 0]
250	[-58.41173505293516, 0]
250	[-58.41173505293516, 0]
250	[-58.41173505293516, 0]
250	[-58.41173505293516, 0]
250	[-58.41173505293516, 0]
250	[-58.41173505293516, 0]
250	[-58.41173505293516, 0]
250	[-58.41173505293516, 0]
250	[-58.41173505293516, 0]
250	[-58.41173505293516, 0]
250	[-58.41173505293516, 0]
250	[-58.41173505293516, 0]
250	[-58.41173505293516, 0]
250	[-58.41173505293516, 0]
250	[-58.41173505293516, 0]
250	[-58.41173505293516, 0]
250	[-58.41173505293516, 0]
250	[-58.41173505293516, 0]
250	[-58.41173505293516, 0]
250	[-58.41173505293516, 0]
250	[-58.41173505293516, 0]
250	[-58.41173505293516, 0]
250	[-58.41173505293516, 0]
250	[-58.41173505293516, 0]
250	[-58.41173505293516, 0]
250	[-58.41173505293516, 0]
250	[-58.41173505293516, 0]
250	[-58.41173505293516, 0]
250	[-58.41173505293516, 0]
250	[-58.41173505293516, 0]
251	[-58.41173505293516, 0]
251	[-58.41173505293516, 0]
251	[-58.41173505293516, 0]
251	[-58.41173505293516, 0]
251	[-58.41173505293516, 0]
251	[-58.41173505293516, 0]
251	[-58.41173505293516, 0]
251	[-58.41173505293516, 0]
251	[-58.41173505293516, 0]
251	[-58.41173505293516, 0]
251	[-58.41173505293516, 0]
251	[-58.41173505293516, 0]
251	[-58.41173505293516, 0]
251	[-58.41173505293516, 0]
251	[-58.41173505293516, 0]
251	[-58.41173505293516, 0]
251	[-58.41173505293516, 0]
251	[-58.41173505293516, 0]
251	[-58.41173505293516, 0]
251	[-58.41173505293516, 0]
251	[-58.41173505293516, 0]
251	[-58.41173505293516, 0]
251	[-58.41173505293516, 0]
251	[-58.41173505293516, 0]
251	[-58.41173505293516, 0]
251	[-58.41173505293516, 0]
251	[-58.41173505293516, 0]
251	[-58.41173505293516, 0]
251	[-58.41173505293516, 0]
251	[-58.41173505293516, 0]
251	[-58.41173505293516, 0]
251	[-58.41173505293516, 0]
251	[-58.41173505293516, 0]
251	[-58.41173505293516, 0]
251	[-58.41173505293516, 0]
251	[-58.41173505293516, 0]
251	[-58.41173505293516, 0]
251	[-58.41173505293516, 0]
251	[-58.41173505293516, 0]
251	[-58.41173505293516, 0]
251	[-58.41173505293516, 0]
251	[-58.41173505293516, 0]
251	[-58.41173505293516, 0]
251	[-58.41173505293516, 0]
251	[-58.41173505293516, 0]
251	[-58.41173505293516, 0]
251	[-58.41173505293516, 0]
251	[-58.41173505293516, 0]
251	[-58.41173505293516, 0]
251	[-58.41173505293516, 0]
251	[-58.41173505293516, 0]
251	[-58.41173505293516, 0]
251	[-58.41173505293516, 0]
251	[-58.41173505293516, 0]
251	[-58.41173505293516, 0]
251	[-58.41173505293516, 0]
251	[-58.41173505293516, 0]
251	[-58.41173505293516, 0]
251	[-58.41173505293516, 0]
251	[-58.41173505293516, 0]
251	[-58.41173505293516, 0]
251	[-58.41173505293516, 0]
251	[-58.41173505293516, 0]
251	[-58.41173505293516, 0]
251	[-58.41173505293516, 0]
251	[-58.41173505293516, 0]
251	[-58.41173505293516, 0]
251	[-58.41173505293516, 0]
251	[-58.41173505293516, 0]
251	[-58.41173505293516, 0]
251	[-58.41173505293516, 0]
251	[-58.41173505293516, 0]
251	[-58.41173505293516, 0]
251	[-58.41173505293516, 0]
251	[-58.41173505293516, 0]
251	[-58.41173505293516, 0]
251	[-58.41173505293516, 0]
251	[-58.41173505293516, 0]
251	[-58.41173505293516, 0]
251	[-58.41173505293516, 0]
252	[-58.41173505293516, 0]
252	[-58.41173505293516, 0]
252	[-58.41173505293516, 0]
252	[-58.41173505293516, 0]
252	[-58.41173505293516, 0]
252	[-58.41173505293516, 0]
252	[-58.41173505293516, 0]
252	[-58.41173505293516, 0]
252	[-58.41173505293516, 0]
252	[-58.41173505293516, 0]
252	[-58.41173505293516, 0]
252	[-58.41173505293516, 0]
252	[-58.41173505293516, 0]
252	[-58.41173505293516, 0]
252	[-58.41173505293516, 0]
252	[-58.41173505293516, 0]
252	[-58.41173505293516, 0]
252	[-58.41173505293516, 0]
252	[-58.41173505293516, 0]
252	[-58.41173505293516, 0]
252	[-58.41173505293516, 0]
252	[-58.41173505293516, 0]
252	[-58.41173505293516, 0]
252	[-58.41173505293516, 0]
252	[-58.41173505293516, 0]
252	[-58.41173505293516, 0]
252	[-58.41173505293516, 0]
252	[-58.41173505293516, 0]
252	[-58.41173505293516, 0]
252	[-58.41173505293516, 0]
252	[-58.41173505293516, 0]
252	[-58.41173505293516, 0]
252	[-58.41173505293516, 0]
252	[-58.41173505293516, 0]
252	[-58.41173505293516, 0]
252	[-58.41173505293516, 0]
252	[-58.41173505293516, 0]
252	[-58.41173505293516, 0]
252	[-58.41173505293516, 0]
252	[-58.41173505293516, 0]
252	[-58.41173505293516, 0]
252	[-58.41173505293516, 0]
252	[-58.41173505293516, 0]
252	[-58.41173505293516, 0]
252	[-58.41173505293516, 0]
252	[-58.41173505293516, 0]
252	[-58.41173505293516, 0]
252	[-58.41173505293516, 0]
252	[-58.41173505293516, 0]
252	[-58.41173505293516, 0]
252	[-58.41173505293516, 0]
252	[-58.41173505293516, 0]
252	[-58.41173505293516, 0]
252	[-58.41173505293516, 0]
252	[-58.41173505293516, 0]
252	[-58.41173505293516, 0]
252	[-58.41173505293516, 0]
252	[-58.41173505293516, 0]
252	[-58.41173505293516, 0]
252	[-58.41173505293516, 0]
252	[-58.41173505293516, 0]
252	[-58.41173505293516, 0]
252	[-58.41173505293516, 0]
252	[-58.41173505293516, 0]
252	[-58.41173505293516, 0]
252	[-58.41173505293516, 0]
252	[-58.41173505293516, 0]
252	[-58.41173505293516, 0]
252	[-58.41173505293516, 0]
252	[-58.41173505293516, 0]
252	[-58.41173505293516, 0]
252	[-58.41173505293516, 0]
252	[-58.41173505293516, 0]
252	[-58.41173505293516, 0]
252	[-58.41173505293516, 0]
252	[-58.41173505293516, 0]
252	[-58.41173505293516, 0]
252	[-58.41173505293516, 0]
252	[-58.41173505293516, 0]
252	[-58.41173505293516, 0]
253	[-58.41173505293516, 0]
253	[-58.41173505293516, 0]
253	[-58.41173505293516, 0]
253	[-58.41173505293516, 0]
253	[-58.41173505293516, 0]
253	[-58.41173505293516, 0]
253	[-58.41173505293516, 0]
253	[-58.41173505293516, 0]
253	[-58.41173505293516, 0]
253	[-58.41173505293516, 0]
253	[-58.41173505293516, 0]
253	[-58.41173505293516, 0]
253	[-58.41173505293516, 0]
253	[-58.41173505293516, 0]
253	[-58.41173505293516, 0]
253	[-58.41173505293516, 0]
253	[-58.41173505293516, 0]
253	[-58.41173505293516, 0]
253	[-58.41173505293516, 0]
253	[-58.41173505293516, 0]
253	[-58.41173505293516, 0]
253	[-58.41173505293516, 0]
253	[-58.41173505293516, 0]
253	[-58.41173505293516, 0]
253	[-58.41173505293516, 0]
253	[-58.41173505293516, 0]
253	[-58.41173505293516, 0]
253	[-58.41173505293516, 0]
253	[-58.41173505293516, 0]
253	[-58.41173505293516, 0]
253	[-58.41173505293516, 0]
253	[-58.41173505293516, 0]
253	[-58.41173505293516, 0]
253	[-58.41173505293516, 0]
253	[-58.41173505293516, 0]
253	[-58.41173505293516, 0]
253	[-58.41173505293516, 0]
253	[-58.41173505293516, 0]
253	[-58.41173505293516, 0]
253	[-58.41173505293516, 0]
253	[-58.41173505293516, 0]
253	[-58.41173505293516, 0]
253	[-58.41173505293516, 0]
253	[-58.41173505293516, 0]
253	[-58.41173505293516, 0]
253	[-58.41173505293516, 0]
253	[-58.41173505293516, 0]
253	[-58.41173505293516, 0]
253	[-58.41173505293516, 0]
253	[-58.41173505293516, 0]
253	[-58.41173505293516, 0]
253	[-58.41173505293516, 0]
253	[-58.41173505293516, 0]
253	[-58.41173505293516, 0]
253	[-58.41173505293516, 0]
253	[-58.41173505293516, 0]
253	[-58.41173505293516, 0]
253	[-58.41173505293516, 0]
253	[-58.41173505293516, 0]
253	[-58.41173505293516, 0]
253	[-58.41173505293516, 0]
253	[-58.41173505293516, 0]
253	[-58.41173505293516, 0]
253	[-58.41173505293516, 0]
253	[-58.41173505293516, 0]
253	[-58.41173505293516, 0]
253	[-58.41173505293516, 0]
253	[-58.41173505293516, 0]
253	[-58.41173505293516, 0]
253	[-58.41173505293516, 0]
253	[-58.41173505293516, 0]
253	[-58.41173505293516, 0]
253	[-58.41173505293516, 0]
253	[-58.41173505293516, 0]
253	[-58.41173505293516, 0]
253	[-58.41173505293516, 0]
253	[-58.41173505293516, 0]
253	[-58.41173505293516, 0]
253	[-58.41173505293516, 0]
253	[-58.41173505293516, 0]
254	[-58.41173505293516, 0]
254	[-58.41173505293516, 0]
254	[-58.41173505293516, 0]
254	[-58.41173505293516, 0]
254	[-58.41173505293516, 0]
254	[-58.41173505293516, 0]
254	[-58.41173505293516, 0]
254	[-58.41173505293516, 0]
254	[-58.41173505293516, 0]
254	[-58.41173505293516, 0]
254	[-58.41173505293516, 0]
254	[-58.41173505293516, 0]
254	[-58.41173505293516, 0]
254	[-58.41173505293516, 0]
254	[-58.41173505293516, 0]
254	[-58.41173505293516, 0]
254	[-58.41173505293516, 0]
254	[-58.41173505293516, 0]
254	[-58.41173505293516, 0]
254	[-58.41173505293516, 0]
254	[-58.41173505293516, 0]
254	[-58.41173505293516, 0]
254	[-58.41173505293516, 0]
254	[-58.41173505293516, 0]
254	[-58.41173505293516, 0]
254	[-58.41173505293516, 0]
254	[-58.41173505293516, 0]
254	[-58.41173505293516, 0]
254	[-58.41173505293516, 0]
254	[-58.41173505293516, 0]
254	[-58.41173505293516, 0]
254	[-58.41173505293516, 0]
254	[-58.41173505293516, 0]
254	[-58.41173505293516, 0]
254	[-58.41173505293516, 0]
254	[-58.41173505293516, 0]
254	[-58.41173505293516, 0]
254	[-58.41173505293516, 0]
254	[-58.41173505293516, 0]
254	[-58.41173505293516, 0]
254	[-58.41173505293516, 0]
254	[-58.41173505293516, 0]
254	[-58.41173505293516, 0]
254	[-58.41173505293516, 0]
254	[-58.41173505293516, 0]
254	[-58.41173505293516, 0]
254	[-58.41173505293516, 0]
254	[-58.41173505293516, 0]
254	[-58.41173505293516, 0]
254	[-58.41173505293516, 0]
254	[-58.41173505293516, 0]
254	[-58.41173505293516, 0]
254	[-58.41173505293516, 0]
254	[-58.41173505293516, 0]
254	[-58.41173505293516, 0]
254	[-58.41173505293516, 0]
254	[-58.41173505293516, 0]
254	[-58.41173505293516, 0]
254	[-58.41173505293516, 0]
254	[-58.41173505293516, 0]
254	[-58.41173505293516, 0]
254	[-58.41173505293516, 0]
254	[-58.41173505293516, 0]
254	[-58.41173505293516, 0]
254	[-58.41173505293516, 0]
254	[-58.41173505293516, 0]
254	[-58.41173505293516, 0]
254	[-58.41173505293516, 0]
254	[-58.41173505293516, 0]
254	[-58.41173505293516, 0]
254	[-58.41173505293516, 0]
254	[-58.41173505293516, 0]
254	[-58.41173505293516, 0]
254	[-58.41173505293516, 0]
254	[-58.41173505293516, 0]
254	[-58.41173505293516, 0]
254	[-58.41173505293516, 0]
254	[-58.41173505293516, 0]
254	[-58.41173505293516, 0]
254	[-58.41173505293516, 0]
255	[-58.41173505293516, 0]
255	[-58.41173505293516, 0]
255	[-58.41173505293516, 0]
255	[-58.41173505293516, 0]
255	[-58.41173505293516, 0]
255	[-58.41173505293516, 0]
255	[-58.41173505293516, 0]
255	[-58.41173505293516, 0]
255	[-58.41173505293516, 0]
255	[-58.41173505293516, 0]
255	[-58.41173505293516, 0]
255	[-58.41173505293516, 0]
255	[-58.41173505293516, 0]
255	[-58.41173505293516, 0]
255	[-58.41173505293516, 0]
255	[-58.41173505293516, 0]
255	[-58.41173505293516, 0]
255	[-58.41173505293516, 0]
255	[-58.41173505293516, 0]
255	[-58.41173505293516, 0]
255	[-58.41173505293516, 0]
255	[-58.41173505293516, 0]
255	[-58.41173505293516, 0]
255	[-58.41173505293516, 0]
255	[-58.41173505293516, 0]
255	[-58.41173505293516, 0]
255	[-58.41173505293516, 0]
255	[-58.41173505293516, 0]
255	[-58.41173505293516, 0]
255	[-58.41173505293516, 0]
255	[-58.41173505293516, 0]
255	[-58.41173505293516, 0]
255	[-58.41173505293516, 0]
255	[-58.41173505293516, 0]
255	[-58.41173505293516, 0]
255	[-58.41173505293516, 0]
255	[-58.41173505293516, 0]
255	[-58.41173505293516, 0]
255	[-58.41173505293516, 0]
255	[-58.41173505293516, 0]
255	[-58.41173505293516, 0]
255	[-58.41173505293516, 0]
255	[-58.41173505293516, 0]
255	[-58.41173505293516, 0]
255	[-58.41173505293516, 0]
255	[-58.41173505293516, 0]
255	[-58.41173505293516, 0]
255	[-58.41173505293516, 0]
255	[-58.41173505293516, 0]
255	[-58.41173505293516, 0]
255	[-58.41173505293516, 0]
255	[-58.41173505293516, 0]
255	[-58.41173505293516, 0]
255	[-58.41173505293516, 0]
255	[-58.41173505293516, 0]
255	[-58.41173505293516, 0]
255	[-58.41173505293516, 0]
255	[-58.41173505293516, 0]
255	[-58.41173505293516, 0]
255	[-58.41173505293516, 0]
255	[-58.41173505293516, 0]
255	[-58.41173505293516, 0]
255	[-58.41173505293516, 0]
255	[-58.41173505293516, 0]
255	[-58.41173505293516, 0]
255	[-58.41173505293516, 0]
255	[-58.41173505293516, 0]
255	[-58.41173505293516, 0]
255	[-58.41173505293516, 0]
255	[-58.41173505293516, 0]
255	[-58.41173505293516, 0]
255	[-58.41173505293516, 0]
255	[-58.41173505293516, 0]
255	[-58.41173505293516, 0]
255	[-58.41173505293516, 0]
255	[-58.41173505293516, 0]
255	[-58.41173505293516, 0]
255	[-58.41173505293516, 0]
255	[-58.41173505293516, 0]
255	[-58.41173505293516, 0]
256	[-58.41173505293516, 0]
256	[-58.41173505293516, 0]
256	[-58.41173505293516, 0]
256	[-58.41173505293516, 0]
256	[-58.41173505293516, 0]
256	[-58.41173505293516, 0]
256	[-58.41173505293516, 0]
256	[-58.41173505293516, 0]
256	[-58.41173505293516, 0]
256	[-58.41173505293516, 0]
256	[-58.41173505293516, 0]
256	[-58.41173505293516, 0]
256	[-58.41173505293516, 0]
256	[-58.41173505293516, 0]
256	[-58.41173505293516, 0]
256	[-58.41173505293516, 0]
256	[-58.41173505293516, 0]
256	[-58.41173505293516, 0]
256	[-58.41173505293516, 0]
256	[-58.41173505293516, 0]
256	[-58.41173505293516, 0]
256	[-58.41173505293516, 0]
256	[-58.41173505293516, 0]
256	[-58.41173505293516, 0]
256	[-58.41173505293516, 0]
256	[-58.41173505293516, 0]
256	[-58.41173505293516, 0]
256	[-58.41173505293516, 0]
256	[-58.41173505293516, 0]
256	[-58.41173505293516, 0]
256	[-58.41173505293516, 0]
256	[-58.41173505293516, 0]
256	[-58.41173505293516, 0]
256	[-58.41173505293516, 0]
256	[-58.41173505293516, 0]
256	[-58.41173505293516, 0]
256	[-58.41173505293516, 0]
256	[-58.41173505293516, 0]
256	[-58.41173505293516, 0]
256	[-58.41173505293516, 0]
256	[-58.41173505293516, 0]
256	[-58.41173505293516, 0]
256	[-58.41173505293516, 0]
256	[-58.41173505293516, 0]
256	[-58.41173505293516, 0]
256	[-58.41173505293516, 0]
256	[-58.41173505293516, 0]
256	[-58.41173505293516, 0]
256	[-58.41173505293516, 0]
256	[-58.41173505293516, 0]
256	[-58.41173505293516, 0]
256	[-58.41173505293516, 0]
256	[-58.41173505293516, 0]
256	[-58.41173505293516, 0]
256	[-58.41173505293516, 0]
256	[-58.41173505293516, 0]
256	[-58.41173505293516, 0]
256	[-58.41173505293516, 0]
256	[-58.41173505293516, 0]
256	[-58.41173505293516, 0]
256	[-58.41173505293516, 0]
256	[-58.41173505293516, 0]
256	[-58.41173505293516, 0]
256	[-58.41173505293516, 0]
256	[-58.41173505293516, 0]
256	[-58.41173505293516, 0]
256	[-58.41173505293516, 0]
256	[-58.41173505293516, 0]
256	[-58.41173505293516, 0]
256	[-58.41173505293516, 0]
256	[-58.41173505293516, 0]
256	[-58.41173505293516, 0]
256	[-58.41173505293516, 0]
256	[-58.41173505293516, 0]
256	[-58.41173505293516, 0]
256	[-58.41173505293516, 0]
256	[-58.41173505293516, 0]
256	[-58.41173505293516, 0]
256	[-58.41173505293516, 0]
256	[-58.41173505293516, 0]
257	[-58.41173505293516, 0]
257	[-58.41173505293516, 0]
257	[-58.41173505293516, 0]
257	[-58.41173505293516, 0]
257	[-58.41173505293516, 0]
257	[-58.41173505293516, 0]
257	[-58.41173505293516, 0]
257	[-58.41173505293516, 0]
257	[-58.41173505293516, 0]
257	[-58.41173505293516, 0]
257	[-58.41173505293516, 0]
257	[-58.41173505293516, 0]
257	[-58.41173505293516, 0]
257	[-58.41173505293516, 0]
257	[-58.41173505293516, 0]
257	[-58.41173505293516, 0]
257	[-58.41173505293516, 0]
257	[-58.41173505293516, 0]
257	[-58.41173505293516, 0]
257	[-58.41173505293516, 0]
257	[-58.41173505293516, 0]
257	[-58.41173505293516, 0]
257	[-58.41173505293516, 0]
257	[-58.41173505293516, 0]
257	[-58.41173505293516, 0]
257	[-58.41173505293516, 0]
257	[-58.41173505293516, 0]
257	[-58.41173505293516, 0]
257	[-58.41173505293516, 0]
257	[-58.41173505293516, 0]
257	[-58.41173505293516, 0]
257	[-58.41173505293516, 0]
257	[-58.41173505293516, 0]
257	[-58.41173505293516, 0]
257	[-58.41173505293516, 0]
257	[-58.41173505293516, 0]
257	[-58.41173505293516, 0]
257	[-58.41173505293516, 0]
257	[-58.41173505293516, 0]
257	[-58.41173505293516, 0]
257	[-58.41173505293516, 0]
257	[-58.41173505293516, 0]
257	[-58.41173505293516, 0]
257	[-58.41173505293516, 0]
257	[-58.41173505293516, 0]
257	[-58.41173505293516, 0]
257	[-58.41173505293516, 0]
257	[-58.41173505293516, 0]
257	[-58.41173505293516, 0]
257	[-58.41173505293516, 0]
257	[-58.41173505293516, 0]
257	[-58.41173505293516, 0]
257	[-58.41173505293516, 0]
257	[-58.41173505293516, 0]
257	[-58.41173505293516, 0]
257	[-58.41173505293516, 0]
257	[-58.41173505293516, 0]
257	[-58.41173505293516, 0]
257	[-58.41173505293516, 0]
257	[-58.41173505293516, 0]
257	[-58.41173505293516, 0]
257	[-58.41173505293516, 0]
257	[-58.41173505293516, 0]
257	[-58.41173505293516, 0]
257	[-58.41173505293516, 0]
257	[-58.41173505293516, 0]
257	[-58.41173505293516, 0]
257	[-58.41173505293516, 0]
257	[-58.41173505293516, 0]
257	[-58.41173505293516, 0]
257	[-58.41173505293516, 0]
257	[-58.41173505293516, 0]
257	[-58.41173505293516, 0]
257	[-58.41173505293516, 0]
257	[-58.41173505293516, 0]
257	[-58.41173505293516, 0]
257	[-58.41173505293516, 0]
257	[-58.41173505293516, 0]
257	[-58.41173505293516, 0]
257	[-58.41173505293516, 0]
258	[-58.41173505293516, 0]
258	[-58.41173505293516, 0]
258	[-58.41173505293516, 0]
258	[-58.41173505293516, 0]
258	[-58.41173505293516, 0]
258	[-58.41173505293516, 0]
258	[-58.41173505293516, 0]
258	[-58.41173505293516, 0]
258	[-58.41173505293516, 0]
258	[-58.41173505293516, 0]
258	[-58.41173505293516, 0]
258	[-58.41173505293516, 0]
258	[-58.41173505293516, 0]
258	[-58.41173505293516, 0]
258	[-58.41173505293516, 0]
258	[-58.41173505293516, 0]
258	[-58.41173505293516, 0]
258	[-58.41173505293516, 0]
258	[-58.41173505293516, 0]
258	[-58.41173505293516, 0]
258	[-58.41173505293516, 0]
258	[-58.41173505293516, 0]
258	[-58.41173505293516, 0]
258	[-58.41173505293516, 0]
258	[-58.41173505293516, 0]
258	[-58.41173505293516, 0]
258	[-58.41173505293516, 0]
258	[-58.41173505293516, 0]
258	[-58.41173505293516, 0]
258	[-58.41173505293516, 0]
258	[-58.41173505293516, 0]
258	[-58.41173505293516, 0]
258	[-58.41173505293516, 0]
258	[-58.41173505293516, 0]
258	[-58.41173505293516, 0]
258	[-58.41173505293516, 0]
258	[-58.41173505293516, 0]
258	[-58.41173505293516, 0]
258	[-58.41173505293516, 0]
258	[-58.41173505293516, 0]
258	[-58.41173505293516, 0]
258	[-58.41173505293516, 0]
258	[-58.41173505293516, 0]
258	[-58.41173505293516, 0]
258	[-58.41173505293516, 0]
258	[-58.41173505293516, 0]
258	[-58.41173505293516, 0]
258	[-58.41173505293516, 0]
258	[-58.41173505293516, 0]
258	[-58.41173505293516, 0]
258	[-58.41173505293516, 0]
258	[-58.41173505293516, 0]
258	[-58.41173505293516, 0]
258	[-58.41173505293516, 0]
258	[-58.41173505293516, 0]
258	[-58.41173505293516, 0]
258	[-58.41173505293516, 0]
258	[-58.41173505293516, 0]
258	[-58.41173505293516, 0]
258	[-58.41173505293516, 0]
258	[-58.41173505293516, 0]
258	[-58.41173505293516, 0]
258	[-58.41173505293516, 0]
258	[-58.41173505293516, 0]
258	[-58.41173505293516, 0]
258	[-58.41173505293516, 0]
258	[-58.41173505293516, 0]
258	[-58.41173505293516, 0]
258	[-58.41173505293516, 0]
258	[-58.41173505293516, 0]
258	[-58.41173505293516, 0]
258	[-58.41173505293516, 0]
258	[-58.41173505293516, 0]
258	[-58.41173505293516, 0]
258	[-58.41173505293516, 0]
258	[-58.41173505293516, 0]
258	[-58.41173505293516, 0]
258	[-58.41173505293516, 0]
258	[-58.41173505293516, 0]
258	[-58.41173505293516, 0]
259	[-58.41173505293516, 0]
259	[-58.41173505293516, 0]
259	[-58.41173505293516, 0]
259	[-58.41173505293516, 0]
259	[-58.41173505293516, 0]
259	[-58.41173505293516, 0]
259	[-58.41173505293516, 0]
259	[-58.41173505293516, 0]
259	[-58.41173505293516, 0]
259	[-58.41173505293516, 0]
259	[-58.41173505293516, 0]
259	[-58.41173505293516, 0]
259	[-58.41173505293516, 0]
259	[-58.41173505293516, 0]
259	[-58.41173505293516, 0]
259	[-58.41173505293516, 0]
259	[-58.41173505293516, 0]
259	[-58.41173505293516, 0]
259	[-58.41173505293516, 0]
259	[-58.41173505293516, 0]
259	[-58.41173505293516, 0]
259	[-58.41173505293516, 0]
259	[-58.41173505293516, 0]
259	[-58.41173505293516, 0]
259	[-58.41173505293516, 0]
259	[-58.41173505293516, 0]
259	[-58.41173505293516, 0]
259	[-58.41173505293516, 0]
259	[-58.41173505293516, 0]
259	[-58.41173505293516, 0]
259	[-58.41173505293516, 0]
259	[-58.41173505293516, 0]
259	[-58.41173505293516, 0]
259	[-58.41173505293516, 0]
259	[-58.41173505293516, 0]
259	[-58.41173505293516, 0]
259	[-58.41173505293516, 0]
259	[-58.41173505293516, 0]
259	[-58.41173505293516, 0]
259	[-58.41173505293516, 0]
259	[-58.41173505293516, 0]
259	[-58.41173505293516, 0]
259	[-58.41173505293516, 0]
259	[-58.41173505293516, 0]
259	[-58.41173505293516, 0]
259	[-58.41173505293516, 0]
259	[-58.41173505293516, 0]
259	[-58.41173505293516, 0]
259	[-58.41173505293516, 0]
259	[-58.41173505293516, 0]
259	[-58.41173505293516, 0]
259	[-58.41173505293516, 0]
259	[-58.41173505293516, 0]
259	[-58.41173505293516, 0]
259	[-58.41173505293516, 0]
259	[-58.41173505293516, 0]
259	[-58.41173505293516, 0]
259	[-58.41173505293516, 0]
259	[-58.41173505293516, 0]
259	[-58.41173505293516, 0]
259	[-58.41173505293516, 0]
259	[-58.41173505293516, 0]
259	[-58.41173505293516, 0]
259	[-58.41173505293516, 0]
259	[-58.41173505293516, 0]
259	[-58.41173505293516, 0]
259	[-58.41173505293516, 0]
259	[-58.41173505293516, 0]
259	[-58.41173505293516, 0]
259	[-58.41173505293516, 0]
259	[-58.41173505293516, 0]
259	[-58.41173505293516, 0]
259	[-58.41173505293516, 0]
259	[-58.41173505293516, 0]
259	[-58.41173505293516, 0]
259	[-58.41173505293516, 0]
259	[-58.41173505293516, 0]
259	[-58.41173505293516, 0]
259	[-58.41173505293516, 0]
259	[-58.41173505293516, 0]
260	[-58.41173505293516, 0]
260	[-58.41173505293516, 0]
260	[-58.41173505293516, 0]
260	[-58.41173505293516, 0]
260	[-58.41173505293516, 0]
260	[-58.41173505293516, 0]
260	[-58.41173505293516, 0]
260	[-58.41173505293516, 0]
260	[-58.41173505293516, 0]
260	[-58.41173505293516, 0]
260	[-58.41173505293516, 0]
260	[-58.41173505293516, 0]
260	[-58.41173505293516, 0]
260	[-58.41173505293516, 0]
260	[-58.41173505293516, 0]
260	[-58.41173505293516, 0]
260	[-58.41173505293516, 0]
260	[-58.41173505293516, 0]
260	[-58.41173505293516, 0]
260	[-58.41173505293516, 0]
260	[-58.41173505293516, 0]
260	[-58.41173505293516, 0]
260	[-58.41173505293516, 0]
260	[-58.41173505293516, 0]
260	[-58.41173505293516, 0]
260	[-58.41173505293516, 0]
260	[-58.41173505293516, 0]
260	[-58.41173505293516, 0]
260	[-58.41173505293516, 0]
260	[-58.41173505293516, 0]
260	[-58.41173505293516, 0]
260	[-58.41173505293516, 0]
260	[-58.41173505293516, 0]
260	[-58.41173505293516, 0]
260	[-58.41173505293516, 0]
260	[-58.41173505293516, 0]
260	[-58.41173505293516, 0]
260	[-58.41173505293516, 0]
260	[-58.41173505293516, 0]
260	[-58.41173505293516, 0]
260	[-58.41173505293516, 0]
260	[-58.41173505293516, 0]
260	[-58.41173505293516, 0]
260	[-58.41173505293516, 0]
260	[-58.41173505293516, 0]
260	[-58.41173505293516, 0]
260	[-58.41173505293516, 0]
260	[-58.41173505293516, 0]
260	[-58.41173505293516, 0]
260	[-58.41173505293516, 0]
260	[-58.41173505293516, 0]
260	[-58.41173505293516, 0]
260	[-58.41173505293516, 0]
260	[-58.41173505293516, 0]
260	[-58.41173505293516, 0]
260	[-58.41173505293516, 0]
260	[-58.41173505293516, 0]
260	[-58.41173505293516, 0]
260	[-58.41173505293516, 0]
260	[-58.41173505293516, 0]
260	[-58.41173505293516, 0]
260	[-58.41173505293516, 0]
260	[-58.41173505293516, 0]
260	[-58.41173505293516, 0]
260	[-58.41173505293516, 0]
260	[-58.41173505293516, 0]
260	[-58.41173505293516, 0]
260	[-58.41173505293516, 0]
260	[-58.41173505293516, 0]
260	[-58.41173505293516, 0]
260	[-58.41173505293516, 0]
260	[-58.41173505293516, 0]
260	[-58.41173505293516, 0]
260	[-58.41173505293516, 0]
260	[-58.41173505293516, 0]
260	[-58.41173505293516, 0]
260	[-58.41173505293516, 0]
260	[-58.41173505293516, 0]
260	[-58.41173505293516, 0]
260	[-58.41173505293516, 0]
261	[-58.41173505293516, 0]
261	[-58.41173505293516, 0]
261	[-58.41173505293516, 0]
261	[-58.41173505293516, 0]
261	[-58.41173505293516, 0]
261	[-58.41173505293516, 0]
261	[-58.41173505293516, 0]
261	[-58.41173505293516, 0]
261	[-58.41173505293516, 0]
261	[-58.41173505293516, 0]
261	[-58.41173505293516, 0]
261	[-58.41173505293516, 0]
261	[-58.41173505293516, 0]
261	[-58.41173505293516, 0]
261	[-58.41173505293516, 0]
261	[-58.41173505293516, 0]
261	[-58.41173505293516, 0]
261	[-58.41173505293516, 0]
261	[-58.41173505293516, 0]
261	[-58.41173505293516, 0]
261	[-58.41173505293516, 0]
261	[-58.41173505293516, 0]
261	[-58.41173505293516, 0]
261	[-58.41173505293516, 0]
261	[-58.41173505293516, 0]
261	[-58.41173505293516, 0]
261	[-58.41173505293516, 0]
261	[-58.41173505293516, 0]
261	[-58.41173505293516, 0]
261	[-58.41173505293516, 0]
261	[-58.41173505293516, 0]
261	[-58.41173505293516, 0]
261	[-58.41173505293516, 0]
261	[-58.41173505293516, 0]
261	[-58.41173505293516, 0]
261	[-58.41173505293516, 0]
261	[-58.41173505293516, 0]
261	[-58.41173505293516, 0]
261	[-58.41173505293516, 0]
261	[-58.41173505293516, 0]
261	[-58.41173505293516, 0]
261	[-58.41173505293516, 0]
261	[-58.41173505293516, 0]
261	[-58.41173505293516, 0]
261	[-58.41173505293516, 0]
261	[-58.41173505293516, 0]
261	[-58.41173505293516, 0]
261	[-58.41173505293516, 0]
261	[-58.41173505293516, 0]
261	[-58.41173505293516, 0]
261	[-58.41173505293516, 0]
261	[-58.41173505293516, 0]
261	[-58.41173505293516, 0]
261	[-58.41173505293516, 0]
261	[-58.41173505293516, 0]
261	[-58.41173505293516, 0]
261	[-58.41173505293516, 0]
261	[-58.41173505293516, 0]
261	[-58.41173505293516, 0]
261	[-58.41173505293516, 0]
261	[-58.41173505293516, 0]
261	[-58.41173505293516, 0]
261	[-58.41173505293516, 0]
261	[-58.41173505293516, 0]
261	[-58.41173505293516, 0]
261	[-58.41173505293516, 0]
261	[-58.41173505293516, 0]
261	[-58.41173505293516, 0]
261	[-58.41173505293516, 0]
261	[-58.41173505293516, 0]
261	[-58.41173505293516, 0]
261	[-58.41173505293516, 0]
261	[-58.41173505293516, 0]
261	[-58.41173505293516, 0]
261	[-58.41173505293516, 0]
261	[-58.41173505293516, 0]
261	[-58.41173505293516, 0]
261	[-58.41173505293516, 0]
261	[-58.41173505293516, 0]
261	[-58.41173505293516, 0]
262	[-58.41173505293516, 0]
262	[-58.41173505293516, 0]
262	[-58.41173505293516, 0]
262	[-58.41173505293516, 0]
262	[-58.41173505293516, 0]
262	[-58.41173505293516, 0]
262	[-58.41173505293516, 0]
262	[-58.41173505293516, 0]
262	[-58.41173505293516, 0]
262	[-58.41173505293516, 0]
262	[-58.41173505293516, 0]
262	[-58.41173505293516, 0]
262	[-58.41173505293516, 0]
262	[-58.41173505293516, 0]
262	[-58.41173505293516, 0]
262	[-58.41173505293516, 0]
262	[-58.41173505293516, 0]
262	[-58.41173505293516, 0]
262	[-58.41173505293516, 0]
262	[-58.41173505293516, 0]
262	[-58.41173505293516, 0]
262	[-58.41173505293516, 0]
262	[-58.41173505293516, 0]
262	[-58.41173505293516, 0]
262	[-58.41173505293516, 0]
262	[-58.41173505293516, 0]
262	[-58.41173505293516, 0]
262	[-58.41173505293516, 0]
262	[-58.41173505293516, 0]
262	[-58.41173505293516, 0]
262	[-58.41173505293516, 0]
262	[-58.41173505293516, 0]
262	[-58.41173505293516, 0]
262	[-58.41173505293516, 0]
262	[-58.41173505293516, 0]
262	[-58.41173505293516, 0]
262	[-58.41173505293516, 0]
262	[-58.41173505293516, 0]
262	[-58.41173505293516, 0]
262	[-58.41173505293516, 0]
262	[-58.41173505293516, 0]
262	[-58.41173505293516, 0]
262	[-58.41173505293516, 0]
262	[-58.41173505293516, 0]
262	[-58.41173505293516, 0]
262	[-58.41173505293516, 0]
262	[-58.41173505293516, 0]
262	[-58.41173505293516, 0]
262	[-58.41173505293516, 0]
262	[-58.41173505293516, 0]
262	[-58.41173505293516, 0]
262	[-58.41173505293516, 0]
262	[-58.41173505293516, 0]
262	[-58.41173505293516, 0]
262	[-58.41173505293516, 0]
262	[-58.41173505293516, 0]
262	[-58.41173505293516, 0]
262	[-58.41173505293516, 0]
262	[-58.41173505293516, 0]
262	[-58.41173505293516, 0]
262	[-58.41173505293516, 0]
262	[-58.41173505293516, 0]
262	[-58.41173505293516, 0]
262	[-58.41173505293516, 0]
262	[-58.41173505293516, 0]
262	[-58.41173505293516, 0]
262	[-58.41173505293516, 0]
262	[-58.41173505293516, 0]
262	[-58.41173505293516, 0]
262	[-58.41173505293516, 0]
262	[-58.41173505293516, 0]
262	[-58.41173505293516, 0]
262	[-58.41173505293516, 0]
262	[-58.41173505293516, 0]
262	[-58.41173505293516, 0]
262	[-58.41173505293516, 0]
262	[-58.41173505293516, 0]
262	[-58.41173505293516, 0]
262	[-58.41173505293516, 0]
262	[-58.41173505293516, 0]
263	[-58.41173505293516, 0]
263	[-58.41173505293516, 0]
263	[-58.41173505293516, 0]
263	[-58.41173505293516, 0]
263	[-58.41173505293516, 0]
263	[-58.41173505293516, 0]
263	[-58.41173505293516, 0]
263	[-58.41173505293516, 0]
263	[-58.41173505293516, 0]
263	[-58.41173505293516, 0]
263	[-58.41173505293516, 0]
263	[-58.41173505293516, 0]
263	[-58.41173505293516, 0]
263	[-58.41173505293516, 0]
263	[-58.41173505293516, 0]
263	[-58.41173505293516, 0]
263	[-58.41173505293516, 0]
263	[-58.41173505293516, 0]
263	[-58.41173505293516, 0]
263	[-58.41173505293516, 0]
263	[-58.41173505293516, 0]
263	[-58.41173505293516, 0]
263	[-58.41173505293516, 0]
263	[-58.41173505293516, 0]
263	[-58.41173505293516, 0]
263	[-58.41173505293516, 0]
263	[-58.41173505293516, 0]
263	[-58.41173505293516, 0]
263	[-58.41173505293516, 0]
263	[-58.41173505293516, 0]
263	[-58.41173505293516, 0]
263	[-58.41173505293516, 0]
263	[-58.41173505293516, 0]
263	[-58.41173505293516, 0]
263	[-58.41173505293516, 0]
263	[-58.41173505293516, 0]
263	[-58.41173505293516, 0]
263	[-58.41173505293516, 0]
263	[-58.41173505293516, 0]
263	[-58.41173505293516, 0]
263	[-58.41173505293516, 0]
263	[-58.41173505293516, 0]
263	[-58.41173505293516, 0]
263	[-58.41173505293516, 0]
263	[-58.41173505293516, 0]
263	[-58.41173505293516, 0]
263	[-58.41173505293516, 0]
263	[-58.41173505293516, 0]
263	[-58.41173505293516, 0]
263	[-58.41173505293516, 0]
263	[-58.41173505293516, 0]
263	[-58.41173505293516, 0]
263	[-58.41173505293516, 0]
263	[-58.41173505293516, 0]
263	[-58.41173505293516, 0]
263	[-58.41173505293516, 0]
263	[-58.41173505293516, 0]
263	[-58.41173505293516, 0]
263	[-58.41173505293516, 0]
263	[-58.41173505293516, 0]
263	[-58.41173505293516, 0]
263	[-58.41173505293516, 0]
263	[-58.41173505293516, 0]
263	[-58.41173505293516, 0]
263	[-58.41173505293516, 0]
263	[-58.41173505293516, 0]
263	[-58.41173505293516, 0]
263	[-58.41173505293516, 0]
263	[-58.41173505293516, 0]
263	[-58.41173505293516, 0]
263	[-58.41173505293516, 0]
263	[-58.41173505293516, 0]
263	[-58.41173505293516, 0]
263	[-58.41173505293516, 0]
263	[-58.41173505293516, 0]
263	[-58.41173505293516, 0]
263	[-58.41173505293516, 0]
263	[-58.41173505293516, 0]
263	[-58.41173505293516, 0]
263	[-58.41173505293516, 0]
264	[-58.41173505293516, 0]
264	[-58.41173505293516, 0]
264	[-58.41173505293516, 0]
264	[-58.41173505293516, 0]
264	[-58.41173505293516, 0]
264	[-58.41173505293516, 0]
264	[-58.41173505293516, 0]
264	[-58.41173505293516, 0]
264	[-58.41173505293516, 0]
264	[-58.41173505293516, 0]
264	[-58.41173505293516, 0]
264	[-58.41173505293516, 0]
264	[-58.41173505293516, 0]
264	[-58.41173505293516, 0]
264	[-58.41173505293516, 0]
264	[-58.41173505293516, 0]
264	[-58.41173505293516, 0]
264	[-58.41173505293516, 0]
264	[-58.41173505293516, 0]
264	[-58.41173505293516, 0]
264	[-58.41173505293516, 0]
264	[-58.41173505293516, 0]
264	[-58.41173505293516, 0]
264	[-58.41173505293516, 0]
264	[-58.41173505293516, 0]
264	[-58.41173505293516, 0]
264	[-58.41173505293516, 0]
264	[-58.41173505293516, 0]
264	[-58.41173505293516, 0]
264	[-58.41173505293516, 0]
264	[-58.41173505293516, 0]
264	[-58.41173505293516, 0]
264	[-58.41173505293516, 0]
264	[-58.41173505293516, 0]
264	[-58.41173505293516, 0]
264	[-58.41173505293516, 0]
264	[-58.41173505293516, 0]
264	[-58.41173505293516, 0]
264	[-58.41173505293516, 0]
264	[-58.41173505293516, 0]
264	[-58.41173505293516, 0]
264	[-58.41173505293516, 0]
264	[-58.41173505293516, 0]
264	[-58.41173505293516, 0]
264	[-58.41173505293516, 0]
264	[-58.41173505293516, 0]
264	[-58.41173505293516, 0]
264	[-58.41173505293516, 0]
264	[-58.41173505293516, 0]
264	[-58.41173505293516, 0]
264	[-58.41173505293516, 0]
264	[-58.41173505293516, 0]
264	[-58.41173505293516, 0]
264	[-58.41173505293516, 0]
264	[-58.41173505293516, 0]
264	[-58.41173505293516, 0]
264	[-58.41173505293516, 0]
264	[-58.41173505293516, 0]
264	[-58.41173505293516, 0]
264	[-58.41173505293516, 0]
264	[-58.41173505293516, 0]
264	[-58.41173505293516, 0]
264	[-58.41173505293516, 0]
264	[-58.41173505293516, 0]
264	[-58.41173505293516, 0]
264	[-58.41173505293516, 0]
264	[-58.41173505293516, 0]
264	[-58.41173505293516, 0]
264	[-58.41173505293516, 0]
264	[-58.41173505293516, 0]
264	[-58.41173505293516, 0]
264	[-58.41173505293516, 0]
264	[-58.41173505293516, 0]
264	[-58.41173505293516, 0]
264	[-58.41173505293516, 0]
264	[-58.41173505293516, 0]
264	[-58.41173505293516, 0]
264	[-58.41173505293516, 0]
264	[-58.41173505293516, 0]
264	[-58.41173505293516, 0]
265	[-58.41173505293516, 0]
265	[-58.41173505293516, 0]
265	[-58.41173505293516, 0]
265	[-58.41173505293516, 0]
265	[-58.41173505293516, 0]
265	[-58.41173505293516, 0]
265	[-58.41173505293516, 0]
265	[-58.41173505293516, 0]
265	[-58.41173505293516, 0]
265	[-58.41173505293516, 0]
265	[-58.41173505293516, 0]
265	[-58.41173505293516, 0]
265	[-58.41173505293516, 0]
265	[-58.41173505293516, 0]
265	[-58.41173505293516, 0]
265	[-58.41173505293516, 0]
265	[-58.41173505293516, 0]
265	[-58.41173505293516, 0]
265	[-58.41173505293516, 0]
265	[-58.41173505293516, 0]
265	[-58.41173505293516, 0]
265	[-58.41173505293516, 0]
265	[-58.41173505293516, 0]
265	[-58.41173505293516, 0]
265	[-58.41173505293516, 0]
265	[-58.41173505293516, 0]
265	[-58.41173505293516, 0]
265	[-58.41173505293516, 0]
265	[-58.41173505293516, 0]
265	[-58.41173505293516, 0]
265	[-58.41173505293516, 0]
265	[-58.41173505293516, 0]
265	[-58.41173505293516, 0]
265	[-58.41173505293516, 0]
265	[-58.41173505293516, 0]
265	[-58.41173505293516, 0]
265	[-58.41173505293516, 0]
265	[-58.41173505293516, 0]
265	[-58.41173505293516, 0]
265	[-58.41173505293516, 0]
265	[-58.41173505293516, 0]
265	[-58.41173505293516, 0]
265	[-58.41173505293516, 0]
265	[-58.41173505293516, 0]
265	[-58.41173505293516, 0]
265	[-58.41173505293516, 0]
265	[-58.41173505293516, 0]
265	[-58.41173505293516, 0]
265	[-58.41173505293516, 0]
265	[-58.41173505293516, 0]
265	[-58.41173505293516, 0]
265	[-58.41173505293516, 0]
265	[-58.41173505293516, 0]
265	[-58.41173505293516, 0]
265	[-58.41173505293516, 0]
265	[-58.41173505293516, 0]
265	[-58.41173505293516, 0]
265	[-58.41173505293516, 0]
265	[-58.41173505293516, 0]
265	[-58.41173505293516, 0]
265	[-58.41173505293516, 0]
265	[-58.41173505293516, 0]
265	[-58.41173505293516, 0]
265	[-58.41173505293516, 0]
265	[-58.41173505293516, 0]
265	[-58.41173505293516, 0]
265	[-58.41173505293516, 0]
265	[-58.41173505293516, 0]
265	[-58.41173505293516, 0]
265	[-58.41173505293516, 0]
265	[-58.41173505293516, 0]
265	[-58.41173505293516, 0]
265	[-58.41173505293516, 0]
265	[-58.41173505293516, 0]
265	[-58.41173505293516, 0]
265	[-58.41173505293516, 0]
265	[-58.41173505293516, 0]
265	[-58.41173505293516, 0]
265	[-58.41173505293516, 0]
265	[-58.41173505293516, 0]
266	[-58.41173505293516, 0]
266	[-58.41173505293516, 0]
266	[-58.41173505293516, 0]
266	[-58.41173505293516, 0]
266	[-58.41173505293516, 0]
266	[-58.41173505293516, 0]
266	[-58.41173505293516, 0]
266	[-58.41173505293516, 0]
266	[-58.41173505293516, 0]
266	[-58.41173505293516, 0]
266	[-58.41173505293516, 0]
266	[-58.41173505293516, 0]
266	[-58.41173505293516, 0]
266	[-58.41173505293516, 0]
266	[-58.41173505293516, 0]
266	[-58.41173505293516, 0]
266	[-58.41173505293516, 0]
266	[-58.41173505293516, 0]
266	[-58.41173505293516, 0]
266	[-58.41173505293516, 0]
266	[-58.41173505293516, 0]
266	[-58.41173505293516, 0]
266	[-58.41173505293516, 0]
266	[-58.41173505293516, 0]
266	[-58.41173505293516, 0]
266	[-58.41173505293516, 0]
266	[-58.41173505293516, 0]
266	[-58.41173505293516, 0]
266	[-58.41173505293516, 0]
266	[-58.41173505293516, 0]
266	[-58.41173505293516, 0]
266	[-58.41173505293516, 0]
266	[-58.41173505293516, 0]
266	[-58.41173505293516, 0]
266	[-58.41173505293516, 0]
266	[-58.41173505293516, 0]
266	[-58.41173505293516, 0]
266	[-58.41173505293516, 0]
266	[-58.41173505293516, 0]
266	[-58.41173505293516, 0]
266	[-58.41173505293516, 0]
266	[-58.41173505293516, 0]
266	[-58.41173505293516, 0]
266	[-58.41173505293516, 0]
266	[-58.41173505293516, 0]
266	[-58.41173505293516, 0]
266	[-58.41173505293516, 0]
266	[-58.41173505293516, 0]
266	[-58.41173505293516, 0]
266	[-58.41173505293516, 0]
266	[-58.41173505293516, 0]
266	[-58.41173505293516, 0]
266	[-58.41173505293516, 0]
266	[-58.41173505293516, 0]
266	[-58.41173505293516, 0]
266	[-58.41173505293516, 0]
266	[-58.41173505293516, 0]
266	[-58.41173505293516, 0]
266	[-58.41173505293516, 0]
266	[-58.41173505293516, 0]
266	[-58.41173505293516, 0]
266	[-58.41173505293516, 0]
266	[-58.41173505293516, 0]
266	[-58.41173505293516, 0]
266	[-58.41173505293516, 0]
266	[-58.41173505293516, 0]
266	[-58.41173505293516, 0]
266	[-58.41173505293516, 0]
266	[-58.41173505293516, 0]
266	[-58.41173505293516, 0]
266	[-58.41173505293516, 0]
266	[-58.41173505293516, 0]
266	[-58.41173505293516, 0]
266	[-58.41173505293516, 0]
266	[-58.41173505293516, 0]
266	[-58.41173505293516, 0]
266	[-58.41173505293516, 0]
266	[-58.41173505293516, 0]
266	[-58.41173505293516, 0]
266	[-58.41173505293516, 0]
267	[-58.41173505293516, 0]
267	[-58.41173505293516, 0]
267	[-58.41173505293516, 0]
267	[-58.41173505293516, 0]
267	[-58.41173505293516, 0]
267	[-58.41173505293516, 0]
267	[-58.41173505293516, 0]
267	[-58.41173505293516, 0]
267	[-58.41173505293516, 0]
267	[-58.41173505293516, 0]
267	[-58.41173505293516, 0]
267	[-58.41173505293516, 0]
267	[-58.41173505293516, 0]
267	[-58.41173505293516, 0]
267	[-58.41173505293516, 0]
267	[-58.41173505293516, 0]
267	[-58.41173505293516, 0]
267	[-58.41173505293516, 0]
267	[-58.41173505293516, 0]
267	[-58.41173505293516, 0]
267	[-58.41173505293516, 0]
267	[-58.41173505293516, 0]
267	[-58.41173505293516, 0]
267	[-58.41173505293516, 0]
267	[-58.41173505293516, 0]
267	[-58.41173505293516, 0]
267	[-58.41173505293516, 0]
267	[-58.41173505293516, 0]
267	[-58.41173505293516, 0]
267	[-58.41173505293516, 0]
267	[-58.41173505293516, 0]
267	[-58.41173505293516, 0]
267	[-58.41173505293516, 0]
267	[-58.41173505293516, 0]
267	[-58.41173505293516, 0]
267	[-58.41173505293516, 0]
267	[-58.41173505293516, 0]
267	[-58.41173505293516, 0]
267	[-58.41173505293516, 0]
267	[-58.41173505293516, 0]
267	[-58.41173505293516, 0]
267	[-58.41173505293516, 0]
267	[-58.41173505293516, 0]
267	[-58.41173505293516, 0]
267	[-58.41173505293516, 0]
267	[-58.41173505293516, 0]
267	[-58.41173505293516, 0]
267	[-58.41173505293516, 0]
267	[-58.41173505293516, 0]
267	[-58.41173505293516, 0]
267	[-58.41173505293516, 0]
267	[-58.41173505293516, 0]
267	[-58.41173505293516, 0]
267	[-58.41173505293516, 0]
267	[-58.41173505293516, 0]
267	[-58.41173505293516, 0]
267	[-58.41173505293516, 0]
267	[-58.41173505293516, 0]
267	[-58.41173505293516, 0]
267	[-58.41173505293516, 0]
267	[-58.41173505293516, 0]
267	[-58.41173505293516, 0]
267	[-58.41173505293516, 0]
267	[-58.41173505293516, 0]
267	[-58.41173505293516, 0]
267	[-58.41173505293516, 0]
267	[-58.41173505293516, 0]
267	[-58.41173505293516, 0]
267	[-58.41173505293516, 0]
267	[-58.41173505293516, 0]
267	[-58.41173505293516, 0]
267	[-58.41173505293516, 0]
267	[-58.41173505293516, 0]
267	[-58.41173505293516, 0]
267	[-58.41173505293516, 0]
267	[-58.41173505293516, 0]
267	[-58.41173505293516, 0]
267	[-58.41173505293516, 0]
267	[-58.41173505293516, 0]
267	[-58.41173505293516, 0]
268	[-58.41173505293516, 0]
268	[-58.41173505293516, 0]
268	[-58.41173505293516, 0]
268	[-58.41173505293516, 0]
268	[-58.41173505293516, 0]
268	[-58.41173505293516, 0]
268	[-58.41173505293516, 0]
268	[-58.41173505293516, 0]
268	[-58.41173505293516, 0]
268	[-58.41173505293516, 0]
268	[-58.41173505293516, 0]
268	[-58.41173505293516, 0]
268	[-58.41173505293516, 0]
268	[-58.41173505293516, 0]
268	[-58.41173505293516, 0]
268	[-58.41173505293516, 0]
268	[-58.41173505293516, 0]
268	[-58.41173505293516, 0]
268	[-58.41173505293516, 0]
268	[-58.41173505293516, 0]
268	[-58.41173505293516, 0]
268	[-58.41173505293516, 0]
268	[-58.41173505293516, 0]
268	[-58.41173505293516, 0]
268	[-58.41173505293516, 0]
268	[-58.41173505293516, 0]
268	[-58.41173505293516, 0]
268	[-58.41173505293516, 0]
268	[-58.41173505293516, 0]
268	[-58.41173505293516, 0]
268	[-58.41173505293516, 0]
268	[-58.41173505293516, 0]
268	[-58.41173505293516, 0]
268	[-58.41173505293516, 0]
268	[-58.41173505293516, 0]
268	[-58.41173505293516, 0]
268	[-58.41173505293516, 0]
268	[-58.41173505293516, 0]
268	[-58.41173505293516, 0]
268	[-58.41173505293516, 0]
268	[-58.41173505293516, 0]
268	[-58.41173505293516, 0]
268	[-58.41173505293516, 0]
268	[-58.41173505293516, 0]
268	[-58.41173505293516, 0]
268	[-58.41173505293516, 0]
268	[-58.41173505293516, 0]
268	[-58.41173505293516, 0]
268	[-58.41173505293516, 0]
268	[-58.41173505293516, 0]
268	[-58.41173505293516, 0]
268	[-58.41173505293516, 0]
268	[-58.41173505293516, 0]
268	[-58.41173505293516, 0]
268	[-58.41173505293516, 0]
268	[-58.41173505293516, 0]
268	[-58.41173505293516, 0]
268	[-58.41173505293516, 0]
268	[-58.41173505293516, 0]
268	[-58.41173505293516, 0]
268	[-58.41173505293516, 0]
268	[-58.41173505293516, 0]
268	[-58.41173505293516, 0]
268	[-58.41173505293516, 0]
268	[-58.41173505293516, 0]
268	[-58.41173505293516, 0]
268	[-58.41173505293516, 0]
268	[-58.41173505293516, 0]
268	[-58.41173505293516, 0]
268	[-58.41173505293516, 0]
268	[-58.41173505293516, 0]
268	[-58.41173505293516, 0]
268	[-58.41173505293516, 0]
268	[-58.41173505293516, 0]
268	[-58.41173505293516, 0]
268	[-58.41173505293516, 0]
268	[-58.41173505293516, 0]
268	[-58.41173505293516, 0]
268	[-58.41173505293516, 0]
268	[-58.41173505293516, 0]
269	[-58.41173505293516, 0]
269	[-58.41173505293516, 0]
269	[-58.41173505293516, 0]
269	[-58.41173505293516, 0]
269	[-58.41173505293516, 0]
269	[-58.41173505293516, 0]
269	[-58.41173505293516, 0]
269	[-58.41173505293516, 0]
269	[-58.41173505293516, 0]
269	[-58.41173505293516, 0]
269	[-58.41173505293516, 0]
269	[-58.41173505293516, 0]
269	[-58.41173505293516, 0]
269	[-58.41173505293516, 0]
269	[-58.41173505293516, 0]
269	[-58.41173505293516, 0]
269	[-58.41173505293516, 0]
269	[-58.41173505293516, 0]
269	[-58.41173505293516, 0]
269	[-58.41173505293516, 0]
269	[-58.41173505293516, 0]
269	[-58.41173505293516, 0]
269	[-58.41173505293516, 0]
269	[-58.41173505293516, 0]
269	[-58.41173505293516, 0]
269	[-58.41173505293516, 0]
269	[-58.41173505293516, 0]
269	[-58.41173505293516, 0]
269	[-58.41173505293516, 0]
269	[-58.41173505293516, 0]
269	[-58.41173505293516, 0]
269	[-58.41173505293516, 0]
269	[-58.41173505293516, 0]
269	[-58.41173505293516, 0]
269	[-58.41173505293516, 0]
269	[-58.41173505293516, 0]
269	[-58.41173505293516, 0]
269	[-58.41173505293516, 0]
269	[-58.41173505293516, 0]
269	[-58.41173505293516, 0]
269	[-58.41173505293516, 0]
269	[-58.41173505293516, 0]
269	[-58.41173505293516, 0]
269	[-58.41173505293516, 0]
269	[-58.41173505293516, 0]
269	[-58.41173505293516, 0]
269	[-58.41173505293516, 0]
269	[-58.41173505293516, 0]
269	[-58.41173505293516, 0]
269	[-58.41173505293516, 0]
269	[-58.41173505293516, 0]
269	[-58.41173505293516, 0]
269	[-58.41173505293516, 0]
269	[-58.41173505293516, 0]
269	[-58.41173505293516, 0]
269	[-58.41173505293516, 0]
269	[-58.41173505293516, 0]
269	[-58.41173505293516, 0]
269	[-58.41173505293516, 0]
269	[-58.41173505293516, 0]
269	[-58.41173505293516, 0]
269	[-58.41173505293516, 0]
269	[-58.41173505293516, 0]
269	[-58.41173505293516, 0]
269	[-58.41173505293516, 0]
269	[-58.41173505293516, 0]
269	[-58.41173505293516, 0]
269	[-58.41173505293516, 0]
269	[-58.41173505293516, 0]
269	[-58.41173505293516, 0]
269	[-58.41173505293516, 0]
269	[-58.41173505293516, 0]
269	[-58.41173505293516, 0]
269	[-58.41173505293516, 0]
269	[-58.41173505293516, 0]
269	[-58.41173505293516, 0]
269	[-58.41173505293516, 0]
269	[-58.41173505293516, 0]
269	[-58.41173505293516, 0]
269	[-58.41173505293516, 0]
270	[-58.41173505293516, 0]
270	[-58.41173505293516, 0]
270	[-58.41173505293516, 0]
270	[-58.41173505293516, 0]
270	[-58.41173505293516, 0]
270	[-58.41173505293516, 0]
270	[-58.41173505293516, 0]
270	[-58.41173505293516, 0]
270	[-58.41173505293516, 0]
270	[-58.41173505293516, 0]
270	[-58.41173505293516, 0]
270	[-58.41173505293516, 0]
270	[-58.41173505293516, 0]
270	[-58.41173505293516, 0]
270	[-58.41173505293516, 0]
270	[-58.41173505293516, 0]
270	[-58.41173505293516, 0]
270	[-58.41173505293516, 0]
270	[-58.41173505293516, 0]
270	[-58.41173505293516, 0]
270	[-58.41173505293516, 0]
270	[-58.41173505293516, 0]
270	[-58.41173505293516, 0]
270	[-58.41173505293516, 0]
270	[-58.41173505293516, 0]
270	[-58.41173505293516, 0]
270	[-58.41173505293516, 0]
270	[-58.41173505293516, 0]
270	[-58.41173505293516, 0]
270	[-58.41173505293516, 0]
270	[-58.41173505293516, 0]
270	[-58.41173505293516, 0]
270	[-58.41173505293516, 0]
270	[-58.41173505293516, 0]
270	[-58.41173505293516, 0]
270	[-58.41173505293516, 0]
270	[-58.41173505293516, 0]
270	[-58.41173505293516, 0]
270	[-58.41173505293516, 0]
270	[-58.41173505293516, 0]
270	[-58.41173505293516, 0]
270	[-58.41173505293516, 0]
270	[-58.41173505293516, 0]
270	[-58.41173505293516, 0]
270	[-58.41173505293516, 0]
270	[-58.41173505293516, 0]
270	[-58.41173505293516, 0]
270	[-58.41173505293516, 0]
270	[-58.41173505293516, 0]
270	[-58.41173505293516, 0]
270	[-58.41173505293516, 0]
270	[-58.41173505293516, 0]
270	[-58.41173505293516, 0]
270	[-58.41173505293516, 0]
270	[-58.41173505293516, 0]
270	[-58.41173505293516, 0]
270	[-58.41173505293516, 0]
270	[-58.41173505293516, 0]
270	[-58.41173505293516, 0]
270	[-58.41173505293516, 0]
270	[-58.41173505293516, 0]
270	[-58.41173505293516, 0]
270	[-58.41173505293516, 0]
270	[-58.41173505293516, 0]
270	[-58.41173505293516, 0]
270	[-58.41173505293516, 0]
270	[-58.41173505293516, 0]
270	[-58.41173505293516, 0]
270	[-58.41173505293516, 0]
270	[-58.41173505293516, 0]
270	[-58.41173505293516, 0]
270	[-58.41173505293516, 0]
270	[-58.41173505293516, 0]
270	[-58.41173505293516, 0]
270	[-58.41173505293516, 0]
270	[-58.41173505293516, 0]
270	[-58.41173505293516, 0]
270	[-58.41173505293516, 0]
270	[-58.41173505293516, 0]
270	[-58.41173505293516, 0]
271	[-58.41173505293516, 0]
271	[-58.41173505293516, 0]
271	[-58.41173505293516, 0]
271	[-58.41173505293516, 0]
271	[-58.41173505293516, 0]
271	[-58.41173505293516, 0]
271	[-58.41173505293516, 0]
271	[-58.41173505293516, 0]
271	[-58.41173505293516, 0]
271	[-58.41173505293516, 0]
271	[-58.41173505293516, 0]
271	[-58.41173505293516, 0]
271	[-58.41173505293516, 0]
271	[-58.41173505293516, 0]
271	[-58.41173505293516, 0]
271	[-58.41173505293516, 0]
271	[-58.41173505293516, 0]
271	[-58.41173505293516, 0]
271	[-58.41173505293516, 0]
271	[-58.41173505293516, 0]
271	[-58.41173505293516, 0]
271	[-58.41173505293516, 0]
271	[-58.41173505293516, 0]
271	[-58.41173505293516, 0]
271	[-58.41173505293516, 0]
271	[-58.41173505293516, 0]
271	[-58.41173505293516, 0]
271	[-58.41173505293516, 0]
271	[-58.41173505293516, 0]
271	[-58.41173505293516, 0]
271	[-58.41173505293516, 0]
271	[-58.41173505293516, 0]
271	[-58.41173505293516, 0]
271	[-58.41173505293516, 0]
271	[-58.41173505293516, 0]
271	[-58.41173505293516, 0]
271	[-58.41173505293516, 0]
271	[-58.41173505293516, 0]
271	[-58.41173505293516, 0]
271	[-58.41173505293516, 0]
271	[-58.41173505293516, 0]
271	[-58.41173505293516, 0]
271	[-58.41173505293516, 0]
271	[-58.41173505293516, 0]
271	[-58.41173505293516, 0]
271	[-58.41173505293516, 0]
271	[-58.41173505293516, 0]
271	[-58.41173505293516, 0]
271	[-58.41173505293516, 0]
271	[-58.41173505293516, 0]
271	[-58.41173505293516, 0]
271	[-58.41173505293516, 0]
271	[-58.41173505293516, 0]
271	[-58.41173505293516, 0]
271	[-58.41173505293516, 0]
271	[-58.41173505293516, 0]
271	[-58.41173505293516, 0]
271	[-58.41173505293516, 0]
271	[-58.41173505293516, 0]
271	[-58.41173505293516, 0]
271	[-58.41173505293516, 0]
271	[-58.41173505293516, 0]
271	[-58.41173505293516, 0]
271	[-58.41173505293516, 0]
271	[-58.41173505293516, 0]
271	[-58.41173505293516, 0]
271	[-58.41173505293516, 0]
271	[-58.41173505293516, 0]
271	[-58.41173505293516, 0]
271	[-58.41173505293516, 0]
271	[-58.41173505293516, 0]
271	[-58.41173505293516, 0]
271	[-58.41173505293516, 0]
271	[-58.41173505293516, 0]
271	[-58.41173505293516, 0]
271	[-58.41173505293516, 0]
271	[-58.41173505293516, 0]
271	[-58.41173505293516, 0]
271	[-58.41173505293516, 0]
271	[-58.41173505293516, 0]
272	[-58.41173505293516, 0]
272	[-58.41173505293516, 0]
272	[-58.41173505293516, 0]
272	[-58.41173505293516, 0]
272	[-58.41173505293516, 0]
272	[-58.41173505293516, 0]
272	[-58.41173505293516, 0]
272	[-58.41173505293516, 0]
272	[-58.41173505293516, 0]
272	[-58.41173505293516, 0]
272	[-58.41173505293516, 0]
272	[-58.41173505293516, 0]
272	[-58.41173505293516, 0]
272	[-58.41173505293516, 0]
272	[-58.41173505293516, 0]
272	[-58.41173505293516, 0]
272	[-58.41173505293516, 0]
272	[-58.41173505293516, 0]
272	[-58.41173505293516, 0]
272	[-58.41173505293516, 0]
272	[-58.41173505293516, 0]
272	[-58.41173505293516, 0]
272	[-58.41173505293516, 0]
272	[-58.41173505293516, 0]
272	[-58.41173505293516, 0]
272	[-58.41173505293516, 0]
272	[-58.41173505293516, 0]
272	[-58.41173505293516, 0]
272	[-58.41173505293516, 0]
272	[-58.41173505293516, 0]
272	[-58.41173505293516, 0]
272	[-58.41173505293516, 0]
272	[-58.41173505293516, 0]
272	[-58.41173505293516, 0]
272	[-58.41173505293516, 0]
272	[-58.41173505293516, 0]
272	[-58.41173505293516, 0]
272	[-58.41173505293516, 0]
272	[-58.41173505293516, 0]
272	[-58.41173505293516, 0]
272	[-58.41173505293516, 0]
272	[-58.41173505293516, 0]
272	[-58.41173505293516, 0]
272	[-58.41173505293516, 0]
272	[-58.41173505293516, 0]
272	[-58.41173505293516, 0]
272	[-58.41173505293516, 0]
272	[-58.41173505293516, 0]
272	[-58.41173505293516, 0]
272	[-58.41173505293516, 0]
272	[-58.41173505293516, 0]
272	[-58.41173505293516, 0]
272	[-58.41173505293516, 0]
272	[-58.41173505293516, 0]
272	[-58.41173505293516, 0]
272	[-58.41173505293516, 0]
272	[-58.41173505293516, 0]
272	[-58.41173505293516, 0]
272	[-58.41173505293516, 0]
272	[-58.41173505293516, 0]
272	[-58.41173505293516, 0]
272	[-58.41173505293516, 0]
272	[-58.41173505293516, 0]
272	[-58.41173505293516, 0]
272	[-58.41173505293516, 0]
272	[-58.41173505293516, 0]
272	[-58.41173505293516, 0]
272	[-58.41173505293516, 0]
272	[-58.41173505293516, 0]
272	[-58.41173505293516, 0]
272	[-58.41173505293516, 0]
272	[-58.41173505293516, 0]
272	[-58.41173505293516, 0]
272	[-58.41173505293516, 0]
272	[-58.41173505293516, 0]
272	[-58.41173505293516, 0]
272	[-58.41173505293516, 0]
272	[-58.41173505293516, 0]
272	[-58.41173505293516, 0]
272	[-58.41173505293516, 0]
273	[-58.41173505293516, 0]
273	[-58.41173505293516, 0]
273	[-58.41173505293516, 0]
273	[-58.41173505293516, 0]
273	[-58.41173505293516, 0]
273	[-58.41173505293516, 0]
273	[-58.41173505293516, 0]
273	[-58.41173505293516, 0]
273	[-58.41173505293516, 0]
273	[-58.41173505293516, 0]
273	[-58.41173505293516, 0]
273	[-58.41173505293516, 0]
273	[-58.41173505293516, 0]
273	[-58.41173505293516, 0]
273	[-58.41173505293516, 0]
273	[-58.41173505293516, 0]
273	[-58.41173505293516, 0]
273	[-58.41173505293516, 0]
273	[-58.41173505293516, 0]
273	[-58.41173505293516, 0]
273	[-58.41173505293516, 0]
273	[-58.41173505293516, 0]
273	[-58.41173505293516, 0]
273	[-58.41173505293516, 0]
273	[-58.41173505293516, 0]
273	[-58.41173505293516, 0]
273	[-58.41173505293516, 0]
273	[-58.41173505293516, 0]
273	[-58.41173505293516, 0]
273	[-58.41173505293516, 0]
273	[-58.41173505293516, 0]
273	[-58.41173505293516, 0]
273	[-58.41173505293516, 0]
273	[-58.41173505293516, 0]
273	[-58.41173505293516, 0]
273	[-58.41173505293516, 0]
273	[-58.41173505293516, 0]
273	[-58.41173505293516, 0]
273	[-58.41173505293516, 0]
273	[-58.41173505293516, 0]
273	[-58.41173505293516, 0]
273	[-58.41173505293516, 0]
273	[-58.41173505293516, 0]
273	[-58.41173505293516, 0]
273	[-58.41173505293516, 0]
273	[-58.41173505293516, 0]
273	[-58.41173505293516, 0]
273	[-58.41173505293516, 0]
273	[-58.41173505293516, 0]
273	[-58.41173505293516, 0]
273	[-58.41173505293516, 0]
273	[-58.41173505293516, 0]
273	[-58.41173505293516, 0]
273	[-58.41173505293516, 0]
273	[-58.41173505293516, 0]
273	[-58.41173505293516, 0]
273	[-58.41173505293516, 0]
273	[-58.41173505293516, 0]
273	[-58.41173505293516, 0]
273	[-58.41173505293516, 0]
273	[-58.41173505293516, 0]
273	[-58.41173505293516, 0]
273	[-58.41173505293516, 0]
273	[-58.41173505293516, 0]
273	[-58.41173505293516, 0]
273	[-58.41173505293516, 0]
273	[-58.41173505293516, 0]
273	[-58.41173505293516, 0]
273	[-58.41173505293516, 0]
273	[-58.41173505293516, 0]
273	[-58.41173505293516, 0]
273	[-58.41173505293516, 0]
273	[-58.41173505293516, 0]
273	[-58.41173505293516, 0]
273	[-58.41173505293516, 0]
273	[-58.41173505293516, 0]
273	[-58.41173505293516, 0]
273	[-58.41173505293516, 0]
273	[-58.41173505293516, 0]
273	[-58.41173505293516, 0]
274	[-58.41173505293516, 0]
274	[-58.41173505293516, 0]
274	[-58.41173505293516, 0]
274	[-58.41173505293516, 0]
274	[-58.41173505293516, 0]
274	[-58.41173505293516, 0]
274	[-58.41173505293516, 0]
274	[-58.41173505293516, 0]
274	[-58.41173505293516, 0]
274	[-58.41173505293516, 0]
274	[-58.41173505293516, 0]
274	[-58.41173505293516, 0]
274	[-58.41173505293516, 0]
274	[-58.41173505293516, 0]
274	[-58.41173505293516, 0]
274	[-58.41173505293516, 0]
274	[-58.41173505293516, 0]
274	[-58.41173505293516, 0]
274	[-58.41173505293516, 0]
274	[-58.41173505293516, 0]
274	[-58.41173505293516, 0]
274	[-58.41173505293516, 0]
274	[-58.41173505293516, 0]
274	[-58.41173505293516, 0]
274	[-58.41173505293516, 0]
274	[-58.41173505293516, 0]
274	[-58.41173505293516, 0]
274	[-58.41173505293516, 0]
274	[-58.41173505293516, 0]
274	[-58.41173505293516, 0]
274	[-58.41173505293516, 0]
274	[-58.41173505293516, 0]
274	[-58.41173505293516, 0]
274	[-58.41173505293516, 0]
274	[-58.41173505293516, 0]
274	[-58.41173505293516, 0]
274	[-58.41173505293516, 0]
274	[-58.41173505293516, 0]
274	[-58.41173505293516, 0]
274	[-58.41173505293516, 0]
274	[-58.41173505293516, 0]
274	[-58.41173505293516, 0]
274	[-58.41173505293516, 0]
274	[-58.41173505293516, 0]
274	[-58.41173505293516, 0]
274	[-58.41173505293516, 0]
274	[-58.41173505293516, 0]
274	[-58.41173505293516, 0]
274	[-58.41173505293516, 0]
274	[-58.41173505293516, 0]
274	[-58.41173505293516, 0]
274	[-58.41173505293516, 0]
274	[-58.41173505293516, 0]
274	[-58.41173505293516, 0]
274	[-58.41173505293516, 0]
274	[-58.41173505293516, 0]
274	[-58.41173505293516, 0]
274	[-58.41173505293516, 0]
274	[-58.41173505293516, 0]
274	[-58.41173505293516, 0]
274	[-58.41173505293516, 0]
274	[-58.41173505293516, 0]
274	[-58.41173505293516, 0]
274	[-58.41173505293516, 0]
274	[-58.41173505293516, 0]
274	[-58.41173505293516, 0]
274	[-58.41173505293516, 0]
274	[-58.41173505293516, 0]
274	[-58.41173505293516, 0]
274	[-58.41173505293516, 0]
274	[-58.41173505293516, 0]
274	[-58.41173505293516, 0]
274	[-58.41173505293516, 0]
274	[-58.41173505293516, 0]
274	[-58.41173505293516, 0]
274	[-58.41173505293516, 0]
274	[-58.41173505293516, 0]
274	[-58.41173505293516, 0]
274	[-58.41173505293516, 0]
274	[-58.41173505293516, 0]
275	[-58.41173505293516, 0]
275	[-58.41173505293516, 0]
275	[-58.41173505293516, 0]
275	[-58.41173505293516, 0]
275	[-58.41173505293516, 0]
275	[-58.41173505293516, 0]
275	[-58.41173505293516, 0]
275	[-58.41173505293516, 0]
275	[-58.41173505293516, 0]
275	[-58.41173505293516, 0]
275	[-58.41173505293516, 0]
275	[-58.41173505293516, 0]
275	[-58.41173505293516, 0]
275	[-58.41173505293516, 0]
275	[-58.41173505293516, 0]
275	[-58.41173505293516, 0]
275	[-58.41173505293516, 0]
275	[-58.41173505293516, 0]
275	[-58.41173505293516, 0]
275	[-58.41173505293516, 0]
275	[-58.41173505293516, 0]
275	[-58.41173505293516, 0]
275	[-58.41173505293516, 0]
275	[-58.41173505293516, 0]
275	[-58.41173505293516, 0]
275	[-58.41173505293516, 0]
275	[-58.41173505293516, 0]
275	[-58.41173505293516, 0]
275	[-58.41173505293516, 0]
275	[-58.41173505293516, 0]
275	[-58.41173505293516, 0]
275	[-58.41173505293516, 0]
275	[-58.41173505293516, 0]
275	[-58.41173505293516, 0]
275	[-58.41173505293516, 0]
275	[-58.41173505293516, 0]
275	[-58.41173505293516, 0]
275	[-58.41173505293516, 0]
275	[-58.41173505293516, 0]
275	[-58.41173505293516, 0]
275	[-58.41173505293516, 0]
275	[-58.41173505293516, 0]
275	[-58.41173505293516, 0]
275	[-58.41173505293516, 0]
275	[-58.41173505293516, 0]
275	[-58.41173505293516, 0]
275	[-58.41173505293516, 0]
275	[-58.41173505293516, 0]
275	[-58.41173505293516, 0]
275	[-58.41173505293516, 0]
275	[-58.41173505293516, 0]
275	[-58.41173505293516, 0]
275	[-58.41173505293516, 0]
275	[-58.41173505293516, 0]
275	[-58.41173505293516, 0]
275	[-58.41173505293516, 0]
275	[-58.41173505293516, 0]
275	[-58.41173505293516, 0]
275	[-58.41173505293516, 0]
275	[-58.41173505293516, 0]
275	[-58.41173505293516, 0]
275	[-58.41173505293516, 0]
275	[-58.41173505293516, 0]
275	[-58.41173505293516, 0]
275	[-58.41173505293516, 0]
275	[-58.41173505293516, 0]
275	[-58.41173505293516, 0]
275	[-58.41173505293516, 0]
275	[-58.41173505293516, 0]
275	[-58.41173505293516, 0]
275	[-58.41173505293516, 0]
275	[-58.41173505293516, 0]
275	[-58.41173505293516, 0]
275	[-58.41173505293516, 0]
275	[-58.41173505293516, 0]
275	[-58.41173505293516, 0]
275	[-58.41173505293516, 0]
275	[-58.41173505293516, 0]
275	[-58.41173505293516, 0]
275	[-58.41173505293516, 0]
276	[-58.41173505293516, 0]
276	[-58.41173505293516, 0]
276	[-58.41173505293516, 0]
276	[-58.41173505293516, 0]
276	[-58.41173505293516, 0]
276	[-58.41173505293516, 0]
276	[-58.41173505293516, 0]
276	[-58.41173505293516, 0]
276	[-58.41173505293516, 0]
276	[-58.41173505293516, 0]
276	[-58.41173505293516, 0]
276	[-58.41173505293516, 0]
276	[-58.41173505293516, 0]
276	[-58.41173505293516, 0]
276	[-58.41173505293516, 0]
276	[-58.41173505293516, 0]
276	[-58.41173505293516, 0]
276	[-58.41173505293516, 0]
276	[-58.41173505293516, 0]
276	[-58.41173505293516, 0]
276	[-58.41173505293516, 0]
276	[-58.41173505293516, 0]
276	[-58.41173505293516, 0]
276	[-58.41173505293516, 0]
276	[-58.41173505293516, 0]
276	[-58.41173505293516, 0]
276	[-58.41173505293516, 0]
276	[-58.41173505293516, 0]
276	[-58.41173505293516, 0]
276	[-58.41173505293516, 0]
276	[-58.41173505293516, 0]
276	[-58.41173505293516, 0]
276	[-58.41173505293516, 0]
276	[-58.41173505293516, 0]
276	[-58.41173505293516, 0]
276	[-58.41173505293516, 0]
276	[-58.41173505293516, 0]
276	[-58.41173505293516, 0]
276	[-58.41173505293516, 0]
276	[-58.41173505293516, 0]
276	[-58.41173505293516, 0]
276	[-58.41173505293516, 0]
276	[-58.41173505293516, 0]
276	[-58.41173505293516, 0]
276	[-58.41173505293516, 0]
276	[-58.41173505293516, 0]
276	[-58.41173505293516, 0]
276	[-58.41173505293516, 0]
276	[-58.41173505293516, 0]
276	[-58.41173505293516, 0]
276	[-58.41173505293516, 0]
276	[-58.41173505293516, 0]
276	[-58.41173505293516, 0]
276	[-58.41173505293516, 0]
276	[-58.41173505293516, 0]
276	[-58.41173505293516, 0]
276	[-58.41173505293516, 0]
276	[-58.41173505293516, 0]
276	[-58.41173505293516, 0]
276	[-58.41173505293516, 0]
276	[-58.41173505293516, 0]
276	[-58.41173505293516, 0]
276	[-58.41173505293516, 0]
276	[-58.41173505293516, 0]
276	[-58.41173505293516, 0]
276	[-58.41173505293516, 0]
276	[-58.41173505293516, 0]
276	[-58.41173505293516, 0]
276	[-58.41173505293516, 0]
276	[-58.41173505293516, 0]
276	[-58.41173505293516, 0]
276	[-58.41173505293516, 0]
276	[-58.41173505293516, 0]
276	[-58.41173505293516, 0]
276	[-58.41173505293516, 0]
276	[-58.41173505293516, 0]
276	[-58.41173505293516, 0]
276	[-58.41173505293516, 0]
276	[-58.41173505293516, 0]
276	[-58.41173505293516, 0]
277	[-58.41173505293516, 0]
277	[-58.41173505293516, 0]
277	[-58.41173505293516, 0]
277	[-58.41173505293516, 0]
277	[-58.41173505293516, 0]
277	[-58.41173505293516, 0]
277	[-58.41173505293516, 0]
277	[-58.41173505293516, 0]
277	[-58.41173505293516, 0]
277	[-58.41173505293516, 0]
277	[-58.41173505293516, 0]
277	[-58.41173505293516, 0]
277	[-58.41173505293516, 0]
277	[-58.41173505293516, 0]
277	[-58.41173505293516, 0]
277	[-58.41173505293516, 0]
277	[-58.41173505293516, 0]
277	[-58.41173505293516, 0]
277	[-58.41173505293516, 0]
277	[-58.41173505293516, 0]
277	[-58.41173505293516, 0]
277	[-58.41173505293516, 0]
277	[-58.41173505293516, 0]
277	[-58.41173505293516, 0]
277	[-58.41173505293516, 0]
277	[-58.41173505293516, 0]
277	[-58.41173505293516, 0]
277	[-58.41173505293516, 0]
277	[-58.41173505293516, 0]
277	[-58.41173505293516, 0]
277	[-58.41173505293516, 0]
277	[-58.41173505293516, 0]
277	[-58.41173505293516, 0]
277	[-58.41173505293516, 0]
277	[-58.41173505293516, 0]
277	[-58.41173505293516, 0]
277	[-58.41173505293516, 0]
277	[-58.41173505293516, 0]
277	[-58.41173505293516, 0]
277	[-58.41173505293516, 0]
277	[-58.41173505293516, 0]
277	[-58.41173505293516, 0]
277	[-58.41173505293516, 0]
277	[-58.41173505293516, 0]
277	[-58.41173505293516, 0]
277	[-58.41173505293516, 0]
277	[-58.41173505293516, 0]
277	[-58.41173505293516, 0]
277	[-58.41173505293516, 0]
277	[-58.41173505293516, 0]
277	[-58.41173505293516, 0]
277	[-58.41173505293516, 0]
277	[-58.41173505293516, 0]
277	[-58.41173505293516, 0]
277	[-58.41173505293516, 0]
277	[-58.41173505293516, 0]
277	[-58.41173505293516, 0]
277	[-58.41173505293516, 0]
277	[-58.41173505293516, 0]
277	[-58.41173505293516, 0]
277	[-58.41173505293516, 0]
277	[-58.41173505293516, 0]
277	[-58.41173505293516, 0]
277	[-58.41173505293516, 0]
277	[-58.41173505293516, 0]
277	[-58.41173505293516, 0]
277	[-58.41173505293516, 0]
277	[-58.41173505293516, 0]
277	[-58.41173505293516, 0]
277	[-58.41173505293516, 0]
277	[-58.41173505293516, 0]
277	[-58.41173505293516, 0]
277	[-58.41173505293516, 0]
277	[-58.41173505293516, 0]
277	[-58.41173505293516, 0]
277	[-58.41173505293516, 0]
277	[-58.41173505293516, 0]
277	[-58.41173505293516, 0]
277	[-58.41173505293516, 0]
277	[-58.41173505293516, 0]
278	[-58.41173505293516, 0]
278	[-58.41173505293516, 0]
278	[-58.41173505293516, 0]
278	[-58.41173505293516, 0]
278	[-58.41173505293516, 0]
278	[-58.41173505293516, 0]
278	[-58.41173505293516, 0]
278	[-58.41173505293516, 0]
278	[-58.41173505293516, 0]
278	[-58.41173505293516, 0]
278	[-58.41173505293516, 0]
278	[-58.41173505293516, 0]
278	[-58.41173505293516, 0]
278	[-58.41173505293516, 0]
278	[-58.41173505293516, 0]
278	[-58.41173505293516, 0]
278	[-58.41173505293516, 0]
278	[-58.41173505293516, 0]
278	[-58.41173505293516, 0]
278	[-58.41173505293516, 0]
278	[-58.41173505293516, 0]
278	[-58.41173505293516, 0]
278	[-58.41173505293516, 0]
278	[-58.41173505293516, 0]
278	[-58.41173505293516, 0]
278	[-58.41173505293516, 0]
278	[-58.41173505293516, 0]
278	[-58.41173505293516, 0]
278	[-58.41173505293516, 0]
278	[-58.41173505293516, 0]
278	[-58.41173505293516, 0]
278	[-58.41173505293516, 0]
278	[-58.41173505293516, 0]
278	[-58.41173505293516, 0]
278	[-58.41173505293516, 0]
278	[-58.41173505293516, 0]
278	[-58.41173505293516, 0]
278	[-58.41173505293516, 0]
278	[-58.41173505293516, 0]
278	[-58.41173505293516, 0]
278	[-58.41173505293516, 0]
278	[-58.41173505293516, 0]
278	[-58.41173505293516, 0]
278	[-58.41173505293516, 0]
278	[-58.41173505293516, 0]
278	[-58.41173505293516, 0]
278	[-58.41173505293516, 0]
278	[-58.41173505293516, 0]
278	[-58.41173505293516, 0]
278	[-58.41173505293516, 0]
278	[-58.41173505293516, 0]
278	[-58.41173505293516, 0]
278	[-58.41173505293516, 0]
278	[-58.41173505293516, 0]
278	[-58.41173505293516, 0]
278	[-58.41173505293516, 0]
278	[-58.41173505293516, 0]
278	[-58.41173505293516, 0]
278	[-58.41173505293516, 0]
278	[-58.41173505293516, 0]
278	[-58.41173505293516, 0]
278	[-58.41173505293516, 0]
278	[-58.41173505293516, 0]
278	[-58.41173505293516, 0]
278	[-58.41173505293516, 0]
278	[-58.41173505293516, 0]
278	[-58.41173505293516, 0]
278	[-58.41173505293516, 0]
278	[-58.41173505293516, 0]
278	[-58.41173505293516, 0]
278	[-58.41173505293516, 0]
278	[-58.41173505293516, 0]
278	[-58.41173505293516, 0]
278	[-58.41173505293516, 0]
278	[-58.41173505293516, 0]
278	[-58.41173505293516, 0]
278	[-58.41173505293516, 0]
278	[-58.41173505293516, 0]
278	[-58.41173505293516, 0]
278	[-58.41173505293516, 0]
279	[-58.41173505293516, 0]
279	[-58.41173505293516, 0]
279	[-58.41173505293516, 0]
279	[-58.41173505293516, 0]
279	[-58.41173505293516, 0]
279	[-58.41173505293516, 0]
279	[-58.41173505293516, 0]
279	[-58.41173505293516, 0]
279	[-58.41173505293516, 0]
279	[-58.41173505293516, 0]
279	[-58.41173505293516, 0]
279	[-58.41173505293516, 0]
279	[-58.41173505293516, 0]
279	[-58.41173505293516, 0]
279	[-58.41173505293516, 0]
279	[-58.41173505293516, 0]
279	[-58.41173505293516, 0]
279	[-58.41173505293516, 0]
279	[-58.41173505293516, 0]
279	[-58.41173505293516, 0]
279	[-58.41173505293516, 0]
279	[-58.41173505293516, 0]
279	[-58.41173505293516, 0]
279	[-58.41173505293516, 0]
279	[-58.41173505293516, 0]
279	[-58.41173505293516, 0]
279	[-58.41173505293516, 0]
279	[-58.41173505293516, 0]
279	[-58.41173505293516, 0]
279	[-58.41173505293516, 0]
279	[-58.41173505293516, 0]
279	[-58.41173505293516, 0]
279	[-58.41173505293516, 0]
279	[-58.41173505293516, 0]
279	[-58.41173505293516, 0]
279	[-58.41173505293516, 0]
279	[-58.41173505293516, 0]
279	[-58.41173505293516, 0]
279	[-58.41173505293516, 0]
279	[-58.41173505293516, 0]
279	[-58.41173505293516, 0]
279	[-58.41173505293516, 0]
279	[-58.41173505293516, 0]
279	[-58.41173505293516, 0]
279	[-58.41173505293516, 0]
279	[-58.41173505293516, 0]
279	[-58.41173505293516, 0]
279	[-58.41173505293516, 0]
279	[-58.41173505293516, 0]
279	[-58.41173505293516, 0]
279	[-58.41173505293516, 0]
279	[-58.41173505293516, 0]
279	[-58.41173505293516, 0]
279	[-58.41173505293516, 0]
279	[-58.41173505293516, 0]
279	[-58.41173505293516, 0]
279	[-58.41173505293516, 0]
279	[-58.41173505293516, 0]
279	[-58.41173505293516, 0]
279	[-58.41173505293516, 0]
279	[-58.41173505293516, 0]
279	[-58.41173505293516, 0]
279	[-58.41173505293516, 0]
279	[-58.41173505293516, 0]
279	[-58.41173505293516, 0]
279	[-58.41173505293516, 0]
279	[-58.41173505293516, 0]
279	[-58.41173505293516, 0]
279	[-58.41173505293516, 0]
279	[-58.41173505293516, 0]
279	[-58.41173505293516, 0]
279	[-58.41173505293516, 0]
279	[-58.41173505293516, 0]
279	[-58.41173505293516, 0]
279	[-58.41173505293516, 0]
279	[-58.41173505293516, 0]
279	[-58.41173505293516, 0]
279	[-58.41173505293516, 0]
279	[-58.41173505293516, 0]
279	[-58.41173505293516, 0]
280	[-58.41173505293516, 0]
280	[-58.41173505293516, 0]
280	[-58.41173505293516, 0]
280	[-58.41173505293516, 0]
280	[-58.41173505293516, 0]
280	[-58.41173505293516, 0]
280	[-58.41173505293516, 0]
280	[-58.41173505293516, 0]
280	[-58.41173505293516, 0]
280	[-58.41173505293516, 0]
280	[-58.41173505293516, 0]
280	[-58.41173505293516, 0]
280	[-58.41173505293516, 0]
280	[-58.41173505293516, 0]
280	[-58.41173505293516, 0]
280	[-58.41173505293516, 0]
280	[-58.41173505293516, 0]
280	[-58.41173505293516, 0]
280	[-58.41173505293516, 0]
280	[-58.41173505293516, 0]
280	[-58.41173505293516, 0]
280	[-58.41173505293516, 0]
280	[-58.41173505293516, 0]
280	[-58.41173505293516, 0]
280	[-58.41173505293516, 0]
280	[-58.41173505293516, 0]
280	[-58.41173505293516, 0]
280	[-58.41173505293516, 0]
280	[-58.41173505293516, 0]
280	[-58.41173505293516, 0]
280	[-58.41173505293516, 0]
280	[-58.41173505293516, 0]
280	[-58.41173505293516, 0]
280	[-58.41173505293516, 0]
280	[-58.41173505293516, 0]
280	[-58.41173505293516, 0]
280	[-58.41173505293516, 0]
280	[-58.41173505293516, 0]
280	[-58.41173505293516, 0]
280	[-58.41173505293516, 0]
280	[-58.41173505293516, 0]
280	[-58.41173505293516, 0]
280	[-58.41173505293516, 0]
280	[-58.41173505293516, 0]
280	[-58.41173505293516, 0]
280	[-58.41173505293516, 0]
280	[-58.41173505293516, 0]
280	[-58.41173505293516, 0]
280	[-58.41173505293516, 0]
280	[-58.41173505293516, 0]
280	[-58.41173505293516, 0]
280	[-58.41173505293516, 0]
280	[-58.41173505293516, 0]
280	[-58.41173505293516, 0]
280	[-58.41173505293516, 0]
280	[-58.41173505293516, 0]
280	[-58.41173505293516, 0]
280	[-58.41173505293516, 0]
280	[-58.41173505293516, 0]
280	[-58.41173505293516, 0]
280	[-58.41173505293516, 0]
280	[-58.41173505293516, 0]
280	[-58.41173505293516, 0]
280	[-58.41173505293516, 0]
280	[-58.41173505293516, 0]
280	[-58.41173505293516, 0]
280	[-58.41173505293516, 0]
280	[-58.41173505293516, 0]
280	[-58.41173505293516, 0]
280	[-58.41173505293516, 0]
280	[-58.41173505293516, 0]
280	[-58.41173505293516, 0]
280	[-58.41173505293516, 0]
280	[-58.41173505293516, 0]
280	[-58.41173505293516, 0]
280	[-58.41173505293516, 0]
280	[-58.41173505293516, 0]
280	[-58.41173505293516, 0]
280	[-58.41173505293516, 0]
280	[-58.41173505293516, 0]
281	[-58.41173505293516, 0]
281	[-58.41173505293516, 0]
281	[-58.41173505293516, 0]
281	[-58.41173505293516, 0]
281	[-58.41173505293516, 0]
281	[-58.41173505293516, 0]
281	[-58.41173505293516, 0]
281	[-58.41173505293516, 0]
281	[-58.41173505293516, 0]
281	[-58.41173505293516, 0]
281	[-58.41173505293516, 0]
281	[-58.41173505293516, 0]
281	[-58.41173505293516, 0]
281	[-58.41173505293516, 0]
281	[-58.41173505293516, 0]
281	[-58.41173505293516, 0]
281	[-58.41173505293516, 0]
281	[-58.41173505293516, 0]
281	[-58.41173505293516, 0]
281	[-58.41173505293516, 0]
281	[-58.41173505293516, 0]
281	[-58.41173505293516, 0]
281	[-58.41173505293516, 0]
281	[-58.41173505293516, 0]
281	[-58.41173505293516, 0]
281	[-58.41173505293516, 0]
281	[-58.41173505293516, 0]
281	[-58.41173505293516, 0]
281	[-58.41173505293516, 0]
281	[-58.41173505293516, 0]
281	[-58.41173505293516, 0]
281	[-58.41173505293516, 0]
281	[-58.41173505293516, 0]
281	[-58.41173505293516, 0]
281	[-58.41173505293516, 0]
281	[-58.41173505293516, 0]
281	[-58.41173505293516, 0]
281	[-58.41173505293516, 0]
281	[-58.41173505293516, 0]
281	[-58.41173505293516, 0]
281	[-58.41173505293516, 0]
281	[-58.41173505293516, 0]
281	[-58.41173505293516, 0]
281	[-58.41173505293516, 0]
281	[-58.41173505293516, 0]
281	[-58.41173505293516, 0]
281	[-58.41173505293516, 0]
281	[-58.41173505293516, 0]
281	[-58.41173505293516, 0]
281	[-58.41173505293516, 0]
281	[-58.41173505293516, 0]
281	[-58.41173505293516, 0]
281	[-58.41173505293516, 0]
281	[-58.41173505293516, 0]
281	[-58.41173505293516, 0]
281	[-58.41173505293516, 0]
281	[-58.41173505293516, 0]
281	[-58.41173505293516, 0]
281	[-58.41173505293516, 0]
281	[-58.41173505293516, 0]
281	[-58.41173505293516, 0]
281	[-58.41173505293516, 0]
281	[-58.41173505293516, 0]
281	[-58.41173505293516, 0]
281	[-58.41173505293516, 0]
281	[-58.41173505293516, 0]
281	[-58.41173505293516, 0]
281	[-58.41173505293516, 0]
281	[-58.41173505293516, 0]
281	[-58.41173505293516, 0]
281	[-58.41173505293516, 0]
281	[-58.41173505293516, 0]
281	[-58.41173505293516, 0]
281	[-58.41173505293516, 0]
281	[-58.41173505293516, 0]
281	[-58.41173505293516, 0]
281	[-58.41173505293516, 0]
281	[-58.41173505293516, 0]
281	[-58.41173505293516, 0]
281	[-58.41173505293516, 0]
282	[-58.41173505293516, 0]
282	[-58.41173505293516, 0]
282	[-58.41173505293516, 0]
282	[-58.41173505293516, 0]
282	[-58.41173505293516, 0]
282	[-58.41173505293516, 0]
282	[-58.41173505293516, 0]
282	[-58.41173505293516, 0]
282	[-58.41173505293516, 0]
282	[-58.41173505293516, 0]
282	[-58.41173505293516, 0]
282	[-58.41173505293516, 0]
282	[-58.41173505293516, 0]
282	[-58.41173505293516, 0]
282	[-58.41173505293516, 0]
282	[-58.41173505293516, 0]
282	[-58.41173505293516, 0]
282	[-58.41173505293516, 0]
282	[-58.41173505293516, 0]
282	[-58.41173505293516, 0]
282	[-58.41173505293516, 0]
282	[-58.41173505293516, 0]
282	[-58.41173505293516, 0]
282	[-58.41173505293516, 0]
282	[-58.41173505293516, 0]
282	[-58.41173505293516, 0]
282	[-58.41173505293516, 0]
282	[-58.41173505293516, 0]
282	[-58.41173505293516, 0]
282	[-58.41173505293516, 0]
282	[-58.41173505293516, 0]
282	[-58.41173505293516, 0]
282	[-58.41173505293516, 0]
282	[-58.41173505293516, 0]
282	[-58.41173505293516, 0]
282	[-58.41173505293516, 0]
282	[-58.41173505293516, 0]
282	[-58.41173505293516, 0]
282	[-58.41173505293516, 0]
282	[-58.41173505293516, 0]
282	[-58.41173505293516, 0]
282	[-58.41173505293516, 0]
282	[-58.41173505293516, 0]
282	[-58.41173505293516, 0]
282	[-58.41173505293516, 0]
282	[-58.41173505293516, 0]
282	[-58.41173505293516, 0]
282	[-58.41173505293516, 0]
282	[-58.41173505293516, 0]
282	[-58.41173505293516, 0]
282	[-58.41173505293516, 0]
282	[-58.41173505293516, 0]
282	[-58.41173505293516, 0]
282	[-58.41173505293516, 0]
282	[-58.41173505293516, 0]
282	[-58.41173505293516, 0]
282	[-58.41173505293516, 0]
282	[-58.41173505293516, 0]
282	[-58.41173505293516, 0]
282	[-58.41173505293516, 0]
282	[-58.41173505293516, 0]
282	[-58.41173505293516, 0]
282	[-58.41173505293516, 0]
282	[-58.41173505293516, 0]
282	[-58.41173505293516, 0]
282	[-58.41173505293516, 0]
282	[-58.41173505293516, 0]
282	[-58.41173505293516, 0]
282	[-58.41173505293516, 0]
282	[-58.41173505293516, 0]
282	[-58.41173505293516, 0]
282	[-58.41173505293516, 0]
282	[-58.41173505293516, 0]
282	[-58.41173505293516, 0]
282	[-58.41173505293516, 0]
282	[-58.41173505293516, 0]
282	[-58.41173505293516, 0]
282	[-58.41173505293516, 0]
282	[-58.41173505293516, 0]
282	[-58.41173505293516, 0]
283	[-58.41173505293516, 0]
283	[-58.41173505293516, 0]
283	[-58.41173505293516, 0]
283	[-58.41173505293516, 0]
283	[-58.41173505293516, 0]
283	[-58.41173505293516, 0]
283	[-58.41173505293516, 0]
283	[-58.41173505293516, 0]
283	[-58.41173505293516, 0]
283	[-58.41173505293516, 0]
283	[-58.41173505293516, 0]
283	[-58.41173505293516, 0]
283	[-58.41173505293516, 0]
283	[-58.41173505293516, 0]
283	[-58.41173505293516, 0]
283	[-58.41173505293516, 0]
283	[-58.41173505293516, 0]
283	[-58.41173505293516, 0]
283	[-58.41173505293516, 0]
283	[-58.41173505293516, 0]
283	[-58.41173505293516, 0]
283	[-58.41173505293516, 0]
283	[-58.41173505293516, 0]
283	[-58.41173505293516, 0]
283	[-58.41173505293516, 0]
283	[-58.41173505293516, 0]
283	[-58.41173505293516, 0]
283	[-58.41173505293516, 0]
283	[-58.41173505293516, 0]
283	[-58.41173505293516, 0]
283	[-58.41173505293516, 0]
283	[-58.41173505293516, 0]
283	[-58.41173505293516, 0]
283	[-58.41173505293516, 0]
283	[-58.41173505293516, 0]
283	[-58.41173505293516, 0]
283	[-58.41173505293516, 0]
283	[-58.41173505293516, 0]
283	[-58.41173505293516, 0]
283	[-58.41173505293516, 0]
283	[-58.41173505293516, 0]
283	[-58.41173505293516, 0]
283	[-58.41173505293516, 0]
283	[-58.41173505293516, 0]
283	[-58.41173505293516, 0]
283	[-58.41173505293516, 0]
283	[-58.41173505293516, 0]
283	[-58.41173505293516, 0]
283	[-58.41173505293516, 0]
283	[-58.41173505293516, 0]
283	[-58.41173505293516, 0]
283	[-58.41173505293516, 0]
283	[-58.41173505293516, 0]
283	[-58.41173505293516, 0]
283	[-58.41173505293516, 0]
283	[-58.41173505293516, 0]
283	[-58.41173505293516, 0]
283	[-58.41173505293516, 0]
283	[-58.41173505293516, 0]
283	[-58.41173505293516, 0]
283	[-58.41173505293516, 0]
283	[-58.41173505293516, 0]
283	[-58.41173505293516, 0]
283	[-58.41173505293516, 0]
283	[-58.41173505293516, 0]
283	[-58.41173505293516, 0]
283	[-58.41173505293516, 0]
283	[-58.41173505293516, 0]
283	[-58.41173505293516, 0]
283	[-58.41173505293516, 0]
283	[-58.41173505293516, 0]
283	[-58.41173505293516, 0]
283	[-58.41173505293516, 0]
283	[-58.41173505293516, 0]
283	[-58.41173505293516, 0]
283	[-58.41173505293516, 0]
283	[-58.41173505293516, 0]
283	[-58.41173505293516, 0]
283	[-58.41173505293516, 0]
283	[-58.41173505293516, 0]
284	[-58.41173505293516, 0]
284	[-58.41173505293516, 0]
284	[-58.41173505293516, 0]
284	[-58.41173505293516, 0]
284	[-58.41173505293516, 0]
284	[-58.41173505293516, 0]
284	[-58.41173505293516, 0]
284	[-58.41173505293516, 0]
284	[-58.41173505293516, 0]
284	[-58.41173505293516, 0]
284	[-58.41173505293516, 0]
284	[-58.41173505293516, 0]
284	[-58.41173505293516, 0]
284	[-58.41173505293516, 0]
284	[-58.41173505293516, 0]
284	[-58.41173505293516, 0]
284	[-58.41173505293516, 0]
284	[-58.41173505293516, 0]
284	[-58.41173505293516, 0]
284	[-58.41173505293516, 0]
284	[-58.41173505293516, 0]
284	[-58.41173505293516, 0]
284	[-58.41173505293516, 0]
284	[-58.41173505293516, 0]
284	[-58.41173505293516, 0]
284	[-58.41173505293516, 0]
284	[-58.41173505293516, 0]
284	[-58.41173505293516, 0]
284	[-58.41173505293516, 0]
284	[-58.41173505293516, 0]
284	[-58.41173505293516, 0]
284	[-58.41173505293516, 0]
284	[-58.41173505293516, 0]
284	[-58.41173505293516, 0]
284	[-58.41173505293516, 0]
284	[-58.41173505293516, 0]
284	[-58.41173505293516, 0]
284	[-58.41173505293516, 0]
284	[-58.41173505293516, 0]
284	[-58.41173505293516, 0]
284	[-58.41173505293516, 0]
284	[-58.41173505293516, 0]
284	[-58.41173505293516, 0]
284	[-58.41173505293516, 0]
284	[-58.41173505293516, 0]
284	[-58.41173505293516, 0]
284	[-58.41173505293516, 0]
284	[-58.41173505293516, 0]
284	[-58.41173505293516, 0]
284	[-58.41173505293516, 0]
284	[-58.41173505293516, 0]
284	[-58.41173505293516, 0]
284	[-58.41173505293516, 0]
284	[-58.41173505293516, 0]
284	[-58.41173505293516, 0]
284	[-58.41173505293516, 0]
284	[-58.41173505293516, 0]
284	[-58.41173505293516, 0]
284	[-58.41173505293516, 0]
284	[-58.41173505293516, 0]
284	[-58.41173505293516, 0]
284	[-58.41173505293516, 0]
284	[-58.41173505293516, 0]
284	[-58.41173505293516, 0]
284	[-58.41173505293516, 0]
284	[-58.41173505293516, 0]
284	[-58.41173505293516, 0]
284	[-58.41173505293516, 0]
284	[-58.41173505293516, 0]
284	[-58.41173505293516, 0]
284	[-58.41173505293516, 0]
284	[-58.41173505293516, 0]
284	[-58.41173505293516, 0]
284	[-58.41173505293516, 0]
284	[-58.41173505293516, 0]
284	[-58.41173505293516, 0]
284	[-58.41173505293516, 0]
284	[-58.41173505293516, 0]
284	[-58.41173505293516, 0]
284	[-58.41173505293516, 0]
285	[-58.41173505293516, 0]
285	[-58.41173505293516, 0]
285	[-58.41173505293516, 0]
285	[-58.41173505293516, 0]
285	[-58.41173505293516, 0]
285	[-58.41173505293516, 0]
285	[-58.41173505293516, 0]
285	[-58.41173505293516, 0]
285	[-58.41173505293516, 0]
285	[-58.41173505293516, 0]
285	[-58.41173505293516, 0]
285	[-58.41173505293516, 0]
285	[-58.41173505293516, 0]
285	[-58.41173505293516, 0]
285	[-58.41173505293516, 0]
285	[-58.41173505293516, 0]
285	[-58.41173505293516, 0]
285	[-58.41173505293516, 0]
285	[-58.41173505293516, 0]
285	[-58.41173505293516, 0]
285	[-58.41173505293516, 0]
285	[-58.41173505293516, 0]
285	[-58.41173505293516, 0]
285	[-58.41173505293516, 0]
285	[-58.41173505293516, 0]
285	[-58.41173505293516, 0]
285	[-58.41173505293516, 0]
285	[-58.41173505293516, 0]
285	[-58.41173505293516, 0]
285	[-58.41173505293516, 0]
285	[-58.41173505293516, 0]
285	[-58.41173505293516, 0]
285	[-58.41173505293516, 0]
285	[-58.41173505293516, 0]
285	[-58.41173505293516, 0]
285	[-58.41173505293516, 0]
285	[-58.41173505293516, 0]
285	[-58.41173505293516, 0]
285	[-58.41173505293516, 0]
285	[-58.41173505293516, 0]
285	[-58.41173505293516, 0]
285	[-58.41173505293516, 0]
285	[-58.41173505293516, 0]
285	[-58.41173505293516, 0]
285	[-58.41173505293516, 0]
285	[-58.41173505293516, 0]
285	[-58.41173505293516, 0]
285	[-58.41173505293516, 0]
285	[-58.41173505293516, 0]
285	[-58.41173505293516, 0]
285	[-58.41173505293516, 0]
285	[-58.41173505293516, 0]
285	[-58.41173505293516, 0]
285	[-58.41173505293516, 0]
285	[-58.41173505293516, 0]
285	[-58.41173505293516, 0]
285	[-58.41173505293516, 0]
285	[-58.41173505293516, 0]
285	[-58.41173505293516, 0]
285	[-58.41173505293516, 0]
285	[-58.41173505293516, 0]
285	[-58.41173505293516, 0]
285	[-58.41173505293516, 0]
285	[-58.41173505293516, 0]
285	[-58.41173505293516, 0]
285	[-58.41173505293516, 0]
285	[-58.41173505293516, 0]
285	[-58.41173505293516, 0]
285	[-58.41173505293516, 0]
285	[-58.41173505293516, 0]
285	[-58.41173505293516, 0]
285	[-58.41173505293516, 0]
285	[-58.41173505293516, 0]
285	[-58.41173505293516, 0]
285	[-58.41173505293516, 0]
285	[-58.41173505293516, 0]
285	[-58.41173505293516, 0]
285	[-58.41173505293516, 0]
285	[-58.41173505293516, 0]
285	[-58.41173505293516, 0]
286	[-58.41173505293516, 0]
286	[-58.41173505293516, 0]
286	[-58.41173505293516, 0]
286	[-58.41173505293516, 0]
286	[-58.41173505293516, 0]
286	[-58.41173505293516, 0]
286	[-58.41173505293516, 0]
286	[-58.41173505293516, 0]
286	[-58.41173505293516, 0]
286	[-58.41173505293516, 0]
286	[-58.41173505293516, 0]
286	[-58.41173505293516, 0]
286	[-58.41173505293516, 0]
286	[-58.41173505293516, 0]
286	[-58.41173505293516, 0]
286	[-58.41173505293516, 0]
286	[-58.41173505293516, 0]
286	[-58.41173505293516, 0]
286	[-58.41173505293516, 0]
286	[-58.41173505293516, 0]
286	[-58.41173505293516, 0]
286	[-58.41173505293516, 0]
286	[-58.41173505293516, 0]
286	[-58.41173505293516, 0]
286	[-58.41173505293516, 0]
286	[-58.41173505293516, 0]
286	[-58.41173505293516, 0]
286	[-58.41173505293516, 0]
286	[-58.41173505293516, 0]
286	[-58.41173505293516, 0]
286	[-58.41173505293516, 0]
286	[-58.41173505293516, 0]
286	[-58.41173505293516, 0]
286	[-58.41173505293516, 0]
286	[-58.41173505293516, 0]
286	[-58.41173505293516, 0]
286	[-58.41173505293516, 0]
286	[-58.41173505293516, 0]
286	[-58.41173505293516, 0]
286	[-58.41173505293516, 0]
286	[-58.41173505293516, 0]
286	[-58.41173505293516, 0]
286	[-58.41173505293516, 0]
286	[-58.41173505293516, 0]
286	[-58.41173505293516, 0]
286	[-58.41173505293516, 0]
286	[-58.41173505293516, 0]
286	[-58.41173505293516, 0]
286	[-58.41173505293516, 0]
286	[-58.41173505293516, 0]
286	[-58.41173505293516, 0]
286	[-58.41173505293516, 0]
286	[-58.41173505293516, 0]
286	[-58.41173505293516, 0]
286	[-58.41173505293516, 0]
286	[-58.41173505293516, 0]
286	[-58.41173505293516, 0]
286	[-58.41173505293516, 0]
286	[-58.41173505293516, 0]
286	[-58.41173505293516, 0]
286	[-58.41173505293516, 0]
286	[-58.41173505293516, 0]
286	[-58.41173505293516, 0]
286	[-58.41173505293516, 0]
286	[-58.41173505293516, 0]
286	[-58.41173505293516, 0]
286	[-58.41173505293516, 0]
286	[-58.41173505293516, 0]
286	[-58.41173505293516, 0]
286	[-58.41173505293516, 0]
286	[-58.41173505293516, 0]
286	[-58.41173505293516, 0]
286	[-58.41173505293516, 0]
286	[-58.41173505293516, 0]
286	[-58.41173505293516, 0]
286	[-58.41173505293516, 0]
286	[-58.41173505293516, 0]
286	[-58.41173505293516, 0]
286	[-58.41173505293516, 0]
286	[-58.41173505293516, 0]
287	[-58.41173505293516, 0]
287	[-58.41173505293516, 0]
287	[-58.41173505293516, 0]
287	[-58.41173505293516, 0]
287	[-58.41173505293516, 0]
287	[-58.41173505293516, 0]
287	[-58.41173505293516, 0]
287	[-58.41173505293516, 0]
287	[-58.41173505293516, 0]
287	[-58.41173505293516, 0]
287	[-58.41173505293516, 0]
287	[-58.41173505293516, 0]
287	[-58.41173505293516, 0]
287	[-58.41173505293516, 0]
287	[-58.41173505293516, 0]
287	[-58.41173505293516, 0]
287	[-58.41173505293516, 0]
287	[-58.41173505293516, 0]
287	[-58.41173505293516, 0]
287	[-58.41173505293516, 0]
287	[-58.41173505293516, 0]
287	[-58.41173505293516, 0]
287	[-58.41173505293516, 0]
287	[-58.41173505293516, 0]
287	[-58.41173505293516, 0]
287	[-58.41173505293516, 0]
287	[-58.41173505293516, 0]
287	[-58.41173505293516, 0]
287	[-58.41173505293516, 0]
287	[-58.41173505293516, 0]
287	[-58.41173505293516, 0]
287	[-58.41173505293516, 0]
287	[-58.41173505293516, 0]
287	[-58.41173505293516, 0]
287	[-58.41173505293516, 0]
287	[-58.41173505293516, 0]
287	[-58.41173505293516, 0]
287	[-58.41173505293516, 0]
287	[-58.41173505293516, 0]
287	[-58.41173505293516, 0]
287	[-58.41173505293516, 0]
287	[-58.41173505293516, 0]
287	[-58.41173505293516, 0]
287	[-58.41173505293516, 0]
287	[-58.41173505293516, 0]
287	[-58.41173505293516, 0]
287	[-58.41173505293516, 0]
287	[-58.41173505293516, 0]
287	[-58.41173505293516, 0]
287	[-58.41173505293516, 0]
287	[-58.41173505293516, 0]
287	[-58.41173505293516, 0]
287	[-58.41173505293516, 0]
287	[-58.41173505293516, 0]
287	[-58.41173505293516, 0]
287	[-58.41173505293516, 0]
287	[-58.41173505293516, 0]
287	[-58.41173505293516, 0]
287	[-58.41173505293516, 0]
287	[-58.41173505293516, 0]
287	[-58.41173505293516, 0]
287	[-58.41173505293516, 0]
287	[-58.41173505293516, 0]
287	[-58.41173505293516, 0]
287	[-58.41173505293516, 0]
287	[-58.41173505293516, 0]
287	[-58.41173505293516, 0]
287	[-58.41173505293516, 0]
287	[-58.41173505293516, 0]
287	[-58.41173505293516, 0]
287	[-58.41173505293516, 0]
287	[-58.41173505293516, 0]
287	[-58.41173505293516, 0]
287	[-58.41173505293516, 0]
287	[-58.41173505293516, 0]
287	[-58.41173505293516, 0]
287	[-58.41173505293516, 0]
287	[-58.41173505293516, 0]
287	[-58.41173505293516, 0]
287	[-58.41173505293516, 0]
288	[-58.41173505293516, 0]
288	[-58.41173505293516, 0]
288	[-58.41173505293516, 0]
288	[-58.41173505293516, 0]
288	[-58.41173505293516, 0]
288	[-58.41173505293516, 0]
288	[-58.41173505293516, 0]
288	[-58.41173505293516, 0]
288	[-58.41173505293516, 0]
288	[-58.41173505293516, 0]
288	[-58.41173505293516, 0]
288	[-58.41173505293516, 0]
288	[-58.41173505293516, 0]
288	[-58.41173505293516, 0]
288	[-58.41173505293516, 0]
288	[-58.41173505293516, 0]
288	[-58.41173505293516, 0]
288	[-58.41173505293516, 0]
288	[-58.41173505293516, 0]
288	[-58.41173505293516, 0]
288	[-58.41173505293516, 0]
288	[-58.41173505293516, 0]
288	[-58.41173505293516, 0]
288	[-58.41173505293516, 0]
288	[-58.41173505293516, 0]
288	[-58.41173505293516, 0]
288	[-58.41173505293516, 0]
288	[-58.41173505293516, 0]
288	[-58.41173505293516, 0]
288	[-58.41173505293516, 0]
288	[-58.41173505293516, 0]
288	[-58.41173505293516, 0]
288	[-58.41173505293516, 0]
288	[-58.41173505293516, 0]
288	[-58.41173505293516, 0]
288	[-58.41173505293516, 0]
288	[-58.41173505293516, 0]
288	[-58.41173505293516, 0]
288	[-58.41173505293516, 0]
288	[-58.41173505293516, 0]
288	[-58.41173505293516, 0]
288	[-58.41173505293516, 0]
288	[-58.41173505293516, 0]
288	[-58.41173505293516, 0]
288	[-58.41173505293516, 0]
288	[-58.41173505293516, 0]
288	[-58.41173505293516, 0]
288	[-58.41173505293516, 0]
288	[-58.41173505293516, 0]
288	[-58.41173505293516, 0]
288	[-58.41173505293516, 0]
288	[-58.41173505293516, 0]
288	[-58.41173505293516, 0]
288	[-58.41173505293516, 0]
288	[-58.41173505293516, 0]
288	[-58.41173505293516, 0]
288	[-58.41173505293516, 0]
288	[-58.41173505293516, 0]
288	[-58.41173505293516, 0]
288	[-58.41173505293516, 0]
288	[-58.41173505293516, 0]
288	[-58.41173505293516, 0]
288	[-58.41173505293516, 0]
288	[-58.41173505293516, 0]
288	[-58.41173505293516, 0]
288	[-58.41173505293516, 0]
288	[-58.41173505293516, 0]
288	[-58.41173505293516, 0]
288	[-58.41173505293516, 0]
288	[-58.41173505293516, 0]
288	[-58.41173505293516, 0]
288	[-58.41173505293516, 0]
288	[-58.41173505293516, 0]
288	[-58.41173505293516, 0]
288	[-58.41173505293516, 0]
288	[-58.41173505293516, 0]
288	[-58.41173505293516, 0]
288	[-58.41173505293516, 0]
288	[-58.41173505293516, 0]
288	[-58.41173505293516, 0]
289	[-58.41173505293516, 0]
289	[-58.41173505293516, 0]
289	[-58.41173505293516, 0]
289	[-58.41173505293516, 0]
289	[-58.41173505293516, 0]
289	[-58.41173505293516, 0]
289	[-58.41173505293516, 0]
289	[-58.41173505293516, 0]
289	[-58.41173505293516, 0]
289	[-58.41173505293516, 0]
289	[-58.41173505293516, 0]
289	[-58.41173505293516, 0]
289	[-58.41173505293516, 0]
289	[-58.41173505293516, 0]
289	[-58.41173505293516, 0]
289	[-58.41173505293516, 0]
289	[-58.41173505293516, 0]
289	[-58.41173505293516, 0]
289	[-58.41173505293516, 0]
289	[-58.41173505293516, 0]
289	[-58.41173505293516, 0]
289	[-58.41173505293516, 0]
289	[-58.41173505293516, 0]
289	[-58.41173505293516, 0]
289	[-58.41173505293516, 0]
289	[-58.41173505293516, 0]
289	[-58.41173505293516, 0]
289	[-58.41173505293516, 0]
289	[-58.41173505293516, 0]
289	[-58.41173505293516, 0]
289	[-58.41173505293516, 0]
289	[-58.41173505293516, 0]
289	[-58.41173505293516, 0]
289	[-58.41173505293516, 0]
289	[-58.41173505293516, 0]
289	[-58.41173505293516, 0]
289	[-58.41173505293516, 0]
289	[-58.41173505293516, 0]
289	[-58.41173505293516, 0]
289	[-58.41173505293516, 0]
289	[-58.41173505293516, 0]
289	[-58.41173505293516, 0]
289	[-58.41173505293516, 0]
289	[-58.41173505293516, 0]
289	[-58.41173505293516, 0]
289	[-58.41173505293516, 0]
289	[-58.41173505293516, 0]
289	[-58.41173505293516, 0]
289	[-58.41173505293516, 0]
289	[-58.41173505293516, 0]
289	[-58.41173505293516, 0]
289	[-58.41173505293516, 0]
289	[-58.41173505293516, 0]
289	[-58.41173505293516, 0]
289	[-58.41173505293516, 0]
289	[-58.41173505293516, 0]
289	[-58.41173505293516, 0]
289	[-58.41173505293516, 0]
289	[-58.41173505293516, 0]
289	[-58.41173505293516, 0]
289	[-58.41173505293516, 0]
289	[-58.41173505293516, 0]
289	[-58.41173505293516, 0]
289	[-58.41173505293516, 0]
289	[-58.41173505293516, 0]
289	[-58.41173505293516, 0]
289	[-58.41173505293516, 0]
289	[-58.41173505293516, 0]
289	[-58.41173505293516, 0]
289	[-58.41173505293516, 0]
289	[-58.41173505293516, 0]
289	[-58.41173505293516, 0]
289	[-58.41173505293516, 0]
289	[-58.41173505293516, 0]
289	[-58.41173505293516, 0]
289	[-58.41173505293516, 0]
289	[-58.41173505293516, 0]
289	[-58.41173505293516, 0]
289	[-58.41173505293516, 0]
289	[-58.41173505293516, 0]
290	[-58.41173505293516, 0]
290	[-58.41173505293516, 0]
290	[-58.41173505293516, 0]
290	[-58.41173505293516, 0]
290	[-58.41173505293516, 0]
290	[-58.41173505293516, 0]
290	[-58.41173505293516, 0]
290	[-58.41173505293516, 0]
290	[-58.41173505293516, 0]
290	[-58.41173505293516, 0]
290	[-58.41173505293516, 0]
290	[-58.41173505293516, 0]
290	[-58.41173505293516, 0]
290	[-58.41173505293516, 0]
290	[-58.41173505293516, 0]
290	[-58.41173505293516, 0]
290	[-58.41173505293516, 0]
290	[-58.41173505293516, 0]
290	[-58.41173505293516, 0]
290	[-58.41173505293516, 0]
290	[-58.41173505293516, 0]
290	[-58.41173505293516, 0]
290	[-58.41173505293516, 0]
290	[-58.41173505293516, 0]
290	[-58.41173505293516, 0]
290	[-58.41173505293516, 0]
290	[-58.41173505293516, 0]
290	[-58.41173505293516, 0]
290	[-58.41173505293516, 0]
290	[-58.41173505293516, 0]
290	[-58.41173505293516, 0]
290	[-58.41173505293516, 0]
290	[-58.41173505293516, 0]
290	[-58.41173505293516, 0]
290	[-58.41173505293516, 0]
290	[-58.41173505293516, 0]
290	[-58.41173505293516, 0]
290	[-58.41173505293516, 0]
290	[-58.41173505293516, 0]
290	[-58.41173505293516, 0]
290	[-58.41173505293516, 0]
290	[-58.41173505293516, 0]
290	[-58.41173505293516, 0]
290	[-58.41173505293516, 0]
290	[-58.41173505293516, 0]
290	[-58.41173505293516, 0]
290	[-58.41173505293516, 0]
290	[-58.41173505293516, 0]
290	[-58.41173505293516, 0]
290	[-58.41173505293516, 0]
290	[-58.41173505293516, 0]
290	[-58.41173505293516, 0]
290	[-58.41173505293516, 0]
290	[-58.41173505293516, 0]
290	[-58.41173505293516, 0]
290	[-58.41173505293516, 0]
290	[-58.41173505293516, 0]
290	[-58.41173505293516, 0]
290	[-58.41173505293516, 0]
290	[-58.41173505293516, 0]
290	[-58.41173505293516, 0]
290	[-58.41173505293516, 0]
290	[-58.41173505293516, 0]
290	[-58.41173505293516, 0]
290	[-58.41173505293516, 0]
290	[-58.41173505293516, 0]
290	[-58.41173505293516, 0]
290	[-58.41173505293516, 0]
290	[-58.41173505293516, 0]
290	[-58.41173505293516, 0]
290	[-58.41173505293516, 0]
290	[-58.41173505293516, 0]
290	[-58.41173505293516, 0]
290	[-58.41173505293516, 0]
290	[-58.41173505293516, 0]
290	[-58.41173505293516, 0]
290	[-58.41173505293516, 0]
290	[-58.41173505293516, 0]
290	[-58.41173505293516, 0]
290	[-58.41173505293516, 0]
291	[-58.41173505293516, 0]
291	[-58.41173505293516, 0]
291	[-58.41173505293516, 0]
291	[-58.41173505293516, 0]
291	[-58.41173505293516, 0]
291	[-58.41173505293516, 0]
291	[-58.41173505293516, 0]
291	[-58.41173505293516, 0]
291	[-58.41173505293516, 0]
291	[-58.41173505293516, 0]
291	[-58.41173505293516, 0]
291	[-58.41173505293516, 0]
291	[-58.41173505293516, 0]
291	[-58.41173505293516, 0]
291	[-58.41173505293516, 0]
291	[-58.41173505293516, 0]
291	[-58.41173505293516, 0]
291	[-58.41173505293516, 0]
291	[-58.41173505293516, 0]
291	[-58.41173505293516, 0]
291	[-58.41173505293516, 0]
291	[-58.41173505293516, 0]
291	[-58.41173505293516, 0]
291	[-58.41173505293516, 0]
291	[-58.41173505293516, 0]
291	[-58.41173505293516, 0]
291	[-58.41173505293516, 0]
291	[-58.41173505293516, 0]
291	[-58.41173505293516, 0]
291	[-58.41173505293516, 0]
291	[-58.41173505293516, 0]
291	[-58.41173505293516, 0]
291	[-58.41173505293516, 0]
291	[-58.41173505293516, 0]
291	[-58.41173505293516, 0]
291	[-58.41173505293516, 0]
291	[-58.41173505293516, 0]
291	[-58.41173505293516, 0]
291	[-58.41173505293516, 0]
291	[-58.41173505293516, 0]
291	[-58.41173505293516, 0]
291	[-58.41173505293516, 0]
291	[-58.41173505293516, 0]
291	[-58.41173505293516, 0]
291	[-58.41173505293516, 0]
291	[-58.41173505293516, 0]
291	[-58.41173505293516, 0]
291	[-58.41173505293516, 0]
291	[-58.41173505293516, 0]
291	[-58.41173505293516, 0]
291	[-58.41173505293516, 0]
291	[-58.41173505293516, 0]
291	[-58.41173505293516, 0]
291	[-58.41173505293516, 0]
291	[-58.41173505293516, 0]
291	[-58.41173505293516, 0]
291	[-58.41173505293516, 0]
291	[-58.41173505293516, 0]
291	[-58.41173505293516, 0]
291	[-58.41173505293516, 0]
291	[-58.41173505293516, 0]
291	[-58.41173505293516, 0]
291	[-58.41173505293516, 0]
291	[-58.41173505293516, 0]
291	[-58.41173505293516, 0]
291	[-58.41173505293516, 0]
291	[-58.41173505293516, 0]
291	[-58.41173505293516, 0]
291	[-58.41173505293516, 0]
291	[-58.41173505293516, 0]
291	[-58.41173505293516, 0]
291	[-58.41173505293516, 0]
291	[-58.41173505293516, 0]
291	[-58.41173505293516, 0]
291	[-58.41173505293516, 0]
291	[-58.41173505293516, 0]
291	[-58.41173505293516, 0]
291	[-58.41173505293516, 0]
291	[-58.41173505293516, 0]
291	[-58.41173505293516, 0]
292	[-58.41173505293516, 0]
292	[-58.41173505293516, 0]
292	[-58.41173505293516, 0]
292	[-58.41173505293516, 0]
292	[-58.41173505293516, 0]
292	[-58.41173505293516, 0]
292	[-58.41173505293516, 0]
292	[-58.41173505293516, 0]
292	[-58.41173505293516, 0]
292	[-58.41173505293516, 0]
292	[-58.41173505293516, 0]
292	[-58.41173505293516, 0]
292	[-58.41173505293516, 0]
292	[-58.41173505293516, 0]
292	[-58.41173505293516, 0]
292	[-58.41173505293516, 0]
292	[-58.41173505293516, 0]
292	[-58.41173505293516, 0]
292	[-58.41173505293516, 0]
292	[-58.41173505293516, 0]
292	[-58.41173505293516, 0]
292	[-58.41173505293516, 0]
292	[-58.41173505293516, 0]
292	[-58.41173505293516, 0]
292	[-58.41173505293516, 0]
292	[-58.41173505293516, 0]
292	[-58.41173505293516, 0]
292	[-58.41173505293516, 0]
292	[-58.41173505293516, 0]
292	[-58.41173505293516, 0]
292	[-58.41173505293516, 0]
292	[-58.41173505293516, 0]
292	[-58.41173505293516, 0]
292	[-58.41173505293516, 0]
292	[-58.41173505293516, 0]
292	[-58.41173505293516, 0]
292	[-58.41173505293516, 0]
292	[-58.41173505293516, 0]
292	[-58.41173505293516, 0]
292	[-58.41173505293516, 0]
292	[-58.41173505293516, 0]
292	[-58.41173505293516, 0]
292	[-58.41173505293516, 0]
292	[-58.41173505293516, 0]
292	[-58.41173505293516, 0]
292	[-58.41173505293516, 0]
292	[-58.41173505293516, 0]
292	[-58.41173505293516, 0]
292	[-58.41173505293516, 0]
292	[-58.41173505293516, 0]
292	[-58.41173505293516, 0]
292	[-58.41173505293516, 0]
292	[-58.41173505293516, 0]
292	[-58.41173505293516, 0]
292	[-58.41173505293516, 0]
292	[-58.41173505293516, 0]
292	[-58.41173505293516, 0]
292	[-58.41173505293516, 0]
292	[-58.41173505293516, 0]
292	[-58.41173505293516, 0]
292	[-58.41173505293516, 0]
292	[-58.41173505293516, 0]
292	[-58.41173505293516, 0]
292	[-58.41173505293516, 0]
292	[-58.41173505293516, 0]
292	[-58.41173505293516, 0]
292	[-58.41173505293516, 0]
292	[-58.41173505293516, 0]
292	[-58.41173505293516, 0]
292	[-58.41173505293516, 0]
292	[-58.41173505293516, 0]
292	[-58.41173505293516, 0]
292	[-58.41173505293516, 0]
292	[-58.41173505293516, 0]
292	[-58.41173505293516, 0]
292	[-58.41173505293516, 0]
292	[-58.41173505293516, 0]
292	[-58.41173505293516, 0]
292	[-58.41173505293516, 0]
292	[-58.41173505293516, 0]
293	[-58.41173505293516, 0]
293	[-58.41173505293516, 0]
293	[-58.41173505293516, 0]
293	[-58.41173505293516, 0]
293	[-58.41173505293516, 0]
293	[-58.41173505293516, 0]
293	[-58.41173505293516, 0]
293	[-58.41173505293516, 0]
293	[-58.41173505293516, 0]
293	[-58.41173505293516, 0]
293	[-58.41173505293516, 0]
293	[-58.41173505293516, 0]
293	[-58.41173505293516, 0]
293	[-58.41173505293516, 0]
293	[-58.41173505293516, 0]
293	[-58.41173505293516, 0]
293	[-58.41173505293516, 0]
293	[-58.41173505293516, 0]
293	[-58.41173505293516, 0]
293	[-58.41173505293516, 0]
293	[-58.41173505293516, 0]
293	[-58.41173505293516, 0]
293	[-58.41173505293516, 0]
293	[-58.41173505293516, 0]
293	[-58.41173505293516, 0]
293	[-58.41173505293516, 0]
293	[-58.41173505293516, 0]
293	[-58.41173505293516, 0]
293	[-58.41173505293516, 0]
293	[-58.41173505293516, 0]
293	[-58.41173505293516, 0]
293	[-58.41173505293516, 0]
293	[-58.41173505293516, 0]
293	[-58.41173505293516, 0]
293	[-58.41173505293516, 0]
293	[-58.41173505293516, 0]
293	[-58.41173505293516, 0]
293	[-58.41173505293516, 0]
293	[-58.41173505293516, 0]
293	[-58.41173505293516, 0]
293	[-58.41173505293516, 0]
293	[-58.41173505293516, 0]
293	[-58.41173505293516, 0]
293	[-58.41173505293516, 0]
293	[-58.41173505293516, 0]
293	[-58.41173505293516, 0]
293	[-58.41173505293516, 0]
293	[-58.41173505293516, 0]
293	[-58.41173505293516, 0]
293	[-58.41173505293516, 0]
293	[-58.41173505293516, 0]
293	[-58.41173505293516, 0]
293	[-58.41173505293516, 0]
293	[-58.41173505293516, 0]
293	[-58.41173505293516, 0]
293	[-58.41173505293516, 0]
293	[-58.41173505293516, 0]
293	[-58.41173505293516, 0]
293	[-58.41173505293516, 0]
293	[-58.41173505293516, 0]
293	[-58.41173505293516, 0]
293	[-58.41173505293516, 0]
293	[-58.41173505293516, 0]
293	[-58.41173505293516, 0]
293	[-58.41173505293516, 0]
293	[-58.41173505293516, 0]
293	[-58.41173505293516, 0]
293	[-58.41173505293516, 0]
293	[-58.41173505293516, 0]
293	[-58.41173505293516, 0]
293	[-58.41173505293516, 0]
293	[-58.41173505293516, 0]
293	[-58.41173505293516, 0]
293	[-58.41173505293516, 0]
293	[-58.41173505293516, 0]
293	[-58.41173505293516, 0]
293	[-58.41173505293516, 0]
293	[-58.41173505293516, 0]
293	[-58.41173505293516, 0]
293	[-58.41173505293516, 0]
294	[-58.41173505293516, 0]
294	[-58.41173505293516, 0]
294	[-58.41173505293516, 0]
294	[-58.41173505293516, 0]
294	[-58.41173505293516, 0]
294	[-58.41173505293516, 0]
294	[-58.41173505293516, 0]
294	[-58.41173505293516, 0]
294	[-58.41173505293516, 0]
294	[-58.41173505293516, 0]
294	[-58.41173505293516, 0]
294	[-58.41173505293516, 0]
294	[-58.41173505293516, 0]
294	[-58.41173505293516, 0]
294	[-58.41173505293516, 0]
294	[-58.41173505293516, 0]
294	[-58.41173505293516, 0]
294	[-58.41173505293516, 0]
294	[-58.41173505293516, 0]
294	[-58.41173505293516, 0]
294	[-58.41173505293516, 0]
294	[-58.41173505293516, 0]
294	[-58.41173505293516, 0]
294	[-58.41173505293516, 0]
294	[-58.41173505293516, 0]
294	[-58.41173505293516, 0]
294	[-58.41173505293516, 0]
294	[-58.41173505293516, 0]
294	[-58.41173505293516, 0]
294	[-58.41173505293516, 0]
294	[-58.41173505293516, 0]
294	[-58.41173505293516, 0]
294	[-58.41173505293516, 0]
294	[-58.41173505293516, 0]
294	[-58.41173505293516, 0]
294	[-58.41173505293516, 0]
294	[-58.41173505293516, 0]
294	[-58.41173505293516, 0]
294	[-58.41173505293516, 0]
294	[-58.41173505293516, 0]
294	[-58.41173505293516, 0]
294	[-58.41173505293516, 0]
294	[-58.41173505293516, 0]
294	[-58.41173505293516, 0]
294	[-58.41173505293516, 0]
294	[-58.41173505293516, 0]
294	[-58.41173505293516, 0]
294	[-58.41173505293516, 0]
294	[-58.41173505293516, 0]
294	[-58.41173505293516, 0]
294	[-58.41173505293516, 0]
294	[-58.41173505293516, 0]
294	[-58.41173505293516, 0]
294	[-58.41173505293516, 0]
294	[-58.41173505293516, 0]
294	[-58.41173505293516, 0]
294	[-58.41173505293516, 0]
294	[-58.41173505293516, 0]
294	[-58.41173505293516, 0]
294	[-58.41173505293516, 0]
294	[-58.41173505293516, 0]
294	[-58.41173505293516, 0]
294	[-58.41173505293516, 0]
294	[-58.41173505293516, 0]
294	[-58.41173505293516, 0]
294	[-58.41173505293516, 0]
294	[-58.41173505293516, 0]
294	[-58.41173505293516, 0]
294	[-58.41173505293516, 0]
294	[-58.41173505293516, 0]
294	[-58.41173505293516, 0]
294	[-58.41173505293516, 0]
294	[-58.41173505293516, 0]
294	[-58.41173505293516, 0]
294	[-58.41173505293516, 0]
294	[-58.41173505293516, 0]
294	[-58.41173505293516, 0]
294	[-58.41173505293516, 0]
294	[-58.41173505293516, 0]
294	[-58.41173505293516, 0]
295	[-58.41173505293516, 0]
295	[-58.41173505293516, 0]
295	[-58.41173505293516, 0]
295	[-58.41173505293516, 0]
295	[-58.41173505293516, 0]
295	[-58.41173505293516, 0]
295	[-58.41173505293516, 0]
295	[-58.41173505293516, 0]
295	[-58.41173505293516, 0]
295	[-58.41173505293516, 0]
295	[-58.41173505293516, 0]
295	[-58.41173505293516, 0]
295	[-58.41173505293516, 0]
295	[-58.41173505293516, 0]
295	[-58.41173505293516, 0]
295	[-58.41173505293516, 0]
295	[-58.41173505293516, 0]
295	[-58.41173505293516, 0]
295	[-58.41173505293516, 0]
295	[-58.41173505293516, 0]
295	[-58.41173505293516, 0]
295	[-58.41173505293516, 0]
295	[-58.41173505293516, 0]
295	[-58.41173505293516, 0]
295	[-58.41173505293516, 0]
295	[-58.41173505293516, 0]
295	[-58.41173505293516, 0]
295	[-58.41173505293516, 0]
295	[-58.41173505293516, 0]
295	[-58.41173505293516, 0]
295	[-58.41173505293516, 0]
295	[-58.41173505293516, 0]
295	[-58.41173505293516, 0]
295	[-58.41173505293516, 0]
295	[-58.41173505293516, 0]
295	[-58.41173505293516, 0]
295	[-58.41173505293516, 0]
295	[-58.41173505293516, 0]
295	[-58.41173505293516, 0]
295	[-58.41173505293516, 0]
295	[-58.41173505293516, 0]
295	[-58.41173505293516, 0]
295	[-58.41173505293516, 0]
295	[-58.41173505293516, 0]
295	[-58.41173505293516, 0]
295	[-58.41173505293516, 0]
295	[-58.41173505293516, 0]
295	[-58.41173505293516, 0]
295	[-58.41173505293516, 0]
295	[-58.41173505293516, 0]
295	[-58.41173505293516, 0]
295	[-58.41173505293516, 0]
295	[-58.41173505293516, 0]
295	[-58.41173505293516, 0]
295	[-58.41173505293516, 0]
295	[-58.41173505293516, 0]
295	[-58.41173505293516, 0]
295	[-58.41173505293516, 0]
295	[-58.41173505293516, 0]
295	[-58.41173505293516, 0]
295	[-58.41173505293516, 0]
295	[-58.41173505293516, 0]
295	[-58.41173505293516, 0]
295	[-58.41173505293516, 0]
295	[-58.41173505293516, 0]
295	[-58.41173505293516, 0]
295	[-58.41173505293516, 0]
295	[-58.41173505293516, 0]
295	[-58.41173505293516, 0]
295	[-58.41173505293516, 0]
295	[-58.41173505293516, 0]
295	[-58.41173505293516, 0]
295	[-58.41173505293516, 0]
295	[-58.41173505293516, 0]
295	[-58.41173505293516, 0]
295	[-58.41173505293516, 0]
295	[-58.41173505293516, 0]
295	[-58.41173505293516, 0]
295	[-58.41173505293516, 0]
295	[-58.41173505293516, 0]
296	[-58.41173505293516, 0]
296	[-58.41173505293516, 0]
296	[-58.41173505293516, 0]
296	[-58.41173505293516, 0]
296	[-58.41173505293516, 0]
296	[-58.41173505293516, 0]
296	[-58.41173505293516, 0]
296	[-58.41173505293516, 0]
296	[-58.41173505293516, 0]
296	[-58.41173505293516, 0]
296	[-58.41173505293516, 0]
296	[-58.41173505293516, 0]
296	[-58.41173505293516, 0]
296	[-58.41173505293516, 0]
296	[-58.41173505293516, 0]
296	[-58.41173505293516, 0]
296	[-58.41173505293516, 0]
296	[-58.41173505293516, 0]
296	[-58.41173505293516, 0]
296	[-58.41173505293516, 0]
296	[-58.41173505293516, 0]
296	[-58.41173505293516, 0]
296	[-58.41173505293516, 0]
296	[-58.41173505293516, 0]
296	[-58.41173505293516, 0]
296	[-58.41173505293516, 0]
296	[-58.41173505293516, 0]
296	[-58.41173505293516, 0]
296	[-58.41173505293516, 0]
296	[-58.41173505293516, 0]
296	[-58.41173505293516, 0]
296	[-58.41173505293516, 0]
296	[-58.41173505293516, 0]
296	[-58.41173505293516, 0]
296	[-58.41173505293516, 0]
296	[-58.41173505293516, 0]
296	[-58.41173505293516, 0]
296	[-58.41173505293516, 0]
296	[-58.41173505293516, 0]
296	[-58.41173505293516, 0]
296	[-58.41173505293516, 0]
296	[-58.41173505293516, 0]
296	[-58.41173505293516, 0]
296	[-58.41173505293516, 0]
296	[-58.41173505293516, 0]
296	[-58.41173505293516, 0]
296	[-58.41173505293516, 0]
296	[-58.41173505293516, 0]
296	[-58.41173505293516, 0]
296	[-58.41173505293516, 0]
296	[-58.41173505293516, 0]
296	[-58.41173505293516, 0]
296	[-58.41173505293516, 0]
296	[-58.41173505293516, 0]
296	[-58.41173505293516, 0]
296	[-58.41173505293516, 0]
296	[-58.41173505293516, 0]
296	[-58.41173505293516, 0]
296	[-58.41173505293516, 0]
296	[-58.41173505293516, 0]
296	[-58.41173505293516, 0]
296	[-58.41173505293516, 0]
296	[-58.41173505293516, 0]
296	[-58.41173505293516, 0]
296	[-58.41173505293516, 0]
296	[-58.41173505293516, 0]
296	[-58.41173505293516, 0]
296	[-58.41173505293516, 0]
296	[-58.41173505293516, 0]
296	[-58.41173505293516, 0]
296	[-58.41173505293516, 0]
296	[-58.41173505293516, 0]
296	[-58.41173505293516, 0]
296	[-58.41173505293516, 0]
296	[-58.41173505293516, 0]
296	[-58.41173505293516, 0]
296	[-58.41173505293516, 0]
296	[-58.41173505293516, 0]
296	[-58.41173505293516, 0]
296	[-58.41173505293516, 0]
297	[-58.41173505293516, 0]
297	[-58.41173505293516, 0]
297	[-58.41173505293516, 0]
297	[-58.41173505293516, 0]
297	[-58.41173505293516, 0]
297	[-58.41173505293516, 0]
297	[-58.41173505293516, 0]
297	[-58.41173505293516, 0]
297	[-58.41173505293516, 0]
297	[-58.41173505293516, 0]
297	[-58.41173505293516, 0]
297	[-58.41173505293516, 0]
297	[-58.41173505293516, 0]
297	[-58.41173505293516, 0]
297	[-58.41173505293516, 0]
297	[-58.41173505293516, 0]
297	[-58.41173505293516, 0]
297	[-58.41173505293516, 0]
297	[-58.41173505293516, 0]
297	[-58.41173505293516, 0]
297	[-58.41173505293516, 0]
297	[-58.41173505293516, 0]
297	[-58.41173505293516, 0]
297	[-58.41173505293516, 0]
297	[-58.41173505293516, 0]
297	[-58.41173505293516, 0]
297	[-58.41173505293516, 0]
297	[-58.41173505293516, 0]
297	[-58.41173505293516, 0]
297	[-58.41173505293516, 0]
297	[-58.41173505293516, 0]
297	[-58.41173505293516, 0]
297	[-58.41173505293516, 0]
297	[-58.41173505293516, 0]
297	[-58.41173505293516, 0]
297	[-58.41173505293516, 0]
297	[-58.41173505293516, 0]
297	[-58.41173505293516, 0]
297	[-58.41173505293516, 0]
297	[-58.41173505293516, 0]
297	[-58.41173505293516, 0]
297	[-58.41173505293516, 0]
297	[-58.41173505293516, 0]
297	[-58.41173505293516, 0]
297	[-58.41173505293516, 0]
297	[-58.41173505293516, 0]
297	[-58.41173505293516, 0]
297	[-58.41173505293516, 0]
297	[-58.41173505293516, 0]
297	[-58.41173505293516, 0]
297	[-58.41173505293516, 0]
297	[-58.41173505293516, 0]
297	[-58.41173505293516, 0]
297	[-58.41173505293516, 0]
297	[-58.41173505293516, 0]
297	[-58.41173505293516, 0]
297	[-58.41173505293516, 0]
297	[-58.41173505293516, 0]
297	[-58.41173505293516, 0]
297	[-58.41173505293516, 0]
297	[-58.41173505293516, 0]
297	[-58.41173505293516, 0]
297	[-58.41173505293516, 0]
297	[-58.41173505293516, 0]
297	[-58.41173505293516, 0]
297	[-58.41173505293516, 0]
297	[-58.41173505293516, 0]
297	[-58.41173505293516, 0]
297	[-58.41173505293516, 0]
297	[-58.41173505293516, 0]
297	[-58.41173505293516, 0]
297	[-58.41173505293516, 0]
297	[-58.41173505293516, 0]
297	[-58.41173505293516, 0]
297	[-58.41173505293516, 0]
297	[-58.41173505293516, 0]
297	[-58.41173505293516, 0]
297	[-58.41173505293516, 0]
297	[-58.41173505293516, 0]
297	[-58.41173505293516, 0]
298	[-58.41173505293516, 0]
298	[-58.41173505293516, 0]
298	[-58.41173505293516, 0]
298	[-58.41173505293516, 0]
298	[-58.41173505293516, 0]
298	[-58.41173505293516, 0]
298	[-58.41173505293516, 0]
298	[-58.41173505293516, 0]
298	[-58.41173505293516, 0]
298	[-58.41173505293516, 0]
298	[-58.41173505293516, 0]
298	[-58.41173505293516, 0]
298	[-58.41173505293516, 0]
298	[-58.41173505293516, 0]
298	[-58.41173505293516, 0]
298	[-58.41173505293516, 0]
298	[-58.41173505293516, 0]
298	[-58.41173505293516, 0]
298	[-58.41173505293516, 0]
298	[-58.41173505293516, 0]
298	[-58.41173505293516, 0]
298	[-58.41173505293516, 0]
298	[-58.41173505293516, 0]
298	[-58.41173505293516, 0]
298	[-58.41173505293516, 0]
298	[-58.41173505293516, 0]
298	[-58.41173505293516, 0]
298	[-58.41173505293516, 0]
298	[-58.41173505293516, 0]
298	[-58.41173505293516, 0]
298	[-58.41173505293516, 0]
298	[-58.41173505293516, 0]
298	[-58.41173505293516, 0]
298	[-58.41173505293516, 0]
298	[-58.41173505293516, 0]
298	[-58.41173505293516, 0]
298	[-58.41173505293516, 0]
298	[-58.41173505293516, 0]
298	[-58.41173505293516, 0]
298	[-58.41173505293516, 0]
298	[-58.41173505293516, 0]
298	[-58.41173505293516, 0]
298	[-58.41173505293516, 0]
298	[-58.41173505293516, 0]
298	[-58.41173505293516, 0]
298	[-58.41173505293516, 0]
298	[-58.41173505293516, 0]
298	[-58.41173505293516, 0]
298	[-58.41173505293516, 0]
298	[-58.41173505293516, 0]
298	[-58.41173505293516, 0]
298	[-58.41173505293516, 0]
298	[-58.41173505293516, 0]
298	[-58.41173505293516, 0]
298	[-58.41173505293516, 0]
298	[-58.41173505293516, 0]
298	[-58.41173505293516, 0]
298	[-58.41173505293516, 0]
298	[-58.41173505293516, 0]
298	[-58.41173505293516, 0]
298	[-58.41173505293516, 0]
298	[-58.41173505293516, 0]
298	[-58.41173505293516, 0]
298	[-58.41173505293516, 0]
298	[-58.41173505293516, 0]
298	[-58.41173505293516, 0]
298	[-58.41173505293516, 0]
298	[-58.41173505293516, 0]
298	[-58.41173505293516, 0]
298	[-58.41173505293516, 0]
298	[-58.41173505293516, 0]
298	[-58.41173505293516, 0]
298	[-58.41173505293516, 0]
298	[-58.41173505293516, 0]
298	[-58.41173505293516, 0]
298	[-58.41173505293516, 0]
298	[-58.41173505293516, 0]
298	[-58.41173505293516, 0]
298	[-58.41173505293516, 0]
298	[-58.41173505293516, 0]
299	[-58.41173505293516, 0]
299	[-58.41173505293516, 0]
299	[-58.41173505293516, 0]
299	[-58.41173505293516, 0]
299	[-58.41173505293516, 0]
299	[-58.41173505293516, 0]
299	[-58.41173505293516, 0]
299	[-58.41173505293516, 0]
299	[-58.41173505293516, 0]
299	[-58.41173505293516, 0]
299	[-58.41173505293516, 0]
299	[-58.41173505293516, 0]
299	[-58.41173505293516, 0]
299	[-58.41173505293516, 0]
299	[-58.41173505293516, 0]
299	[-58.41173505293516, 0]
299	[-58.41173505293516, 0]
299	[-58.41173505293516, 0]
299	[-58.41173505293516, 0]
299	[-58.41173505293516, 0]
299	[-58.41173505293516, 0]
299	[-58.41173505293516, 0]
299	[-58.41173505293516, 0]
299	[-58.41173505293516, 0]
299	[-58.41173505293516, 0]
299	[-58.41173505293516, 0]
299	[-58.41173505293516, 0]
299	[-58.41173505293516, 0]
299	[-58.41173505293516, 0]
299	[-58.41173505293516, 0]
299	[-58.41173505293516, 0]
299	[-58.41173505293516, 0]
299	[-58.41173505293516, 0]
299	[-58.41173505293516, 0]
299	[-58.41173505293516, 0]
299	[-58.41173505293516, 0]
299	[-58.41173505293516, 0]
299	[-58.41173505293516, 0]
299	[-58.41173505293516, 0]
299	[-58.41173505293516, 0]
299	[-58.41173505293516, 0]
299	[-58.41173505293516, 0]
299	[-58.41173505293516, 0]
299	[-58.41173505293516, 0]
299	[-58.41173505293516, 0]
299	[-58.41173505293516, 0]
299	[-58.41173505293516, 0]
299	[-58.41173505293516, 0]
299	[-58.41173505293516, 0]
299	[-58.41173505293516, 0]
299	[-58.41173505293516, 0]
299	[-58.41173505293516, 0]
299	[-58.41173505293516, 0]
299	[-58.41173505293516, 0]
299	[-58.41173505293516, 0]
299	[-58.41173505293516, 0]
299	[-58.41173505293516, 0]
299	[-58.41173505293516, 0]
299	[-58.41173505293516, 0]
299	[-58.41173505293516, 0]
299	[-58.41173505293516, 0]
299	[-58.41173505293516, 0]
299	[-58.41173505293516, 0]
299	[-58.41173505293516, 0]
299	[-58.41173505293516, 0]
299	[-58.41173505293516, 0]
299	[-58.41173505293516, 0]
299	[-58.41173505293516, 0]
299	[-58.41173505293516, 0]
299	[-58.41173505293516, 0]
299	[-58.41173505293516, 0]
299	[-58.41173505293516, 0]
299	[-58.41173505293516, 0]
299	[-58.41173505293516, 0]
299	[-58.41173505293516, 0]
299	[-58.41173505293516, 0]
299	[-58.41173505293516, 0]
299	[-58.41173505293516, 0]
299	[-58.41173505293516, 0]
299	[-58.41173505293516, 0]
300	[-58.41173505293516, 0]
300	[-58.41173505293516, 0]
300	[-58.41173505293516, 0]
300	[-58.41173505293516, 0]
300	[-58.41173505293516, 0]
300	[-58.41173505293516, 0]
300	[-58.41173505293516, 0]
300	[-58.41173505293516, 0]
300	[-58.41173505293516, 0]
300	[-58.41173505293516, 0]
300	[-58.41173505293516, 0]
300	[-58.41173505293516, 0]
300	[-58.41173505293516, 0]
300	[-58.41173505293516, 0]
300	[-58.41173505293516, 0]
300	[-58.41173505293516, 0]
300	[-58.41173505293516, 0]
300	[-58.41173505293516, 0]
300	[-58.41173505293516, 0]
300	[-58.41173505293516, 0]
300	[-58.41173505293516, 0]
300	[-58.41173505293516, 0]
300	[-58.41173505293516, 0]
300	[-58.41173505293516, 0]
300	[-58.41173505293516, 0]
300	[-58.41173505293516, 0]
300	[-58.41173505293516, 0]
300	[-58.41173505293516, 0]
300	[-58.41173505293516, 0]
300	[-58.41173505293516, 0]
300	[-58.41173505293516, 0]
300	[-58.41173505293516, 0]
300	[-58.41173505293516, 0]
300	[-58.41173505293516, 0]
300	[-58.41173505293516, 0]
300	[-58.41173505293516, 0]
300	[-58.41173505293516, 0]
300	[-58.41173505293516, 0]
300	[-58.41173505293516, 0]
300	[-58.41173505293516, 0]
300	[-58.41173505293516, 0]
300	[-58.41173505293516, 0]
300	[-58.41173505293516, 0]
300	[-58.41173505293516, 0]
300	[-58.41173505293516, 0]
300	[-58.41173505293516, 0]
300	[-58.41173505293516, 0]
300	[-58.41173505293516, 0]
300	[-58.41173505293516, 0]
300	[-58.41173505293516, 0]
300	[-58.41173505293516, 0]
300	[-58.41173505293516, 0]
300	[-58.41173505293516, 0]
300	[-58.41173505293516, 0]
300	[-58.41173505293516, 0]
300	[-58.41173505293516, 0]
300	[-58.41173505293516, 0]
300	[-58.41173505293516, 0]
300	[-58.41173505293516, 0]
300	[-58.41173505293516, 0]
300	[-58.41173505293516, 0]
300	[-58.41173505293516, 0]
300	[-58.41173505293516, 0]
300	[-58.41173505293516, 0]
300	[-58.41173505293516, 0]
300	[-58.41173505293516, 0]
300	[-58.41173505293516, 0]
300	[-58.41173505293516, 0]
300	[-58.41173505293516, 0]
300	[-58.41173505293516, 0]
300	[-58.41173505293516, 0]
300	[-58.41173505293516, 0]
300	[-58.41173505293516, 0]
300	[-58.41173505293516, 0]
300	[-58.41173505293516, 0]
300	[-58.41173505293516, 0]
300	[-58.41173505293516, 0]
300	[-58.41173505293516, 0]
300	[-58.41173505293516, 0]
300	[-58.41173505293516, 0]
300	[-58.41173505293516, 0]
300	[-58.41173505293516, 0]
300	[-58.41173505293516, 0]
300	[-58.41173505293516, 0]
300	[-58.41173505293516, 0]
300	[-58.41173505293516, 0]
300	[-58.41173505293516, 0]
300	[-58.41173505293516, 0]
300	[-58.41173505293516, 0]
300	[-58.41173505293516, 0]
300	[-58.41173505293516, 0]
300	[-58.41173505293516, 0]
300	[-58.41173505293516, 0]
300	[-58.41173505293516, 0]
300	[-58.41173505293516, 0]
300	[-58.41173505293516, 0]
300	[-58.41173505293516, 0]
300	[-58.41173505293516, 0]
300	[-58.41173505293516, 0]
300	[-58.41173505293516, 0]
300	[-58.41173505293516, 0]
300	[-58.41173505293516, 0]
300	[-58.41173505293516, 0]
300	[-58.41173505293516, 0]
300	[-58.41173505293516, 0]
300	[-58.41173505293516, 0]
300	[-58.41173505293516, 0]
300	[-58.41173505293516, 0]
300	[-58.41173505293516, 0]
300	[-58.41173505293516, 0]
300	[-58.41173505293516, 0]
300	[-58.41173505293516, 0]
300	[-58.41173505293516, 0]
300	[-58.41173505293516, 0]
300	[-58.41173505293516, 0]
300	[-58.41173505293516, 0]
300	[-58.41173505293516, 0]
300	[-58.41173505293516, 0]
300	[-58.41173505293516, 0]
300	[-58.41173505293516, 0]
300	[-58.41173505293516, 0]
300	[-58.41173505293516, 0]
300	[-58.41173505293516, 0]
300	[-58.41173505293516, 0]
300	[-58.41173505293516, 0]
300	[-58.41173505293516, 0]
300	[-58.41173505293516, 0]
300	[-58.41173505293516, 0]
300	[-58.41173505293516, 0]
300	[-58.41173505293516, 0]
300	[-58.41173505293516, 0]
300	[-58.41173505293516, 0]
300	[-58.41173505293516, 0]
300	[-58.41173505293516, 0]
300	[-58.41173505293516, 0]
300	[-58.41173505293516, 0]
300	[-58.41173505293516, 0]
300	[-58.41173505293516, 0]
300	[-58.41173505293516, 0]
300	[-58.41173505293516, 0]
300	[-58.41173505293516, 0]
300	[-58.41173505293516, 0]
300	[-58.41173505293516, 0]
300	[-58.41173505293516, 0]
300	[-58.41173505293516, 0]
300	[-58.41173505293516, 0]
300	[-58.41173505293516, 0]
300	[-58.41173505293516, 0]
300	[-58.41173505293516, 0]
300	[-58.41173505293516, 0]
300	[-58.41173505293516, 0]
300	[-58.41173505293516, 0]
300	[-58.41173505293516, 0]
300	[-58.41173505293516, 0]
300	[-58.41173505293516, 0]
300	[-58.41173505293516, 0]
300	[-58.41173505293516, 0]
300	[-58.41173505293516, 0]
300	[-58.41173505293516, 0]
300	[-58.41173505293516, 0]
