ave_fitness	ave_genome_length	ave_tree_depth	ave_tree_nodes	ave_used_codons	best_fitness	gen	invalids	max_genome_length	max_tree_depth	max_tree_nodes	max_used_codons	min_genome_length	min_tree_depth	min_tree_nodes	min_used_codons	runtime_error	time_adjust	time_taken	total_inds	total_time	unique_inds	unused_search	
-4362927.951781074	100.0	8.2125	109.3	66.0	-111.7554881198804	0	0	100	14	337	199	100	6	57	35	0	0	4.700996160507202	80	4.700996160507202	80	0.0	
-1875424.8794016882	100.0	8.012658227848101	102.9746835443038	62.45569620253165	-110.63487493840336	1	1	151	12.0	193.0	115.0	49	6.0	57.0	35.0	0	0	3.1978118419647217	160	7.898808002471924	149	6.875	
-2125304.025788668	100.0	8.3625	111.2	67.275	-106.31952449640201	2	1	127	11	201	120	73	6	57	35	0	0	3.3406789302825928	240	11.239486932754517	219	8.75	
-1300207.2844856519	100.0	8.923076923076923	123.56410256410257	74.48717948717949	-106.31952449640201	3	3	133	12.0	249.0	148.0	67	6.0	57.0	35.0	0	0	3.4951982498168945	320	14.734685182571411	288	10.0	
-1387729.4583952636	99.9875	9.236842105263158	132.26315789473685	79.5657894736842	-106.31952449640201	4	7	134	14.0	297.0	176.0	66	7.0	65.0	40.0	0	0	3.7413320541381836	400	18.476017236709595	360	10.0	
-1837694.872820633	101.0625	9.766233766233766	148.94805194805195	89.33766233766234	-105.45439711878554	5	10	165	15.0	297.0	176.0	42	6.0	57.0	35.0	0	0	3.8843629360198975	480	22.360380172729492	430	10.416666666666657	
-1662663.934024476	101.4125	9.60759493670886	146.21518987341773	87.73417721518987	-105.37817157710919	6	11	149	11.0	201.0	120.0	51	7.0	65.0	40.0	0	0	4.132932901382446	560	26.49331307411194	505	9.82142857142857	
-1400202.9379161436	101.6625	9.518987341772151	144.29113924050634	86.63291139240506	-102.5644239149586	7	12	159	12.0	225.0	134.0	41	7.0	65.0	40.0	0	0	4.066910028457642	640	30.56022310256958	580	9.375	
-2200221.844522053	102.9875	9.139240506329115	138.62025316455697	83.34177215189874	-102.5644239149586	8	13	178	14.0	313.0	185.0	29	7.0	65.0	40.0	0	0	3.9113409519195557	720	34.471564054489136	653	9.305555555555557	
-950220.3171668679	104.2125	9.2875	154.9	92.9125	-102.5644239149586	9	13	167	14	313	185	47	7	65	40	0	0	4.343781232833862	800	38.815345287323	728	9.0	
-1350238.5070318438	104.5	8.822784810126583	135.0759493670886	81.31645569620254	-102.5644239149586	10	14	167	12.0	201.0	120.0	64	7.0	65.0	40.0	0	0	3.8265206813812256	880	42.641865968704224	803	8.75	
-1825182.9983446666	104.1125	8.632911392405063	135.8860759493671	81.82278481012658	-98.45203753022474	11	15	173	14.0	273.0	162.0	39	7.0	65.0	40.0	0	0	3.910759210586548	960	46.55262517929077	877	8.645833333333329	
-1987720.3167659044	103.025	8.5375	126.5	76.325	-98.45203753022474	12	15	181	13	273	162	26	7	65	40	0	0	3.688361883163452	1040	50.240987062454224	952	8.461538461538467	
-2050236.9510763516	106.2375	8.675	132.0	79.525	-98.45203753022474	13	15	151	17	305	180	70	6	57	35	0	0	3.7784531116485596	1120	54.01944017410278	1025	8.482142857142861	
-1887701.756077313	103.6125	8.8375	134.7	81.075	-98.45203753022474	14	15	160	14	249	148	47	6	57	35	0	0	3.959324836730957	1200	57.97876501083374	1100	8.333333333333343	
-2200216.7301899143	102.9	8.5375	124.5	75.15	-96.29872631336745	15	15	176	12	225	134	38	7	65	40	0	0	3.6344692707061768	1280	61.61323428153992	1175	8.203125	
-975200.2256938448	101.8875	8.425	122.9	74.2	-96.29872631336745	16	15	137	13	225	134	63	6	57	35	0	0	3.6841368675231934	1360	65.29737114906311	1250	8.088235294117652	
-1800190.3058697614	102.1	8.1625	111.5	67.5	-95.96633839203093	17	15	156	12	193	115	51	6	57	35	0	0	3.4181158542633057	1440	68.71548700332642	1323	8.125	
-1737676.6343878568	101.6625	8.275	113.1	68.4375	-95.51502492332247	18	15	160	12	201	120	40	6	57	35	0	0	3.4058611392974854	1520	72.1213481426239	1396	8.15789473684211	
-1787757.3093010192	100.875	8.151898734177216	104.18987341772151	63.21518987341772	-95.44077123905006	19	16	139	11.0	193.0	115.0	61	7.0	65.0	40.0	0	0	3.1649019718170166	1600	75.28625011444092	1467	8.3125	
-1562732.0814254037	99.9125	8.025316455696203	99.12658227848101	60.265822784810126	-94.6216876390042	20	17	152	11.0	177.0	106.0	48	7.0	65.0	40.0	0	0	3.0104739665985107	1680	78.29672408103943	1538	8.452380952380949	
-1512721.4170303587	99.75	8.15	103.8	62.9875	-94.6216876390042	21	17	140	12	217	129	60	7	65	40	0	0	3.2712700366973877	1760	81.56799411773682	1611	8.465909090909093	
-1475245.6444081163	100.0	8.25	106.7	64.7	-94.6216876390042	22	17	153	14	273	162	47	7	65	40	0	0	3.3934569358825684	1840	84.96145105361938	1685	8.423913043478265	
-962697.1034420676	99.4	8.0875	100.9	61.2875	-93.26398841761379	23	17	145	11	177	106	55	7	65	40	0	0	3.09718918800354	1920	88.05864024162292	1756	8.541666666666671	
-2075193.4092470116	100.0	7.975	96.3	58.5625	-92.84085984551535	24	17	146	11	177	106	54	7	65	40	0	0	3.2006657123565674	2000	91.25930595397949	1829	8.549999999999997	
-1075163.396371567	101.0875	8.0375	98.2	59.7	-92.84085984551535	25	17	144	11	177	106	76	6	57	35	0	0	3.2257401943206787	2080	94.48504614830017	1903	8.509615384615387	
-862732.4937412828	102.2875	8.2625	105.4	63.925	-92.53671678179377	26	17	144	11	201	120	71	7	65	40	0	0	3.412187099456787	2160	97.89723324775696	1979	8.379629629629619	
-1762699.5990968994	100.9125	8.125	102.0	61.9375	-92.53671678179377	27	17	144	12	201	120	56	7	65	40	0	0	3.274935007095337	2240	101.1721682548523	2054	8.30357142857143	
-1137804.9737980184	98.8	8.25	106.3	64.45	-92.53671678179377	28	17	137	11	177	106	63	6	57	35	0	0	3.317056655883789	2320	104.48922491073608	2128	8.275862068965523	
-1837708.525246308	100.975	8.325	106.2	64.35	-91.35570584322237	29	17	140	13	217	129	60	7	65	40	0	0	3.3196144104003906	2400	107.80883932113647	2200	8.333333333333343	
-1662743.8274197862	100.2625	8.525	116.4	70.35	-91.35570584322237	30	17	142	15	385	227	58	7	65	40	0	0	3.718400001525879	2480	111.52723932266235	2275	8.266129032258064	
-925210.9759636682	100.0	8.225	105.5	63.9625	-91.35570584322237	31	17	138	14	385	227	62	7	65	40	0	0	3.4636497497558594	2560	114.99088907241821	2350	8.203125	
-1112767.5263500672	100.775	8.3625	106.7	64.6625	-91.35570584322237	32	17	131	11	177	106	73	7	65	40	0	0	3.3292641639709473	2640	118.32015323638916	2424	8.181818181818173	
-750199.2835763034	100.775	8.4875	114.3	69.125	-91.10509286932714	33	17	131	14	385	227	73	7	65	40	0	0	3.655797004699707	2720	121.97595024108887	2498	8.161764705882362	
-1562755.17917	100.0	8.3625	108.7	65.8375	-91.10509286932714	34	17	142	13	225	134	58	6	57	35	0	0	3.4198009967803955	2800	125.39575123786926	2571	8.17857142857143	
-1650252.0084317322	100.1625	8.2625	105.4	63.925	-91.10509286932714	35	17	131	12	193	115	69	7	65	40	0	0	3.348097085952759	2880	128.74384832382202	2645	8.159722222222214	
-2000264.631728284	100.0	8.5	113.8	68.8125	-91.10509286932714	36	17	139	14	385	227	61	7	65	40	0	0	3.7150447368621826	2960	132.4588930606842	2720	8.108108108108098	
-1300175.5789324897	100.875	8.275	106.7	64.7	-91.10509286932714	37	17	139	14	249	148	63	7	65	40	0	0	3.3232061862945557	3040	135.78209924697876	2793	8.125	
-687812.3195146378	100.0	8.175	103.0	62.525	-91.10509286932714	38	17	142	12	225	134	58	7	73	45	0	0	3.3436999320983887	3120	139.12579917907715	2866	8.14102564102565	
-1412751.5874023656	100.0	8.2125	102.8	62.3875	-90.61011965444321	39	17	141	11	177	106	59	7	65	40	0	0	3.3864147663116455	3200	142.5122139453888	2941	8.09375	
-1275218.9269470614	100.0	8.225	104.2	63.225	-90.61011965444321	40	17	126	11	177	106	74	7	73	45	0	0	3.195047378540039	3280	145.70726132392883	3011	8.201219512195124	
-2162780.6907385564	100.0	8.35	107.6	65.2	-90.61011965444321	41	17	130	12	225	134	70	7	65	40	0	0	3.538203716278076	3360	149.2454650402069	3087	8.125	
-1487820.5975231833	99.1	8.65	116.8	70.6	-90.61011965444321	42	17	131	13	241	143	69	7	65	40	0	0	3.567194938659668	3440	152.81265997886658	3161	8.110465116279073	
-1962838.7123380222	99.525	8.2	106.2	64.3875	-89.67384054735209	43	17	146	11	225	134	54	6	57	35	0	0	3.413588285446167	3520	156.22624826431274	3235	8.096590909090907	
-1500258.595365435	99.65	8.2875	106.6	64.65	-89.55410762338546	44	17	136	13	217	129	64	6	57	35	0	0	3.2428297996520996	3600	159.46907806396484	3307	8.138888888888886	
-1662864.7339785842	100.0	8.215189873417721	102.87341772151899	62.43037974683544	-89.55410762338546	45	18	153	11.0	177.0	106.0	47	7.0	65.0	40.0	0	0	3.2973620891571045	3680	162.76644015312195	3380	8.152173913043484	
-1762769.6353891497	99.3375	8.455696202531646	112.39240506329114	68.0379746835443	-89.41717344365802	46	19	130	11.0	225.0	134.0	47	7.0	65.0	40.0	0	0	3.31046986579895	3760	166.0769100189209	3451	8.218085106382972	
-1262798.3312364076	100.975	8.325	109.0	66.0375	-89.41717344365802	47	19	132	14	249	148	68	6	57	35	0	0	3.4762990474700928	3840	169.553209066391	3526	8.177083333333329	
-1850227.581303283	100.0	8.075	99.9	60.7125	-89.29505713409773	48	19	149	11	169	101	51	7	65	40	0	0	3.106673002243042	3920	172.65988206863403	3596	8.265306122448976	
-1650266.2053329083	100.0	8.15	101.6	61.7	-89.29505713409773	49	19	120	11	177	106	80	7	65	40	0	0	3.3070881366729736	4000	175.966970205307	3670	8.25	
-1387800.884066677	100.75	8.5875	113.7	68.7875	-89.29505713409773	50	19	126	12	193	115	77	7	65	40	0	0	3.4899110794067383	4080	179.45688128471375	3743	8.259803921568633	
-1925225.0939079043	100.675	8.379746835443038	107.63291139240506	65.21518987341773	-89.29505713409773	51	20	144	11.0	217.0	129.0	56	7.0	65.0	40.0	0	0	3.464265823364258	4160	182.921147108078	3817	8.245192307692307	
-1700304.7881176404	100.2125	8.5	110.7	67.0125	-89.14463712535773	52	20	152	12	225	134	48	7	65	40	0	0	3.6791749000549316	4240	186.60032200813293	3893	8.18396226415095	
-1637785.8392490635	99.825	8.275	104.5	63.4	-89.14463712535773	53	20	140	12	201	120	64	7	65	40	0	0	3.3125393390655518	4320	189.9128613471985	3966	8.194444444444443	
-1462807.5449488466	100.3125	8.1625	102.3	62.1125	-89.12377327814964	54	20	156	13	225	134	61	7	65	40	0	0	3.2951927185058594	4400	193.20805406570435	4039	8.204545454545453	
-1225264.8656064789	99.8375	8.4375	109.5	66.325	-89.12377327814964	55	20	125	13	225	134	75	7	65	40	0	0	3.441154956817627	4480	196.64920902252197	4113	8.191964285714278	
-1875274.3113740322	100.0	8.5	112.0	67.775	-88.69724196874331	56	20	152	11	201	120	48	7	65	40	0	0	3.6035261154174805	4560	200.25273513793945	4188	8.15789473684211	
-975298.783570276	99.9625	8.3	106.9	64.8	-88.69724196874331	57	20	134	11	177	106	66	7	65	40	0	0	3.414268970489502	4640	203.66700410842896	4261	8.168103448275872	
-2012747.1227535815	100.075	8.2125	104.1	63.175	-88.69724196874331	58	20	140	11	201	120	60	7	65	40	0	0	3.223037004470825	4720	206.89004111289978	4332	8.220338983050851	
-1775203.0561080896	100.0	8.2375	104.1	63.1625	-88.69724196874331	59	20	142	11	177	106	58	7	65	40	0	0	3.3839309215545654	4800	210.27397203445435	4406	8.208333333333329	
-1750320.5645799427	100.0	8.075	100.6	61.1375	-88.69724196874331	60	20	130	11	177	106	70	7	65	40	0	0	3.2652180194854736	4880	213.53919005393982	4480	8.196721311475414	
-2050284.0381704718	100.0	8.2	103.9	63.0625	-88.69724196874331	61	20	123	12	201	120	77	7	65	40	0	0	3.4258270263671875	4960	216.965017080307	4556	8.145161290322577	
-1662715.7601781234	100.4	8.225	104.5	63.4375	-88.64221701232404	62	20	125	12	193	115	75	7	73	45	0	0	3.2930638790130615	5040	220.25808095932007	4629	8.154761904761912	
-1687748.0155172616	100.0	8.2875	106.9	64.7875	-88.64221701232404	63	20	130	12	265	157	70	7	65	40	0	0	3.4026832580566406	5120	223.6607642173767	4701	8.18359375	
-1375264.958536484	100.1875	8.1	101.9	61.875	-88.64221701232404	64	20	139	12	249	148	66	6	57	35	0	0	3.304910898208618	5200	226.96567511558533	4774	8.192307692307693	
-2087694.4563023336	100.525	8.0125	98.4	59.8125	-88.64221701232404	65	20	183	12	201	120	55	6	57	35	0	0	3.292720079421997	5280	230.25839519500732	4847	8.200757575757578	
-1187725.5180473216	101.125	8.1	100.9	61.3	-88.64221701232404	66	20	172	11	177	106	82	7	65	40	0	0	3.2420408725738525	5360	233.50043606758118	4918	8.24626865671641	
-2050227.5270552002	100.0	8.3	106.5	64.55	-88.59896203256882	67	20	129	11	201	120	71	7	65	40	0	0	3.357656955718994	5440	236.85809302330017	4990	8.27205882352942	
-1987832.5623359408	100.2	8.2125	103.7	62.9125	-88.59896203256882	68	20	131	11	201	120	69	7	65	40	0	0	3.4390950202941895	5520	240.29718804359436	5064	8.26086956521739	
-1837816.9981773938	100.525	8.2625	103.9	63.0125	-88.59896203256882	69	20	131	11	177	106	69	6	57	35	0	0	3.504505157470703	5600	243.80169320106506	5139	8.232142857142861	
-1550202.9893836319	99.8125	8.225	103.7	62.925	-88.59896203256882	70	20	145	11	201	120	55	6	57	35	0	0	3.272430896759033	5680	247.0741240978241	5209	8.292253521126753	
-1587796.3141423843	100.0	8.35	106.2	64.3625	-88.52270554326216	71	20	137	14	249	148	63	6	57	35	0	0	3.308889150619507	5760	250.3830132484436	5279	8.350694444444443	
-1725201.3755584094	100.775	8.175	104.5	63.4125	-88.52270554326216	72	20	133	12	201	120	79	7	65	40	0	0	3.2940027713775635	5840	253.67701601982117	5351	8.373287671232873	
-1087732.9610682793	101.8	8.35	109.2	66.1375	-88.52270554326216	73	20	133	14	385	227	78	7	65	40	0	0	3.5080361366271973	5920	257.18505215644836	5424	8.378378378378386	
-1712770.155701945	99.05	8.3	105.9	64.225	-88.4921196690486	74	20	157	11	177	106	43	7	65	40	0	0	3.4306440353393555	6000	260.6156961917877	5499	8.350000000000009	
-1625251.628299876	99.625	8.2375	106.2	64.3875	-88.4921196690486	75	20	157	11	225	134	43	6	57	35	0	0	3.4900269508361816	6080	264.1057231426239	5573	8.338815789473685	
-1562809.1656583317	98.3	8.4125	112.1	67.825	-88.4921196690486	76	20	157	13	313	185	36	7	65	40	0	0	3.775391101837158	6160	267.88111424446106	5648	8.311688311688314	
-1650258.5806452523	97.125	8.3	109.8	66.4875	-88.4921196690486	77	20	157	13	241	143	41	6	57	35	0	0	3.5835318565368652	6240	271.4646461009979	5723	8.285256410256409	
-1212789.8301900122	99.6875	8.425	112.5	68.075	-88.4315192586048	78	20	116	12	201	120	54	7	65	40	0	0	3.3849799633026123	6320	274.84962606430054	5794	8.322784810126578	
-1425257.0366892416	100.0	8.075	101.9	61.8625	-88.4315192586048	79	20	133	11	201	120	67	6	57	35	0	0	3.3733320236206055	6400	278.22295808792114	5868	8.3125	
-762862.8454902988	99.325	8.1375	100.2	60.8625	-88.4315192586048	80	20	142	11	169	101	58	7	65	40	0	0	3.430746078491211	6480	281.65370416641235	5942	8.302469135802468	
-1300251.1424532677	99.6625	8.1375	102.0	61.9375	-88.4315192586048	81	20	131	12	193	115	69	7	65	40	0	0	3.367741107940674	6560	285.021445274353	6016	8.292682926829258	
-1150283.3631647725	99.8875	8.275	106.2	64.3875	-88.42412394553683	82	20	124	11	177	106	76	7	65	40	0	0	3.4089667797088623	6640	288.4304120540619	6089	8.29819277108433	
-1437693.0410414506	100.1125	8.2625	105.2	63.8125	-88.11525473416278	83	20	124	11	201	120	76	7	65	40	0	0	3.3830831050872803	6720	291.81349515914917	6162	8.30357142857143	
-1475284.746860327	99.4125	8.275	105.7	64.1125	-88.05721867189376	84	20	151	13	249	148	46	7	65	40	0	0	3.393052101135254	6800	295.2065472602844	6235	8.308823529411768	
-1250184.7265647158	99.3625	8.3625	107.1	64.925	-88.05721867189376	85	20	151	13	249	148	70	7	65	40	0	0	3.5407638549804688	6880	298.7473111152649	6311	8.270348837209312	
-1612704.7266110834	100.0	8.35	107.1	64.9125	-88.05721867189376	86	20	130	14	241	143	70	7	65	40	0	0	3.479598045349121	6960	302.226909160614	6385	8.261494252873561	
-1012779.0169637721	100.0	8.3125	105.5	63.9625	-88.05721867189376	87	20	125	12	225	134	75	7	65	40	0	0	3.3950839042663574	7040	305.62199306488037	6456	8.295454545454547	
-1412726.0319011845	100.425	8.3125	105.4	63.925	-88.05721867189376	88	20	148	12	201	120	52	7	65	40	0	0	3.512704849243164	7120	309.13469791412354	6531	8.272471910112358	
-1387787.907515897	100.0125	8.632911392405063	116.34177215189874	70.32911392405063	-88.05721867189376	89	21	144	12.0	225.0	134.0	56	7.0	73.0	45.0	0	0	3.6733572483062744	7200	312.8080551624298	6606	8.25	
-1275262.9588019964	98.7875	8.25	105.1	63.7375	-87.9266581123379	90	21	124	12	225	134	59	6	57	35	0	0	3.4882030487060547	7280	316.29625821113586	6681	8.228021978021985	
-1250206.3978007014	99.0	8.25	105.6	64.05	-87.9266581123379	91	21	148	11	177	106	52	7	65	40	0	0	3.3932158946990967	7360	319.68947410583496	6754	8.233695652173907	
-1700230.3516750287	100.2	8.1625	103.5	62.8	-87.9266581123379	92	21	134	11	249	148	74	6	57	35	0	0	3.3531880378723145	7440	323.0426621437073	6826	8.252688172043008	
-1325265.7739231188	100.0375	8.1125	101.6	61.6875	-87.9266581123379	93	21	149	11	201	120	51	6	57	35	0	0	3.492902994155884	7520	326.53556513786316	6902	8.218085106382972	
-2100254.580066957	100.6125	8.2625	104.8	63.525	-87.9266581123379	94	21	154	11	193	115	60	6	57	35	0	0	3.6792240142822266	7600	330.2147891521454	6977	8.19736842105263	
-1075266.472037043	99.725	8.2625	103.6	62.8625	-87.9266581123379	95	21	113	15	265	157	63	7	81	50	0	0	3.472877025604248	7680	333.68766617774963	7052	8.177083333333329	
-1325304.7438172488	100.1625	8.125	101.9	61.925	-87.9266581123379	96	21	131	11	177	106	69	7	65	40	0	0	3.2979609966278076	7760	336.98562717437744	7126	8.170103092783506	
-1100197.4100444163	100.1625	8.35	107.0	64.85	-87.9266581123379	97	21	125	14	233	138	75	7	73	45	0	0	3.5128159523010254	7840	340.49844312667847	7200	8.16326530612244	
-1075286.7420320099	100.0	8.025	98.2	59.7125	-87.9266581123379	98	21	145	11	177	106	55	6	57	35	0	0	3.2831499576568604	7920	343.7815930843353	7273	8.169191919191917	
-1412741.7326672524	100.0	8.25	104.8	63.5875	-87.9266581123379	99	21	113	13	225	134	87	7	65	40	0	0	3.3114349842071533	8000	347.0930280685425	7345	8.1875	
-1362779.7421032996	100.2625	8.2125	104.3	63.275	-87.9266581123379	100	21	125	11	177	106	75	7	65	40	0	0	3.4887940883636475	8080	350.5818221569061	7420	8.168316831683171	
-1500267.2647925913	100.0875	8.1625	104.7	63.5375	-87.9266581123379	101	21	135	12	297	176	65	7	65	40	0	0	3.4485437870025635	8160	354.0303659439087	7495	8.149509803921575	
-1162736.7696235478	99.7375	8.2125	106.3	64.45	-87.9266581123379	102	21	135	12	297	176	71	7	65	40	0	0	3.3999242782592773	8240	357.43029022216797	7567	8.167475728155338	
-987723.0443298493	100.0	8.15	102.6	62.3	-87.9266581123379	103	21	118	11	177	106	82	7	65	40	0	0	3.431079864501953	8320	360.8613700866699	7642	8.149038461538467	
-1262742.8711919896	100.45	8.1875	102.2	62.0375	-87.9266581123379	104	21	132	12	201	120	68	7	65	40	0	0	3.4615681171417236	8400	364.32293820381165	7717	8.13095238095238	
-1087715.9525064565	99.975	8.175	100.8	61.2	-87.9266581123379	105	21	132	12	193	115	68	7	65	40	0	0	3.3565797805786133	8480	367.67951798439026	7789	8.148584905660371	
-1287708.5411533697	100.0	8.1625	102.0	61.95	-87.9266581123379	106	21	137	14	241	143	63	7	65	40	0	0	3.4277710914611816	8560	371.10728907585144	7863	8.142523364485982	
-1287756.3439718692	100.1125	8.25	104.6	63.45	-87.9266581123379	107	21	129	12	193	115	71	7	65	40	0	0	3.4354071617126465	8640	374.5426962375641	7937	8.136574074074076	
-1200234.0903849956	99.6375	8.225	104.7	63.5	-87.9266581123379	108	21	134	13	289	171	66	7	65	40	0	0	3.5122230052948	8720	378.0549192428589	8010	8.14220183486239	
-1037751.1153603077	99.625	8.325	106.8	64.7375	-87.9266581123379	109	21	126	13	289	171	74	7	65	40	0	0	3.5862579345703125	8800	381.6411771774292	8085	8.125	
-1475223.0963115913	100.0	8.1375	101.0	61.35	-87.9266581123379	110	21	146	11	177	106	54	7	65	40	0	0	3.440847873687744	8880	385.08202505111694	8160	8.108108108108098	
-1200347.8776163128	100.0	8.1375	101.6	61.675	-87.92633757271933	111	21	147	12	217	129	53	6	57	35	0	0	3.477213144302368	8960	388.5592381954193	8234	8.10267857142857	
-575280.1636637016	100.4	8.240506329113924	106.31645569620254	64.50632911392405	-87.92633757271933	112	22	150	12.0	225.0	134.0	50	7.0	65.0	40.0	0	0	3.2294249534606934	9040	391.78866314888	8304	8.141592920353986	
-1575282.899873568	100.775	8.325	107.0	64.85	-87.91638725315555	113	22	141	12	193	115	59	6	57	35	0	0	3.51364803314209	9120	395.3023111820221	8378	8.135964912280699	
-1737762.0616247752	100.9	8.3375	105.7	64.075	-87.91638725315555	114	22	138	11	169	101	62	7	65	40	0	0	3.5213420391082764	9200	398.82365322113037	8452	8.130434782608702	
-1587778.3979122206	100.95	8.1	103.3	62.7125	-87.91638725315555	115	22	141	12	217	129	59	7	65	40	0	0	3.324016809463501	9280	402.1476700305939	8524	8.146551724137936	
-1837819.5352105082	99.5	8.275	105.1	63.75	-87.91638725315555	116	22	123	13	265	157	77	7	65	40	0	0	3.5503931045532227	9360	405.6980631351471	8600	8.119658119658126	
-1350299.319402398	99.85	8.3	106.1	64.3375	-87.91086012852212	117	22	131	12	201	120	69	7	65	40	0	0	3.499650001525879	9440	409.197713136673	8675	8.103813559322035	
-1275260.4102826552	100.0	8.125	101.9	61.875	-87.91086012852212	118	22	140	11	201	120	60	6	57	35	0	0	3.3531320095062256	9520	412.5508451461792	8748	8.109243697479002	
-862776.2819293033	99.05	8.425	109.9	66.55	-87.91086012852212	119	22	120	12	217	129	77	7	65	40	0	0	3.6137359142303467	9600	416.16458106040955	8823	8.09375	
-1562763.586693873	99.825	8.225	104.4	63.3375	-87.91086012852212	120	22	132	11	177	106	68	6	57	35	0	0	3.3618741035461426	9680	419.5264551639557	8895	8.109504132231407	
-1225296.353314458	100.0	8.375	109.0	66.025	-87.91086012852212	121	22	134	14	233	138	66	6	57	35	0	0	3.5156409740448	9760	423.0420961380005	8968	8.114754098360649	
-1537767.9732275424	99.7875	8.3	105.5	63.9875	-87.91086012852212	122	22	139	13	249	148	61	7	65	40	0	0	3.5583958625793457	9840	426.60049200057983	9043	8.099593495934968	
-1662757.1227836118	99.775	8.3125	106.5	64.575	-87.91086012852212	123	22	136	13	249	148	64	7	65	40	0	0	3.598149299621582	9920	430.1986413002014	9119	8.074596774193537	
-1412731.6769863027	99.325	8.4	109.5	66.325	-87.91086012852212	124	22	135	12	249	148	65	7	65	40	0	0	3.510495901107788	10000	433.7091372013092	9192	8.079999999999998	
-1287785.0709449232	100.325	8.325	106.3	64.4625	-87.91086012852212	125	22	148	14	249	148	64	7	65	40	0	0	3.448997974395752	10080	437.15813517570496	9265	8.08531746031747	
-1012689.4680730192	99.1	8.3625	109.1	66.075	-87.91086012852212	126	22	143	14	369	218	57	7	65	40	0	0	3.6551830768585205	10160	440.8133182525635	9340	8.070866141732282	
-1387778.5472159693	100.0	8.2875	105.5	63.975	-87.91086012852212	127	22	135	13	225	134	65	7	65	40	0	0	3.5280659198760986	10240	444.3413841724396	9415	8.056640625	
-1550198.1178881756	100.3625	8.275	105.1	63.7375	-87.91086012852212	128	22	131	11	201	120	69	6	57	35	0	0	3.57682204246521	10320	447.9182062149048	9489	8.052325581395351	
-1412762.8138805549	101.0875	8.5125	111.9	67.7	-87.91086012852212	129	22	141	14	233	138	59	6	57	35	0	0	3.586690902709961	10400	451.50489711761475	9562	8.057692307692307	
-887715.7646981527	100.0125	8.35	109.7	66.45	-87.91086012852212	130	22	129	12	225	134	76	7	65	40	0	0	3.437681198120117	10480	454.94257831573486	9634	8.072519083969468	
-900203.7142946239	100.0	8.35	107.8	65.325	-87.91086012852212	131	22	151	12	225	134	49	6	57	35	0	0	3.451181650161743	10560	458.3937599658966	9707	8.077651515151516	
-1687728.1448058232	100.0	8.425	111.0	67.1875	-87.91086012852212	132	22	145	11	273	162	55	6	57	35	0	0	3.69022798538208	10640	462.0839879512787	9783	8.054511278195491	
-525287.9753725348	100.55	8.3125	106.2	64.3875	-87.90290457088558	133	22	122	13	225	134	81	7	65	40	0	0	3.4896750450134277	10720	465.5736629962921	9857	8.050373134328353	
-1200213.6485684128	100.0	8.4	108.6	65.7875	-87.90162230411579	134	22	140	12	201	120	60	7	65	40	0	0	3.4179861545562744	10800	468.9916491508484	9928	8.074074074074076	
-1025253.4237194217	99.975	8.25	104.7	63.5125	-87.90162230411579	135	22	150	11	177	106	50	7	65	40	0	0	3.290189027786255	10880	472.28183817863464	9998	8.106617647058826	
-1625222.884117039	100.65	8.354430379746836	106.82278481012658	64.75949367088607	-87.90162230411579	136	23	146	13.0	225.0	134.0	61	7.0	65.0	40.0	0	0	3.6026570796966553	10960	475.8844952583313	10068	8.138686131386862	
-1562710.994244472	102.675	8.5125	113.7	68.7875	-87.90162230411579	137	23	146	14	385	227	62	7	65	40	0	0	4.11839485168457	11040	480.00289011001587	10143	8.125	
-975224.2600296102	101.05	8.468354430379748	109.9620253164557	66.59493670886076	-87.90162230411579	138	24	167	12.0	185.0	110.0	69	7.0	65.0	40.0	0	0	3.5135910511016846	11120	483.51648116111755	10215	8.13848920863309	
-1212705.5714772125	102.3	8.5125	111.2	67.3	-87.90162230411579	139	24	170	15	297	176	71	7	65	40	0	0	3.575993061065674	11200	487.0924742221832	10289	8.13392857142857	
-775312.770427066	100.0	8.325	107.3	65.0625	-87.90162230411579	140	24	121	13	225	134	79	7	65	40	0	0	3.52616286277771	11280	490.61863708496094	10364	8.120567375886523	
-1512699.0985197164	100.1125	8.3	105.4	63.925	-87.90162230411579	141	24	127	11	177	106	73	7	65	40	0	0	3.4879040718078613	11360	494.1065411567688	10439	8.107394366197184	
-1112697.8343028787	100.0	8.3125	106.2	64.3875	-87.90162230411579	142	24	128	12	193	115	72	7	65	40	0	0	3.3237509727478027	11440	497.4302921295166	10509	8.138111888111894	
-1500312.414136608	100.3	8.3	107.2	64.9625	-87.90162230411579	143	24	136	12	217	129	64	6	57	35	0	0	3.5629680156707764	11520	500.9932601451874	10583	8.133680555555557	
-1187792.3641297012	100.0375	8.25	105.9	64.225	-87.90162230411579	144	24	136	11	177	106	64	6	57	35	0	0	3.410428047180176	11600	504.40368819236755	10656	8.137931034482762	
-1237704.0446501668	99.9	8.45	109.9	66.5375	-87.90162230411579	145	24	144	15	257	152	56	7	65	40	0	0	3.584583044052124	11680	507.9882712364197	10729	8.14212328767124	
-1212736.7206997026	100.325	8.3625	107.3	65.0375	-87.89654788688318	146	24	161	13	217	129	39	7	65	40	0	0	3.467836856842041	11760	511.4561080932617	10802	8.146258503401356	
-1662740.2153611141	100.0	8.4	109.1	66.05	-87.89654788688318	147	24	145	13	241	143	55	6	57	35	0	0	3.680903196334839	11840	515.1370112895966	10877	8.133445945945951	
-725221.8914387532	99.6625	8.4375	109.6	66.375	-87.89654788688318	148	24	137	13	225	134	63	7	73	45	0	0	3.5521607398986816	11920	518.6891720294952	10951	8.129194630872476	
-1325261.2185133833	99.7625	8.1875	105.2	63.8125	-87.89654788688318	149	24	143	11	193	115	57	7	65	40	0	0	3.5020241737365723	12000	522.1911962032318	11024	8.13333333333334	
-1300248.4315161486	100.0	8.15	102.8	62.4	-87.89654788688318	150	24	126	11	177	106	74	7	65	40	0	0	3.339477062225342	12080	525.5306732654572	11096	8.14569536423842	
-875251.7527126741	100.65	8.50632911392405	112.29113924050633	67.9620253164557	-87.89623539911639	151	25	134	15.0	265.0	157.0	66	7.0	65.0	40.0	0	0	3.491159677505493	12160	529.0218329429626	11169	8.149671052631575	
-1150261.1284755722	100.0	8.175	104.2	63.2375	-87.89322550160699	152	25	149	11	225	134	51	7	65	40	0	0	3.4309041500091553	12240	532.4527370929718	11243	8.145424836601308	
-1387729.4687617985	100.0	8.0125	97.2	59.1125	-87.89322550160699	153	25	127	11	177	106	73	7	65	40	0	0	3.440838098526001	12320	535.8935751914978	11318	8.133116883116884	
-1662764.4911840865	100.0	8.3375	108.0	65.45	-87.89322550160699	154	25	135	12	201	120	65	7	65	40	0	0	3.5014610290527344	12400	539.3950362205505	11392	8.129032258064512	
-1425252.7695790068	100.075	8.5125	116.0	70.1125	-87.89322550160699	155	25	125	12	225	134	75	6	57	35	0	0	3.6330177783966064	12480	543.0280539989471	11464	8.14102564102565	
-1562726.992519198	100.625	8.41025641025641	110.74358974358974	67.05128205128206	-87.89322550160699	156	27	166	17.0	321.0	190.0	39	7.0	65.0	40.0	0	0	3.404201030731201	12560	546.4322550296783	11535	8.160828025477713	
-1250236.7441900321	101.375	8.10126582278481	102.9746835443038	62.54430379746835	-87.89322550160699	157	28	161	11.0	177.0	106.0	74	7.0	65.0	40.0	0	0	3.1819992065429688	12640	549.6142542362213	11605	8.188291139240505	
-987764.5145238845	102.5	8.35	109.0	66.05	-87.89322550160699	158	28	162	12	249	148	38	7	65	40	0	0	3.560344934463501	12720	553.1745991706848	11680	8.176100628930811	
-612731.7062516782	102.275	8.3375	108.1	65.5125	-87.89322550160699	159	28	161	11	273	162	38	7	65	40	0	0	3.4283978939056396	12800	556.6029970645905	11752	8.1875	
-837731.951892629	101.525	8.525	112.7	68.2	-87.89322550160699	160	28	161	14	321	190	49	7	65	40	0	0	3.5681099891662598	12880	560.1711070537567	11826	8.183229813664596	
-1175225.6666204876	100.6375	8.4375	109.0	66.0125	-87.89322550160699	161	28	151	13	217	129	68	7	65	40	0	0	3.5945651531219482	12960	563.7656722068787	11901	8.17129629629629	
-1012711.63957192	100.0	8.275	107.2	65.0	-87.86240784700175	162	28	140	11	201	120	60	7	81	50	0	0	3.4624178409576416	13040	567.2280900478363	11975	8.167177914110425	
-1087808.0710492656	100.5	8.175	101.6	61.6625	-87.85771987827806	163	28	140	11	177	106	65	7	65	40	0	0	3.4005022048950195	13120	570.6285922527313	12046	8.185975609756099	
-1212742.5266699258	100.5	8.1625	102.4	62.175	-87.8508652025084	164	28	140	12	201	120	63	7	65	40	0	0	3.350482940673828	13200	573.9790751934052	12119	8.189393939393938	
-1362700.3830234758	100.0	8.5625	113.2	68.475	-87.8508652025084	165	28	126	15	257	152	74	7	65	40	0	0	3.6265408992767334	13280	577.6056160926819	12193	8.18524096385542	
-887712.565899872	100.2	8.375	108.4	65.6625	-87.8508652025084	166	28	135	13	297	176	65	7	65	40	0	0	3.6194581985473633	13360	581.2250742912292	12268	8.17365269461078	
-1662722.1184670574	100.8125	8.2375	103.6	62.85	-87.8508652025084	167	28	133	12	225	134	68	6	57	35	0	0	3.4967098236083984	13440	584.7217841148376	12342	8.169642857142861	
-975276.0033296712	100.65	8.625	112.8	68.2125	-87.8508652025084	168	28	143	15	265	157	57	6	57	35	0	0	3.725790023803711	13520	588.4475741386414	12416	8.165680473372788	
-1600205.6269642215	100.0	8.316455696202532	105.10126582278481	63.721518987341774	-87.8508652025084	169	29	121	11.0	177.0	106.0	79	7.0	65.0	40.0	0	0	3.5176758766174316	13600	591.9652500152588	12489	8.169117647058826	
-762699.3027051954	100.0	8.4	108.7	65.825	-87.8508652025084	170	29	136	14	385	227	64	7	65	40	0	0	3.641996145248413	13680	595.6072461605072	12561	8.179824561403507	
-1375229.5597742856	100.15	8.225	103.1	62.5625	-87.8508652025084	171	29	134	14	241	143	66	7	65	40	0	0	3.514619827270508	13760	599.1218659877777	12634	8.183139534883722	
-1262776.0028533326	100.0	8.2	104.2	63.2125	-87.8508652025084	172	29	128	14	385	227	72	7	65	40	0	0	3.6726431846618652	13840	602.7945091724396	12709	8.171965317919074	
-1612783.115277348	99.95	8.3125	107.3	65.0375	-87.8508652025084	173	29	140	13	241	143	60	7	65	40	0	0	3.544527053833008	13920	606.3390362262726	12782	8.175287356321832	
-937783.1498538863	99.625	8.3375	106.4	64.5125	-87.8508652025084	174	29	124	13	225	134	76	7	73	45	0	0	3.550828695297241	14000	609.8898649215698	12856	8.171428571428578	
-1400208.424293695	99.975	8.253164556962025	103.58227848101266	62.835443037974684	-87.8508652025084	175	30	130	15.0	265.0	157.0	70	7.0	65.0	40.0	0	0	3.5366783142089844	14080	613.4265432357788	12928	8.181818181818173	
-1200309.5430848754	100.0	8.4125	109.4	66.2375	-87.8508652025084	176	30	130	14	385	227	70	7	65	40	0	0	3.952063798904419	14160	617.3786070346832	13004	8.163841807909606	
-1812813.3137832384	100.15	8.35	109.7	66.3875	-87.8508652025084	177	30	142	14	385	227	58	6	57	35	0	0	3.9737601280212402	14240	621.3523671627045	13078	8.160112359550567	
-1575255.3049958206	101.5125	8.6	114.2	69.025	-87.8508652025084	178	30	170	15	385	227	61	7	65	40	0	0	3.8488330841064453	14320	625.2012002468109	13150	8.170391061452506	
-1200197.2808145233	100.7875	8.3125	105.6	64.0375	-87.8508652025084	179	30	157	11	177	106	43	7	65	40	0	0	3.624922752380371	14400	628.8261229991913	13220	8.194444444444443	
-2075261.2040752317	101.55	8.3375	106.4	64.5	-87.8508652025084	180	30	160	14	249	148	71	7	65	40	0	0	3.6955273151397705	14480	632.521650314331	13294	8.190607734806633	
-1237712.8175253144	100.75	8.69620253164557	117.45569620253164	70.9746835443038	-87.8508652025084	181	31	160	14.0	273.0	162.0	62	7.0	65.0	40.0	0	0	3.957977771759033	14560	636.4796280860901	13367	8.193681318681328	
-1437786.3381345659	98.85	8.49367088607595	109.0506329113924	66.0253164556962	-87.8508652025084	182	32	153	14.0	241.0	143.0	24	7.0	65.0	40.0	0	0	3.8473410606384277	14640	640.3269691467285	13440	8.196721311475414	
-1512729.852715126	100.6625	8.2125	102.4	62.15	-87.8508652025084	183	32	153	11	177	106	77	7	65	40	0	0	3.715139150619507	14720	644.042108297348	13512	8.206521739130437	
-1487679.2992254524	100.0125	8.08860759493671	99.73417721518987	60.59493670886076	-87.8508652025084	184	33	135	13.0	209.0	124.0	65	6.0	57.0	35.0	0	0	3.673092842102051	14800	647.7152011394501	13583	8.222972972972968	
-1625196.1072996329	100.0	8.1625	103.8	62.9875	-87.8508652025084	185	33	119	11	201	120	81	7	65	40	0	0	3.599045991897583	14880	651.3142471313477	13654	8.239247311827953	
-1062708.717123834	100.0	8.3375	106.7	64.675	-87.8508652025084	186	33	129	12	249	148	71	7	65	40	0	0	4.074280023574829	14960	655.3885271549225	13728	8.235294117647058	
-1337787.370808855	100.0	8.177215189873417	103.58227848101266	62.835443037974684	-87.8508652025084	187	34	130	11.0	201.0	120.0	70	6.0	57.0	35.0	0	0	4.038532972335815	15040	659.4270601272583	13800	8.244680851063833	
-1850222.7725954175	100.325	8.2125	105.1	63.725	-87.8508652025084	188	34	142	12	345	204	58	7	65	40	0	0	3.828723192214966	15120	663.2557833194733	13870	8.267195767195773	
-1437724.977517771	100.0	8.405063291139241	108.64556962025317	65.79746835443038	-87.8508652025084	189	35	135	11.0	201.0	120.0	65	6.0	57.0	35.0	0	0	3.6842877864837646	15200	666.940071105957	13940	8.28947368421052	
-1300190.5923386859	100.0	8.379746835443038	108.64556962025317	65.83544303797468	-87.8508652025084	190	36	129	11.0	177.0	106.0	71	7.0	65.0	40.0	0	0	3.7997970581054688	15280	670.7398681640625	14013	8.291884816753921	
-1637742.6052713767	100.0	7.9875	96.0	58.3875	-87.8508652025084	191	36	122	13	225	134	78	7	65	40	0	0	3.730956792831421	15360	674.4708249568939	14084	8.307291666666671	
-1637796.5669284884	100.0	8.1875	104.2	63.2125	-87.8508652025084	192	36	138	12	297	176	62	7	65	40	0	0	3.8912529945373535	15440	678.3620779514313	14159	8.296632124352328	
-1575289.8676369179	100.6125	8.4875	113.4	68.6125	-87.8508652025084	193	36	176	14	249	148	60	7	65	40	0	0	3.9445302486419678	15520	682.3066082000732	14233	8.292525773195877	
-1462741.8306218523	98.175	8.725	119.1	71.9125	-87.8508652025084	194	36	140	12	313	185	55	7	65	40	0	0	4.251535892486572	15600	686.5581440925598	14307	8.288461538461533	
-1062739.6608006223	99.8875	8.405063291139241	109.9620253164557	66.58227848101266	-87.8508652025084	195	37	152	12.0	297.0	176.0	34	7.0	65.0	40.0	0	0	3.790699005126953	15680	690.3488430976868	14379	8.297193877551024	
-1362718.7566924458	99.8125	8.0625	99.6	60.5375	-87.8508652025084	196	37	129	11	177	106	71	7	65	40	0	0	3.5293538570404053	15760	693.8781969547272	14450	8.312182741116743	
-1125365.19189766	100.3625	8.075	99.5	60.4625	-87.8508652025084	197	37	148	14	273	162	52	7	65	40	0	0	3.6441102027893066	15840	697.5223071575165	14524	8.308080808080803	
-1000217.1140852773	100.3	8.3875	108.3	65.625	-87.8508652025084	198	37	132	12	193	115	68	7	65	40	0	0	3.6661479473114014	15920	701.1884551048279	14596	8.316582914572862	
-1987703.7439893826	100.0	8.325	105.3	63.825	-87.8508652025084	199	37	114	11	193	115	86	7	65	40	0	0	3.94388484954834	16000	705.1323399543762	14672	8.299999999999997	
-1387801.78331974	100.2	8.4375	110.2	66.725	-87.8508652025084	200	37	150	12	265	157	50	7	65	40	0	0	3.9049012660980225	16080	709.0372412204742	14747	8.289800995024876	
-875375.3833941631	100.025	8.5625	113.2	68.5	-87.84589501338876	201	37	137	15	265	157	63	7	73	45	0	0	3.6995508670806885	16160	712.7367920875549	14817	8.31064356435644	
-1237755.4890827339	100.0	8.1875	103.8	63.025	-87.84589501338876	202	37	147	11	201	120	53	7	65	40	0	0	3.499006986618042	16240	716.235799074173	14888	8.325123152709352	
-1437706.8921500186	100.05	8.225	103.4	62.725	-87.84589501338876	203	37	126	12	225	134	88	7	65	40	0	0	3.638248920440674	16320	719.8740479946136	14960	8.333333333333343	
-1850341.0261122584	99.925	8.2	103.4	62.75	-87.84589501338876	204	37	125	14	249	148	75	7	65	40	0	0	3.73110294342041	16400	723.6051509380341	15033	8.335365853658544	
-1075302.8872689297	100.0	8.2125	104.5	63.3875	-87.84589501338876	205	37	134	11	265	157	66	7	65	40	0	0	3.6670801639556885	16480	727.2722311019897	15105	8.34344660194175	
-1462722.1051937551	100.3125	8.2625	104.6	63.4625	-87.84589501338876	206	37	125	12	201	120	81	7	65	40	0	0	3.5237131118774414	16560	730.7959442138672	15175	8.363526570048307	
-1412817.5415013887	100.675	8.375	106.5	64.5375	-87.84589501338876	207	37	138	14	233	138	62	7	65	40	0	0	3.9334349632263184	16640	734.7293791770935	15249	8.359375	
-1425236.62583592	100.7	8.3875	108.1	65.5	-87.84589501338876	208	37	126	13	225	134	74	7	73	45	0	0	3.845324993133545	16720	738.574704170227	15323	8.355263157894726	
-1962716.8011319363	101.225	8.379746835443038	107.9367088607595	65.39240506329114	-87.84589501338876	209	38	184	11.0	193.0	115.0	16	6.0	57.0	35.0	0	0	3.734116792678833	16800	742.3088209629059	15395	8.36309523809524	
-1825253.1907605368	102.275	8.35	106.0	64.2625	-87.84589501338876	210	38	184	14	241	143	57	7	65	40	0	0	3.7107491493225098	16880	746.0195701122284	15468	8.36492890995261	
-1675238.9760673437	101.9375	8.5125	112.4	68.0	-87.84589501338876	211	38	147	15	369	218	60	6	57	35	0	0	3.9516618251800537	16960	749.9712319374084	15542	8.360849056603769	
-1400213.8470807287	99.9125	8.2125	105.4	63.925	-87.84589501338876	212	38	129	12	273	162	71	7	73	45	0	0	3.5504472255706787	17040	753.5216791629791	15612	8.380281690140848	
-1600239.5231349526	100.575	8.475	113.7	68.75	-87.84589501338876	213	38	123	14	385	227	83	6	57	35	0	0	4.184305906295776	17120	757.7059850692749	15688	8.364485981308405	
-1625294.4393937401	100.0	8.3375	107.9	65.3875	-87.84589501338876	214	38	133	11	177	106	67	7	65	40	0	0	3.748595952987671	17200	761.4545810222626	15761	8.366279069767444	
-1350249.828774427	100.275	8.5125	111.4	67.425	-87.84589501338876	215	38	143	12	225	134	57	7	73	45	0	0	3.939605951309204	17280	765.3941869735718	15837	8.350694444444443	
-1550220.0432808702	100.8	8.4625	109.7	66.4125	-87.84589501338876	216	38	123	12	193	115	77	7	65	40	0	0	3.8582961559295654	17360	769.2524831295013	15912	8.341013824884797	
-1525236.0457616472	100.2125	8.405063291139241	109.9620253164557	66.59493670886076	-87.84589501338876	217	39	125	17.0	321.0	190.0	76	6.0	57.0	35.0	0	0	3.6209030151367188	17440	772.8733861446381	15982	8.36009174311927	
-1200291.1774855645	100.0	8.4	108.7	65.8375	-87.84589501338876	218	39	120	12	201	120	80	7	73	45	0	0	3.7431678771972656	17520	776.6165540218353	16053	8.373287671232873	
-1850186.6561081626	100.0	8.5625	114.1	69.0	-87.84589501338876	219	39	136	13	273	162	64	7	65	40	0	0	3.810279130935669	17600	780.426833152771	16125	8.380681818181827	
-900241.4411598857	99.4625	8.4625	110.3	66.7625	-87.84589501338876	220	39	161	12	193	115	39	7	65	40	0	0	3.7554609775543213	17680	784.1822941303253	16197	8.388009049773757	
-1562748.9739686004	99.875	8.225	104.2	63.2125	-87.84589501338876	221	39	141	11	177	106	59	7	65	40	0	0	3.8158950805664062	17760	787.9981892108917	16273	8.372747747747738	
-1475238.9721966765	100.4875	8.225	103.3	62.6875	-87.84589501338876	222	39	138	13	217	129	72	7	65	40	0	0	3.7230687141418457	17840	791.7212579250336	16347	8.368834080717491	
-1387705.9122276972	100.0	8.3125	105.5	63.975	-87.84589501338876	223	39	128	11	177	106	72	7	65	40	0	0	3.603710412979126	17920	795.3249683380127	16418	8.38169642857143	
-1475229.7516613598	100.0	8.075	101.1	61.425	-87.84589501338876	224	39	111	11	177	106	89	7	65	40	0	0	3.4858357906341553	18000	798.8108041286469	16489	8.394444444444446	
-1300194.4196461416	100.0	8.1875	103.5	62.825	-87.84589501338876	225	39	115	11	177	106	85	7	65	40	0	0	3.572477102279663	18080	802.3832812309265	16562	8.396017699115049	
-1912684.030483821	100.0	8.151898734177216	101.65822784810126	61.721518987341774	-87.84589501338876	226	40	129	11.0	177.0	106.0	71	7.0	65.0	40.0	0	0	3.616483688354492	18160	805.999764919281	16635	8.397577092511014	
-1837781.600723993	102.175	8.4625	110.2	66.7	-87.84589501338876	227	40	129	14	249	148	89	6	57	35	0	0	4.026228189468384	18240	810.0259931087494	16709	8.393640350877192	
-1737682.4377668113	101.3625	8.475	111.3	67.35	-87.8457000812562	228	40	132	11	249	148	68	7	65	40	0	0	3.753641128540039	18320	813.7796342372894	16781	8.400655021834055	
-2537768.0616560876	100.0	8.175	102.4	62.15	-87.8457000812562	229	40	124	11	177	106	76	7	65	40	0	0	3.672484874725342	18400	817.4521191120148	16854	8.40217391304347	
-2037725.2967632122	98.975	8.2	104.4	63.3375	-87.8457000812562	230	40	136	12	225	134	41	7	65	40	0	0	3.529891014099121	18480	820.9820101261139	16925	8.414502164502167	
-1150207.2165513064	101.6375	8.4125	110.1	66.675	-87.8457000812562	231	40	149	12	225	134	61	7	65	40	0	0	3.816516160964966	18560	824.7985262870789	17000	8.40517241379311	
-2162695.1879959805	100.025	8.425	109.2	66.1375	-87.8457000812562	232	40	136	16	289	171	68	7	65	40	0	0	3.8034777641296387	18640	828.6020040512085	17073	8.406652360515025	
-1987754.8923067574	100.0	8.3625	108.0	65.4375	-87.8457000812562	233	40	140	16	321	190	60	6	57	35	0	0	3.8109512329101562	18720	832.4129552841187	17148	8.397435897435898	
-1712798.4200619063	99.8625	8.3625	108.5	65.725	-87.8457000812562	234	40	144	13	273	162	56	7	65	40	0	0	3.7447898387908936	18800	836.1577451229095	17220	8.40425531914893	
-1687722.7460397724	99.6375	8.175	103.0	62.5125	-87.8450104194223	235	40	139	15	265	157	57	7	65	40	0	0	3.6104941368103027	18880	839.7682392597198	17292	8.41101694915254	
-1412677.9097114294	100.4375	8.225	105.0	63.7	-87.8450104194223	236	40	139	12	249	148	62	7	65	40	0	0	3.5588998794555664	18960	843.3271391391754	17363	8.42299578059071	
-1637682.5927045231	100.0	8.2	105.2	63.825	-87.8450104194223	237	40	132	12	321	190	68	7	65	40	0	0	3.593702793121338	19040	846.9208419322968	17435	8.429621848739501	
-937748.8641257975	100.0	8.4625	111.1	67.2625	-87.8450104194223	238	40	133	14	241	143	67	7	65	40	0	0	3.8331432342529297	19120	850.7539851665497	17510	8.420502092050214	
-1412723.4250940033	100.825	8.45	113.2	68.4875	-87.8450104194223	239	40	133	15	321	190	68	7	65	40	0	0	3.8397438526153564	19200	854.593729019165	17583	8.421875	
-1387728.814636129	100.05	8.4	111.3	67.375	-87.8450104194223	240	40	126	11	201	120	74	7	65	40	0	0	3.78169322013855	19280	858.3754222393036	17655	8.428423236514533	
-1400203.9814128538	100.0	8.139240506329115	102.46835443037975	62.20253164556962	-87.8450104194223	241	41	133	11.0	177.0	106.0	67	6.0	57.0	35.0	0	0	3.664346933364868	19360	862.0397691726685	17729	8.424586776859499	
-2200244.731462816	99.825	8.275	105.7	64.0625	-87.8450104194223	242	41	137	13	265	157	63	6	57	35	0	0	3.8882040977478027	19440	865.9279732704163	17805	8.410493827160494	
-850301.472872699	100.0375	8.325	107.9	65.4	-87.82908897473574	243	41	139	14	321	190	61	7	65	40	0	0	3.794585704803467	19520	869.7225589752197	17880	8.401639344262293	
-1800202.252731581	99.9125	8.2	104.1	63.1625	-87.82908897473574	244	41	134	12	241	143	66	7	65	40	0	0	3.7422661781311035	19600	873.4648251533508	17955	8.392857142857153	
-1787714.8822837994	100.0	8.175	103.6	62.875	-87.82908897473574	245	41	141	12	201	120	59	7	65	40	0	0	3.671015977859497	19680	877.1358411312103	18029	8.389227642276424	
-1350245.8472290884	99.2125	8.35	107.8	65.3125	-87.82908897473574	246	41	146	11	201	120	54	7	65	40	0	0	3.84254789352417	19760	880.9783890247345	18103	8.385627530364374	
-1462830.9080096337	100.0	8.425	110.4	66.85	-87.82908897473574	247	41	152	13	217	129	48	7	65	40	0	0	3.854825258255005	19840	884.8332142829895	18178	8.377016129032256	
-762714.4565860366	100.725	8.35897435897436	105.92307692307692	64.1923076923077	-87.82908897473574	248	43	147	11.0	177.0	106.0	71	7.0	65.0	40.0	0	0	3.605952024459839	19920	888.4391663074493	18248	8.39357429718875	
-1487759.2676477034	100.3375	8.5375	112.0	67.7875	-87.82908897473574	249	43	127	13	241	143	73	7	65	40	0	0	3.841442823410034	20000	892.2806091308594	18322	8.39	
-1137714.9630047071	100.65	8.291139240506329	105.60759493670886	64.0506329113924	-87.82908897473574	250	44	125	12.0	201.0	120.0	84	6.0	57.0	35.0	0	0	3.422959089279175	20080	895.7035682201385	18390	8.416334661354583	
-1225209.1684485772	100.0	8.2875	105.8	64.175	-87.82908897473574	251	44	124	13	217	129	76	7	65	40	0	0	3.6692140102386475	20160	899.3727822303772	18464	8.412698412698418	
-1075238.8874682505	99.4	8.225	104.8	63.575	-87.82908897473574	252	44	134	12	249	148	66	7	65	40	0	0	3.641146659851074	20240	903.0139288902283	18537	8.41403162055336	
-1825220.9308512495	100.0	8.275	105.7	64.0875	-87.82908897473574	253	44	122	12	201	120	78	7	65	40	0	0	3.6385421752929688	20320	906.6524710655212	18609	8.420275590551185	
-1150198.2124643656	100.0	8.275	107.7	65.275	-87.82908897473574	254	44	124	11	177	106	76	7	65	40	0	0	3.719978094100952	20400	910.3724491596222	18683	8.416666666666657	
-1712770.376240749	100.0	8.2625	104.3	63.25	-87.82908897473574	255	44	141	15	265	157	59	7	65	40	0	0	3.64662504196167	20480	914.0190742015839	18754	8.427734375	
-1662714.6220175736	100.0	8.25	106.2	64.4125	-87.82908897473574	256	44	130	13	217	129	70	7	65	40	0	0	3.695666790008545	20560	917.7147409915924	18827	8.428988326848255	
-1975203.4040077091	101.075	8.3	108.2	65.5625	-87.82908897473574	257	44	135	11	225	134	65	7	65	40	0	0	3.717658042907715	20640	921.4323990345001	18900	8.430232558139537	
-1700187.4538045838	100.0125	8.2875	106.0	64.2625	-87.82908897473574	258	44	133	11	177	106	65	7	65	40	0	0	3.680800199508667	20720	925.1131992340088	18973	8.431467181467184	
-1675335.0412459695	100.0	8.1625	101.6	61.675	-87.82908897473574	259	44	143	11	177	106	57	7	65	40	0	0	3.7200167179107666	20800	928.8332159519196	19048	8.42307692307692	
-1662748.334120099	101.6625	8.397435897435898	108.07692307692308	65.44871794871794	-87.82908897473574	260	46	143	14.0	249.0	148.0	60	6.0	57.0	35.0	0	0	3.810669183731079	20880	932.6438851356506	19120	8.42911877394637	
-1687736.0373440809	101.8375	8.468354430379748	113.81012658227849	68.83544303797468	-87.82908897473574	261	47	151	14.0	385.0	227.0	54	7.0	65.0	40.0	0	0	4.044817209243774	20960	936.6887023448944	19195	8.420801526717554	
-1725189.4225005931	99.975	8.375	108.1	65.4875	-87.82908897473574	262	47	143	12	225	134	58	7	65	40	0	0	3.8587279319763184	21040	940.5474302768707	19270	8.41254752851711	
-1700198.0824579753	100.6625	8.3875	108.9	65.9625	-87.82908897473574	263	47	138	12	193	115	62	6	57	35	0	0	3.868053913116455	21120	944.4154841899872	19345	8.404356060606062	
-1800202.4220914952	100.075	8.367088607594937	110.0632911392405	66.63291139240506	-87.82908897473574	264	48	141	11.0	225.0	134.0	59	7.0	65.0	40.0	0	0	3.8711049556732178	21200	948.2865891456604	19419	8.40094339622641	
-1475229.631457039	100.0	8.1375	102.3	62.1125	-87.82908897473574	265	48	152	13	217	129	48	7	65	40	0	0	3.648674964904785	21280	951.9352641105652	19492	8.402255639097746	
-1062708.377843831	99.9625	8.2	103.3	62.6875	-87.82908897473574	266	48	128	11	201	120	72	7	65	40	0	0	3.6909830570220947	21360	955.6262471675873	19566	8.398876404494388	
-1412725.4954373378	100.0	8.3375	106.2	64.375	-87.82908897473574	267	48	129	14	241	143	71	7	65	40	0	0	3.8197021484375	21440	959.4459493160248	19641	8.390858208955223	
-1400220.603935617	100.0	8.15	103.4	62.775	-87.82908897473574	268	48	128	11	201	120	72	7	65	40	0	0	3.597606897354126	21520	963.0435562133789	19715	8.387546468401482	
-1612769.9488538164	100.0125	8.375	108.8	65.9375	-87.82908897473574	269	48	139	15	265	157	61	7	65	40	0	0	3.626154899597168	21600	966.6697111129761	19787	8.393518518518519	
-1687720.313757221	100.1	8.1875	103.7	62.925	-87.82908897473574	270	48	131	12	225	134	69	7	65	40	0	0	3.653209924697876	21680	970.322921037674	19860	8.394833948339482	
-1525235.602728902	100.0	8.1875	102.3	62.0875	-87.82908897473574	271	48	144	13	217	129	56	7	65	40	0	0	3.6639249324798584	21760	973.9868459701538	19933	8.396139705882348	
-1412741.5574284538	99.6	8.275	105.6	64.05	-87.82908897473574	272	48	134	11	177	106	66	7	65	40	0	0	3.774590253829956	21840	977.7614362239838	20007	8.392857142857153	
-1612722.6649932615	100.0	8.1125	99.9	60.6875	-87.82908897473574	273	48	125	11	177	106	75	7	65	40	0	0	3.669348955154419	21920	981.4307851791382	20081	8.389598540145982	
-975212.2225213986	99.8	8.425	108.9	65.9625	-87.82908897473574	274	48	136	11	177	106	64	7	65	40	0	0	3.823003053665161	22000	985.2537882328033	20154	8.39090909090909	
-1587701.6836209397	100.0	8.3125	105.1	63.725	-87.82908897473574	275	48	130	12	201	120	70	7	65	40	0	0	3.711697816848755	22080	988.9654860496521	20227	8.392210144927532	
-2200269.7196575115	101.125	8.2875	108.8	65.9	-87.82908897473574	276	48	145	11	225	134	55	7	65	40	0	0	4.055912971496582	22160	993.0213990211487	20302	8.384476534296027	
-1862712.4740729681	101.475	8.4875	111.0	67.2	-87.82908897473574	277	48	162	13	249	148	38	7	65	40	0	0	3.8278610706329346	22240	996.8492600917816	20376	8.381294964028768	
-2025258.6376392827	99.525	8.4625	111.5	67.4875	-87.82908897473574	278	48	137	13	225	134	63	7	73	45	0	0	3.819401979446411	22320	1000.668662071228	20449	8.382616487455195	
-1625212.7515575956	99.5875	8.275	104.6	63.45	-87.82908897473574	279	48	139	11	177	106	61	7	65	40	0	0	3.3535940647125244	22400	1004.0222561359406	20515	8.41517857142857	
-1775231.4509357053	99.5875	8.275	104.3	63.25	-87.82908897473574	280	48	137	13	217	129	58	7	65	40	0	0	3.679798126220703	22480	1007.7020542621613	20587	8.420818505338076	
-1675206.8815053243	99.9875	8.15	102.9	62.4625	-87.82908897473574	281	48	131	13	217	129	69	6	57	35	0	0	3.632755994796753	22560	1011.334810256958	20660	8.421985815602838	
-1525279.7377242553	99.9875	8.2375	103.7	62.9	-87.82908897473574	282	48	153	11	201	120	47	7	65	40	0	0	3.7568869590759277	22640	1015.0916972160339	20734	8.418727915194353	
-2225161.069238146	101.6875	8.5375	110.2	66.7	-87.82908897473574	283	48	164	14	241	143	36	7	65	40	0	0	3.970571994781494	22720	1019.0622692108154	20810	8.406690140845072	
-1300214.8407430265	101.625	8.4	107.4	65.075	-87.82908897473574	284	48	136	11	177	106	64	7	65	40	0	0	3.7860448360443115	22800	1022.8483140468597	20884	8.403508771929822	
-1825244.5234567008	99.875	8.4125	108.2	65.55	-87.82908897473574	285	48	153	12	193	115	47	7	65	40	0	0	3.8696300983428955	22880	1026.7179441452026	20960	8.3916083916084	
-1612766.0049405615	100.6625	8.25	103.8	62.975	-87.82908897473574	286	48	162	11	177	106	38	7	65	40	0	0	3.705230951309204	22960	1030.4231750965118	21034	8.388501742160287	
-1425250.1264908034	101.8125	8.3625	109.1	66.0875	-87.82908897473574	287	48	162	11	249	148	57	7	65	40	0	0	3.822956085205078	23040	1034.246131181717	21109	8.381076388888886	
-1825203.3128810874	100.0	8.4875	111.8	67.65	-87.82908897473574	288	48	131	12	193	115	69	7	65	40	0	0	3.9981119632720947	23120	1038.244243144989	21183	8.37802768166091	
-1025234.7922072193	99.8625	8.45	109.8	66.4875	-87.82908897473574	289	48	128	12	193	115	72	7	73	45	0	0	3.6874778270721436	23200	1041.9317209720612	21254	8.387931034482747	
-1925191.6654568955	100.0	8.45	110.1	66.675	-87.82908897473574	290	48	132	11	177	106	68	7	65	40	0	0	3.7003660202026367	23280	1045.6320869922638	21326	8.393470790378004	
-1762768.420724158	100.45	8.4375	109.9	66.55	-87.82876541915637	291	48	116	11	177	106	84	6	57	35	0	0	3.736682176589966	23360	1049.3687691688538	21398	8.398972602739732	
-1787709.9113389351	100.3	8.45	111.1	67.2375	-87.82876541915637	292	48	162	13	265	157	50	7	65	40	0	0	3.9121649265289307	23440	1053.2809340953827	21472	8.395904436860064	
-1475282.0181485896	98.975	8.5625	112.3	67.9375	-87.82876541915637	293	48	150	16	281	166	50	6	57	35	0	0	3.7327940464019775	23520	1057.0137281417847	21542	8.409863945578238	
-1187706.6878349115	97.85	8.225	103.7	62.9125	-87.82876541915637	294	48	126	11	177	106	59	7	65	40	0	0	3.652691125869751	23600	1060.6664192676544	21614	8.415254237288138	
-1437748.6971079032	100.0	8.2	103.3	62.6875	-87.82876541915637	295	48	133	11	177	106	67	7	65	40	0	0	3.6132848262786865	23680	1064.279704093933	21686	8.420608108108112	
-2425265.5857560867	99.175	8.1625	103.7	62.9375	-87.82876541915637	296	48	121	13	241	143	67	7	65	40	0	0	3.812479019165039	23760	1068.0921831130981	21762	8.409090909090907	
-1762758.2795931115	99.7625	8.325	107.5	65.15	-87.82876541915637	297	48	136	15	265	157	67	7	65	40	0	0	3.6689860820770264	23840	1071.7611691951752	21834	8.414429530201346	
-1300286.090746974	100.0875	8.49367088607595	111.07594936708861	67.24050632911393	-87.82876541915637	298	49	166	11.0	201.0	120.0	45	7.0	65.0	40.0	0	0	3.772909164428711	23920	1075.5340783596039	21907	8.415551839464882	
-2025244.2023684955	100.15	8.1875	103.3	62.6875	-87.82876541915637	299	49	148	12	201	120	52	6	57	35	0	0	3.722519636154175	24000	1079.256597995758	21982	8.408333333333331	
-2075263.6002665707	99.9125	8.2375	105.3	63.85	-87.82876541915637	300	49	134	14	249	148	66	6	57	35	0	0	3.7712562084198	24080	1083.0278542041779	22056	8.405315614617933	
-1400376.9709947412	101.2	8.475	112.3	67.95	-87.82876541915637	301	49	161	13	217	129	39	6	57	35	0	0	3.9459891319274902	24160	1086.9738433361053	22130	8.402317880794712	
-1275290.1234746554	102.1375	8.329113924050633	109.45569620253164	66.32911392405063	-87.82876541915637	302	50	159	11.0	177.0	106.0	41	7.0	65.0	40.0	0	0	3.6827456951141357	24240	1090.6565890312195	22202	8.407590759075916	
-1787742.0966704413	102.35	8.3	108.7	65.8375	-87.82876541915637	303	50	141	12	273	162	59	7	65	40	0	0	3.9420759677886963	24320	1094.5986649990082	22277	8.40049342105263	
-1500331.5886698372	101.775	8.25	105.0	63.675	-87.82876541915637	304	50	170	11	201	120	44	6	57	35	0	0	3.8233399391174316	24400	1098.4220049381256	22351	8.39754098360656	
-1525376.6412237806	100.7	8.275	105.3	63.8625	-87.82876541915637	305	50	136	12	201	120	76	7	65	40	0	0	3.835045099258423	24480	1102.257050037384	22425	8.394607843137265	
-1762677.7971436507	100.5	8.3125	107.1	64.925	-87.82876541915637	306	50	144	12	201	120	56	7	65	40	0	0	3.7223639488220215	24560	1105.979413986206	22498	8.395765472312704	
-1675291.2144005608	100.575	8.3	106.7	64.6625	-87.82876541915637	307	50	128	13	225	134	74	6	57	35	0	0	3.8183181285858154	24640	1109.7977321147919	22572	8.392857142857153	
-1712754.5476334963	100.2375	8.325	106.2	64.375	-87.82876541915637	308	50	142	18	329	194	47	7	65	40	0	0	3.8260769844055176	24720	1113.6238090991974	22646	8.389967637540451	
-1825271.32531302	101.675	8.4125	113.0	68.375	-87.82876541915637	309	50	142	12	241	143	85	7	65	40	0	0	3.883120059967041	24800	1117.5069291591644	22719	8.391129032258064	
-1287861.4349042983	100.2875	8.425	108.1	65.4625	-87.82876541915637	310	50	122	11	201	120	84	7	65	40	0	0	3.896780014038086	24880	1121.4037091732025	22793	8.388263665594849	
-1312779.5273221429	100.2875	8.35	109.7	66.425	-87.82876541915637	311	50	122	14	297	176	79	7	65	40	0	0	3.8789799213409424	24960	1125.2826890945435	22866	8.38942307692308	
-1837796.5314073942	101.65	8.3625	107.5	65.1375	-87.82876541915637	312	50	133	14	241	143	67	7	65	40	0	0	3.855264902114868	25040	1129.1379539966583	22941	8.382587859424916	
-1950245.816109303	100.0	8.175	101.5	61.6	-87.82876541915637	313	50	129	11	177	106	71	7	65	40	0	0	3.7213571071624756	25120	1132.8593111038208	23014	8.383757961783445	
-1300296.779073039	99.15	8.2875	104.8	63.55	-87.82876541915637	314	50	122	11	177	106	71	7	65	40	0	0	3.6789870262145996	25200	1136.5382981300354	23086	8.388888888888886	
-2150247.1369992415	98.625	8.30379746835443	108.13924050632912	65.53164556962025	-87.82876541915637	315	51	153	13.0	249.0	148.0	47	7.0	65.0	40.0	0	0	3.823646068572998	25280	1140.3619441986084	23160	8.386075949367083	
-1812745.2080822554	98.5875	8.2125	104.4	63.325	-87.82876541915637	316	51	125	12	193	115	41	7	65	40	0	0	3.8496828079223633	25360	1144.2116270065308	23236	8.375394321766564	
-1975267.1041083627	100.0	8.225	106.4	64.525	-87.82876541915637	317	51	150	12	225	134	50	7	65	40	0	0	3.605422019958496	25440	1147.8170490264893	23307	8.384433962264154	
-1512741.8385319791	99.9625	8.2375	105.4	63.9375	-87.82876541915637	318	51	133	11	177	106	67	7	65	40	0	0	3.7487220764160156	25520	1151.5657711029053	23381	8.381661442006276	
-1300273.724442558	99.7	8.375	109.8	66.4875	-87.82876541915637	319	51	118	13	369	218	75	6	57	35	0	0	4.010344982147217	25600	1155.5761160850525	23456	8.375	
-2087776.03966843	100.875	8.3	107.2	64.975	-87.82876541915637	320	51	150	11	201	120	50	6	57	35	0	0	3.743131160736084	25680	1159.3192472457886	23528	8.38006230529595	
-1300223.2056417502	101.5	8.2	102.8	62.4	-87.82876541915637	321	51	134	13	225	134	72	7	73	45	0	0	3.561750888824463	25760	1162.880998134613	23598	8.392857142857153	
-1825227.5635789782	99.625	8.4	108.4	65.6625	-87.82876541915637	322	51	133	12	201	120	67	7	65	40	0	0	3.848688840866089	25840	1166.7296869754791	23672	8.390092879256954	
-1550261.1645061001	99.625	8.1875	103.9	63.0375	-87.82876541915637	323	51	140	10	177	106	60	7	65	40	0	0	3.769392251968384	25920	1170.4990792274475	23746	8.387345679012341	
-1475259.84283526	100.0	8.3	106.1	64.325	-87.82876541915637	324	51	114	12	201	120	86	7	65	40	0	0	3.816293954849243	26000	1174.3153731822968	23818	8.392307692307682	
-1162769.4893118213	99.9625	8.3625	108.5	65.725	-87.82876541915637	325	51	130	11	201	120	70	7	65	40	0	0	3.5925209522247314	26080	1177.9078941345215	23887	8.408742331288337	
-1312811.253024882	99.9875	8.3	108.0	65.45	-87.82876541915637	326	51	134	13	249	148	66	7	65	40	0	0	3.7859489917755127	26160	1181.693843126297	23961	8.405963302752298	
-1537792.1123638616	99.9875	8.2625	104.1	63.1375	-87.82876541915637	327	51	126	18	369	218	74	7	73	45	0	0	3.5825750827789307	26240	1185.276418209076	24031	8.418445121951223	
-1250293.674442144	100.0	8.3625	107.8	65.325	-87.82876541915637	328	51	140	13	217	129	60	7	65	40	0	0	3.6097190380096436	26320	1188.8861372470856	24101	8.430851063829792	
-1525169.1177100902	100.275	8.3125	105.4	63.9125	-87.8284113049643	329	51	189	11	177	106	33	7	65	40	0	0	3.705490827560425	26400	1192.591628074646	24174	8.431818181818187	
-1700274.1037619668	101.1125	8.3875	108.7	65.8625	-87.8284113049643	330	51	189	13	225	134	71	6	57	35	0	0	3.717664957046509	26480	1196.3092930316925	24245	8.44033232628398	
-1387751.2878218791	100.55	8.475	109.6	66.375	-87.8284113049643	331	51	189	13	225	134	49	7	65	40	0	0	3.6195452213287354	26560	1199.9288382530212	24315	8.452560240963862	
-1937709.054056453	100.0	8.50632911392405	110.0632911392405	66.62025316455696	-87.8284113049643	332	52	141	13.0	217.0	129.0	59	7.0	65.0	40.0	0	0	3.7137720584869385	26640	1203.6426103115082	24385	8.464714714714717	
-987732.8138654375	103.1875	8.1875	105.9	64.225	-87.8284113049643	333	52	141	11	273	162	77	7	65	40	0	0	3.4116358757019043	26720	1207.05424618721	24451	8.491766467065858	
-1262701.0270599474	100.0	8.2875	106.4	64.5	-87.8284113049643	334	52	146	11	225	134	54	7	65	40	0	0	3.7728641033172607	26800	1210.8271102905273	24524	8.492537313432834	
-1475274.4079790362	100.0	8.1375	101.8	61.825	-87.8284113049643	335	52	127	11	177	106	73	7	65	40	0	0	3.626760959625244	26880	1214.4538712501526	24596	8.49702380952381	
-1187800.0412155676	100.3375	8.1375	101.9	61.85	-87.8284113049643	336	52	125	11	201	120	76	6	57	35	0	0	3.7131588459014893	26960	1218.167030096054	24669	8.497774480712167	
-1675254.0882462475	100.125	8.475	111.6	67.5375	-87.8284113049643	337	52	130	14	249	148	70	7	65	40	0	0	4.03144383430481	27040	1222.198473930359	24744	8.491124260355036	
-1287800.7271441957	99.225	8.481012658227849	112.29113924050633	67.9620253164557	-87.8284113049643	338	53	135	11.0	201.0	120.0	65	7.0	65.0	40.0	0	0	3.8047423362731934	27120	1226.003216266632	24817	8.491887905604727	
-1625313.0455054324	99.95	8.325	106.8	64.725	-87.8284113049643	339	53	127	12	217	129	73	7	65	40	0	0	3.772446870803833	27200	1229.775663137436	24890	8.492647058823536	
-1725190.4339446002	99.5125	8.35	108.2	65.55	-87.8284113049643	340	53	137	14	249	148	72	7	65	40	0	0	3.8234670162200928	27280	1233.599130153656	24964	8.489736070381227	
-1550311.0119379512	100.125	8.25	105.1	63.7375	-87.8284113049643	341	53	122	15	321	190	78	7	65	40	0	0	3.675978899002075	27360	1237.275109052658	25035	8.497807017543863	
-1387794.034080215	100.025	8.125	100.8	61.225	-87.8284113049643	342	53	136	11	177	106	64	7	65	40	0	0	3.661252975463867	27440	1240.936362028122	25108	8.498542274052483	
-2025214.5665192418	100.0	8.4625	111.1	67.2125	-87.8284113049643	343	53	133	14	385	227	67	7	65	40	0	0	4.229419946670532	27520	1245.1657819747925	25184	8.488372093023258	
-1725343.3346614882	100.0	8.175	102.2	62.0375	-87.8284113049643	344	53	137	12	201	120	63	7	65	40	0	0	3.817063331604004	27600	1248.9828453063965	25260	8.478260869565219	
-2012747.0519816275	99.45	8.2625	103.6	62.85	-87.8284113049643	345	53	142	12	201	120	51	7	65	40	0	0	3.9300107955932617	27680	1252.9128561019897	25335	8.471820809248555	
-1525197.8886682398	100.0	8.3875	107.8	65.3	-87.8284113049643	346	53	135	11	177	106	65	7	65	40	0	0	3.9082510471343994	27760	1256.8211071491241	25410	8.46541786743515	
-1125249.8460387941	100.025	8.075	99.1	60.225	-87.8284113049643	347	53	138	11	169	101	62	7	65	40	0	0	3.755396842956543	27840	1260.5765039920807	25485	8.459051724137936	
-1787775.5024101213	100.2125	8.2	101.7	61.725	-87.8284113049643	348	53	150	11	177	106	67	7	65	40	0	0	3.6638600826263428	27920	1264.240364074707	25557	8.463467048710598	
-1162746.6712669032	100.0	8.175	103.4	62.7375	-87.8284113049643	349	53	123	11	177	106	77	6	57	35	0	0	3.617495059967041	28000	1267.857859134674	25628	8.471428571428575	
-1975257.5455063866	100.3	8.25	104.1	63.15	-87.8284113049643	350	53	125	12	225	134	75	7	65	40	0	0	3.8686959743499756	28080	1271.726555109024	25704	8.461538461538467	
-1887735.7783957056	100.0	8.5625	113.1	68.4125	-87.8284113049643	351	53	133	14	241	143	67	7	65	40	0	0	3.921743869781494	28160	1275.6482989788055	25778	8.458806818181813	
-1975308.8563395522	99.55	8.4125	109.0	65.9875	-87.8284113049643	352	53	146	13	217	129	54	7	65	40	0	0	3.8833982944488525	28240	1279.5316972732544	25851	8.459631728045323	
-1375321.4567620575	99.925	8.25	105.6	64.025	-87.8284113049643	353	53	129	15	321	190	71	6	57	35	0	0	3.7992026805877686	28320	1283.3308999538422	25924	8.460451977401135	
-1487733.0042672202	100.325	8.4125	108.8	65.9125	-87.8284113049643	354	53	162	15	273	162	45	7	65	40	0	0	3.8817081451416016	28400	1287.2126080989838	26000	8.450704225352112	
-2325313.737088453	100.2375	8.3375	105.6	64.0125	-87.8284113049643	355	53	139	11	177	106	61	6	57	35	0	0	3.7678170204162598	28480	1290.9804251194	26073	8.451544943820224	
-1262739.9909894983	99.2125	8.2625	104.5	63.3875	-87.8284113049643	356	53	131	13	249	148	61	7	65	40	0	0	3.602437973022461	28560	1294.5828630924225	26144	8.459383753501399	
-1300298.6998654776	100.225	8.15	100.7	61.15	-87.8284113049643	357	53	120	11	177	106	80	7	65	40	0	0	3.7082979679107666	28640	1298.2911610603333	26216	8.463687150837984	
-1362751.527803131	99.825	8.1375	101.3	61.5125	-87.8284113049643	358	53	129	11	201	120	71	7	65	40	0	0	3.744162082672119	28720	1302.0353231430054	26290	8.46100278551532	
-1362747.9335323912	99.9625	8.175	103.2	62.625	-87.8284113049643	359	53	138	11	177	106	72	7	65	40	0	0	3.567192792892456	28800	1305.6025159358978	26360	8.472222222222229	
-1237746.4090750632	100.0	8.3375	106.5	64.55	-87.74758605055766	360	53	127	12	201	120	73	7	65	40	0	0	3.7214651107788086	28880	1309.3239810466766	26432	8.476454293628805	
-1400230.2481274635	100.0	8.3	107.5	65.1625	-87.74758605055766	361	53	130	11	177	106	70	7	65	40	0	0	3.7445991039276123	28960	1313.0685801506042	26505	8.47720994475138	
-1537751.7435114463	100.0	8.2375	103.2	62.6125	-87.74758605055766	362	53	137	12	193	115	63	7	65	40	0	0	3.6912131309509277	29040	1316.7597932815552	26577	8.481404958677686	
-1362684.0159572524	100.175	8.1875	102.7	62.3375	-87.74758605055766	363	53	133	11	201	120	67	7	65	40	0	0	3.7781307697296143	29120	1320.5379240512848	26652	8.47527472527473	
-1825254.1444959808	100.0	8.375	109.9	66.55	-87.74758605055766	364	53	138	11	249	148	62	7	65	40	0	0	3.8832199573516846	29200	1324.4211440086365	26726	8.472602739726028	
-1387728.5908255582	100.0	8.3125	106.4	64.5125	-87.74758605055766	365	53	126	12	201	120	74	7	73	45	0	0	3.7800261974334717	29280	1328.20117020607	26800	8.469945355191257	
-1975274.4637759842	100.0	8.1875	102.4	62.1375	-87.74758605055766	366	53	142	13	217	129	58	7	65	40	0	0	3.7593657970428467	29360	1331.9605360031128	26873	8.470708446866482	
-2000275.3928299765	100.2625	8.15	102.9	62.4625	-87.74758605055766	367	53	149	13	241	143	62	7	65	40	0	0	3.7590160369873047	29440	1335.7195520401	26947	8.468070652173907	
-1587855.6133875444	100.125	8.275	105.1	63.7375	-87.74758605055766	368	53	134	15	297	176	66	7	65	40	0	0	3.725250005722046	29520	1339.4448020458221	27020	8.468834688346888	
-1750311.991460511	101.55	8.2	104.7	63.525	-87.74758605055766	369	53	149	14	249	148	51	7	65	40	0	0	3.8799631595611572	29600	1343.3247652053833	27095	8.462837837837839	
-1662733.8713072971	99.65	7.9625	95.5	58.1	-87.68413761692761	370	53	147	11	169	101	53	7	65	40	0	0	3.7404088973999023	29680	1347.0651741027832	27170	8.456873315363879	
-1887768.0556739315	101.225	8.3125	106.1	64.325	-87.68413761692761	371	53	147	14	233	138	57	7	65	40	0	0	3.7433981895446777	29760	1350.8085722923279	27241	8.464381720430097	
-1562735.6305557422	100.1375	8.1625	103.2	62.65	-87.68413761692761	372	53	132	11	201	120	68	7	65	40	0	0	3.815541982650757	29840	1354.6241142749786	27314	8.465147453083105	
-1625298.4885183559	100.0125	8.2625	106.7	64.675	-87.68413761692761	373	53	140	13	249	148	58	6	57	35	0	0	3.8494248390197754	29920	1358.4735391139984	27388	8.462566844919778	
-1475350.0892973854	100.0	8.2125	105.1	63.7375	-87.68413761692761	374	53	141	12	225	134	59	7	65	40	0	0	3.742380142211914	30000	1362.2159192562103	27461	8.463333333333338	
-1725178.4162239977	101.6875	8.125	102.6	62.2875	-87.68413761692761	375	53	136	11	193	115	79	7	65	40	0	0	3.499300718307495	30080	1365.7152199745178	27530	8.477393617021278	
-1362780.9336050092	101.6875	8.3625	106.9	64.7875	-87.68413761692761	376	53	150	13	209	124	65	7	81	50	0	0	3.809986114501953	30160	1369.5252060890198	27603	8.478116710875327	
-1375267.7525868255	101.8	8.341772151898734	108.74683544303798	65.88607594936708	-87.68413761692761	377	54	178	11.0	177.0	106.0	22	7.0	65.0	40.0	0	0	3.701174020767212	30240	1373.226380109787	27674	8.485449735449734	
-1687761.3411437473	100.1	8.417721518987342	109.45569620253164	66.26582278481013	-87.68413761692761	378	55	188	13.0	249.0	148.0	12	7.0	65.0	40.0	0	0	3.9857540130615234	30320	1377.2121341228485	27749	8.479551451187334	
-1275246.9607674475	101.325	8.1875	105.0	63.6875	-87.68413761692761	379	55	131	12	201	120	69	7	65	40	0	0	3.82920503616333	30400	1381.0413391590118	27824	8.473684210526315	
-1325276.245642655	100.0	8.2125	103.9	63.05	-87.68413761692761	380	55	136	11	177	106	64	7	65	40	0	0	3.830090045928955	30480	1384.8714292049408	27900	8.464566929133852	
-1750305.0891878076	100.0	8.45	109.9	66.5375	-87.68413761692761	381	55	143	12	225	134	57	7	65	40	0	0	3.917573928833008	30560	1388.7890031337738	27975	8.458769633507856	
-1250311.2205356986	101.925	8.525	112.9	68.3	-87.59263835554606	382	55	143	18	345	204	85	6	57	35	0	0	3.862562894821167	30640	1392.651566028595	28047	8.462793733681465	
-2037778.1575829717	100.0	8.227848101265822	105.81012658227849	64.15189873417721	-87.59263835554606	383	56	156	11.0	225.0	134.0	44	7.0	65.0	40.0	0	0	3.7537989616394043	30720	1396.4053649902344	28120	8.463541666666657	
-1187802.4814576101	99.725	8.4375	111.9	67.7375	-87.59263835554606	384	56	126	15	297	176	74	7	65	40	0	0	4.007004261016846	30800	1400.4123692512512	28196	8.454545454545453	
-1325237.231283205	99.375	8.3375	110.2	66.7375	-87.59263835554606	385	56	148	11	249	148	57	7	73	45	0	0	3.845897912979126	30880	1404.2582671642303	28268	8.458549222797927	
-1575312.872719276	99.5875	8.3625	109.6	66.375	-87.59263835554606	386	56	150	13	217	129	50	7	65	40	0	0	3.836127996444702	30960	1408.094395160675	28341	8.45930232558139	
-1225293.5979971655	99.3125	8.2375	103.9	63.0375	-87.59263835554606	387	56	131	11	201	120	69	7	65	40	0	0	3.8029379844665527	31040	1411.8973331451416	28415	8.456829896907209	
-1375333.859773113	99.725	8.2625	105.0	63.675	-87.59263835554606	388	56	115	11	177	106	85	7	65	40	0	0	3.8717939853668213	31120	1415.7691271305084	28490	8.451156812339335	
-1062767.1579626612	100.0	8.4125	109.8	66.5125	-87.59263835554606	389	56	128	13	225	134	72	7	73	45	0	0	3.7313737869262695	31200	1419.5005009174347	28562	8.455128205128204	
-1225225.250809167	100.1	8.4125	110.2	66.725	-87.59263835554606	390	56	139	12	225	134	61	6	57	35	0	0	3.779102325439453	31280	1423.2796032428741	28634	8.459079283887476	
-1200343.4377898164	100.0	8.15	101.2	61.4625	-87.59263835554606	391	56	148	11	177	106	52	7	65	40	0	0	3.7444980144500732	31360	1427.0241012573242	28708	8.45663265306122	
-912833.2283833331	100.0	8.2	104.9	63.6125	-87.59263835554606	392	56	127	11	225	134	73	6	57	35	0	0	3.6774840354919434	31440	1430.7015852928162	28779	8.463740458015266	
-1762788.6410364653	99.8375	8.1625	101.8	61.7875	-87.59263835554606	393	56	131	14	273	162	69	7	65	40	0	0	3.6444437503814697	31520	1434.3460290431976	28851	8.467639593908629	
-1262802.8072090535	100.0	8.3	108.0	65.4375	-87.59263835554606	394	56	152	12	201	120	48	7	65	40	0	0	3.7286012172698975	31600	1438.0746302604675	28923	8.471518987341781	
-1550299.091548724	100.2125	8.175	103.2	62.625	-87.59263835554606	395	56	138	11	177	106	62	6	57	35	0	0	3.755276918411255	31680	1441.8299071788788	28997	8.469065656565661	
-2125241.5291960672	99.8	8.35	105.6	63.9875	-87.59263835554606	396	56	140	11	177	106	60	7	65	40	0	0	3.7976410388946533	31760	1445.6275482177734	29069	8.472921914357684	
-962720.3682635694	100.1375	8.45	110.8	67.1	-87.59263835554606	397	56	147	15	273	162	53	7	65	40	0	0	3.698817014694214	31840	1449.3263652324677	29141	8.47675879396985	
-1700234.3403486002	100.0	8.3125	108.6	65.7875	-87.59263835554606	398	56	143	11	177	106	57	6	57	35	0	0	3.9411699771881104	31920	1453.2675352096558	29215	8.474310776942346	
-1937696.5796456642	100.2375	8.25	106.8	64.775	-87.59263835554606	399	56	137	15	321	190	63	7	65	40	0	0	3.7712960243225098	32000	1457.0388312339783	29286	8.481249999999989	
-1650288.9498004555	100.3375	8.45	110.2	66.7	-87.59263835554606	400	56	140	13	217	129	56	7	65	40	0	0	3.967880964279175	32080	1461.0067121982574	29360	8.478802992518709	
-1812842.973945375	100.9125	8.175	101.7	61.75	-87.59263835554606	401	56	142	12	193	115	58	7	65	40	0	0	3.4920780658721924	32160	1464.4987902641296	29427	8.498134328358205	
-1012768.8120034294	100.2875	8.25	104.0	63.1	-87.59263835554606	402	56	150	13	225	134	50	7	65	40	0	0	3.863311767578125	32240	1468.3621020317078	29502	8.49255583126552	
-1337799.1770433728	100.6	8.3	107.3	65.0125	-87.59263835554606	403	56	142	12	313	185	58	7	65	40	0	0	3.9311001300811768	32320	1472.293202161789	29575	8.493193069306926	
-1750279.825909489	99.775	8.2	103.9	63.0375	-87.59263835554606	404	56	142	15	273	162	58	7	65	40	0	0	3.729764938354492	32400	1476.0229671001434	29648	8.493827160493822	
-1387784.6605825932	100.0625	8.25	105.0	63.6875	-87.59263835554606	405	56	142	14	249	148	63	7	65	40	0	0	3.7045738697052	32480	1479.7275409698486	29720	8.497536945812811	
-1512812.2756065212	100.0	8.1	101.7	61.7375	-87.5925159942174	406	56	142	11	193	115	58	7	65	40	0	0	3.8140690326690674	32560	1483.5416100025177	29794	8.495085995085986	
-1375338.6865909384	100.125	8.25	104.7	63.5	-87.5925159942174	407	56	137	11	177	106	63	6	57	35	0	0	3.81734299659729	32640	1487.358952999115	29868	8.492647058823536	
-1800262.517834325	99.9875	8.1875	104.1	63.15	-87.5925159942174	408	56	140	13	249	148	60	6	57	35	0	0	3.788706064224243	32720	1491.1476590633392	29942	8.490220048899758	
-1275277.6037062984	100.0	8.625	116.8	70.5875	-87.5925159942174	409	56	133	15	385	227	67	7	65	40	0	0	4.135746955871582	32800	1495.2834060192108	30017	8.484756097560975	
-1962819.6798010797	98.9375	8.2875	106.7	64.6625	-87.5925159942174	410	56	138	11	177	106	53	6	57	35	0	0	4.003296136856079	32880	1499.286702156067	30092	8.479318734793182	
-2175272.077557004	100.6125	8.425	108.0	65.4125	-87.5925159942174	411	56	131	14	241	143	69	7	65	40	0	0	3.850541114807129	32960	1503.137243270874	30165	8.479975728155338	
-1650300.5744979659	101.4375	8.3	108.0	65.45	-87.5925159942174	412	56	177	11	201	120	46	7	65	40	0	0	3.7713730335235596	33040	1506.9086163043976	30236	8.486682808716708	
-1062793.3146870476	100.5875	8.35	108.8	65.9	-87.5925159942174	413	56	156	12	217	129	44	6	57	35	0	0	3.8527486324310303	33120	1510.7613649368286	30309	8.487318840579704	
-2012800.2788615979	100.375	8.425	109.0	66.0	-87.5925159942174	414	56	146	15	265	157	54	7	65	40	0	0	3.929246425628662	33200	1514.6906113624573	30382	8.48795180722891	
-1437827.5729575432	101.675	8.375	108.5	65.7375	-87.5925159942174	415	56	146	15	265	157	65	7	65	40	0	0	3.9153926372528076	33280	1518.60600399971	30457	8.482572115384613	
-1600289.4944937616	101.5625	8.5125	113.2	68.4625	-87.5925159942174	416	56	146	15	265	157	65	6	57	35	0	0	4.026869058609009	33360	1522.632873058319	30530	8.483213429256594	
-1512705.0560424805	98.6875	8.151898734177216	102.46835443037975	62.21518987341772	-87.5925159942174	417	57	148	12.0	201.0	120.0	17	7.0	65.0	40.0	0	0	3.53932523727417	33440	1526.1721982955933	30599	8.495813397129183	
-1600210.685393394	100.0	8.0875	102.3	62.1375	-87.5925159942174	418	57	141	11	225	134	59	7	65	40	0	0	3.681797742843628	33520	1529.853996038437	30672	8.496420047732698	
-1112773.6258589935	100.0125	8.15	103.2	62.6375	-87.5925159942174	419	57	148	11	201	120	52	7	65	40	0	0	3.7944393157958984	33600	1533.6484353542328	30745	8.49702380952381	
-1500265.3361404599	100.4125	8.375	108.3	65.625	-87.5925159942174	420	57	128	13	225	134	72	7	65	40	0	0	3.88763165473938	33680	1537.5360670089722	30818	8.497624703087894	
-2025356.6884274737	100.0	8.2	103.4	62.725	-87.58925053613272	421	57	137	12	193	115	63	6	57	35	0	0	3.9249541759490967	33760	1541.4610211849213	30894	8.489336492890999	
-1487853.6769128665	100.925	8.575	113.9	68.9	-87.58925053613272	422	57	137	15	321	190	75	7	65	40	0	0	3.9021708965301514	33840	1545.3631920814514	30967	8.489952718676122	
-1862795.3702481887	100.375	8.0375	100.8	61.2375	-87.58925053613272	423	57	133	10	177	106	83	7	65	40	0	0	3.567142963409424	33920	1548.9303350448608	31038	8.496462264150935	
-2312802.2970311493	101.025	8.275	105.9	64.2	-87.58925053613272	424	57	151	12	193	115	56	6	57	35	0	0	3.957111120223999	34000	1552.8874461650848	31114	8.488235294117658	
-2287794.072032527	100.7	8.0375	99.6	60.475	-87.58925053613272	425	57	155	11	177	106	52	6	57	35	0	0	3.76713490486145	34080	1556.6545810699463	31187	8.488849765258209	
-2050249.998732385	100.7	8.2125	105.2	63.8	-87.58925053613272	426	57	126	11	177	106	74	6	57	35	0	0	3.8443241119384766	34160	1560.4989051818848	31261	8.486533957845438	
-1375293.781924407	101.1125	8.1625	103.4	62.75	-87.58925053613272	427	57	141	11	249	148	59	7	65	40	0	0	3.8014049530029297	34240	1564.3003101348877	31336	8.481308411214954	
-1750308.9708270177	99.6	8.15	103.2	62.625	-87.58925053613272	428	57	115	12	225	134	83	7	65	40	0	0	3.6867868900299072	34320	1567.9870970249176	31408	8.484848484848484	
-912737.9876025465	100.1	8.1375	102.7	62.3375	-87.58925053613272	429	57	111	11	177	106	89	6	57	35	0	0	3.784994125366211	34400	1571.7720911502838	31482	8.482558139534873	
-1462805.8730064116	100.0	8.2875	106.7	64.6875	-87.58925053613272	430	57	124	12	201	120	76	7	65	40	0	0	3.8217978477478027	34480	1575.5938889980316	31556	8.480278422273784	
-1525229.0603819634	99.85	8.175	102.3	62.0875	-87.58925053613272	431	57	141	12	225	134	59	6	57	35	0	0	3.719492197036743	34560	1579.3133811950684	31628	8.483796296296305	
-1300318.8261817256	99.925	8.405063291139241	108.54430379746836	65.74683544303798	-87.58925053613272	432	58	127	15.0	265.0	157.0	73	7.0	65.0	40.0	0	0	3.8609228134155273	34640	1583.174304008484	31700	8.48729792147806	
-1162820.2549486614	100.2	8.1625	104.5	63.4	-87.58925053613272	433	58	132	11	217	129	68	6	57	35	0	0	3.7598671913146973	34720	1586.9341711997986	31771	8.49366359447005	
-1462791.7452941777	100.0	8.2375	103.5	62.7875	-87.58925053613272	434	58	118	11	177	106	82	7	65	40	0	0	4.0044639110565186	34800	1590.938635110855	31846	8.488505747126439	
-1550227.055041224	100.4125	8.2375	103.4	62.725	-87.58925053613272	435	58	129	14	241	143	71	7	65	40	0	0	3.7899281978607178	34880	1594.7285633087158	31919	8.489105504587158	
-1625301.3220831044	100.0	8.3875	108.7	65.8125	-87.58925053613272	436	58	129	17	313	185	71	7	65	40	0	0	4.06252384185791	34960	1598.7910871505737	31995	8.481121281464539	
-1212760.430888996	100.4625	8.3875	109.9	66.5375	-87.58925053613272	437	58	136	12	241	143	76	6	57	35	0	0	3.9716908931732178	35040	1602.762778043747	32069	8.478881278538807	
-1300275.7435895049	99.9125	8.075949367088608	100.84810126582279	61.265822784810126	-87.58925053613272	438	59	118	11.0	225.0	134.0	79	7.0	65.0	40.0	0	0	3.6360790729522705	35120	1606.3988571166992	32141	8.482346241457861	
-1250298.269106972	100.025	8.063291139240507	99.12658227848101	60.24050632911393	-87.58925053613272	439	60	119	12.0	201.0	120.0	81	6.0	57.0	35.0	0	0	3.6594960689544678	35200	1610.0583531856537	32214	8.482954545454547	
-2112816.724824608	99.95	8.4375	108.5	65.6875	-87.58919477308396	440	60	139	14	265	157	61	6	57	35	0	0	4.106679916381836	35280	1614.1650331020355	32289	8.477891156462576	
-1212790.7336862334	100.3375	8.175	102.5	62.2125	-87.58919477308396	441	60	139	11	177	106	76	7	65	40	0	0	3.7690420150756836	35360	1617.9340751171112	32362	8.478506787330318	
-1550259.211549697	100.0	8.275	105.7	64.0875	-87.58919477308396	442	60	142	11	225	134	58	7	65	40	0	0	3.859199047088623	35440	1621.7932741641998	32436	8.47629796839729	
-1387831.9372786246	99.25	8.2875	105.4	63.875	-87.58919477308396	443	60	153	11	177	106	47	6	57	35	0	0	3.93294095993042	35520	1625.7262151241302	32510	8.474099099099092	
-1387806.1253405237	99.725	8.375	109.4	66.2625	-87.58919477308396	444	60	129	12	201	120	71	7	65	40	0	0	3.8456130027770996	35600	1629.5718281269073	32583	8.474719101123597	
-1650291.8730708272	100.6125	8.1875	104.3	63.275	-87.58919477308396	445	60	132	12	193	115	68	6	57	35	0	0	3.5798838138580322	35680	1633.1517119407654	32652	8.486547085201792	
-1250304.4951558537	100.0	8.2875	107.1	64.9125	-87.58919477308396	446	60	140	12	217	129	60	7	65	40	0	0	3.8714871406555176	35760	1637.023199081421	32726	8.484340044742737	
-1537740.6771599308	100.0	8.4	108.4	65.675	-87.58919477308396	447	60	140	14	249	148	60	7	65	40	0	0	3.8385729789733887	35840	1640.8617720603943	32801	8.47935267857143	
-1425307.444136136	99.5625	8.3875	108.8	65.9	-87.58919477308396	448	60	128	13	225	134	69	7	65	40	0	0	3.9745771884918213	35920	1644.836349248886	32877	8.471603563474389	
-1075341.15291854	99.775	8.4875	111.3	67.3625	-87.58919477308396	449	60	154	13	225	134	43	7	65	40	0	0	3.874271869659424	36000	1648.7106211185455	32949	8.474999999999994	
-1262819.4743127807	101.15	8.2125	104.8	63.5625	-87.58919477308396	450	60	163	12	225	134	32	6	57	35	0	0	3.677006959915161	36080	1652.3876280784607	33020	8.481152993348118	
-1500259.175785206	101.2125	8.4	109.3	66.1875	-87.58919477308396	451	60	151	14	233	138	45	7	65	40	0	0	3.949208974838257	36160	1656.336837053299	33094	8.478982300884951	
-1387786.730457016	100.0	8.4125	110.5	66.9	-87.58919477308396	452	60	117	13	321	190	83	7	73	45	0	0	3.9838101863861084	36240	1660.320647239685	33169	8.474061810154524	
-1337766.5471999708	100.0	8.4625	110.2	66.7125	-87.58919477308396	453	60	113	13	249	148	87	7	65	40	0	0	3.8830208778381348	36320	1664.2036681175232	33242	8.474669603524234	
-1875243.1856425274	100.0	8.325	106.5	64.55	-87.58919477308396	454	60	166	11	177	106	34	7	65	40	0	0	4.020334959030151	36400	1668.2240030765533	33318	8.467032967032978	
-1287739.0370244745	99.825	8.225	104.2	63.1875	-87.58919477308396	455	60	131	12	201	120	69	6	57	35	0	0	3.8306620121002197	36480	1672.0546650886536	33391	8.467653508771932	
-1437742.5538257784	100.0	8.225	104.2	63.225	-87.58919477308396	456	60	126	12	225	134	74	7	65	40	0	0	4.063618898391724	36560	1676.1182839870453	33464	8.46827133479212	
-1425293.774652489	99.8375	8.5375	114.6	69.2875	-87.58919477308396	457	60	157	18	489	288	46	7	65	40	0	0	4.608353137969971	36640	1680.7266371250153	33537	8.468886462882097	
-1312758.7149739903	100.5875	8.4875	112.5	68.075	-87.58919477308396	458	60	157	18	417	246	54	7	65	40	0	0	4.037081003189087	36720	1684.7637181282043	33611	8.466775599128539	
-1287795.050394288	100.0	8.3625	106.6	64.625	-87.58919477308396	459	60	121	11	177	106	79	7	81	50	0	0	3.7914891242980957	36800	1688.5552072525024	33684	8.467391304347828	
-1462699.7711294584	100.65	8.45	110.4	66.825	-87.58919477308396	460	60	126	14	369	218	78	7	65	40	0	0	4.010181903839111	36880	1692.5653891563416	33758	8.46529284164859	
-837705.5404681807	100.125	8.325	106.8	64.75	-87.58919477308396	461	60	124	14	241	143	76	7	65	40	0	0	3.7091360092163086	36960	1696.2745251655579	33830	8.468614718614717	
-1625367.1832718547	100.125	8.25	103.9	63.0375	-87.58919477308396	462	60	131	13	217	129	69	7	65	40	0	0	3.7182118892669678	37040	1699.9927370548248	33902	8.471922246220302	
-1900324.8048918606	100.075	8.1625	103.0	62.5125	-87.58919477308396	463	60	146	11	177	106	54	7	65	40	0	0	3.7234349250793457	37120	1703.7161719799042	33974	8.47521551724138	
-1325257.4416209483	100.8375	8.3125	106.9	64.8	-87.58919477308396	464	60	138	12	225	134	65	7	65	40	0	0	3.9656901359558105	37200	1707.68186211586	34049	8.47043010752688	
-825313.5315969791	99.675	8.225	104.0	63.1125	-87.58919477308396	465	60	135	11	177	106	65	7	65	40	0	0	3.736219882965088	37280	1711.418081998825	34122	8.471030042918457	
-1362809.0958327902	100.0	8.4625	111.0	67.2	-87.58919477308396	466	60	148	14	241	143	52	7	65	40	0	0	4.140344142913818	37360	1715.558426141739	34197	8.466274089935752	
-1162837.2154696046	100.825	8.4375	110.9	67.15	-87.58919477308396	467	60	124	13	249	148	76	7	65	40	0	0	3.856517791748047	37440	1719.414943933487	34268	8.472222222222229	
-1362832.0308490247	100.7625	8.1875	106.8	64.75	-87.58919477308396	468	60	155	11	273	162	57	6	57	35	0	0	3.8785881996154785	37520	1723.2935321331024	34342	8.470149253731336	
-1512689.6021650867	101.5	8.25	104.9	63.625	-87.58919477308396	469	60	140	13	273	162	73	7	65	40	0	0	3.9175620079040527	37600	1727.2110941410065	34417	8.465425531914889	
-1225281.841282979	100.0	8.075	100.2	60.8875	-87.58919477308396	470	60	141	14	241	143	59	7	65	40	0	0	3.748502016067505	37680	1730.959596157074	34491	8.46337579617834	
-1112724.4402337596	99.9375	8.375	108.8	65.925	-87.58919477308396	471	60	119	11	177	106	81	7	65	40	0	0	3.842988967895508	37760	1734.8025851249695	34564	8.46398305084746	
-1337778.872162684	100.175	8.225	104.3	63.2625	-87.58919477308396	472	60	143	12	201	120	57	7	65	40	0	0	3.801224946975708	37840	1738.6038100719452	34636	8.467230443974628	
-1725295.2072651354	100.0	8.3375	106.6	64.6125	-87.58919477308396	473	60	126	11	177	106	74	6	57	35	0	0	3.8145740032196045	37920	1742.4183840751648	34709	8.467827004219401	
-1912758.707045916	100.2875	8.2	103.9	63.025	-87.58919477308396	474	60	145	14	273	162	55	6	57	35	0	0	3.834728956222534	38000	1746.2531130313873	34783	8.465789473684211	
-1162885.351594349	100.0	8.275	106.5	64.5625	-87.58919477308396	475	60	124	11	201	120	76	7	65	40	0	0	3.9054322242736816	38080	1750.158545255661	34858	8.461134453781511	
-750300.665797572	100.0	8.5	110.8	67.0625	-87.58919477308396	476	60	140	15	273	162	60	7	65	40	0	0	3.8113248348236084	38160	1753.9698700904846	34929	8.466981132075475	
-925262.4323695401	100.0	8.375	109.0	66.025	-87.58919477308396	477	60	136	13	273	162	64	7	65	40	0	0	3.9421870708465576	38240	1757.9120571613312	35004	8.46234309623432	
-712928.1868813287	100.0	8.2125	103.6	62.8625	-87.58919477308396	478	60	133	18	345	204	67	6	57	35	0	0	3.873453140258789	38320	1761.78551030159	35079	8.457724425887264	
-1050234.6934430078	100.1375	8.278481012658228	106.11392405063292	64.34177215189874	-87.58919477308396	479	61	183	12.0	193.0	115.0	17	7.0	65.0	40.0	0	0	3.820206642150879	38400	1765.6057169437408	35152	8.458333333333329	
-1475181.8795762123	99.85	8.325	107.8	65.3375	-87.58919477308396	480	61	132	11	201	120	68	7	65	40	0	0	3.900696039199829	38480	1769.5064129829407	35227	8.453742203742195	
-1362729.3028293482	98.325	8.3125	110.6	66.9875	-87.58919477308396	481	61	145	13	393	232	44	7	65	40	0	0	4.057838201522827	38560	1773.5642511844635	35301	8.451763485477187	
-1112794.045462442	100.425	8.075	100.2	60.8875	-87.58919477308396	482	61	134	11	177	106	90	7	73	45	0	0	3.4762251377105713	38640	1777.040476322174	35370	8.462732919254663	
-1350223.8612087048	100.0	8.0	98.4	59.8125	-87.58919477308396	483	61	139	11	177	106	61	6	57	35	0	0	3.737637758255005	38720	1780.778114080429	35444	8.460743801652896	
-1012785.4718390495	100.0	8.1875	104.2	63.2125	-87.58919477308396	484	61	137	11	225	134	63	7	65	40	0	0	3.773192882537842	38800	1784.551306962967	35517	8.461340206185568	
-1612760.2293660548	100.25	8.325	106.0	64.2375	-87.58919477308396	485	61	150	14	233	138	50	7	65	40	0	0	4.02324914932251	38880	1788.5745561122894	35592	8.456790123456798	
-1200234.1611044505	98.9125	8.384615384615385	109.92307692307692	66.56410256410257	-87.58919477308396	486	63	136	12.0	225.0	134.0	44	7.0	65.0	40.0	0	0	3.91721510887146	38960	1792.491771221161	35666	8.454825462012323	
-1812801.5644554242	96.55	8.443037974683545	111.9873417721519	67.77215189873418	-87.58919477308396	487	64	146	11.0	225.0	134.0	21	7.0	65.0	40.0	0	0	3.975287914276123	39040	1796.467059135437	35740	8.45286885245902	
-2212691.248048044	100.7125	8.189873417721518	103.78481012658227	62.9873417721519	-87.58919477308396	488	65	141	12.0	225.0	134.0	59	7.0	65.0	40.0	0	0	3.6783699989318848	39120	1800.145429134369	35812	8.4560327198364	
-2237695.708805342	101.8875	8.0875	100.4	60.975	-87.58919477308396	489	65	141	11	177	106	66	6	57	35	0	0	3.6219050884246826	39200	1803.7673342227936	35883	8.46173469387756	
-1362859.5807542421	100.0	8.175	103.2	62.6375	-87.58919477308396	490	65	133	12	193	115	67	7	65	40	0	0	3.751351833343506	39280	1807.518686056137	35957	8.459775967413435	
-1862758.4076306038	100.0375	8.175	103.6	62.8625	-87.58919477308396	491	65	135	11	177	106	65	7	65	40	0	0	3.783989191055298	39360	1811.3026752471924	36031	8.457825203252028	
-1762764.1939020015	99.8125	8.075	101.0	61.3625	-87.58919477308396	492	65	131	12	201	120	69	7	65	40	0	0	3.7552409172058105	39440	1815.0579161643982	36106	8.453346855983767	
-1612793.0220288709	100.0	8.125	100.2	60.8625	-87.58919477308396	493	65	114	11	177	106	86	7	65	40	0	0	3.6913270950317383	39520	1818.74924325943	36179	8.453947368421055	
-1212829.0804248496	100.0	8.175	102.3	62.1	-87.58919477308396	494	65	135	13	225	134	65	7	65	40	0	0	3.639321804046631	39600	1822.3885650634766	36250	8.459595959595958	
-787764.7687497557	100.15	8.5125	110.4	66.8125	-87.58919477308396	495	65	148	14	233	138	58	7	65	40	0	0	4.019611120223999	39680	1826.4081761837006	36322	8.462701612903217	
-1350292.9619685884	101.025	8.3125	107.7	65.275	-87.58919477308396	496	65	141	11	225	134	59	7	73	45	0	0	3.815690040588379	39760	1830.223866224289	36394	8.465794768611673	
-1612766.1600992803	100.0	8.25	106.5	64.5625	-87.58919477308396	497	65	155	13	225	134	45	7	65	40	0	0	3.8337290287017822	39840	1834.0575952529907	36467	8.466365461847388	
-1412772.0439455651	104.6625	8.275	107.3	65.0625	-87.58919477308396	498	65	155	11	201	120	75	7	65	40	0	0	3.86091685295105	39920	1837.9185121059418	36541	8.464428857715433	
-2050245.813916937	103.3125	8.275	106.2	64.4	-87.58919477308396	499	65	163	14	241	143	69	7	65	40	0	0	3.8147659301757812	40000	1841.7332780361176	36614	8.465000000000003	
-1662807.1813589185	101.55	8.354430379746836	111.58227848101266	67.53164556962025	-87.58919477308396	500	66	181	14.0	241.0	143.0	62	6.0	57.0	35.0	0	0	3.8518199920654297	40080	1845.585098028183	36685	8.470558882235522	
-1587754.1128830363	101.125	8.075	104.0	63.125	-87.58919477308396	501	66	146	14	297	176	54	6	57	35	0	0	3.8605871200561523	40160	1849.4456851482391	36760	8.46613545816733	
-750398.3796267987	100.5875	8.4625	112.0	67.775	-87.58919477308396	502	66	144	14	241	143	56	6	57	35	0	0	4.000456094741821	40240	1853.446141242981	36834	8.464214711729625	
-1212776.3074104327	100.35	8.4	110.9	67.1375	-87.58919477308396	503	66	129	11	201	120	71	6	57	35	0	0	3.947998046875	40320	1857.394139289856	36907	8.464781746031747	
-1187759.4173158042	100.35	8.2375	104.4	63.3	-87.58919477308396	504	66	129	12	225	134	71	7	65	40	0	0	3.7855186462402344	40400	1861.1796579360962	36979	8.46782178217822	
-1975267.073424456	99.925	8.325	107.0	64.825	-87.58919477308396	505	66	140	14	241	143	60	6	57	35	0	0	3.867185354232788	40480	1865.046843290329	37051	8.470849802371532	
-1175271.7002547998	102.125	8.225	103.1	62.5625	-87.58919477308396	506	66	140	11	177	106	72	7	65	40	0	0	3.6223838329315186	40560	1868.6692271232605	37121	8.47879684418146	
-1262719.2771244766	100.425	8.3375	106.4	64.5	-87.58919477308396	507	66	126	13	217	129	79	7	65	40	0	0	3.8585851192474365	40640	1872.527812242508	37195	8.476870078740163	
-1862789.8874744303	100.0	8.3875	108.9	65.95	-87.58919477308396	508	66	134	13	273	162	66	7	65	40	0	0	3.7911946773529053	40720	1876.3190069198608	37266	8.482318271119837	
-1500281.4076955596	100.225	8.341772151898734	107.63291139240506	65.22784810126582	-87.58919477308396	509	67	123	13.0	273.0	162.0	73	7.0	65.0	40.0	0	0	3.9346091747283936	40800	1880.2536160945892	37340	8.480392156862749	
-1712780.2401624457	100.1125	8.0875	100.7	61.1375	-87.58919477308396	510	67	137	13	313	185	63	6	57	35	0	0	3.7099149227142334	40880	1883.9635310173035	37411	8.485812133072415	
-1512788.1687258948	100.375	8.3125	109.1	66.1	-87.58919477308396	511	67	141	11	225	134	59	7	65	40	0	0	3.8061270713806152	40960	1887.769658088684	37483	8.48876953125	
-1675388.0074275765	99.4125	8.325	107.3	65.025	-87.58919477308396	512	67	145	11	201	120	59	6	57	35	0	0	3.885564088821411	41040	1891.6552221775055	37556	8.489278752436647	
-1600256.6241676253	98.8375	8.2	105.2	63.8125	-87.58919477308396	513	67	133	11	201	120	67	7	65	40	0	0	3.804582118988037	41120	1895.4598042964935	37629	8.489785992217904	
-1312710.6030178939	98.0	8.164556962025317	104.89873417721519	63.620253164556964	-87.58919477308396	514	68	150	13.0	265.0	157.0	26	7.0	65.0	40.0	0	0	3.901467800140381	41200	1899.361272096634	37700	8.495145631067956	
-1137770.123108349	100.05	8.2125	103.5	62.8	-87.58919477308396	515	68	119	13	217	129	76	7	65	40	0	0	3.8837618827819824	41280	1903.245033979416	37775	8.490794573643413	
-1250269.2480192087	100.0	8.325	107.9	65.3875	-87.58919477308396	516	68	110	11	177	106	90	7	65	40	0	0	3.9401280879974365	41360	1907.1851620674133	37850	8.486460348162467	
-1537836.5470530582	100.0	8.2125	103.4	62.725	-87.58919477308396	517	68	140	11	177	106	60	6	57	35	0	0	3.846248149871826	41440	1911.0314102172852	37924	8.484555984555982	
-1512859.8214229185	99.85	8.225	102.9	62.425	-87.58919477308396	518	68	142	11	177	106	58	7	65	40	0	0	3.6980578899383545	41520	1914.7294681072235	37995	8.48988439306359	
-1275261.6653348499	99.7875	8.275	108.4	65.6875	-87.58919477308396	519	68	146	12	249	148	54	6	57	35	0	0	3.737874984741211	41600	1918.4673430919647	38066	8.495192307692307	
-1925273.1944376728	100.0	8.1625	102.4	62.15	-87.58919477308396	520	68	132	11	193	115	68	7	65	40	0	0	3.841991901397705	41680	1922.3093349933624	38139	8.49568138195778	
-962740.6537091732	99.875	8.430379746835444	111.17721518987342	67.31645569620254	-87.58919477308396	521	69	170	12.0	201.0	120.0	11	7.0	65.0	40.0	0	0	3.843318223953247	41760	1926.1526532173157	38212	8.496168582375475	
-1500223.4892725488	101.4375	8.3125	107.4	65.0875	-87.58919477308396	522	69	152	12	201	120	54	6	57	35	0	0	3.820697069168091	41840	1929.9733502864838	38285	8.496653919694069	
-1712691.2787733	100.4125	8.3375	106.9	64.7875	-87.58919477308396	523	69	133	13	209	124	75	7	73	45	0	0	3.9624576568603516	41920	1933.9358079433441	38357	8.499522900763353	
-1462718.549584264	100.25	8.2125	104.1	63.1625	-87.58919477308396	524	69	120	11	177	106	92	7	65	40	0	0	3.77994704246521	42000	1937.7157549858093	38430	8.5	
-1425289.5124699464	100.0	8.0625	100.5	61.0875	-87.58919477308396	525	69	120	11	177	106	80	7	73	45	0	0	3.527771234512329	42080	1941.2435262203217	38500	8.50760456273764	
-1412706.4574513324	100.0	8.0625	100.1	60.8125	-87.58919477308396	526	69	122	12	225	134	78	7	65	40	0	0	3.7861549854278564	42160	1945.0296812057495	38574	8.505692599620502	
-1225273.9149665437	100.0	8.225	104.5	63.4	-87.58919477308396	527	69	137	11	177	106	63	7	65	40	0	0	3.9213850498199463	42240	1948.9510662555695	38649	8.501420454545453	
-1762784.8900110065	99.6375	8.3625	106.6	64.6	-87.58919477308396	528	69	125	14	241	143	58	7	65	40	0	0	3.88771390914917	42320	1952.8387801647186	38721	8.50425330812854	
-1275263.4729199945	100.0	8.240506329113924	103.68354430379746	62.89873417721519	-87.58919477308396	529	70	130	16.0	281.0	166.0	70	6.0	57.0	35.0	0	0	3.785691022872925	42400	1956.6244711875916	38793	8.507075471698116	
-1462742.9265311002	100.075	8.15	103.0	62.525	-87.58919477308396	530	70	129	11	201	120	71	7	65	40	0	0	3.7447669506073	42480	1960.3692381381989	38866	8.507532956685509	
-1975296.1862375468	100.1125	8.25	105.4	63.925	-87.58919477308396	531	70	138	12	201	120	62	7	65	40	0	0	3.6658148765563965	42560	1964.0350530147552	38937	8.512687969924812	
-1750289.4286999144	100.3125	8.05	100.3	60.9375	-87.58919477308396	532	70	131	11	177	106	65	6	57	35	0	0	3.761221170425415	42640	1967.7962741851807	39011	8.51078799249531	
-1475299.4003247235	100.25	8.375	108.8	65.9	-87.58919477308396	533	70	143	12	201	120	57	6	57	35	0	0	3.950324058532715	42720	1971.7465982437134	39086	8.506554307116104	
-1900248.9051039715	98.8	8.2625	106.0	64.2625	-87.58919477308396	534	70	134	12	225	134	42	7	65	40	0	0	3.872238874435425	42800	1975.6188371181488	39160	8.504672897196258	
-987770.7580628287	100.0	8.225	105.0	63.7	-87.58919477308396	535	70	125	11	177	106	75	7	65	40	0	0	3.739914894104004	42880	1979.3587520122528	39233	8.505130597014926	
-1350312.0935331106	100.0	8.175	102.4	62.15	-87.58919477308396	536	70	150	12	193	115	50	6	57	35	0	0	3.825878143310547	42960	1983.1846301555634	39307	8.503258845437614	
-1050275.0358512527	99.9875	8.1875	104.5	63.3875	-87.58919477308396	537	70	126	11	177	106	74	6	57	35	0	0	3.74341082572937	43040	1986.9280409812927	39378	8.508364312267659	
-1450269.2012535417	99.8375	8.175	102.8	62.3875	-87.58919477308396	538	70	127	11	177	106	73	7	65	40	0	0	3.9333181381225586	43120	1990.8613591194153	39454	8.501855287569569	
-1587798.8454920587	100.05	8.2	104.1	63.175	-87.58919477308396	539	70	120	13	225	134	80	7	65	40	0	0	3.8567681312561035	43200	1994.7181272506714	39529	8.49768518518519	
-1375278.9724217767	99.7625	8.3375	106.3	64.425	-87.58919477308396	540	70	132	16	289	171	68	7	65	40	0	0	3.7156028747558594	43280	1998.4337301254272	39599	8.5050831792976	
-1237821.2514640193	100.0	8.3	105.7	64.0875	-87.58919477308396	541	70	133	14	273	162	67	6	57	35	0	0	3.809983968734741	43360	2002.243714094162	39671	8.507841328413278	
-1225399.3958804968	100.25	8.1625	101.3	61.5125	-87.58919477308396	542	70	133	13	225	134	72	7	65	40	0	0	3.7055349349975586	43440	2005.9492490291595	39743	8.510589318600367	
-1475341.251998217	99.875	8.35	108.9	65.9875	-87.58919477308396	543	70	134	15	265	157	66	7	65	40	0	0	3.8366971015930176	43520	2009.7859461307526	39815	8.513327205882348	
-1025347.0141043592	100.85	8.2625	105.1	63.7375	-87.58919477308396	544	70	135	11	177	106	65	7	65	40	0	0	3.849302053451538	43600	2013.635248184204	39888	8.513761467889907	
-1200250.3586398559	98.65	8.556962025316455	113.9113924050633	68.9113924050633	-87.58919477308396	545	71	135	11.0	201.0	120.0	53	7.0	65.0	40.0	0	0	3.7950148582458496	43680	2017.43026304245	39959	8.51877289377289	
-1212711.4204660077	100.1375	8.325	105.8	64.15	-87.58919477308396	546	71	129	15	265	157	71	7	65	40	0	0	3.7411389350891113	43760	2021.171401977539	40031	8.521480804387565	
-737914.8458836986	100.675	8.2875	105.6	64.025	-87.58919477308396	547	71	161	14	233	138	51	6	57	35	0	0	3.9116222858428955	43840	2025.083024263382	40106	8.517335766423358	
-1100202.842275471	99.275	8.1375	103.3	62.7	-87.58919477308396	548	71	112	11	177	106	71	6	57	35	0	0	3.7439568042755127	43920	2028.8269810676575	40179	8.517759562841533	
-1200343.8711619694	100.0	8.3	104.9	63.5875	-87.58919477308396	549	71	134	13	217	129	66	6	57	35	0	0	3.848351001739502	44000	2032.675332069397	40252	8.518181818181816	
-1425273.0800471487	100.0	8.275	104.9	63.5875	-87.58919477308396	550	71	139	13	217	129	61	6	57	35	0	0	3.6630568504333496	44080	2036.3383889198303	40321	8.527676950998185	
-1487761.1809851937	100.625	8.3875	111.0	67.1625	-87.58919477308396	551	71	137	14	385	227	63	7	65	40	0	0	4.227536201477051	44160	2040.5659251213074	40393	8.530344202898561	
-1575234.4041546918	100.0	8.3125	108.0	65.425	-87.58919477308396	552	71	138	14	385	227	62	7	65	40	0	0	3.8763651847839355	44240	2044.4422903060913	40463	8.537522603978303	
-1675268.4923902696	100.475	8.1125	100.9	61.2875	-87.58919477308396	553	71	138	12	201	120	68	7	65	40	0	0	3.6314868927001953	44320	2048.0737771987915	40534	8.542418772563181	
-1462769.4922431712	100.475	8.125	101.5	61.625	-87.58919477308396	554	71	138	12	249	148	64	6	57	35	0	0	3.8620548248291016	44400	2051.9358320236206	40609	8.538288288288285	
-1250307.0421655858	100.0	8.3875	110.7	67.0	-87.58919477308396	555	71	124	12	273	162	76	7	65	40	0	0	4.032991170883179	44480	2055.968823194504	40683	8.53642086330936	
-1837776.3668761712	100.3625	8.265822784810126	105.81012658227849	64.16455696202532	-87.58919477308396	556	72	177	11.0	177.0	106.0	23	7.0	65.0	40.0	0	0	3.755457878112793	44560	2059.7242810726166	40755	8.539048473967682	
-1625305.6382967716	100.325	8.3375	109.1	66.1	-87.58919477308396	557	72	143	11	225	134	57	7	65	40	0	0	3.9153990745544434	44640	2063.639680147171	40830	8.534946236559136	
-1300282.0975012109	100.0	8.225	103.2	62.6125	-87.58919477308396	558	72	132	11	177	106	68	7	65	40	0	0	3.7961859703063965	44720	2067.4358661174774	40903	8.53533094812164	
-1825238.5273318477	100.0	8.4125	109.3	66.2	-87.58919477308396	559	72	123	11	177	106	77	7	65	40	0	0	3.9267311096191406	44800	2071.3625972270966	40977	8.533482142857139	
-1437780.129864784	100.0	8.2375	106.3	64.45	-87.58919477308396	560	72	140	11	193	115	60	7	65	40	0	0	3.963357925415039	44880	2075.3259551525116	41052	8.529411764705884	
-1162787.504701001	100.3	8.4125	110.7	67.05	-87.58919477308396	561	72	135	14	241	143	65	7	65	40	0	0	4.002237796783447	44960	2079.328192949295	41124	8.532028469750884	
-1437836.6714166577	100.0	8.4125	108.7	65.8125	-87.58919477308396	562	72	132	13	217	129	68	6	57	35	0	0	3.9581151008605957	45040	2083.2863080501556	41197	8.53241563055063	
-1700313.1442365688	100.0375	8.354430379746836	109.15189873417721	66.13924050632912	-87.58919477308396	563	73	180	14.0	249.0	148.0	20	7.0	65.0	40.0	0	0	3.7702291011810303	45120	2087.0565371513367	41269	8.535017730496449	
-1612798.4348613154	99.7625	8.2625	106.7	64.6625	-87.58919477308396	564	73	167	15	273	162	33	6	57	35	0	0	3.8782498836517334	45200	2090.9347870349884	41343	8.533185840707972	
-1187788.4053973553	101.125	8.4125	109.7	66.45	-87.58919477308396	565	73	138	14	249	148	53	7	65	40	0	0	4.045552968978882	45280	2094.9803400039673	41419	8.526943462897535	
-1487763.1736879621	98.7125	8.3875	112.7	68.2	-87.58919477308396	566	73	132	12	273	162	66	7	65	40	0	0	4.241645097732544	45360	2099.2219851017	41494	8.522927689594368	
-1737747.980972621	100.35	8.4875	114.7	69.3625	-87.58919477308396	567	73	133	13	273	162	67	7	65	40	0	0	4.042960166931152	45440	2103.264945268631	41566	8.52552816901408	
-1525236.400000202	100.0875	8.3125	106.8	64.725	-87.58919477308396	568	73	133	11	177	106	81	7	65	40	0	0	3.747623920440674	45520	2107.0125691890717	41637	8.53031634446397	
-1225253.0755784747	99.0	8.4	108.9	65.9625	-87.58919477308396	569	73	125	13	217	129	75	7	65	40	0	0	3.617861747741699	45600	2110.6304309368134	41705	8.541666666666671	
-1062825.654745663	98.975	8.5	111.6	67.5625	-87.58919477308396	570	73	130	12	225	134	75	7	65	40	0	0	3.9617862701416016	45680	2114.592217206955	41780	8.537653239929938	
-2000364.1260784953	100.5375	8.325	107.7	65.2875	-87.58919477308396	571	73	159	14	241	143	53	7	65	40	0	0	3.8005149364471436	45760	2118.392732143402	41853	8.53802447552448	
-1112795.157092916	100.0625	8.5375	115.3	69.7375	-87.58919477308396	572	73	137	18	345	204	53	7	65	40	0	0	3.9878311157226562	45840	2122.3805632591248	41927	8.536212914485162	
-1575294.7825188693	100.4	8.15	104.2	63.2125	-87.58919477308396	573	73	141	13	249	148	59	6	57	35	0	0	3.7593698501586914	45920	2126.1399331092834	41999	8.538763066202094	
-1925173.7386402828	100.1	8.25	104.6	63.4375	-87.58919477308396	574	73	143	11	177	106	62	7	65	40	0	0	3.4829440116882324	46000	2129.6228771209717	42065	8.554347826086968	
-1725206.9622303837	100.1625	8.3125	107.2	64.975	-87.58919477308396	575	73	156	14	241	143	44	7	65	40	0	0	3.78222393989563	46080	2133.4051010608673	42136	8.559027777777771	
-1250253.665773264	100.0	8.2125	105.0	63.6875	-87.58919477308396	576	73	125	12	249	148	75	7	65	40	0	0	3.8102169036865234	46160	2137.215317964554	42209	8.559358752166375	
-887821.5514338128	100.3875	8.1875	103.0	62.5375	-87.58919477308396	577	73	131	13	217	129	69	7	65	40	0	0	3.658595085144043	46240	2140.873913049698	42281	8.561851211072664	
-1262729.1430327396	99.5	8.3125	106.3	64.45	-87.58919477308396	578	73	137	17	313	185	55	7	65	40	0	0	3.497014045715332	46320	2144.370927095413	42348	8.575129533678762	
-1600228.1241041673	99.15	8.275	105.1	63.725	-87.58919477308396	579	73	151	13	217	129	49	6	57	35	0	0	3.7419610023498535	46400	2148.112888097763	42418	8.581896551724128	
-1250242.348981652	100.0	8.45	111.5	67.475	-87.58919477308396	580	73	125	16	313	185	75	7	65	40	0	0	4.019262075424194	46480	2152.1321501731873	42492	8.580034423407923	
-1850244.6042930789	100.1625	8.1625	103.0	62.5	-87.58919477308396	581	73	187	11	177	106	26	6	57	35	0	0	3.630059003829956	46560	2155.762209177017	42562	8.586769759450178	
-1150233.947042793	100.0	8.375	108.7	65.85	-87.58919477308396	582	73	129	13	249	148	71	7	65	40	0	0	3.9360849857330322	46640	2159.6982941627502	42636	8.584905660377359	
-1212743.6249668375	100.0	8.4375	109.3	66.1875	-87.58919477308396	583	73	131	14	233	138	69	7	65	40	0	0	3.939746856689453	46720	2163.6380410194397	42709	8.58518835616438	
-1112727.460122741	100.45	8.425	111.8	67.65	-87.58919477308396	584	73	151	12	249	148	49	6	57	35	0	0	3.7748000621795654	46800	2167.4128410816193	42778	8.59401709401709	
-1537839.5735952284	100.0	8.25	104.9	63.6	-87.58919477308396	585	73	148	14	273	162	52	6	57	35	0	0	3.753303050994873	46880	2171.166144132614	42847	8.602815699658706	
-2050262.6235774837	99.85	8.375	108.1	65.4875	-87.58919477308396	586	73	146	14	241	143	54	7	65	40	0	0	4.018590927124023	46960	2175.184735059738	42922	8.598807495741056	
-1225249.7499784366	101.6	8.225	107.9	65.4	-87.58919477308396	587	73	174	14	385	227	21	7	65	40	0	0	3.7834558486938477	47040	2178.968190908432	42992	8.605442176870753	
-1325217.2421443556	100.775	8.291139240506329	104.69620253164557	63.50632911392405	-87.58919477308396	588	74	121	14.0	241.0	143.0	79	7.0	65.0	40.0	0	0	3.7289164066314697	47120	2182.6971073150635	43064	8.607809847198638	
-1500286.2619395102	100.15	8.4375	110.7	67.0125	-87.58919477308396	589	74	129	14	273	162	71	7	65	40	0	0	3.9626476764678955	47200	2186.6597549915314	43138	8.605932203389827	
-1450262.7009915062	99.6	8.2375	107.0	64.8625	-87.58919477308396	590	74	139	11	201	120	61	7	65	40	0	0	3.8916642665863037	47280	2190.5514192581177	43211	8.606175972927247	
-1287758.1777948951	100.325	8.2625	105.5	63.975	-87.58919477308396	591	74	164	11	201	120	58	7	65	40	0	0	3.761882781982422	47360	2194.3133020401	43282	8.610641891891888	
-1512801.1045975368	100.95	8.5	113.4	68.6	-87.58919477308396	592	74	140	15	321	190	60	7	65	40	0	0	4.037458181381226	47440	2198.3507602214813	43356	8.60876897133221	
-1512717.119010192	100.525	8.1625	101.3	61.5	-87.58919477308396	593	74	160	12	201	120	30	7	65	40	0	0	3.779604911804199	47520	2202.1303651332855	43428	8.611111111111114	
-850286.1433175262	99.9125	8.525	113.5	68.65	-87.58919477308396	594	74	138	15	297	176	62	7	65	40	0	0	3.857879877090454	47600	2205.988245010376	43499	8.615546218487395	
-1075397.7922068047	99.6375	8.4875	111.3	67.375	-87.58919477308396	595	74	126	15	265	157	54	7	65	40	0	0	3.895123243331909	47680	2209.883368253708	43572	8.615771812080538	
-1287798.7220347822	100.45	8.3375	108.7	65.8375	-87.58919477308396	596	74	153	12	241	143	53	7	65	40	0	0	3.810333013534546	47760	2213.6937012672424	43642	8.62227805695143	
-1275307.9141347758	102.3875	8.5625	116.9	70.6375	-87.58919477308396	597	74	159	12	345	204	65	7	65	40	0	0	4.139855861663818	47840	2217.8335571289062	43715	8.622491638795978	
-850322.9346840006	100.3375	8.525	115.5	69.825	-87.58919477308396	598	74	153	13	273	162	65	7	65	40	0	0	4.016748905181885	47920	2221.850306034088	43787	8.62479131886478	
-1612728.5520313818	100.2375	8.1875	103.4	62.725	-87.58919477308396	599	74	165	11	177	106	70	7	65	40	0	0	3.6258151531219482	48000	2225.47612118721	43856	8.63333333333334	
-1375266.9016888367	99.775	8.1625	102.8	62.3875	-87.58919477308396	600	74	120	12	201	120	80	7	65	40	0	0	3.8942878246307373	48080	2229.370409011841	43931	8.62936772046588	
-1900324.6234743013	99.825	8.2875	106.1	64.3125	-87.58919477308396	601	74	144	15	297	176	56	7	65	40	0	0	3.789128065109253	48160	2233.15953707695	44002	8.633720930232556	
-1587708.6894898682	100.725	8.3375	109.0	66.0125	-87.58919477308396	602	74	140	15	273	162	60	7	65	40	0	0	3.8749678134918213	48240	2237.034504890442	44074	8.635986733001658	
-1987789.68820922	99.8875	8.3	106.2	64.3625	-87.58919477308396	603	74	144	12	265	157	56	7	65	40	0	0	3.7680273056030273	48320	2240.802532196045	44144	8.64238410596026	
-1487763.8668539508	100.0	8.15	103.1	62.6	-87.58919477308396	604	74	127	11	193	115	73	7	65	40	0	0	3.6741139888763428	48400	2244.4766461849213	44216	8.64462809917356	
-1525366.5114810665	100.0	8.2625	106.4	64.5375	-87.58919477308396	605	74	131	12	249	148	69	7	65	40	0	0	3.575908899307251	48480	2248.0525550842285	44285	8.653052805280524	
-1137735.1553422543	100.325	8.225	105.3	63.8625	-87.58919477308396	606	74	144	15	273	162	56	7	65	40	0	0	3.7336440086364746	48560	2251.786199092865	44356	8.657331136738051	
-1150229.9126966435	100.0	8.3	106.6	64.625	-87.58919477308396	607	74	123	12	193	115	77	7	65	40	0	0	3.6796650886535645	48640	2255.4658641815186	44424	8.66776315789474	
-1062833.5409208895	100.0	8.25	105.3	63.85	-87.58919477308396	608	74	139	12	185	110	61	7	65	40	0	0	3.870345115661621	48720	2259.33620929718	44494	8.674055829228251	
-712811.6907686938	100.0	8.225	103.7	62.9125	-87.58919477308396	609	74	111	13	225	134	89	7	65	40	0	0	3.7488555908203125	48800	2263.0850648880005	44565	8.678278688524586	
-1625253.5970423524	100.0	8.2125	104.4	63.3375	-87.58919477308396	610	74	140	14	241	143	60	7	65	40	0	0	3.654703140258789	48880	2266.7397680282593	44635	8.684533551554836	
-1600239.6227402624	100.0	8.05	99.5	60.475	-87.58919477308396	611	74	114	11	177	106	86	7	65	40	0	0	3.688585042953491	48960	2270.4283530712128	44707	8.686683006535944	
-1675297.6560218981	100.05	8.2625	105.0	63.6875	-87.58919477308396	612	74	125	13	217	129	75	7	65	40	0	0	3.8733739852905273	49040	2274.3017270565033	44781	8.6847471451876	
-837776.8368205093	100.1	8.2375	107.7	65.2875	-87.58919477308396	613	74	140	11	201	120	60	7	65	40	0	0	3.7692739963531494	49120	2278.0710010528564	44853	8.686889250814332	
-2175321.4048429877	100.35	8.275	107.4	65.1	-87.58919477308396	614	74	137	13	225	134	63	6	57	35	0	0	3.879054069519043	49200	2281.9500551223755	44927	8.684959349593484	
-2125276.1457205736	100.95	8.65	115.9	70.05	-87.58919477308396	615	74	150	13	217	129	50	7	65	40	0	0	4.136019945144653	49280	2286.08607506752	45002	8.681006493506487	
-1537758.775687451	100.475	8.425	112.0	67.7875	-87.58919477308396	616	74	150	11	225	134	35	7	65	40	0	0	3.962818145751953	49360	2290.048893213272	45076	8.679092382495952	
-1687718.2901871726	103.9375	8.525	116.2	70.275	-87.58919477308396	617	74	153	17	369	218	49	7	65	40	0	0	3.9303579330444336	49440	2293.9792511463165	45149	8.679207119741108	
-1362792.6158793333	103.2375	8.3	108.2	65.575	-87.58919477308396	618	74	147	11	201	120	53	7	65	40	0	0	3.615186929702759	49520	2297.5944380760193	45218	8.687399030694664	
-1737731.0604387827	101.4625	8.2125	104.5	63.4	-87.58919477308396	619	74	149	15	265	157	53	7	65	40	0	0	3.7213001251220703	49600	2301.3157382011414	45290	8.689516129032256	
-1587710.5012983177	100.975	8.15	101.6	61.675	-87.58919477308396	620	74	167	11	201	120	33	7	65	40	0	0	3.8232219219207764	49680	2305.138960123062	45364	8.687600644122384	
-1187754.6969735655	100.0	8.0625	99.8	60.65	-87.58919477308396	621	74	123	11	177	106	77	7	65	40	0	0	3.6987431049346924	49760	2308.837703227997	45437	8.687700964630224	
-1212728.6250240114	100.8625	8.3	105.7	64.0875	-87.58919477308396	622	74	167	12	193	115	56	7	73	45	0	0	3.9007339477539062	49840	2312.7384371757507	45509	8.68980738362761	
-925327.4415542791	100.0	8.225	106.4	64.5	-87.5891429253818	623	74	133	11	225	134	67	7	65	40	0	0	4.0211169719696045	49920	2316.7595541477203	45584	8.685897435897445	
-2125250.900483252	100.0	8.215189873417721	103.27848101265823	62.65822784810127	-87.5891429253818	624	75	130	14.0	249.0	148.0	70	7.0	65.0	40.0	0	0	3.740355968475342	50000	2320.4999101161957	45655	8.689999999999998	
-1762740.492499675	100.175	8.2125	105.7	64.125	-87.5891429253818	625	75	139	11	201	120	61	7	65	40	0	0	3.637869119644165	50080	2324.13777923584	45726	8.694089456869008	
-1187801.0461630898	100.0	8.4625	109.3	66.175	-87.5891429253818	626	75	146	14	241	143	54	7	65	40	0	0	3.812227964401245	50160	2327.950007200241	45796	8.70015948963318	
-937833.5257776293	100.0	8.175	103.1	62.5625	-87.5891429253818	627	75	139	11	177	106	61	7	65	40	0	0	3.8532838821411133	50240	2331.803291082382	45870	8.69824840764332	
-1550225.560104604	99.625	8.645569620253164	119.37974683544304	72.0886075949367	-87.5891429253818	628	76	130	15.0	385.0	227.0	70	7.0	65.0	40.0	0	0	4.122071027755737	50320	2335.925362110138	45941	8.702305246422895	
-1387792.7000322093	99.775	8.4875	115.6	69.9	-87.5891429253818	629	76	138	13	289	171	62	7	65	40	0	0	3.9026999473571777	50400	2339.828062057495	46011	8.708333333333329	
-1712826.540056834	100.0	8.3375	107.8	65.3125	-87.5891429253818	630	76	134	14	273	162	66	7	65	40	0	0	3.9293501377105713	50480	2343.7574121952057	46085	8.706418383518226	
-2000315.5871600353	100.425	8.775	119.4	72.1	-87.5891429253818	631	76	134	14	289	171	67	7	65	40	0	0	4.194339036941528	50560	2347.951751232147	46160	8.702531645569621	
-1812798.0414299103	99.825	8.45	110.6	66.9625	-87.5891429253818	632	76	171	14	265	157	62	7	65	40	0	0	3.8787128925323486	50640	2351.8304641246796	46233	8.702606635071092	
-1625214.2104252533	100.7	8.1125	103.1	62.5875	-87.5891429253818	633	76	134	11	201	120	75	7	65	40	0	0	3.821898937225342	50720	2355.652363061905	46308	8.698738170347	
-1950286.5205585524	101.55	8.2125	103.2	62.6125	-87.5891429253818	634	76	134	12	193	115	79	7	65	40	0	0	3.8555850982666016	50800	2359.5079481601715	46382	8.696850393700785	
-1700287.9167329906	100.6125	8.265822784810126	104.39240506329114	63.30379746835443	-87.5891429253818	635	77	140	11.0	177.0	106.0	60	7.0	65.0	40.0	0	0	3.658221960067749	50880	2363.1661701202393	46452	8.702830188679243	
-1900247.2367652976	100.0	8.25	107.0	64.875	-87.5891429253818	636	77	148	12	265	157	52	7	65	40	0	0	3.774625062942505	50960	2366.9407951831818	46523	8.706828885400313	
-825277.2264794628	101.9	8.45	107.9	65.35	-87.5891429253818	637	77	148	12	201	120	82	7	65	40	0	0	4.085103750228882	51040	2371.0258989334106	46599	8.701018808777434	
-1637721.2384715865	102.025	8.5625	113.4	68.5875	-87.5891429253818	638	77	129	13	249	148	71	7	65	40	0	0	4.074037075042725	51120	2375.0999360084534	46673	8.699139280125195	
-1837774.307418013	102.9375	8.177215189873417	102.67088607594937	62.31645569620253	-87.5891429253818	639	78	174	12.0	249.0	148.0	50	6.0	57.0	35.0	0	0	3.8958871364593506	51200	2378.9958231449127	46747	8.697265625	
-1675306.8638040978	104.4875	8.525	114.0	68.9125	-87.5891429253818	640	78	162	18	329	194	59	7	65	40	0	0	4.244895935058594	51280	2383.2407190799713	46822	8.693447737909523	
-1725309.2743798264	105.275	8.6625	116.1	70.1625	-87.5891429253818	641	78	208	14	265	157	54	7	65	40	0	0	4.189054012298584	51360	2387.42977309227	46896	8.691588785046733	
-2087746.5673598251	101.85	8.354430379746836	108.44303797468355	65.69620253164557	-87.5891429253818	642	79	162	13.0	249.0	148.0	64	7.0	65.0	40.0	0	0	3.8289132118225098	51440	2391.2586863040924	46968	8.693623639191301	
-1075274.0809219722	101.475	8.2375	105.6	64.05	-87.5891429253818	643	79	162	11	177	106	76	7	65	40	0	0	3.8154749870300293	51520	2395.0741612911224	47041	8.693711180124225	
-962814.577733979	100.0	8.3875	108.9	65.9625	-87.5891429253818	644	79	127	14	241	143	73	7	65	40	0	0	3.877450942993164	51600	2398.9516122341156	47114	8.693798449612402	
-1950289.3170790882	100.0	8.325	105.5	63.9375	-87.5891429253818	645	79	140	12	193	115	60	6	57	35	0	0	3.99419903755188	51680	2402.9458112716675	47189	8.690015479876152	
-2000298.742304672	100.0	8.15	101.3	61.5125	-87.5891429253818	646	79	128	13	217	129	72	7	65	40	0	0	3.6591176986694336	51760	2406.604928970337	47260	8.69397217928902	
-1750251.2984777421	100.2625	8.1125	100.8	61.2125	-87.5891429253818	647	79	131	13	217	129	69	7	65	40	0	0	3.7007241249084473	51840	2410.3056530952454	47331	8.697916666666671	
-2287713.6666346123	99.7875	8.2875	106.1	64.3125	-87.5891429253818	648	79	127	13	217	129	73	7	65	40	0	0	3.8942320346832275	51920	2414.1998851299286	47404	8.697996918335903	
-1625255.3852645431	100.0	8.1375	101.3	61.4875	-87.5891429253818	649	79	137	11	177	106	63	6	57	35	0	0	3.854407787322998	52000	2418.0542929172516	47476	8.700000000000003	
-1475239.79025563	100.6375	8.225	103.8	62.975	-87.5891429253818	650	79	153	12	201	120	55	7	65	40	0	0	3.668034076690674	52080	2421.7223269939423	47547	8.703917050691246	
-1212709.220057495	100.0	8.3625	108.2	65.5625	-87.5891429253818	651	79	120	14	345	204	80	7	73	45	0	0	3.963966131210327	52160	2425.6862931251526	47621	8.702070552147234	
-1500287.893745682	101.475	8.3375	109.9	66.55	-87.5891429253818	652	79	134	13	297	176	74	7	65	40	0	0	4.1704511642456055	52240	2429.856744289398	47696	8.698315467075034	
-1412800.1446223625	100.0	8.3125	106.4	64.5	-87.5891429253818	653	79	126	11	201	120	74	7	65	40	0	0	3.9432058334350586	52320	2433.7999501228333	47770	8.696483180428132	
-1737771.8116376556	100.0	8.2	102.8	62.3625	-87.5891429253818	654	79	145	11	177	106	55	6	57	35	0	0	3.974658966064453	52400	2437.7746090888977	47844	8.694656488549626	
-1875269.0314048212	100.0	8.10126582278481	101.86075949367088	61.835443037974684	-87.5891429253818	655	80	139	12.0	225.0	134.0	61	6.0	57.0	35.0	0	0	3.7861359119415283	52480	2441.5607450008392	47913	8.70236280487805	
-1900282.1115937456	99.6125	8.275	105.6	64.025	-87.5891429253818	656	80	144	12	225	134	56	7	65	40	0	0	3.979681968688965	52560	2445.540426969528	47988	8.698630136986296	
-1225318.1927414634	100.0	8.4125	109.0	66.0125	-87.5891429253818	657	80	143	17	313	185	57	7	65	40	0	0	4.039056301116943	52640	2449.579483270645	48063	8.694908814589667	
-1812734.2994757653	100.1375	8.475	110.3	66.7625	-87.5891429253818	658	80	133	11	241	143	67	7	65	40	0	0	3.8833730220794678	52720	2453.4628562927246	48134	8.698786039453722	
-1437839.283302271	100.1375	8.3375	107.0	64.825	-87.5891429253818	659	80	140	15	289	171	60	7	65	40	0	0	3.8186278343200684	52800	2457.2814841270447	48205	8.702651515151516	
-1375235.1242464792	99.825	8.425	109.4	66.25	-87.5891429253818	660	80	115	11	177	106	85	7	73	45	0	0	4.05852198600769	52880	2461.3400061130524	48281	8.697049924357032	
-1437734.9101141233	100.0	8.4625	112.1	67.85	-87.5891429253818	661	80	143	12	185	110	57	7	65	40	0	0	3.86977219581604	52960	2465.2097783088684	48353	8.69901812688822	
-1675285.8589712307	103.1375	8.3125	106.5	64.5625	-87.5891429253818	662	80	142	17	417	246	69	7	65	40	0	0	3.8618178367614746	53040	2469.07159614563	48426	8.699095022624434	
-1500338.441983201	105.075	8.35	106.6	64.625	-87.5891429253818	663	80	142	12	201	120	63	7	65	40	0	0	3.881273031234741	53120	2472.9528691768646	48499	8.699171686746993	
-2000265.6898345104	106.3	8.2	104.8	63.5875	-87.5891429253818	664	80	154	10	177	106	66	7	65	40	0	0	3.783289909362793	53200	2476.7361590862274	48573	8.69736842105263	
-1412708.9966086145	107.75	8.1375	102.3	62.0875	-87.5891429253818	665	80	142	12	241	143	77	7	65	40	0	0	3.7818541526794434	53280	2480.518013238907	48645	8.699324324324323	
-1862834.371495152	103.15	8.2375	105.6	64.025	-87.5891429253818	666	80	142	11	177	106	67	6	57	35	0	0	3.921271800994873	53360	2484.4392850399017	48719	8.697526236881558	
-1775153.8260321177	100.975	8.10126582278481	100.84810126582279	61.24050632911393	-87.5891429253818	667	81	142	11.0	177.0	106.0	69	6.0	57.0	35.0	0	0	3.605051040649414	53440	2488.044336080551	48788	8.705089820359277	
-2087724.5021631545	100.0375	8.354430379746836	106.51898734177215	64.54430379746836	-87.5891429253818	668	82	165	13.0	217.0	129.0	36	7.0	65.0	40.0	0	0	3.8996529579162598	53520	2491.9439890384674	48861	8.705156950672645	
-1337745.7251865624	100.0	8.430379746835444	108.64556962025317	65.79746835443038	-87.5891429253818	669	83	150	11.0	225.0	134.0	50	7.0	65.0	40.0	0	0	3.940667152404785	53600	2495.884656190872	48934	8.705223880597018	
-2112742.3733159527	100.625	8.4	108.8	65.925	-87.5891429253818	670	83	150	15	265	157	74	7	73	45	0	0	3.9026119709014893	53680	2499.7872681617737	49007	8.705290611028317	
-1675271.623230896	100.3875	8.5125	110.9	67.1125	-87.5891429253818	671	83	126	15	265	157	79	6	57	35	0	0	3.851969003677368	53760	2503.639237165451	49078	8.70907738095238	
-1550379.6088317428	100.0	8.443037974683545	111.78481012658227	67.68354430379746	-87.5891429253818	672	84	143	13.0	217.0	129.0	57	6.0	57.0	35.0	0	0	3.8218791484832764	53840	2507.4611163139343	49150	8.710995542347703	
-1262753.716335535	99.7125	8.325	105.7	64.075	-87.5891429253818	673	84	122	13	217	129	78	7	65	40	0	0	3.936431646347046	53920	2511.3975479602814	49225	8.707344213649847	
-1912739.7261156768	100.1625	8.2625	104.7	63.5	-87.5891429253818	674	84	149	11	177	106	51	7	65	40	0	0	3.8272902965545654	54000	2515.224838256836	49298	8.707407407407402	
-2112706.167239127	100.0	8.3	103.4	62.7	-87.5891429253818	675	84	130	12	193	115	70	7	65	40	0	0	3.869936943054199	54080	2519.09477519989	49371	8.707470414201183	
-1387748.699402009	100.0	8.05	98.5	59.8625	-87.5891429253818	676	84	134	11	169	101	66	7	65	40	0	0	3.624485969543457	54160	2522.7192611694336	49440	8.714918759231907	
-2312748.6146789202	100.0	8.2375	103.8	62.9375	-87.5891429253818	677	84	135	12	193	115	65	6	57	35	0	0	4.060004949569702	54240	2526.7792661190033	49515	8.711283185840713	
-1937783.852192449	100.475	8.075	98.9	60.1	-87.5891429253818	678	84	128	11	169	101	76	7	65	40	0	0	3.638291835784912	54320	2530.417557954788	49586	8.715022091310757	
-2712758.077180372	99.8	8.35	107.4	65.0875	-87.5891429253818	679	84	145	13	217	129	55	7	65	40	0	0	3.8667521476745605	54400	2534.2843101024628	49659	8.715073529411768	
-1762862.225182013	99.2875	8.4	109.3	66.2125	-87.5891429253818	680	84	145	18	329	194	62	7	65	40	0	0	3.8446340560913086	54480	2538.128944158554	49731	8.716960352422916	
-1937781.1641425055	101.15	8.30379746835443	106.0126582278481	64.26582278481013	-87.5891429253818	681	85	185	15.0	257.0	152.0	15	6.0	57.0	35.0	0	0	3.7703659534454346	54560	2541.8993101119995	49802	8.720674486803517	
-1875288.981510143	100.0	8.4125	111.6	67.5375	-87.5891429253818	682	85	137	13	321	190	63	7	65	40	0	0	3.778618812561035	54640	2545.6779289245605	49871	8.728038067349928	
-1312756.890706212	100.45	8.4125	107.9	65.375	-87.5891429253818	683	85	123	15	273	162	77	7	65	40	0	0	3.7942872047424316	54720	2549.472216129303	49942	8.731725146198826	
-1537779.4123372126	100.1875	8.2375	104.4	63.3375	-87.5891429253818	684	85	137	15	273	162	63	7	65	40	0	0	3.667618989944458	54800	2553.1398351192474	50012	8.737226277372272	
-1650222.340624116	100.0	8.3875	109.8	66.4875	-87.5891429253818	685	85	144	14	241	143	56	6	57	35	0	0	4.051197052001953	54880	2557.1910321712494	50087	8.733600583090379	
-1200224.9327404033	100.0	8.1375	102.5	62.2125	-87.5891429253818	686	85	143	11	249	148	57	7	65	40	0	0	3.6944589614868164	54960	2560.885491132736	50157	8.739082969432303	
-1625253.8956123132	101.4125	8.2875	107.6	65.2	-87.5891429253818	687	85	148	13	225	134	57	7	65	40	0	0	3.8517160415649414	55040	2564.737207174301	50229	8.740915697674424	
-1125223.2135873325	100.675	8.4125	112.5	68.075	-87.5891429253818	688	85	118	11	225	134	85	7	65	40	0	0	3.853518009185791	55120	2568.590725183487	50300	8.744557329462992	
-1762798.8097837989	100.1875	8.4375	110.0	66.5875	-87.5891429253818	689	85	138	11	201	120	62	6	57	35	0	0	3.9463069438934326	55200	2572.5370321273804	50373	8.744565217391312	
-1737761.5293762796	99.7	8.4875	110.6	66.95	-87.5891429253818	690	85	139	14	273	162	61	7	65	40	0	0	3.6217548847198486	55280	2576.1587870121	50440	8.75542691751086	
-1700337.902929452	100.0	8.5125	111.2	67.275	-87.5891429253818	691	85	145	20	385	227	55	7	65	40	0	0	4.1407811641693115	55360	2580.2995681762695	50516	8.75	
-1500259.1567558884	100.425	8.291139240506329	106.72151898734177	64.68354430379746	-87.5891429253818	692	86	164	17.0	369.0	218.0	35	6.0	57.0	35.0	0	0	3.8011059761047363	55440	2584.1006741523743	50586	8.75541125541126	
-2175349.1124256826	100.55	8.2	105.5	63.9625	-87.5891429253818	693	86	144	11	241	143	56	7	65	40	0	0	3.977289915084839	55520	2588.077964067459	50661	8.751801152737755	
-1262780.0360859488	99.3125	8.39240506329114	107.32911392405063	65.0126582278481	-87.5891429253818	694	87	140	11.0	177.0	106.0	45	7.0	65.0	40.0	0	0	3.7526230812072754	55600	2591.8305871486664	50730	8.758992805755398	
-1987806.599999527	99.4375	8.4	109.6	66.3625	-87.5891429253818	695	87	143	11	201	120	53	7	65	40	0	0	4.026660919189453	55680	2595.857248067856	50804	8.757183908045974	
-1812781.6378894611	100.4875	8.125	100.7	61.1625	-87.5891429253818	696	87	150	11	201	120	50	7	65	40	0	0	3.7287752628326416	55760	2599.5860233306885	50876	8.758967001434726	
-1050275.2921663206	99.475	8.475	110.2	66.7	-87.5891429253818	697	87	132	11	201	120	50	7	65	40	0	0	3.8673698902130127	55840	2603.4533932209015	50946	8.764326647564474	
-1662783.853893563	100.0875	8.1625	103.2	62.65	-87.5891429253818	698	87	125	12	225	134	75	7	65	40	0	0	3.6744120121002197	55920	2607.1278052330017	51017	8.767882689556501	
-1862750.7935628407	100.8625	8.225	103.3	62.6875	-87.5891429253818	699	87	155	13	249	148	45	7	65	40	0	0	3.8126039505004883	56000	2610.940409183502	51090	8.767857142857139	
-2037782.440749821	100.5375	8.375	110.4	66.8875	-87.5891429253818	700	87	139	14	249	148	61	7	65	40	0	0	3.966172933578491	56080	2614.9065821170807	51165	8.764265335235379	
-2125212.063320554	99.8125	8.2125	106.4	64.525	-87.5891429253818	701	87	139	12	217	129	61	6	57	35	0	0	3.926553964614868	56160	2618.8331360816956	51240	8.760683760683762	
-2175211.8137515723	99.125	8.3125	107.0	64.875	-87.5891429253818	702	87	177	13	217	129	23	7	65	40	0	0	4.112181186676025	56240	2622.9453172683716	51314	8.758890469416784	
-1500187.095948293	101.875	8.3625	108.2	65.5625	-87.5891429253818	703	87	152	14	297	176	69	7	65	40	0	0	3.8463857173919678	56320	2626.7917029857635	51386	8.760653409090907	
-1787736.5791893057	100.4125	8.1	102.5	62.2125	-87.5891429253818	704	87	130	13	297	176	70	6	57	35	0	0	3.818690061569214	56400	2630.6103930473328	51459	8.760638297872333	
-1787754.8003798723	100.0	8.275	104.8	63.5625	-87.5891429253818	705	87	121	12	193	115	79	7	65	40	0	0	3.7776620388031006	56480	2634.388055086136	51530	8.76416430594901	
-1362754.2177029303	100.15	8.575	116.0	70.125	-87.5891429253818	706	87	119	13	249	148	81	6	57	35	0	0	4.010376930236816	56560	2638.3984320163727	51603	8.764144271570018	
-1762708.7758651904	99.8125	8.329113924050633	107.12658227848101	64.9113924050633	-87.5891429253818	707	88	130	13.0	225.0	134.0	70	7.0	65.0	40.0	0	0	3.8829262256622314	56640	2642.281358242035	51675	8.765889830508485	
-1650310.4985176045	101.575	8.2125	103.6	62.8625	-87.5891429253818	708	88	149	15	297	176	69	7	65	40	0	0	3.8895349502563477	56720	2646.1708931922913	51749	8.764104372355433	
-1950175.932985368	100.9	8.15	103.4	62.725	-87.5891429253818	709	88	119	13	321	190	81	6	57	35	0	0	3.7590928077697754	56800	2649.929986000061	51819	8.769366197183103	
-1450207.6563642852	100.0	8.15	102.8	62.4125	-87.5891429253818	710	88	150	14	249	148	50	6	57	35	0	0	3.6406331062316895	56880	2653.5706191062927	51890	8.772855133614627	
-1850255.8495913926	100.0	8.15	101.5	61.6125	-87.5891429253818	711	88	132	12	193	115	68	6	57	35	0	0	3.7805089950561523	56960	2657.351128101349	51962	8.774578651685388	
-2037745.0841980185	100.925	8.275	106.1	64.325	-87.5891429253818	712	88	143	12	249	148	57	6	57	35	0	0	3.9068610668182373	57040	2661.257989168167	52036	8.772791023842913	
-1512695.426240778	100.025	8.3625	109.2	66.125	-87.5891429253818	713	88	150	13	249	148	50	7	65	40	0	0	3.7134759426116943	57120	2664.971465110779	52104	8.781512605042025	
-937691.0219088519	100.0	8.1625	103.6	62.8625	-87.5891429253818	714	88	134	11	225	134	66	6	57	35	0	0	3.7615630626678467	57200	2668.7330281734467	52176	8.783216783216787	
-1925241.352941197	100.2125	8.4625	110.5	66.9	-87.5891429253818	715	88	139	12	225	134	61	7	65	40	0	0	3.9096720218658447	57280	2672.6427001953125	52249	8.78317039106146	
-1350211.6986553397	100.0	8.1875	102.3	62.1	-87.5891429253818	716	88	133	11	169	101	67	7	65	40	0	0	3.7276010513305664	57360	2676.370301246643	52320	8.78661087866108	
-2287720.820548496	100.0	8.4	108.3	65.5625	-87.5891429253818	717	88	144	16	297	176	56	6	57	35	0	0	3.872960090637207	57440	2680.2432613372803	52390	8.791782729805007	
-1375231.5963667599	99.725	8.227848101265822	103.78481012658227	62.962025316455694	-87.5891429253818	718	89	130	14.0	233.0	138.0	70	7.0	65.0	40.0	0	0	3.807922840118408	57520	2684.0511841773987	52461	8.795201668984703	
-1962816.6554837502	101.125	8.2	104.0	63.1	-87.5891429253818	719	89	132	13	225	134	68	7	65	40	0	0	3.7177019119262695	57600	2687.768886089325	52532	8.798611111111114	
-1562730.9895988624	101.025	8.1375	101.2	61.4625	-87.5891429253818	720	89	136	12	193	115	85	7	65	40	0	0	3.7002310752868652	57680	2691.469117164612	52603	8.802011095700408	
-1825261.2583503923	100.0	8.275	104.9	63.6	-87.5891429253818	721	89	141	12	225	134	59	6	57	35	0	0	3.98191499710083	57760	2695.4510321617126	52678	8.79847645429362	
-1700279.8332003288	100.0	8.475	111.7	67.6125	-87.5891429253818	722	89	125	13	241	143	75	7	73	45	0	0	3.991079807281494	57840	2699.442111968994	52751	8.798409405255882	
-1937812.1438571983	100.05	8.3375	106.9	64.7875	-87.5891429253818	723	89	142	15	297	176	58	7	65	40	0	0	3.9251410961151123	57920	2703.3672530651093	52824	8.798342541436469	
-1525229.9463640791	100.2125	8.2625	104.8	63.5375	-87.5891429253818	724	89	129	12	217	129	71	6	57	35	0	0	3.707166910171509	58000	2707.0744199752808	52894	8.803448275862067	
-1775252.1453538542	100.0	8.25	103.7	62.8875	-87.5891429253818	725	89	122	13	225	134	78	6	57	35	0	0	4.096948146820068	58080	2711.171368122101	52966	8.805096418732788	
-1550206.3183751646	100.55	8.4375	108.8	65.8875	-87.5891429253818	726	89	135	15	265	157	65	6	57	35	0	0	4.050472021102905	58160	2715.2218401432037	53034	8.813617606602477	
-1475314.6710368828	100.15	8.316455696202532	104.39240506329114	63.30379746835443	-87.5891429253818	727	90	148	12.0	193.0	115.0	58	7.0	65.0	40.0	0	0	4.203423023223877	58240	2719.4252631664276	53107	8.813530219780219	
-1650263.3944739574	100.0	8.341772151898734	106.72151898734177	64.68354430379746	-87.5891429253818	728	91	128	12.0	225.0	134.0	72	6.0	57.0	35.0	0	0	4.171241044998169	58320	2723.596504211426	53179	8.815157750342934	
-2000343.1048528845	100.275	8.3625	105.9	64.1625	-87.5891429253818	729	91	137	12	193	115	63	6	57	35	0	0	4.306991100311279	58400	2727.903495311737	53252	8.815068493150676	
-1450213.2318521	101.0375	8.3625	107.6	65.1875	-87.5891429253818	730	91	124	14	273	162	90	7	73	45	0	0	4.3302106857299805	58480	2732.233705997467	53326	8.813269493844047	
-1362739.659804354	100.0	8.2	103.0	62.525	-87.5891429253818	731	91	114	13	225	134	86	7	65	40	0	0	3.9090752601623535	58560	2736.1427812576294	53402	8.808060109289613	
-1587733.221525061	99.9	8.1875	102.5	62.225	-87.5891429253818	732	91	127	12	201	120	72	7	65	40	0	0	3.705150842666626	58640	2739.847932100296	53473	8.811391541609822	
-925285.6403719023	100.0	8.1375	102.0	61.925	-87.5891429253818	733	91	131	10	201	120	69	7	65	40	0	0	3.9424540996551514	58720	2743.790386199951	53547	8.809604904632153	
-1175252.2496112857	100.775	8.275	106.6	64.625	-87.5891429253818	734	91	135	11	225	134	65	7	65	40	0	0	4.159550905227661	58800	2747.949937105179	53617	8.814625850340136	
-1962744.1578701157	100.25	8.4	109.4	66.2375	-87.5891429253818	735	91	154	13	225	134	46	6	57	35	0	0	4.310266017913818	58880	2752.2602031230927	53692	8.811141304347828	
-1487759.5523117254	100.825	8.3125	106.5	64.5625	-87.5891429253818	736	91	154	14	241	143	46	6	57	35	0	0	4.272179841995239	58960	2756.532382965088	53764	8.812754409769326	
-1237773.556585644	100.0	8.3125	106.5	64.5625	-87.5891429253818	737	91	125	13	217	129	75	7	65	40	0	0	4.85082221031189	59040	2761.3832051754	53837	8.812669376693776	
-1900227.2830756619	99.7	8.2875	107.9	65.375	-87.5891429253818	738	91	139	13	321	190	61	7	65	40	0	0	4.724905014038086	59120	2766.108110189438	53906	8.819350473612985	
-1612697.4847479083	99.0	8.275	105.3	63.825	-87.5891429253818	739	91	125	11	225	134	75	7	65	40	0	0	5.030436038970947	59200	2771.138546228409	53979	8.819256756756758	
-1562800.9076988073	100.7875	8.2875	104.6	63.45	-87.5891429253818	740	91	139	15	265	157	61	7	65	40	0	0	5.031364917755127	59280	2776.169911146164	54051	8.820850202429156	
-1050207.0259217469	100.8	8.325	108.3	65.6375	-87.5891429253818	741	91	122	11	177	106	78	7	73	45	0	0	5.254112005233765	59360	2781.4240231513977	54123	8.822439353099725	
-1525244.496489515	99.6125	8.4625	110.6	66.9375	-87.5891429253818	742	91	131	15	289	171	64	7	65	40	0	0	5.720387935638428	59440	2787.144411087036	54199	8.817294751009413	
-2000231.2283830128	100.0	8.2	102.9	62.4375	-87.5891429253818	743	91	121	11	177	106	79	7	65	40	0	0	5.079800844192505	59520	2792.2242119312286	54270	8.82056451612904	
-1787803.9217511043	99.1	8.4875	112.1	67.8125	-87.5891429253818	744	91	137	12	201	120	63	6	57	35	0	0	5.523390293121338	59600	2797.74760222435	54343	8.820469798657712	
-1612859.8655157262	100.6125	8.430379746835444	109.55696202531645	66.34177215189874	-87.5891429253818	745	92	144	13.0	217.0	129.0	56	7.0	65.0	40.0	0	0	5.521867752075195	59680	2803.269469976425	54414	8.823726541554961	
-1387722.880912744	99.7	8.25	105.0	63.675	-87.5891429253818	746	92	131	11	177	106	69	7	65	40	0	0	5.169616222381592	59760	2808.4390861988068	54485	8.826974564926374	
-1400235.5641341605	100.0	8.1	100.9	61.275	-87.5891429253818	747	92	132	10	177	106	68	7	65	40	0	0	5.32909893989563	59840	2813.7681851387024	54559	8.825200534759361	
-1787788.6025594648	100.0	8.25	105.9	64.2	-87.5891429253818	748	92	127	13	273	162	73	7	65	40	0	0	4.890520095825195	59920	2818.6587052345276	54630	8.82843791722297	
-1575335.822932097	99.7125	8.3	106.1	64.2875	-87.5891429253818	749	92	149	13	345	204	55	6	57	35	0	0	4.749217987060547	60000	2823.407923221588	54703	8.828333333333333	
-1762770.1824399405	100.0	8.2	102.6	62.2625	-87.5891429253818	750	92	154	11	217	129	46	6	57	35	0	0	4.513222932815552	60080	2827.9211461544037	54776	8.82822902796272	
-1712743.7012734506	100.0	8.325	108.3	65.625	-87.5891429253818	751	92	141	15	297	176	59	7	65	40	0	0	4.21114182472229	60160	2832.132287979126	54843	8.83809840425532	
-2225256.2695527403	100.75	8.1875	103.1	62.5625	-87.5891429253818	752	92	137	15	297	176	63	7	65	40	0	0	4.646974325180054	60240	2836.779262304306	54918	8.83466135458167	
-1600299.6422329454	100.2875	8.4625	113.1	68.425	-87.5891429253818	753	92	131	14	297	176	69	7	65	40	0	0	4.779698848724365	60320	2841.5589611530304	54992	8.832891246684355	
-1900239.5049536848	100.0	8.4375	113.1	68.4125	-87.5891429253818	754	92	130	16	465	274	69	7	65	40	0	0	5.0180768966674805	60400	2846.577038049698	55066	8.831125827814574	
-1687742.2068083975	98.45	8.225	107.1	64.9375	-87.5891429253818	755	92	134	12	193	115	66	6	57	35	0	0	4.6104819774627686	60480	2851.1875200271606	55141	8.827711640211646	
-1050272.6692084433	101.9875	8.7375	121.7	73.475	-87.5891429253818	756	92	146	15	385	227	63	7	65	40	0	0	4.795166015625	60560	2855.9826860427856	55213	8.829260237780716	
-1987778.4271219403	102.4125	8.3375	107.5	65.1375	-87.5891429253818	757	92	159	13	249	148	57	7	65	40	0	0	4.491581201553345	60640	2860.474267244339	55286	8.82915567282322	
-1575295.1198934566	101.7625	8.175	102.9	62.4625	-87.5891429253818	758	92	139	11	177	106	61	7	65	40	0	0	4.503684759140015	60720	2864.977952003479	55361	8.825757575757578	
-1537723.9846972467	101.3625	8.325	107.6	65.225	-87.5891429253818	759	92	131	12	201	120	78	7	73	45	0	0	4.522633075714111	60800	2869.500585079193	55433	8.827302631578945	
-1450206.8752252182	100.5	8.2	104.3	63.275	-87.5891429253818	760	92	117	11	177	106	83	7	73	45	0	0	4.404078960418701	60880	2873.904664039612	55504	8.830486202365307	
-2575252.9279736234	100.0	8.525	110.9	67.1125	-87.5891429253818	761	92	143	14	273	162	57	7	65	40	0	0	4.794265270233154	60960	2878.698929309845	55575	8.83366141732283	
-2300293.4754463667	99.8875	8.215189873417721	102.9746835443038	62.46835443037975	-87.5891429253818	762	93	142	13.0	217.0	129.0	55	6.0	57.0	35.0	0	0	4.698071002960205	61040	2883.397000312805	55645	8.838466579292273	
-1687818.5310564102	102.275	8.1875	102.9	62.45	-87.5891429253818	763	93	142	11	193	115	61	7	65	40	0	0	3.980027914047241	61120	2887.3770282268524	55710	8.851439790575924	
-1312779.692780663	100.4375	8.2	103.5	62.8125	-87.5891429253818	764	93	135	12	193	115	67	7	73	45	0	0	4.235679864883423	61200	2891.612708091736	55780	8.856209150326805	
-1425272.3541405378	100.1375	8.15	102.6	62.3	-87.5891429253818	765	93	134	11	201	120	66	7	73	45	0	0	4.068727016448975	61280	2895.681435108185	55848	8.86422976501305	
-1500267.6966737374	99.625	8.3875	109.6	66.375	-87.5891429253818	766	93	134	14	249	148	66	7	65	40	0	0	4.468802213668823	61360	2900.1502373218536	55921	8.864080834419823	
-1900296.7474252738	99.8125	8.45	111.7	67.6125	-87.5891429253818	767	93	165	11	201	120	35	7	65	40	0	0	4.543949842453003	61440	2904.6941871643066	55994	8.863932291666671	
-1512739.0352855655	99.3125	8.3125	108.0	65.4625	-87.5891429253818	768	93	130	11	177	106	70	7	81	50	0	0	4.490259885787964	61520	2909.1844470500946	56069	8.860533159947977	
-1750224.2613396891	99.025	8.35	108.8	65.9	-87.5891429253818	769	93	138	11	201	120	62	7	65	40	0	0	4.532556056976318	61600	2913.717003107071	56141	8.862012987012989	
-1862818.977304907	99.75	8.3125	107.0	64.85	-87.5891429253818	770	93	145	17	313	185	55	7	65	40	0	0	4.2384748458862305	61680	2917.955477952957	56210	8.86835278858625	
-1312725.632176059	100.0	8.175	103.4	62.7375	-87.5891429253818	771	93	130	13	217	129	70	6	57	35	0	0	4.136496305465698	61760	2922.091974258423	56279	8.874676165803109	
-1100245.5326777056	100.3125	8.45	109.4	66.2375	-87.5891429253818	772	93	133	16	289	171	76	6	57	35	0	0	4.4887847900390625	61840	2926.580759048462	56351	8.8761319534282	
-1575194.603258281	100.0	8.0625	99.3	60.35	-87.5891429253818	773	93	144	11	201	120	56	7	65	40	0	0	4.448186159133911	61920	2931.028945207596	56425	8.874354005167959	
-1850149.6310356557	100.0	8.2875	106.9	64.7875	-87.5891429253818	774	93	117	12	345	204	83	7	65	40	0	0	4.2996909618377686	62000	2935.3286361694336	56493	8.882258064516122	
-1287785.291012785	99.8375	8.3375	108.6	65.8	-87.5891429253818	775	93	141	12	225	134	59	7	65	40	0	0	4.175781011581421	62080	2939.504417181015	56561	8.890141752577321	
-1150235.474970394	100.1	8.2	103.2	62.6125	-87.5891429253818	776	93	112	13	217	129	88	7	65	40	0	0	4.433948993682861	62160	2943.938366174698	56634	8.889961389961385	
-1612847.943061993	100.0	8.3875	110.1	66.6625	-87.5891429253818	777	93	138	14	249	148	62	7	65	40	0	0	4.388211011886597	62240	2948.3265771865845	56705	8.892994858611829	
-1900326.8563433453	100.0	8.35	107.6	65.2	-87.5891429253818	778	93	135	12	241	143	65	7	65	40	0	0	4.256834030151367	62320	2952.583411216736	56773	8.900834403080864	
-2350203.807056901	100.875	8.275	106.0	64.275	-87.5891429253818	779	93	154	11	193	115	73	6	57	35	0	0	4.429805755615234	62400	2957.013216972351	56845	8.902243589743591	
-2125242.4533425593	101.4125	8.1375	101.6	61.7125	-87.5891429253818	780	93	132	11	177	106	68	7	65	40	0	0	4.19182014465332	62480	2961.2050371170044	56917	8.903649167733676	
-1575262.223879009	100.3625	8.35	105.8	64.15	-87.5891429253818	781	93	123	14	241	143	77	7	65	40	0	0	4.414793014526367	62560	2965.6198301315308	56990	8.903452685421996	
-1562753.816623985	100.8125	8.227848101265822	104.39240506329114	63.35443037974684	-87.5891429253818	782	94	136	14.0	241.0	143.0	64	7.0	65.0	40.0	0	0	4.29935097694397	62640	2969.9191811084747	57064	8.901660280970631	
-1087740.1846740572	99.55	8.225	103.7	62.925	-87.5891429253818	783	94	141	11	201	120	59	7	65	40	0	0	4.19281792640686	62720	2974.1119990348816	57134	8.90625	
-1712772.7415567152	100.5125	8.425	110.6	66.95	-87.5891429253818	784	94	141	13	241	143	61	7	65	40	0	0	4.488281011581421	62800	2978.600280046463	57205	8.909235668789805	
-1312744.1028269276	100.4	8.6625	114.9	69.45	-87.5891429253818	785	94	122	17	313	185	78	7	65	40	0	0	4.39389705657959	62880	2982.9941771030426	57273	8.916984732824432	
-2187789.284199617	100.0625	8.15	101.0	61.325	-87.5891429253818	786	94	131	11	177	106	69	7	65	40	0	0	4.189829111099243	62960	2987.184006214142	57341	8.924714104193143	
-1962777.2980595499	99.6125	8.1625	100.9	61.275	-87.5891429253818	787	94	134	15	273	162	44	7	65	40	0	0	4.126953840255737	63040	2991.3109600543976	57412	8.92766497461929	
-1012858.3265173814	99.8625	8.475	112.5	68.1	-87.5891429253818	788	94	122	16	297	176	78	7	65	40	0	0	4.163881063461304	63120	2995.474841117859	57481	8.933776932826362	
-1925269.092901626	99.85	8.3375	107.2	64.975	-87.5891429253818	789	94	128	12	225	134	72	7	65	40	0	0	4.245599031448364	63200	2999.7204401493073	57551	8.938291139240505	
-1412768.1947878213	99.625	8.175	103.5	62.825	-87.5891429253818	790	94	135	13	249	148	65	7	73	45	0	0	4.35929012298584	63280	3004.079730272293	57624	8.938053097345133	
-1362815.8443047586	99.475	8.1375	101.2	61.4625	-87.5891429253818	791	94	130	11	177	106	70	7	65	40	0	0	4.2864038944244385	63360	3008.3661341667175	57697	8.937815656565661	
-1287763.2479123517	100.0	8.475	113.1	68.425	-87.5891429253818	792	94	160	14	297	176	40	7	65	40	0	0	4.160439968109131	63440	3012.5265741348267	57763	8.948612862547293	
-1875248.8686696296	100.175	8.291139240506329	106.92405063291139	64.78481012658227	-87.5891429253818	793	95	165	12.0	225.0	134.0	35	7.0	65.0	40.0	0	0	4.549247980117798	63520	3017.0758221149445	57833	8.953085642317376	
-1312754.9120197068	100.5	8.225	104.8	63.575	-87.5891429253818	794	95	137	12	201	120	63	6	57	35	0	0	5.352756023406982	63600	3022.4285781383514	57907	8.951257861635213	
-1350254.785749834	99.625	8.278481012658228	106.21518987341773	64.41772151898734	-87.5891429253818	795	96	136	14.0	241.0	143.0	64	7.0	65.0	40.0	0	0	4.68148398399353	63680	3027.110062122345	57979	8.952575376884425	
-1525264.417153341	99.375	8.4	109.6	66.375	-87.5891429253818	796	96	131	12	193	115	69	6	57	35	0	0	4.7448649406433105	63760	3031.8549270629883	58054	8.949184441656215	
-1125280.400421872	98.25	8.2875	108.5	65.775	-87.5891429253818	797	96	132	12	201	120	68	7	65	40	0	0	4.618880033493042	63840	3036.4738070964813	58128	8.94736842105263	
-1225181.2237118073	98.25	8.325	108.4	65.6875	-87.5891429253818	798	96	119	12	185	110	71	7	65	40	0	0	4.294100999832153	63920	3040.7679080963135	58198	8.95181476846058	
-2237718.2086226246	99.125	8.1875	104.1	63.175	-87.5891429253818	799	96	144	12	225	134	56	7	65	40	0	0	4.432442903518677	64000	3045.200350999832	58270	8.953125	
-1062767.6310974346	97.9125	8.325	106.3	64.45	-87.5891429253818	800	96	137	13	273	162	63	7	73	45	0	0	4.280713319778442	64080	3049.4810643196106	58341	8.955992509363298	
-1750246.5176911957	100.025	8.2625	105.0	63.6875	-87.5891429253818	801	96	137	14	241	143	63	7	65	40	0	0	4.271126747131348	64160	3053.752191066742	58414	8.955735660847893	
-1750274.6092159282	100.0	8.225	105.3	63.875	-87.5891429253818	802	96	125	12	225	134	75	7	65	40	0	0	4.252151966094971	64240	3058.004343032837	58487	8.955479452054789	
-2212748.4013068974	100.325	8.525	114.1	69.025	-87.5891429253818	803	96	136	19	361	213	64	7	65	40	0	0	4.314338207244873	64320	3062.318681240082	58558	8.958333333333329	
-1150240.3046239077	101.425	8.4125	111.1	67.25	-87.5891429253818	804	96	155	12	273	162	69	7	65	40	0	0	4.3134520053863525	64400	3066.632133245468	58628	8.962732919254663	
-1425213.8544858547	100.0	8.175	104.5	63.4	-87.5891429253818	805	96	127	13	217	129	73	6	57	35	0	0	4.042756795883179	64480	3070.6748900413513	58697	8.968672456575675	
-1412690.1036384446	100.0	8.1375	101.5	61.625	-87.5891429253818	806	96	138	11	177	106	62	7	65	40	0	0	4.247105121612549	64560	3074.921995162964	58770	8.968401486988853	
-1100224.2012190395	100.0	8.2625	103.9	63.025	-87.5891429253818	807	96	145	12	193	115	55	7	65	40	0	0	4.253456115722656	64640	3079.1754512786865	58843	8.968131188118804	
-1587697.3085232223	100.375	8.253164556962025	105.30379746835443	63.87341772151899	-87.5891429253818	808	97	144	12.0	193.0	115.0	56	6.0	57.0	35.0	0	0	4.034968614578247	64720	3083.2104198932648	58912	8.97404202719406	
-1850258.8713675973	100.55	8.1125	100.8	61.2375	-87.5891429253818	809	97	144	11	169	101	60	7	65	40	0	0	4.157235383987427	64800	3087.367655277252	58985	8.973765432098773	
-1662692.1905302177	100.5	8.275	107.2	64.975	-87.5891429253818	810	97	145	11	201	120	55	7	65	40	0	0	4.32738471031189	64880	3091.695039987564	59058	8.973489519112206	
-1800223.8958027035	99.875	8.2	105.5	63.975	-87.5891429253818	811	97	158	12	225	134	42	7	65	40	0	0	4.148600101470947	64960	3095.843640089035	59129	8.97629310344827	
-1475313.5631620504	102.4	8.189873417721518	109.15189873417721	66.15189873417721	-87.5891429253818	812	98	163	11.0	225.0	134.0	37	7.0	65.0	40.0	0	0	4.181062936782837	65040	3100.024703025818	59201	8.977552275522754	
-1925250.1382084854	100.475	8.4125	113.1	68.45	-87.5891429253818	813	98	158	13	249	148	73	7	65	40	0	0	4.374073028564453	65120	3104.3987760543823	59274	8.97727272727272	
-1512802.2762096869	100.275	8.5375	116.5	70.425	-87.5891429253818	814	98	146	17	345	204	54	7	65	40	0	0	4.530789136886597	65200	3108.929565191269	59348	8.975460122699388	
-1687715.9064922011	100.1375	8.3125	106.4	64.4875	-87.5891429253818	815	98	111	11	177	106	90	7	65	40	0	0	4.110618829727173	65280	3113.040184020996	59418	8.97977941176471	
-2200284.857722302	100.1	8.2125	102.7	62.3	-87.5891429253818	816	98	115	13	217	129	85	7	65	40	0	0	4.016777992248535	65360	3117.0569620132446	59487	8.98561811505509	
-1300255.4790269653	100.0	8.1	102.4	62.175	-87.5891429253818	817	98	143	12	297	176	57	6	57	35	0	0	3.943864107131958	65440	3121.0008261203766	59557	8.98991442542787	
-1525271.7622237925	101.075	8.3625	107.7	65.25	-87.5891429253818	818	98	158	17	313	185	49	7	65	40	0	0	4.295309066772461	65520	3125.296135187149	59630	8.989621489621484	
-1937723.8229983326	99.55	8.2875	103.8	62.95	-87.5891429253818	819	98	150	16	281	166	50	7	65	40	0	0	4.216423988342285	65600	3129.5125591754913	59701	8.992378048780495	
-2225246.6024939516	99.9	8.2875	105.8	64.1375	-87.5891429253818	820	98	120	12	217	129	80	7	65	40	0	0	4.441493034362793	65680	3133.954052209854	59776	8.989037758830705	
-1275278.990828049	100.425	8.325	109.9	66.55	-87.5891429253818	821	98	144	14	385	227	67	7	65	40	0	0	4.441126823425293	65760	3138.3951790332794	59849	8.988746958637478	
-1725304.393284599	100.15	8.25	105.3	63.8375	-87.5891429253818	822	98	131	11	193	115	69	7	65	40	0	0	4.348757982254028	65840	3142.7439370155334	59922	8.988456865127574	
-2587735.036725654	100.2	8.275	104.2	63.2	-87.5891429253818	823	98	139	12	193	115	61	7	65	40	0	0	4.182183265686035	65920	3146.9261202812195	59994	8.989684466019426	
-1862755.4193919213	100.0	8.2	103.1	62.5625	-87.5891429253818	824	98	117	12	225	134	83	7	65	40	0	0	4.0925939083099365	66000	3151.0187141895294	60065	8.99242424242425	
-2400247.6313370233	99.9125	8.25	104.3	63.2375	-87.5891429253818	825	98	128	13	225	134	72	6	57	35	0	0	4.054334878921509	66080	3155.073049068451	60134	8.998184019370456	
-1962831.3836845402	100.0375	8.325	107.5	65.175	-87.5891429253818	826	98	149	16	297	176	52	7	65	40	0	0	3.9929559230804443	66160	3159.0660049915314	60204	9.002418379685608	
-1412718.267201187	100.0625	8.0625	100.1	60.825	-87.5891429253818	827	98	147	13	225	134	57	7	65	40	0	0	3.862168073654175	66240	3162.9281730651855	60274	9.006642512077292	
-2250265.7686506473	100.0	8.2375	102.9	62.425	-87.5891429253818	828	98	136	17	313	185	64	7	65	40	0	0	4.16422700881958	66320	3167.092400074005	60345	9.009348612786496	
-1625217.1302865031	100.475	8.3625	106.7	64.6625	-87.5891429253818	829	98	140	15	265	157	60	7	65	40	0	0	4.0633039474487305	66400	3171.155704021454	60414	9.015060240963862	
-1962814.582071559	100.0	8.1625	102.2	62.0125	-87.5891429253818	830	98	143	12	273	162	57	6	57	35	0	0	4.116714000701904	66480	3175.2724180221558	60485	9.017749699157633	
-1800236.511838379	100.5875	8.2125	104.2	63.2	-87.5891429253818	831	98	161	11	225	134	56	6	57	35	0	0	4.174087047576904	66560	3179.4465050697327	60558	9.017427884615387	
-2300236.8152632657	100.375	8.2625	104.8	63.55	-87.5891429253818	832	98	132	14	241	143	68	7	73	45	0	0	4.200529098510742	66640	3183.6470341682434	60631	9.017106842737093	
-1275238.1774756769	100.325	8.2625	106.5	64.575	-87.5891429253818	833	98	123	11	177	106	77	7	65	40	0	0	4.1211998462677	66720	3187.768234014511	60702	9.019784172661872	
-1775202.9796667725	99.9125	8.4375	109.7	66.4125	-87.5891429253818	834	98	127	14	249	148	73	6	57	35	0	0	4.428267955780029	66800	3192.196501970291	60775	9.019461077844312	
-1925225.383339097	99.7375	8.275	105.3	63.8625	-87.5891429253818	835	98	164	15	297	176	60	7	65	40	0	0	4.128567218780518	66880	3196.3250691890717	60847	9.020633971291872	
-1937697.3176613774	100.0	8.075	101.1	61.4	-87.5891429253818	836	98	129	13	241	143	71	7	65	40	0	0	4.0460898876190186	66960	3200.3711590766907	60917	9.02479091995221	
-1325268.8763676316	100.0625	8.2	106.0	64.3125	-87.5891429253818	837	98	141	11	225	134	59	7	65	40	0	0	4.142952919006348	67040	3204.514111995697	60990	9.024463007159895	
-1050251.6893513866	100.0	8.367088607594937	108.44303797468355	65.68354430379746	-87.5891429253818	838	99	128	13.0	217.0	129.0	72	7.0	65.0	40.0	0	0	4.261871099472046	67120	3208.775983095169	61062	9.025625744934445	
-2037732.8922436093	99.65	8.375	108.9	65.9375	-87.5891429253818	839	99	137	13	345	204	63	7	65	40	0	0	4.293186187744141	67200	3213.069169282913	61132	9.029761904761898	
-1487726.5991194218	99.6375	8.35	108.4	65.675	-87.5891429253818	840	99	126	15	321	190	71	7	65	40	0	0	4.1442248821258545	67280	3217.213394165039	61203	9.032401902497028	
-1787756.00494169	99.7875	8.0375	101.5	61.65	-87.5891429253818	841	99	134	11	225	134	66	7	65	40	0	0	4.178912162780762	67360	3221.39230632782	61276	9.032066508313534	
-1562832.5757147393	99.9875	8.1625	102.4	62.1625	-87.5891429253818	842	99	143	11	177	106	57	7	65	40	0	0	4.025156736373901	67440	3225.4174630641937	61347	9.034697508896798	
-1387820.250841714	100.0	8.0375	100.0	60.775	-87.5891429253818	843	99	129	11	201	120	71	7	65	40	0	0	4.068595886230469	67520	3229.486058950424	61420	9.034360189573462	
-1762693.3627767197	101.0	8.1375	103.2	62.6625	-87.5891429253818	844	99	135	11	177	106	65	7	65	40	0	0	4.313432216644287	67600	3233.7994911670685	61493	9.034023668639051	
-1362818.8566220093	99.6125	8.1125	100.2	60.875	-87.5891429253818	845	99	126	10	177	106	69	7	65	40	0	0	4.354138135910034	67680	3238.1536293029785	61559	9.04403073286052	
-1337768.3600782477	100.0	8.4875	111.1	67.2625	-87.5891429253818	846	99	130	12	193	115	70	7	65	40	0	0	5.032882928848267	67760	3243.186512231827	61632	9.043683589138126	
-1825266.9614083257	99.8625	8.3375	107.3	65.0	-87.5891429253818	847	99	138	13	249	148	61	6	57	35	0	0	5.030638694763184	67840	3248.21715092659	61703	9.046285377358487	
-1812834.2797068476	99.3125	8.3375	109.0	66.0	-87.5891429253818	848	99	145	15	297	176	32	7	65	40	0	0	4.935542106628418	67920	3253.1526930332184	61775	9.04740871613663	
-1437693.251203556	99.9625	8.2875	110.5	66.9375	-87.5891429253818	849	99	144	13	249	148	56	6	57	35	0	0	4.451122283935547	68000	3257.603815317154	61847	9.048529411764704	
-1300322.2260704893	99.9625	8.3375	107.5	65.15	-87.5891429253818	850	99	131	11	177	106	69	7	65	40	0	0	4.511178970336914	68080	3262.114994287491	61921	9.046709753231497	
-1825249.8655175553	101.7125	8.49367088607595	113.20253164556962	68.48101265822785	-87.5891429253818	851	100	153	15.0	265.0	157.0	47	7.0	65.0	40.0	0	0	5.264638900756836	68160	3267.3796331882477	61992	9.049295774647888	
-1850225.5320558301	101.4125	8.2875	106.9	64.775	-87.5891429253818	852	100	125	12	201	120	75	7	65	40	0	0	5.624425888061523	68240	3273.004059076309	62065	9.0489449003517	
-2125213.82632998	99.6375	8.35	107.7	65.25	-87.5891429253818	853	100	130	12	273	162	63	7	65	40	0	0	4.965026140213013	68320	3277.969085216522	62131	9.058840749414514	
-1462739.2856955999	100.0	8.175	102.4	62.15	-87.5891429253818	854	100	141	11	225	134	59	7	65	40	0	0	4.273198843002319	68400	3282.2422840595245	62201	9.062865497076018	
-1387720.1803484987	100.0	8.3625	109.5	66.325	-87.5891429253818	855	100	116	15	273	162	84	7	65	40	0	0	4.292489051818848	68480	3286.5347731113434	62270	9.068341121495322	
-1825329.3823273603	100.3	8.39240506329114	109.45569620253164	66.30379746835443	-87.5891429253818	856	101	162	11.0	177.0	106.0	38	7.0	65.0	40.0	0	0	4.353667974472046	68560	3290.8884410858154	62341	9.070886814469077	
-1312769.0073018055	99.675	8.2125	104.6	63.45	-87.5891429253818	857	101	144	11	177	106	55	7	65	40	0	0	4.327869892120361	68640	3295.216310977936	62412	9.073426573426573	
-1000263.7279876135	102.3875	8.3875	107.8	65.3	-87.5891429253818	858	101	144	15	345	204	59	7	65	40	0	0	4.373983144760132	68720	3299.590294122696	62481	9.078870779976725	
-1625230.534396437	101.5	8.20253164556962	106.41772151898734	64.51898734177215	-87.5891429253818	859	102	144	11.0	225.0	134.0	71	7.0	65.0	40.0	0	0	4.910447120666504	68800	3304.5007412433624	62550	9.08430232558139	
-1837697.6320359819	102.0	8.475	112.9	68.2875	-87.5891429253818	860	102	171	14	233	138	53	7	65	40	0	0	5.146543741226196	68880	3309.6472849845886	62621	9.086817653890819	
-1737695.4112804434	100.225	8.3125	106.1	64.325	-87.5891429253818	861	102	123	14	249	148	77	7	65	40	0	0	4.918163299560547	68960	3314.565448284149	62690	9.092227378190259	
-1175279.0359997773	99.8375	8.275	105.7	64.1	-87.5891429253818	862	102	128	11	177	106	72	6	57	35	0	0	4.937483072280884	69040	3319.50293135643	62760	9.096176129779849	
-1887751.7551764087	100.0	8.4125	108.6	65.775	-87.5891429253818	863	102	124	12	193	115	76	7	65	40	0	0	5.445294618606567	69120	3324.9482259750366	62833	9.095775462962962	
-2225225.245023004	101.475	8.475	111.5	67.475	-87.5891429253818	864	102	146	14	265	157	68	7	65	40	0	0	5.585968255996704	69200	3330.5341942310333	62907	9.093930635838149	
-2337693.1175216995	100.0	8.151898734177216	101.35443037974683	61.53164556962025	-87.5891429253818	865	103	138	13.0	217.0	129.0	62	7.0	65.0	40.0	0	0	5.0768280029296875	69280	3335.611022233963	62978	9.096420323325631	
-1862751.8019874885	101.4125	8.375	107.4	65.0875	-87.5891429253818	866	103	144	13	249	148	56	7	65	40	0	0	5.11064600944519	69360	3340.721668243408	63047	9.101787773933097	
-1475269.9448278868	104.45	8.15	102.3	62.125	-87.5891429253818	867	103	144	13	209	124	80	7	65	40	0	0	5.0516037940979	69440	3345.773272037506	63119	9.102822580645167	
-2350229.6378243566	100.75	8.215189873417721	103.58227848101266	62.835443037974684	-87.5891429253818	868	104	132	15.0	265.0	157.0	68	7.0	65.0	40.0	0	0	5.569563865661621	69520	3351.3428359031677	63192	9.102416570770998	
-1362827.7212201043	100.35	8.275	106.0	64.2625	-87.5891429253818	869	104	127	12	273	162	73	7	65	40	0	0	4.744207143783569	69600	3356.0870430469513	63265	9.102011494252878	
-1362765.4677976766	100.175	8.1375	102.0	61.9375	-87.5891429253818	870	104	151	12	201	120	49	6	57	35	0	0	4.255009174346924	69680	3360.342052221298	63338	9.101607347876012	
-2412710.2797176996	100.15	7.9875	97.5	59.3125	-87.5891429253818	871	104	137	11	169	101	63	7	65	40	0	0	4.360828876495361	69760	3364.7028810977936	63412	9.099770642201833	
-1550280.3040720015	100.4625	8.45	110.3	66.7875	-87.5891429253818	872	104	149	13	225	134	51	7	65	40	0	0	4.569918870925903	69840	3369.2727999687195	63486	9.097938144329902	
-1637733.5855176968	100.275	8.375	107.7	65.25	-87.5891429253818	873	104	148	14	233	138	52	7	65	40	0	0	4.641867160797119	69920	3373.9146671295166	63561	9.094679633867273	
-1362790.1339434846	100.0	8.25	106.1	64.325	-87.5891429253818	874	104	139	14	249	148	61	6	57	35	0	0	4.431391000747681	70000	3378.3460581302643	63635	9.092857142857142	
-1487735.3154897399	103.15	8.225	103.5	62.8	-87.5891429253818	875	104	124	11	177	106	93	7	65	40	0	0	4.270572900772095	70080	3382.6166310310364	63707	9.093892694063925	
-1425302.4887731113	102.175	8.2125	104.1	63.1625	-87.5891429253818	876	104	124	14	233	138	78	7	65	40	0	0	4.474989175796509	70160	3387.091620206833	63781	9.092075256556441	
-1200217.1203127052	100.9375	8.3375	108.2	65.5625	-87.5891429253818	877	104	132	11	201	120	51	6	57	35	0	0	4.267082929611206	70240	3391.358703136444	63853	9.093109339407746	
-1312750.50093214	101.1875	8.1	104.1	63.2	-87.5891429253818	878	104	130	10	177	106	70	7	65	40	0	0	3.9931490421295166	70320	3395.3518521785736	63923	9.096985210466428	
-1662763.4672886846	100.375	8.5	111.9	67.7125	-87.5891429253818	879	104	129	18	361	213	71	7	65	40	0	0	4.433559894561768	70400	3399.7854120731354	63996	9.096590909090907	
-1775273.689869297	100.1875	8.0625	100.6	61.125	-87.5891429253818	880	104	127	11	177	106	73	6	57	35	0	0	4.050930976867676	70480	3403.836343050003	64068	9.097616345062434	
-1550231.4622013269	100.0	8.1625	104.0	63.1	-87.5891429253818	881	104	137	11	177	106	63	6	57	35	0	0	4.00755500793457	70560	3407.8438980579376	64137	9.10289115646259	
-1450220.38442714	100.0	8.075	99.9	60.6875	-87.5891429253818	882	104	140	11	177	106	60	7	65	40	0	0	4.304612874984741	70640	3412.1485109329224	64211	9.101075877689695	
-1437720.735928625	100.0	8.2	103.9	63.05	-87.5891429253818	883	104	136	13	249	148	64	7	65	40	0	0	4.17161226272583	70720	3416.320123195648	64284	9.100678733031671	
-1662738.2434515362	100.6	8.2375	105.4	63.9	-87.5891429253818	884	104	135	11	193	115	65	7	65	40	0	0	4.334568023681641	70800	3420.65469121933	64358	9.098870056497177	
-1662752.1392777732	100.2	8.2375	104.2	63.2125	-87.5891429253818	885	104	132	12	201	120	68	7	65	40	0	0	4.176506042480469	70880	3424.8311972618103	64431	9.09847629796839	
-1650309.140804451	99.7375	8.316455696202532	108.84810126582279	65.9367088607595	-87.5891429253818	886	105	162	12.0	249.0	148.0	38	7.0	65.0	40.0	0	0	3.8764679431915283	70960	3428.707665205002	64501	9.102311161217585	
-1437725.5227973652	99.9875	8.475	117.9	71.25	-87.5891429253818	887	105	123	14	385	227	77	7	73	45	0	0	4.358520746231079	71040	3433.066185951233	64576	9.099099099099092	
-1462736.1763372354	100.0	8.3625	109.9	66.55	-87.5891429253818	888	105	176	14	385	227	24	7	65	40	0	0	4.137312173843384	71120	3437.2034981250763	64651	9.09589426321709	
-1312721.7083675917	100.0	8.225	104.3	63.275	-87.5891429253818	889	105	128	11	177	106	72	6	57	35	0	0	3.7246828079223633	71200	3440.9281809329987	64722	9.098314606741582	
-1612738.7184561226	98.7	8.125	101.2	61.45	-87.5891429253818	890	105	125	11	177	106	75	7	65	40	0	0	3.6788411140441895	71280	3444.607022047043	64792	9.102132435465776	
-1800313.6481703348	98.75	8.1625	101.9	61.825	-87.5891429253818	891	105	149	12	225	134	48	6	57	35	0	0	3.8253121376037598	71360	3448.4323341846466	64864	9.103139013452903	
-1975330.8772234246	99.1	8.35	108.5	65.7375	-87.5891429253818	892	105	148	13	217	129	52	7	65	40	0	0	3.9352428913116455	71440	3452.3675770759583	64938	9.101343784994398	
-1550312.8471625703	98.7875	8.4125	111.4	67.4125	-87.5891429253818	893	105	131	11	225	134	50	7	65	40	0	0	3.838261127471924	71520	3456.20583820343	65008	9.105145413870247	
-2237764.058541631	100.0	8.15	100.9	61.25	-87.5891429253818	894	105	127	11	177	106	73	7	65	40	0	0	3.8606739044189453	71600	3460.066512107849	65082	9.10335195530726	
-1975278.072466898	99.975	8.3	108.0	65.45	-87.5891429253818	895	105	162	12	201	120	38	7	65	40	0	0	3.8600990772247314	71680	3463.926611185074	65155	9.102957589285708	
-1562796.624643439	100.9875	8.0875	101.3	61.525	-87.5891429253818	896	105	162	11	177	106	66	7	65	40	0	0	3.737334728240967	71760	3467.663945913315	65228	9.102564102564102	
-1850276.0574048348	100.0	8.125	102.5	62.25	-87.5891429253818	897	105	145	11	177	106	55	7	65	40	0	0	3.7243492603302	71840	3471.388295173645	65300	9.103563474387528	
-1775200.5316331335	100.0	8.3375	108.5	65.7375	-87.5891429253818	898	105	133	14	241	143	67	7	65	40	0	0	3.6912238597869873	71920	3475.079519033432	65369	9.108731924360399	
-2162734.559426757	99.775	8.175	103.1	62.5625	-87.5891429253818	899	105	145	12	193	115	55	6	57	35	0	0	3.6382100582122803	72000	3478.7177290916443	65439	9.112499999999997	
-2237754.438150282	101.575	8.2875	106.3	64.4375	-87.5891429253818	900	105	143	12	225	134	57	7	65	40	0	0	3.782759189605713	72080	3482.50048828125	65511	9.11348501664817	
-1075278.8293305438	99.4125	8.1375	102.9	62.4875	-87.5891429253818	901	105	161	11	177	106	34	7	65	40	0	0	3.4290177822113037	72160	3485.9295060634613	65579	9.120011086474506	
-1512822.2196345893	100.0	8.3375	107.3	65.0375	-87.5891429253818	902	105	139	17	321	190	61	7	65	40	0	0	3.862790107727051	72240	3489.7922961711884	65653	9.118217054263567	
-1350238.6397365206	97.6625	8.1375	101.0	61.3375	-87.5891429253818	903	105	135	13	217	129	65	7	65	40	0	0	3.6391499042510986	72320	3493.4314460754395	65725	9.119192477876098	
-2025181.3505720615	99.725	8.25	104.5	63.375	-87.5891429253818	904	105	127	15	265	157	73	7	65	40	0	0	3.6588950157165527	72400	3497.090341091156	65794	9.12430939226519	
-1462788.0439554607	99.225	8.243589743589743	104.8974358974359	63.64102564102564	-87.5891429253818	905	107	130	13.0	249.0	148.0	70	7.0	65.0	40.0	0	0	3.5321810245513916	72480	3500.6225221157074	65863	9.129415011037523	
-1700233.1464251783	100.0	8.4125	110.7	67.0	-87.5891429253818	906	107	135	13	273	162	65	7	65	40	0	0	3.8594069480895996	72560	3504.481929063797	65933	9.133131201764058	
-2050276.159237913	100.0	8.1125	101.2	61.4625	-87.5891429253818	907	107	121	11	249	148	79	7	65	40	0	0	3.6606979370117188	72640	3508.1426270008087	66005	9.134085903083701	
-1337751.1430517854	99.775	8.0875	100.5	61.0375	-87.5891429253818	908	107	140	11	201	120	60	6	57	35	0	0	3.4690370559692383	72720	3511.611664056778	66073	9.1405390539054	
-1650226.0820531093	99.7375	8.4	109.6	66.3875	-87.5891429253818	909	107	123	14	249	148	77	7	65	40	0	0	3.863309144973755	72800	3515.4749732017517	66147	9.138736263736263	
-2100194.3142547943	100.0	8.3875	108.6	65.7625	-87.5891429253818	910	107	153	15	297	176	47	7	65	40	0	0	3.961287021636963	72880	3519.4362602233887	66221	9.136937431394074	
-1812747.766132262	99.85	8.2375	104.7	63.5125	-87.5891429253818	911	107	149	11	201	120	51	7	65	40	0	0	3.824978828430176	72960	3523.261239051819	66295	9.135142543859658	
-2087751.9161808565	100.6375	8.3625	108.0	65.45	-87.5891429253818	912	107	156	13	273	162	69	7	65	40	0	0	3.81854510307312	73040	3527.079784154892	66367	9.136089813800652	
-1200241.3132031125	100.3375	8.4125	108.2	65.5375	-87.5891429253818	913	107	135	12	225	134	65	7	65	40	0	0	3.897907018661499	73120	3530.9776911735535	66437	9.139770240700216	
-1537773.0718029763	100.0	8.3125	110.2	66.7625	-87.5891429253818	914	107	140	12	201	120	60	7	65	40	0	0	3.8591818809509277	73200	3534.8368730545044	66510	9.139344262295083	
-1462824.0585502386	100.5	8.2125	103.8	62.975	-87.5891429253818	915	107	140	13	217	129	71	7	65	40	0	0	3.704681158065796	73280	3538.54155421257	66582	9.140283842794759	
-1650195.117096176	102.6625	8.35	109.8	66.5	-87.5891429253818	916	107	140	13	217	129	74	7	65	40	0	0	3.792634963989258	73360	3542.3341891765594	66654	9.141221374045799	
-1937735.7840162343	100.2375	8.1375	102.1	62.0125	-87.5891429253818	917	107	148	11	177	106	52	7	65	40	0	0	3.5843818187713623	73440	3545.918570995331	66725	9.143518518518519	
-1762725.6598411694	99.8125	8.025	99.1	60.225	-87.5891429253818	918	107	128	12	193	115	72	6	57	35	0	0	3.826824903488159	73520	3549.745395898819	66799	9.141730141458098	
-1850195.258310169	99.925	8.3625	109.0	66.0375	-87.5891429253818	919	107	107	12	201	120	93	7	65	40	0	0	3.8580050468444824	73600	3553.6034009456635	66873	9.139945652173907	
-1750275.919549215	100.0	8.1875	103.3	62.6875	-87.5891429253818	920	107	128	14	297	176	72	7	65	40	0	0	3.7962050437927246	73680	3557.399605989456	66947	9.138165038002171	
-1812778.184270369	100.0	8.325	105.9	64.1875	-87.5891429253818	921	107	144	14	249	148	56	6	57	35	0	0	3.822496175765991	73760	3561.222102165222	67020	9.137744034707168	
-2187780.491680427	99.85	8.075	101.6	61.7	-87.5891429253818	922	107	124	12	313	185	76	6	57	35	0	0	3.768829822540283	73840	3564.9909319877625	67092	9.138678223185266	
-2087780.108687543	100.1875	8.6125	116.9	70.65	-87.5891429253818	923	107	143	17	313	185	57	7	65	40	0	0	4.138979196548462	73920	3569.129911184311	67167	9.13555194805194	
-1187746.9901367766	99.625	8.4125	111.5	67.525	-87.5891429253818	924	107	128	13	249	148	62	7	65	40	0	0	3.6511337757110596	74000	3572.781044960022	67236	9.140540540540542	
-2112793.9542194298	100.0	8.3125	106.7	64.675	-87.5891429253818	925	107	134	14	233	138	66	6	57	35	0	0	3.779569149017334	74080	3576.5606141090393	67308	9.141468682505405	
-2025209.912303275	100.0	8.325	107.6	65.2	-87.5891429253818	926	107	145	12	201	120	55	7	65	40	0	0	3.7587249279022217	74160	3580.3193390369415	67379	9.14374325782093	
-1225282.2835998717	100.0	8.275	105.1	63.75	-87.5891429253818	927	107	128	14	249	148	72	7	65	40	0	0	3.6242339611053467	74240	3583.943572998047	67449	9.14735991379311	
-1225249.3023897076	100.0	8.325	106.3	64.4375	-87.5891429253818	928	107	118	13	225	134	82	7	65	40	0	0	3.627824068069458	74320	3587.5713970661163	67518	9.15231431646933	
-1675211.2815911272	101.125	8.341772151898734	106.72151898734177	64.67088607594937	-87.5891429253818	929	108	121	15.0	273.0	162.0	83	7.0	65.0	40.0	0	0	3.7036430835723877	74400	3591.2750401496887	67587	9.157258064516128	
-1775251.1270765034	101.5	8.25	104.9	63.6125	-87.5891429253818	930	108	135	12	201	120	65	7	65	40	0	0	3.882654905319214	74480	3595.157695055008	67660	9.156820622986032	
-1600271.186618558	101.5	8.4	107.7	65.25	-87.5891429253818	931	108	136	16	289	171	64	7	65	40	0	0	3.85086727142334	74560	3599.0085623264313	67732	9.157725321888407	
-1950256.9429288846	100.25	8.316455696202532	104.79746835443038	63.54430379746835	-87.5891429253818	932	109	130	12.0	193.0	115.0	59	7.0	65.0	40.0	0	0	3.8434250354766846	74640	3602.851987361908	67804	9.158628081457664	
-1587766.513520705	100.1125	8.3375	106.8	64.7	-87.5891429253818	933	109	146	11	177	106	33	7	65	40	0	0	3.6955227851867676	74720	3606.5475101470947	67873	9.163543897216272	
-1387756.5306816825	101.3125	8.5125	111.3	67.35	-87.5891429253818	934	109	144	14	265	157	75	7	65	40	0	0	3.95159912109375	74800	3610.4991092681885	67945	9.164438502673804	
-1812773.6395306264	100.625	8.5375	111.0	67.15	-87.5891429253818	935	109	157	14	233	138	43	7	65	40	0	0	4.0079920291900635	74880	3614.5071012973785	68016	9.166666666666671	
-800284.8331634626	100.2875	8.5	111.8	67.6625	-87.5891429253818	936	109	138	13	225	134	43	7	65	40	0	0	3.922344923019409	74960	3618.429446220398	68088	9.167556029882604	
-1350236.6000983124	99.9625	8.75	117.5	70.9625	-87.5891429253818	937	109	154	13	241	143	49	7	65	40	0	0	4.052749872207642	75040	3622.4821960926056	68159	9.169776119402982	
-1725241.95811731	100.0375	8.1	100.4	60.9875	-87.5891429253818	938	109	121	11	169	101	79	6	57	35	0	0	3.727660894393921	75120	3626.2098569869995	68232	9.16932907348243	
-1487767.3366928878	100.0	8.2625	104.7	63.5125	-87.5891429253818	939	109	139	11	177	106	61	7	65	40	0	0	3.685629367828369	75200	3629.895486354828	68303	9.171542553191486	
-2162785.143525759	100.0	8.2375	105.2	63.8125	-87.5891429253818	940	109	132	15	265	157	68	6	57	35	0	0	3.778719663619995	75280	3633.674206018448	68376	9.171094580233799	
-1450298.4649752476	100.0	8.4375	110.9	67.15	-87.5891429253818	941	109	122	11	201	120	78	7	65	40	0	0	3.737161159515381	75360	3637.4113671779633	68446	9.174628450106155	
-1487723.809430724	99.9125	8.375	109.2	66.15	-87.5891429253818	942	109	169	14	273	162	31	7	65	40	0	0	3.8535208702087402	75440	3641.264888048172	68518	9.175503711558846	
-1587705.9239782966	100.65	8.405063291139241	112.29113924050633	67.9620253164557	-87.5891429253818	943	110	175	16.0	345.0	204.0	25	6.0	57.0	35.0	0	0	3.844635248184204	75520	3645.109523296356	68589	9.17770127118645	
-1500296.2071691833	98.9625	8.1125	101.8	61.8125	-87.5891429253818	944	110	128	11	177	106	60	7	65	40	0	0	3.4407708644866943	75600	3648.550294160843	68656	9.18518518518519	
-1387759.8748748298	99.5	8.375	107.8	65.3125	-87.5891429253818	945	110	125	12	201	120	75	7	65	40	0	0	3.7509799003601074	75680	3652.301274061203	68727	9.187367864693442	
-1587780.4439882752	99.825	8.2375	103.6	62.85	-87.5891429253818	946	110	121	14	241	143	75	7	65	40	0	0	3.925650119781494	75760	3656.2269241809845	68800	9.186906019007395	
-1850259.5312758773	99.9	8.4375	111.1	67.25	-87.5891429253818	947	110	137	12	201	120	63	6	57	35	0	0	3.8900539875030518	75840	3660.1169781684875	68873	9.186445147679322	
-1500278.8776146271	100.7	8.3	107.6	65.2375	-87.5891429253818	948	110	151	12	217	129	60	7	65	40	0	0	3.702530860900879	75920	3663.8195090293884	68944	9.188619599578502	
-1950318.5475932215	100.0	8.3125	106.0	64.2625	-87.5891429253818	949	110	126	11	177	106	74	7	65	40	0	0	3.4773759841918945	76000	3667.2968850135803	69010	9.19736842105263	
-1775204.8671443842	100.0	8.417721518987342	109.0506329113924	66.0632911392405	-87.5891429253818	950	111	123	12.0	201.0	120.0	77	7.0	65.0	40.0	0	0	3.873183012008667	76080	3671.170068025589	69083	9.196898002103055	
-2175265.8209362403	99.5875	8.3	107.3	65.0375	-87.5891429253818	951	111	125	11	225	134	75	7	65	40	0	0	3.711954116821289	76160	3674.8820221424103	69153	9.200367647058826	
-875310.0234158036	100.0	8.25	106.1	64.3375	-87.5891429253818	952	111	123	11	177	106	77	6	57	35	0	0	3.6394100189208984	76240	3678.521432161331	69223	9.203830010493178	
-1100230.5813705113	100.0	8.2375	104.3	63.2875	-87.5891429253818	953	111	110	12	193	115	90	7	73	45	0	0	3.4277889728546143	76320	3681.949221134186	69289	9.212526205450729	
-1350228.509459285	100.0	8.225	105.9	64.2125	-87.5891429253818	954	111	130	13	217	129	70	6	57	35	0	0	3.5822930335998535	76400	3685.5315141677856	69357	9.218586387434556	
-1637742.3227856657	100.0	8.4125	111.1	67.2375	-87.5891429253818	955	111	126	12	225	134	74	6	57	35	0	0	3.9057109355926514	76480	3689.4372251033783	69429	9.219403765690387	
-1675297.5708784885	100.0	8.3	105.9	64.1875	-87.5891429253818	956	111	145	12	217	129	55	7	65	40	0	0	3.6743500232696533	76560	3693.111575126648	69498	9.224137931034477	
-1562748.4837207063	99.475	8.3375	106.4	64.4875	-87.5891429253818	957	111	138	13	217	129	62	6	57	35	0	0	3.93855881690979	76640	3697.0501339435577	69573	9.221033402922757	
-1712804.1240855637	100.1625	8.4875	110.7	67.0125	-87.5891429253818	958	111	146	15	297	176	54	7	65	40	0	0	3.712228298187256	76720	3700.762362241745	69643	9.224452554744516	
-1112708.8075832522	100.8	8.26923076923077	105.3076923076923	63.85897435897436	-87.5891429253818	959	113	157	13.0	249.0	148.0	57	7.0	65.0	40.0	0	0	3.5435707569122314	76800	3704.305932998657	69711	9.23046875	
-1900212.632815861	102.15	8.5	113.9	68.9	-87.5891429253818	960	113	138	14	241	143	62	7	65	40	0	0	3.692474126815796	76880	3707.998407125473	69779	9.236472424557746	
-1725208.0316667245	101.2	8.3875	110.8	67.1125	-87.5891429253818	961	113	128	16	281	166	75	7	65	40	0	0	3.965601921081543	76960	3711.9640090465546	69850	9.238565488565484	
-1537763.987349676	102.425	8.325	109.5	66.325	-87.5891429253818	962	113	128	13	241	143	77	7	65	40	0	0	3.875430107116699	77040	3715.8394391536713	69922	9.239356178608517	
-1325254.6362794985	100.35	8.2625	107.0	64.8625	-87.5891429253818	963	113	131	12	217	129	69	7	65	40	0	0	3.574329137802124	77120	3719.4137682914734	69990	9.245331950207472	
-1562700.2780830248	99.875	8.1375	102.6	62.3	-87.5891429253818	964	113	131	11	177	106	69	7	65	40	0	0	3.5131938457489014	77200	3722.9269621372223	70059	9.25	
-1575147.0148324803	100.0	8.2	104.2	63.225	-87.5891429253818	965	113	125	13	217	129	75	7	65	40	0	0	3.4528520107269287	77280	3726.379814147949	70124	9.259834368530022	
-1350279.4829678214	100.3875	8.39240506329114	107.0253164556962	64.86075949367088	-87.5891429253818	966	114	137	14.0	249.0	148.0	63	7.0	73.0	45.0	0	0	3.702836036682129	77360	3730.0826501846313	70194	9.263185108583244	
-2337806.0519394353	100.925	8.2625	105.0	63.65	-87.5891429253818	967	114	136	12	241	143	70	6	57	35	0	0	4.077180862426758	77440	3734.159831047058	70270	9.258780991735534	
-1475227.4405370075	100.9375	8.3	106.5	64.575	-87.5891429253818	968	114	130	12	193	115	70	7	65	40	0	0	3.7894370555877686	77520	3737.949268102646	70342	9.2595459236326	
-1512691.6253215042	100.475	8.275	106.0	64.275	-87.5891429253818	969	114	145	13	217	129	69	7	65	40	0	0	3.764991044998169	77600	3741.714259147644	70414	9.260309278350519	
-2087755.5139394284	100.1875	8.35	107.4	65.05	-87.5891429253818	970	114	131	14	273	162	69	7	65	40	0	0	3.8141908645629883	77680	3745.528450012207	70485	9.26235839340886	
-1137758.4012508697	99.275	8.225	106.7	64.675	-87.5891429253818	971	114	122	15	321	190	69	6	57	35	0	0	3.4783220291137695	77760	3749.006772041321	70550	9.272119341563794	
-1837690.2388566001	100.0	8.25	104.1	63.15	-87.5891429253818	972	114	134	11	177	106	66	7	65	40	0	0	3.543901205062866	77840	3752.5506732463837	70618	9.278006166495373	
-2562763.637267123	100.0	8.1625	104.1	63.175	-87.5891429253818	973	114	123	11	201	120	77	7	65	40	0	0	3.699002742767334	77920	3756.249675989151	70690	9.278747433264883	
-1312767.2087971112	100.5625	8.151898734177216	103.78481012658227	63.0	-87.5891429253818	974	115	148	14.0	265.0	157.0	52	7.0	65.0	40.0	0	0	3.785433292388916	78000	3760.03510928154	70764	9.276923076923069	
-1687752.9323353288	100.2875	8.354430379746836	109.15189873417721	66.12658227848101	-87.5891429253818	975	116	143	13.0	249.0	148.0	57	7.0	65.0	40.0	0	0	3.9075849056243896	78080	3763.9426941871643	70837	9.276383196721312	
-1662789.917301387	100.9875	8.3625	107.1	64.9	-87.5891429253818	976	116	127	13	249	148	73	7	65	40	0	0	3.927428960800171	78160	3767.8701231479645	70911	9.274564994882297	
-1812718.6416800052	100.375	8.075	100.2	60.8875	-87.5891429253818	977	116	120	11	169	101	82	7	65	40	0	0	3.6910440921783447	78240	3771.561167240143	70984	9.274028629856844	
-2037752.9598453431	100.0	8.3375	106.2	64.3875	-87.5891429253818	978	116	124	14	241	143	76	7	73	45	0	0	3.8887128829956055	78320	3775.4498801231384	71057	9.273493360572019	
-1937757.3850611984	100.0	8.3875	107.7	65.2625	-87.5891429253818	979	116	136	11	177	106	64	7	65	40	0	0	3.850043773651123	78400	3779.2999238967896	71129	9.274234693877546	
-900237.671194599	100.0	8.25	106.7	64.7	-87.5891429253818	980	116	111	11	201	120	89	7	65	40	0	0	3.6229844093322754	78480	3782.922908306122	71198	9.27879714576963	
-1462765.023124645	100.0	8.3875	109.8	66.4875	-87.5891429253818	981	116	138	13	273	162	62	6	57	35	0	0	3.6113438606262207	78560	3786.534252166748	71265	9.28589613034623	
-2162729.74689602	100.025	8.341772151898734	105.9113924050633	64.18987341772151	-87.5891429253818	982	117	116	14.0	241.0	143.0	84	6.0	57.0	35.0	0	0	3.7239739894866943	78640	3790.2582261562347	71335	9.28916581892166	
-2350283.565522967	99.825	8.3875	108.0	65.4125	-87.5891429253818	983	117	130	14	249	148	70	6	57	35	0	0	3.888741970062256	78720	3794.146968126297	71408	9.28861788617887	
-1287779.8395232963	100.0	8.2625	106.6	64.625	-87.5891429253818	984	117	143	12	225	134	57	6	57	35	0	0	3.615352153778076	78800	3797.762320280075	71477	9.293147208121837	
-1737767.2911007598	101.5	8.2625	105.8	64.1375	-87.5580375408116	985	117	150	12	193	115	50	7	65	40	0	0	3.5924317836761475	78880	3801.354752063751	71545	9.298935091277897	
-1325258.7201390408	100.275	8.475	113.5	68.675	-87.5580375408116	986	117	137	14	241	143	63	7	65	40	0	0	3.9497361183166504	78960	3805.304488182068	71618	9.298378926038495	
-1912709.6940532527	100.0625	8.3875	108.8	65.8875	-87.5580375408116	987	117	138	14	297	176	62	7	65	40	0	0	3.798754930496216	79040	3809.103243112564	71688	9.301619433198383	
-2112881.445975949	100.0	8.2875	105.8	64.1375	-87.5580375408116	988	117	132	11	177	106	68	6	57	35	0	0	3.7681899070739746	79120	3812.871433019638	71759	9.303589484327603	
-875262.159828082	99.5	8.425	112.3	67.975	-87.5580375408116	989	117	129	13	249	148	71	7	73	45	0	0	4.068198204040527	79200	3816.9396312236786	71834	9.300505050505052	
-1600317.3438174124	100.0	8.1375	102.4	62.1875	-87.5580375408116	990	117	131	14	241	143	69	7	65	40	0	0	3.7034900188446045	79280	3820.643121242523	71906	9.301210898082743	
-1775282.3855252191	100.0	8.4625	110.6	66.95	-87.5580375408116	991	117	136	13	249	148	64	7	65	40	0	0	3.978806972503662	79360	3824.621928215027	71980	9.29939516129032	
-1912833.8021015413	102.8875	8.2375	104.7	63.5	-87.5580375408116	992	117	178	13	249	148	58	7	65	40	0	0	3.983443021774292	79440	3828.605371236801	72056	9.295065458207446	
-1337723.5129917455	102.6375	8.2875	106.7	64.6875	-87.5580375408116	993	117	149	15	273	162	46	7	65	40	0	0	3.9332289695739746	79520	3832.538600206375	72131	9.29200201207243	
-1412705.1998260035	100.4375	8.2625	103.4	62.7375	-87.5580375408116	994	117	141	12	201	120	71	7	65	40	0	0	3.9424657821655273	79600	3836.4810659885406	72206	9.288944723618087	
-1275271.4108362081	99.7125	8.3	108.0	65.45	-87.5580375408116	995	117	129	12	225	134	71	7	65	40	0	0	3.920152187347412	79680	3840.401218175888	72280	9.287148594377513	
-1462793.1942017248	101.25	8.2375	104.7	63.5375	-87.5580375408116	996	117	146	14	249	148	73	7	65	40	0	0	3.861467123031616	79760	3844.2626852989197	72356	9.28284854563691	
-1637794.0866779487	100.825	8.1125	101.2	61.4625	-87.5580375408116	997	117	126	11	177	106	74	6	57	35	0	0	3.876406669616699	79840	3848.1390919685364	72432	9.278557114228462	
-1775239.250674863	100.0	8.275	104.1	63.1375	-87.5580375408116	998	117	118	14	233	138	82	7	65	40	0	0	3.812865972518921	79920	3851.9519579410553	72504	9.27927927927928	
-1737765.6850749701	100.0	8.4125	109.2	66.1625	-87.5580375408116	999	117	134	14	249	148	66	7	65	40	0	0	3.7683660984039307	80000	3855.7203240394592	72576	9.280000000000001	
-2000253.0561933673	100.0875	8.3375	106.8	64.7375	-87.5580375408116	1000	117	137	11	201	120	63	7	65	40	0	0	3.990406036376953	80080	3859.710730075836	72651	9.276973026973025	
-1550258.4968717988	99.525	8.2375	103.7	62.9125	-87.5580375408116	1001	117	142	11	177	106	58	6	57	35	0	0	3.8963189125061035	80160	3863.6070489883423	72724	9.27644710578842	
-1600234.4163293664	99.825	8.3	106.9	64.8	-87.53665143168229	1002	117	123	13	217	129	77	7	65	40	0	0	3.8483200073242188	80240	3867.4553689956665	72797	9.275922233300108	
-1550229.8608906048	100.5625	8.075	99.9	60.7	-87.53665143168229	1003	117	133	11	201	120	69	7	65	40	0	0	3.8267838954925537	80320	3871.282152891159	72871	9.274153386454188	
-1562806.5576408976	101.325	8.3625	107.4	65.0875	-87.53665143168229	1004	117	132	12	201	120	68	7	65	40	0	0	3.790119171142578	80400	3875.0722720623016	72943	9.274875621890544	
-2412765.888618283	100.0	8.175	102.2	62.025	-87.53665143168229	1005	117	123	14	249	148	77	6	57	35	0	0	3.8873190879821777	80480	3878.959591150284	73018	9.271868787276333	
-2125268.6358762104	99.75	8.275	105.0	63.7	-87.53665143168229	1006	117	146	12	201	120	54	7	65	40	0	0	3.84066104888916	80560	3882.800252199173	73092	9.270109235352535	
-1500236.0087375874	101.075	8.375	107.5	65.15	-87.53665143168229	1007	117	149	15	265	157	59	7	65	40	0	0	3.8400158882141113	80640	3886.640268087387	73165	9.269593253968253	
-1350324.5352040417	99.225	8.25	105.2	63.825	-87.53665143168229	1008	117	122	14	241	143	52	7	65	40	0	0	3.9051058292388916	80720	3890.545373916626	73240	9.266600594648168	
-1975281.74858644	100.375	8.151898734177216	101.75949367088607	61.81012658227848	-87.53665143168229	1009	118	129	11.0	177.0	106.0	71	7.0	65.0	40.0	0	0	3.801518201828003	80800	3894.346892118454	73313	9.26608910891089	
-2712737.3662871765	100.9125	8.2625	105.3	63.85	-87.53665143168229	1010	118	133	13	249	148	69	7	65	40	0	0	3.9119961261749268	80880	3898.258888244629	73386	9.265578635014833	
-2075267.822429369	101.8375	8.275	104.4	63.325	-87.53665143168229	1011	118	131	13	249	148	70	7	65	40	0	0	3.9682188034057617	80960	3902.2271070480347	73462	9.26136363636364	
-1787777.7087867712	101.35	8.20253164556962	104.29113924050633	63.265822784810126	-87.53665143168229	1012	119	171	13.0	321.0	190.0	51	6.0	57.0	35.0	0	0	3.627373218536377	81040	3905.854480266571	73531	9.265794669299112	
-1787790.045717898	100.875	8.4	108.4	65.675	-87.53665143168229	1013	119	155	12	193	115	45	7	65	40	0	0	3.9468698501586914	81120	3909.8013501167297	73605	9.264053254437869	
-1862745.4672111135	102.775	8.3375	107.1	64.925	-87.53665143168229	1014	119	187	12	201	120	68	7	65	40	0	0	3.8611040115356445	81200	3913.6624541282654	73679	9.262315270935957	
-2050252.4937530837	100.525	8.225	105.2	63.825	-87.53665143168229	1015	119	133	11	177	106	67	7	73	45	0	0	3.8901970386505127	81280	3917.552651166916	73754	9.259350393700785	
-1575210.4915433917	101.225	8.2125	105.1	63.7625	-87.53665143168229	1016	119	128	12	193	115	72	7	65	40	0	0	3.666856050491333	81360	3921.219507217407	73825	9.261307767944942	
-1100275.999760661	100.0	8.15	101.1	61.4125	-87.53665143168229	1017	119	140	11	177	106	60	7	73	45	0	0	3.8099217414855957	81440	3925.029428958893	73899	9.259577603143427	
-1900250.0343220732	100.0	8.1625	103.3	62.675	-87.53665143168229	1018	119	141	13	249	148	59	6	57	35	0	0	3.9042623043060303	81520	3928.933691263199	73973	9.257850834151128	
-1787766.3316264667	99.5375	8.3125	105.5	63.9625	-87.53665143168229	1019	119	117	12	249	148	63	7	65	40	0	0	4.0053839683532715	81600	3932.939075231552	74047	9.256127450980387	
-2412774.3208763814	100.0	8.175	101.5	61.6	-87.53665143168229	1020	119	140	11	169	101	60	6	57	35	0	0	3.8954079151153564	81680	3936.8344831466675	74121	9.254407443682666	
-1412749.3565341334	100.325	8.5	110.3	66.7875	-87.53665143168229	1021	119	130	15	265	157	70	7	73	45	0	0	3.9618799686431885	81760	3940.7963631153107	74195	9.25269080234834	
-2150249.2110309205	100.45	8.2875	104.8	63.55	-87.53665143168229	1022	119	138	12	185	110	62	7	65	40	0	0	3.790616989135742	81840	3944.5869801044464	74266	9.254643206256105	
-1662711.2511010803	99.4	8.025	99.4	60.4375	-87.53665143168229	1023	119	113	14	241	143	76	7	65	40	0	0	3.6294021606445312	81920	3948.216382265091	74338	9.25537109375	
-1300238.6227897794	100.0125	8.225	102.8	62.4	-87.53665143168229	1024	119	123	14	241	143	77	7	73	45	0	0	3.7876248359680176	82000	3952.004007101059	74411	9.254878048780483	
-1787721.010438795	100.0	8.275	106.1	64.35	-87.53665143168229	1025	119	118	14	297	176	82	7	65	40	0	0	3.7098388671875	82080	3955.7138459682465	74482	9.25682261208577	
-2125237.5894781323	100.0	8.25	104.8	63.575	-87.53665143168229	1026	119	137	14	273	162	63	7	65	40	0	0	3.9393410682678223	82160	3959.6531870365143	74557	9.253894839337875	
-1387778.5460255072	98.6125	8.2	103.5	62.8125	-87.53665143168229	1027	119	137	14	273	162	63	7	65	40	0	0	3.859344959259033	82240	3963.5125319957733	74629	9.254620622568083	
-2312728.9001538316	100.0	8.1625	102.3	62.1	-87.53665143168229	1028	119	119	15	273	162	81	7	65	40	0	0	3.810966968536377	82320	3967.3234989643097	74703	9.252915451895035	
-1375303.241624783	100.0	8.1875	102.7	62.325	-87.53665143168229	1029	119	136	11	177	106	64	7	65	40	0	0	3.686800241470337	82400	3971.01029920578	74774	9.254854368932044	
-1712708.1451947396	99.75	8.15	101.9	61.875	-87.53665143168229	1030	119	146	12	193	115	54	6	57	35	0	0	3.8290927410125732	82480	3974.8393919467926	74849	9.251939864209504	
-1425215.5511348434	100.0	8.2375	105.0	63.6875	-87.53665143168229	1031	119	123	11	193	115	77	6	57	35	0	0	3.7991602420806885	82560	3978.6385521888733	74920	9.253875968992247	
-1537777.8043830586	100.0	8.325	105.3	63.85	-87.53665143168229	1032	119	146	12	193	115	54	7	65	40	0	0	3.9682180881500244	82640	3982.6067702770233	74996	9.249757986447236	
-2262772.6872789543	100.625	8.1125	101.0	61.375	-87.53665143168229	1033	119	142	11	169	101	58	7	65	40	0	0	3.772739887237549	82720	3986.379510164261	75071	9.246856866537726	
-1737745.2239851267	101.0	8.3375	107.0	64.8625	-87.53665143168229	1034	119	142	13	241	143	68	7	81	50	0	0	4.02212381362915	82800	3990.40163397789	75147	9.242753623188406	
-2162724.936202644	100.75	8.35	107.3	65.025	-87.53665143168229	1035	119	137	14	249	148	63	7	65	40	0	0	3.756256103515625	82880	3994.1578900814056	75218	9.244691119691112	
-1875222.4198300913	100.0	8.2375	104.5	63.4125	-87.53665143168229	1036	119	121	11	177	106	79	7	65	40	0	0	3.685822010040283	82960	3997.843712091446	75290	9.245419479267113	
-1700253.2948177897	100.0	8.0125	98.1	59.6375	-87.53665143168229	1037	119	134	11	169	101	66	6	57	35	0	0	3.755409002304077	83040	4001.59912109375	75364	9.24373795761079	
-1375251.5321279194	100.0	8.20253164556962	103.58227848101266	62.860759493670884	-87.53665143168229	1038	120	134	17.0	305.0	180.0	66	7.0	65.0	40.0	0	0	3.592655897140503	83120	4005.1917769908905	75433	9.24807507218479	
-1587795.5149125147	100.0	8.45	110.7	67.0375	-87.53665143168229	1039	120	137	14	241	143	63	7	65	40	0	0	4.016605377197266	83200	4009.2083823680878	75509	9.243990384615387	
-1162785.3119059275	100.15	8.320512820512821	105.92307692307692	64.23076923076923	-87.53665143168229	1040	122	137	14.0	249.0	148.0	63	7.0	65.0	40.0	0	0	3.6494367122650146	83280	4012.857819080353	75579	9.247118155619589	
-1500273.3418383326	100.0	8.2	103.5	62.8125	-87.53665143168229	1041	122	142	13	217	129	58	7	65	40	0	0	3.7489511966705322	83360	4016.6067702770233	75651	9.247840690978876	
-2325225.9558270285	100.0	8.4625	110.3	66.7875	-87.53665143168229	1042	122	143	16	321	190	57	7	65	40	0	0	4.005502939224243	83440	4020.6122732162476	75725	9.246164908916583	
-1537723.9256021304	100.075	8.3125	105.9	64.1875	-87.53665143168229	1043	122	131	12	273	162	64	7	65	40	0	0	3.779810905456543	83520	4024.392084121704	75795	9.249281609195407	
-2175249.429311569	100.5625	8.164556962025317	101.15189873417721	61.40506329113924	-87.53665143168229	1044	123	153	11.0	177.0	106.0	47	7.0	65.0	40.0	0	0	3.7249670028686523	83600	4028.1170511245728	75867	9.25	
-2062767.0106621399	100.025	8.2	104.3	63.275	-87.53665143168229	1045	123	138	14	273	162	62	6	57	35	0	0	3.954972982406616	83680	4032.0720241069794	75942	9.24713193116635	
-1750319.9204529612	100.05	8.1625	103.4	62.75	-87.53665143168229	1046	123	133	13	217	129	67	6	57	35	0	0	3.9416608810424805	83760	4036.013684988022	76018	9.243075453677179	
-1637761.4131217967	100.2	8.075949367088608	99.9367088607595	60.721518987341774	-87.53665143168229	1047	124	136	11.0	169.0	101.0	64	6.0	57.0	35.0	0	0	3.776881217956543	83840	4039.7905662059784	76092	9.24141221374046	
-2100287.18144974	99.9625	8.1375	101.4	61.5875	-87.53665143168229	1048	124	125	11	169	101	75	7	65	40	0	0	3.8246679306030273	83920	4043.6152341365814	76167	9.23856053384175	
-1137705.3045580308	100.35	8.126582278481013	100.54430379746836	61.075949367088604	-87.53665143168229	1049	125	168	12.0	193.0	115.0	46	7.0	65.0	40.0	0	0	3.7261600494384766	84000	4047.34139418602	76240	9.23809523809524	
-1700235.3990615315	100.175	8.15	101.2	61.4625	-87.53665143168229	1050	125	126	13	249	148	74	7	65	40	0	0	3.4174489974975586	84080	4050.7588431835175	76306	9.245956232159841	
-1775353.076427415	100.525	8.1625	101.1	61.3875	-87.53665143168229	1051	125	136	11	169	101	64	7	65	40	0	0	3.731480121612549	84160	4054.49032330513	76378	9.246673003802286	
-1462786.3969283632	102.2125	8.25	103.8	62.975	-87.53665143168229	1052	125	136	12	193	115	78	7	65	40	0	0	3.7291877269744873	84240	4058.2195110321045	76450	9.24738841405508	
-1250278.0630929805	101.8	8.2625	105.2	63.8	-87.53665143168229	1053	125	144	12	225	134	56	7	65	40	0	0	3.809278964996338	84320	4062.028789997101	76523	9.246916508538902	
-1612740.4071803305	100.55	8.240506329113924	103.27848101265823	62.65822784810127	-87.53665143168229	1054	126	144	14.0	249.0	148.0	65	7.0	65.0	40.0	0	0	3.798398971557617	84400	4065.8271889686584	76596	9.246445497630333	
-1625241.5956464906	100.25	8.1625	102.2	62.0375	-87.53665143168229	1055	126	130	11	225	134	70	7	65	40	0	0	3.6001901626586914	84480	4069.427379131317	76664	9.251893939393938	
-2112749.75099991	99.7375	8.0375	98.6	59.925	-87.53665143168229	1056	126	138	11	177	106	62	7	65	40	0	0	3.9316840171813965	84560	4073.3590631484985	76737	9.251419110690634	
-2062714.2137587084	100.2	8.275	105.6	64.025	-87.53665143168229	1057	126	132	17	313	185	68	7	65	40	0	0	4.284239053726196	84640	4077.6433022022247	76810	9.250945179584122	
-2362693.930411696	99.1375	8.3	104.6	63.4125	-87.52867841377034	1058	126	127	14	233	138	73	7	65	40	0	0	4.384021043777466	84720	4082.027323246002	76885	9.24811142587346	
-1562745.392627978	100.3	8.2	103.7	62.9375	-87.52736205711548	1059	126	129	17	321	190	71	6	57	35	0	0	3.9013118743896484	84800	4085.928635120392	76960	9.245283018867923	
-1687762.3312025121	101.0375	8.4125	109.3	66.2	-87.52736205711548	1060	126	123	13	273	162	77	7	65	40	0	0	3.8414111137390137	84880	4089.770046234131	77032	9.24599434495758	
-875347.5459162963	101.0125	8.1875	102.4	62.175	-87.52736205711548	1061	126	139	11	169	101	61	7	65	40	0	0	3.7998909950256348	84960	4093.5699372291565	77106	9.244350282485883	
-1050213.088304069	100.275	8.2125	103.4	62.75	-87.52736205711548	1062	126	116	13	225	134	84	7	65	40	0	0	3.8778178691864014	85040	4097.447755098343	77181	9.241533396048922	
-1075202.9392014754	100.0	8.225	103.3	62.7	-87.52736205711548	1063	126	123	11	169	101	77	7	65	40	0	0	3.8039159774780273	85120	4101.251671075821	77254	9.241071428571416	
-1275250.320386726	100.5	8.5125	112.4	68.025	-87.52736205711548	1064	126	120	13	249	148	83	7	73	45	0	0	4.001923084259033	85200	4105.25359416008	77328	9.239436619718305	
-1550279.2694010856	99.8	8.275	104.3	63.275	-87.52736205711548	1065	126	153	11	177	106	47	7	65	40	0	0	3.7514350414276123	85280	4109.005029201508	77400	9.240150093808637	
-1525303.9966857159	99.95	8.4125	109.4	66.2625	-87.52736205711548	1066	126	156	17	321	190	43	7	65	40	0	0	4.001177072525024	85360	4113.006206274033	77475	9.237347703842545	
-987747.9873608887	99.75	8.2	104.5	63.4	-87.52736205711548	1067	126	139	11	177	106	61	7	65	40	0	0	3.7638978958129883	85440	4116.770104169846	77547	9.238061797752806	
-2000335.8918103494	100.6	8.4375	109.7	66.425	-87.52736205711548	1068	126	152	12	225	134	62	7	65	40	0	0	4.053518056869507	85520	4120.823622226715	77623	9.234097287184284	
-2125169.2112691784	100.65	8.2125	102.7	62.325	-87.52736205711548	1069	126	116	11	177	106	88	7	65	40	0	0	3.8806118965148926	85600	4124.70423412323	77698	9.231308411214954	
-1637784.7150186016	100.0	8.2375	104.8	63.5875	-87.52736205711548	1070	126	139	12	225	134	61	7	65	40	0	0	3.6924500465393066	85680	4128.396684169769	77770	9.232026143790847	
-1812755.4447499749	100.0875	8.5125	114.0	68.9875	-87.52736205711548	1071	126	125	12	225	134	75	7	65	40	0	0	3.8925459384918213	85760	4132.289230108261	77843	9.231576492537314	
-1700266.3118967817	100.0625	8.375	108.3	65.625	-87.52736205711548	1072	126	140	13	209	124	60	7	65	40	0	0	3.8784849643707275	85840	4136.167715072632	77916	9.231127679403542	
-1400220.2766144024	100.925	8.2	104.2	63.25	-87.52736205711548	1073	126	140	14	241	143	67	7	65	40	0	0	3.937227964401245	85920	4140.104943037033	77992	9.227188081936688	
-1325216.461492672	100.0	8.225	104.0	63.1125	-87.52736205711548	1074	126	141	11	177	106	59	6	57	35	0	0	3.7853362560272217	86000	4143.89027929306	78065	9.226744186046503	
-1987715.4509331349	100.0	8.3	106.3	64.425	-87.52736205711548	1075	126	145	12	225	134	55	7	65	40	0	0	4.0355658531188965	86080	4147.925845146179	78141	9.222815985130111	
-1825269.094265074	99.95	8.2	103.3	62.675	-87.52736205711548	1076	126	142	13	289	171	58	7	65	40	0	0	3.9779560565948486	86160	4151.903801202774	78216	9.220055710306411	
-2037704.5003224954	99.9625	8.1	99.7	60.575	-87.52736205711548	1077	126	142	13	217	129	58	7	65	40	0	0	3.533331871032715	86240	4155.437133073807	78285	9.224257884972175	
-1837776.1509105905	100.0	8.325	108.0	65.475	-87.52736205711548	1078	126	142	15	265	157	58	7	65	40	0	0	3.9036412239074707	86320	4159.340774297714	78360	9.221501390176087	
-1712759.483182662	100.0	8.278481012658228	107.43037974683544	65.12658227848101	-87.52736205711548	1079	127	134	11.0	177.0	106.0	66	7.0	65.0	40.0	0	0	3.867421865463257	86400	4163.2081961631775	78433	9.22106481481481	
-2125272.4697090657	101.175	8.2875	106.0	64.275	-87.52736205711548	1080	127	152	13	249	148	48	7	65	40	0	0	3.7427351474761963	86480	4166.950931310654	78504	9.222941720629052	
-1675250.57705051	100.1875	8.0375	99.7	60.6125	-87.52736205711548	1081	127	131	12	249	148	75	7	65	40	0	0	3.651014804840088	86560	4170.601946115494	78576	9.223659889094264	
-1812719.201129166	100.175	8.35	108.5	65.725	-87.52736205711548	1082	127	141	13	241	143	59	7	65	40	0	0	4.009186029434204	86640	4174.611132144928	78651	9.220914127423825	
-1987828.7898610577	100.0	8.1875	102.8	62.3875	-87.52736205711548	1083	127	138	11	201	120	60	7	65	40	0	0	3.777038812637329	86720	4178.388170957565	78724	9.220479704797043	
-1912795.966911065	100.025	8.175	103.4	62.7375	-87.52736205711548	1084	127	124	11	201	120	76	7	65	40	0	0	3.737542152404785	86800	4182.12571310997	78796	9.221198156682036	
-1525219.794706525	100.0	8.3625	109.7	66.4625	-87.52736205711548	1085	127	126	11	201	120	74	7	65	40	0	0	3.634084939956665	86880	4185.759798049927	78865	9.225368324125228	
-2262781.631665005	100.0	8.325	105.7	64.075	-87.52736205711548	1086	127	129	11	177	106	71	7	65	40	0	0	3.753880023956299	86960	4189.513678073883	78936	9.227230910763566	
-1437710.3095258973	100.2625	8.275	105.6	64.025	-87.52736205711548	1087	127	125	11	297	176	75	7	65	40	0	0	3.851713180541992	87040	4193.365391254425	79007	9.229090073529406	
-1862755.1816100434	100.95	8.3	106.9	64.7875	-87.52736205711548	1088	127	132	12	201	120	68	6	57	35	0	0	3.8519747257232666	87120	4197.217365980148	79080	9.228650137741042	
-1675363.020856051	100.9375	8.425	110.3	66.7875	-87.52736205711548	1089	127	135	12	225	134	65	7	65	40	0	0	3.9285922050476074	87200	4201.145958185196	79153	9.228211009174316	
-1225239.406812334	100.5875	8.4875	112.9	68.2875	-87.52736205711548	1090	127	147	14	361	213	53	7	73	45	0	0	4.155987024307251	87280	4205.301945209503	79226	9.227772685609537	
-1475288.4097657148	99.475	8.3375	106.3	64.4375	-87.52736205711548	1091	127	117	12	193	115	58	7	65	40	0	0	3.7942419052124023	87360	4209.096187114716	79298	9.228479853479854	
-1012763.7122786237	99.475	8.1375	103.6	62.875	-87.52736205711548	1092	127	114	11	217	129	58	7	65	40	0	0	3.8172669410705566	87440	4212.913454055786	79371	9.228042086001835	
-1912766.7273481437	100.0	8.275	104.5	63.3625	-87.50473962190785	1093	127	128	12	193	115	72	6	57	35	0	0	3.8745861053466797	87520	4216.788040161133	79444	9.227605118829985	
-1512785.7071055146	99.9125	8.35	104.8	63.525	-87.50473962190785	1094	127	126	11	169	101	74	7	65	40	0	0	3.8159430027008057	87600	4220.603983163834	79515	9.229452054794521	
-1975214.8186737783	99.8125	8.253164556962025	104.39240506329114	63.31645569620253	-87.50473962190785	1095	128	175	11.0	177.0	106.0	17	7.0	65.0	40.0	0	0	3.674994945526123	87680	4224.27897810936	79585	9.232436131386862	
-1187815.369846934	99.9	8.375	108.0	65.4375	-87.50473962190785	1096	128	141	13	273	162	59	7	65	40	0	0	3.853233814239502	87760	4228.132211923599	79658	9.231996353691883	
-925239.0504564203	102.05	8.253164556962025	105.70886075949367	64.11392405063292	-87.50473962190785	1097	129	158	12.0	193.0	115.0	42	7.0	65.0	40.0	0	0	3.863657236099243	87840	4231.9958691596985	79732	9.230418943533707	
-587734.2629037593	99.8375	8.05	98.4	59.8125	-87.50473962190785	1098	129	141	12	193	115	73	7	65	40	0	0	3.711538076400757	87920	4235.707407236099	79805	9.229981801637848	
-1525317.6677633359	100.0	8.2625	105.2	63.8125	-87.50473962190785	1099	129	123	12	193	115	77	7	73	45	0	0	3.8278439044952393	88000	4239.5352511405945	79879	9.228409090909096	
-1262784.025811574	100.0	8.2625	104.7	63.525	-87.50473962190785	1100	129	148	16	297	176	52	7	65	40	0	0	3.8318119049072266	88080	4243.367063045502	79954	9.225703905540414	
-1412748.7776543167	100.0	8.2	104.4	63.3625	-87.50473962190785	1101	129	134	11	177	106	66	7	73	45	0	0	3.8094630241394043	88160	4247.176526069641	80027	9.225272232304903	
-1200289.436086427	100.0	8.0	97.9	59.525	-87.50473962190785	1102	129	139	10	177	106	61	6	57	35	0	0	3.684762954711914	88240	4250.861289024353	80100	9.224841341795113	
-1762745.5371128456	100.0	8.35	107.9	65.3875	-87.50473962190785	1103	129	149	13	249	148	51	7	65	40	0	0	3.9202780723571777	88320	4254.78156709671	80172	9.22554347826086	
-1587793.367790614	100.0	8.4375	108.7	65.825	-87.50473962190785	1104	129	142	14	249	148	58	7	65	40	0	0	4.006701946258545	88400	4258.788269042969	80246	9.2239819004525	
-1325238.2869118587	100.0	8.5375	112.3	67.95	-87.50473962190785	1105	129	131	16	297	176	69	7	65	40	0	0	4.038749933242798	88480	4262.827018976212	80320	9.222423146473773	
-1962791.2318837303	100.0	8.3	108.0	65.45	-87.50473962190785	1106	129	131	11	217	129	69	7	73	45	0	0	3.9556150436401367	88560	4266.782634019852	80394	9.22086720867209	
-1625267.072204039	99.875	8.275	106.8	64.75	-87.50473962190785	1107	129	155	16	297	176	45	7	65	40	0	0	3.8298752307891846	88640	4270.612509250641	80467	9.22044223826714	
-1425237.8366807003	100.125	8.25	106.2	64.3875	-87.50473962190785	1108	129	132	14	241	143	68	6	57	35	0	0	3.898329734802246	88720	4274.510838985443	80541	9.218890892696123	
-1300242.5452052646	99.7	8.3125	107.8	65.325	-87.50473962190785	1109	129	131	11	201	120	69	7	65	40	0	0	3.8758981227874756	88800	4278.386737108231	80614	9.218468468468473	
-1225304.2496361113	99.95	8.2125	104.7	63.525	-87.50473962190785	1110	129	141	12	225	134	59	7	65	40	0	0	3.784940004348755	88880	4282.171677112579	80687	9.218046804680469	
-1150224.5097927933	100.0	8.3875	110.0	66.625	-87.50473962190785	1111	129	133	17	369	218	67	7	65	40	0	0	3.837143898010254	88960	4286.00882101059	80759	9.21875	
-1700222.865530181	100.0	8.725	117.0	70.7	-87.50473962190785	1112	129	148	14	265	157	74	7	73	45	0	0	4.173587322235107	89040	4290.182408332825	80835	9.21495956873315	
-1587718.3884970273	99.875	8.3125	107.8	65.3625	-87.50473962190785	1113	129	118	12	273	162	74	7	65	40	0	0	3.776841878890991	89120	4293.959250211716	80908	9.21454219030521	
-1775376.6724693798	100.625	8.3	105.5	63.95	-87.50473962190785	1114	129	154	12	225	134	46	7	65	40	0	0	3.7796149253845215	89200	4297.7388651371	80979	9.216367713004487	
-1587847.3415012907	99.6	8.2875	105.6	64.0375	-87.50473962190785	1115	129	149	11	177	106	51	7	65	40	0	0	3.9283039569854736	89280	4301.667169094086	81053	9.214829749103941	
-1862845.7659186355	100.05	8.1625	101.3	61.5	-87.50473962190785	1116	129	136	11	177	106	64	7	65	40	0	0	3.649461030960083	89360	4305.316630125046	81123	9.217770814682183	
-1937760.6913387664	101.75	8.1875	103.0	62.5	-87.50473962190785	1117	129	136	13	217	129	75	6	57	35	0	0	3.8858439922332764	89440	4309.202474117279	81197	9.2162343470483	
-1387746.5547096257	100.975	8.2875	105.6	64.025	-87.50473962190785	1118	129	137	12	225	134	63	7	65	40	0	0	3.716542959213257	89520	4312.919017076492	81267	9.219168900804291	
-1262798.6937026333	99.975	8.275	104.6	63.45	-87.50473962190785	1119	129	130	12	193	115	70	7	73	45	0	0	3.8455810546875	89600	4316.76459813118	81341	9.21763392857143	
-1312751.4073695443	99.85	8.1125	100.4	60.9625	-87.50473962190785	1120	129	145	11	177	106	55	6	57	35	0	0	3.64372181892395	89680	4320.408319950104	81411	9.220561998215885	
-1237809.3209635182	100.0125	8.3875	108.4	65.6625	-87.50473962190785	1121	129	135	13	273	162	65	7	65	40	0	0	3.8199360370635986	89760	4324.228255987167	81482	9.22237076648841	
-1037744.8816381771	100.35	8.525	112.4	68.0125	-87.50473962190785	1122	129	127	13	225	134	74	7	73	45	0	0	3.990328073501587	89840	4328.218584060669	81556	9.220837043633125	
-1312781.669745064	99.85	8.3125	105.8	64.15	-87.50473962190785	1123	129	126	14	249	148	74	7	65	40	0	0	3.939631223678589	89920	4332.1582152843475	81632	9.217081850533802	
-1662730.9565376192	100.0	8.3	106.4	64.4875	-87.50473962190785	1124	129	144	11	177	106	56	7	65	40	0	0	3.9212217330932617	90000	4336.079437017441	81706	9.215555555555554	
-1850176.9650680176	99.5875	8.225	103.1	62.5625	-87.50473962190785	1125	129	123	11	177	106	75	7	73	45	0	0	3.8646230697631836	90080	4339.944060087204	81780	9.214031971580823	
-1150243.2143386013	100.0	8.4	110.0	66.625	-87.50473962190785	1126	129	123	11	201	120	77	7	73	45	0	0	3.9280600547790527	90160	4343.872120141983	81854	9.212511091393083	
-1287844.6236365598	100.0	8.1625	102.5	62.2375	-87.50473962190785	1127	129	164	11	177	106	39	7	65	40	0	0	3.77554988861084	90240	4347.647670030594	81928	9.210992907801412	
-1387777.6941733113	100.0	8.2625	104.9	63.6375	-87.50473962190785	1128	129	127	12	193	115	73	7	65	40	0	0	3.862208127975464	90320	4351.509878158569	82003	9.208370239149687	
-1425235.7438404087	100.1875	8.354430379746836	108.84810126582279	65.9367088607595	-87.50473962190785	1129	130	156	11.0	177.0	106.0	44	6.0	57.0	35.0	0	0	3.9813790321350098	90400	4355.491257190704	82077	9.206858407079636	
-1362695.6897599902	100.5	8.25	105.9	64.2125	-87.50473962190785	1130	130	142	11	193	115	58	7	73	45	0	0	3.819693088531494	90480	4359.310950279236	82150	9.206454465075154	
-987755.8062452048	100.0	8.2875	106.2	64.3875	-87.50473962190785	1131	130	130	11	201	120	70	7	73	45	0	0	3.952280044555664	90560	4363.2632303237915	82225	9.203842756183747	
-1737737.2512024394	100.25	8.1625	102.9	62.4375	-87.50473962190785	1132	130	133	11	177	106	67	7	65	40	0	0	3.726651906967163	90640	4366.989882230759	82296	9.205648720211826	
-2075240.255644972	100.0	8.275	106.3	64.425	-87.50473962190785	1133	130	144	11	201	120	56	7	65	40	0	0	3.8523566722869873	90720	4370.842238903046	82368	9.206349206349202	
-1325185.951596852	99.95	8.15	101.5	61.625	-87.50473962190785	1134	130	122	11	177	106	78	7	65	40	0	0	3.718717336654663	90800	4374.5609562397	82440	9.207048458149785	
-1275220.1663864665	99.575	8.3375	109.7	66.4375	-87.50473962190785	1135	130	146	13	273	162	50	6	57	35	0	0	3.812385082244873	90880	4378.373341321945	82511	9.20884683098592	
-1687797.6291889779	99.2875	8.3625	109.2	66.125	-87.50473962190785	1136	130	141	13	273	162	59	6	57	35	0	0	4.06690788269043	90960	4382.440249204636	82586	9.206244503078281	
-2187734.770593582	101.9125	8.164556962025317	102.87341772151899	62.41772151898734	-87.50473962190785	1137	131	141	13.0	249.0	148.0	62	7.0	65.0	40.0	0	0	3.810612916946411	91040	4386.250862121582	82658	9.20694200351494	
-1512802.1471815617	99.3	8.3	105.8	64.1375	-87.50473962190785	1138	131	145	13	273	162	55	7	65	40	0	0	3.905506134033203	91120	4390.156368255615	82732	9.205443371378394	
-1187780.4304610342	97.85	8.2125	103.2	62.625	-87.50473962190785	1139	131	127	11	177	106	51	7	65	40	0	0	3.577711820602417	91200	4393.734080076218	82801	9.209429824561397	
-2000200.6390593902	99.175	8.35	108.0	65.4125	-87.50473962190785	1140	131	139	11	225	134	61	7	65	40	0	0	4.0187928676605225	91280	4397.752872943878	82876	9.206836108676598	
-975285.9369020149	100.0	8.2	103.7	62.95	-87.50473962190785	1141	131	137	11	177	106	63	7	73	45	0	0	3.876811981201172	91360	4401.629684925079	82950	9.2053415061296	
-1562710.6716492304	100.0	8.075	101.0	61.35	-87.50473962190785	1142	131	139	11	201	120	61	6	57	35	0	0	3.639582395553589	91440	4405.269267320633	83021	9.207130358705157	
-1337782.7289104534	100.475	8.075	99.3	60.35	-87.50473962190785	1143	131	144	12	201	120	56	7	65	40	0	0	3.8220417499542236	91520	4409.091309070587	83095	9.20563811188812	
-1350265.4120823313	99.575	8.4	108.0	65.425	-87.50473962190785	1144	131	140	13	209	124	50	7	65	40	0	0	3.9594879150390625	91600	4413.050796985626	83169	9.204148471615724	
-1275297.542384011	100.4	8.125	102.0	61.925	-87.50473962190785	1145	131	168	11	201	120	32	6	57	35	0	0	3.767815113067627	91680	4416.818612098694	83242	9.203752181500874	
-1100257.544603012	100.2	8.15	102.7	62.3625	-87.50473962190785	1146	131	122	11	177	106	82	7	65	40	0	0	3.646239995956421	91760	4420.46485209465	83313	9.205536181342637	
-1425211.3831148657	100.45	8.2125	105.5	64.0	-87.50473962190785	1147	131	126	12	201	120	74	6	57	35	0	0	3.7815589904785156	91840	4424.246411085129	83386	9.205139372822302	
-1512698.1605664939	100.8625	8.2	104.4	63.35	-87.50473962190785	1148	131	129	11	201	120	71	7	65	40	0	0	3.8412539958953857	91920	4428.087665081024	83460	9.203655352480425	
-1637737.4285493705	100.0	8.1	100.5	61.0375	-87.50473962190785	1149	131	126	12	193	115	74	7	65	40	0	0	3.8069069385528564	92000	4431.894572019577	83534	9.202173913043481	
-1087814.9396117614	100.0	8.175	102.3	62.1	-87.50473962190785	1150	131	141	11	177	106	59	7	65	40	0	0	3.818688154220581	92080	4435.713260173798	83605	9.203953084274545	
-1650233.1195352	101.025	8.125	101.4	61.5875	-87.50473962190785	1151	131	146	11	177	106	54	7	65	40	0	0	3.765259027481079	92160	4439.478519201279	83679	9.202473958333329	
-1325231.5916264397	99.675	8.189873417721518	103.9873417721519	63.08860759493671	-87.50473962190785	1152	132	152	11.0	225.0	134.0	48	7.0	65.0	40.0	0	0	3.8319621086120605	92240	4443.310481309891	83752	9.20208152645273	
-1425303.2391925545	99.85	8.125	102.2	62.05	-87.50473962190785	1153	132	145	11	225	134	55	6	57	35	0	0	3.803975820541382	92320	4447.114457130432	83825	9.201689774696703	
-1387759.0796760137	100.0	8.175	102.1	61.9875	-87.50473962190785	1154	132	111	11	177	106	89	7	65	40	0	0	3.771251916885376	92400	4450.8857090473175	83899	9.200216450216445	
-1737715.438185732	100.0	8.126582278481013	100.9493670886076	61.31645569620253	-87.50473962190785	1155	133	144	11.0	177.0	106.0	56	7.0	65.0	40.0	0	0	3.7180721759796143	92480	4454.603781223297	83972	9.199826989619382	
-1775260.3725919365	100.0	8.3	105.6	64.025	-87.50473962190785	1156	133	154	14	249	148	46	6	57	35	0	0	3.772948980331421	92560	4458.3767302036285	84044	9.20051858254105	
-1462757.9935935158	100.0125	8.225	104.5	63.4	-87.50473962190785	1157	133	132	16	289	171	68	7	65	40	0	0	3.842787981033325	92640	4462.219518184662	84117	9.200129533678762	
-1587742.062160426	101.3125	8.15	101.8	61.8125	-87.50473962190785	1158	133	168	12	201	120	53	6	57	35	0	0	3.672118902206421	92720	4465.891637086868	84188	9.201898188093182	
-1837698.0888861462	99.95	8.175	104.0	63.0875	-87.50473962190785	1159	133	147	11	201	120	53	6	57	35	0	0	3.674252986907959	92800	4469.565890073776	84258	9.204741379310349	
-1287726.9489342591	100.2875	8.569620253164556	113.40506329113924	68.58227848101266	-87.50473962190785	1160	134	177	14.0	241.0	143.0	23	7.0	65.0	40.0	0	0	4.079480171203613	92880	4473.64537024498	84332	9.203273040482344	
-1312734.6557442732	99.325	8.5125	114.2	69.0875	-87.50473962190785	1161	134	136	11	201	120	64	6	57	35	0	0	3.9207828044891357	92960	4477.566153049469	84404	9.2039586919105	
-2025253.2196847224	99.825	8.7	118.1	71.3375	-87.50473962190785	1162	134	137	18	345	204	63	7	65	40	0	0	4.201720952987671	93040	4481.767874002457	84479	9.201418744625968	
-2237695.5123076877	99.7	8.329113924050633	106.62025316455696	64.62025316455696	-87.50473962190785	1163	135	130	13.0	217.0	129.0	70	7.0	65.0	40.0	0	0	3.8104472160339355	93120	4485.578321218491	84551	9.202104810996559	
-2137772.7565368274	100.1	8.316455696202532	105.60759493670886	64.0253164556962	-87.50473962190785	1164	136	130	16.0	281.0	166.0	70	7.0	65.0	40.0	0	0	3.883028984069824	93200	4489.46135020256	84624	9.201716738197433	
-1975270.772615847	99.7	8.3875	108.8	65.9125	-87.50473962190785	1165	136	144	12	193	115	56	7	65	40	0	0	3.9358859062194824	93280	4493.39723610878	84698	9.200257289879929	
-850300.7965120533	100.9	8.3375	108.2	65.5625	-87.50473962190785	1166	136	135	11	201	120	65	7	65	40	0	0	3.9163591861724854	93360	4497.313595294952	84772	9.198800342759213	
-1475269.124970079	100.125	8.4625	112.3	67.9625	-87.50473962190785	1167	136	132	14	297	176	74	6	57	35	0	0	3.8358027935028076	93440	4501.149398088455	84843	9.20055650684931	
-1037736.2843321502	100.4	8.3375	108.0	65.4375	-87.50473962190785	1168	136	132	17	361	213	68	7	65	40	0	0	4.001604080200195	93520	4505.151002168655	84917	9.199101796407177	
-1125274.8022568533	100.0	8.215189873417721	104.39240506329114	63.34177215189873	-87.50473962190785	1169	137	147	12.0	225.0	134.0	53	7.0	65.0	40.0	0	0	3.757093906402588	93600	4508.908096075058	84989	9.19978632478633	
-2175262.3814594466	99.9	8.35	107.6	65.1875	-87.50473962190785	1170	137	133	11	177	106	59	6	57	35	0	0	4.019623041152954	93680	4512.927719116211	85064	9.19726729291203	
-2275312.7477317825	99.8	8.45	110.2	66.7	-87.50473962190785	1171	137	152	12	225	134	56	7	65	40	0	0	4.049669027328491	93760	4516.977388143539	85137	9.19688566552901	
-1337753.5330900212	99.275	8.5	114.43589743589743	69.23076923076923	-87.50473962190785	1172	139	175	12.0	201.0	120.0	18	7.0	65.0	40.0	0	0	3.822356939315796	93840	4520.799745082855	85208	9.198635976129594	
-2312717.139793945	99.9375	8.468354430379748	111.07594936708861	67.21518987341773	-87.50473962190785	1173	140	156	14.0	265.0	157.0	30	7.0	65.0	40.0	0	0	3.937190055847168	93920	4524.736935138702	85279	9.200383304940374	
-1500293.5481379847	100.4	8.625	118.4	71.5375	-87.50473962190785	1174	140	121	14	337	199	79	7	65	40	0	0	4.276260852813721	94000	4529.013195991516	85354	9.197872340425533	
-1525201.1145512736	99.9125	8.405063291139241	109.75949367088607	66.48101265822785	-87.50473962190785	1175	141	143	11.0	201.0	120.0	57	7.0	65.0	40.0	0	0	4.024011135101318	94080	4533.037207126617	85429	9.195365646258509	
-1375322.7321540094	99.95	8.2625	104.9	63.6	-87.50473962190785	1176	141	127	13	249	148	73	7	65	40	0	0	3.7595551013946533	94160	4536.796762228012	85499	9.198173322005104	
-1200255.4907255534	100.0	8.4	108.1	65.5	-87.50473962190785	1177	141	141	13	225	134	59	7	65	40	0	0	3.9085140228271484	94240	4540.705276250839	85573	9.196731748726663	
-1387739.9080158449	99.9125	8.3125	107.3	65.025	-87.50473962190785	1178	141	130	11	201	120	70	7	65	40	0	0	3.914097785949707	94320	4544.619374036789	85647	9.195292620865132	
-1412726.6343537057	99.7	8.1875	104.7	63.525	-87.50473962190785	1179	141	149	14	241	143	51	7	65	40	0	0	3.832365036010742	94400	4548.4517390728	85721	9.193855932203391	
-1012774.0955577899	99.8875	8.4625	112.6	68.175	-87.50473962190785	1180	141	116	13	249	148	84	7	73	45	0	0	3.731222152709961	94480	4552.18296122551	85792	9.195596951735823	
-1350315.3989067636	100.0	8.3625	106.4	64.475	-87.50473962190785	1181	141	118	14	241	143	82	7	65	40	0	0	3.8925299644470215	94560	4556.075491189957	85865	9.195219966159058	
-1737720.440636874	99.95	8.1125	102.1	61.9875	-87.50473962190785	1182	141	134	11	177	106	66	6	57	35	0	0	3.7498738765716553	94640	4559.825365066528	85938	9.19484361792054	
-987753.0290758666	100.0	8.215189873417721	103.9873417721519	63.10126582278481	-87.50473962190785	1183	142	125	11.0	177.0	106.0	75	7.0	73.0	45.0	0	0	3.7701611518859863	94720	4563.595526218414	86011	9.194467905405403	
-912801.2832987563	100.4	8.2125	104.9	63.65	-87.50473962190785	1184	142	113	14	249	148	87	7	65	40	0	0	3.723479747772217	94800	4567.3190059661865	86082	9.196202531645568	
-1850266.939747063	100.15	8.175	102.1	61.975	-87.50473962190785	1185	142	133	11	169	101	67	7	65	40	0	0	3.890843152999878	94880	4571.209849119186	86156	9.194772344013487	
-2012754.6290188127	100.5	8.1375	101.9	61.875	-87.50473962190785	1186	142	126	12	193	115	74	7	65	40	0	0	3.817047119140625	94960	4575.026896238327	86231	9.192291491154165	
-1812723.1992205628	99.225	8.25	106.8	64.75	-87.50473962190785	1187	142	130	11	201	120	70	7	65	40	0	0	3.8284831047058105	95040	4578.855379343033	86304	9.191919191919197	
-1137749.404098053	99.925	8.4	110.1	66.6625	-87.50473962190785	1188	142	124	12	201	120	76	6	57	35	0	0	3.7117886543273926	95120	4582.56716799736	86373	9.195752733389412	
-1375293.1371837556	100.1	8.35	111.8	67.6875	-87.50473962190785	1189	142	131	12	273	162	69	7	65	40	0	0	3.9590961933135986	95200	4586.526264190674	86446	9.195378151260499	
-1362824.8656928656	100.0	8.4375	110.5	66.9	-87.50473962190785	1190	142	130	13	249	148	70	7	65	40	0	0	3.823845863342285	95280	4590.350110054016	86517	9.197103274559197	
-687756.6780674445	100.6625	8.375	108.0	65.4625	-87.50473962190785	1191	142	156	11	201	120	67	7	73	45	0	0	3.7752010822296143	95360	4594.125311136246	86589	9.197776845637577	
-1712743.1237233267	100.125	8.2125	104.2	63.2375	-87.50473962190785	1192	142	133	11	177	106	67	7	65	40	0	0	3.7984790802001953	95440	4597.923790216446	86663	9.196353730092198	
-1150231.0901179723	100.4125	8.35	107.8	65.325	-87.50473962190785	1193	142	127	11	225	134	73	7	65	40	0	0	3.925851821899414	95520	4601.849642038345	86737	9.194932998324958	
-1762710.5128447234	100.0	8.125	102.1	62.0	-87.50473962190785	1194	142	131	11	177	106	69	7	65	40	0	0	3.6215121746063232	95600	4605.471154212952	86808	9.19665271966528	
-2012789.845705303	99.9	8.2875	105.3	63.8375	-87.50473962190785	1195	142	131	13	249	148	69	7	65	40	0	0	3.947974920272827	95680	4609.4191291332245	86883	9.194188963210706	
-2237701.9838740253	99.95	8.0375	99.0	60.15	-87.50473962190785	1196	142	129	13	249	148	53	6	57	35	0	0	3.728602170944214	95760	4613.147731304169	86956	9.193817878028412	
-2000267.7554501146	100.0625	8.0625	100.8	61.2375	-87.50473962190785	1197	142	121	11	177	106	76	6	57	35	0	0	3.940762758255005	95840	4617.088494062424	87031	9.191360601001676	
-1737731.193795671	100.2	8.189873417721518	102.67088607594937	62.31645569620253	-87.50473962190785	1198	143	134	12.0	201.0	120.0	70	6.0	57.0	35.0	0	0	3.6037819385528564	95920	4620.692276000977	87101	9.19412010008341	
-2125247.651922661	99.7875	8.0	97.6	59.35	-87.50473962190785	1199	143	130	11	177	106	70	7	65	40	0	0	3.703529119491577	96000	4624.395805120468	87171	9.196875000000006	
-1112801.548199201	99.75	8.075	100.0	60.7625	-87.50473962190785	1200	143	140	10	177	106	60	7	65	40	0	0	3.8325889110565186	96080	4628.228394031525	87245	9.195462114904245	
-1400276.912659396	100.0	8.0625	99.1	60.2125	-87.50473962190785	1201	143	132	11	177	106	68	7	65	40	0	0	3.6866259574890137	96160	4631.915019989014	87317	9.196131447587348	
-2262794.2182638207	100.2875	8.1875	102.0	61.9	-87.50473962190785	1202	143	124	20	393	232	76	7	65	40	0	0	3.8497281074523926	96240	4635.764748096466	87391	9.194721529509565	
-1000314.4540918136	99.6875	8.4875	112.8	68.2375	-87.50473962190785	1203	143	133	12	225	134	67	6	57	35	0	0	4.013720989227295	96320	4639.778469085693	87465	9.19331395348837	
-1912751.0608332132	101.6375	8.1625	105.3	63.875	-87.50473962190785	1204	143	133	11	225	134	68	6	57	35	0	0	3.7522361278533936	96400	4643.530705213547	87536	9.195020746887977	
-1425192.423880878	100.6625	8.15	102.1	61.9875	-87.50473962190785	1205	143	156	11	177	106	54	7	65	40	0	0	3.8310956954956055	96480	4647.361800909042	87610	9.193615257048094	
-1262789.5369318742	100.2875	8.35	108.2	65.5625	-87.50473962190785	1206	143	143	13	217	129	57	6	57	35	0	0	3.755392074584961	96560	4651.117192983627	87681	9.195318972659479	
-1500271.596233818	98.825	8.4375	110.7	67.0375	-87.50473962190785	1207	143	130	14	249	148	67	7	65	40	0	0	3.988734245300293	96640	4655.105927228928	87755	9.193915562913915	
-1075310.234672214	101.275	8.4625	110.4	66.8625	-87.50473962190785	1208	143	129	13	225	134	80	7	65	40	0	0	3.951767683029175	96720	4659.057694911957	87830	9.191480562448305	
-1650263.4060077579	100.375	8.3625	106.5	64.55	-87.50473962190785	1209	143	140	13	217	129	60	7	65	40	0	0	3.8557181358337402	96800	4662.9134130477905	87903	9.191115702479337	
-1950225.1547700607	100.375	8.2625	105.6	64.0375	-87.50473962190785	1210	143	144	12	249	148	56	7	65	40	0	0	3.6192710399627686	96880	4666.532684087753	87972	9.194880264244432	
-1600270.3353468676	100.0	8.4875	112.4	68.0125	-87.50473962190785	1211	143	126	13	249	148	74	7	65	40	0	0	3.87768292427063	96960	4670.410367012024	88043	9.196575907590756	
-987754.1656385179	100.2	8.475	111.3	67.375	-87.50473962190785	1212	143	128	14	249	148	72	7	73	45	0	0	3.8673741817474365	97040	4674.277741193771	88115	9.197238252267098	
-925257.144119706	100.6	8.3375	109.1	66.1	-87.50473962190785	1213	143	134	12	249	148	66	7	65	40	0	0	3.9202747344970703	97120	4678.198015928268	88187	9.19789950576606	
-1500310.9760786588	100.1625	8.2625	105.5	63.9625	-87.50473962190785	1214	143	139	13	249	148	68	6	57	35	0	0	3.8514492511749268	97200	4682.049465179443	88260	9.197530864197532	
-1800290.8695229075	99.5	8.3375	106.9	64.7875	-87.50473962190785	1215	143	113	12	193	115	80	7	65	40	0	0	3.8776488304138184	97280	4685.927114009857	88333	9.19716282894737	
-1250179.7219085346	100.5125	8.15	103.3	62.7125	-87.50473962190785	1216	143	132	11	201	120	68	7	65	40	0	0	3.6372132301330566	97360	4689.56432723999	88403	9.199876746096962	
-1575303.1170947019	98.8875	8.012658227848101	99.73417721518987	60.620253164556964	-87.50473962190785	1217	144	139	11.0	201.0	120.0	64	7.0	65.0	40.0	0	0	3.7464568614959717	97440	4693.310784101486	88477	9.19848111658456	
-987758.0174450565	100.0375	8.354430379746836	107.73417721518987	65.29113924050633	-87.50473962190785	1218	145	132	12.0	193.0	115.0	68	7.0	65.0	40.0	0	0	3.7909841537475586	97520	4697.101768255234	88549	9.19913863822805	
-1125270.0581959547	100.0	8.4125	109.8	66.4875	-87.50473962190785	1219	145	127	14	297	176	73	7	65	40	0	0	3.810330867767334	97600	4700.912099123001	88619	9.201844262295083	
-1025256.2241813788	100.0	8.075	101.2	61.4875	-87.50473962190785	1220	145	137	11	225	134	63	7	65	40	0	0	3.801807165145874	97680	4704.713906288147	88694	9.19942669942671	
-1100285.3165106706	100.0	8.3125	108.7	65.8625	-87.50473962190785	1221	145	144	13	249	148	56	6	57	35	0	0	3.904444932937622	97760	4708.618351221085	88767	9.199058919803605	
-2062736.002548727	99.9625	8.275	106.5	64.5875	-87.50473962190785	1222	145	146	11	177	106	54	7	65	40	0	0	3.8910608291625977	97840	4712.509412050247	88842	9.19664758789861	
-962733.1822028898	100.7	8.329113924050633	109.86075949367088	66.56962025316456	-87.50473962190785	1223	146	144	11.0	249.0	148.0	56	7.0	73.0	45.0	0	0	3.6527891159057617	97920	4716.162201166153	88912	9.199346405228752	
-1400351.6806010567	100.675	8.2375	105.5	63.975	-87.50473962190785	1224	146	144	11	177	106	56	7	65	40	0	0	3.880810022354126	98000	4720.043011188507	88986	9.197959183673461	
-1337739.191942358	101.775	8.2875	105.7	64.0875	-87.50473962190785	1225	146	144	13	249	148	56	7	65	40	0	0	3.8152999877929688	98080	4723.8583111763	89058	9.19861337683524	
-1925264.0247463156	100.575	8.175	104.9	63.65	-87.50473962190785	1226	146	153	12	225	134	47	7	65	40	0	0	3.761568069458008	98160	4727.619879245758	89131	9.198247758761198	
-1112733.2489734162	99.7375	8.3875	109.0	66.0375	-87.50473962190785	1227	146	141	12	225	134	59	7	65	40	0	0	3.9493448734283447	98240	4731.569224119186	89204	9.197882736156345	
-1237758.68258195	100.0	8.325	108.1	65.5125	-87.50473962190785	1228	146	136	13	249	148	64	7	65	40	0	0	3.9859390258789062	98320	4735.555163145065	89280	9.194467046379174	
-1337733.52923663	99.55	8.15	101.4	61.575	-87.50473962190785	1229	146	114	11	177	106	64	7	65	40	0	0	3.7837541103363037	98400	4739.338917255402	89353	9.194105691056905	
-1400242.9931203593	100.0	8.0125	98.1	59.6625	-87.50473962190785	1230	146	138	10	177	106	62	7	65	40	0	0	3.726670026779175	98480	4743.065587282181	89427	9.192729488220962	
-1700265.2945954043	100.475	8.0875	100.9	61.3	-87.50473962190785	1231	146	138	13	273	162	73	7	65	40	0	0	3.8365917205810547	98560	4746.902179002762	89501	9.19135551948051	
-1362762.5184956486	100.675	8.3125	106.9	64.8	-87.50473962190785	1232	146	143	11	177	106	57	7	65	40	0	0	4.012493133544922	98640	4750.914672136307	89576	9.188969991889692	
-1312712.5573322803	100.8375	8.2625	106.2	64.4	-87.50473962190785	1233	146	141	12	193	115	79	7	65	40	0	0	3.9323480129241943	98720	4754.847020149231	89651	9.186588330632091	
-1675260.907006203	101.075	8.3	105.4	63.9	-87.50473962190785	1234	146	116	13	249	148	84	7	65	40	0	0	3.987917900085449	98800	4758.834938049316	89726	9.184210526315795	
-2212858.3584849373	100.6	7.9875	98.2	59.7125	-87.50473962190785	1235	146	135	12	193	115	65	6	57	35	0	0	3.788378953933716	98880	4762.62331700325	89801	9.18183656957929	
-1375252.2007878	99.6	8.2125	102.2	62.0375	-87.50473962190785	1236	146	117	12	201	120	67	7	65	40	0	0	3.8896291255950928	98960	4766.512946128845	89876	9.179466451091344	
-1312737.5387054228	100.0	8.225	104.2	63.2125	-87.50473962190785	1237	146	140	11	177	106	60	7	65	40	0	0	3.7882578372955322	99040	4770.301203966141	89949	9.179119547657507	
-1275257.2028496258	100.975	8.316455696202532	105.70886075949367	64.0886075949367	-87.50473962190785	1238	147	140	13.0	225.0	134.0	61	7.0	65.0	40.0	0	0	3.795929193496704	99120	4774.097133159637	90021	9.17978208232445	
-1237782.5475059068	102.6125	8.0375	99.6	60.525	-87.50473962190785	1239	147	138	11	177	106	63	7	65	40	0	0	3.7309041023254395	99200	4777.828037261963	90094	9.179435483870975	
-1737726.884678695	100.2375	8.1375	101.1	61.4	-87.50473962190785	1240	147	132	11	177	106	68	7	65	40	0	0	3.7801618576049805	99280	4781.608199119568	90168	9.178082191780817	
-1537741.6490172227	100.2125	8.3125	108.7	65.8375	-87.50473962190785	1241	147	122	13	361	213	78	7	65	40	0	0	4.341145038604736	99360	4785.949344158173	90242	9.176731078904993	
-1875352.7246591852	100.0	8.375	106.8	64.7125	-87.50473962190785	1242	147	128	12	249	148	72	7	73	45	0	0	3.6836469173431396	99440	4789.632991075516	90313	9.178399034593724	
-1112764.2499696582	100.0	8.3875	108.5	65.75	-87.50473962190785	1243	147	132	15	273	162	68	7	65	40	0	0	3.717641830444336	99520	4793.35063290596	90386	9.178054662379424	
-1275237.18718575	99.75	8.15	103.0	62.525	-87.50473962190785	1244	147	128	12	185	110	72	7	65	40	0	0	4.098511219024658	99600	4797.449144124985	90460	9.176706827309232	
-1925195.304292693	100.025	8.325	107.9	65.3875	-87.50473962190785	1245	147	131	14	297	176	69	7	65	40	0	0	3.8003549575805664	99680	4801.249499082565	90531	9.178370786516851	
-1275191.886033859	100.0	8.175	102.6	62.275	-87.50473962190785	1246	147	131	12	193	115	69	6	57	35	0	0	3.8967089653015137	99760	4805.146208047867	90604	9.178027265437052	
-2212740.680729013	99.1	8.25	104.6	63.45	-87.50473962190785	1247	147	134	11	177	106	66	7	65	40	0	0	3.6597979068756104	99840	4808.806005954742	90673	9.181690705128204	
-1762867.598100898	100.0	8.0625	99.6	60.5375	-87.50473962190785	1248	147	138	11	177	106	62	7	65	40	0	0	3.8013622760772705	99920	4812.60736823082	90747	9.180344275420339	
-1725366.5008534708	100.0	8.3375	106.9	64.7625	-87.50473962190785	1249	147	117	11	177	106	83	7	65	40	0	0	3.920815944671631	100000	4816.528184175491	90819	9.180999999999997	
-1362727.1143039889	100.1125	8.35	108.9	65.975	-87.50473962190785	1250	147	141	12	225	134	62	7	65	40	0	0	3.680907964706421	100080	4820.209092140198	90888	9.184652278177467	
-1150307.4402657058	99.5	8.6	114.6	69.3	-87.50473962190785	1251	147	136	15	273	162	64	7	81	50	0	0	3.8261220455169678	100160	4824.035214185715	90958	9.187300319488827	
-1325292.6605123014	100.45	8.316455696202532	109.0506329113924	66.0886075949367	-87.50473962190785	1252	148	161	11.0	177.0	106.0	39	7.0	65.0	40.0	0	0	3.713045835494995	100240	4827.74826002121	91028	9.189944134078203	
-1275251.2411256824	101.7	8.341772151898734	110.26582278481013	66.77215189873418	-87.50473962190785	1253	149	167	13.0	361.0	213.0	33	7.0	65.0	40.0	0	0	3.8876209259033203	100320	4831.635880947113	91099	9.191586921850075	
-1312813.8455109328	100.0	8.225	104.6	63.45	-87.50473962190785	1254	149	128	11	177	106	72	7	65	40	0	0	3.5329372882843018	100400	4835.168818235397	91166	9.197211155378483	
-1412796.7899976918	100.0	8.1125	102.2	62.05	-87.50473962190785	1255	149	134	13	225	134	66	7	65	40	0	0	3.669503927230835	100480	4838.838322162628	91236	9.199840764331213	
-1937741.8155130674	100.0	8.1875	103.6	62.8375	-87.50473962190785	1256	149	131	11	201	120	69	6	57	35	0	0	3.8549740314483643	100560	4842.6932961940765	91308	9.200477326968965	
-1612752.0377305052	100.0	8.3625	110.3	66.8	-87.50473962190785	1257	149	116	12	225	134	84	7	65	40	0	0	4.00757098197937	100640	4846.700867176056	91383	9.198131955484897	
-1325263.686406001	99.5375	8.307692307692308	107.46153846153847	65.14102564102564	-87.50473962190785	1258	151	146	12.0	225.0	134.0	44	7.0	73.0	45.0	0	0	3.6903069019317627	100720	4850.391174077988	91453	9.20075456711676	
-1375360.9284940863	100.175	8.3	106.8	64.725	-87.50473962190785	1259	151	139	12	249	148	61	7	65	40	0	0	3.896636962890625	100800	4854.287811040878	91525	9.201388888888886	
-887793.8718516196	99.8875	8.2125	103.2	62.6	-87.50473962190785	1260	151	129	14	241	143	71	7	65	40	0	0	3.983643054962158	100880	4858.27145409584	91600	9.199048374306102	
-1762723.669641212	100.0	8.2625	107.5	65.1625	-87.50473962190785	1261	151	133	12	193	115	67	6	57	35	0	0	3.8579301834106445	100960	4862.129384279251	91673	9.198692551505545	
-1412841.5282819779	100.0375	8.2375	106.0	64.2875	-87.50473962190785	1262	151	141	12	225	134	59	6	57	35	0	0	3.8503329753875732	101040	4865.979717254639	91746	9.198337292161511	
-1150289.7414730836	99.15	8.5875	114.7	69.3625	-87.50473962190785	1263	151	152	17	321	190	48	7	65	40	0	0	3.8683807849884033	101120	4869.848098039627	91817	9.19996044303798	
-1775274.1685333096	99.4875	8.425	109.1	66.0875	-87.50473962190785	1264	151	135	11	177	106	61	7	65	40	0	0	3.8674750328063965	101200	4873.7155730724335	91889	9.200592885375485	
-1925276.8442238197	98.0	8.126582278481013	101.15189873417721	61.40506329113924	-87.50473962190785	1265	152	133	11.0	177.0	106.0	44	7.0	65.0	40.0	0	0	3.5543501377105713	101280	4877.269923210144	91957	9.205173775671398	
-1975251.6732879796	100.0	8.1375	101.9	61.8625	-87.50473962190785	1266	152	122	11	177	106	78	6	57	35	0	0	3.8707540035247803	101360	4881.140677213669	92031	9.203827940015785	
-1975209.9057496327	100.0875	8.1	100.3	60.9125	-87.50473962190785	1267	152	119	11	177	106	81	7	65	40	0	0	3.729076862335205	101440	4884.869754076004	92103	9.20445583596215	
-2000310.4433636162	100.0	8.2	103.3	62.6875	-87.50473962190785	1268	152	135	13	249	148	65	7	65	40	0	0	3.652029037475586	101520	4888.52178311348	92173	9.207052797478326	
-1525303.0346032768	100.1	8.2	103.6	62.85	-87.50473962190785	1269	152	144	11	201	120	56	7	65	40	0	0	3.8981571197509766	101600	4892.419940233231	92246	9.206692913385822	
-1700232.4351965494	100.725	8.1125	102.3	62.1125	-87.50473962190785	1270	152	141	11	177	106	76	6	57	35	0	0	3.8667609691619873	101680	4896.286701202393	92321	9.204366640440597	
-1037811.9043095706	101.45	8.4125	110.7	67.025	-87.50473962190785	1271	152	141	14	297	176	70	7	65	40	0	0	4.03157901763916	101760	4900.318280220032	92396	9.202044025157235	
-1575229.2926876028	100.2	8.175	103.9	63.0375	-87.50473962190785	1272	152	139	11	177	106	61	7	65	40	0	0	3.7737438678741455	101840	4904.092024087906	92468	9.202670856245092	
-1137725.8717805394	100.2	8.0875	102.4	62.2125	-87.50473962190785	1273	152	122	13	297	176	78	7	65	40	0	0	3.435877799987793	101920	4907.527901887894	92535	9.208202511773948	
-1200227.1422603636	99.875	8.275	105.6	64.05	-87.50473962190785	1274	152	132	12	225	134	68	6	57	35	0	0	3.8597443103790283	102000	4911.387646198273	92609	9.20686274509805	
-1587838.994227736	99.45	8.4	107.7	65.2375	-87.50473962190785	1275	152	145	14	241	143	55	7	65	40	0	0	3.887450933456421	102080	4915.275097131729	92681	9.207484326018815	
-1675242.8703743566	100.1375	8.35	109.4	66.2625	-87.50473962190785	1276	152	140	16	297	176	60	7	65	40	0	0	3.899780750274658	102160	4919.174877882004	92754	9.20712607674237	
-1325202.495231912	97.9875	8.45	109.1	66.05	-87.50473962190785	1277	152	133	15	297	176	67	7	65	40	0	0	3.9759984016418457	102240	4923.150876283646	92827	9.206768388106411	
-1637769.1467407967	99.5875	8.1375	101.6	61.6875	-87.50473962190785	1278	152	124	12	193	115	67	7	65	40	0	0	3.743271827697754	102320	4926.894148111343	92899	9.207388584831904	
-1687793.6779221105	100.0	8.1125	101.6	61.7	-87.50473962190785	1279	152	143	11	201	120	57	6	57	35	0	0	3.7574710845947266	102400	4930.651619195938	92972	9.20703125	
-1587713.542266942	100.0	8.4125	109.5	66.325	-87.50473962190785	1280	152	128	13	249	148	72	7	73	45	0	0	3.6776299476623535	102480	4934.3292491436005	93040	9.211553473848554	
-1637709.683025338	100.7	8.275	105.2	63.8125	-87.50473962190785	1281	152	132	14	241	143	68	7	73	45	0	0	3.8576819896698	102560	4938.18693113327	93114	9.210218408736353	
-1875234.7218454876	100.7	8.4	111.7	67.6125	-87.50473962190785	1282	152	145	11	297	176	55	7	65	40	0	0	3.9754960536956787	102640	4942.162427186966	93187	9.209859703819177	
-1900254.262711992	100.0125	8.1	102.3	62.125	-87.49980795568155	1283	152	134	11	177	106	66	7	65	40	0	0	3.7514708042144775	102720	4945.91389799118	93259	9.210475077881625	
-1637728.4522020973	100.0125	8.1875	103.7	62.9625	-87.49980795568155	1284	152	138	11	177	106	62	7	73	45	0	0	3.7732810974121094	102800	4949.6871790885925	93333	9.209143968871587	
-1725219.3495700918	100.0125	8.3375	106.8	64.7375	-87.49980795568155	1285	152	151	11	177	106	49	7	65	40	0	0	4.022257089614868	102880	4953.709436178207	93409	9.205870917573876	
-1800223.2475145503	100.0	8.2375	104.2	63.2	-87.49980795568155	1286	152	126	15	257	152	74	7	65	40	0	0	3.7527859210968018	102960	4957.462222099304	93480	9.207459207459209	
-1425211.8122156668	99.875	8.3	107.6	65.2125	-87.49980795568155	1287	152	136	14	409	241	64	7	65	40	0	0	3.996392011642456	103040	4961.458614110947	93553	9.207104037267072	
-2012741.1564400722	100.0	8.3	106.8	64.75	-87.49980795568155	1288	152	130	11	177	106	70	7	73	45	0	0	3.905716896057129	103120	4965.364331007004	93627	9.20577967416601	
-1212664.106688741	100.0	8.175	104.0	63.1	-87.49980795568155	1289	152	112	11	201	120	88	7	65	40	0	0	3.6274240016937256	103200	4968.9917550086975	93696	9.20930232558139	
-1575227.5911808936	100.0	8.316455696202532	105.0	63.65822784810127	-87.49980795568155	1290	153	125	11.0	177.0	106.0	75	7.0	65.0	40.0	0	0	3.69592022895813	103280	4972.687675237656	93765	9.21281951975213	
-1262772.0546376023	100.0	8.125	101.6	61.6875	-87.49980795568155	1291	153	124	11	177	106	76	6	57	35	0	0	3.766339063644409	103360	4976.4540143013	93837	9.213428792569658	
-1525292.4747276024	100.1375	8.225	105.0	63.6875	-87.49980795568155	1292	153	132	11	217	129	68	7	65	40	0	0	4.2308197021484375	103440	4980.6848340034485	93912	9.21113689095128	
-1800323.6596665583	99.5875	8.3375	108.0	65.425	-87.49980795568155	1293	153	127	13	265	157	73	7	65	40	0	0	4.030614137649536	103520	4984.715448141098	93987	9.208848531684694	
-1600248.9741441184	100.0	8.291139240506329	108.34177215189874	65.65822784810126	-87.49980795568155	1294	154	127	11.0	177.0	106.0	73	7.0	65.0	40.0	0	0	3.7992398738861084	103600	4988.514688014984	94059	9.209459459459453	
-1212827.1025223327	100.075	8.6	114.1	69.0125	-87.49980795568155	1295	154	126	13	249	148	74	7	73	45	0	0	4.072472095489502	103680	4992.587160110474	94133	9.208140432098759	
-1612738.2882756852	100.8875	8.325	107.1	64.925	-87.49980795568155	1296	154	124	13	225	134	76	7	65	40	0	0	3.919809103012085	103760	4996.506969213486	94207	9.206823438704703	
-1487787.7078621737	100.4875	8.25	105.8	64.15	-87.49980795568155	1297	154	150	12	193	115	50	7	65	40	0	0	3.9561259746551514	103840	5000.463095188141	94280	9.206471494607086	
-1375282.2329861491	100.35	8.4	111.0	67.2	-87.49980795568155	1298	154	129	15	321	190	71	7	65	40	0	0	4.032963037490845	103920	5004.496058225632	94354	9.20515781370284	
-1050275.5631631503	100.0625	8.2	105.9	64.2375	-87.49980795568155	1299	154	120	11	225	134	80	7	65	40	0	0	3.8904008865356445	104000	5008.386459112167	94428	9.203846153846158	
-1450327.6125602063	99.3625	8.3625	108.2	65.55	-87.49980795568155	1300	154	146	12	225	134	54	7	65	40	0	0	3.9950459003448486	104080	5012.381505012512	94502	9.202536510376632	
-1450252.8751798645	99.55	8.3	105.7	64.1	-87.49980795568155	1301	154	134	12	193	115	49	7	65	40	0	0	3.841052293777466	104160	5016.22255730629	94575	9.20218894009217	
-1875273.8862672807	99.8875	8.2125	102.9	62.4375	-87.49980795568155	1302	154	135	11	169	101	65	7	65	40	0	0	3.804050922393799	104240	5020.0266082286835	94647	9.202801227935538	
-1362733.7403758361	101.35	8.2625	106.2	64.4	-87.49980795568155	1303	154	124	11	177	106	76	7	65	40	0	0	3.999809980392456	104320	5024.026418209076	94723	9.199578220858896	
-1625208.574420375	100.7125	8.025	98.6	59.9375	-87.49980795568155	1304	154	146	11	177	106	54	7	65	40	0	0	3.844453811645508	104400	5027.870872020721	94798	9.19731800766283	
-1737758.3962305952	100.375	8.175	102.6	62.275	-87.49980795568155	1305	154	135	12	201	120	65	7	65	40	0	0	3.890615224838257	104480	5031.76148724556	94872	9.196018376722819	
-1325427.2336730903	100.85	8.2625	107.2	64.975	-87.49980795568155	1306	154	136	11	201	120	64	7	65	40	0	0	3.998990774154663	104560	5035.760478019714	94947	9.193764345830147	
-2087705.2087248222	99.425	8.1375	101.6	61.675	-87.49980795568155	1307	154	142	11	177	106	58	7	65	40	0	0	3.9111971855163574	104640	5039.671675205231	95022	9.191513761467888	
-1437770.4249801342	100.3	8.3875	108.8	65.925	-87.49980795568155	1308	154	138	11	177	106	62	7	65	40	0	0	3.8554959297180176	104720	5043.527171134949	95095	9.191176470588232	
-1362792.325982702	100.0	8.1875	107.1	64.95	-87.49980795568155	1309	154	129	11	225	134	71	7	65	40	0	0	3.7145979404449463	104800	5047.241769075394	95166	9.19274809160305	
-1400247.4968232121	99.6875	8.4625	111.0	67.1875	-87.49980795568155	1310	154	163	14	273	162	52	7	65	40	0	0	3.8890230655670166	104880	5051.130792140961	95238	9.193363844393588	
-1450227.3358922629	100.0	8.367088607594937	107.73417721518987	65.26582278481013	-87.49980795568155	1311	155	133	12.0	193.0	115.0	67	7.0	65.0	40.0	0	0	4.122462034225464	104960	5055.253254175186	95313	9.191120426829272	
-1262749.9649121843	100.2125	8.2875	106.5	64.575	-87.49980795568155	1312	155	137	13	225	134	63	7	73	45	0	0	3.9723429679870605	105040	5059.225597143173	95386	9.19078446306169	
-1637792.2880866234	100.0	8.3625	107.9	65.3625	-87.49980795568155	1313	155	145	13	225	134	55	6	57	35	0	0	4.065178871154785	105120	5063.290776014328	95461	9.188546423135463	
-1025300.0050128866	99.975	8.225	104.9	63.625	-87.49980795568155	1314	155	158	11	201	120	67	7	65	40	0	0	3.765411138534546	105200	5067.056187152863	95532	9.190114068441062	
-1262728.7336240022	99.775	8.294871794871796	107.56410256410257	65.1923076923077	-87.49980795568155	1315	157	142	11.0	201.0	120.0	58	7.0	65.0	40.0	0	0	3.7896640300750732	105280	5070.845851182938	95602	9.192629179331306	
-1050287.5689763278	99.6375	8.4125	110.9	67.1375	-87.49980795568155	1316	157	125	12	201	120	75	6	57	35	0	0	4.00029993057251	105360	5074.84615111351	95676	9.191343963553535	
-1525320.0588212672	100.0	8.5125	114.7	69.3625	-87.49980795568155	1317	157	140	16	321	190	60	7	65	40	0	0	4.2520751953125	105440	5079.098226308823	95752	9.188163884673756	
-1350220.986168587	100.0	8.3875	109.5	66.3375	-87.49980795568155	1318	157	127	13	225	134	73	7	65	40	0	0	3.86700177192688	105520	5082.9652280807495	95824	9.188779378316909	
-1100292.574876042	100.0	8.4375	112.0	67.7875	-87.49980795568155	1319	157	152	15	345	204	48	7	65	40	0	0	4.081724166870117	105600	5087.04695224762	95899	9.186553030303031	
-1425195.2772285629	100.65	8.475	110.9	67.125	-87.49980795568155	1320	157	203	14	241	143	22	7	65	40	0	0	3.9161479473114014	105680	5090.963100194931	95971	9.187168811506425	
-1250316.997099468	102.925	8.35	107.0	64.825	-87.49980795568155	1321	157	228	11	201	120	50	7	65	40	0	0	4.004953861236572	105760	5094.968054056168	96045	9.18589258698941	
-1400230.2993224252	100.975	8.333333333333334	108.17948717948718	65.53846153846153	-87.49980795568155	1322	159	184	11.0	225.0	134.0	61	7.0	65.0	40.0	0	0	3.9854562282562256	105840	5098.953510284424	96117	9.186507936507937	
-1162791.4645862957	100.0	8.4	111.4	67.45	-87.49980795568155	1323	159	142	11	201	120	58	7	65	40	0	0	4.040770769119263	105920	5102.994281053543	96192	9.184290030211486	
-1375313.4718453554	100.45	8.3125	105.5	63.975	-87.49980795568155	1324	159	132	11	177	106	76	7	65	40	0	0	3.7580718994140625	106000	5106.752352952957	96263	9.185849056603786	
-962779.9902482185	100.0	8.2625	104.6	63.4375	-87.49980795568155	1325	159	127	11	177	106	73	7	65	40	0	0	3.6946640014648438	106080	5110.447016954422	96332	9.189291101055801	
-762783.7213362457	100.0	8.49367088607595	111.78481012658227	67.65822784810126	-87.49980795568155	1326	160	126	15.0	297.0	176.0	74	7.0	65.0	40.0	0	0	4.019199371337891	106160	5114.46621632576	96405	9.188960060286348	
-1075224.903188002	100.15	8.2875	106.0	64.2625	-87.49980795568155	1327	160	149	14	241	143	51	7	65	40	0	0	3.955300807952881	106240	5118.421517133713	96479	9.187688253012055	
-1175207.5135870327	103.7375	8.425	110.5	66.9125	-87.49980795568155	1328	160	166	14	241	143	59	7	65	40	0	0	3.869145154953003	106320	5122.290662288666	96551	9.188299473288183	
-1087811.0448448402	100.5625	8.575	113.2	68.475	-87.49980795568155	1329	160	153	14	249	148	47	6	57	35	0	0	4.046154975891113	106400	5126.336817264557	96625	9.187030075187977	
-1575282.436240966	100.5	8.275	106.5	64.5625	-87.49980795568155	1330	160	143	17	321	190	57	6	57	35	0	0	3.958373785018921	106480	5130.295191049576	96700	9.184823441021777	
-1337740.9810017797	102.2	8.5875	116.6	70.4625	-87.49980795568155	1331	160	143	17	441	260	72	7	65	40	0	0	4.040003061294556	106560	5134.33519411087	96771	9.186373873873876	
-1300313.3669286952	103.8625	8.675	117.8	71.15	-87.49980795568155	1332	160	143	17	417	246	85	7	65	40	0	0	4.334356069564819	106640	5138.669550180435	96846	9.184171042760696	
-1775279.9627463291	101.075	8.5125	112.9	68.3125	-87.49980795568155	1333	160	198	13	225	134	45	7	65	40	0	0	4.041234970092773	106720	5142.710785150528	96920	9.18290854572713	
-1600303.9906088398	99.675	8.468354430379748	112.59493670886076	68.15189873417721	-87.49980795568155	1334	161	148	12.0	201.0	120.0	52	7.0	73.0	45.0	0	0	3.827407121658325	106800	5146.538192272186	96991	9.18445692883894	
-1125300.2064245152	99.5	8.275	105.6	64.025	-87.49980795568155	1335	161	124	11	177	106	60	7	65	40	0	0	3.943917989730835	106880	5150.482110261917	97066	9.182260479041915	
-1250319.154495943	100.0	8.125	101.9	61.875	-87.49980795568155	1336	161	121	11	177	106	79	7	65	40	0	0	3.8388729095458984	106960	5154.320983171463	97140	9.181002243829468	
-1175252.7650869135	100.0	8.2125	103.8	62.9875	-87.49980795568155	1337	161	138	11	177	106	62	7	73	45	0	0	3.842871904373169	107040	5158.163855075836	97213	9.180680119581467	
-1150311.4092247984	100.0	8.0625	100.7	61.1875	-87.49980795568155	1338	161	136	11	177	106	64	7	65	40	0	0	3.842966079711914	107120	5162.006821155548	97284	9.182225541448844	
-612728.6959623058	100.0	8.25	103.5	62.7875	-87.49980795568155	1339	161	140	11	177	106	60	7	65	40	0	0	3.6915090084075928	107200	5165.698330163956	97354	9.184701492537314	
-1075265.9387940194	100.0	8.2875	105.9	64.2125	-87.49980795568155	1340	161	133	12	201	120	67	7	65	40	0	0	3.701035976409912	107280	5169.399366140366	97424	9.187173750932146	
-1375225.6935333803	100.0	8.2	104.5	63.4125	-87.49980795568155	1341	161	129	11	201	120	71	7	73	45	0	0	3.7113499641418457	107360	5173.110716104507	97495	9.188710879284642	
-1262702.1105485181	100.0	8.375	106.9	64.775	-87.49980795568155	1342	161	123	12	201	120	77	7	65	40	0	0	3.9002320766448975	107440	5177.010948181152	97567	9.18931496649293	
-1350282.5284259333	100.0	8.325	107.7	65.275	-87.49980795568155	1343	161	139	12	193	115	61	7	65	40	0	0	3.859092950820923	107520	5180.870041131973	97640	9.188988095238088	
-1050293.81589789	100.0	8.35	109.2	66.1625	-87.49980795568155	1344	161	139	11	177	106	61	7	65	40	0	0	3.667922019958496	107600	5184.537963151932	97709	9.192379182156131	
-1162695.050615713	99.8875	8.4	109.1	66.075	-87.49980795568155	1345	161	138	11	177	106	62	7	65	40	0	0	3.7639400959014893	107680	5188.301903247833	97779	9.194836552748882	
-1887847.8052040585	100.0	8.25	106.1	64.325	-87.49980795568155	1346	161	145	13	249	148	55	7	65	40	0	0	3.8553740978240967	107760	5192.157277345657	97851	9.195434298440986	
-975350.025447898	100.4625	8.225	104.5	63.3875	-87.49980795568155	1347	161	151	12	193	115	49	6	57	35	0	0	3.7269928455352783	107840	5195.884270191193	97922	9.196958456973292	
-1675292.703152589	100.0	8.1	101.8	61.8125	-87.49980795568155	1348	161	144	14	249	148	56	7	65	40	0	0	3.8661890029907227	107920	5199.750459194183	97997	9.194773906597476	
-1387750.4723741994	100.0	8.25	104.7	63.4875	-87.49980795568155	1349	161	142	12	225	134	58	7	65	40	0	0	3.9208788871765137	108000	5203.67133808136	98071	9.193518518518516	
-1037801.2906562013	99.85	8.4	111.6	67.5375	-87.49980795568155	1350	161	129	13	321	190	71	6	57	35	0	0	4.166365146636963	108080	5207.837703227997	98147	9.190414507772019	
-1125258.5383896388	99.8	8.1125	102.5	62.225	-87.49980795568155	1351	161	138	13	321	190	62	6	57	35	0	0	3.7419798374176025	108160	5211.579683065414	98218	9.191937869822482	
-1450194.747836546	100.15	8.3	107.8	65.3125	-87.49980795568155	1352	161	113	13	321	190	87	7	65	40	0	0	4.027734994888306	108240	5215.607418060303	98291	9.191611234294157	
-1125318.0002120137	100.0	8.15	102.4	62.1625	-87.49980795568155	1353	161	148	11	201	120	52	7	65	40	0	0	3.592379093170166	108320	5219.199797153473	98360	9.194977843426884	
-1325290.5598319522	100.0	8.05	99.2	60.275	-87.49980795568155	1354	161	123	11	177	106	77	7	65	40	0	0	3.796491861343384	108400	5222.996289014816	98434	9.193726937269375	
-1225308.6756524362	100.0	8.1625	104.5	63.4125	-87.49970232182082	1355	161	139	12	193	115	61	7	65	40	0	0	3.780961036682129	108480	5226.777250051498	98507	9.193399705014755	
-1387772.6104025256	99.7375	8.4375	110.4	66.85	-87.49970232182082	1356	161	129	15	273	162	71	7	65	40	0	0	3.8995490074157715	108560	5230.676799058914	98580	9.193072955047896	
-1387718.734102164	99.8125	8.175	102.1	61.9625	-87.49970232182082	1357	161	125	11	201	120	75	7	65	40	0	0	3.884024143218994	108640	5234.560823202133	98653	9.192746686303394	
-1925306.686950909	99.7	8.2875	107.9	65.3875	-87.49970232182082	1358	161	141	14	273	162	59	6	57	35	0	0	4.008785009384155	108720	5238.569608211517	98728	9.190581309786609	
-962828.6676753756	99.7375	8.4625	110.9	67.1375	-87.49970232182082	1359	161	131	16	321	190	69	7	73	45	0	0	4.051652908325195	108800	5242.6212611198425	98803	9.188419117647058	
-1400252.3065117975	99.8125	8.2375	103.8	62.9875	-87.49970232182082	1360	161	133	12	193	115	67	7	65	40	0	0	3.7358100414276123	108880	5246.35707116127	98874	9.189933872152835	
-1600290.7142622855	99.9625	8.3375	106.2	64.375	-87.49970232182082	1361	161	134	11	177	106	66	7	81	50	0	0	3.87835693359375	108960	5250.235428094864	98947	9.189610866372973	
-1250314.044685452	100.425	8.3625	107.7	65.25	-87.49970232182082	1362	161	155	17	369	218	45	7	65	40	0	0	3.8878238201141357	109040	5254.123251914978	99019	9.19020542920029	
-975262.0895987023	100.0	8.275	106.0	64.2875	-87.49970232182082	1363	161	129	11	177	106	71	7	65	40	0	0	3.859851121902466	109120	5257.9831030368805	99093	9.188966275659823	
-1062779.8007047912	99.95	8.4	108.8	65.8875	-87.49970232182082	1364	161	120	11	177	106	80	6	57	35	0	0	3.8546149730682373	109200	5261.837718009949	99164	9.19047619047619	
-1425234.9107779278	100.0125	8.3375	107.7	65.2625	-87.49970232182082	1365	161	133	11	177	106	67	7	65	40	0	0	3.8848602771759033	109280	5265.722578287125	99236	9.19106881405564	
-1712712.7568582776	101.275	8.253164556962025	105.50632911392405	63.9746835443038	-87.49970232182082	1366	162	125	13.0	273.0	162.0	75	6.0	57.0	35.0	0	0	3.835222005844116	109360	5269.557800292969	99309	9.190746159473292	
-1375342.2830640455	101.0125	8.417721518987342	108.9493670886076	65.9746835443038	-87.49970232182082	1367	163	181	15.0	273.0	162.0	19	7.0	65.0	40.0	0	0	3.928407669067383	109440	5273.486207962036	99380	9.192251461988292	
-1362735.6685184138	102.2125	8.3125	106.8	64.725	-87.49970232182082	1368	163	181	12	225	134	67	7	65	40	0	0	4.244546175003052	109520	5277.730754137039	99452	9.19284149013879	
-1062777.7501640238	101.0	8.575	114.6	69.3125	-87.49970232182082	1369	163	141	12	225	134	59	7	73	45	0	0	4.3288140296936035	109600	5282.059568166733	99525	9.19251824817519	
-1450314.248783261	101.05	8.45	110.4	66.8375	-87.49970232182082	1370	163	174	12	193	115	26	6	57	35	0	0	4.09905481338501	109680	5286.158622980118	99601	9.189460247994163	
-1200250.6503327545	100.35	8.325	108.0	65.4625	-87.49970232182082	1371	163	146	14	249	148	54	7	65	40	0	0	3.759050130844116	109760	5289.917673110962	99672	9.190962099125372	
-1400267.8822059976	100.45	8.325	107.7	65.275	-87.49970232182082	1372	163	167	14	249	148	61	7	65	40	0	0	3.9370360374450684	109840	5293.854709148407	99746	9.189730517115805	
-1512775.6059898995	100.0	8.2375	106.5	64.5375	-87.49970232182082	1373	163	144	14	385	227	56	7	65	40	0	0	4.129587888717651	109920	5297.984297037125	99820	9.188500727802037	
-1725313.4789708233	100.975	8.175	104.4	63.325	-87.49970232182082	1374	163	126	11	177	106	74	7	65	40	0	0	3.914107084274292	110000	5301.898404121399	99894	9.187272727272727	
-1650255.600683779	99.925	8.4	109.4	66.2625	-87.49970232182082	1375	163	130	12	225	134	70	7	65	40	0	0	4.017651081085205	110080	5305.916055202484	99969	9.185138081395351	
-1575331.0767988774	100.0	8.1625	102.5	62.2125	-87.49970232182082	1376	163	113	12	225	134	87	7	65	40	0	0	3.727138042449951	110160	5309.643193244934	100040	9.186637618010167	
-1600246.943940002	100.1625	8.175	104.3	63.275	-87.49970232182082	1377	163	124	12	225	134	76	6	57	35	0	0	3.7616209983825684	110240	5313.404814243317	100111	9.188134978229328	
-1737775.977187765	100.0	8.1625	102.1	61.975	-87.49970232182082	1378	163	115	12	241	143	85	7	65	40	0	0	3.873994827270508	110320	5317.278809070587	100185	9.186910804931117	
-1325199.765003709	99.8125	8.3125	107.7	65.2625	-87.49970232182082	1379	163	139	11	177	106	61	7	65	40	0	0	3.991546869277954	110400	5321.270355939865	100258	9.186594202898547	
-1287786.1684265719	99.8125	8.1125	103.0	62.5125	-87.49970232182082	1380	163	118	11	217	129	82	7	65	40	0	0	3.88055419921875	110480	5325.150910139084	100332	9.185372918175233	
-1312789.2175456902	100.175	8.475	113.7	68.8	-87.49970232182082	1381	163	123	13	249	148	77	7	73	45	0	0	4.1028969287872314	110560	5329.253807067871	100408	9.182344428364686	
-2062811.2301407189	100.4625	8.3	108.2	65.575	-87.49970232182082	1382	163	129	15	257	152	71	7	65	40	0	0	3.8802011013031006	110640	5333.134008169174	100480	9.182935647143893	
-1587777.400391243	100.2875	8.4375	110.3	66.775	-87.49970232182082	1383	163	147	13	217	129	53	7	65	40	0	0	3.908176898956299	110720	5337.0421850681305	100552	9.183526011560701	
-1575202.951092614	100.0	8.4875	111.1	67.2375	-87.49970232182082	1384	163	135	13	249	148	65	6	57	35	0	0	4.156172037124634	110800	5341.198357105255	100625	9.183212996389884	
-1950263.6941157617	100.375	8.1875	106.1	64.3125	-87.49970232182082	1385	163	130	13	361	213	70	6	57	35	0	0	3.986027956008911	110880	5345.184385061264	100698	9.182900432900425	
-1225271.2513722419	100.1125	8.35	109.8	66.5125	-87.49970232182082	1386	163	124	12	193	115	76	7	65	40	0	0	3.768890142440796	110960	5348.953275203705	100769	9.184390771449173	
-1950197.467545133	99.75	8.2375	103.4	62.7125	-87.49970232182082	1387	163	123	14	241	143	77	7	65	40	0	0	3.6732349395751953	111040	5352.62651014328	100838	9.187680115273778	
-1325234.553764911	100.1375	8.265822784810126	105.20253164556962	63.78481012658228	-87.49970232182082	1388	164	133	14.0	241.0	143.0	67	7.0	65.0	40.0	0	0	3.6050171852111816	111120	5356.231527328491	100906	9.191864650827924	
-1387727.25724348	100.3	8.240506329113924	105.60759493670886	64.0253164556962	-87.49970232182082	1389	165	144	13.0	225.0	134.0	56	7.0	65.0	40.0	0	0	3.9254097938537598	111200	5360.156937122345	100979	9.191546762589937	
-1737790.4996435822	100.0375	8.3125	106.6	64.6125	-87.49970232182082	1390	165	148	13	249	148	52	7	65	40	0	0	4.044635057449341	111280	5364.201572179794	101055	9.188533429187643	
-2050336.0279123385	100.0	8.2	103.9	63.0375	-87.49970232182082	1391	165	145	16	313	185	55	7	65	40	0	0	3.9781460762023926	111360	5368.179718255997	101131	9.185524425287355	
-1775264.2532459744	100.0	8.05	98.6	59.925	-87.49970232182082	1392	165	118	14	233	138	82	7	73	45	0	0	3.7609400749206543	111440	5371.940658330917	101204	9.185211773151465	
-1087710.0053496365	100.0	8.1375	104.1	63.1875	-87.49970232182082	1393	165	116	11	225	134	84	7	65	40	0	0	3.65702486038208	111520	5375.597683191299	101274	9.187589670014347	
-925270.3831343778	100.0	8.35	108.1	65.5125	-87.49970232182082	1394	165	131	13	273	162	69	7	65	40	0	0	3.681298017501831	111600	5379.278981208801	101344	9.1899641577061	
-1175245.6124708538	100.0	8.3375	107.1	64.9125	-87.49970232182082	1395	165	115	13	225	134	85	7	65	40	0	0	3.8446688652038574	111680	5383.123650074005	101417	9.189648997134668	
-900222.9094376542	100.0	8.125	101.5	61.65	-87.49970232182082	1396	165	131	11	201	120	69	7	65	40	0	0	3.787961006164551	111760	5386.91161108017	101491	9.188439513242656	
-1712775.7133430343	100.0	8.325	107.0	64.85	-87.49970232182082	1397	165	131	14	249	148	69	7	65	40	0	0	3.9428319931030273	111840	5390.854443073273	101565	9.187231759656655	
-787801.633485382	100.5	8.0875	101.7	61.7625	-87.49970232182082	1398	165	148	11	249	148	52	6	57	35	0	0	3.7528131008148193	111920	5394.6072561740875	101637	9.187812723373838	
-1100231.028175317	100.0	8.1375	102.4	62.1625	-87.49970232182082	1399	165	140	11	201	120	60	7	65	40	0	0	3.6509060859680176	112000	5398.2581622600555	101707	9.190178571428575	
-1187867.7405620834	100.0	8.275	105.6	64.0375	-87.49970232182082	1400	165	137	11	201	120	63	7	65	40	0	0	3.9589908123016357	112080	5402.217153072357	101782	9.188079942897929	
-1325264.5108326762	100.3	8.3	106.2	64.3875	-87.49970232182082	1401	165	129	11	177	106	71	6	57	35	0	0	3.866291046142578	112160	5406.0834441185	101855	9.18776747503567	
-1200267.4777881342	99.5125	8.3	106.3	64.425	-87.49970232182082	1402	165	135	11	193	115	65	7	73	45	0	0	3.5754101276397705	112240	5409.6588542461395	101923	9.191910192444766	
-1137764.8150012977	99.9375	8.2	103.0	62.5125	-87.49970232182082	1403	165	135	15	265	157	65	7	65	40	0	0	3.4080357551574707	112320	5413.066890001297	101996	9.191595441595439	
-1550216.4578088871	100.525	8.4625	111.3	67.3625	-87.49970232182082	1404	165	149	12	201	120	65	7	65	40	0	0	3.5210461616516113	112400	5416.587936162949	102069	9.191281138790032	
-1675303.3237294662	100.35	8.325	107.3	65.0125	-87.49970232182082	1405	165	124	15	345	204	76	7	65	40	0	0	3.421238899230957	112480	5420.00917506218	102140	9.192745376955898	
-1212791.5748652425	100.625	8.35	107.7	65.275	-87.49970232182082	1406	165	139	11	201	120	61	7	65	40	0	0	3.300244092941284	112560	5423.309419155121	102210	9.195095948827287	
-1462741.8334396523	100.7	8.3375	108.7	65.85	-87.49970232182082	1407	165	154	13	249	148	46	7	65	40	0	0	3.537986993789673	112640	5426.8474061489105	102284	9.193892045454547	
-987858.3360544324	100.4875	8.55	116.2	70.25	-87.49970232182082	1408	165	139	13	249	148	62	7	65	40	0	0	3.616387128829956	112720	5430.4637932777405	102359	9.191802696948187	
-1262829.1673602515	100.625	8.4125	109.6	66.375	-87.49970232182082	1409	165	139	11	201	120	69	7	65	40	0	0	3.5804290771484375	112800	5434.044222354889	102434	9.189716312056746	
-887736.1790636152	100.2125	8.278481012658228	105.60759493670886	64.0253164556962	-87.49970232182082	1410	166	182	14.0	297.0	176.0	29	7.0	65.0	40.0	0	0	3.412951707839966	112880	5437.457174062729	102506	9.190290574060938	
-1325192.6503979866	100.0	8.3875	108.3	65.6	-87.49970232182082	1411	166	151	15	265	157	49	6	57	35	0	0	3.41918683052063	112960	5440.8763608932495	102578	9.190864022662893	
-1450310.3672710406	100.0	8.25	103.7	62.9	-87.49970232182082	1412	166	110	11	177	106	90	6	57	35	0	0	3.414161205291748	113040	5444.290522098541	102651	9.190552016985137	
-1437718.070324479	100.0	8.30379746835443	107.63291139240506	65.22784810126582	-87.49970232182082	1413	167	139	11.0	201.0	120.0	61	7.0	65.0	40.0	0	0	3.25844407081604	113120	5447.548966169357	102720	9.19377652050919	
-1525305.2608550407	100.0	8.1375	101.8	61.8125	-87.49970232182082	1414	167	138	11	201	120	62	7	65	40	0	0	3.394681930541992	113200	5450.943648099899	102794	9.192579505300358	
-875307.4273077094	101.8125	8.25	105.2	63.8	-87.49970232182082	1415	167	147	11	225	134	53	7	65	40	0	0	3.2171881198883057	113280	5454.160836219788	102863	9.195798022598865	
-1900209.5221359842	101.825	8.375	107.7	65.25	-87.49970232182082	1416	167	138	13	249	148	67	7	65	40	0	0	3.5267677307128906	113360	5457.6876039505005	102938	9.19371912491178	
-1425238.6601565937	100.5375	8.5125	112.0	67.7625	-87.49970232182082	1417	167	162	15	289	171	51	6	57	35	0	0	3.559634208679199	113440	5461.24723815918	103012	9.192524682651623	
-1337793.0468481805	100.425	8.425	109.8	66.475	-87.49970232182082	1418	167	147	15	345	204	66	7	65	40	0	0	3.2804529666900635	113520	5464.52769112587	103081	9.195736434108525	
-787718.5414686209	99.95	8.4	110.4	66.8375	-87.49970232182082	1419	167	145	14	249	148	55	7	65	40	0	0	3.3684959411621094	113600	5467.896187067032	103152	9.197183098591552	
-1275240.064219099	99.2125	8.3125	106.4	64.4875	-87.49970232182082	1420	167	134	14	249	148	66	6	57	35	0	0	3.435634136199951	113680	5471.331821203232	103226	9.195988740323713	
-1125232.9215756268	100.15	8.1125	102.6	62.275	-87.49970232182082	1421	167	132	12	193	115	68	6	57	35	0	0	3.341280937194824	113760	5474.673102140427	103298	9.196554149085785	
-1487771.6269480023	100.7875	8.25	105.3	63.85	-87.49970232182082	1422	167	145	13	217	129	55	7	65	40	0	0	3.515584945678711	113840	5478.188687086105	103374	9.19360505973296	
-1112806.9966488045	103.375	8.1875	104.4	63.35	-87.49970232182082	1423	167	146	12	225	134	57	7	65	40	0	0	3.3882100582122803	113920	5481.576897144318	103448	9.192415730337075	
-1312832.5273642042	103.275	8.3	107.2	65.0	-87.49970232182082	1424	167	167	16	281	166	64	7	65	40	0	0	3.303170919418335	114000	5484.880068063736	103520	9.192982456140356	
-1312760.315613165	101.7	8.15	101.9	61.8375	-87.49970232182082	1425	167	136	11	177	106	64	6	57	35	0	0	3.395681142807007	114080	5488.275749206543	103593	9.192671809256652	
-2125250.2456092415	100.0	8.225	104.0	63.125	-87.49970232182082	1426	167	120	13	217	129	80	7	65	40	0	0	3.338660717010498	114160	5491.6144099235535	103666	9.19236159775754	
-1525345.667198352	99.875	8.1	100.8	61.2375	-87.49970232182082	1427	167	132	13	217	129	63	6	57	35	0	0	3.3434770107269287	114240	5494.95788693428	103740	9.191176470588232	
-1375299.8506074909	100.9125	8.2375	105.7	64.1125	-87.49970232182082	1428	167	135	14	233	138	65	7	65	40	0	0	3.288180351257324	114320	5498.246067285538	103812	9.191742477256824	
-1400279.3073223587	102.8375	8.3875	109.9	66.5625	-87.49970232182082	1429	167	137	12	225	134	79	7	65	40	0	0	3.463404655456543	114400	5501.709471940994	103886	9.19055944055944	
-1275334.9132625922	100.975	8.2625	107.2	64.975	-87.49970232182082	1430	167	134	11	225	134	66	7	65	40	0	0	3.336027145385742	114480	5505.04549908638	103958	9.191125087351509	
-1000168.7753907209	100.85	8.35897435897436	107.66666666666667	65.23076923076923	-87.49970232182082	1431	169	170	12.0	201.0	120.0	30	7.0	65.0	40.0	0	0	3.299346923828125	114560	5508.344846010208	104029	9.192562849162016	
-1075268.9209144912	100.9875	8.3375	107.4	65.0875	-87.49970232182082	1432	169	128	13	225	134	72	6	57	35	0	0	3.2370409965515137	114640	5511.58188700676	104099	9.194870900209352	
-975322.4476313628	100.7125	8.275	104.9	63.625	-87.49970232182082	1433	169	144	11	201	120	56	7	73	45	0	0	3.003221035003662	114720	5514.585108041763	104165	9.200662482566244	
-1737792.3126870864	99.8375	8.2125	102.9	62.425	-87.49970232182082	1434	169	142	14	241	143	47	7	65	40	0	0	3.399630069732666	114800	5517.984738111496	104239	9.199477351916372	
-575201.6874693421	100.325	8.4375	112.6	68.15	-87.49970232182082	1435	169	126	11	225	134	78	7	73	45	0	0	3.497605085372925	114880	5521.482343196869	104311	9.200034818941504	
-1762728.2199578255	100.0	8.4625	112.3	67.975	-87.49970232182082	1436	169	136	15	265	157	64	6	57	35	0	0	3.4056777954101562	114960	5524.888020992279	104384	9.199721642310365	
-1700269.4945093736	101.35	8.25	106.3	64.4375	-87.49970232182082	1437	169	137	11	225	134	63	7	65	40	0	0	3.377209186553955	115040	5528.265230178833	104457	9.199408901251743	
-1375279.7910582856	101.2125	8.4875	113.6	68.7125	-87.49970232182082	1438	169	137	11	225	134	68	7	65	40	0	0	3.607503890991211	115120	5531.872734069824	104532	9.19735927727588	
-1187774.5365328623	99.55	8.1125	103.7	62.95	-87.49970232182082	1439	169	137	13	249	148	63	7	65	40	0	0	3.3148131370544434	115200	5535.187547206879	104605	9.197048611111114	
-1225310.881909161	100.1	8.225	106.2	64.4	-87.49970232182082	1440	169	129	12	225	134	71	7	65	40	0	0	3.2761337757110596	115280	5538.46368098259	104676	9.198473282442748	
-1825262.2892653518	101.2875	8.3375	107.9	65.375	-87.49970232182082	1441	169	135	11	177	106	65	7	65	40	0	0	3.469632148742676	115360	5541.933313131332	104749	9.198162274618582	
-2150187.816747018	100.075	8.1875	104.1	63.1375	-87.49970232182082	1442	169	152	12	225	134	48	6	57	35	0	0	3.415152072906494	115440	5545.348465204239	104822	9.197851697851704	
-2200187.2180969287	100.3625	8.20253164556962	103.88607594936708	63.0126582278481	-87.49970232182082	1443	170	142	13.0	249.0	148.0	58	7.0	65.0	40.0	0	0	3.218604803085327	115520	5548.567070007324	104891	9.201004155124664	
-1362749.6611915585	100.0	8.275	107.4	65.1125	-87.49970232182082	1444	170	139	13	273	162	61	7	65	40	0	0	3.1972782611846924	115600	5551.764348268509	104960	9.20415224913495	
-1512821.623376676	100.1625	8.329113924050633	108.24050632911393	65.62025316455696	-87.49970232182082	1445	171	143	14.0	249.0	148.0	57	7.0	65.0	40.0	0	0	3.070488691329956	115680	5554.834836959839	105027	9.20902489626556	
-1125249.4631844792	101.1375	8.35	111.2	67.375	-87.49970232182082	1446	171	166	14	321	190	68	7	73	45	0	0	3.389916181564331	115760	5558.224753141403	105100	9.208707671043541	
-1075299.855758105	99.9125	8.25	104.3	63.275	-87.49970232182082	1447	171	117	12	193	115	83	7	65	40	0	0	3.2327818870544434	115840	5561.457535028458	105171	9.210117403314925	
-1487705.0860264574	100.0	8.2625	105.6	64.025	-87.49970232182082	1448	171	138	13	225	134	62	6	57	35	0	0	3.321176052093506	115920	5564.778711080551	105243	9.210662525879926	
-1712810.0778809283	100.0	8.4125	108.7	65.8125	-87.49970232182082	1449	171	134	15	297	176	66	6	57	35	0	0	3.5641531944274902	116000	5568.342864274979	105317	9.209482758620695	
-1787787.428509043	99.7	8.3	106.1	64.325	-87.49970232182082	1450	171	139	11	201	120	61	6	57	35	0	0	3.4289629459381104	116080	5571.771827220917	105392	9.207443142660239	
-1237780.6239031274	100.0	8.0875	99.6	60.5125	-87.49970232182082	1451	171	143	11	201	120	57	7	65	40	0	0	3.11794376373291	116160	5574.88977098465	105461	9.210571625344357	
-1662836.2869922216	100.0	8.4125	110.5	66.875	-87.49970232182082	1452	171	136	15	361	213	64	6	57	35	0	0	3.5786449909210205	116240	5578.468415975571	105534	9.210254645560909	
-1687829.779266519	100.2	8.4875	111.4	67.4125	-87.49970232182082	1453	171	119	17	305	180	81	6	57	35	0	0	3.4459691047668457	116320	5581.9143850803375	105606	9.210797799174685	
-900272.7137545769	100.6875	8.3625	107.9	65.375	-87.49970232182082	1454	171	126	11	201	120	74	7	65	40	0	0	3.3219470977783203	116400	5585.236332178116	105677	9.212199312714773	
-2062752.0214201447	100.3125	8.1875	104.6	63.4375	-87.49970232182082	1455	171	130	11	225	134	70	7	65	40	0	0	3.2548229694366455	116480	5588.4911551475525	105747	9.214457417582423	
-962871.1721513064	100.5375	8.35	108.6	65.7875	-87.49970232182082	1456	171	136	12	225	134	64	7	65	40	0	0	3.4240810871124268	116560	5591.915236234665	105820	9.214138641043235	
-1950331.2208218924	100.875	8.1125	101.2	61.4375	-87.49970232182082	1457	171	135	11	201	120	65	7	65	40	0	0	3.3095626831054688	116640	5595.22479891777	105892	9.214677640603568	
-1600228.4415902267	100.6875	8.4125	110.5	66.9	-87.49970232182082	1458	171	150	13	209	124	62	7	65	40	0	0	3.4664740562438965	116720	5598.691272974014	105965	9.214359150102808	
-1387732.4477316588	100.4375	8.3125	109.3	66.2	-87.49970232182082	1459	171	138	11	177	106	84	6	57	35	0	0	3.4973349571228027	116800	5602.188607931137	106039	9.213184931506845	
-1200255.5547860295	100.0	8.1	101.4	61.575	-87.49970232182082	1460	171	117	11	177	106	83	7	65	40	0	0	3.2193050384521484	116880	5605.407912969589	106110	9.214579055441476	
-1050241.5578171718	99.9875	8.2375	103.9	63.025	-87.49970232182082	1461	171	123	12	201	120	77	6	57	35	0	0	3.330024242401123	116960	5608.73793721199	106183	9.214261285909714	
-1137795.8314932596	99.8125	8.175	102.8	62.4	-87.49970232182082	1462	171	137	12	201	120	48	6	57	35	0	0	3.113239049911499	117040	5611.851176261902	106252	9.21736158578264	
-1200253.8027034644	99.9	8.3375	107.0	64.85	-87.49970232182082	1463	171	136	15	273	162	64	7	65	40	0	0	3.371041774749756	117120	5615.222218036652	106324	9.217896174863384	
-1687821.2959652855	99.9	8.325	107.5	65.1375	-87.49970232182082	1464	171	167	12	225	134	33	7	65	40	0	0	3.3896639347076416	117200	5618.611881971359	106397	9.217576791808881	
-1187866.2887184862	100.2375	8.2125	103.9	63.025	-87.49970232182082	1465	171	167	13	217	129	76	6	57	35	0	0	3.380784273147583	117280	5621.992666244507	106471	9.216405184174619	
-1187785.444409342	100.0	8.265822784810126	104.29113924050633	63.25316455696203	-87.49970232182082	1466	172	146	12.0	201.0	120.0	54	7.0	65.0	40.0	0	0	3.234276056289673	117360	5625.2269423007965	106541	9.21864349011588	
-1212751.8761407437	100.0	8.3125	105.2	63.775	-87.49970232182082	1467	172	123	11	177	106	77	7	65	40	0	0	3.3672938346862793	117440	5628.594236135483	106613	9.219175749318794	
-2012699.8741717942	100.0	8.215189873417721	103.88607594936708	63.0253164556962	-87.49970232182082	1468	173	152	11.0	177.0	106.0	48	7.0	65.0	40.0	0	0	3.3046140670776367	117520	5631.89885020256	106685	9.219707283866569	
-1137796.6359927314	98.7	8.375	108.4	65.6625	-87.49970232182082	1469	173	135	12	193	115	48	7	65	40	0	0	3.5165867805480957	117600	5635.4154369831085	106759	9.218537414965994	
-1925303.0277302465	100.2875	8.3625	110.2	66.725	-87.49970232182082	1470	173	135	13	241	143	67	7	65	40	0	0	3.5885541439056396	117680	5639.003991127014	106834	9.216519374575114	
-1437782.1338367623	99.7	8.0	98.7	60.0125	-87.49970232182082	1471	173	134	11	177	106	66	7	65	40	0	0	3.062908172607422	117760	5642.066899299622	106903	9.21959918478261	
-1675281.952419119	99.7875	8.1875	101.9	61.85	-87.49970232182082	1472	173	135	13	217	129	65	7	65	40	0	0	3.3096067905426025	117840	5645.376506090164	106975	9.220128988458924	
-1650325.464591217	100.3375	8.1375	102.3	62.0875	-87.49970232182082	1473	173	133	13	249	148	67	6	57	35	0	0	3.237908124923706	117920	5648.614414215088	107046	9.221506105834465	
-1012712.0917264055	101.125	8.3375	108.4	65.675	-87.49970232182082	1474	173	130	12	225	134	81	7	65	40	0	0	3.3500800132751465	118000	5651.964494228363	107118	9.222033898305085	
-1825244.4897708124	100.0	8.2625	104.9	63.625	-87.49970232182082	1475	173	137	14	249	148	63	7	65	40	0	0	3.409733772277832	118080	5655.374228000641	107193	9.22002032520325	
-1800254.2168349412	100.7	8.375	108.6	65.7875	-87.49970232182082	1476	173	165	12	201	120	34	7	65	40	0	0	3.3450090885162354	118160	5658.719237089157	107265	9.220548408937034	
-1237805.6346419875	99.9	8.275	104.5	63.3875	-87.49970232182082	1477	173	129	12	201	120	67	7	65	40	0	0	3.4495811462402344	118240	5662.168818235397	107340	9.218538565629231	
-1500256.0647475466	99.6	8.3375	108.7	65.8625	-87.49970232182082	1478	173	152	11	193	115	49	6	57	35	0	0	3.305119037628174	118320	5665.4739372730255	107410	9.220757268424606	
-800212.6839417495	99.5875	8.075	99.5	60.4625	-87.49970232182082	1479	173	145	11	177	106	55	6	57	35	0	0	3.177845001220703	118400	5668.651782274246	107481	9.222128378378386	
-1750196.908073775	100.0	8.0375	99.2	60.275	-87.49970232182082	1480	173	142	11	177	106	58	6	57	35	0	0	3.2754669189453125	118480	5671.9272491931915	107554	9.22180958811613	
-1025271.3043003414	100.0	8.1	99.9	60.675	-87.49970232182082	1481	173	146	12	201	120	54	7	65	40	0	0	3.264492988586426	118560	5675.191742181778	107626	9.222334682861003	
-1287787.5480328603	100.0	8.189873417721518	102.77215189873418	62.36708860759494	-87.49970232182082	1482	174	123	11.0	177.0	106.0	77	6.0	57.0	35.0	0	0	3.235039710998535	118640	5678.4267818927765	107696	9.224544841537423	
-1650261.1037031037	99.6125	8.3	105.0	63.6375	-87.49970232182082	1483	174	122	13	217	129	77	7	65	40	0	0	3.417757272720337	118720	5681.844539165497	107768	9.225067385444746	
-1512765.6420957122	100.0	8.10126582278481	102.56962025316456	62.265822784810126	-87.49970232182082	1484	175	172	11.0	177.0	106.0	28	7.0	65.0	40.0	0	0	3.2804629802703857	118800	5685.125002145767	107840	9.225589225589232	
-2025237.5799425326	100.375	8.3875	108.1	65.5	-87.49970232182082	1485	175	133	13	241	143	67	7	65	40	0	0	3.455825090408325	118880	5688.5808272361755	107914	9.22442799461642	
-1437777.553186398	100.1875	8.2625	104.8	63.55	-87.49970232182082	1486	175	127	13	225	134	78	7	65	40	0	0	3.3710968494415283	118960	5691.951924085617	107987	9.224108944182916	
-1800236.4191224605	99.0375	8.1125	101.3	61.5125	-87.49970232182082	1487	175	125	11	225	134	75	6	57	35	0	0	3.225076913833618	119040	5695.177000999451	108058	9.225470430107535	
-1475236.6150786574	99.725	8.125	101.6	61.7	-87.49970232182082	1488	175	141	11	225	134	45	7	65	40	0	0	3.2978081703186035	119120	5698.474809169769	108131	9.225151108126255	
-1075268.65680868	100.0	8.3	106.8	64.7375	-87.49970232182082	1489	175	134	12	193	115	66	7	65	40	0	0	3.449718952178955	119200	5701.924528121948	108205	9.223993288590606	
-1562799.470277087	99.9875	8.3625	109.0	66.0375	-87.49970232182082	1490	175	141	16	321	190	59	7	65	40	0	0	3.510944128036499	119280	5705.435472249985	108280	9.221998658618375	
-1762732.1436597898	100.1375	8.3	107.3	65.0375	-87.49970232182082	1491	175	137	16	321	190	63	7	65	40	0	0	3.2724058628082275	119360	5708.707878112793	108351	9.223357908847191	
-1162719.4126211626	100.0	8.175	102.7	62.325	-87.49970232182082	1492	175	120	11	217	129	80	7	65	40	0	0	3.3131909370422363	119440	5712.021069049835	108422	9.224715338245147	
-1875295.2667361621	100.0	8.0875	100.9	61.275	-87.49970232182082	1493	175	128	11	201	120	72	7	65	40	0	0	3.287227153778076	119520	5715.308296203613	108495	9.224397590361448	
-875278.4881319052	100.0	8.265822784810126	106.31645569620254	64.46835443037975	-87.49970232182082	1494	176	157	12.0	193.0	115.0	43	7.0	65.0	40.0	0	0	3.269150972366333	119600	5718.57744717598	108566	9.22575250836121	
-1537731.2309050965	100.05	8.475	110.3	66.7375	-87.49970232182082	1495	176	133	12	225	134	67	6	57	35	0	0	3.449474811553955	119680	5722.026921987534	108637	9.227105614973269	
-1312763.3317047714	100.3125	8.3625	110.0	66.625	-87.49970232182082	1496	176	131	13	321	190	69	7	65	40	0	0	3.5000293254852295	119760	5725.526951313019	108711	9.225951903807612	
-1850218.4449702338	100.0	8.35	107.3	65.0125	-87.49970232182082	1497	176	136	13	249	148	64	7	65	40	0	0	3.3900296688079834	119840	5728.916980981827	108783	9.226468624833103	
-1800223.4119101986	99.5	8.3625	108.0	65.45	-87.49970232182082	1498	176	152	11	193	115	48	7	73	45	0	0	3.1738321781158447	119920	5732.090813159943	108851	9.23032021347565	
-1525265.488707596	99.95	8.45	109.8	66.4875	-87.49970232182082	1499	176	134	12	193	115	70	7	65	40	0	0	3.3616249561309814	120000	5735.452438116074	108922	9.23166666666667	
-1212769.9880763383	100.05	8.3	106.1	64.3125	-87.49970232182082	1500	176	129	12	193	115	71	7	65	40	0	0	3.3715319633483887	120080	5738.823970079422	108994	9.232178547634902	
