ave_fitness	ave_genome_length	ave_tree_depth	ave_tree_nodes	ave_used_codons	best_fitness	gen	invalids	max_genome_length	max_tree_depth	max_tree_nodes	max_used_codons	min_genome_length	min_tree_depth	min_tree_nodes	min_used_codons	runtime_error	time_adjust	time_taken	total_inds	total_time	unique_inds	unused_search	
-700020.0274445397	100.0	10.935064935064934	179.14285714285714	113.74025974025975	-16.411079191812526	0	3	100	18.0	439.0	283.0	100	7.0	74.0	48.0	0	0	1.588315725326538	80	1.588315725326538	77	3.75	
-400038.09250245243	100.0	11.116883116883116	195.80519480519482	123.24675324675324	-11.903474154846679	1	6	178	18.0	472.0	285.0	22	7.0	82.0	53.0	0	0	1.5196471214294434	160	3.1079628467559814	148	7.5	
-237531.37121824903	100.65	10.346153846153847	182.02564102564102	114.21794871794872	-9.689255344064192	2	8	166	18.0	472.0	285.0	34	7.0	82.0	53.0	0	0	1.481112003326416	240	4.5890748500823975	220	8.333333333333343	
-275018.1885601508	100.125	9.974358974358974	163.84615384615384	103.25641025641026	-9.689255344064192	3	10	183	18.0	348.0	220.0	17	8.0	87.0	56.0	0	0	1.276494026184082	320	5.8655688762664795	291	9.0625	
-275017.7392517369	98.1	9.91025641025641	164.07692307692307	102.56410256410257	-9.636925195792998	4	12	202	19.0	294.0	180.0	28	7.0	82.0	53.0	0	0	1.392509937286377	400	7.2580788135528564	364	9.0	
-325020.816086186	96.5	10.564102564102564	183.53846153846155	114.02564102564102	-8.911184688511474	5	14	159	13.0	329.0	200.0	22	7.0	82.0	53.0	0	0	1.4904289245605469	480	8.748507738113403	438	8.75	
-375012.40239140595	97.375	11.35064935064935	200.67532467532467	124.35064935064935	-8.911184688511474	6	17	164	16.0	351.0	214.0	28	8.0	85.0	55.0	0	0	1.4901721477508545	560	10.238679885864258	510	8.92857142857143	
-387520.0601587837	101.35	11.04054054054054	198.97297297297297	123.22972972972973	-8.911184688511474	7	23	188	15.0	310.0	188.0	19	8.0	93.0	60.0	0	0	1.366835117340088	640	11.605515003204346	580	9.375	
-287519.89628426294	99.75	11.151898734177216	191.8987341772152	119.32911392405063	-8.815605750364881	8	24	233	16.0	311.0	191.0	21	8.0	80.0	52.0	0	0	1.4341299533843994	720	13.039644956588745	655	9.027777777777786	
-275021.5467780074	100.8	11.077922077922079	192.14285714285714	119.57142857142857	-8.078137538590914	9	27	136	17.0	341.0	211.0	45	8.0	85.0	55.0	0	0	1.3834788799285889	800	14.423123836517334	728	9.0	
-212531.3238863771	113.35	10.7	180.95	112.575	-7.924885842735117	10	27	154	17	345	214	55	8	93	60	0	0	1.3547930717468262	880	15.77791690826416	804	8.636363636363626	
-337523.72667260363	115.0	10.164556962025317	166.0379746835443	103.9873417721519	-7.924885842735117	11	28	193	14.0	297.0	183.0	39	8.0	87.0	56.0	0	0	1.2875959873199463	960	17.065512895584106	878	8.541666666666671	
-187522.54949067225	117.0375	10.012658227848101	166.59493670886076	103.92405063291139	-7.924885842735117	12	29	156	14.0	283.0	175.0	47	8.0	87.0	56.0	0	0	1.2813758850097656	1040	18.346888780593872	953	8.365384615384613	
-200018.30807307627	116.6625	10.475	171.3625	107.2375	-7.537631387675706	13	29	158	15	301	193	55	8	87	56	0	0	1.2933731079101562	1120	19.64026188850403	1026	8.392857142857153	
-300023.0349239465	118.675	10.4	171.4	107.3	-7.514248356424185	14	29	160	19	356	230	55	8	87	56	0	0	1.3090319633483887	1200	20.949293851852417	1102	8.166666666666671	
-237526.6718756909	113.8375	9.96103896103896	164.1038961038961	102.58441558441558	-7.151137790298088	15	32	194	25.0	536.0	347.0	40	8.0	93.0	60.0	0	0	1.2026221752166748	1280	22.151916027069092	1174	8.28125	
-187538.21133669798	120.7	9.9125	155.9125	97.5625	-7.151137790298088	16	32	202	14	242	147	55	8	98	63	0	0	1.249314785003662	1360	23.401230812072754	1250	8.088235294117652	
-325028.88128477224	119.7	9.89873417721519	153.1012658227848	96.13924050632912	-7.151137790298088	17	33	223	14.0	224.0	138.0	49	8.0	87.0	56.0	0	0	1.193593978881836	1440	24.59482479095459	1324	8.055555555555557	
-262530.64507549774	116.4875	9.79746835443038	155.31645569620252	97.30379746835443	-7.151137790298088	18	34	223	15.0	254.0	161.0	21	8.0	95.0	61.0	0	0	1.2170600891113281	1520	25.811884880065918	1397	8.09210526315789	
-275020.4545887442	121.6625	9.85	155.575	97.45	-7.151137790298088	19	34	223	15	351	214	55	8	95	61	0	0	1.1896741390228271	1600	27.001559019088745	1469	8.1875	
-250034.22224325695	132.0375	10.126582278481013	158.78481012658227	99.22784810126582	-7.05245966042668	20	35	223	15.0	276.0	171.0	45	8.0	96.0	62.0	0	0	1.2615959644317627	1680	28.263154983520508	1543	8.154761904761912	
-187524.7243512962	143.425	10.1625	166.425	104.075	-7.05245966042668	21	35	223	16	295	186	110	8	102	66	0	0	1.2556629180908203	1760	29.518817901611328	1617	8.125	
-250019.71055834382	139.2625	10.2375	167.9875	104.8625	-6.845431911011873	22	35	228	14	277	171	98	8	90	58	0	0	1.286149024963379	1840	30.804966926574707	1693	7.989130434782609	
-312529.7879284393	136.025	10.215189873417721	158.27848101265823	99.13924050632912	-6.845431911011873	23	36	194	16.0	267.0	171.0	78	8.0	82.0	53.0	0	0	1.2395670413970947	1920	32.0445339679718	1767	7.96875	
-200022.5363966787	140.575	10.1125	165.275	103.125	-6.845431911011873	24	36	202	13	242	150	70	8	90	58	0	0	1.2895307540893555	2000	33.33406472206116	1843	7.849999999999994	
-325018.9784461776	139.6125	10.475	166.9	104.4375	-6.775598890378108	25	36	197	15	326	203	75	8	90	58	0	0	1.3287570476531982	2080	34.662821769714355	1919	7.740384615384613	
-262519.946884771	136.825	10.1625	166.8	104.0875	-6.775598890378108	26	36	184	14	410	250	86	8	87	56	0	0	1.3311841487884521	2160	35.99400591850281	1995	7.638888888888886	
-300015.5032917854	136.8625	10.15	166.675	103.9375	-6.775598890378108	27	36	210	14	225	142	62	8	93	60	0	0	1.3168649673461914	2240	37.310870885849	2071	7.544642857142861	
-312529.74452878925	139.5125	10.5125	171.1375	106.65	-6.775598890378108	28	36	210	16	407	244	71	8	82	53	0	0	1.3841049671173096	2320	38.69497585296631	2147	7.456896551724128	
-262521.3037106797	140.3125	10.225	162.5	101.75	-6.775598890378108	29	36	215	14	288	178	75	8	93	60	0	0	1.2987470626831055	2400	39.993722915649414	2222	7.416666666666671	
-212526.19559182468	137.975	10.325	162.7375	101.7	-6.775598890378108	30	36	215	15	258	156	85	8	80	52	0	0	1.2907259464263916	2480	41.284448862075806	2297	7.3790322580645125	
-325022.473466394	136.0	10.6	163.3375	102.425	-6.775598890378108	31	36	190	18	274	176	82	8	82	53	0	0	1.3095130920410156	2560	42.59396195411682	2373	7.3046875	
-162532.6397092133	135.2625	10.9	170.6125	107.0125	-6.7743794069322645	32	36	213	17	258	158	59	8	98	63	0	0	1.2910337448120117	2640	43.88499569892883	2448	7.2727272727272805	
-262533.4893352692	131.2	10.525	172.8375	107.65	-6.7743794069322645	33	36	201	15	280	172	68	8	93	60	0	0	1.369821310043335	2720	45.25481700897217	2524	7.205882352941174	
-312521.2292376603	134.825	10.5875	167.5375	104.8	-6.727520033356237	34	36	183	16	323	208	89	8	87	56	0	0	1.456514835357666	2800	46.711331844329834	2600	7.142857142857139	
-275023.92020433035	135.2625	10.4375	165.725	103.8125	-6.727520033356237	35	36	187	15	269	171	76	8	87	56	0	0	1.3324990272521973	2880	48.04383087158203	2675	7.118055555555557	
-287532.604998117	133.425	10.6375	161.675	101.5375	-6.727520033356237	36	36	199	19	305	193	73	8	82	53	0	0	1.3432438373565674	2960	49.3870747089386	2750	7.0945945945945965	
-300025.2482991156	136.775	10.6375	177.4875	110.925	-6.727520033356237	37	36	272	15	379	228	54	8	90	58	0	0	1.385514259338379	3040	50.77258896827698	2825	7.07236842105263	
-325019.1060508996	140.6375	10.5375	173.55	108.1625	-6.714238044590245	38	36	272	15	290	175	66	8	100	64	0	0	1.3647880554199219	3120	52.1373770236969	2901	7.019230769230774	
-300045.7498032654	143.55	10.025316455696203	157.8860759493671	98.72151898734177	-6.358305037691322	39	37	272	15.0	290.0	175.0	89	8.0	93.0	60.0	0	0	1.262847900390625	3200	53.400224924087524	2975	7.03125	
-212535.32573993798	141.7875	10.20253164556962	168.30379746835442	104.78481012658227	-6.358305037691322	40	38	272	15.0	290.0	175.0	49	8.0	90.0	58.0	0	0	1.305872917175293	3280	54.70609784126282	3050	7.012195121951208	
-200026.82569385838	133.5625	10.3	174.8125	109.0625	-6.358305037691322	41	38	184	14	349	219	86	8	91	59	0	0	1.341425895690918	3360	56.047523736953735	3126	6.964285714285708	
-275024.38348794973	136.5	9.886075949367088	159.63291139240508	99.37974683544304	-6.358305037691322	42	39	215	15.0	424.0	256.0	66	8.0	80.0	52.0	0	0	1.273374319076538	3440	57.32089805603027	3201	6.947674418604649	
-300036.16795371316	135.7875	9.9	161.9625	101.0125	-6.358305037691322	43	39	206	14	274	171	97	8	90	58	0	0	1.29508376121521	3520	58.61598181724548	3277	6.9034090909090935	
-375027.19078588777	136.25	10.175	161.825	101.25	-6.358305037691322	44	39	194	16	277	173	78	8	82	53	0	0	1.296015977859497	3600	59.91199779510498	3353	6.8611111111111	
-325030.08061620867	137.075	10.113924050632912	157.8860759493671	98.89873417721519	-6.32486811631844	45	40	208	15.0	303.0	188.0	64	8.0	82.0	53.0	0	0	1.267895221710205	3680	61.179893016815186	3427	6.875	
-237539.9114660939	139.5875	10.15	162.5375	101.6375	-6.32486811631844	46	40	291	16	333	209	53	8	82	53	0	0	1.2983489036560059	3760	62.47824192047119	3503	6.835106382978722	
-225023.63998295646	136.4125	9.9125	160.2875	99.825	-6.3142689358542015	47	40	206	14	377	230	66	8	82	53	0	0	1.2979159355163574	3840	63.77615785598755	3579	6.796875	
-300025.5738554129	136.8375	9.9625	157.8	98.45	-6.210940141568801	48	40	190	12	266	161	97	8	82	53	0	0	1.4086878299713135	3920	65.18484568595886	3655	6.760204081632651	
-212527.53502499303	136.0	9.95	161.5375	100.75	-6.210940141568801	49	40	191	14	275	167	81	8	84	54	0	0	1.3413782119750977	4000	66.52622389793396	3731	6.7250000000000085	
-350021.463551449	136.0	9.875	155.5	97.2125	-6.1513477581999725	50	40	186	15	280	174	86	8	90	58	0	0	1.2948369979858398	4080	67.8210608959198	3806	6.715686274509807	
-262533.7789729339	135.8375	10.175	168.2125	104.8625	-5.944484246999295	51	40	203	15	280	174	69	8	102	66	0	0	1.3078739643096924	4160	69.12893486022949	3881	6.706730769230774	
-212523.3289037284	135.125	10.25	175.6375	109.45	-5.829191067256036	52	40	171	14	388	234	96	8	95	61	0	0	1.387558937072754	4240	70.51649379730225	3957	6.674528301886795	
-212528.282663956	135.325	10.025	170.5375	106.125	-5.829191067256036	53	40	187	14	388	234	85	8	87	56	0	0	1.346811056137085	4320	71.86330485343933	4033	6.643518518518519	
-300027.5114553907	136.0	9.925	164.35	102.4875	-5.778846496594219	54	40	214	14	310	188	58	8	90	58	0	0	1.2718520164489746	4400	73.1351568698883	4107	6.659090909090921	
-262530.07173607196	136.0	9.5	151.6625	94.725	-5.778846496594219	55	40	182	14	310	188	90	8	90	58	0	0	1.259498119354248	4480	74.39465498924255	4181	6.674107142857139	
-262522.7302609084	136.3	9.7875	154.35	96.3625	-5.778846496594219	56	40	203	14	310	188	69	8	90	58	0	0	1.2686498165130615	4560	75.66330480575562	4257	6.64473684210526	
-337523.3091229629	136.175	9.6125	149.7375	93.8125	-5.778846496594219	57	40	214	12	228	140	70	8	88	57	0	0	1.2581498622894287	4640	76.92145466804504	4333	6.616379310344826	
-300022.8542257255	134.35	9.575	152.05	95.225	-5.778846496594219	58	40	182	14	310	188	70	8	82	53	0	0	1.2307441234588623	4720	78.1521987915039	4408	6.610169491525426	
-262527.2171525916	136.975	10.025	165.4	103.0625	-5.778846496594219	59	40	175	14	327	205	118	8	80	52	0	0	1.286581039428711	4800	79.43877983093262	4483	6.604166666666671	
-225024.9435829345	136.0	9.725	153.9875	96.3	-5.778846496594219	60	40	200	14	263	159	72	8	90	58	0	0	1.2410790920257568	4880	80.67985892295837	4557	6.618852459016395	
-300034.03905922937	137.2875	9.7875	158.9625	99.4375	-5.778846496594219	61	40	193	14	286	177	79	8	82	53	0	0	1.265488862991333	4960	81.9453477859497	4633	6.592741935483872	
-237523.7564907764	137.475	9.775	158.7625	99.3	-5.778846496594219	62	40	201	14	266	161	71	8	87	56	0	0	1.2817070484161377	5040	83.22705483436584	4709	6.567460317460316	
-287523.2294479726	138.775	9.721518987341772	157.9620253164557	98.37974683544304	-5.778846496594219	63	41	278	13.0	266.0	161.0	21	8.0	87.0	56.0	0	0	1.3104948997497559	5120	84.5375497341156	4784	6.5625	
-250036.88109574286	137.025	9.6375	155.5125	97.125	-5.778846496594219	64	41	190	13	228	140	82	8	87	56	0	0	1.2779021263122559	5200	85.81545186042786	4860	6.538461538461533	
-275032.9381205692	135.75	9.6625	153.2625	95.9	-5.778846496594219	65	41	209	15	271	164	90	8	87	56	0	0	1.267928123474121	5280	87.08337998390198	4936	6.515151515151516	
-412528.1855163918	135.575	9.9125	151.5	95.2125	-5.640590375650433	66	41	192	15	265	162	58	8	87	56	0	0	1.2614820003509521	5360	88.34486198425293	5012	6.492537313432834	
-275017.00527395104	136.3	10.0625	161.8	101.0	-5.640590375650433	67	41	202	15	265	162	70	8	80	52	0	0	1.2988848686218262	5440	89.64374685287476	5088	6.470588235294116	
-337539.0423920088	136.475	9.6	148.675	93.125	-5.640590375650433	68	41	206	14	303	191	82	8	86	56	0	0	1.2801580429077148	5520	90.92390489578247	5164	6.4492753623188435	
-250031.9522200586	136.025	9.9125	157.675	98.6125	-5.640590375650433	69	41	206	13	242	149	66	8	90	58	0	0	1.269709825515747	5600	92.19361472129822	5240	6.428571428571431	
-275031.0857453095	136.0	9.7875	156.0	97.625	-5.640590375650433	70	41	187	13	246	154	85	8	90	58	0	0	1.2687602043151855	5680	93.4623749256134	5316	6.408450704225359	
-325030.2437018991	136.95	10.0	162.0	101.1	-5.640590375650433	71	41	204	15	342	212	74	8	79	51	0	0	1.323326826095581	5760	94.78570175170898	5392	6.388888888888886	
-225028.26187297702	138.875	9.9625	159.7875	99.75	-5.640590375650433	72	41	207	15	265	162	65	8	90	58	0	0	1.3200299739837646	5840	96.10573172569275	5467	6.386986301369873	
-237536.44591117892	136.1625	10.2	169.425	105.6375	-5.640590375650433	73	41	202	14	453	275	70	8	82	53	0	0	1.3823661804199219	5920	97.48809790611267	5543	6.368243243243242	
-362524.6416878266	137.075	9.95	160.3	100.575	-5.640590375650433	74	41	213	15	314	195	59	8	90	58	0	0	1.2954578399658203	6000	98.78355574607849	5619	6.349999999999994	
-312531.23977583705	139.9625	10.075	164.725	102.9125	-5.640590375650433	75	41	191	16	289	176	107	8	87	56	0	0	1.3270320892333984	6080	100.11058783531189	5695	6.33223684210526	
-225031.36344553702	140.05	10.075	172.225	107.675	-5.640590375650433	76	41	200	14	321	203	72	8	82	53	0	0	1.346785068511963	6160	101.45737290382385	5771	6.314935064935071	
-362518.31460040825	137.375	10.2875	164.125	102.8625	-5.640590375650433	77	41	221	17	312	191	51	8	95	61	0	0	1.3926990032196045	6240	102.85007190704346	5847	6.29807692307692	
-300028.04039538663	127.9	10.025	161.675	100.9875	-5.640590375650433	78	41	165	20	304	184	51	8	90	58	0	0	1.289268970489502	6320	104.13934087753296	5921	6.313291139240505	
-250024.25441084168	128.5	10.1375	166.7375	103.8625	-5.640590375650433	79	41	202	15	321	195	32	8	85	55	0	0	1.3505539894104004	6400	105.48989486694336	5997	6.296875	
-275031.96723836433	131.7875	9.935897435897436	164.2948717948718	102.57692307692308	-5.606544032063521	80	43	197	14.0	266.0	168.0	51	8.0	87.0	56.0	0	0	1.2545859813690186	6480	106.74448084831238	6071	6.311728395061735	
-350029.6229168287	131.2875	9.987341772151899	159.1139240506329	99.73417721518987	-5.606544032063521	81	44	229	15.0	265.0	162.0	43	8.0	90.0	58.0	0	0	1.2406201362609863	6560	107.98510098457336	6146	6.310975609756099	
-325027.94663502567	136.125	9.85	166.75	104.1	-5.57593152114962	82	44	222	14	334	206	70	8	90	58	0	0	1.3009297847747803	6640	109.28603076934814	6221	6.310240963855421	
-212536.7436734576	137.825	10.175	169.0375	105.5625	-5.57593152114962	83	44	188	14	282	176	90	8	90	58	0	0	1.330137014389038	6720	110.61616778373718	6297	6.294642857142861	
-325024.5520031379	136.0	9.85	161.25	100.675	-5.57593152114962	84	44	205	13	253	156	67	8	87	56	0	0	1.2741780281066895	6800	111.89034581184387	6372	6.294117647058826	
-175024.08225556402	139.25	10.0125	164.1125	102.3625	-5.57593152114962	85	44	205	14	314	194	79	8	87	56	0	0	1.252274990081787	6880	113.14262080192566	6447	6.293604651162781	
-350017.58877758024	136.2375	10.1	165.4125	103.2125	-5.575678465520378	86	44	208	15	318	202	64	8	87	56	0	0	1.2762482166290283	6960	114.41886901855469	6523	6.27873563218391	
-312527.73668842076	137.1125	10.1875	167.2875	104.775	-5.575678465520378	87	44	216	15	371	229	76	8	87	56	0	0	1.3145737648010254	7040	115.73344278335571	6599	6.264204545454547	
-375026.2019215081	134.6875	10.050632911392405	161.60759493670886	101.18987341772151	-5.575678465520378	88	45	211	14.0	266.0	163.0	61	8.0	87.0	56.0	0	0	1.289452075958252	7120	117.02289485931396	6673	6.278089887640448	
-275024.22536009207	139.4875	10.1	165.1125	103.0	-5.575678465520378	89	45	219	15	286	179	84	8	82	53	0	0	1.273733139038086	7200	118.29662799835205	6748	6.277777777777786	
-275015.82936058653	140.4625	9.9625	163.075	101.8125	-5.575678465520378	90	45	215	14	312	191	84	8	87	56	0	0	1.2505748271942139	7280	119.54720282554626	6822	6.291208791208788	
-300037.80327118596	136.4875	10.2125	169.35	105.5	-5.575678465520378	91	45	225	14	314	196	47	8	87	56	0	0	1.3138971328735352	7360	120.8610999584198	6898	6.27717391304347	
-287524.3162455664	141.3	9.9375	161.2625	100.675	-5.575678465520378	92	45	216	17	288	177	84	8	80	52	0	0	1.2779829502105713	7440	122.13908290863037	6974	6.263440860215056	
-275033.4561138208	136.7875	9.897435897435898	160.96153846153845	100.58974358974359	-5.575678465520378	93	47	191	15.0	254.0	163.0	81	8.0	87.0	56.0	0	0	1.2466440200805664	7520	123.38572692871094	7048	6.276595744680847	
-275024.0876098875	138.9375	10.15	170.0	106.275	-5.565320226814063	94	47	198	15	412	255	60	8	87	56	0	0	1.336158037185669	7600	124.7218849658966	7124	6.263157894736835	
-287521.2368608812	136.875	9.810126582278482	157.79746835443038	98.68354430379746	-5.565320226814063	95	48	213	14.0	265.0	162.0	59	8.0	82.0	53.0	0	0	1.2796809673309326	7680	126.00156593322754	7199	6.263020833333329	
-325033.08719871205	138.0375	9.625	150.65	94.4625	-5.565320226814063	96	48	213	18	393	237	98	8	90	58	0	0	1.2243037223815918	7760	127.22586965560913	7274	6.262886597938149	
-287519.7096649703	137.45	10.0875	165.625	103.525	-5.565320226814063	97	48	213	14	345	214	61	8	82	53	0	0	1.2576980590820312	7840	128.48356771469116	7349	6.262755102040813	
-275025.4556034767	136.0	10.1375	168.8375	105.2875	-5.562906339628791	98	48	209	15	303	188	63	8	87	56	0	0	1.2955043315887451	7920	129.7790720462799	7424	6.262626262626256	
-237522.61195229721	136.25	10.125	165.225	103.0875	-5.562906339628791	99	48	184	16	275	169	88	8	95	61	0	0	1.270073652267456	8000	131.04914569854736	7499	6.262500000000003	
-237525.7471274559	136.0	10.0375	162.1625	101.225	-5.562906339628791	100	48	214	21	317	206	58	8	80	52	0	0	1.3032991886138916	8080	132.35244488716125	7575	6.25	
-287520.4012345491	140.2625	9.975	156.425	97.8625	-5.489568388623632	101	48	214	16	283	175	94	8	87	56	0	0	1.2383570671081543	8160	133.5908019542694	7651	6.237745098039213	
-300019.9046626346	140.875	10.2375	172.975	107.95	-5.489568388623632	102	48	220	15	289	176	94	8	82	53	0	0	1.306229829788208	8240	134.89703178405762	7727	6.225728155339809	
-362526.9747244007	138.275	9.975	159.675	99.85	-5.489568388623632	103	48	222	13	255	159	50	8	82	53	0	0	1.3020858764648438	8320	136.19911766052246	7803	6.213942307692307	
-237525.46264057755	133.625	10.063291139240507	171.63291139240508	107.0126582278481	-5.489568388623632	104	49	189	14.0	383.0	236.0	50	8.0	80.0	52.0	0	0	1.3284683227539062	8400	137.52758598327637	7877	6.226190476190467	
-237539.23539866338	135.4625	10.0875	167.525	104.125	-5.478761429268511	105	49	227	14	302	184	45	8	95	61	0	0	1.2350678443908691	8480	138.76265382766724	7950	6.25	
-287541.915122076	136.325	9.8	161.9125	101.125	-5.40661140914026	106	49	164	13	259	163	82	8	92	59	0	0	1.2581040859222412	8560	140.02075791358948	8026	6.238317757009355	
-337532.87939944136	138.025	10.1625	163.45	102.4625	-5.396125195826182	107	49	194	15	311	192	78	8	87	56	0	0	1.2772018909454346	8640	141.2979598045349	8102	6.226851851851862	
-250029.10667762283	140.025	10.0375	166.4625	103.9375	-5.396125195826182	108	49	198	16	260	159	82	8	95	61	0	0	1.2625560760498047	8720	142.56051588058472	8178	6.215596330275233	
-375026.2720941646	137.575	10.125	165.8375	103.9125	-5.396125195826182	109	49	198	16	273	175	76	8	95	61	0	0	1.2761168479919434	8800	143.83663272857666	8254	6.204545454545453	
-250031.40305057788	137.2125	10.15	163.05	102.1375	-5.396125195826182	110	49	211	18	280	173	61	8	95	61	0	0	1.2815301418304443	8880	145.1181628704071	8330	6.193693693693689	
-275025.8878628464	138.3875	9.95	164.9125	103.1	-5.396125195826182	111	49	188	16	262	160	85	8	95	61	0	0	1.295771837234497	8960	146.4139347076416	8406	6.183035714285708	
-350030.47669477237	141.4125	9.8625	159.775	100.2625	-5.396125195826182	112	49	230	16	270	170	78	8	90	58	0	0	1.2497000694274902	9040	147.6636347770691	8482	6.172566371681427	
-325031.3113737384	137.2	9.95	162.275	101.35	-5.387813268933734	113	49	234	12	312	194	50	8	90	58	0	0	1.2423241138458252	9120	148.90595889091492	8558	6.1622807017543835	
-275028.60501880746	135.4875	10.0125	160.55	100.45	-5.387813268933734	114	49	174	13	329	204	66	8	95	61	0	0	1.247649908065796	9200	150.1536087989807	8634	6.152173913043484	
-325016.19429431576	136.2125	10.2375	169.4125	105.8625	-5.387813268933734	115	49	204	16	381	239	68	8	95	61	0	0	1.2715930938720703	9280	151.42520189285278	8710	6.142241379310349	
-287525.7426423567	135.65	9.7375	161.2125	100.7	-5.357607299254806	116	49	175	14	335	208	97	8	95	61	0	0	1.253237009048462	9360	152.67843890190125	8786	6.132478632478637	
-325019.4439623464	134.9875	9.7625	158.15	98.525	-5.357607299254806	117	49	193	13	258	160	79	8	82	53	0	0	1.2136878967285156	9440	153.89212679862976	8860	6.144067796610159	
-300014.4713951812	136.5625	9.569620253164556	155.9873417721519	97.21518987341773	-5.357607299254806	118	50	230	13.0	247.0	150.0	42	8.0	82.0	53.0	0	0	1.220022201538086	9520	155.11214900016785	8935	6.1449579831932795	
-287526.23798185296	137.1	9.775	159.9625	99.7125	-5.338039199560054	119	50	243	14	319	202	72	8	95	61	0	0	1.2627677917480469	9600	156.3749167919159	9011	6.135416666666671	
-237515.1338401042	134.575	9.9875	168.775	105.2125	-5.338039199560054	120	50	237	17	346	221	80	8	94	61	0	0	1.3634159564971924	9680	157.7383327484131	9087	6.126033057851245	
-162533.7403373911	134.8375	9.8625	170.9625	106.3	-5.337764242425305	121	50	237	13	274	170	109	8	87	56	0	0	1.269113302230835	9760	159.00744605064392	9162	6.127049180327873	
-262517.86088202754	134.8375	10.025	167.8375	104.6375	-5.337761062978069	122	50	177	14	292	178	95	8	82	53	0	0	1.284679889678955	9840	160.29212594032288	9237	6.128048780487802	
-287528.72509103984	137.15	10.0375	160.25	100.3375	-5.320397839900301	123	50	223	14	335	211	49	8	95	61	0	0	1.2352869510650635	9920	161.52741289138794	9312	6.1290322580645125	
-275021.1177729768	139.525	9.775	160.2375	100.25	-5.320397839900301	124	50	182	13	318	196	107	8	95	61	0	0	1.2312259674072266	10000	162.75863885879517	9388	6.1200000000000045	
-237525.2357243637	140.0	9.9875	161.7125	101.1625	-5.320397839900301	125	50	205	14	383	233	67	8	95	61	0	0	1.2914559841156006	10080	164.05009484291077	9464	6.111111111111114	
-237525.0194034152	138.0	10.05	166.55	103.7625	-5.320397839900301	126	50	202	14	325	196	70	8	82	53	0	0	1.2624261379241943	10160	165.31252098083496	9539	6.112204724409452	
-212515.00131902742	137.75	9.725	163.8375	101.7875	-5.320397839900301	127	50	202	14	297	185	105	8	95	61	0	0	1.288672924041748	10240	166.6011939048767	9615	6.103515625	
-312514.8361214502	136.525	9.925	157.4625	98.325	-5.320397839900301	128	50	183	14	223	138	89	8	103	66	0	0	1.210141897201538	10320	167.81133580207825	9690	6.104651162790702	
-300031.12293297786	137.6625	9.975	162.9125	101.6125	-5.320397839900301	129	50	239	15	343	218	75	8	95	61	0	0	1.2373929023742676	10400	169.04872870445251	9765	6.105769230769226	
-250024.5097477433	139.6375	9.8625	157.8375	98.8	-5.320326680668033	130	50	213	13	277	168	66	8	95	61	0	0	1.206516981124878	10480	170.2552456855774	9840	6.106870229007626	
-312529.888449647	142.425	9.8125	161.625	100.6375	-5.320326680668033	131	50	213	14	296	179	88	8	93	60	0	0	1.26314115524292	10560	171.5183868408203	9916	6.098484848484858	
-250030.78283724404	140.6375	9.949367088607595	158.50632911392404	99.0632911392405	-5.320326680668033	132	51	246	14.0	275.0	170.0	29	8.0	92.0	59.0	0	0	1.226773977279663	10640	172.74516081809998	9991	6.099624060150376	
-275038.6831456517	144.85	10.037974683544304	163.55696202531647	101.92405063291139	-5.320326680668033	133	52	246	16.0	272.0	170.0	72	8.0	90.0	58.0	0	0	1.2345030307769775	10720	173.97966384887695	10065	6.110074626865668	
-325025.954927297	142.5875	10.0	161.1125	101.0875	-5.320326680668033	134	52	246	14	274	171	89	8	90	58	0	0	1.2460739612579346	10800	175.2257378101349	10141	6.101851851851848	
-200046.2344134266	136.2125	10.1625	169.2375	105.7125	-5.320326680668033	135	52	202	15	298	188	70	8	90	58	0	0	1.2789368629455566	10880	176.50467467308044	10216	6.102941176470594	
-212521.82501484882	138.3375	10.1125	166.225	103.7625	-5.320326680668033	136	52	207	15	318	196	85	8	103	66	0	0	1.2698912620544434	10960	177.7745659351349	10292	6.0948905109489	
-350019.8921122089	138.0	10.025	163.05	101.975	-5.320326680668033	137	52	184	14	289	177	95	8	92	59	0	0	1.2341008186340332	11040	179.00866675376892	10368	6.0869565217391255	
-237528.27446764725	138.9125	10.2125	172.4	107.5875	-5.320326680668033	138	52	207	14	335	207	65	8	90	58	0	0	1.3821041584014893	11120	180.3907709121704	10444	6.0791366906474735	
-100033.60861793847	138.8125	10.0875	171.875	106.6375	-5.320326680668033	139	52	203	16	348	211	69	8	87	56	0	0	1.319978952407837	11200	181.71074986457825	10519	6.080357142857139	
-212520.27150391182	140.65	9.775	160.9375	100.275	-5.3193082371683005	140	52	203	16	319	192	97	8	82	53	0	0	1.2446348667144775	11280	182.95538473129272	10595	6.072695035460995	
-262526.55978786835	138.8125	9.7375	158.825	99.0125	-5.3193082371683005	141	52	200	13	276	173	72	8	94	61	0	0	1.2166080474853516	11360	184.17199277877808	10670	6.073943661971825	
-212527.7160082337	138.8375	9.9625	167.8875	104.4	-5.3193082371683005	142	52	211	14	290	175	61	8	88	57	0	0	1.2790682315826416	11440	185.45106101036072	10746	6.066433566433574	
-225032.3522732432	136.45	9.9	164.8875	102.7125	-5.3193082371683005	143	52	188	13	291	179	61	8	103	66	0	0	1.2577300071716309	11520	186.70879101753235	10821	6.067708333333329	
-212527.92629250366	134.8	9.5	155.85	97.1125	-5.317589504967972	144	52	201	13	247	152	71	8	95	61	0	0	1.2092618942260742	11600	187.91805291175842	10897	6.060344827586206	
-225025.5431876903	137.3375	9.9625	166.9625	104.15	-5.317589504967972	145	52	201	13	276	173	83	8	95	61	0	0	1.2494029998779297	11680	189.16745591163635	10973	6.053082191780817	
-250031.72973769283	133.35	9.625	162.7625	101.45	-5.317589504967972	146	52	202	14	496	297	40	8	95	61	0	0	1.285531997680664	11760	190.45298790931702	11048	6.054421768707485	
-212534.63726394865	132.625	9.625	161.2375	100.625	-5.317589504967972	147	52	156	14	496	297	70	8	96	62	0	0	1.300778865814209	11840	191.75376677513123	11124	6.047297297297291	
-200026.14147079125	134.7625	9.3625	146.075	91.5125	-5.315597408865478	148	52	181	12	229	140	91	8	90	58	0	0	1.1546449661254883	11920	192.9084117412567	11199	6.048657718120808	
-250032.54483859357	136.225	9.5875	152.2125	95.1875	-5.315597408865478	149	52	175	14	298	182	97	8	95	61	0	0	1.1608390808105469	12000	194.06925082206726	11273	6.058333333333337	
-350028.8735531489	135.9125	9.8125	161.0625	100.4125	-5.314838543169199	150	52	184	12	265	165	88	8	82	53	0	0	1.2485361099243164	12080	195.31778693199158	11349	6.051324503311264	
-375022.0934157365	136.0	9.9	155.7875	97.3375	-5.314838543169199	151	52	200	15	330	201	72	8	87	56	0	0	1.2418930530548096	12160	196.5596799850464	11424	6.05263157894737	
-312532.0546073854	135.325	9.886075949367088	156.126582278481	97.78481012658227	-5.314838543169199	152	53	222	16.0	330.0	201.0	35	8.0	90.0	58.0	0	0	1.2092070579528809	12240	197.76888704299927	11497	6.070261437908499	
-287523.8099634635	143.35	10.075	168.35	105.1	-5.314838543169199	153	53	212	16	333	210	101	8	102	66	0	0	1.2704849243164062	12320	199.03937196731567	11573	6.0633116883116855	
-287525.61041210196	140.3	9.8875	161.0	100.5625	-5.314838543169199	154	53	212	16	290	182	95	8	90	58	0	0	1.2269599437713623	12400	200.26633191108704	11649	6.056451612903231	
-287516.9441344024	140.4	9.925	163.6	101.9375	-5.314838543169199	155	53	212	14	285	173	109	8	90	58	0	0	1.2603650093078613	12480	201.5266969203949	11725	6.049679487179489	
-337519.82287261577	136.0	10.0125	157.5125	98.625	-5.314838543169199	156	53	195	16	279	171	77	8	94	61	0	0	1.2950468063354492	12560	202.82174372673035	11801	6.04299363057325	
-225020.03574491135	135.05	9.848101265822784	156.53164556962025	97.87341772151899	-5.314838543169199	157	54	195	13.0	246.0	153.0	56	8.0	95.0	61.0	0	0	1.3260631561279297	12640	204.14780688285828	11876	6.044303797468359	
-362528.5025049554	136.0	10.15	163.6	102.4125	-5.314838543169199	158	54	202	15	332	210	70	8	95	61	0	0	1.3291919231414795	12720	205.47699880599976	11951	6.045597484276726	
-325028.24709086976	135.725	10.2125	169.9375	105.8	-5.314838543169199	159	54	208	14	311	192	64	8	95	61	0	0	1.2962000370025635	12800	206.77319884300232	12027	6.0390625	
-287526.90293410595	136.5875	10.0625	168.7875	105.475	-5.314579265498494	160	54	212	14	350	217	64	8	88	57	0	0	1.2892999649047852	12880	208.0624988079071	12103	6.032608695652172	
-262529.2032543157	139.4875	9.8125	157.85	98.35	-5.314579265498494	161	54	212	14	298	183	81	8	90	58	0	0	1.2306220531463623	12960	209.29312086105347	12179	6.026234567901241	
-362520.1047782678	142.3125	10.05	161.225	100.9375	-5.314579265498494	162	54	258	17	298	183	90	8	93	60	0	0	1.2446060180664062	13040	210.53772687911987	12255	6.019938650306742	
-337525.2577083218	138.8	10.075	162.725	101.825	-5.314579265498494	163	54	212	16	340	211	60	8	102	66	0	0	1.2140040397644043	13120	211.75173091888428	12330	6.021341463414629	
-200029.5571492433	136.05	9.9	158.775	99.0625	-5.314579265498494	164	54	216	14	285	173	56	8	82	53	0	0	1.2874009609222412	13200	213.03913187980652	12405	6.022727272727266	
-325027.9421973318	136.15	9.825	153.075	95.8	-5.314579265498494	165	54	186	14	259	158	86	8	82	53	0	0	1.2015719413757324	13280	214.24070382118225	12480	6.024096385542165	
-362545.2493215377	136.45	9.7625	147.0375	92.3625	-5.314579265498494	166	54	209	14	254	158	63	8	82	53	0	0	1.1826331615447998	13360	215.42333698272705	12556	6.017964071856284	
-312522.0238442649	135.6625	9.725	154.2625	96.4125	-5.309967883564689	167	54	209	12	234	143	87	8	93	60	0	0	1.212751865386963	13440	216.636088848114	12632	6.011904761904759	
-225025.0083927439	136.0	9.8375	155.325	97.2125	-5.309967883564689	168	54	214	14	231	143	58	8	87	56	0	0	1.1955900192260742	13520	217.8316788673401	12708	6.005917159763314	
-287525.5785902029	135.125	10.0625	163.0875	101.8125	-5.309967883564689	169	54	167	16	357	215	84	8	82	53	0	0	1.2221269607543945	13600	219.05380582809448	12783	6.007352941176464	
-275027.0816613682	133.3375	9.9125	157.4125	98.6375	-5.309967883564689	170	54	192	15	266	164	80	8	90	58	0	0	1.2419590950012207	13680	220.2957649230957	12859	6.0014619883040865	
-325032.6848177597	132.2	9.9875	158.05	98.8625	-5.309967883564689	171	54	191	16	263	160	81	8	90	58	0	0	1.2315399646759033	13760	221.5273048877716	12935	5.995639534883722	
-312530.63764834724	131.05	9.89873417721519	161.8860759493671	100.9493670886076	-5.309967883564689	172	55	186	13.0	259.0	160.0	55	8.0	90.0	58.0	0	0	1.2420170307159424	13840	222.76932191848755	13010	5.997109826589593	
-275026.9836518545	137.275	10.025	167.8875	104.475	-5.305000325758972	173	55	230	14	323	199	54	8	92	59	0	0	1.2843761444091797	13920	224.05369806289673	13086	5.991379310344826	
-300018.38744505227	135.85	9.936708860759493	165.16455696202533	103.17721518987342	-5.305000325758972	174	56	215	14.0	269.0	170.0	57	8.0	98.0	63.0	0	0	1.2170677185058594	14000	225.2707657814026	13161	5.992857142857147	
-287527.221964317	136.2	9.975	162.6	101.6125	-5.305000325758972	175	56	217	14	285	173	55	7	82	53	0	0	1.256622076034546	14080	226.52738785743713	13237	5.9872159090909065	
-275045.7278131083	138.1875	9.987341772151899	162.20253164556962	101.45569620253164	-5.305000325758972	176	57	224	14.0	290.0	182.0	48	8.0	90.0	58.0	0	0	1.2207379341125488	14160	227.74812579154968	13312	5.988700564971751	
-362523.8834439906	137.15	10.1	165.1875	103.25	-5.305000325758972	177	57	217	14	302	183	48	8	95	61	0	0	1.2898190021514893	14240	229.03794479370117	13388	5.983146067415731	
-325025.62606312137	138.95	9.95	159.55	99.6	-5.305000325758972	178	57	217	14	236	146	86	8	95	61	0	0	1.2689399719238281	14320	230.306884765625	13464	5.977653631284923	
-350023.33233541285	136.0	10.0375	158.15	98.9625	-5.305000325758972	179	57	214	14	280	170	58	8	93	60	0	0	1.2300281524658203	14400	231.53691291809082	13540	5.9722222222222285	
-225031.83862461094	137.85	9.6875	156.175	97.6625	-5.305000325758972	180	57	214	14	459	275	108	8	96	62	0	0	1.1944339275360107	14480	232.73134684562683	13615	5.973756906077341	
-287521.24630231655	139.775	10.25	167.15	104.5125	-5.305000325758972	181	57	214	17	280	170	97	8	97	63	0	0	1.2446091175079346	14560	233.97595596313477	13690	5.97527472527473	
-300025.8860199259	135.6	10.0125	160.9125	100.5375	-5.305000325758972	182	57	195	16	258	164	77	8	91	59	0	0	1.2531347274780273	14640	235.2290906906128	13765	5.976775956284158	
-337530.31394079444	135.3	9.9875	160.15	100.375	-5.305000325758972	183	57	190	15	282	175	82	8	92	59	0	0	1.2348601818084717	14720	236.46395087242126	13840	5.978260869565219	
-350027.7623060162	137.825	9.9375	165.5	103.3625	-5.305000325758972	184	57	200	13	286	177	72	8	93	60	0	0	1.2529749870300293	14800	237.7169258594513	13916	5.972972972972968	
-287528.82978916226	133.2125	9.897435897435898	160.7051282051282	100.24358974358974	-5.305000325758972	185	59	212	15.0	266.0	162.0	18	8.0	82.0	53.0	0	0	1.1833789348602295	14880	238.90030479431152	13990	5.981182795698928	
-212529.33319415484	133.5	9.8125	161.475	100.6	-5.305000325758972	186	59	217	13	261	161	55	8	95	61	0	0	1.2426249980926514	14960	240.14292979240417	14066	5.975935828877013	
-275025.7624980699	126.725	9.825	161.6875	100.8375	-5.305000325758972	187	59	177	14	331	204	64	8	80	52	0	0	1.2541840076446533	15040	241.39711380004883	14142	5.970744680851055	
-237529.7099120242	136.8625	9.95	164.8125	102.7625	-5.300260700020141	188	59	180	15	331	204	92	8	97	63	0	0	1.2326278686523438	15120	242.62974166870117	14217	5.9722222222222285	
-350023.8616843208	138.1375	9.9125	156.5625	97.9125	-5.300260700020141	189	59	217	14	300	183	70	8	90	58	0	0	1.251033067703247	15200	243.88077473640442	14293	5.96710526315789	
-187520.79146354506	134.9125	9.85	161.525	100.7375	-5.300260700020141	190	59	177	13	266	161	88	8	87	56	0	0	1.265286922454834	15280	245.14606165885925	14369	5.962041884816756	
-325026.41828108643	137.1875	9.8	162.7	101.4875	-5.300260700020141	191	59	193	16	338	203	79	8	80	52	0	0	1.301809310913086	15360	246.44787096977234	14445	5.95703125	
-250042.12555241626	137.6	9.746835443037975	160.59493670886076	100.29113924050633	-5.300260700020141	192	60	291	13.0	266.0	161.0	8	8.0	91.0	59.0	0	0	1.217897891998291	15440	247.66576886177063	14520	5.958549222797927	
-237527.65405018145	136.5	9.85	162.175	101.1	-5.300260700020141	193	60	191	17	250	158	81	8	112	72	0	0	1.2307319641113281	15520	248.89650082588196	14595	5.960051546391753	
-350025.554387675	136.0	9.7625	158.4	98.9125	-5.300260700020141	194	60	211	14	275	171	72	8	95	61	0	0	1.1906771659851074	15600	250.08717799186707	14671	5.955128205128204	
-362521.3454526504	135.8	9.7625	158.4125	98.875	-5.300257096109036	195	60	209	13	261	159	63	8	90	58	0	0	1.2087197303771973	15680	251.29589772224426	14747	5.950255102040813	
-412514.56985969184	136.0	9.95	155.8375	97.675	-5.300191210191006	196	60	209	16	276	175	63	8	87	56	0	0	1.2078070640563965	15760	252.50370478630066	14822	5.9517766497461935	
-262525.854562953	139.925	10.0375	162.1125	101.05	-5.300191210191006	197	60	221	15	241	148	97	8	112	72	0	0	1.1986830234527588	15840	253.70238780975342	14898	5.946969696969688	
-337517.10868104635	136.125	10.0625	162.2125	101.0375	-5.300191210191006	198	60	181	12	256	158	91	8	101	65	0	0	1.225964069366455	15920	254.92835187911987	14974	5.942211055276374	
-287534.0792878745	137.525	9.9625	163.9125	102.1	-5.300191210191006	199	60	181	15	250	155	96	8	101	65	0	0	1.2306771278381348	16000	256.159029006958	15050	5.9375	
-300031.5401111351	136.0	9.65	158.4125	98.7375	-5.300191210191006	200	60	190	12	252	155	82	8	82	53	0	0	1.2223680019378662	16080	257.3813970088959	15126	5.932835820895519	
-312529.9967780862	136.3875	10.1125	163.4	102.2875	-5.299663107769745	201	60	193	16	301	189	79	8	101	65	0	0	1.2444279193878174	16160	258.6258249282837	15202	5.928217821782184	
-287526.45204108197	137.025	10.05	161.6	100.9875	-5.299663107769745	202	60	210	19	268	171	62	8	93	60	0	0	1.2035808563232422	16240	259.82940578460693	15277	5.929802955665025	
-287528.71906620206	142.3	10.025	159.1625	99.4875	-5.299663107769745	203	60	219	15	285	173	62	8	82	53	0	0	1.1889863014221191	16320	261.01839208602905	15353	5.925245098039213	
-312521.99029906647	151.0875	9.9125	161.55	100.875	-5.299663107769745	204	60	271	15	283	177	72	8	82	53	0	0	1.2129936218261719	16400	262.2313857078552	15429	5.920731707317074	
-337528.94072511874	169.1125	9.825	155.0	97.05	-5.299663107769745	205	60	261	13	227	139	99	8	82	53	0	0	1.2586853504180908	16480	263.4900710582733	15505	5.916262135922338	
-275029.1999963791	164.375	9.7125	154.9875	96.8375	-5.299663107769745	206	60	261	18	242	151	78	8	80	52	0	0	1.2356526851654053	16560	264.7257237434387	15581	5.911835748792271	
-275014.56262921693	143.8125	9.6875	159.675	99.6875	-5.299663107769745	207	60	314	12	215	138	52	8	90	58	0	0	1.2452852725982666	16640	265.971009016037	15657	5.90745192307692	
-275032.21558413125	141.0875	9.825	161.6	100.8	-5.294428070530427	208	60	288	14	296	179	58	8	87	56	0	0	1.2461440563201904	16720	267.2171530723572	15732	5.9090909090909065	
-262524.1093253237	140.3375	9.8125	160.575	100.05	-5.294428070530427	209	60	288	14	373	226	91	8	88	57	0	0	1.2377958297729492	16800	268.4549489021301	15807	5.910714285714278	
-312521.0896110201	137.275	9.784810126582279	161.1139240506329	100.51898734177215	-5.294428070530427	210	61	288	14.0	287.0	175.0	10	8.0	95.0	61.0	0	0	1.29526686668396	16880	269.7502157688141	15882	5.912322274881518	
-325027.6745565946	137.425	9.975	164.75	102.425	-5.294428070530427	211	61	210	14	280	170	78	8	87	56	0	0	1.2533152103424072	16960	271.0035309791565	15958	5.908018867924525	
-362535.04490275413	135.375	9.7125	154.45	96.65	-5.294428070530427	212	61	200	14	268	166	72	8	91	59	0	0	1.2144858837127686	17040	272.21801686286926	16033	5.909624413145536	
-250031.30712135142	132.8625	9.6625	160.85	100.3375	-5.294428070530427	213	61	212	15	342	209	60	8	99	64	0	0	1.258882999420166	17120	273.47689986228943	16109	5.905373831775691	
-237516.78702632076	135.4	9.625	155.65	97.2875	-5.294428070530427	214	61	203	14	273	170	69	8	95	61	0	0	1.2018311023712158	17200	274.67873096466064	16185	5.901162790697683	
-287524.2293372673	136.975	9.475	154.4625	96.4625	-5.294428070530427	215	61	182	15	315	191	90	8	82	53	0	0	1.194230079650879	17280	275.8729610443115	16260	5.902777777777786	
-237519.1707650795	136.7375	9.7375	164.1375	102.2125	-5.294428070530427	216	61	199	14	310	188	73	8	95	61	0	0	1.2449657917022705	17360	277.1179268360138	16336	5.89861751152074	
-225022.216064745	136.3125	9.69620253164557	158.62025316455697	98.89873417721519	-5.294428070530427	217	62	206	13.0	286.0	177.0	66	8.0	95.0	61.0	0	0	1.205392837524414	17440	278.3233196735382	16411	5.9002293577981675	
-312521.87828113895	133.975	9.75	160.95	100.3375	-5.294428070530427	218	62	232	14	321	195	40	8	82	53	0	0	1.2340552806854248	17520	279.55737495422363	16486	5.901826484018272	
-262519.8590175799	135.6125	9.875	163.8125	102.0375	-5.294428070530427	219	62	162	14	321	195	110	8	109	70	0	0	1.2603518962860107	17600	280.81772685050964	16562	5.897727272727266	
-300022.35460564465	136.85	9.75	159.3625	99.3	-5.294428070530427	220	62	224	14	280	170	48	8	90	58	0	0	1.2575459480285645	17680	282.0752727985382	16638	5.893665158371036	
-300034.8384591777	137.0375	9.7375	157.4	98.2875	-5.294428070530427	221	62	191	15	280	170	81	8	87	56	0	0	1.173537015914917	17760	283.2488098144531	16714	5.88963963963964	
-337525.95169100474	138.8875	9.9125	154.8	96.9375	-5.294428070530427	222	62	203	14	295	182	86	8	95	61	0	0	1.2174921035766602	17840	284.4663019180298	16790	5.88565022421524	
-325026.0900861705	136.8875	9.6375	146.5375	91.7625	-5.294428070530427	223	62	202	13	321	195	82	8	82	53	0	0	1.1766448020935059	17920	285.6429467201233	16865	5.887276785714292	
-237531.01284455066	135.825	10.0	160.875	100.8375	-5.294428070530427	224	62	190	14	321	195	89	8	95	61	0	0	1.2627861499786377	18000	286.90573287010193	16941	5.883333333333326	
-275027.3462370973	136.5375	9.525	155.8875	97.525	-5.294428070530427	225	62	210	12	256	160	98	8	95	61	0	0	1.2175028324127197	18080	288.12323570251465	17017	5.879424778761063	
-300025.2130686397	137.2	9.6875	157.375	98.5	-5.294428070530427	226	62	181	14	360	223	91	8	99	64	0	0	1.227121114730835	18160	289.3503568172455	17092	5.881057268722472	
-350025.7471185718	134.1625	9.55	155.6375	97.2875	-5.294428070530427	227	62	179	13	305	185	65	8	99	64	0	0	1.2287180423736572	18240	290.57907485961914	17168	5.877192982456137	
-262521.5157597142	130.825	9.6375	154.9625	96.875	-5.294428070530427	228	62	187	14	312	193	53	8	82	53	0	0	1.1997370719909668	18320	291.7788119316101	17244	5.873362445414841	
-300020.1119071596	133.3375	9.775	156.7	97.85	-5.294428070530427	229	62	201	13	230	141	65	8	91	59	0	0	1.2100529670715332	18400	292.98886489868164	17320	5.8695652173912976	
-312525.07613621326	136.075	10.1125	166.4125	104.0125	-5.294428070530427	230	62	170	14	319	197	102	8	107	69	0	0	1.2019190788269043	18480	294.19078397750854	17394	5.876623376623385	
-325022.09492330265	135.9625	10.0875	165.7	103.425	-5.294428070530427	231	62	175	17	319	197	97	8	87	56	0	0	1.258091926574707	18560	295.44887590408325	17470	5.872844827586206	
-350025.9281860442	134.6125	10.2875	166.875	104.6375	-5.294428070530427	232	62	187	17	455	276	85	8	95	61	0	0	1.2898409366607666	18640	296.738716840744	17546	5.869098712446359	
-325024.3216501827	134.6875	9.7	153.5125	96.0875	-5.294428070530427	233	62	219	21	345	219	57	8	95	61	0	0	1.1970701217651367	18720	297.93578696250916	17622	5.865384615384613	
-375027.0063401813	133.2375	10.0	164.075	102.2625	-5.294428070530427	234	62	200	15	291	177	57	8	82	53	0	0	1.2586419582366943	18800	299.19442892074585	17698	5.861702127659569	
-312527.23993145913	136.2625	10.1	162.2	101.2875	-5.294428070530427	235	62	205	15	280	175	57	8	87	56	0	0	1.288266897201538	18880	300.4826958179474	17774	5.858050847457633	
-300036.38273822126	136.775	9.925	164.55	102.5375	-5.294428070530427	236	62	198	13	242	148	74	8	95	61	0	0	1.2418031692504883	18960	301.7244989871979	17850	5.85443037974683	
-262528.2857305777	136.4125	9.75	157.3875	98.05	-5.29434250413549	237	62	197	13	259	161	76	8	82	53	0	0	1.2193949222564697	19040	302.94389390945435	17926	5.850840336134453	
-337533.8571719333	134.1	9.9375	153.5375	96.475	-5.29434250413549	238	62	195	13	261	164	48	8	92	59	0	0	1.2215051651000977	19120	304.16539907455444	18002	5.847280334728026	
-250019.8626956242	133.1	9.6875	156.9375	97.7875	-5.29434250413549	239	62	166	14	264	164	76	8	87	56	0	0	1.2081267833709717	19200	305.3735258579254	18077	5.848958333333329	
-312533.46541386656	136.475	9.8125	157.0125	97.75	-5.29434250413549	240	62	207	14	280	170	65	8	82	53	0	0	1.2359960079193115	19280	306.6095218658447	18153	5.845435684647299	
-387524.38733578025	136.0	9.825	160.7	100.3625	-5.29434250413549	241	62	184	14	273	175	88	8	91	59	0	0	1.2279980182647705	19360	307.8375198841095	18229	5.8419421487603245	
-312541.4963882612	135.25	9.8375	161.5625	101.2	-5.29434250413549	242	62	194	13	300	183	78	8	87	56	0	0	1.2202680110931396	19440	309.05778789520264	18305	5.838477366255148	
-175035.0440859409	136.0	9.75	162.9625	101.4625	-5.29434250413549	243	62	179	14	258	156	106	8	95	61	0	0	1.1745178699493408	19520	310.232305765152	18379	5.845286885245898	
-312525.73702184827	134.875	10.05	164.375	102.625	-5.29434250413549	244	62	198	16	270	173	74	8	87	56	0	0	1.2453372478485107	19600	311.4776430130005	18455	5.841836734693871	
-275023.3578653679	135.8875	9.8125	155.9375	97.6625	-5.29434250413549	245	62	206	14	236	149	66	8	95	61	0	0	1.2238068580627441	19680	312.70144987106323	18531	5.838414634146332	
-362528.8831972147	136.1	9.85	158.1375	98.925	-5.29434250413549	246	62	198	13	355	219	74	8	95	61	0	0	1.1909210681915283	19760	313.89237093925476	18605	5.845141700404852	
-250023.95085827605	137.6875	9.775	154.1	96.3	-5.29434250413549	247	62	185	12	256	159	87	8	91	59	0	0	1.2193808555603027	19840	315.11175179481506	18680	5.846774193548384	
-275028.91762634995	137.1	10.025	163.8375	102.2625	-5.29434250413549	248	62	196	14	361	219	76	8	95	61	0	0	1.2314090728759766	19920	316.34316086769104	18756	5.843373493975903	
-212525.62218676857	136.575	9.5	156.375	97.55	-5.29434250413549	249	62	204	13	239	145	68	8	82	53	0	0	1.2056679725646973	20000	317.54882884025574	18832	5.840000000000003	
-262525.39604608034	138.7	9.725	156.2875	97.8625	-5.29434250413549	250	62	204	15	325	196	85	8	95	61	0	0	1.2066318988800049	20080	318.75546073913574	18908	5.836653386454188	
-237527.9439353732	135.9625	9.822784810126583	164.69620253164558	102.46835443037975	-5.29434250413549	251	63	228	13.0	361.0	219.0	48	8.0	87.0	56.0	0	0	1.3018271923065186	20160	320.05728793144226	18982	5.8432539682539755	
-275030.01311963785	134.9625	9.8625	162.9125	101.775	-5.29434250413549	252	63	205	14	289	179	63	8	82	53	0	0	1.2101988792419434	20240	321.2674868106842	19057	5.844861660079047	
-262531.26420738304	135.9375	10.0	163.1875	101.9875	-5.29434250413549	253	63	175	15	272	175	97	8	82	53	0	0	1.2326202392578125	20320	322.500107049942	19133	5.8415354330708595	
-250020.30760565065	134.55	10.08860759493671	167.54430379746836	104.27848101265823	-5.29434250413549	254	64	214	15.0	285.0	174.0	34	8.0	87.0	56.0	0	0	1.269364833831787	20400	323.7694718837738	19208	5.843137254901961	
-387514.2426838709	135.45	9.9375	163.725	102.2875	-5.29434250413549	255	64	181	14	305	190	91	8	95	61	0	0	1.2874419689178467	20480	325.05691385269165	19284	5.83984375	
-300016.5069326243	136.55	9.825	161.625	100.5375	-5.29434250413549	256	64	184	13	246	153	78	8	87	56	0	0	1.212744951248169	20560	326.2696588039398	19360	5.836575875486389	
-262526.23835767613	136.0	9.9125	163.475	101.7625	-5.29434250413549	257	64	146	13	262	160	126	8	87	56	0	0	1.206437110900879	20640	327.4760959148407	19435	5.838178294573652	
-312529.74457522156	135.875	9.7	163.2875	101.9	-5.29434250413549	258	64	192	14	266	161	70	8	87	56	0	0	1.332322120666504	20720	328.8084180355072	19511	5.834942084942085	
-337527.1425575466	134.45	9.746835443037975	159.0759493670886	99.56962025316456	-5.29434250413549	259	65	202	14.0	266.0	161.0	70	8.0	94.0	61.0	0	0	1.2077507972717285	20800	330.01616883277893	19586	5.836538461538467	
-250029.83371552016	138.7125	9.7875	158.8	99.3125	-5.29434250413549	260	65	197	15	330	202	93	8	95	61	0	0	1.195864200592041	20880	331.212033033371	19661	5.838122605363978	
-325029.6117596201	137.7125	9.9875	161.9	101.1375	-5.293606824151379	261	65	186	15	298	184	95	8	95	61	0	0	1.2413067817687988	20960	332.45333981513977	19737	5.834923664122144	
-300024.3901179928	137.225	10.0375	170.7	106.525	-5.293606824151379	262	65	199	13	265	165	73	8	95	61	0	0	1.2714800834655762	21040	333.72481989860535	19813	5.831749049429661	
-325030.71747157245	139.175	9.7625	152.9125	95.675	-5.293606824151379	263	65	196	18	255	163	101	8	95	61	0	0	1.1976678371429443	21120	334.9224877357483	19888	5.833333333333329	
-387517.47230007016	139.3125	9.55	154.175	96.4375	-5.293606824151379	264	65	240	12	363	219	27	8	82	53	0	0	1.262878179550171	21200	336.18536591529846	19964	5.830188679245282	
-250041.3107216346	140.3625	9.8125	165.025	102.8625	-5.293606824151379	265	65	235	14	276	172	37	8	80	52	0	0	1.2491741180419922	21280	337.43454003334045	20039	5.831766917293237	
-237531.69026413624	148.5375	9.7625	162.9625	101.5625	-5.293606824151379	266	65	252	14	263	159	79	8	80	52	0	0	1.3024358749389648	21360	338.7369759082794	20115	5.828651685393254	
-250024.95142647112	144.8125	9.95	161.625	100.6375	-5.293606824151379	267	65	313	15	254	158	58	8	80	52	0	0	1.2428488731384277	21440	339.97982478141785	20190	5.830223880597018	
-212533.26196796773	146.425	10.0125	170.1	105.5625	-5.293606824151379	268	65	235	14	319	195	116	8	103	66	0	0	1.3136560916900635	21520	341.2934808731079	20266	5.827137546468393	
-225033.49071214366	143.3	9.85	162.2125	101.15	-5.293606824151379	269	65	235	13	295	178	69	8	95	61	0	0	1.2293930053710938	21600	342.522873878479	20342	5.824074074074076	
-187531.38963123443	142.5125	9.775	163.075	101.4375	-5.293606824151379	270	65	241	14	301	184	69	8	103	66	0	0	1.2546119689941406	21680	343.77748584747314	20418	5.821033210332104	
-337533.8024182354	133.625	9.5125	153.65	96.1	-5.293606824151379	271	65	199	14	347	212	69	8	87	56	0	0	1.1921608448028564	21760	344.969646692276	20493	5.822610294117652	
-237546.9023495751	125.8	9.6125	158.925	99.1125	-5.293606824151379	272	65	186	13	302	184	57	8	87	56	0	0	1.1910791397094727	21840	346.1607258319855	20567	5.828754578754584	
-325020.4134573721	127.6875	9.675	158.975	99.325	-5.293606824151379	273	65	211	13	300	185	50	8	79	51	0	0	1.2189970016479492	21920	347.3797228336334	20642	5.830291970802918	
-275024.83140666556	133.45	9.95	162.2	101.3625	-5.293606824151379	274	65	186	17	340	208	69	8	88	57	0	0	1.252256155014038	22000	348.63197898864746	20718	5.827272727272728	
-287528.2436014081	136.0	9.85	160.475	100.5375	-5.293606824151379	275	65	226	14	364	222	46	8	87	56	0	0	1.2470989227294922	22080	349.87907791137695	20794	5.8242753623188435	
-250030.36562501523	134.8875	9.69620253164557	163.56962025316454	102.0253164556962	-5.293606824151379	276	66	175	14.0	361.0	219.0	39	8.0	95.0	61.0	0	0	1.2104318141937256	22160	351.0895097255707	20869	5.825812274368232	
-262524.8177064305	142.2125	9.721518987341772	160.62025316455697	100.27848101265823	-5.293606824151379	277	67	232	15.0	344.0	210.0	40	8.0	87.0	56.0	0	0	1.1663181781768799	22240	352.25582790374756	20941	5.8408273381295	
-287540.3924265377	138.7375	10.025	163.9625	102.2125	-5.293606824151379	278	67	191	15	305	185	81	8	82	53	0	0	1.218695878982544	22320	353.4745237827301	21017	5.837813620071685	
-275025.8649308323	137.0125	9.9	161.8875	101.1	-5.293606824151379	279	67	186	13	262	160	86	8	95	61	0	0	1.2113022804260254	22400	354.6858260631561	21093	5.834821428571431	
-237543.44845788926	136.5625	9.775	153.8125	96.1125	-5.293606824151379	280	67	198	13	282	173	74	7	82	53	0	0	1.1688108444213867	22480	355.8546369075775	21169	5.831850533807824	
-225041.06723297705	138.275	9.974683544303797	165.8860759493671	103.26582278481013	-5.293542872809609	281	68	231	14.0	266.0	161.0	41	8.0	98.0	63.0	0	0	1.179914951324463	22560	357.034551858902	21244	5.833333333333329	
-237523.60580160088	139.25	9.75	161.325	100.5625	-5.293542872809609	282	68	213	13	262	160	61	8	87	56	0	0	1.1958339214324951	22640	358.2303857803345	21320	5.830388692579504	
-275021.38048938924	137.8375	10.0125	166.275	103.65	-5.293542872809609	283	68	205	14	282	179	26	8	90	58	0	0	1.2461090087890625	22720	359.47649478912354	21396	5.827464788732399	
-275028.23181140056	137.8	9.7875	160.675	100.1375	-5.293542872809609	284	68	208	14	274	174	106	8	82	53	0	0	1.1882579326629639	22800	360.6647527217865	21472	5.824561403508781	
-262532.6662214083	138.225	9.85	162.4875	101.35	-5.293542872809609	285	68	188	13	310	188	107	8	93	60	0	0	1.243887186050415	22880	361.9086399078369	21548	5.82167832167832	
-312517.86397177354	137.45	10.0	169.9367088607595	106.0632911392405	-5.293542872809609	286	69	254	13.0	305.0	188.0	38	8.0	87.0	56.0	0	0	1.251723051071167	22960	363.1603629589081	21623	5.823170731707322	
-287526.93502258084	135.675	9.8625	161.625	100.925	-5.293542872809609	287	69	193	13	310	188	79	8	82	53	0	0	1.2177059650421143	23040	364.3780689239502	21699	5.8203125	
-312549.3648494682	135.4875	9.825	156.9875	98.075	-5.293542872809609	288	69	182	14	286	174	79	8	95	61	0	0	1.1917319297790527	23120	365.56980085372925	21775	5.817474048442904	
-400022.5240241983	136.575	10.05	163.65	102.1625	-5.293542872809609	289	69	205	15	286	174	90	8	95	61	0	0	1.2328710556030273	23200	366.8026719093323	21851	5.814655172413794	
-387529.3578969898	135.325	10.2	167.0625	104.175	-5.293542872809609	290	69	203	16	286	174	69	8	87	56	0	0	1.2121520042419434	23280	368.0148239135742	21926	5.81615120274914	
-362526.89531328843	136.025	9.7	156.975	98.1	-5.293542872809609	291	69	213	13	310	188	59	7	82	53	0	0	1.225358009338379	23360	369.2401819229126	22002	5.813356164383563	
-325032.8179432785	136.025	9.65	158.1125	99.0875	-5.293542872809609	292	69	190	13	262	160	78	7	90	58	0	0	1.1487298011779785	23440	370.3889117240906	22076	5.8191126279863425	
-312529.9680975864	137.25	9.6	149.8	94.375	-5.293542872809609	293	69	186	14	280	176	86	7	90	58	0	0	1.1459572315216064	23520	371.5348689556122	22151	5.820578231292515	
-250029.84084764085	137.975	9.8375	159.55	99.65	-5.293542872809609	294	69	178	15	261	164	102	7	82	53	0	0	1.198486089706421	23600	372.7333550453186	22227	5.817796610169495	
-325030.4482311554	137.1	10.1125	166.4375	103.8125	-5.292404859434304	295	69	176	14	255	157	96	8	82	53	0	0	1.2488858699798584	23680	373.98224091529846	22302	5.819256756756758	
-237524.71326656482	136.675	9.9875	163.45	102.0125	-5.292404859434304	296	69	206	15	307	186	66	8	82	53	0	0	1.2309987545013428	23760	375.2132396697998	22378	5.8164983164983255	
-262525.22541352286	135.9	10.1125	166.4875	103.7	-5.292404859434304	297	69	170	18	267	168	102	8	95	61	0	0	1.2205421924591064	23840	376.4337818622589	22454	5.81375838926175	
-300039.4660509295	136.0	9.7125	157.4625	98.1875	-5.292404859434304	298	69	221	13	285	173	51	8	87	56	0	0	1.214076042175293	23920	377.6478579044342	22530	5.81103678929766	
-237528.00613174093	135.5875	9.95	159.9875	99.925	-5.292404859434304	299	69	200	13	259	161	72	8	95	61	0	0	1.2734389305114746	24000	378.9212968349457	22606	5.808333333333337	
-187524.02637413342	135.1375	9.8875	167.9875	104.65	-5.292404859434304	300	69	192	13	305	186	72	8	82	53	0	0	1.2271852493286133	24080	380.1484820842743	22682	5.805647840531563	
-325029.8206463988	135.775	9.925	159.7	100.075	-5.292404859434304	301	69	212	14	274	175	60	8	82	53	0	0	1.2033789157867432	24160	381.35186100006104	22757	5.807119205298022	
-250034.82758082682	135.425	10.0125	172.3125	107.4875	-5.292404859434304	302	69	212	15	361	219	72	8	96	62	0	0	1.2784440517425537	24240	382.6303050518036	22833	5.804455445544548	
-262537.3386833782	134.875	9.8375	160.4875	99.9875	-5.292404859434304	303	69	165	13	274	171	100	8	87	56	0	0	1.2801659107208252	24320	383.9104709625244	22908	5.805921052631575	
-137525.8512337355	136.0	9.975	163.9	102.4375	-5.292404859434304	304	69	206	14	248	157	66	8	87	56	0	0	1.239297866821289	24400	385.1497688293457	22984	5.8032786885246	
-150027.07868406645	134.75	9.9	165.975	103.3375	-5.292404859434304	305	69	189	15	302	187	63	8	99	64	0	0	1.2340481281280518	24480	386.38381695747375	23060	5.800653594771248	
-400023.2086255139	135.75	9.4875	151.475	95.0375	-5.292404859434304	306	69	195	16	279	176	77	8	82	53	0	0	1.147040843963623	24560	387.5308578014374	23134	5.806188925081429	
-325024.40024105564	135.25	10.0625	162.45	101.8375	-5.292158842190166	307	69	214	15	377	233	38	8	82	53	0	0	1.2243311405181885	24640	388.75518894195557	23210	5.803571428571431	
-275031.7714160901	134.85	10.2125	172.65	107.675	-5.292158842190166	308	69	194	17	310	197	78	8	95	61	0	0	1.225106954574585	24720	389.98029589653015	23284	5.809061488673137	
-275020.8499702671	136.8375	9.8625	163.4125	101.7875	-5.292158842190166	309	69	189	14	280	170	83	8	95	61	0	0	1.2286930084228516	24800	391.208988904953	23360	5.806451612903231	
-212538.68859564298	139.675	9.75	155.5375	97.0625	-5.292158842190166	310	69	174	13	229	143	98	8	95	61	0	0	1.1512019634246826	24880	392.3601908683777	23434	5.811897106109313	
-200037.7173853653	138.4	9.9125	160.4625	100.075	-5.292158842190166	311	69	188	15	224	138	84	8	95	61	0	0	1.1907920837402344	24960	393.5509829521179	23509	5.813301282051285	
-300026.20286300883	136.275	10.125	167.75	104.55	-5.292158842190166	312	69	229	13	311	193	43	8	82	53	0	0	1.2305798530578613	25040	394.7815628051758	23585	5.810702875399372	
-325030.9219907172	138.975	9.8125	162.4625	101.325	-5.292158842190166	313	69	211	15	275	173	43	8	90	58	0	0	1.230640172958374	25120	396.01220297813416	23661	5.808121019108285	
-287535.6935694665	138.3	9.756410256410257	162.75641025641025	101.2948717948718	-5.292158842190166	314	71	241	14.0	271.0	164.0	43	8.0	82.0	53.0	0	0	1.2221648693084717	25200	397.2343678474426	23735	5.813492063492063	
-225030.6452486664	140.3875	9.7	158.4375	99.0375	-5.292158842190166	315	71	216	15	284	180	56	8	80	52	0	0	1.223912000656128	25280	398.45827984809875	23811	5.810917721518976	
-275030.00746069354	140.8125	9.8375	155.1375	97.4125	-5.292158842190166	316	71	194	14	262	165	78	8	88	57	0	0	1.2289280891418457	25360	399.6872079372406	23886	5.812302839116725	
-337516.85943220527	139.825	9.8	160.3	100.1625	-5.292158842190166	317	71	183	14	262	163	90	8	88	57	0	0	1.1872718334197998	25440	400.8744797706604	23960	5.817610062893081	
-262530.42724906595	144.225	9.9	156.325	97.8	-5.292158842190166	318	71	235	14	262	160	84	8	92	59	0	0	1.2177941799163818	25520	402.0922739505768	24035	5.818965517241381	
-337542.8939481511	143.0875	10.2375	164.5	102.8	-5.292158842190166	319	71	204	15	321	195	86	8	86	56	0	0	1.229733943939209	25600	403.322007894516	24111	5.81640625	
-262528.9204772316	142.1875	9.8625	158.5875	99.2625	-5.292158842190166	320	71	202	14	300	183	115	8	87	56	0	0	1.2267038822174072	25680	404.5487117767334	24187	5.813862928348911	
-212527.8428018256	136.2125	9.925	163.6875	101.975	-5.292158842190166	321	71	185	13	290	175	87	8	82	53	0	0	1.286175012588501	25760	405.8348867893219	24263	5.8113354037267015	
-275024.6909059516	135.9125	9.7875	160.9	100.275	-5.292158842190166	322	71	206	15	280	170	78	8	87	56	0	0	1.226567029953003	25840	407.0614538192749	24339	5.808823529411768	
-300018.90794573847	134.6	10.075	161.3375	100.9875	-5.292158842190166	323	71	179	16	262	165	78	8	82	53	0	0	1.242629051208496	25920	408.3040828704834	24415	5.806327160493822	
-287521.70734216383	136.1125	9.8875	166.3625	103.3875	-5.292158842190166	324	71	212	14	285	175	60	8	94	61	0	0	1.2586860656738281	26000	409.5627689361572	24491	5.803846153846152	
-312529.60882499826	135.6625	9.784810126582279	155.49367088607596	97.31645569620254	-5.292158842190166	325	72	209	15.0	344.0	215.0	54	8.0	87.0	56.0	0	0	1.2094388008117676	26080	410.772207736969	24566	5.805214723926383	
-325026.70211098186	135.5875	9.8625	162.8625	101.85	-5.292158842190166	326	72	226	16	267	163	46	8	82	53	0	0	1.2727270126342773	26160	412.04493474960327	24642	5.802752293577981	
-237528.4253778712	136.0	10.125	170.3875	106.35	-5.292158842190166	327	72	201	16	323	201	71	8	89	58	0	0	1.2583770751953125	26240	413.3033118247986	24716	5.807926829268297	
-287525.60482093773	138.0	9.8875	160.7875	100.3625	-5.291931388954223	328	72	176	14	258	156	97	8	83	54	0	0	1.217250108718872	26320	414.52056193351746	24792	5.80547112462007	
-287536.97765607486	137.8625	9.75	158.7875	99.375	-5.291931388954223	329	72	197	14	303	187	75	8	93	60	0	0	1.1997990608215332	26400	415.720360994339	24868	5.803030303030297	
-337528.60801797465	134.35	9.7625	154.375	96.825	-5.291931388954223	330	72	193	13	255	160	76	8	87	56	0	0	1.2146117687225342	26480	416.9349727630615	24944	5.800604229607259	
-262526.54255422705	135.75	10.1625	165.65	103.775	-5.291931388954223	331	72	219	17	356	218	53	8	87	56	0	0	1.2351140975952148	26560	418.17008686065674	25019	5.801957831325296	
-262539.19269076345	134.6125	9.91025641025641	171.25641025641025	107.14102564102564	-5.291931388954223	332	74	243	13.0	328.0	211.0	18	8.0	80.0	52.0	0	0	1.2208271026611328	26640	419.39091396331787	25092	5.810810810810807	
-350021.840989522	139.9375	10.1	173.025	108.0	-5.291931388954223	333	74	202	19	396	239	70	8	90	58	0	0	1.2535450458526611	26720	420.64445900917053	25168	5.808383233532936	
-300033.3983412033	136.9375	10.0	170.5	106.45	-5.291931388954223	334	74	192	16	377	228	83	8	88	57	0	0	1.2340397834777832	26800	421.8784987926483	25243	5.8097014925373145	
-287526.89254779986	135.65	9.9	163.5375	102.0625	-5.291931388954223	335	74	162	14	389	239	109	8	90	58	0	0	1.202660083770752	26880	423.08115887641907	25319	5.807291666666671	
-200035.26830308168	137.0125	10.1375	169.85	105.8375	-5.291931388954223	336	74	213	16	328	200	63	8	98	63	0	0	1.2709839344024658	26960	424.35214281082153	25395	5.804896142433236	
-300026.70077906526	137.9125	9.9	167.0125	104.05	-5.291931388954223	337	74	216	14	295	178	84	8	98	63	0	0	1.1862051486968994	27040	425.53834795951843	25469	5.8099112426035475	
-237530.95802308014	136.45	9.85	160.9375	100.45	-5.291931388954223	338	74	213	13	224	138	95	8	90	58	0	0	1.2392268180847168	27120	426.77757477760315	25545	5.807522123893804	
-325022.3217658422	135.7875	9.60759493670886	157.20253164556962	98.43037974683544	-5.291931388954223	339	75	204	12.0	276.0	171.0	68	8.0	82.0	53.0	0	0	1.1977040767669678	27200	427.9752788543701	25619	5.8125	
-325035.8656559374	136.3125	10.0375	160.0125	100.2125	-5.291931388954223	340	75	187	16	258	156	85	8	82	53	0	0	1.210068941116333	27280	429.18534779548645	25695	5.810117302052788	
-262526.3102167477	137.2125	10.025	168.8875	105.5	-5.291931388954223	341	75	203	16	288	181	88	8	101	65	0	0	1.228114128112793	27360	430.41346192359924	25770	5.811403508771932	
-275024.309085918	133.9	9.975	172.2625	107.5875	-5.291931388954223	342	75	211	15	281	174	76	8	90	58	0	0	1.2735779285430908	27440	431.68703985214233	25846	5.8090379008746424	
-287520.6678269742	135.4125	9.85	165.85	103.6375	-5.291931388954223	343	75	183	14	250	156	89	8	87	56	0	0	1.2906100749969482	27520	432.9776499271393	25921	5.810319767441868	
-187520.22154838117	133.8625	10.175	173.2	108.3	-5.291931388954223	344	75	208	14	363	219	68	8	95	61	0	0	1.276946783065796	27600	434.2545967102051	25997	5.80797101449275	
-225024.17970787623	136.35	10.0625	170.3875	106.35	-5.291931388954223	345	75	189	14	442	270	90	8	95	61	0	0	1.2634811401367188	27680	435.5180778503418	26073	5.805635838150295	
-200032.55654602178	136.0	9.7875	159.6625	99.6375	-5.291931388954223	346	75	198	14	271	168	74	8	107	69	0	0	1.1877319812774658	27760	436.70580983161926	26148	5.80691642651297	
-387514.99260895624	136.0	9.7375	157.975	98.8875	-5.291931388954223	347	75	176	14	264	165	96	8	82	53	0	0	1.2118871212005615	27840	437.9176969528198	26224	5.804597701149433	
-375023.34081221634	136.5	9.8625	160.45	100.4	-5.291931388954223	348	75	182	13	262	161	90	8	80	52	0	0	1.2159698009490967	27920	439.1336667537689	26300	5.802292263610326	
-287530.0022502552	137.2625	9.9375	159.225	99.675	-5.291931388954223	349	75	200	14	267	165	78	8	80	52	0	0	1.1878130435943604	28000	440.3214797973633	26376	5.800000000000011	
-362517.9721847937	133.8875	9.875	157.075	98.2875	-5.291931388954223	350	75	235	14	256	156	23	8	82	53	0	0	1.161242961883545	28080	441.4827227592468	26451	5.801282051282058	
-337521.86687110626	134.6125	10.012820512820513	166.62820512820514	103.91025641025641	-5.291931388954223	351	77	202	14.0	295.0	178.0	23	8.0	87.0	56.0	0	0	1.1918959617614746	28160	442.6746187210083	26525	5.806107954545453	
-350036.8300111064	136.6625	9.7625	159.0125	99.85	-5.291931388954223	352	77	219	14	285	180	53	8	82	53	0	0	1.1915662288665771	28240	443.8661849498749	26600	5.807365439093488	
-287534.91743717896	133.8375	9.6125	154.0625	96.7	-5.291931388954223	353	77	219	14	260	160	70	8	90	58	0	0	1.1986229419708252	28320	445.0648078918457	26676	5.805084745762713	
-162531.66603969713	136.2125	9.8375	164.35	102.4625	-5.291931388954223	354	77	219	15	452	274	85	8	87	56	0	0	1.3377788066864014	28400	446.4025866985321	26752	5.802816901408448	
-250028.9451616699	136.675	9.75	161.175	100.425	-5.291931388954223	355	77	219	14	271	172	74	8	90	58	0	0	1.2384650707244873	28480	447.6410517692566	26828	5.800561797752806	
-287518.2351757261	135.3875	9.7	155.0125	96.85	-5.291931388954223	356	77	206	13	329	202	66	8	93	60	0	0	1.208280086517334	28560	448.8493318557739	26904	5.798319327731093	
-312527.1032519302	136.2	9.5875	150.0	94.0125	-5.291931388954223	357	77	206	13	215	131	49	8	85	55	0	0	1.2669901847839355	28640	450.11632204055786	26980	5.796089385474858	
-262525.1249784158	135.8	9.6875	152.525	95.45	-5.291928731413264	358	77	182	15	469	280	90	8	87	56	0	0	1.065760612487793	28720	451.18208265304565	27055	5.797353760445674	
-312517.85543807095	135.7	9.7	156.5125	97.8	-5.291928731413264	359	77	193	13	270	169	79	8	82	53	0	0	1.0455663204193115	28800	452.22764897346497	27129	5.802083333333329	
-287526.11599212966	135.2625	9.8375	159.375	99.475	-5.291928731413264	360	77	177	12	223	138	95	8	87	56	0	0	1.0484800338745117	28880	453.2761290073395	27204	5.803324099723	
-312523.0104532391	135.9625	9.95	160.2375	100.0	-5.291928731413264	361	77	176	16	263	162	96	8	101	65	0	0	1.0342669486999512	28960	454.31039595603943	27279	5.804558011049721	
-300025.7396243646	135.7875	9.825	165.4	103.125	-5.291928731413264	362	77	205	14	304	194	67	8	90	58	0	0	1.055521011352539	29040	455.36591696739197	27354	5.805785123966942	
-300021.09637820354	133.825	9.9625	162.4	101.375	-5.291928731413264	363	77	199	14	280	170	67	8	90	58	0	0	1.0790297985076904	29120	456.44494676589966	27429	5.807005494505489	
-350031.60025637713	133.4875	10.0875	164.0875	102.5125	-5.291928731413264	364	77	209	14	274	173	63	8	93	60	0	0	1.080104112625122	29200	457.5250508785248	27505	5.804794520547944	
-262525.4164342774	134.175	9.925	166.1875	103.725	-5.291928731413264	365	77	190	14	285	175	73	8	95	61	0	0	1.079360008239746	29280	458.6044108867645	27581	5.802595628415304	
-237525.02882516888	136.6	10.0125	166.9625	103.9375	-5.291928731413264	366	77	169	15	441	265	103	8	91	59	0	0	1.105234146118164	29360	459.7096450328827	27657	5.800408719346052	
-250031.2310815116	136.0	9.810126582278482	160.49367088607596	100.17721518987342	-5.291928731413264	367	78	187	13.0	300.0	183.0	85	8.0	95.0	61.0	0	0	1.016352653503418	29440	460.7259976863861	27731	5.805027173913047	
-250015.4273882922	136.85	10.1	175.3625	109.0875	-5.291928731413264	368	78	187	15	646	389	85	8	90	58	0	0	1.3210890293121338	29520	462.04708671569824	27807	5.802845528455279	
-262522.183913604	133.7875	9.725	160.6375	100.1625	-5.291928731413264	369	78	177	12	279	172	61	8	87	56	0	0	1.0687131881713867	29600	463.11579990386963	27883	5.800675675675677	
-212526.4659608598	133.85	9.8125	161.5125	100.65	-5.291928731413264	370	78	190	14	288	180	82	8	87	56	0	0	1.0590407848358154	29680	464.17484068870544	27959	5.798517520215626	
-275032.57978688437	135.025	9.7125	159.2875	99.1625	-5.291928731413264	371	78	184	16	279	173	77	8	88	57	0	0	1.034553050994873	29760	465.2093937397003	28034	5.799731182795696	
-325017.1386759365	135.2	9.925	166.1375	103.725	-5.291928731413264	372	78	189	14	321	196	83	8	82	53	0	0	1.0878491401672363	29840	466.29724287986755	28110	5.797587131367294	
-300033.99394665693	137.5125	10.0625	165.8375	103.325	-5.291928731413264	373	78	215	14	289	176	57	8	82	53	0	0	1.0803840160369873	29920	467.37762689590454	28186	5.795454545454547	
-237537.33603086782	135.5125	9.775	158.675	99.1375	-5.291928731413264	374	78	219	14	296	180	50	8	91	59	0	0	1.1215898990631104	30000	468.49921679496765	28262	5.793333333333322	
-262534.9972549363	141.4875	9.8125	155.925	97.5625	-5.291928731413264	375	78	219	15	296	180	107	8	91	59	0	0	1.0635290145874023	30080	469.56274580955505	28338	5.7912234042553195	
-262530.36380025436	139.5625	9.525	149.05	93.625	-5.291928731413264	376	78	220	14	224	138	52	8	87	56	0	0	1.0325591564178467	30160	470.5953049659729	28414	5.789124668435008	
-262532.0060200341	138.525	9.962025316455696	159.53164556962025	99.62025316455696	-5.291928731413264	377	79	193	16.0	280.0	173.0	44	8.0	91.0	59.0	0	0	1.0590078830718994	30240	471.6543128490448	28489	5.790343915343925	
-350020.95752852823	143.45	9.675	158.825	99.225	-5.291928731413264	378	79	227	18	275	175	45	8	91	59	0	0	1.0356171131134033	30320	472.6899299621582	28563	5.794854881266488	
-362532.3580297536	146.9125	9.7875	164.675	102.85	-5.291928731413264	379	79	201	12	268	165	82	8	90	58	0	0	1.0796940326690674	30400	473.76962399482727	28639	5.792763157894726	
-375017.87219186034	141.2	9.9375	160.5125	100.325	-5.291928731413264	380	79	207	18	356	218	85	8	83	54	0	0	1.1132359504699707	30480	474.88285994529724	28715	5.790682414698168	
-337530.2854155878	143.3	9.924050632911392	161.83544303797467	101.32911392405063	-5.291928731413264	381	80	220	14.0	322.0	199.0	39	8.0	91.0	59.0	0	0	1.0376148223876953	30560	475.92047476768494	28790	5.791884816753921	
-312543.7766986977	141.95	9.975	162.35	101.6125	-5.291928731413264	382	80	220	14	373	229	72	8	86	56	0	0	1.0660982131958008	30640	476.98657298088074	28865	5.793080939947785	
-287528.39228373155	137.7	10.125	168.0	104.5	-5.291928731413264	383	80	205	17	459	275	81	8	90	58	0	0	1.0869147777557373	30720	478.0734877586365	28940	5.794270833333343	
-337512.5203461423	136.725	10.0625	163.025	101.8875	-5.291928731413264	384	80	189	14	375	230	85	8	91	59	0	0	1.0789921283721924	30800	479.15247988700867	29015	5.795454545454547	
-337528.42575021926	135.775	9.91139240506329	162.59493670886076	101.51898734177215	-5.291928731413264	385	81	189	14.0	279.0	173.0	87	8.0	82.0	53.0	0	0	1.0612637996673584	30880	480.213743686676	29090	5.796632124352328	
-237526.2823739186	135.2125	9.8625	170.4875	105.95	-5.291928731413264	386	81	218	13	332	204	54	8	82	53	0	0	1.1530811786651611	30960	481.3668248653412	29165	5.797803617571063	
-300019.20994109847	136.0	10.025	168.125	104.775	-5.291928731413264	387	81	202	15	326	200	70	8	82	53	0	0	1.088305950164795	31040	482.455130815506	29240	5.798969072164951	
-262541.5236591163	137.9	9.7	158.2	98.6625	-5.291928731413264	388	81	217	15	326	200	75	8	90	58	0	0	1.0522899627685547	31120	483.50742077827454	29315	5.8001285347043705	
-325027.90373089805	137.85	9.7375	158.5625	99.0625	-5.291925739163072	389	81	201	14	278	172	71	8	91	59	0	0	1.0415980815887451	31200	484.5490188598633	29391	5.79807692307692	
-262526.6309581481	137.5125	9.6625	161.275	100.6875	-5.291925739163072	390	81	203	13	276	172	69	8	91	59	0	0	1.0466699600219727	31280	485.59568881988525	29467	5.796035805626602	
-387518.54054644296	134.2375	9.6875	162.0125	101.15	-5.291925739163072	391	81	158	12	279	173	90	8	90	58	0	0	1.0633161067962646	31360	486.6590049266815	29543	5.794005102040813	
-325028.34460332646	137.075	9.825	161.1875	100.5625	-5.291925739163072	392	81	220	14	303	188	52	8	82	53	0	0	1.0806918144226074	31440	487.7396967411041	29618	5.795165394402034	
-350022.25844124396	135.9	10.05	168.075	105.1125	-5.291925739163072	393	81	219	16	304	187	53	8	90	58	0	0	1.1088831424713135	31520	488.84857988357544	29694	5.793147208121823	
-325019.0846521738	136.0125	9.95	164.325	102.6	-5.291925739163072	394	81	196	12	335	204	76	8	87	56	0	0	1.1109790802001953	31600	489.95955896377563	29770	5.791139240506325	
-287515.19622769265	136.6	10.0125	171.9625	107.2375	-5.291925739163072	395	81	206	14	355	219	66	8	90	58	0	0	1.0843727588653564	31680	491.043931722641	29844	5.795454545454547	
-300028.38094867225	139.0875	10.025	163.675	102.225	-5.291925739163072	396	81	206	14	279	173	66	8	91	59	0	0	1.0736362934112549	31760	492.11756801605225	29918	5.799748110831231	
-387515.0779687191	138.025	9.65	157.4	98.3625	-5.291925739163072	397	81	206	13	279	173	77	8	87	56	0	0	1.05964994430542	31840	493.17721796035767	29994	5.797738693467338	
-287525.1042461543	140.1125	9.925	167.55	104.225	-5.291925739163072	398	81	206	13	297	184	99	8	95	61	0	0	1.0841820240020752	31920	494.26139998435974	30069	5.798872180451127	
-187525.81308770872	137.9	9.9375	165.275	102.825	-5.291925739163072	399	81	210	14	334	203	62	8	87	56	0	0	1.0799927711486816	32000	495.3413927555084	30144	5.800000000000011	
-300016.20088647574	136.0	9.9875	165.6375	102.9875	-5.291925739163072	400	81	207	14	320	196	65	8	80	52	0	0	1.0990750789642334	32080	496.44046783447266	30220	5.798004987531172	
-337519.2276188182	136.05	9.7125	155.8375	97.4625	-5.291925739163072	401	81	209	13	349	215	63	8	87	56	0	0	1.067249059677124	32160	497.5077168941498	30296	5.796019900497512	
-300020.21270863013	133.7625	9.9375	167.025	104.1	-5.291919513825321	402	81	191	15	334	205	81	8	91	59	0	0	1.0682117938995361	32240	498.5759286880493	30371	5.797146401985103	
-212533.95992957754	136.2	9.725	158.125	98.8625	-5.291919513825321	403	81	184	13	316	202	88	8	94	61	0	0	1.0353033542633057	32320	499.6112320423126	30447	5.7951732673267315	
-412525.2762095415	136.4	9.962025316455696	161.1772151898734	100.86075949367088	-5.291919513825321	404	82	222	15.0	280.0	172.0	50	8.0	91.0	59.0	0	0	1.0336339473724365	32400	500.64486598968506	30521	5.799382716049379	
-300030.8899710423	138.05	9.9625	161.8	101.0	-5.291919513825321	405	82	183	14	297	184	102	8	91	59	0	0	1.0496420860290527	32480	501.6945080757141	30597	5.797413793103445	
-337524.78149145	137.05	9.8625	167.875	104.6875	-5.291919513825321	406	82	212	14	282	176	60	8	95	61	0	0	1.0806007385253906	32560	502.7751088142395	30673	5.795454545454547	
-350019.9971980533	140.4125	9.875	156.1375	97.8125	-5.291919513825321	407	82	223	16	337	204	49	8	82	53	0	0	1.0008292198181152	32640	503.7759380340576	30748	5.796568627450981	
-200027.3123943814	136.4125	9.987341772151899	164.41772151898735	102.63291139240506	-5.291919513825321	408	83	235	16.0	347.0	212.0	37	8.0	91.0	59.0	0	0	1.0247187614440918	32720	504.8006567955017	30823	5.797677261613686	
-250034.50218291115	136.525	9.6	154.0625	96.1625	-5.291919513825321	409	83	185	14	280	170	87	8	87	56	0	0	1.0085220336914062	32800	505.8091788291931	30899	5.795731707317074	
-337521.5630056548	136.675	9.8375	158.5	99.0	-5.291919513825321	410	83	220	14	294	182	52	8	87	56	0	0	1.0398731231689453	32880	506.84905195236206	30975	5.793795620437962	
-250019.76689771953	136.2625	9.425	151.675	94.7	-5.291919513825321	411	83	199	12	395	240	73	8	82	53	0	0	1.0167689323425293	32960	507.8658208847046	31051	5.791868932038838	
-312524.5609178808	136.2625	9.6125	155.025	96.875	-5.291919513825321	412	83	161	15	310	188	118	8	91	59	0	0	1.019805908203125	33040	508.8856267929077	31127	5.789951573849876	
-412527.2958117612	135.8	10.139240506329115	168.78481012658227	105.9493670886076	-5.291919513825321	413	84	189	15.0	646.0	389.0	77	8.0	83.0	54.0	0	0	1.2759630680084229	33120	510.16158986091614	31202	5.7910628019323696	
-225031.68401583796	134.0625	9.89873417721519	158.59493670886076	99.64556962025317	-5.291919513825321	414	85	217	14.0	302.0	188.0	30	8.0	87.0	56.0	0	0	1.063232183456421	33200	511.22482204437256	31276	5.795180722891573	
-237523.50729411855	137.5	9.7625	159.6125	99.5875	-5.291919513825321	415	85	199	14	266	161	73	8	90	58	0	0	1.0224409103393555	33280	512.2472629547119	31351	5.796274038461533	
-225020.93468877795	136.8875	9.8625	152.875	95.75	-5.291919513825321	416	85	199	15	291	182	77	8	80	52	0	0	0.9898629188537598	33360	513.2371258735657	31426	5.797362110311752	
-300017.968306203	135.7	10.1125	165.9375	103.5625	-5.291919513825321	417	85	184	17	354	225	88	8	87	56	0	0	1.0114028453826904	33440	514.2485287189484	31500	5.801435406698559	
-225031.45647511072	136.15	9.875	168.5875	105.2625	-5.291919513825321	418	85	184	14	328	203	88	8	82	53	0	0	1.1050770282745361	33520	515.3536057472229	31576	5.799522673031021	
-262529.72711522615	135.8	10.0875	165.95	103.5625	-5.291919513825321	419	85	195	16	316	192	76	8	98	63	0	0	1.1005971431732178	33600	516.4542028903961	31652	5.797619047619051	
-362520.72696554067	134.975	9.95	162.7375	101.8875	-5.291919513825321	420	85	238	17	312	199	61	8	93	60	0	0	1.1631460189819336	33680	517.617348909378	31728	5.7957244655581945	
-387522.39680968726	136.45	10.25	164.825	103.125	-5.291919513825321	421	85	188	15	337	213	84	8	91	59	0	0	1.1449799537658691	33760	518.7623288631439	31804	5.793838862559241	
-300018.46542320435	136.425	10.1	162.9375	101.8	-5.291919513825321	422	85	187	16	291	182	85	8	98	63	0	0	1.112941026687622	33840	519.8752698898315	31879	5.794917257683224	
-237532.09147811486	137.2625	9.8125	159.9375	99.9	-5.291919513825321	423	85	212	14	319	197	95	8	82	53	0	0	1.0954310894012451	33920	520.9707009792328	31954	5.79599056603773	
-312533.73464159237	137.275	10.2375	166.925	104.4625	-5.291919513825321	424	85	216	16	379	236	56	8	91	59	0	0	1.0939548015594482	34000	522.0646557807922	32030	5.794117647058826	
-275026.76223641896	138.7875	10.15	165.6	103.2625	-5.291919513825321	425	85	189	18	289	188	101	8	108	69	0	0	1.0291430950164795	34080	523.0937988758087	32105	5.795187793427232	
-300039.6326190658	142.375	9.9875	169.6625	105.5375	-5.291919513825321	426	85	202	14	309	187	96	8	91	59	0	0	1.0714731216430664	34160	524.1652719974518	32181	5.79332552693208	
-337529.04539940215	140.2875	10.012820512820513	161.10256410256412	100.7051282051282	-5.291919513825321	427	87	255	15.0	291.0	182.0	55	8.0	91.0	59.0	0	0	1.0111949443817139	34240	525.1764669418335	32254	5.800233644859816	
-312520.4730096366	143.2	10.025316455696203	169.0759493670886	105.36708860759494	-5.291919513825321	428	88	196	15.0	301.0	185.0	99	8.0	90.0	58.0	0	0	1.0524029731750488	34320	526.2288699150085	32329	5.801282051282058	
-362524.7872409102	142.6625	10.375	176.2125	109.9625	-5.291919513825321	429	88	196	17	329	200	89	8	95	61	0	0	1.1373701095581055	34400	527.3662400245667	32404	5.802325581395351	
-300015.03929891967	139.325	9.9625	161.9375	101.15	-5.291919513825321	430	88	196	15	263	166	86	8	91	59	0	0	1.0258979797363281	34480	528.392138004303	32479	5.803364269141525	
-237526.59278557304	136.875	10.45	167.9625	104.8625	-5.291919513825321	431	88	196	16	290	184	86	8	91	59	0	0	1.0872218608856201	34560	529.4793598651886	32555	5.801504629629633	
-300017.91222142725	136.375	10.113924050632912	172.25316455696202	107.31645569620254	-5.291919513825321	432	89	198	16.0	320.0	201.0	74	8.0	99.0	64.0	0	0	1.0744309425354004	34640	530.553790807724	32630	5.802540415704385	
-250033.58550467217	138.4625	10.275	165.7625	103.625	-5.291919513825321	433	89	224	18	286	179	62	8	79	51	0	0	1.0429189205169678	34720	531.596709728241	32705	5.803571428571431	
-300031.33514562965	132.8375	10.1875	165.825	103.2625	-5.291919513825321	434	89	197	15	326	205	62	8	90	58	0	0	1.0438902378082275	34800	532.6405999660492	32781	5.801724137931032	
-287533.5132344537	132.5375	10.175	169.825	106.025	-5.291919513825321	435	89	168	17	646	389	61	8	98	63	0	0	1.2079238891601562	34880	533.8485238552094	32857	5.799885321100916	
-387524.7192506415	135.05	10.0125	156.125	98.1	-5.291919513825321	436	89	205	16	349	219	67	8	87	56	0	0	0.9975929260253906	34960	534.8461167812347	32932	5.800915331807772	
-250029.8942223777	135.65	10.0625	163.1125	101.9125	-5.291919513825321	437	89	177	15	352	219	92	8	90	58	0	0	1.004399061203003	35040	535.8505158424377	33005	5.807648401826484	
-287530.5432085328	136.0	10.050632911392405	159.9620253164557	100.34177215189874	-5.291919513825321	438	90	227	16.0	352.0	219.0	45	8.0	90.0	58.0	0	0	0.99965500831604	35120	536.8501708507538	33078	5.814350797266513	
-337521.59539597435	136.0	10.0625	165.6625	103.3125	-5.291919513825321	439	90	213	16	290	186	59	8	98	63	0	0	1.0150229930877686	35200	537.8651938438416	33153	5.8153409090909065	
-337528.05236691673	136.0	10.225	173.3125	107.8625	-5.291919513825321	440	90	190	16	326	203	82	8	93	60	0	0	1.1009190082550049	35280	538.9661128520966	33229	5.813492063492063	
-275023.14753354253	134.15	10.1125	168.3	104.7625	-5.291919513825321	441	90	181	16	301	184	91	8	99	64	0	0	1.0900108814239502	35360	540.0561237335205	33305	5.811651583710415	
-337513.7597155374	135.7625	10.1375	161.675	100.975	-5.291919513825321	442	90	174	15	280	170	103	8	91	59	0	0	1.038964033126831	35440	541.0950877666473	33379	5.815462753950342	
-300021.57771140506	136.5375	10.5375	168.875	105.4375	-5.291919513825321	443	90	201	16	280	170	71	8	101	65	0	0	1.0535001754760742	35520	542.1485879421234	33455	5.813626126126124	
-225023.28560007038	135.375	10.025	163.7875	102.1	-5.291919513825321	444	90	196	14	266	166	76	8	95	61	0	0	1.0086169242858887	35600	543.1572048664093	33530	5.81460674157303	
-350027.5588283355	136.0	9.9375	161.625	100.85	-5.291919513825321	445	90	161	14	291	182	111	8	93	60	0	0	1.029404878616333	35680	544.1866097450256	33605	5.815582959641247	
-312532.5889918523	135.85	10.164556962025317	162.51898734177215	101.54430379746836	-5.291919513825321	446	91	220	15.0	318.0	195.0	40	8.0	90.0	58.0	0	0	1.0036962032318115	35760	545.1903059482574	33678	5.822147651006716	
-287520.557964403	135.575	9.95	162.4375	101.4125	-5.291919513825321	447	91	198	14	319	197	64	8	82	53	0	0	1.0423970222473145	35840	546.2327029705048	33754	5.8203125	
-312530.79163483845	136.1125	9.675	158.1	98.5125	-5.291919513825321	448	91	197	13	267	165	48	8	82	53	0	0	1.0445549488067627	35920	547.2772579193115	33830	5.8184855233852915	
-312526.2829232009	136.5125	9.784810126582279	158.13924050632912	98.92405063291139	-5.291919513825321	449	92	241	14.0	271.0	166.0	49	8.0	82.0	53.0	0	0	1.0165328979492188	36000	548.2937908172607	33904	5.822222222222223	
-287532.36371710413	139.025	10.1	162.6625	101.4	-5.291919513825321	450	92	180	14	285	173	92	8	82	53	0	0	1.0427348613739014	36080	549.3365256786346	33979	5.823170731707322	
-287521.72480813606	138.525	10.0125	159.8375	99.625	-5.291919513825321	451	92	206	17	280	172	70	7	87	56	0	0	1.0097169876098633	36160	550.3462426662445	34054	5.82411504424779	
-237548.9830777687	134.3875	10.0375	161.075	100.6625	-5.291919513825321	452	92	172	15	317	197	91	8	90	58	0	0	0.9953341484069824	36240	551.3415768146515	34129	5.825055187637972	
-300018.9716944174	136.1	10.1375	163.7	102.4625	-5.291919513825321	453	92	194	18	314	202	78	8	95	61	0	0	1.0267999172210693	36320	552.3683767318726	34205	5.823237885462547	
-262540.05784673704	136.0875	10.1125	168.15	104.75	-5.291919513825321	454	92	210	15	300	188	62	8	87	56	0	0	1.041795015335083	36400	553.4101717472076	34280	5.824175824175825	
-350042.43929736124	135.2375	10.225	167.6625	104.8	-5.291919513825321	455	92	210	18	311	193	62	8	91	59	0	0	1.0450711250305176	36480	554.4552428722382	34356	5.82236842105263	
-250018.12086665473	135.4	10.2375	168.5125	105.25	-5.291919513825321	456	92	199	14	340	206	62	8	91	59	0	0	1.055117130279541	36560	555.5103600025177	34432	5.820568927789935	
-362524.6857169719	141.275	10.275	168.8875	105.7875	-5.291919513825321	457	92	199	17	377	237	90	8	93	60	0	0	1.0846037864685059	36640	556.5949637889862	34508	5.818777292576414	
-325020.698162914	140.8	9.9625	158.0125	98.7625	-5.291919513825321	458	92	214	16	323	195	76	8	90	58	0	0	1.0128111839294434	36720	557.6077749729156	34580	5.827886710239653	
-337522.9339652668	137.5	10.0875	160.65	100.475	-5.291919513825321	459	92	193	16	303	191	79	8	94	61	0	0	1.0144689083099365	36800	558.6222438812256	34655	5.828804347826093	
-275024.8492513116	136.375	9.962025316455696	158.9746835443038	99.65822784810126	-5.291919513825321	460	93	188	15.0	252.0	158.0	84	8.0	93.0	60.0	0	0	0.9915199279785156	36880	559.6137638092041	34730	5.829718004338389	
-287525.7705531103	137.725	9.620253164556962	155.7594936708861	97.29113924050633	-5.291919513825321	461	94	206	15.0	332.0	204.0	66	8.0	90.0	58.0	0	0	0.9778029918670654	36960	560.5915668010712	34805	5.830627705627705	
-225036.67468643654	136.3375	10.2125	157.375	98.6875	-5.291919513825321	462	94	182	17	272	165	95	8	90	58	0	0	1.0160949230194092	37040	561.6076617240906	34881	5.8288336933045315	
-262523.55631765444	137.0375	10.1875	167.05	104.5	-5.291919513825321	463	94	182	18	578	366	90	8	91	59	0	0	1.0471563339233398	37120	562.6548180580139	34956	5.829741379310349	
-300020.29242821404	139.7375	9.85	159.325	99.5125	-5.291919513825321	464	94	184	14	307	195	88	8	82	53	0	0	1.0418968200683594	37200	563.6967148780823	35031	5.83064516129032	
-225040.2482662662	136.4875	10.1	163.7875	102.5875	-5.291919513825321	465	94	182	16	327	204	92	8	79	51	0	0	1.0305099487304688	37280	564.7272248268127	35107	5.828862660944196	
-325027.6704332748	137.0125	10.139240506329115	160.69620253164558	100.69620253164557	-5.291919513825321	466	95	192	18.0	321.0	208.0	80	8.0	95.0	61.0	0	0	1.0449481010437012	37360	565.7721729278564	35182	5.8297644539614595	
-262530.9294138456	137.85	10.405063291139241	175.53164556962025	109.41772151898734	-5.291919513825321	467	96	200	19.0	366.0	232.0	72	8.0	90.0	58.0	0	0	1.0965490341186523	37440	566.8687219619751	35256	5.833333333333329	
-212535.8388019884	137.0875	9.9	164.45	102.525	-5.291919513825321	468	96	243	15	289	178	70	8	99	64	0	0	1.0560669898986816	37520	567.9247889518738	35331	5.83422174840085	
-287531.3823676632	136.95	10.0	158.25	98.925	-5.291919513825321	469	96	231	16	280	170	79	8	87	56	0	0	1.0312929153442383	37600	568.956081867218	35407	5.832446808510639	
-275031.1376257023	135.3	10.3125	174.2	108.525	-5.291919513825321	470	96	208	17	344	212	64	8	87	56	0	0	1.1019680500030518	37680	570.0580499172211	35483	5.830679405520172	
-337529.9224502524	136.1125	10.3375	173.7375	108.2	-5.291919513825321	471	96	208	15	362	227	64	8	96	62	0	0	1.0861289501190186	37760	571.1441788673401	35559	5.828919491525426	
-200044.36006969455	136.0375	10.025	163.7125	102.0125	-5.291919513825321	472	96	181	14	288	182	91	8	95	61	0	0	1.0782220363616943	37840	572.2224009037018	35632	5.835095137420723	
-175032.55663957965	135.925	10.3	174.8125	108.9875	-5.291919513825321	473	96	190	17	459	275	82	8	82	53	0	0	1.0891249179840088	37920	573.3115258216858	35708	5.833333333333329	
-237521.86468583596	134.0875	9.708860759493671	158.27848101265823	99.0506329113924	-5.291919513825321	474	97	178	15.0	361.0	223.0	94	8.0	88.0	57.0	0	0	0.9673740863800049	38000	574.2788999080658	35782	5.836842105263159	
-325034.04786277784	134.325	10.25	166.65	104.475	-5.291919513825321	475	97	187	19	339	210	85	8	82	53	0	0	1.0029449462890625	38080	575.2818448543549	35856	5.8403361344537785	
-375023.0276822167	133.8625	9.875	162.6375	101.7375	-5.291919513825321	476	97	187	16	323	202	83	8	96	62	0	0	1.0360760688781738	38160	576.317920923233	35932	5.8385744234800825	
-350020.1875785549	135.5875	9.7125	163.1125	101.9375	-5.291919513825321	477	97	194	17	459	275	83	8	87	56	0	0	1.0726747512817383	38240	577.3905956745148	36008	5.8368200836819994	
-262528.2304684828	134.85	10.0375	170.55	106.25	-5.291919513825321	478	97	210	18	360	219	62	8	91	59	0	0	1.0921351909637451	38320	578.4827308654785	36084	5.8350730688935215	
-325017.8739822481	135.8375	10.2625	172.8375	107.7125	-5.291919513825321	479	97	207	18	366	232	67	8	90	58	0	0	1.0087168216705322	38400	579.491447687149	36159	5.8359375	
-312526.84712119604	131.925	10.425	176.375	109.8375	-5.291919513825321	480	97	171	17	303	188	67	8	109	70	0	0	1.0484521389007568	38480	580.5398998260498	36235	5.834199584199581	
-287528.1431426989	133.8375	10.468354430379748	170.873417721519	106.92405063291139	-5.291919513825321	481	98	200	16.0	369.0	233.0	58	8.0	96.0	62.0	0	0	1.0150551795959473	38560	581.5549550056458	36310	5.835062240663902	
-250030.42978542508	132.9625	10.0125	164.55	102.6625	-5.291919513825321	482	98	164	16	358	219	58	8	90	58	0	0	1.0148968696594238	38640	582.5698518753052	36386	5.833333333333329	
-225028.43299718638	133.475	10.1125	166.825	103.9125	-5.291919513825321	483	98	195	14	301	184	58	8	82	53	0	0	1.059302806854248	38720	583.6291546821594	36462	5.831611570247929	
-287516.13896114455	133.0125	10.253164556962025	177.31645569620252	110.40506329113924	-5.291919513825321	484	99	217	15.0	327.0	204.0	59	8.0	95.0	61.0	0	0	1.0613582134246826	38800	584.6905128955841	36536	5.835051546391753	
-312532.51415803964	135.2375	9.9875	165.3375	103.3875	-5.291919513825321	485	99	189	15	398	253	55	8	80	52	0	0	1.0757789611816406	38880	585.7662918567657	36612	5.833333333333329	
-325030.189509008	135.7875	10.175	168.325	105.05	-5.291919513825321	486	99	198	15	318	197	74	8	90	58	0	0	1.049678087234497	38960	586.8159699440002	36688	5.831622176591381	
-337525.8101230268	135.7	9.9875	166.1875	103.3625	-5.291919513825321	487	99	207	14	283	177	65	8	82	53	0	0	1.0345499515533447	39040	587.8505198955536	36764	5.829918032786878	
-225029.67169708828	136.1875	9.962025316455696	176.31645569620252	109.26582278481013	-5.291919513825321	488	100	223	15.0	459.0	275.0	49	8.0	82.0	53.0	0	0	1.1301510334014893	39120	588.9806709289551	36839	5.830777096114517	
-237519.41362129495	133.0	9.6625	155.4125	97.15	-5.291919513825321	489	100	200	12	273	171	51	8	91	59	0	0	1.0268769264221191	39200	590.0075478553772	36915	5.829081632653072	
-300026.34942789795	135.8375	10.0	160.425	100.3625	-5.290250142165083	490	100	211	15	308	188	55	8	79	51	0	0	1.025864839553833	39280	591.033412694931	36990	5.829938900203672	
-262522.9291527817	133.75	10.08860759493671	166.2405063291139	103.83544303797468	-5.290250142165083	491	101	183	15.0	383.0	240.0	42	7.0	82.0	53.0	0	0	0.9985322952270508	39360	592.0319449901581	37064	5.833333333333329	
-187533.11790288077	135.9375	9.775	159.0625	99.3	-5.290250142165083	492	101	178	16	311	195	76	7	82	53	0	0	0.9581387042999268	39440	592.990083694458	37138	5.836713995943214	
-312524.0300089738	137.2375	10.325	165.875	103.775	-5.290250142165083	493	101	180	19	280	173	92	8	95	61	0	0	1.0628721714019775	39520	594.05295586586	37214	5.835020242914979	
-287528.6157003187	137.725	10.4625	170.3	106.475	-5.290250142165083	494	101	188	16	380	230	84	8	90	58	0	0	1.078922986984253	39600	595.1318788528442	37290	5.833333333333329	
-237539.43094832404	138.2875	9.9875	162.875	101.75	-5.290250142165083	495	101	200	15	352	219	76	8	90	58	0	0	0.9957671165466309	39680	596.1276459693909	37366	5.831653225806448	
-237530.75411082106	135.8875	10.125	165.9625	103.625	-5.290250142165083	496	101	195	16	324	203	76	8	96	62	0	0	0.987785816192627	39760	597.1154317855835	37441	5.83249496981891	
-362522.9123191801	133.075	10.164556962025317	164.27848101265823	102.59493670886076	-5.290250142165083	497	102	194	15.0	459.0	275.0	19	8.0	80.0	52.0	0	0	1.0190269947052002	39840	598.1344587802887	37516	5.833333333333329	
-300028.32630039286	135.2	10.177215189873417	164.31645569620252	102.58227848101266	-5.290250142165083	498	103	226	16.0	289.0	178.0	46	8.0	94.0	61.0	0	0	1.0494639873504639	39920	599.1839227676392	37591	5.834168336673358	
-387526.7372463278	132.225	10.4625	169.2	105.6375	-5.290250142165083	499	103	203	16	284	184	67	8	83	54	0	0	1.0650930404663086	40000	600.2490158081055	37667	5.832499999999996	
-250037.99465210846	137.05	10.35	176.0625	109.9375	-5.290250142165083	500	103	237	15	459	275	78	7	82	53	0	0	1.0629432201385498	40080	601.311959028244	37741	5.835828343313381	
-350028.2465411592	136.625	10.620253164556962	179.63291139240508	112.11392405063292	-5.290250142165083	501	104	218	19.0	337.0	210.0	37	8.0	90.0	58.0	0	0	1.061128854751587	40160	602.3730878829956	37816	5.836653386454188	
-475020.260245662	134.9625	10.683544303797468	174.26582278481013	109.07594936708861	-5.290250142165083	502	105	218	16.0	358.0	218.0	73	8.0	90.0	58.0	0	0	1.0435490608215332	40240	603.4166369438171	37891	5.837475149105359	
-425033.5481638615	137.0375	10.55	171.8125	107.5125	-5.290250142165083	503	105	186	17	356	218	73	8	87	56	0	0	1.0610899925231934	40320	604.4777269363403	37966	5.838293650793645	
-350032.6628318019	136.9625	9.925	162.475	101.625	-5.290250142165083	504	105	211	15	308	190	73	8	90	58	0	0	1.0222668647766113	40400	605.499993801117	38042	5.836633663366342	
-287526.7060723477	136.9875	10.1625	167.1	104.375	-5.290250142165083	505	105	176	14	298	188	96	8	90	58	0	0	1.009695053100586	40480	606.5096888542175	38118	5.834980237154156	
-300019.55987239524	135.1375	10.4	170.025	106.35	-5.290250142165083	506	105	186	16	281	175	76	8	90	58	0	0	1.1236882209777832	40560	607.6333770751953	38194	5.833333333333329	
-350024.64897668513	139.35	9.9	155.425	97.2875	-5.290250142165083	507	105	234	14	223	139	71	8	90	58	0	0	1.0135469436645508	40640	608.6469240188599	38270	5.831692913385822	
-362517.67977179895	135.975	10.2	166.2125	104.1	-5.290250142165083	508	105	234	16	310	196	76	8	87	56	0	0	1.002680778503418	40720	609.6496047973633	38346	5.830058939096276	
-350036.72973070934	133.875	10.050632911392405	162.16455696202533	101.15189873417721	-5.290250142165083	509	106	261	14.0	280.0	170.0	17	8.0	90.0	58.0	0	0	0.9965019226074219	40800	610.6461067199707	38420	5.833333333333329	
-212538.22889089334	132.525	10.325	170.8375	106.875	-5.290250142165083	510	106	177	17	338	203	67	8	90	58	0	0	1.125460147857666	40880	611.7715668678284	38495	5.834148727984342	
-262534.9021429474	135.9	10.6	176.9625	110.6125	-5.290250142165083	511	106	187	17	338	203	62	8	82	53	0	0	1.102161169052124	40960	612.8737280368805	38571	5.83251953125	
-450018.3247997056	131.05	10.3875	170.575	106.8	-5.290250142165083	512	106	190	17	372	225	56	8	87	56	0	0	1.0991716384887695	41040	613.9728996753693	38647	5.830896686159846	
-300019.90358886914	124.025	10.227848101265822	172.1012658227848	107.60759493670886	-5.290250142165083	513	107	187	15.0	301.0	182.0	26	8.0	90.0	58.0	0	0	1.04416823387146	41120	615.0170679092407	38720	5.836575875486389	
-250034.3520325509	128.125	10.205128205128204	174.87179487179486	108.65384615384616	-5.290250142165083	514	109	207	15.0	301.0	182.0	6	8.0	90.0	58.0	0	0	1.0448319911956787	41200	616.0618999004364	38794	5.8398058252427205	
-362524.4163405328	133.0625	10.325	169.3125	106.05	-5.290250142165083	515	109	211	21	501	303	61	8	90	58	0	0	1.024155855178833	41280	617.0860557556152	38869	5.840600775193792	
-287525.45262443164	135.2625	10.25	166.0875	103.8125	-5.290250142165083	516	109	208	16	306	193	64	8	90	58	0	0	1.031529188156128	41360	618.1175849437714	38944	5.841392649903284	
-325048.04990588466	141.0625	10.582278481012658	169.9620253164557	106.67088607594937	-5.290250142165083	517	110	274	17.0	329.0	208.0	70	8.0	90.0	58.0	0	0	1.0685689449310303	41440	619.1861538887024	39019	5.842181467181462	
-250039.50536273327	149.475	10.1625	161.05	101.05	-5.290250142165083	518	110	274	16	310	193	75	8	90	58	0	0	1.0334019660949707	41520	620.2195558547974	39093	5.845375722543352	
-250045.1453632283	144.1	10.325	170.6125	106.525	-5.290250142165083	519	110	247	16	310	190	59	8	85	55	0	0	1.083770990371704	41600	621.3033268451691	39169	5.84375	
-262531.263416819	142.1375	10.425	176.3125	110.175	-5.290250142165083	520	110	228	18	321	205	44	8	90	58	0	0	1.1151409149169922	41680	622.4184677600861	39244	5.844529750479836	
-350034.91760978213	137.4625	10.126582278481013	157.58227848101265	98.82278481012658	-5.290250142165083	521	111	208	16.0	284.0	184.0	59	8.0	84.0	54.0	0	0	1.010768175125122	41760	623.4292359352112	39319	5.845306513409966	
-375023.2310133298	139.275	10.3	162.575	101.9625	-5.290250142165083	522	111	208	16	285	173	65	8	90	58	0	0	1.0296809673309326	41840	624.4589169025421	39394	5.84608030592733	
-312543.1936767834	135.3125	9.9625	155.1875	97.325	-5.290250142165083	523	111	216	16	280	170	51	8	90	58	0	0	1.0073189735412598	41920	625.4662358760834	39469	5.846851145038173	
-275036.26791352686	135.0	9.9125	167.0375	104.3	-5.290250142165083	524	111	209	17	280	170	63	8	90	58	0	0	1.0486252307891846	42000	626.5148611068726	39544	5.847619047619048	
-287531.17768546025	129.275	10.265822784810126	176.50632911392404	109.72151898734177	-5.290250142165083	525	112	192	15.0	453.0	271.0	15	8.0	90.0	58.0	0	0	1.1244049072265625	42080	627.6392660140991	39619	5.848384030418259	
-300026.83875390503	136.2875	10.1625	167.3375	104.4	-5.290250142165083	526	112	198	16	318	201	53	8	87	56	0	0	1.084012746810913	42160	628.72327876091	39695	5.846774193548384	
-262534.8515050112	138.95	9.95	168.0	104.5	-5.290250142165083	527	112	187	14	253	157	74	8	90	58	0	0	1.014035940170288	42240	629.7373147010803	39769	5.849905303030297	
-312536.0464612029	138.1375	10.1125	167.275	104.275	-5.290250142165083	528	112	195	14	280	173	85	8	87	56	0	0	1.0343151092529297	42320	630.7716298103333	39844	5.850661625708881	
-300030.5796767223	136.1375	10.15	171.625	107.1375	-5.290250142165083	529	112	201	16	358	227	54	8	87	56	0	0	1.0688529014587402	42400	631.840482711792	39919	5.851415094339615	
-362527.0166104141	135.275	10.5625	175.65	109.8125	-5.290250142165083	530	112	201	15	312	191	85	8	92	59	0	0	1.0491623878479004	42480	632.8896450996399	39995	5.849811676082865	
-250030.34723991327	135.8125	9.974683544303797	166.36708860759492	103.72151898734177	-5.290250142165083	531	113	222	14.0	459.0	275.0	50	8.0	90.0	58.0	0	0	1.0028936862945557	42560	633.8925387859344	40070	5.850563909774436	
-200031.39339096934	136.9	10.3875	176.775	110.5	-5.290250142165083	532	113	176	17	399	258	96	8	93	60	0	0	1.020848274230957	42640	634.9133870601654	40145	5.851313320825511	
-312531.0342938715	136.25	10.291139240506329	172.48101265822785	107.18987341772151	-5.290250142165083	533	114	198	16.0	300.0	188.0	74	8.0	95.0	61.0	0	0	1.0395116806030273	42720	635.9528987407684	40219	5.854400749063672	
-312531.0013891862	136.0	10.354430379746836	169.69620253164558	105.87341772151899	-5.290250142165083	534	115	218	16.0	280.0	174.0	54	8.0	90.0	58.0	0	0	1.000561237335205	42800	636.9534599781036	40293	5.857476635514018	
-275027.5749267039	137.9125	10.4	170.0	106.2875	-5.290250142165083	535	115	218	15	346	214	57	8	93	60	0	0	1.030256748199463	42880	637.9837167263031	40369	5.8558768656716325	
-300022.53254206455	136.475	10.2375	170.5125	106.35	-5.290250142165083	536	115	215	16	306	195	85	8	90	58	0	0	1.043018102645874	42960	639.026734828949	40445	5.85428305400373	
-287524.88279997214	140.9125	10.25	168.35	104.7875	-5.290250142165083	537	115	223	16	371	223	91	8	90	58	0	0	1.0468380451202393	43040	640.0735728740692	40521	5.852695167286242	
-300018.1847799323	136.825	10.1625	170.7	106.25	-5.290250142165083	538	115	223	16	459	275	87	8	90	58	0	0	1.09352707862854	43120	641.1670999526978	40597	5.851113172541744	
-200020.85051777028	131.5	10.4375	173.4125	108.0125	-5.290250142165083	539	115	196	18	293	183	76	8	93	60	0	0	1.0900788307189941	43200	642.2571787834167	40673	5.849537037037038	
-325026.83247221855	130.5625	9.9375	167.35	104.2625	-5.290250142165083	540	115	171	14	345	211	56	8	90	58	0	0	1.0746402740478516	43280	643.3318190574646	40748	5.850277264325314	
-362529.98726248706	133.5	10.3375	165.05	103.15	-5.290250142165083	541	115	220	16	258	156	52	8	87	56	0	0	1.0625510215759277	43360	644.3943700790405	40823	5.851014760147592	
-262542.8354987857	137.9875	10.151898734177216	164.1012658227848	102.81012658227849	-5.290250142165083	542	116	190	15.0	313.0	192.0	103	8.0	90.0	58.0	0	0	1.0626647472381592	43440	645.4570348262787	40898	5.8517495395948345	
-225031.260578138	136.8625	10.39240506329114	167.45569620253164	104.79746835443038	-5.290250142165083	543	117	208	15.0	285.0	173.0	64	8.0	86.0	56.0	0	0	1.0101640224456787	43520	646.4671988487244	40972	5.85477941176471	
-275024.5689645908	138.05	10.45	171.75	107.75	-5.290250142165083	544	117	203	16	481	301	69	8	90	58	0	0	1.0726289749145508	43600	647.5398278236389	41048	5.853211009174302	
-362525.82355499704	137.4625	10.15	172.0625	107.0375	-5.290250142165083	545	117	184	15	324	199	89	8	90	58	0	0	1.0652570724487305	43680	648.6050848960876	41124	5.85164835164835	
-412527.323574825	136.5	10.45	172.075	107.6375	-5.290250142165083	546	117	195	16	306	195	97	8	90	58	0	0	1.0461969375610352	43760	649.6512818336487	41199	5.852376599634368	
-312545.72177093115	133.6625	10.6125	172.55	108.4125	-5.290250142165083	547	117	185	16	280	172	51	8	90	58	0	0	1.0357310771942139	43840	650.6870129108429	41274	5.853102189781026	
-275024.3661782582	135.125	10.4875	167.75	104.8875	-5.290250142165083	548	117	221	17	324	197	51	8	90	58	0	0	1.0547161102294922	43920	651.7417290210724	41350	5.851548269581059	
-325026.3999479036	134.95	10.5625	174.9125	108.9875	-5.290250142165083	549	117	198	19	363	219	74	8	100	64	0	0	1.148324728012085	44000	652.8900537490845	41426	5.849999999999994	
-325023.7949847843	133.9	10.4	172.375	107.6625	-5.290250142165083	550	117	204	19	319	201	54	8	90	58	0	0	1.0520191192626953	44080	653.9420728683472	41502	5.848457350272227	
-287532.3024280026	134.675	10.1375	167.9125	104.5875	-5.290250142165083	551	117	209	16	306	187	63	8	90	58	0	0	1.035979986190796	44160	654.978052854538	41578	5.846920289855078	
-362528.5583923902	136.0	10.375	175.7625	109.3875	-5.290250142165083	552	117	204	16	459	275	68	8	90	58	0	0	1.1105890274047852	44240	656.0886418819427	41653	5.847649186256774	
-375020.7524164454	136.725	10.125	167.8125	104.6125	-5.290196452178244	553	117	184	15	323	198	88	8	87	56	0	0	1.0776500701904297	44320	657.1662919521332	41729	5.846119133574007	
-287523.88250229147	136.35	10.25	172.825	107.625	-5.290196452178244	554	117	184	16	307	186	102	8	90	58	0	0	1.0462608337402344	44400	658.2125527858734	41805	5.8445945945945965	
-312523.4668199348	136.15	10.164556962025317	174.21518987341773	108.45569620253164	-5.290196452178244	555	118	216	16.0	316.0	192.0	56	8.0	80.0	52.0	0	0	1.044093132019043	44480	659.2566459178925	41880	5.845323741007192	
-262532.3753778455	137.05	10.0875	165.3375	103.45	-5.290196452178244	556	118	186	15	325	206	95	8	87	56	0	0	1.0343139171600342	44560	660.2909598350525	41956	5.843806104129271	
-300034.09423960524	135.6	10.375	168.6125	105.3875	-5.290196452178244	557	118	178	16	280	170	94	8	92	59	0	0	1.024420976638794	44640	661.3153808116913	42032	5.842293906810042	
-387533.15832770884	136.175	10.291139240506329	167.8860759493671	105.34177215189874	-5.290196452178244	558	119	238	16.0	298.0	187.0	61	8.0	80.0	52.0	0	0	1.0381760597229004	44720	662.3535568714142	42107	5.8430232558139465	
-300032.435828717	142.2125	10.39240506329114	167.9367088607595	105.41772151898734	-5.290196452178244	559	120	215	16.0	303.0	185.0	54	8.0	87.0	56.0	0	0	1.0616519451141357	44800	663.4152088165283	42182	5.84375	
-300042.1786644809	140.7875	10.125	164.0625	102.6375	-5.290196452178244	560	120	182	16	300	188	85	8	87	56	0	0	1.03373122215271	44880	664.448940038681	42257	5.844474153297682	
-300035.22680207447	141.075	10.3125	171.675	107.525	-5.290196452178244	561	120	194	18	357	219	78	8	87	56	0	0	1.0840656757354736	44960	665.5330057144165	42333	5.842971530249102	
-337532.7082292268	143.75	9.85	158.95	99.7	-5.290196452178244	562	120	190	15	323	203	96	8	90	58	0	0	1.047037124633789	45040	666.5800428390503	42408	5.843694493783303	
-287530.0941194699	141.35	10.2625	171.025	106.95	-5.290196452178244	563	120	209	16	325	204	87	8	88	57	0	0	1.0752990245819092	45120	667.6553418636322	42482	5.846631205673759	
-200025.66824843897	140.725	10.215189873417721	164.26582278481013	102.51898734177215	-5.290196452178244	564	121	262	14.0	271.0	164.0	10	8.0	90.0	58.0	0	0	1.0232479572296143	45200	668.6785898208618	42557	5.847345132743371	
-275033.2919087949	138.45	10.4375	161.8875	101.325	-5.290196452178244	565	121	203	16	280	170	69	8	87	56	0	0	1.0161118507385254	45280	669.6947016716003	42631	5.850265017667837	
-225039.26829566216	136.3875	10.325	160.9375	100.9625	-5.290196452178244	566	121	224	15	325	196	48	8	90	58	0	0	1.0271360874176025	45360	670.721837759018	42707	5.848765432098773	
-287537.47881883517	136.15	10.2625	168.325	105.3875	-5.290196452178244	567	121	194	16	271	172	90	8	87	56	0	0	1.0482232570648193	45440	671.7700610160828	42783	5.84727112676056	
-250033.419666093	135.375	10.139240506329115	170.81012658227849	106.21518987341773	-5.290196452178244	568	122	198	16.0	281.0	175.0	74	8.0	90.0	58.0	0	0	1.0383679866790771	45520	672.8084290027618	42858	5.847978910369065	
-275033.7355263143	135.15	10.1375	167.6125	104.5375	-5.290196452178244	569	122	192	19	314	199	80	8	82	53	0	0	1.046799898147583	45600	673.8552289009094	42934	5.846491228070178	
-287526.5340095032	133.525	9.9875	162.4625	101.55	-5.290196452178244	570	122	188	16	251	158	105	8	90	58	0	0	1.056091070175171	45680	674.9113199710846	43010	5.845008756567424	
-362529.8819180758	135.3875	10.15	170.475	106.45	-5.290196452178244	571	122	207	16	327	207	64	8	82	53	0	0	1.0719540119171143	45760	675.9832739830017	43086	5.8435314685314665	
-237523.7070684772	134.5125	10.2875	178.7	111.025	-5.290196452178244	572	122	193	15	359	220	59	8	90	58	0	0	1.0689949989318848	45840	677.0522689819336	43161	5.844240837696333	
-262535.2246796589	138.55	9.8375	165.1375	102.9375	-5.290196452178244	573	122	200	15	229	141	72	8	87	56	0	0	1.035740852355957	45920	678.0880098342896	43236	5.844947735191639	
-250041.17257085032	135.2	10.25	171.3375	106.8	-5.290196452178244	574	122	198	15	330	201	74	8	90	58	0	0	1.061445951461792	46000	679.1494557857513	43312	5.84347826086956	
-337529.55761941744	133.925	10.1875	166.6625	104.075	-5.290196452178244	575	122	194	16	356	224	74	8	87	56	0	0	1.034358024597168	46080	680.1838138103485	43388	5.842013888888886	
-475021.8908125907	135.975	10.425	169.0375	105.8875	-5.290196452178244	576	122	206	21	335	213	66	8	90	58	0	0	1.0778560638427734	46160	681.2616698741913	43464	5.840554592720963	
-287531.67677532893	134.2625	10.2	175.9375	109.65	-5.290196452178244	577	122	184	17	300	188	40	8	90	58	0	0	1.0238010883331299	46240	682.2854709625244	43538	5.843425605536339	
-225032.21890195628	133.0125	10.2125	177.025	110.5	-5.290196452178244	578	122	197	15	280	174	68	8	90	58	0	0	1.062748908996582	46320	683.348219871521	43613	5.844127806563037	
-200036.21025756584	138.3125	10.2125	169.7625	105.7375	-5.290196452178244	579	122	219	16	369	226	53	8	87	56	0	0	1.0550880432128906	46400	684.4033079147339	43689	5.84267241379311	
-225038.19522911278	129.625	10.0	161.3625	100.8375	-5.290196452178244	580	122	204	15	293	183	61	8	90	58	0	0	1.030930995941162	46480	685.434238910675	43765	5.841222030981058	
-287542.74715692515	131.175	9.9375	158.7875	99.0125	-5.2019705234719735	581	122	175	14	280	170	85	8	91	59	0	0	1.044050931930542	46560	686.4782898426056	43841	5.839776632302403	
-300028.29127366963	130.2625	10.075	158.425	99.1625	-5.2019705234719735	582	122	190	14	277	172	61	8	88	57	0	0	1.0614268779754639	46640	687.539716720581	43917	5.838336192109779	
-150059.91647020145	132.175	9.9875	164.7	102.7375	-5.2019705234719735	583	122	197	17	359	225	75	8	88	57	0	0	1.0496420860290527	46720	688.5893588066101	43992	5.839041095890408	
-187533.80137577208	135.775	10.1625	162.575	101.325	-5.2019705234719735	584	122	208	15	318	196	64	8	90	58	0	0	1.0962820053100586	46800	689.6856408119202	44068	5.837606837606842	
-337525.92195275944	135.95	10.0625	160.525	100.275	-5.2019705234719735	585	122	173	16	284	181	99	8	85	55	0	0	1.0643291473388672	46880	690.749969959259	44144	5.8361774744027315	
-212531.77450761298	135.9125	10.275	170.525	106.35	-5.2019705234719735	586	122	188	15	307	194	84	8	90	58	0	0	1.042348861694336	46960	691.7923188209534	44219	5.836882453151617	
-237525.00867857132	135.225	9.9625	164.0375	102.1875	-5.1963707235514525	587	122	180	16	307	194	84	8	87	56	0	0	1.1279871463775635	47040	692.9203059673309	44294	5.8375850340136	
-300029.6360906433	135.9875	10.1	165.5875	103.275	-5.1963707235514525	588	122	220	16	298	182	52	8	87	56	0	0	1.0353960990905762	47120	693.9557020664215	44370	5.836162988115447	
-312532.2815316995	134.525	9.975	165.8125	103.425	-5.1963707235514525	589	122	212	17	321	195	60	8	95	61	0	0	1.0745158195495605	47200	695.0302178859711	44446	5.8347457627118615	
-300025.9797734359	136.175	9.975	168.75	104.8125	-5.1963707235514525	590	122	217	14	299	181	55	8	87	56	0	0	1.0898849964141846	47280	696.1201028823853	44522	5.833333333333329	
-300025.92356753873	139.95	10.1125	163.475	102.1875	-5.1963707235514525	591	122	227	14	271	164	60	8	90	58	0	0	1.0474720001220703	47360	697.1675748825073	44597	5.834037162162161	
-300034.3144489508	137.975	9.8625	157.0375	98.2625	-5.1963707235514525	592	122	174	15	251	153	106	8	90	58	0	0	1.0121910572052002	47440	698.1797659397125	44673	5.832630691399672	
-375036.9274317642	138.0125	9.625	154.0625	96.425	-5.1963707235514525	593	122	175	13	260	161	97	8	90	58	0	0	1.0269031524658203	47520	699.2066690921783	44749	5.831228956228955	
-275031.3514408873	138.175	9.6375	155.175	97.2375	-5.196347610005377	594	122	205	13	246	155	67	8	87	56	0	0	1.030505895614624	47600	700.237174987793	44825	5.829831932773118	
-287525.86794404406	135.95	10.0875	159.2625	99.5	-5.196347610005377	595	122	184	13	252	157	88	8	90	58	0	0	1.0236718654632568	47680	701.2608468532562	44899	5.8326342281879135	
-325023.9584571988	136.15	9.875	158.475	99.0625	-5.196347610005377	596	122	209	13	297	184	63	8	82	53	0	0	1.0431909561157227	47760	702.304037809372	44975	5.83123953098827	
-350022.7811030444	135.7875	9.9125	161.1125	100.4625	-5.196347610005377	597	122	222	13	358	219	50	8	95	61	0	0	1.0569090843200684	47840	703.360946893692	45051	5.829849498327761	
-325034.333345081	137.8375	9.9625	163.1375	101.625	-5.196347610005377	598	122	222	15	321	195	79	8	87	56	0	0	1.0432698726654053	47920	704.4042167663574	45126	5.830550918196991	
-362544.3439348357	140.0875	10.0	156.8125	98.125	-5.196347610005377	599	122	222	18	280	170	58	8	87	56	0	0	1.0436460971832275	48000	705.4478628635406	45202	5.829166666666666	
-325033.94844199007	140.2	9.8125	158.0625	98.7625	-5.196347610005377	600	122	216	14	280	170	92	8	87	56	0	0	1.0092110633850098	48080	706.4570739269257	45277	5.829866888519135	
-375032.4137022848	142.2875	10.025	158.725	99.3125	-5.196347610005377	601	122	216	14	280	170	81	8	90	58	0	0	1.0189878940582275	48160	707.4760618209839	45352	5.830564784053166	
-387527.9392169878	136.2	10.0625	160.5	100.1375	-5.196347610005377	602	122	204	14	266	161	68	8	90	58	0	0	1.044025182723999	48240	708.5200870037079	45428	5.829187396351571	
-237546.0941554907	137.5	9.925	162.2	101.05	-5.196347610005377	603	122	201	14	292	178	71	8	90	58	0	0	1.0427930355072021	48320	709.5628800392151	45503	5.829884105960275	
-350034.8149862963	137.4625	10.2	167.975	104.6625	-5.196347610005377	604	122	187	15	358	219	85	8	82	53	0	0	1.0928268432617188	48400	710.6557068824768	45579	5.828512396694222	
-262527.27415905875	138.8875	9.925	163.9625	101.9375	-5.196347610005377	605	122	214	14	301	185	58	8	87	56	0	0	1.0574288368225098	48480	711.7131357192993	45655	5.827145214521451	
-387530.69426077587	136.6125	10.025316455696203	154.9367088607595	97.17721518987342	-5.196347610005377	606	123	229	14.0	273.0	170.0	42	8.0	90.0	58.0	0	0	1.038304090499878	48560	712.7514398097992	45730	5.827841845140043	
-362529.8750442978	139.2375	9.775	157.425	98.2	-5.196347610005377	607	123	230	13	228	140	42	8	95	61	0	0	1.0202999114990234	48640	713.7717397212982	45806	5.82648026315789	
-225026.983991937	140.625	10.0125	162.2875	101.05	-5.196347610005377	608	123	230	15	253	159	80	8	90	58	0	0	1.0255391597747803	48720	714.797278881073	45881	5.827175697865357	
-362537.1425474178	136.8625	9.875	159.15	99.4375	-5.196347610005377	609	123	230	14	279	171	73	8	90	58	0	0	1.0176279544830322	48800	715.814906835556	45957	5.825819672131146	
-325032.34174789244	135.9	10.15	164.4875	102.775	-5.196347610005377	610	123	195	15	272	165	77	8	99	64	0	0	1.028846025466919	48880	716.843752861023	46032	5.826513911620296	
-350026.56578269834	138.925	10.125	167.8875	104.6	-5.196347610005377	611	123	218	14	275	170	94	8	91	59	0	0	1.0409390926361084	48960	717.8846919536591	46107	5.827205882352942	
-300039.8013634322	136.25	10.0	159.3875	99.4875	-5.196347610005377	612	123	212	13	228	140	60	8	96	62	0	0	1.0561788082122803	49040	718.9408707618713	46183	5.825856443719417	
-250058.83462168864	135.9375	9.95	157.3	98.0625	-5.196347610005377	613	123	197	17	256	161	75	8	90	58	0	0	0.9906041622161865	49120	719.9314749240875	46258	5.826547231270368	
-337519.0464772511	135.125	9.85	159.6	99.625	-5.196347610005377	614	123	193	17	367	228	79	8	88	57	0	0	1.0077989101409912	49200	720.9392738342285	46333	5.827235772357724	
-300044.04039246234	133.475	9.962025316455696	159.56962025316454	99.9746835443038	-5.196347610005377	615	124	192	14.0	285.0	173.0	45	8.0	87.0	56.0	0	0	1.0082461833953857	49280	721.9475200176239	46407	5.829951298701303	
-337532.1988241245	135.525	9.7375	150.9625	94.4375	-5.196347610005377	616	124	209	13	248	152	63	8	90	58	0	0	1.0163629055023193	49360	722.9638829231262	46482	5.830632090761753	
-375031.518137184	136.1	9.825	156.5375	97.8875	-5.196347610005377	617	124	194	17	298	188	78	8	87	56	0	0	1.0398108959197998	49440	724.003693819046	46558	5.829288025889966	
-300031.2035055036	135.825	9.7625	157.425	98.2625	-5.196347610005377	618	124	196	14	248	157	85	8	87	56	0	0	1.0264701843261719	49520	725.0301640033722	46634	5.827948303715672	
-287535.3443994763	140.8125	10.0	162.8375	101.6125	-5.196347610005377	619	124	196	13	256	158	108	8	90	58	0	0	1.022454023361206	49600	726.0526180267334	46710	5.826612903225808	
-262527.6265138042	137.2875	9.7625	158.4875	98.725	-5.196347610005377	620	124	200	13	228	140	72	8	97	63	0	0	1.0153417587280273	49680	727.0679597854614	46785	5.8272946859903385	
-362528.6890479134	132.8625	9.975	158.8	99.3375	-5.196347610005377	621	124	194	14	256	161	72	8	95	61	0	0	1.046267032623291	49760	728.1142268180847	46861	5.825964630225073	
-337531.3908382889	137.6375	9.8625	158.275	98.8375	-5.196347610005377	622	124	226	13	236	146	72	8	90	58	0	0	1.031855821609497	49840	729.1460826396942	46937	5.824638844301759	
-312536.0900445646	139.1125	9.95	161.35	100.8125	-5.196347610005377	623	124	196	15	266	161	79	8	87	56	0	0	1.0432612895965576	49920	730.1893439292908	47013	5.823317307692307	
-312545.50059016247	137.675	9.9	159.2	99.3375	-5.196347610005377	624	124	204	12	253	156	67	8	88	57	0	0	1.0322041511535645	50000	731.2215480804443	47089	5.822000000000003	
-225043.06779964827	137.525	9.962025316455696	164.63291139240508	102.77215189873418	-5.196347610005377	625	125	206	13.0	292.0	181.0	66	8.0	87.0	56.0	0	0	1.0475966930389404	50080	732.2691447734833	47164	5.822683706070279	
-262537.09038257407	138.675	9.8875	158.35	99.025	-5.196347610005377	626	125	225	15	267	165	47	8	87	56	0	0	1.0258440971374512	50160	733.2949888706207	47240	5.82137161084529	
-387534.1082043441	137.9125	9.87012987012987	156.55844155844156	97.97402597402598	-5.196347610005377	627	128	204	16.0	350.0	212.0	47	8.0	82.0	53.0	0	0	1.0040521621704102	50240	734.2990410327911	47313	5.826035031847127	
-387535.4456401787	138.825	9.775	158.0	98.8125	-5.196347610005377	628	128	182	13	352	219	107	8	90	58	0	0	1.0363919734954834	50320	735.3354330062866	47389	5.824721780604136	
-250038.84785378035	136.775	9.974683544303797	161.0759493670886	100.9493670886076	-5.196347610005377	629	129	201	14.0	270.0	175.0	71	8.0	90.0	58.0	0	0	1.0279197692871094	50400	736.3633527755737	47464	5.8253968253968225	
-262539.7384846624	140.9625	9.8	155.55	97.3	-5.196347610005377	630	129	189	13	223	139	83	8	87	56	0	0	1.011247158050537	50480	737.3745999336243	47539	5.826069730586369	
-375017.9775878789	139.0625	9.975	158.225	99.125	-5.196347610005377	631	129	226	14	266	161	57	8	90	58	0	0	1.034627914428711	50560	738.409227848053	47615	5.82476265822784	
-300035.1101287818	137.4	9.925	167.05	103.9875	-5.196347610005377	632	129	262	13	253	156	63	8	87	56	0	0	1.0469810962677002	50640	739.4562089443207	47691	5.823459715639814	
-275031.55541531806	135.9875	9.875	161.7625	100.875	-5.196347610005377	633	129	189	13	249	154	86	8	90	58	0	0	1.0220568180084229	50720	740.4782657623291	47766	5.824132492113563	
-312535.7660454034	136.0	9.875	156.9875	98.2125	-5.196347610005377	634	129	194	15	295	180	78	8	88	57	0	0	1.1129992008209229	50800	741.59126496315	47842	5.822834645669289	
-237549.42205850393	136.8875	9.9	157.05	98.45	-5.196347610005377	635	129	213	13	246	155	73	8	87	56	0	0	1.0199658870697021	50880	742.6112308502197	47917	5.823506289308185	
-337528.3506159769	136.45	9.7375	154.075	96.4375	-5.196347610005377	636	129	218	13	262	160	54	8	87	56	0	0	0.996190071105957	50960	743.6074209213257	47993	5.82221350078494	
-287532.98660068464	134.675	9.886075949367088	162.81012658227849	101.79746835443038	-5.196347610005377	637	130	231	13.0	288.0	177.0	67	8.0	87.0	56.0	0	0	1.007025957107544	51040	744.6144468784332	48068	5.822884012539191	
-275047.82199164573	134.625	9.8375	157.9625	98.675	-5.196347610005377	638	130	215	13	270	165	57	8	90	58	0	0	1.0070230960845947	51120	745.6214699745178	48143	5.823552425665099	
-362544.52097251656	134.0	9.8125	155.05	97.0125	-5.196347610005377	639	130	202	13	306	193	57	8	90	58	0	0	1.0350630283355713	51200	746.6565330028534	48218	5.82421875	
-300038.5966908985	137.25	9.6	149.9375	93.85	-5.196347610005377	640	130	214	14	348	214	58	8	87	56	0	0	1.027850866317749	51280	747.6843838691711	48293	5.824882995319811	
-287535.4599794534	138.575	9.675	154.2875	96.45	-5.19629220944782	641	130	200	12	228	140	102	8	87	56	0	0	0.9995059967041016	51360	748.6838898658752	48368	5.82554517133957	
-225038.4887488816	140.1875	9.5875	148.575	93.0625	-5.19629220944782	642	130	250	12	230	143	83	8	87	56	0	0	1.000549077987671	51440	749.6844389438629	48444	5.824261275272164	
-250037.48411254995	131.8	9.8875	154.3375	96.7125	-5.19629220944782	643	130	185	14	250	157	84	8	80	52	0	0	1.0000898838043213	51520	750.6845288276672	48519	5.824922360248451	
-275027.96839202754	134.6875	9.925	156.6	97.7625	-5.19629220944782	644	130	211	15	258	156	61	8	82	53	0	0	1.0278151035308838	51600	751.7123439311981	48594	5.825581395348834	
-275041.8208652813	137.2375	9.6875	153.4875	96.025	-5.19629220944782	645	130	197	14	232	150	75	8	90	58	0	0	1.0013699531555176	51680	752.7137138843536	48669	5.826238390092868	
-400023.76041639235	136.4125	9.95	163.575	102.1875	-5.19629220944782	646	130	173	17	271	173	99	8	87	56	0	0	1.0437099933624268	51760	753.7574238777161	48745	5.824961360123652	
-337551.54677257716	136.8375	10.05	162.7875	101.9625	-5.19629220944782	647	130	183	15	250	157	89	8	87	56	0	0	1.0650999546051025	51840	754.8225238323212	48821	5.8236882716049365	
-412518.86251638975	134.825	10.225	160.3375	100.4875	-5.19629220944782	648	130	206	14	251	156	66	8	90	58	0	0	1.052612066268921	51920	755.8751358985901	48897	5.822419106317412	
-262548.4485448345	131.7375	9.6	154.625	96.5875	-5.19629220944782	649	130	182	12	270	168	66	8	82	53	0	0	1.0155761241912842	52000	756.8907120227814	48971	5.825000000000003	
-337539.8308000738	138.175	9.85	153.5125	96.2125	-5.19629220944782	650	130	186	13	228	140	95	8	87	56	0	0	1.0174767971038818	52080	757.9081888198853	49046	5.825652841781874	
-362516.59722514165	137.55	9.7	154.7875	96.95	-5.19629220944782	651	130	177	14	361	218	96	8	82	53	0	0	1.0042150020599365	52160	758.9124038219452	49121	5.826303680981596	
-337526.0048120298	137.7	9.725	157.775	98.675	-5.19629220944782	652	130	202	12	231	143	66	8	90	58	0	0	1.0532200336456299	52240	759.9656238555908	49197	5.825038284839195	
-362531.492352616	140.4	9.8125	158.6875	99.3375	-5.19629220944782	653	130	240	14	313	190	64	8	87	56	0	0	1.0748991966247559	52320	761.0405230522156	49273	5.823776758409778	
-350037.1862938743	139.2	9.9125	164.8625	102.775	-5.196274150238143	654	130	188	14	337	204	64	8	82	53	0	0	1.065546989440918	52400	762.1060700416565	49348	5.824427480916029	
-212537.40243913032	140.0125	9.8375	166.8875	103.9	-5.196274150238143	655	130	188	13	277	173	96	8	82	53	0	0	1.0701708793640137	52480	763.1762409210205	49423	5.825076219512198	
-300028.8728939824	143.1375	9.8125	164.1	102.15	-5.196274150238143	656	130	242	12	313	190	68	8	93	60	0	0	1.0865869522094727	52560	764.26282787323	49499	5.8238203957381955	
-250034.3671935224	138.4625	9.775	161.6125	100.6375	-5.196274150238143	657	130	195	14	317	196	77	7	90	58	0	0	0.8854517936706543	52640	765.1482796669006	49575	5.82256838905775	
-312523.72049949656	138.0	9.6	152.3	95.0875	-5.196274150238143	658	130	227	12	247	155	45	8	87	56	0	0	0.880986213684082	52720	766.0292658805847	49651	5.821320182094084	
-212541.9490552473	134.575	9.6125	155.2875	96.975	-5.196274150238143	659	130	198	12	278	169	74	8	87	56	0	0	0.895064115524292	52800	766.924329996109	49727	5.820075757575765	
-350040.0166445643	136.4625	9.8125	160.4125	100.15	-5.196274150238143	660	130	175	15	459	275	93	8	82	53	0	0	0.8954837322235107	52880	767.8198137283325	49801	5.822617246596067	
-337531.4580297234	136.05	9.6875	151.1125	94.8875	-5.196274150238143	661	130	189	15	261	161	47	8	90	58	0	0	0.8906261920928955	52960	768.7104399204254	49877	5.821374622356487	
-287526.0163285696	137.275	9.7625	162.5625	101.3125	-5.196274150238143	662	130	200	13	373	225	93	8	90	58	0	0	0.9378979206085205	53040	769.6483378410339	49953	5.82013574660634	
-250021.23915932234	139.95	9.925	159.475	99.5625	-5.196274150238143	663	130	210	16	228	140	71	8	90	58	0	0	0.9051158428192139	53120	770.5534536838531	50029	5.8189006024096415	
-250034.06200392343	136.2375	9.8	157.05	98.125	-5.196274150238143	664	130	209	14	293	182	63	8	82	53	0	0	0.9009521007537842	53200	771.4544057846069	50105	5.817669172932327	
-300031.16960440396	136.525	9.75	155.625	97.3625	-5.196274150238143	665	130	220	14	230	141	60	8	90	58	0	0	0.8793091773986816	53280	772.3337149620056	50181	5.816441441441441	
-300027.5201082345	139.0	9.6375	152.5	95.8	-5.196274150238143	666	130	220	13	247	155	64	8	90	58	0	0	0.8756239414215088	53360	773.2093389034271	50257	5.815217391304344	
-275029.5482555872	139.3625	9.8	154.1	96.475	-5.196274150238143	667	130	220	14	271	169	89	8	90	58	0	0	0.8894720077514648	53440	774.0988109111786	50333	5.813997005988028	
-337519.7381506011	137.6875	9.5125	149.7875	93.8625	-5.1962402318742456	668	130	220	13	240	147	76	8	82	53	0	0	0.8473269939422607	53520	774.9461379051208	50408	5.81464872944693	
-225035.24947941102	141.3375	9.6375	154.7125	96.7	-5.1962402318742456	669	130	237	12	232	142	35	8	90	58	0	0	0.8622219562530518	53600	775.8083598613739	50484	5.81343283582089	
-337535.46447692614	138.8875	9.75	157.325	98.625	-5.1962402318742456	670	130	207	16	251	159	67	8	98	63	0	0	0.8748998641967773	53680	776.6832597255707	50560	5.812220566318928	
-300030.7636018937	137.65	9.6875	154.75	96.825	-5.1962402318742456	671	130	184	14	255	159	98	8	90	58	0	0	0.878007173538208	53760	777.5612668991089	50636	5.811011904761912	
-237534.09666038575	136.0125	9.860759493670885	162.32911392405063	100.9873417721519	-5.1962402318742456	672	131	204	13.0	259.0	162.0	68	8.0	100.0	64.0	0	0	0.8832688331604004	53840	778.4445357322693	50711	5.81166419019317	
-187547.3698954334	135.075	9.8875	164.5375	102.675	-5.1962402318742456	673	131	217	13	252	155	55	8	110	71	0	0	0.9340169429779053	53920	779.3785526752472	50787	5.8104599406528195	
-237527.34507495808	137.275	10.037974683544304	168.21518987341773	105.0886075949367	-5.1962402318742456	674	132	223	13.0	301.0	184.0	49	8.0	90.0	58.0	0	0	0.9110813140869141	54000	780.2896339893341	50862	5.811111111111117	
-312531.58019140136	135.5125	10.0	164.475	102.6875	-5.1962402318742456	675	132	182	14	263	159	103	8	82	53	0	0	0.8976678848266602	54080	781.1873018741608	50938	5.8099112426035475	
-225048.27620976552	135.1625	9.8125	162.0	101.2125	-5.1962402318742456	676	132	205	14	307	188	34	8	82	53	0	0	0.9019970893859863	54160	782.0892989635468	51013	5.810561299852296	
-325026.8673511393	134.5625	9.8	157.35	98.275	-5.1962402318742456	677	132	210	13	284	176	62	8	95	61	0	0	0.8734750747680664	54240	782.9627740383148	51088	5.811209439528014	
-212539.64742691498	135.575	9.860759493670885	163.8227848101266	102.0253164556962	-5.1962402318742456	678	133	204	13.0	327.0	201.0	68	8.0	104.0	67.0	0	0	0.9280929565429688	54320	783.8908669948578	51163	5.8118556701031	
-212538.23568035624	135.8625	9.9625	163.175	101.85	-5.1962402318742456	679	133	173	15	249	153	99	8	82	53	0	0	0.8977437019348145	54400	784.7886106967926	51239	5.810661764705884	
-262525.8578299416	135.5375	9.975	162.2625	101.2125	-5.1962402318742456	680	133	215	16	242	147	57	8	82	53	0	0	0.901515007019043	54480	785.6901257038116	51315	5.809471365638757	
-250029.6752093393	133.975	10.0625	162.2125	101.1375	-5.1962402318742456	681	133	181	15	249	153	80	8	90	58	0	0	0.9428551197052002	54560	786.6329808235168	51390	5.810117302052788	
-312527.2018902936	135.725	10.0	159.025	99.3375	-5.1962402318742456	682	133	181	14	228	140	91	8	79	51	0	0	0.9472191333770752	54640	787.5801999568939	51465	5.810761346998532	
-212535.51268547043	134.9	9.9625	165.425	103.0625	-5.1962402318742456	683	133	186	14	295	180	78	8	87	56	0	0	1.004133701324463	54720	788.5843336582184	51541	5.809576023391813	
-312522.5471937078	139.45	9.6875	154.5375	96.775	-5.1962402318742456	684	133	193	15	253	157	79	8	95	61	0	0	0.8892474174499512	54800	789.4735810756683	51616	5.810218978102185	
-350034.89173810405	136.3125	9.8375	154.325	96.7	-5.1962402318742456	685	133	233	12	251	156	54	8	95	61	0	0	0.8985927104949951	54880	790.3721737861633	51692	5.8090379008746424	
-300055.4941512554	135.3875	9.95	160.3125	100.3	-5.1962402318742456	686	133	200	14	315	192	96	8	87	56	0	0	0.8902010917663574	54960	791.2623748779297	51768	5.807860262008731	
-250038.86070709483	134.5625	9.9875	159.475	99.925	-5.1962402318742456	687	133	197	14	358	218	62	8	91	59	0	0	0.8982541561126709	55040	792.1606290340424	51844	5.806686046511629	
-275037.75359277043	129.525	9.924050632911392	157.31645569620252	98.56962025316456	-5.1962402318742456	688	134	197	16.0	270.0	168.0	30	8.0	95.0	61.0	0	0	0.8927040100097656	55120	793.0533330440521	51919	5.807329462989841	
-337526.36485899135	132.7375	9.974683544303797	159.9746835443038	100.16455696202532	-5.1962402318742456	689	135	203	17.0	284.0	173.0	6	8.0	85.0	55.0	0	0	0.874335765838623	55200	793.9276688098907	51994	5.80797101449275	
-262538.2535425196	134.875	9.7625	154.325	96.6375	-5.1962402318742456	690	135	202	14	271	164	61	8	82	53	0	0	0.8876230716705322	55280	794.8152918815613	52070	5.806801736613593	
-187547.66597038883	135.7625	9.75	157.4375	98.3875	-5.1962402318742456	691	135	211	12	264	161	61	8	90	58	0	0	0.8897688388824463	55360	795.7050607204437	52145	5.807442196531781	
-300029.7993334787	134.6	9.6875	158.725	99.1125	-5.1962402318742456	692	135	197	12	264	161	75	8	87	56	0	0	0.911998987197876	55440	796.6170597076416	52221	5.806277056277054	
-300040.15177690674	136.2875	10.20253164556962	166.7594936708861	104.0	-5.1962402318742456	693	136	213	14.0	266.0	161.0	40	8.0	112.0	72.0	0	0	0.8907871246337891	55520	797.5078468322754	52293	5.812319884726222	
-337547.0076691682	137.0875	9.9	156.8375	98.0875	-5.1962402318742456	694	136	238	13	228	143	59	8	96	62	0	0	0.8838260173797607	55600	798.3916728496552	52369	5.8111510791366925	
-275033.357350925	135.5125	9.9	163.3625	101.8875	-5.1962402318742456	695	136	212	13	303	187	55	8	87	56	0	0	0.9052629470825195	55680	799.2969357967377	52444	5.811781609195393	
-300041.3829442659	132.4	9.9625	166.0375	103.725	-5.1962402318742456	696	136	254	14	383	235	25	8	107	69	0	0	0.9125070571899414	55760	800.2094428539276	52519	5.812410329985653	
-287543.12056292075	134.6	9.7625	156.8875	98.175	-5.1962402318742456	697	136	179	13	241	148	60	8	82	53	0	0	0.8842542171478271	55840	801.0936970710754	52595	5.811246418338115	
-225029.42516942968	135.125	9.79746835443038	159.9367088607595	99.70886075949367	-5.1962402318742456	698	137	218	13.0	241.0	148.0	47	8.0	90.0	58.0	0	0	0.8658030033111572	55920	801.9595000743866	52670	5.811874105865527	
-325030.177680967	137.1	9.7375	159.35	99.4875	-5.1962402318742456	699	137	195	14	254	155	60	8	90	58	0	0	0.9263207912445068	56000	802.8858208656311	52746	5.810714285714283	
-300029.65988995973	135.8375	9.822784810126583	155.86075949367088	97.53164556962025	-5.1962402318742456	700	138	200	14.0	225.0	140.0	72	8.0	90.0	58.0	0	0	0.8564720153808594	56080	803.742292881012	52821	5.811340941512128	
-200056.31404907428	137.55	9.65	155.0375	97.0375	-5.1962402318742456	701	138	171	12	223	138	107	8	82	53	0	0	0.8289878368377686	56160	804.5712807178497	52894	5.815527065527064	
-387524.2634388772	135.9	9.683544303797468	155.9367088607595	97.62025316455696	-5.1962402318742456	702	139	213	12.0	242.0	150.0	59	8.0	82.0	53.0	0	0	0.8566970825195312	56240	805.4279778003693	52969	5.8161450924608715	
-362527.4311119131	134.4875	9.835443037974683	155.55696202531647	97.56962025316456	-5.1962402318742456	703	140	201	15.0	239.0	150.0	17	8.0	85.0	55.0	0	0	0.8494670391082764	56320	806.2774448394775	53044	5.816761363636374	
-262537.32268691115	139.9875	9.7125	157.3	98.4375	-5.1962402318742456	704	140	204	13	228	141	68	8	95	61	0	0	0.8546411991119385	56400	807.1320860385895	53120	5.815602836879435	
-175037.92702778202	136.5875	9.7	162.5875	101.2375	-5.1962402318742456	705	140	204	12	228	141	83	8	95	61	0	0	0.8845658302307129	56480	808.0166518688202	53196	5.814447592067978	
-225026.97625381747	136.5375	9.9125	161.1875	100.5875	-5.1962402318742456	706	140	205	13	228	140	67	8	95	61	0	0	0.8711559772491455	56560	808.8878078460693	53272	5.81329561527582	
-237532.35296653188	136.5375	9.625	159.7875	99.6625	-5.1962402318742456	707	140	199	12	261	162	106	8	85	55	0	0	0.8757269382476807	56640	809.763534784317	53348	5.812146892655363	
-262534.53068179445	137.525	9.8375	159.55	99.5375	-5.1962402318742456	708	140	237	12	273	167	47	8	103	66	0	0	0.893887996673584	56720	810.6574227809906	53423	5.812764456981668	
-287523.25382468785	137.1875	9.9875	169.575	105.7125	-5.1962402318742456	709	140	237	14	305	185	55	8	90	58	0	0	0.8915350437164307	56800	811.548957824707	53498	5.813380281690144	
-250048.50136809394	138.075	9.8125	164.125	102.075	-5.1962402318742456	710	140	191	14	305	185	103	8	87	56	0	0	0.8884842395782471	56880	812.4374420642853	53574	5.812236286919841	
-200027.80968332352	141.0125	9.734177215189874	159.43037974683546	99.64556962025317	-5.1962402318742456	711	141	227	14.0	305.0	185.0	50	8.0	82.0	53.0	0	0	0.88820481300354	56960	813.3256468772888	53649	5.812851123595507	
-312536.3748293515	139.175	9.759493670886076	158.44303797468353	99.0	-5.1962402318742456	712	142	281	13.0	309.0	187.0	46	8.0	82.0	53.0	0	0	0.8602359294891357	57040	814.185882806778	53721	5.818723702664798	
-275029.16585302964	141.5875	9.822784810126583	156.29113924050634	97.9493670886076	-5.1962402318742456	713	143	235	18.0	305.0	185.0	56	8.0	82.0	53.0	0	0	0.8725121021270752	57120	815.058394908905	53796	5.819327731092443	
-337526.2864387934	139.35	9.8	156.5625	98.0375	-5.1962402318742456	714	143	236	16	372	227	91	8	82	53	0	0	0.8472070693969727	57200	815.905601978302	53870	5.82167832167832	
-287542.65605404973	138.375	9.79746835443038	153.8227848101266	96.24050632911393	-5.1962402318742456	715	144	204	13.0	246.0	154.0	68	8.0	87.0	56.0	0	0	0.8446218967437744	57280	816.7502238750458	53945	5.822276536312856	
-287523.3593470658	134.925	9.975	158.125	99.075	-5.1962402318742456	716	144	198	14	229	142	74	8	100	64	0	0	0.8762509822845459	57360	817.6264748573303	54020	5.822873082287302	
-225038.26361089415	136.8875	10.025316455696203	165.9620253164557	103.79746835443038	-5.1962402318742456	717	145	261	14.0	330.0	206.0	42	8.0	90.0	58.0	0	0	0.8977949619293213	57440	818.5242698192596	54095	5.823467966573816	
-300031.15979580965	139.025	10.0125	160.35	100.2875	-5.1962402318742456	718	145	261	13	261	163	74	8	87	56	0	0	0.8884131908416748	57520	819.4126830101013	54171	5.822322670375527	
-337536.5571294236	139.85	9.7125	160.3375	100.175	-5.1962402318742456	719	145	261	13	261	163	74	8	87	56	0	0	0.8443949222564697	57600	820.2570779323578	54245	5.8246527777777715	
-287548.5572080367	142.2625	10.075	162.5875	101.4125	-5.1962402318742456	720	145	321	14	255	160	81	8	96	62	0	0	0.8982317447662354	57680	821.155309677124	54321	5.82350901525659	
-325018.83316146984	139.1125	10.25	166.4875	103.9875	-5.1962402318742456	721	145	216	15	284	178	77	8	90	58	0	0	0.8850831985473633	57760	822.0403928756714	54397	5.82236842105263	
-262541.1895741637	137.0	10.1	164.95	103.0125	-5.1962402318742456	722	145	216	15	334	206	69	8	111	72	0	0	0.9120640754699707	57840	822.9524569511414	54473	5.821230982019358	
-275043.5004695219	134.3875	10.0875	165.2375	103.35	-5.1962402318742456	723	145	177	16	319	206	86	8	82	53	0	0	0.9076418876647949	57920	823.8600988388062	54549	5.8200966850828735	
-337518.81325556536	136.65	10.0375	161.825	101.3375	-5.1962402318742456	724	145	220	13	265	167	32	8	96	62	0	0	0.9487142562866211	58000	824.8088130950928	54624	5.820689655172416	
-212529.0538988354	134.9	10.0	159.525	99.8	-5.1962402318742456	725	145	202	14	239	150	70	8	90	58	0	0	0.8475217819213867	58080	825.6563348770142	54699	5.821280991735534	
-312539.5135140261	135.05	9.625	151.925	95.0	-5.1962402318742456	726	145	181	12	258	156	91	8	95	61	0	0	0.8626401424407959	58160	826.518975019455	54775	5.82015130674003	
-287531.50257679156	135.2125	9.8125	149.5625	93.7375	-5.1962402318742456	727	145	183	13	223	136	89	8	87	56	0	0	0.8280029296875	58240	827.3469779491425	54851	5.81902472527473	
-300038.0807507952	134.3625	9.6125	153.25	95.8625	-5.1962402318742456	728	145	216	12	245	150	56	8	90	58	0	0	0.8439769744873047	58320	828.1909549236298	54927	5.817901234567898	
-337526.1788716196	137.675	9.9375	160.5125	100.275	-5.1962402318742456	729	145	216	14	277	171	63	8	88	57	0	0	0.864393949508667	58400	829.0553488731384	55003	5.816780821917817	
-262535.5557046139	137.575	9.95	159.25	99.7125	-5.1962402318742456	730	145	232	14	310	188	50	8	99	64	0	0	0.902292013168335	58480	829.9576408863068	55079	5.815663474692201	
-262542.8223920444	136.15	9.6125	163.35	101.75	-5.1962402318742456	731	145	224	12	247	150	48	8	82	53	0	0	0.8838238716125488	58560	830.8414647579193	55155	5.814549180327873	
-337523.7233926484	135.1375	9.8	161.3625	101.0875	-5.1962402318742456	732	145	195	15	282	178	53	8	82	53	0	0	0.8798329830169678	58640	831.7212977409363	55231	5.813437926330138	
-300028.4331373839	139.625	9.625	157.7125	98.7375	-5.1962402318742456	733	145	213	14	359	218	65	8	82	53	0	0	0.8735172748565674	58720	832.5948150157928	55307	5.812329700272471	
-250041.93627463124	137.2375	9.825	156.35	97.675	-5.1962402318742456	734	145	211	14	266	161	66	8	82	53	0	0	0.8775229454040527	58800	833.4723379611969	55383	5.811224489795919	
-350031.5859208208	135.825	9.5375	147.7875	92.85	-5.1962402318742456	735	145	208	13	272	166	64	8	95	61	0	0	0.82651686668396	58880	834.2988548278809	55458	5.811820652173921	
-262535.6847267909	137.275	9.8	155.65	97.275	-5.1962113948095885	736	145	193	14	323	195	79	8	101	65	0	0	0.8717031478881836	58960	835.170557975769	55534	5.810719131614647	
-312543.7131674333	134.6625	9.556962025316455	151.65822784810126	94.89873417721519	-5.1962113948095885	737	146	205	12.0	228.0	140.0	30	8.0	82.0	53.0	0	0	0.8386390209197998	59040	836.0091969966888	55609	5.811314363143623	
-200039.44400074735	135.7	9.875	156.7875	97.8875	-5.1962113948095885	738	146	168	13	245	151	97	8	94	61	0	0	0.8467438220977783	59120	836.8559408187866	55684	5.8119079837618415	
-262541.5296774305	135.7375	9.6125	154.2625	96.475	-5.1962113948095885	739	146	171	14	286	181	95	8	82	53	0	0	0.8530821800231934	59200	837.7090229988098	55760	5.810810810810807	
-275064.2239276598	135.925	9.8625	159.9875	100.0	-5.1962113948095885	740	146	181	13	228	140	91	8	82	53	0	0	0.8596317768096924	59280	838.5686547756195	55834	5.813090418353568	
-300030.5803618512	134.25	10.025	162.3875	101.525	-5.124823625282367	741	146	182	13	242	147	90	8	87	56	0	0	0.8910419940948486	59360	839.4596967697144	55910	5.811994609164415	
-287536.54490521277	135.4375	9.875	164.0375	102.4125	-5.124823625282367	742	146	165	13	247	152	104	8	87	56	0	0	0.8900511264801025	59440	840.3497478961945	55985	5.812584118438764	
-287525.6696365101	135.4	9.9	163.5625	102.225	-5.124823625282367	743	146	223	17	263	164	59	8	87	56	0	0	0.8505399227142334	59520	841.2002878189087	56059	5.814852150537632	
-350037.12260861555	134.175	9.9	152.725	96.025	-5.124823625282367	744	146	180	14	254	157	70	8	87	56	0	0	0.8453731536865234	59600	842.0456609725952	56134	5.81543624161074	
-400027.4706493241	134.775	9.625	145.925	91.8625	-5.124823625282367	745	146	191	13	213	134	81	8	87	56	0	0	0.8275349140167236	59680	842.8731958866119	56208	5.8176943699731964	
-337537.1960929287	134.2875	9.6875	146.625	92.2125	-5.124823625282367	746	146	186	14	283	177	81	8	82	53	0	0	0.8381860256195068	59760	843.7113819122314	56281	5.821619812583663	
-462526.2789285943	131.3	9.7	143.975	91.1125	-5.124823625282367	747	146	192	14	300	183	53	8	90	58	0	0	0.8549089431762695	59840	844.5662908554077	56357	5.8205213903743385	
-325016.2581317957	124.7125	9.5625	137.0625	86.725	-5.124823625282367	748	146	195	12	252	153	39	8	82	53	0	0	0.8372859954833984	59920	845.4035768508911	56432	5.821094793057412	
-312536.2718195719	134.4	9.4	135.25	85.8125	-5.124823625282367	749	146	187	15	205	131	75	8	82	53	0	0	0.7885549068450928	60000	846.1921317577362	56505	5.825000000000003	
-237540.53957218435	131.3375	9.45	135.6	86.0875	-5.124823625282367	750	146	238	15	222	137	43	8	90	58	0	0	0.8116259574890137	60080	847.0037577152252	56579	5.827230359520641	
-387534.60690106713	135.1	9.6	140.8875	89.4625	-5.124823625282367	751	146	191	15	422	273	77	8	98	63	0	0	0.8250751495361328	60160	847.8288328647614	56655	5.82613031914893	
-287530.4846681914	135.1875	9.265822784810126	137.13924050632912	87.0253164556962	-5.124823625282367	752	147	203	12.0	248.0	156.0	70	8.0	90.0	58.0	0	0	0.7961838245391846	60240	848.6250166893005	56729	5.828353253652068	
-300033.0934955304	134.95	9.4	140.7375	88.9	-5.124823625282367	753	147	189	16	324	195	77	8	90	58	0	0	0.8148622512817383	60320	849.4398789405823	56803	5.830570291777192	
-212525.39175190247	135.475	9.5125	137.7	87.4375	-5.124823625282367	754	147	231	16	278	177	41	8	90	58	0	0	0.7950670719146729	60400	850.234946012497	56877	5.83278145695364	
-237533.60434663546	136.375	9.3375	139.4	88.0375	-5.124823625282367	755	147	189	13	252	153	70	8	82	53	0	0	0.8234758377075195	60480	851.0584218502045	56953	5.831679894179899	
-275030.51735856023	138.175	9.379746835443038	136.83544303797467	86.67088607594937	-5.124823625282367	756	148	237	14.0	323.0	204.0	67	8.0	87.0	56.0	0	0	0.807096004486084	60560	851.8655178546906	57027	5.833883751651257	
-350036.07631017885	139.95	9.375	142.2875	89.8875	-5.124823625282367	757	148	262	13	274	170	34	8	90	58	0	0	0.8466200828552246	60640	852.7121379375458	57102	5.834432717678098	
-262552.6286573787	137.3125	9.417721518987342	140.84810126582278	89.12658227848101	-5.124823625282367	758	149	202	13.0	274.0	170.0	34	8.0	90.0	58.0	0	0	0.8294448852539062	60720	853.5415828227997	57175	5.8382740447957815	
-287529.8289695562	140.5	9.75	147.8375	93.675	-5.124823625282367	759	149	190	15	294	187	97	8	90	58	0	0	0.8856770992279053	60800	854.4272599220276	57250	5.838815789473685	
-300032.9111580829	137.0875	9.423076923076923	138.12820512820514	87.7948717948718	-5.124823625282367	760	151	230	13.0	243.0	153.0	59	8.0	90.0	58.0	0	0	0.810438871383667	60880	855.2376987934113	57323	5.842641261498031	
-362535.11413865676	137.4125	9.4	133.2875	84.9375	-5.124823625282367	761	151	240	13	300	190	75	8	82	53	0	0	0.8593010902404785	60960	856.0969998836517	57398	5.843175853018366	
-412525.853058928	136.2875	9.4625	130.95	83.725	-5.124823625282367	762	151	199	14	245	154	96	8	82	53	0	0	0.7944929599761963	61040	856.8914928436279	57472	5.845347313237227	
-362528.4807148972	136.975	9.3875	134.2625	85.6	-5.124823625282367	763	151	199	14	245	156	98	8	90	58	0	0	0.8007590770721436	61120	857.6922519207001	57545	5.84914921465969	
-500025.87316094514	136.5625	9.425	132.575	84.4625	-5.124823625282367	764	151	202	13	238	146	70	8	87	56	0	0	0.8767538070678711	61200	858.569005727768	57619	5.8513071895424815	
-300025.1922651628	136.5125	9.225	124.25	79.325	-5.124823625282367	765	151	187	12	220	140	112	8	90	58	0	0	0.7597482204437256	61280	859.3287539482117	57691	5.856723237597919	
-287544.2446279471	136.0375	9.2125	122.325	78.2125	-5.124823625282367	766	151	181	13	235	147	96	8	87	56	0	0	0.7666699886322021	61360	860.0954239368439	57765	5.858865710560622	
-450026.06096035073	135.4875	9.525	127.625	81.6875	-5.124823625282367	767	151	181	13	226	140	91	8	90	58	0	0	0.8063828945159912	61440	860.9018068313599	57840	5.859375	
-300040.1832530616	127.9125	9.139240506329115	125.49367088607595	80.11392405063292	-5.124823625282367	768	152	191	14.0	202.0	129.0	36	8.0	90.0	58.0	0	0	0.7849509716033936	61520	861.6867578029633	57914	5.861508452535759	
-287531.67516091734	128.2	9.3125	132.55	84.3125	-5.115530842281624	769	152	177	13	217	137	85	8	95	61	0	0	0.7857739925384521	61600	862.4725317955017	57987	5.865259740259745	
-400039.7899713477	130.275	8.975	126.025	80.1125	-5.115530842281624	770	152	184	13	228	140	74	8	82	53	0	0	0.8305349349975586	61680	863.3030667304993	58062	5.865758754863819	
-325037.35557487747	131.9	9.3625	129.9875	82.8	-5.115530842281624	771	152	184	13	217	135	96	8	90	58	0	0	0.7744371891021729	61760	864.0775039196014	58134	5.871113989637308	
-475027.046837857	134.6625	9.4875	128.2	81.7625	-5.115530842281624	772	152	233	14	227	144	59	8	82	53	0	0	0.7770400047302246	61840	864.8545439243317	58205	5.878072445019399	
-425026.96343508584	126.2375	9.89873417721519	139.64556962025316	88.88607594936708	-5.115530842281624	773	153	281	13.0	280.0	170.0	49	8.0	87.0	56.0	0	0	0.842674732208252	61920	865.6972186565399	58279	5.88016795865633	
-425032.55268197664	125.8125	9.10126582278481	123.30379746835443	78.87341772151899	-5.115530842281624	774	154	190	12.0	244.0	150.0	13	8.0	90.0	58.0	0	0	0.7764379978179932	62000	866.4736566543579	58351	5.885483870967747	
-337521.5160480562	125.4625	9.325	132.0875	84.025	-5.115530842281624	775	154	177	13	264	161	49	8	82	53	0	0	0.8268811702728271	62080	867.3005378246307	58426	5.885953608247419	
-325025.5302743382	126.425	9.556962025316455	137.9746835443038	87.70886075949367	-5.115530842281624	776	155	205	13.0	280.0	172.0	28	8.0	92.0	59.0	0	0	0.8122889995574951	62160	868.1128268241882	58500	5.888030888030897	
-350022.8589312293	130.6	9.55	136.275	86.7125	-5.115530842281624	777	155	168	17	246	156	47	8	90	58	0	0	0.8009951114654541	62240	868.9138219356537	58572	5.893316195372762	
-337518.94472025766	134.7625	9.5625	137.7375	87.5125	-5.115530842281624	778	155	169	14	253	159	93	7	82	53	0	0	0.8125917911529541	62320	869.7264137268066	58647	5.893774069319647	
-350032.7076319704	136.2125	9.417721518987342	134.2405063291139	85.07594936708861	-5.115530842281624	779	156	229	12.0	223.0	138.0	43	8.0	90.0	58.0	0	0	0.7582080364227295	62400	870.4846217632294	58716	5.903846153846146	
-375024.66836050357	135.5875	9.5875	140.5625	88.7875	-5.115530842281624	780	156	193	15	206	130	79	8	87	56	0	0	0.8450431823730469	62480	871.3296649456024	58790	5.905889884763127	
-325019.7878621196	134.4375	9.6	137.1375	87.225	-5.115530842281624	781	156	202	14	271	166	70	8	87	56	0	0	0.8296189308166504	62560	872.1592838764191	58865	5.90632992327366	
-425034.0712398713	136.55	9.325	131.4	83.625	-5.115530842281624	782	156	244	15	188	120	66	8	91	59	0	0	0.8169889450073242	62640	872.9762728214264	58939	5.908365261813543	
-325029.5623014736	133.6625	9.2875	129.8625	82.7	-5.115530842281624	783	156	202	13	234	147	80	8	82	53	0	0	0.7848410606384277	62720	873.7611138820648	59013	5.910395408163254	
-312526.1600614862	133.075	9.1	133.6625	84.6875	-5.115530842281624	784	156	182	12	227	143	53	8	82	53	0	0	0.8061258792877197	62800	874.5672397613525	59087	5.912420382165607	
-337529.55506431387	131.2	9.113924050632912	137.67088607594937	87.22784810126582	-5.115530842281624	785	157	206	14.0	232.0	147.0	53	7.0	90.0	58.0	0	0	0.830402135848999	62880	875.3976418972015	59162	5.912849872773535	
-325023.86889053584	131.9	9.175	136.225	86.35	-5.115530842281624	786	157	191	14	343	209	55	8	82	53	0	0	0.8036439418792725	62960	876.2012858390808	59234	5.918043202033047	
-400034.6442120943	135.25	9.253164556962025	137.0126582278481	86.9113924050633	-5.115530842281624	787	158	197	13.0	259.0	163.0	70	8.0	90.0	58.0	0	0	0.8045439720153809	63040	877.0058298110962	59308	5.920050761421322	
-387529.4390928012	136.325	9.1625	128.3875	81.6625	-5.115530842281624	788	158	196	12	283	175	93	8	90	58	0	0	0.8061840534210205	63120	877.8120138645172	59382	5.9220532319391594	
-412527.81783786404	137.525	9.3125	130.2875	82.9875	-5.115530842281624	789	158	167	13	214	135	105	8	82	53	0	0	0.7958390712738037	63200	878.607852935791	59456	5.9240506329113884	
-350025.37498017924	137.075	9.55	134.4	85.575	-5.115530842281624	790	158	164	13	218	133	109	8	87	56	0	0	0.8175439834594727	63280	879.4253969192505	59530	5.926042983565111	
-375033.4938669788	136.2125	9.475	132.9125	84.7375	-5.115530842281624	791	158	201	13	226	140	66	8	90	58	0	0	0.7899839878082275	63360	880.2153809070587	59602	5.931186868686865	
-300021.6716430188	136.3625	9.1625	122.775	78.4	-5.115530842281624	792	158	169	13	187	118	103	8	90	58	0	0	0.7744457721710205	63440	880.9898266792297	59676	5.933165195460276	
-462520.0623879914	136.4125	9.4625	137.1	87.0375	-5.115530842281624	793	158	176	15	213	138	96	8	90	58	0	0	0.8473820686340332	63520	881.8372087478638	59751	5.933564231738032	
-362525.3679852445	135.75	9.5625	135.8	86.225	-5.115530842281624	794	158	168	13	270	171	83	8	101	65	0	0	0.828132152557373	63600	882.6653409004211	59826	5.933962264150935	
-312525.00637799455	135.5	9.4375	140.2	88.5625	-5.115530842281624	795	158	193	16	210	131	79	8	90	58	0	0	0.8314070701599121	63680	883.496747970581	59902	5.932788944723626	
-275027.57858461357	135.35	9.3875	138.625	87.9	-5.115530842281624	796	158	180	13	244	153	83	8	87	56	0	0	0.8370440006256104	63760	884.3337919712067	59978	5.931618569636129	
-350024.35957155086	135.4875	9.225	130.8125	83.2	-5.115530842281624	797	158	196	13	209	130	77	8	90	58	0	0	0.8031549453735352	63840	885.1369469165802	60052	5.9335839598997495	
-300041.70977478893	133.925	9.3125	136.575	86.625	-5.115530842281624	798	158	174	16	282	177	77	8	88	57	0	0	0.8358268737792969	63920	885.9727737903595	60127	5.933979974968707	
-387537.8626389794	135.3	9.425	134.1375	85.2625	-5.115530842281624	799	158	220	15	273	172	57	8	90	58	0	0	0.8426470756530762	64000	886.8154208660126	60202	5.934375000000003	
-350028.0381859889	133.9625	9.375	136.3	86.3125	-5.115530842281624	800	158	184	14	271	164	80	8	90	58	0	0	0.8361301422119141	64080	887.6515510082245	60276	5.936329588014971	
-262528.69391352346	133.4125	9.5	137.9875	87.225	-5.115530842281624	801	158	198	13	240	147	82	8	96	62	0	0	0.81892991065979	64160	888.4704809188843	60351	5.936720698254362	
-312534.84553750034	131.85	9.5625	143.6125	90.7625	-5.115530842281624	802	158	193	13	275	170	79	8	90	58	0	0	0.8456428050994873	64240	889.3161237239838	60427	5.935554171855543	
-312527.58346154506	123.2	9.35	134.8875	85.6	-5.115530842281624	803	158	186	14	277	175	72	8	87	56	0	0	0.8169810771942139	64320	890.133104801178	60500	5.9390547263681555	
-237524.03252069373	122.4125	8.9875	124.125	78.9875	-5.115530842281624	804	158	160	12	251	156	86	8	90	58	0	0	0.7614760398864746	64400	890.8945808410645	60573	5.942546583850927	
-362525.3424560105	129.625	9.5875	128.375	81.975	-5.115530842281624	805	158	164	14	215	137	94	8	82	53	0	0	0.7860748767852783	64480	891.6806557178497	60647	5.944478908188586	
-362533.82878104236	133.0125	9.3125	128.9	82.125	-5.115530842281624	806	158	195	14	223	138	69	7	82	53	0	0	0.7936949729919434	64560	892.4743506908417	60723	5.943308550185876	
-325028.6892661002	135.725	9.475	133.2375	84.675	-5.115530842281624	807	158	195	14	254	157	69	8	87	56	0	0	0.8057641983032227	64640	893.2801148891449	60797	5.945235148514854	
-262527.23234698793	136.75	9.3625	138.6625	87.9125	-5.115530842281624	808	158	195	13	236	146	54	8	87	56	0	0	0.8797690868377686	64720	894.1598839759827	60872	5.945611866501849	
-312518.2098827092	141.7125	9.3625	131.0875	83.375	-5.115530842281624	809	158	193	15	247	150	84	8	90	58	0	0	0.7902657985687256	64800	894.9501497745514	60946	5.947530864197532	
-237525.16611662833	137.9625	9.7125	135.275	86.0875	-5.115530842281624	810	158	193	21	315	197	104	8	95	61	0	0	0.8101089000701904	64880	895.7602586746216	61020	5.949445129469794	
-387524.3866944585	138.4625	9.525	133.9625	85.2375	-5.115530842281624	811	158	193	15	271	164	97	8	90	58	0	0	0.8187410831451416	64960	896.5789997577667	61096	5.948275862068968	
-325020.1975618788	137.7875	9.425	137.425	87.0	-5.115530842281624	812	158	193	15	375	230	92	8	80	52	0	0	0.8277490139007568	65040	897.4067487716675	61170	5.95018450184503	
-312528.5180762134	135.4875	9.341772151898734	130.0253164556962	82.74683544303798	-5.115530842281624	813	159	193	13.0	214.0	139.0	46	8.0	90.0	58.0	0	0	0.7869400978088379	65120	898.1936888694763	61243	5.953624078624074	
-375017.71683908056	132.1625	9.3	131.0875	83.4	-5.115530842281624	814	159	188	12	207	130	64	8	87	56	0	0	0.7973711490631104	65200	898.9910600185394	61318	5.953987730061357	
-275022.4264986608	133.7375	9.525	136.125	86.125	-5.115530842281624	815	159	193	13	242	147	79	8	90	58	0	0	0.8325097560882568	65280	899.8235697746277	61393	5.954350490196077	
-300039.3184287799	139.6125	9.4875	140.55	88.725	-5.115530842281624	816	159	214	12	253	157	72	8	87	56	0	0	0.8156721591949463	65360	900.6392419338226	61466	5.957772337821297	
-512535.232040344	144.525	9.4375	140.4375	88.8875	-5.115530842281624	817	159	239	15	320	200	88	8	96	62	0	0	0.8509399890899658	65440	901.4901819229126	61542	5.956601466992666	
-312547.71375968866	151.875	9.575	136.9125	86.825	-5.115530842281624	818	159	262	14	268	169	88	8	90	58	0	0	0.8027389049530029	65520	902.2929208278656	61615	5.960012210012209	
-437530.0043139962	143.65	9.2	130.625	83.0625	-5.115530842281624	819	159	250	13	242	147	76	8	87	56	0	0	0.8111562728881836	65600	903.1040771007538	61690	5.96036585365853	
-300043.7108309496	139.5625	9.2875	138.7	88.0625	-5.115530842281624	820	159	250	13	439	267	76	8	90	58	0	0	0.8488435745239258	65680	903.9529206752777	61765	5.960718635809997	
-350034.27802009415	139.7625	9.5	147.875	93.75	-5.115530842281624	821	159	214	14	439	267	95	7	79	51	0	0	0.8588809967041016	65760	904.8118016719818	61839	5.962591240875909	
-225046.80517110898	130.9875	9.425	140.4	88.9375	-5.115530842281624	822	159	175	12	260	160	100	8	82	53	0	0	0.8544073104858398	65840	905.6662089824677	61915	5.961421628189541	
-350023.06902095675	125.4375	9.45	141.4625	89.3875	-5.115530842281624	823	159	193	14	297	181	66	8	82	53	0	0	0.8133299350738525	65920	906.4795389175415	61988	5.9648058252427205	
-275028.1153105808	124.0125	9.4375	140.8625	89.1625	-5.115530842281624	824	159	178	15	275	169	66	8	90	58	0	0	0.8161740303039551	66000	907.2957129478455	62060	5.969696969696969	
-350028.91491079424	126.475	9.325	132.3625	84.2625	-5.115530842281624	825	159	190	14	324	195	67	8	82	53	0	0	0.8656787872314453	66080	908.1613917350769	62134	5.971549636803871	
-437521.02116281947	127.4	9.275	134.4	85.375	-5.115530842281624	826	159	177	13	324	195	62	8	90	58	0	0	0.8530559539794922	66160	909.0144476890564	62208	5.973397823458285	
-312530.8710774866	126.95	9.2625	125.95	80.55	-5.115530842281624	827	159	177	13	216	139	90	8	84	54	0	0	0.7334589958190918	66240	909.7479066848755	62278	5.981280193236714	
-287520.27317784616	126.2375	9.375	133.5625	85.0625	-5.115530842281624	828	159	225	14	286	184	11	8	82	53	0	0	0.7956333160400391	66320	910.5435400009155	62353	5.98160434258142	
-387527.0399931932	130.4875	9.3	136.375	86.575	-5.115530842281624	829	159	172	13	246	151	87	8	96	62	0	0	0.8162717819213867	66400	911.3598117828369	62427	5.9834337349397515	
-337528.5099496772	132.1625	9.275	132.7875	84.6	-5.115530842281624	830	159	172	14	273	174	100	8	82	53	0	0	0.7882852554321289	66480	912.148097038269	62498	5.989771359807463	
-312526.69680873153	136.0125	9.425	136.5125	86.6875	-5.115530842281624	831	159	198	14	271	164	85	8	82	53	0	0	0.8194527626037598	66560	912.9675498008728	62571	5.993088942307693	
-412529.60272750305	135.1625	9.1125	123.975	79.325	-5.115530842281624	832	159	187	12	208	131	87	8	90	58	0	0	0.7673990726470947	66640	913.7349488735199	62642	5.999399759903952	
-287551.1400383811	133.6875	9.475	129.775	83.075	-5.115530842281624	833	159	177	13	251	159	87	8	82	53	0	0	0.7813930511474609	66720	914.5163419246674	62715	6.002697841726629	
-400026.36881120363	136.2125	9.4375	130.925	83.4875	-5.115530842281624	834	159	204	13	256	158	43	8	90	58	0	0	0.8302478790283203	66800	915.3465898036957	62791	6.001497005988028	
-487520.00543282164	129.85	9.215189873417721	129.2405063291139	82.12658227848101	-5.115530842281624	835	160	166	12.0	303.0	185.0	43	8.0	90.0	58.0	0	0	0.8249800205230713	66880	916.1715698242188	62865	6.0032894736842195	
-287525.136011067	126.975	8.95	124.525	79.2375	-5.115530842281624	836	160	208	14	247	154	37	8	79	51	0	0	0.7646489143371582	66960	916.9362187385559	62936	6.00955794504182	
-287532.5659893241	128.05	9.025	123.4	78.775	-5.115530842281624	837	160	208	14	198	127	55	8	82	53	0	0	0.8082981109619141	67040	917.7445168495178	63012	6.008353221957037	
-300023.61280326126	137.8625	9.0125	127.7875	81.25	-5.115530842281624	838	160	229	14	311	193	81	8	82	53	0	0	0.808366060256958	67120	918.5528829097748	63087	6.00864123957092	
-162535.96149611316	132.5375	9.325	140.8875	89.4	-5.115530842281624	839	160	208	16	321	199	90	8	90	58	0	0	0.8211357593536377	67200	919.3740186691284	63160	6.011904761904759	
-387523.7125044556	132.9375	9.4625	134.8	85.9875	-5.115530842281624	840	160	208	14	240	154	34	8	79	51	0	0	0.7804820537567139	67280	920.1545007228851	63229	6.021105826397147	
-300036.0810379381	129.925	9.278481012658228	131.08860759493672	83.63291139240506	-5.115530842281624	841	161	184	14.0	240.0	154.0	43	8.0	79.0	51.0	0	0	0.8221549987792969	67360	920.9766557216644	63302	6.024346793349167	
-437533.6434827554	129.2875	9.1	121.9	77.9625	-5.115530842281624	842	161	192	12	258	161	60	8	79	51	0	0	0.8276610374450684	67440	921.8043167591095	63376	6.026097271648879	
-400035.63760806323	129.95	9.525	137.15	87.55	-5.115530842281624	843	161	180	15	275	172	60	7	82	53	0	0	0.873528242111206	67520	922.6778450012207	63452	6.0248815165876834	
-337525.7817059733	126.4125	9.375	130.3125	83.075	-5.115530842281624	844	161	196	14	279	170	48	7	74	48	0	0	0.8238828182220459	67600	923.5017278194427	63525	6.028106508875737	
-312534.7917391821	123.675	9.58974358974359	138.35897435897436	88.15384615384616	-5.115530842281624	845	163	201	14.0	279.0	170.0	15	8.0	90.0	58.0	0	0	0.7863361835479736	67680	924.2880640029907	63593	6.0387115839243535	
-487520.94247841276	129.025	9.7875	135.3	86.5375	-5.115530842281624	846	163	188	16	268	171	48	8	88	57	0	0	0.8489549160003662	67760	925.1370189189911	63669	6.037485242030698	
-325022.8385245992	134.1875	9.3375	127.7375	81.575	-5.115530842281624	847	163	188	13	221	140	69	8	79	51	0	0	0.8460540771484375	67840	925.9830729961395	63744	6.037735849056602	
-300033.3283488705	128.825	9.425	135.1625	85.9	-5.115530842281624	848	163	182	15	269	168	69	7	74	48	0	0	0.8279690742492676	67920	926.8110420703888	63817	6.040930506478219	
-275027.347177699	129.55	9.3125	134.2	85.0375	-5.115530842281624	849	163	170	13	270	165	69	7	74	48	0	0	0.9173848628997803	68000	927.7284269332886	63892	6.0411764705882405	
-362524.65602346556	130.25	9.55	142.2625	90.125	-5.115530842281624	850	163	177	13	270	165	81	8	90	58	0	0	0.8600878715515137	68080	928.5885148048401	63968	6.039952996474739	
-325017.48761125014	128.6875	9.5	139.4875	88.4375	-5.115530842281624	851	163	172	12	266	161	70	8	82	53	0	0	0.8501002788543701	68160	929.4386150836945	64041	6.043133802816897	
-300023.3880054263	130.575	9.25	134.0875	85.0125	-5.115530842281624	852	163	187	13	274	172	81	8	88	57	0	0	0.833486795425415	68240	930.2721018791199	64117	6.041910902696372	
-375022.0641944062	131.0125	9.375	137.95	87.4	-5.115530842281624	853	163	159	15	349	216	71	8	90	58	0	0	0.8340659141540527	68320	931.1061677932739	64190	6.045081967213122	
-387537.80214473826	133.075	9.55	139.4125	88.3875	-5.115530842281624	854	163	191	13	266	164	64	8	90	58	0	0	0.8532352447509766	68400	931.9594030380249	64264	6.0467836257309955	
-337531.44404455513	134.7875	9.7125	145.075	91.4	-5.115530842281624	855	163	218	14	261	161	59	7	82	53	0	0	0.8722796440124512	68480	932.8316826820374	64339	6.047021028037378	
-387530.7462123727	136.5625	9.75	139.7125	88.7875	-5.115530842281624	856	163	218	15	270	169	72	8	90	58	0	0	0.8737940788269043	68560	933.7054767608643	64414	6.047257876312713	
-287528.5196546077	138.6375	9.1125	128.5625	81.925	-5.115530842281624	857	163	205	12	273	169	92	8	84	54	0	0	0.7968089580535889	68640	934.5022857189178	64488	6.048951048951039	
-437520.81640404556	137.4125	9.075	125.25	79.925	-5.115530842281624	858	163	214	13	276	167	99	8	91	59	0	0	0.7687160968780518	68720	935.2710018157959	64560	6.053550640279397	
-375034.6029828812	137.8625	9.375	132.85	84.725	-5.115530842281624	859	163	280	14	287	178	70	8	90	58	0	0	0.8141281604766846	68800	936.0851299762726	64634	6.0552325581395365	
-412522.6114349653	141.4875	9.4125	131.575	83.875	-5.115530842281624	860	163	211	14	216	135	99	8	82	53	0	0	0.804203987121582	68880	936.8893339633942	64707	6.058362369337971	
-300030.19301419787	152.325	9.3375	131.4375	83.7375	-5.115530842281624	861	163	227	14	218	140	77	8	92	59	0	0	0.8329639434814453	68960	937.7222979068756	64782	6.058584686774935	
-312531.4869132627	156.2375	9.2875	135.175	85.875	-5.115530842281624	862	163	243	14	219	137	93	8	95	61	0	0	0.825239896774292	69040	938.5475378036499	64857	6.058806488991891	
-300027.6711191415	147.9125	9.375	137.425	87.175	-5.115530842281624	863	163	214	14	321	202	107	8	90	58	0	0	0.835731029510498	69120	939.3832688331604	64932	6.059027777777786	
-337516.1461151644	148.075	9.1625	132.7375	84.15	-5.115530842281624	864	163	258	11	221	138	95	8	90	58	0	0	0.8118760585784912	69200	940.1951448917389	65006	6.060693641618499	
-312534.79402840434	141.85	9.3875	137.6125	87.325	-5.115530842281624	865	163	264	14	277	173	36	8	88	57	0	0	0.8082361221313477	69280	941.0033810138702	65078	6.065242494226325	
-275042.23611628986	132.875	9.3375	134.325	85.325	-5.115530842281624	866	163	206	13	226	141	79	8	90	58	0	0	0.816288948059082	69360	941.8196699619293	65152	6.066897347174162	
-275032.61246556323	130.15	9.316455696202532	136.50632911392404	86.55696202531645	-5.115530842281624	867	164	214	14.0	230.0	144.0	17	8.0	88.0	57.0	0	0	0.8121888637542725	69440	942.6318588256836	65226	6.068548387096769	
-400025.5228351884	128.475	9.25	129.9875	82.9	-5.115530842281624	868	164	165	14	196	125	84	8	82	53	0	0	0.7933900356292725	69520	943.4252488613129	65299	6.07163406214039	
-275036.4471401498	125.45	9.3125	137.3625	87.175	-5.115530842281624	869	164	176	14	234	151	55	8	96	62	0	0	0.8051269054412842	69600	944.2303757667542	65372	6.074712643678154	
-287526.86833595333	129.1625	9.525	136.15	86.7125	-5.115530842281624	870	164	164	14	227	140	67	8	82	53	0	0	0.828726053237915	69680	945.0591018199921	65446	6.076349024110215	
-375022.73676149815	131.475	9.75	144.3875	91.5125	-5.115530842281624	871	164	163	19	344	222	95	8	82	53	0	0	0.8354859352111816	69760	945.8945877552032	65518	6.080848623853214	
-287530.72384187864	133.375	9.5375	136.175	86.75	-5.115530842281624	872	164	175	14	372	233	56	8	82	53	0	0	0.7807140350341797	69840	946.6753017902374	65588	6.088201603665524	
-537517.1949627962	133.4625	9.2875	131.575	83.85	-5.115530842281624	873	164	213	12	272	168	86	8	82	53	0	0	0.8061270713806152	69920	947.481428861618	65661	6.091247139588091	
-425027.77946232166	130.85	9.721518987341772	143.29113924050634	91.17721518987342	-5.115530842281624	874	165	207	14.0	262.0	160.0	49	8.0	90.0	58.0	0	0	0.8069150447845459	70000	948.2883439064026	65733	6.09571428571428	
-450025.1821875704	135.375	9.5125	131.8625	84.1625	-5.115530842281624	875	165	196	14	247	155	54	8	82	53	0	0	0.820167064666748	70080	949.1085109710693	65809	6.0944634703196385	
-412529.7262299868	139.0125	9.2125	130.9125	83.35	-5.115530842281624	876	165	187	13	255	159	95	8	90	58	0	0	0.8168809413909912	70160	949.9253919124603	65884	6.094640820980615	
-337534.6043214551	141.525	9.125	125.325	79.8875	-5.115530842281624	877	165	217	12	208	131	83	8	82	53	0	0	0.7806098461151123	70240	950.7060017585754	65958	6.096241457858781	
-262527.92458365584	142.1125	9.425	137.3875	87.0125	-5.115530842281624	878	165	184	15	249	156	100	8	82	53	0	0	0.8169102668762207	70320	951.5229120254517	66033	6.096416382252556	
-337529.0355112606	141.2875	9.325	137.975	87.2	-5.115530842281624	879	165	186	13	218	133	100	8	87	56	0	0	0.7892270088195801	70400	952.3121390342712	66104	6.102272727272734	
-337523.75266436196	140.1	9.4875	145.925	91.8625	-5.115530842281624	880	165	187	13	217	135	85	8	87	56	0	0	0.8571658134460449	70480	953.1693048477173	66179	6.102440408626563	
-300035.856464237	139.4	9.225	131.0875	83.425	-5.115530842281624	881	165	208	12	216	134	100	8	82	53	0	0	0.7750129699707031	70560	953.944317817688	66249	6.109693877551024	
-400039.75648369384	133.8625	9.4125	139.5375	88.25	-5.115530842281624	882	165	207	13	263	161	29	8	91	59	0	0	0.7986528873443604	70640	954.7429707050323	66321	6.114099660249153	
-487517.11056123534	137.0	9.375	130.85	83.2375	-5.115530842281624	883	165	207	13	218	135	101	7	82	53	0	0	0.784278154373169	70720	955.5272488594055	66394	6.117081447963798	
-425027.6809637066	136.6125	9.5875	138.4625	88.2	-5.066394655263942	884	165	207	15	269	167	94	8	91	59	0	0	0.7856781482696533	70800	956.3129270076752	66467	6.120056497175142	
-312525.95287554257	133.85	9.525	140.45	89.375	-5.066394655263942	885	165	197	15	263	165	67	8	90	58	0	0	0.8371529579162598	70880	957.1500799655914	66542	6.120203160270876	
-312530.23760654696	135.15	9.1	126.625	80.6875	-5.066394655263942	886	165	191	13	182	116	81	8	82	53	0	0	0.7922508716583252	70960	957.9423308372498	66618	6.118940248027059	
-337526.4107208048	136.4375	9.341772151898734	131.70886075949366	83.50632911392405	-5.066394655263942	887	166	233	13.0	228.0	140.0	48	8.0	82.0	53.0	0	0	0.7922549247741699	71040	958.7345857620239	66692	6.12049549549549	
-287528.0820472197	135.4375	9.6125	141.4625	89.7	-4.958308804232187	888	166	179	15	265	164	93	8	87	56	0	0	0.813460111618042	71120	959.548045873642	66766	6.122047244094489	
-300027.5072176123	134.95	9.3875	138.725	87.7875	-4.958308804232187	889	166	188	12	279	171	84	8	90	58	0	0	0.9143781661987305	71200	960.4624240398407	66840	6.1235955056179705	
-350035.5638583355	134.1125	9.6	138.475	87.7875	-4.958308804232187	890	166	222	15	254	156	50	8	90	58	0	0	0.797008752822876	71280	961.2594327926636	66914	6.125140291806957	
-300036.060443822	134.6625	9.675	138.2	87.95	-4.958308804232187	891	166	178	15	273	172	62	8	87	56	0	0	0.8043320178985596	71360	962.0637648105621	66988	6.126681614349778	
-250030.19398840013	135.575	9.4875	131.55	83.8	-4.958308804232187	892	166	180	14	215	134	109	8	90	58	0	0	0.7920432090759277	71440	962.8558080196381	67064	6.125419932810743	
-287528.79698953376	137.05	9.4375	138.15	87.7625	-4.958308804232187	893	166	207	16	273	172	65	8	90	58	0	0	0.8120918273925781	71520	963.6678998470306	67138	6.126957494407165	
-287528.8543203252	141.425	9.6875	145.5375	92.2875	-4.958308804232187	894	166	189	15	347	215	101	8	90	58	0	0	0.8285281658172607	71600	964.4964280128479	67212	6.128491620111731	
-312525.04136987997	141.4375	9.7625	147.1	93.275	-4.958308804232187	895	166	221	14	358	218	75	8	90	58	0	0	0.8672528266906738	71680	965.3636808395386	67287	6.128627232142861	
-250033.8852948648	139.7125	9.3625	135.0375	85.7375	-4.958308804232187	896	166	221	13	251	156	86	8	82	53	0	0	0.8674540519714355	71760	966.23113489151	67362	6.128762541806026	
-300033.172894398	138.6625	9.4625	136.6625	87.1	-4.958308804232187	897	166	207	14	233	151	85	8	90	58	0	0	0.7635929584503174	71840	966.9947278499603	67437	6.128897550111361	
-325021.2594600121	138.9125	9.275	130.5625	83.0875	-4.958308804232187	898	166	199	16	216	138	93	8	87	56	0	0	0.734180212020874	71920	967.7289080619812	67511	6.130422691879872	
-262528.11752684216	141.1375	9.3875	133.3	84.975	-4.958308804232187	899	166	187	19	283	177	90	8	90	58	0	0	0.7861018180847168	72000	968.5150098800659	67586	6.130555555555546	
-262528.9620591728	138.725	9.4375	136.9875	87.1125	-4.958308804232187	900	166	200	15	265	165	72	8	90	58	0	0	0.7723019123077393	72080	969.2873117923737	67662	6.129300776914533	
-312528.89134673437	136.7375	9.4625	136.4375	86.85	-4.958308804232187	901	166	202	17	253	158	70	8	82	53	0	0	0.7255432605743408	72160	970.012855052948	67735	6.132206208425714	
-237528.0548786087	142.6625	9.6875	143.0125	90.8875	-4.958308804232187	902	166	220	14	325	201	102	8	90	58	0	0	0.7754077911376953	72240	970.7882628440857	67809	6.133720930232556	
-362529.0173122835	135.6625	9.25	128.875	82.1	-4.958308804232187	903	166	160	12	240	149	102	8	90	58	0	0	0.7377541065216064	72320	971.5260169506073	67884	6.133849557522126	
-375023.7003970818	136.975	9.35	133.6375	84.975	-4.958308804232187	904	166	182	13	247	150	99	8	90	58	0	0	0.7493789196014404	72400	972.2753958702087	67958	6.1353591160221015	
-237520.43524244483	137.325	9.2	135.075	85.775	-4.958308804232187	905	166	193	13	263	167	79	8	98	63	0	0	0.7464501857757568	72480	973.0218460559845	68031	6.138245033112582	
-212540.6319395015	138.0	9.2	128.875	82.325	-4.958308804232187	906	166	205	13	232	144	79	8	87	56	0	0	0.718714714050293	72560	973.7405607700348	68104	6.1411245865490685	
-337529.11618853913	135.575	9.6	137.525	87.7625	-4.958308804232187	907	166	202	13	268	173	70	8	82	53	0	0	0.7687859535217285	72640	974.5093467235565	68179	6.14124449339208	
-337518.66982991074	137.625	9.375	130.725	83.4125	-4.958308804232187	908	166	202	13	255	160	53	8	90	58	0	0	0.7543389797210693	72720	975.2636857032776	68254	6.141364136413642	
-275030.773701212	137.9	9.1	131.3	83.5	-4.958308804232187	909	166	176	12	287	176	105	8	87	56	0	0	0.725675106048584	72800	975.9893608093262	68328	6.142857142857139	
-200046.00258899535	136.2	9.2625	131.95	84.0125	-4.958308804232187	910	166	190	13	247	150	82	8	88	57	0	0	0.7555861473083496	72880	976.7449469566345	68403	6.142974753018663	
-225021.6642545013	137.875	9.5	137.3	86.975	-4.958308804232187	911	166	186	16	271	164	106	8	90	58	0	0	0.7673308849334717	72960	977.512277841568	68478	6.143092105263165	
-487523.6126118487	136.875	9.625	136.8375	87.025	-4.958308804232187	912	166	193	13	269	169	79	8	82	53	0	0	0.7784121036529541	73040	978.290689945221	68554	6.141840087623223	
-300048.9981435893	137.425	9.3625	134.825	85.8	-4.958308804232187	913	166	195	13	355	219	77	8	96	62	0	0	0.7624740600585938	73120	979.0531640052795	68629	6.141958424507649	
-287534.9807865063	142.575	9.2375	131.1375	83.5875	-4.958308804232187	914	166	186	13	232	147	112	8	82	53	0	0	0.7348899841308594	73200	979.7880539894104	68703	6.143442622950829	
-300036.71820341144	140.725	9.375	134.2375	85.375	-4.958308804232187	915	166	230	13	274	174	71	8	90	58	0	0	0.7574520111083984	73280	980.5455060005188	68778	6.143558951965062	
-300035.8559447824	144.5	9.4	137.7875	87.45	-4.958308804232187	916	166	230	13	271	164	89	8	95	61	0	0	0.776655912399292	73360	981.3221619129181	68853	6.143675027262816	
-312520.39608672995	146.3875	9.4625	135.4	86.225	-4.958308804232187	917	166	233	14	307	193	105	8	82	53	0	0	0.7535479068756104	73440	982.0757098197937	68927	6.145152505446632	
-350027.0253589167	151.675	9.175	135.6375	86.1875	-4.958308804232187	918	166	233	13	266	168	84	8	90	58	0	0	0.7733609676361084	73520	982.8490707874298	69002	6.145266594124038	
-250042.16190537112	144.875	9.3375	136.2875	86.65	-4.958308804232187	919	166	233	13	247	150	84	8	90	58	0	0	0.7389359474182129	73600	983.588006734848	69073	6.1508152173912976	
-312536.28145252244	144.8125	9.6375	141.3125	89.65	-4.958308804232187	920	166	251	16	403	242	86	8	90	58	0	0	0.7990090847015381	73680	984.3870158195496	69149	6.149565689467977	
-275021.6762569853	140.2375	9.1875	133.025	84.4625	-4.958308804232187	921	166	233	13	247	150	87	8	87	56	0	0	0.7350480556488037	73760	985.1220638751984	69223	6.151030368763557	
-287532.40567670466	138.0375	9.3875	131.325	83.7625	-4.958308804232187	922	166	198	16	220	139	74	8	90	58	0	0	0.743027925491333	73840	985.8650918006897	69299	6.149783315276267	
-312536.2089863075	140.3625	9.3625	134.1	85.35	-4.958308804232187	923	166	187	14	289	181	85	7	74	48	0	0	0.7513589859008789	73920	986.6164507865906	69374	6.149891774891785	
-212537.68786679854	138.85	9.35	135.3125	85.8875	-4.958308804232187	924	166	187	14	253	159	85	8	87	56	0	0	0.7510509490966797	74000	987.3675017356873	69449	6.150000000000006	
-337526.0756123387	136.5375	9.2125	130.45	83.025	-4.958308804232187	925	166	177	13	265	162	95	8	90	58	0	0	0.7419781684875488	74080	988.1094799041748	69524	6.150107991360684	
-350025.7261873643	138.2875	9.25	129.95	82.7125	-4.958308804232187	926	166	185	13	249	156	87	8	90	58	0	0	0.7625019550323486	74160	988.8719818592072	69600	6.148867313915858	
-237533.46375585085	138.55	9.475	130.65	83.425	-4.958308804232187	927	166	168	14	228	141	104	8	96	62	0	0	0.6698629856109619	74240	989.5418448448181	69669	6.157058189655174	
-237534.37312846663	137.3	9.325	131.8875	84.1625	-4.958308804232187	928	166	191	14	323	198	83	8	90	58	0	0	0.7352452278137207	74320	990.2770900726318	69743	6.158503767491936	
-237528.902456287	137.7125	9.125	126.4375	80.7	-4.958308804232187	929	166	191	13	244	155	125	8	95	61	0	0	0.7866747379302979	74400	991.0637648105621	69818	6.1586021505376465	
-362533.86536229483	135.2875	9.1375	127.1625	81.225	-4.958308804232187	930	166	190	13	218	140	79	8	82	53	0	0	0.7334349155426025	74480	991.7971997261047	69891	6.161385606874319	
-300033.3518009457	135.05	9.4125	129.7	82.95	-4.958308804232187	931	166	175	13	211	131	89	8	82	53	0	0	0.7249741554260254	74560	992.5221738815308	69963	6.165504291845494	
-237537.50189514598	134.55	9.6125	132.4375	84.675	-4.958308804232187	932	166	226	13	223	141	46	8	93	60	0	0	0.7071959972381592	74640	993.2293698787689	70035	6.169614147909968	
-300051.8065598671	135.5125	9.325	131.925	84.0	-4.958308804232187	933	166	171	13	191	120	104	8	90	58	0	0	0.7182271480560303	74720	993.947597026825	70109	6.171038543897211	
-300025.6842757766	135.2	9.8375	141.0625	89.825	-4.958308804232187	934	166	191	14	308	188	81	8	90	58	0	0	0.7545497417449951	74800	994.70214676857	70182	6.1737967914438485	
-212526.14286402875	141.7	9.75	138.225	88.0375	-4.958308804232187	935	166	219	14	308	188	73	8	87	56	0	0	0.7319700717926025	74880	995.4341168403625	70254	6.177884615384613	
-287533.45761096606	136.0125	9.25	128.9	82.15	-4.958308804232187	936	166	180	17	247	152	92	8	90	58	0	0	0.7251980304718018	74960	996.1593148708344	70328	6.17929562433298	
-362521.53447679296	134.45	9.125	126.325	80.55	-4.958308804232187	937	166	187	14	225	143	85	8	82	53	0	0	0.7182478904724121	75040	996.8775627613068	70402	6.180703624733468	
-312538.0733189384	134.8	9.1125	124.8375	79.6	-4.958308804232187	938	166	162	13	286	177	88	8	87	56	0	0	0.7345552444458008	75120	997.6121180057526	70477	6.1807774227902	
-287533.98768441245	131.8625	9.30379746835443	134.2405063291139	85.43037974683544	-4.958308804232187	939	167	182	13.0	286.0	177.0	42	8.0	95.0	61.0	0	0	0.7252397537231445	75200	998.3373577594757	70549	6.184840425531917	
-225037.56869118038	135.2	9.4875	135.3375	86.125	-4.958308804232187	940	167	181	19	312	193	89	8	90	58	0	0	0.7620782852172852	75280	999.099436044693	70624	6.184909670563229	
-337526.1489043763	134.2375	9.6125	140.6125	89.3875	-4.958308804232187	941	167	192	14	263	169	53	8	90	58	0	0	0.7581727504730225	75360	999.857608795166	70698	6.1863057324840725	
-325035.3626494946	139.325	9.525	142.5125	90.325	-4.958308804232187	942	167	192	13	416	254	103	8	82	53	0	0	0.7419049739837646	75440	1000.5995137691498	70770	6.190349946977733	
-337525.4630279066	140.0375	9.675	146.7625	92.8375	-4.958308804232187	943	167	208	15	307	193	92	8	90	58	0	0	0.7662901878356934	75520	1001.3658039569855	70845	6.190413135593218	
-362519.1170719084	138.225	9.675	145.85	92.35	-4.958308804232187	944	167	236	14	273	169	92	8	87	56	0	0	0.7811117172241211	75600	1002.1469156742096	70921	6.1891534391534435	
-362528.8882780201	139.1875	9.275	128.625	81.975	-4.958308804232187	945	167	209	13	258	159	63	8	82	53	0	0	0.7375590801239014	75680	1002.8844747543335	70996	6.189217758985194	
-350025.93860851135	142.0	9.4375	136.4875	86.8625	-4.958308804232187	946	167	190	13	251	153	117	8	86	56	0	0	0.7388002872467041	75760	1003.6232750415802	71070	6.190601900739182	
-350033.5040363571	138.9375	9.3	134.6	85.625	-4.958308804232187	947	167	190	14	281	183	117	8	90	58	0	0	0.755457878112793	75840	1004.378732919693	71145	6.19066455696202	
-212525.87507310728	137.875	8.9375	127.425	81.15	-4.958308804232187	948	167	187	11	212	133	96	8	88	57	0	0	0.7353911399841309	75920	1005.1141240596771	71220	6.190727081138036	
-362525.52147506457	134.925	9.2	127.0125	80.975	-4.958308804232187	949	167	190	13	247	150	71	8	87	56	0	0	0.7324249744415283	76000	1005.8465490341187	71295	6.190789473684205	
-262527.9605894329	136.325	9.2	132.8375	84.4625	-4.958308804232187	950	167	197	13	283	180	91	8	90	58	0	0	0.7176496982574463	76080	1006.5641987323761	71366	6.196109358569927	
-287525.8365508057	134.8625	9.25	130.5375	83.1	-4.958308804232187	951	167	185	13	271	164	61	8	87	56	0	0	0.727957010269165	76160	1007.2921557426453	71440	6.19747899159664	
-325028.7465649731	132.475	9.525	142.35	90.2625	-4.958308804232187	952	167	185	15	271	164	77	8	90	58	0	0	0.7808961868286133	76240	1008.0730519294739	71516	6.1962224554039835	
-275033.56244182994	133.6125	9.875	151.375	96.1375	-4.958308804232187	953	167	192	15	544	339	70	8	90	58	0	0	0.8148758411407471	76320	1008.8879277706146	71590	6.1975890985324895	
-325020.58997502906	134.625	9.4625	138.475	87.9625	-4.958308804232187	954	167	175	14	278	172	88	8	90	58	0	0	0.7297461032867432	76400	1009.6176738739014	71661	6.202879581151834	
-350035.69565293816	131.9	9.65	139.075	88.275	-4.958308804232187	955	167	192	15	410	253	80	8	90	58	0	0	0.7967529296875	76480	1010.4144268035889	71737	6.201621338912133	
-225034.816066203	131.5125	9.5625	140.05	88.75	-4.958308804232187	956	167	187	15	340	208	85	8	87	56	0	0	0.8261370658874512	76560	1011.2405638694763	71813	6.200365726227801	
-225032.9017738678	132.8	9.875	149.675	94.6	-4.958308804232187	957	167	197	14	294	181	33	8	82	53	0	0	0.7951560020446777	76640	1012.035719871521	71889	6.1991127348643005	
-375024.5523486576	132.3	9.6875	139.0125	88.4125	-4.958308804232187	958	167	162	14	247	150	86	8	82	53	0	0	0.7441720962524414	76720	1012.7798919677734	71962	6.201772679874878	
-400032.5946210535	134.925	9.575	139.825	88.7875	-4.958308804232187	959	167	211	14	337	206	42	8	91	59	0	0	0.7700028419494629	76800	1013.5498948097229	72036	6.203125	
-200039.8007068021	125.675	9.6375	142.9875	90.5875	-4.958308804232187	960	167	167	13	337	206	42	8	82	53	0	0	0.744422197341919	76880	1014.2943170070648	72106	6.209677419354847	
-250032.14279894554	132.475	9.569620253164556	138.44303797468353	87.83544303797468	-4.956044883125642	961	168	184	14.0	257.0	157.0	42	8.0	82.0	53.0	0	0	0.7376308441162109	76960	1015.031947851181	72177	6.214916839916839	
-300037.153539813	138.1125	9.575	143.3375	90.875	-4.956044883125642	962	168	202	13	379	229	42	8	90	58	0	0	0.78367018699646	77040	1015.8156180381775	72253	6.21365524402907	
-237547.83031522934	141.6375	9.875	150.4	95.125	-4.956044883125642	963	168	208	15	372	225	42	8	90	58	0	0	0.8263168334960938	77120	1016.6419348716736	72329	6.212396265560159	
-312522.3759804772	139.8625	9.2375	135.15	85.85	-4.956044883125642	964	168	202	13	372	225	42	8	90	58	0	0	0.7566251754760742	77200	1017.3985600471497	72404	6.212435233160619	
-212536.00335575273	144.8625	9.425	143.2875	90.725	-4.956044883125642	965	168	221	13	258	158	42	8	95	61	0	0	0.7736477851867676	77280	1018.1722078323364	72479	6.212474120082817	
-387520.28637020534	140.85	9.375	137.95	87.6125	-4.956044883125642	966	168	202	14	349	215	70	8	87	56	0	0	0.7604179382324219	77360	1018.9326257705688	72554	6.212512926577034	
-287521.4094773548	137.675	9.75	143.6	91.1	-4.956044883125642	967	168	191	15	345	211	70	8	82	53	0	0	0.7902400493621826	77440	1019.722865819931	72629	6.212551652892557	
-412536.8452147114	140.1	9.55	133.2125	84.8125	-4.956044883125642	968	168	202	13	230	145	93	8	79	51	0	0	0.8526101112365723	77520	1020.5754759311676	72704	6.212590299277608	
-350029.0845972217	139.7375	9.6125	145.4875	92.5125	-4.956044883125642	969	168	216	13	296	184	37	8	90	58	0	0	0.7908968925476074	77600	1021.3663728237152	72778	6.213917525773198	
-275034.71969745506	138.1	9.3875	137.275	87.225	-4.956044883125642	970	168	177	13	293	180	95	8	85	55	0	0	0.8031752109527588	77680	1022.169548034668	72854	6.212667353244086	
-262535.4408056741	136.1625	9.3875	142.1875	90.25	-4.956044883125642	971	168	188	13	280	174	84	8	88	57	0	0	0.7773408889770508	77760	1022.946888923645	72928	6.21399176954732	
-412525.6199919452	136.625	9.7375	140.6125	89.4	-4.956044883125642	972	168	220	18	358	218	52	8	90	58	0	0	0.8112740516662598	77840	1023.7581629753113	73004	6.21274409044193	
-250033.67309640246	136.525	9.5875	144.575	91.4125	-4.956044883125642	973	168	193	13	321	197	79	8	90	58	0	0	0.8004007339477539	77920	1024.558563709259	73080	6.21149897330595	
-325017.92533163226	134.4875	9.60759493670886	147.83544303797467	93.20253164556962	-4.956044883125642	974	169	241	14.0	361.0	218.0	29	8.0	87.0	56.0	0	0	0.815040111541748	78000	1025.3736038208008	73152	6.2153846153846075	
-362518.89818606107	132.4125	9.525	147.475	93.0375	-4.956044883125642	975	169	179	15	320	194	93	8	87	56	0	0	0.8161609172821045	78080	1026.1897647380829	73227	6.21542008196721	
-375016.45861882577	132.4875	9.5125	146.1625	92.1	-4.956044883125642	976	169	205	13	320	194	55	8	90	58	0	0	0.8111660480499268	78160	1027.0009307861328	73302	6.215455475946769	
-300018.8078267292	134.3	9.5625	148.0	93.1625	-4.956044883125642	977	169	182	13	352	218	55	8	85	55	0	0	0.8202691078186035	78240	1027.8211998939514	73378	6.214212678936605	
-287527.5444041905	134.3875	9.4625	140.6375	89.1	-4.956044883125642	978	169	178	15	269	163	92	8	93	60	0	0	0.8084049224853516	78320	1028.6296048164368	73454	6.212972420837588	
-275044.5812667002	137.7875	9.8375	142.9875	90.7	-4.956044883125642	979	169	198	14	309	195	90	8	87	56	0	0	0.7827780246734619	78400	1029.4123828411102	73527	6.2155612244897895	
-325025.85575471935	136.3625	9.9875	147.5375	93.5125	-4.956044883125642	980	169	198	14	247	150	90	8	90	58	0	0	0.823077917098999	78480	1030.2354607582092	73602	6.215596330275233	
-262541.55985214084	133.4625	9.475	142.6625	90.45	-4.956044883125642	981	169	192	15	256	161	78	8	82	53	0	0	0.7784991264343262	78560	1031.0139598846436	73676	6.216904276985744	
-200030.07426638063	133.925	9.85	149.375	94.3125	-4.956044883125642	982	169	195	14	271	164	49	8	90	58	0	0	0.7849469184875488	78640	1031.798906803131	73748	6.2207527975584895	
-400026.59666702215	137.9625	9.3625	137.95	87.625	-4.956044883125642	983	169	192	13	254	156	96	8	93	60	0	0	0.7611188888549805	78720	1032.560025691986	73823	6.220782520325201	
-300030.2816114401	137.5875	9.45	141.175	89.725	-4.956044883125642	984	169	192	17	361	220	71	8	87	56	0	0	0.7696192264556885	78800	1033.3296449184418	73897	6.222081218274113	
-337531.1433419042	133.3875	9.4625	139.4	88.525	-4.956044883125642	985	169	206	13	296	184	60	8	90	58	0	0	0.7598071098327637	78880	1034.0894520282745	73972	6.222109533468554	
-287531.4985490607	132.7375	9.2125	135.65	86.25	-4.956044883125642	986	169	203	13	312	193	60	8	82	53	0	0	0.7437458038330078	78960	1034.8331978321075	74047	6.222137791286727	
-162541.12328544387	126.925	9.0	130.225	82.8625	-4.948033487538178	987	169	140	13	247	150	58	8	90	58	0	0	0.7489042282104492	79040	1035.582102060318	74123	6.220900809716596	
-350030.14733918395	127.35	9.3375	130.075	82.925	-4.948033487538178	988	169	188	13	286	176	45	8	82	53	0	0	0.7346408367156982	79120	1036.3167428970337	74197	6.222194135490398	
-275042.96520373883	127.375	9.379746835443038	134.40506329113924	85.62025316455696	-4.948033487538178	989	170	185	14.0	337.0	204.0	40	8.0	82.0	53.0	0	0	0.7713778018951416	79200	1037.0881206989288	74272	6.222222222222214	
-312528.52374142385	129.4375	9.30379746835443	136.43037974683546	86.53164556962025	-4.948033487538178	990	171	199	13.0	337.0	206.0	40	8.0	88.0	57.0	0	0	0.7850832939147949	79280	1037.8732039928436	74345	6.224772956609485	
-400024.2520996292	135.9875	9.45	134.25	85.3125	-4.948033487538178	991	171	216	13	299	182	60	8	90	58	0	0	0.8140437602996826	79360	1038.6872477531433	74421	6.223538306451616	
-200040.51376924492	137.45	9.3875	136.175	86.45	-4.948033487538178	992	171	172	14	299	182	102	8	90	58	0	0	0.747847318649292	79440	1039.4350950717926	74495	6.224823766364551	
-325044.15124946274	137.625	9.525	138.3	87.7	-4.948033487538178	993	171	178	13	356	218	94	8	82	53	0	0	0.7676060199737549	79520	1040.2027010917664	74570	6.2248490945674035	
-300028.23722718575	137.0	9.3625	131.15	83.625	-4.948033487538178	994	171	178	13	258	157	124	8	84	54	0	0	0.7262368202209473	79600	1040.9289379119873	74645	6.2248743718593005	
-212540.97343723988	137.1	9.575	143.9125	91.1375	-4.948033487538178	995	171	247	13	348	218	67	8	87	56	0	0	0.7841060161590576	79680	1041.7130439281464	74719	6.226154618473899	
-400030.2546139067	133.475	9.25	134.575	85.75	-4.948033487538178	996	171	185	12	274	175	87	8	87	56	0	0	0.7639081478118896	79760	1042.4769520759583	74794	6.22617853560682	
-300025.828654662	132.0125	9.575	141.475	89.9125	-4.948033487538178	997	171	171	15	265	172	78	8	87	56	0	0	0.7573397159576416	79840	1043.234291791916	74868	6.227454909819642	
-325033.04885702877	136.2625	9.8	138.1375	87.925	-4.948033487538178	998	171	191	15	251	153	58	8	87	56	0	0	0.764275074005127	79920	1043.998566865921	74944	6.226226226226231	
-425027.6337724247	135.75	9.7625	137.5	87.6875	-4.948033487538178	999	171	175	14	264	164	94	8	90	58	0	0	0.7639899253845215	80000	1044.7625567913055	75019	6.226249999999993	
-225021.33943110527	138.6	9.8	148.525	94.325	-4.948033487538178	1000	171	214	14	264	164	53	8	87	56	0	0	0.7658591270446777	80080	1045.5284159183502	75091	6.230019980019989	
-362532.23016674694	141.7375	9.625	142.1375	90.4125	-4.948033487538178	1001	171	237	17	322	204	96	8	87	56	0	0	0.8029167652130127	80160	1046.3313326835632	75167	6.228792415169664	
-250029.5769675863	134.0625	9.7875	144.8	92.25	-4.948033487538178	1002	171	181	16	286	180	91	8	82	53	0	0	0.7733120918273926	80240	1047.1046447753906	75240	6.231306081754738	
-325030.3026378461	133.4125	9.525	137.3125	87.475	-4.948033487538178	1003	171	152	16	274	173	70	8	90	58	0	0	0.752223014831543	80320	1047.8568677902222	75314	6.232569721115539	
-375020.3427148189	135.725	9.6125	138.9625	88.675	-4.948033487538178	1004	171	182	16	321	205	90	8	93	60	0	0	0.7477900981903076	80400	1048.6046578884125	75389	6.232587064676622	
-337529.6398653328	135.475	9.8375	140.0	89.4	-4.948033487538178	1005	171	195	14	222	143	77	8	90	58	0	0	0.7703888416290283	80480	1049.3750467300415	75463	6.233846918489064	
-350033.3288369502	137.6875	9.525	134.0875	85.3	-4.948033487538178	1006	171	190	15	273	172	82	8	87	56	0	0	0.8090951442718506	80560	1050.1841418743134	75538	6.2338629592850054	
-375019.7677339106	142.2625	9.7125	143.925	91.2875	-4.948033487538178	1007	171	200	16	271	175	77	8	82	53	0	0	0.8112730979919434	80640	1050.9954149723053	75614	6.232638888888886	
-275023.1532585541	141.025	9.625	143.5875	90.975	-4.948033487538178	1008	171	200	13	279	173	85	8	82	53	0	0	0.7769899368286133	80720	1051.772404909134	75689	6.23265609514371	
-387530.95225159667	135.0125	9.39240506329114	133.50632911392404	84.9367088607595	-4.9362224120853275	1009	172	232	15.0	262.0	160.0	24	8.0	90.0	58.0	0	0	0.7524778842926025	80800	1052.5248827934265	75764	6.2326732673267315	
-300037.51052063226	132.6125	9.55	135.575	86.3625	-4.9362224120853275	1010	172	219	15	255	158	72	8	90	58	0	0	0.7664909362792969	80880	1053.2913737297058	75839	6.23269040553906	
-300033.670551601	132.4125	9.35	130.8375	83.5375	-4.9362224120853275	1011	172	183	16	337	209	99	8	86	56	0	0	0.7180023193359375	80960	1054.0093760490417	75911	6.236413043478265	
-350021.30741881917	132.275	9.425	131.425	83.925	-4.9362224120853275	1012	172	188	17	247	155	72	8	82	53	0	0	0.7311537265777588	81040	1054.7405297756195	75985	6.237660414610076	
-437524.6582558017	133.6	9.5875	134.6625	86.0875	-4.9362224120853275	1013	172	180	13	273	172	92	8	90	58	0	0	0.7506942749023438	81120	1055.4912240505219	76060	6.2376725838264235	
-337533.6787187116	136.3625	9.7	136.225	87.0375	-4.9362224120853275	1014	172	198	16	256	158	74	8	82	53	0	0	0.7532780170440674	81200	1056.244502067566	76134	6.238916256157637	
-287528.5729821896	135.725	9.95	147.55	93.8375	-4.9362224120853275	1015	172	198	15	298	188	74	8	90	58	0	0	0.7781727313995361	81280	1057.0226747989655	76208	6.240157480314963	
-312532.3944974196	134.975	9.325	137.7	87.2625	-4.9362224120853275	1016	172	171	12	280	172	74	8	87	56	0	0	0.7784168720245361	81360	1057.80109167099	76282	6.2413962635201585	
-375034.7127902382	136.3125	9.425	133.9625	85.175	-4.9362224120853275	1017	172	173	13	262	163	99	8	82	53	0	0	0.7461371421813965	81440	1058.5472288131714	76355	6.243860510805504	
-300036.85657274997	136.325	9.5125	143.95	91.3375	-4.9362224120853275	1018	172	174	14	346	211	100	8	93	60	0	0	0.8015379905700684	81520	1059.3487668037415	76429	6.245093228655534	
-337523.69970792707	138.625	9.975	146.3875	93.075	-4.9362224120853275	1019	172	180	17	302	184	92	8	87	56	0	0	0.8190269470214844	81600	1060.167793750763	76505	6.243872549019599	
-300026.53867758304	135.7625	9.825	144.5125	91.825	-4.916038818528179	1020	172	191	13	297	184	55	8	95	61	0	0	0.8003489971160889	81680	1060.968142747879	76580	6.243878550440741	
-337521.1870422638	138.525	9.95	147.9	93.7625	-4.916038818528179	1021	172	185	16	295	185	99	8	87	56	0	0	0.8125770092010498	81760	1061.78071975708	76655	6.243884540117421	
-350020.4143043094	140.4875	9.925	149.9125	95.075	-4.916038818528179	1022	172	185	15	352	217	100	8	98	63	0	0	0.7943522930145264	81840	1062.5750720500946	76728	6.246334310850443	
-362526.7094349469	140.275	9.60759493670886	143.1012658227848	90.64556962025317	-4.916038818528179	1023	173	215	15.0	411.0	255.0	64	8.0	82.0	53.0	0	0	0.8105907440185547	81920	1063.3856627941132	76803	6.246337890625	
-362525.318175928	138.4625	9.2875	132.8125	84.45	-4.916038818528179	1024	173	219	13	330	203	70	8	90	58	0	0	0.7548942565917969	82000	1064.140557050705	76878	6.2463414634146375	
-400023.7942690158	138.125	9.9625	144.125	91.575	-4.916038818528179	1025	173	166	15	304	186	106	8	90	58	0	0	0.776094913482666	82080	1064.9166519641876	76953	6.246345029239762	
-337530.0424175545	137.3875	9.925	146.075	92.575	-4.916038818528179	1026	173	200	15	418	253	72	8	87	56	0	0	0.8314681053161621	82160	1065.7481200695038	77029	6.245131450827657	
-350019.0817940336	134.3	9.5625	140.0375	89.0125	-4.916038818528179	1027	173	212	15	323	198	41	8	82	53	0	0	0.7788097858428955	82240	1066.5269298553467	77104	6.245136186770424	
-262521.040403237	143.8375	9.4	135.6625	86.1375	-4.916038818528179	1028	173	212	13	274	168	73	8	90	58	0	0	0.750478982925415	82320	1067.277408838272	77178	6.246355685131206	
-350020.5802317917	146.3125	9.8625	144.1375	91.3	-4.916038818528179	1029	173	212	13	271	168	90	8	90	58	0	0	0.7855429649353027	82400	1068.0629518032074	77252	6.247572815533985	
-362529.4126025466	139.6125	9.6125	141.1375	89.55	-4.916038818528179	1030	173	247	15	352	217	89	8	82	53	0	0	0.7768189907073975	82480	1068.8397707939148	77326	6.2487875848690635	
-312524.45057653345	138.25	9.65	141.1625	89.6625	-4.916038818528179	1031	173	247	13	310	192	103	8	90	58	0	0	0.7583951950073242	82560	1069.5981659889221	77399	6.25121124031007	
-400016.50121116976	136.0	9.5125	137.3125	87.5125	-4.916038818528179	1032	173	178	14	246	153	94	8	90	58	0	0	0.7222609519958496	82640	1070.320426940918	77469	6.257260406582759	
-375016.83792377665	135.0375	9.3375	129.725	82.875	-4.916038818528179	1033	173	164	14	253	162	94	8	90	58	0	0	0.7563228607177734	82720	1071.0767498016357	77544	6.257253384912957	
-375022.89551714464	136.2625	9.0625	126.8625	80.8	-4.916038818528179	1034	173	179	12	212	133	93	8	82	53	0	0	0.7084672451019287	82800	1071.7852170467377	77617	6.259661835748801	
-400025.0802318477	136.6125	9.3375	137.675	87.2625	-4.893390185405723	1035	173	194	14	324	200	78	8	82	53	0	0	0.7910447120666504	82880	1072.5762617588043	77692	6.259652509652511	
-250031.49153160508	137.5875	9.4625	140.4375	89.0	-4.893390185405723	1036	173	194	13	271	164	78	8	90	58	0	0	0.7693800926208496	82960	1073.3456418514252	77766	6.260848601735773	
-300023.22340741556	138.6625	9.35	141.175	89.3875	-4.893390185405723	1037	173	193	14	334	203	79	8	90	58	0	0	0.7857999801635742	83040	1074.1314418315887	77841	6.260838150289018	
-325037.366735945	136.4875	9.5875	142.1875	90.0625	-4.884097402404979	1038	173	173	13	271	164	99	8	82	53	0	0	0.7675771713256836	83120	1074.8990190029144	77915	6.262030798845046	
-375026.2802298912	135.3	9.7	144.8	91.9	-4.884097402404979	1039	173	199	18	350	223	72	8	90	58	0	0	0.7800848484039307	83200	1075.6791038513184	77991	6.260817307692307	
-262534.56911366526	135.2625	9.425	139.1	88.2125	-4.884097402404979	1040	173	184	13	334	205	88	8	82	53	0	0	0.7759261131286621	83280	1076.455029964447	78065	6.262007684918345	
-300015.27868413634	135.8125	9.7125	151.95	95.725	-4.884097402404979	1041	173	188	15	415	248	80	8	90	58	0	0	0.8130848407745361	83360	1077.2681148052216	78139	6.2631957773512426	
-262534.3147190161	136.3375	9.645569620253164	142.9620253164557	90.31645569620254	-4.884097402404979	1042	174	198	15.0	357.0	215.0	74	8.0	90.0	58.0	0	0	0.7765419483184814	83440	1078.04465675354	78212	6.265580057526364	
-250017.8650420715	136.0125	9.75	145.8875	92.1875	-4.884097402404979	1043	174	156	14	342	211	116	8	95	61	0	0	0.837454080581665	83520	1078.8821108341217	78285	6.267959770114942	
-287529.18422026694	136.0	9.4125	137.8875	87.3875	-4.884097402404979	1044	174	207	13	271	164	65	8	90	58	0	0	0.7764229774475098	83600	1079.6585338115692	78360	6.267942583732051	
-375025.94440006535	136.0625	9.5125	136.5625	87.0	-4.884097402404979	1045	174	175	17	240	152	99	8	85	55	0	0	0.7438831329345703	83680	1080.4024169445038	78434	6.26912045889101	
-337523.78337466496	134.7875	9.75	144.8125	91.75	-4.884097402404979	1046	174	155	16	295	178	91	8	87	56	0	0	0.7824628353118896	83760	1081.1848797798157	78510	6.267908309455578	
-275035.8938413731	131.775	9.5375	141.7125	89.825	-4.884097402404979	1047	174	199	15	228	144	39	8	96	62	0	0	0.7933402061462402	83840	1081.978219985962	78586	6.266698473282446	
-337524.034266105	133.4	9.45	137.125	86.825	-4.884097402404979	1048	174	189	15	218	133	83	8	90	58	0	0	0.7497589588165283	83920	1082.7279789447784	78660	6.267874165872257	
-237534.81399296504	132.05	9.7	148.6375	93.85	-4.884097402404979	1049	174	178	14	307	191	74	8	90	58	0	0	0.7822520732879639	84000	1083.5102310180664	78733	6.270238095238085	
-400023.12886392936	133.75	9.625	142.9625	90.3375	-4.864914469263041	1050	174	190	13	271	164	68	8	90	58	0	0	0.8007228374481201	84080	1084.3109538555145	78809	6.269029495718357	
-237533.83796183445	132.575	9.9	152.4	95.975	-4.864914469263041	1051	174	223	14	468	279	49	8	87	56	0	0	0.9024419784545898	84160	1085.2133958339691	78885	6.267823193916357	
-262524.72519658075	133.95	9.825	152.9375	96.7875	-4.864914469263041	1052	174	200	14	468	279	72	8	82	53	0	0	0.8539800643920898	84240	1086.0673758983612	78959	6.268993352326689	
-275036.21094855387	135.3625	9.45	142.8375	90.3875	-4.864914469263041	1053	174	178	15	413	249	92	8	87	56	0	0	0.8217687606811523	84320	1086.8891446590424	79033	6.270161290322591	
-312533.2794521668	138.4375	9.6375	141.7125	89.85	-4.864914469263041	1054	174	237	15	271	164	74	8	90	58	0	0	0.7870352268218994	84400	1087.6761798858643	79108	6.27014218009478	
-275033.13400494424	137.75	9.6875	147.65	93.3375	-4.864914469263041	1055	174	175	15	411	249	95	8	90	58	0	0	0.8005378246307373	84480	1088.476717710495	79180	6.273674242424249	
-337526.6326099286	138.6375	9.6	135.775	86.425	-4.864914469263041	1056	174	179	13	271	164	95	8	82	53	0	0	0.752129077911377	84560	1089.2288467884064	79253	6.276017029328287	
-275040.8862610341	140.0875	9.8	145.2125	92.05	-4.864914469263041	1057	174	178	15	373	225	105	8	90	58	0	0	0.8170862197875977	84640	1090.045933008194	79328	6.275992438563321	
-312540.30061100604	137.3625	9.5375	135.675	86.2375	-4.864914469263041	1058	174	175	15	271	164	100	8	87	56	0	0	0.7797257900238037	84720	1090.8256587982178	79404	6.274787535410766	
-375022.46683467214	136.0	9.8875	149.5	94.5875	-4.864914469263041	1059	174	163	15	334	204	109	8	82	53	0	0	0.821925163269043	84800	1091.6475839614868	79479	6.274764150943398	
-287529.36807782867	135.6375	9.9	147.2	93.4875	-4.864914469263041	1060	174	146	15	334	204	109	8	90	58	0	0	0.8013451099395752	84880	1092.4489290714264	79553	6.275918944392075	
-250049.64740343663	136.675	9.725	142.1875	90.15	-4.864914469263041	1061	174	183	14	247	152	89	8	82	53	0	0	0.7900075912475586	84960	1093.238936662674	79628	6.2758945386064084	
-375024.1109190395	136.85	9.6875	138.4875	88.25	-4.864914469263041	1062	174	168	14	258	157	104	8	82	53	0	0	0.7707183361053467	85040	1094.0096549987793	79703	6.275870178739424	
-300036.5319065768	137.3875	9.5125	141.6125	89.8375	-4.864914469263041	1063	174	192	14	327	202	100	8	98	63	0	0	0.7759649753570557	85120	1094.7856199741364	79777	6.27702067669172	
-262534.4075639436	135.875	9.89873417721519	149.26582278481013	94.59493670886076	-4.843836698332639	1064	175	228	15.0	275.0	177.0	44	8.0	90.0	58.0	0	0	0.81784987449646	85200	1095.6034698486328	79851	6.2781690140845114	
-225040.40112110422	136.275	9.810126582278482	150.39240506329114	94.9620253164557	-4.843836698332639	1065	176	246	14.0	343.0	206.0	26	8.0	90.0	58.0	0	0	0.8316969871520996	85280	1096.435166835785	79924	6.2804878048780495	
-387527.5009375671	138.475	9.3625	134.9375	85.9125	-4.843836698332639	1066	176	186	13	306	190	98	7	82	53	0	0	0.7615230083465576	85360	1097.1966898441315	79998	6.281630740393624	
-287537.0012333324	136.6	9.3	132.2625	84.2625	-4.843836698332639	1067	176	197	15	321	200	79	8	90	58	0	0	0.7611699104309082	85440	1097.9578597545624	80073	6.281601123595507	
-300018.09256432316	135.8	9.2875	134.65	85.4625	-4.843836698332639	1068	176	176	13	271	164	96	8	90	58	0	0	0.7619309425354004	85520	1098.7197906970978	80147	6.282740879326482	
-375029.6956294795	137.1125	9.60759493670886	142.73417721518987	90.54430379746836	-4.843836698332639	1069	177	221	17.0	324.0	202.0	39	8.0	87.0	56.0	0	0	0.7762880325317383	85600	1099.4960787296295	80222	6.28271028037382	
-187527.6828346506	138.075	9.975	156.4	98.525	-4.843836698332639	1070	177	206	17	373	225	80	8	82	53	0	0	0.8246011734008789	85680	1100.3206799030304	80296	6.283846872082165	
-262524.73896585335	137.125	9.5	140.575	89.075	-4.843836698332639	1071	177	202	13	373	225	93	8	90	58	0	0	0.7989330291748047	85760	1101.1196129322052	80372	6.282649253731336	
-400027.4660802554	136.5	9.658227848101266	142.0126582278481	90.22784810126582	-4.843836698332639	1072	178	265	15.0	334.0	204.0	42	8.0	87.0	56.0	0	0	0.8066539764404297	85840	1101.9262669086456	80447	6.282618825722281	
-275020.60323807545	136.0125	9.525	140.4625	89.0875	-4.843836698332639	1073	178	202	17	286	176	70	8	90	58	0	0	0.7910981178283691	85920	1102.717365026474	80523	6.281424581005595	
-350024.9738734602	135.8	9.4375	140.35	89.0625	-4.843836698332639	1074	178	214	14	293	185	58	8	90	58	0	0	0.7509078979492188	86000	1103.4682729244232	80595	6.284883720930239	
-312541.8395814451	136.0	9.575	143.775	90.925	-4.843836698332639	1075	178	195	14	306	185	77	8	90	58	0	0	0.7721998691558838	86080	1104.240472793579	80669	6.28601301115242	
-337516.4273524651	135.95	9.9375	155.8875	98.625	-4.843836698332639	1076	178	198	13	289	183	74	8	90	58	0	0	0.8240790367126465	86160	1105.0645518302917	80743	6.287140204271125	
-325053.9515770002	137.575	9.575	137.8625	87.75	-4.843836698332639	1077	178	198	15	254	160	90	8	90	58	0	0	0.7765450477600098	86240	1105.8410968780518	80818	6.287105751391465	
-325020.4694921887	137.725	9.8375	150.9625	95.375	-4.843836698332639	1078	178	222	15	287	175	50	8	82	53	0	0	0.8445339202880859	86320	1106.6856307983398	80894	6.285912882298433	
-287526.3730922211	134.6	10.0	156.3	98.625	-4.843836698332639	1079	178	234	16	371	235	38	8	90	58	0	0	0.8806560039520264	86400	1107.5662868022919	80969	6.285879629629633	
-312533.24224923167	127.75	9.8875	153.5875	97.075	-4.843836698332639	1080	178	202	16	453	286	48	8	87	56	0	0	0.8533370494842529	86480	1108.4196238517761	81044	6.285846438482892	
-325024.3577686359	137.85	9.91139240506329	147.9240506329114	93.9367088607595	-4.843836698332639	1081	179	212	19.0	489.0	315.0	52	8.0	90.0	58.0	0	0	0.8649861812591553	86560	1109.2846100330353	81117	6.28812384473197	
-275045.27462137694	138.2	9.925	149.3	94.7	-4.843836698332639	1082	179	222	19	475	302	52	8	90	58	0	0	0.838573694229126	86640	1110.1231837272644	81192	6.2880886426592895	
-412530.22434001585	137.1	9.4625	136.1625	86.475	-4.843836698332639	1083	179	181	15	363	223	91	8	82	53	0	0	0.8100752830505371	86720	1110.933259010315	81268	6.286900369003689	
-375019.52707589604	136.45	9.975	157.5	99.2625	-4.843836698332639	1084	179	190	16	415	252	82	8	82	53	0	0	0.880333662033081	86800	1111.813592672348	81343	6.286866359447004	
-300027.0102270358	137.125	9.5875	143.7625	90.8375	-4.843836698332639	1085	179	179	16	394	238	93	8	87	56	0	0	0.8199431896209717	86880	1112.633535861969	81416	6.289134438305709	
-325026.7877353466	137.0	9.5625	134.1	85.575	-4.769015785346229	1086	179	222	17	219	139	84	8	90	58	0	0	0.767085075378418	86960	1113.4006209373474	81492	6.287948482060713	
-400017.79771007644	135.275	9.7375	135.3	86.5375	-4.769015785346229	1087	179	181	14	221	138	91	8	91	59	0	0	0.7436947822570801	87040	1114.1443157196045	81565	6.290211397058826	
-412522.5546400791	133.9125	9.5875	132.85	84.9375	-4.769015785346229	1088	179	199	16	247	159	73	8	82	53	0	0	0.7579982280731201	87120	1114.9023139476776	81640	6.290174471992643	
-325021.9300489031	134.325	9.275	127.4625	81.6125	-4.769015785346229	1089	179	169	14	252	162	73	8	88	57	0	0	0.7448539733886719	87200	1115.6471679210663	81714	6.291284403669721	
-425031.1970822449	135.75	9.625	138.5875	88.425	-4.769015785346229	1090	179	201	13	218	140	102	8	82	53	0	0	0.7868847846984863	87280	1116.4340527057648	81790	6.290100824931258	
-337528.6814040812	137.2	9.85	141.075	90.175	-4.769015785346229	1091	179	238	15	230	145	94	8	95	61	0	0	0.7481591701507568	87360	1117.1822118759155	81864	6.291208791208788	
-350027.5470655889	133.6	9.8625	143.275	91.225	-4.769015785346229	1092	179	163	20	307	199	93	8	87	56	0	0	0.7490348815917969	87440	1117.9312467575073	81936	6.294602012808781	
-387515.03398987313	136.225	9.4625	141.3	89.6625	-4.769015785346229	1093	179	188	14	261	164	84	8	95	61	0	0	0.7740249633789062	87520	1118.7052717208862	82012	6.293418647166362	
-362525.29845742823	136.6625	9.6875	139.6625	88.875	-4.769015785346229	1094	179	175	17	218	135	97	8	82	53	0	0	0.7712640762329102	87600	1119.4765357971191	82087	6.293378995433784	
-262525.20114911214	136.7125	9.4875	132.625	84.625	-4.769015785346229	1095	179	181	14	215	138	91	8	82	53	0	0	0.7515501976013184	87680	1120.2280859947205	82163	6.292198905109487	
-350020.73038242734	135.7625	9.475	132.425	84.5	-4.769015785346229	1096	179	182	14	313	198	78	8	82	53	0	0	0.742060661315918	87760	1120.9701466560364	82237	6.2932999088423	
-350029.9425943297	137.4	9.525	141.2625	89.725	-4.769015785346229	1097	179	210	14	313	198	67	8	90	58	0	0	0.7845871448516846	87840	1121.754733800888	82312	6.293260473588347	
-300025.80216540507	137.2125	9.225	130.7625	83.3625	-4.769015785346229	1098	179	196	13	242	152	92	8	88	57	0	0	0.7476201057434082	87920	1122.5023539066315	82387	6.293221110100092	
-325026.18136127206	135.3	9.225	126.8875	81.0625	-4.769015785346229	1099	179	179	14	270	174	93	8	87	56	0	0	0.739454984664917	88000	1123.2418088912964	82461	6.294318181818184	
-325018.93343025923	136.775	9.1875	130.8125	83.3125	-4.769015785346229	1100	179	237	12	241	152	67	8	87	56	0	0	0.73974609375	88080	1123.9815549850464	82534	6.296548592188927	
-337522.668043838	133.7875	9.3125	138.4375	87.875	-4.769015785346229	1101	179	191	14	293	180	67	8	95	61	0	0	0.7751219272613525	88160	1124.7566769123077	82608	6.297640653357533	
-387534.71439656377	137.525	9.325	138.925	87.7375	-4.769015785346229	1102	179	195	14	267	162	82	8	91	59	0	0	0.8135740756988525	88240	1125.5702509880066	82684	6.296464188576607	
-300028.0496813057	136.825	9.75	148.4625	93.6	-4.769015785346229	1103	179	202	14	267	162	70	8	90	58	0	0	0.8192379474639893	88320	1126.3894889354706	82759	6.2964221014492665	
-350017.974026779	136.5625	9.6625	146.4125	92.625	-4.769015785346229	1104	179	217	15	324	197	55	8	91	59	0	0	0.7968659400939941	88400	1127.1863548755646	82833	6.297511312217196	
-225030.17424405226	126.3375	9.556962025316455	145.73417721518987	92.31645569620254	-4.769015785346229	1105	180	187	15.0	266.0	168.0	46	8.0	82.0	53.0	0	0	0.7830660343170166	88480	1127.9694209098816	82905	6.3008589511754	
-325027.8441744508	132.2	9.525	142.625	90.4875	-4.769015785346229	1106	180	179	15	340	209	55	8	82	53	0	0	0.7662689685821533	88560	1128.7356898784637	82977	6.304200542005418	
-262525.0446333621	135.05	9.55	143.1875	90.775	-4.769015785346229	1107	180	223	14	280	170	55	8	91	59	0	0	0.7450969219207764	88640	1129.4807868003845	83051	6.305279783393502	
-300029.5102699703	135.8625	9.2625	135.375	86.1	-4.769015785346229	1108	180	197	13	277	168	30	8	82	53	0	0	0.7617490291595459	88720	1130.242535829544	83126	6.3052299368800675	
-262530.6418395061	139.3625	9.25	135.4875	86.225	-4.769015785346229	1109	180	180	14	284	176	30	8	88	57	0	0	0.7658650875091553	88800	1131.0084009170532	83202	6.304054054054049	
-212534.81349397163	138.525	9.564102564102564	150.55128205128204	95.01282051282051	-4.769015785346229	1110	182	188	13.0	264.0	161.0	40	8.0	91.0	59.0	0	0	0.7785038948059082	88880	1131.7869048118591	83276	6.30513051305131	
-362513.7626063793	139.55	9.3875	133.1875	84.9375	-4.769015785346229	1111	182	196	14	245	153	76	8	88	57	0	0	0.7290370464324951	88960	1132.5159418582916	83348	6.3084532374100775	
-300029.6013196643	136.225	9.0	122.5375	78.35	-4.769015785346229	1112	182	211	13	224	142	85	8	90	58	0	0	0.7377920150756836	89040	1133.2537338733673	83420	6.311769991015268	
-275029.02994988475	133.8375	9.325	130.15	83.05	-4.769015785346229	1113	182	182	16	281	178	85	8	91	59	0	0	0.7237701416015625	89120	1133.9775040149689	83493	6.313958707360868	
-287526.65978660434	133.575	9.275	128.7375	82.1	-4.769015785346229	1114	182	171	15	250	151	64	8	90	58	0	0	0.7276086807250977	89200	1134.705112695694	83565	6.317264573991039	
-412528.83216084825	135.6125	9.2125	128.05	81.8875	-4.769015785346229	1115	182	172	14	271	173	93	8	82	53	0	0	0.7353982925415039	89280	1135.4405109882355	83639	6.318324372759861	
-325023.49344822543	137.1875	9.1875	129.0375	82.2875	-4.769015785346229	1116	182	167	13	216	137	105	8	87	56	0	0	0.7515478134155273	89360	1136.192058801651	83714	6.318263205013437	
-275028.65652110043	138.3125	9.1	128.8625	82.0875	-4.769015785346229	1117	182	168	13	247	150	108	8	87	56	0	0	0.7159018516540527	89440	1136.907960653305	83785	6.322674418604649	
-275035.8377920024	136.3375	9.2875	138.1	87.6875	-4.769015785346229	1118	182	199	12	266	166	61	8	90	58	0	0	0.7946963310241699	89520	1137.7026569843292	83861	6.3214924039320834	
-337525.7444059063	136.2125	9.75	140.9375	89.825	-4.769015785346229	1119	182	199	15	282	181	73	8	95	61	0	0	0.836087703704834	89600	1138.538744688034	83936	6.321428571428569	
-362525.27476607927	141.5125	9.7125	136.9375	87.2875	-4.769015785346229	1120	182	199	14	274	171	84	8	95	61	0	0	0.7653732299804688	89680	1139.3041179180145	84011	6.321364852809992	
-362518.7175376097	135.2	9.5375	138.375	88.0375	-4.762493085447979	1121	182	217	14	219	135	77	8	98	63	0	0	0.7500710487365723	89760	1140.054188966751	84085	6.322415329768276	
-312521.82700269326	131.975	9.4	139.9375	88.625	-4.762493085447979	1122	182	232	13	315	195	54	8	90	58	0	0	0.7845330238342285	89840	1140.8387219905853	84161	6.321237756010689	
-362529.8852426609	129.1625	9.5625	142.45	90.2375	-4.762493085447979	1123	182	217	18	259	158	27	8	82	53	0	0	0.7883028984069824	89920	1141.6270248889923	84236	6.32117437722421	
-312530.1382426652	127.0375	9.6375	138.925	88.275	-4.762493085447979	1124	182	190	18	247	156	53	8	96	62	0	0	0.7624979019165039	90000	1142.3895227909088	84311	6.321111111111108	
-337532.2897224999	135.7	9.7375	145.3375	92.1625	-4.762493085447979	1125	182	177	14	282	173	77	8	90	58	0	0	0.7858529090881348	90080	1143.175375699997	84387	6.319937833037301	
-300029.50972203095	138.15	8.924050632911392	128.34177215189874	81.51898734177215	-4.762493085447979	1126	183	256	13.0	270.0	165.0	30	8.0	88.0	57.0	0	0	0.7322702407836914	90160	1143.9076459407806	84461	6.320984915705409	
-275028.0196787986	136.525	9.15	128.75	82.2	-4.762493085447979	1127	183	161	14	202	131	111	8	95	61	0	0	0.7200760841369629	90240	1144.6277220249176	84534	6.323138297872347	
-325017.1550089504	136.225	9.20253164556962	130.16455696202533	82.83544303797468	-4.762493085447979	1128	184	218	14.0	242.0	152.0	54	8.0	87.0	56.0	0	0	0.7221848964691162	90320	1145.3499069213867	84607	6.325287865367585	
-225025.94729114184	135.9875	9.4	143.675	90.85	-4.762493085447979	1129	184	219	15	307	196	54	8	91	59	0	0	0.7550928592681885	90400	1146.104999780655	84682	6.325221238938056	
-350014.2596172931	135.5375	9.1375	130.15	82.7375	-4.762493085447979	1130	184	226	13	224	140	46	8	87	56	0	0	0.737159013748169	90480	1146.842158794403	84757	6.325154730327142	
-362530.3500235701	135.975	9.475	135.25	86.0875	-4.762493085447979	1131	184	195	12	234	146	75	8	82	53	0	0	0.7645671367645264	90560	1147.6067259311676	84833	6.323984098939931	
-325032.49827736616	136.175	9.4125	143.225	90.525	-4.762493085447979	1132	184	176	14	290	175	104	8	88	57	0	0	0.7903409004211426	90640	1148.3970668315887	84908	6.323918799646961	
-300023.97277456586	135.0875	9.6875	144.175	91.3125	-4.762493085447979	1133	184	174	19	301	182	93	8	90	58	0	0	0.8118281364440918	90720	1149.2088949680328	84984	6.322751322751316	
-337521.81628778327	136.5625	9.3	134.6625	85.5	-4.762493085447979	1134	184	174	13	262	165	104	8	87	56	0	0	0.7809758186340332	90800	1149.9898707866669	85059	6.322687224669593	
-325031.09528527624	136.9375	9.25	131.5375	83.725	-4.762493085447979	1135	184	177	12	245	154	101	8	90	58	0	0	0.7553091049194336	90880	1150.7451798915863	85135	6.321522887323937	
-312527.57048109884	137.9875	9.5875	138.5875	88.2375	-4.762493085447979	1136	184	171	13	236	147	102	8	87	56	0	0	0.7567107677459717	90960	1151.5018906593323	85210	6.3214599824098485	
-400020.79925009917	137.0375	9.5125	137.925	87.625	-4.762493085447979	1137	184	161	13	247	152	111	8	90	58	0	0	0.772585391998291	91040	1152.2744760513306	85286	6.320298769771526	
-350035.02319198113	137.475	9.4875	138.0375	87.75	-4.762493085447979	1138	184	185	14	248	162	110	8	87	56	0	0	0.7791800498962402	91120	1153.0536561012268	85361	6.3202370500439	
-362529.61139894725	137.65	9.6875	147.7875	93.6625	-4.762493085447979	1139	184	169	16	271	164	103	8	90	58	0	0	0.807776689529419	91200	1153.8614327907562	85437	6.319078947368411	
-375032.1272992924	136.7875	9.6375	142.0	90.425	-4.762493085447979	1140	184	194	13	316	197	78	8	90	58	0	0	0.7594780921936035	91280	1154.6209108829498	85510	6.321209465381244	
-350036.9859091657	136.3	9.5125	143.7	91.1	-4.762493085447979	1141	184	197	14	264	168	77	8	95	61	0	0	0.7915959358215332	91360	1155.4125068187714	85585	6.3211471103327455	
-362519.05500873143	133.725	9.5125	143.3	90.725	-4.762493085447979	1142	184	165	13	312	193	81	8	87	56	0	0	0.8179278373718262	91440	1156.2304346561432	85661	6.319991251093612	
-262531.87297238706	134.3875	9.5	146.225	92.4625	-4.762493085447979	1143	184	170	19	413	249	97	8	95	61	0	0	0.7992000579833984	91520	1157.0296347141266	85736	6.3199300699300665	
-375029.30939768127	135.7375	9.425	134.6125	85.75	-4.762493085447979	1144	184	189	15	246	155	60	8	90	58	0	0	0.7777740955352783	91600	1157.8074088096619	85811	6.319868995633186	
-262530.7436011223	134.4625	9.367088607594937	138.9240506329114	88.39240506329114	-4.762493085447979	1145	185	213	14.0	283.0	176.0	59	8.0	88.0	57.0	0	0	0.742927074432373	91680	1158.5503358840942	85883	6.3230802792321015	
-350030.844990366	131.5625	9.125	132.9	84.4375	-4.762493085447979	1146	185	189	13	226	141	59	8	87	56	0	0	0.7690830230712891	91760	1159.3194189071655	85959	6.321926765475155	
-312525.3909125153	131.35	9.325	133.35	84.7625	-4.762493085447979	1147	185	180	14	228	140	59	8	89	58	0	0	0.7250850200653076	91840	1160.0445039272308	86033	6.322952961672485	
-312531.37176929956	141.125	9.475	141.875	90.275	-4.762493085447979	1148	185	203	16	361	223	70	8	93	60	0	0	0.7775969505310059	91920	1160.8221008777618	86108	6.322889469103572	
-412521.42284383054	143.4	9.8125	149.875	95.3375	-4.762493085447979	1149	185	202	17	317	201	97	8	87	56	0	0	0.7910358905792236	92000	1161.613136768341	86183	6.322826086956525	
-262525.5746723263	141.75	9.625	139.0625	88.7375	-4.762493085447979	1150	185	202	17	280	180	97	8	95	61	0	0	0.7447752952575684	92080	1162.3579120635986	86257	6.323848827106858	
-362523.6546251528	137.6	9.275	135.1875	85.975	-4.762493085447979	1151	185	202	12	242	150	87	8	88	57	0	0	0.7395436763763428	92160	1163.097455739975	86331	6.324869791666671	
-375023.66623870854	136.0	9.3625	130.8875	83.55	-4.762493085447979	1152	185	210	13	241	150	62	8	95	61	0	0	0.7380542755126953	92240	1163.8355100154877	86406	6.324804856895057	
-287538.14044214506	136.5375	9.35	135.3	86.1875	-4.762493085447979	1153	185	192	16	241	150	85	8	87	56	0	0	0.7527427673339844	92320	1164.5882527828217	86481	6.324740034662042	
-225024.78395544272	140.9	9.4375	140.3125	88.8125	-4.762493085447979	1154	185	194	18	290	175	110	8	82	53	0	0	0.7710311412811279	92400	1165.3592839241028	86555	6.325757575757578	
-375026.0825140066	138.5875	9.4375	135.3125	86.1875	-4.762493085447979	1155	185	185	14	252	153	90	8	87	56	0	0	0.7479197978973389	92480	1166.1072037220001	86629	6.3267733564013895	
-312530.00981822645	140.1625	9.2125	130.5375	83.0875	-4.762493085447979	1156	185	215	16	248	155	92	8	87	56	0	0	0.7541921138763428	92560	1166.8613958358765	86705	6.325626620570446	
-362522.23155379575	134.8375	9.5	134.5375	85.8875	-4.762493085447979	1157	185	207	13	283	177	93	8	87	56	0	0	0.748441219329834	92640	1167.6098370552063	86780	6.325561312607945	
-412513.0800696589	135.8	9.658227848101266	137.41772151898735	87.69620253164557	-4.762493085447979	1158	186	192	14.0	241.0	152.0	59	8.0	96.0	62.0	0	0	0.7562198638916016	92720	1168.366056919098	86854	6.326574633304574	
-287528.1028627608	132.5375	9.475	138.15	87.9	-4.762493085447979	1159	186	192	15	316	196	61	8	90	58	0	0	0.7916238307952881	92800	1169.1576807498932	86928	6.327586206896555	
-237524.14752509966	136.475	9.325	131.725	83.975	-4.762493085447979	1160	186	200	15	242	157	76	8	95	61	0	0	0.7378890514373779	92880	1169.8955698013306	87002	6.328596037898365	
-312529.08261963923	143.8	9.3375	132.6875	84.6125	-4.762493085447979	1161	186	196	13	260	162	88	8	96	62	0	0	0.7398030757904053	92960	1170.635372877121	87077	6.328528399311523	
-425016.0188334288	143.75	9.375	132.425	84.4	-4.762493085447979	1162	186	240	16	261	160	81	8	90	58	0	0	0.7643611431121826	93040	1171.3997340202332	87153	6.327386070507316	
-325033.2313923984	150.6625	9.4625	138.6875	88.225	-4.762493085447979	1163	186	271	12	241	152	55	8	90	58	0	0	0.76650071144104	93120	1172.1662347316742	87227	6.328393470790388	
-412523.35211056576	145.6875	9.4375	135.025	85.9625	-4.762493085447979	1164	186	240	14	274	173	78	8	87	56	0	0	0.741447925567627	93200	1172.9076826572418	87301	6.329399141630901	
-300031.6418736988	151.8	9.55	141.575	89.95	-4.762493085447979	1165	186	276	13	266	166	100	8	87	56	0	0	0.7641782760620117	93280	1173.6718609333038	87375	6.330403087478558	
-300034.6693124448	144.45	9.525	141.05	89.525	-4.762493085447979	1166	186	240	14	296	179	97	8	92	59	0	0	0.775897741317749	93360	1174.4477586746216	87449	6.331405312767785	
-312527.03829508036	142.9375	9.325	135.0625	85.9125	-4.762493085447979	1167	186	241	13	247	152	87	7	74	48	0	0	0.7166521549224854	93440	1175.164410829544	87521	6.334546232876718	
-287528.2035098261	140.0375	9.3125	136.575	86.7	-4.762493085447979	1168	186	250	13	247	152	108	8	88	57	0	0	0.7597630023956299	93520	1175.9241738319397	87597	6.333404619332754	
-275032.14425235643	136.3125	9.5375	141.1	89.6875	-4.762493085447979	1169	186	195	14	241	152	77	8	92	59	0	0	0.7762091159820557	93600	1176.7003829479218	87672	6.333333333333329	
-300040.3158594631	135.8375	9.575	136.05	86.775	-4.762493085447979	1170	186	192	14	254	157	77	8	82	53	0	0	0.791532039642334	93680	1177.491914987564	87747	6.333262169086254	
-337530.48913207883	135.325	9.8875	143.275	91.3375	-4.762493085447979	1171	186	169	18	261	168	103	8	92	59	0	0	0.7701458930969238	93760	1178.262060880661	87823	6.3321245733788345	
-287528.5757651248	134.6875	9.2875	132.325	84.45	-4.762493085447979	1172	186	184	15	223	140	88	8	95	61	0	0	0.7118270397186279	93840	1178.9738879203796	87895	6.335251491901104	
-287523.29813193914	134.65	9.2625	130.85	83.5125	-4.762493085447979	1173	186	187	13	254	160	85	8	87	56	0	0	0.7335958480834961	93920	1179.7074837684631	87969	6.336243611584322	
-287533.62488557806	135.0	9.4	130.225	83.225	-4.762493085447979	1174	186	160	14	247	152	112	8	87	56	0	0	0.7366840839385986	94000	1180.4441678524017	88043	6.337234042553192	
-312529.66605807	133.8875	9.425	128.2	82.0375	-4.762493085447979	1175	186	182	13	241	152	72	8	82	53	0	0	0.7298080921173096	94080	1181.173975944519	88116	6.339285714285708	
-262526.84771329665	134.475	9.3375	129.3875	82.8	-4.762493085447979	1176	186	186	13	302	189	86	8	82	53	0	0	0.7346210479736328	94160	1181.9085969924927	88189	6.341333899745109	
-275030.62553421466	134.7	9.25	133.4875	84.9875	-4.762493085447979	1177	186	183	15	283	178	89	7	82	53	0	0	0.763035774230957	94240	1182.6716327667236	88265	6.340195246179974	
-287527.3298287947	134.8	9.3625	135.6375	86.2625	-4.762493085447979	1178	186	199	15	268	171	81	8	82	53	0	0	0.778918981552124	94320	1183.4505517482758	88341	6.339058524173026	
-325028.28333533206	136.0125	9.5	136.2125	86.75	-4.762493085447979	1179	186	164	14	247	150	108	8	88	57	0	0	0.7402331829071045	94400	1184.1907849311829	88415	6.340042372881356	
-225034.37780033975	135.9	9.3375	140.2125	88.5875	-4.762493085447979	1180	186	179	14	282	171	93	8	95	61	0	0	0.7595548629760742	94480	1184.950339794159	88491	6.338907705334464	
-337522.5449087006	135.8	9.329113924050633	141.15189873417722	89.37974683544304	-4.762493085447979	1181	187	210	15.0	256.0	161.0	62	8.0	87.0	56.0	0	0	0.7663540840148926	94560	1185.7166938781738	88566	6.338832487309645	
-275028.15966329456	135.4	9.275	135.1875	85.9	-4.762493085447979	1182	187	198	13	241	152	74	8	95	61	0	0	0.7520830631256104	94640	1186.4687769412994	88641	6.338757396449708	
-300027.701032166	133.625	9.5625	140.2375	88.975	-4.762493085447979	1183	187	206	16	302	184	65	8	84	54	0	0	0.7633757591247559	94720	1187.2321527004242	88717	6.337626689189193	
-337520.9797298731	131.1125	9.375	134.4875	85.5625	-4.762493085447979	1184	187	206	13	273	169	52	8	90	58	0	0	0.7500810623168945	94800	1187.982233762741	88792	6.33755274261604	
-300034.7716651474	137.6375	9.4875	136.5	87.025	-4.762493085447979	1185	187	206	14	220	140	86	8	90	58	0	0	0.7239012718200684	94880	1188.7061350345612	88865	6.339586846543	
-362524.44904515904	137.35	9.1875	131.1	83.5625	-4.762493085447979	1186	187	206	14	242	150	82	8	82	53	0	0	0.7316548824310303	94960	1189.4377899169922	88938	6.341617523167656	
-375024.542241003	135.2625	9.4	135.0125	86.1	-4.762493085447979	1187	187	190	16	246	157	80	8	82	53	0	0	0.7488119602203369	95040	1190.1866018772125	89013	6.341540404040401	
-375023.87325492926	141.4	9.075	125.3	79.95	-4.762493085447979	1188	187	190	12	214	134	101	8	82	53	0	0	0.7208080291748047	95120	1190.9074099063873	89087	6.342514718250641	
-250036.0400014788	140.675	9.15	133.6	84.9	-4.762493085447979	1189	187	190	13	311	190	96	8	82	53	0	0	0.7393138408660889	95200	1191.6467237472534	89162	6.342436974789905	
-275030.803147004	143.8	9.3	135.1625	86.025	-4.762493085447979	1190	187	226	13	286	183	65	8	82	53	0	0	0.7433710098266602	95280	1192.39009475708	89236	6.343408900083958	
-375035.6276089653	146.25	9.7125	145.9875	92.7375	-4.762493085447979	1191	187	228	15	273	169	85	8	82	53	0	0	0.7613711357116699	95360	1193.1514658927917	89309	6.34542785234899	
-300038.62273451604	149.0875	9.675	150.55	95.3375	-4.762493085447979	1192	187	190	15	309	192	82	8	95	61	0	0	0.7775020599365234	95440	1193.9289679527283	89382	6.3474434199497125	
-350023.4929646782	149.4375	9.775	150.2125	95.2	-4.762493085447979	1193	187	248	17	307	189	24	8	90	58	0	0	0.8176369667053223	95520	1194.7466049194336	89456	6.348408710217754	
-287527.1778092386	143.525	9.125	133.2125	84.65	-4.762493085447979	1194	187	193	14	307	189	101	8	82	53	0	0	0.7307767868041992	95600	1195.4773817062378	89529	6.35041841004184	
-350033.1580968496	136.325	9.2125	127.625	81.4	-4.762493085447979	1195	187	174	13	241	152	108	8	82	53	0	0	0.7198820114135742	95680	1196.1972637176514	89603	6.351379598662206	
-312527.89648350683	138.0125	9.125	130.675	83.175	-4.762493085447979	1196	187	199	13	246	155	83	8	92	59	0	0	0.7469460964202881	95760	1196.9442098140717	89677	6.352339181286553	
-387516.4908770986	137.3625	9.325	129.8875	82.8375	-4.762493085447979	1197	187	189	13	233	146	95	8	87	56	0	0	0.6936180591583252	95840	1197.63782787323	89747	6.357470784641066	
-300036.8749458493	137.5375	9.6875	144.65	92.075	-4.762493085447979	1198	187	209	13	294	187	89	8	88	57	0	0	0.7625889778137207	95920	1198.4004168510437	89822	6.357381150959128	
-275022.51497819263	140.425	9.475	144.2375	91.775	-4.762493085447979	1199	187	209	15	350	219	82	7	82	53	0	0	0.8117740154266357	96000	1199.2121908664703	89896	6.358333333333334	
-412525.4870700663	139.85	9.5	132.7125	84.7875	-4.762493085447979	1200	187	209	14	229	147	102	8	87	56	0	0	0.6988670825958252	96080	1199.9110579490662	89967	6.362406328059961	
-475020.3222916561	135.975	9.925	143.3125	91.425	-4.762493085447979	1201	187	183	14	247	157	89	8	82	53	0	0	0.7620449066162109	96160	1200.6731028556824	90039	6.365432612312816	
-262531.0407234281	136.725	9.5	140.575	89.1875	-4.762493085447979	1202	187	184	16	264	164	88	8	82	53	0	0	0.7681689262390137	96240	1201.4412717819214	90111	6.368453865336647	
-312528.7017912584	138.1875	9.35	136.975	87.0	-4.762493085447979	1203	187	215	13	359	220	81	8	87	56	0	0	0.7802689075469971	96320	1202.2215406894684	90185	6.3693936877076425	
-312522.4234667698	134.5875	9.5	142.9875	90.7625	-4.762493085447979	1204	187	147	12	254	158	81	8	95	61	0	0	0.7452242374420166	96400	1202.9667649269104	90258	6.371369294605813	
-412516.57936846453	135.5	9.5625	136.5	86.9875	-4.762493085447979	1205	187	178	15	405	248	94	8	82	53	0	0	0.7362000942230225	96480	1203.7029650211334	90332	6.372305140961856	
-387524.4925306975	135.3875	9.4125	133.3125	85.125	-4.762493085447979	1206	187	168	13	241	152	104	8	87	56	0	0	0.7653429508209229	96560	1204.4683079719543	90407	6.372203811101912	
-337525.4958847868	135.7125	9.3625	129.1625	82.5375	-4.762493085447979	1207	187	175	15	241	152	97	8	82	53	0	0	0.7244327068328857	96640	1205.1927406787872	90479	6.37520695364239	
-375028.09972546354	136.0375	9.3125	127.8625	81.4375	-4.762493085447979	1208	187	170	15	259	157	96	8	95	61	0	0	0.7437732219696045	96720	1205.9365139007568	90552	6.377171215880892	
-275026.35453625245	132.15	9.3875	135.475	86.1875	-4.762493085447979	1209	187	190	14	225	141	82	8	95	61	0	0	0.7440390586853027	96800	1206.6805529594421	90625	6.3791322314049665	
-212527.46344345546	132.1625	9.15	128.775	81.975	-4.762493085447979	1210	187	176	13	211	132	95	8	82	53	0	0	0.737541913986206	96880	1207.4180948734283	90698	6.381090008257644	
-300018.3361929547	136.8875	9.5	139.9625	88.875	-4.762493085447979	1211	187	176	14	242	154	92	8	82	53	0	0	0.7993571758270264	96960	1208.2174520492554	90773	6.380981848184817	
-287531.57589646016	135.075	9.375	135.6625	86.2875	-4.762493085447979	1212	187	180	18	246	156	101	8	91	59	0	0	0.7560067176818848	97040	1208.9734587669373	90846	6.382934872217632	
-262522.41694064566	134.3375	9.3875	142.5375	90.3125	-4.762493085447979	1213	187	187	13	318	200	64	8	95	61	0	0	0.8071372509002686	97120	1209.7805960178375	90922	6.381795716639203	
-400029.2767832276	129.7375	9.49367088607595	136.16455696202533	86.63291139240506	-4.762493085447979	1214	188	185	15.0	282.0	173.0	58	8.0	82.0	53.0	0	0	0.7803378105163574	97200	1210.5609338283539	90996	6.382716049382722	
-287524.2167170864	127.7	9.55	136.0375	86.6875	-4.762493085447979	1215	188	177	14	259	164	58	8	82	53	0	0	0.813946008682251	97280	1211.3748798370361	91072	6.381578947368411	
-325018.9395339381	128.6125	9.1375	126.3875	80.7875	-4.762493085447979	1216	188	205	12	221	138	58	8	82	53	0	0	0.7389130592346191	97360	1212.1137928962708	91147	6.381470829909617	
-437519.8299530585	131.45	9.525641025641026	136.44871794871796	87.16666666666667	-4.762493085447979	1217	190	198	18.0	311.0	197.0	33	8.0	82.0	53.0	0	0	0.7301158905029297	97440	1212.8439087867737	91218	6.385467980295573	
-350023.25293466076	129.925	9.275	135.5125	86.1625	-4.762493085447979	1218	190	193	12	302	185	58	8	82	53	0	0	0.7152602672576904	97520	1213.5591690540314	91290	6.388433141919606	
-337533.3593066493	129.925	9.475	137.4375	87.55	-4.762493085447979	1219	190	160	14	283	176	58	8	87	56	0	0	0.7284848690032959	97600	1214.2876539230347	91362	6.391393442622956	
-362528.48879310244	133.675	9.2625	130.4375	82.9625	-4.762493085447979	1220	190	178	14	283	172	58	8	87	56	0	0	0.7529308795928955	97680	1215.0405848026276	91436	6.392301392301391	
-275020.88313498476	136.5875	9.425	138.8	87.9	-4.762493085447979	1221	190	190	17	254	163	78	8	87	56	0	0	0.7333791255950928	97760	1215.7739639282227	91508	6.39525368248772	
-312529.34009167587	135.7625	9.075	127.95	81.7125	-4.762493085447979	1222	190	194	14	305	193	83	8	90	58	0	0	0.7106010913848877	97840	1216.4845650196075	91582	6.396156991005725	
-412534.6951424126	136.925	9.325	133.5625	85.275	-4.762493085447979	1223	190	189	13	248	155	87	8	79	51	0	0	0.7607049942016602	97920	1217.2452700138092	91655	6.39808006535948	
-262523.4677359181	135.1	9.2375	128.8125	82.0625	-4.762493085447979	1224	190	205	13	245	154	108	8	79	51	0	0	0.7604458332061768	98000	1218.0057158470154	91730	6.397959183673478	
-350018.41647593956	135.0625	9.2625	128.9375	82.3	-4.762493085447979	1225	190	200	13	288	182	72	8	87	56	0	0	0.692126989364624	98080	1218.69784283638	91800	6.402936378466563	
-375025.7227108533	134.35	9.35	130.1	83.1	-4.762493085447979	1226	190	184	14	301	184	86	8	87	56	0	0	0.740818977355957	98160	1219.438661813736	91872	6.405867970660154	
-425024.590183389	133.9125	9.45	136.175	86.825	-4.762493085447979	1227	190	204	12	325	198	35	8	90	58	0	0	0.7599160671234131	98240	1220.1985778808594	91946	6.406758957654716	
-287524.28619999957	133.9625	9.625	148.55	93.85	-4.762493085447979	1228	190	186	13	325	198	35	8	85	55	0	0	0.8060040473937988	98320	1221.0045819282532	92021	6.406631407648504	
-350026.2915500994	139.2	9.518987341772151	139.0759493670886	88.29113924050633	-4.762493085447979	1229	191	186	14.0	259.0	158.0	114	8.0	82.0	53.0	0	0	0.7170748710632324	98400	1221.7216567993164	92091	6.411585365853654	
-337532.15883085347	138.7	9.4625	139.6875	88.65	-4.762493085447979	1230	191	274	14	304	187	48	8	88	57	0	0	0.7534639835357666	98480	1222.4751207828522	92165	6.412469536961822	
-375034.19622225384	138.9375	9.4125	140.4875	89.1	-4.762493085447979	1231	191	212	14	257	162	82	8	87	56	0	0	0.7977590560913086	98560	1223.2728798389435	92239	6.413352272727266	
-262530.4735095425	135.875	9.0875	127.4	81.3375	-4.762493085447979	1232	191	176	14	241	152	96	8	88	57	0	0	0.7192292213439941	98640	1223.9921090602875	92310	6.417274939172742	
-325021.20591947663	134.5625	9.3875	136.4375	86.8	-4.762493085447979	1233	191	189	14	314	193	83	8	90	58	0	0	0.7414820194244385	98720	1224.733591079712	92383	6.41916531604538	
-250032.18359981905	136.875	9.325	133.8875	85.325	-4.762493085447979	1234	191	170	13	262	164	93	8	95	61	0	0	0.7060317993164062	98800	1225.4396228790283	92454	6.42307692307692	
-225038.51450316055	142.2	9.2125	132.575	84.4375	-4.762493085447979	1235	191	186	15	287	180	86	8	90	58	0	0	0.727492094039917	98880	1226.1671149730682	92528	6.42394822006473	
-350036.4233165161	142.4	9.2375	127.9	81.6	-4.762493085447979	1236	191	212	12	241	152	77	8	90	58	0	0	0.733374834060669	98960	1226.900489807129	92603	6.423807599029914	
-250024.74846088747	139.35	9.2625	132.4625	84.4875	-4.762493085447979	1237	191	207	13	241	152	90	8	90	58	0	0	0.8227560520172119	99040	1227.7232458591461	92678	6.423667205169622	
-300032.2290857697	139.125	9.3125	133.5375	85.15	-4.762493085447979	1238	191	190	13	216	135	94	8	88	57	0	0	0.7283082008361816	99120	1228.4515540599823	92751	6.425544794188866	
-362524.8848599539	137.875	9.4375	136.9	87.2125	-4.762493085447979	1239	191	195	13	262	166	77	8	90	58	0	0	0.717371940612793	99200	1229.168926000595	92822	6.429435483870975	
-312530.5559234612	138.575	9.5125	137.675	87.5125	-4.762493085447979	1240	191	211	13	252	155	61	8	94	61	0	0	0.7228438854217529	99280	1229.8917698860168	92893	6.433319903303797	
-362525.13347898034	136.3625	8.975	125.675	80.0375	-4.762493085447979	1241	191	189	13	283	176	61	7	82	53	0	0	0.7208690643310547	99360	1230.612638950348	92967	6.434178743961354	
-337515.2820839606	135.9375	9.1125	129.275	82.3	-4.762493085447979	1242	191	177	15	271	164	102	8	90	58	0	0	0.7209959030151367	99440	1231.333634853363	93041	6.4350362027353185	
-287529.20047496184	135.2375	9.4	136.725	87.075	-4.762493085447979	1243	191	196	14	296	188	76	8	82	53	0	0	0.7214570045471191	99520	1232.0550918579102	93114	6.436897106109328	
-425023.8028859024	134.8875	9.2875	131.1125	83.675	-4.762493085447979	1244	191	207	15	248	155	65	8	90	58	0	0	0.7189290523529053	99600	1232.774020910263	93187	6.438755020080322	
-362521.86480046145	135.45	9.3125	127.6125	81.55	-4.756278878063897	1245	191	201	17	267	166	81	8	87	56	0	0	0.6996829509735107	99680	1233.4737038612366	93259	6.44161316211877	
-250044.39694631295	137.925	9.2	128.5625	82.025	-4.756278878063897	1246	191	220	14	241	152	74	8	90	58	0	0	0.7215259075164795	99760	1234.195229768753	93334	6.441459502806737	
-312528.147171734	137.65	9.164556962025317	128.8227848101266	81.9367088607595	-4.756278878063897	1247	192	220	13.0	265.0	166.0	66	8.0	87.0	56.0	0	0	0.6990170478820801	99840	1234.8942468166351	93406	6.444310897435898	
-287525.5707167365	136.9625	9.1625	129.275	82.4125	-4.756278878063897	1248	192	198	12	260	162	77	8	88	57	0	0	0.7400031089782715	99920	1235.6342499256134	93479	6.446156925540436	
-225022.6432157943	135.175	9.275	132.15	84.125	-4.756278878063897	1249	192	165	13	228	142	96	8	95	61	0	0	0.7161819934844971	100000	1236.350431919098	93551	6.448999999999998	
-337535.0860333673	135.05	9.5125	131.475	84.0375	-4.756278878063897	1250	192	187	13	266	161	85	8	94	61	0	0	0.7328770160675049	100080	1237.0833089351654	93624	6.450839328537171	
-225050.39136959735	134.1375	9.4875	136.9875	87.2625	-4.756278878063897	1251	192	175	14	247	155	96	8	90	58	0	0	0.7628269195556641	100160	1237.846135854721	93699	6.450678913738017	
-362520.2251655495	136.8125	9.075	126.75	80.9375	-4.756278878063897	1252	192	227	12	243	152	45	8	82	53	0	0	0.7313880920410156	100240	1238.577523946762	93774	6.450518754988039	
-300023.41184646665	132.4125	9.4125	137.8	87.7875	-4.756278878063897	1253	192	210	13	301	185	45	8	90	58	0	0	0.7772867679595947	100320	1239.3548107147217	93848	6.451355661881976	
-237529.63346687992	129.6625	9.582278481012658	137.26582278481013	87.50632911392405	-4.756278878063897	1254	193	210	13.0	241.0	152.0	45	8.0	87.0	56.0	0	0	0.7440829277038574	100400	1240.0988936424255	93920	6.454183266932262	
-262531.68603069364	131.55	9.2125	130.0375	82.9625	-4.756278878063897	1255	193	156	12	241	152	45	8	84	54	0	0	0.6994004249572754	100480	1240.7982940673828	93990	6.458996815286625	
-350020.74502790894	134.5625	9.582278481012658	144.0506329113924	91.70886075949367	-4.756278878063897	1256	194	180	13.0	321.0	197.0	45	8.0	87.0	56.0	0	0	0.7604169845581055	100560	1241.558711051941	94064	6.459824980111378	
-387522.1019426061	137.075	9.3125	134.7375	85.8875	-4.756278878063897	1257	194	236	13	387	236	56	8	82	53	0	0	0.7433710098266602	100640	1242.3020820617676	94138	6.460651828298893	
-325030.87293341255	135.3375	9.2875	127.8	81.55	-4.756278878063897	1258	194	177	13	242	152	95	8	87	56	0	0	0.7436048984527588	100720	1243.0456869602203	94213	6.460484511517066	
-362527.69538075477	139.2	8.9875	121.125	77.4	-4.756278878063897	1259	194	186	12	249	155	86	8	87	56	0	0	0.7117888927459717	100800	1243.7574758529663	94287	6.461309523809518	
-262524.7182407031	141.375	9.225	128.675	81.9625	-4.756278878063897	1260	194	212	13	261	163	78	8	90	58	0	0	0.7522740364074707	100880	1244.5097498893738	94363	6.460150674068203	
-350025.8945779707	144.225	9.3875	139.775	88.7375	-4.756278878063897	1261	194	217	14	279	174	55	8	95	61	0	0	0.7437930107116699	100960	1245.2535429000854	94436	6.461965134706816	
-375024.39235399844	139.35	9.425	134.9	86.0	-4.756278878063897	1262	194	248	15	282	179	52	8	84	54	0	0	0.729564905166626	101040	1245.983107805252	94508	6.464766429136972	
-375024.04959385394	138.475	9.175	127.6	81.475	-4.756278878063897	1263	194	196	14	247	156	86	8	95	61	0	0	0.7260680198669434	101120	1246.709175825119	94583	6.464596518987349	
-225037.28286953075	136.4375	9.4375	132.9625	84.875	-4.756278878063897	1264	194	185	13	241	152	87	8	90	58	0	0	0.7431840896606445	101200	1247.4523599147797	94658	6.464426877470359	
-262533.8734821153	136.675	9.632911392405063	133.50632911392404	85.12658227848101	-4.756278878063897	1265	195	211	16.0	268.0	166.0	61	8.0	90.0	58.0	0	0	0.7574770450592041	101280	1248.2098369598389	94731	6.466232227488149	
-412521.2736444546	141.2125	9.8125	138.7875	88.5125	-4.756278878063897	1266	195	210	15	379	232	96	8	90	58	0	0	0.7760939598083496	101360	1248.9859309196472	94806	6.466061562746646	
-400017.9850808055	140.0375	9.6	137.1625	87.4875	-4.756278878063897	1267	195	210	16	287	179	77	8	90	58	0	0	0.736875057220459	101440	1249.7228059768677	94880	6.466876971608841	
-350028.2413135291	139.55	9.125	128.7875	82.175	-4.756278878063897	1268	195	195	13	241	152	71	8	87	56	0	0	0.7574889659881592	101520	1250.4802949428558	94956	6.465721040189123	
-337526.26438572304	137.175	9.25	129.5125	82.8	-4.756278878063897	1269	195	177	12	241	152	95	8	95	61	0	0	0.7234017848968506	101600	1251.2036967277527	95029	6.467519685039363	
-275018.84291004174	135.8125	9.379746835443038	131.73417721518987	83.9493670886076	-4.756278878063897	1270	196	223	13.0	304.0	188.0	29	8.0	87.0	56.0	0	0	0.7214632034301758	101680	1251.9251599311829	95102	6.4693154996066085	
-362520.74658417684	136.575	9.175	127.175	81.225	-4.756278878063897	1271	196	177	14	277	178	95	8	87	56	0	0	0.711378812789917	101760	1252.6365387439728	95175	6.4711084905660385	
-437516.87103782204	135.6125	9.35	125.1875	80.0625	-4.756278878063897	1272	196	191	14	208	130	81	8	82	53	0	0	0.7367548942565918	101840	1253.3732936382294	95249	6.471916732128818	
-300030.12605306006	136.3625	9.3	131.5125	83.95	-4.756278878063897	1273	196	155	14	302	188	95	8	82	53	0	0	0.7128031253814697	101920	1254.0860967636108	95321	6.474686028257466	
-275023.7700255054	135.725	9.1375	132.9375	84.5625	-4.756278878063897	1274	196	172	14	301	192	95	8	82	53	0	0	0.7494101524353027	102000	1254.8355069160461	95397	6.473529411764716	
-300025.4729631712	142.5875	9.275	140.175	88.9125	-4.756278878063897	1275	196	212	14	289	178	79	8	82	53	0	0	0.777850866317749	102080	1255.613357782364	95473	6.47237460815046	
-312519.1463498206	142.3875	8.936708860759493	128.8860759493671	82.0886075949367	-4.756278878063897	1276	197	258	12.0	282.0	179.0	21	8.0	93.0	60.0	0	0	0.703721284866333	102160	1256.3170790672302	95545	6.475137039937351	
-237532.21609500804	149.6	9.0125	122.5375	78.3125	-4.756278878063897	1277	197	294	12	221	137	74	7	82	53	0	0	0.7667965888977051	102240	1257.083875656128	95618	6.4769170579029804	
-312520.7953446707	140.7	9.4375	135.3625	86.2375	-4.756278878063897	1278	197	167	15	272	170	112	8	90	58	0	0	0.764984130859375	102320	1257.8488597869873	95692	6.477716966379987	
-312528.2822556387	140.9875	9.4875	139.4125	88.6875	-4.756278878063897	1279	197	194	14	246	155	78	8	82	53	0	0	0.76226806640625	102400	1258.6111278533936	95767	6.4775390625	
-250029.88570658182	139.275	9.475	137.4125	87.375	-4.756278878063897	1280	197	190	13	293	182	86	8	90	58	0	0	0.732248067855835	102480	1259.3433759212494	95841	6.47833723653396	
-362523.55297838466	140.1625	9.7	140.0375	88.9375	-4.756278878063897	1281	197	193	14	247	150	79	8	87	56	0	0	0.7340469360351562	102560	1260.0774228572845	95914	6.480109204368176	
-337528.4383275992	135.85	9.5625	138.55	88.2625	-4.756278878063897	1282	197	230	13	308	188	29	8	87	56	0	0	0.7303190231323242	102640	1260.8077418804169	95988	6.480904130943102	
-325017.4222296579	134.375	9.7	145.425	92.35	-4.756278878063897	1283	197	197	14	260	162	64	8	87	56	0	0	0.7862288951873779	102720	1261.5939707756042	96064	6.4797507788161965	
-300031.9939320038	137.85	9.725	139.5125	88.625	-4.756278878063897	1284	197	181	15	277	168	104	8	87	56	0	0	0.7059059143066406	102800	1262.299876689911	96134	6.48443579766537	
-400024.5855249713	136.4625	9.575	137.275	87.2625	-4.756278878063897	1285	197	171	15	265	162	101	8	90	58	0	0	0.7449171543121338	102880	1263.044793844223	96208	6.485225505443239	
-325023.3563767163	136.0375	9.3	132.7	84.5375	-4.756278878063897	1286	197	213	14	275	176	59	8	82	53	0	0	0.7407488822937012	102960	1263.7855427265167	96282	6.486013986013987	
-325036.20137062005	135.4	9.4875	133.5	85.175	-4.756278878063897	1287	197	168	18	246	155	84	8	90	58	0	0	0.7273123264312744	103040	1264.512855052948	96354	6.488742236024848	
-450034.89695601555	137.1	9.3625	128.9625	82.475	-4.756278878063897	1288	197	202	14	326	204	90	8	87	56	0	0	0.7648599147796631	103120	1265.2777149677277	96429	6.488557020946473	
-275031.59181753005	131.8125	9.1375	128.3875	81.9375	-4.756278878063897	1289	197	187	14	351	215	69	7	82	53	0	0	0.764786958694458	103200	1266.0425019264221	96505	6.487403100775197	
-412517.2087314882	133.525	9.425	133.95	85.5125	-4.756278878063897	1290	197	187	14	295	185	69	8	87	56	0	0	0.7871887683868408	103280	1266.829690694809	96581	6.486250968241663	
-437514.8341877779	135.125	9.405063291139241	133.86075949367088	85.29113924050633	-4.756278878063897	1291	198	207	13.0	379.0	232.0	19	8.0	90.0	58.0	0	0	0.7426052093505859	103360	1267.5722959041595	96650	6.491873065015469	
-337525.0935942704	137.5875	9.5	133.575	85.4625	-4.756278878063897	1292	198	177	13	377	232	95	8	90	58	0	0	0.748572826385498	103440	1268.320868730545	96722	6.494586233565343	
-262521.2006890837	137.5875	9.225	128.5375	82.125	-4.756278878063897	1293	198	157	15	261	159	95	8	82	53	0	0	0.7401940822601318	103520	1269.0610628128052	96796	6.49536321483771	
-250045.6891012046	137.025	9.675	141.8125	90.1375	-4.756278878063897	1294	198	190	14	261	159	82	8	90	58	0	0	0.790449857711792	103600	1269.851512670517	96870	6.4961389961389955	
-362531.392121105	135.6125	9.6	139.0375	88.475	-4.756278878063897	1295	198	173	16	275	178	98	8	95	61	0	0	0.7206821441650391	103680	1270.572194814682	96942	6.498842592592595	
-412529.17826395726	135.4125	9.7125	145.2	92.375	-4.756278878063897	1296	198	188	13	250	153	84	8	90	58	0	0	0.7716891765594482	103760	1271.3438839912415	97017	6.498650732459524	
-300030.04898336984	135.5	9.60759493670886	140.1139240506329	89.0126582278481	-4.756278878063897	1297	199	219	14.0	294.0	181.0	34	8.0	95.0	61.0	0	0	0.7236480712890625	103840	1272.0675320625305	97089	6.501348228043142	
-225035.9419253178	136.575	9.7125	143.65	90.9	-4.756278878063897	1298	199	205	16	260	163	92	8	82	53	0	0	0.7402267456054688	103920	1272.807758808136	97161	6.504041570438801	
-175025.898388214	137.275	10.125	151.0375	94.925	-4.756278878063897	1299	199	201	15	286	174	115	8	90	58	0	0	0.8172111511230469	104000	1273.624969959259	97236	6.503846153846155	
-262515.37801092176	135.525	10.1375	155.45	97.65	-4.756278878063897	1300	199	192	13	273	171	80	8	90	58	0	0	0.9026918411254883	104080	1274.5276618003845	97311	6.503651037663332	
-375020.9934918021	135.0625	9.683544303797468	145.78481012658227	91.89873417721519	-4.756278878063897	1301	200	199	13.0	307.0	189.0	69	8.0	90.0	58.0	0	0	0.8560271263122559	104160	1275.3836889266968	97386	6.5034562211981495	
-337527.8908846752	135.8	9.658227848101266	141.9240506329114	89.64556962025317	-4.756278878063897	1302	201	242	13.0	253.0	159.0	26	8.0	82.0	53.0	0	0	0.8074939250946045	104240	1276.1911828517914	97459	6.505180353031477	
-375025.3661214624	140.15	9.8875	146.1875	92.425	-4.756278878063897	1303	201	242	13	264	166	26	8	98	63	0	0	0.8543689250946045	104320	1277.045551776886	97535	6.504026073619627	
-237529.3966604625	140.35	10.0	149.34177215189874	94.29113924050633	-4.756278878063897	1304	202	265	14.0	321.0	199.0	26	8.0	87.0	56.0	0	0	0.847027063369751	104400	1277.8925788402557	97608	6.505747126436773	
-275023.01739429473	150.15	9.775	155.225	97.5125	-4.756278878063897	1305	202	280	15	297	186	90	8	87	56	0	0	0.8820362091064453	104480	1278.7746150493622	97683	6.505551301684534	
-200053.872782953	137.1625	9.658227848101266	148.22784810126583	93.24050632911393	-4.756278878063897	1306	203	276	13.0	300.0	182.0	57	8.0	90.0	58.0	0	0	0.8837130069732666	104560	1279.6583280563354	97757	6.506312165263964	
-325045.33872681047	133.975	9.8625	156.725	98.3875	-4.756278878063897	1307	203	236	15	268	172	32	8	90	58	0	0	0.9347918033599854	104640	1280.5931198596954	97832	6.506116207951067	
-300021.14640511386	137.2375	10.3375	162.3125	102.3375	-4.756278878063897	1308	203	236	16	325	198	70	8	90	58	0	0	0.9168760776519775	104720	1281.5099959373474	97906	6.5068754774637085	
-300029.5561679204	133.575	9.8	144.2875	91.4625	-4.756278878063897	1309	203	234	19	413	249	34	8	87	56	0	0	0.8718080520629883	104800	1282.3818039894104	97981	6.506679389312978	
-312537.9148941268	132.475	9.9875	155.025	97.85	-4.756278878063897	1310	203	183	15	277	173	39	8	90	58	0	0	0.8562147617340088	104880	1283.2380187511444	98055	6.5074370709382094	
-262524.4336376487	134.2375	9.772151898734178	152.54430379746836	96.36708860759494	-4.756278878063897	1311	204	181	14.0	287.0	175.0	39	8.0	90.0	58.0	0	0	0.8471550941467285	104960	1284.0851738452911	98129	6.508193597560975	
-212543.6087271567	135.8875	9.35	142.35	90.05	-4.756278878063897	1312	204	191	14	313	191	77	8	82	53	0	0	0.7976558208465576	105040	1284.8828296661377	98203	6.50894897182026	
-312519.67607092817	137.7875	9.1625	132.85	84.65	-4.756278878063897	1313	204	191	14	241	155	93	8	90	58	0	0	0.742211103439331	105120	1285.625040769577	98277	6.509703196347033	
-337523.0105280406	137.6875	9.4125	140.3125	89.15	-4.756278878063897	1314	204	204	14	254	160	51	8	92	59	0	0	0.7885482311248779	105200	1286.413589000702	98353	6.508555133079852	
-362526.5790073654	139.4	9.3	135.1875	86.1125	-4.756278878063897	1315	204	242	12	215	134	72	8	90	58	0	0	0.7892086505889893	105280	1287.202797651291	98427	6.509308510638306	
-425025.11825460044	136.125	9.1875	131.2625	83.7125	-4.756278878063897	1316	204	198	14	236	150	72	8	90	58	0	0	0.7408514022827148	105360	1287.9436490535736	98502	6.509111617312072	
-387524.9529951185	133.9	9.4375	130.125	83.2	-4.756278878063897	1317	204	198	12	241	152	74	8	88	57	0	0	0.7219798564910889	105440	1288.6656289100647	98575	6.510811836115323	
-312528.20450262545	133.4125	9.475	137.15	87.2625	-4.756278878063897	1318	204	188	14	247	156	84	8	87	56	0	0	0.7398519515991211	105520	1289.4054808616638	98650	6.510614101592111	
-350028.86788679124	137.1875	9.5375	138.4875	88.0125	-4.756278878063897	1319	204	209	15	241	152	99	8	88	57	0	0	0.7666060924530029	105600	1290.1720869541168	98726	6.509469696969688	
-350029.7113121381	137.0125	9.5625	139.9125	88.825	-4.756278878063897	1320	204	199	17	367	220	53	8	91	59	0	0	0.7844488620758057	105680	1290.9565358161926	98802	6.508327024981071	
-400022.43160962797	137.9625	9.5	140.8375	89.3625	-4.756278878063897	1321	204	179	14	312	197	102	8	87	56	0	0	0.774709939956665	105760	1291.7312457561493	98878	6.5071860816944	
-350023.24295683304	136.9625	9.5375	143.1625	90.6875	-4.756278878063897	1322	204	191	13	255	162	93	8	87	56	0	0	0.7755320072174072	105840	1292.5067777633667	98953	6.506991685563108	
-450021.0263750097	136.0	9.4375	137.45	87.5125	-4.756278878063897	1323	204	195	13	224	138	56	8	95	61	0	0	0.7351081371307373	105920	1293.2418859004974	99024	6.5105740181268885	
-262541.7011139411	138.2625	9.475	141.8625	89.8375	-4.756278878063897	1324	204	198	13	278	172	56	8	95	61	0	0	0.783797025680542	106000	1294.025682926178	99098	6.5113207547169765	
-362529.1926449249	140.3125	9.2875	137.25	87.3625	-4.756278878063897	1325	204	195	13	321	199	77	8	82	53	0	0	0.7815160751342773	106080	1294.8071990013123	99173	6.511123680241326	
-325032.3265072339	140.5125	9.65	145.4375	92.5	-4.756278878063897	1326	204	223	16	381	232	120	8	87	56	0	0	0.7877197265625	106160	1295.5949187278748	99246	6.512810851544842	
-287533.50606205483	138.125	9.625	142.575	90.725	-4.756278878063897	1327	204	195	14	288	180	111	8	88	57	0	0	0.7648530006408691	106240	1296.3597717285156	99319	6.51449548192771	
-312532.0793354199	137.4125	9.2625	131.875	84.05	-4.756278878063897	1328	204	195	15	312	194	93	8	87	56	0	0	0.7175841331481934	106320	1297.0773558616638	99391	6.517118133935284	
-450019.15789689345	137.0625	9.3125	132.4125	84.425	-4.756278878063897	1329	204	195	12	246	156	92	8	87	56	0	0	0.7604889869689941	106400	1297.8378448486328	99466	6.516917293233078	
-287526.83016575896	141.875	9.375	131.525	83.9625	-4.756278878063897	1330	204	195	17	270	172	90	8	90	58	0	0	0.7574899196624756	106480	1298.5953347682953	99541	6.516716754320058	
-337527.9780634024	136.6875	9.35	135.175	86.1875	-4.756278878063897	1331	204	195	14	321	197	90	8	90	58	0	0	0.7428140640258789	106560	1299.3381488323212	99613	6.519331831831835	
-287544.358142233	139.0125	9.50632911392405	142.86075949367088	90.65822784810126	-4.756278878063897	1332	205	267	14.0	321.0	197.0	5	8.0	82.0	53.0	0	0	0.7695679664611816	106640	1300.1077167987823	99685	6.521942985746435	
-287539.24737925874	144.375	9.3875	134.8875	85.75	-4.756278878063897	1333	205	267	14	375	232	97	8	82	53	0	0	0.7477550506591797	106720	1300.8554718494415	99759	6.522676161919037	
-425016.48005795636	136.975	9.475	136.6	87.05	-4.756278878063897	1334	205	206	14	256	158	66	8	93	60	0	0	0.7492930889129639	106800	1301.6047649383545	99834	6.522471910112358	
-275027.2092063463	133.7625	9.6	146.3125	92.925	-4.756278878063897	1335	205	187	13	283	180	85	8	94	61	0	0	0.7783308029174805	106880	1302.383095741272	99908	6.523203592814369	
-287533.1757328783	135.375	9.275	135.1125	85.775	-4.756278878063897	1336	205	173	13	273	167	94	8	88	57	0	0	0.760930061340332	106960	1303.1440258026123	99983	6.522999252056849	
-350033.1646609837	138.3625	9.575	138.075	87.6	-4.756278878063897	1337	205	197	16	274	173	75	8	82	53	0	0	0.774834156036377	107040	1303.9188599586487	100059	6.521860986547097	
-237535.28126967995	139.875	9.975	147.975	93.875	-4.756278878063897	1338	205	205	15	318	197	69	8	90	58	0	0	0.7663908004760742	107120	1304.6852507591248	100132	6.523525018670654	
-325021.47434475896	140.5875	9.3375	129.05	82.4625	-4.756278878063897	1339	205	206	13	283	176	82	8	88	57	0	0	0.7075831890106201	107200	1305.3928339481354	100204	6.526119402985074	
-412521.96742764855	137.8625	9.4	132.2375	84.3375	-4.756278878063897	1340	205	195	15	306	197	81	8	88	57	0	0	0.7417409420013428	107280	1306.1345748901367	100278	6.5268456375838895	
-387527.2180054221	138.9	9.425	140.9	89.45	-4.756278878063897	1341	205	195	13	291	186	78	8	90	58	0	0	0.7514379024505615	107360	1306.8860127925873	100352	6.527570789865862	
-437520.3910658277	139.5375	9.5875	136.4875	86.9625	-4.756278878063897	1342	205	206	14	249	153	80	8	82	53	0	0	0.7507140636444092	107440	1307.6367268562317	100426	6.5282948622487	
-437526.5351209645	138.8625	9.475	135.6875	86.475	-4.756278878063897	1343	205	195	13	280	177	91	8	95	61	0	0	0.7908339500427246	107520	1308.4275608062744	100502	6.527157738095241	
-262528.8706818614	140.8875	9.5875	144.725	91.75	-4.756278878063897	1344	205	211	14	261	163	69	8	88	57	0	0	0.7878210544586182	107600	1309.215381860733	100577	6.526951672862452	
-225034.2403140602	142.95	9.3375	141.7	89.8	-4.756278878063897	1345	205	195	15	335	204	99	8	95	61	0	0	0.7775130271911621	107680	1309.9928948879242	100652	6.526745913818715	
-337523.67139247013	138.6375	9.1875	131.1875	83.6125	-4.756278878063897	1346	205	219	13	241	152	53	8	87	56	0	0	0.7311718463897705	107760	1310.724066734314	100727	6.526540460282106	
-337523.857887488	136.375	9.3125	133.3625	85.0125	-4.756278878063897	1347	205	189	14	294	181	94	8	87	56	0	0	0.7593550682067871	107840	1311.4834218025208	100800	6.528189910979236	
-337521.88883848477	137.925	9.1875	131.3625	83.65	-4.756278878063897	1348	205	178	13	279	174	97	8	90	58	0	0	0.7329070568084717	107920	1312.2163288593292	100874	6.528910303928839	
-300035.27144105895	136.8625	9.15	129.5375	82.5	-4.756278878063897	1349	205	189	14	276	176	96	8	90	58	0	0	0.7191061973571777	108000	1312.9354350566864	100948	6.529629629629625	
-287525.43359312275	140.1375	9.0125	128.5	81.7375	-4.756278878063897	1350	205	197	13	387	236	75	8	87	56	0	0	0.7260787487030029	108080	1313.6615138053894	101023	6.529422649888971	
-350038.8046975356	140.9	9.475	135.3625	86.225	-4.756278878063897	1351	205	202	17	259	163	70	8	95	61	0	0	0.7209370136260986	108160	1314.3824508190155	101094	6.532914201183431	
-375022.45474166423	144.525	9.5875	138.675	88.125	-4.756278878063897	1352	205	220	15	282	173	83	8	90	58	0	0	0.7840142250061035	108240	1315.1664650440216	101169	6.532705099778269	
-275027.14780300425	140.675	9.39240506329114	138.48101265822785	88.0126582278481	-4.756278878063897	1353	206	212	15.0	278.0	172.0	45	8.0	82.0	53.0	0	0	0.7580478191375732	108320	1315.9245128631592	101243	6.533419497784337	
-325036.01861481665	140.0375	9.2125	130.1625	82.9375	-4.756278878063897	1354	206	174	13	246	155	102	8	90	58	0	0	0.7548580169677734	108400	1316.679370880127	101318	6.533210332103323	
-212530.56932694925	142.25	9.35	136.45	86.75	-4.756278878063897	1355	206	194	12	287	175	88	8	82	53	0	0	0.8304851055145264	108480	1317.5098559856415	101389	6.536688790560476	
-337533.73498566874	138.6875	9.4125	137.225	87.425	-4.756278878063897	1356	206	203	13	247	156	93	8	95	61	0	0	0.7659368515014648	108560	1318.275792837143	101463	6.537398673544587	
-362531.5296483684	136.4	9.3375	134.325	85.5875	-4.756278878063897	1357	206	178	15	302	189	94	8	90	58	0	0	0.7375879287719727	108640	1319.013380765915	101537	6.538107511045652	
-337532.8992349298	136.3	9.708860759493671	136.8987341772152	87.36708860759494	-4.756278878063897	1358	207	191	15.0	247.0	152.0	81	8.0	90.0	58.0	0	0	0.7181692123413086	108720	1319.7315499782562	101609	6.540654893303895	
-312527.9314227195	134.3625	9.4125	130.225	83.1125	-4.756278878063897	1359	207	214	15	261	159	58	8	90	58	0	0	0.750190019607544	108800	1320.4817399978638	101683	6.541360294117652	
-350029.0331427959	134.1	9.3625	130.55	83.3875	-4.756278878063897	1360	207	192	13	255	158	80	8	87	56	0	0	0.7108209133148193	108880	1321.1925609111786	101755	6.543901542983093	
-400039.34649596584	130.575	9.325	131.1125	83.75	-4.756278878063897	1361	207	151	13	258	161	77	8	82	53	0	0	0.7730181217193604	108960	1321.965579032898	101830	6.543685756240819	
-325034.6022173868	135.2	9.3875	130.5625	83.45	-4.75252626126814	1362	207	178	14	241	152	94	8	90	58	0	0	0.7154057025909424	109040	1322.680984735489	101901	6.5471386647101895	
-275023.48871033906	134.1	9.275	135.7625	86.4375	-4.75252626126814	1363	207	165	15	301	189	107	8	90	58	0	0	0.7455580234527588	109120	1323.4265427589417	101974	6.548753665689148	
-325017.41147085605	133.4	9.3375	134.0875	85.725	-4.75252626126814	1364	207	172	13	288	180	100	8	90	58	0	0	0.7512261867523193	109200	1324.177768945694	102049	6.548534798534803	
-275031.35452767863	132.625	9.7125	151.475	96.1125	-4.75252626126814	1365	207	182	16	319	197	84	8	91	59	0	0	0.8225729465484619	109280	1325.0003418922424	102124	6.5483162518301725	
-287527.23579867376	135.1	9.2	134.75	85.575	-4.75252626126814	1366	207	182	13	281	172	87	8	95	61	0	0	0.7367260456085205	109360	1325.737067937851	102198	6.549012435991216	
-325019.46693052875	138.8375	9.5625	144.0625	91.525	-4.75252626126814	1367	207	228	13	241	152	64	8	87	56	0	0	0.7714948654174805	109440	1326.5085628032684	102273	6.548793859649123	
-312522.44739653263	137.8125	9.2875	135.0625	86.0625	-4.75252626126814	1368	207	187	13	270	173	89	8	90	58	0	0	0.7254650592803955	109520	1327.2340278625488	102346	6.5504017531044525	
-237541.3574480434	134.4125	9.2625	131.9625	84.075	-4.75252626126814	1369	207	180	14	241	152	77	8	90	58	0	0	0.7425980567932129	109600	1327.976625919342	102420	6.551094890510939	
-275027.4884013845	133.025	9.25	130.875	83.3625	-4.75252626126814	1370	207	156	15	223	140	62	8	88	57	0	0	0.7252438068389893	109680	1328.701869726181	102494	6.551787016776075	
-262525.1540122223	132.4125	9.2875	129.7875	82.875	-4.75252626126814	1371	207	179	14	289	182	93	8	92	59	0	0	0.7441892623901367	109760	1329.4460589885712	102566	6.554300291545189	
-362524.46469673363	131.65	9.4	136.3	86.9375	-4.75252626126814	1372	207	186	14	356	218	63	8	82	53	0	0	0.7869119644165039	109840	1330.2329709529877	102641	6.554078659868907	
-337540.9630850058	138.475	9.3125	134.875	86.0375	-4.75252626126814	1373	207	186	12	285	180	98	8	82	53	0	0	0.7136988639831543	109920	1330.9466698169708	102714	6.5556768558952	
-300038.02234686096	136.3125	9.525	139.725	89.05	-4.75252626126814	1374	207	184	15	242	155	85	8	82	53	0	0	0.7612600326538086	110000	1331.7079298496246	102789	6.555454545454538	
-225029.73875611034	135.8375	9.4125	143.3125	90.7875	-4.75252626126814	1375	207	177	15	279	171	102	8	88	57	0	0	0.7804560661315918	110080	1332.4883859157562	102864	6.5552325581395365	
-237530.9253334361	136.6375	9.325	134.8	85.725	-4.75252626126814	1376	207	205	14	241	152	67	8	82	53	0	0	0.7501871585845947	110160	1333.2385730743408	102938	6.555918663761801	
-350022.619009564	135.775	9.45	130.3125	83.375	-4.75252626126814	1377	207	197	13	253	156	75	8	95	61	0	0	0.7165298461914062	110240	1333.9551029205322	103011	6.557510885341074	
-262534.73122861475	136.7625	9.425	133.5125	85.2	-4.75252626126814	1378	207	197	14	241	152	96	8	96	62	0	0	0.7653310298919678	110320	1334.7204339504242	103087	6.556381435823056	
-175034.22515200722	138.05	9.25	137.2875	87.25	-4.75252626126814	1379	207	203	13	295	182	88	8	90	58	0	0	0.7649898529052734	110400	1335.4854238033295	103163	6.555253623188406	
-350024.9403716174	137.225	9.65	139.9125	89.1625	-4.75252626126814	1380	207	197	16	241	152	88	8	82	53	0	0	0.7871930599212646	110480	1336.2726168632507	103239	6.554127443881242	
-337530.6318032931	134.1375	9.5	144.30769230769232	91.55128205128206	-4.75252626126814	1381	209	179	13.0	386.0	237.0	88	8.0	82.0	53.0	0	0	0.7643740177154541	110560	1337.0369908809662	103310	6.55752532561506	
-412517.05849195423	136.425	9.525	138.9625	88.425	-4.75252626126814	1382	209	178	14	362	226	94	8	87	56	0	0	0.7748880386352539	110640	1337.8118789196014	103386	6.556399132321047	
-312526.01681060274	132.9875	9.6375	142.05	90.4	-4.75252626126814	1383	209	176	15	301	193	88	8	90	58	0	0	0.7580547332763672	110720	1338.5699336528778	103460	6.557080924855498	
-325034.2051846405	131.4375	9.0625	128.9625	82.1125	-4.75252626126814	1384	209	236	13	241	152	35	8	90	58	0	0	0.7351453304290771	110800	1339.3050789833069	103535	6.556859205776178	
-175031.31944770977	135.6125	9.375	143.825	90.95	-4.75252626126814	1385	209	236	15	319	192	94	8	90	58	0	0	0.7869899272918701	110880	1340.0920689105988	103611	6.555735930735935	
-350019.1166423218	139.0125	9.3625	141.7125	89.6875	-4.75252626126814	1386	209	236	15	298	182	80	8	87	56	0	0	0.757256031036377	110960	1340.8493249416351	103685	6.556416726748381	
-287526.18000270566	140.5	9.425	141.2125	89.55	-4.75252626126814	1387	209	236	13	242	152	69	8	90	58	0	0	0.7508399486541748	111040	1341.6001648902893	103758	6.557997118155626	
-325029.0793945056	140.55	9.7125	144.125	91.325	-4.75252626126814	1388	209	255	15	334	203	69	8	90	58	0	0	0.7749180793762207	111120	1342.3750829696655	103833	6.557775377969762	
-275027.5274698182	138.85	9.8125	146.9625	93.1625	-4.75252626126814	1389	209	201	18	331	212	69	8	90	58	0	0	0.7646358013153076	111200	1343.1397187709808	103907	6.558453237410063	
-400024.5216580357	137.4625	9.6375	143.7625	90.85	-4.75252626126814	1390	209	188	14	266	162	84	8	82	53	0	0	0.7587289810180664	111280	1343.898447751999	103981	6.559130122214228	
-275020.568727162	136.3125	9.4375	139.175	88.4625	-4.75252626126814	1391	209	204	16	263	163	68	8	90	58	0	0	0.7413790225982666	111360	1344.6398267745972	104056	6.558908045977006	
-225026.43913201912	135.3375	9.227848101265822	131.32911392405063	83.58227848101266	-4.75252626126814	1392	210	208	16.0	314.0	199.0	52	8.0	82.0	53.0	0	0	0.6852540969848633	111440	1345.325080871582	104127	6.562275664034459	
-275019.62849718996	137.0625	9.425	136.275	86.5625	-4.75252626126814	1393	210	204	13	247	152	74	8	82	53	0	0	0.7935352325439453	111520	1346.118616104126	104200	6.563845050215207	
-337524.1324444315	139.3	9.55	137.5125	87.575	-4.75252626126814	1394	210	210	14	277	174	79	8	82	53	0	0	0.7843568325042725	111600	1346.9029729366302	104276	6.562724014336922	
-237539.52001970765	137.725	8.9125	124.0875	78.9875	-4.75252626126814	1395	210	177	12	241	152	95	8	82	53	0	0	0.7240109443664551	111680	1347.6269838809967	104351	6.5625	
-400022.1967772887	137.05	9.5125	129.8	83.05	-4.75252626126814	1396	210	158	13	242	152	119	8	90	58	0	0	0.737393856048584	111760	1348.3643777370453	104424	6.564065855404436	
-375030.8651108018	136.4125	9.6125	140.55	89.475	-4.75252626126814	1397	210	175	13	282	176	97	8	87	56	0	0	0.782717227935791	111840	1349.147094964981	104500	6.562947067238909	
-350031.5132303468	133.5375	9.6625	135.2125	86.4	-4.75252626126814	1398	210	227	14	246	160	47	8	82	53	0	0	0.7577159404754639	111920	1349.9048109054565	104575	6.562723373838452	
-362534.2117853436	134.325	9.670886075949367	142.64556962025316	90.68354430379746	-4.75252626126814	1399	211	251	12.0	253.0	159.0	21	8.0	90.0	58.0	0	0	0.7636129856109619	112000	1350.6684238910675	104649	6.563392857142858	
-312550.87113467266	135.275	9.5125	135.125	86.1125	-4.75252626126814	1400	211	211	14	265	167	61	8	82	53	0	0	0.7531750202178955	112080	1351.4215989112854	104725	6.562276945039258	
-262537.4804262108	141.575	9.475	137.8375	87.6625	-4.75252626126814	1401	211	226	13	254	163	71	8	87	56	0	0	0.7218770980834961	112160	1352.143476009369	104798	6.563837375178309	
-262534.50253702316	139.8625	9.525	137.8	87.5375	-4.75252626126814	1402	211	212	14	306	189	82	8	88	57	0	0	0.7471988201141357	112240	1352.890674829483	104873	6.563613684960799	
-237535.70820144573	139.025	9.6625	138.65	88.275	-4.75252626126814	1403	211	227	14	257	162	99	8	82	53	0	0	0.7768840789794922	112320	1353.6675589084625	104948	6.563390313390315	
-325042.6964964167	138.9375	10.0375	145.9125	93.0	-4.75252626126814	1404	211	204	14	296	186	100	8	98	63	0	0	0.8028650283813477	112400	1354.4704239368439	105022	6.564056939501782	
-312525.3312054021	136.1	9.575	140.8125	89.6125	-4.75252626126814	1405	211	173	14	287	178	103	8	82	53	0	0	0.7516469955444336	112480	1355.2220709323883	105094	6.566500711237552	
-362526.2279355552	134.875	9.4625	141.8	89.9875	-4.75252626126814	1406	211	175	13	260	162	98	8	90	58	0	0	0.760718822479248	112560	1355.9827897548676	105167	6.568052594172002	
-287529.99919347087	134.925	9.6375	139.775	88.875	-4.75252626126814	1407	211	174	14	274	173	98	8	95	61	0	0	0.7737579345703125	112640	1356.7565476894379	105241	6.56871448863636	
-237538.97559464737	135.925	9.2625	133.5375	84.825	-4.75252626126814	1408	211	171	14	295	178	101	8	88	57	0	0	0.7810101509094238	112720	1357.5375578403473	105315	6.569375443577002	
-300033.8626445577	135.5375	9.625	147.0375	92.925	-4.75252626126814	1409	211	201	14	295	178	36	8	90	58	0	0	0.7928240299224854	112800	1358.3303818702698	105389	6.570035460992912	
-325037.4156607264	143.225	9.582278481012658	143.50632911392404	91.0126582278481	-4.75252626126814	1410	212	229	13.0	275.0	177.0	47	7.0	74.0	48.0	0	0	0.7798991203308105	112880	1359.1102809906006	105463	6.570694542877391	
-350032.7349998298	142.7125	9.475	131.275	83.7625	-4.75252626126814	1411	212	218	15	251	153	97	8	88	57	0	0	0.7322287559509277	112960	1359.8425097465515	105538	6.570467422096314	
-312543.1888019894	137.1875	9.6	137.5875	87.6625	-4.75252626126814	1412	212	211	15	266	167	80	8	90	58	0	0	0.7636599540710449	113040	1360.6061697006226	105612	6.57112526539278	
-300022.90515371336	139.1	9.45	136.8375	86.9875	-4.75252626126814	1413	212	211	14	241	152	75	8	82	53	0	0	0.7495400905609131	113120	1361.3557097911835	105686	6.571782178217816	
-225027.66787541535	138.1125	9.325	132.55	84.25	-4.75252626126814	1414	212	200	14	228	141	83	8	88	57	0	0	0.7363688945770264	113200	1362.0920786857605	105760	6.572438162544174	
-250025.7291902	140.15	9.4875	140.425	89.1875	-4.75252626126814	1415	212	192	15	319	194	85	8	90	58	0	0	0.7608311176300049	113280	1362.8529098033905	105835	6.572210451977398	
-237533.53410931924	143.425	9.35	135.2875	85.975	-4.75252626126814	1416	212	211	13	241	152	75	7	74	48	0	0	0.7487831115722656	113360	1363.6016929149628	105911	6.571100917431195	
-225022.8257272265	143.325	9.325	133.625	84.9	-4.75252626126814	1417	212	261	13	241	152	86	8	90	58	0	0	0.7357790470123291	113440	1364.337471961975	105986	6.570874471086043	
-325032.84963881026	149.45	9.0375	130.425	82.8	-4.75252626126814	1418	212	211	13	241	152	44	8	90	58	0	0	0.7303969860076904	113520	1365.0678689479828	106062	6.5697674418604635	
-287527.5985225839	144.775	9.4125	136.6875	86.825	-4.75252626126814	1419	212	211	14	326	202	86	8	82	53	0	0	0.729813814163208	113600	1365.797682762146	106136	6.570422535211264	
-325030.76470763143	144.4625	9.5	137.2875	87.3125	-4.75252626126814	1420	212	273	15	316	197	57	8	88	57	0	0	0.7433841228485107	113680	1366.5410668849945	106209	6.5719563687544	
-187539.0300447884	146.775	9.45	142.9875	90.5625	-4.75252626126814	1421	212	273	14	345	211	85	8	82	53	0	0	0.7642929553985596	113760	1367.305359840393	106282	6.573488045007039	
-300028.36637479626	142.75	9.2	129.6625	82.65	-4.75252626126814	1422	212	273	17	298	191	93	8	90	58	0	0	0.7152750492095947	113840	1368.0206348896027	106355	6.575017568517211	
-237545.1929153454	140.8	9.3375	131.5625	83.825	-4.75252626126814	1423	212	236	14	285	179	80	8	87	56	0	0	0.7398190498352051	113920	1368.7604539394379	106429	6.575667134831463	
-337534.62192218937	138.25	9.4375	135.0125	86.0375	-4.75252626126814	1424	212	199	14	241	152	102	8	90	58	0	0	0.7612199783325195	114000	1369.5216739177704	106505	6.574561403508767	
-337516.77427617554	136.3125	9.1875	128.225	81.7625	-4.75252626126814	1425	212	202	15	235	151	70	8	87	56	0	0	0.7221188545227051	114080	1370.243792772293	106580	6.574333800841515	
-287529.64775507164	136.9875	9.325	133.3625	84.7	-4.75252626126814	1426	212	165	13	224	138	101	8	90	58	0	0	0.7359349727630615	114160	1370.9797277450562	106655	6.574106517168886	
-312520.5582356113	135.65	9.375	132.15	84.275	-4.75252626126814	1427	212	222	15	254	160	50	8	87	56	0	0	0.7168881893157959	114240	1371.696615934372	106727	6.5765056022409	
-225047.91820839402	133.1125	9.625	138.625	88.3125	-4.75252626126814	1428	212	196	14	266	161	88	8	82	53	0	0	0.7613098621368408	114320	1372.4579257965088	106801	6.57715185444367	
-262532.2357354638	132.1875	9.3375	132.2625	84.275	-4.75252626126814	1429	212	180	13	247	156	77	8	82	53	0	0	0.7520020008087158	114400	1373.2099277973175	106875	6.5777972027972	
-262529.7897541385	132.2875	9.4	129.5	82.625	-4.75252626126814	1430	212	174	14	254	155	85	8	87	56	0	0	0.7349629402160645	114480	1373.9448907375336	106948	6.579315164220816	
-275030.2810293708	133.425	9.45	132.475	84.525	-4.75252626126814	1431	212	182	16	271	170	85	8	87	56	0	0	0.7819252014160156	114560	1374.7268159389496	107022	6.579958100558656	
-262538.37060439546	133.8875	9.4125	131.175	83.7	-4.75252626126814	1432	212	188	15	260	165	101	8	88	57	0	0	0.7363128662109375	114640	1375.4631288051605	107097	6.57972784368458	
-287523.3523692781	134.45	9.225	130.4125	83.0125	-4.75252626126814	1433	212	176	14	247	152	96	8	87	56	0	0	0.7137551307678223	114720	1376.1768839359283	107169	6.582112970711293	
-325032.0262912684	136.4875	9.0375	122.6	78.325	-4.75252626126814	1434	212	176	13	221	139	100	8	87	56	0	0	0.7088439464569092	114800	1376.8857278823853	107243	6.582752613240416	
-300028.62860852294	135.4375	9.5375	131.675	83.9	-4.75252626126814	1435	212	164	14	242	152	100	8	79	51	0	0	0.7439730167388916	114880	1377.6297008991241	107319	6.581650417827305	
-375020.1518170537	136.7125	9.379746835443038	131.48101265822785	83.9113924050633	-4.75252626126814	1436	213	205	13.0	254.0	155.0	67	8.0	87.0	56.0	0	0	0.7349560260772705	114960	1378.3646569252014	107393	6.582289491997216	
-300029.2270089973	137.9875	9.2	131.225	83.775	-4.75252626126814	1437	213	191	13	250	157	64	8	90	58	0	0	0.6950550079345703	115040	1379.059711933136	107463	6.5864047287899865	
-300028.1230008822	137.0	9.4125	133.725	85.375	-4.75252626126814	1438	213	198	14	260	164	105	8	82	53	0	0	0.7306098937988281	115120	1379.7903218269348	107537	6.587039610840861	
-362536.15318886004	136.0	9.275	132.1375	84.3375	-4.75252626126814	1439	213	191	15	250	157	81	8	95	61	0	0	0.7420082092285156	115200	1380.5323300361633	107612	6.586805555555557	
-362537.04959242546	136.0	9.2	131.8125	83.85	-4.75252626126814	1440	213	212	13	205	130	60	8	91	59	0	0	0.7399396896362305	115280	1381.2722697257996	107687	6.586571825121439	
-237538.34026382063	137.65	9.1	136.475	86.55	-4.75252626126814	1441	213	202	13	250	154	80	8	95	61	0	0	0.7349753379821777	115360	1382.0072450637817	107761	6.5872052704577015	
-375023.6975372207	136.3875	9.225	135.7625	86.375	-4.75252626126814	1442	213	176	13	290	180	105	8	87	56	0	0	0.7417910099029541	115440	1382.7490360736847	107835	6.587837837837839	
-287533.6663845264	135.825	9.225	131.65	83.775	-4.75252626126814	1443	213	208	14	253	159	78	8	87	56	0	0	0.7489438056945801	115520	1383.4979798793793	107911	6.58673822714681	
-275034.3741741892	133.2	9.3	133.5875	85.0	-4.75252626126814	1444	213	186	12	251	157	78	8	95	61	0	0	0.740149974822998	115600	1384.2381298542023	107985	6.587370242214533	
-362526.4045644555	133.1625	9.30379746835443	135.26582278481013	85.9873417721519	-4.75252626126814	1445	214	176	14.0	255.0	159.0	67	8.0	90.0	58.0	0	0	0.757361888885498	115680	1384.9954917430878	108059	6.588001383125857	
-262533.61266123154	136.5125	9.3125	132.9	84.725	-4.75252626126814	1446	214	179	13	260	163	78	8	88	57	0	0	0.7580301761627197	115760	1385.7535219192505	108134	6.587767795438836	
-262534.18330585887	136.675	9.1	129.35	82.4625	-4.75252626126814	1447	214	194	13	254	160	101	8	90	58	0	0	0.7360599040985107	115840	1386.489581823349	108209	6.587534530386733	
-312520.0443501059	136.25	9.5	140.0375	89.1375	-4.75252626126814	1448	214	162	14	258	164	108	8	88	57	0	0	0.7927680015563965	115920	1387.2823498249054	108284	6.587301587301582	
-300027.4798932354	136.6	9.375	142.5	90.45	-4.75252626126814	1449	214	176	12	337	207	96	8	90	58	0	0	0.7909820079803467	116000	1388.0733318328857	108358	6.587931034482764	
-287526.25054524647	136.225	9.35	133.975	85.375	-4.75252626126814	1450	214	174	15	301	187	98	8	88	57	0	0	0.7506098747253418	116080	1388.823941707611	108432	6.588559614059264	
-250041.11271305475	134.2	9.475	140.9375	89.625	-4.75252626126814	1451	214	204	15	310	192	92	8	88	57	0	0	0.7871203422546387	116160	1389.6110620498657	108507	6.588326446280988	
-350029.2300039893	135.05	9.3125	140.1125	88.925	-4.75252626126814	1452	214	210	15	456	278	39	8	88	57	0	0	0.7601318359375	116240	1390.3711938858032	108581	6.588953888506538	
-312531.54934392544	133.0875	9.2125	137.6625	87.3875	-4.75252626126814	1453	214	217	13	319	196	55	8	88	57	0	0	0.7745041847229004	116320	1391.1456980705261	108656	6.588720770288859	
-212538.29173525207	136.225	9.5875	152.6125	96.3625	-4.75252626126814	1454	214	183	14	319	197	89	8	88	57	0	0	0.8108117580413818	116400	1391.9565098285675	108732	6.587628865979383	
-262521.8980785881	133.8125	9.4	147.675	93.4125	-4.75252626126814	1455	214	189	14	288	177	82	8	95	61	0	0	0.7844538688659668	116480	1392.7409636974335	108808	6.586538461538467	
-225029.21422622207	134.05	9.4375	139.9125	88.825	-4.75252626126814	1456	214	197	13	228	145	69	8	85	55	0	0	0.7663140296936035	116560	1393.507277727127	108882	6.58716540837338	
-275031.07373558386	132.225	9.425	135.6375	86.4625	-4.75252626126814	1457	214	208	14	274	173	69	8	90	58	0	0	0.7487940788269043	116640	1394.256071805954	108958	6.586076817558293	
-250037.62085431293	130.45	9.4375	138.9	88.4875	-4.75252626126814	1458	214	151	14	289	181	90	8	96	62	0	0	0.765078067779541	116720	1395.0211498737335	109032	6.586703221384511	
-237538.08009779733	131.6375	9.525	135.65	86.5875	-4.75252626126814	1459	214	159	16	241	152	99	8	88	57	0	0	0.7521200180053711	116800	1395.773269891739	109106	6.587328767123296	
-250028.84000333547	132.5	9.8375	148.1625	93.9875	-4.75252626126814	1460	214	153	15	242	152	102	8	95	61	0	0	0.7830259799957275	116880	1396.5562958717346	109178	6.589664613278572	
-250036.25568499631	133.65	9.6125	136.75	87.075	-4.75252626126814	1461	214	176	15	334	210	72	8	90	58	0	0	0.7536990642547607	116960	1397.3099949359894	109253	6.589432284541715	
-300040.84051839774	133.575	9.4375	142.3375	90.35	-4.75252626126814	1462	214	222	13	333	209	50	8	90	58	0	0	0.7554807662963867	117040	1398.0654757022858	109326	6.5909090909090935	
-262528.1526175368	136.75	9.15	134.65	85.4125	-4.75252626126814	1463	214	162	12	281	178	102	8	90	58	0	0	0.7317759990692139	117120	1398.797251701355	109401	6.59067622950819	
-275032.58803046803	137.125	9.525	139.5625	88.6375	-4.75252626126814	1464	214	172	15	255	160	103	8	88	57	0	0	0.7572221755981445	117200	1399.5544738769531	109477	6.589590443686006	
-300024.6465952021	137.2	9.45	138.8625	88.4625	-4.75252626126814	1465	214	196	14	274	173	76	8	88	57	0	0	0.760732889175415	117280	1400.3152067661285	109552	6.589358799454288	
-237529.30328175254	136.425	9.65	138.3875	88.225	-4.75252626126814	1466	214	184	14	241	152	48	7	82	53	0	0	0.7721481323242188	117360	1401.0873548984528	109625	6.5908316291751845	
-350022.2124391963	136.225	9.3	135.525	86.075	-4.75252626126814	1467	214	200	13	288	177	59	8	82	53	0	0	0.7895588874816895	117440	1401.8769137859344	109700	6.5905994550408735	
-375016.1381635876	137.5625	9.4125	139.2625	88.4875	-4.75252626126814	1468	214	198	17	756	447	87	8	95	61	0	0	0.9982671737670898	117520	1402.8751809597015	109770	6.594622191967332	
-212534.0405104449	137.4	9.6125	142.525	90.65	-4.75252626126814	1469	214	185	13	319	197	106	8	91	59	0	0	0.7564208507537842	117600	1403.6316018104553	109844	6.595238095238102	
-225029.0394476343	137.175	9.525	139.6875	88.9	-4.75252626126814	1470	214	174	14	241	152	106	8	98	63	0	0	0.8173220157623291	117680	1404.4489238262177	109919	6.595003399048267	
-212531.9275615376	138.1875	9.2875	134.8125	85.6375	-4.75252626126814	1471	214	175	13	277	168	108	8	88	57	0	0	0.760565996170044	117760	1405.2094898223877	109995	6.593919836956516	
-200032.56539288542	139.2875	9.6	150.1625	94.8875	-4.75252626126814	1472	214	246	16	293	189	64	8	95	61	0	0	0.776252031326294	117840	1405.985741853714	110070	6.593686354378818	
-175036.28462048323	141.925	9.55	144.675	91.6625	-4.75252626126814	1473	214	246	14	285	176	103	8	88	57	0	0	0.7628419399261475	117920	1406.7485837936401	110143	6.59514925373135	
-262528.7754055643	141.525	9.375	142.0875	90.275	-4.75252626126814	1474	214	246	14	305	195	83	8	90	58	0	0	0.7259819507598877	118000	1407.4745657444	110216	6.596610169491527	
-400021.7608148254	139.825	9.3875	139.125	88.4625	-4.75252626126814	1475	214	294	14	318	197	62	8	82	53	0	0	0.7505910396575928	118080	1408.2251567840576	110290	6.597222222222214	
-275025.61291736795	134.775	9.4375	138.675	88.2625	-4.75252626126814	1476	214	195	13	256	156	77	8	90	58	0	0	0.7432570457458496	118160	1408.9684138298035	110364	6.59783344617469	
-275030.0661489079	135.6625	9.425	135.3625	86.15	-4.75252626126814	1477	214	176	13	247	152	106	8	87	56	0	0	0.7135560512542725	118240	1409.6819698810577	110435	6.600981055480375	
-200044.6750609441	135.1875	9.8625	150.4875	95.775	-4.75252626126814	1478	214	191	16	321	200	87	8	100	64	0	0	0.7772269248962402	118320	1410.459196805954	110507	6.603279242731574	
-250035.3759113397	136.8125	9.3875	137.6375	87.475	-4.75252626126814	1479	214	188	14	241	152	104	8	90	58	0	0	0.7679190635681152	118400	1411.227115869522	110583	6.602195945945937	
-200032.40336942434	137.925	9.4	136.6375	86.9875	-4.75252626126814	1480	214	216	15	280	177	76	8	90	58	0	0	0.7464420795440674	118480	1411.9735579490662	110657	6.602802160702225	
-300025.7111154692	135.9875	9.525	132.6875	84.625	-4.75252626126814	1481	214	167	14	241	152	105	8	98	63	0	0	0.700951099395752	118560	1412.674509048462	110728	6.605937921727403	
-300031.1255634185	135.725	9.4125	134.125	85.425	-4.75252626126814	1482	214	173	13	254	160	92	8	82	53	0	0	0.752234697341919	118640	1413.4267437458038	110801	6.607383681726233	
-275030.22482982243	133.9125	9.55	139.9125	89.0625	-4.75252626126814	1483	214	174	14	252	158	92	8	96	62	0	0	0.7652411460876465	118720	1414.1919848918915	110876	6.607142857142861	
-300028.3650580167	134.0125	9.65	146.2375	92.575	-4.75252626126814	1484	214	177	13	274	169	95	8	82	53	0	0	0.8008828163146973	118800	1414.9928677082062	110952	6.606060606060609	
-275032.5121434566	135.1	9.35	133.9	85.2875	-4.75252626126814	1485	214	172	13	274	173	97	8	88	57	0	0	0.7427201271057129	118880	1415.735587835312	111026	6.606662180349929	
-337532.8019460831	130.1875	9.544303797468354	142.18987341772151	90.29113924050633	-4.75252626126814	1486	215	198	13.0	269.0	166.0	24	8.0	87.0	56.0	0	0	0.7766890525817871	118960	1416.5122768878937	111100	6.607262945527907	
-275026.0385024672	130.5875	9.240506329113924	137.20253164556962	87.0379746835443	-4.75252626126814	1487	216	170	12.0	251.0	161.0	76	8.0	87.0	56.0	0	0	0.7571158409118652	119040	1417.2693927288055	111174	6.607862903225808	
-275022.2688296145	132.85	9.425	139.775	88.5625	-4.75252626126814	1488	216	203	15	241	152	46	8	90	58	0	0	0.7789871692657471	119120	1418.0483798980713	111248	6.608462055070518	
-312518.9602112307	135.8125	9.307692307692308	132.83333333333334	84.41025641025641	-4.75252626126814	1489	218	188	15.0	249.0	158.0	45	8.0	93.0	60.0	0	0	0.7128298282623291	119200	1418.7612097263336	111319	6.611577181208048	
-287523.23264228785	134.6375	9.6	143.1125	90.675	-4.75252626126814	1490	218	209	16	317	199	32	8	82	53	0	0	0.8033123016357422	119280	1419.5645220279694	111395	6.610496311200535	
-425016.4591714901	135.7875	9.25	129.5625	82.6625	-4.75252626126814	1491	218	188	14	236	150	84	8	82	53	0	0	0.7383527755737305	119360	1420.302874803543	111470	6.610254691689008	
-312537.07803055755	135.2625	9.4125	136.2625	86.45	-4.75252626126814	1492	218	206	13	217	138	66	8	87	56	0	0	0.751439094543457	119440	1421.0543138980865	111543	6.611687876758211	
-262537.5914382588	132.675	9.2875	134.3125	85.3875	-4.75252626126814	1493	218	206	14	242	152	66	8	87	56	0	0	0.7748270034790039	119520	1421.8291409015656	111618	6.611445783132524	
-237529.03283887712	128.825	9.1125	135.1625	85.4625	-4.75252626126814	1494	218	181	13	378	227	66	8	82	53	0	0	0.7625579833984375	119600	1422.591698884964	111693	6.611204013377929	
-287532.5901322423	136.425	9.6875	147.4	93.1375	-4.75252626126814	1495	218	148	14	369	223	111	8	88	57	0	0	0.7768740653991699	119680	1423.3685729503632	111766	6.612633689839569	
-300015.6689324065	136.3625	9.75	152.6625	96.625	-4.75252626126814	1496	218	212	14	291	180	60	8	90	58	0	0	0.8239338397979736	119760	1424.1925067901611	111841	6.612391449565806	
-287521.4836166926	136.9	9.6875	148.5	93.9	-4.75252626126814	1497	218	199	14	276	169	73	8	87	56	0	0	0.8094120025634766	119840	1425.0019187927246	111916	6.612149532710276	
-262533.45074435725	134.7625	9.85	151.15	95.4625	-4.75252626126814	1498	218	178	15	340	207	77	8	95	61	0	0	0.7814090251922607	119920	1425.7833278179169	111989	6.613575717144755	
-350023.60409307375	136.5875	9.3125	136.3875	86.525	-4.75252626126814	1499	218	199	13	321	197	83	8	95	61	0	0	0.7905139923095703	120000	1426.5738418102264	112065	6.612499999999997	
-212530.95133379917	136.05	9.2875	136.55	86.675	-4.75252626126814	1500	218	185	13	246	152	87	8	88	57	0	0	0.7248470783233643	120080	1427.2986888885498	112136	6.615589606928722	
