ave_fitness	ave_genome_length	ave_tree_depth	ave_tree_nodes	ave_used_codons	best_fitness	gen	invalids	max_genome_length	max_tree_depth	max_tree_nodes	max_used_codons	min_genome_length	min_tree_depth	min_tree_nodes	min_used_codons	runtime_error	time_adjust	time_taken	total_inds	total_time	unique_inds	unused_search	
-787512.8761935992	100.0	11.051282051282051	166.85897435897436	105.91025641025641	-17.517658201667125	0	2	100	16.0	344.0	213.0	100	8.0	82.0	53.0	0	0	18.867602825164795	80	18.867602825164795	78	2.5	
-437540.1039959697	100.0	11.025641025641026	173.89743589743588	110.6025641025641	-14.718517155092623	1	4	157	16.0	420.0	267.0	43	8.0	83.0	54.0	0	0	16.00314497947693	160	34.870747804641724	152	5.0	
-300029.19440901186	98.125	11.333333333333334	180.37179487179486	114.55128205128206	-14.718517155092623	2	6	156	21.0	531.0	319.0	38	8.0	96.0	62.0	0	0	20.053780555725098	240	54.92452836036682	225	6.25	
-275039.4005552562	95.5875	11.0	174.35897435897436	110.76923076923077	-13.225268630433478	3	8	167	16.0	349.0	216.0	33	8.0	93.0	60.0	0	0	17.85680603981018	320	72.781334400177	298	6.875	
-325025.6115696011	90.4875	10.58974358974359	172.65384615384616	109.26923076923077	-11.982238893639021	4	10	162	16.0	317.0	201.0	38	8.0	82.0	53.0	0	0	20.326969146728516	400	93.10830354690552	372	7.0	
-250030.44316859246	89.3625	10.282051282051283	169.80769230769232	107.26923076923077	-11.064422549946329	5	12	225	18.0	357.0	221.0	37	8.0	82.0	53.0	0	0	21.816437482833862	480	114.92474102973938	445	7.291666666666657	
-287543.7674356237	87.5125	10.144736842105264	161.3421052631579	101.97368421052632	-11.064422549946329	6	16	263	13.0	282.0	176.0	7	8.0	82.0	53.0	0	0	20.385398626327515	560	135.3101396560669	514	8.214285714285722	
-375027.29429249745	76.9625	10.12	167.28	105.45333333333333	-11.064422549946329	7	21	169	14.0	282.0	173.0	31	8.0	90.0	58.0	0	0	19.852102279663086	640	155.16224193572998	585	8.59375	
-287524.25654174143	71.8875	10.232876712328768	187.36986301369862	116.71232876712328	-10.818904259404341	8	28	169	16.0	296.0	182.0	19	8.0	93.0	60.0	0	0	29.522748708724976	720	184.68499064445496	654	9.166666666666671	
-312527.847416144	67.1125	10.219178082191782	207.23287671232876	128.3835616438356	-10.623550137145678	9	35	160	16.0	299.0	182.0	19	9.0	91.0	59.0	0	0	29.661076307296753	800	214.3460669517517	723	9.625	
-350021.99730540405	66.825	10.23943661971831	217.8732394366197	135.14084507042253	-9.914740674061598	10	44	125	18.0	366.0	229.0	20	8.0	79.0	51.0	0	0	32.42103910446167	880	246.76710605621338	790	10.227272727272734	
-312521.3623257795	64.325	10.405405405405405	222.8918918918919	138.32432432432432	-9.722922991982543	11	50	116	17.0	366.0	229.0	20	8.0	93.0	60.0	0	0	31.40407943725586	960	278.17118549346924	859	10.520833333333329	
-350028.6056984031	64.15	10.471428571428572	221.6	137.47142857142856	-9.722922991982543	12	60	110	17.0	399.0	255.0	16	8.0	117.0	74.0	0	0	31.712427139282227	1040	309.88361263275146	924	11.15384615384616	
-287527.9682696907	64.75	10.202898550724637	223.31884057971016	138.33333333333334	-9.722922991982543	13	71	146	15.0	318.0	200.0	22	8.0	90.0	58.0	0	0	34.93483519554138	1120	344.81844782829285	988	11.785714285714292	
-275027.26845326007	63.0625	10.32	228.85333333333332	141.82666666666665	-9.722922991982543	14	76	125	14.0	288.0	185.0	1	8.0	100.0	65.0	0	0	34.24685215950012	1200	379.06529998779297	1058	11.833333333333329	
-237535.02178029213	63.0	10.283783783783784	220.28378378378378	136.56756756756758	-9.45595089131043	15	82	116	15.0	288.0	182.0	10	8.0	90.0	58.0	0	0	33.89005470275879	1280	412.95535469055176	1127	11.953125	
-312520.7163486463	63.475	10.126760563380282	224.56338028169014	138.95774647887325	-9.45595089131043	16	91	125	13.0	282.0	173.0	1	8.0	95.0	61.0	0	0	34.899802923202515	1360	447.8551576137543	1192	12.352941176470594	
-350015.85928583913	63.825	10.338028169014084	231.85915492957747	143.53521126760563	-9.45595089131043	17	100	99	15.0	333.0	201.0	27	8.0	90.0	58.0	0	0	31.914777040481567	1440	479.76993465423584	1259	12.569444444444443	
-287523.8202582135	63.55	10.194444444444445	232.95833333333334	144.125	-8.995000369040358	18	108	123	15.0	282.0	173.0	3	8.0	93.0	60.0	0	0	33.333009243011475	1520	513.1029438972473	1326	12.76315789473685	
-350017.79626694496	63.1375	10.318840579710145	240.0144927536232	148.52173913043478	-8.995000369040358	19	119	104	15.0	333.0	204.0	22	8.0	90.0	58.0	0	0	33.698280811309814	1600	546.8012247085571	1390	13.125	
-250033.47258162661	63.0	10.2	238.41333333333333	147.32	-8.995000369040358	20	124	107	16.0	399.0	243.0	19	8.0	98.0	63.0	0	0	32.85058784484863	1680	579.6518125534058	1456	13.333333333333329	
-325023.79750738933	63.05	10.140845070422536	237.16901408450704	146.46478873239437	-8.995000369040358	21	133	118	15.0	306.0	185.0	8	8.0	82.0	53.0	0	0	32.00637364387512	1760	611.6581861972809	1521	13.579545454545453	
-362518.00952751207	64.375	10.342465753424657	238.54794520547946	147.43835616438355	-8.98377277190926	22	140	118	16.0	282.0	173.0	11	9.0	91.0	59.0	0	0	38.46720504760742	1840	650.1253912448883	1590	13.58695652173914	
-250018.18046948695	63.525	10.376811594202898	231.69565217391303	143.65217391304347	-8.878436792402924	23	151	134	14.0	292.0	182.0	13	10.0	134.0	87.0	0	0	31.300938367843628	1920	681.4263296127319	1652	13.958333333333329	
-237523.74349693395	64.675	10.45945945945946	222.71621621621622	138.24324324324326	-8.878436792402924	24	157	124	14.0	359.0	215.0	2	9.0	105.0	68.0	0	0	34.373682737350464	2000	715.8000123500824	1721	13.949999999999989	
-262530.41019716766	64.0125	10.594202898550725	231.2608695652174	143.53623188405797	-8.636755789554899	25	168	110	15.0	329.0	211.0	16	9.0	126.0	82.0	0	0	31.137006282806396	2080	746.9370186328888	1786	14.134615384615387	
-225030.7492712384	62.6375	10.4	239.61428571428573	148.28571428571428	-8.636755789554899	26	178	125	17.0	332.0	201.0	1	8.0	91.0	59.0	0	0	35.68185997009277	2160	782.6188786029816	1849	14.398148148148152	
-237516.05594454118	63.2625	10.63888888888889	247.59722222222223	153.06944444444446	-8.636755789554899	27	186	110	16.0	320.0	196.0	16	9.0	101.0	65.0	0	0	35.24679112434387	2240	817.8656697273254	1915	14.50892857142857	
-275014.4073124576	63.0	10.55072463768116	242.28985507246378	150.1304347826087	-8.515939733079955	28	197	100	16.0	362.0	228.0	26	8.0	87.0	56.0	0	0	33.103848695755005	2320	850.9695184230804	1978	14.741379310344826	
-212530.2883423607	63.0	10.816901408450704	249.73239436619718	154.71830985915494	-8.454546106911524	29	206	124	18.0	464.0	292.0	2	9.0	126.0	81.0	0	0	37.08308959007263	2400	888.0526080131531	2044	14.833333333333329	
-262516.3732399109	63.225	10.797101449275363	256.0144927536232	158.2753623188406	-8.396223244588661	30	217	119	17.0	534.0	327.0	12	8.0	87.0	56.0	0	0	39.01239228248596	2480	927.065000295639	2107	15.040322580645153	
-275021.54168612586	63.0875	10.661764705882353	252.22058823529412	155.97058823529412	-8.396223244588661	31	229	125	17.0	412.0	264.0	1	8.0	85.0	55.0	0	0	37.91763973236084	2560	964.9826400279999	2170	15.234375	
-275021.2400592822	63.0875	10.492957746478874	248.2394366197183	153.70422535211267	-8.242120905578858	32	238	116	18.0	391.0	245.0	10	8.0	101.0	65.0	0	0	32.403804063797	2640	997.3864440917969	2233	15.416666666666671	
-237517.3712775244	63.5375	10.58108108108108	253.8918918918919	156.98648648648648	-8.242120905578858	33	244	123	16.0	386.0	236.0	3	8.0	109.0	70.0	0	0	38.30557203292847	2720	1035.6920161247253	2298	15.514705882352942	
-275016.8916912228	63.0875	10.295774647887324	252.25352112676057	155.50704225352112	-8.240857453020269	34	253	110	13.0	534.0	327.0	16	8.0	120.0	76.0	0	0	42.691816091537476	2800	1078.3838322162628	2363	15.607142857142847	
-300019.1135414081	63.25	10.088235294117647	243.10294117647058	150.11764705882354	-7.963255396024193	35	265	121	13.0	459.0	281.0	5	8.0	100.0	64.0	0	0	33.64447236061096	2880	1112.0283045768738	2425	15.798611111111114	
-300025.4484587723	63.35	10.371428571428572	244.2	150.97142857142856	-7.963255396024193	36	275	112	13.0	317.0	196.0	14	9.0	109.0	70.0	0	0	33.01318645477295	2960	1145.0414910316467	2490	15.878378378378372	
-250028.95152236763	63.65	10.402597402597403	239.15584415584416	147.8961038961039	-7.963255396024193	37	278	118	15.0	320.0	201.0	8	8.0	100.0	64.0	0	0	40.62730932235718	3040	1185.668800354004	2563	15.690789473684205	
-412512.0160546888	63.0	10.314285714285715	233.81428571428572	144.78571428571428	-7.932302760196495	38	288	119	16.0	324.0	201.0	7	8.0	98.0	63.0	0	0	33.8392174243927	3120	1219.5080177783966	2627	15.801282051282044	
-337522.1766742233	60.2	10.898550724637682	243.40579710144928	151.08695652173913	-7.932302760196495	39	299	109	18.0	394.0	252.0	6	9.0	129.0	83.0	0	0	34.07391810417175	3200	1253.5819358825684	2691	15.90625	
-312520.26214664953	63.7625	10.694444444444445	244.73611111111111	151.94444444444446	-7.932302760196495	40	307	111	17.0	297.0	189.0	15	8.0	110.0	71.0	0	0	36.69383788108826	3280	1290.2757737636566	2756	15.975609756097569	
-337525.8241225609	63.875	10.788732394366198	251.74647887323943	155.95774647887325	-7.905883528381307	41	316	121	16.0	305.0	190.0	9	9.0	119.0	77.0	0	0	37.20915699005127	3360	1327.4849307537079	2821	16.04166666666667	
-237529.1013059142	63.125	10.771428571428572	246.87142857142857	153.24285714285713	-7.884550384265779	42	326	117	17.0	333.0	209.0	9	8.0	114.0	72.0	0	0	35.008729219436646	3440	1362.4936599731445	2886	16.104651162790702	
-237521.3260886444	65.35	10.507246376811594	253.6231884057971	156.71014492753622	-7.884550384265779	43	337	121	17.0	287.0	182.0	5	9.0	135.0	84.0	0	0	36.94358992576599	3520	1399.4372498989105	2950	16.193181818181827	
-300021.8707521666	64.4125	11.014492753623188	246.6231884057971	152.91304347826087	-7.884550384265779	44	348	119	17.0	324.0	204.0	22	10.0	127.0	81.0	0	0	39.692511558532715	3600	1439.1297614574432	3014	16.277777777777786	
-175020.1806643274	63.0	10.833333333333334	263.05555555555554	163.40277777777777	-7.884550384265779	45	356	124	18.0	436.0	283.0	2	9.0	117.0	74.0	0	0	32.227338552474976	3680	1471.3571000099182	3079	16.331521739130437	
-262516.99375350965	63.0	10.777777777777779	251.18055555555554	155.625	-7.872905149988093	46	364	122	19.0	420.0	260.0	4	8.0	84.0	54.0	0	0	39.16666007041931	3760	1510.5237600803375	3143	16.40957446808511	
-250029.0863586759	63.0	11.202898550724637	258.7826086956522	160.42028985507247	-7.872905149988093	47	375	122	21.0	377.0	234.0	4	10.0	130.0	81.0	0	0	35.38966917991638	3840	1545.913429260254	3207	16.484375	
-337517.50548783486	62.725	10.753846153846155	262.6307692307692	162.13846153846154	-7.872905149988093	48	390	110	22.0	329.0	207.0	16	10.0	141.0	88.0	0	0	33.800636768341064	3920	1579.714066028595	3266	16.683673469387756	
-262516.5696042419	63.5625	10.81159420289855	250.40579710144928	155.0144927536232	-7.872905149988093	49	401	83	17.0	323.0	203.0	43	10.0	135.0	84.0	0	0	34.394089698791504	4000	1614.1081557273865	3330	16.75	
-250021.2180283228	63.0	11.169014084507042	255.66197183098592	158.7605633802817	-7.872905149988093	50	410	112	17.0	410.0	266.0	14	9.0	120.0	76.0	0	0	34.33548378944397	4080	1648.4436395168304	3394	16.813725490196077	
-350020.99398723914	62.3875	10.461538461538462	252.96923076923076	156.33846153846153	-7.8729051050847065	51	425	122	17.0	320.0	204.0	4	9.0	131.0	83.0	0	0	32.285722732543945	4160	1680.7293622493744	3452	17.01923076923076	
-387522.0352339063	63.0	11.222222222222221	254.9206349206349	157.9047619047619	-7.8729051050847065	52	442	91	19.0	368.0	229.0	35	9.0	112.0	71.0	0	0	32.83489418029785	4240	1713.5642564296722	3511	17.19339622641509	
-362518.3334740973	63.375	10.841269841269842	252.9047619047619	156.74603174603175	-7.8729051050847065	53	459	122	18.0	452.0	287.0	4	10.0	144.0	90.0	0	0	30.398008584976196	4320	1743.9622650146484	3569	17.384259259259267	
-312522.5522585607	63.4625	10.787878787878787	251.66666666666666	155.96969696969697	-7.872794139554948	54	473	123	18.0	334.0	214.0	3	10.0	135.0	84.0	0	0	34.63426947593689	4400	1778.5965344905853	3631	17.477272727272734	
-350015.86631619977	63.5625	11.08695652173913	256.4927536231884	159.08695652173913	-7.855763317740351	55	484	120	17.0	353.0	222.0	6	9.0	102.0	66.0	0	0	36.56254959106445	4480	1815.1590840816498	3694	17.54464285714286	
-400018.3330368978	63.225	11.076923076923077	240.3230769230769	149.43076923076924	-7.855763317740351	56	499	119	17.0	344.0	220.0	7	9.0	134.0	84.0	0	0	34.38826394081116	4560	1849.547348022461	3755	17.653508771929822	
-387520.1010927623	62.2125	11.11111111111111	253.0	157.15873015873015	-7.855763317740351	57	516	124	21.0	450.0	286.0	2	9.0	126.0	80.0	0	0	30.189356327056885	4640	1879.7367043495178	3812	17.844827586206904	
-287516.65970472235	62.7875	10.662162162162161	251.16216216216216	155.44594594594594	-7.855763317740351	58	522	104	16.0	323.0	204.0	22	9.0	141.0	90.0	0	0	37.653804302215576	4720	1917.3905086517334	3881	17.77542372881355	
-187532.3766846065	62.975	11.083333333333334	248.25	153.88888888888889	-7.855760431361438	59	530	120	17.0	294.0	188.0	6	9.0	123.0	78.0	0	0	38.10530376434326	4800	1955.4958124160767	3947	17.770833333333343	
-275021.6878530608	63.0	10.855072463768115	251.92753623188406	155.9855072463768	-7.855760431361438	60	541	124	18.0	393.0	251.0	2	9.0	125.0	79.0	0	0	33.74224877357483	4880	1989.2380611896515	4010	17.82786885245902	
-325015.54144523817	63.925	10.597014925373134	252.40298507462686	155.92537313432837	-7.855633010877529	61	554	118	17.0	303.0	193.0	8	10.0	124.0	80.0	0	0	37.9579598903656	4960	2027.196021080017	4072	17.903225806451616	
-325022.4478560755	63.0	11.028985507246377	255.8840579710145	158.768115942029	-7.855633010877529	62	565	97	19.0	378.0	239.0	29	9.0	121.0	77.0	0	0	32.901207447052	5040	2060.097228527069	4136	17.936507936507937	
-262521.76540829707	63.1	10.626666666666667	240.25333333333333	149.08	-7.855633010877529	63	570	120	15.0	324.0	203.0	6	9.0	123.0	79.0	0	0	30.53550910949707	5120	2090.632737636566	4205	17.87109375	
-412520.98592379235	64.7875	10.53623188405797	225.3913043478261	140.14492753623188	-7.752820385449553	64	581	120	15.0	321.0	201.0	22	9.0	99.0	64.0	0	0	30.485066413879395	5200	2121.1178040504456	4269	17.90384615384616	
-175030.4968506138	62.5	10.85135135135135	232.1081081081081	143.8783783783784	-7.752820385449553	65	587	121	18.0	374.0	236.0	5	8.0	79.0	51.0	0	0	32.63695788383484	5280	2153.7547619342804	4338	17.840909090909093	
-300022.6655663748	66.5875	10.520547945205479	239.87671232876713	148.4794520547945	-7.752820385449553	66	594	121	15.0	419.0	260.0	10	8.0	120.0	76.0	0	0	32.21979904174805	5360	2185.9745609760284	4405	17.817164179104466	
-250028.26797032883	64.475	10.56338028169014	230.5211267605634	142.9718309859155	-7.752820385449553	67	603	121	16.0	323.0	207.0	17	8.0	92.0	59.0	0	0	24.95543384552002	5440	2210.9299948215485	4468	17.867647058823536	
-275016.6261638348	62.825	10.405405405405405	244.52702702702703	151.25675675675674	-7.752820385449553	68	609	111	14.0	282.0	173.0	15	8.0	79.0	51.0	0	0	31.026562690734863	5520	2241.9565575122833	4537	17.80797101449275	
-362535.64051819494	62.475	10.633802816901408	234.2394366197183	145.04225352112675	-7.752820385449553	69	618	96	17.0	620.0	369.0	17	9.0	101.0	65.0	0	0	36.17417764663696	5600	2278.1307351589203	4603	17.80357142857143	
-275016.77004190825	62.3	10.653333333333334	234.4	145.41333333333333	-7.752820385449553	70	623	112	15.0	354.0	220.0	14	8.0	95.0	61.0	0	0	29.74483847618103	5680	2307.8755736351013	4672	17.74647887323944	
-262523.56407797366	62.65	10.295774647887324	240.0	148.61971830985917	-7.72548840335081	71	632	97	17.0	304.0	186.0	29	8.0	98.0	63.0	0	0	32.62371110916138	5760	2340.4992847442627	4739	17.725694444444443	
-275027.6769786846	63.325	10.8	244.8	151.67142857142858	-7.72548840335081	72	642	106	17.0	410.0	259.0	20	8.0	101.0	65.0	0	0	32.80648231506348	5840	2373.305767059326	4803	17.756849315068493	
-362528.78329775174	63.0	10.390625	228.625	141.96875	-7.725483478860705	73	658	120	14.0	288.0	180.0	6	9.0	101.0	65.0	0	0	25.87043595314026	5920	2399.1762030124664	4860	17.905405405405403	
-237532.07206595782	62.7	10.76388888888889	237.41666666666666	147.61111111111111	-7.725483478860705	74	666	106	16.0	296.0	182.0	20	10.0	119.0	77.0	0	0	29.015766143798828	6000	2428.1919691562653	4926	17.900000000000006	
-312522.35857310414	63.2625	10.552238805970148	246.1492537313433	152.56716417910448	-7.725483478860705	75	679	124	15.0	282.0	182.0	2	10.0	138.0	86.0	0	0	30.732657194137573	6080	2458.924626350403	4987	17.976973684210535	
-275018.1154885742	65.2875	10.661971830985916	237.1267605633803	147.28169014084506	-7.725483478860705	76	688	124	17.0	282.0	179.0	8	9.0	104.0	67.0	0	0	33.07442498207092	6160	2491.9990513324738	5054	17.954545454545453	
-300020.3398380686	67.575	10.704225352112676	245.73239436619718	152.3943661971831	-7.725483478860705	77	697	124	16.0	437.0	273.0	9	9.0	130.0	81.0	0	0	30.424785137176514	6240	2522.4238364696503	5119	17.96474358974359	
-287520.4539376454	65.5375	10.64864864864865	243.21621621621622	150.63513513513513	-7.725483478860705	78	703	124	21.0	430.0	268.0	27	9.0	93.0	60.0	0	0	35.553998947143555	6320	2557.977835416794	5185	17.95886075949366	
-250022.89252364082	63.375	10.157142857142857	242.61428571428573	149.85714285714286	-7.684816796490928	79	713	115	12.0	282.0	173.0	11	8.0	96.0	62.0	0	0	31.607652187347412	6400	2589.5854876041412	5247	18.015625	
-225018.88943028665	63.0	10.31081081081081	237.01351351351352	146.5810810810811	-7.684816796490928	80	719	108	15.0	283.0	173.0	18	8.0	88.0	57.0	0	0	37.66604208946228	6480	2627.2515296936035	5316	17.962962962962962	
-287521.9327411019	63.15	10.27536231884058	238.40579710144928	147.3913043478261	-7.684482815828403	81	730	104	15.0	347.0	216.0	22	8.0	98.0	63.0	0	0	31.011773586273193	6560	2658.2633032798767	5378	18.018292682926827	
-275025.8181521955	63.325	10.3	240.68571428571428	148.82857142857142	-7.684482815828403	82	740	112	14.0	326.0	202.0	14	9.0	127.0	82.0	0	0	31.173484563827515	6640	2689.436787843704	5444	18.012048192771076	
-287520.168871952	63.225	10.430555555555555	232.58333333333334	144.02777777777777	-7.684482815828403	83	748	124	17.0	334.0	207.0	2	8.0	107.0	69.0	0	0	27.26782512664795	6720	2716.704612970352	5511	17.99107142857143	
-337523.2553034004	63.3375	10.485294117647058	228.77941176470588	141.86764705882354	-7.684482815828403	84	760	95	15.0	282.0	173.0	34	8.0	111.0	72.0	0	0	26.210013389587402	6800	2742.9146263599396	5573	18.044117647058826	
-337528.0713293563	63.225	10.671641791044776	241.52238805970148	149.61194029850745	-7.684482815828403	85	773	110	19.0	393.0	249.0	16	8.0	87.0	56.0	0	0	26.731669664382935	6880	2769.6462960243225	5634	18.110465116279073	
-237526.79319818318	62.7375	10.43661971830986	245.9718309859155	152.28169014084506	-7.678372242255987	86	782	100	14.0	426.0	257.0	26	8.0	109.0	70.0	0	0	29.925013542175293	6960	2799.571309566498	5699	18.117816091954026	
-237520.83053647904	63.0	10.808219178082192	247.26027397260273	153.41095890410958	-7.678372242255987	87	789	91	15.0	426.0	257.0	24	9.0	117.0	76.0	0	0	29.101502895355225	7040	2828.672812461853	5765	18.110795454545453	
-250025.04206858622	63.35	10.277777777777779	248.80555555555554	153.77777777777777	-7.678372242255987	88	797	110	16.0	306.0	187.0	16	8.0	98.0	63.0	0	0	28.81212019920349	7120	2857.4849326610565	5831	18.10393258426967	
-275022.92309025925	62.7	10.257142857142858	245.0857142857143	151.47142857142856	-7.678372242255987	89	807	99	13.0	282.0	173.0	27	9.0	101.0	65.0	0	0	21.528180599212646	7200	2879.013113260269	5892	18.166666666666657	
-362517.2827205949	62.625	10.534246575342467	235.02739726027397	146.02739726027397	-7.678372242255987	90	814	122	15.0	395.0	249.0	4	7.0	82.0	53.0	0	0	24.952948808670044	7280	2903.966062068939	5960	18.13186813186813	
-412520.3458338054	62.4125	10.305555555555555	225.63888888888889	139.90277777777777	-7.678372242255987	91	822	91	15.0	290.0	182.0	35	8.0	92.0	59.0	0	0	25.931284189224243	7360	2929.8973462581635	6027	18.111413043478265	
-312533.0327191687	62.625	10.23611111111111	240.41666666666666	148.77777777777777	-7.678337577358464	92	830	108	13.0	330.0	206.0	18	7.0	90.0	58.0	0	0	27.00901961326599	7440	2956.9063658714294	6094	18.091397849462368	
-437518.63767992705	62.5125	10.130434782608695	221.65217391304347	137.36231884057972	-7.678337577358464	93	841	119	13.0	299.0	181.0	9	8.0	95.0	61.0	0	0	21.683298110961914	7520	2978.5896639823914	6159	18.09840425531914	
-262518.59308431007	62.925	10.492957746478874	248.42253521126761	153.50704225352112	-7.677701807939625	94	850	100	14.0	307.0	186.0	26	9.0	134.0	85.0	0	0	25.927868604660034	7600	3004.5175325870514	6225	18.092105263157904	
-387519.57895294396	63.0	10.405797101449275	237.69565217391303	147.33333333333334	-7.677701807939625	95	861	125	15.0	303.0	187.0	1	9.0	110.0	71.0	0	0	24.62351965904236	7680	3029.1410522460938	6287	18.13802083333333	
-325016.6916893857	63.0	10.175675675675675	231.04054054054055	142.9189189189189	-7.677701807939625	96	867	107	13.0	282.0	173.0	19	9.0	90.0	58.0	0	0	25.452638149261475	7760	3054.593690395355	6354	18.118556701030926	
-400013.3269799148	63.275	10.3	236.8	146.42857142857142	-7.677701807939625	97	877	121	15.0	339.0	211.0	5	9.0	109.0	70.0	0	0	20.749778032302856	7840	3075.343468427658	6418	18.137755102040813	
-362521.0541513067	64.275	10.38888888888889	231.13888888888889	143.5	-7.676057171454621	98	885	118	19.0	377.0	241.0	8	8.0	100.0	65.0	0	0	18.611236810684204	7920	3093.9547052383423	6486	18.10606060606061	
-287524.51501787605	62.7125	10.305555555555555	236.84722222222223	146.66666666666666	-7.676057171454621	99	893	124	14.0	282.0	173.0	2	9.0	85.0	55.0	0	0	24.30731177330017	8000	3118.2620170116425	6554	18.075000000000003	
-275015.550595163	63.325	10.38961038961039	237.3896103896104	147.2077922077922	-7.676057171454621	100	896	107	15.0	321.0	205.0	19	8.0	87.0	56.0	0	0	20.292067527770996	8080	3138.5540845394135	6625	18.007425742574256	
-262523.1970140581	63.325	10.194444444444445	234.38888888888889	144.98611111111111	-7.676057171454621	101	904	133	14.0	282.0	173.0	6	9.0	85.0	55.0	0	0	17.73371148109436	8160	3156.287796020508	6692	17.99019607843138	
-350014.0408649024	63.75	10.285714285714286	236.34285714285716	146.21428571428572	-7.676057171454621	102	914	133	15.0	282.0	173.0	9	8.0	101.0	65.0	0	0	19.85334324836731	8240	3176.141139268875	6757	17.997572815533985	
-312519.1618384677	63.0	10.140845070422536	245.2394366197183	151.32394366197184	-7.676057171454621	103	923	124	12.0	283.0	175.0	2	8.0	98.0	63.0	0	0	26.13330054283142	8320	3202.2744398117065	6823	17.992788461538467	
-250019.5665095554	63.0	10.071428571428571	234.5	144.88571428571427	-7.676057171454621	104	933	120	14.0	282.0	173.0	6	8.0	98.0	63.0	0	0	21.55272078514099	8400	3223.8271605968475	6888	18.0	
-300016.93034386076	63.075	10.226666666666667	241.18666666666667	148.98666666666668	-7.676057171454621	105	938	115	14.0	313.0	196.0	11	8.0	98.0	63.0	0	0	27.78646492958069	8480	3251.613625526428	6956	17.97169811320755	
-225030.9145847721	63.0	10.2987012987013	237.94805194805195	147.19480519480518	-7.676006728276445	106	941	117	14.0	301.0	192.0	9	8.0	86.0	56.0	0	0	24.19863986968994	8560	3275.812265396118	7028	17.89719626168224	
-187531.65593963032	63.0	10.293333333333333	242.09333333333333	149.61333333333334	-7.675323862555518	107	946	112	14.0	293.0	186.0	14	9.0	109.0	70.0	0	0	26.14992380142212	8640	3301.9621891975403	7098	17.84722222222223	
-237519.55739465012	62.525	10.26027397260274	233.86301369863014	144.6164383561644	-7.675323862555518	108	953	121	13.0	282.0	173.0	5	9.0	111.0	70.0	0	0	24.015150785446167	8720	3325.9773399829865	7165	17.832568807339456	
-250019.25817887834	63.5	10.246575342465754	244.26027397260273	150.82191780821918	-7.674896305287796	109	960	107	14.0	400.0	249.0	19	7.0	82.0	53.0	0	0	25.79498314857483	8800	3351.7723231315613	7233	17.806818181818187	
-262525.2627877713	63.0	10.083333333333334	240.91666666666666	148.66666666666666	-7.674896305287796	110	968	121	12.0	302.0	189.0	5	8.0	87.0	56.0	0	0	26.924471616744995	8880	3378.6967947483063	7299	17.80405405405405	
-250023.6679278983	62.8125	10.146666666666667	233.12	144.01333333333332	-7.674896305287796	111	973	95	13.0	282.0	174.0	16	8.0	87.0	56.0	0	0	22.22834348678589	8960	3400.925138235092	7366	17.79017857142857	
-250021.33178383764	62.9125	10.271428571428572	228.18571428571428	141.24285714285713	-7.674896305287796	112	983	117	18.0	306.0	187.0	9	7.0	74.0	48.0	0	0	21.079753875732422	9040	3422.0048921108246	7430	17.809734513274336	
-300024.5139375541	64.175	10.26388888888889	243.88888888888889	150.66666666666666	-7.674896305287796	113	991	112	14.0	306.0	187.0	14	9.0	132.0	85.0	0	0	23.84954071044922	9120	3445.854432821274	7496	17.807017543859644	
-300020.8295909948	64.175	10.219178082191782	237.26027397260273	146.72602739726028	-7.674896305287796	114	998	110	14.0	336.0	205.0	32	9.0	109.0	70.0	0	0	22.30948281288147	9200	3468.1639156341553	7563	17.793478260869563	
-337516.06196778826	65.6875	10.176470588235293	229.72058823529412	142.3235294117647	-7.674896305287796	115	1010	128	15.0	307.0	198.0	23	7.0	82.0	53.0	0	0	21.172069311141968	9280	3489.3359849452972	7627	17.8125	
-287518.50946876965	63.8125	10.202702702702704	224.7972972972973	139.1216216216216	-7.674896305287796	116	1016	128	14.0	306.0	187.0	10	9.0	85.0	55.0	0	0	24.14061999320984	9360	3513.476604938507	7695	17.788461538461547	
-250027.3934272402	63.0	10.166666666666666	247.77777777777777	152.86111111111111	-7.674896305287796	117	1024	117	13.0	306.0	187.0	9	9.0	109.0	70.0	0	0	23.62261652946472	9440	3537.099221467972	7761	17.78601694915254	
-262519.48660112906	63.575	10.171052631578947	233.42105263157896	144.25	-7.674896305287796	118	1028	118	14.0	311.0	189.0	8	8.0	87.0	56.0	0	0	23.270251274108887	9520	3560.3694727420807	7832	17.73109243697479	
-250024.72416412822	63.0	10.333333333333334	232.52	143.90666666666667	-7.674896305287796	119	1033	113	19.0	311.0	189.0	13	8.0	79.0	51.0	0	0	29.18717861175537	9600	3589.556651353836	7901	17.69791666666667	
-262528.38703523984	63.0	10.333333333333334	231.01333333333332	143.17333333333335	-7.674896305287796	120	1038	83	14.0	282.0	173.0	43	7.0	82.0	53.0	0	0	28.076688051223755	9680	3617.63333940506	7970	17.66528925619835	
-325024.3337782814	62.625	10.352112676056338	241.35211267605635	149.29577464788733	-7.674896305287796	121	1047	109	15.0	306.0	187.0	17	9.0	99.0	64.0	0	0	24.131866216659546	9760	3641.7652056217194	8035	17.674180327868854	
-362526.64285857667	63.0	10.26027397260274	235.75342465753425	145.6164383561644	-7.674896305287796	122	1054	101	14.0	306.0	187.0	25	8.0	85.0	55.0	0	0	24.86716079711914	9840	3666.6323664188385	8103	17.652439024390247	
-275023.13258421834	63.175	10.305555555555555	238.51388888888889	147.54166666666666	-7.674896305287796	123	1062	101	14.0	306.0	187.0	25	9.0	93.0	60.0	0	0	27.33187699317932	9920	3693.964243412018	8170	17.641129032258064	
-250014.08119826065	63.0	10.123287671232877	236.94520547945206	146.3972602739726	-7.674896305287796	124	1069	119	14.0	282.0	173.0	7	9.0	95.0	61.0	0	0	29.76323652267456	10000	3723.7274799346924	8237	17.629999999999995	
-325019.71599244885	63.6	10.314285714285715	240.27142857142857	148.45714285714286	-7.674896305287796	125	1079	111	14.0	306.0	187.0	30	7.0	82.0	53.0	0	0	32.31041407585144	10080	3756.037894010544	8301	17.648809523809533	
-275017.3217013814	63.0	10.219178082191782	236.53424657534248	146.17808219178082	-7.674896305287796	126	1086	124	13.0	306.0	187.0	2	9.0	111.0	72.0	0	0	32.140493631362915	10160	3788.1783876419067	8369	17.62795275590551	
-175023.82479247102	63.4	10.26923076923077	252.6153846153846	155.97435897435898	-7.674896305287796	127	1088	114	14.0	356.0	216.0	12	9.0	124.0	80.0	0	0	26.04388976097107	10240	3814.222277402878	8438	17.59765625	
-387511.3918423378	63.2	10.071428571428571	233.0	144.1	-7.674896305287796	128	1098	94	13.0	306.0	187.0	32	7.0	82.0	53.0	0	0	23.859745025634766	10320	3838.0820224285126	8504	17.596899224806208	
-275019.9807408707	63.0	10.263157894736842	244.73684210526315	151.23684210526315	-7.674896305287796	129	1102	125	17.0	308.0	197.0	1	9.0	119.0	77.0	0	0	27.957908153533936	10400	3866.0399305820465	8571	17.586538461538453	
-325016.7601127102	64.075	10.23943661971831	241.66197183098592	149.33802816901408	-7.674896305287796	130	1111	106	14.0	320.0	195.0	23	8.0	85.0	55.0	0	0	24.045506477355957	10480	3890.0854370594025	8636	17.595419847328245	
-387511.618078275	65.2	10.1	232.0	143.5	-7.674896305287796	131	1121	115	12.0	320.0	195.0	14	9.0	102.0	66.0	0	0	26.124742031097412	10560	3916.2101790905	8700	17.61363636363636	
-387523.1809375388	66.2875	10.319444444444445	217.48611111111111	134.97222222222223	-7.674896305287796	132	1129	124	14.0	288.0	175.0	2	9.0	93.0	60.0	0	0	23.639834880828857	10640	3939.8500139713287	8765	17.622180451127818	
-225025.67768282807	63.5375	10.36986301369863	225.08219178082192	139.64383561643837	-7.674896305287796	133	1136	120	14.0	306.0	187.0	6	9.0	109.0	70.0	0	0	24.923314094543457	10720	3964.773328065872	8832	17.611940298507463	
-375011.67554285284	63.4125	10.291666666666666	229.29166666666666	142.0	-7.674831304830508	134	1144	119	16.0	346.0	223.0	7	9.0	111.0	72.0	0	0	26.934589862823486	10800	3991.7079179286957	8899	17.601851851851848	
-337523.7994451819	63.025	10.347222222222221	223.44444444444446	138.63888888888889	-7.674831304830508	135	1152	117	15.0	313.0	199.0	9	8.0	95.0	61.0	0	0	26.713847160339355	10880	4018.421765089035	8966	17.591911764705884	
-387525.2259431427	61.35	10.253731343283581	233.55223880597015	144.6865671641791	-7.674831304830508	136	1165	105	14.0	377.0	238.0	21	9.0	94.0	61.0	0	0	22.063490390777588	10960	4040.4852554798126	9029	17.61861313868613	
-312514.88716548943	63.0	10.146666666666667	229.88	142.36	-7.674831304830508	137	1170	101	15.0	294.0	182.0	25	8.0	101.0	65.0	0	0	29.476223707199097	11040	4069.9614791870117	9098	17.590579710144922	
-400019.03872306197	63.0	10.067567567567568	205.52702702702703	127.87837837837837	-7.674831304830508	138	1176	109	13.0	282.0	177.0	17	8.0	93.0	60.0	0	0	18.93188214302063	11120	4088.8933613300323	9168	17.55395683453237	
-312516.5433245675	62.875	10.295774647887324	218.77464788732394	135.83098591549296	-7.674831304830508	139	1185	97	15.0	308.0	197.0	29	9.0	85.0	55.0	0	0	20.605772733688354	11200	4109.499134063721	9233	17.5625	
-300016.9634463337	63.725	10.272727272727273	228.24675324675326	141.5194805194805	-7.674831304830508	140	1188	100	15.0	306.0	187.0	26	7.0	82.0	53.0	0	0	22.863401889801025	11280	4132.362535953522	9305	17.50886524822694	
-275017.4591199937	63.425	10.08	231.45333333333335	143.18666666666667	-7.674831304830508	141	1193	97	13.0	356.0	216.0	42	8.0	85.0	55.0	0	0	22.30629587173462	11360	4154.668831825256	9376	17.464788732394368	
-300022.9741378944	63.0	10.295774647887324	244.46478873239437	151.0281690140845	-7.674831304830508	142	1202	121	14.0	356.0	216.0	5	9.0	128.0	81.0	0	0	22.4873206615448	11440	4177.156152486801	9441	17.473776223776227	
-312522.63963181025	62.85	10.308823529411764	245.4558823529412	151.66176470588235	-7.674831304830508	143	1214	111	14.0	315.0	192.0	15	9.0	128.0	83.0	0	0	24.21056866645813	11520	4201.366721153259	9504	17.5	
-350019.2638576882	64.675	10.36231884057971	243.97101449275362	150.68115942028984	-7.674831304830508	144	1225	144	16.0	425.0	256.0	11	8.0	117.0	74.0	0	0	28.82380962371826	11600	4230.1905307769775	9567	17.52586206896551	
-300024.1432536865	65.2625	10.36231884057971	239.17391304347825	147.81159420289856	-7.674831304830508	145	1236	113	13.0	316.0	195.0	28	8.0	99.0	64.0	0	0	24.72760772705078	11680	4254.918138504028	9631	17.542808219178085	
-275014.65205856424	63.0	10.31081081081081	242.1891891891892	149.6891891891892	-7.674831304830508	146	1242	109	14.0	282.0	173.0	17	9.0	99.0	64.0	0	0	21.0171537399292	11760	4275.9352922439575	9698	17.534013605442183	
-300017.3864924178	63.0	10.385714285714286	250.78571428571428	154.84285714285716	-7.674831304830508	147	1252	119	17.0	364.0	233.0	7	9.0	85.0	55.0	0	0	29.70078206062317	11840	4305.636074304581	9762	17.550675675675677	
-325021.5205948848	63.0	10.19718309859155	236.49295774647888	146.1549295774648	-7.674831304830508	148	1261	121	14.0	306.0	187.0	5	8.0	102.0	66.0	0	0	29.42840814590454	11920	4335.064482450485	9828	17.550335570469798	
-350018.62258678256	64.175	10.18840579710145	241.7826086956522	149.231884057971	-7.674831304830508	149	1272	116	13.0	306.0	187.0	10	8.0	92.0	59.0	0	0	27.414928674697876	12000	4362.479411125183	9891	17.575000000000003	
-262517.8672144479	63.35	10.22972972972973	256.6621621621622	158.22972972972974	-7.674831304830508	150	1278	114	13.0	315.0	192.0	12	8.0	101.0	65.0	0	0	34.562036752700806	12080	4397.041447877884	9959	17.557947019867555	
-400014.6446042472	62.7625	10.112676056338028	234.38028169014083	144.71830985915494	-7.674831304830508	151	1287	119	14.0	282.0	173.0	7	8.0	98.0	63.0	0	0	22.4336154460907	12160	4419.475063323975	10021	17.59046052631578	
-262525.58649730246	63.0	10.287671232876713	241.86301369863014	149.65753424657535	-7.674831304830508	152	1294	86	18.0	306.0	187.0	40	9.0	99.0	64.0	0	0	27.711398601531982	12240	4447.186461925507	10090	17.56535947712419	
-437510.5372489892	63.0	10.119402985074627	233.29850746268656	144.13432835820896	-7.674831304830508	153	1307	116	14.0	300.0	184.0	10	8.0	87.0	56.0	0	0	26.966442108154297	12320	4474.152904033661	10151	17.605519480519476	
-300026.69786586624	62.875	10.194444444444445	236.38888888888889	146.04166666666666	-7.674831304830508	154	1315	102	15.0	306.0	187.0	24	8.0	93.0	60.0	0	0	31.796513319015503	12400	4505.949417352676	10218	17.5967741935484	
-375011.5819285975	62.8	10.114285714285714	233.3	144.28571428571428	-7.674339938887366	155	1325	107	13.0	292.0	185.0	19	8.0	93.0	60.0	0	0	27.64614200592041	12480	4533.595559358597	10283	17.60416666666667	
-387517.5700802157	64.65	10.257142857142858	237.3	146.84285714285716	-7.674339938887366	156	1335	137	14.0	315.0	192.0	8	8.0	88.0	57.0	0	0	29.905993938446045	12560	4563.501553297043	10347	17.619426751592357	
-350024.2550593934	63.575	10.318840579710145	240.30434782608697	148.84057971014494	-7.674116156942079	157	1346	113	13.0	311.0	194.0	13	9.0	126.0	81.0	0	0	26.090662240982056	12640	4589.592215538025	10410	17.64240506329115	
-262526.0672416171	64.4375	10.273972602739725	233.6164383561644	144.68493150684932	-7.674116156942079	158	1353	131	13.0	306.0	187.0	23	8.0	79.0	51.0	0	0	27.07696843147278	12720	4616.669183969498	10478	17.625786163522022	
-312519.3546230017	63.05	10.13888888888889	231.93055555555554	143.65277777777777	-7.674116156942079	159	1361	131	14.0	306.0	187.0	7	8.0	85.0	55.0	0	0	26.476055145263672	12800	4643.145239114761	10545	17.6171875	
-300027.2963804494	63.375	10.13888888888889	222.375	138.01388888888889	-7.674116156942079	160	1369	120	14.0	359.0	220.0	6	8.0	87.0	56.0	0	0	23.036385774612427	12880	4666.181624889374	10612	17.608695652173907	
-312523.888795193	62.625	10.029411764705882	219.22058823529412	135.94117647058823	-7.674116156942079	161	1381	111	12.0	306.0	187.0	15	8.0	85.0	55.0	0	0	22.252458810806274	12960	4688.43408370018	10674	17.638888888888886	
-337516.83663519385	63.2375	10.173913043478262	239.20289855072463	147.81159420289856	-7.674116156942079	162	1392	102	13.0	306.0	187.0	24	9.0	109.0	70.0	0	0	24.984915733337402	13040	4713.4189994335175	10738	17.653374233128844	
-312515.28713438415	63.0	10.169014084507042	238.7887323943662	147.6338028169014	-5.294787745450368	163	1401	115	12.0	306.0	187.0	11	8.0	97.0	63.0	0	0	23.82311177253723	13120	4737.242111206055	10804	17.652439024390247	
-387516.9179290769	63.55	10.147058823529411	230.8235294117647	142.75	-5.294787745450368	164	1413	114	14.0	306.0	187.0	12	8.0	111.0	70.0	0	0	23.375065326690674	13200	4760.617176532745	10868	17.666666666666657	
-237538.08226862975	62.55	10.146666666666667	237.62666666666667	146.68	-5.294787745450368	165	1418	106	13.0	316.0	192.0	20	9.0	108.0	70.0	0	0	26.299123525619507	13280	4786.916300058365	10936	17.65060240963855	
-300020.8734355106	63.0	10.130434782608695	238.33333333333334	147.1014492753623	-5.294787745450368	166	1429	113	13.0	354.0	215.0	13	9.0	109.0	70.0	0	0	27.943854570388794	13360	4814.860154628754	11000	17.66467065868264	
-237547.37315046447	63.525	10.222222222222221	234.33333333333334	144.72222222222223	-5.294787745450368	167	1437	93	13.0	354.0	215.0	33	8.0	102.0	66.0	0	0	35.147416830062866	13440	4850.0075714588165	11067	17.65625	
-262526.62243823166	63.35	10.36	247.17333333333335	152.72	-5.294787745450368	168	1442	94	15.0	558.0	341.0	32	9.0	143.0	89.0	0	0	32.27333331108093	13520	4882.2809047698975	11135	17.6405325443787	
-275017.32740847586	64.35	10.23611111111111	237.56944444444446	146.77777777777777	-5.11789717956659	169	1450	121	12.0	354.0	215.0	5	9.0	101.0	65.0	0	0	29.758209943771362	13600	4912.039114713669	11200	17.64705882352942	
-275021.1120223558	63.825	9.98611111111111	234.97222222222223	145.13888888888889	-5.11789717956659	170	1458	125	15.0	306.0	187.0	1	8.0	101.0	65.0	0	0	22.531049489974976	13680	4934.570164203644	11264	17.660818713450283	
-225032.94709589536	63.0	9.91891891891892	228.9189189189189	141.27027027027026	-4.516331015391163	171	1464	124	12.0	306.0	187.0	2	9.0	122.0	78.0	0	0	23.638332843780518	13760	4958.208497047424	11332	17.645348837209312	
-362522.0704440274	63.0	10.014285714285714	242.4857142857143	149.5857142857143	-4.516331015391163	172	1474	122	13.0	306.0	187.0	4	8.0	82.0	53.0	0	0	23.506046533584595	13840	4981.714543581009	11396	17.658959537572244	
-412511.4925812512	62.8375	10.057142857142857	226.11428571428573	139.9142857142857	-4.516331015391163	173	1484	112	12.0	282.0	173.0	14	8.0	101.0	65.0	0	0	18.521437406539917	13920	5000.235980987549	11461	17.66522988505747	
-325031.4038669283	62.5875	10.216216216216216	226.71621621621622	140.27027027027026	-4.516331015391163	174	1490	115	17.0	420.0	253.0	11	9.0	111.0	72.0	0	0	19.88846254348755	14000	5020.124443531036	11528	17.65714285714286	
-300031.57878981915	62.6125	10.068493150684931	234.56164383561645	144.6164383561644	-4.516331015391163	175	1497	108	12.0	408.0	245.0	18	9.0	111.0	72.0	0	0	20.4470956325531	14080	5040.5715391635895	11593	17.663352272727266	
-350021.0531016656	63.55	9.878378378378379	222.2972972972973	137.3918918918919	-4.516331015391163	176	1503	86	11.0	282.0	173.0	40	8.0	79.0	51.0	0	0	18.944580554962158	14160	5059.516119718552	11660	17.655367231638422	
-337523.0973202655	62.925	10.04109589041096	223.4794520547945	138.35616438356163	-4.516331015391163	177	1510	124	13.0	306.0	187.0	2	8.0	119.0	77.0	0	0	21.462628841400146	14240	5080.978748559952	11729	17.633426966292134	
-237528.70241826223	62.3	10.084507042253522	229.45070422535213	142.26760563380282	-4.516331015391163	178	1519	118	13.0	300.0	186.0	8	9.0	122.0	77.0	0	0	19.437498331069946	14320	5100.416246891022	11793	17.64664804469274	
-312510.5369063436	62.825	10.135135135135135	228.64864864864865	141.78378378378378	-4.464208103176627	179	1525	97	13.0	354.0	215.0	15	9.0	101.0	65.0	0	0	15.969130992889404	14400	5116.385377883911	11859	17.645833333333343	
-212527.29008772178	63.675	10.106666666666667	231.45333333333335	143.17333333333335	-4.421183104661493	180	1530	110	12.0	282.0	173.0	7	9.0	109.0	70.0	0	0	21.529064178466797	14480	5137.914442062378	11929	17.617403314917127	
-312533.38831318246	62.65	10.103896103896103	226.58441558441558	140.23376623376623	-4.421183104661493	181	1533	112	13.0	387.0	239.0	14	8.0	101.0	65.0	0	0	21.943883895874023	14560	5159.858325958252	12002	17.568681318681328	
-362514.78542951884	62.875	10.013333333333334	219.16	135.90666666666667	-4.421183104661493	182	1538	111	13.0	306.0	187.0	15	8.0	79.0	51.0	0	0	19.793839693069458	14640	5179.652165651321	12070	17.554644808743163	
-300026.84828028764	61.8875	9.928571428571429	227.11428571428573	140.44285714285715	-4.421183104661493	183	1548	122	13.0	282.0	173.0	4	8.0	96.0	62.0	0	0	22.338492393493652	14720	5201.990658044815	12130	17.595108695652172	
-237515.5806175049	63.3875	9.876712328767123	230.56164383561645	142.4794520547945	-4.421183104661493	184	1555	113	12.0	282.0	173.0	20	8.0	79.0	51.0	0	0	22.35799217224121	14800	5224.348650217056	12196	17.594594594594597	
-287518.43771119666	62.725	10.027027027027026	225.94594594594594	139.7027027027027	-4.421183104661493	185	1561	93	13.0	282.0	173.0	33	7.0	74.0	48.0	0	0	20.679950952529907	14880	5245.028601169586	12265	17.5739247311828	
-262524.287527385	63.025	9.972972972972974	229.1081081081081	141.56756756756758	-4.421183104661493	186	1567	102	13.0	282.0	177.0	24	8.0	87.0	56.0	0	0	22.19459295272827	14960	5267.223194122314	12332	17.566844919786092	
-262520.35701916146	63.0	9.85897435897436	224.12820512820514	138.6153846153846	-4.421183104661493	187	1569	97	11.0	282.0	173.0	29	7.0	74.0	48.0	0	0	18.23791813850403	15040	5285.4611122608185	12405	17.51994680851064	
-237518.75403308793	63.0	9.883116883116884	212.93506493506493	131.87012987012986	-4.421183104661493	188	1572	105	12.0	282.0	173.0	21	7.0	82.0	53.0	0	0	23.717811346054077	15120	5309.178923606873	12476	17.48677248677248	
-275027.81942671427	63.0	10.04109589041096	222.63013698630138	138.04109589041096	-4.421183104661493	189	1579	123	13.0	321.0	197.0	3	8.0	106.0	68.0	0	0	22.271477222442627	15200	5331.450400829315	12545	17.46710526315789	
-350019.88531900727	63.175	10.082191780821917	222.32876712328766	137.65753424657535	-4.419053030867779	190	1586	125	14.0	290.0	181.0	1	8.0	87.0	56.0	0	0	21.438408374786377	15280	5352.888809204102	12612	17.460732984293188	
-275023.95242637605	63.0	9.847222222222221	224.72222222222223	138.95833333333334	-4.419053030867779	191	1594	120	11.0	306.0	187.0	6	8.0	79.0	51.0	0	0	18.41728377342224	15360	5371.306092977524	12678	17.4609375	
-287522.7133580198	63.275	10.08	227.72	140.84	-4.419053030867779	192	1599	123	12.0	306.0	187.0	3	8.0	109.0	70.0	0	0	20.886528730392456	15440	5392.192621707916	12749	17.428756476683944	
-325019.33020048	63.0	9.91891891891892	221.75675675675674	137.3918918918919	-4.419053030867779	193	1605	103	13.0	402.0	248.0	23	8.0	101.0	65.0	0	0	20.128673553466797	15520	5412.321295261383	12817	17.41623711340206	
-250026.15920442436	63.0	10.013698630136986	239.4794520547945	147.7123287671233	-4.407577683714276	194	1612	98	12.0	295.0	180.0	28	9.0	109.0	70.0	0	0	23.52108144760132	15600	5435.842376708984	12881	17.429487179487182	
-275025.7385328046	63.0	9.986486486486486	226.59459459459458	140.02702702702703	-4.407577683714276	195	1618	114	12.0	306.0	187.0	12	8.0	79.0	51.0	0	0	18.522658824920654	15680	5454.365035533905	12949	17.4170918367347	
-325021.35563762335	63.5875	9.929577464788732	231.32394366197184	142.83098591549296	-4.407577683714276	196	1627	166	12.0	282.0	173.0	3	8.0	101.0	65.0	0	0	20.353062391281128	15760	5474.718097925186	13013	17.430203045685275	
-362525.14846293285	63.0	9.973333333333333	225.08	139.24	-4.407577683714276	197	1632	112	12.0	282.0	173.0	14	8.0	84.0	54.0	0	0	23.220077514648438	15840	5497.938175439835	13083	17.40530303030303	
-250036.42980804713	64.45	10.18918918918919	225.01351351351352	139.32432432432432	-4.407577683714276	198	1638	92	13.0	282.0	173.0	50	8.0	103.0	66.0	0	0	17.28123378753662	15920	5515.219409227371	13152	17.386934673366838	
-300020.45826712763	63.0	9.985507246376812	226.82608695652175	140.20289855072463	-4.407577683714276	199	1649	121	12.0	311.0	190.0	5	8.0	101.0	65.0	0	0	19.572753190994263	16000	5534.7921624183655	13213	17.418750000000003	
-462510.76451868995	62.125	10.061538461538461	208.69230769230768	129.52307692307693	-4.407577683714276	200	1664	111	13.0	306.0	187.0	15	9.0	108.0	70.0	0	0	15.310671329498291	16080	5550.102833747864	13273	17.456467661691548	
-350019.86724071635	64.0625	10.085714285714285	225.15714285714284	139.24285714285713	-4.407577683714276	201	1674	134	14.0	317.0	198.0	7	9.0	114.0	72.0	0	0	21.52439045906067	16160	5571.627224206924	13338	17.462871287128706	
-437519.1927449382	63.85	9.882352941176471	211.5735294117647	131.26470588235293	-4.407577683714276	202	1686	111	12.0	282.0	173.0	31	8.0	87.0	56.0	0	0	17.558840036392212	16240	5589.186064243317	13399	17.493842364532014	
-312516.8059996412	63.0	10.10958904109589	218.91780821917808	135.75342465753425	-4.407577683714276	203	1693	110	13.0	282.0	173.0	16	9.0	90.0	58.0	0	0	24.04802417755127	16320	5613.234088420868	13467	17.481617647058826	
-287512.5897766348	62.3	9.929577464788732	205.28169014084506	127.43661971830986	-4.407577683714276	204	1702	125	15.0	351.0	213.0	1	8.0	87.0	56.0	0	0	20.774015426635742	16400	5634.008103847504	13531	17.493902439024396	
-337517.22179385106	62.3375	9.935064935064934	211.2987012987013	131.05194805194805	-4.407577683714276	205	1705	112	13.0	309.0	191.0	3	8.0	91.0	59.0	0	0	21.76108193397522	16480	5655.769185781479	13600	17.47572815533981	
-287518.31289887783	63.175	10.041666666666666	231.86111111111111	143.13888888888889	-4.407577683714276	206	1713	124	13.0	306.0	187.0	2	8.0	114.0	72.0	0	0	19.857775449752808	16560	5675.626961231232	13665	17.481884057971016	
-225016.77795366477	63.0	9.973333333333333	228.86666666666667	141.29333333333332	-4.407577683714276	207	1718	110	13.0	380.0	230.0	16	8.0	79.0	51.0	0	0	28.002909421920776	16640	5703.6298706531525	13734	17.463942307692307	
-375025.1724098469	63.0	10.121212121212121	222.25757575757575	137.56060606060606	-4.407577683714276	208	1732	117	13.0	282.0	173.0	9	8.0	90.0	58.0	0	0	16.688318729400635	16720	5720.318189382553	13794	17.5	
-262519.38597754703	64.325	10.216216216216216	226.1891891891892	139.8108108108108	-4.407577683714276	209	1738	121	14.0	306.0	187.0	5	8.0	79.0	51.0	0	0	23.69368863105774	16800	5744.011878013611	13863	17.48214285714286	
-262515.7679229827	63.5125	10.067567567567568	231.16216216216216	142.8108108108108	-4.407577683714276	210	1744	105	12.0	306.0	187.0	41	8.0	79.0	51.0	0	0	27.45183300971985	16880	5771.463711023331	13931	17.47037914691944	
-262517.3860517011	62.9	10.108108108108109	228.0810810810811	141.1891891891892	-4.407577683714276	211	1750	117	13.0	306.0	187.0	9	8.0	102.0	66.0	0	0	27.113078117370605	16960	5798.576789140701	13999	17.458726415094333	
-262521.2346575537	63.0	9.931506849315069	227.9041095890411	140.95890410958904	-4.407577683714276	212	1757	112	12.0	282.0	173.0	14	8.0	102.0	66.0	0	0	24.84917664527893	17040	5823.42596578598	14066	17.45305164319248	
-237525.17843359406	62.6875	9.866666666666667	213.85333333333332	132.6	-4.407577683714276	213	1762	110	13.0	340.0	209.0	16	8.0	109.0	70.0	0	0	22.85771942138672	17120	5846.283685207367	14135	17.43574766355141	
-200019.37252435475	62.575	9.891891891891891	223.75675675675674	138.5	-4.407577683714276	214	1768	111	12.0	282.0	173.0	15	8.0	87.0	56.0	0	0	27.498238801956177	17200	5873.781924009323	14203	17.424418604651166	
-250027.39345796284	63.0	10.0	232.36111111111111	143.41666666666666	-4.407577683714276	215	1776	112	13.0	380.0	230.0	14	7.0	82.0	53.0	0	0	25.80857253074646	17280	5899.59049654007	14267	17.436342592592595	
-175026.1399770681	63.0	10.14102564102564	231.84615384615384	143.28205128205127	-4.407577683714276	216	1778	99	14.0	354.0	215.0	27	8.0	95.0	61.0	0	0	30.07653522491455	17360	5929.667031764984	14337	17.41359447004608	
-225024.5277330141	62.375	9.95945945945946	236.1081081081081	145.93243243243242	-4.407577683714276	217	1784	121	11.0	346.0	213.0	5	8.0	98.0	63.0	0	0	24.220178842544556	17440	5953.887210607529	14404	17.408256880733944	
-425023.8553589968	62.8125	10.123287671232877	224.5205479452055	139.08219178082192	-4.407577683714276	218	1791	106	14.0	356.0	216.0	20	9.0	109.0	70.0	0	0	23.12948226928711	17520	5977.016692876816	14470	17.408675799086765	
-262519.09928364307	63.925	9.973684210526315	211.46052631578948	131.1578947368421	-4.407577683714276	219	1795	121	14.0	306.0	187.0	5	8.0	88.0	57.0	0	0	18.413676023483276	17600	5995.430368900299	14539	17.392045454545453	
-300026.3151533642	63.1875	9.948717948717949	210.75641025641025	130.69230769230768	-4.407577683714276	220	1797	89	12.0	282.0	173.0	37	8.0	109.0	70.0	0	0	23.408273220062256	17680	6018.838642120361	14610	17.364253393665166	
-262520.87304722227	63.075	10.083333333333334	219.31944444444446	136.08333333333334	-4.407577683714276	221	1805	103	12.0	282.0	173.0	23	8.0	109.0	71.0	0	0	25.064294576644897	17760	6043.902936697006	14677	17.359234234234236	
-325018.276276234	64.6125	10.073529411764707	231.66176470588235	143.22058823529412	-4.407577683714276	222	1817	115	14.0	380.0	230.0	11	8.0	114.0	72.0	0	0	28.326741456985474	17840	6072.229678153992	14739	17.3822869955157	
-312513.0990169935	64.2875	10.027027027027026	214.14864864864865	132.85135135135135	-4.407577683714276	223	1823	119	12.0	311.0	192.0	23	8.0	101.0	65.0	0	0	22.915242433547974	17920	6095.14492058754	14809	17.36049107142857	
-312518.3705286685	63.8	9.901408450704226	217.7887323943662	134.77464788732394	-4.374207072892719	224	1832	115	15.0	394.0	239.0	11	8.0	101.0	65.0	0	0	21.84218740463257	18000	6116.987107992172	14875	17.361111111111114	
-325020.3572606569	64.4875	10.173913043478262	224.66666666666666	139.1159420289855	-4.374207072892719	225	1843	125	15.0	282.0	173.0	1	8.0	101.0	65.0	0	0	18.81801414489746	18080	6135.80512213707	14940	17.36725663716814	
-287526.0805007603	64.4375	10.135135135135135	233.75675675675674	144.3918918918919	-4.374207072892719	226	1849	101	14.0	282.0	173.0	35	9.0	102.0	66.0	0	0	19.84657073020935	18160	6155.651692867279	15009	17.35132158590308	
-312527.85018965165	63.625	9.985294117647058	227.94117647058823	141.0	-4.374207072892719	227	1861	125	12.0	282.0	173.0	1	8.0	80.0	52.0	0	0	16.187469005584717	18240	6171.839161872864	15069	17.38486842105263	
-262516.4355953403	63.0	9.95890410958904	230.82191780821918	142.6986301369863	-4.374207072892719	228	1868	125	13.0	332.0	202.0	1	8.0	109.0	70.0	0	0	23.29420304298401	18320	6195.133364915848	15135	17.385371179039296	
-287522.5881513489	66.2625	10.169014084507042	219.69014084507043	135.95774647887325	-4.374207072892719	229	1877	125	13.0	291.0	177.0	9	9.0	104.0	67.0	0	0	19.134398221969604	18400	6214.267763137817	15201	17.38586956521739	
-375012.5113245176	63.0	10.166666666666666	236.59722222222223	146.04166666666666	-4.374207072892719	230	1885	92	13.0	364.0	221.0	34	8.0	109.0	70.0	0	0	17.079878330230713	18480	6231.347641468048	15267	17.386363636363626	
-262520.5442415778	62.85	9.972972972972974	231.24324324324326	143.06756756756758	-4.374207072892719	231	1891	107	12.0	282.0	173.0	19	9.0	111.0	72.0	0	0	24.858668088912964	18560	6256.206309556961	15333	17.386853448275858	
-300021.4137504331	63.0	10.162162162162161	231.77027027027026	143.22972972972974	-4.374207072892719	232	1897	98	13.0	426.0	257.0	28	8.0	79.0	51.0	0	0	28.58341407775879	18640	6284.78972363472	15402	17.371244635193122	
-187519.0801949217	63.2625	10.012987012987013	235.6883116883117	145.4935064935065	-4.374207072892719	233	1900	100	13.0	306.0	187.0	26	8.0	79.0	51.0	0	0	26.834441661834717	18720	6311.624165296555	15472	17.350427350427353	
-287520.6542928056	63.0	10.097222222222221	226.0	139.86111111111111	-4.374207072892719	234	1908	105	14.0	306.0	187.0	21	9.0	108.0	70.0	0	0	18.6977379322052	18800	6330.32190322876	15539	17.345744680851055	
-387521.1740263246	63.0	10.098591549295774	218.49295774647888	135.50704225352112	-4.374207072892719	235	1917	108	13.0	282.0	173.0	18	8.0	109.0	70.0	0	0	18.501043558120728	18880	6348.8229467868805	15603	17.356991525423723	
-262539.4955774441	64.325	10.069444444444445	229.15277777777777	141.73611111111111	-4.374207072892719	236	1925	111	13.0	302.0	183.0	15	8.0	110.0	71.0	0	0	17.685091018676758	18960	6366.508037805557	15669	17.357594936708864	
-287521.5111002014	63.0	10.064935064935066	226.15584415584416	139.75324675324674	-4.374207072892719	237	1928	101	13.0	282.0	173.0	25	9.0	102.0	66.0	0	0	26.43275785446167	19040	6392.940795660019	15737	17.347689075630257	
-412525.2172883438	63.0	9.95890410958904	222.013698630137	137.42465753424656	-4.374207072892719	238	1935	102	12.0	300.0	183.0	24	9.0	111.0	72.0	0	0	20.313522577285767	19120	6413.254318237305	15805	17.337866108786613	
-212519.62298201927	63.0	10.08108108108108	243.24324324324326	150.17567567567568	-4.374207072892719	239	1941	112	13.0	306.0	187.0	14	8.0	87.0	56.0	0	0	23.8557608127594	19200	6437.110079050064	15872	17.33333333333333	
-337514.87717242056	63.3875	10.121621621621621	221.63513513513513	137.24324324324326	-4.374207072892719	240	1947	100	13.0	306.0	187.0	52	8.0	109.0	70.0	0	0	26.701824188232422	19280	6463.8119032382965	15940	17.323651452282164	
-325014.34382374195	62.725	9.958333333333334	222.80555555555554	138.0	-4.374207072892719	241	1955	113	11.0	306.0	187.0	13	8.0	84.0	54.0	0	0	24.076632261276245	19360	6487.888535499573	16007	17.319214876033058	
-262526.1606874902	62.9375	10.066666666666666	227.17333333333335	140.58666666666667	-4.374207072892719	242	1960	103	16.0	386.0	236.0	23	8.0	85.0	55.0	0	0	26.802784204483032	19440	6514.691319704056	16076	17.3045267489712	
-275014.32360114175	63.3	10.121621621621621	238.67567567567568	147.22972972972974	-4.374207072892719	243	1966	120	13.0	380.0	230.0	6	8.0	109.0	70.0	0	0	23.41929006576538	19520	6538.110609769821	16141	17.310450819672127	
-325024.3070162691	63.0	10.04109589041096	225.7945205479452	139.73972602739727	-4.374207072892719	244	1973	108	13.0	380.0	230.0	18	9.0	99.0	64.0	0	0	24.77772068977356	19600	6562.888330459595	16209	17.301020408163268	
-350011.5762936701	63.0	10.028571428571428	231.25714285714287	142.94285714285715	-4.374207072892719	245	1983	106	13.0	342.0	213.0	20	8.0	109.0	70.0	0	0	19.290997743606567	19680	6582.179328203201	16273	17.3119918699187	
-237533.33564653195	63.675	10.14864864864865	235.7027027027027	145.6081081081081	-4.374207072892719	246	1989	112	13.0	364.0	221.0	14	8.0	103.0	67.0	0	0	23.14090871810913	19760	6605.32023692131	16340	17.307692307692307	
-262524.9878739328	62.8625	10.026315789473685	229.68421052631578	142.1184210526316	-4.374207072892719	247	1993	118	12.0	306.0	187.0	8	8.0	108.0	70.0	0	0	23.034046173095703	19840	6628.354283094406	16410	17.288306451612897	
-237519.59692156556	63.0875	10.054054054054054	236.6891891891892	146.24324324324326	-4.374207072892719	248	1999	103	12.0	306.0	187.0	23	8.0	101.0	65.0	0	0	26.996718168258667	19920	6655.351001262665	16477	17.28413654618474	
-325021.0296702393	63.0	10.183098591549296	235.1267605633803	145.46478873239437	-4.374207072892719	249	2008	115	12.0	306.0	187.0	11	9.0	125.0	79.0	0	0	16.99194359779358	20000	6672.342944860458	16543	17.284999999999997	
-287520.52909741306	63.2375	9.986301369863014	230.15068493150685	142.17808219178082	-4.374207072892719	250	2015	83	12.0	282.0	173.0	43	9.0	102.0	66.0	0	0	16.80566430091858	20080	6689.148609161377	16610	17.2808764940239	
-237540.70425925666	63.0	10.094594594594595	232.16216216216216	143.54054054054055	-4.374207072892719	251	2021	93	13.0	282.0	173.0	33	8.0	95.0	61.0	0	0	22.48409914970398	20160	6711.632708311081	16676	17.28174603174604	
-350015.55317030847	63.0	10.279411764705882	233.83823529411765	144.61764705882354	-4.374207072892719	252	2033	104	15.0	306.0	187.0	22	9.0	110.0	71.0	0	0	17.095561742782593	20240	6728.7282700538635	16738	17.30237154150197	
-237523.83057464258	63.5125	10.287671232876713	231.26027397260273	143.34246575342465	-4.374207072892719	253	2040	120	14.0	306.0	187.0	6	9.0	128.0	81.0	0	0	17.2987220287323	20320	6746.026992082596	16803	17.308070866141733	
-250026.13052193666	63.6375	10.27027027027027	220.32432432432432	136.63513513513513	-4.374207072892719	254	2046	117	14.0	317.0	197.0	9	9.0	110.0	71.0	0	0	11.809359550476074	20400	6757.836351633072	16872	17.294117647058826	
-337525.1171922139	64.5625	10.027777777777779	219.13888888888889	135.75	-4.374207072892719	255	2054	114	12.0	282.0	173.0	23	9.0	96.0	62.0	0	0	20.73050808906555	20480	6778.566859722137	16939	17.2900390625	
-275021.24311323615	63.3375	10.053333333333333	230.38666666666666	142.22666666666666	-4.374207072892719	256	2059	114	12.0	306.0	187.0	19	8.0	101.0	65.0	0	0	25.809130668640137	20560	6804.375990390778	17010	17.266536964980546	
-337517.169378145	63.175	10.071428571428571	233.9857142857143	144.72857142857143	-4.374207072892719	257	2069	121	12.0	282.0	173.0	5	9.0	102.0	66.0	0	0	24.019701719284058	20640	6828.395692110062	17075	17.272286821705436	
-350029.64840833127	63.0	10.044117647058824	222.55882352941177	137.77941176470588	-4.374207072892719	258	2081	114	14.0	311.0	197.0	12	8.0	87.0	56.0	0	0	19.172687530517578	20720	6847.568379640579	17137	17.29247104247105	
-300022.2726647438	63.0	9.985915492957746	229.74647887323943	142.08450704225353	-4.374207072892719	259	2090	101	13.0	380.0	230.0	25	8.0	108.0	70.0	0	0	25.966362476348877	20800	6873.534742116928	17203	17.293269230769226	
-262520.94274382194	63.0	10.067567567567568	238.59459459459458	147.35135135135135	-4.374207072892719	260	2096	107	13.0	410.0	250.0	19	9.0	111.0	72.0	0	0	26.183947563171387	20880	6899.7186896800995	17271	17.284482758620683	
-250016.02136901597	63.55	10.22972972972973	243.0	149.97297297297297	-4.374207072892719	261	2102	105	14.0	306.0	187.0	25	8.0	85.0	55.0	0	0	21.564016342163086	20960	6921.282706022263	17340	17.270992366412216	
-212534.98912358005	63.8	10.013333333333334	227.46666666666667	140.58666666666667	-4.374207072892719	262	2107	104	12.0	306.0	187.0	31	9.0	109.0	70.0	0	0	24.027663946151733	21040	6945.310369968414	17410	17.252851711026622	
-337517.0363490354	62.65	10.0	230.7972972972973	142.82432432432432	-4.374207072892719	263	2113	124	12.0	306.0	187.0	2	9.0	109.0	70.0	0	0	22.40628433227539	21120	6967.71665430069	17479	17.23958333333333	
-200032.21422348003	63.0	10.12	231.36	143.10666666666665	-4.374207072892719	264	2118	113	15.0	361.0	218.0	13	8.0	102.0	66.0	0	0	25.428035259246826	21200	6993.1446895599365	17547	17.231132075471706	
-262522.25891567057	62.675	10.094594594594595	219.74324324324326	136.16216216216216	-4.374207072892719	265	2124	100	13.0	282.0	173.0	26	9.0	104.0	68.0	0	0	20.832547903060913	21280	7013.977237462997	17617	17.21334586466166	
-312535.5112370166	62.3125	10.152777777777779	217.86111111111111	135.23611111111111	-4.374207072892719	266	2132	125	14.0	305.0	188.0	1	8.0	101.0	65.0	0	0	20.20526885986328	21360	7034.182506322861	17683	17.214419475655433	
-262522.60079978994	64.5375	9.986486486486486	206.48648648648648	128.1216216216216	-4.374207072892719	267	2138	125	12.0	306.0	187.0	18	8.0	111.0	71.0	0	0	20.676082849502563	21440	7054.858589172363	17752	17.201492537313428	
-362518.8077090305	63.5125	9.945205479452055	203.9041095890411	126.65753424657534	-4.374207072892719	268	2145	125	13.0	282.0	173.0	20	8.0	101.0	65.0	0	0	20.624980926513672	21520	7075.483570098877	17819	17.19795539033457	
-450019.3004272772	63.6	9.91304347826087	216.05797101449275	133.7246376811594	-4.374207072892719	269	2156	117	12.0	282.0	173.0	17	8.0	109.0	70.0	0	0	20.533323764801025	21600	7096.016893863678	17883	17.208333333333343	
-237528.4237421956	62.9	10.2	216.36	134.2	-4.374207072892719	270	2161	117	14.0	382.0	232.0	9	7.0	82.0	53.0	0	0	21.14212727546692	21680	7117.159021139145	17953	17.1909594095941	
-325019.4332233456	63.8375	10.355263157894736	224.1184210526316	138.75	-4.373703303795909	271	2165	105	16.0	382.0	232.0	21	9.0	108.0	70.0	0	0	25.14164710044861	21760	7142.3006682395935	18025	17.164522058823522	
-225022.58381199642	64.7	10.123287671232877	234.68493150684932	144.84931506849315	-4.373703303795909	272	2172	119	14.0	382.0	232.0	7	9.0	112.0	72.0	0	0	28.405214548110962	21840	7170.7058827877045	18092	17.16117216117216	
-312515.6411986035	64.525	10.094594594594595	236.72972972972974	146.27027027027026	-4.373703303795909	273	2178	119	14.0	306.0	187.0	32	9.0	102.0	66.0	0	0	27.906917095184326	21920	7198.612799882889	18159	17.15784671532846	
-300018.2563455814	63.0	10.242857142857142	232.55714285714285	144.0142857142857	-4.373703303795909	274	2188	115	13.0	289.0	179.0	11	9.0	106.0	68.0	0	0	24.772597551345825	22000	7223.385397434235	18221	17.177272727272737	
-362521.5423115565	63.925	10.118421052631579	231.02631578947367	142.98684210526315	-4.373230066252725	275	2192	117	14.0	282.0	173.0	9	8.0	101.0	65.0	0	0	23.64250922203064	22080	7247.027906656265	18287	17.1784420289855	
-300014.9212962433	64.6625	10.054794520547945	229.4794520547945	141.94520547945206	-4.373230066252725	276	2199	142	12.0	306.0	187.0	15	8.0	114.0	72.0	0	0	24.882334232330322	22160	7271.910240888596	18354	17.175090252707577	
-237523.7407363446	63.025	10.168831168831169	238.1038961038961	147.14285714285714	-4.373230066252725	277	2202	121	13.0	354.0	215.0	5	9.0	109.0	70.0	0	0	33.44701361656189	22240	7305.3572545051575	18426	17.149280575539578	
-412528.4588706653	62.675	10.043478260869565	237.20289855072463	146.63768115942028	-4.373230066252725	278	2213	114	12.0	282.0	173.0	12	9.0	102.0	66.0	0	0	17.55581021308899	22320	7322.9130647182465	18489	17.16397849462365	
-325010.43715594953	63.0	10.162162162162161	235.3918918918919	145.6891891891892	-4.373230066252725	279	2219	108	17.0	385.0	239.0	18	9.0	111.0	72.0	0	0	22.386415243148804	22400	7345.299479961395	18553	17.17410714285714	
-287519.33022125834	63.0	10.068493150684931	226.73972602739727	140.41095890410958	-4.373230066252725	280	2226	94	12.0	306.0	187.0	32	8.0	102.0	66.0	0	0	22.47027039527893	22480	7367.769750356674	18620	17.170818505338076	
-350020.5615626791	63.0	10.149253731343284	231.2089552238806	142.86567164179104	-4.373230066252725	281	2239	118	13.0	351.0	213.0	8	8.0	102.0	66.0	0	0	23.603294134140015	22560	7391.373044490814	18680	17.198581560283685	
-462525.1399455253	63.375	10.194029850746269	216.73134328358208	134.61194029850745	-4.373230066252725	282	2252	119	15.0	321.0	197.0	7	8.0	101.0	65.0	0	0	18.049198389053345	22640	7409.422242879868	18743	17.212897526501763	
-312524.7069476072	64.3	10.147058823529411	239.01470588235293	147.60294117647058	-4.373230066252725	283	2264	140	13.0	292.0	179.0	8	9.0	108.0	70.0	0	0	20.972708702087402	22720	7430.394951581955	18806	17.227112676056336	
-237525.9586027215	62.5625	10.082191780821917	234.6986301369863	145.12328767123287	-4.373230066252725	284	2271	82	13.0	306.0	187.0	38	8.0	87.0	56.0	0	0	22.836678981781006	22800	7453.231630563736	18872	17.22807017543859	
-312520.1846077502	63.0	10.186666666666667	225.13333333333333	139.45333333333335	-4.373230066252725	285	2276	119	13.0	282.0	173.0	7	8.0	109.0	70.0	0	0	23.060282707214355	22880	7476.29191327095	18941	17.215909090909093	
-300015.3197663238	63.0875	10.183098591549296	235.30985915492957	145.40845070422534	-4.373230066252725	286	2285	119	13.0	327.0	205.0	7	8.0	82.0	53.0	0	0	33.02715063095093	22960	7509.319063901901	19008	17.21254355400697	
-337515.2356678192	61.75	10.295774647887324	234.49295774647888	144.9718309859155	-4.373230066252725	287	2294	100	16.0	336.0	203.0	13	8.0	109.0	70.0	0	0	26.025160551071167	23040	7535.344224452972	19070	17.230902777777786	
-387518.4483561212	63.3375	10.014084507042254	238.01408450704224	146.90140845070422	-4.373230066252725	288	2303	109	13.0	297.0	181.0	17	8.0	103.0	66.0	0	0	24.788027048110962	23120	7560.132251501083	19135	17.236159169550163	
-337529.3033517304	63.0	10.10958904109589	232.13698630136986	143.6986301369863	-4.373230066252725	289	2310	116	12.0	354.0	215.0	10	8.0	80.0	52.0	0	0	15.522413969039917	23200	7575.654665470123	19202	17.232758620689665	
-337526.4877893403	63.7	10.222222222222221	228.27777777777777	141.61111111111111	-4.373230066252725	290	2318	123	13.0	354.0	215.0	3	8.0	103.0	66.0	0	0	20.969584226608276	23280	7596.624249696732	19269	17.229381443298976	
-312521.074582765	63.275	10.378378378378379	235.72972972972974	145.8108108108108	-4.373230066252725	291	2324	125	14.0	354.0	215.0	1	9.0	130.0	81.0	0	0	24.965930461883545	23360	7621.590180158615	19337	17.221746575342465	
-312534.6108990648	63.675	10.223684210526315	242.30263157894737	149.82894736842104	-4.373229214878852	292	2328	102	12.0	313.0	197.0	24	9.0	109.0	70.0	0	0	28.852459192276	23440	7650.442639350891	19409	17.197098976109217	
-275018.4666574059	63.925	10.178082191780822	241.1095890410959	149.24657534246575	-4.373229214878852	293	2335	121	14.0	325.0	203.0	5	8.0	105.0	68.0	0	0	27.46476459503174	23520	7677.907403945923	19475	17.198129251700678	
-300018.9714146194	62.55	10.272727272727273	223.19480519480518	138.54545454545453	-4.373229214878852	294	2338	101	13.0	282.0	173.0	25	9.0	109.0	70.0	0	0	27.814509391784668	23600	7705.7219133377075	19544	17.186440677966104	
-375017.1010027573	63.0	10.072463768115941	223.08695652173913	138.2173913043478	-4.373229214878852	295	2349	123	14.0	306.0	187.0	3	8.0	103.0	66.0	0	0	23.320006847381592	23680	7729.041920185089	19606	17.204391891891888	
-375017.75788505963	63.7875	10.128571428571428	219.62857142857143	136.0	-4.373229214878852	296	2359	121	13.0	282.0	173.0	5	8.0	109.0	70.0	0	0	22.27302384376526	23760	7751.314944028854	19672	17.205387205387197	
-362521.57231468585	63.875	10.164383561643836	225.05479452054794	139.35616438356163	-4.373229214878852	297	2366	114	13.0	306.0	187.0	22	8.0	79.0	51.0	0	0	22.57664394378662	23840	7773.891587972641	19740	17.19798657718121	
-212521.26226324338	63.5625	10.0	247.44594594594594	152.56756756756758	-4.373229214878852	298	2372	125	13.0	306.0	187.0	1	9.0	98.0	63.0	0	0	28.601487636566162	23920	7802.493075609207	19808	17.190635451505017	
-237529.67442996	63.775	10.08108108108108	232.02702702702703	143.55405405405406	-4.373229214878852	299	2378	125	12.0	306.0	187.0	3	9.0	109.0	70.0	0	0	22.46747374534607	24000	7824.960549354553	19875	17.1875	
-337512.5521676134	63.0	10.197368421052632	227.9078947368421	141.3684210526316	-4.373229214878852	300	2382	107	13.0	306.0	187.0	19	9.0	116.0	75.0	0	0	23.919933795928955	24080	7848.880483150482	19946	17.167774086378742	
-362516.27567830903	63.0	10.357142857142858	224.12857142857143	139.07142857142858	-4.373229214878852	301	2392	112	16.0	399.0	244.0	14	8.0	87.0	56.0	0	0	21.76342487335205	24160	7870.643908023834	20011	17.173013245033104	
-412513.6179940725	63.1125	10.43661971830986	230.30985915492957	142.91549295774647	-4.373229214878852	302	2401	118	16.0	356.0	223.0	8	8.0	82.0	53.0	0	0	20.134477615356445	24240	7890.778385639191	20077	17.174092409240927	
-350019.54945499805	64.6875	10.053333333333333	220.94666666666666	136.90666666666667	-4.373229214878852	303	2406	135	12.0	282.0	173.0	30	8.0	95.0	61.0	0	0	22.990387201309204	24320	7913.7687728405	20146	17.162828947368425	
-325026.79917114746	63.0	10.178082191780822	234.63013698630138	145.24657534246575	-4.373229214878852	304	2413	117	13.0	306.0	187.0	9	8.0	108.0	70.0	0	0	22.28652858734131	24400	7936.055301427841	20213	17.15983606557377	
-387525.4876224339	62.825	10.112676056338028	220.1549295774648	136.3661971830986	-4.373229214878852	305	2422	121	13.0	282.0	173.0	5	8.0	109.0	70.0	0	0	23.758375883102417	24480	7959.813677310944	20278	17.16503267973856	
-350019.71750666184	62.25	10.114285714285714	228.68571428571428	141.72857142857143	-4.373229214878852	306	2432	99	13.0	284.0	180.0	5	8.0	102.0	66.0	0	0	20.899266719818115	24560	7980.712944030762	20340	17.182410423452765	
-375015.8316368469	62.9875	10.253521126760564	233.3943661971831	144.40845070422534	-4.373229214878852	307	2441	115	14.0	282.0	173.0	11	8.0	103.0	66.0	0	0	18.708595752716064	24640	7999.421539783478	20406	17.183441558441558	
-325017.0407497941	63.0	10.191780821917808	239.5205479452055	148.27397260273972	-4.373229214878852	308	2448	108	13.0	282.0	173.0	18	9.0	109.0	70.0	0	0	24.45168972015381	24720	8023.873229503632	20474	17.176375404530745	
-362519.0863460312	63.225	10.095890410958905	233.42465753424656	144.36986301369862	-4.373229214878852	309	2455	104	13.0	306.0	187.0	22	9.0	115.0	73.0	0	0	20.44962978363037	24800	8044.322859287262	20540	17.177419354838705	
-312515.7751022984	63.0	10.166666666666666	229.66666666666666	142.16666666666666	-4.373229214878852	310	2463	104	13.0	319.0	194.0	22	8.0	103.0	66.0	0	0	25.026164770126343	24880	8069.349024057388	20606	17.178456591639872	
-287529.3713269497	63.0	10.094594594594595	235.55405405405406	145.59459459459458	-4.373229214878852	311	2469	111	13.0	331.0	200.0	15	8.0	102.0	66.0	0	0	21.146615743637085	24960	8090.495639801025	20673	17.175480769230774	
-237528.1910500763	63.0	10.12	233.34666666666666	144.36	-4.373229214878852	312	2474	118	13.0	306.0	187.0	8	8.0	112.0	72.0	0	0	24.487093925476074	25040	8114.9827337265015	20742	17.16453674121405	
-287528.3984754799	63.175	10.197368421052632	231.6184210526316	143.4078947368421	-4.373229214878852	313	2478	112	13.0	306.0	187.0	14	9.0	115.0	73.0	0	0	24.40618085861206	25120	8139.3889145851135	20812	17.149681528662413	
-312523.40308348706	63.7375	10.197368421052632	211.6184210526316	131.53947368421052	-4.373229214878852	314	2482	105	13.0	282.0	173.0	21	9.0	108.0	70.0	0	0	21.741406202316284	25200	8161.13032078743	20884	17.126984126984127	
-300019.2161404353	63.1	10.08108108108108	219.5	136.02702702702703	-4.373229214878852	315	2488	116	13.0	372.0	230.0	10	9.0	109.0	70.0	0	0	20.695849895477295	25280	8181.826170682907	20951	17.124208860759495	
-225018.13252398325	63.0	10.013333333333334	218.37333333333333	135.50666666666666	-4.37257118444593	316	2493	122	16.0	306.0	187.0	4	8.0	108.0	70.0	0	0	22.754152536392212	25360	8204.5803232193	21021	17.10962145110409	
-287528.57351664954	67.275	10.08108108108108	222.04054054054055	137.7027027027027	-4.37257118444593	317	2499	146	12.0	342.0	209.0	15	8.0	85.0	55.0	0	0	22.406261682510376	25440	8226.98658490181	21089	17.10298742138366	
-237540.45873983315	65.025	10.066666666666666	227.36	140.41333333333333	-4.37257118444593	318	2504	108	13.0	306.0	187.0	25	8.0	98.0	63.0	0	0	21.79534339904785	25520	8248.781928300858	21160	17.084639498432594	
-275017.00142485433	63.5625	10.152777777777779	231.48611111111111	143.5	-4.37257118444593	319	2512	108	13.0	306.0	187.0	27	9.0	126.0	81.0	0	0	28.58630919456482	25600	8277.368237495422	21227	17.08203125	
-375031.7495062917	63.425	10.154929577464788	219.95774647887325	136.38028169014083	-4.37257118444593	320	2521	121	13.0	282.0	173.0	5	8.0	101.0	65.0	0	0	21.098256826400757	25680	8298.466494321823	21292	17.087227414330215	
-362517.3913242425	67.4375	10.057971014492754	212.91304347826087	132.2753623188406	-4.37257118444593	321	2532	134	13.0	336.0	205.0	13	8.0	102.0	66.0	0	0	20.076682567596436	25760	8318.54317688942	21356	17.09627329192547	
-325018.76725988113	66.0375	10.04054054054054	216.45945945945945	134.2027027027027	-4.37257118444593	322	2538	103	14.0	302.0	186.0	22	8.0	80.0	52.0	0	0	23.161199808120728	25840	8341.70437669754	21424	17.089783281733745	
-275026.5721379287	64.15	10.04	226.64	140.22666666666666	-4.37257118444593	323	2543	118	14.0	364.0	221.0	8	8.0	86.0	56.0	0	0	19.307167053222656	25920	8361.011543750763	21493	17.079475308641975	
-325016.58059564	64.0375	10.082191780821917	224.2876712328767	138.986301369863	-4.37257118444593	324	2550	138	13.0	306.0	187.0	3	8.0	86.0	56.0	0	0	21.17024850845337	26000	8382.181792259216	21561	17.073076923076925	
-362513.7416855827	63.4875	10.157142857142857	229.77142857142857	142.0857142857143	-4.37257118444593	325	2560	121	15.0	306.0	187.0	5	8.0	96.0	62.0	0	0	20.536450147628784	26080	8402.718242406845	21626	17.078220858895705	
-275022.54712197214	63.4375	10.04109589041096	234.26027397260273	144.7123287671233	-4.37257118444593	326	2567	96	13.0	282.0	173.0	30	8.0	85.0	55.0	0	0	21.818196296691895	26160	8424.536438703537	21693	17.07568807339449	
-287517.808640153	63.075	10.17142857142857	227.64285714285714	141.0	-4.37257118444593	327	2577	117	13.0	302.0	183.0	9	8.0	86.0	56.0	0	0	22.055671215057373	26240	8446.592109918594	21756	17.088414634146346	
-337514.53307529207	65.025	9.985507246376812	222.56521739130434	137.85507246376812	-4.37257118444593	328	2588	116	12.0	306.0	187.0	10	8.0	98.0	63.0	0	0	25.179415941238403	26320	8471.771525859833	21820	17.097264437689972	
-300023.44552814064	62.6625	10.093333333333334	224.01333333333332	138.6	-4.37257118444593	329	2593	99	13.0	306.0	187.0	27	8.0	88.0	57.0	0	0	25.82702088356018	26400	8497.598546743393	21888	17.090909090909093	
-387515.1471743489	62.9875	10.08	225.30666666666667	139.57333333333332	-4.37257118444593	330	2598	120	13.0	321.0	198.0	6	8.0	85.0	55.0	0	0	26.335087537765503	26480	8523.933634281158	21959	17.07326283987915	
-275021.62404173857	62.7375	10.092105263157896	216.1315789473684	134.0921052631579	-4.37257118444593	331	2602	83	12.0	306.0	187.0	43	8.0	85.0	55.0	0	0	22.527732849121094	26560	8546.46136713028	22030	17.055722891566262	
-337520.07753398764	63.075	9.973333333333333	210.26666666666668	130.61333333333334	-4.37257118444593	332	2607	93	13.0	306.0	187.0	33	8.0	80.0	52.0	0	0	22.855445384979248	26640	8569.316812515259	22096	17.05705705705705	
-337522.00258692034	63.1	9.970588235294118	236.14705882352942	145.80882352941177	-4.37257118444593	333	2619	112	12.0	306.0	187.0	14	8.0	85.0	55.0	0	0	24.177359104156494	26720	8593.494171619415	22156	17.080838323353305	
-337517.1492202688	63.5125	10.175675675675675	237.5	146.71621621621622	-4.37257118444593	334	2625	111	14.0	306.0	187.0	15	9.0	109.0	70.0	0	0	22.17828059196472	26800	8615.67245221138	22226	17.06716417910448	
-250021.84921932514	63.4375	9.904109589041095	224.6164383561644	139.013698630137	-4.37257118444593	335	2632	115	12.0	282.0	173.0	11	8.0	80.0	52.0	0	0	24.728556394577026	26880	8640.401008605957	22294	17.061011904761898	
-262518.5655411299	61.7	9.797297297297296	214.16216216216216	132.66216216216216	-4.37257118444593	336	2638	117	12.0	306.0	187.0	9	8.0	85.0	55.0	0	0	23.627015113830566	26960	8664.028023719788	22364	17.047477744807125	
-312523.85787949647	63.4875	9.931506849315069	215.1917808219178	133.3013698630137	-4.37257118444593	337	2645	111	12.0	282.0	173.0	11	8.0	98.0	63.0	0	0	17.73795771598816	27040	8681.765981435776	22431	17.04511834319527	
-350023.14088792977	61.1125	9.985915492957746	215.54929577464787	133.73239436619718	-4.37257118444593	338	2654	117	13.0	306.0	187.0	9	8.0	86.0	56.0	0	0	17.639268159866333	27120	8699.405249595642	22494	17.057522123893804	
-200017.51852877034	63.0	9.922077922077921	224.0909090909091	138.54545454545453	-4.37257118444593	339	2657	111	12.0	306.0	187.0	15	8.0	87.0	56.0	0	0	22.129948377609253	27200	8721.535197973251	22564	17.044117647058826	
-225034.60446958346	63.0	10.078947368421053	236.8815789473684	146.14473684210526	-4.37257118444593	340	2661	118	12.0	329.0	201.0	8	8.0	86.0	56.0	0	0	26.999671459197998	27280	8748.53486943245	22634	17.030791788856305	
-262515.2833290143	63.0	9.985507246376812	240.1304347826087	148.15942028985506	-4.37257118444593	341	2672	123	13.0	380.0	230.0	3	8.0	88.0	57.0	0	0	22.491472005844116	27360	8771.026341438293	22697	17.043128654970758	
-300014.01395591174	63.475	9.916666666666666	228.09722222222223	141.05555555555554	-4.37257118444593	342	2680	118	12.0	324.0	201.0	8	8.0	80.0	52.0	0	0	19.792919635772705	27440	8790.819261074066	22761	17.051749271137027	
-325012.07451157935	63.25	9.95945945945946	229.90540540540542	142.36486486486487	-4.37257118444593	343	2686	107	13.0	296.0	185.0	19	8.0	86.0	56.0	0	0	21.296465396881104	27520	8812.115726470947	22830	17.042151162790702	
-325013.8211710152	63.0	9.945205479452055	223.36986301369862	138.12328767123287	-4.37257118444593	344	2693	120	12.0	282.0	173.0	6	8.0	85.0	55.0	0	0	22.71552562713623	27600	8834.831252098083	22898	17.03623188405797	
-312521.124246588	62.2875	10.18918918918919	222.14864864864865	137.6216216216216	-4.37257118444593	345	2699	121	14.0	306.0	187.0	5	9.0	113.0	73.0	0	0	28.72012758255005	27680	8863.551379680634	22967	17.026734104046255	
-275016.9006179815	65.65	10.164383561643836	227.05479452054794	140.53424657534248	-4.37257118444593	346	2706	124	18.0	297.0	181.0	2	8.0	85.0	55.0	0	0	26.031362533569336	27760	8889.582742214203	23035	17.02089337175792	
-250032.15593865636	64.725	10.052631578947368	220.6315789473684	136.56578947368422	-4.37257118444593	347	2710	109	12.0	301.0	184.0	29	8.0	80.0	52.0	0	0	22.26103115081787	27840	8911.84377336502	23104	17.01149425287356	
-287519.0754798689	63.9375	9.947368421052632	230.77631578947367	142.5921052631579	-4.37257118444593	348	2714	88	12.0	301.0	184.0	42	8.0	101.0	65.0	0	0	25.161696672439575	27920	8937.00547003746	23174	16.99856733524355	
-312520.24517358403	63.0	9.944444444444445	222.08333333333334	137.36111111111111	-4.37257118444593	349	2722	120	13.0	326.0	198.0	6	8.0	88.0	57.0	0	0	22.018990516662598	28000	8959.024460554123	23239	17.003571428571433	
-312524.2506635679	66.275	10.013698630136986	225.78082191780823	139.63013698630138	-4.37257118444593	350	2729	121	12.0	306.0	187.0	5	8.0	87.0	56.0	0	0	23.33986520767212	28080	8982.364325761795	23307	16.997863247863236	
-300014.98813280574	66.625	9.986842105263158	221.47368421052633	137.18421052631578	-4.37257118444593	351	2733	119	13.0	306.0	187.0	25	8.0	102.0	66.0	0	0	21.079856395721436	28160	9003.444182157516	23377	16.98508522727272	
-262533.79685217806	70.7375	10.16	220.21333333333334	136.4	-4.37257118444593	352	2738	140	14.0	315.0	198.0	3	8.0	79.0	51.0	0	0	24.572547912597656	28240	9028.016730070114	23448	16.96883852691218	
-337525.47292246413	69.2	10.11111111111111	217.625	134.72222222222223	-4.37257118444593	353	2746	177	14.0	309.0	191.0	3	8.0	79.0	51.0	0	0	21.41596508026123	28320	9049.432695150375	23514	16.97033898305085	
-300025.51450880134	65.5375	10.068493150684931	208.41095890410958	129.21917808219177	-4.37257118444593	354	2753	108	14.0	282.0	173.0	18	7.0	79.0	51.0	0	0	23.49250030517578	28400	9072.925195455551	23581	16.968309859154928	
-350024.047279671	65.7125	10.044776119402986	227.37313432835822	140.59701492537314	-4.37257118444593	355	2766	156	14.0	306.0	187.0	7	8.0	106.0	67.0	0	0	20.308693647384644	28480	9093.233889102936	23644	16.980337078651687	
-237535.52422412176	66.3125	10.090909090909092	236.5974025974026	146.11688311688312	-4.37257118444593	356	2769	126	14.0	316.0	192.0	13	8.0	98.0	63.0	0	0	24.97385883331299	28560	9118.207747936249	23712	16.974789915966383	
-287515.0968745914	62.7625	9.88	228.92	141.57333333333332	-4.37257118444593	357	2774	118	14.0	282.0	173.0	8	8.0	88.0	57.0	0	0	27.1593496799469	28640	9145.367097616196	23781	16.965782122905026	
-350013.9513816312	63.0	10.11111111111111	239.5	147.75	-4.37257118444593	358	2782	121	13.0	508.0	305.0	5	8.0	109.0	70.0	0	0	27.225125789642334	28720	9172.592223405838	23848	16.96378830083566	
-237518.54461309616	64.0125	10.013698630136986	230.45205479452054	142.32876712328766	-4.37257118444593	359	2789	120	16.0	309.0	187.0	26	8.0	109.0	70.0	0	0	19.279131412506104	28800	9191.871354818344	23917	16.954861111111114	
-212529.43470412298	63.0	9.98611111111111	243.52777777777777	150.09722222222223	-4.37257118444593	360	2797	119	13.0	306.0	187.0	7	8.0	86.0	56.0	0	0	24.19599413871765	28880	9216.067348957062	23982	16.95983379501385	
-350015.9086471056	62.625	9.771428571428572	217.71428571428572	134.95714285714286	-4.37257118444593	361	2807	105	12.0	289.0	178.0	21	7.0	80.0	52.0	0	0	20.5174777507782	28960	9236.58482670784	24047	16.96477900552486	
-312530.5527803613	63.175	9.930555555555555	220.51388888888889	136.65277777777777	-4.37257118444593	362	2815	139	13.0	300.0	185.0	27	8.0	102.0	66.0	0	0	14.065515041351318	29040	9250.650341749191	24111	16.973140495867767	
-337524.0716515219	63.425	10.028985507246377	221.63768115942028	137.3768115942029	-4.37257118444593	363	2826	109	12.0	306.0	187.0	17	8.0	101.0	65.0	0	0	14.30007004737854	29120	9264.95041179657	24174	16.984890109890102	
-275025.79786579905	62.7125	10.04	235.92	145.58666666666667	-4.37257118444593	364	2831	124	13.0	323.0	196.0	2	8.0	79.0	51.0	0	0	22.207216501235962	29200	9287.157628297806	24238	16.993150684931507	
-375026.77951390063	63.15	10.012987012987013	220.02597402597402	136.07792207792207	-4.37257118444593	365	2834	106	11.0	306.0	187.0	20	8.0	80.0	52.0	0	0	22.45808172225952	29280	9309.615710020065	24309	16.977459016393453	
-337517.79250010464	61.175	9.88888888888889	205.125	127.23611111111111	-4.37257118444593	366	2842	121	13.0	321.0	197.0	5	8.0	80.0	52.0	0	0	20.72614312171936	29360	9330.341853141785	24376	16.97547683923706	
-287521.6816586172	63.9	9.791666666666666	209.44444444444446	129.86111111111111	-4.37257118444593	367	2850	113	13.0	290.0	178.0	13	8.0	80.0	52.0	0	0	19.24531865119934	29440	9349.587171792984	24442	16.976902173913047	
-262524.3281899093	62.825	9.973333333333333	240.64	148.49333333333334	-4.37257118444593	368	2855	97	18.0	318.0	203.0	29	8.0	112.0	71.0	0	0	20.533080101013184	29520	9370.120251893997	24508	16.978319783197833	
-350021.5497360877	62.9375	10.054054054054054	228.6216216216216	141.2972972972973	-4.37257118444593	369	2861	111	12.0	306.0	187.0	22	8.0	108.0	70.0	0	0	24.54238772392273	29600	9394.66263961792	24575	16.976351351351354	
-262526.0641220271	62.85	10.026666666666667	232.88	143.8	-4.37257118444593	370	2866	99	12.0	306.0	187.0	27	8.0	79.0	51.0	0	0	25.87040138244629	29680	9420.533041000366	24645	16.964285714285708	
-212515.53726917674	63.0	10.173333333333334	234.08	144.72	-4.37257118444593	371	2871	90	13.0	306.0	187.0	36	8.0	101.0	65.0	0	0	23.157636165618896	29760	9443.690677165985	24715	16.95228494623656	
-275024.5280716802	63.0	9.887323943661972	228.33802816901408	141.08450704225353	-4.37257118444593	372	2880	111	13.0	282.0	173.0	15	7.0	80.0	52.0	0	0	25.663301944732666	29840	9469.353979110718	24780	16.957104557640747	
-237515.9276888607	62.95	10.108108108108109	233.93243243243242	144.54054054054055	-4.37257118444593	373	2886	109	13.0	306.0	187.0	17	8.0	88.0	57.0	0	0	27.35849905014038	29920	9496.712478160858	24849	16.948529411764696	
-187528.29234000255	63.3	9.846153846153847	226.76923076923077	140.10256410256412	-4.3721393576466445	374	2888	119	12.0	282.0	174.0	7	8.0	79.0	51.0	0	0	35.643638372421265	30000	9532.35611653328	24922	16.926666666666662	
-312518.2552908608	62.675	9.930555555555555	232.68055555555554	143.70833333333334	-4.3721393576466445	375	2896	117	13.0	337.0	205.0	9	8.0	79.0	51.0	0	0	21.454895734786987	30080	9553.811012268066	24986	16.934840425531917	
-262526.9822733278	62.825	10.152777777777779	237.15277777777777	146.59722222222223	-4.3721393576466445	376	2904	115	12.0	346.0	213.0	11	8.0	88.0	57.0	0	0	20.525043487548828	30160	9574.336055755615	25049	16.946286472148543	
-262519.0609107479	64.4875	10.094594594594595	225.22972972972974	139.3108108108108	-4.3721393576466445	377	2910	139	12.0	306.0	187.0	25	8.0	79.0	51.0	0	0	18.789697647094727	30240	9593.12575340271	25117	16.94113756613757	
-250022.11536650988	64.0	10.202702702702704	230.72972972972974	142.71621621621622	-4.3721393576466445	378	2916	98	14.0	306.0	187.0	30	8.0	109.0	70.0	0	0	23.02015733718872	30320	9616.145910739899	25186	16.93271767810026	
-287528.8184657597	63.4	10.183098591549296	225.77464788732394	139.95774647887325	-4.3721393576466445	379	2925	116	14.0	306.0	189.0	10	8.0	85.0	55.0	0	0	23.412152528762817	30400	9639.558063268661	25251	16.9375	
-275024.60353669606	64.0125	10.175675675675675	219.97297297297297	136.36486486486487	-4.3721393576466445	380	2931	122	14.0	282.0	173.0	4	8.0	109.0	70.0	0	0	20.252166509628296	30480	9659.81022977829	25321	16.925853018372706	
-275018.29830730177	65.9375	10.169014084507042	236.1267605633803	145.94366197183098	-4.3721393576466445	381	2940	122	13.0	317.0	197.0	8	9.0	102.0	66.0	0	0	21.161602020263672	30560	9680.971831798553	25385	16.93390052356021	
-275023.8651950459	63.0	10.068493150684931	226.86301369863014	140.2876712328767	-4.3721393576466445	382	2947	99	13.0	303.0	187.0	27	8.0	88.0	57.0	0	0	20.469618797302246	30640	9701.441450595856	25450	16.938642297650134	
-250026.5921041007	63.575	10.054794520547945	226.91780821917808	140.31506849315068	-4.3721393576466445	383	2954	105	13.0	306.0	187.0	21	8.0	108.0	69.0	0	0	23.70563507080078	30720	9725.147085666656	25517	16.93684895833333	
-287527.2251135955	63.125	10.06578947368421	223.76315789473685	138.52631578947367	-4.3721393576466445	384	2958	118	12.0	282.0	173.0	8	8.0	96.0	62.0	0	0	22.138739109039307	30800	9747.285824775696	25588	16.922077922077932	
-325021.1390813893	62.7625	10.355263157894736	230.69736842105263	142.78947368421052	-4.3721393576466445	385	2962	93	14.0	307.0	193.0	33	8.0	101.0	65.0	0	0	23.106796264648438	30880	9770.392621040344	25660	16.904145077720216	
-225022.00942389233	63.0	10.03896103896104	233.66233766233765	144.32467532467533	-4.3721393576466445	386	2965	92	12.0	292.0	179.0	34	9.0	102.0	66.0	0	0	25.19811201095581	30960	9795.5907330513	25729	16.89599483204134	
-262525.0668631132	63.0	10.094594594594595	241.1891891891892	149.01351351351352	-4.3721393576466445	387	2971	123	13.0	315.0	197.0	3	9.0	128.0	81.0	0	0	26.2746000289917	31040	9821.865333080292	25798	16.887886597938135	
-350016.8031526898	64.0375	10.125	224.56944444444446	139.0	-4.3721393576466445	388	2979	142	14.0	301.0	182.0	8	8.0	109.0	70.0	0	0	24.50841784477234	31120	9846.373750925064	25863	16.892673521850895	
-300018.0440687678	63.0	9.91891891891892	222.3918918918919	137.59459459459458	-4.3721393576466445	389	2985	111	12.0	282.0	173.0	15	8.0	109.0	70.0	0	0	22.471320152282715	31200	9868.845071077347	25932	16.884615384615387	
-312521.9380852616	63.5625	10.0	224.3013698630137	138.6986301369863	-4.3721393576466445	390	2992	108	13.0	282.0	173.0	22	8.0	103.0	66.0	0	0	22.92424440383911	31280	9891.769315481186	25999	16.882992327365727	
-325025.43902076	63.3625	9.986301369863014	214.8082191780822	133.04109589041096	-4.3721393576466445	391	2999	124	11.0	282.0	173.0	2	8.0	79.0	51.0	0	0	21.26389455795288	31360	9913.033210039139	26066	16.881377551020407	
-312525.6912796813	64.55	10.0	204.64788732394365	127.2394366197183	-4.3721393576466445	392	3008	120	12.0	282.0	173.0	6	8.0	109.0	70.0	0	0	18.017338037490845	31440	9931.05054807663	26130	16.889312977099237	
-287522.5616980378	64.25	9.763157894736842	213.28947368421052	132.18421052631578	-4.3721393576466445	393	3012	112	12.0	306.0	187.0	14	8.0	109.0	70.0	0	0	20.07537865638733	31520	9951.125926733017	26198	16.884517766497467	
-275021.955837109	63.175	10.150684931506849	216.2876712328767	133.986301369863	-4.3721393576466445	394	3019	117	14.0	282.0	173.0	9	8.0	109.0	70.0	0	0	22.653738260269165	31600	9973.779664993286	26264	16.886075949367083	
-250027.25680627054	63.05	10.205479452054794	222.35616438356163	137.45205479452054	-4.3721393576466445	395	3026	103	13.0	330.0	203.0	23	8.0	112.0	71.0	0	0	20.688288688659668	31680	9994.467953681946	26330	16.88762626262627	
-312529.59766657796	62.9375	9.98611111111111	224.27777777777777	138.80555555555554	-4.3721393576466445	396	3034	114	12.0	287.0	178.0	12	7.0	90.0	58.0	0	0	20.095943212509155	31760	10014.563896894455	26396	16.889168765743065	
-212535.2646636966	63.0	10.121621621621621	231.94594594594594	143.45945945945945	-4.3721393576466445	397	3040	116	12.0	290.0	177.0	10	9.0	111.0	72.0	0	0	25.74619221687317	31840	10040.310089111328	26462	16.890703517587937	
-300025.52337937226	65.3125	10.121621621621621	220.71621621621622	136.75675675675674	-4.371869816829232	398	3046	108	15.0	399.0	241.0	7	8.0	105.0	68.0	0	0	22.72157049179077	31920	10063.031659603119	26532	16.879699248120303	
-262528.05399909057	63.5	10.108108108108109	232.8108108108108	143.82432432432432	-4.371869816829232	399	3052	107	13.0	286.0	174.0	19	8.0	90.0	58.0	0	0	25.989712715148926	32000	10089.021372318268	26600	16.875	
-287526.8953875791	63.025	10.04109589041096	225.05479452054794	139.3835616438356	-4.371869816829232	400	3059	116	13.0	282.0	173.0	10	8.0	93.0	60.0	0	0	21.27265477180481	32080	10110.294027090073	26668	16.870324189526187	
-325017.25172181084	61.05	10.0	213.0	132.1014492753623	-4.371869816829232	401	3070	111	13.0	300.0	185.0	9	7.0	90.0	58.0	0	0	17.428652048110962	32160	10127.722679138184	26728	16.890547263681583	
-250022.59081314813	64.0375	9.946666666666667	228.12	141.06666666666666	-4.371869816829232	402	3075	109	13.0	305.0	190.0	17	8.0	86.0	56.0	0	0	22.772056102752686	32240	10150.494735240936	26797	16.882754342431767	
-362525.32802298537	63.25	10.102941176470589	213.2941176470588	132.41176470588235	-4.371869816829232	403	3087	124	12.0	282.0	173.0	2	9.0	111.0	72.0	0	0	17.123699426651	32320	10167.618434667587	26859	16.896658415841586	
-212518.66206756915	65.85	10.092105263157896	218.6184210526316	135.43421052631578	-4.371869816829232	404	3091	159	13.0	282.0	173.0	7	8.0	80.0	52.0	0	0	23.844462394714355	32400	10191.462897062302	26928	16.888888888888886	
-237528.52723501134	64.5125	10.078947368421053	214.6315789473684	133.1315789473684	-4.371869816829232	405	3095	91	14.0	282.0	173.0	38	9.0	101.0	65.0	0	0	22.293448209762573	32480	10213.756345272064	26999	16.875	
-275027.1951139959	63.425	9.905405405405405	222.63513513513513	137.5810810810811	-4.371869816829232	406	3101	122	12.0	306.0	187.0	4	8.0	101.0	65.0	0	0	22.348063945770264	32560	10236.104409217834	27068	16.867321867321877	
-362517.98881817545	62.1625	10.10958904109589	227.08219178082192	140.5205479452055	-4.371869816829232	407	3108	104	14.0	282.0	173.0	5	8.0	103.0	66.0	0	0	18.6803879737854	32640	10254.78479719162	27130	16.881127450980387	
-250020.91984010674	63.0	10.068493150684931	232.26027397260273	143.46575342465752	-4.371869816829232	408	3115	119	16.0	295.0	180.0	7	8.0	109.0	70.0	0	0	29.53091311454773	32720	10284.315710306168	27197	16.87958435207824	
-287514.7354323496	63.5875	10.16	235.10666666666665	145.25333333333333	-4.371869816829232	409	3120	110	14.0	378.0	230.0	48	8.0	82.0	53.0	0	0	29.9838604927063	32800	10314.299570798874	27264	16.878048780487802	
-325013.4163675889	63.6875	10.04225352112676	229.8732394366197	142.2112676056338	-4.371869816829232	410	3129	110	12.0	282.0	173.0	19	9.0	101.0	65.0	0	0	23.10621428489685	32880	10337.40578508377	27331	16.876520681265205	
-300019.2150759632	63.0	10.178082191780822	230.7945205479452	142.64383561643837	-4.371869816829232	411	3136	109	14.0	301.0	182.0	17	8.0	87.0	56.0	0	0	19.577654123306274	32960	10356.983439207077	27400	16.868932038834956	
-200032.59822963638	64.5	10.054054054054054	239.13513513513513	147.47297297297297	-4.371869816829232	412	3142	103	13.0	301.0	182.0	52	8.0	101.0	65.0	0	0	28.678508520126343	33040	10385.661947727203	27470	16.85835351089588	
-237516.3669841704	62.725	10.08108108108108	237.33783783783784	146.56756756756758	-4.371869816829232	413	3148	108	13.0	303.0	190.0	7	8.0	90.0	58.0	0	0	21.50678324699402	33120	10407.168730974197	27536	16.85990338164251	
-337520.84828728356	63.0	10.055555555555555	214.77777777777777	133.02777777777777	-4.371869816829232	414	3156	120	13.0	426.0	257.0	6	8.0	90.0	58.0	0	0	24.519580125808716	33200	10431.688311100006	27602	16.861445783132538	
-300024.0479425768	63.1125	10.175675675675675	221.63513513513513	137.09459459459458	-4.371869816829232	415	3162	93	14.0	306.0	187.0	33	8.0	109.0	70.0	0	0	23.681954622268677	33280	10455.370265722275	27670	16.85697115384616	
-250015.86203456446	62.9	10.135135135135135	241.9189189189189	149.45945945945945	-4.371869816829232	416	3168	93	13.0	282.0	176.0	33	8.0	102.0	66.0	0	0	27.40298891067505	33360	10482.77325463295	27737	16.85551558752998	
-237513.77894591424	62.9375	9.98611111111111	241.34722222222223	148.94444444444446	-4.371869816829232	417	3176	105	11.0	282.0	173.0	21	9.0	109.0	70.0	0	0	24.080467462539673	33440	10506.85372209549	27801	16.86303827751196	
-325026.99706008297	63.0	10.090909090909092	221.7922077922078	137.23376623376623	-4.371869816829232	418	3179	116	13.0	282.0	173.0	10	8.0	98.0	63.0	0	0	23.71211338043213	33520	10530.565835475922	27872	16.849642004773273	
-275014.5303597996	63.6625	10.368421052631579	219.69736842105263	136.07894736842104	-4.371869816829232	419	3183	116	14.0	378.0	229.0	21	9.0	108.0	70.0	0	0	21.665918350219727	33600	10552.231753826141	27942	16.839285714285708	
-225035.96345386017	62.75	10.066666666666666	214.49333333333334	132.97333333333333	-4.371869816829232	420	3188	108	12.0	282.0	173.0	18	8.0	102.0	66.0	0	0	19.244195699691772	33680	10571.475949525833	28011	16.831947743467936	
-200023.31432501355	63.3875	10.266666666666667	238.14666666666668	147.14666666666668	-4.371869816829232	421	3193	103	16.0	282.0	173.0	23	9.0	126.0	81.0	0	0	24.792614459991455	33760	10596.268563985825	28080	16.824644549763036	
-262524.71782606683	64.0	10.103896103896103	227.44155844155844	140.75324675324674	-4.371869816829232	422	3196	117	14.0	282.0	173.0	9	9.0	101.0	65.0	0	0	29.67042303085327	33840	10625.938987016678	28151	16.811465721040193	
-275026.73346377554	63.7	10.10958904109589	224.2054794520548	138.87671232876713	-4.371869816829232	423	3203	103	14.0	282.0	173.0	35	9.0	108.0	70.0	0	0	24.495421171188354	33920	10650.434408187866	28218	16.81014150943396	
-200019.46294051496	62.75	10.095890410958905	234.41095890410958	144.73972602739727	-4.371869816829232	424	3210	118	14.0	282.0	173.0	8	9.0	122.0	79.0	0	0	22.397610664367676	34000	10672.832018852234	28286	16.805882352941182	
-300023.81302014634	63.2375	10.183098591549296	220.0	136.22535211267606	-4.371869816829232	425	3219	117	14.0	301.0	182.0	9	8.0	108.0	70.0	0	0	23.29918670654297	34080	10696.131205558777	28352	16.8075117370892	
-275018.7773133501	63.825	10.101449275362318	229.04347826086956	141.63768115942028	-4.371869816829232	426	3230	115	14.0	293.0	182.0	11	8.0	107.0	69.0	0	0	21.690130949020386	34160	10717.821336507797	28416	16.81498829039812	
-262517.2103517678	63.9375	10.2	228.74666666666667	141.49333333333334	-4.371869816829232	427	3235	115	14.0	282.0	173.0	26	9.0	111.0	70.0	0	0	19.710595846176147	34240	10737.531932353973	28484	16.81074766355141	
-225025.45277776467	63.8375	10.013698630136986	232.0958904109589	143.65753424657535	-4.371869816829232	428	3242	120	12.0	282.0	173.0	6	8.0	80.0	52.0	0	0	25.658498525619507	34320	10763.190430879593	28552	16.80652680652682	
-300029.1588279136	63.0	10.054794520547945	221.76712328767124	137.4931506849315	-4.371869816829232	429	3249	115	12.0	306.0	187.0	11	9.0	101.0	65.0	0	0	22.148982048034668	34400	10785.339412927628	28621	16.799418604651166	
-237530.25679927407	63.0	10.068493150684931	221.43835616438355	137.1095890410959	-4.371869816829232	430	3256	106	13.0	282.0	173.0	20	8.0	80.0	52.0	0	0	21.642165422439575	34480	10806.981578350067	28690	16.792343387470993	
-200029.86965071998	63.525	10.093333333333334	237.34666666666666	146.6	-4.371869816829232	431	3261	111	13.0	282.0	173.0	15	8.0	102.0	66.0	0	0	23.66910219192505	34560	10830.650680541992	28760	16.782407407407405	
-212514.78260958783	63.0	10.04054054054054	244.16216216216216	150.59459459459458	-4.371869816829232	432	3267	112	13.0	305.0	186.0	14	9.0	109.0	70.0	0	0	31.093934297561646	34640	10861.744614839554	28827	16.781177829099306	
-225015.64872776959	63.0	10.053333333333333	232.97333333333333	143.81333333333333	-4.371869816829232	433	3272	112	13.0	282.0	173.0	14	9.0	126.0	81.0	0	0	25.927701234817505	34720	10887.672316074371	28895	16.77707373271889	
-225020.65728713144	62.4	10.054794520547945	226.64383561643837	140.26027397260273	-4.371869816829232	434	3279	124	12.0	282.0	173.0	2	9.0	112.0	72.0	0	0	24.988731861114502	34800	10912.661047935486	28960	16.781609195402297	
-325030.7494968151	61.675	9.947368421052632	212.03947368421052	131.35526315789474	-4.371869816829232	435	3283	114	12.0	292.0	178.0	12	8.0	96.0	62.0	0	0	23.732692003250122	34880	10936.393739938736	29030	16.771788990825684	
-300022.01162664563	62.2	9.945945945945946	220.94594594594594	136.8108108108108	-4.371869816829232	436	3289	105	14.0	282.0	173.0	21	8.0	98.0	63.0	0	0	18.727581024169922	34960	10955.121320962906	29095	16.776315789473685	
-362521.05878580286	62.525	10.028169014084508	223.46478873239437	138.33802816901408	-4.371869816829232	437	3298	99	12.0	282.0	173.0	27	8.0	114.0	72.0	0	0	19.031778812408447	35040	10974.153099775314	29162	16.77511415525113	
-325026.22011798987	63.225	10.043478260869565	223.40579710144928	138.30434782608697	-4.371869816829232	438	3309	134	12.0	282.0	173.0	1	8.0	109.0	70.0	0	0	19.33651566505432	35120	10993.489615440369	29226	16.78246013667426	
-250018.68601159292	63.35	10.135135135135135	220.90540540540542	136.86486486486487	-4.371869816829232	439	3315	99	13.0	313.0	192.0	27	8.0	101.0	65.0	0	0	20.500548601150513	35200	11013.99016404152	29293	16.78125	
-262515.8988133562	63.05	10.103896103896103	227.84415584415584	140.96103896103895	-4.371869816829232	440	3318	92	13.0	350.0	211.0	34	9.0	111.0	72.0	0	0	28.78377056121826	35280	11042.773934602737	29362	16.774376417233555	
-237527.87756764586	63.5125	10.0	230.40540540540542	142.28378378378378	-4.371869816829232	441	3324	126	13.0	282.0	173.0	2	8.0	103.0	66.0	0	0	29.085211038589478	35360	11071.859145641327	29429	16.773190045248867	
-287519.7623063826	63.0	10.0	223.77027027027026	138.51351351351352	-4.371869816829232	442	3330	109	12.0	311.0	189.0	17	8.0	80.0	52.0	0	0	24.197218418121338	35440	11096.056364059448	29498	16.766365688487582	
-312514.4264706752	62.9625	10.095890410958905	234.08219178082192	144.57534246575344	-4.371869816829232	443	3337	94	13.0	282.0	173.0	32	8.0	102.0	66.0	0	0	27.043708324432373	35520	11123.10007238388	29564	16.76801801801801	
-187526.75147344286	63.0	10.194805194805195	232.87012987012986	143.97402597402598	-4.371869816829232	444	3340	88	14.0	318.0	196.0	38	8.0	108.0	70.0	0	0	26.113553047180176	35600	11149.21362543106	29635	16.75561797752809	
-300021.0071082193	63.0	10.26027397260274	222.36986301369862	137.65753424657535	-4.371869816829232	445	3347	110	13.0	282.0	173.0	16	9.0	108.0	70.0	0	0	24.316542387008667	35680	11173.53016781807	29703	16.751681614349778	
-262523.1857872801	63.575	10.112676056338028	229.56338028169014	141.92957746478874	-4.371869816829232	446	3356	115	14.0	282.0	173.0	11	8.0	97.0	63.0	0	0	23.98215341567993	35760	11197.51232123375	29768	16.75615212527964	
-150027.84114513666	62.375	10.013157894736842	220.44736842105263	136.53947368421052	-4.371869816829232	447	3360	111	13.0	301.0	182.0	15	8.0	102.0	66.0	0	0	21.90150260925293	35840	11219.413823843002	29838	16.746651785714278	
-287528.19117880485	64.7	9.929577464788732	227.0281690140845	140.5211267605634	-4.371869816829232	448	3369	154	12.0	282.0	173.0	8	8.0	98.0	63.0	0	0	17.943281173706055	35920	11237.357105016708	29904	16.748329621380847	
-325022.9846507392	63.7625	10.027397260273972	228.87671232876713	141.5068493150685	-4.371869816829232	449	3376	111	13.0	293.0	177.0	15	8.0	103.0	66.0	0	0	21.61824607849121	36000	11258.9753510952	29970	16.75	
-250028.5276485908	63.0	10.01388888888889	232.75	144.02777777777777	-4.371869816829232	450	3384	96	12.0	342.0	214.0	30	8.0	101.0	65.0	0	0	22.64792823791504	36080	11281.623279333115	30035	16.754434589800454	
-212519.58500921034	62.85	10.053333333333333	234.54666666666665	144.97333333333333	-4.371869816829232	451	3389	117	12.0	314.0	196.0	9	8.0	101.0	65.0	0	0	31.38509464263916	36160	11313.008373975754	30105	16.745022123893804	
-287525.1692427257	63.0	10.098591549295774	235.88732394366198	145.80281690140845	-4.371869816829232	452	3398	92	15.0	305.0	190.0	34	8.0	107.0	69.0	0	0	21.531173944473267	36240	11334.539547920227	30167	16.757726269315683	
-225035.29968518773	63.0	10.12	236.26666666666668	146.02666666666667	-4.371869816829232	453	3403	90	14.0	282.0	173.0	36	8.0	108.0	70.0	0	0	24.753830909729004	36320	11359.293378829956	30235	16.75385462555066	
-275020.33157732943	63.0	10.068493150684931	232.56164383561645	143.72602739726028	-4.371869816829232	454	3410	125	12.0	291.0	178.0	1	8.0	102.0	66.0	0	0	22.808763027191162	36400	11382.102141857147	30301	16.75549450549451	
-212527.99967643083	63.0	10.051282051282051	250.55128205128204	154.33333333333334	-4.371869816829232	455	3412	116	12.0	282.0	173.0	10	8.0	79.0	51.0	0	0	24.169398546218872	36480	11406.271540403366	30371	16.746162280701753	
-325020.06726570043	63.0	10.098591549295774	223.32394366197184	138.18309859154928	-4.371869816829232	456	3421	105	15.0	353.0	216.0	21	8.0	102.0	66.0	0	0	22.434657335281372	36560	11428.706197738647	30435	16.753282275711157	
-250028.7078102376	64.05	10.166666666666666	237.38888888888889	146.68055555555554	-4.371869816829232	457	3429	114	16.0	282.0	180.0	12	8.0	114.0	72.0	0	0	22.56985855102539	36640	11451.276056289673	30500	16.75764192139738	
-350014.79338316165	63.0	10.191780821917808	219.41095890410958	136.02739726027397	-4.371869816829232	458	3436	123	13.0	282.0	173.0	3	9.0	126.0	81.0	0	0	21.93947172164917	36720	11473.215528011322	30567	16.756535947712408	
-275024.34644444485	63.0	9.89041095890411	224.12328767123287	138.57534246575344	-4.371869816829232	459	3443	109	11.0	282.0	173.0	17	8.0	80.0	52.0	0	0	19.98504400253296	36800	11493.200572013855	30634	16.75543478260869	
-300019.92196240666	62.7625	10.180555555555555	212.23611111111111	131.77777777777777	-4.371869816829232	460	3451	116	13.0	314.0	192.0	10	8.0	100.0	64.0	0	0	22.989915370941162	36880	11516.190487384796	30700	16.757049891540134	
-337520.848278448	62.3375	9.917808219178083	220.31506849315068	136.2876712328767	-4.371869816829232	461	3458	102	12.0	282.0	173.0	24	8.0	109.0	70.0	0	0	23.854770183563232	36960	11540.04525756836	30768	16.753246753246756	
-262545.44762021303	63.2625	10.026666666666667	225.53333333333333	139.53333333333333	-4.371869816829232	462	3463	102	13.0	282.0	173.0	29	8.0	80.0	52.0	0	0	23.223056316375732	37040	11563.268313884735	30835	16.752159827213816	
-200018.94959320565	63.0	10.082191780821917	238.73972602739727	147.31506849315068	-4.371869816829232	463	3470	119	13.0	306.0	187.0	7	8.0	103.0	66.0	0	0	20.57735514640808	37120	11583.845669031143	30898	16.761853448275872	
-375020.722243386	64.35	10.055555555555555	215.625	133.43055555555554	-4.371869816829232	464	3478	163	13.0	282.0	173.0	12	8.0	80.0	52.0	0	0	19.342281103134155	37200	11603.187950134277	30960	16.77419354838709	
-250021.48560899735	62.9375	10.04054054054054	217.45945945945945	134.74324324324326	-4.371869816829232	465	3484	98	13.0	285.0	178.0	28	8.0	106.0	67.0	0	0	18.97217297554016	37280	11622.160123109818	31026	16.77575107296137	
-325017.0225033772	62.9625	9.93421052631579	215.9078947368421	133.67105263157896	-4.371869816829232	466	3488	96	12.0	288.0	178.0	30	8.0	98.0	63.0	0	0	19.203567028045654	37360	11641.363690137863	31097	16.763918629550318	
-350023.43197129446	62.825	10.101449275362318	218.14492753623188	135.08695652173913	-4.371869816829232	467	3499	123	14.0	301.0	182.0	3	8.0	111.0	72.0	0	0	19.45937442779541	37440	11660.823064565659	31158	16.778846153846146	
-287519.5144177946	62.9875	10.071428571428571	228.71428571428572	141.31428571428572	-4.371869816829232	468	3509	116	13.0	282.0	173.0	10	8.0	80.0	52.0	0	0	19.169769048690796	37520	11679.99283361435	31221	16.788379530916842	
-250028.17266403598	63.5	10.068493150684931	223.32876712328766	138.04109589041096	-4.371869816829232	469	3516	119	13.0	301.0	182.0	7	8.0	101.0	65.0	0	0	25.23523259162903	37600	11705.228066205978	31287	16.789893617021278	
-200019.59470568883	64.7625	10.118421052631579	231.55263157894737	143.1578947368421	-4.371869816829232	470	3520	106	14.0	282.0	173.0	20	8.0	108.0	70.0	0	0	22.73109531402588	37680	11727.959161520004	31357	16.7807855626327	
-262515.6776291918	64.275	10.026315789473685	228.3815789473684	141.3815789473684	-4.371869816829232	471	3524	122	12.0	282.0	173.0	4	9.0	108.0	70.0	0	0	22.25134253501892	37760	11750.210504055023	31428	16.769067796610173	
-225019.41812306474	63.575	10.0	228.27631578947367	141.07894736842104	-4.371869816829232	472	3528	111	13.0	282.0	173.0	15	9.0	126.0	81.0	0	0	23.59820556640625	37840	11773.80870962143	31499	16.75739957716702	
-337523.3757934677	63.5375	10.12	222.34666666666666	137.69333333333333	-4.371869816829232	473	3533	99	13.0	282.0	173.0	27	8.0	80.0	52.0	0	0	22.874629259109497	37920	11796.683338880539	31569	16.748417721518976	
-212529.70841412683	63.0	9.972222222222221	228.47222222222223	141.04166666666666	-4.371869816829232	474	3541	110	13.0	282.0	173.0	16	8.0	109.0	70.0	0	0	24.949968576431274	38000	11821.63330745697	31632	16.757894736842104	
-200024.9541038375	63.6125	10.08108108108108	233.94594594594594	144.54054054054055	-4.371869816829232	475	3547	117	14.0	306.0	187.0	9	8.0	82.0	53.0	0	0	22.48032236099243	38080	11844.113629817963	31700	16.754201680672267	
-275020.05520097306	63.4625	10.056338028169014	226.6338028169014	140.2394366197183	-4.371869816829232	476	3556	115	12.0	282.0	173.0	11	8.0	90.0	58.0	0	0	19.32460618019104	38160	11863.438235998154	31764	16.761006289308185	
-262525.4939087918	64.1375	9.945945945945946	221.36486486486487	137.14864864864865	-4.371869816829232	477	3562	102	12.0	282.0	173.0	28	8.0	90.0	58.0	0	0	19.100642919540405	38240	11882.538878917694	31831	16.759937238493734	
-287517.4487279638	64.45	9.922077922077921	211.45454545454547	131.03896103896105	-4.371869816829232	478	3565	119	13.0	282.0	173.0	7	8.0	80.0	52.0	0	0	22.145402669906616	38320	11904.6842815876	31902	16.748434237995824	
-275014.5829160468	63.0875	10.08108108108108	230.43243243243242	142.40540540540542	-4.371869816829232	479	3571	101	13.0	306.0	187.0	25	8.0	98.0	63.0	0	0	25.03058958053589	38400	11929.714871168137	31969	16.74739583333333	
-287520.9926262682	63.0	10.157894736842104	223.93421052631578	138.57894736842104	-4.371869816829232	480	3575	104	13.0	282.0	173.0	22	9.0	110.0	71.0	0	0	19.10000514984131	38480	11948.814876317978	32034	16.751559251559257	
-337510.39191623044	63.0	10.068493150684931	226.6986301369863	140.24657534246575	-4.371869816829232	481	3582	107	11.0	282.0	173.0	19	9.0	97.0	63.0	0	0	22.296900987625122	38560	11971.111777305603	32101	16.750518672199163	
-350018.48108045646	62.675	9.927536231884059	220.57971014492753	136.46376811594203	-4.371869816829232	482	3593	113	13.0	316.0	195.0	13	8.0	79.0	51.0	0	0	16.734830617904663	38640	11987.846607923508	32164	16.759834368530022	
-250030.39811383942	61.7625	10.16	220.61333333333334	136.70666666666668	-4.371869816829232	483	3598	123	13.0	304.0	188.0	3	9.0	109.0	70.0	0	0	15.004841327667236	38720	12002.851449251175	32235	16.74845041322314	
-275033.98633625486	63.525	10.185714285714285	230.4857142857143	142.4	-4.371869816829232	484	3608	123	16.0	282.0	173.0	8	9.0	101.0	65.0	0	0	19.557952880859375	38800	12022.409402132034	32298	16.75773195876289	
-237526.4334263585	62.75	10.070422535211268	234.56338028169014	144.61971830985917	-4.371869816829232	485	3617	123	14.0	287.0	177.0	1	8.0	108.0	70.0	0	0	20.525717973709106	38880	12042.935120105743	32361	16.766975308641975	
-362514.7610151201	61.05	10.028571428571428	223.28571428571428	137.84285714285716	-4.371869816829232	486	3627	109	12.0	282.0	173.0	7	8.0	94.0	61.0	0	0	23.949055910110474	38960	12066.884176015854	32424	16.77618069815196	
-275019.09338958544	62.825	10.095890410958905	238.76712328767124	147.24657534246575	-4.371869816829232	487	3634	110	12.0	286.0	174.0	16	9.0	138.0	86.0	0	0	26.84938359260559	39040	12093.73355960846	32489	16.780225409836063	
-300024.32014239405	61.9875	10.067567567567568	236.9189189189189	146.16216216216216	-4.371869816829232	488	3640	122	12.0	286.0	174.0	4	10.0	119.0	77.0	0	0	27.58260440826416	39120	12121.316164016724	32557	16.776584867075655	
-250021.18336685677	62.025	10.026315789473685	230.18421052631578	142.14473684210526	-4.371869816829232	489	3644	114	12.0	354.0	215.0	12	8.0	95.0	61.0	0	0	22.902658462524414	39200	12144.218822479248	32626	16.7704081632653	
-287517.62432581803	60.6625	10.123287671232877	234.56164383561645	144.5068493150685	-4.371869816829232	490	3651	110	13.0	408.0	245.0	16	9.0	114.0	73.0	0	0	24.036370992660522	39280	12168.255193471909	32690	16.776985743380862	
-250021.0894482156	60.725	10.051282051282051	226.33333333333334	139.82051282051282	-4.371869816829232	491	3653	94	14.0	282.0	173.0	32	8.0	95.0	61.0	0	0	29.51431131362915	39360	12197.769504785538	32760	16.768292682926827	
-262545.7783051681	62.0625	10.013698630136986	214.1095890410959	132.36986301369862	-4.371869816829232	492	3660	125	12.0	282.0	173.0	1	8.0	102.0	66.0	0	0	21.74207067489624	39440	12219.511575460434	32825	16.772312373225148	
-275028.0954108271	62.2125	10.04054054054054	223.05405405405406	137.85135135135135	-4.371869816829232	493	3666	124	12.0	282.0	173.0	2	8.0	101.0	65.0	0	0	22.985419988632202	39520	12242.496995449066	32892	16.771255060728734	
-200027.63724945177	62.5125	10.297297297297296	237.94594594594594	146.90540540540542	-4.371869816829232	494	3672	113	14.0	306.0	187.0	13	8.0	102.0	66.0	0	0	25.311327934265137	39600	12267.808323383331	32960	16.76767676767676	
-212538.61792432115	63.5625	9.936708860759493	218.22784810126583	135.0253164556962	-4.371869816829232	495	3673	113	12.0	282.0	173.0	13	8.0	95.0	61.0	0	0	22.778292179107666	39680	12290.586615562439	33032	16.754032258064512	
-325018.9052896657	61.1625	10.056338028169014	208.81690140845072	129.50704225352112	-4.371869816829232	496	3682	118	13.0	282.0	173.0	8	8.0	102.0	66.0	0	0	20.835837841033936	39760	12311.422453403473	33097	16.758048289738426	
-300027.9908191448	64.375	10.381578947368421	231.17105263157896	142.9078947368421	-4.371869816829232	497	3686	118	14.0	377.0	230.0	27	9.0	108.0	70.0	0	0	22.80763339996338	39840	12334.230086803436	33165	16.75451807228916	
-250017.87067308006	63.0625	10.301369863013699	236.65753424657535	146.21917808219177	-4.371869816829232	498	3693	120	15.0	364.0	221.0	6	9.0	99.0	64.0	0	0	21.85197114944458	39920	12356.08205795288	33228	16.763527054108224	
-312537.79364054365	63.5375	10.055555555555555	210.47222222222223	130.59722222222223	-4.371869816829232	499	3701	115	13.0	354.0	215.0	28	9.0	102.0	66.0	0	0	24.884605646133423	40000	12380.966663599014	33295	16.762500000000003	
-325025.6961836	59.85	10.117647058823529	215.02941176470588	132.89705882352942	-4.371869816829232	500	3713	118	15.0	294.0	178.0	8	8.0	103.0	66.0	0	0	18.933985710144043	40080	12399.900649309158	33357	16.773952095808383	
-250017.9546343203	60.075	10.04225352112676	228.70422535211267	141.33802816901408	-4.371869816829232	501	3722	122	14.0	282.0	173.0	4	8.0	109.0	70.0	0	0	19.75583291053772	40160	12419.656482219696	33421	16.78037848605578	
-325025.7808186109	61.9875	9.930555555555555	221.80555555555554	137.375	-4.371869816829232	502	3730	111	13.0	282.0	173.0	15	8.0	80.0	52.0	0	0	20.817538022994995	40240	12440.474020242691	33483	16.791749502982114	
-287519.49568085896	64.75	10.068493150684931	212.6164383561644	131.95890410958904	-4.371869816829232	503	3737	107	13.0	306.0	187.0	19	8.0	80.0	52.0	0	0	20.798304080963135	40320	12461.272324323654	33552	16.785714285714278	
-312516.04088314215	63.475	10.069444444444445	231.29166666666666	143.0	-4.371869816829232	504	3745	133	13.0	282.0	173.0	12	9.0	102.0	66.0	0	0	21.42732334136963	40400	12482.699647665024	33618	16.787128712871294	
-287521.66536274704	62.8875	10.257142857142858	232.17142857142858	143.77142857142857	-4.371869816829232	505	3755	124	13.0	306.0	187.0	2	8.0	87.0	56.0	0	0	19.901379823684692	40480	12502.601027488708	33681	16.795948616600782	
-237522.854815447	61.925	10.133333333333333	225.30666666666667	139.6	-4.371869816829232	506	3760	105	14.0	346.0	216.0	21	8.0	114.0	72.0	0	0	22.32540225982666	40560	12524.926429748535	33750	16.789940828402365	
-250015.77307818923	63.9375	10.041666666666666	229.84722222222223	142.08333333333334	-4.371869816829232	507	3768	123	11.0	282.0	173.0	17	9.0	108.0	70.0	0	0	20.759810209274292	40640	12545.68623995781	33812	16.801181102362207	
-225019.747002305	66.0	10.04	230.16	142.33333333333334	-4.371869816829232	508	3773	156	12.0	306.0	187.0	10	8.0	110.0	71.0	0	0	29.361988067626953	40720	12575.048228025436	33880	16.797642436149303	
-325017.9832727115	74.2875	10.181818181818182	229.75324675324674	142.03896103896105	-4.371869816829232	509	3776	193	13.0	282.0	177.0	2	9.0	121.0	78.0	0	0	27.69262981414795	40800	12602.740857839584	33952	16.784313725490193	
-400021.877516688	75.9125	10.18840579710145	217.95652173913044	135.14492753623188	-4.371869816829232	510	3787	187	14.0	359.0	226.0	21	8.0	90.0	58.0	0	0	22.431973457336426	40880	12625.17283129692	34017	16.788160469667318	
-250026.6778522754	70.7	10.32	237.85333333333332	146.73333333333332	-4.371869816829232	511	3792	187	14.0	343.0	214.0	5	9.0	108.0	70.0	0	0	27.080322265625	40960	12652.253153562546	34088	16.77734375	
-250028.29826649645	66.1	10.093333333333334	244.25333333333333	150.72	-4.371869816829232	512	3797	187	13.0	424.0	260.0	12	9.0	101.0	65.0	0	0	22.368391752243042	41040	12674.621545314789	34156	16.773879142300203	
-287520.58382120973	63.0	10.052631578947368	226.5921052631579	140.28947368421052	-4.371869816829232	513	3801	94	15.0	374.0	235.0	32	8.0	80.0	52.0	0	0	23.945103645324707	41120	12698.566648960114	34227	16.763132295719842	
-300031.5950323675	63.0	10.17142857142857	223.28571428571428	138.38571428571427	-4.371869816829232	514	3811	116	13.0	282.0	173.0	10	9.0	102.0	66.0	0	0	15.6076021194458	41200	12714.17425107956	34290	16.771844660194176	
-337512.9906791813	62.4375	10.14864864864865	219.67567567567568	136.2972972972973	-4.371869816829232	515	3817	106	13.0	331.0	203.0	20	8.0	98.0	63.0	0	0	17.927502870559692	41280	12732.101753950119	34357	16.77083333333333	
-337524.39454737294	62.6375	10.01388888888889	231.69444444444446	143.22222222222223	-4.371869816829232	516	3825	91	12.0	282.0	173.0	35	8.0	80.0	52.0	0	0	21.97991967201233	41360	12754.081673622131	34420	16.779497098646033	
-312515.448633132	62.8125	9.868421052631579	224.81578947368422	139.01315789473685	-4.371869816829232	517	3829	115	11.0	302.0	186.0	11	8.0	103.0	66.0	0	0	26.651429653167725	41440	12780.733103275299	34490	16.77123552123551	
-300016.4993883984	63.0	10.04109589041096	237.4794520547945	146.58904109589042	-4.371869816829232	518	3836	102	13.0	289.0	178.0	24	8.0	115.0	73.0	0	0	21.468440532684326	41520	12802.201543807983	34556	16.772639691714843	
-237517.9053013681	62.35	10.10958904109589	235.8082191780822	145.72602739726028	-4.371869816829232	519	3843	99	12.0	282.0	173.0	27	8.0	118.0	76.0	0	0	19.889766216278076	41600	12822.091310024261	34624	16.769230769230774	
-262519.95298885845	63.1	10.04	236.8	146.25333333333333	-4.371869816829232	520	3848	115	12.0	306.0	187.0	11	8.0	111.0	72.0	0	0	26.20147728919983	41680	12848.292787313461	34694	16.761036468330133	
-250016.7946323032	63.0	10.108108108108109	224.97297297297297	139.14864864864865	-4.371869816829232	521	3854	120	13.0	306.0	187.0	6	8.0	103.0	66.0	0	0	21.91938805580139	41760	12870.212175369263	34762	16.75766283524905	
-312517.91705426585	63.2375	10.23943661971831	224.81690140845072	138.91549295774647	-4.371869816829232	522	3863	110	14.0	282.0	173.0	16	8.0	94.0	61.0	0	0	27.67022943496704	41840	12897.88240480423	34827	16.76147227533461	
-187527.69294573055	63.0	10.232876712328768	218.21917808219177	135.16438356164383	-4.371869816829232	523	3870	123	13.0	306.0	187.0	3	8.0	90.0	58.0	0	0	20.78276562690735	41920	12918.665170431137	34894	16.760496183206115	
-300038.3054993869	62.0	10.068493150684931	221.2876712328767	136.6986301369863	-4.371869816829232	524	3877	116	13.0	319.0	192.0	10	8.0	85.0	55.0	0	0	24.29689359664917	42000	12942.962064027786	34962	16.757142857142853	
-187524.83119557286	62.625	10.108108108108109	237.7972972972973	146.77027027027026	-4.371869816829232	525	3883	122	13.0	282.0	173.0	4	8.0	109.0	70.0	0	0	21.02195715904236	42080	12963.984021186829	35027	16.76093155893537	
-300031.1391707406	63.0	10.162162162162161	228.66216216216216	141.35135135135135	-4.371869816829232	526	3889	111	13.0	301.0	182.0	15	9.0	110.0	71.0	0	0	22.46816062927246	42160	12986.452181816101	35095	16.757590132827332	
-250028.66025492508	62.65	10.14864864864865	240.82432432432432	148.82432432432432	-4.371869816829232	527	3895	97	13.0	284.0	178.0	22	8.0	95.0	61.0	0	0	24.101013898849487	42240	13010.55319571495	35165	16.749526515151516	
-287523.00667269994	62.9125	9.956521739130435	233.7826086956522	144.46376811594203	-4.371869816829232	528	3906	106	12.0	282.0	173.0	20	8.0	85.0	55.0	0	0	24.38207697868347	42320	13034.935272693634	35228	16.758034026465026	
-212535.3661064893	63.0	10.078947368421053	235.8815789473684	145.85526315789474	-4.371869816829232	529	3910	90	12.0	306.0	187.0	36	8.0	118.0	76.0	0	0	22.16489052772522	42400	13057.10016322136	35298	16.75	
-250016.0039389032	63.5875	9.98611111111111	230.27777777777777	142.41666666666666	-4.371869816829232	530	3918	121	11.0	282.0	173.0	5	8.0	80.0	52.0	0	0	21.75750207901001	42480	13078.85766530037	35363	16.75376647834274	
-300026.11918653164	63.0	9.921052631578947	223.26315789473685	138.17105263157896	-4.371869816829232	531	3922	90	12.0	306.0	187.0	36	8.0	102.0	66.0	0	0	17.420494079589844	42560	13096.27815937996	35431	16.750469924812023	
-237514.41353028733	63.0	10.078947368421053	242.05263157894737	149.39473684210526	-4.371869816829232	532	3926	85	15.0	422.0	256.0	41	9.0	111.0	72.0	0	0	30.444761037826538	42640	13126.722920417786	35499	16.747185741088174	
-287518.4153921247	62.5625	10.013157894736842	224.17105263157896	138.53947368421052	-4.371869816829232	533	3930	107	13.0	282.0	173.0	19	8.0	103.0	66.0	0	0	24.188983917236328	42720	13150.911904335022	35570	16.73689138576779	
-300021.0591069454	62.4375	10.150684931506849	230.94520547945206	142.7945205479452	-4.371869816829232	534	3937	123	14.0	330.0	206.0	3	8.0	80.0	52.0	0	0	21.620350122451782	42800	13172.532254457474	35637	16.735981308411212	
-212517.83274869746	63.625	10.232876712328768	233.12328767123287	143.95890410958904	-4.371869816829232	535	3944	108	13.0	324.0	197.0	24	8.0	128.0	83.0	0	0	23.17145085334778	42880	13195.703705310822	35701	16.74207089552239	
-362514.6150694267	63.35	10.140845070422536	222.50704225352112	137.8450704225352	-4.371869816829232	536	3953	119	14.0	292.0	179.0	7	8.0	93.0	60.0	0	0	17.460857629776	42960	13213.164562940598	35765	16.748137802607076	
-262521.41171952867	65.525	10.084507042253522	231.57746478873239	143.1267605633803	-4.371869816829232	537	3962	118	13.0	312.0	197.0	12	9.0	108.0	70.0	0	0	23.147226810455322	43040	13236.311789751053	35832	16.74721189591078	
-225026.45528274222	65.6875	10.136986301369863	222.87671232876713	137.78082191780823	-4.371869816829232	538	3969	125	13.0	282.0	173.0	15	8.0	103.0	66.0	0	0	18.30225110054016	43120	13254.614040851593	35898	16.748608534322813	
-237518.01387923132	63.8375	10.136986301369863	228.56164383561645	141.4931506849315	-4.371869816829232	539	3976	99	12.0	328.0	201.0	27	9.0	115.0	74.0	0	0	23.522216796875	43200	13278.136257648468	35964	16.75	
-287518.13779507566	63.0	10.083333333333334	229.56944444444446	142.04166666666666	-4.371869816829232	540	3984	122	12.0	282.0	173.0	4	9.0	102.0	66.0	0	0	19.9579815864563	43280	13298.094239234924	36030	16.75138632162661	
-400015.9991169963	63.3625	9.985507246376812	225.07246376811594	139.20289855072463	-4.371869816829232	541	3995	116	13.0	282.0	173.0	10	8.0	80.0	52.0	0	0	26.45224952697754	43360	13324.546488761902	36094	16.757380073800746	
-237524.51327583622	62.4875	10.025641025641026	227.01282051282053	140.6153846153846	-4.371869816829232	542	3997	107	14.0	282.0	173.0	19	8.0	108.0	70.0	0	0	26.72493290901184	43440	13351.271421670914	36167	16.742633517495392	
-325013.884338949	63.0	10.118421052631579	220.56578947368422	136.52631578947367	-4.371869816829232	543	4001	109	14.0	282.0	173.0	17	8.0	87.0	56.0	0	0	24.94277286529541	43520	13376.21419453621	36236	16.737132352941174	
-287517.574949125	63.0	9.931506849315069	216.8904109589041	134.35616438356163	-4.371869816829232	544	4008	122	12.0	282.0	173.0	4	8.0	114.0	72.0	0	0	19.506007432937622	43600	13395.720201969147	36303	16.736238532110093	
-225019.5723511362	63.0	10.10958904109589	225.35616438356163	139.53424657534248	-4.371869816829232	545	4015	101	14.0	282.0	173.0	25	8.0	80.0	52.0	0	0	18.980960845947266	43680	13414.701162815094	36369	16.737637362637358	
-250015.83709253557	62.3	10.25	225.69736842105263	139.71052631578948	-4.371869816829232	546	4019	124	14.0	301.0	184.0	2	8.0	109.0	70.0	0	0	17.786060333251953	43760	13432.487223148346	36439	16.729890310786118	
-312524.7181519393	62.65	9.944444444444445	218.38888888888889	135.11111111111111	-4.371869816829232	547	4027	124	11.0	282.0	173.0	2	8.0	80.0	52.0	0	0	19.880103588104248	43840	13452.36732673645	36504	16.733576642335763	
-250019.77769406428	63.0	10.027397260273972	221.1095890410959	136.78082191780823	-4.371869816829232	548	4034	114	12.0	282.0	173.0	12	8.0	109.0	70.0	0	0	20.474451065063477	43920	13472.841777801514	36570	16.73497267759562	
-300014.92337062536	64.0125	10.027397260273972	244.6164383561644	150.67123287671234	-4.371869816829232	549	4041	90	13.0	282.0	173.0	37	8.0	103.0	66.0	0	0	27.971237659454346	44000	13500.813015460968	36635	16.73863636363636	
-312528.7775643395	63.0	10.140845070422536	229.98591549295776	142.26760563380282	-4.371869816829232	550	4050	108	12.0	282.0	173.0	18	9.0	101.0	65.0	0	0	25.818740129470825	44080	13526.631755590439	36699	16.744555353901987	
-312525.8745558416	64.6125	10.178082191780822	233.67123287671234	144.3835616438356	-4.371869816829232	551	4057	126	14.0	306.0	187.0	15	8.0	103.0	66.0	0	0	22.08623504638672	44160	13548.717990636826	36764	16.74818840579711	
-300029.4132546989	63.35	10.125	236.11111111111111	145.86111111111111	-4.371869816829232	552	4065	116	11.0	306.0	187.0	10	9.0	120.0	77.0	0	0	24.180898904800415	44240	13572.898889541626	36831	16.747287522603983	
-200028.66345274108	63.0	10.066666666666666	227.16	140.37333333333333	-4.371869816829232	553	4070	97	13.0	301.0	182.0	29	8.0	80.0	52.0	0	0	22.239627599716187	44320	13595.138517141342	36899	16.744133574007222	
-187525.5581940419	63.0	10.026315789473685	237.06578947368422	146.23684210526315	-4.371869816829232	554	4074	63	12.0	306.0	187.0	63	8.0	80.0	52.0	0	0	25.415313959121704	44400	13620.553831100464	36965	16.745495495495504	
-312513.86605797417	63.0	10.013698630136986	218.64383561643837	135.3972602739726	-4.371869816829232	555	4081	117	14.0	306.0	187.0	9	8.0	103.0	66.0	0	0	21.257097005844116	44480	13641.810928106308	37033	16.74235611510791	
-300030.38460582943	63.0	10.106666666666667	216.42666666666668	134.21333333333334	-4.371869816829232	556	4086	96	13.0	283.0	175.0	30	8.0	102.0	66.0	0	0	16.97113609313965	44560	13658.782064199448	37102	16.736983842010773	
-275016.8012991354	63.25	10.098591549295774	230.3661971830986	142.40845070422534	-4.371869816829232	557	4095	105	13.0	306.0	187.0	21	8.0	101.0	65.0	0	0	18.98534393310547	44640	13677.767408132553	37167	16.740591397849457	
-262516.2874827065	63.25	10.095890410958905	231.73972602739727	143.26027397260273	-4.371869816829232	558	4102	102	12.0	282.0	173.0	24	9.0	121.0	77.0	0	0	19.852632522583008	44720	13697.620040655136	37236	16.735241502683365	
-287517.28973706125	62.8	10.342465753424657	235.986301369863	146.17808219178082	-4.371869816829232	559	4109	120	16.0	323.0	210.0	6	8.0	109.0	70.0	0	0	22.833876132965088	44800	13720.453916788101	37301	16.738839285714292	
-200029.26316722983	63.625	10.136986301369863	248.0958904109589	152.87671232876713	-4.371869816829232	560	4116	113	13.0	338.0	210.0	50	8.0	86.0	56.0	0	0	28.990232467651367	44880	13749.444149255753	37366	16.74242424242425	
-275019.5960918612	62.925	10.121621621621621	230.48648648648648	142.63513513513513	-4.371869816829232	561	4122	118	12.0	306.0	187.0	7	9.0	120.0	77.0	0	0	25.252883434295654	44960	13774.697032690048	37431	16.745996441281136	
-437510.17870848754	64.35	10.0	210.1549295774648	130.61971830985917	-4.371869816829232	562	4131	117	12.0	321.0	198.0	9	8.0	103.0	66.0	0	0	16.860509157180786	45040	13791.557541847229	37497	16.747335701598573	
-200017.1847854496	63.6	10.04	240.98666666666668	148.89333333333335	-4.371869816829232	563	4136	121	14.0	282.0	173.0	5	9.0	119.0	75.0	0	0	23.605713844299316	45120	13815.163255691528	37562	16.75088652482269	
-287524.7764583422	62.9875	10.152777777777779	230.09722222222223	142.22222222222223	-4.371869816829232	564	4144	119	12.0	282.0	173.0	7	9.0	116.0	73.0	0	0	26.779492378234863	45200	13841.942748069763	37629	16.75	
-262519.98672826035	63.5125	10.054054054054054	231.66216216216216	143.27027027027026	-4.371869816829232	565	4150	125	14.0	371.0	229.0	1	8.0	103.0	66.0	0	0	27.32864260673523	45280	13869.271390676498	37696	16.749116607773857	
-237523.86406760407	63.2625	10.013333333333334	231.73333333333332	143.30666666666667	-4.371869816829232	566	4155	104	13.0	301.0	182.0	33	8.0	109.0	70.0	0	0	19.259621620178223	45360	13888.531012296677	37766	16.74162257495591	
-237524.69322057627	63.0	10.133333333333333	232.14666666666668	143.34666666666666	-4.371869816829232	567	4160	114	15.0	308.0	187.0	12	8.0	101.0	65.0	0	0	18.856465339660645	45440	13907.387477636337	37831	16.745158450704224	
-325024.89185477066	63.0	10.0	225.1917808219178	139.46575342465752	-4.371869816829232	568	4167	112	11.0	282.0	173.0	14	8.0	80.0	52.0	0	0	19.171854257583618	45520	13926.55933189392	37898	16.744288224956065	
-237521.75532341687	63.0625	9.974025974025974	234.2077922077922	144.66233766233765	-4.371869816829232	569	4170	94	12.0	282.0	173.0	36	9.0	101.0	65.0	0	0	24.905920028686523	45600	13951.465251922607	37968	16.736842105263165	
-350021.4083629647	63.0	9.917808219178083	217.65753424657535	134.91780821917808	-4.371869816829232	570	4177	120	12.0	282.0	173.0	6	8.0	82.0	53.0	0	0	21.508403062820435	45680	13972.973654985428	38037	16.731611208406306	
-287520.82368918747	63.0	9.905405405405405	221.04054054054055	136.90540540540542	-4.371869816829232	571	4183	125	12.0	282.0	173.0	1	8.0	80.0	52.0	0	0	21.11745548248291	45760	13994.09111046791	38104	16.730769230769226	
-225019.8923071758	64.725	10.123287671232877	241.08219178082192	148.76712328767124	-4.371869816829232	572	4190	123	13.0	301.0	182.0	3	8.0	114.0	72.0	0	0	32.13780999183655	45840	14026.228920459747	38170	16.732111692844683	
-275019.18036802136	63.0	10.027397260273972	226.08219178082192	140.013698630137	-4.371869816829232	573	4197	116	13.0	290.0	182.0	10	8.0	103.0	66.0	0	0	20.46570873260498	45920	14046.694629192352	38237	16.731271777003485	
-237515.5858149465	63.0	10.067567567567568	228.16216216216216	141.1081081081081	-4.371869816829232	574	4203	121	12.0	282.0	173.0	5	8.0	110.0	71.0	0	0	24.477996110916138	46000	14071.172625303268	38306	16.72608695652174	
-262517.01673220034	63.0	9.946666666666667	227.30666666666667	140.42666666666668	-4.371869816829232	575	4208	120	12.0	282.0	173.0	6	8.0	82.0	53.0	0	0	26.02608633041382	46080	14097.198711633682	38376	16.71875	
-275037.91067542264	63.0375	10.106666666666667	226.48	140.22666666666666	-4.371869816829232	576	4213	107	12.0	282.0	173.0	19	8.0	101.0	65.0	0	0	21.501484632492065	46160	14118.700196266174	38444	16.715771230502597	
-275016.4853651357	64.2375	10.131578947368421	213.17105263157896	132.27631578947367	-4.371869816829232	577	4217	115	13.0	282.0	173.0	11	8.0	80.0	52.0	0	0	22.405184268951416	46240	14141.105380535126	38515	16.70631487889274	
-275016.2775758137	63.375	10.0	225.30263157894737	139.43421052631578	-4.371869816829232	578	4221	133	12.0	282.0	173.0	3	8.0	98.0	63.0	0	0	23.515101671218872	46320	14164.620482206345	38586	16.696891191709838	
-300033.44964179647	62.7625	10.071428571428571	225.65714285714284	139.4857142857143	-4.371869816829232	579	4231	117	13.0	301.0	182.0	9	8.0	109.0	70.0	0	0	17.132644653320312	46400	14181.753126859665	38650	16.702586206896555	
-312523.74120570626	62.9	10.180555555555555	237.83333333333334	147.01388888888889	-4.371869816829232	580	4239	125	13.0	306.0	187.0	1	9.0	111.0	72.0	0	0	21.087098598480225	46480	14202.840225458145	38715	16.706110154905346	
-312528.56932081736	64.3375	10.013698630136986	219.43835616438355	136.0958904109589	-4.371869816829232	581	4246	125	13.0	306.0	187.0	2	8.0	80.0	52.0	0	0	18.921083450317383	46560	14221.761308908463	38783	16.70317869415807	
-325030.0624927982	63.4	10.044117647058824	222.36764705882354	137.75	-4.371869816829232	582	4258	117	13.0	306.0	187.0	9	8.0	80.0	52.0	0	0	23.469427347183228	46640	14245.230736255646	38845	16.713121783876502	
-262544.7173954671	64.1	10.066666666666666	224.2	138.8	-4.371869816829232	583	4263	108	12.0	306.0	187.0	18	8.0	80.0	52.0	0	0	16.052937030792236	46720	14261.283673286438	38911	16.714469178082197	
-275017.31195148465	63.0	10.0	229.3013698630137	141.6986301369863	-4.371869816829232	584	4270	122	12.0	306.0	187.0	4	8.0	87.0	56.0	0	0	20.49793267250061	46800	14281.781605958939	38979	16.711538461538467	
-312514.3396869466	64.0375	10.135135135135135	221.8783783783784	137.27027027027026	-4.371869816829232	585	4276	119	13.0	282.0	173.0	7	9.0	109.0	70.0	0	0	19.897316932678223	46880	14301.678922891617	39046	16.710750853242317	
-337528.8082649101	66.5	10.04054054054054	229.6216216216216	142.16216216216216	-4.371869816829232	586	4282	119	12.0	343.0	213.0	17	9.0	101.0	65.0	0	0	19.055639266967773	46960	14320.734562158585	39112	16.712095400340715	
-287524.6836547298	64.05	10.2	233.0	144.37333333333333	-4.371869816829232	587	4287	125	13.0	343.0	213.0	1	8.0	98.0	63.0	0	0	24.22652316093445	47040	14344.961085319519	39181	16.70705782312926	
-312512.10749849415	63.3375	10.054794520547945	231.43835616438355	142.91780821917808	-4.371869816829232	588	4294	116	12.0	306.0	187.0	10	8.0	102.0	66.0	0	0	25.148040294647217	47120	14370.109125614166	39249	16.704159592529706	
-337509.26953425264	63.0	10.066666666666666	232.18666666666667	143.53333333333333	-4.371869816829232	589	4299	110	12.0	282.0	173.0	16	8.0	80.0	52.0	0	0	29.49279761314392	47200	14399.60192322731	39317	16.701271186440678	
-287518.6866682954	63.0	10.054054054054054	230.17567567567568	142.3783783783784	-4.371869816829232	590	4305	120	12.0	282.0	173.0	6	9.0	108.0	70.0	0	0	26.67036533355713	47280	14426.272288560867	39385	16.698392554991543	
-300018.0063591193	63.45	9.931506849315069	214.0	132.63013698630138	-4.371869816829232	591	4312	120	12.0	282.0	173.0	16	9.0	101.0	65.0	0	0	24.157287120819092	47360	14450.429575681686	39454	16.69341216216216	
-225023.431421604	63.3875	10.082191780821917	229.06849315068493	141.72602739726028	-4.371869816829232	592	4319	110	13.0	282.0	173.0	23	8.0	109.0	70.0	0	0	18.549633264541626	47440	14468.979208946228	39520	16.694772344013487	
-237522.8462186053	63.025	10.038461538461538	217.23076923076923	134.5897435897436	-4.371869816829232	593	4321	96	14.0	282.0	173.0	30	8.0	106.0	68.0	0	0	22.419522285461426	47520	14491.39873123169	39590	16.687710437710436	
-262521.7927723713	61.9	10.067567567567568	229.06756756756758	141.40540540540542	-4.371869816829232	594	4327	97	13.0	301.0	182.0	22	9.0	104.0	67.0	0	0	23.30343270301819	47600	14514.702163934708	39658	16.68487394957984	
-312523.62079133204	62.2625	10.067567567567568	227.04054054054055	140.2972972972973	-4.371869816829232	595	4333	122	13.0	306.0	187.0	4	8.0	102.0	66.0	0	0	21.22986340522766	47680	14535.932027339935	39725	16.68414429530202	
-275024.43400640227	61.4	9.941176470588236	217.05882352941177	134.4264705882353	-4.371869816829232	596	4345	119	12.0	306.0	187.0	7	8.0	102.0	66.0	0	0	19.258111715316772	47760	14555.190139055252	39785	16.698073701842546	
-225030.2214528257	62.475	10.04054054054054	228.52702702702703	141.35135135135135	-4.371869816829232	597	4351	108	12.0	282.0	173.0	18	8.0	110.0	71.0	0	0	19.79969048500061	47840	14574.989829540253	39852	16.697324414715723	
-287518.14605643146	62.475	9.917808219178083	229.5205479452055	141.87671232876713	-4.371869816829232	598	4358	117	12.0	306.0	187.0	9	8.0	85.0	55.0	0	0	24.81652307510376	47920	14599.806352615356	39918	16.69866444073456	
-275028.8486990958	65.1	10.123287671232877	220.94520547945206	136.7945205479452	-4.371869816829232	599	4365	129	13.0	282.0	173.0	9	9.0	109.0	70.0	0	0	23.7426278591156	48000	14623.548980474472	39985	16.69791666666667	
-375014.8960884657	63.0	10.208955223880597	226.0	139.91044776119404	-4.371869816829232	600	4378	115	13.0	282.0	173.0	11	8.0	96.0	62.0	0	0	22.964700937271118	48080	14646.513681411743	40045	16.71173044925125	
-300024.5629296672	62.1375	10.027397260273972	227.31506849315068	140.4794520547945	-4.371869816829232	601	4385	109	13.0	282.0	173.0	17	8.0	96.0	62.0	0	0	22.063168048858643	48160	14668.576849460602	40111	16.713039867109643	
-212537.85798513688	61.625	9.943661971830986	223.61971830985917	138.30985915492957	-4.371869816829232	602	4394	125	12.0	282.0	173.0	1	8.0	96.0	62.0	0	0	16.685596466064453	48240	14685.262445926666	40175	16.71849087893864	
-337514.2949933338	66.3125	10.056338028169014	223.85915492957747	138.71830985915494	-4.371869816829232	603	4403	176	12.0	282.0	173.0	3	8.0	112.0	72.0	0	0	21.40891695022583	48320	14706.671362876892	40240	16.72185430463577	
-250020.1003720643	66.225	10.171052631578947	236.57894736842104	146.42105263157896	-4.371869816829232	604	4407	116	14.0	305.0	189.0	44	9.0	126.0	81.0	0	0	23.259358406066895	48400	14729.930721282959	40308	16.719008264462815	
-300016.6628556556	63.425	10.08108108108108	214.1216216216216	132.8918918918919	-4.371869816829232	605	4413	123	13.0	282.0	173.0	3	8.0	102.0	66.0	0	0	22.111494302749634	48480	14752.042215585709	40376	16.716171617161706	
-275027.4925023069	63.4125	10.094594594594595	237.01351351351352	146.4189189189189	-4.371869816829232	606	4419	121	13.0	282.0	173.0	5	8.0	80.0	52.0	0	0	25.36232900619507	48560	14777.404544591904	40442	16.717462932454694	
-237525.14556198317	62.8	10.041666666666666	225.54166666666666	139.58333333333334	-4.371869816829232	607	4427	115	13.0	282.0	173.0	11	9.0	118.0	76.0	0	0	19.630064487457275	48640	14797.034609079361	40507	16.72080592105263	
-225021.0484923316	63.0	10.06578947368421	228.92105263157896	141.60526315789474	-4.371869816829232	608	4431	111	12.0	282.0	173.0	15	9.0	109.0	70.0	0	0	24.071022748947144	48720	14821.105631828308	40576	16.715927750410515	
-312517.19630899525	63.0	10.093333333333334	223.85333333333332	138.33333333333334	-4.371869816829232	609	4436	121	12.0	290.0	182.0	5	9.0	111.0	70.0	0	0	26.53953194618225	48800	14847.64516377449	40644	16.713114754098356	
-250020.20043139177	63.0	10.013698630136986	236.73972602739727	146.17808219178082	-4.371869816829232	610	4443	110	12.0	282.0	173.0	16	8.0	93.0	60.0	0	0	24.18277406692505	48880	14871.827937841415	40711	16.71235679214402	
-212532.7922562686	63.0	10.026666666666667	240.70666666666668	148.46666666666667	-4.371869816829232	611	4448	98	13.0	282.0	173.0	19	8.0	86.0	56.0	0	0	24.74752712249756	48960	14896.575464963913	40781	16.705473856209153	
-300021.19538428	64.95	10.068493150684931	231.1917808219178	142.75342465753425	-4.371869816829232	612	4455	105	14.0	292.0	178.0	21	9.0	102.0	66.0	0	0	23.855874061584473	49040	14920.431339025497	40847	16.706769983686783	
-275017.4260359456	63.55	10.157142857142857	234.61428571428573	145.0142857142857	-4.371869816829232	613	4465	122	13.0	340.0	209.0	4	8.0	109.0	70.0	0	0	24.193573236465454	49120	14944.624912261963	40910	16.714169381107496	
-225019.74269326148	63.0	10.013333333333334	233.13333333333333	144.14666666666668	-4.371869816829232	614	4470	115	11.0	282.0	173.0	11	8.0	109.0	70.0	0	0	24.98231530189514	49200	14969.607227563858	40978	16.711382113821145	
-200018.07852938102	64.3	10.054054054054054	243.21621621621622	150.06756756756758	-4.371869816829232	615	4476	131	13.0	306.0	187.0	5	8.0	109.0	70.0	0	0	24.03757929801941	49280	14993.644806861877	41042	16.71672077922078	
-250014.981362411	63.0	10.041666666666666	238.98611111111111	147.45833333333334	-4.371869816829232	616	4484	119	12.0	282.0	173.0	7	9.0	108.0	70.0	0	0	26.231104135513306	49360	15019.87591099739	41109	16.71596434359806	
-350020.3251214552	63.4875	10.054054054054054	222.6891891891892	137.94594594594594	-4.371869816829232	617	4490	109	12.0	282.0	173.0	17	8.0	87.0	56.0	0	0	19.546586751937866	49440	15039.422497749329	41176	16.715210355987054	
-275014.54242480174	63.0	10.105263157894736	222.9078947368421	137.96052631578948	-4.371869816829232	618	4494	118	15.0	282.0	173.0	8	8.0	79.0	51.0	0	0	21.987680673599243	49520	15061.410178422928	41246	16.708400646203557	
-262531.97307161964	63.0	10.027777777777779	224.90277777777777	138.95833333333334	-4.371869816829232	619	4502	125	11.0	336.0	203.0	1	8.0	80.0	52.0	0	0	19.872410774230957	49600	15081.282589197159	41311	16.711693548387103	
-262518.4660656667	64.7625	10.093333333333334	228.54666666666665	141.2	-4.371869816829232	620	4507	125	13.0	329.0	205.0	12	8.0	110.0	71.0	0	0	22.609551906585693	49680	15103.892141103745	41382	16.70289855072464	
-312516.17578453745	63.1125	10.092105263157896	231.6315789473684	143.26315789473685	-4.371869816829232	621	4511	107	13.0	314.0	196.0	19	9.0	106.0	68.0	0	0	20.690109968185425	49760	15124.58225107193	41450	16.700160771704176	
-337511.742898824	63.85	10.095890410958905	235.36986301369862	145.31506849315068	-4.371869816829232	622	4518	124	14.0	283.0	174.0	2	8.0	114.0	72.0	0	0	21.213889837265015	49840	15145.796140909195	41517	16.699438202247194	
-275039.4615154899	63.6625	10.125	236.22222222222223	145.76388888888889	-4.371869816829232	623	4526	116	13.0	292.0	179.0	13	9.0	135.0	86.0	0	0	16.923240184783936	49920	15162.719381093979	41580	16.706730769230774	
-300021.3245395216	62.4375	9.972972972972974	224.04054054054055	138.7027027027027	-4.371869816829232	624	4532	103	13.0	282.0	173.0	23	8.0	79.0	51.0	0	0	18.977405548095703	50000	15181.696786642075	41645	16.710000000000008	
-287524.85313478374	62.8625	9.986486486486486	216.05405405405406	133.77027027027026	-4.371869816829232	625	4538	98	13.0	305.0	189.0	42	9.0	101.0	65.0	0	0	22.772287130355835	50080	15204.46907377243	41712	16.70926517571884	
-262517.2081075917	62.35	10.027397260273972	235.83561643835617	145.67123287671234	-4.371869816829232	626	4545	117	13.0	288.0	177.0	9	8.0	98.0	63.0	0	0	23.970988035202026	50160	15228.440061807632	41776	16.71451355661881	
-225036.09424211108	63.0	10.067567567567568	240.97297297297297	148.8783783783784	-4.371869816829232	627	4551	110	15.0	306.0	187.0	16	9.0	110.0	71.0	0	0	25.215993404388428	50240	15253.65605521202	41843	16.71377388535032	
-337522.6360758314	63.0	10.0	227.3	140.75714285714287	-4.371869816829232	628	4561	109	12.0	282.0	173.0	17	8.0	103.0	66.0	0	0	15.973577976226807	50320	15269.629633188248	41904	16.72496025437202	
-237522.18634331287	63.0	10.0	229.15584415584416	141.7792207792208	-4.371869816829232	629	4564	125	11.0	282.0	173.0	1	8.0	90.0	58.0	0	0	19.75894832611084	50400	15289.388581514359	41968	16.730158730158735	
-287519.61015474825	62.9125	10.027777777777779	220.15277777777777	136.29166666666666	-4.371869816829232	630	4572	103	13.0	282.0	173.0	23	8.0	95.0	61.0	0	0	14.22143840789795	50480	15303.610019922256	42028	16.74326465927099	
-325021.4821695288	63.0	10.128571428571428	229.34285714285716	141.95714285714286	-4.371869816829232	631	4582	125	14.0	292.0	184.0	9	8.0	122.0	77.0	0	0	23.094051361083984	50560	15326.70407128334	42093	16.746439873417714	
-325020.1468386414	63.0	10.098591549295774	228.40845070422534	141.1267605633803	-4.371869816829232	632	4591	78	13.0	304.0	187.0	48	8.0	87.0	56.0	0	0	19.799035787582397	50640	15346.503107070923	42156	16.753554502369667	
-237524.2427986899	63.025	9.96	231.88	143.16	-4.371869816829232	633	4596	95	14.0	282.0	173.0	31	8.0	87.0	56.0	0	0	18.952324628829956	50720	15365.455431699753	42224	16.750788643533127	
-325022.58068696	62.7	10.112676056338028	227.94366197183098	140.95774647887325	-4.371869816829232	634	4605	109	13.0	293.0	177.0	17	8.0	108.0	70.0	0	0	21.386273860931396	50800	15386.841705560684	42288	16.755905511811022	
-312518.5734740785	62.7	10.054794520547945	218.4931506849315	135.27397260273972	-4.371869816829232	635	4612	101	12.0	282.0	173.0	25	9.0	114.0	72.0	0	0	18.99096441268921	50880	15405.832669973373	42354	16.757075471698116	
-262524.276364386	62.725	9.901408450704226	235.66197183098592	145.54929577464787	-4.371869816829232	636	4621	115	12.0	282.0	173.0	11	8.0	80.0	52.0	0	0	22.175875425338745	50960	15428.008545398712	42415	16.76805337519623	
-237523.96240873839	64.6125	10.150684931506849	235.7123287671233	145.42465753424656	-4.371869816829232	637	4628	112	13.0	306.0	187.0	33	8.0	108.0	70.0	0	0	25.854554653167725	51040	15453.86310005188	42481	16.769200626959247	
-237516.47907174387	63.5	10.054794520547945	232.08219178082192	143.35616438356163	-4.371869816829232	638	4635	120	13.0	282.0	173.0	6	8.0	112.0	72.0	0	0	25.139241218566895	51120	15479.002341270447	42549	16.766431924882625	
-200020.41518011567	62.3	10.197368421052632	233.44736842105263	144.35526315789474	-4.371869816829232	639	4639	114	14.0	282.0	173.0	12	8.0	92.0	59.0	0	0	19.279337644577026	51200	15498.281678915024	42617	16.763671875	
-275020.65334246727	63.0	10.0	222.48611111111111	137.80555555555554	-4.371869816829232	640	4647	116	12.0	282.0	173.0	10	8.0	102.0	66.0	0	0	16.416213512420654	51280	15514.697892427444	42682	16.76677067082683	
-212530.79609012572	63.075	10.11111111111111	232.34722222222223	143.80555555555554	-4.371869816829232	641	4655	117	12.0	282.0	173.0	9	8.0	108.0	70.0	0	0	16.769580602645874	51360	15531.46747303009	42748	16.767912772585674	
-262527.2723243272	62.675	10.078947368421053	223.05263157894737	138.0	-4.371869816829232	642	4659	112	12.0	282.0	173.0	14	8.0	108.0	70.0	0	0	17.87663459777832	51440	15549.344107627869	42813	16.77099533437014	
-287514.25699455023	63.0	10.175675675675675	226.35135135135135	140.02702702702703	-4.371869816829232	643	4665	94	13.0	282.0	173.0	32	9.0	111.0	72.0	0	0	20.238959312438965	51520	15569.583066940308	42881	16.7682453416149	
-212519.06783658647	63.0	9.972972972972974	234.98648648648648	145.1081081081081	-4.371869816829232	644	4671	116	12.0	354.0	215.0	10	9.0	90.0	58.0	0	0	18.702966690063477	51600	15588.286033630371	42948	16.767441860465112	
-225020.3555477576	62.825	10.153846153846153	229.7051282051282	142.03846153846155	-4.371869816829232	645	4673	99	13.0	306.0	187.0	27	9.0	110.0	71.0	0	0	19.909223318099976	51680	15608.195256948471	43018	16.76083591331269	
-287517.4073397941	62.125	9.98611111111111	231.88888888888889	143.38888888888889	-4.371869816829232	646	4681	116	12.0	282.0	173.0	10	8.0	98.0	63.0	0	0	17.546915292739868	51760	15625.742172241211	43081	16.7677743431221	
-312523.88256322243	62.475	9.972222222222221	224.93055555555554	139.43055555555554	-4.371869816829232	647	4689	103	12.0	320.0	197.0	23	8.0	80.0	52.0	0	0	17.258208513259888	51840	15643.00038075447	43143	16.776620370370367	
-150022.1777463859	63.0	10.051282051282051	233.39743589743588	144.05128205128204	-4.371869816829232	648	4691	92	12.0	282.0	173.0	34	8.0	98.0	63.0	0	0	19.773569345474243	51920	15662.773950099945	43209	16.777734976887515	
-187532.22790540854	62.85	10.014084507042254	233.5211267605634	144.18309859154928	-4.371869816829232	649	4700	116	12.0	287.0	176.0	10	8.0	80.0	52.0	0	0	18.944741249084473	52000	15681.71869134903	43270	16.788461538461547	
-275018.78281725384	64.6125	10.082191780821917	220.16438356164383	136.41095890410958	-4.371869816829232	650	4707	108	13.0	282.0	173.0	18	8.0	102.0	66.0	0	0	18.884981393814087	52080	15700.603672742844	43338	16.785714285714278	
-262524.43580988684	64.075	9.821917808219178	213.32876712328766	132.32876712328766	-4.371869816829232	651	4714	108	12.0	282.0	173.0	29	8.0	80.0	52.0	0	0	21.052882194519043	52160	15721.656554937363	43407	16.78105828220859	
-262525.8296204674	64.025	10.041666666666666	226.05555555555554	139.76388888888889	-4.371869816829232	652	4722	125	12.0	283.0	173.0	9	7.0	90.0	58.0	0	0	24.6878559589386	52240	15746.344410896301	43473	16.78215926493108	
-262519.9163123303	63.675	9.828947368421053	215.8815789473684	133.8421052631579	-4.371869816829232	653	4726	125	11.0	282.0	173.0	1	8.0	108.0	70.0	0	0	27.878764390945435	52320	15774.223175287247	43544	16.773700305810408	
-250040.36229861813	63.775	10.121621621621621	220.7972972972973	136.85135135135135	-4.371869816829232	654	4732	119	12.0	307.0	190.0	7	9.0	109.0	70.0	0	0	21.57994842529297	52400	15795.80312371254	43613	16.769083969465655	
-250019.5758645054	67.075	10.051948051948052	227.23376623376623	140.4805194805195	-4.371869816829232	655	4735	154	13.0	282.0	173.0	3	8.0	92.0	59.0	0	0	23.374059438705444	52480	15819.177183151245	43682	16.764481707317074	
-350013.1871343244	65.2	9.916666666666666	219.875	135.97222222222223	-4.371869816829232	656	4743	113	11.0	306.0	187.0	13	8.0	85.0	55.0	0	0	19.621880769729614	52560	15838.799063920975	43747	16.76750380517504	
-325019.57063868595	63.0	10.042857142857143	227.7	140.7	-4.371869816829232	657	4753	124	13.0	292.0	178.0	2	8.0	109.0	70.0	0	0	17.5035297870636	52640	15856.302593708038	43810	16.7743161094225	
-212524.74608149246	63.0	10.135135135135135	230.21621621621622	142.40540540540542	-4.371869816829232	658	4759	124	14.0	282.0	173.0	25	8.0	80.0	52.0	0	0	21.337183713912964	52720	15877.639777421951	43878	16.771623672230646	
-337517.7374386524	62.3875	10.030303030303031	238.92424242424244	147.37878787878788	-4.371869816829232	659	4773	113	14.0	383.0	229.0	13	9.0	101.0	65.0	0	0	26.8236563205719	52800	15904.463433742523	43937	16.785984848484844	
-237531.59118275438	63.2625	10.136986301369863	232.16438356164383	143.46575342465752	-4.371869816829232	660	4780	122	13.0	306.0	187.0	4	9.0	138.0	87.0	0	0	17.23876142501831	52880	15921.702195167542	44003	16.787065052950084	
-400012.8667800447	63.6375	10.159420289855072	225.9855072463768	139.768115942029	-4.371869816829232	661	4791	114	20.0	307.0	192.0	13	8.0	82.0	53.0	0	0	19.380497455596924	52960	15941.082692623138	44063	16.799471299093653	
-237547.43986589267	62.7125	10.108108108108109	231.47297297297297	143.01351351351352	-4.371869816829232	662	4797	124	13.0	282.0	173.0	2	8.0	102.0	66.0	0	0	20.56503653526306	53040	15961.647729158401	44128	16.802413273001505	
-225021.38676835605	62.7125	10.108108108108109	235.35135135135135	145.3918918918919	-4.371869816829232	663	4803	120	13.0	306.0	187.0	6	8.0	80.0	52.0	0	0	21.260205507278442	53120	15982.90793466568	44195	16.801581325301214	
-275020.73813164624	63.0	10.287671232876713	253.16438356164383	155.7945205479452	-4.371869816829232	664	4810	123	15.0	364.0	220.0	3	8.0	87.0	56.0	0	0	26.323099613189697	53200	16009.23103427887	44263	16.798872180451127	
-337524.9433731074	63.0	10.23611111111111	229.72222222222223	142.06944444444446	-4.371869816829232	665	4818	108	13.0	306.0	185.0	18	8.0	82.0	53.0	0	0	21.915331840515137	53280	16031.146366119385	44330	16.79804804804806	
-212531.01009475277	63.525	10.135135135135135	233.54054054054055	144.21621621621622	-4.371869816829232	666	4824	116	16.0	339.0	210.0	10	9.0	101.0	65.0	0	0	26.14113211631775	53360	16057.287498235703	44399	16.793478260869563	
-350030.2095856986	62.7625	9.931506849315069	222.27397260273972	137.46575342465752	-4.371869816829232	667	4831	123	12.0	306.0	187.0	3	9.0	102.0	66.0	0	0	19.43074131011963	53440	16076.718239545822	44466	16.79266467065868	
-250023.15659663902	63.6375	10.03896103896104	223.63636363636363	138.44155844155844	-4.371869816829232	668	4834	110	15.0	282.0	173.0	16	9.0	109.0	70.0	0	0	23.116316080093384	53520	16099.834555625916	44536	16.786248131539622	
-212525.19208779893	63.0875	10.0	225.28571428571428	139.27272727272728	-4.371869816829232	669	4837	106	11.0	282.0	173.0	20	8.0	85.0	55.0	0	0	19.522313117980957	53600	16119.356868743896	44603	16.78544776119402	
-312521.86477280164	65.15	10.291666666666666	232.01388888888889	143.58333333333334	-4.371869816829232	670	4845	106	14.0	301.0	182.0	25	9.0	129.0	83.0	0	0	23.159051179885864	53680	16142.515919923782	44668	16.788375558867358	
-250020.45037441928	64.15	10.394736842105264	229.94736842105263	142.43421052631578	-4.371869816829232	671	4849	106	13.0	306.0	187.0	29	9.0	109.0	70.0	0	0	19.967308282852173	53760	16162.483228206635	44739	16.78013392857143	
-300023.3161213767	63.0	10.13888888888889	230.95833333333334	142.79166666666666	-4.371869816829232	672	4857	124	14.0	311.0	193.0	2	9.0	119.0	77.0	0	0	18.29378914833069	53840	16180.777017354965	44802	16.786775631500745	
-275021.707738446	63.7625	10.169014084507042	228.09859154929578	141.07042253521126	-4.371869816829232	673	4866	124	12.0	324.0	197.0	47	9.0	108.0	70.0	0	0	24.825077295303345	53920	16205.602094650269	44867	16.789688427299694	
-300024.40853811	63.075	9.942028985507246	227.59420289855072	140.6086956521739	-4.371869816829232	674	4877	121	11.0	282.0	173.0	5	8.0	102.0	66.0	0	0	18.79434323310852	54000	16224.396437883377	44930	16.796296296296305	
-300015.36378967814	62.9	10.083333333333334	225.90277777777777	139.68055555555554	-4.371869816829232	675	4885	120	12.0	306.0	187.0	6	9.0	103.0	67.0	0	0	20.954018354415894	54080	16245.350456237793	44993	16.802884615384613	
-375016.4943480212	63.325	10.385714285714286	232.5857142857143	143.85714285714286	-4.371869816829232	676	4895	117	15.0	322.0	198.0	9	9.0	118.0	76.0	0	0	24.14172387123108	54160	16269.492180109024	45055	16.81129985228951	
-212525.87911424058	63.1875	10.186666666666667	221.4	137.30666666666667	-4.371869816829232	677	4900	97	14.0	320.0	201.0	29	8.0	94.0	61.0	0	0	20.506343364715576	54240	16289.99852347374	45124	16.806784660766965	
-225022.1384673364	63.7625	9.974358974358974	226.15384615384616	139.78205128205127	-4.371869816829232	678	4902	123	12.0	282.0	173.0	3	8.0	102.0	66.0	0	0	20.269392251968384	54320	16310.267915725708	45194	16.80044182621502	
-250027.59908465343	66.35	10.180555555555555	232.69444444444446	143.72222222222223	-4.371869816829232	679	4910	142	16.0	301.0	182.0	2	8.0	103.0	66.0	0	0	18.48187279701233	54400	16328.74978852272	45255	16.810661764705884	
-312513.3476188028	62.775	10.026666666666667	230.49333333333334	142.48	-4.371869816829232	680	4915	117	14.0	426.0	261.0	9	8.0	111.0	72.0	0	0	15.310092449188232	54480	16344.059880971909	45319	16.815345080763592	
-262523.9244048047	63.075	10.012987012987013	237.15584415584416	146.41558441558442	-4.371869816829232	681	4918	121	13.0	309.0	187.0	5	9.0	109.0	70.0	0	0	22.905625104904175	54560	16366.965506076813	45386	16.814516129032256	
-237514.99162974308	63.0	10.068493150684931	225.986301369863	139.83561643835617	-4.371869816829232	682	4925	122	12.0	282.0	173.0	4	8.0	103.0	66.0	0	0	21.59746217727661	54640	16388.56296825409	45453	16.81368960468521	
-262527.5172637018	63.0	10.11111111111111	233.26388888888889	143.95833333333334	-4.371869816829232	683	4933	117	14.0	306.0	187.0	9	8.0	80.0	52.0	0	0	19.719835996627808	54720	16408.282804250717	45518	16.816520467836256	
-137524.58825705928	63.775	10.026666666666667	232.37333333333333	143.44	-4.371869816829232	684	4938	100	12.0	282.0	173.0	26	8.0	98.0	63.0	0	0	17.761352062225342	54800	16426.044156312943	45587	16.81204379562044	
-300029.00113391515	63.0	10.136986301369863	224.013698630137	138.75342465753425	-4.371869816829232	685	4945	117	13.0	301.0	182.0	9	8.0	102.0	66.0	0	0	18.95684242248535	54880	16445.000998735428	45653	16.813046647230323	
-362518.481282588	63.0	10.013333333333334	209.12	129.74666666666667	-4.371869816829232	686	4950	110	12.0	282.0	173.0	16	8.0	85.0	55.0	0	0	17.537429094314575	54960	16462.538427829742	45719	16.814046579330423	
-300021.10254203837	63.0	10.069444444444445	229.26388888888889	141.77777777777777	-4.371869816829232	687	4958	116	14.0	282.0	175.0	10	9.0	101.0	65.0	0	0	19.74637508392334	55040	16482.284802913666	45784	16.816860465116278	
-262521.5738950182	65.0	10.162162162162161	225.36486486486487	139.51351351351352	-4.371869816829232	688	4964	116	15.0	315.0	197.0	10	9.0	109.0	70.0	0	0	18.387213706970215	55120	16500.672016620636	45852	16.814223512336724	
-212537.1054858556	63.0	10.0	238.02777777777777	146.93055555555554	-4.371869816829232	689	4972	112	12.0	306.0	187.0	14	8.0	80.0	52.0	0	0	18.699552297592163	55200	16519.371568918228	45917	16.81702898550725	
-250019.98212413298	63.0	10.066666666666666	225.54666666666665	139.66666666666666	-4.371869816829232	690	4977	104	14.0	306.0	187.0	22	8.0	91.0	59.0	0	0	21.70612406730652	55280	16541.077692985535	45983	16.818017366136047	
-287521.7264380743	62.0	9.944444444444445	221.01388888888889	137.04166666666666	-4.371869816829232	691	4985	115	13.0	282.0	173.0	11	8.0	80.0	52.0	0	0	22.531792163848877	55360	16563.609485149384	46049	16.819002890173408	
-325020.2078118387	61.75	9.972972972972974	215.06756756756758	133.32432432432432	-4.371869816829232	692	4991	105	12.0	306.0	187.0	21	8.0	98.0	63.0	0	0	19.747180700302124	55440	16583.356665849686	46115	16.819985569985576	
-212523.0663393442	61.45	10.066666666666666	224.49333333333334	139.04	-4.371869816829232	693	4996	103	13.0	306.0	187.0	23	8.0	98.0	63.0	0	0	18.82321524620056	55520	16602.179881095886	46183	16.81736311239193	
-212520.27071174094	62.0125	10.066666666666666	225.30666666666667	139.36	-4.371869816829232	694	5001	122	12.0	282.0	173.0	4	8.0	80.0	52.0	0	0	22.65570569038391	55600	16624.83558678627	46250	16.816546762589923	
-287516.88093232026	63.7375	10.027027027027026	227.2972972972973	140.51351351351352	-4.371869816829232	695	5007	141	12.0	282.0	173.0	18	8.0	109.0	70.0	0	0	21.553993701934814	55680	16646.389580488205	46317	16.815732758620697	
-325022.5172399172	63.475	10.306666666666667	219.8	136.30666666666667	-4.371869816829232	696	5012	122	12.0	282.0	173.0	4	10.0	135.0	84.0	0	0	18.83914303779602	55760	16665.228723526	46385	16.81312769010043	
-325015.1988166814	61.925	10.042857142857143	217.31428571428572	134.72857142857143	-4.371869816829232	697	5022	114	13.0	282.0	173.0	12	7.0	82.0	53.0	0	0	17.43447995185852	55840	16682.66320347786	46449	16.81769340974212	
-187517.7572645397	63.3	9.974358974358974	226.07692307692307	139.9102564102564	-4.371869816829232	698	5024	83	15.0	282.0	173.0	43	8.0	90.0	58.0	0	0	19.74232029914856	55920	16702.405523777008	46518	16.813304721030036	
-225020.46047034924	63.25	10.095890410958905	235.16438356164383	145.31506849315068	-4.371869816829232	699	5031	123	13.0	306.0	187.0	3	8.0	103.0	66.0	0	0	23.29036521911621	56000	16725.695888996124	46583	16.816071428571433	
-325012.9247392622	62.75	10.16	239.88	147.97333333333333	-4.371869816829232	700	5036	125	15.0	340.0	209.0	1	9.0	136.0	86.0	0	0	24.3211989402771	56080	16750.0170879364	46653	16.809914407988586	
-312523.9437611295	64.1125	10.150684931506849	240.5068493150685	148.54794520547946	-4.371869816829232	701	5043	147	12.0	307.0	191.0	5	9.0	135.0	84.0	0	0	18.452344179153442	56160	16768.469432115555	46717	16.81445868945869	
-262515.3857593821	63.0	10.123287671232877	226.43835616438355	140.35616438356163	-4.371869816829232	702	5050	118	15.0	285.0	177.0	8	8.0	126.0	81.0	0	0	24.295098304748535	56240	16792.764530420303	46784	16.81365576102418	
-262527.0365296034	63.3375	10.246575342465754	238.36986301369862	147.31506849315068	-4.371869816829232	703	5057	124	19.0	354.0	226.0	2	8.0	114.0	72.0	0	0	20.855050325393677	56320	16813.619580745697	46850	16.814630681818173	
-300015.74242564256	65.2375	10.135135135135135	230.3918918918919	142.3783783783784	-4.371869816829232	704	5063	124	14.0	282.0	173.0	2	7.0	90.0	58.0	0	0	23.377697706222534	56400	16836.99727845192	46918	16.812056737588648	
-262522.4542021381	64.2375	10.097222222222221	229.84722222222223	142.16666666666666	-4.371869816829232	705	5071	114	12.0	306.0	187.0	12	9.0	102.0	66.0	0	0	29.83884596824646	56480	16866.836124420166	46986	16.80949008498584	
-275020.5219014833	65.1875	10.04054054054054	228.8918918918919	141.72972972972974	-4.371869816829232	706	5077	124	12.0	306.0	187.0	7	8.0	112.0	72.0	0	0	24.90936779975891	56560	16891.745492219925	47056	16.803394625176807	
-262521.60866759653	66.575	10.054794520547945	220.31506849315068	136.58904109589042	-4.371869816829232	707	5084	135	13.0	287.0	182.0	20	7.0	82.0	53.0	0	0	21.248698234558105	56640	16912.994190454483	47122	16.804378531073453	
-237520.48972121155	64.5875	10.066666666666666	231.29333333333332	143.06666666666666	-4.371869816829232	708	5089	119	13.0	306.0	187.0	7	8.0	103.0	66.0	0	0	23.692959308624268	56720	16936.687149763107	47190	16.80183356840621	
-250018.49952536853	65.0	10.08	233.22666666666666	144.06666666666666	-4.371869816829232	709	5094	142	13.0	306.0	187.0	16	8.0	125.0	80.0	0	0	22.046423196792603	56800	16958.7335729599	47257	16.80105633802816	
-275034.1775473562	63.825	10.026315789473685	232.89473684210526	143.94736842105263	-4.371869816829232	710	5098	95	13.0	282.0	176.0	43	8.0	101.0	65.0	0	0	20.844817399978638	56880	16979.57839035988	47324	16.80028129395218	
-287527.2213287144	63.0	9.986842105263158	225.57894736842104	139.48684210526315	-4.371869816829232	711	5102	124	12.0	306.0	187.0	2	8.0	109.0	70.0	0	0	16.390187740325928	56960	16995.968578100204	47393	16.79599719101124	
-225017.14904763378	63.0	10.026315789473685	207.35526315789474	128.72368421052633	-4.371869816829232	712	5106	106	13.0	324.0	197.0	20	8.0	88.0	57.0	0	0	20.83454179763794	57040	17016.803119897842	47464	16.78821879382889	
-287532.42344703025	63.6375	10.121621621621621	219.98648648648648	136.1891891891892	-4.371869816829232	713	5112	106	13.0	307.0	187.0	23	8.0	80.0	52.0	0	0	23.88222599029541	57120	17040.685345888138	47533	16.783963585434165	
-262515.707270472	62.7625	10.012820512820513	230.19230769230768	142.25641025641025	-4.371869816829232	714	5114	97	13.0	334.0	207.0	29	8.0	98.0	63.0	0	0	28.405335903167725	57200	17069.090681791306	47605	16.774475524475534	
-237517.82914681506	62.8625	10.067567567567568	229.6081081081081	141.75675675675674	-4.371869816829232	715	5120	108	13.0	301.0	182.0	18	8.0	80.0	52.0	0	0	27.35367250442505	57280	17096.44435429573	47673	16.771997206703915	
-350024.37484592793	63.0	10.35820895522388	235.9402985074627	145.76119402985074	-4.371869816829232	716	5133	117	13.0	302.0	184.0	9	9.0	109.0	70.0	0	0	26.060962438583374	57360	17122.505316734314	47734	16.781729428172937	
-262534.61058140604	63.0	10.232876712328768	220.1095890410959	136.34246575342465	-4.371869816829232	717	5140	106	13.0	282.0	173.0	20	8.0	101.0	65.0	0	0	22.74708843231201	57440	17145.252405166626	47798	16.78621169916434	
-250028.80863825613	63.0	10.32	229.14666666666668	141.69333333333333	-4.371869816829232	718	5145	104	14.0	356.0	215.0	22	9.0	109.0	70.0	0	0	20.495189666748047	57520	17165.747594833374	47867	16.781988873435324	
-300017.7956410198	65.05	10.27027027027027	231.7027027027027	143.05405405405406	-4.371869816829232	719	5151	124	13.0	354.0	215.0	2	9.0	101.0	65.0	0	0	20.243961334228516	57600	17185.991556167603	47936	16.777777777777786	
-262519.92074815644	63.0	10.083333333333334	229.04166666666666	141.61111111111111	-4.371869816829232	720	5159	122	13.0	306.0	187.0	4	8.0	90.0	58.0	0	0	20.438087940216064	57680	17206.42964410782	48002	16.778779472954227	
-350031.7041880312	64.5	10.085714285714285	219.78571428571428	136.25714285714287	-4.371869816829232	721	5169	122	14.0	308.0	194.0	19	8.0	87.0	56.0	0	0	17.443772077560425	57760	17223.87341618538	48064	16.78670360110803	
-287543.87395839964	66.5625	9.835616438356164	210.63013698630138	130.68493150684932	-4.371869816829232	722	5176	143	14.0	282.0	174.0	19	8.0	82.0	53.0	0	0	17.425071001052856	57840	17241.298487186432	48133	16.782503457814656	
-337523.0808432261	62.4	9.945945945945946	213.40540540540542	132.27027027027026	-4.371869816829232	723	5182	97	13.0	282.0	173.0	29	8.0	80.0	52.0	0	0	20.76871919631958	57920	17262.06720638275	48200	16.781767955801115	
-312520.2341640495	62.15	10.028571428571428	227.9857142857143	141.0857142857143	-4.371869816829232	724	5192	124	13.0	282.0	173.0	2	8.0	93.0	60.0	0	0	24.282734632492065	58000	17286.349941015244	48266	16.78275862068965	
-337520.4281253355	63.3375	10.0	210.64864864864865	130.9189189189189	-4.371869816829232	725	5198	121	14.0	282.0	173.0	5	8.0	85.0	55.0	0	0	16.613298654556274	58080	17302.9632396698	48336	16.776859504132233	
-325027.58504590305	62.0	10.083333333333334	214.05555555555554	132.75	-4.371869816829232	726	5206	111	13.0	282.0	173.0	15	8.0	103.0	66.0	0	0	17.529409170150757	58160	17320.49264883995	48404	16.774415405777162	
-287530.54051153903	62.25	10.051948051948052	230.0909090909091	142.41558441558442	-4.371869816829232	727	5209	118	12.0	282.0	173.0	8	8.0	99.0	64.0	0	0	17.557824850082397	58240	17338.050473690033	48472	16.771978021978015	
-275018.6905749395	61.6	10.027397260273972	228.986301369863	141.56164383561645	-4.371869816829232	728	5216	117	13.0	282.0	173.0	9	8.0	102.0	66.0	0	0	17.13102102279663	58320	17355.18149471283	48537	16.774691358024697	
-237514.53476792984	63.0	10.118421052631579	232.9078947368421	144.07894736842104	-4.371869816829232	729	5220	86	13.0	364.0	221.0	40	9.0	125.0	81.0	0	0	25.721128702163696	58400	17380.902623414993	48606	16.77054794520548	
-237518.80368342288	62.9	10.082191780821917	235.58904109589042	145.68493150684932	-4.371869816829232	730	5227	111	16.0	339.0	210.0	15	8.0	114.0	72.0	0	0	27.01383900642395	58480	17407.916462421417	48671	16.773255813953497	
-300018.2469183303	63.0	10.0	229.32432432432432	141.6891891891892	-4.371869816829232	731	5233	94	13.0	282.0	173.0	32	8.0	93.0	60.0	0	0	23.619384288787842	58560	17431.535846710205	48740	16.76912568306011	
-175021.44954416965	63.3375	10.18918918918919	245.95945945945945	151.7972972972973	-4.371869816829232	732	5239	122	14.0	580.0	347.0	4	9.0	108.0	70.0	0	0	21.182956218719482	58640	17452.718802928925	48806	16.770122783083224	
-287514.2400254822	63.0	10.18918918918919	240.04054054054055	148.22972972972974	-4.371869816829232	733	5245	119	14.0	306.0	187.0	7	8.0	86.0	56.0	0	0	23.724536895751953	58720	17476.443339824677	48873	16.76941416893733	
-275016.19447263924	63.0	10.093333333333334	229.89333333333335	142.2	-4.371869816829232	734	5250	117	13.0	284.0	176.0	9	8.0	102.0	66.0	0	0	24.6076979637146	58800	17501.05103778839	48938	16.77210884353741	
-275017.7380642511	62.85	10.028571428571428	225.07142857142858	139.31428571428572	-4.371869816829232	735	5260	124	12.0	306.0	187.0	2	8.0	96.0	62.0	0	0	19.747807025909424	58880	17520.7988448143	48994	16.790081521739125	
-287524.3160639468	63.0	10.04	229.36	141.89333333333335	-4.371869816829232	736	5265	102	12.0	282.0	173.0	24	9.0	124.0	78.0	0	0	24.45259952545166	58960	17545.251444339752	49059	16.792740841248303	
-237518.63594974918	63.175	10.051282051282051	228.65384615384616	141.4102564102564	-4.371869816829232	737	5267	108	13.0	306.0	187.0	18	8.0	124.0	78.0	0	0	22.013481855392456	59040	17567.264926195145	49130	16.78523035230353	
-325018.1070089752	64.875	10.222222222222221	214.33333333333334	132.95833333333334	-4.371869816829232	738	5275	134	13.0	285.0	177.0	7	8.0	108.0	70.0	0	0	19.094112396240234	59120	17586.359038591385	49195	16.787889039242216	
-250025.94756414584	63.2125	10.18918918918919	215.71621621621622	133.93243243243242	-4.371869816829232	739	5281	124	13.0	282.0	173.0	2	8.0	108.0	70.0	0	0	19.199082851409912	59200	17605.558121442795	49261	16.788851351351354	
-275031.08906188246	65.9125	10.11111111111111	211.22222222222223	131.04166666666666	-4.371869816829232	740	5289	125	13.0	282.0	173.0	1	8.0	108.0	70.0	0	0	16.478862524032593	59280	17622.036983966827	49326	16.79149797570851	
-337517.5565602554	67.175	10.256756756756756	214.35135135135135	132.82432432432432	-4.371869816829232	741	5295	125	13.0	306.0	187.0	9	8.0	114.0	72.0	0	0	20.544608116149902	59360	17642.581592082977	49393	16.790768194070083	
-275014.00573015993	63.7125	10.08108108108108	228.3108108108108	141.16216216216216	-4.371869816829232	742	5301	124	13.0	282.0	173.0	2	8.0	114.0	72.0	0	0	20.11973285675049	59440	17662.701324939728	49460	16.790040376850598	
-275019.7686147172	63.1	9.985714285714286	226.55714285714285	140.04285714285714	-4.371869816829232	743	5311	124	12.0	282.0	173.0	2	8.0	90.0	58.0	0	0	19.61103653907776	59520	17682.312361478806	49524	16.79435483870968	
-275023.4621695626	63.0	10.0	225.0909090909091	139.1038961038961	-4.371869816829232	744	5314	104	13.0	301.0	182.0	22	8.0	82.0	53.0	0	0	19.33927583694458	59600	17701.65163731575	49591	16.793624161073822	
-250020.35901087732	63.3125	9.922077922077921	219.8961038961039	136.15584415584416	-4.371869816829232	745	5317	139	12.0	282.0	173.0	12	8.0	80.0	52.0	0	0	17.655453205108643	59680	17719.30709052086	49658	16.792895442359253	
-300025.29712612287	63.0	10.0	237.24285714285713	146.32857142857142	-4.371869816829232	746	5327	120	12.0	306.0	187.0	6	8.0	80.0	52.0	0	0	19.677329778671265	59760	17738.98442029953	49719	16.802208835341375	
-250031.99085769482	63.0375	9.987012987012987	224.01298701298703	138.55844155844156	-4.371869816829232	747	5330	115	13.0	292.0	179.0	11	8.0	103.0	66.0	0	0	17.815778732299805	59840	17756.80019903183	49784	16.804812834224606	
-287527.85190132714	63.1625	10.027777777777779	217.13888888888889	134.51388888888889	-4.371869816829232	748	5338	110	12.0	292.0	179.0	16	8.0	88.0	57.0	0	0	24.921152591705322	59920	17781.721351623535	49848	16.809078771695596	
-362515.84313675406	62.875	10.146666666666667	206.56	128.18666666666667	-4.371869816829232	749	5343	113	14.0	292.0	180.0	13	8.0	109.0	70.0	0	0	18.979900598526	60000	17800.70125222206	49919	16.801666666666677	
-275017.59138462326	64.275	10.2987012987013	232.98701298701297	144.07792207792207	-4.371869816829232	750	5346	124	14.0	290.0	181.0	2	9.0	120.0	78.0	0	0	23.298108100891113	60080	17823.999360322952	49989	16.795938748335544	
-262526.54606406734	63.0	10.052631578947368	227.53947368421052	140.8684210526316	-4.371869816829232	751	5350	121	13.0	306.0	187.0	5	8.0	109.0	70.0	0	0	20.943371772766113	60160	17844.94273209572	50058	16.791888297872333	
-237528.18166681277	63.675	10.013333333333334	218.89333333333335	135.66666666666666	-4.371869816829232	752	5355	114	12.0	282.0	173.0	12	8.0	96.0	62.0	0	0	23.78471875190735	60240	17868.727450847626	50127	16.787848605577693	
-312522.7377542937	63.1375	10.147058823529411	234.10294117647058	144.60294117647058	-4.371869816829232	753	5367	116	12.0	402.0	247.0	10	8.0	112.0	71.0	0	0	19.90198850631714	60320	17888.629439353943	50187	16.798740053050395	
-250026.3878789952	67.3125	10.097222222222221	221.13888888888889	136.88888888888889	-4.371869816829232	754	5375	122	14.0	306.0	187.0	4	8.0	103.0	66.0	0	0	21.71263599395752	60400	17910.3420753479	50254	16.79801324503312	
-275020.72987068136	64.0375	10.052631578947368	227.73684210526315	140.71052631578948	-4.371869816829232	755	5379	93	12.0	282.0	173.0	33	9.0	109.0	70.0	0	0	25.304013967514038	60480	17935.646089315414	50323	16.79398148148148	
-375019.60135670623	62.75	10.0	231.92537313432837	143.16417910447763	-4.371869816829232	756	5392	120	12.0	282.0	173.0	6	8.0	103.0	66.0	0	0	21.483738660812378	60560	17957.129827976227	50381	16.808124174372523	
-312533.7260367419	63.5875	10.11111111111111	231.97222222222223	143.26388888888889	-4.371869816829232	757	5400	114	13.0	306.0	187.0	12	8.0	109.0	70.0	0	0	25.747523546218872	60640	17982.877351522446	50449	16.805738786279676	
-287513.11149873975	64.15	10.04109589041096	227.06849315068493	140.57534246575344	-4.371869816829232	758	5407	110	12.0	315.0	193.0	18	8.0	108.0	70.0	0	0	18.246312856674194	60720	18001.12366437912	50512	16.811594202898547	
-287518.57190341665	63.0	10.125	221.43055555555554	136.93055555555554	-4.371869816829232	759	5415	97	12.0	306.0	187.0	29	8.0	80.0	52.0	0	0	19.726876497268677	60800	18020.85054087639	50577	16.81414473684211	
-262518.31545209035	63.2	10.162162162162161	226.48648648648648	139.90540540540542	-4.371869816829232	760	5421	87	12.0	282.0	173.0	39	9.0	118.0	76.0	0	0	24.487039804458618	60880	18045.337580680847	50647	16.808475689881732	
-275015.5429059519	62.825	10.070422535211268	222.94366197183098	137.91549295774647	-4.371869816829232	761	5430	114	12.0	282.0	173.0	12	8.0	107.0	69.0	0	0	15.297815322875977	60960	18060.635396003723	50708	16.81758530183727	
-250016.63935895512	60.725	9.891891891891891	221.5	136.98648648648648	-4.371869816829232	762	5436	118	11.0	282.0	173.0	8	8.0	87.0	56.0	0	0	21.75952434539795	61040	18082.39492034912	50772	16.821756225425958	
-300015.95429018757	63.55	9.98611111111111	223.41666666666666	138.22222222222223	-4.371869816829232	763	5444	124	14.0	293.0	179.0	3	8.0	99.0	64.0	0	0	20.84692120552063	61120	18103.24184155464	50836	16.825916230366488	
-300020.4196068213	63.225	9.915492957746478	215.5211267605634	133.53521126760563	-4.371869816829232	764	5453	116	13.0	282.0	173.0	16	8.0	90.0	58.0	0	0	16.79482412338257	61200	18120.036665678024	50900	16.830065359477118	
-387512.2798558745	62.5	9.933333333333334	212.22666666666666	131.57333333333332	-4.371869816829232	765	5458	94	13.0	282.0	173.0	23	8.0	99.0	64.0	0	0	19.089035034179688	61280	18139.125700712204	50967	16.829308093994783	
-250027.95069406516	62.0	9.933333333333334	219.16	135.61333333333334	-4.371869816829232	766	5463	116	12.0	282.0	173.0	10	8.0	99.0	64.0	0	0	19.739891529083252	61360	18158.865592241287	51033	16.830182529335076	
-300016.4136350419	61.0	9.901408450704226	226.4788732394366	139.83098591549296	-4.371869816829232	767	5472	124	12.0	286.0	174.0	2	8.0	99.0	64.0	0	0	22.99420976638794	61440	18181.859802007675	51096	16.8359375	
-275024.02883672266	62.45	10.041666666666666	228.125	140.95833333333334	-4.371869816829232	768	5480	110	13.0	282.0	173.0	16	8.0	88.0	57.0	0	0	21.6653048992157	61520	18203.52510690689	51162	16.836801040312082	
-275024.5639607395	63.0	10.135135135135135	237.21621621621622	146.45945945945945	-4.371869816829232	769	5486	98	12.0	321.0	199.0	28	8.0	108.0	70.0	0	0	20.946351528167725	61600	18224.47145843506	51230	16.83441558441558	
-237532.7409909525	63.2	9.946666666666667	212.68	131.66666666666666	-4.371869816829232	770	5491	111	11.0	282.0	173.0	15	8.0	80.0	52.0	0	0	22.44668197631836	61680	18246.918140411377	51300	16.828793774319067	
-300026.55804116884	62.425	9.944444444444445	205.05555555555554	127.34722222222223	-4.371869816829232	771	5499	109	12.0	282.0	173.0	24	8.0	79.0	51.0	0	0	20.826127290725708	61760	18267.744267702103	51368	16.82642487046631	
-275014.16342158883	62.2875	9.957142857142857	230.0142857142857	141.94285714285715	-4.371869816829232	772	5509	124	11.0	282.0	173.0	2	8.0	80.0	52.0	0	0	17.11149764060974	61840	18284.855765342712	51432	16.83053040103492	
-300020.5142719874	63.25	9.933333333333334	216.85333333333332	134.25333333333333	-4.371869816829232	773	5514	104	14.0	306.0	187.0	26	8.0	104.0	67.0	0	0	18.937478065490723	61920	18303.793243408203	51500	16.828165374677013	
-250032.0570496369	63.4125	9.905405405405405	217.78378378378378	134.90540540540542	-4.371869816829232	774	5520	104	14.0	366.0	223.0	22	8.0	101.0	65.0	0	0	20.220946311950684	62000	18324.014189720154	51569	16.8241935483871	
-237524.96830346453	63.25	10.0	227.06944444444446	140.48611111111111	-4.371869816829232	775	5528	124	12.0	282.0	173.0	2	8.0	80.0	52.0	0	0	20.490201711654663	62080	18344.50439143181	51632	16.829896907216494	
-312526.65285932104	62.4625	10.08108108108108	238.54054054054055	147.1216216216216	-4.371869816829232	776	5534	119	13.0	310.0	188.0	7	8.0	80.0	52.0	0	0	27.326663732528687	62160	18371.831055164337	51700	16.827541827541822	
-337519.97946191643	63.0	10.083333333333334	222.75	137.76388888888889	-4.371869816829232	777	5542	109	15.0	287.0	178.0	17	8.0	85.0	55.0	0	0	20.661564111709595	62240	18392.492619276047	51760	16.838046272493585	
-387511.29846701643	63.0	10.057971014492754	224.6086956521739	139.14492753623188	-4.371869816829232	778	5553	113	12.0	282.0	173.0	13	8.0	107.0	69.0	0	0	19.94226336479187	62320	18412.43488264084	51824	16.84210526315789	
-212530.72805806674	63.8625	10.12987012987013	220.23376623376623	136.5974025974026	-4.371869816829232	779	5556	124	15.0	282.0	173.0	2	8.0	80.0	52.0	0	0	25.989789724349976	62400	18438.42467236519	51895	16.834935897435898	
-375016.81745249627	63.6125	10.058823529411764	220.02941176470588	136.22058823529412	-4.371869816829232	780	5568	124	14.0	306.0	187.0	2	8.0	102.0	66.0	0	0	19.788492679595947	62480	18458.213165044785	51957	16.842189500640202	
-250032.47414046264	64.6375	10.041666666666666	218.77777777777777	135.72222222222223	-4.371869816829232	781	5576	104	14.0	306.0	187.0	27	7.0	82.0	53.0	0	0	16.146493196487427	62560	18474.359658241272	52021	16.84622762148338	
-200022.05957396343	64.025	10.025974025974026	227.92207792207793	140.87012987012986	-4.371869816829232	782	5579	108	13.0	301.0	182.0	18	8.0	80.0	52.0	0	0	20.063751697540283	62640	18494.423409938812	52089	16.843869731800766	
-375023.51817179937	63.6375	10.17142857142857	227.25714285714287	140.52857142857144	-4.371869816829232	783	5589	122	14.0	297.0	181.0	4	9.0	111.0	72.0	0	0	19.941601514816284	62720	18514.36501145363	52150	16.85267857142857	
-337524.69068444293	64.025	10.014492753623188	211.08695652173913	130.91304347826087	-4.371869816829232	784	5600	123	13.0	282.0	173.0	3	9.0	111.0	72.0	0	0	19.969157218933105	62800	18534.33416867256	52213	16.85828025477707	
-187529.718567938	65.1375	9.866666666666667	213.98666666666668	132.65333333333334	-4.371869816829232	785	5605	147	14.0	333.0	209.0	15	8.0	98.0	63.0	0	0	19.326296091079712	62880	18553.66046476364	52280	16.85750636132316	
-337525.95768086467	64.3	9.970588235294118	208.60294117647058	129.3235294117647	-4.371869816829232	786	5617	141	12.0	294.0	182.0	2	8.0	80.0	52.0	0	0	17.539546489715576	62960	18571.200011253357	52338	16.871029224904703	
-337526.92506289587	65.1375	9.972972972972974	211.7027027027027	131.2972972972973	-4.371869816829232	787	5623	128	13.0	310.0	193.0	23	8.0	101.0	65.0	0	0	15.489855289459229	63040	18586.689866542816	52405	16.870241116751274	
-287528.71217552095	63.875	10.083333333333334	233.59722222222223	144.33333333333334	-4.371869816829232	788	5631	117	13.0	301.0	182.0	9	8.0	86.0	56.0	0	0	19.174790143966675	63120	18605.864656686783	52469	16.874207858048166	
-287529.5262618557	63.0	10.0	228.9718309859155	141.73239436619718	-4.371869816829232	789	5640	122	12.0	282.0	173.0	4	8.0	85.0	55.0	0	0	23.176687002182007	63200	18629.041343688965	52532	16.87974683544303	
-237526.03485226288	64.4875	9.986842105263158	240.69736842105263	148.5	-4.371869816829232	790	5644	158	13.0	295.0	184.0	14	8.0	103.0	66.0	0	0	23.370182991027832	63280	18652.411526679993	52602	16.874209860935537	
-262515.18328055553	63.0	9.95945945945946	227.32432432432432	140.52702702702703	-4.371869816829232	791	5650	123	12.0	282.0	173.0	3	8.0	80.0	52.0	0	0	19.644052267074585	63360	18672.055578947067	52670	16.871843434343432	
-162523.81352159652	63.0	9.974025974025974	233.6883116883117	144.45454545454547	-4.371869816829232	792	5653	92	12.0	282.0	173.0	34	8.0	102.0	66.0	0	0	23.234683513641357	63440	18695.29026246071	52740	16.866330390920552	
-312525.19059163576	63.525	9.96	218.14666666666668	134.98666666666668	-4.371869816829232	793	5658	105	13.0	306.0	187.0	21	8.0	111.0	70.0	0	0	20.112858533859253	63520	18715.403120994568	52808	16.863979848866492	
-225018.86128972113	62.875	10.116883116883116	231.44155844155844	143.11688311688312	-4.371869816829232	794	5661	110	13.0	290.0	182.0	16	9.0	118.0	76.0	0	0	20.40452527999878	63600	18735.807646274567	52875	16.863207547169807	
-225036.13313511148	64.15	10.067567567567568	224.5810810810811	138.8918918918919	-4.371869816829232	795	5667	119	13.0	319.0	194.0	7	8.0	79.0	51.0	0	0	19.368833541870117	63680	18755.176479816437	52941	16.864007537688437	
-275019.9762115458	63.1	10.191780821917808	220.53424657534248	136.6164383561644	-4.371869816829232	796	5674	118	15.0	282.0	179.0	8	8.0	114.0	72.0	0	0	13.520435094833374	63760	18768.69691491127	53004	16.869510664993726	
-200031.60360777457	63.8875	9.883116883116884	213.74025974025975	132.3896103896104	-4.371869816829232	797	5677	118	11.0	288.0	178.0	45	8.0	101.0	65.0	0	0	18.790687322616577	63840	18787.487602233887	53075	16.862468671679196	
-300022.03433613916	63.8375	9.986842105263158	216.77631578947367	134.25	-4.371869816829232	798	5681	120	12.0	290.0	182.0	6	8.0	87.0	56.0	0	0	17.550361156463623	63920	18805.03796339035	53140	16.8648310387985	
-337515.867899368	63.3875	10.041666666666666	228.13888888888889	140.95833333333334	-4.1130667996591725	799	5689	109	12.0	354.0	215.0	17	8.0	109.0	70.0	0	0	20.77109169960022	64000	18825.80905508995	53206	16.865624999999994	
-312526.1120821028	64.575	10.202702702702704	233.98648648648648	144.52702702702703	-4.1130667996591725	800	5695	121	12.0	354.0	215.0	19	9.0	113.0	73.0	0	0	31.65921449661255	64080	18857.468269586563	53275	16.861735330836453	
-300020.8487206865	67.55	10.388059701492537	250.53731343283582	154.32835820895522	-4.1130667996591725	801	5708	125	13.0	354.0	215.0	8	8.0	80.0	52.0	0	0	29.072915077209473	64160	18886.541184663773	53336	16.870324189526187	
-150020.4204725011	66.2375	10.25974025974026	250.2077922077922	154.1818181818182	-4.1130667996591725	802	5711	101	12.0	354.0	215.0	30	8.0	111.0	72.0	0	0	27.249975204467773	64240	18913.79115986824	53407	16.863325031133243	
-225017.53429747364	64.175	10.153846153846153	233.97435897435898	144.4102564102564	-4.1130667996591725	803	5713	119	14.0	354.0	215.0	34	8.0	80.0	52.0	0	0	23.61491370201111	64320	18937.40607357025	53471	16.86722636815921	
-400029.0508251886	64.4	10.196969696969697	233.77272727272728	144.36363636363637	-4.1130667996591725	804	5727	123	13.0	378.0	229.0	3	9.0	121.0	78.0	0	0	22.640136241912842	64400	18960.046209812164	53530	16.878881987577643	
-275026.14392396354	65.975	10.135135135135135	220.32432432432432	136.16216216216216	-4.1130667996591725	805	5733	124	12.0	354.0	215.0	16	8.0	102.0	66.0	0	0	22.806921243667603	64480	18982.853131055832	53597	16.87810173697271	
-287533.6796005767	66.2875	10.297297297297296	230.04054054054055	142.05405405405406	-4.1130667996591725	806	5739	124	13.0	354.0	215.0	11	8.0	85.0	55.0	0	0	23.116987228393555	64560	19005.970118284225	53664	16.877323420074347	
-200032.7909757703	66.0375	10.207792207792208	236.7792207792208	146.05194805194805	-4.1130667996591725	807	5742	95	12.0	354.0	215.0	36	8.0	103.0	66.0	0	0	33.520962953567505	64640	19039.491081237793	53737	16.867264851485146	
-300022.0831038003	69.65	10.4	248.32	152.78666666666666	-4.1130667996591725	808	5747	124	13.0	354.0	215.0	16	8.0	91.0	59.0	0	0	27.635960817337036	64720	19067.12704205513	53806	16.86341161928307	
-300030.26722779905	69.65	10.324324324324325	230.6216216216216	142.32432432432432	-4.1130667996591725	809	5753	124	13.0	354.0	215.0	9	8.0	92.0	60.0	0	0	34.92447805404663	64800	19102.051520109177	53875	16.85956790123457	
-325026.2543525314	69.0125	10.355263157894736	232.32894736842104	143.60526315789474	-4.1130667996591725	810	5757	133	14.0	354.0	215.0	17	8.0	80.0	52.0	0	0	26.294517517089844	64880	19128.346037626266	53945	16.854192355117135	
-262525.28508851037	70.175	10.386666666666667	243.29333333333332	149.96	-4.1130667996591725	811	5762	137	12.0	378.0	229.0	2	8.0	98.0	63.0	0	0	26.303312063217163	64960	19154.649349689484	54013	16.851908866995075	
-250026.18831837224	72.1875	10.467532467532468	249.01298701298703	153.11688311688312	-4.1130667996591725	812	5765	131	13.0	448.0	271.0	9	8.0	96.0	62.0	0	0	26.091546773910522	65040	19180.740896463394	54085	16.84348093480935	
-312521.0190919809	72.5375	10.561643835616438	248.21917808219177	152.65753424657535	-4.111395273659994	813	5772	145	13.0	448.0	271.0	3	8.0	93.0	60.0	0	0	19.347837448120117	65120	19200.088733911514	54154	16.839680589680597	
-400023.20923409937	75.8625	10.561643835616438	246.17808219178082	151.34246575342465	-4.111395273659994	814	5779	153	14.0	354.0	215.0	1	8.0	90.0	58.0	0	0	24.876775979995728	65200	19224.96550989151	54222	16.83742331288343	
-287532.44560129364	78.0625	10.717948717948717	235.96153846153845	145.52564102564102	-4.111395273659994	815	5781	135	13.0	354.0	215.0	24	9.0	102.0	66.0	0	0	22.415342330932617	65280	19247.380852222443	54295	16.82751225490196	
-350014.0267611973	76.825	10.72	234.42666666666668	144.46666666666667	-4.1101057647116415	816	5786	126	12.0	378.0	229.0	28	8.0	94.0	61.0	0	0	32.185264110565186	65360	19279.566116333008	54366	16.82068543451652	
-212521.83709695758	76.7	11.115384615384615	264.79487179487177	162.25641025641025	-3.560706767764619	817	5788	132	14.0	366.0	226.0	22	9.0	111.0	71.0	0	0	43.620290756225586	65440	19323.186407089233	54440	16.80929095354523	
-275022.4408429633	77.0	10.56578947368421	246.30263157894737	151.43421052631578	-3.560706767764619	818	5792	130	12.0	366.0	226.0	24	8.0	101.0	65.0	0	0	31.39471173286438	65520	19354.581118822098	54511	16.80250305250304	
-350013.7157949851	76.9375	10.71830985915493	239.28169014084506	147.08450704225353	-3.560706767764619	819	5801	137	13.0	378.0	229.0	29	8.0	104.0	67.0	0	0	26.567402362823486	65600	19381.14852118492	54577	16.803353658536594	
-287519.94937089086	76.275	10.452054794520548	230.7123287671233	142.23287671232876	-3.560706767764619	820	5808	153	14.0	354.0	215.0	1	7.0	82.0	53.0	0	0	32.39375114440918	65680	19413.54227232933	54644	16.8026796589525	
-250019.06544630867	74.475	10.743243243243244	245.74324324324326	151.1081081081081	-3.560706767764619	821	5814	126	14.0	378.0	229.0	2	9.0	105.0	68.0	0	0	35.82289457321167	65760	19449.365166902542	54713	16.798965936739663	
-300019.9328814863	76.05	10.842105263157896	273.9736842105263	167.8815789473684	-3.560706767764619	822	5818	180	14.0	378.0	229.0	14	8.0	112.0	72.0	0	0	37.639382123947144	65840	19487.00454902649	54784	16.79222357229648	
-287513.07640715345	77.0	10.93421052631579	278.3421052631579	170.19736842105263	-3.560706767764619	823	5822	152	14.0	354.0	215.0	2	9.0	114.0	72.0	0	0	35.416505575180054	65920	19522.42105460167	54855	16.78549757281553	
-225022.31831446307	77.0	10.891891891891891	290.5	177.5	-3.560706767764619	824	5828	143	14.0	354.0	215.0	11	8.0	98.0	63.0	0	0	39.05636119842529	66000	19561.477415800095	54925	16.78030303030303	
-300025.45969737496	77.0	10.64	261.6666666666667	160.46666666666667	-3.560706767764619	825	5833	143	12.0	354.0	215.0	11	8.0	82.0	53.0	0	0	39.499361515045166	66080	19600.97677731514	54994	16.776634382566584	
-275023.4898503488	76.8125	10.842105263157896	245.22368421052633	151.02631578947367	-3.560706767764619	826	5837	140	13.0	354.0	215.0	14	9.0	100.0	65.0	0	0	27.705171585083008	66160	19628.681948900223	55064	16.771463119709793	
-300026.05039071647	75.45	10.653333333333334	252.85333333333332	155.34666666666666	-3.560706767764619	827	5842	142	14.0	354.0	215.0	12	8.0	79.0	51.0	0	0	28.990468740463257	66240	19657.672417640686	55134	16.766304347826093	
-237522.5106814139	76.825	10.808219178082192	272.86301369863014	167.2876712328767	-3.560706767764619	828	5849	139	13.0	354.0	215.0	15	9.0	112.0	72.0	0	0	30.377763748168945	66320	19688.050181388855	55202	16.76417370325693	
-287512.885609039	77.7	10.835616438356164	263.9178082191781	161.84931506849315	-3.560706767764619	829	5856	146	14.0	354.0	215.0	8	9.0	104.0	67.0	0	0	26.919692754745483	66400	19714.9698741436	55268	16.765060240963862	
-262519.0007576148	77.0	10.828947368421053	275.9736842105263	168.9078947368421	-3.560706767764619	830	5860	152	14.0	378.0	229.0	2	8.0	100.0	64.0	0	0	41.54787349700928	66480	19756.51774764061	55339	16.75842358604092	
-300017.9044014099	77.55	10.853333333333333	261.44	160.53333333333333	-3.560706767764619	831	5865	124	14.0	378.0	229.0	30	9.0	112.0	72.0	0	0	30.985405445098877	66560	19787.50315308571	55408	16.754807692307693	
-325016.95458546455	77.0	10.849315068493151	254.23287671232876	156.24657534246575	-3.560706767764619	832	5872	131	13.0	354.0	215.0	23	8.0	90.0	58.0	0	0	33.48219609260559	66640	19820.985349178314	55477	16.751200480192068	
-312524.4244747559	77.675	10.666666666666666	252.17333333333335	154.73333333333332	-3.560706767764619	833	5877	141	12.0	354.0	215.0	13	8.0	102.0	66.0	0	0	33.288777112960815	66720	19854.274126291275	55547	16.746103117505996	
-275026.4047663522	80.825	10.657894736842104	227.30263157894737	140.53947368421052	-3.560706767764619	834	5881	133	15.0	378.0	229.0	63	8.0	80.0	52.0	0	0	32.98553729057312	66800	19887.259663581848	55619	16.7380239520958	
-237530.23310669215	81.55	10.653846153846153	253.05128205128204	155.3846153846154	-3.560706767764619	835	5883	155	12.0	354.0	215.0	29	9.0	110.0	71.0	0	0	36.052865743637085	66880	19923.312529325485	55693	16.72697368421052	
-325015.1380881329	77.975	10.9	261.95714285714286	160.9	-3.560706767764619	836	5893	155	13.0	378.0	229.0	14	9.0	110.0	71.0	0	0	31.93653631210327	66960	19955.24906563759	55756	16.73237753882914	
-275021.5246614252	82.7125	10.743243243243244	254.8108108108108	156.4189189189189	-3.560706767764619	837	5899	174	14.0	358.0	216.0	12	8.0	87.0	56.0	0	0	33.127408266067505	67040	19988.376473903656	55825	16.72881861575179	
-287518.4258276076	78.5	10.866666666666667	275.5733333333333	168.61333333333334	-3.560706767764619	838	5904	155	12.0	354.0	215.0	3	9.0	125.0	79.0	0	0	48.55618333816528	67120	20036.93265724182	55895	16.723778307508937	
-375015.63440842053	75.95	10.929577464788732	271.0281690140845	166.01408450704224	-3.560706767764619	839	5913	144	13.0	354.0	215.0	10	9.0	104.0	67.0	0	0	40.19715332984924	67200	20077.12981057167	55962	16.723214285714278	
-275020.15460778633	77.95	10.894736842105264	260.35526315789474	159.75	-3.560706767764619	840	5917	118	13.0	378.0	229.0	36	9.0	110.0	71.0	0	0	43.5361430644989	67280	20120.66595363617	56034	16.71521997621879	
-225026.8100450533	77.25	10.894736842105264	257.0263157894737	157.98684210526315	-3.560706767764619	841	5921	149	13.0	378.0	229.0	5	8.0	103.0	66.0	0	0	30.493688583374023	67360	20151.159642219543	56104	16.7102137767221	
-312514.5247400171	78.05	10.786666666666667	269.76	165.53333333333333	-3.560706767764619	842	5926	130	14.0	354.0	215.0	24	8.0	90.0	58.0	0	0	42.41797375679016	67440	20193.577615976334	56174	16.70521945432978	
-312511.90630647744	77.0	10.85135135135135	272.4054054054054	166.86486486486487	-3.560706767764619	843	5932	151	13.0	354.0	215.0	3	8.0	82.0	53.0	0	0	48.17588782310486	67520	20241.75350379944	56244	16.700236966824647	
-325017.1009426674	77.4375	10.675324675324676	257.57142857142856	157.98701298701297	-3.560706767764619	844	5935	114	12.0	354.0	215.0	40	8.0	82.0	53.0	0	0	39.20450186729431	67600	20280.958005666733	56317	16.69082840236686	
-300021.3466905217	77.0	10.602564102564102	256.64102564102564	157.34615384615384	-3.526294566888777	845	5937	136	12.0	354.0	215.0	18	8.0	93.0	60.0	0	0	35.11330246925354	67680	20316.071308135986	56390	16.681442080378247	
-337515.63315256016	77.5125	10.906666666666666	264.18666666666667	161.93333333333334	-3.526294566888777	846	5942	140	13.0	391.0	239.0	14	8.0	82.0	53.0	0	0	40.75830602645874	67760	20356.829614162445	56461	16.675029515938604	
-325018.36773768195	77.0	10.831168831168831	270.2597402597403	165.54545454545453	-3.526294566888777	847	5945	121	13.0	417.0	251.0	33	9.0	118.0	76.0	0	0	45.1451358795166	67840	20401.97475004196	56534	16.665683962264154	
-187549.36836636002	78.05	10.782051282051283	256.1666666666667	157.39743589743588	-3.526294566888777	848	5947	121	15.0	354.0	215.0	61	8.0	104.0	67.0	0	0	39.46130108833313	67920	20441.436051130295	56607	16.656360424028264	
-387519.6634857239	77.0	10.64935064935065	234.02597402597402	144.3896103896104	-3.526294566888777	849	5950	152	14.0	354.0	215.0	2	8.0	100.0	64.0	0	0	32.28203368186951	68000	20473.718084812164	56680	16.64705882352942	
-350020.2327407262	77.0	10.881578947368421	259.5921052631579	159.47368421052633	-3.526294566888777	850	5954	117	14.0	378.0	229.0	37	8.0	102.0	66.0	0	0	28.474332571029663	68080	20502.192417383194	56752	16.639247943595763	
-287515.3730229243	78.25	10.831168831168831	266.038961038961	163.2987012987013	-3.5212701454415956	851	5957	117	13.0	354.0	215.0	56	8.0	88.0	57.0	0	0	34.67015266418457	68160	20536.86257004738	56825	16.6299882629108	
-275040.9801805993	77.0625	11.0	273.81333333333333	167.90666666666667	-3.5212701454415956	852	5962	125	14.0	354.0	215.0	29	8.0	88.0	57.0	0	0	36.33786153793335	68240	20573.200431585312	56896	16.62368112543963	
-375011.67960371275	77.6	10.802631578947368	254.0921052631579	156.10526315789474	-3.5212701454415956	853	5966	134	13.0	354.0	215.0	20	8.0	82.0	53.0	0	0	29.06858515739441	68320	20602.269016742706	56966	16.618852459016395	
-325021.73746311816	76.525	10.727272727272727	255.27272727272728	156.76623376623377	-3.5212701454415956	854	5969	127	13.0	354.0	215.0	27	8.0	109.0	70.0	0	0	31.47922921180725	68400	20633.748245954514	57038	16.611111111111114	
-375021.7398963116	77.0	10.81081081081081	237.47297297297297	146.40540540540542	-3.5212701454415956	855	5975	128	15.0	476.0	295.0	26	8.0	105.0	68.0	0	0	28.826740264892578	68480	20662.574986219406	57107	16.607768691588788	
-262538.82065650605	75.6	10.675324675324676	242.5194805194805	149.23376623376623	-3.5212701454415956	856	5978	121	15.0	373.0	224.0	33	8.0	91.0	59.0	0	0	31.13361930847168	68560	20693.708605527878	57179	16.600058343057185	
-375031.7863152111	76.325	10.945945945945946	258.2972972972973	158.67567567567568	-3.5212701454415956	857	5984	139	18.0	402.0	243.0	15	8.0	96.0	62.0	0	0	27.332956790924072	68640	20721.041562318802	57248	16.59673659673659	
-325017.1286660299	75.625	10.77027027027027	251.3783783783784	154.7027027027027	-3.5212701454415956	858	5990	140	14.0	378.0	229.0	14	8.0	111.0	70.0	0	0	26.406917095184326	68720	20747.448479413986	57317	16.593422584400457	
-400015.6424478719	75.6	10.68421052631579	238.22368421052633	147.03947368421052	-3.5212701454415956	859	5994	133	14.0	354.0	215.0	21	8.0	91.0	59.0	0	0	24.21442747116089	68800	20771.662906885147	57387	16.58866279069767	
-337515.0808981891	75.1875	10.73611111111111	257.97222222222223	158.54166666666666	-3.5212701454415956	860	6002	114	14.0	354.0	215.0	15	8.0	96.0	62.0	0	0	25.551002502441406	68880	20797.21390938759	57453	16.58972125435541	
-262524.0361730737	77.0125	10.662162162162161	258.43243243243245	158.98648648648648	-3.5212701454415956	861	6008	123	12.0	354.0	215.0	31	8.0	96.0	62.0	0	0	29.453937530517578	68960	20826.667846918106	57521	16.587877030162417	
-350024.5019324556	77.0	10.714285714285714	248.05194805194805	152.83116883116884	-3.5212701454415956	862	6011	142	14.0	354.0	215.0	12	8.0	122.0	77.0	0	0	31.12792992591858	69040	20857.795776844025	57593	16.58024333719584	
-237520.40181578865	76.85	10.733333333333333	269.7866666666667	165.52	-3.5202227275104945	863	6016	134	12.0	354.0	215.0	20	9.0	123.0	80.0	0	0	41.2379846572876	69120	20899.033761501312	57663	16.57552083333333	
-287520.25691764615	77.025	10.666666666666666	262.3333333333333	160.86666666666667	-3.5202227275104945	864	6021	145	12.0	354.0	215.0	9	8.0	96.0	62.0	0	0	40.71260380744934	69200	20939.74636530876	57732	16.572254335260112	
-450024.66317536694	77.0	10.757142857142858	261.45714285714286	160.61428571428573	-3.5202227275104945	865	6031	146	12.0	376.0	229.0	8	8.0	125.0	79.0	0	0	34.858192920684814	69280	20974.604558229446	57797	16.57476905311779	
-337516.80639299925	77.325	10.702702702702704	250.8108108108108	154.3918918918919	-3.5202227275104945	866	6037	139	13.0	371.0	226.0	15	8.0	102.0	66.0	0	0	38.34775471687317	69360	21012.95231294632	57867	16.570069204152247	
-300022.4867732163	75.75	10.61111111111111	272.72222222222223	167.19444444444446	-3.5202227275104945	867	6045	148	12.0	354.0	215.0	6	8.0	114.0	72.0	0	0	38.626450061798096	69440	21051.578763008118	57934	16.569700460829495	
-237522.05098234667	75.4	10.76	266.93333333333334	163.82666666666665	-3.5202227275104945	868	6050	153	13.0	387.0	237.0	1	9.0	110.0	71.0	0	0	34.18482565879822	69520	21085.763588666916	58005	16.563578826237062	
-300022.74203561514	74.6	10.797297297297296	259.5945945945946	159.3108108108108	-3.5202227275104945	869	6056	140	12.0	354.0	215.0	14	8.0	107.0	69.0	0	0	33.56704640388489	69600	21119.3306350708	58075	16.55890804597702	
-325021.9242438024	76.7125	10.786666666666667	247.08	151.88	-3.52005093399419	870	6061	144	13.0	354.0	215.0	10	8.0	97.0	63.0	0	0	33.801111698150635	69680	21153.13174676895	58143	16.55711825487944	
-325029.3281131559	79.5125	10.68918918918919	249.51351351351352	153.3783783783784	-3.52005093399419	871	6067	155	13.0	378.0	229.0	17	7.0	82.0	53.0	0	0	26.422305822372437	69760	21179.554052591324	58213	16.55246559633028	
-212535.34845998808	75.625	10.675	261.1375	160.2125	-3.52005093399419	872	6067	94	15	373	224	35	8	88	57	0	0	35.700127601623535	69840	21215.254180192947	58289	16.539232531500573	
-362512.5620092644	76.475	10.756756756756756	250.5810810810811	154.2027027027027	-3.52005093399419	873	6073	137	13.0	379.0	231.0	17	8.0	105.0	68.0	0	0	29.624597549438477	69920	21244.878777742386	58358	16.536041189931353	
-375011.4943635679	77.0	10.73611111111111	251.94444444444446	154.88888888888889	-3.52005093399419	874	6081	149	13.0	354.0	215.0	5	8.0	119.0	77.0	0	0	27.138590574264526	70000	21272.01736831665	58426	16.534285714285716	
-400017.1934310141	78.5	10.837837837837839	243.56756756756758	149.78378378378378	-3.52005093399419	875	6087	140	16.0	407.0	245.0	14	9.0	122.0	77.0	0	0	25.3375883102417	70080	21297.354956626892	58496	16.529680365296812	
-325017.06483802217	77.7125	10.636363636363637	245.93506493506493	151.5064935064935	-3.52005093399419	876	6090	119	12.0	378.0	229.0	1	8.0	104.0	67.0	0	0	27.236137628555298	70160	21324.591094255447	58569	16.52080957810719	
-287519.90591521387	77.0	10.56578947368421	234.92105263157896	144.80263157894737	-3.52005093399419	877	6094	140	13.0	354.0	215.0	14	8.0	98.0	63.0	0	0	35.944968938827515	70240	21360.536063194275	58641	16.513382687927106	
-262525.2633428893	78.125	10.602739726027398	240.17808219178082	147.93150684931507	-3.52005093399419	878	6101	157	14.0	401.0	251.0	14	8.0	107.0	69.0	0	0	31.377023458480835	70320	21391.913086652756	58708	16.513083048919228	
-275019.2728457751	78.5125	10.657894736842104	256.0394736842105	157.27631578947367	-3.52005093399419	879	6105	138	13.0	378.0	229.0	18	8.0	105.0	68.0	0	0	31.046231508255005	70400	21422.95931816101	58780	16.505681818181813	
-350022.48799785296	78.875	10.64864864864865	257.6216216216216	158.32432432432432	-3.52005093399419	880	6111	147	12.0	375.0	229.0	7	8.0	108.0	70.0	0	0	31.216199159622192	70480	21454.175517320633	58850	16.501135073779793	
-312518.3578826065	77.3125	10.514285714285714	246.21428571428572	151.37142857142857	-3.52005093399419	881	6121	132	12.0	354.0	215.0	22	8.0	93.0	60.0	0	0	18.917331218719482	70560	21473.092848539352	58914	16.505102040816325	
-225021.06694077287	78.025	10.666666666666666	252.98666666666668	155.50666666666666	-3.52005093399419	882	6126	142	14.0	354.0	215.0	12	9.0	105.0	68.0	0	0	28.575527667999268	70640	21501.66837620735	58984	16.50056625141562	
-237518.2087900496	78.5875	10.792207792207792	262.8051948051948	161.4805194805195	-3.52005093399419	883	6129	180	13.0	354.0	215.0	29	9.0	111.0	72.0	0	0	33.96265530586243	70720	21535.631031513214	59055	16.494626696832583	
-350015.798925855	77.0	10.96	265.04	162.77333333333334	-3.52005093399419	884	6134	137	16.0	354.0	215.0	17	9.0	118.0	76.0	0	0	27.63865041732788	70800	21563.269681930542	59126	16.48870056497175	
-412521.62226448476	76.25	10.631578947368421	237.76315789473685	146.73684210526315	-3.52005093399419	885	6138	120	13.0	354.0	215.0	34	8.0	111.0	72.0	0	0	24.824690580368042	70880	21588.09437251091	59198	16.481376975169297	
-287525.57513710076	77.5375	10.76923076923077	247.76923076923077	152.6153846153846	-3.52005093399419	886	6140	140	13.0	376.0	229.0	14	8.0	110.0	71.0	0	0	32.018507957458496	70960	21620.11288046837	59271	16.47266065388952	
-362518.78085398144	76.825	11.04054054054054	261.72972972972974	160.94594594594594	-3.52005093399419	887	6146	113	13.0	354.0	215.0	41	8.0	129.0	84.0	0	0	28.94997000694275	71040	21649.06285047531	59340	16.469594594594597	
-450017.40375583153	77.025	10.716216216216216	227.5810810810811	140.56756756756758	-3.52005093399419	888	6152	141	13.0	354.0	215.0	13	8.0	91.0	59.0	0	0	19.462777137756348	71120	21668.525627613068	59409	16.46653543307086	
-325019.817194351	76.6625	10.64935064935065	235.58441558441558	145.45454545454547	-3.52005093399419	889	6155	135	12.0	354.0	215.0	19	8.0	82.0	53.0	0	0	18.832258939743042	71200	21687.35788655281	59482	16.457865168539314	
-300018.8073165812	77.375	10.61038961038961	253.67532467532467	156.19480519480518	-3.52005093399419	890	6158	131	12.0	354.0	215.0	23	8.0	116.0	75.0	0	0	32.33957099914551	71280	21719.697457551956	59555	16.449214365881033	
-212520.20474397606	77.0375	10.756756756756756	291.5945945945946	178.24324324324326	-3.52005093399419	891	6164	134	13.0	354.0	215.0	20	8.0	114.0	72.0	0	0	42.105902671813965	71360	21761.80336022377	59624	16.446188340807183	
-275020.5430696214	77.0	10.697368421052632	266.63157894736844	163.46052631578948	-3.52005093399419	892	6168	128	12.0	354.0	217.0	26	8.0	95.0	61.0	0	0	31.340537309646606	71440	21793.143897533417	59696	16.438969764837623	
-250020.05370866414	77.0	10.866666666666667	274.02666666666664	168.02666666666667	-3.52005093399419	893	6173	142	12.0	366.0	223.0	12	9.0	112.0	72.0	0	0	28.669579029083252	71520	21821.8134765625	59767	16.433165548098444	
-312516.3533055192	78.3125	10.73972602739726	265.5068493150685	163.05479452054794	-3.52005093399419	894	6180	154	14.0	366.0	223.0	17	8.0	122.0	77.0	0	0	26.362781763076782	71600	21848.176258325577	59836	16.43016759776536	
-287515.97740895324	77.1	10.81081081081081	271.6216216216216	166.52702702702703	-3.52005093399419	895	6186	131	12.0	366.0	223.0	23	8.0	118.0	76.0	0	0	32.929912090301514	71680	21881.10617041588	59905	16.427176339285708	
-237529.3660238597	77.0	10.786666666666667	271.73333333333335	166.77333333333334	-3.52005093399419	896	6191	143	14.0	354.0	215.0	11	8.0	90.0	58.0	0	0	30.568604946136475	71760	21911.674775362015	59976	16.421404682274243	
-350024.83193473436	77.0	10.837837837837839	264.06756756756755	162.2972972972973	-3.52005093399419	897	6197	130	14.0	354.0	215.0	24	8.0	111.0	72.0	0	0	27.82087540626526	71840	21939.49565076828	60044	16.419821826280625	
-300032.50149270444	77.0	10.868421052631579	272.94736842105266	167.32894736842104	-3.52005093399419	898	6201	114	14.0	354.0	215.0	40	8.0	108.0	70.0	0	0	34.52208375930786	71920	21974.017734527588	60114	16.41546162402669	
-462512.9661767958	77.0	10.816901408450704	257.6478873239437	158.45070422535213	-3.52005093399419	899	6210	149	13.0	354.0	215.0	5	9.0	122.0	77.0	0	0	29.19517469406128	72000	22003.21290922165	60181	16.41527777777779	
-237523.20000188766	75.1	10.828947368421053	274.82894736842104	168.3815789473684	-3.52005093399419	900	6214	96	12.0	354.0	215.0	39	8.0	83.0	54.0	0	0	39.0738422870636	72080	22042.286751508713	60251	16.410932297447275	
-425016.98118932015	75.825	10.9	250.3	154.2	-3.52005093399419	901	6224	134	13.0	354.0	215.0	20	9.0	113.0	73.0	0	0	30.363354444503784	72160	22072.650105953217	60317	16.41213968957871	
-287521.06681931886	77.0	10.77027027027027	278.97297297297297	170.7972972972973	-3.52005093399419	902	6230	146	12.0	373.0	229.0	8	8.0	82.0	53.0	0	0	38.55701732635498	72240	22111.20712327957	60386	16.40919158361018	
-350021.2484008201	77.2125	10.675324675324676	262.83116883116884	161.3116883116883	-3.52005093399419	903	6233	134	12.0	378.0	235.0	37	9.0	116.0	75.0	0	0	37.938053369522095	72320	22149.145176649094	60459	16.40071902654867	
-325018.6486235621	76.5375	10.64864864864865	252.43243243243242	155.06756756756758	-3.52005093399419	904	6239	144	12.0	360.0	224.0	10	8.0	111.0	70.0	0	0	24.97881579399109	72400	22174.123992443085	60528	16.39779005524862	
-275027.03866170644	76.025	10.6	261.17333333333335	160.2	-3.52005093399419	905	6244	128	13.0	354.0	215.0	26	8.0	90.0	58.0	0	0	32.77688384056091	72480	22206.900876283646	60598	16.393487858719652	
-300018.5022444837	77.0	10.76	268.4533333333333	164.48	-3.52005093399419	906	6249	122	12.0	378.0	229.0	32	8.0	115.0	73.0	0	0	30.9743709564209	72560	22237.875247240067	60669	16.38781697905182	
-187522.8871834955	77.3125	10.894736842105264	281.88157894736844	172.67105263157896	-3.52005093399419	907	6253	121	12.0	354.0	215.0	58	8.0	101.0	65.0	0	0	31.027384519577026	72640	22268.902631759644	60739	16.383535242290748	
-337517.1709657331	77.0	10.855263157894736	266.7894736842105	163.78947368421052	-3.52005093399419	908	6257	126	12.0	378.0	229.0	28	9.0	133.0	86.0	0	0	33.38612508773804	72720	22302.28875684738	60810	16.377887788778878	
-225021.5601226042	76.825	10.8	276.12	169.25333333333333	-3.52005093399419	909	6262	150	13.0	354.0	215.0	4	8.0	122.0	77.0	0	0	33.86014151573181	72800	22336.148898363113	60880	16.373626373626365	
-312520.54214258783	76.475	11.027027027027026	267.1621621621622	164.28378378378378	-3.52005093399419	910	6268	142	14.0	354.0	215.0	12	9.0	110.0	71.0	0	0	33.35612154006958	72880	22369.505019903183	60949	16.37074643249177	
-337516.3580694033	77.85	10.853333333333333	258.3066666666667	158.73333333333332	-3.52005093399419	911	6273	134	13.0	394.0	243.0	20	9.0	124.0	80.0	0	0	22.106444120407104	72960	22391.61146402359	61019	16.366502192982452	
-262521.03712208977	77.75	10.863013698630137	277.26027397260276	169.87671232876713	-3.517339204335571	912	6280	140	14.0	426.0	257.0	14	9.0	123.0	78.0	0	0	48.958329916000366	73040	22440.56979393959	61087	16.36500547645126	
-362515.72960586415	76.65	10.780821917808218	253.2876712328767	155.97260273972603	-3.517339204335571	913	6287	128	13.0	426.0	257.0	26	8.0	105.0	67.0	0	0	34.402711153030396	73120	22474.97250509262	61155	16.36351203501094	
-275022.3955465516	78.05	10.986666666666666	265.56	162.6	-3.517339204335571	914	6292	161	13.0	426.0	257.0	7	9.0	122.0	77.0	0	0	42.85495901107788	73200	22517.8274641037	61226	16.357923497267763	
-212520.00023091974	79.475	10.794871794871796	253.55128205128204	155.89743589743588	-3.517339204335571	915	6294	114	13.0	354.0	215.0	44	9.0	106.0	67.0	0	0	35.93061137199402	73280	22553.758075475693	61300	16.348253275109172	
-337518.9756431029	77.15	10.819444444444445	257.4861111111111	158.23611111111111	-3.517339204335571	916	6302	147	12.0	378.0	229.0	7	9.0	119.0	75.0	0	0	28.33432149887085	73360	22582.092396974564	61367	16.348146128680483	
-312519.3154080218	79.85	10.702702702702704	251.24324324324326	154.52702702702703	-3.517339204335571	917	6308	178	13.0	354.0	215.0	29	8.0	102.0	66.0	0	0	32.035364627838135	73440	22614.1277616024	61436	16.34531590413944	
-250023.31354519803	79.65	11.026666666666667	274.53333333333336	168.21333333333334	-3.517339204335571	918	6313	147	14.0	354.0	215.0	7	9.0	122.0	77.0	0	0	33.727550983428955	73520	22647.85531258583	61507	16.33977149075082	
-337530.84745474986	79.6625	10.89873417721519	260.43037974683546	159.59493670886076	-3.517339204335571	919	6314	138	12.0	354.0	215.0	21	9.0	122.0	77.0	0	0	30.178502082824707	73600	22678.033814668655	61582	16.328804347826093	
-337516.4636516498	76.8	10.779220779220779	261.2207792207792	160.33766233766235	-3.517339204335571	920	6317	118	12.0	354.0	215.0	36	9.0	122.0	77.0	0	0	34.02757167816162	73680	22712.061386346817	61654	16.321932681867537	
-262522.84576986515	78.8625	10.759493670886076	249.54430379746836	153.48101265822785	-3.517339204335571	921	6318	139	13.0	378.0	229.0	16	8.0	105.0	68.0	0	0	26.661034107208252	73760	22738.722420454025	61729	16.311008676789584	
-262519.22663204354	78.5375	10.605263157894736	238.78947368421052	147.03947368421052	-3.517339204335571	922	6322	129	14.0	354.0	215.0	25	8.0	105.0	68.0	0	0	24.24254083633423	73840	22762.96496129036	61799	16.306879739978328	
-337520.2723122281	78.45	10.432432432432432	228.13513513513513	140.72972972972974	-3.517339204335571	923	6328	152	14.0	354.0	215.0	2	8.0	82.0	53.0	0	0	27.491616249084473	73920	22790.456577539444	61869	16.302759740259745	
-350021.14892734226	78.6125	10.906666666666666	242.21333333333334	149.4	-3.517339204335571	924	6333	142	15.0	354.0	215.0	12	8.0	112.0	72.0	0	0	26.225001573562622	74000	22816.681579113007	61939	16.29864864864865	
-275025.05087556376	78.2625	10.802631578947368	257.1842105263158	158.25	-3.517339204335571	925	6337	142	14.0	354.0	215.0	18	8.0	102.0	66.0	0	0	33.827176570892334	74080	22850.5087556839	62011	16.29184665226782	
-300023.25798053964	83.175	10.884615384615385	238.24358974358975	146.8846153846154	-3.517339204335571	926	6339	142	15.0	378.0	229.0	44	8.0	92.0	59.0	0	0	24.904641151428223	74160	22875.413396835327	62084	16.28371089536138	
-325017.0508867546	82.625	10.894736842105264	245.51315789473685	151.26315789473685	-3.517339204335571	927	6343	142	18.0	354.0	215.0	15	8.0	96.0	62.0	0	0	32.0841166973114	74240	22907.49751353264	62156	16.276939655172413	
-362519.26240366127	77.1	10.826666666666666	257.7866666666667	158.24	-3.517339204335571	928	6348	145	13.0	354.0	215.0	9	9.0	114.0	72.0	0	0	34.31236743927002	74320	22941.80988097191	62226	16.272874058127016	
-312519.9429739547	76.95	10.733333333333333	260.58666666666664	159.84	-3.517339204335571	929	6353	145	15.0	420.0	251.0	9	8.0	102.0	66.0	0	0	36.52241396903992	74400	22978.33229494095	62295	16.270161290322577	
-312524.35897126247	77.0	10.723684210526315	253.18421052631578	155.77631578947367	-3.517339204335571	930	6357	150	14.0	354.0	215.0	4	9.0	114.0	72.0	0	0	28.30060839653015	74480	23006.63290333748	62367	16.263426423200855	
-275025.80644404003	77.0	10.896103896103897	255.05194805194805	156.9090909090909	-3.517339204335571	931	6360	131	14.0	373.0	231.0	23	9.0	114.0	72.0	0	0	30.575219869613647	74560	23037.208123207092	62440	16.25536480686695	
-362513.8463901192	77.375	10.666666666666666	259.5833333333333	159.29166666666666	-3.517339204335571	932	6368	149	13.0	354.0	215.0	5	8.0	102.0	66.0	0	0	30.836118698120117	74640	23068.044241905212	62506	16.256698821007504	
-362523.3751107046	78.3	10.792207792207792	257.54545454545456	158.27272727272728	-3.517339204335571	933	6371	114	13.0	378.0	229.0	46	9.0	109.0	70.0	0	0	29.381723642349243	74720	23097.42596554756	62578	16.25	
-250026.3240042242	76.6125	10.58904109589041	257.6027397260274	158.3013698630137	-3.517339204335571	934	6378	155	15.0	383.0	231.0	14	8.0	96.0	62.0	0	0	26.828598737716675	74800	23124.25456428528	62644	16.25133689839572	
-287520.8190062549	83.2375	10.921052631578947	274.2894736842105	168.1315789473684	-3.517339204335571	935	6382	165	15.0	417.0	251.0	4	9.0	123.0	79.0	0	0	30.716148376464844	74880	23154.970712661743	62716	16.244658119658112	
-237522.8110419314	83.55	10.7625	244.1875	150.525	-3.517339204335571	936	6382	165	19	417	251	58	8	93	60	0	0	30.252508640289307	74960	23185.223221302032	62791	16.233991462113124	
-325027.71305352973	83.2125	10.68	251.41333333333333	154.49333333333334	-3.517339204335571	937	6387	165	13.0	406.0	249.0	28	8.0	88.0	57.0	0	0	23.99118733406067	75040	23209.214408636093	62862	16.228678038379527	
-212519.2434441882	82.5	10.784810126582279	260.9367088607595	160.0506329113924	-3.517339204335571	938	6388	274	14.0	354.0	215.0	56	8.0	90.0	58.0	0	0	31.06029772758484	75120	23240.274706363678	62937	16.218051118210866	
-350026.7096530306	84.3875	10.830985915492958	254.2112676056338	156.38028169014083	-3.517339204335571	939	6397	274	17.0	354.0	215.0	3	8.0	96.0	62.0	0	0	23.354957580566406	75200	23263.629663944244	63004	16.218085106382972	
-262519.5027456937	85.3125	10.746835443037975	261.65822784810126	160.53164556962025	-3.517339204335571	940	6398	274	12.0	354.0	215.0	48	8.0	87.0	56.0	0	0	35.972615480422974	75280	23299.602279424667	63079	16.20749202975557	
-300021.56452763797	80.2	10.693333333333333	249.96	153.93333333333334	-3.517339204335571	941	6403	142	13.0	378.0	229.0	12	8.0	88.0	57.0	0	0	33.853965520858765	75360	23333.456244945526	63150	16.202229299363054	
-300020.02133378515	77.75	10.773333333333333	258.48	158.81333333333333	-3.517339204335571	942	6408	137	13.0	378.0	229.0	17	8.0	96.0	62.0	0	0	23.9489426612854	75440	23357.40518760681	63218	16.20095440084836	
-250021.87066383325	77.375	10.743243243243244	256.5810810810811	157.86486486486487	-3.517339204335571	943	6414	143	13.0	378.0	229.0	11	8.0	98.0	63.0	0	0	25.24492883682251	75520	23382.650116443634	63288	16.19703389830508	
-287520.28938133054	77.0	10.883116883116884	268.0	164.4805194805195	-3.517339204335571	944	6417	109	13.0	354.0	215.0	45	8.0	104.0	67.0	0	0	32.46651005744934	75600	23415.116626501083	63359	16.191798941798936	
-350014.1737611679	77.0	10.893333333333333	264.72	162.33333333333334	-3.517339204335571	945	6422	153	15.0	354.0	215.0	1	8.0	115.0	73.0	0	0	22.214898347854614	75680	23437.331524848938	63430	16.186575052854124	
-300018.82135896286	77.7125	10.786666666666667	266.62666666666667	163.41333333333333	-3.517339204335571	946	6427	130	13.0	354.0	215.0	24	9.0	111.0	70.0	0	0	24.756477117538452	75760	23462.088001966476	63498	16.18532206969377	
-300022.45391479717	78.2625	10.74025974025974	267.02597402597405	163.64935064935065	-3.517339204335571	947	6430	123	12.0	354.0	215.0	71	8.0	82.0	53.0	0	0	39.853625774383545	75840	23501.94162774086	63570	16.178797468354432	
-375030.6777358047	77.0	10.826666666666666	260.24	159.68	-3.517339204335571	948	6435	138	13.0	354.0	215.0	16	9.0	116.0	75.0	0	0	22.534789562225342	75920	23524.476417303085	63639	16.176238145416235	
-250012.43785252917	77.0	10.805194805194805	276.54545454545456	169.35064935064935	-3.517339204335571	949	6438	130	14.0	354.0	215.0	24	8.0	118.0	76.0	0	0	31.17769503593445	76000	23555.65411233902	63711	16.169736842105266	
-325020.4056317822	77.975	10.72	268.44	164.69333333333333	-3.517339204335571	950	6443	147	12.0	378.0	229.0	7	8.0	88.0	57.0	0	0	29.721815586090088	76080	23585.37592792511	63782	16.16456361724501	
-275016.12635116186	78.4625	10.644736842105264	258.25	158.64473684210526	-3.517339204335571	951	6447	133	14.0	354.0	215.0	21	8.0	88.0	57.0	0	0	31.592095613479614	76160	23616.96802353859	63853	16.159401260504197	
-312515.0484212756	77.625	10.891891891891891	250.7027027027027	154.09459459459458	-3.517339204335571	952	6453	144	13.0	354.0	215.0	10	9.0	105.0	68.0	0	0	34.36183214187622	76240	23651.329855680466	63921	16.158184679958026	
-337530.9691643774	77.0	10.896103896103897	240.15584415584416	147.88311688311688	-3.517339204335571	953	6456	133	15.0	354.0	215.0	21	8.0	102.0	66.0	0	0	32.31127309799194	76320	23683.641128778458	63994	16.150419287211733	
-375023.93763968337	78.4	10.693333333333333	244.38666666666666	150.30666666666667	-3.517339204335571	954	6461	137	12.0	354.0	215.0	17	8.0	96.0	62.0	0	0	26.144856452941895	76400	23709.7859852314	64065	16.14528795811519	
-250016.85510162768	80.2375	10.96103896103896	266.76623376623377	163.83116883116884	-3.5155659718128502	955	6464	136	14.0	354.0	215.0	58	8.0	102.0	66.0	0	0	35.63027763366699	76480	23745.416262865067	64138	16.137552301255226	
-287519.45528333104	78.475	10.831168831168831	246.02597402597402	151.3896103896104	-3.5155659718128502	956	6467	136	13.0	354.0	215.0	25	8.0	96.0	62.0	0	0	27.24934673309326	76560	23772.66560959816	64210	16.131138975966564	
-312522.51249649684	77.7375	10.821917808219178	250.34246575342465	154.013698630137	-3.5155659718128502	957	6474	147	13.0	354.0	215.0	7	9.0	104.0	67.0	0	0	24.09276580810547	76640	23796.758375406265	64277	16.13126304801669	
-350014.7872899384	76.8875	10.652777777777779	245.08333333333334	150.77777777777777	-3.5155659718128502	958	6482	153	13.0	354.0	215.0	1	8.0	88.0	57.0	0	0	29.88055443763733	76720	23826.638929843903	64345	16.130083420229397	
-287519.4347787164	75.9625	10.835616438356164	266.1917808219178	163.1917808219178	-3.5155659718128502	959	6489	131	13.0	376.0	229.0	23	8.0	105.0	68.0	0	0	31.7119357585907	76800	23858.350865602493	64414	16.12760416666667	
-325020.8483305185	78.35	10.855263157894736	248.48684210526315	152.75	-3.5155659718128502	960	6493	137	13.0	354.0	215.0	17	8.0	96.0	62.0	0	0	26.65959644317627	76880	23885.01046204567	64485	16.12252861602498	
-325014.78032274824	77.3125	10.743243243243244	253.83783783783784	156.09459459459458	-3.5155659718128502	961	6499	141	13.0	378.0	229.0	13	8.0	115.0	74.0	0	0	33.994203090667725	76960	23919.004665136337	64553	16.121361746361757	
-387517.91075714177	77.2	10.594594594594595	233.93243243243242	143.94594594594594	-3.5155659718128502	962	6505	133	15.0	354.0	215.0	21	8.0	82.0	53.0	0	0	31.802784204483032	77040	23950.80744934082	64622	16.118899273104887	
-325024.55466727493	79.6875	10.584415584415584	234.4935064935065	144.54545454545453	-3.5155659718128502	963	6508	133	12.0	354.0	215.0	36	8.0	87.0	56.0	0	0	23.74857258796692	77120	23974.556021928787	64693	16.11384854771785	
-362525.66520602367	80.1875	10.853333333333333	264.68	162.16	-3.5155659718128502	964	6513	186	15.0	354.0	215.0	24	8.0	93.0	60.0	0	0	24.37213659286499	77200	23998.928158521652	64760	16.113989637305707	
-287516.6516972394	79.45	10.853333333333333	269.92	165.4	-3.5155659718128502	965	6518	181	12.0	354.0	215.0	7	9.0	118.0	77.0	0	0	30.25503945350647	77280	24029.18319797516	64830	16.110248447204967	
-400018.33156222606	77.8375	10.86111111111111	246.45833333333334	151.75	-3.5155659718128502	966	6526	177	15.0	377.0	229.0	2	8.0	96.0	62.0	0	0	23.721426248550415	77360	24052.90462422371	64897	16.11039296794209	
-287520.89725897636	78.15	11.0	278.2112676056338	170.33802816901408	-3.5155659718128502	967	6535	133	14.0	498.0	299.0	21	9.0	116.0	75.0	0	0	28.96456480026245	77440	24081.86918902397	64962	16.113119834710744	
-312521.62530553504	79.8625	10.91025641025641	261.1666666666667	160.44871794871796	-3.5155659718128502	968	6537	153	13.0	498.0	299.0	1	9.0	116.0	75.0	0	0	32.57393789291382	77520	24114.443126916885	65034	16.106811145510832	
-250014.12199055013	77.4125	10.794871794871796	274.52564102564105	168.2948717948718	-3.5155659718128502	969	6539	133	13.0	378.0	229.0	21	9.0	109.0	70.0	0	0	37.05354571342468	77600	24151.49667263031	65107	16.099226804123717	
-212524.64123554417	78.5375	10.831168831168831	260.4155844155844	160.03896103896105	-3.5155659718128502	970	6542	145	16.0	387.0	238.0	9	9.0	102.0	66.0	0	0	34.76086926460266	77680	24186.257541894913	65177	16.095520082389285	
-262519.6203709416	78.175	10.789473684210526	261.44736842105266	160.60526315789474	-3.5155659718128502	971	6546	137	15.0	381.0	229.0	17	8.0	98.0	63.0	0	0	31.1385977268219	77760	24217.396139621735	65248	16.090534979423865	
-362523.60966910684	77.7	11.19718309859155	285.01408450704224	174.33802816901408	-3.5155659718128502	972	6555	147	15.0	354.0	215.0	7	9.0	131.0	84.0	0	0	29.569624185562134	77840	24246.965763807297	65315	16.090698869475844	
-400025.46724267345	77.0	10.756756756756756	252.59459459459458	155.17567567567568	-3.5155659718128502	973	6561	141	14.0	354.0	215.0	13	8.0	88.0	57.0	0	0	31.53044033050537	77920	24278.496204137802	65385	16.08701232032854	
-350014.9045692816	77.5375	10.766233766233766	253.03896103896105	155.75324675324674	-3.5155659718128502	974	6564	134	15.0	378.0	229.0	20	8.0	88.0	57.0	0	0	38.19822907447815	78000	24316.69443321228	65458	16.079487179487188	
-350025.16855421173	77.0	10.763157894736842	255.35526315789474	157.05263157894737	-3.5155659718128502	975	6568	126	15.0	372.0	229.0	28	8.0	105.0	68.0	0	0	21.943835735321045	78080	24338.6382689476	65530	16.073258196721312	
-362514.9230120551	77.4125	10.662162162162161	258.64864864864865	158.67567567567568	-3.5155659718128502	976	6574	143	15.0	354.0	215.0	11	8.0	88.0	57.0	0	0	21.14831018447876	78160	24359.78657913208	65599	16.070880245649946	
-362516.2049586527	77.1625	10.644736842105264	259.4736842105263	159.27631578947367	-3.5155659718128502	977	6578	123	12.0	354.0	215.0	31	8.0	96.0	62.0	0	0	18.425466299057007	78240	24378.212045431137	65670	16.0659509202454	
-337530.4853923893	76.7375	10.702702702702704	262.3378378378378	161.1216216216216	-3.5155659718128502	978	6584	127	13.0	354.0	215.0	31	8.0	91.0	59.0	0	0	21.747665882110596	78320	24399.959711313248	65740	16.062308478038815	
-262524.2229908195	78.95	10.723684210526315	256.86842105263156	157.68421052631578	-3.5155659718128502	979	6588	131	13.0	376.0	229.0	23	8.0	91.0	59.0	0	0	31.754084587097168	78400	24431.713795900345	65810	16.058673469387756	
-412513.5904850239	80.5375	10.789473684210526	250.81578947368422	153.8815789473684	-3.5155659718128502	980	6592	160	15.0	354.0	215.0	8	8.0	105.0	67.0	0	0	28.815784454345703	78480	24460.52958035469	65882	16.052497451580024	
-212519.7951455142	80.15	10.936708860759493	262.2278481012658	160.873417721519	-3.5155659718128502	981	6593	123	15.0	448.0	271.0	50	8.0	105.0	68.0	0	0	38.20095252990723	78560	24498.730532884598	65957	16.042515274949082	
-300023.1300320649	76.225	10.621621621621621	261.7972972972973	160.43243243243242	-3.5155659718128502	982	6599	134	12.0	378.0	229.0	20	8.0	104.0	67.0	0	0	30.98888349533081	78640	24529.71941637993	66027	16.038911495422184	
-287529.92092433316	74.9375	10.662337662337663	246.71428571428572	151.66233766233765	-3.5155659718128502	983	6602	149	13.0	354.0	215.0	5	8.0	105.0	68.0	0	0	25.263367414474487	78720	24554.982783794403	66100	16.03150406504065	
-262529.9530785541	78.425	10.68421052631579	247.68421052631578	152.5921052631579	-3.5155659718128502	984	6606	149	14.0	354.0	215.0	10	8.0	93.0	60.0	0	0	25.364548683166504	78800	24580.34733247757	66171	16.026649746192888	
-312530.2960340814	76.7875	10.85135135135135	267.52702702702703	164.06756756756758	-3.5155659718128502	985	6612	130	14.0	363.0	219.0	24	8.0	104.0	67.0	0	0	26.061163187026978	78880	24606.408495664597	66240	16.024340770791085	
-350025.92979438463	76.7125	10.743243243243244	250.25675675675674	153.83783783783784	-3.5155188585611765	986	6618	130	15.0	378.0	229.0	24	8.0	98.0	63.0	0	0	21.39853596687317	78960	24627.80703163147	66308	16.023302938196565	
-275022.4459319881	76.9	10.68421052631579	254.03947368421052	156.1315789473684	-3.5147761916984237	987	6622	99	15.0	364.0	226.0	60	8.0	88.0	57.0	0	0	31.033565759658813	79040	24658.84059739113	66379	16.01847165991903	
-350018.55737919814	77.0	10.871428571428572	265.72857142857146	162.92857142857142	-3.5147761916984237	988	6632	142	13.0	354.0	215.0	12	8.0	102.0	66.0	0	0	29.4019558429718	79120	24688.2425532341	66444	16.02123356926188	
-362523.7794829092	77.0	10.797297297297296	255.85135135135135	157.14864864864865	-3.5147761916984237	989	6638	136	13.0	354.0	215.0	18	8.0	105.0	68.0	0	0	25.300612926483154	79200	24713.543166160583	66513	16.01893939393939	
-400020.32340850774	77.0	10.813333333333333	241.57333333333332	148.57333333333332	-3.5147761916984237	990	6643	144	13.0	354.0	215.0	10	8.0	96.0	62.0	0	0	28.7433123588562	79280	24742.28647851944	66583	16.01538849646822	
-375016.36238852626	77.0	10.75	251.71052631578948	154.56578947368422	-3.5147761916984237	991	6647	148	13.0	354.0	215.0	6	8.0	108.0	70.0	0	0	30.348201513290405	79360	24772.63468003273	66653	16.011844758064512	
-325016.27646167146	77.5	10.753424657534246	268.63013698630135	164.82191780821918	-3.5147761916984237	992	6654	146	13.0	378.0	229.0	8	8.0	102.0	66.0	0	0	45.2589693069458	79440	24817.893649339676	66722	16.00956696878147	
-287523.18824574567	77.0	10.773333333333333	270.24	165.8	-3.5147761916984237	993	6659	124	12.0	354.0	215.0	30	8.0	93.0	60.0	0	0	31.4284884929657	79520	24849.32213783264	66791	16.007293762575443	
-312523.04400357476	76.9125	10.61038961038961	237.28571428571428	146.24675324675326	-3.5147761916984237	994	6662	125	13.0	378.0	229.0	29	8.0	95.0	61.0	0	0	34.00312423706055	79600	24883.325262069702	66863	16.001256281407038	
-300014.3842945957	77.9625	10.671052631578947	258.4605263157895	158.64473684210526	-3.5147761916984237	995	6666	143	14.0	378.0	229.0	11	8.0	108.0	70.0	0	0	42.57165575027466	79680	24925.896917819977	66934	15.996485943775099	
-425014.46393609187	78.2	10.777777777777779	255.16666666666666	156.73611111111111	-3.5147761916984237	996	6674	131	14.0	354.0	215.0	23	9.0	105.0	68.0	0	0	39.4571053981781	79760	24965.354023218155	67001	15.99674022066199	
-387518.4440813497	82.95	10.72972972972973	257.22972972972974	158.1081081081081	-3.5147761916984237	997	6680	193	12.0	378.0	229.0	13	9.0	115.0	73.0	0	0	32.894118547439575	79840	24998.248141765594	67070	15.99448897795591	
-337526.0619908225	78.6125	10.72	252.22666666666666	155.08	-3.5147761916984237	998	6685	189	12.0	354.0	215.0	13	9.0	116.0	75.0	0	0	27.983648777008057	79920	25026.231790542603	67141	15.989739739739733	
-337519.63152786496	77.75	10.893333333333333	265.3066666666667	162.74666666666667	-3.5147761916984237	999	6690	168	13.0	354.0	215.0	4	8.0	116.0	75.0	0	0	25.103277683258057	80000	25051.33506822586	67210	15.987499999999997	
-250017.39693170507	80.3375	10.794871794871796	267.38461538461536	164.12820512820514	-3.514720611916804	1000	6692	139	15.0	415.0	253.0	15	8.0	105.0	68.0	0	0	36.50938534736633	80080	25087.844453573227	67283	15.980269730269725	
-350022.33897838026	76.75	10.855263157894736	262.4868421052632	161.1578947368421	-3.514720611916804	1001	6696	128	12.0	415.0	253.0	26	9.0	113.0	73.0	0	0	37.097798109054565	80160	25124.94225168228	67354	15.975548902195612	
-300017.52786137175	76.925	10.73972602739726	257.1917808219178	158.27397260273972	-3.514720611916804	1002	6703	117	13.0	375.0	229.0	37	8.0	116.0	75.0	0	0	37.799139738082886	80240	25162.741391420364	67423	15.973330009970084	
-275016.34041082475	77.325	10.702702702702704	265.9864864864865	163.3108108108108	-3.514720611916804	1003	6709	150	13.0	354.0	217.0	4	8.0	102.0	66.0	0	0	36.11886548995972	80320	25198.860256910324	67493	15.969870517928285	
-362511.0086945508	77.0	10.91891891891892	286.0810810810811	175.17567567567568	-3.514720611916804	1004	6715	146	14.0	354.0	216.0	8	8.0	102.0	66.0	0	0	32.56886148452759	80400	25231.42911839485	67562	15.96766169154229	
-400016.65982023405	78.5375	10.896103896103897	250.37662337662337	154.02597402597402	-3.514720611916804	1005	6718	140	17.0	382.0	232.0	14	9.0	102.0	66.0	0	0	28.527010440826416	80480	25259.956128835678	67635	15.960487077534793	
-275016.8085387414	78.75	10.881578947368421	272.1578947368421	166.72368421052633	-3.514720611916804	1006	6722	149	15.0	373.0	229.0	5	8.0	110.0	71.0	0	0	34.44894337654114	80560	25294.40507221222	67707	15.954568023833176	
-300028.29176728014	77.05	10.92	282.29333333333335	172.90666666666667	-3.514720611916804	1007	6727	135	13.0	354.0	215.0	19	8.0	105.0	67.0	0	0	36.23134422302246	80640	25330.63641643524	67777	15.951140873015873	
-350026.4421208957	76.45	10.91891891891892	277.4864864864865	170.17567567567568	-3.514720611916804	1008	6733	132	14.0	354.0	215.0	22	8.0	102.0	66.0	0	0	35.23467493057251	80720	25365.871091365814	67847	15.947720515361738	
-375021.68102576805	76.8	10.891891891891891	268.64864864864865	164.77027027027026	-3.514720611916804	1009	6739	147	14.0	354.0	215.0	7	8.0	96.0	62.0	0	0	33.396994829177856	80800	25399.268086194992	67917	15.94430693069306	
-375019.14560518705	75.775	10.891891891891891	278.7162162162162	170.75675675675674	-3.514720611916804	1010	6745	128	14.0	355.0	216.0	26	8.0	114.0	72.0	0	0	37.69116973876953	80880	25436.95925593376	67986	15.94213649851632	
-325022.0878748641	77.0	10.883116883116884	257.5974025974026	158.4935064935065	-3.514720611916804	1011	6748	119	14.0	468.0	279.0	35	8.0	105.0	68.0	0	0	32.650649547576904	80960	25469.60990548134	68057	15.9375	
-337514.9291938803	77.475	10.945205479452055	273.56164383561645	167.82191780821918	-3.514720611916804	1012	6755	138	14.0	447.0	273.0	20	8.0	114.0	72.0	0	0	32.83954048156738	81040	25502.449445962906	68125	15.936574531095758	
-312517.04239703837	79.65	11.0	264.2236842105263	162.26315789473685	-3.514720611916804	1013	6759	164	17.0	428.0	262.0	3	9.0	116.0	75.0	0	0	35.22303080558777	81120	25537.672476768494	68195	15.933185404339241	
-275029.10824547074	76.325	10.849315068493151	266.4109589041096	163.45205479452054	-3.514720611916804	1014	6766	152	13.0	354.0	215.0	2	8.0	106.0	68.0	0	0	33.62617874145508	81200	25571.29865550995	68264	15.93103448275862	
-312524.04846984096	77.0	10.773333333333333	267.0133333333333	163.82666666666665	-3.514720611916804	1015	6771	140	13.0	400.0	245.0	14	8.0	115.0	73.0	0	0	27.262587785720825	81280	25598.56124329567	68334	15.927657480314963	
-375024.9507261291	76.7	10.808219178082192	258.5342465753425	158.95890410958904	-3.514720611916804	1016	6778	144	13.0	378.0	229.0	10	9.0	113.0	73.0	0	0	24.822890996932983	81360	25623.384134292603	68401	15.927974434611599	
-362514.75393319933	78.0	10.906666666666666	255.78666666666666	157.45333333333335	-3.514720611916804	1017	6783	139	14.0	354.0	215.0	7	8.0	101.0	65.0	0	0	34.43129229545593	81440	25657.81542658806	68471	15.924607072691558	
-237526.02902989107	75.3375	10.618421052631579	255.43421052631578	156.92105263157896	-3.514720611916804	1018	6787	128	15.0	354.0	215.0	26	8.0	96.0	62.0	0	0	36.129436016082764	81520	25693.94486260414	68541	15.921246319921494	
-375031.1090072004	77.0	10.866666666666667	269.28	165.44	-3.514720611916804	1019	6792	133	13.0	400.0	243.0	21	9.0	108.0	70.0	0	0	35.23286175727844	81600	25729.17772436142	68611	15.917892156862749	
-337520.13226565253	77.6	10.837837837837839	276.02702702702703	169.04054054054055	-3.514720611916804	1020	6798	140	12.0	354.0	215.0	14	9.0	120.0	78.0	0	0	39.06615591049194	81680	25768.24388027191	68681	15.914544564152791	
-262528.0528215728	77.8	10.833333333333334	269.4230769230769	165.0	-3.514720611916804	1021	6800	137	15.0	380.0	229.0	28	8.0	106.0	67.0	0	0	26.318143844604492	81760	25794.562024116516	68754	15.907534246575338	
-425013.3715370928	76.35	10.726027397260275	260.7945205479452	160.13698630136986	-3.514720611916804	1022	6807	150	12.0	354.0	215.0	4	8.0	113.0	73.0	0	0	32.213156938552856	81840	25826.77518105507	68823	15.90542521994135	
-275029.4307378571	75.375	10.878378378378379	283.9054054054054	173.6891891891892	-3.514720611916804	1023	6813	146	12.0	354.0	215.0	7	9.0	122.0	79.0	0	0	38.25109052658081	81920	25865.02627158165	68892	15.9033203125	
-337523.67905793956	77.0	10.753424657534246	251.65753424657535	154.6027397260274	-3.514720611916804	1024	6820	110	13.0	354.0	215.0	44	9.0	102.0	66.0	0	0	32.79617691040039	82000	25897.82244849205	68961	15.901219512195127	
-325024.1806836756	77.2875	10.73076923076923	265.0769230769231	162.47435897435898	-3.514720611916804	1025	6822	110	13.0	354.0	215.0	44	8.0	99.0	64.0	0	0	28.374195337295532	82080	25926.196643829346	69033	15.89546783625731	
-375017.0104973289	76.2	10.727272727272727	255.46753246753246	156.72727272727272	-3.514720611916804	1026	6825	145	12.0	354.0	215.0	9	8.0	98.0	64.0	0	0	38.229849338531494	82160	25964.426493167877	69104	15.89094449853944	
-287528.0520427457	76.9875	10.846153846153847	266.1025641025641	163.10256410256412	-3.514720611916804	1027	6827	127	13.0	378.0	229.0	27	9.0	113.0	73.0	0	0	36.1191668510437	82240	26000.54566001892	69176	15.885214007782096	
-300024.47253461427	78.4	10.710526315789474	255.44736842105263	157.03947368421052	-3.514720611916804	1028	6831	122	14.0	354.0	215.0	37	8.0	113.0	73.0	0	0	32.03136348724365	82320	26032.577023506165	69248	15.879494655004862	
-362525.1242338124	78.9625	10.75	250.13888888888889	153.59722222222223	-3.514720611916804	1029	6839	133	13.0	354.0	215.0	21	8.0	115.0	74.0	0	0	30.583756923675537	82400	26063.16078042984	69316	15.87864077669903	
-362528.1680842911	78.1125	10.947368421052632	248.0921052631579	152.64473684210526	-3.514720611916804	1030	6843	142	14.0	354.0	215.0	12	8.0	103.0	66.0	0	0	27.920172452926636	82480	26091.080952882767	69388	15.872938894277397	
-325022.11796701915	77.875	10.81081081081081	256.1216216216216	157.28378378378378	-3.514720611916804	1031	6849	146	13.0	354.0	215.0	8	8.0	96.0	62.0	0	0	28.39760947227478	82560	26119.47856235504	69456	15.872093023255815	
-400023.846834492	78.2125	10.616438356164384	249.84931506849315	153.54794520547946	-3.514720611916804	1032	6856	171	13.0	354.0	215.0	4	8.0	80.0	52.0	0	0	22.152880668640137	82640	26141.63144302368	69525	15.870038722168445	
-312531.2185163114	77.625	10.736842105263158	271.11842105263156	166.43421052631578	-3.514720611916804	1033	6860	137	14.0	354.0	215.0	17	9.0	116.0	75.0	0	0	32.08589196205139	82720	26173.717334985733	69596	15.86557059961315	
-275018.2150709924	77.225	10.820512820512821	260.4230769230769	159.8846153846154	-3.514720611916804	1034	6862	120	13.0	498.0	299.0	34	9.0	116.0	75.0	0	0	32.806100606918335	82800	26206.52343559265	69668	15.85990338164251	
-325016.191791355	77.0	10.85897435897436	261.7564102564103	160.6153846153846	-3.514720611916804	1035	6864	122	15.0	354.0	215.0	32	9.0	113.0	73.0	0	0	38.82202649116516	82880	26245.345462083817	69740	15.854247104247094	
-275034.94880969566	78.8	10.75	261.25	160.35526315789474	-3.514720611916804	1036	6868	120	13.0	354.0	215.0	34	8.0	82.0	53.0	0	0	29.27441644668579	82960	26274.619878530502	69811	15.849807135969144	
-275019.7464526183	79.825	10.628205128205128	267.88461538461536	164.0897435897436	-3.514720611916804	1037	6870	119	13.0	354.0	215.0	35	8.0	87.0	56.0	0	0	36.943400144577026	83040	26311.56327867508	69885	15.84176300578035	
-387536.2148450187	77.35	10.857142857142858	265.15584415584414	162.6103896103896	-3.514720611916804	1038	6873	145	13.0	379.0	229.0	9	9.0	110.0	71.0	0	0	29.539430141448975	83120	26341.10270881653	69957	15.836140519730506	
-362528.54711179825	77.8	10.80281690140845	268.22535211267603	164.64788732394365	-3.514720611916804	1039	6882	143	14.0	354.0	215.0	35	9.0	95.0	62.0	0	0	35.42506194114685	83200	26376.527770757675	70022	15.838942307692307	
-375011.74288284185	76.6	10.680555555555555	265.6388888888889	162.875	-3.514720611916804	1040	6890	182	12.0	366.0	223.0	6	9.0	113.0	73.0	0	0	32.19641160964966	83280	26408.724182367325	70090	15.83813640730068	
-300018.27497872803	77.0	10.844155844155845	277.3636363636364	169.7792207792208	-3.514720611916804	1041	6893	135	13.0	354.0	215.0	19	9.0	114.0	74.0	0	0	34.34981632232666	83360	26443.07399868965	70163	15.831333973128608	
-312513.9832339816	77.0	10.894736842105264	272.4605263157895	167.0921052631579	-3.514720611916804	1042	6897	134	13.0	354.0	215.0	20	9.0	115.0	74.0	0	0	35.10941958427429	83440	26478.183418273926	70233	15.828139980824545	
-275020.396632729	77.25	10.864864864864865	287.72972972972974	176.05405405405406	-3.514720611916804	1043	6903	143	12.0	382.0	233.0	11	9.0	116.0	75.0	0	0	42.49286222457886	83520	26520.676280498505	70302	15.826149425287355	
-375034.37792977795	76.525	10.75	252.5921052631579	155.3421052631579	-3.514720611916804	1044	6907	152	13.0	375.0	229.0	2	8.0	87.0	56.0	0	0	34.031481981277466	83600	26554.707762479782	70374	15.82057416267942	
-312518.0183154533	77.0	10.68	272.76	167.09333333333333	-3.514720611916804	1045	6912	125	14.0	354.0	215.0	29	8.0	115.0	73.0	0	0	33.607300758361816	83680	26588.315063238144	70442	15.819789674952204	
-312522.13081968157	77.0	10.613333333333333	250.12	153.72	-3.514720611916804	1046	6917	150	13.0	354.0	215.0	4	9.0	105.0	68.0	0	0	29.04986000061035	83760	26617.364923238754	70512	15.816618911174785	
-325016.1200423605	77.3625	10.820512820512821	275.6025641025641	168.74358974358975	-3.514720611916804	1047	6919	110	12.0	378.0	229.0	49	8.0	93.0	60.0	0	0	35.043198585510254	83840	26652.408121824265	70584	15.811068702290072	
-325021.4545428179	79.425	10.932432432432432	283.22972972972974	173.3108108108108	-3.514720611916804	1048	6925	143	13.0	386.0	234.0	11	9.0	122.0	79.0	0	0	34.2299063205719	83920	26686.638028144836	70654	15.807912297426114	
-312527.4160721102	77.725	10.805194805194805	270.1818181818182	165.72727272727272	-3.514720611916804	1049	6928	135	12.0	354.0	215.0	34	9.0	102.0	66.0	0	0	25.89569354057312	84000	26712.53372168541	70726	15.802380952380958	
-350019.2686295876	76.9375	10.723684210526315	273.61842105263156	167.6315789473684	-3.514720611916804	1050	6932	139	12.0	354.0	215.0	15	8.0	116.0	75.0	0	0	29.190225839614868	84080	26741.723947525024	70797	15.798049476688874	
-325022.1011469023	77.0	10.816901408450704	276.9154929577465	169.4788732394366	-3.514720611916804	1051	6941	152	14.0	354.0	215.0	2	8.0	116.0	75.0	0	0	23.519785165786743	84160	26765.24373269081	70863	15.799667300380221	
-312525.1812743589	77.0	10.670886075949367	267.17721518987344	163.9493670886076	-3.514720611916804	1052	6942	127	12.0	376.0	229.0	27	8.0	120.0	78.0	0	0	37.38362908363342	84240	26802.627361774445	70938	15.790598290598297	
-362511.9704423499	77.0	10.915492957746478	278.9154929577465	171.05633802816902	-3.514720611916804	1053	6951	150	15.0	381.0	229.0	4	8.0	116.0	75.0	0	0	29.40149974822998	84320	26832.028861522675	71005	15.791034155597728	
-312528.0211313203	79.7375	10.786666666666667	270.2266666666667	165.92	-3.514720611916804	1054	6956	150	13.0	381.0	229.0	30	9.0	116.0	75.0	0	0	28.029716730117798	84400	26860.058578252792	71075	15.78791469194313	
-287522.6435727662	81.05	10.84	273.06666666666666	167.44	-3.514720611916804	1055	6961	150	13.0	354.0	215.0	15	9.0	97.0	63.0	0	0	32.05072259902954	84480	26892.109300851822	71146	15.783617424242422	
-200034.30341424118	80.5875	10.846153846153847	274.1923076923077	168.14102564102564	-3.514720611916804	1056	6963	180	13.0	354.0	215.0	35	8.0	113.0	73.0	0	0	29.13844871520996	84560	26921.247749567032	71217	15.779328287606432	
-287527.8920729859	77.5	10.907894736842104	290.14473684210526	177.42105263157896	-3.514720611916804	1057	6967	145	13.0	354.0	215.0	9	9.0	110.0	71.0	0	0	35.14098381996155	84640	26956.388733386993	71287	15.776228733459348	
-362515.3486568349	76.775	10.746666666666666	258.62666666666667	159.09333333333333	-3.514720611916804	1058	6972	151	14.0	354.0	215.0	3	8.0	108.0	70.0	0	0	32.3703453540802	84720	26988.759078741074	71358	15.771954674220964	
-312522.6591754821	77.025	10.73611111111111	270.5416666666667	165.77777777777777	-3.514720611916804	1059	6980	160	14.0	354.0	215.0	1	8.0	122.0	78.0	0	0	37.63389825820923	84800	27026.392976999283	71426	15.771226415094347	
-350015.74212342745	77.0	10.873239436619718	270.80281690140845	166.11267605633802	-3.514720611916804	1060	6989	132	14.0	381.0	229.0	22	8.0	116.0	75.0	0	0	35.08122253417969	84880	27061.474199533463	71492	15.772855796418469	
-312526.62875333487	80.125	10.773333333333333	261.44	160.62666666666667	-3.514720611916804	1061	6994	147	12.0	354.0	215.0	9	9.0	111.0	72.0	0	0	34.01769495010376	84960	27095.491894483566	71563	15.768596986817329	
-262523.29449022247	76.9375	10.797297297297296	278.5405405405405	170.6081081081081	-3.514720611916804	1062	7000	153	12.0	354.0	215.0	1	9.0	116.0	75.0	0	0	34.33890438079834	85040	27129.830798864365	71632	15.766698024459075	
-350013.1829867138	77.1	10.657894736842104	256.89473684210526	157.85526315789474	-3.514720611916804	1063	7004	136	13.0	354.0	215.0	18	8.0	96.0	62.0	0	0	35.11933922767639	85120	27164.95013809204	71703	15.7624530075188	
-287524.9805451643	77.0	10.74025974025974	260.16883116883116	159.87012987012986	-3.514720611916804	1064	7007	148	13.0	354.0	215.0	6	8.0	99.0	64.0	0	0	30.5090594291687	85200	27195.45919752121	71775	15.75704225352112	
-312517.29160023644	77.0	10.87012987012987	280.2857142857143	171.92207792207793	-3.514720611916804	1065	7010	93	13.0	354.0	215.0	61	8.0	105.0	68.0	0	0	41.84934997558594	85280	27237.308547496796	71848	15.750469043151966	
-387536.5839938022	77.0	10.777777777777779	255.23611111111111	156.80555555555554	-3.514720611916804	1066	7018	141	13.0	354.0	215.0	13	9.0	116.0	75.0	0	0	23.847074031829834	85360	27261.155621528625	71914	15.752108716026243	
-400014.99714041466	78.5375	10.906666666666666	256.9866666666667	158.02666666666667	-3.514720611916804	1067	7023	162	13.0	354.0	215.0	5	9.0	116.0	75.0	0	0	30.6161105632782	85440	27291.771732091904	71983	15.750234082397014	
-362513.0140512559	78.0	10.973333333333333	271.9066666666667	166.82666666666665	-3.514720611916804	1068	7028	162	15.0	354.0	215.0	22	7.0	90.0	58.0	0	0	35.925309896469116	85520	27327.697041988373	72053	15.747193638914865	
-300016.93931403797	77.65	10.835616438356164	284.47945205479454	174.1917808219178	-3.514720611916804	1069	7035	130	13.0	354.0	215.0	24	9.0	108.0	70.0	0	0	40.46280336380005	85600	27368.159845352173	72121	15.746495327102807	
-262524.2973298371	75.775	10.68421052631579	271.9078947368421	166.67105263157896	-3.514720611916804	1070	7039	146	12.0	354.0	215.0	8	8.0	113.0	73.0	0	0	34.65425181388855	85680	27402.81409716606	72192	15.742296918767508	
-337513.18890087336	76.525	10.628205128205128	267.5897435897436	163.96153846153845	-3.514720611916804	1071	7041	100	12.0	354.0	215.0	52	8.0	102.0	66.0	0	0	32.81235480308533	85760	27435.626451969147	72264	15.736940298507463	
-350018.2573545661	76.5125	10.89041095890411	270.8767123287671	165.91780821917808	-3.514720611916804	1072	7048	144	15.0	363.0	221.0	10	9.0	114.0	74.0	0	0	26.96351408958435	85840	27462.58996605873	72331	15.737418452935685	
-300018.3764724761	77.0	10.716216216216216	269.6756756756757	165.1891891891892	-3.514720611916804	1073	7054	153	12.0	354.0	215.0	1	8.0	96.0	62.0	0	0	30.932140588760376	85920	27493.52210664749	72399	15.736731843575427	
-425013.168537521	77.0	10.85135135135135	270.5	165.8918918918919	-3.514720611916804	1074	7060	107	12.0	354.0	215.0	47	8.0	114.0	74.0	0	0	35.61706018447876	86000	27529.13916683197	72468	15.734883720930242	
-425017.70505307	76.9875	10.742857142857142	258.0571428571429	158.54285714285714	-3.514720611916804	1075	7070	134	12.0	381.0	229.0	20	9.0	116.0	75.0	0	0	29.501322984695435	86080	27558.640489816666	72534	15.736524163568774	
-337513.29695806885	76.9875	10.948717948717949	269.78205128205127	165.43589743589743	-3.514720611916804	1076	7072	126	13.0	354.0	215.0	28	9.0	116.0	75.0	0	0	38.7773699760437	86160	27597.41785979271	72608	15.728876508820804	
-287528.45957440685	77.375	11.098591549295774	283.49295774647885	173.6056338028169	-3.514720611916804	1077	7081	144	15.0	363.0	219.0	10	9.0	116.0	75.0	0	0	39.96192383766174	86240	27637.37978363037	72675	15.7293599257885	
-400013.11312405404	76.625	10.777777777777779	271.19444444444446	166.26388888888889	-3.514720611916804	1078	7089	149	12.0	378.0	229.0	5	8.0	90.0	58.0	0	0	33.47493934631348	86320	27670.854722976685	72743	15.72868396663577	
-487516.12996038777	77.625	10.767123287671232	261.63013698630135	160.31506849315068	-3.514720611916804	1079	7096	153	12.0	354.0	215.0	1	8.0	107.0	69.0	0	0	29.692123413085938	86400	27700.54684638977	72811	15.728009259259252	
-287527.5904922076	77.8	10.820512820512821	262.11538461538464	160.83333333333334	-3.514720611916804	1080	7098	132	14.0	354.0	215.0	16	8.0	96.0	62.0	0	0	39.85896325111389	86480	27740.405809640884	72880	15.726179463459758	
-387513.98117106274	78.3125	10.64864864864865	243.75675675675674	150.09459459459458	-3.514720611916804	1081	7104	119	13.0	354.0	215.0	36	9.0	105.0	68.0	0	0	33.113412380218506	86560	27773.519222021103	72949	15.724353049907577	
-312512.5867597913	80.425	10.547945205479452	245.13698630136986	151.12328767123287	-3.514720611916804	1082	7111	162	12.0	354.0	215.0	17	8.0	113.0	73.0	0	0	29.883477926254272	86640	27803.402699947357	73016	15.724838411819022	
-400015.9546325949	80.75	10.869565217391305	270.42028985507244	165.8840579710145	-3.514720611916804	1083	7122	162	13.0	354.0	215.0	15	8.0	111.0	72.0	0	0	24.103301286697388	86720	27827.506001234055	73080	15.728782287822867	
-212520.28559535355	80.85	10.807692307692308	267.65384615384613	164.23076923076923	-3.514720611916804	1084	7124	162	13.0	354.0	215.0	6	8.0	102.0	66.0	0	0	30.764333248138428	86800	27858.270334482193	73154	15.721198156682021	
-312513.7132131972	77.0	10.813333333333333	280.53333333333336	171.78666666666666	-3.514720611916804	1085	7129	131	13.0	354.0	215.0	23	9.0	114.0	72.0	0	0	35.28910851478577	86880	27893.55944299698	73224	15.7182320441989	
-262524.6652795853	77.0	10.894736842105264	281.7368421052632	172.44736842105263	-3.514720611916804	1086	7133	119	13.0	354.0	215.0	35	9.0	115.0	74.0	0	0	47.30899143218994	86960	27940.86843442917	73295	15.714121435142587	
-312524.6766760249	77.0	10.77027027027027	258.44594594594594	158.86486486486487	-3.514720611916804	1087	7139	144	14.0	354.0	215.0	10	9.0	102.0	66.0	0	0	38.6855742931366	87040	27979.554008722305	73365	15.711167279411768	
-287525.70127442817	78.2	10.88	284.76	174.17333333333335	-3.514720611916804	1088	7144	135	12.0	408.0	245.0	19	8.0	104.0	67.0	0	0	44.04802632331848	87120	28023.602035045624	73433	15.710514233241497	
-337514.6168539698	77.625	10.828947368421053	267.0	163.64473684210526	-3.514720611916804	1089	7148	135	13.0	354.0	215.0	33	9.0	122.0	79.0	0	0	50.82099199295044	87200	28074.423027038574	73505	15.705275229357795	
-300020.54452151514	77.0	10.64935064935065	261.72727272727275	160.4805194805195	-3.514720611916804	1090	7151	145	12.0	354.0	215.0	9	8.0	93.0	60.0	0	0	41.70750427246094	87280	28116.130531311035	73577	15.70004582951421	
-437517.0691785902	79.4125	10.73611111111111	268.375	164.40277777777777	-3.514720611916804	1091	7159	145	12.0	354.0	215.0	15	9.0	116.0	75.0	0	0	19.395451068878174	87360	28135.525982379913	73644	15.700549450549445	
-350016.1572836201	78.8	10.972602739726028	267.1095890410959	163.84931506849315	-3.514720611916804	1092	7166	148	15.0	354.0	215.0	6	9.0	116.0	75.0	0	0	24.466785192489624	87440	28159.992767572403	73711	15.70105215004574	
-362519.44379851583	78.425	10.878378378378379	265.5405405405405	162.75675675675674	-3.514720611916804	1093	7172	138	14.0	354.0	215.0	17	9.0	122.0	79.0	0	0	29.960697412490845	87520	28189.953464984894	73780	15.699268738574034	
-312523.5401131639	77.9875	10.846153846153847	273.56410256410254	167.51282051282053	-3.514720611916804	1094	7174	122	15.0	354.0	215.0	38	9.0	102.0	66.0	0	0	39.57992124557495	87600	28229.53338623047	73852	15.694063926940643	
-337535.8389972177	78.4	10.81578947368421	269.88157894736844	165.30263157894737	-3.514720611916804	1095	7178	150	12.0	354.0	215.0	4	8.0	114.0	72.0	0	0	38.65612173080444	87680	28268.189507961273	73923	15.690009124087595	
-325032.42221193213	77.3	10.726027397260275	260.4931506849315	160.02739726027397	-3.514720611916804	1096	7185	145	13.0	354.0	215.0	17	8.0	114.0	72.0	0	0	28.96143364906311	87760	28297.150941610336	73992	15.688240656335466	
-312524.31928505265	77.7125	10.746666666666666	266.25333333333333	163.12	-3.514720611916804	1097	7190	150	13.0	354.0	215.0	4	8.0	114.0	72.0	0	0	32.12719130516052	87840	28329.278132915497	74062	15.685336976320585	
-325020.56032639206	77.7625	10.891891891891891	265.2162162162162	162.8108108108108	-3.514720611916804	1098	7196	141	16.0	354.0	215.0	13	9.0	111.0	72.0	0	0	36.6064772605896	87920	28365.884610176086	74132	15.682438580527759	
-262519.56348698976	77.05	10.726027397260275	270.4109589041096	165.57534246575344	-3.514720611916804	1099	7203	153	13.0	378.0	229.0	1	8.0	104.0	67.0	0	0	30.367802619934082	88000	28396.25241279602	74200	15.681818181818187	
-325018.9131783806	77.0	10.653846153846153	258.2435897435897	158.71794871794873	-3.514720611916804	1100	7205	119	12.0	354.0	215.0	35	8.0	113.0	73.0	0	0	33.12217879295349	88080	28429.374591588974	74273	15.675522252497728	
-287524.64787879196	77.0375	10.727272727272727	272.9220779220779	167.07792207792207	-3.514720611916804	1101	7208	119	12.0	378.0	229.0	35	8.0	105.0	68.0	0	0	27.966397047042847	88160	28457.340988636017	74345	15.670372050816695	
-337520.65244705026	75.4625	10.746666666666666	270.37333333333333	165.96	-3.514720611916804	1102	7213	132	13.0	354.0	215.0	22	8.0	116.0	75.0	0	0	26.904173612594604	88240	28484.24516224861	74413	15.669764279238436	
-437521.0655851435	73.1625	10.797297297297296	255.97297297297297	157.2972972972973	-3.514720611916804	1103	7219	139	15.0	354.0	215.0	3	8.0	108.0	70.0	0	0	24.968630075454712	88320	28509.213792324066	74481	15.669157608695656	
-337519.5336299762	73.0875	10.75	253.64473684210526	155.73684210526315	-3.514720611916804	1104	7223	130	14.0	386.0	231.0	24	8.0	123.0	79.0	0	0	36.291821241378784	88400	28545.505613565445	74551	15.66628959276018	
-437514.20654690126	72.575	10.618421052631579	251.60526315789474	154.76315789473685	-3.514720611916804	1105	7227	145	15.0	435.0	262.0	9	8.0	88.0	57.0	0	0	31.08182692527771	88480	28576.587440490723	74621	15.663426763110309	
-387511.6400975444	75.725	10.86111111111111	280.97222222222223	172.05555555555554	-3.514720611916804	1106	7235	151	13.0	378.0	229.0	3	8.0	88.0	57.0	0	0	34.7684211730957	88560	28611.35586166382	74689	15.662827461607947	
-312523.5003626016	76.7	10.818181818181818	264.8961038961039	162.6103896103896	-3.514720611916804	1107	7238	115	12.0	354.0	215.0	39	9.0	113.0	73.0	0	0	35.70025038719177	88640	28647.05611205101	74762	15.656588447653434	
-337515.73542980535	77.0	10.986666666666666	275.61333333333334	168.81333333333333	-3.514720611916804	1108	7243	133	13.0	354.0	215.0	21	9.0	110.0	71.0	0	0	31.688698291778564	88720	28678.74481034279	74831	15.654869251577992	
-325024.4316795422	79.8875	10.72	265.04	162.65333333333334	-3.514720611916804	1109	7248	133	13.0	354.0	215.0	21	8.0	86.0	56.0	0	0	37.994290351867676	88800	28716.739100694656	74902	15.650900900900893	
-350022.5263364598	77.775	10.88888888888889	263.75	161.75	-3.514720611916804	1110	7256	122	13.0	354.0	215.0	32	8.0	86.0	56.0	0	0	37.38153076171875	88880	28754.120631456375	74969	15.651440144014401	
-262525.8146425957	78.1875	10.855263157894736	279.63157894736844	171.23684210526315	-3.514720611916804	1111	7260	149	12.0	386.0	233.0	5	8.0	85.0	55.0	0	0	30.49301815032959	88960	28784.613649606705	75041	15.646357913669064	
-300012.83018633426	77.0	10.76388888888889	285.22222222222223	174.58333333333334	-3.514720611916804	1112	7268	135	13.0	359.0	226.0	19	8.0	96.0	62.0	0	0	38.08824443817139	89040	28822.701894044876	75107	15.64802336028751	
-350026.21664885804	76.65	10.586666666666666	263.1333333333333	161.41333333333333	-3.514720611916804	1113	7273	129	12.0	354.0	215.0	25	8.0	93.0	60.0	0	0	31.141210794448853	89120	28853.843104839325	75177	15.645197486535011	
-325022.2188400275	76.675	10.597222222222221	244.90277777777777	150.58333333333334	-3.514720611916804	1114	7281	142	16.0	354.0	215.0	12	9.0	111.0	70.0	0	0	31.45510983467102	89200	28885.298214673996	75243	15.646860986547082	
-350011.8401061717	76.325	10.38961038961039	237.58441558441558	146.35064935064935	-3.5095017907422457	1115	7284	95	13.0	354.0	215.0	27	8.0	93.0	60.0	0	0	36.044270515441895	89280	28921.342485189438	75312	15.64516129032259	
-350025.52556000685	76.8	10.818181818181818	265.6753246753247	163.11688311688312	-3.5095017907422457	1116	7287	149	13.0	354.0	215.0	5	9.0	127.0	82.0	0	0	32.522571086883545	89360	28953.86505627632	75384	15.640107430617718	
-375021.02268903534	76.4375	10.816901408450704	265.98591549295776	163.32394366197184	-3.5095017907422457	1117	7296	138	13.0	378.0	229.0	16	8.0	102.0	66.0	0	0	39.23190402984619	89440	28993.096960306168	75449	15.642889087656528	
-362518.9417954146	76.0125	10.58974358974359	245.1153846153846	150.78205128205127	-3.5095017907422457	1118	7298	136	12.0	354.0	215.0	18	8.0	106.0	69.0	0	0	22.93652033805847	89520	29016.033480644226	75522	15.636729222520103	
-450019.4470673717	78.9	10.896103896103897	245.06493506493507	150.76623376623377	-3.5095017907422457	1119	7301	136	13.0	354.0	215.0	49	8.0	113.0	73.0	0	0	27.99682879447937	89600	29044.030309438705	75594	15.63169642857143	
-387519.5561062754	76.2375	10.826666666666666	262.64	161.4	-3.5095017907422457	1120	7306	139	13.0	354.0	215.0	15	9.0	116.0	75.0	0	0	20.41080355644226	89680	29064.441112995148	75664	15.628902765388048	
-262527.7527664496	77.725	10.822784810126583	270.60759493670884	165.9367088607595	-3.5095017907422457	1121	7307	198	13.0	354.0	215.0	14	8.0	116.0	75.0	0	0	32.83141469955444	89760	29097.272527694702	75736	15.623885918003566	
-325018.6491865361	77.0	10.783783783783784	286.35135135135135	175.13513513513513	-3.5095017907422457	1122	7313	142	13.0	354.0	215.0	12	8.0	115.0	73.0	0	0	35.01483702659607	89840	29132.2873647213	75805	15.622217275155833	
-275025.4971424198	77.0	10.773333333333333	265.9866666666667	163.21333333333334	-3.5095017907422457	1123	7318	136	12.0	426.0	257.0	18	9.0	108.0	70.0	0	0	34.64596724510193	89920	29166.9333319664	75876	15.618327402135236	
-412519.88410459564	77.0	10.88	267.0	163.57333333333332	-3.5095017907422457	1124	7323	130	14.0	426.0	257.0	24	8.0	85.0	55.0	0	0	32.82974815368652	90000	29199.763080120087	75947	15.614444444444445	
-287524.99763656687	78.3375	11.052631578947368	277.42105263157896	170.01315789473685	-3.5095017907422457	1125	7327	128	16.0	403.0	246.0	20	9.0	102.0	66.0	0	0	30.30673336982727	90080	29230.069813489914	76018	15.610568383658972	
-337515.49420033133	78.4375	10.986666666666666	279.04	170.86666666666667	-3.5095017907422457	1126	7332	138	14.0	379.0	229.0	16	9.0	106.0	67.0	0	0	34.85636901855469	90160	29264.92618250847	76088	15.607808340727587	
-275025.03809809807	77.1625	10.881578947368421	274.80263157894734	168.52631578947367	-3.5095017907422457	1127	7336	141	13.0	378.0	229.0	13	8.0	122.0	77.0	0	0	32.26335597038269	90240	29297.18953847885	76160	15.60283687943263	
-262525.05406285543	77.35	10.756410256410257	262.93589743589746	161.43589743589743	-3.5095017907422457	1128	7338	110	14.0	386.0	234.0	44	9.0	116.0	75.0	0	0	32.92975664138794	90320	29330.11929512024	76233	15.59676705048716	
-287523.9370563134	77.0	10.613333333333333	263.24	161.62666666666667	-3.5095017907422457	1129	7343	149	12.0	378.0	229.0	5	8.0	95.0	61.0	0	0	34.89082860946655	90400	29365.010123729706	76304	15.592920353982294	
-375025.3895509283	77.1375	10.837837837837839	258.85135135135135	158.9189189189189	-3.5095017907422457	1130	7349	143	13.0	354.0	215.0	11	8.0	122.0	77.0	0	0	35.01032519340515	90480	29400.02044892311	76372	15.592396109637491	
-437520.4637863456	77.6625	11.014492753623188	273.9130434782609	167.7391304347826	-3.5095017907422457	1131	7360	144	15.0	354.0	215.0	10	8.0	102.0	66.0	0	0	29.988274097442627	90560	29430.008723020554	76436	15.596289752650165	
-350013.02644717734	77.3125	11.028571428571428	276.07142857142856	169.22857142857143	-3.5095017907422457	1132	7370	147	13.0	524.0	321.0	7	9.0	113.0	73.0	0	0	35.354697704315186	90640	29465.36342072487	76502	15.597969991173883	
-400017.1948942392	77.4	10.932432432432432	257.2837837837838	158.22972972972974	-3.5095017907422457	1133	7376	147	14.0	354.0	215.0	7	8.0	109.0	70.0	0	0	32.224334716796875	90720	29497.587755441666	76571	15.596340388007064	
-250018.40856666505	77.0	10.89041095890411	286.4246575342466	175.3013698630137	-3.5095017907422457	1134	7383	146	13.0	378.0	229.0	8	8.0	122.0	79.0	0	0	38.67028069496155	90800	29536.258036136627	76637	15.598017621145374	
-425016.97082825116	78.7	10.694444444444445	253.20833333333334	155.72222222222223	-3.5095017907422457	1135	7391	146	13.0	379.0	234.0	33	8.0	96.0	62.0	0	0	21.176519870758057	90880	29557.434556007385	76704	15.598591549295776	
-350014.31477256806	80.6875	10.684931506849315	254.56164383561645	156.56164383561645	-3.5095017907422457	1136	7398	175	15.0	354.0	217.0	16	8.0	96.0	62.0	0	0	29.824209928512573	90960	29587.258765935898	76773	15.59696569920844	
-350019.3735020659	81.0875	10.733333333333333	243.73333333333332	150.2	-3.5095017907422457	1137	7403	173	13.0	378.0	229.0	17	8.0	94.0	61.0	0	0	32.09832787513733	91040	29619.357093811035	76844	15.593145869947278	
-287517.17456205277	76.5625	10.782051282051283	263.03846153846155	161.65384615384616	-3.5095017907422457	1138	7405	96	13.0	354.0	215.0	42	8.0	111.0	72.0	0	0	40.827709436416626	91120	29660.18480324745	76918	15.586040386303779	
-350020.2413917796	77.0	10.626666666666667	241.6	148.69333333333333	-3.5095017907422457	1139	7410	128	12.0	354.0	215.0	26	8.0	102.0	66.0	0	0	26.444865226745605	91200	29686.629668474197	76988	15.583333333333343	
-337521.29012083367	77.125	10.73076923076923	251.28205128205127	154.66666666666666	-3.5095017907422457	1140	7412	124	13.0	354.0	215.0	30	9.0	122.0	78.0	0	0	34.546441316604614	91280	29721.176109790802	77062	15.576248904469765	
-400024.64158431895	77.1375	10.666666666666666	241.09333333333333	148.34666666666666	-3.5095017907422457	1141	7417	135	12.0	354.0	215.0	19	8.0	119.0	77.0	0	0	37.9266095161438	91360	29759.102719306946	77132	15.573555166374788	
-237527.15246620044	76.6375	10.692307692307692	244.69230769230768	150.76923076923077	-3.5095017907422457	1142	7419	118	14.0	354.0	215.0	36	9.0	93.0	60.0	0	0	40.49654793739319	91440	29799.59926724434	77203	15.569772528433944	
-325022.50323813985	76.6625	10.698630136986301	257.52054794520546	158.46575342465752	-3.5095017907422457	1143	7426	147	13.0	354.0	215.0	7	8.0	101.0	65.0	0	0	41.60249662399292	91520	29841.201763868332	77271	15.56927447552448	
-400013.11632007675	74.5	10.41095890410959	245.64383561643837	151.12328767123287	-3.5095017907422457	1144	7433	120	12.0	354.0	215.0	24	8.0	106.0	68.0	0	0	46.91848850250244	91600	29888.120252370834	77340	15.567685589519655	
-275033.0777751962	76.6625	10.415584415584416	246.80519480519482	151.8181818181818	-3.5095017907422457	1145	7436	119	13.0	376.0	229.0	35	8.0	105.0	68.0	0	0	36.17068934440613	91680	29924.29094171524	77412	15.562827225130889	
-225027.7236419029	77.0	10.746666666666666	256.49333333333334	157.65333333333334	-3.5095017907422457	1146	7441	140	14.0	354.0	215.0	14	8.0	105.0	68.0	0	0	32.61653161048889	91760	29956.90747332573	77483	15.55906713164778	
-387520.2198105267	77.6375	10.821917808219178	273.71232876712327	167.6164383561644	-3.5095017907422457	1147	7448	133	15.0	360.0	219.0	21	9.0	111.0	72.0	0	0	37.9341938495636	91840	29994.841667175293	77551	15.558580139372822	
-312520.0168602127	77.0	10.788732394366198	266.63380281690144	163.53521126760563	-3.5095017907422457	1148	7457	153	14.0	354.0	215.0	1	8.0	96.0	62.0	0	0	41.06798028945923	91920	30035.909647464752	77616	15.561357702349866	
-237520.2405073056	76.6625	10.675675675675675	267.4864864864865	164.1081081081081	-3.5095017907422457	1149	7463	147	13.0	354.0	218.0	7	8.0	117.0	76.0	0	0	39.03450298309326	92000	30074.944150447845	77684	15.560869565217388	
-425017.7232815641	80.35	10.71830985915493	249.30985915492957	153.50704225352112	-3.5095017907422457	1150	7472	180	13.0	378.0	229.0	23	9.0	121.0	77.0	0	0	23.37117099761963	92080	30098.315321445465	77751	15.561468288444829	
-350020.4360744051	77.3625	11.106666666666667	277.18666666666667	169.70666666666668	-3.5095017907422457	1151	7477	124	15.0	354.0	215.0	34	9.0	108.0	70.0	0	0	40.43347215652466	92160	30138.74879360199	77821	15.558810763888886	
-362515.11516334035	76.75	10.893333333333333	264.68	162.64	-3.5095017907422457	1152	7482	138	15.0	354.0	215.0	16	9.0	121.0	78.0	0	0	43.402122259140015	92240	30182.15091586113	77892	15.55507372072853	
-350017.9424063546	76.4875	10.776315789473685	254.35526315789474	156.3815789473684	-3.5095017907422457	1153	7486	122	12.0	396.0	239.0	32	8.0	110.0	71.0	0	0	40.10333180427551	92320	30222.254247665405	77962	15.552426343154252	
-325016.3725663753	75.6375	10.905405405405405	270.35135135135135	165.7972972972973	-3.5095017907422457	1154	7492	134	14.0	354.0	215.0	20	9.0	111.0	72.0	0	0	45.412659645080566	92400	30267.666907310486	78032	15.549783549783541	
-362514.8622212211	76.2125	10.727272727272727	253.0	155.62337662337663	-3.5095017907422457	1155	7495	150	13.0	354.0	215.0	4	8.0	121.0	78.0	0	0	37.38563323020935	92480	30305.052540540695	78105	15.543901384083043	
-400025.38779161713	77.75	10.847222222222221	257.2916666666667	157.94444444444446	-3.1165455542239986	1156	7503	164	12.0	426.0	257.0	5	8.0	110.0	71.0	0	0	35.05314087867737	92560	30340.105681419373	78173	15.54343128781332	
-350017.41391746764	80.375	10.881578947368421	247.06578947368422	152.07894736842104	-2.945436591274483	1157	7507	129	14.0	426.0	257.0	46	8.0	111.0	70.0	0	0	35.96136546134949	92640	30376.067046880722	78245	15.538644214162346	
-350021.35645841376	83.7125	10.935897435897436	265.3076923076923	162.7948717948718	-2.945436591274483	1158	7509	130	15.0	426.0	257.0	24	8.0	93.0	60.0	0	0	28.36829686164856	92720	30404.43534374237	78319	15.531708369283876	
-350020.64346294536	83.6625	10.657894736842104	245.60526315789474	151.17105263157896	-2.945436591274483	1159	7513	153	12.0	426.0	257.0	15	8.0	111.0	72.0	0	0	24.118903636932373	92800	30428.554247379303	78391	15.526939655172413	
-425021.15734589787	80.0	10.706666666666667	240.13333333333333	147.69333333333333	-2.945436591274483	1160	7518	132	16.0	426.0	257.0	22	8.0	113.0	73.0	0	0	28.1936354637146	92880	30456.747882843018	78461	15.52433247200689	
-212529.64712548273	84.725	11.092105263157896	267.5263157894737	163.97368421052633	-2.945436591274483	1161	7522	148	14.0	426.0	257.0	20	9.0	111.0	72.0	0	0	43.20242476463318	92960	30499.95030760765	78532	15.52065404475043	
-287521.64050155255	83.0	11.067567567567568	276.93243243243245	169.74324324324326	-2.945436591274483	1162	7528	166	13.0	426.0	257.0	13	9.0	122.0	77.0	0	0	31.397204399108887	93040	30531.34751200676	78601	15.519131556319863	
-362515.49496359285	84.7	11.333333333333334	293.0416666666667	178.91666666666666	-2.945436591274483	1163	7536	143	14.0	447.0	271.0	37	8.0	106.0	67.0	0	0	35.566779375076294	93120	30566.914291381836	78668	15.519759450171819	
-262525.10699556116	87.725	11.324675324675324	294.31168831168833	179.72727272727272	-2.9308338730063417	1164	7539	143	14.0	493.0	300.0	39	9.0	106.0	67.0	0	0	56.11993193626404	93200	30623.0342233181	78740	15.51502145922747	
-237514.7961501216	89.95	11.620253164556962	309.2911392405063	188.40506329113924	-2.9308338730063417	1165	7540	155	14.0	426.0	257.0	27	9.0	127.0	82.0	0	0	48.02302145957947	93280	30671.05724477768	78815	15.507075471698116	
-325019.70162437775	91.25	11.618421052631579	303.9736842105263	185.3815789473684	-2.9308338730063417	1166	7544	179	13.0	426.0	257.0	3	9.0	112.0	71.0	0	0	52.006383657455444	93360	30723.063628435135	78887	15.502356469580121	
-312520.40684507665	93.2	11.597402597402597	297.4805194805195	181.5064935064935	-2.9308338730063417	1167	7547	165	14.0	426.0	257.0	27	9.0	96.0	62.0	0	0	36.00281310081482	93440	30759.06644153595	78959	15.497645547945211	
-262515.1917615232	94.7625	11.518987341772151	305.65822784810126	186.30379746835442	-2.9308338730063417	1168	7548	165	13.0	426.0	257.0	33	8.0	95.0	61.0	0	0	49.492835998535156	93520	30808.559277534485	79033	15.490804106073568	
-262516.1840522083	92.85	11.527027027027026	306.2837837837838	186.67567567567568	-2.9308338730063417	1169	7554	170	13.0	426.0	257.0	12	9.0	100.0	65.0	0	0	43.53389263153076	93600	30852.093170166016	79102	15.489316239316238	
-225028.13186742645	91.0	11.276315789473685	295.7236842105263	180.52631578947367	-2.9308338730063417	1170	7558	126	15.0	451.0	271.0	56	8.0	114.0	72.0	0	0	47.22387170791626	93680	30899.317041873932	79174	15.484628522630231	
-375023.11407663865	91.0	11.38888888888889	287.3888888888889	175.41666666666666	-2.9308338730063417	1171	7566	179	14.0	451.0	271.0	3	9.0	107.0	69.0	0	0	41.26642727851868	93760	30940.58346915245	79242	15.484215017064855	
-437517.93660476804	91.2	11.319444444444445	292.3888888888889	178.58333333333334	-2.9308338730063417	1172	7574	167	13.0	426.0	257.0	15	8.0	123.0	78.0	0	0	33.88895344734192	93840	30974.472422599792	79310	15.483802216538791	
-387516.47838116996	90.875	11.486486486486486	288.14864864864865	176.0	-2.9308338730063417	1173	7580	173	15.0	426.0	257.0	9	8.0	125.0	79.0	0	0	42.675479888916016	93920	31017.14790248871	79380	15.481260647359449	
-200020.89641881664	93.675	11.512820512820513	307.03846153846155	187.19230769230768	-2.9308338730063417	1174	7582	173	17.0	483.0	291.0	10	8.0	130.0	82.0	0	0	41.70580983161926	94000	31058.853712320328	79453	15.475531914893608	
-225019.93962369178	91.0	11.363636363636363	296.2857142857143	180.75324675324674	-2.9308338730063417	1175	7585	169	14.0	540.0	321.0	13	9.0	126.0	80.0	0	0	49.95107078552246	94080	31108.80478310585	79526	15.46981292517006	
-337519.3744200484	90.5625	11.441558441558442	283.5584415584416	173.45454545454547	-2.9308338730063417	1176	7588	161	14.0	426.0	257.0	8	8.0	87.0	56.0	0	0	33.6484112739563	94160	31142.453194379807	79598	15.465165675446045	
-300024.970033673	91.0	11.162162162162161	282.3783783783784	172.72972972972974	-2.9308338730063417	1177	7594	170	13.0	426.0	257.0	12	9.0	132.0	85.0	0	0	37.59738779067993	94240	31180.050582170486	79666	15.464770797962643	
-300016.7169274085	90.35	11.35135135135135	300.2567567567568	183.1081081081081	-2.9308338730063417	1178	7600	153	14.0	426.0	257.0	29	9.0	115.0	74.0	0	0	42.05965733528137	94320	31222.110239505768	79735	15.463316369804929	
-387523.13614847127	91.6375	10.789473684210526	259.05263157894734	159.1184210526316	-2.9308338730063417	1179	7604	165	14.0	426.0	257.0	17	8.0	96.0	62.0	0	0	36.88738489151001	94400	31258.997624397278	79806	15.459745762711862	
-325020.38861283526	90.1875	10.833333333333334	269.8205128205128	165.24358974358975	-2.9308338730063417	1180	7606	168	13.0	426.0	257.0	3	8.0	87.0	56.0	0	0	36.464088678359985	94480	31295.461713075638	79880	15.453005927180357	
-187526.2448543862	89.975	11.246753246753247	298.23376623376623	182.1038961038961	-2.9308338730063417	1181	7609	124	12.0	426.0	257.0	28	9.0	120.0	78.0	0	0	52.102986574172974	94560	31347.56469964981	79952	15.448392554991543	
-262523.1354251755	91.0	11.394736842105264	297.0921052631579	181.1184210526316	-2.9308338730063417	1182	7613	174	15.0	450.0	271.0	8	8.0	87.0	56.0	0	0	52.56586694717407	94640	31400.130566596985	80024	15.443786982248525	
-262526.6805305517	92.0375	11.263157894736842	281.0263157894737	171.75	-2.9308338730063417	1183	7617	174	13.0	450.0	271.0	18	9.0	134.0	85.0	0	0	34.399566888809204	94720	31434.530133485794	80095	15.440244932432435	
-300017.16079995426	93.25	11.480519480519481	293.6233766233766	178.96103896103895	-2.9308338730063417	1184	7620	136	15.0	426.0	257.0	56	8.0	103.0	66.0	0	0	33.86215877532959	94800	31468.392292261124	80166	15.436708860759495	
-150022.31692964066	91.425	11.346153846153847	311.61538461538464	189.71794871794873	-2.9308338730063417	1185	7622	156	13.0	426.0	257.0	26	9.0	125.0	81.0	0	0	57.529377937316895	94880	31525.92167019844	80240	15.430016863406408	
-225020.90721522598	91.0	11.631578947368421	331.3157894736842	201.3684210526316	-2.9308338730063417	1186	7626	158	13.0	484.0	293.0	24	8.0	114.0	72.0	0	0	55.12223792076111	94960	31581.0439081192	80312	15.425442291491152	
-225020.1538620974	91.0	11.692307692307692	321.53846153846155	195.7051282051282	-2.9308338730063417	1187	7628	141	14.0	426.0	257.0	41	9.0	115.0	74.0	0	0	47.66801166534424	95040	31628.711919784546	80385	15.419823232323239	
-212533.94269940714	91.025	11.552631578947368	301.0131578947368	183.48684210526315	-2.9308338730063417	1188	7632	138	14.0	426.0	257.0	44	9.0	123.0	79.0	0	0	46.000542640686035	95120	31674.712462425232	80457	15.415264928511348	
-212521.06145079836	92.75	11.578947368421053	305.7105263157895	186.1184210526316	-2.9308338730063417	1189	7636	175	14.0	426.0	257.0	7	8.0	105.0	68.0	0	0	45.46821212768555	95200	31720.180674552917	80528	15.411764705882362	
-175017.46221197062	92.0625	11.189873417721518	295.67088607594934	180.29113924050634	-2.9308338730063417	1190	7637	159	13.0	426.0	257.0	23	8.0	102.0	66.0	0	0	42.03876447677612	95280	31762.219439029694	80603	15.404072208228385	
-250014.77863789973	90.975	11.378378378378379	302.6756756756757	184.55405405405406	-2.9308338730063417	1191	7643	164	13.0	426.0	257.0	18	8.0	99.0	64.0	0	0	42.05219745635986	95360	31804.271636486053	80673	15.40163590604027	
-175024.20044830814	91.0	11.605263157894736	311.88157894736844	190.01315789473685	-2.9308338730063417	1192	7647	142	17.0	426.0	257.0	40	8.0	122.0	79.0	0	0	56.766451358795166	95440	31861.03808784485	80745	15.397108130762788	
-250022.01641116076	91.0	11.415584415584416	285.75324675324674	174.7012987012987	-2.9308338730063417	1193	7650	141	13.0	426.0	257.0	41	8.0	95.0	61.0	0	0	54.37891697883606	95520	31915.417004823685	80818	15.391541038525958	
-225019.11781569212	90.6625	11.466666666666667	313.9866666666667	191.26666666666668	-2.9308338730063417	1194	7655	165	14.0	426.0	257.0	12	9.0	117.0	76.0	0	0	50.62835741043091	95600	31966.045362234116	80888	15.389121338912133	
-312527.10676714976	91.0	11.64864864864865	303.18918918918916	184.7027027027027	-2.9308338730063417	1195	7661	162	17.0	455.0	273.0	20	8.0	103.0	66.0	0	0	31.80747365951538	95680	31997.85283589363	80958	15.386705685618722	
-250021.81376183935	90.025	11.636363636363637	306.16883116883116	186.62337662337663	-2.9308338730063417	1196	7664	169	14.0	426.0	257.0	8	8.0	99.0	64.0	0	0	39.31308460235596	95760	32037.165920495987	81030	15.38220551378447	
-362517.67709140497	90.75	11.567567567567568	295.7027027027027	180.45945945945945	-2.9308338730063417	1197	7670	178	13.0	426.0	257.0	4	9.0	106.0	67.0	0	0	35.909440755844116	95840	32073.07536125183	81100	15.379799666110188	
-312515.8035546915	89.225	11.04054054054054	262.6621621621622	160.86486486486487	-2.9308338730063417	1198	7676	156	13.0	426.0	257.0	26	8.0	103.0	66.0	0	0	32.4621696472168	95920	32105.537530899048	81170	15.377397831526281	
-300026.19641194725	89.9125	11.342105263157896	274.42105263157896	167.92105263157896	-2.9308338730063417	1199	7680	162	17.0	426.0	257.0	20	9.0	105.0	68.0	0	0	46.056671142578125	96000	32151.594202041626	81242	15.372916666666669	
-225021.5907240211	90.7125	11.546666666666667	302.8	184.61333333333334	-2.9308338730063417	1200	7685	147	14.0	426.0	257.0	35	9.0	118.0	76.0	0	0	44.319432497024536	96080	32195.91363453865	81313	15.369483763530383	
-375021.1644286113	90.1625	11.447368421052632	307.38157894736844	187.4078947368421	-2.9308338730063417	1201	7689	152	14.0	426.0	257.0	30	8.0	105.0	68.0	0	0	38.17136001586914	96160	32234.08499455452	81385	15.365016638935103	
-350013.14931274066	90.9	11.467532467532468	285.06493506493507	174.06493506493507	-2.9308338730063417	1202	7692	145	16.0	498.0	299.0	37	8.0	115.0	73.0	0	0	46.86054730415344	96240	32280.945541858673	81458	15.35951787198671	
-287523.17309130763	90.1	11.402597402597403	284.5194805194805	173.8181818181818	-2.9308338730063417	1203	7695	152	13.0	426.0	257.0	17	9.0	124.0	79.0	0	0	43.26537036895752	96320	32324.21091222763	81530	15.355066445182715	
-362516.0998333952	87.5	11.223684210526315	274.7368421052632	167.82894736842104	-2.9308338730063417	1204	7699	130	14.0	426.0	257.0	39	8.0	102.0	66.0	0	0	36.07257032394409	96400	32360.283482551575	81601	15.351659751037346	
-300039.1930461185	87.9125	11.31081081081081	272.8378378378378	166.97297297297297	-2.9308338730063417	1205	7705	178	13.0	426.0	257.0	4	9.0	96.0	62.0	0	0	32.21720552444458	96480	32392.50068807602	81671	15.349295190713093	
-187521.77738448535	92.6125	11.346153846153847	283.88461538461536	173.53846153846155	-2.9308338730063417	1206	7707	175	13.0	426.0	257.0	13	9.0	124.0	79.0	0	0	36.67768454551697	96560	32429.178372621536	81745	15.342792046396028	
-325016.46166265773	90.8	11.520547945205479	297.75342465753425	181.56164383561645	-2.9308338730063417	1207	7714	179	14.0	426.0	257.0	3	8.0	116.0	75.0	0	0	41.472147703170776	96640	32470.650520324707	81814	15.341473509933778	
-312523.3757127159	90.525	11.643835616438356	328.24657534246575	199.42465753424656	-2.9308338730063417	1208	7721	166	13.0	426.0	257.0	16	9.0	130.0	84.0	0	0	59.00345015525818	96720	32529.653970479965	81883	15.340157154673278	
-300016.114619319	91.4375	11.246753246753247	288.76623376623377	176.15584415584416	-2.9308338730063417	1209	7724	165	13.0	426.0	257.0	28	8.0	105.0	68.0	0	0	37.77568745613098	96800	32567.429657936096	81955	15.335743801652896	
-250034.47994626072	93.1375	11.417721518987342	297.73417721518985	181.55696202531647	-2.9308338730063417	1210	7725	146	13.0	426.0	257.0	28	9.0	114.0	72.0	0	0	37.96642732620239	96880	32605.3960852623	82029	15.329273327828247	
-312534.8083508202	91.3875	11.341772151898734	258.253164556962	158.63291139240508	-2.9308338730063417	1211	7726	155	15.0	450.0	271.0	27	9.0	127.0	82.0	0	0	23.384690046310425	96960	32628.78077530861	82103	15.322813531353134	
-212517.3940304094	90.575	11.272727272727273	276.4935064935065	169.23376623376623	-2.9308338730063417	1212	7729	141	14.0	450.0	271.0	41	8.0	113.0	73.0	0	0	42.974971771240234	97040	32671.75574707985	82175	15.318425391591092	
-275017.28658700205	91.0	11.564102564102564	300.47435897435895	183.21794871794873	-2.9308338730063417	1213	7731	161	14.0	426.0	257.0	21	8.0	105.0	67.0	0	0	47.23813438415527	97120	32718.993881464005	82249	15.311985172981878	
-225018.24454089598	93.5	11.526315789473685	309.10526315789474	188.23684210526315	-2.881618455122218	1214	7735	179	13.0	450.0	271.0	3	9.0	106.0	68.0	0	0	64.61595702171326	97200	32783.60983848572	82320	15.308641975308646	
-187520.28532480943	91.0	11.688311688311689	328.94805194805195	199.9090909090909	-2.881618455122218	1215	7738	154	16.0	426.0	257.0	28	8.0	119.0	75.0	0	0	59.9819176197052	97280	32843.59175610542	82392	15.30427631578948	
-287523.29739956034	91.0	11.5	313.0921052631579	190.6578947368421	-2.881618455122218	1216	7742	133	14.0	426.0	257.0	49	8.0	88.0	57.0	0	0	48.292646408081055	97360	32891.884402513504	82464	15.299917830731303	
-187523.40033636702	91.0	11.513513513513514	322.2432432432432	196.21621621621622	-2.881618455122218	1217	7748	141	13.0	426.0	257.0	41	8.0	105.0	68.0	0	0	54.29891395568848	97440	32946.18331646919	82533	15.29864532019704	
-312527.6869535868	91.0	11.67123287671233	299.93150684931504	182.95890410958904	-2.881618455122218	1218	7755	179	13.0	426.0	257.0	3	9.0	115.0	74.0	0	0	39.827841997146606	97520	32986.01115846634	82602	15.297374897456933	
-312525.18604179024	91.0875	11.311688311688311	289.8961038961039	176.87012987012986	-2.8641746979005096	1219	7758	172	16.0	426.0	257.0	10	9.0	121.0	78.0	0	0	58.71810841560364	97600	33044.72926688194	82674	15.293032786885234	
-250029.08968080403	91.0	11.342105263157896	281.2763157894737	172.06578947368422	-2.8641746979005096	1220	7762	176	14.0	426.0	257.0	6	8.0	115.0	74.0	0	0	45.65767288208008	97680	33090.38693976402	82746	15.288697788697789	
-262519.6258413619	93.5625	11.256410256410257	285.53846153846155	174.64102564102564	-2.8641746979005096	1221	7764	176	17.0	543.0	327.0	11	8.0	90.0	58.0	0	0	52.848840951919556	97760	33143.23578071594	82820	15.282324058919812	
-312519.1880665181	91.0	11.453333333333333	305.61333333333334	186.41333333333333	-2.8641746979005096	1222	7769	177	14.0	426.0	257.0	5	9.0	114.0	72.0	0	0	47.34693622589111	97840	33190.58271694183	82891	15.279026982829109	
-237521.74724046863	94.0125	11.363636363636363	282.14285714285717	172.27272727272728	-2.8641746979005096	1223	7772	159	13.0	426.0	257.0	23	8.0	96.0	62.0	0	0	46.463154792785645	97920	33237.04587173462	82964	15.273692810457518	
-212530.3147062477	91.0	11.552631578947368	306.94736842105266	186.89473684210526	-2.8641746979005096	1224	7776	167	13.0	426.0	257.0	15	9.0	121.0	78.0	0	0	49.396865367889404	98000	33286.44273710251	83036	15.26938775510203	
-250016.96701964614	92.725	11.623376623376624	312.85714285714283	190.6883116883117	-2.8641746979005096	1225	7779	176	14.0	426.0	257.0	6	9.0	137.0	89.0	0	0	58.27904987335205	98080	33344.72178697586	83109	15.264070146818923	
-275020.95828409574	95.625	11.415584415584416	288.27272727272725	175.93506493506493	-2.8641746979005096	1226	7782	165	17.0	426.0	257.0	32	9.0	106.0	67.0	0	0	40.34006357192993	98160	33385.06185054779	83182	15.258761206193967	
-350024.1014373349	92.4	11.534246575342467	280.90410958904107	171.63013698630138	-2.8641746979005096	1227	7789	178	13.0	426.0	257.0	4	8.0	106.0	69.0	0	0	38.09724497795105	98240	33423.15909552574	83251	15.257532573289893	
-175028.39564901197	91.475	11.311688311688311	285.1818181818182	174.19480519480518	-2.8641746979005096	1228	7792	167	13.0	426.0	257.0	15	8.0	105.0	68.0	0	0	50.83849287033081	98320	33473.99758839607	83324	15.252237591537835	
-362519.82618243416	92.3	11.243243243243244	268.44594594594594	164.47297297297297	-2.8641746979005096	1229	7798	177	14.0	426.0	257.0	5	8.0	117.0	76.0	0	0	30.781936168670654	98400	33504.77952456474	83394	15.25	
-300016.02596186736	91.725	11.278481012658228	269.2151898734177	164.9367088607595	-2.8608969187643702	1230	7799	167	13.0	426.0	257.0	37	8.0	98.0	63.0	0	0	31.25799059867859	98480	33536.03751516342	83468	15.243704305442733	
-237520.49541803767	91.075	11.207792207792208	264.57142857142856	162.0909090909091	-2.8608969187643702	1231	7802	171	13.0	426.0	257.0	11	8.0	125.0	81.0	0	0	43.941895484924316	98560	33579.979410648346	83539	15.240462662337663	
-237520.673438014	91.075	11.2	269.7375	164.925	-2.859848182362578	1232	7802	139	19	426	257	43	8	87	56	0	0	45.639641761779785	98640	33625.619052410126	83615	15.232157339821569	
-300016.92755805457	91.0	11.24	294.18666666666667	179.33333333333334	-2.859848182362578	1233	7807	173	13.0	450.0	271.0	9	8.0	99.0	64.0	0	0	48.73479223251343	98720	33674.35384464264	83684	15.230956239870338	
-237526.39275107402	90.225	11.481012658227849	297.1518987341772	181.39240506329114	-2.859848182362578	1234	7808	132	17.0	450.0	271.0	50	8.0	96.0	62.0	0	0	56.46742081642151	98800	33730.82126545906	83759	15.223684210526315	
-212525.07424612428	91.125	11.38961038961039	302.987012987013	184.71428571428572	-2.859848182362578	1235	7811	164	13.0	450.0	271.0	18	8.0	96.0	62.0	0	0	52.631263971328735	98880	33783.45252943039	83832	15.21844660194175	
-412520.0827280773	91.0	11.546666666666667	278.96	170.4	-2.859848182362578	1236	7816	164	14.0	426.0	257.0	18	8.0	105.0	68.0	0	0	42.19878625869751	98960	33825.65131568909	83901	15.2172594987874	
-337513.7624340887	91.675	11.171052631578947	263.13157894736844	161.4078947368421	-2.859848182362578	1237	7820	167	13.0	426.0	257.0	24	8.0	105.0	68.0	0	0	35.6779990196228	99040	33861.32931470871	83973	15.213045234248796	
-250024.79493122423	90.6	11.545454545454545	305.45454545454544	186.05194805194805	-2.859848182362578	1238	7823	145	14.0	426.0	257.0	34	9.0	110.0	71.0	0	0	52.513835191726685	99120	33913.84314990044	84046	15.207828894269568	
-300021.6947207145	93.625	11.636363636363637	309.23376623376623	188.55844155844156	-2.859848182362578	1239	7826	145	15.0	450.0	271.0	47	8.0	104.0	67.0	0	0	33.72016429901123	99200	33947.56331419945	84119	15.202620967741936	
-187521.2235090926	91.0	11.597402597402597	314.6363636363636	191.44155844155844	-2.857967872377386	1240	7829	168	13.0	450.0	271.0	14	8.0	116.0	76.0	0	0	48.73920464515686	99280	33996.302518844604	84192	15.197421434327154	
-337513.4591801757	91.0	11.520547945205479	295.5890410958904	180.2876712328767	-2.857967872377386	1241	7836	178	13.0	450.0	271.0	4	9.0	119.0	77.0	0	0	28.43487548828125	99360	34024.737394332886	84260	15.19726247987117	
-337524.09196250135	91.075	11.426666666666666	282.4266666666667	172.72	-2.857967872377386	1242	7841	159	15.0	426.0	257.0	23	8.0	105.0	68.0	0	0	33.112494230270386	99440	34057.849888563156	84331	15.194086886564762	
-312520.7943629902	91.0	11.066666666666666	271.26666666666665	166.29333333333332	-2.857967872377386	1243	7846	174	15.0	450.0	271.0	8	8.0	85.0	55.0	0	0	39.50224161148071	99520	34097.35213017464	84402	15.190916398713824	
-275024.4207506809	91.4625	11.197368421052632	267.64473684210526	163.80263157894737	-2.857967872377386	1244	7850	167	17.0	426.0	257.0	32	8.0	88.0	57.0	0	0	37.29537081718445	99600	34134.64750099182	84474	15.186746987951807	
-212518.4652284286	90.5	11.474358974358974	297.5	181.42307692307693	-2.857967872377386	1245	7852	153	17.0	426.0	257.0	29	8.0	117.0	76.0	0	0	65.54971575737	99680	34200.19721674919	84548	15.18057784911717	
-250017.29737699154	92.35	11.602564102564102	302.1923076923077	183.9102564102564	-2.857967872377386	1246	7854	147	17.0	426.0	257.0	55	8.0	105.0	68.0	0	0	46.951497077941895	99760	34247.14871382713	84622	15.174418604651166	
-200024.6091778241	90.575	11.644736842105264	309.60526315789474	188.48684210526315	-2.857967872377386	1247	7858	134	17.0	426.0	257.0	48	8.0	96.0	62.0	0	0	49.72455644607544	99840	34296.87327027321	84694	15.17027243589743	
-275023.6004931588	91.0875	11.2987012987013	292.3376623376623	178.58441558441558	-2.857967872377386	1248	7861	141	13.0	432.0	261.0	41	8.0	120.0	76.0	0	0	48.22493863105774	99920	34345.098208904266	84766	15.16613290632506	
-250017.24405408435	90.5875	11.487179487179487	300.9871794871795	183.56410256410257	-2.857967872377386	1249	7863	166	16.0	426.0	257.0	16	9.0	85.0	55.0	0	0	37.738895416259766	100000	34382.837104320526	84840	15.159999999999997	
-225021.3079690126	92.0125	11.68421052631579	326.11842105263156	198.32894736842104	-2.857967872377386	1250	7867	166	13.0	450.0	271.0	45	8.0	99.0	64.0	0	0	42.125324010849	100080	34424.962428331375	84912	15.155875299760197	
-275021.49930873734	92.875	11.421052631578947	296.4078947368421	180.8684210526316	-2.8430969006874496	1251	7871	166	17.0	426.0	257.0	29	8.0	105.0	68.0	0	0	38.628331422805786	100160	34463.59075975418	84984	15.151757188498408	
-225025.77517366782	93.325	11.493506493506494	304.72727272727275	185.7012987012987	-2.8430969006874496	1252	7874	179	14.0	444.0	271.0	3	8.0	105.0	67.0	0	0	38.85707759857178	100240	34502.44783735275	85056	15.147645650438946	
-312517.20349886146	92.3875	11.662337662337663	314.24675324675326	191.35064935064935	-2.8430969006874496	1253	7877	153	14.0	426.0	257.0	32	8.0	105.0	68.0	0	0	51.14973449707031	100320	34553.59757184982	85129	15.142543859649123	
-187526.51523257402	94.0625	11.679487179487179	303.94871794871796	185.35897435897436	-2.8430969006874496	1254	7879	179	18.0	450.0	271.0	3	8.0	105.0	68.0	0	0	53.6360547542572	100400	34607.23362660408	85203	15.136454183266935	
-300017.5871396566	91.5375	11.930555555555555	320.56944444444446	195.22222222222223	-2.8430969006874496	1255	7887	174	13.0	426.0	257.0	8	9.0	132.0	85.0	0	0	50.491151332855225	100480	34657.724777936935	85271	15.136345541401269	
-337526.58356711187	91.0	11.466666666666667	297.32	181.28	-2.8430969006874496	1256	7892	178	13.0	426.0	257.0	4	8.0	88.0	57.0	0	0	38.784836292266846	100560	34696.5096142292	85341	15.13424821002387	
-275020.4981236093	91.2125	11.64864864864865	298.7837837837838	182.16216216216216	-2.8430969006874496	1257	7898	158	17.0	426.0	257.0	24	9.0	107.0	69.0	0	0	37.554572343826294	100640	34734.06418657303	85411	15.132154213036557	
-300022.9878856647	91.0	11.56578947368421	276.2631578947368	168.78947368421052	-2.8430969006874496	1258	7902	159	18.0	450.0	271.0	23	7.0	74.0	48.0	0	0	37.78940558433533	100720	34771.853592157364	85483	15.128077839555203	
-325027.2185844312	91.425	11.342105263157896	281.80263157894734	172.44736842105263	-2.8430969006874496	1259	7906	158	18.0	426.0	257.0	24	9.0	115.0	74.0	0	0	43.65921902656555	100800	34815.51281118393	85555	15.124007936507937	
-250021.01590521727	91.0125	11.407894736842104	302.14473684210526	184.46052631578948	-2.8430969006874496	1260	7910	152	16.0	426.0	257.0	30	8.0	90.0	58.0	0	0	40.968714237213135	100880	34856.48152542114	85627	15.11994448850119	
-250015.61108482373	91.0	11.605263157894736	309.2894736842105	188.27631578947367	-2.8430969006874496	1261	7914	161	17.0	426.0	257.0	21	7.0	90.0	58.0	0	0	40.375537157058716	100960	34896.8570625782	85698	15.116877971473855	
-350024.52310886467	89.675	11.525641025641026	285.2307692307692	174.17948717948718	-2.8430969006874496	1262	7916	113	17.0	426.0	257.0	58	8.0	85.0	55.0	0	0	37.80109906196594	101040	34934.65816164017	85771	15.111836896278703	
-275016.6957256996	88.9375	11.41891891891892	305.27027027027026	186.01351351351352	-2.8430969006874496	1263	7922	167	15.0	426.0	257.0	15	8.0	96.0	62.0	0	0	60.01333022117615	101120	34994.67149186134	85840	15.110759493670884	
-325019.98901886016	90.175	11.493506493506494	297.76623376623377	181.5194805194805	-2.8430969006874496	1264	7925	160	17.0	426.0	257.0	22	9.0	105.0	67.0	0	0	45.35044479370117	101200	35040.021936655045	85913	15.105731225296452	
-175019.81682361514	93.3	11.857142857142858	327.68831168831167	198.96103896103895	-2.8430969006874496	1265	7928	136	17.0	426.0	257.0	46	8.0	105.0	68.0	0	0	46.748616456985474	101280	35086.77055311203	85985	15.10169826224329	
-387512.37364446383	92.05	11.853333333333333	302.16	184.26666666666668	-2.8430969006874496	1266	7933	174	17.0	426.0	257.0	8	8.0	105.0	68.0	0	0	45.67859387397766	101360	35132.44914698601	86056	15.098658247829519	
-250024.33314916928	91.0	12.0	300.31168831168833	183.01298701298703	-2.8430969006874496	1267	7936	164	17.0	426.0	257.0	18	8.0	105.0	68.0	0	0	38.818217515945435	101440	35171.26736450195	86129	15.09365141955837	
-275020.59041436156	91.9875	12.282051282051283	319.4871794871795	194.21794871794873	-2.8430969006874496	1268	7938	170	17.0	426.0	257.0	44	8.0	110.0	71.0	0	0	53.47679924964905	101520	35224.7441637516	86202	15.08865248226951	
-225016.13753493357	92.075	11.884615384615385	349.3205128205128	211.84615384615384	-2.8430969006874496	1269	7940	134	17.0	426.0	257.0	68	9.0	131.0	85.0	0	0	69.63813257217407	101600	35294.382296323776	86275	15.08366141732283	
-387509.85013446695	91.0	11.818181818181818	310.7012987012987	189.01298701298703	-2.8430969006874496	1270	7943	100	17.0	426.0	257.0	82	9.0	118.0	76.0	0	0	50.87226343154907	101680	35345.254559755325	86348	15.0786782061369	
-250017.59709715363	91.0	11.935897435897436	310.2692307692308	188.78205128205127	-2.8082063843866405	1271	7945	134	17.0	462.0	279.0	48	8.0	80.0	52.0	0	0	45.53661751747131	101760	35390.7911772728	86422	15.072720125786162	
-212519.59204318127	90.825	11.714285714285714	318.02597402597405	193.3116883116883	-2.8082063843866405	1272	7948	150	17.0	426.0	257.0	32	8.0	106.0	69.0	0	0	56.409008502960205	101840	35447.20018577576	86494	15.068735271013352	
-337515.2961021769	90.7	11.407894736842104	294.07894736842104	179.26315789473685	-2.8082063843866405	1273	7952	163	17.0	426.0	257.0	13	8.0	98.0	63.0	0	0	53.22212791442871	101920	35500.422313690186	86566	15.06475667189953	
-287530.52681188163	91.45	11.710526315789474	314.67105263157896	191.52631578947367	-2.8082063843866405	1274	7956	153	17.0	426.0	257.0	38	9.0	108.0	70.0	0	0	44.71134877204895	102000	35545.133662462234	86637	15.061764705882354	
-287530.7628823189	94.975	11.60759493670886	301.0126582278481	183.35443037974684	-2.8082063843866405	1275	7957	144	17.0	426.0	257.0	39	8.0	105.0	68.0	0	0	47.77100205421448	102080	35592.90466451645	86712	15.054858934169275	
-312521.7872827146	91.0	11.690140845070422	323.80281690140845	196.59154929577466	-2.8082063843866405	1276	7966	146	17.0	426.0	257.0	36	8.0	105.0	68.0	0	0	41.349329471588135	102160	35634.25399398804	86778	15.05677368833203	
-312516.3270098238	92.575	11.77027027027027	315.2432432432432	191.6081081081081	-2.8082063843866405	1277	7972	165	17.0	426.0	257.0	17	8.0	136.0	86.0	0	0	47.258713483810425	102240	35681.51270747185	86848	15.054773082942091	
-325020.4779737033	91.0	11.571428571428571	280.93506493506493	171.53246753246754	-2.8082063843866405	1278	7975	178	17.0	426.0	257.0	4	8.0	105.0	68.0	0	0	22.514086484909058	102320	35704.02679395676	86921	15.04984362783425	
-362515.9163636159	96.0	11.25	293.44444444444446	179.25	-2.8082063843866405	1279	7983	180	17.0	426.0	257.0	2	8.0	95.0	62.0	0	0	34.002439975738525	102400	35738.029233932495	86989	15.0498046875	
-287524.9414212642	94.225	11.320512820512821	286.7564102564103	175.07692307692307	-2.8082063843866405	1280	7985	180	16.0	480.0	287.0	42	8.0	80.0	52.0	0	0	47.263516664505005	102480	35785.292750597	87063	15.043911007025756	
-275026.0007498475	90.675	11.697368421052632	304.89473684210526	185.52631578947367	-2.8082063843866405	1281	7989	156	19.0	596.0	355.0	18	8.0	122.0	77.0	0	0	57.43613624572754	102560	35842.72888684273	87135	15.039976599063962	
-275029.1484597971	91.0	11.556962025316455	288.6455696202532	176.51898734177215	-2.8082063843866405	1282	7990	128	17.0	426.0	257.0	54	8.0	105.0	68.0	0	0	43.80455136299133	102640	35886.53343820572	87210	15.033125487139515	
-312518.65644666494	91.675	11.506666666666666	292.7733333333333	178.73333333333332	-2.8082063843866405	1283	7995	175	17.0	426.0	257.0	7	8.0	87.0	56.0	0	0	47.18003749847412	102720	35933.71347570419	87281	15.030179127725845	
-387517.45808106184	91.4875	11.36	289.28	176.8	-2.8082063843866405	1284	8000	164	17.0	426.0	257.0	10	8.0	90.0	58.0	0	0	46.641396045684814	102800	35980.35487174988	87352	15.0272373540856	
-362516.3377226309	93.0625	11.14864864864865	276.6756756756757	169.1216216216216	-2.8082063843866405	1285	8006	181	13.0	426.0	257.0	1	8.0	107.0	69.0	0	0	59.32332372665405	102880	36039.67819547653	87421	15.026244167962673	
-262524.2491113128	91.05	11.32	275.82666666666665	168.96	-2.8082063843866405	1286	8011	166	17.0	844.0	509.0	16	8.0	105.0	68.0	0	0	52.103570222854614	102960	36091.78176569939	87491	15.024281274281265	
-275022.5231633397	91.2625	11.5	287.85897435897436	175.65384615384616	-2.8082063843866405	1287	8013	169	17.0	426.0	257.0	13	9.0	132.0	83.0	0	0	41.73768448829651	103040	36133.51945018768	87564	15.019409937888199	
-162525.56261045713	93.3625	11.480519480519481	299.38961038961037	182.57142857142858	-2.8082063843866405	1288	8016	222	17.0	426.0	257.0	22	8.0	101.0	65.0	0	0	46.620304107666016	103120	36180.13975429535	87637	15.014546159813818	
-425017.7081505169	91.0	11.666666666666666	280.09722222222223	171.45833333333334	-2.8082063843866405	1289	8024	152	17.0	426.0	257.0	30	8.0	83.0	54.0	0	0	40.576433181762695	103200	36220.71618747711	87705	15.014534883720927	
-287530.6983973988	91.75	11.64	278.97333333333336	170.78666666666666	-2.8082063843866405	1290	8029	154	17.0	442.0	271.0	28	8.0	87.0	56.0	0	0	35.26578187942505	103280	36255.98196935654	87776	15.011618900077465	
-350023.9145637935	90.65	11.243243243243244	264.36486486486484	161.94594594594594	-2.8082063843866405	1291	8035	150	13.0	426.0	257.0	32	8.0	106.0	67.0	0	0	39.40035605430603	103360	36295.38232541084	87846	15.009674922600624	
-287524.6914263838	91.075	11.547945205479452	277.45205479452056	169.78082191780823	-2.8082063843866405	1292	8042	178	17.0	542.0	327.0	4	8.0	118.0	76.0	0	0	41.179521560668945	103440	36336.56184697151	87914	15.009667440061875	
-200028.69968964797	91.0	11.64	312.6666666666667	190.09333333333333	-2.8082063843866405	1293	8047	159	17.0	426.0	257.0	23	8.0	105.0	68.0	0	0	49.089946269989014	103520	36385.6517932415	87985	15.006761978361666	
-337529.0227500057	91.0	11.773333333333333	312.3333333333333	189.93333333333334	-2.8082063843866405	1294	8052	168	19.0	426.0	257.0	14	8.0	90.0	58.0	0	0	54.80547547340393	103600	36440.457268714905	88056	15.003861003861005	
-212527.1211967229	91.9625	11.658227848101266	308.40506329113924	188.0632911392405	-2.8082063843866405	1295	8053	168	17.0	844.0	509.0	25	9.0	108.0	70.0	0	0	56.6957745552063	103680	36497.15304327011	88131	14.997106481481481	
-325024.24021698703	89.275	11.613333333333333	299.5733333333333	182.85333333333332	-2.8082063843866405	1296	8058	158	17.0	524.0	313.0	24	8.0	90.0	58.0	0	0	43.55533051490784	103760	36540.70837378502	88202	14.99421742482653	
-375020.53363357735	88.3375	11.657894736842104	288.2894736842105	176.18421052631578	-2.8082063843866405	1297	8062	132	17.0	428.0	258.0	50	9.0	109.0	70.0	0	0	27.65153455734253	103840	36568.35990834236	88273	14.991332819722643	
-325024.2395718473	89.2625	11.5	282.2027027027027	172.5810810810811	-2.8082063843866405	1298	8068	177	15.0	426.0	257.0	5	8.0	106.0	68.0	0	0	27.352568864822388	103920	36595.712477207184	88343	14.989414934565048	
-225023.90972769624	88.225	11.2987012987013	276.7922077922078	169.71428571428572	-2.8082063843866405	1299	8071	161	13.0	426.0	257.0	19	8.0	90.0	58.0	0	0	27.880379676818848	104000	36623.592856884	88415	14.98557692307692	
-275033.9791459164	89.2625	11.714285714285714	298.1168831168831	181.97402597402598	-2.8082063843866405	1300	8074	126	17.0	426.0	257.0	52	9.0	118.0	76.0	0	0	32.97878932952881	104080	36656.57164621353	88488	14.98078401229823	
-287520.2972969873	90.3	11.415584415584416	300.93506493506493	183.4935064935065	-2.8082063843866405	1301	8077	160	18.0	426.0	257.0	22	8.0	82.0	53.0	0	0	38.40335988998413	104160	36694.975006103516	88560	14.976958525345623	
-250033.12232762072	92.225	11.666666666666666	292.55128205128204	178.82051282051282	-2.8082063843866405	1302	8079	155	17.0	431.0	264.0	45	8.0	90.0	58.0	0	0	37.89916491508484	104240	36732.8741710186	88633	14.972179585571752	
-350026.41131937224	91.8	11.573333333333334	291.2	177.86666666666667	-2.8082063843866405	1303	8084	168	15.0	426.0	257.0	14	8.0	119.0	77.0	0	0	47.293697118759155	104320	36780.16786813736	88704	14.969325153374228	
-225015.1290817978	90.525	11.474358974358974	310.7307692307692	189.2948717948718	-2.8082063843866405	1304	8086	170	17.0	426.0	257.0	12	8.0	110.0	71.0	0	0	48.75426459312439	104400	36828.922132730484	88778	14.963601532567054	
-225021.28258865947	91.3375	11.582278481012658	315.126582278481	191.81012658227849	-2.805361623924339	1305	8087	133	17.0	426.0	257.0	49	8.0	90.0	58.0	0	0	57.511117935180664	104480	36886.433250665665	88853	14.956929555895869	
-225023.53187708798	90.925	11.653846153846153	307.8333333333333	188.16666666666666	-2.805361623924339	1306	8089	172	15.0	426.0	257.0	10	8.0	90.0	58.0	0	0	48.77444005012512	104560	36935.20769071579	88926	14.952180566182093	
-250023.04707327965	91.05	11.43421052631579	297.80263157894734	181.80263157894737	-2.805361623924339	1307	8093	177	15.0	426.0	257.0	5	8.0	83.0	54.0	0	0	49.873870611190796	104640	36985.08156132698	88998	14.948394495412842	
-312526.65313686914	92.575	11.618421052631579	310.5394736842105	188.97368421052633	-2.805361623924339	1308	8097	177	17.0	426.0	257.0	8	8.0	96.0	62.0	0	0	30.227872133255005	104720	37015.309433460236	89070	14.944614209320093	
-350038.9749542935	92.8	11.756756756756756	305.8378378378378	186.7027027027027	-2.805361623924339	1309	8103	187	17.0	426.0	257.0	13	9.0	133.0	84.0	0	0	31.84329843521118	104800	37047.15273189545	89140	14.94274809160305	
-187525.44987707047	92.7875	11.556962025316455	282.82278481012656	173.0379746835443	-2.805361623924339	1310	8104	139	17.0	426.0	257.0	38	8.0	90.0	58.0	0	0	42.011905908584595	104880	37089.16463780403	89214	14.9370709382151	
-275021.1741282629	90.1625	11.635135135135135	320.1621621621622	194.95945945945945	-2.805361623924339	1311	8110	166	17.0	844.0	509.0	16	8.0	110.0	71.0	0	0	40.34614181518555	104960	37129.51077961922	89283	14.936166158536594	
-300023.5026107327	90.9	11.857142857142858	298.45454545454544	182.4805194805195	-2.805361623924339	1312	8113	162	17.0	533.0	331.0	16	9.0	104.0	67.0	0	0	52.092719316482544	105040	37181.6034989357	89356	14.931454683929928	
-300030.85140689707	90.825	11.506493506493506	298.6363636363636	182.24675324675326	-2.805361623924339	1313	8116	176	15.0	426.0	257.0	6	8.0	119.0	77.0	0	0	55.78925824165344	105120	37237.39275717735	89429	14.926750380517504	
-275025.8751175034	90.6375	11.671052631578947	291.2105263157895	177.97368421052633	-2.805361623924339	1314	8120	151	17.0	426.0	257.0	25	8.0	118.0	76.0	0	0	53.774340867996216	105200	37291.16709804535	89500	14.92395437262357	
-325022.8355470224	89.4375	11.355263157894736	277.6842105263158	169.67105263157896	-2.805361623924339	1315	8124	177	12.0	426.0	257.0	5	8.0	88.0	57.0	0	0	55.34696078300476	105280	37346.514058828354	89571	14.921162613981764	
-212518.56706312526	93.725	11.64935064935065	284.12987012987014	173.87012987012986	-2.805361623924339	1316	8127	179	17.0	440.0	268.0	7	8.0	90.0	58.0	0	0	34.99039888381958	105360	37381.50445771217	89644	14.916476841306007	
-225033.05835951236	98.25	11.518987341772151	295.0379746835443	179.9367088607595	-2.805361623924339	1317	8128	189	14.0	426.0	257.0	55	9.0	95.0	62.0	0	0	52.95033383369446	105440	37434.45479154587	89719	14.909901365705608	
-300027.45061575714	92.0875	11.792207792207792	298.4935064935065	182.19480519480518	-2.8038848823753026	1318	8131	157	17.0	438.0	265.0	43	8.0	98.0	63.0	0	0	50.733274936676025	105520	37485.188066482544	89792	14.905231235784683	
-325016.4952453441	91.825	11.613333333333333	307.3333333333333	187.28	-2.8038848823753026	1319	8136	178	17.0	426.0	257.0	4	9.0	112.0	71.0	0	0	37.80745792388916	105600	37522.99552440643	89863	14.902462121212125	
-212526.2073844932	92.775	11.72972972972973	306.6756756756757	186.7972972972973	-2.8038848823753026	1320	8142	162	17.0	488.0	299.0	21	8.0	88.0	57.0	0	0	43.19234800338745	105680	37566.18787240982	89933	14.90064345193035	
-287528.6127048608	91.0	11.657894736842104	302.5394736842105	184.6578947368421	-2.8038848823753026	1321	8146	176	19.0	594.0	355.0	6	8.0	106.0	67.0	0	0	53.74551343917847	105760	37619.933385849	90004	14.897881996974277	
-212521.4344644499	89.6375	12.216216216216216	327.1081081081081	199.3783783783784	-2.8038848823753026	1322	8152	160	19.0	596.0	355.0	30	8.0	119.0	75.0	0	0	68.11955785751343	105840	37688.05294370651	90074	14.896069538926682	
-262527.88124204427	89.575	11.644736842105264	304.25	185.69736842105263	-2.8038848823753026	1323	8156	145	18.0	426.0	257.0	32	8.0	106.0	67.0	0	0	33.56971049308777	105920	37721.6226541996	90146	14.892371601208453	
-275026.8166253999	91.15	11.486486486486486	292.0945945945946	178.22972972972974	-2.8038848823753026	1324	8162	159	17.0	495.0	299.0	23	8.0	90.0	58.0	0	0	51.84775638580322	106000	37773.4704105854	90216	14.890566037735852	
-225022.97630707972	91.8125	11.512820512820513	309.87179487179486	188.98717948717947	-2.8038848823753026	1325	8164	127	13.0	426.0	257.0	59	9.0	127.0	80.0	0	0	48.198201417922974	106080	37821.66861200333	90289	14.885935143288094	
-187541.15895870194	91.0	11.675324675324676	326.4155844155844	198.33766233766235	-2.8038848823753026	1326	8167	144	17.0	426.0	257.0	38	8.0	113.0	72.0	0	0	44.38561797142029	106160	37866.05422997475	90362	14.881311228334596	
-300016.93331762345	90.5625	11.454545454545455	294.87012987012986	180.3896103896104	-2.8038848823753026	1327	8170	173	17.0	426.0	257.0	9	8.0	83.0	54.0	0	0	35.06611919403076	106240	37901.12034916878	90435	14.876694277108442	
-262520.7071711029	93.6125	11.881578947368421	311.80263157894734	189.93421052631578	-2.8038848823753026	1328	8174	173	19.0	450.0	271.0	32	8.0	110.0	71.0	0	0	30.515861749649048	106320	37931.63621091843	90507	14.873024830699777	
-237519.04147078385	96.6125	11.662337662337663	315.90909090909093	192.55844155844156	-2.8038848823753026	1329	8177	185	17.0	450.0	271.0	7	9.0	109.0	70.0	0	0	44.607332706451416	106400	37976.24354362488	90580	14.868421052631575	
-225025.8791741623	93.5	11.820512820512821	307.9102564102564	187.75641025641025	-2.8038848823753026	1330	8179	173	17.0	546.0	327.0	50	9.0	132.0	86.0	0	0	46.97638297080994	106480	38023.21992659569	90654	14.862885048835466	
-312520.15775410266	91.15	11.64102564102564	297.20512820512823	181.46153846153845	-2.8038848823753026	1331	8181	126	17.0	426.0	257.0	56	8.0	105.0	68.0	0	0	47.03126358985901	106560	38070.25119018555	90728	14.857357357357358	
-287523.1843385589	90.65	11.320512820512821	273.94871794871796	167.56410256410257	-2.8038848823753026	1332	8183	168	18.0	546.0	327.0	14	8.0	108.0	70.0	0	0	39.89377212524414	106640	38110.14496231079	90801	14.852775693923476	
-275016.7694848306	90.75	11.714285714285714	314.68831168831167	191.58441558441558	-2.8038761737884363	1333	8186	159	17.0	546.0	327.0	23	8.0	82.0	53.0	0	0	44.352835178375244	106720	38154.497797489166	90873	14.849137931034477	
-275024.5185869547	94.85	11.506666666666666	300.0	183.08	-2.8038761737884363	1334	8191	187	14.0	426.0	257.0	38	9.0	94.0	61.0	0	0	41.9986572265625	106800	38196.49645471573	90943	14.847378277153553	
-262523.26516314666	92.35	11.573333333333334	311.1066666666667	189.50666666666666	-2.80357753558812	1335	8196	137	14.0	426.0	257.0	45	9.0	130.0	84.0	0	0	46.06468725204468	106880	38242.56114196777	91014	14.84468562874251	
-300018.9667849359	91.0	11.77027027027027	301.14864864864865	183.6216216216216	-2.80357753558812	1336	8202	163	17.0	441.0	265.0	19	8.0	96.0	62.0	0	0	46.51239490509033	106960	38289.073536872864	91084	14.842931937172779	
-300024.1487904514	91.7125	11.88888888888889	320.5138888888889	195.15277777777777	-2.80357753558812	1337	8210	180	17.0	450.0	271.0	2	9.0	102.0	66.0	0	0	39.559295654296875	107040	38328.63283252716	91151	14.843983557548583	
-262518.89424265124	94.0625	11.85897435897436	299.88461538461536	182.96153846153845	-2.80357753558812	1338	8212	140	17.0	426.0	257.0	50	9.0	130.0	84.0	0	0	33.913280963897705	107120	38362.54611349106	91225	14.838498879761019	
-287521.74055583804	94.8375	11.621621621621621	310.36486486486484	188.97297297297297	-2.80357753558812	1339	8218	171	13.0	426.0	257.0	17	9.0	138.0	86.0	0	0	43.60185742378235	107200	38406.14797091484	91295	14.836753731343293	
-225025.0410567866	91.025	11.512820512820513	303.4102564102564	185.62820512820514	-2.80357753558812	1340	8220	154	13.0	426.0	257.0	26	8.0	119.0	75.0	0	0	52.79441165924072	107280	38458.94238257408	91368	14.832214765100673	
-262518.68923266645	90.825	11.837837837837839	320.63513513513516	195.47297297297297	-2.80357753558812	1341	8226	166	19.0	435.0	261.0	16	9.0	121.0	78.0	0	0	49.44200682640076	107360	38508.38438940048	91438	14.830476900149037	
-250014.90709767485	93.6875	11.753246753246753	309.12987012987014	188.64935064935065	-2.80357753558812	1342	8229	166	14.0	439.0	265.0	33	9.0	120.0	78.0	0	0	40.58020091056824	107440	38548.96459031105	91511	14.825949367088612	
-287518.68790670123	92.075	11.571428571428571	300.09090909090907	183.2077922077922	-2.80357753558812	1343	8232	162	17.0	546.0	327.0	20	8.0	90.0	58.0	0	0	46.66333723068237	107520	38595.62792754173	91584	14.82142857142857	
-300020.3145413779	90.925	11.743243243243244	320.6216216216216	195.25675675675674	-2.80357753558812	1344	8238	143	17.0	441.0	265.0	39	8.0	86.0	56.0	0	0	48.227741956710815	107600	38643.85566949844	91654	14.819702602230478	
-250019.49405374602	91.9	11.710526315789474	312.88157894736844	190.6315789473684	-2.80357753558812	1345	8242	168	20.0	436.0	265.0	14	8.0	106.0	68.0	0	0	42.58531475067139	107680	38686.440984249115	91726	14.816121842496287	
-312516.169532381	92.15	11.710526315789474	306.07894736842104	186.64473684210526	-2.80357753558812	1346	8246	180	20.0	426.0	257.0	2	9.0	96.0	62.0	0	0	44.82856273651123	107760	38731.269546985626	91798	14.812546399406088	
-325024.3939502243	90.0	11.756410256410257	314.62820512820514	191.67948717948718	-2.80357753558812	1347	8248	166	17.0	426.0	257.0	16	9.0	131.0	84.0	0	0	53.98072791099548	107840	38785.25027489662	91872	14.80712166172107	
-237519.64971791412	89.95	11.773333333333333	314.70666666666665	191.89333333333335	-2.80357753558812	1348	8253	168	17.0	530.0	327.0	14	9.0	110.0	71.0	0	0	45.4045512676239	107920	38830.654826164246	91943	14.804484803558196	
-300019.72981319315	91.075	11.63888888888889	304.90277777777777	185.88888888888889	-2.80357753558812	1349	8261	171	17.0	441.0	265.0	9	9.0	123.0	78.0	0	0	66.47244071960449	108000	38897.12726688385	92011	14.80462962962963	
-250018.336906636	92.3	11.726027397260275	303.6849315068493	185.27397260273972	-2.80357753558812	1350	8268	179	17.0	444.0	268.0	3	8.0	96.0	62.0	0	0	33.35795736312866	108080	38930.48522424698	92080	14.803849000740186	
-212519.27165348185	95.7	11.402597402597403	288.6623376623377	176.2987012987013	-2.80357753558812	1351	8271	171	14.0	426.0	257.0	49	9.0	119.0	77.0	0	0	59.65064525604248	108160	38990.13586950302	92153	14.799371301775139	
-350019.1006531891	91.0	11.243243243243244	282.6081081081081	172.66216216216216	-2.80357753558812	1352	8277	177	16.0	426.0	257.0	5	8.0	90.0	58.0	0	0	37.397374868392944	108240	39027.533244371414	92222	14.798595713229858	
-275019.311554366	90.7625	11.547945205479452	299.47945205479454	182.5205479452055	-2.80357753558812	1353	8284	161	15.0	441.0	265.0	21	7.0	90.0	58.0	0	0	45.40938591957092	108320	39072.942630290985	92291	14.797821270310195	
-250035.46471598223	90.6875	11.24	268.46666666666664	164.76	-2.80357753558812	1354	8289	174	16.0	650.0	387.0	8	7.0	90.0	58.0	0	0	34.846646308898926	108400	39107.789276599884	92361	14.796125461254618	
-312513.44767717755	93.3875	11.424657534246576	292.6027397260274	178.58904109589042	-2.80357753558812	1355	8296	208	17.0	441.0	265.0	14	8.0	87.0	56.0	0	0	41.78494071960449	108480	39149.57421731949	92430	14.795353982300881	
-225019.9634708322	90.4375	11.85135135135135	318.3918918918919	193.95945945945945	-2.80357753558812	1356	8302	180	17.0	441.0	265.0	2	9.0	137.0	88.0	0	0	43.20758128166199	108560	39192.78179860115	92500	14.793662490788506	
-250032.42679559524	93.775	11.297297297297296	271.3783783783784	166.35135135135135	-2.80357753558812	1357	8308	168	17.0	426.0	257.0	14	9.0	119.0	77.0	0	0	33.08963751792908	108640	39225.87143611908	92570	14.791973490427097	
-275022.88362060516	90.825	11.192307692307692	278.7692307692308	171.10256410256412	-2.80357753558812	1358	8310	152	17.0	523.0	321.0	30	8.0	87.0	56.0	0	0	36.02839756011963	108720	39261.8998336792	92644	14.786607799852831	
-312522.6026600248	91.075	11.88	304.36	186.17333333333335	-2.80357753558812	1359	8315	135	17.0	543.0	327.0	47	9.0	130.0	81.0	0	0	44.15534210205078	108800	39306.05517578125	92714	14.784926470588232	
-237517.84626091798	91.0375	11.552631578947368	308.1842105263158	188.01315789473685	-2.80357753558812	1360	8319	165	13.0	426.0	257.0	17	9.0	124.0	80.0	0	0	48.247915267944336	108880	39354.303091049194	92786	14.781410727406325	
-300015.4718745965	90.025	11.816901408450704	318.83098591549293	194.14084507042253	-2.80357753558812	1361	8328	151	19.0	426.0	257.0	31	8.0	99.0	64.0	0	0	50.246094703674316	108960	39404.54918575287	92851	14.784324522760656	
-325016.65484127344	89.625	11.328947368421053	293.4078947368421	178.98684210526315	-2.80357753558812	1362	8332	151	12.0	426.0	257.0	31	8.0	98.0	63.0	0	0	53.62243318557739	109040	39458.171618938446	92923	14.78081438004402	
-387514.1804858642	93.2875	11.506849315068493	286.8493150684931	175.56164383561645	-2.80357753558812	1363	8339	208	17.0	450.0	271.0	3	9.0	116.0	75.0	0	0	36.93234586715698	109120	39495.1039648056	92992	14.780058651026394	
-287523.1169380738	91.8875	11.643835616438356	313.6849315068493	191.13698630136986	-2.80357753558812	1364	8346	208	16.0	441.0	265.0	22	8.0	93.0	60.0	0	0	43.17084360122681	109200	39538.27480840683	93061	14.77930402930403	
-337516.3516779509	98.0125	11.480519480519481	292.5584415584416	178.84415584415584	-2.80357753558812	1365	8349	216	17.0	426.0	257.0	19	9.0	120.0	78.0	0	0	38.98735451698303	109280	39577.26216292381	93134	14.774890190336748	
-300019.3720436959	95.3875	11.415584415584416	288.012987012987	175.80519480519482	-2.80357753558812	1366	8352	208	17.0	426.0	257.0	49	9.0	111.0	70.0	0	0	44.82909083366394	109360	39622.09125375748	93207	14.770482809070955	
-337525.52051573753	88.425	11.569444444444445	274.5	168.16666666666666	-2.80357753558812	1367	8360	177	19.0	598.0	356.0	5	8.0	122.0	77.0	0	0	44.13325595855713	109440	39666.224509716034	93275	14.77065058479532	
-337533.1249607203	88.375	11.533333333333333	278.18666666666667	170.24	-2.80357753558812	1368	8365	149	19.0	521.0	311.0	23	8.0	80.0	52.0	0	0	53.33684229850769	109520	39719.56135201454	93346	14.768078889700504	
-262536.9214221483	89.7875	11.571428571428571	292.5064935064935	178.4935064935065	-2.80357753558812	1369	8368	171	17.0	534.0	327.0	11	9.0	125.0	79.0	0	0	55.02026319503784	109600	39774.58161520958	93418	14.764598540145997	
-262522.39357517386	88.2625	11.63013698630137	304.16438356164383	185.23287671232876	-2.80357753558812	1370	8375	179	19.0	546.0	327.0	3	8.0	80.0	52.0	0	0	49.100430965423584	109680	39823.682046175	93487	14.763858497447131	
-350026.62171813176	93.575	11.554054054054054	291.7972972972973	178.2972972972973	-2.80357753558812	1371	8381	179	16.0	426.0	257.0	43	9.0	90.0	58.0	0	0	45.91310429573059	109760	39869.595150470734	93556	14.7631195335277	
-287515.5084088859	91.725	11.620253164556962	299.32911392405066	182.48101265822785	-2.80357753558812	1372	8382	150	17.0	426.0	257.0	55	8.0	80.0	52.0	0	0	48.41582918167114	109840	39918.010979652405	93631	14.756919155134739	
-225019.7089827067	92.475	11.708860759493671	302.2278481012658	184.39240506329114	-2.80357753558812	1373	8383	150	20.0	441.0	265.0	42	8.0	103.0	66.0	0	0	72.1511287689209	109920	39990.162108421326	93706	14.750727802037844	
-312514.3665970455	92.0875	11.106666666666667	280.92	171.86666666666667	-2.80357753558812	1374	8388	150	14.0	434.0	265.0	48	8.0	103.0	66.0	0	0	45.52494525909424	110000	40035.68705368042	93774	14.75090909090909	
-350028.516060438	89.6	11.309859154929578	293.85915492957747	179.61971830985917	-2.80357753558812	1375	8397	165	16.0	525.0	313.0	17	8.0	90.0	58.0	0	0	55.180864572525024	110080	40090.867918252945	93840	14.752906976744185	
-337516.6373120983	94.15	11.547945205479452	299.28767123287673	182.76712328767124	-2.796855536665043	1376	8404	188	16.0	426.0	257.0	27	8.0	96.0	62.0	0	0	47.74731087684631	110160	40138.61522912979	93909	14.752178649237464	
-225021.979424656	92.4875	11.924050632911392	322.0379746835443	196.1772151898734	-2.796855536665043	1377	8405	143	17.0	444.0	274.0	39	8.0	110.0	71.0	0	0	54.261518716812134	110240	40192.8767478466	93984	14.746008708272868	
-250024.09992120732	89.7	11.84	332.26666666666665	202.04	-2.796855536665043	1378	8410	170	17.0	842.0	509.0	12	9.0	144.0	92.0	0	0	58.65207552909851	110320	40251.5288233757	94055	14.743473531544595	
-187524.96597776748	89.6625	11.73076923076923	321.5	195.87179487179486	-2.796855536665043	1379	8412	136	17.0	426.0	257.0	39	8.0	105.0	68.0	0	0	43.29688048362732	110400	40294.82570385933	94129	14.738224637681157	
-312523.3570370027	88.4	11.608108108108109	300.1621621621622	182.95945945945945	-2.796855536665043	1380	8418	152	17.0	441.0	265.0	30	8.0	90.0	58.0	0	0	34.855509519577026	110480	40329.681213378906	94199	14.736603910209993	
-300020.0431903069	88.25	11.86111111111111	330.6111111111111	200.83333333333334	-2.796855536665043	1381	8426	175	17.0	426.0	257.0	7	8.0	80.0	52.0	0	0	42.367236614227295	110560	40372.04844999313	94266	14.737698986975403	
-287519.8324526684	87.025	11.506666666666666	302.37333333333333	184.12	-2.796855536665043	1382	8431	179	17.0	498.0	299.0	3	8.0	97.0	63.0	0	0	60.785616397857666	110640	40432.83406639099	94337	14.735177151120752	
-325017.26357452024	90.075	11.466666666666667	316.58666666666664	192.49333333333334	-2.796855536665043	1383	8436	180	13.0	498.0	299.0	2	8.0	117.0	74.0	0	0	51.00121212005615	110720	40483.83527851105	94407	14.733562138728331	
-187517.86002156296	92.15	11.763157894736842	321.5131578947368	195.46052631578948	-2.796855536665043	1384	8440	134	14.0	426.0	257.0	48	8.0	96.0	62.0	0	0	44.60945177078247	110800	40528.44473028183	94479	14.730144404332137	
-225024.29729237623	91.45	11.705128205128204	323.2692307692308	196.74358974358975	-2.796855536665043	1385	8442	174	17.0	546.0	327.0	8	9.0	128.0	81.0	0	0	55.39254665374756	110880	40583.83727693558	94553	14.724927849927852	
-312523.0704238469	91.5625	11.671052631578947	302.7236842105263	184.69736842105263	-2.796855536665043	1386	8446	164	17.0	426.0	257.0	18	9.0	122.0	79.0	0	0	46.12334752082825	110960	40629.960624456406	94625	14.721521268925741	
-275028.09285697713	90.6	11.576923076923077	301.5128205128205	184.0	-2.796855536665043	1387	8448	174	17.0	426.0	257.0	8	9.0	136.0	86.0	0	0	42.07683801651001	111040	40672.037462472916	94699	14.716318443804028	
-250025.4001508507	91.1625	11.628205128205128	285.8974358974359	175.03846153846155	-2.796855536665043	1388	8450	174	17.0	546.0	327.0	47	8.0	90.0	58.0	0	0	37.50242757797241	111120	40709.53989005089	94772	14.712023038156957	
-262528.6084443071	89.85	11.578947368421053	309.4342105263158	188.25	-2.796855536665043	1389	8454	157	17.0	426.0	257.0	25	8.0	88.0	57.0	0	0	62.90443134307861	111200	40772.44432139397	94844	14.70863309352518	
-262517.7212213433	89.825	11.539473684210526	290.4868421052632	177.71052631578948	-2.796855536665043	1390	8458	165	17.0	426.0	257.0	17	8.0	123.0	78.0	0	0	49.24132680892944	111280	40821.685648202896	94916	14.70524802300504	
-275017.61346658244	91.4125	11.72972972972973	299.4864864864865	182.67567567567568	-2.796855536665043	1391	8464	195	19.0	546.0	327.0	10	9.0	93.0	60.0	0	0	48.501075983047485	111360	40870.18672418594	94986	14.703663793103445	
-250022.4396292128	95.35	11.481012658227849	300.9240506329114	183.70886075949366	-2.796276535511726	1392	8465	195	17.0	642.0	383.0	31	8.0	97.0	63.0	0	0	54.593780517578125	111440	40924.78050470352	95061	14.697595118449385	
-212518.28226301898	90.225	11.324324324324325	293.8918918918919	179.5	-2.796276535511726	1393	8471	195	14.0	434.0	261.0	21	9.0	114.0	72.0	0	0	43.23435974121094	111520	40968.01486444473	95131	14.69601865136299	
-250021.22959111776	88.8875	11.541666666666666	291.72222222222223	178.22222222222223	-2.796276535511726	1394	8479	195	17.0	426.0	257.0	17	8.0	109.0	70.0	0	0	36.09035539627075	111600	41004.105219841	95199	14.696236559139791	
-362526.0766519301	89.7375	11.452054794520548	296.56164383561645	181.1917808219178	-2.796276535511726	1395	8486	171	17.0	426.0	257.0	18	8.0	80.0	52.0	0	0	44.13277292251587	111680	41048.23799276352	95268	14.695558739255006	
-250029.83272037274	88.675	11.552631578947368	287.2763157894737	175.81578947368422	-2.796276535511726	1396	8490	152	17.0	546.0	327.0	30	9.0	106.0	67.0	0	0	37.562134742736816	111760	41085.800127506256	95340	14.69219756621331	
-375012.571194281	90.475	11.666666666666666	307.40277777777777	187.86111111111111	-2.796276535511726	1397	8498	163	18.0	426.0	257.0	19	9.0	102.0	66.0	0	0	41.32476353645325	111840	41127.12489104271	95406	14.694206008583691	
-300013.63861619605	91.0	11.56	298.8	182.04	-2.796276535511726	1398	8503	146	16.0	426.0	257.0	36	8.0	111.0	71.0	0	0	46.521676778793335	111920	41173.6465678215	95477	14.691744102930656	
-275014.95082852396	91.0	11.753246753246753	284.87012987012986	174.33766233766235	-2.796276535511726	1399	8506	146	17.0	844.0	509.0	36	8.0	90.0	58.0	0	0	42.155500173568726	112000	41215.80206799507	95550	14.6875	
-350016.053761318	90.2	11.72	286.6533333333333	175.17333333333335	-2.796276535511726	1400	8511	161	17.0	426.0	257.0	21	9.0	120.0	76.0	0	0	28.622227907180786	112080	41244.42429590225	95621	14.68504639543184	
-312516.5791822372	91.7125	11.48	283.64	173.26666666666668	-2.796276535511726	1401	8516	174	17.0	426.0	257.0	8	9.0	103.0	67.0	0	0	37.41439628601074	112160	41281.83869218826	95692	14.682596291012842	
-312511.8437717969	90.375	11.727272727272727	298.4155844155844	182.01298701298703	-2.7948951384459795	1402	8519	163	16.0	518.0	313.0	19	9.0	138.0	86.0	0	0	46.3145010471344	112240	41328.1531932354	95765	14.678367783321448	
-275020.9783193717	90.55	11.643835616438356	309.47945205479454	188.3835616438356	-2.7948951384459795	1403	8526	163	17.0	546.0	327.0	19	9.0	116.0	75.0	0	0	55.72453784942627	112320	41383.87773108482	95834	14.677706552706553	
-187519.12644120358	91.1875	11.5625	309.9375	188.775	-2.7948951384459795	1404	8526	146	17	546	327	36	9	107	69	0	0	52.77476215362549	112400	41436.65249323845	95910	14.670818505338076	
-237518.49046617135	91.0	11.692307692307692	318.7435897435897	193.67948717948718	-2.7948951384459795	1405	8528	144	15.0	426.0	257.0	38	9.0	136.0	86.0	0	0	59.69081735610962	112480	41496.34331059456	95984	14.66571834992888	
-262523.71311584336	91.1	11.753246753246753	312.42857142857144	190.1818181818182	-2.7948951384459795	1406	8531	180	19.0	433.0	261.0	2	9.0	102.0	66.0	0	0	45.730764389038086	112560	41542.0740749836	96056	14.662402274342568	
-225029.3925119564	90.65	11.545454545454545	300.6233766233766	183.06493506493507	-2.7948951384459795	1407	8534	165	17.0	444.0	268.0	17	8.0	90.0	58.0	0	0	39.70120692253113	112640	41581.77528190613	96129	14.658203125	
-225016.14668517685	92.85	11.662337662337663	310.02597402597405	189.03896103896105	-2.7948951384459795	1408	8537	174	17.0	426.0	257.0	8	9.0	129.0	82.0	0	0	67.35440635681152	112720	41649.12968826294	96200	14.655784244144783	
-262523.5676091424	90.5625	11.710526315789474	305.0131578947368	185.6315789473684	-2.7948951384459795	1409	8541	151	19.0	426.0	257.0	31	8.0	96.0	62.0	0	0	52.82922291755676	112800	41701.958911180496	96272	14.652482269503537	
-212517.95924517736	91.175	11.76	315.68	192.2	-2.7948951384459795	1410	8546	148	19.0	439.0	265.0	34	9.0	116.0	75.0	0	0	57.63234090805054	112880	41759.59125208855	96342	14.650956768249472	
-212529.12202122126	91.725	11.594594594594595	310.5	189.2972972972973	-2.7948951384459795	1411	8552	152	17.0	546.0	327.0	30	9.0	136.0	88.0	0	0	35.40642476081848	112960	41794.997676849365	96411	14.650318696883858	
-287522.3614392489	91.0	11.558441558441558	296.76623376623377	180.94805194805195	-2.7948951384459795	1412	8555	167	17.0	546.0	327.0	15	8.0	98.0	63.0	0	0	41.00311517715454	113040	41836.00079202652	96484	14.646142958244866	
-275031.53654921905	94.225	11.480519480519481	272.97402597402595	167.02597402597402	-2.7948951384459795	1413	8558	196	17.0	426.0	257.0	1	9.0	124.0	80.0	0	0	30.58446192741394	113120	41866.585253953934	96557	14.641973125884022	
-162525.08155566533	103.65	11.666666666666666	289.3076923076923	176.64102564102564	-2.7948951384459795	1414	8560	196	19.0	546.0	327.0	25	8.0	118.0	75.0	0	0	38.84282660484314	113200	41905.42808055878	96630	14.637809187279146	
-275019.88943058904	93.4125	11.573333333333334	300.06666666666666	182.90666666666667	-2.7948951384459795	1415	8565	196	17.0	426.0	257.0	30	9.0	126.0	80.0	0	0	32.680925369262695	113280	41938.10900592804	96701	14.635416666666671	
-300013.3681404515	91.0	11.652777777777779	303.3333333333333	184.91666666666666	-2.7948951384459795	1416	8573	172	17.0	468.0	286.0	10	9.0	110.0	71.0	0	0	42.028284788131714	113360	41980.13729071617	96769	14.635673959068455	
-237538.20090823752	91.0	11.662337662337663	322.38961038961037	196.2077922077922	-2.7948951384459795	1417	8576	147	19.0	908.0	537.0	35	8.0	119.0	77.0	0	0	69.98224949836731	113440	42050.11954021454	96842	14.63152327221438	
-225013.129861341	91.0	11.670886075949367	317.126582278481	193.0379746835443	-2.7948951384459795	1418	8577	126	17.0	433.0	261.0	56	8.0	96.0	62.0	0	0	42.8735466003418	113520	42092.99308681488	96917	14.625616631430589	
-250019.22046071113	91.0	11.828947368421053	314.30263157894734	191.6578947368421	-2.7948951384459795	1419	8581	154	17.0	546.0	327.0	28	8.0	96.0	62.0	0	0	53.8800573348999	113600	42146.87314414978	96987	14.624119718309856	
-312516.1640925196	90.075	11.493333333333334	315.62666666666667	192.16	-2.7948951384459795	1420	8586	153	17.0	426.0	257.0	29	9.0	128.0	81.0	0	0	43.63151526451111	113680	42190.50465941429	97058	14.621745249824073	
-325021.1041336567	89.95	11.71830985915493	314.9577464788732	191.61971830985917	-2.7948951384459795	1421	8595	167	15.0	426.0	257.0	15	9.0	136.0	88.0	0	0	53.601945877075195	113760	42244.10660529137	97125	14.622890295358644	
-287523.80243339424	94.7	11.902777777777779	312.0416666666667	189.97222222222223	-2.7948951384459795	1422	8603	187	17.0	620.0	369.0	20	9.0	128.0	83.0	0	0	39.78656768798828	113840	42283.893172979355	97193	14.623155305692208	
-312516.9464363927	98.25	11.527027027027026	301.56756756756755	183.8918918918919	-2.7948951384459795	1423	8609	200	17.0	426.0	257.0	36	8.0	105.0	68.0	0	0	59.32131838798523	113920	42343.21449136734	97262	14.622542134831463	
-212523.05341688552	96.3125	11.50632911392405	313.8101265822785	191.0	-2.7948951384459795	1424	8610	180	17.0	546.0	327.0	36	9.0	125.0	81.0	0	0	53.896769762039185	114000	42397.11126112938	97336	14.617543859649118	
-162520.92865564188	96.7125	11.96103896103896	320.2207792207792	195.01298701298703	-2.7948951384459795	1425	8613	193	19.0	546.0	327.0	21	9.0	119.0	77.0	0	0	56.082685708999634	114080	42453.19394683838	97409	14.613429172510521	
-375030.44044174487	90.675	11.863013698630137	300.32876712328766	183.41095890410958	-2.7948951384459795	1426	8620	158	17.0	456.0	273.0	24	8.0	93.0	60.0	0	0	32.723888635635376	114160	42485.917835474014	97478	14.612824106517166	
-287516.9711131362	91.1	11.430379746835444	280.82278481012656	172.0632911392405	-2.7948951384459795	1427	8621	144	17.0	426.0	257.0	38	9.0	115.0	75.0	0	0	32.36940789222717	114240	42518.28724336624	97553	14.60696778711484	
-237524.5040536967	93.325	11.474358974358974	308.1794871794872	187.82051282051282	-2.7948951384459795	1428	8623	160	14.0	426.0	257.0	22	9.0	114.0	72.0	0	0	55.740774393081665	114320	42574.02801775932	97627	14.601994401679491	
-262523.5364133862	89.225	11.716216216216216	316.8243243243243	193.04054054054055	-2.7948951384459795	1429	8629	148	17.0	546.0	327.0	27	9.0	111.0	70.0	0	0	63.150418519973755	114400	42637.1784362793	97697	14.60052447552448	
-287514.7760222134	92.6375	11.680555555555555	309.69444444444446	188.72222222222223	-2.7948951384459795	1430	8637	152	15.0	426.0	257.0	27	9.0	122.0	78.0	0	0	44.81669235229492	114480	42681.99512863159	97764	14.60167714884696	
-312520.03544522636	95.95	11.881578947368421	305.11842105263156	185.82894736842104	-2.7948951384459795	1431	8641	156	17.0	548.0	327.0	29	9.0	122.0	77.0	0	0	48.74292874336243	114560	42730.738057374954	97836	14.59846368715084	
-350020.18899276503	93.9125	11.878378378378379	304.06756756756755	185.6081081081081	-2.7948951384459795	1432	8647	176	17.0	440.0	267.0	6	8.0	122.0	77.0	0	0	63.563398361206055	114640	42794.30145573616	97906	14.596999302163297	
-400026.23605914286	90.4625	11.564102564102564	274.05128205128204	167.7948717948718	-2.7948951384459795	1433	8649	133	17.0	426.0	257.0	48	8.0	127.0	82.0	0	0	38.219393253326416	114720	42832.52084898949	97980	14.592050209205027	
-262524.38967651187	90.575	11.573333333333334	302.4	184.48	-2.7948951384459795	1434	8654	161	17.0	426.0	257.0	21	8.0	114.0	72.0	0	0	46.18387007713318	114800	42878.70471906662	98051	14.589721254355396	
-350014.88698911853	94.5	11.881578947368421	304.0263157894737	185.21052631578948	-2.7948951384459795	1435	8658	161	17.0	546.0	327.0	37	9.0	128.0	81.0	0	0	51.16775608062744	114880	42929.87247514725	98123	14.586525069637872	
-237516.50696476013	92.1375	11.644736842105264	303.9736842105263	185.01315789473685	-2.7948951384459795	1436	8662	178	17.0	426.0	257.0	4	9.0	106.0	68.0	0	0	58.17233729362488	114960	42988.04481244087	98195	14.583333333333343	
-300024.140963901	91.0875	11.753246753246753	317.38961038961037	193.12987012987014	-2.7948951384459795	1437	8665	180	17.0	546.0	327.0	2	9.0	125.0	81.0	0	0	56.46322274208069	115040	43044.50803518295	98268	14.579276773296243	
-275020.9652993401	91.0	11.597402597402597	310.1168831168831	189.03896103896105	-2.7948951384459795	1438	8668	164	17.0	546.0	327.0	18	8.0	129.0	82.0	0	0	64.6727786064148	115120	43109.18081378937	98341	14.575225851285609	
-325033.35888325714	90.925	11.692307692307692	288.8974358974359	176.44871794871796	-2.7948951384459795	1439	8670	173	17.0	546.0	327.0	9	9.0	105.0	68.0	0	0	47.75542902946472	115200	43156.93624281883	98414	14.571180555555557	
-225026.01930062333	90.375	11.48	300.97333333333336	183.24	-2.7948951384459795	1440	8675	181	17.0	426.0	257.0	1	8.0	117.0	74.0	0	0	53.84977626800537	115280	43210.78601908684	98485	14.568875780707842	
-275020.8191467871	90.45	11.31578947368421	286.44736842105266	174.8815789473684	-2.7948951384459795	1441	8679	160	16.0	426.0	257.0	22	8.0	107.0	69.0	0	0	52.81978631019592	115360	43263.605805397034	98557	14.56570735090152	
-250030.6923039194	90.9375	11.417721518987342	296.82278481012656	180.9620253164557	-2.7948951384459795	1442	8680	138	14.0	426.0	257.0	44	8.0	90.0	58.0	0	0	42.3111891746521	115440	43305.916994571686	98632	14.559944559944554	
-300024.40963349584	91.0	11.688311688311689	302.54545454545456	184.3896103896104	-2.7948951384459795	1443	8683	173	17.0	426.0	257.0	9	8.0	88.0	57.0	0	0	50.28429961204529	115520	43356.20129418373	98705	14.555921052631575	
-250017.03277798663	90.65	11.493506493506494	311.038961038961	189.46753246753246	-2.794603638176633	1444	8686	148	17.0	426.0	257.0	34	9.0	127.0	82.0	0	0	53.86498785018921	115600	43410.06628203392	98777	14.552768166089976	
-300026.96182676853	91.0	11.453333333333333	306.17333333333335	186.21333333333334	-2.794603638176633	1445	8691	176	13.0	426.0	257.0	6	9.0	118.0	76.0	0	0	51.98904252052307	115680	43462.05532455444	98848	14.550484094052564	
-237516.52653618722	91.0	11.526315789473685	321.4605263157895	195.52631578947367	-2.794603638176633	1446	8695	151	13.0	426.0	257.0	31	8.0	90.0	58.0	0	0	56.72487735748291	115760	43518.780201911926	98920	14.54733932273669	
-300021.4576481455	90.775	11.658227848101266	308.9746835443038	188.34177215189874	-2.794603638176633	1447	8696	133	17.0	846.0	509.0	49	8.0	93.0	60.0	0	0	54.09228229522705	115840	43572.87248420715	98995	14.541609116022101	
-325022.9484420726	90.5	11.89041095890411	328.1095890410959	199.54794520547946	-2.794603638176633	1448	8703	156	17.0	846.0	509.0	26	9.0	115.0	74.0	0	0	59.61738705635071	115920	43632.489871263504	99064	14.54106280193237	
-262521.31375632447	89.3	11.76	311.18666666666667	189.44	-2.794603638176633	1449	8708	158	20.0	760.0	453.0	24	9.0	128.0	81.0	0	0	34.928987979888916	116000	43667.41885924339	99134	14.539655172413788	
-225023.11445849232	87.5625	11.506666666666666	305.4533333333333	186.28	-2.794603638176633	1450	8713	138	16.0	481.0	289.0	17	8.0	125.0	80.0	0	0	47.1681604385376	116080	43714.58701968193	99204	14.538249483115095	
-412512.94760960125	89.3875	11.742424242424242	308.9848484848485	188.27272727272728	-2.794603638176633	1451	8727	173	19.0	908.0	537.0	3	9.0	122.0	79.0	0	0	46.9870240688324	116160	43761.57404375076	99264	14.545454545454547	
-262519.6878400122	89.0875	11.44	302.6	184.53333333333333	-2.794603638176633	1452	8732	122	15.0	426.0	257.0	40	8.0	95.0	61.0	0	0	45.00491166114807	116240	43806.57895541191	99334	14.544046799724711	
-325020.9417129498	88.125	11.386666666666667	291.82666666666665	178.22666666666666	-2.794603638176633	1453	8737	178	13.0	426.0	257.0	4	9.0	122.0	77.0	0	0	51.12129282951355	116320	43857.700248241425	99405	14.541781292984865	
-287520.345709499	90.3375	11.519480519480519	283.14285714285717	172.96103896103895	-2.794603638176633	1454	8740	141	17.0	546.0	327.0	40	8.0	111.0	72.0	0	0	44.879347801208496	116400	43902.57959604263	99477	14.538659793814432	
-300015.1589043684	88.375	11.453333333333333	300.14666666666665	182.85333333333332	-2.794603638176633	1455	8745	162	17.0	427.0	261.0	20	8.0	80.0	52.0	0	0	39.21510148048401	116480	43941.79469752312	99548	14.536401098901095	
-262518.2608814803	91.0	11.615384615384615	320.3205128205128	194.78205128205127	-2.794603638176633	1456	8747	160	17.0	426.0	257.0	22	8.0	128.0	81.0	0	0	39.53317999839783	116560	43981.327877521515	99622	14.531571722717914	
-325017.92545000307	91.95	11.766233766233766	313.6753246753247	191.05194805194805	-2.794603638176633	1457	8750	171	16.0	426.0	257.0	11	9.0	130.0	84.0	0	0	49.541603326797485	116640	44030.86948084831	99695	14.527606310013724	
-300018.7229200207	91.475	11.445945945945946	300.7027027027027	183.40540540540542	-2.794603638176633	1458	8756	180	15.0	426.0	257.0	20	9.0	114.0	72.0	0	0	51.23323607444763	116720	44082.10271692276	99765	14.526216586703228	
-337517.4791008667	95.2875	11.855263157894736	317.32894736842104	193.06578947368422	-2.794603638176633	1459	8760	180	17.0	426.0	257.0	2	8.0	93.0	60.0	0	0	53.97572469711304	116800	44136.07844161987	99837	14.523116438356169	
-212527.5896012991	93.0125	11.467532467532468	286.9220779220779	175.12987012987014	-2.794603638176633	1460	8763	150	17.0	439.0	265.0	32	8.0	90.0	58.0	0	0	43.53911018371582	116880	44179.61755180359	99910	14.519164955509922	
-337515.202816297	90.875	11.44	295.74666666666667	180.4	-2.794603638176633	1461	8768	180	18.0	426.0	257.0	2	8.0	112.0	71.0	0	0	40.88191103935242	116960	44220.49946284294	99981	14.516928864569081	
-287518.1885722668	91.0	11.561643835616438	326.2328767123288	198.46575342465752	-2.794603638176633	1462	8775	178	13.0	426.0	257.0	4	8.0	80.0	52.0	0	0	60.72075843811035	117040	44281.22022128105	100050	14.516404647983592	
-262532.6297269391	93.825	11.493506493506494	298.94805194805195	182.1818181818182	-2.794603638176633	1463	8778	168	17.0	433.0	261.0	27	8.0	80.0	52.0	0	0	59.27827835083008	117120	44340.49849963188	100123	14.512465846994544	
-237528.95010495358	93.8375	11.623376623376624	305.5584415584416	186.1038961038961	-2.794603638176633	1464	8781	156	17.0	426.0	257.0	26	9.0	118.0	76.0	0	0	62.84062743186951	117200	44403.33912706375	100196	14.50853242320818	
-287532.4609121292	93.1875	11.74025974025974	306.31168831168833	186.4935064935065	-2.794603638176633	1465	8784	184	17.0	546.0	327.0	3	9.0	119.0	77.0	0	0	40.031063079833984	117280	44443.370190143585	100269	14.504604365620736	
-262530.6588743733	93.5	11.67123287671233	315.027397260274	192.0	-2.794603638176633	1466	8791	178	17.0	524.0	313.0	4	9.0	105.0	68.0	0	0	47.76158952713013	117360	44491.131779670715	100338	14.504089979550102	
-175045.98577243852	91.275	11.512820512820513	304.3205128205128	185.32051282051282	-2.794603638176633	1467	8793	126	16.0	524.0	313.0	56	9.0	98.0	63.0	0	0	62.279154539108276	117440	44553.41093420982	100411	14.500170299727529	
-287520.6200864321	89.925	11.441558441558442	291.4415584415584	177.75324675324674	-2.794603638176633	1468	8796	173	14.0	426.0	257.0	9	8.0	79.0	51.0	0	0	63.1484055519104	117520	44616.559339761734	100483	14.497106875425459	
-237531.22777560196	90.2625	11.421052631578947	299.4868421052632	182.6184210526316	-2.794603638176633	1469	8800	144	13.0	426.0	257.0	38	8.0	90.0	58.0	0	0	52.527647733688354	117600	44669.08698749542	100555	14.49404761904762	
-250021.5776418393	89.825	10.986842105263158	257.61842105263156	158.23684210526315	-2.794603638176633	1470	8804	171	16.0	426.0	257.0	11	8.0	80.0	52.0	0	0	41.528769969940186	117680	44710.61575746536	100626	14.491842284160441	
-275032.0704176122	89.2125	10.721518987341772	244.8227848101266	150.70886075949366	-2.794603638176633	1471	8805	160	16.0	524.0	313.0	50	8.0	102.0	66.0	0	0	38.521517515182495	117760	44749.137274980545	100701	14.486243206521749	
-225035.36217988207	89.5875	11.171052631578947	266.3421052631579	163.32894736842104	-2.794603638176633	1472	8809	159	16.0	524.0	313.0	23	8.0	80.0	52.0	0	0	43.74322700500488	117840	44792.88050198555	100773	14.483197556008136	
-312526.3407883172	90.8875	11.105263157894736	259.2763157894737	159.1578947368421	-2.794603638176633	1473	8813	158	17.0	546.0	327.0	24	8.0	110.0	71.0	0	0	20.9808931350708	117920	44813.86139512062	100845	14.480156037991847	
-300016.7774525943	91.8125	11.450704225352112	293.0422535211268	178.9718309859155	-2.794603638176633	1474	8822	158	17.0	426.0	257.0	24	8.0	109.0	71.0	0	0	48.168741941452026	118000	44862.03013706207	100910	14.48305084745762	
-387520.54628930584	92.15	11.226666666666667	281.49333333333334	171.92	-2.794603638176633	1475	8827	143	17.0	546.0	327.0	39	7.0	82.0	53.0	0	0	39.6800172328949	118080	44901.71015429497	100980	14.481707317073173	
-362520.95001151826	93.525	11.493333333333334	263.85333333333335	161.65333333333334	-2.794603638176633	1476	8832	152	19.0	908.0	537.0	30	9.0	117.0	76.0	0	0	72.58886432647705	118160	44974.299018621445	101051	14.479519295870006	
-275018.14673571393	97.3625	11.207792207792208	259.84415584415586	159.07792207792207	-2.794603638176633	1477	8835	180	19.0	908.0	537.0	35	8.0	96.0	62.0	0	0	76.40771055221558	118240	45050.70672917366	101124	14.475642760487133	
-262519.85843337333	102.075	11.324324324324325	271.7432432432432	166.2972972972973	-2.794603638176633	1478	8841	186	19.0	470.0	285.0	32	8.0	88.0	57.0	0	0	46.77154207229614	118320	45097.47827124596	101193	14.475152129817445	
-225020.26566600372	100.0875	11.289473684210526	261.6578947368421	160.44736842105263	-2.794603638176633	1479	8845	233	19.0	439.0	264.0	7	8.0	88.0	57.0	0	0	29.546360731124878	118400	45127.02463197708	101264	14.472972972972968	
-250019.70770754092	95.1125	11.364864864864865	274.55405405405406	168.28378378378378	-2.794603638176633	1480	8851	177	16.0	426.0	257.0	5	8.0	95.0	61.0	0	0	29.387035608291626	118480	45156.41166758537	101334	14.471640783254557	
-312513.4127081929	92.575	11.661971830985916	306.2957746478873	186.59154929577466	-2.794603638176633	1481	8860	158	17.0	426.0	257.0	24	8.0	112.0	71.0	0	0	57.0645968914032	118560	45213.476264476776	101401	14.47284075573549	
-362518.30708333885	92.8	11.319444444444445	298.1111111111111	181.83333333333334	-2.7936200213268525	1482	8868	174	13.0	426.0	257.0	8	8.0	90.0	58.0	0	0	58.00575637817383	118640	45271.48202085495	101468	14.47403910991234	
-200032.30021055022	93.0125	11.384615384615385	296.6025641025641	181.07692307692307	-2.7936200213268525	1483	8870	151	14.0	426.0	257.0	39	8.0	86.0	56.0	0	0	47.61520528793335	118720	45319.09722614288	101542	14.469339622641513	
-312512.824934113	91.2	11.6	312.48	190.12	-2.7936200213268525	1484	8875	181	16.0	426.0	257.0	5	9.0	118.0	76.0	0	0	75.15340828895569	118800	45394.25063443184	101613	14.46717171717171	
-362512.1180334432	91.95	11.52	295.74666666666667	180.24	-2.7936200213268525	1485	8880	160	14.0	426.0	257.0	22	8.0	101.0	65.0	0	0	59.40789556503296	118880	45453.65852999687	101683	14.465847913862717	
-362515.02858327725	92.5	11.506849315068493	288.6027397260274	176.24657534246575	-2.7936200213268525	1486	8887	160	18.0	498.0	299.0	22	8.0	96.0	62.0	0	0	61.80766463279724	118960	45515.46619462967	101752	14.465366509751178	
-300022.66147228255	91.8375	11.597402597402597	309.85714285714283	188.87012987012986	-2.7936200213268525	1487	8890	165	17.0	426.0	257.0	31	8.0	96.0	62.0	0	0	67.52904319763184	119040	45582.9952378273	101825	14.461525537634415	
-275018.99056139286	92.5625	11.5	305.46153846153845	186.03846153846155	-2.7936200213268525	1488	8892	165	17.0	426.0	257.0	26	9.0	130.0	84.0	0	0	51.719298124313354	119120	45634.714535951614	101897	14.458529214237743	
-312514.37975448754	91.625	11.797297297297296	312.2837837837838	190.04054054054055	-2.7936200213268525	1489	8898	169	17.0	426.0	257.0	13	9.0	147.0	93.0	0	0	53.36635231971741	119200	45688.08088827133	101967	14.457214765100673	
-375022.69322687294	92.025	11.746666666666666	291.49333333333334	178.10666666666665	-2.7936200213268525	1490	8903	201	17.0	426.0	257.0	1	9.0	104.0	67.0	0	0	43.34810519218445	119280	45731.428993463516	102038	14.455063715627091	
-312522.5999747644	92.025	11.576923076923077	290.4230769230769	177.55128205128204	-2.7936200213268525	1491	8905	174	14.0	498.0	299.0	8	9.0	125.0	81.0	0	0	37.22030186653137	119360	45768.64929533005	102111	14.451239946380696	
-325019.58124915016	91.0	11.883116883116884	296.2077922077922	180.7792207792208	-2.7936200213268525	1492	8908	168	17.0	450.0	269.0	14	9.0	121.0	77.0	0	0	47.320682525634766	119440	45815.96997785568	102184	14.447421299397192	
-250028.60836530064	90.8375	11.454545454545455	298.31168831168833	181.87012987012986	-2.7936200213268525	1493	8911	171	14.0	458.0	275.0	11	8.0	118.0	75.0	0	0	54.480563163757324	119520	45870.45054101944	102257	14.443607764390904	
-312517.58259182225	91.1	11.759493670886076	310.0886075949367	188.74683544303798	-2.7936200213268525	1494	8912	169	17.0	426.0	257.0	13	9.0	130.0	84.0	0	0	53.52945423126221	119600	45923.9799952507	102332	14.438127090300995	
-275022.64735130355	90.8	11.726027397260275	313.986301369863	191.5205479452055	-2.7936200213268525	1495	8919	160	17.0	546.0	327.0	22	9.0	134.0	87.0	0	0	49.06007528305054	119680	45973.04007053375	102401	14.437667112299465	
-250021.11605418232	92.3875	11.513513513513514	308.0810810810811	187.74324324324326	-2.7936200213268525	1496	8925	160	14.0	426.0	257.0	55	8.0	108.0	70.0	0	0	56.668954849243164	119760	46029.709025382996	102470	14.437207748831	
-237517.82814828167	91.0	11.45945945945946	304.7432432432432	185.7027027027027	-2.7936200213268525	1497	8931	163	17.0	426.0	257.0	19	9.0	119.0	77.0	0	0	45.60504341125488	119840	46075.31406879425	102540	14.435914552736989	
-275019.6322628201	92.4125	11.302631578947368	305.19736842105266	186.05263157894737	-2.7936200213268525	1498	8935	163	14.0	426.0	257.0	38	8.0	103.0	66.0	0	0	44.3275625705719	119920	46119.64163136482	102611	14.433789192795203	
-212517.27789867093	92.9375	11.58974358974359	292.56410256410254	178.62820512820514	-2.7936200213268525	1499	8937	168	17.0	468.0	279.0	14	8.0	102.0	66.0	0	0	51.38842225074768	120000	46171.03005361557	102685	14.429166666666674	
-287521.5336359564	90.55	11.746835443037975	294.0	179.32911392405063	-2.7936200213268525	1500	8938	142	17.0	546.0	327.0	40	8.0	107.0	69.0	0	0	64.15045619010925	120080	46235.18050980568	102760	14.423717521652236	
