ave_fitness	ave_genome_length	ave_tree_depth	ave_tree_nodes	ave_used_codons	best_fitness	gen	invalids	max_genome_length	max_tree_depth	max_tree_nodes	max_used_codons	min_genome_length	min_tree_depth	min_tree_nodes	min_used_codons	runtime_error	time_adjust	time_taken	total_inds	total_time	unique_inds	unused_search	
-6562827.978704095	100.0	10.91025641025641	176.26923076923077	111.6923076923077	-87.06424645517073	0	2	100	18.0	452.0	287.0	100	7.0	82.0	53.0	0	0	87.70755577087402	80	87.70755577087402	78	2.5	
-4012942.623023896	100.0	10.871794871794872	183.03846153846155	115.51282051282051	-87.06424645517073	1	4	166	15.0	447.0	275.0	34	8.0	93.0	60.0	0	0	85.2405059337616	160	172.94806170463562	152	5.0	
-2987923.5909081437	98.95	10.428571428571429	169.5064935064935	106.92207792207792	-87.06424645517073	2	7	160	16.0	340.0	212.0	40	8.0	104.0	67.0	0	0	86.6216049194336	240	259.5696666240692	224	6.666666666666671	
-2150440.222105008	99.1125	9.947368421052632	166.96052631578948	104.5657894736842	-87.06424645517073	3	11	156	15.0	339.0	213.0	33	7.0	74.0	48.0	0	0	88.85149693489075	320	348.42116355895996	295	7.8125	
-2275287.6475964347	102.675	10.189873417721518	159.59493670886076	100.32911392405063	-81.05576714401977	4	12	208	15.0	288.0	179.0	48	8.0	104.0	67.0	0	0	87.30721831321716	400	435.7283818721771	368	8.0	
-2962848.7826228747	100.5625	10.278481012658228	169.56962025316454	106.25316455696202	-80.23137910424845	5	13	141	17.0	310.0	191.0	73	8.0	108.0	70.0	0	0	93.89380812644958	480	529.6221899986267	442	7.916666666666671	
-1687732.2815777361	100.3	10.1375	169.5375	105.8375	-76.98336639874812	6	13	142	14	366	221	58	8	108	70	0	0	100.45021104812622	560	630.0724010467529	518	7.5	
-2162776.8722238042	100.8	10.217948717948717	172.12820512820514	107.35897435897436	-76.03662819624579	7	15	181	13.0	298.0	186.0	19	9.0	93.0	60.0	0	0	91.45819902420044	640	721.5306000709534	592	7.5	
-1962948.0393139161	100.35	10.354430379746836	169.63291139240508	105.9493670886076	-76.00347074655089	8	16	172	14.0	294.0	185.0	26	9.0	93.0	60.0	0	0	101.11935210227966	720	822.649952173233	667	7.361111111111114	
-1962814.8286074281	99.2	10.4	174.35	109.0	-75.91098735685662	9	16	161	15	313	195	39	8	108	70	0	0	99.6098701953888	800	922.2598223686218	743	7.125	
-2275338.2031535846	100.4	10.205128205128204	167.8846153846154	105.0	-75.91098735685662	10	18	161	14.0	302.0	183.0	33	8.0	109.0	70.0	0	0	93.35136389732361	880	1015.6111862659454	817	7.1590909090909065	
-1450277.063202771	100.775	10.423076923076923	178.93589743589743	111.7051282051282	-75.91098735685662	11	20	138	14.0	387.0	237.0	62	8.0	84.0	54.0	0	0	93.7732675075531	960	1109.3844537734985	890	7.291666666666657	
-1712654.9385829829	99.7125	10.384615384615385	170.93589743589743	106.83333333333333	-73.4187360617961	12	22	155	16.0	364.0	228.0	40	8.0	101.0	65.0	0	0	92.05627822875977	1040	1201.4407320022583	964	7.307692307692307	
-2212786.4831208466	101.0625	10.4	172.325	107.8375	-73.4187360617961	13	22	122	15	300	185	95	8	101	65	0	0	102.63310384750366	1120	1304.073835849762	1038	7.321428571428569	
-1650266.7540635804	101.375	10.233766233766234	171.12987012987014	106.87012987012987	-65.707506252978	14	25	171	15.0	330.0	203.0	29	8.0	108.0	70.0	0	0	101.89844751358032	1200	1405.9722833633423	1111	7.416666666666671	
-1487747.1328149107	102.1375	10.4	177.875	110.925	-64.94642284491792	15	25	157	14	328	203	62	9	98	63	0	0	104.42702174186707	1280	1510.3993051052094	1186	7.34375	
-1300343.5024349228	100.9875	10.1	163.0375	102.1625	-64.86584027313754	16	25	157	13	306	185	70	8	101	65	0	0	94.62490963935852	1360	1605.0242147445679	1261	7.279411764705884	
-2062797.7792034417	100.55	10.175	168.5	105.3625	-64.86584027313754	17	25	157	15	316	195	50	8	101	65	0	0	100.48756718635559	1440	1705.5117819309235	1337	7.1527777777777715	
-1362815.6932061538	98.35	10.075	173.4	108.1375	-64.85215318940807	18	25	158	12	328	198	42	8	109	70	0	0	103.68985867500305	1520	1809.2016406059265	1412	7.10526315789474	
-1800309.644111159	97.525	10.407894736842104	182.53947368421052	113.94736842105263	-64.85215318940807	19	29	157	16.0	396.0	247.0	43	8.0	101.0	65.0	0	0	103.1278030872345	1600	1912.329443693161	1484	7.25	
-1375282.4795677173	96.5375	10.666666666666666	189.66666666666666	118.14102564102564	-64.67295544616722	20	31	162	18.0	426.0	257.0	27	8.0	95.0	61.0	0	0	118.19640326499939	1680	2030.5258469581604	1558	7.261904761904759	
-1950340.4304078266	95.35	10.4125	179.325	112.0125	-64.67295544616722	21	31	166	18	387	246	33	8	95	61	0	0	91.45163559913635	1760	2121.9774825572968	1631	7.329545454545453	
-1737820.7281776585	97.5125	10.3	187.75	117.0375	-63.21164801926334	22	31	148	14	386	245	67	7	90	58	0	0	104.19610857963562	1840	2226.1735911369324	1707	7.228260869565219	
-1600249.8490928228	94.625	9.987179487179487	166.17948717948718	103.76923076923077	-58.46907769411216	23	33	145	12.0	252.0	160.0	39	8.0	95.0	61.0	0	0	88.18546986579895	1920	2314.3590610027313	1780	7.291666666666657	
-1925300.3449313946	98.7625	10.443037974683545	185.63291139240508	115.86075949367088	-58.46907769411216	24	34	163	14.0	417.0	255.0	37	8.0	93.0	60.0	0	0	99.79632878303528	2000	2414.1553897857666	1853	7.349999999999994	
-1837850.2400407854	98.35	10.177215189873417	182.25316455696202	113.53164556962025	-58.46907769411216	25	35	179	13.0	333.0	203.0	21	8.0	97.0	63.0	0	0	103.81956338882446	2080	2517.974953174591	1928	7.307692307692307	
-1900274.7443034216	101.3375	10.215189873417721	176.60759493670886	110.0126582278481	-58.46907769411216	26	36	179	15.0	339.0	208.0	46	9.0	101.0	65.0	0	0	109.03643274307251	2160	2627.0113859176636	2003	7.268518518518519	
-2400267.3486784236	98.15	10.294871794871796	178.94871794871796	111.91025641025641	-58.46907769411216	27	38	156	14.0	307.0	191.0	44	7.0	82.0	53.0	0	0	108.81712651252747	2240	2735.828512430191	2077	7.276785714285722	
-1112890.7053893867	99.85	10.15	177.675	110.8	-58.46907769411216	28	38	114	14	394	239	67	7	82	53	0	0	107.42855548858643	2320	2843.2570679187775	2153	7.198275862068968	
-2025269.3872546335	100.875	10.08860759493671	175.1139240506329	109.29113924050633	-58.46907769411216	29	39	184	13.0	333.0	203.0	16	7.0	82.0	53.0	0	0	101.06796312332153	2400	2944.325031042099	2227	7.208333333333343	
-1762814.5420662202	100.3125	10.3875	179.2875	111.7625	-58.46907769411216	30	39	128	15	318	196	72	7	82	53	0	0	106.40255928039551	2480	3050.7275903224945	2302	7.177419354838705	
-1475326.8478168927	100.175	10.102564102564102	170.96153846153845	106.57692307692308	-58.46907769411216	31	41	168	15.0	363.0	221.0	32	8.0	93.0	60.0	0	0	100.0282518863678	2560	3150.7558422088623	2376	7.1875	
-1512925.3612566448	101.7	10.139240506329115	178.36708860759492	111.26582278481013	-58.46907769411216	32	42	203	14.0	359.0	221.0	52	7.0	82.0	53.0	0	0	104.59756469726562	2640	3255.353406906128	2451	7.1590909090909065	
-1850359.658397119	100.65	10.367088607594937	188.86075949367088	117.60759493670886	-58.46907769411216	33	43	174	15.0	446.0	270.0	26	9.0	109.0	70.0	0	0	103.16982841491699	2720	3358.523235321045	2525	7.169117647058826	
-1675355.446460814	98.75	10.220779220779221	178.3116883116883	111.44155844155844	-58.46907769411216	34	46	174	13.0	294.0	185.0	26	9.0	101.0	65.0	0	0	96.41375684738159	2800	3454.9369921684265	2598	7.214285714285722	
-1812786.9518527694	99.4125	10.189873417721518	182.44303797468353	113.92405063291139	-58.46907769411216	35	47	174	14.0	280.0	171.0	34	8.0	79.0	51.0	0	0	106.02784442901611	2880	3560.9648365974426	2673	7.1875	
-1425323.4668906052	99.7	10.30379746835443	184.55696202531647	114.86075949367088	-58.46907769411216	36	48	162	14.0	363.0	224.0	15	7.0	82.0	53.0	0	0	111.86838102340698	2960	3672.8332176208496	2748	7.162162162162161	
-1525372.6347903511	100.0	10.0125	170.625	106.625	-58.46907769411216	37	48	123	13	280	170	77	7	82	53	0	0	103.46138215065002	3040	3776.2945997714996	2824	7.10526315789474	
-1612855.0618971605	100.775	9.924050632911392	171.9367088607595	107.45569620253164	-58.46907769411216	38	49	159	14.0	341.0	208.0	41	7.0	74.0	48.0	0	0	93.14528560638428	3120	3869.439885377884	2898	7.115384615384613	
-1837783.4707354424	101.775	9.85897435897436	161.03846153846155	100.91025641025641	-58.46907769411216	39	51	192	13.0	286.0	176.0	47	7.0	82.0	53.0	0	0	90.08473777770996	3200	3959.524623155594	2972	7.125	
-1962706.3603106309	101.8125	9.962025316455696	168.46835443037975	105.40506329113924	-58.46907769411216	40	52	179	13.0	319.0	200.0	34	7.0	74.0	48.0	0	0	94.72395753860474	3280	4054.2485806941986	3047	7.103658536585371	
-1300246.5734099776	101.7125	10.1125	174.625	108.9875	-58.46907769411216	41	52	146	17	393	239	53	8	83	54	0	0	106.08047246932983	3360	4160.329053163528	3122	7.083333333333329	
-1312841.8331655883	101.5875	10.189873417721518	178.45569620253164	111.26582278481013	-57.889587956748834	42	53	158	13.0	315.0	193.0	42	7.0	74.0	48.0	0	0	101.66437840461731	3440	4261.993431568146	3197	7.063953488372093	
-1300274.2170980426	101.85	10.192307692307692	172.05128205128204	107.35897435897436	-57.889587956748834	43	55	181	15.0	300.0	185.0	24	7.0	74.0	48.0	0	0	97.82879447937012	3520	4359.822226047516	3271	7.073863636363626	
-1687773.8178880557	104.0875	10.181818181818182	177.37662337662337	110.49350649350649	-57.889587956748834	44	58	197	13.0	287.0	177.0	24	7.0	74.0	48.0	0	0	98.21627354621887	3600	4458.038499593735	3344	7.111111111111114	
-2100299.346703361	103.725	10.23076923076923	181.4102564102564	113.01282051282051	-57.889587956748834	45	60	176	13.0	344.0	210.0	38	8.0	109.0	70.0	0	0	107.78673553466797	3680	4565.825235128403	3418	7.1195652173912976	
-2125246.3963126084	97.9875	10.0625	172.9875	107.975	-57.889587956748834	46	60	160	13	308	193	33	7	82	53	0	0	90.56836986541748	3760	4656.39360499382	3491	7.154255319148945	
-1312831.6230341606	98.6125	10.225	172.7375	107.525	-57.889587956748834	47	60	124	13	316	193	49	7	82	53	0	0	100.64105081558228	3840	4757.0346558094025	3565	7.161458333333343	
-1912830.774285258	100.9	10.2125	175.7125	109.2375	-57.889587956748834	48	60	141	13	305	189	59	8	85	55	0	0	103.3128399848938	3920	4860.347495794296	3640	7.142857142857139	
-2050318.8739824095	99.6875	10.23076923076923	181.0897435897436	112.75641025641026	-56.5941409318917	49	62	151	14.0	422.0	256.0	55	7.0	82.0	53.0	0	0	117.34939384460449	4000	4977.696889638901	3714	7.150000000000006	
-2500277.672703089	103.3	10.151898734177216	172.53164556962025	107.9113924050633	-56.5941409318917	50	63	169	17.0	305.0	191.0	31	7.0	82.0	53.0	0	0	95.4811737537384	4080	5073.178063392639	3789	7.132352941176464	
-2287755.405044458	108.2125	10.0625	169.8375	105.9875	-56.5941409318917	51	63	156	13	304	186	68	7	82	53	0	0	102.8633975982666	4160	5176.041460990906	3865	7.09134615384616	
-1812876.2436677727	106.2375	10.063291139240507	173.31645569620252	108.07594936708861	-55.60530265001222	52	64	187	13.0	291.0	176.0	37	7.0	82.0	53.0	0	0	99.10331749916077	4240	5275.1447784900665	3940	7.075471698113205	
-1575226.9565935414	101.7375	10.0625	173.1375	108.0125	-55.60530265001222	53	64	156	13	258	159	44	7	82	53	0	0	97.29319977760315	4320	5372.43797826767	4016	7.037037037037038	
-1837692.4955737828	99.25	10.291139240506329	179.0126582278481	111.59493670886076	-55.60530265001222	54	65	182	17.0	368.0	223.0	18	7.0	82.0	53.0	0	0	92.72941732406616	4400	5465.167395591736	4090	7.045454545454547	
-1687687.6747313656	100.35	10.166666666666666	177.78205128205127	110.93589743589743	-55.19964873529588	55	67	170	12.0	290.0	177.0	30	7.0	82.0	53.0	0	0	84.45769119262695	4480	5549.625086784363	4164	7.053571428571431	
-1475279.4440795274	101.75	10.25	179.025	111.475	-55.19964873529588	56	67	135	14	325	196	66	8	87	56	0	0	89.87150740623474	4560	5639.4965941905975	4240	7.017543859649123	
-2037783.882003154	103.1625	10.30379746835443	181.2405063291139	113.0886075949367	-55.19964873529588	57	68	177	13.0	373.0	224.0	23	7.0	74.0	48.0	0	0	101.90331053733826	4640	5741.399904727936	4315	7.004310344827587	
-1975340.6261836768	103.4	10.538461538461538	182.12820512820514	113.41025641025641	-55.19964873529588	58	70	236	14.0	362.0	221.0	6	8.0	87.0	56.0	0	0	107.61533856391907	4720	5849.015243291855	4387	7.055084745762713	
-1700365.7398315477	102.65	10.175	172.85	107.7625	-55.16657147982856	59	70	236	13	342	212	36	7	90	58	0	0	96.45886039733887	4800	5945.474103689194	4463	7.020833333333329	
-1625202.4773393986	99.4125	10.2987012987013	186.8961038961039	116.0909090909091	-51.50815624418956	60	73	137	14.0	377.0	230.0	18	8.0	108.0	70.0	0	0	107.76707291603088	4880	6053.241176605225	4536	7.049180327868854	
-1337830.705876269	100.3625	10.4375	186.9875	116.25	-51.50815624418956	61	73	170	15	360	220	53	8	96	62	0	0	109.14789772033691	4960	6162.3890743255615	4612	7.016129032258064	
-2025404.462658774	100.0	10.215189873417721	175.9620253164557	109.70886075949367	-51.50815624418956	62	74	153	13.0	341.0	208.0	47	7.0	82.0	53.0	0	0	110.80450201034546	5040	6273.193576335907	4686	7.023809523809518	
-1725482.2458527337	100.675	10.35897435897436	178.60256410256412	111.28205128205128	-51.50815624418956	63	76	160	15.0	330.0	203.0	55	7.0	82.0	53.0	0	0	101.34333276748657	5120	6374.536909103394	4760	7.03125	
-2475325.1923728706	101.125	10.3375	173.95	108.6125	-51.50815624418956	64	76	153	17	345	209	47	7	90	58	0	0	107.71805000305176	5200	6482.254959106445	4836	7.0	
-2800355.119941025	97.7375	10.1625	177.1125	110.8125	-51.50815624418956	65	76	160	14	317	194	47	8	99	64	0	0	103.78044629096985	5280	6586.035405397415	4912	6.969696969696969	
-1712794.496991387	99.325	9.7	160.95	100.875	-51.41285762127077	66	76	160	13	255	159	47	7	74	48	0	0	92.82339882850647	5360	6678.858804225922	4987	6.958955223880594	
-2450347.5302457456	99.7875	10.105263157894736	173.71052631578948	108.78947368421052	-51.41285762127077	67	80	182	15.0	324.0	200.0	18	7.0	74.0	48.0	0	0	92.10994386672974	5440	6770.968748092651	5059	7.003676470588232	
-2250454.5139761195	100.7	9.848101265822784	162.32911392405063	101.9367088607595	-51.41285762127077	68	81	159	13.0	256.0	161.0	47	8.0	79.0	51.0	0	0	85.05811619758606	5520	6856.026864290237	5134	6.992753623188406	
-1700309.8879595317	101.15	9.975	171.5375	107.2625	-50.470438665470425	69	81	152	13	317	194	48	7	80	52	0	0	93.0883252620697	5600	6949.115189552307	5209	6.982142857142861	
-1400310.212343601	101.5	10.0625	172.0	107.7875	-50.470438665470425	70	81	152	17	366	234	48	7	82	53	0	0	83.79634833335876	5680	7032.911537885666	5285	6.9542253521126725	
-1450247.306176238	98.1875	10.179487179487179	181.57692307692307	113.01282051282051	-50.470438665470425	71	83	160	14.0	291.0	176.0	48	8.0	108.0	70.0	0	0	105.97813892364502	5760	7138.889676809311	5359	6.961805555555557	
-1512787.3324891287	99.15	10.20253164556962	185.0632911392405	115.22784810126582	-50.470438665470425	72	84	140	13.0	307.0	188.0	60	8.0	79.0	51.0	0	0	105.25134515762329	5840	7244.141021966934	5434	6.952054794520549	
-1925313.4978582417	98.35	10.240506329113924	177.25316455696202	110.62025316455696	-50.470438665470425	73	85	163	15.0	335.0	204.0	37	8.0	79.0	51.0	0	0	95.76121377944946	5920	7339.902235746384	5509	6.942567567567565	
-2125345.8763352074	95.775	10.128205128205128	169.92307692307693	106.14102564102564	-50.470438665470425	74	87	154	13.0	333.0	205.0	46	8.0	90.0	58.0	0	0	83.63199543952942	6000	7423.534231185913	5583	6.950000000000003	
-2000292.8361195098	99.2625	10.25	179.25	111.575	-50.470438665470425	75	87	119	13	313	193	66	8	99	64	0	0	111.7731544971466	6080	7535.30738568306	5659	6.924342105263165	
-1787799.3288293928	100.975	10.294871794871796	178.23076923076923	111.23076923076923	-50.470438665470425	76	89	194	13.0	333.0	205.0	7	7.0	74.0	48.0	0	0	102.43787336349487	6160	7637.745259046555	5733	6.931818181818187	
-1987846.9800161433	101.1875	10.2375	176.8125	110.375	-50.470438665470425	77	89	166	14	299	185	53	8	80	52	0	0	99.51563334465027	6240	7737.260892391205	5809	6.907051282051285	
-1662792.1506359477	99.2125	10.10126582278481	179.0632911392405	111.43037974683544	-50.470438665470425	78	90	172	13.0	341.0	209.0	28	8.0	89.0	58.0	0	0	104.21296095848083	6320	7841.473853349686	5883	6.914556962025316	
-1337778.6500154885	98.1125	10.1625	177.425	110.6125	-50.470438665470425	79	90	126	13	359	221	57	8	85	55	0	0	101.21711039543152	6400	7942.690963745117	5959	6.890625	
-2225227.780310268	102.4875	10.346153846153847	183.34615384615384	114.41025641025641	-50.470438665470425	80	92	165	13.0	392.0	247.0	35	8.0	108.0	70.0	0	0	106.36276769638062	6480	8049.053731441498	6033	6.898148148148152	
-2300263.3268396016	100.9125	10.12987012987013	176.5194805194805	110.18181818181819	-50.470438665470425	81	95	170	14.0	301.0	185.0	30	8.0	79.0	51.0	0	0	97.39755010604858	6560	8146.451281547546	6105	6.935975609756099	
-1625323.1792301326	102.55	10.240506329113924	177.91139240506328	111.0	-50.38147829415544	82	96	171	14.0	289.0	176.0	29	8.0	79.0	51.0	0	0	108.81193447113037	6640	8255.263216018677	6180	6.9277108433734895	
-1812843.9982444518	99.1	10.294871794871796	180.05128205128204	112.12820512820512	-50.38147829415544	83	98	149	14.0	333.0	205.0	51	8.0	79.0	51.0	0	0	110.43471884727478	6720	8365.697934865952	6254	6.93452380952381	
-2212860.7585428758	100.8125	10.20253164556962	178.72151898734177	111.49367088607595	-50.38147829415544	84	99	160	14.0	299.0	181.0	40	8.0	79.0	51.0	0	0	113.2203676700592	6800	8478.91830253601	6329	6.92647058823529	
-1762859.4725431637	100.8125	10.2125	183.8375	114.25	-50.38147829415544	85	99	193	14	321	197	59	8	79	51	0	0	119.41626858711243	6880	8598.334571123123	6404	6.918604651162781	
-1987810.212030807	100.0	10.41025641025641	184.46153846153845	114.82051282051282	-50.38147829415544	86	101	175	13.0	341.0	209.0	25	8.0	79.0	51.0	0	0	110.9863908290863	6960	8709.32096195221	6477	6.939655172413794	
-2250294.5463830912	100.8375	10.126582278481013	186.26582278481013	115.83544303797468	-50.34857986505739	87	102	175	13.0	392.0	237.0	47	8.0	79.0	51.0	0	0	123.79708170890808	7040	8833.118043661118	6552	6.931818181818187	
-2350283.2359394925	102.325	10.14102564102564	173.92307692307693	108.96153846153847	-50.34857986505739	88	104	177	13.0	289.0	176.0	23	7.0	79.0	51.0	0	0	93.63541889190674	7120	8926.753462553024	6625	6.952247191011239	
-2437870.2493027127	103.9125	10.151898734177216	174.2405063291139	108.79746835443038	-50.34857986505739	89	105	205	14.0	333.0	205.0	25	8.0	79.0	51.0	0	0	102.27730774879456	7200	9029.030770301819	6698	6.9722222222222285	
-1537821.9014184661	104.0875	9.975	173.125	108.075	-50.34857986505739	90	105	169	13	374	228	61	8	96	62	0	0	97.61040949821472	7280	9126.641179800034	6774	6.950549450549445	
-2200219.1475611455	99.8	10.181818181818182	176.0	109.92207792207792	-50.34857986505739	91	108	178	15.0	318.0	198.0	22	8.0	101.0	65.0	0	0	91.67873048782349	7360	9218.319910287857	6846	6.983695652173921	
-1787818.6353483866	101.95	10.139240506329115	173.9493670886076	108.64556962025317	-49.63145718157897	92	109	176	13.0	323.0	201.0	63	9.0	101.0	65.0	0	0	102.97506785392761	7440	9321.294978141785	6921	6.975806451612897	
-2037752.3414623006	98.6125	10.225	172.9625	108.0	-49.63145718157897	93	109	146	15	315	194	54	8	88	57	0	0	97.15158319473267	7520	9418.446561336517	6997	6.954787234042556	
-1825407.160732945	100.0	10.0875	166.7375	104.2125	-49.63145718157897	94	109	144	13	308	190	56	8	91	59	0	0	87.76109409332275	7600	9506.20765542984	7072	6.94736842105263	
-1937766.6195595816	99.9	10.050632911392405	165.873417721519	103.43037974683544	-49.63145718157897	95	110	135	13.0	291.0	176.0	65	8.0	79.0	51.0	0	0	95.59271812438965	7680	9601.80037355423	7147	6.940104166666671	
-1362822.2707135028	99.7	10.468354430379748	188.20253164556962	116.88607594936708	-49.63120597902994	96	111	185	15.0	390.0	235.0	11	7.0	79.0	51.0	0	0	112.2257866859436	7760	9714.026160240173	7222	6.932989690721641	
-2162756.503631312	99.7	10.26923076923077	185.2051282051282	115.2948717948718	-49.63120597902994	97	113	161	13.0	315.0	193.0	35	7.0	82.0	53.0	0	0	111.94284963607788	7840	9825.969009876251	7296	6.938775510204081	
-1550288.2680819724	100.0125	10.20253164556962	177.16455696202533	110.48101265822785	-49.63120597902994	98	114	156	14.0	341.0	209.0	42	8.0	87.0	56.0	0	0	101.7643575668335	7920	9927.733367443085	7371	6.931818181818187	
-2250263.8816483025	97.05	10.012820512820513	173.62820512820514	108.34615384615384	-49.63092508986905	99	116	159	13.0	393.0	240.0	41	8.0	87.0	56.0	0	0	93.72911739349365	8000	10021.462484836578	7443	6.962500000000006	
-2612735.2566996133	94.9	9.96103896103896	170.80519480519482	106.74025974025975	-49.63092508986905	100	119	149	13.0	366.0	223.0	38	8.0	85.0	55.0	0	0	94.57879781723022	8080	10116.041282653809	7516	6.980198019801975	
-1587906.4393251736	95.3125	9.75	163.7125	102.1875	-49.63092508986905	101	119	155	13	291	176	25	8	79	51	0	0	93.89570236206055	8160	10209.93698501587	7591	6.973039215686271	
-1925258.5786559961	99.9375	9.9625	169.0	105.55	-49.63092508986905	102	119	189	13	312	193	66	8	90	58	0	0	90.73225235939026	8240	10300.66923737526	7666	6.966019417475735	
-1925287.087250373	100.05	9.91139240506329	165.22784810126583	103.35443037974683	-49.63092508986905	103	120	155	12.0	333.0	208.0	73	8.0	96.0	62.0	0	0	92.52818489074707	8320	10393.197422266006	7740	6.97115384615384	
-1875263.863928502	98.5375	10.075	175.4625	109.25	-49.63092508986905	104	120	162	13	352	214	38	8	106	67	0	0	110.15144848823547	8400	10503.348870754242	7815	6.964285714285708	
-937720.2410970468	97.8875	9.962025316455696	174.0632911392405	108.35443037974683	-49.32482765671676	105	121	151	13.0	382.0	231.0	29	8.0	104.0	67.0	0	0	99.82818269729614	8480	10603.177053451538	7890	6.9575471698113205	
-1937781.28063131	97.55	10.1	177.0375	110.225	-49.32482765671676	106	121	156	14	356	216	24	8	94	61	0	0	102.4275016784668	8560	10705.604555130005	7966	6.939252336448604	
-1300425.6610213637	100.3	10.177215189873417	174.48101265822785	109.10126582278481	-49.32482765671676	107	122	173	14.0	285.0	175.0	27	7.0	74.0	48.0	0	0	93.21506857872009	8640	10798.819623708725	8039	6.956018518518519	
-1275254.1232820782	100.2125	10.0375	178.625	111.4875	-49.32482765671676	108	122	132	15	371	227	69	7	74	48	0	0	86.54442119598389	8720	10885.364044904709	8113	6.961009174311926	
-1887819.3434387639	102.175	10.050632911392405	178.63291139240508	111.53164556962025	-49.32482765671676	109	123	156	15.0	371.0	227.0	44	8.0	79.0	51.0	0	0	91.86831879615784	8800	10977.232363700867	8187	6.9659090909090935	
-1550337.4511453875	103.0875	10.2987012987013	178.8181818181818	111.63636363636364	-49.32482765671676	110	126	201	15.0	371.0	227.0	16	7.0	74.0	48.0	0	0	93.64177632331848	8880	11070.874140024185	8259	6.993243243243242	
-1587842.508855703	100.825	10.23076923076923	182.24358974358975	113.56410256410257	-49.32482765671676	111	128	155	13.0	378.0	227.0	45	9.0	99.0	64.0	0	0	108.61506605148315	8960	11179.489206075668	8333	6.997767857142861	
-1662858.5807853837	101.0	10.064102564102564	175.48717948717947	109.3076923076923	-49.32482765671676	112	130	154	13.0	345.0	215.0	46	8.0	79.0	51.0	0	0	109.01163411140442	9040	11288.500840187073	8407	7.0022123893805315	
-1675264.8461613595	100.1	10.217948717948717	179.75641025641025	112.02564102564102	-49.32482765671676	113	132	176	13.0	280.0	174.0	24	8.0	95.0	61.0	0	0	102.6582567691803	9120	11391.159096956253	8480	7.017543859649123	
-1500290.3646479906	99.2	10.166666666666666	175.26923076923077	109.16666666666667	-49.32482765671676	114	134	146	14.0	296.0	182.0	34	8.0	87.0	56.0	0	0	100.89890313148499	9200	11492.058000087738	8554	7.021739130434781	
-1425252.7373507563	101.4125	10.102564102564102	173.9102564102564	108.46153846153847	-49.32482765671676	115	136	150	14.0	333.0	205.0	53	8.0	90.0	58.0	0	0	93.43693327903748	9280	11585.494933366776	8626	7.047413793103459	
-1900184.3039476075	100.0	10.153846153846153	170.5	106.34615384615384	-49.22060690493093	116	138	167	13.0	260.0	165.0	33	8.0	79.0	51.0	0	0	91.65126657485962	9360	11677.146199941635	8699	7.0619658119658055	
-1837791.2002967366	101.375	10.278481012658228	173.44303797468353	108.39240506329114	-49.22060690493093	117	139	182	14.0	304.0	186.0	18	8.0	96.0	62.0	0	0	98.05027318000793	9440	11775.196473121643	8774	7.055084745762713	
-2137675.6807122743	101.625	10.2	169.15	105.5	-49.22060690493093	118	139	174	13	291	176	41	8	102	66	0	0	100.15792036056519	9520	11875.354393482208	8849	7.048319327731093	
-1587796.8987762376	101.85	10.371794871794872	176.71794871794873	110.32051282051282	-49.22060690493093	119	141	174	15.0	354.0	216.0	41	9.0	106.0	68.0	0	0	104.2006266117096	9600	11979.555020093918	8923	7.052083333333343	
-2275289.529724264	99.425	10.381578947368421	178.9078947368421	111.98684210526316	-49.22060690493093	120	145	174	16.0	327.0	203.0	32	9.0	108.0	70.0	0	0	97.55452942848206	9680	12077.1095495224	8994	7.086776859504127	
-2425248.609908366	100.925	10.294871794871796	182.03846153846155	113.56410256410257	-49.22060690493093	121	147	174	17.0	317.0	196.0	59	8.0	108.0	70.0	0	0	99.95064949989319	9760	12177.060199022293	9067	7.100409836065566	
-2075316.4680985038	100.8875	10.276315789473685	177.56578947368422	111.09210526315789	-49.22060690493093	122	151	178	17.0	414.0	260.0	22	8.0	79.0	51.0	0	0	93.09439539909363	9840	12270.154594421387	9139	7.123983739837399	
-1525361.382158106	96.625	10.1625	177.9125	110.8875	-49.22060690493093	123	151	142	14	320	199	33	9	113	73	0	0	102.52911067008972	9920	12372.683705091476	9215	7.10685483870968	
-2875288.2736602924	99.6625	10.192307692307692	176.94871794871796	110.3974358974359	-49.22060690493093	124	153	149	13.0	316.0	192.0	51	9.0	108.0	70.0	0	0	111.18692779541016	10000	12483.870632886887	9289	7.109999999999999	
-1962840.5070031348	95.7125	10.038461538461538	170.2051282051282	106.34615384615384	-49.22060690493093	125	155	182	12.0	288.0	178.0	18	8.0	95.0	61.0	0	0	88.60140228271484	10080	12572.472035169601	9362	7.1230158730158735	
-1587913.3692170498	101.65	10.240506329113924	179.91139240506328	112.0632911392405	-49.22060690493093	126	156	182	13.0	306.0	188.0	20	8.0	90.0	58.0	0	0	104.26414108276367	10160	12676.736176252365	9437	7.116141732283467	
-2037822.520674428	101.1625	10.4	170.175	106.35	-49.22060690493093	127	156	180	16	392	240	83	9	108	70	0	0	98.10647988319397	10240	12774.842656135559	9511	7.119140625	
-1475252.992156791	100.2125	10.240506329113924	167.69620253164558	104.84810126582279	-49.22060690493093	128	157	170	15.0	256.0	158.0	30	10.0	108.0	70.0	0	0	83.95325255393982	10320	12858.795908689499	9585	7.122093023255815	
-2437729.9156757765	100.0	10.291139240506329	178.0253164556962	111.15189873417721	-49.22060690493093	129	158	141	13.0	278.0	169.0	59	10.0	143.0	89.0	0	0	88.42788910865784	10400	12947.223797798157	9659	7.125	
-1650228.481471062	100.0	10.050632911392405	175.45569620253164	109.27848101265823	-49.22060690493093	130	159	162	13.0	305.0	188.0	38	7.0	74.0	48.0	0	0	98.103844165802	10480	13045.327641963959	9734	7.118320610687022	
-2750377.8821798447	102.325	10.405063291139241	178.63291139240508	111.74683544303798	-49.22060690493093	131	160	146	15.0	318.0	199.0	38	7.0	82.0	53.0	0	0	95.33027267456055	10560	13140.65791463852	9809	7.111742424242422	
-2362848.6782629862	104.1625	10.91139240506329	197.26582278481013	122.60759493670886	-49.22060690493093	132	161	146	17.0	454.0	276.0	74	9.0	90.0	58.0	0	0	114.99784064292908	10640	13255.655755281448	9884	7.10526315789474	
-2537874.129580046	102.95	10.371794871794872	178.01282051282053	111.26923076923077	-49.20499176796514	133	163	165	17.0	293.0	188.0	35	8.0	79.0	51.0	0	0	89.82153058052063	10720	13345.477285861969	9956	7.126865671641795	
-2325371.6229229495	100.65	10.417721518987342	179.55696202531647	112.15189873417721	-49.20499176796514	134	164	153	15.0	366.0	233.0	47	9.0	107.0	69.0	0	0	92.48930168151855	10800	13437.966587543488	10031	7.120370370370367	
-2237837.758881714	99.625	10.45	178.5375	111.45	-49.20499176796514	135	164	155	16	339	210	45	8	88	57	0	0	102.83811950683594	10880	13540.804707050323	10106	7.11397058823529	
-2050285.9596630142	99.2375	10.128205128205128	171.39743589743588	107.05128205128206	-49.20499176796514	136	166	154	15.0	364.0	221.0	23	8.0	87.0	56.0	0	0	89.84843444824219	10960	13630.653141498566	10177	7.144160583941613	
-2262743.025947475	100.9875	10.076923076923077	173.60256410256412	108.33333333333333	-49.20499176796514	137	168	181	13.0	311.0	190.0	23	8.0	100.0	64.0	0	0	91.84506893157959	11040	13722.498210430145	10251	7.146739130434781	
-1537792.8732415184	98.9	10.20253164556962	171.63291139240508	107.34177215189874	-49.19653830733991	138	169	155	14.0	320.0	198.0	45	8.0	100.0	64.0	0	0	85.69041061401367	11120	13808.188621044159	10325	7.149280575539578	
-1862783.1324213922	98.65	10.371794871794872	182.6153846153846	113.85897435897436	-49.19653830733991	139	171	178	16.0	371.0	227.0	22	8.0	103.0	66.0	0	0	95.52163767814636	11200	13903.710258722305	10399	7.151785714285722	
-1875255.3841901892	100.7625	9.9625	172.3125	107.65	-49.19653830733991	140	171	155	12	302	189	59	8	95	61	0	0	81.11238861083984	11280	13984.822647333145	10475	7.136524822695037	
-2675294.489557417	102.2875	10.1625	176.5625	110.275	-49.19653830733991	141	171	155	15	303	186	79	8	87	56	0	0	89.13215184211731	11360	14073.954799175262	10551	7.12147887323944	
-2287794.79159836	102.675	10.14102564102564	173.80769230769232	108.44871794871794	-49.19653830733991	142	173	161	13.0	279.0	171.0	45	8.0	102.0	66.0	0	0	90.6468493938446	11440	14164.601648569107	10625	7.12412587412588	
-2262778.0281254337	104.45	10.487179487179487	183.25641025641025	114.28205128205128	-49.19653830733991	143	175	215	17.0	397.0	241.0	30	8.0	79.0	51.0	0	0	99.49788618087769	11520	14264.099534749985	10699	7.126736111111114	
-2100223.238605334	104.5625	10.375	186.8375	116.2625	-49.09054737704392	144	175	215	15	506	303	56	8	90	58	0	0	117.51864719390869	11600	14381.618181943893	10775	7.112068965517238	
-2400208.8624203224	104.8375	10.278481012658228	175.43037974683546	109.54430379746836	-49.09054737704392	145	176	257	14.0	385.0	235.0	19	8.0	79.0	51.0	0	0	90.54785394668579	11680	14472.16603589058	10849	7.1147260273972535	
-2237745.9236037023	100.025	10.5375	175.2	109.7375	-49.09054737704392	146	176	161	15	373	227	39	8	90	58	0	0	86.3643250465393	11760	14558.530360937119	10925	7.100340136054413	
-2262742.1683136993	103.4125	10.425	181.1375	113.1	-49.09054737704392	147	176	175	15	476	289	25	8	98	63	0	0	104.81006622314453	11840	14663.340427160263	11001	7.086148648648646	
-2700311.6607259144	101.4625	10.4375	183.5875	114.55	-49.09054737704392	148	176	132	14	353	217	55	9	90	58	0	0	103.25386261940002	11920	14766.594289779663	11077	7.072147651006716	
-2100231.036902749	103.15	10.164556962025317	183.70886075949366	114.37974683544304	-49.09054737704392	149	177	145	15.0	474.0	290.0	55	8.0	93.0	60.0	0	0	106.60267305374146	12000	14873.196962833405	11152	7.066666666666663	
-2012823.5359934713	107.075	10.2375	186.4625	116.025	-49.09054737704392	150	177	172	14	397	241	44	9	126	80	0	0	104.01987624168396	12080	14977.216839075089	11227	7.061258278145701	
-2037678.2441848211	108.8125	10.20253164556962	186.53164556962025	115.88607594936708	-49.09054737704392	151	178	165	15.0	369.0	228.0	35	8.0	90.0	58.0	0	0	101.78262281417847	12160	15078.999461889267	11302	7.055921052631575	
-2137800.269918201	104.25	10.20253164556962	182.39240506329114	113.53164556962025	-49.09054737704392	152	179	187	13.0	337.0	205.0	13	8.0	79.0	51.0	0	0	106.02639651298523	12240	15185.025858402252	11377	7.050653594771234	
-2212723.2920772107	103.5375	10.455696202531646	179.83544303797467	112.17721518987342	-49.09054737704392	153	180	154	14.0	353.0	216.0	46	9.0	108.0	70.0	0	0	106.20259523391724	12320	15291.22845363617	11452	7.045454545454547	
-2400206.3461931027	102.8875	10.325	185.7375	115.65	-49.09054737704392	154	180	134	13	469	285	63	9	115	74	0	0	105.8056252002716	12400	15397.034078836441	11528	7.032258064516128	
-2412758.326161322	100.15	10.233766233766234	177.5194805194805	110.88311688311688	-49.09054737704392	155	183	182	13.0	303.0	190.0	18	9.0	109.0	70.0	0	0	92.3490400314331	12480	15489.383118867874	11601	7.043269230769226	
-1950329.0805742263	98.8	10.30379746835443	178.9873417721519	111.54430379746836	-49.09054737704392	156	184	148	13.0	412.0	248.0	50	8.0	124.0	78.0	0	0	106.39402103424072	12560	15595.777139902115	11676	7.038216560509554	
-1750291.4088417352	99.9375	10.474358974358974	195.98717948717947	122.02564102564102	-49.09054737704392	157	186	154	15.0	327.0	199.0	46	8.0	97.0	63.0	0	0	113.99791669845581	12640	15709.77505660057	11750	7.0411392405063395	
-2112751.6153517887	102.0125	10.233766233766234	174.74025974025975	109.01298701298701	-49.09054737704392	158	189	164	15.0	327.0	202.0	36	8.0	106.0	68.0	0	0	99.88881993293762	12720	15809.663876533508	11822	7.059748427672957	
-2050508.002497544	101.425	10.714285714285714	191.58441558441558	119.18181818181819	-49.09054737704392	159	192	185	17.0	436.0	264.0	15	8.0	79.0	51.0	0	0	114.7466835975647	12800	15924.410560131073	11895	7.0703125	
-2375419.9216877525	102.125	10.4375	178.0125	111.1625	-49.09054737704392	160	192	146	15	426	257	61	8	79	51	0	0	105.06878280639648	12880	16029.47934293747	11971	7.057453416149073	
-1950340.7349985142	98.6875	10.316455696202532	187.32911392405063	116.59493670886076	-49.09054737704392	161	193	178	15.0	426.0	257.0	22	8.0	105.0	68.0	0	0	110.76260280609131	12960	16140.24194574356	12046	7.052469135802468	
-2037728.3478644125	99.6875	10.077922077922079	179.0909090909091	111.7012987012987	-49.09054737704392	162	196	178	14.0	359.0	218.0	26	8.0	101.0	65.0	0	0	92.27050828933716	13040	16232.512454032898	12118	7.070552147239255	
-1787784.1358893954	99.8875	10.26923076923077	180.8846153846154	112.6025641025641	-49.08177946866463	163	198	178	17.0	347.0	216.0	38	8.0	103.0	66.0	0	0	103.38819694519043	13120	16335.900650978088	12191	7.080792682926827	
-2262799.9710271163	99.825	10.519480519480519	179.62337662337663	112.0909090909091	-49.08177946866463	164	201	148	17.0	402.0	248.0	38	8.0	79.0	51.0	0	0	100.4505364894867	13200	16436.351187467575	12264	7.0909090909090935	
-2212801.3230192796	101.1	10.544303797468354	171.77215189873417	107.39240506329114	-49.08177946866463	165	202	139	15.0	289.0	176.0	61	9.0	111.0	72.0	0	0	91.83500599861145	13280	16528.186193466187	12339	7.085843373493972	
-2275308.196729382	100.575	10.333333333333334	185.34615384615384	115.55128205128206	-49.08177946866463	166	204	161	15.0	328.0	202.0	34	9.0	118.0	76.0	0	0	109.07575750350952	13360	16637.261950969696	12411	7.103293413173645	
-1937748.1831662103	99.925	10.263157894736842	180.22368421052633	112.44736842105263	-49.08177946866463	167	208	173	13.0	328.0	198.0	27	8.0	79.0	51.0	0	0	95.46998906135559	13440	16732.73194003105	12482	7.12797619047619	
-1325318.2752184432	103.1375	10.683544303797468	189.0759493670886	117.62025316455696	-49.08177946866463	168	209	174	15.0	340.0	208.0	26	8.0	79.0	51.0	0	0	99.03596258163452	13520	16831.767902612686	12556	7.130177514792905	
-2162896.61111915	99.1875	10.215189873417721	181.0	112.67088607594937	-49.08177946866463	169	210	172	13.0	329.0	203.0	28	8.0	79.0	51.0	0	0	104.97236847877502	13600	16936.74027109146	12629	7.139705882352942	
-1962731.4085680426	99.1375	10.532467532467532	179.75324675324674	112.05194805194805	-49.08177946866463	170	213	158	18.0	332.0	205.0	42	8.0	79.0	51.0	0	0	100.33273553848267	13680	17037.073006629944	12702	7.149122807017534	
-2387755.9398421263	99.8125	10.475	182.575	113.925	-49.08177946866463	171	213	144	15	306	186	55	8	84	54	0	0	103.73647952079773	13760	17140.80948615074	12777	7.143895348837219	
-2212725.8462404874	98.2875	10.5375	180.9875	113.05	-49.08177946866463	172	213	138	15	358	227	56	8	87	56	0	0	97.27247214317322	13840	17238.081958293915	12852	7.138728323699411	
-2187785.6354615847	99.375	10.194805194805195	165.72727272727272	103.81818181818181	-49.08177946866463	173	216	175	13.0	267.0	167.0	25	8.0	79.0	51.0	0	0	91.95046472549438	13920	17330.03242301941	12925	7.147988505747122	
-1712808.4200678878	99.325	10.30379746835443	174.49367088607596	108.9367088607595	-49.08177946866463	174	217	148	17.0	356.0	228.0	55	8.0	79.0	51.0	0	0	99.1568341255188	14000	17429.189257144928	12999	7.150000000000006	
-1525221.6095135836	98.1	10.20253164556962	171.56962025316454	107.13924050632912	-49.08177946866463	175	218	158	13.0	318.0	192.0	42	9.0	113.0	73.0	0	0	87.0599935054779	14080	17516.249250650406	13074	7.14488636363636	
-1875297.9154781916	100.4625	10.325	176.6875	110.425	-49.08177946866463	176	218	130	16	396	247	70	9	119	75	0	0	92.39569640159607	14160	17608.644947052002	13150	7.132768361581924	
-2287759.2691827207	99.8125	10.468354430379748	180.0632911392405	112.50632911392405	-49.08177946866463	177	219	162	15.0	371.0	227.0	38	9.0	108.0	70.0	0	0	93.75673079490662	14240	17702.40167784691	13225	7.127808988764045	
-2400282.4137673564	100.825	10.265822784810126	169.51898734177215	106.12658227848101	-49.08177946866463	178	220	172	13.0	451.0	276.0	28	9.0	100.0	65.0	0	0	84.20552945137024	14320	17786.60720729828	13300	7.122905027932958	
-2087808.1790646792	100.4125	10.275	171.9	107.625	-49.08177946866463	179	220	157	14	291	176	43	9	108	70	0	0	88.49998474121094	14400	17875.10719203949	13376	7.111111111111114	
-2087898.406374304	100.75	10.225	174.9	109.0375	-49.08177946866463	180	220	152	16	436	263	48	9	117	74	0	0	96.22313022613525	14480	17971.330322265625	13452	7.0994475138121516	
-1425347.820098857	101.725	10.4125	181.325	113.0	-49.08177946866463	181	220	152	13	301	186	64	9	108	70	0	0	93.53474497795105	14560	18064.865067243576	13528	7.087912087912088	
-1987735.8903289088	101.3375	10.425	185.125	115.1875	-49.08177946866463	182	220	159	14	364	221	41	9	105	68	0	0	108.55597639083862	14640	18173.421043634415	13604	7.076502732240442	
-2337770.968556962	101.1875	10.35897435897436	182.96153846153845	114.17948717948718	-49.08177946866463	183	222	169	14.0	431.0	265.0	24	8.0	96.0	62.0	0	0	103.78242754936218	14720	18277.203471183777	13678	7.078804347826079	
-2337794.6334587913	100.5125	10.316455696202532	180.0759493670886	112.35443037974683	-49.08177946866463	184	223	177	17.0	350.0	227.0	23	9.0	117.0	76.0	0	0	101.26874732971191	14800	18378.47221851349	13753	7.074324324324323	
-2100420.7130521336	102.3125	10.253164556962025	177.60759493670886	110.82278481012658	-49.05926661205816	185	224	191	15.0	310.0	194.0	9	8.0	96.0	62.0	0	0	92.03049492835999	14880	18470.50271344185	13828	7.069892473118273	
-1900304.1007201846	99.25	10.5	175.325	109.625	-49.05926661205816	186	224	142	17	291	177	58	9	117	76	0	0	97.4347243309021	14960	18567.93743777275	13901	7.078877005347593	
-2262861.7604278913	99.25	10.576923076923077	188.05128205128204	117.26923076923077	-49.04363085336853	187	226	144	15.0	359.0	227.0	18	9.0	107.0	69.0	0	0	102.73900580406189	15040	18670.676443576813	13975	7.081117021276597	
-1737840.6075159758	100.1375	10.708860759493671	177.1772151898734	110.9367088607595	-49.04363085336853	188	227	192	20.0	465.0	292.0	8	9.0	99.0	64.0	0	0	89.34681129455566	15120	18760.02325487137	14049	7.083333333333329	
-2312810.16997303	100.65	10.544303797468354	181.0253164556962	112.74683544303798	-49.04363085336853	189	228	152	16.0	298.0	182.0	72	9.0	96.0	62.0	0	0	95.36009454727173	15200	18855.38334941864	14124	7.078947368421055	
-1587895.2894098295	100.0	10.6875	186.45	116.325	-49.04363085336853	190	228	138	15	433	263	62	8	79	51	0	0	91.05671238899231	15280	18946.440061807632	14199	7.074607329842934	
-1775372.5995319248	100.375	10.575	183.5875	114.325	-49.04363085336853	191	228	149	16	308	188	44	9	120	76	0	0	92.11738133430481	15360	19038.557443141937	14274	7.0703125	
-2025244.606262659	102.65	10.3125	176.125	109.9	-49.04363085336853	192	228	138	17	330	204	64	8	93	60	0	0	85.74541234970093	15440	19124.30285549164	14349	7.066062176165801	
-2050326.8093902306	101.425	10.717948717948717	183.7948717948718	114.55128205128206	-49.04363085336853	193	230	183	17.0	330.0	204.0	17	8.0	79.0	51.0	0	0	97.79623866081238	15520	19222.09909415245	14423	7.06829896907216	
-2212782.4388647648	102.025	10.582278481012658	185.1139240506329	115.72151898734177	-49.04363085336853	194	231	147	15.0	298.0	186.0	53	9.0	139.0	87.0	0	0	89.69870471954346	15600	19311.797798871994	14498	7.064102564102555	
-2400274.312130713	101.3125	10.425	173.3	108.7125	-49.04363085336853	195	231	145	16	360	233	55	8	79	51	0	0	85.27290320396423	15680	19397.07070207596	14574	7.053571428571431	
-2225360.4433779144	102.775	10.075949367088608	170.21518987341773	106.22784810126582	-49.04363085336853	196	232	174	15.0	317.0	194.0	56	8.0	79.0	51.0	0	0	82.34498643875122	15760	19479.41568851471	14649	7.049492385786806	
-2550324.586300774	101.775	9.95	163.9875	102.5875	-49.04363085336853	197	232	151	13	286	176	58	8	79	51	0	0	80.93996596336365	15840	19560.355654478073	14724	7.045454545454547	
-1950253.7416899062	100.9375	10.225	172.0625	107.6375	-49.04363085336853	198	232	186	16	316	192	57	8	104	67	0	0	86.60317039489746	15920	19646.95882487297	14799	7.041457286432163	
-2812690.3680435964	96.8	10.189873417721518	173.873417721519	108.70886075949367	-49.04363085336853	199	233	176	16.0	291.0	176.0	24	8.0	96.0	62.0	0	0	90.95319652557373	16000	19737.912021398544	14874	7.037499999999994	
-2100226.605460876	100.35	10.415584415584416	181.88311688311688	113.24675324675324	-49.04363085336853	200	236	173	15.0	291.0	176.0	27	8.0	95.0	61.0	0	0	97.62843465805054	16080	19835.540456056595	14947	7.046019900497512	
-1687838.5206984363	100.125	10.5375	186.05	116.125	-49.04363085336853	201	236	151	19	344	210	61	9	116	75	0	0	95.96426486968994	16160	19931.504720926285	15023	7.035891089108915	
-2525381.6275940007	101.075	10.666666666666666	180.0897435897436	112.51282051282051	-49.04363085336853	202	238	163	15.0	291.0	176.0	37	8.0	99.0	64.0	0	0	93.9469199180603	16240	20025.451640844345	15097	7.03817733990148	
-1862825.6954067969	97.975	10.461538461538462	179.60256410256412	111.84615384615384	-49.04363085336853	203	240	173	17.0	387.0	232.0	28	9.0	96.0	62.0	0	0	95.50532388687134	16320	20120.956964731216	15171	7.040441176470594	
-1725272.5970886357	95.8875	10.746666666666666	197.70666666666668	122.65333333333334	-49.04363085336853	204	245	171	20.0	464.0	277.0	29	9.0	109.0	70.0	0	0	103.48985004425049	16400	20224.446814775467	15241	7.067073170731703	
-2337930.546051774	97.6	10.818181818181818	194.1038961038961	121.02597402597402	-49.04363085336853	205	248	152	19.0	367.0	228.0	36	9.0	101.0	65.0	0	0	92.84506273269653	16480	20317.291877508163	15314	7.075242718446603	
-2337853.104791914	96.5375	10.64935064935065	186.5194805194805	116.14285714285714	-49.04363085336853	206	251	172	16.0	396.0	247.0	28	9.0	132.0	83.0	0	0	99.61902356147766	16560	20416.91090106964	15387	7.083333333333329	
-2075277.1384154663	96.6	10.525641025641026	179.48717948717947	111.93589743589743	-49.04363085336853	207	253	176	14.0	355.0	217.0	24	8.0	93.0	60.0	0	0	90.44712042808533	16640	20507.358021497726	15460	7.09134615384616	
-2262772.507035455	99.2125	10.3375	170.2	106.525	-49.04363085336853	208	253	160	15	294	185	39	9	108	70	0	0	85.31216335296631	16720	20592.670184850693	15536	7.081339712918648	
-1900285.2419627379	97.125	10.217948717948717	170.06410256410257	106.42307692307692	-49.04363085336853	209	255	153	13.0	317.0	192.0	24	8.0	87.0	56.0	0	0	83.47097373008728	16800	20676.14115858078	15610	7.083333333333329	
-2475235.12511527	99.1	10.6125	182.875	114.225	-49.03878149998576	210	255	159	15	366	227	36	8	101	65	0	0	90.0055000782013	16880	20766.14665865898	15686	7.073459715639814	
-2487788.1581815397	99.0375	10.670886075949367	189.83544303797467	118.20253164556962	-49.03878149998576	211	256	156	15.0	307.0	192.0	49	8.0	109.0	70.0	0	0	98.53674221038818	16960	20864.68340086937	15761	7.069575471698101	
-1850351.447283355	100.4125	10.532467532467532	175.3116883116883	109.37662337662337	-49.03878149998576	212	259	208	15.0	317.0	194.0	30	8.0	88.0	57.0	0	0	84.73364233970642	17040	20949.417043209076	15834	7.077464788732385	
-1875390.896365768	98.725	10.518987341772151	172.49367088607596	107.72151898734177	-49.03878149998576	213	260	165	15.0	306.0	189.0	25	9.0	126.0	81.0	0	0	85.30619478225708	17120	21034.723237991333	15908	7.079439252336456	
-1725373.452829343	99.2125	10.60759493670886	183.63291139240508	114.62025316455696	-49.03878149998576	214	261	130	16.0	291.0	183.0	49	9.0	139.0	88.0	0	0	84.3113420009613	17200	21119.034579992294	15983	7.075581395348834	
-1712756.259589992	99.9375	10.620253164556962	188.9620253164557	117.30379746835443	-49.03878149998576	215	262	131	14.0	330.0	207.0	37	8.0	79.0	51.0	0	0	107.99461936950684	17280	21227.0291993618	16058	7.071759259259252	
-2512827.1656977255	99.725	10.405063291139241	174.37974683544303	108.9873417721519	-49.03878149998576	216	263	153	15.0	281.0	176.0	47	8.0	79.0	51.0	0	0	83.76109647750854	17360	21310.79029583931	16133	7.067972350230406	
-2212834.4893835946	101.4125	10.30379746835443	168.8227848101266	105.67088607594937	-49.03878149998576	217	264	178	14.0	292.0	178.0	22	8.0	96.0	62.0	0	0	81.96062231063843	17440	21392.750918149948	16208	7.064220183486242	
-1912751.6546601343	100.825	10.4875	171.1125	106.9875	-49.03878149998576	218	264	178	15	280	176	46	8	101	65	0	0	83.52226853370667	17520	21476.273186683655	16284	7.054794520547944	
-1737833.3779091083	103.7625	10.354430379746836	173.81012658227849	108.63291139240506	-49.03878149998576	219	265	220	14.0	274.0	172.0	55	8.0	112.0	72.0	0	0	82.0705623626709	17600	21558.343749046326	16359	7.051136363636374	
-2250259.435595452	101.225	10.405063291139241	173.48101265822785	108.29113924050633	-49.03878149998576	220	266	178	14.0	343.0	208.0	35	9.0	129.0	84.0	0	0	91.36933302879333	17680	21649.71308207512	16434	7.047511312217196	
-2612862.30210111	103.0875	10.2875	176.1375	110.0625	-49.03878149998576	221	266	162	14	292	179	66	10	124	80	0	0	94.67778325080872	17760	21744.390865325928	16510	7.038288288288285	
-2312858.083019117	102.75	10.329113924050633	174.36708860759492	109.0506329113924	-49.03878149998576	222	267	203	14.0	292.0	179.0	35	9.0	105.0	68.0	0	0	88.00768899917603	17840	21832.398554325104	16585	7.0347533632287025	
-2237882.0116639654	104.0875	10.2375	176.15	109.875	-49.03878149998576	223	267	201	14	410	253	36	8	95	61	0	0	89.03703188896179	17920	21921.435586214066	16660	7.03125	
-2100349.3157185847	104.575	10.179487179487179	169.4102564102564	105.7948717948718	-49.03878149998576	224	269	200	14.0	313.0	192.0	56	8.0	102.0	66.0	0	0	90.73103380203247	18000	22012.166620016098	16734	7.033333333333331	
-2300310.291063839	101.5875	10.23076923076923	172.89743589743588	107.88461538461539	-49.03878149998576	225	271	191	17.0	328.0	198.0	23	8.0	103.0	66.0	0	0	91.09320330619812	18080	22103.259823322296	16808	7.035398230088504	
-2687743.2847080864	99.575	10.320512820512821	185.03846153846155	115.16666666666667	-49.03878149998576	226	273	178	14.0	328.0	198.0	22	8.0	109.0	70.0	0	0	106.9327290058136	18160	22210.19255232811	16882	7.037444933920696	
-1950285.9169122402	100.0	10.6125	190.3	118.1875	-49.03878149998576	227	273	139	14	333	203	61	9	119	75	0	0	114.08016777038574	18240	22324.272720098495	16958	7.028508771929822	
-2262824.5477283015	100.5875	10.481012658227849	180.51898734177215	112.64556962025317	-49.03878149998576	228	274	155	16.0	323.0	204.0	63	9.0	105.0	68.0	0	0	97.12049460411072	18320	22421.393214702606	17032	7.030567685589517	
-2050438.0815756358	103.2375	10.556962025316455	175.70886075949366	109.77215189873418	-49.03878149998576	229	275	185	15.0	315.0	191.0	34	8.0	84.0	54.0	0	0	103.64452719688416	18400	22525.03774189949	17107	7.027173913043484	
-1737814.7614411574	98.55	10.564102564102564	188.56410256410257	117.44871794871794	-49.03878149998576	230	277	155	15.0	424.0	261.0	37	9.0	118.0	76.0	0	0	101.73863291740417	18480	22626.776374816895	17179	7.040043290043286	
-2262851.894492621	99.2375	10.2875	175.6375	109.6375	-49.03878149998576	231	277	153	16	328	198	32	7	74	48	0	0	97.74726843833923	18560	22724.523643255234	17255	7.03125	
-1912922.7875028425	103.7125	10.725	189.9875	118.575	-49.03878149998576	232	277	153	15	371	228	69	9	135	87	0	0	116.2221143245697	18640	22840.745757579803	17331	7.022532188841197	
-1962796.9272151205	104.2625	10.405063291139241	178.54430379746836	111.43037974683544	-49.03878149998576	233	278	153	15.0	328.0	198.0	67	7.0	74.0	48.0	0	0	98.5141236782074	18720	22939.25988125801	17406	7.019230769230774	
-2062833.2728910998	102.6875	10.379746835443038	175.15189873417722	109.36708860759494	-49.03878149998576	234	279	159	15.0	372.0	233.0	41	8.0	114.0	72.0	0	0	85.15618991851807	18800	23024.41607117653	17480	7.0212765957446805	
-1775479.481894166	102.3125	10.428571428571429	180.1818181818182	112.58441558441558	-49.03878149998576	235	282	186	15.0	335.0	207.0	31	9.0	116.0	75.0	0	0	93.96081948280334	18880	23118.376890659332	17552	7.033898305084733	
-2375262.9787443615	101.975	10.423076923076923	174.89743589743588	109.46153846153847	-49.03878149998576	236	284	178	14.0	327.0	201.0	22	9.0	106.0	68.0	0	0	85.45633864402771	18960	23203.83322930336	17626	7.03586497890295	
-2287794.262572402	101.8375	10.670886075949367	176.8987341772152	110.62025316455696	-49.03878149998576	237	285	162	15.0	508.0	310.0	38	9.0	111.0	70.0	0	0	87.45004892349243	19040	23291.283278226852	17701	7.032563025210081	
-2012792.2749710097	102.0375	10.4375	180.1625	112.4	-49.03878149998576	238	285	161	16	347	212	39	8	79	51	0	0	93.80953979492188	19120	23385.092818021774	17776	7.029288702928866	
-2100278.405212956	96.175	10.461538461538462	180.10256410256412	112.2948717948718	-49.03878149998576	239	287	161	16.0	420.0	253.0	39	8.0	90.0	58.0	0	0	106.58024716377258	19200	23491.673065185547	17850	7.03125	
-1700368.7637444728	97.8	10.425	184.4125	114.7625	-49.03878149998576	240	287	161	14	420	253	39	8	83	54	0	0	107.40635204315186	19280	23599.0794172287	17924	7.033195020746888	
-2000261.1177696667	92.65	10.08974358974359	176.74358974358975	110.11538461538461	-49.03878149998576	241	289	199	13.0	420.0	253.0	39	8.0	83.0	54.0	0	0	101.71528649330139	19360	23700.794703722	17997	7.040289256198349	
-1675208.0958502728	85.8125	10.36986301369863	186.8082191780822	115.97260273972603	-49.03878149998576	242	296	199	14.0	332.0	203.0	23	9.0	101.0	65.0	0	0	102.01675486564636	19440	23802.811458587646	18066	7.067901234567898	
-1712788.4740971278	84.8625	10.328947368421053	181.80263157894737	113.02631578947368	-49.03878149998576	243	300	157	13.0	291.0	176.0	24	8.0	99.0	64.0	0	0	102.6775734424591	19520	23905.489032030106	18135	7.095286885245898	
-1437795.4571680517	89.2625	10.197368421052632	170.81578947368422	106.48684210526316	-49.03878149998576	244	304	135	13.0	291.0	177.0	39	8.0	83.0	54.0	0	0	91.94988918304443	19600	23997.43892121315	18207	7.107142857142861	
-1800373.053286381	93.8875	10.448717948717949	170.71794871794873	106.44871794871794	-49.03878149998576	245	306	151	14.0	296.0	181.0	39	9.0	107.0	69.0	0	0	98.98100304603577	19680	24096.419924259186	18281	7.108739837398375	
-1787751.1216105553	99.275	10.480519480519481	187.4935064935065	116.68831168831169	-49.03878149998576	246	309	166	15.0	473.0	286.0	34	8.0	95.0	61.0	0	0	103.79950284957886	19760	24200.219427108765	18354	7.115384615384613	
-2475308.213875444	103.275	10.4375	171.75	107.5375	-49.03878149998576	247	309	190	17	328	214	32	8	95	61	0	0	88.24454617500305	19840	24288.463973283768	18430	7.10685483870968	
-2887822.9297317257	101.3125	10.325	173.25	108.275	-49.03878149998576	248	309	170	14	355	217	30	8	95	61	0	0	93.04225635528564	19920	24381.506229639053	18505	7.103413654618478	
-2437943.0118923695	101.15	10.525	166.6125	104.65	-49.03878149998576	249	309	158	15	390	240	50	10	107	69	0	0	80.47203183174133	20000	24461.978261470795	18581	7.094999999999999	
-1587784.4121611707	98.45	10.45	168.2	105.3625	-49.037658947922324	250	309	134	15	300	185	50	9	109	70	0	0	82.65944075584412	20080	24544.63770222664	18657	7.086653386454174	
-1787734.1772957589	99.925	10.426666666666666	182.8	114.08	-49.037658947922324	251	314	180	19.0	438.0	282.0	20	8.0	104.0	67.0	0	0	95.40181159973145	20160	24640.03951382637	18728	7.103174603174594	
-1937812.1032748085	101.6125	10.3875	178.275	111.0625	-49.037658947922324	252	314	178	13	291	181	64	9	114	72	0	0	96.62157607078552	20240	24736.661089897156	18803	7.0998023715415	
-2312746.3679588875	98.6875	10.2875	170.975	106.6375	-49.037658947922324	253	314	131	14	291	176	66	9	101	65	0	0	81.87576055526733	20320	24818.536850452423	18879	7.0915354330708595	
-2337794.653974887	99.775	10.225	171.6	107.2375	-49.037658947922324	254	314	150	13	291	176	41	8	79	51	0	0	81.8640706539154	20400	24900.40092110634	18955	7.083333333333329	
-2125449.6298480234	101.2375	10.4125	178.0125	111.1875	-49.037658947922324	255	314	150	16	433	267	60	8	105	68	0	0	85.48341631889343	20480	24985.884337425232	19031	7.0751953125	
-2437750.5577913034	100.2	10.443037974683545	180.873417721519	112.9873417721519	-49.037658947922324	256	315	186	14.0	391.0	243.0	14	9.0	117.0	76.0	0	0	93.3631534576416	20560	25079.247490882874	19106	7.07198443579766	
-2000299.7164259343	104.3	10.5	182.2375	113.6125	-49.037658947922324	257	315	186	15	291	176	65	9	101	65	0	0	94.10422968864441	20640	25173.351720571518	19182	7.063953488372093	
-2212914.5996934986	103.225	10.6	176.1	110.125	-49.037658947922324	258	315	191	14	373	229	50	8	109	70	0	0	87.22829174995422	20720	25260.580012321472	19258	7.055984555984551	
-2413027.8247711034	100.6125	10.448717948717949	169.83333333333334	106.32051282051282	-49.037658947922324	259	317	191	14.0	314.0	192.0	16	8.0	79.0	51.0	0	0	77.80227732658386	20800	25338.382289648056	19332	7.057692307692307	
-2462888.172637653	99.55	10.3875	179.1375	111.65	-49.037658947922324	260	317	131	14	289	177	69	8	90	58	0	0	96.17112398147583	20880	25434.553413629532	19407	7.054597701149419	
-2387803.5593328113	99.7625	10.20253164556962	170.0126582278481	106.35443037974683	-49.037658947922324	261	318	167	15.0	291.0	176.0	53	8.0	90.0	58.0	0	0	83.20774126052856	20960	25517.76115489006	19482	7.051526717557252	
-2550410.742958271	98.1375	10.2875	172.25	107.6875	-49.037658947922324	262	318	154	15	310	190	46	8	79	51	0	0	89.6571958065033	21040	25607.418350696564	19557	7.048479087452478	
-2312908.68501528	97.9625	10.551282051282051	179.94871794871796	112.1025641025641	-49.037658947922324	263	320	164	14.0	342.0	207.0	36	9.0	112.0	72.0	0	0	89.03196358680725	21120	25696.45031428337	19631	7.050189393939405	
-1875352.8247434176	100.0125	10.223684210526315	180.60526315789474	112.60526315789474	-49.037658947922324	264	324	169	13.0	291.0	176.0	20	9.0	122.0	77.0	0	0	89.97453498840332	21200	25786.424849271774	19703	7.061320754716988	
-1950309.1281333875	102.7875	10.525	186.1125	116.25	-49.037658947922324	265	324	169	17	358	229	48	8	103	66	0	0	88.50481939315796	21280	25874.929668664932	19779	7.053571428571431	
-1812774.8680521324	103.1875	10.1625	176.45	110.2	-49.037658947922324	266	324	139	16	368	227	48	8	90	58	0	0	88.02473187446594	21360	25962.9544005394	19853	7.055243445692881	
-2112756.8946215496	102.025	10.050632911392405	167.8860759493671	105.16455696202532	-49.037658947922324	267	325	196	14.0	289.0	176.0	25	8.0	90.0	58.0	0	0	86.04648423194885	21440	26049.000884771347	19927	7.056902985074629	
-1587760.2656301812	111.5	10.064102564102564	169.47435897435898	105.84615384615384	-49.037658947922324	268	327	196	16.0	341.0	208.0	40	8.0	90.0	58.0	0	0	80.0652437210083	21520	26129.066128492355	19998	7.072490706319698	
-2262893.8047809834	101.2375	10.551282051282051	177.80769230769232	111.15384615384616	-49.037658947922324	269	329	196	15.0	315.0	190.0	37	8.0	98.0	63.0	0	0	82.34469079971313	21600	26211.41081929207	20071	7.0787037037037095	
-1912779.235944538	112.125	10.39240506329114	174.43037974683546	108.86075949367088	-49.037658947922324	270	330	196	16.0	374.0	225.0	42	8.0	90.0	58.0	0	0	95.16982436180115	21680	26306.58064365387	20146	7.075645756457561	
-2537884.974833698	112.55	10.475	170.0875	106.2125	-49.037658947922324	271	330	260	15	360	220	42	8	90	58	0	0	89.02773451805115	21760	26395.60837817192	20222	7.068014705882348	
-1850294.0394856178	102.325	10.346153846153847	170.34615384615384	106.58974358974359	-49.037658947922324	272	332	174	14.0	312.0	193.0	26	9.0	117.0	76.0	0	0	82.5408833026886	21840	26478.14926147461	20295	7.074175824175825	
-1337809.8482259118	100.0	10.3625	175.9	109.9375	-49.037658947922324	273	332	152	14	360	223	48	9	106	68	0	0	83.10132217407227	21920	26561.25058364868	20370	7.071167883211686	
-2562770.360038809	101.3875	10.371794871794872	174.6153846153846	108.87179487179488	-49.037658947922324	274	334	187	14.0	477.0	290.0	37	9.0	101.0	65.0	0	0	83.39141774177551	22000	26644.642001390457	20444	7.072727272727278	
-2475330.6636623377	101.5125	10.4625	178.75	111.4375	-49.037658947922324	275	334	151	15	297	183	58	9	125	79	0	0	90.21584343910217	22080	26734.85784482956	20520	7.065217391304344	
-2275299.206990634	99.9875	10.3875	173.025	108.075	-49.037658947922324	276	334	132	16	307	188	58	9	93	60	0	0	92.23678731918335	22160	26827.094632148743	20596	7.057761732851986	
-1875306.1340430572	97.9	10.417721518987342	174.63291139240508	108.9113924050633	-49.037658947922324	277	335	165	15.0	320.0	193.0	35	9.0	101.0	65.0	0	0	94.93314480781555	22240	26922.02777695656	20671	7.05485611510791	
-2125479.697100115	95.9	10.5	176.5375	110.45	-49.037658947922324	278	335	177	15	365	227	23	8	93	60	0	0	88.14420509338379	22320	27010.171982049942	20746	7.051971326164875	
-1275288.394066312	95.0	10.41025641025641	179.3846153846154	111.7948717948718	-49.037658947922324	279	337	161	14.0	322.0	205.0	20	10.0	135.0	84.0	0	0	99.74260640144348	22400	27109.914588451385	20820	7.053571428571431	
-2025394.3615566925	98.275	10.525	178.15	110.975	-49.037658947922324	280	337	127	15	374	229	65	8	83	54	0	0	107.37456369400024	22480	27217.289152145386	20896	7.046263345195726	
-2287791.44008326	93.9125	10.379746835443038	172.40506329113924	107.55696202531645	-49.037658947922324	281	338	183	13.0	297.0	183.0	17	9.0	101.0	65.0	0	0	97.43204522132874	22560	27314.721197366714	20970	7.047872340425528	
-1925317.8003420637	95.15	10.3875	179.4875	111.5875	-49.037658947922324	282	338	183	16	409	249	65	8	82	53	0	0	104.61682653427124	22640	27419.338023900986	21044	7.049469964664311	
-1775466.850848139	97.525	10.275	171.6625	107.075	-49.037658947922324	283	338	130	14	291	176	65	8	90	58	0	0	93.5617573261261	22720	27512.89978122711	21120	7.042253521126767	
-1575467.2279472419	96.85	10.425	170.4625	106.3875	-49.037658947922324	284	338	154	17	313	196	46	8	84	54	0	0	85.97353720664978	22800	27598.87331843376	21194	7.043859649122808	
-3050333.907064808	100.1375	10.3125	166.4875	104.1875	-49.037658947922324	285	338	164	14	286	176	49	8	93	60	0	0	85.9834098815918	22880	27684.856728315353	21270	7.036713286713294	
-2012820.6522313363	100.0	10.379746835443038	175.15189873417722	109.13924050632912	-49.037658947922324	286	339	142	14.0	366.0	221.0	58	8.0	79.0	51.0	0	0	89.59386420249939	22960	27774.450592517853	21345	7.03397212543554	
-1862788.998969803	101.025	10.4125	175.0625	109.3125	-49.037658947922324	287	339	170	14	371	224	30	9	101	65	0	0	94.70413851737976	23040	27869.154731035233	21421	7.026909722222214	
-2025382.0731893345	103.5	10.233766233766234	167.80519480519482	104.93506493506493	-49.037658947922324	288	342	188	14.0	326.0	200.0	12	7.0	87.0	56.0	0	0	77.23510456085205	23120	27946.389835596085	21494	7.032871972318347	
-2425308.922796044	107.525	10.151898734177216	167.54430379746836	104.62025316455696	-49.037658947922324	289	343	184	14.0	289.0	176.0	16	8.0	107.0	69.0	0	0	86.21083998680115	23200	28032.600675582886	21569	7.030172413793096	
-2100274.0227105482	112.7875	10.15	163.6	102.45	-49.037658947922324	290	343	192	12	289	176	34	9	101	65	0	0	84.29182147979736	23280	28116.892497062683	21645	7.0231958762886535	
-1525276.8722747837	105.6625	10.468354430379748	177.62025316455697	110.36708860759494	-49.037658947922324	291	344	184	15.0	341.0	208.0	55	9.0	115.0	74.0	0	0	95.77251625061035	23360	28212.665013313293	21719	7.024828767123296	
-2350326.874156907	103.275	10.4125	170.775	106.825	-49.037658947922324	292	344	184	17	414	266	46	8	79	51	0	0	78.74284029006958	23440	28291.407853603363	21794	7.022184300341294	
-1950388.0264465504	106.75	10.240506329113924	169.68354430379748	106.0379746835443	-49.037658947922324	293	345	198	15.0	313.0	190.0	64	7.0	79.0	51.0	0	0	76.03728985786438	23520	28367.445143461227	21868	7.023809523809518	
-1787823.9103723578	110.25	10.35	168.075	105.15	-49.037658947922324	294	345	219	14	303	185	61	9	119	77	0	0	81.20349502563477	23600	28448.648638486862	21943	7.021186440677965	
-2637771.782861638	106.5375	10.35064935064935	172.97402597402598	108.11688311688312	-49.037658947922324	295	348	254	14.0	291.0	176.0	30	9.0	114.0	72.0	0	0	81.55168104171753	23680	28530.20031952858	22016	7.027027027027017	
-3737919.555603354	106.7375	10.316455696202532	174.81012658227849	109.34177215189874	-49.037658947922324	296	349	184	13.0	421.0	259.0	25	8.0	105.0	67.0	0	0	90.83722710609436	23760	28621.037546634674	22091	7.024410774410768	
-3050323.665375115	108.425	10.20253164556962	172.63291139240508	108.11392405063292	-49.037658947922324	297	350	192	14.0	280.0	174.0	19	9.0	108.0	70.0	0	0	87.98574423789978	23840	28709.023290872574	22165	7.026006711409394	
-2312761.731758941	98.8	10.246753246753247	166.0	103.64935064935065	-49.037658947922324	298	353	180	15.0	359.0	221.0	24	8.0	79.0	51.0	0	0	76.84932231903076	23920	28785.872613191605	22236	7.04013377926421	
-2450391.189359113	102.05	10.217948717948717	164.83333333333334	103.23076923076923	-49.0205806704509	299	355	175	15.0	292.0	176.0	41	8.0	79.0	51.0	0	0	76.19175815582275	24000	28862.064371347427	22310	7.041666666666671	
-2225281.1058602487	108.125	10.734177215189874	179.8860759493671	112.12658227848101	-49.00357035245208	300	356	156	16.0	358.0	219.0	49	8.0	100.0	64.0	0	0	90.15501141548157	24080	28952.21938276291	22385	7.0390365448504895	
-2312814.172956812	112.5375	10.805194805194805	180.0	112.49350649350649	-49.00357035245208	301	359	232	15.0	344.0	207.0	39	8.0	107.0	69.0	0	0	89.62076020240784	24160	29041.840142965317	22458	7.0447019867549585	
-1587858.1631822658	111.4375	10.5875	186.9375	116.275	-49.00357035245208	302	359	158	15	431	262	43	8	95	61	0	0	100.64925837516785	24240	29142.489401340485	22534	7.037953795379536	
-1712740.1046914135	111.05	10.4125	172.6125	107.8625	-49.00357035245208	303	359	206	15	375	227	71	8	92	59	0	0	89.51397132873535	24320	29232.00337266922	22610	7.03125	
-2387830.3116821065	114.625	10.1375	161.6625	101.3	-49.00357035245208	304	359	183	15	315	192	57	8	92	59	0	0	76.69709992408752	24400	29308.700472593307	22686	7.024590163934434	
-2037826.165063203	113.9625	10.3125	172.8375	108.2375	-49.00357035245208	305	359	158	16	316	192	63	8	92	59	0	0	78.45646071434021	24480	29387.156933307648	22762	7.017973856209153	
-1650292.3502877473	104.675	10.2	171.6375	107.225	-49.00357035245208	306	359	155	14	286	174	50	8	88	57	0	0	83.41756653785706	24560	29470.574499845505	22838	7.011400651465792	
-1950309.5850188867	106.65	10.1125	174.825	109.0125	-49.00357035245208	307	359	180	14	304	184	63	8	82	53	0	0	92.63902473449707	24640	29563.213524580002	22913	7.008928571428569	
-1587816.905024482	101.025	10.417721518987342	187.0253164556962	116.70886075949367	-49.00357035245208	308	360	168	15.0	373.0	236.0	41	8.0	115.0	74.0	0	0	93.85763597488403	24720	29657.071160554886	22986	7.014563106796118	
-2000311.5547385726	100.675	10.4625	174.9375	109.2375	-49.00357035245208	309	360	155	14	352	212	48	8	108	70	0	0	83.64918661117554	24800	29740.72034716606	23061	7.012096774193537	
-2225322.0495303166	101.475	10.278481012658228	168.25316455696202	105.17721518987342	-49.00357035245208	310	361	158	14.0	352.0	212.0	42	8.0	109.0	70.0	0	0	82.00290441513062	24880	29822.723251581192	23136	7.0096463022508	
-1887778.9128862706	102.1375	10.467532467532468	179.23376623376623	111.81818181818181	-49.00357035245208	311	364	178	15.0	329.0	199.0	36	8.0	114.0	72.0	0	0	81.63421630859375	24960	29904.357467889786	23209	7.015224358974365	
-2012877.195193947	102.85	10.60759493670886	177.67088607594937	110.9620253164557	-49.00357035245208	312	365	166	17.0	328.0	198.0	54	9.0	127.0	82.0	0	0	89.11676168441772	25040	29993.474229574203	23283	7.0167731629392875	
-2787819.2032116535	100.4875	10.291139240506329	180.1772151898734	112.54430379746836	-49.00357035245208	313	366	166	14.0	396.0	242.0	47	8.0	84.0	54.0	0	0	97.23369312286377	25120	30090.707922697067	23358	7.014331210191088	
-2087731.155427908	105.9375	10.5875	186.5875	116.65	-49.00357035245208	314	366	166	14	322	198	51	9	116	73	0	0	98.38054394721985	25200	30189.088466644287	23434	7.007936507936506	
-2000385.1998509117	108.4875	10.594936708860759	182.13924050632912	113.63291139240506	-49.00357035245208	315	367	206	16.0	534.0	328.0	34	9.0	109.0	70.0	0	0	90.77919721603394	25280	30279.86766386032	23509	7.005537974683534	
-2412794.2303968472	99.7	10.4	167.1125	104.5875	-49.00357035245208	316	367	143	15	297	188	57	9	109	70	0	0	73.26371622085571	25360	30353.131380081177	23584	7.003154574132495	
-2212853.817464407	100.1625	10.405063291139241	172.64556962025316	107.9620253164557	-49.00357035245208	317	368	165	17.0	308.0	188.0	35	9.0	111.0	70.0	0	0	80.96619462966919	25440	30434.097574710846	23659	7.000786163522008	
-2175302.405315973	100.8	10.240506329113924	166.79746835443038	104.31645569620254	-49.00357035245208	318	369	174	15.0	291.0	176.0	26	9.0	106.0	67.0	0	0	90.31459712982178	25520	30524.412171840668	23734	6.998432601880879	
-2275321.1815977683	101.025	10.15	171.55	107.025	-49.00357035245208	319	369	177	14	291	176	23	9	111	72	0	0	86.45433902740479	25600	30610.866510868073	23810	6.9921875	
-1250346.2752478332	103.5625	10.256410256410257	173.98717948717947	108.62820512820512	-49.00357035245208	320	371	176	18.0	389.0	246.0	24	9.0	127.0	80.0	0	0	84.82338976860046	25680	30695.689900636673	23884	6.993769470404985	
-1937855.0661196776	103.45	10.217948717948717	174.78205128205127	109.03846153846153	-49.00357035245208	321	373	174	14.0	291.0	176.0	26	8.0	90.0	58.0	0	0	82.78660702705383	25760	30778.476507663727	23957	6.999223602484477	
-1500329.4299732116	104.75	10.2875	171.3875	106.9125	-49.00357035245208	322	373	171	17	293	183	59	9	106	67	0	0	86.04758667945862	25840	30864.524094343185	24033	6.9930340557275485	
-2025319.0386101021	101.6875	10.051282051282051	165.80769230769232	103.67948717948718	-49.00357035245208	323	375	172	13.0	263.0	163.0	26	8.0	84.0	54.0	0	0	80.40339469909668	25920	30944.927489042282	24107	6.994598765432102	
-1512889.7843840416	100.725	10.25	165.4625	103.375	-49.00357035245208	324	375	139	14	291	176	69	9	105	68	0	0	78.11655783653259	26000	31023.044046878815	24183	6.98846153846155	
-1737797.8291052696	101.275	10.405063291139241	164.16455696202533	102.72151898734177	-49.00357035245208	325	376	161	15.0	293.0	183.0	39	9.0	102.0	66.0	0	0	76.80131149291992	26080	31099.845358371735	24257	6.990030674846622	
-1237855.9431913472	101.4125	10.225	174.8	109.1125	-49.00357035245208	326	376	160	15	337	206	40	9	108	70	0	0	84.01462268829346	26160	31183.859981060028	24333	6.983944954128447	
-1962809.281362464	98.9	10.367088607594937	174.29113924050634	108.83544303797468	-49.00357035245208	327	377	163	17.0	322.0	195.0	26	8.0	103.0	66.0	0	0	83.12269353866577	26240	31266.982674598694	24407	6.985518292682926	
-2200458.021580536	101.075	10.376623376623376	168.42857142857142	105.22077922077922	-49.00357035245208	328	380	166	15.0	291.0	176.0	34	8.0	105.0	68.0	0	0	78.4350860118866	26320	31345.41776061058	24480	6.9908814589665695	
-1500325.682186036	102.875	10.205128205128204	166.25641025641025	103.71794871794872	-49.00357035245208	329	382	159	15.0	271.0	166.0	41	8.0	95.0	61.0	0	0	75.26316976547241	26400	31420.680930376053	24552	7.0	
-1787776.790278668	108.225	10.225	168.325	105.2625	-49.00357035245208	330	382	159	15	412	255	68	7	90	58	0	0	78.4777410030365	26480	31499.15867137909	24628	6.993957703927492	
-1975332.890405941	105.875	10.379746835443038	168.67088607594937	105.60759493670886	-49.00357035245208	331	383	162	16.0	294.0	179.0	66	8.0	90.0	58.0	0	0	78.91501569747925	26560	31578.07368707657	24703	6.991716867469876	
-1487766.2868781078	101.3875	10.192307692307692	168.56410256410257	105.05128205128206	-49.00357035245208	332	385	191	16.0	370.0	231.0	25	7.0	82.0	53.0	0	0	86.64166378974915	26640	31664.715350866318	24776	6.996996996996998	
-1425454.9597574167	98.35	10.179487179487179	173.57692307692307	108.33333333333333	-49.00357035245208	333	387	166	14.0	333.0	203.0	34	8.0	92.0	59.0	0	0	82.66315770149231	26720	31747.37850856781	24850	6.998502994011986	
-2337871.309596534	99.8875	10.468354430379748	179.15189873417722	111.75949367088607	-49.00357035245208	334	388	184	15.0	305.0	190.0	48	7.0	74.0	48.0	0	0	85.00196576118469	26800	31832.380474328995	24924	7.0	
-2075342.7643612288	101.4875	10.205128205128204	168.55128205128204	105.3076923076923	-49.00357035245208	335	390	163	15.0	319.0	197.0	37	8.0	109.0	70.0	0	0	76.35667371749878	26880	31908.737148046494	24998	7.001488095238102	
-2000239.6133657477	101.7375	10.275	171.6875	107.175	-49.00357035245208	336	390	156	14	289	176	44	9	91	59	0	0	83.50889873504639	26960	31992.24604678154	25072	7.002967359050444	
-2075401.1164687336	100.375	10.1875	170.9	106.9875	-49.00357035245208	337	390	159	16	317	197	41	9	102	66	0	0	80.6468677520752	27040	32072.892914533615	25148	6.99704142011835	
-2612834.16246483	101.05	10.2875	174.2875	108.8125	-49.00357035245208	338	390	146	14	331	200	58	9	108	70	0	0	85.89916753768921	27120	32158.792082071304	25224	6.991150442477874	
-1562844.2320624036	98.9	10.1875	168.7125	105.375	-49.00357035245208	339	390	141	16	270	165	58	9	111	70	0	0	75.29615497589111	27200	32234.088237047195	25299	6.988970588235304	
-2312821.3408785453	99.6875	10.075	169.025	105.5625	-49.00357035245208	340	390	177	14	297	185	23	9	107	69	0	0	75.61756825447083	27280	32309.705805301666	25375	6.983137829912025	
-1887893.1090674712	99.9	10.0625	176.8875	110.2	-49.0032675408173	341	390	177	14	373	227	54	8	91	59	0	0	86.60175490379333	27360	32396.30756020546	25451	6.977339181286553	
-1862845.0427841954	99.8	10.227848101265822	173.83544303797467	108.27848101265823	-49.0032675408173	342	391	158	14.0	320.0	196.0	42	9.0	138.0	86.0	0	0	76.50523805618286	27440	32472.812798261642	25523	6.986151603498541	
-1675382.4706014353	99.6	10.063291139240507	161.43037974683546	100.89873417721519	-49.0032675408173	343	392	132	14.0	291.0	176.0	67	8.0	95.0	61.0	0	0	81.4546525478363	27520	32554.26745080948	25598	6.984011627906966	
-2300459.8491256926	99.4	10.215189873417721	164.36708860759492	102.9620253164557	-49.0032675408173	344	393	175	15.0	308.0	190.0	25	9.0	97.0	63.0	0	0	76.98809766769409	27600	32631.255548477173	25673	6.9818840579710155	
-1912934.5306207235	103.05	10.08860759493671	162.78481012658227	101.74683544303798	-49.0032675408173	345	394	153	14.0	241.0	148.0	47	7.0	74.0	48.0	0	0	77.40664339065552	27680	32708.66219186783	25748	6.979768786127167	
-1300337.009504343	104.0625	10.2	161.3	101.1	-49.0032675408173	346	394	153	14	272	166	39	8	84	54	0	0	71.74208331108093	27760	32780.40427517891	25823	6.977665706051866	
-2012817.52141332	105.4375	10.325	168.0	105.2625	-49.0032675408173	347	394	155	14	365	227	73	9	126	80	0	0	80.72585439682007	27840	32861.13012957573	25898	6.975574712643677	
-2375490.337119701	103.2	10.4375	166.975	105.125	-49.0032675408173	348	394	169	14	299	191	50	8	79	51	0	0	79.42267894744873	27920	32940.55280852318	25973	6.973495702005721	
-1862793.4827442127	102.0125	10.217948717948717	168.47435897435898	105.74358974358974	-49.0032675408173	349	396	162	14.0	295.0	181.0	38	7.0	82.0	53.0	0	0	73.8216483592987	28000	33014.37445688248	26047	6.974999999999994	
-1862801.5823088516	103.4125	10.320512820512821	171.46153846153845	107.17948717948718	-49.0032675408173	350	398	177	14.0	309.0	190.0	24	9.0	110.0	71.0	0	0	85.69616270065308	28080	33100.07061958313	26121	6.9764957264957275	
-1600284.3830292262	105.075	10.474358974358974	182.16666666666666	113.37179487179488	-49.0032675408173	351	400	186	15.0	353.0	221.0	36	9.0	125.0	81.0	0	0	90.6705641746521	28160	33190.74118375778	26194	6.9815340909090935	
-1987828.8063424758	102.5125	10.227848101265822	165.44303797468353	103.59493670886076	-49.0032675408173	352	401	191	14.0	274.0	174.0	9	8.0	116.0	73.0	0	0	90.32519316673279	28240	33281.066376924515	26268	6.983002832861189	
-1800268.4289166345	99.8	10.20253164556962	164.62025316455697	102.92405063291139	-49.0032675408173	353	402	187	14.0	257.0	159.0	13	9.0	122.0	77.0	0	0	81.36623311042786	28320	33362.43261003494	26343	6.980932203389827	
-2275245.5624220045	100.2875	10.025	165.5625	103.575	-49.0032675408173	354	402	136	14	245	155	64	7	74	48	0	0	83.54523921012878	28400	33445.97784924507	26419	6.975352112676063	
-2000437.917531502	99.7	10.4375	180.725	112.775	-49.0032675408173	355	402	130	15	299	186	70	9	101	65	0	0	91.76417183876038	28480	33537.74202108383	26494	6.973314606741582	
-2387835.055873315	99.1625	10.4875	179.3875	112.3	-45.76599867059082	356	402	150	17	297	193	50	9	114	72	0	0	79.40976166725159	28560	33617.15178275108	26570	6.967787114845933	
-2412712.0279834457	101.1375	10.417721518987342	173.18987341772151	108.30379746835443	-45.76599867059082	357	403	136	15.0	309.0	189.0	62	9.0	105.0	68.0	0	0	77.27427411079407	28640	33694.42605686188	26645	6.965782122905026	
-1712794.9594875663	101.25	10.2	172.65	107.8	-45.76599867059082	358	403	133	12	411	249	73	9	114	72	0	0	78.63148069381714	28720	33773.057537555695	26720	6.963788300835645	
-1962783.602956757	100.175	10.164556962025317	166.83544303797467	104.34177215189874	-45.76599867059082	359	404	181	14.0	314.0	193.0	19	8.0	98.0	63.0	0	0	79.4038770198822	28800	33852.46141457558	26794	6.9652777777777715	
-2337897.6277178978	100.9875	10.227848101265822	174.9873417721519	109.0126582278481	-45.76599867059082	360	405	204	14.0	366.0	221.0	23	9.0	106.0	67.0	0	0	84.89144992828369	28880	33937.35286450386	26869	6.96329639889197	
-1812900.1858611852	101.2625	10.0375	171.975	107.3625	-45.76599867059082	361	405	168	14	506	303	57	8	100	65	0	0	90.68771457672119	28960	34028.04057908058	26945	6.957872928176798	
-2275322.9702452878	102.125	10.181818181818182	175.3116883116883	109.35064935064935	-45.76599867059082	362	408	177	14.0	506.0	303.0	35	9.0	106.0	69.0	0	0	88.74686098098755	29040	34116.78744006157	27018	6.962809917355372	
-1662922.5528947688	100.0125	10.050632911392405	163.20253164556962	102.0506329113924	-45.76599867059082	363	409	155	12.0	277.0	170.0	17	8.0	84.0	54.0	0	0	79.35972189903259	29120	34196.1471619606	27093	6.96085164835165	
-2000303.6081022755	99.6	10.192307692307692	169.85897435897436	106.32051282051282	-45.76599867059082	364	411	170	14.0	312.0	194.0	30	8.0	112.0	71.0	0	0	69.88421654701233	29200	34266.031378507614	27167	6.962328767123282	
-1850355.6254802428	100.0	10.291139240506329	171.7594936708861	107.0506329113924	-45.76599867059082	365	412	160	14.0	361.0	221.0	40	9.0	116.0	75.0	0	0	81.91595554351807	29280	34347.94733405113	27241	6.963797814207652	
-2337814.0828611143	100.2	10.25	167.55	104.725	-42.25783959792712	366	412	154	14	273	166	46	7	74	48	0	0	75.56613039970398	29360	34423.513464450836	27315	6.96525885558583	
-1475277.9695657573	97.2875	10.168831168831169	169.46753246753246	105.68831168831169	-42.25783959792712	367	415	174	14.0	357.0	221.0	26	8.0	103.0	66.0	0	0	72.84488725662231	29440	34496.35835170746	27388	6.970108695652172	
-1650302.1166102395	99.05	10.051282051282051	168.26923076923077	105.12820512820512	-42.25783959792712	368	417	171	14.0	357.0	221.0	29	8.0	95.0	61.0	0	0	69.45289015769958	29520	34565.81124186516	27462	6.971544715447152	
-1862849.635855209	101.7875	10.3125	174.5125	108.975	-42.25783959792712	369	417	171	14	336	209	77	8	91	59	0	0	78.00690531730652	29600	34643.818147182465	27537	6.9695945945945965	
-1850378.2633082177	99.75	10.227848101265822	170.9873417721519	106.67088607594937	-42.25783959792712	370	418	171	13.0	260.0	160.0	29	9.0	108.0	70.0	0	0	73.13643622398376	29680	34716.95458340645	27611	6.97102425876011	
-1900410.7142405156	99.3625	10.064102564102564	165.93589743589743	103.58974358974359	-42.25783959792712	371	420	177	13.0	271.0	166.0	37	8.0	93.0	60.0	0	0	69.08229851722717	29760	34786.036881923676	27685	6.972446236559136	
-2025287.0256216112	99.725	10.217948717948717	174.43589743589743	108.8076923076923	-42.25783959792712	372	422	163	12.0	361.0	221.0	37	8.0	96.0	62.0	0	0	80.56218647956848	29840	34866.599068403244	27758	6.9772117962466496	
-2587902.228537191	110.8125	10.2	166.3625	104.05	-42.25783959792712	373	422	163	13	345	214	42	8	101	65	0	0	85.18694519996643	29920	34951.78601360321	27834	6.971925133689837	
-1925411.4285929943	111.3125	9.974683544303797	160.9493670886076	100.65822784810126	-42.25783959792712	374	423	176	14.0	250.0	157.0	24	9.0	110.0	71.0	0	0	75.2597119808197	30000	35027.04572558403	27908	6.973333333333329	
-1087834.62629787	103.35	10.126582278481013	176.0632911392405	109.59493670886076	-42.25783959792712	375	424	175	15.0	350.0	216.0	42	8.0	101.0	65.0	0	0	84.98978090286255	30080	35112.03550648689	27982	6.9747340425531945	
-1625367.9576459897	101.6	10.1125	168.5125	105.2125	-42.25783959792712	376	424	186	13	261	162	47	8	108	70	0	0	84.59537363052368	30160	35196.63088011742	28058	6.969496021220152	
-1462823.529979698	98.65	10.0	165.94871794871796	103.58974358974359	-42.25783959792712	377	426	180	14.0	315.0	190.0	27	8.0	101.0	65.0	0	0	79.04129528999329	30240	35275.67217540741	28130	6.977513227513228	
-2387828.6568923043	97.8375	10.012820512820513	165.9102564102564	103.8076923076923	-42.25783959792712	378	428	149	13.0	283.0	172.0	51	8.0	101.0	65.0	0	0	79.23152875900269	30320	35354.90370416641	28202	6.985488126649074	
-1550305.3763971168	98.75	10.0	160.725	100.55	-42.25783959792712	379	428	141	14	282	175	53	7	82	53	0	0	87.77429723739624	30400	35442.67800140381	28276	6.986842105263165	
-1687749.5249943747	98.1375	10.012658227848101	168.2405063291139	104.87341772151899	-42.25783959792712	380	429	158	13.0	320.0	197.0	14	8.0	90.0	58.0	0	0	87.88807153701782	30480	35530.56607294083	28351	6.984908136482943	
-2025317.684441274	99.225	9.756410256410257	162.44871794871796	101.73076923076923	-42.25783959792712	381	431	202	12.0	307.0	186.0	14	8.0	90.0	58.0	0	0	72.81565427780151	30560	35603.38172721863	28424	6.989528795811523	
-2400305.898582502	96.1125	9.987179487179487	169.44871794871796	105.75641025641026	-42.25783959792712	382	433	152	14.0	506.0	303.0	20	8.0	85.0	55.0	0	0	94.32899618148804	30640	35697.710723400116	28498	6.990861618798959	
-2600281.0984849455	98.6625	10.0	172.9620253164557	107.86075949367088	-42.25783959792712	383	434	172	13.0	328.0	198.0	32	8.0	82.0	53.0	0	0	82.45578980445862	30720	35780.166513204575	28572	6.9921875	
-2262925.0539084715	99.4375	10.35	185.0375	115.1	-42.25783959792712	384	434	147	14	321	197	44	8	106	67	0	0	92.26081109046936	30800	35872.427324295044	28647	6.990259740259745	
-1800305.3732518647	101.3875	10.294871794871796	177.06410256410257	110.1025641025641	-42.25783959792712	385	436	183	13.0	347.0	211.0	17	8.0	106.0	67.0	0	0	90.88552618026733	30880	35963.31285047531	28721	6.991580310880835	
-1937962.5618717354	103.2	10.5125	189.7875	117.85	-42.25783959792712	386	436	165	15	506	303	60	8	107	69	0	0	114.22000575065613	30960	36077.53285622597	28796	6.989664082687341	
-2100254.0166159747	101.2875	10.5125	190.05	118.1875	-42.25783959792712	387	436	223	14	506	303	42	9	91	59	0	0	111.25308632850647	31040	36188.785942554474	28872	6.9845360824742215	
-1700291.3442745847	100.425	10.205128205128204	176.55128205128204	110.11538461538461	-42.25783959792712	388	438	148	12.0	305.0	188.0	52	8.0	84.0	54.0	0	0	77.70892691612244	31120	36266.494869470596	28946	6.985861182519287	
-2087795.2762862388	99.7375	10.225	173.7125	108.3125	-42.25783959792712	389	438	141	14	506	303	52	8	91	59	0	0	89.61074542999268	31200	36356.10561490059	29021	6.983974358974351	
-2587821.0099608237	99.6875	10.425	178.1375	111.0625	-42.25783959792712	390	438	152	15	506	303	48	9	104	67	0	0	97.17624711990356	31280	36453.28186202049	29097	6.978900255754468	
-2325269.3294555023	97.775	10.275	172.2125	107.2625	-42.25783959792712	391	438	123	14	506	303	40	8	103	66	0	0	95.63616585731506	31360	36548.91802787781	29173	6.973852040816325	
-1962727.9579114032	99.725	10.49367088607595	191.45569620253164	119.11392405063292	-42.25783959792712	392	439	169	16.0	506.0	303.0	31	9.0	114.0	72.0	0	0	117.77542519569397	31440	36666.6934530735	29247	6.975190839694662	
-1500287.3706724546	99.4375	10.3375	179.8875	112.1	-42.25783959792712	393	439	146	15	506	303	54	9	122	77	0	0	96.31598663330078	31520	36763.0094397068	29323	6.970177664974614	
-2200306.3019021554	100.6875	10.205128205128204	173.14102564102564	108.15384615384616	-42.25783959792712	394	441	189	13.0	361.0	221.0	11	9.0	106.0	69.0	0	0	83.63150238990784	31600	36846.64094209671	29397	6.971518987341767	
-2125271.987715623	100.2875	10.368421052631579	174.71052631578948	108.90789473684211	-42.25783959792712	395	445	169	16.0	302.0	186.0	31	9.0	119.0	75.0	0	0	79.24445700645447	31680	36925.885399103165	29468	6.982323232323225	
-1712882.5918705903	97.9	10.0375	165.675	103.5625	-42.25783959792712	396	445	147	14	291	176	53	8	91	59	0	0	72.2526478767395	31760	36998.138046979904	29543	6.980478589420656	
-1650252.1398303558	97.45	9.818181818181818	164.80519480519482	102.98701298701299	-42.25783959792712	397	448	158	13.0	291.0	176.0	42	8.0	96.0	62.0	0	0	73.37401485443115	31840	37071.512061834335	29614	6.9912060301507495	
-2675252.260431449	96.5	10.025	173.125	108.0375	-42.25783959792712	398	448	143	14	315	190	50	9	114	72	0	0	77.42713403701782	31920	37148.93919587135	29690	6.986215538847119	
-2475288.0589309414	97.925	10.0	164.44303797468353	102.87341772151899	-42.25783959792712	399	449	192	14.0	316.0	193.0	32	8.0	91.0	59.0	0	0	68.78715229034424	32000	37217.7263481617	29764	6.987499999999997	
-1675409.3722508214	96.7125	10.0375	171.775	107.325	-40.86002753067893	400	449	160	14	331	203	40	9	102	66	0	0	82.77268624305725	32080	37300.499034404755	29840	6.9825436408977595	
-2625267.170342765	93.075	10.177215189873417	181.74683544303798	113.0253164556962	-40.86002753067893	401	450	137	14.0	506.0	303.0	50	8.0	99.0	64.0	0	0	110.22509527206421	32160	37410.72412967682	29914	6.983830845771138	
-2325288.4355859137	93.65	10.253164556962025	175.08860759493672	109.30379746835443	-40.86002753067893	402	451	130	14.0	402.0	249.0	50	8.0	90.0	58.0	0	0	82.6269178390503	32240	37493.35104751587	29989	6.982009925558302	
-1450238.738519181	96.2875	10.144736842105264	174.07894736842104	108.55263157894737	-40.86002753067893	403	455	150	14.0	357.0	217.0	30	8.0	96.0	62.0	0	0	68.52840232849121	32320	37561.87944984436	30060	6.992574257425744	
-1875328.5355128602	97.5	10.487179487179487	183.52564102564102	114.35897435897436	-40.86002753067893	404	457	163	14.0	357.0	217.0	37	8.0	101.0	65.0	0	0	78.97901058197021	32400	37640.85846042633	30133	6.996913580246911	
-1650467.3110664706	99.325	10.128205128205128	166.55128205128204	104.37179487179488	-40.86002753067893	405	459	157	13.0	269.0	168.0	43	8.0	101.0	65.0	0	0	75.00244855880737	32480	37715.86090898514	30207	6.998152709359601	
-2062820.9955606177	99.575	10.125	176.15	109.9	-40.86002753067893	406	459	148	14	506	303	50	7	82	53	0	0	93.32191586494446	32560	37809.18282485008	30283	6.993243243243242	
-3025333.2662178925	96.4875	10.341772151898734	166.56962025316454	104.75949367088607	-40.86002753067893	407	460	144	14.0	264.0	167.0	49	8.0	91.0	59.0	0	0	79.78342890739441	32640	37888.96625375748	30358	6.991421568627459	
-1900355.3636344627	99.3625	10.1875	176.2875	110.325	-40.86002753067893	408	460	134	15	365	226	50	7	79	51	0	0	81.23067665100098	32720	37970.19693040848	30433	6.989608801955995	
-2312781.0827202187	99.7125	10.285714285714286	184.54545454545453	114.8051948051948	-40.86002753067893	409	463	159	14.0	552.0	329.0	41	8.0	101.0	65.0	0	0	110.20614910125732	32800	38080.403079509735	30506	6.993902439024396	
-2712767.0730629666	101.075	10.20253164556962	178.0379746835443	111.22784810126582	-40.86002753067893	410	464	159	14.0	506.0	303.0	54	7.0	82.0	53.0	0	0	94.46683359146118	32880	38174.869913101196	30580	6.995133819951334	
-2037853.6274286553	104.45	10.2375	179.9375	112.3	-40.86002753067893	411	464	159	15	506	303	71	7	82	53	0	0	103.19236540794373	32960	38278.06227850914	30655	6.993325242718456	
-2162797.214846011	103.1875	10.430379746835444	177.86075949367088	110.83544303797468	-40.86002753067893	412	465	159	14.0	313.0	193.0	57	8.0	102.0	66.0	0	0	82.94282650947571	33040	38361.005105018616	30729	6.994552058111381	
-1812813.2133408643	104.425	10.2625	171.6125	107.125	-40.85943465757493	413	465	180	14	353	214	37	8	96	62	0	0	78.66829800605774	33120	38439.67340302467	30804	6.992753623188406	
-1862984.3957885425	101.05	10.4625	181.6125	113.225	-40.85943465757493	414	465	180	15	506	303	72	9	111	70	0	0	96.22105979919434	33200	38535.89446282387	30879	6.990963855421683	
-1887847.8282055377	100.6125	10.354430379746836	179.25316455696202	111.82278481012658	-40.85943465757493	415	466	158	18.0	506.0	303.0	42	8.0	101.0	65.0	0	0	81.1585385799408	33280	38617.05300140381	30953	6.9921875	
-2062879.2118053914	100.45	10.423076923076923	181.3846153846154	113.2051282051282	-40.85943465757493	416	468	171	14.0	506.0	303.0	39	9.0	126.0	80.0	0	0	93.8520154953003	33360	38710.90501689911	31027	6.993405275779381	
-1737757.4792565242	98.1625	10.26923076923077	171.56410256410257	107.23076923076923	-40.85943465757493	417	470	158	19.0	383.0	238.0	42	9.0	122.0	77.0	0	0	70.19250822067261	33440	38781.09752511978	31099	7.000598086124398	
-1462846.4675107282	97.925	10.20253164556962	167.13924050632912	104.24050632911393	-40.83488807686014	418	471	166	14.0	289.0	176.0	34	8.0	109.0	70.0	0	0	78.0832450389862	33520	38859.18077015877	31173	7.001789976133651	
-1950293.4503358142	101.7875	10.291139240506329	168.9493670886076	105.68354430379746	-40.83488807686014	419	472	171	16.0	498.0	303.0	22	9.0	105.0	68.0	0	0	84.99501156806946	33600	38944.17578172684	31247	7.00297619047619	
-1287815.4976449157	98.9625	10.220779220779221	168.97402597402598	105.67532467532467	-40.83488807686014	420	475	175	14.0	274.0	166.0	25	9.0	122.0	77.0	0	0	82.9096372127533	33680	39027.08541893959	31320	7.007125890736347	
-2062719.0865874044	100.075	10.512820512820513	184.52564102564102	114.91025641025641	-40.83488807686014	421	477	186	14.0	291.0	176.0	14	9.0	111.0	70.0	0	0	98.01507639884949	33760	39125.10049533844	31393	7.011255924170612	
-2012748.341010522	99.375	10.25974025974026	174.41558441558442	108.50649350649351	-40.83488807686014	422	480	162	14.0	506.0	303.0	38	8.0	91.0	59.0	0	0	96.85562491416931	33840	39221.95612025261	31466	7.015366430260045	
-2550284.1609923234	99.575	10.455696202531646	175.77215189873417	110.07594936708861	-40.78195154628702	423	481	143	16.0	291.0	176.0	57	8.0	91.0	59.0	0	0	81.86037468910217	33920	39303.81649494171	31541	7.013561320754718	
-2625465.731735173	101.9375	10.525	183.4375	114.2375	-40.78195154628702	424	481	146	17	408	249	41	8	93	60	0	0	97.49720978736877	34000	39401.31370472908	31616	7.0117647058823565	
-1325310.4595555705	103.575	10.35064935064935	184.3116883116883	114.92207792207792	-40.78195154628702	425	484	144	15.0	410.0	253.0	41	8.0	98.0	63.0	0	0	87.31382966041565	34080	39488.627534389496	31689	7.015845070422529	
-1512817.9056800876	107.5375	10.275	173.35	108.2625	-40.78195154628702	426	484	186	16	506	303	41	9	111	72	0	0	82.48567628860474	34160	39571.1132106781	31765	7.011124121779858	
-1987776.275822409	110.2125	10.333333333333334	171.89743589743588	107.3076923076923	-40.78195154628702	427	486	186	15.0	476.0	289.0	14	8.0	130.0	81.0	0	0	81.87616539001465	34240	39652.989376068115	31838	7.015186915887853	
-1775299.1045271847	107.0875	10.5	187.3846153846154	116.37179487179488	-40.78195154628702	428	488	170	14.0	506.0	303.0	34	9.0	121.0	77.0	0	0	122.17105007171631	34320	39775.16042613983	31911	7.019230769230774	
-2012815.707451038	112.45	10.3625	171.3375	107.0625	-40.78195154628702	429	488	182	15	288	177	60	9	106	68	0	0	84.19728660583496	34400	39859.35771274567	31987	7.014534883720941	
-1375225.5179573784	115.25	10.705128205128204	189.73076923076923	117.84615384615384	-40.78195154628702	430	490	258	16.0	506.0	303.0	24	9.0	114.0	72.0	0	0	118.86304640769958	34480	39978.220759153366	32061	7.01566125290023	
-1625424.439246454	108.325	10.30379746835443	164.9746835443038	103.22784810126582	-40.78195154628702	431	491	180	14.0	313.0	193.0	29	9.0	114.0	73.0	0	0	75.77443051338196	34560	40053.99518966675	32136	7.013888888888886	
-1975292.7518813969	105.6625	10.15	167.675	104.9625	-40.78195154628702	432	491	153	15	261	170	47	7	74	48	0	0	78.71057343482971	34640	40132.70576310158	32212	7.00923787528869	
-1787907.453575682	105.6	10.405063291139241	171.8987341772152	107.31645569620254	-40.78195154628702	433	492	170	15.0	324.0	200.0	30	8.0	101.0	65.0	0	0	72.53792548179626	34720	40205.243688583374	32285	7.013248847926263	
-1862797.309879259	107.2125	10.265822784810126	174.7594936708861	108.9873417721519	-40.78195154628702	434	493	190	15.0	335.0	203.0	10	8.0	111.0	70.0	0	0	86.85420274734497	34800	40292.09789133072	32359	7.014367816091948	
-1725398.29894735	102.225	10.275	167.775	104.9	-40.78195154628702	435	493	175	15	506	303	25	8	93	60	0	0	88.17982888221741	34880	40380.27772021294	32434	7.012614678899084	
-1475392.4286858102	101.825	10.116883116883116	165.58441558441558	103.48051948051948	-40.78195154628702	436	496	188	14.0	271.0	169.0	25	8.0	95.0	61.0	0	0	77.58266639709473	34960	40457.86038661003	32507	7.016590389016017	
-1425253.8086765034	101.725	10.175	173.1875	108.1	-40.78195154628702	437	496	156	14	291	176	44	9	125	81	0	0	84.31976008415222	35040	40542.18014669418	32581	7.017694063926939	
-1612816.4827766696	101.4375	10.518987341772151	182.26582278481013	113.48101265822785	-40.78195154628702	438	497	183	16.0	319.0	198.0	17	9.0	115.0	73.0	0	0	101.37129664421082	35120	40643.551443338394	32656	7.01594533029612	
-2275434.411809427	95.9	10.38961038961039	176.84415584415584	110.6103896103896	-40.78195154628702	439	500	179	16.0	333.0	203.0	21	9.0	88.0	57.0	0	0	84.3245096206665	35200	40727.87595295906	32728	7.022727272727266	
-1937884.7718409249	98.3375	10.582278481012658	181.37974683544303	113.12658227848101	-40.75148713160317	440	501	179	18.0	506.0	303.0	31	9.0	88.0	57.0	0	0	99.13739848136902	35280	40827.01335144043	32800	7.02947845804988	
-2037772.7130257278	99.1125	10.25974025974026	167.88311688311688	105.05194805194805	-40.75148713160317	441	504	160	15.0	318.0	198.0	40	8.0	88.0	57.0	0	0	78.88789486885071	35360	40905.90124630928	32873	7.033371040723978	
-1837834.3801450834	100.0375	10.155844155844155	177.55844155844156	110.83116883116882	-40.75148713160317	442	507	161	15.0	409.0	255.0	39	8.0	88.0	57.0	0	0	85.03940963745117	35440	40990.94065594673	32946	7.037246049661391	
-2287705.017602045	100.7125	10.168831168831169	175.46753246753246	109.49350649350649	-40.75148713160317	443	510	172	14.0	476.0	289.0	31	8.0	93.0	60.0	0	0	89.39016628265381	35520	41080.330822229385	33018	7.043918918918919	
-2200325.1279810127	103.45	10.166666666666666	167.1153846153846	104.61538461538461	-40.75148713160317	444	512	173	16.0	337.0	207.0	27	7.0	74.0	48.0	0	0	76.94255518913269	35600	41157.27337741852	33091	7.047752808988761	
-2537812.4830838973	100.775	10.3125	179.125	112.075	-40.75148713160317	445	512	166	15	514	317	46	8	102	66	0	0	82.15234112739563	35680	41239.425718545914	33167	7.043161434977577	
-2025366.0486543614	100.7	10.367088607594937	183.9367088607595	114.54430379746836	-40.75148713160317	446	513	149	14.0	506.0	303.0	48	8.0	90.0	58.0	0	0	111.62125778198242	35760	41351.046976327896	33242	7.041387024608497	
-1662781.8666628017	102.075	10.102564102564102	177.97435897435898	110.88461538461539	-40.75148713160317	447	515	177	14.0	312.0	192.0	35	8.0	101.0	65.0	0	0	81.05454134941101	35840	41432.10151767731	33316	7.042410714285722	
-2450246.123860035	99.175	10.1125	165.5	103.4	-40.75148713160317	448	515	147	14	299	184	53	8	90	58	0	0	76.44071173667908	35920	41508.542229413986	33390	7.043429844097986	
-2037777.4111282728	100.0875	10.164556962025317	171.13924050632912	106.69620253164557	-40.75148713160317	449	516	199	14.0	273.0	168.0	24	9.0	109.0	70.0	0	0	75.31480145454407	36000	41583.85703086853	33465	7.041666666666671	
-1962868.9924534932	103.25	10.151898734177216	164.9873417721519	103.0632911392405	-40.75148713160317	450	517	199	14.0	311.0	192.0	52	8.0	96.0	62.0	0	0	75.28816032409668	36080	41659.14519119263	33540	7.0399113082039975	
-1750371.1975398525	106.85	10.0	161.4	101.025	-40.75148713160317	451	517	199	14	297	181	54	9	111	70	0	0	76.35551261901855	36160	41735.500703811646	33615	7.038163716814154	
-1775290.55977691	100.6875	10.35	168.85	105.6375	-40.75148713160317	452	517	143	15	325	198	57	7	74	48	0	0	81.01581859588623	36240	41816.51652240753	33691	7.033664459161145	
-2037745.8045715212	100.0	10.4	177.6625	110.8125	-40.75148713160317	453	517	139	14	325	201	61	9	85	55	0	0	95.94655084609985	36320	41912.46307325363	33767	7.029185022026425	
-2112900.33398992	100.0	10.265822784810126	172.9873417721519	108.0632911392405	-40.75148713160317	454	518	167	14.0	295.0	185.0	12	9.0	85.0	55.0	0	0	84.96714067459106	36400	41997.43021392822	33842	7.027472527472526	
-1887739.9222189083	100.575	10.371794871794872	182.10256410256412	113.21794871794872	-40.75148713160317	455	520	177	14.0	506.0	303.0	23	9.0	93.0	60.0	0	0	114.75909662246704	36480	42112.18931055069	33916	7.028508771929822	
-2200319.7121079303	102.9	10.15	168.7	105.3375	-40.75148713160317	456	520	139	15	407	248	71	8	85	55	0	0	84.80873465538025	36560	42196.99804520607	33992	7.02407002188184	
-2437824.6954877484	106.15	10.253164556962025	176.45569620253164	110.0506329113924	-40.75148713160317	457	521	173	14.0	506.0	303.0	27	8.0	85.0	55.0	0	0	102.56906342506409	36640	42299.567108631134	34067	7.022379912663752	
-1875310.1175989353	103.375	10.30379746835443	181.15189873417722	112.83544303797468	-40.75148713160317	458	522	220	16.0	423.0	264.0	19	8.0	101.0	65.0	0	0	94.33305215835571	36720	42393.90016078949	34142	7.020697167755998	
-1737755.8512959562	101.4125	10.075949367088608	165.83544303797467	103.56962025316456	-40.75148713160317	459	523	139	14.0	294.0	179.0	66	9.0	85.0	55.0	0	0	83.54204940795898	36800	42477.44221019745	34217	7.019021739130437	
-2450327.089066281	100.0125	10.30379746835443	161.56962025316454	101.26582278481013	-40.75148713160317	460	524	182	14.0	295.0	186.0	18	8.0	82.0	53.0	0	0	76.8978180885315	36880	42554.34002828598	34292	7.017353579175705	
-1850233.2034439668	99.7125	10.371794871794872	173.5	108.33333333333333	-40.75148713160317	461	526	182	15.0	304.0	186.0	18	8.0	98.0	63.0	0	0	78.73691892623901	36960	42633.07694721222	34366	7.018398268398272	
-1850464.3886780445	98.8125	10.243589743589743	161.94871794871796	101.12820512820512	-40.75148713160317	462	528	171	15.0	361.0	223.0	18	9.0	85.0	55.0	0	0	71.77548694610596	37040	42704.852434158325	34438	7.024838012958966	
-1925364.5764773884	99.825	10.1875	172.0625	107.4375	-40.75148713160317	463	528	146	15	288	180	54	9	101	65	0	0	70.91418814659119	37120	42775.76662230492	34513	7.0231681034482705	
-1387786.0082531841	101.85	10.240506329113924	177.91139240506328	110.84810126582279	-40.75148713160317	464	529	193	14.0	492.0	303.0	19	9.0	114.0	72.0	0	0	85.0013313293457	37200	42860.76795363426	34588	7.021505376344081	
-2325372.062752864	102.8875	10.417721518987342	178.62025316455697	111.16455696202532	-40.75148713160317	465	530	171	15.0	506.0	303.0	29	8.0	95.0	61.0	0	0	95.81748628616333	37280	42956.585439920425	34663	7.019849785407729	
-2312861.088166701	100.6875	10.126582278481013	168.1012658227848	104.9493670886076	-40.75148713160317	466	531	149	15.0	317.0	193.0	51	8.0	90.0	58.0	0	0	78.8416817188263	37360	43035.42712163925	34737	7.020877944325477	
-1425313.6553995656	99.4375	10.05	166.3625	103.8125	-40.75148713160317	467	531	149	15	311	190	67	8	85	55	0	0	76.56758403778076	37440	43111.99470567703	34813	7.01655982905983	
-1937794.371235223	97.8125	9.974683544303797	162.8987341772152	101.86075949367088	-40.75148713160317	468	532	157	15.0	294.0	179.0	23	8.0	85.0	55.0	0	0	66.96427798271179	37520	43178.958983659744	34885	7.022921108742011	
-2362801.4515874	100.5	9.9375	157.2875	98.5375	-40.75148713160317	469	532	150	14	277	170	50	8	85	55	0	0	71.11753821372986	37600	43250.076521873474	34961	7.018617021276597	
-2262828.4072568296	100.125	10.115384615384615	172.26923076923077	107.3974358974359	-40.75148713160317	470	534	151	14.0	304.0	184.0	49	8.0	99.0	64.0	0	0	74.89629530906677	37680	43324.97281718254	35034	7.022292993630572	
-2325252.139026108	100.8625	10.126582278481013	171.58227848101265	106.9113924050633	-40.75148713160317	471	535	154	14.0	316.0	195.0	48	9.0	93.0	60.0	0	0	80.14786005020142	37760	43405.12067723274	35109	7.02065677966101	
-2187827.0705603203	102.4625	10.384615384615385	182.07692307692307	113.61538461538461	-40.75148713160317	472	537	185	15.0	338.0	208.0	23	9.0	97.0	63.0	0	0	90.47120070457458	37840	43495.59187793732	35182	7.024312896405917	
-2425232.134504074	97.225	10.142857142857142	177.3896103896104	110.53246753246754	-40.75148713160317	473	540	154	14.0	506.0	303.0	23	9.0	114.0	72.0	0	0	86.1633231639862	37920	43581.7552011013	35255	7.027953586497887	
-2250246.9932109574	99.9375	10.240506329113924	174.22784810126583	108.87341772151899	-40.75148713160317	474	541	148	14.0	314.0	192.0	47	9.0	101.0	65.0	0	0	88.07666516304016	38000	43669.83186626434	35330	7.026315789473685	
-2000348.0725127398	100.0	10.1625	172.6625	107.6375	-40.75148713160317	475	541	138	14	282	173	62	9	99	64	0	0	86.70976758003235	38080	43756.541633844376	35406	7.022058823529406	
-1637903.944219203	98.725	9.884615384615385	173.1153846153846	107.82051282051282	-40.75148713160317	476	543	151	14.0	506.0	303.0	36	8.0	85.0	55.0	0	0	91.84202122688293	38160	43848.38365507126	35479	7.025681341719078	
-2375336.262448644	98.725	10.266666666666667	172.66666666666666	107.50666666666666	-40.75148713160317	477	548	176	14.0	324.0	197.0	24	8.0	85.0	55.0	0	0	75.93926978111267	38240	43924.32292485237	35549	7.0371338912133865	
-2462822.9116288503	101.75	10.253164556962025	172.53164556962025	107.70886075949367	-40.75148713160317	478	549	162	15.0	327.0	202.0	25	8.0	82.0	53.0	0	0	84.46742129325867	38320	44008.79034614563	35624	7.035490605427981	
-2025506.5317441295	101.2	10.063291139240507	167.46835443037975	104.53164556962025	-40.75148713160317	479	550	156	14.0	317.0	194.0	52	8.0	99.0	64.0	0	0	73.06331419944763	38400	44081.85366034508	35699	7.033854166666657	
-1700340.5492102697	104.85	10.175	169.9375	106.125	-40.75148713160317	480	550	156	15	378	231	52	8	79	51	0	0	75.92591714859009	38480	44157.77957749367	35775	7.029625779625775	
-1975210.129897169	99.2875	10.1375	159.8375	100.025	-40.75148713160317	481	550	120	14	259	158	80	9	119	76	0	0	71.01066517829895	38560	44228.79024267197	35850	7.028008298755182	
-2425242.878094262	99.925	10.544303797468354	174.44303797468353	109.0	-40.75148713160317	482	551	184	15.0	506.0	303.0	16	9.0	85.0	55.0	0	0	80.93939328193665	38640	44309.7296359539	35925	7.026397515527947	
-1475301.5228120978	99.3375	10.371794871794872	178.71794871794873	111.17948717948718	-40.75148713160317	483	553	165	16.0	310.0	188.0	28	9.0	114.0	72.0	0	0	89.23097896575928	38720	44398.96061491966	35998	7.029958677685954	
-1500334.5669700212	100.6375	10.126582278481013	175.0759493670886	108.9493670886076	-40.75148713160317	484	554	154	14.0	456.0	280.0	46	8.0	85.0	55.0	0	0	85.18791723251343	38800	44484.148532152176	36072	7.030927835051543	
-2525285.582267431	101.1125	10.240506329113924	176.51898734177215	110.0632911392405	-40.75148713160317	485	555	183	15.0	326.0	202.0	17	8.0	108.0	70.0	0	0	87.68917512893677	38880	44571.83770728111	36146	7.031893004115233	
-1975263.8029136576	99.1	10.151898734177216	167.73417721518987	104.78481012658227	-40.75148713160317	486	556	186	14.0	368.0	223.0	14	9.0	114.0	72.0	0	0	81.37186050415039	38960	44653.20956778526	36221	7.030287474332653	
-2512884.281010968	99.5625	9.9875	164.3125	102.6	-40.75148713160317	487	556	152	12	304	184	45	8	85	55	0	0	77.32457709312439	39040	44730.53414487839	36296	7.028688524590166	
-2187890.9872533665	99.5625	10.2875	178.1375	111.025	-40.75148713160317	488	556	146	15	407	248	54	8	101	65	0	0	82.06919932365417	39120	44812.60334420204	36371	7.0270961145194235	
-1962842.1589448124	100.1625	10.177215189873417	173.18987341772151	107.69620253164557	-40.75148713160317	489	557	170	18.0	342.0	207.0	30	8.0	87.0	56.0	0	0	85.12139797210693	39200	44897.72474217415	36446	7.025510204081627	
-1612823.9659980885	100.0	10.2125	179.0375	111.25	-40.75148713160317	490	557	138	14	347	212	62	8	87	56	0	0	87.14019632339478	39280	44984.86493849754	36522	7.021384928716898	
-1900219.4133984186	100.05	10.038461538461538	163.46153846153845	101.94871794871794	-40.75148713160317	491	559	147	14.0	324.0	200.0	53	8.0	85.0	55.0	0	0	66.22386360168457	39360	45051.08880209923	36592	7.032520325203251	
-2112849.6129882676	101.8	10.2125	165.8	103.475	-40.75148713160317	492	559	161	14	300	183	39	8	85	55	0	0	82.62904691696167	39440	45133.71784901619	36668	7.028397565922916	
-1562804.6267748722	99.1	10.1625	164.9625	103.0	-40.75148713160317	493	559	141	15	303	185	39	8	85	55	0	0	74.6426215171814	39520	45208.36047053337	36743	7.0268218623481715	
-2887880.82933328	99.8625	10.275	176.075	109.8	-40.75148713160317	494	559	162	16	506	303	38	8	85	55	0	0	102.12645697593689	39600	45310.48692750931	36817	7.0277777777777715	
-2212753.377148619	102.325	10.1875	171.2	106.7375	-40.75148713160317	495	559	156	14	277	170	44	9	111	70	0	0	87.1343879699707	39680	45397.62131547928	36893	7.023689516129025	
-2812754.922040697	101.925	10.602564102564102	184.57692307692307	115.05128205128206	-40.75148713160317	496	561	195	14.0	303.0	186.0	44	8.0	85.0	55.0	0	0	93.59993124008179	39760	45491.22124671936	36966	7.0271629778672065	
-2325293.0606171186	99.6	10.2875	167.4375	104.65	-40.75148713160317	497	561	129	14	294	179	60	9	108	70	0	0	81.6553099155426	39840	45572.8765566349	37042	7.023092369477908	
-2437817.319743247	99.95	10.662337662337663	177.64935064935065	111.0	-40.75148713160317	498	564	187	15.0	325.0	201.0	31	7.0	74.0	48.0	0	0	86.81026840209961	39920	45659.686825037	37115	7.0265531062124325	
-1712830.7807378315	97.225	10.367088607594937	177.21518987341773	110.41772151898734	-40.75148713160317	499	565	145	14.0	310.0	192.0	55	8.0	85.0	55.0	0	0	83.62902808189392	40000	45743.3158531189	37188	7.030000000000001	
-1975299.8833299775	97.9625	10.544303797468354	176.58227848101265	110.30379746835443	-40.75148713160317	500	566	148	18.0	348.0	212.0	52	8.0	85.0	55.0	0	0	95.031653881073	40080	45838.34750699997	37263	7.028443113772454	
-1287861.5769793116	96.975	10.064102564102564	162.80769230769232	101.88461538461539	-40.75148713160317	501	568	165	12.0	327.0	207.0	35	9.0	85.0	55.0	0	0	79.35975790023804	40160	45917.70726490021	37336	7.031872509960152	
-1662913.50610365	99.4	10.265822784810126	167.51898734177215	104.74683544303798	-40.75148713160317	502	569	147	18.0	307.0	193.0	53	7.0	74.0	48.0	0	0	82.65215969085693	40240	46000.359424591064	37410	7.032803180914513	
-1375290.5712754452	96.5	10.26923076923077	173.71794871794873	108.3974358974359	-40.75148713160317	503	571	153	15.0	324.0	199.0	39	8.0	85.0	55.0	0	0	86.78478908538818	40320	46087.14421367645	37484	7.033730158730151	
-2187789.6601554113	98.375	10.2875	178.175	111.0	-40.75148713160317	504	571	156	15	506	303	44	8	85	55	0	0	91.65474605560303	40400	46178.798959732056	37560	7.0297029702970235	
-2587750.7763506724	99.5625	10.1875	162.05	101.4375	-40.75148713160317	505	571	139	14	307	196	61	8	85	55	0	0	72.3595883846283	40480	46251.158548116684	37636	7.025691699604735	
-2037803.366629253	99.5625	10.294871794871796	160.62820512820514	100.66666666666667	-40.75148713160317	506	573	168	17.0	311.0	197.0	32	7.0	74.0	48.0	0	0	75.58256912231445	40560	46326.741117239	37709	7.029092702169621	
-1612927.6258598561	100.15	10.025316455696203	166.873417721519	104.0632911392405	-40.75148713160317	507	574	157	15.0	294.0	179.0	50	7.0	74.0	48.0	0	0	83.88342046737671	40640	46410.624537706375	37784	7.027559055118118	
-2162868.470370516	101.2625	10.10126582278481	170.18987341772151	106.0506329113924	-40.75148713160317	508	575	161	14.0	280.0	173.0	39	7.0	74.0	48.0	0	0	82.07376885414124	40720	46492.698306560516	37858	7.028487229862478	
-2350259.4065840123	101.3875	10.0875	166.3	103.725	-40.75148713160317	509	575	146	15	388	238	54	8	85	55	0	0	84.60784673690796	40800	46577.306153297424	37934	7.0245098039215605	
-2300455.8935431815	103.2125	9.9	167.975	104.675	-40.75148713160317	510	575	156	13	294	186	57	8	114	72	0	0	93.09083700180054	40880	46670.396990299225	38010	7.020547945205479	
-2312779.9705654345	102.8875	10.08860759493671	176.873417721519	109.9620253164557	-40.75148713160317	511	576	140	14.0	335.0	203.0	60	9.0	85.0	55.0	0	0	89.08450865745544	40960	46759.48149895668	38085	7.01904296875	
-2450446.0358102755	104.0125	9.9875	165.375	103.25	-40.75148713160317	512	576	159	14	298	183	66	9	85	55	0	0	78.06590104103088	41040	46837.54739999771	38161	7.015107212475641	
-2237898.2766541447	102.6875	10.1125	165.1	103.2375	-40.75148713160317	513	576	137	14	291	180	63	8	114	72	0	0	79.5656328201294	41120	46917.11303281784	38236	7.0136186770428	
-2150395.3366360823	102.4	10.15	177.65	110.65	-40.75148713160317	514	576	164	14	506	303	36	8	85	55	0	0	97.02498054504395	41200	47014.138013362885	38312	7.009708737864074	
-2425238.4425185844	105.0	10.0	166.8860759493671	104.15189873417721	-40.75148713160317	515	577	159	14.0	292.0	179.0	41	8.0	113.0	73.0	0	0	74.23812007904053	41280	47088.376133441925	38385	7.0130813953488484	
-1587828.394446326	106.4625	10.15	168.275	105.1625	-40.75148713160317	516	577	168	16	361	224	57	8	85	55	0	0	72.14984345436096	41360	47160.525976896286	38460	7.011605415860728	
-2587904.781200642	105.15	10.265822784810126	181.58227848101265	112.9873417721519	-40.75148713160317	517	578	168	15.0	506.0	303.0	54	8.0	85.0	55.0	0	0	108.5254430770874	41440	47269.05141997337	38535	7.01013513513513	
-2025338.423505138	102.475	10.1125	170.35	106.1875	-40.75148713160317	518	578	166	14	341	210	48	8	85	55	0	0	88.09606885910034	41520	47357.147488832474	38610	7.00867052023122	
-2475397.0526520945	101.85	10.291139240506329	170.46835443037975	106.34177215189874	-40.75148713160317	519	579	166	14.0	506.0	303.0	55	8.0	101.0	65.0	0	0	85.55851984024048	41600	47442.706008672714	38684	7.009615384615387	
-2825275.512812948	101.6625	10.0	162.126582278481	101.41772151898734	-40.75148713160317	520	580	173	12.0	271.0	166.0	27	9.0	85.0	55.0	0	0	71.30730485916138	41680	47514.013313531876	38758	7.010556621881008	
-2512817.2486896166	101.425	10.025316455696203	164.72151898734177	103.11392405063292	-40.75148713160317	521	581	170	14.0	281.0	173.0	44	8.0	91.0	59.0	0	0	77.81765818595886	41760	47591.830971717834	38831	7.013888888888886	
-2337811.687588066	100.4625	10.2375	173.7125	108.3625	-40.75148713160317	522	581	156	14	311	190	65	9	91	59	0	0	88.82490468025208	41840	47680.65587639809	38906	7.012428298279161	
-2100311.303089482	99.5125	10.30379746835443	168.84810126582278	105.49367088607595	-40.75148713160317	523	582	175	14.0	301.0	184.0	25	8.0	107.0	69.0	0	0	79.27127814292908	41920	47759.927154541016	38980	7.013358778625957	
-1750320.193044832	100.2375	10.0875	161.575	101.2875	-40.75148713160317	524	582	150	14	254	155	50	7	82	53	0	0	68.60962915420532	42000	47828.53678369522	39055	7.011904761904759	
-3100420.186468494	100.175	10.25	170.275	106.45	-40.75148713160317	525	582	136	15	506	303	64	7	84	54	0	0	84.21576881408691	42080	47912.75255250931	39131	7.008079847908746	
-1862968.7801767744	100.55	10.325	166.4875	104.2375	-40.75148713160317	526	582	142	15	348	217	58	8	87	56	0	0	74.60099506378174	42160	47987.35354757309	39207	7.004269449715366	
-2375424.0986939864	101.0	10.075949367088608	164.9367088607595	103.0632911392405	-40.75148713160317	527	583	176	14.0	292.0	179.0	24	8.0	85.0	55.0	0	0	80.02441763877869	42240	48067.37796521187	39282	7.0028409090909065	
-1975322.6342176467	100.825	10.3	172.4625	107.5875	-40.75148713160317	528	583	157	15	315	193	61	9	114	74	0	0	83.09248352050781	42320	48150.470448732376	39357	7.001417769376189	
-1737796.6416196853	101.05	10.075	167.775	104.8125	-40.75148713160317	529	583	165	15	368	225	62	9	93	60	0	0	89.47952580451965	42400	48239.949974536896	39433	6.9976415094339615	
-1700373.7758345963	99.075	10.233766233766234	160.96103896103895	100.85714285714286	-40.75148713160317	530	586	146	15.0	254.0	155.0	40	8.0	92.0	59.0	0	0	72.45051574707031	42480	48312.400490283966	39506	7.000941619585689	
-2437761.4490119303	101.775	10.139240506329115	164.30379746835442	102.83544303797468	-40.75148713160317	531	587	158	14.0	351.0	217.0	42	8.0	92.0	59.0	0	0	84.6725025177002	42560	48397.072992801666	39581	6.9995300751879626	
-1600369.263180405	103.4375	10.3125	178.5	111.0375	-40.75148713160317	532	587	155	16	506	303	64	8	82	53	0	0	100.14466428756714	42640	48497.21765708923	39657	6.995778611632275	
-1700281.1982155435	110.95	10.1125	177.2625	110.4625	-40.75148713160317	533	587	168	14	335	207	78	8	105	68	0	0	86.76235747337341	42720	48583.98001456261	39733	6.99204119850188	
-1775298.7326450192	106.925	10.1125	172.9	107.7	-40.75148713160317	534	587	166	15	304	187	46	9	109	70	0	0	84.8367555141449	42800	48668.81677007675	39808	6.99065420560747	
-1462941.0323748922	105.825	10.256410256410257	172.57692307692307	107.74358974358974	-40.75148713160317	535	589	160	15.0	304.0	186.0	43	8.0	107.0	69.0	0	0	77.87753224372864	42880	48746.69430232048	39879	6.998600746268664	
-2300287.050109	107.5125	10.1375	170.125	106.175	-40.75148713160317	536	589	160	15	314	192	64	8	85	55	0	0	87.85904669761658	42960	48834.5533490181	39954	6.997206703910621	
-2150249.083066078	103.425	10.063291139240507	171.0126582278481	106.59493670886076	-40.75148713160317	537	590	174	14.0	319.0	197.0	26	8.0	84.0	54.0	0	0	82.97393083572388	43040	48917.52727985382	40029	6.995817843866163	
-2375330.116825217	104.6375	9.85	165.65	103.5125	-40.75148713160317	538	590	173	14	270	165	36	8	85	55	0	0	81.67425990104675	43120	48999.20153975487	40104	6.994434137291279	
-2225224.812343921	110.2	9.948717948717949	166.10256410256412	103.74358974358974	-40.75148713160317	539	592	176	14.0	323.0	200.0	24	8.0	87.0	56.0	0	0	74.55688095092773	43200	49073.758420705795	40178	6.995370370370367	
-1837856.2543862946	105.225	10.102564102564102	161.67948717948718	101.08974358974359	-40.75148713160317	540	594	231	15.0	317.0	194.0	30	7.0	82.0	53.0	0	0	70.15542578697205	43280	49143.91384649277	40252	6.996303142329026	
-2762842.232868593	100.0	10.164556962025317	173.41772151898735	107.9620253164557	-40.75148713160317	541	595	154	14.0	506.0	303.0	46	8.0	89.0	58.0	0	0	106.6079170703888	43360	49250.521763563156	40327	6.994926199261997	
-2250329.7381745293	98.85	10.139240506329115	172.63291139240508	107.48101265822785	-40.75148713160317	542	596	161	14.0	304.0	184.0	39	8.0	88.0	57.0	0	0	82.40929436683655	43440	49332.93105792999	40400	6.998158379373848	
-2125289.0973841697	100.5625	9.8875	166.9125	104.1125	-40.75148713160317	543	596	143	12	274	169	68	8	84	54	0	0	88.29632902145386	43520	49421.22738695145	40476	6.994485294117652	
-2037918.67806639	99.9	10.177215189873417	169.9367088607595	106.0379746835443	-40.75148713160317	544	597	155	19.0	283.0	178.0	41	8.0	84.0	54.0	0	0	87.01419115066528	43600	49508.24157810211	40551	6.9931192660550465	
-2312812.062555502	99.9875	10.205128205128204	166.5897435897436	104.16666666666667	-40.75148713160317	545	599	161	14.0	302.0	188.0	39	9.0	101.0	65.0	0	0	74.1918351650238	43680	49582.433413267136	40624	6.996336996336993	
-1975292.144942838	100.6375	10.179487179487179	174.89743589743588	108.8076923076923	-40.74913934354878	546	601	153	14.0	290.0	180.0	47	8.0	79.0	51.0	0	0	79.25963521003723	43760	49661.69304847717	40697	6.999542961608768	
-1837902.0950441747	100.9	10.225	181.1375	112.6	-40.74913934354878	547	601	153	14	506	303	66	8	85	55	0	0	115.0754337310791	43840	49776.76848220825	40773	6.995894160583944	
-1837861.3287750413	100.825	10.125	165.0375	103.225	-40.74913934354878	548	601	164	16	330	204	36	7	82	53	0	0	81.42206764221191	43920	49858.190549850464	40849	6.992258652094719	
-2175223.241659932	101.9	9.987012987012987	183.16883116883116	113.75324675324676	-40.74913934354878	549	604	190	12.0	365.0	225.0	44	7.0	82.0	53.0	0	0	95.65087008476257	44000	49953.84141993523	40921	6.997727272727275	
-2037774.0700800463	101.2	10.4	176.75	110.2	-40.74913934354878	550	604	170	14	506	303	30	7	82	53	0	0	95.69980096817017	44080	50049.5412209034	40996	6.996370235934663	
-2625337.410744944	102.5125	9.9375	167.2375	104.1125	-40.72311105896919	551	604	170	14	294	181	44	7	82	53	0	0	86.83037614822388	44160	50136.37159705162	41071	6.995018115942031	
-2137877.769573176	100.55	9.8625	161.7625	101.0125	-40.72311105896919	552	604	149	14	301	186	61	7	82	53	0	0	81.66107273101807	44240	50218.03266978264	41146	6.993670886075947	
-1962838.8297828785	103.9875	9.8875	161.6875	101.2125	-40.72311105896919	553	604	149	14	330	204	65	7	82	53	0	0	84.23719334602356	44320	50302.26986312866	41221	6.99232851985559	
-1537833.6587362923	100.7875	9.9625	155.5	97.4625	-40.72311105896919	554	604	149	16	280	176	51	7	82	53	0	0	80.91461563110352	44400	50383.184478759766	41295	6.993243243243242	
-1212870.3155263544	100.175	10.375	171.0375	106.9125	-40.72311105896919	555	604	149	15	327	201	58	7	79	51	0	0	82.30681991577148	44480	50465.49129867554	41370	6.991906474820141	
-1825249.7837086604	102.725	10.666666666666666	178.8846153846154	111.83333333333333	-40.72311105896919	556	606	170	17.0	387.0	238.0	15	8.0	79.0	51.0	0	0	76.76174092292786	44560	50542.253039598465	41443	6.995062836624783	
-1762905.4296578183	100.35	10.371794871794872	175.57692307692307	109.82051282051282	-40.72311105896919	557	608	149	18.0	476.0	297.0	15	8.0	79.0	51.0	0	0	74.48151683807373	44640	50616.73455643654	41517	6.9959677419354875	
-2500320.199888087	100.2625	10.30379746835443	170.1012658227848	106.30379746835443	-40.72311105896919	558	609	160	16.0	322.0	197.0	41	9.0	85.0	55.0	0	0	81.99591612815857	44720	50698.7304725647	41591	6.996869409660107	
-1775255.6206304957	99.1625	10.379746835443038	179.44303797468353	111.89873417721519	-40.72311105896919	559	610	175	15.0	310.0	191.0	25	8.0	88.0	57.0	0	0	85.9446439743042	44800	50784.675116539	41666	6.995535714285722	
-1925360.2038356226	99.5125	10.45	189.625	118.15	-40.72311105896919	560	610	135	15	318	195	65	8	80	52	0	0	90.16969680786133	44880	50874.84481334686	41741	6.994206773618544	
-2375317.9519090843	98.0875	10.153846153846153	177.24358974358975	110.47435897435898	-40.72311105896919	561	612	162	14.0	329.0	202.0	38	8.0	80.0	52.0	0	0	93.16043710708618	44960	50968.00525045395	41815	6.995106761565836	
-1337748.2393623688	97.7625	10.025641025641026	167.67948717948718	104.88461538461539	-40.72311105896919	562	614	135	14.0	305.0	185.0	65	8.0	80.0	52.0	0	0	81.55606317520142	45040	51049.56131362915	41888	6.99822380106572	
-1975293.9871515755	101.325	10.60759493670886	179.1772151898734	111.68354430379746	-40.72311105896919	563	615	165	18.0	370.0	228.0	35	9.0	102.0	66.0	0	0	88.9157543182373	45120	51138.47706794739	41963	6.996897163120565	
-1275344.2038058117	105.0625	10.2	162.4625	101.5125	-40.72311105896919	564	615	140	14	303	188	60	9	100	65	0	0	77.1959159374237	45200	51215.67298388481	42039	6.993362831858406	
-1687837.3959269007	104.875	10.556962025316455	180.0506329113924	112.29113924050633	-40.72311105896919	565	616	157	15.0	506.0	303.0	43	9.0	112.0	71.0	0	0	89.66429495811462	45280	51305.337278842926	42114	6.99204946996467	
-1787907.7577122166	105.35	10.683544303797468	184.0759493670886	114.74683544303798	-40.72311105896919	566	617	180	16.0	488.0	303.0	20	9.0	100.0	65.0	0	0	87.62939405441284	45360	51392.96667289734	42188	6.992945326278658	
-1437774.6631146881	106.725	10.2625	175.825	109.6	-40.72311105896919	567	617	207	15	367	225	53	9	108	70	0	0	88.16316723823547	45440	51481.129840135574	42264	6.989436619718319	
-2025334.2724937748	101.575	10.443037974683545	185.63291139240508	115.79746835443038	-40.72311105896919	568	618	167	15.0	386.0	238.0	53	8.0	88.0	57.0	0	0	95.17556262016296	45520	51576.30540275574	42339	6.988137082601057	
-2200271.6005524504	101.7125	10.240506329113924	173.0126582278481	108.0886075949367	-40.72311105896919	569	619	167	15.0	392.0	242.0	36	9.0	108.0	70.0	0	0	82.94098329544067	45600	51659.24638605118	42414	6.986842105263165	
-2075285.5891598493	104.025	10.397435897435898	178.55128205128204	111.53846153846153	-40.72311105896919	570	621	177	20.0	434.0	269.0	35	8.0	101.0	65.0	0	0	89.31142139434814	45680	51748.557807445526	42488	6.987740805604204	
-2462830.629648868	104.025	10.582278481012658	180.1012658227848	112.59493670886076	-40.72311105896919	571	622	177	17.0	381.0	234.0	54	8.0	96.0	62.0	0	0	90.38523507118225	45760	51838.94304251671	42563	6.986451048951054	
-2550321.5098956926	106.1625	10.275	169.625	106.0625	-40.72311105896919	572	622	157	15	301	182	43	8	103	66	0	0	78.24780893325806	45840	51917.19085144997	42636	6.989528795811523	
-1937777.187332057	104.7875	10.225	177.1625	110.275	-40.72311105896919	573	622	152	14	301	182	48	8	99	64	0	0	81.24898886680603	45920	51998.43984031677	42711	6.988240418118465	
-1737745.507377363	104.3125	10.316455696202532	173.29113924050634	108.15189873417721	-40.72311105896919	574	623	224	14.0	309.0	190.0	11	8.0	99.0	64.0	0	0	82.48153257369995	46000	52080.92137289047	42786	6.986956521739131	
-1975311.5051245044	106.25	10.139240506329115	173.32911392405063	108.15189873417721	-40.72311105896919	575	624	231	13.0	548.0	335.0	30	8.0	91.0	59.0	0	0	91.34209537506104	46080	52172.26346826553	42861	6.985677083333329	
-1725320.2209721594	103.7375	10.379746835443038	180.9367088607595	112.75949367088607	-40.72311105896919	576	625	181	15.0	548.0	335.0	51	9.0	118.0	76.0	0	0	87.3644106388092	46160	52259.62787890434	42936	6.984402079722713	
-1787820.8604758405	101.025	10.525	179.3375	111.875	-40.722058172014584	577	625	140	16	330	204	62	9	128	81	0	0	88.12609529495239	46240	52347.753974199295	43012	6.98096885813149	
-2100224.490718079	99.75	10.594936708860759	184.9240506329114	115.27848101265823	-40.722058172014584	578	626	161	22.0	432.0	274.0	39	8.0	106.0	67.0	0	0	85.13951015472412	46320	52432.89348435402	43087	6.979706390328161	
-1625167.7689600387	100.5625	10.5	181.075	112.75	-40.722058172014584	579	626	144	15	384	235	56	9	114	72	0	0	91.08325266838074	46400	52523.9767370224	43163	6.9762931034482705	
-1712813.3802376278	100.55	10.342105263157896	167.97368421052633	105.09210526315789	-40.722058172014584	580	630	170	15.0	294.0	179.0	30	9.0	108.0	70.0	0	0	70.12156414985657	46480	52594.09830117226	43235	6.981497418244402	
-2400206.2305954383	98.1875	10.453333333333333	172.53333333333333	108.22666666666667	-40.722058172014584	581	635	139	18.0	376.0	240.0	51	9.0	107.0	69.0	0	0	71.79118514060974	46560	52665.889486312866	43306	6.988831615120276	
-1412800.5942663958	104.925	10.205128205128204	165.21794871794873	103.46153846153847	-40.722058172014584	582	637	161	14.0	306.0	187.0	43	9.0	106.0	67.0	0	0	71.29386687278748	46640	52737.183353185654	43380	6.989708404802741	
-1937946.0102527172	102.725	10.329113924050633	174.9240506329114	109.50632911392405	-40.722058172014584	583	638	172	16.0	385.0	235.0	28	9.0	102.0	66.0	0	0	80.95556402206421	46720	52818.13891720772	43455	6.9884417808219155	
-1762863.7404905532	101.525	10.265822784810126	165.83544303797467	103.87341772151899	-40.722058172014584	584	639	163	16.0	277.0	172.0	37	9.0	114.0	72.0	0	0	69.12606978416443	46800	52887.26498699188	43529	6.9893162393162385	
-2175183.4775609616	100.15	10.151898734177216	170.46835443037975	106.55696202531645	-40.722058172014584	585	640	129	14.0	336.0	203.0	68	8.0	87.0	56.0	0	0	75.72689127922058	46880	52962.9918782711	43602	6.992320819112635	
-1950202.234810466	99.4125	10.487179487179487	181.37179487179486	113.1025641025641	-40.722058172014584	586	642	149	15.0	370.0	225.0	51	8.0	92.0	59.0	0	0	83.34708404541016	46960	53046.33896231651	43676	6.993185689948888	
-1687801.2044112168	100.3	10.3625	178.9125	111.55	-40.722058172014584	587	642	149	15	359	220	76	9	93	60	0	0	87.37294173240662	47040	53133.71190404892	43752	6.989795918367349	
-2312802.796521927	99.975	10.2375	175.225	109.5625	-40.722058172014584	588	642	151	15	332	203	39	7	82	53	0	0	85.85739207267761	47120	53219.5692961216	43828	6.986417657045834	
-2037833.6852744326	97.95	10.441558441558442	179.7922077922078	112.14285714285714	-40.722058172014584	589	645	192	15.0	352.0	217.0	14	8.0	108.0	70.0	0	0	95.52472043037415	47200	53315.09401655197	43901	6.98940677966101	
-1637787.415881828	97.2875	10.116883116883116	169.5974025974026	106.05194805194805	-40.722058172014584	590	648	182	14.0	332.0	205.0	17	8.0	92.0	59.0	0	0	81.07667231559753	47280	53396.17068886757	43973	6.9945008460236835	
-1525300.7424877877	98.2	10.037974683544304	167.68354430379748	104.88607594936708	-40.722058172014584	591	649	164	15.0	320.0	197.0	31	7.0	82.0	53.0	0	0	76.80415153503418	47360	53472.9748404026	44048	6.993243243243242	
-2025335.7444596079	107.85	10.126582278481013	164.58227848101265	103.21518987341773	-40.722058172014584	592	650	227	15.0	307.0	189.0	34	8.0	87.0	56.0	0	0	73.32298922538757	47440	53546.29782962799	44123	6.991989881956158	
-2100256.961986958	101.125	10.192307692307692	171.62820512820514	107.03846153846153	-40.722058172014584	593	652	169	15.0	496.0	303.0	48	8.0	107.0	69.0	0	0	88.40857458114624	47520	53634.70640420914	44197	6.992845117845121	
-1987774.270718182	101.5	10.128205128205128	169.42307692307693	105.76923076923077	-40.722058172014584	594	654	179	15.0	338.0	206.0	3	8.0	103.0	67.0	0	0	74.83007431030273	47600	53709.53647851944	44270	6.995798319327733	
-1712750.946646589	97.4125	10.265822784810126	171.79746835443038	107.36708860759494	-40.722058172014584	595	655	209	15.0	335.0	207.0	26	8.0	101.0	65.0	0	0	75.8346619606018	47680	53785.37114048004	44344	6.996644295302019	
-1962744.7138292461	99.0125	10.075	164.5	102.8875	-40.722058172014584	596	655	188	15	292	178	43	8	93	60	0	0	73.38974356651306	47760	53858.760884046555	44420	6.993299832495808	
-2525274.2909780457	95.8875	10.487179487179487	177.26923076923077	110.87179487179488	-40.722058172014584	597	657	150	15.0	402.0	246.0	23	8.0	93.0	60.0	0	0	91.40638828277588	47840	53950.16727232933	44494	6.994147157190639	
-1750292.4035123542	98.1125	10.551282051282051	176.64102564102564	110.6025641025641	-40.722058172014584	598	659	149	15.0	346.0	215.0	51	8.0	119.0	75.0	0	0	77.96092462539673	47920	54028.12819695473	44567	6.997078464106849	
-2000333.1098202586	100.6625	10.58974358974359	184.26923076923077	115.1923076923077	-40.722058172014584	599	661	156	16.0	332.0	214.0	39	9.0	108.0	70.0	0	0	87.84597516059875	48000	54115.974172115326	44641	6.997916666666669	
-2850244.1769149387	98.725	10.474358974358974	185.06410256410257	115.53846153846153	-40.722058172014584	600	663	192	15.0	392.0	238.0	8	7.0	74.0	48.0	0	0	82.20217418670654	48080	54198.17634630203	44715	6.99875207986689	
-3325267.351912043	100.0125	10.41025641025641	180.17948717948718	112.61538461538461	-40.722058172014584	601	665	192	15.0	309.0	192.0	7	7.0	74.0	48.0	0	0	76.67184019088745	48160	54274.84818649292	44789	6.9995847176079735	
-2075279.1521364278	99.625	10.443037974683545	186.16455696202533	116.0	-40.722058172014584	602	666	192	17.0	518.0	317.0	33	9.0	114.0	72.0	0	0	84.07732367515564	48240	54358.925510168076	44860	7.0066334991708175	
-2350281.1969058537	100.3	10.430379746835444	186.0632911392405	115.9493670886076	-40.722058172014584	603	667	148	15.0	358.0	221.0	52	9.0	107.0	69.0	0	0	102.48814153671265	48320	54461.41365170479	44935	7.005380794701992	
-2187835.114539564	100.8625	10.6	183.575	114.75	-40.722058172014584	604	667	148	16	515	317	73	9	108	70	0	0	91.89813756942749	48400	54553.311789274216	45011	7.002066115702476	
-2012702.090932959	100.0	10.243589743589743	175.75641025641025	109.8076923076923	-40.722058172014584	605	669	155	16.0	320.0	197.0	45	9.0	109.0	71.0	0	0	76.56754946708679	48480	54629.8793387413	45084	7.004950495049499	
-2150299.1337493127	101.7125	10.126582278481013	170.1012658227848	106.37974683544304	-40.722058172014584	606	670	156	13.0	297.0	188.0	41	9.0	114.0	72.0	0	0	75.20108079910278	48560	54705.080419540405	45158	7.005766062602973	
-2612779.7914030594	102.35	10.177215189873417	172.1012658227848	107.58227848101266	-40.71877710335035	607	671	157	14.0	388.0	238.0	41	8.0	104.0	67.0	0	0	82.32904195785522	48640	54787.40946149826	45233	7.004523026315795	
-2187783.978074113	97.175	10.79746835443038	185.68354430379748	115.9113924050633	-40.71877710335035	608	672	134	18.0	370.0	237.0	41	8.0	104.0	67.0	0	0	78.55015707015991	48720	54865.95961856842	45307	7.005336617405575	
-2612775.490428875	99.6625	10.7375	190.3625	118.6	-40.71877710335035	609	672	140	17	486	303	60	8	92	59	0	0	93.60502004623413	48800	54959.564638614655	45383	7.002049180327873	
-2550277.132531851	98.75	10.291139240506329	172.83544303797467	108.0253164556962	-40.71877710335035	610	673	153	15.0	307.0	195.0	47	8.0	94.0	61.0	0	0	93.8662543296814	48880	55053.430892944336	45458	7.0008183306055685	
-2887754.1600492815	99.0	10.582278481012658	187.08860759493672	116.64556962025317	-40.71877710335035	611	674	157	14.0	389.0	238.0	43	8.0	108.0	70.0	0	0	86.92504549026489	48960	55140.3559384346	45531	7.003676470588232	
-2387838.4009526293	97.0625	10.525	178.8875	111.975	-40.71877710335035	612	674	145	16	377	236	55	8	82	53	0	0	92.00451588630676	49040	55232.36045432091	45607	7.000407830342581	
-1962790.8277540249	96.8375	10.474358974358974	176.5897435897436	110.47435897435898	-40.71877710335035	613	676	166	16.0	348.0	214.0	19	8.0	90.0	58.0	0	0	87.98507976531982	49120	55320.34553408623	45678	7.007328990228018	
-2275280.337670284	99.5	10.61038961038961	178.74025974025975	111.67532467532467	-40.71877710335035	614	679	163	17.0	329.0	202.0	57	9.0	114.0	72.0	0	0	76.07912373542786	49200	55396.424657821655	45751	7.010162601626007	
-2112712.4328058637	99.5375	10.278481012658228	166.1012658227848	104.07594936708861	-40.71877710335035	615	680	157	14.0	390.0	241.0	43	8.0	115.0	74.0	0	0	77.08640265464783	49280	55473.5110604763	45826	7.008928571428569	
-2825206.777857834	100.5625	10.632911392405063	172.78481012658227	108.55696202531645	-40.71877710335035	616	681	165	19.0	335.0	207.0	35	9.0	110.0	71.0	0	0	82.37842345237732	49360	55555.88948392868	45901	7.007698541329006	
-2775233.330017445	101.375	10.875	193.0625	120.8125	-40.71877710335035	617	681	155	18	488	303	45	9	98	63	0	0	89.96934819221497	49440	55645.858832120895	45976	7.006472491909392	
-1425320.6571190339	99.8875	10.645569620253164	183.20253164556962	114.54430379746836	-40.71877710335035	618	682	163	16.0	352.0	212.0	37	9.0	99.0	64.0	0	0	85.25184607505798	49520	55731.11067819595	46051	7.005250403877213	
-1837686.3142276045	97.9	10.653846153846153	179.71794871794873	112.65384615384616	-40.71877710335035	619	684	175	16.0	350.0	217.0	25	8.0	118.0	76.0	0	0	76.52965450286865	49600	55807.64033269882	46125	7.006048387096769	
-2187843.183560302	100.1125	10.625	177.975	111.4375	-40.71877710335035	620	684	166	17	339	210	34	9	99	64	0	0	82.10961437225342	49680	55889.749947071075	46200	7.004830917874401	
-2237714.169490179	99.3	10.4	179.1	111.8375	-40.71877710335035	621	684	161	15	414	255	39	9	94	61	0	0	84.28631401062012	49760	55974.036261081696	46275	7.003617363344048	
-1750262.0913734783	100.0	10.441558441558442	175.4805194805195	109.81818181818181	-40.71877710335035	622	687	179	15.0	371.0	229.0	21	9.0	112.0	72.0	0	0	79.31063675880432	49840	56053.3468978405	46348	7.00642054574638	
-2000234.6810626823	102.05	10.4875	174.4625	109.35	-40.71877710335035	623	687	179	15	488	303	64	9	123	78	0	0	71.27641224861145	49920	56124.62331008911	46423	7.005208333333329	
-2550328.9489371832	101.6	10.475	184.725	115.3375	-40.71877710335035	624	687	141	14	492	303	56	9	125	81	0	0	86.90001583099365	50000	56211.523325920105	46498	7.004000000000005	
-1912827.8279839728	99.9375	10.708860759493671	178.0632911392405	111.34177215189874	-40.71877710335035	625	688	165	16.0	351.0	215.0	35	8.0	106.0	67.0	0	0	85.93325114250183	50080	56297.45657706261	46573	7.00279552715655	
-2412762.6051756376	101.2	10.4625	172.8	108.1	-40.71877710335035	626	688	189	18	330	204	38	9	105	68	0	0	81.53285670280457	50160	56378.98943376541	46649	6.9996012759170725	
-2050294.0134865977	100.0	10.4375	179.0875	112.0125	-40.71877710335035	627	688	147	17	319	197	53	9	116	75	0	0	79.6040244102478	50240	56458.59345817566	46725	6.996417197452232	
-1962762.9437746922	103.3375	10.746835443037975	185.0126582278481	115.54430379746836	-40.71877710335035	628	689	169	16.0	426.0	265.0	31	9.0	118.0	76.0	0	0	85.38684511184692	50320	56543.980303287506	46799	6.997217806041334	
-1650264.5803952212	101.1125	10.481012658227849	181.126582278481	113.29113924050633	-40.71877710335035	629	690	166	15.0	488.0	303.0	34	9.0	113.0	73.0	0	0	74.40238046646118	50400	56618.38268375397	46874	6.996031746031747	
-1725237.6000271658	102.6875	10.461538461538462	182.55128205128204	113.87179487179488	-40.71877710335035	630	692	200	15.0	402.0	250.0	10	9.0	108.0	70.0	0	0	85.01666688919067	50480	56703.39935064316	46947	6.998811410459595	
-2512802.330464077	100.775	11.0375	188.45	118.25	-40.71877710335035	631	692	138	17	330	214	62	9	111	72	0	0	85.32239198684692	50560	56788.721742630005	47022	6.997626582278485	
-2462705.7568605025	101.0625	10.683544303797468	182.83544303797467	114.65822784810126	-40.71877710335035	632	693	151	16.0	362.0	221.0	49	8.0	100.0	64.0	0	0	72.64032745361328	50640	56861.36207008362	47096	6.998420221169027	
-1962812.114402064	100.3	10.102564102564102	163.12820512820514	102.1025641025641	-40.71877710335035	633	695	149	14.0	351.0	216.0	49	8.0	87.0	56.0	0	0	77.11599516868591	50720	56938.478065252304	47170	6.999211356466873	
-1862826.3624610975	103.1	10.175	171.95	107.5875	-40.71877710335035	634	695	192	15	456	279	56	8	87	56	0	0	84.73595643043518	50800	57023.21402168274	47245	6.998031496062993	
-1837732.4642684455	102.825	10.379746835443038	183.08860759493672	114.20253164556962	-40.71877710335035	635	696	175	17.0	347.0	217.0	25	8.0	101.0	65.0	0	0	80.51762700080872	50880	57103.73164868355	47319	6.998820754716988	
-3050163.231274818	100.475	10.625	184.0625	114.85	-40.71877710335035	636	696	167	17	382	239	33	8	82	53	0	0	89.73825287818909	50960	57193.46990156174	47392	7.001569858712713	
-2387767.718499058	99.9375	10.5875	184.0	114.8125	-40.71877710335035	637	696	146	16	426	265	54	9	100	65	0	0	92.87859535217285	51040	57286.34849691391	47465	7.004310344827587	
-1762736.41647112	99.2125	10.620253164556962	186.22784810126583	116.17721518987342	-40.71877710335035	638	697	166	16.0	339.0	208.0	34	9.0	118.0	76.0	0	0	77.7777349948883	51120	57364.1262319088	47540	7.003129890453835	
-2687712.176954596	100.0	10.5	178.1	111.6375	-40.71877710335035	639	697	148	15	321	198	52	9	109	70	0	0	71.64275193214417	51200	57435.76898384094	47616	7.0	
-2162700.7007380947	98.25	10.455696202531646	183.22784810126583	114.21518987341773	-40.71875262392405	640	698	168	15.0	493.0	303.0	32	8.0	87.0	56.0	0	0	86.4276647567749	51280	57522.19664859772	47690	7.000780031201245	
-1837711.3164866914	100.8875	10.666666666666666	182.33333333333334	114.01282051282051	-40.71875262392405	641	700	186	15.0	344.0	214.0	24	8.0	98.0	63.0	0	0	81.52734661102295	51360	57603.72399520874	47764	7.001557632398757	
-2012781.4364353004	102.4	10.430379746835444	179.68354430379748	112.20253164556962	-40.71875262392405	642	701	185	17.0	316.0	195.0	15	8.0	98.0	63.0	0	0	80.6451153755188	51440	57684.36911058426	47839	7.000388802488331	
-1425384.9381338633	105.675	10.576923076923077	187.25641025641025	116.78205128205128	-40.71875262392405	643	703	174	17.0	328.0	214.0	52	8.0	98.0	63.0	0	0	86.87974739074707	51520	57771.248857975006	47913	7.001164596273284	
-2050325.1968258868	100.2875	10.717948717948717	182.8846153846154	114.38461538461539	-40.71875262392405	644	705	160	19.0	458.0	291.0	40	9.0	101.0	65.0	0	0	82.33435463905334	51600	57853.58321261406	47987	7.001937984496124	
-1612825.2575050076	95.5125	10.679487179487179	186.28205128205127	116.65384615384616	-40.71875262392405	645	707	145	17.0	448.0	279.0	48	9.0	100.0	65.0	0	0	91.50789713859558	51680	57945.091109752655	48061	7.002708978328172	
-2087687.2226177654	96.725	10.9375	196.4875	122.5375	-40.71875262392405	646	707	123	17	488	303	48	8	127	80	0	0	80.62723708152771	51760	58025.71834683418	48137	6.999613601236476	
-2575203.0598333715	94.3625	10.61038961038961	180.0	112.42857142857143	-40.71875262392405	647	710	157	15.0	360.0	220.0	43	8.0	114.0	72.0	0	0	83.83899593353271	51840	58109.557342767715	48209	7.004243827160494	
-1550344.1216066927	100.3	10.56578947368421	177.0921052631579	110.67105263157895	-40.71875262392405	648	714	159	16.0	303.0	188.0	41	9.0	98.0	63.0	0	0	70.02224969863892	51920	58179.579592466354	48280	7.010785824345149	
-1375335.6140763876	97.925	10.45	179.25	111.95	-40.71875262392405	649	714	132	15	350	217	48	9	99	64	0	0	87.37244296073914	52000	58266.95203542709	48356	7.007692307692309	
-2537765.4659387097	99.6625	10.564102564102564	178.28205128205127	111.52564102564102	-40.71875262392405	650	716	156	15.0	305.0	189.0	44	9.0	108.0	70.0	0	0	80.1537115573883	52080	58347.10574698448	48430	7.0084485407065955	
-2337850.2372762715	101.5	10.805194805194805	187.96103896103895	117.27272727272727	-40.71875262392405	651	719	176	16.0	328.0	203.0	34	9.0	131.0	85.0	0	0	90.18959259986877	52160	58437.29533958435	48503	7.011119631901835	
-2100324.1995867873	96.75	10.727272727272727	190.2207792207792	118.79220779220779	-40.71875262392405	652	722	162	15.0	327.0	203.0	38	8.0	90.0	58.0	0	0	89.01968789100647	52240	58526.31502747536	48576	7.013782542113319	
-1762857.8503648632	101.5125	10.576923076923077	190.30769230769232	118.6923076923077	-40.71875262392405	653	724	167	15.0	488.0	303.0	34	8.0	84.0	54.0	0	0	89.82215690612793	52320	58616.137184381485	48650	7.014525993883794	
-1650319.8071897186	100.0875	10.379746835443038	170.51898734177215	106.86075949367088	-40.71875262392405	654	725	153	15.0	333.0	208.0	65	8.0	90.0	58.0	0	0	75.34576797485352	52400	58691.48295235634	48725	7.013358778625957	
-1450289.5885461539	93.525	10.25974025974026	169.80519480519482	106.0909090909091	-40.71875262392405	655	728	175	15.0	321.0	197.0	25	7.0	82.0	53.0	0	0	74.64740419387817	52480	58766.13035655022	48797	7.017911585365852	
-2150326.07158212	94.775	10.512820512820513	182.19230769230768	113.85897435897436	-40.71875262392405	656	730	131	15.0	369.0	229.0	34	7.0	82.0	53.0	0	0	85.21366095542908	52560	58851.344017505646	48869	7.0224505327245055	
-1925363.7560256205	98.2625	10.8125	185.7625	116.6875	-40.71875262392405	657	730	128	16	329	203	65	7	82	53	0	0	80.80563378334045	52640	58932.149651288986	48941	7.0269756838905835	
-1562742.2359030158	95.075	10.368421052631579	175.23684210526315	109.65789473684211	-40.71875262392405	658	734	164	15.0	496.0	303.0	47	8.0	111.0	70.0	0	0	70.53526711463928	52720	59002.684918403625	49013	7.0314871016691995	
-1875323.5455103007	99.05	10.23076923076923	177.97435897435898	111.3076923076923	-40.71875262392405	659	736	181	13.0	318.0	195.0	19	9.0	85.0	55.0	0	0	75.54870271682739	52800	59078.23362112045	49087	7.032196969696969	
-2000266.3270396735	103.2	10.4375	171.9375	107.8125	-40.71875262392405	660	736	181	15	311	192	34	8	95	61	0	0	73.40211391448975	52880	59151.63573503494	49163	7.029122541603627	
-1475263.5868189945	101.2125	10.25	177.15	110.5125	-40.71875262392405	661	736	149	15	351	214	61	8	95	61	0	0	83.22611427307129	52960	59234.861849308014	49237	7.029833836858003	
-2187875.703688743	100.9	10.435897435897436	174.57692307692307	109.46153846153847	-40.71875262392405	662	738	160	17.0	336.0	217.0	40	8.0	108.0	70.0	0	0	72.56324172019958	53040	59307.42509102821	49309	7.034313725490193	
-2900316.45579763	103.825	10.443037974683545	186.51898734177215	116.32911392405063	-40.71875262392405	663	739	160	14.0	488.0	303.0	45	9.0	118.0	76.0	0	0	89.55778121948242	53120	59396.982872247696	49384	7.033132530120483	
-2200199.4429970966	102.2375	10.679487179487179	185.9102564102564	116.07692307692308	-40.71875262392405	664	741	160	15.0	386.0	234.0	45	9.0	114.0	72.0	0	0	90.21675181388855	53200	59487.199624061584	49458	7.03383458646617	
-1825299.6166127243	101.225	10.30379746835443	175.15189873417722	109.51898734177215	-40.71875262392405	665	742	182	14.0	331.0	203.0	25	8.0	92.0	59.0	0	0	74.57954335212708	53280	59561.77916741371	49532	7.034534534534529	
-1712800.4065103424	100.2	10.417721518987342	176.45569620253164	110.43037974683544	-40.71875262392405	666	743	161	16.0	329.0	203.0	46	8.0	106.0	67.0	0	0	76.91579270362854	53360	59638.69496011734	49607	7.033358320839582	
-1837828.4229196361	98.15	10.341772151898734	166.31645569620252	104.40506329113924	-40.71875262392405	667	744	168	15.0	300.0	181.0	27	8.0	100.0	64.0	0	0	78.4275951385498	53440	59717.12255525589	49682	7.032185628742511	
-1400269.663967743	98.2875	10.3	175.125	109.4	-40.71875262392405	668	744	166	15	328	203	27	9	122	78	0	0	83.65524935722351	53520	59800.77780461311	49757	7.031016442451417	
-1412680.1274518017	97.4375	10.225	171.2125	107.1	-40.71875262392405	669	744	130	17	313	192	61	8	113	73	0	0	81.9078598022461	53600	59882.68566441536	49833	7.027985074626869	
-1950240.0822811667	99.675	10.20253164556962	168.84810126582278	105.78481012658227	-40.71875262392405	670	745	130	15.0	318.0	197.0	65	7.0	90.0	58.0	0	0	68.84897828102112	53680	59951.53464269638	49906	7.030551415797319	
-1325215.6612587988	102.65	10.10126582278481	166.30379746835442	103.9746835443038	-40.71875262392405	671	746	159	15.0	357.0	215.0	59	8.0	95.0	61.0	0	0	75.93475151062012	53760	60027.469394207	49981	7.02938988095238	
-1675287.9983042912	105.275	10.0375	167.35	104.675	-40.71875262392405	672	746	177	14	379	231	41	8	90	58	0	0	73.57441449165344	53840	60101.043808698654	50056	7.028231797919759	
-1875282.7485459968	110.1375	10.246753246753247	169.36363636363637	106.05194805194805	-40.71576610545435	673	749	215	16.0	343.0	211.0	28	8.0	90.0	58.0	0	0	71.98716568946838	53920	60173.03097438812	50127	7.034495548961431	
-2487703.5519656073	99.1	10.215189873417721	174.1012658227848	108.89873417721519	-40.71576610545435	674	750	159	14.0	331.0	203.0	45	8.0	90.0	58.0	0	0	76.33679628372192	54000	60249.367770671844	50201	7.035185185185185	
-1962808.2405844945	103.8	9.974683544303797	165.70886075949366	103.58227848101266	-40.71576610545435	675	751	193	15.0	315.0	193.0	45	8.0	88.0	57.0	0	0	81.02763223648071	54080	60330.395402908325	50275	7.035872781065095	
-1950223.744059873	102.25	9.975	167.3	104.6375	-40.71576610545435	676	751	153	14	319	195	47	8	119	75	0	0	75.42756032943726	54160	60405.82296323776	50349	7.036558345642547	
-1900290.3391061262	100.7875	10.320512820512821	176.74358974358975	110.67948717948718	-40.71576610545435	677	753	156	14.0	328.0	203.0	39	8.0	124.0	78.0	0	0	68.90298914909363	54240	60474.725952386856	50423	7.0372418879056085	
-1875298.4037183628	100.3375	10.468354430379748	184.58227848101265	115.16455696202532	-40.71576610545435	678	754	143	15.0	361.0	222.0	64	8.0	87.0	56.0	0	0	80.85380554199219	54320	60555.57975792885	50497	7.037923416789397	
-2250346.394221285	103.5875	10.291139240506329	172.79746835443038	107.74683544303798	-40.71576610545435	679	755	177	16.0	334.0	202.0	58	8.0	116.0	75.0	0	0	85.45832180976868	54400	60641.03807973862	50572	7.036764705882348	
-1825339.0196214963	99.9375	10.6625	174.525	109.1	-40.71576610545435	680	755	148	15	294	186	37	8	95	61	0	0	84.32461309432983	54480	60725.36269283295	50647	7.035609397944199	
-1962771.2922469727	100.9375	10.525	178.0	111.0625	-40.71576610545435	681	755	147	15	496	303	53	8	109	70	0	0	83.57203817367554	54560	60808.93473100662	50723	7.032624633431084	
-1887739.781880275	101.9625	10.628205128205128	188.80769230769232	117.96153846153847	-40.71576610545435	682	757	154	15.0	498.0	303.0	46	9.0	127.0	82.0	0	0	94.67076563835144	54640	60903.605496644974	50797	7.0333089311859425	
-2112716.0802165247	103.8125	10.556962025316455	180.77215189873417	112.73417721518987	-40.71576610545435	683	758	196	16.0	331.0	200.0	43	9.0	109.0	70.0	0	0	96.89668869972229	54720	61000.502185344696	50872	7.032163742690059	
-1737851.486949933	101.5	10.275	173.2875	108.35	-40.71576610545435	684	758	204	15	357	221	34	8	112	71	0	0	71.50707960128784	54800	61072.009264945984	50947	7.03102189781022	
-2262822.0783291305	100.0	10.316455696202532	172.9493670886076	107.9620253164557	-40.71576610545435	685	759	173	15.0	354.0	217.0	27	8.0	96.0	62.0	0	0	84.41505718231201	54880	61156.424322128296	51022	7.0298833819241935	
-1762775.0725580968	101.475	10.157894736842104	172.60526315789474	107.52631578947368	-40.71576610545435	686	763	178	12.0	319.0	197.0	22	8.0	83.0	54.0	0	0	83.38330078125	54960	61239.807622909546	51094	7.0342066957787495	
-2612743.522772774	106.3625	10.481012658227849	181.16455696202533	113.31645569620254	-40.71576610545435	687	764	177	19.0	331.0	215.0	55	8.0	96.0	62.0	0	0	73.09084153175354	55040	61312.8984644413	51169	7.0330668604651265	
-2637718.090302932	98.6	10.272727272727273	189.07792207792207	117.81818181818181	-40.71576610545435	688	767	158	13.0	315.0	192.0	46	8.0	95.0	61.0	0	0	82.85622692108154	55120	61395.75469136238	51242	7.0355587808417965	
-1662771.3292245255	101.6625	10.253164556962025	180.16455696202533	112.45569620253164	-40.71576610545435	689	768	171	13.0	300.0	188.0	29	8.0	80.0	52.0	0	0	84.22278666496277	55200	61479.977478027344	51317	7.034420289855063	
-1800305.7123285301	106.725	10.443037974683545	177.18987341772151	110.87341772151899	-40.71576610545435	690	769	178	16.0	348.0	216.0	41	8.0	98.0	63.0	0	0	74.93274164199829	55280	61554.91021966934	51392	7.033285094066571	
-1375287.680650485	104.675	10.525641025641026	175.55128205128204	109.38461538461539	-40.71576610545435	691	771	174	15.0	329.0	209.0	26	8.0	128.0	81.0	0	0	85.50081658363342	55360	61640.411036252975	51466	7.033959537572258	
-2137798.2021836652	106.7375	10.7	185.9625	115.825	-40.71576610545435	692	771	154	14	309	191	66	8	112	72	0	0	84.99195623397827	55440	61725.402992486954	51542	7.031024531024528	
-1462817.4559131477	108.4125	11.038461538461538	192.4102564102564	119.46153846153847	-40.71576610545435	693	773	172	16.0	384.0	235.0	56	8.0	95.0	61.0	0	0	96.24403309822083	55520	61821.647025585175	51616	7.031700288184439	
-1662873.6098385502	103.9	10.79746835443038	184.0379746835443	114.78481012658227	-40.71576610545435	694	774	170	15.0	313.0	195.0	30	9.0	119.0	75.0	0	0	92.59914755821228	55600	61914.24617314339	51691	7.030575539568346	
-2100320.7213510023	102.65	10.455696202531646	176.67088607594937	110.27848101265823	-40.71576610545435	695	775	137	14.0	319.0	195.0	30	9.0	98.0	63.0	0	0	90.67307662963867	55680	62004.919249773026	51766	7.029454022988503	
-2450360.2479856065	103.5125	10.721518987341772	184.78481012658227	115.49367088607595	-40.71576610545435	696	776	157	16.0	322.0	198.0	43	9.0	93.0	60.0	0	0	79.71662425994873	55760	62084.635874032974	51840	7.030129124820661	
-1862727.5154799153	102.2125	10.468354430379748	175.126582278481	109.46835443037975	-40.71576610545435	697	777	152	16.0	306.0	187.0	48	9.0	136.0	86.0	0	0	76.95102620124817	55840	62161.58690023422	51915	7.029011461318049	
-1462787.1376204793	101.425	10.3625	173.4375	108.3125	-40.71576610545435	698	777	152	16	343	214	48	8	95	61	0	0	84.59668731689453	55920	62246.18358755112	51991	7.026108726752497	
-1800411.245088385	100.1	10.474358974358974	172.67948717948718	108.11538461538461	-40.71576610545435	699	779	151	16.0	301.0	182.0	49	8.0	90.0	58.0	0	0	73.88570070266724	56000	62320.069288253784	52065	7.026785714285708	
-2287766.2940475056	100.0	10.3125	171.8625	107.3625	-40.71576610545435	700	779	170	15	310	200	30	8	114	72	0	0	92.77499842643738	56080	62412.84428668022	52141	7.023894436519257	
-2175386.0855451524	100.0	10.835443037974683	186.50632911392404	116.88607594936708	-40.71576610545435	701	780	170	18.0	312.0	193.0	30	9.0	102.0	66.0	0	0	90.50918436050415	56160	62503.353471040726	52216	7.022792022792018	
-1850170.0291492075	101.05	10.448717948717949	189.21794871794873	117.82051282051282	-40.71576610545435	702	782	138	15.0	317.0	197.0	58	9.0	138.0	86.0	0	0	99.33541893959045	56240	62602.688889980316	52290	7.0234708392603125	
-2350344.9975638213	98.425	10.875	194.9625	121.95	-40.71576610545435	703	782	156	16	340	208	44	9	143	89	0	0	82.6168966293335	56320	62685.30578660965	52365	7.0223721590909065	
-1825443.9623678823	98.0125	10.60759493670886	182.0126582278481	113.65822784810126	-40.71576610545435	704	783	156	16.0	328.0	203.0	48	8.0	88.0	57.0	0	0	80.07838726043701	56400	62765.38417387009	52438	7.0248226950354535	
-2175348.48476595	98.75	10.6	184.9625	115.7	-40.71548275976451	705	783	146	15	314	192	54	9	114	73	0	0	77.69515752792358	56480	62843.07933139801	52513	7.023725212464598	
-1287747.9438242654	102.3	10.602564102564102	179.3846153846154	112.42307692307692	-40.71548275976451	706	785	166	18.0	304.0	189.0	34	8.0	84.0	54.0	0	0	84.93770384788513	56560	62928.017035245895	52585	7.027934936350775	
-2112776.7893602843	101.575	10.6	181.85	113.8625	-40.71548275976451	707	785	154	15	360	229	71	9	136	85	0	0	84.29567790031433	56640	63012.31271314621	52661	7.025070621468927	
-1700278.8722146347	102.35	10.341772151898734	173.30379746835442	108.40506329113924	-40.71548275976451	708	786	162	16.0	276.0	172.0	38	8.0	114.0	72.0	0	0	78.59479188919067	56720	63090.9075050354	52736	7.023977433004234	
-1687882.2369284872	100.25	10.443037974683545	183.58227848101265	114.82278481012658	-40.71548275976451	709	787	166	14.0	303.0	196.0	34	9.0	127.0	80.0	0	0	77.50427913665771	56800	63168.41178417206	52811	7.022887323943664	
-1562848.938491791	97.525	10.175	173.85	108.25	-40.71548275976451	710	787	144	14	327	202	56	8	90	58	0	0	74.72349309921265	56880	63243.13527727127	52886	7.021800281293949	
-1237731.760610363	99.4	10.329113924050633	171.21518987341773	106.9746835443038	-40.71548275976451	711	788	133	15.0	327.0	210.0	67	8.0	119.0	75.0	0	0	77.09369111061096	56960	63320.22896838188	52960	7.022471910112358	
-2150221.487476258	100.0	10.3125	172.6875	107.9375	-40.71548275976451	712	788	158	14	278	172	42	8	114	72	0	0	71.34369087219238	57040	63391.572659254074	53034	7.023141654978957	
-1200374.731676155	100.0	10.272727272727273	171.96103896103895	107.54545454545455	-40.71548275976451	713	791	170	14.0	305.0	185.0	30	8.0	114.0	72.0	0	0	74.20252275466919	57120	63465.77518200874	53107	7.025560224089631	
-1787730.5218405086	99.45	10.4875	182.35	113.675	-40.71548275976451	714	791	152	17	522	317	48	8	87	56	0	0	92.11533498764038	57200	63557.890516996384	53183	7.022727272727266	
-1850322.8602147228	100.0	10.302631578947368	171.77631578947367	107.46052631578948	-40.71548275976451	715	795	178	15.0	304.0	190.0	22	8.0	111.0	70.0	0	0	69.17324495315552	57280	63627.06376194954	53255	7.026885474860336	
-1512908.3068380943	101.4625	10.58974358974359	185.80769230769232	116.11538461538461	-40.71548275976451	716	797	192	14.0	377.0	231.0	45	9.0	117.0	75.0	0	0	82.8407974243164	57360	63709.904559373856	53328	7.029288702928866	
-2012831.730291515	99.525	10.50632911392405	181.79746835443038	113.40506329113924	-40.71548275976451	717	798	188	15.0	390.0	238.0	12	8.0	90.0	58.0	0	0	85.87844610214233	57440	63795.783005476	53403	7.028203342618383	
-2062888.1546976592	99.7125	10.64102564102564	190.98717948717947	119.41025641025641	-40.71548275976451	718	800	178	18.0	337.0	208.0	14	9.0	110.0	71.0	0	0	88.7670590877533	57520	63884.55006456375	53477	7.028859527121	
-1887758.5052685633	99.9375	10.2	174.85	109.1625	-40.71548275976451	719	800	141	15	338	208	59	8	130	82	0	0	81.88183927536011	57600	63966.43190383911	53550	7.03125	
-2112744.9586285204	100.6125	10.189873417721518	178.0379746835443	111.35443037974683	-40.71548275976451	720	801	180	14.0	288.0	178.0	17	8.0	90.0	58.0	0	0	82.64338660240173	57680	64049.07529044151	53624	7.031900138696258	
-1725284.969390497	98.7375	10.215189873417721	180.29113924050634	112.51898734177215	-40.71548275976451	721	802	136	16.0	306.0	192.0	59	8.0	87.0	56.0	0	0	80.62398362159729	57760	64129.69927406311	53698	7.032548476454295	
-1787743.0759061985	99.425	10.3	174.2875	108.6	-40.71548275976451	722	802	132	13	304	187	68	8	98	63	0	0	79.9447910785675	57840	64209.64406514168	53773	7.031466113416315	
-1787911.8599202514	100.2375	10.526315789473685	182.19736842105263	113.84210526315789	-40.71548275976451	723	806	172	16.0	323.0	207.0	28	8.0	108.0	70.0	0	0	79.20840883255005	57920	64288.85247397423	53845	7.035566298342545	
-1600305.4523478854	100.3125	10.346153846153847	178.01282051282053	110.92307692307692	-40.71548275976451	724	808	172	14.0	359.0	220.0	28	8.0	98.0	63.0	0	0	85.02681088447571	58000	64373.8792848587	53918	7.037931034482753	
-1862797.83372823	97.45	10.240506329113924	177.7594936708861	111.10126582278481	-40.71548275976451	725	809	154	14.0	369.0	234.0	54	8.0	134.0	86.0	0	0	77.7294933795929	58080	64451.6087782383	53992	7.03856749311295	
-1412746.3331523184	100.375	10.4125	184.0	114.6125	-40.71548275976451	726	809	154	14	311	191	46	8	80	52	0	0	86.0152587890625	58160	64537.62403702736	54068	7.035763411279234	
-1475302.254530814	99.6625	10.41025641025641	184.75641025641025	115.23076923076923	-40.71548275976451	727	811	177	14.0	317.0	194.0	23	8.0	92.0	59.0	0	0	86.22667241096497	58240	64623.850709438324	54139	7.041552197802204	
-1812822.9398209297	102.375	10.525	189.8625	118.375	-40.71548275976451	728	811	164	14	311	195	36	8	96	62	0	0	100.88985967636108	58320	64724.740569114685	54214	7.040466392318251	
-1937781.1786354887	101.825	10.460526315789474	180.10526315789474	112.53947368421052	-40.71548275976451	729	815	174	15.0	341.0	208.0	26	8.0	95.0	61.0	0	0	83.19877243041992	58400	64807.939341545105	54286	7.044520547945211	
-1900273.9729924954	110.0875	10.379746835443038	176.1772151898734	110.0379746835443	-40.71548275976451	730	816	202	15.0	310.0	189.0	42	8.0	114.0	72.0	0	0	78.71311140060425	58480	64886.65245294571	54361	7.04343365253078	
-2187773.788558266	104.5	10.341772151898734	170.72151898734177	106.67088607594937	-40.71548275976451	731	817	192	16.0	278.0	172.0	55	9.0	108.0	70.0	0	0	82.77716112136841	58560	64969.42961406708	54435	7.044057377049185	
-1325234.4639645529	101.35	10.275	175.0625	109.4375	-40.71548275976451	732	817	151	14	303	187	55	8	118	75	0	0	86.3135769367218	58640	65055.7431910038	54511	7.0412687585265985	
-2087941.610957291	100.55	10.3125	177.25	110.8125	-40.71548275976451	733	817	186	15	301	182	32	8	106	67	0	0	78.60634756088257	58720	65134.34953856468	54586	7.0401907356948215	
-1487865.035572108	100.2625	10.225	174.7625	109.1625	-40.71548275976451	734	817	166	13	326	198	67	9	111	72	0	0	82.41755056381226	58800	65216.767089128494	54660	7.040816326530603	
-1887719.0347827387	99.4875	10.354430379746836	179.18987341772151	111.81012658227849	-40.71548275976451	735	818	177	15.0	374.0	226.0	25	8.0	98.0	63.0	0	0	81.19906234741211	58880	65297.96615147591	54734	7.0414402173912976	
-1437843.9976976842	98.7375	10.220779220779221	174.16883116883116	108.41558441558442	-40.71548275976451	736	821	166	14.0	374.0	226.0	22	8.0	92.0	59.0	0	0	82.34639239311218	58960	65380.31254386902	54807	7.04375848032565	
-1450260.6196982474	100.5375	10.325	179.6375	111.975	-40.71548275976451	737	821	158	14	374	226	47	7	88	57	0	0	90.56601929664612	59040	65470.878563165665	54882	7.042682926829272	
-2087786.1541025832	96.9625	10.329113924050633	179.48101265822785	111.9113924050633	-40.71548275976451	738	822	173	14.0	311.0	190.0	27	9.0	115.0	74.0	0	0	89.24656414985657	59120	65560.12512731552	54957	7.0416102841678025	
-1437684.569276175	93.875	10.246753246753247	169.2987012987013	105.94805194805195	-40.71548275976451	739	825	182	15.0	298.0	185.0	27	8.0	111.0	70.0	0	0	84.07678198814392	59200	65644.20190930367	55030	7.043918918918919	
-1850280.4557129636	98.225	10.5875	181.4	113.3125	-40.70017111551266	740	825	160	17	320	193	40	8	111	70	0	0	82.53376150131226	59280	65726.73567080498	55106	7.041160593792171	
-2137791.323605693	101.5125	10.291139240506329	177.16455696202533	110.35443037974683	-40.70017111551266	741	826	160	14.0	380.0	234.0	66	8.0	100.0	65.0	0	0	82.36467790603638	59360	65809.10034871101	55181	7.040094339622641	
-2550289.1948717562	97.75	10.455696202531646	180.21518987341773	112.54430379746836	-40.70017111551266	742	827	123	14.0	306.0	188.0	77	8.0	95.0	61.0	0	0	85.79430413246155	59440	65894.89465284348	55256	7.039030955585474	
-1762876.3896886248	99.1	10.179487179487179	173.32051282051282	108.26923076923077	-40.70017111551266	743	829	193	14.0	293.0	187.0	7	8.0	119.0	75.0	0	0	69.10580730438232	59520	65964.00046014786	55328	7.043010752688176	
-1737763.015435697	99.6125	10.291139240506329	178.1012658227848	111.44303797468355	-40.70017111551266	744	830	158	15.0	355.0	223.0	33	8.0	90.0	58.0	0	0	80.4906358718872	59600	66044.49109601974	55402	7.043624161073822	
-1275289.805840334	100.125	10.2875	172.0	107.425	-40.70017111551266	745	830	145	14	324	203	55	8	114	72	0	0	78.79914951324463	59680	66123.29024553299	55477	7.0425603217158255	
-2150220.463855064	101.6125	10.417721518987342	179.0126582278481	112.0	-40.70017111551266	746	831	163	15.0	338.0	212.0	45	8.0	87.0	56.0	0	0	79.20450329780579	59760	66202.4947488308	55550	7.044846050870149	
-2212731.5845290213	100.3875	10.2375	172.9375	108.2375	-40.70017111551266	747	831	142	15	300	187	58	8	109	70	0	0	70.60455822944641	59840	66273.09930706024	55625	7.043783422459896	
-2137837.982312584	100.2625	10.379746835443038	179.70886075949366	112.29113924050633	-40.70017111551266	748	832	143	14.0	301.0	187.0	57	8.0	109.0	70.0	0	0	67.77788352966309	59920	66340.8771905899	55700	7.042723631508679	
-2075358.711139129	101.2	10.480519480519481	179.92207792207793	112.25974025974025	-40.67482686320717	749	835	193	19.0	342.0	219.0	7	8.0	111.0	72.0	0	0	82.50339770317078	60000	66423.38058829308	55772	7.046666666666667	
-1512845.5673245532	98.55	10.285714285714286	171.35064935064935	107.1948051948052	-40.67482686320717	750	838	158	16.0	270.0	167.0	21	8.0	112.0	72.0	0	0	69.26667499542236	60080	66492.6472632885	55841	7.055592543275637	
-2050348.2965030125	100.425	10.569620253164556	184.74683544303798	115.70886075949367	-40.67482686320717	751	839	165	15.0	425.0	258.0	35	8.0	108.0	70.0	0	0	86.50465178489685	60160	66579.1519150734	55915	7.056183510638306	
-2787781.405508558	99.675	10.354430379746836	180.46835443037975	112.74683544303798	-40.67482686320717	752	840	174	14.0	301.0	188.0	26	8.0	96.0	62.0	0	0	79.44999146461487	60240	66658.60190653801	55990	7.05511288180611	
-1675325.259743686	99.4125	10.525	185.65	115.8125	-40.67482686320717	753	840	154	15	367	225	46	9	125	81	0	0	89.8975281715393	60320	66748.49943470955	56066	7.052387267904521	
-1650297.9617192198	100.025	10.177215189873417	173.81012658227849	108.54430379746836	-40.67482686320717	754	841	163	16.0	435.0	271.0	37	8.0	104.0	67.0	0	0	81.80064606666565	60400	66830.30008077621	56141	7.051324503311264	
-2650212.77820116	100.7125	10.253164556962025	174.31645569620252	108.87341772151899	-40.67482686320717	755	842	157	17.0	399.0	248.0	54	8.0	114.0	72.0	0	0	86.6698887348175	60480	66916.96996951103	56216	7.050264550264558	
-2675210.783550275	100.3	10.115384615384615	165.85897435897436	103.83333333333333	-40.674369331575704	756	844	176	14.0	347.0	221.0	24	8.0	100.0	64.0	0	0	80.41100287437439	60560	66997.3809723854	56290	7.050858652575954	
-2237791.041900626	100.85	10.155844155844155	174.45454545454547	108.88311688311688	-40.674369331575704	757	847	163	13.0	290.0	180.0	37	8.0	93.0	60.0	0	0	85.14697194099426	60640	67082.5279443264	56363	7.053100263852244	
-2750289.4184508366	100.95	10.192307692307692	179.82051282051282	112.05128205128206	-40.674369331575704	758	849	180	14.0	304.0	193.0	20	8.0	111.0	70.0	0	0	94.31183242797852	60720	67176.83977675438	56435	7.056982872200265	
-1837915.2542955696	102.425	10.354430379746836	177.36708860759492	110.83544303797468	-40.674369331575704	759	850	151	15.0	311.0	192.0	56	8.0	111.0	70.0	0	0	87.31463289260864	60800	67264.15440964699	56510	7.055921052631575	
-1950329.4304386466	99.125	10.31578947368421	171.6184210526316	107.26315789473684	-40.674369331575704	760	854	150	15.0	295.0	186.0	44	8.0	106.0	67.0	0	0	80.17534255981445	60880	67344.3297522068	56581	7.061432325886997	
-2237900.710504902	99.6	10.294871794871796	186.7948717948718	116.3974358974359	-40.674369331575704	761	856	191	15.0	348.0	214.0	9	8.0	114.0	72.0	0	0	82.4658854007721	60960	67426.79563760757	56654	7.063648293963254	
-2662854.695857514	106.075	10.430379746835444	188.53164556962025	117.53164556962025	-40.674369331575704	762	857	181	14.0	468.0	283.0	38	8.0	114.0	72.0	0	0	97.35160684585571	61040	67524.14724445343	56728	7.064220183486242	
-2962813.2066657012	99.9	10.443037974683545	185.70886075949366	115.9620253164557	-40.674369331575704	763	858	171	16.0	360.0	219.0	46	8.0	112.0	72.0	0	0	87.59048819541931	61120	67611.73773264885	56803	7.063154450261777	
-2025539.1936973992	100.175	10.207792207792208	185.05194805194805	115.62337662337663	-40.674369331575704	764	861	171	14.0	357.0	217.0	46	8.0	114.0	72.0	0	0	90.12666010856628	61200	67701.86439275742	56876	7.065359477124176	
-1850347.886934682	100.825	10.35	184.15	114.575	-40.674369331575704	765	861	147	15	357	217	53	8	113	72	0	0	95.0204815864563	61280	67796.88487434387	56951	7.064295039164492	
-1900203.9322517633	100.0625	10.487179487179487	188.2948717948718	117.24358974358974	-40.674369331575704	766	863	152	14.0	428.0	263.0	38	9.0	109.0	70.0	0	0	93.84724378585815	61360	67890.73211812973	57025	7.0648631029987	
-2075244.396317988	98.175	10.376623376623376	181.12987012987014	113.12987012987013	-40.674369331575704	767	866	168	14.0	314.0	193.0	32	8.0	101.0	65.0	0	0	81.56158113479614	61440	67972.29369926453	57097	7.068684895833329	
-1962775.5322892957	98.8625	10.41025641025641	182.5897435897436	114.1923076923077	-40.674369331575704	768	868	146	14.0	324.0	202.0	54	9.0	109.0	70.0	0	0	77.3766520023346	61520	68049.67035126686	57171	7.069245773732121	
-1712769.8483095467	100.025	10.265822784810126	172.21518987341773	107.59493670886076	-40.674369331575704	769	869	141	13.0	278.0	177.0	59	9.0	101.0	65.0	0	0	83.46717047691345	61600	68133.13752174377	57246	7.068181818181813	
-1750292.7161177532	100.9375	10.1375	166.8625	104.4	-40.674369331575704	770	869	157	13	250	155	43	8	101	65	0	0	83.80528783798218	61680	68216.94280958176	57322	7.065499351491567	
-2375286.983600774	103.325	10.282051282051283	168.69230769230768	105.3974358974359	-40.674369331575704	771	871	179	15.0	332.0	207.0	25	9.0	98.0	63.0	0	0	89.01960134506226	61760	68305.96241092682	57396	7.066062176165801	
-1750280.4280477776	105.0875	10.256410256410257	173.69230769230768	108.33333333333333	-40.674369331575704	772	873	169	14.0	308.0	193.0	31	8.0	101.0	65.0	0	0	82.02575063705444	61840	68387.98816156387	57470	7.066623544631312	
-1850352.7061400875	100.25	10.341772151898734	175.8987341772152	109.89873417721519	-40.674369331575704	773	874	171	16.0	394.0	242.0	28	9.0	109.0	70.0	0	0	81.24805402755737	61920	68469.23621559143	57545	7.065568475452196	
-1500334.985740073	101.3625	10.1875	173.975	108.7375	-40.674369331575704	774	874	186	13	283	172	34	8	100	65	0	0	80.9197883605957	62000	68550.15600395203	57621	7.062903225806451	
-2037760.9108788401	95.425	10.075	171.2375	107.225	-40.674369331575704	775	874	166	13	293	185	34	8	90	58	0	0	77.8235912322998	62080	68627.97959518433	57697	7.0602448453608275	
-2175288.157144466	101.075	10.217948717948717	185.12820512820514	115.46153846153847	-40.674369331575704	776	876	156	14.0	319.0	196.0	55	8.0	90.0	58.0	0	0	82.27513599395752	62160	68710.25473117828	57771	7.060810810810807	
-1675212.753252138	97.525	10.04	175.8	109.56	-40.674369331575704	777	881	150	15.0	346.0	212.0	19	8.0	82.0	53.0	0	0	72.30620217323303	62240	68782.56093335152	57842	7.0661953727506415	
-1900302.17094951	99.5125	10.363636363636363	175.98701298701297	109.96103896103897	-40.674369331575704	778	884	147	16.0	347.0	210.0	20	8.0	82.0	53.0	0	0	81.55995512008667	62320	68864.1208884716	57914	7.06996148908857	
-1512851.2334826763	100.7	10.240506329113924	167.84810126582278	104.9493670886076	-40.674369331575704	779	885	168	14.0	280.0	172.0	32	8.0	82.0	53.0	0	0	80.1419985294342	62400	68944.26288700104	57989	7.068910256410248	
-2387852.993716409	102.1	10.363636363636363	178.2207792207792	111.36363636363636	-40.674369331575704	780	888	185	16.0	337.0	207.0	15	8.0	82.0	53.0	0	0	79.52853965759277	62480	69023.79142665863	58062	7.071062740076826	
-1750291.2457637482	102.5	10.177215189873417	172.69620253164558	108.0253164556962	-40.674369331575704	781	889	168	16.0	326.0	207.0	35	8.0	82.0	53.0	0	0	70.72860932350159	62560	69094.52003598213	58135	7.0732097186700855	
-1475277.6695007924	101.975	10.291139240506329	173.0253164556962	108.0632911392405	-40.674369331575704	782	890	170	14.0	312.0	202.0	30	8.0	82.0	53.0	0	0	79.58885860443115	62640	69174.10889458656	58209	7.07375478927203	
-2225454.876268107	99.8	10.227848101265822	179.15189873417722	111.68354430379746	-40.674369331575704	783	891	152	13.0	336.0	203.0	48	8.0	82.0	53.0	0	0	91.25231575965881	62720	69265.36121034622	58283	7.074298469387756	
-1575287.4521821388	99.4125	10.2	180.3875	112.6875	-40.674369331575704	784	891	152	13	320	201	48	8	97	63	0	0	83.70695543289185	62800	69349.06816577911	58359	7.071656050955411	
-1825353.0388684305	98.8	10.240506329113924	176.62025316455697	110.0886075949367	-40.674369331575704	785	892	152	15.0	472.0	287.0	35	8.0	114.0	72.0	0	0	86.30257654190063	62880	69435.37074232101	58434	7.070610687022906	
-1700254.1647430297	101.4125	10.192307692307692	171.46153846153845	107.2051282051282	-40.674369331575704	786	894	174	13.0	319.0	192.0	50	8.0	87.0	56.0	0	0	72.14583373069763	62960	69507.51657605171	58505	7.075921219822106	
-2062805.361827728	99.975	10.113924050632912	174.43037974683546	108.86075949367088	-40.674369331575704	787	895	154	13.0	276.0	167.0	44	8.0	85.0	55.0	0	0	76.26316785812378	63040	69583.77974390984	58579	7.0764593908629365	
-2050326.1110627886	100.675	10.4	177.6125	111.05	-40.674369331575704	788	895	154	15	297	184	56	8	94	61	0	0	84.1357729434967	63120	69667.91551685333	58655	7.073827629911278	
-2275300.9635699866	100.0	10.2	176.925	110.5375	-40.674369331575704	789	895	119	14	316	203	81	8	87	56	0	0	91.78265810012817	63200	69759.69817495346	58730	7.072784810126592	
-2112795.4233170403	100.375	10.333333333333334	183.01282051282053	114.24358974358974	-40.674369331575704	790	897	200	15.0	362.0	220.0	15	8.0	107.0	69.0	0	0	87.61466598510742	63280	69847.31284093857	58803	7.074905183312268	
-2087883.8847423599	100.575	10.367088607594937	182.9240506329114	113.9873417721519	-40.674369331575704	791	898	146	14.0	357.0	220.0	54	8.0	87.0	56.0	0	0	103.64032530784607	63360	69950.95316624641	58878	7.073863636363626	
-1725369.2350570206	99.0875	10.30379746835443	176.48101265822785	110.30379746835443	-40.674369331575704	792	899	147	13.0	276.0	171.0	42	8.0	85.0	55.0	0	0	86.38121819496155	63440	70037.33438444138	58953	7.072824716267334	
-2312773.156028485	100.4625	10.467532467532468	191.5974025974026	119.44155844155844	-40.674369331575704	793	902	169	17.0	433.0	270.0	31	9.0	129.0	82.0	0	0	93.12953186035156	63520	70130.46391630173	59025	7.076511335012597	
-1462821.593739835	104.5875	10.35897435897436	186.14102564102564	116.03846153846153	-40.674369331575704	794	904	149	16.0	380.0	237.0	51	9.0	104.0	67.0	0	0	90.0512523651123	63600	70220.51516866684	59099	7.077044025157235	
-1837933.1473154798	101.525	10.275	174.2	108.5125	-40.674369331575704	795	904	142	13	294	181	72	9	111	72	0	0	90.08967399597168	63680	70310.60484266281	59174	7.076005025125625	
-2400313.324987682	103.0875	10.367088607594937	180.37974683544303	112.60759493670886	-40.674369331575704	796	905	181	13.0	355.0	217.0	19	9.0	98.0	63.0	0	0	83.54891157150269	63760	70394.15375423431	59249	7.0749686323713945	
-1862827.4094704227	102.1	10.320512820512821	178.21794871794873	111.44871794871794	-40.674369331575704	797	907	166	13.0	330.0	209.0	34	9.0	106.0	67.0	0	0	76.78278851509094	63840	70470.9365427494	59323	7.075501253132828	
-1975228.5482265144	99.4875	10.25974025974026	179.9090909090909	112.22077922077922	-40.674369331575704	798	910	158	15.0	390.0	241.0	42	8.0	87.0	56.0	0	0	82.12943363189697	63920	70553.0659763813	59396	7.077596996245305	
-1712729.907254211	100.375	10.311688311688311	176.75324675324674	110.76623376623377	-40.674369331575704	799	913	161	15.0	261.0	166.0	39	8.0	101.0	65.0	0	0	73.22390556335449	64000	70626.28988194466	59468	7.081249999999997	
-2287802.940920252	100.8875	10.2375	178.1375	111.2625	-40.674369331575704	800	913	149	14	263	162	43	8	87	56	0	0	76.29973554611206	64080	70702.58961749077	59543	7.080212234706622	
-2112733.0352242324	97.2125	10.316455696202532	182.0253164556962	113.65822784810126	-40.674369331575704	801	914	177	12.0	297.0	185.0	28	10.0	109.0	70.0	0	0	92.66222763061523	64160	70795.25184512138	59618	7.079177057356617	
-1887742.4461618986	101.0125	10.2625	182.1375	113.5125	-40.674369331575704	802	914	126	13	297	182	74	8	95	61	0	0	92.40263772010803	64240	70887.65448284149	59693	7.078144458281443	
-1800384.3630180068	100.5625	10.1625	172.9	107.8875	-40.674369331575704	803	914	159	13	372	226	39	8	109	70	0	0	79.47012329101562	64320	70967.12460613251	59768	7.077114427860693	
-1850299.9512180104	100.275	10.448717948717949	173.52564102564102	108.64102564102564	-40.674369331575704	804	916	143	14.0	299.0	187.0	57	8.0	107.0	69.0	0	0	86.29782032966614	64400	71053.42242646217	59842	7.077639751552795	
-2250301.203752135	100.3	10.2625	178.35	111.3375	-40.674369331575704	805	916	131	14	359	218	69	9	139	87	0	0	90.81594777107239	64480	71144.23837423325	59918	7.07506203473946	
-1550364.5715568534	100.025	10.443037974683545	186.873417721519	116.34177215189874	-40.674369331575704	806	917	158	15.0	342.0	215.0	42	9.0	108.0	70.0	0	0	91.29588913917542	64560	71235.53426337242	59992	7.075588599752166	
-1412778.2722401477	101.0375	10.4	189.1375	117.625	-40.674369331575704	807	917	141	14	343	208	64	8	108	69	0	0	89.7509355545044	64640	71325.28519892693	60067	7.074566831683171	
-2025279.5821640738	101.35	10.3125	173.925	108.6	-40.674369331575704	808	917	191	14	308	192	46	8	101	65	0	0	83.94938039779663	64720	71409.23457932472	60141	7.075092707045741	
-1712755.5351125249	98.725	10.064102564102564	173.25641025641025	107.85897435897436	-40.674369331575704	809	919	151	12.0	281.0	178.0	49	8.0	87.0	56.0	0	0	83.5816605091095	64800	71492.81623983383	60214	7.077160493827165	
-1737789.8456823672	95.3375	10.371794871794872	188.7051282051282	117.32051282051282	-40.674369331575704	810	921	127	13.0	332.0	208.0	52	9.0	103.0	67.0	0	0	92.00765872001648	64880	71584.82389855385	60287	7.079223181257703	
-2325267.396266458	97.0625	10.569620253164556	181.43037974683546	113.22784810126582	-40.674369331575704	811	922	181	16.0	316.0	198.0	46	8.0	95.0	61.0	0	0	84.47236824035645	64960	71669.2962667942	60361	7.079741379310349	
-1525288.3261653925	97.5625	10.307692307692308	173.07692307692307	107.93589743589743	-40.674369331575704	812	924	163	16.0	289.0	181.0	37	8.0	80.0	52.0	0	0	82.31424880027771	65040	71751.61051559448	60433	7.083333333333329	
-2200363.2642424544	96.8125	10.25	168.98684210526315	105.60526315789474	-40.674369331575704	813	928	158	14.0	300.0	188.0	42	8.0	107.0	69.0	0	0	77.96568441390991	65120	71829.57620000839	60503	7.089987714987714	
-1862823.2483956902	99.3125	10.175	182.7	113.7625	-40.674369331575704	814	928	148	14	357	217	52	9	101	65	0	0	88.39201664924622	65200	71917.96821665764	60577	7.0904907975460105	
-2062875.5646026332	99.025	10.355263157894736	187.80263157894737	117.0	-40.674369331575704	815	932	164	13.0	291.0	176.0	36	8.0	87.0	56.0	0	0	93.49639678001404	65280	72011.46461343765	60649	7.094056372549019	
-2212811.7957452536	98.8125	10.460526315789474	192.89473684210526	119.88157894736842	-40.674369331575704	816	936	172	14.0	291.0	176.0	36	9.0	110.0	71.0	0	0	93.01209783554077	65360	72104.4767112732	60719	7.100673194614444	
-2362758.3985388717	95.975	10.346666666666666	182.4	113.4	-40.674369331575704	817	941	173	17.0	291.0	176.0	27	9.0	107.0	69.0	0	0	94.65014863014221	65440	72199.12685990334	60789	7.107273838630817	
-2100377.6855901177	97.15	10.31081081081081	179.5	111.87837837837837	-40.674369331575704	818	947	171	15.0	336.0	203.0	18	9.0	103.0	66.0	0	0	75.23043966293335	65520	72274.35729956627	60859	7.1138583638583555	
-2050234.5373346913	99.9625	10.311688311688311	177.25974025974025	110.58441558441558	-40.674369331575704	819	950	175	14.0	301.0	187.0	25	9.0	130.0	83.0	0	0	83.39636993408203	65600	72357.75366950035	60932	7.1158536585365795	
-2262785.9897683025	102.1625	10.39240506329114	177.70886075949366	111.15189873417721	-40.674369331575704	820	951	186	15.0	329.0	199.0	50	9.0	95.0	61.0	0	0	74.13927268981934	65680	72431.89294219017	61006	7.116321559074308	
-1887820.5601537242	98.025	10.493506493506494	190.64935064935065	118.68831168831169	-40.674369331575704	821	954	169	15.0	272.0	165.0	27	9.0	135.0	84.0	0	0	89.48605537414551	65760	72521.37899756432	61079	7.118309002433094	
-2012689.0166374668	101.4625	10.423076923076923	180.35897435897436	112.48717948717949	-40.674369331575704	822	956	167	15.0	313.0	195.0	33	9.0	101.0	65.0	0	0	77.8262369632721	65840	72599.20523452759	61153	7.118772782503029	
-2362807.716036959	101.8	10.405063291139241	178.74683544303798	111.69620253164557	-40.674369331575704	823	957	173	14.0	288.0	178.0	38	8.0	101.0	65.0	0	0	87.72150182723999	65920	72686.92673635483	61228	7.117718446601941	
-1487787.813317446	100.425	10.455696202531646	182.86075949367088	114.22784810126582	-40.674369331575704	824	958	165	17.0	299.0	188.0	35	8.0	126.0	81.0	0	0	77.72317743301392	66000	72764.64991378784	61302	7.118181818181824	
-2012739.148957745	100.7	10.333333333333334	183.07692307692307	114.21794871794872	-40.674369331575704	825	960	152	15.0	419.0	255.0	42	8.0	87.0	56.0	0	0	85.97702121734619	66080	72850.62693500519	61376	7.118644067796609	
-1562857.3324532553	101.775	10.26923076923077	178.94871794871796	111.56410256410257	-40.674369331575704	826	962	159	16.0	323.0	196.0	41	8.0	87.0	56.0	0	0	94.41951394081116	66160	72945.046448946	61450	7.119105199516326	
-1612886.2168710087	101.4125	10.278481012658228	173.9367088607595	108.78481012658227	-40.674369331575704	827	963	162	14.0	357.0	217.0	74	8.0	87.0	56.0	0	0	85.13194513320923	66240	73030.17839407921	61524	7.1195652173912976	
-2450260.2468489064	99.35	10.291139240506329	180.58227848101265	113.0253164556962	-40.674369331575704	828	964	154	13.0	292.0	182.0	46	9.0	127.0	80.0	0	0	79.54870915412903	66320	73109.72710323334	61597	7.121531966224367	
-2250176.725064224	99.7375	10.4375	183.8	114.725	-40.674369331575704	829	964	164	16	318	201	36	8	87	56	0	0	87.6293888092041	66400	73197.35649204254	61672	7.120481927710841	
-2200233.2200775067	102.1625	10.333333333333334	185.30769230769232	115.58974358974359	-40.674369331575704	830	966	166	14.0	301.0	191.0	52	8.0	95.0	61.0	0	0	78.35552477836609	66480	73275.71201682091	61746	7.120938628158839	
-1837739.6262104665	103.3125	10.291139240506329	175.84810126582278	109.83544303797468	-40.674369331575704	831	967	184	15.0	298.0	186.0	62	9.0	98.0	63.0	0	0	83.64917612075806	66560	73359.36119294167	61819	7.122896634615387	
-2250307.145432635	101.8375	10.35	176.875	110.5375	-40.674369331575704	832	967	149	13	324	200	52	9	96	62	0	0	81.34221076965332	66640	73440.70340371132	61893	7.123349339735896	
-1312761.6799042244	101.225	10.240506329113924	176.44303797468353	110.17721518987342	-40.674369331575704	833	968	164	15.0	295.0	188.0	36	9.0	111.0	72.0	0	0	76.78913593292236	66720	73517.49253964424	61968	7.122302158273385	
-1825384.852041471	100.0	10.227848101265822	170.8227848101266	106.79746835443038	-40.674369331575704	834	969	190	12.0	283.0	172.0	10	8.0	87.0	56.0	0	0	76.3542971611023	66800	73593.84683680534	62042	7.122754491017972	
-1500408.6894319193	100.0	10.3375	175.775	109.875	-40.674369331575704	835	969	134	14	298	187	66	9	112	72	0	0	75.44111180305481	66880	73669.2879486084	62118	7.1202153110047846	
-1312933.127172784	100.3125	10.215189873417721	162.37974683544303	101.74683544303798	-40.674369331575704	836	970	158	12.0	252.0	155.0	42	8.0	93.0	60.0	0	0	74.13188648223877	66960	73743.41983509064	62193	7.119175627240153	
-2337804.8425436923	100.0625	10.397435897435898	182.23076923076923	113.6025641025641	-40.674369331575704	837	972	189	14.0	292.0	179.0	11	9.0	110.0	71.0	0	0	87.96542382240295	67040	73831.38525891304	62267	7.1196300715990475	
-2137752.346215646	100.0125	10.375	180.725	112.7375	-40.674369331575704	838	972	160	13	348	209	40	9	134	87	0	0	92.17988729476929	67120	73923.56514620781	62343	7.117103694874842	
-2237865.337797904	100.15	10.49367088607595	192.54430379746836	119.83544303797468	-40.674369331575704	839	973	159	14.0	372.0	223.0	41	9.0	123.0	78.0	0	0	98.81766271591187	67200	74022.38280892372	62418	7.116071428571431	
-1937754.864479984	100.625	10.166666666666666	179.30769230769232	111.76923076923077	-40.674369331575704	840	975	155	14.0	372.0	223.0	45	9.0	101.0	65.0	0	0	78.36010694503784	67280	74100.74291586876	62492	7.116527942925089	
-2237852.700877403	98.7375	10.23076923076923	168.01282051282053	104.97435897435898	-40.674369331575704	841	977	155	13.0	282.0	171.0	45	8.0	87.0	56.0	0	0	83.09910702705383	67360	74183.84202289581	62566	7.116983372921609	
-2975356.216509224	100.0	10.367088607594937	173.9240506329114	108.83544303797468	-40.674369331575704	842	978	143	15.0	323.0	203.0	57	9.0	101.0	65.0	0	0	78.8889856338501	67440	74262.73100852966	62640	7.117437722419922	
-1387829.1281226377	102.125	10.337662337662337	181.6883116883117	112.96103896103897	-40.674369331575704	843	981	191	14.0	300.0	185.0	9	9.0	121.0	78.0	0	0	86.68109917640686	67520	74349.41210770607	62712	7.120853080568722	
-2450331.5638106233	99.35	10.448717948717949	183.7948717948718	114.65384615384616	-40.674369331575704	844	983	170	14.0	394.0	239.0	30	8.0	87.0	56.0	0	0	92.37104678153992	67600	74441.78315448761	62786	7.121301775147927	
-1962791.3080798283	102.625	10.227848101265822	176.81012658227849	110.46835443037975	-40.674369331575704	845	984	185	13.0	315.0	196.0	28	8.0	96.0	62.0	0	0	80.73912763595581	67680	74522.52228212357	62861	7.1202718676122885	
-1875339.618453502	100.35	10.2875	176.4375	110.4125	-40.674369331575704	846	984	154	14	315	196	46	8	113	73	0	0	85.13729166984558	67760	74607.65957379341	62937	7.117768595041312	
-1850321.1727072	101.6875	10.3875	182.3625	113.875	-40.674369331575704	847	984	135	14	270	165	65	8	120	76	0	0	82.71474075317383	67840	74690.37431454659	63013	7.1152712264151035	
-2912873.4475816926	100.1	10.65	191.5125	119.9125	-40.674369331575704	848	984	137	19	462	295	63	9	109	70	0	0	89.65109634399414	67920	74780.02541089058	63089	7.112779740871616	
-1762850.8224601685	101.5125	10.375	179.375	111.9	-40.674369331575704	849	984	177	16	303	188	58	8	125	79	0	0	87.89158844947815	68000	74867.91699934006	63165	7.110294117647058	
-2387727.7643269957	98.525	10.164556962025317	175.91139240506328	109.81012658227849	-40.674369331575704	850	985	157	16.0	387.0	233.0	43	8.0	87.0	56.0	0	0	86.730872631073	68080	74954.64787197113	63240	7.109283196239716	
-2287823.346692904	96.5375	10.291139240506329	183.21518987341773	114.37974683544304	-40.674369331575704	851	986	172	13.0	392.0	240.0	28	8.0	87.0	56.0	0	0	96.54557657241821	68160	75051.19344854355	63315	7.1082746478873275	
-1662932.8258389768	95.4875	10.4	181.96	113.82666666666667	-40.674369331575704	852	991	172	16.0	314.0	203.0	28	8.0	101.0	65.0	0	0	76.68245458602905	68240	75127.87590312958	63386	7.113130128956627	
-1887857.9986258266	99.3625	10.35	183.8375	114.7625	-40.674369331575704	853	991	172	14	455	276	44	9	119	75	0	0	84.07930254936218	68320	75211.95520567894	63461	7.112119437939114	
-1812751.2106373906	98.3375	10.346153846153847	176.57692307692307	110.42307692307692	-40.674369331575704	854	993	147	17.0	328.0	203.0	58	8.0	107.0	69.0	0	0	85.81988430023193	68400	75297.77508997917	63535	7.112573099415215	
-2200292.0051016463	99.9875	10.278481012658228	173.31645569620252	108.24050632911393	-40.674369331575704	855	994	171	15.0	345.0	215.0	29	8.0	87.0	56.0	0	0	90.54000329971313	68480	75388.31509327888	63610	7.111565420560751	
-1112789.6055052257	100.5375	10.2625	178.275	111.0875	-40.674369331575704	856	994	127	14	315	190	73	9	101	65	0	0	80.06119561195374	68560	75468.37628889084	63685	7.110560093348894	
-1687797.519447773	100.35	10.397435897435898	184.46153846153845	115.0	-40.674369331575704	857	996	152	15.0	303.0	185.0	49	9.0	114.0	72.0	0	0	99.79205703735352	68640	75568.16834592819	63759	7.111013986013987	
-2362863.1301199393	100.1875	10.189873417721518	179.16455696202533	111.9873417721519	-40.674369331575704	858	997	152	13.0	303.0	185.0	52	9.0	112.0	72.0	0	0	87.49908351898193	68720	75655.66742944717	63833	7.111466821885912	
-2062833.2333450527	101.4375	10.240506329113924	185.54430379746836	115.31645569620254	-40.674369331575704	859	998	168	15.0	439.0	265.0	46	9.0	106.0	67.0	0	0	116.75170063972473	68800	75772.4191300869	63907	7.1119186046511516	
-2025231.6302512847	101.925	10.164556962025317	179.37974683544303	111.92405063291139	-40.674369331575704	860	999	136	13.0	428.0	265.0	64	8.0	84.0	54.0	0	0	111.36745285987854	68880	75883.78658294678	63980	7.113821138211378	
-1787744.1381455748	101.725	10.076923076923077	170.65384615384616	106.7051282051282	-40.674369331575704	861	1001	184	13.0	320.0	201.0	16	8.0	108.0	70.0	0	0	102.76877760887146	68960	75986.55536055565	64054	7.114269141531324	
-1362801.6230749174	99.7625	10.20253164556962	172.46835443037975	107.79746835443038	-40.674369331575704	862	1002	154	13.0	302.0	186.0	46	8.0	101.0	65.0	0	0	101.59122276306152	69040	76088.14658331871	64129	7.11326767091542	
-2162804.4682163713	100.7	10.294871794871796	180.14102564102564	112.43589743589743	-40.674369331575704	863	1004	157	14.0	347.0	210.0	43	9.0	88.0	57.0	0	0	103.08353900909424	69120	76191.2301223278	64203	7.1137152777777715	
-2037725.922502928	100.275	10.225	178.225	111.2375	-40.674369331575704	864	1004	147	13	307	188	53	8	87	56	0	0	101.82085990905762	69200	76293.05098223686	64278	7.112716763005778	
-2462746.03569865	98.65	10.223684210526315	184.1578947368421	114.71052631578948	-40.674369331575704	865	1008	193	12.0	289.0	180.0	7	8.0	98.0	63.0	0	0	104.84090209007263	69280	76397.89188432693	64350	7.116050808314085	
-2512861.803262724	99.4875	10.487179487179487	183.9102564102564	114.7948717948718	-40.674369331575704	866	1010	165	14.0	291.0	176.0	35	8.0	111.0	72.0	0	0	105.72911238670349	69360	76503.62099671364	64424	7.116493656286053	
-2225341.9264639714	98.775	10.397435897435898	176.5	110.32051282051282	-40.674369331575704	867	1012	148	15.0	290.0	180.0	35	8.0	101.0	65.0	0	0	104.84011745452881	69440	76608.46111416817	64498	7.116935483870961	
-1837825.6274908315	100.8125	10.210526315789474	184.48684210526315	114.89473684210526	-40.674369331575704	868	1016	164	14.0	294.0	184.0	34	8.0	101.0	65.0	0	0	105.31876564025879	69520	76713.77987980843	64570	7.120253164556971	
-1625305.3245700444	99.5625	10.139240506329115	172.16455696202533	107.68354430379746	-40.674369331575704	869	1017	149	15.0	298.0	189.0	46	8.0	101.0	65.0	0	0	94.0107672214508	69600	76807.79064702988	64643	7.122126436781599	
-1812808.5966606084	102.675	10.2375	174.1875	108.85	-40.674369331575704	870	1017	159	15	320	200	39	8	101	65	0	0	96.83932209014893	69680	76904.62996912003	64718	7.121125143513211	
-1362825.5957461894	104.625	10.23076923076923	178.24358974358975	111.02564102564102	-40.674369331575704	871	1019	175	14.0	335.0	203.0	25	8.0	109.0	70.0	0	0	100.83396744728088	69760	77005.4639365673	64791	7.122993119266056	
-2000327.9080558338	106.0625	10.3875	179.45	112.25	-40.674369331575704	872	1019	193	15	424	256	41	8	101	65	0	0	96.5612108707428	69840	77102.02514743805	64867	7.120561282932414	
-1512778.4027101176	101.375	10.102564102564102	168.32051282051282	105.21794871794872	-40.674369331575704	873	1021	189	13.0	299.0	181.0	11	8.0	93.0	60.0	0	0	99.37538266181946	69920	77201.40053009987	64941	7.120995423340958	
-2100224.3134191283	102.3875	10.538461538461538	186.57692307692307	116.56410256410257	-40.674369331575704	874	1023	165	16.0	310.0	198.0	35	8.0	87.0	56.0	0	0	109.63041090965271	70000	77311.03094100952	65015	7.121428571428567	
-1700246.415551357	102.55	10.423076923076923	188.14102564102564	117.35897435897436	-40.674369331575704	875	1025	154	16.0	383.0	243.0	51	9.0	135.0	86.0	0	0	120.14227938652039	70080	77431.17322039604	65089	7.12186073059361	
-2175275.535148441	101.825	10.337662337662337	186.32467532467533	116.25974025974025	-40.674369331575704	876	1028	183	17.0	281.0	182.0	17	8.0	109.0	70.0	0	0	101.16248106956482	70160	77532.3357014656	65161	7.1251425313569	
-1775246.744754051	101.075	10.278481012658228	175.67088607594937	109.67088607594937	-40.674369331575704	877	1029	182	14.0	332.0	205.0	18	9.0	98.0	63.0	0	0	78.97051119804382	70240	77611.30621266365	65234	7.126993166287022	
-2575272.28859083	100.5875	10.5625	190.3875	118.925	-40.674369331575704	878	1029	163	15	334	212	37	9	120	76	0	0	91.91533899307251	70320	77703.22155165672	65310	7.1245733788395995	
-1175337.4656673553	100.6125	10.367088607594937	182.58227848101265	114.0126582278481	-40.67369310795994	879	1030	137	14.0	357.0	217.0	62	9.0	127.0	81.0	0	0	81.66313433647156	70400	77784.8846859932	65385	7.123579545454547	
-2462809.9794123983	101.15	10.30379746835443	176.64556962025316	110.40506329113924	-40.67369310795994	880	1031	158	13.0	337.0	207.0	42	9.0	108.0	70.0	0	0	75.5693461894989	70480	77860.4540321827	65459	7.12400681044268	
-1337789.669099365	99.8	10.342105263157896	180.17105263157896	112.71052631578948	-40.67369310795994	881	1035	186	16.0	351.0	225.0	14	8.0	92.0	59.0	0	0	78.80149340629578	70560	77939.25552558899	65530	7.128684807256235	
-2700287.3156657116	100.35	10.139240506329115	177.37974683544303	110.86075949367088	-40.67369310795994	882	1036	181	13.0	286.0	178.0	19	8.0	100.0	64.0	0	0	88.16288208961487	70640	78027.4184076786	65605	7.1276896942242445	
-1862759.590780794	100.1125	10.325	179.975	112.05	-40.67369310795994	883	1036	126	15	394	241	74	8	109	70	0	0	104.59554433822632	70720	78132.01395201683	65681	7.125282805429862	
-1862714.3617159717	100.1125	10.215189873417721	172.73417721518987	108.0126582278481	-40.67369310795994	884	1037	166	14.0	294.0	187.0	34	8.0	87.0	56.0	0	0	86.81176137924194	70800	78218.82571339607	65755	7.125706214689259	
-1762887.00773011	102.475	10.39240506329114	190.68354430379748	118.70886075949367	-40.67369310795994	885	1038	168	15.0	420.0	253.0	32	9.0	108.0	70.0	0	0	97.73849439620972	70880	78316.56420779228	65830	7.124717832957103	
-1575386.0425826584	101.15	10.30379746835443	183.0126582278481	114.17721518987342	-40.67369310795994	886	1039	169	14.0	304.0	187.0	31	9.0	120.0	77.0	0	0	86.9192259311676	70960	78403.48343372345	65904	7.125140924464489	
-2575370.802545736	102.6125	10.50632911392405	184.59493670886076	115.43037974683544	-40.67369310795994	887	1040	169	14.0	346.0	214.0	36	9.0	88.0	57.0	0	0	87.33818340301514	71040	78490.82161712646	65978	7.125563063063069	
-2087807.1932344786	100.9625	10.475	187.5625	117.075	-40.67369310795994	888	1040	154	15	295	178	46	9	118	76	0	0	92.87983870506287	71120	78583.70145583153	66053	7.124578177727784	
-1787791.3309459318	100.4125	10.45	186.8	116.4	-40.67369310795994	889	1040	128	17	320	196	72	9	121	77	0	0	104.7528178691864	71200	78688.45427370071	66128	7.1235955056179705	
-2375255.34612942	99.9	10.2375	174.1375	108.8375	-40.67369310795994	890	1040	138	13	276	170	65	8	103	66	0	0	81.51032781600952	71280	78769.96460151672	66203	7.122615039281712	
-2037820.3741910704	100.375	10.125	168.35	105.2	-40.67315399280606	891	1040	152	12	299	185	48	9	107	69	0	0	81.35254001617432	71360	78851.3171415329	66279	7.120235426008975	
-1325364.515467956	104.9375	10.30379746835443	178.60759493670886	111.10126582278481	-40.67315399280606	892	1041	203	13.0	299.0	185.0	27	8.0	90.0	58.0	0	0	87.38681244850159	71440	78938.7039539814	66351	7.12346024636058	
-1562831.5711962734	106.225	10.23076923076923	181.24358974358975	113.0	-40.67315399280606	893	1043	203	13.0	314.0	197.0	43	8.0	87.0	56.0	0	0	89.70143914222717	71520	79028.40539312363	66424	7.1252796420581745	
-2250311.67949119	102.575	10.384615384615385	186.16666666666666	116.03846153846153	-40.66685014979083	894	1045	150	14.0	362.0	219.0	63	9.0	98.0	63.0	0	0	88.27180171012878	71600	79116.67719483376	66497	7.127094972067042	
-2250382.382851594	101.375	10.333333333333334	182.28205128205127	113.74358974358974	-40.66685014979083	895	1047	173	15.0	364.0	234.0	27	7.0	74.0	48.0	0	0	86.02317953109741	71680	79202.70037436485	66571	7.127511160714278	
-1662754.973559272	99.4	10.329113924050633	181.39240506329114	113.27848101265823	-40.66685014979083	896	1048	156	13.0	275.0	171.0	48	7.0	74.0	48.0	0	0	81.90719223022461	71760	79284.60756659508	66646	7.126532887402448	
-2412798.2329635965	100.475	10.4	177.9375	111.15	-40.66685014979083	897	1048	156	15	321	200	51	9	115	75	0	0	87.195072889328	71840	79371.8026394844	66720	7.126948775055681	
-1900264.646150751	100.0	10.329113924050633	177.35443037974684	110.84810126582279	-40.66685014979083	898	1049	130	14.0	311.0	190.0	70	9.0	98.0	63.0	0	0	83.29225635528564	71920	79455.09489583969	66795	7.125973303670747	
-2362946.2909526825	99.85	10.278481012658228	174.34177215189874	109.0126582278481	-40.66685014979083	899	1050	158	13.0	304.0	184.0	42	9.0	99.0	64.0	0	0	83.00094509124756	72000	79538.09584093094	66869	7.126388888888897	
-1812750.7439016849	99.5125	10.316455696202532	172.0379746835443	107.53164556962025	-40.66685014979083	900	1051	165	14.0	330.0	199.0	35	7.0	82.0	53.0	0	0	76.4573495388031	72080	79614.55319046974	66944	7.125416204217544	
-2725243.066706668	101.1625	10.23076923076923	170.51282051282053	106.42307692307692	-40.66685014979083	901	1053	158	14.0	298.0	183.0	42	9.0	93.0	60.0	0	0	74.99301075935364	72160	79689.5462012291	67017	7.12721729490022	
-2525235.897882144	104.0	10.405063291139241	179.1139240506329	111.82278481012658	-40.66685014979083	902	1054	159	13.0	354.0	216.0	41	9.0	108.0	70.0	0	0	79.40339708328247	72240	79768.94959831238	67092	7.1262458471760795	
-2075290.2296042428	99.5375	10.153846153846153	173.55128205128204	108.24358974358974	-40.66685014979083	903	1056	167	14.0	343.0	212.0	33	9.0	98.0	63.0	0	0	87.38148522377014	72320	79856.33108353615	67165	7.128042035398224	
-2200234.006469624	101.8	10.379746835443038	175.39240506329114	109.79746835443038	-40.66685014979083	904	1057	158	17.0	318.0	196.0	42	9.0	98.0	63.0	0	0	75.07510900497437	72400	79931.40619254112	67240	7.1270718232044175	
-2012780.475900758	99.4	10.474358974358974	175.71794871794873	109.73076923076923	-40.66685014979083	905	1059	158	19.0	288.0	179.0	60	8.0	88.0	57.0	0	0	76.345627784729	72480	80007.75182032585	67313	7.128863134657834	
-2187802.1344589656	98.95	10.316455696202532	179.0253164556962	111.62025316455696	-40.66685014979083	906	1060	165	14.0	349.0	217.0	35	9.0	109.0	70.0	0	0	85.1867527961731	72560	80092.93857312202	67388	7.127894156560089	
-1650245.9080067335	100.325	10.658227848101266	183.91139240506328	114.70886075949367	-40.66685014979083	907	1061	138	15.0	308.0	192.0	62	9.0	107.0	69.0	0	0	82.73699712753296	72640	80175.67557024956	67463	7.1269273127753365	
-1850373.420507002	101.45	10.341772151898734	179.70886075949366	112.12658227848101	-40.66685014979083	908	1062	164	14.0	370.0	225.0	36	8.0	98.0	63.0	0	0	90.83023309707642	72720	80266.50580334663	67538	7.125962596259626	
-1437807.992781893	101.425	10.263157894736842	175.39473684210526	109.51315789473684	-40.66685014979083	909	1066	161	13.0	267.0	163.0	39	8.0	79.0	51.0	0	0	80.89768505096436	72800	80347.4034883976	67610	7.129120879120876	
-1962882.3079194892	103.875	10.4375	176.9125	110.3875	-40.66685014979083	910	1066	171	17	324	199	40	8	107	69	0	0	86.65888381004333	72880	80434.06237220764	67686	7.126783754116346	
-1950440.7996520668	102.8625	10.325	171.75	107.5625	-40.66685014979083	911	1066	211	13	310	195	36	8	108	70	0	0	79.15120005607605	72960	80513.21357226372	67762	7.124451754385959	
-2312910.3121974273	107.5	10.518987341772151	175.45569620253164	109.73417721518987	-40.66685014979083	912	1067	211	15.0	407.0	248.0	52	8.0	112.0	71.0	0	0	86.08812475204468	73040	80599.30169701576	67837	7.123493975903614	
-2162861.7566005415	105.6375	10.225	175.0375	109.1	-40.66685014979083	913	1067	163	13	280	171	50	9	138	86	0	0	84.61645698547363	73120	80683.91815400124	67913	7.121170678336981	
-2287916.4295993946	100.5625	10.35064935064935	178.98701298701297	111.75324675324676	-40.66685014979083	914	1070	159	13.0	306.0	187.0	41	9.0	98.0	63.0	0	0	79.74574518203735	73200	80763.66389918327	67985	7.124316939890704	
-2412819.8431365434	100.2625	10.2625	172.1125	107.6625	-40.66685014979083	915	1070	156	15	344	210	44	8	95	61	0	0	90.26160216331482	73280	80853.92550134659	68060	7.123362445414855	
-2687786.795435468	105.4	10.4	176.3	110.4625	-40.66685014979083	916	1070	152	17	292	179	50	8	95	61	0	0	80.55295276641846	73360	80934.478454113	68136	7.12104689203926	
-1675466.9401304952	106.975	10.325	174.725	109.3625	-40.66685014979083	917	1070	173	15	353	220	67	8	87	56	0	0	75.73485922813416	73440	81010.21331334114	68212	7.118736383442268	
-1600315.0273035425	100.7	10.102564102564102	162.07692307692307	101.55128205128206	-40.66685014979083	918	1072	162	13.0	280.0	172.0	16	8.0	87.0	56.0	0	0	69.6949667930603	73520	81079.9082801342	68285	7.1205114254624675	
-1725430.657916811	105.1125	9.923076923076923	163.96153846153845	102.61538461538461	-40.66685014979083	919	1074	160	14.0	257.0	161.0	35	8.0	87.0	56.0	0	0	66.81513953208923	73600	81146.72341966629	68356	7.125	
-1787913.4865787327	108.0375	9.79746835443038	155.32911392405063	97.45569620253164	-40.66685014979083	920	1075	204	14.0	305.0	191.0	35	8.0	87.0	56.0	0	0	67.7471878528595	73680	81214.47060751915	68430	7.125407166123779	
-1850355.973218099	105.5625	9.9125	168.275	105.025	-40.66685014979083	921	1075	156	13	305	193	67	7	82	53	0	0	86.96835088729858	73760	81301.43895840645	68505	7.124457700650751	
-1975334.684606126	102.9125	10.189873417721518	174.0379746835443	108.62025316455696	-40.66685014979083	922	1076	183	14.0	343.0	208.0	43	8.0	90.0	58.0	0	0	85.86916255950928	73840	81387.30812096596	68580	7.1235102925243865	
-2175221.8058475396	100.9375	10.2	177.625	110.6625	-40.66685014979083	923	1076	156	14	286	176	44	8	86	56	0	0	97.16546559333801	73920	81484.4735865593	68656	7.1212121212121104	
-1900361.2231353384	102.075	10.1625	179.225	111.8375	-40.66685014979083	924	1076	156	13	289	178	44	8	86	56	0	0	85.81428074836731	74000	81570.28786730766	68732	7.118918918918922	
-2012873.8474492542	100.2625	10.25	180.325	112.2875	-40.66685014979083	925	1076	150	14	343	208	50	9	119	75	0	0	91.76079249382019	74080	81662.04865980148	68808	7.116630669546424	
-1887806.5677979174	100.5	10.177215189873417	174.62025316455697	108.75949367088607	-40.66685014979083	926	1077	142	16.0	325.0	196.0	58	8.0	82.0	53.0	0	0	87.10466408729553	74160	81749.15332388878	68883	7.11569579288026	
-1737848.0313162585	99.675	10.443037974683545	177.0506329113924	110.32911392405063	-40.66685014979083	927	1078	170	15.0	406.0	248.0	42	8.0	98.0	63.0	0	0	94.56217432022095	74240	81843.715498209	68958	7.114762931034477	
-1650313.8840317565	98.8625	10.151898734177216	170.9873417721519	106.86075949367088	-40.66685014979083	928	1079	147	13.0	334.0	208.0	62	9.0	98.0	63.0	0	0	81.74109530448914	74320	81925.45659351349	69032	7.115177610333689	
-1575360.9270864893	99.8625	10.0	169.23376623376623	105.83116883116882	-40.66685014979083	929	1082	197	13.0	365.0	230.0	36	8.0	79.0	51.0	0	0	74.47182369232178	74400	81999.92841720581	69105	7.116935483870961	
-2312974.145882332	102.5625	10.1875	169.7	106.025	-40.66685014979083	930	1082	197	13	298	183	56	9	98	63	0	0	82.51266026496887	74480	82082.44107747078	69180	7.116004296455429	
-2350250.6184509383	101.3125	10.474358974358974	178.96153846153845	111.8076923076923	-40.66685014979083	931	1084	183	14.0	329.0	200.0	17	8.0	93.0	60.0	0	0	86.36223483085632	74560	82168.80331230164	69253	7.117757510729618	
-2050364.7306431704	101.675	10.341772151898734	180.46835443037975	112.48101265822785	-40.66685014979083	932	1085	149	13.0	303.0	187.0	51	9.0	108.0	70.0	0	0	93.19734930992126	74640	82262.00066161156	69327	7.1181672025723515	
-1825426.9313272976	98.6375	10.328947368421053	184.73684210526315	115.1842105263158	-40.66685014979083	933	1089	181	15.0	399.0	248.0	19	8.0	101.0	65.0	0	0	82.83259582519531	74720	82344.83325743675	69398	7.122591006423988	
-1925369.346396268	97.975	10.35064935064935	182.74025974025975	113.92207792207792	-40.66685014979083	934	1092	162	14.0	354.0	215.0	13	9.0	111.0	72.0	0	0	83.88205885887146	74800	82428.71531629562	69471	7.12433155080214	
-2537730.0889239623	100.15	10.475	177.65	111.05	-40.66685014979083	935	1092	156	15	358	225	44	8	108	70	0	0	87.2185366153717	74880	82515.933852911	69547	7.122061965811966	
-2425352.861409544	100.0	10.376623376623376	181.7922077922078	113.55844155844156	-40.66685014979083	936	1095	180	15.0	354.0	215.0	20	8.0	98.0	63.0	0	0	88.39081192016602	74960	82604.32466483116	69620	7.123799359658491	
-2512798.30680975	101.6125	10.329113924050633	184.56962025316454	115.36708860759494	-40.66685014979083	937	1096	156	13.0	354.0	217.0	44	8.0	95.0	61.0	0	0	90.12788510322571	75040	82694.45254993439	69695	7.1228678038379485	
-2512815.538763143	100.4625	10.0	172.2948717948718	107.58974358974359	-40.66685014979083	938	1098	156	13.0	262.0	161.0	53	8.0	98.0	63.0	0	0	83.39839601516724	75120	82777.85094594955	69769	7.123269435569753	
-1787838.2629614198	99.675	10.240506329113924	172.91139240506328	107.82278481012658	-40.66685014979083	939	1099	141	16.0	388.0	240.0	59	8.0	97.0	63.0	0	0	63.028058767318726	75200	82840.87900471687	69843	7.123670212765958	
-1762798.1447332874	99.4625	10.443037974683545	180.0126582278481	112.18987341772151	-40.66685014979083	940	1100	162	15.0	370.0	225.0	38	8.0	96.0	62.0	0	0	31.702766180038452	75280	82872.58177089691	69918	7.122741764080757	
-1800292.9039436951	100.575	10.64102564102564	188.74358974358975	117.52564102564102	-40.66685014979083	941	1102	180	18.0	363.0	235.0	20	8.0	87.0	56.0	0	0	30.691444396972656	75360	82903.27321529388	69992	7.12314225053079	
-2462758.307559402	100.0	10.341772151898734	184.63291139240508	115.0506329113924	-40.66685014979083	942	1103	161	14.0	291.0	180.0	39	8.0	96.0	62.0	0	0	35.82947254180908	75440	82939.1026878357	70067	7.122216330858961	
-2125319.421923169	99.9	10.1375	176.975	110.25	-40.66685014979083	943	1103	134	13	352	213	66	8	105	68	0	0	30.685256719589233	75520	82969.78794455528	70142	7.121292372881356	
-1875465.9991317585	100.15	10.153846153846153	170.6153846153846	106.44871794871794	-40.66685014979083	944	1105	177	13.0	310.0	188.0	23	8.0	97.0	63.0	0	0	27.761446952819824	75600	82997.5493915081	70215	7.1230158730158735	
-2362717.96766309	100.75	10.075949367088608	166.21518987341773	103.9620253164557	-40.66685014979083	945	1106	146	14.0	328.0	203.0	54	8.0	87.0	56.0	0	0	29.737677574157715	75680	83027.28706908226	70290	7.122093023255815	
-2250359.7770823683	100.1	9.95	162.625	101.8875	-40.66685014979083	946	1106	153	14	301	188	47	8	98	63	0	0	25.650861024856567	75760	83052.93793010712	70365	7.121172122492084	
-3062811.0617475742	100.225	9.924050632911392	160.873417721519	100.89873417721519	-40.66685014979083	947	1107	150	13.0	249.0	156.0	50	7.0	74.0	48.0	0	0	27.795151472091675	75840	83080.73308157921	70440	7.120253164556971	
-2450359.3970370395	99.275	10.379746835443038	178.36708860759492	111.32911392405063	-40.66685014979083	948	1108	170	16.0	288.0	179.0	44	8.0	96.0	62.0	0	0	32.77809238433838	75920	83113.51117396355	70514	7.1206533192834485	
-2462792.945609161	100.65	10.177215189873417	170.58227848101265	106.69620253164557	-40.66685014979083	949	1109	161	14.0	372.0	225.0	39	7.0	74.0	48.0	0	0	29.333731174468994	76000	83142.84490513802	70587	7.122368421052627	
-1875368.9326359392	99.6625	10.113924050632912	173.68354430379748	108.62025316455696	-40.66685014979083	950	1110	127	19.0	381.0	241.0	61	8.0	79.0	51.0	0	0	31.1571307182312	76080	83174.00203585625	70662	7.121451104100956	
-2225454.8769079596	101.475	10.278481012658228	175.45569620253164	109.81012658227849	-40.66685014979083	951	1111	132	14.0	292.0	182.0	81	8.0	79.0	51.0	0	0	27.38062024116516	76160	83201.38265609741	70737	7.120535714285708	
-1487919.6062058914	101.4125	10.1375	177.725	110.95	-40.66685014979083	952	1111	144	13	325	199	56	8	102	66	0	0	27.756553173065186	76240	83229.13920927048	70812	7.119622245540398	
-1887877.2382527038	100.4	10.151898734177216	171.9620253164557	107.31645569620254	-40.66685014979083	953	1112	150	13.0	291.0	176.0	50	8.0	94.0	61.0	0	0	29.211941957473755	76320	83258.35115122795	70886	7.120020964360592	
-1800360.1275628705	99.75	10.15	172.0625	107.175	-40.66685014979083	954	1112	150	13	312	188	50	8	108	70	0	0	29.998507499694824	76400	83288.34965872765	70961	7.119109947643977	
-2237741.2362677776	99.875	10.25	177.67105263157896	110.84210526315789	-40.66685014979083	955	1116	171	14.0	331.0	203.0	29	8.0	90.0	58.0	0	0	29.958092212677002	76480	83318.30775094032	71033	7.122123430962347	
-2100320.635152658	100.55	10.375	187.3125	116.8875	-40.66685014979083	956	1116	159	14	391	246	41	9	101	65	0	0	28.49176836013794	76560	83346.79951930046	71109	7.119905956112845	
-1762778.338863422	100.225	10.337662337662337	182.55844155844156	113.97402597402598	-40.66685014979083	957	1119	153	14.0	396.0	239.0	47	9.0	135.0	86.0	0	0	31.195924758911133	76640	83377.99544405937	71182	7.1216075156576295	
-2000242.9906295016	100.15	10.294871794871796	177.74358974358975	110.85897435897436	-40.66685014979083	958	1121	159	16.0	321.0	195.0	41	8.0	87.0	56.0	0	0	31.363104581832886	76720	83409.3585486412	71255	7.123305526590201	
-1775291.0171831422	100.9625	10.5	186.6153846153846	116.43589743589743	-40.66685014979083	959	1123	187	15.0	451.0	278.0	19	8.0	108.0	70.0	0	0	28.965779542922974	76800	83438.32432818413	71329	7.123697916666671	
-2625218.47118898	100.425	10.397435897435898	185.39743589743588	115.8076923076923	-40.66685014979083	960	1125	159	16.0	399.0	247.0	52	9.0	130.0	84.0	0	0	28.529035091400146	76880	83466.85336327553	71403	7.124089490114457	
-1850321.5419190414	100.0	10.30379746835443	172.45569620253164	107.69620253164557	-40.66685014979083	961	1126	165	14.0	326.0	205.0	35	9.0	85.0	55.0	0	0	28.471999883651733	76960	83495.32536315918	71478	7.123180873180871	
-1987816.8567972623	99.375	10.285714285714286	171.62337662337663	107.24675324675324	-40.66685014979083	962	1129	169	15.0	309.0	189.0	31	8.0	109.0	70.0	0	0	31.24498438835144	77040	83526.57034754753	71551	7.124870197300098	
-2550257.372068254	99.225	10.546666666666667	176.04	110.05333333333333	-40.66685014979083	963	1134	179	20.0	535.0	318.0	21	8.0	85.0	55.0	0	0	27.52570867538452	77120	83554.09605622292	71621	7.1304460580912945	
-2250376.0894960756	99.2375	10.632911392405063	179.18987341772151	112.0253164556962	-40.66685014979083	964	1135	173	18.0	322.0	195.0	43	9.0	109.0	70.0	0	0	29.36470866203308	77200	83583.46076488495	71696	7.129533678756474	
-2325387.745327064	99.025	10.243589743589743	173.55128205128204	108.74358974358974	-40.66685014979083	965	1137	182	13.0	316.0	195.0	18	8.0	79.0	51.0	0	0	26.870768070220947	77280	83610.33153295517	71770	7.129917184265011	
-2575321.310542377	103.3125	10.417721518987342	184.9367088607595	115.41772151898734	-40.66685014979083	966	1138	214	15.0	303.0	185.0	36	8.0	98.0	63.0	0	0	32.13042998313904	77360	83642.46196293831	71844	7.130299896587388	
-2137784.883257126	104.3	10.384615384615385	183.32051282051282	114.42307692307692	-40.66685014979083	967	1140	182	15.0	324.0	197.0	36	9.0	108.0	70.0	0	0	33.36822509765625	77440	83675.83018803596	71918	7.130681818181813	
-1737771.5123954378	101.075	10.333333333333334	175.64	109.57333333333334	-40.66685014979083	968	1145	182	14.0	333.0	207.0	21	9.0	99.0	64.0	0	0	25.82828450202942	77520	83701.658472538	71989	7.134932920536642	
-2162856.1617306666	104.55	10.3375	175.7625	109.65	-40.66685014979083	969	1145	182	17	396	246	33	8	108	70	0	0	31.20878005027771	77600	83732.86725258827	72065	7.132731958762889	
-1000376.902511308	105.2875	10.35	171.3	107.0875	-40.66685014979083	970	1145	182	13	281	176	42	8	108	70	0	0	27.938746452331543	77680	83760.8059990406	72140	7.131822863027807	
-2187778.3633828973	101.025	10.207792207792208	165.96103896103895	103.7012987012987	-40.66685014979083	971	1148	183	12.0	282.0	177.0	37	9.0	113.0	73.0	0	0	26.788830757141113	77760	83787.59482979774	72213	7.133487654320987	
-1787846.0776724175	98.6875	10.417721518987342	172.73417721518987	108.15189873417721	-40.66685014979083	972	1149	163	14.0	320.0	196.0	43	9.0	108.0	70.0	0	0	28.39926266670227	77840	83815.99409246445	72287	7.133864337101741	
-2825405.276027386	97.0875	10.379746835443038	173.68354430379748	108.53164556962025	-40.66685014979083	973	1150	165	14.0	506.0	303.0	36	8.0	98.0	63.0	0	0	31.487255811691284	77920	83847.48134827614	72362	7.132956878850109	
-1712804.8398256425	98.3625	10.166666666666666	173.98717948717947	108.5	-40.66685014979083	974	1152	169	13.0	296.0	180.0	31	8.0	90.0	58.0	0	0	30.453359603881836	78000	83877.93470788002	72435	7.134615384615387	
-1937842.2291273274	103.8625	10.4	185.2125	115.3125	-40.66685014979083	975	1152	190	12	329	200	61	8	95	61	0	0	28.141660928726196	78080	83906.07636880875	72510	7.133709016393439	
-2000343.9239749454	99.125	10.220779220779221	176.03896103896105	109.8051948051948	-40.66685014979083	976	1155	182	13.0	332.0	204.0	18	9.0	108.0	70.0	0	0	25.11349630355835	78160	83931.1898651123	72583	7.135363357215965	
-2312805.7538395887	100.55	10.3	170.9125	106.9125	-40.66685014979083	977	1155	160	13	326	201	69	8	94	61	0	0	26.7064790725708	78240	83957.89634418488	72658	7.13445807770961	
-2275402.068898419	99.625	10.265822784810126	176.45569620253164	110.25316455696202	-40.66685014979083	978	1156	148	17.0	376.0	233.0	52	9.0	93.0	60.0	0	0	31.11778712272644	78320	83989.0141313076	72733	7.1335546475995955	
-2237747.6206075177	103.1	10.5375	172.1875	107.75	-40.66685014979083	979	1156	163	18	301	187	58	9	114	72	0	0	27.199427843093872	78400	84016.2135591507	72808	7.132653061224488	
-1437837.2056284111	100.3125	10.3	173.2125	108.1	-40.66685014979083	980	1156	142	15	348	214	66	9	115	73	0	0	26.772902011871338	78480	84042.98646116257	72880	7.135575942915395	
-2050368.4135042883	100.275	10.151898734177216	164.44303797468353	102.9620253164557	-40.66685014979083	981	1157	161	13.0	295.0	180.0	39	8.0	98.0	63.0	0	0	28.194153785705566	78560	84071.18061494827	72953	7.137219959266801	
-2650249.7195186056	99.7625	10.341772151898734	175.13924050632912	109.55696202531645	-40.66685014979083	982	1158	136	13.0	291.0	179.0	64	9.0	108.0	70.0	0	0	28.20633625984192	78640	84099.38695120811	73027	7.137589013224826	
-2275295.6437145416	100.35	10.367088607594937	179.72151898734177	112.32911392405063	-40.66685014979083	983	1159	198	16.0	319.0	205.0	2	8.0	93.0	60.0	0	0	32.67931008338928	78720	84132.0662612915	73102	7.136686991869922	
-2375389.1675012643	98.9125	10.341772151898734	173.68354430379748	108.86075949367088	-40.66685014979083	984	1160	169	14.0	332.0	208.0	31	8.0	82.0	53.0	0	0	27.912668704986572	78800	84159.97892999649	73177	7.135786802030452	
-1700301.1449564572	99.275	10.475	176.8625	110.6	-40.66685014979083	985	1160	140	14	310	188	60	9	115	73	0	0	25.386743545532227	78880	84185.36567354202	73252	7.134888438133885	
-2650234.8433779413	99.9375	10.460526315789474	177.18421052631578	111.22368421052632	-40.66685014979083	986	1164	172	15.0	384.0	241.0	28	8.0	94.0	61.0	0	0	25.612682819366455	78960	84210.97835636139	73322	7.140324214792301	
-2312833.257812294	97.7125	10.4625	176.625	110.675	-40.66685014979083	987	1164	143	15	298	185	57	8	101	65	0	0	28.820164918899536	79040	84239.79852128029	73397	7.13942307692308	
-3050365.701902432	98.95	10.289473684210526	172.10526315789474	107.6842105263158	-40.66685014979083	988	1168	181	13.0	336.0	208.0	22	9.0	109.0	70.0	0	0	26.034213066101074	79120	84265.83273434639	73469	7.142315470171894	
-2825490.937935762	99.1375	10.421052631578947	180.53947368421052	112.98684210526316	-40.66685014979083	989	1172	178	14.0	351.0	213.0	22	8.0	98.0	63.0	0	0	27.483105659484863	79200	84293.31584000587	73541	7.145202020202021	
-2275416.152627514	99.0875	10.246753246753247	183.2077922077922	114.06493506493507	-40.66685014979083	990	1175	171	13.0	332.0	202.0	22	9.0	90.0	58.0	0	0	29.162670135498047	79280	84322.47851014137	73613	7.148082744702322	
-2075245.54217652	101.025	10.430379746835444	181.9620253164557	113.44303797468355	-40.66685014979083	991	1176	161	16.0	332.0	202.0	56	9.0	99.0	64.0	0	0	30.392212390899658	79360	84352.87072253227	73687	7.1484375	
-2325338.1546596824	100.7125	10.294871794871796	180.2051282051282	112.64102564102564	-40.66685014979083	992	1178	168	15.0	345.0	217.0	42	9.0	108.0	70.0	0	0	27.99017906188965	79440	84380.86090159416	73760	7.150050352467275	
-1550320.8442085576	101.875	10.177215189873417	173.2405063291139	108.13924050632912	-40.66685014979083	993	1179	167	13.0	272.0	169.0	34	8.0	109.0	71.0	0	0	29.381715536117554	79520	84410.24261713028	73835	7.1491448692152915	
-2000288.8773145801	100.9	10.225	176.175	110.125	-40.66685014979083	994	1179	161	14	354	217	39	9	109	70	0	0	30.630510091781616	79600	84440.87312722206	73911	7.146984924623112	
-2000289.7057911127	104.4375	10.168831168831169	181.9090909090909	113.46753246753246	-40.66685014979083	995	1182	164	15.0	330.0	204.0	42	8.0	119.0	75.0	0	0	27.151355743408203	79680	84468.02448296547	73984	7.148594377510037	
-2037853.9502297402	103.55	10.240506329113924	172.18987341772151	107.73417721518987	-40.66685014979083	996	1183	169	13.0	304.0	190.0	68	8.0	95.0	61.0	0	0	26.71777868270874	79760	84494.74226164818	74059	7.147693079237712	
-2750362.1552999583	102.8375	10.240506329113924	171.68354430379748	107.44303797468355	-40.66685014979083	997	1184	172	15.0	336.0	210.0	73	8.0	109.0	70.0	0	0	26.929422855377197	79840	84521.67168450356	74133	7.148046092184373	
-2787793.8876605816	100.1125	10.2	171.7125	107.075	-40.66685014979083	998	1184	177	13	296	184	23	8	101	65	0	0	25.985658645629883	79920	84547.65734314919	74208	7.147147147147152	
-2137771.2259025835	99.2125	10.320512820512821	180.9102564102564	112.83333333333333	-40.66685014979083	999	1186	144	14.0	286.0	176.0	45	9.0	114.0	72.0	0	0	28.173187732696533	80000	84575.83053088188	74282	7.147499999999994	
-2012787.3708971008	100.275	10.4625	178.375	111.3875	-40.66685014979083	1000	1186	161	16	334	207	39	8	90	58	0	0	29.00631594657898	80080	84604.83684682846	74358	7.145354645354644	
-1625240.2000074117	99.975	10.417721518987342	179.45569620253164	112.15189873417721	-40.66685014979083	1001	1187	193	13.0	306.0	187.0	7	8.0	91.0	59.0	0	0	28.903472423553467	80160	84633.74031925201	74433	7.144461077844312	
-3037827.853818917	100.5625	10.6125	186.525	116.825	-40.66685014979083	1002	1187	167	14	332	205	33	9	103	66	0	0	30.021164417266846	80240	84663.76148366928	74509	7.142323030907278	
-2200337.938492359	100.5375	10.3625	182.125	113.9625	-40.66685014979083	1003	1187	145	14	287	179	33	9	108	70	0	0	31.398138999938965	80320	84695.15962266922	74584	7.141434262948209	
-1600407.6228439878	102.425	10.2625	179.45	112.025	-40.66685014979083	1004	1187	147	16	279	177	53	9	125	79	0	0	29.489264011383057	80400	84724.6488866806	74660	7.139303482587067	
-1937764.0087104465	102.575	10.175	179.2125	111.8	-40.66685014979083	1005	1187	145	15	408	247	53	9	98	63	0	0	32.694880962371826	80480	84757.34376764297	74736	7.137176938369777	
-2462818.7372958018	101.425	10.402597402597403	179.33766233766235	111.88311688311688	-40.66685014979083	1006	1190	175	15.0	320.0	198.0	25	8.0	100.0	65.0	0	0	32.477702140808105	80560	84789.82146978378	74809	7.138778550148956	
-2475187.9580554063	99.3125	10.24	175.8	109.66666666666667	-40.66685014979083	1007	1195	159	15.0	414.0	254.0	25	8.0	99.0	64.0	0	0	27.163833141326904	80640	84816.98530292511	74880	7.142857142857139	
-2762725.526624398	100.5875	10.2875	177.3	110.7125	-40.66685014979083	1008	1195	150	14	367	228	54	8	93	60	0	0	29.513092517852783	80720	84846.49839544296	74955	7.141972249752229	
-2512860.7059928277	100.4875	10.253164556962025	169.39240506329114	106.0253164556962	-40.66685014979083	1009	1196	146	13.0	296.0	186.0	64	8.0	104.0	67.0	0	0	30.310721397399902	80800	84876.80911684036	75030	7.14108910891089	
-1537826.726096907	101.75	10.128205128205128	173.33333333333334	108.14102564102564	-40.66685014979083	1010	1198	212	14.0	293.0	180.0	21	8.0	96.0	62.0	0	0	29.34980869293213	80880	84906.1589255333	75103	7.142680514342231	
-2150223.387044555	101.975	10.243589743589743	173.06410256410257	108.05128205128206	-40.66685014979083	1011	1200	175	14.0	317.0	191.0	41	8.0	98.0	63.0	0	0	27.76309585571289	80960	84933.92202138901	75176	7.144268774703562	
-2112753.768724992	103.075	10.35	180.325	112.2375	-40.66685014979083	1012	1200	175	14	331	203	53	8	93	60	0	0	32.53733706474304	81040	84966.45935845375	75250	7.144619940769985	
-2200291.601186219	105.5125	10.3	180.4875	112.3875	-40.66685014979083	1013	1200	191	13	349	210	51	8	95	61	0	0	30.83424162864685	81120	84997.2936000824	75326	7.142504930966467	
-2687959.914687589	102.2	10.275	180.7	112.825	-40.66685014979083	1014	1200	216	13	291	176	28	9	98	63	0	0	28.80012822151184	81200	85026.09372830391	75400	7.142857142857139	
-2250339.004488885	98.9	10.151898734177216	172.9240506329114	107.87341772151899	-40.66685014979083	1015	1201	122	12.0	287.0	178.0	46	9.0	98.0	63.0	0	0	28.605499744415283	81280	85054.69922804832	75475	7.141978346456696	
-1950318.7649839104	99.575	10.26923076923077	181.8846153846154	113.25641025641026	-40.66685014979083	1016	1203	157	13.0	312.0	189.0	43	9.0	98.0	63.0	0	0	32.64952564239502	81360	85087.34875369072	75548	7.143559488692233	
-2300336.1723696375	98.35	10.474358974358974	180.52564102564102	112.7051282051282	-40.66685014979083	1017	1205	153	15.0	312.0	189.0	43	8.0	82.0	53.0	0	0	33.04752230644226	81440	85120.39627599716	75622	7.143909626719065	
-1637958.8021132827	100.2125	10.30379746835443	166.48101265822785	104.0126582278481	-40.66685014979083	1018	1206	126	14.0	296.0	179.0	74	9.0	108.0	70.0	0	0	28.877973318099976	81520	85149.27424931526	75696	7.144259077526982	
-1975260.8703052364	100.0625	10.2625	180.0	112.0	-40.66685014979083	1019	1206	137	13	297	182	63	9	109	70	0	0	31.134973764419556	81600	85180.40922307968	75771	7.143382352941174	
-2162765.8747541807	100.0	10.35897435897436	177.55128205128204	110.85897435897436	-40.66685014979083	1020	1208	170	15.0	345.0	209.0	30	9.0	104.0	67.0	0	0	26.793904304504395	81680	85207.20312738419	75845	7.143731635651321	
-1975308.6623149528	99.05	10.35	177.1875	110.7375	-40.66685014979083	1021	1208	171	15	318	194	29	9	101	65	0	0	26.243041276931763	81760	85233.44616866112	75921	7.141634050880626	
-2537820.3661601697	97.6	10.272727272727273	182.54545454545453	113.75324675324676	-40.66685014979083	1022	1211	156	15.0	363.0	224.0	18	9.0	121.0	78.0	0	0	28.315861463546753	81840	85261.76203012466	75994	7.14320625610948	
-2087865.0260222158	100.1125	10.2875	179.6375	112.15	-40.66685014979083	1023	1211	172	15	372	225	53	8	79	51	0	0	31.808122634887695	81920	85293.57015275955	76069	7.142333984375	
-2337841.9060305296	97.075	10.355263157894736	180.85526315789474	113.09210526315789	-40.66685014979083	1024	1215	133	13.0	306.0	190.0	53	8.0	101.0	65.0	0	0	27.938883066177368	82000	85321.50903582573	76139	7.147560975609764	
-1838078.8801987027	98.6125	10.423076923076923	172.01282051282053	107.7948717948718	-40.66685014979083	1025	1217	149	15.0	300.0	188.0	51	7.0	74.0	48.0	0	0	27.613954305648804	82080	85349.12299013138	76213	7.147904483430807	
-1612911.0439678032	101.05	10.23076923076923	177.32051282051282	110.64102564102564	-40.66685014979083	1026	1219	156	13.0	323.0	203.0	44	8.0	98.0	63.0	0	0	28.621795415878296	82160	85377.74478554726	76286	7.14946445959103	
-1600266.3176681823	101.4875	10.240506329113924	177.9240506329114	111.0886075949367	-40.66685014979083	1027	1220	169	14.0	358.0	221.0	31	8.0	87.0	56.0	0	0	29.539931774139404	82240	85407.2847173214	76361	7.148589494163431	
-1975226.2808968506	106.0875	10.102564102564102	168.39743589743588	105.2051282051282	-40.66685014979083	1028	1222	238	13.0	272.0	169.0	18	8.0	101.0	65.0	0	0	29.110089540481567	82320	85436.39480686188	76435	7.148931000971814	
-1812882.227885691	116.25	10.23076923076923	185.33333333333334	115.42307692307692	-40.66685014979083	1029	1224	251	15.0	346.0	220.0	15	9.0	127.0	80.0	0	0	33.07377815246582	82400	85469.46858501434	76508	7.150485436893206	
-2400436.618284767	112.7875	10.23076923076923	169.03846153846155	105.8076923076923	-40.66685014979083	1030	1226	239	13.0	298.0	185.0	8	8.0	98.0	63.0	0	0	26.491334438323975	82480	85495.95991945267	76580	7.153249272550923	
-3037773.006359382	117.5	10.379746835443038	182.62025316455697	114.13924050632912	-40.66685014979083	1031	1227	239	14.0	407.0	252.0	49	8.0	101.0	65.0	0	0	29.400121927261353	82560	85525.36004137993	76655	7.152374031007753	
-1288006.889638686	111.3625	10.2875	175.5125	109.5	-40.66685014979083	1032	1227	239	15	351	213	74	8	85	55	0	0	29.857369422912598	82640	85555.21741080284	76730	7.15150048402711	
-2250349.6216775114	109.025	10.435897435897436	187.17948717948718	116.66666666666667	-40.66685014979083	1033	1229	238	14.0	369.0	223.0	62	9.0	111.0	71.0	0	0	30.918916702270508	82720	85586.13632750511	76804	7.1518375241779495	
-1525275.3633551511	109.925	10.375	177.9875	111.1	-40.66685014979083	1034	1229	247	15	372	225	83	8	92	59	0	0	30.304569482803345	82800	85616.44089698792	76878	7.152173913043484	
-1925427.2513315224	106.0875	10.675	190.025	118.5625	-40.66685014979083	1035	1229	238	14	498	303	47	9	93	60	0	0	30.83760094642639	82880	85647.27849793434	76953	7.15130308880309	
-2200283.233446541	103.175	10.3875	173.125	107.975	-40.66685014979083	1036	1229	158	14	336	205	42	8	106	68	0	0	29.639458894729614	82960	85676.91795682907	77027	7.151639344262293	
-2550302.7667535516	104.3375	10.217948717948717	175.44871794871796	109.46153846153847	-40.66685014979083	1037	1231	187	12.0	280.0	178.0	33	9.0	98.0	63.0	0	0	30.485238790512085	83040	85707.40319561958	77101	7.151974951830439	
-2175385.0653116805	105.725	10.265822784810126	179.65822784810126	111.89873417721519	-40.66685014979083	1038	1232	157	14.0	325.0	201.0	61	8.0	110.0	71.0	0	0	29.012612104415894	83120	85736.415807724	77176	7.151106833493742	
-1662975.8315363515	104.2625	10.379746835443038	178.86075949367088	111.70886075949367	-40.66685014979083	1039	1233	170	16.0	416.0	252.0	30	8.0	85.0	55.0	0	0	28.930555820465088	83200	85765.34636354446	77251	7.150240384615387	
-2075266.967322943	102.2	10.379746835443038	183.39240506329114	114.27848101265823	-40.66685014979083	1040	1234	147	14.0	323.0	203.0	44	8.0	101.0	65.0	0	0	27.298752784729004	83280	85792.6451163292	77322	7.154178674351584	
-2300347.438381252	106.3375	10.405063291139241	180.37974683544303	112.70886075949367	-40.66685014979083	1041	1235	199	20.0	339.0	209.0	35	9.0	108.0	70.0	0	0	30.070188522338867	83360	85822.71530485153	77396	7.1545105566218865	
-2300324.261714215	102.5	10.20253164556962	174.8860759493671	109.24050632911393	-40.66685014979083	1042	1236	171	18.0	374.0	235.0	30	8.0	85.0	55.0	0	0	28.074163675308228	83440	85850.78946852684	77471	7.1536433365292424	
-1850353.2299516532	102.3875	10.240506329113924	176.22784810126583	110.27848101265823	-40.66685014979083	1043	1237	157	13.0	267.0	165.0	45	8.0	97.0	63.0	0	0	29.507049322128296	83520	85880.29651784897	77546	7.1527777777777715	
-2362866.422657626	99.25	10.275	171.825	107.5125	-40.66685014979083	1044	1237	138	15	328	200	49	8	99	64	0	0	32.94320726394653	83600	85913.23972511292	77622	7.150717703349287	
-1912889.1761758192	101.7375	10.4375	182.5375	113.95	-40.66685014979083	1045	1237	144	15	328	200	61	8	110	71	0	0	30.20440673828125	83680	85943.4441318512	77698	7.148661567877639	
-2400332.6214967147	98.8125	9.974683544303797	171.50632911392404	107.0253164556962	-40.66685014979083	1046	1238	174	13.0	344.0	217.0	26	8.0	86.0	56.0	0	0	29.455395936965942	83760	85972.89952778816	77772	7.148997134670481	
-2262829.2274276717	100.925	10.217948717948717	173.76923076923077	108.37179487179488	-40.66685014979083	1047	1240	174	13.0	288.0	175.0	32	8.0	104.0	67.0	0	0	31.503257513046265	83840	86004.40278530121	77844	7.151717557251914	
-2175320.314034714	99.875	10.282051282051283	178.30769230769232	111.35897435897436	-40.66685014979083	1048	1242	155	14.0	322.0	197.0	45	9.0	122.0	79.0	0	0	28.97452402114868	83920	86033.37730932236	77917	7.153241182078176	
-2287985.8153363783	99.85	10.3375	182.1125	113.4625	-40.66685014979083	1049	1242	140	16	352	212	60	8	91	59	0	0	29.53207540512085	84000	86062.90938472748	77993	7.151190476190479	
-2375429.5952166636	101.6	10.151898734177216	181.21518987341773	112.9873417721519	-40.66685014979083	1050	1243	189	15.0	333.0	203.0	11	8.0	98.0	63.0	0	0	27.56799817085266	84080	86090.47738289833	78068	7.150333016175068	
-2037745.729656569	98.1	9.91139240506329	174.0253164556962	108.70886075949367	-40.66685014979083	1051	1244	150	15.0	504.0	317.0	11	8.0	79.0	51.0	0	0	25.306570053100586	84160	86115.78395295143	78139	7.154230038022817	
-1137780.3612067313	90.2125	9.866666666666667	173.25333333333333	108.02666666666667	-40.66685014979083	1052	1249	172	13.0	306.0	187.0	11	8.0	98.0	63.0	0	0	27.437623023986816	84240	86143.22157597542	78208	7.160493827160494	
-2350294.366379204	96.35	10.050632911392405	168.55696202531647	105.45569620253164	-40.66685014979083	1053	1250	152	14.0	309.0	188.0	11	8.0	85.0	55.0	0	0	28.65959668159485	84320	86171.88117265701	78281	7.162001897533216	
-1687780.5628685043	90.775	10.012987012987013	162.62337662337663	101.76623376623377	-40.66685014979083	1054	1253	146	13.0	335.0	208.0	11	8.0	87.0	56.0	0	0	29.47323513031006	84400	86201.35440778732	78347	7.171800947867297	
-1362717.884829579	78.35	9.971428571428572	167.9142857142857	104.9	-40.66685014979083	1055	1263	154	15.0	329.0	200.0	11	8.0	98.0	63.0	0	0	23.61770462989807	84480	86224.97211241722	78408	7.1875	
-1675224.6937849757	78.3	9.743243243243244	156.78378378378378	98.22972972972973	-40.66685014979083	1056	1269	136	12.0	319.0	195.0	3	7.0	74.0	48.0	0	0	21.792925119400024	84560	86246.76503753662	78471	7.200804162724694	
-2112785.913923735	86.6	9.907894736842104	155.89473684210526	97.64473684210526	-40.66685014979083	1057	1273	145	12.0	265.0	165.0	11	8.0	98.0	63.0	0	0	24.63192367553711	84640	86271.39696121216	78537	7.21053875236295	
-1650274.3715892364	78.575	9.943661971830986	161.26760563380282	100.98591549295774	-40.66685014979083	1058	1282	152	15.0	307.0	188.0	3	8.0	79.0	51.0	0	0	23.536174058914185	84720	86294.93313527107	78599	7.224976392823422	
-1562640.5949899263	72.1875	9.716216216216216	157.56756756756758	98.71621621621621	-40.66685014979083	1059	1288	122	13.0	306.0	187.0	11	8.0	98.0	63.0	0	0	23.508030891418457	84800	86318.44116616249	78657	7.244103773584911	
-1487743.1707550925	64.4625	9.625	151.83333333333334	95.33333333333333	-40.66685014979083	1060	1296	129	14.0	331.0	203.0	11	8.0	98.0	63.0	0	0	16.95253086090088	84880	86335.39369702339	78712	7.266729500471257	
-1262786.675600297	61.3625	9.555555555555555	148.05555555555554	93.02777777777777	-40.66685014979083	1061	1304	119	14.0	314.0	192.0	11	8.0	98.0	63.0	0	0	18.831791877746582	84960	86354.22548890114	78762	7.295197740112997	
-1275276.2068277737	68.8125	9.68421052631579	145.0921052631579	91.4342105263158	-40.66685014979083	1062	1308	100	13.0	274.0	169.0	11	8.0	98.0	63.0	0	0	18.30444097518921	85040	86372.52992987633	78819	7.315380997177797	
-1675211.4049768555	65.5125	9.671641791044776	148.28358208955223	93.07462686567165	-40.66685014979083	1063	1321	161	14.0	290.0	178.0	6	8.0	85.0	55.0	0	0	20.662065744400024	85120	86393.19199562073	78873	7.339050751879697	
-637717.6816858824	55.5	9.352941176470589	141.7058823529412	89.08823529411765	-40.66685014979083	1064	1333	102	12.0	278.0	172.0	9	8.0	98.0	63.0	0	0	12.36169695854187	85200	86405.55369257927	78920	7.370892018779344	
-1675132.0364063794	52.95	9.323529411764707	141.36764705882354	89.16176470588235	-40.66685014979083	1065	1345	109	13.0	281.0	178.0	7	8.0	98.0	63.0	0	0	17.37485647201538	85280	86422.92854905128	78964	7.406191369606006	
-750289.8253909071	55.3375	9.4	148.56923076923076	93.36923076923077	-40.666181050504	1066	1360	100	16.0	299.0	188.0	4	8.0	90.0	58.0	0	0	16.249082326889038	85360	86439.17763137817	79003	7.447282099343951	
-2162790.36276102	78.8625	9.906666666666666	157.82666666666665	99.13333333333334	-40.666181050504	1067	1365	163	16.0	318.0	206.0	11	8.0	90.0	58.0	0	0	25.298171997070312	85440	86464.47580337524	79067	7.459035580524343	
-1912730.242578186	71.9625	10.0	169.6027397260274	106.28767123287672	-40.666181050504	1068	1372	134	14.0	308.0	188.0	11	8.0	79.0	51.0	0	0	22.82420516014099	85520	86487.30000853539	79125	7.477782974742752	
-1325197.588646907	54.425	9.441176470588236	145.85294117647058	91.94117647058823	-40.666181050504	1069	1384	131	13.0	312.0	188.0	10	8.0	95.0	61.0	0	0	12.649051904678345	85600	86499.94906044006	79171	7.510514018691595	
-1250218.845994621	52.1625	9.283333333333333	138.8	87.35	-40.666181050504	1070	1404	100	12.0	246.0	152.0	9	8.0	82.0	53.0	0	0	14.248475551605225	85680	86514.19753599167	79213	7.547852474323065	
-1550350.2002036972	67.7375	9.452054794520548	146.0	91.9041095890411	-40.666181050504	1071	1411	150	13.0	269.0	163.0	2	8.0	92.0	59.0	0	0	17.315744638442993	85760	86531.51328063011	79264	7.574626865671647	
-1675230.0275982872	68.775	9.694444444444445	149.97222222222223	94.36111111111111	-40.666181050504	1072	1419	151	13.0	283.0	176.0	2	8.0	98.0	63.0	0	0	20.389305353164673	85840	86551.90258598328	79317	7.599021435228337	
-2125297.3692033985	74.65	9.857142857142858	155.46753246753246	97.67532467532467	-40.666181050504	1073	1422	155	15.0	269.0	169.0	11	8.0	98.0	63.0	0	0	20.58797335624695	85920	86572.49055933952	79381	7.6105679702048405	
-1375322.7479701247	66.8125	9.529411764705882	156.8235294117647	98.17647058823529	-40.666181050504	1074	1434	174	12.0	299.0	184.0	11	8.0	98.0	63.0	0	0	20.445175409317017	86000	86592.93573474884	79432	7.637209302325573	
-1175179.4930546274	53.6125	9.264705882352942	135.11764705882354	85.41176470588235	-40.666181050504	1075	1446	104	14.0	240.0	146.0	5	8.0	98.0	63.0	0	0	17.360358715057373	86080	86610.2960934639	79476	7.671933085501863	
-950190.1700988852	53.275	9.394366197183098	140.0	88.14084507042253	-40.666181050504	1076	1455	102	15.0	317.0	198.0	2	8.0	87.0	56.0	0	0	15.225377559661865	86160	86625.52147102356	79520	7.706592386258123	
-1762811.559437455	67.7375	9.571428571428571	147.28571428571428	92.52857142857142	-40.666181050504	1077	1465	114	12.0	330.0	204.0	6	8.0	82.0	53.0	0	0	19.519047260284424	86240	86645.04051828384	79579	7.7237940630797794	
-1400283.4641725742	71.4875	9.625	149.02777777777777	93.68055555555556	-40.666181050504	1078	1473	115	13.0	287.0	178.0	7	8.0	82.0	53.0	0	0	19.40718364715576	86320	86664.447701931	79638	7.740963855421683	
-1662738.2898171763	52.55	9.285714285714286	143.4857142857143	90.45714285714286	-40.666181050504	1079	1483	167	14.0	467.0	287.0	7	8.0	84.0	54.0	0	0	17.176721334457397	86400	86681.62442326546	79684	7.773148148148152	
-850097.7096596994	38.2125	8.878787878787879	126.86363636363636	80.28787878787878	-40.666181050504	1080	1497	132	12.0	321.0	199.0	1	8.0	98.0	63.0	0	0	10.331367254257202	86480	86691.95579051971	79720	7.816836262719704	
-1550130.5391090317	59.95	9.450704225352112	147.2112676056338	92.84507042253522	-40.666181050504	1081	1506	100	13.0	272.0	169.0	11	8.0	98.0	63.0	0	0	17.87262272834778	86560	86709.82841324806	79768	7.84658040665434	
-1800156.9723126472	52.1625	9.446153846153846	143.4	90.4	-40.666181050504	1082	1521	132	14.0	283.0	178.0	1	8.0	94.0	61.0	0	0	14.264600992202759	86640	86724.09301424026	79815	7.877423822714675	
-1312627.2809626232	36.5875	8.862068965517242	128.31034482758622	81.27586206896552	-40.666181050504	1083	1543	101	12.0	314.0	192.0	2	8.0	95.0	61.0	0	0	9.473992824554443	86720	86733.56700706482	79843	7.930119926199268	
-1400176.088894704	41.0375	9.032786885245901	132.4262295081967	83.75409836065573	-40.666181050504	1084	1562	127	12.0	382.0	235.0	8	8.0	98.0	63.0	0	0	12.472394227981567	86800	86746.0394012928	79878	7.974654377880185	
-1012822.521048183	54.3875	9.27536231884058	136.2608695652174	85.95652173913044	-40.666181050504	1085	1573	122	15.0	283.0	172.0	11	8.0	98.0	63.0	0	0	13.771202802658081	86880	86759.81060409546	79922	8.008747697974215	
-1625302.406577906	73.15	9.698630136986301	150.15068493150685	94.42465753424658	-40.666181050504	1086	1580	147	12.0	318.0	195.0	11	8.0	87.0	56.0	0	0	21.75322198867798	86960	86781.56382608414	79984	8.022079116835329	
-2012735.5906395495	81.575	10.027397260273972	163.63013698630138	102.58904109589041	-40.666181050504	1087	1587	152	15.0	283.0	179.0	11	8.0	98.0	63.0	0	0	23.55687379837036	87040	86805.12069988251	80047	8.034237132352942	
-1750216.286408259	74.3875	9.777777777777779	159.0	99.63888888888889	-40.666181050504	1088	1595	133	13.0	304.0	192.0	6	8.0	98.0	63.0	0	0	16.402753591537476	87120	86821.52345347404	80105	8.052112029384759	
-1400328.5644380124	69.15	9.693333333333333	154.33333333333334	97.0	-40.666181050504	1089	1600	100	13.0	261.0	161.0	11	8.0	90.0	58.0	0	0	5.73334264755249	87200	86827.2567961216	80165	8.067660550458712	
-1250197.003780899	53.1125	9.205882352941176	140.60294117647058	88.70588235294117	-40.666181050504	1090	1612	150	13.0	298.0	183.0	7	8.0	86.0	56.0	0	0	4.191540956497192	87280	86831.4483370781	80208	8.102658111824013	
-1500196.8047411132	57.725	9.507246376811594	147.33333333333334	92.81159420289855	-40.666181050504	1091	1623	152	13.0	291.0	179.0	11	8.0	90.0	58.0	0	0	6.498096942901611	87360	86837.946434021	80255	8.133012820512818	
-1775213.0242169027	63.2875	9.63013698630137	148.24657534246575	93.46575342465754	-40.666181050504	1092	1630	113	13.0	291.0	180.0	11	8.0	94.0	61.0	0	0	5.5967326164245605	87440	86843.54316663742	80313	8.150731930466605	
-1350388.9542786614	62.325	9.507042253521126	145.69014084507043	91.80281690140845	-40.666181050504	1093	1639	100	14.0	296.0	188.0	5	8.0	90.0	58.0	0	0	5.186453580856323	87520	86848.72962021828	80363	8.177559414990853	
-1800109.8901112634	54.2125	9.289855072463768	139.34782608695653	87.66666666666667	-40.666181050504	1094	1650	144	13.0	258.0	159.0	11	8.0	87.0	56.0	0	0	4.280548095703125	87600	86853.01016831398	80408	8.210045662100455	
-1325181.0149959084	57.55	9.375	140.25	88.28125	-40.666181050504	1095	1666	161	14.0	297.0	188.0	7	8.0	88.0	57.0	0	0	4.004472494125366	87680	86857.0146408081	80453	8.242472627737229	
-1400193.2893247209	67.7375	9.597222222222221	150.33333333333334	94.625	-40.666181050504	1096	1674	146	13.0	368.0	226.0	7	8.0	98.0	63.0	0	0	5.388324499130249	87760	86862.40296530724	80512	8.258887876025526	
-1562690.5393887754	72.4375	9.7	151.9142857142857	95.58571428571429	-40.666181050504	1097	1684	166	13.0	281.0	176.0	10	8.0	98.0	63.0	0	0	6.661855220794678	87840	86869.06482052803	80568	8.278688524590166	
-2112808.0654455824	82.45	9.98611111111111	162.66666666666666	102.125	-40.666181050504	1098	1692	125	13.0	283.0	173.0	11	8.0	98.0	63.0	0	0	6.271569013595581	87920	86875.33638954163	80631	8.290491355777988	
-1887883.1763423725	73.2375	10.0	164.9142857142857	103.47142857142858	-40.666181050504	1099	1702	152	14.0	348.0	216.0	11	8.0	98.0	63.0	0	0	5.775163412094116	88000	86881.11155295372	80686	8.311363636363637	
-1287787.8349095662	60.05	9.53623188405797	149.91304347826087	94.34782608695652	-40.666181050504	1100	1713	188	13.0	314.0	196.0	8	8.0	98.0	63.0	0	0	4.509449243545532	88080	86885.62100219727	80732	8.342415985467753	
-1412666.2807414064	44.4375	9.140625	133.125	84.1875	-40.666181050504	1101	1729	102	14.0	250.0	152.0	1	8.0	98.0	63.0	0	0	3.724163293838501	88160	86889.3451654911	80772	8.380217785843925	
-887637.8786501009	45.5375	9.079365079365079	126.58730158730158	80.28571428571429	-40.666181050504	1102	1746	151	16.0	230.0	146.0	5	8.0	98.0	63.0	0	0	3.6348085403442383	88240	86892.97997403145	80811	8.419084315503184	
-2050172.2866478637	57.725	9.314285714285715	142.85714285714286	89.91428571428571	-40.666181050504	1103	1756	137	12.0	356.0	217.0	5	8.0	98.0	63.0	0	0	4.702081918716431	88320	86897.68205595016	80861	8.445425724637673	
-2425352.4185380093	77.7625	9.88	157.65333333333334	99.0	-40.666181050504	1104	1761	139	13.0	305.0	188.0	11	8.0	98.0	63.0	0	0	7.938425540924072	88400	86905.62048149109	80924	8.457013574660635	
-2062814.0645134388	80.775	9.893333333333333	156.44	98.33333333333333	-40.666181050504	1105	1766	146	13.0	323.0	199.0	11	8.0	98.0	63.0	0	0	6.660861492156982	88480	86912.28134298325	80991	8.464059674502707	
-1487735.487450327	75.8875	9.971014492753623	161.15942028985506	100.94202898550725	-40.666181050504	1106	1777	148	13.0	306.0	187.0	11	8.0	98.0	63.0	0	0	5.673519611358643	88560	86917.9548625946	81047	8.483514001806682	
-1762860.0079147941	83.8	10.0	163.17808219178082	102.36986301369863	-40.666181050504	1107	1784	122	14.0	429.0	262.0	11	8.0	87.0	56.0	0	0	6.003617286682129	88640	86923.95847988129	81111	8.493907942238266	
-1687799.3630680994	83.0875	10.01388888888889	166.36111111111111	104.26388888888889	-40.666181050504	1108	1792	178	13.0	312.0	191.0	10	8.0	98.0	63.0	0	0	6.245386362075806	88720	86930.20386624336	81173	8.506537421100091	
-1487770.970651877	79.425	9.830985915492958	153.92957746478874	96.54929577464789	-40.666181050504	1109	1801	131	14.0	277.0	172.0	3	8.0	98.0	63.0	0	0	6.978979825973511	88800	86937.18284606934	81231	8.523648648648646	
-1387780.1560115349	87.7625	10.04109589041096	167.45205479452054	104.71232876712328	-40.666181050504	1110	1808	147	13.0	310.0	195.0	11	8.0	98.0	63.0	0	0	6.968154668807983	88880	86944.15100073814	81297	8.531728172817282	
-2362840.882341788	96.275	10.166666666666666	170.4102564102564	106.32051282051282	-40.666181050504	1111	1810	131	14.0	377.0	229.0	11	8.0	87.0	56.0	0	0	7.106657981872559	88960	86951.25765872002	81370	8.531924460431654	
-2200301.675932081	99.975	10.253164556962025	178.8987341772152	111.58227848101266	-40.666181050504	1112	1811	131	13.0	339.0	208.0	11	9.0	106.0	68.0	0	0	7.753424406051636	89040	86959.01108312607	81445	8.529874213836479	
-2625355.6889128373	100.5875	10.41025641025641	183.94871794871796	114.74358974358974	-40.666181050504	1113	1813	183	16.0	375.0	230.0	17	8.0	101.0	65.0	0	0	9.227460145950317	89120	86968.23854327202	81519	8.528949730700177	
-2675312.2127494663	100.8375	10.233766233766234	171.7792207792208	107.40259740259741	-40.666181050504	1114	1816	180	13.0	275.0	170.0	17	8.0	90.0	58.0	0	0	7.380460977554321	89200	86975.61900424957	81592	8.529147982062781	
-3012723.3410069663	100.5125	10.41025641025641	172.74358974358975	108.23076923076923	-40.666181050504	1115	1818	153	14.0	349.0	216.0	47	8.0	91.0	59.0	0	0	7.430769920349121	89280	86983.04977416992	81666	8.528225806451616	
-1687936.9521652826	104.9625	10.0875	171.15	107.075	-40.666181050504	1116	1818	147	14	298	180	53	8	79	51	0	0	7.840417861938477	89360	86990.89019203186	81741	8.52618621307073	
-3037768.8096820028	103.1625	10.316455696202532	172.20253164556962	107.64556962025317	-40.666181050504	1117	1819	167	18.0	476.0	290.0	47	8.0	95.0	61.0	0	0	9.512511253356934	89440	87000.40270328522	81815	8.525268336314852	
-1950550.6884757876	100.9125	10.447368421052632	180.85526315789474	112.97368421052632	-40.666181050504	1118	1823	168	16.0	388.0	234.0	32	8.0	87.0	56.0	0	0	7.409816265106201	89520	87007.81251955032	81887	8.526586237712237	
-2312930.1734068086	105.2625	10.26923076923077	178.94871794871796	111.61538461538461	-40.666181050504	1119	1825	149	14.0	307.0	188.0	24	8.0	87.0	56.0	0	0	8.15965223312378	89600	87015.97217178345	81961	8.525669642857153	
-2512839.272322354	102.3125	10.35897435897436	174.96153846153845	109.62820512820512	-40.666181050504	1120	1827	145	14.0	320.0	198.0	22	8.0	91.0	59.0	0	0	7.85993766784668	89680	87023.8321094513	82034	8.525869759143617	
-1775425.9361351207	102.5125	10.220779220779221	178.54545454545453	111.35064935064935	-40.666181050504	1121	1830	144	15.0	292.0	178.0	22	8.0	79.0	51.0	0	0	9.26503610610962	89760	87033.0971455574	82107	8.526069518716568	
-1887837.149137605	98.775	10.102564102564102	176.17948717948718	109.7948717948718	-40.666181050504	1122	1832	139	13.0	305.0	188.0	22	8.0	86.0	56.0	0	0	7.619194507598877	89840	87040.716340065	82181	8.525155832591267	
-2187864.733350109	103.0625	10.177215189873417	181.18987341772151	112.78481012658227	-40.666181050504	1123	1833	174	14.0	331.0	203.0	42	8.0	79.0	51.0	0	0	8.351137399673462	89920	87049.06747746468	82256	8.523131672597856	
-2062884.851665228	101.9	10.256410256410257	178.44871794871796	111.44871794871794	-40.666181050504	1124	1835	174	18.0	353.0	217.0	27	8.0	87.0	56.0	0	0	8.137878656387329	90000	87057.20535612106	82329	8.52333333333334	
-2350290.9597758325	100.0	10.316455696202532	175.40506329113924	109.68354430379746	-40.666181050504	1125	1836	161	14.0	320.0	200.0	39	8.0	103.0	66.0	0	0	9.470061540603638	90080	87066.67541766167	82404	8.521314387211362	
-2312900.677589213	100.1125	10.179487179487179	174.53846153846155	109.08974358974359	-40.666181050504	1126	1838	189	12.0	315.0	193.0	11	8.0	87.0	56.0	0	0	7.738164663314819	90160	87074.41358232498	82477	8.521517302573201	
-2050343.9391630206	98.8	10.153846153846153	173.12820512820514	108.28205128205128	-40.666181050504	1127	1840	153	17.0	356.0	217.0	39	8.0	82.0	53.0	0	0	7.6662304401397705	90240	87082.07981276512	82551	8.520611702127653	
-2012807.4190044522	100.0	10.316455696202532	179.36708860759492	112.0379746835443	-40.666181050504	1128	1841	149	13.0	366.0	233.0	51	9.0	101.0	65.0	0	0	8.062516927719116	90320	87090.14232969284	82626	8.518600531443752	
-2112882.8904221877	100.8125	10.278481012658228	173.34177215189874	108.0886075949367	-40.666181050504	1129	1842	168	15.0	300.0	183.0	32	9.0	107.0	69.0	0	0	9.363131999969482	90400	87099.50546169281	82701	8.516592920353986	
-1787795.4496925354	100.0	10.164556962025317	165.70886075949366	103.56962025316456	-40.666181050504	1130	1843	162	12.0	286.0	174.0	38	8.0	79.0	51.0	0	0	7.166285991668701	90480	87106.67174768448	82775	8.515694076038898	
-1725438.2984516907	102.4	10.417721518987342	175.39240506329114	109.49367088607595	-40.666181050504	1131	1844	169	14.0	350.0	217.0	33	9.0	112.0	72.0	0	0	8.824974775314331	90560	87115.4967224598	82849	8.514796819787989	
-2250341.412131039	102.4	10.49367088607595	175.60759493670886	109.67088607594937	-40.666181050504	1132	1845	162	14.0	324.0	203.0	59	9.0	103.0	66.0	0	0	7.91689395904541	90640	87123.41361641884	82924	8.51279788172991	
-1437903.3327795125	100.975	10.294871794871796	174.8846153846154	109.14102564102564	-40.666181050504	1133	1847	162	15.0	322.0	197.0	70	9.0	90.0	58.0	0	0	8.86253809928894	90720	87132.27615451813	82997	8.513007054673722	
-2500253.432114355	99.7125	10.307692307692308	172.5897435897436	107.76923076923077	-40.666181050504	1134	1849	141	14.0	304.0	186.0	59	8.0	86.0	56.0	0	0	7.623107194900513	90800	87139.89926171303	83070	8.513215859030836	
-1500328.453789377	100.9875	10.217948717948717	172.8846153846154	107.75641025641026	-40.666181050504	1135	1851	164	16.0	283.0	172.0	36	8.0	90.0	58.0	0	0	7.211022853851318	90880	87147.11028456688	83144	8.512323943661968	
-1562958.3037940566	105.4	10.4625	180.8875	112.675	-40.666181050504	1136	1851	140	14	291	179	73	9	90	58	0	0	8.1241614818573	90960	87155.23444604874	83219	8.510334212840803	
-2400302.3897420717	106.1375	10.376623376623376	179.35064935064935	111.96103896103897	-40.666181050504	1137	1854	157	15.0	393.0	237.0	49	9.0	111.0	70.0	0	0	9.914380550384521	91040	87165.14882659912	83292	8.510544815465721	
-2450243.1737241605	104.5375	10.461538461538462	178.2051282051282	111.62820512820512	-40.666181050504	1138	1856	235	18.0	396.0	258.0	15	9.0	112.0	72.0	0	0	7.824954271316528	91120	87172.97378087044	83366	8.50965759438104	
-2425538.2082226193	102.35	10.379746835443038	171.72151898734177	107.78481012658227	-40.666181050504	1139	1857	164	14.0	277.0	172.0	52	8.0	86.0	56.0	0	0	7.415558338165283	91200	87180.3893392086	83441	8.507675438596493	
-2450316.7306698333	105.6625	10.45	174.025	108.925	-40.666181050504	1140	1857	166	14	299	187	76	9	98	63	0	0	7.79906702041626	91280	87188.18840622902	83515	8.506792287467135	
-1912797.275715712	101.6375	10.376623376623376	173.75324675324674	108.57142857142857	-40.666181050504	1141	1860	164	14.0	307.0	188.0	41	9.0	129.0	83.0	0	0	8.931846141815186	91360	87197.12025237083	83587	8.508099824868651	
-1675318.245871596	98.4625	10.346153846153847	169.05128205128204	105.57692307692308	-40.666181050504	1142	1862	144	13.0	365.0	227.0	38	9.0	109.0	70.0	0	0	7.288987159729004	91440	87204.40923953056	83660	8.508311461067365	
-2087891.2052551408	103.2	10.1375	172.3375	107.6875	-40.666181050504	1143	1862	153	14	355	222	47	8	93	60	0	0	7.677451848983765	91520	87212.08669137955	83736	8.50524475524476	
-1750304.7958609283	101.175	10.2875	174.825	109.2125	-40.666181050504	1144	1862	158	15	314	196	61	9	108	70	0	0	7.765476942062378	91600	87219.85216832161	83812	8.502183406113545	
-1937980.0956422794	101.8	10.354430379746836	182.26582278481013	113.9367088607595	-40.666181050504	1145	1863	160	14.0	357.0	225.0	40	9.0	109.0	70.0	0	0	9.567532300949097	91680	87229.41970062256	83886	8.501308900523568	
-2212843.4559915047	100.0	10.14102564102564	173.94871794871796	108.66666666666667	-40.666181050504	1146	1865	142	12.0	332.0	204.0	58	8.0	98.0	63.0	0	0	7.922922134399414	91760	87237.34262275696	83960	8.50043591979076	
-2337781.663018487	103.3625	10.113924050632912	176.26582278481013	109.9746835443038	-40.666181050504	1147	1866	159	13.0	354.0	217.0	41	8.0	109.0	70.0	0	0	8.073816537857056	91840	87245.41643929482	84033	8.50065331010454	
-2350266.6233231993	103.4875	10.025316455696203	181.58227848101265	112.9367088607595	-40.666181050504	1148	1867	172	14.0	398.0	243.0	28	8.0	109.0	70.0	0	0	8.396834135055542	91920	87253.81327342987	84106	8.500870322019153	
-2225273.2661786526	109.4125	10.49367088607595	182.0759493670886	113.36708860759494	-40.666181050504	1149	1868	195	16.0	300.0	183.0	44	8.0	86.0	56.0	0	0	10.001424312591553	92000	87263.81469774246	84180	8.5	
-2662853.139859722	104.875	10.282051282051283	174.44871794871796	108.65384615384616	-40.666181050504	1150	1870	172	13.0	353.0	217.0	67	8.0	95.0	61.0	0	0	7.802241802215576	92080	87271.61693954468	84253	8.500217202432665	
-2312877.575079307	104.6875	10.367088607594937	184.0253164556962	114.56962025316456	-40.666181050504	1151	1871	196	15.0	317.0	196.0	71	9.0	130.0	81.0	0	0	6.624341726303101	92160	87278.24128127098	84328	8.498263888888886	
-2050302.498054356	104.3375	10.55	183.0125	114.1	-40.666181050504	1152	1871	166	15	378	231	34	8	102	66	0	0	6.259514093399048	92240	87284.50079536438	84404	8.495229835212498	
-2062784.7519660112	114.1125	10.45	175.275	109.55	-40.666181050504	1153	1871	170	16	344	218	58	8	91	59	0	0	6.536142349243164	92320	87291.03693771362	84478	8.494367417677637	
-2600254.46773802	113.1125	10.03896103896104	168.16883116883116	105.22077922077922	-40.666181050504	1154	1874	235	15.0	293.0	180.0	6	8.0	84.0	54.0	0	0	5.822989225387573	92400	87296.85992693901	84549	8.496753246753244	
-1762828.7354625654	111.9875	10.10126582278481	169.0632911392405	105.63291139240506	-40.666181050504	1155	1875	233	13.0	295.0	180.0	45	8.0	102.0	66.0	0	0	5.787765979766846	92480	87302.64769291878	84623	8.495891003460216	
-2237828.4177068616	110.1	10.164556962025317	173.30379746835442	108.25316455696202	-40.666181050504	1156	1876	233	14.0	340.0	208.0	46	8.0	102.0	66.0	0	0	6.078496694564819	92560	87308.72618961334	84696	8.496110630942084	
-1550366.8111421834	114.2875	10.576923076923077	177.17948717948718	110.67948717948718	-40.666181050504	1157	1878	233	17.0	322.0	197.0	33	9.0	108.0	70.0	0	0	6.094551086425781	92640	87314.82074069977	84769	8.496329879101907	
-2500307.773516516	111.8625	10.2875	173.075	108.175	-40.666181050504	1158	1878	233	14	322	197	57	8	95	61	0	0	6.240505218505859	92720	87321.06124591827	84845	8.493313201035377	
-1575228.920038665	114.2875	10.233766233766234	167.41558441558442	104.6103896103896	-40.666181050504	1159	1881	314	16.0	325.0	202.0	19	8.0	79.0	51.0	0	0	5.892212629318237	92800	87326.95345854759	84916	8.495689655172413	
-1487788.492425648	106.8625	10.518987341772151	176.35443037974684	110.0379746835443	-40.666181050504	1160	1882	233	16.0	325.0	196.0	56	8.0	98.0	63.0	0	0	6.028266429901123	92880	87332.9817249775	84991	8.493755383290264	
-2325331.000305919	110.05	10.55	178.2375	110.8625	-40.666181050504	1161	1882	233	16	349	210	54	9	117	74	0	0	6.063928127288818	92960	87339.04565310478	85064	8.493975903614455	
-2087898.9578426755	107.875	10.675324675324676	183.44155844155844	114.64935064935065	-40.666181050504	1162	1885	252	16.0	423.0	255.0	35	8.0	87.0	56.0	0	0	6.247057676315308	93040	87345.2927107811	85137	8.494196044711956	
-2362869.987087427	100.6	10.43421052631579	181.85526315789474	113.25	-40.666181050504	1163	1889	287	15.0	394.0	244.0	46	9.0	126.0	80.0	0	0	6.030825853347778	93120	87351.32353663445	85209	8.49548969072164	
-2637953.654380534	101.5125	10.658227848101266	189.83544303797467	118.10126582278481	-40.666181050504	1164	1890	154	15.0	315.0	190.0	47	9.0	98.0	63.0	0	0	6.961909055709839	93200	87358.28544569016	85284	8.493562231759654	
-2125297.6548212515	101.1875	10.25	175.0125	109.4375	-40.666181050504	1165	1890	140	14	306	185	60	9	107	69	0	0	6.212230682373047	93280	87364.49767637253	85360	8.490566037735846	
-1600219.4829298486	100.55	10.15	175.85	109.6875	-40.666181050504	1166	1890	118	13	306	185	82	8	108	70	0	0	6.309536695480347	93360	87370.80721306801	85435	8.488646101113972	
-2575216.925933228	100.1375	10.2	163.75	102.75	-40.666181050504	1167	1890	146	18	321	203	54	8	98	63	0	0	5.963386535644531	93440	87376.77059960365	85510	8.486729452054803	
-2075388.9925396205	99.5125	10.43421052631579	172.3684210526316	107.65789473684211	-40.666181050504	1168	1894	174	15.0	301.0	187.0	13	9.0	118.0	75.0	0	0	5.709013223648071	93520	87382.4796128273	85582	8.488023952095816	
-1750324.0641290923	99.6625	10.35064935064935	177.0	110.76623376623377	-40.666181050504	1169	1897	184	17.0	390.0	242.0	32	9.0	112.0	72.0	0	0	6.111522912979126	93600	87388.59113574028	85655	8.488247863247864	
-2450314.419426366	106.775	10.468354430379748	174.65822784810126	109.30379746835443	-40.666181050504	1170	1898	170	19.0	313.0	201.0	44	8.0	98.0	63.0	0	0	6.489943027496338	93680	87395.08107876778	85730	8.48633646456021	
-1925261.5149163858	106.05	10.538461538461538	176.55128205128204	110.5	-40.666181050504	1171	1900	177	22.0	477.0	304.0	26	8.0	98.0	63.0	0	0	5.650751829147339	93760	87400.73183059692	85803	8.486561433447108	
-2587774.2101395857	107.925	10.5	172.51282051282053	108.21794871794872	-40.666181050504	1172	1902	168	16.0	280.0	177.0	45	8.0	93.0	60.0	0	0	5.7490410804748535	93840	87406.4808716774	85877	8.485720375106567	
-1875318.9342049374	102.55	10.443037974683545	172.81012658227849	108.20253164556962	-40.666181050504	1173	1903	186	16.0	299.0	181.0	14	8.0	87.0	56.0	0	0	5.729881048202515	93920	87412.2107527256	85952	8.483816013628626	
-1575381.6691266145	100.525	10.26923076923077	172.82051282051282	108.01282051282051	-40.666181050504	1174	1905	146	13.0	325.0	199.0	54	8.0	87.0	56.0	0	0	5.828151226043701	94000	87418.03890395164	86025	8.484042553191486	
-1987845.6516883802	98.0375	10.272727272727273	180.05194805194805	112.28571428571429	-40.666181050504	1175	1908	161	13.0	354.0	217.0	7	9.0	137.0	87.0	0	0	6.751088619232178	94080	87424.78999257088	86098	8.484268707482983	
-2712930.6796696633	99.825	10.320512820512821	176.15384615384616	110.35897435897436	-40.666181050504	1176	1910	175	14.0	325.0	202.0	25	9.0	130.0	81.0	0	0	5.779512643814087	94160	87430.56950521469	86171	8.484494477485129	
-2487825.582371931	99.575	10.443037974683545	176.30379746835442	110.0886075949367	-40.666181050504	1177	1911	137	14.0	328.0	200.0	63	9.0	98.0	63.0	0	0	6.177543878555298	94240	87436.74704909325	86246	8.482597623089987	
-2187869.482828383	101.3125	10.341772151898734	172.9620253164557	108.22784810126582	-40.666181050504	1178	1912	137	14.0	302.0	187.0	65	9.0	130.0	81.0	0	0	5.46216344833374	94320	87442.20921254158	86316	8.486005089058523	
-1487865.5705437332	100.7625	10.225	168.0875	104.975	-40.666181050504	1179	1912	169	16	294	189	45	8	95	61	0	0	5.924985408782959	94400	87448.13419795036	86392	8.483050847457633	
-1512746.3864703332	96.2375	10.282051282051283	178.21794871794873	111.21794871794872	-40.666181050504	1180	1914	156	15.0	343.0	208.0	44	9.0	112.0	71.0	0	0	6.58392596244812	94480	87454.71812391281	86466	8.482218458933104	
-2562780.1186256777	98.3125	10.2125	176.5625	109.95	-40.666181050504	1181	1914	161	14	321	195	39	8	103	66	0	0	6.0850608348846436	94560	87460.8031847477	86541	8.48032994923858	
-1725330.409198976	97.125	10.379746835443038	182.0126582278481	113.40506329113924	-40.666181050504	1182	1915	166	16.0	311.0	195.0	34	7.0	90.0	58.0	0	0	5.982407331466675	94640	87466.78559207916	86615	8.479501267962803	
-1562804.6828982432	100.6	10.012987012987013	165.12987012987014	103.16883116883118	-40.666181050504	1183	1918	167	14.0	308.0	188.0	33	8.0	94.0	61.0	0	0	5.61126971244812	94720	87472.39686179161	86687	8.480785472972968	
-2637774.371876514	100.3625	10.325	176.325	110.1625	-40.666181050504	1184	1918	144	14	350	217	56	8	91	59	0	0	5.993643283843994	94800	87478.39050507545	86762	8.478902953586498	
-2400284.1380992336	102.3	10.227848101265822	170.37974683544303	106.56962025316456	-40.666181050504	1185	1919	165	14.0	315.0	193.0	35	9.0	98.0	63.0	0	0	5.767631769180298	94880	87484.15813684464	86835	8.479131534569987	
-2050358.9642096206	99.1875	10.144736842105264	167.03947368421052	104.48684210526316	-40.666181050504	1186	1923	166	13.0	283.0	172.0	34	8.0	90.0	58.0	0	0	6.03800630569458	94960	87490.19614315033	86907	8.480412805391751	
-1675352.4688951555	97.2875	10.08974358974359	169.3846153846154	105.93589743589743	-40.666181050504	1187	1925	151	14.0	447.0	272.0	34	8.0	90.0	58.0	0	0	5.97993016242981	95040	87496.17607331276	86981	8.479587542087543	
-1975291.776084531	97.0	10.256410256410257	175.74358974358975	109.73076923076923	-40.666181050504	1188	1927	172	14.0	343.0	208.0	31	9.0	120.0	77.0	0	0	6.035106182098389	95120	87502.21117949486	87055	8.478763666947003	
-2112861.049226587	100.2	10.192307692307692	180.92307692307693	112.88461538461539	-40.666181050504	1189	1929	164	13.0	355.0	220.0	34	8.0	114.0	72.0	0	0	5.918925762176514	95200	87508.13010525703	87128	8.47899159663865	
-2300289.9319906035	99.575	10.139240506329115	176.37974683544303	109.9873417721519	-40.666181050504	1190	1930	158	13.0	306.0	191.0	34	9.0	109.0	70.0	0	0	5.88366961479187	95280	87514.01377487183	87199	8.481318219983208	
-1862806.2256565145	98.0875	10.302631578947368	178.22368421052633	111.07894736842105	-40.666181050504	1191	1934	191	14.0	312.0	194.0	11	9.0	106.0	67.0	0	0	6.616694211959839	95360	87520.63046908379	87271	8.482592281879192	
-1987739.5144969884	96.0625	10.210526315789474	169.72368421052633	106.17105263157895	-40.666181050504	1192	1938	160	14.0	301.0	185.0	27	7.0	74.0	48.0	0	0	5.607222080230713	95440	87526.23769116402	87343	8.483864207879293	
-1712722.9834251874	103.0875	10.325	176.55	110.0625	-40.666181050504	1193	1938	141	14	289	176	64	8	110	71	0	0	6.216248035430908	95520	87532.45393919945	87419	8.480946398659967	
-1950328.9723225902	101.325	10.405063291139241	186.15189873417722	115.9493670886076	-40.666181050504	1194	1939	182	16.0	351.0	221.0	18	9.0	109.0	70.0	0	0	6.179537296295166	95600	87538.63347649574	87494	8.479079497907946	
-2337831.414786878	99.3625	10.425	183.625	114.3875	-40.666181050504	1195	1939	148	16	316	196	52	9	108	70	0	0	6.236395597457886	95680	87544.8698720932	87569	8.477215719063551	
-1837745.8383722317	99.8625	10.49367088607595	188.20253164556962	116.9367088607595	-40.666181050504	1196	1940	159	15.0	371.0	230.0	26	9.0	115.0	73.0	0	0	6.9903035163879395	95760	87551.86017560959	87644	8.475355054302426	
-2087787.804482377	100.2125	10.384615384615385	179.14102564102564	111.96153846153847	-40.666181050504	1197	1942	144	15.0	392.0	247.0	56	8.0	79.0	51.0	0	0	5.971015214920044	95840	87557.83119082451	87718	8.474540901502507	
-1737810.499821797	100.3125	10.5	181.71794871794873	113.38461538461539	-40.666181050504	1198	1944	162	16.0	368.0	223.0	43	8.0	87.0	56.0	0	0	5.910030841827393	95920	87563.74122166634	87792	8.47372810675563	
-2300304.9451253572	101.3625	10.320512820512821	177.78205128205127	110.94871794871794	-40.666181050504	1199	1946	157	15.0	316.0	193.0	57	9.0	108.0	70.0	0	0	6.056617975234985	96000	87569.79783964157	87866	8.472916666666663	
-2575389.21473739	100.7	10.291139240506329	182.0126582278481	113.64556962025317	-40.666181050504	1200	1947	136	12.0	313.0	192.0	64	9.0	120.0	76.0	0	0	6.169496536254883	96080	87575.96733617783	87941	8.47106577851791	
-1875422.6104833658	99.725	10.371794871794872	179.30769230769232	112.14102564102564	-40.666181050504	1201	1949	140	14.0	506.0	303.0	60	8.0	86.0	56.0	0	0	6.71712327003479	96160	87582.68445944786	88013	8.472337770382694	
-2925278.179122307	99.8625	10.443037974683545	182.31645569620252	113.9367088607595	-40.666181050504	1202	1950	180	14.0	506.0	303.0	20	8.0	104.0	67.0	0	0	6.373295783996582	96240	87589.05775523186	88088	8.470490440565243	
-2337734.235109101	101.1625	10.192307692307692	175.46153846153845	109.53846153846153	-40.666181050504	1203	1952	180	14.0	319.0	195.0	20	8.0	109.0	70.0	0	0	5.7785964012146	96320	87594.83635163307	88161	8.470722591362119	
-2437940.4725052887	98.35	10.307692307692308	176.33333333333334	110.24358974358974	-40.666181050504	1204	1954	158	13.0	322.0	198.0	36	8.0	112.0	72.0	0	0	6.1285319328308105	96400	87600.9648835659	88235	8.469917012448136	
-1950517.8968922906	97.3	10.2875	175.0875	109.4875	-40.666181050504	1205	1954	157	15	297	188	36	8	90	58	0	0	6.174173831939697	96480	87607.13905739784	88310	8.468076285240471	
-2425423.8085915605	101.975	10.205128205128204	170.47435897435898	106.6923076923077	-40.666181050504	1206	1956	193	12.0	252.0	155.0	36	8.0	126.0	80.0	0	0	6.030865669250488	96560	87613.1699230671	88382	8.469345484672743	
-2175368.808967986	108.5	10.417721518987342	177.86075949367088	111.0	-40.666181050504	1207	1957	183	14.0	364.0	223.0	36	8.0	82.0	53.0	0	0	6.569563865661621	96640	87619.73948693275	88457	8.4675082781457	
-2262720.071243269	111.975	10.5125	173.8875	108.7125	-40.666181050504	1208	1957	175	15	329	205	68	8	98	63	0	0	6.029015064239502	96720	87625.768501997	88533	8.464640198511162	
-2162815.876210757	107.8875	10.333333333333334	169.19230769230768	105.6923076923077	-40.666181050504	1209	1959	183	13.0	286.0	177.0	50	9.0	107.0	69.0	0	0	5.86615777015686	96800	87631.63465976715	88607	8.463842975206617	
-2587830.6152899144	105.325	10.1875	170.0	106.0875	-40.666181050504	1210	1959	162	13	313	193	38	8	86	56	0	0	6.214590787887573	96880	87637.84925055504	88682	8.462014863748962	
-1975293.675352692	102.75	10.417721518987342	183.41772151898735	114.34177215189874	-40.666181050504	1211	1960	162	14.0	319.0	198.0	38	9.0	109.0	70.0	0	0	6.4010679721832275	96960	87644.25031852722	88757	8.460189768976903	
-2500286.5051282905	102.2625	10.275	176.5	110.075	-40.666181050504	1212	1960	150	13	344	208	50	9	111	72	0	0	6.754581689834595	97040	87651.00490021706	88832	8.458367683429515	
-2712815.5253025144	101.9625	10.3375	181.175	112.975	-40.666181050504	1213	1960	169	13	370	227	39	9	108	70	0	0	6.288430690765381	97120	87657.29333090782	88908	8.455518945634267	
-2600213.709251419	98.275	10.475	185.275	115.2875	-40.666181050504	1214	1960	141	16	310	188	39	8	87	56	0	0	6.443832159042358	97200	87663.73716306686	88984	8.452674897119337	
-1787736.4154461208	95.175	10.615384615384615	178.3846153846154	111.42307692307692	-40.666181050504	1215	1962	143	16.0	310.0	188.0	39	8.0	96.0	62.0	0	0	5.858039140701294	97280	87669.59520220757	89057	8.452919407894726	
-2512839.284229022	98.225	10.506493506493506	180.96103896103895	112.85714285714286	-40.666181050504	1216	1965	167	15.0	328.0	198.0	33	9.0	108.0	70.0	0	0	6.158273935317993	97360	87675.75347614288	89130	8.453163516844697	
-1887858.138856046	98.6625	10.363636363636363	179.23376623376623	111.77922077922078	-40.666181050504	1217	1968	167	14.0	506.0	303.0	42	8.0	101.0	65.0	0	0	6.74117112159729	97440	87682.49464726448	89202	8.454433497536954	
-2425360.422272683	101.4	10.481012658227849	176.74683544303798	110.64556962025317	-40.666181050504	1218	1969	168	15.0	350.0	217.0	28	9.0	109.0	70.0	0	0	6.186546564102173	97520	87688.68119382858	89277	8.452625102543067	
-2287778.715862746	100.45	10.45	178.9875	112.075	-40.666181050504	1219	1969	162	14	345	214	38	9	109	70	0	0	6.229986190795898	97600	87694.91118001938	89353	8.44979508196721	
-2250315.195707023	100.075	10.253164556962025	176.86075949367088	110.37974683544304	-40.666181050504	1220	1970	168	14.0	288.0	175.0	32	8.0	98.0	63.0	0	0	6.317431449890137	97680	87701.22861146927	89428	8.447993447993454	
-1775290.9116554	99.5625	10.226666666666667	166.24	104.30666666666667	-40.666181050504	1221	1975	186	13.0	272.0	169.0	14	8.0	111.0	70.0	0	0	5.562429904937744	97760	87706.7910413742	89499	8.450286415711943	
-2375392.4771817685	100.1	10.168831168831169	169.83116883116884	106.3896103896104	-40.666181050504	1222	1978	144	17.0	308.0	192.0	56	8.0	90.0	58.0	0	0	5.8535401821136475	97840	87712.64458155632	89571	8.451553556827477	
-2212866.189008047	99.5625	10.215189873417721	173.15189873417722	108.41772151898734	-40.666181050504	1223	1979	149	13.0	394.0	247.0	51	8.0	100.0	64.0	0	0	6.391756296157837	97920	87719.03633785248	89646	8.449754901960787	
-2262788.89034571	97.85	10.24	171.70666666666668	107.46666666666667	-40.666181050504	1224	1984	186	15.0	431.0	267.0	14	8.0	86.0	56.0	0	0	5.297695875167847	98000	87724.33403372765	89716	8.453061224489801	
-1987837.4573839116	99.4125	10.126582278481013	170.56962025316454	106.36708860759494	-40.666181050504	1225	1985	143	12.0	306.0	187.0	57	9.0	126.0	81.0	0	0	5.770147800445557	98080	87730.10418152809	89789	8.453303425774877	
-1862797.1774055422	99.125	10.4	178.3125	111.375	-40.666181050504	1226	1985	131	14	306	188	65	8	79	51	0	0	5.870222806930542	98160	87735.97440433502	89865	8.450488997555013	
-1937756.6850610257	98.075	10.272727272727273	178.57142857142858	111.63636363636364	-40.666181050504	1227	1988	168	13.0	308.0	190.0	20	8.0	105.0	68.0	0	0	5.856809616088867	98240	87741.83121395111	89937	8.451750814332243	
-1800274.0901061124	97.45	10.197368421052632	178.25	111.26315789473684	-40.666181050504	1228	1992	152	13.0	310.0	188.0	48	8.0	85.0	55.0	0	0	6.275752067565918	98320	87748.10696601868	90009	8.453010577705456	
-2850321.2965758224	94.8	10.08860759493671	169.9873417721519	106.50632911392405	-40.666181050504	1229	1993	149	13.0	339.0	211.0	48	8.0	86.0	56.0	0	0	5.73181414604187	98400	87753.83878016472	90083	8.452235772357724	
-2662955.1525158538	99.4625	10.384615384615385	178.35897435897436	111.66666666666667	-40.666181050504	1230	1995	135	15.0	300.0	186.0	74	8.0	112.0	71.0	0	0	5.811701774597168	98480	87759.65048193932	90157	8.451462225832657	
-1862956.2618299522	99.475	10.291139240506329	180.1139240506329	112.34177215189874	-40.666181050504	1231	1996	164	13.0	291.0	179.0	36	7.0	82.0	53.0	0	0	6.227352142333984	98560	87765.87783408165	90232	8.449675324675326	
-2537767.5981704397	99.5125	10.50632911392405	183.29113924050634	114.37974683544304	-40.666181050504	1232	1997	154	15.0	332.0	203.0	36	9.0	90.0	58.0	0	0	6.118021726608276	98640	87771.99585580826	90306	8.448905109489047	
-2862814.1814233772	100.425	10.126582278481013	175.54430379746836	109.77215189873418	-40.666181050504	1233	1998	174	13.0	323.0	199.0	31	8.0	87.0	56.0	0	0	6.43938946723938	98720	87778.4352452755	90381	8.447123176661265	
-2012851.480192782	99.375	9.974358974358974	172.34615384615384	107.67948717948718	-40.666181050504	1234	2000	163	14.0	324.0	197.0	37	7.0	74.0	48.0	0	0	6.545635938644409	98800	87784.98088121414	90455	8.446356275303643	
-2175474.5915274518	99.3625	9.9375	166.325	104.0875	-40.666181050504	1235	2000	172	12	291	177	64	8	87	56	0	0	6.137542009353638	98880	87791.1184232235	90531	8.443567961165044	
-2337798.4811879373	99.6625	10.320512820512821	168.5897435897436	105.52564102564102	-40.666181050504	1236	2002	132	16.0	268.0	170.0	56	8.0	87.0	56.0	0	0	6.2041707038879395	98960	87797.32259392738	90605	8.4428051738076	
-1950385.5360887435	99.7	10.316455696202532	173.27848101265823	108.44303797468355	-40.666181050504	1237	2003	162	16.0	298.0	191.0	38	8.0	79.0	51.0	0	0	6.091097831726074	99040	87803.41369175911	90680	8.441033925686597	
-1862798.476463303	101.625	10.217948717948717	179.12820512820514	111.7051282051282	-40.666181050504	1238	2005	164	12.0	316.0	193.0	36	8.0	86.0	56.0	0	0	6.165930509567261	99120	87809.57962226868	90754	8.440274414850691	
-2725314.9586895714	101.6625	10.43421052631579	174.46052631578948	109.0	-40.666181050504	1239	2009	157	14.0	303.0	187.0	43	8.0	108.0	70.0	0	0	6.150145530700684	99200	87815.72976779938	90824	8.443548387096783	
-1750233.942911877	106.6125	10.39240506329114	172.873417721519	108.0379746835443	-40.666181050504	1240	2010	143	14.0	280.0	176.0	93	9.0	98.0	63.0	0	0	5.852845668792725	99280	87821.58261346817	90898	8.442788074133773	
-2625324.619862912	102.375	10.415584415584416	181.01298701298703	113.0909090909091	-40.666181050504	1241	2013	194	14.0	323.0	195.0	26	9.0	111.0	72.0	0	0	6.241615295410156	99360	87827.82422876358	90970	8.444041867954908	
-2312823.4713002695	102.7125	10.282051282051283	172.74358974358975	107.96153846153847	-40.666181050504	1242	2015	174	14.0	306.0	190.0	42	8.0	124.0	78.0	0	0	5.833125591278076	99440	87833.65735435486	91043	8.444288012872079	
-2012901.8165392703	100.4625	10.256410256410257	169.10256410256412	105.91025641025641	-40.666181050504	1243	2017	149	15.0	355.0	223.0	42	8.0	95.0	61.0	0	0	5.83952784538269	99520	87839.49688220024	91117	8.443528938906752	
-2350439.1460572854	100.0	10.333333333333334	176.69230769230768	110.47435897435898	-40.666181050504	1244	2019	178	13.0	339.0	207.0	22	9.0	105.0	68.0	0	0	6.225824356079102	99600	87845.72270655632	91191	8.442771084337352	
-2237827.525754771	104.4625	10.379746835443038	180.9240506329114	113.12658227848101	-40.666181050504	1245	2020	153	16.0	262.0	163.0	52	9.0	126.0	82.0	0	0	6.296947717666626	99680	87852.01965427399	91265	8.44201444622793	
-1912807.8894217391	108.7875	10.5375	194.275	121.1125	-40.666181050504	1246	2020	172	15	355	217	52	8	98	63	0	0	6.271640062332153	99760	87858.29129433632	91341	8.439254210104252	
-2000381.035886521	101.7625	10.294871794871796	179.21794871794873	111.98717948717949	-40.666181050504	1247	2022	148	14.0	352.0	214.0	52	8.0	87.0	56.0	0	0	6.099777460098267	99840	87864.39107179642	91414	8.439503205128204	
-1925355.467085623	100.975	10.468354430379748	187.0632911392405	116.68354430379746	-40.666181050504	1248	2023	152	15.0	371.0	228.0	52	8.0	86.0	56.0	0	0	6.6178600788116455	99920	87871.00893187523	91489	8.437750200160139	
-2125350.5837717825	98.55	10.2875	187.25	116.7875	-40.666181050504	1249	2023	163	15	333	207	37	9	124	78	0	0	6.652111768722534	100000	87877.66104364395	91565	8.435000000000002	
-2137738.216174467	96.125	10.240506329113924	176.0253164556962	109.86075949367088	-40.666181050504	1250	2024	157	14.0	291.0	177.0	43	8.0	85.0	55.0	0	0	6.141453266143799	100080	87883.8024969101	91640	8.433253397282172	
-2500274.13063109	99.075	10.415584415584416	175.97402597402598	110.3896103896104	-40.666181050504	1251	2027	182	15.0	406.0	254.0	18	8.0	87.0	56.0	0	0	5.888386011123657	100160	87889.69088292122	91712	8.434504792332262	
-2425302.6669449275	100.0	10.448717948717949	180.84615384615384	112.73076923076923	-40.666181050504	1252	2029	141	14.0	320.0	195.0	59	8.0	86.0	56.0	0	0	6.281258583068848	100240	87895.97214150429	91786	8.433758978451706	
-1962795.481729164	100.5125	10.278481012658228	179.0126582278481	111.88607594936708	-40.666181050504	1253	2030	169	13.0	320.0	196.0	31	8.0	87.0	56.0	0	0	5.977897644042969	100320	87901.95003914833	91861	8.432017543859644	
-2150378.46330363	100.95	10.2875	175.625	109.4875	-40.666181050504	1254	2030	160	14	506	303	40	8	86	56	0	0	6.7389960289001465	100400	87908.68903517723	91936	8.430278884462155	
-2512789.21711838	102.9625	10.4125	178.8375	111.825	-40.666181050504	1255	2030	177	15	360	228	61	9	97	63	0	0	6.649743318557739	100480	87915.33877849579	92012	8.427547770700642	
-2887841.0309008798	101.4875	10.417721518987342	178.126582278481	111.16455696202532	-40.666181050504	1256	2031	144	14.0	319.0	195.0	56	9.0	97.0	63.0	0	0	6.568350553512573	100560	87921.9071290493	92086	8.42680986475736	
-2550323.027980367	101.5625	10.531645569620252	186.36708860759492	116.0126582278481	-40.666181050504	1257	2032	161	14.0	400.0	245.0	39	9.0	109.0	70.0	0	0	6.660896062850952	100640	87928.56802511215	92161	8.425079491255957	
-2700318.019502773	100.9875	10.4875	177.0625	110.8	-40.666181050504	1258	2032	189	18	353	220	47	8	86	56	0	0	6.140963792800903	100720	87934.70898890495	92234	8.425337569499604	
-2512681.8355396837	102.975	10.481012658227849	186.1772151898734	116.43037974683544	-40.666181050504	1259	2033	189	15.0	343.0	214.0	11	8.0	79.0	51.0	0	0	6.319958448410034	100800	87941.02894735336	92306	8.42658730158729	
-2612849.66607933	104.7	10.139240506329115	172.83544303797467	107.79746835443038	-40.666181050504	1260	2034	174	13.0	336.0	206.0	26	8.0	87.0	56.0	0	0	6.275507926940918	100880	87947.3044552803	92381	8.424861221252982	
-1675383.4786460642	101.6625	10.294871794871796	172.33333333333334	107.75641025641026	-40.666181050504	1261	2036	158	16.0	445.0	276.0	43	9.0	98.0	63.0	0	0	5.945460557937622	100960	87953.24991583824	92455	8.424128367670363	
-2062831.3851421564	100.0125	10.217948717948717	172.84615384615384	108.0	-40.666181050504	1262	2038	154	15.0	283.0	172.0	46	8.0	87.0	56.0	0	0	6.203942775726318	101040	87959.45385861397	92529	8.423396674584325	
-1912805.2366538688	103.0	10.455696202531646	174.81012658227849	108.9873417721519	-40.666181050504	1263	2039	155	18.0	286.0	176.0	45	8.0	87.0	56.0	0	0	6.329410076141357	101120	87965.78326869011	92604	8.421677215189874	
-2225298.704214121	106.025	10.316455696202532	177.22784810126583	110.60759493670886	-40.666181050504	1264	2040	161	17.0	467.0	288.0	39	8.0	96.0	62.0	0	0	6.888906955718994	101200	87972.67217564583	92678	8.420948616600782	
-2525355.3599787727	101.0375	10.538461538461538	178.6153846153846	111.43589743589743	-40.666181050504	1265	2042	158	14.0	317.0	193.0	42	8.0	109.0	70.0	0	0	6.602633714675903	101280	87979.2748093605	92752	8.420221169036338	
-2375381.9734124346	99.9	10.376623376623376	182.0	113.57142857142857	-40.666181050504	1266	2045	158	15.0	350.0	217.0	8	7.0	90.0	58.0	0	0	6.260155439376831	101360	87985.53496479988	92825	8.420481452249405	
-1750416.44822803	104.2875	10.425	182.4625	113.8875	-40.666181050504	1267	2045	147	14	438	269	64	7	82	53	0	0	6.279837131500244	101440	87991.81480193138	92901	8.417783911671933	
-2175349.0111298985	102.05	10.582278481012658	179.9746835443038	112.69620253164557	-40.666181050504	1268	2046	152	16.0	366.0	236.0	48	7.0	82.0	53.0	0	0	6.305153131484985	101520	87998.11995506287	92976	8.416075650118202	
-2000354.9913771667	101.9375	10.2625	176.825	110.325	-40.666181050504	1269	2046	157	13	274	169	43	8	87	56	0	0	6.6065027713775635	101600	88004.72645783424	93052	8.413385826771659	
-1612839.696696193	98.975	10.30379746835443	176.49367088607596	110.07594936708861	-40.666181050504	1270	2047	139	13.0	310.0	188.0	61	8.0	84.0	54.0	0	0	5.997657299041748	101680	88010.72411513329	93126	8.412667191188035	
-2350432.638284126	100.0	10.253164556962025	170.0379746835443	106.30379746835443	-40.666181050504	1271	2048	145	14.0	303.0	188.0	55	8.0	87.0	56.0	0	0	5.837088108062744	101760	88016.56120324135	93201	8.410966981132077	
-1350308.3074827832	99.825	10.278481012658228	177.9873417721519	111.20253164556962	-40.666181050504	1272	2049	136	17.0	378.0	238.0	64	9.0	98.0	63.0	0	0	6.055972337722778	101840	88022.61717557907	93275	8.410251374705425	
-1912849.988490517	100.0	10.307692307692308	166.35897435897436	104.1025641025641	-40.666181050504	1273	2051	164	16.0	313.0	195.0	36	8.0	97.0	63.0	0	0	5.547039270401001	101920	88028.16421484947	93348	8.410518053375199	
-1937766.8428983912	100.0	10.151898734177216	173.46835443037975	108.40506329113924	-40.666181050504	1274	2052	139	15.0	279.0	176.0	61	8.0	87.0	56.0	0	0	6.058356285095215	102000	88034.22257113457	93423	8.408823529411762	
-1962822.9149711921	100.3	10.151898734177216	172.32911392405063	107.73417721518987	-40.666181050504	1275	2053	144	13.0	354.0	217.0	56	8.0	86.0	56.0	0	0	6.470107316970825	102080	88040.69267845154	93498	8.407131661442008	
-2050445.9578409276	101.175	10.4625	178.4875	111.6375	-40.666181050504	1276	2053	163	14	374	228	53	9	116	75	0	0	5.969331979751587	102160	88046.66201043129	93573	8.405442443226306	
-2250351.713094459	100.975	10.341772151898734	186.72151898734177	116.41772151898734	-40.666181050504	1277	2054	159	15.0	315.0	193.0	62	8.0	98.0	63.0	0	0	6.186933279037476	102240	88052.84894371033	93647	8.404733959311429	
-2137813.4865506855	98.4375	10.3125	189.6	118.0375	-40.666181050504	1278	2054	144	14	343	208	56	7	82	53	0	0	5.900460720062256	102320	88058.74940443039	93723	8.402071931196247	
-2287857.5137710758	99.7	10.189873417721518	175.9746835443038	109.84810126582279	-40.666181050504	1279	2055	140	15.0	359.0	225.0	63	8.0	91.0	59.0	0	0	5.749809741973877	102400	88064.49921417236	93798	8.400390625	
-2150517.5035054823	100.2875	10.2987012987013	179.85714285714286	112.11688311688312	-40.666181050504	1280	2058	152	13.0	313.0	195.0	48	9.0	98.0	63.0	0	0	6.243318796157837	102480	88070.74253296852	93870	8.401639344262293	
-2137828.399022434	100.65	10.243589743589743	175.94871794871796	109.91025641025641	-40.666181050504	1281	2060	163	14.0	281.0	172.0	37	7.0	74.0	48.0	0	0	6.345445156097412	102560	88077.08797812462	93943	8.401911076443056	
-2412831.7401817236	100.425	10.253164556962025	176.70886075949366	110.11392405063292	-40.666181050504	1282	2061	177	13.0	315.0	193.0	22	9.0	90.0	58.0	0	0	6.0347740650177	102640	88083.12275218964	94017	8.401208106001562	
-2087720.8921632587	100.0	10.051282051282051	166.85897435897436	104.17948717948718	-40.666181050504	1283	2063	173	12.0	325.0	199.0	27	9.0	98.0	63.0	0	0	5.506206274032593	102720	88088.62895846367	94089	8.402453271028037	
-1525429.9126225777	99.9625	10.151898734177216	171.35443037974684	107.0	-40.666181050504	1284	2064	160	14.0	313.0	195.0	40	9.0	90.0	58.0	0	0	6.216896057128906	102800	88094.8458545208	94163	8.401750972762642	
-1700332.5462543801	100.15	10.20253164556962	170.22784810126583	106.62025316455696	-40.666181050504	1285	2065	133	14.0	307.0	196.0	67	9.0	117.0	76.0	0	0	5.822871208190918	102880	88100.66872572899	94238	8.400077760497666	
-1775281.670661176	100.9	10.375	169.6375	106.0	-40.666181050504	1286	2065	130	13	283	172	70	9	98	63	0	0	6.429058313369751	102960	88107.09778404236	94313	8.398407148407145	
-1975326.7655200723	100.35	10.282051282051283	177.55128205128204	110.73076923076923	-40.666181050504	1287	2067	163	13.0	306.0	187.0	37	9.0	119.0	75.0	0	0	5.847217082977295	103040	88112.94500112534	94387	8.397709627329192	
-2275336.159565224	100.45	10.227848101265822	177.41772151898735	110.55696202531645	-40.666181050504	1288	2068	160	13.0	354.0	217.0	40	7.0	90.0	58.0	0	0	6.4593963623046875	103120	88119.40439748764	94461	8.39701318851823	
-1600394.284117389	100.25	10.265822784810126	180.0126582278481	112.11392405063292	-40.666181050504	1289	2069	149	13.0	315.0	193.0	51	8.0	79.0	51.0	0	0	6.219515085220337	103200	88125.62391257286	94536	8.395348837209298	
-1637869.5447518928	99.9625	10.519480519480519	186.37662337662337	116.23376623376623	-40.666181050504	1290	2072	141	15.0	346.0	210.0	35	9.0	110.0	71.0	0	0	6.328188419342041	103280	88131.9521009922	94608	8.39659178931062	
-1875378.4327172854	100.55	10.227848101265822	176.53164556962025	110.22784810126582	-40.666181050504	1291	2073	133	14.0	378.0	238.0	67	8.0	114.0	72.0	0	0	6.336862087249756	103360	88138.28896307945	94682	8.39589783281734	
-2150380.152825405	98.9125	10.39240506329114	181.1012658227848	113.0126582278481	-40.666181050504	1292	2074	167	16.0	380.0	235.0	38	8.0	88.0	57.0	0	0	5.970064640045166	103440	88144.2590277195	94756	8.395204949729305	
-1962785.1126149842	95.675	10.381578947368421	176.97368421052633	110.48684210526316	-40.666181050504	1293	2078	134	16.0	361.0	223.0	35	8.0	124.0	78.0	0	0	5.7060887813568115	103520	88149.96511650085	94828	8.396445131375586	
-1812743.9141012568	100.0875	10.379746835443038	176.55696202531647	110.13924050632912	-40.666181050504	1294	2079	170	14.0	306.0	187.0	41	8.0	121.0	78.0	0	0	5.898480176925659	103600	88155.86359667778	94902	8.395752895752892	
-2037754.496438636	100.35	10.354430379746836	171.8227848101266	107.36708860759494	-40.666181050504	1295	2080	175	14.0	289.0	176.0	25	10.0	121.0	78.0	0	0	6.060614824295044	103680	88161.92421150208	94977	8.394097222222214	
-2412842.2598691066	100.0	10.3125	175.6875	109.65	-40.666181050504	1296	2080	170	13	306	187	30	8	90	58	0	0	6.522404909133911	103760	88168.44661641121	95053	8.39148033924441	
-1900392.1131818616	100.3125	10.217948717948717	171.32051282051282	107.2051282051282	-40.666181050504	1297	2082	177	14.0	291.0	179.0	23	9.0	105.0	68.0	0	0	5.658944129943848	103840	88174.10556054115	95126	8.391756548536208	
-2562903.346660207	100.0	10.075	164.1625	102.575	-40.666181050504	1298	2082	159	12	360	222	41	8	85	55	0	0	5.7211198806762695	103920	88179.82668042183	95199	8.392032332563517	
-1762737.5055374024	100.025	10.265822784810126	166.32911392405063	103.83544303797468	-40.666181050504	1299	2083	149	13.0	302.0	186.0	51	8.0	85.0	55.0	0	0	5.899932861328125	104000	88185.72661328316	95274	8.390384615384619	
-2112722.9733272158	102.6375	10.1875	176.4125	109.9	-40.666181050504	1300	2083	143	14	296	180	64	8	85	55	0	0	5.817343235015869	104080	88191.54395651817	95348	8.389700230591856	
-1850375.6849490248	102.75	10.126582278481013	178.53164556962025	111.35443037974683	-40.666181050504	1301	2084	164	13.0	386.0	238.0	36	9.0	106.0	67.0	0	0	6.000253677368164	104160	88197.54421019554	95423	8.388056835637485	
-2187890.970407461	104.4125	10.2625	176.8875	110.4875	-40.666181050504	1302	2084	164	14	323	198	69	7	90	58	0	0	6.562160968780518	104240	88204.10637116432	95498	8.386415963161937	
-2025325.3163314841	100.1125	10.164556962025317	177.53164556962025	110.74683544303798	-40.666181050504	1303	2085	167	14.0	301.0	184.0	33	9.0	109.0	70.0	0	0	5.527580738067627	104320	88209.63395190239	95569	8.388611963190186	
-2375211.4448072175	99.95	10.139240506329115	169.126582278481	105.75949367088607	-40.666181050504	1304	2086	160	12.0	306.0	187.0	40	8.0	86.0	56.0	0	0	5.73525071144104	104400	88215.36920261383	95644	8.386973180076623	
-2212844.6356211985	99.9	10.49367088607595	171.63291139240508	107.77215189873418	-40.666181050504	1305	2087	161	15.0	369.0	228.0	39	8.0	95.0	61.0	0	0	5.708822011947632	104480	88221.07802462578	95718	8.386294027565086	
-1675320.300000185	99.9	10.734177215189874	185.9873417721519	116.45569620253164	-40.666181050504	1306	2088	172	19.0	375.0	243.0	24	8.0	79.0	51.0	0	0	6.050357103347778	104560	88227.12838172913	95793	8.384659525631221	
-2025325.6147919768	102.8	10.35897435897436	175.2051282051282	109.42307692307692	-40.666181050504	1307	2090	156	16.0	302.0	186.0	60	8.0	87.0	56.0	0	0	6.006754398345947	104640	88233.13513612747	95866	8.384938837920487	
-2300387.0531809223	102.7	10.468354430379748	179.16455696202533	112.0253164556962	-40.666181050504	1308	2091	164	14.0	316.0	195.0	36	9.0	105.0	68.0	0	0	6.477812767028809	104720	88239.6129488945	95941	8.383307868601989	
-2200244.1637169425	100.8125	10.166666666666666	172.0897435897436	107.74358974358974	-40.666181050504	1309	2093	182	16.0	278.0	172.0	34	8.0	104.0	67.0	0	0	5.754403829574585	104800	88245.36735272408	96014	8.38358778625954	
-1900355.911190952	100.25	10.246753246753247	170.44155844155844	106.58441558441558	-40.666181050504	1310	2096	163	14.0	291.0	179.0	37	8.0	113.0	73.0	0	0	5.9095375537872314	104880	88251.27689027786	96087	8.38386727688787	
-1337821.830939805	102.25	10.125	172.4375	107.675	-40.666181050504	1311	2096	162	13	286	174	38	9	100	65	0	0	6.190389156341553	104960	88257.4672794342	96162	8.382240853658544	
-2325369.9262159923	100.5875	10.25974025974026	170.7922077922078	106.79220779220779	-40.666181050504	1312	2099	157	15.0	356.0	218.0	43	9.0	109.0	70.0	0	0	6.047616481781006	105040	88263.51489591599	96235	8.382520944402131	
-2200371.338362149	100.3375	10.461538461538462	184.84615384615384	115.32051282051282	-40.666181050504	1313	2101	154	15.0	522.0	317.0	46	9.0	98.0	63.0	0	0	6.370596170425415	105120	88269.88549208641	96308	8.382800608828006	
-2275366.6313108304	96.775	10.192307692307692	178.51282051282053	111.64102564102564	-40.666181050504	1314	2103	186	12.0	306.0	187.0	14	8.0	95.0	61.0	0	0	5.954236268997192	105200	88275.83972835541	96382	8.382129277566548	
-2587881.822739241	98.6625	10.325	174.3125	108.9875	-40.666181050504	1315	2103	121	16	289	176	44	9	108	70	0	0	6.148738384246826	105280	88281.98846673965	96457	8.380509118541042	
-2237884.3501334838	97.425	10.2875	175.825	109.95	-40.666181050504	1316	2103	189	14	301	188	29	8	87	56	0	0	6.2637975215911865	105360	88288.25226426125	96533	8.377942293090356	
-2237834.5107389493	99.5125	10.126582278481013	168.37974683544303	105.35443037974683	-40.666181050504	1317	2104	170	15.0	275.0	167.0	30	8.0	98.0	63.0	0	0	5.664761304855347	105440	88293.9170255661	96607	8.377276176024282	
-2325338.285719578	97.7875	10.30379746835443	178.68354430379748	111.35443037974683	-40.666181050504	1318	2105	153	13.0	343.0	213.0	43	8.0	86.0	56.0	0	0	6.229001760482788	105520	88300.14602732658	96681	8.37661106899165	
-2275338.992673711	99.55	10.311688311688311	182.33766233766235	113.88311688311688	-40.666181050504	1319	2108	177	15.0	309.0	192.0	23	8.0	109.0	70.0	0	0	5.983916521072388	105600	88306.12994384766	96754	8.376893939393938	
-2425385.9782450693	94.7375	10.253333333333334	180.62666666666667	112.6	-40.666181050504	1320	2113	188	15.0	317.0	196.0	12	8.0	84.0	54.0	0	0	6.014665365219116	105680	88312.14460921288	96825	8.379068887206671	
-2387979.1251167944	97.525	10.329113924050633	181.36708860759492	113.18987341772151	-40.666181050504	1321	2114	164	14.0	377.0	230.0	36	8.0	79.0	51.0	0	0	6.649077415466309	105760	88318.79368662834	96900	8.377458396369136	
-2150397.324736642	93.9625	10.050632911392405	164.86075949367088	103.41772151898734	-40.666181050504	1322	2115	128	13.0	306.0	187.0	28	7.0	82.0	53.0	0	0	5.977787971496582	105840	88324.77147459984	96973	8.377739984882837	
-2325325.5742827086	95.825	10.192307692307692	170.37179487179486	106.37179487179488	-40.666181050504	1323	2117	154	13.0	308.0	188.0	32	8.0	87.0	56.0	0	0	5.743501663208008	105920	88330.51497626305	97046	8.378021148036254	
-2087791.5659957496	98.975	10.519480519480519	175.83116883116884	110.0909090909091	-40.666181050504	1324	2120	157	16.0	342.0	221.0	38	7.0	82.0	53.0	0	0	6.1774444580078125	106000	88336.69242072105	97118	8.37924528301886	
-2012755.8971235454	102.25	10.576923076923077	178.98717948717947	111.76923076923077	-40.666181050504	1325	2122	225	13.0	335.0	207.0	16	8.0	95.0	61.0	0	0	5.724544048309326	106080	88342.41696476936	97188	8.382352941176478	
-3037708.5792728243	100.0125	10.5875	177.025	110.7875	-40.666181050504	1326	2122	141	15	335	208	60	9	108	70	0	0	6.249628067016602	106160	88348.66659283638	97264	8.37980406932931	
-2600253.3458856237	99.25	10.5	181.47435897435898	113.17948717948718	-40.666181050504	1327	2124	152	14.0	399.0	242.0	48	9.0	98.0	63.0	0	0	5.961603403091431	106240	88354.62819623947	97338	8.379141566265062	
-2800292.876507225	98.3625	10.544303797468354	180.25316455696202	112.35443037974683	-40.666181050504	1328	2125	156	16.0	321.0	195.0	36	8.0	92.0	59.0	0	0	6.273072719573975	106320	88360.90126895905	97412	8.378480060195642	
-2925285.1799946344	100.3	10.645569620253164	177.21518987341773	111.12658227848101	-40.666181050504	1329	2126	189	17.0	398.0	252.0	50	8.0	87.0	56.0	0	0	6.517119646072388	106400	88367.41838860512	97487	8.376879699248121	
-2450300.4594190223	99.975	10.371794871794872	182.82051282051282	114.14102564102564	-40.666181050504	1330	2128	166	14.0	498.0	303.0	34	9.0	121.0	78.0	0	0	6.333386182785034	106480	88373.7517747879	97559	8.378099173553721	
-2250241.5643449663	98.325	10.302631578947368	174.77631578947367	109.5	-40.666181050504	1331	2132	157	15.0	315.0	193.0	21	8.0	98.0	63.0	0	0	5.743617057800293	106560	88379.4953918457	97630	8.38025525525525	
-1687856.2280642812	97.6125	10.012820512820513	167.06410256410257	104.3076923076923	-40.666181050504	1332	2134	158	12.0	306.0	187.0	43	8.0	90.0	58.0	0	0	5.8109941482543945	106640	88385.30638599396	97701	8.382408102025508	
-2012869.9696666705	100.0	10.051282051282051	166.6153846153846	104.15384615384616	-40.666181050504	1333	2136	157	13.0	247.0	152.0	43	8.0	87.0	56.0	0	0	5.368096590042114	106720	88390.674482584	97773	8.383620689655174	
-2425295.666814926	100.8	10.23076923076923	173.47435897435898	108.41025641025641	-40.666181050504	1334	2138	160	14.0	304.0	186.0	40	9.0	109.0	70.0	0	0	5.926847219467163	106800	88396.60132980347	97846	8.383895131086135	
-2537819.58902776	102.95	10.454545454545455	183.88311688311688	114.64935064935065	-40.666181050504	1335	2141	174	14.0	309.0	187.0	26	9.0	111.0	72.0	0	0	6.60887336730957	106880	88403.21020317078	97918	8.385104790419163	
-1950328.0011730164	100.15	10.367088607594937	185.21518987341773	115.20253164556962	-40.666181050504	1336	2142	149	14.0	291.0	176.0	52	9.0	132.0	85.0	0	0	6.209620475769043	106960	88409.41982364655	97992	8.384442782348543	
-2112740.7437576363	96.8375	10.407894736842104	173.96052631578948	108.35526315789474	-40.666181050504	1337	2146	154	15.0	315.0	190.0	44	9.0	117.0	74.0	0	0	5.880232810974121	107040	88415.30005645752	98063	8.386584454409558	
-1975242.5712904644	98.4	10.278481012658228	177.39240506329114	110.77215189873418	-40.666181050504	1338	2147	151	14.0	328.0	200.0	45	9.0	98.0	63.0	0	0	6.133718013763428	107120	88421.43377447128	98137	8.385922330097088	
-1950208.4149284177	99.65	10.2987012987013	178.12987012987014	111.03896103896103	-40.666181050504	1339	2150	158	14.0	342.0	208.0	38	8.0	86.0	56.0	0	0	5.926642179489136	107200	88427.36041665077	98210	8.386194029850742	
-2550293.5233624876	100.375	10.397435897435898	179.56410256410257	112.08974358974359	-40.666181050504	1340	2152	158	13.0	323.0	200.0	43	9.0	121.0	78.0	0	0	6.446714639663696	107280	88433.80713129044	98283	8.386465324384787	
-2112761.4569698256	99.975	10.192307692307692	167.69230769230768	104.88461538461539	-40.666181050504	1341	2154	174	14.0	283.0	172.0	26	8.0	103.0	66.0	0	0	5.688199281692505	107360	88439.49533057213	98357	8.385804769001496	
-2575197.204664593	98.6625	10.371794871794872	173.9102564102564	108.8076923076923	-40.666181050504	1342	2156	166	17.0	338.0	208.0	34	8.0	86.0	56.0	0	0	5.502668857574463	107440	88444.9979994297	98430	8.386075949367083	
-1962757.674744003	96.9375	10.246753246753247	173.53246753246754	108.20779220779221	-40.666181050504	1343	2159	122	14.0	336.0	208.0	34	9.0	101.0	65.0	0	0	5.825282096862793	107520	88450.82328152657	98503	8.386346726190482	
-1700248.5883803747	96.7	10.32	173.6	108.29333333333334	-40.666181050504	1344	2164	170	14.0	315.0	193.0	20	8.0	107.0	69.0	0	0	5.660822629928589	107600	88456.4841041565	98574	8.388475836431226	
-2350270.6419825507	99.9375	10.441558441558442	179.4935064935065	111.72727272727273	-40.666181050504	1345	2167	165	14.0	318.0	195.0	35	8.0	95.0	61.0	0	0	6.043561935424805	107680	88462.52766609192	98647	8.388744427934625	
-1562839.4909925528	101.4875	10.58974358974359	185.03846153846155	115.15384615384616	-40.666181050504	1346	2169	168	14.0	386.0	231.0	32	8.0	105.0	68.0	0	0	6.817821264266968	107760	88469.34548735619	98721	8.388084632516694	
-2125376.365389901	100.5875	10.717948717948717	180.75641025641025	112.75641025641026	-40.666181050504	1347	2171	176	14.0	372.0	225.0	24	8.0	86.0	56.0	0	0	5.909850358963013	107840	88475.25533771515	98795	8.387425816023736	
-2175232.226477919	100.825	10.468354430379748	176.08860759493672	110.12658227848101	-40.666181050504	1348	2172	164	16.0	444.0	272.0	43	9.0	108.0	70.0	0	0	5.913456201553345	107920	88481.1687939167	98870	8.385841363973313	
-2637794.3419831865	97.375	10.448717948717949	186.5	116.23076923076923	-40.666181050504	1349	2174	165	14.0	394.0	239.0	22	9.0	90.0	58.0	0	0	6.280134677886963	108000	88487.44892859459	98943	8.38611111111112	
-2100347.2419120246	98.2875	10.480519480519481	181.14285714285714	113.14285714285714	-40.666181050504	1350	2177	148	15.0	364.0	226.0	16	9.0	131.0	83.0	0	0	5.649724006652832	108080	88493.09865260124	99013	8.38915618060696	
-2187779.530861871	96.4875	10.328947368421053	174.25	108.65789473684211	-40.666181050504	1351	2181	173	15.0	321.0	195.0	27	9.0	109.0	70.0	0	0	5.931549787521362	108160	88499.03020238876	99083	8.392196745562131	
-1737833.9644362521	102.375	10.30379746835443	174.68354430379748	109.12658227848101	-40.666181050504	1352	2182	173	14.0	281.0	172.0	37	9.0	98.0	63.0	0	0	6.210618495941162	108240	88505.2408208847	99158	8.390613451589061	
-1700275.5521265515	104.5375	10.253164556962025	179.8227848101266	111.9746835443038	-40.666181050504	1353	2183	173	14.0	295.0	178.0	40	8.0	79.0	51.0	0	0	5.690327167510986	108320	88510.93114805222	99233	8.389032496307237	
-1725390.1128370757	100.7125	10.487179487179487	177.60256410256412	110.97435897435898	-40.666181050504	1354	2185	149	15.0	320.0	203.0	34	9.0	98.0	63.0	0	0	6.052225112915039	108400	88516.98337316513	99307	8.388376383763841	
-1750304.8200398958	102.25	10.2125	172.7625	107.7875	-40.666181050504	1355	2185	145	13	354	217	62	9	104	67	0	0	6.1660850048065186	108480	88523.14945816994	99383	8.385877581120951	
-1412874.4725243528	102.6625	10.240506329113924	176.8860759493671	110.32911392405063	-40.666181050504	1356	2186	193	13.0	291.0	176.0	30	8.0	85.0	55.0	0	0	6.206283807754517	108560	88529.35574197769	99458	8.384303610906414	
-2050261.5378306564	104.6625	10.30379746835443	180.78481012658227	112.60759493670886	-40.666181050504	1357	2187	193	14.0	315.0	196.0	52	8.0	83.0	54.0	0	0	6.590680837631226	108640	88535.94642281532	99532	8.38365243004418	
-1987829.763846031	104.0875	10.3125	182.5875	113.75	-40.666181050504	1358	2187	193	13	361	221	46	8	122	77	0	0	6.131468057632446	108720	88542.07789087296	99608	8.381162619573217	
-1763042.7473080843	102.325	10.20253164556962	176.873417721519	110.48101265822785	-40.666181050504	1359	2188	219	12.0	315.0	193.0	29	9.0	107.0	69.0	0	0	5.766099214553833	108800	88547.84399008751	99683	8.37959558823529	
-1850396.6167085178	100.9375	10.3	178.8375	111.9375	-40.666181050504	1360	2188	193	12	343	213	39	8	109	71	0	0	6.089899063110352	108880	88553.93388915062	99758	8.378030859662005	
-1950310.0664232515	102.5125	10.435897435897436	183.26923076923077	114.25641025641026	-40.666181050504	1361	2190	148	14.0	354.0	225.0	38	9.0	130.0	81.0	0	0	6.2087297439575195	108960	88560.14261889458	99832	8.37738619676945	
-1562851.0903884463	97.1375	10.217948717948717	183.94871794871796	114.42307692307692	-40.666181050504	1362	2192	166	13.0	310.0	190.0	34	9.0	118.0	76.0	0	0	6.259819507598877	109040	88566.40243840218	99905	8.377659574468083	
-2137844.0629446334	98.0	10.329113924050633	186.70886075949366	116.17721518987342	-40.666181050504	1363	2193	135	13.0	359.0	225.0	48	9.0	117.0	74.0	0	0	6.453094482421875	109120	88572.8555328846	99980	8.376099706744867	
-2375233.77137348	95.775	10.364864864864865	177.3108108108108	110.79729729729729	-40.666181050504	1364	2199	171	17.0	293.0	183.0	29	8.0	87.0	56.0	0	0	5.48000955581665	109200	88578.33554244041	100048	8.38095238095238	
-1862951.6486783375	96.6375	10.236842105263158	171.98684210526315	107.11842105263158	-40.666181050504	1365	2203	171	14.0	343.0	208.0	29	8.0	87.0	56.0	0	0	5.967909574508667	109280	88584.30345201492	100120	8.38213762811128	
-1950375.6906630993	102.3125	10.225	174.7375	109.1125	-40.666181050504	1366	2203	152	13	291	180	48	9	90	58	0	0	6.092077016830444	109360	88590.39552903175	100196	8.379663496708119	
-2325334.8918777807	100.15	10.4125	178.725	111.4375	-40.666181050504	1367	2203	164	14	354	217	40	9	98	63	0	0	6.307323932647705	109440	88596.7028529644	100272	8.377192982456137	
-2100353.7569965264	100.3125	10.375	179.975	112.325	-40.666181050504	1368	2203	157	14	354	217	43	9	98	63	0	0	6.5035622119903564	109520	88603.20641517639	100348	8.37472607742879	
-2150241.081659814	99.825	10.397435897435898	177.67948717948718	111.0	-40.666181050504	1369	2205	182	16.0	370.0	225.0	18	9.0	106.0	67.0	0	0	6.171619892120361	109600	88609.37803506851	100422	8.37408759124088	
-2312792.4651890704	100.225	10.455696202531646	183.43037974683546	114.49367088607595	-40.666181050504	1370	2206	165	14.0	328.0	198.0	35	9.0	112.0	71.0	0	0	6.299496173858643	109680	88615.67753124237	100497	8.372538293216621	
-1800206.489938965	103.1375	10.3375	181.425	112.9375	-40.627536096348784	1371	2206	159	16	368	231	58	9	133	86	0	0	6.223528623580933	109760	88621.90105986595	100573	8.370080174927125	
-2075415.35771145	99.775	10.307692307692308	178.2051282051282	111.08974358974359	-40.627536096348784	1372	2208	156	14.0	354.0	217.0	43	9.0	85.0	55.0	0	0	5.903636932373047	109840	88627.80469679832	100647	8.369446467589228	
-2100214.7302480256	100.475	10.2	172.575	107.75	-40.627536096348784	1373	2208	165	12	366	233	35	8	79	51	0	0	6.325303077697754	109920	88634.12999987602	100722	8.367903930131007	
-2437766.159493989	100.3875	10.164556962025317	177.2405063291139	110.59493670886076	-40.627536096348784	1374	2209	152	12.0	307.0	188.0	48	8.0	86.0	56.0	0	0	6.146726608276367	110000	88640.2767264843	100797	8.366363636363644	
-2600331.5385531127	99.6	10.2625	186.8125	116.3375	-40.627536096348784	1375	2209	161	13	350	217	39	9	108	70	0	0	6.22854471206665	110080	88646.50527119637	100872	8.364825581395351	
-2475256.305576085	98.6125	10.423076923076923	185.05128205128204	115.12820512820512	-40.627536096348784	1376	2211	187	14.0	337.0	208.0	6	9.0	118.0	76.0	0	0	6.31514048576355	110160	88652.82041168213	100944	8.366013071895424	
-1900280.4532478624	98.55	10.316455696202532	186.41772151898735	115.9113924050633	-40.627536096348784	1377	2212	177	15.0	476.0	289.0	23	9.0	109.0	70.0	0	0	6.696203231811523	110240	88659.51661491394	101019	8.364477503628436	
-2012764.344198709	97.3125	10.325	180.3875	112.575	-40.627536096348784	1378	2212	166	15	344	217	34	7	82	53	0	0	6.874791383743286	110320	88666.39140629768	101095	8.362037708484408	
-2600193.783021422	99.6875	10.346153846153847	172.92307692307693	108.15384615384616	-40.627536096348784	1379	2214	156	15.0	315.0	193.0	47	8.0	86.0	56.0	0	0	5.911407470703125	110400	88672.30281376839	101169	8.361413043478265	
-2350443.1251116334	101.925	10.381578947368421	167.5921052631579	105.11842105263158	-40.627536096348784	1380	2218	224	14.0	320.0	203.0	14	8.0	100.0	65.0	0	0	5.764621019363403	110480	88678.06743478775	101241	8.362599565532221	
-1800292.9009415049	98.8	10.346153846153847	180.55128205128204	112.53846153846153	-40.627536096348784	1381	2220	161	14.0	370.0	231.0	42	9.0	116.0	75.0	0	0	6.250771760940552	110560	88684.31820654869	101313	8.36378437047756	
-2150345.116670969	97.925	10.39240506329114	177.72151898734177	111.0126582278481	-40.627536096348784	1382	2221	136	15.0	327.0	201.0	45	9.0	100.0	65.0	0	0	6.411916255950928	110640	88690.73012280464	101387	8.36315979754157	
-1962914.3573406234	104.5	10.423076923076923	175.56410256410257	109.83333333333333	-40.627536096348784	1383	2223	169	15.0	358.0	219.0	51	9.0	106.0	68.0	0	0	6.4911949634552	110720	88697.2213177681	101460	8.363439306358373	
-1437789.2938136992	108.15	10.371794871794872	174.32051282051282	108.71794871794872	-40.627536096348784	1384	2225	163	14.0	325.0	199.0	69	9.0	98.0	63.0	0	0	6.006484270095825	110800	88703.2278020382	101533	8.363718411552341	
-1812899.3551374127	105.35	10.55	174.7375	109.3625	-40.627536096348784	1385	2225	157	16	375	231	85	8	86	56	0	0	6.2267327308654785	110880	88709.45453476906	101609	8.361291486291492	
-2437869.248521583	104.55	10.192307692307692	171.98717948717947	107.51282051282051	-40.627536096348784	1386	2227	213	14.0	318.0	197.0	25	8.0	86.0	56.0	0	0	6.08417010307312	110960	88715.53870487213	101682	8.361571737563082	
-1800289.4795055357	101.1875	10.215189873417721	174.91139240506328	109.11392405063292	-40.627536096348784	1387	2228	147	13.0	355.0	217.0	53	9.0	122.0	77.0	0	0	6.270979642868042	111040	88721.809684515	101757	8.360050432276651	
-1887789.7326153636	99.6375	10.291139240506329	171.83544303797467	107.35443037974683	-40.627536096348784	1388	2229	184	15.0	321.0	195.0	16	9.0	98.0	63.0	0	0	6.452355146408081	111120	88728.26203966141	101831	8.35943124550036	
-2050411.1321804926	100.1	10.177215189873417	173.08860759493672	108.13924050632912	-40.62498897814264	1389	2230	148	14.0	410.0	252.0	52	8.0	86.0	56.0	0	0	6.398477792739868	111200	88734.66051745415	101906	8.357913669064757	
-2275325.7679845775	99.65	10.0625	166.6625	104.15	-40.62498897814264	1390	2230	130	12	245	152	59	8	86	56	0	0	6.224294662475586	111280	88740.88481211662	101982	8.35549964054637	
-2525358.5146557805	98.5875	10.30379746835443	183.0759493670886	114.15189873417721	-40.62498897814264	1391	2231	134	16.0	363.0	218.0	66	8.0	86.0	56.0	0	0	6.131279945373535	111360	88747.016092062	102056	8.354885057471265	
-2325297.5125708235	97.775	10.294871794871796	180.78205128205127	112.84615384615384	-40.62498897814264	1392	2233	129	13.0	314.0	193.0	66	8.0	91.0	59.0	0	0	6.355317831039429	111440	88753.37140989304	102130	8.354271356783912	
-2312781.6684669754	97.3125	10.0375	170.0125	106.1875	-40.62498897814264	1393	2233	146	13	315	193	59	8	80	52	0	0	6.879784107208252	111520	88760.25119400024	102206	8.351865136298414	
-1925312.170965294	98.75	10.35	179.975	112.25	-40.62498897814264	1394	2233	171	15	397	238	29	8	94	61	0	0	7.020916700363159	111600	88767.27211070061	102281	8.350358422939067	
-1212720.4886930552	99.675	10.278481012658228	175.8227848101266	109.69620253164557	-40.62498897814264	1395	2234	148	15.0	301.0	188.0	48	8.0	109.0	71.0	0	0	6.254928827285767	111680	88773.5270395279	102356	8.348853868194837	
-2050302.1034504964	101.5	10.30379746835443	180.126582278481	112.15189873417721	-40.62498897814264	1396	2235	186	14.0	374.0	228.0	14	8.0	86.0	56.0	0	0	6.875543117523193	111760	88780.40258264542	102431	8.347351467430215	
-2037842.9116323218	99.65	10.325	174.1875	108.6875	-40.62498897814264	1397	2235	146	14	343	208	54	8	80	52	0	0	6.851294755935669	111840	88787.25387740135	102506	8.345851216022893	
-1587763.3369124355	98.0	10.126582278481013	170.34177215189874	106.31645569620254	-40.62498897814264	1398	2236	143	14.0	344.0	208.0	57	8.0	86.0	56.0	0	0	6.665333986282349	111920	88793.91921138763	102581	8.344353109363837	
-1987691.2827766773	98.95	10.175	168.2125	105.4125	-40.62498897814264	1399	2236	137	13	289	176	60	8	86	56	0	0	6.293151378631592	112000	88800.21236276627	102657	8.341964285714283	
-2212843.9419456534	98.625	10.320512820512821	178.9102564102564	111.65384615384616	-40.60285808484341	1400	2238	166	13.0	278.0	172.0	34	9.0	90.0	58.0	0	0	6.394382953643799	112080	88806.60674571991	102731	8.341363311920063	
-2375250.51343543	99.025	10.35064935064935	181.54545454545453	113.22077922077922	-40.60285808484341	1401	2241	170	14.0	315.0	193.0	30	8.0	86.0	56.0	0	0	6.822310924530029	112160	88813.42905664444	102804	8.341654778887303	
-1500330.1195545443	98.225	10.1	170.775	106.4375	-40.60285808484341	1402	2241	138	13	299	181	62	8	80	52	0	0	6.116910219192505	112240	88819.54596686363	102879	8.34016393442623	
-2562789.0335584646	99.2125	10.430379746835444	181.22784810126583	112.9113924050633	-40.60285808484341	1403	2242	171	13.0	291.0	179.0	29	8.0	85.0	55.0	0	0	7.065758228302002	112320	88826.61172509193	102954	8.338675213675216	
-1600264.2204017288	102.8	10.307692307692308	175.7051282051282	109.6025641025641	-40.60285808484341	1404	2244	186	16.0	291.0	176.0	14	8.0	86.0	56.0	0	0	6.5304765701293945	112400	88833.14220166206	103028	8.338078291814938	
-2475330.6543033016	102.1	10.3	185.5375	115.7	-40.60285808484341	1405	2244	174	13	339	208	54	8	86	56	0	0	6.5200018882751465	112480	88839.66220355034	103104	8.335704125177813	
-1787834.3838825081	103.375	10.1625	168.85	105.65	-40.60285808484341	1406	2244	173	14	343	208	27	8	85	55	0	0	6.450566530227661	112560	88846.11277008057	103179	8.33422174840085	
-2287846.932226141	100.0	10.064935064935066	166.35064935064935	103.87012987012987	-40.60285808484341	1407	2247	171	12.0	280.0	170.0	46	8.0	86.0	56.0	0	0	6.174309730529785	112640	88852.2870798111	103252	8.334517045454547	
-1725276.3971385479	98.2875	10.139240506329115	179.8227848101266	111.9367088607595	-40.60285808484341	1408	2248	157	13.0	458.0	277.0	54	8.0	87.0	56.0	0	0	6.846704721450806	112720	88859.13378453255	103326	8.333924769339959	
-2512813.6286576614	100.525	10.2125	176.05	109.975	-40.60285808484341	1409	2248	138	15	328	200	62	8	86	56	0	0	6.8996875286102295	112800	88866.03347206116	103402	8.33156028368795	
-1637905.1735396879	98.05	10.227848101265822	181.9620253164557	113.25316455696202	-40.60285808484341	1410	2249	131	12.0	300.0	183.0	62	8.0	86.0	56.0	0	0	6.638845205307007	112880	88872.67231726646	103477	8.330085046066614	
-1837766.0372967639	100.025	10.275	181.4625	113.0625	-40.60285808484341	1411	2249	145	13	300	183	55	8	87	56	0	0	6.709942817687988	112960	88879.38226008415	103553	8.327726628895178	
-1600327.6415933832	100.55	10.316455696202532	171.86075949367088	107.0253164556962	-40.60285808484341	1412	2250	187	15.0	280.0	170.0	35	8.0	86.0	56.0	0	0	6.321736097335815	113040	88885.70399618149	103628	8.32625619249822	
-1200235.7547590807	100.0	10.15	174.125	108.325	-40.60285808484341	1413	2250	121	14	315	196	79	8	80	52	0	0	6.9759767055511475	113120	88892.67997288704	103702	8.325671852899575	
-2187727.4324331162	100.0	10.278481012658228	179.1139240506329	111.72151898734177	-40.60285808484341	1414	2251	169	14.0	315.0	190.0	31	8.0	86.0	56.0	0	0	6.512574672698975	113200	88899.19254755974	103776	8.325088339222617	
-1937833.562768523	99.825	10.316455696202532	175.62025316455697	109.50632911392405	-40.60285808484341	1415	2252	168	15.0	321.0	196.0	50	8.0	86.0	56.0	0	0	6.409480810165405	113280	88905.6020283699	103850	8.324505649717523	
-2062788.303657618	100.4375	10.227848101265822	179.8987341772152	112.15189873417721	-40.60285808484341	1416	2253	143	14.0	315.0	194.0	57	8.0	86.0	56.0	0	0	6.534363269805908	113360	88912.13639163971	103925	8.323041637261824	
-2137708.789897027	98.8625	10.405063291139241	182.62025316455697	114.0	-40.60285808484341	1417	2254	161	15.0	363.0	221.0	39	8.0	87.0	56.0	0	0	6.5810627937316895	113440	88918.71745443344	104000	8.32157968970381	
-2162755.9259947725	95.0	10.164556962025317	172.86075949367088	108.0379746835443	-40.60285808484341	1418	2255	162	13.0	275.0	170.0	38	8.0	79.0	51.0	0	0	6.653526067733765	113520	88925.37098050117	104074	8.32100070472164	
-1837713.3765807264	96.1	10.215189873417721	172.60759493670886	108.0506329113924	-40.60285808484341	1419	2256	129	18.0	274.0	169.0	24	9.0	109.0	71.0	0	0	6.1013572216033936	113600	88931.47233772278	104147	8.321302816901408	
-2112749.760048904	100.0125	10.10126582278481	175.29113924050634	109.49367088607595	-40.60285808484341	1420	2257	164	13.0	468.0	291.0	36	8.0	86.0	56.0	0	0	6.172454118728638	113680	88937.6447918415	104221	8.320724841660791	
-1812726.6870108587	103.4875	10.2	177.45	110.675	-40.587336284115395	1421	2257	164	13	348	211	74	8	86	56	0	0	6.759862661361694	113760	88944.40465450287	104297	8.318389592123765	
-1550255.2196083001	104.6375	10.379746835443038	183.0379746835443	114.16455696202532	-40.587336284115395	1422	2258	189	15.0	347.0	216.0	56	9.0	104.0	67.0	0	0	6.475092649459839	113840	88950.87974715233	104371	8.317814476458182	
-1875280.742514979	102.6625	10.2125	179.0375	111.325	-40.587336284115395	1423	2258	174	15	315	190	65	8	86	56	0	0	6.979776620864868	113920	88957.8595237732	104445	8.317240168539328	
-1612817.372209216	100.25	10.448717948717949	186.33333333333334	115.93589743589743	-40.587336284115395	1424	2260	176	15.0	382.0	233.0	46	9.0	108.0	70.0	0	0	6.683315277099609	114000	88964.5428390503	104517	8.318421052631578	
-1550245.5440159284	97.3	10.3875	189.175	117.75	-40.587336284115395	1425	2260	151	14	392	243	49	8	86	56	0	0	6.8171772956848145	114080	88971.36001634598	104593	8.316093969144461	
-2075214.7383565302	97.0875	10.41025641025641	184.47435897435898	115.1025641025641	-40.587336284115395	1426	2262	162	15.0	327.0	207.0	38	8.0	98.0	63.0	0	0	6.34926438331604	114160	88977.7092807293	104666	8.316398037841623	
-1800246.1120937564	99.8	10.265822784810126	187.31645569620252	116.51898734177215	-40.587336284115395	1427	2263	169	14.0	304.0	184.0	31	8.0	86.0	56.0	0	0	6.606664419174194	114240	88984.31594514847	104741	8.314950980392155	
-2062738.9576588199	100.5625	10.177215189873417	173.7594936708861	108.46835443037975	-40.587336284115395	1428	2264	185	12.0	310.0	188.0	15	7.0	74.0	48.0	0	0	6.7432825565338135	114320	88991.059227705	104816	8.313505948215536	
-1887862.3955489125	104.7125	10.4125	192.2875	119.225	-40.587336284115395	1429	2264	178	17	506	309	39	8	93	60	0	0	7.49420952796936	114400	88998.55343723297	104892	8.311188811188813	
-2025266.5408106844	105.2875	10.679487179487179	191.34615384615384	119.01282051282051	-40.587336284115395	1430	2266	164	18.0	374.0	229.0	32	7.0	74.0	48.0	0	0	6.886389970779419	114480	89005.43982720375	104966	8.31062194269741	
-1462840.5987247592	99.6625	10.2375	183.0875	114.175	-40.587336284115395	1431	2266	141	13	401	245	50	8	80	52	0	0	6.7819061279296875	114560	89012.22173333168	105042	8.308310055865917	
-1637782.296483194	99.7875	10.175	173.475	108.375	-40.587336284115395	1432	2266	166	13	328	198	60	8	86	56	0	0	6.46686577796936	114640	89018.68859910965	105118	8.306001395673405	
-1362814.802300203	99.225	10.075949367088608	167.49367088607596	104.72151898734177	-40.587336284115395	1433	2267	183	13.0	291.0	176.0	17	7.0	74.0	48.0	0	0	6.363561153411865	114720	89025.05216026306	105193	8.304567642956755	
-1725399.155668129	99.7625	10.291139240506329	177.34177215189874	110.79746835443038	-40.587336284115395	1434	2268	144	14.0	314.0	197.0	56	8.0	86.0	56.0	0	0	6.251721143722534	114800	89031.30388140678	105268	8.303135888501743	
-2337748.789994616	100.0	10.363636363636363	177.75324675324674	110.87012987012987	-40.587336284115395	1435	2271	177	14.0	331.0	203.0	23	8.0	87.0	56.0	0	0	6.529822587966919	114880	89037.83370399475	105341	8.303447075208908	
-1787699.7348223957	99.625	10.2	172.37333333333333	107.38666666666667	-40.587336284115395	1436	2276	189	14.0	326.0	200.0	11	8.0	86.0	56.0	0	0	5.968355894088745	114960	89043.80205988884	105412	8.305497564370214	
-1987716.2600276812	100.2625	10.531645569620252	185.18987341772151	115.29113924050633	-40.587336284115395	1437	2277	151	14.0	291.0	180.0	56	9.0	106.0	67.0	0	0	6.931952953338623	115040	89050.73401284218	105486	8.304937413073716	
-1900194.6650694073	99.675	10.551282051282051	186.39743589743588	116.07692307692308	-40.587336284115395	1438	2279	161	15.0	454.0	275.0	25	9.0	97.0	63.0	0	0	7.123515605926514	115120	89057.8575284481	105559	8.305246699096585	
-1687742.0520148508	100.175	10.2	169.3125	105.9125	-40.587336284115395	1439	2279	131	14	398	247	69	8	86	56	0	0	6.734203338623047	115200	89064.59173178673	105634	8.303819444444443	
-2337735.9739559544	99.475	10.3125	175.0625	109.45	-40.587336284115395	1440	2279	150	14	328	200	50	8	86	56	0	0	6.517257452011108	115280	89071.10898923874	105709	8.302394170714777	
-2237810.7864307947	98.625	10.79746835443038	184.43037974683546	115.13924050632912	-40.587336284115395	1441	2280	148	17.0	447.0	276.0	38	9.0	97.0	63.0	0	0	6.338516712188721	115360	89077.44750595093	105783	8.301837725381418	
-1625241.6180078	101.5625	10.2	174.9125	109.2125	-40.587336284115395	1442	2280	188	14	322	197	37	8	86	56	0	0	6.406637191772461	115440	89083.8541431427	105859	8.299549549549539	
-2387703.0050912155	104.2625	10.2125	172.825	107.925	-40.587336284115395	1443	2280	185	13	329	199	46	8	79	51	0	0	7.143845081329346	115520	89090.99798822403	105935	8.29726454293629	
-1487815.770051881	103.3375	10.227848101265822	180.51898734177215	112.74683544303798	-40.587336284115395	1444	2281	154	13.0	333.0	209.0	44	8.0	80.0	52.0	0	0	7.775990009307861	115600	89098.77397823334	106010	8.29584775086505	
-1612714.3781994756	101.3375	10.177215189873417	178.26582278481013	111.41772151898734	-40.587336284115395	1445	2282	171	14.0	378.0	233.0	29	8.0	88.0	57.0	0	0	7.039987325668335	115680	89105.813965559	106084	8.295297372060858	
-1687807.112032714	103.3125	10.291139240506329	182.9367088607595	113.92405063291139	-40.58158615153139	1446	2283	172	14.0	302.0	184.0	37	8.0	86.0	56.0	0	0	7.780606031417847	115760	89113.59457159042	106158	8.294747753973738	
-1387713.2878016592	98.85	10.265822784810126	178.9367088607595	111.31645569620254	-40.58158615153139	1447	2284	136	14.0	349.0	212.0	48	8.0	94.0	61.0	0	0	6.993791818618774	115840	89120.58836340904	106233	8.293335635359114	
-1612737.6758572008	102.4	10.4125	182.7875	113.4625	-40.58158615153139	1448	2284	136	16	349	212	62	9	138	86	0	0	7.05778431892395	115920	89127.64614772797	106308	8.291925465838517	
-1925319.9966758552	99.825	10.265822784810126	169.60759493670886	105.9746835443038	-40.58158615153139	1449	2285	151	14.0	315.0	190.0	49	8.0	97.0	63.0	0	0	6.707221984863281	116000	89134.35336971283	106383	8.29051724137932	
-2475274.441163762	98.4625	10.164556962025317	165.873417721519	103.86075949367088	-40.58158615153139	1450	2286	130	13.0	310.0	188.0	49	8.0	80.0	52.0	0	0	6.7411789894104	116080	89141.09454870224	106458	8.289110957960034	
-2250297.1661249055	97.5625	10.64102564102564	184.83333333333334	115.5	-40.58158615153139	1451	2288	132	18.0	447.0	276.0	49	8.0	94.0	61.0	0	0	7.447644948959351	116160	89148.5421936512	106532	8.28856749311295	
-1975250.5489942343	101.275	10.3125	189.125	117.8375	-40.58158615153139	1452	2288	185	14	354	220	38	8	105	68	0	0	8.457499742507935	116240	89156.9996933937	106608	8.286304198210601	
-1175294.621909611	103.1625	10.329113924050633	176.29113924050634	109.9620253164557	-40.58158615153139	1453	2289	170	13.0	326.0	197.0	30	8.0	86.0	56.0	0	0	6.074488401412964	116320	89163.07418179512	106683	8.284903713892717	
-1762769.0502696414	99.8125	10.430379746835444	184.48101265822785	115.12658227848101	-40.58158615153139	1454	2290	174	16.0	354.0	217.0	26	8.0	85.0	55.0	0	0	6.758153200149536	116400	89169.83233499527	106758	8.283505154639172	
-1812814.3600686223	105.1875	10.3125	181.4375	113.0	-40.58158615153139	1455	2290	229	15	322	200	45	8	87	56	0	0	6.755631685256958	116480	89176.58796668053	106834	8.28125	
-2200264.377644893	103.35	10.243589743589743	176.82051282051282	110.07692307692308	-40.58158615153139	1456	2292	229	14.0	391.0	234.0	13	8.0	86.0	56.0	0	0	6.614451885223389	116560	89183.20241856575	106908	8.280713795470135	
-2112742.745838267	100.825	10.405063291139241	182.40506329113924	113.44303797468355	-40.58158615153139	1457	2293	176	15.0	450.0	276.0	35	8.0	116.0	73.0	0	0	6.693541765213013	116640	89189.89596033096	106983	8.27932098765433	
-1437697.992836278	103.1875	10.240506329113924	184.0253164556962	114.36708860759494	-40.58158615153139	1458	2294	165	14.0	339.0	207.0	54	8.0	80.0	52.0	0	0	6.0564446449279785	116720	89195.95240497589	107058	8.277930089102128	
-2337811.8055275017	101.2625	10.525	183.875	114.5125	-40.58158615153139	1459	2294	149	15	346	208	51	8	87	56	0	0	6.755715847015381	116800	89202.7081208229	107134	8.27568493150686	
-1912726.4315823466	104.1125	10.164556962025317	171.62025316455697	106.9873417721519	-40.58158615153139	1460	2295	162	13.0	294.0	180.0	56	8.0	79.0	51.0	0	0	6.425218343734741	116880	89209.13333916664	107208	8.275154004106781	
-1512865.4753191706	97.925	10.468354430379748	179.74683544303798	112.13924050632912	-40.58158615153139	1461	2296	157	15.0	369.0	225.0	43	9.0	103.0	67.0	0	0	6.216311693191528	116960	89215.34965085983	107282	8.274623803009575	
-1275254.7812517278	94.975	10.363636363636363	181.7012987012987	113.27272727272727	-40.58158615153139	1462	2299	160	15.0	335.0	203.0	36	8.0	98.0	63.0	0	0	6.413675785064697	117040	89221.7633266449	107353	8.276657552973347	
-1562733.524401253	97.1625	10.123287671232877	173.13698630136986	108.35616438356165	-40.58158615153139	1463	2306	178	13.0	291.0	176.0	17	8.0	87.0	56.0	0	0	5.452752590179443	117120	89227.21607923508	107420	8.282103825136616	
-1462826.6251477122	99.575	10.0625	165.125	103.2125	-40.58158615153139	1464	2306	140	12	297	184	60	8	84	54	0	0	6.310964822769165	117200	89233.52704405785	107496	8.27986348122866	
-2237750.344508176	99.375	10.2	171.35	106.9625	-40.58158615153139	1465	2306	163	14	315	190	37	8	79	51	0	0	6.162527561187744	117280	89239.68957161903	107572	8.277626193724416	
-1825265.6394869655	105.5125	10.14102564102564	177.25641025641025	110.56410256410257	-40.58158615153139	1466	2308	192	15.0	408.0	248.0	26	8.0	79.0	51.0	0	0	6.332598924636841	117360	89246.02217054367	107644	8.278800272665293	
-1562840.5336232448	106.725	10.25	181.6	113.1	-40.58158615153139	1467	2308	163	15	370	225	47	8	79	51	0	0	7.115724325180054	117440	89253.13789486885	107719	8.277418256130787	
-1812774.3737859451	103.15	10.375	178.6125	111.3	-40.55105212712026	1468	2308	163	15	307	188	45	8	87	56	0	0	6.857213973999023	117520	89259.99510884285	107795	8.275187202178358	
-1600273.2618247094	102.6125	10.4	183.2625	114.275	-40.55105212712026	1469	2308	155	14	314	189	64	8	98	63	0	0	6.39147162437439	117600	89266.38658046722	107871	8.272959183673464	
-1325289.8113301762	101.0875	10.291139240506329	177.25316455696202	110.48101265822785	-40.55105212712026	1470	2309	155	15.0	314.0	189.0	41	9.0	107.0	69.0	0	0	6.262774705886841	117680	89272.64935517311	107944	8.273283480625423	
-1300340.7650262422	99.3	10.425	181.5625	113.2375	-40.55105212712026	1471	2309	170	15	331	200	30	8	98	63	0	0	6.366419553756714	117760	89279.01577472687	108020	8.271059782608688	
-1625364.1990448672	100.0	10.139240506329115	177.18987341772151	110.69620253164557	-40.55105212712026	1472	2310	153	13.0	382.0	236.0	47	8.0	87.0	56.0	0	0	6.731571197509766	117840	89285.74734592438	108095	8.269687712152077	
-1700304.1295674755	100.0	10.139240506329115	168.40506329113924	105.0126582278481	-40.55105212712026	1473	2311	129	13.0	291.0	176.0	71	8.0	87.0	56.0	0	0	6.173936367034912	117920	89291.92128229141	108169	8.269165535956574	
-2012811.6409975502	100.0	10.2125	176.2875	110.0125	-40.55105212712026	1474	2311	156	13	372	228	44	8	86	56	0	0	6.4245100021362305	118000	89298.34579229355	108244	8.267796610169484	
-2137774.726123392	100.65	10.329113924050633	172.0126582278481	107.65822784810126	-40.55105212712026	1475	2312	162	14.0	321.0	199.0	38	8.0	85.0	55.0	0	0	6.292785406112671	118080	89304.63857769966	108318	8.267276422764226	
-1725222.7289373975	101.175	10.278481012658228	172.26582278481013	107.63291139240506	-40.55105212712026	1476	2313	183	15.0	300.0	182.0	17	8.0	87.0	56.0	0	0	6.290372610092163	118160	89310.92895030975	108393	8.265910629654698	
-1700333.202095565	100.6875	10.217948717948717	176.46153846153845	109.84615384615384	-40.55105212712026	1477	2315	151	13.0	300.0	184.0	51	9.0	98.0	63.0	0	0	6.572062015533447	118240	89317.50101232529	108467	8.26539242219215	
-1337732.9090081924	99.8	10.102564102564102	176.21794871794873	109.85897435897436	-40.55105212712026	1478	2317	129	13.0	301.0	182.0	58	8.0	87.0	56.0	0	0	6.263734579086304	118320	89323.76474690437	108540	8.26572008113591	
-2075248.6186859824	101.3375	10.151898734177216	174.8227848101266	109.0379746835443	-40.55105212712026	1479	2318	169	15.0	295.0	180.0	44	7.0	74.0	48.0	0	0	6.229698419570923	118400	89329.99444532394	108615	8.264358108108098	
-1062794.2618362142	99.125	10.2625	180.2125	112.3	-40.55105212712026	1480	2318	165	15	378	229	35	8	87	56	0	0	6.588050842285156	118480	89336.58249616623	108691	8.262153950033763	
-1962787.7882274608	99.975	10.151898734177216	175.29113924050634	109.54430379746836	-40.55105212712026	1481	2319	155	15.0	355.0	216.0	45	8.0	85.0	55.0	0	0	6.325875759124756	118560	89342.90837192535	108765	8.261639676113361	
-1587786.8068666165	103.4125	10.10126582278481	174.81012658227849	108.86075949367088	-40.55105212712026	1482	2320	156	13.0	315.0	191.0	46	7.0	74.0	48.0	0	0	6.730341672897339	118640	89349.63871359825	108839	8.261126095751862	
-1387821.9149314999	101.3125	10.038461538461538	170.85897435897436	106.53846153846153	-40.55105212712026	1483	2322	175	13.0	291.0	176.0	25	8.0	85.0	55.0	0	0	6.040794134140015	118720	89355.67950773239	108911	8.262297843665763	
-2300259.9991464433	99.3	10.20253164556962	175.0379746835443	109.41772151898734	-40.55105212712026	1484	2323	156	13.0	311.0	189.0	41	7.0	82.0	53.0	0	0	6.186434268951416	118800	89361.86594200134	108985	8.261784511784512	
-1225256.746557077	100.175	10.26923076923077	178.85897435897436	111.52564102564102	-40.55105212712026	1485	2325	153	18.0	379.0	235.0	41	8.0	87.0	56.0	0	0	6.146561145782471	118880	89368.01250314713	109059	8.261271870794076	
-1487843.9183109333	98.3375	10.0375	177.05	110.525	-40.55105212712026	1486	2325	159	12	310	188	41	8	87	56	0	0	6.27549409866333	118960	89374.28799724579	109134	8.259919300605247	
-1212840.2547224888	98.4875	10.26923076923077	181.74358974358975	113.42307692307692	-40.55105212712026	1487	2327	175	14.0	337.0	208.0	25	8.0	88.0	57.0	0	0	6.309553623199463	119040	89380.59755086899	109208	8.259408602150543	
-2387810.202333655	99.9	10.151898734177216	181.27848101265823	112.86075949367088	-40.55105212712026	1488	2328	170	13.0	329.0	202.0	26	8.0	98.0	63.0	0	0	6.769316673278809	119120	89387.36686754227	109282	8.258898589657491	
-1612796.139715876	100.0	10.090909090909092	173.6103896103896	108.57142857142857	-40.55105212712026	1489	2331	165	13.0	316.0	196.0	35	8.0	87.0	56.0	0	0	6.309158563613892	119200	89393.67602610588	109355	8.259228187919462	
-1862836.288857007	100.5	10.278481012658228	179.44303797468353	111.92405063291139	-40.55105212712026	1490	2332	178	13.0	291.0	176.0	49	8.0	87.0	56.0	0	0	6.47289776802063	119280	89400.1489238739	109430	8.257880617035553	
-2100326.773490724	101.225	10.324675324675324	179.63636363636363	112.1038961038961	-40.55105212712026	1491	2335	164	14.0	357.0	217.0	40	8.0	111.0	70.0	0	0	6.118405818939209	119360	89406.26732969284	109502	8.259048257372655	
-2325326.104742034	101.0375	10.417721518987342	174.46835443037975	109.24050632911393	-40.55105212712026	1492	2336	147	15.0	357.0	217.0	57	8.0	109.0	70.0	0	0	6.297555208206177	119440	89412.56488490105	109575	8.259377093101136	
-1487753.4672846582	101.1625	10.468354430379748	182.7594936708861	113.79746835443038	-40.55105212712026	1493	2337	150	15.0	386.0	231.0	50	8.0	98.0	63.0	0	0	6.61463737487793	119520	89419.17952227592	109650	8.25803212851406	
-1487785.459234827	103.5625	10.20253164556962	181.34177215189874	112.79746835443038	-40.55105212712026	1494	2338	188	14.0	362.0	225.0	52	7.0	74.0	48.0	0	0	6.278040170669556	119600	89425.4575624466	109725	8.256688963210706	
-1387854.5326449443	101.3	10.26923076923077	175.75641025641025	110.07692307692308	-40.55105212712026	1495	2340	151	14.0	314.0	195.0	55	8.0	80.0	52.0	0	0	6.135132312774658	119680	89431.59269475937	109799	8.256183155080208	
-1500311.6098991162	99.2375	10.215189873417721	174.91139240506328	109.30379746835443	-40.55105212712026	1496	2341	159	13.0	358.0	221.0	41	9.0	96.0	62.0	0	0	5.9228196144104	119760	89437.51551437378	109874	8.254843019372089	
-1650278.3503115233	94.55	10.164556962025317	177.64556962025316	111.0	-40.55105212712026	1497	2342	177	15.0	322.0	197.0	23	8.0	79.0	51.0	0	0	6.148992300033569	119840	89443.66450667381	109949	8.253504672897193	
-1412755.1812209105	97.8375	10.08974358974359	175.98717948717947	109.75641025641026	-40.55105212712026	1498	2344	175	17.0	370.0	226.0	51	8.0	87.0	56.0	0	0	6.068382263183594	119920	89449.732888937	110022	8.253835890593734	
-1675298.900896918	100.175	10.435897435897436	180.14102564102564	112.05128205128206	-40.55105212712026	1499	2346	175	17.0	353.0	214.0	41	8.0	84.0	54.0	0	0	6.094367027282715	120000	89455.82725596428	110096	8.25333333333333	
-1600311.8471070202	100.9375	10.225	177.5375	110.675	-40.55105212712026	1500	2346	175	17	353	214	41	8	87	56	0	0	6.20484471321106	120080	89462.03210067749	110172	8.251165889407062	
