ave_fitness	ave_genome_length	ave_tree_depth	ave_tree_nodes	ave_used_codons	best_fitness	gen	invalids	max_genome_length	max_tree_depth	max_tree_nodes	max_used_codons	min_genome_length	min_tree_depth	min_tree_nodes	min_used_codons	runtime_error	time_adjust	time_taken	total_inds	total_time	unique_inds	unused_search	
-625033.9889813235	100.0	11.0	172.275	109.2	-13.503342236154172	0	0	100	16	372	228	100	7	74	48	0	0	1.9990484714508057	80	1.9990484714508057	80	0.0	
-412532.3022577535	100.0	11.256410256410257	190.48717948717947	119.98717948717949	-11.994100637266529	1	2	153	20.0	392.0	240.0	47	8.0	92.0	59.0	0	0	2.131565809249878	160	4.130614280700684	153	4.375	
-287535.77366880246	102.9875	10.8125	183.5875	115.425	-11.609830194434927	2	2	169	17	369	228	31	8	93	60	0	0	2.2496936321258545	240	6.380307912826538	229	4.583333333333329	
-312538.75609132426	108.225	10.227848101265822	171.79746835443038	108.50632911392405	-10.749976297708256	3	3	186	18.0	587.0	369.0	63	8.0	85.0	55.0	0	0	2.5135583877563477	320	8.893866300582886	304	5.0	
-300023.69586689986	97.3875	9.721518987341772	147.70886075949366	93.59493670886076	-10.749976297708256	4	4	153	15.0	454.0	275.0	24	7.0	82.0	53.0	0	0	2.439028024673462	400	11.332894325256348	379	5.25	
-212532.578177266	96.0	9.25	131.9	83.7	-10.679354029297503	5	4	153	18	337	217	50	8	84	54	0	0	1.830700397491455	480	13.163594722747803	455	5.208333333333343	
-200046.4657846933	90.025	9.1375	129.2	81.5875	-10.084291461560815	6	4	153	14	213	131	63	7	82	53	0	0	1.696288824081421	560	14.859883546829224	527	5.892857142857139	
-250036.74501452307	84.625	8.794871794871796	125.42307692307692	79.25641025641026	-10.009383831469496	7	6	141	14.0	234.0	149.0	22	7.0	79.0	51.0	0	0	1.6417205333709717	640	16.501604080200195	600	6.25	
-200041.98802018818	84.3875	8.923076923076923	130.26923076923077	82.01282051282051	-8.915168101342834	8	8	141	13.0	216.0	132.0	24	7.0	79.0	51.0	0	0	1.552734613418579	720	18.054338693618774	673	6.5277777777777715	
-162539.70374395826	87.4	8.6875	123.2875	78.0	-8.915168101342834	9	8	139	14	234	143	39	7	82	53	0	0	1.400460958480835	800	19.45479965209961	746	6.75	
-212526.15937502534	85.9125	8.820512820512821	128.23076923076923	81.11538461538461	-8.379922668921894	10	10	145	12.0	235.0	149.0	12	7.0	79.0	51.0	0	0	1.4814741611480713	880	20.93627381324768	819	6.931818181818187	
-212540.24209644637	90.2875	8.8375	126.7125	80.2875	-8.379922668921894	11	10	161	12	239	147	21	8	79	51	0	0	1.4507529735565186	960	22.3870267868042	894	6.875	
-250030.65412628403	89.125	9.1	130.875	82.95	-8.379922668921894	12	10	159	14	223	143	21	7	79	51	0	0	1.5482778549194336	1040	23.935304641723633	970	6.730769230769226	
-200029.31484976583	96.325	8.822784810126583	130.86075949367088	82.9113924050633	-8.15063881411391	13	11	146	13.0	351.0	218.0	54	8.0	83.0	54.0	0	0	1.3356726169586182	1120	25.27097725868225	1042	6.964285714285708	
-100034.56541387121	96.2875	8.75	131.5875	82.925	-8.15063881411391	14	11	137	13	238	151	58	8	95	61	0	0	1.347325325012207	1200	26.618302583694458	1116	7.0	
-200038.0938867006	97.225	9.075949367088608	139.63291139240508	87.9367088607595	-8.13683776730675	15	12	129	15.0	299.0	187.0	63	7.0	79.0	51.0	0	0	1.3377792835235596	1280	27.956081867218018	1188	7.1875	
-125028.10104734478	98.0875	9.1375	138.4625	87.4	-8.13683776730675	16	12	158	12	263	166	42	8	87	56	0	0	1.3908021450042725	1360	29.34688401222229	1262	7.205882352941174	
-225029.99543544184	99.5375	9.128205128205128	133.0	84.32051282051282	-8.098337299200637	17	14	156	13.0	267.0	163.0	44	8.0	95.0	61.0	0	0	1.3172531127929688	1440	30.66413712501526	1336	7.222222222222214	
-250026.00430545834	99.7	9.275	151.0	94.8	-8.053920941942764	18	14	162	13	305	186	38	8	88	57	0	0	1.505321741104126	1520	32.169458866119385	1412	7.10526315789474	
-162531.37537414898	99.9375	9.329113924050633	143.1139240506329	90.41772151898734	-8.053920941942764	19	15	154	14.0	385.0	238.0	46	8.0	90.0	58.0	0	0	1.4294257164001465	1600	33.59888458251953	1487	7.0625	
-200040.33091833885	100.25	9.675	153.5625	96.8625	-8.053920941942764	20	15	149	16	354	215	51	8	95	61	0	0	1.4553487300872803	1680	35.05423331260681	1562	7.023809523809518	
-125024.70572063242	96.2875	8.974683544303797	139.35443037974684	87.88607594936708	-7.886550876940663	21	16	120	12.0	251.0	156.0	51	8.0	90.0	58.0	0	0	1.3333406448364258	1760	36.38757395744324	1637	6.988636363636374	
-62538.77097491522	99.7875	8.8375	135.1375	85.3375	-7.886550876940663	22	16	137	13	264	164	63	8	90	58	0	0	1.351097583770752	1840	37.73867154121399	1712	6.956521739130437	
-125036.23574542234	100.125	8.925	133.1	84.2625	-7.886550876940663	23	16	149	12	269	165	51	8	95	61	0	0	1.3902945518493652	1920	39.128966093063354	1788	6.875	
-225039.25778499205	99.4875	9.1375	136.1375	86.2	-7.886550876940663	24	16	154	13	317	194	46	8	94	61	0	0	1.7549912929534912	2000	40.883957386016846	1864	6.799999999999997	
-162532.4860062065	100.0	8.85897435897436	128.67948717948718	81.5	-7.886550876940663	25	18	169	14.0	268.0	167.0	31	8.0	95.0	61.0	0	0	1.7492270469665527	2080	42.6331844329834	1937	6.875	
-237521.85430383225	101.775	8.825	131.425	83.1625	-7.76813407841679	26	18	162	12	267	163	48	8	95	61	0	0	1.5734918117523193	2160	44.20667624473572	2011	6.898148148148152	
-162538.26873104315	101.7625	8.9375	136.1375	86.15	-7.031946437734288	27	18	162	14	267	164	76	8	93	60	0	0	1.4593329429626465	2240	45.666009187698364	2086	6.875	
-275029.0416024503	99.9625	9.15	132.6875	84.05	-7.031946437734288	28	18	145	15	245	151	47	8	87	56	0	0	1.3729536533355713	2320	47.038962841033936	2162	6.810344827586206	
-150024.36000622265	101.85	8.575	123.8875	78.575	-7.031946437734288	29	18	139	15	301	184	61	8	93	60	0	0	1.3298943042755127	2400	48.36885714530945	2237	6.791666666666657	
-187542.08448675455	102.025	8.725	122.975	78.275	-7.031946437734288	30	18	166	13	323	196	55	8	95	61	0	0	1.2446045875549316	2480	49.61346173286438	2311	6.814516129032256	
-225050.20129766333	100.2125	8.846153846153847	129.6153846153846	82.16666666666667	-7.031946437734288	31	20	205	13.0	278.0	172.0	12	8.0	95.0	61.0	0	0	1.2439067363739014	2560	50.85736846923828	2382	6.953125	
-225048.9168686193	99.95	9.075	131.25	83.3625	-7.031946437734288	32	20	147	13	279	172	53	8	90	58	0	0	1.3351547718048096	2640	52.19252324104309	2456	6.969696969696969	
-162543.46258224666	100.925	8.975	131.075	83.0625	-7.022201711809459	33	20	134	15	341	210	66	8	92	59	0	0	1.4399511814117432	2720	53.632474422454834	2530	6.985294117647058	
-137528.53302949225	102.025	8.525	121.05	77.0	-6.945399840942833	34	20	173	11	261	166	59	8	95	61	0	0	1.2401971817016602	2800	54.872671604156494	2606	6.928571428571431	
-250040.80819726578	100.45	8.9125	127.9375	81.3	-6.945399840942833	35	20	158	17	301	184	50	8	87	56	0	0	1.300954818725586	2880	56.17362642288208	2679	6.979166666666671	
-150034.86762636836	100.7625	9.2125	145.0375	91.35	-6.945399840942833	36	20	138	18	357	221	62	8	95	61	0	0	1.505502462387085	2960	57.679128885269165	2752	7.027027027027017	
-175043.12057654018	100.85	8.925	129.0875	81.9625	-6.945399840942833	37	20	135	18	357	221	68	8	94	61	0	0	1.4246439933776855	3040	59.10377287864685	2826	7.0394736842105345	
-337543.31234131294	100.875	8.79746835443038	123.92405063291139	78.87341772151899	-6.945399840942833	38	21	141	15.0	357.0	217.0	59	7.0	82.0	53.0	0	0	1.3355283737182617	3120	60.43930125236511	2900	7.051282051282044	
-262534.8060288935	102.4	8.897435897435898	125.42307692307692	79.76923076923077	-6.939503630360632	39	23	155	18.0	272.0	172.0	45	8.0	95.0	61.0	0	0	1.290041446685791	3200	61.7293426990509	2972	7.125	
-187527.50450798852	100.275	9.3875	140.325	88.85	-6.765913537204908	40	23	146	19	320	194	54	8	90	58	0	0	1.3958690166473389	3280	63.12521171569824	3046	7.134146341463406	
-237539.5089875829	100.375	8.670886075949367	119.0379746835443	75.73417721518987	-6.765913537204908	41	24	116	18.0	261.0	159.0	87	8.0	90.0	58.0	0	0	1.3040196895599365	3360	64.42923140525818	3120	7.142857142857139	
-212538.20732585294	100.675	8.9625	129.0375	81.9625	-6.757757851033728	42	24	127	19	277	168	73	8	95	61	0	0	1.31378173828125	3440	65.74301314353943	3195	7.122093023255815	
-162535.596690515	98.9625	9.1375	132.875	84.35	-6.743895458283201	43	24	133	18	276	171	68	8	95	61	0	0	1.381303071975708	3520	67.12431621551514	3270	7.102272727272734	
-212543.51689114133	99.1	9.0875	130.8875	83.35	-6.743895458283201	44	24	154	14	314	194	35	8	87	56	0	0	1.4041237831115723	3600	68.52843999862671	3346	7.055555555555557	
-300039.8725602651	100.55	8.6625	120.375	76.6	-6.743895458283201	45	24	141	13	252	157	72	8	90	58	0	0	1.308150291442871	3680	69.83659029006958	3422	7.010869565217391	
-287521.9578895647	100.0	8.625	123.5125	78.5625	-6.743895458283201	46	24	155	13	252	157	45	8	95	61	0	0	1.4239442348480225	3760	71.2605345249176	3495	7.047872340425528	
-175050.18787407858	102.0625	8.7875	122.925	78.3875	-6.743895458283201	47	24	157	12	206	128	43	8	98	63	0	0	1.6647653579711914	3840	72.9252998828888	3568	7.083333333333329	
-187554.3732406712	101.95	8.65	121.375	77.55	-6.743895458283201	48	24	169	13	252	157	68	8	95	61	0	0	1.6753549575805664	3920	74.60065484046936	3642	7.091836734693885	
-250048.14943574043	102.225	8.6125	119.6375	76.325	-6.743895458283201	49	24	155	13	262	160	56	8	95	61	0	0	1.2867310047149658	4000	75.88738584518433	3717	7.075000000000003	
-312534.3383535895	100.6875	8.91139240506329	124.82278481012658	79.55696202531645	-6.743895458283201	50	25	160	14.0	248.0	156.0	40	8.0	95.0	61.0	0	0	1.2788543701171875	4080	77.16624021530151	3790	7.107843137254903	
-250029.54587662136	99.225	8.7	122.05	77.5875	-6.743895458283201	51	25	155	13	333	201	45	8	95	61	0	0	1.2714166641235352	4160	78.43765687942505	3862	7.163461538461533	
-162527.257462445	100.0	8.875	128.75	81.7375	-6.743895458283201	52	25	136	14	402	251	64	8	95	61	0	0	1.3464558124542236	4240	79.78411269187927	3936	7.169811320754718	
-225047.42093119165	101.5	9.294871794871796	132.7948717948718	84.46153846153847	-6.743895458283201	53	27	130	16.0	283.0	176.0	71	8.0	87.0	56.0	0	0	1.367715835571289	4320	81.15182852745056	4009	7.199074074074076	
-225037.6170942597	99.8625	8.7125	122.5375	78.125	-6.743895458283201	54	27	130	13	276	171	82	7	90	58	0	0	1.2980587482452393	4400	82.4498872756958	4083	7.204545454545453	
-312558.05397691263	100.575	8.6625	115.3375	73.8125	-6.604392803783402	55	27	148	13	203	128	52	8	95	61	0	0	1.2563602924346924	4480	83.7062475681305	4157	7.209821428571431	
-237542.73607812292	99.725	8.7625	128.025	81.2	-6.604392803783402	56	27	134	12	299	184	66	8	95	61	0	0	1.30208158493042	4560	85.00832915306091	4231	7.214912280701753	
-200031.93726367748	99.525	9.05	133.2	84.5125	-6.604392803783402	57	27	134	13	267	164	66	8	93	60	0	0	1.348620891571045	4640	86.35695004463196	4306	7.198275862068968	
-237560.7531809887	100.2	8.975	132.4125	83.975	-6.604392803783402	58	27	166	14	391	244	34	8	90	58	0	0	1.3489832878112793	4720	87.70593333244324	4381	7.182203389830505	
-225062.96835607607	97.75	9.551282051282051	142.78205128205127	90.35897435897436	-6.604392803783402	59	29	167	14.0	314.0	194.0	33	8.0	95.0	61.0	0	0	1.9099781513214111	4800	89.61591148376465	4454	7.208333333333343	
-250048.6055726846	99.1625	9.20253164556962	134.34177215189874	85.55696202531645	-6.604392803783402	60	30	137	15.0	283.0	181.0	54	8.0	79.0	51.0	0	0	1.267099142074585	4880	90.88301062583923	4525	7.27459016393442	
-262544.1692109785	100.65	8.8625	128.675	81.6125	-6.604392803783402	61	30	126	13	272	170	75	8	88	57	0	0	1.3633801937103271	4960	92.24639081954956	4600	7.258064516129039	
-275020.7178001084	99.8125	8.625	119.45	76.0375	-6.604392803783402	62	30	143	15	244	153	57	8	90	58	0	0	1.2979834079742432	5040	93.5443742275238	4675	7.242063492063494	
-212533.26623125415	99.2125	8.55	120.7	76.8125	-6.598915828738408	63	30	138	14	289	183	62	8	95	61	0	0	1.3118932247161865	5120	94.85626745223999	4750	7.2265625	
-262537.50186301785	100.0	8.7625	123.0625	78.3625	-6.598915828738408	64	30	126	14	228	143	74	7	74	48	0	0	1.3101811408996582	5200	96.16644859313965	4824	7.230769230769226	
-250049.1855079274	99.9375	8.725	125.45	79.8125	-6.598915828738408	65	30	131	13	287	178	69	8	95	61	0	0	1.3344972133636475	5280	97.5009458065033	4899	7.2159090909090935	
-225036.3281827299	99.8125	8.7375	123.175	78.325	-6.598915828738408	66	30	144	13	267	163	51	8	87	56	0	0	1.2644660472869873	5360	98.76541185379028	4972	7.238805970149258	
-250033.38462169142	100.5375	8.8	119.8	76.5625	-6.595706427389558	67	30	176	13	242	147	45	8	79	51	0	0	1.2669436931610107	5440	100.0323555469513	5045	7.26102941176471	
-250031.69865453086	102.775	8.835443037974683	125.62025316455696	79.83544303797468	-6.595706427389558	68	31	163	13.0	249.0	152.0	44	8.0	88.0	57.0	0	0	1.272179126739502	5520	101.3045346736908	5115	7.33695652173914	
-175045.15173082723	103.175	8.759493670886076	122.84810126582279	78.27848101265823	-6.595706427389558	69	32	163	13.0	267.0	163.0	51	8.0	95.0	61.0	0	0	1.2820813655853271	5600	102.58661603927612	5186	7.392857142857139	
-237524.0844543025	103.65	8.775	124.3625	79.075	-6.595706427389558	70	32	167	12	267	163	47	8	82	53	0	0	1.802497148513794	5680	104.38911318778992	5260	7.394366197183103	
-212544.80603694078	102.8125	8.75	122.6875	78.2	-6.595706427389558	71	32	155	12	267	163	49	8	82	53	0	0	1.618062973022461	5760	106.00717616081238	5334	7.395833333333329	
-262547.01895486686	101.5125	8.948717948717949	130.16666666666666	82.7051282051282	-6.595706427389558	72	34	185	13.0	291.0	177.0	15	8.0	82.0	53.0	0	0	1.5402870178222656	5840	107.54746317863464	5407	7.414383561643831	
-212551.29102039337	104.275	8.85	130.55	83.05	-6.595706427389558	73	34	189	13	237	147	51	8	95	61	0	0	1.2916474342346191	5920	108.83911061286926	5482	7.39864864864866	
-275026.08776778186	103.3375	9.10126582278481	139.91139240506328	88.45569620253164	-6.595706427389558	74	35	189	14.0	305.0	187.0	23	8.0	95.0	61.0	0	0	1.50596022605896	6000	110.34507083892822	5555	7.416666666666671	
-212557.2359676789	100.0	8.7375	128.0125	81.1375	-6.595706427389558	75	35	140	13	377	228	60	8	87	56	0	0	1.3163690567016602	6080	111.66143989562988	5628	7.4342105263157805	
-237542.7151318305	100.2875	8.6875	125.9375	80.0375	-6.595706427389558	76	35	158	13	286	176	42	8	95	61	0	0	1.3293910026550293	6160	112.99083089828491	5703	7.4188311688311614	
-212538.05816320478	100.5125	8.6375	121.5625	77.45	-6.595706427389558	77	35	177	14	267	163	44	8	90	58	0	0	1.2614176273345947	6240	114.2522485256195	5777	7.419871794871796	
-237526.98315593653	100.2875	8.975	132.325	83.9	-6.595706427389558	78	35	130	13	266	164	75	8	87	56	0	0	1.3373093605041504	6320	115.58955788612366	5852	7.405063291139243	
-212531.14952574106	99.7625	8.89873417721519	131.20253164556962	83.17721518987342	-6.589602202821475	79	36	160	12.0	306.0	192.0	40	8.0	93.0	60.0	0	0	1.2313086986541748	6400	116.82086658477783	5922	7.46875	
-212538.33996705097	99.8625	8.5375	121.2625	77.15	-6.589602202821475	80	36	139	13	267	163	61	8	90	58	0	0	1.2335736751556396	6480	118.05444025993347	5996	7.46913580246914	
-200042.93690446345	101.175	8.625	123.65	78.3875	-6.589602202821475	81	36	150	14	242	147	50	8	92	59	0	0	1.2905676364898682	6560	119.34500789642334	6071	7.454268292682926	
-162535.16271792693	100.3375	8.8625	132.825	83.975	-6.589602202821475	82	36	144	11	266	163	56	8	87	56	0	0	1.4370090961456299	6640	120.78201699256897	6145	7.454819277108442	
-287524.67237083305	100.875	8.8	129.525	82.1125	-6.589602202821475	83	36	135	14	271	168	66	8	82	53	0	0	1.3673973083496094	6720	122.14941430091858	6221	7.425595238095241	
-212538.76440835628	100.0	8.675	126.3625	80.125	-6.589602202821475	84	36	138	13	275	169	62	8	82	53	0	0	1.3226895332336426	6800	123.47210383415222	6296	7.411764705882348	
-262529.4661247978	100.825	8.8875	132.0125	83.7375	-6.589602202821475	85	36	127	13	314	193	73	8	90	58	0	0	1.481743335723877	6880	124.9538471698761	6372	7.383720930232556	
-300027.9485525597	101.825	9.125	136.375	86.175	-6.589602202821475	86	36	141	13	265	163	59	8	90	58	0	0	1.4452118873596191	6960	126.39905905723572	6446	7.385057471264361	
-175035.046486531	101.925	9.025316455696203	135.74683544303798	85.59493670886076	-6.5537681778181724	87	37	166	13.0	267.0	163.0	47	8.0	90.0	58.0	0	0	1.3626046180725098	7040	127.76166367530823	6520	7.38636363636364	
-262528.7725149981	102.1625	8.848101265822784	131.49367088607596	83.0886075949367	-6.5537681778181724	88	38	162	13.0	234.0	148.0	38	8.0	90.0	58.0	0	0	1.339834213256836	7120	129.10149788856506	6595	7.373595505617985	
-225041.7084384785	105.8375	8.9125	131.9375	83.45	-6.5537681778181724	89	38	163	12	291	177	74	8	90	58	0	0	1.4216339588165283	7200	130.5231318473816	6671	7.3472222222222285	
-225047.07065886515	105.4875	9.0125	132.3375	83.875	-6.5537681778181724	90	38	185	12	267	163	61	8	95	61	0	0	1.380723476409912	7280	131.9038553237915	6746	7.335164835164832	
-262526.95517366985	103.9625	9.215189873417721	138.18987341772151	87.56962025316456	-6.5537681778181724	91	39	162	13.0	291.0	177.0	45	8.0	85.0	55.0	0	0	1.4061522483825684	7360	133.31000757217407	6819	7.3505434782608745	
-362524.54326834145	102.925	9.075	137.15	86.75	-6.5537681778181724	92	39	175	14	269	166	55	8	90	58	0	0	1.7034728527069092	7440	135.01348042488098	6892	7.365591397849457	
-312537.88079982105	101.175	8.9625	127.625	81.325	-6.5537681778181724	93	39	128	12	224	140	55	8	95	61	0	0	1.7184884548187256	7520	136.7319688796997	6968	7.340425531914889	
-262531.19241339434	102.1	8.822784810126583	131.83544303797467	83.68354430379746	-6.5537681778181724	94	40	149	13.0	295.0	181.0	51	8.0	90.0	58.0	0	0	1.5338129997253418	7600	138.26578187942505	7041	7.355263157894726	
-312522.34763050533	102.3375	9.050632911392405	130.873417721519	83.18987341772151	-6.5537681778181724	95	41	128	13.0	293.0	182.0	72	8.0	93.0	60.0	0	0	1.3541467189788818	7680	139.61992859840393	7113	7.3828125	
-212541.39933203353	104.475	8.936708860759493	130.64556962025316	82.88607594936708	-6.5537681778181724	96	42	151	13.0	272.0	166.0	61	8.0	87.0	56.0	0	0	1.2607128620147705	7760	140.8806414604187	7182	7.448453608247419	
-287535.2461620945	101.05	9.253164556962025	141.0632911392405	89.46835443037975	-6.5537681778181724	97	43	149	14.0	287.0	175.0	65	8.0	93.0	60.0	0	0	1.344273328781128	7840	142.22491478919983	7252	7.5	
-312534.26267899247	102.6375	9.3125	142.2375	90.05	-6.5537681778181724	98	43	181	13	297	181	44	8	95	61	0	0	1.4309320449829102	7920	143.65584683418274	7325	7.51262626262627	
-262532.1499773752	100.0875	9.225	140.0125	88.7	-6.5537681778181724	99	43	129	15	315	191	71	8	95	61	0	0	1.3904922008514404	8000	145.04633903503418	7399	7.512500000000003	
-300033.49809534964	102.6625	9.2625	140.1625	88.7625	-6.5537681778181724	100	43	161	13	326	204	61	8	95	61	0	0	1.4168009757995605	8080	146.46314001083374	7475	7.487623762376245	
-350026.5088650803	106.3125	9.2625	135.1125	85.7125	-6.528538312593363	101	43	171	13	287	173	43	8	93	60	0	0	1.3460369110107422	8160	147.80917692184448	7545	7.536764705882348	
-387517.77586362686	108.325	9.2625	137.0125	86.8	-6.528538312593363	102	43	171	13	288	175	63	8	93	60	0	0	1.3824636936187744	8240	149.19164061546326	7620	7.524271844660191	
-262535.425099542	108.575	9.175	133.05	84.475	-6.528538312593363	103	43	186	13	267	163	85	8	90	58	0	0	1.3796377182006836	8320	150.57127833366394	7694	7.524038461538467	
-375015.7125084549	112.425	9.461538461538462	142.5897435897436	90.05128205128206	-6.528538312593363	104	45	205	18.0	291.0	177.0	23	8.0	90.0	58.0	0	0	1.394073486328125	8400	151.96535181999207	7768	7.523809523809518	
-475017.79636262043	112.4	9.75	148.9125	94.2125	-6.528538312593363	105	45	171	15	289	181	81	8	87	56	0	0	1.5946316719055176	8480	153.55998349189758	7844	7.5	
-425039.9756482348	112.95	9.9	154.425	97.525	-6.528538312593363	106	45	170	13	308	194	58	8	90	58	0	0	1.8545494079589844	8560	155.41453289985657	7919	7.488317757009341	
-325034.4966041398	112.525	9.6	150.8125	95.225	-6.528538312593363	107	45	172	14	390	238	57	8	93	60	0	0	1.8564794063568115	8640	157.27101230621338	7994	7.476851851851848	
-237539.9564829304	116.9	9.367088607594937	142.84810126582278	90.34177215189874	-6.528538312593363	108	46	182	13.0	330.0	202.0	62	8.0	87.0	56.0	0	0	1.7815630435943604	8720	159.05257534980774	8067	7.4885321100917395	
-225030.68174784686	121.4625	9.3875	137.625	87.0625	-6.528538312593363	109	46	234	14	237	145	62	8	82	53	0	0	1.59525728225708	8800	160.64783263206482	8140	7.5	
-225033.15912802896	116.2	9.177215189873417	138.83544303797467	87.59493670886076	-6.3430132252495985	110	47	180	12.0	254.0	155.0	48	8.0	90.0	58.0	0	0	1.5197412967681885	8880	162.167573928833	8215	7.488738738738746	
-400031.2946011249	116.9	9.3375	140.675	89.05	-6.3430132252495985	111	47	155	14	216	133	65	8	87	56	0	0	1.528181552886963	8960	163.69575548171997	8290	7.477678571428569	
-250041.98893678063	118.55	9.227848101265822	142.8987341772152	90.22784810126582	-6.3430132252495985	112	48	170	12.0	238.0	146.0	58	8.0	87.0	56.0	0	0	1.6079199314117432	9040	165.3036754131317	8364	7.477876106194685	
-275052.62893787195	117.325	9.23076923076923	136.4102564102564	86.6923076923077	-6.3430132252495985	113	50	179	14.0	210.0	131.0	49	7.0	74.0	48.0	0	0	1.6894044876098633	9120	166.99307990074158	8438	7.478070175438603	
-362528.3586310536	120.4	9.6125	146.7125	92.85	-6.3430132252495985	114	50	179	14	336	208	80	8	103	66	0	0	1.8881452083587646	9200	168.88122510910034	8514	7.456521739130437	
-337536.9912704275	118.4	9.7	146.2125	92.65	-6.3430132252495985	115	50	171	14	268	168	66	8	87	56	0	0	1.587709665298462	9280	170.4689347743988	8590	7.435344827586206	
-187534.76513974243	114.725	9.666666666666666	144.14102564102564	91.34615384615384	-6.3430132252495985	116	52	194	15.0	433.0	260.0	46	8.0	100.0	64.0	0	0	1.4379241466522217	9360	171.90685892105103	8664	7.435897435897431	
-362526.883168515	114.4375	9.575	135.875	86.5125	-6.3430132252495985	117	52	193	14	264	164	35	8	87	56	0	0	1.4371249675750732	9440	173.3439838886261	8740	7.4152542372881385	
-250021.0112522288	117.15	9.5	142.0625	90.1125	-6.3430132252495985	118	52	185	15	251	158	63	8	95	61	0	0	1.4402618408203125	9520	174.7842457294464	8816	7.3949579831932795	
-312526.45866807847	117.2125	9.2625	138.225	87.6875	-6.3430132252495985	119	52	160	14	264	163	92	8	87	56	0	0	1.3382010459899902	9600	176.1224467754364	8890	7.395833333333329	
-237553.90531572228	114.6	9.417721518987342	140.31645569620252	88.9620253164557	-6.336654164444086	120	53	177	14.0	254.0	160.0	51	8.0	82.0	53.0	0	0	1.347787857055664	9680	177.47023463249207	8965	7.38636363636364	
-287542.776155891	115.075	9.6375	145.8375	92.475	-6.336654164444086	121	53	202	13	265	165	53	8	98	63	0	0	1.4874956607818604	9760	178.95773029327393	9041	7.366803278688522	
-325033.52450656396	114.3125	9.675	149.925	94.8	-6.336654164444086	122	53	183	15	293	185	59	8	92	59	0	0	1.4106905460357666	9840	180.3684208393097	9117	7.347560975609753	
-312543.9063922145	116.5375	9.518987341772151	143.54430379746836	91.0253164556962	-6.336654164444086	123	54	161	14.0	288.0	175.0	61	8.0	87.0	56.0	0	0	1.3944497108459473	9920	181.76287055015564	9192	7.338709677419359	
-325027.0965282471	115.05	9.291139240506329	139.0506329113924	88.20253164556962	-6.313606128445192	124	55	194	14.0	234.0	142.0	34	8.0	82.0	53.0	0	0	1.367126226425171	10000	183.1299967765808	9267	7.329999999999998	
-337541.4935804275	124.5125	9.329113924050633	141.9873417721519	89.9873417721519	-6.313606128445192	125	56	203	14.0	261.0	161.0	33	8.0	88.0	57.0	0	0	1.4254672527313232	10080	184.55546402931213	9341	7.331349206349202	
-362547.71815546823	122.8625	9.468354430379748	149.62025316455697	94.51898734177215	-6.313606128445192	126	57	228	13.0	292.0	176.0	41	8.0	95.0	61.0	0	0	1.4936072826385498	10160	186.04907131195068	9416	7.322834645669303	
-312543.8497356846	123.6375	9.848101265822784	160.67088607594937	101.11392405063292	-6.313606128445192	127	58	194	13.0	292.0	176.0	34	8.0	100.0	64.0	0	0	1.6676969528198242	10240	187.7167682647705	9491	7.314453125	
-300033.2495780066	114.125	9.759493670886076	159.54430379746836	100.26582278481013	-6.313606128445192	128	59	240	14.0	292.0	176.0	22	8.0	87.0	56.0	0	0	1.6368803977966309	10320	189.35364866256714	9565	7.315891472868216	
-325022.3117318267	115.6375	9.4875	155.375	97.7625	-6.313606128445192	129	59	180	15	297	187	48	8	95	61	0	0	1.604196548461914	10400	190.95784521102905	9641	7.29807692307692	
-262534.0305669544	118.125	9.7375	156.1125	98.25	-6.313606128445192	130	59	226	17	303	188	68	8	87	56	0	0	1.7342557907104492	10480	192.6921010017395	9715	7.299618320610691	
-225049.57825468123	115.55	9.775	160.0625	100.5625	-6.313606128445192	131	59	150	15	334	208	66	8	101	65	0	0	1.5211713314056396	10560	194.21327233314514	9790	7.291666666666657	
-175036.03065059116	113.4875	9.65	162.4125	101.825	-6.313606128445192	132	59	171	15	288	179	57	8	87	56	0	0	1.6520073413848877	10640	195.86527967453003	9865	7.28383458646617	
-225028.14837091262	114.2375	9.525	156.8875	98.3375	-6.313606128445192	133	59	166	13	276	169	62	8	92	59	0	0	1.6131892204284668	10720	197.4784688949585	9941	7.266791044776127	
-162533.69595251506	113.65	9.7875	163.825	102.65	-6.313606128445192	134	59	158	15	288	175	64	8	100	64	0	0	1.8302149772644043	10800	199.3086838722229	10017	7.25	
-262542.03169697867	111.8625	9.4625	144.3125	91.1625	-6.313606128445192	135	59	176	13	288	175	55	8	87	56	0	0	1.9050755500793457	10880	201.21375942230225	10092	7.242647058823522	
-225032.768389588	114.4375	9.525	149.15	93.9375	-6.313606128445192	136	59	179	13	297	183	49	8	79	51	0	0	1.9220187664031982	10960	203.13577818870544	10167	7.2354014598540175	
-337529.8886040744	110.5875	9.5125	148.675	93.9	-6.313606128445192	137	59	148	15	341	208	70	8	87	56	0	0	1.551246166229248	11040	204.6870243549347	10242	7.228260869565219	
-300028.6615256858	113.9875	9.425	153.325	96.5875	-6.313606128445192	138	59	171	13	301	185	57	8	95	61	0	0	1.4898171424865723	11120	206.17684149742126	10318	7.212230215827347	
-312536.4698678128	115.9	9.468354430379748	156.67088607594937	98.60759493670886	-6.313606128445192	139	60	186	15.0	344.0	207.0	34	8.0	87.0	56.0	0	0	1.5044381618499756	11200	207.68127965927124	10392	7.214285714285722	
-300029.90007829375	118.0625	9.632911392405063	151.60759493670886	95.65822784810126	-6.313606128445192	140	61	187	14.0	332.0	201.0	41	8.0	96.0	62.0	0	0	1.5738821029663086	11280	209.25516176223755	10466	7.2163120567375785	
-300041.299838596	114.95	9.6625	152.4375	96.2875	-6.313606128445192	141	61	208	14	332	201	36	8	90	58	0	0	1.5666799545288086	11360	210.82184171676636	10540	7.218309859154928	
-262531.4822926615	116.725	10.0125	158.0625	99.625	-6.313606128445192	142	61	180	19	343	206	50	8	87	56	0	0	1.515218734741211	11440	212.33706045150757	10616	7.2027972027972	
-387530.98906456336	116.3	9.683544303797468	154.43037974683546	97.15189873417721	-6.313606128445192	143	62	189	14.0	343.0	206.0	39	8.0	107.0	69.0	0	0	1.6012775897979736	11520	213.93833804130554	10691	7.196180555555557	
-300039.8797110534	116.8875	9.5875	153.6625	96.7875	-6.313606128445192	144	62	185	16	343	206	56	8	95	61	0	0	1.5136311054229736	11600	215.45196914672852	10767	7.181034482758619	
-225032.61383867403	119.8125	9.425	155.625	98.075	-6.313606128445192	145	62	185	14	343	206	66	8	95	61	0	0	1.5665857791900635	11680	217.01855492591858	10842	7.1746575342465775	
-237548.87500839756	118.8125	9.4375	149.8875	94.4875	-6.313606128445192	146	62	185	16	346	218	69	8	87	56	0	0	1.6912994384765625	11760	218.70985436439514	10917	7.16836734693878	
-287534.33272101014	118.475	9.65	152.725	96.4375	-6.313606128445192	147	62	208	18	444	284	47	8	87	56	0	0	1.5320727825164795	11840	220.24192714691162	10991	7.170608108108112	
-325028.4228680643	121.675	9.625	149.425	94.4375	-6.313606128445192	148	62	208	17	327	204	86	8	87	56	0	0	1.451523780822754	11920	221.69345092773438	11066	7.164429530201346	
-250026.003649102	113.8625	9.375	137.875	87.6	-6.313606128445192	149	62	162	17	224	146	57	8	90	58	0	0	1.3858623504638672	12000	223.07931327819824	11142	7.150000000000006	
-387530.08490042307	115.8	9.7	150.3	94.925	-6.313606128445192	150	62	170	17	288	181	58	8	95	61	0	0	1.5376965999603271	12080	224.61700987815857	11217	7.144039735099341	
-237544.99781237682	115.3875	9.5375	150.0625	94.7125	-6.313606128445192	151	62	171	13	288	175	57	8	87	56	0	0	1.635542869567871	12160	226.25255274772644	11293	7.129934210526315	
-262535.9192223082	115.5375	9.329113924050633	139.16455696202533	88.20253164556962	-6.310148149178615	152	63	174	12.0	288.0	175.0	54	8.0	87.0	56.0	0	0	1.3834123611450195	12240	227.63596510887146	11368	7.124183006535944	
-237548.73554529034	115.35	9.025	137.875	87.2125	-6.310148149178615	153	63	174	13	254	156	73	8	87	56	0	0	1.4917199611663818	12320	229.12768507003784	11443	7.118506493506487	
-300033.38334449456	112.4875	9.225	146.0375	92.1375	-6.310148149178615	154	63	157	12	288	175	71	8	103	66	0	0	1.4740543365478516	12400	230.6017394065857	11518	7.112903225806448	
-300041.0083812956	113.6875	9.1625	140.0	88.6625	-6.310148149178615	155	63	143	12	230	142	85	8	90	58	0	0	1.517343282699585	12480	232.11908268928528	11593	7.107371794871796	
-237542.7825139989	115.45	9.375	140.625	88.95	-6.310148149178615	156	63	151	15	322	197	77	8	90	58	0	0	1.9444470405578613	12560	234.06352972984314	11668	7.101910828025481	
-312527.6876338652	114.9875	9.5125	146.9125	92.825	-6.310148149178615	157	63	170	17	370	231	58	8	101	65	0	0	1.830545425415039	12640	235.89407515525818	11742	7.104430379746844	
-250029.05163159818	115.1375	9.4	139.825	88.425	-6.310148149178615	158	63	147	15	289	180	82	8	82	53	0	0	1.392690658569336	12720	237.28676581382751	11817	7.09905660377359	
-300024.59489359974	114.5625	9.25	140.1625	88.7125	-6.310148149178615	159	63	163	13	288	175	65	8	95	61	0	0	1.4541995525360107	12800	238.74096536636353	11892	7.09375	
-262535.25268027413	115.4375	9.30379746835443	144.56962025316454	91.27848101265823	-6.310148149178615	160	64	195	12.0	288.0	178.0	33	8.0	90.0	58.0	0	0	1.5006182193756104	12880	240.24158358573914	11967	7.088509316770185	
-287517.7296877068	114.275	9.1	132.075	83.85	-6.310148149178615	161	64	170	12	221	136	57	8	87	56	0	0	1.3386261463165283	12960	241.58020973205566	12042	7.083333333333329	
-312538.68924788415	117.6875	9.08860759493671	130.34177215189874	82.67088607594937	-6.310148149178615	162	65	199	12.0	238.0	149.0	29	8.0	87.0	56.0	0	0	1.3295791149139404	13040	242.9097888469696	12116	7.085889570552155	
-275032.6323356897	120.4875	9.45	147.1375	92.8	-6.310148149178615	163	65	199	14	288	175	39	8	87	56	0	0	1.5122909545898438	13120	244.42207980155945	12190	7.088414634146346	
-250024.6044027807	120.4625	9.632911392405063	152.0	95.84810126582279	-6.310148149178615	164	66	199	14.0	332.0	205.0	41	8.0	85.0	55.0	0	0	1.582646369934082	13200	246.00472617149353	12265	7.083333333333329	
-387522.98167395685	122.0125	9.30379746835443	137.9746835443038	87.53164556962025	-6.310148149178615	165	67	189	14.0	239.0	148.0	79	8.0	90.0	58.0	0	0	1.3568871021270752	13280	247.3616132736206	12338	7.093373493975903	
-362530.6433598076	119.1125	9.265822784810126	141.54430379746836	89.58227848101266	-6.310148149178615	166	68	189	13.0	288.0	181.0	42	8.0	93.0	60.0	0	0	1.466050148010254	13360	248.82766342163086	12413	7.0883233532934184	
-325027.10180052056	120.575	9.4125	140.1875	89.1125	-6.310148149178615	167	68	189	16	288	178	64	8	93	60	0	0	1.3929626941680908	13440	250.22062611579895	12488	7.083333333333329	
-362533.9867794218	114.6	9.337662337662337	137.5974025974026	87.40259740259741	-6.310148149178615	168	71	164	14.0	273.0	174.0	64	8.0	90.0	58.0	0	0	1.363434076309204	13520	251.58406019210815	12560	7.100591715976336	
-325037.6174777301	117.35	9.25	140.7625	89.0125	-6.310148149178615	169	71	160	16	326	204	68	8	87	56	0	0	1.4016432762145996	13600	252.98570346832275	12634	7.102941176470594	
-362529.12875196413	116.65	9.2625	139.825	88.425	-6.310148149178615	170	71	158	15	308	191	70	8	92	59	0	0	1.5249414443969727	13680	254.51064491271973	12709	7.097953216374265	
-312528.0332623479	122.4875	9.3375	139.35	88.2375	-6.251742146030845	171	71	169	12	271	168	75	8	87	56	0	0	1.5365097522735596	13760	256.0471546649933	12783	7.10029069767441	
-275036.4611168641	119.2625	9.125	139.9	88.325	-6.251742146030845	172	71	154	13	374	229	96	8	92	59	0	0	1.4037718772888184	13840	257.4509265422821	12858	7.095375722543352	
-287526.01504695293	118.0375	9.2875	139.275	88.075	-6.251742146030845	173	71	171	15	318	193	57	8	87	56	0	0	1.4627766609191895	13920	258.9137032032013	12934	7.083333333333329	
-300041.63187571167	121.475	9.4625	138.7375	88.0	-6.251742146030845	174	71	189	17	349	210	60	8	87	56	0	0	1.4735088348388672	14000	260.38721203804016	13010	7.071428571428569	
-250034.02630430384	121.225	9.430379746835444	144.13924050632912	91.26582278481013	-6.251742146030845	175	72	186	13.0	276.0	173.0	42	8.0	92.0	59.0	0	0	1.3905792236328125	14080	261.777791261673	13085	7.06676136363636	
-300049.67251474253	119.95	9.35	147.8375	93.275	-6.251742146030845	176	72	201	14	288	175	70	8	92	59	0	0	1.4662384986877441	14160	263.2440297603607	13159	7.069209039548014	
-200047.6546236662	120.15	9.3125	142.8	90.125	-6.251742146030845	177	72	166	13	268	164	62	8	92	59	0	0	1.563183307647705	14240	264.8072130680084	13235	7.057584269662925	
-287536.7621967479	119.3125	9.475	147.9125	93.325	-6.251742146030845	178	72	184	15	306	192	64	8	87	56	0	0	1.9269394874572754	14320	266.7341525554657	13310	7.05307262569832	
-250029.80944984365	125.2625	9.49367088607595	142.69620253164558	90.10126582278481	-6.251742146030845	179	73	193	13.0	221.0	136.0	61	8.0	87.0	56.0	0	0	1.8087303638458252	14400	268.5428829193115	13383	7.0625	
-312539.5818796969	121.8125	9.531645569620252	136.30379746835442	86.41772151898734	-6.251742146030845	180	74	205	18.0	290.0	175.0	75	8.0	92.0	59.0	0	0	1.5371747016906738	14480	270.0800576210022	13456	7.071823204419886	
-212538.66121413172	118.9625	9.4125	141.45	89.275	-6.251742146030845	181	74	184	15	331	204	70	8	92	59	0	0	1.4532361030578613	14560	271.53329372406006	13532	7.060439560439562	
-237533.89566826512	117.85	9.594936708860759	145.72151898734177	91.9746835443038	-6.251742146030845	182	75	170	16.0	290.0	175.0	58	8.0	87.0	56.0	0	0	1.4073731899261475	14640	272.9406669139862	13607	7.056010928961754	
-287541.2660353868	121.2875	9.95	155.5	98.1	-6.251742146030845	183	75	194	18	400	249	69	8	90	58	0	0	1.4725000858306885	14720	274.4131669998169	13681	7.05842391304347	
-337529.99418785813	122.125	9.6625	145.7375	92.4375	-6.251742146030845	184	75	173	15	268	170	69	8	85	55	0	0	1.4700610637664795	14800	275.8832280635834	13756	7.054054054054049	
-250031.0868615929	120.3625	9.5375	143.2	90.8375	-6.251742146030845	185	75	175	16	288	175	53	8	82	53	0	0	1.4391536712646484	14880	277.322381734848	13831	7.0497311827957105	
-375033.19039320137	116.1625	9.50632911392405	144.9746835443038	91.86075949367088	-6.251742146030845	186	76	179	14.0	371.0	224.0	53	8.0	87.0	56.0	0	0	1.504953145980835	14960	278.82733488082886	13906	7.045454545454547	
-325035.9353473274	113.5125	9.8375	148.8375	94.3875	-6.233774472143224	187	76	177	15	359	217	51	8	95	61	0	0	1.4696478843688965	15040	280.29698276519775	13982	7.034574468085111	
-237555.07134388527	113.6	9.5875	143.8875	91.1375	-6.233774472143224	188	76	173	15	307	188	51	8	95	61	0	0	1.3764722347259521	15120	281.6734549999237	14057	7.030423280423278	
-400043.6448359021	113.3125	9.60759493670886	142.8860759493671	90.43037974683544	-6.233774472143224	189	77	160	14.0	307.0	188.0	68	8.0	87.0	56.0	0	0	1.3838574886322021	15200	283.0573124885559	14132	7.026315789473685	
-300033.83115930564	114.8875	9.653846153846153	143.16666666666666	90.8974358974359	-6.233774472143224	190	79	180	15.0	245.0	152.0	56	8.0	95.0	61.0	0	0	1.3275690078735352	15280	284.38488149642944	14206	7.028795811518336	
-337523.4036954916	117.275	9.670886075949367	150.1772151898734	95.20253164556962	-6.233774472143224	191	80	174	18.0	400.0	249.0	91	8.0	98.0	63.0	0	0	1.6187734603881836	15360	286.0036549568176	14281	7.024739583333329	
-350045.7648675807	113.5625	9.575	142.2375	90.4125	-6.233774472143224	192	80	141	14	249	158	92	8	93	60	0	0	1.382943868637085	15440	287.3865988254547	14356	7.020725388601036	
-262533.7437065804	113.425	9.39240506329114	146.26582278481013	92.54430379746836	-6.233774472143224	193	81	183	13.0	271.0	172.0	45	8.0	91.0	59.0	0	0	1.3039839267730713	15520	288.6905827522278	14428	7.036082474226802	
-275041.7438050922	114.2625	9.91139240506329	155.18987341772151	98.21518987341773	-6.208532836425218	194	82	175	15.0	453.0	271.0	53	8.0	90.0	58.0	0	0	1.456784963607788	15600	290.14736771583557	14501	7.044871794871796	
-250040.73626130965	113.7625	9.873417721518987	154.31645569620252	97.62025316455696	-6.208532836425218	195	83	215	17.0	265.0	168.0	13	8.0	95.0	61.0	0	0	1.4651846885681152	15680	291.6125524044037	14576	7.040816326530603	
-287536.6000845586	113.1125	9.75	153.0	96.5625	-6.208532836425218	196	83	182	19	284	181	40	8	87	56	0	0	1.493168830871582	15760	293.10572123527527	14651	7.036802030456855	
-312549.99608461617	112.7125	9.55	145.15	91.85	-6.208532836425218	197	83	141	13	295	181	62	8	80	52	0	0	1.4744985103607178	15840	294.580219745636	14725	7.039141414141412	
-325045.82230380224	114.55	9.658227848101266	150.86075949367088	95.20253164556962	-6.208532836425218	198	84	172	17.0	345.0	222.0	56	8.0	95.0	61.0	0	0	1.5034244060516357	15920	296.0836441516876	14800	7.035175879396988	
-412530.421225391	112.9375	9.949367088607595	159.27848101265823	100.34177215189874	-6.208532836425218	199	85	197	16.0	295.0	178.0	31	8.0	82.0	53.0	0	0	1.7769992351531982	16000	297.8606433868408	14874	7.037499999999994	
-325044.68779967155	110.275	9.683544303797468	152.79746835443038	96.67088607594937	-6.208532836425218	200	86	158	15.0	314.0	192.0	31	7.0	82.0	53.0	0	0	1.9482336044311523	16080	299.808876991272	14949	7.03358208955224	
-250053.7900828228	111.475	9.5625	146.5	93.0125	-6.208532836425218	201	86	158	15	285	180	73	8	90	58	0	0	1.9103877544403076	16160	301.7192647457123	15025	7.023514851485146	
-312554.5241932267	110.1	9.4	143.3	90.7375	-6.208532836425218	202	86	138	14	406	247	81	8	87	56	0	0	1.4455811977386475	16240	303.1648459434509	15100	7.019704433497537	
-362529.6644197977	112.875	9.544303797468354	148.873417721519	94.34177215189874	-6.208532836425218	203	87	155	15.0	329.0	206.0	72	8.0	87.0	56.0	0	0	1.4431843757629395	16320	304.60803031921387	15175	7.015931372549019	
-375040.42468217015	112.8125	9.556962025316455	143.0379746835443	90.77215189873418	-6.208532836425218	204	88	161	14.0	290.0	178.0	50	8.0	87.0	56.0	0	0	1.4128458499908447	16400	306.0208761692047	15249	7.018292682926827	
-250041.2430726056	116.575	9.525	146.1375	92.7	-6.208532836425218	205	88	165	15	280	174	63	8	87	56	0	0	1.540165901184082	16480	307.5610420703888	15324	7.014563106796118	
-337562.0457831986	118.575	9.925	151.5375	96.2375	-6.208532836425218	206	88	194	16	330	205	75	8	87	56	0	0	1.4744524955749512	16560	309.03549456596375	15400	7.004830917874401	
-337543.9484421791	117.475	9.7375	146.275	92.8625	-6.208532836425218	207	88	207	16	287	184	49	8	87	56	0	0	1.4367434978485107	16640	310.47223806381226	15475	7.001201923076934	
-312539.4368626696	118.125	9.4375	140.775	89.2875	-6.208532836425218	208	88	197	16	273	175	31	8	87	56	0	0	1.3962633609771729	16720	311.86850142478943	15550	6.997607655502392	
-237549.43039630057	117.55	9.2875	137.45	87.2125	-6.208532836425218	209	88	200	17	288	180	53	8	82	53	0	0	1.426175594329834	16800	313.29467701911926	15626	6.988095238095241	
-287531.5797276688	115.7625	9.1625	136.25	86.4625	-6.208532836425218	210	88	199	13	254	158	77	8	90	58	0	0	1.3920152187347412	16880	314.686692237854	15702	6.978672985781984	
-200037.06756924168	113.5875	9.1875	141.2375	89.3125	-6.208532836425218	211	88	166	13	234	146	62	8	94	61	0	0	1.3786580562591553	16960	316.06535029411316	15777	6.975235849056602	
-237537.98687214503	113.45	9.628205128205128	148.52564102564102	94.12820512820512	-6.208532836425218	212	90	197	16.0	301.0	187.0	31	8.0	95.0	61.0	0	0	1.416820764541626	17040	317.4821710586548	15851	6.977699530516432	
-387522.2915513981	114.95	9.4125	141.65	89.6125	-6.208532836425218	213	90	238	13	296	180	62	8	91	59	0	0	1.4541130065917969	17120	318.9362840652466	15927	6.96845794392523	
-300038.3364213373	111.6375	9.5	147.95	93.6	-6.208532836425218	214	90	225	16	299	185	22	8	87	56	0	0	1.528975009918213	17200	320.4652590751648	16003	6.95930232558139	
-262530.4590426752	114.3625	9.417721518987342	138.7594936708861	88.18987341772151	-6.208532836425218	215	91	166	14.0	299.0	185.0	62	8.0	95.0	61.0	0	0	1.3479342460632324	17280	321.813193321228	16076	6.967592592592595	
-300030.4387453282	112.1125	9.65	149.5125	94.5875	-6.208532836425218	216	91	166	14	299	185	62	8	87	56	0	0	1.4301717281341553	17360	323.2433650493622	16150	6.97004608294931	
-200046.4449601833	115.7625	9.354430379746836	144.1139240506329	91.21518987341773	-6.208532836425218	217	92	173	13.0	256.0	160.0	43	8.0	82.0	53.0	0	0	1.4000985622406006	17440	324.6434636116028	16225	6.966743119266056	
-375038.853293853	112.675	9.6125	148.8	94.075	-6.208532836425218	218	92	159	15	221	140	66	8	90	58	0	0	1.442922592163086	17520	326.08638620376587	16301	6.957762557077629	
-287546.54072982084	114.75	9.5	147.9	93.5125	-6.208532836425218	219	92	160	13	268	170	63	8	87	56	0	0	1.4708795547485352	17600	327.5572657585144	16377	6.94886363636364	
-200059.11861478887	113.85	9.371794871794872	143.82051282051282	91.03846153846153	-6.208532836425218	220	94	165	13.0	284.0	181.0	86	8.0	92.0	59.0	0	0	1.3665225505828857	17680	328.9237883090973	16451	6.951357466063342	
-275051.93064169696	114.4875	9.7125	143.6	91.225	-6.208532836425218	221	94	176	13	300	188	52	8	98	63	0	0	1.408931016921997	17760	330.3327193260193	16527	6.942567567567565	
-337540.7172113994	116.0875	9.734177215189874	154.63291139240508	97.9746835443038	-6.208532836425218	222	95	176	16.0	517.0	331.0	73	8.0	103.0	66.0	0	0	1.5201499462127686	17840	331.85286927223206	16602	6.939461883408072	
-262522.54283297353	118.9125	9.7125	155.8625	98.65	-6.208532836425218	223	95	176	14	409	249	71	8	82	53	0	0	1.872328758239746	17920	333.7251980304718	16678	6.930803571428569	
-287545.9261955288	115.6875	9.734177215189874	154.126582278481	97.50632911392405	-6.208532836425218	224	96	176	13.0	237.0	151.0	56	8.0	95.0	61.0	0	0	1.7517731189727783	18000	335.4769711494446	16751	6.938888888888897	
-262549.2253112333	119.4375	9.405063291139241	145.9240506329114	92.10126582278481	-6.208532836425218	225	97	176	12.0	261.0	161.0	75	8.0	87.0	56.0	0	0	1.5558812618255615	18080	337.03285241127014	16826	6.935840707964601	
-250032.99103480222	120.7375	9.6375	150.45	95.0875	-6.200133885040701	226	97	212	18	304	194	54	8	87	56	0	0	1.4320101737976074	18160	338.46486258506775	16902	6.9273127753303925	
-262533.86852915364	118.6125	9.2125	136.75	86.725	-6.188273687090779	227	97	176	13	231	142	66	8	90	58	0	0	1.3626713752746582	18240	339.8275339603424	16977	6.924342105263165	
-250045.31358612407	115.675	9.49367088607595	149.43037974683546	94.58227848101266	-6.188273687090779	228	98	176	15.0	324.0	211.0	64	8.0	95.0	61.0	0	0	1.3983221054077148	18320	341.2258560657501	17051	6.9268558951965105	
-337542.37105966156	114.6	9.65	149.125	94.45	-6.188273687090779	229	98	172	13	301	185	56	8	93	60	0	0	1.4549834728240967	18400	342.6808395385742	17127	6.918478260869563	
-275018.5084778524	116.175	9.556962025316455	150.39240506329114	95.0126582278481	-6.188273687090779	230	99	162	14.0	302.0	187.0	79	8.0	87.0	56.0	0	0	1.4552578926086426	18480	344.13609743118286	17198	6.937229437229448	
-237528.19473319728	118.8375	9.443037974683545	144.35443037974684	91.30379746835443	-6.18184601535003	231	100	172	16.0	270.0	170.0	91	8.0	87.0	56.0	0	0	1.592217206954956	18560	345.7283146381378	17273	6.934267241379317	
-375033.6698928382	116.8875	9.518987341772151	147.69620253164558	93.34177215189874	-6.18184601535003	232	101	167	14.0	258.0	162.0	67	8.0	87.0	56.0	0	0	1.4276001453399658	18640	347.1559147834778	17348	6.931330472102999	
-300025.7343966164	123.0125	9.575	147.4875	93.2	-6.18184601535003	233	101	165	13	231	146	63	8	87	56	0	0	1.4221532344818115	18720	348.5780680179596	17423	6.928418803418808	
-250034.2393936309	127.2	9.4	148.7125	93.975	-6.18184601535003	234	101	160	12	269	168	94	8	87	56	0	0	1.400111436843872	18800	349.97817945480347	17499	6.920212765957444	
-200029.66787152528	121.1625	9.594936708860759	148.31645569620252	93.60759493670886	-6.18184601535003	235	102	181	14.0	294.0	181.0	47	8.0	87.0	56.0	0	0	1.3659083843231201	18880	351.3440878391266	17574	6.917372881355931	
-300026.11569220165	118.8375	9.35064935064935	149.23376623376623	94.07792207792208	-6.18184601535003	236	105	181	12.0	302.0	186.0	49	8.0	103.0	66.0	0	0	1.3729591369628906	18960	352.7170469760895	17647	6.925105485232066	
-300022.97747275437	122.275	9.538461538461538	148.5	93.74358974358974	-6.18184601535003	237	107	181	13.0	287.0	178.0	92	8.0	95.0	61.0	0	0	1.4161746501922607	19040	354.13322162628174	17720	6.932773109243698	
-237550.53166049166	119.375	9.329113924050633	146.126582278481	92.24050632911393	-6.18184601535003	238	108	213	13.0	286.0	181.0	15	8.0	87.0	56.0	0	0	1.3263940811157227	19120	355.45961570739746	17794	6.93514644351464	
-287532.78019895393	119.275	9.556962025316455	150.16455696202533	94.82278481012658	-6.18184601535003	239	109	209	15.0	239.0	150.0	57	8.0	92.0	59.0	0	0	1.412811279296875	19200	356.87242698669434	17869	6.932291666666671	
-300034.19237112196	120.3375	9.625	152.4625	96.2	-6.18184601535003	240	109	209	13	260	161	63	8	92	59	0	0	1.4544777870178223	19280	358.32690477371216	17944	6.92946058091286	
-350032.02342124854	118.475	9.35897435897436	151.03846153846155	95.01282051282051	-6.18184601535003	241	111	173	15.0	459.0	275.0	55	8.0	87.0	56.0	0	0	1.6273536682128906	19360	359.95425844192505	18018	6.931818181818187	
-262541.7646728187	116.5375	9.3	147.35	92.7875	-6.18184601535003	242	111	154	13	261	159	76	8	80	52	0	0	1.5086264610290527	19440	361.4628849029541	18094	6.923868312757193	
-300034.8245978376	113.875	9.363636363636363	147.32467532467533	93.05194805194805	-6.18184601535003	243	114	191	14.0	253.0	157.0	54	8.0	90.0	58.0	0	0	1.4062128067016602	19520	362.86909770965576	18167	6.931352459016395	
-237543.06608624017	119.15	9.531645569620252	154.81012658227849	97.54430379746836	-6.18184601535003	244	115	191	14.0	255.0	156.0	45	8.0	90.0	58.0	0	0	1.7772233486175537	19600	364.6463210582733	18241	6.933673469387756	
-300038.5180441484	114.6625	9.556962025316455	150.60759493670886	95.07594936708861	-6.18184601535003	245	116	191	16.0	249.0	159.0	64	8.0	87.0	56.0	0	0	1.7805235385894775	19680	366.4268445968628	18316	6.930894308943095	
-275021.8193666422	114.2625	9.417721518987342	147.55696202531647	93.26582278481013	-6.18184601535003	246	117	167	15.0	247.0	153.0	61	8.0	95.0	61.0	0	0	1.7126362323760986	19760	368.1394808292389	18390	6.933198380566793	
-300038.0670690771	114.1875	9.531645569620252	148.30379746835442	93.79746835443038	-6.18184601535003	247	118	191	12.0	267.0	168.0	37	8.0	90.0	58.0	0	0	1.4756321907043457	19840	369.61511301994324	18465	6.930443548387103	
-300034.76063280896	113.3625	9.60759493670886	151.68354430379748	95.9113924050633	-6.18184601535003	248	119	163	14.0	283.0	176.0	52	8.0	92.0	59.0	0	0	1.4534111022949219	19920	371.06852412223816	18540	6.9277108433734895	
-250029.31612096302	111.4	9.35	148.15	93.6875	-6.18184601535003	249	119	173	14	402	251	52	8	84	54	0	0	1.495753526687622	20000	372.5642776489258	18616	6.920000000000002	
-325027.4635132089	112.275	9.625	148.7875	94.35	-6.18184601535003	250	119	177	16	331	209	44	8	92	59	0	0	1.5337092876434326	20080	374.0979869365692	18691	6.917330677290835	
-250032.879218559	111.0625	9.625	152.3375	96.1125	-6.18184601535003	251	119	143	14	305	186	73	8	103	66	0	0	1.4674162864685059	20160	375.5654032230377	18766	6.914682539682531	
-250046.27179755075	113.275	9.4125	151.7125	95.65	-6.18184601535003	252	119	178	14	292	178	57	8	95	61	0	0	1.5495281219482422	20240	377.11493134498596	18842	6.9071146245059225	
-300042.2540137619	111.275	9.569620253164556	153.13924050632912	96.58227848101266	-6.18184601535003	253	120	171	16.0	313.0	196.0	55	8.0	87.0	56.0	0	0	1.5267117023468018	20320	378.64164304733276	18917	6.904527559055111	
-337528.9476547075	112.9	9.692307692307692	155.19230769230768	97.94871794871794	-6.18184601535003	254	122	185	15.0	303.0	185.0	53	8.0	93.0	60.0	0	0	1.5139753818511963	20400	380.15561842918396	18990	6.911764705882348	
-187532.82830776955	116.0375	9.4875	149.1	94.1625	-6.18184601535003	255	122	185	14	266	165	78	8	95	61	0	0	1.437678575515747	20480	381.5932970046997	19066	6.904296875	
-212545.44694776204	112.85	9.4125	152.075	96.0625	-6.18184601535003	256	122	152	13	247	153	76	7	74	48	0	0	1.5254943370819092	20560	383.1187913417816	19142	6.896887159533065	
-362544.7217834873	112.9	9.4625	145.2125	92.1375	-6.18184601535003	257	122	191	15	236	150	37	8	93	60	0	0	1.3377635478973389	20640	384.45655488967896	19216	6.899224806201559	
-212543.79065816564	113.2875	9.475	139.4125	88.7	-6.175902419305352	258	122	171	13	232	143	47	7	82	53	0	0	1.351334571838379	20720	385.80788946151733	19292	6.891891891891888	
-387545.8434158509	111.45	9.525	141.5875	89.975	-6.1753693428280245	259	122	169	15	239	154	59	8	87	56	0	0	1.395380973815918	20800	387.20327043533325	19368	6.884615384615387	
-275024.99875044095	112.8125	9.3125	145.0	91.725	-6.173405605056893	260	122	183	12	287	178	33	8	82	53	0	0	1.427112340927124	20880	388.6303827762604	19443	6.882183908045974	
-387533.8296362332	113.9375	9.468354430379748	145.25316455696202	92.12658227848101	-6.173405605056893	261	123	156	14.0	295.0	184.0	73	8.0	87.0	56.0	0	0	1.3237354755401611	20960	389.95411825180054	19517	6.884541984732834	
-275029.5777147078	112.8	9.3	144.7	91.4	-6.173405605056893	262	123	154	12	241	148	67	8	82	53	0	0	1.4538795948028564	21040	391.4079978466034	19593	6.877376425855502	
-375015.67927694693	112.35	9.375	144.475	91.5875	-6.173405605056893	263	123	153	14	265	165	67	8	88	57	0	0	1.390845537185669	21120	392.79884338378906	19669	6.870265151515156	
-437529.16339870356	111.05	9.329113924050633	142.56962025316454	90.18987341772151	-6.173405605056893	264	124	131	13.0	231.0	142.0	75	8.0	90.0	58.0	0	0	1.3900268077850342	21200	394.1888701915741	19743	6.8726415094339615	
-312534.80153293186	109.5	9.316455696202532	134.1012658227848	85.22784810126582	-6.173405605056893	265	125	194	14.0	235.0	147.0	34	8.0	87.0	56.0	0	0	1.3434579372406006	21280	395.5323281288147	19818	6.870300751879697	
-312519.2513581994	110.8375	9.461538461538462	147.44871794871796	93.12820512820512	-6.173405605056893	266	127	177	13.0	276.0	172.0	42	8.0	95.0	61.0	0	0	1.5616743564605713	21360	397.09400248527527	19891	6.87734082397003	
-200027.707284895	113.15	9.341772151898734	152.58227848101265	96.0	-6.173405605056893	267	128	162	12.0	234.0	143.0	74	8.0	87.0	56.0	0	0	2.0212626457214355	21440	399.1152651309967	19964	6.884328358208961	
-212535.34231038863	115.7	9.5625	155.9875	98.25	-6.173405605056893	268	128	201	14	338	209	38	8	100	64	0	0	1.8818306922912598	21520	400.99709582328796	20037	6.891263940520446	
-237537.3258859844	110.6375	9.3125	139.8	88.475	-6.173405605056893	269	128	247	14	244	155	29	7	82	53	0	0	1.425886631011963	21600	402.4229824542999	20113	6.884259259259267	
-300027.7203988962	113.875	9.8875	160.9375	101.6375	-6.173405605056893	270	128	221	15	284	179	55	8	92	59	0	0	1.484849452972412	21680	403.90783190727234	20188	6.881918819188186	
-275035.8458962143	110.2625	9.379746835443038	143.77215189873417	90.9873417721519	-6.173405605056893	271	129	170	13.0	253.0	158.0	55	8.0	82.0	53.0	0	0	1.4307582378387451	21760	405.3385901451111	20262	6.884191176470594	
-250022.44606980192	118.0625	9.454545454545455	144.02597402597402	91.01298701298701	-6.173405605056893	272	132	202	15.0	239.0	148.0	26	8.0	82.0	53.0	0	0	1.523906946182251	21840	406.86249709129333	20334	6.895604395604394	
-337515.4438674351	116.9625	9.544303797468354	157.49367088607596	99.24050632911393	-6.158812022700371	273	133	169	15.0	278.0	172.0	77	8.0	82.0	53.0	0	0	1.4697544574737549	21920	408.3322515487671	20408	6.897810218978108	
-325023.6165393288	114.5625	9.43421052631579	148.69736842105263	93.96052631578948	-6.158812022700371	274	137	194	12.0	249.0	156.0	34	8.0	95.0	61.0	0	0	1.400904655456543	22000	409.73315620422363	20480	6.9090909090909065	
-250032.5275658802	122.475	9.15	141.8125	89.6125	-6.158812022700371	275	137	209	12	257	158	64	8	82	53	0	0	1.4009439945220947	22080	411.1341001987457	20556	6.90217391304347	
-350022.9412451965	118.6875	9.354430379746836	141.873417721519	89.78481012658227	-6.158812022700371	276	138	208	14.0	269.0	168.0	56	7.0	82.0	53.0	0	0	1.3892652988433838	22160	412.5233654975891	20629	6.9088447653429625	
-350025.9648148458	123.1125	9.278481012658228	142.83544303797467	90.36708860759494	-6.158812022700371	277	139	208	12.0	311.0	192.0	43	8.0	87.0	56.0	0	0	1.3831875324249268	22240	413.90655303001404	20704	6.906474820143885	
-275032.5613334235	127.6625	9.5125	151.075	95.325	-6.158812022700371	278	139	231	13	271	171	61	8	90	58	0	0	1.455047607421875	22320	415.3616006374359	20780	6.899641577060933	
-275024.44879792584	134.625	9.4875	146.2375	92.4125	-6.158812022700371	279	139	231	14	274	166	48	8	93	60	0	0	1.440556287765503	22400	416.8021569252014	20854	6.901785714285708	
-262549.67160023435	134.9125	9.2375	148.6625	93.725	-6.158812022700371	280	139	267	12	235	147	73	8	90	58	0	0	1.4942090511322021	22480	418.2963659763336	20929	6.89946619217082	
-337536.9638493319	129.2625	9.531645569620252	148.44303797468353	93.77215189873418	-6.158812022700371	281	140	231	15.0	246.0	151.0	47	8.0	79.0	51.0	0	0	1.4117097854614258	22560	419.70807576179504	21003	6.901595744680861	
-312524.8426923206	126.0375	9.525	147.5125	93.2125	-6.154526137032677	282	140	231	14	274	168	66	8	93	60	0	0	1.4324867725372314	22640	421.1405625343323	21079	6.894876325088333	
-350027.31904322794	124.9	9.375	139.625	88.6	-6.154526137032677	283	140	231	14	271	164	65	8	93	60	0	0	1.3915574550628662	22720	422.53211998939514	21155	6.888204225352112	
-337520.52055159677	118.1125	9.275	140.15	88.8375	-6.154526137032677	284	140	207	14	271	164	55	8	92	59	0	0	1.5454800128936768	22800	424.0776000022888	21230	6.885964912280713	
-250021.61405954236	121.0625	9.55	152.4	95.8875	-6.154526137032677	285	140	165	14	271	164	67	8	95	61	0	0	1.4280920028686523	22880	425.50569200515747	21304	6.888111888111894	
-362520.1395669581	118.7625	9.625	153.8125	96.8125	-6.154526137032677	286	140	169	14	289	176	59	8	82	53	0	0	1.5457589626312256	22960	427.0514509677887	21379	6.8858885017421585	
-187544.66826099507	123.475	9.164556962025317	151.74683544303798	95.54430379746836	-6.154526137032677	287	141	193	13.0	371.0	231.0	35	8.0	100.0	64.0	0	0	1.5773000717163086	23040	428.628751039505	21453	6.888020833333329	
-275023.89750819735	123.1875	9.2875	138.325	87.6625	-6.154526137032677	288	141	181	13	269	164	47	8	90	58	0	0	1.5831854343414307	23120	430.21193647384644	21527	6.890138408304509	
-350021.0488433203	119.8125	9.7125	152.35	96.4125	-6.154526137032677	289	141	180	16	345	218	56	8	88	57	0	0	1.9335615634918213	23200	432.14549803733826	21603	6.883620689655174	
-262527.8708856545	115.2625	9.2625	136.9125	86.7625	-6.154526137032677	290	141	220	13	237	145	39	8	96	62	0	0	1.7716038227081299	23280	433.9171018600464	21678	6.881443298969074	
-275032.0561453216	113.925	9.3125	150.2875	94.7375	-6.154526137032677	291	141	145	12	272	171	88	8	100	64	0	0	1.464257001876831	23360	435.3813588619232	21754	6.875	
-287544.8099941358	115.3375	9.4375	148.3875	93.8	-6.154526137032677	292	141	219	14	272	171	40	8	82	53	0	0	1.4043419361114502	23440	436.78570079803467	21828	6.877133105802045	
-312531.2045407583	111.8125	9.4125	148.0375	93.5375	-6.154526137032677	293	141	140	15	258	164	87	8	82	53	0	0	1.3900954723358154	23520	438.1757962703705	21904	6.870748299319729	
-275044.3716339475	113.9125	9.73076923076923	156.97435897435898	98.88461538461539	-6.154526137032677	294	143	169	14.0	321.0	195.0	59	8.0	95.0	61.0	0	0	1.470226764678955	23600	439.64602303504944	21978	6.872881355932208	
-237531.462222064	111.45	9.1625	136.2	86.35	-6.154526137032677	295	143	161	12	240	147	72	8	87	56	0	0	1.325904369354248	23680	440.9719274044037	22053	6.870777027027032	
-350044.5977431	111.1875	9.291139240506329	143.35443037974684	90.74683544303798	-6.154526137032677	296	144	183	13.0	247.0	156.0	45	8.0	93.0	60.0	0	0	1.3692986965179443	23760	442.34122610092163	22127	6.872895622895626	
-287536.42572860204	111.6625	9.4125	142.875	90.475	-6.088572270599299	297	144	162	15	322	195	66	8	94	61	0	0	1.3981008529663086	23840	443.73932695388794	22203	6.866610738255034	
-312535.44731280586	111.825	9.4	146.875	92.9	-6.088572270599299	298	144	171	13	247	156	57	8	96	62	0	0	1.3935492038726807	23920	445.1328761577606	22279	6.860367892976598	
-387534.9048199764	115.4375	9.20253164556962	135.67088607594937	86.12658227848101	-6.088572270599299	299	145	180	13.0	231.0	143.0	48	8.0	87.0	56.0	0	0	1.3864295482635498	24000	446.51930570602417	22352	6.86666666666666	
-287528.8299116754	115.65	9.375	141.8125	89.85	-6.088572270599299	300	145	206	13	296	185	49	8	82	53	0	0	1.403388500213623	24080	447.9226942062378	22427	6.864617940199338	
-362538.5306517654	115.575	9.291139240506329	137.60759493670886	87.46835443037975	-6.088572270599299	301	146	172	13.0	224.0	137.0	38	8.0	87.0	56.0	0	0	1.3397767543792725	24160	449.26247096061707	22501	6.866721854304643	
-350034.71670446603	121.7	9.481012658227849	149.46835443037975	94.40506329113924	-6.088572270599299	302	147	172	13.0	294.0	183.0	58	8.0	92.0	59.0	0	0	1.4863252639770508	24240	450.7487962245941	22576	6.864686468646866	
-237549.2259441548	118.5375	9.329113924050633	146.0506329113924	92.39240506329114	-6.088572270599299	303	148	253	13.0	235.0	147.0	32	8.0	88.0	57.0	0	0	1.3762929439544678	24320	452.1250891685486	22649	6.87088815789474	
-312548.4307512349	110.9625	9.405063291139241	136.83544303797467	86.9493670886076	-6.087968691654965	304	149	143	14.0	256.0	156.0	66	8.0	84.0	54.0	0	0	1.3665108680725098	24400	453.4916000366211	22721	6.881147540983619	
-262519.7050181408	109.7875	9.325	145.3375	91.95	-6.087968691654965	305	149	137	13	260	160	66	8	84	54	0	0	1.4358785152435303	24480	454.9274785518646	22796	6.879084967320253	
-250035.96035862862	112.0125	9.65	145.4875	92.5375	-6.087968691654965	306	149	167	15	307	194	61	8	95	61	0	0	1.40858793258667	24560	456.3360664844513	22870	6.881107491856682	
-375034.70513370214	111.275	9.189873417721518	137.34177215189874	87.13924050632912	-6.087968691654965	307	150	174	13.0	224.0	143.0	54	8.0	87.0	56.0	0	0	1.3785347938537598	24640	457.71460127830505	22944	6.883116883116884	
-275035.050613444	115.775	9.3875	142.3375	90.1	-6.087968691654965	308	150	221	14	299	184	52	8	95	61	0	0	1.4408562183380127	24720	459.15545749664307	23019	6.881067961165044	
-237539.8579396721	112.8	9.30379746835443	136.9620253164557	86.84810126582279	-6.087968691654965	309	151	193	14.0	292.0	178.0	52	8.0	103.0	66.0	0	0	1.3079380989074707	24800	460.46339559555054	23093	6.883064516129039	
-312531.90305478696	114.95	9.2125	135.8125	86.175	-6.087968691654965	310	151	177	12	238	149	51	8	87	56	0	0	1.275832176208496	24880	461.73922777175903	23165	6.893086816720256	
-312530.35714320815	115.55	9.2625	136.0375	86.2375	-6.087968691654965	311	151	152	12	232	142	76	8	87	56	0	0	1.5852580070495605	24960	463.3244857788086	23241	6.887019230769226	
-325024.38563552045	115.8375	9.384615384615385	141.62820512820514	89.82051282051282	-6.087968691654965	312	153	182	14.0	259.0	160.0	27	8.0	93.0	60.0	0	0	1.8020899295806885	25040	465.1265757083893	23313	6.896964856230042	
-250034.03883520057	116.9125	9.253164556962025	135.84810126582278	86.17721518987342	-6.087968691654965	313	154	164	12.0	244.0	153.0	25	8.0	90.0	58.0	0	0	2.0559091567993164	25120	467.1824848651886	23385	6.906847133757964	
-237530.6957349847	120.125	9.325	140.75	89.225	-6.087968691654965	314	154	159	12	279	171	85	8	92	59	0	0	1.468865156173706	25200	468.6513500213623	23459	6.908730158730165	
-262544.77521244035	117.3	9.225	134.775	85.425	-6.087968691654965	315	154	147	12	256	156	64	8	94	61	0	0	1.6704041957855225	25280	470.3217542171478	23534	6.9066455696202524	
-300031.4710666256	119.6125	9.2625	141.8625	89.7625	-6.087968691654965	316	154	173	13	267	168	79	8	87	56	0	0	1.5284979343414307	25360	471.85025215148926	23610	6.900630914826493	
-262533.98304058204	117.55	9.282051282051283	142.51282051282053	90.2948717948718	-6.087968691654965	317	156	193	14.0	291.0	186.0	43	8.0	95.0	61.0	0	0	1.385918378829956	25440	473.2361705303192	23684	6.90251572327044	
-287543.0277629203	115.2625	9.325	142.0125	89.925	-6.087968691654965	318	156	173	16	299	184	67	8	87	56	0	0	1.4488177299499512	25520	474.68498826026917	23760	6.896551724137936	
-250037.37953041965	115.5875	9.25	141.95	89.975	-6.087968691654965	319	156	183	16	323	203	53	8	95	61	0	0	1.4065580368041992	25600	476.09154629707336	23836	6.890625	
-212543.49175120573	115.8875	9.15	139.1625	88.1	-6.087861050391737	320	156	177	14	274	173	65	8	90	58	0	0	1.4103140830993652	25680	477.50186038017273	23912	6.884735202492209	
-275031.57483409636	118.25	9.316455696202532	141.84810126582278	89.78481012658227	-6.087861050391737	321	157	217	14.0	299.0	184.0	46	8.0	93.0	60.0	0	0	1.4158132076263428	25760	478.9176735877991	23986	6.8866459627329135	
-262532.873466514	118.6125	9.225	139.775	88.425	-6.087861050391737	322	157	175	15	336	203	36	8	95	61	0	0	1.2787322998046875	25840	480.19640588760376	24059	6.892414860681114	
-287539.01361121144	115.975	9.4125	138.0375	87.6875	-6.087861050391737	323	157	241	13	236	147	36	8	95	61	0	0	1.3068532943725586	25920	481.5032591819763	24132	6.898148148148152	
-300025.6352870518	115.0875	9.50632911392405	146.0	92.48101265822785	-6.087861050391737	324	158	182	15.0	282.0	179.0	46	8.0	93.0	60.0	0	0	1.4706299304962158	26000	482.97388911247253	24205	6.903846153846146	
-312541.1474975937	115.25	9.5625	148.125	93.7375	-6.087861050391737	325	158	183	16	358	220	55	8	87	56	0	0	1.4499611854553223	26080	484.42385029792786	24279	6.905674846625772	
-300035.4394205166	113.1125	9.6125	150.1875	94.75	-6.087861050391737	326	158	223	15	313	191	55	8	87	56	0	0	1.4713976383209229	26160	485.8952479362488	24355	6.899847094801231	
-275029.0298397449	112.975	9.475	141.4	89.6125	-6.087861050391737	327	158	175	13	261	161	53	8	87	56	0	0	1.389038324356079	26240	487.28428626060486	24428	6.9054878048780495	
-287535.04731503304	111.025	9.1875	137.7125	87.425	-6.087861050391737	328	158	193	13	272	171	50	8	87	56	0	0	1.3989028930664062	26320	488.68318915367126	24503	6.903495440729472	
-287518.92377010145	113.65	9.461538461538462	149.74358974358975	94.41025641025641	-6.087861050391737	329	160	185	13.0	282.0	175.0	43	8.0	87.0	56.0	0	0	1.4364855289459229	26400	490.1196746826172	24577	6.905303030303031	
-300016.193002411	117.9	9.5	145.975	92.5125	-6.087861050391737	330	160	185	13	267	165	48	8	101	65	0	0	1.373811960220337	26480	491.4934866428375	24652	6.903323262839876	
-275029.39962535043	121.9125	9.8	152.9375	96.5625	-6.087861050391737	331	160	212	14	412	249	79	8	95	61	0	0	1.4731245040893555	26560	492.9666111469269	24727	6.901355421686745	
-325027.0863108734	117.6875	9.4125	144.475	91.475	-6.087861050391737	332	160	179	14	319	198	49	8	93	60	0	0	1.7297258377075195	26640	494.6963369846344	24803	6.895645645645644	
-312534.2867497965	114.15	9.4125	142.5625	90.35	-6.087861050391737	333	160	160	13	266	167	88	8	88	57	0	0	1.7499737739562988	26720	496.4463107585907	24878	6.893712574850298	
-337535.4646977562	114.7125	9.519480519480519	142.02597402597402	90.1038961038961	-6.087861050391737	334	163	203	14.0	318.0	198.0	44	8.0	92.0	59.0	0	0	1.624136209487915	26800	498.0704469680786	24951	6.899253731343279	
-287527.9046796461	114.275	9.69620253164557	148.63291139240508	93.9873417721519	-6.087861050391737	335	164	179	15.0	312.0	189.0	53	8.0	95.0	61.0	0	0	1.3628196716308594	26880	499.4332666397095	25024	6.904761904761898	
-300038.2017551982	114.7875	9.512820512820513	146.85897435897436	93.0	-6.087861050391737	336	166	194	14.0	340.0	207.0	34	8.0	82.0	53.0	0	0	1.37233304977417	26960	500.80559968948364	25096	6.913946587537083	
-275056.2581464991	117.55	9.3625	143.45	90.9375	-6.087861050391737	337	166	194	13	274	171	59	8	92	59	0	0	1.4440398216247559	27040	502.2496395111084	25171	6.911982248520715	
-262539.9126517513	113.7375	9.60759493670886	146.0759493670886	92.50632911392405	-6.087861050391737	338	167	154	15.0	254.0	158.0	56	8.0	93.0	60.0	0	0	1.4046478271484375	27120	503.65428733825684	25246	6.910029498525077	
-300027.8122321082	114.7	9.253164556962025	137.1012658227848	87.0632911392405	-6.087861050391737	339	168	194	14.0	336.0	203.0	56	8.0	87.0	56.0	0	0	1.5768258571624756	27200	505.2311131954193	25321	6.908088235294116	
-400024.5160059242	118.3125	9.3125	140.2	88.875	-6.087861050391737	340	168	161	15	332	204	67	8	80	52	0	0	1.3725111484527588	27280	506.60362434387207	25395	6.909824046920818	
-325024.17374774953	118.0625	9.1625	140.3125	88.9625	-6.087861050391737	341	168	164	12	241	148	64	8	87	56	0	0	1.3808097839355469	27360	507.9844341278076	25470	6.9078947368420955	
-325037.0669154003	115.3625	9.6875	140.5375	89.2625	-6.087861050391737	342	168	154	13	295	178	80	8	87	56	0	0	1.4783971309661865	27440	509.4628312587738	25546	6.902332361516045	
-300024.52852562384	115.4125	9.354430379746836	141.34177215189874	89.35443037974683	-6.087861050391737	343	169	202	16.0	295.0	178.0	30	8.0	95.0	61.0	0	0	1.3951854705810547	27520	510.85801672935486	25620	6.904069767441854	
-325034.34151116986	117.45	9.625	147.9375	93.5875	-6.087861050391737	344	169	202	15	331	200	65	8	82	53	0	0	1.4785590171813965	27600	512.3365757465363	25696	6.898550724637687	
-312524.78946986335	114.2625	9.6	146.4	92.8375	-6.087861050391737	345	169	144	14	259	163	73	8	87	56	0	0	1.4305078983306885	27680	513.767083644867	25771	6.8966763005780365	
-325032.35227930173	114.25	9.6375	144.475	91.65	-6.087861050391737	346	169	163	14	268	164	65	8	92	59	0	0	1.3693974018096924	27760	515.1364810466766	25846	6.894812680115265	
-312527.8569270591	113.4875	9.615384615384615	142.32051282051282	90.35897435897436	-6.087861050391737	347	171	189	13.0	240.0	152.0	39	8.0	95.0	61.0	0	0	1.3114383220672607	27840	516.4479193687439	25918	6.90373563218391	
-337533.0267237265	114.85	9.35	136.3	86.625	-6.087861050391737	348	171	150	18	294	181	78	8	82	53	0	0	1.3878345489501953	27920	517.8357539176941	25994	6.898280802292263	
-387530.4226029437	115.3625	9.3375	139.9375	88.725	-6.087861050391737	349	171	162	15	294	181	53	8	87	56	0	0	1.4217438697814941	28000	519.2574977874756	26069	6.896428571428572	
-325032.66963366326	115.025	9.525	144.9125	91.55	-6.087861050391737	350	171	181	15	309	191	68	8	92	59	0	0	1.4796829223632812	28080	520.7371807098389	26145	6.891025641025635	
-262528.2035539285	115.9625	9.7625	155.2125	97.9375	-6.087861050391737	351	171	161	15	570	345	61	8	90	58	0	0	1.66328763961792	28160	522.4004683494568	26220	6.889204545454547	
-375038.1006107673	113.5625	9.4	143.0	90.525	-6.087861050391737	352	171	166	15	325	196	44	8	92	59	0	0	1.4447736740112305	28240	523.845242023468	26296	6.883852691218124	
-350023.7561231263	118.6125	9.6125	146.2125	92.45	-6.087861050391737	353	171	166	18	397	240	71	8	95	61	0	0	1.4173567295074463	28320	525.2625987529755	26371	6.88206214689265	
-350029.0082469241	115.1375	9.5125	139.7125	88.825	-6.087861050391737	354	171	176	13	228	143	76	8	95	61	0	0	1.9022340774536133	28400	527.1648328304291	26446	6.880281690140848	
-237531.1121087703	113.65	9.425	142.5125	90.4	-6.087861050391737	355	171	166	16	340	212	49	8	95	61	0	0	1.804279088973999	28480	528.9691119194031	26521	6.8785112359550595	
-387524.04890001944	114.7625	9.425	137.9125	87.55	-6.087861050391737	356	171	165	13	245	149	56	8	90	58	0	0	1.6290552616119385	28560	530.598167181015	26597	6.8732492997198875	
-300040.166784239	116.5375	9.4875	138.9125	88.0875	-6.087861050391737	357	171	224	17	255	164	56	8	107	69	0	0	1.3101491928100586	28640	531.9083163738251	26671	6.875	
-300035.924301725	114.95	9.2125	135.675	86.1125	-6.087861050391737	358	171	188	14	225	142	40	8	103	66	0	0	1.2929985523223877	28720	533.2013149261475	26745	6.876740947075206	
-337541.35225109087	118.725	9.2375	135.2	85.7125	-6.087861050391737	359	171	156	16	263	165	78	8	87	56	0	0	1.4145519733428955	28800	534.6158668994904	26821	6.8715277777777715	
-375030.93346855696	117.575	9.5625	140.575	89.025	-6.087861050391737	360	171	198	13	231	142	62	8	87	56	0	0	1.4465625286102295	28880	536.0624294281006	26896	6.8698060941828345	
-362521.7779159981	115.65	9.474358974358974	140.89743589743588	89.43589743589743	-6.087861050391737	361	173	160	16.0	349.0	219.0	68	8.0	80.0	52.0	0	0	1.3297584056854248	28960	537.392187833786	26968	6.878453038674039	
-387525.509037949	114.4375	9.50632911392405	140.1772151898734	88.92405063291139	-6.087861050391737	362	174	161	16.0	264.0	162.0	67	8.0	79.0	51.0	0	0	1.3707313537597656	29040	538.7629191875458	27041	6.883608815426996	
-337536.0302085964	115.2	9.189873417721518	134.13924050632912	85.0379746835443	-6.087861050391737	363	175	165	12.0	228.0	142.0	71	8.0	90.0	58.0	0	0	1.3319900035858154	29120	540.0949091911316	27116	6.881868131868131	
-350032.5388620408	115.3875	9.3625	137.75	87.625	-6.087861050391737	364	175	202	13	282	176	26	8	95	61	0	0	1.498901128768921	29200	541.5938103199005	27192	6.876712328767127	
-412524.08339897345	113.575	9.65	141.1625	89.7	-6.087861050391737	365	175	160	17	262	163	74	8	80	52	0	0	1.3980846405029297	29280	542.9918949604034	27268	6.87158469945355	
-387519.00807460316	115.0125	9.79746835443038	154.1772151898734	97.17721518987342	-6.087861050391737	366	176	190	15.0	266.0	165.0	38	8.0	85.0	55.0	0	0	1.3890974521636963	29360	544.3809924125671	27340	6.880108991825622	
-375032.3736673269	112.0875	9.575	144.9875	91.5875	-6.087861050391737	367	176	157	19	355	220	61	8	94	61	0	0	1.4273195266723633	29440	545.8083119392395	27415	6.878396739130437	
-287535.21703944774	113.85	9.405063291139241	146.8227848101266	92.63291139240506	-6.087861050391737	368	177	158	19.0	355.0	220.0	63	8.0	87.0	56.0	0	0	1.4386494159698486	29520	547.2469613552094	27490	6.876693766937663	
-262541.9677410022	116.9875	9.3875	146.7625	92.4125	-6.087861050391737	369	177	144	14	234	143	95	8	101	65	0	0	1.445754051208496	29600	548.6927154064178	27565	6.875	
-287539.55988485133	119.3125	9.5	145.4125	92.0	-6.087861050391737	370	177	185	15	259	163	43	8	82	53	0	0	1.4361445903778076	29680	550.1288599967957	27641	6.869946091644209	
-375020.11561803165	115.9375	9.525	140.1625	88.9625	-6.087861050391737	371	177	170	14	272	168	77	8	82	53	0	0	1.4064090251922607	29760	551.5352690219879	27717	6.864919354838705	
-387524.92490453646	113.725	9.341772151898734	137.65822784810126	87.41772151898734	-6.087861050391737	372	178	218	15.0	272.0	168.0	35	8.0	87.0	56.0	0	0	1.3390257358551025	29840	552.874294757843	27791	6.866621983914214	
-275028.95686158736	110.15	9.294871794871796	136.47435897435898	86.3974358974359	-6.087861050391737	373	180	190	13.0	272.0	168.0	28	8.0	92.0	59.0	0	0	1.3748843669891357	29920	554.2491791248322	27865	6.8683155080213965	
-300026.382427822	111.0375	9.5125	139.4	88.4375	-6.087861050391737	374	180	175	13	256	156	43	8	90	58	0	0	1.4216785430908203	30000	555.670857667923	27940	6.86666666666666	
-325022.27588681225	113.55	9.7	147.6875	93.45	-6.087861050391737	375	180	180	16	303	185	71	8	95	61	0	0	1.457113265991211	30080	557.1279709339142	28016	6.861702127659569	
-287538.6400594817	113.6375	9.5875	146.75	92.925	-6.087861050391737	376	180	144	14	404	248	71	8	82	53	0	0	1.4959821701049805	30160	558.6239531040192	28092	6.856763925729453	
-275038.6678136915	114.55	9.4875	150.0625	94.825	-6.087861050391737	377	180	159	12	276	176	71	8	82	53	0	0	1.9001264572143555	30240	560.5240795612335	28168	6.851851851851848	
-350048.3007949231	113.625	9.3	141.9	89.825	-6.087861050391737	378	180	158	12	230	142	81	8	92	59	0	0	1.9075140953063965	30320	562.4315936565399	28244	6.84696569920844	
-287534.25184671796	112.65	9.575	147.2125	93.2125	-6.087861050391737	379	180	170	14	277	171	58	8	99	64	0	0	1.4937231540679932	30400	563.9253168106079	28319	6.84539473684211	
-262534.5354369714	116.95	9.275	144.6	91.2375	-6.087861050391737	380	180	186	14	300	183	42	8	87	56	0	0	1.3292415142059326	30480	565.2545583248138	28392	6.850393700787407	
-387527.7066963956	118.7875	9.3625	138.2875	87.7125	-6.087861050391737	381	180	163	14	240	147	71	8	80	52	0	0	1.4147610664367676	30560	566.6693193912506	28468	6.845549738219887	
-275034.17951214337	116.125	9.518987341772151	143.0379746835443	90.73417721518987	-6.087861050391737	382	181	185	17.0	334.0	207.0	35	8.0	86.0	56.0	0	0	1.40240478515625	30640	568.0717241764069	28543	6.843994778067881	
-400033.99922957434	114.7625	9.5	142.2	90.1125	-6.087861050391737	383	181	165	15	269	171	63	8	92	59	0	0	1.3198213577270508	30720	569.3915455341339	28616	6.848958333333329	
-237528.13300852006	114.5875	9.5375	148.8625	94.2	-6.087861050391737	384	181	186	14	309	192	42	8	94	61	0	0	1.405789852142334	30800	570.7973353862762	28692	6.844155844155836	
-375031.95667268476	116.4625	9.4	138.4125	87.7375	-6.087861050391737	385	181	187	16	332	201	62	8	92	59	0	0	1.3564119338989258	30880	572.1537473201752	28767	6.8426165803108745	
-312534.990221094	118.9	9.518987341772151	139.56962025316454	88.56962025316456	-6.087861050391737	386	182	235	16.0	332.0	201.0	42	8.0	95.0	61.0	0	0	1.3421509265899658	30960	573.4958982467651	28841	6.844315245478043	
-237540.72581522266	118.6	9.1875	134.3625	85.2875	-6.087861050391737	387	182	175	12	291	177	53	8	92	59	0	0	1.3589529991149902	31040	574.8548512458801	28915	6.8460051546391725	
-362540.86569494277	114.9625	9.3625	137.5	87.3125	-6.087861050391737	388	182	167	18	393	243	71	8	91	59	0	0	1.4073607921600342	31120	576.2622120380402	28991	6.84125964010282	
-362544.09676676814	114.7125	9.487179487179487	142.9102564102564	90.48717948717949	-6.087861050391737	389	184	242	14.0	353.0	214.0	7	8.0	93.0	60.0	0	0	1.3687176704406738	31200	577.6309297084808	29065	6.842948717948715	
-287535.4044197754	121.45	9.375	139.6375	88.425	-6.087861050391737	390	184	188	13	244	150	67	8	90	58	0	0	1.3658792972564697	31280	578.9968090057373	29139	6.844629156010228	
-400024.82534393575	119.625	9.582278481012658	141.873417721519	89.92405063291139	-6.087861050391737	391	185	162	16.0	273.0	171.0	53	8.0	87.0	56.0	0	0	1.4721570014953613	31360	580.4689660072327	29214	6.843112244897966	
-275032.31108420563	120.6	9.405063291139241	142.8227848101266	90.25316455696202	-6.085925536993841	392	186	166	15.0	406.0	245.0	69	8.0	90.0	58.0	0	0	1.388700008392334	31440	581.857666015625	29287	6.847964376590326	
-325035.23526932317	123.0125	9.5375	143.125	90.7375	-6.085925536993841	393	186	203	18	341	209	66	8	87	56	0	0	1.3839211463928223	31520	583.2415871620178	29362	6.846446700507613	
-375027.6906755778	118.5	9.670886075949367	154.7594936708861	97.89873417721519	-6.085925536993841	394	187	192	17.0	485.0	305.0	36	8.0	90.0	58.0	0	0	1.4472827911376953	31600	584.6888699531555	29436	6.848101265822777	
-387534.671529907	118.025	9.5	148.95	94.1125	-6.085925536993841	395	187	181	14	254	158	59	8	82	53	0	0	1.5597712993621826	31680	586.2486412525177	29512	6.843434343434339	
-350033.5424796692	114.3625	9.6125	148.5875	93.875	-6.085925536993841	396	187	165	14	270	171	63	8	93	60	0	0	1.43025541305542	31760	587.6788966655731	29588	6.838790931989919	
-325048.06232107605	114.7125	9.5625	142.9875	90.6125	-6.085925536993841	397	187	215	12	237	145	64	8	95	61	0	0	1.419346570968628	31840	589.0982432365417	29663	6.837311557788951	
-287532.03841748426	117.1625	9.594936708860759	145.27848101265823	91.9493670886076	-6.085925536993841	398	188	220	13.0	312.0	189.0	8	8.0	88.0	57.0	0	0	1.3715870380401611	31920	590.4698302745819	29737	6.838972431077693	
-275032.0162309455	109.3125	9.4125	148.3	93.6375	-6.085925536993841	399	188	179	14	288	175	44	8	88	57	0	0	1.5457758903503418	32000	592.0156061649323	29812	6.8374999999999915	
-262542.3236898535	107.075	9.435897435897436	148.3846153846154	93.61538461538461	-6.085925536993841	400	190	181	14.0	265.0	162.0	47	8.0	95.0	61.0	0	0	1.6379766464233398	32080	593.6535828113556	29883	6.848503740648383	
-325038.2200613986	114.9125	9.461538461538462	144.47435897435898	91.35897435897436	-6.084869439081257	401	192	218	13.0	264.0	163.0	27	8.0	87.0	56.0	0	0	1.7456324100494385	32160	595.399215221405	29957	6.850124378109456	
-287534.96202148136	106.375	9.265822784810126	143.9493670886076	90.9620253164557	-6.084869439081257	402	193	199	13.0	315.0	196.0	10	8.0	95.0	61.0	0	0	1.4412200450897217	32240	596.8404352664948	30030	6.8548387096774235	
-312548.1901027537	112.9375	9.65	150.3125	94.8625	-6.084869439081257	403	193	164	17	342	216	60	8	87	56	0	0	1.4660437107086182	32320	598.3064789772034	30106	6.850247524752476	
-300043.55521292205	110.5	9.775	154.1375	97.175	-6.084869439081257	404	193	192	17	248	156	39	8	96	62	0	0	1.4528770446777344	32400	599.7593560218811	30182	6.845679012345684	
-287529.3978654193	109.9875	9.544303797468354	143.45569620253164	90.69620253164557	-6.084869439081257	405	194	173	15.0	286.0	174.0	12	8.0	90.0	58.0	0	0	1.3268895149230957	32480	601.0862455368042	30256	6.8472906403940925	
-300028.7470085801	113.3125	9.6875	152.7625	96.325	-6.084869439081257	406	194	167	14	352	218	61	8	93	60	0	0	1.38789963722229	32560	602.4741451740265	30330	6.848894348894348	
-287533.8386089499	114.425	9.525	151.5	95.7	-6.0822157675326975	407	194	164	16	317	199	64	8	95	61	0	0	1.5569369792938232	32640	604.0310821533203	30405	6.847426470588232	
-287535.73050928995	121.1875	9.5875	152.7125	96.575	-6.0822157675326975	408	194	157	17	493	307	86	8	90	58	0	0	1.4040277004241943	32720	605.4351098537445	30481	6.842909535452321	
-300038.70532245765	119.575	9.5875	150.8	95.1875	-6.0822157675326975	409	194	152	20	284	183	78	8	95	61	0	0	1.4116616249084473	32800	606.846771478653	30557	6.838414634146346	
-200027.6161329634	118.325	9.4625	158.2375	99.4625	-6.0822157675326975	410	194	175	13	309	191	81	8	93	60	0	0	1.4268028736114502	32880	608.2735743522644	30633	6.833941605839414	
-300036.43264403765	120.2625	9.275	144.1875	91.1	-6.0822157675326975	411	194	166	14	297	184	62	8	87	56	0	0	1.486342191696167	32960	609.7599165439606	30709	6.829490291262147	
-262536.6864820766	122.325	9.5125	147.1375	92.95	-6.0822157675326975	412	194	186	15	354	222	42	8	87	56	0	0	1.4479405879974365	33040	611.207857131958	30784	6.828087167070223	
-375031.41584212455	126.75	9.8375	148.45	94.2	-6.0822157675326975	413	194	213	15	264	162	87	8	87	56	0	0	1.4272351264953613	33120	612.6350922584534	30860	6.823671497584542	
-275037.42926802114	122.575	9.7625	150.2625	94.925	-6.0822157675326975	414	194	186	14	301	182	67	8	96	62	0	0	1.4943320751190186	33200	614.1294243335724	30936	6.819277108433724	
-250031.69422726036	123.0875	9.5375	151.3125	95.625	-6.0822157675326975	415	194	211	14	354	218	65	8	100	64	0	0	1.4782435894012451	33280	615.6076679229736	31012	6.81490384615384	
-337549.8724561894	121.5875	9.95	163.125	102.6875	-6.0822157675326975	416	194	211	15	397	241	69	8	87	56	0	0	1.543482780456543	33360	617.1511507034302	31088	6.810551558752991	
-325044.3779898309	126.1125	9.455696202531646	145.79746835443038	92.0632911392405	-6.0822157675326975	417	195	217	12.0	261.0	161.0	5	8.0	95.0	61.0	0	0	1.4088964462280273	33440	618.5600471496582	31161	6.815191387559807	
-337534.58982105524	124.7375	9.65	151.35	95.4	-6.0822157675326975	418	195	217	13	432	267	62	8	93	60	0	0	1.5795273780822754	33520	620.1395745277405	31236	6.813842482100242	
-250038.44322495628	111.3875	9.666666666666666	156.82051282051282	98.94871794871794	-6.0822157675326975	419	197	167	17.0	432.0	267.0	55	8.0	91.0	59.0	0	0	1.5459682941436768	33600	621.6855428218842	31310	6.81547619047619	
-262539.2664083423	114.1625	10.205128205128204	169.8846153846154	107.24358974358974	-6.0822157675326975	420	199	167	17.0	432.0	267.0	51	8.0	95.0	61.0	0	0	1.5852413177490234	33680	623.2707841396332	31384	6.817102137767222	
-262515.9790151102	125.9375	9.375	148.8625	93.7875	-6.0822157675326975	421	199	179	14	285	178	80	8	99	64	0	0	1.435154914855957	33760	624.7059390544891	31460	6.8127962085307985	
-337524.9824658707	119.9125	9.425	144.525	91.35	-6.0822157675326975	422	199	167	12	240	150	68	8	95	61	0	0	1.8636929988861084	33840	626.5696320533752	31536	6.808510638297875	
-262534.491874906	115.65	9.525	156.675	98.825	-6.0822157675326975	423	199	154	13	314	199	74	8	104	67	0	0	1.9005520343780518	33920	628.4701840877533	31612	6.804245283018872	
-262524.87799881306	115.1	9.3625	148.4875	93.725	-6.0822157675326975	424	199	188	13	269	165	41	8	92	59	0	0	1.597701072692871	34000	630.0678851604462	31686	6.805882352941168	
-225035.15888339165	115.7875	9.7625	158.0625	99.575	-6.0822157675326975	425	199	172	15	312	200	67	8	95	61	0	0	1.4939405918121338	34080	631.5618257522583	31762	6.801643192488257	
-337523.4930120863	118.1	9.89873417721519	151.0506329113924	95.75949367088607	-6.0822157675326975	426	200	210	16.0	318.0	199.0	57	8.0	87.0	56.0	0	0	1.4796717166900635	34160	633.0414974689484	31837	6.800351288056206	
-337529.6150733222	118.5875	9.5875	155.3	97.9625	-6.0822157675326975	427	200	210	15	277	172	71	8	103	66	0	0	1.6356589794158936	34240	634.6771564483643	31910	6.804906542056074	
-237524.60878184438	113.35	9.375	147.3875	93.0875	-6.0822157675326975	428	200	183	13	256	162	53	8	93	60	0	0	1.4551656246185303	34320	636.1323220729828	31984	6.806526806526804	
-250028.99094387476	110.3375	9.2625	137.15	86.8125	-6.0822157675326975	429	200	162	13	270	171	66	8	82	53	0	0	1.336440086364746	34400	637.4687621593475	32058	6.808139534883722	
-350029.61589040805	112.5625	9.354430379746836	145.7594936708861	91.9873417721519	-6.0822157675326975	430	201	193	14.0	331.0	205.0	35	8.0	87.0	56.0	0	0	1.413991928100586	34480	638.8827540874481	32132	6.809744779582374	
-225046.74302072023	113.2125	9.5	155.4875	97.8125	-6.0822157675326975	431	201	162	14	280	173	79	8	95	61	0	0	1.43988037109375	34560	640.3226344585419	32208	6.805555555555557	
-175035.4159501358	110.525	9.3625	144.925	91.5625	-6.0822157675326975	432	201	180	13	328	204	48	8	95	61	0	0	1.3469367027282715	34640	641.6695711612701	32280	6.812933025404149	
-262523.53751912195	108.8375	9.1875	137.025	86.7125	-6.0822157675326975	433	201	173	12	223	141	29	8	93	60	0	0	1.340876817703247	34720	643.0104479789734	32356	6.808755760368669	
-287531.8682775196	108.925	9.1875	139.8625	88.6125	-6.0822157675326975	434	201	177	15	236	151	51	8	87	56	0	0	1.3199920654296875	34800	644.3304400444031	32431	6.80747126436782	
-200041.92977766055	107.5125	9.227848101265822	146.0126582278481	92.0379746835443	-6.0822157675326975	435	202	144	13.0	295.0	181.0	51	8.0	92.0	59.0	0	0	1.3866147994995117	34880	645.7170548439026	32505	6.80905963302753	
-300025.7174925146	110.3125	9.4	145.8875	92.25	-6.0822157675326975	436	202	225	14	287	178	33	8	95	61	0	0	1.4834351539611816	34960	647.2004899978638	32579	6.810640732265455	
-325028.18396619835	111.4875	9.50632911392405	144.8987341772152	91.82278481012658	-6.0822157675326975	437	203	178	13.0	296.0	182.0	37	8.0	90.0	58.0	0	0	1.363461971282959	35040	648.5639519691467	32653	6.81221461187215	
-300027.7775571059	114.2625	9.5	145.5	92.2375	-6.0822157675326975	438	203	162	14	337	209	51	8	82	53	0	0	1.4096238613128662	35120	649.9735758304596	32727	6.813781321184507	
-200031.33521969072	115.275	9.50632911392405	153.0759493670886	96.39240506329114	-6.0822157675326975	439	204	158	13.0	337.0	209.0	70	8.0	95.0	61.0	0	0	1.4341442584991455	35200	651.4077200889587	32799	6.821022727272734	
-262526.9798715655	114.075	9.544303797468354	146.70886075949366	92.72151898734177	-6.0822157675326975	440	205	192	14.0	219.0	135.0	36	8.0	92.0	59.0	0	0	1.3331623077392578	35280	652.740882396698	32874	6.819727891156461	
-350032.2193915628	113.7625	9.725	151.25	95.6875	-6.0822157675326975	441	205	170	14	271	171	58	8	82	53	0	0	1.3805911540985107	35360	654.1214735507965	32948	6.821266968325787	
-250040.05691309104	112.05	9.367088607594937	146.77215189873417	92.75949367088607	-6.0822157675326975	442	206	166	14.0	232.0	146.0	52	8.0	82.0	53.0	0	0	1.4105477333068848	35440	655.5320212841034	33023	6.819977426636569	
-275042.31061546516	115.475	9.1375	139.45	88.3625	-6.0822157675326975	443	206	190	16	300	188	55	8	87	56	0	0	1.4179861545562744	35520	656.9500074386597	33099	6.815878378378386	
-400041.299303325	118.4875	9.354430379746836	144.91139240506328	91.89873417721519	-6.0822157675326975	444	207	212	14.0	432.0	272.0	48	8.0	87.0	56.0	0	0	1.6413166522979736	35600	658.5913240909576	33172	6.82022471910112	
-312534.2344180973	114.35	9.628205128205128	153.5897435897436	97.0	-6.0822157675326975	445	209	166	15.0	323.0	203.0	53	8.0	80.0	52.0	0	0	1.8694615364074707	35680	660.4607856273651	33245	6.824551569506738	
-275021.7711058695	118.075	9.8625	153.975	97.3	-6.0822157675326975	446	209	193	14	277	171	35	8	87	56	0	0	1.7493765354156494	35760	662.2101621627808	33321	6.820469798657712	
-300031.1546348417	119.075	9.525	143.225	90.775	-6.0822157675326975	447	209	197	13	270	171	43	8	92	59	0	0	1.3872723579406738	35840	663.5974345207214	33396	6.819196428571431	
-312538.3275470438	122.0875	9.379746835443038	142.8227848101266	90.27848101265823	-6.0822157675326975	448	210	187	15.0	235.0	144.0	76	8.0	103.0	66.0	0	0	1.3494408130645752	35920	664.946875333786	33470	6.8207126948775	
-275037.7813385591	130.5	8.987179487179487	134.93589743589743	85.42307692307692	-6.0822157675326975	449	212	204	13.0	293.0	182.0	65	8.0	92.0	59.0	0	0	1.3394548892974854	36000	666.2863302230835	33542	6.827777777777783	
-312529.1909298082	118.1625	9.55	146.3875	92.7125	-6.0822157675326975	450	212	172	14	270	171	86	8	82	53	0	0	1.4142875671386719	36080	667.7006177902222	33618	6.8237250554323765	
-325032.9814383775	116.9	9.7	156.325	98.6125	-6.0822157675326975	451	212	163	13	275	172	86	8	93	60	0	0	1.497469425201416	36160	669.1980872154236	33694	6.819690265486727	
-350028.8614265708	119.05	9.835443037974683	155.64556962025316	98.49367088607595	-6.0822157675326975	452	213	193	17.0	270.0	171.0	24	8.0	87.0	56.0	0	0	1.4681005477905273	36240	670.6661877632141	33768	6.821192052980123	
-287531.5509340553	118.0625	9.848101265822784	158.0632911392405	99.70886075949367	-6.0822157675326975	453	214	187	14.0	323.0	196.0	41	8.0	106.0	68.0	0	0	1.4038729667663574	36320	672.0700607299805	33842	6.822687224669593	
-250046.19548288212	122.55	9.65	151.9375	95.975	-6.0822157675326975	454	214	187	18	361	222	74	8	82	53	0	0	1.4158282279968262	36400	673.4858889579773	33918	6.818681318681314	
-237537.63659951006	121.9625	9.4375	149.5375	94.375	-6.0822157675326975	455	214	188	15	279	178	75	8	82	53	0	0	1.3867018222808838	36480	674.8725907802582	33992	6.820175438596493	
-300029.4590883764	115.35	9.544303797468354	154.78481012658227	97.69620253164557	-6.0822157675326975	456	215	186	14.0	285.0	178.0	45	8.0	82.0	53.0	0	0	1.4155776500701904	36560	676.2881684303284	34065	6.824398249452955	
-300037.9714959961	116.2375	9.594936708860759	150.69620253164558	95.20253164556962	-6.0822157675326975	457	216	191	15.0	261.0	159.0	49	8.0	92.0	59.0	0	0	1.454329490661621	36640	677.74249792099	34140	6.8231441048034895	
-275033.3773791488	117.025	9.531645569620252	151.54430379746836	95.44303797468355	-6.0822157675326975	458	217	208	14.0	349.0	219.0	45	8.0	92.0	59.0	0	0	1.4724602699279785	36720	679.214958190918	34215	6.8218954248365975	
-200022.27929293402	118.4375	9.5875	148.5	93.825	-6.0822157675326975	459	217	172	14	264	162	81	8	100	64	0	0	1.4434127807617188	36800	680.6583709716797	34291	6.817934782608688	
-350021.42744039267	116.7875	9.575	149.4875	94.55	-6.0822157675326975	460	217	167	13	246	157	79	8	87	56	0	0	1.5108904838562012	36880	682.1692614555359	34367	6.813991323210416	
-287534.691803254	114.4125	9.430379746835444	147.51898734177215	93.31645569620254	-6.0822157675326975	461	218	160	14.0	241.0	154.0	68	8.0	95.0	61.0	0	0	1.3768587112426758	36960	683.5461201667786	34442	6.812770562770567	
-300028.61382629944	116.0	9.582278481012658	156.34177215189874	98.77215189873418	-6.075640998043353	462	219	234	16.0	404.0	246.0	38	8.0	87.0	56.0	0	0	1.397373914718628	37040	684.9434940814972	34515	6.81695464362852	
-300034.2260458705	113.2875	9.7625	156.675	98.8625	-6.075640998043353	463	219	145	17	318	196	74	8	82	53	0	0	1.4852874279022217	37120	686.4287815093994	34591	6.813038793103445	
-375034.2950052646	112.5	9.324675324675324	146.1818181818182	92.22077922077922	-6.075640998043353	464	222	155	13.0	277.0	173.0	73	8.0	92.0	59.0	0	0	1.3902463912963867	37200	687.8190279006958	34664	6.8172043010752645	
-312527.82187114016	115.2625	9.417721518987342	145.15189873417722	91.56962025316456	-6.075640998043353	465	223	169	17.0	236.0	148.0	59	8.0	82.0	53.0	0	0	1.439512014389038	37280	689.2585399150848	34736	6.824034334763951	
-300024.67611920956	115.775	9.7	152.725	96.325	-6.075640998043353	466	223	155	13	282	174	74	8	103	66	0	0	1.4250833988189697	37360	690.6836233139038	34810	6.825481798715202	
-250022.00411688938	117.8	9.708860759493671	161.49367088607596	101.51898734177215	-6.075640998043353	467	224	155	14.0	275.0	173.0	88	8.0	87.0	56.0	0	0	1.780759334564209	37440	692.464382648468	34884	6.82692307692308	
-262551.35122607497	116.1625	9.55	147.9	93.5	-6.075640998043353	468	224	189	13	268	167	39	8	100	64	0	0	1.7398972511291504	37520	694.2042798995972	34959	6.825692963752658	
-300025.03105720575	117.5125	9.45	151.2875	95.425	-6.075640998043353	469	224	175	13	299	184	68	8	82	53	0	0	1.778205156326294	37600	695.9824850559235	35035	6.8218085106382915	
-237527.46326444187	115.2	9.625	150.6	95.3875	-6.075640998043353	470	224	174	14	271	171	54	8	90	58	0	0	1.4182400703430176	37680	697.4007251262665	35111	6.817940552016992	
-387526.5882099795	112.825	9.925	151.4625	96.175	-6.075640998043353	471	224	176	14	274	171	52	8	90	58	0	0	1.4312713146209717	37760	698.8319964408875	35186	6.8167372881355845	
-250039.33928780403	114.2125	9.4125	146.325	92.5125	-6.075640998043353	472	224	160	14	299	184	37	8	88	57	0	0	1.364450216293335	37840	700.1964466571808	35260	6.818181818181827	
-287529.2421259911	115.6625	9.575	149.6125	94.5125	-6.075640998043353	473	224	145	14	272	171	80	8	90	58	0	0	1.5641818046569824	37920	701.7606284618378	35334	6.819620253164558	
-387527.456705264	113.55	9.683544303797468	153.55696202531647	96.73417721518987	-6.075640998043353	474	225	172	13.0	288.0	175.0	55	8.0	82.0	53.0	0	0	1.4792380332946777	38000	703.2398664951324	35409	6.818421052631578	
-312526.95984640875	115.3875	9.95	161.7625	101.8625	-6.075640998043353	475	225	164	15	270	171	68	8	90	58	0	0	1.4484610557556152	38080	704.6883275508881	35485	6.814600840336141	
-412519.3479487255	119.0	9.7375	155.6125	98.2375	-6.075640998043353	476	225	181	15	347	210	47	8	92	59	0	0	1.5399224758148193	38160	706.2282500267029	35560	6.813417190775681	
-300024.65831898275	117.7875	9.7125	155.05	97.8875	-6.075640998043353	477	225	165	14	270	171	63	8	87	56	0	0	1.4732027053833008	38240	707.7014527320862	35634	6.81485355648536	
-362540.43533514487	119.4625	9.825	158.975	100.325	-6.075640998043353	478	225	175	19	295	186	79	8	93	60	0	0	1.454009771347046	38320	709.1554625034332	35710	6.811064718162839	
-262536.46831518726	115.475	9.645569620253164	156.0253164556962	98.26582278481013	-6.075640998043353	479	226	198	22.0	380.0	245.0	30	8.0	92.0	59.0	0	0	1.4288427829742432	38400	710.5843052864075	35784	6.8125	
-237526.26186095615	119.7125	9.5	153.2125	96.4	-6.075640998043353	480	226	216	17	354	215	11	8	95	61	0	0	1.4072151184082031	38480	711.9915204048157	35858	6.813929313929307	
-237524.9469608773	123.4375	9.4625	146.3875	92.4875	-6.075640998043353	481	226	220	13	295	187	50	8	94	61	0	0	1.368180751800537	38560	713.3597011566162	35934	6.810165975103729	
-325029.8606227234	122.125	9.4625	147.1625	92.825	-6.075640998043353	482	226	230	14	314	196	82	7	90	58	0	0	1.3781616687774658	38640	714.7378628253937	36008	6.811594202898547	
-250040.1831876058	118.1375	9.4125	145.75	92.25	-6.075640998043353	483	226	198	14	298	190	36	8	82	53	0	0	1.4297375679016113	38720	716.1676003932953	36084	6.807851239669432	
-237522.2506902769	119.0375	9.6125	152.525	96.3	-6.075640998043353	484	226	198	15	290	180	60	8	90	58	0	0	1.4618136882781982	38800	717.6294140815735	36160	6.80412371134021	
-275025.36791974254	123.8375	9.189873417721518	142.74683544303798	90.20253164556962	-6.075640998043353	485	227	198	13.0	247.0	152.0	57	8.0	95.0	61.0	0	0	1.3663482666015625	38880	718.995762348175	36234	6.805555555555557	
-287527.60122250114	125.0625	9.2875	143.05	90.475	-6.075640998043353	486	227	213	15	247	150	49	8	98	63	0	0	1.3680284023284912	38960	720.3637907505035	36309	6.804414784394254	
-250036.2282372929	120.65	9.475	150.0125	94.7125	-6.075640998043353	487	227	214	16	330	204	68	8	93	60	0	0	1.446530818939209	39040	721.8103215694427	36384	6.8032786885246	
-262526.236347956	123.1	9.6375	152.6375	96.425	-6.075640998043353	488	227	250	15	290	185	60	8	92	59	0	0	1.4258451461791992	39120	723.236166715622	36459	6.802147239263803	
-237550.98490415886	119.275	9.45	145.7625	92.15	-6.075640998043353	489	227	198	19	468	289	60	8	98	63	0	0	1.755070686340332	39200	724.9912374019623	36534	6.801020408163254	
-350021.3234237613	121.85	9.4375	145.425	91.9125	-6.073067465250724	490	227	168	13	270	171	60	8	87	56	0	0	1.784496784210205	39280	726.7757341861725	36610	6.7973523421588595	
-212531.9177370523	121.0375	9.5875	146.0375	92.5625	-6.073067465250724	491	227	168	15	270	171	63	8	90	58	0	0	1.6231746673583984	39360	728.3989088535309	36685	6.796239837398375	
-225034.46794652528	119.775	9.325	146.5625	92.5	-6.073067465250724	492	227	166	14	253	154	77	8	87	56	0	0	1.4467401504516602	39440	729.8456490039825	36759	6.797667342799187	
-237529.80955914338	117.1375	9.5125	152.3125	96.125	-6.073067465250724	493	227	194	13	244	155	63	8	92	59	0	0	1.4921064376831055	39520	731.3377554416656	36835	6.7940283400809705	
-275028.70846961316	112.6125	9.435897435897436	147.26923076923077	93.07692307692308	-6.073067465250724	494	229	182	15.0	294.0	188.0	46	8.0	87.0	56.0	0	0	1.4511313438415527	39600	732.7888867855072	36909	6.795454545454547	
-337534.8006612124	116.575	9.575	152.0375	95.6875	-6.073067465250724	495	229	227	13	284	174	44	8	92	59	0	0	1.5135231018066406	39680	734.3024098873138	36985	6.791834677419345	
-237547.1734685783	116.95	9.658227848101266	160.31645569620252	100.75949367088607	-6.073067465250724	496	230	184	13.0	271.0	171.0	53	8.0	82.0	53.0	0	0	1.5243632793426514	39760	735.8267731666565	37060	6.790744466800803	
-250029.6212250216	118.5125	9.2125	147.075	92.5875	-6.073067465250724	497	230	184	14	277	171	44	8	87	56	0	0	1.529703140258789	39840	737.3564763069153	37135	6.789658634538156	
-312528.757217596	116.8375	9.2625	150.675	94.925	-6.073067465250724	498	230	173	14	311	190	81	8	87	56	0	0	1.5148911476135254	39920	738.8713674545288	37211	6.786072144288582	
-337530.1033840863	113.575	9.7	157.0375	98.9375	-6.073067465250724	499	230	159	14	311	190	69	8	82	53	0	0	1.518984079360962	40000	740.3903515338898	37286	6.784999999999997	
-300030.772970435	114.7375	9.4375	145.7	92.0375	-6.073067465250724	500	230	167	14	276	171	64	8	94	61	0	0	1.420328140258789	40080	741.8106796741486	37361	6.7839321357285485	
-212527.5589150476	113.025	9.5875	151.325	95.5875	-6.073067465250724	501	230	160	15	292	183	68	8	82	53	0	0	1.4868459701538086	40160	743.2975256443024	37436	6.7828685258964185	
-262526.48415845557	112.8125	9.525	150.3875	94.9625	-6.073067465250724	502	230	161	14	290	178	67	8	92	59	0	0	1.3999528884887695	40240	744.6974785327911	37510	6.784294234592451	
-362534.9020744335	111.925	9.544303797468354	146.59493670886076	92.77215189873418	-6.073067465250724	503	231	203	17.0	243.0	152.0	20	7.0	82.0	53.0	0	0	1.3944053649902344	40320	746.0918838977814	37585	6.7832341269841265	
-162533.26370161405	114.6375	9.35	147.35	92.825	-6.073067465250724	504	231	203	13	459	277	88	8	82	53	0	0	1.497621774673462	40400	747.5895056724548	37660	6.78217821782178	
-200034.48372443655	112.7625	9.2125	143.5875	90.7125	-6.073067465250724	505	231	159	13	459	277	69	8	94	61	0	0	1.4807319641113281	40480	749.0702376365662	37735	6.781126482213438	
-287524.1031767329	112.15	9.2625	143.0375	90.4625	-6.073067465250724	506	231	175	15	310	196	53	8	80	52	0	0	1.3888251781463623	40560	750.4590628147125	37809	6.782544378698233	
-250036.18886701827	113.8625	9.1625	141.3125	89.2	-6.073067465250724	507	231	186	14	258	159	35	8	95	61	0	0	1.4633381366729736	40640	751.9224009513855	37885	6.779035433070874	
-225033.13770286986	110.6375	9.367088607594937	145.15189873417722	91.55696202531645	-6.073067465250724	508	232	153	14.0	361.0	219.0	11	8.0	87.0	56.0	0	0	1.3840315341949463	40720	753.3064324855804	37959	6.780451866404718	
-312541.73083683715	113.8125	8.9875	135.95	86.0375	-6.073067465250724	509	232	146	14	232	143	71	8	95	61	0	0	1.5351240634918213	40800	754.8415565490723	38034	6.779411764705884	
-350027.0719276463	115.375	9.253164556962025	140.8227848101266	89.0379746835443	-6.073067465250724	510	233	183	12.0	234.0	143.0	45	8.0	87.0	56.0	0	0	1.9175481796264648	40880	756.7591047286987	38108	6.780821917808225	
-262523.01373077615	114.9625	9.379746835443038	143.69620253164558	90.92405063291139	-6.073067465250724	511	234	200	12.0	290.0	178.0	46	8.0	82.0	53.0	0	0	1.7632713317871094	40960	758.5223760604858	38183	6.77978515625	
-325025.31911052845	116.7875	9.5	145.55	92.0375	-6.073067465250724	512	234	165	13	259	158	63	8	103	66	0	0	1.389683723449707	41040	759.9120597839355	38259	6.776315789473685	
-337543.0816817144	119.4125	9.1125	138.7125	87.7625	-6.073067465250724	513	234	156	13	278	175	72	7	82	53	0	0	1.3856849670410156	41120	761.2977447509766	38335	6.772859922178981	
-262530.01638978877	116.75	9.55	149.6625	94.3625	-6.073067465250724	514	234	182	15	285	173	46	8	93	60	0	0	1.5077693462371826	41200	762.8055140972137	38411	6.7694174757281615	
-225034.40199649753	119.8125	9.3625	152.375	95.8875	-6.073067465250724	515	234	244	14	482	292	52	8	93	60	0	0	1.5156395435333252	41280	764.3211536407471	38485	6.770833333333343	
-337536.8941469515	116.0625	9.5125	151.7875	95.65	-6.073067465250724	516	234	144	13	299	185	84	8	87	56	0	0	1.473332405090332	41360	765.7944860458374	38560	6.769825918762081	
-362542.81700633804	114.725	9.468354430379748	146.8227848101266	92.70886075949367	-6.073067465250724	517	235	206	13.0	262.0	160.0	32	8.0	90.0	58.0	0	0	1.623487949371338	41440	767.4179739952087	38635	6.76882239382239	
-300033.9260666849	111.775	9.35	143.5	90.85	-6.073067465250724	518	235	158	14	273	167	68	8	87	56	0	0	1.5079054832458496	41520	768.9258794784546	38711	6.765414258188827	
-300042.5149529691	112.9	9.475	147.8375	93.35	-6.073067465250724	519	235	166	14	246	159	46	8	90	58	0	0	1.4623253345489502	41600	770.3882048130035	38787	6.762019230769241	
-250025.24792047348	114.175	9.55	149.6125	94.3625	-6.073067465250724	520	235	170	13	248	155	69	8	79	51	0	0	1.444929838180542	41680	771.8331346511841	38861	6.763435700575812	
-287530.29790508386	113.7625	9.6875	157.8125	99.25	-6.073067465250724	521	235	177	14	341	208	51	8	95	61	0	0	1.5575742721557617	41760	773.3907089233398	38937	6.760057471264375	
-275029.61493566434	114.25	9.6	153.1375	96.575	-6.073067465250724	522	235	172	15	309	187	66	8	88	57	0	0	1.396228313446045	41840	774.7869372367859	39011	6.7614722753346115	
-275028.6143486832	115.175	9.7625	156.5875	98.725	-6.073067465250724	523	235	182	13	287	178	53	8	95	61	0	0	1.4479992389678955	41920	776.2349364757538	39087	6.758110687022906	
-387541.72454692726	115.3125	9.443037974683545	147.9367088607595	93.46835443037975	-6.073067465250724	524	236	178	13.0	271.0	171.0	38	8.0	90.0	58.0	0	0	1.506120204925537	42000	777.7410566806793	39162	6.757142857142867	
-250028.67494626893	120.6125	9.2875	144.85	91.55	-6.073067465250724	525	236	169	13	269	168	67	8	82	53	0	0	1.4185872077941895	42080	779.1596438884735	39237	6.756178707224336	
-312538.17696418404	127.7625	9.1625	140.1875	88.5875	-6.073067465250724	526	236	206	16	292	180	53	8	98	63	0	0	1.4156310558319092	42160	780.5752749443054	39313	6.752846299810244	
-362521.57381041057	122.8375	9.291139240506329	146.53164556962025	92.40506329113924	-6.073067465250724	527	237	237	14.0	271.0	171.0	22	8.0	90.0	58.0	0	0	1.4657204151153564	42240	782.0409953594208	39388	6.751893939393938	
-275033.90883621835	120.25	9.10126582278481	142.31645569620252	89.92405063291139	-6.073067465250724	528	238	171	13.0	308.0	194.0	81	8.0	87.0	56.0	0	0	1.4238717555999756	42320	783.4648671150208	39463	6.7509451795841215	
-387523.7273122347	121.775	9.2875	146.1875	92.3	-6.073067465250724	529	238	209	12	246	154	65	8	87	56	0	0	1.4514873027801514	42400	784.9163544178009	39539	6.7476415094339615	
-387519.64275269414	115.825	9.175	143.3875	90.6	-6.073067465250724	530	238	182	14	337	208	46	7	82	53	0	0	1.3965449333190918	42480	786.31289935112	39614	6.74670433145009	
-200029.3336666102	111.8	9.341772151898734	151.37974683544303	95.51898734177215	-6.073067465250724	531	239	165	17.0	302.0	196.0	63	8.0	92.0	59.0	0	0	1.8555574417114258	42560	788.1684567928314	39688	6.748120300751879	
-325037.10721662024	112.2375	9.594936708860759	155.51898734177215	97.9746835443038	-6.073067465250724	532	240	161	15.0	435.0	263.0	34	8.0	87.0	56.0	0	0	1.966942548751831	42640	790.1353993415833	39762	6.7495309568480195	
-300024.0326606065	112.9	9.675	151.6625	95.675	-6.073067465250724	533	240	163	16	305	191	65	8	92	59	0	0	1.5340778827667236	42720	791.66947722435	39838	6.74625468164794	
-237532.54997503702	112.525	9.620253164556962	151.83544303797467	95.86075949367088	-6.073067465250724	534	241	163	14.0	307.0	194.0	65	8.0	96.0	62.0	0	0	1.3867747783660889	42800	793.0562520027161	39912	6.747663551401871	
-362530.1835709742	114.7625	9.164556962025317	143.79746835443038	90.79746835443038	-6.073067465250724	535	242	154	12.0	242.0	149.0	74	8.0	93.0	60.0	0	0	1.366236686706543	42880	794.4224886894226	39987	6.746735074626869	
-350029.91240381764	113.7375	9.6125	154.65	97.4125	-6.073067465250724	536	242	168	12	253	157	60	8	93	60	0	0	1.464266300201416	42960	795.886754989624	40063	6.743482309124772	
-225041.83195242696	114.7875	9.3625	146.175	92.3125	-6.073067465250724	537	242	141	13	269	168	87	8	87	56	0	0	1.3574259281158447	43040	797.2441809177399	40138	6.7425650557620855	
-262526.1539931012	114.6125	9.2375	144.7875	91.2125	-6.073067465250724	538	242	177	13	243	149	51	8	87	56	0	0	1.371978521347046	43120	798.6161594390869	40213	6.741651205936918	
-262536.45990430535	114.45	9.475	146.7625	92.5375	-6.073067465250724	539	242	135	13	267	163	93	8	99	64	0	0	1.4043395519256592	43200	800.0204989910126	40289	6.738425925925924	
-312534.76836772135	114.7875	9.64935064935065	151.23376623376623	95.44155844155844	-6.073067465250724	540	245	198	16.0	315.0	191.0	30	8.0	95.0	61.0	0	0	1.3675317764282227	43280	801.3880307674408	40360	6.746765249537887	
-287535.8154195176	117.0375	9.708860759493671	156.91139240506328	98.86075949367088	-6.073067465250724	541	246	216	17.0	459.0	277.0	57	8.0	88.0	57.0	0	0	1.537468671798706	43360	802.9254994392395	40435	6.745848708487088	
-275033.4177011138	117.5875	9.6375	152.9125	96.325	-6.073067465250724	542	246	177	13	288	175	51	8	88	57	0	0	1.476957082748413	43440	804.4024565219879	40511	6.742633517495406	
-287530.1227328948	118.5375	9.575	154.1	96.7875	-6.073067465250724	543	246	170	13	264	162	68	8	90	58	0	0	1.5672197341918945	43520	805.9696762561798	40586	6.741727941176464	
-275019.7291848477	121.0	9.569620253164556	155.63291139240508	97.81012658227849	-6.073067465250724	544	247	204	14.0	259.0	165.0	13	8.0	93.0	60.0	0	0	1.4278764724731445	43600	807.397552728653	40661	6.740825688073386	
-312514.5468403809	117.475	9.3625	152.0	95.7	-6.073067465250724	545	247	167	13	269	171	61	8	90	58	0	0	1.5233449935913086	43680	808.9208977222443	40736	6.739926739926744	
-300040.0821371322	115.175	9.26923076923077	149.05128205128204	94.15384615384616	-6.072699352941883	546	249	204	14.0	326.0	205.0	27	8.0	90.0	58.0	0	0	1.420220136642456	43760	810.3411178588867	40809	6.743601462522847	
-312535.7010456218	114.3	9.4125	148.0125	93.4375	-6.072699352941883	547	249	173	15	294	185	59	8	82	53	0	0	1.3489265441894531	43840	811.6900444030762	40884	6.742700729927009	
-262548.6485771175	115.7875	9.2875	149.0875	93.975	-6.072699352941883	548	249	200	14	297	182	28	8	82	53	0	0	1.4881653785705566	43920	813.1782097816467	40959	6.741803278688536	
-250036.53560995954	118.6125	9.20253164556962	142.1772151898734	89.74683544303798	-6.072699352941883	549	250	180	15.0	243.0	149.0	58	8.0	82.0	53.0	0	0	1.383446455001831	44000	814.5616562366486	41034	6.740909090909085	
-337525.6842377546	114.825	9.4625	150.2875	94.975	-6.072699352941883	550	250	174	15	251	157	54	8	82	53	0	0	1.4772896766662598	44080	816.0389459133148	41110	6.737749546279488	
-200045.1876060259	114.125	9.5625	152.675	96.2125	-6.072699352941883	551	250	194	13	269	172	36	8	100	64	0	0	1.3946924209594727	44160	817.4336383342743	41186	6.73460144927536	
-412530.26834980736	115.7625	9.6125	149.9375	94.65	-6.072699352941883	552	250	194	15	260	162	66	8	87	56	0	0	1.4451303482055664	44240	818.8787686824799	41262	6.731464737793843	
-275032.19801090413	116.85	9.60759493670886	152.16455696202533	95.88607594936708	-6.072699352941883	553	251	164	14.0	304.0	187.0	66	8.0	95.0	61.0	0	0	1.7133312225341797	44320	820.592099905014	41337	6.730595667870034	
-287551.41404961614	118.85	9.4375	147.975	93.3625	-6.072699352941883	554	251	164	15	243	149	69	8	82	53	0	0	1.781843900680542	44400	822.3739438056946	41412	6.729729729729726	
-437536.0603871468	115.3625	9.544303797468354	150.70886075949366	94.86075949367088	-6.072699352941883	555	252	179	15.0	319.0	196.0	49	8.0	83.0	54.0	0	0	1.7870683670043945	44480	824.161012172699	41487	6.7288669064748206	
-325047.7288851306	121.075	9.987341772151899	159.0126582278481	100.40506329113924	-6.072699352941883	556	253	177	15.0	310.0	191.0	62	8.0	92.0	59.0	0	0	1.5384559631347656	44560	825.6994681358337	41562	6.72800718132855	
-300035.93579067755	119.65	9.6625	151.3625	95.425	-6.072699352941883	557	253	177	13	243	149	81	8	90	58	0	0	1.5819110870361328	44640	827.2813792228699	41638	6.724910394265237	
-312529.22643202986	118.7875	9.848101265822784	159.9493670886076	100.78481012658227	-6.072699352941883	558	254	246	14.0	435.0	263.0	45	8.0	100.0	64.0	0	0	1.4155383110046387	44720	828.6969175338745	41713	6.724060822898039	
-275022.1596346857	120.125	9.4375	148.25	93.6125	-6.072699352941883	559	254	247	13	275	170	58	8	95	61	0	0	1.446791410446167	44800	830.1437089443207	41789	6.720982142857139	
-325037.9645314848	112.6375	9.9375	160.15	100.825	-6.072699352941883	560	254	165	15	260	160	63	8	90	58	0	0	1.4673690795898438	44880	831.6110780239105	41865	6.717914438502675	
-225049.885600337	113.8	9.5625	153.25	96.425	-6.072699352941883	561	254	153	18	280	178	75	8	90	58	0	0	1.5133881568908691	44960	833.1244661808014	41941	6.714857651245552	
-350019.0830600628	114.35	9.4375	149.6	94.375	-6.072699352941883	562	254	152	13	313	193	80	8	90	58	0	0	1.471942663192749	45040	834.5964088439941	42017	6.7118117229129695	
-262533.20012284967	114.375	9.4625	140.5375	89.05	-6.072699352941883	563	254	154	14	282	172	74	8	92	59	0	0	1.391930103302002	45120	835.9883389472961	42093	6.7087765957446805	
-287535.9649837188	115.3	9.5	142.075	90.0375	-6.072699352941883	564	254	171	15	258	160	68	8	87	56	0	0	1.4083998203277588	45200	837.3967387676239	42167	6.710176991150433	
-337522.4604294288	115.025	9.45	144.625	91.625	-6.072699352941883	565	254	175	14	256	161	53	8	85	55	0	0	1.3759400844573975	45280	838.7726788520813	42242	6.709363957597176	
-350024.7029819686	114.6	9.3125	147.025	92.8875	-6.072699352941883	566	254	156	13	312	191	72	8	93	60	0	0	1.4180848598480225	45360	840.1907637119293	42318	6.706349206349202	
-275038.967757056	114.0	9.4625	147.0125	92.875	-6.072436621474571	567	254	143	13	243	149	85	8	99	64	0	0	1.3949048519134521	45440	841.5856685638428	42394	6.703345070422543	
-387531.76816624834	113.35	9.9625	155.1	98.025	-6.072436621474571	568	254	177	15	266	163	51	8	99	64	0	0	1.4908838272094727	45520	843.0765523910522	42470	6.700351493848856	
-262535.8581777242	116.8125	9.873417721518987	159.53164556962025	100.64556962025317	-6.072436621474571	569	255	190	17.0	319.0	206.0	55	8.0	99.0	64.0	0	0	1.5503697395324707	45600	844.6269221305847	42544	6.701754385964904	
-300037.91965202487	118.8625	9.35	146.7125	92.325	-6.072436621474571	570	255	190	14	306	187	66	8	82	53	0	0	1.4232072830200195	45680	846.0501294136047	42620	6.698774080560426	
-200036.29113751138	120.25	9.5	147.775	93.3	-6.072436621474571	571	255	193	14	243	149	83	8	93	60	0	0	1.436483383178711	45760	847.4866127967834	42695	6.697989510489506	
-300036.3322449629	113.425	9.7	154.3	97.375	-6.072436621474571	572	255	162	13	274	171	63	8	93	60	0	0	1.4851317405700684	45840	848.9717445373535	42770	6.697207678883075	
-275014.8495453525	113.8875	9.525	146.4125	92.35	-6.072436621474571	573	255	170	13	265	163	46	8	95	61	0	0	1.4338173866271973	45920	850.4055619239807	42845	6.696428571428569	
-212534.50519496374	113.975	9.594936708860759	154.84810126582278	97.49367088607595	-6.072436621474571	574	256	168	15.0	299.0	182.0	54	8.0	82.0	53.0	0	0	1.4474999904632568	46000	851.853061914444	42920	6.695652173913047	
-312533.04667446064	114.4625	9.6125	147.375	93.0875	-6.072436621474571	575	256	162	14	292	180	58	8	95	61	0	0	1.6369407176971436	46080	853.4900026321411	42995	6.694878472222214	
-362533.80228109425	113.5625	9.65	152.7125	96.3	-6.072436621474571	576	256	172	14	291	182	56	8	95	61	0	0	1.888885736465454	46160	855.3788883686066	43070	6.6941074523396935	
-337541.58380338567	114.225	9.3625	147.525	93.325	-6.072436621474571	577	256	177	15	271	171	51	8	88	57	0	0	1.8034186363220215	46240	857.1823070049286	43145	6.693339100346023	
-287541.71996502863	113.65	9.6375	156.4	98.4	-6.072436621474571	578	256	165	15	341	208	50	8	88	57	0	0	1.5049841403961182	46320	858.6872911453247	43220	6.692573402417963	
-262531.3584187522	112.8	9.625	150.225	94.875	-6.072436621474571	579	256	177	14	278	173	51	8	95	61	0	0	1.4633402824401855	46400	860.1506314277649	43296	6.689655172413794	
-300041.15294816304	113.125	9.5	145.325	91.85	-6.06713572904678	580	256	164	14	304	185	59	8	88	57	0	0	1.3960762023925781	46480	861.5467076301575	43372	6.686746987951807	
-350037.56575836876	113.45	9.666666666666666	149.5	94.33333333333333	-6.06713572904678	581	258	223	16.0	300.0	183.0	31	8.0	92.0	59.0	0	0	1.443835735321045	46560	862.9905433654785	43446	6.6881443298969	
-300041.6696461508	118.5	9.7375	148.4625	93.85	-6.06713572904678	582	258	155	14	305	186	82	8	92	59	0	0	1.4742827415466309	46640	864.4648261070251	43522	6.6852487135505925	
-237531.7683345916	117.825	9.7875	155.4	97.925	-6.06713572904678	583	258	155	16	347	217	80	8	95	61	0	0	1.4904143810272217	46720	865.9552404880524	43598	6.682363013698634	
-437519.90984153067	114.875	9.7625	156.0	98.475	-6.06713572904678	584	258	160	15	475	293	80	8	92	59	0	0	1.4437706470489502	46800	867.3990111351013	43674	6.679487179487182	
-225045.22515741727	115.025	9.6125	148.95	94.0875	-6.06713572904678	585	258	169	15	258	157	59	8	92	59	0	0	1.532303810119629	46880	868.931314945221	43750	6.676621160409553	
-375023.2691622342	112.875	9.6	146.5	92.6875	-6.06713572904678	586	258	163	16	260	168	59	8	90	58	0	0	1.3713819980621338	46960	870.3026969432831	43824	6.678023850085182	
-237534.27838769183	113.2375	9.4375	147.35	93.1875	-6.06713572904678	587	258	150	15	303	190	59	8	87	56	0	0	1.4624459743499756	47040	871.765142917633	43900	6.675170068027214	
-387519.78097762004	113.4375	9.85	150.4375	95.35	-6.06713572904678	588	258	147	15	271	171	75	8	98	63	0	0	1.4598586559295654	47120	873.2250015735626	43976	6.672325976230894	
-250044.83062235368	114.1125	9.85	152.3	96.3875	-6.06713572904678	589	258	159	15	254	163	69	8	100	64	0	0	1.4867560863494873	47200	874.7117576599121	44050	6.673728813559322	
-287549.65187378443	113.4375	9.6125	151.9375	95.725	-6.06713572904678	590	258	138	16	335	209	81	8	95	61	0	0	1.4433836936950684	47280	876.1551413536072	44126	6.670896785109974	
-362524.6123883332	114.0375	9.9	154.6125	97.875	-6.06713572904678	591	258	160	18	331	203	68	8	82	53	0	0	1.4365670680999756	47360	877.5917084217072	44200	6.672297297297305	
-250042.30622558776	113.675	9.7875	153.9375	97.375	-6.06713572904678	592	258	179	16	338	205	49	8	90	58	0	0	1.5403876304626465	47440	879.1320960521698	44276	6.6694772344013415	
-287531.04169949534	115.0	9.525	146.7	92.925	-6.06713572904678	593	258	168	15	315	191	60	8	92	59	0	0	1.415480613708496	47520	880.5475766658783	44350	6.670875420875419	
-325026.69923496305	115.825	9.705128205128204	152.71794871794873	96.56410256410257	-6.06713572904678	594	260	233	14.0	300.0	183.0	33	8.0	92.0	59.0	0	0	1.3728957176208496	47600	881.9204723834991	44424	6.672268907563023	
-250034.37694747857	118.525	9.759493670886076	153.18987341772151	96.64556962025317	-6.06713572904678	595	261	233	16.0	363.0	222.0	46	8.0	87.0	56.0	0	0	1.41017484664917	47680	883.3306472301483	44499	6.6715604026845625	
-375024.73424795567	113.375	10.2375	162.5625	102.6625	-6.06713572904678	596	261	175	16	346	221	53	8	100	64	0	0	1.5393779277801514	47760	884.8700251579285	44575	6.66876046901173	
-387524.2402763286	114.1125	9.708860759493671	162.45569620253164	102.40506329113924	-6.06713572904678	597	262	167	14.0	274.0	171.0	61	8.0	92.0	59.0	0	0	1.8125407695770264	47840	886.6825659275055	44650	6.668060200668904	
-325019.20600417774	114.05	10.0	161.1772151898734	101.83544303797468	-6.06713572904678	598	263	181	16.0	431.0	263.0	47	8.0	108.0	70.0	0	0	1.8684914112091064	47920	888.5510573387146	44725	6.667362270450752	
-300041.8079131989	114.05	9.794871794871796	156.43589743589743	98.82051282051282	-6.06713572904678	599	265	165	15.0	290.0	176.0	63	8.0	82.0	53.0	0	0	1.6916887760162354	48000	890.2427461147308	44799	6.668750000000003	
-312520.4407126993	115.4375	9.658227848101266	146.29113924050634	92.60759493670886	-6.06713572904678	600	266	166	14.0	274.0	171.0	53	8.0	79.0	51.0	0	0	1.437373399734497	48080	891.6801195144653	44872	6.672212978369387	
-287534.325167118	114.0	9.807692307692308	150.21794871794873	95.05128205128206	-6.06713572904678	601	268	174	15.0	285.0	178.0	54	8.0	87.0	56.0	0	0	1.4372522830963135	48160	893.1173717975616	44946	6.673588039867113	
-337529.05034059996	113.9625	9.632911392405063	152.25316455696202	96.0253164556962	-6.06713572904678	602	269	200	15.0	261.0	167.0	28	8.0	95.0	61.0	0	0	1.4678046703338623	48240	894.5851764678955	45021	6.672885572139307	
-287532.58842239215	112.7375	9.784810126582279	160.7594936708861	101.48101265822785	-6.06713572904678	603	270	211	17.0	292.0	181.0	17	8.0	95.0	61.0	0	0	1.4390513896942139	48320	896.0242278575897	45096	6.672185430463571	
-200041.82510394524	114.8375	9.6	157.25	99.0375	-6.06713572904678	604	270	152	15	293	183	76	8	82	53	0	0	1.5399794578552246	48400	897.564207315445	45172	6.669421487603316	
-312521.27394435124	114.525	9.7125	153.3375	96.8125	-6.06713572904678	605	270	190	15	312	191	38	8	92	59	0	0	1.5217092037200928	48480	899.085916519165	45247	6.6687293729372925	
-300032.2532511658	115.625	9.822784810126583	158.62025316455697	100.25316455696202	-6.06713572904678	606	271	190	13.0	312.0	191.0	53	8.0	93.0	60.0	0	0	1.548874855041504	48560	900.6347913742065	45322	6.668039538714993	
-325018.75590969884	118.3125	9.721518987341772	150.0253164556962	94.82278481012658	-6.06713572904678	607	272	190	15.0	291.0	177.0	41	8.0	103.0	66.0	0	0	1.4893040657043457	48640	902.1240954399109	45396	6.66940789473685	
-350035.57120489696	113.625	9.475	151.125	95.425	-6.06713572904678	608	272	201	13	291	177	46	8	82	53	0	0	1.422724962234497	48720	903.5468204021454	45471	6.668719211822662	
-325026.4849441127	114.075	9.897435897435898	155.37179487179486	98.3076923076923	-6.06713572904678	609	274	166	19.0	392.0	245.0	66	8.0	87.0	56.0	0	0	1.4505362510681152	48800	904.9973566532135	45545	6.670081967213122	
-312544.393087447	114.85	9.375	149.2	94.15	-6.06713572904678	610	274	187	15	328	208	41	8	87	56	0	0	1.4635634422302246	48880	906.4609200954437	45620	6.669394435351876	
-225032.56798165766	116.825	9.55	154.35	97.3375	-6.06713572904678	611	274	198	14	293	185	78	8	93	60	0	0	1.6799020767211914	48960	908.1408221721649	45696	6.666666666666671	
-312527.5450918229	124.9125	9.556962025316455	152.0126582278481	95.68354430379746	-6.06713572904678	612	275	198	14.0	366.0	221.0	58	8.0	83.0	54.0	0	0	1.561030387878418	49040	909.7018525600433	45771	6.6659869494290405	
-300037.8556719538	128.225	9.8125	159.725	100.6625	-6.06713572904678	613	275	172	14	275	167	63	8	83	54	0	0	1.5178067684173584	49120	911.2196593284607	45846	6.665309446254071	
-375025.76847663056	130.65	9.8625	154.8	97.8125	-6.06713572904678	614	275	167	16	312	196	77	7	74	48	0	0	1.4932737350463867	49200	912.7129330635071	45920	6.666666666666671	
-300022.77858745726	128.3125	10.175	157.55	99.825	-6.06713572904678	615	275	167	15	287	181	81	8	90	58	0	0	1.581369400024414	49280	914.2943024635315	45996	6.663961038961048	
-325021.86312363547	127.25	10.1	152.0375	96.425	-6.06713572904678	616	275	186	18	341	208	45	8	87	56	0	0	1.5733604431152344	49360	915.8676629066467	46072	6.661264181523492	
-325018.78771779186	123.85	10.08860759493671	156.51898734177215	99.0126582278481	-6.06713572904678	617	276	186	14.0	304.0	191.0	42	7.0	74.0	48.0	0	0	1.7993860244750977	49440	917.6670489311218	46147	6.660598705501613	
-375016.445820117	122.825	10.0125	166.3	104.575	-6.06713572904678	618	276	196	17	414	249	83	7	74	48	0	0	2.0663740634918213	49520	919.7334229946136	46222	6.659935379644594	
-225023.01528021888	118.425	9.7125	154.05	97.2125	-6.06713572904678	619	276	234	16	423	261	47	7	74	48	0	0	1.7248191833496094	49600	921.4582421779633	46296	6.661290322580655	
-275025.5658350841	113.8875	9.708860759493671	150.53164556962025	94.9746835443038	-6.06713572904678	620	277	177	17.0	421.0	260.0	68	8.0	92.0	59.0	0	0	1.398472785949707	49680	922.856714963913	46369	6.664653784218999	
-275021.11395091977	111.475	9.875	159.9625	100.9375	-6.06713572904678	621	277	164	14	309	194	46	8	87	56	0	0	1.4635589122772217	49760	924.3202738761902	46444	6.663987138263664	
-275032.108801048	115.5625	9.6125	147.1	93.025	-6.06713572904678	622	277	192	16	295	181	86	8	82	53	0	0	1.4294092655181885	49840	925.7496831417084	46519	6.663322632423757	
-337529.1499580522	115.775	9.962025316455696	156.81012658227849	98.9113924050633	-6.06713572904678	623	278	205	15.0	266.0	163.0	23	8.0	88.0	57.0	0	0	1.4587080478668213	49920	927.2083911895752	46594	6.662660256410263	
-312531.56240936473	119.4	10.038461538461538	164.56410256410257	103.55128205128206	-6.06713572904678	624	280	205	16.0	361.0	219.0	46	8.0	95.0	61.0	0	0	1.5393424034118652	50000	928.7477335929871	46668	6.6640000000000015	
-325037.8141957014	114.4875	10.025316455696203	164.34177215189874	103.65822784810126	-6.06713572904678	625	281	164	16.0	325.0	204.0	63	8.0	104.0	67.0	0	0	1.5095372200012207	50080	930.2572708129883	46742	6.665335463258785	
-225033.54296822782	113.7875	9.620253164556962	152.1772151898734	96.0886075949367	-6.06713572904678	626	282	181	13.0	260.0	165.0	47	8.0	88.0	57.0	0	0	1.559041976928711	50160	931.816312789917	46817	6.664673046251991	
-275041.21557501965	114.425	9.6875	153.4	96.6	-6.06713572904678	627	282	180	14	306	187	48	8	87	56	0	0	1.5076563358306885	50240	933.3239691257477	46893	6.662022292993626	
-300037.39304312586	113.8625	9.871794871794872	158.56410256410257	99.7948717948718	-6.06713572904678	628	284	182	15.0	280.0	170.0	46	8.0	82.0	53.0	0	0	1.5168540477752686	50320	934.840823173523	46966	6.665341812400641	
-300025.8245123645	115.3625	9.5125	149.2125	94.325	-6.06713572904678	629	284	181	13	287	175	47	8	95	61	0	0	1.5384013652801514	50400	936.3792245388031	47042	6.662698412698404	
-312531.79035766114	114.8375	9.7625	157.1625	99.025	-6.06713572904678	630	284	181	14	301	185	67	8	87	56	0	0	1.501302719116211	50480	937.8805272579193	47117	6.662044374009511	
-300031.6958216442	116.2375	9.625	150.3375	95.0	-6.06713572904678	631	284	220	14	243	149	38	8	99	64	0	0	1.4464120864868164	50560	939.3269393444061	47193	6.659414556962034	
-387522.6499507198	112.45	9.512820512820513	147.24358974358975	93.11538461538461	-6.06713572904678	632	286	180	13.0	293.0	185.0	48	8.0	92.0	59.0	0	0	1.3821475505828857	50640	940.709086894989	47264	6.666666666666671	
-337540.91723092494	114.1375	9.564102564102564	151.05128205128204	95.34615384615384	-6.06713572904678	633	288	215	17.0	382.0	230.0	13	8.0	93.0	60.0	0	0	1.4470922946929932	50720	942.156179189682	47337	6.669952681388011	
-300032.73693692003	118.9875	9.65	157.6875	99.4125	-6.06713572904678	634	288	215	17	382	230	38	8	96	62	0	0	1.4925193786621094	50800	943.6486985683441	47411	6.671259842519689	
-337525.78108106146	123.075	9.85	154.6625	97.725	-6.06713572904678	635	288	196	17	351	211	65	8	82	53	0	0	1.388089895248413	50880	945.0367884635925	47482	6.678459119496864	
-362518.63960047613	123.1125	9.658227848101266	145.70886075949366	92.29113924050633	-6.06713572904678	636	289	195	14.0	321.0	200.0	30	8.0	82.0	53.0	0	0	1.482203722000122	50960	946.5189921855927	47557	6.67778649921506	
-387522.8361712183	124.7375	9.64102564102564	153.83333333333334	97.01282051282051	-6.06713572904678	637	291	209	13.0	297.0	182.0	51	8.0	82.0	53.0	0	0	1.5622742176055908	51040	948.0812664031982	47630	6.681034482758619	
-275033.66460270935	119.15	9.8875	157.2875	99.4125	-6.06713572904678	638	291	219	16	456	277	39	8	82	53	0	0	1.7494025230407715	51120	949.830668926239	47704	6.682316118935844	
-375026.37587201304	121.8375	9.518987341772151	148.0506329113924	93.54430379746836	-6.06713572904678	639	292	219	13.0	246.0	153.0	60	8.0	82.0	53.0	0	0	1.8174192905426025	51200	951.6480882167816	47778	6.68359375	
-287530.4681294503	115.95	9.675	151.4125	95.525	-6.06713572904678	640	292	189	15	267	166	76	8	87	56	0	0	1.7035200595855713	51280	953.3516082763672	47854	6.680967238689547	
-400043.85476051935	115.75	9.575	156.0875	98.5	-6.06713572904678	641	292	189	15	292	179	65	8	87	56	0	0	1.5582811832427979	51360	954.90988945961	47929	6.680295950155767	
-350029.25000547443	121.525	9.825	157.8875	99.525	-6.06713572904678	642	292	235	14	330	204	63	8	87	56	0	0	1.5785880088806152	51440	956.4884774684906	48005	6.677682737169519	
-300030.41385402664	116.375	9.721518987341772	158.2405063291139	99.75949367088607	-6.06713572904678	643	293	197	15.0	370.0	227.0	68	8.0	82.0	53.0	0	0	1.6257264614105225	51520	958.1142039299011	48080	6.677018633540371	
-337526.368203953	114.0875	10.0125	163.375	102.775	-6.06713572904678	644	293	139	14	288	178	89	8	104	67	0	0	1.677825689315796	51600	959.7920296192169	48156	6.674418604651166	
-262527.4383746802	114.7	9.45	146.425	92.55	-6.06713572904678	645	293	148	13	314	198	104	8	95	61	0	0	1.4342973232269287	51680	961.2263269424438	48232	6.671826625386998	
-287537.57339934364	114.3875	9.625	146.475	92.8	-6.06713572904678	646	293	169	14	267	163	59	8	103	66	0	0	1.4496800899505615	51760	962.6760070323944	48307	6.671174652241106	
-375028.8231856385	113.7875	10.1	154.625	98.0875	-6.06713572904678	647	293	184	16	260	165	44	8	109	70	0	0	1.550630807876587	51840	964.226637840271	48383	6.668595679012341	
-275033.13164615387	114.1375	10.1125	164.05	103.475	-6.06713572904678	648	293	161	16	384	241	67	7	82	53	0	0	1.5112388134002686	51920	965.7378766536713	48459	6.666024653312789	
-225037.70315407385	114.15	9.759493670886076	159.53164556962025	100.32911392405063	-6.06713572904678	649	294	190	15.0	348.0	214.0	38	8.0	96.0	62.0	0	0	1.5399060249328613	52000	967.2777826786041	48533	6.667307692307688	
-300033.8324619113	117.65	9.625	149.75	94.5	-6.06713572904678	650	294	215	14	298	182	34	8	82	53	0	0	1.563584804534912	52080	968.841367483139	48608	6.666666666666671	
-200040.28802228742	120.425	9.487179487179487	150.12820512820514	94.7051282051282	-6.06713572904678	651	296	273	16.0	274.0	168.0	31	8.0	79.0	51.0	0	0	1.415360927581787	52160	970.2567284107208	48682	6.667944785276063	
-325029.3680837214	122.1	9.405063291139241	141.59493670886076	89.89873417721519	-6.06713572904678	652	297	213	12.0	260.0	165.0	36	8.0	103.0	66.0	0	0	1.4203612804412842	52240	971.6770896911621	48757	6.66730474732006	
-275026.1688600156	115.5125	9.5125	146.0625	92.525	-6.06713572904678	653	297	187	15	247	153	41	8	82	53	0	0	1.4346156120300293	52320	973.1117053031921	48832	6.666666666666671	
-262537.62575827085	115.7	9.9375	161.375	101.8	-6.06713572904678	654	297	165	16	356	216	80	8	87	56	0	0	1.5476007461547852	52400	974.6593060493469	48907	6.666030534351137	
-262546.2039179051	118.8375	9.8375	156.75	99.0625	-6.06713572904678	655	297	158	15	284	177	70	8	95	62	0	0	1.4485464096069336	52480	976.1078524589539	48982	6.6653963414634205	
-287527.5617262334	123.4875	9.772151898734178	159.29113924050634	100.43037974683544	-6.06713572904678	656	298	202	13.0	347.0	216.0	53	8.0	104.0	67.0	0	0	1.4372410774230957	52560	977.545093536377	49057	6.664764079147645	
-325037.961125008	116.8375	9.69620253164557	153.22784810126583	96.77215189873418	-6.06713572904678	657	299	177	14.0	278.0	172.0	51	8.0	93.0	60.0	0	0	1.4230871200561523	52640	978.9681806564331	49131	6.666033434650458	
-225033.46644654838	116.825	9.4	144.3625	91.275	-6.06687299757947	658	299	165	13	298	185	70	8	87	56	0	0	1.5285542011260986	52720	980.4967348575592	49206	6.665402124430955	
-362519.4284169314	116.7	9.924050632911392	152.15189873417722	96.0253164556962	-6.06687299757947	659	300	202	13.0	334.0	208.0	34	8.0	90.0	58.0	0	0	1.5562372207641602	52800	982.0529720783234	49279	6.668560606060609	
-237532.47941879067	113.8375	9.875	160.875	101.1125	-6.06687299757947	660	300	155	14	306	185	69	8	87	56	0	0	1.971606969833374	52880	984.0245790481567	49355	6.666036308623305	
-400019.83629510587	115.8875	9.481012658227849	149.25316455696202	94.25316455696202	-6.06687299757947	661	301	199	13.0	289.0	179.0	11	8.0	93.0	60.0	0	0	1.8466136455535889	52960	985.8711926937103	49430	6.665407854984892	
-300021.1794840223	116.125	9.6	149.0625	94.1875	-6.06687299757947	662	301	175	14	234	143	51	8	87	56	0	0	1.3745851516723633	53040	987.2457778453827	49505	6.66478129713424	
-312531.43805114663	115.7625	9.810126582278482	153.0759493670886	96.65822784810126	-6.06687299757947	663	302	161	15.0	274.0	176.0	67	8.0	87.0	56.0	0	0	1.4744338989257812	53120	988.7202117443085	49580	6.664156626506028	
-412536.4068601338	116.8125	9.871794871794872	159.84615384615384	100.76923076923077	-6.06687299757947	664	304	187	17.0	332.0	207.0	32	7.0	82.0	53.0	0	0	1.5530672073364258	53200	990.2732789516449	49654	6.665413533834581	
-375020.955145609	115.6375	9.759493670886076	154.60759493670886	97.55696202531645	-6.06687299757947	665	305	181	14.0	313.0	193.0	47	8.0	92.0	59.0	0	0	1.5214385986328125	53280	991.7947175502777	49729	6.664789789789793	
-350026.3320741421	114.5125	9.475	145.5625	92.075	-6.06687299757947	666	305	164	15	306	188	54	8	87	56	0	0	1.4688730239868164	53360	993.2635905742645	49805	6.662293853073464	
-312524.15970698354	111.275	9.4625	147.4	93.125	-6.06687299757947	667	305	164	14	279	171	56	8	90	58	0	0	1.5206358432769775	53440	994.7842264175415	49881	6.659805389221546	
-187532.7993733492	112.675	9.7375	152.3875	96.2625	-6.06687299757947	668	305	206	15	266	164	56	8	98	63	0	0	1.5218760967254639	53520	996.306102514267	49957	6.657324364723465	
-350032.00970620045	111.7625	9.64102564102564	149.39743589743588	94.43589743589743	-6.06687299757947	669	307	184	14.0	294.0	181.0	44	8.0	95.0	61.0	0	0	1.394322156906128	53600	997.7004246711731	50030	6.660447761194035	
-275021.01502590824	113.125	9.835443037974683	156.69620253164558	98.79746835443038	-6.06687299757947	670	308	184	14.0	345.0	209.0	32	8.0	92.0	59.0	0	0	1.399355173110962	53680	999.0997798442841	50102	6.665424739195231	
-250028.74209953024	113.65	9.468354430379748	143.83544303797467	90.82278481012658	-6.06687299757947	671	309	197	12.0	224.0	137.0	31	8.0	91.0	59.0	0	0	1.3912148475646973	53760	1000.4909946918488	50176	6.666666666666671	
-225032.0994004635	114.0	9.8125	155.1375	97.825	-6.06687299757947	672	309	173	15	269	171	55	8	100	64	0	0	1.419325828552246	53840	1001.910320520401	50251	6.666047548291232	
-300037.7954949458	114.0	9.6	145.95	92.425	-6.06687299757947	673	309	123	18	297	192	105	8	98	63	0	0	1.4094953536987305	53920	1003.3198158740997	50326	6.665430267062305	
-300040.4699444644	113.5	9.3375	144.575	91.3625	-6.06687299757947	674	309	165	13	289	181	63	8	93	60	0	0	1.4257304668426514	54000	1004.7455463409424	50402	6.662962962962965	
-300027.1208198737	114.7	9.6875	153.3	96.8	-6.06687299757947	675	309	162	13	293	182	74	8	87	56	0	0	1.4635169506072998	54080	1006.2090632915497	50476	6.664201183431956	
-287551.5328816776	113.725	9.708860759493671	149.44303797468353	94.53164556962025	-6.06687299757947	676	310	179	14.0	289.0	181.0	49	8.0	92.0	59.0	0	0	1.7159411907196045	54160	1007.9250044822693	50551	6.663589364844896	
-337519.9178600016	114.525	9.7	146.475	92.725	-6.06687299757947	677	310	180	14	259	158	48	8	87	56	0	0	1.4514455795288086	54240	1009.3764500617981	50627	6.661135693215343	
-250038.06837355904	113.7	9.975	146.4875	92.8875	-6.06687299757947	678	310	181	17	311	192	53	8	87	56	0	0	1.4782989025115967	54320	1010.8547489643097	50703	6.658689248895428	
-287528.7259325448	112.7375	10.08860759493671	157.55696202531647	99.30379746835443	-6.06687299757947	679	311	148	18.0	417.0	251.0	60	8.0	100.0	64.0	0	0	1.492520809173584	54400	1012.3472697734833	50775	6.663602941176478	
-362525.9708671997	117.7125	9.8875	157.8125	99.3	-6.06687299757947	680	311	169	17	388	234	59	8	100	64	0	0	1.5355067253112793	54480	1013.8827764987946	50851	6.661160058737153	
-300032.88251987356	117.95	9.875	153.6	97.0625	-6.06687299757947	681	311	162	13	451	273	78	8	87	56	0	0	1.9173929691314697	54560	1015.800169467926	50925	6.662390029325522	
-312523.54210409214	118.625	9.575	143.1125	90.75	-6.06687299757947	682	311	183	17	451	273	54	8	85	55	0	0	1.8571007251739502	54640	1017.6572701931	51000	6.661786237188878	
-350025.3775376184	113.125	9.8875	152.1875	96.3375	-6.06687299757947	683	311	156	15	328	207	72	8	87	56	0	0	1.7413990497589111	54720	1019.3986692428589	51075	6.661184210526315	
-362520.4070257676	114.2	9.75	150.8875	95.5625	-6.06687299757947	684	311	164	15	353	217	64	8	95	61	0	0	1.4942102432250977	54800	1020.892879486084	51150	6.660583941605836	
-325022.70883095154	117.075	9.625	150.325	94.8375	-6.06687299757947	685	311	199	15	286	175	63	8	87	56	0	0	1.4646263122558594	54880	1022.3575057983398	51226	6.658163265306129	
-275042.5933439416	114.5	9.6125	152.875	96.3625	-6.06687299757947	686	311	174	13	255	157	54	8	103	66	0	0	1.4383330345153809	54960	1023.7958388328552	51301	6.657569141193591	
-312538.49852902116	115.875	9.556962025316455	146.56962025316454	92.87341772151899	-6.06687299757947	687	312	185	15.0	307.0	192.0	43	8.0	100.0	64.0	0	0	1.438148021697998	55040	1025.2339868545532	51376	6.6569767441860535	
-325024.0449691027	122.9	9.25	141.0125	89.3875	-6.06687299757947	688	312	206	13	239	151	39	8	95	61	0	0	1.4197981357574463	55120	1026.6537849903107	51451	6.656386066763417	
-262530.57713899604	118.1375	9.4375	144.5	91.4875	-6.06687299757947	689	312	252	14	272	171	36	8	95	61	0	0	1.4120829105377197	55200	1028.0658679008484	51527	6.653985507246375	
-300028.15808993287	117.425	9.354430379746836	140.59493670886076	89.27848101265823	-6.06687299757947	690	313	205	14.0	281.0	174.0	43	8.0	87.0	56.0	0	0	1.4240593910217285	55280	1029.4899272918701	51602	6.653400868306804	
-300028.9229087774	124.2125	9.7	154.5625	97.5	-6.06687299757947	691	313	222	17	286	174	54	8	92	59	0	0	1.531465768814087	55360	1031.0213930606842	51678	6.651011560693647	
-337530.1470030517	118.3375	9.525	150.75	95.0625	-6.06687299757947	692	313	223	14	435	263	57	8	87	56	0	0	1.4673004150390625	55440	1032.4886934757233	51754	6.648629148629155	
-262532.04374983953	114.5625	9.425	143.4125	90.8	-6.06687299757947	693	313	205	14	250	159	64	8	93	60	0	0	1.3947639465332031	55520	1033.8834574222565	51829	6.648054755043233	
-200034.23424445913	115.275	9.575	147.075	93.0125	-6.06687299757947	694	313	173	16	302	187	55	8	88	57	0	0	1.4384698867797852	55600	1035.3219273090363	51904	6.647482014388487	
-387517.24518477765	114.975	10.075949367088608	160.49367088607596	101.12658227848101	-6.06687299757947	695	314	204	15.0	314.0	192.0	71	8.0	95.0	61.0	0	0	1.489654302597046	55680	1036.8115816116333	51979	6.6469109195402325	
-312521.4209710631	115.95	9.925	158.3625	99.725	-6.06687299757947	696	314	146	14	281	171	86	8	87	56	0	0	1.4767448902130127	55760	1038.2883265018463	52055	6.6445480631276865	
-425028.9402487756	116.2625	10.025	161.05	101.4125	-6.06687299757947	697	314	171	15	280	170	57	8	87	56	0	0	1.4978673458099365	55840	1039.7861938476562	52130	6.643982808022912	
-262540.3753876389	114.025	10.10126582278481	159.18987341772151	100.44303797468355	-6.06687299757947	698	315	178	17.0	395.0	245.0	38	8.0	109.0	70.0	0	0	1.5082616806030273	55920	1041.2944555282593	52205	6.643419170243206	
-262542.2440797902	117.0375	10.025	157.7375	99.5125	-6.06687299757947	699	315	226	14	288	175	58	8	87	56	0	0	1.5073761940002441	56000	1042.8018317222595	52280	6.642857142857139	
-375036.6968135393	113.6	10.0125	156.3	98.6	-6.06687299757947	700	315	159	14	298	188	70	8	93	60	0	0	1.5311870574951172	56080	1044.3330187797546	52355	6.642296718972901	
-300047.0469577555	106.0125	9.632911392405063	143.37974683544303	90.87341772151899	-6.06687299757947	701	316	167	13.0	283.0	177.0	34	8.0	95.0	61.0	0	0	1.4236302375793457	56160	1045.756649017334	52430	6.64173789173789	
-350040.47877126804	107.525	9.975	160.3125	101.25	-6.06687299757947	702	316	181	15	436	263	47	8	100	64	0	0	1.4663622379302979	56240	1047.2230112552643	52504	6.642958748221901	
-375037.7867317566	110.3	9.397435897435898	143.23076923076923	90.56410256410257	-6.06687299757947	703	318	181	14.0	243.0	149.0	51	8.0	87.0	56.0	0	0	1.6684017181396484	56320	1048.891412973404	52576	6.6477272727272805	
-212535.34176636217	114.1875	9.615384615384615	152.44871794871796	96.08974358974359	-6.06687299757947	704	320	160	16.0	341.0	208.0	68	8.0	93.0	60.0	0	0	1.958808183670044	56400	1050.850221157074	52650	6.648936170212778	
-300036.2330598543	114.0875	9.69620253164557	146.41772151898735	92.73417721518987	-6.06687299757947	705	321	175	14.0	259.0	162.0	53	8.0	82.0	53.0	0	0	1.6662375926971436	56480	1052.5164587497711	52725	6.648371104815865	
-300032.47383927833	115.75	9.55	148.775	94.15	-6.06687299757947	706	321	171	15	293	185	75	8	87	56	0	0	1.3337156772613525	56560	1053.8501744270325	52798	6.65134370579915	
-287533.34315390757	115.225	9.6125	145.95	92.4625	-6.06687299757947	707	321	176	15	271	171	52	8	82	53	0	0	1.437199354171753	56640	1055.2873737812042	52872	6.652542372881356	
-250033.43239232386	114.425	9.825	165.05	103.875	-6.06687299757947	708	321	164	15	406	249	64	8	95	61	0	0	1.5498838424682617	56720	1056.8372576236725	52945	6.655500705218614	
-337532.94582987967	115.025	9.69620253164557	152.68354430379748	96.17721518987342	-6.06687299757947	709	322	190	15.0	315.0	191.0	57	8.0	87.0	56.0	0	0	1.4186646938323975	56800	1058.2559223175049	53019	6.656690140845072	
-275031.29239796044	118.95	9.8375	159.15	100.2625	-6.06687299757947	710	322	190	16	297	182	80	8	93	60	0	0	1.55625581741333	56880	1059.8121781349182	53094	6.656118143459906	
-262545.1270998231	116.8	9.39240506329114	144.70886075949366	91.53164556962025	-6.06687299757947	711	323	195	14.0	327.0	211.0	49	8.0	95.0	61.0	0	0	1.444352149963379	56960	1061.2565302848816	53168	6.657303370786522	
-387515.94199616543	114.425	9.8	155.8125	98.2	-6.06687299757947	712	323	190	16	393	239	38	8	87	56	0	0	1.5577723979949951	57040	1062.8143026828766	53243	6.656732117812055	
-425026.61049479415	113.1375	9.4125	148.3625	93.6125	-6.06687299757947	713	323	179	13	247	150	37	8	87	56	0	0	1.4899775981903076	57120	1064.304280281067	53319	6.654411764705884	
-337523.2658249681	113.5875	9.55	148.3	93.6625	-6.06687299757947	714	323	170	14	243	149	58	8	87	56	0	0	1.4225540161132812	57200	1065.7268342971802	53393	6.6555944055944	
-312525.92259674997	115.0	9.6125	150.375	95.1625	-6.06687299757947	715	323	214	13	331	203	42	8	92	59	0	0	1.5630698204040527	57280	1067.2899041175842	53469	6.653282122905026	
-337526.5581030365	115.6	9.5875	149.8375	94.5625	-6.06687299757947	716	323	235	13	251	160	57	8	93	60	0	0	1.4569745063781738	57360	1068.7468786239624	53544	6.652719665271974	
-237525.6478656611	127.15	9.4625	146.3875	92.5	-6.06687299757947	717	323	248	14	278	176	74	8	93	60	0	0	1.4579038619995117	57440	1070.204782485962	53620	6.6504178272980425	
-325029.1139004687	127.1	9.4375	149.0875	94.1125	-6.06687299757947	718	323	235	15	297	186	42	8	95	61	0	0	1.4526550769805908	57520	1071.6574375629425	53695	6.649860917941581	
-337529.4161334058	137.3	9.325	146.475	92.4625	-6.06687299757947	719	323	267	13	270	170	73	8	88	57	0	0	1.5004339218139648	57600	1073.1578714847565	53771	6.647569444444443	
-250037.03519208316	142.425	9.5	148.375	93.725	-6.06687299757947	720	323	268	15	243	155	78	8	93	60	0	0	1.4804127216339111	57680	1074.6382842063904	53847	6.645284327323168	
-237530.04847617782	144.05	9.3875	147.5625	93.0625	-6.06687299757947	721	323	235	15	247	157	63	8	93	60	0	0	1.368354320526123	57760	1076.0066385269165	53921	6.64646814404432	
-237537.18046360323	144.3125	9.341772151898734	146.68354430379748	92.74683544303798	-6.06687299757947	722	324	251	17.0	281.0	178.0	52	8.0	93.0	60.0	0	0	1.3563334941864014	57840	1077.362972021103	53994	6.649377593360995	
-300033.29827986105	143.4	9.8375	156.6375	98.8625	-6.06687299757947	723	324	251	16	335	201	89	8	87	56	0	0	1.5209131240844727	57920	1078.8838851451874	54069	6.648825966850822	
-312534.75157675426	118.1	9.45	146.85	92.775	-6.06687299757947	724	324	251	13	277	169	71	8	90	58	0	0	1.510500192642212	58000	1080.3943853378296	54145	6.646551724137922	
-312522.14713964507	114.675	9.569620253164556	147.27848101265823	93.12658227848101	-6.06687299757947	725	325	183	16.0	324.0	203.0	49	8.0	87.0	56.0	0	0	1.7980420589447021	58080	1082.1924273967743	54220	6.646005509641867	
-362533.45389607706	113.2375	9.615384615384615	146.80769230769232	92.85897435897436	-6.06687299757947	726	327	161	14.0	275.0	171.0	65	8.0	92.0	59.0	0	0	1.8440985679626465	58160	1084.036525964737	54294	6.647180192572208	
-350017.91838302324	113.7	9.6375	142.075	89.925	-6.06687299757947	727	327	174	16	286	174	54	8	88	57	0	0	1.5645627975463867	58240	1085.6010887622833	54370	6.644917582417591	
-262519.9711401559	115.125	9.675	156.25	98.4	-6.06687299757947	728	327	139	16	294	188	54	8	90	58	0	0	1.4301049709320068	58320	1087.0311937332153	54446	6.642661179698223	
-225031.63666037592	116.4	9.8625	156.725	98.775	-6.06687299757947	729	327	139	17	293	180	54	8	93	60	0	0	1.4626152515411377	58400	1088.4938089847565	54522	6.640410958904113	
-275034.8622011241	115.4125	9.9875	164.025	102.875	-6.06687299757947	730	327	170	18	243	151	58	8	93	60	0	0	1.571549892425537	58480	1090.065358877182	54598	6.638166894664849	
-312529.9840331165	114.3125	9.625	154.0875	97.0	-6.06687299757947	731	327	151	13	263	166	77	8	87	56	0	0	1.6133222579956055	58560	1091.6786811351776	54674	6.635928961748633	
-387522.2217006752	117.85	9.8	160.4125	100.6625	-6.06687299757947	732	327	188	13	337	210	40	8	93	60	0	0	1.588636875152588	58640	1093.2673180103302	54750	6.6336971350613965	
-312538.2553470897	121.6	9.725	152.475	96.05	-6.06687299757947	733	327	175	15	314	191	74	8	92	59	0	0	1.486595630645752	58720	1094.753913640976	54825	6.6331743869209845	
-300045.99669650395	116.225	9.4125	148.55	93.8375	-6.06687299757947	734	327	171	14	243	149	60	8	93	60	0	0	1.4645073413848877	58800	1096.2184209823608	54901	6.63095238095238	
-275022.0722449009	113.1875	9.525	156.5125	98.65	-6.06687299757947	735	327	174	15	327	203	54	7	82	53	0	0	1.4839293956756592	58880	1097.7023503780365	54977	6.628736413043484	
-350038.5557642854	112.85	9.8125	157.8875	99.575	-6.06687299757947	736	327	187	15	333	204	41	8	95	61	0	0	1.4782023429870605	58960	1099.1805527210236	55051	6.629918588873821	
-312531.52296300343	118.45	9.7125	147.9125	93.7625	-6.06687299757947	737	327	184	15	266	164	68	8	92	59	0	0	1.4795856475830078	59040	1100.6601383686066	55127	6.627710027100278	
-250027.1766604446	113.025	9.55	142.3125	90.225	-6.06687299757947	738	327	142	14	243	149	86	8	93	60	0	0	1.416815996170044	59120	1102.0769543647766	55202	6.6271989174560275	
-250039.79296728247	113.8125	9.325	144.4875	91.1625	-6.06687299757947	739	327	161	14	249	159	59	8	93	60	0	0	1.3456029891967773	59200	1103.4225573539734	55277	6.626689189189193	
-262537.82624863595	115.0375	9.5	151.5	95.375	-6.06687299757947	740	327	170	13	273	167	58	8	95	61	0	0	1.51688814163208	59280	1104.9394454956055	55353	6.624493927125513	
-325023.465666861	116.175	9.423076923076923	149.82051282051282	94.51282051282051	-6.06687299757947	741	329	183	15.0	257.0	160.0	45	8.0	87.0	56.0	0	0	1.430915355682373	59360	1106.3703608512878	55427	6.625673854447442	
-325032.3077246707	115.95	9.5125	154.7125	97.2625	-6.06687299757947	742	329	198	14	341	208	83	8	87	56	0	0	1.4625227451324463	59440	1107.8328835964203	55503	6.623485868102279	
-275029.06116385444	114.3375	9.582278481012658	150.43037974683546	94.87341772151899	-6.06687299757947	743	330	173	14.0	308.0	188.0	55	8.0	86.0	56.0	0	0	1.4365794658660889	59520	1109.2694630622864	55578	6.622983870967744	
-287537.28197282925	113.85	9.746835443037975	156.25316455696202	98.53164556962025	-6.06687299757947	744	331	185	16.0	312.0	191.0	43	8.0	93.0	60.0	0	0	1.530149221420288	59600	1110.7996122837067	55652	6.624161073825505	
-312537.1458847374	115.2625	9.625	148.0875	93.65	-6.06687299757947	745	331	185	17	292	187	73	8	88	57	0	0	1.5506858825683594	59680	1112.350298166275	55727	6.623659517426276	
-250035.4111105416	113.7875	9.325	142.4875	90.125	-6.06687299757947	746	331	148	15	243	149	69	7	82	53	0	0	1.414032220840454	59760	1113.7643303871155	55803	6.621485943775099	
-300022.0166417784	113.8375	9.512820512820513	147.25641025641025	93.1923076923077	-6.06687299757947	747	333	187	17.0	266.0	172.0	41	8.0	93.0	60.0	0	0	1.7713773250579834	59840	1115.5357077121735	55876	6.62433155080214	
-287530.9128457807	114.625	9.6	151.65	95.75	-6.06687299757947	748	333	178	14	392	242	54	8	93	60	0	0	1.8334553241729736	59920	1117.3691630363464	55951	6.6238317757009355	
-225025.0892610989	112.925	9.575	147.9375	93.5	-6.06687299757947	749	333	155	20	258	165	71	8	93	60	0	0	1.572629690170288	60000	1118.9417927265167	56027	6.62166666666667	
-312523.7964290394	114.0	9.625	151.6875	95.725	-6.06687299757947	750	333	183	15	409	246	45	8	87	56	0	0	1.5526793003082275	60080	1120.494472026825	56103	6.61950732356857	
-362527.8541311887	112.9875	9.397435897435898	142.55128205128204	90.3076923076923	-6.06687299757947	751	335	183	14.0	283.0	172.0	62	8.0	87.0	56.0	0	0	1.34242844581604	60160	1121.836900472641	56175	6.624002659574472	
-362520.2464445612	110.925	9.443037974683545	145.69620253164558	92.0506329113924	-6.06687299757947	752	336	173	14.0	266.0	163.0	55	8.0	100.0	64.0	0	0	1.3812055587768555	60240	1123.2181060314178	56250	6.623505976095629	
-375021.23193036893	111.4	9.5625	151.1875	95.3375	-6.06687299757947	753	336	178	14	351	216	47	8	87	56	0	0	1.4826586246490479	60320	1124.700764656067	56326	6.621352785145888	
-312542.10373499535	112.7375	9.551282051282051	150.4102564102564	94.56410256410257	-6.06687299757947	754	338	180	15.0	249.0	156.0	24	8.0	87.0	56.0	0	0	1.3813037872314453	60400	1126.0820684432983	56398	6.625827814569547	
-287535.6281310609	114.2	9.7375	153.8875	97.1125	-6.06687299757947	755	338	174	15	319	196	54	8	93	60	0	0	1.5898869037628174	60480	1127.6719553470612	56474	6.623677248677254	
-262531.01405838487	114.1125	9.4625	148.7125	93.7125	-6.06687299757947	756	338	162	13	320	194	66	8	87	56	0	0	1.4664440155029297	60560	1129.138399362564	56550	6.621532364597087	
-350023.8660733144	113.9	10.0	165.62025316455697	103.9873417721519	-6.06687299757947	757	339	170	15.0	330.0	202.0	61	8.0	98.0	63.0	0	0	1.6762800216674805	60640	1130.8146793842316	56624	6.622691292875999	
-337532.00220290624	115.05	9.645569620253164	154.21518987341773	97.22784810126582	-6.06687299757947	758	340	191	15.0	295.0	185.0	37	8.0	93.0	60.0	0	0	1.4224114418029785	60720	1132.2370908260345	56699	6.6222002635046096	
-375029.60599392874	116.775	10.012658227848101	161.08860759493672	101.51898734177215	-6.06687299757947	759	341	198	19.0	295.0	185.0	32	8.0	93.0	60.0	0	0	1.4689009189605713	60800	1133.7059917449951	56773	6.62335526315789	
-362529.2070628475	118.75	9.974358974358974	161.44871794871796	101.84615384615384	-6.06687299757947	760	343	207	15.0	402.0	241.0	35	7.0	82.0	53.0	0	0	1.5620474815368652	60880	1135.268039226532	56845	6.627792378449399	
-275037.15501549904	120.6	9.746835443037975	151.78481012658227	95.9620253164557	-6.06687299757947	761	344	224	17.0	300.0	183.0	36	8.0	95.0	61.0	0	0	1.4567387104034424	60960	1136.7247779369354	56920	6.627296587926509	
-337535.03316689486	117.075	9.9125	154.5875	97.9375	-6.06687299757947	762	344	173	19	318	204	62	8	93	60	0	0	1.470937967300415	61040	1138.1957159042358	56996	6.625163826998687	
-337543.9237801869	115.1	10.025	156.6125	99.075	-6.06687299757947	763	344	158	15	328	202	77	8	87	56	0	0	1.5024800300598145	61120	1139.6981959342957	57072	6.623036649214669	
-300041.4383424043	114.9375	10.025	159.375	100.5625	-6.06687299757947	764	344	163	16	336	206	65	8	87	56	0	0	1.448164939880371	61200	1141.146360874176	57146	6.624183006535944	
-287531.5438769848	114.7625	9.475	145.975	92.275	-6.06687299757947	765	344	169	13	264	167	59	8	87	56	0	0	1.4229109287261963	61280	1142.5692718029022	57221	6.623694516971284	
-237529.53630815222	115.6	9.481012658227849	146.40506329113924	92.62025316455696	-6.06687299757947	766	345	186	14.0	283.0	172.0	42	7.0	82.0	53.0	0	0	1.3905141353607178	61360	1143.959785938263	57295	6.6248370273793995	
-350025.99482027494	115.8875	9.50632911392405	146.49367088607596	92.53164556962025	-6.06687299757947	767	346	185	14.0	283.0	172.0	43	8.0	93.0	60.0	0	0	1.3849859237670898	61440	1145.34477186203	57370	6.624348958333343	
-312530.9444542449	118.5	9.425	148.35	93.5	-6.06687299757947	768	346	223	16	456	277	65	8	87	56	0	0	1.6150693893432617	61520	1146.9598412513733	57444	6.625487646293891	
-225032.15647243423	116.3875	9.253164556962025	143.16455696202533	90.30379746835443	-6.06687299757947	769	347	185	14.0	301.0	184.0	62	7.0	87.0	56.0	0	0	1.8944196701049805	61600	1148.8542609214783	57519	6.625	
-237533.7056109411	118.175	9.6125	155.4125	98.025	-6.06687299757947	770	347	202	14	434	263	22	8	92	59	0	0	1.983107328414917	61680	1150.8373682498932	57595	6.622892347600512	
-262531.54192137794	112.7875	9.759493670886076	156.8860759493671	98.77215189873418	-6.06687299757947	771	348	192	16.0	333.0	203.0	36	8.0	93.0	60.0	0	0	1.5832180976867676	61760	1152.42058634758	57669	6.624028497409327	
-225037.5651669319	114.725	9.8375	157.8	99.4	-6.06687299757947	772	348	259	15	326	205	36	8	95	61	0	0	1.5953948497772217	61840	1154.0159811973572	57745	6.621927554980601	
-412527.2174416185	118.025	9.8125	153.2125	96.5125	-6.06687299757947	773	348	192	16	282	171	69	8	93	60	0	0	1.4880542755126953	61920	1155.5040354728699	57820	6.621447028423773	
-187538.77360369777	114.525	9.675	157.7	98.8875	-6.06687299757947	774	348	143	15	282	171	80	8	93	60	0	0	1.5416901111602783	62000	1157.0457255840302	57896	6.6193548387096826	
-312523.00651121244	113.825	9.658227848101266	155.0	97.67088607594937	-6.06687299757947	775	349	179	13.0	354.0	218.0	49	8.0	90.0	58.0	0	0	1.4720849990844727	62080	1158.5178105831146	57970	6.620489690721655	
-300021.8054384444	112.7	9.848101265822784	161.2405063291139	101.37974683544304	-6.06687299757947	776	350	172	14.0	397.0	246.0	56	8.0	90.0	58.0	0	0	1.4929282665252686	62160	1160.01073884964	58044	6.621621621621614	
-337540.3686145871	114.475	9.50632911392405	147.81012658227849	93.21518987341773	-6.06687299757947	777	351	177	13.0	313.0	191.0	58	8.0	90.0	58.0	0	0	1.4445626735687256	62240	1161.4553015232086	58119	6.621143958868885	
-362524.1321169388	114.325	9.6	151.425	95.85	-6.06687299757947	778	351	166	15	331	205	57	8	91	59	0	0	1.5028040409088135	62320	1162.9581055641174	58193	6.622272143774069	
-375034.33450576075	117.3	9.4625	152.2	96.05	-6.06687299757947	779	351	177	14	324	200	51	8	93	60	0	0	1.5209789276123047	62400	1164.4790844917297	58269	6.620192307692307	
-337544.9901020837	117.425	9.379746835443038	154.0126582278481	96.9746835443038	-6.06687299757947	780	352	175	15.0	324.0	200.0	63	8.0	87.0	56.0	0	0	1.448652744293213	62480	1165.927737236023	58341	6.624519846350836	
-362522.5587892197	115.7375	9.9	164.0	102.9875	-6.06687299757947	781	352	175	14	317	194	70	8	93	60	0	0	1.5365204811096191	62560	1167.4642577171326	58416	6.624040920716112	
-262523.4096385829	118.9875	9.4875	148.875	93.9875	-6.06687299757947	782	352	177	15	256	156	72	8	88	57	0	0	1.4607696533203125	62640	1168.9250273704529	58492	6.621966794380583	
-325031.5303417538	117.9125	9.325	147.825	93.25	-6.06687299757947	783	352	194	13	360	219	60	8	87	56	0	0	1.5246686935424805	62720	1170.4496960639954	58568	6.619897959183675	
-325023.7414571384	119.5375	9.544303797468354	150.55696202531647	95.0	-6.06687299757947	784	353	229	16.0	317.0	194.0	33	8.0	85.0	55.0	0	0	1.4709489345550537	62800	1171.9206449985504	58643	6.619426751592357	
-350025.5467071733	117.5	9.45	144.85	91.4875	-6.06687299757947	785	353	173	14	333	203	84	8	82	53	0	0	1.4663870334625244	62880	1173.387032032013	58718	6.618956743002542	
-237547.26554923403	120.7375	9.775	152.05	96.0625	-6.06687299757947	786	353	189	15	309	187	69	8	87	56	0	0	1.444514513015747	62960	1174.8315465450287	58792	6.620076238881836	
-312540.31241371925	120.5375	9.5625	148.75	94.3	-6.06687299757947	787	353	214	14	292	189	55	7	82	53	0	0	1.466890811920166	63040	1176.2984373569489	58868	6.618020304568532	
-237528.32752758838	123.1625	9.3625	144.3	91.2	-6.06687299757947	788	353	188	16	243	149	70	8	82	53	0	0	1.4474475383758545	63120	1177.7458848953247	58943	6.617553865652724	
-237543.42399556562	117.8875	9.575	150.5625	94.9375	-6.06687299757947	789	353	180	14	243	149	70	8	90	58	0	0	1.4693348407745361	63200	1179.2152197360992	59018	6.617088607594937	
-250027.49912063853	119.175	9.60759493670886	156.16455696202533	98.32911392405063	-6.06687299757947	790	354	186	13.0	282.0	178.0	42	8.0	93.0	60.0	0	0	1.837812900543213	63280	1181.0530326366425	59093	6.6166245259165635	
-225037.09025756674	117.1375	9.675	156.7	98.675	-6.06687299757947	791	354	173	13	368	227	83	8	82	53	0	0	1.9180166721343994	63360	1182.9710493087769	59168	6.6161616161616195	
-275019.8724035748	118.6625	9.5875	149.5125	94.6125	-6.06687299757947	792	354	173	16	306	192	55	8	82	53	0	0	1.627647876739502	63440	1184.5986971855164	59244	6.614123581336699	
-275023.486595139	115.025	9.873417721518987	155.0126582278481	97.84810126582279	-6.06687299757947	793	355	173	15.0	315.0	191.0	72	8.0	108.0	69.0	0	0	1.409379482269287	63520	1186.0080766677856	59317	6.616813602015114	
-262516.4180561117	114.2125	9.5	152.3375	95.975	-6.06687299757947	794	355	148	15	355	218	80	8	87	56	0	0	1.664393663406372	63600	1187.672470331192	59391	6.617924528301884	
-275019.19054312335	113.45	9.1625	139.0	87.9375	-6.06687299757947	795	355	137	15	334	205	85	8	87	56	0	0	1.3789770603179932	63680	1189.05144739151	59466	6.617462311557787	
-400022.0828592634	114.325	9.455696202531646	143.0759493670886	90.55696202531645	-6.06687299757947	796	356	168	14.0	337.0	207.0	60	8.0	90.0	58.0	0	0	1.3759546279907227	63760	1190.4274020195007	59541	6.617001254705144	
-262537.04704482236	113.775	9.6625	151.8625	95.725	-6.06687299757947	797	356	173	15	292	186	55	8	82	53	0	0	1.4062941074371338	63840	1191.8336961269379	59615	6.61810776942356	
-287534.1101316392	115.0	9.556962025316455	147.1139240506329	93.0886075949367	-6.06687299757947	798	357	171	15.0	286.0	183.0	57	8.0	87.0	56.0	0	0	1.4073913097381592	63920	1193.241087436676	59689	6.619211514392987	
-350021.3834056777	115.375	9.65	150.175	95.0375	-6.06687299757947	799	357	165	16	292	186	63	8	87	56	0	0	1.4891254901885986	64000	1194.7302129268646	59764	6.6187499999999915	
-250025.8752808186	116.25	9.189873417721518	138.37974683544303	87.65822784810126	-6.066764958834739	800	358	165	14.0	229.0	144.0	67	8.0	91.0	59.0	0	0	1.3505561351776123	64080	1196.0807690620422	59838	6.619850187265925	
-337524.095993992	116.075	9.987179487179487	161.37179487179486	101.8076923076923	-6.066764958834739	801	360	200	17.0	436.0	263.0	28	8.0	87.0	56.0	0	0	1.527683973312378	64160	1197.6084530353546	59912	6.620947630922686	
-375032.5129050788	114.7625	9.8625	154.7875	97.75	-6.066764958834739	802	360	180	16	267	168	48	8	92	59	0	0	1.550269365310669	64240	1199.1587224006653	59988	6.618929016189284	
-337531.107471801	114.6875	9.5875	147.6375	93.225	-6.066764958834739	803	360	159	14	241	149	85	8	93	60	0	0	1.4603042602539062	64320	1200.6190266609192	60062	6.620024875621894	
-275038.95231369446	113.95	9.65	154.2125	97.0375	-6.066764958834739	804	360	158	15	311	194	49	8	93	60	0	0	1.4056265354156494	64400	1202.0246531963348	60136	6.621118012422357	
-225045.16910886773	114.05	9.5625	152.2125	95.75	-6.066764958834739	805	360	158	17	291	185	70	8	95	61	0	0	1.5085835456848145	64480	1203.5332367420197	60211	6.620657568238215	
-250030.09632758755	113.825	9.708860759493671	154.0506329113924	97.25316455696202	-6.066764958834739	806	361	180	15.0	287.0	181.0	48	8.0	92.0	59.0	0	0	1.5014872550964355	64560	1205.034723997116	60285	6.621747211895908	
-287527.7910021477	115.675	9.625	153.9875	97.0125	-6.066764958834739	807	361	198	16	314	192	59	8	90	58	0	0	1.593278169631958	64640	1206.628002166748	60361	6.619740099009903	
-337529.161305714	113.225	9.89873417721519	163.68354430379748	102.84810126582279	-6.066764958834739	808	362	177	16.0	310.0	189.0	51	8.0	98.0	63.0	0	0	1.507941484451294	64720	1208.1359436511993	60436	6.619283065512988	
-275022.2013790694	116.2875	9.487179487179487	150.76923076923077	95.16666666666667	-6.066764958834739	809	364	197	14.0	261.0	164.0	51	8.0	87.0	56.0	0	0	1.4051852226257324	64800	1209.541128873825	60510	6.620370370370367	
-325021.3310930339	118.6125	9.632911392405063	153.30379746835442	96.63291139240506	-6.066764958834739	810	365	180	15.0	332.0	202.0	48	8.0	82.0	53.0	0	0	1.41904878616333	64880	1210.9601776599884	60584	6.621454993834774	
-325017.3725496607	117.3	9.594936708860759	154.56962025316454	97.35443037974683	-6.066764958834739	811	366	197	14.0	385.0	232.0	49	8.0	92.0	59.0	0	0	1.528095006942749	64960	1212.4882726669312	60658	6.622536945812811	
-375024.5204555327	122.375	9.5	145.2375	91.775	-6.066764958834739	812	366	217	14	435	263	57	8	87	56	0	0	2.0413663387298584	65040	1214.529639005661	60734	6.620541205412053	
-387539.23896799417	126.95	9.25	137.2	86.8	-6.066764958834739	813	366	237	15	330	201	67	7	74	48	0	0	1.9337999820709229	65120	1216.463438987732	60809	6.620085995086001	
-212533.56838092644	119.2875	9.417721518987342	144.44303797468353	91.34177215189874	-6.066764958834739	814	367	177	14.0	285.0	175.0	46	8.0	95.0	61.0	0	0	1.6098132133483887	65200	1218.0732522010803	60883	6.621165644171782	
-337537.09490791673	118.0375	9.5	144.6375	91.5125	-6.066764958834739	815	367	171	14	249	154	57	8	93	60	0	0	1.4196877479553223	65280	1219.4929399490356	60958	6.620710784313715	
-287537.66266780475	120.4375	9.455696202531646	145.30379746835442	91.75949367088607	-6.066764958834739	816	368	192	13.0	258.0	160.0	44	8.0	90.0	58.0	0	0	1.423699140548706	65360	1220.9166390895844	61032	6.621787025703796	
-325023.12716546626	117.5	9.5125	153.025	96.2375	-6.066764958834739	817	368	197	14	412	250	31	8	90	58	0	0	1.4528985023498535	65440	1222.3695375919342	61108	6.619804400977998	
-312518.2136013267	122.0875	9.20253164556962	139.60759493670886	88.24050632911393	-6.066764958834739	818	369	205	12.0	239.0	145.0	21	8.0	87.0	56.0	0	0	1.3966326713562012	65520	1223.7661702632904	61181	6.6224053724053675	
-200017.31618127628	125.5125	9.139240506329115	140.0126582278481	88.46835443037975	-6.066764958834739	819	370	201	15.0	265.0	165.0	36	7.0	82.0	53.0	0	0	1.3046050071716309	65600	1225.070775270462	61255	6.623475609756099	
-287534.7469758907	115.1875	9.3875	146.7375	92.55	-6.066764958834739	820	370	173	13	284	174	56	7	82	53	0	0	1.357593297958374	65680	1226.4283685684204	61331	6.621498172959804	
-325026.2449540795	114.9375	9.6125	155.075	97.6125	-6.066764958834739	821	370	146	14	291	182	72	8	93	60	0	0	1.4430432319641113	65760	1227.8714118003845	61405	6.622566909975674	
-287525.2961279807	115.225	9.7375	154.175	97.2875	-6.066764958834739	822	370	186	17	378	231	42	8	93	60	0	0	1.464820384979248	65840	1229.3362321853638	61479	6.623633049817741	
-287531.52742639865	116.325	9.4	149.175	94.1625	-6.066764958834739	823	370	167	13	266	168	66	8	93	60	0	0	1.3779823780059814	65920	1230.7142145633698	61554	6.623179611650485	
-387528.43809011846	113.625	9.354430379746836	145.46835443037975	91.74683544303798	-6.066764958834739	824	371	139	12.0	272.0	168.0	89	8.0	87.0	56.0	0	0	1.47969651222229	66000	1232.193911075592	61629	6.622727272727275	
-312532.3182813036	114.3	9.725	156.625	98.45	-6.066764958834739	825	371	175	15	273	167	53	8	87	56	0	0	1.4741337299346924	66080	1233.6680448055267	61704	6.6222760290556835	
-312538.8451170781	115.1	9.475	141.625	89.4875	-6.066764958834739	826	371	167	12	243	149	72	8	82	53	0	0	1.3872520923614502	66160	1235.0552968978882	61779	6.6218258766626406	
-262542.24499509187	117.875	9.625	147.8	93.35	-6.066764958834739	827	371	178	14	261	162	77	8	82	53	0	0	1.4212148189544678	66240	1236.4765117168427	61855	6.6198671497584485	
-300038.3166309233	114.5625	9.658227848101266	149.79746835443038	94.65822784810126	-6.066764958834739	828	372	237	14.0	301.0	184.0	13	8.0	90.0	58.0	0	0	1.4928596019744873	66320	1237.9693713188171	61930	6.619420989143549	
-250030.15741741602	108.325	9.807692307692308	158.07692307692307	99.91025641025641	-6.066764958834739	829	374	225	14.0	276.0	169.0	15	8.0	90.0	58.0	0	0	1.4401073455810547	66400	1239.4094786643982	62003	6.6219879518072275	
-387534.6797433884	108.625	9.38961038961039	141.5974025974026	89.7012987012987	-6.066764958834739	830	377	167	12.0	249.0	153.0	60	7.0	74.0	48.0	0	0	1.3569700717926025	66480	1240.7664487361908	62075	6.626052948255108	
-300031.54885788384	111.9375	9.7875	153.625	96.825	-6.066764958834739	831	377	212	15	317	194	48	8	93	60	0	0	1.5393059253692627	66560	1242.30575466156	62151	6.624098557692307	
-262522.5687224233	113.725	9.76923076923077	165.02564102564102	103.42307692307692	-6.066764958834739	832	379	168	14.0	320.0	194.0	60	8.0	103.0	66.0	0	0	1.5288302898406982	66640	1243.8345849514008	62225	6.625150060024012	
-262525.69284841354	115.1625	9.675	153.6875	96.975	-6.066764958834739	833	379	163	15	334	204	65	7	74	48	0	0	1.4392118453979492	66720	1245.2737967967987	62300	6.624700239808163	
-287535.596158886	119.5625	9.2375	148.25	93.45	-6.066764958834739	834	379	212	12	243	149	43	8	93	60	0	0	1.8267245292663574	66800	1247.100521326065	62376	6.622754491017972	
-375022.6757051821	121.35	9.544303797468354	151.58227848101265	95.46835443037975	-6.066764958834739	835	380	179	14.0	315.0	193.0	49	7.0	82.0	53.0	0	0	2.0586211681365967	66880	1249.1591424942017	62451	6.622308612440193	
-350038.65589078167	115.4625	9.658227848101266	150.91139240506328	95.12658227848101	-6.066764958834739	836	381	185	14.0	313.0	198.0	43	8.0	87.0	56.0	0	0	1.5545070171356201	66960	1250.7136495113373	62526	6.621863799283162	
-300040.72761411464	117.15	9.721518987341772	153.21518987341773	96.65822784810126	-6.066764958834739	837	382	192	14.0	295.0	180.0	68	8.0	91.0	59.0	0	0	1.4455654621124268	67040	1252.1592149734497	62600	6.622911694510734	
-387526.34556787444	111.875	9.756410256410257	155.82051282051282	98.17948717948718	-6.066764958834739	838	384	174	16.0	410.0	251.0	32	8.0	80.0	52.0	0	0	1.4861536026000977	67120	1253.6453685760498	62673	6.62544696066746	
-425023.3794668132	111.3125	9.475	147.8875	93.425	-6.066764958834739	839	384	169	13	243	149	59	8	82	53	0	0	1.4796454906463623	67200	1255.1250140666962	62749	6.623511904761898	
-287530.92771150835	109.9	9.79746835443038	153.84810126582278	97.18987341772151	-6.066764958834739	840	385	179	15.0	316.0	193.0	49	8.0	82.0	53.0	0	0	1.5293941497802734	67280	1256.6544082164764	62824	6.623067776456608	
-275062.9476312944	113.5375	9.6375	150.5625	94.975	-6.066764958834739	841	385	179	18	286	177	81	8	93	60	0	0	1.4942288398742676	67360	1258.1486370563507	62899	6.622624703087894	
-287542.68667980336	114.1375	9.3375	139.0375	88.075	-6.066764958834739	842	385	179	15	243	149	82	8	93	60	0	0	1.4044077396392822	67440	1259.55304479599	62975	6.620699881376041	
-362537.53773208737	110.075	9.354430379746836	147.74683544303798	93.25316455696202	-6.066764958834739	843	386	168	15.0	352.0	215.0	60	8.0	93.0	60.0	0	0	1.3772146701812744	67520	1260.9302594661713	63048	6.6232227488151665	
-275032.34865036455	111.075	9.525	143.1375	90.7125	-6.066764958834739	844	386	185	15	278	169	28	8	87	56	0	0	1.4060189723968506	67600	1262.3362784385681	63123	6.622781065088759	
-325042.6612871858	109.25	9.45	137.9	87.525	-6.066764958834739	845	386	140	16	255	165	85	7	82	53	0	0	1.4189035892486572	67680	1263.7551820278168	63198	6.622340425531917	
-400032.16650109796	111.7875	9.7	146.3625	92.625	-6.066764958834739	846	386	185	18	267	166	43	8	87	56	0	0	1.495290994644165	67760	1265.250473022461	63274	6.620425029515943	
-425030.2726515865	112.4125	9.4875	149.2125	94.2625	-6.066764958834739	847	386	176	14	285	178	38	7	82	53	0	0	1.4855704307556152	67840	1266.7360434532166	63350	6.618514150943398	
-375023.9727312772	119.05	9.6	149.6875	94.3625	-6.066764958834739	848	386	179	14	273	168	49	7	82	53	0	0	1.4913804531097412	67920	1268.2274239063263	63425	6.618080094228503	
-300029.708846886	119.125	9.5625	148.7125	93.85	-6.066764958834739	849	386	176	14	317	194	70	8	87	56	0	0	1.518864393234253	68000	1269.7462882995605	63501	6.616176470588229	
-375027.4431390676	122.125	9.7125	152.0625	96.05	-6.066764958834739	850	386	204	14	261	161	67	8	87	56	0	0	1.4616858959197998	68080	1271.2079741954803	63577	6.6142773207990615	
-325035.63499504415	119.6625	9.3375	146.425	92.375	-6.066764958834739	851	386	204	12	315	194	89	8	87	56	0	0	1.4698634147644043	68160	1272.6778376102448	63653	6.612382629107984	
-275042.498012435	116.7625	9.4	147.825	93.0875	-6.066764958834739	852	386	172	13	243	149	68	8	90	58	0	0	1.4563512802124023	68240	1274.1341888904572	63728	6.611957796014067	
-312536.08260323957	117.6125	9.875	155.4	97.925	-6.066764958834739	853	386	161	14	261	159	67	7	82	53	0	0	1.396705150604248	68320	1275.5308940410614	63803	6.611533957845424	
-350022.19245072396	116.575	9.5	146.9625	92.6125	-6.066764958834739	854	386	170	16	339	205	82	8	87	56	0	0	1.5037972927093506	68400	1277.0346913337708	63879	6.6096491228070136	
-312534.52189289336	115.9875	9.6875	152.8	96.1375	-6.066764958834739	855	386	163	15	333	203	81	8	87	56	0	0	1.9206624031066895	68480	1278.9553537368774	63955	6.607768691588788	
-362536.59251256817	115.6125	9.975	160.5625	101.2	-6.066764958834739	856	386	177	15	363	221	51	8	93	60	0	0	1.837636947631836	68560	1280.7929906845093	64029	6.608809801633612	
-237538.42642826447	114.525	9.5875	149.6125	94.5	-6.063226593847633	857	386	174	15	333	203	54	8	87	56	0	0	1.4435865879058838	68640	1282.2365772724152	64104	6.6083916083915994	
-450029.82497156144	114.7125	9.405063291139241	146.83544303797467	92.53164556962025	-6.063226593847633	858	387	174	14.0	249.0	158.0	63	8.0	87.0	56.0	0	0	1.4430181980133057	68720	1283.6795954704285	64178	6.609429569266595	
-412534.16676448926	114.7125	9.7625	152.15	95.725	-6.063226593847633	859	387	177	15	271	166	51	8	85	55	0	0	1.5256671905517578	68800	1285.2052626609802	64254	6.607558139534888	
-250033.84410589118	112.8875	9.625	151.9875	95.7	-6.063226593847633	860	387	155	15	309	187	73	8	93	60	0	0	1.494239330291748	68880	1286.699501991272	64329	6.607142857142861	
-312540.0676389793	118.2375	9.822784810126583	159.83544303797467	100.49367088607595	-6.063226593847633	861	388	202	15.0	309.0	195.0	55	8.0	87.0	56.0	0	0	1.5500144958496094	68960	1288.2495164871216	64404	6.6067285382830505	
-275045.6450276469	116.375	9.6125	150.0875	94.6	-6.063226593847633	862	388	178	14	376	230	50	7	82	53	0	0	1.397390604019165	69040	1289.6469070911407	64479	6.606315179606028	
-250034.7736426941	119.4625	9.5875	161.0	100.9	-6.063226593847633	863	388	169	17	354	218	91	8	93	60	0	0	1.5144877433776855	69120	1291.1613948345184	64555	6.604456018518519	
-300024.12378891767	120.1625	9.5	148.7875	93.7625	-6.063226593847633	864	388	169	14	245	149	66	7	82	53	0	0	1.4552478790283203	69200	1292.6166427135468	64630	6.604046242774558	
-337531.15462773776	114.2875	9.5125	144.1125	91.25	-6.063226593847633	865	388	156	14	290	178	72	8	93	60	0	0	1.4171583652496338	69280	1294.0338010787964	64706	6.6021939953810715	
-375017.2890468048	114.7125	9.49367088607595	148.20253164556962	93.40506329113924	-6.063226593847633	866	389	195	13.0	266.0	164.0	36	7.0	90.0	58.0	0	0	1.4581944942474365	69360	1295.4919955730438	64781	6.601787773933097	
-187536.26153704216	114.75	9.2625	143.125	90.325	-6.063226593847633	867	389	153	13	261	159	100	7	82	53	0	0	1.3761975765228271	69440	1296.8681931495667	64857	6.5999423963133665	
-275040.8580506204	114.4625	9.49367088607595	149.73417721518987	94.34177215189874	-6.063226593847633	868	390	151	14.0	290.0	178.0	77	8.0	87.0	56.0	0	0	1.4548983573913574	69520	1298.323091506958	64930	6.602416570770998	
-375016.7281792272	114.3125	9.4125	143.2375	90.6	-6.063226593847633	869	390	163	14	275	167	65	8	90	58	0	0	1.4289443492889404	69600	1299.752035856247	65005	6.602011494252864	
-325029.21942170383	114.1875	9.475	142.8375	90.5	-6.063226593847633	870	390	151	14	317	193	77	8	82	53	0	0	1.418433666229248	69680	1301.1704695224762	65081	6.600172215843855	
-225050.72186060302	115.0125	9.5875	147.575	93.35	-6.063226593847633	871	390	164	15	296	180	68	8	93	60	0	0	1.4847350120544434	69760	1302.6552045345306	65156	6.5997706422018325	
-300037.71187320794	117.9	9.6375	149.825	94.725	-6.063226593847633	872	390	169	15	299	182	59	7	82	53	0	0	1.4733071327209473	69840	1304.1285116672516	65231	6.599369988545249	
-250027.4605383941	116.7875	9.2375	137.6875	87.3125	-6.063226593847633	873	390	146	19	284	182	87	7	90	58	0	0	1.3740785121917725	69920	1305.5025901794434	65307	6.597540045766593	
-200024.44008636993	119.0625	9.5875	143.6	90.9625	-6.063226593847633	874	390	151	15	300	183	90	8	95	61	0	0	1.3421807289123535	70000	1306.8447709083557	65381	6.598571428571432	
-312516.6201645592	119.0875	9.3875	139.6125	88.3375	-6.063226593847633	875	390	184	14	266	161	44	8	95	61	0	0	1.4937779903411865	70080	1308.338548898697	65456	6.598173515981728	
-312524.2865357411	116.95	9.291139240506329	141.32911392405063	89.49367088607595	-6.063226593847633	876	391	216	14.0	316.0	192.0	31	8.0	82.0	53.0	0	0	1.74815034866333	70160	1310.0866992473602	65530	6.599201824401362	
-287541.37288624764	120.925	9.5375	150.1625	94.5875	-6.063226593847633	877	391	190	15	321	195	38	8	87	56	0	0	1.9484918117523193	70240	1312.0351910591125	65604	6.600227790432797	
-262546.29314302065	116.55	9.6125	153.025	96.5125	-6.063226593847633	878	391	179	15	329	202	70	8	95	61	0	0	1.5921399593353271	70320	1313.6273310184479	65679	6.599829351535831	
-300034.4742004044	108.5875	9.425	150.25	94.5375	-6.063226593847633	879	391	179	13	276	167	53	8	87	56	0	0	1.4424962997436523	70400	1315.0698273181915	65753	6.6008522727272805	
-262528.5245855323	116.7125	9.3375	149.1375	93.925	-6.063226593847633	880	391	222	15	313	190	43	8	87	56	0	0	1.406517505645752	70480	1316.4763448238373	65828	6.6004540295119085	
-287532.4255196649	117.3	9.4125	150.275	94.775	-6.063226593847633	881	391	185	14	296	183	43	8	93	60	0	0	1.4353516101837158	70560	1317.911696434021	65903	6.600056689342409	
-275032.60171221354	118.2125	9.6	150.5375	95.1375	-6.063226593847633	882	391	185	15	246	157	47	8	87	56	0	0	1.426945686340332	70640	1319.3386421203613	65978	6.599660249150617	
-275038.47705340834	125.475	9.125	137.4375	86.95	-6.063226593847633	883	391	209	13	266	164	56	8	93	60	0	0	1.539013385772705	70720	1320.877655506134	66054	6.597850678733025	
-275021.27637325734	126.5125	9.5625	147.4875	92.975	-6.063226593847633	884	391	209	14	268	165	91	8	87	56	0	0	1.4475154876708984	70800	1322.325170993805	66130	6.596045197740111	
-300022.7303353797	124.575	9.725	147.7125	93.5625	-6.063226593847633	885	391	208	19	333	211	67	8	93	60	0	0	1.476125955581665	70880	1323.8012969493866	66206	6.594243792325059	
-300025.33045577566	118.5625	9.5	143.825	90.825	-6.063226593847633	886	391	201	16	242	148	67	8	87	56	0	0	1.3946020603179932	70960	1325.1958990097046	66282	6.592446448703498	
-325024.8498715824	116.4	9.582278481012658	150.18987341772151	94.68354430379746	-6.063226593847633	887	392	168	14.0	300.0	183.0	64	8.0	93.0	60.0	0	0	1.4940416812896729	71040	1326.6899406909943	66356	6.593468468468473	
-300026.50316241983	116.0375	9.556962025316455	148.30379746835442	93.56962025316456	-6.063226593847633	888	393	177	14.0	253.0	156.0	63	8.0	101.0	65.0	0	0	1.4223625659942627	71120	1328.1123032569885	66431	6.593082114735665	
-250023.4568047567	121.325	9.45	146.625	92.4125	-6.063226593847633	889	393	177	13	276	167	87	8	90	58	0	0	1.4794199466705322	71200	1329.591723203659	66506	6.592696629213478	
-200029.20477697873	121.725	9.475	154.4375	96.8125	-6.063226593847633	890	393	177	14	297	186	78	8	90	58	0	0	1.527329683303833	71280	1331.119052886963	66581	6.592312008978666	
-237527.52384286775	116.3625	9.55	147.95	93.3375	-6.063226593847633	891	393	178	15	266	165	52	8	88	57	0	0	1.4418213367462158	71360	1332.560874223709	66656	6.591928251121075	
-187535.4948104645	114.0	9.20253164556962	141.59493670886076	89.41772151898734	-6.063226593847633	892	394	171	16.0	290.0	185.0	57	8.0	87.0	56.0	0	0	1.37760329246521	71440	1333.9384775161743	66730	6.592945128779391	
-262533.9488561523	118.1125	9.594936708860759	148.8860759493671	94.0253164556962	-6.063226593847633	893	395	195	14.0	243.0	152.0	55	7.0	82.0	53.0	0	0	1.3800930976867676	71520	1335.318570613861	66804	6.59395973154362	
-325024.0854628401	114.7125	9.3875	148.575	93.65	-6.063226593847633	894	395	171	13	248	157	64	8	87	56	0	0	1.470555067062378	71600	1336.7891256809235	66880	6.592178770949715	
-300026.66107364855	114.225	9.45	148.2875	93.7125	-6.063226593847633	895	395	168	16	404	249	60	8	87	56	0	0	1.443692922592163	71680	1338.2328186035156	66956	6.590401785714278	
-287530.9217897565	113.55	9.5875	153.3625	96.45	-6.063226593847633	896	395	166	14	289	176	56	8	87	56	0	0	1.5302879810333252	71760	1339.763106584549	67032	6.588628762541802	
-275022.99991200125	115.5625	9.4125	148.3125	93.4375	-6.063226593847633	897	395	160	14	276	167	68	8	87	56	0	0	1.4545061588287354	71840	1341.2176127433777	67108	6.586859688195986	
-225038.93332263353	114.4875	9.5125	143.925	90.9375	-6.063054385269983	898	395	169	14	280	170	81	8	87	56	0	0	1.7794647216796875	71920	1342.9970774650574	67184	6.585094549499445	
-225030.18486835278	112.125	9.594936708860759	144.63291139240508	91.59493670886076	-6.063054385269983	899	396	160	15.0	276.0	176.0	39	8.0	82.0	53.0	0	0	1.8292529582977295	72000	1344.826330423355	67259	6.5847222222222115	
-287544.8284351257	111.8625	9.397435897435898	145.07692307692307	91.53846153846153	-6.063054385269983	900	398	174	17.0	347.0	209.0	30	8.0	93.0	60.0	0	0	1.6470398902893066	72080	1346.4733703136444	67332	6.587125416204216	
-362532.22049076995	114.4875	9.41025641025641	144.06410256410257	91.03846153846153	-6.063054385269983	901	400	184	13.0	267.0	163.0	59	8.0	90.0	58.0	0	0	1.3753082752227783	72160	1347.8486785888672	67406	6.588137472283819	
-237525.097988059	113.9125	9.05	138.975	87.75	-6.063054385269983	902	400	171	12	277	170	57	7	82	53	0	0	1.4161388874053955	72240	1349.2648174762726	67482	6.586378737541537	
-262527.46829961136	117.575	9.3875	147.3	92.9875	-6.063054385269983	903	400	170	14	266	163	58	8	87	56	0	0	1.4487714767456055	72320	1350.7135889530182	67558	6.584623893805315	
-250026.67293852352	115.2	9.25	145.9	92.125	-6.063054385269983	904	400	177	13	266	163	51	7	90	58	0	0	1.3873322010040283	72400	1352.1009211540222	67634	6.582872928176798	
-275028.28871976235	114.9375	9.275	145.7125	91.9375	-6.063054385269983	905	400	186	13	281	171	81	8	91	59	0	0	1.4394593238830566	72480	1353.5403804779053	67710	6.581125827814574	
-275030.6523827111	113.175	9.544303797468354	151.74683544303798	95.62025316455696	-6.063054385269983	906	401	188	14.0	256.0	162.0	7	8.0	93.0	60.0	0	0	1.5565464496612549	72560	1355.0969269275665	67785	6.580760749724362	
-350040.29891941516	116.1875	9.329113924050633	147.45569620253164	92.9620253164557	-6.063054385269983	907	402	160	15.0	287.0	182.0	70	8.0	90.0	58.0	0	0	1.425739049911499	72640	1356.522665977478	67860	6.580396475770925	
-250039.16282336632	117.65	9.430379746835444	147.0126582278481	92.9113924050633	-6.063054385269983	908	403	183	15.0	270.0	168.0	45	8.0	93.0	60.0	0	0	1.4041321277618408	72720	1357.9267981052399	67934	6.5814081408140765	
-262542.69390016067	112.725	9.531645569620252	146.48101265822785	92.55696202531645	-6.063054385269983	909	404	173	16.0	379.0	231.0	62	8.0	91.0	59.0	0	0	1.4291858673095703	72800	1359.3559839725494	68006	6.585164835164832	
-237558.29366539777	114.175	9.2875	139.875	88.475	-6.063054385269983	910	404	229	13	246	156	58	8	88	57	0	0	1.3822686672210693	72880	1360.7382526397705	68080	6.586169045005491	
-262528.72423756047	111.675	9.675	147.55	93.2125	-6.063054385269983	911	404	165	16	266	167	51	8	80	52	0	0	1.4071805477142334	72960	1362.1454331874847	68154	6.587171052631575	
-312530.1783171663	113.275	9.367088607594937	148.63291139240508	93.56962025316456	-6.063054385269983	912	405	187	14.0	298.0	180.0	41	8.0	88.0	57.0	0	0	1.4271020889282227	73040	1363.572535276413	68229	6.586801752464396	
-350027.4361862026	114.45	9.525	147.8	93.2875	-6.063054385269983	913	405	139	13	275	167	74	8	90	58	0	0	1.471355676651001	73120	1365.043890953064	68305	6.58506564551422	
-275028.0260642219	112.9	9.375	142.3125	90.1625	-6.063054385269983	914	405	180	17	260	165	48	8	79	51	0	0	1.4062018394470215	73200	1366.450092792511	68380	6.584699453551906	
-187537.18921250646	116.275	9.225	141.3625	89.4375	-6.063054385269983	915	405	163	14	266	163	65	8	88	57	0	0	1.505805492401123	73280	1367.955898284912	68456	6.582969432314414	
-262546.83070325793	116.4125	9.275	144.35	91.125	-6.063054385269983	916	405	173	16	343	211	55	8	87	56	0	0	1.4534907341003418	73360	1369.4093890190125	68532	6.581243184296611	
-325022.326713317	120.35	9.294871794871796	142.28205128205127	89.94871794871794	-6.063054385269983	917	407	192	16.0	343.0	211.0	36	8.0	90.0	58.0	0	0	1.4161813259124756	73440	1370.825570344925	68604	6.584967320261441	
-237549.73456697096	117.9125	9.215189873417721	146.68354430379748	92.51898734177215	-6.063054385269983	918	408	194	12.0	281.0	174.0	37	8.0	87.0	56.0	0	0	1.6875860691070557	73520	1372.513156414032	68679	6.584602829162137	
-287534.10088759585	117.575	9.354430379746836	145.1012658227848	91.73417721518987	-6.063054385269983	919	409	215	12.0	281.0	174.0	30	7.0	82.0	53.0	0	0	1.7059853076934814	73600	1374.2191417217255	68754	6.584239130434781	
-387547.53831015667	115.9375	9.2125	143.2625	90.7	-6.063054385269983	920	409	170	12	415	253	58	8	87	56	0	0	1.878077745437622	73680	1376.097219467163	68830	6.582519001085771	
-287536.0548410787	117.175	9.3375	150.125	94.6875	-6.063054385269983	921	409	187	14	299	186	58	7	90	58	0	0	1.95753812789917	73760	1378.0547575950623	68906	6.580802603036872	
-275028.916178628	117.4875	9.45	151.0875	95.275	-6.063054385269983	922	409	186	14	368	227	42	8	85	55	0	0	1.674290418624878	73840	1379.7290480136871	68982	6.579089924160343	
-212533.73011131166	117.3125	9.367088607594937	146.53164556962025	92.46835443037975	-6.063054385269983	923	410	190	15.0	324.0	197.0	55	8.0	87.0	56.0	0	0	1.424159288406372	73920	1381.1532073020935	69057	6.578733766233768	
-225034.81910422872	117.2125	9.2	138.1875	87.425	-6.063054385269983	924	410	172	16	274	166	73	8	88	57	0	0	1.3680922985076904	74000	1382.5212996006012	69131	6.579729729729735	
-262524.1046617649	116.3625	9.5375	148.4	93.525	-6.063054385269983	925	410	183	16	289	176	56	8	93	60	0	0	1.3991165161132812	74080	1383.9204161167145	69207	6.578023758099349	
-200028.7082797407	120.05	9.125	140.8625	89.1625	-6.063054385269983	926	410	146	12	245	155	78	7	90	58	0	0	1.413769006729126	74160	1385.3341851234436	69282	6.577669902912618	
-262543.0357284963	123.0375	9.4	147.95	93.45	-6.063054385269983	927	410	219	15	269	169	49	8	90	58	0	0	1.3604931831359863	74240	1386.6946783065796	69356	6.578663793103445	
-162544.86626992768	122.4125	9.3375	143.525	90.8625	-6.063054385269983	928	410	165	15	292	184	72	8	95	61	0	0	1.3716681003570557	74320	1388.0663464069366	69432	6.576964477933274	
-287523.24865330866	120.3125	9.2375	140.5	88.9125	-6.063054385269983	929	410	169	12	243	149	76	8	90	58	0	0	1.3747169971466064	74400	1389.4410634040833	69507	6.576612903225808	
-250029.65821216433	119.8375	9.41025641025641	151.15384615384616	95.08974358974359	-6.063054385269983	930	412	197	14.0	313.0	190.0	58	8.0	93.0	60.0	0	0	1.4134113788604736	74480	1390.8544747829437	69581	6.577604726100972	
-350022.03984480957	114.425	9.448717948717949	151.96153846153845	95.64102564102564	-6.063054385269983	931	414	169	14.0	333.0	205.0	63	8.0	91.0	59.0	0	0	1.4336278438568115	74560	1392.2881026268005	69654	6.579935622317606	
-187537.82407969405	116.65	9.1375	141.675	89.5125	-6.063054385269983	932	414	169	12	243	149	77	8	95	61	0	0	1.4303016662597656	74640	1393.7184042930603	69730	6.578242229367632	
-237534.18173781928	116.325	9.253164556962025	142.81012658227849	90.43037974683544	-6.063054385269983	933	415	180	14.0	275.0	176.0	48	8.0	93.0	60.0	0	0	1.4088356494903564	74720	1395.1272399425507	69805	6.577890792291214	
-337531.8299306074	118.35	9.4	148.475	93.5875	-6.063054385269983	934	415	169	14	314	193	79	8	92	59	0	0	1.4989533424377441	74800	1396.6261932849884	69879	6.578877005347593	
-162537.57296076659	116.0625	9.2125	142.65	90.1625	-6.063054385269983	935	415	180	16	287	178	75	8	87	56	0	0	1.409958839416504	74880	1398.036152124405	69955	6.57719017094017	
-287534.2083288343	116.95	9.2125	142.6	89.9375	-6.063054385269983	936	415	189	14	316	192	58	8	85	55	0	0	1.490724802017212	74960	1399.5268769264221	70031	6.575506937033083	
-225040.4749602137	115.9875	9.4	150.675	95.1125	-6.063054385269983	937	415	169	14	283	177	79	8	87	56	0	0	1.527312994003296	75040	1401.0541899204254	70107	6.573827292110877	
-212546.14249656908	115.125	9.4625	145.125	91.825	-6.063054385269983	938	415	176	15	317	194	52	8	87	56	0	0	1.3999640941619873	75120	1402.4541540145874	70183	6.572151224707142	
-225039.98677637806	115.5875	9.475	146.125	92.425	-6.063054385269983	939	415	176	14	266	163	79	8	93	60	0	0	1.3671956062316895	75200	1403.821349620819	70258	6.571808510638306	
-262540.23531218135	114.875	9.325	147.2875	93.05	-6.063054385269983	940	415	190	13	266	163	38	7	90	58	0	0	1.3817999362945557	75280	1405.2031495571136	70334	6.57013815090329	
-237553.13378594414	113.75	9.4625	146.125	92.35	-6.063054385269983	941	415	167	13	245	151	61	8	87	56	0	0	1.4868080615997314	75360	1406.6899576187134	70409	6.569798301486202	
-250051.93006000883	114.8	9.448717948717949	153.26923076923077	96.37179487179488	-6.063054385269983	942	417	161	15.0	317.0	194.0	67	8.0	100.0	64.0	0	0	1.7229375839233398	75440	1408.4128952026367	70483	6.570784729586421	
-275039.06417256215	115.975	9.275	142.2375	90.1	-6.063054385269983	943	417	149	15	317	194	68	8	93	60	0	0	1.8745043277740479	75520	1410.2873995304108	70559	6.5691207627118615	
-287525.7588608445	114.1875	9.1375	138.9875	87.925	-6.063054385269983	944	417	129	13	317	194	114	8	93	60	0	0	1.678288459777832	75600	1411.9656879901886	70631	6.57275132275133	
-287538.7909493508	114.0	9.316455696202532	140.34177215189874	89.18987341772151	-6.063054385269983	945	418	189	13.0	257.0	160.0	39	8.0	90.0	58.0	0	0	1.3832588195800781	75680	1413.3489468097687	70706	6.5724101479915475	
-412533.5663798472	116.1	9.3625	140.55	89.075	-6.063054385269983	946	418	168	14	273	171	60	8	95	61	0	0	1.372826099395752	75760	1414.7217729091644	70779	6.574709609292512	
-212530.86360385214	116.1	9.544303797468354	155.1772151898734	97.75949367088607	-6.063054385269983	947	419	162	14.0	317.0	194.0	66	8.0	93.0	60.0	0	0	1.505336046218872	75840	1416.2271089553833	70854	6.574367088607588	
-262528.6968477539	114.45	9.75	156.9875	98.9625	-6.063054385269983	948	419	166	14	365	224	62	8	93	60	0	0	1.502323865890503	75920	1417.7294328212738	70928	6.5753424657534225	
-412539.28199023224	114.9	9.721518987341772	148.45569620253164	93.79746835443038	-6.063054385269983	949	420	178	15.0	277.0	170.0	68	8.0	85.0	55.0	0	0	1.509021282196045	76000	1419.2384541034698	71003	6.575000000000003	
-225041.04863846363	115.05	9.375	148.8	93.7625	-6.063054385269983	950	420	191	14	312	191	55	8	85	55	0	0	1.443342924118042	76080	1420.681797027588	71079	6.573343848580436	
-262522.6278821005	113.4625	9.256410256410257	146.01282051282053	92.02564102564102	-6.063054385269983	951	422	196	14.0	276.0	167.0	32	8.0	90.0	58.0	0	0	1.3711450099945068	76160	1422.0529420375824	71152	6.5756302521008365	
-262527.35573993745	113.825	9.275	140.6125	89.075	-6.063054385269983	952	422	136	13	266	163	73	8	82	53	0	0	1.484565258026123	76240	1423.5375072956085	71227	6.575288562434423	
-337534.33543508925	115.65	9.2	138.975	88.1125	-6.063054385269983	953	422	149	13	266	163	79	8	87	56	0	0	1.361567735671997	76320	1424.8990750312805	71303	6.573637316561843	
-275026.645158259	115.2875	9.6875	155.5375	98.025	-6.063054385269983	954	422	138	14	312	191	90	8	93	60	0	0	1.470811367034912	76400	1426.3698863983154	71377	6.574607329842934	
-200031.1138541769	116.0625	9.4875	150.8125	94.95	-6.063054385269983	955	422	177	13	317	194	73	8	87	56	0	0	1.5342822074890137	76480	1427.9041686058044	71451	6.5755753138075335	
-237525.7258261706	114.4625	9.3625	145.5	91.7875	-6.063054385269983	956	422	173	14	243	149	55	8	103	66	0	0	1.4926905632019043	76560	1429.3968591690063	71527	6.573928944618601	
-300044.3560080649	113.525	9.487179487179487	147.73076923076923	93.33333333333333	-6.063054385269983	957	424	183	14.0	295.0	180.0	45	8.0	87.0	56.0	0	0	1.3926506042480469	76640	1430.7895097732544	71601	6.574895615866382	
-312533.920256538	115.725	9.7375	156.4625	98.4	-6.063054385269983	958	424	183	14	355	219	73	7	90	58	0	0	1.5436785221099854	76720	1432.3331882953644	71677	6.573253388946824	
-275033.9225702376	115.6125	10.0	165.31645569620252	103.9873417721519	-6.063054385269983	959	425	183	16.0	295.0	181.0	56	8.0	95.0	61.0	0	0	1.4858801364898682	76800	1433.8190684318542	71752	6.572916666666657	
-275042.3716343588	114.4875	9.35897435897436	152.66666666666666	96.03846153846153	-6.063054385269983	960	427	190	16.0	321.0	195.0	38	8.0	87.0	56.0	0	0	1.443575382232666	76880	1435.262643814087	71826	6.573881373569208	
-275023.1633521501	113.7625	9.379746835443038	151.0	95.0253164556962	-6.063054385269983	961	428	161	13.0	276.0	170.0	67	8.0	87.0	56.0	0	0	1.4169988632202148	76960	1436.6796426773071	71899	6.576143451143452	
-162536.13358643174	113.525	9.25	151.0875	94.9125	-6.063054385269983	962	428	138	13	263	160	90	8	87	56	0	0	1.4648864269256592	77040	1438.1445291042328	71974	6.575804776739361	
-350034.6653531983	113.7375	9.475	156.0	98.2625	-6.063054385269983	963	428	167	14	456	277	61	8	90	58	0	0	1.697145938873291	77120	1439.841675043106	72050	6.574170124481327	
-200045.163326997	115.675	9.430379746835444	146.44303797468353	92.45569620253164	-6.063054385269983	964	429	185	14.0	301.0	184.0	43	8.0	93.0	60.0	0	0	1.7624385356903076	77200	1441.6041135787964	72125	6.573834196891198	
-262540.47302105883	121.9125	9.670886075949367	159.16455696202533	100.37974683544304	-6.063054385269983	965	430	198	14.0	312.0	191.0	69	8.0	94.0	61.0	0	0	1.8407042026519775	77280	1443.4448177814484	72199	6.574792960662521	
-287545.9429534276	121.375	9.55	153.8375	96.9375	-6.063054385269983	966	430	198	13	459	277	56	8	87	56	0	0	1.789973258972168	77360	1445.2347910404205	72273	6.5757497414684565	
-287540.4225804425	117.95	9.525	150.25	94.9125	-6.063054385269983	967	430	193	14	344	207	72	8	87	56	0	0	1.4888958930969238	77440	1446.7236869335175	72347	6.576704545454547	
-262530.17936430784	121.5	9.860759493670885	153.58227848101265	96.92405063291139	-6.063054385269983	968	431	207	15.0	258.0	157.0	21	8.0	85.0	55.0	0	0	1.4529008865356445	77520	1448.176587820053	72422	6.576367389060891	
-162543.22051772336	119.1875	9.3875	147.25	92.9375	-6.063054385269983	969	431	193	15	390	240	74	8	87	56	0	0	1.4880495071411133	77600	1449.6646373271942	72497	6.576030927835049	
-312517.5521943972	115.2	9.2625	139.6125	88.525	-6.063054385269983	970	431	193	13	228	142	61	8	87	56	0	0	1.378636360168457	77680	1451.0432736873627	72573	6.57440782698248	
-212538.66247188143	115.9	9.4625	150.0875	94.725	-6.063054385269983	971	431	193	19	376	242	71	8	87	56	0	0	1.523350715637207	77760	1452.5666244029999	72648	6.574074074074076	
-312530.3005187262	116.575	9.341772151898734	140.29113924050634	88.9493670886076	-6.063054385269983	972	432	193	15.0	266.0	163.0	56	8.0	87.0	56.0	0	0	1.426297903060913	77840	1453.9929223060608	72722	6.575025693730723	
-112536.87696778853	115.4	9.1375	142.825	90.0875	-6.063054385269983	973	432	164	13	295	178	64	7	82	53	0	0	1.456535816192627	77920	1455.4494581222534	72798	6.573408624229984	
-262519.55831241823	114.475	9.25	148.5875	93.725	-6.063054385269983	974	432	206	12	298	183	68	8	93	60	0	0	1.430887222290039	78000	1456.8803453445435	72874	6.571794871794864	
-237525.59646044028	113.9	9.3	147.3125	93.025	-6.063054385269983	975	432	165	13	299	184	72	8	93	60	0	0	1.4556901454925537	78080	1458.336035490036	72949	6.571465163934434	
-237552.0350499007	111.825	9.325	147.1375	92.8375	-6.063054385269983	976	432	123	15	274	177	72	8	93	60	0	0	1.4206671714782715	78160	1459.7567026615143	73025	6.569856704196525	
-275032.86662813026	112.375	9.5875	153.75	96.9125	-6.063054385269983	977	432	166	15	433	263	62	8	90	58	0	0	1.5242204666137695	78240	1461.280923128128	73101	6.568251533742327	
-387521.24715852836	114.975	9.475	155.825	98.0625	-6.063054385269983	978	432	191	15	433	263	37	8	97	63	0	0	1.545706033706665	78320	1462.8266291618347	73177	6.566649642492337	
-237519.5030741646	115.525	9.39240506329114	150.27848101265823	94.50632911392405	-6.063054385269983	979	433	183	14.0	285.0	175.0	61	8.0	87.0	56.0	0	0	1.444239616394043	78400	1464.2708687782288	73251	6.567602040816325	
-237539.60584767544	113.85	9.35	148.1625	93.5125	-6.063054385269983	980	433	186	16	266	167	42	8	90	58	0	0	1.429358720779419	78480	1465.7002274990082	73326	6.567278287461775	
-325048.6249516586	116.7	9.825	154.0875	97.4625	-6.063054385269983	981	433	207	17	317	194	42	8	87	56	0	0	1.467106819152832	78560	1467.167334318161	73401	6.566955193482698	
-225039.0060198558	110.1	9.50632911392405	150.60759493670886	95.12658227848101	-6.063054385269983	982	434	186	14.0	335.0	210.0	42	8.0	93.0	60.0	0	0	1.5407493114471436	78640	1468.7080836296082	73475	6.56790437436419	
-300023.4927894594	105.725	9.4125	146.375	92.5	-6.063054385269983	983	434	182	13	293	182	42	8	93	60	0	0	1.4734728336334229	78720	1470.1815564632416	73550	6.5675813008130035	
-425022.15431003907	109.6625	9.76923076923077	145.2948717948718	92.25641025641026	-6.063054385269983	984	436	164	14.0	258.0	163.0	42	8.0	87.0	56.0	0	0	1.3890588283538818	78800	1471.5706152915955	73624	6.568527918781726	
-312532.66267050273	110.225	9.5875	151.5125	95.7875	-6.063054385269983	985	436	142	13	295	183	42	8	95	61	0	0	1.451622724533081	78880	1473.0222380161285	73700	6.566937119675458	
-287530.99895479	115.5	9.4375	143.75	90.925	-6.063054385269983	986	436	175	13	280	172	53	7	82	53	0	0	1.5696885585784912	78960	1474.591926574707	73775	6.56661600810537	
-287531.32635863236	115.7375	9.5	147.65384615384616	93.33333333333333	-6.063054385269983	987	438	167	14.0	266.0	163.0	61	8.0	93.0	60.0	0	0	1.8250608444213867	79040	1476.4169874191284	73848	6.5688259109311815	
-350026.1518037644	117.075	9.4625	147.6625	93.2	-6.063054385269983	988	438	159	16	322	194	63	7	90	58	0	0	1.8352580070495605	79120	1478.252245426178	73923	6.568503538928212	
-287529.2095114887	115.7125	9.4	144.6375	91.35	-6.063054385269983	989	438	170	14	300	184	71	8	87	56	0	0	1.5721261501312256	79200	1479.8243715763092	73998	6.568181818181813	
-250042.21080730128	113.8625	9.632911392405063	154.0759493670886	97.0379746835443	-6.063054385269983	990	439	181	16.0	322.0	194.0	47	8.0	89.0	58.0	0	0	1.405273199081421	79280	1481.2296447753906	74072	6.569122098890006	
-300038.4414274621	113.7875	9.4875	148.2625	93.625	-6.063054385269983	991	439	178	14	317	194	46	8	90	58	0	0	1.391193151473999	79360	1482.6208379268646	74147	6.568800403225808	
-287534.5868162453	113.9	9.3125	144.65	91.3	-6.063054385269983	992	439	165	16	312	191	63	8	87	56	0	0	1.4511425495147705	79440	1484.0719804763794	74223	6.5672205438066555	
-187524.54027130216	113.95	9.50632911392405	146.53164556962025	92.43037974683544	-6.063054385269983	993	440	206	14.0	266.0	163.0	22	8.0	93.0	60.0	0	0	1.4064233303070068	79520	1485.4784038066864	74296	6.569416498993959	
-212545.09815705978	113.5625	9.1875	140.9	88.9875	-6.063054385269983	994	440	209	15	264	162	44	8	87	56	0	0	1.4435234069824219	79600	1486.9219272136688	74372	6.5678391959799	
-262525.6084662291	110.5625	9.4125	146.775	92.4125	-6.063054385269983	995	440	176	15	304	184	48	7	82	53	0	0	1.5863182544708252	79680	1488.5082454681396	74446	6.568775100401609	
-237523.633657536	112.7	9.2375	145.5625	91.7	-6.063054385269983	996	440	199	14	327	201	22	8	83	54	0	0	1.4326746463775635	79760	1489.9409201145172	74520	6.569709127382154	
-175034.9768758528	111.0375	9.2125	145.1125	91.4125	-6.063054385269983	997	440	184	13	241	149	44	8	87	56	0	0	1.484527587890625	79840	1491.4254477024078	74596	6.56813627254509	
-250040.6944284168	114.9875	9.6125	147.1625	92.9875	-6.063054385269983	998	440	171	18	256	161	57	8	87	56	0	0	1.3538589477539062	79920	1492.7793066501617	74670	6.569069069069073	
-300029.9471794808	114.125	9.164556962025317	139.7594936708861	88.48101265822785	-6.063054385269983	999	441	173	12.0	312.0	191.0	55	8.0	87.0	56.0	0	0	1.3919503688812256	80000	1494.171257019043	74745	6.568749999999994	
-250034.50569408768	117.1	9.417721518987342	147.15189873417722	92.9113924050633	-6.063054385269983	1000	442	173	14.0	328.0	205.0	68	8.0	93.0	60.0	0	0	1.4187071323394775	80080	1495.5899641513824	74820	6.5684315684315635	
-212524.81530100288	115.9125	9.6	151.175	95.5125	-6.063054385269983	1001	442	162	14	317	194	66	8	93	60	0	0	1.5024352073669434	80160	1497.0923993587494	74896	6.566866267465059	
-225037.00368891802	114.75	9.4375	147.725	93.3125	-6.063054385269983	1002	442	142	13	281	173	86	8	101	65	0	0	1.407442569732666	80240	1498.499841928482	74972	6.565304087736791	
-425031.13580281043	114.5375	9.2	137.725	87.475	-6.063054385269983	1003	442	204	13	254	156	24	8	93	60	0	0	1.3738288879394531	80320	1499.8736708164215	75047	6.564990039840637	
-262534.7037555965	110.3875	9.23076923076923	145.37179487179486	91.88461538461539	-6.063054385269983	1004	444	164	13.0	282.0	180.0	24	7.0	82.0	53.0	0	0	1.3940298557281494	80400	1501.2677006721497	75121	6.5659203980099505	
-212542.49432764208	110.8875	9.192307692307692	140.57692307692307	89.06410256410257	-6.063054385269983	1005	446	170	13.0	243.0	151.0	24	8.0	92.0	59.0	0	0	1.352175235748291	80480	1502.619875907898	75195	6.566848906560637	
-275040.7975228635	113.3	9.20253164556962	143.1139240506329	90.54430379746836	-6.063054385269983	1006	447	204	13.0	331.0	203.0	24	8.0	82.0	53.0	0	0	1.4107820987701416	80560	1504.030658006668	75270	6.5665342601787415	
-325032.7181590583	112.9	9.30379746835443	145.0379746835443	91.84810126582279	-6.063054385269983	1007	448	155	15.0	312.0	191.0	70	8.0	95.0	61.0	0	0	1.3584661483764648	80640	1505.3891241550446	75345	6.566220238095227	
-262524.6178860335	115.2	8.987179487179487	132.98717948717947	84.2948717948718	-6.063054385269983	1008	450	174	12.0	262.0	164.0	54	8.0	87.0	56.0	0	0	1.3291106224060059	80720	1506.7182347774506	75416	6.570862239841418	
-200029.99514139435	118.2125	9.025316455696203	136.26582278481013	86.17721518987342	-6.063054385269983	1009	451	189	12.0	254.0	156.0	39	8.0	90.0	58.0	0	0	1.805293083190918	80800	1508.5235278606415	75490	6.571782178217816	
-262536.4008470274	119.6	9.1125	137.85	87.2	-6.063054385269983	1010	451	168	13	270	167	72	8	87	56	0	0	1.854048728942871	80880	1510.3775765895844	75566	6.570227497527199	
-237526.9309086126	115.575	9.620253164556962	154.20253164556962	97.25316455696202	-6.063054385269983	1011	452	145	15.0	361.0	218.0	81	8.0	93.0	60.0	0	0	1.506756067276001	80960	1511.8843326568604	75639	6.572381422924906	
-337532.6871830698	115.8625	9.55	148.9625	93.9125	-6.063054385269983	1012	452	153	16	298	183	75	8	90	58	0	0	1.5109686851501465	81040	1513.3953013420105	75715	6.570829220138208	
-362533.8883645244	118.175	9.3	140.475	88.8375	-6.063054385269983	1013	452	174	14	228	142	75	7	82	53	0	0	1.4482014179229736	81120	1514.8435027599335	75790	6.570512820512818	
-287558.62408225087	114.8	9.7125	159.05	100.125	-6.063054385269983	1014	452	164	13	308	192	64	8	93	60	0	0	1.41721510887146	81200	1516.260717868805	75862	6.573891625615772	
-300019.33588139893	114.375	9.9	158.9	99.8875	-6.063054385269983	1015	452	165	16	525	315	60	8	93	60	0	0	1.6313581466674805	81280	1517.8920760154724	75937	6.573572834645674	
-262527.76885736536	116.725	9.6375	156.9625	98.7875	-6.063054385269983	1016	452	164	15	356	216	70	8	93	60	0	0	1.5311429500579834	81360	1519.4232189655304	76013	6.572025565388401	
-287535.7867975876	118.125	9.721518987341772	153.29113924050634	96.68354430379746	-6.063054385269983	1017	453	203	16.0	292.0	178.0	42	8.0	90.0	58.0	0	0	1.4695756435394287	81440	1520.8927946090698	76088	6.571709233791751	
-200034.820820325	119.925	9.5375	146.7625	92.6625	-6.063054385269983	1018	453	205	12	243	149	48	8	93	60	0	0	1.4209775924682617	81520	1522.313772201538	76163	6.571393523061829	
-237530.3469879895	117.8375	9.3	141.7375	89.7875	-6.063054385269983	1019	453	186	14	261	165	42	8	92	59	0	0	1.4073336124420166	81600	1523.72110581398	76239	6.569852941176464	
-275032.57037917525	119.125	9.25	145.775	92.1375	-6.063054385269983	1020	453	169	14	316	193	57	8	90	58	0	0	1.3942265510559082	81680	1525.115332365036	76314	6.569539666993137	
-175026.86950297462	116.6	9.225	143.2375	90.5875	-6.063054385269983	1021	453	179	13	249	155	49	8	87	56	0	0	1.4978539943695068	81760	1526.6131863594055	76389	6.569227005870843	
-175032.71669001924	115.6875	9.5	148.6375	93.925	-6.063054385269983	1022	453	162	14	243	149	77	8	104	67	0	0	1.458491563796997	81840	1528.0716779232025	76464	6.568914956011724	
-312531.63080936566	115.35	9.4	144.4875	91.35	-6.063054385269983	1023	453	167	13	274	169	61	8	93	60	0	0	1.3728504180908203	81920	1529.4445283412933	76540	6.5673828125	
-337520.1419908088	115.8	9.5625	146.1625	92.4875	-6.063054385269983	1024	453	162	13	266	163	61	8	82	53	0	0	1.4287147521972656	82000	1530.8732430934906	76616	6.565853658536582	
-200032.91437283336	115.1125	9.6625	157.8625	99.3625	-6.063054385269983	1025	453	163	14	317	194	65	8	93	60	0	0	1.4870445728302002	82080	1532.3602876663208	76689	6.567982456140356	
-250037.61233814497	113.4375	9.35	149.7	94.4375	-6.063054385269983	1026	453	172	15	362	220	56	8	95	61	0	0	1.457005262374878	82160	1533.8172929286957	76764	6.567672833495621	
-325021.6167887457	114.625	9.4	144.6625	91.55	-6.063054385269983	1027	453	169	15	243	149	59	8	87	56	0	0	1.4134070873260498	82240	1535.2307000160217	76838	6.5685797665369705	
-337533.49232976645	114.725	9.775	153.5125	96.8375	-6.063054385269983	1028	453	169	17	330	203	63	8	85	55	0	0	1.5489482879638672	82320	1536.7796483039856	76914	6.567055393586003	
-325044.49325804133	114.3125	9.405063291139241	149.08860759493672	94.11392405063292	-6.063054385269983	1029	454	169	14.0	317.0	194.0	79	8.0	93.0	60.0	0	0	1.6631131172180176	82400	1538.4427614212036	76989	6.56674757281553	
-225036.4949719537	112.225	9.3	144.55	91.35	-6.063054385269983	1030	454	161	14	317	194	67	8	93	60	0	0	1.9044229984283447	82480	1540.347184419632	77065	6.565227934044614	
-225026.00736445741	111.325	9.164556962025317	140.22784810126583	88.62025316455696	-6.063054385269983	1031	455	160	13.0	270.0	165.0	47	8.0	87.0	56.0	0	0	1.6591343879699707	82560	1542.006318807602	77140	6.5649224806201545	
-162535.98314873982	112.025	9.2	143.4125	90.6875	-6.063054385269983	1032	455	161	14	326	205	67	8	93	60	0	0	1.4008655548095703	82640	1543.4071843624115	77214	6.565827686350431	
-237534.64521670542	109.8625	9.325	148.2375	93.4625	-6.063054385269983	1033	455	149	13	320	196	63	8	90	58	0	0	1.3902406692504883	82720	1544.797425031662	77288	6.566731141199227	
-237526.978000586	110.625	9.240506329113924	145.59493670886076	91.70886075949367	-6.063054385269983	1034	456	171	12.0	261.0	161.0	47	8.0	93.0	60.0	0	0	1.315495252609253	82800	1546.1129202842712	77361	6.568840579710141	
-250018.63989879627	111.9	9.2875	148.5125	93.5375	-6.063054385269983	1035	456	195	14	317	194	33	8	93	60	0	0	1.4296236038208008	82880	1547.542543888092	77435	6.569739382239376	
-312538.43147749145	114.5875	9.670886075949367	157.70886075949366	99.25316455696202	-6.063054385269983	1036	457	203	18.0	378.0	236.0	25	8.0	93.0	60.0	0	0	1.610154390335083	82960	1549.1526982784271	77510	6.569431051108964	
-287540.6570801814	113.1	9.316455696202532	149.68354430379748	94.0126582278481	-6.063054385269983	1037	458	168	13.0	289.0	178.0	33	8.0	82.0	53.0	0	0	1.4214327335357666	83040	1550.574131011963	77585	6.569123314065507	
-337531.1588218176	115.025	9.3625	151.0875	94.8875	-6.063054385269983	1038	458	178	14	317	194	50	8	87	56	0	0	1.5414721965789795	83120	1552.1156032085419	77661	6.567613089509138	
-250029.45210909826	113.675	9.4625	154.6	97.3125	-6.063054385269983	1039	458	172	14	383	231	56	8	93	60	0	0	1.4955039024353027	83200	1553.6111071109772	77736	6.567307692307693	
-275033.3368054131	117.25	9.6625	155.175	97.675	-6.063054385269983	1040	458	195	14	317	194	26	8	93	60	0	0	1.5388295650482178	83280	1555.1499366760254	77812	6.565802113352547	
-287522.20734251617	116.1875	9.371794871794872	145.62820512820514	92.07692307692308	-6.063054385269983	1041	460	207	14.0	339.0	211.0	76	8.0	87.0	56.0	0	0	1.3201322555541992	83360	1556.4700689315796	77885	6.567898272552782	
-225043.95362699078	118.4375	9.675	151.475	95.675	-6.063054385269983	1042	460	182	15	456	277	72	8	87	56	0	0	1.5310473442077637	83440	1558.0011162757874	77961	6.566395014381584	
-300030.20462626626	116.8625	9.575	140.275	89.1375	-6.063054385269983	1043	460	163	15	243	149	31	7	90	58	0	0	1.370873212814331	83520	1559.3719894886017	78036	6.566091954022994	
-237540.0872364104	113.475	10.128205128205128	160.21794871794873	100.94871794871794	-6.063054385269983	1044	462	191	18.0	402.0	249.0	41	8.0	87.0	56.0	0	0	1.4869048595428467	83600	1560.8588943481445	78110	6.566985645933016	
-287535.4576330521	117.6875	9.6125	147.9625	93.6125	-6.063054385269983	1045	462	156	14	301	187	76	8	87	56	0	0	1.3526272773742676	83680	1562.2115216255188	78184	6.567877629063105	
-150033.83940483283	116.0875	9.55	145.5875	92.125	-6.063054385269983	1046	462	158	15	351	218	70	7	87	56	0	0	1.4097027778625488	83760	1563.6212244033813	78258	6.568767908309454	
-237533.14418393956	115.05	9.3125	148.2875	93.5375	-6.063054385269983	1047	462	177	12	312	191	51	7	87	56	0	0	1.453348159790039	83840	1565.0745725631714	78332	6.569656488549612	
-150031.34483589692	113.8875	9.225	148.1875	93.3625	-6.063054385269983	1048	462	177	12	243	149	57	7	90	58	0	0	1.4509649276733398	83920	1566.5255374908447	78408	6.568160152526218	
-250028.1069384004	114.45	9.325	145.825	92.0	-6.063054385269983	1049	462	177	13	266	163	70	8	87	56	0	0	1.4947774410247803	84000	1568.0203149318695	78484	6.566666666666663	
-350041.90664393565	113.3875	9.225	138.55	87.725	-6.063054385269983	1050	462	173	14	295	178	55	8	87	56	0	0	1.377699851989746	84080	1569.3980147838593	78559	6.566365366317797	
-262534.62247583957	120.2375	9.481012658227849	146.59493670886076	92.48101265822785	-6.063054385269983	1051	463	210	18.0	412.0	248.0	60	7.0	90.0	58.0	0	0	1.911045789718628	84160	1571.3090605735779	78634	6.566064638783274	
-300025.0477428548	117.7625	9.375	149.625	94.45	-6.063054385269983	1052	463	180	13	295	178	41	8	87	56	0	0	1.9847874641418457	84240	1573.2938480377197	78709	6.565764482431149	
-250036.59957730715	117.3875	9.08974358974359	142.48717948717947	89.97435897435898	-6.063054385269983	1053	465	218	15.0	459.0	277.0	27	8.0	98.0	63.0	0	0	1.5617780685424805	84320	1574.8556261062622	78782	6.567836812144208	
-275023.0762688295	115.6	9.375	144.9	91.4625	-6.063054385269983	1054	465	158	15	352	214	63	8	79	51	0	0	1.434166669845581	84400	1576.2897927761078	78857	6.567535545023702	
-162560.09634130457	115.7375	9.6125	153.8375	97.05	-6.063054385269983	1055	465	188	15	299	186	84	8	87	56	0	0	1.489990234375	84480	1577.7797830104828	78933	6.56605113636364	
-237531.3001054336	116.2875	9.4375	145.7125	92.075	-6.063054385269983	1056	465	188	14	284	173	69	8	93	60	0	0	1.4495322704315186	84560	1579.2293152809143	79008	6.565752128666034	
-262540.1108655507	113.8125	9.3875	148.6125	93.9125	-6.063054385269983	1057	465	139	12	287	174	90	8	87	56	0	0	1.4202845096588135	84640	1580.6495997905731	79084	6.564272211720223	
-237529.57331531905	114.8	9.5625	153.125	96.6	-6.063054385269983	1058	465	171	15	332	202	76	8	96	62	0	0	1.4361395835876465	84720	1582.0857393741608	79159	6.563975448536354	
-250059.1673682685	115.25	9.384615384615385	146.14102564102564	92.34615384615384	-6.063054385269983	1059	467	203	13.0	292.0	180.0	25	8.0	90.0	58.0	0	0	1.3322641849517822	84800	1583.4180035591125	79232	6.566037735849065	
-350041.98982737586	117.6375	9.518987341772151	152.41772151898735	96.24050632911393	-6.063054385269983	1060	468	167	15.0	358.0	219.0	61	8.0	82.0	53.0	0	0	1.4885311126708984	84880	1584.9065346717834	79306	6.566918001885014	
-250024.23364152768	116.3875	9.50632911392405	156.45569620253164	98.51898734177215	-6.063054385269983	1061	469	215	13.0	365.0	222.0	13	8.0	87.0	56.0	0	0	1.455394983291626	84960	1586.361929655075	79380	6.567796610169495	
-275021.4101650686	116.2125	9.525	148.75	93.9875	-6.063054385269983	1062	469	174	15	317	194	53	8	95	61	0	0	1.4709808826446533	85040	1587.8329105377197	79456	6.566321730950136	
-237540.76087669135	113.9125	9.4625	150.0	94.7125	-6.063054385269983	1063	469	206	13	279	174	53	8	90	58	0	0	1.4996535778045654	85120	1589.3325641155243	79530	6.567199248120303	
-275044.75998512126	114.5	9.725	162.2625	101.9125	-6.063054385269983	1064	469	170	14	317	194	58	8	93	60	0	0	1.6725943088531494	85200	1591.0051584243774	79606	6.565727699530527	
-300023.92724805104	115.75	9.5	156.3875	98.3625	-6.063054385269983	1065	469	183	13	399	241	45	8	92	59	0	0	1.565178394317627	85280	1592.570336818695	79681	6.565431519699814	
-300023.0626202098	115.0	9.594936708860759	151.41772151898735	95.45569620253164	-6.063054385269983	1066	470	185	12.0	261.0	165.0	58	8.0	98.0	63.0	0	0	1.4973323345184326	85360	1594.0676691532135	79756	6.565135895032796	
-237525.4831538287	111.9125	9.4125	151.25	95.1875	-6.063054385269983	1067	470	176	13	238	146	52	8	90	58	0	0	1.531531810760498	85440	1595.599200963974	79832	6.563670411985029	
-300037.6885711237	110.75	9.430379746835444	151.70886075949366	95.40506329113924	-6.063054385269983	1068	471	177	15.0	260.0	160.0	44	8.0	93.0	60.0	0	0	1.484968900680542	85520	1597.0841698646545	79907	6.563376987839092	
-250029.11414940236	120.2875	9.3125	150.5875	94.7125	-6.063054385269983	1069	471	177	14	309	189	77	8	82	53	0	0	1.4695849418640137	85600	1598.5537548065186	79982	6.563084112149525	
-325032.8275253158	114.625	9.4375	151.4375	95.175	-6.063054385269983	1070	471	202	12	285	173	65	8	90	58	0	0	1.5647144317626953	85680	1600.1184692382812	80058	6.561624649859937	
-225027.4614035509	111.875	9.675	156.9	98.5625	-6.063054385269983	1071	471	141	14	243	149	79	8	87	56	0	0	1.5611400604248047	85760	1601.679609298706	80134	6.56016791044776	
-262529.41252914234	112.3125	9.79746835443038	159.8227848101266	100.62025316455696	-6.063054385269983	1072	472	177	14.0	317.0	194.0	51	8.0	91.0	59.0	0	0	1.6729183197021484	85840	1603.3525276184082	80209	6.559878844361606	
-262529.4471196976	113.1125	9.75	159.1875	99.95	-6.063054385269983	1073	472	147	14	344	211	81	8	95	61	0	0	1.9517881870269775	85920	1605.3043158054352	80284	6.559590316573562	
-200031.2835127337	114.2125	9.746835443037975	157.46835443037975	98.87341772151899	-6.063054385269983	1074	473	163	13.0	266.0	163.0	45	8.0	95.0	61.0	0	0	1.750345230102539	86000	1607.0546610355377	80359	6.559302325581399	
-187538.13652256638	113.6875	9.4375	150.0125	94.4375	-6.063054385269983	1075	473	195	17	312	191	33	8	87	56	0	0	1.682077407836914	86080	1608.7367384433746	80434	6.559014869888486	
-337528.279158595	113.5375	9.455696202531646	148.40506329113924	93.55696202531645	-6.063054385269983	1076	474	162	13.0	312.0	191.0	66	7.0	87.0	56.0	0	0	1.4504330158233643	86160	1610.187171459198	80508	6.5598885793871915	
-237532.94134478533	113.75	9.475	150.875	95.05	-6.063054385269983	1077	474	155	14	280	170	73	8	90	58	0	0	1.3474810123443604	86240	1611.5346524715424	80582	6.560760667903523	
-262536.82560014224	113.1625	9.402597402597403	149.6883116883117	94.54545454545455	-6.063054385269983	1078	477	190	13.0	310.0	191.0	38	8.0	82.0	53.0	0	0	1.3799614906311035	86320	1612.9146139621735	80655	6.562789620018535	
-225035.73421349097	116.95	9.65	157.325	99.2375	-6.063054385269983	1079	477	176	14	353	220	74	8	90	58	0	0	1.544119119644165	86400	1614.4587330818176	80731	6.561342592592595	
-312538.3688257938	114.4875	9.632911392405063	154.21518987341773	97.18987341772151	-6.063054385269983	1080	478	208	15.0	288.0	175.0	57	8.0	90.0	58.0	0	0	1.4101567268371582	86480	1615.8688898086548	80804	6.563367252543941	
-250026.50918280418	116.3875	9.4875	147.65	93.1625	-6.063054385269983	1081	478	208	13	312	191	67	8	87	56	0	0	1.4098842144012451	86560	1617.278774023056	80879	6.563077634011094	
-300023.3342667043	113.4	9.4625	151.75	95.6125	-6.063054385269983	1082	478	189	15	329	205	49	8	93	60	0	0	1.4577789306640625	86640	1618.73655295372	80954	6.562788550323177	
-312525.7713700695	112.275	9.3625	144.3875	91.4	-6.063054385269983	1083	478	134	14	227	139	49	8	87	56	0	0	1.4806492328643799	86720	1620.2172021865845	81030	6.5613468634686285	
-300041.9101748017	114.3	9.6125	155.575	98.0375	-6.063054385269983	1084	478	179	18	323	208	49	8	93	60	0	0	1.506103754043579	86800	1621.723305940628	81106	6.559907834101381	
-225049.22605109122	115.525	9.625	158.1375	99.2375	-6.063054385269983	1085	478	153	13	331	203	75	8	93	60	0	0	1.4348397254943848	86880	1623.1581456661224	81179	6.561924493554329	
-237544.84649640686	118.0625	9.582278481012658	162.48101265822785	101.92405063291139	-6.063054385269983	1086	479	169	15.0	459.0	277.0	59	8.0	93.0	60.0	0	0	1.6479823589324951	86960	1624.806128025055	81254	6.561637534498615	
-237540.67015267248	120.75	9.5125	157.7125	98.775	-6.063054385269983	1087	479	175	13	261	162	53	8	93	60	0	0	1.528304100036621	87040	1626.3344321250916	81330	6.560202205882348	
-312532.1184366816	113.2875	9.825	158.0625	99.4625	-6.063054385269983	1088	479	178	14	266	163	50	8	93	60	0	0	1.5047502517700195	87120	1627.8391823768616	81405	6.559917355371908	
-275039.3773615736	112.225	9.417721518987342	147.56962025316454	93.20253164556962	-6.063054385269983	1089	480	177	14.0	270.0	165.0	15	8.0	82.0	53.0	0	0	1.539973497390747	87200	1629.3791558742523	81480	6.559633027522935	
-325025.3234346271	113.6	9.564102564102564	156.46153846153845	98.23076923076923	-6.063054385269983	1090	482	195	15.0	368.0	224.0	29	8.0	90.0	58.0	0	0	1.5334129333496094	87280	1630.912568807602	81552	6.562786434463803	
-225023.4497560814	125.6375	9.379746835443038	148.15189873417722	93.44303797468355	-6.063054385269983	1091	483	185	17.0	245.0	155.0	75	8.0	87.0	56.0	0	0	1.5563721656799316	87360	1632.4689409732819	81626	6.563644688644686	
-300023.3888960531	131.2875	9.316455696202532	154.32911392405063	96.9367088607595	-6.063054385269983	1092	484	196	12.0	304.0	187.0	32	8.0	93.0	60.0	0	0	1.6102747917175293	87440	1634.0792157649994	81701	6.563357731015557	
-287522.81265737844	138.9375	9.2875	150.35	94.65	-6.063054385269983	1093	484	218	13	304	187	61	7	90	58	0	0	1.475468635559082	87520	1635.5546844005585	81777	6.56192870201096	
-212540.66464033638	138.3	9.291139240506329	153.72151898734177	96.58227848101266	-6.063054385269983	1094	485	217	12.0	351.0	213.0	59	8.0	93.0	60.0	0	0	1.955672264099121	87600	1637.5103566646576	81851	6.56278538812785	
-275019.32269453193	135.7875	9.6625	159.4375	99.9625	-6.063054385269983	1095	485	218	16	317	194	59	8	100	64	0	0	2.1074306964874268	87680	1639.617787361145	81927	6.5613594890511	
-300025.6501583032	127.9	9.1125	141.6375	89.475	-6.063054385269983	1096	485	191	13	285	176	60	8	79	51	0	0	1.3978686332702637	87760	1641.0156559944153	82002	6.561075660893351	
-237534.56914924187	126.1125	9.1875	142.4875	89.95	-6.063054385269983	1097	485	191	17	270	175	93	8	93	60	0	0	1.3494288921356201	87840	1642.365084886551	82077	6.560792349726768	
-237540.29813122534	119.4875	9.225	141.6	89.475	-6.063054385269983	1098	485	222	14	350	214	75	8	80	52	0	0	1.420459508895874	87920	1643.7855443954468	82153	6.5593721565059155	
-337532.97532363463	121.375	9.3375	147.8875	93.1875	-6.063054385269983	1099	485	185	15	365	222	70	7	82	53	0	0	1.568946123123169	88000	1645.35449051857	82228	6.559090909090912	
-350037.0404165536	117.8	9.375	146.3875	92.175	-6.063054385269983	1100	485	191	14	311	187	37	8	93	60	0	0	1.4582302570343018	88080	1646.8127207756042	82304	6.557674841053583	
-337550.67676420335	118.8125	9.333333333333334	143.60256410256412	90.74358974358974	-6.063054385269983	1101	487	202	15.0	311.0	187.0	26	8.0	91.0	59.0	0	0	1.5097918510437012	88160	1648.322512626648	82377	6.5596642468239565	
-312535.4409274442	117.9	9.544303797468354	150.73417721518987	95.20253164556962	-6.063054385269983	1102	488	237	14.0	330.0	203.0	57	8.0	90.0	58.0	0	0	1.582496166229248	88240	1649.9050087928772	82451	6.5605167724388025	
-287536.24444888264	118.7125	9.569620253164556	154.70886075949366	97.32911392405063	-6.063054385269983	1103	489	185	14.0	311.0	187.0	43	7.0	74.0	48.0	0	0	1.5412249565124512	88320	1651.4462337493896	82525	6.561367753623188	
-287540.7433310479	122.9875	9.430379746835444	147.873417721519	93.17721518987342	-6.063054385269983	1104	490	180	15.0	317.0	191.0	83	8.0	90.0	58.0	0	0	1.3818261623382568	88400	1652.828059911728	82598	6.5633484162896	
-262523.3443006891	120.1875	9.475	147.6625	93.2	-6.063054385269983	1105	490	163	15	312	191	91	8	93	60	0	0	1.4855115413665771	88480	1654.3135714530945	82673	6.5630650994575035	
-262535.0110068286	115.5125	9.2625	144.3125	91.075	-6.063054385269983	1106	490	202	13	317	194	60	8	93	60	0	0	1.400266170501709	88560	1655.7138376235962	82748	6.562782294489608	
-125030.0859783334	115.3625	9.3125	145.5875	91.775	-6.063054385269983	1107	490	202	13	242	149	60	8	87	56	0	0	1.3489935398101807	88640	1657.0628311634064	82822	6.5636281588447645	
-312515.6160258906	115.2875	9.594936708860759	155.39240506329114	97.72151898734177	-6.063054385269983	1108	491	179	14.0	328.0	201.0	41	8.0	93.0	60.0	0	0	1.4343540668487549	88720	1658.4971852302551	82896	6.564472497745726	
-312528.2811378632	119.5375	9.784810126582279	157.8987341772152	99.56962025316456	-6.063054385269983	1109	492	217	15.0	328.0	201.0	51	8.0	92.0	59.0	0	0	1.5291895866394043	88800	1660.0263748168945	82971	6.564189189189179	
-275039.03139968467	120.95	9.3625	142.3625	89.9375	-6.063054385269983	1110	492	170	13	243	149	66	8	93	60	0	0	1.4065284729003906	88880	1661.432903289795	83046	6.563906390639062	
-337525.1441060455	119.8625	9.825	156.2375	98.4375	-6.063054385269983	1111	492	170	16	263	165	68	8	83	54	0	0	1.5066561698913574	88960	1662.9395594596863	83122	6.5625	
-300029.1539686831	117.7875	9.425	151.55	95.4625	-6.063054385269983	1112	492	161	13	312	191	25	8	87	56	0	0	1.4370098114013672	89040	1664.3765692710876	83198	6.561096136567841	
-262532.3887930421	116.5125	9.375	151.45	95.325	-6.063054385269983	1113	492	153	14	299	182	72	8	93	60	0	0	1.4742753505706787	89120	1665.8508446216583	83273	6.560816876122075	
-287521.6579016428	114.725	9.4125	153.975	96.8875	-6.063054385269983	1114	492	166	13	349	212	62	8	79	51	0	0	1.5245146751403809	89200	1667.3753592967987	83348	6.560538116591928	
-300028.41437614535	114.25	9.25	141.4	89.3375	-6.063054385269983	1115	492	195	14	243	149	33	8	90	58	0	0	1.6551668643951416	89280	1669.0305261611938	83424	6.55913978494624	
-250052.69955758122	115.4375	9.25	152.6625	96.05	-6.063054385269983	1116	492	207	14	316	198	50	8	96	62	0	0	1.9006893634796143	89360	1670.9312155246735	83500	6.557743957027753	
-262538.3044671651	116.0625	9.2625	145.5125	91.8625	-6.063054385269983	1117	492	207	12	249	156	82	7	82	53	0	0	1.849318265914917	89440	1672.7805337905884	83575	6.557468694096599	
-325029.44904037594	113.375	9.575	154.5375	97.4125	-6.063054385269983	1118	492	153	13	317	194	75	8	93	60	0	0	1.5824337005615234	89520	1674.36296749115	83651	6.556076854334222	
-275037.4785764123	117.275	9.65	156.9375	98.9625	-6.063054385269983	1119	492	163	14	368	224	65	8	93	60	0	0	1.552943468093872	89600	1675.9159109592438	83727	6.5546875	
-312533.14051185723	114.35	9.605263157894736	156.31578947368422	98.47368421052632	-6.063054385269983	1120	496	188	15.0	336.0	203.0	45	8.0	87.0	56.0	0	0	1.3583462238311768	89680	1677.274257183075	83796	6.561106155218553	
-350021.34316771664	115.1375	9.556962025316455	158.86075949367088	99.9493670886076	-6.063054385269983	1121	497	145	15.0	425.0	255.0	40	8.0	90.0	58.0	0	0	1.608165979385376	89760	1678.8824231624603	83870	6.561942959001783	
-212524.59763086625	119.4	9.55	153.15	96.275	-6.063054385269983	1122	497	156	16	367	220	83	7	82	53	0	0	1.4360759258270264	89840	1680.3184990882874	83945	6.561665182546747	
-200037.7861990439	115.4	9.5625	150.425	95.0125	-6.063054385269983	1123	497	150	17	333	214	74	8	93	60	0	0	1.3888373374938965	89920	1681.7073364257812	84018	6.563612099644118	
-300023.4174929139	114.1125	9.30379746835443	142.63291139240508	90.24050632911393	-6.063054385269983	1124	498	154	13.0	312.0	191.0	70	8.0	87.0	56.0	0	0	1.3953700065612793	90000	1683.1027064323425	84093	6.563333333333333	
-225031.297828459	114.1125	9.3125	148.7375	93.7125	-6.063054385269983	1125	498	161	14	368	224	63	8	87	56	0	0	1.420316457748413	90080	1684.523022890091	84166	6.565275310834821	
-337522.875929387	116.8875	9.1875	145.0375	91.5375	-6.063054385269983	1126	498	187	13	290	183	63	8	87	56	0	0	1.4844145774841309	90160	1686.007437467575	84242	6.563886424134864	
-200032.61842719233	117.5	9.425	151.35	95.25	-6.063054385269983	1127	498	161	15	309	187	69	8	82	53	0	0	1.4333369731903076	90240	1687.4407744407654	84316	6.5647163120567456	
-300024.5600888375	114.85	9.531645569620252	149.9367088607595	94.77215189873418	-6.063054385269983	1128	499	206	13.0	365.0	222.0	22	8.0	87.0	56.0	0	0	1.4280524253845215	90320	1688.86882686615	84390	6.565544729849421	
-262527.67648046825	115.1125	9.55	150.45	94.9625	-6.063054385269983	1129	499	184	13	317	194	44	7	87	56	0	0	1.4522559642791748	90400	1690.321082830429	84466	6.564159292035399	
-387525.89560680295	117.025	9.3375	140.525	89.0125	-6.063054385269983	1130	499	184	13	255	157	65	8	90	58	0	0	1.4437291622161865	90480	1691.7648119926453	84541	6.563881520778068	
-337530.92885985546	117.6375	9.5	144.9375	91.6625	-6.063054385269983	1131	499	170	13	255	157	58	8	95	61	0	0	1.3906073570251465	90560	1693.1554193496704	84616	6.563604240282686	
-325032.78380289685	118.1625	9.625	150.125	95.0875	-6.063054385269983	1132	499	148	14	317	194	80	7	90	58	0	0	1.542954444885254	90640	1694.6983737945557	84692	6.56222418358341	
-300032.07763683033	119.5	9.4625	148.65	93.8375	-6.063054385269983	1133	499	172	14	248	153	61	8	87	56	0	0	1.4654695987701416	90720	1696.1638433933258	84768	6.5608465608465565	
-237547.97936102748	120.5	9.443037974683545	146.9240506329114	92.89873417721519	-6.063054385269983	1134	500	192	15.0	271.0	166.0	58	8.0	87.0	56.0	0	0	1.4020066261291504	90800	1697.565850019455	84843	6.560572687224678	
-225026.89337479352	119.675	9.3	143.2	90.6375	-6.063054385269983	1135	500	173	14	311	189	56	8	93	60	0	0	1.3901135921478271	90880	1698.9559636116028	84918	6.560299295774655	
-262533.6422022718	112.5625	9.425	150.45	94.9125	-6.063054385269983	1136	500	168	14	317	194	60	8	93	60	0	0	1.6360838413238525	90960	1700.5920474529266	84993	6.560026385224276	
-250029.03139315173	112.3125	9.291139240506329	141.8987341772152	89.73417721518987	-6.063054385269983	1137	501	185	13.0	243.0	149.0	43	8.0	93.0	60.0	0	0	1.7423977851867676	91040	1702.3344452381134	85067	6.560852372583483	
-137537.83255477305	111.375	9.35	147.55	93.0875	-6.063054385269983	1138	501	132	12	317	194	61	8	98	63	0	0	1.7603445053100586	91120	1704.0947897434235	85142	6.560579455662861	
-225025.76457709694	114.3375	9.4125	153.125	96.45	-6.063054385269983	1139	501	186	14	317	194	42	8	90	58	0	0	1.4438388347625732	91200	1705.538628578186	85216	6.561403508771932	
-300036.94813253835	115.4875	9.325	139.125	88.075	-6.063054385269983	1140	501	165	13	280	172	79	8	90	58	0	0	1.3791062831878662	91280	1706.917734861374	85290	6.562226117440844	
-200035.2106534015	118.1375	9.625	152.3875	96.1375	-6.063054385269983	1141	501	182	14	312	191	58	7	82	53	0	0	1.4516692161560059	91360	1708.36940407753	85365	6.561952714535906	
-287538.7505206571	115.7375	9.405063291139241	148.53164556962025	93.79746835443038	-6.063054385269983	1142	502	216	14.0	433.0	268.0	12	8.0	93.0	60.0	0	0	1.3707900047302246	91440	1709.7401940822601	85438	6.563867016622922	
-425019.4237637542	113.6	9.5375	148.825	94.2	-6.063054385269983	1143	502	183	15	266	163	45	8	82	53	0	0	1.4145679473876953	91520	1711.1547620296478	85513	6.563592657342653	
-262539.0004244527	118.85	9.3625	142.7375	90.3875	-6.063054385269983	1144	502	183	14	294	185	70	8	87	56	0	0	1.4536259174346924	91600	1712.6083879470825	85588	6.563318777292579	
-275032.40587328316	114.925	9.1875	136.875	86.725	-6.063054385269983	1145	502	189	12	243	149	49	8	87	56	0	0	1.421482801437378	91680	1714.02987074852	85663	6.563045375218152	
-187531.9199428666	117.0	9.2625	145.8	92.1	-6.063054385269983	1146	502	189	14	459	277	39	8	95	61	0	0	1.4752027988433838	91760	1715.5050735473633	85738	6.562772449869229	
-287530.46362786985	115.9125	9.225	136.825	86.825	-6.063054385269983	1147	502	189	12	243	149	60	8	87	56	0	0	1.3154430389404297	91840	1716.8205165863037	85812	6.563588850174213	
-237536.96138452535	113.4375	9.544303797468354	150.1012658227848	94.81012658227849	-6.063054385269983	1148	503	162	17.0	255.0	159.0	66	8.0	87.0	56.0	0	0	1.4080214500427246	91920	1718.2285380363464	85887	6.563315926892955	
-325034.4733335014	113.425	9.379746835443038	143.46835443037975	90.54430379746836	-6.063054385269983	1149	504	187	12.0	265.0	162.0	41	8.0	90.0	58.0	0	0	1.4028198719024658	92000	1719.631357908249	85960	6.565217391304344	
-275030.1851546001	115.0375	9.45	141.55	89.675	-6.063054385269983	1150	504	172	17	296	188	56	8	93	60	0	0	1.3785581588745117	92080	1721.0099160671234	86033	6.567115551694187	
-262540.3397237441	113.275	9.3375	142.0	89.9	-6.063054385269983	1151	504	157	15	317	194	56	8	87	56	0	0	1.3650357723236084	92160	1722.374951839447	86106	6.569010416666671	
-250038.08230514155	116.1375	9.278481012658228	138.72151898734177	87.82278481012658	-6.063054385269983	1152	505	169	16.0	266.0	163.0	56	8.0	95.0	61.0	0	0	1.3229525089263916	92240	1723.6979043483734	86180	6.569817866435386	
-225037.8461276716	118.175	9.5	149.97435897435898	94.65384615384616	-6.063054385269983	1153	507	180	14.0	266.0	163.0	49	8.0	87.0	56.0	0	0	1.4110982418060303	92320	1725.1090025901794	86253	6.571707105719241	
-275036.8717858919	116.275	9.1875	143.275	90.4125	-6.063054385269983	1154	507	166	13	336	205	70	7	90	58	0	0	1.4342076778411865	92400	1726.5432102680206	86328	6.571428571428569	
-300032.3706539098	115.55	9.4625	150.8	95.075	-6.063054385269983	1155	507	160	14	317	194	68	8	87	56	0	0	1.3904452323913574	92480	1727.933655500412	86403	6.57115051903115	
-200040.52983497828	117.4875	9.6125	154.05	96.925	-6.063054385269983	1156	507	171	14	314	194	57	8	93	60	0	0	1.6263082027435303	92560	1729.5599637031555	86479	6.56979256698358	
-262529.71932697855	117.7625	9.5125	155.425	97.5875	-6.063054385269983	1157	507	208	13	321	195	66	8	93	60	0	0	1.5267398357391357	92640	1731.0867035388947	86555	6.56843696027633	
-225037.7018486616	118.2375	9.575	151.4125	95.5	-6.063054385269983	1158	507	175	15	270	170	84	8	88	57	0	0	1.8010430335998535	92720	1732.8877465724945	86630	6.568162208800686	
-287539.9349930445	117.1875	9.341772151898734	150.60759493670886	94.9620253164557	-6.063054385269983	1159	508	189	13.0	266.0	163.0	66	8.0	93.0	60.0	0	0	1.879232406616211	92800	1734.7669789791107	86704	6.568965517241381	
-287522.8357700715	114.1125	9.2125	147.125	92.8375	-6.063054385269983	1160	508	173	13	288	182	55	8	93	60	0	0	1.6175224781036377	92880	1736.3845014572144	86777	6.57084409991387	
-325042.6983029443	117.9125	9.30379746835443	144.51898734177215	91.44303797468355	-6.063054385269983	1161	509	185	15.0	312.0	191.0	61	8.0	93.0	60.0	0	0	1.4194118976593018	92960	1737.8039133548737	86851	6.571643717728065	
-275040.78003584483	116.8375	9.425	147.5	93.1375	-6.063054385269983	1162	509	173	14	312	191	67	8	87	56	0	0	1.4401235580444336	93040	1739.244036912918	86925	6.572441960447122	
-325024.7912504011	118.9875	9.4625	146.8	92.8125	-6.063054385269983	1163	509	173	14	272	169	83	8	93	60	0	0	1.4539532661437988	93120	1740.697990179062	87000	6.572164948453604	
-275026.50316652714	117.2	9.20253164556962	141.1012658227848	89.25316455696202	-6.063054385269983	1164	510	173	12.0	312.0	191.0	55	8.0	93.0	60.0	0	0	1.4444172382354736	93200	1742.1424074172974	87072	6.5751072961373325	
-350037.43947656825	119.8125	9.3	141.3875	89.3125	-6.063054385269983	1165	510	173	14	257	157	81	8	82	53	0	0	1.412245273590088	93280	1743.5546526908875	87147	6.574828473413376	
-312543.41442415514	115.475	9.5125	147.925	93.55	-6.063054385269983	1166	510	185	13	319	192	43	8	91	59	0	0	1.4145824909210205	93360	1744.9692351818085	87223	6.57347900599828	
-337524.02874307137	118.2875	9.354430379746836	139.79746835443038	88.60759493670886	-6.063054385269983	1167	511	208	13.0	298.0	188.0	20	8.0	87.0	56.0	0	0	1.4707658290863037	93440	1746.4400010108948	87298	6.573202054794521	
-300038.7895651873	114.3125	9.725	153.125	96.8625	-6.063054385269983	1168	511	165	16	345	212	80	8	91	59	0	0	1.5771691799163818	93520	1748.0171701908112	87373	6.572925577416598	
-250053.2740794154	116.2125	9.125	140.825	89.1375	-6.063054385269983	1169	511	165	14	327	201	82	8	87	56	0	0	1.4641697406768799	93600	1749.481339931488	87446	6.574786324786331	
-312541.5981965138	116.0	9.582278481012658	148.8987341772152	93.9113924050633	-6.063054385269983	1170	512	192	15.0	274.0	166.0	36	8.0	87.0	56.0	0	0	1.542597770690918	93680	1751.023937702179	87521	6.574508966695134	
-262532.10928601056	114.3125	9.556962025316455	155.68354430379748	98.15189873417721	-6.063054385269983	1171	513	171	15.0	317.0	194.0	57	8.0	99.0	64.0	0	0	1.4085679054260254	93760	1752.432505607605	87594	6.576365187713307	
-237526.40232336614	114.325	9.65	160.45	100.9875	-6.063054385269983	1172	513	154	15	387	235	80	8	87	56	0	0	1.5808689594268799	93840	1754.0133745670319	87670	6.575021312872977	
-275035.96356992895	114.6125	9.717948717948717	159.89743589743588	100.57692307692308	-6.063054385269983	1173	515	196	14.0	387.0	235.0	32	8.0	93.0	60.0	0	0	1.5536136627197266	93920	1755.5669882297516	87744	6.57580919931857	
-300028.9900785399	116.45	9.625	150.4	95.05	-6.063054385269983	1174	515	179	18	282	183	49	8	93	60	0	0	1.4416208267211914	94000	1757.0086090564728	87819	6.575531914893617	
-325026.8424355762	119.125	9.6875	156.525	98.55	-6.063054385269983	1175	515	192	14	298	181	70	8	93	60	0	0	1.5207772254943848	94080	1758.5293862819672	87895	6.574192176870753	
-150039.55093398262	118.3625	9.375	145.4	91.8	-6.063054385269983	1176	515	150	14	317	194	77	7	74	48	0	0	1.5195441246032715	94160	1760.0489304065704	87971	6.572854715378085	
-275042.6005914188	113.525	9.6375	154.3625	97.2375	-6.063054385269983	1177	515	147	15	291	177	81	8	79	51	0	0	1.5445785522460938	94240	1761.5935089588165	88047	6.571519524617997	
-187533.7064239006	114.625	9.9	165.5625	103.8625	-6.063054385269983	1178	515	169	14	327	201	59	8	93	60	0	0	1.5345094203948975	94320	1763.1280183792114	88123	6.570186598812555	
-237535.97590025756	113.0625	9.658227848101266	156.32911392405063	98.34177215189874	-6.063054385269983	1179	516	222	14.0	270.0	171.0	6	8.0	95.0	61.0	0	0	1.5060932636260986	94400	1764.6341116428375	88198	6.569915254237287	
-212527.1916144038	114.1875	9.5125	149.175	94.15	-6.063054385269983	1180	516	144	14	275	170	84	8	82	53	0	0	1.868210792541504	94480	1766.502322435379	88274	6.568585944115156	
-325024.55962921324	114.5875	9.4125	146.075	92.275	-6.063054385269983	1181	516	163	14	266	163	65	8	82	53	0	0	1.8742029666900635	94560	1768.376525402069	88350	6.567258883248726	
-250042.16380690603	112.85	9.35	146.7625	92.475	-6.063054385269983	1182	516	177	16	304	191	29	7	82	53	0	0	1.5342607498168945	94640	1769.910786151886	88426	6.565934065934059	
-237537.11110470732	116.3375	9.5	149.95	94.7125	-6.063054385269983	1183	516	186	13	317	194	56	8	88	57	0	0	1.4825148582458496	94720	1771.3933010101318	88501	6.565667229729726	
-237525.55902406145	116.4125	9.325	141.2875	89.4125	-6.063054385269983	1184	516	170	14	313	190	65	7	85	55	0	0	1.440721035003662	94800	1772.8340220451355	88577	6.564345991561183	
-250042.7166787563	115.6625	9.15	137.45	87.125	-6.063054385269983	1185	516	170	13	317	194	58	8	87	56	0	0	1.4084548950195312	94880	1774.242476940155	88652	6.5640809443507635	
-237520.59387344812	113.225	9.3	147.6625	93.175	-6.063054385269983	1186	516	184	13	317	194	51	8	95	61	0	0	1.4524104595184326	94960	1775.6948873996735	88727	6.563816343723673	
-237532.21731282212	115.6125	9.3125	139.5625	88.3875	-6.063054385269983	1187	516	176	14	256	156	52	8	87	56	0	0	1.4482836723327637	95040	1777.1431710720062	88802	6.563552188552194	
-212536.0845975886	114.875	9.325	146.0	92.125	-6.063054385269983	1188	516	152	13	326	204	84	8	87	56	0	0	1.4860219955444336	95120	1778.6291930675507	88878	6.56223717409587	
-212541.1959954076	116.025	9.55	149.0625	94.1875	-6.063054385269983	1189	516	167	15	287	178	61	8	87	56	0	0	1.4635224342346191	95200	1780.0927155017853	88954	6.5609243697478945	
-300027.18940811	114.4375	9.3625	140.7375	89.1	-6.063054385269983	1190	516	179	14	266	163	61	8	90	58	0	0	1.3791029453277588	95280	1781.471818447113	89029	6.560663308144427	
-312542.442737697	113.65	9.5	148.7375	94.075	-6.063054385269983	1191	516	144	14	287	186	61	8	95	61	0	0	1.4645791053771973	95360	1782.9363975524902	89105	6.559354026845639	
-200056.82107878788	114.7875	9.151898734177216	140.60759493670886	89.0126582278481	-6.063054385269983	1192	517	195	14.0	317.0	194.0	34	7.0	87.0	56.0	0	0	1.3799128532409668	95440	1784.3163104057312	89180	6.559094719195301	
-287547.6748325502	116.3375	9.45	149.1	94.4875	-6.063054385269983	1193	517	195	14	296	185	77	8	95	61	0	0	1.425349473953247	95520	1785.7416598796844	89255	6.558835845896155	
-300032.6774724484	115.6	9.025316455696203	132.13924050632912	83.87341772151899	-6.063054385269983	1194	518	195	13.0	246.0	154.0	37	8.0	87.0	56.0	0	0	1.352391004562378	95600	1787.0940508842468	89329	6.559623430962347	
-237529.5139366843	119.0875	9.4125	143.6375	90.7625	-6.063054385269983	1195	518	195	15	279	171	67	8	94	61	0	0	1.5543851852416992	95680	1788.6484360694885	89405	6.558319397993301	
-287532.8880378831	122.2125	9.3375	144.3875	90.9875	-6.063054385269983	1196	518	242	14	270	164	67	8	87	56	0	0	1.4682447910308838	95760	1790.1166808605194	89479	6.559106098579775	
-250025.95382024045	118.475	9.5	149.2125	94.2375	-6.063054385269983	1197	518	222	14	327	201	65	8	85	55	0	0	1.5064654350280762	95840	1791.6231462955475	89555	6.557804674457429	
-275024.3577046935	115.1625	9.5125	147.175	92.8625	-6.063054385269983	1198	518	167	14	311	192	61	8	93	60	0	0	1.4876227378845215	95920	1793.110769033432	89631	6.556505421184326	
-237538.5739961352	117.475	9.5125	146.45	92.6	-6.063054385269983	1199	518	162	15	266	163	87	8	90	58	0	0	1.4157419204711914	96000	1794.5265109539032	89706	6.5562499999999915	
-312534.15757256653	115.4	9.6375	147.225	93.2	-6.063054385269983	1200	518	157	15	403	246	71	8	93	60	0	0	1.4163880348205566	96080	1795.9428989887238	89780	6.557035803497087	
-362527.6038259307	113.2125	9.45	146.9625	92.75	-6.063054385269983	1201	518	130	14	283	172	97	8	87	56	0	0	1.3473618030548096	96160	1797.2902607917786	89854	6.557820299500833	
-250029.88147131624	113.5	9.6625	151.8375	96.0375	-6.063054385269983	1202	518	146	17	271	166	82	8	93	60	0	0	1.8484272956848145	96240	1799.1386880874634	89930	6.556525353283462	
-187526.55579561502	114.0375	9.4125	145.05	91.725	-6.063054385269983	1203	518	155	12	247	150	76	8	87	56	0	0	1.8152377605438232	96320	1800.9539258480072	90006	6.5552325581395365	
-262533.03839981335	115.325	9.45	145.1625	91.7625	-6.063054385269983	1204	518	153	13	289	178	76	8	87	56	0	0	1.612126111984253	96400	1802.5660519599915	90079	6.5570539419087055	
-300024.9244227748	114.6	9.7	155.425	98.0	-6.063054385269983	1205	518	177	15	293	180	39	8	98	63	0	0	1.5730206966400146	96480	1804.1390726566315	90155	6.555762852404641	
-237533.91205898844	114.975	9.329113924050633	146.7594936708861	92.68354430379746	-6.063054385269983	1206	519	157	13.0	266.0	163.0	71	8.0	95.0	61.0	0	0	1.3638780117034912	96560	1805.502950668335	90228	6.557580778790381	
-325029.244316985	113.75	9.4875	147.8875	93.575	-6.063054385269983	1207	519	191	13	282	175	37	8	87	56	0	0	1.4014930725097656	96640	1806.9044437408447	90301	6.5593956953642305	
-325028.3658233634	113.9625	9.569620253164556	149.81012658227849	94.55696202531645	-6.063054385269983	1208	520	167	14.0	304.0	188.0	61	8.0	95.0	61.0	0	0	1.4368226528167725	96720	1808.3412663936615	90376	6.55913978494624	
-237532.09535693395	114.4375	9.175	139.2	88.025	-6.063054385269983	1209	520	166	13	266	163	62	7	74	48	0	0	1.3417797088623047	96800	1809.6830461025238	90449	6.560950413223139	
-262532.8299341948	114.3625	9.481012658227849	145.59493670886076	91.86075949367088	-6.063054385269983	1210	521	213	13.0	266.0	163.0	15	8.0	93.0	60.0	0	0	1.4190466403961182	96880	1811.10209274292	90524	6.560693641618499	
-287536.65682712913	113.75	9.69620253164557	154.79746835443038	97.40506329113924	-6.063054385269983	1211	522	214	14.0	373.0	227.0	19	8.0	93.0	60.0	0	0	1.4863336086273193	96960	1812.5884263515472	90599	6.560437293729365	
-250043.81741745345	114.075	9.3	140.9375	89.225	-6.063054385269983	1212	522	174	14	245	154	54	8	93	60	0	0	1.5376203060150146	97040	1814.1260466575623	90675	6.559150865622428	
-287550.4881103984	115.8375	9.275	139.85	88.475	-6.063054385269983	1213	522	168	14	360	220	60	7	90	58	0	0	1.3495965003967285	97120	1815.475643157959	90749	6.559925864909388	
-300037.37016540905	117.025	9.594936708860759	151.50632911392404	95.58227848101266	-6.063054385269983	1214	523	205	17.0	343.0	208.0	63	8.0	82.0	53.0	0	0	1.3802063465118408	97200	1816.8558495044708	90823	6.560699588477377	
-225029.41932669646	112.65	9.7875	154.4125	97.4875	-6.063054385269983	1215	523	171	15	282	180	55	8	82	53	0	0	1.4274392127990723	97280	1818.28328871727	90896	6.5625	
-300036.44654595363	114.4875	9.4625	146.8125	92.5375	-6.063054385269983	1216	523	178	13	312	191	57	8	92	59	0	0	1.446770191192627	97360	1819.7300589084625	90970	6.563270336894007	
-287535.73593720753	116.4	9.575	149.8	94.45	-6.063054385269983	1217	523	175	14	298	182	60	8	87	56	0	0	1.4748852252960205	97440	1821.2049441337585	91046	6.561986863710999	
-262533.02370386245	116.6875	9.405063291139241	145.69620253164558	92.0379746835443	-6.063054385269983	1218	524	185	15.0	340.0	213.0	67	8.0	82.0	53.0	0	0	1.3583025932312012	97520	1822.5632467269897	91121	6.561730926989341	
-350031.9190225479	116.4625	9.3875	144.7625	91.6375	-6.063054385269983	1219	524	160	12	245	149	68	8	79	51	0	0	1.4277775287628174	97600	1823.9910242557526	91196	6.561475409836078	
-287532.0251437191	113.85	9.594936708860759	152.72151898734177	96.18987341772151	-6.063054385269983	1220	525	141	18.0	331.0	207.0	82	8.0	93.0	60.0	0	0	1.4291932582855225	97680	1825.420217514038	91268	6.564291564291565	
-237530.25387273062	113.8	9.3	147.9125	93.1375	-6.063054385269983	1221	525	139	13	247	155	89	8	90	58	0	0	1.3543612957000732	97760	1826.7745788097382	91343	6.564034369885434	
-375034.05337723484	113.375	9.575	153.9	97.05	-6.063054385269983	1222	525	175	13	365	222	49	8	87	56	0	0	1.4854369163513184	97840	1828.2600157260895	91419	6.562755519215045	
-275029.5354084702	116.4125	9.3	144.4125	91.1625	-6.063054385269983	1223	525	187	12	256	158	65	8	93	60	0	0	1.422400951385498	97920	1829.682416677475	91494	6.5625	
-262527.5415685786	114.2125	9.425	148.875	93.875	-6.063054385269983	1224	525	163	14	315	196	65	8	90	58	0	0	1.53147554397583	98000	1831.2138922214508	91569	6.562244897959175	
-225039.7457424582	115.4	9.325	145.7	91.9375	-6.063054385269983	1225	525	148	13	269	166	80	8	79	51	0	0	1.918586254119873	98080	1833.1324784755707	91645	6.56097063621533	
-237539.28386959652	115.3	9.4875	152.2875	95.95	-6.063054385269983	1226	525	148	15	312	191	82	8	95	61	0	0	1.9012320041656494	98160	1835.0337104797363	91721	6.559698451507742	
-250042.97969044914	113.9875	9.9	168.2375	105.2625	-6.063054385269983	1227	525	187	13	459	277	41	7	82	53	0	0	1.7165961265563965	98240	1836.7503066062927	91797	6.558428338762212	
-312529.95148082223	115.775	9.6875	154.0625	97.15	-6.063054385269983	1228	525	181	20	459	277	52	8	90	58	0	0	1.5268607139587402	98320	1838.2771673202515	91870	6.560211554109031	
-250026.85681912964	119.225	9.5	152.8375	96.4375	-6.063054385269983	1229	525	181	14	459	277	86	8	90	58	0	0	1.6056997776031494	98400	1839.8828670978546	91946	6.5589430894308975	
-200027.03144155172	122.4125	9.525	154.55	97.475	-6.063054385269983	1230	525	181	13	275	170	70	8	90	58	0	0	1.4383533000946045	98480	1841.3212203979492	92022	6.557676685621445	
-287528.77257136384	119.9625	9.3	148.6875	93.65	-6.063054385269983	1231	525	223	13	275	170	53	8	87	56	0	0	1.4050085544586182	98560	1842.7262289524078	92096	6.558441558441558	
-200037.45597915578	119.225	9.461538461538462	153.44871794871796	96.42307692307692	-6.063054385269983	1232	527	223	13.0	317.0	194.0	33	8.0	93.0	60.0	0	0	1.4325230121612549	98640	1844.158751964569	92170	6.559205190592053	
-300032.5770470289	121.05	9.443037974683545	155.9746835443038	98.0253164556962	-6.063054385269983	1233	528	162	13.0	330.0	203.0	75	8.0	95.0	61.0	0	0	1.4623005390167236	98720	1845.6210525035858	92244	6.55996758508914	
-212542.57710108408	119.875	9.575	159.125	100.1125	-6.063054385269983	1234	528	175	15	296	182	83	8	92	59	0	0	1.6071772575378418	98800	1847.2282297611237	92320	6.558704453441294	
-200045.54849951243	114.2625	9.6875	163.45	102.4625	-6.063054385269983	1235	528	167	14	366	226	61	8	90	58	0	0	1.6434659957885742	98880	1848.8716957569122	92393	6.560477346278319	
-200035.67517350157	115.025	9.5625	162.0125	101.75	-6.063054385269983	1236	528	176	14	317	194	65	8	93	60	0	0	1.5410802364349365	98960	1850.4127759933472	92468	6.5602263540824595	
-262539.71943925106	114.45	9.8	159.7875	100.5375	-6.063054385269983	1237	528	185	15	456	277	43	8	93	60	0	0	1.5241849422454834	99040	1851.9369609355927	92542	6.560985460420028	
-275024.6172584655	118.9625	9.9125	165.275	103.575	-6.063054385269983	1238	528	185	13	365	222	50	8	93	60	0	0	1.622298002243042	99120	1853.5592589378357	92618	6.559725585149309	
-200035.71500593284	118.8625	9.89873417721519	170.32911392405063	106.48101265822785	-6.063054385269983	1239	529	164	14.0	345.0	214.0	60	8.0	93.0	60.0	0	0	1.640303611755371	99200	1855.199562549591	92690	6.5625	
-337516.19746535795	120.075	9.91139240506329	165.9746835443038	104.25316455696202	-6.063054385269983	1240	530	193	15.0	323.0	201.0	35	8.0	87.0	56.0	0	0	1.589456558227539	99280	1856.7890191078186	92765	6.562248186946007	
-212528.6808547178	120.3375	9.8125	159.4125	100.3375	-6.063054385269983	1241	530	193	16	300	181	61	8	93	60	0	0	1.5125277042388916	99360	1858.3015468120575	92840	6.561996779388082	
-300028.5173728857	119.65	10.0	158.34615384615384	100.03846153846153	-6.063054385269983	1242	532	177	16.0	300.0	181.0	50	8.0	93.0	60.0	0	0	1.4944021701812744	99440	1859.7959489822388	92913	6.563757039420764	
-187554.86561689427	122.3	9.924050632911392	164.36708860759492	103.36708860759494	-6.063054385269983	1243	533	197	16.0	338.0	212.0	57	8.0	87.0	56.0	0	0	1.504328727722168	99520	1861.300277709961	92987	6.564509646302255	
-212525.76080800305	118.95	9.5625	150.3375	94.6875	-6.063054385269983	1244	533	180	15	300	181	48	8	95	61	0	0	1.439746618270874	99600	1862.7400243282318	93062	6.564257028112451	
-237534.42642302462	117.25	9.2875	140.6	89.0125	-6.063054385269983	1245	533	172	13	308	190	72	8	93	60	0	0	1.5641391277313232	99680	1864.3041634559631	93136	6.565008025682189	
-300034.98477180634	116.5125	9.645569620253164	148.9746835443038	94.21518987341773	-6.063054385269983	1246	534	185	16.0	273.0	173.0	43	8.0	98.0	63.0	0	0	1.9058294296264648	99760	1866.2099928855896	93211	6.564755412991175	
-225040.27033743897	115.5875	9.2125	137.075	86.775	-6.063054385269983	1247	534	168	16	285	175	60	8	87	56	0	0	1.7808458805084229	99840	1867.990838766098	93286	6.564503205128204	
-287543.1741575615	113.9625	9.4	141.6875	89.7625	-6.063054385269983	1248	534	179	13	243	149	49	7	82	53	0	0	1.4364118576049805	99920	1869.427250623703	93362	6.563250600480387	
-250025.35259770672	117.375	9.354430379746836	144.25316455696202	91.0379746835443	-6.063054385269983	1249	535	191	13.0	277.0	170.0	47	7.0	82.0	53.0	0	0	1.330578088760376	100000	1870.7578287124634	93434	6.5660000000000025	
-212536.88332262303	119.9875	9.468354430379748	146.51898734177215	92.53164556962025	-6.063054385269983	1250	536	191	15.0	290.0	184.0	57	8.0	82.0	53.0	0	0	1.394057035446167	100080	1872.1518857479095	93508	6.566746602717828	
-287526.51596744114	114.925	9.582278481012658	149.16455696202533	94.21518987341773	-6.063054385269983	1251	537	180	15.0	317.0	194.0	48	8.0	93.0	60.0	0	0	1.3748092651367188	100160	1873.5266950130463	93581	6.568490415335461	
-175030.9983285011	115.675	9.5875	154.2	97.075	-6.063054385269983	1252	537	180	15	317	194	53	8	93	60	0	0	1.500800371170044	100240	1875.0274953842163	93656	6.568236233040707	
-287543.3743809698	113.9	9.569620253164556	152.1139240506329	95.9113924050633	-6.063054385269983	1253	538	178	15.0	344.0	211.0	50	8.0	93.0	60.0	0	0	1.454695701599121	100320	1876.4821910858154	93730	6.568979266347682	
-250028.46331599605	113.95	9.2	144.8	91.4125	-6.063054385269983	1254	538	178	13	353	217	46	8	90	58	0	0	1.4500417709350586	100400	1877.9322328567505	93806	6.567729083665341	
-300034.0659306057	114.15	9.2375	139.575	88.25	-6.063054385269983	1255	538	183	13	317	194	45	7	82	53	0	0	1.3609974384307861	100480	1879.2932302951813	93882	6.566480891719749	
-237541.36187206302	118.6125	9.325	142.525	90.175	-6.063054385269983	1256	538	194	17	365	222	78	8	93	60	0	0	1.4610772132873535	100560	1880.7543075084686	93957	6.5662291169451095	
-325029.9917392276	124.5	9.3	151.6625	95.3625	-6.063054385269983	1257	538	249	13	365	222	59	7	90	58	0	0	1.5081391334533691	100640	1882.262446641922	94032	6.565977742448325	
-212535.6049258261	127.6	9.153846153846153	143.62820512820514	90.64102564102564	-6.063054385269983	1258	540	249	12.0	317.0	194.0	45	8.0	95.0	61.0	0	0	1.3846724033355713	100720	1883.6471190452576	94106	6.566719618745026	
-325023.3892094813	120.875	9.55	151.95	95.925	-6.063054385269983	1259	540	218	15	308	197	51	8	87	56	0	0	1.511207103729248	100800	1885.1583261489868	94182	6.56547619047619	
-200042.41944558124	115.7875	9.4125	141.025	89.2625	-6.063054385269983	1260	540	171	15	293	180	69	8	92	59	0	0	1.3680107593536377	100880	1886.5263369083405	94258	6.5642347343378304	
-287527.20440666954	116.4625	9.2875	150.6875	94.9875	-6.063054385269983	1261	540	187	13	317	194	41	8	87	56	0	0	1.4971716403961182	100960	1888.0235085487366	94333	6.563985736925517	
-162540.35810025042	117.425	9.3	145.5625	91.8	-6.063054385269983	1262	540	182	14	266	163	41	8	93	60	0	0	1.371131420135498	101040	1889.394639968872	94406	6.565716547901829	
-275062.75805278757	115.55	9.455696202531646	148.59493670886076	93.74683544303798	-6.063054385269983	1263	541	194	14.0	377.0	231.0	53	8.0	92.0	59.0	0	0	1.4563822746276855	101120	1890.8510222434998	94481	6.565466772151893	
-325039.9978557741	119.575	9.4	139.475	88.475	-6.063054385269983	1264	541	175	13	278	174	67	8	95	61	0	0	1.3980786800384521	101200	1892.2491009235382	94557	6.564229249011859	
-175028.15651296722	120.0125	9.375	146.0875	92.1625	-6.063054385269983	1265	541	175	13	266	162	60	7	90	58	0	0	1.4532015323638916	101280	1893.702302455902	94633	6.562993680884674	
-237532.24208741914	119.375	9.481012658227849	156.2405063291139	98.32911392405063	-6.063054385269983	1266	542	167	15.0	317.0	194.0	61	7.0	90.0	58.0	0	0	1.4882607460021973	101360	1895.1905632019043	94706	6.564719810576165	
-225041.56672580013	111.6125	9.4625	148.7375	93.8875	-6.063054385269983	1267	542	198	14	295	183	30	7	82	53	0	0	1.4635653495788574	101440	1896.6541285514832	94782	6.563485804416402	
-262544.19468065526	115.7	9.6375	151.85	95.7875	-6.063054385269983	1268	542	178	15	351	213	59	8	90	58	0	0	1.7346453666687012	101520	1898.3887739181519	94858	6.5622537431048045	
-287546.3914889968	117.575	9.333333333333334	154.60256410256412	97.15384615384616	-6.063054385269983	1269	544	183	13.0	353.0	213.0	45	8.0	93.0	60.0	0	0	2.0433812141418457	101600	1900.4321551322937	94932	6.562992125984252	
-250039.97237859404	119.325	9.531645569620252	156.08860759493672	98.11392405063292	-6.063054385269983	1270	545	181	14.0	351.0	213.0	56	8.0	92.0	59.0	0	0	1.8265323638916016	101680	1902.2586874961853	95007	6.562745869394178	
-125035.92343568709	122.4	9.55	155.75	98.025	-6.063054385269983	1271	545	178	15	353	213	73	8	79	51	0	0	1.534409761428833	101760	1903.7930972576141	95081	6.563482704402517	
-187526.06996396912	115.65	9.525	155.4375	97.7375	-6.063054385269983	1272	545	189	14	293	180	39	8	95	61	0	0	1.4688432216644287	101840	1905.2619404792786	95156	6.563236449332294	
-200035.92823286416	114.4	9.6875	155.4875	98.0	-6.063054385269983	1273	545	197	16	269	167	31	8	95	61	0	0	1.4278302192687988	101920	1906.6897706985474	95231	6.562990580847725	
-250034.89682707988	114.7625	9.037974683544304	137.9746835443038	87.25316455696202	-6.063054385269983	1274	546	151	14.0	257.0	164.0	77	8.0	93.0	60.0	0	0	1.398709774017334	102000	1908.0884804725647	95306	6.5627450980392155	
-212530.66643911842	115.8375	9.4875	152.575	96.1875	-6.063054385269983	1275	546	153	15	320	196	83	8	90	58	0	0	1.6142003536224365	102080	1909.7026808261871	95380	6.563479623824449	
-275030.55516287277	115.2375	9.2875	144.9375	91.575	-6.063054385269983	1276	546	158	12	253	157	70	8	93	60	0	0	1.408341407775879	102160	1911.111022233963	95454	6.564212999216906	
-262541.2583810527	117.975	9.775	153.2	96.5375	-6.063054385269983	1277	546	177	14	298	180	65	8	93	60	0	0	1.4799907207489014	102240	1912.591012954712	95529	6.563967136150239	
-300049.87691014534	121.025	9.2875	138.9375	88.05	-6.063054385269983	1278	546	189	12	256	162	39	8	93	60	0	0	1.3602781295776367	102320	1913.9512910842896	95605	6.562744331508995	
-250025.65556370822	123.65	9.860759493670885	154.22784810126583	97.44303797468355	-6.063054385269983	1279	547	196	16.0	317.0	196.0	48	8.0	93.0	60.0	0	0	1.4478645324707031	102400	1915.3991556167603	95680	6.5625	
-250023.9135661276	125.15	9.825	151.6875	95.725	-6.063054385269983	1280	547	173	14	296	181	57	8	95	61	0	0	1.4088561534881592	102480	1916.8080117702484	95755	6.562256049960965	
-337527.54518688575	118.925	9.5125	149.2625	94.0375	-6.063054385269983	1281	547	180	13	266	163	68	8	93	60	0	0	1.402409315109253	102560	1918.2104210853577	95829	6.56298751950078	
-212557.2170958438	121.5875	9.341772151898734	141.25316455696202	89.35443037974683	-6.063054385269983	1282	548	171	15.0	260.0	160.0	57	8.0	92.0	59.0	0	0	1.3485462665557861	102640	1919.5589673519135	95903	6.563717848791896	
-200047.6203055707	117.775	9.3875	147.3625	92.9375	-6.063054385269983	1283	548	161	12	312	191	86	8	87	56	0	0	1.4240264892578125	102720	1920.9829938411713	95978	6.563473520249218	
-225040.2175510895	116.5	9.708860759493671	157.08860759493672	98.75949367088607	-6.063054385269983	1284	549	159	14.0	266.0	163.0	77	8.0	92.0	59.0	0	0	1.3967692852020264	102800	1922.3797631263733	96053	6.5632295719844365	
-212531.47061669902	114.35	9.6125	150.075	94.7625	-6.063054385269983	1285	549	159	14	312	191	83	8	87	56	0	0	1.4400744438171387	102880	1923.8198375701904	96128	6.56298600311041	
-225041.92107249674	113.9	9.325	145.6375	91.95	-6.063054385269983	1286	549	153	12	254	155	71	8	92	59	0	0	1.3338432312011719	102960	1925.1536808013916	96203	6.562742812742812	
-262531.9219124526	116.1375	9.367088607594937	149.79746835443038	94.41772151898734	-6.063054385269983	1287	550	169	14.0	305.0	188.0	72	8.0	87.0	56.0	0	0	1.434861660003662	103040	1926.5885424613953	96278	6.5625	
-250044.75492467755	117.25	9.6125	151.6875	95.5	-6.063054385269983	1288	550	164	14	305	188	64	8	93	60	0	0	1.5495479106903076	103120	1928.1380903720856	96354	6.561287820015522	
-262523.7661186492	114.2375	9.2875	144.225	90.9875	-6.063054385269983	1289	550	169	12	275	169	59	8	92	59	0	0	1.376277208328247	103200	1929.5143675804138	96428	6.562015503875969	
-275036.77435971674	114.775	9.5125	148.0375	93.425	-6.063054385269983	1290	550	172	14	316	194	56	8	90	58	0	0	1.8474769592285156	103280	1931.3618445396423	96503	6.561773818745152	
-300027.91054882447	115.2625	9.3125	151.5875	95.5375	-6.063054385269983	1291	550	169	14	317	194	65	8	90	58	0	0	1.8758468627929688	103360	1933.2376914024353	96579	6.560565015479881	
-237531.70387892346	117.1625	9.4875	148.625	93.825	-6.063054385269983	1292	550	163	14	317	194	70	8	87	56	0	0	1.5837631225585938	103440	1934.821454524994	96653	6.561291569992264	
-275019.7881441891	119.15	9.5375	158.425	99.5125	-6.063054385269983	1293	550	173	16	317	194	86	8	87	56	0	0	1.437969446182251	103520	1936.2594239711761	96728	6.561051004636781	
-275033.52807398007	123.3625	9.708860759493671	162.69620253164558	102.26582278481013	-6.063054385269983	1294	551	225	16.0	459.0	277.0	34	7.0	82.0	53.0	0	0	1.5309855937957764	103600	1937.790409564972	96802	6.561776061776058	
-325047.7601030375	118.55	9.227848101265822	141.1772151898734	89.27848101265823	-6.063054385269983	1295	552	203	13.0	272.0	168.0	25	8.0	93.0	60.0	0	0	1.447439432144165	103680	1939.237848997116	96877	6.561535493827165	
-237529.95166085305	118.025	9.6125	158.375	99.95	-6.063054385269983	1296	552	164	17	389	243	64	8	103	66	0	0	1.435288906097412	103760	1940.6731379032135	96952	6.56129529683885	
-212545.8746810072	118.65	9.49367088607595	151.46835443037975	95.32911392405063	-6.063054385269983	1297	553	178	19.0	336.0	203.0	50	8.0	91.0	59.0	0	0	1.4316773414611816	103840	1942.1048152446747	97027	6.561055469953786	
-262533.907573531	116.6	9.531645569620252	156.16455696202533	98.25316455696202	-6.063054385269983	1298	554	186	14.0	330.0	201.0	73	8.0	92.0	59.0	0	0	1.4902069568634033	103920	1943.595022201538	97101	6.561778290993075	
-187538.7722218029	116.35	9.275	146.275	92.325	-6.063054385269983	1299	554	181	12	243	151	47	8	82	53	0	0	1.5070912837982178	104000	1945.1021134853363	97177	6.560576923076923	
-275043.36107739684	116.475	9.4375	149.6875	94.425	-6.063054385269983	1300	554	179	17	263	166	71	8	93	60	0	0	1.4597856998443604	104080	1946.5618991851807	97253	6.559377401998461	
-262537.8981712393	118.5375	9.375	147.5375	93.075	-6.063054385269983	1301	554	176	13	312	191	64	8	87	56	0	0	1.469249963760376	104160	1948.031149148941	97329	6.558179723502306	
-300032.3553589915	119.7	9.455696202531646	146.63291139240508	92.55696202531645	-6.063054385269983	1302	555	176	13.0	266.0	163.0	76	8.0	90.0	58.0	0	0	1.486276388168335	104240	1949.5174255371094	97404	6.55794320798158	
-287533.7039833738	117.7375	9.5	145.4875	92.1125	-6.063054385269983	1303	555	207	14	319	197	71	8	93	60	0	0	1.3993358612060547	104320	1950.9167613983154	97478	6.558665644171782	
-250027.25833962468	117.0875	9.4875	145.75	92.1375	-6.063054385269983	1304	555	195	12	298	183	42	8	98	63	0	0	1.527766466140747	104400	1952.4445278644562	97554	6.55747126436782	
-212527.3124871663	117.5125	9.45	148.1125	93.6125	-6.063054385269983	1305	555	195	15	314	194	72	8	87	56	0	0	1.4622998237609863	104480	1953.9068276882172	97630	6.5562787136294105	
-312538.27213239373	120.5375	9.675	149.9375	94.9	-6.063054385269983	1306	555	213	13	317	194	92	8	87	56	0	0	1.4430856704711914	104560	1955.3499133586884	97705	6.556044376434585	
-262542.43375447753	121.7	9.4875	144.6625	91.7375	-6.063054385269983	1307	555	213	14	266	163	52	8	93	60	0	0	1.4274406433105469	104640	1956.777354001999	97780	6.555810397553515	
-287524.73623607436	118.4875	9.645569620253164	151.70886075949366	95.51898734177215	-6.063054385269983	1308	556	203	13.0	282.0	173.0	25	8.0	90.0	58.0	0	0	1.452857255935669	104720	1958.2302112579346	97854	6.556531703590522	
-325037.8973880304	115.675	9.625	151.4875	95.7375	-6.063054385269983	1309	556	169	14	344	209	59	8	87	56	0	0	1.4330437183380127	104800	1959.6632549762726	97928	6.55725190839695	
-262532.5396571128	116.1625	9.518987341772151	150.55696202531647	94.9746835443038	-6.063054385269983	1310	557	203	13.0	250.0	159.0	45	8.0	87.0	56.0	0	0	1.3650879859924316	104880	1961.028342962265	98002	6.5579710144927645	
-200029.42765941806	119.7375	9.6125	153.8625	97.0125	-6.062977682961533	1311	557	183	14	459	277	70	8	96	62	0	0	1.4385509490966797	104960	1962.4668939113617	98078	6.556783536585371	
-225035.8828820964	116.2375	9.41025641025641	147.2051282051282	92.85897435897436	-6.062977682961533	1312	559	216	14.0	317.0	194.0	12	8.0	93.0	60.0	0	0	1.8807756900787354	105040	1964.3476696014404	98152	6.557501904036556	
-287542.7790874781	117.7625	9.324675324675324	145.0	91.63636363636364	-6.062977682961533	1313	562	264	14.0	284.0	173.0	10	8.0	96.0	62.0	0	0	1.7842950820922852	105120	1966.1319646835327	98225	6.559170471841696	
-275047.1441873708	120.7	9.4375	148.775	93.8875	-6.062977682961533	1314	562	216	15	308	187	80	7	90	58	0	0	1.6492936611175537	105200	1967.7812583446503	98300	6.55893536121674	
-250048.53002202016	115.7625	9.5	149.475	94.2375	-6.062977682961533	1315	562	181	14	264	163	47	8	87	56	0	0	1.6359024047851562	105280	1969.4171607494354	98375	6.558700607902736	
-250028.3664877535	114.7875	9.50632911392405	149.58227848101265	94.37974683544304	-6.062977682961533	1316	563	196	14.0	297.0	186.0	35	7.0	74.0	48.0	0	0	1.371729850769043	105360	1970.7888906002045	98449	6.559415337889135	
-312533.58910671546	115.65	9.325	140.25	88.6875	-6.062977682961533	1317	563	159	14	319	196	79	8	87	56	0	0	1.3881385326385498	105440	1972.177029132843	98523	6.560128983308047	
-275024.2631357646	116.9125	9.725	160.5375	101.0	-6.062977682961533	1318	563	191	17	317	194	37	8	87	56	0	0	1.6181206703186035	105520	1973.7951498031616	98599	6.55894617134193	
-275042.6205563499	113.55	9.525	152.2375	96.075	-6.062977682961533	1319	563	154	15	277	168	74	8	93	60	0	0	1.4230124950408936	105600	1975.2181622982025	98673	6.5596590909090935	
-300020.5882611506	113.825	9.2875	148.0375	93.35	-6.062977682961533	1320	563	170	14	365	224	58	8	87	56	0	0	1.37473464012146	105680	1976.592896938324	98749	6.558478425435283	
-250025.30430845488	113.1625	9.430379746835444	148.9493670886076	93.83544303797468	-6.062977682961533	1321	564	186	14.0	279.0	174.0	42	8.0	93.0	60.0	0	0	1.3242244720458984	105760	1977.9171214103699	98821	6.561081694402418	
-300025.5987553998	115.525	9.4375	144.1625	91.175	-6.062977682961533	1322	564	197	14	277	168	58	8	90	58	0	0	1.3419063091278076	105840	1979.2590277194977	98896	6.5608465608465565	
-350023.46336481173	115.3125	9.475	148.975	93.9625	-6.062977682961533	1323	564	173	14	317	194	55	8	90	58	0	0	1.4765245914459229	105920	1980.7355523109436	98972	6.559667673716007	
-287536.2303463764	113.7125	9.3125	139.5875	88.2625	-6.062977682961533	1324	564	193	14	266	163	54	8	87	56	0	0	1.28605318069458	106000	1982.0216054916382	99046	6.56037735849057	
-350020.8340982435	115.275	9.367088607594937	142.0126582278481	89.82278481012658	-6.062977682961533	1325	565	193	14.0	388.0	235.0	54	8.0	90.0	58.0	0	0	1.3920700550079346	106080	1983.4136755466461	99119	6.562028657616892	
-237539.8340176547	119.4125	9.075	144.1125	90.725	-6.062977682961533	1326	565	174	13	459	277	58	8	95	61	0	0	1.470184326171875	106160	1984.883859872818	99194	6.56179351921628	
-250045.8748052522	120.6625	9.1	144.475	91.175	-6.062977682961533	1327	565	174	13	266	163	81	8	87	56	0	0	1.3965530395507812	106240	1986.2804129123688	99270	6.560617469879517	
-287529.75989827	115.5125	9.430379746835444	150.68354430379748	94.9873417721519	-6.062977682961533	1328	566	169	16.0	305.0	186.0	62	8.0	93.0	60.0	0	0	1.4404041767120361	106320	1987.7208170890808	99343	6.5622648607975975	
-225020.32244905067	114.1125	9.5375	157.475	98.9	-6.062977682961533	1329	566	180	14	361	224	48	8	87	56	0	0	1.5578973293304443	106400	1989.2787144184113	99419	6.561090225563916	
-262523.74788512615	114.7375	9.430379746835444	151.83544303797467	95.68354430379746	-6.062977682961533	1330	567	159	15.0	335.0	207.0	60	8.0	93.0	60.0	0	0	1.4725532531738281	106480	1990.751267671585	99493	6.561795642374165	
-350038.3177280369	114.65	9.7125	158.525	99.7875	-6.062977682961533	1331	567	150	14	374	233	85	8	87	56	0	0	1.502814531326294	106560	1992.2540822029114	99569	6.560623123123122	
-250038.27969817648	116.4625	9.60759493670886	162.1012658227848	101.87341772151899	-6.062977682961533	1332	568	178	13.0	393.0	243.0	50	8.0	95.0	61.0	0	0	1.5387892723083496	106640	1993.7928714752197	99643	6.561327831957982	
-325028.7683066578	118.4	9.3	144.5875	91.325	-6.062977682961533	1333	568	172	14	266	163	102	8	87	56	0	0	1.4946484565734863	106720	1995.2875199317932	99719	6.560157421289361	
-237537.0808385632	116.9375	9.448717948717949	146.24358974358975	92.46153846153847	-6.062977682961533	1334	570	189	14.0	335.0	206.0	43	8.0	100.0	64.0	0	0	1.8279006481170654	106800	1997.1154205799103	99793	6.56086142322097	
-250036.4987990739	118.2875	9.658227848101266	152.9240506329114	96.50632911392405	-6.062977682961533	1335	571	185	14.0	368.0	224.0	43	8.0	87.0	56.0	0	0	1.9262826442718506	106880	1999.0417032241821	99868	6.560628742514979	
-250032.00991128766	125.3625	9.05	143.325	90.275	-6.062977682961533	1336	571	188	13	266	163	66	8	82	53	0	0	1.58449125289917	106960	2000.6261944770813	99944	6.559461480927453	
-212529.5536028337	121.4625	9.35	151.425	95.3	-6.062977682961533	1337	571	185	14	266	163	55	8	93	60	0	0	1.4385504722595215	107040	2002.0647449493408	100019	6.5592301943198805	
-237537.44392999512	125.0625	9.5625	157.1125	98.9375	-6.062977682961533	1338	571	185	15	317	197	67	8	94	61	0	0	1.4450953006744385	107120	2003.5098402500153	100094	6.558999253174008	
-300023.3685809628	124.225	9.6375	157.25	98.825	-6.062977682961533	1339	571	185	14	330	203	72	8	87	56	0	0	1.502058744430542	107200	2005.0118989944458	100169	6.558768656716424	
-275031.3291243006	117.175	9.848101265822784	157.9620253164557	99.30379746835443	-6.062977682961533	1340	572	226	16.0	280.0	170.0	48	8.0	93.0	60.0	0	0	1.4198713302612305	107280	2006.431770324707	100241	6.561334824757651	
-262533.5488528035	115.1375	9.233766233766234	147.06493506493507	92.6103896103896	-6.062977682961533	1341	575	182	14.0	277.0	168.0	48	8.0	93.0	60.0	0	0	1.422668218612671	107360	2007.8544385433197	100314	6.562965722801778	
-237535.0050275651	113.4625	9.556962025316455	156.48101265822785	98.40506329113924	-6.062977682961533	1342	576	182	14.0	277.0	168.0	57	8.0	91.0	59.0	0	0	1.4558312892913818	107440	2009.310269832611	100389	6.56273268801192	
-212546.3334846765	112.4875	9.7	159.4125	100.3125	-6.062977682961533	1343	576	179	14	273	167	49	8	95	61	0	0	1.4446907043457031	107520	2010.7549605369568	100465	6.56156994047619	
-300037.38718607806	111.4875	9.3875	150.6125	94.95	-6.062977682961533	1344	576	162	13	248	154	66	8	90	58	0	0	1.4738826751708984	107600	2012.2288432121277	100541	6.560408921933075	
-200031.567030379	113.5125	9.5125	153.925	97.1125	-6.062977682961533	1345	576	161	15	262	166	66	8	93	60	0	0	1.4896299839019775	107680	2013.7184731960297	100616	6.560178306092126	
-250024.9315855904	111.7625	9.316455696202532	147.21518987341773	93.0	-6.062977682961533	1346	577	187	12.0	248.0	154.0	41	8.0	93.0	60.0	0	0	1.3892958164215088	107760	2015.1077690124512	100691	6.55994803266519	
-325017.75730226404	114.2375	9.6375	153.5875	96.8375	-6.062977682961533	1347	577	209	13	317	194	58	7	82	53	0	0	1.4976181983947754	107840	2016.605387210846	100767	6.5587908011869445	
-262534.80049219035	113.7	9.594936708860759	162.7594936708861	102.0632911392405	-6.062977682961533	1348	578	217	14.0	293.0	180.0	16	8.0	93.0	60.0	0	0	1.521151065826416	107920	2018.1265382766724	100842	6.558561897701992	
-250030.63601838058	114.8625	9.423076923076923	151.55128205128204	95.61538461538461	-6.062977682961533	1349	580	199	15.0	273.0	170.0	29	8.0	87.0	56.0	0	0	1.4139256477355957	108000	2019.540463924408	100915	6.5601851851851904	
-212543.03391138875	115.55	9.5	155.3625	97.6375	-6.062977682961533	1350	580	158	14	271	164	70	7	82	53	0	0	1.4812500476837158	108080	2021.0217139720917	100990	6.559955588452993	
-287531.5187365956	115.0875	9.475	160.725	100.7	-6.062977682961533	1351	580	164	13	295	178	69	8	93	60	0	0	1.559136152267456	108160	2022.5808501243591	101066	6.558801775147927	
-237542.81874437645	113.7625	9.825	165.725	104.1	-6.062977682961533	1352	580	162	15	365	222	64	7	82	53	0	0	1.5567543506622314	108240	2024.1376044750214	101141	6.558573540280861	
-275021.35461916344	113.1125	9.50632911392405	153.46835443037975	96.51898734177215	-6.062977682961533	1353	581	184	14.0	389.0	236.0	44	8.0	87.0	56.0	0	0	1.5106737613677979	108320	2025.6482782363892	101216	6.5583456425406155	
-212544.91805931245	118.1375	9.2375	145.5125	91.8125	-6.062977682961533	1354	581	165	14	248	157	68	8	90	58	0	0	1.4043166637420654	108400	2027.0525949001312	101292	6.557195571955717	
-325021.31287513825	124.7	9.35	148.2875	93.5375	-6.062977682961533	1355	581	239	13	247	158	40	8	87	56	0	0	1.395134449005127	108480	2028.4477293491364	101368	6.556047197640112	
-300035.74981172255	122.0125	9.45	151.65	95.3875	-6.062977682961533	1356	581	168	15	246	153	51	8	93	60	0	0	2.0067288875579834	108560	2030.4544582366943	101444	6.554900515843769	
-275024.5748046065	120.525	9.354430379746836	152.8860759493671	96.11392405063292	-6.062977682961533	1357	582	273	15.0	299.0	185.0	6	8.0	93.0	60.0	0	0	1.8301708698272705	108640	2032.2846291065216	101518	6.5555964653902805	
-300039.883316412	113.2125	9.329113924050633	147.22784810126583	93.0253164556962	-6.062977682961533	1358	583	198	13.0	266.0	163.0	30	8.0	95.0	61.0	0	0	1.5365288257598877	108720	2033.8211579322815	101591	6.557211184694637	
-337528.43686815724	115.4125	9.294871794871796	147.71794871794873	93.34615384615384	-6.062977682961533	1359	585	198	14.0	459.0	277.0	27	8.0	88.0	57.0	0	0	1.5561151504516602	108800	2035.3772730827332	101663	6.559742647058826	
-262542.3335227965	117.2625	9.35	153.975	97.1	-6.062977682961533	1360	585	166	14	317	194	72	8	95	61	0	0	1.4738569259643555	108880	2036.8511300086975	101737	6.560433504775901	
-250027.20393467625	116.9	9.4	146.6875	92.9	-6.062977682961533	1361	585	197	14	255	157	22	7	74	48	0	0	1.424558401107788	108960	2038.2756884098053	101813	6.55928781204112	
-275035.6261600768	114.4875	9.3625	146.375	92.725	-6.062977682961533	1362	585	159	15	317	194	90	8	93	60	0	0	1.472625970840454	109040	2039.7483143806458	101888	6.559060895084372	
-237526.1311118789	114.2125	9.50632911392405	154.20253164556962	97.11392405063292	-6.062977682961533	1363	586	173	17.0	264.0	168.0	51	8.0	93.0	60.0	0	0	1.3752131462097168	109120	2041.1235275268555	101962	6.559750733137832	
-262536.3989193706	113.325	9.3	144.575	91.25	-6.062977682961533	1364	586	169	14	282	171	55	8	93	60	0	0	1.368194341659546	109200	2042.491721868515	102038	6.558608058608058	
-212529.24290386232	113.075	9.225	146.9	92.5125	-6.062977682961533	1365	586	169	12	298	184	55	8	94	61	0	0	1.4605417251586914	109280	2043.9522635936737	102113	6.558382137628115	
-287532.0432994426	114.55	9.275	148.375	93.5625	-6.062977682961533	1366	586	164	13	280	175	64	8	92	59	0	0	1.4158830642700195	109360	2045.3681466579437	102187	6.559070958302854	
-237532.25762073937	112.85	9.4	150.3625	94.775	-6.062977682961533	1367	586	151	14	301	186	77	8	90	58	0	0	1.4469199180603027	109440	2046.815066576004	102263	6.557931286549717	
-262527.52695152827	114.35	9.25	146.1875	92.4	-6.062977682961533	1368	586	142	14	266	163	95	8	93	60	0	0	1.375837802886963	109520	2048.190904378891	102339	6.556793279766254	
-237538.4922177408	114.875	9.5375	148.0	93.5625	-6.062977682961533	1369	586	175	14	275	167	53	8	95	61	0	0	1.4083707332611084	109600	2049.599275112152	102414	6.556569343065689	
-250026.07056335127	114.7625	9.7375	157.775	99.5	-6.062977682961533	1370	586	175	16	330	203	55	8	87	56	0	0	1.4722845554351807	109680	2051.0715596675873	102490	6.555433989788469	
-225033.41069536423	115.0625	9.721518987341772	154.16455696202533	97.37974683544304	-6.062977682961533	1371	587	203	13.0	277.0	173.0	25	8.0	93.0	60.0	0	0	1.4209582805633545	109760	2052.4925179481506	102565	6.555211370262398	
-250031.06280532185	119.7625	9.822784810126583	154.27848101265823	97.51898734177215	-6.062977682961533	1372	588	221	15.0	319.0	199.0	67	8.0	87.0	56.0	0	0	1.4454388618469238	109840	2053.9379568099976	102640	6.554989075018213	
-200025.72653103975	117.1	9.8375	163.125	102.8625	-6.062977682961533	1373	588	176	16	317	194	78	8	93	60	0	0	1.6433444023132324	109920	2055.581301212311	102716	6.553857350800584	
-237531.34596473072	114.075	9.4875	159.6625	100.3375	-6.062977682961533	1374	588	152	13	317	194	76	8	87	56	0	0	1.4389965534210205	110000	2057.020297765732	102792	6.552727272727282	
-162532.7714230548	118.1875	9.3375	151.1875	95.3375	-6.062977682961533	1375	588	166	15	270	168	62	8	93	60	0	0	1.4424848556518555	110080	2058.4627826213837	102868	6.551598837209298	
-262532.5283602487	119.3625	9.425	147.925	93.5375	-6.062977682961533	1376	588	184	13	266	163	44	8	87	56	0	0	1.597191333770752	110160	2060.0599739551544	102943	6.551379811183736	
-300045.01004544506	117.5375	9.375	148.3	93.4375	-6.062977682961533	1377	588	211	15	317	194	54	8	87	56	0	0	1.9290313720703125	110240	2061.9890053272247	103018	6.551161103047903	
-225027.6272368214	118.45	9.475	149.0375	94.0125	-6.062977682961533	1378	588	211	14	282	176	60	8	93	60	0	0	1.9157750606536865	110320	2063.9047803878784	103094	6.550036258158087	
-300040.8665683513	115.3625	9.569620253164556	150.86075949367088	95.39240506329114	-6.062977682961533	1379	589	211	13.0	266.0	163.0	40	8.0	87.0	56.0	0	0	1.472048044204712	110400	2065.376828432083	103169	6.549818840579718	
-275040.09232804575	117.65	9.3	146.45	92.5625	-6.062977682961533	1380	589	211	13	247	156	43	8	93	60	0	0	1.3706440925598145	110480	2066.747472524643	103243	6.55050687907314	
-237536.3486030881	113.6375	9.6	148.6	93.8625	-6.062977682961533	1381	589	177	17	251	154	57	8	87	56	0	0	1.437058687210083	110560	2068.184531211853	103319	6.549384949348763	
-300027.546855545	109.2125	9.316455696202532	143.51898734177215	90.69620253164557	-6.062977682961533	1382	590	170	14.0	349.0	214.0	58	8.0	87.0	56.0	0	0	1.3781845569610596	110640	2069.562715768814	103394	6.549168474331168	
-325023.3050622113	112.275	9.5625	152.25	96.225	-6.062977682961533	1383	590	170	16	303	191	67	8	93	60	0	0	1.452909231185913	110720	2071.015625	103470	6.54804913294798	
-200028.08493316924	114.725	9.4125	148.275	93.45	-6.062977682961533	1384	590	187	13	266	163	64	8	87	56	0	0	1.3267276287078857	110800	2072.342352628708	103543	6.549638989169665	
-225032.70551978314	117.5875	9.4375	147.9875	93.35	-6.062977682961533	1385	590	177	14	266	163	54	8	87	56	0	0	1.427520990371704	110880	2073.7698736190796	103618	6.5494227994228	
-312524.9478584902	118.675	9.725	154.2	97.3125	-6.062977682961533	1386	590	190	15	359	219	48	8	87	56	0	0	1.5490906238555908	110960	2075.318964242935	103694	6.548305695746208	
-200041.34755349674	113.45	9.7012987012987	158.87012987012986	99.87012987012987	-6.062977682961533	1387	593	187	16.0	343.0	217.0	19	8.0	93.0	60.0	0	0	1.379014253616333	111040	2076.6979784965515	103767	6.5498919308357415	
-387513.9202728333	111.9875	9.775	160.3375	100.725	-6.062977682961533	1388	593	157	16	317	194	39	8	87	56	0	0	1.4885919094085693	111120	2078.18657040596	103843	6.548776097912167	
-275022.81819661864	113.3875	9.5125	157.975	99.2375	-6.062977682961533	1389	593	154	13	335	206	71	8	93	60	0	0	1.4755401611328125	111200	2079.662110567093	103917	6.54946043165468	
-175022.2000682627	115.425	9.45	150.2125	94.7875	-6.062977682961533	1390	593	182	12	317	194	78	8	104	67	0	0	1.4361186027526855	111280	2081.0982291698456	103990	6.5510424155284	
-200018.1641952456	114.7375	9.4875	154.2125	97.1	-6.062977682961533	1391	593	198	14	317	194	66	8	93	60	0	0	1.458381175994873	111360	2082.5566103458405	104065	6.550826149425291	
-150035.25679840843	114.7625	9.2125	151.575	95.3875	-6.062977682961533	1392	593	198	13	317	194	51	8	98	63	0	0	1.418017864227295	111440	2083.9746282100677	104141	6.549712849964109	
-287546.7878193944	116.85	9.455696202531646	148.91139240506328	93.92405063291139	-6.062977682961533	1393	594	198	14.0	317.0	194.0	41	8.0	93.0	60.0	0	0	1.4633183479309082	111520	2085.4379465579987	104216	6.5494978479196675	
-287520.9791350578	123.4375	9.74025974025974	158.33766233766235	99.77922077922078	-6.062977682961533	1394	597	240	14.0	317.0	194.0	6	8.0	90.0	58.0	0	0	1.3977322578430176	111600	2086.8356788158417	104289	6.551075268817215	
-225046.06550902975	116.275	9.3625	150.85	94.95	-6.062977682961533	1395	597	198	14	277	168	92	8	87	56	0	0	1.454404354095459	111680	2088.290083169937	104365	6.549964183381078	
-300018.7462946675	113.525	9.275	140.925	89.225	-6.062977682961533	1396	597	176	15	241	153	52	8	93	60	0	0	1.5296375751495361	111760	2089.8197207450867	104439	6.550644237652108	
-325021.9512423901	114.7875	9.679487179487179	156.5897435897436	98.57692307692308	-6.062977682961533	1397	599	172	14.0	317.0	194.0	56	8.0	93.0	60.0	0	0	1.4957141876220703	111840	2091.3154349327087	104513	6.551323319027176	
-287531.07290707726	116.2625	9.518987341772151	154.70886075949366	97.45569620253164	-6.062977682961533	1398	600	205	14.0	280.0	172.0	23	8.0	92.0	59.0	0	0	1.8650555610656738	111920	2093.1804904937744	104587	6.552001429592565	
-275032.4729199678	112.875	9.538461538461538	155.02564102564102	97.44871794871794	-6.062977682961533	1399	602	197	13.0	306.0	190.0	31	8.0	93.0	60.0	0	0	1.8203730583190918	112000	2095.0008635520935	104660	6.553571428571431	
-287538.52229628246	111.725	9.481012658227849	152.22784810126583	95.86075949367088	-6.062977682961533	1400	603	197	14.0	295.0	178.0	31	8.0	93.0	60.0	0	0	1.5359370708465576	112080	2096.53680062294	104733	6.555139186295506	
-262527.81731053896	116.075	9.575	158.0375	99.3	-6.062977682961533	1401	603	270	17	295	178	41	8	93	60	0	0	1.4555444717407227	112160	2097.992345094681	104808	6.554921540656196	
-350025.73221739335	112.05	9.6125	151.8625	95.9125	-6.062977682961533	1402	603	171	14	333	204	47	8	93	60	0	0	1.4697456359863281	112240	2099.462090730667	104883	6.554704205274405	
-275030.298508509	116.175	9.7125	156.1625	98.475	-6.062977682961533	1403	603	207	16	286	174	21	8	87	56	0	0	1.574876070022583	112320	2101.0369668006897	104959	6.553596866096868	
-162548.0359094314	119.275	9.384615384615385	149.0897435897436	93.8974358974359	-6.062977682961533	1404	605	205	14.0	277.0	168.0	30	8.0	87.0	56.0	0	0	1.3326759338378906	112400	2102.3696427345276	105033	6.554270462633454	
-287526.11423243635	116.1125	9.625	156.725	98.5625	-6.062977682961533	1405	605	205	13	317	194	60	8	95	61	0	0	1.4057543277740479	112480	2103.7753970623016	105106	6.555832147937409	
-275029.1658927713	113.625	9.4875	154.7125	97.4875	-6.062977682961533	1406	605	144	14	368	224	66	8	95	61	0	0	1.4733529090881348	112560	2105.2487499713898	105182	6.5547263681592085	
-325039.9045239446	116.175	9.575	150.95	95.1875	-6.062977682961533	1407	605	166	13	266	163	73	8	93	60	0	0	1.4434115886688232	112640	2106.6921615600586	105257	6.554509943181813	
-250034.3222333014	118.5875	9.4625	151.4625	95.525	-6.062977682961533	1408	605	144	14	335	206	91	8	93	60	0	0	1.478788137435913	112720	2108.1709496974945	105333	6.55340667139815	
-300040.60149993625	116.55	9.525	153.4375	96.6875	-6.062977682961533	1409	605	169	13	260	159	85	8	93	60	0	0	1.5563991069793701	112800	2109.727348804474	105408	6.553191489361694	
-287529.110888976	117.0875	9.175	146.4125	92.1875	-6.062977682961533	1410	605	180	13	266	163	60	8	82	53	0	0	1.4638645648956299	112880	2111.1912133693695	105483	6.55297661233169	
-237523.31011667562	115.4	9.645569620253164	160.35443037974684	100.86075949367088	-6.062977682961533	1411	606	167	16.0	317.0	194.0	61	8.0	93.0	60.0	0	0	1.4697232246398926	112960	2112.6609365940094	105556	6.554532577903686	
-237535.3763008296	117.0	9.475	153.525	96.675	-6.062977682961533	1412	606	143	14	317	194	85	8	92	59	0	0	1.4800052642822266	113040	2114.1409418582916	105632	6.553432413305032	
-212532.71359823318	115.2	9.55	152.725	96.325	-6.062977682961533	1413	606	157	14	262	161	71	8	87	56	0	0	1.4836392402648926	113120	2115.6245810985565	105707	6.5532178217821695	
-237543.5435206796	115.375	9.525	155.6875	97.95	-6.062977682961533	1414	606	173	14	304	190	55	8	93	60	0	0	1.4346258640289307	113200	2117.0592069625854	105783	6.552120141342755	
-275029.3682541762	116.3375	9.329113924050633	148.34177215189874	93.58227848101266	-6.062977682961533	1415	607	206	12.0	240.0	149.0	22	8.0	93.0	60.0	0	0	1.3926708698272705	113280	2118.4518778324127	105857	6.552789548022602	
-225042.12874738424	118.0875	9.525	152.7625	96.3	-6.062977682961533	1416	607	189	17	296	183	52	8	93	60	0	0	1.5066077709197998	113360	2119.9584856033325	105933	6.551693719124913	
-300021.3024105036	118.7625	9.329113924050633	144.64556962025316	91.34177215189874	-6.062977682961533	1417	608	168	15.0	266.0	163.0	59	8.0	90.0	58.0	0	0	1.4359500408172607	113440	2121.39443564415	106007	6.5523624823695314	
-262536.543212131	118.05	9.4375	147.625	93.0125	-6.062977682961533	1418	608	148	14	283	175	94	8	87	56	0	0	1.3715336322784424	113520	2122.765969276428	106082	6.5521494009866075	
-250054.73369114223	117.425	9.825	160.7875	101.075	-6.062977682961533	1419	608	183	17	312	191	52	8	93	60	0	0	1.5354762077331543	113600	2124.3014454841614	106158	6.551056338028175	
-212546.00339537943	121.5875	9.8375	162.025	101.5625	-6.062977682961533	1420	608	176	14	280	170	58	8	95	61	0	0	1.916121482849121	113680	2126.2175669670105	106234	6.5499648135116075	
-187534.91322147837	122.6	9.7875	150.6875	95.2875	-6.062977682961533	1421	608	176	14	304	187	58	8	87	56	0	0	1.8990442752838135	113760	2128.1166112422943	106310	6.548874824191273	
-312532.96288382134	119.175	9.848101265822784	158.86075949367088	99.9873417721519	-6.062977682961533	1422	609	219	14.0	365.0	222.0	41	8.0	95.0	61.0	0	0	1.7024400234222412	113840	2129.8190512657166	106385	6.548664792691497	
-275047.56768197875	116.8	9.569620253164556	156.0126582278481	98.30379746835443	-6.062977682961533	1423	610	175	14.0	280.0	173.0	53	8.0	87.0	56.0	0	0	1.4163150787353516	113920	2131.235366344452	106458	6.550210674157313	
-225027.02754364078	113.8375	9.65	156.15	98.35	-6.062977682961533	1424	610	160	13	248	155	68	8	93	60	0	0	1.4341914653778076	114000	2132.6695578098297	106533	6.549999999999997	
-225024.56260948506	115.35	9.379746835443038	149.1772151898734	94.18987341772151	-6.062977682961533	1425	611	198	14.0	304.0	190.0	32	8.0	93.0	60.0	0	0	1.4117183685302734	114080	2134.08127617836	106608	6.549789621318368	
-237522.3884162688	113.3	9.2875	148.7375	93.7875	-6.062977682961533	1426	611	181	13	304	187	47	8	87	56	0	0	1.3903534412384033	114160	2135.4716296195984	106683	6.54957953749124	
-275052.4720052471	112.1625	9.405063291139241	149.0253164556962	94.0379746835443	-6.062977682961533	1427	612	173	19.0	266.0	168.0	6	8.0	93.0	60.0	0	0	1.4108471870422363	114240	2136.8824768066406	106758	6.5493697478991635	
-312534.85927149944	111.725	9.430379746835444	141.44303797468353	89.70886075949367	-6.062977682961533	1428	613	166	14.0	273.0	168.0	16	8.0	92.0	59.0	0	0	1.3889451026916504	114320	2138.2714219093323	106833	6.54916025192442	
-287531.34118162666	113.05	9.175	150.1625	94.6125	-6.062977682961533	1429	613	168	12	276	170	29	8	93	60	0	0	1.4675519466400146	114400	2139.7389738559723	106909	6.54807692307692	
-212521.6540255337	115.3625	9.1625	146.775	92.625	-6.062977682961533	1430	613	169	14	273	168	65	8	90	58	0	0	1.4824178218841553	114480	2141.2213916778564	106984	6.547868623340321	
-237528.7412536319	116.075	9.175	144.025	90.95	-6.062977682961533	1431	613	174	13	247	155	54	8	93	60	0	0	1.4079132080078125	114560	2142.6293048858643	107059	6.547660614525142	
-237532.7455221766	116.6875	9.5125	150.275	95.15	-6.062977682961533	1432	613	191	14	286	177	37	8	93	60	0	0	1.4266068935394287	114640	2144.0559117794037	107133	6.548325191905093	
-250019.48640902992	115.9875	9.5875	149.1625	94.0875	-6.062977682961533	1433	613	162	14	301	184	66	8	93	60	0	0	1.4025380611419678	114720	2145.4584498405457	107208	6.54811715481172	
-250048.223818015	113.825	9.417721518987342	151.9493670886076	95.81012658227849	-6.062977682961533	1434	614	192	13.0	266.0	163.0	36	8.0	93.0	60.0	0	0	1.4372477531433105	114800	2146.895697593689	107282	6.548780487804876	
-237541.58608001843	112.9375	9.6	155.975	98.45	-6.062977682961533	1435	614	158	14	317	194	70	7	82	53	0	0	1.4484846591949463	114880	2148.344182252884	107357	6.548572423398326	
-200034.61797153423	116.0125	9.3	143.7	90.8625	-6.062977682961533	1436	614	175	12	249	153	53	8	90	58	0	0	1.5003011226654053	114960	2149.8444833755493	107430	6.550104384133618	
-225032.68587525017	116.2125	9.4625	152.0875	95.7875	-6.062960135515173	1437	614	159	13	266	163	84	8	93	60	0	0	1.3959071636199951	115040	2151.2403905391693	107504	6.55076495132127	
-262526.68736291816	114.625	9.3125	149.925	94.375	-6.062960135515173	1438	614	161	13	295	183	67	8	95	61	0	0	1.3238897323608398	115120	2152.56428027153	107577	6.5522932592077865	
-262526.02857861435	114.0	9.475	153.5625	96.7625	-6.062960135515173	1439	614	163	14	267	168	65	8	95	61	0	0	1.414069414138794	115200	2153.978349685669	107651	6.552951388888886	
-337536.7126563519	117.4625	9.367088607594937	148.36708860759492	93.46835443037975	-6.062960135515173	1440	615	175	13.0	311.0	190.0	53	8.0	87.0	56.0	0	0	1.437570571899414	115280	2155.4159202575684	107726	6.5527411519777985	
-175038.24282053128	115.5125	9.35	150.125	94.5375	-6.062960135515173	1441	615	168	14	247	155	60	8	88	57	0	0	1.3457438945770264	115360	2156.7616641521454	107800	6.5533980582524265	
-350030.05525560497	115.7	9.417721518987342	154.46835443037975	96.9113924050633	-6.062960135515173	1442	616	175	14.0	370.0	225.0	60	8.0	93.0	60.0	0	0	1.7794320583343506	115440	2158.5410962104797	107873	6.5549203049203015	
-212542.98495134996	115.8125	9.5	148.9125	94.075	-6.062960135515173	1443	616	191	17	317	194	37	8	99	64	0	0	1.8438353538513184	115520	2160.384931564331	107947	6.555574792243775	
-337532.5320833923	119.8375	9.468354430379748	145.8987341772152	92.27848101265823	-6.062960135515173	1444	617	224	13.0	440.0	275.0	51	8.0	93.0	60.0	0	0	1.7334604263305664	115600	2162.1183919906616	108021	6.5562283737024245	
-225035.19542332127	116.3625	9.3	146.2875	92.45	-6.062960135515173	1445	617	175	13	242	149	53	8	85	55	0	0	1.436018705368042	115680	2163.5544106960297	108097	6.555152143845092	
-237531.367157369	115.9875	9.594936708860759	150.53164556962025	95.0632911392405	-6.062960135515173	1446	618	175	15.0	333.0	203.0	54	8.0	90.0	58.0	0	0	1.5924186706542969	115760	2165.146829366684	108172	6.554941257774701	
-212533.64848128875	114.0	9.556962025316455	145.15189873417722	91.73417721518987	-6.062960135515173	1447	619	191	14.0	301.0	182.0	37	8.0	82.0	53.0	0	0	1.3688936233520508	115840	2166.515722990036	108245	6.556457182320443	
-237543.8724182914	114.0	9.5875	153.4125	96.7375	-6.062960135515173	1448	619	166	16	426	263	62	8	87	56	0	0	1.4634015560150146	115920	2167.979124546051	108321	6.555383022774336	
-275035.2105752799	115.95	9.1875	143.125	90.475	-6.062960135515173	1449	619	173	12	236	145	55	8	87	56	0	0	1.420884370803833	116000	2169.400008916855	108396	6.555172413793116	
-212546.97281737573	116.5	9.240506329113924	142.7594936708861	90.37974683544304	-6.062960135515173	1450	620	173	14.0	348.0	216.0	55	8.0	82.0	53.0	0	0	1.4107780456542969	116080	2170.810786962509	108471	6.554962095106816	
-262533.680315836	120.625	9.275	148.675	93.6125	-6.062960135515173	1451	620	229	13	266	163	51	8	93	60	0	0	1.4311773777008057	116160	2172.24196434021	108547	6.553891184573004	
-300031.5243787367	117.7375	9.3375	149.8625	94.55	-6.062960135515173	1452	620	175	16	317	194	65	8	98	63	0	0	1.4786956310272217	116240	2173.720659971237	108623	6.5528217481073625	
-312529.61963681626	116.7	9.253164556962025	153.83544303797467	96.73417721518987	-6.062960135515173	1453	621	166	13.0	317.0	194.0	68	8.0	95.0	61.0	0	0	1.3929615020751953	116320	2175.1136214733124	108696	6.554332874828063	
-200030.2280889067	117.075	9.5625	158.325	99.6875	-6.062960135515173	1454	621	170	14	365	222	58	8	95	61	0	0	1.575939416885376	116400	2176.6895608901978	108771	6.55412371134021	
-237522.50799778514	115.9125	9.4125	150.65	94.9	-6.062960135515173	1455	621	186	13	365	222	62	8	93	60	0	0	1.4621555805206299	116480	2178.1517164707184	108847	6.553056318681314	
-187524.9422960433	116.4875	9.291139240506329	149.55696202531647	94.35443037974683	-6.062960135515173	1456	622	171	14.0	261.0	166.0	84	8.0	93.0	60.0	0	0	1.4953889846801758	116560	2179.6471054553986	108922	6.552848318462594	
-200032.73500261793	115.7	9.45	152.2	95.9875	-6.062960135515173	1457	622	157	13	333	203	71	8	87	56	0	0	1.5142967700958252	116640	2181.1614022254944	108998	6.55178326474622	
-212528.89503159234	114.6875	9.5125	153.625	96.75	-6.062960135515173	1458	622	149	18	333	203	88	8	93	60	0	0	1.441957712173462	116720	2182.603359937668	109073	6.551576422206992	
-237540.13727066695	116.875	9.518987341772151	153.8227848101266	97.0506329113924	-6.062960135515173	1459	623	203	15.0	470.0	289.0	59	8.0	93.0	60.0	0	0	1.4539470672607422	116800	2184.0573070049286	109147	6.5522260273972535	
-312527.84758593905	118.2875	9.3375	146.1	92.1	-6.062960135515173	1460	623	177	15	273	166	95	8	87	56	0	0	1.5092957019805908	116880	2185.566602706909	109222	6.55201916495551	
-262537.6800271344	121.75	9.4625	150.3	94.7125	-6.062960135515173	1461	623	177	13	303	187	63	8	90	58	0	0	1.5041406154632568	116960	2187.0707433223724	109295	6.553522571819428	
-175039.62213365914	120.15	9.55	158.7	99.6875	-6.062960135515173	1462	623	212	16	347	216	51	8	87	56	0	0	1.477506399154663	117040	2188.548249721527	109371	6.552460697197532	
-312527.4447060847	115.775	9.39240506329114	153.9620253164557	96.84810126582279	-6.062960135515173	1463	624	198	13.0	297.0	181.0	30	8.0	87.0	56.0	0	0	1.4902336597442627	117120	2190.0384833812714	109445	6.553107923497265	
-237526.8891652898	115.1	9.329113924050633	152.0379746835443	95.73417721518987	-6.062960135515173	1464	625	154	17.0	317.0	198.0	71	8.0	95.0	61.0	0	0	1.646573543548584	117200	2191.68505692482	109517	6.555460750853243	
-287535.3922947431	114.2875	9.1125	143.2	90.35	-6.062960135515173	1465	625	179	13	245	149	49	8	94	61	0	0	1.8488295078277588	117280	2193.5338864326477	109593	6.554399727148706	
-262544.0813234606	112.65	9.3375	154.125	97.0125	-6.062960135515173	1466	625	138	15	266	163	87	8	95	61	0	0	1.7297260761260986	117360	2195.263612508774	109668	6.554192229038861	
-237548.19367052018	113.0375	9.253164556962025	142.83544303797467	90.36708860759494	-6.062960135515173	1467	626	192	14.0	315.0	193.0	36	8.0	95.0	61.0	0	0	1.3529481887817383	117440	2196.6165606975555	109741	6.555688010899189	
-262540.9324016678	112.85	9.4875	144.5875	91.7875	-6.062960135515173	1468	626	167	17	267	168	54	8	87	56	0	0	1.3674674034118652	117520	2197.9840281009674	109817	6.554628999319263	
-287534.48672007764	118.3375	9.227848101265822	144.58227848101265	91.30379746835443	-6.062960135515173	1469	627	165	12.0	254.0	158.0	72	8.0	101.0	65.0	0	0	1.3464503288269043	117600	2199.3304784297943	109890	6.556122448979593	
-225038.81526695556	114.875	9.275	148.5	93.9	-6.062960135515173	1470	627	154	13	384	237	77	8	95	61	0	0	1.452657699584961	117680	2200.7831361293793	109963	6.557613868116931	
-175037.8792877313	114.2375	9.455696202531646	151.68354430379748	95.81012658227849	-6.062960135515173	1471	628	186	15.0	301.0	190.0	42	8.0	108.0	69.0	0	0	1.3297603130340576	117760	2202.1128964424133	110036	6.559103260869563	
-212528.222492007	116.55	9.3625	144.975	91.7375	-6.062960135515173	1472	628	150	14	292	184	78	8	90	58	0	0	1.3249735832214355	117840	2203.4378700256348	110111	6.558893414799726	
-325028.72246095433	113.3	9.341772151898734	144.68354430379748	91.49367088607595	-6.062960135515173	1473	629	161	14.0	243.0	153.0	31	8.0	95.0	61.0	0	0	1.3979430198669434	117920	2204.8358130455017	110186	6.558683853459968	
-250034.16322947963	110.7	9.35	145.7625	92.0125	-6.062960135515173	1474	629	148	13	353	217	78	8	79	51	0	0	1.4103703498840332	118000	2206.2461833953857	110260	6.559322033898312	
-237527.5240270379	112.7625	9.3125	140.7375	89.15	-6.062960135515173	1475	629	148	12	240	149	78	8	95	61	0	0	1.3336460590362549	118080	2207.579829454422	110336	6.558265582655835	
-200031.81570633588	113.1125	9.1875	148.9125	93.675	-6.062960135515173	1476	629	152	13	360	224	78	8	87	56	0	0	1.4364099502563477	118160	2209.0162394046783	110412	6.557210561949901	
-312531.7115762687	115.3125	9.3875	147.825	93.275	-6.062960135515173	1477	629	152	13	266	163	78	8	89	58	0	0	1.6010844707489014	118240	2210.6173238754272	110487	6.5570027063599525	
-250027.08278247056	115.375	9.15	144.0875	90.8	-6.062960135515173	1478	629	162	12	247	150	79	8	95	61	0	0	1.4106438159942627	118320	2212.0279676914215	110561	6.55764029749831	
-237533.1659027094	114.6625	9.65	151.55	95.625	-6.062960135515173	1479	629	146	14	265	162	86	8	90	58	0	0	1.4617600440979004	118400	2213.4897277355194	110636	6.557432432432435	
-250030.36525753216	114.5875	9.4125	148.6125	93.6375	-6.062960135515173	1480	629	209	14	271	165	58	8	87	56	0	0	1.4528768062591553	118480	2214.9426045417786	110712	6.556380823767725	
-275030.93439101044	114.5875	9.7375	159.6625	100.2625	-6.062960135515173	1481	629	209	15	291	182	44	8	92	59	0	0	1.5704009532928467	118560	2216.5130054950714	110788	6.555330634277993	
-212539.13974953265	113.125	9.6625	153.4125	96.4375	-6.062960135515173	1482	629	175	15	374	231	53	8	79	51	0	0	1.4567468166351318	118640	2217.9697523117065	110863	6.555124747134187	
-200056.00965796094	116.05	9.746835443037975	158.27848101265823	99.46835443037975	-6.062960135515173	1483	630	165	13.0	273.0	166.0	63	8.0	82.0	53.0	0	0	1.4151890277862549	118720	2219.384941339493	110937	6.555761455525612	
-200031.33731532854	114.0	9.538461538461538	158.0897435897436	99.3974358974359	-6.062960135515173	1484	632	201	14.0	295.0	178.0	27	8.0	103.0	66.0	0	0	1.4475998878479004	118800	2220.8325412273407	111010	6.557239057239059	
-250021.3164132713	115.0375	9.675	155.7125	98.0375	-6.062960135515173	1485	632	140	17	296	183	88	8	103	66	0	0	1.5553183555603027	118880	2222.387859582901	111084	6.5578734858681	
-262529.54479875875	114.6125	9.8125	154.5	97.6375	-6.062960135515173	1486	632	182	15	271	167	46	8	88	57	0	0	1.5764491558074951	118960	2223.9643087387085	111159	6.557666442501684	
-200038.92668924652	119.8875	9.65	149.175	94.2875	-6.062960135515173	1487	632	224	13	245	149	66	8	103	66	0	0	1.7653803825378418	119040	2225.7296891212463	111234	6.557459677419359	
-175028.7801821564	122.7	9.4625	148.9875	94.0375	-6.062960135515173	1488	632	224	15	313	190	40	8	90	58	0	0	1.8932442665100098	119120	2227.6229333877563	111310	6.556413700470102	
-162548.69121476106	121.1375	9.3875	146.675	92.6375	-6.062960135515173	1489	632	243	13	245	149	64	8	93	60	0	0	1.4856724739074707	119200	2229.108605861664	111385	6.556208053691265	
-225037.4875284615	116.325	9.3875	155.025	97.5125	-6.062960135515173	1490	632	194	15	357	222	83	8	95	61	0	0	1.4670026302337646	119280	2230.5756084918976	111459	6.556841046277668	
-287533.3789615552	113.825	9.35	153.4125	96.6125	-6.062960135515173	1491	632	188	13	347	214	40	8	95	61	0	0	1.4633948802947998	119360	2232.0390033721924	111534	6.556635388739949	
-237536.42905882336	113.625	9.582278481012658	155.15189873417722	97.84810126582279	-6.062960135515173	1492	633	159	14.0	324.0	197.0	52	8.0	97.0	63.0	0	0	1.4756176471710205	119440	2233.5146210193634	111608	6.557267247153391	
-225039.9498042102	115.525	9.375	145.1625	91.9625	-6.062960135515173	1493	633	181	15	274	172	47	8	98	63	0	0	1.3943665027618408	119520	2234.9089875221252	111682	6.557898259705482	
-300032.9151036631	112.75	9.282051282051283	141.69230769230768	89.66666666666667	-6.062960135515173	1494	635	180	13.0	245.0	149.0	48	8.0	90.0	58.0	0	0	1.4059929847717285	119600	2236.314980506897	111756	6.558528428093652	
-262535.4656260088	113.025	9.3125	147.6125	92.9375	-6.062960135515173	1495	635	181	15	296	179	47	8	87	56	0	0	1.4285635948181152	119680	2237.743544101715	111832	6.557486631016047	
-350035.8159457022	113.6125	9.265822784810126	145.0	91.36708860759494	-6.062960135515173	1496	636	178	15.0	434.0	260.0	47	8.0	87.0	56.0	0	0	1.46175217628479	119760	2239.205296278	111907	6.557281229124911	
-300032.8021931687	115.1	9.256410256410257	146.84615384615384	92.71794871794872	-6.062960135515173	1497	638	171	15.0	271.0	166.0	57	7.0	74.0	48.0	0	0	1.3932936191558838	119840	2240.5985898971558	111980	6.558744993324424	
-237527.34586634068	119.3	9.346153846153847	144.92307692307693	91.42307692307692	-6.062960135515173	1498	640	243	13.0	261.0	159.0	11	8.0	79.0	51.0	0	0	1.3996360301971436	119920	2241.998225927353	112054	6.559372915276853	
-350034.8890903969	117.275	9.69620253164557	151.7594936708861	95.79746835443038	-6.062960135515173	1499	641	190	18.0	261.0	159.0	60	8.0	91.0	59.0	0	0	1.4221513271331787	120000	2243.420377254486	112129	6.55916666666667	
-250040.38692115765	119.7125	9.4375	155.8875	97.9125	-6.062960135515173	1500	641	210	13	300	186	68	8	87	56	0	0	1.4216933250427246	120080	2244.842070579529	112204	6.558960692871423	
