ave_fitness	ave_genome_length	ave_tree_depth	ave_tree_nodes	ave_used_codons	best_fitness	gen	invalids	max_genome_length	max_tree_depth	max_tree_nodes	max_used_codons	min_genome_length	min_tree_depth	min_tree_nodes	min_used_codons	runtime_error	time_adjust	time_taken	total_inds	total_time	unique_inds	unused_search	
-825015.7652254449	100.0	11.164556962025317	184.21518987341773	116.60759493670886	-23.73329687169453	0	1	100	17.0	471.0	289.0	100	8.0	92.0	59.0	0	0	9.187315464019775	80	9.187315464019775	79	1.25	
-500032.8833230933	100.0	11.25	182.30263157894737	115.5657894736842	-17.381427043020686	1	5	136	16.0	468.0	289.0	64	8.0	99.0	64.0	0	0	7.429447174072266	160	16.61676263809204	151	5.625	
-487525.8111776231	100.0	11.10126582278481	185.26582278481013	117.0886075949367	-17.381427043020686	2	6	149	15.0	366.0	226.0	51	8.0	85.0	55.0	0	0	7.491152048110962	240	24.107914686203003	224	6.666666666666671	
-500016.53432021476	100.925	11.166666666666666	207.66666666666666	130.03846153846155	-15.617442862936478	3	8	168	15.0	457.0	278.0	32	8.0	88.0	57.0	0	0	8.537938117980957	320	32.64585280418396	297	7.1875	
-412522.90885468584	101.25	11.25	194.3815789473684	121.94736842105263	-15.617442862936478	4	12	199	18.0	394.0	251.0	1	8.0	88.0	57.0	0	0	7.55134129524231	400	40.19719409942627	369	7.75	
-450025.9415181213	106.75	11.256410256410257	188.62820512820514	118.55128205128206	-14.596680990589428	5	14	199	16.0	358.0	217.0	20	8.0	96.0	62.0	0	0	8.020745277404785	480	48.217939376831055	442	7.916666666666671	
-300028.6408742522	102.4875	10.776315789473685	167.60526315789474	105.77631578947368	-14.596680990589428	6	18	197	15.0	340.0	206.0	23	8.0	86.0	56.0	0	0	8.637273073196411	560	56.855212450027466	514	8.214285714285722	
-412520.16351504374	101.5375	10.265822784810126	162.25316455696202	102.56962025316456	-14.32460149076389	7	19	173	14.0	372.0	232.0	60	8.0	88.0	57.0	0	0	7.988586664199829	640	64.8437991142273	588	8.125	
-375022.6141417818	102.3625	10.05	156.3375	99.0375	-14.32460149076389	8	19	199	15	291	179	39	7	79	51	0	0	7.698065996170044	720	72.54186511039734	663	7.916666666666671	
-412520.9870416028	93.65	9.833333333333334	145.43589743589743	92.61538461538461	-14.24990671566026	9	21	173	15.0	308.0	196.0	37	8.0	91.0	59.0	0	0	6.314711332321167	800	78.8565764427185	734	8.25	
-412517.49238168786	93.5375	9.632911392405063	142.21518987341773	90.55696202531645	-14.004610010724354	10	22	166	15.0	247.0	153.0	16	7.0	82.0	53.0	0	0	6.152801990509033	880	85.00937843322754	806	8.409090909090907	
-512517.8865108895	92.1125	9.987179487179487	149.71794871794873	95.34615384615384	-14.004610010724354	11	24	172	19.0	358.0	219.0	47	8.0	90.0	58.0	0	0	6.696951627731323	960	91.70633006095886	879	8.4375	
-362534.24135741725	89.7	10.518987341772151	162.40506329113924	103.32911392405063	-14.004610010724354	12	25	152	21.0	373.0	235.0	44	8.0	79.0	51.0	0	0	7.203296899795532	1040	98.9096269607544	953	8.365384615384613	
-425017.7985737605	92.6875	10.038461538461538	151.7051282051282	96.25641025641026	-14.004610010724354	13	27	152	15.0	276.0	179.0	37	7.0	74.0	48.0	0	0	7.0727219581604	1120	105.9823489189148	1025	8.482142857142861	
-487517.60429202905	92.275	9.961538461538462	152.66666666666666	96.6923076923077	-14.004610010724354	14	29	149	14.0	271.0	175.0	15	8.0	89.0	58.0	0	0	7.151538372039795	1200	113.13388729095459	1099	8.416666666666657	
-312523.35727439716	92.725	9.7625	147.5625	93.35	-13.351944709806157	15	29	130	15	245	152	66	8	80	52	0	0	6.943830490112305	1280	120.0777177810669	1174	8.28125	
-375020.38943096437	91.1	9.85	143.2125	91.0625	-12.047603152241631	16	29	130	18	255	162	57	8	88	57	0	0	6.986819267272949	1360	127.06453704833984	1250	8.088235294117652	
-425023.48568386043	88.2625	9.670886075949367	150.20253164556962	95.15189873417721	-12.047603152241631	17	30	138	15.0	401.0	245.0	50	8.0	88.0	57.0	0	0	7.47643256187439	1440	134.54096961021423	1323	8.125	
-425013.93387911486	82.4625	9.0125	129.0375	82.425	-11.986668347091301	18	30	155	14	266	161	45	8	88	57	0	0	7.120476961135864	1520	141.6614465713501	1397	8.09210526315789	
-462519.9595591176	78.725	9.32	135.25333333333333	86.34666666666666	-11.986668347091301	19	35	120	19.0	350.0	226.0	39	8.0	94.0	61.0	0	0	6.274034023284912	1600	147.935480594635	1465	8.4375	
-450019.9502571942	76.475	9.26923076923077	139.53846153846155	88.51282051282051	-11.986668347091301	20	37	128	15.0	348.0	209.0	36	8.0	88.0	57.0	0	0	6.941431045532227	1680	154.87691164016724	1538	8.452380952380949	
-475016.9861224059	72.25	9.026315789473685	128.0921052631579	81.76315789473684	-11.959178312395023	21	41	105	14.0	348.0	209.0	35	7.0	85.0	55.0	0	0	6.071617364883423	1760	160.94852900505066	1606	8.75	
-437518.886508252	71.925	8.828947368421053	123.26315789473684	78.78947368421052	-11.786931839307297	22	45	114	14.0	248.0	154.0	20	7.0	82.0	53.0	0	0	6.342170000076294	1840	167.29069900512695	1677	8.858695652173907	
-525015.6743660535	71.15	9.093333333333334	130.56	83.37333333333333	-11.504489540677229	23	50	125	15.0	314.0	191.0	21	7.0	82.0	53.0	0	0	6.453332901000977	1920	173.74403190612793	1746	9.0625	
-425027.00101902557	67.375	9.546666666666667	132.28	84.57333333333334	-11.504489540677229	24	55	98	18.0	296.0	183.0	36	8.0	89.0	58.0	0	0	6.477450847625732	2000	180.22148275375366	1817	9.150000000000006	
-525017.9702542508	67.5625	9.690140845070422	141.11267605633802	90.01408450704226	-10.96250111615908	25	64	108	15.0	314.0	191.0	26	8.0	88.0	57.0	0	0	6.2531256675720215	2080	186.47460842132568	1882	9.519230769230774	
-500024.4502511561	68.825	9.905405405405405	135.8783783783784	87.17567567567568	-10.96250111615908	26	70	120	21.0	308.0	200.0	14	8.0	88.0	57.0	0	0	6.249671459197998	2160	192.72427988052368	1946	9.907407407407405	
-400028.5947071386	67.4125	9.666666666666666	133.09722222222223	85.08333333333333	-10.955174006185183	27	78	131	16.0	314.0	191.0	3	8.0	79.0	51.0	0	0	6.05169153213501	2240	198.7759714126587	2014	10.089285714285708	
-462519.2174324631	69.3	9.301369863013699	127.52054794520548	81.53424657534246	-10.955174006185183	28	85	112	16.0	314.0	191.0	22	8.0	88.0	57.0	0	0	6.110711336135864	2320	204.88668274879456	2082	10.258620689655174	
-500022.1594506353	69.3875	9.090909090909092	123.48051948051948	79.05194805194805	-10.31907257532359	29	88	111	12.0	278.0	174.0	34	8.0	87.0	56.0	0	0	6.475332975387573	2400	211.36201572418213	2152	10.333333333333343	
-462521.67478563683	68.175	9.506666666666666	127.65333333333334	81.97333333333333	-10.31907257532359	30	93	103	15.0	281.0	174.0	31	8.0	87.0	56.0	0	0	9.666033029556274	2480	221.0280487537384	2218	10.564516129032256	
-487522.7582736806	67.7	9.432432432432432	137.5	87.5945945945946	-10.31907257532359	31	99	110	14.0	348.0	209.0	24	8.0	82.0	53.0	0	0	10.220949411392212	2560	231.24899816513062	2287	10.6640625	
-487522.19709961413	66.9	9.922077922077921	150.93506493506493	95.54545454545455	-10.31907257532359	32	102	109	17.0	348.0	209.0	16	8.0	89.0	58.0	0	0	8.531254291534424	2640	239.78025245666504	2357	10.719696969696969	
-425026.67216736544	65.9375	9.653333333333334	138.26666666666668	88.09333333333333	-10.287496532797078	33	107	107	18.0	287.0	178.0	16	8.0	88.0	57.0	0	0	6.506711483001709	2720	246.28696393966675	2424	10.882352941176464	
-462524.7361725656	67.175	9.267605633802816	127.11267605633803	81.36619718309859	-10.287496532797078	34	116	100	20.0	264.0	167.0	34	8.0	88.0	57.0	0	0	6.236143112182617	2800	252.52310705184937	2484	11.285714285714292	
-512515.5055289852	66.425	9.31578947368421	130.78947368421052	83.38157894736842	-10.270011571350974	35	120	102	16.0	309.0	195.0	32	8.0	86.0	56.0	0	0	6.792775630950928	2880	259.3158826828003	2553	11.354166666666671	
-537524.2436657934	68.15	9.394736842105264	136.94736842105263	87.13157894736842	-10.172326593516622	36	124	97	15.0	283.0	177.0	51	8.0	94.0	61.0	0	0	6.459200859069824	2960	265.7750835418701	2624	11.35135135135134	
-575022.6795137178	68.725	9.586666666666666	138.38666666666666	88.24	-10.172326593516622	37	129	112	14.0	291.0	179.0	27	7.0	82.0	53.0	0	0	6.507643222808838	3040	272.28272676467896	2694	11.381578947368425	
-462539.2957702481	69.2625	9.821917808219178	144.91780821917808	92.56164383561644	-10.172326593516622	38	136	116	15.0	271.0	171.0	5	8.0	91.0	59.0	0	0	6.703092336654663	3120	278.9858191013336	2763	11.442307692307693	
-575019.4765481229	70.45	9.971014492753623	151.59420289855072	96.59420289855072	-10.149412826531698	39	147	113	16.0	309.0	199.0	36	8.0	89.0	58.0	0	0	6.384233236312866	3200	285.3700523376465	2826	11.6875	
-512526.8444780698	69.975	9.697368421052632	136.72368421052633	87.5657894736842	-10.142323339530575	40	151	101	16.0	317.0	202.0	41	7.0	74.0	48.0	0	0	6.37004542350769	3280	291.7400977611542	2896	11.707317073170728	
-525020.9322087814	67.725	9.465753424657533	134.63013698630138	85.83561643835617	-9.933428722695071	41	158	120	14.0	254.0	158.0	14	8.0	89.0	58.0	0	0	5.958989381790161	3360	297.69908714294434	2963	11.81547619047619	
-462537.04890276276	67.65	9.421052631578947	130.55263157894737	83.48684210526316	-9.933428722695071	42	162	95	14.0	271.0	171.0	39	8.0	88.0	57.0	0	0	6.608074426651001	3440	304.30716156959534	3035	11.773255813953483	
-537523.2772175765	67.4125	9.546666666666667	136.12	86.84	-9.933428722695071	43	167	102	15.0	271.0	171.0	24	7.0	74.0	48.0	0	0	6.214632272720337	3520	310.5217938423157	3103	11.846590909090907	
-512518.21566533466	67.0	9.783783783783784	131.27027027027026	84.3108108108108	-9.933428722695071	44	173	114	15.0	263.0	166.0	20	8.0	85.0	55.0	0	0	7.845308780670166	3600	318.36710262298584	3172	11.8888888888889	
-525020.7882212586	66.975	9.585714285714285	133.87142857142857	85.48571428571428	-9.933428722695071	45	183	115	15.0	318.0	195.0	19	8.0	94.0	61.0	0	0	6.26622462272644	3680	324.6333272457123	3235	12.092391304347828	
-425022.2470908497	66.975	8.909090909090908	119.20779220779221	76.50649350649351	-9.933428722695071	46	186	88	14.0	248.0	157.0	46	7.0	74.0	48.0	0	0	6.1274614334106445	3760	330.7607886791229	3306	12.074468085106389	
-437533.14743661677	66.875	8.96103896103896	118.9090909090909	76.25974025974025	-9.933428722695071	47	189	93	14.0	246.0	152.0	41	8.0	79.0	51.0	0	0	6.44769024848938	3840	337.2084789276123	3376	12.083333333333329	
-600013.5308382087	67.2875	9.305555555555555	132.34722222222223	84.55555555555556	-9.933428722695071	48	197	119	14.0	306.0	191.0	15	8.0	79.0	51.0	0	0	6.092747688293457	3920	343.30122661590576	3442	12.193877551020407	
-512521.1388441138	70.6875	9.826666666666666	138.66666666666666	88.53333333333333	-9.933397995897263	49	202	119	16.0	306.0	191.0	32	8.0	93.0	60.0	0	0	6.260193824768066	4000	349.5614204406738	3509	12.275000000000006	
-500028.5685578765	73.4625	9.25974025974026	126.3896103896104	80.94805194805195	-9.922606429099623	50	205	119	13.0	324.0	195.0	37	8.0	85.0	55.0	0	0	6.1154944896698	4080	355.6769149303436	3577	12.32843137254902	
-500035.6850583354	81.6	9.090909090909092	130.4025974025974	83.05194805194805	-9.922606429099623	51	208	158	13.0	247.0	150.0	42	8.0	85.0	55.0	0	0	6.459860324859619	4160	362.13677525520325	3648	12.307692307692307	
-525026.7149219451	79.9625	9.486842105263158	142.67105263157896	90.73684210526316	-9.922606429099623	52	212	128	13.0	277.0	175.0	40	8.0	94.0	61.0	0	0	6.278279542922974	4240	368.4150547981262	3718	12.311320754716988	
-387537.8414922235	82.0	9.481012658227849	141.0126582278481	89.77215189873418	-9.907953123504306	53	213	122	14.0	314.0	195.0	40	8.0	87.0	56.0	0	0	7.018563508987427	4320	375.43361830711365	3790	12.268518518518519	
-400028.2547004651	78.0125	9.2	129.45	82.775	-9.907953123504306	54	213	119	14	265	167	58	8	85	55	0	0	6.754277467727661	4400	382.1878957748413	3863	12.204545454545453	
-587516.8987273502	72.3375	9.181818181818182	124.50649350649351	79.79220779220779	-9.907953123504306	55	216	119	14.0	284.0	177.0	31	8.0	87.0	56.0	0	0	5.872814178466797	4480	388.0607099533081	3933	12.20982142857143	
-562526.2648476721	71.0375	9.455696202531646	140.20253164556962	89.45569620253164	-9.830061072386426	56	217	119	16.0	356.0	219.0	54	7.0	74.0	48.0	0	0	9.522685766220093	4560	397.5833957195282	4006	12.149122807017548	
-550029.5676950056	67.8875	9.025974025974026	124.74025974025975	79.92207792207792	-9.830061072386426	57	220	111	12.0	244.0	156.0	23	8.0	85.0	55.0	0	0	9.30442762374878	4640	406.887823343277	4078	12.112068965517238	
-475028.1102988163	67.5375	9.355263157894736	129.80263157894737	83.19736842105263	-9.830061072386426	58	224	109	15.0	282.0	177.0	38	7.0	82.0	53.0	0	0	8.18381142616272	4720	415.0716347694397	4147	12.139830508474574	
-550019.1563504776	67.7	9.30379746835443	132.22784810126583	84.41772151898734	-9.830061072386426	59	225	111	15.0	260.0	160.0	27	8.0	79.0	51.0	0	0	8.661906719207764	4800	423.73354148864746	4219	12.104166666666671	
-575019.8001633448	67.375	9.658227848101266	139.873417721519	89.21518987341773	-9.830061072386426	60	226	92	15.0	421.0	257.0	44	8.0	84.0	54.0	0	0	8.362599611282349	4880	432.0961410999298	4292	12.049180327868854	
-412535.33225554833	68.525	9.246753246753247	128.98701298701297	82.66233766233766	-9.830061072386426	61	229	107	14.0	288.0	177.0	43	8.0	87.0	56.0	0	0	8.82172155380249	4960	440.9178626537323	4361	12.076612903225808	
-537530.2271561753	68.375	9.026315789473685	125.02631578947368	80.19736842105263	-9.830061072386426	62	233	91	13.0	288.0	177.0	42	7.0	74.0	48.0	0	0	6.809626340866089	5040	447.7274889945984	4429	12.123015873015873	
-437525.37910736	66.9375	9.346153846153847	129.39743589743588	82.7948717948718	-9.813606070010632	63	235	96	15.0	283.0	179.0	38	8.0	93.0	60.0	0	0	9.066571950912476	5120	456.79406094551086	4500	12.109375	
-537513.275476213	67.0	9.131578947368421	125.14473684210526	80.30263157894737	-9.813606070010632	64	239	117	13.0	223.0	140.0	17	8.0	88.0	57.0	0	0	8.498083591461182	5200	465.29214453697205	4568	12.153846153846146	
-537516.2234070991	67.45	9.025974025974026	126.0909090909091	80.72727272727273	-9.813606070010632	65	242	117	13.0	288.0	177.0	22	8.0	85.0	55.0	0	0	8.113176107406616	5280	473.40532064437866	4637	12.178030303030312	
-437533.80622372933	70.6875	9.233766233766234	131.88311688311688	84.22077922077922	-9.813606070010632	66	245	117	15.0	288.0	177.0	19	8.0	89.0	58.0	0	0	9.440730810165405	5360	482.84605145454407	4707	12.18283582089552	
-550024.9053819008	69.2375	9.506493506493506	145.54545454545453	92.58441558441558	-9.813606070010632	67	248	118	14.0	331.0	205.0	27	8.0	91.0	59.0	0	0	8.268266439437866	5440	491.11431789398193	4778	12.169117647058826	
-475022.3949641945	69.3875	9.3125	132.35	84.5375	-9.813606070010632	68	248	110	14	274	175	35	7	82	53	0	0	9.218828678131104	5520	500.33314657211304	4849	12.155797101449267	
-425029.3592073953	68.2875	9.155844155844155	131.4025974025974	83.94805194805195	-9.813606070010632	69	251	105	17.0	308.0	190.0	29	8.0	88.0	57.0	0	0	9.022978782653809	5600	509.35612535476685	4920	12.142857142857139	
-537528.0639041098	67.7	8.91025641025641	125.8076923076923	80.52564102564102	-9.813606070010632	70	253	115	16.0	346.0	224.0	19	8.0	88.0	57.0	0	0	9.189279317855835	5680	518.5454046726227	4994	12.0774647887324	
-537519.2529065287	67.4125	9.294871794871796	130.74358974358975	83.62820512820512	-9.813606070010632	71	255	107	15.0	316.0	195.0	27	8.0	85.0	55.0	0	0	8.983973503112793	5760	527.5293781757355	5065	12.065972222222214	
-487528.8699805513	66.825	9.131578947368421	124.8157894736842	79.92105263157895	-9.813606070010632	72	259	100	12.0	288.0	177.0	34	8.0	93.0	60.0	0	0	7.430628538131714	5840	534.9600067138672	5134	12.089041095890408	
-487526.7614622066	67.0	9.2125	123.675	79.35	-9.813606070010632	73	259	89	14	226	142	45	8	88	57	0	0	8.799391508102417	5920	543.7593982219696	5204	12.094594594594597	
-450027.4531247098	67.0	8.886075949367088	116.9113924050633	75.11392405063292	-9.733592255395155	74	260	114	14.0	212.0	135.0	20	8.0	85.0	55.0	0	0	11.19092607498169	6000	554.9503242969513	5276	12.066666666666663	
-587524.2042116815	66.9	9.435897435897436	135.06410256410257	86.07692307692308	-9.733592255395155	75	262	103	16.0	288.0	177.0	31	7.0	82.0	53.0	0	0	12.687514543533325	6080	567.6378388404846	5350	12.006578947368425	
-525025.6632557493	66.4375	9.23076923076923	131.01282051282053	83.6923076923077	-9.733592255395155	76	264	109	15.0	301.0	193.0	25	7.0	85.0	55.0	0	0	10.099728345870972	6160	577.7375671863556	5421	11.996753246753244	
-537531.8366309672	68.05	8.779220779220779	116.0	74.57142857142857	-9.733592255395155	77	267	109	14.0	206.0	129.0	31	8.0	87.0	56.0	0	0	7.787912368774414	6240	585.52547955513	5491	12.003205128205124	
-500043.3873381965	67.125	9.217948717948717	130.01282051282053	83.15384615384616	-9.733592255395155	78	269	91	14.0	297.0	184.0	43	8.0	87.0	56.0	0	0	6.879856586456299	6320	592.4053361415863	5565	11.946202531645568	
-437533.44665892096	66.3125	9.426666666666666	135.33333333333334	86.45333333333333	-9.733592255395155	79	274	98	14.0	297.0	184.0	22	8.0	89.0	58.0	0	0	6.06854510307312	6400	598.4738812446594	5633	11.984375	
-462535.785945574	65.5	9.171052631578947	126.46052631578948	80.86842105263158	-9.733592255395155	80	278	122	15.0	347.0	212.0	12	8.0	83.0	54.0	0	0	6.1578662395477295	6480	604.6317474842072	5698	12.067901234567898	
-525013.4036988643	65.475	9.220779220779221	128.57142857142858	82.12987012987013	-9.701810076548407	81	281	102	14.0	267.0	171.0	32	8.0	94.0	61.0	0	0	6.573307514190674	6560	611.2050549983978	5766	12.103658536585371	
-512527.5931619335	65.35	9.454545454545455	130.2077922077922	83.41558441558442	-9.701810076548407	82	284	99	15.0	236.0	146.0	25	7.0	74.0	48.0	0	0	6.302075624465942	6640	617.5071306228638	5837	12.093373493975903	
-475021.0212917857	65.45	9.48	136.32	87.09333333333333	-9.701810076548407	83	289	104	14.0	288.0	177.0	30	8.0	79.0	51.0	0	0	6.014736175537109	6720	623.5218667984009	5902	12.172619047619051	
-550019.9460410869	65.4	9.220588235294118	128.83823529411765	82.36764705882354	-9.70132819378111	84	301	100	16.0	272.0	171.0	27	8.0	88.0	57.0	0	0	5.54629373550415	6800	629.068160533905	5964	12.294117647058826	
-512518.55731347407	65.7	9.43421052631579	133.76315789473685	85.53947368421052	-9.70132819378111	85	305	108	17.0	376.0	236.0	26	8.0	92.0	59.0	0	0	6.271901369094849	6880	635.3400619029999	6033	12.311046511627907	
-550015.2205581489	65.55	9.26027397260274	127.64383561643835	81.79452054794521	-9.70132819378111	86	312	89	17.0	286.0	184.0	34	8.0	79.0	51.0	0	0	5.908712148666382	6960	641.2487740516663	6100	12.356321839080465	
-462530.4683697827	66.4	9.226666666666667	131.8	84.21333333333334	-9.70132819378111	87	317	106	16.0	297.0	184.0	28	8.0	94.0	61.0	0	0	6.194440841674805	7040	647.4432148933411	6167	12.400568181818187	
-525027.4432268116	66.5	9.027777777777779	121.97222222222223	78.27777777777777	-9.70132819378111	88	325	117	16.0	314.0	200.0	17	8.0	79.0	51.0	0	0	5.756536483764648	7120	653.1997513771057	6231	12.485955056179776	
-562521.6778618691	71.6875	9.407894736842104	132.1315789473684	84.52631578947368	-9.690675288614068	89	329	117	15.0	303.0	187.0	26	7.0	85.0	55.0	0	0	6.259273290634155	7200	659.4590246677399	6300	12.5	
-575025.6148091651	73.0125	9.513513513513514	139.74324324324326	89.1891891891892	-9.690675288614068	90	335	135	15.0	303.0	187.0	29	8.0	85.0	55.0	0	0	6.3613691329956055	7280	665.8203938007355	6368	12.527472527472526	
-375043.6684592082	73.1875	9.23076923076923	128.01282051282053	81.87179487179488	-9.690675288614068	91	337	135	15.0	267.0	166.0	35	8.0	85.0	55.0	0	0	5.9581379890441895	7360	671.7785317897797	6434	12.581521739130437	
-437522.01994656754	71.9125	9.226666666666667	129.72	82.86666666666666	-9.690675288614068	92	342	117	15.0	372.0	223.0	33	8.0	85.0	55.0	0	0	6.138031721115112	7440	677.9165635108948	6500	12.634408602150543	
-512517.4487746988	70.175	9.146666666666667	129.01333333333332	82.4	-9.690675288614068	93	347	120	14.0	298.0	185.0	14	8.0	85.0	55.0	0	0	6.067352294921875	7520	683.9839158058167	6566	12.686170212765958	
-612523.3379480888	69.1125	9.56	137.05333333333334	87.72	-9.690675288614068	94	352	111	17.0	326.0	206.0	23	8.0	94.0	61.0	0	0	6.667941570281982	7600	690.6518573760986	6637	12.671052631578945	
-462531.8164363362	67.9375	9.475	130.25	83.375	-9.690675288614068	95	352	107	16	326	206	32	8	89	58	0	0	6.601206302642822	7680	697.2530636787415	6710	12.630208333333343	
-475035.27078786324	68.15	9.653333333333334	134.68	86.33333333333333	-9.690675288614068	96	357	110	15.0	303.0	190.0	24	8.0	89.0	58.0	0	0	6.3323400020599365	7760	703.5854036808014	6779	12.641752577319593	
-512521.3440775018	67.725	9.594936708860759	136.73417721518987	87.64556962025317	-9.690675288614068	97	358	93	16.0	314.0	200.0	41	8.0	87.0	56.0	0	0	6.740963935852051	7840	710.3263676166534	6851	12.61479591836735	
-500030.7836236734	67.4375	9.240506329113924	128.0379746835443	82.0632911392405	-9.690675288614068	98	359	95	15.0	291.0	184.0	45	8.0	88.0	57.0	0	0	6.809114217758179	7920	717.1354818344116	6925	12.563131313131322	
-525033.6393214028	65.875	9.513513513513514	137.48648648648648	87.9054054054054	-9.68341755673712	99	365	105	15.0	318.0	203.0	24	8.0	89.0	58.0	0	0	5.824502944946289	8000	722.9599847793579	6990	12.625	
-587530.9748002185	67.4875	9.342465753424657	135.41095890410958	86.24657534246575	-9.68341755673712	100	372	118	15.0	314.0	200.0	18	8.0	89.0	58.0	0	0	5.7844038009643555	8080	728.7443885803223	7056	12.67326732673267	
-500033.87689361797	65.3125	9.486486486486486	141.36486486486487	90.02702702702703	-9.681893330241934	101	378	97	15.0	303.0	190.0	37	8.0	87.0	56.0	0	0	6.615490198135376	8160	735.3598787784576	7124	12.696078431372541	
-512535.29520328325	66.6375	9.558441558441558	140.55844155844156	89.8051948051948	-9.681893330241934	102	381	117	16.0	308.0	200.0	36	8.0	89.0	58.0	0	0	6.375072002410889	8240	741.7349507808685	7196	12.669902912621353	
-462527.5924455302	67.475	9.461538461538462	133.6153846153846	85.51282051282051	-9.681893330241934	103	383	99	17.0	272.0	175.0	35	8.0	87.0	56.0	0	0	6.446137189865112	8320	748.1810879707336	7267	12.65625	
-400028.25242468633	67.3375	9.342105263157896	129.53947368421052	82.9342105263158	-9.681893330241934	104	387	110	16.0	286.0	174.0	26	8.0	94.0	61.0	0	0	5.926246404647827	8400	754.1073343753815	7333	12.702380952380949	
-475033.3222923904	69.35	9.08860759493671	125.29113924050633	80.40506329113924	-9.680924377552397	105	388	129	15.0	267.0	171.0	9	8.0	89.0	58.0	0	0	6.26605486869812	8480	760.3733892440796	7406	12.665094339622641	
-450028.897727338	69.3875	9.2	123.06666666666666	79.10666666666667	-9.680924377552397	106	393	126	17.0	302.0	195.0	34	7.0	90.0	58.0	0	0	7.362311363220215	8560	767.7357006072998	7471	12.721962616822438	
-537533.6256767247	70.825	9.723684210526315	134.56578947368422	86.34210526315789	-9.680924377552397	107	397	113	18.0	312.0	201.0	24	8.0	92.0	59.0	0	0	8.666082859039307	8640	776.4017834663391	7541	12.719907407407405	
-450029.6838566212	74.3375	9.155844155844155	126.7012987012987	81.25974025974025	-9.680924377552397	108	400	132	16.0	309.0	200.0	20	8.0	87.0	56.0	0	0	8.32181167602539	8720	784.7235951423645	7613	12.694954128440372	
-450023.2960490791	72.375	9.026666666666667	126.28	80.76	-9.680924377552397	109	405	133	14.0	284.0	177.0	12	8.0	85.0	55.0	0	0	5.878732204437256	8800	790.6023273468018	7678	12.75	
-587525.3117498965	71.8375	9.454545454545455	134.23376623376623	85.67532467532467	-9.680924377552397	110	408	110	16.0	284.0	177.0	54	8.0	93.0	60.0	0	0	6.797532796859741	8880	797.3998601436615	7747	12.759009009009006	
-475032.9384384725	69.15	9.36	131.53333333333333	84.10666666666667	-9.680924377552397	111	413	149	17.0	314.0	200.0	28	8.0	83.0	54.0	0	0	6.2523274421691895	8960	803.6521875858307	7815	12.779017857142861	
-475035.17304304196	68.9	9.342105263157896	129.56578947368422	83.01315789473684	-9.680924377552397	112	417	145	15.0	232.0	145.0	43	8.0	83.0	54.0	0	0	6.616540193557739	9040	810.2687277793884	7886	12.76548672566372	
-500036.08514950366	66.2	9.4	128.29333333333332	82.32	-9.680924377552397	113	422	112	15.0	281.0	177.0	22	8.0	90.0	58.0	0	0	6.0381081104278564	9120	816.3068358898163	7954	12.785087719298247	
-300045.3834764756	67.45	9.363636363636363	128.2207792207792	82.20779220779221	-9.680924377552397	114	425	103	15.0	281.0	177.0	31	8.0	93.0	60.0	0	0	6.871451139450073	9200	823.1782870292664	8023	12.793478260869563	
-525016.1106103981	66.6125	9.342857142857143	133.95714285714286	85.41428571428571	-9.680924377552397	115	435	127	16.0	391.0	237.0	22	8.0	94.0	61.0	0	0	6.693787574768066	9280	829.8720746040344	8086	12.866379310344826	
-575021.649915522	66.95	9.67605633802817	144.85915492957747	92.32394366197182	-9.680924377552397	116	444	117	18.0	295.0	191.0	32	8.0	93.0	60.0	0	0	5.9834840297698975	9360	835.8555586338043	8150	12.927350427350433	
-512526.0964915048	66.425	9.225352112676056	125.67605633802818	80.35211267605634	-9.680924377552397	117	453	107	15.0	272.0	174.0	7	8.0	87.0	56.0	0	0	6.142926931381226	9440	841.9984855651855	8215	12.976694915254242	
-537523.1516607932	70.4125	9.246753246753247	126.85714285714286	81.36363636363636	-9.680924377552397	118	456	164	16.0	313.0	201.0	10	8.0	85.0	55.0	0	0	6.212651252746582	9520	848.2111368179321	8284	12.983193277310917	
-475025.50069908716	68.2	9.246575342465754	134.54794520547946	86.05479452054794	-9.680924377552397	119	463	107	16.0	277.0	179.0	33	8.0	88.0	57.0	0	0	5.804319620132446	9600	854.0154564380646	8350	13.020833333333343	
-512526.8916252602	70.6375	9.173333333333334	128.53333333333333	82.29333333333334	-9.680924377552397	120	468	120	16.0	324.0	200.0	24	8.0	94.0	61.0	0	0	7.1192333698272705	9680	861.1346898078918	8418	13.037190082644628	
-575030.600718899	66.55	9.320512820512821	130.33333333333334	83.52564102564102	-9.680805864191449	121	470	84	16.0	284.0	179.0	50	7.0	74.0	48.0	0	0	6.254629611968994	9760	867.3893194198608	8488	13.032786885245912	
-487536.07323444524	67.1	9.038461538461538	120.46153846153847	77.5	-9.680805864191449	122	472	119	13.0	267.0	170.0	13	8.0	85.0	55.0	0	0	6.157822370529175	9840	873.54714179039	8557	13.038617886178855	
-550026.4237559814	67.0125	9.324324324324325	131.7972972972973	84.22972972972973	-9.680805864191449	123	478	113	15.0	266.0	164.0	20	8.0	87.0	56.0	0	0	6.228320360183716	9920	879.7754621505737	8624	13.064516129032256	
-462542.56653748563	67.35	9.658227848101266	134.13924050632912	85.9493670886076	-9.680805864191449	124	479	96	16.0	307.0	197.0	40	7.0	74.0	48.0	0	0	6.892337322235107	10000	886.6677994728088	8698	13.019999999999996	
-537528.0458318462	66.5375	9.662337662337663	133.14285714285714	85.32467532467533	-9.680805864191449	125	482	97	18.0	315.0	201.0	36	8.0	85.0	55.0	0	0	6.364918231964111	10080	893.032717704773	8769	13.00595238095238	
-587521.9658337006	66.6375	10.013698630136986	145.53424657534248	93.0	-9.680805864191449	126	489	106	17.0	340.0	216.0	26	8.0	94.0	61.0	0	0	6.248492002487183	10160	899.2812097072601	8836	13.031496062992119	
-575019.6522984604	66.575	9.150684931506849	126.87671232876713	81.38356164383562	-9.680805864191449	127	496	106	15.0	298.0	190.0	21	8.0	87.0	56.0	0	0	5.779298782348633	10240	905.0605084896088	8899	13.095703125	
-500025.6604965793	67.4	9.32	129.88	83.36	-9.680701567037639	128	501	125	17.0	302.0	195.0	9	8.0	89.0	58.0	0	0	5.93331241607666	10320	910.9938209056854	8966	13.120155038759691	
-450026.2950372631	67.2125	9.354430379746836	136.78481012658227	87.39240506329114	-9.677049202046597	129	502	81	17.0	302.0	195.0	53	8.0	94.0	61.0	0	0	6.808048725128174	10400	917.8018696308136	9039	13.086538461538467	
-475027.85821684793	67.0	9.32	132.02666666666667	84.46666666666667	-9.677049202046597	130	507	101	13.0	267.0	170.0	33	7.0	90.0	58.0	0	0	6.2075514793396	10480	924.0094211101532	9106	13.110687022900763	
-462534.78543908196	67.225	9.391891891891891	132.32432432432432	84.87837837837837	-9.677049202046597	131	513	117	14.0	281.0	177.0	17	8.0	94.0	61.0	0	0	6.070988893508911	10560	930.0804100036621	9175	13.115530303030297	
-537525.1311766489	67.5375	9.391891891891891	132.09459459459458	84.71621621621621	-9.677049202046597	132	519	106	16.0	284.0	177.0	30	8.0	90.0	58.0	0	0	5.7900238037109375	10640	935.870433807373	9241	13.148496240601503	
-600019.0210192361	69.2625	9.58974358974359	133.10256410256412	85.42307692307692	-9.677049202046597	133	521	107	17.0	314.0	200.0	27	7.0	74.0	48.0	0	0	6.4427995681762695	10720	942.3132333755493	9313	13.125	
-600026.1923531605	65.7125	9.18840579710145	121.31884057971014	77.7536231884058	-9.676609274713622	134	532	149	15.0	258.0	158.0	22	8.0	80.0	52.0	0	0	6.805697202682495	10800	949.1189305782318	9374	13.20370370370371	
-625017.9078372463	67.025	9.520547945205479	137.3013698630137	87.73972602739725	-9.676426042722186	135	539	149	15.0	318.0	201.0	20	8.0	87.0	56.0	0	0	6.326503038406372	10880	955.4454336166382	9441	13.226102941176464	
-500039.82755376137	73.425	9.426666666666666	134.36	86.21333333333334	-9.676426042722186	136	544	149	15.0	294.0	189.0	28	8.0	94.0	61.0	0	0	6.029000520706177	10960	961.4744341373444	9509	13.239051094890513	
-537530.1388166025	76.8125	9.368421052631579	135.56578947368422	86.67105263157895	-9.676426042722186	137	548	149	16.0	308.0	191.0	10	8.0	87.0	56.0	0	0	6.713164567947388	11040	968.1875987052917	9578	13.242753623188406	
-525030.3704278456	76.7	9.064935064935066	121.67532467532467	78.2987012987013	-9.676426042722186	138	551	149	14.0	246.0	157.0	22	7.0	74.0	48.0	0	0	7.197131633758545	11120	975.3847303390503	9651	13.210431654676256	
-512521.1625802124	69.275	8.974358974358974	121.53846153846153	78.14102564102564	-9.676426042722186	139	553	144	14.0	286.0	184.0	32	8.0	87.0	56.0	0	0	6.47735857963562	11200	981.8620889186859	9721	13.205357142857139	
-562522.6929197101	70.4125	9.102564102564102	130.07692307692307	83.26923076923077	-9.676426042722186	140	555	113	13.0	305.0	188.0	21	8.0	85.0	55.0	0	0	6.5263965129852295	11280	988.3884854316711	9792	13.191489361702125	
-675027.0332222066	70.55	9.558441558441558	139.3896103896104	88.88311688311688	-9.676426042722186	141	558	109	15.0	284.0	177.0	19	7.0	82.0	53.0	0	0	6.440427780151367	11360	994.8289132118225	9863	13.177816901408448	
-550021.928308153	70.4875	9.705128205128204	142.8846153846154	91.1923076923077	-9.676426042722186	142	560	102	14.0	243.0	156.0	43	8.0	94.0	61.0	0	0	6.172855377197266	11440	1001.0017685890198	9934	13.164335664335667	
-487530.18836106436	69.4625	9.6	142.5125	90.7375	-9.676426042722186	143	560	97	16	307	195	37	8	85	55	0	0	7.160313367843628	11520	1008.1620819568634	10008	13.125	
-500023.68268884486	69.9625	9.013333333333334	130.42666666666668	83.24	-9.676426042722186	144	565	120	13.0	296.0	182.0	22	8.0	94.0	61.0	0	0	5.867490530014038	11600	1014.0295724868774	10076	13.137931034482762	
-525025.7488346633	70.0125	9.423076923076923	132.96153846153845	85.0	-9.676426042722186	145	567	120	15.0	214.0	135.0	36	7.0	82.0	53.0	0	0	6.402444362640381	11680	1020.4320168495178	10148	13.11643835616438	
-487521.10880353086	68.8125	9.116883116883116	128.63636363636363	82.24675324675324	-9.676426042722186	146	570	122	15.0	274.0	175.0	12	8.0	79.0	51.0	0	0	6.180902004241943	11760	1026.6129188537598	10217	13.120748299319729	
-500026.70852377743	67.8875	9.038461538461538	122.15384615384616	78.44871794871794	-9.676426042722186	147	572	110	15.0	254.0	160.0	24	7.0	74.0	48.0	0	0	5.915623903274536	11840	1032.5285427570343	10284	13.141891891891888	
-550026.6380023068	67.7625	9.379746835443038	135.69620253164558	86.62025316455696	-9.676426042722186	148	573	116	14.0	289.0	177.0	18	7.0	82.0	53.0	0	0	6.754599571228027	11920	1039.2831423282623	10356	13.120805369127524	
-500029.10231936426	67.95	9.205128205128204	135.94871794871796	86.56410256410257	-9.676426042722186	149	575	85	16.0	314.0	200.0	50	7.0	74.0	48.0	0	0	6.924995422363281	12000	1046.2081377506256	10428	13.099999999999994	
-500021.48190828523	67.1625	9.486842105263158	136.47368421052633	87.21052631578948	-9.676426042722186	150	579	117	16.0	372.0	223.0	17	8.0	88.0	57.0	0	0	6.5009214878082275	12080	1052.7090592384338	10496	13.11258278145695	
-487531.4936395211	68.1	9.233766233766234	130.5194805194805	83.7012987012987	-9.676426042722186	151	582	89	16.0	372.0	223.0	61	8.0	88.0	57.0	0	0	7.136276721954346	12160	1059.8453359603882	10568	13.09210526315789	
-475022.2695885127	67.275	9.468354430379748	131.0506329113924	84.11392405063292	-9.676426042722186	152	583	109	16.0	284.0	183.0	25	8.0	89.0	58.0	0	0	7.117208480834961	12240	1066.9625444412231	10640	13.071895424836597	
-337523.18683848996	67.7125	9.179487179487179	120.47435897435898	77.42307692307692	-9.676426042722186	153	585	92	14.0	200.0	128.0	42	8.0	94.0	61.0	0	0	6.324911832809448	12320	1073.2874562740326	10710	13.068181818181827	
-400026.85873229895	67.5375	8.95	121.425	78.025	-9.676426042722186	154	585	89	13	257	167	45	8	88	57	0	0	6.11440896987915	12400	1079.4018652439117	10782	13.048387096774192	
-475025.3120941043	67.4125	8.886075949367088	124.63291139240506	79.64556962025317	-9.676413388236895	155	586	90	13.0	372.0	223.0	44	8.0	87.0	56.0	0	0	7.149137496948242	12480	1086.55100274086	10853	13.036858974358978	
-537535.2706969264	67.625	9.367088607594937	139.83544303797467	89.0506329113924	-9.676413388236895	156	587	97	15.0	362.0	223.0	34	8.0	80.0	52.0	0	0	7.112766742706299	12560	1093.6637694835663	10926	13.009554140127392	
-475029.1212154012	67.8	9.316455696202532	130.26582278481013	83.35443037974683	-9.676413388236895	157	588	90	14.0	285.0	175.0	44	8.0	80.0	52.0	0	0	6.511034965515137	12640	1100.1748044490814	10998	12.990506329113927	
-562537.1296823123	68.6625	9.405405405405405	137.67567567567568	87.79729729729729	-9.676413388236895	158	594	137	13.0	314.0	190.0	19	8.0	80.0	52.0	0	0	5.894611120223999	12720	1106.0694155693054	11064	13.018867924528294	
-512528.77914644184	70.3125	9.213333333333333	131.48	84.25333333333333	-9.676413388236895	159	599	137	13.0	251.0	157.0	30	8.0	91.0	59.0	0	0	6.439993619918823	12800	1112.5094091892242	11131	13.0390625	
-500021.4905670898	67.6625	9.077922077922079	118.93506493506493	76.50649350649351	-9.676410923776269	160	602	92	14.0	220.0	139.0	30	8.0	79.0	51.0	0	0	6.407740831375122	12880	1118.9171500205994	11202	13.027950310559007	
-450033.673418699	67.6	8.974683544303797	126.27848101265823	80.67088607594937	-9.676410923776269	161	603	125	13.0	284.0	177.0	34	8.0	88.0	57.0	0	0	7.077469110488892	12960	1125.9946191310883	11275	13.001543209876544	
-512518.98167485686	73.0625	8.973684210526315	127.27631578947368	81.47368421052632	-9.676410923776269	162	607	137	13.0	284.0	177.0	50	8.0	79.0	51.0	0	0	6.28718900680542	13040	1132.2818081378937	11344	13.00613496932516	
-512533.93590738456	71.8375	9.103896103896103	122.03896103896103	78.33766233766234	-9.676410923776269	163	610	125	14.0	244.0	152.0	45	8.0	80.0	52.0	0	0	6.7477171421051025	13120	1139.0295252799988	11416	12.987804878048777	
-512522.0263502388	67.9625	9.461538461538462	131.34615384615384	84.16666666666667	-9.676410923776269	164	612	125	14.0	255.0	158.0	25	8.0	89.0	58.0	0	0	6.489891290664673	13200	1145.5194165706635	11489	12.962121212121218	
-500016.1047460244	67.475	9.276315789473685	131.23684210526315	84.10526315789474	-9.676410923776269	165	616	112	13.0	313.0	195.0	22	8.0	85.0	55.0	0	0	6.378524541854858	13280	1151.8979411125183	11558	12.966867469879517	
-575016.3758500858	67.025	9.289473684210526	126.35526315789474	81.15789473684211	-9.676410923776269	166	620	101	16.0	365.0	238.0	33	8.0	94.0	61.0	0	0	6.343611240386963	13360	1158.2415523529053	11627	12.971556886227546	
-425035.40020152833	67.275	8.949367088607595	120.12658227848101	77.11392405063292	-9.676410923776269	167	621	99	14.0	265.0	165.0	34	8.0	90.0	58.0	0	0	6.9007415771484375	13440	1165.1422939300537	11694	12.99107142857143	
-475026.43333648366	66.3875	9.115384615384615	117.44871794871794	75.6923076923077	-9.676410923776269	168	623	99	13.0	248.0	157.0	35	8.0	88.0	57.0	0	0	6.2190423011779785	13520	1171.3613362312317	11766	12.97337278106508	
-625017.1662772686	67.2625	9.466666666666667	130.92	83.84	-9.676410923776269	169	628	115	13.0	253.0	157.0	19	8.0	80.0	52.0	0	0	6.424807071685791	13600	1177.7861433029175	11837	12.963235294117652	
-475028.48623179813	67.3375	9.5	132.87179487179486	84.96153846153847	-9.676410923776269	170	630	95	15.0	307.0	191.0	39	8.0	84.0	54.0	0	0	6.42439603805542	13680	1184.210539340973	11909	12.94590643274853	
-487527.2479430195	66.875	9.364864864864865	131.0	83.9054054054054	-9.676410923776269	171	636	106	13.0	294.0	181.0	28	8.0	93.0	60.0	0	0	7.229226350784302	13760	1191.4397656917572	11976	12.965116279069761	
-500023.7728383999	67.225	9.28	123.66666666666667	79.42666666666666	-9.676410923776269	172	641	117	15.0	235.0	150.0	17	7.0	74.0	48.0	0	0	6.307739734649658	13840	1197.7475054264069	12044	12.97687861271676	
-525024.2649572409	70.3875	9.435897435897436	129.9102564102564	83.3974358974359	-9.676410923776269	173	643	117	14.0	293.0	182.0	44	7.0	74.0	48.0	0	0	6.325130224227905	13920	1204.0726356506348	12117	12.952586206896555	
-475020.84714858944	71.3125	9.423076923076923	133.26923076923077	85.25641025641026	-9.676410923776269	174	645	110	18.0	236.0	145.0	37	8.0	79.0	51.0	0	0	6.408116340637207	14000	1210.480751991272	12185	12.964285714285722	
-425029.7330216629	69.0375	9.025641025641026	123.21794871794872	79.01282051282051	-9.676410923776269	175	647	130	16.0	284.0	183.0	10	7.0	74.0	48.0	0	0	6.80530571937561	14080	1217.2860577106476	12256	12.954545454545453	
-450027.39918624825	68.9875	8.974025974025974	122.33766233766234	78.42857142857143	-9.676388380323136	176	650	98	13.0	248.0	157.0	36	8.0	84.0	54.0	0	0	6.203049898147583	14160	1223.4891076087952	12327	12.944915254237287	
-500025.79164481943	69.525	9.394736842105264	128.67105263157896	82.64473684210526	-9.676388380323136	177	654	113	20.0	412.0	267.0	30	8.0	84.0	54.0	0	0	6.432212829589844	14240	1229.921320438385	12396	12.949438202247194	
-562523.6894896325	69.1375	9.177215189873417	125.12658227848101	80.21518987341773	-9.676388380323136	178	655	120	13.0	256.0	158.0	14	8.0	89.0	58.0	0	0	6.659128904342651	14320	1236.5804493427277	12470	12.91899441340783	
-425030.60062759556	67.1875	9.355263157894736	133.5	85.26315789473684	-9.676388380323136	179	659	119	13.0	300.0	186.0	14	8.0	94.0	61.0	0	0	6.26245641708374	14400	1242.8429057598114	12537	12.9375	
-475042.45384400664	68.2875	9.402597402597403	137.87012987012986	87.74025974025975	-9.676388380323136	180	662	111	14.0	314.0	193.0	23	8.0	94.0	61.0	0	0	6.663870334625244	14480	1249.5067760944366	12607	12.935082872928177	
-462529.11569855455	67.7875	9.41095890410959	132.42465753424656	84.82191780821918	-9.676377461535681	181	669	118	14.0	306.0	187.0	16	8.0	89.0	58.0	0	0	5.9270923137664795	14560	1255.4338684082031	12670	12.980769230769226	
-500034.62630078325	67.325	8.868421052631579	113.23684210526316	72.85526315789474	-9.676377461535681	182	673	113	13.0	257.0	157.0	21	8.0	85.0	55.0	0	0	6.522396802902222	14640	1261.9562652111053	12742	12.964480874316948	
-475028.4806637696	66.65	9.051948051948052	121.06493506493507	77.81818181818181	-9.676377461535681	183	676	121	14.0	248.0	158.0	13	8.0	92.0	59.0	0	0	5.989742040634155	14720	1267.9460072517395	12811	12.96875	
-587525.4013302684	65.525	9.131578947368421	123.72368421052632	79.4342105263158	-9.676377461535681	184	680	96	13.0	248.0	157.0	22	8.0	89.0	58.0	0	0	6.623926401138306	14800	1274.5699336528778	12883	12.952702702702695	
-562525.5548327009	67.55	9.43421052631579	128.28947368421052	82.30263157894737	-9.676377461535681	185	684	134	14.0	207.0	130.0	28	8.0	93.0	60.0	0	0	6.181374549865723	14880	1280.7513082027435	12951	12.96370967741936	
-425027.3977176831	67.425	9.08108108108108	126.89189189189189	81.25675675675676	-9.676377461535681	186	690	110	12.0	278.0	177.0	25	7.0	82.0	53.0	0	0	6.313628196716309	14960	1287.0649363994598	13018	12.981283422459882	
-462525.52677698975	69.775	8.96103896103896	125.81818181818181	80.48051948051948	-9.676377461535681	187	693	119	12.0	288.0	177.0	15	7.0	74.0	48.0	0	0	6.830479860305786	15040	1293.8954162597656	13086	12.99202127659575	
-425024.4471028182	67.9	8.688311688311689	115.84415584415585	74.41558441558442	-9.676377461535681	188	696	93	12.0	222.0	137.0	41	8.0	85.0	55.0	0	0	5.8665032386779785	15120	1299.7619194984436	13152	13.015873015873012	
-487540.33388437703	68.2125	8.76923076923077	123.6923076923077	79.07692307692308	-9.676377461535681	189	698	97	11.0	215.0	134.0	43	7.0	74.0	48.0	0	0	6.688981294631958	15200	1306.4509007930756	13219	13.03289473684211	
-550021.6056859137	67.4	9.125	129.5125	82.8125	-9.676377461535681	190	698	97	13	247	157	40	7	74	48	0	0	6.981533050537109	15280	1313.4324338436127	13293	13.003926701570677	
-537524.4136424972	67.3375	9.076923076923077	119.82051282051282	77.05128205128206	-9.676377461535681	191	700	99	12.0	200.0	128.0	35	8.0	89.0	58.0	0	0	5.9364025592803955	15360	1319.368836402893	13363	13.001302083333329	
-487527.1583891331	69.7	9.448717948717949	127.14102564102564	81.65384615384616	-9.676377461535681	192	702	103	13.0	240.0	147.0	36	8.0	80.0	52.0	0	0	6.042366027832031	15440	1325.411202430725	13431	13.011658031088075	
-487529.0368785042	68.1	9.282051282051283	126.28205128205128	81.02564102564102	-9.676377461535681	193	704	122	14.0	218.0	140.0	12	7.0	74.0	48.0	0	0	6.5036022663116455	15520	1331.9148046970367	13503	12.996134020618555	
-562517.1176266639	65.35	9.371794871794872	127.92307692307692	82.0	-9.676377461535681	194	706	98	16.0	274.0	171.0	34	8.0	94.0	61.0	0	0	6.355074644088745	15600	1338.2698793411255	13573	12.993589743589737	
-525026.3278507196	66.0875	9.223684210526315	130.56578947368422	83.36842105263158	-9.676377461535681	195	710	88	13.0	223.0	139.0	22	8.0	85.0	55.0	0	0	5.950278997421265	15680	1344.2201583385468	13640	13.01020408163265	
-475018.8295980034	67.3875	9.092105263157896	131.1315789473684	83.82894736842105	-9.676369901664634	196	714	128	13.0	260.0	164.0	22	8.0	87.0	56.0	0	0	6.143266677856445	15760	1350.3634250164032	13710	13.007614213197968	
-487521.2449118361	67.6875	8.95	118.4375	76.175	-9.676369901664634	197	714	112	13	200	123	27	7	74	48	0	0	6.415675401687622	15840	1356.7791004180908	13781	12.998737373737384	
-562520.0920565596	67.4375	9.423076923076923	132.82051282051282	85.11538461538461	-9.676369901664634	198	716	107	13.0	285.0	177.0	50	8.0	89.0	58.0	0	0	6.579553604125977	15920	1363.3586540222168	13855	12.971105527638187	
-537526.6415213507	67.75	9.291139240506329	129.8987341772152	83.15189873417721	-9.676369901664634	199	717	107	13.0	245.0	157.0	28	8.0	88.0	57.0	0	0	6.95381236076355	16000	1370.3124663829803	13929	12.943749999999994	
-475029.406436606	67.7	8.871794871794872	125.17948717948718	79.98717948717949	-9.676369901664634	200	719	99	13.0	293.0	185.0	35	7.0	82.0	53.0	0	0	6.756812810897827	16080	1377.0692791938782	14002	12.922885572139307	
-525015.3973986207	67.3875	9.08974358974359	125.88461538461539	80.61538461538461	-9.676369901664634	201	721	110	14.0	238.0	151.0	24	7.0	87.0	56.0	0	0	6.497888088226318	16160	1383.5671672821045	14072	12.920792079207928	
-437540.1472506529	67.5375	8.844155844155845	116.37662337662337	74.92207792207792	-9.676369901664634	202	724	110	14.0	222.0	139.0	28	8.0	87.0	56.0	0	0	6.490207672119141	16240	1390.0573749542236	14140	12.93103448275862	
-550024.475359311	67.0	9.246753246753247	123.84415584415585	79.45454545454545	-9.676369901664634	203	727	100	14.0	284.0	177.0	34	8.0	91.0	59.0	0	0	5.80619215965271	16320	1395.8635671138763	14209	12.935049019607845	
-487529.39378182497	67.3125	9.272727272727273	128.66233766233765	82.24675324675324	-9.676369901664634	204	730	118	13.0	271.0	166.0	16	7.0	74.0	48.0	0	0	6.131868839263916	16400	1401.9954359531403	14277	12.945121951219505	
-462526.3523249732	70.025	9.657534246575343	146.5068493150685	93.23287671232876	-9.676369901664634	205	737	118	14.0	304.0	193.0	37	7.0	74.0	48.0	0	0	6.137171030044556	16480	1408.1326069831848	14340	12.985436893203882	
-562526.5209905722	67.85	9.333333333333334	136.88	87.42666666666666	-9.676369901664634	206	742	115	15.0	314.0	200.0	29	8.0	94.0	61.0	0	0	6.266749620437622	16560	1414.3993566036224	14409	12.98913043478261	
-475030.5545551907	69.9875	9.131578947368421	133.47368421052633	85.10526315789474	-9.676369901664634	207	746	115	13.0	284.0	177.0	23	8.0	85.0	55.0	0	0	6.339443206787109	16640	1420.7387998104095	14480	12.980769230769226	
-575021.39572834	68.375	9.415584415584416	139.0909090909091	88.59740259740259	-9.676369901664634	208	749	126	14.0	296.0	186.0	21	7.0	74.0	48.0	0	0	6.569121360778809	16720	1427.3079211711884	14550	12.97846889952153	
-537529.1997199304	67.9625	9.123287671232877	126.56164383561644	81.01369863013699	-9.676369901664634	209	756	126	14.0	281.0	172.0	21	8.0	79.0	51.0	0	0	6.022909879684448	16800	1433.3308310508728	14617	12.99404761904762	
-537530.0203134425	65.8625	9.093333333333334	122.46666666666667	78.74666666666667	-9.676369901664634	210	761	126	14.0	282.0	181.0	11	7.0	79.0	51.0	0	0	5.751170635223389	16880	1439.0820016860962	14682	13.021327014218002	
-537517.2355620513	69.1625	8.88	123.62666666666667	79.16	-9.676369901664634	211	766	131	13.0	261.0	163.0	12	8.0	79.0	51.0	0	0	5.6023571491241455	16960	1444.6843588352203	14746	13.054245283018872	
-537518.2361518126	68.0	8.987012987012987	120.32467532467533	77.28571428571429	-9.676369901664634	212	769	102	15.0	262.0	165.0	31	8.0	87.0	56.0	0	0	6.144815683364868	17040	1450.8291745185852	14815	13.0575117370892	
-475019.7405134176	68.175	9.30379746835443	125.84810126582279	80.69620253164557	-9.676369901664634	213	770	104	14.0	266.0	164.0	30	8.0	84.0	54.0	0	0	6.647663831710815	17120	1457.476838350296	14887	13.043224299065429	
-425027.5082615613	69.375	9.04	128.50666666666666	82.05333333333333	-9.676369901664634	214	775	123	14.0	274.0	170.0	16	8.0	87.0	56.0	0	0	5.9613196849823	17200	1463.4381580352783	14952	13.069767441860463	
-575015.0307034177	70.8625	8.972972972972974	124.20270270270271	79.37837837837837	-9.676369901664634	215	781	129	13.0	250.0	154.0	30	7.0	82.0	53.0	0	0	5.707315921783447	17280	1469.1454739570618	15019	13.084490740740733	
-500019.3922545243	69.8	9.213333333333333	124.29333333333334	79.78666666666666	-9.676369901664634	216	786	120	14.0	239.0	146.0	14	8.0	94.0	61.0	0	0	6.034698724746704	17360	1475.1801726818085	15084	13.11059907834101	
-512523.70988360903	69.725	9.435897435897436	128.89743589743588	82.75641025641026	-9.676369901664634	217	788	104	17.0	259.0	168.0	31	7.0	74.0	48.0	0	0	6.7592878341674805	17440	1481.939460515976	15156	13.096330275229363	
-450025.3840178038	68.4375	9.56578947368421	138.94736842105263	88.82894736842105	-9.676369901664634	218	792	124	15.0	447.0	279.0	25	7.0	74.0	48.0	0	0	6.699621200561523	17520	1488.6390817165375	15226	13.093607305936075	
-637514.956005818	67.5125	9.315068493150685	129.02739726027397	82.76712328767124	-9.676365969899832	219	799	113	13.0	266.0	164.0	21	7.0	74.0	48.0	0	0	6.05829644203186	17600	1494.6973781585693	15290	13.125	
-487522.0229662132	68.4625	9.35135135135135	138.8108108108108	88.48648648648648	-9.676365969899832	220	805	113	14.0	266.0	164.0	23	7.0	74.0	48.0	0	0	6.549962759017944	17680	1501.2473409175873	15356	13.144796380090497	
-475019.65800883045	67.275	9.302631578947368	129.3684210526316	82.90789473684211	-9.676365969899832	221	809	107	14.0	305.0	188.0	27	8.0	88.0	57.0	0	0	6.7874696254730225	17760	1508.0348105430603	15427	13.136261261261268	
-525024.7557671511	65.9125	9.246575342465754	127.13698630136986	81.47945205479452	-9.676365969899832	222	816	112	14.0	237.0	147.0	7	8.0	94.0	61.0	0	0	5.379882097244263	17840	1513.4146926403046	15487	13.189461883408072	
-437544.3299362456	67.475	9.18421052631579	126.72368421052632	81.11842105263158	-9.676365969899832	223	820	95	14.0	248.0	153.0	41	8.0	80.0	52.0	0	0	6.294153451919556	17920	1519.7088460922241	15553	13.208705357142861	
-525021.1565712069	66.4	9.04	120.45333333333333	77.34666666666666	-9.676365969899832	224	825	106	13.0	243.0	154.0	28	7.0	74.0	48.0	0	0	5.803724765777588	18000	1525.5125708580017	15616	13.244444444444454	
-500017.35511521844	66.975	8.87012987012987	115.28571428571429	74.20779220779221	-9.676365969899832	225	828	102	13.0	223.0	141.0	32	7.0	74.0	48.0	0	0	5.840595722198486	18080	1531.3531665802002	15682	13.263274336283189	
-587517.9146723045	66.45	8.864864864864865	116.58108108108108	74.94594594594595	-9.676365969899832	226	834	107	14.0	277.0	174.0	27	7.0	80.0	52.0	0	0	5.610151290893555	18160	1536.9633178710938	15747	13.287444933920696	
-550034.350780332	66.3	9.105263157894736	120.53947368421052	77.42105263157895	-9.676364655627983	227	838	93	14.0	206.0	127.0	41	8.0	94.0	61.0	0	0	6.3859827518463135	18240	1543.34930062294	15815	13.294956140350877	
-525020.4147998418	66.9125	9.03896103896104	119.41558441558442	76.64935064935065	-9.676364655627983	228	841	115	14.0	266.0	164.0	19	8.0	91.0	59.0	0	0	6.1682844161987305	18320	1549.5175850391388	15883	13.302401746724897	
-512528.94982320274	67.2125	9.328947368421053	132.23684210526315	84.5	-9.676364655627983	229	845	114	15.0	335.0	204.0	33	7.0	82.0	53.0	0	0	6.500742435455322	18400	1556.0183274745941	15952	13.304347826086953	
-587513.6424400434	67.0	9.216216216216216	125.55405405405405	80.45945945945945	-9.676364655627983	230	851	122	14.0	221.0	139.0	12	8.0	94.0	61.0	0	0	5.95647668838501	18480	1561.9748041629791	16019	13.31709956709956	
-525025.5416294743	67.0	9.306666666666667	131.81333333333333	84.24	-9.676364655627983	231	856	114	13.0	226.0	141.0	20	7.0	74.0	48.0	0	0	6.539088249206543	18560	1568.5138924121857	16090	13.308189655172413	
-425038.6870336703	69.1125	9.28	132.90666666666667	85.02666666666667	-9.676360723863182	232	861	133	14.0	301.0	191.0	1	7.0	82.0	53.0	0	0	6.539502859115601	18640	1575.0533952713013	16160	13.304721030042927	
-487524.46209026745	68.05	9.246753246753247	133.9090909090909	85.64935064935065	-9.676360723863182	233	864	96	12.0	262.0	164.0	40	7.0	82.0	53.0	0	0	6.519818544387817	18720	1581.573213815689	16229	13.306623931623932	
-500020.5686743489	67.5625	9.092105263157896	126.86842105263158	81.34210526315789	-9.676360723863182	234	868	103	13.0	263.0	162.0	31	8.0	84.0	54.0	0	0	6.327540874481201	18800	1587.9007546901703	16300	13.297872340425528	
-587521.4485749698	67.9	9.0	127.32894736842105	81.4342105263158	-9.676360723863182	235	872	127	14.0	317.0	198.0	7	7.0	82.0	53.0	0	0	6.563873052597046	18880	1594.4646277427673	16370	13.294491525423723	
-437533.1736432747	72.25	9.210526315789474	132.05263157894737	84.17105263157895	-9.676360723863182	236	876	127	13.0	263.0	162.0	22	8.0	80.0	52.0	0	0	6.541857481002808	18960	1601.0064852237701	16442	13.280590717299575	
-450034.0664080797	70.0125	9.506493506493506	136.66233766233765	87.25974025974025	-9.676360723863182	237	879	127	17.0	319.0	201.0	35	8.0	87.0	56.0	0	0	6.5606608390808105	19040	1607.567146062851	16514	13.266806722689068	
-437528.96295954863	69.325	9.233766233766234	126.0	80.58441558441558	-9.676360723863182	238	882	127	15.0	252.0	158.0	28	7.0	74.0	48.0	0	0	6.591976642608643	19120	1614.1591227054596	16584	13.26359832635984	
-425031.8270566944	73.3875	9.337662337662337	128.3896103896104	82.18181818181819	-9.676360723863182	239	885	142	16.0	230.0	146.0	26	7.0	82.0	53.0	0	0	6.253885746002197	19200	1620.4130084514618	16652	13.270833333333329	
-437526.96249135694	76.8125	9.278481012658228	129.16455696202533	82.77215189873418	-9.676360723863182	240	886	136	14.0	246.0	153.0	28	8.0	94.0	61.0	0	0	6.874281406402588	19280	1627.2872898578644	16726	13.246887966804977	
-575026.4959521533	70.3	9.493150684931507	128.0	82.20547945205479	-9.676360723863182	241	893	132	15.0	264.0	166.0	37	8.0	88.0	57.0	0	0	5.708908557891846	19360	1632.9961984157562	16793	13.259297520661164	
-500026.9423144916	69.525	9.307692307692308	133.10256410256412	85.1025641025641	-9.676341861753846	242	895	127	14.0	343.0	209.0	24	8.0	94.0	61.0	0	0	6.249825716018677	19440	1639.246024131775	16861	13.266460905349803	
-487525.9546849574	68.4	9.2	131.21333333333334	83.92	-9.676341861753846	243	900	127	13.0	310.0	191.0	33	8.0	94.0	61.0	0	0	6.51318097114563	19520	1645.7592051029205	16929	13.273565573770497	
-487529.75368314853	71.3125	9.506493506493506	143.44155844155844	91.27272727272727	-9.676341861753846	244	903	143	15.0	408.0	248.0	26	7.0	74.0	48.0	0	0	7.297562122344971	19600	1653.0567672252655	17001	13.26020408163265	
-512522.48023437185	67.8375	9.533333333333333	134.42666666666668	85.94666666666667	-9.676341861753846	245	908	125	14.0	260.0	160.0	9	8.0	94.0	61.0	0	0	7.097519397735596	19680	1660.154286623001	17070	13.262195121951208	
-425033.1634667022	72.1875	9.03896103896104	125.3896103896104	80.2987012987013	-9.676341861753846	246	911	125	13.0	260.0	159.0	20	8.0	90.0	58.0	0	0	6.997528314590454	19760	1667.1518149375916	17137	13.27429149797571	
-575021.6729725525	69.5125	9.294871794871796	133.67948717948718	85.35897435897436	-9.676341861753846	247	913	129	13.0	262.0	164.0	23	8.0	87.0	56.0	0	0	8.1693274974823	19840	1675.3211424350739	17210	13.256048387096769	
-575024.3243760907	66.6375	9.256410256410257	132.47435897435898	84.57692307692308	-9.676341861753846	248	915	100	15.0	290.0	181.0	31	8.0	83.0	54.0	0	0	7.213179111480713	19920	1682.5343215465546	17282	13.242971887550198	
-562519.5416427316	67.75	9.25	136.20833333333334	86.86111111111111	-9.676341861753846	249	923	113	15.0	292.0	183.0	21	8.0	93.0	60.0	0	0	6.440489053726196	20000	1688.9748106002808	17347	13.265	
-450025.9170563772	70.3125	9.095890410958905	129.3835616438356	82.56164383561644	-9.676341861753846	250	930	154	13.0	226.0	141.0	24	8.0	94.0	61.0	0	0	6.552974700927734	20080	1695.5277853012085	17412	13.286852589641427	
-537538.0674885629	71.45	9.293333333333333	130.36	83.24	-9.676341861753846	251	935	119	15.0	291.0	182.0	20	8.0	89.0	58.0	0	0	6.798407554626465	20160	1702.326192855835	17478	13.30357142857143	
-525047.7613674117	72.875	9.486486486486486	135.74324324324326	86.66216216216216	-9.676341861753846	252	941	130	16.0	339.0	209.0	33	8.0	94.0	61.0	0	0	6.822544097900391	20240	1709.1487369537354	17546	13.310276679841891	
-650024.8319294198	72.5125	9.736842105263158	139.60526315789474	88.97368421052632	-9.676341861753846	253	945	134	14.0	272.0	168.0	36	8.0	88.0	57.0	0	0	6.619931936264038	20320	1715.7686688899994	17615	13.312007874015748	
-550028.4459632129	67.275	9.36986301369863	134.5205479452055	85.97260273972603	-9.676341861753846	254	952	126	13.0	272.0	168.0	8	8.0	94.0	61.0	0	0	6.296936273574829	20400	1722.0656051635742	17682	13.323529411764696	
-475024.06016727275	68.325	9.726027397260275	142.35616438356163	90.76712328767124	-9.676341861753846	255	959	126	15.0	267.0	168.0	52	8.0	94.0	61.0	0	0	6.1542699337005615	20480	1728.2198750972748	17746	13.349609375	
-587515.4243074593	68.175	9.73972602739726	145.6164383561644	92.78082191780823	-9.676341861753846	256	966	126	17.0	289.0	185.0	20	8.0	87.0	56.0	0	0	6.169458389282227	20560	1734.389333486557	17812	13.365758754863805	
-500027.1623601912	70.7375	9.32876712328767	136.13698630136986	86.76712328767124	-9.676341861753846	257	973	149	14.0	301.0	182.0	18	8.0	88.0	57.0	0	0	6.270602703094482	20640	1740.6599361896515	17878	13.381782945736433	
-525020.3854056227	68.4	9.346666666666666	135.0	86.2	-9.676341861753846	258	978	126	14.0	242.0	154.0	23	8.0	87.0	56.0	0	0	6.296806335449219	20720	1746.9567425251007	17945	13.392857142857139	
-450031.24314932694	67.0375	9.807692307692308	136.02564102564102	87.1923076923077	-9.676341861753846	259	980	81	15.0	248.0	157.0	56	8.0	88.0	57.0	0	0	6.38515567779541	20800	1753.3418982028961	18015	13.38942307692308	
-525030.3526107585	67.0	9.820512820512821	141.97435897435898	90.64102564102564	-9.676341861753846	260	982	92	16.0	383.0	237.0	42	7.0	82.0	53.0	0	0	6.600247859954834	20880	1759.942146062851	18085	13.386015325670499	
-550032.3669954995	66.8125	9.605263157894736	137.5	87.98684210526316	-9.676341861753846	261	986	114	16.0	257.0	167.0	20	8.0	87.0	56.0	0	0	6.261584758758545	20960	1766.2037308216095	18151	13.401717557251914	
-600019.7903407415	66.575	9.447368421052632	136.77631578947367	87.32894736842105	-9.676341861753846	262	990	108	14.0	260.0	162.0	26	8.0	88.0	57.0	0	0	6.685442209243774	21040	1772.8891730308533	18222	13.393536121672994	
-475023.36724472407	68.4625	9.142857142857142	131.35064935064935	83.84415584415585	-9.676341861753846	263	993	109	17.0	287.0	184.0	28	7.0	82.0	53.0	0	0	6.496165752410889	21120	1779.3853387832642	18288	13.409090909090907	
-537519.8393813262	66.6375	9.25	130.71052631578948	83.71052631578948	-9.671212177444056	264	997	104	15.0	289.0	186.0	22	8.0	94.0	61.0	0	0	6.323330879211426	21200	1785.7086696624756	18355	13.419811320754718	
-500031.3329387704	67.7125	9.297297297297296	132.3108108108108	84.25675675675676	-9.671212177444056	265	1003	116	13.0	269.0	165.0	18	8.0	87.0	56.0	0	0	7.458519458770752	21280	1793.1671891212463	18422	13.430451127819552	
-462534.08474974416	68.5125	9.118421052631579	120.75	77.60526315789474	-9.671212177444056	266	1007	109	13.0	242.0	150.0	25	8.0	87.0	56.0	0	0	6.188441038131714	21360	1799.355630159378	18492	13.426966292134836	
-512524.2846665668	69.175	9.23611111111111	127.91666666666667	81.97222222222223	-9.671212177444056	267	1015	120	15.0	242.0	153.0	14	8.0	89.0	58.0	0	0	6.014077186584473	21440	1805.3697073459625	18557	13.446828358208947	
-537530.4413436209	73.1375	9.733333333333333	135.54666666666665	86.85333333333334	-9.671212177444056	268	1020	149	16.0	240.0	153.0	25	8.0	89.0	58.0	0	0	6.730121850967407	21520	1812.09982919693	18628	13.438661710037167	
-375033.7627619179	77.2625	9.5	132.56578947368422	85.0657894736842	-9.671212177444056	269	1024	162	15.0	264.0	163.0	41	8.0	88.0	57.0	0	0	6.094152450561523	21600	1818.1939816474915	18698	13.43518518518519	
-500024.6051203158	75.7875	9.333333333333334	122.64102564102564	78.8076923076923	-9.671212177444056	270	1026	147	13.0	240.0	147.0	34	8.0	79.0	51.0	0	0	6.089529037475586	21680	1824.283510684967	18766	13.4409594095941	
-437526.19231643213	71.5875	9.41891891891892	133.6891891891892	85.51351351351352	-9.671212177444056	271	1032	187	15.0	321.0	195.0	27	8.0	94.0	61.0	0	0	6.511488914489746	21760	1830.7949995994568	18832	13.455882352941174	
-450027.47365350946	70.275	9.24	130.53333333333333	83.56	-9.671212177444056	272	1037	188	14.0	300.0	185.0	21	8.0	94.0	61.0	0	0	6.698220252990723	21840	1837.4932198524475	18900	13.461538461538453	
-462534.8534417533	68.7125	9.445945945945946	132.1081081081081	84.56756756756756	-9.671212177444056	273	1043	113	15.0	267.0	168.0	48	8.0	88.0	57.0	0	0	6.097177982330322	21920	1843.5903978347778	18965	13.480839416058402	
-525027.581637651	70.4875	9.45945945945946	133.0810810810811	85.17567567567568	-9.671212177444056	274	1049	134	14.0	291.0	183.0	22	8.0	85.0	55.0	0	0	6.6158201694488525	22000	1850.2062180042267	19033	13.486363636363635	
-437521.6162292569	71.9875	9.306666666666667	133.10666666666665	85.02666666666667	-9.671212177444056	275	1054	113	13.0	323.0	205.0	40	8.0	91.0	59.0	0	0	6.096673011779785	22080	1856.3028910160065	19098	13.505434782608688	
-375036.64483062807	68.9875	9.479452054794521	137.45205479452054	87.76712328767124	-9.671212177444056	276	1061	113	15.0	322.0	197.0	23	8.0	85.0	55.0	0	0	6.224756956100464	22160	1862.527647972107	19165	13.515342960288805	
-450030.34333035944	68.7625	9.438356164383562	132.97260273972603	85.12328767123287	-9.671212177444056	277	1068	128	16.0	249.0	160.0	6	8.0	93.0	60.0	0	0	6.262599945068359	22240	1868.7902479171753	19234	13.516187050359704	
-462520.1032235354	70.05	9.205479452054794	127.04109589041096	81.43835616438356	-9.671212177444056	278	1075	128	14.0	233.0	149.0	43	8.0	94.0	61.0	0	0	6.100392580032349	22320	1874.8906404972076	19299	13.534946236559136	
-500021.3902724349	72.9375	9.123287671232877	127.64383561643835	81.75342465753425	-9.671212177444056	279	1082	128	14.0	318.0	197.0	16	8.0	94.0	61.0	0	0	6.070340394973755	22400	1880.9609808921814	19364	13.55357142857143	
-512525.51647873723	69.65	9.432432432432432	130.13513513513513	83.55405405405405	-9.671212177444056	280	1088	128	15.0	307.0	191.0	25	8.0	87.0	56.0	0	0	6.091045141220093	22480	1887.0520260334015	19429	13.57206405693951	
-462527.5145305485	69.65	8.87012987012987	118.75324675324676	76.22077922077922	-9.671212177444056	281	1091	109	13.0	201.0	127.0	25	8.0	94.0	61.0	0	0	6.603475093841553	22560	1893.655501127243	19498	13.572695035460995	
-462529.50450068933	71.625	9.24	130.28	83.41333333333333	-9.671212177444056	282	1096	120	15.0	321.0	195.0	27	8.0	89.0	58.0	0	0	6.312610864639282	22640	1899.9681119918823	19565	13.582155477031804	
-500029.0757769201	71.7125	8.922077922077921	114.98701298701299	74.0	-9.671212177444056	283	1099	112	13.0	200.0	128.0	22	7.0	82.0	53.0	0	0	6.033279657363892	22720	1906.0013916492462	19632	13.591549295774655	
-437531.26281332504	68.7125	9.123287671232877	124.83561643835617	80.06849315068493	-9.671212177444056	284	1106	102	14.0	226.0	143.0	32	8.0	89.0	58.0	0	0	6.208337306976318	22800	1912.2097289562225	19698	13.605263157894726	
-400033.6227517324	68.625	9.41025641025641	137.62820512820514	87.91025641025641	-9.671212177444056	285	1108	103	15.0	317.0	195.0	31	8.0	88.0	57.0	0	0	6.24700140953064	22880	1918.4567303657532	19765	13.614510489510494	
-475035.5544045212	68.2	9.289473684210526	132.6578947368421	84.88157894736842	-9.671212177444056	286	1112	104	15.0	321.0	204.0	54	8.0	88.0	57.0	0	0	6.353332281112671	22960	1924.8100626468658	19833	13.619337979094084	
-375038.8103102293	67.0	9.039473684210526	123.03947368421052	78.94736842105263	-9.671212177444056	287	1116	108	13.0	297.0	183.0	26	8.0	94.0	61.0	0	0	6.197345733642578	23040	1931.0074083805084	19898	13.637152777777771	
-412534.83136758686	67.0	8.987012987012987	117.33766233766234	75.58441558441558	-9.671212177444056	288	1119	116	15.0	251.0	162.0	18	7.0	82.0	53.0	0	0	6.123185157775879	23120	1937.1305935382843	19967	13.637543252595151	
-575023.7955250277	66.65	9.378378378378379	125.02702702702703	80.36486486486487	-9.671212177444056	289	1125	105	16.0	252.0	157.0	18	7.0	82.0	53.0	0	0	6.019791841506958	23200	1943.1503853797913	20033	13.650862068965523	
-500028.5926047775	67.95	9.506666666666666	132.29333333333332	84.81333333333333	-9.671212177444056	290	1130	100	16.0	266.0	168.0	37	7.0	82.0	53.0	0	0	6.365262508392334	23280	1949.5156478881836	20102	13.651202749140893	
-425024.83717664017	66.85	9.532467532467532	129.9090909090909	83.49350649350649	-9.671212177444056	291	1133	98	15.0	233.0	148.0	42	8.0	89.0	58.0	0	0	7.529018402099609	23360	1957.0446662902832	20171	13.651541095890408	
-487523.0952073233	66.625	9.513513513513514	133.24324324324326	85.58108108108108	-9.667809171421174	292	1139	118	15.0	291.0	181.0	16	8.0	94.0	61.0	0	0	6.289020299911499	23440	1963.3336865901947	20237	13.664675767918084	
-525025.3464656457	67.0	9.013698630136986	125.23287671232876	80.26027397260275	-9.667809171421174	293	1146	103	13.0	235.0	146.0	31	8.0	94.0	61.0	0	0	5.942109823226929	23520	1969.2757964134216	20303	13.677721088435376	
-525019.5778125834	67.8	9.571428571428571	136.85714285714286	87.41428571428571	-9.667809171421174	294	1156	100	14.0	266.0	168.0	34	7.0	74.0	48.0	0	0	6.310498237609863	23600	1975.5862946510315	20367	13.699152542372886	
-450031.43745386665	67.15	9.68421052631579	134.75	86.30263157894737	-9.667809171421174	295	1160	119	14.0	267.0	165.0	15	8.0	94.0	61.0	0	0	6.691038608551025	23680	1982.2773332595825	20437	13.69510135135134	
-425032.18201180344	67.55	9.493150684931507	139.0958904109589	88.72602739726027	-9.667809171421174	296	1167	124	14.0	308.0	191.0	10	8.0	88.0	57.0	0	0	6.449059724807739	23760	1988.7263929843903	20502	13.712121212121204	
-500037.7957569819	67.35	9.657894736842104	135.39473684210526	86.6842105263158	-9.667809171421174	297	1171	121	14.0	291.0	181.0	10	8.0	89.0	58.0	0	0	7.031487703323364	23840	1995.7578806877136	20571	13.712248322147644	
-512531.1445667251	67.075	9.693333333333333	142.50666666666666	90.89333333333333	-9.667809171421174	298	1176	112	16.0	338.0	208.0	22	7.0	74.0	48.0	0	0	6.989367246627808	23920	2002.7472479343414	20641	13.708193979933114	
-375031.87955140276	69.45	9.623376623376624	137.2987012987013	87.74025974025975	-9.667809171421174	299	1179	97	13.0	236.0	148.0	41	8.0	94.0	61.0	0	0	6.230412483215332	24000	2008.9776604175568	20710	13.708333333333329	
-450047.6910568232	68.0125	9.592105263157896	138.98684210526315	88.72368421052632	-9.667809171421174	300	1183	120	13.0	243.0	153.0	14	7.0	74.0	48.0	0	0	6.491402626037598	24080	2015.4690630435944	20779	13.708471760797352	
-525043.7457519132	67.8125	9.210526315789474	128.77631578947367	82.3157894736842	-9.667809171421174	301	1187	122	13.0	355.0	215.0	12	8.0	85.0	55.0	0	0	6.076220750808716	24160	2021.545283794403	20848	13.708609271523173	
-475043.31624876277	67.3375	9.569444444444445	131.75	84.55555555555556	-9.667809171421174	302	1195	120	17.0	307.0	197.0	23	8.0	91.0	59.0	0	0	6.394562005996704	24240	2027.9398458003998	20911	13.733498349834989	
-512536.64877184835	68.0375	9.666666666666666	135.09333333333333	86.4	-9.667809171421174	303	1200	111	16.0	266.0	168.0	34	8.0	88.0	57.0	0	0	6.764344930648804	24320	2034.7041907310486	20981	13.729440789473685	
-500036.3669061139	69.475	9.866666666666667	152.48	96.68	-9.667809171421174	304	1205	111	14.0	321.0	195.0	42	8.0	88.0	57.0	0	0	6.746960401535034	24400	2041.4511511325836	21050	13.729508196721312	
-462527.9893099745	70.65	9.98611111111111	143.33333333333334	91.79166666666667	-9.667809171421174	305	1213	117	15.0	325.0	206.0	17	8.0	94.0	61.0	0	0	6.428829908370972	24480	2047.8799810409546	21115	13.745915032679733	
-375039.27383443655	69.75	9.960526315789474	146.96052631578948	93.64473684210526	-9.667809171421174	306	1217	146	21.0	302.0	190.0	32	8.0	91.0	59.0	0	0	6.874130487442017	24560	2054.7541115283966	21183	13.75	
-537535.2967905274	69.2	9.577464788732394	135.74647887323943	86.78873239436619	-9.667809171421174	307	1226	111	14.0	288.0	175.0	27	8.0	87.0	56.0	0	0	6.170896053314209	24640	2060.925007581711	21247	13.77029220779221	
-400039.4631402237	68.5875	9.58904109589041	142.36986301369862	90.93150684931507	-9.667809171421174	308	1233	129	14.0	276.0	174.0	16	8.0	88.0	57.0	0	0	6.245837211608887	24720	2067.1708447933197	21312	13.786407766990294	
-400027.7926968708	72.2125	9.807692307692308	145.23076923076923	92.87179487179488	-9.667809171421174	309	1235	129	15.0	339.0	215.0	58	8.0	93.0	60.0	0	0	7.2530837059021	24800	2074.423928499222	21384	13.774193548387089	
-350045.3643352161	68.125	9.896103896103897	142.19480519480518	91.14285714285714	-9.667809171421174	310	1238	103	15.0	288.0	177.0	46	8.0	85.0	55.0	0	0	6.818867921829224	24880	2081.242796421051	21456	13.762057877813504	
-525021.1732214959	66.7375	9.653333333333334	134.68	86.37333333333333	-9.667809171421174	311	1243	106	17.0	338.0	213.0	28	8.0	88.0	57.0	0	0	6.164658784866333	24960	2087.4074552059174	21522	13.774038461538467	
-500023.59623032063	67.0	9.324324324324325	132.27027027027026	84.66216216216216	-9.667809171421174	312	1249	85	13.0	275.0	168.0	49	7.0	82.0	53.0	0	0	6.086162328720093	25040	2093.4936175346375	21587	13.789936102236425	
-525026.0354935385	67.2875	9.383561643835616	131.82191780821918	84.41095890410959	-9.667809171421174	313	1256	108	17.0	291.0	179.0	26	8.0	79.0	51.0	0	0	6.684441328048706	25120	2100.178058862686	21651	13.809713375796179	
-525030.1575883883	66.3125	10.053333333333333	144.24	92.2	-9.667809171421174	314	1261	105	16.0	308.0	189.0	29	8.0	79.0	51.0	0	0	6.599302768707275	25200	2106.7773616313934	21720	13.80952380952381	
-487523.43994924007	66.775	9.383561643835616	132.2876712328767	84.58904109589041	-9.667809171421174	315	1268	111	14.0	232.0	145.0	23	8.0	88.0	57.0	0	0	6.518543481826782	25280	2113.29590511322	21787	13.817246835443044	
-512527.5291118648	67.0	9.67123287671233	141.0958904109589	90.13698630136986	-9.667809171421174	316	1275	87	18.0	294.0	187.0	47	8.0	94.0	61.0	0	0	6.318010568618774	25360	2119.613915681839	21851	13.836750788643542	
-550018.925587872	67.0	9.51388888888889	134.68055555555554	86.125	-9.667809171421174	317	1283	101	16.0	300.0	186.0	33	8.0	85.0	55.0	0	0	6.328697204589844	25440	2125.942612886429	21916	13.852201257861637	
-437529.8460037807	67.7	9.453333333333333	138.90666666666667	88.61333333333333	-9.667809171421174	318	1288	112	16.0	308.0	191.0	22	8.0	89.0	58.0	0	0	6.2798192501068115	25520	2132.2224321365356	21985	13.851880877742957	
-462538.13769978064	68.05	9.422535211267606	144.04225352112675	91.50704225352112	-9.667809171421174	319	1297	106	13.0	272.0	168.0	20	8.0	88.0	57.0	0	0	6.325833559036255	25600	2138.548265695572	22048	13.875	
-512530.47449886554	71.775	9.842105263157896	142.57894736842104	91.25	-9.667809171421174	320	1301	105	17.0	271.0	168.0	35	7.0	74.0	48.0	0	0	7.0864033699035645	25680	2145.6346690654755	22118	13.87071651090342	
-512530.1468317054	68.25	9.346666666666666	130.37333333333333	83.46666666666667	-9.667809171421174	321	1306	111	15.0	287.0	183.0	23	8.0	90.0	58.0	0	0	6.144223690032959	25760	2151.7788927555084	22186	13.874223602484477	
-475037.09127397055	70.1	9.460526315789474	135.39473684210526	86.51315789473684	-9.667809171421174	322	1310	100	14.0	287.0	175.0	36	7.0	82.0	53.0	0	0	6.782039165496826	25840	2158.5609319210052	22257	13.86609907120743	
-487533.0074252762	71.5875	9.805194805194805	138.97402597402598	88.81818181818181	-9.662811617065469	323	1313	132	14.0	267.0	167.0	35	8.0	91.0	59.0	0	0	6.759114503860474	25920	2165.3200464248657	22329	13.854166666666671	
-487528.6368900056	69.0	9.376623376623376	131.03896103896105	83.83116883116882	-9.662811617065469	324	1316	115	14.0	289.0	180.0	27	8.0	88.0	57.0	0	0	6.386959552764893	26000	2171.7070059776306	22398	13.853846153846149	
-487526.37175330037	70.5125	9.407894736842104	134.1315789473684	85.59210526315789	-9.662811617065469	325	1320	106	13.0	313.0	190.0	28	8.0	94.0	61.0	0	0	6.512896299362183	26080	2178.219902276993	22463	13.868865030674854	
-437539.64816891885	70.9375	9.493333333333334	133.85333333333332	85.6	-9.662811617065469	326	1325	142	16.0	262.0	164.0	25	8.0	87.0	56.0	0	0	6.06441068649292	26160	2184.2843129634857	22530	13.876146788990823	
-375030.90993142116	67.9	9.202702702702704	128.36486486486487	82.20270270270271	-9.662811617065469	327	1331	100	14.0	262.0	164.0	33	8.0	87.0	56.0	0	0	6.126081705093384	26240	2190.410394668579	22595	13.891006097560975	
-450021.0708778428	66.075	9.527777777777779	128.84722222222223	82.65277777777777	-9.662811617065469	328	1339	93	15.0	281.0	171.0	8	8.0	94.0	61.0	0	0	6.398688793182373	26320	2196.8090834617615	22656	13.920972644376889	
-550019.2790642448	67.45	9.256756756756756	123.97297297297297	79.6891891891892	-9.662811617065469	329	1345	103	13.0	283.0	175.0	31	8.0	89.0	58.0	0	0	6.768047571182251	26400	2203.5771310329437	22724	13.924242424242422	
-450029.6390657627	67.525	9.355263157894736	133.06578947368422	85.14473684210526	-9.662811617065469	330	1349	92	14.0	307.0	191.0	42	8.0	89.0	58.0	0	0	7.41991114616394	26480	2210.9970421791077	22794	13.919939577039273	
-437541.72124552506	66.4875	9.616438356164384	133.91780821917808	85.78082191780823	-9.662811617065469	331	1356	102	14.0	313.0	195.0	32	8.0	89.0	58.0	0	0	6.475947141647339	26560	2217.472989320755	22860	13.930722891566262	
-575020.1293045299	67.2125	9.4	130.44	83.65333333333334	-9.662811617065469	332	1361	107	14.0	275.0	174.0	27	8.0	94.0	61.0	0	0	6.739657878875732	26640	2224.2126471996307	22931	13.922672672672675	
-587535.8340808032	68.3625	9.423076923076923	129.67948717948718	83.17948717948718	-9.662811617065469	333	1363	97	16.0	284.0	183.0	41	8.0	94.0	61.0	0	0	6.578404664993286	26720	2230.791051864624	23001	13.918413173652695	
-437551.64825871505	68.15	9.421052631578947	128.71052631578948	82.67105263157895	-9.662811617065469	334	1367	103	15.0	262.0	164.0	31	8.0	94.0	61.0	0	0	6.396371126174927	26800	2237.187422990799	23071	13.914179104477611	
-412538.87311785796	67.675	9.849315068493151	140.05479452054794	89.63013698630137	-9.662811617065469	335	1374	95	15.0	279.0	168.0	39	8.0	94.0	61.0	0	0	6.610337495803833	26880	2243.797760486603	23138	13.921130952380949	
-562527.6445709509	66.9375	9.733333333333333	134.74666666666667	86.53333333333333	-9.662811617065469	336	1379	108	14.0	228.0	147.0	26	8.0	79.0	51.0	0	0	6.390431642532349	26960	2250.188192129135	23206	13.924332344213653	
-512524.6555225009	67.9375	9.534246575342467	139.6986301369863	89.20547945205479	-9.662811617065469	337	1386	131	13.0	262.0	160.0	6	8.0	88.0	57.0	0	0	6.2367777824401855	27040	2256.4249699115753	23271	13.93860946745562	
-562523.0910015918	66.025	9.232876712328768	126.73972602739725	81.34246575342466	-9.662811617065469	338	1393	119	16.0	238.0	150.0	27	8.0	91.0	59.0	0	0	6.07937479019165	27120	2262.504344701767	23334	13.960176991150448	
-537536.0873542543	65.8125	9.106666666666667	121.26666666666667	77.94666666666667	-9.662811617065469	339	1398	107	13.0	221.0	137.0	27	8.0	89.0	58.0	0	0	6.7367963790893555	27200	2269.2411410808563	23402	13.963235294117652	
-462533.70708597807	66.8	9.155844155844155	121.54545454545455	78.01298701298701	-9.662811617065469	340	1401	96	14.0	262.0	164.0	38	8.0	89.0	58.0	0	0	6.682959318161011	27280	2275.9241003990173	23471	13.962609970674492	
-412534.7088140738	68.9625	9.61111111111111	132.97222222222223	85.20833333333333	-9.662811617065469	341	1409	123	15.0	273.0	169.0	11	8.0	94.0	61.0	0	0	6.436560392379761	27360	2282.360660791397	23533	13.9875730994152	
-462524.46162661334	69.525	9.533333333333333	131.45333333333335	84.37333333333333	-9.662811617065469	342	1414	132	15.0	292.0	185.0	28	7.0	74.0	48.0	0	0	7.2490174770355225	27440	2289.6096782684326	23601	13.990524781341108	
-462534.5392902922	70.3625	9.479452054794521	131.3013698630137	83.87671232876713	-9.662811617065469	343	1421	120	16.0	293.0	181.0	14	8.0	88.0	57.0	0	0	6.7969019412994385	27520	2296.406580209732	23668	13.997093023255815	
-462527.17123505287	70.25	9.240506329113924	127.22784810126582	81.55696202531645	-9.662811617065469	344	1422	93	15.0	269.0	166.0	43	8.0	94.0	61.0	0	0	6.487645626068115	27600	2302.8942258358	23736	14.0	
-562533.3973446751	71.6375	9.896103896103897	143.85714285714286	91.83116883116882	-9.662811617065469	345	1425	138	16.0	303.0	191.0	22	8.0	94.0	61.0	0	0	6.573713302612305	27680	2309.4679391384125	23805	13.999277456647391	
-437549.59085673385	70.25	9.6	131.34666666666666	84.29333333333334	-9.662811617065469	346	1430	110	14.0	235.0	143.0	25	8.0	94.0	61.0	0	0	6.2967729568481445	27760	2315.7647120952606	23872	14.005763688760808	
-550022.7013701702	70.8875	10.013333333333334	144.88	92.41333333333333	-9.662811617065469	347	1435	120	15.0	302.0	183.0	14	8.0	88.0	57.0	0	0	6.612609624862671	27840	2322.3773217201233	23940	14.008620689655174	
-425022.2750551845	70.8875	9.472972972972974	134.16216216216216	85.39189189189189	-9.662811617065469	348	1441	107	16.0	421.0	259.0	31	8.0	79.0	51.0	0	0	6.842463970184326	27920	2329.2197856903076	24008	14.011461318051573	
-600019.095382127	71.9875	9.479452054794521	128.54794520547946	82.42465753424658	-9.662811617065469	349	1448	107	14.0	273.0	170.0	46	8.0	80.0	52.0	0	0	6.041579484939575	28000	2335.261365175247	24073	14.025000000000006	
-575027.41504983	71.9125	9.175675675675675	130.51351351351352	83.1891891891892	-9.662811617065469	350	1454	150	15.0	322.0	197.0	9	8.0	87.0	56.0	0	0	6.6402428150177	28080	2341.901607990265	24137	14.042022792022792	
-450043.34085698024	70.7625	9.602564102564102	131.12820512820514	83.93589743589743	-9.662811617065469	351	1456	107	15.0	242.0	152.0	39	8.0	87.0	56.0	0	0	6.690782308578491	28160	2348.5923902988434	24208	14.034090909090907	
-500030.39125390834	69.8625	9.386666666666667	131.32	84.06666666666666	-9.662811617065469	352	1461	122	15.0	221.0	140.0	12	8.0	85.0	55.0	0	0	6.383382558822632	28240	2354.975772857666	24276	14.036827195467424	
-525023.538508144	68.1375	9.547945205479452	130.82191780821918	83.91780821917808	-9.662811617065469	353	1468	142	15.0	231.0	147.0	32	8.0	93.0	60.0	0	0	6.156957149505615	28320	2361.1327300071716	24339	14.057203389830505	
-475031.8661098817	66.875	9.452054794520548	131.97260273972603	84.56164383561644	-9.662811617065469	354	1475	97	14.0	303.0	191.0	37	8.0	89.0	58.0	0	0	6.200695514678955	28400	2367.3334255218506	24403	14.073943661971839	
-437540.87523284915	68.4375	9.45945945945946	134.94594594594594	86.33783783783784	-9.662811617065469	355	1481	117	15.0	303.0	191.0	32	8.0	83.0	54.0	0	0	6.892170667648315	28480	2374.225596189499	24471	14.076544943820224	
-450034.02160635835	70.3375	9.783783783783784	137.2972972972973	87.82432432432432	-9.662811617065469	356	1487	135	15.0	300.0	186.0	24	8.0	94.0	61.0	0	0	6.8111255168914795	28560	2381.0367217063904	24540	14.07563025210085	
-512522.76297502	68.95	9.542857142857143	133.47142857142856	85.64285714285714	-9.662811617065469	357	1497	138	14.0	322.0	198.0	33	8.0	89.0	58.0	0	0	5.934285402297974	28640	2386.9710071086884	24600	14.106145251396654	
-475028.98861308565	67.3	9.025641025641026	126.1923076923077	80.6025641025641	-9.662811617065469	358	1499	107	16.0	326.0	199.0	27	8.0	87.0	56.0	0	0	7.096177816390991	28720	2394.0671849250793	24668	14.108635097493035	
-337535.5665873939	66.8875	9.363636363636363	136.7012987012987	87.3896103896104	-9.662811617065469	359	1502	94	16.0	310.0	190.0	40	8.0	87.0	56.0	0	0	6.515239000320435	28800	2400.5824239254	24736	14.111111111111114	
-487535.77096056147	67.0	9.191780821917808	124.63013698630137	79.95890410958904	-9.662811617065469	360	1509	107	13.0	255.0	156.0	27	8.0	89.0	58.0	0	0	6.18184494972229	28880	2406.764268875122	24801	14.12396121883657	
-500025.3807622538	67.0	9.805194805194805	136.28571428571428	87.41558441558442	-9.662811617065469	361	1512	98	15.0	289.0	181.0	36	8.0	88.0	57.0	0	0	6.248566389083862	28960	2413.012835264206	24869	14.126381215469607	
-537535.2589469487	66.875	9.493333333333334	130.38666666666666	83.62666666666667	-9.662811617065469	362	1517	103	17.0	288.0	186.0	31	8.0	87.0	56.0	0	0	6.22499942779541	29040	2419.2378346920013	24935	14.135674931129472	
-512524.90418183355	66.875	9.083333333333334	124.47222222222223	79.61111111111111	-9.662811617065469	363	1525	107	13.0	284.0	177.0	27	8.0	88.0	57.0	0	0	5.977071285247803	29120	2425.214905977249	24997	14.15865384615384	
-550021.7293977073	67.0	9.056338028169014	119.50704225352112	76.95774647887323	-9.662811617065469	364	1534	111	15.0	291.0	188.0	23	8.0	89.0	58.0	0	0	7.00012993812561	29200	2432.2150359153748	25058	14.184931506849324	
-600020.6228911586	68.5625	9.541666666666666	134.93055555555554	86.29166666666667	-9.662811617065469	365	1542	131	14.0	292.0	180.0	21	8.0	93.0	60.0	0	0	7.75665020942688	29280	2439.9716861248016	25120	14.207650273224047	
-450034.0884585466	68.15	9.56578947368421	133.67105263157896	85.59210526315789	-9.662811617065469	366	1546	113	15.0	266.0	166.0	34	8.0	94.0	61.0	0	0	7.123993396759033	29360	2447.0956795215607	25189	14.206403269754759	
-512517.8341988772	70.125	9.391891891891891	137.1216216216216	87.24324324324324	-9.662811617065469	367	1552	115	14.0	262.0	163.0	32	8.0	94.0	61.0	0	0	6.662747621536255	29440	2453.758427143097	25254	14.21875	
-412521.22067644185	69.225	9.013698630136986	121.04109589041096	77.91780821917808	-9.662811617065469	368	1559	127	13.0	255.0	164.0	36	8.0	94.0	61.0	0	0	6.277145862579346	29520	2460.0355730056763	25319	14.231029810298097	
-525026.529923249	70.9875	9.54054054054054	137.24324324324326	87.72972972972973	-9.662811617065469	369	1565	118	18.0	298.0	190.0	28	7.0	74.0	48.0	0	0	6.215896844863892	29600	2466.25146985054	25384	14.243243243243242	
-500019.89828181843	69.15	9.306666666666667	129.52	82.96	-9.662811617065469	370	1570	105	14.0	241.0	153.0	29	8.0	88.0	57.0	0	0	6.494070529937744	29680	2472.745540380478	25452	14.245283018867923	
-412531.5475484581	68.4625	9.051948051948052	122.35064935064935	78.6103896103896	-9.662811617065469	371	1573	110	14.0	211.0	136.0	27	8.0	94.0	61.0	0	0	6.106547594070435	29760	2478.8520879745483	25518	14.254032258064512	
-550019.2393147213	67.0	9.208333333333334	123.41666666666667	79.31944444444444	-9.662811617065469	372	1581	113	13.0	244.0	150.0	21	8.0	94.0	61.0	0	0	5.82641077041626	29840	2484.6784987449646	25580	14.276139410187668	
-575018.6594845413	67.875	9.337837837837839	134.55405405405406	85.85135135135135	-9.662811617065469	373	1587	107	13.0	292.0	183.0	27	8.0	88.0	57.0	0	0	6.4643235206604	29920	2491.142822265625	25644	14.291443850267385	
-412534.4927489938	69.4375	9.643835616438356	133.986301369863	85.6986301369863	-9.662811617065469	374	1594	107	15.0	305.0	186.0	43	8.0	94.0	61.0	0	0	5.778801679611206	30000	2496.921623945236	25706	14.313333333333333	
-437539.43679646484	69.1875	9.671052631578947	140.3421052631579	89.14473684210526	-9.662811617065469	375	1598	137	14.0	306.0	186.0	31	8.0	94.0	61.0	0	0	6.803636312484741	30080	2503.725260257721	25773	14.318484042553195	
-375027.98519800993	68.45	9.807692307692308	148.17948717948718	94.1025641025641	-9.662811617065469	376	1600	105	15.0	292.0	180.0	29	8.0	94.0	61.0	0	0	6.933151721954346	30160	2510.6584119796753	25841	14.32029177718833	
-450028.45151804574	67.0125	9.723684210526315	139.78947368421052	89.09210526315789	-9.662811617065469	377	1604	117	15.0	272.0	167.0	9	7.0	82.0	53.0	0	0	6.477847576141357	30240	2517.1362595558167	25910	14.318783068783063	
-475024.33745678887	68.85	9.621621621621621	133.86486486486487	85.55405405405405	-9.662811617065469	378	1610	121	15.0	272.0	168.0	32	8.0	93.0	60.0	0	0	6.109678506851196	30320	2523.245938062668	25975	14.330474934036943	
-512531.8113195907	67.6	9.45945945945946	128.3108108108108	82.5	-9.662811617065469	379	1616	108	15.0	277.0	180.0	33	8.0	83.0	54.0	0	0	5.884620189666748	30400	2529.1305582523346	26040	14.34210526315789	
-537529.2882317695	67.0	9.465753424657533	132.23287671232876	84.9041095890411	-9.662811617065469	380	1623	111	14.0	277.0	180.0	23	8.0	94.0	61.0	0	0	6.039902448654175	30480	2535.1704607009888	26104	14.356955380577432	
-525025.7884403085	66.9	9.625	136.70833333333334	87.58333333333333	-9.662811617065469	381	1631	118	15.0	297.0	184.0	23	8.0	87.0	56.0	0	0	6.190632343292236	30560	2541.361093044281	26169	14.3684554973822	
-412538.5003164335	66.675	9.026315789473685	122.76315789473684	78.61842105263158	-9.662811617065469	382	1635	125	15.0	297.0	184.0	9	8.0	88.0	57.0	0	0	5.873534917831421	30640	2547.2346279621124	26233	14.383159268929504	
-475040.33911321696	67.0	9.067567567567568	124.27027027027027	79.67567567567568	-9.662811617065469	383	1641	118	13.0	318.0	192.0	16	8.0	89.0	58.0	0	0	6.073330640792847	30720	2553.3079586029053	26296	14.401041666666671	
-537525.8120492054	66.2875	9.03896103896104	120.98701298701299	77.88311688311688	-9.662811617065469	384	1644	88	13.0	230.0	141.0	46	8.0	94.0	61.0	0	0	6.353413820266724	30800	2559.661372423172	26365	14.399350649350652	
-462537.78138085996	67.0	9.06578947368421	124.10526315789474	79.57894736842105	-9.662811617065469	385	1648	110	13.0	232.0	145.0	24	8.0	88.0	57.0	0	0	6.76745867729187	30880	2566.428831100464	26434	14.397668393782382	
-537527.2586489044	68.725	9.413333333333334	130.65333333333334	83.8	-9.662811617065469	386	1653	107	15.0	248.0	157.0	31	8.0	79.0	51.0	0	0	6.37265419960022	30960	2572.801485300064	26498	14.412144702842383	
-575017.1953142312	67.9875	9.434782608695652	135.92753623188406	86.91304347826087	-9.662811617065469	387	1664	105	15.0	293.0	180.0	29	8.0	89.0	58.0	0	0	5.986828565597534	31040	2578.7883138656616	26554	14.452319587628864	
-462532.2541346551	70.2125	9.22972972972973	128.1081081081081	82.12162162162163	-9.662811617065469	388	1670	114	15.0	240.0	152.0	20	8.0	92.0	59.0	0	0	5.8022847175598145	31120	2584.5905985832214	26613	14.482647814910024	
-475028.2289686613	68.075	9.405405405405405	131.51351351351352	84.32432432432432	-9.662811617065469	389	1676	103	14.0	293.0	187.0	31	8.0	89.0	58.0	0	0	6.5151591300964355	31200	2591.105757713318	26682	14.480769230769226	
-462539.9477686888	68.5	9.486486486486486	130.24324324324326	83.58108108108108	-9.662811617065469	390	1682	110	15.0	258.0	159.0	30	8.0	94.0	61.0	0	0	6.198498487472534	31280	2597.3042562007904	26749	14.485294117647058	
-462529.20805226575	68.4875	9.759493670886076	139.60759493670886	89.40506329113924	-9.662811617065469	391	1683	110	14.0	307.0	191.0	39	8.0	94.0	61.0	0	0	7.052369117736816	31360	2604.356625318527	26822	14.47066326530613	
-475031.3856162842	69.2	10.04054054054054	144.09459459459458	92.39189189189189	-9.662811617065469	392	1689	117	18.0	368.0	228.0	17	7.0	74.0	48.0	0	0	6.934704303741455	31440	2611.2913296222687	26890	14.472010178117046	
-487525.8183735477	70.7125	9.708333333333334	140.83333333333334	90.02777777777777	-9.662811617065469	393	1697	112	14.0	315.0	198.0	46	8.0	84.0	54.0	0	0	6.489957094192505	31520	2617.781286716461	26957	14.476522842639596	
-450036.96972346737	72.025	9.51388888888889	139.04166666666666	88.63888888888889	-9.662811617065469	394	1705	116	16.0	252.0	159.0	33	7.0	82.0	53.0	0	0	6.20866584777832	31600	2623.9899525642395	27023	14.484177215189874	
-487515.8415655835	68.2625	9.657894736842104	142.39473684210526	90.71052631578948	-9.662811617065469	395	1709	110	16.0	333.0	213.0	34	8.0	88.0	57.0	0	0	6.77850079536438	31680	2630.768453359604	27092	14.482323232323239	
-437523.5576152921	68.2625	9.342465753424657	136.27397260273972	86.64383561643835	-9.662811617065469	396	1716	111	13.0	252.0	154.0	23	7.0	82.0	53.0	0	0	6.397150039672852	31760	2637.1656033992767	27159	14.4867758186398	
-387524.72978939797	66.7875	9.621621621621621	147.63513513513513	93.82432432432432	-9.662811617065469	397	1722	102	15.0	288.0	184.0	39	8.0	94.0	61.0	0	0	6.4194395542144775	31840	2643.585042953491	27225	14.494346733668337	
-450029.5525631212	68.35	9.597402597402597	135.01298701298703	86.23376623376623	-9.662811617065469	398	1725	145	15.0	279.0	176.0	21	8.0	87.0	56.0	0	0	6.920480966567993	31920	2650.505523920059	27295	14.489348370927317	
-450028.1791958943	67.6625	9.25	130.3815789473684	83.38157894736842	-9.662811617065469	399	1729	109	13.0	274.0	168.0	35	8.0	89.0	58.0	0	0	6.192417860031128	32000	2656.6979417800903	27358	14.506249999999994	
-487523.12644527794	67.625	9.375	126.34722222222223	81.125	-9.662811617065469	400	1737	101	15.0	274.0	168.0	37	8.0	94.0	61.0	0	0	6.227092027664185	32080	2662.9250338077545	27421	14.52306733167083	
-437538.23366428877	67.6625	9.44	129.44	83.01333333333334	-9.662811617065469	401	1742	114	13.0	313.0	193.0	20	7.0	82.0	53.0	0	0	6.050590515136719	32160	2668.9756243228912	27486	14.53358208955224	
-462532.27250971197	67.4625	9.386666666666667	128.57333333333332	82.44	-9.662811617065469	402	1747	107	17.0	220.0	139.0	31	8.0	94.0	61.0	0	0	6.354970216751099	32240	2675.3305945396423	27552	14.540942928039698	
-487525.3745921161	67.0	9.319444444444445	128.26388888888889	82.16666666666667	-9.662811617065469	403	1755	101	14.0	228.0	145.0	33	8.0	94.0	61.0	0	0	6.491281032562256	32320	2681.8218755722046	27618	14.548267326732685	
-512530.4867272411	67.0	9.506849315068493	126.17808219178082	81.02739726027397	-9.662811617065469	404	1762	132	17.0	222.0	141.0	2	8.0	90.0	58.0	0	0	5.9151904582977295	32400	2687.7370660305023	27680	14.567901234567898	
-387543.4102067303	69.225	9.64	136.70666666666668	87.44	-9.662811617065469	405	1767	121	15.0	216.0	137.0	41	8.0	94.0	61.0	0	0	6.872508525848389	32480	2694.6095745563507	27745	14.578201970443345	
-525024.152896854	67.6	9.52112676056338	132.6056338028169	85.07042253521126	-9.662811617065469	406	1776	112	23.0	385.0	248.0	22	8.0	94.0	61.0	0	0	5.829434633255005	32560	2700.4390091896057	27805	14.603808353808361	
-450034.77640002704	67.35	9.397260273972602	136.5068493150685	87.3013698630137	-9.662811617065469	407	1783	112	15.0	288.0	177.0	34	8.0	79.0	51.0	0	0	6.233532428741455	32640	2706.672541618347	27869	14.617034313725483	
-437538.56995357684	69.2875	9.592105263157896	134.92105263157896	86.40789473684211	-9.662811617065469	408	1787	145	14.0	303.0	186.0	22	8.0	89.0	58.0	0	0	6.495282411575317	32720	2713.1678240299225	27936	14.621026894865537	
-537523.4244806456	68.4875	9.52	131.13333333333333	84.18666666666667	-9.662811617065469	409	1792	138	20.0	255.0	158.0	35	8.0	87.0	56.0	0	0	6.5856709480285645	32800	2719.753494977951	28004	14.621951219512198	
-650020.1456138097	66.65	9.845070422535212	141.3661971830986	90.4225352112676	-9.662811617065469	410	1801	129	15.0	293.0	187.0	5	8.0	94.0	61.0	0	0	6.33203387260437	32880	2726.0855288505554	28071	14.62591240875912	
-512524.8816897025	68.2375	9.785714285714286	135.18571428571428	86.82857142857142	-9.662811617065469	411	1811	129	20.0	325.0	210.0	5	8.0	88.0	57.0	0	0	6.533448219299316	32960	2732.6189770698547	28135	14.638956310679603	
-512518.88534786983	67.4125	9.661971830985916	140.0281690140845	89.38028169014085	-9.662811617065469	412	1820	94	14.0	315.0	191.0	42	8.0	87.0	56.0	0	0	6.037619590759277	33040	2738.656596660614	28200	14.648910411622268	
-500021.61915414315	66.85	9.472222222222221	130.73611111111111	83.69444444444444	-9.662811617065469	413	1828	101	14.0	234.0	145.0	24	8.0	88.0	57.0	0	0	6.340987920761108	33120	2744.997584581375	28265	14.658816425120762	
-487520.161441055	66.9375	9.162162162162161	130.48648648648648	83.21621621621621	-9.662811617065469	414	1834	120	13.0	217.0	134.0	14	8.0	85.0	55.0	0	0	6.419697284698486	33200	2751.4172818660736	28332	14.662650602409641	
-400037.07295294467	67.525	9.256756756756756	129.44594594594594	82.8108108108108	-9.662811617065469	415	1840	110	15.0	292.0	184.0	24	8.0	88.0	57.0	0	0	6.620482921600342	33280	2758.037764787674	28396	14.67548076923076	
-525024.6805172352	68.2625	9.472222222222221	135.76388888888889	86.66666666666667	-9.662811617065469	416	1848	114	14.0	303.0	187.0	20	8.0	85.0	55.0	0	0	6.130244970321655	33360	2764.1680097579956	28462	14.682254196642688	
-550022.7841636764	69.75	9.602739726027398	135.75342465753425	86.8082191780822	-9.662811617065469	417	1855	108	17.0	279.0	173.0	26	8.0	87.0	56.0	0	0	6.25161600112915	33440	2770.4196257591248	28528	14.68899521531101	
-512531.1068910095	68.25	9.58904109589041	133.9041095890411	85.8082191780822	-9.662811617065469	418	1862	102	15.0	278.0	180.0	32	8.0	94.0	61.0	0	0	6.4455671310424805	33520	2776.8651928901672	28591	14.704653937947498	
-425039.7014509217	69.1375	9.916666666666666	135.84722222222223	87.125	-9.662811617065469	419	1870	107	18.0	289.0	188.0	27	8.0	83.0	54.0	0	0	5.981457471847534	33600	2782.8466503620148	28656	14.714285714285708	
-450027.47393053456	70.175	9.91025641025641	138.2948717948718	88.75641025641026	-9.662811617065469	420	1872	101	16.0	285.0	184.0	20	8.0	83.0	54.0	0	0	7.34067964553833	33680	2790.187330007553	28727	14.706057007125892	
-537517.9783187273	69.1875	9.705128205128204	136.67948717948718	87.32051282051282	-9.662811617065469	421	1874	118	13.0	277.0	170.0	41	8.0	87.0	56.0	0	0	7.663388013839722	33760	2797.850718021393	28799	14.694905213270133	
-462529.7051637517	68.4	9.454545454545455	133.76623376623377	85.59740259740259	-9.662811617065469	422	1877	107	14.0	277.0	170.0	27	8.0	94.0	61.0	0	0	6.411771535873413	33840	2804.2624895572662	28864	14.704491725768321	
-500033.25178790325	69.9375	9.32876712328767	132.56164383561645	84.76712328767124	-9.662811617065469	423	1884	97	13.0	277.0	173.0	50	8.0	87.0	56.0	0	0	6.531656503677368	33920	2810.7941460609436	28931	14.708136792452834	
-437529.3009880569	68.375	9.25974025974026	132.05194805194805	84.3896103896104	-9.662811617065469	424	1887	104	13.0	296.0	179.0	30	8.0	94.0	61.0	0	0	6.741651773452759	34000	2817.5357978343964	28998	14.71176470588236	
-425031.0909804956	70.9125	9.30379746835443	133.53164556962025	85.16455696202532	-9.662811617065469	425	1888	118	14.0	296.0	179.0	29	8.0	83.0	54.0	0	0	7.169365882873535	34080	2824.70516371727	29070	14.700704225352112	
-437534.08459070156	71.0125	9.36	135.21333333333334	86.41333333333333	-9.662811617065469	426	1893	101	15.0	361.0	227.0	44	7.0	82.0	53.0	0	0	6.517605304718018	34160	2831.222769021988	29138	14.701405152224822	
-525029.496050337	70.0375	9.773333333333333	141.26666666666668	90.18666666666667	-9.662811617065469	427	1898	108	16.0	237.0	154.0	26	8.0	79.0	51.0	0	0	6.333638429641724	34240	2837.5564074516296	29207	14.699182242990645	
-425031.1702445348	69.6375	9.093333333333334	126.42666666666666	81.01333333333334	-9.662811617065469	428	1903	129	17.0	290.0	188.0	22	8.0	87.0	56.0	0	0	6.398081541061401	34320	2843.954488992691	29274	14.7027972027972	
-475030.11469064205	69.7875	9.466666666666667	130.89333333333335	83.98666666666666	-9.662811617065469	429	1908	104	14.0	261.0	164.0	41	8.0	89.0	58.0	0	0	5.916653156280518	34400	2849.8711421489716	29338	14.715116279069761	
-525028.3452179572	69.2	9.337662337662337	127.58441558441558	81.85714285714286	-9.662811617065469	430	1911	119	16.0	302.0	195.0	19	8.0	94.0	61.0	0	0	6.506763696670532	34480	2856.377905845642	29405	14.71867749419954	
-575024.4473939307	71.8625	9.561643835616438	131.86301369863014	84.61643835616438	-9.662811617065469	431	1918	113	16.0	262.0	164.0	21	8.0	94.0	61.0	0	0	6.039933443069458	34560	2862.4178392887115	29472	14.722222222222229	
-575029.0411208376	72.1375	9.474358974358974	132.82051282051282	85.05128205128206	-9.662811617065469	432	1920	120	14.0	248.0	154.0	23	8.0	92.0	60.0	0	0	6.979588747024536	34640	2869.397428035736	29544	14.711316397228629	
-487522.61697305477	69.4	9.675324675324676	138.9090909090909	88.77922077922078	-9.662811617065469	433	1923	113	17.0	276.0	179.0	40	8.0	88.0	57.0	0	0	6.613712787628174	34720	2876.0111408233643	29614	14.706221198156683	
-550018.5391619803	69.8625	9.303030303030303	129.33333333333334	82.72727272727273	-9.662811617065469	434	1937	131	15.0	351.0	213.0	17	8.0	89.0	58.0	0	0	5.811954975128174	34800	2881.8230957984924	29675	14.727011494252878	
-500018.85362136026	70.7	9.373333333333333	139.4	88.89333333333333	-9.662811617065469	435	1942	120	17.0	318.0	196.0	17	8.0	94.0	61.0	0	0	6.925347805023193	34880	2888.7484436035156	29742	14.730504587155963	
-525032.2193510797	68.8	9.26027397260274	133.16438356164383	85.01369863013699	-9.662811617065469	436	1949	112	15.0	341.0	213.0	17	7.0	87.0	56.0	0	0	6.922490119934082	34960	2895.6709337234497	29807	14.73970251716247	
-425024.13791678956	69.8125	9.384615384615385	132.06410256410257	84.47435897435898	-9.662811617065469	437	1951	152	15.0	268.0	168.0	28	8.0	89.0	58.0	0	0	6.754610776901245	35040	2902.425544500351	29878	14.731735159817347	
-487539.7922084931	75.125	9.5	133.71052631578948	85.57894736842105	-9.662811617065469	438	1955	152	17.0	230.0	144.0	40	7.0	82.0	53.0	0	0	6.257901191711426	35120	2908.6834456920624	29947	14.729498861047844	
-500034.2517658785	70.25	9.205479452054794	129.82191780821918	82.98630136986301	-9.662811617065469	439	1962	107	23.0	513.0	325.0	27	8.0	88.0	57.0	0	0	6.35807466506958	35200	2915.041520357132	30013	14.735795454545453	
-475034.6320539171	72.15	9.289473684210526	133.9078947368421	85.40789473684211	-9.662811617065469	440	1966	125	14.0	266.0	164.0	39	8.0	85.0	55.0	0	0	6.562664031982422	35280	2921.6041843891144	30082	14.733560090702952	
-437540.68371315795	68.2	9.532467532467532	134.45454545454547	85.92207792207792	-9.662811617065469	441	1969	106	15.0	238.0	149.0	31	8.0	88.0	57.0	0	0	6.56586766242981	35360	2928.170052051544	30147	14.742647058823536	
-462533.6930032818	67.6875	9.48611111111111	131.25	84.08333333333333	-9.662811617065469	442	1977	126	14.0	269.0	171.0	8	8.0	93.0	60.0	0	0	5.500001668930054	35440	2933.6700537204742	30207	14.765801354401802	
-437523.6570908517	66.725	9.28	122.2	78.70666666666666	-9.587136211870595	443	1982	91	15.0	269.0	171.0	43	8.0	91.0	59.0	0	0	5.902711629867554	35520	2939.572765350342	30267	14.788851351351354	
-512533.41944914806	66.0	9.85135135135135	138.9189189189189	89.08108108108108	-9.587136211870595	444	1988	102	15.0	334.0	205.0	32	8.0	94.0	61.0	0	0	7.127538442611694	35600	2946.7003037929535	30332	14.797752808988761	
-562521.5259664878	65.65	9.80281690140845	137.04225352112675	87.83098591549296	-9.587136211870595	445	1997	99	17.0	274.0	177.0	35	8.0	94.0	61.0	0	0	6.0127153396606445	35680	2952.713019132614	30394	14.81502242152466	
-500030.0776411798	66.1375	9.905405405405405	137.2027027027027	88.08108108108108	-9.587136211870595	446	2003	111	19.0	276.0	179.0	23	8.0	87.0	56.0	0	0	6.550079822540283	35760	2959.2630989551544	30461	14.8182326621924	
-537524.8908141855	68.7	9.5	132.75	85.07894736842105	-9.587136211870595	447	2007	106	15.0	321.0	202.0	45	8.0	79.0	51.0	0	0	6.329254388809204	35840	2965.5923533439636	30530	14.815848214285708	
-512538.547423061	70.6	9.776315789473685	137.53947368421052	88.17105263157895	-9.587136211870595	448	2011	102	15.0	275.0	173.0	32	8.0	88.0	57.0	0	0	6.913554430007935	35920	2972.5059077739716	30601	14.807906458797333	
-437529.1084052754	67.5375	9.893333333333333	144.21333333333334	92.32	-9.587136211870595	449	2016	110	14.0	381.0	237.0	26	8.0	88.0	57.0	0	0	6.461763858795166	36000	2978.9676716327667	30668	14.811111111111103	
-487524.24967733695	65.6125	9.61111111111111	140.25	89.59722222222223	-9.587136211870595	450	2024	123	16.0	269.0	167.0	11	8.0	94.0	61.0	0	0	6.029050827026367	36080	2984.996722459793	30731	14.825388026607527	
-487528.15949751623	66.35	9.473684210526315	134.46052631578948	86.09210526315789	-9.587136211870595	451	2028	123	15.0	238.0	154.0	31	8.0	88.0	57.0	0	0	6.3722898960113525	36160	2991.3690123558044	30796	14.834070796460168	
-450037.982150772	66.1875	9.532467532467532	131.2207792207792	84.02597402597402	-9.587136211870595	452	2031	99	15.0	238.0	154.0	31	7.0	74.0	48.0	0	0	7.195956468582153	36240	2998.5649688243866	30869	14.820640176600435	
-412553.664702035	65.9875	9.546666666666667	132.96	85.14666666666666	-9.585207647558642	453	2036	103	14.0	256.0	161.0	31	8.0	94.0	61.0	0	0	6.829360723495483	36320	3005.394329547882	30937	14.821035242290748	
-462543.8342221061	65.825	9.72972972972973	140.9189189189189	90.14864864864865	-9.585207647558642	454	2042	114	14.0	264.0	166.0	20	8.0	94.0	61.0	0	0	6.357165098190308	36400	3011.7514946460724	31002	14.829670329670336	
-475018.9540443504	65.975	9.579710144927537	140.33333333333334	89.56521739130434	-9.585207647558642	455	2053	121	14.0	275.0	170.0	12	8.0	94.0	61.0	0	0	6.339958190917969	36480	3018.0914528369904	31063	14.849232456140342	
-512522.3868525815	66.4625	9.356164383561644	122.16438356164383	78.52054794520548	-9.585207647558642	456	2060	97	15.0	283.0	183.0	36	8.0	93.0	60.0	0	0	6.271249532699585	36560	3024.36270236969	31128	14.857768052516406	
-525026.454169057	67.0	8.985714285714286	120.05714285714286	77.22857142857143	-9.585207647558642	457	2070	111	15.0	279.0	181.0	23	8.0	87.0	56.0	0	0	6.072269678115845	36640	3030.434972047806	31190	14.874454148471614	
-450029.77070199966	67.125	9.445945945945946	130.6891891891892	83.83783783783784	-9.585207647558642	458	2076	105	15.0	294.0	185.0	29	8.0	94.0	61.0	0	0	6.418100357055664	36720	3036.8530724048615	31257	14.877450980392155	
-475022.3109452011	68.0125	9.5	130.39473684210526	83.75	-9.585207647558642	459	2080	112	17.0	304.0	190.0	22	8.0	79.0	51.0	0	0	6.6931068897247314	36800	3043.546179294586	31326	14.875	
-575024.398151779	68.25	9.67605633802817	134.64788732394365	86.25352112676056	-9.585207647558642	460	2089	136	15.0	242.0	152.0	16	8.0	88.0	57.0	0	0	6.463408470153809	36880	3050.00958776474	31392	14.880694143167034	
-575024.1605033537	69.7375	9.708333333333334	130.375	83.76388888888889	-9.585207647558642	461	2097	136	15.0	217.0	141.0	20	7.0	82.0	53.0	0	0	6.708146333694458	36960	3056.7177340984344	31458	14.886363636363626	
-475029.1759331867	70.25	9.635135135135135	140.1891891891892	89.75675675675676	-9.585207647558642	462	2103	105	14.0	321.0	201.0	30	8.0	89.0	58.0	0	0	6.512834548950195	37040	3063.2305686473846	31526	14.886609071274293	
-437530.054355068	70.65	9.430379746835444	133.0126582278481	85.11392405063292	-9.584972408746069	463	2104	111	15.0	274.0	171.0	23	8.0	88.0	57.0	0	0	6.950786113739014	37120	3070.1813547611237	31597	14.878771551724128	
-525030.3083466089	67.275	9.183098591549296	124.74647887323944	80.25352112676056	-9.584972408746069	464	2113	119	13.0	274.0	171.0	15	8.0	94.0	61.0	0	0	5.914066553115845	37200	3076.0954213142395	31661	14.88978494623656	
-412535.39847029967	68.6875	9.61111111111111	138.95833333333334	88.68055555555556	-9.584972408746069	465	2121	108	15.0	291.0	181.0	34	8.0	94.0	61.0	0	0	6.744035005569458	37280	3082.839456319809	31729	14.89002145922747	
-437530.54391977715	67.075	9.74025974025974	138.92207792207793	88.8961038961039	-9.584972408746069	466	2124	92	14.0	267.0	166.0	42	8.0	88.0	57.0	0	0	6.602661371231079	37360	3089.44211769104	31798	14.887580299785867	
-537515.7391948772	65.125	9.558823529411764	138.36764705882354	88.54411764705883	-9.584972408746069	467	2136	111	15.0	227.0	141.0	9	8.0	88.0	57.0	0	0	6.747119665145874	37440	3096.189237356186	31860	14.90384615384616	
-575016.3661099793	66.0625	10.066666666666666	138.53333333333333	88.77333333333333	-9.584972408746069	468	2141	97	15.0	278.0	172.0	37	8.0	88.0	57.0	0	0	6.979494094848633	37520	3103.1687314510345	31931	14.896055437100202	
-437527.92342019296	68.6625	9.753424657534246	144.4931506849315	92.26027397260275	-9.584972408746069	469	2148	110	16.0	325.0	204.0	24	8.0	83.0	54.0	0	0	6.418994903564453	37600	3109.587726354599	31994	14.909574468085111	
-462526.4101025436	69.075	9.135135135135135	127.77027027027027	81.8108108108108	-9.584972408746069	470	2154	116	15.0	326.0	203.0	18	8.0	89.0	58.0	0	0	6.450819730758667	37680	3116.0385460853577	32060	14.915074309978777	
-450033.0931800127	68.75	9.16	129.34666666666666	82.85333333333334	-9.584972408746069	471	2159	113	14.0	264.0	163.0	21	7.0	74.0	48.0	0	0	6.69694185256958	37760	3122.7354879379272	32127	14.917902542372886	
-337538.44538291136	68.4125	9.3375	137.3	87.4125	-9.584972408746069	472	2159	102	16	321	199	57	7	74	48	0	0	6.6368279457092285	37840	3129.3723158836365	32191	14.928646934460886	
-575024.6226875779	67.6375	9.466666666666667	132.54666666666665	84.86666666666666	-9.584972408746069	473	2164	121	15.0	289.0	181.0	13	7.0	82.0	53.0	0	0	7.429313898086548	37920	3136.801629781723	32259	14.928797468354432	
-512521.0401874464	69.525	9.635135135135135	144.2027027027027	91.77027027027027	-9.584972408746069	474	2170	121	16.0	302.0	194.0	32	7.0	90.0	58.0	0	0	7.010721206665039	38000	3143.812350988388	32325	14.934210526315795	
-437524.65205563616	68.0625	9.576923076923077	142.16666666666666	90.48717948717949	-9.584972408746069	475	2172	121	15.0	255.0	157.0	38	8.0	83.0	54.0	0	0	7.015154600143433	38080	3150.8275055885315	32394	14.931722689075627	
-512524.24401887896	67.6625	9.222222222222221	129.04166666666666	82.47222222222223	-9.584972408746069	476	2180	117	15.0	245.0	159.0	7	8.0	79.0	51.0	0	0	6.549185752868652	38160	3157.3766913414	32457	14.94496855345912	
-487538.30735341384	68.55	9.32876712328767	133.05479452054794	84.86301369863014	-9.584972408746069	477	2187	117	14.0	336.0	213.0	43	8.0	87.0	56.0	0	0	7.3111350536346436	38240	3164.687826395035	32524	14.94769874476988	
-325039.6931123275	68.125	9.12987012987013	125.74025974025975	80.46753246753246	-9.584972408746069	478	2190	169	16.0	254.0	155.0	33	8.0	88.0	57.0	0	0	6.612796783447266	38320	3171.300623178482	32590	14.953027139874735	
-512522.96432950645	66.5875	9.157894736842104	127.5657894736842	81.73684210526316	-9.584972408746069	479	2194	100	13.0	267.0	166.0	34	8.0	85.0	55.0	0	0	6.8720221519470215	38400	3178.172645330429	32658	14.953125	
-475035.48859039525	67.225	9.558441558441558	138.02597402597402	88.31168831168831	-9.584972408746069	480	2197	104	14.0	292.0	184.0	33	8.0	89.0	58.0	0	0	7.196231842041016	38480	3185.36887717247	32725	14.95582120582121	
-487530.0130201235	65.7	9.36111111111111	129.84722222222223	83.08333333333333	-9.584972408746069	481	2205	92	14.0	274.0	171.0	42	8.0	89.0	58.0	0	0	5.928224802017212	38560	3191.2971019744873	32789	14.966286307053949	
-412532.2417056097	67.5875	9.064102564102564	130.37179487179486	83.37179487179488	-9.584972408746069	482	2207	109	13.0	298.0	185.0	25	8.0	87.0	56.0	0	0	6.930958271026611	38640	3198.228060245514	32855	14.971532091097302	
-462529.5690842409	68.2	9.070422535211268	124.66197183098592	79.90140845070422	-9.584972408746069	483	2216	121	14.0	277.0	168.0	13	8.0	88.0	57.0	0	0	6.316028118133545	38720	3204.5440883636475	32921	14.976756198347104	
-525027.6928603479	68.625	9.653333333333334	140.76	89.70666666666666	-9.555601533394485	484	2221	119	15.0	298.0	185.0	27	8.0	94.0	61.0	0	0	6.385368824005127	38800	3210.9294571876526	32988	14.979381443298962	
-450033.24030523177	69.725	9.519480519480519	138.94805194805195	88.71428571428571	-9.555601533394485	485	2224	111	17.0	274.0	171.0	25	8.0	94.0	61.0	0	0	7.140412330627441	38880	3218.06986951828	33055	14.981995884773653	
-400027.8566982219	71.525	9.08974358974359	133.93589743589743	85.2051282051282	-9.24444376247873	486	2226	111	13.0	253.0	157.0	29	8.0	87.0	56.0	0	0	6.847416877746582	38960	3224.9172863960266	33123	14.98203285420945	
-425021.4215707484	71.2375	9.144736842105264	127.32894736842105	81.5	-9.24444376247873	487	2230	132	13.0	230.0	141.0	23	8.0	90.0	58.0	0	0	6.85659384727478	39040	3231.7738802433014	33191	14.982069672131146	
-537523.1707887342	69.5875	9.076923076923077	133.6153846153846	85.38461538461539	-9.24444376247873	488	2232	111	14.0	274.0	171.0	34	7.0	80.0	52.0	0	0	6.829535961151123	39120	3238.6034162044525	33263	14.97188139059304	
-512523.2342356802	74.1	9.179487179487179	127.8076923076923	81.8076923076923	-9.24444376247873	489	2234	151	15.0	263.0	166.0	25	7.0	74.0	48.0	0	0	7.368673801422119	39200	3245.9720900058746	33334	14.964285714285722	
-550028.6080429974	71.9	9.706666666666667	143.25333333333333	91.22666666666667	-9.24444376247873	490	2239	123	14.0	284.0	180.0	11	8.0	94.0	61.0	0	0	6.31296706199646	39280	3252.285057067871	33399	14.97199592668025	
-537522.8303627803	71.6875	9.38961038961039	133.07792207792207	85.14285714285714	-9.24444376247873	491	2242	109	13.0	405.0	251.0	50	8.0	88.0	57.0	0	0	7.316386699676514	39360	3259.6014437675476	33468	14.96951219512195	
-437525.5679977293	71.2125	9.584415584415584	143.3116883116883	91.20779220779221	-9.24444376247873	492	2245	109	15.0	264.0	162.0	50	8.0	94.0	61.0	0	0	6.866631746292114	39440	3266.4680755138397	33534	14.974645030425961	
-525027.9311588074	69.45	9.578947368421053	139.42105263157896	88.92105263157895	-9.213281349249371	493	2249	113	15.0	283.0	174.0	21	8.0	94.0	61.0	0	0	6.771480083465576	39520	3273.2395555973053	33604	14.969635627530366	
-512525.7946853816	72.0125	9.64102564102564	141.89743589743588	90.66666666666667	-9.213281349249371	494	2251	131	15.0	405.0	251.0	3	8.0	85.0	55.0	0	0	7.114836931228638	39600	3280.354392528534	33678	14.954545454545453	
-437529.1362605366	70.1125	9.35064935064935	133.01298701298703	84.94805194805195	-9.213281349249371	495	2254	122	14.0	270.0	166.0	12	8.0	88.0	57.0	0	0	6.999088764190674	39680	3287.3534812927246	33748	14.949596774193552	
-587520.1881313756	70.8	9.597402597402597	135.88311688311688	86.72727272727273	-9.213281349249371	496	2257	109	15.0	262.0	162.0	36	8.0	79.0	51.0	0	0	7.51868200302124	39760	3294.872163295746	33818	14.944668008048296	
-650020.6587953146	68.2375	9.96	147.86666666666667	94.24	-9.213281349249371	497	2262	115	15.0	294.0	182.0	17	8.0	89.0	58.0	0	0	7.748008728027344	39840	3302.620172023773	33888	14.93975903614458	
-562523.8359407329	66.925	9.855072463768115	147.55072463768116	93.8695652173913	-9.213281349249371	498	2273	126	14.0	299.0	184.0	8	8.0	88.0	57.0	0	0	6.718320846557617	39920	3309.338492870331	33951	14.952404809619239	
-537518.17789254	70.1875	9.18918918918919	124.89189189189189	80.12162162162163	-9.162576913713222	499	2279	109	13.0	262.0	161.0	34	8.0	88.0	57.0	0	0	6.306980609893799	40000	3315.6454734802246	34015	14.962500000000006	
-450037.27455044724	71.4	9.64935064935065	142.2207792207792	90.7012987012987	-9.162576913713222	500	2282	109	15.0	278.0	175.0	38	8.0	85.0	55.0	0	0	7.194521903991699	40080	3322.8399953842163	34086	14.955089820359277	
-462528.169190768	70.9875	9.578947368421053	143.5	91.19736842105263	-9.162576913713222	501	2286	129	15.0	262.0	163.0	23	8.0	88.0	57.0	0	0	6.9244043827056885	40160	3329.764399766922	34155	14.95268924302789	
-550015.590271455	68.2	9.246575342465754	136.63013698630138	87.35616438356165	-9.162576913713222	502	2293	108	13.0	262.0	161.0	26	8.0	85.0	55.0	0	0	6.554748773574829	40240	3336.319148540497	34219	14.962723658051686	
-512520.4203427719	67.4	9.352112676056338	141.04225352112675	90.0	-9.162576913713222	503	2302	105	13.0	306.0	190.0	29	8.0	89.0	58.0	0	0	6.4564368724823	40320	3342.775585412979	34283	14.972718253968253	
-487526.17793049815	66.95	9.306666666666667	133.86666666666667	85.54666666666667	-9.162576913713222	504	2307	95	16.0	374.0	231.0	39	8.0	89.0	58.0	0	0	7.100491762161255	40400	3349.8760771751404	34349	14.977722772277218	
-587520.9339857644	67.5	9.594594594594595	148.64864864864865	94.48648648648648	-9.162576913713222	505	2313	114	14.0	295.0	181.0	20	8.0	88.0	57.0	0	0	6.439104080200195	40480	3356.3151812553406	34416	14.980237154150203	
-612519.9997291258	66.4375	9.375	141.66666666666666	90.01388888888889	-9.162576913713222	506	2321	100	13.0	310.0	191.0	34	8.0	94.0	61.0	0	0	7.346984386444092	40560	3363.6621656417847	34483	14.982741617356993	
-475028.1328125761	66.4125	9.36986301369863	138.34246575342465	88.13698630136986	-9.162576913713222	507	2328	109	13.0	275.0	171.0	19	8.0	88.0	57.0	0	0	6.491273403167725	40640	3370.1534390449524	34547	14.992618110236222	
-500022.6133436203	67.675	9.63013698630137	138.08219178082192	88.3013698630137	-9.162576913713222	508	2335	118	16.0	275.0	171.0	16	8.0	88.0	57.0	0	0	6.742406606674194	40720	3376.8958456516266	34614	14.995088408644392	
-400037.0041468491	68.675	9.207792207792208	130.66233766233765	83.54545454545455	-9.162576913713222	509	2338	109	13.0	280.0	175.0	29	8.0	87.0	56.0	0	0	6.693727970123291	40800	3383.58957362175	34682	14.995098039215677	
-475026.7828086335	68.4	9.384615384615385	133.97435897435898	85.76923076923077	-9.162576913713222	510	2340	109	14.0	344.0	212.0	32	8.0	88.0	57.0	0	0	6.881766080856323	40880	3390.471339702606	34751	14.992661448140893	
-450032.6050851143	68.4375	9.623376623376624	141.07792207792207	90.24675324675324	-9.096761166178199	511	2343	113	14.0	332.0	205.0	21	8.0	88.0	57.0	0	0	7.080509901046753	40960	3397.551849603653	34823	14.98291015625	
-512522.3223593075	66.9875	8.95945945945946	124.12162162162163	79.51351351351352	-9.096761166178199	512	2349	114	13.0	260.0	160.0	20	8.0	88.0	57.0	0	0	6.720752954483032	41040	3404.272602558136	34893	14.978070175438603	
-500022.7743087973	67.4875	9.402777777777779	142.90277777777777	91.13888888888889	-9.096761166178199	513	2357	123	17.0	361.0	230.0	11	8.0	89.0	58.0	0	0	6.6557440757751465	41120	3410.928346633911	34958	14.985408560311285	
-462522.4132571822	68.95	9.293333333333333	133.04	85.09333333333333	-9.096761166178199	514	2362	123	18.0	288.0	179.0	14	8.0	88.0	57.0	0	0	6.691139221191406	41200	3417.6194858551025	35026	14.985436893203882	
-475031.64960687346	67.35	9.291139240506329	130.69620253164558	83.63291139240506	-9.096761166178199	515	2363	104	14.0	294.0	181.0	30	8.0	88.0	57.0	0	0	7.368817329406738	41280	3424.9883031845093	35099	14.973352713178286	
-562518.8174868167	67.3875	9.467532467532468	144.53246753246754	91.83116883116882	-9.088111793287034	516	2366	130	14.0	313.0	195.0	23	7.0	82.0	53.0	0	0	7.293593406677246	41360	3432.2818965911865	35170	14.966150870406196	
-487527.9280833293	66.4625	9.273972602739725	138.05479452054794	87.71232876712328	-9.088111793287034	517	2373	110	15.0	315.0	190.0	24	8.0	93.0	60.0	0	0	6.564488887786865	41440	3438.8463854789734	35236	14.971042471042466	
-450033.00776019704	66.85	9.289473684210526	135.01315789473685	86.23684210526316	-9.088111793287034	518	2377	118	13.0	237.0	151.0	16	8.0	88.0	57.0	0	0	6.6313018798828125	41520	3445.477687358856	35304	14.97109826589596	
-512523.51225197903	68.825	9.421052631578947	137.9078947368421	87.96052631578948	-9.06082171724726	519	2381	102	13.0	310.0	191.0	32	8.0	79.0	51.0	0	0	6.716668128967285	41600	3452.1943554878235	35371	14.973557692307693	
-525025.789591803	69.4	9.36986301369863	137.65753424657535	87.93150684931507	-9.06082171724726	520	2388	115	14.0	218.0	139.0	19	8.0	88.0	57.0	0	0	6.699308633804321	41680	3458.893664121628	35436	14.980806142034552	
-562519.3302499683	68.575	9.097222222222221	128.93055555555554	82.31944444444444	-9.06082171724726	521	2396	129	15.0	269.0	164.0	22	8.0	83.0	54.0	0	0	6.387604236602783	41760	3465.2812683582306	35502	14.985632183908052	
-587522.1636166831	69.8625	9.539473684210526	137.03947368421052	87.44736842105263	-9.016013128805195	522	2400	127	14.0	272.0	172.0	36	8.0	94.0	61.0	0	0	7.401674270629883	41840	3472.6829426288605	35571	14.983269598470358	
-450031.2643013651	70.75	9.460526315789474	134.68421052631578	86.10526315789474	-9.016013128805195	523	2404	127	14.0	236.0	146.0	31	8.0	88.0	57.0	0	0	6.805370569229126	41920	3479.4883131980896	35640	14.98091603053436	
-487536.7550624596	69.925	9.408450704225352	136.26760563380282	87.14084507042253	-9.00377009768086	524	2413	140	15.0	332.0	212.0	14	8.0	88.0	57.0	0	0	7.521536350250244	42000	3487.00984954834	35704	14.990476190476187	
-525032.7238516721	69.6875	9.333333333333334	130.57692307692307	83.41025641025641	-9.002299015697787	525	2415	127	16.0	311.0	190.0	27	8.0	88.0	57.0	0	0	7.558227062225342	42080	3494.568076610565	35775	14.983365019011401	
-562516.0235490865	66.125	9.18918918918919	128.71621621621622	82.37837837837837	-9.002299015697787	526	2421	110	16.0	413.0	259.0	36	7.0	74.0	48.0	0	0	6.138535499572754	42160	3500.706612110138	35841	14.988140417457302	
-450018.59243270045	66.575	9.082191780821917	126.5068493150685	80.94520547945206	-9.002299015697787	527	2428	110	15.0	324.0	197.0	38	8.0	94.0	61.0	0	0	6.629619598388672	42240	3507.3362317085266	35908	14.990530303030297	
-550022.4685227802	67.0	9.205479452054794	125.63013698630137	80.46575342465754	-9.002299015697787	528	2435	89	16.0	260.0	162.0	45	8.0	94.0	61.0	0	0	6.811210632324219	42320	3514.147442340851	35970	15.004725897920608	
-462529.26854696695	67.325	9.472222222222221	133.31944444444446	85.29166666666667	-9.002299015697787	529	2443	124	17.0	310.0	191.0	10	8.0	94.0	61.0	0	0	5.994145393371582	42400	3520.1415877342224	36034	15.014150943396231	
-475038.6665023042	67.2875	9.278481012658228	129.873417721519	82.89873417721519	-9.002299015697787	530	2444	90	13.0	228.0	141.0	44	8.0	85.0	55.0	0	0	7.102929353713989	42480	3527.2445170879364	36105	15.007062146892665	
-512533.86891246994	68.5375	8.945205479452055	130.7123287671233	83.3972602739726	-9.002299015697787	531	2451	104	13.0	228.0	141.0	30	8.0	94.0	61.0	0	0	6.236286163330078	42560	3533.4808032512665	36173	15.007048872180448	
-412530.8097838571	68.725	9.36	128.73333333333332	82.53333333333333	-9.002299015697787	532	2456	123	16.0	270.0	173.0	26	8.0	94.0	61.0	0	0	6.6597819328308105	42640	3540.1405851840973	36242	15.004690431519691	
-537520.6205816169	67.15	9.256756756756756	124.75675675675676	80.04054054054055	-9.00211247410366	533	2462	112	15.0	268.0	168.0	22	8.0	92.0	59.0	0	0	8.21101999282837	42720	3548.3516051769257	36310	15.004681647940075	
-550023.238221901	67.8375	9.541666666666666	136.40277777777777	87.15277777777777	-9.00211247410366	534	2470	90	15.0	313.0	199.0	44	8.0	93.0	60.0	0	0	6.613114833831787	42800	3554.9647200107574	36372	15.018691588785046	
-637523.7377470464	67.5375	9.363636363636363	132.88311688311688	84.8961038961039	-9.002084402763243	535	2473	101	15.0	289.0	179.0	36	8.0	94.0	61.0	0	0	6.656833171844482	42880	3561.621553182602	36440	15.018656716417908	
-437517.0965207843	68.425	9.115384615384615	127.84615384615384	81.74358974358974	-9.002084402763243	536	2475	120	13.0	228.0	141.0	24	7.0	74.0	48.0	0	0	7.267467975616455	42960	3568.8890211582184	36512	15.009310986964621	
-562516.3721939408	72.825	9.421052631578947	135.5921052631579	86.61842105263158	-9.002084402763243	537	2479	120	13.0	277.0	171.0	34	8.0	94.0	61.0	0	0	7.325168132781982	43040	3576.2141892910004	36581	15.006970260223056	
-575018.7133222951	71.2625	9.486842105263158	137.28947368421052	87.52631578947368	-9.002084402763243	538	2483	123	13.0	283.0	176.0	14	8.0	79.0	51.0	0	0	7.1924755573272705	43120	3583.4066648483276	36652	15.0	
-550019.139297148	70.675	9.421052631578947	135.3815789473684	86.40789473684211	-9.002084402763243	539	2487	155	17.0	295.0	181.0	32	7.0	74.0	48.0	0	0	7.348029375076294	43200	3590.754694223404	36722	14.995370370370381	
-500024.70300214924	69.025	9.226666666666667	123.52	79.30666666666667	-9.000380700476196	540	2492	112	13.0	260.0	159.0	31	8.0	88.0	57.0	0	0	7.168445587158203	43280	3597.923139810562	36789	14.997689463955638	
-562521.8840504307	67.0875	9.039473684210526	120.32894736842105	77.36842105263158	-9.000380700476196	541	2496	93	13.0	286.0	179.0	41	8.0	87.0	56.0	0	0	6.483616828918457	43360	3604.4067566394806	36858	14.995387453874542	
-537520.1896148716	67.0	9.435897435897436	131.15384615384616	84.0	-9.000380700476196	542	2498	79	13.0	266.0	164.0	55	8.0	87.0	56.0	0	0	6.9843926429748535	43440	3611.3911492824554	36932	14.98158379373848	
-525023.7037637489	66.5875	9.383561643835616	134.32876712328766	85.91780821917808	-9.000380700476196	543	2505	122	16.0	319.0	195.0	12	7.0	82.0	53.0	0	0	6.528400182723999	43520	3617.9195494651794	37001	14.979319852941174	
-487515.7292105515	67.8625	9.266666666666667	127.30666666666667	81.52	-9.000380700476196	544	2510	122	13.0	255.0	161.0	18	7.0	74.0	48.0	0	0	6.723423004150391	43600	3624.64297246933	37069	14.97935779816514	
-537521.0376643108	67.4625	9.328947368421053	132.23684210526315	84.40789473684211	-9.000380700476196	545	2514	122	15.0	319.0	199.0	48	8.0	89.0	58.0	0	0	6.645709037780762	43680	3631.2886815071106	37139	14.974816849816847	
-562518.0128956074	67.1875	9.41095890410959	125.95890410958904	80.64383561643835	-9.000380700476196	546	2521	121	13.0	233.0	145.0	21	8.0	87.0	56.0	0	0	6.274550676345825	43760	3637.5632321834564	37204	14.981718464351005	
-612526.1934073438	66.7	9.386666666666667	129.10666666666665	82.76	-9.000380700476196	547	2526	116	13.0	281.0	177.0	22	8.0	87.0	56.0	0	0	6.768417119979858	43840	3644.3316493034363	37273	14.979470802919707	
-512531.3038406252	67.0	9.414285714285715	127.5	81.81428571428572	-9.000380700476196	548	2536	122	14.0	281.0	177.0	12	7.0	74.0	48.0	0	0	6.303818941116333	43920	3650.6354682445526	37336	14.990892531876142	
-500038.47559988016	68.725	9.52112676056338	136.11267605633802	87.11267605633803	-9.000380700476196	549	2545	122	15.0	356.0	222.0	47	7.0	74.0	48.0	0	0	6.6468825340271	44000	3657.2823507785797	37402	14.99545454545455	
-525025.8025544444	71.8875	9.670886075949367	143.1012658227848	91.41772151898734	-9.000380700476196	550	2546	122	15.0	356.0	222.0	41	7.0	74.0	48.0	0	0	7.074138641357422	44080	3664.356489419937	37474	14.986388384754989	
-537521.5506864866	68.925	9.506493506493506	139.84415584415584	89.22077922077922	-9.000380700476196	551	2549	122	13.0	308.0	188.0	16	7.0	82.0	53.0	0	0	7.00140380859375	44160	3671.357893228531	37543	14.98414855072464	
-475035.29115735553	70.7	9.487179487179487	135.67948717948718	86.76923076923077	-9.000380700476196	552	2551	125	15.0	333.0	203.0	48	8.0	79.0	51.0	0	0	7.208993196487427	44240	3678.5668864250183	37612	14.98191681735986	
-462524.8369417739	73.7	9.573333333333334	140.14666666666668	89.46666666666667	-9.000380700476196	553	2556	157	15.0	281.0	177.0	28	8.0	94.0	61.0	0	0	6.918249607086182	44320	3685.4851360321045	37679	14.984205776173283	
-500024.76767007925	72.8875	9.894736842105264	144.69736842105263	92.48684210526316	-9.000380700476196	554	2560	148	16.0	281.0	181.0	15	8.0	89.0	58.0	0	0	6.801855087280273	44400	3692.2869911193848	37746	14.986486486486484	
-450031.8042505883	67.8375	9.5	136.33783783783784	87.3108108108108	-9.000380700476196	555	2566	126	15.0	335.0	207.0	14	8.0	94.0	61.0	0	0	6.7321953773498535	44480	3699.0191864967346	37813	14.988758992805757	
-487518.74393697025	68.6625	9.337837837837839	136.66216216216216	87.24324324324324	-9.000380700476196	556	2572	114	13.0	304.0	188.0	20	8.0	87.0	56.0	0	0	6.563798427581787	44560	3705.5829849243164	37880	14.991023339317778	
-525023.8392181892	67.875	9.347222222222221	137.0	87.55555555555556	-9.000380700476196	557	2580	105	14.0	348.0	209.0	29	8.0	87.0	56.0	0	0	7.0150673389434814	44640	3712.59805226326	37947	14.993279569892465	
-425023.77195165475	67.4375	9.210526315789474	135.46052631578948	86.55263157894737	-9.000380700476196	558	2584	104	13.0	295.0	186.0	30	8.0	88.0	57.0	0	0	6.869981527328491	44720	3719.4680337905884	38017	14.98881932021466	
-487523.3838786166	68.1	9.051948051948052	125.41558441558442	80.33766233766234	-9.000380700476196	559	2587	106	13.0	281.0	177.0	28	8.0	93.0	60.0	0	0	6.646008491516113	44800	3726.1140422821045	38086	14.986607142857139	
-462528.66447951505	67.575	9.626666666666667	141.78666666666666	90.6	-9.000380700476196	560	2592	114	14.0	286.0	177.0	20	8.0	90.0	58.0	0	0	6.520251274108887	44880	3732.6342935562134	38152	14.991087344028514	
-525027.9639302592	67.5	9.51388888888889	143.48611111111111	91.52777777777777	-9.000380700476196	561	2600	112	13.0	305.0	191.0	22	8.0	94.0	61.0	0	0	6.281458854675293	44960	3738.9157524108887	38217	14.99777580071175	
-537524.1523850234	68.425	9.386666666666667	132.78666666666666	84.82666666666667	-9.000380700476196	562	2605	100	15.0	281.0	177.0	37	8.0	83.0	54.0	0	0	6.6395649909973145	45040	3745.555317401886	38285	14.997779751332146	
-575018.0854474425	67.7625	9.67605633802817	138.77464788732394	88.63380281690141	-9.000380700476196	563	2614	112	14.0	349.0	213.0	22	8.0	88.0	57.0	0	0	6.03412127494812	45120	3751.589438676834	38350	15.004432624113477	
-625016.9697201147	68.0875	9.194444444444445	125.55555555555556	80.43055555555556	-9.000380700476196	564	2622	118	13.0	240.0	148.0	16	8.0	91.0	59.0	0	0	6.91803240776062	45200	3758.5074710845947	38414	15.013274336283189	
-537525.3107195767	69.6375	9.513513513513514	137.71621621621622	87.79729729729729	-9.000380700476196	565	2628	118	16.0	332.0	204.0	20	8.0	89.0	58.0	0	0	6.365218877792358	45280	3764.872689962387	38480	15.017667844522961	
-512528.4070649687	71.9	9.337837837837839	138.90540540540542	88.71621621621621	-9.000380700476196	566	2634	123	16.0	329.0	213.0	19	7.0	74.0	48.0	0	0	7.5453362464904785	45360	3772.4180262088776	38547	15.019841269841265	
-562533.4329296305	69.3625	9.56	132.69333333333333	85.01333333333334	-9.000380700476196	567	2639	130	17.0	288.0	186.0	18	8.0	90.0	58.0	0	0	6.288821458816528	45440	3778.706847667694	38614	15.02200704225352	
-612525.217697737	67.675	9.413333333333334	135.44	86.52	-8.992157036648786	568	2644	121	16.0	312.0	199.0	13	8.0	79.0	51.0	0	0	6.862223863601685	45520	3785.569071531296	38682	15.021968365553604	
-662519.2924383634	70.025	9.420289855072463	139.7391304347826	89.18840579710145	-8.992157036648786	569	2655	137	13.0	378.0	234.0	10	8.0	87.0	56.0	0	0	6.583631992340088	45600	3792.152703523636	38744	15.035087719298247	
-525032.9053400641	70.65	9.380281690140846	132.67605633802816	85.05633802816901	-8.992157036648786	570	2664	133	16.0	282.0	178.0	13	8.0	94.0	61.0	0	0	6.75373387336731	45680	3798.906437397003	38810	15.039404553415054	
-525027.0832711286	67.9875	9.461538461538462	132.30769230769232	84.75641025641026	-8.992144589807642	571	2666	120	15.0	282.0	178.0	28	8.0	94.0	61.0	0	0	6.348514795303345	45760	3805.2549521923065	38876	15.043706293706293	
-612521.0340324045	67.15	9.202702702702704	127.67567567567568	81.72972972972973	-8.992144589807642	572	2672	105	16.0	310.0	199.0	29	8.0	88.0	57.0	0	0	6.799097299575806	45840	3812.0540494918823	38942	15.047993019197207	
-650020.2998754693	68.3625	9.532467532467532	134.58441558441558	86.0909090909091	-8.989363642014883	573	2675	110	14.0	245.0	155.0	33	8.0	91.0	59.0	0	0	6.888429164886475	45920	3818.942478656769	39013	15.041376306620208	
-550023.1698911574	68.6625	9.311688311688311	133.07792207792207	84.92207792207792	-8.989363642014883	574	2678	110	14.0	249.0	156.0	40	8.0	88.0	57.0	0	0	7.835514068603516	46000	3826.7779927253723	39078	15.047826086956519	
-587514.2416906301	69.6	9.202702702702704	132.72972972972974	84.5945945945946	-8.983212732150696	575	2684	114	13.0	288.0	177.0	20	7.0	74.0	48.0	0	0	7.260293483734131	46080	3834.0382862091064	39148	15.043402777777786	
-500020.2065306291	67.2375	9.428571428571429	131.96103896103895	84.50649350649351	-8.983212732150696	576	2687	112	15.0	306.0	190.0	22	8.0	87.0	56.0	0	0	7.17118763923645	46160	3841.209473848343	39219	15.036828422876951	
-537517.980901817	66.7125	9.236842105263158	129.71052631578948	83.05263157894737	-8.983212732150696	577	2691	110	13.0	281.0	177.0	45	8.0	87.0	56.0	0	0	6.704299688339233	46240	3847.913773536682	39288	15.034602076124571	
-487518.9630710615	67.4875	9.23076923076923	129.01282051282053	82.56410256410257	-8.934038923643802	578	2693	99	15.0	237.0	150.0	35	7.0	74.0	48.0	0	0	6.8563477993011475	46320	3854.7701213359833	39358	15.030224525043181	
-562510.0254847007	67.6	9.026315789473685	123.55263157894737	79.21052631578948	-8.934038923643802	579	2697	99	18.0	360.0	231.0	43	8.0	79.0	51.0	0	0	6.575137138366699	46400	3861.34525847435	39426	15.03017241379311	
-537513.3189147902	67.375	9.118421052631579	126.5657894736842	81.03947368421052	-8.934038923643802	580	2701	104	13.0	284.0	178.0	30	8.0	88.0	57.0	0	0	6.851794719696045	46480	3868.197053194046	39492	15.034423407917387	
-625016.6826093743	67.0	9.277777777777779	125.70833333333333	80.59722222222223	-8.934038923643802	581	2709	108	13.0	252.0	157.0	26	8.0	79.0	51.0	0	0	6.428102731704712	46560	3874.6251559257507	39555	15.045103092783506	
-562527.7965667052	69.5625	9.013333333333334	123.68	79.26666666666667	-8.934038923643802	582	2714	128	14.0	211.0	133.0	6	8.0	87.0	56.0	0	0	5.972862005233765	46640	3880.5980179309845	39621	15.049313893653519	
-537519.8869772222	67.5125	8.974025974025974	123.77922077922078	79.28571428571429	-8.934038923643802	583	2717	110	13.0	288.0	175.0	24	8.0	94.0	61.0	0	0	6.946472883224487	46720	3887.544490814209	39690	15.047089041095902	
-550025.3204567228	66.925	9.20253164556962	126.48101265822785	81.0	-8.934038923643802	584	2718	121	17.0	316.0	204.0	13	8.0	79.0	51.0	0	0	7.1087305545806885	46800	3894.6532213687897	39763	15.036324786324784	
-587521.3879249372	69.0625	9.438356164383562	133.94520547945206	85.47945205479452	-8.934038923643802	585	2725	126	14.0	281.0	177.0	6	8.0	89.0	58.0	0	0	7.096825838088989	46880	3901.7500472068787	39827	15.044795221843003	
-525022.0371731637	67.95	9.423076923076923	130.65384615384616	83.51282051282051	-8.934038923643802	586	2727	137	16.0	290.0	186.0	20	8.0	91.0	59.0	0	0	7.843945741653442	46960	3909.593992948532	39901	15.031942078364565	
-550015.5381184956	67.25	9.363636363636363	135.33766233766235	86.24675324675324	-8.934038923643802	587	2730	115	17.0	301.0	188.0	31	7.0	82.0	53.0	0	0	7.316882610321045	47040	3916.910875558853	39973	15.023384353741491	
-475032.4640049803	67.3375	9.227848101265822	132.9493670886076	84.65822784810126	-8.929689390405354	588	2731	94	15.0	305.0	191.0	50	8.0	88.0	57.0	0	0	7.403748512268066	47120	3924.314624071121	40047	15.010611205432937	
-562523.080559436	66.8	9.162162162162161	133.8108108108108	85.32432432432432	-8.929689390405354	589	2737	120	16.0	337.0	217.0	20	7.0	82.0	53.0	0	0	6.445588111877441	47200	3930.7602121829987	40114	15.012711864406782	
-587515.0460924723	66.3	9.368421052631579	127.85526315789474	82.14473684210526	-8.929689390405354	590	2741	93	16.0	232.0	148.0	25	7.0	82.0	53.0	0	0	6.215407133102417	47280	3936.975619316101	40180	15.016920473773268	
-587519.0207883848	67.0	9.094594594594595	125.67567567567568	80.63513513513513	-8.929689390405354	591	2747	118	14.0	305.0	191.0	19	8.0	91.0	59.0	0	0	6.4223504066467285	47360	3943.397969722748	40247	15.019003378378386	
-487520.631281807	68.575	9.272727272727273	128.8961038961039	82.66233766233766	-8.929689390405354	592	2750	128	14.0	251.0	156.0	41	8.0	94.0	61.0	0	0	6.677342176437378	47440	3950.075311899185	40315	15.018971332209105	
-587515.5780495678	69.075	8.868421052631579	119.57894736842105	76.71052631578948	-8.929689390405354	593	2754	119	14.0	249.0	158.0	24	8.0	92.0	59.0	0	0	7.376127481460571	47520	3957.4514393806458	40385	15.014730639730644	
-575020.0507241996	68.3125	9.133333333333333	127.10666666666667	81.46666666666667	-8.929689390405354	594	2759	119	13.0	316.0	196.0	25	8.0	94.0	61.0	0	0	6.842596054077148	47600	3964.294035434723	40453	15.014705882352942	
-600021.7844661413	67.0	9.256756756756756	127.67567567567568	81.78378378378379	-8.929689390405354	595	2765	107	15.0	281.0	179.0	27	8.0	87.0	56.0	0	0	6.677080392837524	47680	3970.9711158275604	40520	15.016778523489933	
-612518.8525073348	64.1125	9.324324324324325	129.5	82.87837837837837	-8.929689390405354	596	2771	96	13.0	233.0	149.0	27	8.0	91.0	59.0	0	0	6.438719749450684	47760	3977.409835577011	40584	15.0251256281407	
-575025.2183201474	62.8	9.48611111111111	130.86111111111111	84.04166666666667	-8.929689390405354	597	2779	117	18.0	303.0	197.0	17	8.0	91.0	59.0	0	0	6.2759552001953125	47840	3983.6857907772064	40650	15.029264214046819	
-612515.521925616	64.4625	9.315068493150685	131.5205479452055	83.98630136986301	-8.929689390405354	598	2786	89	13.0	266.0	167.0	10	8.0	88.0	57.0	0	0	6.160264730453491	47920	3989.84605550766	40714	15.037562604340565	
-487518.9465510106	67.0	9.0	121.97402597402598	78.18181818181819	-8.929689390405354	599	2789	76	17.0	247.0	160.0	58	8.0	88.0	57.0	0	0	6.8809709548950195	48000	3996.727026462555	40783	15.035416666666663	
-562516.6415493278	67.275	9.155844155844155	127.77922077922078	81.75324675324676	-8.929689390405354	600	2792	101	15.0	315.0	197.0	38	8.0	94.0	61.0	0	0	6.600794553756714	48080	4003.3278210163116	40848	15.041597337770384	
-575020.3413173954	66.9125	9.012658227848101	126.0126582278481	80.62025316455696	-8.929689390405354	601	2793	99	13.0	228.0	145.0	38	8.0	87.0	56.0	0	0	7.384523868560791	48160	4010.7123448848724	40920	15.033222591362133	
-625011.1088127829	67.15	9.474358974358974	130.52564102564102	83.7051282051282	-8.929689390405354	602	2795	112	17.0	309.0	193.0	29	8.0	94.0	61.0	0	0	7.884267091751099	48240	4018.5966119766235	40991	15.026948590381423	
-662517.4600903796	67.05	9.216216216216216	128.3918918918919	82.06756756756756	-8.929689390405354	603	2801	110	14.0	231.0	147.0	24	8.0	94.0	61.0	0	0	6.009425640106201	48320	4024.6060376167297	41056	15.033112582781456	
-575021.4810126259	66.8125	9.180555555555555	124.93055555555556	80.25	-8.929689390405354	604	2809	110	14.0	231.0	147.0	25	8.0	94.0	61.0	0	0	6.100247383117676	48400	4030.7062849998474	41121	15.039256198347104	
-462520.5321100669	68.125	9.202702702702704	127.0	81.51351351351352	-8.929689390405354	605	2815	121	15.0	315.0	199.0	13	8.0	89.0	58.0	0	0	6.579207181930542	48480	4037.285492181778	41184	15.049504950495049	
-562520.0230790963	67.725	9.513513513513514	138.8918918918919	88.77027027027027	-8.929676943564212	606	2821	96	16.0	297.0	190.0	13	8.0	91.0	59.0	0	0	6.699599027633667	48560	4043.9850912094116	41252	15.049423393739701	
-575014.6542764681	67.0	9.25	126.41666666666667	81.23611111111111	-8.929676943564212	607	2829	103	16.0	301.0	190.0	31	8.0	83.0	54.0	0	0	5.88866400718689	48640	4049.8737552165985	41314	15.061677631578945	
-575018.5961002918	68.05	9.546666666666667	136.13333333333333	87.2	-8.929676943564212	608	2834	114	17.0	267.0	172.0	38	8.0	91.0	59.0	0	0	6.566812992095947	48720	4056.4405682086945	41383	15.05952380952381	
-650011.7960330166	68.075	9.608108108108109	139.98648648648648	89.52702702702703	-8.929676943564212	609	2840	101	14.0	309.0	193.0	33	8.0	88.0	57.0	0	0	6.5633225440979	48800	4063.0038907527924	41452	15.057377049180332	
-625021.2040659243	67.3	9.368421052631579	128.94736842105263	82.65789473684211	-8.929676943564212	610	2844	99	14.0	282.0	181.0	35	8.0	91.0	59.0	0	0	6.5493786334991455	48880	4069.5532693862915	41521	15.055237315875615	
-587513.0030599113	67.325	9.08108108108108	129.7027027027027	82.78378378378379	-8.929676943564212	611	2850	114	13.0	311.0	193.0	20	8.0	87.0	56.0	0	0	6.101179838180542	48960	4075.654449224472	41588	15.057189542483655	
-612507.485904874	67.0	9.27027027027027	137.43243243243242	87.62162162162163	-8.929676943564212	612	2856	114	13.0	312.0	195.0	20	8.0	87.0	56.0	0	0	6.659006834030151	49040	4082.313456058502	41654	15.061174551386628	
-550015.5763342647	67.0	9.0	128.6216216216216	82.20270270270271	-8.929676943564212	613	2862	103	13.0	305.0	191.0	31	8.0	91.0	59.0	0	0	7.306362152099609	49120	4089.619818210602	41722	15.061074918566774	
-525021.5492726148	67.0	8.933333333333334	122.98666666666666	78.66666666666667	-8.929676943564212	614	2867	102	13.0	262.0	168.0	32	7.0	90.0	58.0	0	0	7.033369302749634	49200	4096.653187513351	41792	15.056910569105682	
-500023.728856892	66.7875	8.949367088607595	120.48101265822785	77.35443037974683	-8.929676943564212	615	2868	93	13.0	211.0	134.0	41	8.0	80.0	52.0	0	0	6.446992635726929	49280	4103.100180149078	41864	15.048701298701289	
-537511.8051115072	66.8625	9.144736842105264	128.75	82.39473684210526	-8.929676943564212	616	2872	116	13.0	281.0	175.0	18	8.0	83.0	54.0	0	0	6.48566746711731	49360	4109.585847616196	41932	15.048622366288484	
-537519.500477139	66.8125	9.064102564102564	126.3076923076923	80.85897435897436	-8.929676943564212	617	2874	113	14.0	239.0	152.0	21	8.0	83.0	54.0	0	0	6.722004175186157	49440	4116.307851791382	42001	15.046521035598701	
-600017.8993097648	70.0875	8.947368421052632	131.55263157894737	83.98684210526316	-8.929676943564212	618	2878	133	13.0	330.0	205.0	1	8.0	91.0	59.0	0	0	6.551695823669434	49520	4122.859547615051	42072	15.040387722132479	
-512514.53748117946	68.7625	9.038461538461538	125.37179487179488	80.25641025641026	-8.929676943564212	619	2880	149	14.0	257.0	157.0	31	8.0	88.0	57.0	0	0	7.391279458999634	49600	4130.250827074051	42145	15.030241935483872	
-625012.1491760935	68.2125	9.08	127.26666666666667	81.32	-8.929442616299907	620	2885	123	14.0	221.0	141.0	30	8.0	94.0	61.0	0	0	6.810944080352783	49680	4137.061771154404	42214	15.028180354267306	
-562525.0848637021	67.9125	9.217948717948717	128.17948717948718	82.03846153846153	-8.929442616299907	621	2887	101	13.0	254.0	161.0	31	8.0	89.0	58.0	0	0	7.248308420181274	49760	4144.310079574585	42286	15.020096463022497	
-587516.7831976687	67.275	9.16	125.32	80.38666666666667	-8.929442616299907	622	2892	118	14.0	264.0	170.0	16	8.0	88.0	57.0	0	0	6.068886995315552	49840	4150.3789665699005	42351	15.026083467094708	
-487519.4414056643	67.6375	9.324324324324325	125.87837837837837	80.94594594594595	-8.929442616299907	623	2898	98	17.0	378.0	243.0	36	7.0	74.0	48.0	0	0	6.4720070362091064	49920	4156.85097360611	42419	15.026041666666671	
-537519.0968097253	67.25	9.367088607594937	128.9746835443038	82.65822784810126	-8.929442616299907	624	2899	84	16.0	300.0	195.0	57	8.0	88.0	57.0	0	0	7.039147615432739	50000	4163.890121221542	42493	15.01400000000001	
-562516.4023126342	68.1	9.08860759493671	126.79746835443038	81.0886075949367	-8.929442616299907	625	2900	100	14.0	211.0	136.0	34	8.0	87.0	56.0	0	0	7.090784549713135	50080	4170.9809057712555	42567	15.001996805111816	
-625018.3391702507	67.7625	9.453333333333333	129.64	83.29333333333334	-8.929442616299907	626	2905	100	14.0	265.0	168.0	34	8.0	88.0	57.0	0	0	6.16372537612915	50160	4177.144631147385	42635	15.00199362041468	
-537520.0386598284	66.6375	9.189873417721518	127.44303797468355	81.59493670886076	-8.929442616299907	627	2906	103	13.0	247.0	156.0	33	8.0	93.0	60.0	0	0	6.89006781578064	50240	4184.034698963165	42706	14.996019108280251	
-537520.0289615763	66.5125	9.445945945945946	136.01351351351352	86.63513513513513	-8.929442616299907	628	2912	107	15.0	244.0	155.0	27	8.0	89.0	58.0	0	0	6.41975736618042	50320	4190.454456329346	42771	15.001987281399039	
-587513.9794119747	66.0875	9.055555555555555	128.80555555555554	82.16666666666667	-8.929442616299907	629	2920	117	14.0	278.0	169.0	17	8.0	89.0	58.0	0	0	6.315861940383911	50400	4196.77031826973	42839	15.001984126984127	
-587516.0577529178	66.0625	9.03896103896104	130.15584415584416	83.12987012987013	-8.929442616299907	630	2923	105	13.0	289.0	181.0	26	8.0	88.0	57.0	0	0	6.7615272998809814	50480	4203.531845569611	42909	14.998019017432654	
-587512.1436117471	65.8125	9.35897435897436	129.66666666666666	83.01282051282051	-8.929442616299907	631	2925	103	14.0	223.0	139.0	31	8.0	91.0	59.0	0	0	6.443487167358398	50560	4209.975332736969	42981	14.990110759493675	
-487522.1016731905	65.3875	9.179487179487179	129.10256410256412	82.7051282051282	-8.929442616299907	632	2927	92	15.0	273.0	174.0	35	7.0	79.0	51.0	0	0	6.751381158828735	50640	4216.726713895798	43050	14.988151658767762	
-500026.2184633771	64.2625	9.166666666666666	130.66666666666666	83.3974358974359	-8.929442616299907	633	2929	93	17.0	372.0	223.0	31	8.0	94.0	61.0	0	0	7.146281003952026	50720	4223.87299489975	43121	14.982255520504722	
-475021.112759967	65.6375	9.35064935064935	124.31168831168831	79.85714285714286	-8.929442616299907	634	2932	86	16.0	238.0	150.0	35	8.0	94.0	61.0	0	0	6.649711608886719	50800	4230.5227065086365	43190	14.980314960629926	
-525024.108909316	66.3875	9.131578947368421	126.19736842105263	80.82894736842105	-8.929442616299907	635	2936	104	15.0	319.0	197.0	30	8.0	91.0	59.0	0	0	6.302132606506348	50880	4236.824839115143	43255	14.986242138364787	
-650018.9804171117	67.0	9.371794871794872	129.80769230769232	83.11538461538461	-8.929442616299907	636	2938	93	17.0	316.0	204.0	41	8.0	94.0	61.0	0	0	7.162635803222656	50960	4243.9874749183655	43329	14.974489795918373	
-612530.1651624801	69.6125	9.116883116883116	125.76623376623377	80.46753246753246	-8.929442616299907	637	2941	139	17.0	272.0	175.0	13	8.0	88.0	57.0	0	0	6.669434547424316	51040	4250.65690946579	43400	14.96865203761756	
-550028.9444686982	68.7	9.41095890410959	129.78082191780823	83.15068493150685	-8.929442616299907	638	2948	99	14.0	391.0	242.0	13	8.0	88.0	57.0	0	0	6.313624620437622	51120	4256.970534086227	43467	14.970657276995297	
-562520.2183579395	70.05	9.402597402597403	132.4805194805195	84.6103896103896	-8.929442616299907	639	2951	109	14.0	391.0	242.0	27	8.0	91.0	59.0	0	0	6.443821907043457	51200	4263.414355993271	43536	14.96875	
-650010.961996812	69.1875	8.91891891891892	123.86486486486487	79.20270270270271	-8.929442616299907	640	2957	114	13.0	259.0	163.0	39	8.0	82.0	53.0	0	0	6.210522413253784	51280	4269.624878406525	43601	14.974648985959433	
-575028.2661826493	66.8875	9.27027027027027	131.51351351351352	84.25675675675676	-8.929442616299907	641	2963	103	16.0	298.0	193.0	31	8.0	94.0	61.0	0	0	6.241247892379761	51360	4275.866126298904	43667	14.978582554517146	
-537517.9959810248	67.325	9.38961038961039	135.12987012987014	86.36363636363636	-8.929442616299907	642	2966	103	16.0	297.0	191.0	31	8.0	94.0	61.0	0	0	6.8202362060546875	51440	4282.686362504959	43738	14.972783825816478	
-612514.6764676655	69.225	9.14864864864865	124.75675675675676	79.98648648648648	-8.929442616299907	643	2972	135	15.0	247.0	158.0	13	8.0	83.0	54.0	0	0	6.2624945640563965	51520	4288.9488570690155	43803	14.97864906832298	
-600021.2825373103	69.3375	9.123287671232877	126.32876712328768	80.76712328767124	-8.929442616299907	644	2979	120	13.0	257.0	158.0	14	8.0	91.0	59.0	0	0	6.1680192947387695	51600	4295.116876363754	43866	14.988372093023258	
-487522.7598106972	68.7625	9.213333333333333	128.22666666666666	82.22666666666667	-8.929442616299907	645	2984	136	17.0	386.0	248.0	19	8.0	94.0	61.0	0	0	6.743594408035278	51680	4301.86047077179	43931	14.994195046439629	
-575017.5669082116	67.2625	8.987012987012987	123.98701298701299	79.45454545454545	-8.929442616299907	646	2987	110	13.0	255.0	160.0	24	8.0	89.0	58.0	0	0	6.61931848526001	51760	4308.47978925705	43999	14.994204018547137	
-575016.2660454714	67.0	8.922077922077921	121.7012987012987	78.0909090909091	-8.929425355779301	647	2990	129	14.0	296.0	191.0	5	7.0	82.0	53.0	0	0	6.569050550460815	51840	4315.04883980751	44070	14.988425925925924	
-537525.3561098862	66.7	9.054054054054054	122.3108108108108	78.54054054054055	-8.929425355779301	648	2996	93	14.0	233.0	146.0	41	8.0	89.0	58.0	0	0	6.075707197189331	51920	4321.1245470047	44137	14.990369799691834	
-525016.4275217209	67.2875	9.118421052631579	120.90789473684211	77.64473684210526	-8.929425355779301	649	3000	101	16.0	258.0	164.0	14	8.0	87.0	56.0	0	0	6.260409832000732	52000	4327.3849568367	44204	14.99230769230769	
-412525.7222190742	66.1	8.9625	121.2625	77.6625	-8.929425355779301	650	3000	84	16	238	153	43	8	88	57	0	0	6.950100660324097	52080	4334.3350574970245	44277	14.982718894009224	
-575011.577576676	67.5	9.220779220779221	128.46753246753246	82.32467532467533	-8.929425355779301	651	3003	109	15.0	306.0	184.0	25	8.0	88.0	57.0	0	0	6.9125871658325195	52160	4341.247644662857	44346	14.980828220858896	
-537517.877447345	68.475	9.32	135.36	86.30666666666667	-8.929425355779301	652	3008	123	17.0	294.0	190.0	11	8.0	91.0	59.0	0	0	6.40730619430542	52240	4347.6549508571625	44410	14.988514548238896	
-487524.4927228802	66.8625	8.986666666666666	127.16	81.28	-8.929425355779301	653	3013	130	14.0	282.0	181.0	7	8.0	91.0	59.0	0	0	7.045926094055176	52320	4354.700876951218	44480	14.984709480122334	
-550023.2491012455	67.6125	9.19718309859155	133.04225352112675	84.92957746478874	-8.929425355779301	654	3022	130	16.0	299.0	191.0	22	8.0	94.0	61.0	0	0	5.837592601776123	52400	4360.538469552994	44541	14.998091603053439	
-612526.8864657809	69.7625	9.36986301369863	129.04109589041096	82.78082191780823	-8.929425355779301	655	3029	127	16.0	256.0	165.0	18	8.0	94.0	61.0	0	0	6.434746503829956	52480	4366.973216056824	44606	15.003810975609753	
-587519.3496087624	67.825	9.35135135135135	130.7972972972973	83.95945945945945	-8.929425355779301	656	3035	107	15.0	300.0	193.0	44	8.0	83.0	54.0	0	0	6.217015266418457	52560	4373.190231323242	44670	15.01141552511416	
-462523.0024364932	67.975	9.468354430379748	132.77215189873417	84.83544303797468	-8.929425355779301	657	3036	107	14.0	269.0	173.0	31	8.0	94.0	61.0	0	0	7.470148086547852	52640	4380.66037940979	44741	15.005699088145903	
-550017.6268027918	67.8375	9.069444444444445	124.84722222222223	80.09722222222223	-8.929425355779301	658	3044	107	14.0	319.0	203.0	35	8.0	94.0	61.0	0	0	6.498171091079712	52720	4387.15855050087	44806	15.011380880121393	
-662513.6929140885	66.3	9.364864864864865	132.6081081081081	84.75675675675676	-8.929425355779301	659	3050	112	14.0	278.0	171.0	22	8.0	85.0	55.0	0	0	6.5262744426727295	52800	4393.6848249435425	44873	15.013257575757578	
-525020.9163800682	66.225	9.453333333333333	139.22666666666666	88.81333333333333	-8.929425355779301	660	3055	96	17.0	403.0	255.0	25	8.0	89.0	58.0	0	0	6.578221082687378	52880	4400.26304602623	44939	15.017019667170956	
-600020.9699900693	66.7	9.11111111111111	130.41666666666666	83.22222222222223	-8.929425355779301	661	3063	98	15.0	296.0	181.0	35	8.0	88.0	57.0	0	0	6.4221510887146	52960	4406.6851971149445	45004	15.022658610271904	
-537530.9850415111	68.5375	9.273972602739725	126.78082191780823	81.36986301369863	-8.929425355779301	662	3070	129	14.0	282.0	181.0	16	8.0	79.0	51.0	0	0	6.725264072418213	53040	4413.410461187363	45069	15.028280542986423	
-600020.2454326438	70.3875	9.10126582278481	127.72151898734177	81.68354430379746	-8.929425355779301	663	3071	102	15.0	273.0	176.0	43	7.0	79.0	51.0	0	0	8.980525970458984	53120	4422.390987157822	45142	15.018825301204814	
-512523.6608371305	67.975	9.128205128205128	133.7051282051282	85.23076923076923	-8.929425355779301	664	3073	116	15.0	379.0	236.0	18	8.0	88.0	57.0	0	0	6.796605348587036	53200	4429.187592506409	45213	15.013157894736835	
-612517.0476151372	67.9125	8.849315068493151	125.5068493150685	80.23287671232876	-8.929425355779301	665	3080	119	12.0	309.0	193.0	15	8.0	85.0	55.0	0	0	6.089292526245117	53280	4435.276885032654	45279	15.016891891891888	
-575022.5181031565	69.5	9.373333333333333	132.2	84.53333333333333	-8.929425355779301	666	3085	111	17.0	308.0	197.0	39	8.0	85.0	55.0	0	0	6.8063273429870605	53360	4442.083212375641	45347	15.016866566716644	
-537516.8888932597	68.625	9.289473684210526	133.02631578947367	85.09210526315789	-8.929425355779301	667	3089	115	17.0	425.0	264.0	19	8.0	86.0	56.0	0	0	6.5689496994018555	53440	4448.652162075043	45415	15.016841317365277	
-562515.8035468275	67.1625	9.386666666666667	129.94666666666666	83.33333333333333	-8.929425355779301	668	3094	101	14.0	263.0	166.0	30	8.0	94.0	61.0	0	0	6.461167573928833	53520	4455.113329648972	45483	15.016816143497763	
-575020.9769753015	66.5	9.26086956521739	134.6086956521739	86.04347826086956	-8.929425355779301	669	3105	116	15.0	324.0	201.0	18	8.0	92.0	59.0	0	0	6.168451309204102	53600	4461.281780958176	45545	15.02798507462687	
-650015.6004358304	67.0	9.197368421052632	130.71052631578948	83.63157894736842	-8.929425355779301	670	3109	107	14.0	274.0	176.0	27	8.0	91.0	59.0	0	0	6.616525888442993	53680	4467.898306846619	45614	15.026080476900148	
-562528.7000274342	67.4875	9.486842105263158	139.03947368421052	88.67105263157895	-8.929425355779301	671	3113	157	14.0	274.0	168.0	3	8.0	89.0	58.0	0	0	6.505141258239746	53760	4474.403448104858	45683	15.024181547619037	
-675009.1809313264	67.65	9.445945945945946	136.7972972972973	87.35135135135135	-8.929425355779301	672	3119	113	14.0	274.0	168.0	21	8.0	88.0	57.0	0	0	6.657800912857056	53840	4481.061249017715	45749	15.027860326894498	
-650012.3754631238	69.775	9.415584415584416	139.02597402597402	88.67532467532467	-8.929425355779301	673	3122	95	16.0	328.0	204.0	39	8.0	88.0	57.0	0	0	6.389220476150513	53920	4487.450469493866	45817	15.027818991097917	
-500028.69240547233	70.625	9.25974025974026	141.8181818181818	90.1038961038961	-8.929425355779301	674	3125	104	13.0	297.0	184.0	37	8.0	87.0	56.0	0	0	7.053643226623535	54000	4494.5041127204895	45888	15.022222222222226	
-525033.805215771	67.0	9.164556962025317	137.34177215189874	87.45569620253164	-8.929425355779301	675	3126	90	14.0	291.0	181.0	44	8.0	88.0	57.0	0	0	6.904865741729736	54080	4501.408978462219	45958	15.018491124260365	
-712518.5230823116	68.1	9.32	135.18666666666667	86.32	-8.929425355779301	676	3131	115	15.0	270.0	171.0	19	7.0	82.0	53.0	0	0	6.373811483383179	54160	4507.782789945602	46028	15.014771048744464	
-487536.224608516	67.4875	9.207792207792208	128.83116883116884	82.44155844155844	-8.929425355779301	677	3134	90	18.0	269.0	166.0	51	8.0	89.0	58.0	0	0	6.375879526138306	54240	4514.158669471741	46094	15.018436578171091	
-537521.2336531633	70.0125	9.133333333333333	126.49333333333334	81.08	-8.929425355779301	678	3139	131	16.0	236.0	148.0	26	7.0	88.0	57.0	0	0	6.207190752029419	54320	4520.36586022377	46159	15.023932253313703	
-562522.2850467227	68.1	9.202702702702704	134.33783783783784	85.70270270270271	-8.929425355779301	679	3145	101	14.0	281.0	180.0	20	8.0	87.0	56.0	0	0	6.326036214828491	54400	4526.691896438599	46227	15.023897058823536	
-512521.278486166	68.65	9.430379746835444	135.2405063291139	86.54430379746836	-8.929425355779301	680	3146	112	15.0	288.0	181.0	37	8.0	89.0	58.0	0	0	7.012439727783203	54480	4533.704336166382	46299	15.016519823788542	
-575014.8690040646	66.525	9.305555555555555	134.66666666666666	86.125	-8.929425355779301	681	3154	127	17.0	302.0	196.0	14	8.0	79.0	51.0	0	0	6.197299242019653	54560	4539.9016354084015	46363	15.023826979472148	
-487526.82348635496	67.6	9.407894736842104	140.64473684210526	89.84210526315789	-8.929425355779301	682	3158	109	17.0	406.0	257.0	32	8.0	85.0	55.0	0	0	6.879680871963501	54640	4546.781316280365	46433	15.0201317715959	
-600023.2587415164	69.55	9.381578947368421	137.26315789473685	87.80263157894737	-8.929425355779301	683	3162	105	14.0	240.0	154.0	14	8.0	85.0	55.0	0	0	6.586190462112427	54720	4553.367506742477	46501	15.020102339181278	
-662521.6830945474	68.375	9.774647887323944	142.50704225352112	90.91549295774648	-8.929425355779301	684	3171	132	17.0	291.0	184.0	18	8.0	88.0	57.0	0	0	6.345402002334595	54800	4559.712908744812	46566	15.02554744525547	
-612515.8009019535	67.35	9.61111111111111	141.95833333333334	90.48611111111111	-8.929425355779301	685	3179	119	14.0	313.0	193.0	11	8.0	88.0	57.0	0	0	6.341314792633057	54880	4566.054223537445	46633	15.02733236151603	
-525017.8433629582	65.85	9.375	140.91666666666666	89.68055555555556	-8.929425355779301	686	3187	113	14.0	319.0	197.0	11	7.0	90.0	58.0	0	0	6.482037544250488	54960	4572.536261081696	46697	15.034570596797664	
-575013.2071452544	69.1	9.24	139.34666666666666	88.61333333333333	-8.929425355779301	687	3192	127	13.0	294.0	181.0	20	7.0	74.0	48.0	0	0	6.942497253417969	55040	4579.4787583351135	46767	15.03088662790698	
-487523.61308709637	69.125	9.157894736842104	132.1578947368421	84.5	-8.929425355779301	688	3196	99	15.0	294.0	181.0	37	8.0	91.0	59.0	0	0	6.552642822265625	55120	4586.031401157379	46832	15.036284470246727	
-525023.2018634321	67.125	9.4	136.94666666666666	87.50666666666666	-8.929425355779301	689	3201	89	15.0	298.0	191.0	45	7.0	82.0	53.0	0	0	6.74259877204895	55200	4592.773999929428	46897	15.041666666666657	
-500019.7072489935	68.275	9.386666666666667	137.81333333333333	88.09333333333333	-8.929425355779301	690	3206	96	15.0	353.0	222.0	43	8.0	89.0	58.0	0	0	6.918220281600952	55280	4599.692220211029	46962	15.047033285094074	
-575025.1573935698	68.925	9.473684210526315	146.6578947368421	93.42105263157895	-8.929425355779301	691	3210	123	14.0	332.0	207.0	11	8.0	89.0	58.0	0	0	7.4941086769104	55360	4607.186328887939	47030	15.046965317919074	
-587515.2620641205	66.9875	9.493333333333334	142.54666666666665	90.92	-8.929425355779301	692	3215	112	15.0	305.0	190.0	27	8.0	91.0	59.0	0	0	6.824901819229126	55440	4614.011230707169	47098	15.04689754689754	
-562527.4408090407	66.15	9.631578947368421	142.8815789473684	91.25	-8.929425355779301	693	3219	87	16.0	288.0	180.0	27	8.0	91.0	59.0	0	0	6.984465837478638	55520	4620.995696544647	47169	15.0414265129683	
-550033.6054744862	67.8	10.58108108108108	166.95945945945945	106.10810810810811	-8.929425355779301	694	3225	125	17.0	356.0	228.0	9	8.0	91.0	59.0	0	0	6.95054817199707	55600	4627.946244716644	47238	15.039568345323744	
-550029.8768191244	69.5375	9.849315068493151	142.8904109589041	91.47945205479452	-8.929425355779301	695	3232	119	16.0	308.0	191.0	28	7.0	80.0	52.0	0	0	6.255573034286499	55680	4634.201817750931	47302	15.046695402298852	
-525015.2927984763	68.175	9.116883116883116	128.35064935064935	82.03896103896103	-8.929425355779301	696	3235	130	14.0	257.0	163.0	40	8.0	83.0	54.0	0	0	6.551449775695801	55760	4640.753267526627	47367	15.052008608321373	
-575012.33905088	67.85	9.373333333333333	138.25333333333333	88.28	-8.929425355779301	697	3240	130	15.0	306.0	187.0	44	8.0	88.0	57.0	0	0	6.564128398895264	55840	4647.317395925522	47434	15.053724928366762	
-550020.7565152951	67.35	9.6	139.26666666666668	88.89333333333333	-8.929425355779301	698	3245	125	14.0	337.0	206.0	9	8.0	94.0	61.0	0	0	6.820409536361694	55920	4654.1378054618835	47500	15.057224606580832	
-512514.80626794405	70.2125	9.6	139.4	89.15714285714286	-8.929425355779301	699	3255	121	15.0	260.0	167.0	36	7.0	90.0	58.0	0	0	5.7009570598602295	56000	4659.838762521744	47561	15.069642857142867	
-450019.32826043386	70.425	9.037974683544304	129.9746835443038	82.9873417721519	-8.929425355779301	700	3256	133	15.0	281.0	172.0	36	8.0	89.0	58.0	0	0	6.567406892776489	56080	4666.40616941452	47627	15.073109843081312	
-562512.2152432989	69.5875	9.0	126.44594594594595	80.83783783783784	-8.929425355779301	701	3262	134	15.0	237.0	153.0	27	8.0	89.0	58.0	0	0	7.0162694454193115	56160	4673.42243885994	47693	15.076566951566946	
-575020.2926359919	69.5	9.615384615384615	137.98717948717947	88.34615384615384	-8.929425355779301	702	3264	101	17.0	297.0	188.0	39	8.0	89.0	58.0	0	0	6.893574237823486	56240	4680.316013097763	47761	15.076458036984349	
-650015.3846404993	67.7375	9.85135135135135	141.14864864864865	90.47297297297297	-8.929425355779301	703	3270	114	17.0	316.0	204.0	23	8.0	79.0	51.0	0	0	7.497755289077759	56320	4687.813768386841	47828	15.078125	
-675023.5768761886	69.0625	10.083333333333334	140.61111111111111	89.93055555555556	-8.929425355779301	704	3278	114	18.0	296.0	180.0	22	8.0	87.0	56.0	0	0	6.685702323913574	56400	4694.499470710754	47895	15.079787234042556	
-575025.8540715147	69.8125	9.68421052631579	135.92105263157896	86.86842105263158	-8.929425355779301	705	3282	114	17.0	254.0	161.0	22	8.0	87.0	56.0	0	0	6.622077941894531	56480	4701.121548652649	47962	15.081444759206803	
-587516.338156432	70.7625	9.355263157894736	132.4078947368421	84.90789473684211	-8.929425355779301	706	3286	123	16.0	401.0	255.0	14	8.0	91.0	59.0	0	0	6.68169093132019	56560	4707.803239583969	48030	15.081329561527582	
-512535.9767846923	69.4625	9.293333333333333	130.13333333333333	83.49333333333334	-8.929425355779301	707	3291	114	16.0	252.0	161.0	27	7.0	82.0	53.0	0	0	6.415264129638672	56640	4714.218503713608	48097	15.082980225988692	
-500024.7242996705	68.775	9.31578947368421	130.6578947368421	83.67105263157895	-8.929425355779301	708	3295	125	15.0	271.0	167.0	26	8.0	88.0	57.0	0	0	6.377458810806274	56720	4720.595962524414	48164	15.084626234132585	
-625014.9849780526	71.1125	9.474358974358974	132.56410256410257	84.74358974358974	-8.929425355779301	709	3297	125	19.0	297.0	194.0	25	7.0	74.0	48.0	0	0	7.191922187805176	56800	4727.787884712219	48233	15.082746478873247	
-562523.8177362775	69.5625	9.266666666666667	127.69333333333333	81.84	-8.929425355779301	710	3302	125	19.0	274.0	176.0	37	8.0	88.0	57.0	0	0	5.954598903656006	56880	4733.742483615875	48299	15.086146272855132	
-637513.0079125626	66.5875	9.213333333333333	128.25333333333333	81.97333333333333	-8.929425355779301	711	3307	100	15.0	316.0	193.0	9	8.0	87.0	56.0	0	0	6.328654050827026	56960	4740.071137666702	48362	15.094803370786508	
-575018.8425676067	66.9125	9.56338028169014	136.56338028169014	87.2394366197183	-8.929425355779301	712	3316	120	16.0	313.0	189.0	14	8.0	87.0	56.0	0	0	6.0332605838775635	57040	4746.10439825058	48426	15.101683029453014	
-550012.5371676696	68.7375	9.311688311688311	131.15584415584416	83.97402597402598	-8.929425355779301	713	3319	120	16.0	274.0	176.0	45	8.0	94.0	61.0	0	0	6.720801591873169	57120	4752.825199842453	48494	15.101540616246496	
-475016.3354327522	68.5	8.906666666666666	125.82666666666667	80.38666666666667	-8.929425355779301	714	3324	120	13.0	346.0	213.0	21	8.0	91.0	59.0	0	0	6.512416362762451	57200	4759.337616205215	48560	15.104895104895093	
-562522.7518896995	67.6375	8.780821917808218	123.0	78.73972602739725	-8.929425355779301	715	3331	110	13.0	277.0	173.0	24	8.0	91.0	59.0	0	0	5.964690923690796	57280	4765.302307128906	48624	15.111731843575413	
-650012.2047207669	67.0	9.08108108108108	131.8918918918919	84.25675675675676	-8.929425355779301	716	3337	91	16.0	289.0	187.0	43	8.0	89.0	58.0	0	0	6.61363673210144	57360	4771.915943861008	48692	15.111576011157595	
-562529.3022483673	67.35	9.38888888888889	133.51388888888889	85.30555555555556	-8.929425355779301	717	3345	100	15.0	309.0	193.0	34	8.0	91.0	59.0	0	0	6.3834710121154785	57440	4778.299414873123	48758	15.114902506963787	
-625019.4329691902	67.0125	9.48611111111111	132.29166666666666	84.73611111111111	-8.929425355779301	718	3353	106	16.0	259.0	166.0	28	8.0	89.0	58.0	0	0	6.3773512840271	57520	4784.67676615715	48822	15.121696801112662	
-537524.2434073003	66.5125	9.635135135135135	136.6216216216216	87.35135135135135	-8.929425355779301	719	3359	128	16.0	259.0	166.0	13	8.0	94.0	61.0	0	0	6.2899394035339355	57600	4790.966705560684	48885	15.130208333333329	
-487517.8094364824	66.3	9.28	130.49333333333334	83.72	-8.929425355779301	720	3364	92	14.0	341.0	214.0	34	8.0	91.0	59.0	0	0	5.8267364501953125	57680	4796.7934420108795	48948	15.138696255201111	
-525030.8667300742	66.6625	9.567567567567568	135.66216216216216	87.0945945945946	-8.929425355779301	721	3370	101	16.0	236.0	153.0	33	8.0	91.0	59.0	0	0	7.178453207015991	57760	4803.9718952178955	49015	15.14023545706371	
-437524.7377709405	67.4625	9.946666666666667	147.93333333333334	94.68	-8.929425355779301	722	3375	109	17.0	412.0	262.0	41	8.0	94.0	61.0	0	0	6.179588079452515	57840	4810.151483297348	49079	15.146957123098204	
-550017.029520678	68.05	9.618421052631579	140.51315789473685	89.85526315789474	-8.929425355779301	723	3379	109	15.0	317.0	196.0	35	8.0	91.0	59.0	0	0	6.8917200565338135	57920	4817.043203353882	49148	15.145027624309392	
-550014.466096223	66.2375	9.333333333333334	132.25333333333333	84.64	-8.929425355779301	724	3384	94	15.0	305.0	193.0	40	8.0	91.0	59.0	0	0	5.8239219188690186	58000	4822.867125272751	49209	15.156896551724145	
-687506.4623346201	66.15	9.405405405405405	131.21621621621622	84.06756756756756	-8.929425355779301	725	3390	120	18.0	294.0	188.0	8	8.0	84.0	54.0	0	0	6.319560289382935	58080	4829.186685562134	49272	15.16528925619835	
-575014.4005427738	67.1875	9.197368421052632	124.98684210526316	80.14473684210526	-8.929425355779301	726	3394	120	14.0	267.0	166.0	15	8.0	89.0	58.0	0	0	6.43439245223999	58160	4835.621078014374	49341	15.163342503438798	
-462524.25774399814	66.7125	9.23076923076923	125.03846153846153	80.1025641025641	-8.929425355779301	727	3396	99	14.0	247.0	151.0	35	8.0	84.0	54.0	0	0	6.627560615539551	58240	4842.248638629913	49409	15.163118131868131	
-550022.0294082501	68.9	9.12987012987013	124.18181818181819	79.64935064935065	-8.929425355779301	728	3399	108	14.0	274.0	176.0	30	8.0	89.0	58.0	0	0	6.27217173576355	58320	4848.520810365677	49477	15.162894375857334	
-500028.67062205786	69.7875	9.75	132.69444444444446	85.125	-8.929425355779301	729	3407	139	15.0	304.0	191.0	26	8.0	94.0	61.0	0	0	5.9413001537323	58400	4854.462110519409	49543	15.166095890410958	
-550022.1420733103	71.65	9.150684931506849	126.10958904109589	80.72602739726027	-8.929425355779301	730	3414	131	15.0	240.0	148.0	30	8.0	87.0	56.0	0	0	6.2046873569488525	58480	4860.666797876358	49609	15.169288645690841	
-550015.2821354667	70.25	9.166666666666666	124.44871794871794	79.85897435897436	-8.929425355779301	731	3416	112	15.0	276.0	174.0	5	8.0	79.0	51.0	0	0	6.345660448074341	58560	4867.012458324432	49679	15.165642076502735	
-525014.9232217746	68.725	9.026666666666667	129.26666666666668	82.56	-8.929425355779301	732	3421	108	13.0	282.0	177.0	26	7.0	74.0	48.0	0	0	6.3952929973602295	58640	4873.407751321793	49745	15.168826739427004	
-525011.5805124177	66.875	9.027397260273972	123.97260273972603	79.61643835616438	-8.929425355779301	733	3428	105	15.0	274.0	176.0	27	8.0	94.0	61.0	0	0	6.190664768218994	58720	4879.598416090012	49810	15.173705722070835	
-550020.3454373253	67.0	9.472972972972974	134.71621621621622	86.20270270270271	-8.929425355779301	734	3434	107	15.0	274.0	176.0	27	8.0	91.0	59.0	0	0	6.5856640338897705	58800	4886.184080123901	49876	15.176870748299322	
-550013.2175682734	68.3	9.333333333333334	126.76	81.4	-8.929425355779301	735	3439	148	16.0	247.0	160.0	26	8.0	89.0	58.0	0	0	6.504713296890259	58880	4892.688793420792	49943	15.178328804347828	
-512530.56377253646	68.35	9.743589743589743	136.30769230769232	87.37179487179488	-8.929425355779301	736	3441	123	19.0	293.0	183.0	40	8.0	87.0	56.0	0	0	6.723512172698975	58960	4899.412305593491	50016	15.169606512890098	
-550024.141963478	68.725	9.513157894736842	133.82894736842104	85.77631578947368	-8.929425355779301	737	3445	123	20.0	292.0	190.0	48	8.0	91.0	59.0	0	0	6.976548433303833	59040	4906.388854026794	50082	15.172764227642276	
-487523.0874614042	68.4	9.153846153846153	132.98717948717947	85.03846153846153	-8.929425355779301	738	3447	123	14.0	257.0	161.0	49	8.0	91.0	59.0	0	0	6.845431327819824	59120	4913.234285354614	50152	15.169147496617057	
-625016.2595893726	67.1375	9.36111111111111	132.45833333333334	84.77777777777777	-8.929425355779301	739	3455	103	15.0	315.0	203.0	38	8.0	94.0	61.0	0	0	6.303267955780029	59200	4919.537553310394	50217	15.173986486486484	
-587510.1699475115	67.225	9.042857142857143	121.14285714285714	77.74285714285715	-8.929425355779301	740	3465	110	13.0	231.0	146.0	24	8.0	92.0	59.0	0	0	5.644583702087402	59280	4925.182137012482	50278	15.185560053981106	
-500018.4872742593	68.275	9.08974358974359	127.7051282051282	81.6923076923077	-8.929425355779301	741	3467	112	14.0	319.0	195.0	22	8.0	91.0	59.0	0	0	6.783629894256592	59360	4931.965766906738	50349	15.180256064690028	
-675016.3028562434	69.2875	9.082191780821917	130.3835616438356	83.21917808219177	-8.929425355779301	742	3474	115	13.0	312.0	196.0	25	8.0	89.0	58.0	0	0	6.645952224731445	59440	4938.61171913147	50415	15.18337819650067	
-600018.3144586425	70.4	9.76056338028169	153.83098591549296	97.8169014084507	-8.929425355779301	743	3483	115	17.0	454.0	283.0	30	8.0	89.0	58.0	0	0	6.2301857471466064	59520	4944.841904878616	50478	15.191532258064512	
-600029.7537648563	72.825	9.702702702702704	145.1216216216216	92.35135135135135	-8.929425355779301	744	3489	146	15.0	312.0	196.0	24	8.0	80.0	52.0	0	0	7.229864835739136	59600	4952.0717697143555	50547	15.189597315436245	
-600027.060588814	71.1375	9.301369863013699	139.82191780821918	89.20547945205479	-8.929425355779301	745	3496	123	15.0	417.0	263.0	30	8.0	89.0	58.0	0	0	6.762394428253174	59680	4958.834164142609	50612	15.194369973190348	
-537523.4019717096	68.025	9.277777777777779	132.51388888888889	84.73611111111111	-8.929425355779301	746	3504	115	16.0	311.0	202.0	29	8.0	90.0	58.0	0	0	6.5812904834747314	59760	4965.415454626083	50679	15.19578313253011	
-612521.8089118585	69.9375	9.082191780821917	130.2054794520548	82.98630136986301	-8.929425355779301	747	3511	100	13.0	255.0	158.0	34	8.0	88.0	57.0	0	0	6.378950357437134	59840	4971.7944049835205	50744	15.200534759358291	
-487537.4769884928	71.025	9.818181818181818	141.1818181818182	90.36363636363636	-8.929425355779301	748	3514	137	15.0	295.0	185.0	15	8.0	79.0	51.0	0	0	6.585777759552002	59920	4978.3801827430725	50814	15.19692923898532	
-462524.01557368523	70.3875	9.447368421052632	132.21052631578948	84.52631578947368	-8.929425355779301	749	3518	118	15.0	262.0	166.0	36	8.0	79.0	51.0	0	0	6.618194818496704	60000	4984.998377561569	50881	15.198333333333338	
-637519.6673912995	71.725	9.567567567567568	138.14864864864865	88.29729729729729	-8.929425355779301	750	3524	120	15.0	231.0	143.0	21	8.0	87.0	56.0	0	0	6.211869478225708	60080	4991.210247039795	50947	15.201398135818906	
-562524.630762994	69.5875	9.63013698630137	141.6986301369863	90.73972602739725	-8.929425355779301	751	3531	118	15.0	274.0	173.0	16	8.0	94.0	61.0	0	0	6.1356964111328125	60160	4997.345943450928	51011	15.207779255319153	
-600015.5007240889	69.125	9.430379746835444	134.0379746835443	85.63291139240506	-8.929425355779301	752	3532	96	16.0	319.0	195.0	48	8.0	91.0	59.0	0	0	7.0083558559417725	60240	5004.3542993068695	51079	15.20750332005312	
-612513.4290729078	69.4	9.48	137.85333333333332	87.92	-8.929425355779301	753	3537	129	15.0	324.0	205.0	27	8.0	94.0	61.0	0	0	6.995800733566284	60320	5011.350100040436	51146	15.208885941644567	
-562518.2359734073	67.7375	9.181818181818182	132.8181818181818	84.57142857142857	-8.929425355779301	754	3540	93	15.0	258.0	158.0	51	8.0	89.0	58.0	0	0	7.408348560333252	60400	5018.758448600769	51213	15.210264900662253	
-612515.9152815992	67.1125	9.416666666666666	140.375	89.58333333333333	-8.929425355779301	755	3548	120	16.0	326.0	204.0	14	8.0	89.0	58.0	0	0	8.13183879852295	60480	5026.890287399292	51279	15.213293650793645	
-600021.528651773	67.0	9.194444444444445	136.08333333333334	86.90277777777777	-8.929425355779301	756	3556	101	13.0	318.0	198.0	33	8.0	85.0	55.0	0	0	6.379451274871826	60560	5033.269738674164	51343	15.219616908850725	
-612518.3016644847	67.8375	9.447368421052632	141.0921052631579	90.0	-8.929425355779301	757	3560	119	15.0	427.0	264.0	15	8.0	89.0	58.0	0	0	6.435601711273193	60640	5039.705340385437	51410	15.220976253298161	
-475026.4582477009	67.4625	9.082191780821917	127.13698630136986	81.35616438356165	-8.929425355779301	758	3567	129	13.0	258.0	163.0	5	8.0	85.0	55.0	0	0	7.750737428665161	60720	5047.456077814102	51473	15.228919631093547	
-625017.772988213	69.2625	9.253333333333334	131.65333333333334	84.22666666666667	-8.929425355779301	759	3572	141	13.0	290.0	181.0	14	8.0	90.0	58.0	0	0	8.182521104812622	60800	5055.638598918915	51541	15.22861842105263	
-612513.3217441698	67.0875	9.140845070422536	128.7887323943662	82.50704225352112	-8.929425355779301	760	3581	128	15.0	302.0	191.0	14	7.0	74.0	48.0	0	0	5.670429229736328	60880	5061.309028148651	51600	15.2431011826544	
-462522.2264581729	71.65	9.026315789473685	124.9342105263158	80.01315789473684	-8.929425355779301	761	3585	121	14.0	238.0	149.0	36	8.0	94.0	61.0	0	0	6.426669597625732	60960	5067.735697746277	51664	15.249343832020998	
-550012.5807458572	73.625	9.131578947368421	126.14473684210526	80.77631578947368	-8.929425355779301	762	3589	138	17.0	249.0	161.0	1	8.0	88.0	57.0	0	0	7.855865240097046	61040	5075.591562986374	51730	15.252293577981646	
-612521.1333731547	69.8125	9.306666666666667	129.50666666666666	82.98666666666666	-8.929425355779301	763	3594	152	14.0	261.0	168.0	31	7.0	90.0	58.0	0	0	7.011943578720093	61120	5082.603506565094	51795	15.256871727748688	
-562520.5934541882	65.6125	9.246575342465754	132.08219178082192	84.3972602739726	-8.929425355779301	764	3601	111	14.0	255.0	157.0	23	8.0	87.0	56.0	0	0	6.689718723297119	61200	5089.293225288391	51860	15.261437908496731	
-537524.9221799823	66.5125	9.546666666666667	143.24	91.17333333333333	-8.929425355779301	765	3606	114	15.0	286.0	183.0	20	8.0	89.0	58.0	0	0	6.71933650970459	61280	5096.012561798096	51926	15.264360313315933	
-537521.2538710639	66.9	9.27027027027027	137.28378378378378	87.55405405405405	-8.929425355779301	766	3612	96	14.0	235.0	148.0	38	8.0	83.0	54.0	0	0	6.667866945266724	61360	5102.680428743362	51992	15.267275097783568	
-537517.2384996405	66.7	9.357142857142858	132.32857142857142	84.61428571428571	-8.929425355779301	767	3622	121	16.0	259.0	168.0	13	7.0	83.0	54.0	0	0	6.303109407424927	61440	5108.983538150787	52056	15.2734375	
-500020.21036777494	66.8375	9.533333333333333	135.88	86.78666666666666	-8.929425355779301	768	3627	94	14.0	295.0	181.0	44	8.0	94.0	61.0	0	0	6.594648599624634	61520	5115.578186750412	52125	15.271456436931075	
-612515.9161638252	67.075	9.253333333333334	127.28	81.64	-8.929425355779301	769	3632	107	15.0	293.0	188.0	22	8.0	89.0	58.0	0	0	6.297584295272827	61600	5121.875771045685	52188	15.279220779220779	
-587514.5545352724	68.2875	9.487179487179487	135.82051282051282	87.01282051282051	-8.929425355779301	770	3634	107	15.0	290.0	181.0	48	8.0	94.0	61.0	0	0	6.382032871246338	61680	5128.257803916931	52256	15.27885862516213	
-500016.8872824668	67.4625	9.246753246753247	129.27272727272728	82.92207792207792	-8.929425355779301	771	3637	105	16.0	270.0	166.0	33	8.0	83.0	54.0	0	0	6.446835517883301	61760	5134.704639434814	52321	15.283354922279784	
-587514.9094755289	67.7375	8.947368421052632	123.94736842105263	79.44736842105263	-8.929425355779301	772	3641	106	16.0	239.0	148.0	28	8.0	83.0	54.0	0	0	5.971824407577515	61840	5140.676463842392	52385	15.289456662354468	
-550020.7038870839	67.8	8.81578947368421	121.67105263157895	77.85526315789474	-8.929425355779301	773	3645	98	14.0	214.0	138.0	42	8.0	89.0	58.0	0	0	6.055327653884888	61920	5146.731791496277	52448	15.297157622739022	
-525021.8093171765	67.375	9.45945945945946	133.78378378378378	85.75675675675676	-8.929425355779301	774	3651	121	15.0	274.0	176.0	13	8.0	80.0	52.0	0	0	6.776485204696655	62000	5153.5082767009735	52516	15.296774193548387	
-500035.0418037047	68.6375	9.135135135135135	133.40540540540542	85.13513513513513	-8.929425355779301	775	3657	122	14.0	264.0	170.0	26	8.0	91.0	59.0	0	0	6.607480764389038	62080	5160.115757465363	52584	15.296391752577321	
-650025.9415089905	66.9	9.337837837837839	134.74324324324326	86.06756756756756	-8.929425355779301	776	3663	116	15.0	271.0	170.0	18	8.0	88.0	57.0	0	0	6.587711334228516	62160	5166.703468799591	52652	15.296010296010294	
-625019.3814753558	66.8125	9.302631578947368	134.42105263157896	85.82894736842105	-8.929425355779301	777	3667	109	13.0	259.0	166.0	28	7.0	74.0	48.0	0	0	6.849299669265747	62240	5173.552768468857	52721	15.294023136246778	
-637514.5194652791	66.825	9.342857142857143	130.04285714285714	83.25714285714285	-8.929425355779301	778	3677	121	14.0	276.0	177.0	13	7.0	74.0	48.0	0	0	5.5670130252838135	62320	5179.119781494141	52782	15.304878048780495	
-550018.7155366826	68.425	9.461538461538462	141.56410256410257	90.43589743589743	-8.929425355779301	779	3679	93	17.0	350.0	217.0	57	8.0	83.0	54.0	0	0	6.737629175186157	62400	5185.857410669327	52854	15.29807692307692	
-550022.8813517587	66.55	9.2	131.37333333333333	84.01333333333334	-8.929425355779301	780	3684	87	13.0	268.0	168.0	40	7.0	74.0	48.0	0	0	6.392805576324463	62480	5192.250216245651	52919	15.302496798975668	
-575014.1003598336	65.6	9.26027397260274	131.05479452054794	83.73972602739725	-8.929425355779301	781	3691	114	14.0	269.0	169.0	12	8.0	79.0	51.0	0	0	6.1121745109558105	62560	5198.362390756607	52982	15.31010230179028	
-587515.1778100651	66.6375	9.217948717948717	128.71794871794873	82.32051282051282	-8.929425355779301	782	3693	104	14.0	254.0	155.0	30	8.0	88.0	57.0	0	0	7.151588439941406	62640	5205.5139791965485	53052	15.306513409961681	
-487514.1559696632	64.675	8.921052631578947	126.14473684210526	80.69736842105263	-8.929425355779301	783	3697	93	14.0	284.0	176.0	27	8.0	88.0	57.0	0	0	7.178931951522827	62720	5212.692911148071	53117	15.310905612244895	
-575015.6035424788	66.375	9.144736842105264	123.84210526315789	79.4342105263158	-8.929425355779301	784	3701	91	16.0	244.0	157.0	33	8.0	91.0	59.0	0	0	5.441539287567139	62800	5218.134450435638	53179	15.320063694267517	
-612515.1551405645	66.9625	9.27027027027027	128.8108108108108	82.44594594594595	-8.929425355779301	785	3707	118	18.0	277.0	178.0	10	8.0	91.0	59.0	0	0	6.540661096572876	62880	5224.675111532211	53245	15.322837150127228	
-612512.8944171125	67.2625	9.16	125.82666666666667	80.61333333333333	-8.929425355779301	786	3712	122	19.0	283.0	183.0	20	8.0	91.0	59.0	0	0	6.0414934158325195	62960	5230.716604948044	53310	15.327191867852605	
-612512.8188426406	68.475	9.289855072463768	126.98550724637681	81.6231884057971	-8.929425355779301	787	3723	147	19.0	283.0	183.0	22	8.0	79.0	51.0	0	0	5.6578357219696045	63040	5236.374440670013	53372	15.33629441624366	
-612514.3477919158	70.0125	9.069444444444445	128.5	82.23611111111111	-8.929425355779301	788	3731	131	16.0	293.0	187.0	31	8.0	91.0	59.0	0	0	6.388762712478638	63120	5242.763203382492	53432	15.348542458808623	
-587518.9665991468	66.7875	9.513513513513514	136.14864864864865	87.0	-8.929425355779301	789	3737	101	14.0	306.0	191.0	33	8.0	89.0	58.0	0	0	6.3879008293151855	63200	5249.151104211807	53498	15.35126582278481	
-625021.0838215963	67.375	9.824324324324325	143.66216216216216	91.58108108108108	-8.929425355779301	790	3743	120	18.0	364.0	220.0	14	8.0	89.0	58.0	0	0	6.349017858505249	63280	5255.5001220703125	53563	15.355562579013906	
-487523.63731655665	67.7375	9.4	135.45333333333335	86.44	-8.929425355779301	791	3748	90	15.0	318.0	194.0	16	8.0	85.0	55.0	0	0	6.720252990722656	63360	5262.220375061035	53629	15.358270202020194	
-625020.8833016657	67.75	9.4	132.08	84.73333333333333	-8.929425355779301	792	3753	125	15.0	276.0	178.0	9	8.0	91.0	59.0	0	0	6.382972717285156	63440	5268.60334777832	53694	15.362547288776796	
-587520.0758367355	70.1875	9.142857142857142	130.9090909090909	83.66233766233766	-8.929425355779301	793	3756	135	17.0	280.0	175.0	27	8.0	79.0	51.0	0	0	6.832913398742676	63520	5275.436261177063	53763	15.36051637279597	
-587525.6160998296	70.525	9.766233766233766	145.4935064935065	92.96103896103897	-8.929425355779301	794	3759	143	18.0	309.0	193.0	14	8.0	89.0	58.0	0	0	7.3629677295684814	63600	5282.7992289066315	53832	15.358490566037744	
-612522.5964693796	69.4	9.121621621621621	127.01351351351352	81.22972972972973	-8.929425355779301	795	3765	143	13.0	232.0	146.0	17	8.0	91.0	59.0	0	0	6.6740007400512695	63680	5289.473229646683	53897	15.362751256281399	
-500021.6138328868	71.3125	9.413333333333334	137.13333333333333	87.50666666666666	-8.929425355779301	796	3770	184	17.0	346.0	223.0	26	8.0	88.0	57.0	0	0	6.75739312171936	63760	5296.230622768402	53961	15.368569636135504	
-525018.4235635081	68.6	8.986842105263158	125.26315789473684	80.10526315789474	-8.929425355779301	797	3774	99	17.0	257.0	167.0	42	8.0	87.0	56.0	0	0	6.369229555130005	63840	5302.599852323532	54030	15.366541353383454	
-462517.67481455766	67.3	8.91025641025641	119.64102564102564	76.6923076923077	-8.929425355779301	798	3776	93	13.0	296.0	182.0	41	7.0	74.0	48.0	0	0	6.946040868759155	63920	5309.545893192291	54099	15.364518147684606	
-562516.6659433637	67.325	9.054054054054054	127.20270270270271	81.3108108108108	-8.929425355779301	799	3782	84	14.0	336.0	211.0	50	8.0	87.0	56.0	0	0	7.0910093784332275	64000	5316.6369025707245	54167	15.364062500000003	
-487533.9489147545	66.5625	9.153846153846153	130.01282051282053	83.1923076923077	-8.929425355779301	800	3784	99	14.0	336.0	211.0	35	8.0	83.0	54.0	0	0	7.251765012741089	64080	5323.888667583466	54233	15.366729088639204	
-537513.5402405786	66.675	9.06578947368421	124.39473684210526	79.75	-8.929425355779301	801	3788	99	14.0	262.0	169.0	41	8.0	83.0	54.0	0	0	7.338809013366699	64160	5331.227476596832	54299	15.369389027431424	
-525023.5622468034	68.3	9.246575342465754	126.91780821917808	81.3972602739726	-8.929425355779301	802	3795	130	15.0	244.0	155.0	4	8.0	79.0	51.0	0	0	6.221445322036743	64240	5337.448921918869	54365	15.372042341220421	
-600014.2573602172	67.325	9.18421052631579	123.32894736842105	79.1842105263158	-8.929425355779301	803	3799	105	14.0	292.0	184.0	33	8.0	83.0	54.0	0	0	6.441294431686401	64320	5343.890216350555	54430	15.37624378109453	
-550018.913728704	66.45	9.18918918918919	131.45945945945945	84.21621621621621	-8.929425355779301	804	3805	102	14.0	243.0	151.0	32	8.0	85.0	55.0	0	0	6.5777504444122314	64400	5350.467966794968	54496	15.378881987577643	
-500023.3873000635	66.3	9.253333333333334	131.62666666666667	84.49333333333334	-8.929425355779301	805	3810	106	14.0	283.0	183.0	28	8.0	88.0	57.0	0	0	6.404296875	64480	5356.872263669968	54561	15.383064516129025	
-650006.7194494469	67.4875	9.064935064935066	121.63636363636364	77.97402597402598	-8.929425355779301	806	3813	102	15.0	283.0	175.0	32	8.0	90.0	58.0	0	0	6.369565486907959	64560	5363.241829156876	54626	15.387236679058233	
-612524.4465198249	66.8125	9.276315789473685	129.0921052631579	82.8157894736842	-8.929425355779301	807	3817	83	15.0	359.0	229.0	43	8.0	89.0	58.0	0	0	6.712409019470215	64640	5369.954238176346	54695	15.38521039603961	
-537531.8764139852	66.75	9.441558441558442	137.7012987012987	88.0	-8.929425355779301	808	3820	94	14.0	304.0	192.0	40	8.0	91.0	59.0	0	0	6.714120626449585	64720	5376.668358802795	54763	15.384734239802228	
-575018.6050494965	67.275	10.178082191780822	158.3013698630137	100.71232876712328	-8.929425355779301	809	3827	103	17.0	360.0	228.0	28	8.0	91.0	59.0	0	0	6.59251594543457	64800	5383.26087474823	54828	15.388888888888886	
-512530.62471113505	67.6375	9.905405405405405	147.55405405405406	94.14864864864865	-8.929425355779301	810	3833	103	18.0	296.0	188.0	34	8.0	91.0	59.0	0	0	6.906121015548706	64880	5390.166995763779	54897	15.386868064118374	
-562523.781430765	68.5875	9.986301369863014	151.5068493150685	96.63013698630137	-8.929425355779301	811	3840	123	17.0	368.0	234.0	11	8.0	85.0	55.0	0	0	6.70712685585022	64960	5396.874122619629	54963	15.389470443349751	
-600021.0402456576	70.7	9.958333333333334	151.61111111111111	96.5	-8.929425355779301	812	3848	116	17.0	332.0	213.0	18	8.0	87.0	56.0	0	0	6.575249195098877	65040	5403.449371814728	55029	15.392066420664207	
-512526.4348248777	68.45	10.166666666666666	154.88888888888889	98.81944444444444	-8.929425355779301	813	3856	114	17.0	317.0	204.0	18	8.0	79.0	51.0	0	0	7.147700786590576	65120	5410.597072601318	55091	15.400798525798521	
-600030.8734459638	69.3875	9.714285714285714	147.5974025974026	93.94805194805195	-8.929425355779301	814	3859	120	17.0	306.0	197.0	34	8.0	89.0	58.0	0	0	7.058693885803223	65200	5417.655766487122	55161	15.397239263803684	
-562517.6775159187	66.275	9.661971830985916	144.92957746478874	92.25352112676056	-8.929425355779301	815	3868	155	17.0	445.0	284.0	18	8.0	93.0	60.0	0	0	6.433357000350952	65280	5424.0891234874725	55224	15.404411764705884	
-450034.94854766334	69.975	9.191780821917808	131.73972602739727	84.13698630136986	-8.929425355779301	816	3875	160	14.0	295.0	183.0	8	7.0	90.0	58.0	0	0	5.858380556106567	65360	5429.947504043579	55284	15.416156670746645	
-500029.7765178544	71.25	9.430555555555555	134.79166666666666	86.11111111111111	-8.929425355779301	817	3883	155	17.0	317.0	204.0	20	8.0	94.0	61.0	0	0	6.064017295837402	65440	5436.0115213394165	55347	15.423288508557448	
-600020.3101050244	70.1875	9.32	132.14666666666668	84.53333333333333	-8.929425355779301	818	3888	155	14.0	336.0	213.0	27	8.0	88.0	57.0	0	0	7.0319390296936035	65520	5443.04346036911	55415	15.422771672771674	
-650010.866803408	71.675	9.636363636363637	138.19480519480518	88.23376623376623	-8.929425355779301	819	3891	155	14.0	274.0	176.0	6	8.0	83.0	54.0	0	0	7.252907991409302	65600	5450.296368360519	55480	15.426829268292693	
-587517.9389512205	70.3	9.445945945945946	136.0	86.78378378378379	-8.929425355779301	820	3897	155	15.0	284.0	175.0	26	8.0	83.0	54.0	0	0	6.308772563934326	65680	5456.605140924454	55547	15.427831912302068	
-650014.265424303	68.3	9.32394366197183	131.94366197183098	84.36619718309859	-8.929425355779301	821	3906	155	14.0	228.0	147.0	14	8.0	91.0	59.0	0	0	5.917278051376343	65760	5462.52241897583	55611	15.433394160583944	
-525027.2882090748	67.8	9.445945945945946	141.44594594594594	90.20270270270271	-8.929425355779301	822	3912	109	15.0	300.0	186.0	27	8.0	94.0	61.0	0	0	6.8157618045806885	65840	5469.338180780411	55678	15.434386391251522	
-587519.4223954405	67.8625	9.41891891891892	137.74324324324326	87.94594594594595	-8.929425355779301	823	3918	115	14.0	308.0	191.0	29	8.0	94.0	61.0	0	0	6.8135504722595215	65920	5476.15173125267	55744	15.4368932038835	
-625010.9698083639	68.3125	9.273972602739725	131.7945205479452	84.28767123287672	-8.929425355779301	824	3925	110	12.0	280.0	174.0	32	8.0	85.0	55.0	0	0	6.267230749130249	66000	5482.4189620018005	55809	15.440909090909088	
-450018.08387866395	66.975	9.28	131.85333333333332	84.49333333333334	-8.929425355779301	825	3930	98	15.0	293.0	188.0	35	8.0	91.0	59.0	0	0	5.999021768569946	66080	5488.4179837703705	55872	15.447941888619852	
-575024.1982352383	67.7625	8.986486486486486	123.0945945945946	78.98648648648648	-8.929425355779301	826	3936	105	14.0	308.0	191.0	34	8.0	88.0	57.0	0	0	5.7367308139801025	66160	5494.154714584351	55932	15.459492140266022	
-637513.7636244278	68.325	9.054054054054054	125.17567567567568	80.16216216216216	-8.929425355779301	827	3942	103	13.0	312.0	190.0	46	8.0	91.0	59.0	0	0	6.353760719299316	66240	5500.50847530365	55994	15.46799516908213	
-575026.7486730178	67.5	9.77027027027027	144.1891891891892	92.01351351351352	-8.929425355779301	828	3948	102	16.0	315.0	194.0	32	8.0	91.0	59.0	0	0	6.766963958740234	66320	5507.27543926239	56057	15.474969843184567	
-537520.1203824332	67.625	9.222222222222221	131.23611111111111	83.93055555555556	-8.929425355779301	829	3956	116	16.0	229.0	147.0	13	8.0	87.0	56.0	0	0	6.030228137969971	66400	5513.30566740036	56120	15.481927710843365	
-525031.0477878703	68.4875	9.342105263157896	136.89473684210526	87.59210526315789	-8.929425355779301	830	3960	110	15.0	331.0	213.0	33	8.0	91.0	59.0	0	0	6.601111173629761	66480	5519.90677857399	56187	15.482851985559563	
-562520.4713663622	68.95	9.027397260273972	127.21917808219177	81.36986301369863	-8.929425355779301	831	3967	127	13.0	228.0	143.0	7	8.0	94.0	61.0	0	0	5.738173246383667	66560	5525.6449518203735	56248	15.492788461538467	
-575017.1311686717	67.4	8.805555555555555	126.0	80.47222222222223	-8.929425355779301	832	3975	99	14.0	264.0	167.0	63	8.0	88.0	57.0	0	0	5.819882392883301	66640	5531.464834213257	56309	15.502701080432175	
-600024.1715921707	67.0	9.123287671232877	127.27397260273973	81.53424657534246	-8.929425355779301	833	3982	109	13.0	214.0	137.0	25	8.0	94.0	61.0	0	0	6.239209175109863	66720	5537.704043388367	56373	15.50809352517986	
-487546.25189147255	67.0125	9.28	130.70666666666668	83.57333333333334	-8.929425355779301	834	3987	126	13.0	264.0	165.0	9	8.0	88.0	57.0	0	0	6.5485734939575195	66800	5544.252616882324	56438	15.511976047904199	
-500028.2203269528	67.475	9.08	124.30666666666667	79.86666666666666	-8.929425355779301	835	3992	105	14.0	259.0	167.0	29	7.0	74.0	48.0	0	0	5.934284448623657	66880	5550.186901330948	56501	15.518839712918663	
-600021.7747998296	65.9375	9.067567567567568	126.89189189189189	81.28378378378379	-8.929425355779301	836	3998	93	12.0	271.0	166.0	23	8.0	94.0	61.0	0	0	6.230453252792358	66960	5556.41735458374	56565	15.524193548387103	
-575016.5085195102	64.35	9.223880597014926	128.37313432835822	82.32835820895522	-8.929425355779301	837	4011	117	14.0	257.0	158.0	17	8.0	83.0	54.0	0	0	5.253985166549683	67040	5561.67133975029	56620	15.542959427207634	
-562519.9600272985	66.25	9.625	133.19444444444446	85.38888888888889	-8.929425355779301	838	4019	102	19.0	251.0	161.0	31	8.0	89.0	58.0	0	0	5.862049579620361	67120	5567.53338932991	56680	15.554231227651968	
-500021.34330006165	67.1625	8.904109589041095	123.15068493150685	78.98630136986301	-8.929425355779301	839	4026	102	14.0	211.0	136.0	32	8.0	89.0	58.0	0	0	6.163257360458374	67200	5573.696646690369	56745	15.558035714285708	
-587520.4442672589	66.7375	9.202702702702704	129.36486486486487	82.93243243243244	-8.929425355779301	840	4032	104	13.0	261.0	165.0	29	8.0	91.0	59.0	0	0	6.310993671417236	67280	5580.007640361786	56811	15.560344827586206	
-700010.7985190644	68.275	9.36	128.92	82.42666666666666	-8.929425355779301	841	4037	94	16.0	298.0	180.0	40	8.0	85.0	55.0	0	0	6.623676538467407	67360	5586.631316900253	56877	15.562648456057005	
-562522.457040374	68.625	9.144736842105264	129.81578947368422	82.76315789473684	-8.929425355779301	842	4041	100	14.0	309.0	193.0	34	8.0	86.0	56.0	0	0	6.41475772857666	67440	5593.04607462883	56945	15.561981020166073	
-600016.0143369144	68.325	9.315068493150685	135.13698630136986	86.08219178082192	-8.929425355779301	843	4048	123	13.0	253.0	157.0	22	8.0	86.0	56.0	0	0	6.350957870483398	67520	5599.397032499313	57012	15.562796208530798	
-512518.6246591375	66.5875	9.027397260273972	130.5068493150685	83.1917808219178	-8.929425355779301	844	4055	132	13.0	277.0	171.0	2	8.0	88.0	57.0	0	0	6.291105031967163	67600	5605.6881375312805	57073	15.572485207100598	
-687509.6055457697	68.2	9.028169014084508	126.63380281690141	80.94366197183099	-8.929425355779301	845	4064	117	14.0	277.0	171.0	26	8.0	83.0	54.0	0	0	6.52228856086731	67680	5612.210426092148	57138	15.576241134751783	
-562512.2472345742	67.4125	9.276315789473685	133.07894736842104	85.10526315789474	-8.929425355779301	846	4068	88	14.0	270.0	169.0	46	8.0	88.0	57.0	0	0	6.417653799057007	67760	5618.628079891205	57205	15.577036599763872	
-537521.2339764398	67.325	9.19718309859155	128.90140845070422	82.69014084507042	-8.926633463006329	847	4077	98	19.0	417.0	269.0	36	8.0	79.0	51.0	0	0	5.952965021133423	67840	5624.581044912338	57266	15.586674528301899	
-575012.6352330821	67.5	9.094594594594595	126.4054054054054	81.02702702702703	-8.926633463006329	848	4083	117	13.0	229.0	142.0	17	8.0	79.0	51.0	0	0	6.279013156890869	67920	5630.860058069229	57329	15.593345111896355	
-537517.4888608262	66.6375	9.14102564102564	129.37179487179486	82.67948717948718	-8.926633463006329	849	4085	89	14.0	309.0	193.0	45	8.0	88.0	57.0	0	0	6.253472566604614	68000	5637.113530635834	57394	15.597058823529409	
-575016.1884614958	67.1875	9.094594594594595	128.59459459459458	82.33783783783784	-8.926633463006329	850	4091	100	17.0	361.0	232.0	34	7.0	82.0	53.0	0	0	6.047957420349121	68080	5643.161488056183	57458	15.602232667450053	
-487519.5017644238	66.275	9.197368421052632	127.32894736842105	81.51315789473684	-8.926633463006329	851	4095	106	14.0	296.0	185.0	28	8.0	94.0	61.0	0	0	6.206819534301758	68160	5649.368307590485	57525	15.60299295774648	
-587524.3152531735	67.65	9.38888888888889	139.0	88.61111111111111	-8.926633463006329	852	4103	118	13.0	261.0	166.0	16	8.0	83.0	54.0	0	0	6.69665002822876	68240	5656.064957618713	57592	15.603751465416181	
-625016.2336425686	68.8	9.710526315789474	143.6184210526316	91.6842105263158	-8.926633463006329	853	4107	106	15.0	296.0	184.0	30	8.0	94.0	61.0	0	0	7.038171768188477	68320	5663.103129386902	57659	15.604508196721312	
-550019.7541243229	67.3375	9.68918918918919	138.44594594594594	88.28378378378379	-8.926633463006329	854	4113	108	17.0	310.0	191.0	17	8.0	88.0	57.0	0	0	6.52057671546936	68400	5669.623706102371	57727	15.603801169590653	
-512520.6833382567	66.8375	9.373333333333333	132.17333333333335	84.53333333333333	-8.926633463006329	855	4118	87	16.0	310.0	191.0	49	7.0	79.0	51.0	0	0	6.984855890274048	68480	5676.608561992645	57794	15.60455607476635	
-550024.2532488866	67.275	9.430379746835444	135.8227848101266	86.77215189873418	-8.926633463006329	856	4119	95	15.0	306.0	188.0	39	8.0	94.0	61.0	0	0	7.682027816772461	68560	5684.290589809418	57866	15.598016336056006	
-562518.1018267965	67.3375	9.41891891891892	139.97297297297297	89.14864864864865	-8.926633463006329	857	4125	101	16.0	275.0	169.0	33	8.0	91.0	59.0	0	0	6.950479745864868	68640	5691.241069555283	57932	15.600233100233098	
-575014.7264085526	67.3375	9.097222222222221	128.54166666666666	82.29166666666667	-8.926633463006329	858	4133	115	15.0	308.0	193.0	33	7.0	90.0	58.0	0	0	6.153183698654175	68720	5697.394253253937	57997	15.603899883585555	
-600016.9002241355	70.6125	9.078947368421053	125.13157894736842	80.22368421052632	-8.926633463006329	859	4137	123	15.0	212.0	137.0	11	7.0	90.0	58.0	0	0	6.6021997928619385	68800	5703.996453046799	58065	15.603197674418595	
-575011.6797115968	71.825	9.052631578947368	123.90789473684211	79.5657894736842	-8.926633463006329	860	4141	117	15.0	227.0	141.0	46	8.0	89.0	58.0	0	0	7.053337574005127	68880	5711.049790620804	58134	15.601045296167243	
-562521.2208140173	74.825	9.487179487179487	133.66666666666666	85.5	-8.926633463006329	861	4143	115	15.0	269.0	171.0	48	8.0	87.0	56.0	0	0	7.467067241668701	68960	5718.5168578624725	58206	15.594547563805108	
-600015.4308529397	73.3	9.397260273972602	134.46575342465752	85.84931506849315	-8.926633463006329	862	4150	125	14.0	267.0	168.0	30	7.0	74.0	48.0	0	0	6.222336769104004	69040	5724.7391946315765	58268	15.602549246813453	
-612516.4859531695	73.0875	9.337662337662337	131.27272727272728	83.97402597402598	-8.926633463006329	863	4153	115	18.0	370.0	240.0	56	8.0	91.0	59.0	0	0	6.762676239013672	69120	5731.50187087059	58336	15.601851851851862	
-525018.8097572194	68.2375	9.513513513513514	132.02702702702703	84.52702702702703	-8.926633463006329	864	4159	115	15.0	262.0	166.0	24	8.0	91.0	59.0	0	0	6.878713846206665	69200	5738.380584716797	58402	15.604046242774572	
-637509.9738685254	68.6125	9.680555555555555	139.01388888888889	89.06944444444444	-8.926633463006329	865	4167	103	15.0	290.0	181.0	31	8.0	91.0	59.0	0	0	6.245611906051636	69280	5744.6261966228485	58464	15.612009237875284	
-537520.6653874323	69.2625	9.183098591549296	130.8450704225352	83.70422535211267	-8.926633463006329	866	4176	137	15.0	322.0	200.0	8	8.0	88.0	57.0	0	0	6.578120470046997	69360	5751.2043170928955	58527	15.618512110726641	
-575024.5117549596	67.975	9.162162162162161	124.41891891891892	79.78378378378379	-8.926633463006329	867	4182	103	14.0	251.0	154.0	23	8.0	89.0	58.0	0	0	6.9270079135894775	69440	5758.131325006485	58594	15.619239631336399	
-462527.59091750905	67.6375	9.037974683544304	127.0886075949367	81.36708860759494	-8.926633463006329	868	4183	109	14.0	431.0	265.0	26	8.0	85.0	55.0	0	0	6.910680294036865	69520	5765.042005300522	58665	15.61421173762946	
-600014.1493443975	69.075	9.602564102564102	146.47435897435898	93.2948717948718	-8.926633463006329	869	4185	108	16.0	298.0	191.0	38	7.0	79.0	51.0	0	0	7.377592325210571	69600	5772.419597625732	58736	15.609195402298852	
-512530.95155241725	73.4375	9.31081081081081	139.33783783783784	88.6891891891892	-8.926633463006329	870	4191	164	15.0	271.0	172.0	11	7.0	82.0	53.0	0	0	6.529254198074341	69680	5778.948851823807	58802	15.611366245694597	
-600023.5764111679	70.175	9.986842105263158	151.64473684210526	96.71052631578948	-8.926633463006329	871	4195	116	18.0	265.0	171.0	27	8.0	88.0	57.0	0	0	7.2444117069244385	69760	5786.193263530731	58873	15.606364678899084	
-600033.5354974258	67.425	9.828947368421053	149.26315789473685	95.13157894736842	-8.926633463006329	872	4199	116	17.0	323.0	209.0	27	8.0	89.0	58.0	0	0	7.322836637496948	69840	5793.516100168228	58943	15.602806414662084	
-612524.7336193152	67.8375	9.6	138.54666666666665	88.26666666666667	-8.926633463006329	873	4204	116	14.0	260.0	162.0	36	7.0	89.0	58.0	0	0	6.974554777145386	69920	5800.4906549453735	59011	15.602116704805496	
-537524.2893661568	67.7375	9.45945945945946	139.36486486486487	88.70270270270271	-8.926633463006329	874	4210	116	13.0	306.0	190.0	39	8.0	87.0	56.0	0	0	7.201483726501465	70000	5807.692138671875	59078	15.602857142857147	
-612516.6686171729	67.15	9.25974025974026	133.4935064935065	85.48051948051948	-8.926633463006329	875	4213	116	14.0	274.0	176.0	18	7.0	82.0	53.0	0	0	6.735856533050537	70080	5814.4279952049255	59148	15.59931506849314	
-450018.44982850214	66.4	9.037974683544304	126.27848101265823	81.0	-8.926633463006329	876	4214	107	14.0	269.0	166.0	27	8.0	91.0	59.0	0	0	7.500301837921143	70160	5821.928297042847	59222	15.590079817559868	
-587523.8561302889	66.5375	9.04054054054054	125.94594594594595	80.71621621621621	-8.926633463006329	877	4220	94	17.0	380.0	243.0	40	8.0	83.0	54.0	0	0	7.0051751136779785	70240	5828.933472156525	59289	15.590831435079721	
-650013.298706032	66.8375	9.356164383561644	140.64383561643837	89.67123287671232	-8.926633463006329	878	4227	112	17.0	362.0	233.0	22	8.0	89.0	58.0	0	0	7.254983425140381	70320	5836.188455581665	59356	15.59158134243458	
-512526.27203720715	66.8125	9.407894736842104	131.10526315789474	83.96052631578948	-8.926633463006329	879	4231	100	14.0	261.0	159.0	30	8.0	89.0	58.0	0	0	6.7650628089904785	70400	5842.9535183906555	59422	15.59375	
-600012.1685454457	65.1875	9.383561643835616	132.72602739726028	85.04109589041096	-8.926633463006329	880	4238	113	14.0	215.0	139.0	17	8.0	94.0	61.0	0	0	6.394468784332275	70480	5849.347987174988	59488	15.595913734392724	
-525016.5768640669	67.4125	9.460526315789474	132.47368421052633	84.98684210526316	-8.926633463006329	881	4242	106	17.0	300.0	193.0	28	8.0	91.0	59.0	0	0	7.3270299434661865	70560	5856.675017118454	59554	15.598072562358283	
-562516.997775426	66.9625	9.521739130434783	132.34782608695653	84.85507246376811	-8.926633463006329	882	4253	113	15.0	247.0	157.0	21	8.0	90.0	58.0	0	0	6.155205726623535	70640	5862.8302228450775	59616	15.605889014722536	
-525013.0038087982	67.9625	9.486842105263158	134.94736842105263	86.30263157894737	-8.926633463006329	883	4257	113	17.0	332.0	214.0	40	8.0	91.0	59.0	0	0	7.144815683364868	70720	5869.975038528442	59683	15.606617647058812	
-550019.5056002147	67.35	9.453333333333333	132.69333333333333	85.10666666666667	-8.926633463006329	884	4262	112	16.0	301.0	193.0	22	8.0	89.0	58.0	0	0	6.962471008300781	70800	5876.937509536743	59751	15.605932203389827	
-600016.3194590681	66.95	9.36	131.74666666666667	84.38666666666667	-8.926633463006329	885	4267	109	15.0	275.0	174.0	25	8.0	94.0	61.0	0	0	6.815795183181763	70880	5883.753304719925	59817	15.608069977426638	
-525025.4063933588	68.7625	9.573333333333334	140.28	89.74666666666667	-8.926633463006329	886	4272	109	18.0	276.0	176.0	38	7.0	82.0	53.0	0	0	7.18139910697937	70960	5890.934703826904	59884	15.608793686583994	
-500034.1130953161	69.425	9.743243243243244	139.36486486486487	89.17567567567568	-8.926633463006329	887	4278	109	16.0	254.0	165.0	30	8.0	94.0	61.0	0	0	7.2522923946380615	71040	5898.186996221542	59951	15.609515765765764	
-512515.53026062466	67.4	9.58904109589041	132.6027397260274	85.3013698630137	-8.926633463006329	888	4285	109	18.0	272.0	176.0	52	8.0	88.0	57.0	0	0	6.668053388595581	71120	5904.855049610138	60009	15.62289088863892	
-462523.90792175534	67.125	9.025974025974026	127.8961038961039	81.9090909090909	-8.926633463006329	889	4288	109	16.0	258.0	165.0	35	8.0	93.0	60.0	0	0	6.9058825969696045	71200	5911.7609322071075	60076	15.623595505617985	
-462526.8722446832	67.0	9.078947368421053	127.51315789473684	81.38157894736842	-8.926633463006329	890	4292	118	13.0	319.0	195.0	16	8.0	89.0	58.0	0	0	6.754995107650757	71280	5918.515927314758	60141	15.627104377104374	
-625016.4134314337	67.6375	9.333333333333334	133.83333333333334	85.53846153846153	-8.926633463006329	891	4294	118	15.0	341.0	216.0	34	8.0	94.0	61.0	0	0	11.115722417831421	71360	5929.63164973259	60211	15.623598654708516	
-625016.7849549584	67.75	9.179487179487179	131.23076923076923	84.02564102564102	-8.926633463006329	892	4296	118	17.0	391.0	253.0	29	8.0	91.0	59.0	0	0	8.616093873977661	71440	5938.247743606567	60282	15.618701007838737	
-550026.4382814463	66.6875	9.32	135.14666666666668	86.08	-8.926633463006329	893	4301	92	14.0	227.0	141.0	34	7.0	89.0	58.0	0	0	6.935049533843994	71520	5945.182793140411	60350	15.618008948545864	
-587518.6577245344	67.2625	9.333333333333334	140.82666666666665	89.64	-8.926633463006329	894	4306	116	14.0	280.0	177.0	25	8.0	89.0	58.0	0	0	7.250614166259766	71600	5952.433407306671	60416	15.62011173184358	
-550012.864128645	65.65	9.383561643835616	140.73972602739727	89.87671232876713	-8.926633463006329	895	4313	92	13.0	306.0	191.0	25	8.0	90.0	58.0	0	0	6.801510334014893	71680	5959.234917640686	60481	15.623604910714278	
-500031.2580211495	66.7875	9.328947368421053	132.5921052631579	84.86842105263158	-8.926633463006329	896	4317	78	14.0	316.0	193.0	50	8.0	94.0	61.0	0	0	7.1542112827301025	71760	5966.389128923416	60546	15.62709030100335	
-500027.6908117246	66.55	9.466666666666667	143.76	91.48	-8.926633463006329	897	4322	115	14.0	316.0	193.0	19	7.0	82.0	53.0	0	0	7.795501947402954	71840	5974.184630870819	60610	15.631959910913139	
-500021.4831291342	67.425	9.441558441558442	135.7792207792208	86.83116883116882	-8.926633463006329	898	4325	109	18.0	290.0	184.0	23	8.0	94.0	61.0	0	0	7.182331085205078	71920	5981.366961956024	60679	15.629866518353737	
-500018.704801701	66.05	8.986486486486486	125.74324324324324	80.4054054054054	-8.926633463006329	899	4331	128	13.0	227.0	141.0	6	8.0	94.0	61.0	0	0	7.217145204544067	72000	5988.584107160568	60745	15.631944444444443	
-600012.0171036862	67.0	9.131578947368421	128.23684210526315	82.0	-8.926633463006329	900	4335	82	13.0	273.0	170.0	52	8.0	87.0	56.0	0	0	7.161742925643921	72080	5995.745850086212	60816	15.62708102108769	
-525023.1545134258	67.5625	9.316455696202532	135.29113924050634	86.48101265822785	-8.926633463006329	901	4336	98	14.0	316.0	194.0	36	8.0	89.0	58.0	0	0	7.395320177078247	72160	6003.14117026329	60889	15.61945676274945	
-512520.0299081832	66.1375	9.178082191780822	134.56164383561645	85.78082191780823	-8.926633463006329	902	4343	107	13.0	227.0	141.0	27	8.0	80.0	52.0	0	0	6.7159082889556885	72240	6009.857078552246	60953	15.624307862679956	
-512524.4345805688	65.5625	9.472972972972974	138.24324324324326	88.29729729729729	-8.926633463006329	903	4349	87	15.0	376.0	241.0	26	8.0	88.0	57.0	0	0	6.715210199356079	72320	6016.572288751602	61018	15.627765486725664	
-625019.2021817628	66.6625	9.215189873417721	126.31645569620254	81.0126582278481	-8.926633463006329	904	4350	97	14.0	268.0	169.0	37	8.0	85.0	55.0	0	0	7.1070876121521	72400	6023.679376363754	61088	15.62430939226519	
-637511.9309564785	66.4	9.394736842105264	137.07894736842104	87.65789473684211	-8.926633463006329	905	4354	88	14.0	325.0	199.0	37	8.0	87.0	56.0	0	0	6.925095558166504	72480	6030.604471921921	61157	15.622240618101543	
-525025.4487568006	67.0375	9.10958904109589	129.1095890410959	82.61643835616438	-8.926633463006329	906	4361	102	16.0	325.0	205.0	32	8.0	89.0	58.0	0	0	6.524465322494507	72560	6037.128937244415	61221	15.627067254685784	
-575023.3544205864	67.125	9.08108108108108	130.43243243243242	83.43243243243244	-8.926633463006329	907	4367	113	14.0	268.0	167.0	23	8.0	91.0	59.0	0	0	6.559634447097778	72640	6043.688571691513	61283	15.634636563876654	
-525027.2145140951	67.35	8.883116883116884	121.1948051948052	77.74025974025975	-8.926633463006329	908	4370	105	14.0	249.0	157.0	29	8.0	83.0	54.0	0	0	7.408268690109253	72720	6051.096840381622	61352	15.63256325632564	
-475030.9460861765	67.0	9.226666666666667	128.30666666666667	82.12	-8.926633463006329	909	4375	101	15.0	249.0	157.0	33	8.0	91.0	59.0	0	0	7.397456407546997	72800	6058.494296789169	61421	15.63049450549451	
-675009.7260894058	67.0	9.338028169014084	133.45070422535213	85.08450704225352	-8.926633463006329	910	4384	111	15.0	226.0	144.0	23	8.0	87.0	56.0	0	0	7.058255434036255	72880	6065.552552223206	61487	15.632546652030726	
-600011.2453300813	65.5125	9.472222222222221	134.26388888888889	85.65277777777777	-8.926633463006329	911	4392	118	16.0	292.0	184.0	7	8.0	79.0	51.0	0	0	6.6296164989471436	72960	6072.182168722153	61553	15.634594298245617	
-587519.9002149109	64.55	9.830985915492958	139.38028169014083	89.21126760563381	-8.926633463006329	912	4401	108	17.0	227.0	143.0	17	8.0	87.0	56.0	0	0	5.984469413757324	73040	6078.16663813591	61616	15.640744797371312	
-575029.0255990135	68.4375	10.131578947368421	153.89473684210526	98.34210526315789	-8.926633463006329	913	4405	114	19.0	406.0	257.0	26	8.0	94.0	61.0	0	0	7.242813587188721	73120	6085.409451723099	61683	15.641411378555802	
-487531.7172323469	70.5625	9.946666666666667	153.22666666666666	98.04	-8.926633463006329	914	4410	168	24.0	512.0	331.0	13	8.0	94.0	61.0	0	0	6.376800060272217	73200	6091.786251783371	61746	15.64754098360656	
-675016.2043944879	71.9875	9.753246753246753	145.54545454545453	93.1038961038961	-8.926633463006329	915	4413	136	15.0	285.0	182.0	29	8.0	91.0	59.0	0	0	6.6036882400512695	73280	6098.389940023422	61813	15.648198689956331	
-562523.1230159304	67.8625	9.146666666666667	124.64	79.96	-8.926633463006329	916	4418	114	16.0	248.0	160.0	24	8.0	83.0	54.0	0	0	6.902506351470947	73360	6105.292446374893	61877	15.652944383860415	
-462524.39991074894	67.45	9.1125	121.7375	78.1375	-8.926633463006329	917	4418	114	16	221	141	38	8	85	55	0	0	8.24161148071289	73440	6113.534057855606	61948	15.648148148148138	
-575015.0521464621	66.9875	9.051282051282051	118.88461538461539	76.25641025641026	-8.926633463006329	918	4420	100	13.0	211.0	136.0	34	8.0	82.0	53.0	0	0	7.0033392906188965	73520	6120.537397146225	62017	15.646082698585417	
-562519.1661766333	65.5375	9.026315789473685	127.03947368421052	81.07894736842105	-8.926633463006329	919	4424	89	14.0	348.0	209.0	32	8.0	80.0	52.0	0	0	7.252780914306641	73600	6127.790178060532	62084	15.646739130434781	
-612518.6964671634	66.5125	9.453333333333333	135.17333333333335	86.18666666666667	-8.926633463006329	920	4429	105	15.0	306.0	184.0	29	8.0	85.0	55.0	0	0	7.233910799026489	73680	6135.024088859558	62154	15.64332247557003	
-625019.0545965083	67.95	9.746666666666666	151.10666666666665	95.94666666666667	-8.926633463006329	921	4434	120	16.0	334.0	213.0	19	8.0	89.0	58.0	0	0	7.050472974777222	73760	6142.074561834335	62223	15.641268980477221	
-637513.8827467924	71.325	9.935064935064934	153.74025974025975	97.54545454545455	-8.926633463006329	922	4437	114	18.0	427.0	272.0	20	8.0	83.0	54.0	0	0	6.834455728530884	73840	6148.909017562866	62293	15.637865655471302	
-600018.8191937531	70.5875	9.342465753424657	135.013698630137	86.1917808219178	-8.926633463006329	923	4444	124	17.0	324.0	200.0	34	8.0	93.0	60.0	0	0	6.835586071014404	73920	6155.744603633881	62356	15.643939393939405	
-525032.1207754954	65.6375	9.338028169014084	140.45070422535213	89.50704225352112	-8.926633463006329	924	4453	115	13.0	372.0	232.0	19	8.0	91.0	59.0	0	0	6.140685081481934	74000	6161.885288715363	62414	15.656756756756764	
-537523.1932903201	68.2625	9.202702702702704	136.5	86.85135135135135	-8.926633463006329	925	4459	102	15.0	324.0	200.0	32	8.0	91.0	59.0	0	0	7.2171690464019775	74080	6169.1024577617645	62481	15.657397408207345	
-537528.874110867	67.0375	9.03896103896104	130.45454545454547	83.24675324675324	-8.926633463006329	926	4462	95	17.0	302.0	195.0	39	7.0	74.0	48.0	0	0	6.991297960281372	74160	6176.093755722046	62549	15.6566882416397	
-462522.86024742946	67.0	9.448717948717949	139.6153846153846	89.11538461538461	-8.926633463006329	927	4464	96	17.0	290.0	183.0	38	8.0	89.0	58.0	0	0	7.132449388504028	74240	6183.22620511055	62615	15.658674568965509	
-437519.13922586245	67.2	9.253333333333334	132.77333333333334	84.69333333333333	-8.926633463006329	928	4469	98	14.0	274.0	176.0	36	7.0	82.0	53.0	0	0	7.221597909927368	74320	6190.447803020477	62676	15.667384284176535	
-475021.9842870849	67.4	9.24	136.57333333333332	87.2	-8.926633463006329	929	4474	108	14.0	274.0	176.0	26	8.0	94.0	61.0	0	0	6.352295398712158	74400	6196.800098419189	62739	15.673387096774192	
-512519.7008068928	66.4875	9.103896103896103	130.7012987012987	83.42857142857143	-8.926633463006329	930	4477	112	15.0	324.0	197.0	18	8.0	91.0	59.0	0	0	7.055496454238892	74480	6203.855594873428	62807	15.672663802363047	
-575015.606193774	64.6625	9.216216216216216	128.24324324324326	82.02702702702703	-8.926633463006329	931	4483	100	13.0	228.0	141.0	34	8.0	88.0	57.0	0	0	6.978854179382324	74560	6210.834449052811	62870	15.678648068669531	
-512528.8307586628	68.5375	9.236842105263158	126.14473684210526	80.97368421052632	-8.926633463006329	932	4487	100	22.0	498.0	318.0	42	8.0	89.0	58.0	0	0	6.3969480991363525	74640	6217.231397151947	62934	15.68327974276528	
-600015.7562318882	67.5875	9.56578947368421	139.31578947368422	89.1842105263158	-8.926633463006329	933	4491	123	16.0	330.0	213.0	44	7.0	74.0	48.0	0	0	6.6017842292785645	74720	6223.833181381226	63001	15.683886509635968	
-575012.1439846086	65.8625	9.594594594594595	133.7972972972973	86.01351351351352	-8.926633463006329	934	4497	102	15.0	274.0	176.0	32	8.0	94.0	61.0	0	0	6.3342180252075195	74800	6230.167399406433	63057	15.69919786096257	
-487527.8743648139	66.6	9.24	126.53333333333333	81.13333333333334	-8.926633463006329	935	4502	107	14.0	295.0	184.0	27	8.0	88.0	57.0	0	0	6.713855266571045	74880	6236.881254673004	63120	15.705128205128204	
-550011.4802413596	67.45	9.01388888888889	125.22222222222223	80.19444444444444	-8.926633463006329	936	4510	127	17.0	335.0	215.0	24	8.0	91.0	59.0	0	0	6.290370464324951	74960	6243.171625137329	63182	15.712379935965842	
-487515.7056562587	67.0	9.168831168831169	129.37662337662337	82.77922077922078	-8.926633463006329	937	4513	109	14.0	280.0	175.0	25	8.0	88.0	57.0	0	0	7.023299932479858	75040	6250.194925069809	63249	15.71295309168444	
-512515.6660130069	66.725	8.881578947368421	122.94736842105263	78.65789473684211	-8.926633463006329	938	4517	105	13.0	276.0	174.0	29	8.0	79.0	51.0	0	0	7.422998666763306	75120	6257.617923736572	63318	15.71086261980831	
-587518.3267922658	67.0	9.22972972972973	132.59459459459458	84.74324324324324	-8.926633463006329	939	4523	112	16.0	305.0	191.0	22	8.0	90.0	58.0	0	0	6.826800107955933	75200	6264.444723844528	63384	15.712765957446805	
-537521.0863640562	67.225	9.064935064935066	123.01298701298701	78.94805194805195	-8.926633463006329	940	4526	103	14.0	268.0	169.0	48	7.0	74.0	48.0	0	0	7.250457763671875	75280	6271.6951816082	63449	15.715993623804465	
-550019.4142376502	66.875	9.324675324675324	131.45454545454547	83.96103896103897	-8.926633463006329	941	4529	92	15.0	349.0	214.0	45	8.0	85.0	55.0	0	0	7.261695623397827	75360	6278.956877231598	63513	15.720541401273891	
-550022.2201638677	66.2375	9.217948717948717	127.15384615384616	81.35897435897436	-8.926633463006329	942	4531	94	14.0	227.0	141.0	40	8.0	89.0	58.0	0	0	7.293667793273926	75440	6286.250545024872	63584	15.715800636267232	
-550021.7261189035	66.65	9.233766233766234	131.0	83.74025974025975	-8.926633463006329	943	4534	112	13.0	262.0	166.0	22	8.0	89.0	58.0	0	0	7.1621551513671875	75520	6293.412700176239	63653	15.713718220338976	
-600020.6194818288	67.725	9.039473684210526	129.6184210526316	82.78947368421052	-8.926633463006329	944	4538	96	13.0	268.0	167.0	47	7.0	88.0	57.0	0	0	7.053651332855225	75600	6300.466351509094	63716	15.719576719576722	
-437532.8458435894	67.6875	9.5	138.85526315789474	88.61842105263158	-8.926633463006329	945	4542	118	15.0	240.0	150.0	16	8.0	91.0	59.0	0	0	7.7062342166900635	75680	6308.172585725784	63785	15.717494714587744	
-612521.950201932	69.2375	9.205128205128204	131.96153846153845	84.23076923076923	-8.926633463006329	946	4544	127	15.0	283.0	175.0	38	7.0	74.0	48.0	0	0	7.354080438613892	75760	6315.526666164398	63857	15.711457233368535	
-525034.2434793983	67.75	9.586666666666666	134.53333333333333	86.42666666666666	-8.926633463006329	947	4549	157	16.0	243.0	158.0	37	7.0	74.0	48.0	0	0	6.66586971282959	75840	6322.192535877228	63927	15.708069620253156	
-512529.6423459229	67.6125	9.18918918918919	131.32432432432432	84.02702702702703	-8.926633463006329	948	4555	117	13.0	307.0	193.0	17	8.0	91.0	59.0	0	0	6.460384845733643	75920	6328.652920722961	63990	15.71390937829294	
-612512.4152536856	69.5	9.58974358974359	143.1153846153846	91.03846153846153	-8.926633463006329	949	4557	114	15.0	366.0	221.0	20	8.0	79.0	51.0	0	0	7.079290151596069	76000	6335.7322108745575	64056	15.715789473684211	
-500020.6338353253	70.175	9.710526315789474	148.48684210526315	94.25	-8.926633463006329	950	4561	116	15.0	390.0	235.0	33	7.0	74.0	48.0	0	0	7.284565448760986	76080	6343.0167763233185	64123	15.716351209253418	
-587520.2364006232	70.475	9.881578947368421	155.07894736842104	98.44736842105263	-8.926633463006329	951	4565	177	17.0	388.0	248.0	6	8.0	87.0	56.0	0	0	9.207763195037842	76160	6352.224539518356	64192	15.714285714285708	
-537523.7703209278	68.7	9.552631578947368	136.92105263157896	87.64473684210526	-8.926633463006329	952	4569	94	17.0	294.0	190.0	40	8.0	89.0	58.0	0	0	8.98566722869873	76240	6361.210206747055	64259	15.714847848898216	
-437556.1462441456	66.925	9.58904109589041	139.94520547945206	89.04109589041096	-8.926633463006329	953	4576	119	16.0	297.0	186.0	15	8.0	89.0	58.0	0	0	7.919413328170776	76320	6369.129620075226	64324	15.718029350104828	
-475022.6976538541	69.5625	9.657142857142857	142.8	91.01428571428572	-8.926633463006329	954	4586	121	16.0	362.0	232.0	15	8.0	88.0	57.0	0	0	10.002035140991211	76400	6379.131655216217	64385	15.726439790575924	
-500013.33961229865	68.425	9.466666666666667	130.48	83.66666666666667	-8.926633463006329	955	4591	119	16.0	238.0	151.0	34	8.0	94.0	61.0	0	0	9.956797122955322	76480	6389.088452339172	64451	15.728294979079493	
-487523.7496430522	71.3875	9.093333333333334	128.22666666666666	81.96	-8.926633463006329	956	4596	119	13.0	268.0	169.0	8	8.0	88.0	57.0	0	0	7.769155979156494	76560	6396.857608318329	64518	15.728840125391855	
-562512.7796735172	68.875	9.094594594594595	128.86486486486487	82.39189189189189	-8.926633463006329	957	4602	114	13.0	227.0	141.0	20	8.0	94.0	61.0	0	0	7.363246917724609	76640	6404.2208552360535	64584	15.730688935281833	
-587512.6861799469	68.6	9.472972972972974	138.09459459459458	88.06756756756756	-8.926633463006329	958	4608	139	15.0	227.0	141.0	26	8.0	89.0	58.0	0	0	7.126834869384766	76720	6411.347690105438	64646	15.73774765380604	
-550022.8743938368	67.15	9.68	142.22666666666666	90.73333333333333	-8.926633463006329	959	4613	111	15.0	295.0	189.0	23	8.0	94.0	61.0	0	0	7.176428556442261	76800	6418.5241186618805	64712	15.739583333333329	
-575012.9852385379	66.8875	9.144736842105264	132.0	84.1842105263158	-8.926633463006329	960	4617	92	14.0	279.0	176.0	40	8.0	90.0	58.0	0	0	6.87949013710022	76880	6425.403608798981	64776	15.744016649323626	
-587516.9138952193	66.8875	9.053333333333333	129.18666666666667	82.64	-8.926633463006329	961	4622	107	14.0	230.0	141.0	27	8.0	91.0	59.0	0	0	6.369848012924194	76960	6431.773456811905	64838	15.7510395010395	
-550016.8157513147	66.9625	8.947368421052632	127.82894736842105	81.73684210526316	-8.926633463006329	962	4626	114	15.0	227.0	141.0	20	8.0	89.0	58.0	0	0	6.7009804248809814	77040	6438.474437236786	64903	15.754153686396677	
-500032.1291245686	66.6625	9.075949367088608	131.9873417721519	84.18987341772151	-8.926633463006329	963	4627	93	13.0	303.0	186.0	41	8.0	89.0	58.0	0	0	7.139719724655151	77120	6445.614156961441	64973	15.750778008298767	
-562513.4357003251	66.95	9.078947368421053	127.77631578947368	81.82894736842105	-8.926633463006329	964	4631	111	14.0	292.0	184.0	23	8.0	84.0	54.0	0	0	8.613322257995605	77200	6454.227479219437	65042	15.748704663212436	
-587519.4487160426	68.65	9.11111111111111	129.08333333333334	82.68055555555556	-8.926633463006329	965	4639	111	14.0	256.0	162.0	30	8.0	88.0	57.0	0	0	8.983305931091309	77280	6463.210785150528	65107	15.751811594202906	
-475025.37117045076	67.7375	9.368421052631579	129.81578947368422	83.32894736842105	-8.926633463006329	966	4643	111	16.0	264.0	166.0	29	7.0	90.0	58.0	0	0	10.173700094223022	77360	6473.384485244751	65176	15.749741468459149	
-537532.1679710492	66.95	9.215189873417721	131.16455696202533	83.79746835443038	-8.926633463006329	967	4644	92	13.0	276.0	167.0	42	8.0	87.0	56.0	0	0	7.240715026855469	77440	6480.625200271606	65245	15.747675619834709	
-550029.3661426423	66.9	9.432432432432432	135.86486486486487	86.94594594594595	-8.926633463006329	968	4650	113	17.0	301.0	187.0	21	8.0	87.0	56.0	0	0	7.189328193664551	77520	6487.814528465271	65307	15.754643962848306	
-587520.41918544	67.3375	9.25	136.04166666666666	87.0	-8.926633463006329	969	4658	109	14.0	312.0	195.0	25	8.0	94.0	61.0	0	0	7.286129951477051	77600	6495.100658416748	65371	15.75902061855669	
-450027.76162898587	66.8125	9.213333333333333	136.44	86.90666666666667	-8.926633463006329	970	4663	102	14.0	302.0	191.0	32	8.0	79.0	51.0	0	0	6.2869791984558105	77680	6501.387637615204	65434	15.76467559217302	
-575013.340885007	68.3375	9.441558441558442	135.8181818181818	86.63636363636364	-8.926633463006329	971	4666	108	15.0	313.0	195.0	26	8.0	87.0	56.0	0	0	7.653013467788696	77760	6509.040651082993	65501	15.765174897119337	
-525023.3024301967	67.1625	9.356164383561644	135.3835616438356	86.52054794520548	-8.926633463006329	972	4673	98	13.0	313.0	191.0	36	8.0	93.0	60.0	0	0	6.754956007003784	77840	6515.795607089996	65566	15.768242548818094	
-475013.3795697893	68.1625	9.320512820512821	132.96153846153845	85.33333333333333	-8.926633463006329	973	4675	98	16.0	313.0	200.0	41	8.0	94.0	61.0	0	0	8.865004777908325	77920	6524.660611867905	65635	15.766170431211506	
-537512.7806666382	67.775	9.397435897435898	132.93589743589743	85.17948717948718	-8.926633463006329	974	4677	98	15.0	296.0	184.0	44	8.0	91.0	59.0	0	0	7.476223945617676	78000	6532.136835813522	65702	15.766666666666666	
-537519.0400034043	67.45	9.342105263157896	129.23684210526315	82.78947368421052	-8.926633463006329	975	4681	98	17.0	211.0	136.0	48	8.0	89.0	58.0	0	0	6.575707912445068	78080	6538.712543725967	65767	15.769723360655746	
-525018.8565935806	67.0	8.923076923076923	122.14102564102564	78.2948717948718	-8.926633463006329	976	4683	92	15.0	304.0	186.0	42	8.0	87.0	56.0	0	0	6.940324544906616	78160	6545.652868270874	65835	15.768935516888433	
-550019.7197482486	66.975	9.240506329113924	127.32911392405063	81.51898734177215	-8.926633463006329	977	4684	102	15.0	265.0	162.0	32	8.0	80.0	52.0	0	0	7.20621919631958	78240	6552.859087467194	65900	15.7719836400818	
-425016.5879460376	67.1125	9.116883116883116	129.4025974025974	82.76623376623377	-8.926633463006329	978	4687	102	15.0	309.0	193.0	52	8.0	89.0	58.0	0	0	7.147321462631226	78320	6560.006408929825	65965	15.775025536261495	
-500021.7156321194	67.0	9.168831168831169	137.02597402597402	87.36363636363636	-8.926633463006329	979	4690	105	14.0	319.0	195.0	33	8.0	87.0	56.0	0	0	6.874948024749756	78400	6566.881356954575	66031	15.776785714285708	
-550014.5708791919	67.7375	9.1	132.3625	84.4375	-8.926633463006329	980	4690	86	14	441	277	49	8	87	56	0	0	8.35916018486023	78480	6575.240517139435	66106	15.767074413863398	
-462525.2896948153	67.4875	9.25974025974026	123.76623376623377	79.3896103896104	-8.926633463006329	981	4693	80	14.0	270.0	165.0	54	8.0	79.0	51.0	0	0	7.022619962692261	78560	6582.263137102127	66173	15.767566191446022	
-575024.0784997217	67.3	9.240506329113924	124.37974683544304	79.9113924050633	-8.926633463006329	982	4694	100	15.0	246.0	156.0	43	7.0	88.0	57.0	0	0	6.746692657470703	78640	6589.009829759598	66241	15.76678535096643	
-437519.40970769164	65.475	9.226666666666667	132.13333333333333	84.64	-8.926633463006329	983	4699	102	17.0	271.0	177.0	17	8.0	87.0	56.0	0	0	6.094785928726196	78720	6595.104615688324	66301	15.776168699186982	
-537520.4584793884	68.7375	9.397435897435898	135.53846153846155	86.62820512820512	-8.926633463006329	984	4701	108	15.0	271.0	174.0	40	8.0	91.0	59.0	0	0	6.784313917160034	78800	6601.888929605484	66369	15.775380710659903	
-525027.1806133561	67.75	9.44	137.06666666666666	87.61333333333333	-8.926633463006329	985	4706	113	16.0	281.0	181.0	22	8.0	89.0	58.0	0	0	7.161450386047363	78880	6609.050379991531	66437	15.774594320486813	
-612509.9227409991	69.775	9.263157894736842	135.5921052631579	86.67105263157895	-8.926633463006329	986	4710	129	15.0	301.0	191.0	22	8.0	87.0	56.0	0	0	7.506211280822754	78960	6616.556591272354	66503	15.77634245187437	
-525025.5120651315	70.6375	9.58108108108108	142.63513513513513	91.05405405405405	-8.926633463006329	987	4716	117	17.0	301.0	191.0	22	8.0	94.0	61.0	0	0	7.600344896316528	79040	6624.156936168671	66570	15.776821862348172	
-412525.86828012357	73.925	9.628205128205128	140.69230769230768	89.96153846153847	-8.926633463006329	988	4718	126	16.0	332.0	214.0	26	8.0	86.0	56.0	0	0	7.234848976135254	79120	6631.391785144806	66633	15.782355915065722	
-587517.891686069	71.8875	9.513157894736842	141.10526315789474	89.89473684210526	-8.926633463006329	989	4722	126	17.0	282.0	179.0	25	8.0	91.0	59.0	0	0	6.730328559875488	79200	6638.122113704681	66698	15.785353535353536	
-562516.2712207106	70.125	9.453333333333333	138.57333333333332	88.33333333333333	-8.926633463006329	990	4727	118	18.0	373.0	235.0	16	8.0	83.0	54.0	0	0	6.538206577301025	79280	6644.660320281982	66761	15.790867810292625	
-525022.3278990963	69.45	9.105263157894736	131.44736842105263	83.86842105263158	-8.926633463006329	991	4731	121	17.0	386.0	248.0	35	8.0	88.0	57.0	0	0	7.272665023803711	79360	6651.932985305786	66828	15.791330645161295	
-575011.4408678727	68.05	9.226666666666667	135.0	86.13333333333334	-8.926633463006329	992	4736	109	17.0	294.0	190.0	25	8.0	85.0	55.0	0	0	6.9937903881073	79440	6658.926775693893	66895	15.791792547834845	
-512522.1275447133	67.175	9.106666666666667	124.94666666666667	79.97333333333333	-8.926633463006329	993	4741	111	13.0	208.0	132.0	23	8.0	85.0	55.0	0	0	6.541153430938721	79520	6665.467929124832	66959	15.79602615694165	
-512523.99005624524	68.375	8.971428571428572	122.22857142857143	78.42857142857143	-8.926633463006329	994	4751	106	14.0	220.0	140.0	28	8.0	94.0	61.0	0	0	5.600174427032471	79600	6671.068103551865	67014	15.811557788944725	
-612519.9034119465	68.25	9.216216216216216	131.13513513513513	83.94594594594595	-8.926633463006329	995	4757	106	15.0	432.0	264.0	29	7.0	89.0	58.0	0	0	6.828810691833496	79680	6677.896914243698	67079	15.814508032128515	
-487518.7986737754	69.1375	9.460526315789474	137.67105263157896	87.9342105263158	-8.926633463006329	996	4761	106	16.0	330.0	204.0	18	7.0	89.0	58.0	0	0	7.439481973648071	79760	6685.336396217346	67148	15.81243731193581	
-475015.94993631355	68.925	9.376623376623376	137.28571428571428	87.3896103896104	-8.926633463006329	997	4764	108	16.0	308.0	187.0	26	7.0	89.0	58.0	0	0	7.196500778198242	79840	6692.532896995544	67212	15.81663326653306	
-512515.96192468517	70.4375	9.090909090909092	132.03896103896105	84.1038961038961	-8.926633463006329	998	4767	113	14.0	277.0	177.0	21	7.0	82.0	53.0	0	0	11.017746448516846	79920	6703.550643444061	67283	15.812062062062054	
-550025.1345173728	73.8125	9.381578947368421	132.18421052631578	84.38157894736842	-8.926633463006329	999	4771	113	17.0	296.0	190.0	28	8.0	83.0	54.0	0	0	9.140601873397827	80000	6712.691245317459	67351	15.811250000000001	
-550016.3576756704	69.1375	9.592105263157896	131.46052631578948	84.14473684210526	-8.926633463006329	1000	4775	102	18.0	296.0	190.0	28	8.0	89.0	58.0	0	0	6.888305902481079	80080	6719.57955121994	67415	15.815434565434558	
-475030.6120731685	71.35	9.266666666666667	129.76	82.93333333333334	-8.926633463006329	1001	4780	117	15.0	308.0	197.0	36	8.0	94.0	61.0	0	0	6.799739360809326	80160	6726.3792905807495	67482	15.81586826347305	
-612506.8936511104	67.6625	9.171052631578947	133.1315789473684	84.90789473684211	-8.926633463006329	1002	4784	117	16.0	305.0	191.0	39	8.0	89.0	58.0	0	0	6.680415391921997	80240	6733.0597059726715	67546	15.820039880358934	
-562522.7529276548	67.4875	9.123287671232877	133.32876712328766	85.0	-8.926633463006329	1003	4791	117	16.0	278.0	172.0	30	7.0	82.0	53.0	0	0	6.897016525268555	80320	6739.95672249794	67614	15.819223107569726	
-512528.5056451329	68.0875	9.273972602739725	132.65753424657535	84.6986301369863	-8.926633463006329	1004	4798	114	15.0	278.0	181.0	22	8.0	88.0	57.0	0	0	6.91511344909668	80400	6746.871835947037	67681	15.819651741293526	
-587517.2113736763	68.6875	9.723684210526315	148.32894736842104	94.3157894736842	-8.926633463006329	1005	4802	138	17.0	312.0	195.0	23	8.0	83.0	54.0	0	0	7.917060613632202	80480	6754.788896560669	67749	15.818836978131216	
-625022.9448522157	70.2875	9.783783783783784	148.8918918918919	94.83783783783784	-8.926633463006329	1006	4808	137	17.0	344.0	221.0	4	8.0	83.0	54.0	0	0	7.2956554889678955	80560	6762.084552049637	67815	15.820506454816282	
-512539.27640076383	68.0875	9.506666666666666	143.30666666666667	90.94666666666667	-8.926633463006329	1007	4813	120	17.0	344.0	221.0	14	7.0	82.0	53.0	0	0	7.725102424621582	80640	6769.809654474258	67882	15.820932539682545	
-525019.2807229208	69.2125	8.95890410958904	121.45205479452055	77.82191780821918	-8.926633463006329	1008	4820	120	13.0	237.0	151.0	19	7.0	74.0	48.0	0	0	6.221512317657471	80720	6776.031166791916	67945	15.826313181367695	
-537518.5298192052	69.7125	9.12	127.86666666666666	81.76	-8.926633463006329	1009	4825	131	13.0	228.0	147.0	38	8.0	83.0	54.0	0	0	6.7514328956604	80800	6782.782599687576	68008	15.831683168316829	
-600028.6916609947	68.2875	9.178082191780822	131.986301369863	84.20547945205479	-8.926633463006329	1010	4832	124	13.0	230.0	145.0	9	8.0	85.0	55.0	0	0	6.766019105911255	80880	6789.548618793488	68072	15.835806132542046	
-625013.670348279	67.825	9.306666666666667	137.4	87.58666666666667	-8.926633463006329	1011	4837	123	14.0	324.0	205.0	11	8.0	87.0	56.0	0	0	7.982635974884033	80960	6797.531254768372	68140	15.834980237154156	
-612519.8480799844	71.475	9.397260273972602	133.6986301369863	85.15068493150685	-8.926633463006329	1012	4844	139	15.0	313.0	190.0	30	8.0	85.0	55.0	0	0	7.783003568649292	81040	6805.314258337021	68205	15.83785784797631	
-500019.4112627244	70.575	9.333333333333334	134.84722222222223	85.79166666666667	-8.926633463006329	1013	4852	131	15.0	289.0	178.0	27	8.0	89.0	58.0	0	0	7.375320672988892	81120	6812.68957901001	68267	15.844428007889547	
-500016.59868327936	67.2875	9.08	127.97333333333333	81.93333333333334	-8.926633463006329	1014	4857	123	15.0	228.0	141.0	11	7.0	90.0	58.0	0	0	7.9397501945495605	81200	6820.629329204559	68332	15.847290640394078	
-612514.0442401549	68.4	9.18421052631579	136.5921052631579	87.05263157894737	-8.926633463006329	1015	4861	112	15.0	305.0	191.0	26	8.0	89.0	58.0	0	0	9.550280570983887	81280	6830.179609775543	68401	15.845226377952756	
-525017.2227860702	72.55	9.263157894736842	139.81578947368422	88.88157894736842	-8.926633463006329	1016	4865	131	15.0	297.0	184.0	50	8.0	88.0	57.0	0	0	8.96405816078186	81360	6839.143667936325	68471	15.84193706981317	
-625012.583841848	69.6	9.289473684210526	130.80263157894737	83.72368421052632	-8.926633463006329	1017	4869	152	15.0	301.0	193.0	27	8.0	94.0	61.0	0	0	7.356255054473877	81440	6846.499922990799	68534	15.84724950884086	
-487515.7338786356	70.125	9.026666666666667	130.16	83.06666666666666	-8.926633463006329	1018	4874	149	17.0	309.0	193.0	21	8.0	85.0	55.0	0	0	8.393531084060669	81520	6854.89345407486	68600	15.848871442590777	
-562521.5611808127	67.525	9.333333333333334	132.23076923076923	84.76923076923077	-8.926633463006329	1019	4876	104	17.0	332.0	214.0	30	8.0	94.0	61.0	0	0	7.630452632904053	81600	6862.523906707764	68667	15.849264705882348	
-487533.26286039484	66.55	9.25974025974026	135.2987012987013	86.48051948051948	-8.926633463006329	1020	4879	111	14.0	281.0	179.0	23	8.0	83.0	54.0	0	0	7.078687906265259	81680	6869.602594614029	68735	15.84843290891284	
-575030.6153258095	67.4	9.615384615384615	143.65384615384616	91.71794871794872	-8.926633463006329	1021	4881	104	14.0	314.0	198.0	30	7.0	82.0	53.0	0	0	8.89785099029541	81760	6878.500445604324	68806	15.843933463796475	
-562525.2153085044	67.2	9.289473684210526	132.3684210526316	84.5657894736842	-8.926633463006329	1022	4885	89	14.0	295.0	184.0	45	8.0	87.0	56.0	0	0	8.379161834716797	81840	6886.879607439041	68872	15.845552297165199	
-612516.9111480499	69.35	9.56578947368421	134.17105263157896	86.07894736842105	-8.926633463006329	1023	4889	108	16.0	271.0	170.0	26	8.0	91.0	59.0	0	0	7.782232761383057	81920	6894.661840200424	68940	15.8447265625	
-650014.654125666	68.2875	9.756756756756756	140.04054054054055	89.41891891891892	-8.926633463006329	1024	4895	113	16.0	306.0	197.0	21	8.0	93.0	60.0	0	0	7.695636034011841	82000	6902.357476234436	69008	15.84390243902439	
-575025.9448530392	66.6875	9.552631578947368	138.31578947368422	88.3157894736842	-8.926633463006329	1025	4899	117	14.0	335.0	205.0	41	8.0	79.0	51.0	0	0	7.319737672805786	82080	6909.677213907242	69075	15.844298245614027	
-562533.7456546377	66.1625	9.9	142.05714285714285	90.81428571428572	-8.926633463006329	1026	4909	115	16.0	329.0	209.0	24	8.0	85.0	55.0	0	0	7.240509986877441	82160	6916.917723894119	69137	15.85077896786757	
-475045.02390301786	64.45	9.41891891891892	135.77027027027026	86.62162162162163	-8.926633463006329	1027	4915	108	14.0	277.0	173.0	24	8.0	87.0	56.0	0	0	7.219259738922119	82240	6924.136983633041	69202	15.853599221789878	
-525017.9351487119	65.825	9.2125	135.725	86.4875	-8.926633463006329	1028	4915	87	14	227	141	26	7	90	58	0	0	8.527968168258667	82320	6932.6649518013	69272	15.850340136054413	
-612512.7768980872	66.6125	9.171052631578947	127.85526315789474	81.82894736842105	-8.926633463006329	1029	4919	122	13.0	234.0	151.0	12	8.0	88.0	57.0	0	0	7.484467506408691	82400	6940.149419307709	69336	15.854368932038838	
-575013.3325727114	69.05	9.307692307692308	133.28205128205127	85.15384615384616	-8.926633463006329	1030	4921	122	16.0	305.0	191.0	51	8.0	89.0	58.0	0	0	8.842796802520752	82480	6948.9922161102295	69406	15.851115421920468	
-612509.1151777271	68.225	9.394736842105264	132.72368421052633	84.85526315789474	-8.926633463006329	1031	4925	162	15.0	286.0	181.0	27	8.0	87.0	56.0	0	0	7.435353994369507	82560	6956.427570104599	69470	15.855135658914733	
-550018.5672220939	67.0	9.066666666666666	124.53333333333333	79.76	-8.926633463006329	1032	4930	105	13.0	249.0	156.0	29	8.0	91.0	59.0	0	0	8.007132530212402	82640	6964.434702634811	69537	15.855517909002899	
-600021.104652585	66.6375	9.236842105263158	132.06578947368422	84.60526315789474	-8.926633463006329	1033	4934	77	14.0	274.0	176.0	49	8.0	83.0	54.0	0	0	7.5306313037872314	82720	6971.965333938599	69602	15.858317214700193	
-637520.871290251	66.9	9.64935064935065	136.19480519480518	87.27272727272727	-8.926633463006329	1034	4937	114	17.0	252.0	155.0	20	8.0	79.0	51.0	0	0	7.718296051025391	82800	6979.683629989624	69670	15.857487922705317	
-587516.7008954546	67.4125	8.868421052631579	121.5657894736842	77.84210526315789	-8.926633463006329	1035	4941	107	14.0	245.0	154.0	34	8.0	80.0	52.0	0	0	7.694836139678955	82880	6987.378466129303	69733	15.862693050193059	
-637520.2191039342	67.15	9.146666666666667	127.16	81.34666666666666	-8.926633463006329	1036	4946	101	17.0	300.0	188.0	33	8.0	94.0	61.0	0	0	7.84440541267395	82960	6995.222871541977	69800	15.863066538090635	
-600026.744522892	66.4375	9.144736842105264	128.97368421052633	82.5	-8.926633463006329	1037	4950	102	15.0	262.0	163.0	33	8.0	94.0	61.0	0	0	7.395039796829224	83040	7002.617911338806	69867	15.863439306358387	
-537513.909728542	67.525	9.631578947368421	143.03947368421052	91.0	-8.926633463006329	1038	4954	106	16.0	286.0	179.0	40	8.0	88.0	57.0	0	0	8.034430980682373	83120	7010.6523423194885	69935	15.862608277189608	
-525014.9500485074	66.4125	9.171052631578947	132.14473684210526	84.3157894736842	-8.926633463006329	1039	4958	121	15.0	305.0	187.0	13	8.0	91.0	59.0	0	0	7.924843072891235	83200	7018.57718539238	70004	15.86057692307692	
-462525.93417226087	68.4625	9.128205128205128	129.5	82.78205128205128	-8.926633463006329	1040	4960	121	14.0	294.0	182.0	16	8.0	85.0	55.0	0	0	7.710474014282227	83280	7026.287659406662	70072	15.859750240153701	
-562514.8305437645	67.0375	9.27027027027027	136.13513513513513	87.10810810810811	-8.926633463006329	1041	4966	93	17.0	370.0	235.0	41	7.0	82.0	53.0	0	0	7.4452056884765625	83360	7033.732865095139	70136	15.863723608445298	
-562516.5124336586	66.15	9.391891891891891	133.28378378378378	85.27027027027027	-8.926633463006329	1042	4972	113	16.0	311.0	195.0	21	8.0	85.0	55.0	0	0	9.010361433029175	83440	7042.743226528168	70196	15.872483221476514	
-475028.6672938507	69.5875	9.346153846153847	133.55128205128204	85.32051282051282	-8.926633463006329	1043	4974	107	16.0	333.0	203.0	27	8.0	85.0	55.0	0	0	9.176759004592896	83520	7051.919985532761	70262	15.874042145593876	
-462533.05229112384	69.4625	9.546666666666667	140.94666666666666	89.74666666666667	-8.926633463006329	1044	4979	102	16.0	310.0	198.0	32	8.0	85.0	55.0	0	0	8.834028720855713	83600	7060.754014253616	70331	15.872009569377994	
-512522.71188970155	72.0	9.265822784810126	131.54430379746836	83.92405063291139	-8.926633463006329	1045	4980	102	13.0	307.0	191.0	40	8.0	85.0	55.0	0	0	9.439803123474121	83680	7070.19381737709	70402	15.867590822179736	
-600014.2694453268	67.025	9.04054054054054	124.83783783783784	79.77027027027027	-8.926633463006329	1046	4986	113	14.0	238.0	149.0	21	8.0	80.0	52.0	0	0	8.773389101028442	83760	7078.967206478119	70464	15.873925501432666	
-612517.0343613529	67.8375	9.026315789473685	123.0657894736842	78.73684210526316	-8.926633463006329	1047	4990	108	14.0	264.0	170.0	42	8.0	80.0	52.0	0	0	8.716630697250366	83840	7087.683837175369	70527	15.879055343511453	
-575019.8445734509	64.7375	9.14864864864865	134.0	85.37837837837837	-8.926633463006329	1048	4996	106	14.0	295.0	187.0	7	8.0	85.0	55.0	0	0	8.517397165298462	83920	7096.201234340668	70588	15.886558627264051	
-562526.1536725631	64.9375	8.887323943661972	122.08450704225352	78.11267605633803	-8.926633463006329	1049	5005	120	13.0	295.0	181.0	18	8.0	80.0	52.0	0	0	8.07877492904663	84000	7104.280009269714	70647	15.896428571428572	
-575026.5967728854	71.175	9.082191780821917	126.27397260273973	80.67123287671232	-8.926633463006329	1050	5012	127	13.0	227.0	141.0	26	8.0	79.0	51.0	0	0	7.175805330276489	84080	7111.455814599991	70710	15.901522359657477	
-525030.1881424845	65.6875	9.297297297297296	128.2027027027027	82.10810810810811	-8.926633463006329	1051	5018	103	16.0	300.0	186.0	39	7.0	80.0	52.0	0	0	7.210839033126831	84160	7118.666653633118	70774	15.90541825095056	
-450020.03063047706	65.775	8.9875	124.6375	79.9125	-8.926633463006329	1052	5018	82	14	290	184	46	7	80	52	0	0	9.314078330993652	84240	7127.980731964111	70838	15.90930674264007	
-512513.0797983001	65.6875	9.097222222222221	131.29166666666666	83.90277777777777	-8.926633463006329	1053	5026	98	14.0	253.0	157.0	28	7.0	82.0	53.0	0	0	7.208477973937988	84320	7135.189209938049	70900	15.915559772296021	
-412526.01665750524	69.15	9.36	136.18666666666667	86.88	-8.926633463006329	1054	5031	138	14.0	318.0	199.0	14	8.0	94.0	61.0	0	0	7.1214516162872314	84400	7142.310661554337	70964	15.919431279620852	
-525027.5563500162	68.0875	8.930555555555555	129.77777777777777	82.76388888888889	-8.926633463006329	1055	5039	138	14.0	293.0	184.0	12	8.0	91.0	59.0	0	0	7.461114406585693	84480	7149.771775960922	71025	15.926846590909093	
-550020.7521958667	66.3125	9.232876712328768	134.93150684931507	85.93150684931507	-8.926633463006329	1056	5046	106	17.0	295.0	181.0	12	8.0	85.0	55.0	0	0	7.851083517074585	84560	7157.622859477997	71089	15.930700094607374	
-625022.0596868026	67.6875	9.8	147.49333333333334	93.86666666666666	-8.926633463006329	1057	5051	116	14.0	274.0	176.0	30	8.0	79.0	51.0	0	0	7.903149366378784	84640	7165.526008844376	71158	15.928638941398859	
-500022.4701534862	69.7375	9.386666666666667	138.05333333333334	87.81333333333333	-8.926633463006329	1058	5056	118	14.0	243.0	158.0	24	8.0	79.0	51.0	0	0	7.642856597900391	84720	7173.168865442276	71224	15.930122757318216	
-437519.2667752214	74.55	9.454545454545455	133.12987012987014	85.11688311688312	-8.926633463006329	1059	5059	138	17.0	295.0	182.0	30	7.0	82.0	53.0	0	0	7.875927686691284	84800	7181.044793128967	71292	15.929245283018872	
-512526.7323308155	77.1	9.63888888888889	145.68055555555554	92.66666666666667	-8.926633463006329	1060	5067	134	15.0	287.0	176.0	17	7.0	82.0	53.0	0	0	10.624394416809082	84880	7191.669187545776	71357	15.93190386427898	
-550015.7141364843	77.4875	9.386666666666667	133.33333333333334	85.06666666666666	-8.926633463006329	1061	5072	134	14.0	230.0	148.0	17	7.0	82.0	53.0	0	0	11.031238555908203	84960	7202.700426101685	71423	15.933380414312609	
-537526.001826328	75.525	9.186666666666667	130.42666666666668	83.4	-8.926633463006329	1062	5077	134	14.0	211.0	134.0	34	8.0	94.0	61.0	0	0	8.976550579071045	85040	7211.676976680756	71490	15.93367826904985	
-512525.2236233946	72.65	9.324675324675324	129.45454545454547	83.01298701298701	-8.926633463006329	1063	5080	137	15.0	267.0	166.0	32	8.0	94.0	61.0	0	0	8.960851430892944	85120	7220.637828111649	71557	15.933975563909769	
-562514.8760118686	67.65	9.181818181818182	124.96103896103897	80.14285714285714	-8.926633463006329	1064	5083	113	15.0	306.0	196.0	28	8.0	88.0	57.0	0	0	7.979021072387695	85200	7228.616849184036	71624	15.934272300469488	
-562521.5844928122	68.7375	9.675324675324676	135.2077922077922	86.54545454545455	-8.926633463006329	1065	5086	141	14.0	270.0	171.0	20	7.0	90.0	58.0	0	0	8.69368577003479	85280	7237.310534954071	71694	15.931050656660418	
-637523.2415154931	72.075	9.605263157894736	135.1315789473684	86.48684210526316	-8.926633463006329	1066	5090	141	15.0	279.0	175.0	32	8.0	91.0	59.0	0	0	7.9381396770477295	85360	7245.248674631119	71760	15.932521087160268	
-562524.6356599531	73.7625	9.546666666666667	137.32	87.52	-8.926633463006329	1067	5095	124	15.0	323.0	196.0	38	8.0	91.0	59.0	0	0	8.208870887756348	85440	7253.457545518875	71826	15.933988764044955	
-475020.20756808016	73.2625	9.01388888888889	122.16666666666667	78.31944444444444	-8.926633463006329	1068	5103	124	13.0	233.0	143.0	23	7.0	90.0	58.0	0	0	6.9842915534973145	85520	7260.441837072372	71886	15.942469597754922	
-462525.90436431515	72.2375	9.413333333333334	135.17333333333335	86.44	-8.926633463006329	1069	5108	124	16.0	366.0	237.0	28	8.0	89.0	58.0	0	0	9.113840341567993	85600	7269.55567741394	71951	15.945093457943926	
-525032.3889402549	71.3625	9.5	137.69736842105263	87.89473684210526	-8.926633463006329	1070	5112	139	14.0	262.0	166.0	25	8.0	94.0	61.0	0	0	16.008888721466064	85680	7285.5645661354065	72015	15.948879551820724	
-575018.9692655678	72.45	9.438356164383562	132.6986301369863	84.84931506849315	-8.926633463006329	1071	5119	144	14.0	269.0	166.0	28	8.0	88.0	57.0	0	0	7.201038360595703	85760	7292.765604496002	72079	15.952658582089555	
-550017.8301476326	73.6875	9.118421052631579	127.01315789473684	81.42105263157895	-8.926633463006329	1072	5123	179	14.0	228.0	147.0	17	8.0	89.0	58.0	0	0	6.93267560005188	85840	7299.698280096054	72142	15.957595526561036	
-500025.823912476	76.4625	9.103896103896103	132.45454545454547	84.40259740259741	-8.926633463006329	1073	5126	139	14.0	250.0	158.0	41	8.0	89.0	58.0	0	0	9.151480197906494	85920	7308.849760293961	72208	15.95903165735568	
-562520.2403149692	73.6375	9.428571428571429	130.28571428571428	83.50649350649351	-8.926633463006329	1074	5129	153	16.0	265.0	170.0	33	8.0	91.0	59.0	0	0	8.449874639511108	86000	7317.299634933472	72276	15.958139534883713	
-600017.8759885451	80.4375	9.194805194805195	128.24675324675326	82.1038961038961	-8.926633463006329	1075	5132	157	15.0	245.0	158.0	30	8.0	86.0	56.0	0	0	8.670693635940552	86080	7325.970328569412	72342	15.959572490706321	
-525017.131746137	69.7875	9.22972972972973	133.85135135135135	85.5	-8.926633463006329	1076	5138	131	15.0	314.0	191.0	46	7.0	82.0	53.0	0	0	7.557089567184448	86160	7333.527418136597	72404	15.965645311049215	
-587512.7844731238	67.25	9.126760563380282	129.88732394366198	83.0	-8.926633463006329	1077	5147	104	17.0	300.0	186.0	34	8.0	90.0	58.0	0	0	7.305557012557983	86240	7340.832975149155	72466	15.971706864564013	
-550017.0372014539	67.0	9.105263157894736	126.53947368421052	80.96052631578948	-8.926633463006329	1078	5151	115	18.0	307.0	200.0	19	8.0	89.0	58.0	0	0	7.6163554191589355	86320	7348.449330568314	72531	15.974281742354037	
-637521.2888125979	66.925	9.142857142857142	134.28571428571428	85.53246753246754	-8.926633463006329	1079	5154	81	17.0	294.0	190.0	51	7.0	89.0	58.0	0	0	9.213857650756836	86400	7357.66318821907	72601	15.971064814814824	
-487530.0848307777	67.025	9.04	125.82666666666667	80.56	-8.926633463006329	1080	5159	98	14.0	279.0	176.0	36	8.0	94.0	61.0	0	0	7.658946990966797	86480	7365.322135210037	72667	15.972479185938951	
-475018.0787631953	67.075	8.833333333333334	119.37179487179488	76.57692307692308	-8.926633463006329	1081	5161	91	13.0	282.0	174.0	49	8.0	88.0	57.0	0	0	8.405247449874878	86560	7373.727382659912	72735	15.97158040665434	
-562523.8658478691	67.6	9.075949367088608	126.12658227848101	80.73417721518987	-8.926633463006329	1082	5162	96	16.0	260.0	163.0	38	7.0	82.0	53.0	0	0	7.640592336654663	86640	7381.367974996567	72801	15.9729916897507	
-575020.2867144741	67.9375	9.28	131.77333333333334	84.2	-8.926633463006329	1083	5167	114	16.0	294.0	184.0	20	8.0	91.0	59.0	0	0	7.468705654144287	86720	7388.836680650711	72865	15.976706642066418	
-637522.2990097271	67.0375	9.473684210526315	138.78947368421052	88.64473684210526	-8.926633463006329	1084	5171	116	14.0	386.0	241.0	18	8.0	88.0	57.0	0	0	8.803466320037842	86800	7397.640146970749	72935	15.973502304147473	
-462528.9574291591	67.7875	9.287671232876713	130.4794520547945	83.45205479452055	-8.926633463006329	1085	5178	141	16.0	276.0	174.0	17	8.0	88.0	57.0	0	0	8.034159898757935	86880	7405.674306869507	72993	15.984116022099442	
-462530.8023486817	67.8625	9.23611111111111	133.88888888888889	85.36111111111111	-8.926633463006329	1086	5186	141	16.0	289.0	178.0	21	8.0	94.0	61.0	0	0	6.333309173583984	86960	7412.007616043091	73048	15.998160073597063	
-575014.2166333745	66.95	9.554054054054054	132.7972972972973	85.0	-8.926633463006329	1087	5192	112	16.0	269.0	163.0	22	8.0	83.0	54.0	0	0	7.159456491470337	87040	7419.167072534561	73112	16.001838235294116	
-500018.26018755324	67.225	9.150684931506849	129.84931506849315	82.87671232876713	-8.926633463006329	1088	5199	112	13.0	227.0	141.0	22	8.0	80.0	52.0	0	0	6.488470792770386	87120	7425.6555433273315	73177	16.00436179981635	
-600017.3004648413	66.375	9.394736842105264	134.93421052631578	86.14473684210526	-8.926633463006329	1089	5203	128	14.0	235.0	148.0	22	8.0	85.0	55.0	0	0	7.35090970993042	87200	7433.006453037262	73246	16.002293577981646	
-537514.1575785379	69.1375	8.96103896103896	124.0909090909091	79.53246753246754	-8.926633463006329	1090	5206	134	13.0	216.0	138.0	27	7.0	82.0	53.0	0	0	6.654229640960693	87280	7439.660682678223	73313	16.002520623281384	
-600023.0118547451	68.3625	9.381578947368421	130.47368421052633	83.48684210526316	-8.926633463006329	1091	5210	129	17.0	298.0	190.0	34	8.0	89.0	58.0	0	0	6.832542419433594	87360	7446.493225097656	73381	16.00160256410257	
-525026.059611955	68.3875	9.38961038961039	134.5194805194805	86.02597402597402	-8.926633463006329	1092	5213	131	14.0	280.0	176.0	15	8.0	87.0	56.0	0	0	7.121718168258667	87440	7453.614943265915	73446	16.004117108874667	
-475028.82465073746	68.85	9.28	130.97333333333333	83.82666666666667	-8.926633463006329	1093	5218	106	13.0	258.0	160.0	31	8.0	87.0	56.0	0	0	6.787312030792236	87520	7460.402255296707	73512	16.005484460694703	
-537521.666926851	71.6875	9.192307692307692	129.56410256410257	83.02564102564102	-8.926633463006329	1094	5220	118	17.0	263.0	169.0	45	8.0	85.0	55.0	0	0	7.23366117477417	87600	7467.635916471481	73585	15.998858447488587	
-575024.0651295858	67.7375	9.576923076923077	138.83333333333334	88.83333333333333	-8.926633463006329	1095	5222	102	17.0	356.0	218.0	45	8.0	87.0	56.0	0	0	9.218201160430908	87680	7476.854117631912	73655	15.995666058394164	
-625022.5976122516	66.75	9.67123287671233	138.24657534246575	88.63013698630137	-8.926633463006329	1096	5229	115	17.0	259.0	166.0	19	8.0	89.0	58.0	0	0	8.314438581466675	87760	7485.168556213379	73718	16.00045578851413	
-525019.461891688	66.3625	9.575342465753424	137.87671232876713	88.26027397260275	-8.926633463006329	1097	5236	93	17.0	293.0	187.0	28	8.0	94.0	61.0	0	0	7.738150358200073	87840	7492.906706571579	73781	16.005236794171225	
-475024.91662995226	67.0	9.04	133.28	85.0	-8.926633463006329	1098	5241	87	15.0	296.0	187.0	47	8.0	94.0	61.0	0	0	7.809909343719482	87920	7500.7166159152985	73846	16.007734303912642	
-487514.8751230845	67.5	8.802631578947368	119.55263157894737	76.65789473684211	-8.926633463006329	1099	5245	94	13.0	227.0	141.0	40	8.0	89.0	58.0	0	0	8.269803047180176	88000	7508.986418962479	73912	16.0090909090909	
-462515.5789293398	67.1625	8.866666666666667	124.22666666666667	79.49333333333334	-8.926633463006329	1100	5250	118	14.0	291.0	181.0	16	8.0	94.0	61.0	0	0	8.621551036834717	88080	7517.607969999313	73978	16.010445049954598	
-525018.7371942878	67.125	9.131578947368421	129.52631578947367	83.03947368421052	-8.926633463006329	1101	5254	99	14.0	274.0	176.0	35	8.0	94.0	61.0	0	0	8.946925401687622	88160	7526.554895401001	74044	16.011796733212336	
-600016.8202592044	66.825	9.08108108108108	131.95945945945945	84.1891891891892	-8.926633463006329	1102	5260	104	14.0	294.0	184.0	30	8.0	85.0	55.0	0	0	8.21070384979248	88240	7534.7655992507935	74107	16.016545784224846	
-550018.5301184312	67.0	9.25	132.05263157894737	84.30263157894737	-8.926633463006329	1103	5264	111	15.0	285.0	177.0	23	8.0	91.0	59.0	0	0	8.94438099861145	88320	7543.709980249405	74175	16.015625	
-600020.7427277905	65.975	9.666666666666666	139.97333333333333	89.52	-8.926633463006329	1104	5269	113	17.0	285.0	177.0	21	8.0	89.0	58.0	0	0	9.820938348770142	88400	7553.530918598175	74245	16.01244343891402	
-587529.6217499977	65.675	9.957142857142857	149.74285714285713	95.5	-8.926633463006329	1105	5279	120	17.0	313.0	191.0	14	8.0	88.0	57.0	0	0	7.111979722976685	88480	7560.642898321152	74307	16.01830922242314	
-587529.4075856134	67.5875	9.95890410958904	151.16438356164383	96.71232876712328	-8.926633463006329	1106	5286	125	17.0	380.0	243.0	17	8.0	94.0	61.0	0	0	6.605782508850098	88560	7567.248680830002	74370	16.023035230352306	
-600017.4205895669	66.1625	9.373333333333333	131.24	84.16	-8.926633463006329	1107	5291	99	17.0	378.0	243.0	35	8.0	91.0	59.0	0	0	6.122290372848511	88640	7573.37097120285	74431	16.030009025270758	
-512525.1065079874	68.1125	9.766233766233766	143.5194805194805	91.83116883116882	-8.926633463006329	1108	5294	122	17.0	403.0	251.0	12	8.0	83.0	54.0	0	0	7.886703014373779	88720	7581.257674217224	74498	16.030207394048688	
-525024.8804320387	67.75	9.22972972972973	132.8918918918919	85.14864864864865	-8.926633463006329	1109	5300	122	16.0	339.0	211.0	41	8.0	94.0	61.0	0	0	6.522633790969849	88800	7587.780308008194	74562	16.03378378378379	
-550014.7081796884	68.1625	9.423076923076923	135.30769230769232	86.37179487179488	-8.926633463006329	1110	5302	111	17.0	339.0	211.0	33	8.0	94.0	61.0	0	0	7.634914398193359	88880	7595.415222406387	74626	16.037353735373543	
-612515.1135925093	69.0625	9.16	130.28	83.28	-8.926633463006329	1111	5307	118	18.0	304.0	193.0	16	8.0	91.0	59.0	0	0	6.63383150100708	88960	7602.049053907394	74688	16.043165467625897	
-537523.30414069	71.375	9.384615384615385	132.1153846153846	84.61538461538461	-8.926633463006329	1112	5309	111	15.0	310.0	190.0	51	8.0	91.0	59.0	0	0	8.190974473953247	89040	7610.240028381348	74758	16.039982030548074	
-525020.5125599719	67.4	9.355263157894736	130.94736842105263	83.94736842105263	-8.926633463006329	1113	5313	93	16.0	307.0	198.0	39	8.0	94.0	61.0	0	0	6.552364826202393	89120	7616.79239320755	74822	16.0435368043088	
-525017.0265700971	67.3	9.217948717948717	123.91025641025641	79.76923076923077	-8.926633463006329	1114	5315	110	15.0	280.0	180.0	22	8.0	88.0	57.0	0	0	6.828421592712402	89200	7623.620814800262	74888	16.044843049327355	
-475028.6920869091	70.4125	9.329113924050633	134.0	85.79746835443038	-8.926633463006329	1115	5316	110	15.0	337.0	205.0	51	8.0	83.0	54.0	0	0	6.872054576873779	89280	7630.492869377136	74955	16.045026881720432	
-612522.5586891142	67.525	9.460526315789474	130.25	83.64473684210526	-8.926633463006329	1116	5320	110	15.0	286.0	181.0	24	8.0	88.0	57.0	0	0	6.362265110015869	89360	7636.855134487152	75020	16.047448522829015	
-600030.9402039747	67.85	9.216216216216216	129.27027027027026	82.67567567567568	-8.926633463006329	1117	5326	136	18.0	227.0	141.0	17	8.0	87.0	56.0	0	0	6.5671093463897705	89440	7643.422243833542	75087	16.04762969588552	
-612521.9235075153	68.55	9.519480519480519	130.06493506493507	83.40259740259741	-8.926633463006329	1118	5329	99	16.0	238.0	149.0	35	8.0	87.0	56.0	0	0	6.93768572807312	89520	7650.359929561615	75158	16.043342269883823	
-587531.1852223991	70.5125	9.413333333333334	135.29333333333332	86.53333333333333	-8.926633463006329	1119	5334	106	14.0	259.0	166.0	29	8.0	85.0	55.0	0	0	6.670857191085815	89600	7657.030786752701	75226	16.042410714285722	
-512521.8861776988	69.0625	9.493333333333334	138.14666666666668	88.22666666666667	-8.926633463006329	1120	5339	122	16.0	264.0	166.0	12	8.0	89.0	58.0	0	0	6.590758323669434	89680	7663.62154507637	75291	16.044826048171274	
-600022.3311397942	68.1375	9.805555555555555	152.31944444444446	96.97222222222223	-8.926633463006329	1121	5347	116	14.0	361.0	218.0	30	8.0	94.0	61.0	0	0	7.145946741104126	89760	7670.767491817474	75359	16.04389483065954	
-437533.57847969455	68.075	9.302631578947368	137.82894736842104	88.02631578947368	-8.926633463006329	1122	5351	98	13.0	256.0	158.0	36	8.0	79.0	51.0	0	0	6.700070381164551	89840	7677.467562198639	75425	16.04519145146928	
-550025.8428568069	67.9375	9.635135135135135	137.72972972972974	88.0945945945946	-8.926633463006329	1123	5357	120	14.0	273.0	166.0	14	7.0	82.0	53.0	0	0	6.691599607467651	89920	7684.159161806107	75490	16.047597864768676	
-550022.7081698449	67.0	9.466666666666667	130.62666666666667	83.70666666666666	-8.926633463006329	1124	5362	88	15.0	247.0	159.0	46	8.0	94.0	61.0	0	0	6.988832950592041	90000	7691.147994756699	75554	16.051111111111112	
-537516.1012069096	67.2	9.602564102564102	140.01282051282053	89.38461538461539	-8.926633463006329	1125	5364	118	14.0	305.0	191.0	16	8.0	89.0	58.0	0	0	7.424675464630127	90080	7698.572670221329	75620	16.052397868561272	
-575021.7302448374	65.775	9.306666666666667	132.14666666666668	84.42666666666666	-8.926633463006329	1126	5369	93	13.0	227.0	141.0	41	8.0	83.0	54.0	0	0	6.956523895263672	90160	7705.529194116592	75687	16.052573203194314	
-437524.75496443093	66.3625	9.415584415584416	138.54545454545453	88.45454545454545	-8.926633463006329	1127	5372	89	15.0	312.0	191.0	45	8.0	94.0	61.0	0	0	7.259918928146362	90240	7712.789113044739	75755	16.05164007092199	
-512523.59512531816	67.0	8.91025641025641	124.71794871794872	79.76923076923077	-8.926633463006329	1128	5374	92	15.0	245.0	155.0	42	8.0	94.0	61.0	0	0	6.748111724853516	90320	7719.537224769592	75820	16.054030115146148	
-512527.73816455994	66.9875	9.285714285714286	129.7922077922078	83.12987012987013	-8.926633463006329	1129	5377	100	15.0	236.0	152.0	34	7.0	82.0	53.0	0	0	7.261844158172607	90400	7726.799068927765	75891	16.049778761061944	
-550021.3393065857	66.4125	9.205128205128204	134.7948717948718	85.84615384615384	-8.926633463006329	1130	5379	116	15.0	324.0	208.0	33	8.0	85.0	55.0	0	0	7.726732492446899	90480	7734.525801420212	75958	16.04995579133511	
-600022.8620571739	67.0375	9.090909090909092	130.33766233766235	83.3896103896104	-8.926633463006329	1131	5382	106	13.0	227.0	141.0	28	7.0	82.0	53.0	0	0	7.170375108718872	90560	7741.696176528931	76026	16.04902826855124	
-525038.8555963605	66.8375	9.376623376623376	137.96103896103895	88.12987012987013	-8.926633463006329	1132	5385	92	13.0	294.0	184.0	42	8.0	91.0	59.0	0	0	7.358382225036621	90640	7749.054558753967	76094	16.048102383053845	
-512522.5219694736	67.0	9.08108108108108	130.6891891891892	83.5	-8.926633463006329	1133	5391	76	13.0	267.0	166.0	58	8.0	89.0	58.0	0	0	6.325667381286621	90720	7755.380226135254	76156	16.05379188712523	
-587513.3638230086	66.8875	9.584415584415584	138.28571428571428	88.28571428571429	-8.926633463006329	1134	5394	114	16.0	231.0	141.0	20	8.0	93.0	60.0	0	0	6.959371089935303	90800	7762.339597225189	76224	16.052863436123346	
-575018.892656842	66.6	9.706666666666667	139.70666666666668	89.36	-8.926633463006329	1135	5399	104	18.0	363.0	232.0	21	8.0	94.0	61.0	0	0	6.513359308242798	90880	7768.852956533432	76288	16.05633802816901	
-500025.1064064135	69.6	9.58108108108108	134.56756756756758	86.04054054054055	-8.926633463006329	1136	5405	133	17.0	320.0	198.0	31	8.0	89.0	58.0	0	0	8.4499831199646	90960	7777.302939653397	76353	16.058707124010553	
-600019.7608906383	69.3125	9.31578947368421	132.35526315789474	84.44736842105263	-8.926633463006329	1137	5409	132	13.0	275.0	172.0	29	8.0	89.0	58.0	0	0	12.232398986816406	91040	7789.535338640213	76418	16.061072056239013	
-525017.0750396227	67.1125	9.333333333333334	132.50666666666666	84.61333333333333	-8.926633463006329	1138	5414	104	15.0	277.0	174.0	19	8.0	91.0	59.0	0	0	10.034833431243896	91120	7799.570172071457	76484	16.062335381913968	
-512521.4824339902	67.95	9.054054054054054	125.32432432432432	80.24324324324324	-8.926633463006329	1139	5420	117	15.0	298.0	187.0	21	7.0	85.0	55.0	0	0	10.269209623336792	91200	7809.839381694794	76549	16.064692982456137	
-475025.87079833087	68.775	9.253333333333334	129.06666666666666	82.62666666666667	-8.926633463006329	1140	5425	141	17.0	380.0	243.0	9	8.0	87.0	56.0	0	0	7.912780284881592	91280	7817.752161979675	76608	16.073619631901835	
-637516.1432449917	69.0375	9.527027027027026	134.47297297297297	86.22972972972973	-8.926633463006329	1141	5431	113	17.0	339.0	209.0	45	7.0	90.0	58.0	0	0	8.589935541152954	91360	7826.342097520828	76675	16.073774080560426	
-600011.123090109	69.725	9.013698630136986	129.56164383561645	82.73972602739725	-8.926633463006329	1142	5438	159	14.0	273.0	170.0	9	8.0	94.0	61.0	0	0	6.503702878952026	91440	7832.84580039978	76739	16.07720909886264	
-612538.1670913635	70.2375	9.085714285714285	133.44285714285715	85.04285714285714	-8.926633463006329	1143	5448	121	14.0	309.0	193.0	44	8.0	88.0	57.0	0	0	6.352992057800293	91520	7839.198792457581	76798	16.0861013986014	
-625023.6896362914	68.9625	9.666666666666666	144.13333333333333	92.2	-8.926633463006329	1144	5453	126	15.0	304.0	191.0	12	7.0	80.0	52.0	0	0	7.169166803359985	91600	7846.367959260941	76865	16.086244541484717	
-462535.01835221227	69.3625	9.140845070422536	134.3661971830986	85.66197183098592	-8.926633463006329	1145	5462	110	13.0	303.0	190.0	33	8.0	88.0	57.0	0	0	6.771719694137573	91680	7853.139678955078	76929	16.08965968586388	
-637519.6313386408	67.325	9.465753424657533	132.64383561643837	84.98630136986301	-8.926633463006329	1146	5469	134	14.0	260.0	166.0	25	8.0	91.0	59.0	0	0	7.252346754074097	91760	7860.392025709152	76992	16.094158674803836	
-612519.9887633247	63.375	9.306666666666667	136.69333333333333	87.2	-8.926633463006329	1147	5474	85	14.0	272.0	168.0	33	8.0	88.0	57.0	0	0	7.855159759521484	91840	7868.247185468674	77058	16.095383275261327	
-462518.090388746	64.8125	9.368421052631579	132.8815789473684	85.03947368421052	-8.926633463006329	1148	5478	119	16.0	293.0	191.0	15	8.0	88.0	57.0	0	0	6.727275609970093	91920	7874.974461078644	77123	16.09769364664926	
-587513.3249878763	67.525	9.263157894736842	128.6578947368421	82.38157894736842	-8.926633463006329	1149	5482	104	14.0	259.0	166.0	30	7.0	89.0	58.0	0	0	7.143352031707764	92000	7882.117813110352	77190	16.09782608695653	
-662519.8377875638	69.15	9.545454545454545	138.92207792207793	88.6103896103896	-8.926633463006329	1150	5485	128	13.0	244.0	152.0	27	8.0	94.0	61.0	0	0	7.330491781234741	92080	7889.448304891586	77256	16.09904430929626	
-687517.0970463464	68.8625	9.652777777777779	149.16666666666666	94.97222222222223	-8.926633463006329	1151	5493	110	15.0	298.0	189.0	30	8.0	89.0	58.0	0	0	7.145119905471802	92160	7896.593424797058	77320	16.102430555555557	
-587527.4097539863	71.0375	9.783783783783784	146.78378378378378	93.6891891891892	-8.926633463006329	1152	5499	115	17.0	287.0	178.0	28	7.0	74.0	48.0	0	0	7.197921514511108	92240	7903.791346311569	77386	16.103642671292278	
-537516.0372076246	70.7625	9.233766233766234	135.32467532467533	86.41558441558442	-8.926633463006329	1153	5502	135	14.0	268.0	170.0	47	8.0	94.0	61.0	0	0	8.175126075744629	92320	7911.966472387314	77455	16.101603119584055	
-487523.36108174396	68.05	9.118421052631579	128.73684210526315	82.28947368421052	-8.926633463006329	1154	5506	92	13.0	260.0	164.0	42	8.0	85.0	55.0	0	0	12.306305646896362	92400	7924.27277803421	77521	16.102813852813853	
-575039.1511269604	67.7125	9.493506493506494	135.0	86.2987012987013	-8.926633463006329	1155	5509	115	17.0	264.0	166.0	29	8.0	85.0	55.0	0	0	7.061478853225708	92480	7931.334256887436	77591	16.099697231833915	
-487527.71782574645	67.9375	9.013157894736842	124.90789473684211	79.94736842105263	-8.926633463006329	1156	5513	155	14.0	262.0	166.0	12	8.0	83.0	54.0	0	0	6.452564477920532	92560	7937.786821365356	77652	16.106309420916162	
-650012.4227905646	67.7875	9.263157894736842	127.85526315789474	81.92105263157895	-8.926633463006329	1157	5517	93	15.0	227.0	141.0	41	8.0	87.0	56.0	0	0	6.715866804122925	92640	7944.502688169479	77719	16.106433506044908	
-625013.0246537535	67.0125	8.986666666666666	124.78666666666666	79.78666666666666	-8.926633463006329	1158	5522	108	13.0	227.0	141.0	25	8.0	85.0	55.0	0	0	6.674380779266357	92720	7951.177068948746	77781	16.111949956859362	
-562527.8387841573	67.2875	9.541666666666666	134.72222222222223	86.13888888888889	-8.926633463006329	1159	5530	104	14.0	297.0	186.0	30	8.0	88.0	57.0	0	0	6.910680294036865	92800	7958.087749242783	77846	16.114224137931032	
-562519.567835282	67.025	9.246575342465754	134.3972602739726	85.76712328767124	-8.926633463006329	1160	5537	103	13.0	304.0	193.0	31	8.0	91.0	59.0	0	0	6.254238843917847	92880	7964.3419880867	77908	16.119724375538325	
-487524.2369472816	67.725	9.276315789473685	123.57894736842105	79.34210526315789	-8.926633463006329	1161	5541	103	17.0	292.0	186.0	31	8.0	79.0	51.0	0	0	7.033505916595459	92960	7971.375494003296	77977	16.11768502581755	
-525028.5718833611	67.2625	9.168831168831169	131.92207792207793	84.18181818181819	-8.926633463006329	1162	5544	98	14.0	316.0	195.0	36	8.0	94.0	61.0	0	0	6.252093553543091	93040	7977.627587556839	78038	16.124247635425633	
-650014.8589425182	69.4	9.782051282051283	147.42307692307693	94.25641025641026	-8.926633463006329	1163	5546	102	15.0	318.0	195.0	45	8.0	94.0	61.0	0	0	7.49973726272583	93120	7985.127324819565	78108	16.121134020618555	
-525029.8277046987	70.0	9.067567567567568	131.0	83.58108108108108	-8.926633463006329	1164	5552	98	15.0	292.0	183.0	43	8.0	89.0	58.0	0	0	6.575896501541138	93200	7991.703221321106	78172	16.12446351931331	
-512512.9132604672	68.0875	9.527027027027026	140.05405405405406	89.52702702702703	-8.926633463006329	1165	5558	99	15.0	291.0	184.0	14	8.0	89.0	58.0	0	0	6.763758897781372	93280	7998.466980218887	78238	16.12564322469983	
-525015.0688089465	67.2625	9.068493150684931	124.93150684931507	80.01369863013699	-8.926633463006329	1166	5565	102	15.0	259.0	166.0	33	8.0	83.0	54.0	0	0	6.275274038314819	93360	8004.742254257202	78301	16.13003427592116	
-525020.9872157093	67.0	9.293333333333333	128.82666666666665	82.50666666666666	-8.926633463006329	1167	5570	121	14.0	283.0	180.0	13	8.0	91.0	59.0	0	0	6.938899755477905	93440	8011.68115401268	78366	16.13227739726028	
-562526.8605014302	66.6	9.385714285714286	133.18571428571428	85.25714285714285	-8.926633463006329	1168	5580	113	16.0	277.0	179.0	21	8.0	94.0	61.0	0	0	6.22197699546814	93520	8017.903131008148	78424	16.14200171086398	
-575013.5136057131	66.9	9.363636363636363	130.45454545454547	83.57142857142857	-8.926633463006329	1169	5583	128	16.0	261.0	168.0	6	8.0	89.0	58.0	0	0	7.765980005264282	93600	8025.6691110134125	78489	16.144230769230774	
-487516.3268513291	66.55	8.894736842105264	122.61842105263158	78.60526315789474	-8.926633463006329	1170	5587	114	13.0	309.0	194.0	20	8.0	94.0	61.0	0	0	6.415486097335815	93680	8032.084597110748	78552	16.148590947907763	
-550016.5194056673	67.0	8.81578947368421	119.67105263157895	76.6842105263158	-8.926633463006329	1171	5591	89	15.0	261.0	163.0	45	8.0	94.0	61.0	0	0	6.767820119857788	93760	8038.852417230606	78618	16.149744027303754	
-562532.0862628756	66.6125	9.31578947368421	131.77631578947367	84.53947368421052	-8.926633463006329	1172	5595	111	13.0	292.0	184.0	23	8.0	85.0	55.0	0	0	6.661843299865723	93840	8045.514260530472	78686	16.148763853367427	
-562533.8521545945	68.375	9.346666666666666	126.78666666666666	81.30666666666667	-8.926633463006329	1173	5600	114	14.0	227.0	144.0	29	8.0	89.0	58.0	0	0	6.368077993392944	93920	8051.882338523865	78746	16.15630323679727	
-512521.3666609231	67.75	9.171052631578947	129.60526315789474	82.94736842105263	-8.926633463006329	1174	5604	134	15.0	237.0	146.0	21	8.0	88.0	57.0	0	0	6.592435121536255	94000	8058.474773645401	78810	16.159574468085097	
-575023.0363515695	67.6625	9.23076923076923	128.42307692307693	82.2948717948718	-8.926633463006329	1175	5606	106	18.0	301.0	188.0	28	8.0	90.0	58.0	0	0	6.958440780639648	94080	8065.433214426041	78878	16.158588435374156	
-525016.8381654636	68.2625	9.246753246753247	134.11688311688312	85.76623376623377	-8.926633463006329	1176	5609	115	15.0	274.0	176.0	28	8.0	88.0	57.0	0	0	6.689237117767334	94160	8072.122451543808	78942	16.161852166525065	
-487520.76119110297	67.0375	9.41025641025641	136.12820512820514	87.1025641025641	-8.926633463006329	1177	5611	97	16.0	294.0	184.0	38	8.0	91.0	59.0	0	0	7.939640522003174	94240	8080.062092065811	79011	16.159804753820026	
-500017.4521196939	66.7375	9.210526315789474	132.0	84.39473684210526	-8.926633463006329	1178	5615	111	14.0	291.0	181.0	23	8.0	89.0	58.0	0	0	7.546561241149902	94320	8087.608653306961	79079	16.15882103477523	
-550014.1472749272	68.875	8.885714285714286	131.5	83.95714285714286	-8.926633463006329	1179	5625	97	15.0	276.0	173.0	42	8.0	88.0	57.0	0	0	6.513297080993652	94400	8094.121950387955	79139	16.166313559322035	
-612516.5465170306	67.5	9.118421052631579	124.3157894736842	79.6842105263158	-8.926633463006329	1180	5629	106	16.0	224.0	145.0	37	8.0	91.0	59.0	0	0	8.432673215866089	94480	8102.554623603821	79202	16.170618120237094	
-537514.4629396463	67.4875	9.105263157894736	127.77631578947368	81.73684210526316	-8.926633463006329	1181	5633	105	15.0	262.0	169.0	29	8.0	91.0	59.0	0	0	6.734827041625977	94560	8109.289450645447	79264	16.175972927241972	
-637513.4837980799	67.1125	9.25	128.94736842105263	82.60526315789474	-8.926633463006329	1182	5637	104	13.0	269.0	172.0	30	7.0	82.0	53.0	0	0	6.4089696407318115	94640	8115.698420286179	79328	16.179205409974642	
-700023.1752493416	67.8375	9.306666666666667	133.14666666666668	85.25333333333333	-8.926633463006329	1183	5642	118	14.0	265.0	170.0	16	8.0	85.0	55.0	0	0	6.587082862854004	94720	8122.285503149033	79393	16.181376689189193	
-537518.7704812242	68.5	9.907894736842104	141.69736842105263	90.72368421052632	-8.926633463006329	1184	5646	94	15.0	309.0	193.0	40	8.0	89.0	58.0	0	0	7.093335866928101	94800	8129.378839015961	79463	16.1782700421941	
-525023.6760908024	70.4125	9.626666666666667	143.25333333333333	91.49333333333334	-8.926633463006329	1185	5651	129	17.0	298.0	188.0	32	8.0	89.0	58.0	0	0	6.832250356674194	94880	8136.211089372635	79529	16.179384485666105	
-575013.0837139285	68.15	9.346153846153847	130.75641025641025	83.76923076923077	-8.926633463006329	1186	5653	115	17.0	337.0	210.0	19	7.0	82.0	53.0	0	0	7.099931716918945	94960	8143.311021089554	79593	16.18260320134793	
-525022.0724284463	67.275	9.181818181818182	126.23376623376623	80.85714285714286	-8.926633463006329	1187	5656	108	17.0	259.0	166.0	32	7.0	74.0	48.0	0	0	7.249508619308472	95040	8150.560529708862	79662	16.180555555555557	
-512524.2540995232	67.925	9.592105263157896	140.23684210526315	89.52631578947368	-8.926633463006329	1188	5660	99	15.0	310.0	196.0	35	8.0	89.0	58.0	0	0	7.052642345428467	95120	8157.613172054291	79725	16.18481917577796	
-462536.05924817425	68.125	9.23076923076923	131.37179487179486	84.03846153846153	-8.926633463006329	1189	5662	97	16.0	274.0	171.0	53	8.0	94.0	61.0	0	0	7.036408424377441	95200	8164.649580478668	79792	16.18487394957984	
-550018.3161443707	67.375	9.26027397260274	129.08219178082192	82.78082191780823	-8.926633463006329	1190	5669	112	15.0	263.0	169.0	22	8.0	89.0	58.0	0	0	6.613362789154053	95280	8171.262943267822	79858	16.185978169605377	
-500028.06752223196	72.5125	9.41025641025641	141.3846153846154	90.16666666666667	-8.926633463006329	1191	5671	175	22.0	498.0	318.0	28	8.0	89.0	58.0	0	0	7.646109342575073	95360	8178.909052610397	79928	16.18288590604027	
-475020.00723860005	72.1	9.636363636363637	147.33766233766235	93.76623376623377	-8.926633463006329	1192	5674	106	13.0	319.0	195.0	44	8.0	94.0	61.0	0	0	6.7949888706207275	95440	8185.704041481018	79991	16.187133277451807	
-512520.53327510913	67.45	8.846153846153847	118.33333333333333	76.06410256410257	-8.926633463006329	1193	5676	109	13.0	227.0	141.0	25	8.0	89.0	58.0	0	0	6.452400207519531	95520	8192.156441688538	80055	16.190326633165824	
-462522.2678761987	68.3	8.96	125.50666666666666	80.32	-8.926633463006329	1194	5681	119	14.0	309.0	193.0	41	8.0	89.0	58.0	0	0	6.547970533370972	95600	8198.704412221909	80118	16.194560669456067	
-550014.8509307107	69.525	9.217948717948717	126.74358974358974	81.17948717948718	-8.926633463006329	1195	5683	135	19.0	487.0	297.0	45	8.0	90.0	58.0	0	0	7.046637296676636	95680	8205.751049518585	80187	16.19251672240803	
-475016.86508222035	66.6875	8.818181818181818	115.88311688311688	74.51948051948052	-8.926633463006329	1196	5686	86	16.0	226.0	141.0	45	8.0	91.0	59.0	0	0	7.548998117446899	95760	8213.300047636032	80255	16.191520467836256	
-525016.3508203255	66.975	8.894736842105264	126.26315789473684	80.53947368421052	-8.926633463006329	1197	5690	114	17.0	288.0	185.0	20	7.0	82.0	53.0	0	0	6.7738237380981445	95840	8220.07387137413	80325	16.18843906510851	
-475021.61531564855	67.125	9.43421052631579	137.28947368421052	87.64473684210526	-8.926633463006329	1198	5694	120	14.0	289.0	181.0	16	8.0	94.0	61.0	0	0	6.365859031677246	95920	8226.439730405807	80390	16.190575479566306	
-537518.0883333315	67.6	9.41891891891892	136.47297297297297	87.20270270270271	-8.926633463006329	1199	5700	136	14.0	303.0	190.0	10	8.0	93.0	60.0	0	0	6.660312652587891	96000	8233.100043058395	80456	16.191666666666677	
-437522.4854924161	65.825	9.282051282051283	135.0	86.21794871794872	-8.926633463006329	1200	5702	93	13.0	270.0	170.0	41	8.0	91.0	59.0	0	0	7.076732873916626	96080	8240.176775932312	80523	16.191715237302247	
-500015.9268054544	66.6	9.506666666666666	134.66666666666666	86.17333333333333	-8.926633463006329	1201	5707	128	15.0	290.0	184.0	6	8.0	79.0	51.0	0	0	6.6830055713653564	96160	8246.859781503677	80586	16.1959234608985	
-462519.3043441631	68.6125	8.868421052631579	121.07894736842105	77.57894736842105	-8.926633463006329	1202	5711	128	15.0	269.0	166.0	30	8.0	85.0	55.0	0	0	6.605671405792236	96240	8253.46545290947	80650	16.19908561928513	
-475020.0956588437	69.7875	8.945205479452055	124.06849315068493	79.52054794520548	-8.926633463006329	1203	5718	128	13.0	305.0	191.0	34	8.0	91.0	59.0	0	0	6.312795162200928	96320	8259.77824807167	80709	16.20743355481727	
-450022.1845982273	67.4625	9.162162162162161	124.56756756756756	80.08108108108108	-8.926633463006329	1204	5724	128	17.0	378.0	243.0	13	8.0	88.0	57.0	0	0	6.804591655731201	96400	8266.582839727402	80774	16.20954356846474	
-712513.7152027867	67.4875	9.506666666666666	139.56	88.93333333333334	-8.926633463006329	1205	5729	108	15.0	314.0	192.0	26	8.0	79.0	51.0	0	0	6.993999242782593	96480	8273.576838970184	80840	16.21061359867329	
-637514.0753343117	66.85	9.573529411764707	139.11764705882354	88.8970588235294	-8.926633463006329	1206	5741	115	16.0	405.0	258.0	19	8.0	91.0	59.0	0	0	5.960516691207886	96560	8279.537355661392	80895	16.22307373653686	
-562525.5818723058	66.1	9.364864864864865	125.04054054054055	80.35135135135135	-8.926633463006329	1207	5747	101	16.0	265.0	166.0	33	7.0	74.0	48.0	0	0	7.140353441238403	96640	8286.67770910263	80959	16.226200331125824	
-437527.3566011136	68.15	9.157894736842104	125.03947368421052	80.32894736842105	-8.926633463006329	1208	5751	101	16.0	280.0	179.0	36	7.0	79.0	51.0	0	0	6.804843902587891	96720	8293.482553005219	81021	16.23138957816377	
-562529.0062422999	67.4625	9.480519480519481	133.53246753246754	85.44155844155844	-8.926633463006329	1209	5754	123	14.0	291.0	179.0	11	7.0	74.0	48.0	0	0	7.343059062957764	96800	8300.825612068176	81087	16.23243801652893	
-550024.5108041873	68.5375	9.289473684210526	138.05263157894737	88.0	-8.926633463006329	1210	5758	138	15.0	263.0	169.0	9	8.0	92.0	60.0	0	0	6.451723337173462	96880	8307.27733540535	81154	16.23245251857969	
-500023.0421977863	67.775	8.8	123.90666666666667	79.29333333333334	-8.926633463006329	1211	5763	108	13.0	227.0	141.0	27	8.0	94.0	61.0	0	0	6.120044469833374	96960	8313.397379875183	81214	16.239686468646866	
-600024.6640627306	67.25	9.626666666666667	144.54666666666665	92.02666666666667	-8.926633463006329	1212	5768	96	16.0	323.0	201.0	38	8.0	87.0	56.0	0	0	7.11965537071228	97040	8320.517035245895	81282	16.23866446826051	
-587514.2685686962	67.15	9.36	131.54666666666665	83.92	-8.926633463006329	1213	5773	101	15.0	278.0	169.0	33	8.0	94.0	61.0	0	0	7.64603853225708	97120	8328.163073778152	81347	16.240733113673812	
-462526.8624712744	67.0	9.146666666666667	135.36	86.25333333333333	-8.926633463006329	1214	5778	125	13.0	247.0	157.0	9	8.0	94.0	61.0	0	0	7.331834554672241	97200	8335.494908332825	81411	16.243827160493822	
-612514.3754704234	67.0	9.139240506329115	128.46835443037975	82.13924050632912	-8.926633463006329	1215	5779	98	14.0	249.0	159.0	36	7.0	88.0	57.0	0	0	7.587564706802368	97280	8343.082473039627	81480	16.241776315789465	
-525030.0576114	67.35	9.415584415584416	126.40259740259741	81.07792207792208	-8.926633463006329	1216	5782	100	15.0	230.0	141.0	34	8.0	88.0	57.0	0	0	6.889525651931763	97360	8349.971998691559	81548	16.240755957271986	
-600019.4645906013	65.3375	9.47887323943662	132.45070422535213	84.63380281690141	-8.926633463006329	1217	5791	101	15.0	283.0	177.0	33	8.0	88.0	57.0	0	0	6.195228576660156	97440	8356.167227268219	81609	16.246921182266007	
-550024.3905405682	67.825	9.128205128205128	123.71794871794872	79.33333333333333	-8.926633463006329	1218	5793	104	15.0	232.0	145.0	30	8.0	85.0	55.0	0	0	6.979273319244385	97520	8363.146500587463	81676	16.246923707957336	
-537522.0019957469	67.5875	9.58108108108108	139.45945945945945	89.12162162162163	-8.926633463006329	1219	5799	120	17.0	285.0	179.0	6	8.0	88.0	57.0	0	0	6.664599180221558	97600	8369.811099767685	81738	16.25204918032786	
-562514.2463450147	68.3	9.402777777777779	134.56944444444446	86.0	-8.926633463006329	1220	5807	116	15.0	305.0	191.0	27	8.0	91.0	59.0	0	0	7.136855840682983	97680	8376.947955608368	81800	16.25716625716626	
-587522.5667493979	68.75	9.36	134.41333333333333	85.97333333333333	-8.926633463006329	1221	5812	102	14.0	264.0	166.0	49	8.0	90.0	58.0	0	0	7.952686071395874	97760	8384.900641679764	81865	16.259206219312603	
-537516.1933608021	67.575	9.289473684210526	134.68421052631578	85.96052631578948	-8.926633463006329	1222	5816	113	15.0	246.0	159.0	21	8.0	80.0	52.0	0	0	6.351579189300537	97840	8391.252220869064	81927	16.264309076042522	
-487525.4730249556	66.9875	9.394366197183098	135.57746478873239	86.3943661971831	-8.926633463006329	1223	5825	102	16.0	302.0	184.0	21	7.0	82.0	53.0	0	0	6.618178367614746	97920	8397.870399236679	81988	16.270424836601308	
-525009.2065793461	66.2375	9.342465753424657	136.7945205479452	87.24657534246575	-8.926633463006329	1224	5832	105	14.0	273.0	166.0	29	8.0	94.0	61.0	0	0	6.996134281158447	98000	8404.866533517838	82050	16.275510204081627	
-600019.8453739652	66.55	9.328947368421053	133.71052631578948	85.47368421052632	-8.926633463006329	1225	5836	100	16.0	295.0	181.0	34	7.0	88.0	57.0	0	0	7.381314992904663	98080	8412.247848510742	82118	16.274469820554643	
-712510.4338624438	66.95	9.413333333333334	139.09333333333333	88.73333333333333	-8.926633463006329	1226	5841	112	14.0	304.0	190.0	22	7.0	90.0	58.0	0	0	6.843628168106079	98160	8419.091476678848	82185	16.274449877750612	
-612514.218300816	69.675	9.594936708860759	140.9493670886076	90.0	-8.926633463006329	1227	5842	100	17.0	326.0	211.0	45	7.0	79.0	51.0	0	0	7.9116246700286865	98240	8427.003101348877	82258	16.26832247557003	
-487516.5921182918	67.5625	9.486842105263158	141.85526315789474	90.60526315789474	-8.926633463006329	1228	5846	105	19.0	342.0	222.0	29	8.0	85.0	55.0	0	0	6.732726573944092	98320	8433.735827922821	82325	16.26830756712775	
-512521.6124940168	69.5125	9.461538461538462	136.35897435897436	87.1025641025641	-8.926633463006329	1229	5848	121	15.0	260.0	168.0	38	8.0	91.0	59.0	0	0	6.62905740737915	98400	8440.3648853302	82393	16.267276422764226	
-537522.5245673892	70.3125	9.3	134.3	85.7375	-8.926633463006329	1230	5848	106	15	289	177	44	8	94	61	0	0	6.782415866851807	98480	8447.147301197052	82461	16.266246953696182	
-575016.2700371362	69.125	9.236842105263158	130.5921052631579	83.6842105263158	-8.926633463006329	1231	5852	112	15.0	313.0	191.0	22	7.0	74.0	48.0	0	0	6.42987322807312	98560	8453.577174425125	82526	16.26826298701299	
-587521.5842121497	66.9875	9.573333333333334	138.76	88.72	-8.926633463006329	1232	5857	125	16.0	271.0	171.0	8	8.0	85.0	55.0	0	0	6.678461074829102	98640	8460.255635499954	82594	16.267234387672346	
-537531.1626253547	65.9	9.75	141.97368421052633	90.89473684210526	-8.926633463006329	1233	5861	134	14.0	274.0	175.0	8	8.0	94.0	61.0	0	0	6.847756624221802	98720	8467.103392124176	82664	16.26418152350081	
-637522.5110079491	63.3875	9.642857142857142	135.15714285714284	86.62857142857143	-8.926633463006329	1234	5871	98	16.0	273.0	175.0	8	8.0	89.0	58.0	0	0	6.308551788330078	98800	8473.411943912506	82728	16.2672064777328	
-512529.1291644691	65.4625	10.380281690140846	151.8732394366197	97.02816901408451	-8.926633463006329	1235	5880	116	17.0	318.0	199.0	18	8.0	94.0	61.0	0	0	6.308664560317993	98880	8479.720608472824	82790	16.27224919093851	
-587522.7745691576	69.7375	10.0	148.43055555555554	94.61111111111111	-8.926633463006329	1236	5888	116	18.0	283.0	181.0	36	8.0	89.0	58.0	0	0	6.767868995666504	98960	8486.48847746849	82854	16.275262732417133	
-562518.5973873956	68.2125	9.704225352112676	150.59154929577466	95.95774647887323	-8.926633463006329	1237	5897	116	16.0	387.0	245.0	34	8.0	83.0	54.0	0	0	5.9378767013549805	99040	8492.426354169846	82913	16.2833198707593	
-450019.93049493135	67.4625	9.16	128.84	82.54666666666667	-8.926633463006329	1238	5902	112	15.0	238.0	149.0	22	8.0	88.0	57.0	0	0	5.905348300933838	99120	8498.33170247078	82972	16.29136400322841	
-562515.9103189863	67.225	9.56	132.86666666666667	85.17333333333333	-8.926633463006329	1239	5907	112	16.0	298.0	185.0	32	8.0	83.0	54.0	0	0	6.341016530990601	99200	8504.67271900177	83034	16.296370967741936	
-587517.4442275742	67.4	9.473684210526315	130.48684210526315	83.63157894736842	-8.926633463006329	1240	5911	112	16.0	296.0	184.0	22	8.0	85.0	55.0	0	0	6.447537422180176	99280	8511.12025642395	83097	16.300362610797748	
-500030.48843555164	67.2625	9.44	131.2	84.14666666666666	-8.926633463006329	1241	5916	108	20.0	401.0	257.0	24	8.0	94.0	61.0	0	0	6.549241542816162	99360	8517.669497966766	83159	16.30535426731079	
-487531.6217938525	68.4125	9.519480519480519	134.33766233766235	85.94805194805195	-8.926633463006329	1242	5919	132	15.0	314.0	199.0	15	8.0	85.0	55.0	0	0	6.920707702636719	99440	8524.590205669403	83223	16.308326629123087	
-512516.1033089554	71.7875	9.162162162162161	120.71621621621621	77.63513513513513	-8.926633463006329	1243	5925	159	14.0	266.0	166.0	40	8.0	83.0	54.0	0	0	6.314199209213257	99520	8530.904404878616	83281	16.317323151125407	
-487524.56785232096	70.575	9.551282051282051	132.35897435897436	84.57692307692308	-8.926633463006329	1244	5927	132	14.0	261.0	158.0	35	8.0	88.0	57.0	0	0	7.013433933258057	99600	8537.917838811874	83346	16.319277108433738	
-550012.588574053	66.8125	9.28	130.66666666666666	83.58666666666667	-8.926633463006329	1245	5932	108	15.0	231.0	148.0	26	8.0	89.0	58.0	0	0	6.687406063079834	99680	8544.605244874954	83412	16.320224719101134	
-562516.0930069779	66.75	9.368421052631579	138.0	88.01315789473684	-8.926633463006329	1246	5936	129	15.0	275.0	175.0	5	8.0	90.0	58.0	0	0	7.398492097854614	99760	8552.003736972809	83479	16.320168404170005	
-475028.8639711542	67.7875	9.36986301369863	133.23287671232876	85.15068493150685	-8.926633463006329	1247	5943	113	14.0	230.0	145.0	25	8.0	79.0	51.0	0	0	6.20676589012146	99840	8558.21050286293	83542	16.32411858974359	
-537524.2157831029	69.2	9.324675324675324	131.06493506493507	83.79220779220779	-8.926633463006329	1248	5946	140	14.0	230.0	146.0	36	8.0	89.0	58.0	0	0	8.292046546936035	99920	8566.502549409866	83604	16.329063250600484	
-550028.085383815	70.3625	9.416666666666666	128.81944444444446	82.66666666666667	-8.926633463006329	1249	5954	140	14.0	274.0	176.0	8	8.0	85.0	55.0	0	0	9.603676795959473	100000	8576.106226205826	83664	16.336	
-600013.8123047292	72.3375	9.295774647887324	135.73239436619718	86.47887323943662	-8.926633463006329	1250	5963	176	14.0	279.0	172.0	31	7.0	87.0	56.0	0	0	16.038591146469116	100080	8592.144817352295	83725	16.34192645883293	
-612516.3790606355	72.9625	9.445945945945946	141.94594594594594	90.60810810810811	-8.926633463006329	1251	5969	176	17.0	380.0	243.0	30	7.0	74.0	48.0	0	0	7.84100079536438	100160	8599.98581814766	83790	16.343849840255587	
-587519.0027352909	70.4625	9.520547945205479	143.76712328767124	91.67123287671232	-8.926633463006329	1252	5976	160	15.0	262.0	165.0	31	8.0	94.0	61.0	0	0	4.394284725189209	100240	8604.380102872849	83852	16.348762968874695	
-525020.2891054982	79.075	9.512820512820513	144.94871794871796	92.37179487179488	-8.926633463006329	1253	5978	160	14.0	316.0	195.0	45	8.0	89.0	58.0	0	0	4.790261507034302	100320	8609.170364379883	83920	16.347687400318975	
-650013.2711963138	73.4125	9.315068493150685	134.3835616438356	85.71232876712328	-8.926633463006329	1254	5985	139	13.0	303.0	184.0	21	8.0	94.0	61.0	0	0	4.493807077407837	100400	8613.66417145729	83981	16.353585657370516	
-625017.4984997257	71.6	9.342465753424657	131.64383561643837	84.16438356164383	-8.926633463006329	1255	5992	139	16.0	315.0	199.0	11	8.0	88.0	57.0	0	0	4.293323755264282	100480	8617.957495212555	84044	16.357484076433124	
-612520.734667226	68.7875	9.746478873239436	139.16901408450704	89.14084507042253	-8.926633463006329	1256	6001	139	20.0	368.0	237.0	13	8.0	91.0	59.0	0	0	4.366836786270142	100560	8622.324331998825	84107	16.36137629276054	
-512529.1041260099	71.0125	9.644736842105264	144.44736842105263	92.0	-8.926633463006329	1257	6005	129	18.0	260.0	167.0	25	8.0	89.0	58.0	0	0	4.8216540813446045	100640	8627.14598608017	84172	16.36327503974563	
-587517.891070311	70.5625	9.74025974025974	144.80519480519482	92.28571428571429	-8.926633463006329	1258	6008	140	15.0	263.0	166.0	43	8.0	89.0	58.0	0	0	4.956164121627808	100720	8632.102150201797	84240	16.362192216044477	
-587517.0595495371	72.1375	10.105263157894736	158.46052631578948	100.88157894736842	-8.926633463006329	1259	6012	129	18.0	385.0	244.0	30	8.0	89.0	58.0	0	0	5.880807161331177	100800	8637.982957363129	84309	16.36011904761905	
-600023.5811523705	68.4625	9.549295774647888	147.38028169014083	93.84507042253522	-8.926633463006329	1260	6021	134	17.0	466.0	287.0	21	8.0	83.0	54.0	0	0	4.961202383041382	100880	8642.94415974617	84369	16.366970658207762	
-587517.5078470908	70.2375	9.154929577464788	132.61971830985917	84.63380281690141	-8.926633463006329	1261	6030	113	17.0	319.0	206.0	22	8.0	91.0	59.0	0	0	4.700406074523926	100960	8647.644565820694	84431	16.371830427892235	
-462524.71002164716	70.325	9.25974025974026	134.92207792207793	86.07792207792208	-8.926633463006329	1262	6033	125	17.0	302.0	195.0	9	8.0	84.0	54.0	0	0	5.064559698104858	101040	8652.709125518799	84496	16.373713380839277	
-587514.7560099973	68.4875	9.297297297297296	131.05405405405406	83.6891891891892	-8.926633463006329	1263	6039	123	14.0	270.0	171.0	11	8.0	89.0	58.0	0	0	4.78192925453186	101120	8657.49105477333	84561	16.37559335443038	
-662516.7668064699	67.0625	9.36231884057971	129.59420289855072	83.04347826086956	-8.926633463006329	1264	6050	99	14.0	259.0	166.0	35	8.0	87.0	56.0	0	0	4.999350547790527	101200	8662.490405321121	84622	16.381422924901187	
-612512.6004707373	66.2875	9.085714285714285	130.62857142857143	83.28571428571429	-8.926633463006329	1265	6060	122	16.0	227.0	141.0	12	8.0	87.0	56.0	0	0	4.8370068073272705	101280	8667.327412128448	84683	16.387243285939974	
-562513.8035502039	66.2	9.31578947368421	138.6578947368421	88.22368421052632	-8.926633463006329	1266	6064	107	13.0	281.0	172.0	34	7.0	88.0	57.0	0	0	6.3780295848846436	101360	8673.705441713333	84751	16.386148382004734	
-487514.529020885	67.075	9.493333333333334	140.84	89.93333333333334	-8.926633463006329	1267	6069	157	16.0	353.0	227.0	10	8.0	88.0	57.0	0	0	8.404932498931885	101440	8682.110374212265	84818	16.386041009463725	
-525027.7616414197	67.1875	9.216216216216216	131.9189189189189	84.24324324324324	-8.926633463006329	1268	6075	94	14.0	277.0	171.0	40	7.0	74.0	48.0	0	0	6.192142963409424	101520	8688.302517175674	84884	16.38691883372735	
-512519.1666566819	69.1875	9.341772151898734	136.9873417721519	87.36708860759494	-8.926633463006329	1269	6076	99	18.0	306.0	191.0	35	8.0	80.0	52.0	0	0	6.350221157073975	101600	8694.652738332748	84952	16.38582677165354	
-537523.6932161223	68.1625	9.140845070422536	129.64788732394365	82.90140845070422	-8.926633463006329	1270	6085	109	13.0	275.0	170.0	25	8.0	88.0	57.0	0	0	6.591809511184692	101680	8701.244547843933	85013	16.39162077104642	
-537521.0963795694	69.225	9.155844155844155	131.7012987012987	83.93506493506493	-8.926633463006329	1271	6088	112	16.0	308.0	188.0	22	8.0	90.0	58.0	0	0	6.818549156188965	101760	8708.063097000122	85081	16.390526729559753	
-450020.51901922206	72.2	9.077922077922079	132.0909090909091	84.18181818181819	-8.926633463006329	1272	6091	114	13.0	297.0	186.0	42	8.0	94.0	61.0	0	0	7.1688830852508545	101840	8715.231980085373	85142	16.396307934014146	
-600021.0327339575	68.8125	8.805194805194805	117.42857142857143	75.48051948051948	-8.926633463006329	1273	6094	95	15.0	287.0	176.0	39	8.0	91.0	59.0	0	0	5.641391277313232	101920	8720.873371362686	85208	16.39717425431712	
-600012.858153916	69.625	9.191780821917808	133.15068493150685	85.0	-8.926633463006329	1274	6101	105	15.0	310.0	191.0	48	8.0	91.0	59.0	0	0	6.727210760116577	102000	8727.600582122803	85269	16.40294117647059	
-487524.768962296	69.575	9.613333333333333	143.44	91.33333333333333	-8.926633463006329	1275	6106	116	15.0	348.0	223.0	26	8.0	90.0	58.0	0	0	7.324664115905762	102080	8734.925246238708	85331	16.40771943573668	
-575020.2298064422	67.6	9.533333333333333	143.8	91.57333333333334	-8.926633463006329	1276	6111	116	18.0	315.0	202.0	36	8.0	91.0	59.0	0	0	6.877936840057373	102160	8741.803183078766	85394	16.411511354737655	
-625015.8340466688	67.1625	9.371794871794872	133.37179487179486	85.34615384615384	-8.926633463006329	1277	6113	104	14.0	301.0	189.0	30	7.0	74.0	48.0	0	0	7.218688249588013	102240	8749.021871328354	85461	16.411384976525824	
-637512.652349684	67.4625	9.453333333333333	134.94666666666666	86.57333333333334	-8.926633463006329	1278	6118	125	18.0	304.0	195.0	30	8.0	88.0	57.0	0	0	6.7155961990356445	102320	8755.73746752739	85527	16.412236121970295	
-587521.1573794099	66.2875	9.68421052631579	144.57894736842104	92.30263157894737	-8.926633463006329	1279	6122	104	16.0	287.0	175.0	30	8.0	88.0	57.0	0	0	6.984224557876587	102400	8762.721692085266	85592	16.4140625	
-487521.836505319	71.0	9.506849315068493	136.31506849315068	87.0	-8.926633463006329	1280	6129	107	15.0	348.0	216.0	32	8.0	87.0	56.0	0	0	6.724915027618408	102480	8769.446607112885	85652	16.420765027322403	
-512522.3850229064	67.45	9.381578947368421	133.1184210526316	85.30263157894737	-8.926633463006329	1281	6133	101	15.0	338.0	208.0	34	8.0	91.0	59.0	0	0	5.837276220321655	102560	8775.283883333206	85714	16.42550702028082	
-525013.8570213851	66.85	9.051282051282051	131.75641025641025	84.16666666666667	-8.926633463006329	1282	6135	87	13.0	338.0	208.0	47	7.0	90.0	58.0	0	0	5.621169328689575	102640	8780.905052661896	85780	16.426344505066254	
-537515.1243345131	66.0	9.31081081081081	134.78378378378378	86.12162162162163	-8.926633463006329	1283	6141	101	13.0	283.0	175.0	33	8.0	85.0	55.0	0	0	4.515901565551758	102720	8785.420954227448	85838	16.434968847352025	
-600008.7670999977	65.3	9.32	127.54666666666667	81.88	-8.926633463006329	1284	6146	89	15.0	277.0	180.0	32	7.0	82.0	53.0	0	0	4.9146575927734375	102800	8790.335611820221	85900	16.43968871595331	
-637514.1938658201	65.1375	9.18918918918919	131.66216216216216	84.33783783783784	-8.926633463006329	1285	6152	105	13.0	308.0	195.0	9	7.0	74.0	48.0	0	0	5.111195802688599	102880	8795.44680762291	85965	16.441485225505446	
-612518.6496058826	67.6	9.0	124.16883116883118	79.59740259740259	-8.926633463006329	1286	6155	103	13.0	312.0	190.0	32	8.0	83.0	54.0	0	0	5.6350953578948975	102960	8801.081902980804	86030	16.44327894327894	
-537534.9317567312	67.0	9.243243243243244	134.04054054054055	85.66216216216216	-8.926633463006329	1287	6161	111	15.0	244.0	155.0	23	8.0	83.0	54.0	0	0	6.424113035202026	103040	8807.506016016006	86092	16.44798136645963	
-512527.2332092311	68.95	9.12	135.32	86.28	-8.926633463006329	1288	6166	111	15.0	263.0	167.0	40	8.0	91.0	59.0	0	0	6.869239091873169	103120	8814.37525510788	86155	16.45170674941815	
-550022.434337503	69.2	9.51388888888889	131.91666666666666	84.58333333333333	-8.926633463006329	1289	6174	149	15.0	385.0	246.0	29	8.0	91.0	59.0	0	0	6.322141647338867	103200	8820.697396755219	86216	16.457364341085267	
-487531.1161999061	66.925	9.428571428571429	133.01298701298703	85.01298701298701	-8.926633463006329	1290	6177	113	15.0	274.0	176.0	21	8.0	91.0	59.0	0	0	6.829914093017578	103280	8827.527310848236	86277	16.46301316808676	
-512531.31515390566	66.75	9.805194805194805	135.80519480519482	87.11688311688312	-8.926633463006329	1291	6180	113	15.0	257.0	166.0	21	8.0	87.0	56.0	0	0	8.161974668502808	103360	8835.689285516739	86341	16.465750773993804	
-550019.9192904674	68.1125	9.635135135135135	135.7027027027027	86.95945945945945	-8.926633463006329	1292	6186	105	16.0	259.0	166.0	31	8.0	94.0	61.0	0	0	6.511675596237183	103440	8842.200961112976	86405	16.468484145398293	
-500016.1378910504	67.75	9.173333333333334	129.88	82.98666666666666	-8.926633463006329	1293	6191	112	14.0	335.0	211.0	22	8.0	91.0	59.0	0	0	5.785615921020508	103520	8847.986577033997	86471	16.469281298299848	
-462513.79620112793	66.975	9.168831168831169	128.58441558441558	82.27272727272727	-8.926633463006329	1294	6194	84	16.0	304.0	195.0	50	8.0	91.0	59.0	0	0	9.049681425094604	103600	8857.036258459091	86530	16.476833976833987	
-562511.5007342478	67.125	9.025974025974026	120.31168831168831	77.1948051948052	-8.926633463006329	1295	6197	127	18.0	289.0	184.0	7	8.0	87.0	56.0	0	0	6.462873458862305	103680	8863.499131917953	86596	16.477623456790127	
-500021.3836185678	68.2875	9.342105263157896	137.01315789473685	87.5	-8.926633463006329	1296	6201	127	18.0	331.0	208.0	36	8.0	94.0	61.0	0	0	6.031558036804199	103760	8869.530689954758	86665	16.475520431765617	
-575019.0751457006	67.2	9.094594594594595	137.17567567567568	87.3108108108108	-8.926633463006329	1297	6207	105	13.0	314.0	193.0	29	8.0	89.0	58.0	0	0	4.933502197265625	103840	8874.464192152023	86730	16.477272727272734	
-550015.0394948202	67.9	9.04109589041096	124.8082191780822	80.13698630136986	-8.926633463006329	1298	6214	103	15.0	295.0	186.0	37	7.0	90.0	58.0	0	0	4.3645408153533936	103920	8878.828732967377	86791	16.482871439568896	
-525034.4819990806	66.65	9.613333333333333	138.45333333333335	88.6	-8.926633463006329	1299	6219	108	16.0	305.0	196.0	26	8.0	84.0	54.0	0	0	4.5343804359436035	104000	8883.36311340332	86855	16.485576923076934	
-600018.5755637093	68.575	9.22972972972973	127.05405405405405	81.54054054054055	-8.926633463006329	1300	6225	114	14.0	226.0	141.0	40	8.0	90.0	58.0	0	0	4.585302352905273	104080	8887.948415756226	86917	16.490199846272105	
-587510.7621698849	69.2625	9.126582278481013	125.21518987341773	80.30379746835443	-8.926633463006329	1301	6226	138	15.0	299.0	187.0	32	8.0	88.0	57.0	0	0	5.099639177322388	104160	8893.048054933548	86985	16.489055299539174	
-662508.996565228	68.45	9.333333333333334	128.97222222222223	82.58333333333333	-8.926633463006329	1302	6234	110	17.0	300.0	186.0	31	8.0	87.0	56.0	0	0	4.41170334815979	104240	8897.459758281708	87046	16.494627782041434	
-600022.1217960896	69.9875	9.355263157894736	131.21052631578948	83.98684210526316	-8.926633463006329	1303	6238	120	14.0	260.0	166.0	17	8.0	83.0	54.0	0	0	4.915802240371704	104320	8902.37556052208	87110	16.49731595092024	
-587519.0101089488	73.125	9.10126582278481	127.31645569620254	81.46835443037975	-8.926633463006329	1304	6239	117	14.0	247.0	155.0	27	8.0	87.0	56.0	0	0	4.766075134277344	104400	8907.141635656357	87178	16.496168582375475	
-587520.5039914997	68.3125	9.368421052631579	132.8421052631579	84.92105263157895	-8.926633463006329	1305	6243	111	14.0	227.0	141.0	17	8.0	89.0	58.0	0	0	4.896272420883179	104480	8912.03790807724	87244	16.4969372128637	
-650020.9881013988	67.0	9.68918918918919	144.8918918918919	92.3108108108108	-8.926633463006329	1306	6249	127	16.0	332.0	201.0	31	8.0	88.0	57.0	0	0	5.155184984207153	104560	8917.193093061447	87310	16.497704667176734	
-537531.6871467794	67.3875	9.283783783783784	140.0	89.21621621621621	-8.926633463006329	1307	6255	119	14.0	264.0	166.0	15	8.0	88.0	57.0	0	0	4.897155523300171	104640	8922.090248584747	87377	16.497515290519885	
-450017.2168716523	67.0875	9.179487179487179	133.78205128205127	85.44871794871794	-8.926633463006329	1308	6257	115	15.0	287.0	175.0	19	7.0	90.0	58.0	0	0	4.9920525550842285	104720	8927.082301139832	87443	16.49828113063407	
-562516.7111039355	67.225	9.285714285714286	134.0909090909091	85.79220779220779	-8.926633463006329	1309	6260	131	17.0	266.0	164.0	3	8.0	94.0	61.0	0	0	5.026251316070557	104800	8932.108552455902	87512	16.496183206106878	
-450031.44794777967	67.0	9.698630136986301	147.97260273972603	94.15068493150685	-8.926633463006329	1310	6267	94	17.0	354.0	218.0	40	8.0	94.0	61.0	0	0	5.1020612716674805	104880	8937.21061372757	87579	16.495995423340958	
-537523.0703012727	67.3625	9.152777777777779	131.47222222222223	83.93055555555556	-8.926633463006329	1311	6275	118	12.0	310.0	189.0	16	8.0	94.0	61.0	0	0	5.241945028305054	104960	8942.452558755875	87642	16.499618902439025	
-537532.7108604038	69.725	9.466666666666667	140.77333333333334	89.57333333333334	-8.926633463006329	1312	6280	124	15.0	318.0	195.0	30	8.0	88.0	57.0	0	0	6.0939130783081055	105040	8948.546471834183	87706	16.502284843868992	
-500018.72911774385	68.6875	9.756756756756756	148.21621621621622	94.45945945945945	-8.926633463006329	1313	6286	114	17.0	378.0	243.0	20	8.0	94.0	61.0	0	0	5.383699893951416	105120	8953.930171728134	87771	16.503995433789953	
-475015.4813083834	69.825	9.394736842105264	129.47368421052633	83.14473684210526	-8.926633463006329	1314	6290	139	17.0	240.0	156.0	32	8.0	94.0	61.0	0	0	5.708547830581665	105200	8959.638719558716	87833	16.508555133079852	
-500021.8587465317	69.3625	9.03896103896104	127.85714285714286	82.03896103896103	-8.926633463006329	1315	6293	111	17.0	299.0	193.0	30	8.0	83.0	54.0	0	0	5.189579725265503	105280	8964.828299283981	87896	16.51215805471125	
-562531.2701517891	69.4125	9.256410256410257	126.47435897435898	81.1923076923077	-8.926633463006329	1316	6295	107	13.0	281.0	177.0	30	7.0	89.0	58.0	0	0	5.122229814529419	105360	8969.95052909851	87967	16.508162490508724	
-625017.4045144342	69.9	9.564102564102564	140.76923076923077	89.85897435897436	-8.926633463006329	1317	6297	115	17.0	378.0	243.0	26	8.0	88.0	57.0	0	0	6.228487730026245	105440	8976.179016828537	88037	16.50512139605462	
-537527.5879077375	68.4375	9.027397260273972	124.6027397260274	79.79452054794521	-8.926633463006329	1318	6304	118	16.0	316.0	197.0	16	8.0	94.0	61.0	0	0	4.072518348693848	105520	8980.25153517723	88092	16.51630022744503	
-537515.2086545953	66.825	8.933333333333334	118.26666666666667	75.92	-8.926633463006329	1319	6309	113	15.0	227.0	141.0	23	8.0	84.0	54.0	0	0	5.634294509887695	105600	8985.885829687119	88156	16.51893939393939	
-562524.884260426	67.1875	9.467532467532468	131.7012987012987	84.37662337662337	-8.926633463006329	1320	6312	101	14.0	254.0	161.0	33	8.0	85.0	55.0	0	0	6.341688394546509	105680	8992.227518081665	88226	16.51589704769114	
-550021.1771374905	66.9125	9.207792207792208	128.0	81.9090909090909	-8.926633463006329	1321	6315	109	13.0	227.0	141.0	25	8.0	89.0	58.0	0	0	4.537980079650879	105760	8996.765498161316	88287	16.52136913767019	
-562520.8568279257	66.2875	9.697368421052632	136.8815789473684	87.8157894736842	-8.926633463006329	1322	6319	100	16.0	340.0	218.0	34	7.0	86.0	56.0	0	0	6.959559917449951	105840	9003.725058078766	88353	16.522108843537424	
-550024.5009584788	67.7875	9.307692307692308	126.8974358974359	81.58974358974359	-8.926633463006329	1323	6321	102	17.0	378.0	243.0	32	7.0	90.0	58.0	0	0	6.027538299560547	105920	9009.752596378326	88420	16.521903323262848	
-600020.2366912914	66.575	9.513513513513514	136.33783783783784	87.12162162162163	-8.926633463006329	1324	6327	120	15.0	310.0	191.0	36	8.0	94.0	61.0	0	0	6.3576624393463135	106000	9016.110258817673	88478	16.530188679245285	
-450012.02646332735	66.9625	8.68918918918919	121.63513513513513	77.78378378378379	-8.926633463006329	1325	6333	119	13.0	230.0	141.0	15	7.0	74.0	48.0	0	0	5.6311118602752686	106080	9021.741370677948	88538	16.536576168929102	
-537518.0819135619	67.6125	8.95890410958904	123.38356164383562	79.12328767123287	-8.926633463006329	1326	6340	111	13.0	255.0	157.0	43	8.0	89.0	58.0	0	0	5.370074272155762	106160	9027.111444950104	88600	16.541070082893754	
-612511.1290525704	67.775	9.171052631578947	126.13157894736842	80.88157894736842	-8.926633463006329	1327	6344	97	17.0	254.0	164.0	37	8.0	88.0	57.0	0	0	5.9317381381988525	106240	9033.043183088303	88661	16.546498493975903	
-587513.2868595803	67.725	8.931506849315069	123.31506849315069	78.94520547945206	-8.926633463006329	1328	6351	110	15.0	298.0	190.0	24	8.0	79.0	51.0	0	0	4.8469579219818115	106320	9037.890141010284	88727	16.547215951843484	
-550012.4807927611	67.125	9.027397260273972	124.63013698630137	79.87671232876713	-8.926633463006329	1329	6358	114	20.0	369.0	240.0	20	8.0	88.0	57.0	0	0	6.042258024215698	106400	9043.9323990345	88792	16.548872180451127	
-525021.6414827489	67.8625	9.294871794871796	131.44871794871796	84.15384615384616	-8.926633463006329	1330	6360	143	15.0	266.0	170.0	22	8.0	91.0	59.0	0	0	5.715621709823608	106480	9049.648020744324	88861	16.54676934635613	
-525017.3334706118	69.4	9.12987012987013	126.32467532467533	81.0	-8.926633463006329	1331	6363	106	16.0	314.0	201.0	54	8.0	88.0	57.0	0	0	7.036779403686523	106560	9056.68480014801	88924	16.550300300300307	
-587516.5227088513	68.075	9.306666666666667	130.42666666666668	83.32	-8.926633463006329	1332	6368	107	15.0	255.0	160.0	27	8.0	83.0	54.0	0	0	5.682859659194946	106640	9062.367659807205	88993	16.54819954988747	
-537526.7206983874	68.575	9.473684210526315	132.9078947368421	85.0657894736842	-8.926633463006329	1333	6372	119	14.0	293.0	184.0	24	8.0	89.0	58.0	0	0	6.828497886657715	106720	9069.196157693863	89057	16.550787106446776	
-512532.1982678911	67.7125	9.384615384615385	130.06410256410257	83.34615384615384	-8.926633463006329	1334	6374	118	14.0	274.0	176.0	34	8.0	87.0	56.0	0	0	5.3168981075286865	106800	9074.513055801392	89123	16.55149812734082	
-487524.4396934152	66.675	9.223684210526315	127.98684210526316	81.98684210526316	-8.926633463006329	1335	6378	89	15.0	318.0	193.0	45	8.0	91.0	59.0	0	0	4.367008686065674	106880	9078.880064487457	89180	16.560628742514965	
-537519.0973003333	67.125	9.305555555555555	130.59722222222223	83.61111111111111	-8.926633463006329	1336	6386	109	15.0	266.0	163.0	25	8.0	89.0	58.0	0	0	5.97769570350647	106960	9084.857760190964	89240	16.56694091249065	
-512523.63336601167	68.125	9.162162162162161	127.82432432432432	81.72972972972973	-8.926633463006329	1337	6392	107	14.0	298.0	186.0	27	8.0	83.0	54.0	0	0	5.009082078933716	107040	9089.866842269897	89304	16.56950672645739	
-562522.7668773967	65.9625	9.291666666666666	131.68055555555554	84.375	-8.926633463006329	1338	6400	99	15.0	301.0	193.0	35	8.0	87.0	56.0	0	0	4.712156534194946	107120	9094.578998804092	89365	16.574869305451827	
-525025.6737643934	67.9	9.175675675675675	132.51351351351352	84.67567567567568	-8.926633463006329	1339	6406	130	14.0	269.0	169.0	21	7.0	88.0	57.0	0	0	6.5148279666900635	107200	9101.093826770782	89427	16.579291044776127	
-562518.0826266116	66.125	9.373333333333333	135.42666666666668	86.46666666666667	-8.926633463006329	1340	6411	138	17.0	306.0	191.0	9	8.0	79.0	51.0	0	0	5.0193963050842285	107280	9106.113223075867	89495	16.578113348247584	
-525030.3354876213	66.9125	9.552631578947368	141.32894736842104	90.0	-8.926633463006329	1341	6415	111	15.0	306.0	191.0	23	8.0	88.0	57.0	0	0	7.666344404220581	107360	9113.779567480087	89565	16.575074515648296	
-637511.4371807284	68.7	9.386666666666667	134.81333333333333	86.26666666666667	-8.926633463006329	1342	6420	112	17.0	380.0	243.0	27	8.0	84.0	54.0	0	0	4.767983675003052	107440	9118.54755115509	89630	16.57669396872673	
-612518.393626187	69.6875	9.786666666666667	139.84	89.41333333333333	-8.926633463006329	1343	6425	114	17.0	314.0	193.0	19	8.0	94.0	61.0	0	0	5.842248201370239	107520	9124.38979935646	89698	16.57552083333333	
-525020.3048690857	67.5875	9.424657534246576	136.4931506849315	87.23287671232876	-8.926633463006329	1344	6432	114	14.0	321.0	202.0	20	8.0	91.0	59.0	0	0	5.599272966384888	107600	9129.989072322845	89761	16.578996282527882	
-600023.0627029508	68.2375	9.342465753424657	133.53424657534248	85.38356164383562	-8.926633463006329	1345	6439	136	15.0	299.0	188.0	28	8.0	91.0	59.0	0	0	5.259986400604248	107680	9135.24905872345	89825	16.581537890044572	
-550016.9831814656	68.3875	8.77027027027027	125.45945945945945	80.1891891891892	-8.926633463006329	1346	6445	104	14.0	269.0	172.0	30	7.0	82.0	53.0	0	0	6.662353038787842	107760	9141.911411762238	89893	16.580363771343727	
-612531.3112579848	66.7375	9.413333333333334	140.54666666666665	89.49333333333334	-8.926633463006329	1347	6450	93	17.0	378.0	243.0	39	7.0	82.0	53.0	0	0	5.29077672958374	107840	9147.202188491821	89961	16.57919139465875	
-575031.5915439285	68.875	9.948051948051948	147.96103896103895	94.45454545454545	-8.926633463006329	1348	6453	122	16.0	287.0	175.0	12	8.0	94.0	61.0	0	0	7.290291786193848	107920	9154.492480278015	90031	16.576167531504808	
-487533.1499687072	68.225	9.263157894736842	132.07894736842104	84.59210526315789	-8.926633463006329	1349	6457	87	14.0	259.0	166.0	61	8.0	89.0	58.0	0	0	5.404895067214966	108000	9159.89737534523	90100	16.574074074074076	
-625020.9668271927	66.925	9.780821917808218	146.986301369863	93.84931506849315	-8.926633463006329	1350	6464	104	17.0	290.0	186.0	30	8.0	94.0	61.0	0	0	5.677658319473267	108080	9165.575033664703	90163	16.577535159141377	
-587519.6771219375	67.0	9.35135135135135	129.43243243243242	82.97297297297297	-8.926633463006329	1351	6470	108	17.0	298.0	190.0	26	8.0	79.0	51.0	0	0	5.6499669551849365	108160	9171.225000619888	90222	16.584689349112423	
-637509.7246035208	66.9375	9.450704225352112	132.66197183098592	85.04225352112677	-8.926633463006329	1352	6479	104	15.0	293.0	184.0	30	8.0	90.0	58.0	0	0	4.40988826751709	108240	9175.634888887405	90281	16.591832963784185	
-562515.8739684594	65.4875	9.38961038961039	130.5064935064935	83.59740259740259	-8.926633463006329	1353	6482	100	15.0	284.0	174.0	34	8.0	86.0	56.0	0	0	5.897657871246338	108320	9181.532546758652	90346	16.59342688330871	
-487516.62396088336	64.5625	9.12	126.22666666666667	80.82666666666667	-8.926633463006329	1354	6487	99	13.0	290.0	184.0	35	7.0	74.0	48.0	0	0	5.618685722351074	108400	9187.151232481003	90411	16.59501845018451	
-500023.41269723	66.2375	9.430379746835444	133.36708860759492	85.37974683544304	-8.926633463006329	1355	6488	90	15.0	306.0	191.0	35	8.0	91.0	59.0	0	0	5.361084699630737	108480	9192.512317180634	90479	16.593842182890853	
-550017.2894057966	67.3375	8.973684210526315	123.34210526315789	79.09210526315789	-8.926633463006329	1356	6492	108	15.0	266.0	172.0	26	8.0	88.0	57.0	0	0	7.154978275299072	108560	9199.667295455933	90547	16.59266764922623	
-562519.2348330475	70.9375	8.987179487179487	126.48717948717949	80.8974358974359	-8.926633463006329	1357	6494	134	17.0	289.0	185.0	36	8.0	85.0	55.0	0	0	4.984265565872192	108640	9204.651561021805	90614	16.592415316642118	
-412520.97974515986	67.4	8.873417721518987	122.55696202531645	78.56962025316456	-8.926633463006329	1358	6495	108	14.0	228.0	146.0	22	7.0	82.0	53.0	0	0	5.831939697265625	108720	9210.48350071907	90680	16.59308314937455	
-512518.7577099247	65.85	9.22972972972973	134.93243243243242	85.98648648648648	-8.926633463006329	1359	6501	107	14.0	305.0	191.0	23	8.0	89.0	58.0	0	0	6.214188098907471	108800	9216.697688817978	90738	16.601102941176464	
-512521.5688060418	67.0625	9.115384615384615	130.5897435897436	83.46153846153847	-8.926633463006329	1360	6503	105	17.0	378.0	243.0	29	8.0	93.0	60.0	0	0	5.85228419303894	108880	9222.549973011017	90805	16.60084496693608	
-487524.2182880478	66.9	9.426666666666666	133.02666666666667	85.22666666666667	-8.926633463006329	1361	6508	98	14.0	245.0	158.0	36	8.0	83.0	54.0	0	0	7.310971021652222	108960	9229.860944032669	90871	16.601505139500745	
-500018.5870680131	66.975	8.933333333333334	126.26666666666667	80.82666666666667	-8.926633463006329	1362	6513	98	13.0	262.0	166.0	36	8.0	91.0	59.0	0	0	5.424957990646362	109040	9235.285902023315	90934	16.60491562729274	
-475028.18580118136	68.1625	9.405405405405405	130.74324324324326	83.8108108108108	-8.926633463006329	1363	6519	98	16.0	245.0	156.0	40	8.0	86.0	56.0	0	0	7.293934345245361	109120	9242.57983636856	91002	16.603739002932542	
-575016.3998409783	68.1625	9.178082191780822	130.67123287671234	83.71232876712328	-8.926633463006329	1364	6526	105	15.0	267.0	170.0	47	8.0	89.0	58.0	0	0	4.912996292114258	109200	9247.492832660675	91065	16.607142857142847	
-487523.8857949854	68.9875	9.346666666666666	130.85333333333332	83.64	-8.926633463006329	1365	6531	116	15.0	305.0	186.0	18	8.0	91.0	59.0	0	0	5.011075735092163	109280	9252.503908395767	91128	16.61054172767203	
-575015.331901947	69.9875	9.272727272727273	129.62337662337663	83.01298701298701	-8.926633463006329	1366	6534	118	15.0	271.0	176.0	16	8.0	94.0	61.0	0	0	5.305661201477051	109360	9257.809569597244	91192	16.613021214337962	
-550015.5773446152	67.2875	9.41025641025641	137.10256410256412	87.67948717948718	-8.926633463006329	1367	6536	101	15.0	274.0	176.0	33	8.0	91.0	59.0	0	0	5.512096881866455	109440	9263.32166647911	91257	16.61458333333333	
-612519.2130640881	65.45	9.381578947368421	137.57894736842104	87.88157894736842	-8.926633463006329	1368	6540	99	15.0	300.0	186.0	18	8.0	82.0	53.0	0	0	5.169706106185913	109520	9268.491372585297	91316	16.621621621621614	
-500022.82183819235	63.4	9.51388888888889	141.63888888888889	90.41666666666667	-8.926633463006329	1369	6548	100	16.0	319.0	202.0	23	8.0	89.0	58.0	0	0	4.691548109054565	109600	9273.182920694351	91376	16.627737226277375	
-537514.9513509844	65.575	9.208333333333334	130.68055555555554	83.58333333333333	-8.926633463006329	1370	6556	139	14.0	259.0	166.0	12	7.0	79.0	51.0	0	0	4.593874216079712	109680	9277.77679491043	91436	16.63384390955507	
-550019.8580638232	66.15	9.519480519480519	130.2987012987013	83.50649350649351	-8.926633463006329	1371	6559	115	17.0	274.0	176.0	19	7.0	85.0	55.0	0	0	5.118948221206665	109760	9282.895743131638	91504	16.632653061224488	
-562517.9898676572	67.675	9.767123287671232	142.0	90.4931506849315	-8.926633463006329	1372	6566	105	18.0	361.0	234.0	29	7.0	90.0	58.0	0	0	5.285256862640381	109840	9288.180999994278	91569	16.63419519300801	
-637516.7860497894	66.475	9.732394366197184	138.83098591549296	88.73239436619718	-8.926633463006329	1373	6575	96	17.0	356.0	223.0	41	8.0	85.0	55.0	0	0	5.0223119258880615	109920	9293.203311920166	91630	16.639374090247443	
-475025.07457368646	66.975	9.216216216216216	128.7972972972973	82.54054054054055	-8.926633463006329	1374	6581	101	17.0	407.0	257.0	33	8.0	94.0	61.0	0	0	5.413753271102905	110000	9298.617065191269	91693	16.64272727272727	
-525023.3209138322	67.725	9.105263157894736	129.8421052631579	83.11842105263158	-8.926633463006329	1375	6585	105	15.0	353.0	223.0	29	8.0	91.0	59.0	0	0	5.466892719268799	110080	9304.083957910538	91757	16.64516715116278	
-587515.9728498756	67.15	9.278481012658228	139.0126582278481	88.51898734177215	-8.926633463006329	1376	6586	91	16.0	262.0	166.0	43	8.0	83.0	54.0	0	0	6.188033819198608	110160	9310.271991729736	91831	16.63852578068264	
-650017.3672583675	67.7125	9.205128205128204	130.83333333333334	83.88461538461539	-8.926633463006329	1377	6588	86	14.0	259.0	166.0	48	8.0	79.0	51.0	0	0	5.2935614585876465	110240	9315.565553188324	91897	16.63915094339623	
-525026.3191381607	67.1875	9.573333333333334	137.81333333333333	88.09333333333333	-8.926633463006329	1378	6593	99	14.0	313.0	195.0	35	8.0	91.0	59.0	0	0	4.963098526000977	110320	9320.528651714325	91961	16.64158810732414	
-550021.6191568883	68.25	9.36	139.0	88.64	-8.926633463006329	1379	6598	99	13.0	283.0	181.0	38	8.0	91.0	59.0	0	0	5.115678310394287	110400	9325.64433002472	92023	16.645833333333343	
-500020.3111948805	68.7375	9.337837837837839	140.56756756756758	89.5945945945946	-8.926633463006329	1380	6604	117	14.0	313.0	200.0	28	8.0	91.0	59.0	0	0	5.049627780914307	110480	9330.693957805634	92089	16.64645184648805	
-575024.2162372767	69.8875	9.2	132.66666666666666	84.84	-8.926633463006329	1381	6609	120	14.0	313.0	200.0	21	7.0	89.0	58.0	0	0	5.476591348648071	110560	9336.170549154282	92156	16.646164978292333	
-475025.6997368155	66.2	9.18421052631579	128.71052631578948	82.57894736842105	-8.926633463006329	1382	6613	120	15.0	300.0	192.0	21	7.0	82.0	53.0	0	0	5.0975446701049805	110640	9341.268093824387	92220	16.648590021691973	
-537525.8152611464	67.0	9.216216216216216	133.94594594594594	85.37837837837837	-8.926633463006329	1383	6619	102	14.0	268.0	166.0	32	8.0	88.0	57.0	0	0	5.2624170780181885	110720	9346.530510902405	92283	16.65191473988439	
-475024.32363263034	69.475	9.337662337662337	135.2077922077922	86.20779220779221	-8.926633463006329	1384	6622	122	17.0	329.0	211.0	42	8.0	91.0	59.0	0	0	5.850110292434692	110800	9352.38062119484	92352	16.649819494584833	
-525016.6973698444	70.3	9.39240506329114	136.9620253164557	87.37974683544304	-8.926633463006329	1385	6623	122	14.0	278.0	169.0	66	8.0	89.0	58.0	0	0	6.095789909362793	110880	9358.476411104202	92421	16.64772727272728	
-525019.7577039186	71.675	9.35064935064935	135.76623376623377	86.84415584415585	-8.926633463006329	1386	6626	154	15.0	290.0	183.0	25	8.0	79.0	51.0	0	0	5.484159469604492	110960	9363.960570573807	92489	16.646539293439076	
-587522.1019999685	77.1	9.256756756756756	133.75675675675674	85.64864864864865	-8.926633463006329	1387	6632	135	14.0	304.0	191.0	51	8.0	83.0	54.0	0	0	5.570790529251099	111040	9369.531361103058	92554	16.648054755043233	
-600018.9625248367	73.525	9.35135135135135	134.8918918918919	86.22972972972973	-8.926633463006329	1388	6638	122	15.0	304.0	191.0	31	8.0	91.0	59.0	0	0	5.458533763885498	111120	9374.989894866943	92614	16.65406767458603	
-612510.4214091372	69.175	9.236842105263158	131.9078947368421	84.53947368421052	-8.926633463006329	1389	6642	122	17.0	341.0	217.0	23	8.0	83.0	54.0	0	0	5.094267129898071	111200	9380.084161996841	92679	16.655575539568346	
-500035.4207903968	66.925	9.64935064935065	134.1818181818182	86.20779220779221	-8.926633463006329	1390	6645	106	18.0	294.0	184.0	23	8.0	83.0	54.0	0	0	5.33805251121521	111280	9385.422214508057	92747	16.654385334291874	
-612510.0763479247	71.425	9.106666666666667	127.29333333333334	81.50666666666666	-8.926633463006329	1391	6650	111	14.0	282.0	177.0	23	8.0	88.0	57.0	0	0	4.889319896697998	111360	9390.311534404755	92812	16.655890804597703	
-525021.2032708224	73.375	9.573333333333334	145.42666666666668	92.44	-8.926633463006329	1392	6655	137	14.0	305.0	191.0	23	8.0	85.0	55.0	0	0	5.546713829040527	111440	9395.858248233795	92880	16.654702081837755	
-462521.4396182393	74.725	9.545454545454545	139.46753246753246	89.02597402597402	-8.926633463006329	1393	6658	106	16.0	303.0	190.0	29	8.0	85.0	55.0	0	0	5.611072301864624	111520	9401.46932053566	92949	16.65261836441894	
-550019.3193536431	73.825	9.407894736842104	134.5	85.82894736842105	-8.926633463006329	1394	6662	119	14.0	225.0	141.0	15	8.0	94.0	61.0	0	0	5.646634101867676	111600	9407.115954637527	93019	16.649641577060933	
-600013.1236816572	76.225	9.613333333333333	143.78666666666666	91.65333333333334	-8.926633463006329	1395	6667	114	18.0	312.0	197.0	38	8.0	94.0	61.0	0	0	5.429092645645142	111680	9412.545047283173	93084	16.651146131805163	
-562516.3299002462	73.8875	9.32	134.48	85.98666666666666	-8.926633463006329	1396	6672	129	14.0	264.0	166.0	44	8.0	89.0	58.0	0	0	6.090217351913452	111760	9418.635264635086	93141	16.659806728704368	
-500020.29997859604	73.7875	9.106666666666667	133.89333333333335	85.42666666666666	-8.926633463006329	1397	6677	124	14.0	288.0	187.0	40	8.0	94.0	61.0	0	0	5.603366851806641	111840	9424.238631486893	93204	16.66309012875537	
-475017.4266998664	69.75	9.294871794871796	133.12820512820514	84.8974358974359	-8.926633463006329	1398	6679	132	16.0	352.0	215.0	41	8.0	94.0	61.0	0	0	6.396227836608887	111920	9430.634859323502	93271	16.662794853466764	
-600008.4432890579	67.7	9.0	126.06849315068493	80.64383561643835	-8.926633463006329	1399	6686	113	13.0	227.0	141.0	21	8.0	91.0	59.0	0	0	5.070599794387817	112000	9435.70545911789	93334	16.666071428571428	
-625018.6077198142	67.4375	9.202702702702704	126.58108108108108	81.02702702702703	-8.926633463006329	1400	6692	115	16.0	305.0	191.0	19	8.0	89.0	58.0	0	0	5.2987987995147705	112080	9441.004257917404	93398	16.668451106352606	
-450029.6923812187	68.3375	9.644736842105264	131.25	84.28947368421052	-8.926633463006329	1401	6696	107	15.0	272.0	170.0	27	8.0	94.0	61.0	0	0	5.722078800201416	112160	9446.726336717606	93466	16.66726105563481	
-512525.2444681581	67.4	9.545454545454545	128.15584415584416	82.58441558441558	-8.926633463006329	1402	6699	119	15.0	272.0	174.0	15	8.0	91.0	59.0	0	0	5.518093109130859	112240	9452.244429826736	93532	16.667854597291523	
-462542.9155188032	66.525	9.276315789473685	132.19736842105263	84.52631578947368	-8.926633463006329	1403	6703	129	14.0	282.0	175.0	5	7.0	90.0	58.0	0	0	5.361553430557251	112320	9457.605983257294	93592	16.673789173789174	
-612513.9489117481	66.95	9.285714285714286	134.8181818181818	85.9090909090909	-8.926633463006329	1404	6706	125	14.0	307.0	190.0	9	8.0	83.0	54.0	0	0	5.827873706817627	112400	9463.433856964111	93660	16.672597864768676	
-575018.6015226009	67.825	8.987012987012987	125.03896103896103	80.03896103896103	-8.926633463006329	1405	6709	105	14.0	264.0	166.0	29	7.0	82.0	53.0	0	0	5.762871265411377	112480	9469.196728229523	93726	16.67318634423897	
-525030.7507836225	66.9625	9.153846153846153	132.89743589743588	84.78205128205128	-8.926633463006329	1406	6711	95	18.0	263.0	170.0	39	8.0	85.0	55.0	0	0	6.2699806690216064	112560	9475.466708898544	93794	16.671997157071786	
-537512.9797640123	66.8875	9.243589743589743	131.12820512820514	83.84615384615384	-8.926633463006329	1407	6713	113	16.0	295.0	181.0	16	8.0	91.0	59.0	0	0	5.854729890823364	112640	9481.321438789368	93862	16.670809659090907	
-525023.9047006833	67.375	9.027027027027026	131.1216216216216	83.58108108108108	-8.926633463006329	1408	6719	109	12.0	274.0	171.0	33	8.0	88.0	57.0	0	0	5.391216993331909	112720	9486.7126557827	93926	16.67317246273953	
-537521.1442731904	67.425	9.301369863013699	142.013698630137	90.28767123287672	-8.926633463006329	1409	6726	109	14.0	316.0	193.0	31	8.0	94.0	61.0	0	0	5.527873516082764	112800	9492.240529298782	93987	16.67819148936171	
-575020.3060344651	66.5375	9.207792207792208	136.37662337662337	87.0909090909091	-8.926633463006329	1410	6729	92	13.0	292.0	187.0	39	8.0	87.0	56.0	0	0	5.841555833816528	112880	9498.082085132599	94053	16.678773919206236	
-437521.675854375	67.375	9.379746835443038	137.18987341772151	87.64556962025317	-8.926633463006329	1411	6730	108	14.0	289.0	176.0	25	8.0	85.0	55.0	0	0	6.423095941543579	112960	9504.505181074142	94123	16.67581444759206	
-487528.08335095225	68.5	9.077922077922079	132.01298701298703	84.35064935064935	-8.926633463006329	1412	6733	107	13.0	296.0	181.0	37	7.0	82.0	53.0	0	0	5.840176105499268	113040	9510.345357179642	94191	16.674628450106155	
-537516.6713424441	69.4	9.564102564102564	136.3846153846154	87.53846153846153	-8.926633463006329	1413	6735	121	16.0	325.0	207.0	13	8.0	94.0	61.0	0	0	6.021358251571655	113120	9516.366715431213	94260	16.672560113154177	
-512519.9700482657	69.6125	9.506849315068493	137.67123287671234	87.97260273972603	-8.926633463006329	1414	6742	112	13.0	262.0	163.0	22	8.0	79.0	51.0	0	0	5.853117942810059	113200	9522.219833374023	94326	16.673144876325082	
-525015.4310886625	72.625	9.320512820512821	133.56410256410257	85.43589743589743	-8.926633463006329	1415	6744	112	17.0	378.0	243.0	28	8.0	79.0	51.0	0	0	5.877225160598755	113280	9528.097058534622	94394	16.671963276836152	
-600013.0186867072	70.0	9.04	130.42666666666668	83.26666666666667	-8.926633463006329	1416	6749	109	13.0	265.0	162.0	51	8.0	91.0	59.0	0	0	5.392943382263184	113360	9533.490001916885	94457	16.67519407198307	
-512520.25518018927	69.0	9.215189873417721	131.9873417721519	84.30379746835443	-8.926633463006329	1417	6750	107	13.0	294.0	184.0	32	8.0	93.0	60.0	0	0	5.648617267608643	113440	9539.138619184494	94523	16.67577574047955	
-512520.69575844315	67.5625	9.14102564102564	133.7051282051282	85.2051282051282	-8.926633463006329	1418	6752	107	13.0	310.0	191.0	32	8.0	91.0	59.0	0	0	5.97285270690918	113520	9545.111471891403	94589	16.67635658914729	
-625018.6175597735	67.0	9.337837837837839	130.06756756756758	83.1891891891892	-8.926633463006329	1419	6758	109	16.0	252.0	156.0	25	8.0	90.0	58.0	0	0	5.818833112716675	113600	9550.93030500412	94655	16.676936619718305	
-500018.3088557121	69.95	9.371794871794872	129.56410256410257	82.98717948717949	-8.926633463006329	1420	6760	109	15.0	274.0	176.0	43	8.0	91.0	59.0	0	0	6.029768705368042	113680	9556.960073709488	94721	16.67751583391977	
-537520.6169798825	68.85	9.297297297297296	136.5810810810811	87.06756756756756	-8.926633463006329	1421	6766	105	14.0	259.0	163.0	29	8.0	83.0	54.0	0	0	6.172288179397583	113760	9563.132361888885	94786	16.678973277074533	
-550017.1733108894	69.5875	9.155844155844155	133.35064935064935	85.05194805194805	-8.926633463006329	1422	6769	100	13.0	263.0	164.0	34	8.0	94.0	61.0	0	0	5.997819662094116	113840	9569.13018155098	94849	16.68218552354182	
-525016.150030597	70.9375	9.714285714285714	144.11688311688312	91.84415584415585	-8.926633463006329	1423	6772	177	16.0	306.0	190.0	8	8.0	91.0	59.0	0	0	6.2022387981414795	113920	9575.332420349121	94914	16.683637640449433	
-637530.3102091358	69.7125	9.473684210526315	141.46052631578948	90.19736842105263	-8.926633463006329	1424	6776	130	15.0	310.0	192.0	4	8.0	88.0	57.0	0	0	5.971902847290039	114000	9581.304323196411	94981	16.683333333333323	
-625021.4470928892	67.55	9.58974358974359	141.05128205128204	89.94871794871794	-8.926633463006329	1425	6778	104	17.0	296.0	191.0	38	8.0	94.0	61.0	0	0	6.0151379108428955	114080	9587.319461107254	95050	16.681276297335202	
-562517.4887750121	67.7625	9.25974025974026	138.96103896103895	88.72727272727273	-8.926633463006329	1426	6781	109	15.0	311.0	202.0	27	8.0	89.0	58.0	0	0	5.948588848114014	114160	9593.268049955368	95114	16.683601962158377	
-537519.6126917718	67.45	9.486842105263158	138.85526315789474	88.77631578947368	-8.926633463006329	1427	6785	110	13.0	270.0	172.0	24	8.0	82.0	53.0	0	0	5.83526349067688	114240	9599.103313446045	95181	16.683298319327733	
-587513.2357374022	67.0	9.465753424657533	140.1917808219178	89.47945205479452	-8.926633463006329	1428	6792	121	14.0	305.0	191.0	13	8.0	94.0	61.0	0	0	5.8772664070129395	114320	9604.980579853058	95245	16.685619314205738	
-575017.0089543205	65.7875	9.422535211267606	130.22535211267606	83.54929577464789	-8.926633463006329	1429	6801	97	17.0	255.0	157.0	37	8.0	93.0	60.0	0	0	5.587127208709717	114400	9610.567707061768	95307	16.689685314685306	
-450018.26382086065	67.8875	9.166666666666666	126.11538461538461	80.96153846153847	-8.926633463006329	1430	6803	136	17.0	386.0	248.0	25	8.0	94.0	61.0	0	0	5.823935508728027	114480	9616.391642570496	95371	16.69199860237596	
-525023.4283601448	67.1125	9.2	131.57333333333332	84.12	-8.926633463006329	1431	6808	88	17.0	386.0	248.0	46	8.0	91.0	59.0	0	0	6.340940713882446	114560	9622.732583284378	95437	16.692562849162	
-662517.4290599297	67.1375	9.35135135135135	133.6216216216216	85.47297297297297	-8.926633463006329	1432	6814	118	16.0	325.0	201.0	16	8.0	93.0	60.0	0	0	6.05324649810791	114640	9628.785829782486	95500	16.69574319609211	
-525023.9872650608	68.875	9.402597402597403	132.55844155844156	84.9090909090909	-8.926633463006329	1433	6817	116	14.0	297.0	186.0	27	7.0	74.0	48.0	0	0	6.464515447616577	114720	9635.250345230103	95567	16.695432357043245	
-625015.866092312	68.025	9.514285714285714	141.1	90.1	-8.925414009096404	1434	6827	130	14.0	297.0	181.0	15	8.0	89.0	58.0	0	0	5.550469636917114	114800	9640.80081486702	95627	16.701219512195124	
-512530.3094425763	68.9625	9.013157894736842	131.81578947368422	83.94736842105263	-8.925414009096404	1435	6831	130	13.0	281.0	177.0	27	8.0	87.0	56.0	0	0	6.121606111526489	114880	9646.922420978546	95692	16.702646239554326	
-462518.5833067774	68.6625	9.157894736842104	125.17105263157895	80.07894736842105	-8.925414009096404	1436	6835	132	14.0	227.0	141.0	11	7.0	82.0	53.0	0	0	6.1411988735198975	114960	9653.063619852066	95759	16.702331245650655	
-462534.87782359903	69.3375	9.077922077922079	128.07792207792207	81.88311688311688	-8.925414009096404	1437	6838	132	14.0	274.0	176.0	41	8.0	88.0	57.0	0	0	6.305113792419434	115040	9659.368733644485	95826	16.702016689847014	
-475034.43847516057	69.65	9.24	137.88	87.8	-8.925414009096404	1438	6843	132	13.0	281.0	177.0	41	8.0	89.0	58.0	0	0	6.225616216659546	115120	9665.594349861145	95894	16.700833912439194	
-475022.43342209735	71.2125	9.205128205128204	132.03846153846155	84.1923076923077	-8.925414009096404	1439	6845	132	14.0	286.0	182.0	25	8.0	89.0	58.0	0	0	6.63256049156189	115200	9672.226910352707	95966	16.696180555555557	
-637510.7477147786	71.2125	9.12987012987013	127.83116883116882	82.11688311688312	-8.925414009096404	1440	6848	132	17.0	289.0	187.0	29	8.0	85.0	55.0	0	0	5.839398384094238	115280	9678.066308736801	96033	16.69587092297016	
-600011.0307725982	67.7125	9.314285714285715	130.0	83.38571428571429	-8.925414009096404	1441	6858	143	17.0	294.0	190.0	31	8.0	94.0	61.0	0	0	5.7507758140563965	115360	9683.817084550858	96095	16.699895977808595	
-575023.9479119688	67.2625	9.571428571428571	138.23376623376623	88.2987012987013	-8.925414009096404	1442	6861	157	17.0	294.0	190.0	24	8.0	89.0	58.0	0	0	6.472782850265503	115440	9690.289867401123	96162	16.699584199584194	
-562527.5426597731	70.2	9.32876712328767	133.15068493150685	85.0	-8.925414009096404	1443	6868	157	14.0	225.0	146.0	40	8.0	83.0	54.0	0	0	5.741842031478882	115520	9696.031709432602	96227	16.70100415512465	
-475036.32918171247	69.6125	9.493506493506494	140.64935064935065	89.75324675324676	-8.925414009096404	1444	6871	116	15.0	233.0	150.0	30	8.0	94.0	61.0	0	0	6.2013561725616455	115600	9702.233065605164	96298	16.697231833910024	
-512522.09617134836	68.85	9.253333333333334	137.32	87.42666666666666	-8.925414009096404	1445	6876	124	15.0	372.0	223.0	28	8.0	83.0	54.0	0	0	6.788412809371948	115680	9709.021478414536	96368	16.69432918395573	
-575024.203228571	68.175	9.31578947368421	137.23684210526315	87.35526315789474	-8.925414009096404	1446	6880	126	13.0	339.0	211.0	28	8.0	87.0	56.0	0	0	6.287805080413818	115760	9715.30928349495	96437	16.692294402211473	
-500021.63520063227	67.6875	9.31578947368421	134.9078947368421	85.8157894736842	-8.925414009096404	1447	6884	111	12.0	218.0	140.0	28	8.0	89.0	58.0	0	0	6.4814229011535645	115840	9721.790706396103	96506	16.690262430939228	
-537523.3806898467	67.1	9.54054054054054	136.21621621621622	86.98648648648648	-8.925414009096404	1448	6890	104	14.0	248.0	158.0	30	8.0	94.0	61.0	0	0	6.477632522583008	115920	9728.268338918686	96574	16.689095928226365	
-412529.10879018425	66.1375	9.337662337662337	137.8181818181818	87.76623376623377	-8.92541290376962	1449	6893	113	14.0	291.0	181.0	21	8.0	88.0	57.0	0	0	6.611513614654541	116000	9734.87985253334	96644	16.686206896551724	
-425024.3293976194	67.25	9.105263157894736	129.77631578947367	82.90789473684211	-8.92541290376962	1450	6897	105	14.0	281.0	177.0	36	8.0	94.0	61.0	0	0	6.042693614959717	116080	9740.9225461483	96711	16.68590627153688	
-475025.41656409466	67.825	9.219178082191782	129.13698630136986	82.6986301369863	-8.92541290376962	1451	6904	105	16.0	291.0	188.0	40	8.0	94.0	61.0	0	0	5.943432807922363	116160	9746.865978956223	96773	16.689910468319553	
-550022.6492610724	68.25	9.232876712328768	131.6027397260274	84.02739726027397	-8.92541290376962	1452	6911	106	14.0	233.0	150.0	28	8.0	88.0	57.0	0	0	6.352654457092285	116240	9753.218633413315	96839	16.69046799724707	
-575024.4478821695	72.4	9.181818181818182	131.15584415584416	83.74025974025975	-8.92541290376962	1453	6914	127	13.0	247.0	152.0	30	8.0	83.0	54.0	0	0	6.674920558929443	116320	9759.893553972244	96911	16.685866574965615	
-537521.6500606111	70.4	9.397435897435898	131.2051282051282	83.93589743589743	-8.92541290376962	1454	6916	135	13.0	281.0	177.0	30	8.0	87.0	56.0	0	0	6.29728364944458	116400	9766.190837621689	96981	16.682989690721655	
-500023.20790369605	67.5625	9.175675675675675	130.3918918918919	83.25675675675676	-8.92541290376962	1455	6922	107	13.0	281.0	177.0	27	8.0	85.0	55.0	0	0	5.782343864440918	116480	9771.97318148613	97045	16.68526785714286	
-500032.73937695706	67.25	8.96103896103896	123.1038961038961	78.8051948051948	-8.92541290376962	1456	6925	94	14.0	219.0	137.0	40	7.0	89.0	58.0	0	0	6.363713026046753	116560	9778.336894512177	97115	16.68239533287577	
-462527.44776592404	68.9375	9.08	131.56	83.85333333333334	-8.92541290376962	1457	6930	99	15.0	319.0	204.0	35	7.0	90.0	58.0	0	0	6.220628499984741	116640	9784.557523012161	97181	16.682956104252398	
-550024.1885400359	67.0375	9.18918918918919	128.97297297297297	82.63513513513513	-8.92541290376962	1458	6936	87	16.0	294.0	192.0	38	8.0	85.0	55.0	0	0	6.134342193603516	116720	9790.691865205765	97248	16.68265935572309	
-537521.5482680267	67.2375	9.329113924050633	133.86075949367088	85.72151898734177	-8.92541290376962	1459	6937	82	13.0	281.0	177.0	52	8.0	94.0	61.0	0	0	6.562077283859253	116800	9797.253942489624	97317	16.680650684931507	
-525017.6891531787	67.5875	9.38961038961039	133.5974025974026	85.45454545454545	-8.92541290376962	1460	6940	96	17.0	302.0	195.0	38	8.0	88.0	57.0	0	0	6.717811107635498	116880	9803.97175359726	97387	16.677789185489388	
-525031.7275407144	66.175	9.32	134.48	86.05333333333333	-8.92541290376962	1461	6945	105	14.0	281.0	177.0	29	8.0	94.0	61.0	0	0	6.3690032958984375	116960	9810.340756893158	97454	16.677496580027366	
-587518.8241689646	69.6	9.354430379746836	135.22784810126583	86.16455696202532	-8.92541290376962	1462	6946	124	14.0	267.0	163.0	25	8.0	94.0	61.0	0	0	6.622708320617676	117040	9816.963465213776	97522	16.676349965823647	
-575022.2566193752	67.0	9.51388888888889	136.72222222222223	87.27777777777777	-8.92541290376962	1463	6954	119	14.0	266.0	161.0	15	8.0	94.0	61.0	0	0	5.97519588470459	117120	9822.93866109848	97589	16.676058743169392	
-525031.3777049226	65.95	9.214285714285714	128.35714285714286	82.14285714285714	-8.92541290376962	1464	6964	118	16.0	283.0	184.0	16	7.0	89.0	58.0	0	0	5.130397319793701	117200	9828.069058418274	97647	16.683447098976117	
-487522.1457625964	68.75	9.168831168831169	130.41558441558442	83.23376623376623	-8.92541290376962	1465	6967	137	15.0	281.0	177.0	33	8.0	89.0	58.0	0	0	6.453848123550415	117280	9834.522906541824	97716	16.681446111869036	
-550018.7725043163	66.8	9.324324324324325	135.24324324324326	86.27027027027027	-8.92541290376962	1466	6973	103	13.0	281.0	177.0	36	8.0	94.0	61.0	0	0	6.132648706436157	117360	9840.65555524826	97783	16.6811520109066	
-650018.2350388007	66.75	9.346153846153847	134.10256410256412	85.57692307692308	-8.92541290376962	1467	6975	115	17.0	372.0	223.0	19	8.0	85.0	55.0	0	0	7.115015983581543	117440	9847.770571231842	97856	16.675749318801095	
-550023.5352168002	67.2625	9.0	120.38666666666667	77.25333333333333	-8.92541290376962	1468	6980	115	13.0	372.0	223.0	43	8.0	87.0	56.0	0	0	6.209697484970093	117520	9853.980268716812	97924	16.674608577263456	
-575025.4698311681	68.0125	9.08	126.53333333333333	80.96	-8.92541290376962	1469	6985	115	12.0	284.0	177.0	23	8.0	94.0	61.0	0	0	5.962114572525024	117600	9859.942383289337	97990	16.675170068027214	
-562528.7880934769	68.0375	9.302631578947368	130.55263157894737	83.6842105263158	-8.92541290376962	1470	6989	110	14.0	280.0	178.0	32	8.0	84.0	54.0	0	0	6.21220326423645	117680	9866.154586553574	98059	16.673181509177425	
-525022.158750085	67.875	9.12	125.45333333333333	80.57333333333334	-8.92541290376962	1471	6994	105	13.0	239.0	153.0	29	8.0	93.0	60.0	0	0	6.170750856399536	117760	9872.325337409973	98125	16.673743206521735	
-525016.3512908065	67.0	9.026666666666667	119.97333333333333	77.22666666666667	-8.92541290376962	1472	6999	101	15.0	283.0	175.0	33	8.0	94.0	61.0	0	0	6.097010612487793	117840	9878.422348022461	98195	16.670909708078753	
-475036.09859184566	66.575	9.142857142857142	130.33766233766235	83.41558441558442	-8.92541290376962	1473	7002	97	13.0	283.0	175.0	33	8.0	93.0	60.0	0	0	6.094881057739258	117920	9884.5172290802	98263	16.669776119402997	
-612520.7188816059	66.575	9.25974025974026	128.2207792207792	82.14285714285714	-8.92541290376962	1474	7005	108	13.0	308.0	191.0	26	8.0	88.0	57.0	0	0	6.252277612686157	118000	9890.769506692886	98332	16.66779661016949	
-612521.9694193644	66.325	9.31578947368421	129.0	82.69736842105263	-8.92541290376962	1475	7009	111	13.0	267.0	170.0	23	8.0	89.0	58.0	0	0	6.656104803085327	118080	9897.425611495972	98401	16.665819783197833	
-600021.8202815908	67.425	9.763157894736842	140.76315789473685	90.09210526315789	-8.92541290376962	1476	7013	107	14.0	286.0	177.0	27	8.0	89.0	58.0	0	0	6.36076545715332	118160	9903.786376953125	98471	16.662999322951933	
-462533.7993907776	67.0875	9.797297297297296	148.44594594594594	94.37837837837837	-8.92541290376962	1477	7019	103	14.0	304.0	191.0	27	8.0	87.0	56.0	0	0	6.389167308807373	118240	9910.175544261932	98537	16.663565629228685	
-500033.2248963748	68.225	9.91139240506329	151.68354430379748	96.30379746835443	-8.92541290376962	1478	7020	99	16.0	313.0	194.0	35	8.0	80.0	52.0	0	0	6.94708251953125	118320	9917.122626781464	98612	16.656524678837044	
-550025.2637040116	67.5625	9.642857142857142	140.38571428571427	89.41428571428571	-8.92541290376962	1479	7030	119	16.0	296.0	190.0	10	8.0	84.0	54.0	0	0	5.542659521102905	118400	9922.665286302567	98676	16.658783783783775	
-525021.5552325199	70.0375	9.56578947368421	136.56578947368422	87.26315789473684	-8.92541290376962	1480	7034	113	13.0	297.0	186.0	31	8.0	89.0	58.0	0	0	6.099970579147339	118480	9928.765256881714	98746	16.65597569209993	
-475031.5808965574	69.5875	9.5	137.725	88.0125	-8.92541290376962	1481	7034	113	13	273	170	40	8	89	58	0	0	6.652521371841431	118560	9935.417778253555	98819	16.650641025641022	
-637514.6442064942	71.25	9.337662337662337	136.27272727272728	86.9090909090909	-8.92541290376962	1482	7037	110	13.0	284.0	177.0	35	8.0	79.0	51.0	0	0	5.901394844055176	118640	9941.31917309761	98887	16.649527983816597	
-550016.2603970992	70.2	9.2	129.75714285714287	82.98571428571428	-8.92541290376962	1483	7047	116	13.0	281.0	177.0	29	8.0	89.0	58.0	0	0	6.061220169067383	118720	9947.380393266678	98950	16.65262803234502	
-525022.6305403023	68.55	8.960526315789474	128.6315789473684	82.03947368421052	-8.92541290376962	1484	7051	101	13.0	259.0	162.0	33	8.0	88.0	57.0	0	0	6.403199195861816	118800	9953.78359246254	99017	16.6523569023569	
-537521.4348013178	68.475	9.421052631578947	137.67105263157896	87.9342105263158	-8.92541290376962	1485	7055	113	14.0	287.0	181.0	32	8.0	89.0	58.0	0	0	6.343779563903809	118880	9960.127372026443	99084	16.6520861372813	
-562529.1535593538	67.5875	9.391891891891891	134.27027027027026	85.89189189189189	-8.92541290376962	1486	7061	101	13.0	289.0	181.0	30	8.0	89.0	58.0	0	0	6.259073734283447	118960	9966.386445760727	99153	16.65013449899125	
-525025.958690485	68.65	9.454545454545455	134.3116883116883	86.0	-8.92541290376962	1487	7064	101	14.0	291.0	184.0	33	8.0	88.0	57.0	0	0	6.588565826416016	119040	9972.975011587143	99224	16.646505376344095	
-500035.3462131579	68.125	9.584415584415584	136.84415584415584	87.45454545454545	-8.92541290376962	1488	7067	90	16.0	281.0	177.0	44	8.0	89.0	58.0	0	0	6.674774408340454	119120	9979.649785995483	99295	16.642881128274013	
-512528.0720025678	67.3875	9.41095890410959	136.64383561643837	87.53424657534246	-8.92541290376962	1489	7074	114	16.0	295.0	185.0	15	8.0	91.0	59.0	0	0	5.699321508407593	119200	9985.349107503891	99362	16.642617449664428	
-500018.57284842414	66.9125	9.068493150684931	126.97260273972603	81.16438356164383	-8.92541290376962	1490	7081	119	13.0	233.0	147.0	15	8.0	84.0	54.0	0	0	6.216878652572632	119280	9991.565986156464	99428	16.643192488262912	
-575016.7374178228	65.1	9.541666666666666	131.27777777777777	84.22222222222223	-8.92541290376962	1491	7089	112	13.0	281.0	177.0	15	8.0	91.0	59.0	0	0	5.82372784614563	119360	9997.38971400261	99491	16.646280160857913	
-500032.97395056614	68.3	9.346666666666666	130.8	83.72	-8.92541290376962	1492	7094	105	15.0	261.0	166.0	49	8.0	89.0	58.0	0	0	6.498652696609497	119440	10003.888366699219	99557	16.646851975887472	
-512519.21904016996	68.5	9.376623376623376	130.24675324675326	83.63636363636364	-8.92541290376962	1493	7097	122	13.0	264.0	164.0	32	8.0	91.0	59.0	0	0	6.21105694770813	119520	10010.099423646927	99621	16.64909638554218	
-575017.9580291765	69.5125	9.315068493150685	131.1095890410959	83.8082191780822	-8.92541290376962	1494	7104	122	13.0	341.0	208.0	23	8.0	89.0	58.0	0	0	5.703797340393066	119600	10015.80322098732	99684	16.652173913043484	
-450029.1006584324	71.675	9.376623376623376	135.7922077922078	86.68831168831169	-8.92541290376962	1495	7107	148	16.0	365.0	222.0	17	8.0	87.0	56.0	0	0	6.630220174789429	119680	10022.43344116211	99753	16.650233957219257	
-462533.0340071803	69.95	9.197368421052632	130.46052631578948	83.51315789473684	-8.92541290376962	1496	7111	137	16.0	299.0	193.0	32	8.0	89.0	58.0	0	0	6.3093085289001465	119760	10028.74274969101	99823	16.64746158984636	
-562521.6871909723	66.8125	9.4	130.93333333333334	83.77333333333333	-8.92541290376962	1497	7116	110	15.0	259.0	167.0	30	8.0	89.0	58.0	0	0	6.26728892326355	119840	10035.010038614273	99890	16.64719626168224	
-600015.5657725383	68.325	9.675675675675675	142.83783783783784	90.95945945945945	-8.92541290376962	1498	7122	114	14.0	288.0	181.0	20	8.0	94.0	61.0	0	0	5.918736696243286	119920	10040.928775310516	99955	16.648599066044028	
-512521.07841845124	66.55	9.378378378378379	133.16216216216216	85.10810810810811	-8.92541290376962	1499	7128	107	18.0	350.0	219.0	22	8.0	88.0	57.0	0	0	6.020204782485962	120000	10046.948980093002	100021	16.649166666666673	
-512525.8799264582	68.2375	9.205479452054794	132.4794520547945	84.72602739726027	-8.92541290376962	1500	7135	102	14.0	272.0	175.0	32	8.0	88.0	57.0	0	0	6.396988153457642	120080	10053.34596824646	100089	16.64806795469687	
