ave_fitness	ave_genome_length	ave_tree_depth	ave_tree_nodes	ave_used_codons	best_fitness	gen	invalids	max_genome_length	max_tree_depth	max_tree_nodes	max_used_codons	min_genome_length	min_tree_depth	min_tree_nodes	min_used_codons	runtime_error	time_adjust	time_taken	total_inds	total_time	unique_inds	unused_search	
-6225381.4942947235	100.0	10.825	183.2375	115.725	-101.23040499609058	0	0	100	18	353	217	100	7	74	48	0	0	9.65529751777649	80	9.65529751777649	80	0.0	
-4387848.817893634	100.0	10.848101265822784	185.43037974683546	117.11392405063292	-101.23040499609058	1	1	170	18.0	395.0	246.0	30	8.0	92.0	59.0	0	0	9.324755668640137	160	18.980053186416626	155	3.125	
-3175328.206149137	97.4125	10.475	164.575	104.025	-91.52849787501445	2	1	180	15	279	171	20	8	79	51	0	0	9.793113708496094	240	28.77316689491272	230	4.166666666666657	
-2800332.5098730274	98.175	10.6	171.3875	107.4875	-86.56433161587798	3	1	130	16	475	289	63	8	95	61	0	0	9.090100526809692	320	37.86326742172241	305	4.6875	
-2287828.2106403057	99.7125	10.5875	176.1	110.15	-86.26334980009004	4	1	176	17	345	219	25	8	85	55	0	0	9.349713802337646	400	47.21298122406006	380	5.0	
-2762712.6083060503	100.6	10.569620253164556	178.54430379746836	111.55696202531645	-79.94158316491158	5	2	176	15.0	388.0	242.0	60	8.0	85.0	55.0	0	0	9.489655494689941	480	56.70263671875	455	5.208333333333343	
-2687742.818462497	100.075	10.743589743589743	177.1153846153846	110.76923076923077	-69.80463487702292	6	4	189	17.0	454.0	283.0	11	8.0	85.0	55.0	0	0	10.696685791015625	560	67.39932250976562	528	5.714285714285722	
-2400306.723641419	99.5875	10.177215189873417	167.41772151898735	104.51898734177215	-69.80463487702292	7	5	175	13.0	307.0	191.0	25	8.0	118.0	75.0	0	0	9.419363975524902	640	76.81868648529053	602	5.9375	
-2112683.6705969656	99.9125	10.645569620253164	168.35443037974684	105.40506329113924	-69.80463487702292	8	6	158	17.0	458.0	283.0	42	9.0	111.0	72.0	0	0	9.47715139389038	720	86.29583787918091	677	5.9722222222222285	
-1925293.8334931799	100.525	10.367088607594937	169.08860759493672	105.48101265822785	-69.49406094265387	9	7	157	15.0	362.0	225.0	43	9.0	128.0	81.0	0	0	10.928003311157227	800	97.22384119033813	752	6.0	
-2125236.0972995935	100.2625	10.4875	170.875	106.85	-66.60387989396864	10	7	159	21	473	293	41	9	91	59	0	0	9.303761720657349	880	106.52760291099548	826	6.13636363636364	
-1650230.3625032413	98.2	10.448717948717949	184.84615384615384	115.02564102564102	-66.28252137165353	11	9	142	18.0	468.0	289.0	58	8.0	82.0	53.0	0	0	9.84075117111206	960	116.36835408210754	900	6.25	
-2562689.1886204286	94.9	10.556962025316455	174.43037974683546	109.11392405063292	-66.28252137165353	12	10	146	17.0	391.0	246.0	14	8.0	80.0	52.0	0	0	11.549038648605347	1040	127.91739273071289	975	6.25	
-2087737.127612786	98.375	10.256410256410257	175.65384615384616	109.67948717948718	-66.28252137165353	13	12	149	14.0	305.0	192.0	51	8.0	85.0	55.0	0	0	9.404074907302856	1120	137.32146763801575	1049	6.339285714285708	
-2150225.461538621	97.6375	10.375	175.9625	109.6625	-66.28252137165353	14	12	136	14	320	199	54	9	99	64	0	0	10.009279251098633	1200	147.33074688911438	1125	6.25	
-1412709.00115457	97.7	10.425	181.175	112.4625	-66.08098601172364	15	12	121	14	320	193	61	8	98	63	0	0	11.789941787719727	1280	159.1206886768341	1201	6.171875	
-2237725.4654243095	96.875	10.714285714285714	193.85714285714286	120.57142857142857	-65.08297218104389	16	15	166	16.0	320.0	194.0	34	8.0	91.0	59.0	0	0	9.68352460861206	1360	168.80421328544617	1274	6.32352941176471	
-1187719.6632780242	95.35	10.657894736842104	183.28947368421052	113.92105263157895	-65.08297218104389	17	19	171	16.0	320.0	197.0	29	8.0	106.0	68.0	0	0	9.21810531616211	1440	178.02231860160828	1346	6.5277777777777715	
-1737710.2492077271	93.5625	10.448717948717949	183.57692307692307	114.14102564102564	-65.08297218104389	18	21	152	14.0	332.0	204.0	52	8.0	85.0	55.0	0	0	10.203688383102417	1520	188.2260069847107	1420	6.578947368421055	
-1650350.994396862	95.35	10.857142857142858	197.11688311688312	121.85714285714286	-65.08297218104389	19	24	172	21.0	353.0	226.0	23	8.0	117.0	74.0	0	0	11.131619691848755	1600	199.35762667655945	1493	6.6875	
-1875209.2612895924	96.825	10.275	179.6625	111.4875	-65.07649493778844	20	24	190	14	320	193	31	8	98	63	0	0	9.975964307785034	1680	209.33359098434448	1568	6.666666666666671	
-2050251.380087106	94.2	10.341772151898734	176.2405063291139	109.65822784810126	-64.56276703669069	21	25	192	21.0	609.0	382.0	50	8.0	100.0	64.0	0	0	10.853796005249023	1760	220.1873869895935	1642	6.704545454545453	
-1712725.640771369	90.2375	10.113924050632912	166.0759493670886	103.21518987341773	-61.62315358803532	22	26	147	13.0	307.0	186.0	38	9.0	111.0	70.0	0	0	10.956874370574951	1840	231.14426136016846	1716	6.739130434782609	
-1675227.5906725633	87.4	10.575	184.3625	114.6375	-61.62315358803532	23	26	145	16	420	265	48	8	117	75	0	0	10.791915893554688	1920	241.93617725372314	1792	6.666666666666671	
-1925238.6870801183	86.35	10.487179487179487	181.7051282051282	112.97435897435898	-61.490518891344536	24	28	148	14.0	380.0	237.0	16	9.0	113.0	73.0	0	0	11.439279794692993	2000	253.37545704841614	1866	6.699999999999989	
-2150241.6469270685	85.525	10.415584415584416	181.5064935064935	112.94805194805195	-59.70400318137713	25	31	151	15.0	351.0	218.0	31	9.0	127.0	80.0	0	0	12.335209846496582	2080	265.7106668949127	1939	6.778846153846146	
-2375159.394941162	82.35	10.153846153846153	164.24358974358975	102.47435897435898	-59.70400318137713	26	33	149	14.0	392.0	239.0	15	8.0	111.0	72.0	0	0	10.421873331069946	2160	276.13254022598267	2013	6.805555555555557	
-1762883.6394977123	82.425	10.421052631578947	166.75	104.26315789473684	-59.70400318137713	27	37	139	14.0	309.0	192.0	25	7.0	82.0	53.0	0	0	9.631241083145142	2240	285.7637813091278	2085	6.919642857142861	
-2550344.397144137	82.45	10.220779220779221	162.0	101.20779220779221	-59.70400318137713	28	40	133	13.0	283.0	179.0	31	7.0	82.0	53.0	0	0	9.207175493240356	2320	294.97095680236816	2157	7.025862068965523	
-1812709.6375974498	82.3625	10.31578947368421	165.78947368421052	103.60526315789474	-59.70400318137713	29	44	127	15.0	373.0	229.0	37	9.0	130.0	81.0	0	0	8.771363258361816	2400	303.74232006073	2229	7.125	
-2525277.91975174	82.7	10.225	163.525	101.8875	-59.69497467515849	30	44	129	13	338	211	46	8	96	62	0	0	9.653034687042236	2480	313.3953547477722	2302	7.177419354838705	
-1850174.786469552	82.0	10.256756756756756	160.40540540540542	99.86486486486487	-59.69497467515849	31	50	142	15.0	370.0	225.0	22	9.0	135.0	84.0	0	0	11.429186344146729	2560	324.82454109191895	2371	7.3828125	
-2475241.593281089	84.0125	10.384615384615385	176.0897435897436	109.75641025641026	-59.69497467515849	32	52	125	19.0	404.0	257.0	39	9.0	99.0	64.0	0	0	11.689423561096191	2640	336.51396465301514	2445	7.38636363636364	
-1725285.1802738532	81.7875	10.512820512820513	183.19230769230768	114.0	-59.40145703122735	33	54	136	16.0	370.0	225.0	43	9.0	112.0	72.0	0	0	9.738070011138916	2720	346.25203466415405	2519	7.389705882352942	
-1675259.1927786304	83.25	10.39240506329114	174.55696202531647	109.0379746835443	-59.40145703122735	34	55	146	16.0	386.0	244.0	18	9.0	119.0	75.0	0	0	10.451560258865356	2800	356.7035949230194	2593	7.392857142857139	
-2325207.11390694	82.0	10.546666666666667	166.62666666666667	103.98666666666666	-59.25419525443015	35	60	146	15.0	284.0	177.0	18	9.0	106.0	67.0	0	0	8.560559272766113	2880	365.2641541957855	2664	7.5	
-2075362.8099829988	82.0	10.576923076923077	169.17948717948718	105.55128205128206	-59.24927446227561	36	62	125	18.0	350.0	212.0	39	8.0	104.0	67.0	0	0	8.930206537246704	2960	374.1943607330322	2737	7.5337837837837895	
-2250203.5353131043	82.5625	10.346666666666666	169.49333333333334	105.54666666666667	-59.01739347939733	37	67	169	15.0	291.0	181.0	24	9.0	110.0	71.0	0	0	9.055067539215088	3040	383.2494282722473	2807	7.66447368421052	
-2125263.856333981	82.0	10.974025974025974	178.27272727272728	111.40259740259741	-58.64127901172732	38	70	125	22.0	415.0	266.0	39	9.0	133.0	84.0	0	0	10.669114589691162	3120	393.9185428619385	2879	7.724358974358964	
-1987753.188795741	82.375	10.520547945205479	181.42465753424656	112.86301369863014	-58.64127901172732	39	77	133	15.0	333.0	206.0	31	9.0	112.0	72.0	0	0	9.554633378982544	3200	403.473176240921	2948	7.875	
-1550298.5204204242	82.425	10.546666666666667	174.09333333333333	108.41333333333333	-58.64127901172732	40	82	121	18.0	382.0	247.0	43	9.0	103.0	66.0	0	0	9.154401540756226	3280	412.62757778167725	3019	7.957317073170728	
-2800227.4377095765	82.0625	10.35064935064935	167.93506493506493	104.54545454545455	-58.64127901172732	41	85	140	14.0	343.0	209.0	24	7.0	82.0	53.0	0	0	11.332149744033813	3360	423.95972752571106	3092	7.976190476190482	
-2487725.0022241483	82.2	10.324324324324325	163.3918918918919	102.0945945945946	-58.64127901172732	42	91	131	15.0	370.0	225.0	33	7.0	82.0	53.0	0	0	8.534051418304443	3440	432.4937789440155	3161	8.110465116279073	
-1887821.561495188	82.0	10.506493506493506	176.80519480519482	110.22077922077922	-58.64127901172732	43	94	127	15.0	346.0	214.0	37	8.0	109.0	71.0	0	0	9.273313522338867	3520	441.76709246635437	3233	8.153409090909093	
-1787785.562182765	81.525	10.533333333333333	177.98666666666668	110.86666666666666	-58.64127901172732	44	99	132	17.0	458.0	289.0	32	9.0	121.0	78.0	0	0	11.568989276885986	3600	453.33608174324036	3304	8.222222222222214	
-1675204.0299402555	81.25	10.443037974683545	175.50632911392404	109.0632911392405	-58.64127901172732	45	100	132	16.0	458.0	273.0	49	9.0	134.0	85.0	0	0	9.768011331558228	3680	463.1040930747986	3378	8.206521739130437	
-2437711.9829471926	82.725	10.3125	162.6125	101.2625	-58.64127901172732	46	100	114	14	280	172	50	8	93	60	0	0	9.654785394668579	3760	472.75887846946716	3454	8.13829787234043	
-1437766.1304307373	82.0125	10.407894736842104	163.98684210526315	102.38157894736842	-58.5516832108021	47	104	133	15.0	295.0	184.0	31	9.0	135.0	84.0	0	0	10.63798713684082	3840	483.396865606308	3526	8.177083333333329	
-1412748.204089126	81.925	10.118421052631579	162.3421052631579	101.40789473684211	-58.5516832108021	48	108	128	13.0	266.0	164.0	36	8.0	99.0	64.0	0	0	8.624920129776001	3920	492.021785736084	3597	8.23979591836735	
-1875215.4162534252	81.175	10.337837837837839	166.14864864864865	103.67567567567568	-58.329111894359144	49	114	157	14.0	290.0	181.0	7	7.0	82.0	53.0	0	0	8.80592131614685	4000	500.82770705223083	3666	8.350000000000009	
-1562773.483300597	82.0	10.291139240506329	167.0759493670886	103.73417721518987	-57.965447803501725	50	115	124	13.0	336.0	204.0	40	9.0	130.0	81.0	0	0	10.602887153625488	4080	511.4305942058563	3740	8.333333333333343	
-1287708.1800733006	82.0	10.213333333333333	164.68	102.54666666666667	-57.965447803501725	51	120	133	13.0	268.0	165.0	31	9.0	99.0	64.0	0	0	10.715312242507935	4160	522.1459064483643	3811	8.38942307692308	
-1625300.6809630962	82.5875	10.26923076923077	161.7948717948718	100.88461538461539	-57.965447803501725	52	122	139	15.0	340.0	210.0	25	8.0	79.0	51.0	0	0	9.169643878936768	4240	531.315550327301	3885	8.372641509433961	
-1937839.2101762309	83.6375	10.324675324675324	171.66233766233765	107.14285714285714	-57.965447803501725	53	125	173	13.0	331.0	204.0	14	9.0	97.0	63.0	0	0	9.358811855316162	4320	540.6743621826172	3957	8.402777777777786	
-2150214.148513158	81.9875	10.054054054054054	160.32432432432432	100.06756756756756	-57.965447803501725	54	131	135	17.0	294.0	186.0	29	8.0	79.0	51.0	0	0	10.978131771087646	4400	551.6524939537048	4027	8.47727272727272	
-1500244.142943463	81.475	10.039473684210526	161.28947368421052	100.61842105263158	-57.96441973186114	55	135	129	13.0	295.0	178.0	35	7.0	79.0	51.0	0	0	9.72496247291565	4480	561.3774564266205	4098	8.526785714285708	
-1837669.0041618408	81.775	10.115384615384615	167.93589743589743	104.44871794871794	-57.96441973186114	56	137	140	14.0	295.0	178.0	24	8.0	87.0	56.0	0	0	10.440132856369019	4560	571.8175892829895	4172	8.508771929824562	
-2275234.6526784003	81.625	10.397435897435898	164.47435897435898	103.08974358974359	-57.96441973186114	57	139	123	16.0	273.0	168.0	41	7.0	82.0	53.0	0	0	10.383076906204224	4640	582.2006661891937	4245	8.512931034482762	
-1050208.924481961	81.5375	10.232876712328768	168.35616438356163	104.45205479452055	-57.96441973186114	58	146	141	13.0	275.0	168.0	23	9.0	99.0	64.0	0	0	8.560034275054932	4720	590.7607004642487	4314	8.601694915254228	
-1625241.5750988857	82.0	10.493506493506494	172.44155844155844	107.58441558441558	-57.92423819987506	59	149	119	18.0	386.0	249.0	45	9.0	115.0	74.0	0	0	9.633547067642212	4800	600.3942475318909	4387	8.604166666666671	
-1637738.6798516097	82.0	10.246753246753247	166.24675324675326	103.6103896103896	-57.92388845730343	60	152	122	15.0	334.0	210.0	42	7.0	82.0	53.0	0	0	11.295361280441284	4880	611.6896088123322	4460	8.606557377049185	
-1012713.7033413395	81.1	10.5	175.43589743589743	109.26923076923077	-57.92388845730343	61	154	121	17.0	282.0	178.0	43	9.0	121.0	78.0	0	0	10.391367673873901	4960	622.080976486206	4533	8.608870967741936	
-1150261.3044801382	82.4875	10.41025641025641	178.82051282051282	111.21794871794872	-57.92388845730343	62	156	124	15.0	341.0	211.0	40	9.0	129.0	83.0	0	0	10.803197622299194	5040	632.8841741085052	4607	8.591269841269849	
-1675215.555996855	82.375	10.341772151898734	173.0632911392405	107.9746835443038	-57.92388845730343	63	157	152	13.0	361.0	221.0	18	8.0	87.0	56.0	0	0	12.263190746307373	5120	645.1473648548126	4680	8.59375	
-1462738.3867526595	82.8	10.328947368421053	165.06578947368422	103.03947368421052	-57.91492531558734	64	161	147	15.0	290.0	176.0	17	8.0	79.0	51.0	0	0	9.566509485244751	5200	654.7138743400574	4752	8.615384615384613	
-1612696.2350079983	82.0	10.263157894736842	164.0	102.22368421052632	-57.91492531558734	65	165	146	14.0	239.0	145.0	18	9.0	112.0	71.0	0	0	9.41256046295166	5280	664.126434803009	4824	8.636363636363626	
-950233.3882442288	82.125	10.181818181818182	163.63636363636363	101.97402597402598	-57.91492531558734	66	168	132	13.0	275.0	173.0	32	8.0	88.0	57.0	0	0	11.383235454559326	5360	675.5096702575684	4897	8.638059701492537	
-1800280.3399459762	80.2	10.037974683544304	158.78481012658227	99.35443037974683	-57.91492531558734	67	169	131	14.0	290.0	175.0	33	7.0	82.0	53.0	0	0	10.542373657226562	5440	686.0520439147949	4971	8.621323529411768	
-1787758.648922855	82.7125	10.324675324675324	161.55844155844156	101.18181818181819	-57.20272398852654	68	172	132	15.0	259.0	161.0	32	9.0	96.0	62.0	0	0	9.10047698020935	5520	695.1525208950043	5044	8.623188405797094	
-1500239.6776096476	82.1125	10.24	160.98666666666668	100.50666666666666	-57.20272398852654	69	177	133	14.0	304.0	193.0	31	9.0	110.0	71.0	0	0	9.383086681365967	5600	704.5356075763702	5114	8.67857142857143	
-1450252.6695089266	81.3625	10.236842105263158	160.3815789473684	100.09210526315789	-57.20272398852654	70	181	158	15.0	259.0	161.0	25	8.0	95.0	61.0	0	0	9.806864738464355	5680	714.3424723148346	5186	8.697183098591552	
-1512757.066467519	82.0	10.227848101265822	162.84810126582278	101.58227848101266	-57.20272398852654	71	182	119	15.0	282.0	183.0	45	8.0	105.0	68.0	0	0	10.000604629516602	5760	724.3430769443512	5260	8.680555555555557	
-1325272.7927494352	83.0125	10.2625	167.525	104.45	-57.20272398852654	72	182	126	14	370	228	60	9	119	77	0	0	9.66287636756897	5840	734.0059533119202	5335	8.647260273972606	
-1737796.2872498173	82.15	10.225	167.7625	104.4375	-57.20272398852654	73	182	115	13	378	230	49	8	87	56	0	0	11.951980352401733	5920	745.9579336643219	5410	8.61486486486487	
-2025228.5300174404	82.7375	10.240506329113924	162.86075949367088	101.70886075949367	-57.20272398852654	74	183	126	15.0	282.0	176.0	38	8.0	84.0	54.0	0	0	10.858935117721558	6000	756.8168687820435	5485	8.583333333333329	
-1400328.801798346	84.4625	10.43421052631579	171.69736842105263	106.89473684210526	-57.20272398852654	75	187	156	14.0	353.0	222.0	14	9.0	125.0	79.0	0	0	10.971146583557129	6080	767.7880153656006	5557	8.601973684210535	
-1500294.7351929327	85.6	10.45	171.875	107.0625	-57.09068331661954	76	187	138	15	377	228	26	8	79	51	0	0	11.499522686004639	6160	779.2875380516052	5631	8.587662337662337	
-2087830.561366932	92.225	10.23076923076923	164.43589743589743	102.53846153846153	-57.09068331661954	77	189	168	13.0	306.0	186.0	30	8.0	79.0	51.0	0	0	9.41197657585144	6240	788.6995146274567	5704	8.589743589743591	
-1875317.9298599176	86.825	10.14102564102564	167.83333333333334	104.52564102564102	-57.09068331661954	78	191	138	13.0	308.0	187.0	26	8.0	94.0	61.0	0	0	9.222471237182617	6320	797.9219858646393	5777	8.591772151898738	
-1562857.6156171686	83.9875	9.986666666666666	164.0	101.8	-57.09068331661954	79	196	175	13.0	278.0	170.0	42	8.0	87.0	56.0	0	0	10.491074562072754	6400	808.413060426712	5847	8.640625	
-1887746.8303371905	81.5	10.116883116883116	163.28571428571428	101.74025974025975	-57.09068331661954	80	199	122	12.0	255.0	159.0	42	9.0	109.0	70.0	0	0	8.858766078948975	6480	817.271826505661	5919	8.657407407407405	
-1875244.8155076657	83.375	10.08974358974359	158.24358974358975	98.75641025641026	-57.09068331661954	81	201	163	15.0	278.0	175.0	41	7.0	74.0	48.0	0	0	8.84011459350586	6560	826.1119410991669	5993	8.643292682926827	
-2075333.4083777391	81.2375	10.285714285714286	163.5974025974026	102.27272727272727	-57.09068331661954	82	204	142	14.0	246.0	153.0	22	8.0	79.0	51.0	0	0	10.89053988456726	6640	837.0024809837341	6066	8.644578313253021	
-1512885.8936342387	82.175	10.0375	156.0375	97.5375	-57.09068331661954	83	204	109	13	246	153	55	8	90	58	0	0	8.878919124603271	6720	845.8814001083374	6141	8.61607142857143	
-1662737.931505402	81.75	10.2375	166.4375	103.9125	-57.05492747663773	84	204	126	13	297	185	38	9	99	64	0	0	9.134900093078613	6800	855.016300201416	6217	8.573529411764696	
-1537823.8930184809	82.0	10.291139240506329	169.68354430379748	105.82278481012658	-57.05492747663773	85	205	136	15.0	307.0	187.0	28	8.0	87.0	56.0	0	0	9.150570631027222	6880	864.1668708324432	6292	8.546511627906966	
-1612805.0720423139	82.0625	10.102564102564102	160.35897435897436	99.83333333333333	-57.05492747663773	86	207	121	15.0	318.0	193.0	43	8.0	125.0	79.0	0	0	10.746338605880737	6960	874.913209438324	6365	8.548850574712645	
-1387752.614849459	82.075	10.253333333333334	158.18666666666667	98.98666666666666	-57.05492747663773	87	212	136	16.0	303.0	187.0	28	8.0	98.0	63.0	0	0	8.63863492012024	7040	883.5518443584442	6436	8.579545454545453	
-1587713.5139165716	79.2875	10.105263157894736	155.42105263157896	96.76315789473684	-57.05492747663773	88	216	121	13.0	323.0	200.0	28	8.0	96.0	62.0	0	0	9.169358015060425	7120	892.7212023735046	6508	8.595505617977523	
-1362782.9465782424	81.8625	10.186666666666667	165.37333333333333	103.02666666666667	-57.05492747663773	89	221	133	13.0	291.0	181.0	31	8.0	87.0	56.0	0	0	10.349177837371826	7200	903.0703802108765	6579	8.625	
-1950272.0629969002	82.35	10.272727272727273	163.35064935064935	101.96103896103897	-57.05492747663773	90	224	147	14.0	299.0	187.0	17	8.0	98.0	63.0	0	0	8.851516246795654	7280	911.9218964576721	6651	8.640109890109898	
-1512776.2800806374	81.9875	10.337662337662337	162.8961038961039	101.58441558441558	-57.05492747663773	91	227	135	14.0	309.0	195.0	29	9.0	91.0	59.0	0	0	9.187604904174805	7360	921.1095013618469	6723	8.654891304347828	
-1687821.112039198	81.525	9.987179487179487	160.53846153846155	100.02564102564102	-57.05492747663773	92	229	126	12.0	279.0	172.0	38	8.0	87.0	56.0	0	0	9.21535062789917	7440	930.3248519897461	6795	8.66935483870968	
-1700261.8220843524	79.05	10.305555555555555	168.5	104.68055555555556	-57.05492747663773	93	237	134	13.0	302.0	187.0	30	9.0	102.0	66.0	0	0	9.939242839813232	7520	940.2640948295593	6863	8.736702127659584	
-1112903.184911377	81.8625	10.126582278481013	164.35443037974684	102.30379746835443	-57.05492747663773	94	238	126	13.0	250.0	155.0	38	8.0	112.0	71.0	0	0	9.055649995803833	7600	949.3197448253632	6938	8.710526315789465	
-2112834.493389684	81.2	10.0	165.39743589743588	103.07692307692308	-57.05492747663773	95	240	121	12.0	263.0	162.0	38	8.0	114.0	72.0	0	0	9.033562898635864	7680	958.353307723999	7011	8.7109375	
-2087728.5617141887	82.2875	10.205128205128204	157.92307692307693	98.83333333333333	-57.05492747663773	96	242	124	18.0	294.0	187.0	40	7.0	85.0	55.0	0	0	10.180033206939697	7760	968.5333409309387	7085	8.69845360824742	
-1575273.863980778	82.075	10.25	172.53947368421052	107.51315789473684	-57.05492747663773	97	246	139	15.0	361.0	225.0	24	8.0	96.0	62.0	0	0	9.489016056060791	7840	978.0223569869995	7156	8.724489795918373	
-2387806.6817494356	82.25	10.32	168.86666666666667	105.16	-57.05344785293157	98	251	134	14.0	279.0	178.0	30	8.0	125.0	79.0	0	0	9.30311894416809	7920	987.3254759311676	7226	8.762626262626256	
-1612782.2801526946	81.4875	10.219178082191782	169.21917808219177	105.43835616438356	-57.05344785293157	99	258	142	14.0	336.0	205.0	22	8.0	125.0	79.0	0	0	8.437023401260376	8000	995.762499332428	7294	8.825000000000003	
-1400307.9012221906	83.9375	9.946666666666667	156.93333333333334	97.65333333333334	-57.05344785293157	100	263	142	13.0	263.0	161.0	26	7.0	82.0	53.0	0	0	10.4813392162323	8080	1006.2438385486603	7365	8.849009900990097	
-2000236.6802399703	85.975	10.108108108108109	157.98648648648648	98.58108108108108	-57.05344785293157	101	269	151	13.0	239.0	145.0	13	8.0	79.0	51.0	0	0	8.47631573677063	8160	1014.7201542854309	7434	8.89705882352942	
-1850303.4182242341	84.9375	10.236842105263158	167.67105263157896	104.21052631578948	-57.05344785293157	102	273	157	19.0	279.0	176.0	31	8.0	87.0	56.0	0	0	8.774829149246216	8240	1023.4949834346771	7505	8.919902912621353	
-1587819.453230195	82.4	10.192307692307692	163.67948717948718	101.73076923076923	-57.035177770440214	103	275	129	17.0	291.0	182.0	35	7.0	79.0	51.0	0	0	10.407011985778809	8320	1033.901995420456	7578	8.918269230769226	
-2175302.550978285	82.0	10.051948051948052	156.85714285714286	97.88311688311688	-57.035177770440214	104	278	133	14.0	402.0	249.0	31	8.0	79.0	51.0	0	0	9.136999607086182	8400	1043.0389950275421	7651	8.916666666666657	
-1325297.4893353614	81.725	10.307692307692308	168.85897435897436	105.42307692307692	-57.035177770440214	105	280	131	15.0	398.0	253.0	33	8.0	79.0	51.0	0	0	9.944072008132935	8480	1052.983067035675	7725	8.903301886792448	
-1812787.8004680607	82.45	10.025641025641026	155.57692307692307	97.05128205128206	-57.035177770440214	106	282	146	14.0	291.0	176.0	18	7.0	79.0	51.0	0	0	8.779945850372314	8560	1061.7630128860474	7799	8.890186915887853	
-1650187.4277514264	83.7375	10.068493150684931	161.75342465753425	100.72602739726027	-57.035177770440214	107	289	152	13.0	275.0	167.0	12	8.0	79.0	51.0	0	0	9.685700178146362	8640	1071.4487130641937	7866	8.958333333333329	
-1712803.021921777	86.9625	10.546666666666667	179.37333333333333	111.66666666666667	-57.035177770440214	108	294	154	17.0	336.0	210.0	17	8.0	93.0	60.0	0	0	8.898884057998657	8720	1080.3475971221924	7936	8.990825688073386	
-2437750.013582117	83.2875	10.43421052631579	170.18421052631578	106.21052631578948	-56.92450275693464	109	298	188	17.0	384.0	243.0	24	8.0	87.0	56.0	0	0	9.140908479690552	8800	1089.488505601883	8007	9.01136363636364	
-1750220.9518763744	82.975	10.155844155844155	167.42857142857142	104.53246753246754	-56.92450275693464	110	301	142	16.0	304.0	187.0	36	9.0	98.0	63.0	0	0	11.014812469482422	8880	1100.5033180713654	8080	9.009009009009006	
-1825252.087057087	82.4875	10.265822784810126	165.18987341772151	102.83544303797468	-56.92450275693464	111	302	129	16.0	314.0	189.0	35	9.0	113.0	73.0	0	0	9.741431951522827	8960	1110.2447500228882	8154	8.995535714285722	
-1562804.4000945769	81.925	10.35064935064935	164.2077922077922	102.48051948051948	-56.90824292750229	112	305	147	15.0	359.0	229.0	17	9.0	121.0	78.0	0	0	8.798776149749756	9040	1119.043526172638	8226	9.004424778761063	
-1737763.173539256	82.15	10.373333333333333	164.86666666666667	102.68	-56.90824292750229	113	310	132	15.0	337.0	204.0	32	8.0	100.0	64.0	0	0	9.512091875076294	9120	1128.5556180477142	8295	9.046052631578945	
-1787737.8200108777	81.85	10.307692307692308	163.42307692307693	102.08974358974359	-56.90824292750229	114	312	124	15.0	338.0	217.0	40	9.0	95.0	62.0	0	0	9.679688692092896	9200	1138.2353067398071	8369	9.032608695652172	
-1737773.8508880145	80.8875	10.225	164.325	102.4125	-56.90824292750229	115	312	114	13	295	180	40	8	108	70	0	0	9.502862691879272	9280	1147.7381694316864	8445	8.997844827586206	
-1950450.0895276912	83.6375	10.675	172.0125	107.5	-56.90824292750229	116	312	121	19	422	265	60	7	74	48	0	0	9.497414588928223	9360	1157.2355840206146	8519	8.98504273504274	
-1350317.6345810336	82.0	10.384615384615385	168.69230769230768	105.3076923076923	-56.906428711474256	117	314	157	13.0	307.0	194.0	7	9.0	119.0	75.0	0	0	10.86677861213684	9440	1168.1023626327515	8591	8.993644067796609	
-1787710.6293458273	86.5125	10.407894736842104	178.26315789473685	111.0	-56.906428711474256	118	318	188	13.0	354.0	218.0	23	9.0	99.0	64.0	0	0	10.053016185760498	9520	1178.155378818512	8663	9.00210084033614	
-2187799.6547769005	90.625	10.487179487179487	171.4102564102564	107.06410256410257	-56.906428711474256	119	320	188	17.0	331.0	210.0	39	9.0	111.0	70.0	0	0	9.279683351516724	9600	1187.4350621700287	8737	8.989583333333329	
-1887746.100266919	88.225	10.58974358974359	168.24358974358975	105.35897435897436	-56.84234028057146	120	322	200	19.0	375.0	238.0	11	9.0	114.0	72.0	0	0	10.825483083724976	9680	1198.2605452537537	8810	8.987603305785115	
-1875247.920762211	88.425	10.320512820512821	166.03846153846155	103.37179487179488	-56.84234028057146	121	324	129	17.0	363.0	225.0	47	8.0	84.0	54.0	0	0	8.960009813308716	9760	1207.2205550670624	8883	8.985655737704917	
-1725238.521608991	91.3625	10.779220779220779	172.8961038961039	108.1038961038961	-56.84234028057146	122	327	146	17.0	363.0	225.0	55	9.0	106.0	69.0	0	0	9.085782527923584	9840	1216.306337594986	8956	8.983739837398375	
-2000314.6583124413	82.4625	10.324324324324325	169.55405405405406	105.64864864864865	-56.84234028057146	123	333	144	15.0	294.0	179.0	20	9.0	118.0	76.0	0	0	9.065482378005981	9920	1225.371819972992	9025	9.022177419354833	
-1925315.485636978	83.3375	10.602564102564102	171.14102564102564	106.7948717948718	-56.84234028057146	124	335	144	15.0	330.0	206.0	45	9.0	118.0	76.0	0	0	11.313333749771118	10000	1236.685153722763	9099	9.009999999999991	
-1787740.2820714198	82.0	10.333333333333334	167.66666666666666	104.37179487179488	-56.84234028057146	125	337	121	15.0	370.0	225.0	43	9.0	130.0	81.0	0	0	9.082012414932251	10080	1245.7671661376953	9172	9.007936507936506	
-2325258.5950277247	81.75	10.14102564102564	163.30769230769232	101.8076923076923	-56.84234028057146	126	339	138	13.0	297.0	184.0	26	9.0	121.0	78.0	0	0	9.058810710906982	10160	1254.8259768486023	9246	8.996062992125985	
-1562800.104647014	81.625	10.378378378378379	174.48648648648648	108.52702702702703	-56.84234028057146	127	345	153	16.0	648.0	397.0	11	9.0	121.0	78.0	0	0	10.986040353775024	10240	1265.8120172023773	9314	9.04296875	
-1450318.0355382082	81.55	10.337662337662337	164.9090909090909	102.81818181818181	-56.84234028057146	128	348	146	16.0	422.0	260.0	18	8.0	90.0	58.0	0	0	8.970782279968262	10320	1274.7827994823456	9387	9.04069767441861	
-1650266.0149743948	81.8625	10.090909090909092	157.5974025974026	98.32467532467533	-56.84234028057146	129	351	130	13.0	256.0	156.0	34	8.0	79.0	51.0	0	0	8.897223234176636	10400	1283.6800227165222	9459	9.04807692307692	
-1937732.6180874445	82.2125	10.325	160.475	100.325	-56.84234028057146	130	351	127	17	242	150	37	8	98	63	0	0	9.812860012054443	10480	1293.4928827285767	9534	9.026717557251914	
-1350234.6277776107	81.4875	10.177215189873417	157.15189873417722	98.0886075949367	-56.813661089803716	131	352	120	14.0	275.0	167.0	42	9.0	111.0	70.0	0	0	10.109467506408691	10560	1303.6023502349854	9607	9.024621212121204	
-1737709.83438835	81.725	10.192307692307692	160.85897435897436	100.3076923076923	-56.813661089803716	132	354	134	13.0	245.0	152.0	28	9.0	107.0	69.0	0	0	9.097136974334717	10640	1312.69948720932	9680	9.022556390977442	
-1862897.31316267	81.925	10.282051282051283	162.16666666666666	101.0	-56.813661089803716	133	356	120	16.0	303.0	190.0	44	9.0	135.0	84.0	0	0	9.249516248703003	10720	1321.949003458023	9753	9.020522388059703	
-1487796.241343691	81.825	10.316455696202532	169.81012658227849	105.9367088607595	-56.813661089803716	134	357	136	16.0	334.0	208.0	28	8.0	102.0	66.0	0	0	10.760942697525024	10800	1332.709946155548	9828	9.0	
-2000281.6984745748	82.025	10.472222222222221	166.76388888888889	103.97222222222223	-56.813661089803716	135	365	158	15.0	330.0	199.0	6	8.0	113.0	72.0	0	0	8.439084768295288	10880	1341.1490309238434	9895	9.05330882352942	
-2337709.1778717255	80.375	10.3875	168.0125	104.9875	-56.813661089803716	136	365	123	15	372	233	31	8	109	70	0	0	10.078821897506714	10960	1351.22785282135	9971	9.023722627737229	
-2862740.236300974	80.925	10.564102564102564	173.42307692307693	108.3974358974359	-56.693893644853915	137	367	136	16.0	295.0	184.0	28	9.0	111.0	70.0	0	0	10.720415830612183	11040	1361.9482686519623	10043	9.030797101449267	
-1662825.482131353	80.1875	10.602739726027398	174.58904109589042	108.97260273972603	-56.693893644853915	138	374	163	17.0	322.0	198.0	19	8.0	90.0	58.0	0	0	8.838770866394043	11120	1370.7870395183563	10112	9.064748201438846	
-1512892.8724038962	82.475	10.5	180.93421052631578	112.63157894736842	-56.349045546789085	139	378	163	17.0	531.0	331.0	9	8.0	79.0	51.0	0	0	9.44315218925476	11200	1380.230191707611	10184	9.07142857142857	
-1650304.9272433992	81.325	10.381578947368421	179.8684210526316	112.22368421052632	-56.349045546789085	140	382	163	17.0	451.0	287.0	9	9.0	118.0	75.0	0	0	10.068515539169312	11280	1390.2987072467804	10255	9.086879432624116	
-1700278.4601710266	80.55	10.103896103896103	168.66233766233765	105.16883116883118	-56.349045546789085	141	385	147	14.0	419.0	258.0	17	8.0	119.0	75.0	0	0	9.514510869979858	11360	1399.8132181167603	10327	9.093309859154928	
-1100324.5994633315	80.8375	10.329113924050633	168.34177215189874	105.0886075949367	-56.349045546789085	142	386	111	15.0	323.0	200.0	17	9.0	97.0	63.0	0	0	9.274067640304565	11440	1409.0872857570648	10400	9.090909090909093	
-2037823.8409029127	82.3375	10.397435897435898	168.97435897435898	105.42307692307692	-56.277869455426256	143	388	139	14.0	349.0	211.0	25	9.0	129.0	83.0	0	0	9.984993934631348	11520	1419.0722796916962	10474	9.079861111111114	
-1475197.3788849139	82.0	10.233766233766234	170.9090909090909	106.51948051948052	-55.83175463867293	144	391	156	16.0	279.0	172.0	8	8.0	113.0	73.0	0	0	11.139185190200806	11600	1430.211464881897	10547	9.077586206896555	
-2250202.4784033746	82.1375	10.275	169.0125	105.2625	-55.83175463867293	145	391	125	14	291	182	39	9	122	77	0	0	9.295703887939453	11680	1439.5071687698364	10620	9.075342465753423	
-2625268.725628196	82.8375	10.474358974358974	180.8846153846154	112.78205128205128	-55.83175463867293	146	393	140	14.0	386.0	231.0	24	9.0	108.0	70.0	0	0	10.161603450775146	11760	1449.6687722206116	10693	9.073129251700678	
-2062633.9816236265	82.7625	10.61038961038961	190.64935064935065	118.55844155844156	-55.83175463867293	147	396	154	16.0	386.0	231.0	10	9.0	85.0	55.0	0	0	12.217654943466187	11840	1461.8864271640778	10765	9.079391891891902	
-2437761.401831489	82.6875	10.227848101265822	175.0	109.0506329113924	-55.63541705836215	148	397	137	13.0	268.0	167.0	27	8.0	98.0	63.0	0	0	9.807751893997192	11920	1471.694179058075	10840	9.060402684563769	
-2200302.265939115	81.85	10.394736842105264	178.39473684210526	111.11842105263158	-55.63541705836215	149	401	152	16.0	353.0	216.0	12	8.0	114.0	72.0	0	0	9.665923357009888	12000	1481.3601024150848	10912	9.066666666666663	
-2187742.686622497	82.0	10.417721518987342	178.32911392405063	111.37974683544304	-55.63541705836215	150	402	125	14.0	340.0	211.0	39	9.0	128.0	83.0	0	0	11.01170015335083	12080	1492.3718025684357	10987	9.048013245033118	
-1650269.7129181747	82.05	10.39240506329114	179.32911392405063	111.92405063291139	-55.63541705836215	151	403	140	14.0	340.0	211.0	24	9.0	139.0	88.0	0	0	9.783119440078735	12160	1502.1549220085144	11062	9.02960526315789	
-2150174.315127035	82.05	10.461538461538462	180.93589743589743	113.01282051282051	-55.63541705836215	152	405	119	15.0	340.0	211.0	45	8.0	127.0	80.0	0	0	9.56338357925415	12240	1511.7183055877686	11135	9.027777777777786	
-1662793.8407174132	81.6375	10.474358974358974	183.2051282051282	114.14102564102564	-55.63541705836215	153	407	126	14.0	335.0	206.0	38	8.0	95.0	61.0	0	0	11.008143901824951	12320	1522.7264494895935	11208	9.025974025974023	
-2237744.059010358	82.8	10.346153846153847	174.28205128205127	108.75641025641026	-55.63541705836215	154	409	125	14.0	314.0	189.0	40	8.0	87.0	56.0	0	0	9.483037948608398	12400	1532.209487438202	11280	9.032258064516128	
-2137828.4370707325	82.075	10.480519480519481	175.46753246753246	109.71428571428571	-55.63541705836215	155	412	149	15.0	298.0	189.0	17	8.0	115.0	74.0	0	0	8.820979833602905	12480	1541.0304672718048	11353	9.030448717948715	
-1412776.18871469	83.9875	10.316455696202532	178.29113924050634	111.0126582278481	-55.55654766247586	156	413	136	15.0	332.0	207.0	48	8.0	113.0	72.0	0	0	10.149242162704468	12560	1551.1797094345093	11428	9.012738853503194	
-1525291.690752716	81.8875	10.23076923076923	174.32051282051282	108.87179487179488	-55.55654766247586	157	415	109	13.0	340.0	211.0	55	8.0	106.0	68.0	0	0	10.117914199829102	12640	1561.2976236343384	11502	9.003164556962034	
-2250169.964541807	81.7375	10.45945945945946	174.05405405405406	108.77027027027027	-55.55654766247586	158	421	125	14.0	404.0	249.0	39	8.0	82.0	53.0	0	0	8.352210521697998	12720	1569.6498341560364	11572	9.025157232704402	
-1800240.4289431355	81.375	10.539473684210526	184.89473684210526	115.05263157894737	-55.55654766247586	159	425	152	14.0	318.0	198.0	12	9.0	138.0	89.0	0	0	9.313599586486816	12800	1578.9634337425232	11643	9.0390625	
-1375304.032616695	82.75	10.430379746835444	178.20253164556962	111.21518987341773	-55.39777216859941	160	426	123	15.0	268.0	169.0	41	9.0	98.0	63.0	0	0	10.930683374404907	12880	1589.894117116928	11717	9.029503105590067	
-1775222.3249536026	81.0625	10.276315789473685	172.85526315789474	107.96052631578948	-55.39777216859941	161	430	146	16.0	294.0	186.0	18	8.0	98.0	63.0	0	0	8.561331510543823	12960	1598.455448627472	11789	9.035493827160494	
-1237815.7450961112	82.3875	10.287671232876713	172.36986301369862	107.45205479452055	-55.39777216859941	162	437	132	14.0	253.0	154.0	32	8.0	99.0	64.0	0	0	8.518006324768066	13040	1606.97345495224	11858	9.064417177914109	
-1600292.2826014413	83.6875	10.556962025316455	181.9367088607595	113.50632911392405	-55.39777216859941	163	438	117	15.0	285.0	175.0	47	9.0	127.0	82.0	0	0	10.848313808441162	13120	1617.8217687606812	11933	9.047256097560975	
-2062803.1867038868	85.225	10.447368421052632	181.51315789473685	113.35526315789474	-55.35055843106821	164	442	125	13.0	284.0	179.0	39	9.0	106.0	68.0	0	0	9.08510971069336	13200	1626.9068784713745	12004	9.060606060606062	
-2262866.041534568	81.825	10.474358974358974	180.0	112.33333333333333	-55.123439074221366	165	444	143	14.0	340.0	211.0	21	7.0	82.0	53.0	0	0	9.156787157058716	13280	1636.0636656284332	12078	9.051204819277103	
-1862747.415647288	81.725	10.458333333333334	186.11111111111111	115.93055555555556	-55.123439074221366	166	452	144	14.0	349.0	211.0	20	9.0	115.0	73.0	0	0	9.109618186950684	13360	1645.173283815384	12146	9.08682634730539	
-1650251.8112359731	81.9625	10.337662337662337	183.94805194805195	114.53246753246754	-55.123439074221366	167	455	127	14.0	341.0	210.0	37	8.0	79.0	51.0	0	0	11.724549055099487	13440	1656.8978328704834	12219	9.08482142857143	
-1637847.4667771973	82.5375	10.45	180.825	112.8875	-55.123439074221366	168	455	108	15	372	233	56	8	100	64	0	0	9.525501012802124	13520	1666.4233338832855	12294	9.068047337278102	
-1250315.9715941988	82.85	10.26923076923077	184.6153846153846	115.01282051282051	-55.123439074221366	169	457	149	14.0	371.0	227.0	21	8.0	114.0	73.0	0	0	9.401389122009277	13600	1675.8247230052948	12367	9.066176470588232	
-1625307.8744074875	82.85	10.620253164556962	182.54430379746836	114.07594936708861	-55.123439074221366	170	458	151	15.0	362.0	223.0	13	7.0	82.0	53.0	0	0	11.29805612564087	13680	1687.1227791309357	12442	9.049707602339183	
-1837878.14410329	82.6625	10.226666666666667	179.97333333333333	112.37333333333333	-55.046258628482775	171	463	140	13.0	288.0	180.0	25	8.0	119.0	75.0	0	0	8.921173572540283	13760	1696.043952703476	12513	9.0625	
-1625237.3485388707	78.85	10.454545454545455	193.9090909090909	120.8961038961039	-55.046258628482775	172	466	150	14.0	381.0	233.0	27	8.0	85.0	55.0	0	0	9.598750829696655	13840	1705.6427035331726	12586	9.0606936416185	
-1400300.610951184	78.125	10.315068493150685	184.3972602739726	114.89041095890411	-54.937684460198916	173	473	135	14.0	340.0	211.0	29	8.0	130.0	82.0	0	0	10.930666446685791	13920	1716.5733699798584	12655	9.087643678160916	
-1562842.0441291449	80.0625	10.166666666666666	170.15384615384616	106.3974358974359	-54.51022962727607	174	475	135	14.0	258.0	162.0	29	9.0	119.0	75.0	0	0	8.676502227783203	14000	1725.2498722076416	12726	9.099999999999994	
-2212758.1758495565	82.0	10.08108108108108	169.7027027027027	106.28378378378379	-54.51022962727607	175	481	142	15.0	299.0	186.0	22	8.0	87.0	56.0	0	0	8.974009037017822	14080	1734.2238812446594	12796	9.119318181818187	
-1562791.8429774616	80.3875	10.213333333333333	168.68	105.72	-54.51022962727607	176	486	139	14.0	277.0	170.0	25	8.0	79.0	51.0	0	0	8.705129861831665	14160	1742.929011106491	12867	9.131355932203391	
-2187770.1620820183	81.85	10.179487179487179	175.15384615384616	109.3974358974359	-54.43058461302864	177	488	139	15.0	340.0	211.0	30	8.0	79.0	51.0	0	0	11.196532487869263	14240	1754.1255435943604	12941	9.122191011235955	
-2300302.810077778	79.0875	10.194805194805195	175.85714285714286	109.92207792207792	-54.33411454608757	178	491	121	14.0	351.0	218.0	27	8.0	79.0	51.0	0	0	9.189770936965942	14320	1763.3153145313263	13013	9.127094972067042	
-2100233.5728201657	80.4625	10.28	174.62666666666667	109.02666666666667	-54.33411454608757	179	496	157	14.0	318.0	196.0	7	8.0	92.0	59.0	0	0	9.51486587524414	14400	1772.8301804065704	13084	9.138888888888886	
-2150216.7044904074	83.5375	10.064102564102564	172.9102564102564	107.84615384615384	-54.33411454608757	180	498	157	14.0	333.0	206.0	35	8.0	79.0	51.0	0	0	10.960562944412231	14480	1783.7907433509827	13156	9.143646408839771	
-1900443.3852589694	83.725	9.784810126582279	156.49367088607596	97.9113924050633	-54.33411454608757	181	499	157	13.0	304.0	186.0	28	8.0	79.0	51.0	0	0	8.968243837356567	14560	1792.7589871883392	13229	9.141483516483518	
-1787826.6706369563	83.6875	9.936708860759493	168.64556962025316	105.40506329113924	-54.33411454608757	182	500	157	12.0	281.0	174.0	53	8.0	79.0	51.0	0	0	9.191227197647095	14640	1801.9502143859863	13304	9.125683060109296	
-2100284.5583236953	82.825	10.075949367088608	175.68354430379748	109.56962025316456	-54.33411454608757	183	501	160	13.0	338.0	211.0	4	8.0	79.0	51.0	0	0	11.139447689056396	14720	1813.0896620750427	13377	9.123641304347828	
-1612853.767552771	82.15	10.197368421052632	168.28947368421052	105.11842105263158	-54.33411454608757	184	505	142	15.0	340.0	211.0	22	9.0	104.0	67.0	0	0	8.862573385238647	14800	1821.9522354602814	13449	9.128378378378372	
-1350340.9338950466	82.4125	10.067567567567568	166.77027027027026	104.24324324324324	-54.33411454608757	185	511	152	12.0	287.0	176.0	12	8.0	98.0	63.0	0	0	9.134794473648071	14880	1831.0870299339294	13519	9.14650537634408	
-1825322.722051543	82.0	10.181818181818182	171.57142857142858	107.23376623376623	-54.33411454608757	186	514	119	13.0	282.0	178.0	45	8.0	92.0	59.0	0	0	9.423865556716919	14960	1840.5108954906464	13592	9.144385026737964	
-1250290.134895681	82.45	10.2	178.22666666666666	110.81333333333333	-54.33411454608757	187	519	150	15.0	314.0	196.0	14	8.0	79.0	51.0	0	0	10.171363353729248	15040	1850.6822588443756	13662	9.162234042553195	
-2275452.1467126547	85.1	10.10126582278481	173.31645569620252	108.27848101265823	-54.33411454608757	188	520	150	13.0	299.0	186.0	14	8.0	79.0	51.0	0	0	9.269397020339966	15120	1859.9516558647156	13737	9.146825396825392	
-1512813.2225281512	82.425	10.207792207792208	184.84415584415584	115.18181818181819	-54.33411454608757	189	523	135	13.0	327.0	206.0	29	8.0	111.0	70.0	0	0	8.870970249176025	15200	1868.8226261138916	13808	9.15789473684211	
-1612799.0893836853	80.8125	10.32	176.2	109.94666666666667	-54.33411454608757	190	528	146	13.0	347.0	210.0	18	8.0	79.0	51.0	0	0	10.716459512710571	15280	1879.5390856266022	13878	9.175392670157066	
-1875306.750495884	82.15	10.115384615384615	176.51282051282053	109.98717948717949	-54.33411454608757	191	530	122	12.0	304.0	186.0	43	8.0	80.0	52.0	0	0	9.61958909034729	15360	1889.1586747169495	13951	9.173177083333329	
-1425352.730755316	82.4375	10.128205128205128	170.1153846153846	106.33333333333333	-54.33411454608757	192	532	120	12.0	260.0	162.0	47	8.0	79.0	51.0	0	0	8.904329299926758	15440	1898.0630040168762	14025	9.164507772020727	
-1937726.1290293902	82.65	10.179487179487179	171.2051282051282	106.78205128205128	-54.33411454608757	193	534	152	13.0	304.0	186.0	12	8.0	79.0	51.0	0	0	10.031148195266724	15520	1908.094152212143	14099	9.155927835051543	
-1437742.0007889934	82.0	9.974683544303797	166.1012658227848	103.79746835443038	-54.333721309967636	194	535	139	14.0	302.0	186.0	25	7.0	82.0	53.0	0	0	9.970775842666626	15600	1918.0649280548096	14174	9.14102564102565	
-2012767.5803953863	78.9875	9.807692307692308	162.0897435897436	101.41025641025641	-54.333721309967636	195	537	145	12.0	304.0	186.0	19	8.0	79.0	51.0	0	0	9.11094617843628	15680	1927.1758742332458	14247	9.139030612244909	
-1862823.6888406575	78.075	10.078947368421053	165.78947368421052	104.11842105263158	-54.333721309967636	196	541	168	15.0	273.0	172.0	19	7.0	79.0	51.0	0	0	8.514254331588745	15760	1935.6901285648346	14318	9.149746192893403	
-1562844.614345238	79.8625	9.947368421052632	165.46052631578948	103.55263157894737	-54.256260964327474	197	545	128	13.0	251.0	155.0	30	8.0	79.0	51.0	0	0	10.020212173461914	15840	1945.7103407382965	14388	9.166666666666671	
-2500293.0272560907	81.425	10.153846153846153	178.82051282051282	111.65384615384616	-53.97021253152802	198	547	108	12.0	388.0	239.0	56	7.0	79.0	51.0	0	0	10.06049919128418	15920	1955.7708399295807	14461	9.164572864321613	
-2287728.658047453	82.35	10.175675675675675	182.01351351351352	113.64864864864865	-53.97021253152802	199	553	133	13.0	423.0	258.0	31	8.0	79.0	51.0	0	0	9.213392972946167	16000	1964.9842329025269	14531	9.181249999999991	
-2175362.6965053724	82.9	10.08108108108108	170.82432432432432	106.67567567567568	-53.97021253152802	200	559	146	12.0	386.0	231.0	18	8.0	79.0	51.0	0	0	10.557839393615723	16080	1975.5420722961426	14601	9.197761194029852	
-1750242.1792640262	84.025	10.181818181818182	177.87012987012986	111.05194805194805	-53.97021253152802	201	562	145	13.0	304.0	186.0	19	8.0	79.0	51.0	0	0	9.757696390151978	16160	1985.2997686862946	14674	9.195544554455452	
-2575305.950084991	88.0375	10.41025641025641	183.7051282051282	114.65384615384616	-53.97021253152802	202	564	145	13.0	304.0	186.0	28	8.0	79.0	51.0	0	0	9.403940677642822	16240	1994.7037093639374	14747	9.193349753694577	
-2287928.302728488	93.275	10.164556962025317	177.65822784810126	110.9746835443038	-53.97021253152802	203	565	148	13.0	301.0	182.0	28	8.0	109.0	70.0	0	0	11.040730237960815	16320	2005.7444396018982	14822	9.178921568627459	
-1637854.0366571594	84.8375	10.105263157894736	175.9078947368421	109.89473684210526	-53.97021253152802	204	569	145	12.0	282.0	178.0	28	9.0	117.0	75.0	0	0	9.71994686126709	16400	2015.4643864631653	14894	9.182926829268297	
-2562718.6784460684	85.725	10.12987012987013	178.1038961038961	111.41558441558442	-53.97021253152802	205	572	171	15.0	298.0	186.0	12	8.0	79.0	51.0	0	0	9.562925815582275	16480	2025.0273122787476	14967	9.180825242718456	
-1562878.7381454646	82.325	10.064102564102564	166.76923076923077	104.41025641025641	-53.97021253152802	206	574	115	15.0	314.0	189.0	49	7.0	79.0	51.0	0	0	9.693174600601196	16560	2034.7204868793488	15041	9.172705314009661	
-1300323.9460761652	82.275	10.215189873417721	177.41772151898735	111.11392405063292	-53.97021253152802	207	575	144	15.0	363.0	228.0	20	8.0	79.0	51.0	0	0	10.912667512893677	16640	2045.6331543922424	15116	9.15865384615384	
-1775327.2247349578	82.45	10.35897435897436	175.26923076923077	109.82051282051282	-53.97021253152802	208	577	148	14.0	281.0	176.0	16	8.0	87.0	56.0	0	0	9.242185115814209	16720	2054.8753395080566	15189	9.156698564593299	
-1887798.5738809668	82.2625	10.324675324675324	179.97402597402598	112.28571428571429	-53.97021253152802	209	580	143	16.0	308.0	190.0	21	8.0	79.0	51.0	0	0	9.335918426513672	16800	2064.2112579345703	15262	9.154761904761912	
-1562821.3926952847	84.0875	10.38961038961039	181.23376623376623	112.9090909090909	-53.97021253152802	210	583	141	15.0	346.0	218.0	30	7.0	79.0	51.0	0	0	11.870470762252808	16880	2076.081728696823	15335	9.15284360189574	
-2125254.3122479613	83.8125	10.307692307692308	172.1153846153846	107.46153846153847	-53.97021253152802	211	585	146	14.0	296.0	182.0	24	8.0	79.0	51.0	0	0	9.394172430038452	16960	2085.4759011268616	15409	9.14504716981132	
-2387763.519133588	84.5375	10.243589743589743	174.78205128205127	109.17948717948718	-53.97021253152802	212	587	134	14.0	319.0	192.0	49	8.0	79.0	51.0	0	0	8.690983533859253	17040	2094.166884660721	15483	9.137323943661968	
-1862906.8591293222	82.65	10.133333333333333	172.77333333333334	107.56	-53.97021253152802	213	592	151	14.0	319.0	192.0	20	8.0	79.0	51.0	0	0	10.828893184661865	17120	2104.9957778453827	15554	9.14719626168224	
-1837810.9883561	86.4	10.376623376623376	184.93506493506493	115.14285714285714	-53.97021253152802	214	595	151	15.0	304.0	186.0	18	8.0	79.0	51.0	0	0	9.407775163650513	17200	2114.403553009033	15627	9.145348837209298	
-1150271.9909626406	90.2375	10.278481012658228	177.32911392405063	110.31645569620254	-53.97021253152802	215	596	151	12.0	369.0	225.0	41	8.0	79.0	51.0	0	0	9.443392276763916	17280	2123.846945285797	15701	9.137731481481481	
-2512831.8379539154	83.6	10.294871794871796	173.80769230769232	108.87179487179488	-53.97021253152802	216	598	151	14.0	292.0	181.0	20	9.0	114.0	72.0	0	0	11.0158851146698	17360	2134.862830400467	15775	9.130184331797224	
-2262820.6457840586	86.325	10.142857142857142	168.32467532467533	105.3896103896104	-53.97021253152802	217	601	151	14.0	285.0	175.0	13	9.0	98.0	63.0	0	0	9.231641054153442	17440	2144.0944714546204	15848	9.128440366972484	
-2362871.1924605826	85.85	10.197368421052632	174.47368421052633	109.14473684210526	-53.90009116804975	218	605	156	14.0	321.0	196.0	8	9.0	106.0	68.0	0	0	9.13238525390625	17520	2153.2268567085266	15919	9.138127853881286	
-1550395.8535711416	82.425	10.253164556962025	173.37974683544303	108.11392405063292	-53.90009116804975	219	606	150	13.0	356.0	216.0	14	8.0	79.0	51.0	0	0	9.842571496963501	17600	2163.06942820549	15994	9.125	
-1612741.953973244	82.25	10.3625	177.25	110.55	-53.90009116804975	220	606	111	14	356	221	57	8	79	51	0	0	11.96805214881897	17680	2175.037480354309	16069	9.111990950226243	
-1237789.5020288476	82.0	10.220779220779221	171.2077922077922	107.0	-53.90009116804975	221	609	127	13.0	292.0	182.0	37	8.0	79.0	51.0	0	0	9.017616271972656	17760	2184.0550966262817	16140	9.121621621621628	
-937782.1521106543	83.6875	10.125	167.825	104.9125	-53.90009116804975	222	609	127	13	253	157	49	7	79	51	0	0	9.923887968063354	17840	2193.978984594345	16214	9.11434977578476	
-1862787.5517270244	83.6375	10.133333333333333	172.58666666666667	107.76	-53.90009116804975	223	614	135	13.0	361.0	223.0	29	8.0	79.0	51.0	0	0	10.737449884414673	17920	2204.7164344787598	16285	9.12388392857143	
-1625335.8177697803	82.55	10.052631578947368	171.72368421052633	107.11842105263158	-53.90009116804975	224	618	132	12.0	358.0	220.0	32	9.0	115.0	74.0	0	0	8.950679540634155	18000	2213.667114019394	16356	9.13333333333334	
-1875286.440398949	82.0	10.10126582278481	164.62025316455697	102.9113924050633	-53.90009116804975	225	619	135	14.0	279.0	173.0	29	8.0	79.0	51.0	0	0	8.851725578308105	18080	2222.518839597702	16429	9.131637168141594	
-1887797.9322171458	83.3125	10.15	171.8625	107.5	-53.894251934062765	226	619	138	13	291	177	26	8	95	61	0	0	10.048480033874512	18160	2232.5673196315765	16503	9.124449339207047	
-1575319.1089345687	83.5	10.103896103896103	167.94805194805195	105.05194805194805	-53.894251934062765	227	622	143	14.0	246.0	151.0	21	9.0	119.0	75.0	0	0	9.844966173171997	18240	2242.4122858047485	16576	9.122807017543849	
-1850274.7899139307	84.4	10.08974358974359	173.92307692307693	108.47435897435898	-53.894251934062765	228	624	134	13.0	302.0	189.0	30	8.0	79.0	51.0	0	0	9.604705572128296	18320	2252.016991376877	16650	9.115720524017462	
-1187798.4907962496	84.4	10.10126582278481	173.39240506329114	108.15189873417721	-53.894251934062765	229	625	134	12.0	379.0	233.0	39	8.0	79.0	51.0	0	0	9.32192349433899	18400	2261.338914871216	16725	9.103260869565219	
-1950315.4117285125	82.875	10.256410256410257	179.21794871794873	111.7948717948718	-53.894251934062765	230	627	145	13.0	308.0	193.0	19	9.0	114.0	72.0	0	0	11.099022150039673	18480	2272.4379370212555	16798	9.1017316017316	
-1337924.7017052646	81.45	10.18421052631579	173.03947368421052	108.09210526315789	-53.894251934062765	231	631	141	13.0	300.0	185.0	23	8.0	79.0	51.0	0	0	8.818496465682983	18560	2281.2564334869385	16869	9.110991379310335	
-1537863.3851855907	79.4	10.171052631578947	170.6315789473684	106.88157894736842	-53.894251934062765	232	635	121	13.0	340.0	211.0	23	8.0	84.0	54.0	0	0	8.781017065048218	18640	2290.0374505519867	16940	9.12017167381974	
-2200388.5163488137	82.6875	10.381578947368421	178.02631578947367	111.32894736842105	-53.89392996232984	233	639	150	15.0	362.0	225.0	14	8.0	98.0	63.0	0	0	11.010712385177612	18720	2301.0481629371643	17012	9.123931623931625	
-3125328.770960643	81.55	10.157894736842104	165.17105263157896	103.38157894736842	-53.89392996232984	234	643	136	13.0	290.0	176.0	27	8.0	79.0	51.0	0	0	8.951093196868896	18800	2309.999256134033	17082	9.13829787234043	
-1987802.2247482233	83.3625	10.223684210526315	170.48684210526315	106.35526315789474	-53.779693430805175	235	647	143	15.0	301.0	186.0	21	8.0	79.0	51.0	0	0	9.404314041137695	18880	2319.403570175171	17154	9.141949152542367	
-1325316.1509192807	85.3625	10.256410256410257	169.21794871794873	105.75641025641026	-53.779693430805175	236	649	144	15.0	340.0	211.0	55	8.0	79.0	51.0	0	0	8.725886344909668	18960	2328.1294565200806	17228	9.135021097046419	
-1800257.7087567796	82.225	10.051282051282051	169.74358974358975	105.85897435897436	-53.779693430805175	237	651	132	13.0	339.0	210.0	32	8.0	79.0	51.0	0	0	10.754509687423706	19040	2338.8839662075043	17301	9.133403361344534	
-2350314.3896167143	84.85	10.307692307692308	177.06410256410257	110.26923076923077	-53.779693430805175	238	653	132	14.0	344.0	207.0	34	8.0	79.0	51.0	0	0	9.877094030380249	19120	2348.7610602378845	17375	9.126569037656907	
-1737879.9227653586	83.25	10.31081081081081	175.13513513513513	108.95945945945945	-53.779693430805175	239	659	154	13.0	385.0	233.0	17	8.0	79.0	51.0	0	0	8.949260234832764	19200	2357.7103204727173	17445	9.140625	
-2000157.7117922634	90.8875	10.35897435897436	177.5897435897436	110.3974358974359	-53.779693430805175	240	661	159	13.0	272.0	165.0	51	8.0	79.0	51.0	0	0	11.538493394851685	19280	2369.248813867569	17518	9.139004149377598	
-1550283.3530792964	92.15	10.35897435897436	181.0897435897436	112.55128205128206	-53.779693430805175	241	663	205	14.0	319.0	200.0	30	8.0	79.0	51.0	0	0	9.608393907546997	19360	2378.857207775116	17592	9.132231404958674	
-1437879.2902721395	87.1375	10.175	174.0375	108.175	-53.779693430805175	242	663	153	13	280	171	50	8	79	51	0	0	10.031398057937622	19440	2388.8886058330536	17668	9.115226337448561	
-1287747.5643269396	91.0125	10.333333333333334	180.94871794871796	112.56410256410257	-53.779693430805175	243	665	236	15.0	494.0	305.0	41	8.0	79.0	51.0	0	0	11.402415990829468	19520	2400.291021823883	17741	9.113729508196727	
-1662777.205904101	91.5625	10.064102564102564	167.25641025641025	104.44871794871794	-53.779693430805175	244	667	160	12.0	258.0	159.0	16	8.0	96.0	62.0	0	0	8.888227701187134	19600	2409.17924952507	17814	9.112244897959187	
-1687773.2595632158	93.9125	10.329113924050633	180.83544303797467	112.58227848101266	-53.779693430805175	245	668	236	14.0	340.0	211.0	22	8.0	101.0	65.0	0	0	9.861016035079956	19680	2419.04026556015	17888	9.105691056910572	
-2012834.5845637373	86.325	10.076923076923077	168.62820512820514	105.43589743589743	-53.779693430805175	246	670	191	14.0	315.0	203.0	32	8.0	98.0	63.0	0	0	10.742844581604004	19760	2429.783110141754	17961	9.104251012145752	
-1350268.2981929441	89.0625	10.012820512820513	170.16666666666666	106.05128205128206	-53.779693430805175	247	672	158	14.0	309.0	191.0	35	8.0	82.0	53.0	0	0	9.587067365646362	19840	2439.3701775074005	18033	9.107862903225808	
-1950200.6095172092	94.4125	9.85135135135135	158.06756756756758	98.87837837837837	-53.779693430805175	248	678	177	13.0	294.0	184.0	24	8.0	79.0	51.0	0	0	8.142988204956055	19920	2447.5131657123566	18103	9.121485943775099	
-1887847.0498300367	102.675	9.924050632911392	157.9240506329114	98.79746835443038	-53.779693430805175	249	679	177	13.0	302.0	188.0	41	8.0	79.0	51.0	0	0	8.850229501724243	20000	2456.363395214081	18176	9.11999999999999	
-1537935.2360991186	90.3	10.113924050632912	165.8227848101266	103.56962025316456	-53.779693430805175	250	680	158	13.0	279.0	171.0	25	8.0	79.0	51.0	0	0	11.347655057907104	20080	2467.711050271988	18251	9.10856573705179	
-1987905.0783344586	85.4125	10.12987012987013	169.33766233766235	105.71428571428571	-53.779693430805175	251	683	158	13.0	295.0	180.0	19	8.0	79.0	51.0	0	0	9.138459205627441	20160	2476.8495094776154	18324	9.107142857142861	
-1975475.9314491942	88.25	10.282051282051283	169.76923076923077	106.1923076923077	-53.779693430805175	252	685	208	14.0	267.0	163.0	9	8.0	79.0	51.0	0	0	9.058085203170776	20240	2485.907594680786	18397	9.105731225296438	
-1612854.1067186322	86.6375	10.49367088607595	188.54430379746836	117.27848101265823	-53.779693430805175	253	686	143	15.0	382.0	233.0	21	8.0	79.0	51.0	0	0	11.944743871688843	20320	2497.852338552475	18472	9.094488188976385	
-1562874.7719435967	86.9125	10.240506329113924	175.68354430379748	109.58227848101266	-53.779693430805175	254	687	154	13.0	271.0	168.0	53	8.0	79.0	51.0	0	0	9.5284264087677	20400	2507.3807649612427	18547	9.083333333333329	
-1637932.474429482	82.7	10.1875	178.85	111.45	-53.779693430805175	255	687	142	13	330	203	39	8	79	51	0	0	9.77500319480896	20480	2517.1557681560516	18622	9.072265625	
-1750381.8821107678	80.1875	10.012658227848101	168.8987341772152	105.41772151898734	-53.779693430805175	256	688	135	13.0	314.0	189.0	29	8.0	79.0	51.0	0	0	10.908704996109009	20560	2528.0644731521606	18697	9.061284046692606	
-1900302.9340421453	80.5375	10.197368421052632	174.03947368421052	108.47368421052632	-53.779693430805175	257	692	157	12.0	386.0	231.0	7	8.0	79.0	51.0	0	0	9.643685817718506	20640	2537.708158969879	18769	9.064922480620154	
-2025457.3732624408	81.175	10.266666666666667	171.76	107.30666666666667	-53.779693430805175	258	697	146	13.0	386.0	231.0	18	8.0	88.0	57.0	0	0	8.665605783462524	20720	2546.3737647533417	18840	9.073359073359072	
-1475392.8649860949	88.2125	10.289473684210526	178.92105263157896	111.46052631578948	-53.77879911882148	259	701	166	14.0	386.0	231.0	32	8.0	99.0	64.0	0	0	10.046544075012207	20800	2556.420308828354	18912	9.07692307692308	
-1625313.5087602416	84.8875	10.133333333333333	168.52	105.17333333333333	-53.75290081503203	260	706	146	14.0	309.0	190.0	23	8.0	79.0	51.0	0	0	10.630260705947876	20880	2567.0505695343018	18983	9.085249042145591	
-1600433.7211454466	83.0625	10.155844155844155	168.62337662337663	105.48051948051948	-53.75290081503203	261	709	159	13.0	296.0	186.0	5	8.0	79.0	51.0	0	0	8.761270761489868	20960	2575.8118402957916	19055	9.088740458015266	
-2237926.2154268133	82.5875	10.192307692307692	175.43589743589743	109.47435897435898	-53.75290081503203	262	711	147	13.0	367.0	222.0	30	7.0	74.0	48.0	0	0	9.545123815536499	21040	2585.356964111328	19128	9.08745247148289	
-2000409.5530734074	81.35	9.960526315789474	163.8815789473684	102.44736842105263	-53.75290081503203	263	715	147	13.0	274.0	169.0	31	8.0	79.0	51.0	0	0	10.438891410827637	21120	2595.7958555221558	19199	9.095643939393938	
-2625365.1295309323	80.85	10.038461538461538	164.57692307692307	102.78205128205128	-53.75290081503203	264	717	123	16.0	301.0	182.0	36	8.0	79.0	51.0	0	0	8.931039333343506	21200	2604.7268948554993	19272	9.094339622641513	
-1500393.3472734431	80.85	10.25	169.67105263157896	105.8157894736842	-53.75290081503203	265	721	146	17.0	348.0	209.0	18	8.0	79.0	51.0	0	0	8.817938089370728	21280	2613.54483294487	19343	9.102443609022558	
-2150271.341915477	83.775	10.139240506329115	172.0759493670886	107.60759493670886	-53.75290081503203	266	722	124	15.0	299.0	184.0	50	8.0	116.0	75.0	0	0	8.866169929504395	21360	2622.4110028743744	19417	9.096441947565552	
-1425377.7805472005	82.5375	10.102564102564102	165.25641025641025	103.32051282051282	-53.75290081503203	267	724	134	13.0	280.0	174.0	29	8.0	79.0	51.0	0	0	10.907817125320435	21440	2633.318819999695	19490	9.095149253731336	
-1787923.9765763767	83.7125	10.354430379746836	171.86075949367088	107.34177215189874	-53.75290081503203	268	725	125	13.0	271.0	168.0	51	8.0	79.0	51.0	0	0	9.342289686203003	21520	2642.661109685898	19565	9.084572490706321	
-1950380.1023505218	83.9375	10.35897435897436	171.2948717948718	107.34615384615384	-53.75290081503203	269	727	158	15.0	377.0	237.0	46	8.0	79.0	51.0	0	0	8.997915983200073	21600	2651.659025669098	19639	9.07870370370371	
-2262898.4527685465	84.4125	10.518987341772151	178.0379746835443	111.29113924050633	-53.75290081503203	270	728	155	16.0	296.0	181.0	24	8.0	111.0	70.0	0	0	11.127394914627075	21680	2662.786420583725	19714	9.068265682656829	
-1462959.204974617	81.475	10.102564102564102	166.84615384615384	104.48717948717949	-53.75290081503203	271	730	158	15.0	388.0	239.0	6	8.0	95.0	61.0	0	0	9.45334792137146	21760	2672.2397685050964	19787	9.06709558823529	
-1887958.1093600001	83.325	10.265822784810126	165.13924050632912	103.37974683544304	-53.75290081503203	272	731	158	18.0	339.0	215.0	36	8.0	79.0	51.0	0	0	8.917609214782715	21840	2681.157377719879	19862	9.056776556776555	
-2287831.5790819926	85.125	10.253164556962025	172.45569620253164	107.74683544303798	-53.75290081503203	273	732	158	15.0	405.0	245.0	41	8.0	79.0	51.0	0	0	11.244303226470947	21920	2692.40168094635	19937	9.046532846715323	
-2162858.3303922554	82.5	10.0	165.80263157894737	103.63157894736842	-53.75290081503203	274	736	158	14.0	335.0	206.0	23	8.0	79.0	51.0	0	0	9.354032754898071	22000	2701.755713701248	20009	9.049999999999997	
-1900501.2111056678	82.825	10.0	169.0506329113924	105.64556962025317	-53.75290081503203	275	737	141	13.0	317.0	200.0	56	8.0	79.0	51.0	0	0	9.152636051177979	22080	2710.908349752426	20083	9.044384057971016	
-1787826.9703368559	83.625	10.115384615384615	171.69230769230768	107.26923076923077	-53.75290081503203	276	739	141	15.0	354.0	215.0	47	8.0	85.0	55.0	0	0	9.097046613693237	22160	2720.0053963661194	20156	9.04332129963899	
-2025470.1057307534	81.7375	9.973684210526315	164.78947368421052	103.10526315789474	-53.75290081503203	277	743	149	13.0	310.0	191.0	15	8.0	79.0	51.0	0	0	10.367956399917603	22240	2730.373352766037	20228	9.046762589928065	
-1687796.1822955825	81.975	10.30379746835443	175.9620253164557	109.87341772151899	-53.75290081503203	278	744	129	14.0	340.0	211.0	35	8.0	79.0	51.0	0	0	9.17588758468628	22320	2739.5492403507233	20303	9.036738351254485	
-2100427.156814995	81.5125	10.08	170.26666666666668	106.30666666666667	-53.75290081503203	279	749	134	14.0	414.0	253.0	30	8.0	79.0	51.0	0	0	8.708738565444946	22400	2748.257978916168	20374	9.044642857142861	
-1900463.5203583632	81.95	10.236842105263158	179.0921052631579	111.64473684210526	-53.75290081503203	280	753	161	13.0	396.0	243.0	12	8.0	79.0	51.0	0	0	10.647297143936157	22480	2758.9052760601044	20445	9.05249110320284	
-1712835.2106167753	82.025	10.23076923076923	173.47435897435898	108.24358974358974	-53.75290081503203	281	755	151	13.0	340.0	211.0	34	8.0	79.0	51.0	0	0	9.183834314346313	22560	2768.0891103744507	20517	9.055851063829792	
-1987869.7047478533	83.0375	10.3375	177.9375	110.825	-53.75290081503203	282	755	117	14	313	190	44	8	88	57	0	0	9.803850173950195	22640	2777.892960548401	20592	9.04593639575971	
-1687801.4323401668	81.05	9.894736842105264	170.39473684210526	106.15789473684211	-53.75290081503203	283	759	150	12.0	312.0	193.0	10	8.0	115.0	73.0	0	0	9.79299783706665	22720	2787.6859583854675	20663	9.053697183098592	
-1975311.052315284	89.525	10.131578947368421	171.03947368421052	106.6842105263158	-53.75290081503203	284	763	190	15.0	312.0	193.0	42	8.0	79.0	51.0	0	0	9.057207345962524	22800	2796.74316573143	20734	9.061403508771932	
-1887802.0252855276	85.7625	10.194805194805195	171.07792207792207	106.74025974025975	-53.75290081503203	285	766	140	13.0	308.0	193.0	16	8.0	88.0	57.0	0	0	9.124470472335815	22880	2805.867636203766	20807	9.06031468531468	
-1925412.1521556831	84.8375	10.142857142857142	167.66233766233765	104.64935064935065	-53.75290081503203	286	769	128	13.0	340.0	211.0	36	8.0	79.0	51.0	0	0	9.932466983795166	22960	2815.800103187561	20879	9.063588850174227	
-2012944.4109129221	84.5625	10.025974025974026	168.53246753246754	105.25974025974025	-53.75290081503203	287	772	144	13.0	311.0	194.0	20	8.0	79.0	51.0	0	0	9.895761251449585	23040	2825.6958644390106	20952	9.0625	
-1625324.0514993987	82.625	10.28	174.77333333333334	108.96	-53.75290081503203	288	777	129	13.0	306.0	186.0	20	8.0	79.0	51.0	0	0	8.414560556411743	23120	2834.1104249954224	21022	9.07439446366783	
-1825308.1294226584	81.9375	10.0	167.31578947368422	104.32894736842105	-53.75290081503203	289	781	139	13.0	340.0	211.0	20	8.0	79.0	51.0	0	0	8.91051197052002	23200	2843.0209369659424	21094	9.077586206896555	
-2087970.9411587678	82.125	10.171052631578947	171.28947368421052	106.94736842105263	-53.75290081503203	290	785	120	14.0	314.0	190.0	32	8.0	79.0	51.0	0	0	11.02549123764038	23280	2854.0464282035828	21166	9.080756013745699	
-1762829.3246312004	84.7625	10.316455696202532	179.60759493670886	111.74683544303798	-53.75290081503203	291	786	134	13.0	382.0	235.0	30	8.0	79.0	51.0	0	0	9.248744487762451	23360	2863.295172691345	21240	9.075342465753423	
-1962842.4682079456	81.025	10.217948717948717	176.24358974358975	109.84615384615384	-53.75290081503203	292	788	117	14.0	386.0	231.0	45	8.0	79.0	51.0	0	0	9.232415676116943	23440	2872.527588367462	21313	9.074232081911262	
-2362762.068677516	82.3625	10.105263157894736	167.6184210526316	104.73684210526316	-53.75290081503203	293	792	132	14.0	391.0	238.0	35	8.0	96.0	62.0	0	0	10.342812061309814	23520	2882.870400428772	21384	9.08163265306122	
-2075313.4073372118	83.0375	10.346153846153847	175.9102564102564	110.02564102564102	-53.75290081503203	294	794	132	15.0	301.0	186.0	44	8.0	79.0	51.0	0	0	9.470253944396973	23600	2892.340654373169	21458	9.076271186440678	
-2200291.9301758134	83.9375	10.246753246753247	167.36363636363637	104.72727272727273	-53.75290081503203	295	797	132	17.0	260.0	159.0	44	8.0	96.0	62.0	0	0	8.667141199111938	23680	2901.007795572281	21529	9.08361486486487	
-2175358.676946523	83.85	10.381578947368421	172.28947368421052	107.84210526315789	-53.75290081503203	296	801	132	15.0	257.0	161.0	49	8.0	90.0	58.0	0	0	9.262029647827148	23760	2910.269825220108	21601	9.086700336700332	
-1787879.7464517083	83.075	10.265822784810126	170.51898734177215	106.67088607594937	-53.75290081503203	297	802	125	15.0	262.0	162.0	39	8.0	79.0	51.0	0	0	10.798815727233887	23840	2921.068640947342	21676	9.077181208053688	
-2137720.7428689683	81.4625	10.151898734177216	162.64556962025316	101.82278481012658	-53.75290081503203	298	803	144	14.0	326.0	200.0	20	8.0	79.0	51.0	0	0	9.063624620437622	23920	2930.1322655677795	21750	9.07190635451505	
-2250293.304888035	88.2	10.133333333333333	170.01333333333332	106.2	-53.75290081503203	299	808	155	13.0	310.0	188.0	31	8.0	79.0	51.0	0	0	8.718539476394653	24000	2938.850805044174	21821	9.079166666666666	
-1650257.3397841284	86.0125	10.216216216216216	174.8108108108108	109.24324324324324	-53.75290081503203	300	814	154	13.0	284.0	176.0	10	8.0	87.0	56.0	0	0	10.618574142456055	24080	2949.4693791866302	21890	9.094684385382052	
-2112957.163808669	85.5375	10.08860759493671	168.44303797468353	105.31645569620254	-53.75290081503203	301	815	142	13.0	303.0	191.0	48	8.0	79.0	51.0	0	0	9.251550674438477	24160	2958.7209298610687	21965	9.085264900662253	
-1737901.0669472138	82.7125	9.947368421052632	165.32894736842104	103.23684210526316	-53.75290081503203	302	819	142	14.0	260.0	161.0	32	8.0	87.0	56.0	0	0	8.771161794662476	24240	2967.492091655731	22037	9.088283828382842	
-1837867.9425827551	82.6625	9.85	159.4625	99.9625	-53.75290081503203	303	819	117	13	283	178	47	8	79	51	0	0	9.306386709213257	24320	2976.7984783649445	22112	9.078947368421055	
-1875332.8794216246	81.8625	9.974358974358974	166.34615384615384	103.96153846153847	-53.75290081503203	304	821	150	13.0	304.0	186.0	14	8.0	79.0	51.0	0	0	10.74826169013977	24400	2987.5467400550842	22186	9.073770491803273	
-1412880.9832582239	82.75	10.194805194805195	177.66233766233765	110.96103896103897	-53.75290081503203	305	824	144	14.0	350.0	214.0	20	8.0	110.0	71.0	0	0	8.596259593963623	24480	2996.142999649048	22257	9.080882352941174	
-1837803.2888326899	80.3	10.05	166.3375	103.8375	-53.75290081503203	306	824	102	14	291	176	62	8	79	51	0	0	9.465428829193115	24560	3005.608428478241	22332	9.071661237785008	
-1775326.6534182415	81.1	10.012820512820513	164.73076923076923	103.01282051282051	-53.75290081503203	307	826	115	13.0	276.0	171.0	49	8.0	84.0	54.0	0	0	10.5424325466156	24640	3016.1508610248566	22406	9.066558441558442	
-1425299.1487622089	80.9875	10.23076923076923	172.05128205128204	107.33333333333333	-53.75290081503203	308	828	120	15.0	316.0	193.0	44	8.0	87.0	56.0	0	0	9.142906665802002	24720	3025.2937676906586	22480	9.061488673139166	
-1562996.160805758	81.4125	10.14102564102564	173.65384615384616	108.25641025641026	-53.75290081503203	309	830	129	13.0	307.0	192.0	35	8.0	79.0	51.0	0	0	9.575392246246338	24800	3034.869159936905	22553	9.060483870967744	
-1725198.1218085033	82.4625	10.207792207792208	170.93506493506493	106.81818181818181	-53.75290081503203	310	833	156	14.0	276.0	176.0	8	8.0	79.0	51.0	0	0	10.79581069946289	24880	3045.664970636368	22626	9.059485530546624	
-1875307.701654616	81.85	10.12987012987013	165.6103896103896	103.50649350649351	-53.75290081503203	311	836	136	15.0	308.0	193.0	28	8.0	79.0	51.0	0	0	9.378297328948975	24960	3055.0432679653168	22699	9.058493589743591	
-2150306.5016250936	82.0	10.076923076923077	166.17948717948718	103.76923076923077	-53.75290081503203	312	838	159	13.0	296.0	179.0	5	8.0	79.0	51.0	0	0	8.992833137512207	25040	3064.036101102829	22772	9.057507987220447	
-2587764.231277425	82.075	10.077922077922079	166.01298701298703	103.72727272727273	-53.75290081503203	313	841	140	13.0	336.0	202.0	24	8.0	79.0	51.0	0	0	8.94239330291748	25120	3072.9784944057465	22844	9.060509554140125	
-1862757.9898400283	80.575	10.263157894736842	169.6578947368421	106.0	-53.75290081503203	314	845	102	13.0	304.0	190.0	31	8.0	98.0	63.0	0	0	10.423883199691772	25200	3083.4023776054382	22916	9.063492063492063	
-1950283.4868459392	82.2375	10.064102564102564	165.78205128205127	103.7051282051282	-53.75290081503203	315	847	141	13.0	249.0	157.0	18	8.0	91.0	59.0	0	0	9.363373517990112	25280	3092.7657511234283	22989	9.0625	
-2350370.6329812673	83.7375	10.12	168.32	105.22666666666667	-53.75290081503203	316	852	152	14.0	340.0	216.0	12	8.0	79.0	51.0	0	0	8.25859785079956	25360	3101.024348974228	23059	9.073343848580436	
-2175329.0243909596	83.6625	10.276315789473685	173.01315789473685	108.07894736842105	-53.75290081503203	317	856	151	17.0	331.0	208.0	27	8.0	79.0	51.0	0	0	10.473591804504395	25440	3111.4979407787323	23130	9.080188679245282	
-2112830.113844484	87.525	10.371794871794872	177.30769230769232	110.94871794871794	-53.75290081503203	318	858	159	14.0	304.0	189.0	33	8.0	96.0	62.0	0	0	9.282145023345947	25520	3120.7800858020782	23204	9.075235109717866	
-2037738.077905678	80.975	9.987341772151899	166.69620253164558	104.63291139240506	-53.72058431124545	319	859	141	14.0	276.0	173.0	23	8.0	79.0	51.0	0	0	8.780928611755371	25600	3129.5610144138336	23277	9.07421875	
-1875392.173033861	79.5375	10.12987012987013	171.5974025974026	107.27272727272727	-53.72058431124545	320	862	172	15.0	360.0	222.0	1	8.0	79.0	51.0	0	0	8.952672958374023	25680	3138.5136873722076	23349	9.077102803738313	
-1525230.2054148417	80.5375	10.139240506329115	174.13924050632912	108.81012658227849	-53.72058431124545	321	863	147	14.0	334.0	205.0	17	8.0	87.0	56.0	0	0	10.796720743179321	25760	3149.310408115387	23424	9.068322981366464	
-1662904.6021251671	81.6625	9.974358974358974	164.94871794871796	103.21794871794872	-53.72058431124545	322	865	136	12.0	276.0	173.0	28	8.0	79.0	51.0	0	0	8.650888919830322	25840	3157.9612970352173	23497	9.067337461300312	
-2100359.5052137175	80.4875	9.936708860759493	165.15189873417722	103.34177215189874	-53.72058431124545	323	866	113	13.0	314.0	198.0	41	8.0	79.0	51.0	0	0	9.01456069946289	25920	3166.97585773468	23572	9.058641975308646	
-2525353.0421906984	83.125	10.012987012987013	164.42857142857142	103.01298701298701	-53.72058431124545	324	869	177	13.0	276.0	174.0	18	8.0	79.0	51.0	0	0	10.387662410736084	26000	3177.3635201454163	23644	9.061538461538461	
-1725433.546964754	81.4	9.974683544303797	162.9620253164557	101.9620253164557	-53.72058431124545	325	870	132	13.0	272.0	171.0	32	7.0	79.0	51.0	0	0	8.72675347328186	26080	3186.090273618698	23718	9.056748466257673	
-2075330.5682376928	82.55	9.9125	164.3125	102.875	-53.72058431124545	326	870	129	12	287	178	35	7	79	51	0	0	8.731534481048584	26160	3194.8218080997467	23791	9.055810397553515	
-1375417.6117761377	79.5625	9.961538461538462	163.10256410256412	102.08974358974359	-53.72058431124545	327	872	144	13.0	340.0	211.0	20	7.0	79.0	51.0	0	0	8.75744080543518	26240	3203.579248905182	23865	9.051067073170728	
-1850394.7114327452	81.3875	10.092105263157896	167.67105263157896	104.71052631578948	-53.72058431124545	328	876	149	13.0	307.0	186.0	15	8.0	79.0	51.0	0	0	10.470925569534302	26320	3214.050174474716	23936	9.05775075987843	
-1637779.3177883509	83.2875	10.333333333333334	179.15384615384616	111.66666666666667	-53.72058431124545	329	878	141	16.0	318.0	193.0	23	8.0	87.0	56.0	0	0	9.563879013061523	26400	3223.6140534877777	24010	9.053030303030312	
-2150371.773362345	81.5625	10.25	178.0125	110.8625	-53.72058431124545	330	878	128	14	332	204	47	8	79	51	0	0	9.273441791534424	26480	3232.887495279312	24083	9.052114803625372	
-1800420.345901655	82.0	10.16	167.84	104.92	-53.72058431124545	331	883	127	12.0	257.0	157.0	37	8.0	90.0	58.0	0	0	10.266913175582886	26560	3243.154408454895	24154	9.058734939759034	
-2237804.455833644	79.9875	10.173333333333334	176.45333333333335	109.98666666666666	-53.72058431124545	332	888	147	13.0	299.0	186.0	17	8.0	79.0	51.0	0	0	8.89229965209961	26640	3252.0467081069946	24225	9.065315315315317	
-1887781.2766551846	83.1	10.236842105263158	177.51315789473685	110.85526315789474	-53.72058431124545	333	892	131	13.0	299.0	181.0	33	8.0	79.0	51.0	0	0	8.854528903961182	26720	3260.901237010956	24297	9.068113772455092	
-1812872.3445532843	82.0875	10.223684210526315	174.8684210526316	109.23684210526316	-53.72058431124545	334	896	155	15.0	289.0	181.0	9	8.0	79.0	51.0	0	0	10.472969055175781	26800	3271.3742060661316	24369	9.070895522388057	
-1337856.262304404	82.4	10.14102564102564	176.5897435897436	110.32051282051282	-53.72058431124545	335	898	161	14.0	345.0	214.0	3	8.0	83.0	54.0	0	0	9.953220129013062	26880	3281.3274261951447	24443	9.06622023809524	
-2050384.7618693344	83.975	10.037974683544304	164.0759493670886	102.78481012658227	-53.72058431124545	336	899	161	12.0	294.0	179.0	30	8.0	79.0	51.0	0	0	8.835193395614624	26960	3290.1626195907593	24518	9.05786350148368	
-1575403.1330022435	82.0	9.972972972972974	169.74324324324326	106.20270270270271	-53.72058431124545	337	905	133	14.0	385.0	239.0	31	8.0	79.0	51.0	0	0	8.535190105438232	27040	3298.6978096961975	24588	9.068047337278102	
-2512795.2898643194	83.3875	10.155844155844155	171.80519480519482	107.40259740259741	-53.72058431124545	338	908	140	14.0	379.0	235.0	24	8.0	79.0	51.0	0	0	10.310184955596924	27120	3309.0079946517944	24661	9.06710914454277	
-2112902.1043403633	81.675	10.103896103896103	166.96103896103895	104.42857142857143	-53.72058431124545	339	911	178	13.0	368.0	229.0	34	8.0	91.0	59.0	0	0	8.85006332397461	27200	3317.858057975769	24734	9.066176470588232	
-2275272.164249186	85.7125	10.466666666666667	177.10666666666665	110.74666666666667	-53.72058431124545	340	916	132	15.0	286.0	179.0	32	7.0	79.0	51.0	0	0	8.734610319137573	27280	3326.5926682949066	24805	9.072580645161281	
-2587913.6576458653	85.5375	10.39240506329114	172.70886075949366	108.35443037974683	-53.72058431124545	341	917	128	13.0	280.0	173.0	39	8.0	79.0	51.0	0	0	10.76994013786316	27360	3337.36260843277	24880	9.064327485380119	
-1500383.6121858608	87.9125	10.207792207792208	178.92207792207793	111.81818181818181	-53.72058431124545	342	920	152	14.0	387.0	237.0	23	8.0	79.0	51.0	0	0	8.201255083084106	27440	3345.563863515854	24952	9.067055393586003	
-1750351.5052908652	84.0875	10.025641025641026	167.43589743589743	104.8076923076923	-53.72058431124545	343	922	153	14.0	278.0	176.0	11	8.0	79.0	51.0	0	0	7.852495908737183	27520	3353.416359424591	25024	9.069767441860463	
-1862996.3994201596	82.4375	10.0	171.23076923076923	107.0	-53.72058431124545	344	924	123	13.0	329.0	204.0	41	8.0	87.0	56.0	0	0	8.674872398376465	27600	3362.0912318229675	25098	9.065217391304344	
-1650304.9224430788	81.9	10.278481012658228	171.55696202531647	107.24050632911393	-53.65780405131292	345	925	132	14.0	340.0	211.0	32	8.0	79.0	51.0	0	0	10.562696695327759	27680	3372.6539285182953	25172	9.0606936416185	
-2087822.3969483948	83.2	10.217948717948717	175.12820512820514	109.28205128205128	-53.65780405131292	346	927	144	15.0	340.0	211.0	20	8.0	87.0	56.0	0	0	8.870071411132812	27760	3381.523999929428	25246	9.05619596541787	
-1487965.1094765353	82.3125	10.08974358974359	164.96153846153845	103.17948717948718	-53.65780405131292	347	929	128	14.0	340.0	211.0	36	8.0	87.0	56.0	0	0	8.75147294998169	27840	3390.27547287941	25320	9.051724137931032	
-1812892.4360763957	82.0375	10.41095890410959	181.15068493150685	113.26027397260275	-53.65780405131292	348	936	142	14.0	340.0	211.0	22	8.0	115.0	73.0	0	0	9.199980735778809	27920	3399.4754536151886	25388	9.068767908309468	
-1037917.6189562321	88.2875	10.329113924050633	171.9746835443038	107.68354430379746	-53.65780405131292	349	937	142	14.0	340.0	211.0	48	8.0	88.0	57.0	0	0	9.290241479873657	28000	3408.7656950950623	25463	9.060714285714283	
-1712845.8941454557	84.6625	10.10126582278481	164.63291139240508	103.07594936708861	-53.65780405131292	350	938	142	13.0	340.0	211.0	45	8.0	84.0	54.0	0	0	8.461018562316895	28080	3417.226713657379	25537	9.056267806267797	
-2100296.5464341864	83.55	10.282051282051283	172.51282051282053	107.87179487179488	-53.65780405131292	351	940	192	13.0	340.0	211.0	28	8.0	99.0	64.0	0	0	8.586292266845703	28160	3425.813005924225	25610	9.055397727272734	
-1887892.8732465822	81.85	10.10958904109589	164.26027397260273	102.65753424657534	-53.65780405131292	352	947	126	13.0	216.0	136.0	38	8.0	115.0	73.0	0	0	9.76267123222351	28240	3435.5756771564484	25679	9.068696883852695	
-2175290.380340942	81.5125	10.316455696202532	173.64556962025316	108.48101265822785	-53.65780405131292	353	948	118	14.0	340.0	211.0	46	8.0	100.0	64.0	0	0	8.803452491760254	28320	3444.3791296482086	25754	9.06073446327683	
-1775285.5097492158	82.35	10.397435897435898	178.43589743589743	111.34615384615384	-53.56372930490534	354	950	143	14.0	386.0	231.0	21	8.0	103.0	66.0	0	0	9.630885124206543	28400	3454.010014772415	25827	9.059859154929569	
-1987744.5907819346	81.925	10.311688311688311	182.6883116883117	113.41558441558442	-53.56372930490534	355	953	153	13.0	386.0	231.0	11	8.0	87.0	56.0	0	0	11.734813690185547	28480	3465.7448284626007	25899	9.0625	
-2112830.7064950904	83.85	10.486842105263158	183.9078947368421	114.52631578947368	-53.56372930490534	356	957	155	13.0	386.0	231.0	20	8.0	101.0	65.0	0	0	9.374505043029785	28560	3475.1193335056305	25971	9.065126050420176	
-1562851.4226220797	85.025	10.256410256410257	182.98717948717947	113.66666666666667	-53.56372930490534	357	959	138	13.0	386.0	231.0	29	8.0	84.0	54.0	0	0	9.658334970474243	28640	3484.7776684761047	26043	9.067737430167597	
-1887908.0105989918	88.2125	10.30379746835443	176.0759493670886	109.65822784810126	-53.56372930490534	358	960	157	13.0	386.0	231.0	31	8.0	85.0	55.0	0	0	10.05989933013916	28720	3494.837567806244	26118	9.059888579387191	
-1925274.8453535542	84.85	10.151898734177216	177.0379746835443	110.12658227848101	-53.56372930490534	359	961	157	13.0	307.0	189.0	46	8.0	87.0	56.0	0	0	10.19228982925415	28800	3505.029857635498	26193	9.052083333333343	
-2075387.223907595	82.45	10.210526315789474	173.53947368421052	108.38157894736842	-53.56372930490534	360	965	149	14.0	310.0	197.0	15	7.0	74.0	48.0	0	0	8.919730424880981	28880	3513.949588060379	26265	9.054709141274245	
-2087864.3442531996	80.9125	10.226666666666667	164.09333333333333	102.64	-53.56372930490534	361	970	140	14.0	237.0	146.0	22	9.0	109.0	70.0	0	0	8.340934753417969	28960	3522.290522813797	26336	9.060773480662988	
-1412940.1981064328	83.3875	10.215189873417721	171.0253164556962	106.75949367088607	-53.56372930490534	362	971	139	14.0	259.0	161.0	26	8.0	87.0	56.0	0	0	10.272635459899902	29040	3532.563158273697	26409	9.059917355371908	
-1600488.2297489718	82.0	10.125	167.775	104.825	-53.56372930490534	363	971	139	14	307	186	25	8	87	56	0	0	8.740606307983398	29120	3541.3037645816803	26485	9.048763736263737	
-1350317.8224479954	81.325	10.223684210526315	169.43421052631578	105.78947368421052	-53.56372930490534	364	975	160	13.0	294.0	181.0	4	9.0	115.0	73.0	0	0	8.406567811965942	29200	3549.7103323936462	26556	9.054794520547944	
-2487923.88335224	82.0	10.328947368421053	169.85526315789474	106.36842105263158	-53.56372930490534	365	979	163	14.0	321.0	196.0	22	8.0	87.0	56.0	0	0	9.326762437820435	29280	3559.0370948314667	26626	9.064207650273232	
-1400424.9698317046	81.85	10.220779220779221	175.5194805194805	109.42857142857143	-53.56372930490534	366	982	149	16.0	371.0	227.0	15	8.0	84.0	54.0	0	0	9.2305428981781	29360	3568.267637729645	26698	9.066757493188021	
-1800512.014008771	85.1125	10.320512820512821	179.97435897435898	112.37179487179488	-53.56372930490534	367	984	127	14.0	336.0	208.0	56	8.0	87.0	56.0	0	0	10.263561725616455	29440	3578.5311994552612	26772	9.0625	
-2075337.9939081818	86.2125	10.192307692307692	175.74358974358975	109.78205128205128	-53.55213067336558	368	986	134	13.0	280.0	171.0	30	8.0	114.0	72.0	0	0	9.110363721847534	29520	3587.6415631771088	26846	9.058265582655821	
-2137728.7545623616	88.1875	10.35897435897436	175.15384615384616	109.55128205128206	-53.55213067336558	369	988	171	14.0	274.0	171.0	18	8.0	106.0	67.0	0	0	10.351845264434814	29600	3597.9934084415436	26920	9.054054054054049	
-1375343.247191941	84.1	10.151898734177216	172.32911392405063	107.89873417721519	-53.55213067336558	370	989	140	14.0	308.0	193.0	36	8.0	87.0	56.0	0	0	9.208772659301758	29680	3607.2021811008453	26995	9.046495956873315	
-1400303.7653112174	80.8	9.974358974358974	164.43589743589743	102.93589743589743	-53.55213067336558	371	991	143	14.0	297.0	181.0	21	8.0	113.0	72.0	0	0	8.447692394256592	29760	3615.649873495102	27068	9.045698924731184	
-1887941.8300180896	79.75	10.115384615384615	164.78205128205127	102.96153846153847	-53.55213067336558	372	993	131	15.0	314.0	189.0	33	8.0	87.0	56.0	0	0	10.143692255020142	29840	3625.793565750122	27142	9.041554959785529	
-1700465.9153767177	82.375	10.103896103896103	169.85714285714286	105.98701298701299	-53.55213067336558	373	996	140	13.0	270.0	165.0	24	8.0	99.0	64.0	0	0	9.120450019836426	29920	3634.9140157699585	27215	9.040775401069524	
-1500355.4038732145	79.9125	10.131578947368421	175.64473684210526	109.42105263157895	-53.55213067336558	374	1000	122	17.0	336.0	202.0	24	8.0	87.0	56.0	0	0	8.633484363555908	30000	3643.5475001335144	27285	9.049999999999997	
-1825376.62515277	77.8625	10.181818181818182	170.0909090909091	106.0909090909091	-53.55213067336558	375	1003	149	15.0	263.0	164.0	12	8.0	96.0	62.0	0	0	8.153787612915039	30080	3651.7012877464294	27358	9.04920212765957	
-2112872.2548363404	78.875	10.35135135135135	169.4189189189189	106.14864864864865	-53.55213067336558	376	1009	143	14.0	281.0	173.0	15	8.0	79.0	51.0	0	0	9.909412145614624	30160	3661.610699892044	27428	9.058355437665782	
-1775397.2942068563	84.7125	10.076923076923077	170.02564102564102	106.23076923076923	-53.55213067336558	377	1011	143	12.0	285.0	176.0	20	8.0	90.0	58.0	0	0	8.548532724380493	30240	3670.1592326164246	27502	9.05423280423281	
-2237897.4433134883	88.0375	10.164556962025317	173.65822784810126	108.31645569620254	-53.55213067336558	378	1012	149	13.0	444.0	268.0	23	8.0	84.0	54.0	0	0	8.488829612731934	30320	3678.6480622291565	27577	9.046833773087073	
-1825504.662342549	88.8625	9.897435897435898	163.71794871794873	102.42307692307692	-53.55213067336558	379	1014	149	14.0	247.0	155.0	51	8.0	85.0	55.0	0	0	9.172348976135254	30400	3687.8204112052917	27651	9.04276315789474	
-1737837.9736295044	83.9	10.1875	172.425	107.65	-53.55213067336558	380	1014	124	13	278	175	40	8	99	64	0	0	10.021892070770264	30480	3697.842303276062	27726	9.035433070866134	
-1712827.3233454512	83.275	10.128205128205128	173.92307692307693	108.56410256410257	-53.55213067336558	381	1016	146	13.0	388.0	239.0	18	8.0	88.0	57.0	0	0	9.033221244812012	30560	3706.875524520874	27800	9.031413612565444	
-1400393.4168011912	80.3125	10.294871794871796	173.82051282051282	108.6025641025641	-53.55213067336558	382	1018	126	16.0	400.0	243.0	18	8.0	87.0	56.0	0	0	8.891425609588623	30640	3715.7669501304626	27873	9.03067885117494	
-2037790.1599465334	82.875	10.052631578947368	169.1578947368421	105.44736842105263	-53.55213067336558	383	1022	155	13.0	276.0	171.0	21	8.0	101.0	65.0	0	0	9.931915283203125	30720	3725.6988654136658	27945	9.033203125	
-1687921.8372192257	83.0125	10.051282051282051	169.94871794871796	106.28205128205128	-53.55213067336558	384	1024	143	13.0	315.0	191.0	25	8.0	99.0	64.0	0	0	8.531808137893677	30800	3734.2306735515594	28019	9.029220779220779	
-2000382.6608045362	82.0	10.25974025974026	177.35064935064935	110.66233766233766	-53.55213067336558	385	1027	135	13.0	388.0	239.0	29	8.0	92.0	59.0	0	0	8.589843511581421	30880	3742.820517063141	28092	9.028497409326434	
-1212809.9952103102	83.5875	10.116883116883116	173.84415584415584	108.49350649350649	-53.55213067336558	386	1030	135	14.0	352.0	214.0	37	8.0	99.0	64.0	0	0	9.494681119918823	30960	3752.3151981830597	28165	9.027777777777786	
-1912860.2708704185	83.9875	10.092105263157896	162.9078947368421	102.03947368421052	-53.55213067336558	387	1034	135	13.0	256.0	161.0	35	8.0	112.0	72.0	0	0	9.917962074279785	31040	3762.2331602573395	28237	9.030283505154628	
-2275265.634039386	88.4125	9.91025641025641	161.7948717948718	101.3974358974359	-53.55213067336558	388	1036	192	13.0	297.0	184.0	5	8.0	82.0	53.0	0	0	8.321402311325073	31120	3770.5545625686646	28310	9.029562982005146	
-1812828.8454142897	84.1875	10.153846153846153	174.92307692307693	109.2051282051282	-53.55213067336558	389	1038	143	16.0	458.0	273.0	21	8.0	95.0	61.0	0	0	9.10460352897644	31200	3779.659166097641	28384	9.025641025641022	
-1300407.4518057336	83.7875	10.153846153846153	171.0897435897436	106.82051282051282	-53.55213067336558	390	1040	145	14.0	268.0	167.0	19	8.0	119.0	75.0	0	0	10.21422791481018	31280	3789.873394012451	28457	9.02493606138107	
-1487886.7717400552	81.575	10.14102564102564	169.93589743589743	106.03846153846153	-53.55213067336558	391	1042	131	13.0	256.0	159.0	34	8.0	87.0	56.0	0	0	8.423579931259155	31360	3798.2969739437103	28530	9.02423469387756	
-1525300.5487922453	82.6625	10.113924050632912	169.81012658227849	106.07594936708861	-53.55213067336558	392	1043	151	14.0	334.0	207.0	13	8.0	87.0	56.0	0	0	8.357648134231567	31440	3806.654622077942	28605	9.017175572519093	
-2112804.16938831	81.8875	10.210526315789474	173.71052631578948	108.30263157894737	-53.55213067336558	393	1047	137	16.0	314.0	192.0	27	8.0	79.0	51.0	0	0	9.223010063171387	31520	3815.8776321411133	28677	9.01967005076142	
-2400300.0532757803	80.8	10.164556962025317	171.15189873417722	106.84810126582279	-53.55213067336558	394	1048	116	14.0	341.0	214.0	42	9.0	99.0	64.0	0	0	10.874947786331177	31600	3826.7525799274445	28752	9.012658227848107	
-2050361.6156350058	80.9875	10.474358974358974	178.37179487179486	111.42307692307692	-53.55213067336558	395	1050	138	14.0	335.0	204.0	12	8.0	79.0	51.0	0	0	9.00031590461731	31680	3835.7528958320618	28826	9.00883838383838	
-2300324.0050103962	81.5375	10.12987012987013	168.03896103896105	105.07792207792208	-53.55213067336558	396	1053	144	14.0	256.0	158.0	20	8.0	93.0	60.0	0	0	8.874771356582642	31760	3844.6276671886444	28899	9.008186397984886	
-1850356.449654656	82.0375	10.03896103896104	160.97402597402598	100.77922077922078	-53.55213067336558	397	1056	153	13.0	280.0	170.0	11	8.0	84.0	54.0	0	0	9.377680540084839	31840	3854.0053477287292	28971	9.0106783919598	
-1650428.9116986166	83.1375	10.064935064935066	164.06493506493507	102.63636363636364	-53.55213067336558	398	1059	154	13.0	258.0	161.0	10	8.0	93.0	60.0	0	0	8.482565641403198	31920	3862.4879133701324	29044	9.010025062656652	
-2262913.8828402343	85.4	10.220779220779221	167.32467532467533	104.62337662337663	-53.55213067336558	399	1062	136	13.0	300.0	186.0	28	8.0	93.0	60.0	0	0	8.800452947616577	32000	3871.288366317749	29117	9.009374999999991	
-1975460.262847966	83.05	10.282051282051283	176.34615384615384	110.08974358974359	-53.55213067336558	400	1064	127	15.0	344.0	213.0	38	8.0	93.0	60.0	0	0	9.36547040939331	32080	3880.6538367271423	29190	9.008728179551113	
-1638013.1903415504	83.7	10.14102564102564	177.16666666666666	110.25641025641026	-53.55213067336558	401	1066	134	14.0	407.0	245.0	35	8.0	111.0	70.0	0	0	10.789640665054321	32160	3891.4434773921967	29264	9.004975124378106	
-1600438.221256877	87.7875	10.139240506329115	180.54430379746836	112.21518987341773	-53.55213067336558	402	1067	147	13.0	412.0	257.0	59	8.0	82.0	53.0	0	0	9.850519895553589	32240	3901.2939972877502	29339	8.99813895781638	
-1650509.9000838436	87.425	10.278481012658228	181.27848101265823	112.9493670886076	-53.55213067336558	403	1068	134	14.0	386.0	233.0	26	7.0	82.0	53.0	0	0	9.952500581741333	32320	3911.2464978694916	29414	8.991336633663366	
-1950347.2336382489	86.7625	10.253164556962025	178.8227848101266	111.36708860759494	-53.55213067336558	404	1069	150	14.0	386.0	231.0	30	8.0	115.0	73.0	0	0	11.081352949142456	32400	3922.327850818634	29489	8.98456790123457	
-1900337.6173387102	78.775	10.233766233766234	176.87012987012986	110.53246753246754	-53.55213067336558	405	1072	135	14.0	386.0	231.0	25	8.0	111.0	71.0	0	0	8.373337507247925	32480	3930.701188325882	29559	8.993226600985224	
-1775318.5397312357	83.4125	10.12987012987013	168.97402597402598	105.41558441558442	-53.55213067336558	406	1075	132	14.0	259.0	161.0	32	8.0	99.0	64.0	0	0	8.27773666381836	32560	3938.9789249897003	29631	8.995700245700249	
-1637932.115449025	87.7625	10.4	173.4	108.25	-53.55213067336558	407	1075	145	14	344	207	32	8	102	66	0	0	9.290972471237183	32640	3948.2698974609375	29707	8.985906862745097	
-1962963.1431752786	82.9375	10.220779220779221	170.19480519480518	106.27272727272727	-53.55213067336558	408	1078	193	13.0	271.0	164.0	20	8.0	96.0	62.0	0	0	10.18630051612854	32720	3958.456197977066	29780	8.98533007334963	
-1800422.3613808968	82.5875	10.41025641025641	180.06410256410257	112.1923076923077	-53.55213067336558	409	1080	129	14.0	271.0	166.0	29	8.0	99.0	64.0	0	0	9.18977165222168	32800	3967.6459696292877	29853	8.984756097560975	
-1937884.6817240133	78.8875	10.272727272727273	177.66233766233765	110.7012987012987	-53.55213067336558	410	1083	115	16.0	349.0	210.0	25	8.0	99.0	64.0	0	0	8.505911111831665	32880	3976.1518807411194	29925	8.987226277372258	
-1800308.3321303532	80.6625	10.106666666666667	163.52	102.29333333333334	-53.55213067336558	411	1088	160	14.0	306.0	189.0	12	8.0	87.0	56.0	0	0	8.91341781616211	32960	3985.0652985572815	29996	8.992718446601941	
-1950373.1808049039	86.75	10.08860759493671	168.78481012658227	105.54430379746836	-53.55213067336558	412	1089	161	13.0	292.0	181.0	11	8.0	87.0	56.0	0	0	8.901151895523071	33040	3993.9664504528046	30071	8.986077481840198	
-2012772.4409262105	85.7	9.8625	163.2625	102.1625	-53.55213067336558	413	1089	161	13	290	178	11	8	79	51	0	0	8.146975755691528	33120	4002.113426208496	30143	8.988526570048307	
-1475270.6625523265	73.825	9.89041095890411	161.91780821917808	101.3013698630137	-53.55213067336558	414	1096	153	13.0	230.0	141.0	11	8.0	98.0	63.0	0	0	7.580320358276367	33200	4009.6937465667725	30209	9.009036144578303	
-1687999.521292853	76.775	9.818181818181818	154.8961038961039	97.07792207792208	-53.55213067336558	415	1099	114	14.0	267.0	166.0	11	8.0	87.0	56.0	0	0	9.647949934005737	33280	4019.341696500778	30282	9.008413461538467	
-2075429.3722858527	76.1625	9.81578947368421	153.5921052631579	96.35526315789474	-53.55213067336558	416	1103	121	13.0	229.0	140.0	11	8.0	87.0	56.0	0	0	7.981884956359863	33360	4027.323581457138	30351	9.019784172661872	
-2037946.4864040106	78.275	9.894736842105264	160.5921052631579	100.72368421052632	-53.55213067336558	417	1107	162	13.0	324.0	202.0	2	8.0	87.0	56.0	0	0	7.94846248626709	33440	4035.272043943405	30420	9.0311004784689	
-2312807.1141354768	76.2875	9.828947368421053	163.71052631578948	102.40789473684211	-53.55213067336558	418	1111	145	14.0	328.0	198.0	11	8.0	87.0	56.0	0	0	7.585957765579224	33520	4042.8580017089844	30489	9.042362768496417	
-1875314.8762785636	73.2375	9.733333333333333	145.10666666666665	91.25333333333333	-53.55213067336558	419	1116	152	15.0	225.0	138.0	11	8.0	92.0	59.0	0	0	9.365260362625122	33600	4052.2232620716095	30557	9.05654761904762	
-1662839.4545367819	70.4625	9.52	147.65333333333334	92.77333333333333	-53.55213067336558	420	1121	110	13.0	346.0	213.0	11	8.0	90.0	58.0	0	0	7.1877875328063965	33680	4059.411049604416	30620	9.08551068883611	
-2050347.7899443894	69.9625	10.04225352112676	161.50704225352112	101.09859154929578	-53.55213067336558	421	1130	139	16.0	293.0	177.0	11	8.0	93.0	60.0	0	0	7.446591377258301	33760	4066.857640981674	30683	9.114336492890999	
-1437943.1140924008	72.0875	9.894736842105264	160.01315789473685	100.27631578947368	-53.55213067336558	422	1134	109	13.0	274.0	174.0	11	8.0	93.0	60.0	0	0	7.653343915939331	33840	4074.5109848976135	30751	9.128250591016553	
-1412803.3701605063	68.2875	9.830985915492958	157.25352112676057	98.47887323943662	-53.55213067336558	423	1143	127	13.0	245.0	152.0	7	8.0	93.0	60.0	0	0	8.735008001327515	33920	4083.245992898941	30814	9.156839622641513	
-1837748.7812552736	68.7125	9.905405405405405	155.59459459459458	97.51351351351352	-53.55213067336558	424	1149	124	13.0	274.0	171.0	11	8.0	87.0	56.0	0	0	7.291305303573608	34000	4090.5372982025146	30878	9.182352941176475	
-1837841.5842323825	72.0875	10.077922077922079	163.28571428571428	102.31168831168831	-53.55213067336558	425	1152	110	14.0	283.0	175.0	11	8.0	98.0	63.0	0	0	7.784566164016724	34080	4098.321864366531	30945	9.198943661971825	
-1225290.910316341	70.875	9.904109589041095	160.57534246575344	100.47945205479452	-53.55213067336558	426	1159	129	13.0	284.0	176.0	11	8.0	87.0	56.0	0	0	7.394613265991211	34160	4105.716477632523	31008	9.227166276346594	
-2037844.5992764994	72.2625	9.670886075949367	149.18987341772151	93.78481012658227	-53.55213067336558	427	1160	134	14.0	292.0	186.0	11	8.0	85.0	55.0	0	0	8.946687698364258	34240	4114.663165330887	31077	9.237733644859816	
-1950343.2418607436	76.5375	9.93421052631579	159.8684210526316	100.11842105263158	-53.55213067336558	428	1164	154	12.0	278.0	171.0	10	8.0	85.0	55.0	0	0	8.365661859512329	34320	4123.028827190399	31144	9.254079254079244	
-1537792.758519793	74.2	10.12	167.44	104.50666666666666	-53.55213067336558	429	1169	151	14.0	290.0	175.0	11	8.0	98.0	63.0	0	0	7.856835126876831	34400	4130.885662317276	31207	9.281976744186053	
-1600240.3254183605	72.6125	10.164383561643836	169.6986301369863	106.05479452054794	-53.55213067336558	430	1176	137	13.0	286.0	177.0	11	8.0	94.0	61.0	0	0	7.859771251678467	34480	4138.7454335689545	31272	9.303944315545237	
-2050319.467023461	71.35	9.930555555555555	158.73611111111111	99.52777777777777	-53.55213067336558	431	1184	159	12.0	253.0	154.0	5	8.0	98.0	63.0	0	0	8.016051292419434	34560	4146.761484861374	31336	9.328703703703695	
-1825336.2159235969	75.7875	10.246753246753247	172.53246753246754	107.94805194805195	-53.55213067336558	432	1187	148	15.0	312.0	197.0	11	8.0	98.0	63.0	0	0	9.003904581069946	34640	4155.765389442444	31405	9.33891454965358	
-1987754.817942808	78.0125	10.11111111111111	170.02777777777777	106.15277777777777	-53.55213067336558	433	1195	148	14.0	312.0	197.0	11	8.0	98.0	63.0	0	0	7.8772971630096436	34720	4163.6426866054535	31472	9.35483870967741	
-1587904.138614288	78.425	10.108108108108109	164.90540540540542	103.17567567567568	-53.55213067336558	434	1201	163	12.0	312.0	197.0	11	8.0	98.0	63.0	0	0	7.917646169662476	34800	4171.560332775116	31539	9.370689655172413	
-1512869.052135323	78.325	10.050632911392405	164.83544303797467	103.29113924050633	-53.55213067336558	435	1202	95	13.0	297.0	184.0	11	8.0	98.0	63.0	0	0	10.681471824645996	34880	4182.241804599762	31611	9.372133027522935	
-1637788.14664566	77.5625	10.075949367088608	164.68354430379748	103.32911392405063	-53.55213067336558	436	1203	104	13.0	302.0	191.0	11	8.0	98.0	63.0	0	0	8.375656127929688	34960	4190.617460727692	31683	9.37356979405034	
-2062909.9130046046	79.6125	9.85897435897436	161.52564102564102	101.03846153846153	-53.55213067336558	437	1205	121	12.0	289.0	180.0	11	8.0	91.0	59.0	0	0	8.277974605560303	35040	4198.895435333252	31756	9.37214611872146	
-2250356.4383609057	78.425	9.923076923076923	159.1153846153846	99.6923076923077	-53.55213067336558	438	1207	132	12.0	256.0	156.0	11	7.0	74.0	48.0	0	0	8.61884355545044	35120	4207.514278888702	31827	9.376423690205016	
-1212958.7905917992	76.0875	9.891891891891891	156.45945945945945	98.0	-53.55213067336558	439	1213	151	16.0	298.0	180.0	11	8.0	95.0	61.0	0	0	9.115320682525635	35200	4216.629599571228	31893	9.394886363636374	
-1575431.4088573032	80.3125	10.025974025974026	162.54545454545453	101.7012987012987	-53.55213067336558	440	1216	151	13.0	275.0	170.0	11	8.0	87.0	56.0	0	0	8.340645551681519	35280	4224.97024512291	31965	9.396258503401356	
-1900369.476837778	76.85	9.789473684210526	162.23684210526315	101.47368421052632	-53.55213067336558	441	1220	124	12.0	313.0	191.0	11	8.0	87.0	56.0	0	0	8.281453371047974	35360	4233.2516984939575	32035	9.403280542986423	
-1887821.637990202	76.775	9.87012987012987	159.1818181818182	99.76623376623377	-53.55213067336558	442	1223	183	14.0	281.0	177.0	11	8.0	98.0	63.0	0	0	7.757330417633057	35440	4241.009028911591	32106	9.407449209932281	
-1500505.6501673409	79.075	9.886075949367088	159.54430379746836	99.83544303797468	-53.55213067336558	443	1224	125	12.0	222.0	137.0	11	8.0	98.0	63.0	0	0	9.709027767181396	35520	4250.718056678772	32181	9.400337837837839	
-1912830.3479066496	79.6	9.961538461538462	158.64102564102564	99.41025641025641	-53.551037118816	444	1226	151	13.0	275.0	175.0	11	8.0	90.0	58.0	0	0	8.119354486465454	35600	4258.837411165237	32254	9.398876404494388	
-1762905.2840907373	77.8375	9.960526315789474	163.68421052631578	102.14473684210526	-53.551037118816	445	1230	137	13.0	329.0	203.0	11	8.0	87.0	56.0	0	0	7.683593273162842	35680	4266.5210044384	32324	9.405829596412545	
-1050351.322948323	77.9125	9.987179487179487	168.01282051282053	104.93589743589743	-53.551037118816	446	1232	110	13.0	313.0	194.0	11	8.0	98.0	63.0	0	0	8.228768348693848	35760	4274.749772787094	32396	9.407158836689035	
-1537854.6948148503	78.8	10.118421052631579	168.10526315789474	104.94736842105263	-53.551037118816	447	1236	160	13.0	286.0	176.0	4	8.0	96.0	62.0	0	0	9.831864595413208	35840	4284.581637382507	32464	9.419642857142861	
-1762946.2184255354	82.175	10.217948717948717	171.19230769230768	106.7948717948718	-53.551037118816	448	1238	154	13.0	281.0	176.0	10	8.0	111.0	70.0	0	0	8.922638654708862	35920	4293.504276037216	32537	9.418151447661472	
-1775303.6821806203	81.5625	10.078947368421053	171.67105263157896	107.05263157894737	-53.551037118816	449	1242	138	13.0	302.0	184.0	26	8.0	93.0	60.0	0	0	8.1424720287323	36000	4301.6467480659485	32609	9.419444444444451	
-1900382.378475499	80.6125	9.987341772151899	161.53164556962025	100.9493670886076	-53.551037118816	450	1243	126	12.0	241.0	148.0	35	8.0	87.0	56.0	0	0	9.651916980743408	36080	4311.298665046692	32684	9.412416851441236	
-1112904.2681589655	80.0	10.078947368421053	166.32894736842104	103.78947368421052	-53.551037118816	451	1247	155	13.0	283.0	175.0	9	8.0	115.0	73.0	0	0	8.506850004196167	36160	4319.805515050888	32756	9.413716814159287	
-1937871.2736826967	80.0125	10.283783783783784	167.47297297297297	104.67567567567568	-53.551037118816	452	1253	149	14.0	360.0	224.0	8	8.0	85.0	55.0	0	0	8.421322584152222	36240	4328.22683763504	32825	9.423289183222963	
-2100323.2507230807	81.475	10.18421052631579	163.76315789473685	102.55263157894737	-53.551037118816	453	1257	130	15.0	287.0	182.0	34	7.0	82.0	53.0	0	0	8.538451433181763	36320	4336.765289068222	32896	9.427312775330392	
-1787933.6650224011	79.275	10.142857142857142	163.06493506493507	102.06493506493507	-53.551037118816	454	1260	152	14.0	306.0	193.0	23	7.0	90.0	58.0	0	0	9.531886339187622	36400	4346.29717540741	32967	9.431318681318686	
-1962771.4306593116	78.0625	10.189873417721518	168.13924050632912	105.0	-53.551037118816	455	1261	150	13.0	253.0	157.0	14	8.0	115.0	73.0	0	0	9.66890835762024	36480	4355.96608376503	33042	9.424342105263165	
-2150343.4915700494	80.7625	10.113924050632912	162.46835443037975	101.63291139240506	-53.551037118816	456	1262	129	14.0	296.0	180.0	35	8.0	99.0	64.0	0	0	8.286173820495605	36560	4364.2522575855255	33116	9.42013129102844	
-2275332.3866034024	80.9375	10.58974358974359	177.46153846153845	110.55128205128206	-53.551037118816	457	1264	155	14.0	266.0	164.0	9	8.0	116.0	73.0	0	0	9.91012191772461	36640	4374.16237950325	33190	9.415938864628828	
-2287735.9848257825	83.7	10.556962025316455	180.9240506329114	112.88607594936708	-53.551037118816	458	1265	155	16.0	299.0	186.0	48	9.0	129.0	83.0	0	0	9.803179502487183	36720	4383.965559005737	33265	9.409041394335517	
-1950231.404990531	88.325	10.64935064935065	184.32467532467533	115.05194805194805	-53.551037118816	459	1268	155	15.0	342.0	207.0	19	8.0	95.0	61.0	0	0	8.635449886322021	36800	4392.601008892059	33338	9.407608695652172	
-2800338.2985833674	82.5125	10.013157894736842	167.39473684210526	104.52631578947368	-53.551037118816	460	1272	150	14.0	291.0	180.0	14	8.0	85.0	55.0	0	0	8.278041362762451	36880	4400.879050254822	33410	9.408893709327543	
-1563098.0861377984	82.3625	10.013157894736842	165.85526315789474	103.76315789473684	-53.551037118816	461	1276	152	14.0	306.0	192.0	25	8.0	88.0	57.0	0	0	10.086772918701172	36960	4410.965823173523	33481	9.412878787878782	
-1900311.0480567287	80.3875	10.171052631578947	174.82894736842104	108.96052631578948	-53.551037118816	462	1280	152	13.0	394.0	239.0	22	9.0	99.0	64.0	0	0	8.985358715057373	37040	4419.95118188858	33553	9.41414686825054	
-1337867.0525583508	84.25	10.164556962025317	167.0253164556962	104.46835443037975	-53.551037118816	463	1281	127	14.0	318.0	196.0	49	8.0	99.0	64.0	0	0	8.667171955108643	37120	4428.618353843689	33628	9.40732758620689	
-1925348.9305467024	82.3875	9.935064935064934	164.16883116883116	102.57142857142857	-53.551037118816	464	1284	165	12.0	339.0	207.0	22	8.0	93.0	60.0	0	0	8.60982871055603	37200	4437.228182554245	33701	9.405913978494624	
-2400317.084592837	82.6375	10.307692307692308	174.89743589743588	109.15384615384616	-53.551037118816	465	1286	132	14.0	340.0	211.0	32	8.0	109.0	70.0	0	0	10.564647197723389	37280	4447.792829751968	33774	9.404506437768248	
-2187880.10139496	81.7125	10.155844155844155	169.71428571428572	105.97402597402598	-53.551037118816	466	1289	132	13.0	304.0	186.0	30	9.0	115.0	73.0	0	0	8.716424465179443	37360	4456.509254217148	33847	9.403104925053526	
-1575457.9426196238	79.0625	10.179487179487179	170.75641025641025	106.55128205128206	-53.551037118816	467	1291	132	13.0	247.0	155.0	37	8.0	114.0	72.0	0	0	9.132289171218872	37440	4465.641543388367	33921	9.399038461538467	
-1937746.4041054274	78.9125	10.256756756756756	174.3783783783784	108.75675675675676	-53.551037118816	468	1297	150	15.0	342.0	210.0	14	8.0	111.0	70.0	0	0	10.455628156661987	37520	4476.097171545029	33990	9.408315565031984	
-1962837.771602984	77.2125	10.102564102564102	163.85897435897436	102.55128205128206	-53.551037118816	469	1299	166	13.0	249.0	152.0	5	8.0	90.0	58.0	0	0	8.198616743087769	37600	4484.2957882881165	34063	9.406914893617028	
-1737900.3662408956	72.25	9.948051948051948	165.96103896103895	103.50649350649351	-53.551037118816	470	1302	120	12.0	301.0	182.0	40	7.0	90.0	58.0	0	0	8.436775207519531	37680	4492.732563495636	34134	9.410828025477699	
-2362824.2675276874	74.625	9.820512820512821	159.92307692307693	100.02564102564102	-53.551037118816	471	1304	141	12.0	292.0	179.0	23	7.0	82.0	53.0	0	0	8.913634300231934	37760	4501.646197795868	34207	9.409427966101688	
-2025182.279787308	77.9625	10.012820512820513	161.53846153846155	101.03846153846153	-53.551037118816	472	1306	109	12.0	281.0	176.0	40	8.0	99.0	64.0	0	0	9.893321752548218	37840	4511.539519548416	34280	9.408033826638473	
-2288006.146252385	80.8125	10.30379746835443	173.69620253164558	108.79746835443038	-53.551037118816	473	1307	125	15.0	352.0	223.0	39	7.0	82.0	53.0	0	0	8.638286828994751	37920	4520.177806377411	34355	9.401371308016877	
-2450328.208847015	84.1875	10.142857142857142	166.92207792207793	104.49350649350649	-53.551037118816	474	1310	181	13.0	334.0	206.0	16	7.0	79.0	51.0	0	0	8.859541893005371	38000	4529.037348270416	34427	9.402631578947378	
-2312883.061534739	83.9375	10.25974025974026	177.93506493506493	111.14285714285714	-53.551037118816	475	1313	128	14.0	318.0	201.0	39	7.0	82.0	53.0	0	0	10.43602442741394	38080	4539.47337269783	34500	9.401260504201687	
-2062807.0051257268	84.475	9.896103896103897	167.42857142857142	104.57142857142857	-53.551037118816	476	1316	143	12.0	388.0	239.0	47	8.0	87.0	56.0	0	0	8.781867265701294	38160	4548.2552399635315	34573	9.399895178197056	
-1750254.9732056484	84.15	10.363636363636363	180.93506493506493	112.92207792207792	-53.551037118816	477	1319	135	13.0	301.0	182.0	29	9.0	118.0	75.0	0	0	8.924080610275269	38240	4557.179320573807	34646	9.39853556485356	
-2387732.622079885	83.1125	10.256410256410257	170.05128205128204	106.21794871794872	-53.551037118816	478	1321	162	14.0	285.0	175.0	17	8.0	79.0	51.0	0	0	8.714999198913574	38320	4565.89431977272	34720	9.394572025052199	
-1787929.5555966194	81.925	10.0	167.64	104.92	-53.551037118816	479	1326	127	12.0	287.0	176.0	6	8.0	87.0	56.0	0	0	9.814679384231567	38400	4575.708999156952	34790	9.401041666666671	
-1625469.2441390571	82.475	10.164556962025317	167.0126582278481	104.48101265822785	-53.551037118816	480	1327	139	13.0	255.0	160.0	25	8.0	106.0	68.0	0	0	8.367642402648926	38480	4584.076641559601	34863	9.399688149688146	
-1987903.8076384931	80.5125	10.064102564102564	161.14102564102564	100.7948717948718	-53.551037118816	481	1329	123	13.0	225.0	139.0	36	8.0	106.0	67.0	0	0	8.859562397003174	38560	4592.936203956604	34937	9.395746887966808	
-2262896.8313532295	83.5875	10.346153846153847	174.28205128205127	108.92307692307692	-53.551037118816	482	1331	152	15.0	351.0	216.0	12	8.0	97.0	63.0	0	0	10.005877256393433	38640	4602.942081212997	35009	9.396997929606627	
-1600384.33372678	85.45	10.012820512820513	166.44871794871796	103.8974358974359	-53.551037118816	483	1333	116	14.0	282.0	176.0	53	7.0	90.0	58.0	0	0	9.546919107437134	38720	4612.489000320435	35082	9.39566115702479	
-1200277.0161719734	85.0625	10.2	171.475	107.075	-53.551037118816	484	1333	116	14	434	263	50	7	90	58	0	0	9.134361267089844	38800	4621.623361587524	35158	9.38659793814432	
-2000391.1211702023	87.525	10.223684210526315	169.9078947368421	106.26315789473684	-53.551037118816	485	1337	171	14.0	291.0	176.0	27	8.0	101.0	65.0	0	0	8.78795599937439	38880	4630.411317586899	35230	9.387860082304528	
-1662858.38225873	89.85	9.924050632911392	164.1012658227848	102.60759493670886	-53.551037118816	486	1338	148	18.0	307.0	195.0	19	7.0	82.0	53.0	0	0	10.626957893371582	38960	4641.03827548027	35305	9.38141683778234	
-1612768.783810857	85.55	10.0625	165.8625	103.6	-53.550894166077306	487	1338	116	13	297	181	71	8	87	56	0	0	8.873457670211792	39040	4649.911733150482	35380	9.375	
-1650388.0864628723	82.825	10.20253164556962	174.9367088607595	109.0	-53.550894166077306	488	1339	116	13.0	298.0	185.0	57	8.0	106.0	67.0	0	0	9.334826231002808	39120	4659.246559381485	35454	9.371165644171782	
-1837895.2336596507	83.475	10.256410256410257	170.46153846153845	106.5	-53.550894166077306	489	1341	137	14.0	303.0	187.0	27	8.0	106.0	67.0	0	0	9.26488208770752	39200	4668.5114414691925	35528	9.367346938775512	
-2000290.719578981	82.775	10.2987012987013	175.07792207792207	109.48051948051948	-53.550894166077306	490	1344	116	15.0	320.0	205.0	27	8.0	79.0	51.0	0	0	9.780269384384155	39280	4678.291710853577	35601	9.366089613034617	
-1950291.0398160454	82.325	10.194805194805195	173.6103896103896	108.57142857142857	-53.550894166077306	491	1347	143	14.0	265.0	166.0	21	8.0	95.0	61.0	0	0	8.555594682693481	39360	4686.84730553627	35672	9.369918699186996	
-1887962.0118512935	83.55	10.157894736842104	165.76315789473685	103.82894736842105	-53.550894166077306	492	1351	143	15.0	282.0	176.0	37	8.0	84.0	54.0	0	0	8.248076915740967	39440	4695.095382452011	35741	9.378803245436103	
-2400432.101305055	88.0125	9.974683544303797	162.56962025316454	101.77215189873418	-53.550894166077306	493	1352	176	13.0	342.0	210.0	27	7.0	90.0	58.0	0	0	10.611003637313843	39520	4705.706386089325	35816	9.372469635627539	
-2062813.8445251018	86.6	10.18421052631579	171.78947368421052	107.34210526315789	-53.550894166077306	494	1356	154	14.0	415.0	253.0	21	8.0	86.0	56.0	0	0	8.69362211227417	39600	4714.400008201599	35886	9.378787878787875	
-2512809.849800159	87.1625	10.192307692307692	169.78205128205127	106.17948717948718	-53.550894166077306	495	1358	169	14.0	343.0	213.0	38	8.0	98.0	63.0	0	0	8.920058012008667	39680	4723.320066213608	35959	9.37752016129032	
-1775302.5157821528	82.275	10.115384615384615	166.42307692307693	104.23076923076923	-53.550894166077306	496	1360	145	13.0	349.0	213.0	19	8.0	85.0	55.0	0	0	8.663164615631104	39760	4731.983230829239	36033	9.373742454728372	
-2337851.3703338704	83.875	9.935897435897436	153.1153846153846	96.05128205128206	-53.550894166077306	497	1362	117	13.0	259.0	160.0	47	8.0	79.0	51.0	0	0	9.913058757781982	39840	4741.896289587021	36107	9.369979919678713	
-2362843.960858207	85.1	10.278481012658228	162.84810126582278	102.0126582278481	-53.550894166077306	498	1363	144	17.0	303.0	188.0	35	8.0	85.0	55.0	0	0	8.267969846725464	39920	4750.164259433746	36180	9.368737474949896	
-2587758.927128493	85.05	10.26923076923077	167.57692307692307	105.01282051282051	-53.550894166077306	499	1365	162	14.0	355.0	219.0	35	8.0	85.0	55.0	0	0	8.796180009841919	40000	4758.960439443588	36254	9.364999999999995	
-2562850.852890937	81.6375	10.41025641025641	177.1153846153846	110.75641025641026	-53.550894166077306	500	1367	144	15.0	301.0	183.0	23	7.0	90.0	58.0	0	0	10.79243516921997	40080	4769.752874612808	36327	9.36377245508983	
-1625382.5594168205	79.5875	10.256410256410257	171.5	107.06410256410257	-53.550894166077306	501	1369	132	15.0	301.0	182.0	23	8.0	79.0	51.0	0	0	9.343891859054565	40160	4779.096766471863	36401	9.360059760956176	
-2025267.094369016	81.6	10.302631578947368	170.31578947368422	106.39473684210526	-53.550894166077306	502	1373	128	14.0	301.0	182.0	34	8.0	91.0	59.0	0	0	8.685054302215576	40240	4787.781820774078	36473	9.361332007952285	
-2037785.04347587	82.0125	10.328947368421053	171.39473684210526	107.38157894736842	-53.550894166077306	503	1377	147	13.0	256.0	162.0	17	8.0	84.0	54.0	0	0	8.628223419189453	40320	4796.410044193268	36545	9.362599206349216	
-2137799.714327759	81.85	10.217948717948717	164.71794871794873	103.16666666666667	-53.550894166077306	504	1379	142	15.0	274.0	177.0	22	8.0	98.0	63.0	0	0	9.724307537078857	40400	4806.134351730347	36617	9.363861386138623	
-1450345.6975184404	81.8375	10.197368421052632	169.64473684210526	105.97368421052632	-53.550894166077306	505	1383	143	13.0	261.0	161.0	21	8.0	92.0	59.0	0	0	8.558321475982666	40480	4814.692673206329	36688	9.367588932806328	
-1625266.772719669	81.6625	10.2987012987013	176.55844155844156	110.27272727272727	-53.550894166077306	506	1386	128	13.0	335.0	207.0	36	9.0	115.0	73.0	0	0	8.398878335952759	40560	4823.091551542282	36760	9.368836291913212	
-1475261.11805688	82.325	10.064935064935066	165.4025974025974	103.32467532467533	-53.550894166077306	507	1389	132	14.0	299.0	186.0	32	8.0	85.0	55.0	0	0	9.853299140930176	40640	4832.944850683212	36833	9.367618110236222	
-1912721.9661939219	81.475	10.038461538461538	169.80769230769232	105.87179487179488	-53.550894166077306	508	1391	153	13.0	284.0	180.0	11	8.0	98.0	63.0	0	0	8.870794296264648	40720	4841.815644979477	36907	9.36394891944991	
-2037799.7592796613	81.325	10.20253164556962	171.60759493670886	107.0	-53.550894166077306	509	1392	140	14.0	403.0	245.0	24	8.0	99.0	64.0	0	0	9.172749042510986	40800	4850.988394021988	36981	9.360294117647058	
-1787843.9274261408	82.125	10.075	174.8	108.875	-53.550894166077306	510	1392	135	12	392	239	29	8	98	63	0	0	9.74727487564087	40880	4860.735668897629	37057	9.351761252446195	
-2125412.46198151	82.875	10.278481012658228	175.56962025316454	109.56962025316456	-53.550894166077306	511	1393	129	14.0	314.0	192.0	35	8.0	87.0	56.0	0	0	10.397582292556763	40960	4871.133251190186	37132	9.345703125	
-1612933.2417401553	83.1625	10.512820512820513	179.43589743589743	112.21794871794872	-53.550894166077306	512	1395	128	20.0	476.0	297.0	36	8.0	85.0	55.0	0	0	8.858505964279175	41040	4879.991757154465	37206	9.34210526315789	
-2237821.775103933	82.3625	10.4125	179.2375	111.7	-53.550894166077306	513	1395	126	14	312	191	38	9	99	64	0	0	9.226195096969604	41120	4889.217952251434	37282	9.333657587548643	
-1875368.261648886	82.1875	10.329113924050633	172.8860759493671	108.0379746835443	-53.550894166077306	514	1396	125	15.0	313.0	198.0	39	9.0	102.0	66.0	0	0	11.061785697937012	41200	4900.279737949371	37355	9.332524271844662	
-1800301.5704516347	82.15	10.15	167.7125	104.75	-53.550894166077306	515	1396	122	13	263	164	42	8	93	60	0	0	8.944832801818848	41280	4909.22457075119	37431	9.324127906976742	
-2025371.509871068	82.1	10.240506329113924	164.55696202531647	102.81012658227849	-53.550894166077306	516	1397	116	13.0	304.0	186.0	48	8.0	79.0	51.0	0	0	8.695312261581421	41360	4917.919883012772	37505	9.320599613152808	
-1537814.9669178012	79.875	10.153846153846153	160.37179487179486	100.56410256410257	-53.550894166077306	517	1399	141	13.0	246.0	154.0	23	8.0	79.0	51.0	0	0	8.3614821434021	41440	4926.281365156174	37577	9.321911196911188	
-2012776.7800814763	79.025	10.246753246753247	166.14285714285714	103.85714285714286	-53.550894166077306	518	1402	143	13.0	407.0	245.0	21	8.0	79.0	51.0	0	0	10.689988374710083	41520	4936.971353530884	37649	9.32321772639692	
-1812766.0512945491	78.45	10.197368421052632	167.6184210526316	104.6842105263158	-53.550894166077306	519	1406	134	15.0	277.0	171.0	9	8.0	79.0	51.0	0	0	10.11603832244873	41600	4947.0873918533325	37720	9.32692307692308	
-1087873.5846254444	82.325	10.217948717948717	165.21794871794873	103.17948717948718	-53.550894166077306	520	1408	108	14.0	255.0	159.0	48	9.0	94.0	61.0	0	0	9.59537959098816	41680	4956.682771444321	37794	9.323416506717848	
-1475429.9677199244	83.4375	10.177215189873417	170.59493670886076	106.37974683544304	-53.550894166077306	521	1409	138	16.0	256.0	158.0	26	8.0	88.0	57.0	0	0	11.158599853515625	41760	4967.841371297836	37869	9.31752873563218	
-2137836.284513099	81.975	10.435897435897436	175.47435897435898	109.53846153846153	-53.550894166077306	522	1411	135	16.0	288.0	180.0	29	8.0	87.0	56.0	0	0	9.086845397949219	41840	4976.9282166957855	37943	9.314053537284892	
-1775457.4779731608	85.225	10.217948717948717	167.28205128205127	104.6923076923077	-53.550894166077306	523	1413	135	13.0	297.0	186.0	42	8.0	87.0	56.0	0	0	9.332597970962524	41920	4986.260814666748	38016	9.312977099236647	
-1700351.296818617	85.4125	10.337662337662337	170.8181818181818	106.74025974025975	-53.550894166077306	524	1416	200	13.0	314.0	196.0	2	8.0	99.0	64.0	0	0	10.962688684463501	42000	4997.223503351212	38089	9.31190476190477	
-2387863.2790003615	82.6625	10.263157894736842	169.4078947368421	105.85526315789474	-53.550894166077306	525	1420	135	13.0	311.0	190.0	29	9.0	99.0	64.0	0	0	9.902374744415283	42080	5007.125878095627	38161	9.313212927756652	
-1862794.5250793095	81.5875	10.266666666666667	173.86666666666667	108.69333333333333	-53.550894166077306	526	1425	163	13.0	319.0	199.0	1	8.0	106.0	67.0	0	0	9.195369958877563	42160	5016.321248054504	38232	9.316888045540793	
-2037857.6459959515	80.925	10.368421052631579	175.55263157894737	109.6842105263158	-53.550894166077306	527	1429	145	13.0	280.0	173.0	16	8.0	115.0	73.0	0	0	9.642164945602417	42240	5025.963413000107	38304	9.318181818181813	
-1887838.0613675206	84.4875	10.144736842105264	170.21052631578948	106.53947368421052	-53.550894166077306	528	1433	145	14.0	280.0	170.0	42	8.0	99.0	64.0	0	0	10.866330623626709	42320	5036.8297436237335	38375	9.321833648393195	
-2400460.351668785	82.6	10.575342465753424	177.76712328767124	110.93150684931507	-53.550894166077306	529	1440	148	14.0	299.0	185.0	16	9.0	99.0	64.0	0	0	9.80681324005127	42400	5046.636556863785	38444	9.330188679245282	
-2062891.569457949	82.825	10.554054054054054	180.93243243243242	112.8108108108108	-53.550894166077306	530	1446	156	16.0	365.0	222.0	8	9.0	93.0	60.0	0	0	8.772926330566406	42480	5055.409483194351	38514	9.336158192090394	
-2550317.259373557	82.0375	10.367088607594937	177.25316455696202	110.36708860759494	-53.550894166077306	531	1447	105	16.0	373.0	224.0	39	9.0	99.0	64.0	0	0	11.6698739528656	42560	5067.079357147217	38588	9.332706766917298	
-2037936.855196419	82.025	10.213333333333333	174.14666666666668	108.58666666666667	-53.550894166077306	532	1452	150	13.0	345.0	210.0	14	8.0	99.0	64.0	0	0	9.590914011001587	42640	5076.670271158218	38658	9.338649155722322	
-2312903.8805302205	82.6125	10.324675324675324	172.98701298701297	107.94805194805195	-53.550894166077306	533	1455	151	13.0	299.0	186.0	13	8.0	87.0	56.0	0	0	9.294520616531372	42720	5085.96479177475	38731	9.337546816479403	
-1950275.3618679189	84.6625	10.275	179.375	112.0125	-53.550894166077306	534	1455	151	13	386	239	39	8	87	56	0	0	12.179307222366333	42800	5098.144098997116	38807	9.329439252336442	
-1950397.2098579567	82.9375	10.20253164556962	178.1012658227848	111.0379746835443	-53.550894166077306	535	1456	151	13.0	302.0	184.0	31	8.0	99.0	64.0	0	0	9.86974310874939	42880	5108.0138421058655	38879	9.330690298507463	
-1862867.6629699387	81.1625	10.150684931506849	176.23287671232876	109.91780821917808	-53.550894166077306	536	1463	146	13.0	262.0	163.0	18	8.0	103.0	66.0	0	0	8.88609004020691	42960	5116.899932146072	38948	9.338919925512101	
-1612906.9232058804	85.275	10.41025641025641	184.42307692307693	114.98717948717949	-53.54686124570853	537	1465	133	14.0	327.0	199.0	22	9.0	132.0	84.0	0	0	10.888787269592285	43040	5127.788719415665	39021	9.337825278810413	
-1812797.1698327109	86.9875	10.227848101265822	177.62025316455697	110.73417721518987	-53.54686124570853	538	1466	160	13.0	290.0	175.0	14	9.0	112.0	72.0	0	0	9.627254724502563	43120	5137.415974140167	39096	9.332096474953616	
-1812939.8292984434	83.725	10.151898734177216	175.37974683544303	109.39240506329114	-53.54686124570853	539	1467	150	12.0	361.0	223.0	29	8.0	87.0	56.0	0	0	12.882959365844727	43200	5150.298933506012	39171	9.326388888888886	
-1875302.3627264933	82.1125	10.197368421052632	172.3421052631579	107.44736842105263	-53.54686124570853	540	1471	132	15.0	316.0	196.0	30	8.0	85.0	55.0	0	0	13.897283554077148	43280	5164.196217060089	39243	9.327634011090566	
-1825294.6957413591	82.5625	10.15	167.9125	105.0125	-53.54686124570853	541	1471	125	16	331	207	46	8	87	56	0	0	11.680275678634644	43360	5175.876492738724	39318	9.321955719557195	
-2312820.9623552994	81.775	9.935897435897436	157.64102564102564	98.75641025641026	-53.54686124570853	542	1473	134	14.0	236.0	146.0	24	8.0	79.0	51.0	0	0	9.540553092956543	43440	5185.41704583168	39391	9.32090239410681	
-2325399.503140089	86.1375	9.987012987012987	164.42857142857142	102.92207792207792	-53.54686124570853	543	1476	140	14.0	238.0	148.0	24	8.0	99.0	64.0	0	0	11.507506370544434	43520	5196.924552202225	39463	9.322150735294116	
-1787983.230761087	86.95	10.10126582278481	164.39240506329114	102.9873417721519	-53.54686124570853	544	1477	123	22.0	298.0	190.0	44	8.0	93.0	60.0	0	0	9.379956245422363	43600	5206.304508447647	39538	9.316513761467888	
-1675365.7202117753	85.7	10.0	163.21052631578948	102.13157894736842	-53.54686124570853	545	1481	158	13.0	253.0	154.0	6	8.0	99.0	64.0	0	0	10.44652795791626	43680	5216.751036405563	39610	9.317765567765562	
-2075434.8834485416	84.975	10.23076923076923	169.60256410256412	105.94871794871794	-53.54686124570853	546	1483	162	18.0	269.0	168.0	6	9.0	99.0	64.0	0	0	13.794395446777344	43760	5230.545431852341	39684	9.314442413162709	
-2187909.5569088976	84.1625	10.106666666666667	172.52	107.88	-53.54686124570853	547	1488	151	14.0	304.0	187.0	13	9.0	96.0	62.0	0	0	8.989893198013306	43840	5239.535325050354	39755	9.31797445255475	
-1737860.1849818353	87.6125	10.0375	168.75	105.5	-53.54686124570853	548	1488	151	15	344	210	44	8	96	62	0	0	9.735291004180908	43920	5249.270616054535	39830	9.312386156648458	
-1487909.0647598715	88.4625	9.886075949367088	155.13924050632912	97.25316455696202	-53.54686124570853	549	1489	182	12.0	223.0	142.0	6	8.0	99.0	64.0	0	0	11.072519540786743	44000	5260.343135595322	39905	9.306818181818173	
-2375408.7147568995	81.925	9.789473684210526	154.56578947368422	96.89473684210526	-53.54686124570853	550	1493	151	11.0	270.0	165.0	6	8.0	88.0	57.0	0	0	10.06060004234314	44080	5270.403735637665	39977	9.308076225045369	
-1937891.3780517287	82.5875	10.051282051282051	159.01282051282053	99.83333333333333	-53.54686124570853	551	1495	151	14.0	275.0	176.0	16	8.0	88.0	57.0	0	0	10.235578536987305	44160	5280.639314174652	40050	9.307065217391312	
-1712809.508612079	89.6375	9.873417721518987	157.59493670886076	98.68354430379746	-53.54686124570853	552	1496	190	13.0	396.0	237.0	22	8.0	88.0	57.0	0	0	10.764396667480469	44240	5291.403710842133	40125	9.301537070524418	
-2050391.917882163	87.8875	10.075	168.325	104.925	-53.54686124570853	553	1496	190	15	396	237	49	8	90	58	0	0	10.231551885604858	44320	5301.635262727737	40201	9.293772563176901	
-1425319.7554321443	81.8	10.125	176.125	109.625	-53.54686124570853	554	1496	138	12	396	237	26	8	98	63	0	0	13.379079341888428	44400	5315.014342069626	40276	9.2882882882883	
-1050394.6402310324	81.6625	10.26923076923077	177.69230769230768	110.42307692307692	-53.54686124570853	555	1498	139	13.0	386.0	231.0	25	8.0	90.0	58.0	0	0	14.139748811721802	44480	5329.154090881348	40350	9.285071942446038	
-2300433.382085922	82.0	10.090909090909092	161.02597402597402	100.74025974025975	-53.54686124570853	556	1501	139	12.0	249.0	153.0	25	8.0	87.0	56.0	0	0	9.361216306686401	44560	5338.515307188034	40422	9.286355475763017	
-2125386.581761305	83.5	10.155844155844155	166.03896103896105	103.68831168831169	-53.54686124570853	557	1504	145	12.0	253.0	157.0	19	9.0	99.0	64.0	0	0	10.31807565689087	44640	5348.833382844925	40495	9.285394265232966	
-2637885.3483894477	85.55	10.038461538461538	164.65384615384616	103.06410256410257	-53.54686124570853	558	1506	145	14.0	285.0	177.0	48	8.0	99.0	64.0	0	0	11.330050945281982	44720	5360.163433790207	40568	9.284436493738824	
-2537805.3503452297	83.1625	10.178082191780822	175.54794520547946	109.6986301369863	-53.54686124570853	559	1513	157	15.0	338.0	206.0	22	8.0	99.0	64.0	0	0	9.566330194473267	44800	5369.72976398468	40637	9.292410714285708	
-1612941.8558412339	84.8625	10.14102564102564	174.94871794871796	109.12820512820512	-53.54686124570853	560	1515	154	13.0	290.0	177.0	22	8.0	108.0	69.0	0	0	12.988472938537598	44880	5382.718236923218	40711	9.289215686274517	
-1637880.2165252524	81.4375	10.012658227848101	169.32911392405063	105.68354430379746	-53.54686124570853	561	1516	154	13.0	331.0	203.0	25	7.0	74.0	48.0	0	0	14.718938112258911	44960	5397.437175035477	40786	9.283807829181484	
-2112747.0731219486	84.025	10.225	174.475	108.9125	-53.54686124570853	562	1516	154	14	300	189	38	8	88	57	0	0	10.47433066368103	45040	5407.911505699158	40861	9.278419182948497	
-2312812.7563994946	87.45	10.102564102564102	170.92307692307693	106.71794871794872	-53.54686124570853	563	1518	154	16.0	265.0	167.0	51	8.0	113.0	73.0	0	0	10.70618486404419	45120	5418.617690563202	40934	9.277482269503551	
-2037887.1562726863	85.35	10.171052631578947	172.1315789473684	107.42105263157895	-53.54686124570853	564	1522	168	15.0	271.0	169.0	19	8.0	87.0	56.0	0	0	9.700916290283203	45200	5428.318606853485	41004	9.283185840707958	
-2137780.461207247	81.45	10.0875	171.425	106.9125	-53.54686124570853	565	1522	127	13	313	193	37	8	95	61	0	0	10.425025939941406	45280	5438.7436327934265	41080	9.275618374558306	
-1750380.0501365731	82.0375	10.113924050632912	170.91139240506328	106.70886075949367	-53.54686124570853	566	1523	133	14.0	313.0	193.0	31	9.0	99.0	64.0	0	0	11.52053427696228	45360	5450.264167070389	41155	9.270282186948847	
-2087933.3471403695	82.025	10.051948051948052	163.06493506493507	101.88311688311688	-53.54686124570853	567	1526	142	12.0	248.0	155.0	22	8.0	87.0	56.0	0	0	12.691382884979248	45440	5462.955549955368	41227	9.271566901408448	
-2225373.9461995116	82.0125	10.128205128205128	168.28205128205127	105.15384615384616	-53.54686124570853	568	1528	125	15.0	436.0	268.0	39	8.0	99.0	64.0	0	0	10.56242823600769	45520	5473.517978191376	41300	9.270650263620382	
-2262884.8701167703	82.025	10.051282051282051	162.6153846153846	101.71794871794872	-53.54686124570853	569	1530	139	12.0	342.0	211.0	26	8.0	82.0	53.0	0	0	8.921852111816406	45600	5482.439830303192	41372	9.271929824561411	
-2512880.273175406	82.1	10.0625	166.4875	104.025	-53.54686124570853	570	1530	139	12	314	196	34	8	85	55	0	0	10.674133539199829	45680	5493.113963842392	41448	9.264448336252187	
-1450394.6349064328	81.2	10.0	164.80519480519482	103.03896103896103	-53.54686124570853	571	1533	136	13.0	285.0	176.0	28	8.0	87.0	56.0	0	0	8.64890170097351	45760	5501.7628655433655	41521	9.263548951048946	
-1625382.6637781798	80.375	9.986842105263158	166.8684210526316	104.13157894736842	-53.54686124570853	572	1537	145	14.0	360.0	218.0	19	8.0	99.0	64.0	0	0	8.376208782196045	45840	5510.1390743255615	41592	9.267015706806276	
-1925470.1885261585	85.45	9.924050632911392	164.0	102.79746835443038	-53.54686124570853	573	1538	172	13.0	271.0	169.0	35	8.0	95.0	61.0	0	0	10.79244065284729	45920	5520.931514978409	41667	9.261759581881535	
-1562959.6145447625	80.5375	9.873417721518987	169.13924050632912	105.65822784810126	-53.54686124570853	574	1539	145	13.0	340.0	211.0	21	8.0	84.0	54.0	0	0	9.035757303237915	46000	5529.967272281647	41742	9.256521739130434	
-1900324.994570998	81.1	10.076923076923077	171.65384615384616	107.25641025641026	-53.54686124570853	575	1541	128	13.0	286.0	177.0	26	8.0	99.0	64.0	0	0	9.559930801391602	46080	5539.527203083038	41816	9.253472222222229	
-1687952.643386942	83.5875	10.118421052631579	169.05263157894737	105.64473684210526	-53.54686124570853	576	1545	139	13.0	265.0	164.0	25	8.0	99.0	64.0	0	0	10.378325462341309	46160	5549.90552854538	41888	9.254766031195842	
-2025545.4910619385	84.7625	10.102564102564102	169.07692307692307	105.6923076923077	-53.54686124570853	577	1547	151	13.0	297.0	185.0	13	8.0	106.0	68.0	0	0	10.29672622680664	46240	5560.202254772186	41961	9.253892733564015	
-2362911.110860261	83.775	9.924050632911392	165.2405063291139	103.26582278481013	-53.54686124570853	578	1548	140	13.0	274.0	169.0	37	8.0	106.0	68.0	0	0	8.526040077209473	46320	5568.728294849396	42036	9.248704663212436	
-1762866.0267690574	82.2625	10.092105263157896	166.60526315789474	104.15789473684211	-53.54686124570853	579	1552	141	12.0	254.0	157.0	23	8.0	99.0	64.0	0	0	8.254728555679321	46400	5576.983023405075	42105	9.25646551724138	
-2300380.200599312	82.225	10.126582278481013	168.9240506329114	105.55696202531645	-53.54686124570853	580	1553	135	13.0	289.0	176.0	29	9.0	113.0	73.0	0	0	11.271098852157593	46480	5588.254122257233	42180	9.251290877796905	
-1875321.7500979775	82.1125	10.064102564102564	168.44871794871796	105.21794871794872	-53.54686124570853	581	1555	135	13.0	334.0	205.0	40	8.0	87.0	56.0	0	0	8.87745976448059	46560	5597.131582021713	42252	9.25257731958763	
-2575374.8097705045	81.725	10.146666666666667	170.17333333333335	106.24	-53.54686124570853	582	1560	161	13.0	327.0	201.0	3	9.0	112.0	72.0	0	0	9.391296625137329	46640	5606.522878646851	42323	9.256003430531734	
-2112881.4242397156	82.7625	10.125	168.175	105.075	-53.54686124570853	583	1560	161	13	250	154	61	8	99	64	0	0	11.04704999923706	46720	5617.569928646088	42399	9.248715753424648	
-2237991.7237552367	81.05	10.012658227848101	160.54430379746836	100.39240506329114	-53.54686124570853	584	1561	144	12.0	229.0	142.0	20	8.0	99.0	64.0	0	0	10.86868929862976	46800	5628.438617944717	42473	9.245726495726487	
-1587904.7666525429	81.675	9.974025974025974	160.72727272727272	100.54545454545455	-53.54686124570853	585	1564	141	14.0	248.0	157.0	23	8.0	99.0	64.0	0	0	8.012771129608154	46880	5636.451389074326	42546	9.24488054607508	
-2462847.727969855	82.9125	10.155844155844155	169.0	105.59740259740259	-53.54686124570853	586	1567	146	13.0	277.0	173.0	20	8.0	85.0	55.0	0	0	10.2507483959198	46960	5646.702137470245	42618	9.246166950596262	
-2237850.9469660292	80.575	10.0	164.9041095890411	103.06849315068493	-53.54686124570853	587	1574	154	12.0	349.0	215.0	10	8.0	92.0	59.0	0	0	9.731420278549194	47040	5656.433557748795	42685	9.258078231292515	
-1975307.4628674835	84.15	9.987179487179487	161.97435897435898	101.37179487179488	-53.54686124570853	588	1576	147	13.0	293.0	182.0	20	8.0	85.0	55.0	0	0	8.278055429458618	47120	5664.711613178253	42758	9.257215619694392	
-1562996.9916273262	85.5625	9.974025974025974	162.76623376623377	101.72727272727273	-53.54686124570853	589	1579	147	15.0	269.0	166.0	26	8.0	84.0	54.0	0	0	10.46958303451538	47200	5675.181196212769	42831	9.256355932203391	
-1775454.3950793787	85.925	9.974683544303797	162.81012658227849	101.9493670886076	-53.54686124570853	590	1580	203	13.0	269.0	166.0	26	8.0	99.0	64.0	0	0	11.246361494064331	47280	5686.427557706833	42906	9.251269035533	
-1612770.105769469	84.05	10.0125	164.6875	103.0	-53.54686124570853	591	1580	126	12	265	163	38	9	99	64	0	0	8.768792390823364	47360	5695.196350097656	42980	9.248310810810807	
-1587919.0358072792	86.1	9.860759493670885	160.08860759493672	100.40506329113924	-53.54686124570853	592	1581	170	11.0	242.0	150.0	33	8.0	90.0	58.0	0	0	8.334427833557129	47440	5703.530777931213	43055	9.243254637436763	
-1587706.875013336	82.35	9.763157894736842	161.57894736842104	101.0	-53.54686124570853	593	1585	156	12.0	250.0	155.0	8	8.0	96.0	62.0	0	0	9.093251943588257	47520	5712.624029874802	43123	9.252946127946132	
-2250309.278883692	83.2625	10.113924050632912	169.58227848101265	106.0253164556962	-53.54686124570853	594	1586	124	15.0	338.0	214.0	43	8.0	94.0	61.0	0	0	9.886272430419922	47600	5722.510302305222	43197	9.25	
-1825399.8704863363	81.9375	9.948051948051948	157.96103896103895	98.92207792207792	-53.54686124570853	595	1589	158	11.0	236.0	145.0	6	8.0	85.0	55.0	0	0	8.780016422271729	47680	5731.290318727493	43270	9.249161073825505	
-2638005.6402565367	85.4625	10.025316455696203	167.39240506329114	104.83544303797468	-53.54686124570853	596	1590	158	13.0	300.0	186.0	41	8.0	93.0	60.0	0	0	9.233328342437744	47760	5740.523647069931	43345	9.244137353433828	
-1562749.533106219	88.7875	10.12	174.86666666666667	108.94666666666667	-53.54686124570853	597	1595	201	12.0	265.0	162.0	12	8.0	87.0	56.0	0	0	12.761871814727783	47840	5753.285518884659	43416	9.247491638795992	
-2325318.3777949377	84.0375	10.151898734177216	167.51898734177215	104.64556962025317	-53.54686124570853	598	1596	158	16.0	337.0	211.0	38	8.0	87.0	56.0	0	0	10.063828706741333	47920	5763.3493475914	43489	9.246661101836395	
-2762866.6333567114	80.8125	10.077922077922079	166.14285714285714	103.83116883116882	-53.54686124570853	599	1599	150	14.0	273.0	169.0	14	8.0	87.0	56.0	0	0	9.845308780670166	48000	5773.19465637207	43562	9.245833333333337	
-2162884.589208302	86.1625	10.36	171.28	106.85333333333334	-53.54686124570853	600	1604	194	16.0	363.0	219.0	11	8.0	87.0	56.0	0	0	11.227346420288086	48080	5784.422002792358	43633	9.249168053244588	
-1925366.2896531671	86.8625	10.329113924050633	176.8987341772152	110.34177215189874	-53.54686124570853	601	1605	159	14.0	284.0	176.0	48	8.0	87.0	56.0	0	0	9.84416151046753	48160	5794.266164302826	43708	9.24418604651163	
-1700430.545387466	83.2875	10.20253164556962	168.41772151898735	105.39240506329114	-53.54686124570853	602	1606	151	13.0	291.0	179.0	13	8.0	87.0	56.0	0	0	9.764804124832153	48240	5804.030968427658	43782	9.241293532338318	
-1937801.2447289482	82.625	10.12987012987013	170.2207792207792	106.42857142857143	-53.54686124570853	603	1609	150	13.0	300.0	186.0	23	8.0	85.0	55.0	0	0	11.17085576057434	48320	5815.201824188232	43854	9.242549668874162	
-2087782.6419693313	81.2625	10.102564102564102	164.0897435897436	102.62820512820512	-53.54686124570853	604	1611	115	13.0	252.0	155.0	23	7.0	82.0	53.0	0	0	9.397825956344604	48400	5824.599650144577	43928	9.239669421487605	
-1637828.6255263933	82.0	10.04054054054054	164.63513513513513	103.02702702702703	-53.54686124570853	605	1617	144	12.0	291.0	180.0	20	8.0	99.0	64.0	0	0	7.898741006851196	48480	5832.498391151428	43997	9.247112211221122	
-1825406.7710223228	82.6875	10.0	164.19480519480518	102.55844155844156	-53.54686124570853	606	1620	138	12.0	224.0	137.0	26	8.0	79.0	51.0	0	0	8.278827667236328	48560	5840.777218818665	44069	9.248352553542006	
-2212860.7141630086	82.0	10.064102564102564	171.0	106.71794871794872	-53.54686124570853	607	1622	136	13.0	368.0	225.0	28	8.0	99.0	64.0	0	0	11.346389532089233	48640	5852.123608350754	44142	9.24753289473685	
-2400345.836820293	80.8125	10.0875	168.1125	104.975	-53.54686124570853	608	1622	127	13	313	193	28	7	82	53	0	0	9.670666694641113	48720	5861.794275045395	44217	9.24261083743842	
-1837804.6449330444	81.325	10.051282051282051	162.89743589743588	101.88461538461539	-53.54686124570853	609	1624	135	13.0	294.0	179.0	28	7.0	82.0	53.0	0	0	8.121171712875366	48800	5869.91544675827	44290	9.241803278688522	
-2412941.171844055	82.0	9.987341772151899	162.0632911392405	101.53164556962025	-53.54686124570853	610	1625	138	14.0	288.0	183.0	26	8.0	99.0	64.0	0	0	10.430358409881592	48880	5880.345805168152	44364	9.238952536824868	
-1900422.3935687584	84.275	9.987012987012987	165.66233766233765	103.48051948051948	-53.54686124570853	611	1628	174	12.0	290.0	181.0	42	8.0	87.0	56.0	0	0	8.501832723617554	48960	5888.847637891769	44437	9.238153594771234	
-1687963.8426161031	80.975	10.03896103896104	161.55844155844156	101.15584415584415	-53.54686124570853	612	1631	132	14.0	224.0	142.0	32	8.0	102.0	66.0	0	0	8.180789709091187	49040	5897.028427600861	44510	9.23735725938009	
-2087865.3596712158	82.375	10.116883116883116	166.8181818181818	104.33766233766234	-53.54686124570853	613	1634	155	13.0	281.0	176.0	9	8.0	95.0	61.0	0	0	8.191198348999023	49120	5905.21962594986	44581	9.240635179153088	
-1762964.5881842137	82.125	10.139240506329115	171.25316455696202	106.9113924050633	-53.54686124570853	614	1635	127	12.0	261.0	166.0	37	8.0	111.0	70.0	0	0	10.745893239974976	49200	5915.965519189835	44656	9.235772357723576	
-1787870.964385592	81.825	10.142857142857142	171.9090909090909	107.24675324675324	-53.54686124570853	615	1638	148	13.0	292.0	180.0	16	8.0	99.0	64.0	0	0	8.551383256912231	49280	5924.516902446747	44728	9.237012987012989	
-2012900.145142197	81.5625	10.064102564102564	168.15384615384616	104.96153846153847	-53.54686124570853	616	1640	144	15.0	363.0	219.0	20	8.0	101.0	65.0	0	0	8.047551155090332	49360	5932.564453601837	44801	9.236223662884925	
-2212838.8814307177	86.7	10.10126582278481	167.54430379746836	104.87341772151899	-53.54686124570853	617	1641	147	13.0	253.0	157.0	65	8.0	116.0	75.0	0	0	10.102257490158081	49440	5942.666711091995	44875	9.233414239482201	
-2512911.416429318	83.5875	9.9875	159.6	99.85	-53.54686124570853	618	1641	144	13	299	181	52	8	88	57	0	0	8.614089012145996	49520	5951.280800104141	44949	9.230613893376415	
-2325347.398531108	83.6625	9.96	164.48	102.94666666666667	-53.54686124570853	619	1646	133	12.0	279.0	172.0	31	8.0	99.0	64.0	0	0	7.812397241592407	49600	5959.093197345734	45017	9.239919354838705	
-1837935.006371367	82.6625	10.118421052631579	164.89473684210526	103.26315789473684	-53.54686124570853	620	1650	138	13.0	273.0	170.0	24	7.0	74.0	48.0	0	0	8.069419384002686	49680	5967.162616729736	45086	9.247181964573272	
-1400360.5797846252	80.2625	10.16	168.77333333333334	105.66666666666667	-53.54686124570853	621	1655	138	15.0	330.0	207.0	16	8.0	106.0	68.0	0	0	9.871857166290283	49760	5977.034473896027	45156	9.252411575562704	
-1962777.322140213	75.1	10.263157894736842	171.17105263157896	107.14473684210526	-53.54686124570853	622	1659	139	14.0	327.0	208.0	7	8.0	106.0	68.0	0	0	8.217756986618042	49840	5985.252230882645	45227	9.25561797752809	
-2062759.1843341384	75.9375	9.974025974025974	165.07792207792207	103.36363636363636	-53.54686124570853	623	1662	130	13.0	246.0	154.0	19	7.0	74.0	48.0	0	0	8.124899625778198	49920	5993.377130508423	45299	9.256810897435898	
-1675289.5773592475	79.6375	9.972222222222221	169.0	105.45833333333333	-53.54686124570853	624	1670	135	12.0	386.0	231.0	23	8.0	85.0	55.0	0	0	7.909730434417725	50000	6001.286860942841	45364	9.272000000000006	
-1500338.478108554	79.65	10.090909090909092	166.28571428571428	103.97402597402598	-53.54686124570853	625	1673	127	14.0	297.0	186.0	37	8.0	85.0	55.0	0	0	10.275838851928711	50080	6011.562699794769	45437	9.271166134185307	
-1812856.161050948	80.9	10.113924050632912	165.64556962025316	103.45569620253164	-53.54686124570853	626	1674	124	13.0	284.0	176.0	40	7.0	74.0	48.0	0	0	8.428061962127686	50160	6019.990761756897	45512	9.266347687400327	
-2425266.3571073576	81.9875	9.844155844155845	165.64935064935065	103.44155844155844	-53.54686124570853	627	1677	148	12.0	288.0	182.0	16	7.0	74.0	48.0	0	0	8.421821355819702	50240	6028.412583112717	45584	9.267515923566876	
-950364.6262602921	81.6625	10.192307692307692	171.96153846153845	107.05128205128206	-53.54686124570853	628	1679	148	14.0	386.0	231.0	18	8.0	90.0	58.0	0	0	10.67226505279541	50320	6039.084848165512	45658	9.264705882352942	
-1887793.4275777084	81.625	9.96	158.57333333333332	99.4	-53.54686124570853	629	1684	145	13.0	297.0	186.0	9	7.0	74.0	48.0	0	0	8.089797258377075	50400	6047.174645423889	45729	9.267857142857139	
-2487928.3035101937	82.0	10.128205128205128	168.62820512820514	105.64102564102564	-53.54686124570853	630	1686	119	13.0	340.0	211.0	45	8.0	90.0	58.0	0	0	8.367990016937256	50480	6055.542635440826	45802	9.267036450079232	
-1525383.2439518503	81.575	10.063291139240507	169.7594936708861	106.0126582278481	-53.54686124570853	631	1687	160	13.0	338.0	206.0	4	9.0	99.0	64.0	0	0	8.88458514213562	50560	6064.427220582962	45876	9.264240506329116	
-2312778.8135850844	84.475	9.924050632911392	164.69620253164558	102.79746835443038	-53.54686124570853	632	1688	141	12.0	245.0	153.0	23	7.0	90.0	58.0	0	0	10.372830152511597	50640	6074.800050735474	45951	9.259478672985779	
-2012869.192874176	82.875	9.9	171.4875	106.8375	-53.54686124570853	633	1688	146	13	263	162	40	7	90	58	0	0	8.496066808700562	50720	6083.296117544174	46026	9.254731861198735	
-1925458.5904796321	82.5625	9.936708860759493	172.84810126582278	107.77215189873418	-53.54686124570853	634	1689	132	11.0	290.0	178.0	32	8.0	99.0	64.0	0	0	8.739230394363403	50800	6092.035347938538	46100	9.251968503937007	
-2125416.3509395793	82.75	10.075	164.625	103.125	-53.54686124570853	635	1689	127	14	263	164	37	8	99	64	0	0	10.03541088104248	50880	6102.07075881958	46176	9.245283018867923	
-2187843.228224172	83.2125	10.012658227848101	167.9620253164557	105.17721518987342	-53.54686124570853	636	1690	148	13.0	356.0	218.0	16	8.0	96.0	62.0	0	0	9.254468202590942	50960	6111.325227022171	46251	9.240580847723706	
-1812920.1030523088	85.0875	9.923076923076923	160.55128205128204	100.42307692307692	-53.54686124570853	637	1692	155	13.0	267.0	165.0	32	8.0	96.0	62.0	0	0	7.973417282104492	51040	6119.2986443042755	46323	9.241771159874617	
-1350356.6326801074	85.875	9.9375	164.225	102.65	-53.54686124570853	638	1692	151	13	294	185	29	8	96	62	0	0	8.799277067184448	51120	6128.09792137146	46399	9.235133020344293	
-2687879.570033414	82.975	10.050632911392405	165.44303797468353	103.55696202531645	-53.54686124570853	639	1693	121	13.0	249.0	156.0	45	8.0	90.0	58.0	0	0	9.940865516662598	51200	6138.038786888123	46474	9.23046875	
-2087889.3062196425	82.6625	10.164556962025317	163.0253164556962	102.22784810126582	-53.54686124570853	640	1694	127	13.0	264.0	163.0	39	8.0	87.0	56.0	0	0	7.984546422958374	51280	6146.023333311081	46548	9.227769110764427	
-1912825.8945539598	84.8125	10.181818181818182	170.23376623376623	106.63636363636364	-53.54686124570853	641	1697	162	13.0	342.0	211.0	29	8.0	88.0	57.0	0	0	8.849249362945557	51360	6154.8725826740265	46620	9.228971962616825	
-2112850.8736179583	82.5	10.102564102564102	168.16666666666666	105.21794871794872	-53.54686124570853	642	1699	134	14.0	335.0	210.0	30	8.0	87.0	56.0	0	0	8.429052829742432	51440	6163.301635503769	46693	9.228227060653197	
-1812830.4017641046	81.3875	10.102564102564102	172.7051282051282	108.05128205128206	-53.54686124570853	643	1701	146	13.0	323.0	201.0	18	9.0	99.0	64.0	0	0	9.878305673599243	51520	6173.179941177368	46767	9.22554347826086	
-2275357.494825065	80.8375	10.14102564102564	169.26923076923077	105.93589743589743	-53.54686124570853	644	1703	137	14.0	368.0	225.0	27	8.0	99.0	64.0	0	0	8.377304553985596	51600	6181.557245731354	46841	9.222868217054256	
-1937843.0324595533	82.2	10.012658227848101	173.68354430379748	108.44303797468355	-53.54686124570853	645	1704	119	12.0	478.0	291.0	40	8.0	79.0	51.0	0	0	8.846818208694458	51680	6190.404063940048	46916	9.21826625386997	
-1813014.0067701936	82.9875	10.090909090909092	168.57142857142858	105.20779220779221	-53.54686124570853	646	1707	133	13.0	252.0	155.0	31	8.0	90.0	58.0	0	0	8.398719549179077	51760	6198.802783489227	46988	9.219474497681617	
-2312803.9843427874	83.65	10.08860759493671	168.2405063291139	105.07594936708861	-53.54686124570853	647	1708	193	13.0	342.0	211.0	11	8.0	106.0	68.0	0	0	9.993974685668945	51840	6208.796758174896	47062	9.216820987654316	
-1800453.9041031606	81.9875	10.23076923076923	173.82051282051282	108.48717948717949	-53.54686124570853	648	1710	135	15.0	352.0	214.0	29	9.0	98.0	63.0	0	0	9.81332278251648	51920	6218.610080957413	47136	9.21417565485362	
-1725270.775676448	82.0	9.871794871794872	159.53846153846155	99.6923076923077	-53.54686124570853	649	1712	139	12.0	248.0	151.0	25	8.0	95.0	61.0	0	0	8.554630756378174	52000	6227.164711713791	47210	9.211538461538453	
-2512812.923217751	82.15	10.115384615384615	170.0	106.2051282051282	-53.54686124570853	650	1714	134	14.0	338.0	209.0	30	8.0	87.0	56.0	0	0	9.85608696937561	52080	6237.0207986831665	47284	9.208909370199692	
-1925430.0130678988	82.7625	10.025641025641026	167.64102564102564	104.6923076923077	-53.54686124570853	651	1716	120	12.0	298.0	181.0	44	8.0	107.0	69.0	0	0	8.689559936523438	52160	6245.71035861969	47358	9.20628834355827	
-1750441.4878815666	83.0625	10.139240506329115	169.7594936708861	105.9620253164557	-53.54686124570853	652	1717	126	16.0	412.0	248.0	38	8.0	99.0	64.0	0	0	9.008418798446655	52240	6254.718777418137	47433	9.20176110260337	
-1812852.2562875398	82.2375	10.179487179487179	167.53846153846155	104.74358974358974	-53.54686124570853	653	1719	133	13.0	324.0	200.0	42	8.0	99.0	64.0	0	0	8.65421438217163	52320	6263.372991800308	47506	9.201070336391439	
-2087948.753621816	84.6375	10.064102564102564	164.46153846153845	102.87179487179488	-53.54686124570853	654	1721	148	14.0	324.0	200.0	16	8.0	87.0	56.0	0	0	10.037602424621582	52400	6273.41059422493	47580	9.198473282442748	
-2037960.655962259	84.1375	9.987341772151899	158.86075949367088	99.45569620253164	-53.54686124570853	655	1722	138	12.0	272.0	167.0	26	8.0	105.0	68.0	0	0	8.55456280708313	52480	6281.965157032013	47653	9.197789634146332	
-1262905.516387428	82.475	9.974358974358974	165.10256410256412	103.05128205128206	-53.54686124570853	656	1724	124	12.0	305.0	186.0	44	8.0	99.0	64.0	0	0	8.17061710357666	52560	6290.13577413559	47726	9.197108066971083	
-2350402.6093637524	82.0	10.215189873417721	170.77215189873417	106.72151898734177	-53.54686124570853	657	1725	132	16.0	385.0	232.0	32	8.0	79.0	51.0	0	0	8.799552917480469	52640	6298.93532705307	47801	9.192629179331306	
-1975327.2261475686	83.2375	10.064935064935066	167.11688311688312	104.62337662337663	-53.54686124570853	658	1728	193	15.0	268.0	165.0	1	8.0	82.0	53.0	0	0	9.475127696990967	52720	6308.410454750061	47871	9.197647951441581	
-1962807.313841235	84.775	10.025316455696203	167.873417721519	104.87341772151899	-53.54686124570853	659	1729	153	13.0	293.0	180.0	19	8.0	87.0	56.0	0	0	8.446584701538086	52800	6316.857039451599	47945	9.19507575757575	
-2775269.4843085855	83.0125	10.08974358974359	167.64102564102564	104.88461538461539	-53.54686124570853	660	1731	131	13.0	330.0	205.0	33	9.0	106.0	67.0	0	0	8.522514343261719	52880	6325.379553794861	48019	9.192511346444775	
-2487884.686446964	82.3125	9.883116883116884	159.64935064935065	99.97402597402598	-53.54686124570853	661	1734	159	11.0	243.0	152.0	5	7.0	74.0	48.0	0	0	9.496129274368286	52960	6334.875683069229	48092	9.19184290030212	
-2212802.977246846	82.0	10.355263157894736	175.78947368421052	109.78947368421052	-53.54686124570853	662	1738	135	14.0	307.0	193.0	29	8.0	99.0	64.0	0	0	9.641154050827026	53040	6344.516837120056	48163	9.194947209653094	
-1812837.7911456097	82.0375	10.166666666666666	169.0	105.43589743589743	-53.54686124570853	663	1740	148	14.0	268.0	162.0	15	8.0	99.0	64.0	0	0	8.556862831115723	53120	6353.073699951172	48237	9.192394578313255	
-2212930.488339278	81.975	10.166666666666666	162.67948717948718	101.8076923076923	-53.54686124570853	664	1742	111	13.0	252.0	157.0	53	9.0	99.0	64.0	0	0	8.547540187835693	53200	6361.621240139008	48311	9.189849624060159	
-1900489.2064192512	82.0	10.076923076923077	175.46153846153845	109.46153846153847	-53.54686124570853	665	1744	154	12.0	251.0	157.0	10	8.0	119.0	75.0	0	0	10.109699964523315	53280	6371.730940103531	48384	9.189189189189179	
-2500330.307554658	81.4125	10.153846153846153	169.39743589743588	105.98717948717949	-53.54686124570853	666	1746	126	15.0	368.0	225.0	33	9.0	99.0	64.0	0	0	8.299014568328857	53360	6380.02995467186	48458	9.186656671664167	
-2625330.1858337456	81.1375	10.106666666666667	168.18666666666667	105.16	-53.54686124570853	667	1751	139	13.0	281.0	176.0	25	8.0	88.0	57.0	0	0	8.424351692199707	53440	6388.454306364059	48529	9.189745508982043	
-1262857.9462756831	84.45	10.291139240506329	175.91139240506328	109.74683544303798	-53.54686124570853	668	1752	174	13.0	307.0	189.0	10	8.0	85.0	55.0	0	0	10.521642684936523	53520	6398.975949048996	48604	9.18535127055307	
-1525258.3648475143	80.5375	10.03896103896104	174.45454545454547	108.55844155844156	-53.54686124570853	669	1755	131	13.0	367.0	220.0	26	8.0	111.0	70.0	0	0	8.622807025909424	53600	6407.598756074905	48674	9.190298507462686	
-1725264.3425478074	81.35	10.063291139240507	164.9620253164557	102.89873417721519	-53.54686124570853	670	1756	114	14.0	282.0	176.0	50	8.0	85.0	55.0	0	0	8.536572217941284	53680	6416.135328292847	48748	9.187779433681072	
-2750356.2833485752	81.6	10.106666666666667	172.48	107.65333333333334	-53.54686124570853	671	1761	152	13.0	313.0	193.0	13	8.0	84.0	54.0	0	0	8.3054678440094	53760	6424.440796136856	48818	9.192708333333329	
-2000323.7874991104	82.4375	10.116883116883116	165.71428571428572	103.63636363636364	-53.54686124570853	672	1764	139	15.0	254.0	161.0	25	8.0	84.0	54.0	0	0	10.14232325553894	53840	6434.583119392395	48891	9.19205052005944	
-1625472.481083968	81.3625	10.146666666666667	172.01333333333332	107.37333333333333	-53.54686124570853	673	1769	138	13.0	320.0	196.0	25	8.0	99.0	64.0	0	0	7.882417678833008	53920	6442.465537071228	48960	9.19881305637982	
-2112867.878156236	80.175	10.150684931506849	176.78082191780823	110.16438356164383	-53.54686124570853	674	1776	160	13.0	320.0	196.0	4	8.0	93.0	60.0	0	0	8.555381774902344	54000	6451.02091884613	49029	9.205555555555549	
-2425359.5907224244	78.5	10.03896103896104	171.32467532467533	107.23376623376623	-53.54686124570853	675	1779	146	13.0	399.0	249.0	2	9.0	99.0	64.0	0	0	8.811864614486694	54080	6459.832783460617	49101	9.20673076923076	
-2275317.3382156645	80.9875	10.064102564102564	167.5	104.73076923076923	-53.54686124570853	676	1781	142	13.0	304.0	186.0	22	8.0	106.0	68.0	0	0	10.146340608596802	54160	6469.979124069214	49174	9.206056129985228	
-1412860.4613487069	82.1	10.076923076923077	171.01282051282053	106.83333333333333	-53.54686124570853	677	1783	143	13.0	277.0	172.0	21	8.0	96.0	62.0	0	0	8.822748899459839	54240	6478.801872968674	49248	9.203539823008853	
-2250463.994102166	83.4	10.064102564102564	173.71794871794873	108.2948717948718	-53.54686124570853	678	1785	116	12.0	345.0	209.0	29	8.0	96.0	62.0	0	0	9.170798540115356	54320	6487.972671508789	49322	9.201030927835049	
-1712807.098659405	83.425	10.177215189873417	180.65822784810126	112.58227848101266	-53.54686124570853	679	1786	138	13.0	325.0	200.0	26	8.0	102.0	66.0	0	0	10.834947109222412	54400	6498.8076186180115	49397	9.19669117647058	
-2300317.313982805	82.925	10.243589743589743	173.74358974358975	108.35897435897436	-53.54686124570853	680	1788	147	14.0	314.0	194.0	40	8.0	85.0	55.0	0	0	8.91663646697998	54480	6507.7242550849915	49471	9.194199706314237	
-2725298.166094801	82.0	10.04	162.34666666666666	101.65333333333334	-53.54686124570853	681	1793	152	12.0	249.0	155.0	12	8.0	85.0	55.0	0	0	8.403273582458496	54560	6516.12752866745	49542	9.197214076246325	
-2237788.3805163824	82.5875	10.098591549295774	169.26760563380282	105.71830985915493	-53.54686124570853	682	1802	156	15.0	308.0	190.0	8	8.0	87.0	56.0	0	0	7.884170293807983	54640	6524.011698961258	49608	9.209370424597367	
-2450362.3510136534	83.275	10.051282051282051	166.74358974358975	104.17948717948718	-53.54686124570853	683	1804	129	15.0	304.0	186.0	28	8.0	79.0	51.0	0	0	10.068252801895142	54720	6534.079951763153	49682	9.206871345029242	
-2050391.1313239597	81.15	10.12	170.2	106.41333333333333	-53.54686124570853	684	1809	149	13.0	296.0	186.0	28	8.0	82.0	53.0	0	0	8.490970373153687	54800	6542.570922136307	49751	9.21350364963503	
-1525306.8759605247	80.625	10.23076923076923	176.3846153846154	109.98717948717949	-53.54686124570853	685	1811	130	16.0	382.0	240.0	34	8.0	125.0	79.0	0	0	9.000566244125366	54880	6551.571488380432	49824	9.21282798833819	
-1900340.7298080479	80.375	9.846153846153847	164.21794871794873	102.66666666666667	-53.54686124570853	686	1813	154	12.0	279.0	171.0	10	8.0	99.0	64.0	0	0	9.171637296676636	54960	6560.743125677109	49898	9.210334788937416	
-2312867.1083929064	87.75	10.06578947368421	162.26315789473685	101.71052631578948	-53.54686124570853	687	1817	150	13.0	256.0	159.0	29	7.0	82.0	53.0	0	0	9.02547836303711	55040	6569.768604040146	49970	9.211482558139537	
-1887891.4069406842	87.6	10.0125	172.9875	108.05	-53.54686124570853	688	1817	176	14	287	177	43	8	114	73	0	0	9.268453359603882	55120	6579.03705739975	50046	9.205370101596515	
-2162921.284647611	85.5375	9.835443037974683	165.32911392405063	103.32911392405063	-53.54686124570853	689	1818	140	14.0	299.0	185.0	39	8.0	96.0	62.0	0	0	8.689294815063477	55200	6587.726352214813	50121	9.201086956521749	
-1412932.1183640752	86.125	9.923076923076923	165.35897435897436	103.41025641025641	-53.54686124570853	690	1820	127	14.0	286.0	177.0	49	8.0	99.0	64.0	0	0	9.339805364608765	55280	6597.066157579422	50194	9.200434153400877	
-1275341.6438476339	83.975	9.9	158.3875	99.0625	-53.54686124570853	691	1820	117	16	267	163	37	8	82	53	0	0	8.718143463134766	55360	6605.784301042557	50269	9.19617052023122	
-1812871.4723228626	82.625	10.08860759493671	165.37974683544303	103.25316455696202	-53.54686124570853	692	1821	148	13.0	253.0	157.0	16	8.0	91.0	59.0	0	0	8.94371223449707	55440	6614.728013277054	50343	9.193722943722946	
-1912844.356378676	80.825	10.207792207792208	167.96103896103895	104.8961038961039	-53.54686124570853	693	1824	132	13.0	314.0	189.0	16	9.0	98.0	63.0	0	0	8.635973930358887	55520	6623.363987207413	50416	9.19308357348703	
-1687775.502364166	85.55	10.189873417721518	171.91139240506328	107.27848101265823	-53.54686124570853	694	1825	156	14.0	314.0	189.0	46	8.0	79.0	51.0	0	0	10.457411766052246	55600	6633.821398973465	50491	9.188848920863308	
-2062818.8271602325	85.0	10.128205128205128	171.62820512820514	107.06410256410257	-53.54686124570853	695	1827	142	14.0	358.0	219.0	22	9.0	99.0	64.0	0	0	9.206050872802734	55680	6643.027449846268	50565	9.18642241379311	
-1950472.189107709	85.775	10.050632911392405	165.46835443037975	103.48101265822785	-53.54686124570853	696	1828	154	12.0	260.0	165.0	10	8.0	99.0	64.0	0	0	8.524120092391968	55760	6651.55156993866	50638	9.185796269727405	
-2012820.302515835	86.05	10.1625	166.0375	103.825	-53.54686124570853	697	1828	148	13	304	186	52	9	99	64	0	0	9.048218727111816	55840	6660.5997886657715	50713	9.181590257879662	
-2300279.421298445	83.8	9.974025974025974	161.42857142857142	100.98701298701299	-53.54686124570853	698	1831	131	12.0	243.0	149.0	33	8.0	99.0	64.0	0	0	8.895561695098877	55920	6669.49535036087	50785	9.182761087267522	
-1225256.451111555	86.1875	10.03896103896104	164.4805194805195	102.81818181818181	-53.54686124570853	699	1834	151	12.0	241.0	148.0	29	9.0	99.0	64.0	0	0	8.206735610961914	56000	6677.702085971832	50857	9.183928571428567	
-1937948.8603019319	83.2125	10.227848101265822	174.39240506329114	108.92405063291139	-53.54686124570853	700	1835	158	12.0	318.0	193.0	49	9.0	99.0	64.0	0	0	8.651682376861572	56080	6686.353768348694	50931	9.18152639087019	
-1775332.306847499	81.1	10.06578947368421	175.57894736842104	109.36842105263158	-53.54686124570853	701	1839	158	12.0	257.0	162.0	6	8.0	94.0	61.0	0	0	10.149070024490356	56160	6696.502838373184	51002	9.184472934472936	
-1950334.5810268125	82.6625	10.08974358974359	169.62820512820514	105.87179487179488	-53.54686124570853	702	1841	158	14.0	297.0	186.0	39	8.0	93.0	60.0	0	0	8.930558204650879	56240	6705.433396577835	51076	9.182076813655755	
-1325281.5130222098	77.75	10.194805194805195	172.27272727272728	107.32467532467533	-53.54686124570853	703	1844	158	13.0	262.0	163.0	29	8.0	99.0	64.0	0	0	8.296377897262573	56320	6713.729774475098	51147	9.185014204545453	
-1862898.6486460413	80.3875	10.0	165.23076923076923	103.02564102564102	-53.54686124570853	704	1846	153	13.0	242.0	147.0	11	8.0	85.0	55.0	0	0	8.307196140289307	56400	6722.036970615387	51218	9.187943262411352	
-1275431.147204259	80.4375	10.077922077922079	173.24675324675326	108.06493506493507	-53.54686124570853	705	1849	140	13.0	324.0	203.0	26	8.0	99.0	64.0	0	0	10.125643014907837	56480	6732.162613630295	51289	9.190864022662893	
-2300398.997128577	82.6875	10.025974025974026	168.71428571428572	105.42857142857143	-53.54686124570853	706	1852	141	13.0	279.0	171.0	33	8.0	99.0	64.0	0	0	8.006655931472778	56560	6740.169269561768	51361	9.19200848656294	
-1825559.6370160542	82.325	9.962025316455696	162.9873417721519	101.9620253164557	-53.54686124570853	707	1853	124	12.0	292.0	178.0	40	8.0	103.0	66.0	0	0	8.245696306228638	56640	6748.414965867996	51436	9.187853107344637	
-2950250.1647396185	86.6	9.987341772151899	158.0759493670886	98.9873417721519	-53.54686124570853	708	1854	126	14.0	257.0	157.0	38	8.0	88.0	57.0	0	0	8.64561128616333	56720	6757.06057715416	51509	9.187235543018332	
-2525535.8695117673	85.15	10.131578947368421	165.46052631578948	103.30263157894737	-53.54686124570853	709	1858	152	15.0	257.0	157.0	12	7.0	82.0	53.0	0	0	9.685059070587158	56800	6766.745636224747	51581	9.188380281690144	
-2650366.9600033485	88.225	9.948051948051948	161.03896103896105	100.76623376623377	-53.54686124570853	710	1861	152	14.0	296.0	179.0	12	8.0	87.0	56.0	0	0	8.015528202056885	56880	6774.761164426804	51654	9.187763713080159	
-1912794.5166365064	88.0	10.051948051948052	174.2077922077922	108.7012987012987	-53.54686124570853	711	1864	154	13.0	340.0	211.0	26	8.0	99.0	64.0	0	0	8.276163578033447	56960	6783.037328004837	51726	9.188904494382015	
-2475360.865205777	86.8625	10.205128205128204	172.60256410256412	108.03846153846153	-53.54686124570853	712	1866	122	15.0	287.0	176.0	39	8.0	87.0	56.0	0	0	8.707765817642212	57040	6791.745093822479	51799	9.188288920056095	
-1612980.515154984	81.3875	10.118421052631579	168.25	105.30263157894737	-53.54686124570853	713	1870	140	14.0	253.0	155.0	10	8.0	97.0	63.0	0	0	9.57939600944519	57120	6801.324489831924	51870	9.191176470588232	
-2087850.3041225218	84.4375	9.960526315789474	166.3815789473684	104.30263157894737	-53.54686124570853	714	1874	162	13.0	287.0	179.0	2	7.0	90.0	58.0	0	0	8.092752933502197	57200	6809.417242765427	51940	9.195804195804186	
-1937840.6908425577	84.1625	10.08860759493671	170.78481012658227	106.9746835443038	-53.54686124570853	715	1875	118	13.0	314.0	193.0	46	8.0	96.0	62.0	0	0	8.4372079372406	57280	6817.854450702667	52013	9.195181564245814	
-2487961.978965656	86.9	9.9875	162.35	101.675	-53.54686124570853	716	1875	130	14	276	169	34	8	88	57	0	0	10.3309326171875	57360	6828.185383319855	52089	9.189330543933053	
-1950384.0955223646	85.2125	10.103896103896103	163.64935064935065	102.53246753246754	-53.54686124570853	717	1878	151	12.0	251.0	153.0	13	9.0	107.0	69.0	0	0	8.627634286880493	57440	6836.813017606735	52162	9.188718662952638	
-2212907.280294136	83.6875	10.026315789473685	168.4078947368421	105.51315789473684	-53.54686124570853	718	1882	143	13.0	283.0	175.0	22	8.0	88.0	57.0	0	0	8.583247423171997	57520	6845.396265029907	52234	9.189847009735743	
-2125386.424222593	82.4875	9.987012987012987	165.01298701298703	103.23376623376623	-53.54686124570853	719	1885	176	12.0	264.0	163.0	16	8.0	99.0	64.0	0	0	8.486227989196777	57600	6853.882493019104	52307	9.189236111111114	
-1787916.2972122326	85.0375	9.987179487179487	161.39743589743588	101.05128205128206	-53.54686124570853	720	1887	139	13.0	241.0	152.0	57	8.0	98.0	63.0	0	0	9.866498708724976	57680	6863.748991727829	52380	9.188626907073498	
-2025458.5550921247	85.275	10.10126582278481	165.50632911392404	103.70886075949367	-53.54686124570853	721	1888	156	12.0	289.0	177.0	40	8.0	99.0	64.0	0	0	8.319314241409302	57760	6872.068305969238	52454	9.186288088642655	
-2175300.9485560954	85.7	10.050632911392405	167.35443037974684	104.50632911392405	-53.54686124570853	722	1889	170	13.0	274.0	168.0	32	8.0	96.0	62.0	0	0	9.348388910293579	57840	6881.416694879532	52529	9.182226832641774	
-2637806.1416138615	83.1	9.948717948717949	167.30769230769232	104.42307692307692	-53.54686124570853	723	1891	150	15.0	287.0	173.0	14	7.0	74.0	48.0	0	0	9.31165862083435	57920	6890.728353500366	52601	9.183356353591165	
-2150371.610729529	83.875	10.064935064935066	172.1038961038961	107.28571428571429	-53.54686124570853	724	1894	174	15.0	386.0	231.0	34	8.0	96.0	62.0	0	0	9.310751914978027	58000	6900.039105415344	52672	9.186206896551724	
-2275419.2947257874	82.85	9.987012987012987	165.93506493506493	103.58441558441558	-53.54686124570853	725	1897	141	12.0	306.0	185.0	23	8.0	96.0	62.0	0	0	8.840279817581177	58080	6908.879385232925	52745	9.185606060606062	
-1762865.1370869763	81.875	10.131578947368421	172.27631578947367	107.4342105263158	-53.545419263461056	726	1901	169	14.0	366.0	227.0	23	8.0	87.0	56.0	0	0	8.69216251373291	58160	6917.571547746658	52816	9.188445667125166	
-2075372.683711692	84.2375	9.974358974358974	158.62820512820514	99.44871794871794	-53.545419263461056	727	1903	144	12.0	236.0	148.0	42	8.0	99.0	64.0	0	0	9.595903158187866	58240	6927.167450904846	52890	9.186126373626365	
-1587746.1697151898	81.75	10.051282051282051	168.16666666666666	104.92307692307692	-53.545419263461056	728	1905	126	13.0	261.0	161.0	38	8.0	99.0	64.0	0	0	8.25832724571228	58320	6935.4257781505585	52962	9.187242798353907	
-1525358.800632287	82.0	10.064102564102564	168.37179487179486	105.34615384615384	-53.545419263461056	729	1907	145	17.0	281.0	178.0	19	8.0	79.0	51.0	0	0	8.648866653442383	58400	6944.074644804001	53036	9.18493150684931	
-1687891.228491135	82.5	10.126582278481013	168.72151898734177	105.51898734177215	-53.545419263461056	730	1908	114	15.0	348.0	211.0	59	8.0	99.0	64.0	0	0	8.327795028686523	58480	6952.402439832687	53110	9.18262653898769	
-1625347.7678764297	81.225	10.217948717948717	168.73076923076923	105.57692307692308	-53.545419263461056	731	1910	122	18.0	397.0	251.0	42	8.0	88.0	57.0	0	0	10.033847570419312	58560	6962.436287403107	53183	9.18203551912569	
-1812972.525354071	83.325	10.0875	169.6	106.0625	-53.545419263461056	732	1910	121	15	288	177	34	8	98	63	0	0	8.774327754974365	58640	6971.210615158081	53259	9.17633015006821	
-2125478.124968335	85.4875	10.30379746835443	172.48101265822785	107.9113924050633	-53.545419263461056	733	1911	122	16.0	306.0	187.0	42	8.0	87.0	56.0	0	0	8.787824153900146	58720	6979.998439311981	53334	9.172343324250676	
-1800387.9092417913	82.375	9.857142857142858	157.83116883116884	98.97402597402598	-53.545419263461056	734	1914	144	14.0	263.0	161.0	27	8.0	87.0	56.0	0	0	7.745811700820923	58800	6987.744251012802	53406	9.173469387755105	
-1725594.478529476	86.575	9.883116883116884	161.28571428571428	100.79220779220779	-53.545419263461056	735	1917	159	12.0	292.0	179.0	25	8.0	87.0	56.0	0	0	10.772598505020142	58880	6998.516849517822	53478	9.174592391304344	
-2050397.1525959286	83.1	10.115384615384615	166.69230769230768	104.1923076923077	-53.545419263461056	736	1919	148	13.0	306.0	188.0	16	8.0	87.0	56.0	0	0	8.47836971282959	58960	7006.995219230652	53551	9.174016282225239	
-2450233.46826654	87.9125	10.052631578947368	167.1578947368421	104.6842105263158	-53.545419263461056	737	1923	148	13.0	316.0	193.0	38	8.0	87.0	56.0	0	0	8.383732318878174	59040	7015.37895154953	53623	9.175135501355015	
-2125401.316967598	84.2375	10.157894736842104	175.55263157894737	109.73684210526316	-53.545419263461056	738	1927	159	15.0	286.0	180.0	25	9.0	98.0	63.0	0	0	10.08324122428894	59120	7025.462192773819	53695	9.176251691474974	
-2750335.5994532816	85.3	10.253164556962025	180.9493670886076	113.0506329113924	-53.545419263461056	739	1928	144	14.0	335.0	211.0	27	9.0	117.0	75.0	0	0	9.45205545425415	59200	7034.914248228073	53769	9.173986486486484	
-1888001.031829515	81.7375	10.164556962025317	173.45569620253164	108.25316455696202	-53.545419263461056	740	1929	131	13.0	314.0	189.0	30	8.0	85.0	55.0	0	0	9.174150466918945	59280	7044.088398694992	53843	9.171727395411608	
-2662808.77208108	85.15	10.131578947368421	168.35526315789474	105.21052631578948	-53.545419263461056	741	1933	157	12.0	314.0	189.0	7	8.0	89.0	58.0	0	0	9.32227349281311	59360	7053.410672187805	53914	9.174528301886795	
-1700344.8281739186	83.7625	10.102564102564102	177.46153846153845	110.62820512820512	-53.545419263461056	742	1935	146	13.0	392.0	238.0	6	9.0	93.0	60.0	0	0	10.92650032043457	59440	7064.33717250824	53987	9.173956931359356	
-2037803.4075283774	82.3875	10.155844155844155	175.05194805194805	109.1038961038961	-53.545419263461056	743	1938	153	14.0	314.0	189.0	11	9.0	93.0	60.0	0	0	8.684688329696655	59520	7073.021860837936	54058	9.176747311827967	
-1062851.8265136865	80.8375	10.15	175.675	109.3	-53.545419263461056	744	1938	133	12	314	190	36	8	95	61	0	0	9.02365517616272	59600	7082.045516014099	54134	9.171140939597308	
-1675431.2640249487	79.3375	10.08860759493671	172.9873417721519	107.89873417721519	-53.545419263461056	745	1939	107	14.0	327.0	204.0	36	8.0	99.0	64.0	0	0	10.73544430732727	59680	7092.780960321426	54209	9.167225201072384	
-2012947.939268218	78.525	10.013333333333334	172.72	107.64	-53.545419263461056	746	1944	131	12.0	314.0	189.0	30	8.0	93.0	60.0	0	0	8.82411003112793	59760	7101.605070352554	54279	9.171686746987945	
-2037766.3840858396	81.875	10.076923076923077	168.32051282051282	105.03846153846153	-53.545419263461056	747	1946	131	13.0	314.0	189.0	33	8.0	102.0	66.0	0	0	8.676396131515503	59840	7110.28146648407	54352	9.171122994652407	
-2162927.7939639078	81.5875	10.20253164556962	176.30379746835442	109.69620253164557	-53.545419263461056	748	1947	126	12.0	314.0	189.0	40	8.0	85.0	55.0	0	0	10.408238887786865	59920	7120.689705371857	54427	9.167222963951943	
-2137861.597264343	81.625	10.215189873417721	177.83544303797467	110.55696202531645	-53.545419263461056	749	1948	136	13.0	314.0	189.0	37	8.0	88.0	57.0	0	0	10.101097583770752	60000	7130.790802955627	54502	9.163333333333341	
-2200324.6865056925	81.2	10.263157894736842	178.85526315789474	111.42105263157895	-53.545419263461056	750	1952	146	15.0	314.0	189.0	18	8.0	90.0	58.0	0	0	8.951127529144287	60080	7139.741930484772	54573	9.166111850865505	
-2587794.073465905	82.9375	10.142857142857142	178.0	110.81818181818181	-53.545419263461056	751	1955	153	12.0	314.0	189.0	11	9.0	114.0	74.0	0	0	9.339410066604614	60160	7149.081340551376	54646	9.165558510638292	
-1600417.9509216067	79.9625	10.413333333333334	186.26666666666668	115.70666666666666	-53.545419263461056	752	1960	137	15.0	314.0	189.0	27	8.0	111.0	70.0	0	0	10.705060958862305	60240	7159.786401510239	54716	9.169986719787516	
-1537787.5407970294	78.7125	10.263157894736842	189.31578947368422	117.21052631578948	-53.545419263461056	753	1964	139	13.0	314.0	193.0	24	9.0	98.0	64.0	0	0	9.80641222000122	60320	7169.59281373024	54787	9.172745358090182	
-2050326.7924849652	78.475	10.157894736842104	171.3684210526316	106.85526315789474	-53.545419263461056	754	1968	145	12.0	314.0	189.0	1	8.0	87.0	56.0	0	0	9.73301386833191	60400	7179.325827598572	54858	9.175496688741731	
-1712857.2553066562	72.775	10.328947368421053	190.46052631578948	118.01315789473684	-53.545419263461056	755	1972	133	14.0	328.0	198.0	25	8.0	99.0	64.0	0	0	10.525743961334229	60480	7189.851571559906	54927	9.18154761904762	
-1825328.3664816883	77.575	10.402597402597403	175.14285714285714	109.22077922077922	-53.54404008528992	756	1975	136	14.0	321.0	196.0	10	8.0	87.0	56.0	0	0	9.266581058502197	60560	7199.118152618408	55000	9.180977542932638	
-1762872.7197098497	74.8375	10.169014084507042	173.01408450704224	107.69014084507042	-53.54404008528992	757	1984	158	12.0	348.0	209.0	6	8.0	87.0	56.0	0	0	8.250102996826172	60640	7207.368255615234	55067	9.190303430079155	
-2362840.3769552703	80.8	10.179487179487179	174.66666666666666	109.0	-53.54404008528992	758	1986	117	17.0	419.0	256.0	46	8.0	87.0	56.0	0	0	9.411291122436523	60720	7216.779546737671	55141	9.188076416337282	
-2162876.882187278	79.625	10.155844155844155	174.06493506493507	108.68831168831169	-53.54404008528992	759	1989	126	14.0	364.0	221.0	8	8.0	99.0	64.0	0	0	10.306199789047241	60800	7227.085746526718	55214	9.1875	
-1587910.3692651647	82.175	10.103896103896103	169.71428571428572	105.9090909090909	-53.54404008528992	760	1992	141	13.0	369.0	228.0	23	8.0	87.0	56.0	0	0	8.558650493621826	60880	7235.64439702034	55285	9.19021024967148	
-2275408.1659437106	86.675	10.435897435897436	177.47435897435898	110.87179487179488	-53.54404008528992	761	1994	144	15.0	358.0	219.0	20	8.0	103.0	66.0	0	0	9.353248119354248	60960	7244.997645139694	55359	9.187992125984252	
-2287750.0404387363	83.6125	10.092105263157896	168.77631578947367	105.30263157894737	-53.54404008528992	762	1998	167	13.0	299.0	181.0	7	8.0	99.0	64.0	0	0	9.54375410079956	61040	7254.541399240494	55430	9.19069462647444	
-1525319.9031568165	85.9	10.075949367088608	171.74683544303798	107.0379746835443	-53.54404008528992	763	1999	178	14.0	253.0	154.0	44	9.0	111.0	70.0	0	0	9.06044054031372	61120	7263.6018397808075	55504	9.188481675392666	
-2325300.4461653456	84.475	10.28	180.88	112.46666666666667	-53.54404008528992	764	2004	149	16.0	311.0	188.0	15	8.0	79.0	51.0	0	0	9.233017683029175	61200	7272.834857463837	55575	9.191176470588232	
-1700262.9247134733	81.5125	10.14864864864865	175.59459459459458	109.41891891891892	-53.54404008528992	765	2010	125	14.0	253.0	154.0	30	9.0	112.0	72.0	0	0	8.728471994400024	61280	7281.563329458237	55645	9.195496083550907	
-1925465.513345716	84.075	10.297297297297296	179.05405405405406	111.94594594594595	-53.54404008528992	766	2016	156	15.0	342.0	211.0	19	8.0	90.0	58.0	0	0	9.653942346572876	61360	7291.21727180481	55715	9.199804432855288	
-2237984.102970821	81.0625	10.246753246753247	172.03896103896105	107.66233766233766	-53.54404008528992	767	2019	121	14.0	262.0	160.0	23	8.0	87.0	56.0	0	0	8.61078667640686	61440	7299.828058481216	55786	9.202473958333329	
-1975421.0622286953	82.2875	10.307692307692308	178.2948717948718	111.6025641025641	-53.54404008528992	768	2021	141	16.0	315.0	196.0	23	8.0	87.0	56.0	0	0	8.63998532295227	61520	7308.468043804169	55860	9.200260078023405	
-2500269.9826556696	82.05	10.282051282051283	169.71794871794873	106.24358974358974	-53.5430939350273	769	2023	122	15.0	304.0	186.0	42	8.0	87.0	56.0	0	0	9.809900522232056	61600	7318.277944326401	55933	9.199675324675326	
-1850344.4941659966	82.125	10.18421052631579	166.77631578947367	104.5	-53.5430939350273	770	2027	147	12.0	301.0	185.0	17	8.0	79.0	51.0	0	0	8.229419231414795	61680	7326.507363557816	56005	9.200713359273678	
-2662946.527606497	82.275	10.103896103896103	162.7012987012987	102.23376623376623	-53.5430939350273	771	2030	147	14.0	298.0	183.0	17	8.0	80.0	52.0	0	0	8.3368501663208	61760	7334.844213724136	56078	9.200129533678762	
-2175463.8513909294	82.575	10.155844155844155	164.67532467532467	103.02597402597402	-53.5430939350273	772	2033	125	13.0	280.0	175.0	44	8.0	105.0	68.0	0	0	8.419979810714722	61840	7343.264193534851	56151	9.199547218628723	
-1950329.076547807	82.5125	10.025641025641026	164.97435897435898	103.15384615384616	-53.5430939350273	773	2035	142	13.0	307.0	186.0	44	8.0	99.0	64.0	0	0	10.373324871063232	61920	7353.637518405914	56225	9.197351421188628	
-2075371.350416034	82.1375	10.012658227848101	168.20253164556962	105.36708860759494	-53.5430939350273	774	2036	139	14.0	346.0	211.0	17	8.0	87.0	56.0	0	0	8.281687259674072	62000	7361.919205665588	56297	9.198387096774198	
-1262799.5487803258	81.8625	9.947368421052632	163.47368421052633	102.28947368421052	-53.5430939350273	775	2040	141	12.0	292.0	178.0	17	8.0	101.0	65.0	0	0	7.723308324813843	62080	7369.642513990402	56368	9.201030927835049	
-1800378.8010789074	83.275	10.051948051948052	173.5064935064935	108.31168831168831	-53.5430939350273	776	2043	148	15.0	295.0	180.0	16	8.0	87.0	56.0	0	0	8.217351198196411	62160	7377.859865188599	56440	9.202059202059203	
-1600391.1118972325	83.8625	10.05	170.4	106.4375	-53.5430939350273	777	2043	146	13	281	176	30	8	111	70	0	0	10.449221849441528	62240	7388.30908703804	56515	9.198264781491005	
-2025352.76191786	82.7875	9.9875	166.4375	104.15	-53.5430939350273	778	2043	134	12	267	166	58	8	93	60	0	0	8.752486228942871	62320	7397.061573266983	56590	9.194480102695763	
-1937865.0633390602	85.9	10.146666666666667	168.78666666666666	105.62666666666667	-53.5430939350273	779	2048	153	13.0	313.0	190.0	13	8.0	115.0	73.0	0	0	8.148576736450195	62400	7405.210150003433	56660	9.198717948717956	
-2062824.2677979604	83.85	10.179487179487179	174.21794871794873	108.73076923076923	-53.5430939350273	780	2050	134	14.0	296.0	181.0	40	8.0	111.0	70.0	0	0	10.067824363708496	62480	7415.277974367142	56734	9.19654289372599	
-1950327.9316250503	83.8125	10.223684210526315	168.76315789473685	105.5	-53.5430939350273	781	2054	137	13.0	277.0	171.0	14	8.0	107.0	69.0	0	0	8.629596710205078	62560	7423.907571077347	56806	9.197570332480822	
-2200347.4014784493	82.825	10.256410256410257	166.6153846153846	104.21794871794872	-53.5430939350273	782	2056	127	16.0	318.0	196.0	37	8.0	87.0	56.0	0	0	8.317395448684692	62640	7432.2249665260315	56879	9.196998722860798	
-1187877.7192505538	81.2	10.197368421052632	172.94736842105263	108.17105263157895	-53.5430939350273	783	2060	148	13.0	309.0	192.0	16	9.0	111.0	72.0	0	0	8.102700233459473	62720	7440.327666759491	56950	9.199617346938766	
-1650355.4135724115	84.675	10.164556962025317	171.0126582278481	106.81012658227849	-53.5430939350273	784	2061	156	13.0	313.0	193.0	58	9.0	99.0	64.0	0	0	10.346797227859497	62800	7450.6744639873505	57025	9.195859872611464	
-1912875.9244511076	82.1625	10.233766233766234	163.23376623376623	102.27272727272727	-53.5430939350273	785	2064	122	15.0	298.0	185.0	42	9.0	99.0	64.0	0	0	8.08049488067627	62880	7458.754958868027	57096	9.198473282442748	
-2000294.6242647707	82.4875	10.306666666666667	173.57333333333332	108.36	-53.5430939350273	786	2069	141	14.0	302.0	187.0	23	9.0	99.0	64.0	0	0	8.642956018447876	62960	7467.397914886475	57167	9.201080050825922	
-1725355.8478081245	82.8875	10.08	168.02666666666667	104.85333333333334	-53.5430939350273	787	2074	156	15.0	289.0	180.0	19	8.0	95.0	61.0	0	0	8.835628509521484	63040	7476.233543395996	57238	9.203680203045678	
-1300486.932397244	82.825	10.052631578947368	166.0921052631579	103.89473684210526	-53.5430939350273	788	2078	138	13.0	308.0	193.0	39	8.0	91.0	59.0	0	0	9.965617656707764	63120	7486.199161052704	57310	9.204689480354872	
-2475276.0760151288	82.3625	10.35064935064935	169.35064935064935	105.85714285714286	-53.5430939350273	789	2081	149	13.0	254.0	156.0	15	9.0	99.0	64.0	0	0	8.299557209014893	63200	7494.498718261719	57383	9.204113924050631	
-2125341.983715101	80.55	10.324675324675324	169.3116883116883	106.02597402597402	-53.5430939350273	790	2084	146	15.0	250.0	154.0	7	9.0	114.0	74.0	0	0	8.383405923843384	63280	7502.882124185562	57456	9.203539823008853	
-1750491.5919638674	80.4375	10.289473684210526	171.1315789473684	106.97368421052632	-53.5430939350273	791	2088	134	15.0	343.0	215.0	15	8.0	87.0	56.0	0	0	8.647719860076904	63360	7511.529844045639	57526	9.20770202020202	
-2287845.8574398374	81.8	10.25	173.1578947368421	108.05263157894737	-53.5430939350273	792	2092	144	14.0	321.0	196.0	20	8.0	98.0	63.0	0	0	9.41712236404419	63440	7520.946966409683	57598	9.208701134930635	
-2287824.6812354997	83.675	10.23076923076923	173.37179487179486	108.07692307692308	-53.5430939350273	793	2094	137	13.0	282.0	171.0	27	8.0	85.0	55.0	0	0	8.576097249984741	63520	7529.523063659668	57672	9.206549118387912	
-1462893.7519544747	84.2875	10.441558441558442	178.67532467532467	111.18181818181819	-53.5430939350273	794	2097	133	13.0	269.0	168.0	28	8.0	88.0	57.0	0	0	9.343621969223022	63600	7538.866685628891	57745	9.20597484276729	
-1200380.2868808853	85.025	10.236842105263158	183.42105263157896	113.85526315789474	-53.5430939350273	795	2101	143	16.0	438.0	268.0	21	8.0	99.0	64.0	0	0	10.39379334449768	63680	7549.260478973389	57817	9.206972361809036	
-1638008.8457849694	83.9375	10.155844155844155	182.5194805194805	113.6103896103896	-53.5430939350273	796	2104	154	13.0	368.0	225.0	10	9.0	99.0	64.0	0	0	8.803183555603027	63760	7558.063662528992	57890	9.20639899623589	
-1637803.507873095	82.575	10.25974025974026	183.01298701298703	113.8961038961039	-53.5430939350273	797	2107	138	14.0	316.0	193.0	26	9.0	103.0	66.0	0	0	8.934853076934814	63840	7566.9985156059265	57963	9.205827067669176	
-1937830.801929158	81.35	10.164556962025317	173.54430379746836	108.37974683544304	-53.5430939350273	798	2108	141	14.0	273.0	170.0	23	8.0	87.0	56.0	0	0	9.784922122955322	63920	7576.783437728882	58037	9.203692115143923	
-2075313.5024911575	81.0	10.166666666666666	178.76923076923077	111.44871794871794	-53.5430939350273	799	2110	134	16.0	335.0	211.0	30	8.0	87.0	56.0	0	0	9.506235837936401	64000	7586.289673566818	58111	9.201562500000009	
-2212889.66879391	81.35	10.272727272727273	180.2077922077922	112.32467532467533	-53.5430939350273	800	2113	155	14.0	317.0	194.0	9	9.0	103.0	66.0	0	0	8.481964588165283	64080	7594.7716381549835	58184	9.200998751560547	
-2287800.3690375835	82.0	10.285714285714286	176.24675324675326	110.0	-53.5430939350273	801	2116	140	16.0	328.0	205.0	24	9.0	99.0	64.0	0	0	8.593148708343506	64160	7603.364786863327	58256	9.201995012468828	
-2162885.4953698507	81.0125	10.285714285714286	167.84415584415584	104.97402597402598	-53.5430939350273	802	2119	143	15.0	530.0	315.0	21	8.0	96.0	62.0	0	0	10.597816705703735	64240	7613.962603569031	58329	9.201432129514316	
-1900445.452507053	82.525	10.2875	173.45	108.0625	-53.5430939350273	803	2119	176	14	323	198	39	8	92	59	0	0	8.902115106582642	64320	7622.864718675613	58404	9.197761194029852	
-1612885.3740828857	78.6	9.987341772151899	162.27848101265823	101.50632911392405	-53.5430939350273	804	2120	118	13.0	258.0	159.0	35	8.0	95.0	61.0	0	0	7.821453332901001	64400	7630.686172008514	58475	9.200310559006212	
-1975392.7052882072	81.1	10.153846153846153	170.16666666666666	106.2948717948718	-53.5430939350273	805	2122	147	12.0	278.0	172.0	11	8.0	99.0	64.0	0	0	8.753350973129272	64480	7639.439522981644	58549	9.198200992555826	
-2312864.2282234197	83.375	10.037974683544304	165.53164556962025	103.46835443037975	-53.5430939350273	806	2123	147	13.0	304.0	186.0	51	8.0	82.0	53.0	0	0	9.826098203659058	64560	7649.265621185303	58624	9.194547707558868	
-1925349.2063791733	80.8375	10.225	177.4125	110.75	-53.5430939350273	807	2123	124	13	284	176	40	9	99	64	0	0	9.585364818572998	64640	7658.850986003876	58700	9.189356435643575	
-1825407.743046203	80.85	9.922077922077921	159.83116883116884	100.12987012987013	-53.5430939350273	808	2126	128	13.0	305.0	188.0	36	8.0	90.0	58.0	0	0	7.761023283004761	64720	7666.6120092868805	58772	9.190358467243513	
-1650342.5586828073	82.0625	10.078947368421053	168.44736842105263	105.39473684210526	-53.5430939350273	809	2130	140	13.0	299.0	181.0	24	8.0	93.0	60.0	0	0	9.285388231277466	64800	7675.897397518158	58842	9.194444444444443	
-2037846.4891265787	80.4	9.986666666666666	159.32	99.89333333333333	-53.5430939350273	810	2135	148	15.0	296.0	182.0	16	8.0	84.0	54.0	0	0	7.998185634613037	64880	7683.895583152771	58913	9.196979038224413	
-1712730.4928481467	77.55	9.961538461538462	160.46153846153845	100.26923076923077	-53.5430939350273	811	2137	109	16.0	414.0	253.0	31	7.0	82.0	53.0	0	0	8.090164422988892	64960	7691.98574757576	58987	9.19488916256158	
-2112861.9431179394	80.1875	10.12	164.21333333333334	102.78666666666666	-53.5430939350273	812	2142	132	16.0	414.0	253.0	23	8.0	112.0	72.0	0	0	8.246382474899292	65040	7700.232130050659	59058	9.197416974169741	
-2325272.44214332	85.3875	10.265822784810126	170.79746835443038	106.72151898734177	-53.5430939350273	813	2143	128	13.0	268.0	166.0	47	9.0	99.0	64.0	0	0	10.183595418930054	65120	7710.415725469589	59131	9.196867321867316	
-1737814.0803816603	85.75	10.126582278481013	168.32911392405063	105.37974683544304	-53.5430939350273	814	2144	136	14.0	319.0	197.0	19	8.0	87.0	56.0	0	0	9.008530855178833	65200	7719.424256324768	59205	9.194785276073631	
-2112947.451097931	82.25	10.14102564102564	164.47435897435898	102.92307692307692	-53.5430939350273	815	2146	128	13.0	275.0	167.0	50	9.0	104.0	67.0	0	0	8.607739448547363	65280	7728.031995773315	59279	9.192708333333329	
-2188000.7285468634	81.625	10.227848101265822	161.40506329113924	101.20253164556962	-53.5430939350273	816	2147	128	14.0	224.0	141.0	45	8.0	87.0	56.0	0	0	8.460643768310547	65360	7736.492639541626	59354	9.18910648714811	
-2462889.0579503584	82.1625	10.126582278481013	162.81012658227849	102.0506329113924	-53.5430939350273	817	2148	130	13.0	272.0	168.0	17	8.0	99.0	64.0	0	0	9.705718755722046	65440	7746.198358297348	59428	9.187041564792182	
-1950358.312128876	81.6	10.166666666666666	163.53846153846155	102.6923076923077	-53.5430939350273	818	2150	152	12.0	280.0	175.0	2	8.0	99.0	64.0	0	0	8.359091520309448	65520	7754.5574498176575	59502	9.184981684981679	
-1625458.2970988331	79.65	10.08860759493671	167.0	104.43037974683544	-53.5430939350273	819	2151	122	13.0	260.0	163.0	13	8.0	100.0	65.0	0	0	8.520066499710083	65600	7763.077516317368	59577	9.181402439024396	
-2187866.878937581	78.1625	10.12987012987013	167.44155844155844	104.81818181818181	-53.5430939350273	820	2154	138	15.0	295.0	186.0	2	8.0	87.0	56.0	0	0	8.35617184638977	65680	7771.433688163757	59650	9.180876979293544	
-1787750.643157215	80.7625	10.03896103896104	168.74025974025975	105.41558441558442	-53.5430939350273	821	2157	147	12.0	293.0	180.0	17	8.0	99.0	64.0	0	0	10.315841674804688	65760	7781.749529838562	59723	9.18035279805352	
-2025391.9062128686	80.75	10.0	167.0253164556962	104.31645569620254	-53.5430939350273	822	2158	144	12.0	316.0	195.0	10	8.0	98.0	63.0	0	0	8.868502140045166	65840	7790.618031978607	59798	9.176792223572292	
-1450351.773843938	81.025	10.075	167.325	104.5125	-53.5430939350273	823	2158	124	12	293	180	40	8	114	73	0	0	8.777874231338501	65920	7799.395906209946	59874	9.171723300970868	
-1662792.7565674135	81.7625	10.179487179487179	168.25641025641025	105.1025641025641	-53.5430939350273	824	2160	126	14.0	305.0	186.0	38	7.0	74.0	48.0	0	0	10.391698598861694	66000	7809.787604808807	59948	9.169696969696972	
-1787866.833685479	81.325	10.025316455696203	169.0126582278481	105.49367088607595	-53.5430939350273	825	2161	126	13.0	263.0	165.0	38	7.0	90.0	58.0	0	0	9.024887323379517	66080	7818.812492132187	60023	9.166162227602896	
-1650415.455757265	81.1625	10.14102564102564	173.1153846153846	108.07692307692308	-53.5430939350273	826	2163	136	13.0	274.0	171.0	28	9.0	96.0	62.0	0	0	8.780018329620361	66160	7827.592510461807	60097	9.164147521160828	
-2312839.719411997	83.9	10.025641025641026	160.07692307692307	100.23076923076923	-53.5430939350273	827	2165	147	13.0	272.0	168.0	17	8.0	85.0	55.0	0	0	8.718302488327026	66240	7836.310812950134	60171	9.162137681159422	
-2125440.183086523	84.5625	10.192307692307692	168.28205128205127	105.3974358974359	-53.5430939350273	828	2167	137	14.0	282.0	171.0	4	9.0	106.0	67.0	0	0	10.228938341140747	66320	7846.539751291275	60244	9.161640530759954	
-2125507.8178799385	85.1125	10.128205128205128	169.65384615384616	106.05128205128206	-53.5430939350273	829	2169	168	13.0	296.0	181.0	28	9.0	99.0	64.0	0	0	7.942279577255249	66400	7854.48203086853	60316	9.162650602409641	
-1888013.493245282	81.95	10.171052631578947	169.82894736842104	106.17105263157895	-53.5430939350273	830	2173	142	13.0	328.0	201.0	33	8.0	114.0	73.0	0	0	8.296618700027466	66480	7862.778649568558	60387	9.165162454873638	
-2412958.4940256253	80.775	10.12987012987013	170.64935064935065	106.6103896103896	-53.5430939350273	831	2176	117	13.0	310.0	188.0	21	9.0	99.0	64.0	0	0	9.123822689056396	66560	7871.902472257614	60460	9.164663461538453	
-1837885.8452341862	82.0	10.177215189873417	175.59493670886076	109.67088607594937	-53.5430939350273	832	2177	120	13.0	278.0	172.0	44	9.0	102.0	66.0	0	0	10.181304454803467	66640	7882.083776712418	60535	9.161164465786314	
-2125328.2867197283	82.675	10.307692307692308	173.43589743589743	108.41025641025641	-53.5430939350273	833	2179	149	16.0	274.0	170.0	15	7.0	82.0	53.0	0	0	8.780739068984985	66720	7890.864515781403	60608	9.16067146282974	
-2425408.710453161	84.625	10.168831168831169	175.63636363636363	109.41558441558442	-53.5430939350273	834	2182	155	13.0	321.0	196.0	9	8.0	87.0	56.0	0	0	10.093384504318237	66800	7900.957900285721	60681	9.160179640718553	
-2150297.275510714	85.7625	10.27027027027027	178.6216216216216	111.39189189189189	-53.5430939350273	835	2188	155	14.0	293.0	180.0	15	8.0	94.0	61.0	0	0	10.779885053634644	66880	7911.7377853393555	60751	9.164174641148321	
-1925315.7246119357	81.1125	10.14864864864865	174.74324324324326	108.78378378378379	-53.5430939350273	836	2194	155	13.0	289.0	178.0	12	8.0	79.0	51.0	0	0	8.161281824111938	66960	7919.899067163467	60821	9.168160095579452	
-2325337.497014541	81.4125	10.376623376623376	174.05194805194805	108.77922077922078	-53.5430939350273	837	2197	109	14.0	286.0	181.0	16	9.0	86.0	56.0	0	0	8.287073612213135	67040	7928.1861407756805	60894	9.167661097852033	
-2075385.5753977683	82.6375	10.179487179487179	171.21794871794873	107.0	-53.5430939350273	838	2199	151	13.0	407.0	245.0	13	8.0	79.0	51.0	0	0	10.160807132720947	67120	7938.3469479084015	60967	9.167163289630508	
-1837761.1399012916	83.8375	10.265822784810126	184.56962025316454	114.86075949367088	-53.5430939350273	839	2200	170	14.0	349.0	211.0	29	8.0	99.0	64.0	0	0	8.767005443572998	67200	7947.1139533519745	61041	9.16517857142857	
-2150237.636675673	81.9	10.384615384615385	177.4102564102564	110.66666666666667	-53.5430939350273	840	2202	152	14.0	307.0	186.0	12	8.0	79.0	51.0	0	0	8.715643644332886	67280	7955.829596996307	61114	9.164684898929849	
-1812928.30002793	86.5875	10.289473684210526	180.1184210526316	112.23684210526316	-53.5430939350273	841	2206	203	13.0	263.0	164.0	10	9.0	99.0	64.0	0	0	9.220558404922485	67360	7965.05015540123	61186	9.165676959619944	
-2712875.132046775	86.55	10.35897435897436	176.51282051282053	110.07692307692308	-53.5430939350273	842	2208	154	14.0	304.0	186.0	25	8.0	80.0	52.0	0	0	10.826079607009888	67440	7975.87623500824	61260	9.163701067615662	
-2012904.3051003658	80.125	10.171052631578947	174.32894736842104	108.84210526315789	-53.5430939350273	843	2212	154	13.0	342.0	211.0	25	7.0	74.0	48.0	0	0	8.32427191734314	67520	7984.200506925583	61329	9.169135071090054	
-1900371.4502527546	75.8	10.08974358974359	173.75641025641025	108.43589743589743	-53.5430939350273	844	2214	127	13.0	275.0	172.0	25	7.0	74.0	48.0	0	0	8.951797246932983	67600	7993.152304172516	61403	9.16715976331362	
-2412775.662943083	76.625	10.36111111111111	175.55555555555554	109.51388888888889	-53.5430939350273	845	2222	137	15.0	286.0	181.0	25	8.0	96.0	62.0	0	0	8.701148509979248	67680	8001.853452682495	61469	9.17700945626477	
-1475344.372492922	79.0375	10.133333333333333	165.76	103.48	-53.5430939350273	846	2227	130	15.0	373.0	224.0	25	8.0	99.0	64.0	0	0	8.75945258140564	67760	8010.612905263901	61539	9.180932703659977	
-1925393.3464097544	81.7125	10.025641025641026	167.23076923076923	104.3974358974359	-53.5430939350273	847	2229	144	15.0	334.0	205.0	20	8.0	96.0	62.0	0	0	9.610386371612549	67840	8020.223291635513	61613	9.178950471698116	
-2412880.0614417186	81.2625	10.064935064935066	168.0	105.06493506493507	-53.5430939350273	848	2232	136	14.0	290.0	178.0	28	7.0	84.0	54.0	0	0	8.34994125366211	67920	8028.573232889175	61684	9.181389870435808	
-1775362.2085455009	81.3625	10.064102564102564	166.34615384615384	103.91025641025641	-53.5430939350273	849	2234	128	13.0	290.0	176.0	36	8.0	99.0	64.0	0	0	10.126068592071533	68000	8038.699301481247	61756	9.182352941176475	
-1900346.1586826197	82.75	10.04054054054054	163.93243243243242	102.54054054054055	-53.5430939350273	850	2240	148	14.0	297.0	186.0	6	8.0	99.0	64.0	0	0	7.859734296798706	68080	8046.559035778046	61826	9.186251468860164	
-1437865.0052915083	84.3875	10.256410256410257	167.0897435897436	104.3974358974359	-53.5430939350273	851	2242	137	15.0	311.0	192.0	43	8.0	97.0	63.0	0	0	8.601653337478638	68160	8055.160689115524	61900	9.184272300469488	
-2475331.086820964	95.25	10.125	171.7375	107.3625	-53.5430939350273	852	2242	159	12	305	186	42	8	101	65	0	0	8.924890756607056	68240	8064.085579872131	61975	9.180832356389217	
-1825357.9949063398	96.425	10.08974358974359	168.46153846153845	105.32051282051282	-53.5430939350273	853	2244	167	14.0	305.0	186.0	57	7.0	82.0	53.0	0	0	9.821622371673584	68320	8073.907202243805	62049	9.178864168618261	
-2012924.5231915046	85.4875	10.233766233766234	168.37662337662337	105.42857142857143	-53.5430939350273	854	2247	144	14.0	343.0	216.0	30	9.0	99.0	64.0	0	0	9.007271766662598	68400	8082.9144740104675	62122	9.17836257309942	
-1937881.3496176866	85.7375	9.974683544303797	160.2405063291139	100.0886075949367	-53.5430939350273	855	2248	153	12.0	242.0	147.0	25	8.0	87.0	56.0	0	0	8.396760940551758	68480	8091.311234951019	62197	9.174941588785046	
-2475289.1391237034	82.425	9.87012987012987	163.19480519480518	101.88311688311688	-53.5430939350273	856	2251	128	12.0	249.0	155.0	25	8.0	93.0	60.0	0	0	8.094981670379639	68560	8099.406216621399	62270	9.174445740956827	
-2400249.865278576	83.525	10.103896103896103	169.5064935064935	105.81818181818181	-53.5430939350273	857	2254	145	15.0	310.0	196.0	19	8.0	87.0	56.0	0	0	9.60091495513916	68640	8109.007131576538	62343	9.17395104895104	
-1937843.7044800408	85.2875	10.0	170.1038961038961	106.03896103896103	-53.5430939350273	858	2257	138	13.0	295.0	178.0	25	8.0	87.0	56.0	0	0	8.22670865058899	68720	8117.233840227127	62416	9.17345750873109	
-1962984.2461769737	86.2625	10.113924050632912	166.0253164556962	103.77215189873418	-53.5430939350273	859	2258	165	13.0	296.0	179.0	10	8.0	79.0	51.0	0	0	8.555025577545166	68800	8125.788865804672	62491	9.170058139534888	
-1562873.5928101942	85.8125	10.153846153846153	170.7051282051282	106.35897435897436	-53.5430939350273	860	2260	165	14.0	314.0	190.0	2	8.0	99.0	64.0	0	0	9.75741171836853	68880	8135.546277523041	62562	9.172473867595826	
-1975341.0477934617	87.25	10.175	173.1	108.075	-53.5430939350273	861	2260	153	13	239	148	45	9	128	81	0	0	9.415108680725098	68960	8144.961386203766	62638	9.167633410672849	
-1662949.8349022288	88.4875	10.153846153846153	166.85897435897436	104.23076923076923	-53.5430939350273	862	2262	155	13.0	269.0	169.0	33	8.0	95.0	61.0	0	0	8.631714344024658	69040	8153.5931005477905	62712	9.165701042873692	
-2062863.5551023674	85.1625	9.96103896103896	165.7922077922078	103.57142857142857	-53.5430939350273	863	2265	148	12.0	288.0	176.0	36	8.0	95.0	61.0	0	0	7.800149917602539	69120	8161.393250465393	62784	9.166666666666671	
-2225282.1591394646	84.525	10.051282051282051	165.78205128205127	103.51282051282051	-53.5430939350273	864	2267	154	14.0	262.0	160.0	19	8.0	92.0	59.0	0	0	9.809203147888184	69200	8171.202453613281	62858	9.164739884393057	
-2012759.6326042265	86.7375	10.3625	175.225	109.4875	-53.5430939350273	865	2267	154	13	299	184	44	9	98	63	0	0	8.835108757019043	69280	8180.0375623703	62934	9.159930715935332	
-2662714.938785604	82.0	10.1625	169.9875	106.275	-53.5430939350273	866	2267	128	13	256	159	36	9	106	68	0	0	8.808217763900757	69360	8188.845780134201	63008	9.158016147635522	
-1687859.1270846545	82.0	9.949367088607595	164.79746835443038	103.0	-53.5430939350273	867	2268	125	13.0	266.0	166.0	39	8.0	87.0	56.0	0	0	10.309209823608398	69440	8199.15498995781	63083	9.154665898617509	
-1950394.6839350187	81.375	10.051948051948052	164.8181818181818	103.15584415584415	-53.5430939350273	868	2271	126	13.0	293.0	180.0	38	8.0	79.0	51.0	0	0	8.39211368560791	69520	8207.547103643417	63156	9.154200230149598	
-2037801.260133963	79.175	10.128205128205128	166.48717948717947	104.34615384615384	-53.5430939350273	869	2273	140	13.0	286.0	177.0	24	8.0	99.0	64.0	0	0	8.281918287277222	69600	8215.829021930695	63229	9.15373563218391	
-2337728.0533317137	81.6375	10.012820512820513	167.64102564102564	104.73076923076923	-53.5430939350273	870	2275	140	12.0	249.0	153.0	13	8.0	99.0	64.0	0	0	8.522005558013916	69680	8224.351027488708	63303	9.151836969001153	
-1287912.720790327	78.875	10.025974025974026	166.74025974025975	104.01298701298701	-53.5430939350273	871	2278	130	13.0	254.0	155.0	13	8.0	106.0	68.0	0	0	10.059634685516357	69760	8234.410662174225	63376	9.15137614678899	
-1475316.3251102068	80.975	10.076923076923077	171.14102564102564	106.76923076923077	-53.5430939350273	872	2280	162	13.0	292.0	179.0	2	9.0	99.0	64.0	0	0	8.128423929214478	69840	8242.53908610344	63448	9.152348224513176	
-2262828.353004882	74.175	10.08	170.37333333333333	106.53333333333333	-53.5430939350273	873	2285	139	14.0	319.0	194.0	7	8.0	87.0	56.0	0	0	7.599785804748535	69920	8250.138871908188	63517	9.157608695652172	
-1612891.3191140187	67.95	9.838235294117647	168.19117647058823	104.82352941176471	-53.5430939350273	874	2297	130	13.0	319.0	194.0	10	9.0	99.0	64.0	0	0	6.954824447631836	70000	8257.09369635582	63577	9.175714285714292	
-2037808.5262153582	78.6	9.894736842105264	170.1578947368421	106.1842105263158	-53.5430939350273	875	2301	181	13.0	294.0	179.0	36	8.0	79.0	51.0	0	0	9.761391162872314	70080	8266.855087518692	63644	9.183789954337897	
-1700188.3669273108	60.225	9.608695652173912	168.84057971014494	105.02898550724638	-53.5430939350273	876	2312	130	12.0	314.0	189.0	7	8.0	87.0	56.0	0	0	6.878631353378296	70160	8273.73371887207	63705	9.200399087799312	
-2300375.80463894	61.325	9.597222222222221	156.77777777777777	98.01388888888889	-53.5430939350273	877	2320	130	11.0	227.0	140.0	16	8.0	87.0	56.0	0	0	6.690359115600586	70240	8280.42407798767	63768	9.214123006833702	
-1950275.0282930392	57.725	9.642857142857142	165.47142857142856	103.18571428571428	-53.5430939350273	878	2330	98	12.0	220.0	142.0	10	8.0	116.0	74.0	0	0	6.484947681427002	70320	8286.909025669098	63827	9.233503981797497	
-1575289.7454539158	58.425	9.714285714285714	164.9142857142857	102.82857142857142	-53.5430939350273	879	2340	103	12.0	282.0	176.0	1	9.0	106.0	67.0	0	0	6.527648448944092	70400	8293.436674118042	63888	9.25	
-1962838.7305586122	64.925	9.875	162.88888888888889	101.79166666666667	-53.5430939350273	880	2348	132	13.0	248.0	154.0	24	9.0	105.0	68.0	0	0	8.983046054840088	70480	8302.419720172882	63955	9.257945516458562	
-1437971.1575245927	66.075	9.7012987012987	158.33766233766235	98.96103896103897	-53.5430939350273	881	2351	85	12.0	246.0	155.0	21	8.0	87.0	56.0	0	0	7.4520347118377686	70560	8309.87175488472	64025	9.261621315192741	
-1525184.8276516243	61.95	9.736842105263158	167.47368421052633	104.42105263157895	-53.5430939350273	882	2355	130	14.0	259.0	160.0	33	9.0	111.0	70.0	0	0	7.351328611373901	70640	8317.223083496094	64092	9.269535673839187	
-1350252.2169826191	59.75	9.657142857142857	164.32857142857142	102.64285714285714	-53.5430939350273	883	2365	113	12.0	277.0	171.0	4	8.0	112.0	72.0	0	0	7.199854135513306	70720	8324.422937631607	64155	9.283088235294116	
-1687734.9897317751	66.825	9.705882352941176	163.16176470588235	101.67647058823529	-53.5430939350273	884	2377	143	12.0	232.0	144.0	4	8.0	94.0	61.0	0	0	8.254790782928467	70800	8332.677728414536	64215	9.300847457627114	
-1962741.9206579097	68.55	9.907894736842104	171.21052631578948	106.64473684210526	-53.5430939350273	885	2381	125	13.0	256.0	156.0	36	9.0	99.0	64.0	0	0	7.698847770690918	70880	8340.376576185226	64285	9.304458239277665	
-1937751.4955566365	70.85	9.986666666666666	169.38666666666666	105.84	-53.5430939350273	886	2386	107	13.0	289.0	182.0	11	9.0	113.0	73.0	0	0	6.97182297706604	70960	8347.348399162292	64350	9.315107102593018	
-1275330.3438592604	73.95	10.025974025974026	170.28571428571428	106.1948051948052	-53.54130551922311	887	2389	112	14.0	344.0	207.0	31	8.0	93.0	60.0	0	0	8.158065795898438	71040	8355.506464958191	64422	9.315878378378386	
-1762901.2429562174	70.1	9.907894736842104	161.53947368421052	101.0657894736842	-53.54130551922311	888	2393	147	15.0	307.0	186.0	36	8.0	99.0	64.0	0	0	8.898557662963867	71120	8364.405022621155	64491	9.320866141732282	
-2387704.733633017	64.6875	9.864864864864865	162.74324324324326	102.01351351351352	-53.54130551922311	889	2399	116	15.0	263.0	167.0	18	8.0	103.0	67.0	0	0	7.412348508834839	71200	8371.81737112999	64558	9.328651685393268	
-1787750.4437081781	70.45	9.921052631578947	165.96052631578948	103.80263157894737	-53.54130551922311	890	2403	137	12.0	283.0	176.0	27	8.0	99.0	64.0	0	0	7.772055625915527	71280	8379.589426755905	64628	9.33221099887767	
-1675234.5360888708	65.125	9.77027027027027	168.06756756756758	104.8108108108108	-53.54130551922311	891	2409	135	12.0	224.0	140.0	20	8.0	105.0	68.0	0	0	7.509653568267822	71360	8387.099080324173	64691	9.345571748878925	
-887762.8589745089	60.475	9.742857142857142	168.21428571428572	104.92857142857143	-53.54130551922311	892	2419	145	14.0	286.0	182.0	11	8.0	87.0	56.0	0	0	8.154094457626343	71440	8395.2531747818	64753	9.360302351623744	
-1712891.7701664183	68.2	9.586666666666666	156.24	97.66666666666667	-53.54130551922311	893	2424	145	12.0	249.0	155.0	15	8.0	85.0	55.0	0	0	6.946075677871704	71520	8402.199250459671	64818	9.370805369127524	
-1387802.8429145718	65.0625	9.5	158.24324324324326	98.72972972972973	-53.54130551922311	894	2430	142	11.0	220.0	136.0	19	8.0	87.0	56.0	0	0	6.5318763256073	71600	8408.731126785278	64881	9.384078212290504	
-1625279.2449308014	63.4625	9.768115942028986	164.55072463768116	102.72463768115942	-53.54130551922311	895	2441	142	13.0	253.0	154.0	9	9.0	117.0	75.0	0	0	6.44857120513916	71680	8415.179697990417	64938	9.405691964285708	
-1550275.9127609213	64.425	9.694444444444445	164.52777777777777	102.66666666666667	-53.54130551922311	896	2449	142	14.0	243.0	151.0	11	8.0	80.0	52.0	0	0	7.530945301055908	71760	8422.710643291473	65004	9.414715719063551	
-1775299.2911434174	55.075	9.52112676056338	164.29577464788733	102.28169014084507	-53.54130551922311	897	2458	142	13.0	322.0	199.0	26	9.0	112.0	71.0	0	0	7.849757194519043	71840	8430.560400485992	65065	9.430679287305125	
-2150264.7182825366	56.275	9.486842105263158	160.5921052631579	100.13157894736842	-53.54130551922311	898	2462	142	12.0	230.0	141.0	25	8.0	92.0	59.0	0	0	7.1345131397247314	71920	8437.694913625717	65132	9.438264738598448	
-1550184.1404032377	52.65	9.507246376811594	160.04347826086956	99.8840579710145	-53.54130551922311	899	2473	85	12.0	210.0	132.0	6	8.0	82.0	53.0	0	0	6.330022811889648	72000	8444.024936437607	65189	9.459722222222226	
-1462777.561084823	57.85	9.558441558441558	164.5064935064935	102.44155844155844	-53.54130551922311	900	2476	112	12.0	246.0	153.0	6	9.0	110.0	71.0	0	0	7.5561370849609375	72080	8451.581073522568	65257	9.465871254162039	
-1450253.3120031995	59.5	9.714285714285714	160.61428571428573	100.05714285714286	-53.54130551922311	901	2486	106	13.0	196.0	123.0	10	9.0	111.0	71.0	0	0	8.040371656417847	72160	8459.621445178986	65317	9.48309312638581	
-1825205.9978188467	61.3	9.774647887323944	163.53521126760563	102.0	-53.54130551922311	902	2495	139	14.0	277.0	170.0	17	8.0	99.0	64.0	0	0	6.5326759815216064	72240	8466.154121160507	65379	9.497508305647841	
-1737810.6251903318	69.875	9.837837837837839	155.86486486486487	97.54054054054055	-53.54130551922311	903	2501	120	13.0	209.0	129.0	18	8.0	93.0	60.0	0	0	7.45294189453125	72320	8473.607063055038	65447	9.503595132743357	
-1775214.2168069493	71.35	10.135135135135135	166.28378378378378	103.97297297297297	-53.54130551922311	904	2507	135	17.0	221.0	138.0	29	9.0	120.0	78.0	0	0	7.614366292953491	72400	8481.221429347992	65516	9.50828729281767	
-1600390.9504541776	70.25	9.986666666666666	163.22666666666666	101.97333333333333	-53.54130551922311	905	2512	137	17.0	285.0	178.0	27	8.0	85.0	55.0	0	0	9.519372463226318	72480	8490.740801811218	65585	9.512969094922738	
-1500435.5209736777	69.35	9.833333333333334	161.5	100.81944444444444	-53.54130551922311	906	2520	129	12.0	229.0	140.0	35	8.0	85.0	55.0	0	0	7.396090507507324	72560	8498.136892318726	65651	9.521775082690183	
-1950354.4073218338	73.925	9.794871794871796	160.07692307692307	100.15384615384616	-53.54130551922311	907	2522	132	13.0	252.0	157.0	22	7.0	82.0	53.0	0	0	8.525606632232666	72640	8506.662498950958	65722	9.52367841409692	
-2000327.5188940023	72.8	10.0	162.96052631578948	102.02631578947368	-53.54130551922311	908	2526	117	14.0	248.0	157.0	36	8.0	99.0	64.0	0	0	7.8978047370910645	72720	8514.56030368805	65791	9.528327832783276	
-1875236.7322215643	63.1375	9.849315068493151	162.94520547945206	101.65753424657534	-53.54130551922311	909	2533	108	14.0	233.0	143.0	36	8.0	87.0	56.0	0	0	9.015913486480713	72800	8523.57621717453	65858	9.535714285714278	
-1512746.4382329495	66.475	9.946666666666667	171.38666666666666	106.72	-53.54130551922311	910	2538	138	17.0	320.0	203.0	26	9.0	99.0	64.0	0	0	7.386050462722778	72880	8530.962267637253	65925	9.543084522502738	
-950206.3354446858	53.825	9.447761194029852	164.50746268656715	102.2089552238806	-53.54130551922311	911	2551	143	12.0	314.0	189.0	21	8.0	87.0	56.0	0	0	6.18670129776001	72960	8537.148968935013	65982	9.56414473684211	
-975272.916599329	50.375	9.513513513513514	165.1216216216216	102.77027027027027	-53.54130551922311	912	2557	82	14.0	264.0	166.0	25	8.0	87.0	56.0	0	0	7.228668212890625	73040	8544.377637147903	66047	9.574205914567358	
-1350267.7619916168	56.7	9.603174603174603	161.57142857142858	100.84126984126983	-53.54130551922311	913	2574	158	12.0	249.0	153.0	6	9.0	99.0	64.0	0	0	6.002016544342041	73120	8550.379653692245	66102	9.597921225382933	
-1262805.6851734568	51.6125	9.716417910447761	167.43283582089552	104.26865671641791	-53.54130551922311	914	2587	92	13.0	224.0	141.0	19	9.0	124.0	78.0	0	0	8.207568168640137	73200	8558.587221860886	66160	9.617486338797804	
-2062795.0089930322	56.25	9.782608695652174	165.42028985507247	103.15942028985508	-53.54130551922311	915	2598	119	13.0	311.0	194.0	2	9.0	92.0	60.0	0	0	7.075533866882324	73280	8565.662755727768	66219	9.635644104803504	
-1625324.6568495391	62.3	9.826086956521738	160.231884057971	100.07246376811594	-53.54130551922311	916	2609	97	13.0	314.0	189.0	21	8.0	99.0	64.0	0	0	6.684488534927368	73360	8572.347244262695	66281	9.649672846237735	
-1837784.4126968894	64.175	9.929577464788732	163.94366197183098	102.63380281690141	-53.54130551922311	917	2618	103	18.0	257.0	166.0	15	8.0	87.0	56.0	0	0	7.220026016235352	73440	8579.56727027893	66347	9.658224400871461	
-2275319.4700817824	76.25	10.155844155844155	165.5064935064935	103.57142857142857	-53.54130551922311	918	2621	126	15.0	310.0	196.0	36	8.0	99.0	64.0	0	0	9.52415132522583	73520	8589.091421604156	66415	9.664036996735575	
-1787792.1633464477	72.225	10.108108108108109	166.3783783783784	103.8108108108108	-53.54130551922311	919	2627	124	15.0	277.0	168.0	6	8.0	79.0	51.0	0	0	8.207975149154663	73600	8597.299396753311	66484	9.668478260869563	
-1487672.0999664166	72.75	10.039473684210526	166.39473684210526	103.9342105263158	-53.54130551922311	920	2631	124	15.0	284.0	176.0	36	9.0	99.0	64.0	0	0	7.74980092048645	73680	8605.049197673798	66553	9.672909880564603	
-1562709.018324189	69.925	9.973333333333333	164.62666666666667	102.76	-53.54130551922311	921	2636	115	17.0	238.0	146.0	25	8.0	111.0	70.0	0	0	7.436949253082275	73760	8612.48614692688	66621	9.678687635574832	
-1712787.7656340846	72.0	10.068493150684931	162.986301369863	101.9041095890411	-53.54130551922311	922	2643	106	15.0	314.0	189.0	4	8.0	93.0	60.0	0	0	9.575647354125977	73840	8622.061794281006	66688	9.685807150595878	
-2300340.443343853	73.05	10.094594594594595	169.22972972972974	105.47297297297297	-53.54130551922311	923	2649	118	13.0	314.0	189.0	4	8.0	85.0	55.0	0	0	8.280620336532593	73920	8630.342414617538	66757	9.690205627705623	
-2600373.8751253607	76.725	9.904109589041095	162.5068493150685	101.6027397260274	-53.54130551922311	924	2656	142	13.0	253.0	156.0	10	8.0	87.0	56.0	0	0	7.978085517883301	74000	8638.320500135422	66826	9.69459459459459	
-2700379.4336185367	79.0125	10.1875	165.7875	104.0	-53.54130551922311	925	2656	101	17	295	184	35	8	99	64	0	0	8.523918390274048	74080	8646.844418525696	66901	9.690874730021605	
-1737800.1730300165	75.4625	9.783783783783784	159.1891891891892	99.78378378378379	-53.54130551922311	926	2662	131	13.0	257.0	158.0	33	8.0	88.0	57.0	0	0	9.251449823379517	74160	8656.095868349075	66967	9.699298813376473	
-2450262.3811856518	76.4	9.75	156.93421052631578	98.34210526315789	-53.54130551922311	927	2666	156	14.0	235.0	146.0	34	8.0	87.0	56.0	0	0	7.893975257873535	74240	8663.989843606949	67038	9.700969827586206	
-2237814.138332299	77.125	10.0	165.02857142857144	103.24285714285715	-53.54130551922311	928	2676	141	15.0	284.0	182.0	19	8.0	84.0	54.0	0	0	7.358457326889038	74320	8671.348300933838	67101	9.71340150699676	
-1575355.2266652782	77.7125	9.987179487179487	164.43589743589743	102.93589743589743	-53.54130551922311	929	2678	158	13.0	369.0	226.0	26	8.0	88.0	57.0	0	0	8.62531065940857	74400	8679.973611593246	67172	9.715053763440864	
-1525360.2355999718	72.225	9.945945945945946	162.59459459459458	101.63513513513513	-53.54130551922311	930	2684	152	13.0	250.0	154.0	27	8.0	85.0	55.0	0	0	9.109243154525757	74480	8689.082854747772	67240	9.72073039742213	
-2387891.1830132366	72.025	10.076923076923077	159.87179487179486	100.08974358974359	-53.54130551922311	931	2686	161	15.0	257.0	160.0	3	8.0	99.0	64.0	0	0	8.191617965698242	74560	8697.27447271347	67311	9.722371244635198	
-1562814.2510299222	73.9375	10.105263157894736	172.1578947368421	107.46052631578948	-53.54130551922311	932	2690	123	13.0	312.0	191.0	13	9.0	93.0	60.0	0	0	8.48436188697815	74640	8705.758834600449	67383	9.722668810289392	
-2037807.5820759747	79.1125	10.075949367088608	164.7594936708861	102.87341772151899	-53.54130551922311	933	2691	118	12.0	344.0	211.0	36	8.0	85.0	55.0	0	0	9.38127064704895	74720	8715.140105247498	67457	9.720289079229133	
-1662970.7158042856	79.4875	10.038461538461538	163.93589743589743	102.57692307692308	-53.54130551922311	934	2693	134	13.0	282.0	173.0	30	8.0	87.0	56.0	0	0	9.312684297561646	74800	8724.45278954506	67531	9.717914438502675	
-1825286.73120446	78.225	10.012987012987013	164.19480519480518	102.55844155844156	-53.54130551922311	935	2696	155	14.0	386.0	235.0	9	8.0	79.0	51.0	0	0	8.194165706634521	74880	8732.646955251694	67602	9.719551282051285	
-2237820.776052338	81.3875	10.051282051282051	159.47435897435898	99.64102564102564	-53.54130551922311	936	2698	136	13.0	243.0	154.0	28	8.0	79.0	51.0	0	0	8.846517324447632	74960	8741.493472576141	67674	9.719850586979732	
-2225469.0939091337	78.9625	10.1	164.2375	102.8875	-53.54130551922311	937	2698	118	13	258	163	30	8	99	64	0	0	10.063682556152344	75040	8751.557155132294	67748	9.717484008528785	
-2512795.6390326163	75.5	10.093333333333334	163.16	102.14666666666666	-53.54130551922311	938	2703	148	13.0	266.0	161.0	12	8.0	87.0	56.0	0	0	7.9249207973480225	75120	8759.482075929642	67819	9.71911608093717	
-1937960.956931922	79.8125	10.04054054054054	162.8108108108108	101.8108108108108	-53.54130551922311	939	2709	204	13.0	310.0	188.0	4	8.0	111.0	70.0	0	0	7.884775400161743	75200	8767.366851329803	67889	9.722074468085111	
-2125318.0294781253	84.175	10.115384615384615	168.01282051282053	105.0	-53.54130551922311	940	2711	148	13.0	249.0	155.0	16	8.0	111.0	70.0	0	0	8.256523370742798	75280	8775.623374700546	67961	9.722369819341125	
-2312874.0856809802	82.5	10.142857142857142	165.46753246753246	103.35064935064935	-53.54130551922311	941	2714	154	14.0	252.0	155.0	19	8.0	93.0	60.0	0	0	9.885735511779785	75360	8785.509110212326	68033	9.722664543524417	
-2025223.8582735676	81.9125	10.1875	170.0	106.225	-53.54130551922311	942	2714	131	14	263	161	33	8	90	58	0	0	9.014158010482788	75440	8794.523268222809	68108	9.718981972428423	
-1625324.67581175	79.0875	10.175	171.75	107.175	-53.54130551922311	943	2714	106	14	386	231	33	8	99	64	0	0	9.013052701950073	75520	8803.536320924759	68183	9.715307203389827	
-1862829.3620305858	77.0	10.10126582278481	167.63291139240508	104.72151898734177	-53.54130551922311	944	2715	120	15.0	287.0	176.0	33	8.0	90.0	58.0	0	0	9.909971952438354	75600	8813.446292877197	68258	9.711640211640216	
-2525303.9867834956	78.075	10.175675675675675	166.78378378378378	104.29729729729729	-53.54130551922311	945	2721	137	13.0	297.0	186.0	27	8.0	96.0	62.0	0	0	7.921733379364014	75680	8821.368026256561	68327	9.715909090909093	
-2612800.8006828064	81.775	10.4625	167.6125	105.225	-53.54130551922311	946	2721	122	14	265	165	42	8	85	55	0	0	8.675029516220093	75760	8830.043055772781	68402	9.71224920802534	
-2400458.7447825945	80.35	10.368421052631579	166.31578947368422	104.38157894736842	-53.54130551922311	947	2725	152	14.0	249.0	155.0	12	9.0	99.0	64.0	0	0	8.353292465209961	75840	8838.396348237991	68474	9.712552742616026	
-1987891.7157306322	77.325	10.12	167.50666666666666	104.86666666666666	-53.54130551922311	948	2730	142	13.0	318.0	197.0	22	8.0	87.0	56.0	0	0	10.034586429595947	75920	8848.430934667587	68545	9.714172813487892	
-1650387.7507117782	74.2875	10.131578947368421	165.56578947368422	103.47368421052632	-53.54130551922311	949	2734	128	13.0	271.0	170.0	23	8.0	88.0	57.0	0	0	8.77261757850647	76000	8857.203552246094	68616	9.715789473684211	
-2300301.2158051403	79.7875	10.0	163.3421052631579	101.82894736842105	-53.54130551922311	950	2738	156	12.0	271.0	164.0	8	8.0	99.0	64.0	0	0	8.802917718887329	76080	8866.006469964981	68688	9.716088328075713	
-1925434.0624322393	79.975	10.307692307692308	169.39743589743588	105.71794871794872	-53.54130551922311	951	2740	138	17.0	307.0	186.0	26	9.0	109.0	70.0	0	0	9.965837240219116	76160	8875.9723072052	68760	9.716386554621849	
-1600328.591468423	82.675	10.220779220779221	167.5064935064935	104.58441558441558	-53.54130551922311	952	2743	183	14.0	273.0	169.0	28	8.0	87.0	56.0	0	0	8.544811964035034	76240	8884.517119169235	68833	9.715372507869873	
-2012955.3046924486	82.5375	10.346666666666666	173.22666666666666	108.13333333333334	-53.54130551922311	953	2748	164	15.0	388.0	239.0	10	9.0	96.0	62.0	0	0	8.080803871154785	76320	8892.59792304039	68903	9.71829140461216	
-1850298.5608846967	81.9125	10.3	171.8625	107.2875	-53.54130551922311	954	2748	112	16	256	156	52	9	99	64	0	0	8.804276704788208	76400	8901.402199745178	68977	9.715968586387433	
-1812821.8938536115	82.6	10.4875	174.0375	108.8125	-53.54130551922311	955	2748	125	17	297	186	39	8	99	64	0	0	9.992653369903564	76480	8911.394853115082	69051	9.713650627615067	
-2275461.2407490932	82.1125	10.166666666666666	163.39743589743588	102.28205128205128	-53.54130551922311	956	2750	126	13.0	319.0	194.0	38	8.0	79.0	51.0	0	0	8.058122396469116	76560	8919.45297551155	69124	9.712643678160916	
-1962965.436376838	82.0	10.253164556962025	167.126582278481	104.46835443037975	-53.54130551922311	957	2751	123	17.0	256.0	156.0	41	8.0	85.0	55.0	0	0	8.9327073097229	76640	8928.385682821274	69199	9.709029227557409	
-2325389.7836740413	82.0	10.278481012658228	163.56962025316454	102.37974683544304	-53.54130551922311	958	2752	110	14.0	266.0	164.0	54	9.0	90.0	58.0	0	0	8.75368356704712	76720	8937.139366388321	69274	9.70542231491136	
-1975359.5573376515	82.1125	10.189873417721518	164.91139240506328	103.0886075949367	-53.54130551922311	959	2753	145	13.0	293.0	182.0	19	8.0	96.0	62.0	0	0	10.002932071685791	76800	8947.142298460007	69349	9.701822916666671	
-1937824.6406671195	83.6	10.139240506329115	163.77215189873417	102.32911392405063	-53.54130551922311	960	2754	141	14.0	259.0	163.0	45	8.0	112.0	72.0	0	0	8.409982204437256	76880	8955.552280664444	69423	9.699531737773142	
-1787840.346146126	82.8625	10.2875	179.6125	112.05	-53.54130551922311	961	2754	106	14	314	195	58	8	112	71	0	0	8.679764747619629	76960	8964.232045412064	69498	9.695945945945951	
-2237871.178500101	82.8375	10.30379746835443	172.63291139240508	107.9873417721519	-53.54130551922311	962	2755	154	14.0	261.0	163.0	11	8.0	99.0	64.0	0	0	9.36892557144165	77040	8973.600970983505	69571	9.694963655244024	
-2100322.6173569136	82.65	10.39240506329114	171.78481012658227	107.41772151898734	-53.54130551922311	963	2756	126	14.0	294.0	183.0	40	8.0	91.0	59.0	0	0	10.051417589187622	77120	8983.652388572693	69646	9.691390041493776	
-1812794.4742852624	84.85	10.355263157894736	181.46052631578948	113.1842105263158	-53.54130551922311	964	2760	140	16.0	275.0	167.0	25	9.0	113.0	73.0	0	0	8.361402750015259	77200	8992.013791322708	69717	9.693005181347147	
-2650423.606778645	85.6375	10.177215189873417	167.34177215189874	104.79746835443038	-53.54130551922311	965	2761	149	13.0	298.0	183.0	18	8.0	102.0	66.0	0	0	8.39266562461853	77280	9000.406456947327	69792	9.689440993788821	
-2037921.2041178874	91.2	10.0875	163.375	102.3625	-53.54130551922311	966	2761	149	13	251	153	50	8	87	56	0	0	9.65489935874939	77360	9010.061356306076	69866	9.687176835573936	
-1812913.5940144688	88.475	10.294871794871796	163.48717948717947	102.44871794871794	-53.54130551922311	967	2763	149	13.0	262.0	160.0	30	8.0	87.0	56.0	0	0	8.125040769577026	77440	9018.186397075653	69939	9.686208677685954	
-2250438.716881228	86.4875	9.975	162.1875	101.4	-53.54130551922311	968	2763	149	13	270	168	41	7	82	53	0	0	8.269767761230469	77520	9026.456164836884	70014	9.682662538699688	
-2325338.585206626	85.1375	10.14102564102564	166.71794871794873	104.26923076923077	-53.54130551922311	969	2765	157	14.0	282.0	172.0	28	8.0	97.0	63.0	0	0	8.427805662155151	77600	9034.883970499039	70087	9.68170103092784	
-2675377.183829661	88.9375	10.278481012658228	161.21518987341773	101.07594936708861	-53.54130551922311	970	2766	161	14.0	257.0	157.0	12	8.0	93.0	60.0	0	0	10.106054544448853	77680	9044.990025043488	70161	9.679454170957783	
-1950334.7949705478	86.5875	10.115384615384615	165.21794871794873	103.38461538461539	-53.54130551922311	971	2768	169	13.0	271.0	169.0	14	8.0	90.0	58.0	0	0	8.117560625076294	77760	9053.107585668564	70234	9.678497942386826	
-1675401.5645691901	89.75	10.1625	172.8125	107.825	-53.54130551922311	972	2768	139	13	431	262	34	8	87	56	0	0	8.722517251968384	77840	9061.830102920532	70310	9.673689619732784	
-2287888.7760058506	86.3375	10.217948717948717	166.73076923076923	104.48717948717949	-53.54130551922311	973	2770	150	15.0	292.0	182.0	33	8.0	99.0	64.0	0	0	8.588327407836914	77920	9070.41843032837	70384	9.671457905544145	
-1912822.3699038494	86.3125	10.105263157894736	161.03947368421052	100.77631578947368	-53.54130551922311	974	2774	131	14.0	287.0	175.0	33	8.0	82.0	53.0	0	0	9.636091470718384	78000	9080.054521799088	70456	9.671794871794873	
-1850402.1588100153	82.925	10.077922077922079	159.32467532467533	99.72727272727273	-53.54130551922311	975	2777	125	17.0	256.0	161.0	42	7.0	82.0	53.0	0	0	7.820488929748535	78080	9087.875010728836	70527	9.673411885245898	
-2062777.683794567	82.6875	10.139240506329115	164.08860759493672	102.73417721518987	-53.54130551922311	976	2778	148	14.0	296.0	184.0	16	8.0	82.0	53.0	0	0	8.780495643615723	78160	9096.655506372452	70602	9.669907881269197	
-2137863.746259992	82.225	10.128205128205128	164.56410256410257	102.91025641025641	-53.54130551922311	977	2780	130	15.0	347.0	216.0	34	7.0	82.0	53.0	0	0	10.109109163284302	78240	9106.764615535736	70675	9.6689672801636	
-2237860.942451106	83.5625	10.051282051282051	164.51282051282053	102.91025641025641	-53.54130551922311	978	2782	143	15.0	262.0	159.0	21	8.0	99.0	64.0	0	0	8.84254789352417	78320	9115.60716342926	70748	9.668028600612871	
-1850502.1989871531	81.7875	10.205128205128204	168.03846153846155	105.01282051282051	-53.54130551922311	979	2784	140	14.0	294.0	182.0	24	8.0	92.0	59.0	0	0	8.3531174659729	78400	9123.960280895233	70821	9.667091836734699	
-2175438.201589565	84.875	10.025316455696203	161.8987341772152	101.24050632911393	-53.54130551922311	980	2785	140	13.0	242.0	147.0	19	8.0	93.0	60.0	0	0	8.563287258148193	78480	9132.523568153381	70896	9.663608562691124	
-2112811.184960014	81.7875	10.25	173.775	108.4375	-53.54130551922311	981	2785	142	16	374	228	22	8	99	64	0	0	10.651414632797241	78560	9143.174982786179	70970	9.661405295315689	
-2100423.25374055	80.5	10.0625	166.375	103.8875	-53.54130551922311	982	2785	123	14	258	161	41	7	90	58	0	0	9.553750038146973	78640	9152.728732824326	71046	9.656663275686668	
-1825329.4056580774	76.775	10.25	166.64473684210526	104.34210526315789	-53.54130551922311	983	2789	140	14.0	288.0	175.0	9	7.0	90.0	58.0	0	0	8.348686456680298	78720	9161.077419281006	71118	9.65701219512195	
-1550292.8521547832	81.375	10.128205128205128	164.01282051282053	102.43589743589743	-53.54130551922311	984	2791	135	12.0	253.0	154.0	29	8.0	98.0	63.0	0	0	10.314936637878418	78800	9171.392355918884	71192	9.654822335025386	
-2037774.7200408273	81.325	10.177215189873417	163.69620253164558	102.41772151898734	-53.54130551922311	985	2792	131	14.0	263.0	159.0	33	8.0	87.0	56.0	0	0	8.679290056228638	78880	9180.071645975113	71267	9.651369168356993	
-2687946.3529302175	83.6875	10.08974358974359	164.1153846153846	102.67948717948718	-53.54130551922311	986	2794	160	13.0	257.0	163.0	23	8.0	87.0	56.0	0	0	8.873285293579102	78960	9188.944931268692	71340	9.650455927051667	
-2125495.2689369814	84.6375	10.26923076923077	169.75641025641025	106.07692307692308	-53.54130551922311	987	2796	160	15.0	368.0	221.0	23	8.0	99.0	64.0	0	0	8.518415927886963	79040	9197.463347196579	71414	9.648279352226723	
-2050313.83464385	87.8125	10.384615384615385	170.06410256410257	106.2948717948718	-53.54130551922311	988	2798	160	16.0	332.0	205.0	39	8.0	85.0	55.0	0	0	10.35374140739441	79120	9207.817088603973	71488	9.646107178968649	
-2087845.3929246396	85.3	10.346153846153847	168.32051282051282	105.15384615384616	-53.54130551922311	989	2800	190	14.0	268.0	164.0	23	8.0	125.0	79.0	0	0	8.659849405288696	79200	9216.476938009262	71561	9.64520202020202	
-2100563.7935563424	83.8375	10.166666666666666	161.83333333333334	101.35897435897436	-53.54130551922311	990	2802	160	14.0	211.0	132.0	36	9.0	112.0	72.0	0	0	8.691642761230469	79280	9225.168580770493	71633	9.645560040363264	
-1987951.2153397999	81.15	10.025641025641026	161.06410256410257	100.92307692307692	-53.54130551922311	991	2804	151	14.0	248.0	152.0	13	8.0	88.0	57.0	0	0	9.220481634140015	79360	9234.389062404633	71707	9.64339717741936	
-1600396.7153718346	81.2625	10.181818181818182	167.16883116883116	104.35064935064935	-53.54130551922311	992	2807	151	18.0	299.0	188.0	13	8.0	88.0	57.0	0	0	9.532873153686523	79440	9243.92193555832	71779	9.64375629405842	
-2012879.4732580401	82.7625	10.050632911392405	163.77215189873417	102.32911392405063	-53.54130551922311	993	2808	151	12.0	279.0	171.0	31	8.0	88.0	57.0	0	0	8.691721439361572	79520	9252.61365699768	71852	9.642857142857139	
-1600492.8366498419	74.6625	10.105263157894736	168.8421052631579	105.36842105263158	-53.54130551922311	994	2812	149	14.0	301.0	182.0	15	8.0	88.0	57.0	0	0	8.045435905456543	79600	9260.659092903137	71922	9.645728643216074	
-2287869.0795406974	74.8125	10.272727272727273	170.80519480519482	106.55844155844156	-53.54130551922311	995	2815	121	17.0	252.0	155.0	37	8.0	79.0	51.0	0	0	9.808454990386963	79680	9270.467547893524	71995	9.644829317269071	
-1850423.8129577215	77.7875	10.375	170.4	106.4	-53.54130551922311	996	2815	127	14	245	151	37	8	93	60	0	0	9.336093425750732	79760	9279.803641319275	72070	9.641424272818455	
-2100371.313571169	78.025	10.210526315789474	175.01315789473685	109.07894736842105	-53.54130551922311	997	2819	154	14.0	285.0	180.0	4	9.0	116.0	75.0	0	0	9.431935787200928	79840	9289.235577106476	72141	9.643036072144284	
-2100323.8244033456	81.725	10.329113924050633	174.54430379746836	108.9367088607595	-53.54130551922311	998	2820	132	14.0	307.0	191.0	32	8.0	99.0	64.0	0	0	8.643643617630005	79920	9297.879220724106	72215	9.640890890890901	
-1925394.532383483	83.8375	10.131578947368421	159.53947368421052	99.75	-53.54130551922311	999	2824	182	13.0	259.0	159.0	13	8.0	87.0	56.0	0	0	9.997020721435547	80000	9307.876241445541	72287	9.64125	
-2062867.8209535107	84.8125	10.038461538461538	163.33333333333334	101.94871794871794	-53.54130551922311	1000	2826	141	12.0	253.0	154.0	23	8.0	93.0	60.0	0	0	8.422029972076416	80080	9316.298271417618	72361	9.639110889110896	
-1975399.7189511298	84.325	10.371794871794872	173.65384615384616	108.3076923076923	-53.54130551922311	1001	2828	137	14.0	292.0	178.0	40	8.0	92.0	59.0	0	0	8.646251916885376	80160	9324.944523334503	72435	9.636976047904184	
-1975418.052743744	82.25	10.2987012987013	164.62337662337663	103.02597402597402	-53.54130551922311	1002	2831	136	14.0	302.0	186.0	28	7.0	82.0	53.0	0	0	9.396991968154907	80240	9334.341515302658	72507	9.63733798604187	
-1637815.0510554134	80.2	10.307692307692308	165.85897435897436	103.85897435897436	-53.54130551922311	1003	2833	143	13.0	274.0	172.0	21	8.0	99.0	64.0	0	0	9.328041076660156	80320	9343.669556379318	72581	9.635209163346616	
-1562821.1830334372	80.7125	10.233766233766234	170.32467532467533	106.41558441558442	-53.54130551922311	1004	2836	150	15.0	315.0	196.0	17	8.0	88.0	57.0	0	0	8.238625764846802	80400	9351.908182144165	72653	9.635572139303477	
-1337798.1171146806	79.65	10.133333333333333	169.32	105.8	-53.54130551922311	1005	2841	135	13.0	306.0	187.0	21	8.0	99.0	64.0	0	0	7.734487533569336	80480	9359.642669677734	72723	9.638419483101387	
-1550344.3442774082	84.95	10.273972602739725	168.0958904109589	104.84931506849315	-53.54130551922311	1006	2848	162	17.0	294.0	182.0	2	9.0	115.0	73.0	0	0	9.341931581497192	80560	9368.984601259232	72792	9.642502482621651	
-1812968.3337842282	84.5875	10.157894736842104	159.6315789473684	99.88157894736842	-53.54130551922311	1007	2852	149	13.0	223.0	138.0	15	9.0	98.0	63.0	0	0	8.263057231903076	80640	9377.247658491135	72863	9.644097222222229	
-2013061.383816886	83.925	10.126582278481013	160.873417721519	100.81012658227849	-53.54130551922311	1008	2853	149	13.0	229.0	145.0	43	7.0	90.0	58.0	0	0	8.184617757797241	80720	9385.432276248932	72938	9.640733399405349	
-2025415.1208939068	81.3375	10.341772151898734	170.9240506329114	106.88607594936708	-53.54130551922311	1009	2854	160	15.0	267.0	165.0	4	8.0	105.0	68.0	0	0	8.94807243347168	80800	9394.380348682404	73013	9.63737623762377	
-1750485.4462178578	81.4375	10.2987012987013	167.55844155844156	104.79220779220779	-53.54130551922311	1010	2857	143	15.0	289.0	176.0	21	8.0	87.0	56.0	0	0	10.304431915283203	80880	9404.684780597687	73085	9.637734915924824	
-1525421.9963304852	81.6875	10.051948051948052	166.28571428571428	103.98701298701299	-53.54130551922311	1011	2860	109	15.0	280.0	176.0	47	8.0	87.0	56.0	0	0	8.298403978347778	80960	9412.983184576035	73156	9.63932806324111	
-1787787.3073460967	79.8	10.064935064935066	154.98701298701297	97.51948051948052	-53.54130551922311	1012	2863	134	14.0	304.0	193.0	24	8.0	80.0	52.0	0	0	7.7028234004974365	81040	9420.686007976532	73227	9.640918065153016	
-1500384.8519794273	81.125	9.871794871794872	150.93589743589743	94.91025641025641	-53.54130551922311	1013	2865	134	13.0	385.0	233.0	21	7.0	87.0	56.0	0	0	7.882833003997803	81120	9428.56884098053	73298	9.642504930966467	
-2075488.5251182108	83.0875	9.946666666666667	158.54666666666665	99.32	-53.54130551922311	1014	2870	138	13.0	316.0	193.0	26	8.0	87.0	56.0	0	0	9.561698198318481	81200	9438.130539178848	73369	9.644088669950733	
-2125261.481134453	82.3875	10.025	159.4375	99.925	-53.54130551922311	1015	2870	142	13	404	243	34	8	84	54	0	0	8.619918584823608	81280	9446.750457763672	73444	9.64074803149606	
-2612801.93349102	80.9125	10.282051282051283	173.06410256410257	107.97435897435898	-53.54130551922311	1016	2872	154	13.0	396.0	237.0	10	7.0	82.0	53.0	0	0	9.451194047927856	81360	9456.2016518116	73518	9.638643067846601	
-2200496.0869609057	80.2125	10.153846153846153	173.47435897435898	108.34615384615384	-53.54130551922311	1017	2874	155	12.0	396.0	237.0	10	8.0	90.0	58.0	0	0	10.440377473831177	81440	9466.64202928543	73592	9.636542239685667	
-1525378.1830267303	81.8375	10.373333333333333	182.18666666666667	113.36	-53.54130551922311	1018	2879	134	15.0	396.0	237.0	10	8.0	106.0	67.0	0	0	9.038431167602539	81520	9475.680460453033	73662	9.63935230618253	
-2212913.6752998894	86.4375	10.666666666666666	178.35897435897436	111.47435897435898	-53.54130551922311	1019	2881	141	15.0	396.0	237.0	23	8.0	103.0	67.0	0	0	8.85845136642456	81600	9484.538911819458	73734	9.639705882352942	
-1700436.358645501	85.2375	10.285714285714286	168.46753246753246	105.32467532467533	-53.54130551922311	1020	2884	152	13.0	396.0	237.0	12	8.0	79.0	51.0	0	0	9.149375915527344	81680	9493.688287734985	73806	9.640058765915768	
-2087845.2885170176	82.2375	10.115384615384615	164.42307692307693	102.94871794871794	-53.54130551922311	1021	2886	155	14.0	270.0	167.0	9	8.0	79.0	51.0	0	0	10.238463640213013	81760	9503.926751375198	73880	9.637964774951087	
-2200403.0793889663	82.925	10.115384615384615	161.5	101.1025641025641	-53.54130551922311	1022	2888	143	14.0	247.0	153.0	21	8.0	87.0	56.0	0	0	8.246299505233765	81840	9512.173050880432	73953	9.637096774193537	
-1550401.5758459538	85.0125	10.253164556962025	170.58227848101265	106.55696202531645	-53.54130551922311	1023	2889	142	17.0	274.0	175.0	33	9.0	99.0	64.0	0	0	8.467350244522095	81920	9520.640401124954	74026	9.63623046875	
-1862857.1225931428	83.125	10.126582278481013	168.0506329113924	105.07594936708861	-53.54130551922311	1024	2890	157	13.0	262.0	162.0	7	8.0	98.0	63.0	0	0	10.389900922775269	82000	9531.03030204773	74101	9.6329268292683	
-2062892.7487922392	83.675	10.1375	163.55	102.425	-53.54130551922311	1025	2890	128	14	389	241	36	8	85	55	0	0	8.852009057998657	82080	9539.882311105728	74177	9.628411306042878	
-1600358.0027407215	86.5	10.443037974683545	173.78481012658227	108.9113924050633	-53.54130551922311	1026	2891	145	14.0	277.0	170.0	36	8.0	85.0	55.0	0	0	8.747415781021118	82160	9548.62972688675	74251	9.626338851022396	
-2050332.9080089442	86.5125	10.265822784810126	160.0126582278481	100.35443037974683	-53.54130551922311	1027	2892	199	14.0	223.0	138.0	11	9.0	99.0	64.0	0	0	8.431595087051392	82240	9557.0613219738	74325	9.624270428015564	
-1487779.7077607214	81.525	10.181818181818182	160.8181818181818	100.7012987012987	-53.54130551922311	1028	2895	145	14.0	250.0	157.0	30	8.0	85.0	55.0	0	0	10.073191165924072	82320	9567.134513139725	74397	9.624635568513114	
-1762831.2406262583	81.6125	10.012987012987013	161.66233766233765	101.15584415584415	-53.54130551922311	1029	2898	156	11.0	289.0	177.0	20	8.0	87.0	56.0	0	0	8.968144178390503	82400	9576.102657318115	74469	9.625	
-1812934.6903447069	81.575	10.164556962025317	163.83544303797467	102.69620253164557	-53.54130551922311	1030	2899	131	13.0	258.0	163.0	33	8.0	87.0	56.0	0	0	9.014339447021484	82480	9585.116996765137	74544	9.62172647914646	
-1487925.009112814	81.2625	10.253164556962025	171.49367088607596	107.0	-53.54130551922311	1031	2900	133	12.0	254.0	157.0	32	9.0	99.0	64.0	0	0	10.265830039978027	82560	9595.382826805115	74619	9.618459302325576	
-1925511.3821828286	81.4125	9.949367088607595	165.32911392405063	103.17721518987342	-53.54130551922311	1032	2901	152	12.0	262.0	161.0	12	8.0	87.0	56.0	0	0	8.952223300933838	82640	9604.335050106049	74692	9.617618586640859	
-2412823.2043584823	81.7875	10.282051282051283	173.62820512820514	108.5	-53.54130551922311	1033	2903	153	14.0	421.0	252.0	11	7.0	90.0	58.0	0	0	8.235498428344727	82720	9612.570548534393	74765	9.616779497098648	
-2050406.8749405653	79.475	10.171052631578947	171.5921052631579	107.09210526315789	-53.54130551922311	1034	2907	137	13.0	275.0	172.0	11	9.0	99.0	64.0	0	0	8.535638332366943	82800	9621.10618686676	74837	9.617149758454104	
-2575349.475230246	78.225	10.18421052631579	159.43421052631578	100.17105263157895	-53.54130551922311	1035	2911	132	14.0	299.0	181.0	11	7.0	74.0	48.0	0	0	9.778957605361938	82880	9630.885144472122	74908	9.61872586872586	
-1900352.9124975498	80.525	10.220779220779221	164.27272727272728	102.84415584415585	-53.54130551922311	1036	2914	111	15.0	313.0	190.0	29	8.0	99.0	64.0	0	0	7.880249738693237	82960	9638.765394210815	74981	9.617888138862114	
-2400492.4805603297	83.025	10.243589743589743	158.5	99.42307692307692	-53.54130551922311	1037	2916	153	14.0	245.0	153.0	11	9.0	85.0	55.0	0	0	8.6672945022583	83040	9647.432688713074	75054	9.617052023121389	
-1350434.1586229855	82.7375	10.08860759493671	167.27848101265823	104.50632911392405	-53.54130551922311	1038	2917	152	14.0	391.0	238.0	12	8.0	85.0	55.0	0	0	8.451300382614136	83120	9655.883989095688	75128	9.615014436958617	
-2125361.6087738937	81.5125	10.090909090909092	158.05194805194805	99.05194805194805	-53.54130551922311	1039	2920	129	14.0	284.0	176.0	35	8.0	85.0	55.0	0	0	9.810128211975098	83200	9665.694117307663	75199	9.616586538461533	
-1712874.0743726972	83.05	10.227848101265822	165.9493670886076	103.92405063291139	-53.54130551922311	1040	2921	155	14.0	290.0	183.0	9	8.0	98.0	63.0	0	0	8.859982967376709	83280	9674.55410027504	75273	9.61455331412104	
-1962785.367593921	79.9375	10.272727272727273	160.55844155844156	100.64935064935065	-53.54130551922311	1041	2924	145	15.0	209.0	129.0	19	8.0	98.0	63.0	0	0	8.277191638946533	83360	9682.831291913986	75344	9.616122840690977	
-1562896.9172491948	80.8375	10.075	162.9125	101.8	-53.54130551922311	1042	2924	113	13	232	142	27	8	98	63	0	0	9.439419031143188	83440	9692.27071094513	75420	9.61169702780441	
-1900411.9556164413	80.9375	10.210526315789474	168.97368421052633	105.47368421052632	-53.54130551922311	1043	2928	147	13.0	245.0	154.0	17	9.0	105.0	68.0	0	0	10.021663904190063	83520	9702.29237484932	75491	9.613266283524908	
-1912777.2491508357	83.9875	10.454545454545455	178.11688311688312	110.8051948051948	-53.54130551922311	1044	2931	166	17.0	297.0	181.0	29	9.0	99.0	64.0	0	0	9.132785081863403	83600	9711.425159931183	75563	9.613636363636374	
-2425324.511625617	80.65	10.277777777777779	163.93055555555554	102.59722222222223	-53.54130551922311	1045	2939	151	17.0	261.0	161.0	13	8.0	85.0	55.0	0	0	7.901850700378418	83680	9719.327010631561	75631	9.61878585086042	
-2487863.708207679	84.5875	10.26923076923077	167.39743589743588	104.88461538461539	-53.54130551922311	1046	2941	155	13.0	262.0	163.0	9	9.0	96.0	62.0	0	0	10.487185955047607	83760	9729.814196586609	75703	9.619149952244513	
-1787829.0814038217	84.0625	10.30379746835443	178.0	111.0632911392405	-53.54130551922311	1047	2942	151	15.0	325.0	205.0	45	9.0	133.0	84.0	0	0	8.895380735397339	83840	9738.709577322006	75778	9.615935114503813	
-1712914.9510446317	82.8	10.467532467532468	168.6103896103896	105.54545454545455	-53.54130551922311	1048	2945	145	17.0	295.0	187.0	19	9.0	99.0	64.0	0	0	8.27528190612793	83920	9746.984859228134	75851	9.615109628217354	
-2875396.6838155934	82.2125	10.291139240506329	169.9493670886076	106.0886075949367	-53.54130551922311	1049	2946	131	14.0	463.0	280.0	33	8.0	88.0	57.0	0	0	9.232656478881836	84000	9756.217515707016	75926	9.611904761904768	
-2187955.6689249785	78.6375	9.948051948051948	158.4025974025974	99.24675324675324	-53.54130551922311	1050	2949	131	13.0	272.0	168.0	33	7.0	90.0	58.0	0	0	9.964102745056152	84080	9766.181618452072	75998	9.61227402473834	
-1762944.5427007861	81.7875	10.164556962025317	170.0126582278481	106.07594936708861	-53.54130551922311	1051	2950	145	14.0	268.0	169.0	19	8.0	102.0	66.0	0	0	8.588634014129639	84160	9774.770252466202	76072	9.610266159695811	
-1475411.9277531602	80.7375	10.246753246753247	169.55844155844156	105.74025974025975	-53.54130551922311	1052	2953	143	14.0	282.0	171.0	25	8.0	119.0	77.0	0	0	8.12746286392212	84240	9782.897715330124	76145	9.60944919278252	
-2138012.477084831	79.2875	10.181818181818182	164.7792207792208	102.81818181818181	-53.54130551922311	1053	2956	144	14.0	258.0	156.0	8	8.0	106.0	68.0	0	0	10.253856897354126	84320	9793.151572227478	76217	9.60981973434535	
-1762960.596026307	83.8375	10.415584415584416	173.7792207792208	108.22077922077922	-53.54130551922311	1054	2959	160	14.0	373.0	224.0	23	8.0	107.0	69.0	0	0	8.944592952728271	84400	9802.096165180206	76289	9.61018957345972	
-1637975.2654357774	80.9125	10.155844155844155	168.05194805194805	104.8961038961039	-53.54130551922311	1055	2962	111	14.0	323.0	198.0	42	8.0	87.0	56.0	0	0	8.365437746047974	84480	9810.461602926254	76362	9.609375	
-2037808.980495134	81.8125	9.974358974358974	164.43589743589743	102.61538461538461	-53.54130551922311	1056	2964	153	13.0	319.0	192.0	27	8.0	79.0	51.0	0	0	9.312088251113892	84560	9819.773691177368	76436	9.607379375591293	
-2675270.6587914685	83.05	10.1125	161.4	101.0875	-53.54130551922311	1057	2964	135	14	252	153	29	8	87	56	0	0	10.66457223892212	84640	9830.43826341629	76511	9.604206049149326	
-2400390.892508515	82.7	10.25974025974026	170.4935064935065	106.35064935064935	-53.54130551922311	1058	2967	146	16.0	252.0	153.0	18	8.0	87.0	56.0	0	0	8.743794918060303	84720	9839.18205833435	76584	9.603399433427768	
-2050545.9826303169	83.5125	10.272727272727273	173.24675324675326	108.23376623376623	-53.54130551922311	1059	2970	134	14.0	275.0	169.0	33	8.0	87.0	56.0	0	0	8.55072569847107	84800	9847.732784032822	76655	9.60495283018868	
-2262885.6585902306	81.1	10.115384615384615	164.96153846153845	103.35897435897436	-53.54130551922311	1060	2972	129	16.0	292.0	186.0	35	8.0	99.0	64.0	0	0	10.421212434768677	84880	9858.15399646759	76729	9.602968897266734	
-2000294.4639270925	81.15	10.5125	171.7	107.55	-53.54130551922311	1061	2972	156	15	320	193	38	8	102	66	0	0	9.083600759506226	84960	9867.237597227097	76805	9.598634651600761	
-1637856.7493370972	81.3375	10.240506329113924	167.0379746835443	104.41772151898734	-53.54130551922311	1062	2973	159	15.0	309.0	192.0	33	7.0	82.0	53.0	0	0	8.471990585327148	85040	9875.709587812424	76879	9.596660395108188	
-2150380.548688257	81.775	10.346153846153847	169.25641025641025	105.73076923076923	-53.54130551922311	1063	2975	125	14.0	320.0	193.0	39	8.0	99.0	64.0	0	0	9.312257528305054	85120	9885.021845340729	76952	9.595864661654133	
-2412876.0699986555	82.95	10.354430379746836	171.65822784810126	107.27848101265823	-53.54130551922311	1064	2976	162	15.0	386.0	231.0	20	7.0	79.0	51.0	0	0	10.43552303314209	85200	9895.45736837387	77027	9.592723004694832	
-2462902.785924456	88.0375	10.192307692307692	169.6153846153846	105.96153846153847	-53.54130551922311	1065	2978	145	15.0	386.0	231.0	19	9.0	98.0	63.0	0	0	8.779878377914429	85280	9904.237246751785	77100	9.591932457786115	
-1725434.101637467	82.6875	10.14102564102564	165.39743589743588	103.23076923076923	-53.54130551922311	1066	2980	122	13.0	386.0	231.0	21	8.0	87.0	56.0	0	0	8.807290077209473	85360	9913.044536828995	77172	9.592314901593255	
-2137912.627369086	81.6625	10.333333333333334	162.8846153846154	102.14102564102564	-53.54130551922311	1067	2982	114	19.0	317.0	199.0	52	8.0	85.0	55.0	0	0	10.138075113296509	85440	9923.182611942291	77245	9.591526217228463	
-2437970.7662816257	82.0125	10.25	170.73684210526315	106.85526315789474	-53.54130551922311	1068	2986	156	18.0	251.0	159.0	8	8.0	111.0	70.0	0	0	8.4842689037323	85520	9931.666880846024	77316	9.593077642656695	
-2350432.1191795706	82.5125	10.278481012658228	165.39240506329114	103.69620253164557	-53.54130551922311	1069	2987	156	16.0	294.0	182.0	31	8.0	99.0	64.0	0	0	8.46183729171753	85600	9940.128718137741	77389	9.592289719626166	
-1737937.3994782357	85.175	10.151898734177216	157.7594936708861	99.10126582278481	-53.54130551922311	1070	2988	130	16.0	253.0	154.0	42	8.0	99.0	64.0	0	0	9.04453992843628	85680	9949.173258066177	77464	9.589169000933708	
-1812818.6356745982	90.1375	9.85897435897436	152.51282051282053	95.83333333333333	-53.54130551922311	1071	2990	146	13.0	266.0	165.0	38	7.0	90.0	58.0	0	0	9.452296257019043	85760	9958.625554323196	77536	9.589552238805965	
-1737937.6175515777	87.15	10.30379746835443	165.0	103.22784810126582	-53.54130551922311	1072	2991	126	17.0	306.0	187.0	48	8.0	87.0	56.0	0	0	8.610482454299927	85840	9967.236036777496	77610	9.587604846225545	
-2137882.1573282806	84.075	10.256410256410257	163.65384615384616	102.35897435897436	-53.54130551922311	1073	2993	126	14.0	299.0	186.0	47	8.0	79.0	51.0	0	0	8.328516244888306	85920	9975.564553022385	77684	9.585661080074487	
-2287863.704650593	85.8125	10.0875	158.725	99.4875	-53.54130551922311	1074	2993	128	13	259	158	36	8	99	64	0	0	8.46750545501709	86000	9984.032058477402	77758	9.583720930232559	
-1500325.249258021	85.325	10.051282051282051	164.32051282051282	102.65384615384616	-53.54130551922311	1075	2995	159	13.0	306.0	188.0	34	8.0	99.0	64.0	0	0	10.173548460006714	86080	9994.205606937408	77831	9.582946096654283	
-1663010.9630572535	83.05	10.10126582278481	167.45569620253164	104.44303797468355	-53.54130551922311	1076	2996	126	15.0	332.0	201.0	43	8.0	99.0	64.0	0	0	8.811386346817017	86160	10003.016993284225	77904	9.582172701949858	
-2388005.267110385	83.8	10.2875	166.825	104.2875	-53.54130551922311	1077	2996	126	13	253	154	38	8	82	53	0	0	8.844551801681519	86240	10011.861545085907	77980	9.577922077922068	
-1962964.5512170799	82.0	10.166666666666666	165.98717948717947	103.71794871794872	-53.54130551922311	1078	2998	145	14.0	298.0	183.0	19	8.0	99.0	64.0	0	0	10.050375938415527	86320	10021.911921024323	78052	9.578313253012055	
-2275474.1474600653	82.95	10.3875	168.4625	105.2875	-53.54130551922311	1079	2998	130	14	307	186	54	9	99	64	0	0	9.02758002281189	86400	10030.939501047134	78126	9.576388888888886	
-2075466.7736260414	80.975	10.3375	172.375	107.8125	-53.54130551922311	1080	2998	122	17	382	239	42	8	85	55	0	0	8.786555767059326	86480	10039.726056814194	78201	9.57331174838113	
-1975430.9733362787	82.025	10.26923076923077	172.02564102564102	107.51282051282051	-53.54130551922311	1081	3000	139	15.0	264.0	163.0	25	8.0	85.0	55.0	0	0	8.991794347763062	86560	10048.717851161957	78274	9.57255083179298	
-2750340.416717206	85.825	10.227848101265822	171.16455696202533	107.12658227848101	-53.54130551922311	1082	3001	159	14.0	270.0	171.0	25	8.0	114.0	72.0	0	0	10.414574146270752	86640	10059.132425308228	78349	9.569482917820864	
-2700376.6056413664	84.05	10.275	172.525	107.6625	-53.54130551922311	1083	3001	153	15	316	198	44	8	99	64	0	0	8.825096130371094	86720	10067.957521438599	78424	9.566420664206646	
-2137888.145769353	84.5	10.278481012658228	164.73417721518987	103.07594936708861	-53.54130551922311	1084	3002	153	14.0	262.0	160.0	52	8.0	93.0	60.0	0	0	8.528335332870483	86800	10076.48585677147	78498	9.564516129032256	
-1762848.8157857477	84.3875	10.205128205128204	165.5	103.67948717948718	-53.54130551922311	1085	3004	163	15.0	334.0	211.0	25	8.0	95.0	61.0	0	0	8.210522651672363	86880	10084.696379423141	78570	9.564917127071823	
-2050334.5584360887	82.75	10.194805194805195	169.5194805194805	105.84415584415585	-53.54130551922311	1086	3007	133	13.0	264.0	163.0	31	7.0	90.0	58.0	0	0	10.161072731018066	86960	10094.85745215416	78642	9.565317387304503	
-1650377.4365254524	81.35	10.14102564102564	167.2051282051282	104.38461538461539	-53.54130551922311	1087	3009	138	11.0	245.0	152.0	26	8.0	117.0	75.0	0	0	8.627869129180908	87040	10103.48532128334	78716	9.563419117647058	
-1812859.0330121606	81.8625	10.240506329113924	169.51898734177215	105.87341772151899	-53.54130551922311	1088	3010	143	14.0	382.0	236.0	21	8.0	99.0	64.0	0	0	8.81687331199646	87120	10112.302194595337	78791	9.560376492194678	
-2412829.8147678473	81.2375	10.226666666666667	166.41333333333333	103.93333333333334	-53.54130551922311	1089	3015	142	13.0	262.0	160.0	22	8.0	84.0	54.0	0	0	10.161163330078125	87200	10122.463357925415	78862	9.561926605504595	
-2012772.508727684	81.5875	10.243589743589743	165.2948717948718	103.2948717948718	-53.54130551922311	1090	3017	137	13.0	267.0	163.0	18	8.0	79.0	51.0	0	0	8.8522789478302	87280	10131.315636873245	78936	9.56003666361137	
-2087790.6229773462	83.125	10.181818181818182	165.5194805194805	103.55844155844156	-53.54130551922311	1091	3020	137	15.0	378.0	241.0	33	9.0	99.0	64.0	0	0	8.372531652450562	87360	10139.688168525696	79008	9.560439560439562	
-2325449.276992616	81.8375	10.316455696202532	168.73417721518987	105.37974683544304	-53.54130551922311	1092	3021	132	15.0	297.0	186.0	32	9.0	85.0	55.0	0	0	8.796711683273315	87440	10148.48488020897	79081	9.559698078682516	
-2262933.25377247	82.875	10.316455696202532	168.70886075949366	105.43037974683544	-53.54130551922311	1093	3022	129	14.0	304.0	186.0	59	9.0	99.0	64.0	0	0	10.436292886734009	87520	10158.921173095703	79156	9.556672760511887	
-1837868.1889594987	83.125	10.223684210526315	168.3684210526316	105.38157894736842	-53.54130551922311	1094	3026	161	13.0	251.0	156.0	2	8.0	102.0	66.0	0	0	8.036705017089844	87600	10166.957878112793	79228	9.55707762557077	
-1737865.5924727917	84.0875	10.25	166.78947368421052	104.40789473684211	-53.54130551922311	1095	3030	161	15.0	301.0	188.0	14	8.0	84.0	54.0	0	0	8.043861389160156	87680	10175.001739501953	79299	9.558622262773724	
-2325380.000609446	84.0375	10.43421052631579	173.85526315789474	108.86842105263158	-53.54130551922311	1096	3034	154	17.0	325.0	196.0	10	9.0	102.0	66.0	0	0	10.322807788848877	87760	10185.324547290802	79371	9.559024612579762	
-1650405.3010830742	83.65	10.512820512820513	174.07692307692307	109.02564102564102	-53.54130551922311	1097	3036	178	17.0	371.0	236.0	32	8.0	99.0	64.0	0	0	9.201884269714355	87840	10194.526431560516	79444	9.558287795992712	
-2162913.155549298	81.7	10.064102564102564	159.06410256410257	99.61538461538461	-53.54130551922311	1098	3038	124	15.0	261.0	161.0	31	7.0	82.0	53.0	0	0	8.272720575332642	87920	10202.799152135849	79518	9.55641492265697	
-3000344.789758181	82.525	10.35897435897436	164.15384615384616	102.96153846153847	-53.54130551922311	1099	3040	140	17.0	255.0	159.0	24	8.0	99.0	64.0	0	0	8.537764072418213	88000	10211.336916208267	79591	9.55568181818181	
-1937764.2540305369	84.175	10.223684210526315	171.73684210526315	107.32894736842105	-53.54130551922311	1100	3044	147	13.0	304.0	186.0	17	7.0	82.0	53.0	0	0	9.97388243675232	88080	10221.31079864502	79662	9.557220708446863	
-1912863.7579633496	82.5125	10.307692307692308	171.47435897435898	107.15384615384616	-53.54130551922311	1101	3046	156	16.0	293.0	188.0	8	7.0	82.0	53.0	0	0	8.744122982025146	88160	10230.054921627045	79735	9.556488203266795	
-1750483.774564804	81.7125	9.909090909090908	161.97402597402598	101.27272727272727	-53.54130551922311	1102	3049	131	13.0	253.0	154.0	33	7.0	82.0	53.0	0	0	8.621915340423584	88240	10238.676836967468	79808	9.555757026291928	
-2062961.617932852	83.7125	10.1125	163.2125	102.325	-53.54130551922311	1103	3049	126	15	360	225	46	7	82	53	0	0	9.739113807678223	88320	10248.415950775146	79882	9.553894927536234	
-2412846.8097616374	83.65	9.962025316455696	166.9620253164557	104.20253164556962	-53.54130551922311	1104	3050	138	14.0	267.0	165.0	52	7.0	82.0	53.0	0	0	9.302459478378296	88400	10257.718410253525	79955	9.553167420814475	
-1575493.2901685585	83.4875	10.272727272727273	172.16883116883116	107.67532467532467	-53.54130551922311	1105	3053	139	15.0	302.0	189.0	25	7.0	82.0	53.0	0	0	8.303645610809326	88480	10266.022055864334	80027	9.55357142857143	
-1662926.9927527201	79.2625	9.974358974358974	160.24358974358975	100.23076923076923	-53.54130551922311	1106	3055	131	16.0	246.0	158.0	25	7.0	80.0	52.0	0	0	8.357173919677734	88560	10274.379229784012	80101	9.551716350496847	
-1275331.0775687187	84.3875	9.897435897435898	160.06410256410257	100.14102564102564	-53.54130551922311	1107	3057	139	14.0	249.0	155.0	25	7.0	82.0	53.0	0	0	10.363305807113647	88640	10284.742535591125	80175	9.549864620938635	
-2337843.171971655	85.775	9.875	156.4125	98.025	-53.54130551922311	1108	3057	145	13	238	147	25	7	82	53	0	0	8.225225925445557	88720	10292.967761516571	80250	9.546889089269612	
-2050338.9281861011	85.2875	9.89873417721519	165.26582278481013	103.35443037974683	-53.54130551922311	1109	3058	156	14.0	291.0	180.0	25	7.0	82.0	53.0	0	0	8.636584520339966	88800	10301.604346036911	80323	9.546171171171167	
-1962811.2334987153	85.9	9.7012987012987	154.8181818181818	97.22077922077922	-53.54130551922311	1110	3061	151	15.0	311.0	193.0	33	7.0	74.0	48.0	0	0	8.039908647537231	88880	10309.644254684448	80395	9.546579657965793	
-1812897.4180886913	83.725	10.013157894736842	159.3815789473684	100.03947368421052	-53.54130551922311	1111	3065	134	14.0	264.0	161.0	40	7.0	82.0	53.0	0	0	9.5153489112854	88960	10319.159603595734	80466	9.548111510791372	
-1800437.1893489498	83.15	10.126582278481013	162.7594936708861	101.83544303797468	-53.54130551922311	1112	3066	134	17.0	340.0	206.0	40	7.0	87.0	56.0	0	0	8.906445264816284	89040	10328.06604886055	80541	9.545148247978446	
-1800305.2115861617	82.675	10.12987012987013	171.28571428571428	106.93506493506493	-53.54130551922311	1113	3069	154	16.0	288.0	177.0	10	8.0	96.0	62.0	0	0	8.199180603027344	89120	10336.265229463577	80612	9.546678635547579	
-1862769.736735483	79.0875	10.108108108108109	173.48648648648648	108.22972972972973	-53.54130551922311	1114	3075	151	13.0	288.0	177.0	10	9.0	130.0	81.0	0	0	8.56681489944458	89200	10344.832044363022	80681	9.550448430493276	
-1712963.2011713448	81.15	10.155844155844155	168.2077922077922	105.22077922077922	-53.54130551922311	1115	3078	133	13.0	314.0	189.0	31	8.0	87.0	56.0	0	0	10.26105284690857	89280	10355.09309720993	80751	9.553091397849471	
-1750360.9779793825	81.6875	10.253164556962025	170.30379746835442	106.30379746835443	-53.54130551922311	1116	3079	125	15.0	290.0	175.0	39	9.0	99.0	64.0	0	0	8.894352197647095	89360	10363.987449407578	80825	9.551253357206804	
-1912982.5264144496	80.8125	10.194805194805195	171.01298701298703	106.85714285714286	-53.54130551922311	1117	3082	125	15.0	310.0	193.0	42	9.0	99.0	64.0	0	0	8.63562297821045	89440	10372.623072385788	80898	9.55053667262969	
-2462895.914213152	81.95	10.421052631578947	171.14473684210526	107.05263157894737	-53.54130551922311	1118	3086	150	16.0	335.0	213.0	21	8.0	85.0	55.0	0	0	10.39755392074585	89520	10383.020626306534	80969	9.55205540661305	
-2000355.494507356	81.1	10.025974025974026	165.5064935064935	103.37662337662337	-53.54130551922311	1119	3089	154	14.0	256.0	156.0	10	8.0	79.0	51.0	0	0	8.131482124328613	89600	10391.152108430862	81042	9.551339285714292	
-1862908.6132243227	82.2125	10.20253164556962	167.55696202531647	104.84810126582279	-53.54130551922311	1120	3090	131	14.0	324.0	195.0	33	8.0	87.0	56.0	0	0	8.588304996490479	89680	10399.740413427353	81116	9.549509366636926	
-1825389.8578242902	80.0625	10.075949367088608	174.36708860759492	108.53164556962025	-53.54130551922311	1121	3091	154	14.0	324.0	195.0	21	8.0	87.0	56.0	0	0	8.967591524124146	89760	10408.708004951477	81190	9.547682709447415	
-1938090.8318964366	80.4625	10.272727272727273	175.8181818181818	109.85714285714286	-53.54130551922311	1122	3094	154	13.0	324.0	195.0	27	8.0	101.0	65.0	0	0	10.439823627471924	89840	10419.147828578949	81263	9.54697239536955	
-2400477.9643522194	79.6875	10.144736842105264	176.69736842105263	110.17105263157895	-53.54130551922311	1123	3098	137	14.0	396.0	237.0	4	8.0	87.0	56.0	0	0	9.221079111099243	89920	10428.368907690048	81335	9.547375444839858	
-2613005.13364165	82.2125	10.207792207792208	176.76623376623377	110.15584415584415	-53.54130551922311	1124	3101	141	13.0	324.0	195.0	35	9.0	99.0	64.0	0	0	9.090458869934082	90000	10437.459366559982	81408	9.546666666666667	
-1650463.7546432198	82.225	10.341772151898734	184.9493670886076	115.07594936708861	-53.54130551922311	1125	3102	135	15.0	324.0	195.0	29	8.0	99.0	64.0	0	0	11.42475414276123	90080	10448.884120702744	81483	9.543738898756658	
-2087864.7760106705	79.5	10.102564102564102	168.16666666666666	104.94871794871794	-53.54130551922311	1126	3104	128	17.0	324.0	195.0	18	8.0	84.0	54.0	0	0	8.606626987457275	90160	10457.4907476902	81557	9.541925465838503	
-2112818.077349794	78.525	10.0	165.24358974358975	103.2051282051282	-53.54130551922311	1127	3106	117	14.0	324.0	195.0	17	7.0	74.0	48.0	0	0	8.484039783477783	90240	10465.974787473679	81630	9.54122340425532	
-2150550.908952894	77.65	10.12987012987013	172.63636363636363	107.64935064935065	-53.54130551922311	1128	3109	123	13.0	342.0	209.0	17	7.0	74.0	48.0	0	0	9.076248168945312	90320	10475.051035642624	81703	9.540522586359614	
-1937830.3887578323	78.9125	10.150684931506849	174.83561643835617	108.89041095890411	-53.54130551922311	1129	3116	145	13.0	324.0	195.0	17	8.0	98.0	63.0	0	0	10.717224597930908	90400	10485.768260240555	81771	9.545353982300881	
-1787954.56034058	82.3875	10.1625	175.725	109.45	-53.54130551922311	1130	3116	128	13	324	195	36	8	99	64	0	0	9.137146711349487	90480	10494.905406951904	81846	9.542440318302397	
-2062941.984348143	81.6625	10.090909090909092	165.33766233766235	103.44155844155844	-53.54130551922311	1131	3119	148	12.0	276.0	167.0	16	8.0	87.0	56.0	0	0	8.620013236999512	90560	10503.525420188904	81918	9.542844522968196	
-1263084.1908797522	82.425	10.1	165.5875	103.65	-53.54130551922311	1132	3119	133	14	276	167	31	9	112	71	0	0	9.769694328308105	90640	10513.295114517212	81993	9.539938217122682	
-1687997.6955554602	79.3375	9.974358974358974	162.2051282051282	101.64102564102564	-53.54130551922311	1133	3121	114	14.0	248.0	157.0	24	8.0	82.0	53.0	0	0	8.668674945831299	90720	10521.963789463043	82067	9.538139329806	
-1837947.6829382577	81.25	9.886075949367088	155.39240506329114	97.31645569620254	-53.54130551922311	1134	3122	126	12.0	210.0	129.0	31	8.0	99.0	64.0	0	0	8.45763635635376	90800	10530.421425819397	82140	9.537444933920696	
-1925344.893153015	76.2625	9.961538461538462	158.52564102564102	99.34615384615384	-53.54130551922311	1135	3124	104	18.0	291.0	190.0	31	9.0	99.0	64.0	0	0	7.869083404541016	90880	10538.290509223938	82212	9.537852112676063	
-2212865.9492407814	78.6875	10.026315789473685	165.18421052631578	103.27631578947368	-53.54130551922311	1136	3128	115	15.0	298.0	190.0	31	7.0	82.0	53.0	0	0	9.825530529022217	90960	10548.11603975296	82281	9.541556728232194	
-2100389.1819915147	79.8	9.922077922077921	158.67532467532467	99.37662337662337	-53.54130551922311	1137	3131	139	13.0	287.0	176.0	25	7.0	74.0	48.0	0	0	8.158416748046875	91040	10556.274456501007	82354	9.540861159929705	
-1975267.3848320707	80.8125	10.0	162.32467532467533	101.7012987012987	-53.54130551922311	1138	3134	148	13.0	247.0	155.0	16	8.0	96.0	62.0	0	0	7.730315446853638	91120	10564.00477194786	82425	9.542361720807719	
-1562880.929634808	75.7	9.96103896103896	157.7922077922078	98.8961038961039	-53.54130551922311	1139	3137	162	17.0	243.0	149.0	2	8.0	79.0	51.0	0	0	7.952616930007935	91200	10571.957388877869	82496	9.543859649122808	
-2162834.5394820087	73.35	9.909090909090908	159.58441558441558	99.79220779220779	-53.54130551922311	1140	3140	127	14.0	269.0	166.0	31	8.0	106.0	67.0	0	0	9.400376558303833	91280	10581.357765436172	82566	9.546450482033308	
-1525392.519097469	73.4125	9.91025641025641	157.34615384615384	98.5	-53.54130551922311	1141	3142	127	14.0	230.0	144.0	24	8.0	90.0	58.0	0	0	7.8017802238464355	91360	10589.159545660019	82639	9.545753064798603	
-1837883.7391431904	75.65	9.922077922077921	158.94805194805195	99.49350649350649	-53.54130551922311	1142	3145	155	13.0	253.0	154.0	9	8.0	99.0	64.0	0	0	7.825701713562012	91440	10596.985247373581	82710	9.547244094488192	
-2450298.3021586835	76.85	9.906666666666666	161.70666666666668	101.08	-53.54130551922311	1143	3150	137	13.0	329.0	200.0	22	8.0	79.0	51.0	0	0	8.982499599456787	91520	10605.967746973038	82780	9.549825174825173	
-1437953.8220117479	71.575	9.915492957746478	160.59154929577466	100.47887323943662	-53.54130551922311	1144	3159	155	13.0	266.0	164.0	9	8.0	98.0	63.0	0	0	7.877235651016235	91600	10613.844982624054	82847	9.5556768558952	
-1900338.853882917	79.9	10.102564102564102	160.2948717948718	100.43589743589743	-53.54123036729046	1145	3161	155	15.0	270.0	165.0	22	8.0	98.0	63.0	0	0	8.03459644317627	91680	10621.87957906723	82921	9.55388307155323	
-1950447.5305894767	86.1125	10.037974683544304	165.25316455696202	103.22784810126582	-53.54123036729046	1146	3162	155	12.0	292.0	180.0	22	8.0	87.0	56.0	0	0	8.690134763717651	91760	10630.569713830948	82995	9.552092414995641	
-2325424.062055449	76.95	10.175675675675675	164.6891891891892	103.16216216216216	-53.54123036729046	1147	3168	122	15.0	264.0	163.0	3	8.0	102.0	66.0	0	0	8.615332841873169	91840	10639.185046672821	83064	9.55574912891987	
-2000496.38053146	81.6375	10.266666666666667	170.32	106.42666666666666	-53.54123036729046	1148	3173	129	15.0	253.0	154.0	35	8.0	99.0	64.0	0	0	8.746608257293701	91920	10647.931654930115	83135	9.557223672758923	
-2200371.3166608685	84.5875	10.142857142857142	171.41558441558442	107.16883116883118	-53.54123036729046	1149	3176	138	15.0	384.0	237.0	26	8.0	87.0	56.0	0	0	8.790772914886475	92000	10656.722427845001	83208	9.556521739130432	
-1837860.9472554927	84.95	10.256410256410257	173.26923076923077	108.12820512820512	-53.54123036729046	1150	3178	161	14.0	293.0	180.0	3	8.0	79.0	51.0	0	0	9.367933988571167	92080	10666.090361833572	83282	9.554735013032143	
-1900318.7248324852	82.7875	10.090909090909092	174.97402597402598	108.88311688311688	-53.54123036729046	1151	3181	161	12.0	253.0	154.0	35	8.0	99.0	64.0	0	0	10.754652738571167	92160	10676.845014572144	83355	9.554036458333343	
-1962920.9222752913	83.3125	10.324675324675324	174.19480519480518	108.72727272727273	-53.54123036729046	1152	3184	134	16.0	253.0	154.0	14	9.0	117.0	76.0	0	0	9.014275074005127	92240	10685.859289646149	83428	9.55333911535125	
-2125420.935920988	85.125	10.063291139240507	169.40506329113924	105.77215189873418	-53.54123036729046	1153	3185	173	13.0	296.0	182.0	37	8.0	93.0	60.0	0	0	9.206453323364258	92320	10695.065742969513	83503	9.550476603119591	
-1775441.2074482318	87.375	10.233766233766234	172.62337662337663	107.76623376623377	-53.54123036729046	1154	3188	210	13.0	276.0	170.0	37	8.0	87.0	56.0	0	0	10.174222946166992	92400	10705.23996591568	83576	9.549783549783555	
-1625422.5009673408	87.5625	10.076923076923077	177.32051282051282	110.44871794871794	-53.54123036729046	1155	3190	141	15.0	368.0	225.0	34	8.0	99.0	64.0	0	0	9.541889429092407	92480	10714.781855344772	83650	9.548010380622841	
-1887859.436277946	85.05	10.0	160.21794871794873	100.26923076923077	-53.54123036729046	1156	3192	182	14.0	283.0	180.0	14	7.0	82.0	53.0	0	0	8.05422043800354	92560	10722.836075782776	83723	9.547320656871221	
-2337880.9550014692	91.225	9.8375	157.5625	98.525	-53.54123036729046	1157	3192	182	11	253	155	43	8	82	53	0	0	7.257932186126709	92640	10730.094007968903	83798	9.544473229706384	
-1600369.2649791013	88.275	9.909090909090908	164.8181818181818	102.94805194805195	-53.54123036729046	1158	3195	217	12.0	260.0	162.0	13	7.0	87.0	56.0	0	0	6.734058380126953	92720	10736.82806634903	83871	9.543787748058676	
-2575369.525706731	85.2375	9.946666666666667	159.77333333333334	100.09333333333333	-53.54123036729046	1159	3200	217	12.0	280.0	171.0	23	8.0	79.0	51.0	0	0	6.111381530761719	92800	10742.939447879791	83941	9.546336206896555	
-2950460.9226118186	83.3375	10.197368421052632	174.73684210526315	109.32894736842105	-53.54123036729046	1160	3204	179	13.0	320.0	207.0	16	8.0	87.0	56.0	0	0	6.339114189147949	92880	10749.27856206894	84013	9.546726959517656	
-2300358.970431904	82.0625	10.30379746835443	171.67088607594937	107.34177215189874	-53.54123036729046	1161	3205	128	12.0	256.0	158.0	36	8.0	111.0	70.0	0	0	6.588568210601807	92960	10755.867130279541	84088	9.543889845094668	
-2275459.1337732254	81.825	10.367088607594937	166.48101265822785	104.15189873417721	-53.54123036729046	1162	3206	146	13.0	302.0	185.0	18	8.0	90.0	58.0	0	0	6.596511363983154	93040	10762.463641643524	84162	9.542132416165089	
-1850494.6238760278	80.75	10.43421052631579	166.17105263157896	103.97368421052632	-53.54123036729046	1163	3210	138	17.0	280.0	173.0	13	8.0	79.0	51.0	0	0	6.478342294692993	93120	10768.941983938217	84230	9.546821305841917	
-2075355.4341190278	81.375	10.14102564102564	163.47435897435898	102.3076923076923	-53.54123036729046	1164	3212	138	13.0	302.0	186.0	26	8.0	80.0	52.0	0	0	6.414448261260986	93200	10775.356432199478	84304	9.545064377682394	
-1462897.5307274838	83.5125	10.23076923076923	170.14102564102564	106.3974358974359	-53.54123036729046	1165	3214	136	15.0	320.0	194.0	41	7.0	82.0	53.0	0	0	6.376607179641724	93280	10781.73303937912	84375	9.546526586620928	
-2212822.7657302865	83.025	10.10126582278481	165.60759493670886	103.64556962025317	-53.54123036729046	1166	3215	124	15.0	295.0	182.0	42	8.0	87.0	56.0	0	0	6.532299995422363	93360	10788.265339374542	84450	9.54370179948586	
-1987937.255776748	82.0375	10.240506329113924	170.70886075949366	106.56962025316456	-53.54123036729046	1167	3216	139	16.0	262.0	161.0	25	9.0	124.0	79.0	0	0	6.3762335777282715	93440	10794.64157295227	84523	9.543022260273972	
-2200245.0676516676	84.35	10.394736842105264	176.80263157894737	110.42105263157895	-53.54123036729046	1168	3220	151	13.0	270.0	168.0	31	8.0	80.0	52.0	0	0	7.042224168777466	93520	10801.683797121048	84595	9.543413173652695	
-1750363.8250981052	82.6875	10.307692307692308	176.42307692307693	110.0	-53.54123036729046	1169	3222	117	13.0	308.0	188.0	38	8.0	107.0	69.0	0	0	6.5479700565338135	93600	10808.231767177582	84669	9.541666666666671	
-2437860.4632885912	83.0875	10.448717948717949	171.55128205128204	107.3974358974359	-53.54123036729046	1170	3224	139	16.0	375.0	230.0	25	8.0	93.0	60.0	0	0	6.771692514419556	93680	10815.003459692001	84743	9.539923142613148	
-2325313.3027443266	82.225	10.168831168831169	169.12987012987014	105.63636363636364	-53.54123036729046	1171	3227	124	13.0	286.0	177.0	28	8.0	107.0	69.0	0	0	6.302261114120483	93760	10821.305720806122	84815	9.540315699658706	
-1512816.0732956824	81.5625	10.171052631578947	172.01315789473685	107.26315789473684	-53.54123036729046	1172	3231	144	13.0	297.0	186.0	20	8.0	132.0	83.0	0	0	6.210151672363281	93840	10827.515872478485	84886	9.541773231031542	
-2037915.5006332006	82.65	10.256410256410257	168.57692307692307	105.32051282051282	-53.54123036729046	1173	3233	142	13.0	262.0	163.0	22	8.0	98.0	63.0	0	0	6.9372289180755615	93920	10834.45310139656	84959	9.541098807495743	
-1887898.6249025823	84.0125	10.166666666666666	171.32051282051282	106.94871794871794	-53.54123036729046	1174	3235	142	14.0	386.0	231.0	24	8.0	84.0	54.0	0	0	6.566190958023071	94000	10841.019292354584	85030	9.542553191489361	
-2700312.1219944665	84.725	10.144736842105264	171.76315789473685	107.47368421052632	-53.54123036729046	1175	3239	183	13.0	407.0	259.0	15	8.0	123.0	78.0	0	0	6.449761152267456	94080	10847.469053506851	85102	9.542942176870753	
-1962884.570908605	82.275	9.957142857142857	163.44285714285715	102.21428571428571	-53.54123036729046	1176	3249	152	13.0	291.0	176.0	15	8.0	87.0	56.0	0	0	5.754443168640137	94160	10853.223496675491	85167	9.550764655904842	
-1662883.3607574743	82.225	10.126582278481013	171.37974683544303	107.0126582278481	-53.54123036729046	1177	3250	142	14.0	367.0	225.0	20	8.0	124.0	78.0	0	0	6.748289346694946	94240	10859.971786022186	85242	9.547962648556876	
-1650470.46250449	82.9125	10.038461538461538	162.28205128205127	101.73076923076923	-53.54123036729046	1178	3252	123	14.0	245.0	154.0	41	8.0	96.0	62.0	0	0	6.519786357879639	94320	10866.491572380066	85314	9.548346055979636	
-1987892.1177388765	82.0	10.205128205128204	165.01282051282053	103.58974358974359	-53.54123036729046	1179	3254	143	15.0	236.0	147.0	21	8.0	110.0	71.0	0	0	6.42546010017395	94400	10872.91703248024	85387	9.547669491525426	
-1575361.6894878815	80.9	9.961538461538462	161.0897435897436	100.91025641025641	-53.54123036729046	1180	3256	146	13.0	248.0	154.0	18	8.0	111.0	72.0	0	0	6.28803277015686	94480	10879.205065250397	85461	9.545935647756139	
-1737760.2691039417	81.025	9.924050632911392	157.62025316455697	98.62025316455696	-53.54123036729046	1181	3257	141	12.0	255.0	156.0	23	8.0	98.0	63.0	0	0	6.194498300552368	94560	10885.39956355095	85535	9.544204737732656	
-1350290.7113611498	80.7	10.03896103896104	156.05194805194805	97.64935064935065	-53.54123036729046	1182	3260	145	13.0	226.0	141.0	19	8.0	97.0	63.0	0	0	6.321680068969727	94640	10891.721243619919	85608	9.543533389687227	
-1625305.0465508965	80.375	9.91025641025641	159.82051282051282	100.2051282051282	-53.54123036729046	1183	3262	134	13.0	263.0	161.0	18	8.0	102.0	66.0	0	0	6.312528848648071	94720	10898.033772468567	85681	9.542863175675677	
-1850358.4727173143	80.0375	10.25974025974026	175.54545454545453	109.67532467532467	-53.54123036729046	1184	3265	134	15.0	301.0	182.0	21	8.0	95.0	61.0	0	0	6.851389408111572	94800	10904.885161876678	85753	9.543248945147681	
-1537820.486671584	76.7375	10.026315789473685	168.02631578947367	105.0	-53.54123036729046	1185	3269	102	13.0	248.0	155.0	21	8.0	115.0	74.0	0	0	6.248495817184448	94880	10911.133657693863	85823	9.545741989881947	
-2200302.4926925236	80.85	10.291139240506329	168.8987341772152	105.68354430379746	-53.54123036729046	1186	3270	132	14.0	340.0	211.0	32	8.0	85.0	55.0	0	0	6.796950101852417	94960	10917.930607795715	85898	9.542965459140689	
-1550496.2325447372	81.1875	10.05	168.4	105.2375	-53.54123036729046	1187	3270	123	13	313	193	41	8	82	53	0	0	6.658970594406128	95040	10924.589578390121	85974	9.539141414141412	
-1637847.667660863	81.7	10.192307692307692	169.96153846153845	106.1025641025641	-53.54123036729046	1188	3272	115	14.0	307.0	186.0	49	9.0	121.0	77.0	0	0	6.858876943588257	95120	10931.44845533371	86047	9.538477712363331	
-2200356.0799199347	82.0	10.20253164556962	173.39240506329114	108.16455696202532	-53.54123036729046	1189	3273	119	14.0	304.0	186.0	45	8.0	127.0	80.0	0	0	6.79477071762085	95200	10938.24322605133	86121	9.536764705882348	
-2587801.713799492	82.0	10.35897435897436	171.48717948717947	107.26923076923077	-53.54123036729046	1190	3275	125	15.0	324.0	205.0	39	9.0	128.0	82.0	0	0	6.474064826965332	95280	10944.717290878296	86194	9.536104114189754	
-2062843.1702451482	82.0	10.08860759493671	166.9240506329114	104.34177215189874	-53.54122910950281	1191	3276	129	13.0	242.0	152.0	35	8.0	79.0	51.0	0	0	6.458322048187256	95360	10951.175612926483	86269	9.533347315436245	
-2450303.006261516	80.5625	10.177215189873417	166.26582278481013	104.0886075949367	-53.54122910950281	1192	3277	147	15.0	323.0	205.0	17	7.0	74.0	48.0	0	0	6.7103776931762695	95440	10957.88599061966	86344	9.53059513830678	
-2550405.1448991494	82.2875	10.177215189873417	166.83544303797467	104.30379746835443	-53.54122910950281	1193	3278	147	13.0	315.0	196.0	32	8.0	87.0	56.0	0	0	6.664532423019409	95520	10964.550523042679	86417	9.529941373534328	
-1412861.7410674412	81.1	10.253164556962025	172.27848101265823	107.58227848101266	-53.54122910950281	1194	3279	151	14.0	269.0	171.0	13	8.0	87.0	56.0	0	0	6.651876449584961	95600	10971.202399492264	86491	9.528242677824267	
-1850352.6018584804	83.25	10.240506329113924	164.31645569620252	102.73417721518987	-53.54122910950281	1195	3280	157	16.0	286.0	177.0	7	8.0	87.0	56.0	0	0	6.752396583557129	95680	10977.954796075821	86566	9.525501672240793	
-2312816.956237613	82.4375	10.12987012987013	166.8961038961039	104.32467532467533	-53.54122910950281	1196	3283	153	14.0	267.0	163.0	11	8.0	98.0	63.0	0	0	6.297347545623779	95760	10984.252143621445	86638	9.525898078529664	
-1437859.9406451914	84.8	10.441558441558442	174.44155844155844	109.0	-53.54122910950281	1197	3286	153	20.0	305.0	194.0	14	9.0	99.0	64.0	0	0	6.736277341842651	95840	10990.988420963287	86711	9.525250417362273	
-2387799.724845928	82.725	10.307692307692308	173.85897435897436	108.5	-53.54122910950281	1198	3288	150	14.0	340.0	211.0	17	9.0	102.0	66.0	0	0	7.443173408508301	95920	10998.431594371796	86785	9.523561301084243	
-2162800.4638738963	82.9375	10.253333333333334	176.89333333333335	110.38666666666667	-53.54122910950281	1199	3293	169	15.0	324.0	195.0	31	8.0	99.0	64.0	0	0	6.592330694198608	96000	11005.023925065994	86855	9.526041666666657	
-2425335.218685628	82.2	10.215189873417721	170.1012658227848	106.45569620253164	-53.54122910950281	1200	3294	129	16.0	329.0	207.0	35	8.0	101.0	65.0	0	0	6.535146713256836	96080	11011.559071779251	86929	9.524354704412985	
-2263002.907763146	83.7625	10.128205128205128	166.76923076923077	104.44871794871794	-53.54122910950281	1201	3296	142	14.0	325.0	199.0	22	8.0	87.0	56.0	0	0	6.525822877883911	96160	11018.084894657135	87003	9.52267054908485	
-2687816.272798986	82.325	10.272727272727273	166.3116883116883	104.31168831168831	-53.54122910950281	1202	3299	167	17.0	278.0	172.0	23	8.0	87.0	56.0	0	0	6.590502738952637	96240	11024.675397396088	87075	9.523067331670816	
-1800558.747226324	78.925	10.319444444444445	169.98611111111111	106.43055555555556	-53.54122910950281	1203	3307	137	16.0	292.0	185.0	17	8.0	103.0	66.0	0	0	6.348618030548096	96320	11031.024015426636	87142	9.528654485049842	
-2775484.5131551987	80.5875	10.116883116883116	160.44155844155844	100.6103896103896	-53.54122910950281	1204	3310	131	15.0	261.0	166.0	27	8.0	79.0	51.0	0	0	6.209423303604126	96400	11037.23343873024	87215	9.528008298755182	
-2125359.949482784	85.1125	10.063291139240507	168.69620253164558	105.26582278481013	-53.54122910950281	1205	3311	136	16.0	308.0	190.0	28	8.0	98.0	63.0	0	0	6.6006739139556885	96480	11043.834112644196	87290	9.525290215588726	
-1862993.6532577693	84.3	10.220779220779221	179.45454545454547	111.8961038961039	-53.54122910950281	1206	3314	136	14.0	363.0	225.0	38	7.0	90.0	58.0	0	0	7.029917478561401	96560	11050.864030122757	87363	9.524647887323951	
-1900393.3982677348	79.8375	9.818181818181818	166.7922077922078	104.33766233766234	-53.54122910950281	1207	3317	118	14.0	309.0	187.0	35	7.0	90.0	58.0	0	0	6.65217137336731	96640	11057.516201496124	87436	9.524006622516552	
-2087789.4504379376	82.8125	10.090909090909092	169.23376623376623	105.72727272727273	-53.54122910950281	1208	3320	138	14.0	304.0	186.0	12	8.0	79.0	51.0	0	0	6.723235368728638	96720	11064.239436864853	87508	9.524400330851947	
-2312967.2764133066	79.8	10.0	163.84810126582278	102.56962025316456	-53.54122910950281	1209	3321	129	13.0	333.0	206.0	24	8.0	79.0	51.0	0	0	6.162244081497192	96800	11070.40168094635	87582	9.522727272727266	
-2287911.9261330334	77.3125	10.126582278481013	164.9873417721519	102.92405063291139	-53.54122910950281	1210	3322	127	15.0	386.0	231.0	29	7.0	79.0	51.0	0	0	6.5641725063323975	96880	11076.965853452682	87657	9.520024772914951	
-2525381.619650323	80.175	10.076923076923077	166.48717948717947	104.11538461538461	-53.54122910950281	1211	3324	150	13.0	249.0	155.0	14	8.0	99.0	64.0	0	0	6.553048133850098	96960	11083.518901586533	87730	9.51938943894389	
-1763010.5515761874	83.7	10.328947368421053	169.8815789473684	106.11842105263158	-53.54122910950281	1212	3328	151	14.0	296.0	179.0	32	8.0	88.0	57.0	0	0	6.6948418617248535	97040	11090.213743448257	87801	9.520816158285243	
-2462834.1953967726	81.525	10.131578947368421	170.31578947368422	106.27631578947368	-53.54122910950281	1213	3332	132	13.0	261.0	159.0	24	8.0	100.0	64.0	0	0	6.610321044921875	97120	11096.82406449318	87873	9.521210873146629	
-2150356.273201192	78.55	10.157894736842104	170.76315789473685	106.59210526315789	-53.54122910950281	1214	3336	127	15.0	370.0	225.0	14	8.0	79.0	51.0	0	0	6.4185497760772705	97200	11103.242614269257	87945	9.521604938271594	
-2075370.8603221185	86.525	10.177215189873417	167.9240506329114	104.79746835443038	-53.54122910950281	1215	3337	144	13.0	370.0	225.0	20	8.0	85.0	55.0	0	0	6.617147207260132	97280	11109.859761476517	88018	9.520970394736835	
-1812898.6287938498	88.35	10.126582278481013	176.2405063291139	109.84810126582279	-53.54122910950281	1216	3338	144	14.0	370.0	225.0	25	8.0	93.0	60.0	0	0	6.576728105545044	97360	11116.436489582062	88090	9.521364009860307	
-1925310.805239468	83.525	10.278481012658228	166.43037974683546	104.15189873417721	-53.54122910950281	1217	3339	141	15.0	306.0	194.0	23	8.0	99.0	64.0	0	0	6.486901760101318	97440	11122.923391342163	88163	9.520730706075526	
-2175378.7347179013	84.55	10.179487179487179	168.98717948717947	105.52564102564102	-53.54122910950281	1218	3341	139	12.0	269.0	166.0	25	8.0	99.0	64.0	0	0	6.710391521453857	97520	11129.633782863617	88237	9.519073010664485	
-1712820.409691594	84.8	10.144736842105264	171.3421052631579	106.97368421052632	-53.54122910950281	1219	3345	161	14.0	296.0	186.0	10	8.0	87.0	56.0	0	0	6.334357500076294	97600	11135.968140363693	88308	9.520491803278688	
-1612891.248343864	84.8	10.192307692307692	165.78205128205127	103.38461538461539	-53.54122910950281	1220	3347	159	16.0	303.0	189.0	32	9.0	99.0	64.0	0	0	6.537803888320923	97680	11142.505944252014	88381	9.51986076986077	
-1500324.2500362527	86.25	10.220779220779221	168.71428571428572	105.20779220779221	-53.54122910950281	1221	3350	155	13.0	250.0	155.0	9	8.0	87.0	56.0	0	0	6.704078435897827	97760	11149.210022687912	88454	9.519230769230774	
-1562954.0938159912	86.2	10.025	161.925	101.15	-53.54122910950281	1222	3350	143	12	224	137	39	8	87	56	0	0	6.623525142669678	97840	11155.833547830582	88528	9.51757972199509	
-2562979.7354593175	86.3	10.30379746835443	162.13924050632912	101.45569620253164	-53.54122910950281	1223	3351	166	13.0	311.0	194.0	55	9.0	99.0	64.0	0	0	6.895334243774414	97920	11162.728882074356	88603	9.51491013071896	
-1887997.478932403	85.8375	10.166666666666666	164.96153846153845	103.17948717948718	-53.54122910950281	1224	3353	186	13.0	316.0	193.0	21	7.0	82.0	53.0	0	0	6.486904144287109	98000	11169.215786218643	88676	9.51428571428572	
-2187787.1777151786	83.5875	10.076923076923077	167.10256410256412	104.3974358974359	-53.53719618913404	1225	3355	178	14.0	290.0	180.0	29	8.0	87.0	56.0	0	0	6.281758069992065	98080	11175.497544288635	88750	9.51264274061991	
-2687830.5757386787	81.6625	10.037974683544304	158.65822784810126	99.26582278481013	-53.53719618913404	1226	3356	129	16.0	339.0	205.0	20	7.0	82.0	53.0	0	0	6.455484390258789	98160	11181.953028678894	88825	9.509983700081506	
-2325302.3818054576	82.9625	10.35064935064935	175.33766233766235	109.33766233766234	-53.53719618913404	1227	3359	139	16.0	346.0	212.0	25	8.0	99.0	64.0	0	0	6.641389846801758	98240	11188.594418525696	88898	9.509364820846912	
-2800308.0442204056	81.8875	10.227848101265822	165.2405063291139	103.44303797468355	-53.53719618913404	1228	3360	100	15.0	386.0	237.0	54	7.0	82.0	53.0	0	0	6.720211982727051	98320	11195.314630508423	88972	9.507729861676168	
-2362839.528857497	83.225	10.125	166.2625	104.1625	-53.53719618913404	1229	3360	112	14	264	165	52	8	101	65	0	0	6.29065728187561	98400	11201.605287790298	89047	9.505081300813018	
-2037862.5724954507	83.6375	9.987341772151899	163.2405063291139	102.07594936708861	-53.53719618913404	1230	3361	135	13.0	256.0	161.0	23	7.0	90.0	58.0	0	0	6.530047178268433	98480	11208.135334968567	89122	9.502437043054428	
-1987891.3725324303	80.6375	10.103896103896103	164.54545454545453	102.8051948051948	-53.53719618913404	1231	3364	127	14.0	277.0	168.0	37	8.0	87.0	56.0	0	0	6.299312353134155	98560	11214.434647321701	89195	9.501826298701303	
-1687876.8279940053	82.75	10.226666666666667	167.24	104.56	-53.53719618913404	1232	3369	139	15.0	309.0	193.0	25	8.0	96.0	62.0	0	0	6.4255499839782715	98640	11220.86019730568	89266	9.503244120032434	
-2637772.991129269	83.2375	10.179487179487179	165.06410256410257	103.11538461538461	-53.53719618913404	1233	3371	115	15.0	345.0	211.0	65	8.0	85.0	55.0	0	0	6.687109470367432	98720	11227.547306776047	89340	9.50162074554295	
-1950402.206038726	82.0	10.064935064935066	162.63636363636363	101.71428571428571	-53.53719618913404	1234	3374	127	13.0	328.0	201.0	37	8.0	99.0	64.0	0	0	5.978734493255615	98800	11233.526041269302	89412	9.502024291497975	
-2550268.8087864155	82.6625	10.126582278481013	160.1139240506329	100.31645569620254	-53.53719618913404	1235	3375	127	13.0	244.0	155.0	46	9.0	99.0	64.0	0	0	6.267416715621948	98880	11239.793457984924	89486	9.500404530744333	
-2650342.9438727475	82.1125	10.0625	162.5	101.7625	-53.53719618913404	1236	3375	124	12	253	154	40	8	87	56	0	0	6.324527740478516	98960	11246.117985725403	89561	9.497776879547288	
-2612913.6408818085	81.975	10.256410256410257	166.8846153846154	104.5	-53.53719618913404	1237	3377	121	13.0	388.0	235.0	43	8.0	93.0	60.0	0	0	6.363354921340942	99040	11252.481340646744	89632	9.499192245557353	
-2225412.237959233	82.0	10.077922077922079	167.57142857142858	104.7012987012987	-53.53719618913404	1238	3380	149	12.0	388.0	235.0	15	8.0	87.0	56.0	0	0	6.384551763534546	99120	11258.865892410278	89701	9.502623083131553	
-1687962.392952133	78.65	10.108108108108109	165.7027027027027	103.60810810810811	-53.53719618913404	1239	3386	126	13.0	302.0	186.0	15	8.0	85.0	55.0	0	0	6.018600225448608	99200	11264.884492635727	89770	9.506048387096783	
-1912876.239119169	82.0625	10.151898734177216	168.126582278481	105.12658227848101	-53.53719618913404	1240	3387	127	13.0	286.0	177.0	37	8.0	87.0	56.0	0	0	6.63128924369812	99280	11271.515781879425	89845	9.50342465753424	
-2025447.5306039304	82.475	10.246753246753247	166.98701298701297	104.50649350649351	-53.53719618913404	1241	3390	133	14.0	316.0	193.0	31	7.0	87.0	56.0	0	0	6.417642116546631	99360	11277.933423995972	89918	9.502818035426728	
-1588113.8303885884	81.5375	10.131578947368421	172.8815789473684	107.84210526315789	-53.53719618913404	1242	3394	143	13.0	316.0	193.0	21	8.0	85.0	55.0	0	0	6.330938339233398	99440	11284.264362335205	89990	9.503218020917132	
-2012911.4623186127	82.225	10.329113924050633	171.36708860759492	107.20253164556962	-53.53719618913404	1243	3395	139	15.0	295.0	188.0	25	8.0	87.0	56.0	0	0	7.086048603057861	99520	11291.350410938263	90065	9.500602893890672	
-2312828.756637708	83.225	10.430379746835444	173.0126582278481	108.18987341772151	-53.53719618913404	1244	3396	131	17.0	341.0	211.0	53	8.0	87.0	56.0	0	0	6.454633474349976	99600	11297.805044412613	90139	9.498995983935743	
-2250326.8379010027	82.0	10.266666666666667	170.58666666666667	106.45333333333333	-53.53719618913404	1245	3401	149	15.0	286.0	176.0	15	8.0	106.0	67.0	0	0	6.204272747039795	99680	11304.009317159653	90209	9.50140449438203	
-1850372.2482124423	82.25	10.1625	163.3125	102.125	-53.53719618913404	1246	3401	112	13	266	161	52	8	87	56	0	0	6.482385635375977	99760	11310.491702795029	90285	9.497794707297516	
-1412848.4868554876	82.325	10.139240506329115	168.54430379746836	105.18987341772151	-53.53719618913404	1247	3402	130	13.0	270.0	165.0	47	9.0	99.0	64.0	0	0	6.161999940872192	99840	11316.6537027359	90360	9.495192307692307	
-2350462.539072156	82.0	10.177215189873417	169.36708860759492	105.73417721518987	-53.53719618913404	1248	3403	109	13.0	407.0	245.0	55	8.0	87.0	56.0	0	0	6.933655261993408	99920	11323.587357997894	90434	9.493594875900726	
-2037955.1979402818	81.9375	10.16	173.08	107.94666666666667	-53.53719618913404	1249	3408	144	15.0	316.0	193.0	20	8.0	93.0	60.0	0	0	6.191331386566162	100000	11329.77868938446	90505	9.495000000000005	
-1975394.269182698	81.675	9.935064935064934	169.06493506493507	105.40259740259741	-53.53719618913404	1250	3411	141	13.0	316.0	193.0	23	8.0	79.0	51.0	0	0	6.212155342102051	100080	11335.990844726562	90577	9.495403677058363	
-1313008.8140519361	79.3625	10.217948717948717	176.32051282051282	110.0	-53.53719618913404	1251	3413	154	17.0	520.0	321.0	10	8.0	101.0	65.0	0	0	6.438353061676025	100160	11342.429197788239	90651	9.493809904153352	
-2012820.2102755145	78.7	10.243589743589743	174.69230769230768	108.73076923076923	-53.53719618913404	1252	3415	121	13.0	268.0	166.0	33	8.0	82.0	53.0	0	0	6.497662544250488	100240	11348.926860332489	90724	9.493216280925779	
-1512796.6382195288	78.325	10.090909090909092	170.94805194805195	106.51948051948052	-53.53719618913404	1253	3418	125	13.0	301.0	182.0	33	8.0	87.0	56.0	0	0	6.648977756500244	100320	11355.57583808899	90796	9.493620414673046	
-2025342.4294385829	80.8125	10.08974358974359	169.83333333333334	105.8974358974359	-53.53719618913404	1254	3420	134	13.0	301.0	182.0	30	8.0	84.0	54.0	0	0	6.497649908065796	100400	11362.073487997055	90870	9.492031872509969	
-1962802.18766158	79.025	10.225	174.4625	108.6875	-53.53719618913404	1255	3420	137	14	325	196	27	9	112	72	0	0	6.7658233642578125	100480	11368.839311361313	90945	9.489450636942678	
-1400270.32105039	81.05	10.217948717948717	175.94871794871796	109.75641025641026	-53.53719618913404	1256	3422	152	13.0	339.0	207.0	12	10.0	121.0	78.0	0	0	6.729800224304199	100560	11375.569111585617	91019	9.487867939538589	
-1937817.729004763	81.775	10.307692307692308	172.24358974358975	107.55128205128206	-53.53719618913404	1257	3424	128	14.0	301.0	182.0	36	8.0	103.0	66.0	0	0	6.543665409088135	100640	11382.112776994705	91093	9.486287758346577	
-1850325.8790532765	83.05	10.468354430379748	177.37974683544303	110.51898734177215	-53.53719618913404	1258	3425	144	17.0	357.0	219.0	20	8.0	113.0	73.0	0	0	7.217535018920898	100720	11389.330312013626	91168	9.483717235901509	
-1562835.0633372823	81.925	9.987012987012987	163.46753246753246	102.05194805194805	-53.53719618913404	1259	3428	153	12.0	261.0	161.0	11	8.0	79.0	51.0	0	0	5.8624982833862305	100800	11395.192810297012	91239	9.485119047619051	
-2025295.3255005046	80.975	10.131578947368421	167.42105263157896	104.51315789473684	-53.53719618913404	1260	3432	150	14.0	348.0	209.0	11	8.0	87.0	56.0	0	0	6.170696496963501	100880	11401.363506793976	91310	9.486518636003169	
-2087885.1724430316	82.65	10.194805194805195	160.14285714285714	100.37662337662337	-53.53719618913404	1261	3435	121	14.0	268.0	164.0	42	8.0	79.0	51.0	0	0	6.292837142944336	100960	11407.65634393692	91383	9.485935023771788	
-2262923.5242447197	81.775	10.139240506329115	167.68354430379748	104.84810126582279	-53.53719618913404	1262	3436	139	18.0	268.0	166.0	25	8.0	98.0	63.0	0	0	6.415503263473511	101040	11414.071847200394	91457	9.484362628661913	
-2737845.420148586	82.7125	10.337662337662337	174.63636363636363	108.87012987012987	-53.53719618913404	1263	3439	156	14.0	318.0	193.0	7	8.0	87.0	56.0	0	0	7.335713863372803	101120	11421.407561063766	91530	9.483781645569621	
-1962701.015171261	81.725	10.558441558441558	181.58441558441558	113.23376623376623	-53.53719618913404	1264	3442	160	15.0	433.0	268.0	37	8.0	98.0	63.0	0	0	6.8154120445251465	101200	11428.222973108292	91602	9.484189723320156	
-2037942.2374688685	81.325	9.855263157894736	161.31578947368422	101.03947368421052	-53.53719618913404	1265	3446	161	14.0	308.0	188.0	24	8.0	87.0	56.0	0	0	6.077223539352417	101280	11434.300196647644	91673	9.485584518167457	
-1962843.021124465	80.0125	9.74025974025974	155.97402597402598	97.76623376623377	-53.53719618913404	1266	3449	110	12.0	253.0	154.0	41	7.0	74.0	48.0	0	0	5.922783136367798	101360	11440.222979784012	91746	9.485003946329911	
-1725341.1742844377	81.1625	9.805194805194805	162.41558441558442	101.54545454545455	-53.53719618913404	1267	3452	155	15.0	307.0	186.0	33	7.0	74.0	48.0	0	0	6.050283193588257	101440	11446.2732629776	91817	9.486395899053619	
-3075387.733064366	79.675	9.794871794871796	157.32051282051282	98.34615384615384	-53.53719618913404	1268	3454	143	13.0	275.0	168.0	17	7.0	74.0	48.0	0	0	6.764205455780029	101520	11453.03746843338	91891	9.484830575256112	
-2387864.3468719586	84.2875	9.756410256410257	156.23076923076923	97.87179487179488	-53.53719618913404	1269	3456	140	14.0	275.0	168.0	24	7.0	74.0	48.0	0	0	6.042241811752319	101600	11459.079710245132	91963	9.485236220472444	
-2462867.778915668	85.0125	10.0	164.93421052631578	103.0657894736842	-53.53719618913404	1270	3460	140	13.0	260.0	160.0	26	7.0	74.0	48.0	0	0	5.816300868988037	101680	11464.89601111412	92032	9.488591660110146	
-2137917.7453341773	83.5625	9.948051948051948	163.4025974025974	102.15584415584415	-53.53719618913404	1271	3463	192	13.0	268.0	166.0	7	8.0	79.0	51.0	0	0	6.18900465965271	101760	11471.085015773773	92104	9.48899371069183	
-2362997.2960301326	89.5125	10.192307692307692	170.15384615384616	106.35897435897436	-53.53719618913404	1272	3465	192	14.0	530.0	315.0	28	8.0	87.0	56.0	0	0	6.62625527381897	101840	11477.711271047592	92178	9.487431264728983	
-2262863.567753352	89.1125	10.0625	162.2	101.45	-53.53719618913404	1273	3465	192	14	319	194	43	8	87	56	0	0	6.998745441436768	101920	11484.710016489029	92253	9.484890109890102	
-2462882.770641912	86.1125	10.05	164.9875	103.1875	-53.53719618913404	1274	3465	239	13	282	178	22	8	87	56	0	0	6.8364036083221436	102000	11491.546420097351	92329	9.48137254901961	
-1650478.73984944	88.5	10.14102564102564	164.62820512820514	103.24358974358974	-53.53719618913404	1275	3467	215	13.0	266.0	169.0	19	8.0	87.0	56.0	0	0	6.453577280044556	102080	11497.999997377396	92403	9.479819749216304	
-2587867.519194803	82.15	10.113924050632912	159.83544303797467	100.15189873417721	-53.53719618913404	1276	3468	115	14.0	322.0	200.0	49	8.0	95.0	61.0	0	0	6.321951389312744	102160	11504.321948766708	92478	9.477290524667197	
-1962988.7595246695	82.0	10.223684210526315	173.47368421052633	108.40789473684211	-53.53719618913404	1277	3472	148	15.0	392.0	235.0	16	8.0	95.0	61.0	0	0	6.473029851913452	102240	11510.794978618622	92550	9.477699530516432	
-1937889.2454527342	82.275	10.139240506329115	168.0379746835443	105.0379746835443	-53.53719618913404	1278	3473	135	13.0	379.0	235.0	34	8.0	87.0	56.0	0	0	6.9168455600738525	102320	11517.711824178696	92625	9.475175918686475	
-1975402.25480736	81.525	10.189873417721518	171.40506329113924	106.87341772151899	-53.53719618913404	1279	3474	134	14.0	320.0	193.0	30	7.0	82.0	53.0	0	0	6.39566707611084	102400	11524.107491254807	92700	9.47265625	
-2775532.981610946	83.9	10.102564102564102	165.74358974358975	103.67948717948718	-53.53719618913404	1280	3476	132	14.0	314.0	190.0	33	8.0	87.0	56.0	0	0	6.52202296257019	102480	11530.629514217377	92774	9.471116315378609	
-1875304.6702509262	81.0875	10.273972602739725	170.7123287671233	106.43835616438356	-53.53719618913404	1281	3483	132	15.0	291.0	182.0	33	8.0	99.0	64.0	0	0	6.0797765254974365	102560	11536.709290742874	92842	9.475429017160693	
-1700369.5353417173	88.0	10.197368421052632	176.46052631578948	109.89473684210526	-53.53719618913404	1282	3487	143	13.0	285.0	173.0	33	8.0	82.0	53.0	0	0	6.369299650192261	102640	11543.078590393066	92914	9.475837879968822	
-2062836.468183177	84.075	10.192307692307692	167.97435897435898	104.98717948717949	-53.53719618913404	1283	3489	146	13.0	337.0	209.0	18	7.0	82.0	53.0	0	0	6.706397771835327	102720	11549.784988164902	92988	9.474299065420567	
-1737879.4326784376	81.975	10.142857142857142	168.03896103896105	104.8961038961039	-53.53719618913404	1284	3492	135	14.0	336.0	205.0	29	8.0	99.0	64.0	0	0	6.565508604049683	102800	11556.350496768951	93060	9.474708171206231	
-2375336.0488773	83.25	10.316455696202532	174.43037974683546	108.78481012658227	-53.53719618913404	1285	3493	143	15.0	382.0	236.0	21	8.0	87.0	56.0	0	0	6.746156930923462	102880	11563.096653699875	93135	9.472200622083989	
-2237761.6902179355	82.325	10.076923076923077	163.10256410256412	102.02564102564102	-53.53719618913404	1286	3495	121	13.0	250.0	154.0	43	8.0	93.0	60.0	0	0	6.289100408554077	102960	11569.385754108429	93209	9.470668220668216	
-1687961.5622804114	81.7125	10.189873417721518	165.31645569620252	103.48101265822785	-53.53719618913404	1287	3496	133	16.0	310.0	191.0	31	8.0	88.0	57.0	0	0	6.402500629425049	103040	11575.788254737854	93283	9.469138198757761	
-2362886.403742197	78.4625	10.14102564102564	169.73076923076923	106.15384615384616	-53.53719618913404	1288	3498	131	15.0	272.0	168.0	19	8.0	90.0	58.0	0	0	7.002053260803223	103120	11582.790307998657	93357	9.467610550814584	
-2637875.1652022237	80.8875	10.051282051282051	165.35897435897436	103.44871794871794	-53.53719618913404	1289	3500	123	13.0	287.0	176.0	19	8.0	84.0	54.0	0	0	6.352214097976685	103200	11589.142522096634	93429	9.468023255813947	
-2737907.249929644	81.5875	10.265822784810126	175.70886075949366	109.72151898734177	-53.53719618913404	1290	3501	135	13.0	328.0	200.0	29	8.0	99.0	64.0	0	0	6.633347272872925	103280	11595.775869369507	93502	9.467467079783106	
-1862892.6328523778	78.8375	10.064102564102564	165.83333333333334	103.74358974358974	-53.53719618913404	1291	3503	144	14.0	331.0	200.0	26	8.0	84.0	54.0	0	0	6.635229825973511	103360	11602.41109919548	93575	9.466911764705884	
-2375389.7415051823	80.475	10.118421052631579	170.18421052631578	106.4342105263158	-53.53719618913404	1292	3507	137	13.0	314.0	193.0	27	8.0	96.0	62.0	0	0	6.196149110794067	103440	11608.607248306274	93646	9.46829079659706	
-2600357.8680151766	80.95	10.35897435897436	171.39743589743588	107.11538461538461	-53.53719618913404	1293	3509	132	17.0	310.0	189.0	32	9.0	110.0	71.0	0	0	7.209131479263306	103520	11615.816379785538	93720	9.466769706336947	
-2050521.3060423553	82.0125	10.063291139240507	167.84810126582278	104.9620253164557	-53.53719618913404	1294	3510	132	13.0	284.0	174.0	32	8.0	90.0	58.0	0	0	6.6016528606414795	103600	11622.41803264618	93794	9.46525096525096	
-2500458.737627742	82.5875	10.116883116883116	167.3116883116883	104.36363636363636	-53.53719618913404	1295	3513	137	13.0	261.0	164.0	32	8.0	95.0	61.0	0	0	6.343060255050659	103680	11628.76109290123	93867	9.464699074074076	
-2050415.3932821932	81.025	10.294871794871796	172.8846153846154	107.93589743589743	-53.53719618913404	1296	3515	107	14.0	342.0	211.0	42	8.0	99.0	64.0	0	0	6.562759876251221	103760	11635.323852777481	93940	9.464148033924431	
-2187927.9204012416	83.225	10.155844155844155	171.12987012987014	106.93506493506493	-53.53719618913404	1297	3518	147	14.0	342.0	211.0	17	8.0	99.0	64.0	0	0	6.289456844329834	103840	11641.613309621811	94013	9.463597842835142	
-1813007.3069229934	83.725	10.064102564102564	171.01282051282053	106.73076923076923	-53.53719618913404	1298	3520	153	13.0	342.0	211.0	11	8.0	87.0	56.0	0	0	6.985960245132446	103920	11648.599269866943	94086	9.463048498845268	
-2525447.6307217344	83.8875	10.265822784810126	169.77215189873417	106.12658227848101	-53.53719618913404	1299	3521	153	14.0	342.0	211.0	14	7.0	82.0	53.0	0	0	6.5542378425598145	104000	11655.153507709503	94161	9.460576923076928	
-1487840.5726764873	85.3	10.207792207792208	175.16883116883116	109.45454545454545	-53.53719618913404	1300	3524	227	13.0	342.0	211.0	4	8.0	95.0	61.0	0	0	6.067361831665039	104080	11661.220869541168	94234	9.460030745580326	
-2063018.3981730356	82.0875	10.15	170.075	106.2875	-53.53719618913404	1301	3524	123	12	342	211	41	8	91	59	0	0	6.522191524505615	104160	11667.743061065674	94309	9.457565284178187	
-2225367.9161551455	82.0125	10.24	175.68	109.72	-53.53719618913404	1302	3529	150	15.0	342.0	211.0	14	8.0	87.0	56.0	0	0	6.15194034576416	104240	11673.895001411438	94380	9.458940905602446	
-2362846.309684099	84.6125	10.31578947368421	177.4078947368421	110.75	-53.53719618913404	1303	3533	144	15.0	342.0	211.0	20	8.0	93.0	60.0	0	0	7.362817287445068	104320	11681.257818698883	94452	9.459355828220865	
-2062823.476515901	81.7625	10.213333333333333	173.18666666666667	108.22666666666667	-53.53719618913404	1304	3538	140	16.0	332.0	201.0	20	8.0	87.0	56.0	0	0	6.368460655212402	104400	11687.626279354095	94523	9.460727969348653	
-2200297.9188378905	80.7375	10.103896103896103	167.37662337662337	104.8051948051948	-53.53719618913404	1305	3541	140	14.0	356.0	215.0	24	8.0	82.0	53.0	0	0	6.243058443069458	104480	11693.869337797165	94596	9.460183767228187	
-2612938.605365627	83.0375	10.038461538461538	161.96153846153845	101.32051282051282	-53.53719618913404	1306	3543	151	14.0	320.0	200.0	26	8.0	82.0	53.0	0	0	6.377500534057617	104560	11700.246838331223	94669	9.459640397857697	
-1762863.077735614	81.2625	9.924050632911392	157.74683544303798	98.68354430379746	-53.53719618913404	1307	3544	155	13.0	253.0	160.0	9	8.0	82.0	53.0	0	0	6.34894585609436	104640	11706.595784187317	94744	9.457186544342505	
-1925352.4595913491	80.55	10.077922077922079	163.53246753246754	102.37662337662337	-53.53719618913404	1308	3547	155	15.0	258.0	164.0	9	9.0	99.0	64.0	0	0	6.273995399475098	104720	11712.869779586792	94816	9.457601222307105	
-2350291.4898411976	82.4625	10.256756756756756	171.1891891891892	107.0945945945946	-53.53719618913404	1309	3553	155	14.0	308.0	190.0	16	8.0	99.0	64.0	0	0	6.563482761383057	104800	11719.433262348175	94886	9.459923664122144	
-1750296.6924587619	83.4625	10.051282051282051	163.19230769230768	102.07692307692308	-53.53719618913404	1310	3555	152	13.0	386.0	231.0	12	8.0	106.0	68.0	0	0	6.360399007797241	104880	11725.793661355972	94959	9.459382151029743	
-2212813.5643847007	88.1	10.384615384615385	176.0	109.98717948717949	-53.53719618913404	1311	3557	152	16.0	366.0	232.0	34	9.0	98.0	63.0	0	0	6.3682475090026855	104960	11732.161908864975	95032	9.458841463414629	
-1887947.5472539538	88.5875	10.217948717948717	171.0	106.53846153846153	-53.53719618913404	1312	3559	172	15.0	295.0	181.0	22	8.0	91.0	59.0	0	0	6.508355617523193	105040	11738.670264482498	95106	9.457349581111956	
-2000354.2640780576	83.275	10.0	166.64473684210526	104.19736842105263	-53.53719618913404	1313	3563	145	13.0	331.0	201.0	17	7.0	82.0	53.0	0	0	6.706763029098511	105120	11745.377027511597	95178	9.457762557077615	
-1812852.9805839479	86.125	10.133333333333333	176.2	109.97333333333333	-53.53719618913404	1314	3568	144	14.0	315.0	191.0	20	8.0	87.0	56.0	0	0	6.507506847381592	105200	11751.884534358978	95248	9.460076045627375	
-2162876.585142293	84.6375	10.115384615384615	165.93589743589743	103.7948717948718	-53.53719618913404	1315	3570	119	13.0	341.0	207.0	3	8.0	85.0	55.0	0	0	6.391308307647705	105280	11758.275842666626	95322	9.45858662613982	
-2400358.7432886297	81.2375	10.025641025641026	163.43589743589743	102.32051282051282	-53.53719618913404	1316	3572	163	13.0	281.0	176.0	35	8.0	87.0	56.0	0	0	6.256991386413574	105360	11764.53283405304	95395	9.45804859529234	
-2025310.6500652216	80.9625	10.135135135135135	170.02702702702703	106.29729729729729	-53.53719618913404	1317	3578	140	13.0	253.0	156.0	15	8.0	99.0	64.0	0	0	6.025026321411133	105440	11770.55786037445	95465	9.460356600910472	
-1637849.9951273089	81.0	10.217948717948717	174.42307692307693	108.78205128205128	-53.53719618913404	1318	3580	137	13.0	307.0	191.0	13	8.0	84.0	54.0	0	0	7.125298738479614	105520	11777.68315911293	95538	9.459818043972717	
-1900366.093168915	85.05	10.090909090909092	173.94805194805195	108.51948051948052	-53.53719618913404	1319	3583	137	12.0	318.0	193.0	43	8.0	108.0	70.0	0	0	6.576988458633423	105600	11784.260147571564	95610	9.460227272727266	
-1975314.7051025373	85.825	10.181818181818182	178.33766233766235	110.92207792207792	-53.53719618913404	1320	3586	142	12.0	386.0	231.0	22	8.0	106.0	67.0	0	0	6.828219652175903	105680	11791.08836722374	95683	9.45968962906889	
-2412877.5817929967	83.8	10.192307692307692	168.43589743589743	105.23076923076923	-53.53719618913404	1321	3588	150	13.0	386.0	231.0	14	9.0	99.0	64.0	0	0	6.436298131942749	105760	11797.524665355682	95756	9.459152798789717	
-2412984.7140740184	81.8875	10.012820512820513	161.42307692307693	101.05128205128206	-53.53719618913404	1322	3590	156	15.0	329.0	208.0	8	8.0	79.0	51.0	0	0	6.499665975570679	105840	11804.024331331253	95830	9.457671957671948	
-1525229.7179607109	82.35	10.166666666666666	170.62820512820514	106.37179487179488	-53.53719618913404	1323	3592	135	16.0	588.0	349.0	29	9.0	99.0	64.0	0	0	7.664796590805054	105920	11811.689127922058	95902	9.458081570996981	
-2462739.4781293334	83.35	10.329113924050633	177.67088607594937	110.84810126582279	-53.53719618913404	1324	3593	137	16.0	588.0	349.0	54	8.0	85.0	55.0	0	0	7.385274171829224	106000	11819.074402093887	95976	9.456603773584902	
-1687910.7299529954	81.65	9.948717948717949	160.87179487179486	100.62820512820512	-53.53719618913404	1325	3595	134	13.0	261.0	166.0	30	8.0	82.0	53.0	0	0	6.441746234893799	106080	11825.516148328781	96050	9.455128205128204	
-1687830.4795915894	79.6875	9.818181818181818	156.53246753246754	97.92207792207792	-53.53719618913404	1326	3598	132	13.0	238.0	148.0	20	8.0	82.0	53.0	0	0	5.779782772064209	106160	11831.295931100845	96121	9.456480783722682	
-2525315.942667777	80.4125	9.987012987012987	159.83116883116884	100.0	-53.53719618913404	1327	3601	175	12.0	245.0	154.0	9	8.0	99.0	64.0	0	0	6.0357582569122314	106240	11837.331689357758	96194	9.455948795180717	
-2375283.0955749387	82.575	10.102564102564102	166.14102564102564	103.76923076923077	-53.53719618913404	1328	3603	133	13.0	387.0	235.0	31	8.0	79.0	51.0	0	0	7.083637952804565	106320	11844.415327310562	96268	9.454477050413843	
-1937825.5973418406	82.575	9.923076923076923	158.0897435897436	98.91025641025641	-53.53719618913404	1329	3605	128	13.0	269.0	165.0	40	8.0	79.0	51.0	0	0	5.999689102172852	106400	11850.415016412735	96340	9.454887218045116	
-2775353.0577400187	82.1	10.139240506329115	167.50632911392404	104.67088607594937	-53.53719618913404	1330	3606	127	17.0	341.0	205.0	37	7.0	82.0	53.0	0	0	6.644314289093018	106480	11857.059330701828	96415	9.452479338842977	
-1762851.7054643263	81.5625	10.115384615384615	168.33333333333334	105.17948717948718	-53.53719618913404	1331	3608	126	13.0	299.0	186.0	37	8.0	95.0	61.0	0	0	6.195122480392456	106560	11863.25445318222	96488	9.451951951951955	
-2712835.0460916334	82.075	10.205128205128204	170.01282051282053	106.28205128205128	-53.53719618913404	1332	3610	140	13.0	366.0	227.0	24	8.0	87.0	56.0	0	0	6.44963002204895	106640	11869.70408320427	96562	9.45048762190548	
-1725368.05161686	83.3875	10.115384615384615	170.2051282051282	106.38461538461539	-53.53719618913404	1333	3612	161	15.0	328.0	205.0	11	8.0	87.0	56.0	0	0	6.951493978500366	106720	11876.65557718277	96635	9.449962518740634	
-1837915.1766357818	82.15	9.886075949367088	163.54430379746836	102.48101265822785	-53.53719618913404	1334	3613	135	17.0	266.0	168.0	29	8.0	96.0	62.0	0	0	6.411496877670288	106800	11883.06707406044	96710	9.447565543071164	
-1800375.022037981	83.125	9.974683544303797	157.08860759493672	98.46835443037975	-53.53719618913404	1335	3614	150	13.0	222.0	137.0	41	8.0	87.0	56.0	0	0	6.0228846073150635	106880	11889.089958667755	96785	9.445172155688624	
-2712810.2716201893	82.9	10.012658227848101	162.20253164556962	101.59493670886076	-53.53719618913404	1336	3615	118	13.0	304.0	197.0	51	8.0	85.0	55.0	0	0	6.297276496887207	106960	11895.387235164642	96860	9.442782348541513	
-2075304.4107221179	84.8125	9.883116883116884	164.85714285714286	102.93506493506493	-53.53719618913404	1337	3618	138	12.0	255.0	160.0	26	8.0	96.0	62.0	0	0	6.279670238494873	107040	11901.666905403137	96932	9.443198804185343	
-1975352.2232396833	84.0375	10.207792207792208	173.72727272727272	108.28571428571429	-53.53719618913404	1338	3621	139	13.0	378.0	231.0	25	8.0	99.0	64.0	0	0	6.480239152908325	107120	11908.147144556046	97004	9.443614637789395	
-1937993.4525820776	81.8	10.272727272727273	176.63636363636363	110.20779220779221	-53.53719618913404	1339	3624	137	12.0	327.0	201.0	25	9.0	99.0	64.0	0	0	6.447179317474365	107200	11914.59432387352	97077	9.443097014925371	
-2087881.065121611	81.975	10.217948717948717	172.80769230769232	107.97435897435898	-53.53719618913404	1340	3626	138	15.0	329.0	202.0	26	8.0	94.0	61.0	0	0	6.667776584625244	107280	11921.262100458145	97151	9.441648023862797	
-1425289.614627852	80.9875	9.871794871794872	160.53846153846155	100.43589743589743	-53.53719618913404	1341	3628	125	12.0	252.0	155.0	26	8.0	87.0	56.0	0	0	5.962924480438232	107360	11927.225024938583	97225	9.44020119225037	
-2300415.7621791787	83.3	9.9375	162.6	101.7625	-53.53719618913404	1342	3628	152	13	241	148	37	7	90	58	0	0	6.406055688858032	107440	11933.631080627441	97301	9.436895011169028	
-2113009.0861024056	85.8	10.050632911392405	163.46835443037975	102.26582278481013	-53.53719618913404	1343	3629	152	13.0	271.0	164.0	21	8.0	109.0	70.0	0	0	6.507492780685425	107520	11940.138573408127	97376	9.43452380952381	
-1987910.8338772883	81.675	9.935897435897436	173.14102564102564	108.05128205128206	-53.53719618913404	1344	3631	146	11.0	303.0	186.0	27	8.0	93.0	60.0	0	0	6.239881753921509	107600	11946.378455162048	97449	9.434014869888472	
-1250526.8583590053	84.025	10.052631578947368	171.39473684210526	106.85526315789474	-53.53719618913404	1345	3635	137	11.0	269.0	164.0	27	8.0	88.0	57.0	0	0	6.44083571434021	107680	11952.819290876389	97521	9.434435364041605	
-3000255.6589107164	84.25	10.282051282051283	173.71794871794873	108.47435897435898	-53.53719618913404	1346	3637	125	13.0	242.0	150.0	39	9.0	113.0	73.0	0	0	6.64983344078064	107760	11959.46912431717	97595	9.432999257609495	
-1812899.84414057	84.5	10.067567567567568	165.94594594594594	103.75675675675676	-53.53719618913404	1347	3643	145	15.0	265.0	163.0	19	8.0	99.0	64.0	0	0	5.981033563613892	107840	11965.450157880783	97665	9.435274480712167	
-1912785.4262976865	80.25	10.078947368421053	169.39473684210526	105.75	-53.53719618913404	1348	3647	143	12.0	277.0	171.0	21	7.0	90.0	58.0	0	0	6.350925445556641	107920	11971.80108332634	97737	9.43569310600445	
-2650375.818379941	80.6875	10.168831168831169	170.80519480519482	106.83116883116882	-53.53719618913404	1349	3650	143	14.0	305.0	191.0	21	8.0	85.0	55.0	0	0	6.781963348388672	108000	11978.583046674728	97809	9.436111111111117	
-1625534.330748086	84.2	10.320512820512821	173.7948717948718	108.6025641025641	-53.53719618913404	1350	3652	137	13.0	274.0	171.0	40	9.0	115.0	73.0	0	0	6.463491916656494	108080	11985.046538591385	97882	9.435603256846775	
-2300368.316656542	90.5875	10.08860759493671	161.2405063291139	100.88607594936708	-53.53719618913404	1351	3653	149	13.0	246.0	153.0	15	8.0	87.0	56.0	0	0	6.100892066955566	108160	11991.14743065834	97956	9.434171597633139	
-2587808.4479512256	91.5875	9.85897435897436	158.16666666666666	99.14102564102564	-53.53719618913404	1352	3655	144	15.0	328.0	206.0	37	8.0	79.0	51.0	0	0	5.9174418449401855	108240	11997.06487250328	98029	9.43366592756837	
-1825333.6870876786	91.175	10.025316455696203	163.78481012658227	102.43037974683544	-53.53719618913404	1353	3656	157	13.0	262.0	161.0	7	8.0	87.0	56.0	0	0	6.145150661468506	108320	12003.21002316475	98104	9.431314623338267	
-2037880.8480158702	88.9625	9.948717948717949	160.78205128205127	100.52564102564102	-53.53719618913404	1354	3658	164	12.0	307.0	186.0	18	8.0	95.0	61.0	0	0	6.7556774616241455	108400	12009.965700626373	98178	9.429889298892988	
-2050306.8287105528	88.625	10.103896103896103	165.23376623376623	103.1948051948052	-53.53719618913404	1355	3661	174	13.0	310.0	188.0	51	8.0	95.0	61.0	0	0	6.335874080657959	108480	12016.301574707031	98251	9.429387905604727	
-2937798.2457107054	84.25	10.013157894736842	166.44736842105263	103.94736842105263	-53.53719618913404	1356	3665	150	13.0	271.0	171.0	14	8.0	99.0	64.0	0	0	6.236634254455566	108560	12022.538208961487	98322	9.430729550479	
-2550448.8996973783	82.775	10.139240506329115	171.0759493670886	107.18987341772151	-53.53719618913404	1357	3666	152	14.0	331.0	204.0	12	8.0	102.0	66.0	0	0	6.315362215042114	108640	12028.853571176529	98397	9.428387334315175	
-1725296.057783688	81.775	10.0	159.5	99.97368421052632	-53.53719618913404	1358	3670	144	14.0	253.0	154.0	33	7.0	74.0	48.0	0	0	5.945986032485962	108720	12034.799557209015	98467	9.430647534952172	
-2550464.7575002885	82.75	10.329113924050633	171.9240506329114	107.49367088607595	-53.53719618913404	1359	3671	144	15.0	278.0	171.0	24	8.0	106.0	68.0	0	0	7.068998336791992	108800	12041.868555545807	98542	9.428308823529406	
-1787964.8653005667	82.275	9.987012987012987	168.1038961038961	104.97402597402598	-53.53719618913404	1360	3674	142	12.0	336.0	211.0	22	8.0	87.0	56.0	0	0	6.26908016204834	108880	12048.137635707855	98615	9.427810433504774	
-2425274.7190936077	81.9125	10.266666666666667	174.46666666666667	108.68	-53.53719618913404	1361	3679	147	14.0	260.0	160.0	14	8.0	102.0	66.0	0	0	5.971463918685913	108960	12054.109099626541	98683	9.431901615271656	
-1837813.5784628622	80.7875	9.986666666666666	165.09333333333333	103.10666666666667	-53.53719618913404	1362	3684	145	13.0	282.0	173.0	19	8.0	102.0	66.0	0	0	6.164705038070679	109040	12060.273804664612	98753	9.434152604548785	
-2150401.5108731184	82.1625	10.0125	163.375	102.2625	-53.53719618913404	1363	3684	141	15	319	203	23	8	85	55	0	0	6.7362754344940186	109120	12067.010080099106	98829	9.430901759530798	
-2787793.8977598418	81.5375	10.0	162.64935064935065	101.84415584415585	-53.53719618913404	1364	3687	145	14.0	309.0	193.0	19	8.0	85.0	55.0	0	0	6.56830906867981	109200	12073.578389167786	98902	9.43040293040292	
-2500318.3507443387	79.225	10.128205128205128	168.73076923076923	105.41025641025641	-53.53719618913404	1365	3689	107	13.0	282.0	173.0	25	8.0	87.0	56.0	0	0	6.49958610534668	109280	12080.077975273132	98976	9.4289897510981	
-2375452.9783502994	80.5375	10.064935064935066	165.16883116883116	103.33766233766234	-53.53719618913404	1366	3692	139	13.0	276.0	174.0	25	8.0	95.0	61.0	0	0	6.119948625564575	109360	12086.197923898697	99047	9.430321872713975	
-2700225.2065038895	82.625	10.051282051282051	165.42307692307693	103.43589743589743	-53.53719618913404	1367	3694	137	12.0	250.0	157.0	27	8.0	99.0	64.0	0	0	6.343636512756348	109440	12092.541560411453	99121	9.428910818713447	
-2475409.5666442076	82.1875	10.164556962025317	164.64556962025316	102.9620253164557	-53.53719618913404	1368	3695	137	14.0	252.0	155.0	18	8.0	87.0	56.0	0	0	6.357953071594238	109520	12098.899513483047	99196	9.426588750913083	
-2950329.8781823455	83.2375	10.102564102564102	166.14102564102564	104.0	-53.53719618913404	1369	3697	134	13.0	304.0	184.0	30	8.0	95.0	61.0	0	0	6.729458332061768	109600	12105.62897181511	99269	9.426094890510953	
-2012695.14042013	83.375	10.275	171.3375	107.15	-53.53719618913404	1370	3697	138	15	295	180	26	8	87	56	0	0	6.759411811828613	109680	12112.388383626938	99343	9.424690007293947	
-2012811.9032362744	83.2625	10.215189873417721	171.0506329113924	106.83544303797468	-53.53719618913404	1371	3698	114	15.0	290.0	180.0	50	8.0	99.0	64.0	0	0	6.652289152145386	109760	12119.040672779083	99417	9.423287172011669	
-2375421.7484667473	82.9125	10.113924050632912	164.50632911392404	103.0126582278481	-53.53719618913404	1372	3699	130	13.0	303.0	192.0	34	8.0	102.0	66.0	0	0	6.548333644866943	109840	12125.58900642395	99492	9.420975965040057	
-2575381.3300927067	83.75	10.189873417721518	171.53164556962025	107.25316455696202	-53.53719618913404	1373	3700	142	14.0	394.0	241.0	22	7.0	82.0	53.0	0	0	6.732605934143066	109920	12132.321612358093	99566	9.419577874818046	
-2225396.9960813415	81.175	10.266666666666667	169.66666666666666	106.02666666666667	-53.53719618913404	1374	3705	159	15.0	279.0	174.0	5	7.0	90.0	58.0	0	0	6.810723543167114	110000	12139.13233590126	99635	9.422727272727272	
-2275496.1152864457	83.4625	10.1125	166.625	104.125	-53.53719618913404	1375	3705	135	14	257	158	46	7	82	53	0	0	6.6058807373046875	110080	12145.738216638565	99711	9.419513081395351	
-2225438.1741819996	81.9	10.118421052631579	163.05263157894737	102.36842105263158	-53.53719618913404	1376	3709	156	13.0	288.0	182.0	17	8.0	95.0	61.0	0	0	5.917321681976318	110160	12151.655538320541	99782	9.420842411038493	
-2475328.7068249024	85.025	10.20253164556962	168.16455696202533	105.17721518987342	-53.53719618913404	1377	3710	118	15.0	292.0	182.0	46	8.0	85.0	55.0	0	0	6.713367700576782	110240	12158.368906021118	99856	9.419448476052253	
-2200358.3290377953	86.5875	9.987012987012987	160.1818181818182	100.11688311688312	-53.53719618913404	1378	3713	166	12.0	251.0	153.0	33	8.0	79.0	51.0	0	0	6.405994176864624	110320	12164.774900197983	99929	9.418963016678745	
-2263002.6195877246	84.3625	10.105263157894736	170.71052631578948	106.73684210526316	-53.53719618913404	1379	3717	166	13.0	290.0	176.0	29	8.0	92.0	59.0	0	0	6.884897708892822	110400	12171.659797906876	100001	9.419384057971016	
-2550521.573424845	83.5875	10.166666666666666	177.75641025641025	110.88461538461539	-53.53719618913404	1380	3719	117	14.0	314.0	189.0	33	8.0	99.0	64.0	0	0	6.781767129898071	110480	12178.441565036774	100074	9.41889934829834	
-1237927.1663100352	82.4375	10.12	178.62666666666667	111.17333333333333	-53.53719618913404	1381	3724	159	13.0	314.0	189.0	22	8.0	85.0	55.0	0	0	6.365401744842529	110560	12184.806966781616	100144	9.421128798842261	
-2650325.1772848666	83.3625	10.179487179487179	172.94871794871796	108.15384615384616	-53.53719618913404	1382	3726	133	13.0	336.0	211.0	24	8.0	87.0	56.0	0	0	6.446333885192871	110640	12191.253300666809	100218	9.419739696312362	
-2762865.81872615	87.075	10.0	165.16455696202533	103.26582278481013	-53.53719618913404	1383	3727	123	12.0	290.0	176.0	64	8.0	96.0	62.0	0	0	6.470832109451294	110720	12197.72413277626	100292	9.418352601156073	
-2612818.9093032144	83.5	10.177215189873417	167.79746835443038	104.87341772151899	-53.53719618913404	1384	3728	136	15.0	288.0	181.0	28	8.0	113.0	73.0	0	0	6.701632022857666	110800	12204.425764799118	100366	9.41696750902527	
-2075309.3801837147	81.225	10.1125	171.475	106.95	-53.53719618913404	1385	3728	121	13	290	175	43	8	87	56	0	0	6.650423765182495	110880	12211.0761885643	100442	9.41378066378067	
-2037883.4486494872	79.8375	10.240506329113924	171.8227848101266	107.25316455696202	-53.53719618913404	1386	3729	147	15.0	374.0	225.0	17	7.0	74.0	48.0	0	0	6.025845766067505	110960	12217.102034330368	100515	9.413302090843544	
-2162946.5327617163	81.55	10.090909090909092	169.25974025974025	105.71428571428571	-53.53719618913404	1387	3732	133	14.0	286.0	178.0	29	8.0	99.0	64.0	0	0	6.073193073272705	111040	12223.17522740364	100587	9.413724783861682	
-2138035.205204561	84.05	10.12987012987013	162.87012987012986	102.07792207792208	-53.53719618913404	1388	3735	143	13.0	269.0	168.0	21	8.0	87.0	56.0	0	0	6.308397531509399	111120	12229.48362493515	100660	9.413246940244775	
-2650323.08956449	84.975	10.064102564102564	168.80769230769232	105.56410256410257	-53.53719618913404	1389	3737	143	15.0	282.0	176.0	28	8.0	79.0	51.0	0	0	6.616029739379883	111200	12236.09965467453	100733	9.412769784172653	
-2237972.374926585	81.85	10.050632911392405	164.2405063291139	102.82278481012658	-53.53719618913404	1390	3738	100	13.0	336.0	211.0	43	8.0	87.0	56.0	0	0	6.4078264236450195	111280	12242.507481098175	100808	9.410496046010067	
-2000394.1524066452	82.475	10.164556962025317	177.67088607594937	110.9746835443038	-53.53719618913404	1391	3739	103	15.0	322.0	199.0	49	8.0	79.0	51.0	0	0	6.59677791595459	111360	12249.10425901413	100882	9.409123563218387	
-1512896.4328409936	81.2625	10.12987012987013	175.63636363636363	109.54545454545455	-53.53719618913404	1392	3742	137	13.0	300.0	186.0	27	8.0	91.0	59.0	0	0	6.429155349731445	111440	12255.533414363861	100954	9.409547738693476	
-3162767.6824295344	84.2125	10.093333333333334	178.89333333333335	111.42666666666666	-53.53719618913404	1393	3747	156	13.0	311.0	189.0	8	8.0	87.0	56.0	0	0	6.246264934539795	111520	12261.7796792984	101021	9.414454806312762	
-2150314.0255519007	83.2125	9.946666666666667	165.26666666666668	103.18666666666667	-53.53719618913404	1394	3752	185	14.0	285.0	176.0	20	8.0	99.0	64.0	0	0	6.099748611450195	111600	12267.879427909851	101091	9.416666666666657	
-2000352.900937487	84.55	9.946666666666667	163.56	102.25333333333333	-53.53719618913404	1395	3757	167	14.0	305.0	186.0	9	8.0	82.0	53.0	0	0	5.94353461265564	111680	12273.822962522507	101161	9.41887535816619	
-1788091.9976605312	82.9625	10.075	160.775	100.65	-53.53719618913404	1396	3757	125	12	247	152	52	9	99	64	0	0	6.596381187438965	111760	12280.419343709946	101236	9.416607015032213	
-1937893.3120149418	81.8625	10.213333333333333	171.41333333333333	106.96	-53.53719618913404	1397	3762	129	14.0	296.0	182.0	22	8.0	87.0	56.0	0	0	5.953634023666382	111840	12286.372977733612	101306	9.418812589413449	
-2325352.5109506436	78.6	9.987341772151899	163.67088607594937	102.53164556962025	-53.53719618913404	1398	3763	150	14.0	327.0	204.0	19	8.0	87.0	56.0	0	0	6.491875648498535	111920	12292.86485338211	101381	9.416547533952823	
-3162771.7060414194	80.0125	10.181818181818182	169.62337662337663	106.27272727272727	-53.53719618913404	1399	3766	122	14.0	316.0	196.0	23	8.0	90.0	58.0	0	0	6.84549617767334	112000	12299.710349559784	101453	9.416964285714286	
-1712899.9706235155	83.2875	10.272727272727273	173.2207792207792	108.2987012987013	-53.53719618913404	1400	3769	140	18.0	365.0	232.0	22	8.0	87.0	56.0	0	0	6.651080131530762	112080	12306.361429691315	101526	9.416488222698078	
-2650308.6055885893	82.45	10.215189873417721	171.0	106.92405063291139	-53.53719618913404	1401	3770	130	14.0	283.0	178.0	34	8.0	87.0	56.0	0	0	6.528530120849609	112160	12312.889959812164	101601	9.414229671897289	
-2837842.0366608975	82.9625	10.3	170.8	106.775	-53.53719618913404	1402	3770	130	13	253	155	40	8	87	56	0	0	6.622751474380493	112240	12319.512711286545	101677	9.411083392729864	
-2525383.4300866066	81.7875	10.153846153846153	163.12820512820514	102.02564102564102	-53.53719618913404	1403	3772	140	13.0	251.0	153.0	24	8.0	79.0	51.0	0	0	6.324874639511108	112320	12325.837585926056	101751	9.409722222222229	
-1762875.95401751	82.525	10.192307692307692	171.83333333333334	107.38461538461539	-53.53719618913404	1404	3774	136	15.0	372.0	227.0	28	8.0	98.0	63.0	0	0	6.773149251937866	112400	12332.610735177994	101823	9.410142348754448	
-1587783.7804955503	80.3875	10.06578947368421	161.28947368421052	100.94736842105263	-53.53719618913404	1405	3778	147	13.0	304.0	186.0	17	8.0	86.0	56.0	0	0	6.081919193267822	112480	12338.692654371262	101894	9.411450924608829	
-1737900.665513597	83.6375	10.14102564102564	171.17948717948718	106.92307692307692	-53.53719618913404	1406	3780	133	12.0	304.0	186.0	42	8.0	87.0	56.0	0	0	6.482642412185669	112560	12345.175296783447	101968	9.410092395167027	
-2050486.2332189784	82.725	10.0125	161.45	101.125	-53.53719618913404	1407	3780	111	13	257	161	53	8	87	56	0	0	6.411553621292114	112640	12351.58685040474	102043	9.40784801136364	
-2337806.3096456043	82.3125	10.205128205128204	166.21794871794873	103.97435897435898	-53.53719618913404	1408	3782	156	15.0	354.0	215.0	8	8.0	87.0	56.0	0	0	6.506294012069702	112720	12358.093144416809	102117	9.40649396735273	
-2612961.8076164518	87.075	10.217948717948717	174.12820512820514	108.6923076923077	-53.53719618913404	1409	3784	170	13.0	354.0	215.0	27	8.0	87.0	56.0	0	0	7.1040239334106445	112800	12365.19716835022	102191	9.405141843971634	
-3375370.4431616752	81.5125	10.08974358974359	162.60256410256412	101.94871794871794	-53.53719618913404	1410	3786	137	17.0	286.0	177.0	27	8.0	79.0	51.0	0	0	6.377861499786377	112880	12371.575029850006	102265	9.403791637136777	
-2987798.0584234893	82.15	9.986486486486486	163.02702702702703	102.04054054054055	-53.53719618913404	1411	3792	152	13.0	258.0	163.0	12	8.0	79.0	51.0	0	0	6.2057719230651855	112960	12377.780801773071	102335	9.405984419263461	
-2850275.578709619	79.9875	10.236842105263158	168.31578947368422	105.0657894736842	-53.53719618913404	1412	3796	154	16.0	328.0	200.0	10	8.0	79.0	51.0	0	0	6.322416543960571	113040	12384.103218317032	102406	9.407289455060152	
-2337815.6285733646	78.9	9.91891891891892	158.16216216216216	99.05405405405405	-53.53719618913404	1413	3802	146	11.0	263.0	161.0	18	8.0	87.0	56.0	0	0	5.9459547996521	113120	12390.049173116684	102475	9.41036067892503	
-2362873.0154991196	81.475	9.9875	165.0375	103.225	-53.53719618913404	1414	3802	117	13	311	194	47	8	79	51	0	0	6.88466215133667	113200	12396.93383526802	102550	9.408127208480565	
-2462816.8439431908	81.425	10.103896103896103	165.96103896103895	103.83116883116882	-53.53719618913404	1415	3805	142	14.0	306.0	187.0	24	8.0	79.0	51.0	0	0	6.281533479690552	113280	12403.215368747711	102622	9.40854519774011	
-2012839.4464462344	82.6	10.246753246753247	169.32467532467533	105.8051948051948	-53.53719618913404	1416	3808	142	14.0	326.0	205.0	25	8.0	94.0	61.0	0	0	6.273723363876343	113360	12409.489092111588	102695	9.408080451658435	
-2212931.0786296315	81.8125	10.155844155844155	167.07792207792207	104.46753246753246	-53.53719618913404	1417	3811	159	16.0	370.0	225.0	35	8.0	79.0	51.0	0	0	6.6025872230529785	113440	12416.09167933464	102768	9.40761636107193	
-2375380.912882272	81.1625	10.115384615384615	168.5897435897436	105.21794871794872	-53.53719618913404	1418	3813	124	15.0	347.0	215.0	40	8.0	87.0	56.0	0	0	6.164063215255737	113520	12422.255742549896	102840	9.408033826638473	
-1862878.853153872	83.975	10.14102564102564	169.5897435897436	105.78205128205128	-53.53719618913404	1419	3815	153	14.0	319.0	194.0	11	8.0	87.0	56.0	0	0	6.932481288909912	113600	12429.188223838806	102913	9.407570422535215	
-1700347.509496811	88.325	10.354430379746836	179.126582278481	111.53164556962025	-53.53719618913404	1420	3816	183	13.0	386.0	231.0	14	9.0	88.0	57.0	0	0	6.876164197921753	113680	12436.064388036728	102988	9.405348346235044	
-2400452.1155405655	85.9875	10.256410256410257	174.15384615384616	108.82051282051282	-53.53719618913404	1421	3818	176	13.0	370.0	225.0	8	8.0	87.0	56.0	0	0	6.460439920425415	113760	12442.524827957153	103060	9.40576652601969	
-2262891.9248323133	85.525	10.012987012987013	167.66233766233765	104.66233766233766	-53.53719618913404	1422	3821	176	12.0	370.0	225.0	24	8.0	99.0	64.0	0	0	6.469219207763672	113840	12448.994047164917	103132	9.406184118060438	
-1562755.7330057218	85.9125	10.168831168831169	171.01298701298703	106.67532467532467	-53.53719618913404	1423	3824	162	12.0	270.0	165.0	16	8.0	102.0	66.0	0	0	6.544670343399048	113920	12455.538717508316	103205	9.405723314606746	
-2250520.591015915	82.6	10.025641025641026	163.66666666666666	102.23076923076923	-53.53719618913404	1424	3826	152	12.0	325.0	199.0	28	8.0	87.0	56.0	0	0	6.560627460479736	114000	12462.099344968796	103276	9.407017543859652	
-2587806.8184795007	83.825	9.974358974358974	164.26923076923077	102.66666666666667	-53.53719618913404	1425	3828	128	12.0	254.0	160.0	45	8.0	97.0	63.0	0	0	6.370683670043945	114080	12468.47002863884	103349	9.40655680224404	
-2125369.7531869994	83.5375	9.9875	159.3125	99.8	-53.53719618913404	1426	3828	128	12	232	146	49	8	99	64	0	0	6.154126882553101	114160	12474.624155521393	103421	9.406972669936934	
-2537814.9801682765	85.5375	10.135135135135135	170.5	106.5	-53.53719618913404	1427	3834	145	13.0	279.0	173.0	20	7.0	90.0	58.0	0	0	6.097809791564941	114240	12480.721965312958	103491	9.409138655462186	
-2500457.6135163	87.6125	10.025974025974026	163.2077922077922	102.24675324675324	-53.53719618913404	1428	3837	166	12.0	242.0	147.0	30	8.0	99.0	64.0	0	0	6.072765111923218	114320	12486.794730424881	103563	9.409552134359686	
-2450360.8589772023	80.625	9.894736842105264	159.07894736842104	99.69736842105263	-53.53719618913404	1429	3841	154	12.0	260.0	160.0	38	8.0	87.0	56.0	0	0	6.178515195846558	114400	12492.973245620728	103635	9.40996503496504	
-2375296.876486613	82.0375	10.103896103896103	167.74025974025975	104.75324675324676	-53.53719618913404	1430	3844	148	14.0	259.0	161.0	16	8.0	87.0	56.0	0	0	6.611836910247803	114480	12499.585082530975	103708	9.409503843466098	
-2275427.365544072	83.325	10.225	164.575	102.8875	-53.53719618913404	1431	3844	135	13	275	170	30	8	87	56	0	0	6.133531093597412	114560	12505.718613624573	103782	9.40817039106146	
-2475308.0594636826	82.925	10.38961038961039	172.4025974025974	107.54545454545455	-53.53719618913404	1432	3847	150	13.0	283.0	175.0	14	8.0	93.0	60.0	0	0	6.564383506774902	114640	12512.282997131348	103855	9.40771109560363	
-2938012.4110444663	82.125	10.179487179487179	162.83333333333334	102.06410256410257	-53.53719618913404	1433	3849	155	13.0	269.0	167.0	9	8.0	87.0	56.0	0	0	6.342709541320801	114720	12518.625706672668	103929	9.40638075313808	
-1650349.9346259127	79.5625	10.13888888888889	165.04166666666666	103.06944444444444	-53.53719618913404	1434	3857	163	16.0	323.0	195.0	9	8.0	87.0	56.0	0	0	5.674208641052246	114800	12524.29991531372	103997	9.41027874564459	
-2037789.6128602102	79.2625	9.960526315789474	165.03947368421052	103.1842105263158	-53.53719618913404	1435	3861	133	12.0	364.0	225.0	9	8.0	87.0	56.0	0	0	6.244585275650024	114880	12530.54450058937	104068	9.41155988857939	
-1712977.9067635532	82.0	10.166666666666666	168.3846153846154	105.1923076923077	-53.53719618913404	1436	3863	154	14.0	306.0	189.0	10	8.0	87.0	56.0	0	0	6.459661245346069	114960	12537.004161834717	104141	9.411099512874046	
-2187828.160153645	82.275	10.076923076923077	163.47435897435898	102.32051282051282	-53.53719618913404	1437	3865	144	13.0	284.0	177.0	20	8.0	87.0	56.0	0	0	6.333253383636475	115040	12543.337415218353	104214	9.410639777468717	
-2625490.3979264433	81.5875	10.155844155844155	168.63636363636363	105.58441558441558	-53.53719618913404	1438	3868	135	13.0	336.0	211.0	20	8.0	87.0	56.0	0	0	6.096775531768799	115120	12549.434190750122	104285	9.411917998610136	
-1900485.5248328943	82.4125	10.197368421052632	171.5	107.0657894736842	-53.53719618913404	1439	3872	151	12.0	307.0	186.0	13	8.0	125.0	79.0	0	0	6.209942102432251	115200	12555.644132852554	104356	9.413194444444443	
-1900331.0776128166	82.6125	10.144736842105264	167.82894736842104	104.73684210526316	-53.53719618913404	1440	3876	148	14.0	312.0	191.0	16	7.0	82.0	53.0	0	0	6.489529132843018	115280	12562.133661985397	104428	9.413601665510058	
-2600412.6323541463	83.0375	10.03896103896104	163.76623376623377	102.46753246753246	-53.53719618913404	1441	3879	135	12.0	354.0	215.0	29	8.0	87.0	56.0	0	0	6.45979905128479	115360	12568.593461036682	104501	9.413141470180307	
-2050207.2391672186	83.4125	9.974025974025974	165.35064935064935	103.46753246753246	-53.53719618913404	1442	3882	135	13.0	241.0	151.0	23	8.0	92.0	59.0	0	0	6.512159824371338	115440	12575.105620861053	104574	9.412681912681904	
-2437727.4613400428	84.2125	10.102564102564102	167.89743589743588	105.06410256410257	-53.53719618913404	1443	3884	142	14.0	268.0	164.0	42	8.0	87.0	56.0	0	0	6.503474950790405	115520	12581.609095811844	104647	9.41222299168976	
-3300243.156285154	82.875	10.265822784810126	169.58227848101265	106.0253164556962	-53.53719618913404	1444	3885	125	15.0	351.0	221.0	39	7.0	82.0	53.0	0	0	6.579538345336914	115600	12588.18863415718	104722	9.410034602076124	
-1800494.91929902	82.0	10.153846153846153	169.43589743589743	106.05128205128206	-53.53719618913404	1445	3887	121	13.0	281.0	178.0	43	8.0	99.0	64.0	0	0	6.381198167800903	115680	12594.569832324982	104796	9.408713692946051	
-1825437.8098894593	81.7	10.192307692307692	169.39743589743588	105.83333333333333	-53.53719618913404	1446	3889	127	14.0	286.0	176.0	37	8.0	95.0	61.0	0	0	6.4084837436676025	115760	12600.97831606865	104868	9.409122322045619	
-3537781.973825521	79.1	10.038461538461538	161.92307692307693	101.33333333333333	-53.53719618913404	1447	3891	134	14.0	307.0	196.0	30	8.0	87.0	56.0	0	0	6.24243688583374	115840	12607.220752954483	104941	9.408667127071823	
-1337942.8832012953	78.6875	10.012820512820513	159.3846153846154	99.65384615384616	-53.53719618913404	1448	3893	109	13.0	318.0	199.0	19	8.0	96.0	62.0	0	0	6.425564527511597	115920	12613.646317481995	105014	9.408212560386474	
-2775385.7379183127	82.0	10.1875	163.675	102.275	-53.53719618913404	1449	3893	135	15	266	164	29	8	99	64	0	0	6.74535870552063	116000	12620.391676187515	105088	9.406896551724145	
-2150365.398891727	82.95	10.166666666666666	170.5897435897436	106.88461538461539	-53.53719618913404	1450	3895	153	13.0	262.0	163.0	11	8.0	98.0	63.0	0	0	6.319013833999634	116080	12626.710690021515	105162	9.405582356995183	
-2137905.3122623195	80.9375	10.05	163.075	102.025	-53.53719618913404	1451	3895	91	12	253	159	54	8	87	56	0	0	6.256765127182007	116160	12632.967455148697	105237	9.403409090909093	
-2712916.472852482	81.925	10.039473684210526	166.67105263157896	104.10526315789474	-53.53719618913404	1452	3899	163	15.0	305.0	187.0	1	8.0	87.0	56.0	0	0	6.38303279876709	116240	12639.350487947464	105309	9.40381968341363	
-2450490.7441019136	80.8625	10.06578947368421	165.75	103.40789473684211	-53.53719618913404	1453	3903	146	13.0	290.0	176.0	11	7.0	90.0	58.0	0	0	6.478799343109131	116320	12645.829287290573	105380	9.405089408528198	
-2362950.825830363	77.425	10.106666666666667	169.8	106.02666666666667	-53.53719618913404	1454	3908	133	13.0	386.0	231.0	16	8.0	79.0	51.0	0	0	6.442245244979858	116400	12652.271532535553	105450	9.407216494845358	
-1687865.76514494	72.025	9.972602739726028	164.73972602739727	102.89041095890411	-53.53719618913404	1455	3915	127	13.0	386.0	231.0	7	8.0	87.0	56.0	0	0	6.0439369678497314	116480	12658.315469503403	105517	9.411916208791212	
-2412940.446154808	73.5125	9.921052631578947	157.39473684210526	98.55263157894737	-53.53719618913404	1456	3919	115	14.0	374.0	227.0	10	8.0	88.0	57.0	0	0	6.008023738861084	116560	12664.323493242264	105587	9.414035689773499	
-2850459.4111241195	76.425	9.776315789473685	154.22368421052633	96.6842105263158	-53.53719618913404	1457	3923	142	13.0	261.0	159.0	28	8.0	90.0	58.0	0	0	5.836297512054443	116640	12670.159790754318	105658	9.415294924554189	
-2550317.430557471	80.4125	9.975	163.4125	102.2625	-53.53719618913404	1458	3923	122	14	316	199	36	8	79	51	0	0	6.326959609985352	116720	12676.486750364304	105734	9.412268677176144	
-2687941.7936516926	84.675	10.1	164.025	102.6875	-53.53719618913404	1459	3923	145	13	260	160	30	8	90	58	0	0	6.435690641403198	116800	12682.922441005707	105810	9.409246575342465	
-2000473.5673880824	83.7875	9.873417721518987	159.0506329113924	99.51898734177215	-53.53719618913404	1460	3924	132	11.0	253.0	154.0	32	8.0	85.0	55.0	0	0	6.448663234710693	116880	12689.371104240417	105883	9.408795345653658	
-1400446.7483674227	86.5125	10.131578947368421	169.80263157894737	106.05263157894737	-53.53719618913404	1461	3928	167	13.0	251.0	154.0	8	8.0	98.0	63.0	0	0	6.149148941040039	116960	12695.520253181458	105954	9.41005471956224	
-2425412.12280229	83.2875	10.0	165.53164556962025	103.31645569620254	-53.53719618913404	1462	3929	141	13.0	238.0	146.0	23	8.0	88.0	57.0	0	0	6.2571845054626465	117040	12701.77743768692	106028	9.408749145591258	
-1975364.5409155495	83.9625	10.175	165.7625	103.6625	-53.53719618913404	1463	3929	128	14	284	181	49	8	87	56	0	0	6.3868608474731445	117120	12708.164298534393	106104	9.405737704918039	
-2075342.5772413076	84.4875	10.050632911392405	167.91139240506328	104.9113924050633	-53.53719618913404	1464	3930	145	12.0	270.0	167.0	46	8.0	99.0	64.0	0	0	6.320574045181274	117200	12714.484872579575	106178	9.404436860068259	
-2662861.3801024593	83.7875	10.194805194805195	168.1038961038961	105.16883116883118	-53.53719618913404	1465	3933	135	14.0	321.0	197.0	14	8.0	79.0	51.0	0	0	6.580610513687134	117280	12721.065483093262	106250	9.404843110504785	
-3000367.837266235	83.3875	10.039473684210526	166.22368421052633	103.9342105263158	-53.53719618913404	1466	3937	153	13.0	284.0	177.0	25	8.0	98.0	63.0	0	0	6.174100637435913	117360	12727.239583730698	106322	9.405248807089293	
-2525421.939623842	85.8375	10.275	171.8875	107.525	-53.53719618913404	1467	3937	154	14	283	172	53	8	99	64	0	0	6.404961347579956	117440	12733.644545078278	106395	9.404802452316076	
-2950393.8494816823	85.725	9.857142857142858	161.23376623376623	101.0909090909091	-53.53719618913404	1468	3940	169	15.0	299.0	184.0	22	8.0	87.0	56.0	0	0	5.9957709312438965	117520	12739.640316009521	106467	9.405207624234166	
-2362956.608821516	86.4875	9.831168831168831	158.0909090909091	99.06493506493507	-53.53719618913404	1469	3943	160	13.0	251.0	155.0	31	8.0	85.0	55.0	0	0	6.395144462585449	117600	12746.035460472107	106540	9.404761904761898	
-2187918.9823271846	84.575	9.935897435897436	164.01282051282053	102.43589743589743	-53.53719618913404	1470	3945	149	12.0	305.0	186.0	15	8.0	85.0	55.0	0	0	6.355070352554321	117680	12752.390530824661	106612	9.405166553365063	
-2187960.74158471	84.6	10.329113924050633	167.1772151898734	104.65822784810126	-53.53719618913404	1471	3946	150	15.0	303.0	186.0	31	8.0	87.0	56.0	0	0	6.634576082229614	117760	12759.02510690689	106685	9.404721467391312	
-2187897.8151200446	81.3125	9.947368421052632	155.52631578947367	97.52631578947368	-53.53719618913404	1472	3950	157	13.0	245.0	154.0	26	8.0	85.0	55.0	0	0	5.93781304359436	117840	12764.962919950485	106756	9.405974202308215	
-2175369.260670148	83.9125	10.012658227848101	162.27848101265823	101.55696202531645	-53.53719618913404	1473	3951	167	12.0	242.0	148.0	38	8.0	99.0	64.0	0	0	6.434206485748291	117920	12771.397126436234	106830	9.404681139755766	
-1612996.6936262832	81.55	10.128205128205128	165.83333333333334	103.47435897435898	-53.53719618913404	1474	3953	145	13.0	307.0	186.0	11	8.0	87.0	56.0	0	0	6.3586649894714355	118000	12777.755791425705	106904	9.403389830508473	
-2750346.0088272127	80.7	10.139240506329115	164.55696202531647	103.0253164556962	-53.53719618913404	1475	3954	114	13.0	286.0	180.0	45	8.0	90.0	58.0	0	0	7.072775602340698	118080	12784.828567028046	106979	9.40125338753387	
-2750332.3001164543	83.075	10.151898734177216	162.9746835443038	102.0	-53.53719618913404	1476	3955	120	13.0	291.0	180.0	39	8.0	96.0	62.0	0	0	6.545648574829102	118160	12791.374215602875	107054	9.399119837508465	
-2362875.7664111075	82.4625	10.08860759493671	159.0759493670886	99.46835443037975	-53.53719618913404	1477	3956	145	12.0	251.0	153.0	8	8.0	90.0	58.0	0	0	6.262189626693726	118240	12797.636405229568	107128	9.397834912043308	
-1987926.5349925186	83.75	10.025316455696203	164.64556962025316	102.82278481012658	-53.53719618913404	1478	3957	111	13.0	314.0	189.0	39	8.0	88.0	57.0	0	0	6.54616641998291	118320	12804.182571649551	107202	9.396551724137936	
-2037895.1129086236	83.4	10.23076923076923	173.5897435897436	108.16666666666667	-53.53719618913404	1479	3959	141	14.0	286.0	175.0	41	9.0	107.0	69.0	0	0	6.362425327301025	118400	12810.544996976852	107274	9.396959459459467	
-1887870.3350238092	82.825	10.08860759493671	164.81012658227849	103.0253164556962	-53.53719618913404	1480	3960	133	13.0	336.0	211.0	31	8.0	85.0	55.0	0	0	6.948912858963013	118480	12817.493909835815	107349	9.394834571235648	
-1800348.6520978715	83.85	10.125	164.025	102.6125	-53.53719618913404	1481	3960	116	13	258	157	55	9	99	64	0	0	6.432370901107788	118560	12823.926280736923	107425	9.39186909581646	
-2075342.5531510494	82.225	10.115384615384615	166.53846153846155	103.91025641025641	-53.53719618913404	1482	3962	148	14.0	277.0	168.0	16	8.0	98.0	64.0	0	0	6.473707914352417	118640	12830.399988651276	107499	9.390593391773422	
-2287793.5195336677	86.4125	10.051948051948052	160.7792207792208	100.46753246753246	-53.53719618913404	1483	3965	166	14.0	263.0	161.0	20	8.0	88.0	57.0	0	0	6.240661382675171	118720	12836.64065003395	107572	9.390161725067387	
-1625421.3459370902	89.1875	10.177215189873417	170.69620253164558	106.72151898734177	-53.53719618913404	1484	3966	136	13.0	305.0	193.0	47	8.0	95.0	61.0	0	0	6.668260812759399	118800	12843.30891084671	107647	9.388047138047142	
-1962810.974974855	86.6125	10.14102564102564	168.03846153846155	105.14102564102564	-53.53719618913404	1485	3968	164	15.0	274.0	168.0	18	8.0	97.0	63.0	0	0	7.023318290710449	118880	12850.33222913742	107721	9.386776581426645	
-2050405.2630325207	84.125	9.935897435897436	163.15384615384616	102.05128205128206	-53.53719618913404	1486	3970	172	12.0	300.0	185.0	10	7.0	87.0	56.0	0	0	6.5546910762786865	118960	12856.8869202137	107794	9.386348352387358	
-1537768.9798228336	80.2125	10.102564102564102	175.25641025641025	109.34615384615384	-53.53719618913404	1487	3972	123	13.0	406.0	249.0	10	8.0	108.0	69.0	0	0	6.536349773406982	119040	12863.423269987106	107866	9.386760752688176	
-1800428.349663572	81.8875	9.897435897435898	165.55128205128204	103.38461538461539	-53.53719618913404	1488	3974	141	13.0	313.0	194.0	23	8.0	88.0	57.0	0	0	6.301168441772461	119120	12869.724438428879	107939	9.386333109469447	
-2462871.9979317626	81.7125	10.181818181818182	167.03896103896105	104.32467532467533	-53.53719618913404	1489	3977	140	13.0	314.0	191.0	24	9.0	111.0	72.0	0	0	6.306236743927002	119200	12876.030675172806	108012	9.385906040268452	
-2450400.0617262693	82.075	10.177215189873417	165.54430379746836	103.45569620253164	-53.53719618913404	1490	3978	128	13.0	314.0	189.0	36	8.0	102.0	66.0	0	0	7.151430606842041	119280	12883.182105779648	108087	9.383802816901408	
-1425370.0211752267	81.6	10.075949367088608	158.78481012658227	99.36708860759494	-53.53719618913404	1491	3979	147	13.0	233.0	143.0	17	8.0	98.0	63.0	0	0	6.246161460876465	119360	12889.428267240524	108162	9.381702412868634	
-2550318.7407850036	81.9	9.95	159.675	100.0	-53.53719618913404	1492	3979	116	13	240	148	48	8	79	51	0	0	6.345431804656982	119440	12895.773699045181	108238	9.378767582049562	
-2350373.165818005	82.775	9.924050632911392	158.13924050632912	99.07594936708861	-53.53719618913404	1493	3980	113	11.0	213.0	133.0	58	8.0	87.0	56.0	0	0	6.150344610214233	119520	12901.924043655396	108311	9.378346720214196	
-2400359.452201642	82.4875	10.051282051282051	165.16666666666666	103.33333333333333	-53.53719618913404	1494	3982	139	17.0	399.0	244.0	38	8.0	87.0	56.0	0	0	6.425416707992554	119600	12908.349460363388	108385	9.37709030100335	
-1687926.1884067089	83.35	9.987012987012987	159.19480519480518	99.85714285714286	-53.53719618913404	1495	3985	152	15.0	336.0	205.0	12	8.0	100.0	64.0	0	0	6.271203994750977	119680	12914.620664358139	108457	9.377506684491976	
-2337821.9868974527	82.8625	10.118421052631579	164.1184210526316	102.69736842105263	-53.53719618913404	1496	3989	155	14.0	311.0	189.0	9	8.0	85.0	55.0	0	0	6.298041105270386	119760	12920.91870546341	108529	9.377922511690045	
-2600457.151364021	81.3125	9.95945945945946	159.01351351351352	99.56756756756756	-53.53719618913404	1497	3995	154	13.0	304.0	187.0	5	8.0	90.0	58.0	0	0	5.700633525848389	119840	12926.619338989258	108597	9.38167556742323	
-2800330.1918412405	81.5375	10.08	162.41333333333333	101.77333333333333	-53.53719618913404	1498	4000	153	15.0	344.0	211.0	10	8.0	92.0	59.0	0	0	6.116394996643066	119920	12932.7357339859	108668	9.3829219479653	
-1912950.077788926	86.5	10.181818181818182	178.27272727272728	111.33766233766234	-53.53719618913404	1499	4003	134	14.0	314.0	192.0	40	8.0	102.0	66.0	0	0	6.225675344467163	120000	12938.961409330368	108739	9.384166666666673	
-2600312.1740006283	85.475	10.2375	176.3625	110.225	-53.53719618913404	1500	4003	124	14	303	193	61	8	95	61	0	0	7.036267995834351	120080	12945.997677326202	108815	9.381245836109258	
