0	[-187.65192136608292, -1]
1	[-183.08514139310475, -1]
1	[-168.26748268590688, -2]
2	[-5071.916368204695, 0]
2	[-131.71830450669367, -1]
2	[-131.14351852950549, -3]
3	[-201.84199872522342, 0]
3	[-131.71830450669367, -1]
3	[-131.14351852950549, -3]
4	[-201.84199872522342, 0]
4	[-127.69409505156706, -1]
5	[-127.54618246928588, 0]
5	[-98.7869613511641, -3]
6	[-127.54618246928588, 0]
6	[-125.20147590329016, -1]
6	[-98.7869613511641, -3]
7	[-127.54618246928588, 0]
7	[-107.948825112195, -1]
7	[-98.7869613511641, -3]
8	[-127.54618246928588, 0]
8	[-107.948825112195, -1]
8	[-98.7869613511641, -3]
9	[-107.4536353401904, 0]
9	[-98.7869613511641, -3]
10	[-106.41772809437832, 0]
10	[-104.1081506358274, -1]
10	[-97.82591511610683, -3]
11	[-106.41772809437832, 0]
11	[-106.41772809437832, 0]
11	[-103.5335517533399, -1]
11	[-89.76474746343433, -3]
12	[-97.46779794650107, 0]
12	[-89.76474746343433, -3]
13	[-97.46779794650107, 0]
13	[-89.76474746343433, -3]
14	[-97.46779794650107, 0]
14	[-89.76474746343433, -3]
15	[-97.46779794650107, 0]
15	[-89.76474746343433, -3]
15	[-89.76474746343433, -3]
16	[-97.46779794650107, 0]
16	[-89.76474746343433, -3]
16	[-89.76474746343433, -3]
17	[-97.46779794650107, 0]
17	[-96.48234496370958, -1]
17	[-89.76474746343433, -3]
17	[-89.76474746343433, -3]
18	[-97.46779794650107, 0]
18	[-96.48234496370958, -1]
18	[-88.73758270810708, -3]
19	[-97.46779794650107, 0]
19	[-96.48234496370958, -1]
19	[-90.15649419479625, -2]
19	[-88.73758270810708, -3]
20	[-97.42240204600697, 0]
20	[-96.48234496370958, -1]
20	[-90.15649419479625, -2]
20	[-88.49591002103206, -3]
21	[-97.42240204600697, 0]
21	[-96.48234496370958, -1]
21	[-90.15649419479625, -2]
21	[-88.49591002103206, -3]
22	[-97.42240204600697, 0]
22	[-96.4231454868556, -1]
22	[-90.15649419479625, -2]
22	[-88.49591002103206, -3]
23	[-95.8539827129968, 0]
23	[-92.36474076654834, -1]
23	[-90.15649419479625, -2]
23	[-77.73096831209482, -3]
24	[-95.8539827129968, 0]
24	[-95.8539827129968, 0]
24	[-95.8539827129968, 0]
24	[-92.36474076654834, -1]
24	[-90.15649419479625, -2]
24	[-77.73096831209482, -3]
25	[-88.76401678997405, 0]
25	[-80.87038134827819, -2]
25	[-77.73096831209482, -3]
26	[-87.52321711422385, 0]
26	[-80.87038134827819, -2]
26	[-77.67754748195762, -3]
27	[-87.52321711422385, 0]
27	[-80.87038134827819, -2]
27	[-77.67754748195762, -3]
28	[-86.567027920066, 0]
28	[-80.87038134827819, -2]
28	[-77.67754748195762, -3]
29	[-86.567027920066, 0]
29	[-86.567027920066, 0]
29	[-86.567027920066, 0]
29	[-86.567027920066, 0]
29	[-86.567027920066, 0]
29	[-80.87038134827819, -2]
29	[-77.67754748195762, -3]
30	[-85.9261120636576, 0]
30	[-80.87038134827819, -2]
30	[-77.37861800994966, -3]
31	[-85.91972353382451, 0]
31	[-79.00047843804195, -2]
31	[-77.37861800994966, -3]
31	[-77.37861800994966, -3]
32	[-85.91972353382451, 0]
32	[-85.91972353382451, 0]
32	[-78.66687323457622, -2]
32	[-77.37861800994966, -3]
32	[-77.37861800994966, -3]
33	[-78.42651192487217, 0]
33	[-74.6756936630358, -2]
34	[-77.35304664447229, 0]
34	[-74.6756936630358, -2]
35	[-77.35304664447229, 0]
35	[-77.35304664447229, 0]
35	[-74.6756936630358, -2]
35	[-74.6756936630358, -2]
36	[-77.35304664447229, 0]
36	[-77.35304664447229, 0]
36	[-77.35304664447229, 0]
36	[-74.66745993747426, -2]
37	[-75.91028653996975, 0]
37	[-74.29404989793281, -2]
38	[-75.91028653996975, 0]
38	[-75.91028653996975, 0]
38	[-75.91028653996975, 0]
38	[-73.88705476365232, -2]
39	[-73.46373715326963, 0]
40	[-73.46373715326963, 0]
41	[-73.46373715326963, 0]
41	[-73.46373715326963, 0]
41	[-71.56769585393886, -2]
42	[-73.46373715326963, 0]
42	[-73.46373715326963, 0]
42	[-67.6526000600616, -2]
43	[-73.46373715326963, 0]
43	[-73.46373715326963, 0]
43	[-73.46373715326963, 0]
43	[-73.46373715326963, 0]
43	[-65.82600274973764, -2]
44	[-71.25759009585654, 0]
44	[-65.82600274973764, -2]
44	[-65.82600274973764, -2]
44	[-65.82600274973764, -2]
45	[-71.25759009585654, 0]
45	[-71.25759009585654, 0]
45	[-65.82600274973764, -2]
45	[-65.82600274973764, -2]
45	[-65.82600274973764, -2]
45	[-65.82600274973764, -2]
45	[-65.82600274973764, -2]
45	[-65.82600274973764, -2]
46	[-69.5941317043275, 0]
46	[-64.62793785573365, -2]
47	[-69.5941317043275, 0]
47	[-69.5941317043275, 0]
47	[-64.13889548134172, -2]
48	[-69.5941317043275, 0]
48	[-69.5941317043275, 0]
48	[-69.5941317043275, 0]
48	[-62.4967452178182, -2]
49	[-69.5941317043275, 0]
49	[-69.5941317043275, 0]
49	[-69.5941317043275, 0]
49	[-69.5941317043275, 0]
49	[-69.5941317043275, 0]
49	[-62.4967452178182, -2]
49	[-62.4967452178182, -2]
50	[-69.5941317043275, 0]
50	[-69.5941317043275, 0]
50	[-69.5941317043275, 0]
50	[-69.5941317043275, 0]
50	[-69.5941317043275, 0]
50	[-69.5941317043275, 0]
50	[-69.5941317043275, 0]
50	[-69.5941317043275, 0]
50	[-62.4967452178182, -2]
50	[-62.4967452178182, -2]
51	[-69.5941317043275, 0]
51	[-69.5941317043275, 0]
51	[-69.5941317043275, 0]
51	[-69.5941317043275, 0]
51	[-69.5941317043275, 0]
51	[-69.5941317043275, 0]
51	[-69.5941317043275, 0]
51	[-69.5941317043275, 0]
51	[-69.5941317043275, 0]
51	[-69.5941317043275, 0]
51	[-69.5941317043275, 0]
51	[-69.5941317043275, 0]
51	[-69.5941317043275, 0]
51	[-69.5941317043275, 0]
51	[-69.5941317043275, 0]
51	[-62.4967452178182, -2]
51	[-62.4967452178182, -2]
51	[-62.4967452178182, -2]
51	[-62.4967452178182, -2]
51	[-62.4967452178182, -2]
52	[-69.5941317043275, 0]
52	[-69.5941317043275, 0]
52	[-69.5941317043275, 0]
52	[-69.5941317043275, 0]
52	[-69.5941317043275, 0]
52	[-69.5941317043275, 0]
52	[-69.5941317043275, 0]
52	[-69.5941317043275, 0]
52	[-69.5941317043275, 0]
52	[-69.5941317043275, 0]
52	[-69.5941317043275, 0]
52	[-69.5941317043275, 0]
52	[-69.5941317043275, 0]
52	[-69.5941317043275, 0]
52	[-69.5941317043275, 0]
52	[-69.5941317043275, 0]
52	[-69.5941317043275, 0]
52	[-69.5941317043275, 0]
52	[-69.5941317043275, 0]
52	[-69.5941317043275, 0]
52	[-69.5941317043275, 0]
52	[-69.5941317043275, 0]
52	[-69.5941317043275, 0]
52	[-69.5941317043275, 0]
52	[-69.5941317043275, 0]
52	[-69.5941317043275, 0]
52	[-62.4967452178182, -2]
52	[-62.4967452178182, -2]
52	[-62.4967452178182, -2]
52	[-62.4967452178182, -2]
52	[-62.4967452178182, -2]
52	[-62.4967452178182, -2]
52	[-62.4967452178182, -2]
52	[-62.4967452178182, -2]
52	[-62.4967452178182, -2]
53	[-69.5941317043275, 0]
53	[-69.5941317043275, 0]
53	[-69.5941317043275, 0]
53	[-69.5941317043275, 0]
53	[-69.5941317043275, 0]
53	[-69.5941317043275, 0]
53	[-69.5941317043275, 0]
53	[-69.5941317043275, 0]
53	[-69.5941317043275, 0]
53	[-69.5941317043275, 0]
53	[-69.5941317043275, 0]
53	[-69.5941317043275, 0]
53	[-69.5941317043275, 0]
53	[-69.5941317043275, 0]
53	[-69.5941317043275, 0]
53	[-69.5941317043275, 0]
53	[-69.5941317043275, 0]
53	[-69.5941317043275, 0]
53	[-69.5941317043275, 0]
53	[-69.5941317043275, 0]
53	[-69.5941317043275, 0]
53	[-69.5941317043275, 0]
53	[-69.5941317043275, 0]
53	[-69.5941317043275, 0]
53	[-69.5941317043275, 0]
53	[-69.5941317043275, 0]
53	[-69.5941317043275, 0]
53	[-69.5941317043275, 0]
53	[-69.5941317043275, 0]
53	[-69.5941317043275, 0]
53	[-69.5941317043275, 0]
53	[-69.5941317043275, 0]
53	[-69.5941317043275, 0]
53	[-69.5941317043275, 0]
53	[-69.5941317043275, 0]
53	[-62.4967452178182, -2]
53	[-62.4967452178182, -2]
53	[-62.4967452178182, -2]
53	[-62.4967452178182, -2]
53	[-62.4967452178182, -2]
53	[-62.4967452178182, -2]
53	[-62.4967452178182, -2]
53	[-62.4967452178182, -2]
53	[-62.4967452178182, -2]
53	[-62.4967452178182, -2]
53	[-62.4967452178182, -2]
53	[-62.4967452178182, -2]
54	[-69.05941302321185, 0]
54	[-62.4967452178182, -2]
54	[-62.4967452178182, -2]
54	[-62.4967452178182, -2]
54	[-62.4967452178182, -2]
54	[-62.4967452178182, -2]
54	[-62.4967452178182, -2]
54	[-62.4967452178182, -2]
54	[-62.4967452178182, -2]
54	[-62.4967452178182, -2]
54	[-62.4967452178182, -2]
54	[-62.4967452178182, -2]
54	[-62.4967452178182, -2]
54	[-62.4967452178182, -2]
54	[-62.4967452178182, -2]
54	[-62.4967452178182, -2]
54	[-62.4967452178182, -2]
55	[-69.05941302321185, 0]
55	[-69.05941302321185, 0]
55	[-62.4967452178182, -2]
55	[-62.4967452178182, -2]
55	[-62.4967452178182, -2]
55	[-62.4967452178182, -2]
55	[-62.4967452178182, -2]
55	[-62.4967452178182, -2]
55	[-62.4967452178182, -2]
55	[-62.4967452178182, -2]
55	[-62.4967452178182, -2]
55	[-62.4967452178182, -2]
55	[-62.4967452178182, -2]
55	[-62.4967452178182, -2]
55	[-62.4967452178182, -2]
55	[-62.4967452178182, -2]
55	[-62.4967452178182, -2]
55	[-62.4967452178182, -2]
55	[-62.4967452178182, -2]
55	[-62.4967452178182, -2]
55	[-62.4967452178182, -2]
55	[-62.4967452178182, -2]
55	[-62.4967452178182, -2]
55	[-62.4967452178182, -2]
55	[-62.4967452178182, -2]
55	[-62.4967452178182, -2]
55	[-62.4967452178182, -2]
55	[-62.4967452178182, -2]
56	[-68.97045666521966, 0]
56	[-62.4967452178182, -2]
56	[-62.4967452178182, -2]
56	[-62.4967452178182, -2]
56	[-62.4967452178182, -2]
56	[-62.4967452178182, -2]
56	[-62.4967452178182, -2]
56	[-62.4967452178182, -2]
56	[-62.4967452178182, -2]
56	[-62.4967452178182, -2]
56	[-62.4967452178182, -2]
56	[-62.4967452178182, -2]
56	[-62.4967452178182, -2]
56	[-62.4967452178182, -2]
56	[-62.4967452178182, -2]
56	[-62.4967452178182, -2]
56	[-62.4967452178182, -2]
56	[-62.4967452178182, -2]
56	[-62.4967452178182, -2]
56	[-62.4967452178182, -2]
56	[-62.4967452178182, -2]
56	[-62.4967452178182, -2]
56	[-62.4967452178182, -2]
56	[-62.4967452178182, -2]
56	[-62.4967452178182, -2]
56	[-62.4967452178182, -2]
56	[-62.4967452178182, -2]
56	[-62.4967452178182, -2]
56	[-62.4967452178182, -2]
56	[-62.4967452178182, -2]
56	[-62.4967452178182, -2]
56	[-62.4967452178182, -2]
56	[-62.4967452178182, -2]
56	[-62.4967452178182, -2]
56	[-62.4967452178182, -2]
57	[-68.97045666521966, 0]
57	[-62.4967452178182, -2]
57	[-62.4967452178182, -2]
57	[-62.4967452178182, -2]
57	[-62.4967452178182, -2]
57	[-62.4967452178182, -2]
57	[-62.4967452178182, -2]
57	[-62.4967452178182, -2]
57	[-62.4967452178182, -2]
57	[-62.4967452178182, -2]
57	[-62.4967452178182, -2]
57	[-62.4967452178182, -2]
57	[-62.4967452178182, -2]
57	[-62.4967452178182, -2]
57	[-62.4967452178182, -2]
57	[-62.4967452178182, -2]
57	[-62.4967452178182, -2]
57	[-62.4967452178182, -2]
57	[-62.4967452178182, -2]
57	[-62.4967452178182, -2]
57	[-62.4967452178182, -2]
57	[-62.4967452178182, -2]
57	[-62.4967452178182, -2]
57	[-62.4967452178182, -2]
57	[-62.4967452178182, -2]
57	[-62.4967452178182, -2]
57	[-62.4967452178182, -2]
57	[-62.4967452178182, -2]
57	[-62.4967452178182, -2]
57	[-62.4967452178182, -2]
57	[-62.4967452178182, -2]
57	[-62.4967452178182, -2]
57	[-62.4967452178182, -2]
57	[-62.4967452178182, -2]
57	[-62.4967452178182, -2]
57	[-62.4967452178182, -2]
57	[-62.4967452178182, -2]
57	[-62.4967452178182, -2]
57	[-62.4967452178182, -2]
57	[-62.4967452178182, -2]
57	[-62.4967452178182, -2]
57	[-62.4967452178182, -2]
57	[-62.4967452178182, -2]
57	[-62.4967452178182, -2]
57	[-62.4967452178182, -2]
57	[-62.4967452178182, -2]
57	[-62.4967452178182, -2]
57	[-62.4967452178182, -2]
57	[-62.4967452178182, -2]
57	[-62.4967452178182, -2]
57	[-62.4967452178182, -2]
57	[-62.4967452178182, -2]
57	[-62.4967452178182, -2]
58	[-68.97045666521966, 0]
58	[-62.4967452178182, -2]
58	[-62.4967452178182, -2]
58	[-62.4967452178182, -2]
58	[-62.4967452178182, -2]
58	[-62.4967452178182, -2]
58	[-62.4967452178182, -2]
58	[-62.4967452178182, -2]
58	[-62.4967452178182, -2]
58	[-62.4967452178182, -2]
58	[-62.4967452178182, -2]
58	[-62.4967452178182, -2]
58	[-62.4967452178182, -2]
58	[-62.4967452178182, -2]
58	[-62.4967452178182, -2]
58	[-62.4967452178182, -2]
58	[-62.4967452178182, -2]
58	[-62.4967452178182, -2]
58	[-62.4967452178182, -2]
58	[-62.4967452178182, -2]
58	[-62.4967452178182, -2]
58	[-62.4967452178182, -2]
58	[-62.4967452178182, -2]
58	[-62.4967452178182, -2]
58	[-62.4967452178182, -2]
58	[-62.4967452178182, -2]
58	[-62.4967452178182, -2]
58	[-62.4967452178182, -2]
58	[-62.4967452178182, -2]
58	[-62.4967452178182, -2]
58	[-62.4967452178182, -2]
58	[-62.4967452178182, -2]
58	[-62.4967452178182, -2]
58	[-62.4967452178182, -2]
58	[-62.4967452178182, -2]
58	[-62.4967452178182, -2]
58	[-62.4967452178182, -2]
58	[-62.4967452178182, -2]
58	[-62.4967452178182, -2]
58	[-62.4967452178182, -2]
58	[-62.4967452178182, -2]
58	[-62.4967452178182, -2]
58	[-62.4967452178182, -2]
58	[-62.4967452178182, -2]
58	[-62.4967452178182, -2]
58	[-62.4967452178182, -2]
58	[-62.4967452178182, -2]
58	[-62.4967452178182, -2]
58	[-62.4967452178182, -2]
58	[-62.4967452178182, -2]
58	[-62.4967452178182, -2]
58	[-62.4967452178182, -2]
58	[-62.4967452178182, -2]
58	[-62.4967452178182, -2]
58	[-62.4967452178182, -2]
58	[-62.4967452178182, -2]
58	[-62.4967452178182, -2]
58	[-62.4967452178182, -2]
58	[-62.4967452178182, -2]
58	[-62.4967452178182, -2]
58	[-62.4967452178182, -2]
58	[-62.4967452178182, -2]
58	[-62.4967452178182, -2]
58	[-62.4967452178182, -2]
58	[-62.4967452178182, -2]
58	[-62.4967452178182, -2]
58	[-62.4967452178182, -2]
59	[-68.97045666521966, 0]
59	[-62.4227879527421, -2]
60	[-68.97045666521966, 0]
60	[-62.4227879527421, -2]
61	[-68.97045666521966, 0]
61	[-62.4227879527421, -2]
61	[-62.4227879527421, -2]
62	[-68.97045666521966, 0]
62	[-68.97045666521966, 0]
62	[-62.4227879527421, -2]
62	[-62.4227879527421, -2]
62	[-62.4227879527421, -2]
62	[-62.4227879527421, -2]
62	[-62.4227879527421, -2]
63	[-67.63743488387706, 0]
63	[-62.4227879527421, -2]
63	[-62.4227879527421, -2]
63	[-62.4227879527421, -2]
63	[-62.4227879527421, -2]
63	[-62.4227879527421, -2]
63	[-62.4227879527421, -2]
63	[-62.4227879527421, -2]
63	[-62.4227879527421, -2]
64	[-67.07851584893535, 0]
64	[-62.4227879527421, -2]
64	[-62.4227879527421, -2]
64	[-62.4227879527421, -2]
64	[-62.4227879527421, -2]
64	[-62.4227879527421, -2]
64	[-62.4227879527421, -2]
64	[-62.4227879527421, -2]
64	[-62.4227879527421, -2]
64	[-62.4227879527421, -2]
64	[-62.4227879527421, -2]
64	[-62.4227879527421, -2]
64	[-62.4227879527421, -2]
65	[-67.07851584893535, 0]
65	[-62.4227879527421, -2]
65	[-62.4227879527421, -2]
65	[-62.4227879527421, -2]
65	[-62.4227879527421, -2]
65	[-62.4227879527421, -2]
65	[-62.4227879527421, -2]
65	[-62.4227879527421, -2]
65	[-62.4227879527421, -2]
65	[-62.4227879527421, -2]
65	[-62.4227879527421, -2]
65	[-62.4227879527421, -2]
65	[-62.4227879527421, -2]
65	[-62.4227879527421, -2]
65	[-62.4227879527421, -2]
65	[-62.4227879527421, -2]
65	[-62.4227879527421, -2]
65	[-62.4227879527421, -2]
65	[-62.4227879527421, -2]
66	[-67.07851584893535, 0]
66	[-62.30677747200237, -2]
67	[-67.07851584893535, 0]
67	[-62.30677747200237, -2]
68	[-67.07851584893535, 0]
68	[-62.266041213996964, -2]
69	[-67.07851584893535, 0]
69	[-67.07851584893535, 0]
69	[-67.07851584893535, 0]
69	[-61.65382149850242, -2]
70	[-67.07851584893535, 0]
70	[-67.07851584893535, 0]
70	[-67.07851584893535, 0]
70	[-61.65382149850242, -2]
71	[-67.07851584893535, 0]
71	[-67.07851584893535, 0]
71	[-67.07851584893535, 0]
71	[-67.07851584893535, 0]
71	[-61.41833102545801, -2]
72	[-67.07851584893535, 0]
72	[-67.07851584893535, 0]
72	[-67.07851584893535, 0]
72	[-67.07851584893535, 0]
72	[-67.07851584893535, 0]
72	[-67.07851584893535, 0]
72	[-67.07851584893535, 0]
72	[-67.07851584893535, 0]
72	[-60.7354033556904, -2]
73	[-67.07851584893535, 0]
73	[-67.07851584893535, 0]
73	[-67.07851584893535, 0]
73	[-67.07851584893535, 0]
73	[-67.07851584893535, 0]
73	[-67.07851584893535, 0]
73	[-67.07851584893535, 0]
73	[-67.07851584893535, 0]
73	[-67.07851584893535, 0]
73	[-67.07851584893535, 0]
73	[-67.07851584893535, 0]
73	[-67.07851584893535, 0]
73	[-60.7354033556904, -2]
73	[-60.7354033556904, -2]
73	[-60.7354033556904, -2]
74	[-67.07851584893535, 0]
74	[-67.07851584893535, 0]
74	[-67.07851584893535, 0]
74	[-67.07851584893535, 0]
74	[-67.07851584893535, 0]
74	[-67.07851584893535, 0]
74	[-67.07851584893535, 0]
74	[-67.07851584893535, 0]
74	[-67.07851584893535, 0]
74	[-67.07851584893535, 0]
74	[-67.07851584893535, 0]
74	[-67.07851584893535, 0]
74	[-67.07851584893535, 0]
74	[-67.07851584893535, 0]
74	[-67.07851584893535, 0]
74	[-67.07851584893535, 0]
74	[-60.721293251035505, -2]
75	[-66.10970520511133, 0]
75	[-60.721293251035505, -2]
76	[-66.06983514515203, 0]
76	[-60.721293251035505, -2]
76	[-60.721293251035505, -2]
77	[-66.06983514515203, 0]
77	[-60.60224844896708, -2]
78	[-66.06983514515203, 0]
78	[-60.44268830003918, -2]
79	[-66.06983514515203, 0]
79	[-60.44268830003918, -2]
80	[-66.06983514515203, 0]
80	[-60.41727003944095, -2]
81	[-66.06983514515203, 0]
81	[-60.41727003944095, -2]
81	[-60.41727003944095, -2]
81	[-60.41727003944095, -2]
82	[-65.77317382474354, 0]
82	[-60.41727003944095, -2]
82	[-60.41727003944095, -2]
82	[-60.41727003944095, -2]
82	[-60.41727003944095, -2]
82	[-60.41727003944095, -2]
82	[-60.41727003944095, -2]
83	[-65.77317382474354, 0]
83	[-65.77317382474354, 0]
83	[-60.41727003944095, -2]
83	[-60.41727003944095, -2]
83	[-60.41727003944095, -2]
83	[-60.41727003944095, -2]
83	[-60.41727003944095, -2]
83	[-60.41727003944095, -2]
83	[-60.41727003944095, -2]
83	[-60.41727003944095, -2]
83	[-60.41727003944095, -2]
83	[-60.41727003944095, -2]
84	[-65.29791554181601, 0]
84	[-60.41727003944095, -2]
84	[-60.41727003944095, -2]
84	[-60.41727003944095, -2]
84	[-60.41727003944095, -2]
84	[-60.41727003944095, -2]
84	[-60.41727003944095, -2]
84	[-60.41727003944095, -2]
84	[-60.41727003944095, -2]
84	[-60.41727003944095, -2]
84	[-60.41727003944095, -2]
84	[-60.41727003944095, -2]
84	[-60.41727003944095, -2]
84	[-60.41727003944095, -2]
84	[-60.41727003944095, -2]
84	[-60.41727003944095, -2]
84	[-60.41727003944095, -2]
84	[-60.41727003944095, -2]
85	[-65.29791554181601, 0]
85	[-65.29791554181601, 0]
85	[-60.12564101344438, -2]
86	[-65.29791554181601, 0]
86	[-65.29791554181601, 0]
86	[-65.29791554181601, 0]
86	[-60.12564101344438, -2]
86	[-60.12564101344438, -2]
87	[-65.29791554181601, 0]
87	[-65.29791554181601, 0]
87	[-65.29791554181601, 0]
87	[-60.12564101344438, -2]
87	[-60.12564101344438, -2]
87	[-60.12564101344438, -2]
88	[-65.203115139056, 0]
88	[-60.12564101344438, -2]
88	[-60.12564101344438, -2]
88	[-60.12564101344438, -2]
88	[-60.12564101344438, -2]
89	[-65.203115139056, 0]
89	[-65.203115139056, 0]
89	[-65.203115139056, 0]
89	[-59.977540766958775, -2]
90	[-65.203115139056, 0]
90	[-65.203115139056, 0]
90	[-65.203115139056, 0]
90	[-65.203115139056, 0]
90	[-59.977540766958775, -2]
91	[-65.17225107739606, 0]
91	[-59.903997253655845, -2]
92	[-65.16294609676076, 0]
92	[-59.903997253655845, -2]
93	[-65.16294609676076, 0]
93	[-65.16294609676076, 0]
93	[-59.903997253655845, -2]
94	[-65.16294609676076, 0]
94	[-65.16294609676076, 0]
94	[-65.16294609676076, 0]
94	[-59.903997253655845, -2]
94	[-59.903997253655845, -2]
95	[-65.16294609676076, 0]
95	[-65.16294609676076, 0]
95	[-65.16294609676076, 0]
95	[-65.16294609676076, 0]
95	[-65.16294609676076, 0]
95	[-59.903997253655845, -2]
95	[-59.903997253655845, -2]
95	[-59.903997253655845, -2]
95	[-59.903997253655845, -2]
96	[-65.16294609676076, 0]
96	[-65.16294609676076, 0]
96	[-65.16294609676076, 0]
96	[-65.16294609676076, 0]
96	[-65.16294609676076, 0]
96	[-65.16294609676076, 0]
96	[-65.16294609676076, 0]
96	[-65.16294609676076, 0]
96	[-65.16294609676076, 0]
96	[-59.903997253655845, -2]
96	[-59.903997253655845, -2]
96	[-59.903997253655845, -2]
96	[-59.903997253655845, -2]
96	[-59.903997253655845, -2]
96	[-59.903997253655845, -2]
96	[-59.903997253655845, -2]
97	[-65.16294609676076, 0]
97	[-65.16294609676076, 0]
97	[-65.16294609676076, 0]
97	[-65.16294609676076, 0]
97	[-65.16294609676076, 0]
97	[-65.16294609676076, 0]
97	[-65.16294609676076, 0]
97	[-65.16294609676076, 0]
97	[-65.16294609676076, 0]
97	[-65.16294609676076, 0]
97	[-65.16294609676076, 0]
97	[-65.16294609676076, 0]
97	[-65.16294609676076, 0]
97	[-65.16294609676076, 0]
97	[-59.903997253655845, -2]
97	[-59.903997253655845, -2]
97	[-59.903997253655845, -2]
97	[-59.903997253655845, -2]
97	[-59.903997253655845, -2]
97	[-59.903997253655845, -2]
97	[-59.903997253655845, -2]
97	[-59.903997253655845, -2]
97	[-59.903997253655845, -2]
97	[-59.903997253655845, -2]
98	[-65.16294609676076, 0]
98	[-65.16294609676076, 0]
98	[-65.16294609676076, 0]
98	[-65.16294609676076, 0]
98	[-65.16294609676076, 0]
98	[-65.16294609676076, 0]
98	[-65.16294609676076, 0]
98	[-65.16294609676076, 0]
98	[-65.16294609676076, 0]
98	[-65.16294609676076, 0]
98	[-65.16294609676076, 0]
98	[-65.16294609676076, 0]
98	[-65.16294609676076, 0]
98	[-65.16294609676076, 0]
98	[-65.16294609676076, 0]
98	[-65.16294609676076, 0]
98	[-65.16294609676076, 0]
98	[-59.903997253655845, -2]
98	[-59.903997253655845, -2]
98	[-59.903997253655845, -2]
98	[-59.903997253655845, -2]
98	[-59.903997253655845, -2]
98	[-59.903997253655845, -2]
98	[-59.903997253655845, -2]
98	[-59.903997253655845, -2]
98	[-59.903997253655845, -2]
98	[-59.903997253655845, -2]
98	[-59.903997253655845, -2]
98	[-59.903997253655845, -2]
98	[-59.903997253655845, -2]
98	[-59.903997253655845, -2]
98	[-59.903997253655845, -2]
98	[-59.903997253655845, -2]
98	[-59.903997253655845, -2]
98	[-59.903997253655845, -2]
98	[-59.903997253655845, -2]
98	[-59.903997253655845, -2]
98	[-59.903997253655845, -2]
99	[-65.16294609676076, 0]
99	[-65.16294609676076, 0]
99	[-65.16294609676076, 0]
99	[-65.16294609676076, 0]
99	[-65.16294609676076, 0]
99	[-65.16294609676076, 0]
99	[-65.16294609676076, 0]
99	[-65.16294609676076, 0]
99	[-65.16294609676076, 0]
99	[-65.16294609676076, 0]
99	[-65.16294609676076, 0]
99	[-65.16294609676076, 0]
99	[-65.16294609676076, 0]
99	[-65.16294609676076, 0]
99	[-65.16294609676076, 0]
99	[-65.16294609676076, 0]
99	[-65.16294609676076, 0]
99	[-65.16294609676076, 0]
99	[-65.16294609676076, 0]
99	[-65.16294609676076, 0]
99	[-65.16294609676076, 0]
99	[-65.16294609676076, 0]
99	[-65.16294609676076, 0]
99	[-59.903997253655845, -2]
99	[-59.903997253655845, -2]
99	[-59.903997253655845, -2]
99	[-59.903997253655845, -2]
99	[-59.903997253655845, -2]
99	[-59.903997253655845, -2]
99	[-59.903997253655845, -2]
99	[-59.903997253655845, -2]
99	[-59.903997253655845, -2]
99	[-59.903997253655845, -2]
99	[-59.903997253655845, -2]
99	[-59.903997253655845, -2]
99	[-59.903997253655845, -2]
99	[-59.903997253655845, -2]
99	[-59.903997253655845, -2]
99	[-59.903997253655845, -2]
99	[-59.903997253655845, -2]
99	[-59.903997253655845, -2]
99	[-59.903997253655845, -2]
99	[-59.903997253655845, -2]
99	[-59.903997253655845, -2]
99	[-59.903997253655845, -2]
99	[-59.903997253655845, -2]
99	[-59.903997253655845, -2]
99	[-59.903997253655845, -2]
99	[-59.903997253655845, -2]
99	[-59.903997253655845, -2]
100	[-65.16294609676076, 0]
100	[-65.16294609676076, 0]
100	[-65.16294609676076, 0]
100	[-65.16294609676076, 0]
100	[-65.16294609676076, 0]
100	[-65.16294609676076, 0]
100	[-65.16294609676076, 0]
100	[-65.16294609676076, 0]
100	[-65.16294609676076, 0]
100	[-65.16294609676076, 0]
100	[-65.16294609676076, 0]
100	[-65.16294609676076, 0]
100	[-65.16294609676076, 0]
100	[-65.16294609676076, 0]
100	[-65.16294609676076, 0]
100	[-65.16294609676076, 0]
100	[-65.16294609676076, 0]
100	[-65.16294609676076, 0]
100	[-65.16294609676076, 0]
100	[-65.16294609676076, 0]
100	[-65.16294609676076, 0]
100	[-65.16294609676076, 0]
100	[-65.16294609676076, 0]
100	[-65.16294609676076, 0]
100	[-65.16294609676076, 0]
100	[-65.16294609676076, 0]
100	[-65.16294609676076, 0]
100	[-65.16294609676076, 0]
100	[-59.903997253655845, -2]
100	[-59.903997253655845, -2]
100	[-59.903997253655845, -2]
100	[-59.903997253655845, -2]
100	[-59.903997253655845, -2]
100	[-59.903997253655845, -2]
100	[-59.903997253655845, -2]
100	[-59.903997253655845, -2]
100	[-59.903997253655845, -2]
100	[-59.903997253655845, -2]
100	[-59.903997253655845, -2]
100	[-59.903997253655845, -2]
100	[-59.903997253655845, -2]
100	[-59.903997253655845, -2]
100	[-59.903997253655845, -2]
100	[-59.903997253655845, -2]
100	[-59.903997253655845, -2]
100	[-59.903997253655845, -2]
100	[-59.903997253655845, -2]
100	[-59.903997253655845, -2]
100	[-59.903997253655845, -2]
100	[-59.903997253655845, -2]
100	[-59.903997253655845, -2]
100	[-59.903997253655845, -2]
100	[-59.903997253655845, -2]
100	[-59.903997253655845, -2]
100	[-59.903997253655845, -2]
100	[-59.903997253655845, -2]
100	[-59.903997253655845, -2]
100	[-59.903997253655845, -2]
100	[-59.903997253655845, -2]
100	[-59.903997253655845, -2]
100	[-59.903997253655845, -2]
100	[-59.903997253655845, -2]
101	[-65.16294609676076, 0]
101	[-65.16294609676076, 0]
101	[-65.16294609676076, 0]
101	[-65.16294609676076, 0]
101	[-65.16294609676076, 0]
101	[-65.16294609676076, 0]
101	[-65.16294609676076, 0]
101	[-65.16294609676076, 0]
101	[-65.16294609676076, 0]
101	[-65.16294609676076, 0]
101	[-65.16294609676076, 0]
101	[-65.16294609676076, 0]
101	[-65.16294609676076, 0]
101	[-65.16294609676076, 0]
101	[-65.16294609676076, 0]
101	[-65.16294609676076, 0]
101	[-65.16294609676076, 0]
101	[-65.16294609676076, 0]
101	[-65.16294609676076, 0]
101	[-65.16294609676076, 0]
101	[-65.16294609676076, 0]
101	[-65.16294609676076, 0]
101	[-65.16294609676076, 0]
101	[-65.16294609676076, 0]
101	[-65.16294609676076, 0]
101	[-65.16294609676076, 0]
101	[-65.16294609676076, 0]
101	[-65.16294609676076, 0]
101	[-65.16294609676076, 0]
101	[-65.16294609676076, 0]
101	[-65.16294609676076, 0]
101	[-65.16294609676076, 0]
101	[-65.16294609676076, 0]
101	[-65.16294609676076, 0]
101	[-65.16294609676076, 0]
101	[-59.903997253655845, -2]
101	[-59.903997253655845, -2]
101	[-59.903997253655845, -2]
101	[-59.903997253655845, -2]
101	[-59.903997253655845, -2]
101	[-59.903997253655845, -2]
101	[-59.903997253655845, -2]
101	[-59.903997253655845, -2]
101	[-59.903997253655845, -2]
101	[-59.903997253655845, -2]
101	[-59.903997253655845, -2]
101	[-59.903997253655845, -2]
101	[-59.903997253655845, -2]
101	[-59.903997253655845, -2]
101	[-59.903997253655845, -2]
101	[-59.903997253655845, -2]
101	[-59.903997253655845, -2]
101	[-59.903997253655845, -2]
101	[-59.903997253655845, -2]
101	[-59.903997253655845, -2]
101	[-59.903997253655845, -2]
101	[-59.903997253655845, -2]
101	[-59.903997253655845, -2]
101	[-59.903997253655845, -2]
101	[-59.903997253655845, -2]
101	[-59.903997253655845, -2]
101	[-59.903997253655845, -2]
101	[-59.903997253655845, -2]
101	[-59.903997253655845, -2]
101	[-59.903997253655845, -2]
101	[-59.903997253655845, -2]
101	[-59.903997253655845, -2]
101	[-59.903997253655845, -2]
101	[-59.903997253655845, -2]
101	[-59.903997253655845, -2]
101	[-59.903997253655845, -2]
101	[-59.903997253655845, -2]
101	[-59.903997253655845, -2]
101	[-59.903997253655845, -2]
101	[-59.903997253655845, -2]
101	[-59.903997253655845, -2]
101	[-59.903997253655845, -2]
102	[-65.16294609676076, 0]
102	[-65.16294609676076, 0]
102	[-65.16294609676076, 0]
102	[-65.16294609676076, 0]
102	[-65.16294609676076, 0]
102	[-65.16294609676076, 0]
102	[-65.16294609676076, 0]
102	[-65.16294609676076, 0]
102	[-65.16294609676076, 0]
102	[-65.16294609676076, 0]
102	[-65.16294609676076, 0]
102	[-65.16294609676076, 0]
102	[-65.16294609676076, 0]
102	[-65.16294609676076, 0]
102	[-65.16294609676076, 0]
102	[-65.16294609676076, 0]
102	[-65.16294609676076, 0]
102	[-65.16294609676076, 0]
102	[-65.16294609676076, 0]
102	[-65.16294609676076, 0]
102	[-65.16294609676076, 0]
102	[-65.16294609676076, 0]
102	[-65.16294609676076, 0]
102	[-65.16294609676076, 0]
102	[-65.16294609676076, 0]
102	[-65.16294609676076, 0]
102	[-65.16294609676076, 0]
102	[-65.16294609676076, 0]
102	[-65.16294609676076, 0]
102	[-65.16294609676076, 0]
102	[-65.16294609676076, 0]
102	[-65.16294609676076, 0]
102	[-65.16294609676076, 0]
102	[-65.16294609676076, 0]
102	[-65.16294609676076, 0]
102	[-65.16294609676076, 0]
102	[-65.16294609676076, 0]
102	[-65.16294609676076, 0]
102	[-59.903997253655845, -2]
102	[-59.903997253655845, -2]
102	[-59.903997253655845, -2]
102	[-59.903997253655845, -2]
102	[-59.903997253655845, -2]
102	[-59.903997253655845, -2]
102	[-59.903997253655845, -2]
102	[-59.903997253655845, -2]
102	[-59.903997253655845, -2]
102	[-59.903997253655845, -2]
102	[-59.903997253655845, -2]
102	[-59.903997253655845, -2]
102	[-59.903997253655845, -2]
102	[-59.903997253655845, -2]
102	[-59.903997253655845, -2]
102	[-59.903997253655845, -2]
102	[-59.903997253655845, -2]
102	[-59.903997253655845, -2]
102	[-59.903997253655845, -2]
102	[-59.903997253655845, -2]
102	[-59.903997253655845, -2]
102	[-59.903997253655845, -2]
102	[-59.903997253655845, -2]
102	[-59.903997253655845, -2]
102	[-59.903997253655845, -2]
102	[-59.903997253655845, -2]
102	[-59.903997253655845, -2]
102	[-59.903997253655845, -2]
102	[-59.903997253655845, -2]
102	[-59.903997253655845, -2]
102	[-59.903997253655845, -2]
102	[-59.903997253655845, -2]
102	[-59.903997253655845, -2]
102	[-59.903997253655845, -2]
102	[-59.903997253655845, -2]
102	[-59.903997253655845, -2]
102	[-59.903997253655845, -2]
102	[-59.903997253655845, -2]
102	[-59.903997253655845, -2]
102	[-59.903997253655845, -2]
102	[-59.903997253655845, -2]
102	[-59.903997253655845, -2]
103	[-65.16294609676076, 0]
103	[-65.16294609676076, 0]
103	[-65.16294609676076, 0]
103	[-65.16294609676076, 0]
103	[-65.16294609676076, 0]
103	[-65.16294609676076, 0]
103	[-65.16294609676076, 0]
103	[-65.16294609676076, 0]
103	[-65.16294609676076, 0]
103	[-65.16294609676076, 0]
103	[-65.16294609676076, 0]
103	[-65.16294609676076, 0]
103	[-65.16294609676076, 0]
103	[-65.16294609676076, 0]
103	[-65.16294609676076, 0]
103	[-65.16294609676076, 0]
103	[-65.16294609676076, 0]
103	[-65.16294609676076, 0]
103	[-65.16294609676076, 0]
103	[-65.16294609676076, 0]
103	[-65.16294609676076, 0]
103	[-65.16294609676076, 0]
103	[-65.16294609676076, 0]
103	[-65.16294609676076, 0]
103	[-65.16294609676076, 0]
103	[-65.16294609676076, 0]
103	[-65.16294609676076, 0]
103	[-65.16294609676076, 0]
103	[-65.16294609676076, 0]
103	[-65.16294609676076, 0]
103	[-65.16294609676076, 0]
103	[-65.16294609676076, 0]
103	[-65.16294609676076, 0]
103	[-65.16294609676076, 0]
103	[-65.16294609676076, 0]
103	[-65.16294609676076, 0]
103	[-65.16294609676076, 0]
103	[-65.16294609676076, 0]
103	[-65.16294609676076, 0]
103	[-65.16294609676076, 0]
103	[-59.903997253655845, -2]
103	[-59.903997253655845, -2]
103	[-59.903997253655845, -2]
103	[-59.903997253655845, -2]
103	[-59.903997253655845, -2]
103	[-59.903997253655845, -2]
103	[-59.903997253655845, -2]
103	[-59.903997253655845, -2]
103	[-59.903997253655845, -2]
103	[-59.903997253655845, -2]
103	[-59.903997253655845, -2]
103	[-59.903997253655845, -2]
103	[-59.903997253655845, -2]
103	[-59.903997253655845, -2]
103	[-59.903997253655845, -2]
103	[-59.903997253655845, -2]
103	[-59.903997253655845, -2]
103	[-59.903997253655845, -2]
103	[-59.903997253655845, -2]
103	[-59.903997253655845, -2]
103	[-59.903997253655845, -2]
103	[-59.903997253655845, -2]
103	[-59.903997253655845, -2]
103	[-59.903997253655845, -2]
103	[-59.903997253655845, -2]
103	[-59.903997253655845, -2]
103	[-59.903997253655845, -2]
103	[-59.903997253655845, -2]
103	[-59.903997253655845, -2]
103	[-59.903997253655845, -2]
103	[-59.903997253655845, -2]
103	[-59.903997253655845, -2]
103	[-59.903997253655845, -2]
103	[-59.903997253655845, -2]
103	[-59.903997253655845, -2]
103	[-59.903997253655845, -2]
103	[-59.903997253655845, -2]
103	[-59.903997253655845, -2]
103	[-59.903997253655845, -2]
103	[-59.903997253655845, -2]
104	[-65.16294609676076, 0]
104	[-65.16294609676076, 0]
104	[-65.16294609676076, 0]
104	[-65.16294609676076, 0]
104	[-65.16294609676076, 0]
104	[-65.16294609676076, 0]
104	[-65.16294609676076, 0]
104	[-65.16294609676076, 0]
104	[-65.16294609676076, 0]
104	[-65.16294609676076, 0]
104	[-65.16294609676076, 0]
104	[-65.16294609676076, 0]
104	[-65.16294609676076, 0]
104	[-65.16294609676076, 0]
104	[-65.16294609676076, 0]
104	[-65.16294609676076, 0]
104	[-65.16294609676076, 0]
104	[-65.16294609676076, 0]
104	[-65.16294609676076, 0]
104	[-65.16294609676076, 0]
104	[-65.16294609676076, 0]
104	[-65.16294609676076, 0]
104	[-65.16294609676076, 0]
104	[-65.16294609676076, 0]
104	[-65.16294609676076, 0]
104	[-65.16294609676076, 0]
104	[-65.16294609676076, 0]
104	[-65.16294609676076, 0]
104	[-65.16294609676076, 0]
104	[-65.16294609676076, 0]
104	[-65.16294609676076, 0]
104	[-65.16294609676076, 0]
104	[-65.16294609676076, 0]
104	[-65.16294609676076, 0]
104	[-65.16294609676076, 0]
104	[-65.16294609676076, 0]
104	[-65.16294609676076, 0]
104	[-65.16294609676076, 0]
104	[-65.16294609676076, 0]
104	[-65.16294609676076, 0]
104	[-65.16294609676076, 0]
104	[-65.16294609676076, 0]
104	[-65.16294609676076, 0]
104	[-65.16294609676076, 0]
104	[-65.16294609676076, 0]
104	[-59.903997253655845, -2]
104	[-59.903997253655845, -2]
104	[-59.903997253655845, -2]
104	[-59.903997253655845, -2]
104	[-59.903997253655845, -2]
104	[-59.903997253655845, -2]
104	[-59.903997253655845, -2]
104	[-59.903997253655845, -2]
104	[-59.903997253655845, -2]
104	[-59.903997253655845, -2]
104	[-59.903997253655845, -2]
104	[-59.903997253655845, -2]
104	[-59.903997253655845, -2]
104	[-59.903997253655845, -2]
104	[-59.903997253655845, -2]
104	[-59.903997253655845, -2]
104	[-59.903997253655845, -2]
104	[-59.903997253655845, -2]
104	[-59.903997253655845, -2]
104	[-59.903997253655845, -2]
104	[-59.903997253655845, -2]
104	[-59.903997253655845, -2]
104	[-59.903997253655845, -2]
104	[-59.903997253655845, -2]
104	[-59.903997253655845, -2]
104	[-59.903997253655845, -2]
104	[-59.903997253655845, -2]
104	[-59.903997253655845, -2]
104	[-59.903997253655845, -2]
104	[-59.903997253655845, -2]
104	[-59.903997253655845, -2]
104	[-59.903997253655845, -2]
104	[-59.903997253655845, -2]
104	[-59.903997253655845, -2]
104	[-59.903997253655845, -2]
105	[-64.88332014807446, 0]
105	[-59.903997253655845, -2]
105	[-59.903997253655845, -2]
105	[-59.903997253655845, -2]
105	[-59.903997253655845, -2]
105	[-59.903997253655845, -2]
105	[-59.903997253655845, -2]
105	[-59.903997253655845, -2]
105	[-59.903997253655845, -2]
105	[-59.903997253655845, -2]
105	[-59.903997253655845, -2]
105	[-59.903997253655845, -2]
105	[-59.903997253655845, -2]
105	[-59.903997253655845, -2]
105	[-59.903997253655845, -2]
105	[-59.903997253655845, -2]
105	[-59.903997253655845, -2]
105	[-59.903997253655845, -2]
105	[-59.903997253655845, -2]
105	[-59.903997253655845, -2]
105	[-59.903997253655845, -2]
105	[-59.903997253655845, -2]
105	[-59.903997253655845, -2]
105	[-59.903997253655845, -2]
105	[-59.903997253655845, -2]
105	[-59.903997253655845, -2]
105	[-59.903997253655845, -2]
105	[-59.903997253655845, -2]
105	[-59.903997253655845, -2]
105	[-59.903997253655845, -2]
105	[-59.903997253655845, -2]
105	[-59.903997253655845, -2]
105	[-59.903997253655845, -2]
105	[-59.903997253655845, -2]
105	[-59.903997253655845, -2]
105	[-59.903997253655845, -2]
105	[-59.903997253655845, -2]
105	[-59.903997253655845, -2]
105	[-59.903997253655845, -2]
105	[-59.903997253655845, -2]
105	[-59.903997253655845, -2]
105	[-59.903997253655845, -2]
105	[-59.903997253655845, -2]
105	[-59.903997253655845, -2]
105	[-59.903997253655845, -2]
106	[-64.88332014807446, 0]
106	[-64.88332014807446, 0]
106	[-59.903997253655845, -2]
106	[-59.903997253655845, -2]
106	[-59.903997253655845, -2]
106	[-59.903997253655845, -2]
106	[-59.903997253655845, -2]
106	[-59.903997253655845, -2]
106	[-59.903997253655845, -2]
106	[-59.903997253655845, -2]
106	[-59.903997253655845, -2]
106	[-59.903997253655845, -2]
106	[-59.903997253655845, -2]
106	[-59.903997253655845, -2]
106	[-59.903997253655845, -2]
106	[-59.903997253655845, -2]
106	[-59.903997253655845, -2]
106	[-59.903997253655845, -2]
106	[-59.903997253655845, -2]
106	[-59.903997253655845, -2]
106	[-59.903997253655845, -2]
106	[-59.903997253655845, -2]
106	[-59.903997253655845, -2]
106	[-59.903997253655845, -2]
106	[-59.903997253655845, -2]
106	[-59.903997253655845, -2]
106	[-59.903997253655845, -2]
106	[-59.903997253655845, -2]
106	[-59.903997253655845, -2]
106	[-59.903997253655845, -2]
106	[-59.903997253655845, -2]
106	[-59.903997253655845, -2]
106	[-59.903997253655845, -2]
106	[-59.903997253655845, -2]
106	[-59.903997253655845, -2]
106	[-59.903997253655845, -2]
106	[-59.903997253655845, -2]
106	[-59.903997253655845, -2]
106	[-59.903997253655845, -2]
106	[-59.903997253655845, -2]
106	[-59.903997253655845, -2]
106	[-59.903997253655845, -2]
106	[-59.903997253655845, -2]
106	[-59.903997253655845, -2]
106	[-59.903997253655845, -2]
106	[-59.903997253655845, -2]
106	[-59.903997253655845, -2]
106	[-59.903997253655845, -2]
106	[-59.903997253655845, -2]
106	[-59.903997253655845, -2]
106	[-59.903997253655845, -2]
106	[-59.903997253655845, -2]
106	[-59.903997253655845, -2]
106	[-59.903997253655845, -2]
106	[-59.903997253655845, -2]
106	[-59.903997253655845, -2]
106	[-59.903997253655845, -2]
106	[-59.903997253655845, -2]
106	[-59.903997253655845, -2]
107	[-64.88332014807446, 0]
107	[-64.88332014807446, 0]
107	[-64.88332014807446, 0]
107	[-59.903997253655845, -2]
107	[-59.903997253655845, -2]
107	[-59.903997253655845, -2]
107	[-59.903997253655845, -2]
107	[-59.903997253655845, -2]
107	[-59.903997253655845, -2]
107	[-59.903997253655845, -2]
107	[-59.903997253655845, -2]
107	[-59.903997253655845, -2]
107	[-59.903997253655845, -2]
107	[-59.903997253655845, -2]
107	[-59.903997253655845, -2]
107	[-59.903997253655845, -2]
107	[-59.903997253655845, -2]
107	[-59.903997253655845, -2]
107	[-59.903997253655845, -2]
107	[-59.903997253655845, -2]
107	[-59.903997253655845, -2]
107	[-59.903997253655845, -2]
107	[-59.903997253655845, -2]
107	[-59.903997253655845, -2]
107	[-59.903997253655845, -2]
107	[-59.903997253655845, -2]
107	[-59.903997253655845, -2]
107	[-59.903997253655845, -2]
107	[-59.903997253655845, -2]
107	[-59.903997253655845, -2]
107	[-59.903997253655845, -2]
107	[-59.903997253655845, -2]
107	[-59.903997253655845, -2]
107	[-59.903997253655845, -2]
107	[-59.903997253655845, -2]
107	[-59.903997253655845, -2]
107	[-59.903997253655845, -2]
107	[-59.903997253655845, -2]
107	[-59.903997253655845, -2]
107	[-59.903997253655845, -2]
107	[-59.903997253655845, -2]
107	[-59.903997253655845, -2]
107	[-59.903997253655845, -2]
107	[-59.903997253655845, -2]
107	[-59.903997253655845, -2]
107	[-59.903997253655845, -2]
107	[-59.903997253655845, -2]
107	[-59.903997253655845, -2]
107	[-59.903997253655845, -2]
107	[-59.903997253655845, -2]
107	[-59.903997253655845, -2]
107	[-59.903997253655845, -2]
107	[-59.903997253655845, -2]
107	[-59.903997253655845, -2]
107	[-59.903997253655845, -2]
107	[-59.903997253655845, -2]
107	[-59.903997253655845, -2]
107	[-59.903997253655845, -2]
107	[-59.903997253655845, -2]
107	[-59.903997253655845, -2]
107	[-59.903997253655845, -2]
107	[-59.903997253655845, -2]
107	[-59.903997253655845, -2]
107	[-59.903997253655845, -2]
107	[-59.903997253655845, -2]
107	[-59.903997253655845, -2]
107	[-59.903997253655845, -2]
107	[-59.903997253655845, -2]
107	[-59.903997253655845, -2]
107	[-59.903997253655845, -2]
107	[-59.903997253655845, -2]
107	[-59.903997253655845, -2]
107	[-59.903997253655845, -2]
107	[-59.903997253655845, -2]
107	[-59.903997253655845, -2]
108	[-64.88332014807446, 0]
108	[-64.88332014807446, 0]
108	[-64.88332014807446, 0]
108	[-64.88332014807446, 0]
108	[-59.903997253655845, -2]
108	[-59.903997253655845, -2]
108	[-59.903997253655845, -2]
108	[-59.903997253655845, -2]
108	[-59.903997253655845, -2]
108	[-59.903997253655845, -2]
108	[-59.903997253655845, -2]
108	[-59.903997253655845, -2]
108	[-59.903997253655845, -2]
108	[-59.903997253655845, -2]
108	[-59.903997253655845, -2]
108	[-59.903997253655845, -2]
108	[-59.903997253655845, -2]
108	[-59.903997253655845, -2]
108	[-59.903997253655845, -2]
108	[-59.903997253655845, -2]
108	[-59.903997253655845, -2]
108	[-59.903997253655845, -2]
108	[-59.903997253655845, -2]
108	[-59.903997253655845, -2]
108	[-59.903997253655845, -2]
108	[-59.903997253655845, -2]
108	[-59.903997253655845, -2]
108	[-59.903997253655845, -2]
108	[-59.903997253655845, -2]
108	[-59.903997253655845, -2]
108	[-59.903997253655845, -2]
108	[-59.903997253655845, -2]
108	[-59.903997253655845, -2]
108	[-59.903997253655845, -2]
108	[-59.903997253655845, -2]
108	[-59.903997253655845, -2]
108	[-59.903997253655845, -2]
108	[-59.903997253655845, -2]
108	[-59.903997253655845, -2]
108	[-59.903997253655845, -2]
108	[-59.903997253655845, -2]
108	[-59.903997253655845, -2]
108	[-59.903997253655845, -2]
108	[-59.903997253655845, -2]
108	[-59.903997253655845, -2]
108	[-59.903997253655845, -2]
108	[-59.903997253655845, -2]
108	[-59.903997253655845, -2]
108	[-59.903997253655845, -2]
108	[-59.903997253655845, -2]
108	[-59.903997253655845, -2]
108	[-59.903997253655845, -2]
108	[-59.903997253655845, -2]
108	[-59.903997253655845, -2]
108	[-59.903997253655845, -2]
108	[-59.903997253655845, -2]
108	[-59.903997253655845, -2]
108	[-59.903997253655845, -2]
108	[-59.903997253655845, -2]
108	[-59.903997253655845, -2]
108	[-59.903997253655845, -2]
108	[-59.903997253655845, -2]
108	[-59.903997253655845, -2]
108	[-59.903997253655845, -2]
108	[-59.903997253655845, -2]
108	[-59.903997253655845, -2]
108	[-59.903997253655845, -2]
108	[-59.903997253655845, -2]
108	[-59.903997253655845, -2]
108	[-59.903997253655845, -2]
108	[-59.903997253655845, -2]
108	[-59.903997253655845, -2]
108	[-59.903997253655845, -2]
108	[-59.903997253655845, -2]
108	[-59.903997253655845, -2]
108	[-59.903997253655845, -2]
108	[-59.903997253655845, -2]
108	[-59.903997253655845, -2]
108	[-59.903997253655845, -2]
108	[-59.903997253655845, -2]
109	[-64.88332014807446, 0]
109	[-64.88332014807446, 0]
109	[-64.88332014807446, 0]
109	[-64.88332014807446, 0]
109	[-64.88332014807446, 0]
109	[-64.88332014807446, 0]
109	[-59.903997253655845, -2]
109	[-59.903997253655845, -2]
109	[-59.903997253655845, -2]
109	[-59.903997253655845, -2]
109	[-59.903997253655845, -2]
109	[-59.903997253655845, -2]
109	[-59.903997253655845, -2]
109	[-59.903997253655845, -2]
109	[-59.903997253655845, -2]
109	[-59.903997253655845, -2]
109	[-59.903997253655845, -2]
109	[-59.903997253655845, -2]
109	[-59.903997253655845, -2]
109	[-59.903997253655845, -2]
109	[-59.903997253655845, -2]
109	[-59.903997253655845, -2]
109	[-59.903997253655845, -2]
109	[-59.903997253655845, -2]
109	[-59.903997253655845, -2]
109	[-59.903997253655845, -2]
109	[-59.903997253655845, -2]
109	[-59.903997253655845, -2]
109	[-59.903997253655845, -2]
109	[-59.903997253655845, -2]
109	[-59.903997253655845, -2]
109	[-59.903997253655845, -2]
109	[-59.903997253655845, -2]
109	[-59.903997253655845, -2]
109	[-59.903997253655845, -2]
109	[-59.903997253655845, -2]
109	[-59.903997253655845, -2]
109	[-59.903997253655845, -2]
109	[-59.903997253655845, -2]
109	[-59.903997253655845, -2]
109	[-59.903997253655845, -2]
109	[-59.903997253655845, -2]
109	[-59.903997253655845, -2]
109	[-59.903997253655845, -2]
109	[-59.903997253655845, -2]
109	[-59.903997253655845, -2]
109	[-59.903997253655845, -2]
109	[-59.903997253655845, -2]
109	[-59.903997253655845, -2]
109	[-59.903997253655845, -2]
109	[-59.903997253655845, -2]
109	[-59.903997253655845, -2]
109	[-59.903997253655845, -2]
109	[-59.903997253655845, -2]
109	[-59.903997253655845, -2]
109	[-59.903997253655845, -2]
109	[-59.903997253655845, -2]
109	[-59.903997253655845, -2]
109	[-59.903997253655845, -2]
109	[-59.903997253655845, -2]
109	[-59.903997253655845, -2]
109	[-59.903997253655845, -2]
109	[-59.903997253655845, -2]
109	[-59.903997253655845, -2]
109	[-59.903997253655845, -2]
109	[-59.903997253655845, -2]
109	[-59.903997253655845, -2]
109	[-59.903997253655845, -2]
109	[-59.903997253655845, -2]
109	[-59.903997253655845, -2]
109	[-59.903997253655845, -2]
109	[-59.903997253655845, -2]
109	[-59.903997253655845, -2]
109	[-59.903997253655845, -2]
109	[-59.903997253655845, -2]
109	[-59.903997253655845, -2]
109	[-59.903997253655845, -2]
109	[-59.903997253655845, -2]
109	[-59.903997253655845, -2]
109	[-59.903997253655845, -2]
110	[-64.88332014807446, 0]
110	[-64.88332014807446, 0]
110	[-64.88332014807446, 0]
110	[-64.88332014807446, 0]
110	[-64.88332014807446, 0]
110	[-64.88332014807446, 0]
110	[-64.88332014807446, 0]
110	[-59.903997253655845, -2]
110	[-59.903997253655845, -2]
110	[-59.903997253655845, -2]
110	[-59.903997253655845, -2]
110	[-59.903997253655845, -2]
110	[-59.903997253655845, -2]
110	[-59.903997253655845, -2]
110	[-59.903997253655845, -2]
110	[-59.903997253655845, -2]
110	[-59.903997253655845, -2]
110	[-59.903997253655845, -2]
110	[-59.903997253655845, -2]
110	[-59.903997253655845, -2]
110	[-59.903997253655845, -2]
110	[-59.903997253655845, -2]
110	[-59.903997253655845, -2]
110	[-59.903997253655845, -2]
110	[-59.903997253655845, -2]
110	[-59.903997253655845, -2]
110	[-59.903997253655845, -2]
110	[-59.903997253655845, -2]
110	[-59.903997253655845, -2]
110	[-59.903997253655845, -2]
110	[-59.903997253655845, -2]
110	[-59.903997253655845, -2]
110	[-59.903997253655845, -2]
110	[-59.903997253655845, -2]
110	[-59.903997253655845, -2]
110	[-59.903997253655845, -2]
110	[-59.903997253655845, -2]
110	[-59.903997253655845, -2]
110	[-59.903997253655845, -2]
110	[-59.903997253655845, -2]
110	[-59.903997253655845, -2]
110	[-59.903997253655845, -2]
110	[-59.903997253655845, -2]
110	[-59.903997253655845, -2]
110	[-59.903997253655845, -2]
110	[-59.903997253655845, -2]
110	[-59.903997253655845, -2]
110	[-59.903997253655845, -2]
110	[-59.903997253655845, -2]
110	[-59.903997253655845, -2]
110	[-59.903997253655845, -2]
110	[-59.903997253655845, -2]
110	[-59.903997253655845, -2]
110	[-59.903997253655845, -2]
110	[-59.903997253655845, -2]
110	[-59.903997253655845, -2]
110	[-59.903997253655845, -2]
110	[-59.903997253655845, -2]
110	[-59.903997253655845, -2]
110	[-59.903997253655845, -2]
110	[-59.903997253655845, -2]
110	[-59.903997253655845, -2]
110	[-59.903997253655845, -2]
110	[-59.903997253655845, -2]
110	[-59.903997253655845, -2]
110	[-59.903997253655845, -2]
110	[-59.903997253655845, -2]
110	[-59.903997253655845, -2]
110	[-59.903997253655845, -2]
110	[-59.903997253655845, -2]
110	[-59.903997253655845, -2]
110	[-59.903997253655845, -2]
110	[-59.903997253655845, -2]
110	[-59.903997253655845, -2]
110	[-59.903997253655845, -2]
110	[-59.903997253655845, -2]
110	[-59.903997253655845, -2]
110	[-59.903997253655845, -2]
110	[-59.903997253655845, -2]
110	[-59.903997253655845, -2]
111	[-64.88332014807446, 0]
111	[-64.88332014807446, 0]
111	[-64.88332014807446, 0]
111	[-64.88332014807446, 0]
111	[-64.88332014807446, 0]
111	[-64.88332014807446, 0]
111	[-64.88332014807446, 0]
111	[-64.88332014807446, 0]
111	[-59.903997253655845, -2]
111	[-59.903997253655845, -2]
111	[-59.903997253655845, -2]
111	[-59.903997253655845, -2]
111	[-59.903997253655845, -2]
111	[-59.903997253655845, -2]
111	[-59.903997253655845, -2]
111	[-59.903997253655845, -2]
111	[-59.903997253655845, -2]
111	[-59.903997253655845, -2]
111	[-59.903997253655845, -2]
111	[-59.903997253655845, -2]
111	[-59.903997253655845, -2]
111	[-59.903997253655845, -2]
111	[-59.903997253655845, -2]
111	[-59.903997253655845, -2]
111	[-59.903997253655845, -2]
111	[-59.903997253655845, -2]
111	[-59.903997253655845, -2]
111	[-59.903997253655845, -2]
111	[-59.903997253655845, -2]
111	[-59.903997253655845, -2]
111	[-59.903997253655845, -2]
111	[-59.903997253655845, -2]
111	[-59.903997253655845, -2]
111	[-59.903997253655845, -2]
111	[-59.903997253655845, -2]
111	[-59.903997253655845, -2]
111	[-59.903997253655845, -2]
111	[-59.903997253655845, -2]
111	[-59.903997253655845, -2]
111	[-59.903997253655845, -2]
111	[-59.903997253655845, -2]
111	[-59.903997253655845, -2]
111	[-59.903997253655845, -2]
111	[-59.903997253655845, -2]
111	[-59.903997253655845, -2]
111	[-59.903997253655845, -2]
111	[-59.903997253655845, -2]
111	[-59.903997253655845, -2]
111	[-59.903997253655845, -2]
111	[-59.903997253655845, -2]
111	[-59.903997253655845, -2]
111	[-59.903997253655845, -2]
111	[-59.903997253655845, -2]
111	[-59.903997253655845, -2]
111	[-59.903997253655845, -2]
111	[-59.903997253655845, -2]
111	[-59.903997253655845, -2]
111	[-59.903997253655845, -2]
111	[-59.903997253655845, -2]
111	[-59.903997253655845, -2]
111	[-59.903997253655845, -2]
111	[-59.903997253655845, -2]
111	[-59.903997253655845, -2]
111	[-59.903997253655845, -2]
111	[-59.903997253655845, -2]
111	[-59.903997253655845, -2]
111	[-59.903997253655845, -2]
111	[-59.903997253655845, -2]
111	[-59.903997253655845, -2]
111	[-59.903997253655845, -2]
111	[-59.903997253655845, -2]
111	[-59.903997253655845, -2]
111	[-59.903997253655845, -2]
111	[-59.903997253655845, -2]
111	[-59.903997253655845, -2]
111	[-59.903997253655845, -2]
111	[-59.903997253655845, -2]
111	[-59.903997253655845, -2]
111	[-59.903997253655845, -2]
111	[-59.903997253655845, -2]
112	[-64.88332014807446, 0]
112	[-64.88332014807446, 0]
112	[-64.88332014807446, 0]
112	[-64.88332014807446, 0]
112	[-64.88332014807446, 0]
112	[-64.88332014807446, 0]
112	[-64.88332014807446, 0]
112	[-64.88332014807446, 0]
112	[-64.88332014807446, 0]
112	[-64.88332014807446, 0]
112	[-59.891070423833256, -2]
113	[-64.88332014807446, 0]
113	[-64.88332014807446, 0]
113	[-64.88332014807446, 0]
113	[-64.88332014807446, 0]
113	[-64.88332014807446, 0]
113	[-64.88332014807446, 0]
113	[-64.88332014807446, 0]
113	[-64.88332014807446, 0]
113	[-64.88332014807446, 0]
113	[-64.88332014807446, 0]
113	[-64.88332014807446, 0]
113	[-64.88332014807446, 0]
113	[-64.88332014807446, 0]
113	[-64.88332014807446, 0]
113	[-64.88332014807446, 0]
113	[-64.88332014807446, 0]
113	[-64.88332014807446, 0]
113	[-64.88332014807446, 0]
113	[-64.88332014807446, 0]
113	[-64.88332014807446, 0]
113	[-64.88332014807446, 0]
113	[-59.891070423833256, -2]
113	[-59.891070423833256, -2]
114	[-64.88332014807446, 0]
114	[-64.88332014807446, 0]
114	[-64.88332014807446, 0]
114	[-64.88332014807446, 0]
114	[-64.88332014807446, 0]
114	[-64.88332014807446, 0]
114	[-64.88332014807446, 0]
114	[-64.88332014807446, 0]
114	[-64.88332014807446, 0]
114	[-64.88332014807446, 0]
114	[-64.88332014807446, 0]
114	[-64.88332014807446, 0]
114	[-64.88332014807446, 0]
114	[-64.88332014807446, 0]
114	[-64.88332014807446, 0]
114	[-64.88332014807446, 0]
114	[-64.88332014807446, 0]
114	[-64.88332014807446, 0]
114	[-64.88332014807446, 0]
114	[-64.88332014807446, 0]
114	[-64.88332014807446, 0]
114	[-64.88332014807446, 0]
114	[-64.88332014807446, 0]
114	[-64.88332014807446, 0]
114	[-64.88332014807446, 0]
114	[-64.88332014807446, 0]
114	[-64.88332014807446, 0]
114	[-64.88332014807446, 0]
114	[-64.88332014807446, 0]
114	[-64.88332014807446, 0]
114	[-64.88332014807446, 0]
114	[-64.88332014807446, 0]
114	[-59.891070423833256, -2]
114	[-59.891070423833256, -2]
114	[-59.891070423833256, -2]
114	[-59.891070423833256, -2]
114	[-59.891070423833256, -2]
115	[-64.88332014807446, 0]
115	[-64.88332014807446, 0]
115	[-64.88332014807446, 0]
115	[-64.88332014807446, 0]
115	[-64.88332014807446, 0]
115	[-64.88332014807446, 0]
115	[-64.88332014807446, 0]
115	[-64.88332014807446, 0]
115	[-64.88332014807446, 0]
115	[-64.88332014807446, 0]
115	[-64.88332014807446, 0]
115	[-64.88332014807446, 0]
115	[-64.88332014807446, 0]
115	[-64.88332014807446, 0]
115	[-64.88332014807446, 0]
115	[-64.88332014807446, 0]
115	[-64.88332014807446, 0]
115	[-64.88332014807446, 0]
115	[-64.88332014807446, 0]
115	[-64.88332014807446, 0]
115	[-64.88332014807446, 0]
115	[-64.88332014807446, 0]
115	[-64.88332014807446, 0]
115	[-64.88332014807446, 0]
115	[-64.88332014807446, 0]
115	[-64.88332014807446, 0]
115	[-64.88332014807446, 0]
115	[-64.88332014807446, 0]
115	[-64.88332014807446, 0]
115	[-64.88332014807446, 0]
115	[-64.88332014807446, 0]
115	[-64.88332014807446, 0]
115	[-64.88332014807446, 0]
115	[-64.88332014807446, 0]
115	[-64.88332014807446, 0]
115	[-64.88332014807446, 0]
115	[-64.88332014807446, 0]
115	[-64.88332014807446, 0]
115	[-64.88332014807446, 0]
115	[-64.88332014807446, 0]
115	[-64.88332014807446, 0]
115	[-64.88332014807446, 0]
115	[-64.88332014807446, 0]
115	[-64.88332014807446, 0]
115	[-59.891070423833256, -2]
115	[-59.891070423833256, -2]
115	[-59.891070423833256, -2]
115	[-59.891070423833256, -2]
115	[-59.891070423833256, -2]
115	[-59.891070423833256, -2]
115	[-59.891070423833256, -2]
115	[-59.891070423833256, -2]
116	[-64.88332014807446, 0]
116	[-64.88332014807446, 0]
116	[-64.88332014807446, 0]
116	[-64.88332014807446, 0]
116	[-64.88332014807446, 0]
116	[-64.88332014807446, 0]
116	[-64.88332014807446, 0]
116	[-64.88332014807446, 0]
116	[-64.88332014807446, 0]
116	[-64.88332014807446, 0]
116	[-64.88332014807446, 0]
116	[-64.88332014807446, 0]
116	[-64.88332014807446, 0]
116	[-64.88332014807446, 0]
116	[-64.88332014807446, 0]
116	[-64.88332014807446, 0]
116	[-64.88332014807446, 0]
116	[-64.88332014807446, 0]
116	[-64.88332014807446, 0]
116	[-64.88332014807446, 0]
116	[-64.88332014807446, 0]
116	[-64.88332014807446, 0]
116	[-64.88332014807446, 0]
116	[-64.88332014807446, 0]
116	[-64.88332014807446, 0]
116	[-64.88332014807446, 0]
116	[-64.88332014807446, 0]
116	[-64.88332014807446, 0]
116	[-64.88332014807446, 0]
116	[-64.88332014807446, 0]
116	[-64.88332014807446, 0]
116	[-64.88332014807446, 0]
116	[-64.88332014807446, 0]
116	[-64.88332014807446, 0]
116	[-64.88332014807446, 0]
116	[-64.88332014807446, 0]
116	[-64.88332014807446, 0]
116	[-64.88332014807446, 0]
116	[-64.88332014807446, 0]
116	[-64.88332014807446, 0]
116	[-64.88332014807446, 0]
116	[-64.88332014807446, 0]
116	[-64.88332014807446, 0]
116	[-64.88332014807446, 0]
116	[-64.88332014807446, 0]
116	[-64.88332014807446, 0]
116	[-64.88332014807446, 0]
116	[-64.88332014807446, 0]
116	[-64.88332014807446, 0]
116	[-64.88332014807446, 0]
116	[-64.88332014807446, 0]
116	[-64.88332014807446, 0]
116	[-64.88332014807446, 0]
116	[-64.88332014807446, 0]
116	[-64.88332014807446, 0]
116	[-59.891070423833256, -2]
116	[-59.891070423833256, -2]
116	[-59.891070423833256, -2]
116	[-59.891070423833256, -2]
116	[-59.891070423833256, -2]
116	[-59.891070423833256, -2]
116	[-59.891070423833256, -2]
116	[-59.891070423833256, -2]
116	[-59.891070423833256, -2]
116	[-59.891070423833256, -2]
116	[-59.891070423833256, -2]
117	[-64.88332014807446, 0]
117	[-64.88332014807446, 0]
117	[-64.88332014807446, 0]
117	[-64.88332014807446, 0]
117	[-64.88332014807446, 0]
117	[-64.88332014807446, 0]
117	[-64.88332014807446, 0]
117	[-64.88332014807446, 0]
117	[-64.88332014807446, 0]
117	[-64.88332014807446, 0]
117	[-64.88332014807446, 0]
117	[-64.88332014807446, 0]
117	[-64.88332014807446, 0]
117	[-64.88332014807446, 0]
117	[-64.88332014807446, 0]
117	[-64.88332014807446, 0]
117	[-64.88332014807446, 0]
117	[-64.88332014807446, 0]
117	[-64.88332014807446, 0]
117	[-64.88332014807446, 0]
117	[-64.88332014807446, 0]
117	[-64.88332014807446, 0]
117	[-64.88332014807446, 0]
117	[-64.88332014807446, 0]
117	[-64.88332014807446, 0]
117	[-64.88332014807446, 0]
117	[-64.88332014807446, 0]
117	[-64.88332014807446, 0]
117	[-64.88332014807446, 0]
117	[-64.88332014807446, 0]
117	[-64.88332014807446, 0]
117	[-64.88332014807446, 0]
117	[-64.88332014807446, 0]
117	[-64.88332014807446, 0]
117	[-64.88332014807446, 0]
117	[-64.88332014807446, 0]
117	[-64.88332014807446, 0]
117	[-64.88332014807446, 0]
117	[-64.88332014807446, 0]
117	[-64.88332014807446, 0]
117	[-64.88332014807446, 0]
117	[-64.88332014807446, 0]
117	[-64.88332014807446, 0]
117	[-64.88332014807446, 0]
117	[-64.88332014807446, 0]
117	[-64.88332014807446, 0]
117	[-64.88332014807446, 0]
117	[-64.88332014807446, 0]
117	[-64.88332014807446, 0]
117	[-64.88332014807446, 0]
117	[-64.88332014807446, 0]
117	[-64.88332014807446, 0]
117	[-64.88332014807446, 0]
117	[-64.88332014807446, 0]
117	[-64.88332014807446, 0]
117	[-64.88332014807446, 0]
117	[-64.88332014807446, 0]
117	[-64.88332014807446, 0]
117	[-64.88332014807446, 0]
117	[-64.88332014807446, 0]
117	[-64.88332014807446, 0]
117	[-64.88332014807446, 0]
117	[-64.88332014807446, 0]
117	[-64.88332014807446, 0]
117	[-64.88332014807446, 0]
117	[-64.88332014807446, 0]
117	[-59.891070423833256, -2]
117	[-59.891070423833256, -2]
117	[-59.891070423833256, -2]
117	[-59.891070423833256, -2]
117	[-59.891070423833256, -2]
117	[-59.891070423833256, -2]
117	[-59.891070423833256, -2]
117	[-59.891070423833256, -2]
117	[-59.891070423833256, -2]
117	[-59.891070423833256, -2]
117	[-59.891070423833256, -2]
117	[-59.891070423833256, -2]
117	[-59.891070423833256, -2]
117	[-59.891070423833256, -2]
118	[-64.88332014807446, 0]
118	[-64.88332014807446, 0]
118	[-64.88332014807446, 0]
118	[-64.88332014807446, 0]
118	[-64.88332014807446, 0]
118	[-64.88332014807446, 0]
118	[-64.88332014807446, 0]
118	[-64.88332014807446, 0]
118	[-64.88332014807446, 0]
118	[-64.88332014807446, 0]
118	[-64.88332014807446, 0]
118	[-64.88332014807446, 0]
118	[-64.88332014807446, 0]
118	[-64.88332014807446, 0]
118	[-64.88332014807446, 0]
118	[-64.88332014807446, 0]
118	[-64.88332014807446, 0]
118	[-64.88332014807446, 0]
118	[-64.88332014807446, 0]
118	[-64.88332014807446, 0]
118	[-64.88332014807446, 0]
118	[-64.88332014807446, 0]
118	[-64.88332014807446, 0]
118	[-64.88332014807446, 0]
118	[-64.88332014807446, 0]
118	[-64.88332014807446, 0]
118	[-64.88332014807446, 0]
118	[-64.88332014807446, 0]
118	[-64.88332014807446, 0]
118	[-64.88332014807446, 0]
118	[-64.88332014807446, 0]
118	[-64.88332014807446, 0]
118	[-64.88332014807446, 0]
118	[-64.88332014807446, 0]
118	[-64.88332014807446, 0]
118	[-64.88332014807446, 0]
118	[-64.88332014807446, 0]
118	[-64.88332014807446, 0]
118	[-64.88332014807446, 0]
118	[-64.88332014807446, 0]
118	[-64.88332014807446, 0]
118	[-64.88332014807446, 0]
118	[-64.88332014807446, 0]
118	[-64.88332014807446, 0]
118	[-64.88332014807446, 0]
118	[-64.88332014807446, 0]
118	[-64.88332014807446, 0]
118	[-64.88332014807446, 0]
118	[-64.88332014807446, 0]
118	[-64.88332014807446, 0]
118	[-64.88332014807446, 0]
118	[-64.88332014807446, 0]
118	[-64.88332014807446, 0]
118	[-64.88332014807446, 0]
118	[-64.88332014807446, 0]
118	[-64.88332014807446, 0]
118	[-64.88332014807446, 0]
118	[-64.88332014807446, 0]
118	[-64.88332014807446, 0]
118	[-64.88332014807446, 0]
118	[-59.891070423833256, -2]
118	[-59.891070423833256, -2]
118	[-59.891070423833256, -2]
118	[-59.891070423833256, -2]
118	[-59.891070423833256, -2]
118	[-59.891070423833256, -2]
118	[-59.891070423833256, -2]
118	[-59.891070423833256, -2]
118	[-59.891070423833256, -2]
118	[-59.891070423833256, -2]
118	[-59.891070423833256, -2]
118	[-59.891070423833256, -2]
118	[-59.891070423833256, -2]
118	[-59.891070423833256, -2]
118	[-59.891070423833256, -2]
118	[-59.891070423833256, -2]
118	[-59.891070423833256, -2]
118	[-59.891070423833256, -2]
118	[-59.891070423833256, -2]
118	[-59.891070423833256, -2]
119	[-64.87592029395736, 0]
119	[-59.891070423833256, -2]
119	[-59.891070423833256, -2]
119	[-59.891070423833256, -2]
119	[-59.891070423833256, -2]
119	[-59.891070423833256, -2]
119	[-59.891070423833256, -2]
119	[-59.891070423833256, -2]
119	[-59.891070423833256, -2]
119	[-59.891070423833256, -2]
119	[-59.891070423833256, -2]
119	[-59.891070423833256, -2]
119	[-59.891070423833256, -2]
119	[-59.891070423833256, -2]
119	[-59.891070423833256, -2]
119	[-59.891070423833256, -2]
119	[-59.891070423833256, -2]
119	[-59.891070423833256, -2]
119	[-59.891070423833256, -2]
119	[-59.891070423833256, -2]
119	[-59.891070423833256, -2]
119	[-59.891070423833256, -2]
119	[-59.891070423833256, -2]
119	[-59.891070423833256, -2]
119	[-59.891070423833256, -2]
119	[-59.891070423833256, -2]
120	[-64.87592029395736, 0]
120	[-64.87592029395736, 0]
120	[-59.891070423833256, -2]
120	[-59.891070423833256, -2]
120	[-59.891070423833256, -2]
120	[-59.891070423833256, -2]
120	[-59.891070423833256, -2]
120	[-59.891070423833256, -2]
120	[-59.891070423833256, -2]
120	[-59.891070423833256, -2]
120	[-59.891070423833256, -2]
120	[-59.891070423833256, -2]
120	[-59.891070423833256, -2]
120	[-59.891070423833256, -2]
120	[-59.891070423833256, -2]
120	[-59.891070423833256, -2]
120	[-59.891070423833256, -2]
120	[-59.891070423833256, -2]
120	[-59.891070423833256, -2]
120	[-59.891070423833256, -2]
120	[-59.891070423833256, -2]
120	[-59.891070423833256, -2]
120	[-59.891070423833256, -2]
120	[-59.891070423833256, -2]
120	[-59.891070423833256, -2]
120	[-59.891070423833256, -2]
120	[-59.891070423833256, -2]
120	[-59.891070423833256, -2]
120	[-59.891070423833256, -2]
120	[-59.891070423833256, -2]
120	[-59.891070423833256, -2]
120	[-59.891070423833256, -2]
120	[-59.891070423833256, -2]
120	[-59.891070423833256, -2]
120	[-59.891070423833256, -2]
120	[-59.891070423833256, -2]
120	[-59.891070423833256, -2]
120	[-59.891070423833256, -2]
120	[-59.891070423833256, -2]
120	[-59.891070423833256, -2]
121	[-64.87592029395736, 0]
121	[-64.87592029395736, 0]
121	[-59.891070423833256, -2]
121	[-59.891070423833256, -2]
121	[-59.891070423833256, -2]
121	[-59.891070423833256, -2]
121	[-59.891070423833256, -2]
121	[-59.891070423833256, -2]
121	[-59.891070423833256, -2]
121	[-59.891070423833256, -2]
121	[-59.891070423833256, -2]
121	[-59.891070423833256, -2]
121	[-59.891070423833256, -2]
121	[-59.891070423833256, -2]
121	[-59.891070423833256, -2]
121	[-59.891070423833256, -2]
121	[-59.891070423833256, -2]
121	[-59.891070423833256, -2]
121	[-59.891070423833256, -2]
121	[-59.891070423833256, -2]
121	[-59.891070423833256, -2]
121	[-59.891070423833256, -2]
121	[-59.891070423833256, -2]
121	[-59.891070423833256, -2]
121	[-59.891070423833256, -2]
121	[-59.891070423833256, -2]
121	[-59.891070423833256, -2]
121	[-59.891070423833256, -2]
121	[-59.891070423833256, -2]
121	[-59.891070423833256, -2]
121	[-59.891070423833256, -2]
121	[-59.891070423833256, -2]
121	[-59.891070423833256, -2]
121	[-59.891070423833256, -2]
121	[-59.891070423833256, -2]
121	[-59.891070423833256, -2]
121	[-59.891070423833256, -2]
121	[-59.891070423833256, -2]
121	[-59.891070423833256, -2]
121	[-59.891070423833256, -2]
121	[-59.891070423833256, -2]
121	[-59.891070423833256, -2]
121	[-59.891070423833256, -2]
121	[-59.891070423833256, -2]
121	[-59.891070423833256, -2]
121	[-59.891070423833256, -2]
121	[-59.891070423833256, -2]
121	[-59.891070423833256, -2]
121	[-59.891070423833256, -2]
121	[-59.891070423833256, -2]
121	[-59.891070423833256, -2]
121	[-59.891070423833256, -2]
121	[-59.891070423833256, -2]
121	[-59.891070423833256, -2]
122	[-64.87592029395736, 0]
122	[-64.87592029395736, 0]
122	[-64.87592029395736, 0]
122	[-59.891070423833256, -2]
122	[-59.891070423833256, -2]
122	[-59.891070423833256, -2]
122	[-59.891070423833256, -2]
122	[-59.891070423833256, -2]
122	[-59.891070423833256, -2]
122	[-59.891070423833256, -2]
122	[-59.891070423833256, -2]
122	[-59.891070423833256, -2]
122	[-59.891070423833256, -2]
122	[-59.891070423833256, -2]
122	[-59.891070423833256, -2]
122	[-59.891070423833256, -2]
122	[-59.891070423833256, -2]
122	[-59.891070423833256, -2]
122	[-59.891070423833256, -2]
122	[-59.891070423833256, -2]
122	[-59.891070423833256, -2]
122	[-59.891070423833256, -2]
122	[-59.891070423833256, -2]
122	[-59.891070423833256, -2]
122	[-59.891070423833256, -2]
122	[-59.891070423833256, -2]
122	[-59.891070423833256, -2]
122	[-59.891070423833256, -2]
122	[-59.891070423833256, -2]
122	[-59.891070423833256, -2]
122	[-59.891070423833256, -2]
122	[-59.891070423833256, -2]
122	[-59.891070423833256, -2]
122	[-59.891070423833256, -2]
122	[-59.891070423833256, -2]
122	[-59.891070423833256, -2]
122	[-59.891070423833256, -2]
122	[-59.891070423833256, -2]
122	[-59.891070423833256, -2]
122	[-59.891070423833256, -2]
122	[-59.891070423833256, -2]
122	[-59.891070423833256, -2]
122	[-59.891070423833256, -2]
122	[-59.891070423833256, -2]
122	[-59.891070423833256, -2]
122	[-59.891070423833256, -2]
122	[-59.891070423833256, -2]
122	[-59.891070423833256, -2]
122	[-59.891070423833256, -2]
122	[-59.891070423833256, -2]
122	[-59.891070423833256, -2]
122	[-59.891070423833256, -2]
122	[-59.891070423833256, -2]
122	[-59.891070423833256, -2]
122	[-59.891070423833256, -2]
122	[-59.891070423833256, -2]
122	[-59.891070423833256, -2]
122	[-59.891070423833256, -2]
122	[-59.891070423833256, -2]
122	[-59.891070423833256, -2]
122	[-59.891070423833256, -2]
122	[-59.891070423833256, -2]
122	[-59.891070423833256, -2]
123	[-64.87592029395736, 0]
123	[-64.87592029395736, 0]
123	[-64.87592029395736, 0]
123	[-64.87592029395736, 0]
123	[-59.891070423833256, -2]
123	[-59.891070423833256, -2]
123	[-59.891070423833256, -2]
123	[-59.891070423833256, -2]
123	[-59.891070423833256, -2]
123	[-59.891070423833256, -2]
123	[-59.891070423833256, -2]
123	[-59.891070423833256, -2]
123	[-59.891070423833256, -2]
123	[-59.891070423833256, -2]
123	[-59.891070423833256, -2]
123	[-59.891070423833256, -2]
123	[-59.891070423833256, -2]
123	[-59.891070423833256, -2]
123	[-59.891070423833256, -2]
123	[-59.891070423833256, -2]
123	[-59.891070423833256, -2]
123	[-59.891070423833256, -2]
123	[-59.891070423833256, -2]
123	[-59.891070423833256, -2]
123	[-59.891070423833256, -2]
123	[-59.891070423833256, -2]
123	[-59.891070423833256, -2]
123	[-59.891070423833256, -2]
123	[-59.891070423833256, -2]
123	[-59.891070423833256, -2]
123	[-59.891070423833256, -2]
123	[-59.891070423833256, -2]
123	[-59.891070423833256, -2]
123	[-59.891070423833256, -2]
123	[-59.891070423833256, -2]
123	[-59.891070423833256, -2]
123	[-59.891070423833256, -2]
123	[-59.891070423833256, -2]
123	[-59.891070423833256, -2]
123	[-59.891070423833256, -2]
123	[-59.891070423833256, -2]
123	[-59.891070423833256, -2]
123	[-59.891070423833256, -2]
123	[-59.891070423833256, -2]
123	[-59.891070423833256, -2]
123	[-59.891070423833256, -2]
123	[-59.891070423833256, -2]
123	[-59.891070423833256, -2]
123	[-59.891070423833256, -2]
123	[-59.891070423833256, -2]
123	[-59.891070423833256, -2]
123	[-59.891070423833256, -2]
123	[-59.891070423833256, -2]
123	[-59.891070423833256, -2]
123	[-59.891070423833256, -2]
123	[-59.891070423833256, -2]
123	[-59.891070423833256, -2]
123	[-59.891070423833256, -2]
123	[-59.891070423833256, -2]
123	[-59.891070423833256, -2]
123	[-59.891070423833256, -2]
123	[-59.891070423833256, -2]
123	[-59.891070423833256, -2]
123	[-59.891070423833256, -2]
123	[-59.891070423833256, -2]
123	[-59.891070423833256, -2]
123	[-59.891070423833256, -2]
123	[-59.891070423833256, -2]
123	[-59.891070423833256, -2]
123	[-59.891070423833256, -2]
123	[-59.891070423833256, -2]
123	[-59.891070423833256, -2]
123	[-59.891070423833256, -2]
123	[-59.891070423833256, -2]
123	[-59.891070423833256, -2]
123	[-59.891070423833256, -2]
123	[-59.891070423833256, -2]
123	[-59.891070423833256, -2]
124	[-64.87592029395736, 0]
124	[-64.87592029395736, 0]
124	[-64.87592029395736, 0]
124	[-64.87592029395736, 0]
124	[-64.87592029395736, 0]
124	[-59.891070423833256, -2]
124	[-59.891070423833256, -2]
124	[-59.891070423833256, -2]
124	[-59.891070423833256, -2]
124	[-59.891070423833256, -2]
124	[-59.891070423833256, -2]
124	[-59.891070423833256, -2]
124	[-59.891070423833256, -2]
124	[-59.891070423833256, -2]
124	[-59.891070423833256, -2]
124	[-59.891070423833256, -2]
124	[-59.891070423833256, -2]
124	[-59.891070423833256, -2]
124	[-59.891070423833256, -2]
124	[-59.891070423833256, -2]
124	[-59.891070423833256, -2]
124	[-59.891070423833256, -2]
124	[-59.891070423833256, -2]
124	[-59.891070423833256, -2]
124	[-59.891070423833256, -2]
124	[-59.891070423833256, -2]
124	[-59.891070423833256, -2]
124	[-59.891070423833256, -2]
124	[-59.891070423833256, -2]
124	[-59.891070423833256, -2]
124	[-59.891070423833256, -2]
124	[-59.891070423833256, -2]
124	[-59.891070423833256, -2]
124	[-59.891070423833256, -2]
124	[-59.891070423833256, -2]
124	[-59.891070423833256, -2]
124	[-59.891070423833256, -2]
124	[-59.891070423833256, -2]
124	[-59.891070423833256, -2]
124	[-59.891070423833256, -2]
124	[-59.891070423833256, -2]
124	[-59.891070423833256, -2]
124	[-59.891070423833256, -2]
124	[-59.891070423833256, -2]
124	[-59.891070423833256, -2]
124	[-59.891070423833256, -2]
124	[-59.891070423833256, -2]
124	[-59.891070423833256, -2]
124	[-59.891070423833256, -2]
124	[-59.891070423833256, -2]
124	[-59.891070423833256, -2]
124	[-59.891070423833256, -2]
124	[-59.891070423833256, -2]
124	[-59.891070423833256, -2]
124	[-59.891070423833256, -2]
124	[-59.891070423833256, -2]
124	[-59.891070423833256, -2]
124	[-59.891070423833256, -2]
124	[-59.891070423833256, -2]
124	[-59.891070423833256, -2]
124	[-59.891070423833256, -2]
124	[-59.891070423833256, -2]
124	[-59.891070423833256, -2]
124	[-59.891070423833256, -2]
124	[-59.891070423833256, -2]
124	[-59.891070423833256, -2]
124	[-59.891070423833256, -2]
124	[-59.891070423833256, -2]
124	[-59.891070423833256, -2]
124	[-59.891070423833256, -2]
124	[-59.891070423833256, -2]
124	[-59.891070423833256, -2]
124	[-59.891070423833256, -2]
124	[-59.891070423833256, -2]
124	[-59.891070423833256, -2]
124	[-59.891070423833256, -2]
124	[-59.891070423833256, -2]
124	[-59.891070423833256, -2]
124	[-59.891070423833256, -2]
124	[-59.891070423833256, -2]
125	[-64.87592029395736, 0]
125	[-64.87592029395736, 0]
125	[-64.87592029395736, 0]
125	[-64.87592029395736, 0]
125	[-64.87592029395736, 0]
125	[-64.87592029395736, 0]
125	[-64.87592029395736, 0]
125	[-59.880234477024466, -2]
126	[-64.87592029395736, 0]
126	[-64.87592029395736, 0]
126	[-64.87592029395736, 0]
126	[-64.87592029395736, 0]
126	[-64.87592029395736, 0]
126	[-64.87592029395736, 0]
126	[-64.87592029395736, 0]
126	[-64.87592029395736, 0]
126	[-64.87592029395736, 0]
126	[-64.87592029395736, 0]
126	[-64.87592029395736, 0]
126	[-59.880234477024466, -2]
126	[-59.880234477024466, -2]
127	[-64.87592029395736, 0]
127	[-64.87592029395736, 0]
127	[-64.87592029395736, 0]
127	[-64.87592029395736, 0]
127	[-64.87592029395736, 0]
127	[-64.87592029395736, 0]
127	[-64.87592029395736, 0]
127	[-64.87592029395736, 0]
127	[-64.87592029395736, 0]
127	[-64.87592029395736, 0]
127	[-64.87592029395736, 0]
127	[-64.87592029395736, 0]
127	[-64.87592029395736, 0]
127	[-64.87592029395736, 0]
127	[-64.87592029395736, 0]
127	[-64.87592029395736, 0]
127	[-64.87592029395736, 0]
127	[-64.87592029395736, 0]
127	[-64.87592029395736, 0]
127	[-64.87592029395736, 0]
127	[-64.87592029395736, 0]
127	[-64.87592029395736, 0]
127	[-64.87592029395736, 0]
127	[-64.87592029395736, 0]
127	[-64.87592029395736, 0]
127	[-64.87592029395736, 0]
127	[-59.880234477024466, -2]
127	[-59.880234477024466, -2]
127	[-59.880234477024466, -2]
128	[-64.87592029395736, 0]
128	[-64.87592029395736, 0]
128	[-64.87592029395736, 0]
128	[-64.87592029395736, 0]
128	[-64.87592029395736, 0]
128	[-64.87592029395736, 0]
128	[-64.87592029395736, 0]
128	[-64.87592029395736, 0]
128	[-64.87592029395736, 0]
128	[-64.87592029395736, 0]
128	[-64.87592029395736, 0]
128	[-64.87592029395736, 0]
128	[-64.87592029395736, 0]
128	[-64.87592029395736, 0]
128	[-64.87592029395736, 0]
128	[-64.87592029395736, 0]
128	[-64.87592029395736, 0]
128	[-64.87592029395736, 0]
128	[-64.87592029395736, 0]
128	[-64.87592029395736, 0]
128	[-64.87592029395736, 0]
128	[-64.87592029395736, 0]
128	[-64.87592029395736, 0]
128	[-64.87592029395736, 0]
128	[-64.87592029395736, 0]
128	[-64.87592029395736, 0]
128	[-64.87592029395736, 0]
128	[-64.87592029395736, 0]
128	[-64.87592029395736, 0]
128	[-64.87592029395736, 0]
128	[-64.87592029395736, 0]
128	[-64.87592029395736, 0]
128	[-64.87592029395736, 0]
128	[-59.880234477024466, -2]
128	[-59.880234477024466, -2]
128	[-59.880234477024466, -2]
128	[-59.880234477024466, -2]
128	[-59.880234477024466, -2]
128	[-59.880234477024466, -2]
129	[-64.87592029395736, 0]
129	[-64.87592029395736, 0]
129	[-64.87592029395736, 0]
129	[-64.87592029395736, 0]
129	[-64.87592029395736, 0]
129	[-64.87592029395736, 0]
129	[-64.87592029395736, 0]
129	[-64.87592029395736, 0]
129	[-64.87592029395736, 0]
129	[-64.87592029395736, 0]
129	[-64.87592029395736, 0]
129	[-64.87592029395736, 0]
129	[-64.87592029395736, 0]
129	[-64.87592029395736, 0]
129	[-64.87592029395736, 0]
129	[-64.87592029395736, 0]
129	[-64.87592029395736, 0]
129	[-64.87592029395736, 0]
129	[-64.87592029395736, 0]
129	[-64.87592029395736, 0]
129	[-64.87592029395736, 0]
129	[-64.87592029395736, 0]
129	[-64.87592029395736, 0]
129	[-64.87592029395736, 0]
129	[-64.87592029395736, 0]
129	[-64.87592029395736, 0]
129	[-64.87592029395736, 0]
129	[-64.87592029395736, 0]
129	[-64.87592029395736, 0]
129	[-64.87592029395736, 0]
129	[-64.87592029395736, 0]
129	[-64.87592029395736, 0]
129	[-64.87592029395736, 0]
129	[-64.87592029395736, 0]
129	[-64.87592029395736, 0]
129	[-64.87592029395736, 0]
129	[-64.87592029395736, 0]
129	[-64.87592029395736, 0]
129	[-64.87592029395736, 0]
129	[-64.87592029395736, 0]
129	[-64.87592029395736, 0]
129	[-64.87592029395736, 0]
129	[-59.880234477024466, -2]
129	[-59.880234477024466, -2]
129	[-59.880234477024466, -2]
129	[-59.880234477024466, -2]
129	[-59.880234477024466, -2]
129	[-59.880234477024466, -2]
129	[-59.880234477024466, -2]
129	[-59.880234477024466, -2]
129	[-59.880234477024466, -2]
130	[-63.82470503972338, 0]
130	[-59.880234477024466, -2]
130	[-59.880234477024466, -2]
130	[-59.880234477024466, -2]
130	[-59.880234477024466, -2]
130	[-59.880234477024466, -2]
130	[-59.880234477024466, -2]
130	[-59.880234477024466, -2]
130	[-59.880234477024466, -2]
130	[-59.880234477024466, -2]
130	[-59.880234477024466, -2]
131	[-63.82470503972338, 0]
131	[-59.880234477024466, -2]
131	[-59.880234477024466, -2]
131	[-59.880234477024466, -2]
131	[-59.880234477024466, -2]
131	[-59.880234477024466, -2]
131	[-59.880234477024466, -2]
131	[-59.880234477024466, -2]
131	[-59.880234477024466, -2]
131	[-59.880234477024466, -2]
131	[-59.880234477024466, -2]
131	[-59.880234477024466, -2]
131	[-59.880234477024466, -2]
131	[-59.880234477024466, -2]
131	[-59.880234477024466, -2]
131	[-59.880234477024466, -2]
131	[-59.880234477024466, -2]
131	[-59.880234477024466, -2]
131	[-59.880234477024466, -2]
131	[-59.880234477024466, -2]
131	[-59.880234477024466, -2]
131	[-59.880234477024466, -2]
131	[-59.880234477024466, -2]
131	[-59.880234477024466, -2]
132	[-63.82470503972338, 0]
132	[-63.82470503972338, 0]
132	[-59.880234477024466, -2]
132	[-59.880234477024466, -2]
132	[-59.880234477024466, -2]
132	[-59.880234477024466, -2]
132	[-59.880234477024466, -2]
132	[-59.880234477024466, -2]
132	[-59.880234477024466, -2]
132	[-59.880234477024466, -2]
132	[-59.880234477024466, -2]
132	[-59.880234477024466, -2]
132	[-59.880234477024466, -2]
132	[-59.880234477024466, -2]
132	[-59.880234477024466, -2]
132	[-59.880234477024466, -2]
132	[-59.880234477024466, -2]
132	[-59.880234477024466, -2]
132	[-59.880234477024466, -2]
132	[-59.880234477024466, -2]
132	[-59.880234477024466, -2]
132	[-59.880234477024466, -2]
132	[-59.880234477024466, -2]
132	[-59.880234477024466, -2]
132	[-59.880234477024466, -2]
132	[-59.880234477024466, -2]
132	[-59.880234477024466, -2]
132	[-59.880234477024466, -2]
132	[-59.880234477024466, -2]
132	[-59.880234477024466, -2]
132	[-59.880234477024466, -2]
132	[-59.880234477024466, -2]
132	[-59.880234477024466, -2]
132	[-59.880234477024466, -2]
133	[-63.82470503972338, 0]
133	[-63.82470503972338, 0]
133	[-63.82470503972338, 0]
133	[-63.82470503972338, 0]
133	[-63.82470503972338, 0]
133	[-63.82470503972338, 0]
133	[-59.880234477024466, -2]
133	[-59.880234477024466, -2]
133	[-59.880234477024466, -2]
133	[-59.880234477024466, -2]
133	[-59.880234477024466, -2]
133	[-59.880234477024466, -2]
133	[-59.880234477024466, -2]
133	[-59.880234477024466, -2]
133	[-59.880234477024466, -2]
133	[-59.880234477024466, -2]
133	[-59.880234477024466, -2]
133	[-59.880234477024466, -2]
133	[-59.880234477024466, -2]
133	[-59.880234477024466, -2]
133	[-59.880234477024466, -2]
133	[-59.880234477024466, -2]
133	[-59.880234477024466, -2]
133	[-59.880234477024466, -2]
133	[-59.880234477024466, -2]
133	[-59.880234477024466, -2]
133	[-59.880234477024466, -2]
133	[-59.880234477024466, -2]
133	[-59.880234477024466, -2]
133	[-59.880234477024466, -2]
133	[-59.880234477024466, -2]
133	[-59.880234477024466, -2]
133	[-59.880234477024466, -2]
133	[-59.880234477024466, -2]
133	[-59.880234477024466, -2]
133	[-59.880234477024466, -2]
133	[-59.880234477024466, -2]
133	[-59.880234477024466, -2]
133	[-59.880234477024466, -2]
133	[-59.880234477024466, -2]
133	[-59.880234477024466, -2]
133	[-59.880234477024466, -2]
133	[-59.880234477024466, -2]
133	[-59.880234477024466, -2]
133	[-59.880234477024466, -2]
133	[-59.880234477024466, -2]
133	[-59.880234477024466, -2]
133	[-59.880234477024466, -2]
133	[-59.880234477024466, -2]
134	[-63.82470503972338, 0]
134	[-63.82470503972338, 0]
134	[-63.82470503972338, 0]
134	[-63.82470503972338, 0]
134	[-63.82470503972338, 0]
134	[-63.82470503972338, 0]
134	[-63.82470503972338, 0]
134	[-63.82470503972338, 0]
134	[-63.82470503972338, 0]
134	[-59.880234477024466, -2]
134	[-59.880234477024466, -2]
134	[-59.880234477024466, -2]
134	[-59.880234477024466, -2]
134	[-59.880234477024466, -2]
134	[-59.880234477024466, -2]
134	[-59.880234477024466, -2]
134	[-59.880234477024466, -2]
134	[-59.880234477024466, -2]
134	[-59.880234477024466, -2]
134	[-59.880234477024466, -2]
134	[-59.880234477024466, -2]
134	[-59.880234477024466, -2]
134	[-59.880234477024466, -2]
134	[-59.880234477024466, -2]
134	[-59.880234477024466, -2]
134	[-59.880234477024466, -2]
134	[-59.880234477024466, -2]
134	[-59.880234477024466, -2]
134	[-59.880234477024466, -2]
134	[-59.880234477024466, -2]
134	[-59.880234477024466, -2]
134	[-59.880234477024466, -2]
134	[-59.880234477024466, -2]
134	[-59.880234477024466, -2]
134	[-59.880234477024466, -2]
134	[-59.880234477024466, -2]
134	[-59.880234477024466, -2]
134	[-59.880234477024466, -2]
134	[-59.880234477024466, -2]
134	[-59.880234477024466, -2]
134	[-59.880234477024466, -2]
134	[-59.880234477024466, -2]
134	[-59.880234477024466, -2]
134	[-59.880234477024466, -2]
134	[-59.880234477024466, -2]
134	[-59.880234477024466, -2]
134	[-59.880234477024466, -2]
134	[-59.880234477024466, -2]
134	[-59.880234477024466, -2]
134	[-59.880234477024466, -2]
134	[-59.880234477024466, -2]
134	[-59.880234477024466, -2]
134	[-59.880234477024466, -2]
134	[-59.880234477024466, -2]
134	[-59.880234477024466, -2]
134	[-59.880234477024466, -2]
134	[-59.880234477024466, -2]
134	[-59.880234477024466, -2]
134	[-59.880234477024466, -2]
135	[-63.61030933351182, 0]
135	[-59.880234477024466, -2]
135	[-59.880234477024466, -2]
135	[-59.880234477024466, -2]
135	[-59.880234477024466, -2]
135	[-59.880234477024466, -2]
135	[-59.880234477024466, -2]
135	[-59.880234477024466, -2]
135	[-59.880234477024466, -2]
135	[-59.880234477024466, -2]
135	[-59.880234477024466, -2]
135	[-59.880234477024466, -2]
135	[-59.880234477024466, -2]
135	[-59.880234477024466, -2]
135	[-59.880234477024466, -2]
135	[-59.880234477024466, -2]
135	[-59.880234477024466, -2]
135	[-59.880234477024466, -2]
135	[-59.880234477024466, -2]
135	[-59.880234477024466, -2]
135	[-59.880234477024466, -2]
135	[-59.880234477024466, -2]
135	[-59.880234477024466, -2]
135	[-59.880234477024466, -2]
135	[-59.880234477024466, -2]
135	[-59.880234477024466, -2]
135	[-59.880234477024466, -2]
135	[-59.880234477024466, -2]
135	[-59.880234477024466, -2]
135	[-59.880234477024466, -2]
135	[-59.880234477024466, -2]
135	[-59.880234477024466, -2]
135	[-59.880234477024466, -2]
135	[-59.880234477024466, -2]
135	[-59.880234477024466, -2]
135	[-59.880234477024466, -2]
135	[-59.880234477024466, -2]
135	[-59.880234477024466, -2]
135	[-59.880234477024466, -2]
135	[-59.880234477024466, -2]
135	[-59.880234477024466, -2]
135	[-59.880234477024466, -2]
135	[-59.880234477024466, -2]
135	[-59.880234477024466, -2]
135	[-59.880234477024466, -2]
135	[-59.880234477024466, -2]
135	[-59.880234477024466, -2]
135	[-59.880234477024466, -2]
135	[-59.880234477024466, -2]
135	[-59.880234477024466, -2]
135	[-59.880234477024466, -2]
135	[-59.880234477024466, -2]
135	[-59.880234477024466, -2]
135	[-59.880234477024466, -2]
135	[-59.880234477024466, -2]
135	[-59.880234477024466, -2]
135	[-59.880234477024466, -2]
135	[-59.880234477024466, -2]
135	[-59.880234477024466, -2]
135	[-59.880234477024466, -2]
135	[-59.880234477024466, -2]
135	[-59.880234477024466, -2]
136	[-63.61030933351182, 0]
136	[-63.61030933351182, 0]
136	[-59.880234477024466, -2]
136	[-59.880234477024466, -2]
136	[-59.880234477024466, -2]
136	[-59.880234477024466, -2]
136	[-59.880234477024466, -2]
136	[-59.880234477024466, -2]
136	[-59.880234477024466, -2]
136	[-59.880234477024466, -2]
136	[-59.880234477024466, -2]
136	[-59.880234477024466, -2]
136	[-59.880234477024466, -2]
136	[-59.880234477024466, -2]
136	[-59.880234477024466, -2]
136	[-59.880234477024466, -2]
136	[-59.880234477024466, -2]
136	[-59.880234477024466, -2]
136	[-59.880234477024466, -2]
136	[-59.880234477024466, -2]
136	[-59.880234477024466, -2]
136	[-59.880234477024466, -2]
136	[-59.880234477024466, -2]
136	[-59.880234477024466, -2]
136	[-59.880234477024466, -2]
136	[-59.880234477024466, -2]
136	[-59.880234477024466, -2]
136	[-59.880234477024466, -2]
136	[-59.880234477024466, -2]
136	[-59.880234477024466, -2]
136	[-59.880234477024466, -2]
136	[-59.880234477024466, -2]
136	[-59.880234477024466, -2]
136	[-59.880234477024466, -2]
136	[-59.880234477024466, -2]
136	[-59.880234477024466, -2]
136	[-59.880234477024466, -2]
136	[-59.880234477024466, -2]
136	[-59.880234477024466, -2]
136	[-59.880234477024466, -2]
136	[-59.880234477024466, -2]
136	[-59.880234477024466, -2]
136	[-59.880234477024466, -2]
136	[-59.880234477024466, -2]
136	[-59.880234477024466, -2]
136	[-59.880234477024466, -2]
136	[-59.880234477024466, -2]
136	[-59.880234477024466, -2]
136	[-59.880234477024466, -2]
136	[-59.880234477024466, -2]
136	[-59.880234477024466, -2]
136	[-59.880234477024466, -2]
136	[-59.880234477024466, -2]
136	[-59.880234477024466, -2]
136	[-59.880234477024466, -2]
136	[-59.880234477024466, -2]
136	[-59.880234477024466, -2]
136	[-59.880234477024466, -2]
136	[-59.880234477024466, -2]
136	[-59.880234477024466, -2]
136	[-59.880234477024466, -2]
136	[-59.880234477024466, -2]
136	[-59.880234477024466, -2]
136	[-59.880234477024466, -2]
136	[-59.880234477024466, -2]
136	[-59.880234477024466, -2]
136	[-59.880234477024466, -2]
136	[-59.880234477024466, -2]
136	[-59.880234477024466, -2]
136	[-59.880234477024466, -2]
136	[-59.880234477024466, -2]
136	[-59.880234477024466, -2]
136	[-59.880234477024466, -2]
136	[-59.880234477024466, -2]
136	[-59.880234477024466, -2]
137	[-62.875792685228994, 0]
137	[-59.880234477024466, -2]
137	[-59.880234477024466, -2]
137	[-59.880234477024466, -2]
137	[-59.880234477024466, -2]
137	[-59.880234477024466, -2]
137	[-59.880234477024466, -2]
137	[-59.880234477024466, -2]
137	[-59.880234477024466, -2]
137	[-59.880234477024466, -2]
137	[-59.880234477024466, -2]
137	[-59.880234477024466, -2]
137	[-59.880234477024466, -2]
137	[-59.880234477024466, -2]
137	[-59.880234477024466, -2]
137	[-59.880234477024466, -2]
137	[-59.880234477024466, -2]
137	[-59.880234477024466, -2]
137	[-59.880234477024466, -2]
137	[-59.880234477024466, -2]
137	[-59.880234477024466, -2]
137	[-59.880234477024466, -2]
137	[-59.880234477024466, -2]
137	[-59.880234477024466, -2]
137	[-59.880234477024466, -2]
137	[-59.880234477024466, -2]
137	[-59.880234477024466, -2]
137	[-59.880234477024466, -2]
137	[-59.880234477024466, -2]
137	[-59.880234477024466, -2]
137	[-59.880234477024466, -2]
137	[-59.880234477024466, -2]
137	[-59.880234477024466, -2]
137	[-59.880234477024466, -2]
137	[-59.880234477024466, -2]
137	[-59.880234477024466, -2]
137	[-59.880234477024466, -2]
137	[-59.880234477024466, -2]
137	[-59.880234477024466, -2]
137	[-59.880234477024466, -2]
137	[-59.880234477024466, -2]
137	[-59.880234477024466, -2]
137	[-59.880234477024466, -2]
137	[-59.880234477024466, -2]
137	[-59.880234477024466, -2]
137	[-59.880234477024466, -2]
137	[-59.880234477024466, -2]
137	[-59.880234477024466, -2]
137	[-59.880234477024466, -2]
137	[-59.880234477024466, -2]
137	[-59.880234477024466, -2]
137	[-59.880234477024466, -2]
137	[-59.880234477024466, -2]
137	[-59.880234477024466, -2]
137	[-59.880234477024466, -2]
137	[-59.880234477024466, -2]
137	[-59.880234477024466, -2]
137	[-59.880234477024466, -2]
137	[-59.880234477024466, -2]
137	[-59.880234477024466, -2]
137	[-59.880234477024466, -2]
137	[-59.880234477024466, -2]
137	[-59.880234477024466, -2]
137	[-59.880234477024466, -2]
137	[-59.880234477024466, -2]
137	[-59.880234477024466, -2]
137	[-59.880234477024466, -2]
137	[-59.880234477024466, -2]
137	[-59.880234477024466, -2]
137	[-59.880234477024466, -2]
137	[-59.880234477024466, -2]
137	[-59.880234477024466, -2]
137	[-59.880234477024466, -2]
137	[-59.880234477024466, -2]
137	[-59.880234477024466, -2]
137	[-59.880234477024466, -2]
137	[-59.880234477024466, -2]
137	[-59.880234477024466, -2]
137	[-59.880234477024466, -2]
137	[-59.880234477024466, -2]
138	[-62.875792685228994, 0]
138	[-59.880234477024466, -2]
138	[-59.880234477024466, -2]
138	[-59.880234477024466, -2]
138	[-59.880234477024466, -2]
138	[-59.880234477024466, -2]
138	[-59.880234477024466, -2]
138	[-59.880234477024466, -2]
138	[-59.880234477024466, -2]
138	[-59.880234477024466, -2]
138	[-59.880234477024466, -2]
138	[-59.880234477024466, -2]
138	[-59.880234477024466, -2]
138	[-59.880234477024466, -2]
138	[-59.880234477024466, -2]
138	[-59.880234477024466, -2]
138	[-59.880234477024466, -2]
138	[-59.880234477024466, -2]
138	[-59.880234477024466, -2]
138	[-59.880234477024466, -2]
138	[-59.880234477024466, -2]
138	[-59.880234477024466, -2]
138	[-59.880234477024466, -2]
138	[-59.880234477024466, -2]
138	[-59.880234477024466, -2]
138	[-59.880234477024466, -2]
138	[-59.880234477024466, -2]
138	[-59.880234477024466, -2]
138	[-59.880234477024466, -2]
138	[-59.880234477024466, -2]
138	[-59.880234477024466, -2]
138	[-59.880234477024466, -2]
138	[-59.880234477024466, -2]
138	[-59.880234477024466, -2]
138	[-59.880234477024466, -2]
138	[-59.880234477024466, -2]
138	[-59.880234477024466, -2]
138	[-59.880234477024466, -2]
138	[-59.880234477024466, -2]
138	[-59.880234477024466, -2]
138	[-59.880234477024466, -2]
138	[-59.880234477024466, -2]
138	[-59.880234477024466, -2]
138	[-59.880234477024466, -2]
138	[-59.880234477024466, -2]
138	[-59.880234477024466, -2]
138	[-59.880234477024466, -2]
138	[-59.880234477024466, -2]
138	[-59.880234477024466, -2]
138	[-59.880234477024466, -2]
138	[-59.880234477024466, -2]
138	[-59.880234477024466, -2]
138	[-59.880234477024466, -2]
138	[-59.880234477024466, -2]
138	[-59.880234477024466, -2]
138	[-59.880234477024466, -2]
138	[-59.880234477024466, -2]
138	[-59.880234477024466, -2]
138	[-59.880234477024466, -2]
138	[-59.880234477024466, -2]
138	[-59.880234477024466, -2]
138	[-59.880234477024466, -2]
138	[-59.880234477024466, -2]
138	[-59.880234477024466, -2]
138	[-59.880234477024466, -2]
138	[-59.880234477024466, -2]
138	[-59.880234477024466, -2]
138	[-59.880234477024466, -2]
138	[-59.880234477024466, -2]
138	[-59.880234477024466, -2]
138	[-59.880234477024466, -2]
138	[-59.880234477024466, -2]
138	[-59.880234477024466, -2]
138	[-59.880234477024466, -2]
138	[-59.880234477024466, -2]
138	[-59.880234477024466, -2]
138	[-59.880234477024466, -2]
138	[-59.880234477024466, -2]
138	[-59.880234477024466, -2]
138	[-59.880234477024466, -2]
139	[-62.82643503217708, 0]
139	[-59.880234477024466, -2]
139	[-59.880234477024466, -2]
139	[-59.880234477024466, -2]
139	[-59.880234477024466, -2]
139	[-59.880234477024466, -2]
139	[-59.880234477024466, -2]
139	[-59.880234477024466, -2]
139	[-59.880234477024466, -2]
139	[-59.880234477024466, -2]
139	[-59.880234477024466, -2]
139	[-59.880234477024466, -2]
139	[-59.880234477024466, -2]
139	[-59.880234477024466, -2]
139	[-59.880234477024466, -2]
139	[-59.880234477024466, -2]
139	[-59.880234477024466, -2]
139	[-59.880234477024466, -2]
139	[-59.880234477024466, -2]
139	[-59.880234477024466, -2]
139	[-59.880234477024466, -2]
139	[-59.880234477024466, -2]
139	[-59.880234477024466, -2]
139	[-59.880234477024466, -2]
139	[-59.880234477024466, -2]
139	[-59.880234477024466, -2]
139	[-59.880234477024466, -2]
139	[-59.880234477024466, -2]
139	[-59.880234477024466, -2]
139	[-59.880234477024466, -2]
139	[-59.880234477024466, -2]
139	[-59.880234477024466, -2]
139	[-59.880234477024466, -2]
139	[-59.880234477024466, -2]
139	[-59.880234477024466, -2]
139	[-59.880234477024466, -2]
139	[-59.880234477024466, -2]
139	[-59.880234477024466, -2]
139	[-59.880234477024466, -2]
139	[-59.880234477024466, -2]
139	[-59.880234477024466, -2]
139	[-59.880234477024466, -2]
139	[-59.880234477024466, -2]
139	[-59.880234477024466, -2]
139	[-59.880234477024466, -2]
139	[-59.880234477024466, -2]
139	[-59.880234477024466, -2]
139	[-59.880234477024466, -2]
139	[-59.880234477024466, -2]
139	[-59.880234477024466, -2]
139	[-59.880234477024466, -2]
139	[-59.880234477024466, -2]
139	[-59.880234477024466, -2]
139	[-59.880234477024466, -2]
139	[-59.880234477024466, -2]
139	[-59.880234477024466, -2]
139	[-59.880234477024466, -2]
139	[-59.880234477024466, -2]
139	[-59.880234477024466, -2]
139	[-59.880234477024466, -2]
139	[-59.880234477024466, -2]
139	[-59.880234477024466, -2]
139	[-59.880234477024466, -2]
139	[-59.880234477024466, -2]
139	[-59.880234477024466, -2]
139	[-59.880234477024466, -2]
139	[-59.880234477024466, -2]
139	[-59.880234477024466, -2]
139	[-59.880234477024466, -2]
139	[-59.880234477024466, -2]
139	[-59.880234477024466, -2]
139	[-59.880234477024466, -2]
139	[-59.880234477024466, -2]
139	[-59.880234477024466, -2]
139	[-59.880234477024466, -2]
139	[-59.880234477024466, -2]
139	[-59.880234477024466, -2]
139	[-59.880234477024466, -2]
139	[-59.880234477024466, -2]
139	[-59.880234477024466, -2]
140	[-62.82643503217708, 0]
140	[-62.82643503217708, 0]
140	[-59.880234477024466, -2]
140	[-59.880234477024466, -2]
140	[-59.880234477024466, -2]
140	[-59.880234477024466, -2]
140	[-59.880234477024466, -2]
140	[-59.880234477024466, -2]
140	[-59.880234477024466, -2]
140	[-59.880234477024466, -2]
140	[-59.880234477024466, -2]
140	[-59.880234477024466, -2]
140	[-59.880234477024466, -2]
140	[-59.880234477024466, -2]
140	[-59.880234477024466, -2]
140	[-59.880234477024466, -2]
140	[-59.880234477024466, -2]
140	[-59.880234477024466, -2]
140	[-59.880234477024466, -2]
140	[-59.880234477024466, -2]
140	[-59.880234477024466, -2]
140	[-59.880234477024466, -2]
140	[-59.880234477024466, -2]
140	[-59.880234477024466, -2]
140	[-59.880234477024466, -2]
140	[-59.880234477024466, -2]
140	[-59.880234477024466, -2]
140	[-59.880234477024466, -2]
140	[-59.880234477024466, -2]
140	[-59.880234477024466, -2]
140	[-59.880234477024466, -2]
140	[-59.880234477024466, -2]
140	[-59.880234477024466, -2]
140	[-59.880234477024466, -2]
140	[-59.880234477024466, -2]
140	[-59.880234477024466, -2]
140	[-59.880234477024466, -2]
140	[-59.880234477024466, -2]
140	[-59.880234477024466, -2]
140	[-59.880234477024466, -2]
140	[-59.880234477024466, -2]
140	[-59.880234477024466, -2]
140	[-59.880234477024466, -2]
140	[-59.880234477024466, -2]
140	[-59.880234477024466, -2]
140	[-59.880234477024466, -2]
140	[-59.880234477024466, -2]
140	[-59.880234477024466, -2]
140	[-59.880234477024466, -2]
140	[-59.880234477024466, -2]
140	[-59.880234477024466, -2]
140	[-59.880234477024466, -2]
140	[-59.880234477024466, -2]
140	[-59.880234477024466, -2]
140	[-59.880234477024466, -2]
140	[-59.880234477024466, -2]
140	[-59.880234477024466, -2]
140	[-59.880234477024466, -2]
140	[-59.880234477024466, -2]
140	[-59.880234477024466, -2]
140	[-59.880234477024466, -2]
140	[-59.880234477024466, -2]
140	[-59.880234477024466, -2]
140	[-59.880234477024466, -2]
140	[-59.880234477024466, -2]
140	[-59.880234477024466, -2]
140	[-59.880234477024466, -2]
140	[-59.880234477024466, -2]
140	[-59.880234477024466, -2]
140	[-59.880234477024466, -2]
140	[-59.880234477024466, -2]
140	[-59.880234477024466, -2]
140	[-59.880234477024466, -2]
140	[-59.880234477024466, -2]
140	[-59.880234477024466, -2]
140	[-59.880234477024466, -2]
140	[-59.880234477024466, -2]
140	[-59.880234477024466, -2]
140	[-59.880234477024466, -2]
140	[-59.880234477024466, -2]
141	[-62.82643503217708, 0]
141	[-62.82643503217708, 0]
141	[-59.880234477024466, -2]
141	[-59.880234477024466, -2]
141	[-59.880234477024466, -2]
141	[-59.880234477024466, -2]
141	[-59.880234477024466, -2]
141	[-59.880234477024466, -2]
141	[-59.880234477024466, -2]
141	[-59.880234477024466, -2]
141	[-59.880234477024466, -2]
141	[-59.880234477024466, -2]
141	[-59.880234477024466, -2]
141	[-59.880234477024466, -2]
141	[-59.880234477024466, -2]
141	[-59.880234477024466, -2]
141	[-59.880234477024466, -2]
141	[-59.880234477024466, -2]
141	[-59.880234477024466, -2]
141	[-59.880234477024466, -2]
141	[-59.880234477024466, -2]
141	[-59.880234477024466, -2]
141	[-59.880234477024466, -2]
141	[-59.880234477024466, -2]
141	[-59.880234477024466, -2]
141	[-59.880234477024466, -2]
141	[-59.880234477024466, -2]
141	[-59.880234477024466, -2]
141	[-59.880234477024466, -2]
141	[-59.880234477024466, -2]
141	[-59.880234477024466, -2]
141	[-59.880234477024466, -2]
141	[-59.880234477024466, -2]
141	[-59.880234477024466, -2]
141	[-59.880234477024466, -2]
141	[-59.880234477024466, -2]
141	[-59.880234477024466, -2]
141	[-59.880234477024466, -2]
141	[-59.880234477024466, -2]
141	[-59.880234477024466, -2]
141	[-59.880234477024466, -2]
141	[-59.880234477024466, -2]
141	[-59.880234477024466, -2]
141	[-59.880234477024466, -2]
141	[-59.880234477024466, -2]
141	[-59.880234477024466, -2]
141	[-59.880234477024466, -2]
141	[-59.880234477024466, -2]
141	[-59.880234477024466, -2]
141	[-59.880234477024466, -2]
141	[-59.880234477024466, -2]
141	[-59.880234477024466, -2]
141	[-59.880234477024466, -2]
141	[-59.880234477024466, -2]
141	[-59.880234477024466, -2]
141	[-59.880234477024466, -2]
141	[-59.880234477024466, -2]
141	[-59.880234477024466, -2]
141	[-59.880234477024466, -2]
141	[-59.880234477024466, -2]
141	[-59.880234477024466, -2]
141	[-59.880234477024466, -2]
141	[-59.880234477024466, -2]
141	[-59.880234477024466, -2]
141	[-59.880234477024466, -2]
141	[-59.880234477024466, -2]
141	[-59.880234477024466, -2]
141	[-59.880234477024466, -2]
141	[-59.880234477024466, -2]
141	[-59.880234477024466, -2]
141	[-59.880234477024466, -2]
141	[-59.880234477024466, -2]
141	[-59.880234477024466, -2]
141	[-59.880234477024466, -2]
141	[-59.880234477024466, -2]
141	[-59.880234477024466, -2]
141	[-59.880234477024466, -2]
141	[-59.880234477024466, -2]
141	[-59.880234477024466, -2]
141	[-59.880234477024466, -2]
142	[-62.82643503217708, 0]
142	[-62.82643503217708, 0]
142	[-62.82643503217708, 0]
142	[-59.880234477024466, -2]
142	[-59.880234477024466, -2]
142	[-59.880234477024466, -2]
142	[-59.880234477024466, -2]
142	[-59.880234477024466, -2]
142	[-59.880234477024466, -2]
142	[-59.880234477024466, -2]
142	[-59.880234477024466, -2]
142	[-59.880234477024466, -2]
142	[-59.880234477024466, -2]
142	[-59.880234477024466, -2]
142	[-59.880234477024466, -2]
142	[-59.880234477024466, -2]
142	[-59.880234477024466, -2]
142	[-59.880234477024466, -2]
142	[-59.880234477024466, -2]
142	[-59.880234477024466, -2]
142	[-59.880234477024466, -2]
142	[-59.880234477024466, -2]
142	[-59.880234477024466, -2]
142	[-59.880234477024466, -2]
142	[-59.880234477024466, -2]
142	[-59.880234477024466, -2]
142	[-59.880234477024466, -2]
142	[-59.880234477024466, -2]
142	[-59.880234477024466, -2]
142	[-59.880234477024466, -2]
142	[-59.880234477024466, -2]
142	[-59.880234477024466, -2]
142	[-59.880234477024466, -2]
142	[-59.880234477024466, -2]
142	[-59.880234477024466, -2]
142	[-59.880234477024466, -2]
142	[-59.880234477024466, -2]
142	[-59.880234477024466, -2]
142	[-59.880234477024466, -2]
142	[-59.880234477024466, -2]
142	[-59.880234477024466, -2]
142	[-59.880234477024466, -2]
142	[-59.880234477024466, -2]
142	[-59.880234477024466, -2]
142	[-59.880234477024466, -2]
142	[-59.880234477024466, -2]
142	[-59.880234477024466, -2]
142	[-59.880234477024466, -2]
142	[-59.880234477024466, -2]
142	[-59.880234477024466, -2]
142	[-59.880234477024466, -2]
142	[-59.880234477024466, -2]
142	[-59.880234477024466, -2]
142	[-59.880234477024466, -2]
142	[-59.880234477024466, -2]
142	[-59.880234477024466, -2]
142	[-59.880234477024466, -2]
142	[-59.880234477024466, -2]
142	[-59.880234477024466, -2]
142	[-59.880234477024466, -2]
142	[-59.880234477024466, -2]
142	[-59.880234477024466, -2]
142	[-59.880234477024466, -2]
142	[-59.880234477024466, -2]
142	[-59.880234477024466, -2]
142	[-59.880234477024466, -2]
142	[-59.880234477024466, -2]
142	[-59.880234477024466, -2]
142	[-59.880234477024466, -2]
142	[-59.880234477024466, -2]
142	[-59.880234477024466, -2]
142	[-59.880234477024466, -2]
142	[-59.880234477024466, -2]
142	[-59.880234477024466, -2]
142	[-59.880234477024466, -2]
142	[-59.880234477024466, -2]
142	[-59.880234477024466, -2]
142	[-59.880234477024466, -2]
142	[-59.880234477024466, -2]
142	[-59.880234477024466, -2]
143	[-62.82643503217708, 0]
143	[-62.82643503217708, 0]
143	[-62.82643503217708, 0]
143	[-62.82643503217708, 0]
143	[-62.82643503217708, 0]
143	[-59.880234477024466, -2]
143	[-59.880234477024466, -2]
143	[-59.880234477024466, -2]
143	[-59.880234477024466, -2]
143	[-59.880234477024466, -2]
143	[-59.880234477024466, -2]
143	[-59.880234477024466, -2]
143	[-59.880234477024466, -2]
143	[-59.880234477024466, -2]
143	[-59.880234477024466, -2]
143	[-59.880234477024466, -2]
143	[-59.880234477024466, -2]
143	[-59.880234477024466, -2]
143	[-59.880234477024466, -2]
143	[-59.880234477024466, -2]
143	[-59.880234477024466, -2]
143	[-59.880234477024466, -2]
143	[-59.880234477024466, -2]
143	[-59.880234477024466, -2]
143	[-59.880234477024466, -2]
143	[-59.880234477024466, -2]
143	[-59.880234477024466, -2]
143	[-59.880234477024466, -2]
143	[-59.880234477024466, -2]
143	[-59.880234477024466, -2]
143	[-59.880234477024466, -2]
143	[-59.880234477024466, -2]
143	[-59.880234477024466, -2]
143	[-59.880234477024466, -2]
143	[-59.880234477024466, -2]
143	[-59.880234477024466, -2]
143	[-59.880234477024466, -2]
143	[-59.880234477024466, -2]
143	[-59.880234477024466, -2]
143	[-59.880234477024466, -2]
143	[-59.880234477024466, -2]
143	[-59.880234477024466, -2]
143	[-59.880234477024466, -2]
143	[-59.880234477024466, -2]
143	[-59.880234477024466, -2]
143	[-59.880234477024466, -2]
143	[-59.880234477024466, -2]
143	[-59.880234477024466, -2]
143	[-59.880234477024466, -2]
143	[-59.880234477024466, -2]
143	[-59.880234477024466, -2]
143	[-59.880234477024466, -2]
143	[-59.880234477024466, -2]
143	[-59.880234477024466, -2]
143	[-59.880234477024466, -2]
143	[-59.880234477024466, -2]
143	[-59.880234477024466, -2]
143	[-59.880234477024466, -2]
143	[-59.880234477024466, -2]
143	[-59.880234477024466, -2]
143	[-59.880234477024466, -2]
143	[-59.880234477024466, -2]
143	[-59.880234477024466, -2]
143	[-59.880234477024466, -2]
143	[-59.880234477024466, -2]
143	[-59.880234477024466, -2]
143	[-59.880234477024466, -2]
143	[-59.880234477024466, -2]
143	[-59.880234477024466, -2]
143	[-59.880234477024466, -2]
143	[-59.880234477024466, -2]
143	[-59.880234477024466, -2]
143	[-59.880234477024466, -2]
143	[-59.880234477024466, -2]
143	[-59.880234477024466, -2]
143	[-59.880234477024466, -2]
143	[-59.880234477024466, -2]
143	[-59.880234477024466, -2]
143	[-59.880234477024466, -2]
143	[-59.880234477024466, -2]
144	[-62.82643503217708, 0]
144	[-62.82643503217708, 0]
144	[-62.82643503217708, 0]
144	[-62.82643503217708, 0]
144	[-62.82643503217708, 0]
144	[-62.82643503217708, 0]
144	[-59.880234477024466, -2]
144	[-59.880234477024466, -2]
144	[-59.880234477024466, -2]
144	[-59.880234477024466, -2]
144	[-59.880234477024466, -2]
144	[-59.880234477024466, -2]
144	[-59.880234477024466, -2]
144	[-59.880234477024466, -2]
144	[-59.880234477024466, -2]
144	[-59.880234477024466, -2]
144	[-59.880234477024466, -2]
144	[-59.880234477024466, -2]
144	[-59.880234477024466, -2]
144	[-59.880234477024466, -2]
144	[-59.880234477024466, -2]
144	[-59.880234477024466, -2]
144	[-59.880234477024466, -2]
144	[-59.880234477024466, -2]
144	[-59.880234477024466, -2]
144	[-59.880234477024466, -2]
144	[-59.880234477024466, -2]
144	[-59.880234477024466, -2]
144	[-59.880234477024466, -2]
144	[-59.880234477024466, -2]
144	[-59.880234477024466, -2]
144	[-59.880234477024466, -2]
144	[-59.880234477024466, -2]
144	[-59.880234477024466, -2]
144	[-59.880234477024466, -2]
144	[-59.880234477024466, -2]
144	[-59.880234477024466, -2]
144	[-59.880234477024466, -2]
144	[-59.880234477024466, -2]
144	[-59.880234477024466, -2]
144	[-59.880234477024466, -2]
144	[-59.880234477024466, -2]
144	[-59.880234477024466, -2]
144	[-59.880234477024466, -2]
144	[-59.880234477024466, -2]
144	[-59.880234477024466, -2]
144	[-59.880234477024466, -2]
144	[-59.880234477024466, -2]
144	[-59.880234477024466, -2]
144	[-59.880234477024466, -2]
144	[-59.880234477024466, -2]
144	[-59.880234477024466, -2]
144	[-59.880234477024466, -2]
144	[-59.880234477024466, -2]
144	[-59.880234477024466, -2]
144	[-59.880234477024466, -2]
144	[-59.880234477024466, -2]
144	[-59.880234477024466, -2]
144	[-59.880234477024466, -2]
144	[-59.880234477024466, -2]
144	[-59.880234477024466, -2]
144	[-59.880234477024466, -2]
144	[-59.880234477024466, -2]
144	[-59.880234477024466, -2]
144	[-59.880234477024466, -2]
144	[-59.880234477024466, -2]
144	[-59.880234477024466, -2]
144	[-59.880234477024466, -2]
144	[-59.880234477024466, -2]
144	[-59.880234477024466, -2]
144	[-59.880234477024466, -2]
144	[-59.880234477024466, -2]
144	[-59.880234477024466, -2]
144	[-59.880234477024466, -2]
144	[-59.880234477024466, -2]
144	[-59.880234477024466, -2]
144	[-59.880234477024466, -2]
144	[-59.880234477024466, -2]
144	[-59.880234477024466, -2]
144	[-59.880234477024466, -2]
145	[-62.82643503217708, 0]
145	[-62.82643503217708, 0]
145	[-62.82643503217708, 0]
145	[-62.82643503217708, 0]
145	[-62.82643503217708, 0]
145	[-62.82643503217708, 0]
145	[-62.82643503217708, 0]
145	[-62.82643503217708, 0]
145	[-59.880234477024466, -2]
145	[-59.880234477024466, -2]
145	[-59.880234477024466, -2]
145	[-59.880234477024466, -2]
145	[-59.880234477024466, -2]
145	[-59.880234477024466, -2]
145	[-59.880234477024466, -2]
145	[-59.880234477024466, -2]
145	[-59.880234477024466, -2]
145	[-59.880234477024466, -2]
145	[-59.880234477024466, -2]
145	[-59.880234477024466, -2]
145	[-59.880234477024466, -2]
145	[-59.880234477024466, -2]
145	[-59.880234477024466, -2]
145	[-59.880234477024466, -2]
145	[-59.880234477024466, -2]
145	[-59.880234477024466, -2]
145	[-59.880234477024466, -2]
145	[-59.880234477024466, -2]
145	[-59.880234477024466, -2]
145	[-59.880234477024466, -2]
145	[-59.880234477024466, -2]
145	[-59.880234477024466, -2]
145	[-59.880234477024466, -2]
145	[-59.880234477024466, -2]
145	[-59.880234477024466, -2]
145	[-59.880234477024466, -2]
145	[-59.880234477024466, -2]
145	[-59.880234477024466, -2]
145	[-59.880234477024466, -2]
145	[-59.880234477024466, -2]
145	[-59.880234477024466, -2]
145	[-59.880234477024466, -2]
145	[-59.880234477024466, -2]
145	[-59.880234477024466, -2]
145	[-59.880234477024466, -2]
145	[-59.880234477024466, -2]
145	[-59.880234477024466, -2]
145	[-59.880234477024466, -2]
145	[-59.880234477024466, -2]
145	[-59.880234477024466, -2]
145	[-59.880234477024466, -2]
145	[-59.880234477024466, -2]
145	[-59.880234477024466, -2]
145	[-59.880234477024466, -2]
145	[-59.880234477024466, -2]
145	[-59.880234477024466, -2]
145	[-59.880234477024466, -2]
145	[-59.880234477024466, -2]
145	[-59.880234477024466, -2]
145	[-59.880234477024466, -2]
145	[-59.880234477024466, -2]
145	[-59.880234477024466, -2]
145	[-59.880234477024466, -2]
145	[-59.880234477024466, -2]
145	[-59.880234477024466, -2]
145	[-59.880234477024466, -2]
145	[-59.880234477024466, -2]
145	[-59.880234477024466, -2]
145	[-59.880234477024466, -2]
145	[-59.880234477024466, -2]
145	[-59.880234477024466, -2]
145	[-59.880234477024466, -2]
145	[-59.880234477024466, -2]
145	[-59.880234477024466, -2]
145	[-59.880234477024466, -2]
145	[-59.880234477024466, -2]
145	[-59.880234477024466, -2]
145	[-59.880234477024466, -2]
145	[-59.880234477024466, -2]
145	[-59.880234477024466, -2]
146	[-62.82643503217708, 0]
146	[-62.82643503217708, 0]
146	[-62.82643503217708, 0]
146	[-62.82643503217708, 0]
146	[-62.82643503217708, 0]
146	[-62.82643503217708, 0]
146	[-62.82643503217708, 0]
146	[-62.82643503217708, 0]
146	[-62.82643503217708, 0]
146	[-62.82643503217708, 0]
146	[-62.82643503217708, 0]
146	[-59.880234477024466, -2]
146	[-59.880234477024466, -2]
146	[-59.880234477024466, -2]
146	[-59.880234477024466, -2]
146	[-59.880234477024466, -2]
146	[-59.880234477024466, -2]
146	[-59.880234477024466, -2]
146	[-59.880234477024466, -2]
146	[-59.880234477024466, -2]
146	[-59.880234477024466, -2]
146	[-59.880234477024466, -2]
146	[-59.880234477024466, -2]
146	[-59.880234477024466, -2]
146	[-59.880234477024466, -2]
146	[-59.880234477024466, -2]
146	[-59.880234477024466, -2]
146	[-59.880234477024466, -2]
146	[-59.880234477024466, -2]
146	[-59.880234477024466, -2]
146	[-59.880234477024466, -2]
146	[-59.880234477024466, -2]
146	[-59.880234477024466, -2]
146	[-59.880234477024466, -2]
146	[-59.880234477024466, -2]
146	[-59.880234477024466, -2]
146	[-59.880234477024466, -2]
146	[-59.880234477024466, -2]
146	[-59.880234477024466, -2]
146	[-59.880234477024466, -2]
146	[-59.880234477024466, -2]
146	[-59.880234477024466, -2]
146	[-59.880234477024466, -2]
146	[-59.880234477024466, -2]
146	[-59.880234477024466, -2]
146	[-59.880234477024466, -2]
146	[-59.880234477024466, -2]
146	[-59.880234477024466, -2]
146	[-59.880234477024466, -2]
146	[-59.880234477024466, -2]
146	[-59.880234477024466, -2]
146	[-59.880234477024466, -2]
146	[-59.880234477024466, -2]
146	[-59.880234477024466, -2]
146	[-59.880234477024466, -2]
146	[-59.880234477024466, -2]
146	[-59.880234477024466, -2]
146	[-59.880234477024466, -2]
146	[-59.880234477024466, -2]
146	[-59.880234477024466, -2]
146	[-59.880234477024466, -2]
146	[-59.880234477024466, -2]
146	[-59.880234477024466, -2]
146	[-59.880234477024466, -2]
146	[-59.880234477024466, -2]
146	[-59.880234477024466, -2]
146	[-59.880234477024466, -2]
146	[-59.880234477024466, -2]
146	[-59.880234477024466, -2]
146	[-59.880234477024466, -2]
146	[-59.880234477024466, -2]
146	[-59.880234477024466, -2]
146	[-59.880234477024466, -2]
146	[-59.880234477024466, -2]
146	[-59.880234477024466, -2]
146	[-59.880234477024466, -2]
146	[-59.880234477024466, -2]
146	[-59.880234477024466, -2]
146	[-59.880234477024466, -2]
146	[-59.880234477024466, -2]
147	[-62.82643503217708, 0]
147	[-62.82643503217708, 0]
147	[-62.82643503217708, 0]
147	[-62.82643503217708, 0]
147	[-62.82643503217708, 0]
147	[-62.82643503217708, 0]
147	[-62.82643503217708, 0]
147	[-62.82643503217708, 0]
147	[-62.82643503217708, 0]
147	[-62.82643503217708, 0]
147	[-62.82643503217708, 0]
147	[-62.82643503217708, 0]
147	[-62.82643503217708, 0]
147	[-62.82643503217708, 0]
147	[-62.82643503217708, 0]
147	[-62.82643503217708, 0]
147	[-59.880234477024466, -2]
147	[-59.880234477024466, -2]
147	[-59.880234477024466, -2]
147	[-59.880234477024466, -2]
147	[-59.880234477024466, -2]
147	[-59.880234477024466, -2]
147	[-59.880234477024466, -2]
147	[-59.880234477024466, -2]
147	[-59.880234477024466, -2]
147	[-59.880234477024466, -2]
147	[-59.880234477024466, -2]
147	[-59.880234477024466, -2]
147	[-59.880234477024466, -2]
147	[-59.880234477024466, -2]
147	[-59.880234477024466, -2]
147	[-59.880234477024466, -2]
147	[-59.880234477024466, -2]
147	[-59.880234477024466, -2]
147	[-59.880234477024466, -2]
147	[-59.880234477024466, -2]
147	[-59.880234477024466, -2]
147	[-59.880234477024466, -2]
147	[-59.880234477024466, -2]
147	[-59.880234477024466, -2]
147	[-59.880234477024466, -2]
147	[-59.880234477024466, -2]
147	[-59.880234477024466, -2]
147	[-59.880234477024466, -2]
147	[-59.880234477024466, -2]
147	[-59.880234477024466, -2]
147	[-59.880234477024466, -2]
147	[-59.880234477024466, -2]
147	[-59.880234477024466, -2]
147	[-59.880234477024466, -2]
147	[-59.880234477024466, -2]
147	[-59.880234477024466, -2]
147	[-59.880234477024466, -2]
147	[-59.880234477024466, -2]
147	[-59.880234477024466, -2]
147	[-59.880234477024466, -2]
147	[-59.880234477024466, -2]
147	[-59.880234477024466, -2]
147	[-59.880234477024466, -2]
147	[-59.880234477024466, -2]
147	[-59.880234477024466, -2]
147	[-59.880234477024466, -2]
147	[-59.880234477024466, -2]
147	[-59.880234477024466, -2]
147	[-59.880234477024466, -2]
147	[-59.880234477024466, -2]
147	[-59.880234477024466, -2]
147	[-59.880234477024466, -2]
147	[-59.880234477024466, -2]
147	[-59.880234477024466, -2]
147	[-59.880234477024466, -2]
147	[-59.880234477024466, -2]
147	[-59.880234477024466, -2]
147	[-59.880234477024466, -2]
147	[-59.880234477024466, -2]
147	[-59.880234477024466, -2]
147	[-59.880234477024466, -2]
147	[-59.880234477024466, -2]
147	[-59.880234477024466, -2]
147	[-59.880234477024466, -2]
148	[-62.82643503217708, 0]
148	[-62.82643503217708, 0]
148	[-62.82643503217708, 0]
148	[-62.82643503217708, 0]
148	[-62.82643503217708, 0]
148	[-62.82643503217708, 0]
148	[-62.82643503217708, 0]
148	[-62.82643503217708, 0]
148	[-62.82643503217708, 0]
148	[-62.82643503217708, 0]
148	[-62.82643503217708, 0]
148	[-62.82643503217708, 0]
148	[-62.82643503217708, 0]
148	[-62.82643503217708, 0]
148	[-62.82643503217708, 0]
148	[-62.82643503217708, 0]
148	[-62.82643503217708, 0]
148	[-62.82643503217708, 0]
148	[-62.82643503217708, 0]
148	[-62.82643503217708, 0]
148	[-59.880234477024466, -2]
148	[-59.880234477024466, -2]
148	[-59.880234477024466, -2]
148	[-59.880234477024466, -2]
148	[-59.880234477024466, -2]
148	[-59.880234477024466, -2]
148	[-59.880234477024466, -2]
148	[-59.880234477024466, -2]
148	[-59.880234477024466, -2]
148	[-59.880234477024466, -2]
148	[-59.880234477024466, -2]
148	[-59.880234477024466, -2]
148	[-59.880234477024466, -2]
148	[-59.880234477024466, -2]
148	[-59.880234477024466, -2]
148	[-59.880234477024466, -2]
148	[-59.880234477024466, -2]
148	[-59.880234477024466, -2]
148	[-59.880234477024466, -2]
148	[-59.880234477024466, -2]
148	[-59.880234477024466, -2]
148	[-59.880234477024466, -2]
148	[-59.880234477024466, -2]
148	[-59.880234477024466, -2]
148	[-59.880234477024466, -2]
148	[-59.880234477024466, -2]
148	[-59.880234477024466, -2]
148	[-59.880234477024466, -2]
148	[-59.880234477024466, -2]
148	[-59.880234477024466, -2]
148	[-59.880234477024466, -2]
148	[-59.880234477024466, -2]
148	[-59.880234477024466, -2]
148	[-59.880234477024466, -2]
148	[-59.880234477024466, -2]
148	[-59.880234477024466, -2]
148	[-59.880234477024466, -2]
148	[-59.880234477024466, -2]
148	[-59.880234477024466, -2]
148	[-59.880234477024466, -2]
148	[-59.880234477024466, -2]
148	[-59.880234477024466, -2]
148	[-59.880234477024466, -2]
148	[-59.880234477024466, -2]
148	[-59.880234477024466, -2]
148	[-59.880234477024466, -2]
148	[-59.880234477024466, -2]
148	[-59.880234477024466, -2]
148	[-59.880234477024466, -2]
148	[-59.880234477024466, -2]
148	[-59.880234477024466, -2]
148	[-59.880234477024466, -2]
148	[-59.880234477024466, -2]
148	[-59.880234477024466, -2]
148	[-59.880234477024466, -2]
148	[-59.880234477024466, -2]
148	[-59.880234477024466, -2]
148	[-59.880234477024466, -2]
148	[-59.880234477024466, -2]
148	[-59.880234477024466, -2]
149	[-62.82643503217708, 0]
149	[-62.82643503217708, 0]
149	[-62.82643503217708, 0]
149	[-62.82643503217708, 0]
149	[-62.82643503217708, 0]
149	[-62.82643503217708, 0]
149	[-62.82643503217708, 0]
149	[-62.82643503217708, 0]
149	[-62.82643503217708, 0]
149	[-62.82643503217708, 0]
149	[-62.82643503217708, 0]
149	[-62.82643503217708, 0]
149	[-62.82643503217708, 0]
149	[-62.82643503217708, 0]
149	[-62.82643503217708, 0]
149	[-62.82643503217708, 0]
149	[-62.82643503217708, 0]
149	[-62.82643503217708, 0]
149	[-62.82643503217708, 0]
149	[-62.82643503217708, 0]
149	[-62.82643503217708, 0]
149	[-62.82643503217708, 0]
149	[-59.880234477024466, -2]
149	[-59.880234477024466, -2]
149	[-59.880234477024466, -2]
149	[-59.880234477024466, -2]
149	[-59.880234477024466, -2]
149	[-59.880234477024466, -2]
149	[-59.880234477024466, -2]
149	[-59.880234477024466, -2]
149	[-59.880234477024466, -2]
149	[-59.880234477024466, -2]
149	[-59.880234477024466, -2]
149	[-59.880234477024466, -2]
149	[-59.880234477024466, -2]
149	[-59.880234477024466, -2]
149	[-59.880234477024466, -2]
149	[-59.880234477024466, -2]
149	[-59.880234477024466, -2]
149	[-59.880234477024466, -2]
149	[-59.880234477024466, -2]
149	[-59.880234477024466, -2]
149	[-59.880234477024466, -2]
149	[-59.880234477024466, -2]
149	[-59.880234477024466, -2]
149	[-59.880234477024466, -2]
149	[-59.880234477024466, -2]
149	[-59.880234477024466, -2]
149	[-59.880234477024466, -2]
149	[-59.880234477024466, -2]
149	[-59.880234477024466, -2]
149	[-59.880234477024466, -2]
149	[-59.880234477024466, -2]
149	[-59.880234477024466, -2]
149	[-59.880234477024466, -2]
149	[-59.880234477024466, -2]
149	[-59.880234477024466, -2]
149	[-59.880234477024466, -2]
149	[-59.880234477024466, -2]
149	[-59.880234477024466, -2]
149	[-59.880234477024466, -2]
149	[-59.880234477024466, -2]
149	[-59.880234477024466, -2]
149	[-59.880234477024466, -2]
149	[-59.880234477024466, -2]
149	[-59.880234477024466, -2]
149	[-59.880234477024466, -2]
149	[-59.880234477024466, -2]
149	[-59.880234477024466, -2]
149	[-59.880234477024466, -2]
149	[-59.880234477024466, -2]
149	[-59.880234477024466, -2]
149	[-59.880234477024466, -2]
149	[-59.880234477024466, -2]
149	[-59.880234477024466, -2]
149	[-59.880234477024466, -2]
149	[-59.880234477024466, -2]
149	[-59.880234477024466, -2]
149	[-59.880234477024466, -2]
149	[-59.880234477024466, -2]
150	[-61.896135610183514, 0]
150	[-59.880234477024466, -2]
150	[-59.880234477024466, -2]
150	[-59.880234477024466, -2]
150	[-59.880234477024466, -2]
150	[-59.880234477024466, -2]
150	[-59.880234477024466, -2]
150	[-59.880234477024466, -2]
150	[-59.880234477024466, -2]
150	[-59.880234477024466, -2]
150	[-59.880234477024466, -2]
150	[-59.880234477024466, -2]
150	[-59.880234477024466, -2]
150	[-59.880234477024466, -2]
150	[-59.880234477024466, -2]
150	[-59.880234477024466, -2]
150	[-59.880234477024466, -2]
150	[-59.880234477024466, -2]
150	[-59.880234477024466, -2]
150	[-59.880234477024466, -2]
150	[-59.880234477024466, -2]
150	[-59.880234477024466, -2]
150	[-59.880234477024466, -2]
150	[-59.880234477024466, -2]
150	[-59.880234477024466, -2]
150	[-59.880234477024466, -2]
150	[-59.880234477024466, -2]
150	[-59.880234477024466, -2]
150	[-59.880234477024466, -2]
150	[-59.880234477024466, -2]
150	[-59.880234477024466, -2]
150	[-59.880234477024466, -2]
150	[-59.880234477024466, -2]
150	[-59.880234477024466, -2]
150	[-59.880234477024466, -2]
150	[-59.880234477024466, -2]
150	[-59.880234477024466, -2]
150	[-59.880234477024466, -2]
150	[-59.880234477024466, -2]
150	[-59.880234477024466, -2]
150	[-59.880234477024466, -2]
150	[-59.880234477024466, -2]
150	[-59.880234477024466, -2]
150	[-59.880234477024466, -2]
150	[-59.880234477024466, -2]
150	[-59.880234477024466, -2]
150	[-59.880234477024466, -2]
150	[-59.880234477024466, -2]
150	[-59.880234477024466, -2]
150	[-59.880234477024466, -2]
150	[-59.880234477024466, -2]
150	[-59.880234477024466, -2]
150	[-59.880234477024466, -2]
150	[-59.880234477024466, -2]
150	[-59.880234477024466, -2]
150	[-59.880234477024466, -2]
150	[-59.880234477024466, -2]
150	[-59.880234477024466, -2]
150	[-59.880234477024466, -2]
150	[-59.880234477024466, -2]
150	[-59.880234477024466, -2]
150	[-59.880234477024466, -2]
150	[-59.880234477024466, -2]
151	[-61.896135610183514, 0]
151	[-61.896135610183514, 0]
151	[-59.880234477024466, -2]
151	[-59.880234477024466, -2]
151	[-59.880234477024466, -2]
151	[-59.880234477024466, -2]
151	[-59.880234477024466, -2]
151	[-59.880234477024466, -2]
151	[-59.880234477024466, -2]
151	[-59.880234477024466, -2]
151	[-59.880234477024466, -2]
151	[-59.880234477024466, -2]
151	[-59.880234477024466, -2]
151	[-59.880234477024466, -2]
151	[-59.880234477024466, -2]
151	[-59.880234477024466, -2]
151	[-59.880234477024466, -2]
151	[-59.880234477024466, -2]
151	[-59.880234477024466, -2]
151	[-59.880234477024466, -2]
151	[-59.880234477024466, -2]
151	[-59.880234477024466, -2]
151	[-59.880234477024466, -2]
151	[-59.880234477024466, -2]
151	[-59.880234477024466, -2]
151	[-59.880234477024466, -2]
151	[-59.880234477024466, -2]
151	[-59.880234477024466, -2]
151	[-59.880234477024466, -2]
151	[-59.880234477024466, -2]
151	[-59.880234477024466, -2]
151	[-59.880234477024466, -2]
151	[-59.880234477024466, -2]
151	[-59.880234477024466, -2]
151	[-59.880234477024466, -2]
151	[-59.880234477024466, -2]
151	[-59.880234477024466, -2]
151	[-59.880234477024466, -2]
151	[-59.880234477024466, -2]
151	[-59.880234477024466, -2]
151	[-59.880234477024466, -2]
151	[-59.880234477024466, -2]
151	[-59.880234477024466, -2]
151	[-59.880234477024466, -2]
151	[-59.880234477024466, -2]
151	[-59.880234477024466, -2]
151	[-59.880234477024466, -2]
151	[-59.880234477024466, -2]
151	[-59.880234477024466, -2]
151	[-59.880234477024466, -2]
151	[-59.880234477024466, -2]
151	[-59.880234477024466, -2]
151	[-59.880234477024466, -2]
151	[-59.880234477024466, -2]
151	[-59.880234477024466, -2]
151	[-59.880234477024466, -2]
151	[-59.880234477024466, -2]
151	[-59.880234477024466, -2]
151	[-59.880234477024466, -2]
151	[-59.880234477024466, -2]
151	[-59.880234477024466, -2]
151	[-59.880234477024466, -2]
151	[-59.880234477024466, -2]
151	[-59.880234477024466, -2]
151	[-59.880234477024466, -2]
151	[-59.880234477024466, -2]
151	[-59.880234477024466, -2]
151	[-59.880234477024466, -2]
151	[-59.880234477024466, -2]
151	[-59.880234477024466, -2]
151	[-59.880234477024466, -2]
151	[-59.880234477024466, -2]
151	[-59.880234477024466, -2]
151	[-59.880234477024466, -2]
151	[-59.880234477024466, -2]
152	[-61.896135610183514, 0]
152	[-61.896135610183514, 0]
152	[-61.896135610183514, 0]
152	[-61.896135610183514, 0]
152	[-61.896135610183514, 0]
152	[-61.896135610183514, 0]
152	[-59.880234477024466, -2]
152	[-59.880234477024466, -2]
152	[-59.880234477024466, -2]
152	[-59.880234477024466, -2]
152	[-59.880234477024466, -2]
152	[-59.880234477024466, -2]
152	[-59.880234477024466, -2]
152	[-59.880234477024466, -2]
152	[-59.880234477024466, -2]
152	[-59.880234477024466, -2]
152	[-59.880234477024466, -2]
152	[-59.880234477024466, -2]
152	[-59.880234477024466, -2]
152	[-59.880234477024466, -2]
152	[-59.880234477024466, -2]
152	[-59.880234477024466, -2]
152	[-59.880234477024466, -2]
152	[-59.880234477024466, -2]
152	[-59.880234477024466, -2]
152	[-59.880234477024466, -2]
152	[-59.880234477024466, -2]
152	[-59.880234477024466, -2]
152	[-59.880234477024466, -2]
152	[-59.880234477024466, -2]
152	[-59.880234477024466, -2]
152	[-59.880234477024466, -2]
152	[-59.880234477024466, -2]
152	[-59.880234477024466, -2]
152	[-59.880234477024466, -2]
152	[-59.880234477024466, -2]
152	[-59.880234477024466, -2]
152	[-59.880234477024466, -2]
152	[-59.880234477024466, -2]
152	[-59.880234477024466, -2]
152	[-59.880234477024466, -2]
152	[-59.880234477024466, -2]
152	[-59.880234477024466, -2]
152	[-59.880234477024466, -2]
152	[-59.880234477024466, -2]
152	[-59.880234477024466, -2]
152	[-59.880234477024466, -2]
152	[-59.880234477024466, -2]
152	[-59.880234477024466, -2]
152	[-59.880234477024466, -2]
152	[-59.880234477024466, -2]
152	[-59.880234477024466, -2]
152	[-59.880234477024466, -2]
152	[-59.880234477024466, -2]
152	[-59.880234477024466, -2]
152	[-59.880234477024466, -2]
152	[-59.880234477024466, -2]
152	[-59.880234477024466, -2]
152	[-59.880234477024466, -2]
152	[-59.880234477024466, -2]
152	[-59.880234477024466, -2]
152	[-59.880234477024466, -2]
152	[-59.880234477024466, -2]
152	[-59.880234477024466, -2]
152	[-59.880234477024466, -2]
152	[-59.880234477024466, -2]
152	[-59.880234477024466, -2]
152	[-59.880234477024466, -2]
152	[-59.880234477024466, -2]
152	[-59.880234477024466, -2]
152	[-59.880234477024466, -2]
152	[-59.880234477024466, -2]
152	[-59.880234477024466, -2]
152	[-59.880234477024466, -2]
152	[-59.880234477024466, -2]
152	[-59.880234477024466, -2]
152	[-59.880234477024466, -2]
152	[-59.880234477024466, -2]
152	[-59.880234477024466, -2]
152	[-59.880234477024466, -2]
153	[-61.896135610183514, 0]
153	[-61.896135610183514, 0]
153	[-61.896135610183514, 0]
153	[-61.896135610183514, 0]
153	[-61.896135610183514, 0]
153	[-61.896135610183514, 0]
153	[-61.896135610183514, 0]
153	[-61.896135610183514, 0]
153	[-59.880234477024466, -2]
153	[-59.880234477024466, -2]
153	[-59.880234477024466, -2]
153	[-59.880234477024466, -2]
153	[-59.880234477024466, -2]
153	[-59.880234477024466, -2]
153	[-59.880234477024466, -2]
153	[-59.880234477024466, -2]
153	[-59.880234477024466, -2]
153	[-59.880234477024466, -2]
153	[-59.880234477024466, -2]
153	[-59.880234477024466, -2]
153	[-59.880234477024466, -2]
153	[-59.880234477024466, -2]
153	[-59.880234477024466, -2]
153	[-59.880234477024466, -2]
153	[-59.880234477024466, -2]
153	[-59.880234477024466, -2]
153	[-59.880234477024466, -2]
153	[-59.880234477024466, -2]
153	[-59.880234477024466, -2]
153	[-59.880234477024466, -2]
153	[-59.880234477024466, -2]
153	[-59.880234477024466, -2]
153	[-59.880234477024466, -2]
153	[-59.880234477024466, -2]
153	[-59.880234477024466, -2]
153	[-59.880234477024466, -2]
153	[-59.880234477024466, -2]
153	[-59.880234477024466, -2]
153	[-59.880234477024466, -2]
153	[-59.880234477024466, -2]
153	[-59.880234477024466, -2]
153	[-59.880234477024466, -2]
153	[-59.880234477024466, -2]
153	[-59.880234477024466, -2]
153	[-59.880234477024466, -2]
153	[-59.880234477024466, -2]
153	[-59.880234477024466, -2]
153	[-59.880234477024466, -2]
153	[-59.880234477024466, -2]
153	[-59.880234477024466, -2]
153	[-59.880234477024466, -2]
153	[-59.880234477024466, -2]
153	[-59.880234477024466, -2]
153	[-59.880234477024466, -2]
153	[-59.880234477024466, -2]
153	[-59.880234477024466, -2]
153	[-59.880234477024466, -2]
153	[-59.880234477024466, -2]
153	[-59.880234477024466, -2]
153	[-59.880234477024466, -2]
153	[-59.880234477024466, -2]
153	[-59.880234477024466, -2]
153	[-59.880234477024466, -2]
153	[-59.880234477024466, -2]
153	[-59.880234477024466, -2]
153	[-59.880234477024466, -2]
153	[-59.880234477024466, -2]
153	[-59.880234477024466, -2]
153	[-59.880234477024466, -2]
153	[-59.880234477024466, -2]
153	[-59.880234477024466, -2]
153	[-59.880234477024466, -2]
153	[-59.880234477024466, -2]
153	[-59.880234477024466, -2]
153	[-59.880234477024466, -2]
153	[-59.880234477024466, -2]
153	[-59.880234477024466, -2]
153	[-59.880234477024466, -2]
153	[-59.880234477024466, -2]
153	[-59.880234477024466, -2]
154	[-61.896135610183514, 0]
154	[-61.896135610183514, 0]
154	[-61.896135610183514, 0]
154	[-61.896135610183514, 0]
154	[-61.896135610183514, 0]
154	[-61.896135610183514, 0]
154	[-61.896135610183514, 0]
154	[-61.896135610183514, 0]
154	[-59.880234477024466, -2]
154	[-59.880234477024466, -2]
154	[-59.880234477024466, -2]
154	[-59.880234477024466, -2]
154	[-59.880234477024466, -2]
154	[-59.880234477024466, -2]
154	[-59.880234477024466, -2]
154	[-59.880234477024466, -2]
154	[-59.880234477024466, -2]
154	[-59.880234477024466, -2]
154	[-59.880234477024466, -2]
154	[-59.880234477024466, -2]
154	[-59.880234477024466, -2]
154	[-59.880234477024466, -2]
154	[-59.880234477024466, -2]
154	[-59.880234477024466, -2]
154	[-59.880234477024466, -2]
154	[-59.880234477024466, -2]
154	[-59.880234477024466, -2]
154	[-59.880234477024466, -2]
154	[-59.880234477024466, -2]
154	[-59.880234477024466, -2]
154	[-59.880234477024466, -2]
154	[-59.880234477024466, -2]
154	[-59.880234477024466, -2]
154	[-59.880234477024466, -2]
154	[-59.880234477024466, -2]
154	[-59.880234477024466, -2]
154	[-59.880234477024466, -2]
154	[-59.880234477024466, -2]
154	[-59.880234477024466, -2]
154	[-59.880234477024466, -2]
154	[-59.880234477024466, -2]
154	[-59.880234477024466, -2]
154	[-59.880234477024466, -2]
154	[-59.880234477024466, -2]
154	[-59.880234477024466, -2]
154	[-59.880234477024466, -2]
154	[-59.880234477024466, -2]
154	[-59.880234477024466, -2]
154	[-59.880234477024466, -2]
154	[-59.880234477024466, -2]
154	[-59.880234477024466, -2]
154	[-59.880234477024466, -2]
154	[-59.880234477024466, -2]
154	[-59.880234477024466, -2]
154	[-59.880234477024466, -2]
154	[-59.880234477024466, -2]
154	[-59.880234477024466, -2]
154	[-59.880234477024466, -2]
154	[-59.880234477024466, -2]
154	[-59.880234477024466, -2]
154	[-59.880234477024466, -2]
154	[-59.880234477024466, -2]
154	[-59.880234477024466, -2]
154	[-59.880234477024466, -2]
154	[-59.880234477024466, -2]
154	[-59.880234477024466, -2]
154	[-59.880234477024466, -2]
154	[-59.880234477024466, -2]
154	[-59.880234477024466, -2]
154	[-59.880234477024466, -2]
154	[-59.880234477024466, -2]
154	[-59.880234477024466, -2]
154	[-59.880234477024466, -2]
154	[-59.880234477024466, -2]
154	[-59.880234477024466, -2]
154	[-59.880234477024466, -2]
154	[-59.880234477024466, -2]
154	[-59.880234477024466, -2]
154	[-59.880234477024466, -2]
154	[-59.880234477024466, -2]
155	[-61.896135610183514, 0]
155	[-61.896135610183514, 0]
155	[-61.896135610183514, 0]
155	[-61.896135610183514, 0]
155	[-61.896135610183514, 0]
155	[-61.896135610183514, 0]
155	[-61.896135610183514, 0]
155	[-61.896135610183514, 0]
155	[-61.896135610183514, 0]
155	[-61.896135610183514, 0]
155	[-59.880234477024466, -2]
155	[-59.880234477024466, -2]
155	[-59.880234477024466, -2]
155	[-59.880234477024466, -2]
155	[-59.880234477024466, -2]
155	[-59.880234477024466, -2]
155	[-59.880234477024466, -2]
155	[-59.880234477024466, -2]
155	[-59.880234477024466, -2]
155	[-59.880234477024466, -2]
155	[-59.880234477024466, -2]
155	[-59.880234477024466, -2]
155	[-59.880234477024466, -2]
155	[-59.880234477024466, -2]
155	[-59.880234477024466, -2]
155	[-59.880234477024466, -2]
155	[-59.880234477024466, -2]
155	[-59.880234477024466, -2]
155	[-59.880234477024466, -2]
155	[-59.880234477024466, -2]
155	[-59.880234477024466, -2]
155	[-59.880234477024466, -2]
155	[-59.880234477024466, -2]
155	[-59.880234477024466, -2]
155	[-59.880234477024466, -2]
155	[-59.880234477024466, -2]
155	[-59.880234477024466, -2]
155	[-59.880234477024466, -2]
155	[-59.880234477024466, -2]
155	[-59.880234477024466, -2]
155	[-59.880234477024466, -2]
155	[-59.880234477024466, -2]
155	[-59.880234477024466, -2]
155	[-59.880234477024466, -2]
155	[-59.880234477024466, -2]
155	[-59.880234477024466, -2]
155	[-59.880234477024466, -2]
155	[-59.880234477024466, -2]
155	[-59.880234477024466, -2]
155	[-59.880234477024466, -2]
155	[-59.880234477024466, -2]
155	[-59.880234477024466, -2]
155	[-59.880234477024466, -2]
155	[-59.880234477024466, -2]
155	[-59.880234477024466, -2]
155	[-59.880234477024466, -2]
155	[-59.880234477024466, -2]
155	[-59.880234477024466, -2]
155	[-59.880234477024466, -2]
155	[-59.880234477024466, -2]
155	[-59.880234477024466, -2]
155	[-59.880234477024466, -2]
155	[-59.880234477024466, -2]
155	[-59.880234477024466, -2]
155	[-59.880234477024466, -2]
155	[-59.880234477024466, -2]
155	[-59.880234477024466, -2]
155	[-59.880234477024466, -2]
155	[-59.880234477024466, -2]
155	[-59.880234477024466, -2]
155	[-59.880234477024466, -2]
155	[-59.880234477024466, -2]
155	[-59.880234477024466, -2]
155	[-59.880234477024466, -2]
155	[-59.880234477024466, -2]
155	[-59.880234477024466, -2]
155	[-59.880234477024466, -2]
155	[-59.880234477024466, -2]
155	[-59.880234477024466, -2]
155	[-59.880234477024466, -2]
156	[-61.896135610183514, 0]
156	[-61.896135610183514, 0]
156	[-61.896135610183514, 0]
156	[-61.896135610183514, 0]
156	[-61.896135610183514, 0]
156	[-61.896135610183514, 0]
156	[-61.896135610183514, 0]
156	[-61.896135610183514, 0]
156	[-61.896135610183514, 0]
156	[-61.896135610183514, 0]
156	[-61.896135610183514, 0]
156	[-61.896135610183514, 0]
156	[-59.880234477024466, -2]
156	[-59.880234477024466, -2]
156	[-59.880234477024466, -2]
156	[-59.880234477024466, -2]
156	[-59.880234477024466, -2]
156	[-59.880234477024466, -2]
156	[-59.880234477024466, -2]
156	[-59.880234477024466, -2]
156	[-59.880234477024466, -2]
156	[-59.880234477024466, -2]
156	[-59.880234477024466, -2]
156	[-59.880234477024466, -2]
156	[-59.880234477024466, -2]
156	[-59.880234477024466, -2]
156	[-59.880234477024466, -2]
156	[-59.880234477024466, -2]
156	[-59.880234477024466, -2]
156	[-59.880234477024466, -2]
156	[-59.880234477024466, -2]
156	[-59.880234477024466, -2]
156	[-59.880234477024466, -2]
156	[-59.880234477024466, -2]
156	[-59.880234477024466, -2]
156	[-59.880234477024466, -2]
156	[-59.880234477024466, -2]
156	[-59.880234477024466, -2]
156	[-59.880234477024466, -2]
156	[-59.880234477024466, -2]
156	[-59.880234477024466, -2]
156	[-59.880234477024466, -2]
156	[-59.880234477024466, -2]
156	[-59.880234477024466, -2]
156	[-59.880234477024466, -2]
156	[-59.880234477024466, -2]
156	[-59.880234477024466, -2]
156	[-59.880234477024466, -2]
156	[-59.880234477024466, -2]
156	[-59.880234477024466, -2]
156	[-59.880234477024466, -2]
156	[-59.880234477024466, -2]
156	[-59.880234477024466, -2]
156	[-59.880234477024466, -2]
156	[-59.880234477024466, -2]
156	[-59.880234477024466, -2]
156	[-59.880234477024466, -2]
156	[-59.880234477024466, -2]
156	[-59.880234477024466, -2]
156	[-59.880234477024466, -2]
156	[-59.880234477024466, -2]
156	[-59.880234477024466, -2]
156	[-59.880234477024466, -2]
156	[-59.880234477024466, -2]
156	[-59.880234477024466, -2]
156	[-59.880234477024466, -2]
156	[-59.880234477024466, -2]
156	[-59.880234477024466, -2]
156	[-59.880234477024466, -2]
156	[-59.880234477024466, -2]
156	[-59.880234477024466, -2]
156	[-59.880234477024466, -2]
156	[-59.880234477024466, -2]
156	[-59.880234477024466, -2]
156	[-59.880234477024466, -2]
156	[-59.880234477024466, -2]
156	[-59.880234477024466, -2]
156	[-59.880234477024466, -2]
156	[-59.880234477024466, -2]
156	[-59.880234477024466, -2]
157	[-61.7212576201604, 0]
157	[-59.880234477024466, -2]
157	[-59.880234477024466, -2]
157	[-59.880234477024466, -2]
157	[-59.880234477024466, -2]
157	[-59.880234477024466, -2]
157	[-59.880234477024466, -2]
157	[-59.880234477024466, -2]
157	[-59.880234477024466, -2]
157	[-59.880234477024466, -2]
157	[-59.880234477024466, -2]
157	[-59.880234477024466, -2]
157	[-59.880234477024466, -2]
157	[-59.880234477024466, -2]
157	[-59.880234477024466, -2]
157	[-59.880234477024466, -2]
157	[-59.880234477024466, -2]
157	[-59.880234477024466, -2]
157	[-59.880234477024466, -2]
157	[-59.880234477024466, -2]
157	[-59.880234477024466, -2]
157	[-59.880234477024466, -2]
157	[-59.880234477024466, -2]
157	[-59.880234477024466, -2]
157	[-59.880234477024466, -2]
157	[-59.880234477024466, -2]
157	[-59.880234477024466, -2]
157	[-59.880234477024466, -2]
157	[-59.880234477024466, -2]
157	[-59.880234477024466, -2]
157	[-59.880234477024466, -2]
157	[-59.880234477024466, -2]
157	[-59.880234477024466, -2]
157	[-59.880234477024466, -2]
157	[-59.880234477024466, -2]
157	[-59.880234477024466, -2]
157	[-59.880234477024466, -2]
157	[-59.880234477024466, -2]
157	[-59.880234477024466, -2]
157	[-59.880234477024466, -2]
157	[-59.880234477024466, -2]
157	[-59.880234477024466, -2]
157	[-59.880234477024466, -2]
157	[-59.880234477024466, -2]
157	[-59.880234477024466, -2]
157	[-59.880234477024466, -2]
157	[-59.880234477024466, -2]
157	[-59.880234477024466, -2]
157	[-59.880234477024466, -2]
157	[-59.880234477024466, -2]
157	[-59.880234477024466, -2]
157	[-59.880234477024466, -2]
157	[-59.880234477024466, -2]
157	[-59.880234477024466, -2]
157	[-59.880234477024466, -2]
157	[-59.880234477024466, -2]
157	[-59.880234477024466, -2]
157	[-59.880234477024466, -2]
157	[-59.880234477024466, -2]
157	[-59.880234477024466, -2]
157	[-59.880234477024466, -2]
157	[-59.880234477024466, -2]
157	[-59.880234477024466, -2]
157	[-59.880234477024466, -2]
157	[-59.880234477024466, -2]
157	[-59.880234477024466, -2]
157	[-59.880234477024466, -2]
157	[-59.880234477024466, -2]
157	[-59.880234477024466, -2]
157	[-59.880234477024466, -2]
157	[-59.880234477024466, -2]
157	[-59.880234477024466, -2]
157	[-59.880234477024466, -2]
157	[-59.880234477024466, -2]
157	[-59.880234477024466, -2]
157	[-59.880234477024466, -2]
157	[-59.880234477024466, -2]
157	[-59.880234477024466, -2]
157	[-59.880234477024466, -2]
158	[-61.7212576201604, 0]
158	[-61.7212576201604, 0]
158	[-61.7212576201604, 0]
158	[-59.880234477024466, -2]
158	[-59.880234477024466, -2]
158	[-59.880234477024466, -2]
158	[-59.880234477024466, -2]
158	[-59.880234477024466, -2]
158	[-59.880234477024466, -2]
158	[-59.880234477024466, -2]
158	[-59.880234477024466, -2]
158	[-59.880234477024466, -2]
158	[-59.880234477024466, -2]
158	[-59.880234477024466, -2]
158	[-59.880234477024466, -2]
158	[-59.880234477024466, -2]
158	[-59.880234477024466, -2]
158	[-59.880234477024466, -2]
158	[-59.880234477024466, -2]
158	[-59.880234477024466, -2]
158	[-59.880234477024466, -2]
158	[-59.880234477024466, -2]
158	[-59.880234477024466, -2]
158	[-59.880234477024466, -2]
158	[-59.880234477024466, -2]
158	[-59.880234477024466, -2]
158	[-59.880234477024466, -2]
158	[-59.880234477024466, -2]
158	[-59.880234477024466, -2]
158	[-59.880234477024466, -2]
158	[-59.880234477024466, -2]
158	[-59.880234477024466, -2]
158	[-59.880234477024466, -2]
158	[-59.880234477024466, -2]
158	[-59.880234477024466, -2]
158	[-59.880234477024466, -2]
158	[-59.880234477024466, -2]
158	[-59.880234477024466, -2]
158	[-59.880234477024466, -2]
158	[-59.880234477024466, -2]
158	[-59.880234477024466, -2]
158	[-59.880234477024466, -2]
158	[-59.880234477024466, -2]
158	[-59.880234477024466, -2]
158	[-59.880234477024466, -2]
158	[-59.880234477024466, -2]
158	[-59.880234477024466, -2]
158	[-59.880234477024466, -2]
158	[-59.880234477024466, -2]
158	[-59.880234477024466, -2]
158	[-59.880234477024466, -2]
158	[-59.880234477024466, -2]
158	[-59.880234477024466, -2]
158	[-59.880234477024466, -2]
158	[-59.880234477024466, -2]
158	[-59.880234477024466, -2]
158	[-59.880234477024466, -2]
158	[-59.880234477024466, -2]
158	[-59.880234477024466, -2]
158	[-59.880234477024466, -2]
158	[-59.880234477024466, -2]
158	[-59.880234477024466, -2]
158	[-59.880234477024466, -2]
158	[-59.880234477024466, -2]
158	[-59.880234477024466, -2]
158	[-59.880234477024466, -2]
158	[-59.880234477024466, -2]
158	[-59.880234477024466, -2]
158	[-59.880234477024466, -2]
158	[-59.880234477024466, -2]
158	[-59.880234477024466, -2]
158	[-59.880234477024466, -2]
158	[-59.880234477024466, -2]
158	[-59.880234477024466, -2]
158	[-59.880234477024466, -2]
158	[-59.880234477024466, -2]
158	[-59.880234477024466, -2]
158	[-59.880234477024466, -2]
158	[-59.880234477024466, -2]
158	[-59.880234477024466, -2]
159	[-61.7212576201604, 0]
159	[-61.7212576201604, 0]
159	[-61.7212576201604, 0]
159	[-61.7212576201604, 0]
159	[-61.7212576201604, 0]
159	[-59.880234477024466, -2]
159	[-59.880234477024466, -2]
159	[-59.880234477024466, -2]
159	[-59.880234477024466, -2]
159	[-59.880234477024466, -2]
159	[-59.880234477024466, -2]
159	[-59.880234477024466, -2]
159	[-59.880234477024466, -2]
159	[-59.880234477024466, -2]
159	[-59.880234477024466, -2]
159	[-59.880234477024466, -2]
159	[-59.880234477024466, -2]
159	[-59.880234477024466, -2]
159	[-59.880234477024466, -2]
159	[-59.880234477024466, -2]
159	[-59.880234477024466, -2]
159	[-59.880234477024466, -2]
159	[-59.880234477024466, -2]
159	[-59.880234477024466, -2]
159	[-59.880234477024466, -2]
159	[-59.880234477024466, -2]
159	[-59.880234477024466, -2]
159	[-59.880234477024466, -2]
159	[-59.880234477024466, -2]
159	[-59.880234477024466, -2]
159	[-59.880234477024466, -2]
159	[-59.880234477024466, -2]
159	[-59.880234477024466, -2]
159	[-59.880234477024466, -2]
159	[-59.880234477024466, -2]
159	[-59.880234477024466, -2]
159	[-59.880234477024466, -2]
159	[-59.880234477024466, -2]
159	[-59.880234477024466, -2]
159	[-59.880234477024466, -2]
159	[-59.880234477024466, -2]
159	[-59.880234477024466, -2]
159	[-59.880234477024466, -2]
159	[-59.880234477024466, -2]
159	[-59.880234477024466, -2]
159	[-59.880234477024466, -2]
159	[-59.880234477024466, -2]
159	[-59.880234477024466, -2]
159	[-59.880234477024466, -2]
159	[-59.880234477024466, -2]
159	[-59.880234477024466, -2]
159	[-59.880234477024466, -2]
159	[-59.880234477024466, -2]
159	[-59.880234477024466, -2]
159	[-59.880234477024466, -2]
159	[-59.880234477024466, -2]
159	[-59.880234477024466, -2]
159	[-59.880234477024466, -2]
159	[-59.880234477024466, -2]
159	[-59.880234477024466, -2]
159	[-59.880234477024466, -2]
159	[-59.880234477024466, -2]
159	[-59.880234477024466, -2]
159	[-59.880234477024466, -2]
159	[-59.880234477024466, -2]
159	[-59.880234477024466, -2]
159	[-59.880234477024466, -2]
159	[-59.880234477024466, -2]
159	[-59.880234477024466, -2]
159	[-59.880234477024466, -2]
159	[-59.880234477024466, -2]
159	[-59.880234477024466, -2]
159	[-59.880234477024466, -2]
159	[-59.880234477024466, -2]
159	[-59.880234477024466, -2]
159	[-59.880234477024466, -2]
159	[-59.880234477024466, -2]
159	[-59.880234477024466, -2]
159	[-59.880234477024466, -2]
159	[-59.880234477024466, -2]
160	[-61.7212576201604, 0]
160	[-61.7212576201604, 0]
160	[-61.7212576201604, 0]
160	[-61.7212576201604, 0]
160	[-61.7212576201604, 0]
160	[-61.7212576201604, 0]
160	[-59.880234477024466, -2]
160	[-59.880234477024466, -2]
160	[-59.880234477024466, -2]
160	[-59.880234477024466, -2]
160	[-59.880234477024466, -2]
160	[-59.880234477024466, -2]
160	[-59.880234477024466, -2]
160	[-59.880234477024466, -2]
160	[-59.880234477024466, -2]
160	[-59.880234477024466, -2]
160	[-59.880234477024466, -2]
160	[-59.880234477024466, -2]
160	[-59.880234477024466, -2]
160	[-59.880234477024466, -2]
160	[-59.880234477024466, -2]
160	[-59.880234477024466, -2]
160	[-59.880234477024466, -2]
160	[-59.880234477024466, -2]
160	[-59.880234477024466, -2]
160	[-59.880234477024466, -2]
160	[-59.880234477024466, -2]
160	[-59.880234477024466, -2]
160	[-59.880234477024466, -2]
160	[-59.880234477024466, -2]
160	[-59.880234477024466, -2]
160	[-59.880234477024466, -2]
160	[-59.880234477024466, -2]
160	[-59.880234477024466, -2]
160	[-59.880234477024466, -2]
160	[-59.880234477024466, -2]
160	[-59.880234477024466, -2]
160	[-59.880234477024466, -2]
160	[-59.880234477024466, -2]
160	[-59.880234477024466, -2]
160	[-59.880234477024466, -2]
160	[-59.880234477024466, -2]
160	[-59.880234477024466, -2]
160	[-59.880234477024466, -2]
160	[-59.880234477024466, -2]
160	[-59.880234477024466, -2]
160	[-59.880234477024466, -2]
160	[-59.880234477024466, -2]
160	[-59.880234477024466, -2]
160	[-59.880234477024466, -2]
160	[-59.880234477024466, -2]
160	[-59.880234477024466, -2]
160	[-59.880234477024466, -2]
160	[-59.880234477024466, -2]
160	[-59.880234477024466, -2]
160	[-59.880234477024466, -2]
160	[-59.880234477024466, -2]
160	[-59.880234477024466, -2]
160	[-59.880234477024466, -2]
160	[-59.880234477024466, -2]
160	[-59.880234477024466, -2]
160	[-59.880234477024466, -2]
160	[-59.880234477024466, -2]
160	[-59.880234477024466, -2]
160	[-59.880234477024466, -2]
160	[-59.880234477024466, -2]
160	[-59.880234477024466, -2]
160	[-59.880234477024466, -2]
160	[-59.880234477024466, -2]
160	[-59.880234477024466, -2]
160	[-59.880234477024466, -2]
160	[-59.880234477024466, -2]
160	[-59.880234477024466, -2]
160	[-59.880234477024466, -2]
160	[-59.880234477024466, -2]
160	[-59.880234477024466, -2]
160	[-59.880234477024466, -2]
160	[-59.880234477024466, -2]
160	[-59.880234477024466, -2]
160	[-59.880234477024466, -2]
161	[-61.7212576201604, 0]
161	[-61.7212576201604, 0]
161	[-61.7212576201604, 0]
161	[-61.7212576201604, 0]
161	[-61.7212576201604, 0]
161	[-61.7212576201604, 0]
161	[-61.7212576201604, 0]
161	[-61.7212576201604, 0]
161	[-59.880234477024466, -2]
161	[-59.880234477024466, -2]
161	[-59.880234477024466, -2]
161	[-59.880234477024466, -2]
161	[-59.880234477024466, -2]
161	[-59.880234477024466, -2]
161	[-59.880234477024466, -2]
161	[-59.880234477024466, -2]
161	[-59.880234477024466, -2]
161	[-59.880234477024466, -2]
161	[-59.880234477024466, -2]
161	[-59.880234477024466, -2]
161	[-59.880234477024466, -2]
161	[-59.880234477024466, -2]
161	[-59.880234477024466, -2]
161	[-59.880234477024466, -2]
161	[-59.880234477024466, -2]
161	[-59.880234477024466, -2]
161	[-59.880234477024466, -2]
161	[-59.880234477024466, -2]
161	[-59.880234477024466, -2]
161	[-59.880234477024466, -2]
161	[-59.880234477024466, -2]
161	[-59.880234477024466, -2]
161	[-59.880234477024466, -2]
161	[-59.880234477024466, -2]
161	[-59.880234477024466, -2]
161	[-59.880234477024466, -2]
161	[-59.880234477024466, -2]
161	[-59.880234477024466, -2]
161	[-59.880234477024466, -2]
161	[-59.880234477024466, -2]
161	[-59.880234477024466, -2]
161	[-59.880234477024466, -2]
161	[-59.880234477024466, -2]
161	[-59.880234477024466, -2]
161	[-59.880234477024466, -2]
161	[-59.880234477024466, -2]
161	[-59.880234477024466, -2]
161	[-59.880234477024466, -2]
161	[-59.880234477024466, -2]
161	[-59.880234477024466, -2]
161	[-59.880234477024466, -2]
161	[-59.880234477024466, -2]
161	[-59.880234477024466, -2]
161	[-59.880234477024466, -2]
161	[-59.880234477024466, -2]
161	[-59.880234477024466, -2]
161	[-59.880234477024466, -2]
161	[-59.880234477024466, -2]
161	[-59.880234477024466, -2]
161	[-59.880234477024466, -2]
161	[-59.880234477024466, -2]
161	[-59.880234477024466, -2]
161	[-59.880234477024466, -2]
161	[-59.880234477024466, -2]
161	[-59.880234477024466, -2]
161	[-59.880234477024466, -2]
161	[-59.880234477024466, -2]
161	[-59.880234477024466, -2]
161	[-59.880234477024466, -2]
161	[-59.880234477024466, -2]
161	[-59.880234477024466, -2]
161	[-59.880234477024466, -2]
161	[-59.880234477024466, -2]
161	[-59.880234477024466, -2]
161	[-59.880234477024466, -2]
161	[-59.880234477024466, -2]
161	[-59.880234477024466, -2]
161	[-59.880234477024466, -2]
161	[-59.880234477024466, -2]
161	[-59.880234477024466, -2]
162	[-61.7212576201604, 0]
162	[-61.7212576201604, 0]
162	[-61.7212576201604, 0]
162	[-61.7212576201604, 0]
162	[-61.7212576201604, 0]
162	[-61.7212576201604, 0]
162	[-61.7212576201604, 0]
162	[-61.7212576201604, 0]
162	[-61.7212576201604, 0]
162	[-61.7212576201604, 0]
162	[-61.7212576201604, 0]
162	[-61.7212576201604, 0]
162	[-59.880234477024466, -2]
162	[-59.880234477024466, -2]
162	[-59.880234477024466, -2]
162	[-59.880234477024466, -2]
162	[-59.880234477024466, -2]
162	[-59.880234477024466, -2]
162	[-59.880234477024466, -2]
162	[-59.880234477024466, -2]
162	[-59.880234477024466, -2]
162	[-59.880234477024466, -2]
162	[-59.880234477024466, -2]
162	[-59.880234477024466, -2]
162	[-59.880234477024466, -2]
162	[-59.880234477024466, -2]
162	[-59.880234477024466, -2]
162	[-59.880234477024466, -2]
162	[-59.880234477024466, -2]
162	[-59.880234477024466, -2]
162	[-59.880234477024466, -2]
162	[-59.880234477024466, -2]
162	[-59.880234477024466, -2]
162	[-59.880234477024466, -2]
162	[-59.880234477024466, -2]
162	[-59.880234477024466, -2]
162	[-59.880234477024466, -2]
162	[-59.880234477024466, -2]
162	[-59.880234477024466, -2]
162	[-59.880234477024466, -2]
162	[-59.880234477024466, -2]
162	[-59.880234477024466, -2]
162	[-59.880234477024466, -2]
162	[-59.880234477024466, -2]
162	[-59.880234477024466, -2]
162	[-59.880234477024466, -2]
162	[-59.880234477024466, -2]
162	[-59.880234477024466, -2]
162	[-59.880234477024466, -2]
162	[-59.880234477024466, -2]
162	[-59.880234477024466, -2]
162	[-59.880234477024466, -2]
162	[-59.880234477024466, -2]
162	[-59.880234477024466, -2]
162	[-59.880234477024466, -2]
162	[-59.880234477024466, -2]
162	[-59.880234477024466, -2]
162	[-59.880234477024466, -2]
162	[-59.880234477024466, -2]
162	[-59.880234477024466, -2]
162	[-59.880234477024466, -2]
162	[-59.880234477024466, -2]
162	[-59.880234477024466, -2]
162	[-59.880234477024466, -2]
162	[-59.880234477024466, -2]
162	[-59.880234477024466, -2]
162	[-59.880234477024466, -2]
162	[-59.880234477024466, -2]
162	[-59.880234477024466, -2]
162	[-59.880234477024466, -2]
162	[-59.880234477024466, -2]
162	[-59.880234477024466, -2]
162	[-59.880234477024466, -2]
162	[-59.880234477024466, -2]
162	[-59.880234477024466, -2]
162	[-59.880234477024466, -2]
162	[-59.880234477024466, -2]
162	[-59.880234477024466, -2]
162	[-59.880234477024466, -2]
162	[-59.880234477024466, -2]
163	[-61.7212576201604, 0]
163	[-61.7212576201604, 0]
163	[-61.7212576201604, 0]
163	[-61.7212576201604, 0]
163	[-61.7212576201604, 0]
163	[-61.7212576201604, 0]
163	[-61.7212576201604, 0]
163	[-61.7212576201604, 0]
163	[-61.7212576201604, 0]
163	[-61.7212576201604, 0]
163	[-61.7212576201604, 0]
163	[-61.7212576201604, 0]
163	[-61.7212576201604, 0]
163	[-61.7212576201604, 0]
163	[-59.880234477024466, -2]
163	[-59.880234477024466, -2]
163	[-59.880234477024466, -2]
163	[-59.880234477024466, -2]
163	[-59.880234477024466, -2]
163	[-59.880234477024466, -2]
163	[-59.880234477024466, -2]
163	[-59.880234477024466, -2]
163	[-59.880234477024466, -2]
163	[-59.880234477024466, -2]
163	[-59.880234477024466, -2]
163	[-59.880234477024466, -2]
163	[-59.880234477024466, -2]
163	[-59.880234477024466, -2]
163	[-59.880234477024466, -2]
163	[-59.880234477024466, -2]
163	[-59.880234477024466, -2]
163	[-59.880234477024466, -2]
163	[-59.880234477024466, -2]
163	[-59.880234477024466, -2]
163	[-59.880234477024466, -2]
163	[-59.880234477024466, -2]
163	[-59.880234477024466, -2]
163	[-59.880234477024466, -2]
163	[-59.880234477024466, -2]
163	[-59.880234477024466, -2]
163	[-59.880234477024466, -2]
163	[-59.880234477024466, -2]
163	[-59.880234477024466, -2]
163	[-59.880234477024466, -2]
163	[-59.880234477024466, -2]
163	[-59.880234477024466, -2]
163	[-59.880234477024466, -2]
163	[-59.880234477024466, -2]
163	[-59.880234477024466, -2]
163	[-59.880234477024466, -2]
163	[-59.880234477024466, -2]
163	[-59.880234477024466, -2]
163	[-59.880234477024466, -2]
163	[-59.880234477024466, -2]
163	[-59.880234477024466, -2]
163	[-59.880234477024466, -2]
163	[-59.880234477024466, -2]
163	[-59.880234477024466, -2]
163	[-59.880234477024466, -2]
163	[-59.880234477024466, -2]
163	[-59.880234477024466, -2]
163	[-59.880234477024466, -2]
163	[-59.880234477024466, -2]
163	[-59.880234477024466, -2]
163	[-59.880234477024466, -2]
163	[-59.880234477024466, -2]
163	[-59.880234477024466, -2]
163	[-59.880234477024466, -2]
163	[-59.880234477024466, -2]
163	[-59.880234477024466, -2]
163	[-59.880234477024466, -2]
163	[-59.880234477024466, -2]
163	[-59.880234477024466, -2]
163	[-59.880234477024466, -2]
163	[-59.880234477024466, -2]
163	[-59.880234477024466, -2]
163	[-59.880234477024466, -2]
163	[-59.880234477024466, -2]
163	[-59.880234477024466, -2]
163	[-59.880234477024466, -2]
164	[-61.7212576201604, 0]
164	[-61.7212576201604, 0]
164	[-61.7212576201604, 0]
164	[-61.7212576201604, 0]
164	[-61.7212576201604, 0]
164	[-61.7212576201604, 0]
164	[-61.7212576201604, 0]
164	[-61.7212576201604, 0]
164	[-61.7212576201604, 0]
164	[-61.7212576201604, 0]
164	[-61.7212576201604, 0]
164	[-61.7212576201604, 0]
164	[-61.7212576201604, 0]
164	[-61.7212576201604, 0]
164	[-61.7212576201604, 0]
164	[-61.7212576201604, 0]
164	[-61.7212576201604, 0]
164	[-61.7212576201604, 0]
164	[-61.7212576201604, 0]
164	[-59.880234477024466, -2]
164	[-59.880234477024466, -2]
164	[-59.880234477024466, -2]
164	[-59.880234477024466, -2]
164	[-59.880234477024466, -2]
164	[-59.880234477024466, -2]
164	[-59.880234477024466, -2]
164	[-59.880234477024466, -2]
164	[-59.880234477024466, -2]
164	[-59.880234477024466, -2]
164	[-59.880234477024466, -2]
164	[-59.880234477024466, -2]
164	[-59.880234477024466, -2]
164	[-59.880234477024466, -2]
164	[-59.880234477024466, -2]
164	[-59.880234477024466, -2]
164	[-59.880234477024466, -2]
164	[-59.880234477024466, -2]
164	[-59.880234477024466, -2]
164	[-59.880234477024466, -2]
164	[-59.880234477024466, -2]
164	[-59.880234477024466, -2]
164	[-59.880234477024466, -2]
164	[-59.880234477024466, -2]
164	[-59.880234477024466, -2]
164	[-59.880234477024466, -2]
164	[-59.880234477024466, -2]
164	[-59.880234477024466, -2]
164	[-59.880234477024466, -2]
164	[-59.880234477024466, -2]
164	[-59.880234477024466, -2]
164	[-59.880234477024466, -2]
164	[-59.880234477024466, -2]
164	[-59.880234477024466, -2]
164	[-59.880234477024466, -2]
164	[-59.880234477024466, -2]
164	[-59.880234477024466, -2]
164	[-59.880234477024466, -2]
164	[-59.880234477024466, -2]
164	[-59.880234477024466, -2]
164	[-59.880234477024466, -2]
164	[-59.880234477024466, -2]
164	[-59.880234477024466, -2]
164	[-59.880234477024466, -2]
164	[-59.880234477024466, -2]
164	[-59.880234477024466, -2]
164	[-59.880234477024466, -2]
164	[-59.880234477024466, -2]
164	[-59.880234477024466, -2]
164	[-59.880234477024466, -2]
164	[-59.880234477024466, -2]
164	[-59.880234477024466, -2]
164	[-59.880234477024466, -2]
164	[-59.880234477024466, -2]
164	[-59.880234477024466, -2]
164	[-59.880234477024466, -2]
164	[-59.880234477024466, -2]
164	[-59.880234477024466, -2]
164	[-59.880234477024466, -2]
164	[-59.880234477024466, -2]
164	[-59.880234477024466, -2]
165	[-61.7212576201604, 0]
165	[-61.7212576201604, 0]
165	[-61.7212576201604, 0]
165	[-61.7212576201604, 0]
165	[-61.7212576201604, 0]
165	[-61.7212576201604, 0]
165	[-61.7212576201604, 0]
165	[-61.7212576201604, 0]
165	[-61.7212576201604, 0]
165	[-61.7212576201604, 0]
165	[-61.7212576201604, 0]
165	[-61.7212576201604, 0]
165	[-61.7212576201604, 0]
165	[-61.7212576201604, 0]
165	[-61.7212576201604, 0]
165	[-61.7212576201604, 0]
165	[-61.7212576201604, 0]
165	[-61.7212576201604, 0]
165	[-61.7212576201604, 0]
165	[-61.7212576201604, 0]
165	[-61.7212576201604, 0]
165	[-61.7212576201604, 0]
165	[-61.7212576201604, 0]
165	[-61.7212576201604, 0]
165	[-59.880234477024466, -2]
165	[-59.880234477024466, -2]
165	[-59.880234477024466, -2]
165	[-59.880234477024466, -2]
165	[-59.880234477024466, -2]
165	[-59.880234477024466, -2]
165	[-59.880234477024466, -2]
165	[-59.880234477024466, -2]
165	[-59.880234477024466, -2]
165	[-59.880234477024466, -2]
165	[-59.880234477024466, -2]
165	[-59.880234477024466, -2]
165	[-59.880234477024466, -2]
165	[-59.880234477024466, -2]
165	[-59.880234477024466, -2]
165	[-59.880234477024466, -2]
165	[-59.880234477024466, -2]
165	[-59.880234477024466, -2]
165	[-59.880234477024466, -2]
165	[-59.880234477024466, -2]
165	[-59.880234477024466, -2]
165	[-59.880234477024466, -2]
165	[-59.880234477024466, -2]
165	[-59.880234477024466, -2]
165	[-59.880234477024466, -2]
165	[-59.880234477024466, -2]
165	[-59.880234477024466, -2]
165	[-59.880234477024466, -2]
165	[-59.880234477024466, -2]
165	[-59.880234477024466, -2]
165	[-59.880234477024466, -2]
165	[-59.880234477024466, -2]
165	[-59.880234477024466, -2]
165	[-59.880234477024466, -2]
165	[-59.880234477024466, -2]
165	[-59.880234477024466, -2]
165	[-59.880234477024466, -2]
165	[-59.880234477024466, -2]
165	[-59.880234477024466, -2]
165	[-59.880234477024466, -2]
165	[-59.880234477024466, -2]
165	[-59.880234477024466, -2]
165	[-59.880234477024466, -2]
165	[-59.880234477024466, -2]
165	[-59.880234477024466, -2]
165	[-59.880234477024466, -2]
165	[-59.880234477024466, -2]
165	[-59.880234477024466, -2]
165	[-59.880234477024466, -2]
165	[-59.880234477024466, -2]
165	[-59.880234477024466, -2]
165	[-59.880234477024466, -2]
165	[-59.880234477024466, -2]
165	[-59.880234477024466, -2]
165	[-59.880234477024466, -2]
165	[-59.880234477024466, -2]
166	[-61.7212576201604, 0]
166	[-61.7212576201604, 0]
166	[-61.7212576201604, 0]
166	[-61.7212576201604, 0]
166	[-61.7212576201604, 0]
166	[-61.7212576201604, 0]
166	[-61.7212576201604, 0]
166	[-61.7212576201604, 0]
166	[-61.7212576201604, 0]
166	[-61.7212576201604, 0]
166	[-61.7212576201604, 0]
166	[-61.7212576201604, 0]
166	[-61.7212576201604, 0]
166	[-61.7212576201604, 0]
166	[-61.7212576201604, 0]
166	[-61.7212576201604, 0]
166	[-61.7212576201604, 0]
166	[-61.7212576201604, 0]
166	[-61.7212576201604, 0]
166	[-61.7212576201604, 0]
166	[-61.7212576201604, 0]
166	[-61.7212576201604, 0]
166	[-61.7212576201604, 0]
166	[-61.7212576201604, 0]
166	[-61.7212576201604, 0]
166	[-61.7212576201604, 0]
166	[-59.880234477024466, -2]
166	[-59.880234477024466, -2]
166	[-59.880234477024466, -2]
166	[-59.880234477024466, -2]
166	[-59.880234477024466, -2]
166	[-59.880234477024466, -2]
166	[-59.880234477024466, -2]
166	[-59.880234477024466, -2]
166	[-59.880234477024466, -2]
166	[-59.880234477024466, -2]
166	[-59.880234477024466, -2]
166	[-59.880234477024466, -2]
166	[-59.880234477024466, -2]
166	[-59.880234477024466, -2]
166	[-59.880234477024466, -2]
166	[-59.880234477024466, -2]
166	[-59.880234477024466, -2]
166	[-59.880234477024466, -2]
166	[-59.880234477024466, -2]
166	[-59.880234477024466, -2]
166	[-59.880234477024466, -2]
166	[-59.880234477024466, -2]
166	[-59.880234477024466, -2]
166	[-59.880234477024466, -2]
166	[-59.880234477024466, -2]
166	[-59.880234477024466, -2]
166	[-59.880234477024466, -2]
166	[-59.880234477024466, -2]
166	[-59.880234477024466, -2]
166	[-59.880234477024466, -2]
166	[-59.880234477024466, -2]
166	[-59.880234477024466, -2]
166	[-59.880234477024466, -2]
166	[-59.880234477024466, -2]
166	[-59.880234477024466, -2]
166	[-59.880234477024466, -2]
166	[-59.880234477024466, -2]
166	[-59.880234477024466, -2]
166	[-59.880234477024466, -2]
166	[-59.880234477024466, -2]
166	[-59.880234477024466, -2]
166	[-59.880234477024466, -2]
166	[-59.880234477024466, -2]
166	[-59.880234477024466, -2]
166	[-59.880234477024466, -2]
166	[-59.880234477024466, -2]
166	[-59.880234477024466, -2]
166	[-59.880234477024466, -2]
166	[-59.880234477024466, -2]
166	[-59.880234477024466, -2]
166	[-59.880234477024466, -2]
166	[-59.880234477024466, -2]
166	[-59.880234477024466, -2]
166	[-59.880234477024466, -2]
167	[-61.7212576201604, 0]
167	[-61.7212576201604, 0]
167	[-61.7212576201604, 0]
167	[-61.7212576201604, 0]
167	[-61.7212576201604, 0]
167	[-61.7212576201604, 0]
167	[-61.7212576201604, 0]
167	[-61.7212576201604, 0]
167	[-61.7212576201604, 0]
167	[-61.7212576201604, 0]
167	[-61.7212576201604, 0]
167	[-61.7212576201604, 0]
167	[-61.7212576201604, 0]
167	[-61.7212576201604, 0]
167	[-61.7212576201604, 0]
167	[-61.7212576201604, 0]
167	[-61.7212576201604, 0]
167	[-61.7212576201604, 0]
167	[-61.7212576201604, 0]
167	[-61.7212576201604, 0]
167	[-61.7212576201604, 0]
167	[-61.7212576201604, 0]
167	[-61.7212576201604, 0]
167	[-61.7212576201604, 0]
167	[-61.7212576201604, 0]
167	[-59.880234477024466, -2]
167	[-59.880234477024466, -2]
167	[-59.880234477024466, -2]
167	[-59.880234477024466, -2]
167	[-59.880234477024466, -2]
167	[-59.880234477024466, -2]
167	[-59.880234477024466, -2]
167	[-59.880234477024466, -2]
167	[-59.880234477024466, -2]
167	[-59.880234477024466, -2]
167	[-59.880234477024466, -2]
167	[-59.880234477024466, -2]
167	[-59.880234477024466, -2]
167	[-59.880234477024466, -2]
167	[-59.880234477024466, -2]
167	[-59.880234477024466, -2]
167	[-59.880234477024466, -2]
167	[-59.880234477024466, -2]
167	[-59.880234477024466, -2]
167	[-59.880234477024466, -2]
167	[-59.880234477024466, -2]
167	[-59.880234477024466, -2]
167	[-59.880234477024466, -2]
167	[-59.880234477024466, -2]
167	[-59.880234477024466, -2]
167	[-59.880234477024466, -2]
167	[-59.880234477024466, -2]
167	[-59.880234477024466, -2]
167	[-59.880234477024466, -2]
167	[-59.880234477024466, -2]
167	[-59.880234477024466, -2]
167	[-59.880234477024466, -2]
167	[-59.880234477024466, -2]
167	[-59.880234477024466, -2]
167	[-59.880234477024466, -2]
167	[-59.880234477024466, -2]
167	[-59.880234477024466, -2]
167	[-59.880234477024466, -2]
167	[-59.880234477024466, -2]
167	[-59.880234477024466, -2]
167	[-59.880234477024466, -2]
167	[-59.880234477024466, -2]
167	[-59.880234477024466, -2]
167	[-59.880234477024466, -2]
167	[-59.880234477024466, -2]
167	[-59.880234477024466, -2]
167	[-59.880234477024466, -2]
167	[-59.880234477024466, -2]
167	[-59.880234477024466, -2]
167	[-59.880234477024466, -2]
167	[-59.880234477024466, -2]
167	[-59.880234477024466, -2]
167	[-59.880234477024466, -2]
167	[-59.880234477024466, -2]
167	[-59.880234477024466, -2]
168	[-61.7212576201604, 0]
168	[-61.7212576201604, 0]
168	[-61.7212576201604, 0]
168	[-61.7212576201604, 0]
168	[-61.7212576201604, 0]
168	[-61.7212576201604, 0]
168	[-61.7212576201604, 0]
168	[-61.7212576201604, 0]
168	[-61.7212576201604, 0]
168	[-61.7212576201604, 0]
168	[-61.7212576201604, 0]
168	[-61.7212576201604, 0]
168	[-61.7212576201604, 0]
168	[-61.7212576201604, 0]
168	[-61.7212576201604, 0]
168	[-61.7212576201604, 0]
168	[-61.7212576201604, 0]
168	[-61.7212576201604, 0]
168	[-61.7212576201604, 0]
168	[-61.7212576201604, 0]
168	[-61.7212576201604, 0]
168	[-61.7212576201604, 0]
168	[-61.7212576201604, 0]
168	[-61.7212576201604, 0]
168	[-59.880234477024466, -2]
168	[-59.880234477024466, -2]
168	[-59.880234477024466, -2]
168	[-59.880234477024466, -2]
168	[-59.880234477024466, -2]
168	[-59.880234477024466, -2]
168	[-59.880234477024466, -2]
168	[-59.880234477024466, -2]
168	[-59.880234477024466, -2]
168	[-59.880234477024466, -2]
168	[-59.880234477024466, -2]
168	[-59.880234477024466, -2]
168	[-59.880234477024466, -2]
168	[-59.880234477024466, -2]
168	[-59.880234477024466, -2]
168	[-59.880234477024466, -2]
168	[-59.880234477024466, -2]
168	[-59.880234477024466, -2]
168	[-59.880234477024466, -2]
168	[-59.880234477024466, -2]
168	[-59.880234477024466, -2]
168	[-59.880234477024466, -2]
168	[-59.880234477024466, -2]
168	[-59.880234477024466, -2]
168	[-59.880234477024466, -2]
168	[-59.880234477024466, -2]
168	[-59.880234477024466, -2]
168	[-59.880234477024466, -2]
168	[-59.880234477024466, -2]
168	[-59.880234477024466, -2]
168	[-59.880234477024466, -2]
168	[-59.880234477024466, -2]
168	[-59.880234477024466, -2]
168	[-59.880234477024466, -2]
168	[-59.880234477024466, -2]
168	[-59.880234477024466, -2]
168	[-59.880234477024466, -2]
168	[-59.880234477024466, -2]
168	[-59.880234477024466, -2]
168	[-59.880234477024466, -2]
168	[-59.880234477024466, -2]
168	[-59.880234477024466, -2]
168	[-59.880234477024466, -2]
168	[-59.880234477024466, -2]
168	[-59.880234477024466, -2]
168	[-59.880234477024466, -2]
168	[-59.880234477024466, -2]
168	[-59.880234477024466, -2]
168	[-59.880234477024466, -2]
168	[-59.880234477024466, -2]
168	[-59.880234477024466, -2]
168	[-59.880234477024466, -2]
168	[-59.880234477024466, -2]
168	[-59.880234477024466, -2]
168	[-59.880234477024466, -2]
168	[-59.880234477024466, -2]
169	[-61.7212576201604, 0]
169	[-61.7212576201604, 0]
169	[-61.7212576201604, 0]
169	[-61.7212576201604, 0]
169	[-61.7212576201604, 0]
169	[-61.7212576201604, 0]
169	[-61.7212576201604, 0]
169	[-61.7212576201604, 0]
169	[-61.7212576201604, 0]
169	[-61.7212576201604, 0]
169	[-61.7212576201604, 0]
169	[-61.7212576201604, 0]
169	[-61.7212576201604, 0]
169	[-61.7212576201604, 0]
169	[-61.7212576201604, 0]
169	[-61.7212576201604, 0]
169	[-61.7212576201604, 0]
169	[-61.7212576201604, 0]
169	[-61.7212576201604, 0]
169	[-61.7212576201604, 0]
169	[-61.7212576201604, 0]
169	[-61.7212576201604, 0]
169	[-61.7212576201604, 0]
169	[-61.7212576201604, 0]
169	[-61.7212576201604, 0]
169	[-59.880234477024466, -2]
169	[-59.880234477024466, -2]
169	[-59.880234477024466, -2]
169	[-59.880234477024466, -2]
169	[-59.880234477024466, -2]
169	[-59.880234477024466, -2]
169	[-59.880234477024466, -2]
169	[-59.880234477024466, -2]
169	[-59.880234477024466, -2]
169	[-59.880234477024466, -2]
169	[-59.880234477024466, -2]
169	[-59.880234477024466, -2]
169	[-59.880234477024466, -2]
169	[-59.880234477024466, -2]
169	[-59.880234477024466, -2]
169	[-59.880234477024466, -2]
169	[-59.880234477024466, -2]
169	[-59.880234477024466, -2]
169	[-59.880234477024466, -2]
169	[-59.880234477024466, -2]
169	[-59.880234477024466, -2]
169	[-59.880234477024466, -2]
169	[-59.880234477024466, -2]
169	[-59.880234477024466, -2]
169	[-59.880234477024466, -2]
169	[-59.880234477024466, -2]
169	[-59.880234477024466, -2]
169	[-59.880234477024466, -2]
169	[-59.880234477024466, -2]
169	[-59.880234477024466, -2]
169	[-59.880234477024466, -2]
169	[-59.880234477024466, -2]
169	[-59.880234477024466, -2]
169	[-59.880234477024466, -2]
169	[-59.880234477024466, -2]
169	[-59.880234477024466, -2]
169	[-59.880234477024466, -2]
169	[-59.880234477024466, -2]
169	[-59.880234477024466, -2]
169	[-59.880234477024466, -2]
169	[-59.880234477024466, -2]
169	[-59.880234477024466, -2]
169	[-59.880234477024466, -2]
169	[-59.880234477024466, -2]
169	[-59.880234477024466, -2]
169	[-59.880234477024466, -2]
169	[-59.880234477024466, -2]
169	[-59.880234477024466, -2]
169	[-59.880234477024466, -2]
169	[-59.880234477024466, -2]
169	[-59.880234477024466, -2]
169	[-59.880234477024466, -2]
169	[-59.880234477024466, -2]
169	[-59.880234477024466, -2]
169	[-59.880234477024466, -2]
170	[-61.7212576201604, 0]
170	[-61.7212576201604, 0]
170	[-61.7212576201604, 0]
170	[-61.7212576201604, 0]
170	[-61.7212576201604, 0]
170	[-61.7212576201604, 0]
170	[-61.7212576201604, 0]
170	[-61.7212576201604, 0]
170	[-61.7212576201604, 0]
170	[-61.7212576201604, 0]
170	[-61.7212576201604, 0]
170	[-61.7212576201604, 0]
170	[-61.7212576201604, 0]
170	[-61.7212576201604, 0]
170	[-61.7212576201604, 0]
170	[-61.7212576201604, 0]
170	[-61.7212576201604, 0]
170	[-61.7212576201604, 0]
170	[-61.7212576201604, 0]
170	[-61.7212576201604, 0]
170	[-61.7212576201604, 0]
170	[-61.7212576201604, 0]
170	[-61.7212576201604, 0]
170	[-61.7212576201604, 0]
170	[-61.7212576201604, 0]
170	[-61.7212576201604, 0]
170	[-61.7212576201604, 0]
170	[-59.880234477024466, -2]
170	[-59.880234477024466, -2]
170	[-59.880234477024466, -2]
170	[-59.880234477024466, -2]
170	[-59.880234477024466, -2]
170	[-59.880234477024466, -2]
170	[-59.880234477024466, -2]
170	[-59.880234477024466, -2]
170	[-59.880234477024466, -2]
170	[-59.880234477024466, -2]
170	[-59.880234477024466, -2]
170	[-59.880234477024466, -2]
170	[-59.880234477024466, -2]
170	[-59.880234477024466, -2]
170	[-59.880234477024466, -2]
170	[-59.880234477024466, -2]
170	[-59.880234477024466, -2]
170	[-59.880234477024466, -2]
170	[-59.880234477024466, -2]
170	[-59.880234477024466, -2]
170	[-59.880234477024466, -2]
170	[-59.880234477024466, -2]
170	[-59.880234477024466, -2]
170	[-59.880234477024466, -2]
170	[-59.880234477024466, -2]
170	[-59.880234477024466, -2]
170	[-59.880234477024466, -2]
170	[-59.880234477024466, -2]
170	[-59.880234477024466, -2]
170	[-59.880234477024466, -2]
170	[-59.880234477024466, -2]
170	[-59.880234477024466, -2]
170	[-59.880234477024466, -2]
170	[-59.880234477024466, -2]
170	[-59.880234477024466, -2]
170	[-59.880234477024466, -2]
170	[-59.880234477024466, -2]
170	[-59.880234477024466, -2]
170	[-59.880234477024466, -2]
170	[-59.880234477024466, -2]
170	[-59.880234477024466, -2]
170	[-59.880234477024466, -2]
170	[-59.880234477024466, -2]
170	[-59.880234477024466, -2]
170	[-59.880234477024466, -2]
170	[-59.880234477024466, -2]
170	[-59.880234477024466, -2]
170	[-59.880234477024466, -2]
170	[-59.880234477024466, -2]
170	[-59.880234477024466, -2]
170	[-59.880234477024466, -2]
170	[-59.880234477024466, -2]
170	[-59.880234477024466, -2]
171	[-61.7212576201604, 0]
171	[-61.7212576201604, 0]
171	[-61.7212576201604, 0]
171	[-61.7212576201604, 0]
171	[-61.7212576201604, 0]
171	[-61.7212576201604, 0]
171	[-61.7212576201604, 0]
171	[-61.7212576201604, 0]
171	[-61.7212576201604, 0]
171	[-61.7212576201604, 0]
171	[-61.7212576201604, 0]
171	[-61.7212576201604, 0]
171	[-61.7212576201604, 0]
171	[-61.7212576201604, 0]
171	[-61.7212576201604, 0]
171	[-61.7212576201604, 0]
171	[-61.7212576201604, 0]
171	[-61.7212576201604, 0]
171	[-61.7212576201604, 0]
171	[-61.7212576201604, 0]
171	[-61.7212576201604, 0]
171	[-61.7212576201604, 0]
171	[-61.7212576201604, 0]
171	[-61.7212576201604, 0]
171	[-61.7212576201604, 0]
171	[-61.7212576201604, 0]
171	[-61.7212576201604, 0]
171	[-61.7212576201604, 0]
171	[-61.7212576201604, 0]
171	[-59.880234477024466, -2]
171	[-59.880234477024466, -2]
171	[-59.880234477024466, -2]
171	[-59.880234477024466, -2]
171	[-59.880234477024466, -2]
171	[-59.880234477024466, -2]
171	[-59.880234477024466, -2]
171	[-59.880234477024466, -2]
171	[-59.880234477024466, -2]
171	[-59.880234477024466, -2]
171	[-59.880234477024466, -2]
171	[-59.880234477024466, -2]
171	[-59.880234477024466, -2]
171	[-59.880234477024466, -2]
171	[-59.880234477024466, -2]
171	[-59.880234477024466, -2]
171	[-59.880234477024466, -2]
171	[-59.880234477024466, -2]
171	[-59.880234477024466, -2]
171	[-59.880234477024466, -2]
171	[-59.880234477024466, -2]
171	[-59.880234477024466, -2]
171	[-59.880234477024466, -2]
171	[-59.880234477024466, -2]
171	[-59.880234477024466, -2]
171	[-59.880234477024466, -2]
171	[-59.880234477024466, -2]
171	[-59.880234477024466, -2]
171	[-59.880234477024466, -2]
171	[-59.880234477024466, -2]
171	[-59.880234477024466, -2]
171	[-59.880234477024466, -2]
171	[-59.880234477024466, -2]
171	[-59.880234477024466, -2]
171	[-59.880234477024466, -2]
171	[-59.880234477024466, -2]
171	[-59.880234477024466, -2]
171	[-59.880234477024466, -2]
171	[-59.880234477024466, -2]
171	[-59.880234477024466, -2]
171	[-59.880234477024466, -2]
171	[-59.880234477024466, -2]
171	[-59.880234477024466, -2]
171	[-59.880234477024466, -2]
171	[-59.880234477024466, -2]
171	[-59.880234477024466, -2]
171	[-59.880234477024466, -2]
171	[-59.880234477024466, -2]
171	[-59.880234477024466, -2]
171	[-59.880234477024466, -2]
171	[-59.880234477024466, -2]
172	[-61.7212576201604, 0]
172	[-61.7212576201604, 0]
172	[-61.7212576201604, 0]
172	[-61.7212576201604, 0]
172	[-61.7212576201604, 0]
172	[-61.7212576201604, 0]
172	[-61.7212576201604, 0]
172	[-61.7212576201604, 0]
172	[-61.7212576201604, 0]
172	[-61.7212576201604, 0]
172	[-61.7212576201604, 0]
172	[-61.7212576201604, 0]
172	[-61.7212576201604, 0]
172	[-61.7212576201604, 0]
172	[-61.7212576201604, 0]
172	[-61.7212576201604, 0]
172	[-61.7212576201604, 0]
172	[-61.7212576201604, 0]
172	[-61.7212576201604, 0]
172	[-61.7212576201604, 0]
172	[-61.7212576201604, 0]
172	[-61.7212576201604, 0]
172	[-61.7212576201604, 0]
172	[-61.7212576201604, 0]
172	[-61.7212576201604, 0]
172	[-61.7212576201604, 0]
172	[-61.7212576201604, 0]
172	[-61.7212576201604, 0]
172	[-59.880234477024466, -2]
172	[-59.880234477024466, -2]
172	[-59.880234477024466, -2]
172	[-59.880234477024466, -2]
172	[-59.880234477024466, -2]
172	[-59.880234477024466, -2]
172	[-59.880234477024466, -2]
172	[-59.880234477024466, -2]
172	[-59.880234477024466, -2]
172	[-59.880234477024466, -2]
172	[-59.880234477024466, -2]
172	[-59.880234477024466, -2]
172	[-59.880234477024466, -2]
172	[-59.880234477024466, -2]
172	[-59.880234477024466, -2]
172	[-59.880234477024466, -2]
172	[-59.880234477024466, -2]
172	[-59.880234477024466, -2]
172	[-59.880234477024466, -2]
172	[-59.880234477024466, -2]
172	[-59.880234477024466, -2]
172	[-59.880234477024466, -2]
172	[-59.880234477024466, -2]
172	[-59.880234477024466, -2]
172	[-59.880234477024466, -2]
172	[-59.880234477024466, -2]
172	[-59.880234477024466, -2]
172	[-59.880234477024466, -2]
172	[-59.880234477024466, -2]
172	[-59.880234477024466, -2]
172	[-59.880234477024466, -2]
172	[-59.880234477024466, -2]
172	[-59.880234477024466, -2]
172	[-59.880234477024466, -2]
172	[-59.880234477024466, -2]
172	[-59.880234477024466, -2]
172	[-59.880234477024466, -2]
172	[-59.880234477024466, -2]
172	[-59.880234477024466, -2]
172	[-59.880234477024466, -2]
172	[-59.880234477024466, -2]
172	[-59.880234477024466, -2]
172	[-59.880234477024466, -2]
172	[-59.880234477024466, -2]
172	[-59.880234477024466, -2]
172	[-59.880234477024466, -2]
172	[-59.880234477024466, -2]
172	[-59.880234477024466, -2]
172	[-59.880234477024466, -2]
172	[-59.880234477024466, -2]
172	[-59.880234477024466, -2]
172	[-59.880234477024466, -2]
173	[-61.7212576201604, 0]
173	[-61.7212576201604, 0]
173	[-61.7212576201604, 0]
173	[-61.7212576201604, 0]
173	[-61.7212576201604, 0]
173	[-61.7212576201604, 0]
173	[-61.7212576201604, 0]
173	[-61.7212576201604, 0]
173	[-61.7212576201604, 0]
173	[-61.7212576201604, 0]
173	[-61.7212576201604, 0]
173	[-61.7212576201604, 0]
173	[-61.7212576201604, 0]
173	[-61.7212576201604, 0]
173	[-61.7212576201604, 0]
173	[-61.7212576201604, 0]
173	[-61.7212576201604, 0]
173	[-61.7212576201604, 0]
173	[-61.7212576201604, 0]
173	[-61.7212576201604, 0]
173	[-61.7212576201604, 0]
173	[-61.7212576201604, 0]
173	[-61.7212576201604, 0]
173	[-61.7212576201604, 0]
173	[-61.7212576201604, 0]
173	[-61.7212576201604, 0]
173	[-61.7212576201604, 0]
173	[-61.7212576201604, 0]
173	[-61.7212576201604, 0]
173	[-61.7212576201604, 0]
173	[-59.880234477024466, -2]
173	[-59.880234477024466, -2]
173	[-59.880234477024466, -2]
173	[-59.880234477024466, -2]
173	[-59.880234477024466, -2]
173	[-59.880234477024466, -2]
173	[-59.880234477024466, -2]
173	[-59.880234477024466, -2]
173	[-59.880234477024466, -2]
173	[-59.880234477024466, -2]
173	[-59.880234477024466, -2]
173	[-59.880234477024466, -2]
173	[-59.880234477024466, -2]
173	[-59.880234477024466, -2]
173	[-59.880234477024466, -2]
173	[-59.880234477024466, -2]
173	[-59.880234477024466, -2]
173	[-59.880234477024466, -2]
173	[-59.880234477024466, -2]
173	[-59.880234477024466, -2]
173	[-59.880234477024466, -2]
173	[-59.880234477024466, -2]
173	[-59.880234477024466, -2]
173	[-59.880234477024466, -2]
173	[-59.880234477024466, -2]
173	[-59.880234477024466, -2]
173	[-59.880234477024466, -2]
173	[-59.880234477024466, -2]
173	[-59.880234477024466, -2]
173	[-59.880234477024466, -2]
173	[-59.880234477024466, -2]
173	[-59.880234477024466, -2]
173	[-59.880234477024466, -2]
173	[-59.880234477024466, -2]
173	[-59.880234477024466, -2]
173	[-59.880234477024466, -2]
173	[-59.880234477024466, -2]
173	[-59.880234477024466, -2]
173	[-59.880234477024466, -2]
173	[-59.880234477024466, -2]
173	[-59.880234477024466, -2]
173	[-59.880234477024466, -2]
173	[-59.880234477024466, -2]
173	[-59.880234477024466, -2]
173	[-59.880234477024466, -2]
173	[-59.880234477024466, -2]
173	[-59.880234477024466, -2]
173	[-59.880234477024466, -2]
173	[-59.880234477024466, -2]
173	[-59.880234477024466, -2]
174	[-61.681518343680615, 0]
174	[-59.855278794402395, -2]
175	[-61.681518343680615, 0]
175	[-59.855278794402395, -2]
175	[-59.855278794402395, -2]
175	[-59.855278794402395, -2]
175	[-59.855278794402395, -2]
176	[-61.681518343680615, 0]
176	[-59.855278794402395, -2]
176	[-59.855278794402395, -2]
176	[-59.855278794402395, -2]
176	[-59.855278794402395, -2]
176	[-59.855278794402395, -2]
176	[-59.855278794402395, -2]
176	[-59.855278794402395, -2]
176	[-59.855278794402395, -2]
176	[-59.855278794402395, -2]
177	[-61.681518343680615, 0]
177	[-61.681518343680615, 0]
177	[-59.855278794402395, -2]
177	[-59.855278794402395, -2]
177	[-59.855278794402395, -2]
177	[-59.855278794402395, -2]
177	[-59.855278794402395, -2]
177	[-59.855278794402395, -2]
177	[-59.855278794402395, -2]
177	[-59.855278794402395, -2]
177	[-59.855278794402395, -2]
177	[-59.855278794402395, -2]
177	[-59.855278794402395, -2]
177	[-59.855278794402395, -2]
177	[-59.855278794402395, -2]
177	[-59.855278794402395, -2]
177	[-59.855278794402395, -2]
177	[-59.855278794402395, -2]
177	[-59.855278794402395, -2]
177	[-59.855278794402395, -2]
177	[-59.855278794402395, -2]
177	[-59.855278794402395, -2]
178	[-61.681518343680615, 0]
178	[-61.681518343680615, 0]
178	[-61.681518343680615, 0]
178	[-61.681518343680615, 0]
178	[-59.855278794402395, -2]
178	[-59.855278794402395, -2]
178	[-59.855278794402395, -2]
178	[-59.855278794402395, -2]
178	[-59.855278794402395, -2]
178	[-59.855278794402395, -2]
178	[-59.855278794402395, -2]
178	[-59.855278794402395, -2]
178	[-59.855278794402395, -2]
178	[-59.855278794402395, -2]
178	[-59.855278794402395, -2]
178	[-59.855278794402395, -2]
178	[-59.855278794402395, -2]
178	[-59.855278794402395, -2]
178	[-59.855278794402395, -2]
178	[-59.855278794402395, -2]
178	[-59.855278794402395, -2]
178	[-59.855278794402395, -2]
178	[-59.855278794402395, -2]
178	[-59.855278794402395, -2]
178	[-59.855278794402395, -2]
178	[-59.855278794402395, -2]
178	[-59.855278794402395, -2]
178	[-59.855278794402395, -2]
178	[-59.855278794402395, -2]
179	[-61.681518343680615, 0]
179	[-61.681518343680615, 0]
179	[-61.681518343680615, 0]
179	[-61.681518343680615, 0]
179	[-59.855278794402395, -2]
179	[-59.855278794402395, -2]
179	[-59.855278794402395, -2]
179	[-59.855278794402395, -2]
179	[-59.855278794402395, -2]
179	[-59.855278794402395, -2]
179	[-59.855278794402395, -2]
179	[-59.855278794402395, -2]
179	[-59.855278794402395, -2]
179	[-59.855278794402395, -2]
179	[-59.855278794402395, -2]
179	[-59.855278794402395, -2]
179	[-59.855278794402395, -2]
179	[-59.855278794402395, -2]
179	[-59.855278794402395, -2]
179	[-59.855278794402395, -2]
179	[-59.855278794402395, -2]
179	[-59.855278794402395, -2]
179	[-59.855278794402395, -2]
179	[-59.855278794402395, -2]
179	[-59.855278794402395, -2]
179	[-59.855278794402395, -2]
179	[-59.855278794402395, -2]
179	[-59.855278794402395, -2]
179	[-59.855278794402395, -2]
179	[-59.855278794402395, -2]
179	[-59.855278794402395, -2]
179	[-59.855278794402395, -2]
179	[-59.855278794402395, -2]
179	[-59.855278794402395, -2]
180	[-61.681518343680615, 0]
180	[-61.681518343680615, 0]
180	[-61.681518343680615, 0]
180	[-61.681518343680615, 0]
180	[-61.681518343680615, 0]
180	[-61.681518343680615, 0]
180	[-61.681518343680615, 0]
180	[-61.681518343680615, 0]
180	[-61.681518343680615, 0]
180	[-59.855278794402395, -2]
180	[-59.855278794402395, -2]
180	[-59.855278794402395, -2]
180	[-59.855278794402395, -2]
180	[-59.855278794402395, -2]
180	[-59.855278794402395, -2]
180	[-59.855278794402395, -2]
180	[-59.855278794402395, -2]
180	[-59.855278794402395, -2]
180	[-59.855278794402395, -2]
180	[-59.855278794402395, -2]
180	[-59.855278794402395, -2]
180	[-59.855278794402395, -2]
180	[-59.855278794402395, -2]
180	[-59.855278794402395, -2]
180	[-59.855278794402395, -2]
180	[-59.855278794402395, -2]
180	[-59.855278794402395, -2]
180	[-59.855278794402395, -2]
180	[-59.855278794402395, -2]
180	[-59.855278794402395, -2]
180	[-59.855278794402395, -2]
180	[-59.855278794402395, -2]
180	[-59.855278794402395, -2]
180	[-59.855278794402395, -2]
180	[-59.855278794402395, -2]
180	[-59.855278794402395, -2]
180	[-59.855278794402395, -2]
180	[-59.855278794402395, -2]
180	[-59.855278794402395, -2]
180	[-59.855278794402395, -2]
180	[-59.855278794402395, -2]
180	[-59.855278794402395, -2]
180	[-59.855278794402395, -2]
180	[-59.855278794402395, -2]
180	[-59.855278794402395, -2]
180	[-59.855278794402395, -2]
180	[-59.855278794402395, -2]
180	[-59.855278794402395, -2]
180	[-59.855278794402395, -2]
180	[-59.855278794402395, -2]
181	[-61.681518343680615, 0]
181	[-61.681518343680615, 0]
181	[-61.681518343680615, 0]
181	[-61.681518343680615, 0]
181	[-61.681518343680615, 0]
181	[-61.681518343680615, 0]
181	[-61.681518343680615, 0]
181	[-61.681518343680615, 0]
181	[-61.681518343680615, 0]
181	[-61.681518343680615, 0]
181	[-61.681518343680615, 0]
181	[-61.681518343680615, 0]
181	[-61.681518343680615, 0]
181	[-59.855278794402395, -2]
181	[-59.855278794402395, -2]
181	[-59.855278794402395, -2]
181	[-59.855278794402395, -2]
181	[-59.855278794402395, -2]
181	[-59.855278794402395, -2]
181	[-59.855278794402395, -2]
181	[-59.855278794402395, -2]
181	[-59.855278794402395, -2]
181	[-59.855278794402395, -2]
181	[-59.855278794402395, -2]
181	[-59.855278794402395, -2]
181	[-59.855278794402395, -2]
181	[-59.855278794402395, -2]
181	[-59.855278794402395, -2]
181	[-59.855278794402395, -2]
181	[-59.855278794402395, -2]
181	[-59.855278794402395, -2]
181	[-59.855278794402395, -2]
181	[-59.855278794402395, -2]
181	[-59.855278794402395, -2]
181	[-59.855278794402395, -2]
181	[-59.855278794402395, -2]
181	[-59.855278794402395, -2]
181	[-59.855278794402395, -2]
181	[-59.855278794402395, -2]
181	[-59.855278794402395, -2]
181	[-59.855278794402395, -2]
181	[-59.855278794402395, -2]
181	[-59.855278794402395, -2]
181	[-59.855278794402395, -2]
181	[-59.855278794402395, -2]
181	[-59.855278794402395, -2]
181	[-59.855278794402395, -2]
181	[-59.855278794402395, -2]
181	[-59.855278794402395, -2]
181	[-59.855278794402395, -2]
181	[-59.855278794402395, -2]
181	[-59.855278794402395, -2]
181	[-59.855278794402395, -2]
181	[-59.855278794402395, -2]
181	[-59.855278794402395, -2]
181	[-59.855278794402395, -2]
181	[-59.855278794402395, -2]
181	[-59.855278794402395, -2]
181	[-59.855278794402395, -2]
181	[-59.855278794402395, -2]
181	[-59.855278794402395, -2]
181	[-59.855278794402395, -2]
181	[-59.855278794402395, -2]
181	[-59.855278794402395, -2]
181	[-59.855278794402395, -2]
181	[-59.855278794402395, -2]
181	[-59.855278794402395, -2]
182	[-61.681518343680615, 0]
182	[-61.681518343680615, 0]
182	[-61.681518343680615, 0]
182	[-61.681518343680615, 0]
182	[-61.681518343680615, 0]
182	[-61.681518343680615, 0]
182	[-61.681518343680615, 0]
182	[-61.681518343680615, 0]
182	[-61.681518343680615, 0]
182	[-61.681518343680615, 0]
182	[-61.681518343680615, 0]
182	[-61.681518343680615, 0]
182	[-61.681518343680615, 0]
182	[-61.681518343680615, 0]
182	[-61.681518343680615, 0]
182	[-61.681518343680615, 0]
182	[-61.681518343680615, 0]
182	[-61.681518343680615, 0]
182	[-61.681518343680615, 0]
182	[-59.855278794402395, -2]
182	[-59.855278794402395, -2]
182	[-59.855278794402395, -2]
182	[-59.855278794402395, -2]
182	[-59.855278794402395, -2]
182	[-59.855278794402395, -2]
182	[-59.855278794402395, -2]
182	[-59.855278794402395, -2]
182	[-59.855278794402395, -2]
182	[-59.855278794402395, -2]
182	[-59.855278794402395, -2]
182	[-59.855278794402395, -2]
182	[-59.855278794402395, -2]
182	[-59.855278794402395, -2]
182	[-59.855278794402395, -2]
182	[-59.855278794402395, -2]
182	[-59.855278794402395, -2]
182	[-59.855278794402395, -2]
182	[-59.855278794402395, -2]
182	[-59.855278794402395, -2]
182	[-59.855278794402395, -2]
182	[-59.855278794402395, -2]
182	[-59.855278794402395, -2]
182	[-59.855278794402395, -2]
182	[-59.855278794402395, -2]
182	[-59.855278794402395, -2]
182	[-59.855278794402395, -2]
182	[-59.855278794402395, -2]
182	[-59.855278794402395, -2]
182	[-59.855278794402395, -2]
182	[-59.855278794402395, -2]
182	[-59.855278794402395, -2]
182	[-59.855278794402395, -2]
182	[-59.855278794402395, -2]
182	[-59.855278794402395, -2]
182	[-59.855278794402395, -2]
182	[-59.855278794402395, -2]
182	[-59.855278794402395, -2]
182	[-59.855278794402395, -2]
182	[-59.855278794402395, -2]
182	[-59.855278794402395, -2]
182	[-59.855278794402395, -2]
182	[-59.855278794402395, -2]
182	[-59.855278794402395, -2]
182	[-59.855278794402395, -2]
182	[-59.855278794402395, -2]
182	[-59.855278794402395, -2]
182	[-59.855278794402395, -2]
182	[-59.855278794402395, -2]
182	[-59.855278794402395, -2]
182	[-59.855278794402395, -2]
182	[-59.855278794402395, -2]
182	[-59.855278794402395, -2]
182	[-59.855278794402395, -2]
182	[-59.855278794402395, -2]
182	[-59.855278794402395, -2]
182	[-59.855278794402395, -2]
182	[-59.855278794402395, -2]
182	[-59.855278794402395, -2]
182	[-59.855278794402395, -2]
182	[-59.855278794402395, -2]
183	[-61.681518343680615, 0]
183	[-61.681518343680615, 0]
183	[-61.681518343680615, 0]
183	[-61.681518343680615, 0]
183	[-61.681518343680615, 0]
183	[-61.681518343680615, 0]
183	[-61.681518343680615, 0]
183	[-61.681518343680615, 0]
183	[-61.681518343680615, 0]
183	[-61.681518343680615, 0]
183	[-61.681518343680615, 0]
183	[-61.681518343680615, 0]
183	[-61.681518343680615, 0]
183	[-61.681518343680615, 0]
183	[-61.681518343680615, 0]
183	[-61.681518343680615, 0]
183	[-61.681518343680615, 0]
183	[-61.681518343680615, 0]
183	[-61.681518343680615, 0]
183	[-61.681518343680615, 0]
183	[-61.681518343680615, 0]
183	[-61.681518343680615, 0]
183	[-61.681518343680615, 0]
183	[-59.855278794402395, -2]
183	[-59.855278794402395, -2]
183	[-59.855278794402395, -2]
183	[-59.855278794402395, -2]
183	[-59.855278794402395, -2]
183	[-59.855278794402395, -2]
183	[-59.855278794402395, -2]
183	[-59.855278794402395, -2]
183	[-59.855278794402395, -2]
183	[-59.855278794402395, -2]
183	[-59.855278794402395, -2]
183	[-59.855278794402395, -2]
183	[-59.855278794402395, -2]
183	[-59.855278794402395, -2]
183	[-59.855278794402395, -2]
183	[-59.855278794402395, -2]
183	[-59.855278794402395, -2]
183	[-59.855278794402395, -2]
183	[-59.855278794402395, -2]
183	[-59.855278794402395, -2]
183	[-59.855278794402395, -2]
183	[-59.855278794402395, -2]
183	[-59.855278794402395, -2]
183	[-59.855278794402395, -2]
183	[-59.855278794402395, -2]
183	[-59.855278794402395, -2]
183	[-59.855278794402395, -2]
183	[-59.855278794402395, -2]
183	[-59.855278794402395, -2]
183	[-59.855278794402395, -2]
183	[-59.855278794402395, -2]
183	[-59.855278794402395, -2]
183	[-59.855278794402395, -2]
183	[-59.855278794402395, -2]
183	[-59.855278794402395, -2]
183	[-59.855278794402395, -2]
183	[-59.855278794402395, -2]
183	[-59.855278794402395, -2]
183	[-59.855278794402395, -2]
183	[-59.855278794402395, -2]
183	[-59.855278794402395, -2]
183	[-59.855278794402395, -2]
183	[-59.855278794402395, -2]
183	[-59.855278794402395, -2]
183	[-59.855278794402395, -2]
183	[-59.855278794402395, -2]
183	[-59.855278794402395, -2]
183	[-59.855278794402395, -2]
183	[-59.855278794402395, -2]
183	[-59.855278794402395, -2]
183	[-59.855278794402395, -2]
183	[-59.855278794402395, -2]
183	[-59.855278794402395, -2]
183	[-59.855278794402395, -2]
183	[-59.855278794402395, -2]
183	[-59.855278794402395, -2]
183	[-59.855278794402395, -2]
184	[-61.681518343680615, 0]
184	[-61.681518343680615, 0]
184	[-61.681518343680615, 0]
184	[-61.681518343680615, 0]
184	[-61.681518343680615, 0]
184	[-61.681518343680615, 0]
184	[-61.681518343680615, 0]
184	[-61.681518343680615, 0]
184	[-61.681518343680615, 0]
184	[-61.681518343680615, 0]
184	[-61.681518343680615, 0]
184	[-61.681518343680615, 0]
184	[-61.681518343680615, 0]
184	[-61.681518343680615, 0]
184	[-61.681518343680615, 0]
184	[-61.681518343680615, 0]
184	[-61.681518343680615, 0]
184	[-61.681518343680615, 0]
184	[-61.681518343680615, 0]
184	[-61.681518343680615, 0]
184	[-61.681518343680615, 0]
184	[-61.681518343680615, 0]
184	[-61.681518343680615, 0]
184	[-59.855278794402395, -2]
184	[-59.855278794402395, -2]
184	[-59.855278794402395, -2]
184	[-59.855278794402395, -2]
184	[-59.855278794402395, -2]
184	[-59.855278794402395, -2]
184	[-59.855278794402395, -2]
184	[-59.855278794402395, -2]
184	[-59.855278794402395, -2]
184	[-59.855278794402395, -2]
184	[-59.855278794402395, -2]
184	[-59.855278794402395, -2]
184	[-59.855278794402395, -2]
184	[-59.855278794402395, -2]
184	[-59.855278794402395, -2]
184	[-59.855278794402395, -2]
184	[-59.855278794402395, -2]
184	[-59.855278794402395, -2]
184	[-59.855278794402395, -2]
184	[-59.855278794402395, -2]
184	[-59.855278794402395, -2]
184	[-59.855278794402395, -2]
184	[-59.855278794402395, -2]
184	[-59.855278794402395, -2]
184	[-59.855278794402395, -2]
184	[-59.855278794402395, -2]
184	[-59.855278794402395, -2]
184	[-59.855278794402395, -2]
184	[-59.855278794402395, -2]
184	[-59.855278794402395, -2]
184	[-59.855278794402395, -2]
184	[-59.855278794402395, -2]
184	[-59.855278794402395, -2]
184	[-59.855278794402395, -2]
184	[-59.855278794402395, -2]
184	[-59.855278794402395, -2]
184	[-59.855278794402395, -2]
184	[-59.855278794402395, -2]
184	[-59.855278794402395, -2]
184	[-59.855278794402395, -2]
184	[-59.855278794402395, -2]
184	[-59.855278794402395, -2]
184	[-59.855278794402395, -2]
184	[-59.855278794402395, -2]
184	[-59.855278794402395, -2]
184	[-59.855278794402395, -2]
184	[-59.855278794402395, -2]
184	[-59.855278794402395, -2]
184	[-59.855278794402395, -2]
184	[-59.855278794402395, -2]
184	[-59.855278794402395, -2]
184	[-59.855278794402395, -2]
184	[-59.855278794402395, -2]
184	[-59.855278794402395, -2]
184	[-59.855278794402395, -2]
184	[-59.855278794402395, -2]
184	[-59.855278794402395, -2]
185	[-61.681518343680615, 0]
185	[-61.681518343680615, 0]
185	[-61.681518343680615, 0]
185	[-61.681518343680615, 0]
185	[-61.681518343680615, 0]
185	[-61.681518343680615, 0]
185	[-61.681518343680615, 0]
185	[-61.681518343680615, 0]
185	[-61.681518343680615, 0]
185	[-61.681518343680615, 0]
185	[-61.681518343680615, 0]
185	[-61.681518343680615, 0]
185	[-61.681518343680615, 0]
185	[-61.681518343680615, 0]
185	[-61.681518343680615, 0]
185	[-61.681518343680615, 0]
185	[-61.681518343680615, 0]
185	[-61.681518343680615, 0]
185	[-61.681518343680615, 0]
185	[-61.681518343680615, 0]
185	[-61.681518343680615, 0]
185	[-61.681518343680615, 0]
185	[-61.681518343680615, 0]
185	[-61.681518343680615, 0]
185	[-61.681518343680615, 0]
185	[-59.855278794402395, -2]
185	[-59.855278794402395, -2]
185	[-59.855278794402395, -2]
185	[-59.855278794402395, -2]
185	[-59.855278794402395, -2]
185	[-59.855278794402395, -2]
185	[-59.855278794402395, -2]
185	[-59.855278794402395, -2]
185	[-59.855278794402395, -2]
185	[-59.855278794402395, -2]
185	[-59.855278794402395, -2]
185	[-59.855278794402395, -2]
185	[-59.855278794402395, -2]
185	[-59.855278794402395, -2]
185	[-59.855278794402395, -2]
185	[-59.855278794402395, -2]
185	[-59.855278794402395, -2]
185	[-59.855278794402395, -2]
185	[-59.855278794402395, -2]
185	[-59.855278794402395, -2]
185	[-59.855278794402395, -2]
185	[-59.855278794402395, -2]
185	[-59.855278794402395, -2]
185	[-59.855278794402395, -2]
185	[-59.855278794402395, -2]
185	[-59.855278794402395, -2]
185	[-59.855278794402395, -2]
185	[-59.855278794402395, -2]
185	[-59.855278794402395, -2]
185	[-59.855278794402395, -2]
185	[-59.855278794402395, -2]
185	[-59.855278794402395, -2]
185	[-59.855278794402395, -2]
185	[-59.855278794402395, -2]
185	[-59.855278794402395, -2]
185	[-59.855278794402395, -2]
185	[-59.855278794402395, -2]
185	[-59.855278794402395, -2]
185	[-59.855278794402395, -2]
185	[-59.855278794402395, -2]
185	[-59.855278794402395, -2]
185	[-59.855278794402395, -2]
185	[-59.855278794402395, -2]
185	[-59.855278794402395, -2]
185	[-59.855278794402395, -2]
185	[-59.855278794402395, -2]
185	[-59.855278794402395, -2]
185	[-59.855278794402395, -2]
185	[-59.855278794402395, -2]
185	[-59.855278794402395, -2]
185	[-59.855278794402395, -2]
185	[-59.855278794402395, -2]
185	[-59.855278794402395, -2]
185	[-59.855278794402395, -2]
185	[-59.855278794402395, -2]
186	[-59.858592380704835, 0]
186	[-59.855278794402395, -2]
186	[-59.855278794402395, -2]
186	[-59.855278794402395, -2]
186	[-59.855278794402395, -2]
186	[-59.855278794402395, -2]
186	[-59.855278794402395, -2]
186	[-59.855278794402395, -2]
186	[-59.855278794402395, -2]
186	[-59.855278794402395, -2]
186	[-59.855278794402395, -2]
186	[-59.855278794402395, -2]
186	[-59.855278794402395, -2]
186	[-59.855278794402395, -2]
186	[-59.855278794402395, -2]
186	[-59.855278794402395, -2]
186	[-59.855278794402395, -2]
186	[-59.855278794402395, -2]
186	[-59.855278794402395, -2]
186	[-59.855278794402395, -2]
186	[-59.855278794402395, -2]
186	[-59.855278794402395, -2]
186	[-59.855278794402395, -2]
186	[-59.855278794402395, -2]
186	[-59.855278794402395, -2]
186	[-59.855278794402395, -2]
186	[-59.855278794402395, -2]
186	[-59.855278794402395, -2]
186	[-59.855278794402395, -2]
186	[-59.855278794402395, -2]
186	[-59.855278794402395, -2]
186	[-59.855278794402395, -2]
186	[-59.855278794402395, -2]
186	[-59.855278794402395, -2]
186	[-59.855278794402395, -2]
186	[-59.855278794402395, -2]
186	[-59.855278794402395, -2]
186	[-59.855278794402395, -2]
186	[-59.855278794402395, -2]
186	[-59.855278794402395, -2]
186	[-59.855278794402395, -2]
186	[-59.855278794402395, -2]
186	[-59.855278794402395, -2]
186	[-59.855278794402395, -2]
186	[-59.855278794402395, -2]
186	[-59.855278794402395, -2]
186	[-59.855278794402395, -2]
186	[-59.855278794402395, -2]
186	[-59.855278794402395, -2]
186	[-59.855278794402395, -2]
186	[-59.855278794402395, -2]
186	[-59.855278794402395, -2]
186	[-59.855278794402395, -2]
186	[-59.855278794402395, -2]
186	[-59.855278794402395, -2]
186	[-59.855278794402395, -2]
186	[-59.855278794402395, -2]
186	[-59.855278794402395, -2]
186	[-59.855278794402395, -2]
186	[-59.855278794402395, -2]
186	[-59.855278794402395, -2]
186	[-59.855278794402395, -2]
186	[-59.855278794402395, -2]
187	[-59.858592380704835, 0]
187	[-59.855278794402395, -2]
187	[-59.855278794402395, -2]
187	[-59.855278794402395, -2]
187	[-59.855278794402395, -2]
187	[-59.855278794402395, -2]
187	[-59.855278794402395, -2]
187	[-59.855278794402395, -2]
187	[-59.855278794402395, -2]
187	[-59.855278794402395, -2]
187	[-59.855278794402395, -2]
187	[-59.855278794402395, -2]
187	[-59.855278794402395, -2]
187	[-59.855278794402395, -2]
187	[-59.855278794402395, -2]
187	[-59.855278794402395, -2]
187	[-59.855278794402395, -2]
187	[-59.855278794402395, -2]
187	[-59.855278794402395, -2]
187	[-59.855278794402395, -2]
187	[-59.855278794402395, -2]
187	[-59.855278794402395, -2]
187	[-59.855278794402395, -2]
187	[-59.855278794402395, -2]
187	[-59.855278794402395, -2]
187	[-59.855278794402395, -2]
187	[-59.855278794402395, -2]
187	[-59.855278794402395, -2]
187	[-59.855278794402395, -2]
187	[-59.855278794402395, -2]
187	[-59.855278794402395, -2]
187	[-59.855278794402395, -2]
187	[-59.855278794402395, -2]
187	[-59.855278794402395, -2]
187	[-59.855278794402395, -2]
187	[-59.855278794402395, -2]
187	[-59.855278794402395, -2]
187	[-59.855278794402395, -2]
187	[-59.855278794402395, -2]
187	[-59.855278794402395, -2]
187	[-59.855278794402395, -2]
187	[-59.855278794402395, -2]
187	[-59.855278794402395, -2]
187	[-59.855278794402395, -2]
187	[-59.855278794402395, -2]
187	[-59.855278794402395, -2]
187	[-59.855278794402395, -2]
187	[-59.855278794402395, -2]
187	[-59.855278794402395, -2]
187	[-59.855278794402395, -2]
187	[-59.855278794402395, -2]
187	[-59.855278794402395, -2]
187	[-59.855278794402395, -2]
187	[-59.855278794402395, -2]
187	[-59.855278794402395, -2]
187	[-59.855278794402395, -2]
187	[-59.855278794402395, -2]
187	[-59.855278794402395, -2]
187	[-59.855278794402395, -2]
187	[-59.855278794402395, -2]
187	[-59.855278794402395, -2]
187	[-59.855278794402395, -2]
187	[-59.855278794402395, -2]
187	[-59.855278794402395, -2]
187	[-59.855278794402395, -2]
187	[-59.855278794402395, -2]
187	[-59.855278794402395, -2]
187	[-59.855278794402395, -2]
187	[-59.855278794402395, -2]
187	[-59.855278794402395, -2]
187	[-59.855278794402395, -2]
187	[-59.855278794402395, -2]
187	[-59.855278794402395, -2]
187	[-59.855278794402395, -2]
187	[-59.855278794402395, -2]
187	[-59.855278794402395, -2]
187	[-59.855278794402395, -2]
188	[-59.858592380704835, 0]
188	[-59.855278794402395, -2]
188	[-59.855278794402395, -2]
188	[-59.855278794402395, -2]
188	[-59.855278794402395, -2]
188	[-59.855278794402395, -2]
188	[-59.855278794402395, -2]
188	[-59.855278794402395, -2]
188	[-59.855278794402395, -2]
188	[-59.855278794402395, -2]
188	[-59.855278794402395, -2]
188	[-59.855278794402395, -2]
188	[-59.855278794402395, -2]
188	[-59.855278794402395, -2]
188	[-59.855278794402395, -2]
188	[-59.855278794402395, -2]
188	[-59.855278794402395, -2]
188	[-59.855278794402395, -2]
188	[-59.855278794402395, -2]
188	[-59.855278794402395, -2]
188	[-59.855278794402395, -2]
188	[-59.855278794402395, -2]
188	[-59.855278794402395, -2]
188	[-59.855278794402395, -2]
188	[-59.855278794402395, -2]
188	[-59.855278794402395, -2]
188	[-59.855278794402395, -2]
188	[-59.855278794402395, -2]
188	[-59.855278794402395, -2]
188	[-59.855278794402395, -2]
188	[-59.855278794402395, -2]
188	[-59.855278794402395, -2]
188	[-59.855278794402395, -2]
188	[-59.855278794402395, -2]
188	[-59.855278794402395, -2]
188	[-59.855278794402395, -2]
188	[-59.855278794402395, -2]
188	[-59.855278794402395, -2]
188	[-59.855278794402395, -2]
188	[-59.855278794402395, -2]
188	[-59.855278794402395, -2]
188	[-59.855278794402395, -2]
188	[-59.855278794402395, -2]
188	[-59.855278794402395, -2]
188	[-59.855278794402395, -2]
188	[-59.855278794402395, -2]
188	[-59.855278794402395, -2]
188	[-59.855278794402395, -2]
188	[-59.855278794402395, -2]
188	[-59.855278794402395, -2]
188	[-59.855278794402395, -2]
188	[-59.855278794402395, -2]
188	[-59.855278794402395, -2]
188	[-59.855278794402395, -2]
188	[-59.855278794402395, -2]
188	[-59.855278794402395, -2]
188	[-59.855278794402395, -2]
188	[-59.855278794402395, -2]
188	[-59.855278794402395, -2]
188	[-59.855278794402395, -2]
188	[-59.855278794402395, -2]
188	[-59.855278794402395, -2]
188	[-59.855278794402395, -2]
188	[-59.855278794402395, -2]
188	[-59.855278794402395, -2]
188	[-59.855278794402395, -2]
188	[-59.855278794402395, -2]
188	[-59.855278794402395, -2]
188	[-59.855278794402395, -2]
188	[-59.855278794402395, -2]
188	[-59.855278794402395, -2]
188	[-59.855278794402395, -2]
188	[-59.855278794402395, -2]
188	[-59.855278794402395, -2]
188	[-59.855278794402395, -2]
188	[-59.855278794402395, -2]
188	[-59.855278794402395, -2]
188	[-59.855278794402395, -2]
188	[-59.855278794402395, -2]
188	[-59.855278794402395, -2]
189	[-59.858592380704835, 0]
189	[-59.855278794402395, -2]
189	[-59.855278794402395, -2]
189	[-59.855278794402395, -2]
189	[-59.855278794402395, -2]
189	[-59.855278794402395, -2]
189	[-59.855278794402395, -2]
189	[-59.855278794402395, -2]
189	[-59.855278794402395, -2]
189	[-59.855278794402395, -2]
189	[-59.855278794402395, -2]
189	[-59.855278794402395, -2]
189	[-59.855278794402395, -2]
189	[-59.855278794402395, -2]
189	[-59.855278794402395, -2]
189	[-59.855278794402395, -2]
189	[-59.855278794402395, -2]
189	[-59.855278794402395, -2]
189	[-59.855278794402395, -2]
189	[-59.855278794402395, -2]
189	[-59.855278794402395, -2]
189	[-59.855278794402395, -2]
189	[-59.855278794402395, -2]
189	[-59.855278794402395, -2]
189	[-59.855278794402395, -2]
189	[-59.855278794402395, -2]
189	[-59.855278794402395, -2]
189	[-59.855278794402395, -2]
189	[-59.855278794402395, -2]
189	[-59.855278794402395, -2]
189	[-59.855278794402395, -2]
189	[-59.855278794402395, -2]
189	[-59.855278794402395, -2]
189	[-59.855278794402395, -2]
189	[-59.855278794402395, -2]
189	[-59.855278794402395, -2]
189	[-59.855278794402395, -2]
189	[-59.855278794402395, -2]
189	[-59.855278794402395, -2]
189	[-59.855278794402395, -2]
189	[-59.855278794402395, -2]
189	[-59.855278794402395, -2]
189	[-59.855278794402395, -2]
189	[-59.855278794402395, -2]
189	[-59.855278794402395, -2]
189	[-59.855278794402395, -2]
189	[-59.855278794402395, -2]
189	[-59.855278794402395, -2]
189	[-59.855278794402395, -2]
189	[-59.855278794402395, -2]
189	[-59.855278794402395, -2]
189	[-59.855278794402395, -2]
189	[-59.855278794402395, -2]
189	[-59.855278794402395, -2]
189	[-59.855278794402395, -2]
189	[-59.855278794402395, -2]
189	[-59.855278794402395, -2]
189	[-59.855278794402395, -2]
189	[-59.855278794402395, -2]
189	[-59.855278794402395, -2]
189	[-59.855278794402395, -2]
189	[-59.855278794402395, -2]
189	[-59.855278794402395, -2]
189	[-59.855278794402395, -2]
189	[-59.855278794402395, -2]
189	[-59.855278794402395, -2]
189	[-59.855278794402395, -2]
189	[-59.855278794402395, -2]
189	[-59.855278794402395, -2]
189	[-59.855278794402395, -2]
189	[-59.855278794402395, -2]
189	[-59.855278794402395, -2]
189	[-59.855278794402395, -2]
189	[-59.855278794402395, -2]
189	[-59.855278794402395, -2]
189	[-59.855278794402395, -2]
189	[-59.855278794402395, -2]
189	[-59.855278794402395, -2]
189	[-59.855278794402395, -2]
189	[-59.855278794402395, -2]
190	[-59.858592380704835, 0]
190	[-59.858592380704835, 0]
190	[-59.855278794402395, -2]
190	[-59.855278794402395, -2]
190	[-59.855278794402395, -2]
190	[-59.855278794402395, -2]
190	[-59.855278794402395, -2]
190	[-59.855278794402395, -2]
190	[-59.855278794402395, -2]
190	[-59.855278794402395, -2]
190	[-59.855278794402395, -2]
190	[-59.855278794402395, -2]
190	[-59.855278794402395, -2]
190	[-59.855278794402395, -2]
190	[-59.855278794402395, -2]
190	[-59.855278794402395, -2]
190	[-59.855278794402395, -2]
190	[-59.855278794402395, -2]
190	[-59.855278794402395, -2]
190	[-59.855278794402395, -2]
190	[-59.855278794402395, -2]
190	[-59.855278794402395, -2]
190	[-59.855278794402395, -2]
190	[-59.855278794402395, -2]
190	[-59.855278794402395, -2]
190	[-59.855278794402395, -2]
190	[-59.855278794402395, -2]
190	[-59.855278794402395, -2]
190	[-59.855278794402395, -2]
190	[-59.855278794402395, -2]
190	[-59.855278794402395, -2]
190	[-59.855278794402395, -2]
190	[-59.855278794402395, -2]
190	[-59.855278794402395, -2]
190	[-59.855278794402395, -2]
190	[-59.855278794402395, -2]
190	[-59.855278794402395, -2]
190	[-59.855278794402395, -2]
190	[-59.855278794402395, -2]
190	[-59.855278794402395, -2]
190	[-59.855278794402395, -2]
190	[-59.855278794402395, -2]
190	[-59.855278794402395, -2]
190	[-59.855278794402395, -2]
190	[-59.855278794402395, -2]
190	[-59.855278794402395, -2]
190	[-59.855278794402395, -2]
190	[-59.855278794402395, -2]
190	[-59.855278794402395, -2]
190	[-59.855278794402395, -2]
190	[-59.855278794402395, -2]
190	[-59.855278794402395, -2]
190	[-59.855278794402395, -2]
190	[-59.855278794402395, -2]
190	[-59.855278794402395, -2]
190	[-59.855278794402395, -2]
190	[-59.855278794402395, -2]
190	[-59.855278794402395, -2]
190	[-59.855278794402395, -2]
190	[-59.855278794402395, -2]
190	[-59.855278794402395, -2]
190	[-59.855278794402395, -2]
190	[-59.855278794402395, -2]
190	[-59.855278794402395, -2]
190	[-59.855278794402395, -2]
190	[-59.855278794402395, -2]
190	[-59.855278794402395, -2]
190	[-59.855278794402395, -2]
190	[-59.855278794402395, -2]
190	[-59.855278794402395, -2]
190	[-59.855278794402395, -2]
190	[-59.855278794402395, -2]
190	[-59.855278794402395, -2]
190	[-59.855278794402395, -2]
190	[-59.855278794402395, -2]
190	[-59.855278794402395, -2]
190	[-59.855278794402395, -2]
190	[-59.855278794402395, -2]
190	[-59.855278794402395, -2]
190	[-59.855278794402395, -2]
191	[-59.858592380704835, 0]
191	[-59.858592380704835, 0]
191	[-59.858592380704835, 0]
191	[-59.855278794402395, -2]
191	[-59.855278794402395, -2]
191	[-59.855278794402395, -2]
191	[-59.855278794402395, -2]
191	[-59.855278794402395, -2]
191	[-59.855278794402395, -2]
191	[-59.855278794402395, -2]
191	[-59.855278794402395, -2]
191	[-59.855278794402395, -2]
191	[-59.855278794402395, -2]
191	[-59.855278794402395, -2]
191	[-59.855278794402395, -2]
191	[-59.855278794402395, -2]
191	[-59.855278794402395, -2]
191	[-59.855278794402395, -2]
191	[-59.855278794402395, -2]
191	[-59.855278794402395, -2]
191	[-59.855278794402395, -2]
191	[-59.855278794402395, -2]
191	[-59.855278794402395, -2]
191	[-59.855278794402395, -2]
191	[-59.855278794402395, -2]
191	[-59.855278794402395, -2]
191	[-59.855278794402395, -2]
191	[-59.855278794402395, -2]
191	[-59.855278794402395, -2]
191	[-59.855278794402395, -2]
191	[-59.855278794402395, -2]
191	[-59.855278794402395, -2]
191	[-59.855278794402395, -2]
191	[-59.855278794402395, -2]
191	[-59.855278794402395, -2]
191	[-59.855278794402395, -2]
191	[-59.855278794402395, -2]
191	[-59.855278794402395, -2]
191	[-59.855278794402395, -2]
191	[-59.855278794402395, -2]
191	[-59.855278794402395, -2]
191	[-59.855278794402395, -2]
191	[-59.855278794402395, -2]
191	[-59.855278794402395, -2]
191	[-59.855278794402395, -2]
191	[-59.855278794402395, -2]
191	[-59.855278794402395, -2]
191	[-59.855278794402395, -2]
191	[-59.855278794402395, -2]
191	[-59.855278794402395, -2]
191	[-59.855278794402395, -2]
191	[-59.855278794402395, -2]
191	[-59.855278794402395, -2]
191	[-59.855278794402395, -2]
191	[-59.855278794402395, -2]
191	[-59.855278794402395, -2]
191	[-59.855278794402395, -2]
191	[-59.855278794402395, -2]
191	[-59.855278794402395, -2]
191	[-59.855278794402395, -2]
191	[-59.855278794402395, -2]
191	[-59.855278794402395, -2]
191	[-59.855278794402395, -2]
191	[-59.855278794402395, -2]
191	[-59.855278794402395, -2]
191	[-59.855278794402395, -2]
191	[-59.855278794402395, -2]
191	[-59.855278794402395, -2]
191	[-59.855278794402395, -2]
191	[-59.855278794402395, -2]
191	[-59.855278794402395, -2]
191	[-59.855278794402395, -2]
191	[-59.855278794402395, -2]
191	[-59.855278794402395, -2]
191	[-59.855278794402395, -2]
191	[-59.855278794402395, -2]
191	[-59.855278794402395, -2]
191	[-59.855278794402395, -2]
191	[-59.855278794402395, -2]
191	[-59.855278794402395, -2]
192	[-59.858592380704835, 0]
192	[-59.858592380704835, 0]
192	[-59.858592380704835, 0]
192	[-59.858592380704835, 0]
192	[-59.858592380704835, 0]
192	[-59.858592380704835, 0]
192	[-59.858592380704835, 0]
192	[-59.855278794402395, -2]
192	[-59.855278794402395, -2]
192	[-59.855278794402395, -2]
192	[-59.855278794402395, -2]
192	[-59.855278794402395, -2]
192	[-59.855278794402395, -2]
192	[-59.855278794402395, -2]
192	[-59.855278794402395, -2]
192	[-59.855278794402395, -2]
192	[-59.855278794402395, -2]
192	[-59.855278794402395, -2]
192	[-59.855278794402395, -2]
192	[-59.855278794402395, -2]
192	[-59.855278794402395, -2]
192	[-59.855278794402395, -2]
192	[-59.855278794402395, -2]
192	[-59.855278794402395, -2]
192	[-59.855278794402395, -2]
192	[-59.855278794402395, -2]
192	[-59.855278794402395, -2]
192	[-59.855278794402395, -2]
192	[-59.855278794402395, -2]
192	[-59.855278794402395, -2]
192	[-59.855278794402395, -2]
192	[-59.855278794402395, -2]
192	[-59.855278794402395, -2]
192	[-59.855278794402395, -2]
192	[-59.855278794402395, -2]
192	[-59.855278794402395, -2]
192	[-59.855278794402395, -2]
192	[-59.855278794402395, -2]
192	[-59.855278794402395, -2]
192	[-59.855278794402395, -2]
192	[-59.855278794402395, -2]
192	[-59.855278794402395, -2]
192	[-59.855278794402395, -2]
192	[-59.855278794402395, -2]
192	[-59.855278794402395, -2]
192	[-59.855278794402395, -2]
192	[-59.855278794402395, -2]
192	[-59.855278794402395, -2]
192	[-59.855278794402395, -2]
192	[-59.855278794402395, -2]
192	[-59.855278794402395, -2]
192	[-59.855278794402395, -2]
192	[-59.855278794402395, -2]
192	[-59.855278794402395, -2]
192	[-59.855278794402395, -2]
192	[-59.855278794402395, -2]
192	[-59.855278794402395, -2]
192	[-59.855278794402395, -2]
192	[-59.855278794402395, -2]
192	[-59.855278794402395, -2]
192	[-59.855278794402395, -2]
192	[-59.855278794402395, -2]
192	[-59.855278794402395, -2]
192	[-59.855278794402395, -2]
192	[-59.855278794402395, -2]
192	[-59.855278794402395, -2]
192	[-59.855278794402395, -2]
192	[-59.855278794402395, -2]
192	[-59.855278794402395, -2]
192	[-59.855278794402395, -2]
192	[-59.855278794402395, -2]
192	[-59.855278794402395, -2]
192	[-59.855278794402395, -2]
192	[-59.855278794402395, -2]
192	[-59.855278794402395, -2]
192	[-59.855278794402395, -2]
192	[-59.855278794402395, -2]
192	[-59.855278794402395, -2]
192	[-59.855278794402395, -2]
192	[-59.855278794402395, -2]
193	[-59.858592380704835, 0]
193	[-59.858592380704835, 0]
193	[-59.858592380704835, 0]
193	[-59.858592380704835, 0]
193	[-59.858592380704835, 0]
193	[-59.858592380704835, 0]
193	[-59.858592380704835, 0]
193	[-59.858592380704835, 0]
193	[-59.855278794402395, -2]
193	[-59.855278794402395, -2]
193	[-59.855278794402395, -2]
193	[-59.855278794402395, -2]
193	[-59.855278794402395, -2]
193	[-59.855278794402395, -2]
193	[-59.855278794402395, -2]
193	[-59.855278794402395, -2]
193	[-59.855278794402395, -2]
193	[-59.855278794402395, -2]
193	[-59.855278794402395, -2]
193	[-59.855278794402395, -2]
193	[-59.855278794402395, -2]
193	[-59.855278794402395, -2]
193	[-59.855278794402395, -2]
193	[-59.855278794402395, -2]
193	[-59.855278794402395, -2]
193	[-59.855278794402395, -2]
193	[-59.855278794402395, -2]
193	[-59.855278794402395, -2]
193	[-59.855278794402395, -2]
193	[-59.855278794402395, -2]
193	[-59.855278794402395, -2]
193	[-59.855278794402395, -2]
193	[-59.855278794402395, -2]
193	[-59.855278794402395, -2]
193	[-59.855278794402395, -2]
193	[-59.855278794402395, -2]
193	[-59.855278794402395, -2]
193	[-59.855278794402395, -2]
193	[-59.855278794402395, -2]
193	[-59.855278794402395, -2]
193	[-59.855278794402395, -2]
193	[-59.855278794402395, -2]
193	[-59.855278794402395, -2]
193	[-59.855278794402395, -2]
193	[-59.855278794402395, -2]
193	[-59.855278794402395, -2]
193	[-59.855278794402395, -2]
193	[-59.855278794402395, -2]
193	[-59.855278794402395, -2]
193	[-59.855278794402395, -2]
193	[-59.855278794402395, -2]
193	[-59.855278794402395, -2]
193	[-59.855278794402395, -2]
193	[-59.855278794402395, -2]
193	[-59.855278794402395, -2]
193	[-59.855278794402395, -2]
193	[-59.855278794402395, -2]
193	[-59.855278794402395, -2]
193	[-59.855278794402395, -2]
193	[-59.855278794402395, -2]
193	[-59.855278794402395, -2]
193	[-59.855278794402395, -2]
193	[-59.855278794402395, -2]
193	[-59.855278794402395, -2]
193	[-59.855278794402395, -2]
193	[-59.855278794402395, -2]
193	[-59.855278794402395, -2]
193	[-59.855278794402395, -2]
193	[-59.855278794402395, -2]
193	[-59.855278794402395, -2]
193	[-59.855278794402395, -2]
193	[-59.855278794402395, -2]
193	[-59.855278794402395, -2]
193	[-59.855278794402395, -2]
193	[-59.855278794402395, -2]
193	[-59.855278794402395, -2]
193	[-59.855278794402395, -2]
193	[-59.855278794402395, -2]
193	[-59.855278794402395, -2]
193	[-59.855278794402395, -2]
194	[-59.858592380704835, 0]
194	[-59.858592380704835, 0]
194	[-59.858592380704835, 0]
194	[-59.858592380704835, 0]
194	[-59.858592380704835, 0]
194	[-59.858592380704835, 0]
194	[-59.858592380704835, 0]
194	[-59.858592380704835, 0]
194	[-59.858592380704835, 0]
194	[-59.858592380704835, 0]
194	[-59.855278794402395, -2]
194	[-59.855278794402395, -2]
194	[-59.855278794402395, -2]
194	[-59.855278794402395, -2]
194	[-59.855278794402395, -2]
194	[-59.855278794402395, -2]
194	[-59.855278794402395, -2]
194	[-59.855278794402395, -2]
194	[-59.855278794402395, -2]
194	[-59.855278794402395, -2]
194	[-59.855278794402395, -2]
194	[-59.855278794402395, -2]
194	[-59.855278794402395, -2]
194	[-59.855278794402395, -2]
194	[-59.855278794402395, -2]
194	[-59.855278794402395, -2]
194	[-59.855278794402395, -2]
194	[-59.855278794402395, -2]
194	[-59.855278794402395, -2]
194	[-59.855278794402395, -2]
194	[-59.855278794402395, -2]
194	[-59.855278794402395, -2]
194	[-59.855278794402395, -2]
194	[-59.855278794402395, -2]
194	[-59.855278794402395, -2]
194	[-59.855278794402395, -2]
194	[-59.855278794402395, -2]
194	[-59.855278794402395, -2]
194	[-59.855278794402395, -2]
194	[-59.855278794402395, -2]
194	[-59.855278794402395, -2]
194	[-59.855278794402395, -2]
194	[-59.855278794402395, -2]
194	[-59.855278794402395, -2]
194	[-59.855278794402395, -2]
194	[-59.855278794402395, -2]
194	[-59.855278794402395, -2]
194	[-59.855278794402395, -2]
194	[-59.855278794402395, -2]
194	[-59.855278794402395, -2]
194	[-59.855278794402395, -2]
194	[-59.855278794402395, -2]
194	[-59.855278794402395, -2]
194	[-59.855278794402395, -2]
194	[-59.855278794402395, -2]
194	[-59.855278794402395, -2]
194	[-59.855278794402395, -2]
194	[-59.855278794402395, -2]
194	[-59.855278794402395, -2]
194	[-59.855278794402395, -2]
194	[-59.855278794402395, -2]
194	[-59.855278794402395, -2]
194	[-59.855278794402395, -2]
194	[-59.855278794402395, -2]
194	[-59.855278794402395, -2]
194	[-59.855278794402395, -2]
194	[-59.855278794402395, -2]
194	[-59.855278794402395, -2]
194	[-59.855278794402395, -2]
194	[-59.855278794402395, -2]
194	[-59.855278794402395, -2]
194	[-59.855278794402395, -2]
194	[-59.855278794402395, -2]
194	[-59.855278794402395, -2]
194	[-59.855278794402395, -2]
194	[-59.855278794402395, -2]
194	[-59.855278794402395, -2]
194	[-59.855278794402395, -2]
194	[-59.855278794402395, -2]
194	[-59.855278794402395, -2]
195	[-59.858592380704835, 0]
195	[-59.858592380704835, 0]
195	[-59.858592380704835, 0]
195	[-59.858592380704835, 0]
195	[-59.858592380704835, 0]
195	[-59.858592380704835, 0]
195	[-59.858592380704835, 0]
195	[-59.858592380704835, 0]
195	[-59.858592380704835, 0]
195	[-59.858592380704835, 0]
195	[-59.858592380704835, 0]
195	[-59.858592380704835, 0]
195	[-59.858592380704835, 0]
195	[-59.855278794402395, -2]
195	[-59.855278794402395, -2]
195	[-59.855278794402395, -2]
195	[-59.855278794402395, -2]
195	[-59.855278794402395, -2]
195	[-59.855278794402395, -2]
195	[-59.855278794402395, -2]
195	[-59.855278794402395, -2]
195	[-59.855278794402395, -2]
195	[-59.855278794402395, -2]
195	[-59.855278794402395, -2]
195	[-59.855278794402395, -2]
195	[-59.855278794402395, -2]
195	[-59.855278794402395, -2]
195	[-59.855278794402395, -2]
195	[-59.855278794402395, -2]
195	[-59.855278794402395, -2]
195	[-59.855278794402395, -2]
195	[-59.855278794402395, -2]
195	[-59.855278794402395, -2]
195	[-59.855278794402395, -2]
195	[-59.855278794402395, -2]
195	[-59.855278794402395, -2]
195	[-59.855278794402395, -2]
195	[-59.855278794402395, -2]
195	[-59.855278794402395, -2]
195	[-59.855278794402395, -2]
195	[-59.855278794402395, -2]
195	[-59.855278794402395, -2]
195	[-59.855278794402395, -2]
195	[-59.855278794402395, -2]
195	[-59.855278794402395, -2]
195	[-59.855278794402395, -2]
195	[-59.855278794402395, -2]
195	[-59.855278794402395, -2]
195	[-59.855278794402395, -2]
195	[-59.855278794402395, -2]
195	[-59.855278794402395, -2]
195	[-59.855278794402395, -2]
195	[-59.855278794402395, -2]
195	[-59.855278794402395, -2]
195	[-59.855278794402395, -2]
195	[-59.855278794402395, -2]
195	[-59.855278794402395, -2]
195	[-59.855278794402395, -2]
195	[-59.855278794402395, -2]
195	[-59.855278794402395, -2]
195	[-59.855278794402395, -2]
195	[-59.855278794402395, -2]
195	[-59.855278794402395, -2]
195	[-59.855278794402395, -2]
195	[-59.855278794402395, -2]
195	[-59.855278794402395, -2]
195	[-59.855278794402395, -2]
195	[-59.855278794402395, -2]
195	[-59.855278794402395, -2]
195	[-59.855278794402395, -2]
195	[-59.855278794402395, -2]
195	[-59.855278794402395, -2]
195	[-59.855278794402395, -2]
195	[-59.855278794402395, -2]
195	[-59.855278794402395, -2]
195	[-59.855278794402395, -2]
195	[-59.855278794402395, -2]
195	[-59.855278794402395, -2]
195	[-59.855278794402395, -2]
195	[-59.855278794402395, -2]
196	[-59.858592380704835, 0]
196	[-59.858592380704835, 0]
196	[-59.858592380704835, 0]
196	[-59.858592380704835, 0]
196	[-59.858592380704835, 0]
196	[-59.858592380704835, 0]
196	[-59.858592380704835, 0]
196	[-59.858592380704835, 0]
196	[-59.858592380704835, 0]
196	[-59.858592380704835, 0]
196	[-59.858592380704835, 0]
196	[-59.858592380704835, 0]
196	[-59.858592380704835, 0]
196	[-59.858592380704835, 0]
196	[-59.858592380704835, 0]
196	[-59.858592380704835, 0]
196	[-59.858592380704835, 0]
196	[-59.855278794402395, -2]
196	[-59.855278794402395, -2]
196	[-59.855278794402395, -2]
196	[-59.855278794402395, -2]
196	[-59.855278794402395, -2]
196	[-59.855278794402395, -2]
196	[-59.855278794402395, -2]
196	[-59.855278794402395, -2]
196	[-59.855278794402395, -2]
196	[-59.855278794402395, -2]
196	[-59.855278794402395, -2]
196	[-59.855278794402395, -2]
196	[-59.855278794402395, -2]
196	[-59.855278794402395, -2]
196	[-59.855278794402395, -2]
196	[-59.855278794402395, -2]
196	[-59.855278794402395, -2]
196	[-59.855278794402395, -2]
196	[-59.855278794402395, -2]
196	[-59.855278794402395, -2]
196	[-59.855278794402395, -2]
196	[-59.855278794402395, -2]
196	[-59.855278794402395, -2]
196	[-59.855278794402395, -2]
196	[-59.855278794402395, -2]
196	[-59.855278794402395, -2]
196	[-59.855278794402395, -2]
196	[-59.855278794402395, -2]
196	[-59.855278794402395, -2]
196	[-59.855278794402395, -2]
196	[-59.855278794402395, -2]
196	[-59.855278794402395, -2]
196	[-59.855278794402395, -2]
196	[-59.855278794402395, -2]
196	[-59.855278794402395, -2]
196	[-59.855278794402395, -2]
196	[-59.855278794402395, -2]
196	[-59.855278794402395, -2]
196	[-59.855278794402395, -2]
196	[-59.855278794402395, -2]
196	[-59.855278794402395, -2]
196	[-59.855278794402395, -2]
196	[-59.855278794402395, -2]
196	[-59.855278794402395, -2]
196	[-59.855278794402395, -2]
196	[-59.855278794402395, -2]
196	[-59.855278794402395, -2]
196	[-59.855278794402395, -2]
196	[-59.855278794402395, -2]
196	[-59.855278794402395, -2]
196	[-59.855278794402395, -2]
196	[-59.855278794402395, -2]
196	[-59.855278794402395, -2]
196	[-59.855278794402395, -2]
196	[-59.855278794402395, -2]
196	[-59.855278794402395, -2]
196	[-59.855278794402395, -2]
196	[-59.855278794402395, -2]
196	[-59.855278794402395, -2]
196	[-59.855278794402395, -2]
196	[-59.855278794402395, -2]
196	[-59.855278794402395, -2]
196	[-59.855278794402395, -2]
197	[-59.858592380704835, 0]
197	[-59.858592380704835, 0]
197	[-59.858592380704835, 0]
197	[-59.858592380704835, 0]
197	[-59.858592380704835, 0]
197	[-59.858592380704835, 0]
197	[-59.858592380704835, 0]
197	[-59.858592380704835, 0]
197	[-59.858592380704835, 0]
197	[-59.858592380704835, 0]
197	[-59.858592380704835, 0]
197	[-59.858592380704835, 0]
197	[-59.858592380704835, 0]
197	[-59.858592380704835, 0]
197	[-59.858592380704835, 0]
197	[-59.858592380704835, 0]
197	[-59.858592380704835, 0]
197	[-59.855278794402395, -2]
197	[-59.855278794402395, -2]
197	[-59.855278794402395, -2]
197	[-59.855278794402395, -2]
197	[-59.855278794402395, -2]
197	[-59.855278794402395, -2]
197	[-59.855278794402395, -2]
197	[-59.855278794402395, -2]
197	[-59.855278794402395, -2]
197	[-59.855278794402395, -2]
197	[-59.855278794402395, -2]
197	[-59.855278794402395, -2]
197	[-59.855278794402395, -2]
197	[-59.855278794402395, -2]
197	[-59.855278794402395, -2]
197	[-59.855278794402395, -2]
197	[-59.855278794402395, -2]
197	[-59.855278794402395, -2]
197	[-59.855278794402395, -2]
197	[-59.855278794402395, -2]
197	[-59.855278794402395, -2]
197	[-59.855278794402395, -2]
197	[-59.855278794402395, -2]
197	[-59.855278794402395, -2]
197	[-59.855278794402395, -2]
197	[-59.855278794402395, -2]
197	[-59.855278794402395, -2]
197	[-59.855278794402395, -2]
197	[-59.855278794402395, -2]
197	[-59.855278794402395, -2]
197	[-59.855278794402395, -2]
197	[-59.855278794402395, -2]
197	[-59.855278794402395, -2]
197	[-59.855278794402395, -2]
197	[-59.855278794402395, -2]
197	[-59.855278794402395, -2]
197	[-59.855278794402395, -2]
197	[-59.855278794402395, -2]
197	[-59.855278794402395, -2]
197	[-59.855278794402395, -2]
197	[-59.855278794402395, -2]
197	[-59.855278794402395, -2]
197	[-59.855278794402395, -2]
197	[-59.855278794402395, -2]
197	[-59.855278794402395, -2]
197	[-59.855278794402395, -2]
197	[-59.855278794402395, -2]
197	[-59.855278794402395, -2]
197	[-59.855278794402395, -2]
197	[-59.855278794402395, -2]
197	[-59.855278794402395, -2]
197	[-59.855278794402395, -2]
197	[-59.855278794402395, -2]
197	[-59.855278794402395, -2]
197	[-59.855278794402395, -2]
197	[-59.855278794402395, -2]
197	[-59.855278794402395, -2]
197	[-59.855278794402395, -2]
197	[-59.855278794402395, -2]
197	[-59.855278794402395, -2]
197	[-59.855278794402395, -2]
197	[-59.855278794402395, -2]
197	[-59.855278794402395, -2]
198	[-59.858592380704835, 0]
198	[-59.858592380704835, 0]
198	[-59.858592380704835, 0]
198	[-59.858592380704835, 0]
198	[-59.858592380704835, 0]
198	[-59.858592380704835, 0]
198	[-59.858592380704835, 0]
198	[-59.858592380704835, 0]
198	[-59.858592380704835, 0]
198	[-59.858592380704835, 0]
198	[-59.858592380704835, 0]
198	[-59.858592380704835, 0]
198	[-59.858592380704835, 0]
198	[-59.858592380704835, 0]
198	[-59.858592380704835, 0]
198	[-59.858592380704835, 0]
198	[-59.858592380704835, 0]
198	[-59.858592380704835, 0]
198	[-59.858592380704835, 0]
198	[-59.858592380704835, 0]
198	[-59.858592380704835, 0]
198	[-59.858592380704835, 0]
198	[-59.858592380704835, 0]
198	[-59.855278794402395, -2]
198	[-59.855278794402395, -2]
198	[-59.855278794402395, -2]
198	[-59.855278794402395, -2]
198	[-59.855278794402395, -2]
198	[-59.855278794402395, -2]
198	[-59.855278794402395, -2]
198	[-59.855278794402395, -2]
198	[-59.855278794402395, -2]
198	[-59.855278794402395, -2]
198	[-59.855278794402395, -2]
198	[-59.855278794402395, -2]
198	[-59.855278794402395, -2]
198	[-59.855278794402395, -2]
198	[-59.855278794402395, -2]
198	[-59.855278794402395, -2]
198	[-59.855278794402395, -2]
198	[-59.855278794402395, -2]
198	[-59.855278794402395, -2]
198	[-59.855278794402395, -2]
198	[-59.855278794402395, -2]
198	[-59.855278794402395, -2]
198	[-59.855278794402395, -2]
198	[-59.855278794402395, -2]
198	[-59.855278794402395, -2]
198	[-59.855278794402395, -2]
198	[-59.855278794402395, -2]
198	[-59.855278794402395, -2]
198	[-59.855278794402395, -2]
198	[-59.855278794402395, -2]
198	[-59.855278794402395, -2]
198	[-59.855278794402395, -2]
198	[-59.855278794402395, -2]
198	[-59.855278794402395, -2]
198	[-59.855278794402395, -2]
198	[-59.855278794402395, -2]
198	[-59.855278794402395, -2]
198	[-59.855278794402395, -2]
198	[-59.855278794402395, -2]
198	[-59.855278794402395, -2]
198	[-59.855278794402395, -2]
198	[-59.855278794402395, -2]
198	[-59.855278794402395, -2]
198	[-59.855278794402395, -2]
198	[-59.855278794402395, -2]
198	[-59.855278794402395, -2]
198	[-59.855278794402395, -2]
198	[-59.855278794402395, -2]
198	[-59.855278794402395, -2]
198	[-59.855278794402395, -2]
198	[-59.855278794402395, -2]
198	[-59.855278794402395, -2]
198	[-59.855278794402395, -2]
198	[-59.855278794402395, -2]
198	[-59.855278794402395, -2]
198	[-59.855278794402395, -2]
198	[-59.855278794402395, -2]
199	[-59.858592380704835, 0]
199	[-59.858592380704835, 0]
199	[-59.858592380704835, 0]
199	[-59.858592380704835, 0]
199	[-59.858592380704835, 0]
199	[-59.858592380704835, 0]
199	[-59.858592380704835, 0]
199	[-59.858592380704835, 0]
199	[-59.858592380704835, 0]
199	[-59.858592380704835, 0]
199	[-59.858592380704835, 0]
199	[-59.858592380704835, 0]
199	[-59.858592380704835, 0]
199	[-59.858592380704835, 0]
199	[-59.858592380704835, 0]
199	[-59.858592380704835, 0]
199	[-59.858592380704835, 0]
199	[-59.858592380704835, 0]
199	[-59.858592380704835, 0]
199	[-59.858592380704835, 0]
199	[-59.858592380704835, 0]
199	[-59.858592380704835, 0]
199	[-59.858592380704835, 0]
199	[-59.858592380704835, 0]
199	[-59.858592380704835, 0]
199	[-59.858592380704835, 0]
199	[-59.858592380704835, 0]
199	[-59.858592380704835, 0]
199	[-59.858592380704835, 0]
199	[-59.855278794402395, -2]
199	[-59.855278794402395, -2]
199	[-59.855278794402395, -2]
199	[-59.855278794402395, -2]
199	[-59.855278794402395, -2]
199	[-59.855278794402395, -2]
199	[-59.855278794402395, -2]
199	[-59.855278794402395, -2]
199	[-59.855278794402395, -2]
199	[-59.855278794402395, -2]
199	[-59.855278794402395, -2]
199	[-59.855278794402395, -2]
199	[-59.855278794402395, -2]
199	[-59.855278794402395, -2]
199	[-59.855278794402395, -2]
199	[-59.855278794402395, -2]
199	[-59.855278794402395, -2]
199	[-59.855278794402395, -2]
199	[-59.855278794402395, -2]
199	[-59.855278794402395, -2]
199	[-59.855278794402395, -2]
199	[-59.855278794402395, -2]
199	[-59.855278794402395, -2]
199	[-59.855278794402395, -2]
199	[-59.855278794402395, -2]
199	[-59.855278794402395, -2]
199	[-59.855278794402395, -2]
199	[-59.855278794402395, -2]
199	[-59.855278794402395, -2]
199	[-59.855278794402395, -2]
199	[-59.855278794402395, -2]
199	[-59.855278794402395, -2]
199	[-59.855278794402395, -2]
199	[-59.855278794402395, -2]
199	[-59.855278794402395, -2]
199	[-59.855278794402395, -2]
199	[-59.855278794402395, -2]
199	[-59.855278794402395, -2]
199	[-59.855278794402395, -2]
199	[-59.855278794402395, -2]
199	[-59.855278794402395, -2]
199	[-59.855278794402395, -2]
199	[-59.855278794402395, -2]
199	[-59.855278794402395, -2]
199	[-59.855278794402395, -2]
199	[-59.855278794402395, -2]
199	[-59.855278794402395, -2]
199	[-59.855278794402395, -2]
199	[-59.855278794402395, -2]
199	[-59.855278794402395, -2]
199	[-59.855278794402395, -2]
200	[-59.858592380704835, 0]
200	[-59.858592380704835, 0]
200	[-59.858592380704835, 0]
200	[-59.858592380704835, 0]
200	[-59.858592380704835, 0]
200	[-59.858592380704835, 0]
200	[-59.858592380704835, 0]
200	[-59.858592380704835, 0]
200	[-59.858592380704835, 0]
200	[-59.858592380704835, 0]
200	[-59.858592380704835, 0]
200	[-59.858592380704835, 0]
200	[-59.858592380704835, 0]
200	[-59.858592380704835, 0]
200	[-59.858592380704835, 0]
200	[-59.858592380704835, 0]
200	[-59.858592380704835, 0]
200	[-59.858592380704835, 0]
200	[-59.858592380704835, 0]
200	[-59.858592380704835, 0]
200	[-59.858592380704835, 0]
200	[-59.858592380704835, 0]
200	[-59.858592380704835, 0]
200	[-59.858592380704835, 0]
200	[-59.858592380704835, 0]
200	[-59.858592380704835, 0]
200	[-59.858592380704835, 0]
200	[-59.858592380704835, 0]
200	[-59.858592380704835, 0]
200	[-59.858592380704835, 0]
200	[-59.858592380704835, 0]
200	[-59.858592380704835, 0]
200	[-59.855278794402395, -2]
200	[-59.855278794402395, -2]
200	[-59.855278794402395, -2]
200	[-59.855278794402395, -2]
200	[-59.855278794402395, -2]
200	[-59.855278794402395, -2]
200	[-59.855278794402395, -2]
200	[-59.855278794402395, -2]
200	[-59.855278794402395, -2]
200	[-59.855278794402395, -2]
200	[-59.855278794402395, -2]
200	[-59.855278794402395, -2]
200	[-59.855278794402395, -2]
200	[-59.855278794402395, -2]
200	[-59.855278794402395, -2]
200	[-59.855278794402395, -2]
200	[-59.855278794402395, -2]
200	[-59.855278794402395, -2]
200	[-59.855278794402395, -2]
200	[-59.855278794402395, -2]
200	[-59.855278794402395, -2]
200	[-59.855278794402395, -2]
200	[-59.855278794402395, -2]
200	[-59.855278794402395, -2]
200	[-59.855278794402395, -2]
200	[-59.855278794402395, -2]
200	[-59.855278794402395, -2]
200	[-59.855278794402395, -2]
200	[-59.855278794402395, -2]
200	[-59.855278794402395, -2]
200	[-59.855278794402395, -2]
200	[-59.855278794402395, -2]
200	[-59.855278794402395, -2]
200	[-59.855278794402395, -2]
200	[-59.855278794402395, -2]
200	[-59.855278794402395, -2]
200	[-59.855278794402395, -2]
200	[-59.855278794402395, -2]
200	[-59.855278794402395, -2]
200	[-59.855278794402395, -2]
200	[-59.855278794402395, -2]
200	[-59.855278794402395, -2]
200	[-59.855278794402395, -2]
200	[-59.855278794402395, -2]
200	[-59.855278794402395, -2]
200	[-59.855278794402395, -2]
200	[-59.855278794402395, -2]
200	[-59.855278794402395, -2]
201	[-59.84761503941328, 0]
202	[-59.84761503941328, 0]
203	[-59.84761503941328, 0]
203	[-59.84761503941328, 0]
204	[-59.84761503941328, 0]
204	[-59.84761503941328, 0]
205	[-59.84761503941328, 0]
205	[-59.84761503941328, 0]
205	[-59.84761503941328, 0]
205	[-59.84761503941328, 0]
206	[-59.78301085126628, 0]
207	[-59.78301085126628, 0]
207	[-59.78301085126628, 0]
207	[-59.78301085126628, 0]
208	[-59.78301085126628, 0]
208	[-59.78301085126628, 0]
208	[-59.78301085126628, 0]
208	[-59.78301085126628, 0]
208	[-59.78301085126628, 0]
208	[-59.78301085126628, 0]
208	[-59.78301085126628, 0]
209	[-59.78301085126628, 0]
209	[-59.78301085126628, 0]
209	[-59.78301085126628, 0]
209	[-59.78301085126628, 0]
209	[-59.78301085126628, 0]
209	[-59.78301085126628, 0]
209	[-59.78301085126628, 0]
209	[-59.78301085126628, 0]
209	[-59.78301085126628, 0]
209	[-59.78301085126628, 0]
209	[-59.78301085126628, 0]
209	[-59.78301085126628, 0]
209	[-59.78301085126628, 0]
209	[-59.78301085126628, 0]
209	[-59.78301085126628, 0]
210	[-59.78301085126628, 0]
210	[-59.78301085126628, 0]
210	[-59.78301085126628, 0]
210	[-59.78301085126628, 0]
210	[-59.78301085126628, 0]
210	[-59.78301085126628, 0]
210	[-59.78301085126628, 0]
210	[-59.78301085126628, 0]
210	[-59.78301085126628, 0]
210	[-59.78301085126628, 0]
210	[-59.78301085126628, 0]
210	[-59.78301085126628, 0]
210	[-59.78301085126628, 0]
210	[-59.78301085126628, 0]
210	[-59.78301085126628, 0]
210	[-59.78301085126628, 0]
210	[-59.78301085126628, 0]
210	[-59.78301085126628, 0]
210	[-59.78301085126628, 0]
210	[-59.78301085126628, 0]
210	[-59.78301085126628, 0]
210	[-59.78301085126628, 0]
211	[-59.78301085126628, 0]
211	[-59.78301085126628, 0]
211	[-59.78301085126628, 0]
211	[-59.78301085126628, 0]
211	[-59.78301085126628, 0]
211	[-59.78301085126628, 0]
211	[-59.78301085126628, 0]
211	[-59.78301085126628, 0]
211	[-59.78301085126628, 0]
211	[-59.78301085126628, 0]
211	[-59.78301085126628, 0]
211	[-59.78301085126628, 0]
211	[-59.78301085126628, 0]
211	[-59.78301085126628, 0]
211	[-59.78301085126628, 0]
211	[-59.78301085126628, 0]
211	[-59.78301085126628, 0]
211	[-59.78301085126628, 0]
211	[-59.78301085126628, 0]
211	[-59.78301085126628, 0]
211	[-59.78301085126628, 0]
211	[-59.78301085126628, 0]
211	[-59.78301085126628, 0]
211	[-59.78301085126628, 0]
211	[-59.78301085126628, 0]
211	[-59.78301085126628, 0]
211	[-59.78301085126628, 0]
211	[-59.78301085126628, 0]
211	[-59.78301085126628, 0]
211	[-59.78301085126628, 0]
211	[-59.78301085126628, 0]
211	[-59.78301085126628, 0]
211	[-59.78301085126628, 0]
211	[-59.78301085126628, 0]
211	[-59.78301085126628, 0]
211	[-59.78301085126628, 0]
211	[-59.78301085126628, 0]
211	[-59.78301085126628, 0]
212	[-59.742750533066896, 0]
213	[-59.742750533066896, 0]
213	[-59.742750533066896, 0]
213	[-59.742750533066896, 0]
213	[-59.742750533066896, 0]
213	[-59.742750533066896, 0]
214	[-59.742750533066896, 0]
214	[-59.742750533066896, 0]
214	[-59.742750533066896, 0]
214	[-59.742750533066896, 0]
214	[-59.742750533066896, 0]
214	[-59.742750533066896, 0]
214	[-59.742750533066896, 0]
214	[-59.742750533066896, 0]
214	[-59.742750533066896, 0]
215	[-59.742750533066896, 0]
215	[-59.742750533066896, 0]
215	[-59.742750533066896, 0]
215	[-59.742750533066896, 0]
215	[-59.742750533066896, 0]
215	[-59.742750533066896, 0]
215	[-59.742750533066896, 0]
215	[-59.742750533066896, 0]
215	[-59.742750533066896, 0]
215	[-59.742750533066896, 0]
215	[-59.742750533066896, 0]
215	[-59.742750533066896, 0]
215	[-59.742750533066896, 0]
215	[-59.742750533066896, 0]
215	[-59.742750533066896, 0]
215	[-59.742750533066896, 0]
215	[-59.742750533066896, 0]
216	[-59.742750533066896, 0]
216	[-59.742750533066896, 0]
216	[-59.742750533066896, 0]
216	[-59.742750533066896, 0]
216	[-59.742750533066896, 0]
216	[-59.742750533066896, 0]
216	[-59.742750533066896, 0]
216	[-59.742750533066896, 0]
216	[-59.742750533066896, 0]
216	[-59.742750533066896, 0]
216	[-59.742750533066896, 0]
216	[-59.742750533066896, 0]
216	[-59.742750533066896, 0]
216	[-59.742750533066896, 0]
216	[-59.742750533066896, 0]
216	[-59.742750533066896, 0]
216	[-59.742750533066896, 0]
216	[-59.742750533066896, 0]
216	[-59.742750533066896, 0]
216	[-59.742750533066896, 0]
216	[-59.742750533066896, 0]
216	[-59.742750533066896, 0]
216	[-59.742750533066896, 0]
217	[-59.742750533066896, 0]
217	[-59.742750533066896, 0]
217	[-59.742750533066896, 0]
217	[-59.742750533066896, 0]
217	[-59.742750533066896, 0]
217	[-59.742750533066896, 0]
217	[-59.742750533066896, 0]
217	[-59.742750533066896, 0]
217	[-59.742750533066896, 0]
217	[-59.742750533066896, 0]
217	[-59.742750533066896, 0]
217	[-59.742750533066896, 0]
217	[-59.742750533066896, 0]
217	[-59.742750533066896, 0]
217	[-59.742750533066896, 0]
217	[-59.742750533066896, 0]
217	[-59.742750533066896, 0]
217	[-59.742750533066896, 0]
217	[-59.742750533066896, 0]
217	[-59.742750533066896, 0]
217	[-59.742750533066896, 0]
217	[-59.742750533066896, 0]
217	[-59.742750533066896, 0]
217	[-59.742750533066896, 0]
217	[-59.742750533066896, 0]
217	[-59.742750533066896, 0]
217	[-59.742750533066896, 0]
217	[-59.742750533066896, 0]
217	[-59.742750533066896, 0]
217	[-59.742750533066896, 0]
217	[-59.742750533066896, 0]
217	[-59.742750533066896, 0]
217	[-59.742750533066896, 0]
217	[-59.742750533066896, 0]
217	[-59.742750533066896, 0]
218	[-59.742750533066896, 0]
218	[-59.742750533066896, 0]
218	[-59.742750533066896, 0]
218	[-59.742750533066896, 0]
218	[-59.742750533066896, 0]
218	[-59.742750533066896, 0]
218	[-59.742750533066896, 0]
218	[-59.742750533066896, 0]
218	[-59.742750533066896, 0]
218	[-59.742750533066896, 0]
218	[-59.742750533066896, 0]
218	[-59.742750533066896, 0]
218	[-59.742750533066896, 0]
218	[-59.742750533066896, 0]
218	[-59.742750533066896, 0]
218	[-59.742750533066896, 0]
218	[-59.742750533066896, 0]
218	[-59.742750533066896, 0]
218	[-59.742750533066896, 0]
218	[-59.742750533066896, 0]
218	[-59.742750533066896, 0]
218	[-59.742750533066896, 0]
218	[-59.742750533066896, 0]
218	[-59.742750533066896, 0]
218	[-59.742750533066896, 0]
218	[-59.742750533066896, 0]
218	[-59.742750533066896, 0]
218	[-59.742750533066896, 0]
218	[-59.742750533066896, 0]
218	[-59.742750533066896, 0]
218	[-59.742750533066896, 0]
218	[-59.742750533066896, 0]
218	[-59.742750533066896, 0]
218	[-59.742750533066896, 0]
218	[-59.742750533066896, 0]
218	[-59.742750533066896, 0]
218	[-59.742750533066896, 0]
218	[-59.742750533066896, 0]
218	[-59.742750533066896, 0]
218	[-59.742750533066896, 0]
218	[-59.742750533066896, 0]
218	[-59.742750533066896, 0]
218	[-59.742750533066896, 0]
218	[-59.742750533066896, 0]
218	[-59.742750533066896, 0]
218	[-59.742750533066896, 0]
219	[-59.742750533066896, 0]
219	[-59.742750533066896, 0]
219	[-59.742750533066896, 0]
219	[-59.742750533066896, 0]
219	[-59.742750533066896, 0]
219	[-59.742750533066896, 0]
219	[-59.742750533066896, 0]
219	[-59.742750533066896, 0]
219	[-59.742750533066896, 0]
219	[-59.742750533066896, 0]
219	[-59.742750533066896, 0]
219	[-59.742750533066896, 0]
219	[-59.742750533066896, 0]
219	[-59.742750533066896, 0]
219	[-59.742750533066896, 0]
219	[-59.742750533066896, 0]
219	[-59.742750533066896, 0]
219	[-59.742750533066896, 0]
219	[-59.742750533066896, 0]
219	[-59.742750533066896, 0]
219	[-59.742750533066896, 0]
219	[-59.742750533066896, 0]
219	[-59.742750533066896, 0]
219	[-59.742750533066896, 0]
219	[-59.742750533066896, 0]
219	[-59.742750533066896, 0]
219	[-59.742750533066896, 0]
219	[-59.742750533066896, 0]
219	[-59.742750533066896, 0]
219	[-59.742750533066896, 0]
219	[-59.742750533066896, 0]
219	[-59.742750533066896, 0]
219	[-59.742750533066896, 0]
219	[-59.742750533066896, 0]
219	[-59.742750533066896, 0]
219	[-59.742750533066896, 0]
219	[-59.742750533066896, 0]
219	[-59.742750533066896, 0]
219	[-59.742750533066896, 0]
219	[-59.742750533066896, 0]
219	[-59.742750533066896, 0]
219	[-59.742750533066896, 0]
219	[-59.742750533066896, 0]
219	[-59.742750533066896, 0]
219	[-59.742750533066896, 0]
219	[-59.742750533066896, 0]
219	[-59.742750533066896, 0]
219	[-59.742750533066896, 0]
219	[-59.742750533066896, 0]
219	[-59.742750533066896, 0]
219	[-59.742750533066896, 0]
219	[-59.742750533066896, 0]
219	[-59.742750533066896, 0]
219	[-59.742750533066896, 0]
219	[-59.742750533066896, 0]
219	[-59.742750533066896, 0]
219	[-59.742750533066896, 0]
219	[-59.742750533066896, 0]
219	[-59.742750533066896, 0]
219	[-59.742750533066896, 0]
220	[-59.742750533066896, 0]
220	[-59.742750533066896, 0]
220	[-59.742750533066896, 0]
220	[-59.742750533066896, 0]
220	[-59.742750533066896, 0]
220	[-59.742750533066896, 0]
220	[-59.742750533066896, 0]
220	[-59.742750533066896, 0]
220	[-59.742750533066896, 0]
220	[-59.742750533066896, 0]
220	[-59.742750533066896, 0]
220	[-59.742750533066896, 0]
220	[-59.742750533066896, 0]
220	[-59.742750533066896, 0]
220	[-59.742750533066896, 0]
220	[-59.742750533066896, 0]
220	[-59.742750533066896, 0]
220	[-59.742750533066896, 0]
220	[-59.742750533066896, 0]
220	[-59.742750533066896, 0]
220	[-59.742750533066896, 0]
220	[-59.742750533066896, 0]
220	[-59.742750533066896, 0]
220	[-59.742750533066896, 0]
220	[-59.742750533066896, 0]
220	[-59.742750533066896, 0]
220	[-59.742750533066896, 0]
220	[-59.742750533066896, 0]
220	[-59.742750533066896, 0]
220	[-59.742750533066896, 0]
220	[-59.742750533066896, 0]
220	[-59.742750533066896, 0]
220	[-59.742750533066896, 0]
220	[-59.742750533066896, 0]
220	[-59.742750533066896, 0]
220	[-59.742750533066896, 0]
220	[-59.742750533066896, 0]
220	[-59.742750533066896, 0]
220	[-59.742750533066896, 0]
220	[-59.742750533066896, 0]
220	[-59.742750533066896, 0]
220	[-59.742750533066896, 0]
220	[-59.742750533066896, 0]
220	[-59.742750533066896, 0]
220	[-59.742750533066896, 0]
220	[-59.742750533066896, 0]
220	[-59.742750533066896, 0]
220	[-59.742750533066896, 0]
220	[-59.742750533066896, 0]
220	[-59.742750533066896, 0]
220	[-59.742750533066896, 0]
220	[-59.742750533066896, 0]
220	[-59.742750533066896, 0]
220	[-59.742750533066896, 0]
220	[-59.742750533066896, 0]
220	[-59.742750533066896, 0]
220	[-59.742750533066896, 0]
220	[-59.742750533066896, 0]
220	[-59.742750533066896, 0]
220	[-59.742750533066896, 0]
220	[-59.742750533066896, 0]
220	[-59.742750533066896, 0]
220	[-59.742750533066896, 0]
220	[-59.742750533066896, 0]
220	[-59.742750533066896, 0]
220	[-59.742750533066896, 0]
220	[-59.742750533066896, 0]
220	[-59.742750533066896, 0]
220	[-59.742750533066896, 0]
220	[-59.742750533066896, 0]
220	[-59.742750533066896, 0]
220	[-59.742750533066896, 0]
221	[-59.742750533066896, 0]
221	[-59.742750533066896, 0]
221	[-59.742750533066896, 0]
221	[-59.742750533066896, 0]
221	[-59.742750533066896, 0]
221	[-59.742750533066896, 0]
221	[-59.742750533066896, 0]
221	[-59.742750533066896, 0]
221	[-59.742750533066896, 0]
221	[-59.742750533066896, 0]
221	[-59.742750533066896, 0]
221	[-59.742750533066896, 0]
221	[-59.742750533066896, 0]
221	[-59.742750533066896, 0]
221	[-59.742750533066896, 0]
221	[-59.742750533066896, 0]
221	[-59.742750533066896, 0]
221	[-59.742750533066896, 0]
221	[-59.742750533066896, 0]
221	[-59.742750533066896, 0]
221	[-59.742750533066896, 0]
221	[-59.742750533066896, 0]
221	[-59.742750533066896, 0]
221	[-59.742750533066896, 0]
221	[-59.742750533066896, 0]
221	[-59.742750533066896, 0]
221	[-59.742750533066896, 0]
221	[-59.742750533066896, 0]
221	[-59.742750533066896, 0]
221	[-59.742750533066896, 0]
221	[-59.742750533066896, 0]
221	[-59.742750533066896, 0]
221	[-59.742750533066896, 0]
221	[-59.742750533066896, 0]
221	[-59.742750533066896, 0]
221	[-59.742750533066896, 0]
221	[-59.742750533066896, 0]
221	[-59.742750533066896, 0]
221	[-59.742750533066896, 0]
221	[-59.742750533066896, 0]
221	[-59.742750533066896, 0]
221	[-59.742750533066896, 0]
221	[-59.742750533066896, 0]
221	[-59.742750533066896, 0]
221	[-59.742750533066896, 0]
221	[-59.742750533066896, 0]
221	[-59.742750533066896, 0]
221	[-59.742750533066896, 0]
221	[-59.742750533066896, 0]
221	[-59.742750533066896, 0]
221	[-59.742750533066896, 0]
221	[-59.742750533066896, 0]
221	[-59.742750533066896, 0]
221	[-59.742750533066896, 0]
221	[-59.742750533066896, 0]
221	[-59.742750533066896, 0]
221	[-59.742750533066896, 0]
221	[-59.742750533066896, 0]
221	[-59.742750533066896, 0]
221	[-59.742750533066896, 0]
221	[-59.742750533066896, 0]
221	[-59.742750533066896, 0]
221	[-59.742750533066896, 0]
221	[-59.742750533066896, 0]
221	[-59.742750533066896, 0]
221	[-59.742750533066896, 0]
221	[-59.742750533066896, 0]
221	[-59.742750533066896, 0]
221	[-59.742750533066896, 0]
221	[-59.742750533066896, 0]
221	[-59.742750533066896, 0]
221	[-59.742750533066896, 0]
221	[-59.742750533066896, 0]
221	[-59.742750533066896, 0]
221	[-59.742750533066896, 0]
221	[-59.742750533066896, 0]
221	[-59.742750533066896, 0]
221	[-59.742750533066896, 0]
221	[-59.742750533066896, 0]
221	[-59.742750533066896, 0]
222	[-59.742750533066896, 0]
222	[-59.742750533066896, 0]
222	[-59.742750533066896, 0]
222	[-59.742750533066896, 0]
222	[-59.742750533066896, 0]
222	[-59.742750533066896, 0]
222	[-59.742750533066896, 0]
222	[-59.742750533066896, 0]
222	[-59.742750533066896, 0]
222	[-59.742750533066896, 0]
222	[-59.742750533066896, 0]
222	[-59.742750533066896, 0]
222	[-59.742750533066896, 0]
222	[-59.742750533066896, 0]
222	[-59.742750533066896, 0]
222	[-59.742750533066896, 0]
222	[-59.742750533066896, 0]
222	[-59.742750533066896, 0]
222	[-59.742750533066896, 0]
222	[-59.742750533066896, 0]
222	[-59.742750533066896, 0]
222	[-59.742750533066896, 0]
222	[-59.742750533066896, 0]
222	[-59.742750533066896, 0]
222	[-59.742750533066896, 0]
222	[-59.742750533066896, 0]
222	[-59.742750533066896, 0]
222	[-59.742750533066896, 0]
222	[-59.742750533066896, 0]
222	[-59.742750533066896, 0]
222	[-59.742750533066896, 0]
222	[-59.742750533066896, 0]
222	[-59.742750533066896, 0]
222	[-59.742750533066896, 0]
222	[-59.742750533066896, 0]
222	[-59.742750533066896, 0]
222	[-59.742750533066896, 0]
222	[-59.742750533066896, 0]
222	[-59.742750533066896, 0]
222	[-59.742750533066896, 0]
222	[-59.742750533066896, 0]
222	[-59.742750533066896, 0]
222	[-59.742750533066896, 0]
222	[-59.742750533066896, 0]
222	[-59.742750533066896, 0]
222	[-59.742750533066896, 0]
222	[-59.742750533066896, 0]
222	[-59.742750533066896, 0]
222	[-59.742750533066896, 0]
222	[-59.742750533066896, 0]
222	[-59.742750533066896, 0]
222	[-59.742750533066896, 0]
222	[-59.742750533066896, 0]
222	[-59.742750533066896, 0]
222	[-59.742750533066896, 0]
222	[-59.742750533066896, 0]
222	[-59.742750533066896, 0]
222	[-59.742750533066896, 0]
222	[-59.742750533066896, 0]
222	[-59.742750533066896, 0]
222	[-59.742750533066896, 0]
222	[-59.742750533066896, 0]
222	[-59.742750533066896, 0]
222	[-59.742750533066896, 0]
222	[-59.742750533066896, 0]
222	[-59.742750533066896, 0]
222	[-59.742750533066896, 0]
222	[-59.742750533066896, 0]
222	[-59.742750533066896, 0]
222	[-59.742750533066896, 0]
222	[-59.742750533066896, 0]
222	[-59.742750533066896, 0]
222	[-59.742750533066896, 0]
222	[-59.742750533066896, 0]
222	[-59.742750533066896, 0]
222	[-59.742750533066896, 0]
222	[-59.742750533066896, 0]
222	[-59.742750533066896, 0]
222	[-59.742750533066896, 0]
222	[-59.742750533066896, 0]
223	[-59.742750533066896, 0]
223	[-59.742750533066896, 0]
223	[-59.742750533066896, 0]
223	[-59.742750533066896, 0]
223	[-59.742750533066896, 0]
223	[-59.742750533066896, 0]
223	[-59.742750533066896, 0]
223	[-59.742750533066896, 0]
223	[-59.742750533066896, 0]
223	[-59.742750533066896, 0]
223	[-59.742750533066896, 0]
223	[-59.742750533066896, 0]
223	[-59.742750533066896, 0]
223	[-59.742750533066896, 0]
223	[-59.742750533066896, 0]
223	[-59.742750533066896, 0]
223	[-59.742750533066896, 0]
223	[-59.742750533066896, 0]
223	[-59.742750533066896, 0]
223	[-59.742750533066896, 0]
223	[-59.742750533066896, 0]
223	[-59.742750533066896, 0]
223	[-59.742750533066896, 0]
223	[-59.742750533066896, 0]
223	[-59.742750533066896, 0]
223	[-59.742750533066896, 0]
223	[-59.742750533066896, 0]
223	[-59.742750533066896, 0]
223	[-59.742750533066896, 0]
223	[-59.742750533066896, 0]
223	[-59.742750533066896, 0]
223	[-59.742750533066896, 0]
223	[-59.742750533066896, 0]
223	[-59.742750533066896, 0]
223	[-59.742750533066896, 0]
223	[-59.742750533066896, 0]
223	[-59.742750533066896, 0]
223	[-59.742750533066896, 0]
223	[-59.742750533066896, 0]
223	[-59.742750533066896, 0]
223	[-59.742750533066896, 0]
223	[-59.742750533066896, 0]
223	[-59.742750533066896, 0]
223	[-59.742750533066896, 0]
223	[-59.742750533066896, 0]
223	[-59.742750533066896, 0]
223	[-59.742750533066896, 0]
223	[-59.742750533066896, 0]
223	[-59.742750533066896, 0]
223	[-59.742750533066896, 0]
223	[-59.742750533066896, 0]
223	[-59.742750533066896, 0]
223	[-59.742750533066896, 0]
223	[-59.742750533066896, 0]
223	[-59.742750533066896, 0]
223	[-59.742750533066896, 0]
223	[-59.742750533066896, 0]
223	[-59.742750533066896, 0]
223	[-59.742750533066896, 0]
223	[-59.742750533066896, 0]
223	[-59.742750533066896, 0]
223	[-59.742750533066896, 0]
223	[-59.742750533066896, 0]
223	[-59.742750533066896, 0]
223	[-59.742750533066896, 0]
223	[-59.742750533066896, 0]
223	[-59.742750533066896, 0]
223	[-59.742750533066896, 0]
223	[-59.742750533066896, 0]
223	[-59.742750533066896, 0]
223	[-59.742750533066896, 0]
223	[-59.742750533066896, 0]
223	[-59.742750533066896, 0]
223	[-59.742750533066896, 0]
223	[-59.742750533066896, 0]
223	[-59.742750533066896, 0]
223	[-59.742750533066896, 0]
223	[-59.742750533066896, 0]
223	[-59.742750533066896, 0]
223	[-59.742750533066896, 0]
224	[-59.742750533066896, 0]
224	[-59.742750533066896, 0]
224	[-59.742750533066896, 0]
224	[-59.742750533066896, 0]
224	[-59.742750533066896, 0]
224	[-59.742750533066896, 0]
224	[-59.742750533066896, 0]
224	[-59.742750533066896, 0]
224	[-59.742750533066896, 0]
224	[-59.742750533066896, 0]
224	[-59.742750533066896, 0]
224	[-59.742750533066896, 0]
224	[-59.742750533066896, 0]
224	[-59.742750533066896, 0]
224	[-59.742750533066896, 0]
224	[-59.742750533066896, 0]
224	[-59.742750533066896, 0]
224	[-59.742750533066896, 0]
224	[-59.742750533066896, 0]
224	[-59.742750533066896, 0]
224	[-59.742750533066896, 0]
224	[-59.742750533066896, 0]
224	[-59.742750533066896, 0]
224	[-59.742750533066896, 0]
224	[-59.742750533066896, 0]
224	[-59.742750533066896, 0]
224	[-59.742750533066896, 0]
224	[-59.742750533066896, 0]
224	[-59.742750533066896, 0]
224	[-59.742750533066896, 0]
224	[-59.742750533066896, 0]
224	[-59.742750533066896, 0]
224	[-59.742750533066896, 0]
224	[-59.742750533066896, 0]
224	[-59.742750533066896, 0]
224	[-59.742750533066896, 0]
224	[-59.742750533066896, 0]
224	[-59.742750533066896, 0]
224	[-59.742750533066896, 0]
224	[-59.742750533066896, 0]
224	[-59.742750533066896, 0]
224	[-59.742750533066896, 0]
224	[-59.742750533066896, 0]
224	[-59.742750533066896, 0]
224	[-59.742750533066896, 0]
224	[-59.742750533066896, 0]
224	[-59.742750533066896, 0]
224	[-59.742750533066896, 0]
224	[-59.742750533066896, 0]
224	[-59.742750533066896, 0]
224	[-59.742750533066896, 0]
224	[-59.742750533066896, 0]
224	[-59.742750533066896, 0]
224	[-59.742750533066896, 0]
224	[-59.742750533066896, 0]
224	[-59.742750533066896, 0]
224	[-59.742750533066896, 0]
224	[-59.742750533066896, 0]
224	[-59.742750533066896, 0]
224	[-59.742750533066896, 0]
224	[-59.742750533066896, 0]
224	[-59.742750533066896, 0]
224	[-59.742750533066896, 0]
224	[-59.742750533066896, 0]
224	[-59.742750533066896, 0]
224	[-59.742750533066896, 0]
224	[-59.742750533066896, 0]
224	[-59.742750533066896, 0]
224	[-59.742750533066896, 0]
224	[-59.742750533066896, 0]
224	[-59.742750533066896, 0]
224	[-59.742750533066896, 0]
224	[-59.742750533066896, 0]
224	[-59.742750533066896, 0]
224	[-59.742750533066896, 0]
224	[-59.742750533066896, 0]
224	[-59.742750533066896, 0]
224	[-59.742750533066896, 0]
224	[-59.742750533066896, 0]
224	[-59.742750533066896, 0]
225	[-59.742750533066896, 0]
225	[-59.742750533066896, 0]
225	[-59.742750533066896, 0]
225	[-59.742750533066896, 0]
225	[-59.742750533066896, 0]
225	[-59.742750533066896, 0]
225	[-59.742750533066896, 0]
225	[-59.742750533066896, 0]
225	[-59.742750533066896, 0]
225	[-59.742750533066896, 0]
225	[-59.742750533066896, 0]
225	[-59.742750533066896, 0]
225	[-59.742750533066896, 0]
225	[-59.742750533066896, 0]
225	[-59.742750533066896, 0]
225	[-59.742750533066896, 0]
225	[-59.742750533066896, 0]
225	[-59.742750533066896, 0]
225	[-59.742750533066896, 0]
225	[-59.742750533066896, 0]
225	[-59.742750533066896, 0]
225	[-59.742750533066896, 0]
225	[-59.742750533066896, 0]
225	[-59.742750533066896, 0]
225	[-59.742750533066896, 0]
225	[-59.742750533066896, 0]
225	[-59.742750533066896, 0]
225	[-59.742750533066896, 0]
225	[-59.742750533066896, 0]
225	[-59.742750533066896, 0]
225	[-59.742750533066896, 0]
225	[-59.742750533066896, 0]
225	[-59.742750533066896, 0]
225	[-59.742750533066896, 0]
225	[-59.742750533066896, 0]
225	[-59.742750533066896, 0]
225	[-59.742750533066896, 0]
225	[-59.742750533066896, 0]
225	[-59.742750533066896, 0]
225	[-59.742750533066896, 0]
225	[-59.742750533066896, 0]
225	[-59.742750533066896, 0]
225	[-59.742750533066896, 0]
225	[-59.742750533066896, 0]
225	[-59.742750533066896, 0]
225	[-59.742750533066896, 0]
225	[-59.742750533066896, 0]
225	[-59.742750533066896, 0]
225	[-59.742750533066896, 0]
225	[-59.742750533066896, 0]
225	[-59.742750533066896, 0]
225	[-59.742750533066896, 0]
225	[-59.742750533066896, 0]
225	[-59.742750533066896, 0]
225	[-59.742750533066896, 0]
225	[-59.742750533066896, 0]
225	[-59.742750533066896, 0]
225	[-59.742750533066896, 0]
225	[-59.742750533066896, 0]
225	[-59.742750533066896, 0]
225	[-59.742750533066896, 0]
225	[-59.742750533066896, 0]
225	[-59.742750533066896, 0]
225	[-59.742750533066896, 0]
225	[-59.742750533066896, 0]
225	[-59.742750533066896, 0]
225	[-59.742750533066896, 0]
225	[-59.742750533066896, 0]
225	[-59.742750533066896, 0]
225	[-59.742750533066896, 0]
225	[-59.742750533066896, 0]
225	[-59.742750533066896, 0]
225	[-59.742750533066896, 0]
225	[-59.742750533066896, 0]
225	[-59.742750533066896, 0]
225	[-59.742750533066896, 0]
225	[-59.742750533066896, 0]
225	[-59.742750533066896, 0]
225	[-59.742750533066896, 0]
225	[-59.742750533066896, 0]
226	[-59.676305255895954, 0]
227	[-59.676305255895954, 0]
228	[-59.676305255895954, 0]
229	[-59.676305255895954, 0]
229	[-59.676305255895954, 0]
230	[-59.676305255895954, 0]
230	[-59.676305255895954, 0]
230	[-59.676305255895954, 0]
230	[-59.676305255895954, 0]
230	[-59.676305255895954, 0]
231	[-59.676305255895954, 0]
231	[-59.676305255895954, 0]
231	[-59.676305255895954, 0]
231	[-59.676305255895954, 0]
231	[-59.676305255895954, 0]
231	[-59.676305255895954, 0]
231	[-59.676305255895954, 0]
231	[-59.676305255895954, 0]
231	[-58.765828547122595, -1]
232	[-59.676305255895954, 0]
232	[-59.676305255895954, 0]
232	[-59.676305255895954, 0]
232	[-59.676305255895954, 0]
232	[-59.676305255895954, 0]
232	[-59.676305255895954, 0]
232	[-59.676305255895954, 0]
232	[-59.676305255895954, 0]
232	[-59.676305255895954, 0]
232	[-59.676305255895954, 0]
232	[-59.676305255895954, 0]
232	[-59.676305255895954, 0]
232	[-59.676305255895954, 0]
232	[-59.676305255895954, 0]
232	[-59.676305255895954, 0]
232	[-59.676305255895954, 0]
232	[-58.765828547122595, -1]
232	[-58.765828547122595, -1]
233	[-57.78494797262692, 0]
234	[-57.78494797262692, 0]
235	[-57.78494797262692, 0]
236	[-57.78494797262692, 0]
236	[-57.78494797262692, 0]
236	[-57.78494797262692, 0]
236	[-57.78494797262692, 0]
237	[-57.78494797262692, 0]
237	[-57.78494797262692, 0]
237	[-57.78494797262692, 0]
237	[-57.78494797262692, 0]
237	[-57.78494797262692, 0]
238	[-57.78494797262692, 0]
238	[-57.78494797262692, 0]
238	[-57.78494797262692, 0]
238	[-57.78494797262692, 0]
238	[-57.78494797262692, 0]
238	[-57.78494797262692, 0]
239	[-57.78494797262692, 0]
239	[-57.78494797262692, 0]
239	[-57.78494797262692, 0]
239	[-57.78494797262692, 0]
239	[-57.78494797262692, 0]
239	[-57.78494797262692, 0]
239	[-57.78494797262692, 0]
239	[-57.78494797262692, 0]
239	[-57.78494797262692, 0]
240	[-57.755005288613255, 0]
240	[-56.68808341832111, -1]
241	[-57.755005288613255, 0]
241	[-57.755005288613255, 0]
241	[-56.68808341832111, -1]
241	[-56.68808341832111, -1]
242	[-57.755005288613255, 0]
242	[-57.755005288613255, 0]
242	[-57.755005288613255, 0]
242	[-57.755005288613255, 0]
242	[-56.68808341832111, -1]
242	[-56.68808341832111, -1]
243	[-57.755005288613255, 0]
243	[-57.755005288613255, 0]
243	[-57.755005288613255, 0]
243	[-57.755005288613255, 0]
243	[-57.755005288613255, 0]
243	[-57.755005288613255, 0]
243	[-57.755005288613255, 0]
243	[-56.68808341832111, -1]
243	[-56.68808341832111, -1]
244	[-57.755005288613255, 0]
244	[-57.755005288613255, 0]
244	[-57.755005288613255, 0]
244	[-57.755005288613255, 0]
244	[-57.755005288613255, 0]
244	[-57.755005288613255, 0]
244	[-57.755005288613255, 0]
244	[-57.755005288613255, 0]
244	[-57.755005288613255, 0]
244	[-57.755005288613255, 0]
244	[-57.755005288613255, 0]
244	[-57.755005288613255, 0]
244	[-56.68808341832111, -1]
244	[-56.68808341832111, -1]
244	[-56.68808341832111, -1]
244	[-56.68808341832111, -1]
244	[-56.68808341832111, -1]
245	[-57.755005288613255, 0]
245	[-57.755005288613255, 0]
245	[-57.755005288613255, 0]
245	[-57.755005288613255, 0]
245	[-57.755005288613255, 0]
245	[-57.755005288613255, 0]
245	[-57.755005288613255, 0]
245	[-57.755005288613255, 0]
245	[-57.755005288613255, 0]
245	[-57.755005288613255, 0]
245	[-57.755005288613255, 0]
245	[-57.755005288613255, 0]
245	[-57.755005288613255, 0]
245	[-57.755005288613255, 0]
245	[-57.755005288613255, 0]
245	[-57.755005288613255, 0]
245	[-57.755005288613255, 0]
245	[-56.68808341832111, -1]
245	[-56.68808341832111, -1]
245	[-56.68808341832111, -1]
245	[-56.68808341832111, -1]
245	[-56.68808341832111, -1]
245	[-56.68808341832111, -1]
246	[-57.71950575860818, 0]
246	[-56.562287142770316, -1]
247	[-57.71950575860818, 0]
247	[-56.562287142770316, -1]
247	[-56.562287142770316, -1]
247	[-56.562287142770316, -1]
248	[-57.71950575860818, 0]
248	[-56.562287142770316, -1]
248	[-56.562287142770316, -1]
248	[-56.562287142770316, -1]
248	[-56.562287142770316, -1]
249	[-57.71950575860818, 0]
249	[-57.71950575860818, 0]
249	[-56.562287142770316, -1]
249	[-56.562287142770316, -1]
249	[-56.562287142770316, -1]
249	[-56.562287142770316, -1]
250	[-57.71950575860818, 0]
250	[-57.71950575860818, 0]
250	[-57.71950575860818, 0]
250	[-57.71950575860818, 0]
250	[-57.71950575860818, 0]
250	[-57.71950575860818, 0]
250	[-56.562287142770316, -1]
250	[-56.562287142770316, -1]
250	[-56.562287142770316, -1]
250	[-56.562287142770316, -1]
251	[-57.71950575860818, 0]
251	[-57.71950575860818, 0]
251	[-57.71950575860818, 0]
251	[-57.71950575860818, 0]
251	[-57.71950575860818, 0]
251	[-57.71950575860818, 0]
251	[-57.71950575860818, 0]
251	[-57.71950575860818, 0]
251	[-57.71950575860818, 0]
251	[-57.71950575860818, 0]
251	[-57.71950575860818, 0]
251	[-57.71950575860818, 0]
251	[-57.71950575860818, 0]
251	[-56.562287142770316, -1]
251	[-56.562287142770316, -1]
251	[-56.562287142770316, -1]
251	[-56.562287142770316, -1]
251	[-56.562287142770316, -1]
252	[-57.71950575860818, 0]
252	[-57.71950575860818, 0]
252	[-57.71950575860818, 0]
252	[-57.71950575860818, 0]
252	[-57.71950575860818, 0]
252	[-57.71950575860818, 0]
252	[-57.71950575860818, 0]
252	[-57.71950575860818, 0]
252	[-57.71950575860818, 0]
252	[-57.71950575860818, 0]
252	[-57.71950575860818, 0]
252	[-57.71950575860818, 0]
252	[-57.71950575860818, 0]
252	[-57.71950575860818, 0]
252	[-57.71950575860818, 0]
252	[-57.71950575860818, 0]
252	[-57.71950575860818, 0]
252	[-57.71950575860818, 0]
252	[-57.71950575860818, 0]
252	[-57.71950575860818, 0]
252	[-57.71950575860818, 0]
252	[-57.71950575860818, 0]
252	[-57.71950575860818, 0]
252	[-56.562287142770316, -1]
252	[-56.562287142770316, -1]
252	[-56.562287142770316, -1]
252	[-56.562287142770316, -1]
252	[-56.562287142770316, -1]
253	[-57.71950575860818, 0]
253	[-57.71950575860818, 0]
253	[-57.71950575860818, 0]
253	[-57.71950575860818, 0]
253	[-57.71950575860818, 0]
253	[-57.71950575860818, 0]
253	[-57.71950575860818, 0]
253	[-57.71950575860818, 0]
253	[-57.71950575860818, 0]
253	[-57.71950575860818, 0]
253	[-57.71950575860818, 0]
253	[-57.71950575860818, 0]
253	[-57.71950575860818, 0]
253	[-57.71950575860818, 0]
253	[-57.71950575860818, 0]
253	[-57.71950575860818, 0]
253	[-57.71950575860818, 0]
253	[-57.71950575860818, 0]
253	[-57.71950575860818, 0]
253	[-57.71950575860818, 0]
253	[-57.71950575860818, 0]
253	[-57.71950575860818, 0]
253	[-57.71950575860818, 0]
253	[-57.71950575860818, 0]
253	[-57.71950575860818, 0]
253	[-57.71950575860818, 0]
253	[-57.71950575860818, 0]
253	[-57.71950575860818, 0]
253	[-57.71950575860818, 0]
253	[-57.71950575860818, 0]
253	[-57.71950575860818, 0]
253	[-57.71950575860818, 0]
253	[-57.71950575860818, 0]
253	[-56.562287142770316, -1]
253	[-56.562287142770316, -1]
253	[-56.562287142770316, -1]
253	[-56.562287142770316, -1]
253	[-56.562287142770316, -1]
254	[-57.71950575860818, 0]
254	[-57.71950575860818, 0]
254	[-57.71950575860818, 0]
254	[-57.71950575860818, 0]
254	[-57.71950575860818, 0]
254	[-57.71950575860818, 0]
254	[-57.71950575860818, 0]
254	[-57.71950575860818, 0]
254	[-57.71950575860818, 0]
254	[-57.71950575860818, 0]
254	[-57.71950575860818, 0]
254	[-57.71950575860818, 0]
254	[-57.71950575860818, 0]
254	[-57.71950575860818, 0]
254	[-57.71950575860818, 0]
254	[-57.71950575860818, 0]
254	[-57.71950575860818, 0]
254	[-57.71950575860818, 0]
254	[-57.71950575860818, 0]
254	[-57.71950575860818, 0]
254	[-57.71950575860818, 0]
254	[-57.71950575860818, 0]
254	[-57.71950575860818, 0]
254	[-57.71950575860818, 0]
254	[-57.71950575860818, 0]
254	[-57.71950575860818, 0]
254	[-57.71950575860818, 0]
254	[-57.71950575860818, 0]
254	[-57.71950575860818, 0]
254	[-57.71950575860818, 0]
254	[-57.71950575860818, 0]
254	[-57.71950575860818, 0]
254	[-57.71950575860818, 0]
254	[-57.71950575860818, 0]
254	[-57.71950575860818, 0]
254	[-57.71950575860818, 0]
254	[-57.71950575860818, 0]
254	[-57.71950575860818, 0]
254	[-57.71950575860818, 0]
254	[-57.71950575860818, 0]
254	[-57.71950575860818, 0]
254	[-57.71950575860818, 0]
254	[-57.71950575860818, 0]
254	[-57.71950575860818, 0]
254	[-57.71950575860818, 0]
254	[-56.562287142770316, -1]
254	[-56.562287142770316, -1]
254	[-56.562287142770316, -1]
254	[-56.562287142770316, -1]
254	[-56.562287142770316, -1]
254	[-56.562287142770316, -1]
254	[-56.562287142770316, -1]
254	[-56.562287142770316, -1]
255	[-57.71950575860818, 0]
255	[-57.71950575860818, 0]
255	[-57.71950575860818, 0]
255	[-57.71950575860818, 0]
255	[-57.71950575860818, 0]
255	[-57.71950575860818, 0]
255	[-57.71950575860818, 0]
255	[-57.71950575860818, 0]
255	[-57.71950575860818, 0]
255	[-57.71950575860818, 0]
255	[-57.71950575860818, 0]
255	[-57.71950575860818, 0]
255	[-57.71950575860818, 0]
255	[-57.71950575860818, 0]
255	[-57.71950575860818, 0]
255	[-57.71950575860818, 0]
255	[-57.71950575860818, 0]
255	[-57.71950575860818, 0]
255	[-57.71950575860818, 0]
255	[-57.71950575860818, 0]
255	[-57.71950575860818, 0]
255	[-57.71950575860818, 0]
255	[-57.71950575860818, 0]
255	[-57.71950575860818, 0]
255	[-57.71950575860818, 0]
255	[-57.71950575860818, 0]
255	[-57.71950575860818, 0]
255	[-57.71950575860818, 0]
255	[-57.71950575860818, 0]
255	[-57.71950575860818, 0]
255	[-57.71950575860818, 0]
255	[-57.71950575860818, 0]
255	[-57.71950575860818, 0]
255	[-57.71950575860818, 0]
255	[-57.71950575860818, 0]
255	[-57.71950575860818, 0]
255	[-57.71950575860818, 0]
255	[-57.71950575860818, 0]
255	[-57.71950575860818, 0]
255	[-57.71950575860818, 0]
255	[-57.71950575860818, 0]
255	[-57.71950575860818, 0]
255	[-57.71950575860818, 0]
255	[-57.71950575860818, 0]
255	[-57.71950575860818, 0]
255	[-57.71950575860818, 0]
255	[-57.71950575860818, 0]
255	[-57.71950575860818, 0]
255	[-57.71950575860818, 0]
255	[-57.71950575860818, 0]
255	[-57.71950575860818, 0]
255	[-57.71950575860818, 0]
255	[-57.71950575860818, 0]
255	[-56.562287142770316, -1]
255	[-56.562287142770316, -1]
255	[-56.562287142770316, -1]
255	[-56.562287142770316, -1]
255	[-56.562287142770316, -1]
255	[-56.562287142770316, -1]
255	[-56.562287142770316, -1]
255	[-56.562287142770316, -1]
256	[-57.66076484360155, 0]
256	[-56.562287142770316, -1]
256	[-56.562287142770316, -1]
256	[-56.562287142770316, -1]
256	[-56.562287142770316, -1]
256	[-56.562287142770316, -1]
256	[-56.562287142770316, -1]
256	[-56.562287142770316, -1]
256	[-56.562287142770316, -1]
256	[-56.562287142770316, -1]
257	[-57.66076484360155, 0]
257	[-57.66076484360155, 0]
257	[-56.562287142770316, -1]
257	[-56.562287142770316, -1]
257	[-56.562287142770316, -1]
257	[-56.562287142770316, -1]
257	[-56.562287142770316, -1]
257	[-56.562287142770316, -1]
257	[-56.562287142770316, -1]
257	[-56.562287142770316, -1]
257	[-56.562287142770316, -1]
257	[-56.562287142770316, -1]
258	[-57.66076484360155, 0]
258	[-57.66076484360155, 0]
258	[-57.66076484360155, 0]
258	[-57.66076484360155, 0]
258	[-56.562287142770316, -1]
258	[-56.562287142770316, -1]
258	[-56.562287142770316, -1]
258	[-56.562287142770316, -1]
258	[-56.562287142770316, -1]
258	[-56.562287142770316, -1]
258	[-56.562287142770316, -1]
258	[-56.562287142770316, -1]
258	[-56.562287142770316, -1]
258	[-56.562287142770316, -1]
258	[-56.562287142770316, -1]
259	[-57.66076484360155, 0]
259	[-57.66076484360155, 0]
259	[-57.66076484360155, 0]
259	[-57.66076484360155, 0]
259	[-57.66076484360155, 0]
259	[-56.5077982139437, -1]
260	[-57.66076484360155, 0]
260	[-57.66076484360155, 0]
260	[-57.66076484360155, 0]
260	[-57.66076484360155, 0]
260	[-57.66076484360155, 0]
260	[-57.66076484360155, 0]
260	[-57.66076484360155, 0]
260	[-57.66076484360155, 0]
260	[-56.5077982139437, -1]
261	[-57.66076484360155, 0]
261	[-57.66076484360155, 0]
261	[-57.66076484360155, 0]
261	[-57.66076484360155, 0]
261	[-57.66076484360155, 0]
261	[-57.66076484360155, 0]
261	[-57.66076484360155, 0]
261	[-57.66076484360155, 0]
261	[-57.66076484360155, 0]
261	[-57.66076484360155, 0]
261	[-57.66076484360155, 0]
261	[-57.66076484360155, 0]
261	[-57.66076484360155, 0]
261	[-57.66076484360155, 0]
261	[-57.66076484360155, 0]
261	[-56.46120542910772, -1]
262	[-57.66076484360155, 0]
262	[-57.66076484360155, 0]
262	[-57.66076484360155, 0]
262	[-57.66076484360155, 0]
262	[-57.66076484360155, 0]
262	[-57.66076484360155, 0]
262	[-57.66076484360155, 0]
262	[-57.66076484360155, 0]
262	[-57.66076484360155, 0]
262	[-57.66076484360155, 0]
262	[-57.66076484360155, 0]
262	[-57.66076484360155, 0]
262	[-57.66076484360155, 0]
262	[-57.66076484360155, 0]
262	[-57.66076484360155, 0]
262	[-57.66076484360155, 0]
262	[-57.66076484360155, 0]
262	[-57.66076484360155, 0]
262	[-57.66076484360155, 0]
262	[-57.66076484360155, 0]
262	[-57.66076484360155, 0]
262	[-57.66076484360155, 0]
262	[-57.66076484360155, 0]
262	[-57.66076484360155, 0]
262	[-56.46120542910772, -1]
263	[-57.66076484360155, 0]
263	[-57.66076484360155, 0]
263	[-57.66076484360155, 0]
263	[-57.66076484360155, 0]
263	[-57.66076484360155, 0]
263	[-57.66076484360155, 0]
263	[-57.66076484360155, 0]
263	[-57.66076484360155, 0]
263	[-57.66076484360155, 0]
263	[-57.66076484360155, 0]
263	[-57.66076484360155, 0]
263	[-57.66076484360155, 0]
263	[-57.66076484360155, 0]
263	[-57.66076484360155, 0]
263	[-57.66076484360155, 0]
263	[-57.66076484360155, 0]
263	[-57.66076484360155, 0]
263	[-57.66076484360155, 0]
263	[-57.66076484360155, 0]
263	[-57.66076484360155, 0]
263	[-57.66076484360155, 0]
263	[-57.66076484360155, 0]
263	[-57.66076484360155, 0]
263	[-57.66076484360155, 0]
263	[-57.66076484360155, 0]
263	[-57.66076484360155, 0]
263	[-57.66076484360155, 0]
263	[-57.66076484360155, 0]
263	[-57.66076484360155, 0]
263	[-57.66076484360155, 0]
263	[-57.66076484360155, 0]
263	[-57.66076484360155, 0]
263	[-57.66076484360155, 0]
263	[-57.66076484360155, 0]
263	[-56.46120542910772, -1]
264	[-57.66076484360155, 0]
264	[-57.66076484360155, 0]
264	[-57.66076484360155, 0]
264	[-57.66076484360155, 0]
264	[-57.66076484360155, 0]
264	[-57.66076484360155, 0]
264	[-57.66076484360155, 0]
264	[-57.66076484360155, 0]
264	[-57.66076484360155, 0]
264	[-57.66076484360155, 0]
264	[-57.66076484360155, 0]
264	[-57.66076484360155, 0]
264	[-57.66076484360155, 0]
264	[-57.66076484360155, 0]
264	[-57.66076484360155, 0]
264	[-57.66076484360155, 0]
264	[-57.66076484360155, 0]
264	[-57.66076484360155, 0]
264	[-57.66076484360155, 0]
264	[-57.66076484360155, 0]
264	[-57.66076484360155, 0]
264	[-57.66076484360155, 0]
264	[-57.66076484360155, 0]
264	[-57.66076484360155, 0]
264	[-57.66076484360155, 0]
264	[-57.66076484360155, 0]
264	[-57.66076484360155, 0]
264	[-57.66076484360155, 0]
264	[-57.66076484360155, 0]
264	[-57.66076484360155, 0]
264	[-57.66076484360155, 0]
264	[-57.66076484360155, 0]
264	[-57.66076484360155, 0]
264	[-57.66076484360155, 0]
264	[-57.66076484360155, 0]
264	[-57.66076484360155, 0]
264	[-57.66076484360155, 0]
264	[-57.66076484360155, 0]
264	[-57.66076484360155, 0]
264	[-57.66076484360155, 0]
264	[-57.66076484360155, 0]
264	[-57.66076484360155, 0]
264	[-57.66076484360155, 0]
264	[-56.46120542910772, -1]
265	[-57.66076484360155, 0]
265	[-57.66076484360155, 0]
265	[-57.66076484360155, 0]
265	[-57.66076484360155, 0]
265	[-57.66076484360155, 0]
265	[-57.66076484360155, 0]
265	[-57.66076484360155, 0]
265	[-57.66076484360155, 0]
265	[-57.66076484360155, 0]
265	[-57.66076484360155, 0]
265	[-57.66076484360155, 0]
265	[-57.66076484360155, 0]
265	[-57.66076484360155, 0]
265	[-57.66076484360155, 0]
265	[-57.66076484360155, 0]
265	[-57.66076484360155, 0]
265	[-57.66076484360155, 0]
265	[-57.66076484360155, 0]
265	[-57.66076484360155, 0]
265	[-57.66076484360155, 0]
265	[-57.66076484360155, 0]
265	[-57.66076484360155, 0]
265	[-57.66076484360155, 0]
265	[-57.66076484360155, 0]
265	[-57.66076484360155, 0]
265	[-57.66076484360155, 0]
265	[-57.66076484360155, 0]
265	[-57.66076484360155, 0]
265	[-57.66076484360155, 0]
265	[-57.66076484360155, 0]
265	[-57.66076484360155, 0]
265	[-57.66076484360155, 0]
265	[-57.66076484360155, 0]
265	[-57.66076484360155, 0]
265	[-57.66076484360155, 0]
265	[-57.66076484360155, 0]
265	[-57.66076484360155, 0]
265	[-57.66076484360155, 0]
265	[-57.66076484360155, 0]
265	[-57.66076484360155, 0]
265	[-57.66076484360155, 0]
265	[-57.66076484360155, 0]
265	[-57.66076484360155, 0]
265	[-57.66076484360155, 0]
265	[-57.66076484360155, 0]
265	[-57.66076484360155, 0]
265	[-57.66076484360155, 0]
265	[-57.66076484360155, 0]
265	[-57.66076484360155, 0]
265	[-57.66076484360155, 0]
265	[-57.66076484360155, 0]
265	[-57.66076484360155, 0]
265	[-57.66076484360155, 0]
265	[-57.66076484360155, 0]
265	[-57.66076484360155, 0]
265	[-56.46120542910772, -1]
266	[-57.66076484360155, 0]
266	[-57.66076484360155, 0]
266	[-57.66076484360155, 0]
266	[-57.66076484360155, 0]
266	[-57.66076484360155, 0]
266	[-57.66076484360155, 0]
266	[-57.66076484360155, 0]
266	[-57.66076484360155, 0]
266	[-57.66076484360155, 0]
266	[-57.66076484360155, 0]
266	[-57.66076484360155, 0]
266	[-57.66076484360155, 0]
266	[-57.66076484360155, 0]
266	[-57.66076484360155, 0]
266	[-57.66076484360155, 0]
266	[-57.66076484360155, 0]
266	[-57.66076484360155, 0]
266	[-57.66076484360155, 0]
266	[-57.66076484360155, 0]
266	[-57.66076484360155, 0]
266	[-57.66076484360155, 0]
266	[-57.66076484360155, 0]
266	[-57.66076484360155, 0]
266	[-57.66076484360155, 0]
266	[-57.66076484360155, 0]
266	[-57.66076484360155, 0]
266	[-57.66076484360155, 0]
266	[-57.66076484360155, 0]
266	[-57.66076484360155, 0]
266	[-57.66076484360155, 0]
266	[-57.66076484360155, 0]
266	[-57.66076484360155, 0]
266	[-57.66076484360155, 0]
266	[-57.66076484360155, 0]
266	[-57.66076484360155, 0]
266	[-57.66076484360155, 0]
266	[-57.66076484360155, 0]
266	[-57.66076484360155, 0]
266	[-57.66076484360155, 0]
266	[-57.66076484360155, 0]
266	[-57.66076484360155, 0]
266	[-57.66076484360155, 0]
266	[-57.66076484360155, 0]
266	[-57.66076484360155, 0]
266	[-57.66076484360155, 0]
266	[-57.66076484360155, 0]
266	[-57.66076484360155, 0]
266	[-57.66076484360155, 0]
266	[-57.66076484360155, 0]
266	[-57.66076484360155, 0]
266	[-57.66076484360155, 0]
266	[-57.66076484360155, 0]
266	[-57.66076484360155, 0]
266	[-57.66076484360155, 0]
266	[-57.66076484360155, 0]
266	[-57.66076484360155, 0]
266	[-57.66076484360155, 0]
266	[-57.66076484360155, 0]
266	[-57.66076484360155, 0]
266	[-57.66076484360155, 0]
266	[-57.66076484360155, 0]
266	[-57.66076484360155, 0]
266	[-57.66076484360155, 0]
266	[-57.66076484360155, 0]
266	[-57.66076484360155, 0]
266	[-57.66076484360155, 0]
266	[-56.46120542910772, -1]
267	[-57.66076484360155, 0]
267	[-57.66076484360155, 0]
267	[-57.66076484360155, 0]
267	[-57.66076484360155, 0]
267	[-57.66076484360155, 0]
267	[-57.66076484360155, 0]
267	[-57.66076484360155, 0]
267	[-57.66076484360155, 0]
267	[-57.66076484360155, 0]
267	[-57.66076484360155, 0]
267	[-57.66076484360155, 0]
267	[-57.66076484360155, 0]
267	[-57.66076484360155, 0]
267	[-57.66076484360155, 0]
267	[-57.66076484360155, 0]
267	[-57.66076484360155, 0]
267	[-57.66076484360155, 0]
267	[-57.66076484360155, 0]
267	[-57.66076484360155, 0]
267	[-57.66076484360155, 0]
267	[-57.66076484360155, 0]
267	[-57.66076484360155, 0]
267	[-57.66076484360155, 0]
267	[-57.66076484360155, 0]
267	[-57.66076484360155, 0]
267	[-57.66076484360155, 0]
267	[-57.66076484360155, 0]
267	[-57.66076484360155, 0]
267	[-57.66076484360155, 0]
267	[-57.66076484360155, 0]
267	[-57.66076484360155, 0]
267	[-57.66076484360155, 0]
267	[-57.66076484360155, 0]
267	[-57.66076484360155, 0]
267	[-57.66076484360155, 0]
267	[-57.66076484360155, 0]
267	[-57.66076484360155, 0]
267	[-57.66076484360155, 0]
267	[-57.66076484360155, 0]
267	[-57.66076484360155, 0]
267	[-57.66076484360155, 0]
267	[-57.66076484360155, 0]
267	[-57.66076484360155, 0]
267	[-57.66076484360155, 0]
267	[-57.66076484360155, 0]
267	[-57.66076484360155, 0]
267	[-57.66076484360155, 0]
267	[-57.66076484360155, 0]
267	[-57.66076484360155, 0]
267	[-57.66076484360155, 0]
267	[-57.66076484360155, 0]
267	[-57.66076484360155, 0]
267	[-57.66076484360155, 0]
267	[-57.66076484360155, 0]
267	[-57.66076484360155, 0]
267	[-57.66076484360155, 0]
267	[-57.66076484360155, 0]
267	[-57.66076484360155, 0]
267	[-57.66076484360155, 0]
267	[-57.66076484360155, 0]
267	[-57.66076484360155, 0]
267	[-57.66076484360155, 0]
267	[-57.66076484360155, 0]
267	[-57.66076484360155, 0]
267	[-57.66076484360155, 0]
267	[-57.66076484360155, 0]
267	[-57.66076484360155, 0]
267	[-57.66076484360155, 0]
267	[-57.66076484360155, 0]
267	[-57.66076484360155, 0]
267	[-57.66076484360155, 0]
267	[-57.66076484360155, 0]
267	[-57.66076484360155, 0]
267	[-57.66076484360155, 0]
267	[-56.46120542910772, -1]
267	[-56.46120542910772, -1]
267	[-56.46120542910772, -1]
268	[-57.66076484360155, 0]
268	[-57.66076484360155, 0]
268	[-57.66076484360155, 0]
268	[-57.66076484360155, 0]
268	[-57.66076484360155, 0]
268	[-57.66076484360155, 0]
268	[-57.66076484360155, 0]
268	[-57.66076484360155, 0]
268	[-57.66076484360155, 0]
268	[-57.66076484360155, 0]
268	[-57.66076484360155, 0]
268	[-57.66076484360155, 0]
268	[-57.66076484360155, 0]
268	[-57.66076484360155, 0]
268	[-57.66076484360155, 0]
268	[-57.66076484360155, 0]
268	[-57.66076484360155, 0]
268	[-57.66076484360155, 0]
268	[-57.66076484360155, 0]
268	[-57.66076484360155, 0]
268	[-57.66076484360155, 0]
268	[-57.66076484360155, 0]
268	[-57.66076484360155, 0]
268	[-57.66076484360155, 0]
268	[-57.66076484360155, 0]
268	[-57.66076484360155, 0]
268	[-57.66076484360155, 0]
268	[-57.66076484360155, 0]
268	[-57.66076484360155, 0]
268	[-57.66076484360155, 0]
268	[-57.66076484360155, 0]
268	[-57.66076484360155, 0]
268	[-57.66076484360155, 0]
268	[-57.66076484360155, 0]
268	[-57.66076484360155, 0]
268	[-57.66076484360155, 0]
268	[-57.66076484360155, 0]
268	[-57.66076484360155, 0]
268	[-57.66076484360155, 0]
268	[-57.66076484360155, 0]
268	[-57.66076484360155, 0]
268	[-57.66076484360155, 0]
268	[-57.66076484360155, 0]
268	[-57.66076484360155, 0]
268	[-57.66076484360155, 0]
268	[-57.66076484360155, 0]
268	[-57.66076484360155, 0]
268	[-57.66076484360155, 0]
268	[-57.66076484360155, 0]
268	[-57.66076484360155, 0]
268	[-57.66076484360155, 0]
268	[-57.66076484360155, 0]
268	[-57.66076484360155, 0]
268	[-57.66076484360155, 0]
268	[-57.66076484360155, 0]
268	[-57.66076484360155, 0]
268	[-57.66076484360155, 0]
268	[-57.66076484360155, 0]
268	[-57.66076484360155, 0]
268	[-57.66076484360155, 0]
268	[-57.66076484360155, 0]
268	[-57.66076484360155, 0]
268	[-57.66076484360155, 0]
268	[-57.66076484360155, 0]
268	[-57.66076484360155, 0]
268	[-57.66076484360155, 0]
268	[-57.66076484360155, 0]
268	[-57.66076484360155, 0]
268	[-57.66076484360155, 0]
268	[-57.66076484360155, 0]
268	[-57.66076484360155, 0]
268	[-57.66076484360155, 0]
268	[-57.66076484360155, 0]
268	[-57.66076484360155, 0]
268	[-57.66076484360155, 0]
268	[-57.66076484360155, 0]
268	[-57.66076484360155, 0]
268	[-56.46120542910772, -1]
268	[-56.46120542910772, -1]
268	[-56.46120542910772, -1]
269	[-57.66076484360155, 0]
269	[-57.66076484360155, 0]
269	[-57.66076484360155, 0]
269	[-57.66076484360155, 0]
269	[-57.66076484360155, 0]
269	[-57.66076484360155, 0]
269	[-57.66076484360155, 0]
269	[-57.66076484360155, 0]
269	[-57.66076484360155, 0]
269	[-57.66076484360155, 0]
269	[-57.66076484360155, 0]
269	[-57.66076484360155, 0]
269	[-57.66076484360155, 0]
269	[-57.66076484360155, 0]
269	[-57.66076484360155, 0]
269	[-57.66076484360155, 0]
269	[-57.66076484360155, 0]
269	[-57.66076484360155, 0]
269	[-57.66076484360155, 0]
269	[-57.66076484360155, 0]
269	[-57.66076484360155, 0]
269	[-57.66076484360155, 0]
269	[-57.66076484360155, 0]
269	[-57.66076484360155, 0]
269	[-57.66076484360155, 0]
269	[-57.66076484360155, 0]
269	[-57.66076484360155, 0]
269	[-57.66076484360155, 0]
269	[-57.66076484360155, 0]
269	[-57.66076484360155, 0]
269	[-57.66076484360155, 0]
269	[-57.66076484360155, 0]
269	[-57.66076484360155, 0]
269	[-57.66076484360155, 0]
269	[-57.66076484360155, 0]
269	[-57.66076484360155, 0]
269	[-57.66076484360155, 0]
269	[-57.66076484360155, 0]
269	[-57.66076484360155, 0]
269	[-57.66076484360155, 0]
269	[-57.66076484360155, 0]
269	[-57.66076484360155, 0]
269	[-57.66076484360155, 0]
269	[-57.66076484360155, 0]
269	[-57.66076484360155, 0]
269	[-57.66076484360155, 0]
269	[-57.66076484360155, 0]
269	[-57.66076484360155, 0]
269	[-57.66076484360155, 0]
269	[-57.66076484360155, 0]
269	[-57.66076484360155, 0]
269	[-57.66076484360155, 0]
269	[-57.66076484360155, 0]
269	[-57.66076484360155, 0]
269	[-57.66076484360155, 0]
269	[-57.66076484360155, 0]
269	[-57.66076484360155, 0]
269	[-57.66076484360155, 0]
269	[-57.66076484360155, 0]
269	[-57.66076484360155, 0]
269	[-57.66076484360155, 0]
269	[-57.66076484360155, 0]
269	[-57.66076484360155, 0]
269	[-57.66076484360155, 0]
269	[-57.66076484360155, 0]
269	[-57.66076484360155, 0]
269	[-57.66076484360155, 0]
269	[-57.66076484360155, 0]
269	[-57.66076484360155, 0]
269	[-57.66076484360155, 0]
269	[-57.66076484360155, 0]
269	[-57.66076484360155, 0]
269	[-57.66076484360155, 0]
269	[-57.66076484360155, 0]
269	[-57.66076484360155, 0]
269	[-57.66076484360155, 0]
269	[-57.66076484360155, 0]
269	[-56.46120542910772, -1]
269	[-56.46120542910772, -1]
269	[-56.46120542910772, -1]
270	[-57.66076484360155, 0]
270	[-57.66076484360155, 0]
270	[-57.66076484360155, 0]
270	[-57.66076484360155, 0]
270	[-57.66076484360155, 0]
270	[-57.66076484360155, 0]
270	[-57.66076484360155, 0]
270	[-57.66076484360155, 0]
270	[-57.66076484360155, 0]
270	[-57.66076484360155, 0]
270	[-57.66076484360155, 0]
270	[-57.66076484360155, 0]
270	[-57.66076484360155, 0]
270	[-57.66076484360155, 0]
270	[-57.66076484360155, 0]
270	[-57.66076484360155, 0]
270	[-57.66076484360155, 0]
270	[-57.66076484360155, 0]
270	[-57.66076484360155, 0]
270	[-57.66076484360155, 0]
270	[-57.66076484360155, 0]
270	[-57.66076484360155, 0]
270	[-57.66076484360155, 0]
270	[-57.66076484360155, 0]
270	[-57.66076484360155, 0]
270	[-57.66076484360155, 0]
270	[-57.66076484360155, 0]
270	[-57.66076484360155, 0]
270	[-57.66076484360155, 0]
270	[-57.66076484360155, 0]
270	[-57.66076484360155, 0]
270	[-57.66076484360155, 0]
270	[-57.66076484360155, 0]
270	[-57.66076484360155, 0]
270	[-57.66076484360155, 0]
270	[-57.66076484360155, 0]
270	[-57.66076484360155, 0]
270	[-57.66076484360155, 0]
270	[-57.66076484360155, 0]
270	[-57.66076484360155, 0]
270	[-57.66076484360155, 0]
270	[-57.66076484360155, 0]
270	[-57.66076484360155, 0]
270	[-57.66076484360155, 0]
270	[-57.66076484360155, 0]
270	[-57.66076484360155, 0]
270	[-57.66076484360155, 0]
270	[-57.66076484360155, 0]
270	[-57.66076484360155, 0]
270	[-57.66076484360155, 0]
270	[-57.66076484360155, 0]
270	[-57.66076484360155, 0]
270	[-57.66076484360155, 0]
270	[-57.66076484360155, 0]
270	[-57.66076484360155, 0]
270	[-57.66076484360155, 0]
270	[-57.66076484360155, 0]
270	[-57.66076484360155, 0]
270	[-57.66076484360155, 0]
270	[-57.66076484360155, 0]
270	[-57.66076484360155, 0]
270	[-57.66076484360155, 0]
270	[-57.66076484360155, 0]
270	[-57.66076484360155, 0]
270	[-57.66076484360155, 0]
270	[-57.66076484360155, 0]
270	[-57.66076484360155, 0]
270	[-57.66076484360155, 0]
270	[-57.66076484360155, 0]
270	[-57.66076484360155, 0]
270	[-57.66076484360155, 0]
270	[-57.66076484360155, 0]
270	[-57.66076484360155, 0]
270	[-57.66076484360155, 0]
270	[-57.66076484360155, 0]
270	[-56.46120542910772, -1]
270	[-56.46120542910772, -1]
270	[-56.46120542910772, -1]
270	[-56.46120542910772, -1]
270	[-56.46120542910772, -1]
271	[-57.66076484360155, 0]
271	[-57.66076484360155, 0]
271	[-57.66076484360155, 0]
271	[-57.66076484360155, 0]
271	[-57.66076484360155, 0]
271	[-57.66076484360155, 0]
271	[-57.66076484360155, 0]
271	[-57.66076484360155, 0]
271	[-57.66076484360155, 0]
271	[-57.66076484360155, 0]
271	[-57.66076484360155, 0]
271	[-57.66076484360155, 0]
271	[-57.66076484360155, 0]
271	[-57.66076484360155, 0]
271	[-57.66076484360155, 0]
271	[-57.66076484360155, 0]
271	[-57.66076484360155, 0]
271	[-57.66076484360155, 0]
271	[-57.66076484360155, 0]
271	[-57.66076484360155, 0]
271	[-57.66076484360155, 0]
271	[-57.66076484360155, 0]
271	[-57.66076484360155, 0]
271	[-57.66076484360155, 0]
271	[-57.66076484360155, 0]
271	[-57.66076484360155, 0]
271	[-57.66076484360155, 0]
271	[-57.66076484360155, 0]
271	[-57.66076484360155, 0]
271	[-57.66076484360155, 0]
271	[-57.66076484360155, 0]
271	[-57.66076484360155, 0]
271	[-57.66076484360155, 0]
271	[-57.66076484360155, 0]
271	[-57.66076484360155, 0]
271	[-57.66076484360155, 0]
271	[-57.66076484360155, 0]
271	[-57.66076484360155, 0]
271	[-57.66076484360155, 0]
271	[-57.66076484360155, 0]
271	[-57.66076484360155, 0]
271	[-57.66076484360155, 0]
271	[-57.66076484360155, 0]
271	[-57.66076484360155, 0]
271	[-57.66076484360155, 0]
271	[-57.66076484360155, 0]
271	[-57.66076484360155, 0]
271	[-57.66076484360155, 0]
271	[-57.66076484360155, 0]
271	[-57.66076484360155, 0]
271	[-57.66076484360155, 0]
271	[-57.66076484360155, 0]
271	[-57.66076484360155, 0]
271	[-57.66076484360155, 0]
271	[-57.66076484360155, 0]
271	[-57.66076484360155, 0]
271	[-57.66076484360155, 0]
271	[-57.66076484360155, 0]
271	[-57.66076484360155, 0]
271	[-57.66076484360155, 0]
271	[-57.66076484360155, 0]
271	[-57.66076484360155, 0]
271	[-57.66076484360155, 0]
271	[-57.66076484360155, 0]
271	[-57.66076484360155, 0]
271	[-57.66076484360155, 0]
271	[-57.66076484360155, 0]
271	[-57.66076484360155, 0]
271	[-57.66076484360155, 0]
271	[-57.66076484360155, 0]
271	[-57.66076484360155, 0]
271	[-57.66076484360155, 0]
271	[-57.66076484360155, 0]
271	[-57.66076484360155, 0]
271	[-57.66076484360155, 0]
271	[-56.46120542910772, -1]
271	[-56.46120542910772, -1]
271	[-56.46120542910772, -1]
271	[-56.46120542910772, -1]
271	[-56.46120542910772, -1]
272	[-57.66076484360155, 0]
272	[-57.66076484360155, 0]
272	[-57.66076484360155, 0]
272	[-57.66076484360155, 0]
272	[-57.66076484360155, 0]
272	[-57.66076484360155, 0]
272	[-57.66076484360155, 0]
272	[-57.66076484360155, 0]
272	[-57.66076484360155, 0]
272	[-57.66076484360155, 0]
272	[-57.66076484360155, 0]
272	[-57.66076484360155, 0]
272	[-57.66076484360155, 0]
272	[-57.66076484360155, 0]
272	[-57.66076484360155, 0]
272	[-57.66076484360155, 0]
272	[-57.66076484360155, 0]
272	[-57.66076484360155, 0]
272	[-57.66076484360155, 0]
272	[-57.66076484360155, 0]
272	[-57.66076484360155, 0]
272	[-57.66076484360155, 0]
272	[-57.66076484360155, 0]
272	[-57.66076484360155, 0]
272	[-57.66076484360155, 0]
272	[-57.66076484360155, 0]
272	[-57.66076484360155, 0]
272	[-57.66076484360155, 0]
272	[-57.66076484360155, 0]
272	[-57.66076484360155, 0]
272	[-57.66076484360155, 0]
272	[-57.66076484360155, 0]
272	[-57.66076484360155, 0]
272	[-57.66076484360155, 0]
272	[-57.66076484360155, 0]
272	[-57.66076484360155, 0]
272	[-57.66076484360155, 0]
272	[-57.66076484360155, 0]
272	[-57.66076484360155, 0]
272	[-57.66076484360155, 0]
272	[-57.66076484360155, 0]
272	[-57.66076484360155, 0]
272	[-57.66076484360155, 0]
272	[-57.66076484360155, 0]
272	[-57.66076484360155, 0]
272	[-57.66076484360155, 0]
272	[-57.66076484360155, 0]
272	[-57.66076484360155, 0]
272	[-57.66076484360155, 0]
272	[-57.66076484360155, 0]
272	[-57.66076484360155, 0]
272	[-57.66076484360155, 0]
272	[-57.66076484360155, 0]
272	[-57.66076484360155, 0]
272	[-57.66076484360155, 0]
272	[-57.66076484360155, 0]
272	[-57.66076484360155, 0]
272	[-57.66076484360155, 0]
272	[-57.66076484360155, 0]
272	[-57.66076484360155, 0]
272	[-57.66076484360155, 0]
272	[-57.66076484360155, 0]
272	[-57.66076484360155, 0]
272	[-57.66076484360155, 0]
272	[-57.66076484360155, 0]
272	[-57.66076484360155, 0]
272	[-57.66076484360155, 0]
272	[-57.66076484360155, 0]
272	[-57.66076484360155, 0]
272	[-57.66076484360155, 0]
272	[-57.66076484360155, 0]
272	[-57.66076484360155, 0]
272	[-57.66076484360155, 0]
272	[-57.66076484360155, 0]
272	[-56.46120542910772, -1]
272	[-56.46120542910772, -1]
272	[-56.46120542910772, -1]
272	[-56.46120542910772, -1]
272	[-56.46120542910772, -1]
272	[-56.46120542910772, -1]
273	[-57.66076484360155, 0]
273	[-57.66076484360155, 0]
273	[-57.66076484360155, 0]
273	[-57.66076484360155, 0]
273	[-57.66076484360155, 0]
273	[-57.66076484360155, 0]
273	[-57.66076484360155, 0]
273	[-57.66076484360155, 0]
273	[-57.66076484360155, 0]
273	[-57.66076484360155, 0]
273	[-57.66076484360155, 0]
273	[-57.66076484360155, 0]
273	[-57.66076484360155, 0]
273	[-57.66076484360155, 0]
273	[-57.66076484360155, 0]
273	[-57.66076484360155, 0]
273	[-57.66076484360155, 0]
273	[-57.66076484360155, 0]
273	[-57.66076484360155, 0]
273	[-57.66076484360155, 0]
273	[-57.66076484360155, 0]
273	[-57.66076484360155, 0]
273	[-57.66076484360155, 0]
273	[-57.66076484360155, 0]
273	[-57.66076484360155, 0]
273	[-57.66076484360155, 0]
273	[-57.66076484360155, 0]
273	[-57.66076484360155, 0]
273	[-57.66076484360155, 0]
273	[-57.66076484360155, 0]
273	[-57.66076484360155, 0]
273	[-57.66076484360155, 0]
273	[-57.66076484360155, 0]
273	[-57.66076484360155, 0]
273	[-57.66076484360155, 0]
273	[-57.66076484360155, 0]
273	[-57.66076484360155, 0]
273	[-57.66076484360155, 0]
273	[-57.66076484360155, 0]
273	[-57.66076484360155, 0]
273	[-57.66076484360155, 0]
273	[-57.66076484360155, 0]
273	[-57.66076484360155, 0]
273	[-57.66076484360155, 0]
273	[-57.66076484360155, 0]
273	[-57.66076484360155, 0]
273	[-57.66076484360155, 0]
273	[-57.66076484360155, 0]
273	[-57.66076484360155, 0]
273	[-57.66076484360155, 0]
273	[-57.66076484360155, 0]
273	[-57.66076484360155, 0]
273	[-57.66076484360155, 0]
273	[-57.66076484360155, 0]
273	[-57.66076484360155, 0]
273	[-57.66076484360155, 0]
273	[-57.66076484360155, 0]
273	[-57.66076484360155, 0]
273	[-57.66076484360155, 0]
273	[-57.66076484360155, 0]
273	[-57.66076484360155, 0]
273	[-57.66076484360155, 0]
273	[-57.66076484360155, 0]
273	[-57.66076484360155, 0]
273	[-57.66076484360155, 0]
273	[-57.66076484360155, 0]
273	[-57.66076484360155, 0]
273	[-57.66076484360155, 0]
273	[-57.66076484360155, 0]
273	[-57.66076484360155, 0]
273	[-57.66076484360155, 0]
273	[-57.66076484360155, 0]
273	[-57.66076484360155, 0]
273	[-56.46120542910772, -1]
273	[-56.46120542910772, -1]
273	[-56.46120542910772, -1]
273	[-56.46120542910772, -1]
273	[-56.46120542910772, -1]
273	[-56.46120542910772, -1]
273	[-56.46120542910772, -1]
274	[-57.66076484360155, 0]
274	[-57.66076484360155, 0]
274	[-57.66076484360155, 0]
274	[-57.66076484360155, 0]
274	[-57.66076484360155, 0]
274	[-57.66076484360155, 0]
274	[-57.66076484360155, 0]
274	[-57.66076484360155, 0]
274	[-57.66076484360155, 0]
274	[-57.66076484360155, 0]
274	[-57.66076484360155, 0]
274	[-57.66076484360155, 0]
274	[-57.66076484360155, 0]
274	[-57.66076484360155, 0]
274	[-57.66076484360155, 0]
274	[-57.66076484360155, 0]
274	[-57.66076484360155, 0]
274	[-57.66076484360155, 0]
274	[-57.66076484360155, 0]
274	[-57.66076484360155, 0]
274	[-57.66076484360155, 0]
274	[-57.66076484360155, 0]
274	[-57.66076484360155, 0]
274	[-57.66076484360155, 0]
274	[-57.66076484360155, 0]
274	[-57.66076484360155, 0]
274	[-57.66076484360155, 0]
274	[-57.66076484360155, 0]
274	[-57.66076484360155, 0]
274	[-57.66076484360155, 0]
274	[-57.66076484360155, 0]
274	[-57.66076484360155, 0]
274	[-57.66076484360155, 0]
274	[-57.66076484360155, 0]
274	[-57.66076484360155, 0]
274	[-57.66076484360155, 0]
274	[-57.66076484360155, 0]
274	[-57.66076484360155, 0]
274	[-57.66076484360155, 0]
274	[-57.66076484360155, 0]
274	[-57.66076484360155, 0]
274	[-57.66076484360155, 0]
274	[-57.66076484360155, 0]
274	[-57.66076484360155, 0]
274	[-57.66076484360155, 0]
274	[-57.66076484360155, 0]
274	[-57.66076484360155, 0]
274	[-57.66076484360155, 0]
274	[-57.66076484360155, 0]
274	[-57.66076484360155, 0]
274	[-57.66076484360155, 0]
274	[-57.66076484360155, 0]
274	[-57.66076484360155, 0]
274	[-57.66076484360155, 0]
274	[-57.66076484360155, 0]
274	[-57.66076484360155, 0]
274	[-57.66076484360155, 0]
274	[-57.66076484360155, 0]
274	[-57.66076484360155, 0]
274	[-57.66076484360155, 0]
274	[-57.66076484360155, 0]
274	[-57.66076484360155, 0]
274	[-57.66076484360155, 0]
274	[-57.66076484360155, 0]
274	[-57.66076484360155, 0]
274	[-57.66076484360155, 0]
274	[-57.66076484360155, 0]
274	[-57.66076484360155, 0]
274	[-57.66076484360155, 0]
274	[-57.66076484360155, 0]
274	[-57.66076484360155, 0]
274	[-57.66076484360155, 0]
274	[-56.46120542910772, -1]
274	[-56.46120542910772, -1]
274	[-56.46120542910772, -1]
274	[-56.46120542910772, -1]
274	[-56.46120542910772, -1]
274	[-56.46120542910772, -1]
274	[-56.46120542910772, -1]
274	[-56.46120542910772, -1]
275	[-57.66076484360155, 0]
275	[-57.66076484360155, 0]
275	[-57.66076484360155, 0]
275	[-57.66076484360155, 0]
275	[-57.66076484360155, 0]
275	[-57.66076484360155, 0]
275	[-57.66076484360155, 0]
275	[-57.66076484360155, 0]
275	[-57.66076484360155, 0]
275	[-57.66076484360155, 0]
275	[-57.66076484360155, 0]
275	[-57.66076484360155, 0]
275	[-57.66076484360155, 0]
275	[-57.66076484360155, 0]
275	[-57.66076484360155, 0]
275	[-57.66076484360155, 0]
275	[-57.66076484360155, 0]
275	[-57.66076484360155, 0]
275	[-57.66076484360155, 0]
275	[-57.66076484360155, 0]
275	[-57.66076484360155, 0]
275	[-57.66076484360155, 0]
275	[-57.66076484360155, 0]
275	[-57.66076484360155, 0]
275	[-57.66076484360155, 0]
275	[-57.66076484360155, 0]
275	[-57.66076484360155, 0]
275	[-57.66076484360155, 0]
275	[-57.66076484360155, 0]
275	[-57.66076484360155, 0]
275	[-57.66076484360155, 0]
275	[-57.66076484360155, 0]
275	[-57.66076484360155, 0]
275	[-57.66076484360155, 0]
275	[-57.66076484360155, 0]
275	[-57.66076484360155, 0]
275	[-57.66076484360155, 0]
275	[-57.66076484360155, 0]
275	[-57.66076484360155, 0]
275	[-57.66076484360155, 0]
275	[-57.66076484360155, 0]
275	[-57.66076484360155, 0]
275	[-57.66076484360155, 0]
275	[-57.66076484360155, 0]
275	[-57.66076484360155, 0]
275	[-57.66076484360155, 0]
275	[-57.66076484360155, 0]
275	[-57.66076484360155, 0]
275	[-57.66076484360155, 0]
275	[-57.66076484360155, 0]
275	[-57.66076484360155, 0]
275	[-57.66076484360155, 0]
275	[-57.66076484360155, 0]
275	[-57.66076484360155, 0]
275	[-57.66076484360155, 0]
275	[-57.66076484360155, 0]
275	[-57.66076484360155, 0]
275	[-57.66076484360155, 0]
275	[-57.66076484360155, 0]
275	[-57.66076484360155, 0]
275	[-57.66076484360155, 0]
275	[-57.66076484360155, 0]
275	[-57.66076484360155, 0]
275	[-57.66076484360155, 0]
275	[-57.66076484360155, 0]
275	[-57.66076484360155, 0]
275	[-57.66076484360155, 0]
275	[-57.66076484360155, 0]
275	[-57.66076484360155, 0]
275	[-57.66076484360155, 0]
275	[-56.46120542910772, -1]
275	[-56.46120542910772, -1]
275	[-56.46120542910772, -1]
275	[-56.46120542910772, -1]
275	[-56.46120542910772, -1]
275	[-56.46120542910772, -1]
275	[-56.46120542910772, -1]
275	[-56.46120542910772, -1]
275	[-56.46120542910772, -1]
275	[-56.46120542910772, -1]
276	[-57.66076484360155, 0]
276	[-57.66076484360155, 0]
276	[-57.66076484360155, 0]
276	[-57.66076484360155, 0]
276	[-57.66076484360155, 0]
276	[-57.66076484360155, 0]
276	[-57.66076484360155, 0]
276	[-57.66076484360155, 0]
276	[-57.66076484360155, 0]
276	[-57.66076484360155, 0]
276	[-57.66076484360155, 0]
276	[-57.66076484360155, 0]
276	[-57.66076484360155, 0]
276	[-57.66076484360155, 0]
276	[-57.66076484360155, 0]
276	[-57.66076484360155, 0]
276	[-57.66076484360155, 0]
276	[-57.66076484360155, 0]
276	[-57.66076484360155, 0]
276	[-57.66076484360155, 0]
276	[-57.66076484360155, 0]
276	[-57.66076484360155, 0]
276	[-57.66076484360155, 0]
276	[-57.66076484360155, 0]
276	[-57.66076484360155, 0]
276	[-57.66076484360155, 0]
276	[-57.66076484360155, 0]
276	[-57.66076484360155, 0]
276	[-57.66076484360155, 0]
276	[-57.66076484360155, 0]
276	[-57.66076484360155, 0]
276	[-57.66076484360155, 0]
276	[-57.66076484360155, 0]
276	[-57.66076484360155, 0]
276	[-57.66076484360155, 0]
276	[-57.66076484360155, 0]
276	[-57.66076484360155, 0]
276	[-57.66076484360155, 0]
276	[-57.66076484360155, 0]
276	[-57.66076484360155, 0]
276	[-57.66076484360155, 0]
276	[-57.66076484360155, 0]
276	[-57.66076484360155, 0]
276	[-57.66076484360155, 0]
276	[-57.66076484360155, 0]
276	[-57.66076484360155, 0]
276	[-57.66076484360155, 0]
276	[-57.66076484360155, 0]
276	[-57.66076484360155, 0]
276	[-57.66076484360155, 0]
276	[-57.66076484360155, 0]
276	[-57.66076484360155, 0]
276	[-57.66076484360155, 0]
276	[-57.66076484360155, 0]
276	[-57.66076484360155, 0]
276	[-57.66076484360155, 0]
276	[-57.66076484360155, 0]
276	[-57.66076484360155, 0]
276	[-57.66076484360155, 0]
276	[-57.66076484360155, 0]
276	[-57.66076484360155, 0]
276	[-57.66076484360155, 0]
276	[-57.66076484360155, 0]
276	[-57.66076484360155, 0]
276	[-57.66076484360155, 0]
276	[-57.66076484360155, 0]
276	[-57.66076484360155, 0]
276	[-57.66076484360155, 0]
276	[-56.46120542910772, -1]
276	[-56.46120542910772, -1]
276	[-56.46120542910772, -1]
276	[-56.46120542910772, -1]
276	[-56.46120542910772, -1]
276	[-56.46120542910772, -1]
276	[-56.46120542910772, -1]
276	[-56.46120542910772, -1]
276	[-56.46120542910772, -1]
276	[-56.46120542910772, -1]
276	[-56.46120542910772, -1]
276	[-56.46120542910772, -1]
277	[-57.66076484360155, 0]
277	[-57.66076484360155, 0]
277	[-57.66076484360155, 0]
277	[-57.66076484360155, 0]
277	[-57.66076484360155, 0]
277	[-57.66076484360155, 0]
277	[-57.66076484360155, 0]
277	[-57.66076484360155, 0]
277	[-57.66076484360155, 0]
277	[-57.66076484360155, 0]
277	[-57.66076484360155, 0]
277	[-57.66076484360155, 0]
277	[-57.66076484360155, 0]
277	[-57.66076484360155, 0]
277	[-57.66076484360155, 0]
277	[-57.66076484360155, 0]
277	[-57.66076484360155, 0]
277	[-57.66076484360155, 0]
277	[-57.66076484360155, 0]
277	[-57.66076484360155, 0]
277	[-57.66076484360155, 0]
277	[-57.66076484360155, 0]
277	[-57.66076484360155, 0]
277	[-57.66076484360155, 0]
277	[-57.66076484360155, 0]
277	[-57.66076484360155, 0]
277	[-57.66076484360155, 0]
277	[-57.66076484360155, 0]
277	[-57.66076484360155, 0]
277	[-57.66076484360155, 0]
277	[-57.66076484360155, 0]
277	[-57.66076484360155, 0]
277	[-57.66076484360155, 0]
277	[-57.66076484360155, 0]
277	[-57.66076484360155, 0]
277	[-57.66076484360155, 0]
277	[-57.66076484360155, 0]
277	[-57.66076484360155, 0]
277	[-57.66076484360155, 0]
277	[-57.66076484360155, 0]
277	[-57.66076484360155, 0]
277	[-57.66076484360155, 0]
277	[-57.66076484360155, 0]
277	[-57.66076484360155, 0]
277	[-57.66076484360155, 0]
277	[-57.66076484360155, 0]
277	[-57.66076484360155, 0]
277	[-57.66076484360155, 0]
277	[-57.66076484360155, 0]
277	[-57.66076484360155, 0]
277	[-57.66076484360155, 0]
277	[-57.66076484360155, 0]
277	[-57.66076484360155, 0]
277	[-57.66076484360155, 0]
277	[-57.66076484360155, 0]
277	[-57.66076484360155, 0]
277	[-57.66076484360155, 0]
277	[-57.66076484360155, 0]
277	[-57.66076484360155, 0]
277	[-57.66076484360155, 0]
277	[-57.66076484360155, 0]
277	[-57.66076484360155, 0]
277	[-57.66076484360155, 0]
277	[-57.66076484360155, 0]
277	[-57.66076484360155, 0]
277	[-57.66076484360155, 0]
277	[-57.66076484360155, 0]
277	[-57.66076484360155, 0]
277	[-56.46120542910772, -1]
277	[-56.46120542910772, -1]
277	[-56.46120542910772, -1]
277	[-56.46120542910772, -1]
277	[-56.46120542910772, -1]
277	[-56.46120542910772, -1]
277	[-56.46120542910772, -1]
277	[-56.46120542910772, -1]
277	[-56.46120542910772, -1]
277	[-56.46120542910772, -1]
277	[-56.46120542910772, -1]
277	[-56.46120542910772, -1]
278	[-57.66076484360155, 0]
278	[-57.66076484360155, 0]
278	[-57.66076484360155, 0]
278	[-57.66076484360155, 0]
278	[-57.66076484360155, 0]
278	[-57.66076484360155, 0]
278	[-57.66076484360155, 0]
278	[-57.66076484360155, 0]
278	[-57.66076484360155, 0]
278	[-57.66076484360155, 0]
278	[-57.66076484360155, 0]
278	[-57.66076484360155, 0]
278	[-57.66076484360155, 0]
278	[-57.66076484360155, 0]
278	[-57.66076484360155, 0]
278	[-57.66076484360155, 0]
278	[-57.66076484360155, 0]
278	[-57.66076484360155, 0]
278	[-57.66076484360155, 0]
278	[-57.66076484360155, 0]
278	[-57.66076484360155, 0]
278	[-57.66076484360155, 0]
278	[-57.66076484360155, 0]
278	[-57.66076484360155, 0]
278	[-57.66076484360155, 0]
278	[-57.66076484360155, 0]
278	[-57.66076484360155, 0]
278	[-57.66076484360155, 0]
278	[-57.66076484360155, 0]
278	[-57.66076484360155, 0]
278	[-57.66076484360155, 0]
278	[-57.66076484360155, 0]
278	[-57.66076484360155, 0]
278	[-57.66076484360155, 0]
278	[-57.66076484360155, 0]
278	[-57.66076484360155, 0]
278	[-57.66076484360155, 0]
278	[-57.66076484360155, 0]
278	[-57.66076484360155, 0]
278	[-57.66076484360155, 0]
278	[-57.66076484360155, 0]
278	[-57.66076484360155, 0]
278	[-57.66076484360155, 0]
278	[-57.66076484360155, 0]
278	[-57.66076484360155, 0]
278	[-57.66076484360155, 0]
278	[-57.66076484360155, 0]
278	[-57.66076484360155, 0]
278	[-57.66076484360155, 0]
278	[-57.66076484360155, 0]
278	[-57.66076484360155, 0]
278	[-57.66076484360155, 0]
278	[-57.66076484360155, 0]
278	[-57.66076484360155, 0]
278	[-57.66076484360155, 0]
278	[-57.66076484360155, 0]
278	[-57.66076484360155, 0]
278	[-57.66076484360155, 0]
278	[-57.66076484360155, 0]
278	[-57.66076484360155, 0]
278	[-57.66076484360155, 0]
278	[-57.66076484360155, 0]
278	[-57.66076484360155, 0]
278	[-57.66076484360155, 0]
278	[-57.66076484360155, 0]
278	[-57.66076484360155, 0]
278	[-57.66076484360155, 0]
278	[-56.46120542910772, -1]
278	[-56.46120542910772, -1]
278	[-56.46120542910772, -1]
278	[-56.46120542910772, -1]
278	[-56.46120542910772, -1]
278	[-56.46120542910772, -1]
278	[-56.46120542910772, -1]
278	[-56.46120542910772, -1]
278	[-56.46120542910772, -1]
278	[-56.46120542910772, -1]
278	[-56.46120542910772, -1]
278	[-56.46120542910772, -1]
278	[-56.46120542910772, -1]
279	[-57.66076484360155, 0]
279	[-57.66076484360155, 0]
279	[-57.66076484360155, 0]
279	[-57.66076484360155, 0]
279	[-57.66076484360155, 0]
279	[-57.66076484360155, 0]
279	[-57.66076484360155, 0]
279	[-57.66076484360155, 0]
279	[-57.66076484360155, 0]
279	[-57.66076484360155, 0]
279	[-57.66076484360155, 0]
279	[-57.66076484360155, 0]
279	[-57.66076484360155, 0]
279	[-57.66076484360155, 0]
279	[-57.66076484360155, 0]
279	[-57.66076484360155, 0]
279	[-57.66076484360155, 0]
279	[-57.66076484360155, 0]
279	[-57.66076484360155, 0]
279	[-57.66076484360155, 0]
279	[-57.66076484360155, 0]
279	[-57.66076484360155, 0]
279	[-57.66076484360155, 0]
279	[-57.66076484360155, 0]
279	[-57.66076484360155, 0]
279	[-57.66076484360155, 0]
279	[-57.66076484360155, 0]
279	[-57.66076484360155, 0]
279	[-57.66076484360155, 0]
279	[-57.66076484360155, 0]
279	[-57.66076484360155, 0]
279	[-57.66076484360155, 0]
279	[-57.66076484360155, 0]
279	[-57.66076484360155, 0]
279	[-57.66076484360155, 0]
279	[-57.66076484360155, 0]
279	[-57.66076484360155, 0]
279	[-57.66076484360155, 0]
279	[-57.66076484360155, 0]
279	[-57.66076484360155, 0]
279	[-57.66076484360155, 0]
279	[-57.66076484360155, 0]
279	[-57.66076484360155, 0]
279	[-57.66076484360155, 0]
279	[-57.66076484360155, 0]
279	[-57.66076484360155, 0]
279	[-57.66076484360155, 0]
279	[-57.66076484360155, 0]
279	[-57.66076484360155, 0]
279	[-57.66076484360155, 0]
279	[-57.66076484360155, 0]
279	[-57.66076484360155, 0]
279	[-57.66076484360155, 0]
279	[-57.66076484360155, 0]
279	[-57.66076484360155, 0]
279	[-57.66076484360155, 0]
279	[-57.66076484360155, 0]
279	[-57.66076484360155, 0]
279	[-57.66076484360155, 0]
279	[-57.66076484360155, 0]
279	[-57.66076484360155, 0]
279	[-57.66076484360155, 0]
279	[-57.66076484360155, 0]
279	[-57.66076484360155, 0]
279	[-57.66076484360155, 0]
279	[-57.66076484360155, 0]
279	[-57.66076484360155, 0]
279	[-57.66076484360155, 0]
279	[-57.66076484360155, 0]
279	[-56.46120542910772, -1]
279	[-56.46120542910772, -1]
279	[-56.46120542910772, -1]
279	[-56.46120542910772, -1]
279	[-56.46120542910772, -1]
279	[-56.46120542910772, -1]
279	[-56.46120542910772, -1]
279	[-56.46120542910772, -1]
279	[-56.46120542910772, -1]
279	[-56.46120542910772, -1]
279	[-56.46120542910772, -1]
280	[-57.66076484360155, 0]
280	[-57.66076484360155, 0]
280	[-57.66076484360155, 0]
280	[-57.66076484360155, 0]
280	[-57.66076484360155, 0]
280	[-57.66076484360155, 0]
280	[-57.66076484360155, 0]
280	[-57.66076484360155, 0]
280	[-57.66076484360155, 0]
280	[-57.66076484360155, 0]
280	[-57.66076484360155, 0]
280	[-57.66076484360155, 0]
280	[-57.66076484360155, 0]
280	[-57.66076484360155, 0]
280	[-57.66076484360155, 0]
280	[-57.66076484360155, 0]
280	[-57.66076484360155, 0]
280	[-57.66076484360155, 0]
280	[-57.66076484360155, 0]
280	[-57.66076484360155, 0]
280	[-57.66076484360155, 0]
280	[-57.66076484360155, 0]
280	[-57.66076484360155, 0]
280	[-57.66076484360155, 0]
280	[-57.66076484360155, 0]
280	[-57.66076484360155, 0]
280	[-57.66076484360155, 0]
280	[-57.66076484360155, 0]
280	[-57.66076484360155, 0]
280	[-57.66076484360155, 0]
280	[-57.66076484360155, 0]
280	[-57.66076484360155, 0]
280	[-57.66076484360155, 0]
280	[-57.66076484360155, 0]
280	[-57.66076484360155, 0]
280	[-57.66076484360155, 0]
280	[-57.66076484360155, 0]
280	[-57.66076484360155, 0]
280	[-57.66076484360155, 0]
280	[-57.66076484360155, 0]
280	[-57.66076484360155, 0]
280	[-57.66076484360155, 0]
280	[-57.66076484360155, 0]
280	[-57.66076484360155, 0]
280	[-57.66076484360155, 0]
280	[-57.66076484360155, 0]
280	[-57.66076484360155, 0]
280	[-57.66076484360155, 0]
280	[-57.66076484360155, 0]
280	[-57.66076484360155, 0]
280	[-57.66076484360155, 0]
280	[-57.66076484360155, 0]
280	[-57.66076484360155, 0]
280	[-57.66076484360155, 0]
280	[-57.66076484360155, 0]
280	[-57.66076484360155, 0]
280	[-57.66076484360155, 0]
280	[-57.66076484360155, 0]
280	[-57.66076484360155, 0]
280	[-57.66076484360155, 0]
280	[-57.66076484360155, 0]
280	[-57.66076484360155, 0]
280	[-57.66076484360155, 0]
280	[-57.66076484360155, 0]
280	[-57.66076484360155, 0]
280	[-57.66076484360155, 0]
280	[-57.66076484360155, 0]
280	[-57.66076484360155, 0]
280	[-57.66076484360155, 0]
280	[-56.46120542910772, -1]
280	[-56.46120542910772, -1]
280	[-56.46120542910772, -1]
280	[-56.46120542910772, -1]
280	[-56.46120542910772, -1]
280	[-56.46120542910772, -1]
280	[-56.46120542910772, -1]
280	[-56.46120542910772, -1]
280	[-56.46120542910772, -1]
280	[-56.46120542910772, -1]
280	[-56.46120542910772, -1]
281	[-57.66076484360155, 0]
281	[-57.66076484360155, 0]
281	[-57.66076484360155, 0]
281	[-57.66076484360155, 0]
281	[-57.66076484360155, 0]
281	[-57.66076484360155, 0]
281	[-57.66076484360155, 0]
281	[-57.66076484360155, 0]
281	[-57.66076484360155, 0]
281	[-57.66076484360155, 0]
281	[-57.66076484360155, 0]
281	[-57.66076484360155, 0]
281	[-57.66076484360155, 0]
281	[-57.66076484360155, 0]
281	[-57.66076484360155, 0]
281	[-57.66076484360155, 0]
281	[-57.66076484360155, 0]
281	[-57.66076484360155, 0]
281	[-57.66076484360155, 0]
281	[-57.66076484360155, 0]
281	[-57.66076484360155, 0]
281	[-57.66076484360155, 0]
281	[-57.66076484360155, 0]
281	[-57.66076484360155, 0]
281	[-57.66076484360155, 0]
281	[-57.66076484360155, 0]
281	[-57.66076484360155, 0]
281	[-57.66076484360155, 0]
281	[-57.66076484360155, 0]
281	[-57.66076484360155, 0]
281	[-57.66076484360155, 0]
281	[-57.66076484360155, 0]
281	[-57.66076484360155, 0]
281	[-57.66076484360155, 0]
281	[-57.66076484360155, 0]
281	[-57.66076484360155, 0]
281	[-57.66076484360155, 0]
281	[-57.66076484360155, 0]
281	[-57.66076484360155, 0]
281	[-57.66076484360155, 0]
281	[-57.66076484360155, 0]
281	[-57.66076484360155, 0]
281	[-57.66076484360155, 0]
281	[-57.66076484360155, 0]
281	[-57.66076484360155, 0]
281	[-57.66076484360155, 0]
281	[-57.66076484360155, 0]
281	[-57.66076484360155, 0]
281	[-57.66076484360155, 0]
281	[-57.66076484360155, 0]
281	[-57.66076484360155, 0]
281	[-57.66076484360155, 0]
281	[-57.66076484360155, 0]
281	[-57.66076484360155, 0]
281	[-57.66076484360155, 0]
281	[-57.66076484360155, 0]
281	[-57.66076484360155, 0]
281	[-57.66076484360155, 0]
281	[-57.66076484360155, 0]
281	[-57.66076484360155, 0]
281	[-57.66076484360155, 0]
281	[-57.66076484360155, 0]
281	[-57.66076484360155, 0]
281	[-57.66076484360155, 0]
281	[-57.66076484360155, 0]
281	[-57.66076484360155, 0]
281	[-57.66076484360155, 0]
281	[-57.66076484360155, 0]
281	[-56.46120542910772, -1]
281	[-56.46120542910772, -1]
281	[-56.46120542910772, -1]
281	[-56.46120542910772, -1]
281	[-56.46120542910772, -1]
281	[-56.46120542910772, -1]
281	[-56.46120542910772, -1]
281	[-56.46120542910772, -1]
281	[-56.46120542910772, -1]
281	[-56.46120542910772, -1]
281	[-56.46120542910772, -1]
281	[-56.46120542910772, -1]
282	[-57.66076484360155, 0]
282	[-57.66076484360155, 0]
282	[-57.66076484360155, 0]
282	[-57.66076484360155, 0]
282	[-57.66076484360155, 0]
282	[-57.66076484360155, 0]
282	[-57.66076484360155, 0]
282	[-57.66076484360155, 0]
282	[-57.66076484360155, 0]
282	[-57.66076484360155, 0]
282	[-57.66076484360155, 0]
282	[-57.66076484360155, 0]
282	[-57.66076484360155, 0]
282	[-57.66076484360155, 0]
282	[-57.66076484360155, 0]
282	[-57.66076484360155, 0]
282	[-57.66076484360155, 0]
282	[-57.66076484360155, 0]
282	[-57.66076484360155, 0]
282	[-57.66076484360155, 0]
282	[-57.66076484360155, 0]
282	[-57.66076484360155, 0]
282	[-57.66076484360155, 0]
282	[-57.66076484360155, 0]
282	[-57.66076484360155, 0]
282	[-57.66076484360155, 0]
282	[-57.66076484360155, 0]
282	[-57.66076484360155, 0]
282	[-57.66076484360155, 0]
282	[-57.66076484360155, 0]
282	[-57.66076484360155, 0]
282	[-57.66076484360155, 0]
282	[-57.66076484360155, 0]
282	[-57.66076484360155, 0]
282	[-57.66076484360155, 0]
282	[-57.66076484360155, 0]
282	[-57.66076484360155, 0]
282	[-57.66076484360155, 0]
282	[-57.66076484360155, 0]
282	[-57.66076484360155, 0]
282	[-57.66076484360155, 0]
282	[-57.66076484360155, 0]
282	[-57.66076484360155, 0]
282	[-57.66076484360155, 0]
282	[-57.66076484360155, 0]
282	[-57.66076484360155, 0]
282	[-57.66076484360155, 0]
282	[-57.66076484360155, 0]
282	[-57.66076484360155, 0]
282	[-57.66076484360155, 0]
282	[-57.66076484360155, 0]
282	[-57.66076484360155, 0]
282	[-57.66076484360155, 0]
282	[-57.66076484360155, 0]
282	[-57.66076484360155, 0]
282	[-57.66076484360155, 0]
282	[-57.66076484360155, 0]
282	[-57.66076484360155, 0]
282	[-57.66076484360155, 0]
282	[-57.66076484360155, 0]
282	[-57.66076484360155, 0]
282	[-57.66076484360155, 0]
282	[-57.66076484360155, 0]
282	[-57.66076484360155, 0]
282	[-57.66076484360155, 0]
282	[-57.66076484360155, 0]
282	[-57.66076484360155, 0]
282	[-57.66076484360155, 0]
282	[-57.66076484360155, 0]
282	[-57.66076484360155, 0]
282	[-56.46120542910772, -1]
282	[-56.46120542910772, -1]
282	[-56.46120542910772, -1]
282	[-56.46120542910772, -1]
282	[-56.46120542910772, -1]
282	[-56.46120542910772, -1]
282	[-56.46120542910772, -1]
282	[-56.46120542910772, -1]
282	[-56.46120542910772, -1]
282	[-56.46120542910772, -1]
283	[-57.66076484360155, 0]
283	[-57.66076484360155, 0]
283	[-57.66076484360155, 0]
283	[-57.66076484360155, 0]
283	[-57.66076484360155, 0]
283	[-57.66076484360155, 0]
283	[-57.66076484360155, 0]
283	[-57.66076484360155, 0]
283	[-57.66076484360155, 0]
283	[-57.66076484360155, 0]
283	[-57.66076484360155, 0]
283	[-57.66076484360155, 0]
283	[-57.66076484360155, 0]
283	[-57.66076484360155, 0]
283	[-57.66076484360155, 0]
283	[-57.66076484360155, 0]
283	[-57.66076484360155, 0]
283	[-57.66076484360155, 0]
283	[-57.66076484360155, 0]
283	[-57.66076484360155, 0]
283	[-57.66076484360155, 0]
283	[-57.66076484360155, 0]
283	[-57.66076484360155, 0]
283	[-57.66076484360155, 0]
283	[-57.66076484360155, 0]
283	[-57.66076484360155, 0]
283	[-57.66076484360155, 0]
283	[-57.66076484360155, 0]
283	[-57.66076484360155, 0]
283	[-57.66076484360155, 0]
283	[-57.66076484360155, 0]
283	[-57.66076484360155, 0]
283	[-57.66076484360155, 0]
283	[-57.66076484360155, 0]
283	[-57.66076484360155, 0]
283	[-57.66076484360155, 0]
283	[-57.66076484360155, 0]
283	[-57.66076484360155, 0]
283	[-57.66076484360155, 0]
283	[-57.66076484360155, 0]
283	[-57.66076484360155, 0]
283	[-57.66076484360155, 0]
283	[-57.66076484360155, 0]
283	[-57.66076484360155, 0]
283	[-57.66076484360155, 0]
283	[-57.66076484360155, 0]
283	[-57.66076484360155, 0]
283	[-57.66076484360155, 0]
283	[-57.66076484360155, 0]
283	[-57.66076484360155, 0]
283	[-57.66076484360155, 0]
283	[-57.66076484360155, 0]
283	[-57.66076484360155, 0]
283	[-57.66076484360155, 0]
283	[-57.66076484360155, 0]
283	[-57.66076484360155, 0]
283	[-57.66076484360155, 0]
283	[-57.66076484360155, 0]
283	[-57.66076484360155, 0]
283	[-57.66076484360155, 0]
283	[-57.66076484360155, 0]
283	[-57.66076484360155, 0]
283	[-57.66076484360155, 0]
283	[-57.66076484360155, 0]
283	[-57.66076484360155, 0]
283	[-57.66076484360155, 0]
283	[-57.66076484360155, 0]
283	[-57.66076484360155, 0]
283	[-57.66076484360155, 0]
283	[-57.66076484360155, 0]
283	[-56.46120542910772, -1]
283	[-56.46120542910772, -1]
283	[-56.46120542910772, -1]
283	[-56.46120542910772, -1]
283	[-56.46120542910772, -1]
283	[-56.46120542910772, -1]
283	[-56.46120542910772, -1]
283	[-56.46120542910772, -1]
283	[-56.46120542910772, -1]
283	[-56.46120542910772, -1]
284	[-57.66076484360155, 0]
284	[-57.66076484360155, 0]
284	[-57.66076484360155, 0]
284	[-57.66076484360155, 0]
284	[-57.66076484360155, 0]
284	[-57.66076484360155, 0]
284	[-57.66076484360155, 0]
284	[-57.66076484360155, 0]
284	[-57.66076484360155, 0]
284	[-57.66076484360155, 0]
284	[-57.66076484360155, 0]
284	[-57.66076484360155, 0]
284	[-57.66076484360155, 0]
284	[-57.66076484360155, 0]
284	[-57.66076484360155, 0]
284	[-57.66076484360155, 0]
284	[-57.66076484360155, 0]
284	[-57.66076484360155, 0]
284	[-57.66076484360155, 0]
284	[-57.66076484360155, 0]
284	[-57.66076484360155, 0]
284	[-57.66076484360155, 0]
284	[-57.66076484360155, 0]
284	[-57.66076484360155, 0]
284	[-57.66076484360155, 0]
284	[-57.66076484360155, 0]
284	[-57.66076484360155, 0]
284	[-57.66076484360155, 0]
284	[-57.66076484360155, 0]
284	[-57.66076484360155, 0]
284	[-57.66076484360155, 0]
284	[-57.66076484360155, 0]
284	[-57.66076484360155, 0]
284	[-57.66076484360155, 0]
284	[-57.66076484360155, 0]
284	[-57.66076484360155, 0]
284	[-57.66076484360155, 0]
284	[-57.66076484360155, 0]
284	[-57.66076484360155, 0]
284	[-57.66076484360155, 0]
284	[-57.66076484360155, 0]
284	[-57.66076484360155, 0]
284	[-57.66076484360155, 0]
284	[-57.66076484360155, 0]
284	[-57.66076484360155, 0]
284	[-57.66076484360155, 0]
284	[-57.66076484360155, 0]
284	[-57.66076484360155, 0]
284	[-57.66076484360155, 0]
284	[-57.66076484360155, 0]
284	[-57.66076484360155, 0]
284	[-57.66076484360155, 0]
284	[-57.66076484360155, 0]
284	[-57.66076484360155, 0]
284	[-57.66076484360155, 0]
284	[-57.66076484360155, 0]
284	[-57.66076484360155, 0]
284	[-57.66076484360155, 0]
284	[-57.66076484360155, 0]
284	[-57.66076484360155, 0]
284	[-57.66076484360155, 0]
284	[-57.66076484360155, 0]
284	[-57.66076484360155, 0]
284	[-57.66076484360155, 0]
284	[-57.66076484360155, 0]
284	[-57.66076484360155, 0]
284	[-57.66076484360155, 0]
284	[-57.66076484360155, 0]
284	[-57.66076484360155, 0]
284	[-57.66076484360155, 0]
284	[-57.66076484360155, 0]
284	[-57.66076484360155, 0]
284	[-56.46120542910772, -1]
284	[-56.46120542910772, -1]
284	[-56.46120542910772, -1]
284	[-56.46120542910772, -1]
284	[-56.46120542910772, -1]
284	[-56.46120542910772, -1]
284	[-56.46120542910772, -1]
284	[-56.46120542910772, -1]
285	[-57.66076484360155, 0]
285	[-57.66076484360155, 0]
285	[-57.66076484360155, 0]
285	[-57.66076484360155, 0]
285	[-57.66076484360155, 0]
285	[-57.66076484360155, 0]
285	[-57.66076484360155, 0]
285	[-57.66076484360155, 0]
285	[-57.66076484360155, 0]
285	[-57.66076484360155, 0]
285	[-57.66076484360155, 0]
285	[-57.66076484360155, 0]
285	[-57.66076484360155, 0]
285	[-57.66076484360155, 0]
285	[-57.66076484360155, 0]
285	[-57.66076484360155, 0]
285	[-57.66076484360155, 0]
285	[-57.66076484360155, 0]
285	[-57.66076484360155, 0]
285	[-57.66076484360155, 0]
285	[-57.66076484360155, 0]
285	[-57.66076484360155, 0]
285	[-57.66076484360155, 0]
285	[-57.66076484360155, 0]
285	[-57.66076484360155, 0]
285	[-57.66076484360155, 0]
285	[-57.66076484360155, 0]
285	[-57.66076484360155, 0]
285	[-57.66076484360155, 0]
285	[-57.66076484360155, 0]
285	[-57.66076484360155, 0]
285	[-57.66076484360155, 0]
285	[-57.66076484360155, 0]
285	[-57.66076484360155, 0]
285	[-57.66076484360155, 0]
285	[-57.66076484360155, 0]
285	[-57.66076484360155, 0]
285	[-57.66076484360155, 0]
285	[-57.66076484360155, 0]
285	[-57.66076484360155, 0]
285	[-57.66076484360155, 0]
285	[-57.66076484360155, 0]
285	[-57.66076484360155, 0]
285	[-57.66076484360155, 0]
285	[-57.66076484360155, 0]
285	[-57.66076484360155, 0]
285	[-57.66076484360155, 0]
285	[-57.66076484360155, 0]
285	[-57.66076484360155, 0]
285	[-57.66076484360155, 0]
285	[-57.66076484360155, 0]
285	[-57.66076484360155, 0]
285	[-57.66076484360155, 0]
285	[-57.66076484360155, 0]
285	[-57.66076484360155, 0]
285	[-57.66076484360155, 0]
285	[-57.66076484360155, 0]
285	[-57.66076484360155, 0]
285	[-57.66076484360155, 0]
285	[-57.66076484360155, 0]
285	[-57.66076484360155, 0]
285	[-57.66076484360155, 0]
285	[-57.66076484360155, 0]
285	[-57.66076484360155, 0]
285	[-57.66076484360155, 0]
285	[-57.66076484360155, 0]
285	[-57.66076484360155, 0]
285	[-57.66076484360155, 0]
285	[-57.66076484360155, 0]
285	[-57.66076484360155, 0]
285	[-57.66076484360155, 0]
285	[-57.66076484360155, 0]
285	[-56.46120542910772, -1]
285	[-56.46120542910772, -1]
285	[-56.46120542910772, -1]
285	[-56.46120542910772, -1]
285	[-56.46120542910772, -1]
285	[-56.46120542910772, -1]
285	[-56.46120542910772, -1]
285	[-56.46120542910772, -1]
286	[-57.66076484360155, 0]
286	[-57.66076484360155, 0]
286	[-57.66076484360155, 0]
286	[-57.66076484360155, 0]
286	[-57.66076484360155, 0]
286	[-57.66076484360155, 0]
286	[-57.66076484360155, 0]
286	[-57.66076484360155, 0]
286	[-57.66076484360155, 0]
286	[-57.66076484360155, 0]
286	[-57.66076484360155, 0]
286	[-57.66076484360155, 0]
286	[-57.66076484360155, 0]
286	[-57.66076484360155, 0]
286	[-57.66076484360155, 0]
286	[-57.66076484360155, 0]
286	[-57.66076484360155, 0]
286	[-57.66076484360155, 0]
286	[-57.66076484360155, 0]
286	[-57.66076484360155, 0]
286	[-57.66076484360155, 0]
286	[-57.66076484360155, 0]
286	[-57.66076484360155, 0]
286	[-57.66076484360155, 0]
286	[-57.66076484360155, 0]
286	[-57.66076484360155, 0]
286	[-57.66076484360155, 0]
286	[-57.66076484360155, 0]
286	[-57.66076484360155, 0]
286	[-57.66076484360155, 0]
286	[-57.66076484360155, 0]
286	[-57.66076484360155, 0]
286	[-57.66076484360155, 0]
286	[-57.66076484360155, 0]
286	[-57.66076484360155, 0]
286	[-57.66076484360155, 0]
286	[-57.66076484360155, 0]
286	[-57.66076484360155, 0]
286	[-57.66076484360155, 0]
286	[-57.66076484360155, 0]
286	[-57.66076484360155, 0]
286	[-57.66076484360155, 0]
286	[-57.66076484360155, 0]
286	[-57.66076484360155, 0]
286	[-57.66076484360155, 0]
286	[-57.66076484360155, 0]
286	[-57.66076484360155, 0]
286	[-57.66076484360155, 0]
286	[-57.66076484360155, 0]
286	[-57.66076484360155, 0]
286	[-57.66076484360155, 0]
286	[-57.66076484360155, 0]
286	[-57.66076484360155, 0]
286	[-57.66076484360155, 0]
286	[-57.66076484360155, 0]
286	[-57.66076484360155, 0]
286	[-57.66076484360155, 0]
286	[-57.66076484360155, 0]
286	[-57.66076484360155, 0]
286	[-57.66076484360155, 0]
286	[-57.66076484360155, 0]
286	[-57.66076484360155, 0]
286	[-57.66076484360155, 0]
286	[-57.66076484360155, 0]
286	[-57.66076484360155, 0]
286	[-57.66076484360155, 0]
286	[-57.66076484360155, 0]
286	[-57.66076484360155, 0]
286	[-57.66076484360155, 0]
286	[-56.46120542910772, -1]
286	[-56.46120542910772, -1]
286	[-56.46120542910772, -1]
286	[-56.46120542910772, -1]
286	[-56.46120542910772, -1]
286	[-56.46120542910772, -1]
286	[-56.46120542910772, -1]
286	[-56.46120542910772, -1]
286	[-56.46120542910772, -1]
286	[-56.46120542910772, -1]
286	[-56.46120542910772, -1]
287	[-57.66076484360155, 0]
287	[-57.66076484360155, 0]
287	[-57.66076484360155, 0]
287	[-57.66076484360155, 0]
287	[-57.66076484360155, 0]
287	[-57.66076484360155, 0]
287	[-57.66076484360155, 0]
287	[-57.66076484360155, 0]
287	[-57.66076484360155, 0]
287	[-57.66076484360155, 0]
287	[-57.66076484360155, 0]
287	[-57.66076484360155, 0]
287	[-57.66076484360155, 0]
287	[-57.66076484360155, 0]
287	[-57.66076484360155, 0]
287	[-57.66076484360155, 0]
287	[-57.66076484360155, 0]
287	[-57.66076484360155, 0]
287	[-57.66076484360155, 0]
287	[-57.66076484360155, 0]
287	[-57.66076484360155, 0]
287	[-57.66076484360155, 0]
287	[-57.66076484360155, 0]
287	[-57.66076484360155, 0]
287	[-57.66076484360155, 0]
287	[-57.66076484360155, 0]
287	[-57.66076484360155, 0]
287	[-57.66076484360155, 0]
287	[-57.66076484360155, 0]
287	[-57.66076484360155, 0]
287	[-57.66076484360155, 0]
287	[-57.66076484360155, 0]
287	[-57.66076484360155, 0]
287	[-57.66076484360155, 0]
287	[-57.66076484360155, 0]
287	[-57.66076484360155, 0]
287	[-57.66076484360155, 0]
287	[-57.66076484360155, 0]
287	[-57.66076484360155, 0]
287	[-57.66076484360155, 0]
287	[-57.66076484360155, 0]
287	[-57.66076484360155, 0]
287	[-57.66076484360155, 0]
287	[-57.66076484360155, 0]
287	[-57.66076484360155, 0]
287	[-57.66076484360155, 0]
287	[-57.66076484360155, 0]
287	[-57.66076484360155, 0]
287	[-57.66076484360155, 0]
287	[-57.66076484360155, 0]
287	[-57.66076484360155, 0]
287	[-57.66076484360155, 0]
287	[-57.66076484360155, 0]
287	[-57.66076484360155, 0]
287	[-57.66076484360155, 0]
287	[-57.66076484360155, 0]
287	[-57.66076484360155, 0]
287	[-57.66076484360155, 0]
287	[-57.66076484360155, 0]
287	[-57.66076484360155, 0]
287	[-57.66076484360155, 0]
287	[-57.66076484360155, 0]
287	[-57.66076484360155, 0]
287	[-57.66076484360155, 0]
287	[-57.66076484360155, 0]
287	[-57.66076484360155, 0]
287	[-57.66076484360155, 0]
287	[-57.66076484360155, 0]
287	[-57.66076484360155, 0]
287	[-56.46120542910772, -1]
287	[-56.46120542910772, -1]
287	[-56.46120542910772, -1]
287	[-56.46120542910772, -1]
287	[-56.46120542910772, -1]
287	[-56.46120542910772, -1]
287	[-56.46120542910772, -1]
287	[-56.46120542910772, -1]
287	[-56.46120542910772, -1]
287	[-56.46120542910772, -1]
287	[-56.46120542910772, -1]
288	[-57.66076484360155, 0]
288	[-57.66076484360155, 0]
288	[-57.66076484360155, 0]
288	[-57.66076484360155, 0]
288	[-57.66076484360155, 0]
288	[-57.66076484360155, 0]
288	[-57.66076484360155, 0]
288	[-57.66076484360155, 0]
288	[-57.66076484360155, 0]
288	[-57.66076484360155, 0]
288	[-57.66076484360155, 0]
288	[-57.66076484360155, 0]
288	[-57.66076484360155, 0]
288	[-57.66076484360155, 0]
288	[-57.66076484360155, 0]
288	[-57.66076484360155, 0]
288	[-57.66076484360155, 0]
288	[-57.66076484360155, 0]
288	[-57.66076484360155, 0]
288	[-57.66076484360155, 0]
288	[-57.66076484360155, 0]
288	[-57.66076484360155, 0]
288	[-57.66076484360155, 0]
288	[-57.66076484360155, 0]
288	[-57.66076484360155, 0]
288	[-57.66076484360155, 0]
288	[-57.66076484360155, 0]
288	[-57.66076484360155, 0]
288	[-57.66076484360155, 0]
288	[-57.66076484360155, 0]
288	[-57.66076484360155, 0]
288	[-57.66076484360155, 0]
288	[-57.66076484360155, 0]
288	[-57.66076484360155, 0]
288	[-57.66076484360155, 0]
288	[-57.66076484360155, 0]
288	[-57.66076484360155, 0]
288	[-57.66076484360155, 0]
288	[-57.66076484360155, 0]
288	[-57.66076484360155, 0]
288	[-57.66076484360155, 0]
288	[-57.66076484360155, 0]
288	[-57.66076484360155, 0]
288	[-57.66076484360155, 0]
288	[-57.66076484360155, 0]
288	[-57.66076484360155, 0]
288	[-57.66076484360155, 0]
288	[-57.66076484360155, 0]
288	[-57.66076484360155, 0]
288	[-57.66076484360155, 0]
288	[-57.66076484360155, 0]
288	[-57.66076484360155, 0]
288	[-57.66076484360155, 0]
288	[-57.66076484360155, 0]
288	[-57.66076484360155, 0]
288	[-57.66076484360155, 0]
288	[-57.66076484360155, 0]
288	[-57.66076484360155, 0]
288	[-57.66076484360155, 0]
288	[-57.66076484360155, 0]
288	[-57.66076484360155, 0]
288	[-57.66076484360155, 0]
288	[-57.66076484360155, 0]
288	[-57.66076484360155, 0]
288	[-57.66076484360155, 0]
288	[-57.66076484360155, 0]
288	[-57.66076484360155, 0]
288	[-56.46120542910772, -1]
288	[-56.46120542910772, -1]
288	[-56.46120542910772, -1]
288	[-56.46120542910772, -1]
288	[-56.46120542910772, -1]
288	[-56.46120542910772, -1]
288	[-56.46120542910772, -1]
288	[-56.46120542910772, -1]
288	[-56.46120542910772, -1]
288	[-56.46120542910772, -1]
288	[-56.46120542910772, -1]
288	[-56.46120542910772, -1]
288	[-56.46120542910772, -1]
289	[-57.66076484360155, 0]
289	[-57.66076484360155, 0]
289	[-57.66076484360155, 0]
289	[-57.66076484360155, 0]
289	[-57.66076484360155, 0]
289	[-57.66076484360155, 0]
289	[-57.66076484360155, 0]
289	[-57.66076484360155, 0]
289	[-57.66076484360155, 0]
289	[-57.66076484360155, 0]
289	[-57.66076484360155, 0]
289	[-57.66076484360155, 0]
289	[-57.66076484360155, 0]
289	[-57.66076484360155, 0]
289	[-57.66076484360155, 0]
289	[-57.66076484360155, 0]
289	[-57.66076484360155, 0]
289	[-57.66076484360155, 0]
289	[-57.66076484360155, 0]
289	[-57.66076484360155, 0]
289	[-57.66076484360155, 0]
289	[-57.66076484360155, 0]
289	[-57.66076484360155, 0]
289	[-57.66076484360155, 0]
289	[-57.66076484360155, 0]
289	[-57.66076484360155, 0]
289	[-57.66076484360155, 0]
289	[-57.66076484360155, 0]
289	[-57.66076484360155, 0]
289	[-57.66076484360155, 0]
289	[-57.66076484360155, 0]
289	[-57.66076484360155, 0]
289	[-57.66076484360155, 0]
289	[-57.66076484360155, 0]
289	[-57.66076484360155, 0]
289	[-57.66076484360155, 0]
289	[-57.66076484360155, 0]
289	[-57.66076484360155, 0]
289	[-57.66076484360155, 0]
289	[-57.66076484360155, 0]
289	[-57.66076484360155, 0]
289	[-57.66076484360155, 0]
289	[-57.66076484360155, 0]
289	[-57.66076484360155, 0]
289	[-57.66076484360155, 0]
289	[-57.66076484360155, 0]
289	[-57.66076484360155, 0]
289	[-57.66076484360155, 0]
289	[-57.66076484360155, 0]
289	[-57.66076484360155, 0]
289	[-57.66076484360155, 0]
289	[-57.66076484360155, 0]
289	[-57.66076484360155, 0]
289	[-57.66076484360155, 0]
289	[-57.66076484360155, 0]
289	[-57.66076484360155, 0]
289	[-57.66076484360155, 0]
289	[-57.66076484360155, 0]
289	[-57.66076484360155, 0]
289	[-57.66076484360155, 0]
289	[-57.66076484360155, 0]
289	[-57.66076484360155, 0]
289	[-57.66076484360155, 0]
289	[-57.66076484360155, 0]
289	[-57.66076484360155, 0]
289	[-57.66076484360155, 0]
289	[-57.66076484360155, 0]
289	[-56.46120542910772, -1]
289	[-56.46120542910772, -1]
289	[-56.46120542910772, -1]
289	[-56.46120542910772, -1]
289	[-56.46120542910772, -1]
289	[-56.46120542910772, -1]
289	[-56.46120542910772, -1]
289	[-56.46120542910772, -1]
289	[-56.46120542910772, -1]
289	[-56.46120542910772, -1]
289	[-56.46120542910772, -1]
289	[-56.46120542910772, -1]
289	[-56.46120542910772, -1]
290	[-57.66076484360155, 0]
290	[-57.66076484360155, 0]
290	[-57.66076484360155, 0]
290	[-57.66076484360155, 0]
290	[-57.66076484360155, 0]
290	[-57.66076484360155, 0]
290	[-57.66076484360155, 0]
290	[-57.66076484360155, 0]
290	[-57.66076484360155, 0]
290	[-57.66076484360155, 0]
290	[-57.66076484360155, 0]
290	[-57.66076484360155, 0]
290	[-57.66076484360155, 0]
290	[-57.66076484360155, 0]
290	[-57.66076484360155, 0]
290	[-57.66076484360155, 0]
290	[-57.66076484360155, 0]
290	[-57.66076484360155, 0]
290	[-57.66076484360155, 0]
290	[-57.66076484360155, 0]
290	[-57.66076484360155, 0]
290	[-57.66076484360155, 0]
290	[-57.66076484360155, 0]
290	[-57.66076484360155, 0]
290	[-57.66076484360155, 0]
290	[-57.66076484360155, 0]
290	[-57.66076484360155, 0]
290	[-57.66076484360155, 0]
290	[-57.66076484360155, 0]
290	[-57.66076484360155, 0]
290	[-57.66076484360155, 0]
290	[-57.66076484360155, 0]
290	[-57.66076484360155, 0]
290	[-57.66076484360155, 0]
290	[-57.66076484360155, 0]
290	[-57.66076484360155, 0]
290	[-57.66076484360155, 0]
290	[-57.66076484360155, 0]
290	[-57.66076484360155, 0]
290	[-57.66076484360155, 0]
290	[-57.66076484360155, 0]
290	[-57.66076484360155, 0]
290	[-57.66076484360155, 0]
290	[-57.66076484360155, 0]
290	[-57.66076484360155, 0]
290	[-57.66076484360155, 0]
290	[-57.66076484360155, 0]
290	[-57.66076484360155, 0]
290	[-57.66076484360155, 0]
290	[-57.66076484360155, 0]
290	[-57.66076484360155, 0]
290	[-57.66076484360155, 0]
290	[-57.66076484360155, 0]
290	[-57.66076484360155, 0]
290	[-57.66076484360155, 0]
290	[-57.66076484360155, 0]
290	[-57.66076484360155, 0]
290	[-57.66076484360155, 0]
290	[-57.66076484360155, 0]
290	[-57.66076484360155, 0]
290	[-57.66076484360155, 0]
290	[-57.66076484360155, 0]
290	[-57.66076484360155, 0]
290	[-57.66076484360155, 0]
290	[-57.66076484360155, 0]
290	[-57.66076484360155, 0]
290	[-56.46120542910772, -1]
290	[-56.46120542910772, -1]
290	[-56.46120542910772, -1]
290	[-56.46120542910772, -1]
290	[-56.46120542910772, -1]
290	[-56.46120542910772, -1]
290	[-56.46120542910772, -1]
290	[-56.46120542910772, -1]
290	[-56.46120542910772, -1]
290	[-56.46120542910772, -1]
290	[-56.46120542910772, -1]
290	[-56.46120542910772, -1]
290	[-56.46120542910772, -1]
290	[-56.46120542910772, -1]
291	[-57.66076484360155, 0]
291	[-57.66076484360155, 0]
291	[-57.66076484360155, 0]
291	[-57.66076484360155, 0]
291	[-57.66076484360155, 0]
291	[-57.66076484360155, 0]
291	[-57.66076484360155, 0]
291	[-57.66076484360155, 0]
291	[-57.66076484360155, 0]
291	[-57.66076484360155, 0]
291	[-57.66076484360155, 0]
291	[-57.66076484360155, 0]
291	[-57.66076484360155, 0]
291	[-57.66076484360155, 0]
291	[-57.66076484360155, 0]
291	[-57.66076484360155, 0]
291	[-57.66076484360155, 0]
291	[-57.66076484360155, 0]
291	[-57.66076484360155, 0]
291	[-57.66076484360155, 0]
291	[-57.66076484360155, 0]
291	[-57.66076484360155, 0]
291	[-57.66076484360155, 0]
291	[-57.66076484360155, 0]
291	[-57.66076484360155, 0]
291	[-57.66076484360155, 0]
291	[-57.66076484360155, 0]
291	[-57.66076484360155, 0]
291	[-57.66076484360155, 0]
291	[-57.66076484360155, 0]
291	[-57.66076484360155, 0]
291	[-57.66076484360155, 0]
291	[-57.66076484360155, 0]
291	[-57.66076484360155, 0]
291	[-57.66076484360155, 0]
291	[-57.66076484360155, 0]
291	[-57.66076484360155, 0]
291	[-57.66076484360155, 0]
291	[-57.66076484360155, 0]
291	[-57.66076484360155, 0]
291	[-57.66076484360155, 0]
291	[-57.66076484360155, 0]
291	[-57.66076484360155, 0]
291	[-57.66076484360155, 0]
291	[-57.66076484360155, 0]
291	[-57.66076484360155, 0]
291	[-57.66076484360155, 0]
291	[-57.66076484360155, 0]
291	[-57.66076484360155, 0]
291	[-57.66076484360155, 0]
291	[-57.66076484360155, 0]
291	[-57.66076484360155, 0]
291	[-57.66076484360155, 0]
291	[-57.66076484360155, 0]
291	[-57.66076484360155, 0]
291	[-57.66076484360155, 0]
291	[-57.66076484360155, 0]
291	[-57.66076484360155, 0]
291	[-57.66076484360155, 0]
291	[-57.66076484360155, 0]
291	[-57.66076484360155, 0]
291	[-57.66076484360155, 0]
291	[-57.66076484360155, 0]
291	[-57.66076484360155, 0]
291	[-57.66076484360155, 0]
291	[-57.66076484360155, 0]
291	[-57.66076484360155, 0]
291	[-57.66076484360155, 0]
291	[-56.46120542910772, -1]
291	[-56.46120542910772, -1]
291	[-56.46120542910772, -1]
291	[-56.46120542910772, -1]
291	[-56.46120542910772, -1]
291	[-56.46120542910772, -1]
291	[-56.46120542910772, -1]
291	[-56.46120542910772, -1]
291	[-56.46120542910772, -1]
291	[-56.46120542910772, -1]
291	[-56.46120542910772, -1]
291	[-56.46120542910772, -1]
292	[-57.66076484360155, 0]
292	[-57.66076484360155, 0]
292	[-57.66076484360155, 0]
292	[-57.66076484360155, 0]
292	[-57.66076484360155, 0]
292	[-57.66076484360155, 0]
292	[-57.66076484360155, 0]
292	[-57.66076484360155, 0]
292	[-57.66076484360155, 0]
292	[-57.66076484360155, 0]
292	[-57.66076484360155, 0]
292	[-57.66076484360155, 0]
292	[-57.66076484360155, 0]
292	[-57.66076484360155, 0]
292	[-57.66076484360155, 0]
292	[-57.66076484360155, 0]
292	[-57.66076484360155, 0]
292	[-57.66076484360155, 0]
292	[-57.66076484360155, 0]
292	[-57.66076484360155, 0]
292	[-57.66076484360155, 0]
292	[-57.66076484360155, 0]
292	[-57.66076484360155, 0]
292	[-57.66076484360155, 0]
292	[-57.66076484360155, 0]
292	[-57.66076484360155, 0]
292	[-57.66076484360155, 0]
292	[-57.66076484360155, 0]
292	[-57.66076484360155, 0]
292	[-57.66076484360155, 0]
292	[-57.66076484360155, 0]
292	[-57.66076484360155, 0]
292	[-57.66076484360155, 0]
292	[-57.66076484360155, 0]
292	[-57.66076484360155, 0]
292	[-57.66076484360155, 0]
292	[-57.66076484360155, 0]
292	[-57.66076484360155, 0]
292	[-57.66076484360155, 0]
292	[-57.66076484360155, 0]
292	[-57.66076484360155, 0]
292	[-57.66076484360155, 0]
292	[-57.66076484360155, 0]
292	[-57.66076484360155, 0]
292	[-57.66076484360155, 0]
292	[-57.66076484360155, 0]
292	[-57.66076484360155, 0]
292	[-57.66076484360155, 0]
292	[-57.66076484360155, 0]
292	[-57.66076484360155, 0]
292	[-57.66076484360155, 0]
292	[-57.66076484360155, 0]
292	[-57.66076484360155, 0]
292	[-57.66076484360155, 0]
292	[-57.66076484360155, 0]
292	[-57.66076484360155, 0]
292	[-57.66076484360155, 0]
292	[-57.66076484360155, 0]
292	[-57.66076484360155, 0]
292	[-57.66076484360155, 0]
292	[-57.66076484360155, 0]
292	[-57.66076484360155, 0]
292	[-57.66076484360155, 0]
292	[-57.66076484360155, 0]
292	[-57.66076484360155, 0]
292	[-57.66076484360155, 0]
292	[-57.66076484360155, 0]
292	[-57.66076484360155, 0]
292	[-57.66076484360155, 0]
292	[-57.66076484360155, 0]
292	[-57.66076484360155, 0]
292	[-56.46120542910772, -1]
292	[-56.46120542910772, -1]
292	[-56.46120542910772, -1]
292	[-56.46120542910772, -1]
292	[-56.46120542910772, -1]
292	[-56.46120542910772, -1]
292	[-56.46120542910772, -1]
292	[-56.46120542910772, -1]
292	[-56.46120542910772, -1]
293	[-57.66076484360155, 0]
293	[-57.66076484360155, 0]
293	[-57.66076484360155, 0]
293	[-57.66076484360155, 0]
293	[-57.66076484360155, 0]
293	[-57.66076484360155, 0]
293	[-57.66076484360155, 0]
293	[-57.66076484360155, 0]
293	[-57.66076484360155, 0]
293	[-57.66076484360155, 0]
293	[-57.66076484360155, 0]
293	[-57.66076484360155, 0]
293	[-57.66076484360155, 0]
293	[-57.66076484360155, 0]
293	[-57.66076484360155, 0]
293	[-57.66076484360155, 0]
293	[-57.66076484360155, 0]
293	[-57.66076484360155, 0]
293	[-57.66076484360155, 0]
293	[-57.66076484360155, 0]
293	[-57.66076484360155, 0]
293	[-57.66076484360155, 0]
293	[-57.66076484360155, 0]
293	[-57.66076484360155, 0]
293	[-57.66076484360155, 0]
293	[-57.66076484360155, 0]
293	[-57.66076484360155, 0]
293	[-57.66076484360155, 0]
293	[-57.66076484360155, 0]
293	[-57.66076484360155, 0]
293	[-57.66076484360155, 0]
293	[-57.66076484360155, 0]
293	[-57.66076484360155, 0]
293	[-57.66076484360155, 0]
293	[-57.66076484360155, 0]
293	[-57.66076484360155, 0]
293	[-57.66076484360155, 0]
293	[-57.66076484360155, 0]
293	[-57.66076484360155, 0]
293	[-57.66076484360155, 0]
293	[-57.66076484360155, 0]
293	[-57.66076484360155, 0]
293	[-57.66076484360155, 0]
293	[-57.66076484360155, 0]
293	[-57.66076484360155, 0]
293	[-57.66076484360155, 0]
293	[-57.66076484360155, 0]
293	[-57.66076484360155, 0]
293	[-57.66076484360155, 0]
293	[-57.66076484360155, 0]
293	[-57.66076484360155, 0]
293	[-57.66076484360155, 0]
293	[-57.66076484360155, 0]
293	[-57.66076484360155, 0]
293	[-57.66076484360155, 0]
293	[-57.66076484360155, 0]
293	[-57.66076484360155, 0]
293	[-57.66076484360155, 0]
293	[-57.66076484360155, 0]
293	[-57.66076484360155, 0]
293	[-57.66076484360155, 0]
293	[-57.66076484360155, 0]
293	[-57.66076484360155, 0]
293	[-57.66076484360155, 0]
293	[-57.66076484360155, 0]
293	[-57.66076484360155, 0]
293	[-57.66076484360155, 0]
293	[-57.66076484360155, 0]
293	[-57.66076484360155, 0]
293	[-57.66076484360155, 0]
293	[-57.66076484360155, 0]
293	[-57.66076484360155, 0]
293	[-56.46120542910772, -1]
293	[-56.46120542910772, -1]
293	[-56.46120542910772, -1]
293	[-56.46120542910772, -1]
293	[-56.46120542910772, -1]
293	[-56.46120542910772, -1]
293	[-56.46120542910772, -1]
293	[-56.46120542910772, -1]
294	[-57.66076484360155, 0]
294	[-57.66076484360155, 0]
294	[-57.66076484360155, 0]
294	[-57.66076484360155, 0]
294	[-57.66076484360155, 0]
294	[-57.66076484360155, 0]
294	[-57.66076484360155, 0]
294	[-57.66076484360155, 0]
294	[-57.66076484360155, 0]
294	[-57.66076484360155, 0]
294	[-57.66076484360155, 0]
294	[-57.66076484360155, 0]
294	[-57.66076484360155, 0]
294	[-57.66076484360155, 0]
294	[-57.66076484360155, 0]
294	[-57.66076484360155, 0]
294	[-57.66076484360155, 0]
294	[-57.66076484360155, 0]
294	[-57.66076484360155, 0]
294	[-57.66076484360155, 0]
294	[-57.66076484360155, 0]
294	[-57.66076484360155, 0]
294	[-57.66076484360155, 0]
294	[-57.66076484360155, 0]
294	[-57.66076484360155, 0]
294	[-57.66076484360155, 0]
294	[-57.66076484360155, 0]
294	[-57.66076484360155, 0]
294	[-57.66076484360155, 0]
294	[-57.66076484360155, 0]
294	[-57.66076484360155, 0]
294	[-57.66076484360155, 0]
294	[-57.66076484360155, 0]
294	[-57.66076484360155, 0]
294	[-57.66076484360155, 0]
294	[-57.66076484360155, 0]
294	[-57.66076484360155, 0]
294	[-57.66076484360155, 0]
294	[-57.66076484360155, 0]
294	[-57.66076484360155, 0]
294	[-57.66076484360155, 0]
294	[-57.66076484360155, 0]
294	[-57.66076484360155, 0]
294	[-57.66076484360155, 0]
294	[-57.66076484360155, 0]
294	[-57.66076484360155, 0]
294	[-57.66076484360155, 0]
294	[-57.66076484360155, 0]
294	[-57.66076484360155, 0]
294	[-57.66076484360155, 0]
294	[-57.66076484360155, 0]
294	[-57.66076484360155, 0]
294	[-57.66076484360155, 0]
294	[-57.66076484360155, 0]
294	[-57.66076484360155, 0]
294	[-57.66076484360155, 0]
294	[-57.66076484360155, 0]
294	[-57.66076484360155, 0]
294	[-57.66076484360155, 0]
294	[-57.66076484360155, 0]
294	[-57.66076484360155, 0]
294	[-57.66076484360155, 0]
294	[-57.66076484360155, 0]
294	[-57.66076484360155, 0]
294	[-57.66076484360155, 0]
294	[-57.66076484360155, 0]
294	[-57.66076484360155, 0]
294	[-57.66076484360155, 0]
294	[-57.66076484360155, 0]
294	[-57.66076484360155, 0]
294	[-57.66076484360155, 0]
294	[-57.66076484360155, 0]
294	[-56.46120542910772, -1]
294	[-56.46120542910772, -1]
294	[-56.46120542910772, -1]
294	[-56.46120542910772, -1]
294	[-56.46120542910772, -1]
294	[-56.46120542910772, -1]
294	[-56.46120542910772, -1]
294	[-56.46120542910772, -1]
295	[-57.66076484360155, 0]
295	[-57.66076484360155, 0]
295	[-57.66076484360155, 0]
295	[-57.66076484360155, 0]
295	[-57.66076484360155, 0]
295	[-57.66076484360155, 0]
295	[-57.66076484360155, 0]
295	[-57.66076484360155, 0]
295	[-57.66076484360155, 0]
295	[-57.66076484360155, 0]
295	[-57.66076484360155, 0]
295	[-57.66076484360155, 0]
295	[-57.66076484360155, 0]
295	[-57.66076484360155, 0]
295	[-57.66076484360155, 0]
295	[-57.66076484360155, 0]
295	[-57.66076484360155, 0]
295	[-57.66076484360155, 0]
295	[-57.66076484360155, 0]
295	[-57.66076484360155, 0]
295	[-57.66076484360155, 0]
295	[-57.66076484360155, 0]
295	[-57.66076484360155, 0]
295	[-57.66076484360155, 0]
295	[-57.66076484360155, 0]
295	[-57.66076484360155, 0]
295	[-57.66076484360155, 0]
295	[-57.66076484360155, 0]
295	[-57.66076484360155, 0]
295	[-57.66076484360155, 0]
295	[-57.66076484360155, 0]
295	[-57.66076484360155, 0]
295	[-57.66076484360155, 0]
295	[-57.66076484360155, 0]
295	[-57.66076484360155, 0]
295	[-57.66076484360155, 0]
295	[-57.66076484360155, 0]
295	[-57.66076484360155, 0]
295	[-57.66076484360155, 0]
295	[-57.66076484360155, 0]
295	[-57.66076484360155, 0]
295	[-57.66076484360155, 0]
295	[-57.66076484360155, 0]
295	[-57.66076484360155, 0]
295	[-57.66076484360155, 0]
295	[-57.66076484360155, 0]
295	[-57.66076484360155, 0]
295	[-57.66076484360155, 0]
295	[-57.66076484360155, 0]
295	[-57.66076484360155, 0]
295	[-57.66076484360155, 0]
295	[-57.66076484360155, 0]
295	[-57.66076484360155, 0]
295	[-57.66076484360155, 0]
295	[-57.66076484360155, 0]
295	[-57.66076484360155, 0]
295	[-57.66076484360155, 0]
295	[-57.66076484360155, 0]
295	[-57.66076484360155, 0]
295	[-57.66076484360155, 0]
295	[-57.66076484360155, 0]
295	[-57.66076484360155, 0]
295	[-57.66076484360155, 0]
295	[-57.66076484360155, 0]
295	[-57.66076484360155, 0]
295	[-57.66076484360155, 0]
295	[-57.66076484360155, 0]
295	[-57.66076484360155, 0]
295	[-57.66076484360155, 0]
295	[-57.66076484360155, 0]
295	[-57.66076484360155, 0]
295	[-56.46120542910772, -1]
295	[-56.46120542910772, -1]
295	[-56.46120542910772, -1]
295	[-56.46120542910772, -1]
295	[-56.46120542910772, -1]
295	[-56.46120542910772, -1]
295	[-56.46120542910772, -1]
295	[-56.46120542910772, -1]
295	[-56.46120542910772, -1]
296	[-57.66076484360155, 0]
296	[-57.66076484360155, 0]
296	[-57.66076484360155, 0]
296	[-57.66076484360155, 0]
296	[-57.66076484360155, 0]
296	[-57.66076484360155, 0]
296	[-57.66076484360155, 0]
296	[-57.66076484360155, 0]
296	[-57.66076484360155, 0]
296	[-57.66076484360155, 0]
296	[-57.66076484360155, 0]
296	[-57.66076484360155, 0]
296	[-57.66076484360155, 0]
296	[-57.66076484360155, 0]
296	[-57.66076484360155, 0]
296	[-57.66076484360155, 0]
296	[-57.66076484360155, 0]
296	[-57.66076484360155, 0]
296	[-57.66076484360155, 0]
296	[-57.66076484360155, 0]
296	[-57.66076484360155, 0]
296	[-57.66076484360155, 0]
296	[-57.66076484360155, 0]
296	[-57.66076484360155, 0]
296	[-57.66076484360155, 0]
296	[-57.66076484360155, 0]
296	[-57.66076484360155, 0]
296	[-57.66076484360155, 0]
296	[-57.66076484360155, 0]
296	[-57.66076484360155, 0]
296	[-57.66076484360155, 0]
296	[-57.66076484360155, 0]
296	[-57.66076484360155, 0]
296	[-57.66076484360155, 0]
296	[-57.66076484360155, 0]
296	[-57.66076484360155, 0]
296	[-57.66076484360155, 0]
296	[-57.66076484360155, 0]
296	[-57.66076484360155, 0]
296	[-57.66076484360155, 0]
296	[-57.66076484360155, 0]
296	[-57.66076484360155, 0]
296	[-57.66076484360155, 0]
296	[-57.66076484360155, 0]
296	[-57.66076484360155, 0]
296	[-57.66076484360155, 0]
296	[-57.66076484360155, 0]
296	[-57.66076484360155, 0]
296	[-57.66076484360155, 0]
296	[-57.66076484360155, 0]
296	[-57.66076484360155, 0]
296	[-57.66076484360155, 0]
296	[-57.66076484360155, 0]
296	[-57.66076484360155, 0]
296	[-57.66076484360155, 0]
296	[-57.66076484360155, 0]
296	[-57.66076484360155, 0]
296	[-57.66076484360155, 0]
296	[-57.66076484360155, 0]
296	[-57.66076484360155, 0]
296	[-57.66076484360155, 0]
296	[-57.66076484360155, 0]
296	[-57.66076484360155, 0]
296	[-57.66076484360155, 0]
296	[-57.66076484360155, 0]
296	[-57.66076484360155, 0]
296	[-57.66076484360155, 0]
296	[-57.66076484360155, 0]
296	[-57.66076484360155, 0]
296	[-57.66076484360155, 0]
296	[-57.66076484360155, 0]
296	[-56.46120542910772, -1]
296	[-56.46120542910772, -1]
296	[-56.46120542910772, -1]
296	[-56.46120542910772, -1]
296	[-56.46120542910772, -1]
296	[-56.46120542910772, -1]
296	[-56.46120542910772, -1]
296	[-56.46120542910772, -1]
296	[-56.46120542910772, -1]
297	[-57.66076484360155, 0]
297	[-57.66076484360155, 0]
297	[-57.66076484360155, 0]
297	[-57.66076484360155, 0]
297	[-57.66076484360155, 0]
297	[-57.66076484360155, 0]
297	[-57.66076484360155, 0]
297	[-57.66076484360155, 0]
297	[-57.66076484360155, 0]
297	[-57.66076484360155, 0]
297	[-57.66076484360155, 0]
297	[-57.66076484360155, 0]
297	[-57.66076484360155, 0]
297	[-57.66076484360155, 0]
297	[-57.66076484360155, 0]
297	[-57.66076484360155, 0]
297	[-57.66076484360155, 0]
297	[-57.66076484360155, 0]
297	[-57.66076484360155, 0]
297	[-57.66076484360155, 0]
297	[-57.66076484360155, 0]
297	[-57.66076484360155, 0]
297	[-57.66076484360155, 0]
297	[-57.66076484360155, 0]
297	[-57.66076484360155, 0]
297	[-57.66076484360155, 0]
297	[-57.66076484360155, 0]
297	[-57.66076484360155, 0]
297	[-57.66076484360155, 0]
297	[-57.66076484360155, 0]
297	[-57.66076484360155, 0]
297	[-57.66076484360155, 0]
297	[-57.66076484360155, 0]
297	[-57.66076484360155, 0]
297	[-57.66076484360155, 0]
297	[-57.66076484360155, 0]
297	[-57.66076484360155, 0]
297	[-57.66076484360155, 0]
297	[-57.66076484360155, 0]
297	[-57.66076484360155, 0]
297	[-57.66076484360155, 0]
297	[-57.66076484360155, 0]
297	[-57.66076484360155, 0]
297	[-57.66076484360155, 0]
297	[-57.66076484360155, 0]
297	[-57.66076484360155, 0]
297	[-57.66076484360155, 0]
297	[-57.66076484360155, 0]
297	[-57.66076484360155, 0]
297	[-57.66076484360155, 0]
297	[-57.66076484360155, 0]
297	[-57.66076484360155, 0]
297	[-57.66076484360155, 0]
297	[-57.66076484360155, 0]
297	[-57.66076484360155, 0]
297	[-57.66076484360155, 0]
297	[-57.66076484360155, 0]
297	[-57.66076484360155, 0]
297	[-57.66076484360155, 0]
297	[-57.66076484360155, 0]
297	[-57.66076484360155, 0]
297	[-57.66076484360155, 0]
297	[-57.66076484360155, 0]
297	[-57.66076484360155, 0]
297	[-57.66076484360155, 0]
297	[-57.66076484360155, 0]
297	[-57.66076484360155, 0]
297	[-57.66076484360155, 0]
297	[-57.66076484360155, 0]
297	[-56.46120542910772, -1]
297	[-56.46120542910772, -1]
297	[-56.46120542910772, -1]
297	[-56.46120542910772, -1]
297	[-56.46120542910772, -1]
297	[-56.46120542910772, -1]
297	[-56.46120542910772, -1]
297	[-56.46120542910772, -1]
297	[-56.46120542910772, -1]
297	[-56.46120542910772, -1]
297	[-56.46120542910772, -1]
298	[-57.66076484360155, 0]
298	[-57.66076484360155, 0]
298	[-57.66076484360155, 0]
298	[-57.66076484360155, 0]
298	[-57.66076484360155, 0]
298	[-57.66076484360155, 0]
298	[-57.66076484360155, 0]
298	[-57.66076484360155, 0]
298	[-57.66076484360155, 0]
298	[-57.66076484360155, 0]
298	[-57.66076484360155, 0]
298	[-57.66076484360155, 0]
298	[-57.66076484360155, 0]
298	[-57.66076484360155, 0]
298	[-57.66076484360155, 0]
298	[-57.66076484360155, 0]
298	[-57.66076484360155, 0]
298	[-57.66076484360155, 0]
298	[-57.66076484360155, 0]
298	[-57.66076484360155, 0]
298	[-57.66076484360155, 0]
298	[-57.66076484360155, 0]
298	[-57.66076484360155, 0]
298	[-57.66076484360155, 0]
298	[-57.66076484360155, 0]
298	[-57.66076484360155, 0]
298	[-57.66076484360155, 0]
298	[-57.66076484360155, 0]
298	[-57.66076484360155, 0]
298	[-57.66076484360155, 0]
298	[-57.66076484360155, 0]
298	[-57.66076484360155, 0]
298	[-57.66076484360155, 0]
298	[-57.66076484360155, 0]
298	[-57.66076484360155, 0]
298	[-57.66076484360155, 0]
298	[-57.66076484360155, 0]
298	[-57.66076484360155, 0]
298	[-57.66076484360155, 0]
298	[-57.66076484360155, 0]
298	[-57.66076484360155, 0]
298	[-57.66076484360155, 0]
298	[-57.66076484360155, 0]
298	[-57.66076484360155, 0]
298	[-57.66076484360155, 0]
298	[-57.66076484360155, 0]
298	[-57.66076484360155, 0]
298	[-57.66076484360155, 0]
298	[-57.66076484360155, 0]
298	[-57.66076484360155, 0]
298	[-57.66076484360155, 0]
298	[-57.66076484360155, 0]
298	[-57.66076484360155, 0]
298	[-57.66076484360155, 0]
298	[-57.66076484360155, 0]
298	[-57.66076484360155, 0]
298	[-57.66076484360155, 0]
298	[-57.66076484360155, 0]
298	[-57.66076484360155, 0]
298	[-57.66076484360155, 0]
298	[-57.66076484360155, 0]
298	[-57.66076484360155, 0]
298	[-57.66076484360155, 0]
298	[-57.66076484360155, 0]
298	[-57.66076484360155, 0]
298	[-57.66076484360155, 0]
298	[-57.66076484360155, 0]
298	[-57.66076484360155, 0]
298	[-56.46120542910772, -1]
298	[-56.46120542910772, -1]
298	[-56.46120542910772, -1]
298	[-56.46120542910772, -1]
298	[-56.46120542910772, -1]
298	[-56.46120542910772, -1]
298	[-56.46120542910772, -1]
298	[-56.46120542910772, -1]
298	[-56.46120542910772, -1]
298	[-56.46120542910772, -1]
298	[-56.46120542910772, -1]
298	[-56.46120542910772, -1]
299	[-57.66076484360155, 0]
299	[-57.66076484360155, 0]
299	[-57.66076484360155, 0]
299	[-57.66076484360155, 0]
299	[-57.66076484360155, 0]
299	[-57.66076484360155, 0]
299	[-57.66076484360155, 0]
299	[-57.66076484360155, 0]
299	[-57.66076484360155, 0]
299	[-57.66076484360155, 0]
299	[-57.66076484360155, 0]
299	[-57.66076484360155, 0]
299	[-57.66076484360155, 0]
299	[-57.66076484360155, 0]
299	[-57.66076484360155, 0]
299	[-57.66076484360155, 0]
299	[-57.66076484360155, 0]
299	[-57.66076484360155, 0]
299	[-57.66076484360155, 0]
299	[-57.66076484360155, 0]
299	[-57.66076484360155, 0]
299	[-57.66076484360155, 0]
299	[-57.66076484360155, 0]
299	[-57.66076484360155, 0]
299	[-57.66076484360155, 0]
299	[-57.66076484360155, 0]
299	[-57.66076484360155, 0]
299	[-57.66076484360155, 0]
299	[-57.66076484360155, 0]
299	[-57.66076484360155, 0]
299	[-57.66076484360155, 0]
299	[-57.66076484360155, 0]
299	[-57.66076484360155, 0]
299	[-57.66076484360155, 0]
299	[-57.66076484360155, 0]
299	[-57.66076484360155, 0]
299	[-57.66076484360155, 0]
299	[-57.66076484360155, 0]
299	[-57.66076484360155, 0]
299	[-57.66076484360155, 0]
299	[-57.66076484360155, 0]
299	[-57.66076484360155, 0]
299	[-57.66076484360155, 0]
299	[-57.66076484360155, 0]
299	[-57.66076484360155, 0]
299	[-57.66076484360155, 0]
299	[-57.66076484360155, 0]
299	[-57.66076484360155, 0]
299	[-57.66076484360155, 0]
299	[-57.66076484360155, 0]
299	[-57.66076484360155, 0]
299	[-57.66076484360155, 0]
299	[-57.66076484360155, 0]
299	[-57.66076484360155, 0]
299	[-57.66076484360155, 0]
299	[-57.66076484360155, 0]
299	[-57.66076484360155, 0]
299	[-57.66076484360155, 0]
299	[-57.66076484360155, 0]
299	[-57.66076484360155, 0]
299	[-57.66076484360155, 0]
299	[-57.66076484360155, 0]
299	[-57.66076484360155, 0]
299	[-57.66076484360155, 0]
299	[-57.66076484360155, 0]
299	[-57.66076484360155, 0]
299	[-57.66076484360155, 0]
299	[-56.46120542910772, -1]
299	[-56.46120542910772, -1]
299	[-56.46120542910772, -1]
299	[-56.46120542910772, -1]
299	[-56.46120542910772, -1]
299	[-56.46120542910772, -1]
299	[-56.46120542910772, -1]
299	[-56.46120542910772, -1]
299	[-56.46120542910772, -1]
299	[-56.46120542910772, -1]
299	[-56.46120542910772, -1]
299	[-56.46120542910772, -1]
299	[-56.46120542910772, -1]
300	[-57.66076484360155, 0]
300	[-57.66076484360155, 0]
300	[-57.66076484360155, 0]
300	[-57.66076484360155, 0]
300	[-57.66076484360155, 0]
300	[-57.66076484360155, 0]
300	[-57.66076484360155, 0]
300	[-57.66076484360155, 0]
300	[-57.66076484360155, 0]
300	[-57.66076484360155, 0]
300	[-57.66076484360155, 0]
300	[-57.66076484360155, 0]
300	[-57.66076484360155, 0]
300	[-57.66076484360155, 0]
300	[-57.66076484360155, 0]
300	[-57.66076484360155, 0]
300	[-57.66076484360155, 0]
300	[-57.66076484360155, 0]
300	[-57.66076484360155, 0]
300	[-57.66076484360155, 0]
300	[-57.66076484360155, 0]
300	[-57.66076484360155, 0]
300	[-57.66076484360155, 0]
300	[-57.66076484360155, 0]
300	[-57.66076484360155, 0]
300	[-57.66076484360155, 0]
300	[-57.66076484360155, 0]
300	[-57.66076484360155, 0]
300	[-57.66076484360155, 0]
300	[-57.66076484360155, 0]
300	[-57.66076484360155, 0]
300	[-57.66076484360155, 0]
300	[-57.66076484360155, 0]
300	[-57.66076484360155, 0]
300	[-57.66076484360155, 0]
300	[-57.66076484360155, 0]
300	[-57.66076484360155, 0]
300	[-57.66076484360155, 0]
300	[-57.66076484360155, 0]
300	[-57.66076484360155, 0]
300	[-57.66076484360155, 0]
300	[-57.66076484360155, 0]
300	[-57.66076484360155, 0]
300	[-57.66076484360155, 0]
300	[-57.66076484360155, 0]
300	[-57.66076484360155, 0]
300	[-57.66076484360155, 0]
300	[-57.66076484360155, 0]
300	[-57.66076484360155, 0]
300	[-57.66076484360155, 0]
300	[-57.66076484360155, 0]
300	[-57.66076484360155, 0]
300	[-57.66076484360155, 0]
300	[-57.66076484360155, 0]
300	[-57.66076484360155, 0]
300	[-57.66076484360155, 0]
300	[-57.66076484360155, 0]
300	[-57.66076484360155, 0]
300	[-57.66076484360155, 0]
300	[-57.66076484360155, 0]
300	[-57.66076484360155, 0]
300	[-57.66076484360155, 0]
300	[-57.66076484360155, 0]
300	[-57.66076484360155, 0]
300	[-57.66076484360155, 0]
300	[-57.66076484360155, 0]
300	[-57.66076484360155, 0]
300	[-56.46120542910772, -1]
300	[-56.46120542910772, -1]
300	[-56.46120542910772, -1]
300	[-56.46120542910772, -1]
300	[-56.46120542910772, -1]
300	[-56.46120542910772, -1]
300	[-56.46120542910772, -1]
300	[-56.46120542910772, -1]
300	[-56.46120542910772, -1]
300	[-56.46120542910772, -1]
300	[-56.46120542910772, -1]
300	[-56.46120542910772, -1]
300	[-56.46120542910772, -1]
300	[-57.66076484360155, 0]
300	[-57.66076484360155, 0]
300	[-57.66076484360155, 0]
300	[-57.66076484360155, 0]
300	[-57.66076484360155, 0]
300	[-57.66076484360155, 0]
300	[-57.66076484360155, 0]
300	[-57.66076484360155, 0]
300	[-57.66076484360155, 0]
300	[-57.66076484360155, 0]
300	[-57.66076484360155, 0]
300	[-57.66076484360155, 0]
300	[-57.66076484360155, 0]
300	[-57.66076484360155, 0]
300	[-57.66076484360155, 0]
300	[-57.66076484360155, 0]
300	[-57.66076484360155, 0]
300	[-57.66076484360155, 0]
300	[-57.66076484360155, 0]
300	[-57.66076484360155, 0]
300	[-57.66076484360155, 0]
300	[-57.66076484360155, 0]
300	[-57.66076484360155, 0]
300	[-57.66076484360155, 0]
300	[-57.66076484360155, 0]
300	[-57.66076484360155, 0]
300	[-57.66076484360155, 0]
300	[-57.66076484360155, 0]
300	[-57.66076484360155, 0]
300	[-57.66076484360155, 0]
300	[-57.66076484360155, 0]
300	[-57.66076484360155, 0]
300	[-57.66076484360155, 0]
300	[-57.66076484360155, 0]
300	[-57.66076484360155, 0]
300	[-57.66076484360155, 0]
300	[-57.66076484360155, 0]
300	[-57.66076484360155, 0]
300	[-57.66076484360155, 0]
300	[-57.66076484360155, 0]
300	[-57.66076484360155, 0]
300	[-57.66076484360155, 0]
300	[-57.66076484360155, 0]
300	[-57.66076484360155, 0]
300	[-57.66076484360155, 0]
300	[-57.66076484360155, 0]
300	[-57.66076484360155, 0]
300	[-57.66076484360155, 0]
300	[-57.66076484360155, 0]
300	[-57.66076484360155, 0]
300	[-57.66076484360155, 0]
300	[-57.66076484360155, 0]
300	[-57.66076484360155, 0]
300	[-57.66076484360155, 0]
300	[-57.66076484360155, 0]
300	[-57.66076484360155, 0]
300	[-57.66076484360155, 0]
300	[-57.66076484360155, 0]
300	[-57.66076484360155, 0]
300	[-57.66076484360155, 0]
300	[-57.66076484360155, 0]
300	[-57.66076484360155, 0]
300	[-57.66076484360155, 0]
300	[-57.66076484360155, 0]
300	[-57.66076484360155, 0]
300	[-57.66076484360155, 0]
300	[-57.66076484360155, 0]
300	[-56.46120542910772, -1]
300	[-56.46120542910772, -1]
300	[-56.46120542910772, -1]
300	[-56.46120542910772, -1]
300	[-56.46120542910772, -1]
300	[-56.46120542910772, -1]
300	[-56.46120542910772, -1]
300	[-56.46120542910772, -1]
300	[-56.46120542910772, -1]
300	[-56.46120542910772, -1]
300	[-56.46120542910772, -1]
300	[-56.46120542910772, -1]
300	[-56.46120542910772, -1]
