ave_fitness	ave_genome_length	ave_tree_depth	ave_tree_nodes	ave_used_codons	best_fitness	gen	invalids	max_genome_length	max_tree_depth	max_tree_nodes	max_used_codons	min_genome_length	min_tree_depth	min_tree_nodes	min_used_codons	runtime_error	time_adjust	time_taken	total_inds	total_time	unique_inds	unused_search	
-7150422.323729733	100.0	8.493506493506494	140.55844155844156	84.93506493506493	-240.26365476138386	0	3	100	12.0	299.0	178.0	100	6.0	75.0	46.0	0	0	8.541096925735474	80	8.541096925735474	77	3.75	
-3513073.7195529104	100.0	9.306666666666667	175.16	105.29333333333334	-240.26365476138386	1	8	185	16.0	339.0	201.0	15	7.0	83.0	51.0	0	0	9.16766881942749	160	17.708765745162964	148	7.5	
-3375462.1218540305	106.7625	9.443037974683545	181.83544303797467	109.17721518987342	-230.6490492987093	2	9	192	16.0	339.0	201.0	28	6.0	75.0	46.0	0	0	9.804500341415405	240	27.51326608657837	222	7.5	
-2237980.345647601	103.6	9.23076923076923	174.7948717948718	105.06410256410257	-230.23878298969268	3	11	246	13.0	315.0	187.0	28	7.0	83.0	51.0	0	0	9.339792966842651	320	36.85305905342102	295	7.8125	
-2575371.325679977	101.5375	9.333333333333334	186.3846153846154	111.8974358974359	-213.39619195733968	4	13	185	15.0	315.0	187.0	33	6.0	75.0	46.0	0	0	9.794841766357422	400	46.64790081977844	369	7.75	
-1825466.5991249562	99.1875	9.025	176.4	106.025	-206.41426660675717	5	13	141	13	315	187	53	6	75	46	0	0	9.936910152435303	480	56.584810972213745	445	7.291666666666657	
-1975304.3486706738	102.35	9.192307692307692	179.0	107.56410256410257	-198.2978848302069	6	15	177	13.0	315.0	187.0	23	7.0	83.0	51.0	0	0	9.767800092697144	560	66.35261106491089	519	7.321428571428569	
-3487779.232282552	101.35	9.45	187.0	112.1625	-198.2978848302069	7	15	165	13	315	187	45	6	75	46	0	0	10.662163972854614	640	77.0147750377655	595	7.03125	
-2200260.692140608	105.0	9.848101265822784	207.7594936708861	124.32911392405063	-191.82450464710536	8	16	191	14.0	339.0	201.0	19	6.0	75.0	46.0	0	0	11.644491910934448	720	88.65926694869995	669	7.083333333333329	
-2275336.860898857	106.725	9.779220779220779	199.88311688311688	119.74025974025975	-182.5348148785747	9	19	185	14.0	339.0	201.0	25	7.0	91.0	56.0	0	0	10.657497882843018	800	99.31676483154297	742	7.25	
-2612818.1722956807	105.75	9.49367088607595	184.36708860759492	110.67088607594937	-182.5348148785747	10	20	171	14.0	339.0	201.0	39	6.0	75.0	46.0	0	0	9.641595125198364	880	108.95835995674133	814	7.5	
-3425359.7492484637	105.375	9.151898734177216	169.37974683544303	101.81012658227849	-182.5348148785747	11	21	219	14.0	339.0	201.0	1	7.0	83.0	51.0	0	0	9.481201887130737	960	118.43956184387207	888	7.5	
-2775253.049555977	106.8625	9.425	182.0	109.2125	-182.5348148785747	12	21	159	15	339	201	61	7	83	51	0	0	10.544647216796875	1040	128.98420906066895	964	7.307692307692307	
-1937845.359995129	108.95	9.493506493506494	186.58441558441558	111.9090909090909	-182.3853893399216	13	24	198	14.0	339.0	201.0	17	7.0	83.0	51.0	0	0	10.554032802581787	1120	139.53824186325073	1036	7.5	
-3000341.9143630946	110.95	9.782051282051283	210.48717948717947	125.94871794871794	-179.12177225282923	14	26	176	13.0	299.0	178.0	44	7.0	83.0	51.0	0	0	12.167375087738037	1200	151.70561695098877	1110	7.5	
-2887823.2654723898	111.3125	9.860759493670885	214.2405063291139	128.0759493670886	-179.12177225282923	15	27	215	14.0	339.0	201.0	5	7.0	83.0	51.0	0	0	13.250569105148315	1280	164.95618605613708	1185	7.421875	
-2025355.2514967758	111.6	9.8875	211.4	126.4375	-179.12177225282923	16	27	215	14	339	201	29	7	83	51	0	0	13.04728388786316	1360	178.00346994400024	1261	7.279411764705884	
-1912842.9978755272	108.5	9.948051948051948	217.23376623376623	129.9090909090909	-179.12177225282923	17	30	199	14.0	411.0	243.0	21	7.0	91.0	56.0	0	0	11.861109972000122	1440	189.86457991600037	1334	7.361111111111114	
-1700260.512845836	115.1125	10.367088607594937	227.40506329113924	135.7594936708861	-178.79484087359333	18	31	183	15.0	411.0	243.0	37	6.0	75.0	46.0	0	0	13.657989025115967	1520	203.52256894111633	1409	7.30263157894737	
-2325332.6324388124	115.0625	10.1375	216.6	129.4625	-178.79026396851333	19	31	200	14	315	187	20	6	75	46	0	0	12.912280082702637	1600	216.43484902381897	1485	7.1875	
-1225397.544011221	110.875	10.3625	232.8	138.975	-174.43891189584832	20	31	180	14	363	215	45	8	107	65	0	0	14.169862031936646	1680	230.60471105575562	1561	7.083333333333329	
-1500413.7206265465	110.0	10.282051282051283	232.94871794871796	139.1153846153846	-174.43891189584832	21	33	193	14.0	339.0	201.0	27	7.0	83.0	51.0	0	0	12.971136093139648	1760	243.57584714889526	1635	7.102272727272734	
-1350310.8231145346	108.0375	10.316455696202532	231.45569620253164	138.2405063291139	-174.43891189584832	22	34	190	14.0	363.0	215.0	30	7.0	91.0	56.0	0	0	14.046168804168701	1840	257.62201595306396	1710	7.065217391304344	
-2787877.332953058	110.3125	9.810126582278482	209.37974683544303	125.29113924050633	-174.43891189584832	23	35	245	13.0	363.0	215.0	29	7.0	83.0	51.0	0	0	13.336185932159424	1920	270.9582018852234	1785	7.03125	
-2937891.467768165	109.1625	10.113924050632912	216.9746835443038	129.73417721518987	-171.91334842597274	24	36	170	13.0	363.0	215.0	43	7.0	83.0	51.0	0	0	13.085563898086548	2000	284.04376578330994	1860	7.0	
-2025342.4245396866	109.475	9.6625	202.2	121.0875	-171.91334842597274	25	36	152	13	291	173	68	7	91	56	0	0	12.476737022399902	2080	296.52050280570984	1936	6.92307692307692	
-1762778.0989288278	110.2	9.346153846153847	191.10256410256412	114.6025641025641	-167.14371893509565	26	38	187	12.0	291.0	173.0	23	7.0	83.0	51.0	0	0	11.187895059585571	2160	307.7083978652954	2010	6.944444444444443	
-1950396.3769748607	111.375	9.5375	199.0	119.1875	-167.14371893509565	27	38	167	14	339	201	53	7	83	51	0	0	12.420127153396606	2240	320.128525018692	2086	6.875	
-2725414.977873525	114.0	9.25	185.4	111.2625	-167.14371893509565	28	38	176	14	291	173	57	7	83	51	0	0	10.93636703491211	2320	331.0648920536041	2162	6.810344827586206	
-2000386.2182565157	111.0875	9.320512820512821	189.56410256410257	113.71794871794872	-166.22062493196094	29	40	204	12.0	291.0	173.0	16	7.0	83.0	51.0	0	0	10.794837713241577	2400	341.8597297668457	2236	6.833333333333343	
-2162864.260258112	110.5875	9.329113924050633	190.84810126582278	114.46835443037975	-166.22062493196094	30	41	165	14.0	363.0	215.0	55	8.0	115.0	70.0	0	0	11.594581365585327	2480	353.45431113243103	2311	6.814516129032256	
-2962839.6664235056	110.625	9.10126582278481	183.0506329113924	109.84810126582279	-159.47356205348626	31	42	172	13.0	363.0	215.0	48	7.0	83.0	51.0	0	0	11.372145891189575	2560	364.8264570236206	2386	6.796875	
-2025286.698131191	114.5625	9.0	179.0	107.525	-159.47356205348626	32	42	180	13	363	215	40	7	83	51	0	0	10.891406059265137	2640	375.71786308288574	2462	6.742424242424235	
-2200287.58856449	114.275	9.15	181.0	108.7125	-159.47356205348626	33	42	168	13	363	215	88	7	83	51	0	0	9.810297727584839	2720	385.5281608104706	2537	6.72794117647058	
-3200376.06676597	112.9	8.822784810126583	168.873417721519	101.64556962025317	-159.47356205348626	34	43	213	12.0	275.0	164.0	32	7.0	83.0	51.0	0	0	8.579736232757568	2800	394.10789704322815	2611	6.75	
-2662938.6157114306	110.575	8.75	164.0	98.7875	-158.77540872337173	35	43	163	13	259	154	71	7	83	51	0	0	8.66878890991211	2880	402.77668595314026	2687	6.701388888888886	
-3100418.3846291294	112.1	8.9625	168.9	101.675	-158.77540872337173	36	43	166	12	291	173	54	7	83	51	0	0	8.484447956085205	2960	411.26113390922546	2762	6.689189189189193	
-2375336.7210008753	113.3875	8.886075949367088	168.67088607594937	101.55696202531645	-158.0753103906193	37	44	214	11.0	243.0	145.0	26	7.0	83.0	51.0	0	0	8.338296175003052	3040	419.5994300842285	2836	6.71052631578948	
-2225318.418879947	109.6375	8.9625	171.6	103.275	-158.0753103906193	38	44	167	12	275	164	53	7	83	51	0	0	8.670348644256592	3120	428.2697787284851	2912	6.666666666666671	
-1850376.5550988256	109.1	8.9	169.3	101.925	-157.47129923679557	39	44	160	11	315	187	60	7	83	51	0	0	8.672522068023682	3200	436.9423007965088	2987	6.65625	
-2337870.2503963537	110.1625	8.871794871794872	165.66666666666666	99.74358974358974	-157.4602239726321	40	46	188	12.0	315.0	187.0	32	7.0	83.0	51.0	0	0	8.744283199310303	3280	445.6865839958191	3061	6.676829268292678	
-3062855.1555368165	110.2875	8.949367088607595	172.21518987341773	103.62025316455696	-157.4602239726321	41	47	188	12.0	339.0	201.0	35	7.0	91.0	56.0	0	0	9.132216930389404	3360	454.8188009262085	3136	6.666666666666671	
-1912868.1844630018	110.15	9.0125	170.7	102.75	-157.4602239726321	42	47	142	12	299	178	78	7	83	51	0	0	8.650136947631836	3440	463.46893787384033	3212	6.627906976744185	
-2687853.085740802	110.2125	9.1	174.5	104.9375	-157.4602239726321	43	47	173	12	299	178	47	7	83	51	0	0	9.416054010391235	3520	472.88499188423157	3287	6.619318181818173	
-3075359.6769435396	110.1625	9.076923076923077	175.6153846153846	105.58974358974359	-157.4602239726321	44	49	201	12.0	419.0	248.0	19	7.0	83.0	51.0	0	0	9.155725002288818	3600	482.0407168865204	3361	6.6388888888889	
-2412901.4118430116	109.0625	9.1125	176.1	105.9	-157.4602239726321	45	49	166	13	291	173	47	7	83	51	0	0	8.982916831970215	3680	491.0236337184906	3437	6.603260869565219	
-2637902.915233139	110.0	9.1125	172.6	103.8625	-157.4602239726321	46	49	156	12	291	173	64	7	83	51	0	0	8.589928388595581	3760	499.6135621070862	3512	6.59574468085107	
-2212789.273452525	110.0	9.125	176.9	106.3375	-157.22063978368215	47	49	185	12	267	159	35	7	83	51	0	0	9.194937705993652	3840	508.80849981307983	3588	6.5625	
-2287864.2343428163	110.0	9.113924050632912	177.8860759493671	106.9620253164557	-157.19610213285208	48	50	154	11.0	267.0	159.0	66	7.0	83.0	51.0	0	0	8.822172164916992	3920	517.6306719779968	3662	6.58163265306122	
-2587787.6743776714	111.875	9.05	170.6	102.675	-157.19610213285208	49	50	164	11	267	159	56	7	83	51	0	0	8.520484924316406	4000	526.1511569023132	3737	6.575000000000003	
-1850283.644318296	109.9	9.078947368421053	170.89473684210526	102.84210526315789	-157.19610213285208	50	54	153	12.0	267.0	159.0	67	7.0	91.0	56.0	0	0	8.42514705657959	4080	534.5763039588928	3809	6.642156862745097	
-1925326.8413389965	110.9375	9.15	171.4	103.0875	-157.19610213285208	51	54	173	13	347	206	47	6	75	46	0	0	9.389127969741821	4160	543.9654319286346	3884	6.634615384615387	
-3087804.359879243	110.625	8.8875	160.8	96.85	-157.19610213285208	52	54	142	11	267	159	78	7	83	51	0	0	8.880743026733398	4240	552.846174955368	3959	6.6273584905660385	
-2325329.9255995066	110.2125	9.139240506329115	173.73417721518987	104.44303797468355	-157.19610213285208	53	55	204	14.0	307.0	182.0	16	7.0	83.0	51.0	0	0	9.267941951751709	4320	562.1141169071198	4033	6.643518518518519	
-2612859.7165339487	110.0375	8.987179487179487	166.28205128205127	100.07692307692308	-157.03905967048195	54	57	172	12.0	291.0	173.0	48	7.0	83.0	51.0	0	0	8.810589075088501	4400	570.9247059822083	4107	6.659090909090921	
-1587891.1508508637	110.85	9.177215189873417	175.65822784810126	105.64556962025317	-157.03905967048195	55	58	214	11.0	267.0	159.0	6	7.0	91.0	56.0	0	0	8.749258041381836	4480	579.6739640235901	4182	6.651785714285722	
-2275347.8915037336	112.225	9.075	174.2	104.825	-156.99060048525808	56	58	191	12	323	192	44	7	83	51	0	0	8.48444676399231	4560	588.1584107875824	4258	6.622807017543863	
-2212823.6896101595	109.525	9.0	170.0	102.3375	-156.99060048525808	57	58	161	15	339	201	63	7	83	51	0	0	8.829155206680298	4640	596.9875659942627	4334	6.594827586206904	
-2362802.7192208753	111.9625	9.2875	179.2	107.675	-156.99060048525808	58	58	161	15	339	201	81	7	83	51	0	0	9.748409032821655	4720	606.7359750270844	4410	6.567796610169495	
-2312771.762771043	111.375	9.5125	187.9	112.75	-156.99060048525808	59	58	186	15	339	201	55	7	83	51	0	0	10.701471090316772	4800	617.4374461174011	4486	6.541666666666671	
-2625347.3019577363	110.65	9.425	182.0	109.3	-156.99060048525808	60	58	159	20	507	299	63	7	83	51	0	0	10.225352764129639	4880	627.6627988815308	4562	6.516393442622942	
-2400322.963608363	110.075	9.316455696202532	172.51898734177215	103.75949367088607	-156.99060048525808	61	59	177	15.0	339.0	201.0	43	7.0	83.0	51.0	0	0	9.053283214569092	4960	636.7160820960999	4637	6.512096774193537	
-2462893.6448582606	111.675	9.1625	174.0	104.6375	-156.99060048525808	62	59	177	15	315	187	58	7	83	51	0	0	9.80725383758545	5040	646.5233359336853	4713	6.488095238095241	
-2937817.1492489297	110.0	9.2125	176.3	105.95	-155.3023676656804	63	59	182	15	315	187	38	7	83	51	0	0	10.492300987243652	5120	657.015636920929	4789	6.46484375	
-2012765.4668837793	112.15	9.177215189873417	174.34177215189874	104.82278481012658	-155.3023676656804	64	60	188	15.0	307.0	182.0	23	7.0	83.0	51.0	0	0	10.080249071121216	5200	667.0958859920502	4864	6.461538461538467	
-2387799.6397873713	112.7	9.126582278481013	172.62025316455697	103.83544303797468	-155.3023676656804	65	61	183	12.0	267.0	159.0	38	7.0	91.0	56.0	0	0	9.700153112411499	5280	676.7960391044617	4939	6.458333333333329	
-2162831.248229975	110.225	9.0625	169.3	101.8625	-154.70783462151542	66	61	182	11	315	187	63	7	83	51	0	0	9.885504722595215	5360	686.6815438270569	5015	6.43656716417911	
-2312835.574749978	110.4875	9.025641025641026	167.30769230769232	100.67948717948718	-154.70783462151542	67	63	147	12.0	275.0	164.0	73	7.0	83.0	51.0	0	0	9.541789293289185	5440	696.2233331203461	5089	6.452205882352942	
-2050357.8754542968	110.1	9.320512820512821	176.33333333333334	105.93589743589743	-154.49357579716883	68	65	183	13.0	267.0	159.0	43	7.0	83.0	51.0	0	0	10.700482606887817	5520	706.9238157272339	5163	6.467391304347828	
-2737851.798972719	110.7625	9.08860759493671	170.79746835443038	102.73417721518987	-154.49357579716883	69	66	183	12.0	323.0	192.0	67	7.0	83.0	51.0	0	0	10.11341905593872	5600	717.0372347831726	5238	6.464285714285708	
-2387941.119459863	110.4375	9.253164556962025	178.08860759493672	107.0253164556962	-154.49357579716883	70	67	228	15.0	307.0	182.0	27	8.0	107.0	65.0	0	0	10.36333417892456	5680	727.4005689620972	5313	6.461267605633807	
-2612890.326891357	111.25	9.037974683544304	172.41772151898735	103.68354430379746	-154.49357579716883	71	68	179	12.0	267.0	159.0	50	7.0	83.0	51.0	0	0	10.10833477973938	5760	737.5089037418365	5388	6.458333333333329	
-2250378.134921519	110.8	8.91139240506329	166.0379746835443	99.9873417721519	-154.49357579716883	72	69	162	12.0	299.0	178.0	58	7.0	83.0	51.0	0	0	9.281639337539673	5840	746.7905430793762	5463	6.455479452054789	
-2837816.070399709	111.8625	9.1	172.3	103.625	-154.49357579716883	73	69	185	12	291	173	47	7	83	51	0	0	10.412974834442139	5920	757.2035179138184	5539	6.435810810810821	
-3562844.7343583866	110.9375	9.1	170.9	102.8125	-154.22862152962261	74	69	185	12	299	178	50	7	83	51	0	0	9.885488033294678	6000	767.089005947113	5615	6.416666666666671	
-2962745.7703098534	110.0	9.215189873417721	178.08860759493672	107.0379746835443	-154.22862152962261	75	70	186	14.0	267.0	159.0	34	7.0	83.0	51.0	0	0	9.960805892944336	6080	777.0498118400574	5690	6.4144736842105345	
-2612854.2227073167	109.15	9.325	180.8	108.6	-154.22862152962261	76	70	177	14	315	187	40	7	83	51	0	0	10.573796033859253	6160	787.6236078739166	5766	6.396103896103895	
-3537938.6981481435	110.5375	9.2875	176.2	105.9	-154.2286215284535	77	70	172	14	339	201	48	7	83	51	0	0	9.996926069259644	6240	797.6205339431763	5841	6.394230769230774	
-2662871.8178407066	113.2125	9.225	172.7	103.8625	-154.2286215284535	78	70	192	13	299	178	67	7	83	51	0	0	9.607422828674316	6320	807.2279567718506	5917	6.37658227848101	
-2775418.447074141	111.75	8.9125	164.3	98.9375	-153.49595127685444	79	70	172	11	267	159	53	7	83	51	0	0	9.349852323532104	6400	816.5778090953827	5993	6.359375	
-2887862.7251152666	112.2875	9.189873417721518	175.15189873417722	105.26582278481013	-153.49595127685444	80	71	172	15.0	483.0	285.0	72	7.0	83.0	51.0	0	0	11.333669900894165	6480	827.9114789962769	6068	6.358024691358025	
-2112881.2949241996	113.4375	9.425	185.7	111.4625	-153.49595127685444	81	71	177	14	363	215	43	7	91	56	0	0	11.209936141967773	6560	839.1214151382446	6144	6.341463414634134	
-3125466.8106603744	111.125	9.227848101265822	171.50632911392404	103.15189873417721	-153.49595127685444	82	72	161	13.0	291.0	173.0	58	7.0	83.0	51.0	0	0	9.813079833984375	6640	848.934494972229	6218	6.355421686746993	
-2850428.6482949876	112.25	9.25	174.8	105.075	-153.49595127685444	83	72	197	14	283	168	49	7	83	51	0	0	10.859222888946533	6720	859.7937178611755	6294	6.339285714285708	
-1825433.8223255281	111.875	9.2125	177.1	106.4375	-153.4254080158198	84	72	171	15	331	196	65	6	75	46	0	0	11.487435102462769	6800	871.2811529636383	6369	6.338235294117638	
-1625330.3752390912	111.075	9.282051282051283	178.3846153846154	107.2051282051282	-153.4254080158198	85	74	176	15.0	307.0	182.0	44	7.0	91.0	56.0	0	0	9.871527910232544	6880	881.1526808738708	6443	6.351744186046517	
-2412866.4451012723	111.5875	9.341772151898734	182.64556962025316	109.69620253164557	-153.4254080158198	86	75	176	14.0	307.0	182.0	55	7.0	83.0	51.0	0	0	10.291282176971436	6960	891.4439630508423	6518	6.350574712643677	
-2075358.8497430845	111.325	9.189873417721518	176.16455696202533	105.92405063291139	-153.4254080158198	87	76	180	12.0	299.0	178.0	42	6.0	75.0	46.0	0	0	9.477543830871582	7040	900.9215068817139	6593	6.349431818181813	
-2537900.095442591	109.95	8.9875	168.3	101.3125	-153.38439457712593	88	76	171	13	315	187	49	7	83	51	0	0	9.187766075134277	7120	910.1092729568481	6668	6.348314606741582	
-2125347.9090487505	110.6	9.151898734177216	175.55696202531647	105.53164556962025	-153.38439457712593	89	77	178	14.0	379.0	224.0	42	7.0	83.0	51.0	0	0	10.45609188079834	7200	920.5653648376465	6743	6.3472222222222285	
-2025468.8588895923	109.5125	9.075949367088608	175.55696202531647	105.55696202531645	-153.38439457712593	90	78	179	13.0	363.0	215.0	41	7.0	83.0	51.0	0	0	10.280721187591553	7280	930.846086025238	6818	6.34615384615384	
-2100409.680518752	110.025	8.987341772151899	169.37974683544303	101.9493670886076	-153.38439457712593	91	79	189	13.0	459.0	271.0	31	7.0	83.0	51.0	0	0	10.312354803085327	7360	941.1584408283234	6892	6.358695652173921	
-2950329.273544728	109.0375	9.050632911392405	174.74683544303798	105.12658227848101	-153.38439457712593	92	80	160	13.0	363.0	215.0	60	7.0	83.0	51.0	0	0	9.912718057632446	7440	951.0711588859558	6967	6.357526881720432	
-2025394.4844888318	109.8875	9.139240506329115	175.86075949367088	105.73417721518987	-153.38439457712593	93	81	177	12.0	299.0	178.0	43	7.0	91.0	56.0	0	0	11.211127042770386	7520	962.2822859287262	7042	6.356382978723403	
-2250413.382616255	109.7875	9.151898734177216	178.59493670886076	107.34177215189874	-153.33060396764373	94	82	188	13.0	371.0	220.0	32	7.0	83.0	51.0	0	0	11.25231385231018	7600	973.5345997810364	7116	6.368421052631575	
-2475320.3422582555	110.0	9.15	175.0	105.225	-153.33060396764373	95	82	182	14	323	192	38	7	83	51	0	0	10.495464324951172	7680	984.0300641059875	7192	6.354166666666671	
-2450347.7546732714	109.7	9.215189873417721	179.50632911392404	107.87341772151899	-153.15568882129736	96	83	198	14.0	307.0	182.0	22	7.0	83.0	51.0	0	0	10.242403745651245	7760	994.2724678516388	7267	6.353092783505161	
-2125434.6156283147	110.0	8.962025316455696	173.73417721518987	104.50632911392405	-153.08242622811215	97	84	184	13.0	371.0	220.0	36	6.0	75.0	46.0	0	0	9.478423118591309	7840	1003.7508909702301	7342	6.352040816326536	
-1912961.797504933	110.0	9.050632911392405	171.91139240506328	103.46835443037975	-152.92680882918714	98	85	190	13.0	299.0	178.0	30	7.0	91.0	56.0	0	0	8.666320085525513	7920	1012.4172110557556	7417	6.351010101010104	
-3112882.002163618	110.575	8.873417721518987	162.49367088607596	97.89873417721519	-152.92680882918714	99	86	169	12.0	267.0	159.0	49	7.0	83.0	51.0	0	0	8.71055006980896	8000	1021.1277611255646	7492	6.349999999999994	
-2250370.345553018	111.3375	9.164556962025317	175.15189873417722	105.31645569620254	-152.92680882918714	100	87	176	14.0	283.0	168.0	44	6.0	75.0	46.0	0	0	9.246140956878662	8080	1030.3739020824432	7567	6.349009900990097	
-2050442.4043000843	110.7	9.375	181.8	109.2	-152.92680882918714	101	87	183	12	299	178	37	7	91	56	0	0	9.731199979782104	8160	1040.1051020622253	7643	6.335784313725483	
-1837868.078952457	113.0125	9.2375	175.7	105.6	-152.92680882918714	102	87	207	15	411	243	70	7	83	51	0	0	9.830168008804321	8240	1049.9352700710297	7718	6.334951456310677	
-2562806.1668727184	110.775	9.08860759493671	177.1772151898734	106.50632911392405	-152.92680882918714	103	88	150	13.0	379.0	224.0	76	7.0	83.0	51.0	0	0	9.67161774635315	8320	1059.6068878173828	7793	6.334134615384613	
-2200393.9217476444	111.025	8.833333333333334	164.02564102564102	98.7948717948718	-152.92680882918714	104	90	193	13.0	283.0	168.0	27	7.0	91.0	56.0	0	0	8.37296199798584	8400	1067.9798498153687	7866	6.357142857142861	
-2212852.7757578865	110.275	9.0	170.39240506329114	102.54430379746836	-152.92680882918714	105	91	148	16.0	307.0	182.0	72	7.0	83.0	51.0	0	0	8.917554140090942	8480	1076.8974039554596	7941	6.356132075471692	
-2800359.916517293	111.2375	9.20253164556962	171.30379746835442	103.0	-152.92680882918714	106	92	160	13.0	315.0	187.0	60	7.0	83.0	51.0	0	0	9.41575574874878	8560	1086.3131597042084	8016	6.3551401869158894	
-2400339.979242663	111.4625	9.126582278481013	175.9620253164557	105.75949367088607	-152.92680882918714	107	93	208	12.0	291.0	173.0	12	6.0	75.0	46.0	0	0	9.83586835861206	8640	1096.1490280628204	8090	6.365740740740748	
-2425393.5591373155	111.5625	9.08860759493671	172.31645569620252	103.65822784810126	-152.92680882918714	108	94	208	13.0	299.0	178.0	40	7.0	91.0	56.0	0	0	8.939107656478882	8720	1105.0881357192993	8165	6.364678899082563	
-2512921.6497867145	110.875	9.139240506329115	173.9367088607595	104.60759493670886	-152.92680882918714	109	95	189	12.0	267.0	159.0	62	7.0	83.0	51.0	0	0	9.188374042510986	8800	1114.2765097618103	8240	6.36363636363636	
-1825461.1580675188	110.4875	9.341772151898734	187.20253164556962	112.39240506329114	-152.90618815257258	110	96	162	14.0	339.0	201.0	58	7.0	91.0	56.0	0	0	10.126546144485474	8880	1124.4030559062958	8315	6.362612612612622	
-2112886.955005071	109.475	9.179487179487179	175.2051282051282	105.33333333333333	-152.90618815257258	111	98	194	13.0	323.0	192.0	26	7.0	83.0	51.0	0	0	9.031766176223755	8960	1133.4348220825195	8389	6.372767857142861	
-1912861.7835220185	114.625	9.0875	170.1	102.3625	-152.90618815257258	112	98	225	14	307	182	41	7	83	51	0	0	8.935675859451294	9040	1142.3704979419708	8465	6.360619469026545	
-1362945.2978030057	113.4	9.35	177.4	106.625	-152.90618815257258	113	98	179	14	307	182	54	7	91	56	0	0	9.610672950744629	9120	1151.9811708927155	8541	6.348684210526315	
-2187872.8735339777	112.5875	9.329113924050633	173.53164556962025	104.32911392405063	-152.90618815257258	114	99	188	14.0	307.0	182.0	32	7.0	91.0	56.0	0	0	9.480112075805664	9200	1161.4612829685211	8616	6.347826086956516	
-2987926.179668104	110.975	9.25	174.9	105.125	-152.90618815257258	115	99	160	14	307	182	75	7	91	56	0	0	9.760172128677368	9280	1171.2214550971985	8692	6.336206896551715	
-2825347.1094322214	111.6375	9.2875	178.1	107.0375	-152.79257628334415	116	99	154	14	307	182	66	7	91	56	0	0	9.69804573059082	9360	1180.9195008277893	8768	6.324786324786331	
-2675405.168590872	110.2125	9.0875	173.6	104.375	-152.79257628334415	117	99	180	14	347	206	69	7	83	51	0	0	9.833417177200317	9440	1190.7529180049896	8844	6.313559322033896	
-2600349.8670877945	111.175	8.79746835443038	160.873417721519	96.92405063291139	-152.79257628334415	118	100	201	12.0	363.0	215.0	19	6.0	75.0	46.0	0	0	8.926220893859863	9520	1199.6791388988495	8919	6.313025210084035	
-1912939.1359173227	110.975	9.1375	171.3	103.0625	-152.79257628334415	119	100	151	15	347	206	69	7	83	51	0	0	9.150352001190186	9600	1208.8294909000397	8993	6.322916666666671	
-2887891.003422064	108.15	9.205128205128204	170.07692307692307	102.3076923076923	-152.79257628334415	120	102	174	14.0	331.0	196.0	46	7.0	83.0	51.0	0	0	9.013484954833984	9680	1217.8429758548737	9067	6.332644628099175	
-1962897.7912950926	108.1625	9.367088607594937	181.0253164556962	108.73417721518987	-152.7579883537258	121	103	174	17.0	355.0	210.0	30	7.0	83.0	51.0	0	0	9.943410873413086	9760	1227.7863867282867	9142	6.331967213114751	
-3150422.9899114203	110.425	8.975	168.3	101.3	-152.7579883537258	122	103	166	13	299	178	54	7	83	51	0	0	8.957268238067627	9840	1236.7436549663544	9218	6.32113821138212	
-2950364.8095471086	109.65	9.076923076923077	172.84615384615384	103.94871794871794	-152.7579883537258	123	105	202	13.0	323.0	192.0	18	7.0	83.0	51.0	0	0	9.255863904953003	9920	1245.9995188713074	9292	6.33064516129032	
-2162831.227513197	108.3125	9.4	181.5	109.0125	-152.7579883537258	124	105	176	16	323	192	53	7	83	51	0	0	9.989245176315308	10000	1255.9887640476227	9368	6.320000000000007	
-2825318.754964133	108.8875	9.0125	166.8	100.4125	-152.7579883537258	125	105	182	12	299	178	38	7	83	51	0	0	9.018886804580688	10080	1265.0076508522034	9444	6.30952380952381	
-2337863.5138073424	107.05	8.8625	162.1	97.675	-152.7579883537258	126	105	186	12	323	192	38	7	83	51	0	0	8.37328314781189	10160	1273.3809340000153	9518	6.318897637795274	
-1900440.0439305212	110.45	8.7875	159.4	96.0625	-152.7579883537258	127	105	186	13	283	168	55	7	91	56	0	0	8.75796103477478	10240	1282.13889503479	9594	6.30859375	
-2625459.60510054	108.75	8.91139240506329	166.0379746835443	99.9746835443038	-152.71125333222088	128	106	162	13.0	299.0	178.0	58	7.0	83.0	51.0	0	0	8.67727780342102	10320	1290.816172838211	9667	6.327519379844958	
-2162884.7278723298	109.575	9.025316455696203	170.08860759493672	102.34177215189874	-152.71125333222088	129	107	168	14.0	339.0	201.0	67	7.0	91.0	56.0	0	0	9.320188999176025	10400	1300.136361837387	9742	6.32692307692308	
-2887781.0093820817	108.8	8.987341772151899	170.69620253164558	102.69620253164557	-152.68994351406104	130	108	163	13.0	299.0	178.0	44	7.0	83.0	51.0	0	0	9.172561168670654	10480	1309.3089230060577	9817	6.326335877862604	
-2387822.668265781	110.5	9.075	174.4	104.8875	-152.68994351406104	131	108	134	11	299	178	86	7	83	51	0	0	9.337225914001465	10560	1318.6461489200592	9893	6.316287878787875	
-1875374.8178383235	111.3	8.948717948717949	170.69230769230768	102.71794871794872	-152.68994351406104	132	110	196	11.0	267.0	159.0	13	7.0	83.0	51.0	0	0	8.844780206680298	10640	1327.4909291267395	9967	6.325187969924812	
-2887837.26264003	113.025	9.115384615384615	174.07692307692307	104.6923076923077	-152.68994351406104	133	112	197	12.0	323.0	192.0	25	7.0	91.0	56.0	0	0	8.938904762268066	10720	1336.4298338890076	10041	6.333955223880594	
-2712816.5079621146	112.05	8.95	169.7	102.1375	-152.68994351406104	134	112	147	13	267	159	51	7	83	51	0	0	8.744988203048706	10800	1345.1748220920563	10116	6.333333333333329	
-2012923.6265773624	109.6375	9.06578947368421	177.0	106.42105263157895	-152.68994351406104	135	116	190	11.0	267.0	159.0	30	7.0	91.0	56.0	0	0	9.077240705490112	10880	1354.2520627975464	10188	6.360294117647058	
-2012917.71580635	110.3	9.076923076923077	176.23076923076923	105.93589743589743	-152.68994351406104	136	118	201	12.0	299.0	178.0	19	7.0	91.0	56.0	0	0	9.517670154571533	10960	1363.769732952118	10262	6.368613138686129	
-1662880.0017118435	110.525	9.037974683544304	176.46835443037975	106.10126582278481	-152.68994351406104	137	119	204	12.0	299.0	178.0	33	7.0	83.0	51.0	0	0	9.386121988296509	11040	1373.1558549404144	10337	6.367753623188406	
-1750384.8593337056	110.0	8.909090909090908	167.98701298701297	101.14285714285714	-152.68994351406104	138	122	190	15.0	331.0	196.0	30	7.0	83.0	51.0	0	0	8.2849600315094	11120	1381.4408149719238	10409	6.393884892086334	
-1950324.5152667116	111.6625	9.063291139240507	170.79746835443038	102.74683544303798	-152.67259766091544	139	123	189	12.0	299.0	178.0	67	7.0	83.0	51.0	0	0	9.064589023590088	11200	1390.505403995514	10484	6.392857142857139	
-1725342.9020340168	109.15	8.91139240506329	166.9493670886076	100.51898734177215	-152.67259766091544	140	124	146	14.0	267.0	159.0	64	7.0	83.0	51.0	0	0	8.630731105804443	11280	1399.1361351013184	10559	6.391843971631204	
-1712940.4804047258	109.8	9.05	174.0	104.6625	-152.67259766091544	141	124	154	15	307	182	66	7	83	51	0	0	9.126617908477783	11360	1408.2627530097961	10635	6.382042253521121	
-1950422.626790223	109.9	9.275	184.9	111.025	-152.67259766091544	142	124	173	12	291	173	47	7	83	51	0	0	10.268651962280273	11440	1418.5314049720764	10711	6.372377622377627	
-1787859.0923888385	110.225	9.075	173.2	104.175	-152.67259766091544	143	124	173	12	291	173	60	7	83	51	0	0	9.368212938308716	11520	1427.8996179103851	10787	6.3628472222222285	
-1975381.977759581	109.4125	9.253164556962025	178.08860759493672	107.0379746835443	-152.67259766091544	144	125	162	13.0	323.0	192.0	58	7.0	91.0	56.0	0	0	9.480422973632812	11600	1437.380040884018	10862	6.362068965517238	
-2725391.141056518	111.4625	9.367088607594937	183.15189873417722	109.9493670886076	-152.67259766091544	145	126	180	14.0	395.0	234.0	40	7.0	83.0	51.0	0	0	10.41813611984253	11680	1447.7981770038605	10937	6.361301369863014	
-2550335.1667311387	113.6875	9.282051282051283	179.51282051282053	107.84615384615384	-151.4269377945851	146	128	166	13.0	291.0	173.0	56	7.0	83.0	51.0	0	0	9.641582012176514	11760	1457.439759016037	11011	6.36904761904762	
-1900433.523712629	111.65	9.384615384615385	182.3846153846154	109.51282051282051	-151.4269377945851	147	130	218	12.0	299.0	178.0	36	7.0	99.0	61.0	0	0	9.944109678268433	11840	1467.3838686943054	11085	6.376689189189193	
-2500283.2156809373	113.05	9.423076923076923	183.4102564102564	110.12820512820512	-151.4269377945851	148	132	213	12.0	291.0	173.0	7	7.0	83.0	51.0	0	0	9.868626356124878	11920	1477.2524950504303	11159	6.384228187919462	
-2262853.812976595	113.25	9.2125	174.1	104.6875	-151.4269377945851	149	132	165	12	267	159	71	7	83	51	0	0	9.338022947311401	12000	1486.5905179977417	11235	6.375	
-2550337.465134644	108.6375	9.192307692307692	173.35897435897436	104.23076923076923	-151.4269377945851	150	134	202	15.0	307.0	182.0	18	7.0	91.0	56.0	0	0	9.501913070678711	12080	1496.0924310684204	11309	6.382450331125838	
-2750366.932329038	111.725	8.9625	163.9	98.725	-151.4269377945851	151	134	186	13	267	159	34	7	91	56	0	0	8.474303007125854	12160	1504.5667340755463	11384	6.381578947368411	
-1825432.3337645787	109.225	9.025316455696203	171.40506329113924	103.13924050632912	-151.4269377945851	152	135	167	13.0	315.0	187.0	53	7.0	91.0	56.0	0	0	8.96978497505188	12240	1513.5365190505981	11459	6.3807189542483655	
-2675535.475460155	106.8	8.756410256410257	156.84615384615384	94.56410256410257	-151.4269377945851	153	137	182	12.0	291.0	173.0	27	7.0	83.0	51.0	0	0	8.132869958877563	12320	1521.6693890094757	11531	6.404220779220779	
-2362804.9052464385	107.3125	8.8	160.7	96.8375	-151.4269377945851	154	137	182	13	291	173	47	7	83	51	0	0	8.302489042282104	12400	1529.9718780517578	11606	6.403225806451616	
-2712886.2054817877	111.8625	8.717948717948717	159.10256410256412	95.93589743589743	-151.4269377945851	155	139	182	11.0	267.0	159.0	44	7.0	83.0	51.0	0	0	8.035629749298096	12480	1538.007507801056	11680	6.410256410256409	
-3287970.278449879	110.125	9.025316455696203	164.8227848101266	99.21518987341773	-151.4269377945851	156	140	162	12.0	267.0	159.0	58	7.0	83.0	51.0	0	0	9.015379190444946	12560	1547.0228869915009	11755	6.409235668789819	
-2437932.140261912	110.6	8.962025316455696	162.59493670886076	97.9367088607595	-151.4269377945851	157	141	168	12.0	267.0	159.0	52	7.0	83.0	51.0	0	0	8.478251934051514	12640	1555.5011389255524	11829	6.416139240506325	
-2625394.971209309	111.75	9.175	175.0	105.2125	-151.4269377945851	158	141	168	11	275	164	72	7	83	51	0	0	9.414139032363892	12720	1564.9152779579163	11905	6.407232704402517	
-1737841.3702034876	110.05	9.2375	178.3	107.175	-151.3939401335254	159	141	168	13	307	182	67	7	83	51	0	0	9.298144102096558	12800	1574.2134220600128	11981	6.3984375	
-1450501.2845771983	111.075	9.166666666666666	177.35897435897436	106.61538461538461	-151.3939401335254	160	143	188	13.0	299.0	178.0	32	7.0	91.0	56.0	0	0	9.01967477798462	12880	1583.2330968379974	12055	6.405279503105589	
-1613004.216565575	109.9	8.95	170.9	102.85	-151.39080643578916	161	143	150	12	299	178	70	7	91	56	0	0	8.963871955871582	12960	1592.196968793869	12131	6.396604938271594	
-2387886.980537156	109.825	9.2625	182.4	109.575	-151.39080643578916	162	143	151	13	299	178	69	7	83	51	0	0	9.740220308303833	13040	1601.9371891021729	12207	6.388036809815958	
-2275450.4427121705	111.2	9.2375	174.6	104.9625	-151.39080643578916	163	143	161	16	331	196	70	7	83	51	0	0	9.54045581817627	13120	1611.4776449203491	12283	6.379573170731717	
-2062932.1907783872	110.8875	9.265822784810126	180.51898734177215	108.48101265822785	-151.3904499775952	164	144	173	16.0	331.0	196.0	81	8.0	107.0	65.0	0	0	9.375956058502197	13200	1620.8536009788513	12358	6.3787878787878896	
-2450506.5545412116	111.375	8.949367088607595	171.40506329113924	103.17721518987342	-151.3904499775952	165	145	191	11.0	299.0	178.0	29	7.0	91.0	56.0	0	0	8.878458976745605	13280	1629.732059955597	12433	6.3780120481927725	
-1825580.379185897	110.725	8.974683544303797	174.2405063291139	104.82278481012658	-151.3904499775952	166	146	159	12.0	299.0	178.0	61	7.0	91.0	56.0	0	0	9.169270992279053	13360	1638.901330947876	12508	6.377245508982028	
-2400422.8245760216	110.6125	9.265822784810126	190.2405063291139	114.18987341772151	-151.3904499775952	167	147	182	12.0	323.0	192.0	38	7.0	91.0	56.0	0	0	10.158036947250366	13440	1649.0593678951263	12583	6.376488095238102	
-2025457.3516666777	108.75	9.0	174.7948717948718	105.15384615384616	-151.3904499775952	168	149	162	12.0	323.0	192.0	58	7.0	83.0	51.0	0	0	8.7411949634552	13520	1657.8005628585815	12657	6.383136094674555	
-1750392.937613637	110.2	9.1875	178.7	107.45	-151.29947534281882	169	149	155	14	323	192	65	7	91	56	0	0	9.065694093704224	13600	1666.8662569522858	12733	6.375	
-2850344.688819516	110.0	9.128205128205128	176.84615384615384	106.3076923076923	-151.29947534281882	170	151	178	12.0	299.0	178.0	42	7.0	83.0	51.0	0	0	9.441311120986938	13680	1676.3075680732727	12807	6.381578947368411	
-1500401.0448162933	112.7375	9.1	183.1	109.9875	-151.29947534281882	171	151	162	12	323	192	64	6	75	46	0	0	10.168008804321289	13760	1686.475576877594	12882	6.380813953488371	
-2187958.982206484	109.4375	8.987179487179487	177.05128205128204	106.46153846153847	-151.29947534281882	172	153	180	12.0	323.0	192.0	40	7.0	83.0	51.0	0	0	9.156290054321289	13840	1695.6318669319153	12956	6.387283236994222	
-2325365.0016273363	114.2875	9.1375	184.3	110.7125	-151.29947534281882	173	153	180	11	323	192	60	6	75	46	0	0	9.965151071548462	13920	1705.5970180034637	13032	6.379310344827587	
-2375283.137132653	112.2	9.113924050632912	175.15189873417722	105.31645569620254	-151.29947534281882	174	154	200	12.0	267.0	159.0	38	6.0	75.0	46.0	0	0	9.191137075424194	14000	1714.788155078888	13107	6.378571428571433	
-2150486.1590565364	112.6125	9.05	175.2	105.3375	-151.29947534281882	175	154	190	14	307	182	30	7	83	51	0	0	9.572845697402954	14080	1724.361000776291	13182	6.3778409090909065	
-2062997.5365544208	110.8	9.291139240506329	181.126582278481	108.81012658227849	-151.29947534281882	176	155	196	13.0	323.0	192.0	24	7.0	91.0	56.0	0	0	9.703925132751465	14160	1734.0649259090424	13257	6.377118644067792	
-1250430.228907546	124.9	9.4625	190.3	114.175	-151.29947534281882	177	155	223	13	315	187	48	7	83	51	0	0	11.114723920822144	14240	1745.1796498298645	13333	6.36938202247191	
-1162996.6090703742	119.3375	9.1875	178.9	107.5125	-151.29947534281882	178	155	196	13	315	187	85	7	83	51	0	0	9.763734102249146	14320	1754.9433839321136	13409	6.361731843575427	
-1900410.99118438	128.75	9.253164556962025	188.21518987341773	113.0	-151.29947534281882	179	156	206	14.0	315.0	187.0	16	7.0	91.0	56.0	0	0	10.524509906768799	14400	1765.4678938388824	13484	6.3611111111111	
-1600377.4425422042	125.8	9.538461538461538	193.46153846153845	116.01282051282051	-151.29947534281882	180	158	204	16.0	411.0	243.0	13	7.0	91.0	56.0	0	0	11.100744009017944	14480	1776.5686378479004	13558	6.3674033149171265	
-3137895.7026201636	124.425	9.151898734177216	177.78481012658227	106.84810126582279	-151.29947534281882	181	159	203	13.0	315.0	187.0	42	7.0	83.0	51.0	0	0	9.659348964691162	14560	1786.2279868125916	13632	6.373626373626379	
-1712916.8046562467	119.65	9.164556962025317	180.0126582278481	108.13924050632912	-151.29947534281882	182	160	239	12.0	291.0	173.0	24	7.0	83.0	51.0	0	0	10.21444821357727	14640	1796.4424350261688	13707	6.372950819672127	
-2287892.0096075353	111.5375	9.430379746835444	193.8860759493671	116.27848101265823	-151.29947534281882	183	161	216	13.0	347.0	206.0	31	7.0	83.0	51.0	0	0	11.250791788101196	14720	1807.69322681427	13782	6.372282608695656	
-2600370.194272255	109.6375	9.20253164556962	181.43037974683546	108.9873417721519	-151.29947534281882	184	162	216	12.0	323.0	192.0	52	7.0	83.0	51.0	0	0	10.021515130996704	14800	1817.7147419452667	13857	6.371621621621628	
-2337994.5122954124	109.6125	9.025	172.6	103.8375	-151.29947534281882	185	162	155	13	299	178	65	7	83	51	0	0	8.936748027801514	14880	1826.6514899730682	13932	6.3709677419354875	
-1900410.161865469	112.0625	9.1375	182.8	109.775	-151.29947534281882	186	162	175	14	299	178	45	7	83	51	0	0	10.168472051620483	14960	1836.8199620246887	14008	6.36363636363636	
-2325464.9673807984	116.3125	9.164556962025317	176.36708860759492	105.9873417721519	-151.29947534281882	187	163	198	13.0	315.0	187.0	22	6.0	75.0	46.0	0	0	9.754191875457764	15040	1846.5741539001465	14083	6.363031914893611	
-2000434.2300670878	111.2625	9.272727272727273	178.4805194805195	107.23376623376623	-151.29947534281882	188	166	197	12.0	347.0	206.0	23	7.0	83.0	51.0	0	0	9.560819864273071	15120	1856.1349737644196	14156	6.37566137566138	
-2737886.8470644024	111.9625	8.9875	169.0	101.6875	-151.29947534281882	189	166	151	11	267	159	76	7	83	51	0	0	9.035665273666382	15200	1865.170639038086	14230	6.381578947368411	
-2362842.3452165266	110.0	9.0	171.0	102.8875	-151.29947534281882	190	166	139	11	299	178	81	7	91	56	0	0	8.98883581161499	15280	1874.159474849701	14306	6.374345549738223	
-3362867.635238549	110.0	8.9	159.1	95.85	-151.29947534281882	191	166	163	12	243	145	57	7	83	51	0	0	8.410583972930908	15360	1882.5700588226318	14381	6.373697916666671	
-2087885.2830865912	110.6125	9.126582278481013	172.72151898734177	103.87341772151899	-151.29947534281882	192	167	167	11.0	299.0	178.0	53	7.0	83.0	51.0	0	0	8.941163063049316	15440	1891.5112218856812	14456	6.373056994818654	
-1462899.788822073	109.6125	9.291139240506329	182.54430379746836	109.62025316455696	-151.29947534281882	193	168	169	14.0	299.0	178.0	51	8.0	107.0	65.0	0	0	9.88633918762207	15520	1901.3975610733032	14531	6.37242268041237	
-2075285.6657222577	111.475	8.925	171.7	103.3125	-151.29947534281882	194	168	213	14	291	173	55	7	83	51	0	0	8.786772966384888	15600	1910.184334039688	14607	6.365384615384613	
-1887869.542901981	109.725	8.923076923076923	168.94871794871796	101.74358974358974	-151.29947534281882	195	170	182	11.0	299.0	178.0	38	7.0	91.0	56.0	0	0	8.071067810058594	15680	1918.2554018497467	14681	6.371173469387756	
-2512921.09385159	109.175	8.9875	167.8	101.0125	-151.29947534281882	196	170	169	14	267	159	51	7	91	56	0	0	8.90333604812622	15760	1927.158737897873	14757	6.364213197969548	
-2862837.936725532	110.6125	9.075	171.0	102.8625	-151.29947534281882	197	170	189	14	307	182	31	6	75	46	0	0	9.421457052230835	15840	1936.5801949501038	14833	6.357323232323225	
-2312860.585957068	112.6	9.1375	177.3	106.6	-151.29947534281882	198	170	189	13	299	178	71	7	83	51	0	0	9.080891847610474	15920	1945.6610867977142	14909	6.350502512562812	
-2150397.1215552753	107.5625	9.151898734177216	178.69620253164558	107.41772151898734	-151.29947534281882	199	171	200	22.0	459.0	271.0	20	7.0	83.0	51.0	0	0	8.945523977279663	16000	1954.606610774994	14984	6.349999999999994	
-3275407.6170710307	109.025	8.9625	170.4	102.5375	-151.29947534281882	200	171	157	11	299	178	63	7	91	56	0	0	8.879654169082642	16080	1963.4862649440765	15059	6.349502487562191	
-2575395.73476172	108.2875	9.05	174.2	104.7625	-150.56109639088731	201	171	153	11	299	178	37	7	83	51	0	0	9.276901960372925	16160	1972.7631669044495	15135	6.34282178217822	
-2675407.131349591	110.4	8.922077922077921	168.5064935064935	101.41558441558442	-150.56109639088731	202	174	216	12.0	299.0	178.0	4	7.0	83.0	51.0	0	0	8.52551007270813	16240	1981.2886769771576	15208	6.354679802955658	
-2700336.7373837666	112.375	9.25974025974026	184.0909090909091	110.53246753246754	-150.56109639088731	203	177	160	13.0	291.0	173.0	70	7.0	83.0	51.0	0	0	10.0848388671875	16320	1991.373515844345	15281	6.366421568627459	
-2475411.3700778307	113.5	9.316455696202532	184.26582278481013	110.64556962025317	-150.39683171245017	204	178	160	14.0	323.0	192.0	81	7.0	91.0	56.0	0	0	10.340809106826782	16400	2001.7143249511719	15356	6.3658536585365795	
-2787772.917864001	110.4375	8.89873417721519	170.39240506329114	102.54430379746836	-150.39683171245017	205	179	172	12.0	299.0	178.0	48	7.0	83.0	51.0	0	0	8.97520399093628	16480	2010.6895289421082	15431	6.365291262135912	
-2312920.070166065	110.4875	9.012658227848101	174.44303797468353	104.9493670886076	-150.39683171245017	206	180	171	14.0	323.0	192.0	49	7.0	83.0	51.0	0	0	8.928936958312988	16560	2019.6184659004211	15506	6.364734299516911	
-2100496.940384773	110.125	9.037974683544304	175.45569620253164	105.51898734177215	-150.39683171245017	207	181	166	14.0	323.0	192.0	54	7.0	83.0	51.0	0	0	8.994745016098022	16640	2028.6132109165192	15581	6.364182692307693	
-2600396.0354487305	109.25	9.025	170.7	102.7375	-150.39683171245017	208	181	156	13	299	178	64	7	83	51	0	0	8.663612127304077	16720	2037.2768230438232	15656	6.36363636363636	
-2837893.731043664	108.4375	8.8875	167.7	100.9625	-150.39683171245017	209	181	146	11	243	145	74	7	83	51	0	0	8.782115936279297	16800	2046.0589389801025	15731	6.363095238095241	
-2062799.6719101935	109.7875	9.0	172.74358974358975	103.91025641025641	-150.39683171245017	210	183	205	14.0	363.0	215.0	15	7.0	91.0	56.0	0	0	9.070668935775757	16880	2055.1296079158783	15804	6.374407582938389	
-2325340.1815781062	109.6	9.08974358974359	174.48717948717947	104.92307692307692	-150.39683171245017	211	185	186	14.0	371.0	220.0	30	7.0	83.0	51.0	0	0	10.74272084236145	16960	2065.8723287582397	15878	6.379716981132077	
-1400449.6669923018	109.4375	9.0	178.8	107.4875	-150.39683171245017	212	185	137	14	363	215	88	7	91	56	0	0	10.123764991760254	17040	2075.99609375	15954	6.373239436619713	
-1625408.6477174964	109.8375	9.0	175.1	105.325	-150.39683171245017	213	185	151	13	371	220	69	7	91	56	0	0	9.228170156478882	17120	2085.224263906479	16030	6.366822429906534	
-2525439.2567531867	110.6125	9.0875	176.4	106.0625	-150.39683171245017	214	185	164	13	299	178	56	7	83	51	0	0	9.407168865203857	17200	2094.6314327716827	16106	6.360465116279073	
-2125434.9391204095	110.225	9.05	171.8	103.3375	-150.39683171245017	215	185	169	12	275	164	51	7	83	51	0	0	9.177210092544556	17280	2103.8086428642273	16182	6.354166666666671	
-2362904.818330516	108.9625	9.050632911392405	174.84810126582278	105.16455696202532	-150.39683171245017	216	186	191	12.0	315.0	187.0	29	7.0	99.0	61.0	0	0	9.163259029388428	17360	2112.9719018936157	16257	6.3536866359446975	
-1662889.018192924	113.475	9.0375	176.7	106.225	-150.39683171245017	217	186	168	14	371	220	89	7	91	56	0	0	9.552778005599976	17440	2122.5246798992157	16333	6.347477064220186	
-1662923.3125164532	111.3	9.063291139240507	174.84810126582278	105.15189873417721	-150.39683171245017	218	187	168	14.0	371.0	220.0	52	7.0	91.0	56.0	0	0	9.315567016601562	17520	2131.8402469158173	16408	6.3470319634703145	
-1700405.6356172345	110.1625	8.9375	165.7	99.775	-150.39683171245017	219	187	168	12	267	159	66	7	83	51	0	0	8.453802108764648	17600	2140.294049024582	16482	6.3522727272727195	
-2025396.7746864236	108.925	9.113924050632912	174.54430379746836	104.9746835443038	-150.39683171245017	220	188	162	15.0	307.0	182.0	58	6.0	75.0	46.0	0	0	8.935387134552002	17680	2149.229436159134	16557	6.351809954751133	
-2687841.7281511277	110.0	9.225	179.9	108.125	-150.39360300851925	221	188	166	14	307	182	54	7	91	56	0	0	9.23133897781372	17760	2158.4607751369476	16633	6.3457207207207205	
-2650363.4587847823	112.7	9.0	172.74358974358975	103.92307692307692	-150.39360300851925	222	190	203	12.0	299.0	178.0	37	7.0	83.0	51.0	0	0	8.849146842956543	17840	2167.309921979904	16707	6.350896860986538	
-1925435.663519262	106.0625	8.961538461538462	173.76923076923077	104.51282051282051	-150.39360300851925	223	192	148	12.0	299.0	178.0	46	6.0	75.0	46.0	0	0	9.319245100021362	17920	2176.6291670799255	16781	6.356026785714292	
-1437979.3823306195	109.3375	8.987179487179487	174.89743589743588	105.21794871794872	-150.3554542046841	224	194	134	11.0	299.0	178.0	67	7.0	83.0	51.0	0	0	8.737222909927368	18000	2185.366389989853	16855	6.3611111111111	
-2362986.6499326727	110.275	8.95	168.8	101.625	-150.3554542046841	225	194	164	11	299	178	56	7	83	51	0	0	8.7171471118927	18080	2194.0835371017456	16931	6.355088495575217	
-2213003.9737062557	110.3125	8.948717948717949	169.97435897435898	102.25641025641026	-150.3554542046841	226	196	190	12.0	299.0	178.0	30	6.0	75.0	46.0	0	0	9.113231897354126	18160	2203.1967689990997	17005	6.360132158590304	
-1587938.2082997996	109.2875	9.0	174.54430379746836	105.0	-150.3554542046841	227	197	209	12.0	299.0	178.0	11	7.0	91.0	56.0	0	0	8.95516300201416	18240	2212.151932001114	17079	6.36513157894737	
-2537817.1492350297	111.3875	8.789473684210526	165.73684210526315	99.8157894736842	-150.30091422434356	228	201	180	11.0	299.0	178.0	40	7.0	83.0	51.0	0	0	8.268310785293579	18320	2220.4202427864075	17151	6.3810043668122205	
-2200291.8558913814	110.35	9.0	177.8	106.9	-150.30091422434356	229	201	166	11	347	206	54	7	91	56	0	0	9.57665729522705	18400	2229.9969000816345	17227	6.375	
-2562961.33379364	110.725	8.936708860759493	170.29113924050634	102.50632911392405	-150.2718100825726	230	202	197	12.0	299.0	178.0	23	7.0	91.0	56.0	0	0	8.730755805969238	18480	2238.7276558876038	17302	6.374458874458881	
-3050433.3525191247	110.4	9.0	170.4	102.5375	-150.2718100825726	231	202	184	11	299	178	36	7	83	51	0	0	9.132874965667725	18560	2247.8605308532715	17378	6.368534482758619	
-2837840.211164686	112.8	8.975	169.2	101.85	-150.2718100825726	232	202	176	11	299	178	44	6	75	46	0	0	8.896259069442749	18640	2256.7567899227142	17453	6.368025751072963	
-2187882.9435592825	110.35	9.139240506329115	173.9367088607595	104.56962025316456	-150.2718100825726	233	203	193	14.0	291.0	173.0	27	7.0	83.0	51.0	0	0	9.5030038356781	18720	2266.2597937583923	17528	6.367521367521363	
-1812854.851414611	112.4875	9.151898734177216	174.13924050632912	104.70886075949367	-150.2718100825726	234	204	193	11.0	275.0	164.0	66	7.0	83.0	51.0	0	0	9.254792213439941	18800	2275.5145859718323	17603	6.367021276595736	
-1925542.8974022977	113.3125	9.354430379746836	179.60759493670886	107.88607594936708	-150.2718100825726	235	205	219	12.0	299.0	178.0	21	7.0	83.0	51.0	0	0	9.832672119140625	18880	2285.347258090973	17678	6.3665254237288025	
-2512886.831946835	112.025	9.65	185.6	111.375	-150.2718100825726	236	205	193	16	331	196	40	7	83	51	0	0	10.473369836807251	18960	2295.82062792778	17754	6.360759493670884	
-2475430.2626267676	109.475	8.95	163.9	98.725	-150.2718100825726	237	205	160	12	267	159	63	6	75	46	0	0	8.474227905273438	19040	2304.2948558330536	17830	6.3550420168067205	
-1675522.3907326541	109.1625	9.49367088607595	184.9746835443038	111.0632911392405	-150.2718100825726	238	206	165	14.0	339.0	201.0	55	7.0	83.0	51.0	0	0	9.717823266983032	19120	2314.0126791000366	17905	6.3546025104602535	
-2175448.6366138165	109.75	9.075949367088608	174.2405063291139	104.81012658227849	-150.2718100825726	239	207	178	13.0	291.0	173.0	42	7.0	107.0	65.0	0	0	9.025120735168457	19200	2323.037799835205	17980	6.354166666666671	
-1888040.8607150004	110.9125	9.126582278481013	174.74683544303798	105.10126582278481	-150.2718100825726	240	208	192	14.0	307.0	182.0	37	7.0	107.0	65.0	0	0	9.16708493232727	19280	2332.2048847675323	18055	6.353734439834028	
-1487875.488522166	108.875	9.1625	176.1	105.9125	-150.2718100825726	241	208	163	15	315	187	57	7	91	56	0	0	9.225261211395264	19360	2341.4301459789276	18131	6.348140495867767	
-2475351.9330938226	110.15	9.063291139240507	171.0	102.89873417721519	-150.2718100825726	242	209	168	12.0	331.0	196.0	63	7.0	91.0	56.0	0	0	9.205794095993042	19440	2350.6359400749207	18206	6.3477366255144005	
-2500385.203742107	110.175	8.975	168.0	101.175	-150.2718100825726	243	209	141	12	299	178	79	7	83	51	0	0	8.851440906524658	19520	2359.4873809814453	18282	6.342213114754102	
-1450399.9520486086	110.425	9.012658227848101	172.0126582278481	103.53164556962025	-150.2718100825726	244	210	173	12.0	267.0	159.0	47	7.0	91.0	56.0	0	0	8.675940990447998	19600	2368.1633219718933	18357	6.341836734693871	
-2287931.881354564	110.55	8.7875	164.0	98.8125	-150.2718100825726	245	210	148	11	267	159	72	7	83	51	0	0	8.920514106750488	19680	2377.083836078644	18433	6.336382113821131	
-1800348.9708379856	109.85	8.822784810126583	166.44303797468353	100.25316455696202	-150.24955252149113	246	211	164	11.0	299.0	178.0	56	7.0	99.0	61.0	0	0	8.683331727981567	19760	2385.7671678066254	18508	6.336032388663966	
-1937913.9717861495	110.1875	8.975	171.4	103.0875	-150.24955252149113	247	211	170	13	339	201	50	6	75	46	0	0	10.339714050292969	19840	2396.1068818569183	18584	6.33064516129032	
-2200477.677657381	110.4625	9.189873417721518	178.49367088607596	107.25316455696202	-150.24955252149113	248	212	182	14.0	299.0	178.0	38	7.0	91.0	56.0	0	0	10.009008884429932	19920	2406.1158907413483	18659	6.330321285140556	
-1925331.7143252916	111.9125	9.2625	182.9	109.8375	-150.24955252149113	249	212	182	11	299	178	48	6	75	46	0	0	10.529266357421875	20000	2416.64515709877	18735	6.325000000000003	
-2100349.636103591	110.0	9.225	181.1	108.8125	-150.24955252149113	250	212	167	15	323	192	53	7	83	51	0	0	10.37770700454712	20080	2427.0228641033173	18811	6.319721115537845	
-2150502.0264055314	111.425	9.0375	174.2	104.8	-150.24955252149113	251	212	179	13	339	201	41	7	91	56	0	0	9.402682781219482	20160	2436.4255468845367	18887	6.3144841269841265	
-1862972.4748461253	109.85	9.0375	173.6	104.3875	-150.24955252149113	252	212	168	14	339	201	52	7	91	56	0	0	9.596059083938599	20240	2446.0216059684753	18962	6.314229249011859	
-2487862.5369066694	110.625	9.15	174.0	104.6125	-150.24955252149113	253	212	171	14	339	201	49	7	83	51	0	0	9.986073970794678	20320	2456.00767993927	19038	6.309055118110237	
-1700532.7735527642	110.6	9.35	182.5	109.5875	-150.22189763281995	254	212	147	13	339	201	73	7	83	51	0	0	10.390471935272217	20400	2466.3981518745422	19114	6.303921568627445	
-1612849.789956468	110.0125	9.455696202531646	185.8860759493671	111.56962025316456	-150.22189763281995	255	213	196	14.0	307.0	182.0	24	8.0	115.0	70.0	0	0	10.409640073776245	20480	2476.8077919483185	19189	6.3037109375	
-1787850.4984082214	111.3875	9.35	179.3	107.75	-150.22189763281995	256	213	161	16	363	215	79	7	83	51	0	0	9.729594945907593	20560	2486.537386894226	19265	6.2986381322957214	
-2262884.1823041537	110.0	8.9125	171.7	103.3	-150.22189763281995	257	213	185	12	299	178	35	6	75	46	0	0	9.44084906578064	20640	2495.9782359600067	19341	6.293604651162781	
-1575446.8267211418	110.4875	9.1	174.2	104.775	-150.22189763281995	258	213	167	12	299	178	53	7	83	51	0	0	9.348140954971313	20720	2505.326376914978	19417	6.288610038610045	
-3137935.2515159543	110.0	9.2	175.0	105.2	-150.22189763281995	259	213	138	14	307	182	82	7	107	65	0	0	9.900484085083008	20800	2515.226861000061	19493	6.283653846153854	
-1800405.175215877	110.075	9.5	188.2	112.95	-150.22189763281995	260	213	151	16	331	196	69	7	107	66	0	0	10.23855471611023	20880	2525.4654157161713	19569	6.27873563218391	
-1500365.2739453344	109.8625	9.325	184.5	110.8	-150.22189763281995	261	213	135	11	299	178	85	7	83	51	0	0	10.182985305786133	20960	2535.6484010219574	19645	6.273854961832058	
-1962863.154390047	110.0	8.8875	166.3	100.1625	-150.22189763281995	262	213	172	11	299	178	48	7	91	56	0	0	8.79548692703247	21040	2544.44388794899	19721	6.2690114068441005	
-1650372.5525459112	113.3875	9.1375	177.4	106.6375	-150.22189763281995	263	213	175	14	307	182	45	7	83	51	0	0	9.594562768936157	21120	2554.038450717926	19797	6.264204545454547	
-1375303.0268199963	113.4625	9.189873417721518	181.53164556962025	109.07594936708861	-150.22189763281995	264	214	173	12.0	299.0	178.0	63	7.0	107.0	65.0	0	0	9.558252096176147	21200	2563.596702814102	19872	6.264150943396231	
-1987931.9348127034	112.725	9.0125	171.9	103.4625	-150.22189763281995	265	214	150	12	299	178	77	7	91	56	0	0	8.872371912002563	21280	2572.4690747261047	19948	6.259398496240593	
-1950371.8490421143	112.425	9.265822784810126	182.13924050632912	109.40506329113924	-150.22189763281995	266	215	173	12.0	299.0	178.0	47	7.0	83.0	51.0	0	0	9.73635721206665	21360	2582.2054319381714	20022	6.264044943820224	
-2662935.8512806604	112.0375	9.08860759493671	174.2405063291139	104.79746835443038	-150.1405193468085	267	216	173	11.0	323.0	192.0	54	7.0	91.0	56.0	0	0	9.058874130249023	21440	2591.2643060684204	20097	6.2639925373134275	
-2212880.4093466797	113.4625	9.2	178.2	107.1125	-150.1405193468085	268	216	173	13	299	178	71	7	83	51	0	0	9.597099781036377	21520	2600.861405849457	20173	6.2592936802973895	
-2400337.790960713	111.575	9.192307692307692	175.82051282051282	105.71794871794872	-150.1405193468085	269	218	176	12.0	299.0	178.0	44	7.0	91.0	56.0	0	0	9.188055992126465	21600	2610.0494618415833	20247	6.263888888888886	
-2062802.9779597074	116.7	9.175	179.9	108.1	-150.1405193468085	270	218	250	15	363	215	33	7	91	56	0	0	9.730072021484375	21680	2619.7795338630676	20323	6.259225092250915	
-2475383.1412531286	111.6875	9.08974358974359	172.64102564102564	103.88461538461539	-150.1405193468085	271	220	173	15.0	307.0	182.0	60	7.0	83.0	51.0	0	0	8.643013954162598	21760	2628.42254781723	20397	6.263786764705884	
-3162899.6073067226	110.3	8.987341772151899	170.18987341772151	102.40506329113924	-150.1405193468085	272	221	184	14.0	395.0	234.0	36	7.0	83.0	51.0	0	0	9.36680817604065	21840	2637.789355993271	20472	6.263736263736263	
-1700444.5411622736	109.95	9.125	174.3	104.8375	-150.1405193468085	273	221	176	14	347	206	56	7	99	61	0	0	9.101346969604492	21920	2646.8907029628754	20548	6.259124087591232	
-2575375.306180204	109.8	9.075949367088608	169.9873417721519	102.29113924050633	-150.1405193468085	274	222	161	14.0	307.0	182.0	59	7.0	91.0	56.0	0	0	9.05145812034607	22000	2655.9421610832214	20623	6.259090909090915	
-2225395.8415263696	108.9375	9.125	179.8	108.0625	-150.1405193468085	275	222	164	11	299	178	56	7	83	51	0	0	9.576591730117798	22080	2665.5187528133392	20699	6.25452898550725	
-2537927.35188344	110.575	9.050632911392405	175.86075949367088	105.72151898734177	-150.1405193468085	276	223	175	13.0	459.0	271.0	45	7.0	91.0	56.0	0	0	10.10873031616211	22160	2675.6274831295013	20774	6.254512635379058	
-1950381.658418519	113.575	9.333333333333334	182.89743589743588	109.82051282051282	-150.1405193468085	277	225	183	14.0	307.0	182.0	37	7.0	83.0	51.0	0	0	9.940712928771973	22240	2685.5681960582733	20847	6.263489208633089	
-1913030.5706577445	112.775	8.975	169.3	101.875	-150.1405193468085	278	225	175	14	307	182	48	7	83	51	0	0	9.252647876739502	22320	2694.820843935013	20923	6.258960573476699	
-2137830.3210457545	113.4625	9.0375	169.9	102.25	-150.1405193468085	279	225	164	13	307	182	80	7	83	51	0	0	9.152853965759277	22400	2703.973697900772	20999	6.254464285714292	
-1550425.340597599	110.075	9.15	178.7	107.3875	-150.1405193468085	280	225	157	17	411	243	63	8	107	65	0	0	10.445361852645874	22480	2714.419059753418	21075	6.25	
-2137976.806218992	110.0	9.0375	175.9	105.7875	-150.1405193468085	281	225	156	16	339	201	64	7	91	56	0	0	9.74381422996521	22560	2724.162873983383	21151	6.245567375886523	
-2737859.403962097	110.575	9.025641025641026	171.82051282051282	103.34615384615384	-150.1405193468085	282	227	182	12.0	299.0	178.0	38	8.0	107.0	65.0	0	0	9.184601783752441	22640	2733.3474757671356	21225	6.25	
-2325393.8628749084	109.975	9.177215189873417	176.0632911392405	105.86075949367088	-150.10386269952605	283	228	170	14.0	307.0	182.0	50	7.0	83.0	51.0	0	0	9.273155212402344	22720	2742.620630979538	21300	6.25	
-1587905.4975572564	109.7125	9.0125	170.1	102.3625	-150.10386269952605	284	228	217	13	283	168	50	7	83	51	0	0	8.683507919311523	22800	2751.3041388988495	21373	6.258771929824562	
-1862894.2181440257	109.7	9.08860759493671	171.1012658227848	102.9367088607595	-150.10386269952605	285	229	211	12.0	267.0	159.0	9	7.0	83.0	51.0	0	0	9.045429944992065	22880	2760.3495688438416	21448	6.258741258741267	
-1637858.2201091512	109.325	9.10126582278481	172.0126582278481	103.50632911392405	-150.10386269952605	286	230	182	11.0	291.0	173.0	37	7.0	83.0	51.0	0	0	9.106298208236694	22960	2769.4558670520782	21523	6.2587108013937325	
-1412885.7111291564	112.2125	9.175	177.8	106.875	-150.10386269952605	287	230	175	12	291	173	69	8	107	65	0	0	9.819132804870605	23040	2779.274999856949	21599	6.254340277777786	
-1825393.598764304	112.175	8.95	172.7	103.9125	-150.10386269952605	288	230	177	15	307	182	43	7	91	56	0	0	9.480512142181396	23120	2788.7555119991302	21675	6.25	
-2162820.819053181	111.45	9.14102564102564	174.3846153846154	104.88461538461539	-150.10386269952605	289	232	168	13.0	291.0	173.0	53	6.0	75.0	46.0	0	0	9.016202926635742	23200	2797.771714925766	21749	6.254310344827587	
-2137882.2745781266	111.8125	9.0625	173.7	104.475	-150.10386269952605	290	232	170	14	307	182	50	6	75	46	0	0	9.256676197052002	23280	2807.028391122818	21825	6.25	
-1675457.943082304	109.9625	9.1125	174.4	104.8875	-150.10386269952605	291	232	161	15	331	196	59	6	75	46	0	0	9.300073862075806	23360	2816.328464984894	21901	6.245719178082183	
-2525335.744255837	109.9625	9.025641025641026	173.05128205128204	104.11538461538461	-150.08628832493645	292	234	192	14.0	283.0	168.0	28	7.0	83.0	51.0	0	0	8.85924482345581	23440	2825.1877098083496	21975	6.25	
-1912867.0685609677	110.1125	9.125	174.4	104.875	-150.08628832493645	293	234	149	12	267	159	71	7	83	51	0	0	9.45431113243103	23520	2834.6420209407806	22051	6.245748299319729	
-1512860.5334067591	110.15	9.15	176.5	106.125	-150.08628832493645	294	234	145	15	331	196	75	7	83	51	0	0	9.603878021240234	23600	2844.245898962021	22127	6.241525423728817	
-2100348.7332854182	110.175	9.175	173.3	104.2	-150.08628832493645	295	234	132	14	331	196	88	6	75	46	0	0	9.55652904510498	23680	2853.802428007126	22203	6.237331081081081	
-1737945.1598929823	110.5625	8.975	166.1	100.025	-150.08628832493645	296	234	178	14	315	187	48	7	83	51	0	0	8.487801790237427	23760	2862.2902297973633	22279	6.233164983164983	
-1637825.4927234326	110.4875	8.987341772151899	168.56962025316454	101.44303797468355	-150.08628832493645	297	235	190	12.0	267.0	159.0	30	7.0	83.0	51.0	0	0	8.97478723526001	23840	2871.2650170326233	22354	6.233221476510067	
-2287853.1490484816	110.475	9.153846153846153	176.33333333333334	106.01282051282051	-150.08628832493645	298	237	175	14.0	299.0	178.0	45	7.0	91.0	56.0	0	0	9.139605045318604	23920	2880.404622077942	22428	6.237458193979933	
-2725379.378379724	110.1875	9.15	172.9	104.0	-150.08628832493645	299	237	169	13	291	173	51	7	91	56	0	0	9.212831974029541	24000	2889.6174540519714	22503	6.237499999999997	
-2112992.7685506917	110.0	9.256410256410257	180.33333333333334	108.34615384615384	-150.08628832493645	300	239	194	14.0	315.0	187.0	26	7.0	83.0	51.0	0	0	9.788595914840698	24080	2899.406049966812	22577	6.24169435215947	
-2000458.5528814986	111.5375	9.227848101265822	176.36708860759492	106.0	-150.08628832493645	301	240	167	14.0	315.0	187.0	64	7.0	83.0	51.0	0	0	9.715147972106934	24160	2909.121197938919	22652	6.241721854304643	
-2050434.2772899314	115.8	9.08860759493671	172.41772151898735	103.70886075949367	-150.08628832493645	302	241	245	13.0	299.0	178.0	23	7.0	83.0	51.0	0	0	9.008074045181274	24240	2918.1292719841003	22726	6.245874587458744	
-2537902.893917183	112.975	9.0875	169.7	102.0875	-150.08628832493645	303	241	171	11	267	159	49	6	75	46	0	0	9.17491602897644	24320	2927.304188013077	22801	6.24588815789474	
-1787887.9395999	113.5625	9.164556962025317	178.08860759493672	107.0506329113924	-150.08628832493645	304	242	178	11.0	299.0	178.0	42	7.0	83.0	51.0	0	0	9.591749906539917	24400	2936.8959379196167	22876	6.245901639344268	
-2525430.5408441224	109.8875	9.0	169.9873417721519	102.31645569620254	-150.08628832493645	305	243	203	13.0	299.0	178.0	57	7.0	99.0	61.0	0	0	8.830712080001831	24480	2945.7266499996185	22951	6.245915032679733	
-2012875.8305889233	109.575	9.08860759493671	178.8987341772152	107.50632911392405	-150.08628832493645	306	244	207	13.0	419.0	248.0	60	7.0	83.0	51.0	0	0	9.926498889923096	24560	2955.6531488895416	23026	6.245928338762212	
-3537826.4537386536	109.2625	9.0625	169.8	102.1875	-150.08628832493645	307	244	184	12	347	206	36	7	83	51	0	0	8.900241136550903	24640	2964.5533900260925	23102	6.241883116883116	
-2125460.972291247	108.825	8.936708860759493	169.58227848101265	102.07594936708861	-150.08628832493645	308	245	180	15.0	299.0	178.0	40	7.0	91.0	56.0	0	0	8.767715692520142	24720	2973.3211057186127	23177	6.24190938511326	
-2162947.846870187	109.8	9.025316455696203	173.32911392405063	104.27848101265823	-150.08628832493645	309	246	187	12.0	299.0	178.0	33	7.0	83.0	51.0	0	0	8.836711168289185	24800	2982.157816886902	23251	6.2459677419354875	
-2450493.2002662355	113.3875	9.220779220779221	176.92207792207793	106.33766233766234	-150.08628832493645	310	249	241	13.0	283.0	168.0	31	8.0	115.0	70.0	0	0	9.037714958190918	24880	2991.195531845093	23324	6.254019292604511	
-2625396.4810636463	117.1	8.8875	166.3	100.15	-150.08628832493645	311	249	199	14	291	173	21	6	75	46	0	0	8.503969192504883	24960	2999.6995010375977	23399	6.254006410256409	
-2500424.2036005044	114.875	9.075	171.5	103.1875	-150.08628832493645	312	249	187	12	299	178	48	7	91	56	0	0	8.879252910614014	25040	3008.5787539482117	23475	6.25	
-2525358.402064323	112.175	9.227848101265822	179.91139240506328	108.11392405063292	-150.08628832493645	313	250	187	13.0	299.0	178.0	64	7.0	83.0	51.0	0	0	9.325747013092041	25120	3017.9045009613037	23550	6.25	
-2775428.5932420855	110.875	9.102564102564102	175.51282051282053	105.55128205128206	-150.08628832493645	314	252	167	13.0	323.0	192.0	53	7.0	83.0	51.0	0	0	9.393471002578735	25200	3027.2979719638824	23624	6.253968253968253	
-2237823.61113448	110.7	9.14102564102564	182.89743589743588	109.87179487179488	-150.08628832493645	315	254	209	11.0	299.0	178.0	11	7.0	83.0	51.0	0	0	9.634001970291138	25280	3036.9319739341736	23698	6.257911392405063	
-1712912.0559176677	112.075	9.282051282051283	185.97435897435898	111.66666666666667	-150.08628832493645	316	256	189	12.0	307.0	182.0	31	8.0	107.0	65.0	0	0	10.072794914245605	25360	3047.004768848419	23772	6.261829652996838	
-2463018.209490103	110.0	9.064935064935066	170.8961038961039	102.81818181818181	-150.08628832493645	317	259	193	13.0	323.0	192.0	27	7.0	83.0	51.0	0	0	8.849579095840454	25440	3055.8543479442596	23845	6.269654088050316	
-2050404.5043341846	109.8875	9.0875	175.8	105.6875	-150.08628832493645	318	259	156	14	395	234	66	6	75	46	0	0	9.360251188278198	25520	3065.214599132538	23921	6.265673981191227	
-1337797.365275601	106.95	9.075	172.8	103.95	-150.08628832493645	319	259	155	13	371	220	65	7	83	51	0	0	9.042390823364258	25600	3074.256989955902	23997	6.26171875	
-2812868.8940338567	110.6375	9.15	173.3	104.25	-150.08628832493645	320	259	186	14	347	206	34	7	83	51	0	0	9.14510989189148	25680	3083.4020998477936	24071	6.2655763239875455	
-2675375.9350828785	110.95	9.166666666666666	169.46153846153845	102.0	-150.08628832493645	321	261	186	15.0	315.0	187.0	39	7.0	99.0	61.0	0	0	8.660969972610474	25760	3092.063069820404	24145	6.269409937888199	
-2438072.8113076137	106.8375	9.16	171.85333333333332	103.4	-150.08628832493645	322	266	186	15.0	299.0	178.0	39	7.0	91.0	56.0	0	0	8.23989224433899	25840	3100.302962064743	24213	6.296439628482972	
-2238195.6644577505	111.925	9.0	171.40506329113924	103.12658227848101	-150.08628832493645	323	267	186	11.0	291.0	173.0	61	7.0	83.0	51.0	0	0	9.316032648086548	25920	3109.6189947128296	24288	6.296296296296305	
-1787885.923694849	113.175	9.325	186.4	111.9	-150.08628832493645	324	267	186	15	323	192	48	8	115	70	0	0	10.209984064102173	26000	3119.8289787769318	24364	6.292307692307702	
-2750408.4780440414	110.025	9.1375	179.9	108.1125	-150.08628832493645	325	267	189	13	323	192	31	8	107	65	0	0	10.228928089141846	26080	3130.0579068660736	24440	6.288343558282207	
-2012869.7670580815	108.3	8.925	168.6	101.575	-150.08628832493645	326	267	171	12	299	178	64	7	99	61	0	0	8.500322103500366	26160	3138.558228969574	24516	6.284403669724767	
-2575371.105304982	104.4875	8.89873417721519	164.1139240506329	98.88607594936708	-150.08628832493645	327	268	161	12.0	267.0	159.0	59	8.0	107.0	65.0	0	0	8.415381908416748	26240	3146.9736108779907	24591	6.284298780487802	
-2075445.1305648447	108.4125	8.925	169.1	101.8	-150.08628832493645	328	268	147	12	267	159	67	7	83	51	0	0	8.66962718963623	26320	3155.643238067627	24665	6.287993920972639	
-1787846.5077879683	109.5125	8.987341772151899	174.64556962025316	105.0632911392405	-150.08097455991495	329	269	181	11.0	299.0	178.0	39	7.0	83.0	51.0	0	0	9.084529876708984	26400	3164.727767944336	24740	6.287878787878782	
-2375367.8004951915	111.5875	9.050632911392405	172.62025316455697	103.86075949367088	-150.08097455991495	330	270	190	12.0	299.0	178.0	30	7.0	83.0	51.0	0	0	8.697736978530884	26480	3173.425504922867	24815	6.287764350453173	
-2575406.744045851	110.0	8.9875	166.9	100.4875	-150.08097455991495	331	270	165	12	275	164	55	7	83	51	0	0	8.76081395149231	26560	3182.186318874359	24891	6.283885542168676	
-2375424.310453639	112.25	9.2	175.6	105.55	-150.08097455991495	332	270	158	12	299	178	69	7	83	51	0	0	9.586690187454224	26640	3191.7730090618134	24967	6.280030030030019	
-1462848.0994796536	113.675	9.0875	176.7	106.25	-150.08097455991495	333	270	194	11	275	164	56	7	83	51	0	0	9.054751873016357	26720	3200.8277609348297	25043	6.2761976047904255	
-2025418.920957672	114.0875	9.025641025641026	169.25641025641025	101.8974358974359	-150.08097455991495	334	272	254	14.0	291.0	173.0	14	7.0	91.0	56.0	0	0	8.41272783279419	26800	3209.240488767624	25117	6.27985074626865	
-2175391.7881389456	115.1875	9.075	170.0	102.325	-150.07713627313828	335	272	254	18	387	229	87	7	83	51	0	0	8.779549360275269	26880	3218.020038127899	25193	6.276041666666671	
-1837910.5556888126	112.325	9.064102564102564	175.6153846153846	105.62820512820512	-150.07713627313828	336	274	254	13.0	323.0	192.0	38	7.0	91.0	56.0	0	0	8.610328674316406	26960	3226.6303668022156	25266	6.2833827893175	
-2337898.567086121	109.725	8.925	170.5	102.6125	-150.07713627313828	337	274	175	13	411	243	45	6	75	46	0	0	9.418109893798828	27040	3236.0484766960144	25342	6.279585798816569	
-2437867.238165693	110.5125	8.987341772151899	170.29113924050634	102.49367088607595	-150.07713627313828	338	275	193	11.0	323.0	192.0	46	7.0	83.0	51.0	0	0	8.672275304794312	27120	3244.7207520008087	25417	6.279498525073748	
-2437976.324282746	110.3	9.0875	167.7	100.975	-150.07713627313828	339	275	153	12	267	159	67	7	83	51	0	0	8.454340934753418	27200	3253.175092935562	25492	6.279411764705884	
-2112803.008882804	109.6	8.962025316455696	169.1772151898734	101.87341772151899	-150.07713627313828	340	276	160	12.0	299.0	178.0	60	7.0	83.0	51.0	0	0	9.287262916564941	27280	3262.462355852127	25567	6.279325513196483	
-2250352.895639493	110.0	9.0875	173.2	104.2	-150.07685357349615	341	276	154	12	243	145	66	7	91	56	0	0	9.773496150970459	27360	3272.2358520030975	25643	6.275584795321649	
-1575405.6265558368	111.625	9.189873417721518	175.15189873417722	105.31645569620254	-150.07685357349615	342	277	163	12.0	299.0	178.0	57	7.0	99.0	61.0	0	0	9.33594274520874	27440	3281.5717947483063	25718	6.275510204081641	
-2150509.9794968604	110.95	9.1125	179.0	107.6	-150.07685357349615	343	277	162	12	299	178	58	7	91	56	0	0	9.58854603767395	27520	3291.16034078598	25794	6.271802325581405	
-2937866.1278853947	109.9375	9.113924050632912	173.32911392405063	104.21518987341773	-150.07685357349615	344	278	177	12.0	299.0	178.0	43	7.0	83.0	51.0	0	0	9.523765087127686	27600	3300.684105873108	25869	6.271739130434781	
-2237908.6714471234	109.1	9.30379746835443	182.74683544303798	109.75949367088607	-150.07685357349615	345	279	166	12.0	323.0	192.0	54	8.0	115.0	70.0	0	0	9.670467138290405	27680	3310.3545730113983	25944	6.2716763005780365	
-1700441.6459533088	111.575	9.075	171.6	103.2625	-150.07685357349615	346	279	196	11	299	178	51	8	107	65	0	0	8.689620971679688	27760	3319.044193983078	26020	6.268011527377524	
-2312887.8073044103	111.125	9.2	176.0	105.8	-150.07685357349615	347	279	169	14	307	182	62	7	83	51	0	0	9.698790788650513	27840	3328.7429847717285	26096	6.264367816091948	
-2537795.782592314	110.6	9.1625	177.0	106.4125	-150.07685357349615	348	279	175	12	299	178	45	7	99	61	0	0	9.310033321380615	27920	3338.053018093109	26171	6.264326647564474	
-2475295.293657104	110.2625	9.164556962025317	177.48101265822785	106.70886075949367	-150.07685357349615	349	280	188	14.0	331.0	196.0	32	7.0	83.0	51.0	0	0	9.0852689743042	28000	3347.1382870674133	26246	6.264285714285705	
-2837870.09066252	110.3125	9.075	171.8	103.3625	-150.07685357349615	350	280	157	12	323	192	63	7	83	51	0	0	8.893421649932861	28080	3356.031708717346	26322	6.2606837606837615	
-2550379.07952089	111.4875	8.91139240506329	174.13924050632912	104.77215189873418	-150.06394153315122	351	281	212	12.0	315.0	187.0	33	7.0	83.0	51.0	0	0	8.793102264404297	28160	3364.8248109817505	26397	6.2606534090909065	
-3362848.297510645	113.175	8.9125	171.0	102.9125	-150.06394153315122	352	281	212	11	299	178	63	6	75	46	0	0	8.849581956863403	28240	3373.674392938614	26473	6.257082152974505	
-2437883.1426047483	112.25	9.025316455696203	176.0632911392405	105.87341772151899	-150.06394153315122	353	282	212	11.0	299.0	178.0	53	7.0	83.0	51.0	0	0	9.263317108154297	28320	3382.937710046768	26548	6.25706214689265	
-2537921.932791027	109.45	9.10126582278481	176.9746835443038	106.39240506329114	-150.06394153315122	354	283	187	13.0	299.0	178.0	33	7.0	83.0	51.0	0	0	9.511916875839233	28400	3392.4496269226074	26623	6.257042253521121	
-1775313.777760625	110.0875	9.225	183.4	110.1375	-150.06394153315122	355	283	181	12	299	178	39	8	107	65	0	0	9.927448987960815	28480	3402.3770759105682	26699	6.2535112359550595	
-2287849.4790203623	116.55	9.151898734177216	177.68354430379748	106.77215189873418	-150.06394153315122	356	284	175	12.0	299.0	178.0	52	7.0	99.0	61.0	0	0	9.308372020721436	28560	3411.6854479312897	26773	6.25700280112045	
-2875351.4128815937	112.825	9.35	178.1	107.0125	-150.06394153315122	357	284	175	14	307	182	47	7	83	51	0	0	9.564229965209961	28640	3421.2496778964996	26849	6.253491620111731	
-3175313.816787223	110.875	9.468354430379748	187.60759493670886	112.60759493670886	-150.06394153315122	358	285	173	12.0	299.0	178.0	47	7.0	83.0	51.0	0	0	9.680783033370972	28720	3430.9304609298706	26924	6.253481894150411	
-3225316.4950198303	107.65	9.18421052631579	173.42105263157896	104.28947368421052	-150.06394153315122	359	289	178	11.0	267.0	159.0	42	7.0	99.0	61.0	0	0	8.589752912521362	28800	3439.520213842392	26996	6.263888888888886	
-2212888.4643564583	111.2125	9.175	179.5	107.85	-150.06394153315122	360	289	222	12	299	178	53	7	83	51	0	0	9.795784950256348	28880	3449.3159987926483	27072	6.260387811634345	
-2637762.1604997325	110.6625	9.177215189873417	180.21518987341773	108.30379746835443	-150.06394153315122	361	290	233	12.0	299.0	178.0	40	8.0	107.0	65.0	0	0	9.184080123901367	28960	3458.5000789165497	27147	6.2603591160221015	
-2362901.271967892	110.0	9.151898734177216	177.1772151898734	106.51898734177215	-150.06394153315122	362	291	199	11.0	299.0	178.0	21	7.0	83.0	51.0	0	0	9.009917974472046	29040	3467.5099968910217	27222	6.260330578512395	
-2575308.3554216074	112.2375	9.3625	186.6	112.0125	-150.06394153315122	363	291	212	14	307	182	56	7	83	51	0	0	10.208853960037231	29120	3477.718850851059	27298	6.256868131868131	
-2737826.3463187832	109.7375	9.278481012658228	178.49367088607596	107.22784810126582	-150.06394153315122	364	292	193	14.0	307.0	182.0	27	7.0	83.0	51.0	0	0	9.797187089920044	29200	3487.516037940979	27373	6.256849315068493	
-2537862.2325945394	109.525	9.2987012987013	181.7012987012987	109.11688311688312	-150.06394153315122	365	295	194	14.0	339.0	201.0	26	7.0	83.0	51.0	0	0	9.598331928253174	29280	3497.114369869232	27446	6.263661202185787	
-2300425.125495301	108.7625	9.435897435897436	186.89743589743588	112.14102564102564	-150.06394153315122	366	297	197	14.0	339.0	201.0	23	7.0	91.0	56.0	0	0	10.27182912826538	29360	3507.3861989974976	27520	6.2670299727520415	
-3312768.9600454476	110.1625	9.26923076923077	180.94871794871796	108.6923076923077	-149.91844011832032	367	299	183	12.0	299.0	178.0	53	7.0	107.0	65.0	0	0	9.760664939880371	29440	3517.146863937378	27594	6.270380434782609	
-2962893.7136658444	111.0625	9.41025641025641	186.69230769230768	112.02564102564102	-149.91844011832032	368	301	172	15.0	323.0	192.0	48	7.0	83.0	51.0	0	0	10.41103196144104	29520	3527.557895898819	27668	6.273712737127369	
-2725468.220177949	112.275	9.240506329113924	180.41772151898735	108.37974683544304	-149.91844011832032	369	302	178	13.0	307.0	182.0	42	7.0	83.0	51.0	0	0	9.735821962356567	29600	3537.2937178611755	27743	6.273648648648646	
-2325335.231759015	112.4625	9.164556962025317	178.59493670886076	107.32911392405063	-149.91844011832032	370	303	192	13.0	363.0	215.0	28	7.0	83.0	51.0	0	0	9.64487910270691	29680	3546.9385969638824	27818	6.273584905660385	
-2937939.9201862486	111.75	8.9375	166.2	100.0875	-149.91844011832032	371	303	161	11	299	178	59	8	107	65	0	0	8.526797771453857	29760	3555.4653947353363	27894	6.270161290322591	
-2212981.466939884	111.0	9.025316455696203	169.58227848101265	102.0253164556962	-149.91844011832032	372	304	197	13.0	339.0	201.0	23	7.0	83.0	51.0	0	0	8.96102237701416	29840	3564.4264171123505	27969	6.270107238605888	
-3050303.9238406015	112.375	8.962025316455696	167.7594936708861	100.9873417721519	-149.91844011832032	373	305	181	12.0	267.0	159.0	49	7.0	83.0	51.0	0	0	8.665908813476562	29920	3573.092325925827	28044	6.270053475935839	
-2737835.0891574346	111.75	9.50632911392405	186.8987341772152	112.17721518987342	-149.91844011832032	374	306	184	17.0	355.0	210.0	46	7.0	107.0	65.0	0	0	10.000317096710205	30000	3583.0926430225372	28119	6.269999999999996	
-2462817.77408977	113.9375	9.256410256410257	177.76923076923077	106.83333333333333	-149.91844011832032	375	308	167	14.0	275.0	164.0	53	7.0	83.0	51.0	0	0	9.255085945129395	30080	3592.3477289676666	28193	6.27327127659575	
-2537808.6678819344	117.5	9.4125	180.6	108.5	-149.91844011832032	376	308	143	14	299	178	82	7	83	51	0	0	9.611633062362671	30160	3601.9593620300293	28269	6.2698938992042486	
-2712862.3470979417	116.4875	9.4	179.6	107.9125	-149.91844011832032	377	308	152	14	307	182	78	7	83	51	0	0	9.566431999206543	30240	3611.525794029236	28345	6.2665343915343925	
-2962897.5508391648	114.7375	9.265822784810126	173.22784810126583	104.15189873417721	-149.91844011832032	378	309	178	15.0	331.0	196.0	42	7.0	83.0	51.0	0	0	9.204091787338257	30320	3620.729885816574	28420	6.266490765171511	
-2025406.1948353543	115.7375	8.85	163.7	98.6125	-149.91844011832032	379	309	174	11	267	159	67	7	83	51	0	0	8.424641132354736	30400	3629.154526948929	28496	6.263157894736835	
-2450428.4476588652	114.9375	8.925	170.3	102.5	-149.91844011832032	380	309	166	12	299	178	64	7	83	51	0	0	8.62760305404663	30480	3637.7821300029755	28572	6.259842519685037	
-3412855.2325902483	113.3625	9.4375	193.2	115.9125	-149.91844011832032	381	309	183	13	347	206	47	7	83	51	0	0	10.392504930496216	30560	3648.1746349334717	28648	6.2565445026178	
-2675373.8297502683	116.3625	9.164556962025317	176.9746835443038	106.37974683544304	-149.91844011832032	382	310	211	12.0	315.0	187.0	29	7.0	91.0	56.0	0	0	9.49680781364441	30640	3657.671442747116	28723	6.256527415143594	
-3200332.411350365	117.0125	9.1625	175.2	105.35	-149.91844011832032	383	310	211	14	299	178	50	7	91	56	0	0	9.441099166870117	30720	3667.112541913986	28799	6.253255208333329	
-3762870.8037286224	122.625	9.0625	173.6	104.375	-149.91844011832032	384	310	211	14	371	220	56	7	83	51	0	0	9.701924085617065	30800	3676.8144659996033	28875	6.25	
-3187871.576134561	122.6125	9.3	178.0	106.925	-149.91844011832032	385	310	189	14	339	201	41	7	83	51	0	0	10.040596961975098	30880	3686.8550629615784	28951	6.24676165803109	
-2437829.39053376	126.85	9.35	182.6	109.65	-149.91844011832032	386	310	219	14	339	201	70	7	83	51	0	0	10.031768083572388	30960	3696.8868310451508	29027	6.243540051679588	
-2112885.138880685	118.3875	9.30379746835443	182.44303797468353	109.56962025316456	-149.91844011832032	387	311	180	14.0	347.0	206.0	65	7.0	83.0	51.0	0	0	9.728168964385986	31040	3706.6150000095367	29102	6.243556701030926	
-2687864.4467799114	120.3375	9.4	179.6	107.875	-149.91844011832032	388	311	180	17	355	210	65	7	83	51	0	0	9.673269987106323	31120	3716.288269996643	29177	6.243573264781489	
-2825324.773015219	117.7125	9.175	171.6	103.2375	-149.91844011832032	389	311	159	17	355	210	81	7	83	51	0	0	8.758206844329834	31200	3725.046476840973	29253	6.240384615384613	
-2800360.239763954	117.8	9.2	173.1	104.1125	-149.91844011832032	390	311	201	17	355	210	39	7	91	56	0	0	9.100367307662964	31280	3734.146844148636	29329	6.237212276214834	
-3862823.1137737185	117.5	9.1875	171.5	103.125	-149.91844011832032	391	311	174	14	315	187	66	8	107	65	0	0	9.361141681671143	31360	3743.507985830307	29405	6.234056122448976	
-3062860.1560475114	116.9625	8.89873417721519	160.56962025316454	96.72151898734177	-149.91844011832032	392	312	194	12.0	323.0	192.0	46	7.0	83.0	51.0	0	0	8.837233066558838	31440	3752.345218896866	29480	6.234096692111962	
-3312895.9652461284	116.75	8.8625	159.3	96.0	-149.91844011832032	393	312	186	13	299	178	34	7	83	51	0	0	8.417869091033936	31520	3760.7630879879	29556	6.23096446700508	
-2900440.966853536	118.825	9.037974683544304	167.15189873417722	100.63291139240506	-149.91844011832032	394	313	186	12.0	235.0	140.0	44	7.0	83.0	51.0	0	0	8.381702899932861	31600	3769.1447908878326	29631	6.231012658227854	
-3250362.025356427	120.3875	8.9	159.4	96.0625	-149.91844011832032	395	313	185	14	283	168	55	7	83	51	0	0	8.355509042739868	31680	3777.5002999305725	29707	6.2279040404040416	
-3712816.9364319155	120.9	9.1	169.5	101.9875	-149.91844011832032	396	313	195	14	283	168	45	7	83	51	0	0	8.798495054244995	31760	3786.2987949848175	29782	6.227959697732999	
-3312908.386395985	121.425	8.9875	168.6	101.5125	-149.91844011832032	397	313	188	12	291	173	57	7	83	51	0	0	8.70003080368042	31840	3794.998825788498	29858	6.2248743718593005	
-3412902.046135216	124.4	9.3125	171.6	103.1875	-149.91844011832032	398	313	191	14	283	168	65	7	83	51	0	0	9.547008991241455	31920	3804.5458347797394	29934	6.221804511278194	
-3050311.0647119083	121.5625	9.1375	164.9	99.2875	-149.91844011832032	399	313	181	12	235	140	60	8	107	65	0	0	8.90726113319397	32000	3813.4530959129333	30009	6.221874999999997	
-3750432.9905515052	120.9375	9.0125	166.7	100.375	-149.91844011832032	400	313	174	12	243	145	88	7	107	65	0	0	8.750187873840332	32080	3822.2032837867737	30084	6.221945137157107	
-3112821.2295285664	120.975	8.873417721518987	163.70886075949366	98.60759493670886	-149.91844011832032	401	314	179	13.0	267.0	159.0	61	7.0	83.0	51.0	0	0	8.527580261230469	32160	3830.730864048004	30159	6.222014925373131	
-2487840.598638773	120.025	8.825	165.8	99.85	-149.91844011832032	402	314	183	13	315	187	57	7	83	51	0	0	8.63573408126831	32240	3839.3665981292725	30234	6.222084367245657	
-2337896.513782496	120.9875	9.0375	170.0	102.2625	-149.91844011832032	403	314	176	13	315	187	74	7	83	51	0	0	9.210121870040894	32320	3848.5767199993134	30310	6.219059405940598	
-2637901.8121934207	117.25	9.0125	170.6	102.625	-149.91844011832032	404	314	176	13	347	206	64	6	75	46	0	0	9.353018999099731	32400	3857.929738998413	30386	6.216049382716051	
-2675360.8931804327	117.7	9.0	171.6153846153846	103.24358974358974	-149.91844011832032	405	316	215	12.0	267.0	159.0	25	8.0	107.0	65.0	0	0	8.816762924194336	32480	3866.7465019226074	30459	6.2222906403940925	
-2612891.2496380047	117.45	9.012820512820513	166.7948717948718	100.41025641025641	-149.9174593900054	406	318	186	12.0	235.0	140.0	54	7.0	83.0	51.0	0	0	8.8228440284729	32560	3875.5693459510803	30533	6.225429975429975	
-2937876.934738618	121.4625	8.975	166.1	100.025	-149.9174593900054	407	318	164	12	291	173	76	7	83	51	0	0	8.714021921157837	32640	3884.283367872238	30609	6.222426470588232	
-2562917.9652573764	122.325	8.975	167.6	100.925	-149.9174593900054	408	318	187	12	291	173	53	7	83	51	0	0	8.456591129302979	32720	3892.739959001541	30684	6.222493887530561	
-2837823.10758643	120.3375	9.012658227848101	169.27848101265823	101.9113924050633	-149.9174593900054	409	319	174	13.0	291.0	173.0	66	7.0	83.0	51.0	0	0	8.481760025024414	32800	3901.2217190265656	30759	6.222560975609753	
-3525334.493432501	123.55	9.2875	177.9	106.9	-149.9174593900054	410	319	220	18	387	229	57	7	83	51	0	0	10.1092689037323	32880	3911.330987930298	30834	6.222627737226276	
-2987858.4677523933	122.45	9.075949367088608	175.65822784810126	105.59493670886076	-149.9174593900054	411	320	196	13.0	339.0	201.0	44	7.0	83.0	51.0	0	0	9.591924905776978	32960	3920.922912836075	30909	6.2226941747572795	
-2912879.7765746834	121.6875	9.26923076923077	178.89743589743588	107.48717948717949	-149.9174593900054	412	322	215	12.0	251.0	150.0	32	7.0	83.0	51.0	0	0	9.39599895477295	33040	3930.318911790848	30983	6.22578692493947	
-2700385.55659047	121.1375	9.0375	167.3	100.7125	-149.9174593900054	413	322	220	14	283	168	20	7	83	51	0	0	8.717980146408081	33120	3939.036891937256	31058	6.225845410628011	
-2962804.4240463087	122.9	9.125	174.4	104.9125	-149.9174593900054	414	322	178	12	275	164	66	7	83	51	0	0	8.88595199584961	33200	3947.9228439331055	31134	6.222891566265062	
-2875300.141146049	120.8	8.91025641025641	165.05128205128204	99.42307692307692	-149.9174593900054	415	324	186	13.0	259.0	154.0	54	7.0	83.0	51.0	0	0	8.100121021270752	33280	3956.022964954376	31207	6.22896634615384	
-2150410.6099929	123.625	9.177215189873417	172.8227848101266	103.9746835443038	-149.9174593900054	416	325	214	13.0	331.0	196.0	26	8.0	107.0	65.0	0	0	8.714783906936646	33360	3964.737748861313	31281	6.232014388489205	
-2675373.566798485	121.2375	9.225	173.2	104.1375	-149.9174593900054	417	325	186	15	339	201	73	6	75	46	0	0	9.274162292480469	33440	3974.0119111537933	31356	6.232057416267949	
-2537837.4872085424	119.5375	9.139240506329115	170.29113924050634	102.44303797468355	-149.9174593900054	418	326	208	12.0	235.0	140.0	32	7.0	83.0	51.0	0	0	9.172157764434814	33520	3983.184068918228	31431	6.232100238663492	
-3375382.5562844267	121.1625	9.1375	169.8	102.1625	-149.9174593900054	419	326	208	12	339	201	38	7	83	51	0	0	9.073853015899658	33600	3992.257921934128	31506	6.232142857142847	
-2362796.692521344	117.725	9.151898734177216	173.0253164556962	104.0253164556962	-149.9174593900054	420	327	167	13.0	339.0	201.0	38	7.0	83.0	51.0	0	0	9.849560976028442	33680	4002.1074829101562	31581	6.232185273159146	
-2500476.6803568434	117.65	8.9125	166.3	100.1125	-149.9174593900054	421	327	185	13	339	201	55	8	107	65	0	0	9.14051103591919	33760	4011.2479939460754	31657	6.229265402843595	
-2362859.942571547	121.25	9.0625	176.7	106.25	-149.9174593900054	422	327	185	13	259	154	55	7	91	56	0	0	9.08766484260559	33840	4020.335658788681	31733	6.226359338061471	
-2875425.7114971555	120.0	9.0625	169.8	102.15	-149.9174593900054	423	327	215	13	283	168	25	6	75	46	0	0	9.022787094116211	33920	4029.3584458827972	31809	6.223466981132077	
-2900350.581299198	123.9	9.2625	177.2	106.4875	-149.9174593900054	424	327	186	13	267	159	67	7	83	51	0	0	9.714506149291992	34000	4039.0729520320892	31885	6.220588235294116	
-2150366.975175096	120.8625	9.0875	171.3	103.1	-149.9174593900054	425	327	187	13	291	173	53	7	91	56	0	0	8.68321681022644	34080	4047.7561688423157	31961	6.217723004694832	
-3162848.5589880655	119.9375	9.075949367088608	169.0759493670886	101.75949367088607	-149.9174579262767	426	328	194	14.0	283.0	168.0	46	7.0	83.0	51.0	0	0	8.85495114326477	34160	4056.6111199855804	32036	6.217798594847778	
-2425296.915123653	120.075	9.0375	169.6	102.075	-149.9174579262767	427	328	161	12	235	140	79	8	107	65	0	0	9.044894933700562	34240	4065.656014919281	32112	6.214953271028037	
-2175319.338530639	120.3875	9.050632911392405	169.37974683544303	101.9620253164557	-149.9174579262767	428	329	189	13.0	235.0	140.0	51	7.0	83.0	51.0	0	0	8.54419207572937	34320	4074.2002069950104	32187	6.21503496503496	
-2962849.811625736	119.475	9.0875	166.5	100.25	-149.9174579262767	429	329	201	13	243	145	39	7	83	51	0	0	8.356910943984985	34400	4082.5571179389954	32262	6.215116279069761	
-2775359.34144937	121.5375	8.8625	163.9	98.7	-149.9174579262767	430	329	167	12	315	187	73	7	83	51	0	0	8.699145078659058	34480	4091.2562630176544	32337	6.215197215777252	
-2925411.88417591	121.0125	8.9	157.8	95.1375	-149.9174579262767	431	329	145	14	283	168	102	6	75	46	0	0	8.164690017700195	34560	4099.420953035355	32412	6.2152777777777715	
-3300466.129314117	120.375	8.936708860759493	164.31645569620252	98.9746835443038	-149.9174579262767	432	330	172	12.0	267.0	159.0	68	7.0	83.0	51.0	0	0	8.628504037857056	34640	4108.049457073212	32487	6.21535796766743	
-2625338.989765367	120.0	8.9875	166.6	100.3125	-149.9174579262767	433	330	173	13	283	168	67	8	107	65	0	0	8.760992765426636	34720	4116.810449838638	32563	6.212557603686648	
-2362896.606133126	121.475	9.1375	170.9	102.8125	-149.9174579262767	434	330	158	13	283	168	86	8	107	65	0	0	9.16525411605835	34800	4125.975703954697	32638	6.21264367816093	
-2962895.0196728916	120.425	9.0375	167.8	101.0	-149.9174579262767	435	330	195	14	291	173	45	7	83	51	0	0	8.843710899353027	34880	4134.81941485405	32714	6.209862385321102	
-2462831.2751749223	123.075	9.0125	171.4	103.1	-149.9174579262767	436	330	195	13	323	192	63	7	83	51	0	0	9.359524250030518	34960	4144.17893910408	32790	6.207093821510298	
-3175311.311118336	123.775	8.9875	172.8	103.95	-149.9174579262767	437	330	218	12	267	159	57	7	83	51	0	0	9.032177925109863	35040	4153.21111702919	32865	6.2071917808219155	
-2900346.637336382	120.0625	9.10126582278481	171.91139240506328	103.41772151898734	-149.9174579262767	438	331	200	12.0	251.0	150.0	40	7.0	99.0	61.0	0	0	8.878641843795776	35120	4162.089758872986	32939	6.210136674259687	
-2737914.65217483	121.5375	9.05	172.2	103.5875	-149.9174579262767	439	331	217	13	259	154	54	7	83	51	0	0	9.072598934173584	35200	4171.162357807159	33015	6.207386363636374	
-2362973.434763901	120.0375	8.975	167.5	100.8625	-149.9174579262767	440	331	202	15	339	201	38	7	83	51	0	0	8.285039186477661	35280	4179.447396993637	33090	6.207482993197274	
-2375328.737015131	118.9	8.987341772151899	166.34177215189874	100.18987341772151	-149.9174579262767	441	332	169	12.0	235.0	140.0	71	7.0	83.0	51.0	0	0	8.163327932357788	35360	4187.610724925995	33165	6.207579185520359	
-2050323.8116152727	119.1	8.9625	171.8	103.3625	-149.9174579262767	442	332	152	12	243	145	84	7	83	51	0	0	8.908140182495117	35440	4196.51886510849	33241	6.204853273137701	
-2112821.4117817474	118.7375	9.0375	177.8	106.875	-149.9174579262767	443	332	191	12	267	159	49	8	107	65	0	0	9.960395812988281	35520	4206.479260921478	33316	6.204954954954957	
-2812802.0987994308	120.475	9.075	180.5	108.45	-149.9174579262767	444	332	174	12	291	173	66	7	83	51	0	0	10.361002206802368	35600	4216.840263128281	33392	6.202247191011239	
-2712891.3554960727	120.2	8.949367088607595	174.74683544303798	105.12658227848101	-149.91739491812208	445	333	213	14.0	363.0	215.0	27	8.0	107.0	65.0	0	0	9.395399808883667	35680	4226.235662937164	33467	6.2023542600896775	
-2087838.3464184378	121.05	9.115384615384615	174.28205128205127	104.8076923076923	-149.91739491812208	446	335	187	13.0	419.0	248.0	53	8.0	107.0	65.0	0	0	9.141448974609375	35760	4235.377111911774	33541	6.205257270693508	
-2362835.4352889922	121.75	8.9875	163.7	98.6125	-149.91739491812208	447	335	161	12	275	164	79	7	83	51	0	0	8.789687156677246	35840	4244.166799068451	33617	6.202566964285722	
-2000461.7612029996	125.6875	9.1625	172.6	103.7875	-149.91739491812208	448	335	187	15	307	182	53	7	83	51	0	0	9.575469732284546	35920	4253.7422688007355	33693	6.199888641425389	
-2787954.9933115705	123.45	9.375	178.8	107.4	-149.91739491812208	449	335	211	15	331	196	63	7	83	51	0	0	10.034292221069336	36000	4263.776561021805	33768	6.200000000000003	
-2775352.7766845897	124.1625	9.1375	170.7	102.7	-149.91739491812208	450	335	191	13	283	168	71	7	83	51	0	0	9.077558040618896	36080	4272.854119062424	33843	6.200110864745014	
-2637862.2481242535	119.425	9.0875	172.5	103.775	-149.91739491812208	451	335	171	15	371	220	33	8	107	65	0	0	9.145546913146973	36160	4281.999665975571	33919	6.197455752212392	
-2787950.7536486797	119.5625	8.974683544303797	171.50632911392404	103.17721518987342	-149.91739491812208	452	336	165	11.0	291.0	173.0	60	7.0	83.0	51.0	0	0	9.249871015548706	36240	4291.249536991119	33994	6.197571743929359	
-2350448.0876650987	119.625	9.025	171.6	103.2375	-149.91739491812208	453	336	154	12	323	192	89	7	83	51	0	0	9.238293886184692	36320	4300.487830877304	34070	6.194933920704841	
-2425255.3653493775	119.925	8.9625	168.9	101.675	-149.91739491812208	454	336	167	12	267	159	73	7	83	51	0	0	9.017709016799927	36400	4309.505539894104	34146	6.192307692307693	
-3300321.7172302883	121.575	9.0	168.8	101.6	-149.91739491812208	455	336	164	12	347	206	84	7	83	51	0	0	8.90363097190857	36480	4318.409170866013	34222	6.189692982456137	
-3275427.376577803	121.35	9.307692307692308	179.2051282051282	107.64102564102564	-149.91739491812208	456	338	207	12.0	323.0	192.0	33	8.0	107.0	65.0	0	0	9.43120002746582	36560	4327.840370893478	34294	6.1980306345733	
-2775294.9747229395	119.6125	9.115384615384615	172.33333333333334	103.64102564102564	-149.91739491812208	457	340	166	12.0	235.0	140.0	74	7.0	83.0	51.0	0	0	8.902338981628418	36640	4336.742709875107	34368	6.200873362445407	
-2287746.6743512796	121.75	9.227848101265822	173.126582278481	104.10126582278481	-149.91739491812208	458	341	204	12.0	315.0	187.0	36	8.0	107.0	65.0	0	0	9.424229145050049	36720	4346.166939020157	34443	6.200980392156865	
-3000330.1915203556	119.6	9.192307692307692	172.84615384615384	103.92307692307692	-149.91739491812208	459	343	204	14.0	339.0	201.0	36	7.0	83.0	51.0	0	0	9.24510383605957	36800	4355.412042856216	34517	6.203804347826093	
-2862760.887691399	119.3	9.063291139240507	172.0126582278481	103.45569620253164	-149.91739491812208	460	344	185	12.0	347.0	206.0	55	7.0	83.0	51.0	0	0	9.371423959732056	36880	4364.7834668159485	34592	6.203904555314537	
-2350319.452399187	118.85	8.948717948717949	165.15384615384616	99.46153846153847	-149.91739491812208	461	346	182	12.0	243.0	145.0	55	7.0	83.0	51.0	0	0	8.465052127838135	36960	4373.248518943787	34666	6.2067099567099575	
-2687933.193619651	120.0	9.125	171.0	102.9	-149.91739491812208	462	346	184	12	235	140	56	7	83	51	0	0	8.664238929748535	37040	4381.912757873535	34742	6.204103671706264	
-3050369.5744828954	119.7	9.050632911392405	170.49367088607596	102.63291139240506	-149.91739491812208	463	347	202	13.0	275.0	164.0	30	7.0	83.0	51.0	0	0	8.370644092559814	37120	4390.283401966095	34817	6.204202586206904	
-2550464.2323606317	120.05	8.9875	169.4	101.975	-149.91739491812208	464	347	181	12	291	173	74	7	83	51	0	0	8.504174947738647	37200	4398.787576913834	34892	6.204301075268816	
-2850409.751290269	118.75	8.925	162.6	97.9625	-149.9166382919594	465	347	180	12	267	159	60	7	83	51	0	0	8.31700611114502	37280	4407.104583024979	34967	6.204399141630901	
-2500453.937016691	118.6	8.8625	161.7	97.4375	-149.9166382919594	466	347	168	12	291	173	72	7	83	51	0	0	8.446523904800415	37360	4415.551106929779	35043	6.2018201284796675	
-2550324.066222129	118.175	8.875	158.6	95.5875	-149.9166382919594	467	347	142	12	267	159	83	7	83	51	0	0	8.544064044952393	37440	4424.095170974731	35118	6.20192307692308	
-2437845.028676493	118.3125	8.9375	165.7	99.8125	-149.9166382919594	468	347	179	12	243	145	61	7	83	51	0	0	8.47188687324524	37520	4432.567057847977	35194	6.19936034115139	
-2850434.314363943	119.6875	8.8625	159.2	95.95	-149.9166382919594	469	347	178	11	243	145	62	7	83	51	0	0	8.348663091659546	37600	4440.915720939636	35270	6.1968085106382915	
-2725423.757517313	121.6	9.0125	166.8	100.425	-149.9166382919594	470	347	173	12	235	140	81	7	107	65	0	0	8.7531099319458	37680	4449.668830871582	35346	6.1942675159235705	
-3625325.3228100673	122.0875	8.89873417721519	160.26582278481013	96.60759493670886	-149.9166382919594	471	348	193	12.0	235.0	140.0	47	7.0	83.0	51.0	0	0	8.233620882034302	37760	4457.902451753616	35421	6.194385593220346	
-2775400.7842114638	120.7625	8.975	164.8	99.2875	-149.90942270611512	472	348	166	13	259	154	74	7	83	51	0	0	9.53279733657837	37840	4467.435249090195	35497	6.191860465116278	
-3362925.746661079	120.025	8.835443037974683	160.77215189873417	96.89873417721519	-149.90942270611512	473	349	195	12.0	235.0	140.0	45	7.0	83.0	51.0	0	0	8.456115961074829	37920	4475.8913650512695	35572	6.1919831223628705	
-3137861.5000548037	119.775	9.1	170.8	102.75	-149.90942270611512	474	349	172	12	267	159	68	8	107	65	0	0	9.374100923538208	38000	4485.265465974808	35648	6.189473684210526	
-3237929.832501385	120.4875	9.0375	171.9	103.4	-149.90942270611512	475	349	203	13	283	168	37	7	83	51	0	0	9.482662916183472	38080	4494.748128890991	35724	6.186974789915965	
-2525413.8909566235	120.6875	9.0625	174.4	104.8875	-149.90119095858913	476	349	169	12	275	164	71	7	83	51	0	0	9.104166984558105	38160	4503.852295875549	35799	6.187106918238996	
-2750374.7108641258	119.6625	9.417721518987342	179.81012658227849	108.0379746835443	-149.90119095858913	477	350	195	13.0	315.0	187.0	36	7.0	91.0	56.0	0	0	9.420330286026001	38240	4513.272626161575	35874	6.187238493723839	
-2037923.5168224364	119.55	9.227848101265822	171.50632911392404	103.15189873417721	-149.90119095858913	478	351	206	13.0	259.0	154.0	34	7.0	83.0	51.0	0	0	9.087174892425537	38320	4522.359801054001	35949	6.187369519832984	
-2175363.699374787	122.15	9.1625	170.9	102.8375	-149.90119095858913	479	351	172	12	235	140	66	7	91	56	0	0	9.053165912628174	38400	4531.412966966629	36025	6.184895833333343	
-3025322.9980331166	120.325	9.192307692307692	174.7948717948718	105.08974358974359	-149.90119095858913	480	353	194	14.0	283.0	168.0	43	7.0	83.0	51.0	0	0	9.321182012557983	38480	4540.734148979187	36099	6.187629937629936	
-3362759.330065869	122.5375	8.9875	165.7	99.775	-149.90119095858913	481	353	188	13	283	168	73	7	83	51	0	0	9.022428035736084	38560	4549.756577014923	36174	6.187759336099589	
-2775348.948468899	121.175	9.1	172.2	103.6375	-149.90119095858913	482	353	169	12	299	178	72	7	83	51	0	0	8.953925132751465	38640	4558.710502147675	36250	6.185300207039333	
-1762904.6114635437	121.7125	9.0625	174.2	104.8125	-149.90119095858913	483	353	154	13	291	173	86	7	83	51	0	0	8.98024582862854	38720	4567.690747976303	36326	6.182851239669418	
-2637871.4560196563	120.925	8.974683544303797	173.63291139240508	104.48101265822785	-149.90119095858913	484	354	200	13.0	443.0	262.0	40	7.0	83.0	51.0	0	0	9.040757179260254	38800	4576.731505155563	36401	6.182989690721655	
-3050299.605072892	120.4625	9.063291139240507	175.65822784810126	105.63291139240506	-149.90119095858913	485	355	205	15.0	387.0	229.0	35	7.0	83.0	51.0	0	0	9.292773723602295	38880	4586.024278879166	36476	6.18312757201646	
-2112933.9116618233	122.35	9.0125	171.1	102.95	-149.90119095858913	486	355	208	12	275	164	32	6	75	46	0	0	8.924569129943848	38960	4594.9488480091095	36552	6.180698151950708	
-2575507.0067752055	121.2375	9.15	173.0	104.0875	-149.90119095858913	487	355	184	12	267	159	56	8	115	70	0	0	9.584561824798584	39040	4604.533409833908	36628	6.1782786885245855	
-2837925.274443239	121.3	9.14102564102564	175.4102564102564	105.5	-149.90119095858913	488	357	213	16.0	331.0	196.0	45	8.0	107.0	65.0	0	0	9.000399112701416	39120	4613.5338089466095	36702	6.180981595092021	
-2812872.7543031992	121.2625	9.329113924050633	179.20253164556962	107.68354430379746	-149.90119095858913	489	358	177	15.0	355.0	210.0	89	7.0	83.0	51.0	0	0	9.789623975753784	39200	4623.323432922363	36776	6.183673469387756	
-3812757.6276421053	120.2	9.423076923076923	173.76923076923077	104.43589743589743	-149.90119095858913	490	360	180	16.0	331.0	196.0	60	6.0	75.0	46.0	0	0	9.401679992675781	39280	4632.725112915039	36850	6.186354378818734	
-2125323.603657228	119.7875	9.363636363636363	180.97402597402598	108.71428571428571	-149.90119095858913	491	363	200	13.0	283.0	168.0	40	8.0	107.0	65.0	0	0	9.254823923110962	39360	4641.97993683815	36923	6.191565040650403	
-2987833.2890323824	119.575	9.075	172.2	103.5875	-149.90119095858913	492	363	186	13	363	215	54	7	91	56	0	0	8.999394178390503	39440	4650.9793310165405	36999	6.189148073022309	
-1612915.695081892	121.175	9.25	179.6	107.95	-149.90119095858913	493	363	199	13	363	215	41	7	83	51	0	0	9.564995050430298	39520	4660.544326066971	37075	6.186740890688256	
-2337797.940712781	121.975	9.075949367088608	172.72151898734177	103.92405063291139	-149.90119095858913	494	364	199	13.0	267.0	159.0	60	6.0	75.0	46.0	0	0	8.871140718460083	39600	4669.415466785431	37150	6.186868686868678	
-3375343.482566938	120.6	9.15	174.9	105.175	-149.90119095858913	495	364	188	12	299	178	52	7	83	51	0	0	9.261223077774048	39680	4678.676689863205	37226	6.184475806451616	
-2400263.3185378076	121.8125	9.1375	174.6	105.0125	-149.90119095858913	496	364	188	12	315	187	66	7	83	51	0	0	9.132511138916016	39760	4687.809201002121	37302	6.182092555331991	
-2625262.2027168646	123.45	9.2375	173.3	104.225	-149.90119095858913	497	364	189	13	291	173	51	6	75	46	0	0	9.134646892547607	39840	4696.943847894669	37378	6.1797188755020045	
-2512917.536351775	124.3375	8.875	162.3	97.8	-149.90119095858913	498	364	201	13	243	145	74	7	83	51	0	0	8.455189943313599	39920	4705.399037837982	37453	6.1798597194388805	
-2950370.6860942305	125.95	9.275	178.4	107.2125	-149.90119095858913	499	364	191	16	331	196	49	7	83	51	0	0	9.511094093322754	40000	4714.910131931305	37529	6.177500000000009	
-2437886.9163190094	120.7	9.115384615384615	172.12820512820514	103.57692307692308	-149.90119095858913	500	366	205	16.0	331.0	196.0	35	8.0	107.0	65.0	0	0	8.512403011322021	40080	4723.422534942627	37603	6.180139720558884	
-2350443.1694108467	125.2	8.7875	164.8	99.3125	-149.90119095858913	501	366	189	11	267	159	51	7	91	56	0	0	8.357959032058716	40160	4731.780493974686	37679	6.177788844621517	
-2225377.962619715	119.8875	9.164556962025317	177.37974683544303	106.62025316455696	-149.90119095858913	502	367	176	12.0	259.0	154.0	82	6.0	75.0	46.0	0	0	8.812796831130981	40240	4740.593290805817	37754	6.177932405566594	
-2862890.8791456474	120.3	9.1125	172.0	103.475	-149.90119095858913	503	367	177	13	267	159	63	7	83	51	0	0	7.62785530090332	40320	4748.22114610672	37830	6.175595238095227	
-2587865.7831012835	121.7375	9.379746835443038	175.55696202531647	105.51898734177215	-149.90119095858913	504	368	187	13.0	267.0	159.0	53	7.0	83.0	51.0	0	0	7.7478437423706055	40400	4755.968989849091	37905	6.175742574257427	
-2125411.7093519354	120.325	9.15	170.0	102.2875	-149.90119095858913	505	368	189	14	491	290	51	7	91	56	0	0	7.857182264328003	40480	4763.826172113419	37979	6.1783596837944685	
-3237971.4332494917	123.075	9.10126582278481	167.0506329113924	100.55696202531645	-149.90119095858913	506	369	201	13.0	259.0	154.0	49	8.0	107.0	65.0	0	0	7.2858757972717285	40560	4771.11204791069	38054	6.178500986193285	
-2687917.7353683556	121.2125	9.051282051282051	171.2051282051282	103.0	-149.90119095858913	507	371	189	12.0	291.0	173.0	63	7.0	83.0	51.0	0	0	7.37537693977356	40640	4778.487424850464	38128	6.181102362204726	
-2662823.5656501353	120.8375	9.0375	175.7	105.6625	-149.90119095858913	508	371	199	12	235	140	61	7	83	51	0	0	7.739979982376099	40720	4786.22740483284	38204	6.178781925343813	
-2737813.953603468	122.9	8.9875	169.4	101.95	-149.90119095858913	509	371	174	12	243	145	78	7	83	51	0	0	7.441071271896362	40800	4793.668476104736	38280	6.17647058823529	
-2675477.0354619855	121.4125	9.25	177.9	106.9625	-149.90119095858913	510	371	188	15	307	182	52	8	115	70	0	0	7.553117990493774	40880	4801.22159409523	38356	6.174168297455978	
-2987835.9978263164	120.95	8.7	161.8	97.55	-149.90119095858913	511	371	194	12	267	159	46	7	83	51	0	0	6.718360662460327	40960	4807.93995475769	38432	6.171875	
-2362833.589214702	122.8375	9.2625	181.5	109.0875	-149.90119095858913	512	371	183	13	387	229	59	8	115	70	0	0	7.658044338226318	41040	4815.597999095917	38507	6.172027290448341	
-2100420.4945046143	123.175	8.683544303797468	159.25316455696202	96.0126582278481	-149.90119095858913	513	372	188	11.0	243.0	145.0	52	7.0	83.0	51.0	0	0	6.695305824279785	41120	4822.2933049201965	38582	6.1721789883268485	
-2525426.469550318	122.375	9.125	168.3	101.2625	-149.90119095858913	514	372	207	15	331	196	33	7	83	51	0	0	7.510389089584351	41200	4829.803694009781	38658	6.169902912621367	
-2312934.9271754758	122.2625	8.9125	169.4	102.0	-149.90119095858913	515	372	177	12	267	159	63	7	83	51	0	0	6.905609846115112	41280	4836.709303855896	38734	6.167635658914733	
-1887843.0997409024	120.95	9.113924050632912	171.20253164556962	103.0379746835443	-149.90119095858913	516	373	184	13.0	259.0	154.0	56	7.0	91.0	56.0	0	0	6.944100856781006	41360	4843.653404712677	38809	6.1677949709864635	
-2387847.442232255	120.6625	9.08860759493671	170.79746835443038	102.78481012658227	-149.90119095858913	517	374	205	12.0	259.0	154.0	35	7.0	83.0	51.0	0	0	7.32277512550354	41440	4850.9761798381805	38884	6.167953667953668	
-2775353.289490316	119.425	9.1	165.3	99.575	-149.90119095858913	518	374	179	13	283	168	60	7	83	51	0	0	6.876269102096558	41520	4857.852448940277	38960	6.165703275529864	
-2487832.824978208	121.5	9.050632911392405	170.18987341772151	102.41772151898734	-149.90119095858913	519	375	202	14.0	283.0	168.0	38	7.0	83.0	51.0	0	0	7.208380937576294	41600	4865.060829877853	39035	6.165865384615387	
-1837842.4415441803	121.2	9.2125	171.8	103.375	-149.90119095858913	520	375	185	14	291	173	55	7	107	65	0	0	7.291664123535156	41680	4872.352494001389	39111	6.1636276391554645	
-3750396.663338521	122.0	9.025316455696203	167.15189873417722	100.64556962025317	-149.90119095858913	521	376	206	13.0	259.0	154.0	50	7.0	83.0	51.0	0	0	6.969020843505859	41760	4879.321514844894	39186	6.163793103448285	
-2625469.2281237403	120.425	9.08860759493671	169.78481012658227	102.16455696202532	-149.90119095858913	522	377	206	15.0	331.0	196.0	58	7.0	83.0	51.0	0	0	7.23331093788147	41840	4886.554825782776	39261	6.163957934990435	
-2850382.9142976925	122.0125	8.91139240506329	167.0506329113924	100.58227848101266	-149.90119095858913	523	378	201	14.0	387.0	229.0	70	7.0	83.0	51.0	0	0	7.0540831089019775	41920	4893.608908891678	39336	6.164122137404576	
-2012816.0888099626	121.8375	9.0625	173.9	104.6	-149.90119095858913	524	378	196	12	275	164	80	7	83	51	0	0	7.407276153564453	42000	4901.016185045242	39412	6.161904761904751	
-2700379.1958029503	121.225	9.05	170.4	102.5375	-149.90119095858913	525	378	169	12	235	140	82	6	75	46	0	0	7.315237760543823	42080	4908.331422805786	39487	6.162072243346003	
-1700366.3897181458	120.8	9.0375	168.2	101.275	-149.90119095858913	526	378	191	12	243	145	49	8	107	65	0	0	7.223556041717529	42160	4915.554978847504	39563	6.159867172675533	
-2850334.1419226425	120.05	9.113924050632912	168.873417721519	101.64556962025317	-149.90119095858913	527	379	193	14.0	323.0	192.0	47	7.0	91.0	56.0	0	0	7.091308116912842	42240	4922.6462869644165	39637	6.162405303030312	
-2712987.9038274577	120.8	9.384615384615385	173.05128205128204	104.03846153846153	-149.90119095858913	528	381	185	16.0	339.0	201.0	55	6.0	75.0	46.0	0	0	7.575456142425537	42320	4930.221743106842	39711	6.164933837429103	
-3000322.1102298275	121.1375	9.474358974358974	174.69230769230768	105.0	-149.90119095858913	529	383	209	16.0	331.0	196.0	31	7.0	83.0	51.0	0	0	7.337863922119141	42400	4937.559607028961	39784	6.169811320754718	
-2537875.5819932646	117.3375	9.265822784810126	174.13924050632912	104.70886075949367	-149.90119095858913	530	384	170	12.0	275.0	164.0	31	7.0	91.0	56.0	0	0	7.738946914672852	42480	4945.298553943634	39859	6.169962335216567	
-2725471.5117893196	118.2	9.012658227848101	169.78481012658227	102.21518987341773	-149.90119095858913	531	385	201	12.0	323.0	192.0	39	7.0	83.0	51.0	0	0	7.485404968261719	42560	4952.783958911896	39934	6.170112781954884	
-3250262.7834306057	120.7375	9.189873417721518	171.40506329113924	103.12658227848101	-149.90119095858913	532	386	172	16.0	331.0	196.0	59	7.0	83.0	51.0	0	0	7.443205118179321	42640	4960.227164030075	40009	6.170262664165108	
-3137820.1977897645	121.7875	9.075	172.3	103.6625	-149.90119095858913	533	386	164	16	331	196	81	7	83	51	0	0	7.672275066375732	42720	4967.899439096451	40085	6.168071161048687	
-1687898.3341729648	120.5875	9.3375	186.1	111.7625	-149.89531493396143	534	386	172	16	363	215	76	7	83	51	0	0	8.77496075630188	42800	4976.674399852753	40161	6.165887850467286	
-2237895.846396274	120.2625	9.2375	176.0	105.8	-149.89531493396143	535	386	184	15	307	182	56	7	83	51	0	0	8.452768087387085	42880	4985.12716794014	40236	6.166044776119406	
-2562914.2123172386	121.025	9.113924050632912	170.39240506329114	102.55696202531645	-149.89531493396143	536	387	177	15.0	323.0	192.0	63	7.0	83.0	51.0	0	0	7.6131591796875	42960	4992.740327119827	40311	6.166201117318437	
-2437914.0729384534	122.2625	9.0125	168.7	101.575	-149.89531493396143	537	387	184	13	267	159	80	7	83	51	0	0	7.252506732940674	43040	4999.992833852768	40387	6.164033457249076	
-3200363.6764671667	121.85	9.0125	170.0	102.3375	-149.89531493396143	538	387	157	14	339	201	93	6	75	46	0	0	7.414313077926636	43120	5007.407146930695	40463	6.161873840445267	
-1475314.2553688637	119.8875	8.85	168.4	101.4375	-149.89531493396143	539	387	178	12	235	140	62	7	83	51	0	0	6.905510187149048	43200	5014.312657117844	40539	6.159722222222214	
-1925264.8120457414	119.95	9.05	172.5	103.7875	-149.89531493396143	540	387	159	17	379	224	81	7	83	51	0	0	7.207368850708008	43280	5021.520025968552	40613	6.162199630314234	
-2700288.0421426166	120.0125	9.0125	171.2	103.05	-149.89531493396143	541	387	208	12	315	187	32	8	115	70	0	0	7.148385047912598	43360	5028.668411016464	40689	6.160055350553506	
-2262844.748750744	119.9625	8.974683544303797	167.35443037974684	100.77215189873418	-149.89531493396143	542	388	199	12.0	235.0	140.0	41	7.0	83.0	51.0	0	0	7.252619028091431	43440	5035.921030044556	40764	6.160220994475139	
-3037811.2919180086	119.725	8.7625	160.1	96.4875	-149.89531493396143	543	388	168	12	259	154	72	7	83	51	0	0	7.01258397102356	43520	5042.933614015579	40839	6.160386029411768	
-2925408.8312573703	120.0125	8.925	171.0	102.875	-149.89531493396143	544	388	187	13	363	215	52	7	83	51	0	0	7.680483102798462	43600	5050.614097118378	40914	6.160550458715591	
-3512765.2528513903	119.85	8.9	165.0	99.3875	-149.89531493396143	545	388	180	16	331	196	60	7	83	51	0	0	7.02852463722229	43680	5057.6426217556	40990	6.158424908424905	
-2900306.638044942	120.375	9.425	176.5	106.0875	-149.89531493396143	546	388	187	16	331	196	53	8	107	65	0	0	7.496403932571411	43760	5065.139025688171	41065	6.158592321755023	
-2137864.3400546405	121.3	9.925	197.2	118.1875	-149.89531493396143	547	388	169	17	467	276	71	7	83	51	0	0	9.388805150985718	43840	5074.527830839157	41141	6.15647810218978	
-1937984.9464812782	122.025	9.55	184.9	111.025	-149.89531493396143	548	388	162	17	355	210	78	7	99	61	0	0	7.807671070098877	43920	5082.335501909256	41217	6.1543715846994616	
-2562847.8816372203	122.2125	9.253164556962025	180.1139240506329	108.21518987341773	-149.89531493396143	549	389	191	15.0	307.0	182.0	49	7.0	91.0	56.0	0	0	7.657802104949951	44000	5089.993304014206	41292	6.154545454545456	
-2850352.121254009	122.3875	9.025	173.9	104.6125	-149.89531493396143	550	389	175	12	243	145	85	8	115	70	0	0	6.901145935058594	44080	5096.8944499492645	41368	6.152450090744097	
-3100320.1856774716	121.3125	9.179487179487179	179.4102564102564	107.82051282051282	-149.89531493396143	551	391	203	15.0	307.0	182.0	37	7.0	83.0	51.0	0	0	7.025293827056885	44160	5103.919743776321	41442	6.154891304347828	
-2737853.2084095865	117.85	9.1875	177.2	106.525	-149.89531493396143	552	391	164	14	363	215	76	8	107	65	0	0	7.262498140335083	44240	5111.1822419166565	41517	6.155063291139243	
-3787875.2371931076	120.3125	9.1	171.5	103.175	-149.89531493396143	553	391	171	14	371	220	69	7	83	51	0	0	7.052788972854614	44320	5118.235030889511	41593	6.1529783393501845	
-2312984.014558132	120.75	8.85	161.0	97.025	-149.89531493396143	554	391	187	15	307	182	53	7	83	51	0	0	6.748255014419556	44400	5124.983285903931	41669	6.150900900900908	
-2187909.648962114	126.4	9.189873417721518	174.0379746835443	104.67088607594937	-149.89531493396143	555	392	223	13.0	315.0	187.0	57	7.0	83.0	51.0	0	0	7.269792079925537	44480	5132.253077983856	41744	6.1510791366906545	
-1612818.268614478	122.0	8.9875	173.2	104.2125	-149.89531493396143	556	392	210	13	267	159	71	7	83	51	0	0	6.88995885848999	44560	5139.143036842346	41820	6.149012567324945	
-2175420.7445874084	120.9	9.037974683544304	176.56962025316454	106.18987341772151	-149.89531493396143	557	393	191	12.0	291.0	173.0	49	8.0	107.0	65.0	0	0	6.8835060596466064	44640	5146.026542901993	41895	6.149193548387103	
-3000381.4457102744	127.825	9.0	169.3	101.8875	-149.89531493396143	558	393	222	16	387	229	57	7	83	51	0	0	7.303519010543823	44720	5153.330061912537	41971	6.147137745974945	
-3137792.5537210265	123.9	9.1375	173.3	104.2375	-149.89439528922472	559	393	177	14	291	173	63	7	91	56	0	0	7.307647943496704	44800	5160.637709856033	42047	6.145089285714292	
-2500380.2252427377	122.7625	9.050632911392405	171.60759493670886	103.29113924050633	-149.89191765686328	560	394	197	12.0	251.0	150.0	43	8.0	107.0	65.0	0	0	6.7408881187438965	44880	5167.378597974777	42122	6.145276292335112	
-2725316.048152496	122.7375	8.9	169.7	102.125	-149.89191765686328	561	394	173	12	275	164	67	7	83	51	0	0	7.121046781539917	44960	5174.499644756317	42198	6.143238434163706	
-2925399.402382943	124.8	9.05	172.3	103.65	-149.89191765686328	562	394	217	14	291	173	72	6	75	46	0	0	6.811450242996216	45040	5181.311094999313	42274	6.141207815275308	
-3125384.5064740474	129.95	8.9125	169.5	101.9875	-149.89191765686328	563	394	205	13	259	154	49	7	83	51	0	0	6.709630966186523	45120	5188.0207259655	42349	6.141400709219852	
-1700353.255189091	126.0125	9.0	174.84810126582278	105.12658227848101	-149.89191765686328	564	395	191	13.0	299.0	178.0	92	8.0	107.0	65.0	0	0	7.091393947601318	45200	5195.112119913101	42423	6.1438053097345176	
-3025248.821867918	122.825	9.075	172.0	103.45	-149.89191765686328	565	395	168	13	275	164	86	7	83	51	0	0	6.932049989700317	45280	5202.0441699028015	42499	6.141784452296818	
-2800262.6391336923	123.7625	9.175	173.4	104.2875	-149.89191765686328	566	395	197	15	315	187	71	7	83	51	0	0	6.772755861282349	45360	5208.816925764084	42575	6.13977072310405	
-2837911.4416252067	121.125	9.346153846153847	180.94871794871796	108.6923076923077	-149.89191765686328	567	397	193	13.0	267.0	159.0	47	7.0	83.0	51.0	0	0	7.010806083679199	45440	5215.827731847763	42649	6.1421654929577585	
-3012945.5044903955	121.325	9.0875	174.2	104.7875	-149.89191765686328	568	397	212	15	363	215	46	7	83	51	0	0	6.925060033798218	45520	5222.752791881561	42725	6.140158172231992	
-2600356.3654495073	123.425	9.075949367088608	175.86075949367088	105.74683544303798	-149.89191765686328	569	398	181	13.0	315.0	187.0	66	7.0	91.0	56.0	0	0	7.0671679973602295	45600	5229.8199598789215	42800	6.1403508771929864	
-3300337.2393731857	124.3125	9.05	175.7	105.65	-149.89191765686328	570	398	211	12	315	187	50	7	83	51	0	0	6.908298969268799	45680	5236.72825884819	42876	6.138353765323984	
-3275339.5686263787	124.9625	8.987341772151899	175.25316455696202	105.39240506329114	-149.89191765686328	571	399	211	14.0	339.0	201.0	38	7.0	91.0	56.0	0	0	6.862075090408325	45760	5243.590333938599	42950	6.140734265734267	
-3300372.2207366815	122.975	8.974683544303797	170.29113924050634	102.48101265822785	-149.89191765686328	572	400	211	12.0	275.0	164.0	50	7.0	91.0	56.0	0	0	6.681993007659912	45840	5250.2723269462585	43025	6.140924956369986	
-2437945.8145050183	119.75	8.848101265822784	170.18987341772151	102.46835443037975	-149.89191765686328	573	401	219	12.0	347.0	206.0	42	8.0	107.0	65.0	0	0	6.630665063858032	45920	5256.902992010117	43100	6.141114982578401	
-2612845.4007667145	121.525	9.063291139240507	175.15189873417722	105.36708860759494	-149.89191765686328	574	402	195	12.0	235.0	140.0	46	7.0	83.0	51.0	0	0	6.81823992729187	46000	5263.721231937408	43175	6.141304347826079	
-2612825.5103668743	122.3875	9.294871794871796	182.07692307692307	109.3974358974359	-149.89191765686328	575	404	194	14.0	339.0	201.0	58	7.0	83.0	51.0	0	0	7.355115175247192	46080	5271.076347112656	43249	6.143663194444443	
-2962970.1588237435	123.775	9.316455696202532	181.126582278481	108.79746835443038	-149.89191765686328	576	405	210	14.0	339.0	201.0	46	7.0	83.0	51.0	0	0	7.794153928756714	46160	5278.870501041412	43324	6.143847487001736	
-3100449.041149187	124.75	9.113924050632912	172.62025316455697	103.81012658227849	-149.89191765686328	577	406	200	13.0	259.0	154.0	52	7.0	83.0	51.0	0	0	7.148194074630737	46240	5286.018695116043	43399	6.14403114186851	
-1825378.6315306542	124.675	9.125	173.1	104.1125	-149.89191765686328	578	406	224	14	339	201	76	7	83	51	0	0	7.098352909088135	46320	5293.117048025131	43475	6.142055267702943	
-2525311.787339278	120.375	9.050632911392405	169.9873417721519	102.29113924050633	-149.89191765686328	579	407	157	13.0	339.0	201.0	95	7.0	83.0	51.0	0	0	6.893010854721069	46400	5300.010058879852	43550	6.142241379310349	
-2662824.0168927894	120.15	9.05	167.0	100.55	-149.89191765686328	580	407	177	15	275	163	63	7	99	61	0	0	6.647337913513184	46480	5306.6573967933655	43626	6.140275387263344	
-2000301.678498371	121.7875	9.164556962025317	169.68354430379748	102.10126582278481	-149.89191765686328	581	408	177	12.0	243.0	145.0	63	7.0	83.0	51.0	0	0	6.5933661460876465	46560	5313.250762939453	43701	6.1404639175257785	
-2837847.05802341	119.625	9.0125	170.2	102.45	-149.89191765686328	582	408	165	12	243	145	63	7	91	56	0	0	6.432873010635376	46640	5319.6836359500885	43776	6.140651801029165	
-2525317.3960247315	118.8625	9.151898734177216	172.41772151898735	103.73417721518987	-149.89191765686328	583	409	184	13.0	267.0	159.0	37	6.0	75.0	46.0	0	0	6.408612012863159	46720	5326.092247962952	43851	6.140839041095887	
-2362856.8214462018	118.275	9.0375	170.7	102.7	-149.89191765686328	584	409	190	14	283	168	50	6	75	46	0	0	7.094183921813965	46800	5333.186431884766	43927	6.1388888888889	
-2200295.7290982218	119.7875	9.05	172.7	103.8875	-149.89191765686328	585	409	191	14	283	168	49	7	83	51	0	0	6.98060417175293	46880	5340.167036056519	44003	6.136945392491469	
-2425266.7306224965	120.2125	8.875	166.8	100.4875	-149.89191765686328	586	409	209	12	251	150	31	6	75	46	0	0	6.140776872634888	46960	5346.307812929153	44078	6.137137989778523	
-2512860.0279045836	118.6375	9.0875	175.1	105.3375	-149.89191765686328	587	409	163	13	259	154	77	7	83	51	0	0	6.870613098144531	47040	5353.178426027298	44154	6.135204081632651	
-2225413.8424217477	120.425	8.9125	170.2	102.4625	-149.89191765686328	588	409	187	11	299	178	53	7	83	51	0	0	6.472308874130249	47120	5359.650734901428	44228	6.137521222410868	
-2550462.8147716853	119.425	9.025	172.6	103.825	-149.89191765686328	589	409	167	14	307	182	73	7	91	56	0	0	6.955350160598755	47200	5366.606085062027	44304	6.13559322033899	
-3275326.4077714607	121.9	8.925	170.9	102.85	-149.89191765686328	590	409	176	12	267	159	64	7	83	51	0	0	6.772856712341309	47280	5373.378941774368	44380	6.133671742808801	
-2050402.4856592044	122.5625	9.1	179.2	107.7	-149.89191765686328	591	409	218	12	243	145	22	8	107	65	0	0	7.342872142791748	47360	5380.72181391716	44456	6.131756756756758	
-2825297.567837333	125.1125	9.225	178.1	107.0375	-149.89191765686328	592	409	175	13	315	187	70	7	91	56	0	0	7.382801055908203	47440	5388.104614973068	44532	6.129848229342329	
-2537815.340729853	122.1375	9.1375	173.3	104.2125	-149.89191765686328	593	409	191	14	307	182	49	8	107	65	0	0	7.3455970287323	47520	5395.4502120018005	44608	6.127946127946132	
-3450333.417350239	120.5625	8.91139240506329	166.54430379746836	100.26582278481013	-149.89191765686328	594	410	220	12.0	243.0	145.0	20	6.0	75.0	46.0	0	0	6.585469007492065	47600	5402.035681009293	44683	6.128151260504197	
-2662833.407202039	120.225	9.253164556962025	175.9620253164557	105.79746835443038	-149.89191765686328	595	411	220	15.0	339.0	201.0	65	7.0	83.0	51.0	0	0	6.87093186378479	47680	5408.906612873077	44757	6.130453020134226	
-2437974.391620086	118.525	9.0875	172.3	103.675	-149.89191765686328	596	411	173	15	339	201	65	7	83	51	0	0	7.194159030914307	47760	5416.100771903992	44833	6.128559463986605	
-3037874.199390284	122.575	9.025	166.2	100.0875	-149.89191765686328	597	411	210	15	339	201	62	7	83	51	0	0	6.6087071895599365	47840	5422.709479093552	44909	6.126672240802677	
-2125493.883387884	120.75	8.974683544303797	170.8987341772152	102.87341772151899	-149.89191765686328	598	412	173	12.0	347.0	206.0	71	7.0	83.0	51.0	0	0	6.181930780410767	47920	5428.891409873962	44984	6.1268781302170225	
-2250361.9144162345	120.3625	9.025	173.3	104.2625	-149.89191765686328	599	412	187	12	267	159	53	6	75	46	0	0	6.544703245162964	48000	5435.436113119125	45060	6.125	
-3550422.576513719	120.9	9.113924050632912	170.18987341772151	102.37974683544304	-149.89191765686328	600	413	176	15.0	387.0	229.0	81	7.0	83.0	51.0	0	0	6.757148742675781	48080	5442.193261861801	45134	6.127287853577371	
-3225328.323831681	119.375	8.949367088607595	166.44303797468353	100.21518987341773	-149.89191765686328	601	414	172	15.0	387.0	229.0	56	7.0	83.0	51.0	0	0	6.18457293510437	48160	5448.3778347969055	45208	6.129568106312291	
-2200364.1168689206	122.4	9.05	171.6	103.2875	-149.89191765686328	602	414	168	12	235	140	100	7	83	51	0	0	6.297675132751465	48240	5454.675509929657	45284	6.127694859038144	
-1937928.6219937913	119.7	9.30379746835443	177.48101265822785	106.69620253164557	-149.89191765686328	603	415	176	12.0	315.0	187.0	64	7.0	99.0	61.0	0	0	6.666737794876099	48320	5461.342247724533	45359	6.127897350993379	
-2875303.8681652127	119.95	9.05	173.8	104.525	-149.89191765686328	604	415	155	12	243	145	85	7	83	51	0	0	6.467656373977661	48400	5467.809904098511	45435	6.126033057851245	
-2312921.4803936686	120.2375	8.9625	170.9	102.8375	-149.89191765686328	605	415	161	11	243	145	79	7	83	51	0	0	6.614166021347046	48480	5474.424070119858	45511	6.124174917491757	
-2937929.2927413704	120.6375	9.14102564102564	174.48717948717947	104.92307692307692	-149.89191765686328	606	417	191	14.0	307.0	182.0	49	8.0	107.0	65.0	0	0	6.845254898071289	48560	5481.269325017929	45585	6.12644151565074	
-3050380.8479124466	125.4125	9.15	172.1	103.4875	-149.89191765686328	607	417	205	14	355	210	35	7	83	51	0	0	7.247821092605591	48640	5488.517146110535	45661	6.12458881578948	
-2925508.4649318946	125.45	9.0125	166.9	100.475	-149.89191765686328	608	417	216	12	235	140	58	7	83	51	0	0	6.342612981796265	48720	5494.859759092331	45737	6.1227422003284175	
-3075356.4015472517	120.45	8.75	165.5	99.7125	-149.89191765686328	609	417	202	11	235	140	61	7	83	51	0	0	6.1426918506622314	48800	5501.002450942993	45813	6.120901639344268	
-2762861.578440806	126.125	9.0	174.6	104.9875	-149.89191765686328	610	417	202	12	259	154	43	7	83	51	0	0	6.98612117767334	48880	5507.9885721206665	45889	6.119067103109657	
-2100393.733511833	123.075	8.846153846153847	165.76923076923077	99.87179487179488	-149.89191765686328	611	419	216	12.0	307.0	182.0	24	7.0	83.0	51.0	0	0	6.444275856018066	48960	5514.432847976685	45963	6.121323529411754	
-2800344.1374734673	122.7	9.0875	168.0	101.15	-149.89191765686328	612	419	216	15	307	182	66	7	83	51	0	0	6.848078966140747	49040	5521.280926942825	46039	6.119494290375201	
-2737889.8326774104	121.35	9.189873417721518	171.60759493670886	103.27848101265823	-149.89191765686328	613	420	209	12.0	235.0	140.0	31	7.0	83.0	51.0	0	0	7.144322872161865	49120	5528.425249814987	46114	6.119706840390876	
-3362906.9176848903	119.9375	9.1125	173.9	104.5625	-149.89191765686328	614	420	190	16	531	313	50	7	83	51	0	0	8.042190313339233	49200	5536.467440128326	46190	6.117886178861781	
-2625391.2040810552	122.45	9.0	172.4	103.7125	-149.89191765686328	615	420	176	13	315	187	66	7	83	51	0	0	7.059394598007202	49280	5543.526834726334	46264	6.1201298701298725	
-2887817.4970438527	120.0	9.063291139240507	172.41772151898735	103.73417721518987	-149.89191765686328	616	421	188	13.0	299.0	178.0	52	7.0	83.0	51.0	0	0	6.8686583042144775	49360	5550.395493030548	46339	6.120340356564029	
-2387866.391587126	121.275	9.05	174.0	104.675	-149.89191765686328	617	421	193	12	235	140	47	8	107	65	0	0	6.836745023727417	49440	5557.2322380542755	46415	6.118527508090608	
-3400290.7616555886	121.55	9.075	168.9	101.675	-149.89191765686328	618	421	221	12	299	178	54	7	83	51	0	0	6.511891841888428	49520	5563.744129896164	46491	6.116720516962843	
-2462872.67608227	128.85	9.076923076923077	171.51282051282053	103.23076923076923	-149.89191765686328	619	423	221	15.0	339.0	201.0	40	7.0	83.0	51.0	0	0	6.182142972946167	49600	5569.92627286911	46565	6.118951612903217	
-2550385.5002007633	123.35	9.0	170.59493670886076	102.65822784810126	-149.89191765686328	620	424	221	14.0	307.0	182.0	38	7.0	83.0	51.0	0	0	6.828867197036743	49680	5576.755140066147	46638	6.1231884057970944	
-2325311.446675596	122.75	8.8375	165.0	99.4375	-149.89191765686328	621	424	221	13	299	178	53	6	75	46	0	0	6.511880874633789	49760	5583.267020940781	46713	6.123392282958193	
-2412830.7203899333	120.0	9.15	176.3	106.025	-149.89191765686328	622	424	131	15	307	182	109	7	91	56	0	0	7.309598922729492	49840	5590.57661986351	46789	6.12158908507223	
-2075337.6416371576	119.9125	9.329113924050633	186.49367088607596	111.9746835443038	-149.89191765686328	623	425	177	15.0	371.0	220.0	63	7.0	83.0	51.0	0	0	7.854254245758057	49920	5598.430874109268	46864	6.121794871794876	
-1962944.1894862142	119.9125	9.125	176.3	106.05	-149.89191765686328	624	425	200	15	307	182	40	8	115	70	0	0	7.4621686935424805	50000	5605.893042802811	46940	6.1200000000000045	
-2525331.2304005837	119.275	8.91139240506329	167.25316455696202	100.70886075949367	-149.89191765686328	625	426	205	11.0	243.0	145.0	35	7.0	83.0	51.0	0	0	6.869302034378052	50080	5612.762344837189	47015	6.12020766773162	
-2300331.443668428	119.2125	8.987179487179487	172.23076923076923	103.62820512820512	-149.89191765686328	626	428	209	12.0	259.0	154.0	31	8.0	107.0	65.0	0	0	6.626672029495239	50160	5619.389016866684	47088	6.124401913875602	
-2950387.5798033294	119.475	8.936708860759493	171.40506329113924	103.17721518987342	-149.89191765686328	627	429	181	12.0	275.0	164.0	59	7.0	83.0	51.0	0	0	6.769614219665527	50240	5626.1586310863495	47163	6.124601910828019	
-1950323.658103145	120.85	8.7875	170.2	102.5125	-149.89177727684665	628	429	185	12	251	150	55	7	83	51	0	0	6.602027654647827	50320	5632.760658740997	47239	6.122813990461054	
-2600297.110451472	120.0	8.7625	163.8	98.675	-149.89177727684665	629	429	188	13	259	154	52	7	83	51	0	0	6.6885011196136475	50400	5639.449159860611	47314	6.1230158730158735	
-3237808.316301613	120.0	8.75	164.8	99.2625	-149.89177727684665	630	429	185	10	219	131	55	7	91	56	0	0	6.840378999710083	50480	5646.289538860321	47390	6.121236133122039	
-1637804.2452523585	120.0	9.05	175.4	105.475	-149.89177727684665	631	429	176	14	283	168	64	7	83	51	0	0	7.330302953720093	50560	5653.619841814041	47466	6.119462025316452	
-2312879.8908598116	121.1375	8.987179487179487	173.05128205128204	104.1025641025641	-149.89177727684665	632	431	219	12.0	243.0	145.0	34	7.0	83.0	51.0	0	0	7.218409061431885	50640	5660.838250875473	47540	6.121642969984194	
-2700434.5162891974	123.475	8.936708860759493	170.49367088607596	102.58227848101266	-149.89177727684665	633	432	176	14.0	283.0	168.0	68	7.0	83.0	51.0	0	0	7.340622186660767	50720	5668.178873062134	47615	6.121845425867505	
-2600309.454288448	119.2875	8.721518987341772	166.34177215189874	100.15189873417721	-149.89177727684665	634	433	189	12.0	251.0	150.0	51	7.0	83.0	51.0	0	0	6.5336997509002686	50800	5674.712572813034	47690	6.122047244094489	
-2887789.2358201975	121.7	8.76923076923077	168.12820512820514	101.24358974358974	-149.89177727684665	635	435	193	12.0	251.0	150.0	47	7.0	83.0	51.0	0	0	6.485666990280151	50880	5681.198239803314	47764	6.124213836477992	
-2837874.9544467935	119.8875	9.215189873417721	176.26582278481013	105.9367088607595	-149.89177727684665	636	436	193	12.0	267.0	159.0	47	8.0	107.0	65.0	0	0	7.6952080726623535	50960	5688.893447875977	47837	6.128335949764519	
-2487848.340453102	121.8125	8.9375	172.9	104.0375	-149.89177727684665	637	436	193	12	235	140	68	7	83	51	0	0	7.417800188064575	51040	5696.311248064041	47913	6.126567398119121	
-2825342.605712203	119.2625	8.9125	171.4	103.1375	-149.89177727684665	638	436	162	14	315	187	73	7	83	51	0	0	7.84941291809082	51120	5704.160660982132	47989	6.124804381846644	
-2450310.599635118	120.1	8.8625	168.4	101.375	-149.89133449189114	639	436	152	12	243	145	78	6	75	46	0	0	7.363118886947632	51200	5711.52377986908	48065	6.123046875	
-3250402.788051228	119.75	8.8	164.4	99.0625	-149.89133449189114	640	436	189	14	291	173	51	7	83	51	0	0	6.705987215042114	51280	5718.229767084122	48141	6.121294851794062	
-1987878.9503215842	118.975	8.7625	168.7	101.5625	-149.89133449189114	641	436	156	12	243	145	89	7	83	51	0	0	6.96958065032959	51360	5725.199347734451	48216	6.121495327102792	
-2812885.4490461787	122.8875	8.962025316455696	169.9873417721519	102.29113924050633	-149.89133449189114	642	437	201	17.0	323.0	191.0	39	7.0	83.0	51.0	0	0	6.77704930305481	51440	5731.976397037506	48291	6.121695178849137	
-2362955.445425903	130.5	9.1625	177.4	106.675	-149.89133449189114	643	437	230	14	339	201	45	7	83	51	0	0	7.010985851287842	51520	5738.987382888794	48367	6.119953416149073	
-2950329.9935133536	126.325	9.1	170.9	102.85	-149.89133449189114	644	437	200	13	339	201	59	7	83	51	0	0	6.867205858230591	51600	5745.8545887470245	48443	6.118217054263567	
-2412896.7244492006	127.8	9.10126582278481	174.74683544303798	105.12658227848101	-149.89111658683348	645	438	200	13.0	275.0	164.0	46	7.0	83.0	51.0	0	0	6.414414167404175	51680	5752.269002914429	48517	6.120356037151694	
-2950275.259977513	131.2875	9.0375	175.6	105.5875	-149.89111658683348	646	438	200	12	275	164	45	7	83	51	0	0	7.11466908454895	51760	5759.383671998978	48592	6.120556414219465	
-2200447.476509066	122.2375	9.0	173.7	104.5125	-149.89111658683348	647	438	200	12	243	145	68	7	91	56	0	0	6.4805707931518555	51840	5765.8642427921295	48668	6.118827160493822	
-3000339.8893142855	119.9	9.063291139240507	173.83544303797467	104.56962025316456	-149.89111658683348	648	439	178	14.0	299.0	178.0	54	7.0	83.0	51.0	0	0	6.336916923522949	51920	5772.2011597156525	48743	6.119029275808941	
-2575421.0793649172	122.7125	9.35	182.2	109.45	-149.89111658683348	649	439	184	13	315	187	82	7	91	56	0	0	7.229726314544678	52000	5779.430886030197	48819	6.117307692307691	
-2312875.2723505376	119.0	9.0	174.2	104.7875	-149.89111658683348	650	439	184	13	395	234	51	8	107	65	0	0	6.47194504737854	52080	5785.902831077576	48895	6.115591397849457	
-2900463.4554921007	116.5	9.025	171.4	103.1125	-149.89111658683348	651	439	190	16	363	215	50	7	99	61	0	0	6.619115829467773	52160	5792.5219469070435	48970	6.115797546012274	
-2637899.1026835735	116.5625	8.8875	163.5	98.4875	-149.89111658683348	652	439	162	12	267	159	53	7	83	51	0	0	6.362572908401489	52240	5798.884519815445	49046	6.114088820826964	
-1987978.9908621304	119.175	9.1875	172.8	103.925	-149.89111658683348	653	439	190	14	307	182	50	7	99	61	0	0	7.254486083984375	52320	5806.139005899429	49122	6.112385321100916	
-2037890.9733959485	118.075	9.075	171.4	103.125	-149.89111658683348	654	439	165	12	235	140	75	8	107	65	0	0	6.686800003051758	52400	5812.825805902481	49197	6.112595419847338	
-3375310.59202113	120.0	8.8625	163.6	98.525	-149.89111658683348	655	439	191	11	243	145	49	7	91	56	0	0	6.4064390659332275	52480	5819.232244968414	49270	6.11661585365853	
-1762957.501008957	120.8625	9.177215189873417	177.8860759493671	106.9367088607595	-149.89111658683348	656	440	208	16.0	371.0	220.0	32	7.0	83.0	51.0	0	0	6.934679985046387	52560	5826.166924953461	49344	6.118721461187221	
-3012795.0401250087	120.375	9.2625	178.7	107.3875	-149.89111658683348	657	440	168	14	339	201	72	7	83	51	0	0	6.758520126342773	52640	5832.9254450798035	49419	6.118920972644375	
-2662889.8928497946	123.7625	9.325	174.2	104.7	-149.89111658683348	658	440	188	15	307	182	58	7	83	51	0	0	7.380774736404419	52720	5840.306219816208	49495	6.117223065250371	
-3212856.237692754	122.3625	8.9	164.1	98.8375	-149.89111658683348	659	440	187	15	363	215	53	7	83	51	0	0	6.5719170570373535	52800	5846.878136873245	49570	6.117424242424235	
-2250375.7845057575	121.275	9.125	176.6	106.1875	-149.89111658683348	660	440	184	16	387	229	89	7	83	51	0	0	6.82436990737915	52880	5853.702506780624	49646	6.115733736762479	
-2612890.6836413904	120.8	9.051282051282051	172.02564102564102	103.48717948717949	-149.89111658683348	661	442	201	13.0	323.0	192.0	39	7.0	83.0	51.0	0	0	6.435348033905029	52960	5860.137854814529	49720	6.117824773413901	
-2750334.8801389746	123.925	9.126582278481013	174.13924050632912	104.73417721518987	-149.89111658683348	662	443	201	14.0	307.0	182.0	55	7.0	83.0	51.0	0	0	6.438758134841919	53040	5866.576612949371	49795	6.118024132730014	
-2075381.718646279	122.9375	8.886075949367088	167.25316455696202	100.73417721518987	-149.8898611734548	663	444	225	12.0	291.0	173.0	58	7.0	83.0	51.0	0	0	5.833978891372681	53120	5872.410591840744	49870	6.118222891566262	
-1800553.021465034	120.4375	9.0375	173.1	104.15	-149.8817645821512	664	444	177	14	307	182	63	7	83	51	0	0	6.248257160186768	53200	5878.658849000931	49946	6.116541353383454	
-2462801.8573535914	120.0	9.15	175.8	105.6875	-149.8817645821512	665	444	158	14	323	192	82	7	83	51	0	0	6.685206890106201	53280	5885.344055891037	50022	6.11486486486487	
-2812802.2386198016	118.725	9.075	168.2	101.2375	-149.8817645821512	666	444	162	12	243	145	64	7	83	51	0	0	6.186319828033447	53360	5891.53037571907	50098	6.113193403298354	
-2512895.7342334935	120.0	8.987341772151899	169.9873417721519	102.32911392405063	-149.8817645821512	667	445	170	13.0	259.0	154.0	70	7.0	83.0	51.0	0	0	6.2669854164123535	53440	5897.797361135483	50173	6.1133982035928085	
-2812842.65595237	121.65	9.125	173.4	104.3125	-149.8817645821512	668	445	172	14	307	182	68	8	107	65	0	0	6.573331832885742	53520	5904.3706929683685	50248	6.1136023916293	
-3512811.6029167534	120.55	8.95	164.1	98.8375	-149.8817645821512	669	445	165	15	307	182	75	7	83	51	0	0	6.107255935668945	53600	5910.4779489040375	50324	6.111940298507463	
-2825369.5268760235	120.0	9.139240506329115	169.68354430379748	102.13924050632912	-149.8817645821512	670	446	176	14.0	307.0	182.0	64	7.0	83.0	51.0	0	0	6.017205238342285	53680	5916.49515414238	50399	6.1121460506706455	
-2525353.063494438	118.9	9.20253164556962	170.79746835443038	102.75949367088607	-149.8817645821512	671	447	185	12.0	267.0	159.0	55	7.0	83.0	51.0	0	0	6.245391845703125	53760	5922.740545988083	50474	6.11235119047619	
-3200285.527731315	121.8875	9.15	170.3	102.4875	-149.8817645821512	672	447	211	15	315	187	58	7	83	51	0	0	6.249193906784058	53840	5928.989739894867	50549	6.112555720653788	
-3350275.137062751	123.3125	9.0375	170.8	102.8125	-149.8817645821512	673	447	194	11	291	173	46	7	83	51	0	0	6.057260990142822	53920	5935.04700088501	50625	6.110905044510389	
-3287774.1361248163	120.2875	9.275	174.4	104.8875	-149.8817645821512	674	447	181	17	411	243	59	7	83	51	0	0	6.959694147109985	54000	5942.00669503212	50701	6.109259259259261	
-2462813.2094499106	118.6125	9.050632911392405	174.13924050632912	104.74683544303798	-149.8817645821512	675	448	194	12.0	347.0	206.0	46	8.0	107.0	65.0	0	0	6.847669839859009	54080	5948.854364871979	50776	6.109467455621299	
-2925394.196776148	120.95	9.05	174.1	104.7625	-149.8817645821512	676	448	194	13	259	154	76	7	99	61	0	0	6.087156057357788	54160	5954.941520929337	50852	6.107828655834567	
-2437849.315304413	120.925	9.215189873417721	171.60759493670886	103.22784810126582	-149.8817645821512	677	449	198	15.0	307.0	182.0	42	7.0	83.0	51.0	0	0	6.657572031021118	54240	5961.599092960358	50927	6.1080383480826015	
-2975307.6685521537	121.55	9.3625	176.3	105.9875	-149.8817645821512	678	449	191	16	339	201	49	7	83	51	0	0	6.873607873916626	54320	5968.472700834274	51003	6.106406480117826	
-2275317.635624355	120.0	9.2375	178.3	107.175	-149.8817645821512	679	449	163	15	395	234	77	8	107	65	0	0	6.985257148742676	54400	5975.457957983017	51079	6.10477941176471	
-2737797.437797421	123.2375	9.025	175.0	105.2375	-149.8817645821512	680	449	163	14	339	201	77	7	83	51	0	0	6.774415969848633	54480	5982.232373952866	51155	6.10315712187959	
-2600360.7877412075	123.175	9.025641025641026	172.33333333333334	103.66666666666667	-149.8817645821512	681	451	200	13.0	291.0	173.0	40	7.0	83.0	51.0	0	0	6.433187007904053	54560	5988.66556096077	51229	6.105205278592379	
-2587799.3773755524	121.875	9.125	175.5	105.475	-149.8817645821512	682	451	181	13	315	187	68	6	75	46	0	0	7.244725942611694	54640	5995.910286903381	51305	6.103587115666173	
-2412806.888989019	118.2	8.91139240506329	164.21518987341773	98.9493670886076	-149.8817645821512	683	452	199	14.0	307.0	182.0	41	7.0	83.0	51.0	0	0	5.861186981201172	54720	6001.7714738845825	51379	6.105628654970758	
-3037841.3032484176	121.0125	9.0625	171.3	103.0875	-149.8817645821512	684	452	173	15	387	229	67	7	83	51	0	0	6.186437129974365	54800	6007.957911014557	51455	6.104014598540147	
-3712942.543998568	120.225	9.1375	171.7	103.3	-149.8817645821512	685	452	179	15	283	168	61	7	91	56	0	0	6.366294860839844	54880	6014.324205875397	51531	6.102405247813408	
-1887855.8195280652	121.05	8.89873417721519	169.1772151898734	101.83544303797468	-149.8817645821512	686	453	210	12.0	235.0	140.0	30	6.0	75.0	46.0	0	0	5.909952163696289	54960	6020.234158039093	51606	6.102620087336248	
-2437795.0774695277	121.125	9.2625	176.1	105.875	-149.8817645821512	687	453	203	13	307	182	37	6	75	46	0	0	6.45850682258606	55040	6026.692664861679	51682	6.1010174418604635	
-2425330.166669254	120.0	8.924050632911392	170.08860759493672	102.39240506329114	-149.8817645821512	688	454	205	12.0	243.0	145.0	35	7.0	83.0	51.0	0	0	5.877201080322266	55120	6032.569865942001	51757	6.101233671988396	
-2575293.8842808637	121.0625	8.886075949367088	165.0253164556962	99.40506329113924	-149.8817645821512	689	455	205	12.0	235.0	140.0	48	7.0	83.0	51.0	0	0	5.866883993148804	55200	6038.43674993515	51832	6.101449275362313	
-2300504.7013674313	121.675	8.8625	167.4	100.8	-149.8817645821512	690	455	205	12	235	140	78	7	91	56	0	0	5.973371982574463	55280	6044.410121917725	51908	6.099855282199712	
-2875417.875280841	119.775	9.2	176.3	106.0	-149.8817645821512	691	455	153	13	259	154	66	8	107	65	0	0	6.532803058624268	55360	6050.942924976349	51984	6.098265895953759	
-3337800.013511246	119.9125	9.25	179.8	108.0375	-149.8817645821512	692	455	187	13	355	210	53	8	107	65	0	0	7.008043050765991	55440	6057.950968027115	52060	6.096681096681095	
-2425341.9342136597	122.7	9.125	176.6	106.1875	-149.8817645821512	693	455	175	12	307	182	72	7	91	56	0	0	6.606442928314209	55520	6064.557410955429	52136	6.0951008645533165	
-2275323.3809775347	119.3375	8.91139240506329	167.45569620253164	100.82278481012658	-149.8817645821512	694	456	175	12.0	243.0	145.0	48	7.0	83.0	51.0	0	0	6.100756883621216	55600	6070.65816783905	52211	6.095323741007192	
-2475337.2693211744	118.5	8.974683544303797	167.9620253164557	101.13924050632912	-149.8817645821512	695	457	193	12.0	235.0	140.0	47	7.0	83.0	51.0	0	0	5.906857013702393	55680	6076.565024852753	52285	6.09734195402298	
-2162772.77710251	116.925	9.175	175.8	105.725	-149.8817645821512	696	457	148	15	363	215	48	7	83	51	0	0	6.275608062744141	55760	6082.840632915497	52361	6.09576757532281	
-2850370.03115053	120.0	8.8	160.4	96.7125	-149.8817645821512	697	457	168	10	219	131	72	8	107	65	0	0	5.710960865020752	55840	6088.551593780518	52437	6.094197707736399	
-2350420.9295640993	117.1375	8.9	167.0	100.5875	-149.8817645821512	698	457	163	11	251	150	49	7	83	51	0	0	5.808868169784546	55920	6094.360461950302	52512	6.094420600858371	
-2725404.585408251	120.3875	8.85	166.8	100.4375	-149.8817645821512	699	457	177	12	259	154	63	7	83	51	0	0	6.230897903442383	56000	6100.5913598537445	52588	6.092857142857142	
-2412776.0946985492	121.0	9.125	173.3	104.2625	-149.8817645821512	700	457	158	12	339	201	82	8	107	65	0	0	6.347055196762085	56080	6106.938415050507	52663	6.093081312410845	
-1575381.3787123263	119.8125	9.0125	172.5	103.8375	-149.8817645821512	701	457	177	12	267	159	63	7	83	51	0	0	6.075279712677002	56160	6113.013694763184	52739	6.0915242165242205	
-3250338.5515553057	119.8125	8.8875	161.4	97.2875	-149.8817645821512	702	457	167	13	259	154	58	7	83	51	0	0	5.660942077636719	56240	6118.67463684082	52815	6.089971550497864	
-2312858.0155145293	120.675	8.975	167.8	101.05	-149.8817645821512	703	457	177	16	331	196	63	7	83	51	0	0	6.196622133255005	56320	6124.871258974075	52891	6.088423295454547	
-3112860.627230012	119.2875	9.0	167.8	101.0625	-149.8817645821512	704	457	183	15	363	215	57	7	83	51	0	0	5.872963905334473	56400	6130.74422287941	52967	6.086879432624116	
-2700358.6570926867	121.1875	9.0875	170.5	102.5875	-149.8817645821512	705	457	179	15	275	163	61	7	83	51	0	0	6.188287973403931	56480	6136.932510852814	53043	6.085339943342774	
-3575273.7050428055	120.95	8.9625	171.7	103.3375	-149.8817645821512	706	457	170	15	323	192	70	8	107	65	0	0	5.9065821170806885	56560	6142.839092969894	53119	6.0838048090523245	
-3187902.6343179564	120.35	9.037974683544304	167.45569620253164	100.81012658227849	-149.8817645821512	707	458	154	13.0	275.0	164.0	86	7.0	83.0	51.0	0	0	6.162200927734375	56640	6149.001293897629	53194	6.084039548022602	
-2937801.7599324025	120.975	9.05	165.6	99.725	-149.8817645821512	708	458	168	14	291	173	74	7	83	51	0	0	6.340671062469482	56720	6155.341964960098	53270	6.082510578279269	
-2550419.9785447284	121.125	9.113924050632912	171.60759493670886	103.29113924050633	-149.8817645821512	709	459	190	13.0	363.0	215.0	58	7.0	99.0	61.0	0	0	6.487653970718384	56800	6161.829618930817	53345	6.082746478873233	
-1937785.727209183	120.1125	9.1125	172.1	103.575	-149.8817645821512	710	459	138	14	315	187	95	7	83	51	0	0	6.059852838516235	56880	6167.889471769333	53421	6.081223628691973	
-2387881.5521967337	118.7375	9.20253164556962	174.34177215189874	104.86075949367088	-149.8817645821512	711	460	170	16.0	339.0	201.0	70	8.0	107.0	65.0	0	0	6.500110149383545	56960	6174.389581918716	53496	6.081460674157299	
-2812841.6590084946	115.9125	9.10126582278481	171.50632911392404	103.22784810126582	-149.8817645821512	712	461	199	12.0	267.0	159.0	41	7.0	99.0	61.0	0	0	6.165514945983887	57040	6180.5550968647	53570	6.083450210378686	
-3362847.538061316	118.975	9.1375	173.8	104.5625	-149.8817645821512	713	461	250	14	291	173	63	7	83	51	0	0	6.298785209655762	57120	6186.853882074356	53646	6.081932773109244	
-2775299.4905157313	119.45	8.846153846153847	165.66666666666666	99.7948717948718	-149.8817645821512	714	463	197	11.0	243.0	145.0	43	7.0	83.0	51.0	0	0	5.691607713699341	57200	6192.545489788055	53719	6.085664335664333	
-3337876.5322887325	119.7	8.873417721518987	171.40506329113924	103.17721518987342	-149.8817645821512	715	464	177	12.0	259.0	154.0	60	8.0	107.0	65.0	0	0	5.929178237915039	57280	6198.4746680259705	53794	6.085893854748605	
-2562853.944604532	119.9125	9.291139240506329	176.46835443037975	106.07594936708861	-149.8817645821512	716	465	181	16.0	339.0	201.0	59	7.0	83.0	51.0	0	0	6.441967964172363	57360	6204.916635990143	53869	6.086122733612271	
-2300396.5654127793	120.65	9.20253164556962	173.63291139240508	104.44303797468355	-149.8817645821512	717	466	208	16.0	363.0	215.0	32	6.0	75.0	46.0	0	0	6.397101879119873	57440	6211.313737869263	53944	6.086350974930369	
-2425267.6608975097	120.0	9.227848101265822	177.68354430379748	106.79746835443038	-149.8817645821512	718	467	231	12.0	347.0	206.0	9	7.0	83.0	51.0	0	0	6.507838010787964	57520	6217.821575880051	54019	6.086578581363	
-2962839.744972841	120.0	9.3	177.8	106.85	-149.8817645821512	719	467	177	13	339	201	63	7	91	56	0	0	6.764014959335327	57600	6224.585590839386	54095	6.085069444444443	
-2012902.1924320988	120.475	9.30379746835443	175.35443037974684	105.43037974683544	-149.8817645821512	720	468	199	14.0	283.0	168.0	41	7.0	83.0	51.0	0	0	6.181369066238403	57680	6230.766959905624	54169	6.087031900138697	
-2625390.3024040246	120.8625	9.1125	166.7	100.375	-149.8817645821512	721	468	177	12	235	140	71	7	91	56	0	0	6.106694936752319	57760	6236.873654842377	54245	6.0855263157894655	
-1837877.883631499	122.1	9.0375	167.4	100.8125	-149.8817645821512	722	468	204	15	371	220	81	8	107	65	0	0	6.188230991363525	57840	6243.06188583374	54321	6.084024896265561	
-2525284.3545284336	119.7	8.85	168.6	101.5125	-149.8817645821512	723	468	174	13	275	164	66	7	91	56	0	0	6.327428102493286	57920	6249.3893139362335	54397	6.082527624309392	
-2062878.7697945884	119.85	9.115384615384615	179.92307692307693	108.12820512820512	-149.8817645821512	724	470	186	13.0	259.0	154.0	54	8.0	107.0	65.0	0	0	6.90770411491394	58000	6256.2970180511475	54471	6.084482758620695	
-2062860.1985841482	119.025	8.9375	171.9	103.45	-149.8817645821512	725	470	185	12	291	173	55	7	83	51	0	0	6.623033761978149	58080	6262.920051813126	54547	6.082988980716252	
-1462976.384721858	115.9375	9.08974358974359	172.53846153846155	103.82051282051282	-149.8817645821512	726	472	176	13.0	243.0	145.0	55	8.0	115.0	70.0	0	0	5.922546148300171	58160	6268.842597961426	54620	6.086657496561216	
-2487886.7570486725	120.25	9.15	172.9	103.9875	-149.8817645821512	727	472	165	15	363	215	75	7	83	51	0	0	6.2366931438446045	58240	6275.07929110527	54695	6.086881868131869	
-2475493.2380843977	120.6375	9.15	171.5	103.2	-149.8817645821512	728	472	174	16	339	201	66	7	83	51	0	0	6.044241905212402	58320	6281.123533010483	54771	6.085390946502059	
-1800413.807326395	123.325	9.2625	174.1	104.7375	-149.8817645821512	729	472	190	12	291	173	50	8	107	65	0	0	5.989776849746704	58400	6287.1133098602295	54847	6.083904109589042	
-2937785.942872139	119.925	9.177215189873417	172.1139240506329	103.56962025316456	-149.8817645821512	730	473	168	14.0	291.0	173.0	72	7.0	83.0	51.0	0	0	6.012427091598511	58480	6293.125736951828	54922	6.084131326949375	
-2787806.841912116	119.525	8.8125	162.5	97.975	-149.8817645821512	731	473	156	12	299	178	66	7	83	51	0	0	5.6811559200286865	58560	6298.806892871857	54997	6.084357923497265	
-3062939.8714571684	120.325	9.0625	170.8	102.8125	-149.8817645821512	732	473	172	14	387	229	68	7	83	51	0	0	6.340003252029419	58640	6305.146896123886	55072	6.084583901773527	
-2925341.358509937	122.1625	8.9375	168.1	101.175	-149.8817645821512	733	473	178	15	307	182	52	7	83	51	0	0	6.6693806648254395	58720	6311.816276788712	55147	6.0848092643051785	
-3000308.503342113	119.5375	8.8875	166.3	100.15	-149.8817645821512	734	473	172	12	291	173	52	7	83	51	0	0	6.384559154510498	58800	6318.200835943222	55223	6.083333333333329	
-3100333.753288188	120.15	9.1	170.6	102.6625	-149.8817645821512	735	473	172	14	291	173	41	7	91	56	0	0	6.507917165756226	58880	6324.708753108978	55299	6.08186141304347	
-2412997.85201856	125.7	9.113924050632912	171.70886075949366	103.29113924050633	-149.8817645821512	736	474	192	12.0	299.0	178.0	59	7.0	83.0	51.0	0	0	6.3858606815338135	58960	6331.094613790512	55374	6.0820895522387985	
-2225417.2807163126	124.6	9.2625	178.1	107.05	-149.8817645821512	737	474	178	12	299	178	62	7	83	51	0	0	6.673938035964966	59040	6337.768551826477	55450	6.080623306233051	
-2287913.912481117	122.6	9.126582278481013	172.62025316455697	103.83544303797468	-149.8817645821512	738	475	210	12.0	267.0	159.0	30	7.0	83.0	51.0	0	0	6.361592054367065	59120	6344.130143880844	55525	6.080852503382943	
-2087787.9496385984	127.55	9.316455696202532	175.25316455696202	105.35443037974683	-149.8817645821512	739	476	210	13.0	259.0	154.0	78	8.0	115.0	70.0	0	0	6.536830902099609	59200	6350.666974782944	55600	6.081081081081081	
-2737843.3628317355	121.6375	9.2	177.2	106.5125	-149.8817645821512	740	476	213	13	395	234	47	7	91	56	0	0	6.850678205490112	59280	6357.517652988434	55676	6.079622132253718	
-2400299.1201522416	121.4125	9.10126582278481	174.2405063291139	104.82278481012658	-149.8817645821512	741	477	198	12.0	267.0	159.0	42	8.0	107.0	65.0	0	0	6.334323883056641	59360	6363.8519768714905	55751	6.079851752021554	
-2437838.25800548	120.175	9.075	170.3	102.5125	-149.8817645821512	742	477	179	16	339	201	61	7	91	56	0	0	6.096683025360107	59440	6369.948659896851	55827	6.0783983849259755	
-2462922.1692500715	122.25	8.95	168.4	101.425	-149.8817645821512	743	477	176	12	267	159	64	7	91	56	0	0	6.09751296043396	59520	6376.046172857285	55902	6.078629032258064	
-2725391.3370152633	121.725	9.1375	170.3	102.475	-149.8817645821512	744	477	193	15	283	168	47	7	83	51	0	0	6.280051231384277	59600	6382.326224088669	55977	6.078859060402692	
-2375331.025061082	122.8125	9.05	176.0	105.8375	-149.8817645821512	745	477	185	12	291	173	55	8	107	65	0	0	6.6330366134643555	59680	6388.959260702133	56053	6.077412868632706	
-2487825.314438224	123.1	9.063291139240507	172.51898734177215	103.81012658227849	-149.87680750037794	746	478	196	16.0	363.0	215.0	44	7.0	83.0	51.0	0	0	6.171833276748657	59760	6395.131093978882	56128	6.077643908969208	
-2850475.126410801	120.7625	8.89873417721519	166.34177215189874	100.22784810126582	-149.87680750037794	747	479	238	11.0	227.0	136.0	39	7.0	83.0	51.0	0	0	5.529197931289673	59840	6400.6602919101715	56203	6.077874331550802	
-3112880.0513990712	119.6875	8.95	168.3	101.35	-149.87680750037794	748	479	161	11	235	140	79	8	107	65	0	0	5.799911975860596	59920	6406.460203886032	56278	6.078104138851799	
-2700379.802365334	118.5125	9.038461538461538	167.82051282051282	101.02564102564102	-149.87680750037794	749	481	193	12.0	267.0	159.0	47	7.0	83.0	51.0	0	0	6.2544472217559814	60000	6412.714651107788	56352	6.079999999999998	
-3437774.6107197157	120.5625	9.025	168.5	101.4125	-149.87680750037794	750	481	190	12	235	140	78	7	99	61	0	0	6.3145599365234375	60080	6419.0292110443115	56428	6.078561917443409	
-2487899.192980337	120.7125	9.025	174.8	105.1375	-149.87680750037794	751	481	175	13	267	159	65	7	83	51	0	0	6.621639966964722	60160	6425.650851011276	56504	6.077127659574472	
-2637926.8188802055	119.8875	9.2	180.5	108.475	-149.87680750037794	752	481	172	13	339	201	56	7	83	51	0	0	6.983194828033447	60240	6432.63404583931	56580	6.075697211155372	
-3012764.761518823	120.0125	9.126582278481013	169.68354430379748	102.15189873417721	-149.87680750037794	753	482	218	13.0	315.0	187.0	34	7.0	83.0	51.0	0	0	6.483328104019165	60320	6439.117373943329	56655	6.075928381962868	
-2675322.2081108154	127.15	9.025	166.3	100.1375	-149.87680750037794	754	482	221	12	291	173	98	7	83	51	0	0	6.298231840133667	60400	6445.4156057834625	56731	6.074503311258283	
-2387920.8217876866	124.525	9.025	166.5	100.275	-149.87680750037794	755	482	218	16	363	215	71	8	107	65	0	0	6.257262229919434	60480	6451.672868013382	56807	6.073082010582013	
-2750353.9992421935	125.0875	9.0125	169.3	101.9	-149.87680750037794	756	482	218	14	283	168	58	7	83	51	0	0	6.327851057052612	60560	6458.000719070435	56883	6.071664464993404	
-3912795.0579949976	121.8875	9.08860759493671	167.35443037974684	100.72151898734177	-149.87680750037794	757	483	249	13.0	251.0	150.0	31	6.0	75.0	46.0	0	0	6.118623971939087	60640	6464.119343042374	56958	6.071899736147756	
-3075271.226381124	118.75	9.253164556962025	170.59493670886076	102.63291139240506	-149.87680750037794	758	484	183	12.0	259.0	154.0	52	6.0	75.0	46.0	0	0	6.88030481338501	60720	6470.999647855759	57033	6.072134387351781	
-2575317.9515513727	120.7	9.2	175.5	105.5375	-149.87680750037794	759	484	200	12	259	154	50	7	83	51	0	0	6.703903913497925	60800	6477.703551769257	57109	6.07072368421052	
-2387857.212212961	124.725	9.4625	179.7	107.9625	-149.87680750037794	760	484	200	16	435	257	43	7	91	56	0	0	7.877518177032471	60880	6485.581069946289	57185	6.0693166885676675	
-3000354.011713476	125.675	9.0375	172.5	103.7875	-149.87680750037794	761	484	197	13	331	196	73	7	83	51	0	0	6.715972900390625	60960	6492.29704284668	57260	6.069553805774277	
-2525272.69142807	120.9	9.192307692307692	175.2051282051282	105.34615384615384	-149.87680750037794	762	486	191	15.0	323.0	192.0	43	8.0	115.0	70.0	0	0	6.481886148452759	61040	6498.778928995132	57334	6.071428571428569	
-3400257.799616906	122.2125	9.075	174.7	105.1	-149.87661358606348	763	486	201	15	387	229	66	7	83	51	0	0	6.662479877471924	61120	6505.441408872604	57410	6.070026178010465	
-3275387.4272772847	119.825	9.189873417721518	176.46835443037975	106.11392405063292	-149.87661358606348	764	487	196	15.0	275.0	163.0	44	7.0	91.0	56.0	0	0	6.76239800453186	61200	6512.203806877136	57485	6.070261437908499	
-3125425.6785011846	120.55	9.0125	167.8	101.025	-149.87661358606348	765	487	179	15	275	163	61	7	83	51	0	0	6.540317058563232	61280	6518.7441239356995	57561	6.068864229765012	
-2112825.7618405027	121.9375	9.35	179.8	108.0375	-149.87661358606348	766	487	214	15	291	173	74	7	91	56	0	0	6.942560195922852	61360	6525.686684131622	57637	6.067470664928294	
-2625488.9007366225	120.6125	9.25	178.3	107.175	-149.87661358606348	767	487	176	15	307	182	64	7	83	51	0	0	6.590871810913086	61440	6532.277555942535	57713	6.066080729166671	
-2975369.946862593	118.7375	9.175	176.8	106.3125	-149.87661358606348	768	487	179	14	355	210	61	7	99	61	0	0	6.7264580726623535	61520	6539.004014015198	57789	6.064694408322495	
-3387818.99861432	120.1125	9.25974025974026	179.2077922077922	107.66233766233766	-149.87661358606348	769	490	200	14.0	307.0	182.0	40	6.0	75.0	46.0	0	0	6.8244757652282715	61600	6545.828489780426	57861	6.069805194805198	
-2663044.1614508824	121.275	8.987179487179487	170.3846153846154	102.53846153846153	-149.87661358606348	770	492	214	12.0	267.0	159.0	26	6.0	75.0	46.0	0	0	6.251097202301025	61680	6552.079586982727	57935	6.071660181582359	
-3362789.202436714	122.4875	9.1375	174.1	104.6875	-149.87661358606348	771	492	273	15	387	229	61	6	75	46	0	0	6.781422853469849	61760	6558.861009836197	58011	6.070272020725383	
-3525414.134876644	120.4625	9.125	169.8	102.1625	-149.87661358606348	772	492	195	15	307	182	45	7	83	51	0	0	6.775614261627197	61840	6565.636624097824	58087	6.068887451487711	
-1762888.9085935685	121.4125	9.265822784810126	177.78481012658227	106.88607594936708	-149.87661358606348	773	493	208	15.0	371.0	220.0	32	7.0	83.0	51.0	0	0	6.66393780708313	61920	6572.300561904907	58162	6.069121447028422	
-3187952.684287784	122.975	9.0	167.9	101.1375	-149.87661358606348	774	493	171	12	243	145	69	7	91	56	0	0	5.992148160934448	62000	6578.292710065842	58238	6.067741935483866	
-3575291.421892586	122.6875	9.037974683544304	173.22784810126583	104.20253164556962	-149.87661358606348	775	494	197	12.0	267.0	159.0	64	8.0	107.0	65.0	0	0	6.551463842391968	62080	6584.844173908234	58313	6.0679768041237025	
-3162799.2239807486	126.7625	9.012658227848101	174.13924050632912	104.81012658227849	-149.87661358606348	776	495	257	13.0	363.0	215.0	60	7.0	83.0	51.0	0	0	6.197551012039185	62160	6591.041724920273	58388	6.06821106821107	
-2975337.652270251	121.6	9.0875	174.7	105.0625	-149.87661358606348	777	495	197	12	291	173	74	7	91	56	0	0	6.580052852630615	62240	6597.621777772903	58464	6.066838046272494	
-2987833.8760625133	120.85	9.0	170.39240506329114	102.55696202531645	-149.87661358606348	778	496	154	12.0	291.0	173.0	86	7.0	83.0	51.0	0	0	6.460920095443726	62320	6604.082697868347	58539	6.067073170731703	
-1837836.5830077485	119.3625	9.325	180.3	108.35	-149.87661358606348	779	496	188	15	363	215	52	7	83	51	0	0	7.00885009765625	62400	6611.091547966003	58615	6.065705128205124	
-2250513.2426024964	119.675	9.142857142857142	176.5064935064935	106.14285714285714	-149.87661358606348	780	499	188	12.0	267.0	159.0	53	7.0	99.0	61.0	0	0	6.405409812927246	62480	6617.496957778931	58688	6.069142125480155	
-2937923.156699108	127.975	9.025	171.3	103.0875	-149.87661358606348	781	499	228	11	235	140	49	7	83	51	0	0	6.340359210968018	62560	6623.837316989899	58764	6.067774936061383	
-3337791.1016901596	122.3125	8.89873417721519	167.9620253164557	101.13924050632912	-149.87661358606348	782	500	228	11.0	227.0	136.0	39	6.0	75.0	46.0	0	0	5.729551792144775	62640	6629.5668687820435	58839	6.068007662835257	
-3300384.3229796547	119.1375	9.1625	174.5	104.9	-149.87661358606348	783	500	200	15	331	196	40	6	75	46	0	0	6.57056999206543	62720	6636.137438774109	58915	6.066645408163268	
-2612823.528436629	120.175	9.0625	173.2	104.2125	-149.87661358606348	784	500	166	12	267	159	78	7	83	51	0	0	5.926600933074951	62800	6642.064039707184	58990	6.066878980891715	
-2562871.660043883	118.95	9.0375	170.8	102.8	-149.87661358606348	785	500	139	11	291	173	88	6	75	46	0	0	6.177430152893066	62880	6648.241469860077	59066	6.065521628498729	
-2625314.819335993	119.625	9.08860759493671	170.59493670886076	102.67088607594937	-149.87661358606348	786	501	193	13.0	315.0	187.0	47	7.0	83.0	51.0	0	0	6.031543016433716	62960	6654.273012876511	59141	6.065756035578147	
-2562815.5578482496	120.0	9.0	167.65822784810126	100.9367088607595	-149.87661358606348	787	502	190	13.0	283.0	168.0	50	6.0	75.0	46.0	0	0	5.939529895782471	63040	6660.212542772293	59215	6.067576142131983	
-3300421.0562375495	120.0	9.175	172.7	103.875	-149.87661358606348	788	502	163	13	307	182	77	7	83	51	0	0	6.586021184921265	63120	6666.798563957214	59291	6.066223067173638	
-2187853.0259712995	122.2375	9.0125	171.1	102.95	-149.87661358606348	789	502	173	12	275	164	67	8	107	65	0	0	6.334596872329712	63200	6673.133160829544	59367	6.064873417721515	
-3587783.8232751936	121.1125	8.987341772151899	173.0253164556962	104.10126582278481	-149.87661358606348	790	503	177	12.0	323.0	192.0	63	7.0	83.0	51.0	0	0	6.2468061447143555	63280	6679.379966974258	59441	6.066687737041718	
-2462963.23608359	125.6	9.1875	175.1	105.2625	-149.87661358606348	791	503	179	15	387	229	95	8	107	65	0	0	7.005209922790527	63360	6686.385176897049	59517	6.0653409090909065	
-3487894.971695411	121.925	9.05	165.5	99.6625	-149.87661358606348	792	503	211	14	275	164	49	7	83	51	0	0	6.174170970916748	63440	6692.559347867966	59592	6.06557377049181	
-3112786.8017668147	121.75	8.8875	163.6	98.575	-149.87661358606348	793	503	170	12	243	145	88	7	83	51	0	0	6.0561981201171875	63520	6698.615545988083	59668	6.064231738035261	
-3762896.7109112306	121.4625	9.05	168.1	101.2375	-149.87661358606348	794	503	162	13	291	173	78	8	115	70	0	0	6.041921138763428	63600	6704.657467126846	59744	6.062893081761018	
-3412897.6927133156	121.35	9.2	174.6	105.0	-149.87658302419058	795	503	168	14	315	187	72	7	83	51	0	0	6.479776859283447	63680	6711.13724398613	59820	6.061557788944725	
-4362807.978186563	121.5375	8.975	167.2	100.7	-149.87658302419058	796	503	186	12	259	154	54	7	107	66	0	0	6.018594980239868	63760	6717.15583896637	59895	6.061794228356334	
-3187843.0806995304	122.35	8.9875	166.6	100.3125	-149.87658302419058	797	503	180	12	267	159	60	7	83	51	0	0	6.000427961349487	63840	6723.156266927719	59971	6.060463659147871	
-2925409.5035504075	121.925	8.949367088607595	166.2405063291139	100.11392405063292	-149.87658302419058	798	504	183	13.0	291.0	173.0	57	7.0	83.0	51.0	0	0	6.010513782501221	63920	6729.16678071022	60046	6.060700876095112	
-3262842.1909621316	121.725	9.1125	170.1	102.375	-149.87658302419058	799	504	169	13	275	164	85	6	75	46	0	0	6.527547121047974	64000	6735.694327831268	60122	6.059375000000003	
-3250313.255096003	120.25	8.91139240506329	164.51898734177215	99.0886075949367	-149.87658302419058	800	505	214	12.0	235.0	140.0	26	7.0	83.0	51.0	0	0	5.8760271072387695	64080	6741.570354938507	60196	6.061173533083647	
-2987891.097449881	122.075	8.9	164.1	98.85	-149.87658302419058	801	505	180	12	275	164	73	6	75	46	0	0	6.114420175552368	64160	6747.684775114059	60271	6.061408977556098	
-3100292.576213921	125.95	9.0875	170.3	102.475	-149.87658302419058	802	505	239	13	283	168	61	7	107	65	0	0	6.4534289836883545	64240	6754.138204097748	60346	6.061643835616437	
-3050301.4802380847	122.875	8.9625	168.7	101.5125	-149.87658302419058	803	505	232	12	235	140	68	7	91	56	0	0	6.244874000549316	64320	6760.383078098297	60421	6.061878109452735	
-3600298.7354017543	120.0	9.2125	171.8	103.35	-149.87657935688887	804	505	173	13	291	173	67	7	83	51	0	0	6.232876777648926	64400	6766.615954875946	60496	6.062111801242224	
-3350334.473462809	119.3125	9.253164556962025	176.26582278481013	105.9746835443038	-149.87657935688887	805	506	184	13.0	299.0	178.0	56	7.0	99.0	61.0	0	0	6.753542184829712	64480	6773.369497060776	60571	6.062344913151364	
-3175357.1580277137	121.35	9.037974683544304	171.20253164556962	103.0253164556962	-149.87657935688887	806	507	172	13.0	347.0	206.0	56	8.0	115.0	70.0	0	0	6.250391006469727	64560	6779.6198880672455	60646	6.062577447335812	
-3100394.4075177847	120.9	9.0	169.3	101.8875	-149.87657935688887	807	507	206	13	347	206	34	7	83	51	0	0	6.565478801727295	64640	6786.185366868973	60722	6.061262376237622	
-3625342.9884713115	117.95	8.95	172.3	103.675	-149.87657935688887	808	507	166	12	291	173	71	8	107	65	0	0	6.82845401763916	64720	6793.013820886612	60798	6.059950556242271	
-2387830.969169054	119.6375	9.153846153846153	184.64102564102564	110.87179487179488	-149.87657935688887	809	509	201	12.0	243.0	145.0	39	8.0	107.0	65.0	0	0	7.6534881591796875	64800	6800.667309045792	60872	6.061728395061721	
-3362914.0957738296	118.225	9.05	171.4	103.1	-149.87657935688887	810	509	184	12	251	150	54	7	91	56	0	0	7.124871730804443	64880	6807.792180776596	60948	6.060419235511716	
-3100393.486151111	119.3125	9.375	176.4	106.025	-149.87657935688887	811	509	164	15	339	201	76	7	83	51	0	0	7.224546194076538	64960	6815.016726970673	61024	6.059113300492612	
-2912841.7866661497	126.2625	9.20253164556962	170.18987341772151	102.41772151898734	-149.87657935688887	812	510	226	14.0	315.0	187.0	49	7.0	83.0	51.0	0	0	6.708998918533325	65040	6821.725725889206	61099	6.059348093480935	
-3125307.124353151	121.5	9.30379746835443	175.9620253164557	105.79746835443038	-149.87657935688887	813	511	176	14.0	315.0	187.0	64	7.0	91.0	56.0	0	0	6.913207054138184	65120	6828.638932943344	61174	6.059582309582311	
-2437786.91021615	120.725	9.354430379746836	180.62025316455697	108.54430379746836	-149.87657935688887	814	512	174	15.0	339.0	201.0	66	8.0	107.0	65.0	0	0	6.6739702224731445	65200	6835.312903165817	61248	6.061349693251543	
-3750291.22308553	119.925	9.0625	169.8	102.1625	-149.87657935688887	815	512	210	13	259	154	30	7	83	51	0	0	6.4563398361206055	65280	6841.769243001938	61324	6.060049019607845	
-3037835.2192789377	119.925	9.102564102564102	172.23076923076923	103.62820512820512	-149.87657935688887	816	514	200	13.0	267.0	159.0	40	7.0	91.0	56.0	0	0	6.0691468715667725	65360	6847.838389873505	61398	6.061811505507947	
-3900350.6577555193	125.1375	9.1625	171.0	102.9125	-149.87657935688887	817	514	260	13	267	159	48	8	107	65	0	0	6.17206597328186	65440	6854.0104558467865	61474	6.060513447432754	
-3712810.2753529265	134.8125	9.050632911392405	166.54430379746836	100.27848101265823	-149.87657935688887	818	515	281	13.0	259.0	154.0	44	7.0	83.0	51.0	0	0	6.626471042633057	65520	6860.63692688942	61549	6.060744810744808	
-3437836.6644763374	125.7625	8.95	167.2	100.675	-149.87657935688887	819	515	215	14	283	168	87	8	115	70	0	0	6.882333993911743	65600	6867.519260883331	61625	6.059451219512198	
-3112768.0156849297	124.1875	9.1875	173.0	104.0375	-149.87657935688887	820	515	215	13	339	201	76	7	83	51	0	0	6.6654040813446045	65680	6874.184664964676	61701	6.058160779537147	
-2887762.227460671	118.9	9.037974683544304	171.1012658227848	102.92405063291139	-149.87657935688887	821	516	183	12.0	235.0	140.0	57	7.0	83.0	51.0	0	0	6.576766014099121	65760	6880.761430978775	61776	6.058394160583944	
-3800326.1583717847	123.975	9.0	173.7	104.475	-149.87657935688887	822	516	217	12	243	145	59	7	83	51	0	0	6.463586091995239	65840	6887.22501707077	61852	6.057108140947747	
-2850361.3046765635	124.2625	8.962025316455696	169.9873417721519	102.29113924050633	-149.87657935688887	823	517	187	14.0	315.0	187.0	53	7.0	83.0	51.0	0	0	6.834472894668579	65920	6894.059489965439	61927	6.057342233009706	
-3050428.904977101	121.775	9.0125	175.5	105.525	-149.87657935688887	824	517	215	12	315	187	35	7	83	51	0	0	7.564846992492676	66000	6901.6243369579315	62002	6.057575757575762	
-3375292.714577152	118.8125	8.79746835443038	167.86075949367088	101.07594936708861	-149.87657935688887	825	518	200	13.0	259.0	154.0	40	7.0	83.0	51.0	0	0	6.332170009613037	66080	6907.956506967545	62077	6.057808716707029	
-2587871.9987000925	120.4	8.835443037974683	165.73417721518987	99.83544303797468	-149.87657935688887	826	519	200	12.0	259.0	154.0	40	7.0	83.0	51.0	0	0	6.724475860595703	66160	6914.68098282814	62152	6.05804111245466	
-2550468.1019970328	120.75	9.0125	174.1	104.6875	-149.87657935688887	827	519	202	16	411	243	38	8	107	65	0	0	7.023321151733398	66240	6921.704303979874	62227	6.058272946859901	
-3875352.393786517	118.3375	9.142857142857142	177.23376623376623	106.50649350649351	-149.87438218373143	828	522	203	14.0	283.0	168.0	31	8.0	107.0	65.0	0	0	6.957074880599976	66320	6928.661378860474	62300	6.061519903498194	
-2775356.8626341624	121.2375	9.175	176.5	106.1	-149.87438218373143	829	522	164	14	315	187	64	7	83	51	0	0	6.830899953842163	66400	6935.492278814316	62375	6.061746987951807	
-3900276.179132895	118.85	9.113924050632912	174.34177215189874	104.84810126582279	-149.87438218373143	830	523	193	14.0	315.0	187.0	47	8.0	107.0	65.0	0	0	7.0840582847595215	66480	6942.576337099075	62450	6.061973525872446	
-3150324.2770177377	118.675	8.9875	167.8	101.025	-149.87438218373143	831	523	193	13	259	154	64	8	107	65	0	0	6.513145685195923	66560	6949.089482784271	62525	6.062199519230774	
-2975425.894962863	119.1625	8.825	165.7	99.8125	-149.87438218373143	832	523	178	11	243	145	58	7	99	61	0	0	6.206063270568848	66640	6955.29554605484	62601	6.0609243697478945	
-2962875.015498712	118.5125	8.9875	172.6	103.8375	-149.87438218373143	833	523	153	13	283	168	58	7	91	56	0	0	6.429924726486206	66720	6961.725470781326	62676	6.0611510791366925	
-2500324.1355970227	118.1875	9.037974683544304	173.126582278481	104.13924050632912	-149.87438218373143	834	524	142	14.0	283.0	168.0	58	7.0	83.0	51.0	0	0	6.61575722694397	66800	6968.34122800827	62751	6.061377245508979	
-3337786.011466775	119.35	8.9125	170.5	102.5875	-149.87438218373143	835	524	164	14	363	215	58	7	83	51	0	0	7.010770797729492	66880	6975.351998806	62827	6.060107655502392	
-3575251.30657735	123.15	9.0125	178.4	107.2125	-149.87438218373143	836	524	205	12	315	187	71	8	115	70	0	0	7.193049192428589	66960	6982.545047998428	62903	6.058841099163686	
-2212795.087612386	118.5875	9.177215189873417	180.0126582278481	108.15189873417721	-149.87438218373143	837	525	182	15.0	379.0	224.0	58	7.0	99.0	61.0	0	0	6.992269992828369	67040	6989.537317991257	62977	6.060560859188541	
-2350338.063239305	120.625	9.10126582278481	171.81012658227849	103.35443037974683	-149.87438218373143	838	526	202	12.0	235.0	140.0	81	8.0	107.0	65.0	0	0	6.239114999771118	67120	6995.776432991028	63052	6.06078665077473	
-2900377.3366254116	120.0	9.0	170.8	102.8375	-149.87438218373143	839	526	163	13	291	173	77	8	107	65	0	0	5.795736789703369	67200	7001.572169780731	63128	6.05952380952381	
-4225357.187503016	123.0625	8.962025316455696	168.36708860759492	101.41772151898734	-149.87438218373143	840	527	183	13.0	275.0	164.0	57	6.0	75.0	46.0	0	0	5.634360074996948	67280	7007.206529855728	63203	6.059750297265168	
-3812788.456062378	122.1875	9.1125	177.9	106.9625	-149.87438218373143	841	527	178	13	483	285	62	8	107	65	0	0	6.654778242111206	67360	7013.861308097839	63279	6.058491686460812	
-2987830.797321216	118.6875	9.3125	181.2	108.875	-149.87438218373143	842	527	192	13	315	187	48	7	99	61	0	0	6.7506020069122314	67440	7020.611910104752	63355	6.057236061684463	
-2325323.2624302804	121.1875	9.20253164556962	175.0506329113924	105.27848101265823	-149.87438218373143	843	528	204	14.0	267.0	159.0	51	8.0	107.0	65.0	0	0	6.176002740859985	67520	7026.787912845612	63430	6.057464454976298	
-3787832.5352024436	120.0	9.075	172.4	103.75	-149.87438218373143	844	528	164	12	291	173	76	7	83	51	0	0	6.144122123718262	67600	7032.93203496933	63506	6.056213017751475	
-2150320.5698489198	120.65	9.0125	172.7	103.875	-149.87438218373143	845	528	164	12	291	173	77	6	75	46	0	0	6.4347288608551025	67680	7039.366763830185	63581	6.056442080378261	
-3312864.9248420866	119.925	9.075	168.8	101.575	-149.87438218373143	846	528	187	15	307	182	52	8	107	65	0	0	6.559662103652954	67760	7045.926425933838	63657	6.055194805194802	
-2262757.0901410016	122.3125	9.3625	180.3	108.3	-149.87438218373143	847	528	187	15	307	182	68	7	83	51	0	0	7.009826183319092	67840	7052.936252117157	63733	6.053950471698116	
-3400279.683744623	121.15	9.265822784810126	181.83544303797467	109.21518987341773	-149.87438218373143	848	529	228	17.0	355.0	210.0	12	7.0	83.0	51.0	0	0	6.849611759185791	67920	7059.785863876343	63808	6.054181389870436	
-3237854.0421663197	122.275	9.050632911392405	174.2405063291139	104.79746835443038	-149.87438218373143	849	530	187	14.0	283.0	168.0	76	7.0	91.0	56.0	0	0	6.4892871379852295	68000	7066.275151014328	63883	6.0544117647058755	
-3225272.3004149334	122.575	9.15	174.2	104.75	-149.87438218373143	850	530	187	14	347	206	75	8	107	65	0	0	6.703284978866577	68080	7072.978435993195	63959	6.05317273795535	
-3562826.0787962466	120.9375	9.012820512820513	169.46153846153845	101.94871794871794	-149.87438218373143	851	532	193	14.0	283.0	168.0	47	7.0	83.0	51.0	0	0	6.684913873672485	68160	7079.663349866867	64033	6.0548708920187835	
-3000391.453259523	119.625	9.0375	173.2	104.1375	-149.87438218373143	852	532	167	12	315	187	57	8	107	65	0	0	7.226798057556152	68240	7086.890147924423	64109	6.053634232121922	
-3212964.84190479	118.875	9.075	173.2	104.1625	-149.87438218373143	853	532	208	16	331	196	32	8	107	65	0	0	6.983392000198364	68320	7093.873539924622	64184	6.0538641686182615	
-2612807.482258794	119.175	9.2375	178.2	107.1	-149.87438218373143	854	532	181	16	331	196	59	7	83	51	0	0	7.222044944763184	68400	7101.095584869385	64260	6.05263157894737	
-3037803.8710722625	122.5375	8.8875	165.4	99.625	-149.87438218373143	855	532	181	14	291	173	93	7	83	51	0	0	6.085479021072388	68480	7107.181063890457	64335	6.052862149532714	
-1975323.4843167055	120.7625	9.2	180.6	108.525	-149.87438218373143	856	532	181	12	291	173	65	8	115	70	0	0	6.611084938049316	68560	7113.7921488285065	64411	6.051633605600941	
-2462793.7790661445	119.2625	9.025316455696203	173.9367088607595	104.65822784810126	-149.87438218373143	857	533	190	13.0	291.0	173.0	55	7.0	99.0	61.0	0	0	5.952826261520386	68640	7119.744975090027	64486	6.051864801864809	
-3425276.6273991936	120.0	8.925	166.5	100.275	-149.87438218373143	858	533	177	11	251	150	63	7	83	51	0	0	6.101500749588013	68720	7125.846475839615	64562	6.050640279394642	
-4075332.271206281	120.8625	9.1875	173.8	104.55	-149.87438218373143	859	533	183	16	339	201	57	7	83	51	0	0	6.101395130157471	68800	7131.947870969772	64638	6.0494186046511516	
-3275340.636894784	120.0	9.0625	171.3	103.0875	-149.87438218373143	860	533	168	16	339	201	72	7	83	51	0	0	6.054136037826538	68880	7138.002007007599	64714	6.048199767711964	
-2975305.42809911	121.475	9.0125	170.5	102.625	-149.87438218373143	861	533	187	12	291	173	89	7	83	51	0	0	6.051513910293579	68960	7144.0535209178925	64789	6.0484338747099855	
-3125312.700696266	122.1125	8.9875	171.0	102.925	-149.87438218373143	862	533	183	15	307	182	57	7	83	51	0	0	6.332571983337402	69040	7150.38609290123	64865	6.047219003476243	
-3012941.7844400294	120.825	8.8375	159.9	96.3875	-149.87438218373143	863	533	168	12	283	168	57	7	83	51	0	0	6.033263206481934	69120	7156.419356107712	64941	6.046006944444443	
-2650470.77498564	122.225	9.0375	167.8	101.05	-149.87438218373143	864	533	199	11	219	131	59	8	107	65	0	0	6.085111856460571	69200	7162.504467964172	65017	6.044797687861276	
-2750318.9215024724	120.0	8.825	166.2	100.1125	-149.87438218373143	865	533	209	11	235	140	31	7	83	51	0	0	6.01294207572937	69280	7168.517410039902	65093	6.043591224018471	
-3062790.170381536	120.0	9.2375	177.9	106.95	-149.87438218373143	866	533	163	14	283	168	77	7	83	51	0	0	6.5174829959869385	69360	7175.034893035889	65169	6.0423875432525875	
-3537843.231271807	120.7875	8.85	165.5	99.6625	-149.87438218373143	867	533	190	11	243	145	50	7	83	51	0	0	6.268978834152222	69440	7181.303871870041	65245	6.0411866359446975	
-3250336.9443182573	120.575	8.8875	166.5	100.2875	-149.87438218373143	868	533	175	12	235	140	65	8	107	65	0	0	5.95229697227478	69520	7187.256168842316	65320	6.041426927502883	
-3512870.9097198844	120.5625	8.85897435897436	166.89743589743588	100.52564102564102	-149.87438218373143	869	535	192	11.0	243.0	145.0	48	7.0	83.0	51.0	0	0	5.731071949005127	69600	7192.987240791321	65394	6.043103448275872	
-3712776.51927896	120.25	8.975	166.1	100.0125	-149.87438218373143	870	535	173	14	283	168	67	7	83	51	0	0	6.1379640102386475	69680	7199.125204801559	65470	6.0419058553386975	
-2662887.51864596	121.4875	9.050632911392405	172.62025316455697	103.86075949367088	-149.87438218373143	871	536	205	13.0	283.0	168.0	48	7.0	83.0	51.0	0	0	6.115189075469971	69760	7205.240393877029	65544	6.043577981651367	
-3200407.9768451797	121.8	9.0375	171.3	103.1125	-149.87438218373143	872	536	212	12	299	178	49	8	107	65	0	0	6.186517953872681	69840	7211.426911830902	65620	6.042382588774345	
-4987789.495944435	121.8125	9.102564102564102	173.66666666666666	104.41025641025641	-149.87438218373143	873	538	203	14.0	339.0	201.0	37	7.0	83.0	51.0	0	0	6.646829128265381	69920	7218.0737409591675	65694	6.044050343249424	
-2837791.8733613202	120.6375	9.0875	172.7	103.8875	-149.87438218373143	874	538	204	15	307	182	60	7	83	51	0	0	6.48953914642334	70000	7224.563280105591	65770	6.0428571428571445	
-2812804.309674772	120.25	9.164556962025317	173.73417721518987	104.50632911392405	-149.87438218373143	875	539	159	12.0	291.0	173.0	81	8.0	107.0	65.0	0	0	6.4528608322143555	70080	7231.016140937805	65845	6.043093607305934	
-3112801.1964411526	122.0	8.9	163.1	98.2875	-149.87438218373143	876	539	193	12	267	159	51	7	83	51	0	0	5.901368141174316	70160	7236.9175090789795	65920	6.043329532497154	
-3225372.113988133	123.0125	9.0	169.9	102.2625	-149.87438218373143	877	539	182	14	291	173	66	7	83	51	0	0	6.2861738204956055	70240	7243.203682899475	65996	6.042141230068339	
-2700292.4647115557	125.05	9.189873417721518	176.56962025316454	106.13924050632912	-149.87438218373143	878	540	203	15.0	363.0	215.0	37	7.0	83.0	51.0	0	0	6.564872980117798	70320	7249.768555879593	66071	6.042377701934015	
-2325275.7111848397	123.2875	9.0	174.34177215189874	104.87341772151899	-149.87438218373143	879	541	183	12.0	299.0	178.0	57	7.0	83.0	51.0	0	0	6.292169094085693	70400	7256.060724973679	66146	6.04261363636364	
-3187811.084094006	122.45	9.0125	172.8	103.9375	-149.87438218373143	880	541	206	12	299	178	58	6	75	46	0	0	6.432011842727661	70480	7262.492736816406	66222	6.041430192962537	
-2575340.377791899	120.4375	8.9125	171.6	103.3	-149.87438218373143	881	541	164	13	315	187	76	7	83	51	0	0	6.082418918609619	70560	7268.575155735016	66298	6.040249433106581	
-3562838.789299925	119.45	8.8625	167.8	101.0125	-149.87438218373143	882	541	161	11	243	145	77	7	91	56	0	0	6.195315361022949	70640	7274.770471096039	66374	6.039071347678373	
-3837804.7319043637	121.0125	9.063291139240507	172.72151898734177	103.89873417721519	-149.87438218373143	883	542	203	12.0	235.0	140.0	37	7.0	83.0	51.0	0	0	6.058146715164185	70720	7280.828617811203	66449	6.039309954751133	
-2825340.698688399	120.0	8.987341772151899	177.27848101265823	106.58227848101266	-149.87438218373143	884	543	200	13.0	307.0	182.0	40	7.0	83.0	51.0	0	0	6.074222087860107	70800	7286.902839899063	66524	6.039548022598879	
-3625224.631436482	119.9875	9.0375	178.9	107.5	-149.87438218373143	885	543	178	12	259	154	62	7	91	56	0	0	6.483053207397461	70880	7293.385893106461	66600	6.038374717832966	
-3037847.40477218	120.6375	9.0	177.3	106.6125	-149.87438218373143	886	543	190	12	275	164	50	7	83	51	0	0	6.3272199630737305	70960	7299.713113069534	66675	6.038613303269443	
-2900276.953522893	119.7375	9.126582278481013	178.49367088607596	107.26582278481013	-149.87438218373143	887	544	187	13.0	259.0	154.0	53	8.0	107.0	65.0	0	0	6.467046737670898	71040	7306.180159807205	66750	6.038851351351354	
-3325498.715142642	120.0	8.95	173.4	104.275	-149.87438218373143	888	544	175	13	283	168	65	7	99	61	0	0	6.508167266845703	71120	7312.688327074051	66826	6.037682789651285	
-2375359.3010206763	120.0	9.0	179.0	107.6125	-149.87438218373143	889	544	199	13	291	173	41	7	83	51	0	0	6.179282903671265	71200	7318.867609977722	66901	6.037921348314612	
-3012805.696561279	121.3	9.2375	185.8	111.6125	-149.87438218373143	890	544	203	16	363	215	62	7	83	51	0	0	6.455605983734131	71280	7325.323215961456	66976	6.038159371492696	
-2337808.5289009726	119.95	9.3	183.0	109.925	-149.87438218373143	891	544	195	14	339	201	45	7	83	51	0	0	6.700747966766357	71360	7332.023963928223	67052	6.036995515695068	
-3050333.6027965248	122.325	9.2125	179.2	107.6875	-149.87438218373143	892	544	195	12	331	196	55	7	83	51	0	0	6.660624980926514	71440	7338.684588909149	67128	6.035834266517355	
-3862781.163752732	119.75	8.925	165.4	99.625	-149.87438218373143	893	544	208	12	331	196	32	7	83	51	0	0	6.013098955154419	71520	7344.697687864304	67204	6.034675615212521	
-4187778.3006343916	120.6	9.139240506329115	169.27848101265823	101.86075949367088	-149.87438218373143	894	545	178	13.0	283.0	168.0	62	7.0	83.0	51.0	0	0	6.015810251235962	71600	7350.71349811554	67279	6.034916201117312	
-3662781.5118900016	119.925	9.379746835443038	181.53164556962025	109.0253164556962	-149.87438218373143	895	546	182	16.0	331.0	196.0	58	7.0	83.0	51.0	0	0	6.705881834030151	71680	7357.41937994957	67354	6.03515625	
-2075372.5020511202	119.9875	9.0125	171.0	102.9125	-149.87438218373143	896	546	152	12	235	140	87	7	83	51	0	0	6.195648908615112	71760	7363.615028858185	67430	6.034002229654405	
-2637815.773862327	120.5	9.08860759493671	173.53164556962025	104.40506329113924	-149.87438218373143	897	547	166	12.0	235.0	140.0	74	7.0	83.0	51.0	0	0	6.189110040664673	71840	7369.8041388988495	67505	6.034242761692653	
-2337855.569735615	122.175	8.9	169.6	102.1	-149.87438218373143	898	547	171	14	283	168	69	7	83	51	0	0	5.921946048736572	71920	7375.726084947586	67581	6.033092324805338	
-3737821.739002025	118.525	8.875	169.5	102.05	-149.87438218373143	899	547	181	12	283	168	59	7	83	51	0	0	6.3339409828186035	72000	7382.060025930405	67657	6.0319444444444485	
-2150531.449852646	120.7125	8.810126582278482	165.32911392405063	99.60759493670886	-149.87438218373143	900	548	209	15.0	315.0	187.0	63	7.0	83.0	51.0	0	0	6.156682014465332	72080	7388.21670794487	67732	6.032186459489452	
-2612901.0489118556	122.1875	9.0	165.9367088607595	99.9493670886076	-149.87438218373143	901	549	176	14.0	323.0	192.0	48	8.0	107.0	65.0	0	0	5.816432952880859	72160	7394.033140897751	67805	6.035199556541016	
-3100319.0299332542	121.5875	9.0	170.8	102.775	-149.87438218373143	902	549	223	12	371	220	30	7	83	51	0	0	6.843858242034912	72240	7400.876999139786	67880	6.035437430786274	
-2700353.3084622608	123.5375	8.9625	171.7	103.35	-149.87438218373143	903	549	189	13	339	201	51	7	83	51	0	0	6.118283748626709	72320	7406.9952828884125	67956	6.034292035398224	
-2762879.117451849	123.575	8.8375	164.3	98.9875	-149.87438218373143	904	549	188	12	315	187	52	7	83	51	0	0	5.927531003952026	72400	7412.9228138923645	68032	6.033149171270708	
-3225442.131512067	123.625	8.7375	160.5	96.75	-149.87438218373143	905	549	200	12	315	187	51	7	83	51	0	0	5.913396835327148	72480	7418.836210727692	68108	6.032008830022079	
-2912869.1731674843	122.275	9.1	172.9	104.025	-149.87438218373143	906	549	176	12	291	173	64	7	83	51	0	0	6.198767185211182	72560	7425.034977912903	68184	6.03087100330761	
-3287783.234626385	120.075	9.025316455696203	173.53164556962025	104.37974683544304	-149.87438218373143	907	550	186	12.0	347.0	206.0	54	7.0	83.0	51.0	0	0	6.363824844360352	72640	7431.398802757263	68259	6.031112334801762	
-3075282.5476279063	120.6	8.775	162.3	97.8125	-149.87438218373143	908	550	182	11	267	159	69	7	83	51	0	0	5.72770094871521	72720	7437.126503705978	68335	6.02997799779979	
-3812805.998919913	119.45	9.0	170.18987341772151	102.44303797468355	-149.87438218373143	909	551	184	15.0	347.0	206.0	56	7.0	83.0	51.0	0	0	6.018664360046387	72800	7443.145168066025	68410	6.030219780219781	
-2962833.554397611	120.55	9.025	171.5	103.225	-149.87438218373143	910	551	177	12	267	159	64	8	107	65	0	0	5.897938966751099	72880	7449.043107032776	68486	6.029088913282109	
-2587965.7342382544	124.175	9.10126582278481	174.74683544303798	105.10126582278481	-149.87438218373143	911	552	185	12.0	323.0	192.0	55	8.0	107.0	65.0	0	0	6.131622791290283	72960	7455.174729824066	68561	6.029331140350877	
-3662841.8703856533	118.9625	9.1	167.4	100.7625	-149.87438218373143	912	552	177	12	259	154	49	7	83	51	0	0	6.2449281215667725	73040	7461.419657945633	68637	6.028203723986863	
-2900320.7190834293	124.0625	9.05	169.8	102.175	-149.87438218373143	913	552	177	15	331	196	78	7	83	51	0	0	6.662636041641235	73120	7468.082293987274	68713	6.027078774617067	
-3125286.1087165982	120.1625	8.975	175.1	105.3125	-149.87438218373143	914	552	206	12	267	159	66	7	83	51	0	0	6.524627923965454	73200	7474.60692191124	68789	6.025956284152997	
-3187824.8325487124	118.65	8.9375	172.1	103.5625	-149.87438218373143	915	552	173	13	307	182	67	7	83	51	0	0	6.149893045425415	73280	7480.756814956665	68865	6.02483624454149	
-3225320.9293915257	120.7125	8.95	169.0	101.7375	-149.87438218373143	916	552	202	14	339	201	77	6	75	46	0	0	6.014965057373047	73360	7486.771780014038	68941	6.023718647764454	
-2812864.3176909126	117.4875	9.0125	175.2	105.3625	-149.87438218373143	917	552	174	14	339	201	66	7	83	51	0	0	6.366395950317383	73440	7493.1381759643555	69017	6.022603485838786	
-3162905.073241697	115.925	9.025	171.5	103.2125	-149.87438218373143	918	552	196	12	291	173	49	8	107	65	0	0	6.314429759979248	73520	7499.452605724335	69093	6.021490750816099	
-2725324.109615919	119.1875	8.962025316455696	167.9620253164557	101.11392405063292	-149.87438218373143	919	553	201	12.0	235.0	140.0	39	7.0	83.0	51.0	0	0	6.215180158615112	73600	7505.66778588295	69168	6.021739130434781	
-3237837.794375964	120.6125	9.0	169.9	102.2625	-149.87438218373143	920	553	183	15	331	196	78	7	83	51	0	0	6.324401140213013	73680	7511.992187023163	69244	6.020629750271439	
-2812816.8968497217	117.5625	9.0625	170.7	102.7625	-149.87438218373143	921	553	174	12	235	140	66	7	91	56	0	0	5.954126834869385	73760	7517.946313858032	69319	6.020878524945772	
-2700299.1561052506	118.7375	8.9875	170.1	102.425	-149.87438218373143	922	553	181	12	299	178	59	8	107	65	0	0	5.8880109786987305	73840	7523.834324836731	69395	6.019772481040093	
-3000392.094956684	120.275	8.9875	170.3	102.525	-149.87438218373143	923	553	173	12	291	173	67	7	83	51	0	0	6.046107292175293	73920	7529.880432128906	69471	6.018668831168824	
-4412826.31153458	120.0	8.949367088607595	165.63291139240508	99.73417721518987	-149.87438218373143	924	554	211	13.0	283.0	168.0	29	6.0	75.0	46.0	0	0	6.21203875541687	74000	7536.092470884323	69546	6.018918918918914	
-3625327.5246313466	120.9375	9.139240506329115	175.55696202531647	105.58227848101266	-149.87438218373143	925	555	171	14.0	291.0	173.0	69	8.0	107.0	65.0	0	0	6.216810941696167	74080	7542.309281826019	69621	6.019168466522672	
-3262777.359793859	121.625	9.2	174.7	105.05	-149.87438218373143	926	555	196	14	283	168	44	7	99	61	0	0	6.606166124343872	74160	7548.915447950363	69697	6.018069039913698	
-3375286.7082809345	120.625	9.0	168.46835443037975	101.43037974683544	-149.87438218373143	927	556	209	15.0	307.0	182.0	31	7.0	99.0	61.0	0	0	5.994630813598633	74240	7554.910078763962	69772	6.018318965517238	
-2450424.702729965	120.0	9.175	174.3	104.8375	-149.87438218373143	928	556	163	16	331	196	77	8	107	65	0	0	6.523654222488403	74320	7561.43373298645	69848	6.01722282023681	
-3600298.7919087918	120.0	9.2375	174.9	105.175	-149.87438218373143	929	556	196	18	379	224	44	7	83	51	0	0	6.2950029373168945	74400	7567.728735923767	69924	6.016129032258064	
-3450463.567382163	122.325	9.037974683544304	173.22784810126583	104.20253164556962	-149.87438218373143	930	557	195	12.0	291.0	173.0	45	7.0	83.0	51.0	0	0	6.317821979522705	74480	7574.04655790329	69999	6.016380236305054	
-3337843.0518502193	123.7875	9.0	169.0759493670886	101.78481012658227	-149.87438218373143	931	558	212	19.0	371.0	219.0	28	7.0	83.0	51.0	0	0	5.805274963378906	74560	7579.851832866669	70074	6.016630901287556	
-1987811.9211197668	123.2625	9.2625	175.9	105.8	-149.87438218373143	932	558	212	13	259	154	58	8	115	70	0	0	6.184142112731934	74640	7586.035974979401	70150	6.015541264737408	
-2900369.437842592	120.2875	9.2125	172.0	103.4625	-149.87438218373143	933	558	162	12	251	150	78	8	107	65	0	0	6.462058067321777	74720	7592.498033046722	70226	6.014453961456098	
-3312856.0477018026	119.875	9.0625	172.6	103.85	-149.87438218373143	934	558	168	12	275	164	72	7	83	51	0	0	6.241010904312134	74800	7598.739043951035	70302	6.013368983957221	
-3325284.6047825553	118.875	8.9875	165.5	99.675	-149.87438218373143	935	558	184	18	411	243	56	7	99	61	0	0	6.320717096328735	74880	7605.059761047363	70378	6.0122863247863165	
-3150297.3864783803	120.4375	9.0375	170.8	102.7625	-149.87438218373143	936	558	184	12	283	168	81	7	83	51	0	0	6.550770998001099	74960	7611.610532045364	70454	6.011205976520813	
-4037810.54246061	120.0	9.0375	171.4	103.125	-149.87438218373143	937	558	205	13	315	187	35	7	83	51	0	0	6.400115966796875	75040	7618.010648012161	70530	6.0101279317697305	
-2912795.900220337	118.6	9.139240506329115	173.22784810126583	104.20253164556962	-149.87438218373143	938	559	183	14.0	315.0	187.0	57	7.0	83.0	51.0	0	0	6.402682781219482	75120	7624.413330793381	70605	6.010383386581481	
-4287813.126002565	122.1875	9.253164556962025	174.44303797468353	104.87341772151899	-149.87438218373143	939	560	193	13.0	283.0	168.0	79	7.0	83.0	51.0	0	0	6.5850653648376465	75200	7630.998396158218	70680	6.010638297872333	
-3362756.852326165	122.6375	9.050632911392405	171.70886075949366	103.31645569620254	-149.87438218373143	940	561	191	13.0	267.0	159.0	49	7.0	83.0	51.0	0	0	6.0254127979278564	75280	7637.023808956146	70755	6.010892667375131	
-2875355.697348159	117.025	8.844155844155845	165.7012987012987	99.84415584415585	-149.87438218373143	941	564	241	11.0	243.0	145.0	14	6.0	75.0	46.0	0	0	5.31299090385437	75360	7642.336799860001	70827	6.015127388535035	
-3100338.4021697915	120.125	9.0875	173.8	104.5375	-149.87438218373143	942	564	198	13	259	154	33	7	83	51	0	0	6.329919099807739	75440	7648.666718959808	70903	6.014050901378582	
-3312804.9383956515	120.0	9.0875	175.1	105.325	-149.87438218373143	943	564	168	14	331	196	72	7	99	61	0	0	6.3440611362457275	75520	7655.010780096054	70979	6.0129766949152526	
-4125342.9472791716	120.0	9.113924050632912	173.63291139240508	104.43037974683544	-149.87438218373143	944	565	161	13.0	307.0	182.0	79	7.0	83.0	51.0	0	0	6.426541805267334	75600	7661.437321901321	71054	6.01322751322752	
-3412805.993507796	119.6625	9.08974358974359	175.92307692307693	105.7948717948718	-149.87438218373143	945	567	190	13.0	315.0	187.0	50	7.0	83.0	51.0	0	0	6.855874061584473	75680	7668.293195962906	71128	6.014799154334042	
-3225371.814592547	120.6375	9.050632911392405	173.0253164556962	104.0506329113924	-149.87438218373143	946	568	171	12.0	347.0	206.0	73	7.0	83.0	51.0	0	0	6.611566066741943	75760	7674.904762029648	71203	6.015047518479406	
-3650344.0342551745	120.2375	9.151898734177216	171.40506329113924	103.11392405063292	-149.87438218373143	947	569	193	13.0	291.0	173.0	78	7.0	83.0	51.0	0	0	6.213719844818115	75840	7681.118481874466	71278	6.01529535864978	
-2525366.3811497227	120.65	9.012820512820513	170.7948717948718	102.8076923076923	-149.87438218373143	948	571	232	13.0	275.0	164.0	8	7.0	83.0	51.0	0	0	5.831696033477783	75920	7686.950177907944	71352	6.016859852476287	
-3475337.3720675246	120.475	9.175	174.4	104.8875	-149.87438218373143	949	571	180	13	283	168	70	8	107	65	0	0	6.300175189971924	76000	7693.250353097916	71428	6.015789473684208	
-2937862.311765452	121.2	9.05	175.5	105.5625	-149.87438218373143	950	571	169	14	363	215	71	7	83	51	0	0	6.417364835739136	76080	7699.667717933655	71504	6.014721345951628	
-3062800.079483782	120.6125	8.85	165.8	99.85	-149.87438218373143	951	571	169	11	267	159	71	6	75	46	0	0	5.877612829208374	76160	7705.545330762863	71580	6.013655462184872	
-2162886.086456748	120.0	8.974683544303797	169.9873417721519	102.34177215189874	-149.87438218373143	952	572	209	12.0	275.0	164.0	31	8.0	107.0	65.0	0	0	5.677724123001099	76240	7711.223054885864	71655	6.013903462749212	
-3512859.6761635793	121.55	9.15	174.1	104.7125	-149.87438218373143	953	572	181	13	307	182	59	7	91	56	0	0	6.394470930099487	76320	7717.617525815964	71730	6.014150943396217	
-3262877.5571370814	119.7875	8.95	163.3	98.3875	-149.87438218373143	954	572	170	14	283	168	64	7	83	51	0	0	5.983561038970947	76400	7723.601086854935	71806	6.013089005235599	
-3412778.43043111	121.875	8.987341772151899	167.7594936708861	101.0	-149.87438218373143	955	573	198	14.0	315.0	187.0	42	7.0	91.0	56.0	0	0	6.031872034072876	76480	7729.632958889008	71881	6.01333682008368	
-2900246.525289097	119.4375	9.2625	175.8	105.7375	-149.87438218373143	956	573	160	14	291	173	80	8	115	70	0	0	6.058219909667969	76560	7735.6911787986755	71957	6.012277951933115	
-2975342.0240928205	119.7125	9.0125	169.1	101.8	-149.87438218373143	957	573	182	14	291	173	58	7	83	51	0	0	6.183121919631958	76640	7741.8743007183075	72033	6.011221294363253	
-2112801.6565146293	119.7	9.164556962025317	176.36708860759492	106.0379746835443	-149.87438218373143	958	574	201	14.0	387.0	229.0	39	8.0	107.0	65.0	0	0	6.396629095077515	76720	7748.270929813385	72108	6.011470281543268	
-3612827.4536146224	119.625	9.164556962025317	173.22784810126583	104.12658227848101	-149.87438218373143	959	575	183	14.0	331.0	196.0	57	7.0	91.0	56.0	0	0	6.6767401695251465	76800	7754.94766998291	72183	6.01171875	
-3625310.0436834795	120.1375	8.9375	164.1	98.8375	-149.87438218373143	960	575	183	14	291	173	44	6	75	46	0	0	5.94213080406189	76880	7760.889800786972	72259	6.0106659729448495	
-2400449.4831948676	120.45	8.975	169.0	101.75	-149.87438218373143	961	575	197	14	291	173	43	7	83	51	0	0	5.829830169677734	76960	7766.71963095665	72334	6.010914760914758	
-3562931.769965855	119.0375	8.9875	169.2	101.825	-149.87438218373143	962	575	167	12	291	173	43	7	83	51	0	0	6.2544567584991455	77040	7772.974087715149	72410	6.009865005192111	
-3775308.6135869347	119.7125	8.9375	164.9	99.2375	-149.87438218373143	963	575	177	13	291	173	67	7	91	56	0	0	6.611147165298462	77120	7779.585234880447	72486	6.0088174273858925	
-2500364.9640588174	121.1	8.924050632911392	166.34177215189874	100.15189873417721	-149.87438218373143	964	576	218	14.0	291.0	173.0	22	8.0	107.0	65.0	0	0	6.180514097213745	77200	7785.765748977661	72561	6.009067357512947	
-3637800.36076408	121.275	9.113924050632912	174.34177215189874	104.84810126582279	-149.87438218373143	965	577	180	14.0	339.0	201.0	47	8.0	107.0	65.0	0	0	6.4720070362091064	77280	7792.23775601387	72636	6.009316770186331	
-4162760.1627861126	123.5125	9.2875	181.0	108.7375	-149.87438218373143	966	577	206	16	387	229	34	7	83	51	0	0	7.098665952682495	77360	7799.336421966553	72712	6.008273009307132	
-3125321.2587796687	127.9	8.9875	165.5	99.65	-149.87438218373143	967	577	192	16	339	201	86	7	91	56	0	0	6.328567981719971	77440	7805.664989948273	72787	6.0085227272727195	
-3125336.8995090723	121.325	8.9625	168.2	101.2375	-149.87438218373143	968	577	199	12	291	173	64	8	107	65	0	0	6.3167760372161865	77520	7811.981765985489	72863	6.007481940144473	
-4137816.324485886	121.9	9.0375	167.6	100.825	-149.87438218373143	969	577	249	12	291	173	70	7	91	56	0	0	6.7045629024505615	77600	7818.686328887939	72939	6.006443298969074	
-3725487.9103101594	122.025	8.7625	159.6	96.175	-149.87438218373143	970	577	250	12	251	150	65	6	75	46	0	0	5.90280818939209	77680	7824.5891370773315	73015	6.005406797116379	
-2075329.9429061718	121.6	9.0875	174.1	104.6875	-149.87438218373143	971	577	206	14	283	168	28	7	83	51	0	0	6.501359939575195	77760	7831.090497016907	73090	6.0056584362139915	
-2525349.400270781	121.925	8.925	168.5	101.4125	-149.87438218373143	972	577	200	11	235	140	54	8	107	65	0	0	6.161348104476929	77840	7837.251845121384	73166	6.004624871531348	
-3325280.894164961	122.625	8.936708860759493	167.45569620253164	100.81012658227849	-149.87438218373143	973	578	187	12.0	267.0	159.0	53	7.0	91.0	56.0	0	0	6.175786972045898	77920	7843.42763209343	73241	6.004876796714569	
-3300295.8730097637	123.775	9.0375	173.3	104.275	-149.87438218373143	974	578	206	12	267	159	35	7	83	51	0	0	6.219121932983398	78000	7849.646754026413	73317	6.003846153846155	
-2187921.2370465556	121.725	9.128205128205128	171.71794871794873	103.32051282051282	-149.87438218373143	975	580	170	16.0	339.0	201.0	70	7.0	83.0	51.0	0	0	5.727427959442139	78080	7855.374181985855	73390	6.00665983606558	
-3150304.832884453	122.0	8.9875	168.0	101.15	-149.87438218373143	976	580	170	14	387	229	71	7	99	61	0	0	5.829986810684204	78160	7861.204168796539	73465	6.006908904810643	
-3775318.0913566886	120.0	8.962025316455696	169.1772151898734	101.84810126582279	-149.87438218373143	977	581	170	11.0	323.0	192.0	70	8.0	107.0	65.0	0	0	6.154026031494141	78240	7867.358194828033	73540	6.007157464212682	
-3362807.9460521727	120.925	9.075	172.5	103.7875	-149.87438218373143	978	581	169	13	283	168	77	7	99	61	0	0	6.712714910507202	78320	7874.070909738541	73616	6.00612870275792	
-3400392.6068984084	120.0	9.175	176.7	106.2	-149.87438218373143	979	581	141	14	283	168	99	8	107	65	0	0	6.8287622928619385	78400	7880.899672031403	73692	6.005102040816325	
-3712909.1889444427	121.275	8.8625	160.8	96.9125	-149.87438218373143	980	581	205	12	235	140	35	7	83	51	0	0	6.143300771713257	78480	7887.042972803116	73768	6.004077471967378	
-2962961.114295949	121.0625	9.05	173.5	104.3625	-149.87438218373143	981	581	206	12	331	196	34	8	107	65	0	0	6.572745323181152	78560	7893.615718126297	73843	6.00432790224032	
-3375274.0775119206	121.0625	9.113924050632912	174.44303797468353	104.89873417721519	-149.87438218373143	982	582	205	13.0	291.0	173.0	72	7.0	83.0	51.0	0	0	6.317737817764282	78640	7899.933455944061	73918	6.004577822990839	
-3375300.6208138005	126.1375	9.354430379746836	182.34177215189874	109.53164556962025	-149.87438218373143	983	583	208	16.0	363.0	215.0	62	7.0	107.0	65.0	0	0	6.779905796051025	78720	7906.713361740112	73993	6.004827235772353	
-3025382.256320865	123.5625	9.2	174.5	104.95	-149.87438218373143	984	583	165	15	331	196	82	7	83	51	0	0	6.4664692878723145	78800	7913.179831027985	74069	6.003807106598984	
-2912763.349200914	124.3125	8.9625	169.0	101.7375	-149.87438218373143	985	583	188	12	283	168	52	7	83	51	0	0	5.884176731109619	78880	7919.064007759094	74144	6.004056795131845	
-3312856.6016538157	120.2625	9.2125	176.9	106.35	-149.87438218373143	986	583	174	13	259	154	74	8	115	70	0	0	6.349923133850098	78960	7925.413930892944	74220	6.003039513677805	
-2900332.421103816	119.875	8.975	171.0	102.9125	-149.87438218373143	987	583	175	13	331	196	65	7	83	51	0	0	6.081620931625366	79040	7931.49555182457	74296	6.002024291497975	
-2962867.01611589	123.825	8.9125	167.6	100.8875	-149.87438218373143	988	583	221	15	315	187	70	6	75	46	0	0	6.085007190704346	79120	7937.580559015274	74372	6.001011122345801	
-2425395.20339772	124.9125	9.45	181.6	109.075	-149.87438218373143	989	583	205	15	363	215	35	7	83	51	0	0	6.796324729919434	79200	7944.3768837451935	74448	6.0	
-3237766.341324558	127.4	9.30379746835443	187.0	112.24050632911393	-149.87438218373143	990	584	254	13.0	291.0	173.0	71	7.0	83.0	51.0	0	0	7.038055181503296	79280	7951.414938926697	74522	6.001513622603426	
-3275297.450631763	123.05	8.974683544303797	170.18987341772151	102.45569620253164	-149.87438218373143	991	585	205	12.0	243.0	145.0	35	7.0	83.0	51.0	0	0	5.839191198348999	79360	7957.254130125046	74597	6.001764112903231	
-3300334.761509416	125.8	9.139240506329115	174.74683544303798	105.07594936708861	-149.87438218373143	992	586	284	14.0	363.0	215.0	40	8.0	107.0	65.0	0	0	6.386451959609985	79440	7963.640582084656	74672	6.002014098690836	
-2925341.8149423897	122.9625	9.0875	172.9	104.0	-149.87438218373143	993	586	217	14	363	215	69	8	107	65	0	0	6.412155866622925	79520	7970.052737951279	74747	6.002263581488933	
-2375375.4939556806	116.3625	9.265822784810126	180.1139240506329	108.20253164556962	-149.87438218373143	994	587	169	13.0	339.0	201.0	71	8.0	107.0	65.0	0	0	6.583540916442871	79600	7976.636278867722	74821	6.003768844221099	
-2425380.2478834344	119.85	9.0625	174.4	104.8875	-149.87438218373143	995	587	169	12	275	164	73	7	83	51	0	0	6.153295278549194	79680	7982.789574146271	74896	6.00401606425703	
-2550355.2683510287	120.5	9.282051282051283	183.2051282051282	110.02564102564102	-149.87438218373143	996	589	218	13.0	315.0	187.0	42	8.0	107.0	65.0	0	0	6.364530801773071	79760	7989.154104948044	74970	6.005516549648945	
-2950242.886558817	121.45	9.25	177.1	106.4625	-149.87438218373143	997	589	205	14	315	187	35	7	83	51	0	0	5.957378149032593	79840	7995.111483097076	75045	6.00576152304609	
-2287817.171572144	123.375	9.1125	171.2	103.0125	-149.87438218373143	998	589	205	12	235	140	48	7	83	51	0	0	5.824292898178101	79920	8000.9357759952545	75121	6.004754754754757	
-2562831.6430628365	122.4	9.175	173.0	104.0875	-149.87438218373143	999	589	192	13	363	215	78	7	91	56	0	0	5.989944934844971	80000	8006.9257209300995	75197	6.003749999999997	
-3275322.659139695	120.0	9.1125	171.5	103.1875	-149.87438218373143	1000	589	181	13	259	154	59	8	107	65	0	0	6.029822111129761	80080	8012.955543041229	75273	6.002747252747255	
-3025366.497530482	122.2125	8.9875	168.5	101.4375	-149.87438218373143	1001	589	189	14	283	168	51	7	99	61	0	0	5.874368906021118	80160	8018.82991194725	75348	6.0029940119760425	
-4037819.277608156	122.475	9.075	172.1	103.55	-149.87438218373143	1002	589	189	13	315	187	59	7	83	51	0	0	6.107685804367065	80240	8024.937597751617	75424	6.00199401794616	
-3575352.551959044	126.6	9.0	169.25641025641025	101.82051282051282	-149.87438218373143	1003	591	229	12.0	331.0	196.0	13	7.0	83.0	51.0	0	0	6.711523056030273	80320	8031.649120807648	75498	6.003486055776904	
-3262799.7497514696	124.8	9.075949367088608	175.7594936708861	105.64556962025317	-149.87438218373143	1004	592	233	13.0	339.0	201.0	13	7.0	83.0	51.0	0	0	7.134734153747559	80400	8038.783854961395	75572	6.004975124378106	
-3287820.8260889673	122.3625	9.050632911392405	171.60759493670886	103.21518987341773	-149.87438218373143	1005	593	212	12.0	363.0	215.0	48	6.0	75.0	46.0	0	0	6.703082084655762	80480	8045.486937046051	75646	6.00646123260438	
-3575332.136903872	121.0375	9.1875	175.2	105.3375	-149.87438218373143	1006	593	189	12	299	178	47	8	107	65	0	0	6.652813911437988	80560	8052.139750957489	75722	6.005461767626613	
-3100387.528759991	119.7625	9.240506329113924	180.62025316455697	108.49367088607595	-149.87438218373143	1007	594	189	13.0	291.0	173.0	44	7.0	83.0	51.0	0	0	6.87443995475769	80640	8059.014190912247	75797	6.005704365079367	
-2575354.0242430046	117.8375	8.91139240506329	171.60759493670886	103.26582278481013	-149.87438218373143	1008	595	191	11.0	227.0	136.0	49	8.0	107.0	65.0	0	0	6.336791038513184	80720	8065.35098195076	75872	6.0059464816650205	
-2737851.0368485954	117.9375	9.038461538461538	175.51282051282053	105.53846153846153	-149.87438218373143	1009	597	213	13.0	259.0	154.0	27	7.0	83.0	51.0	0	0	6.146808862686157	80800	8071.497790813446	75946	6.007425742574256	
-3837846.560259129	118.325	9.316455696202532	179.0	107.55696202531645	-149.87438218373143	1010	598	176	14.0	283.0	168.0	53	6.0	75.0	46.0	0	0	6.745633125305176	80880	8078.243423938751	76021	6.007665677546981	
-2787916.008087437	117.2	9.20253164556962	172.62025316455697	103.79746835443038	-149.87438218373143	1011	599	167	14.0	355.0	210.0	64	8.0	107.0	65.0	0	0	6.694360971450806	80960	8084.937784910202	76095	6.0091403162055315	
-3062819.119065772	118.825	9.0875	170.0	102.2625	-149.87438218373143	1012	599	179	14	355	210	61	7	83	51	0	0	6.751324892044067	81040	8091.689109802246	76171	6.008144126357351	
-2937852.2747563906	123.8375	9.215189873417721	176.0632911392405	105.82278481012658	-149.87438218373143	1013	600	201	15.0	355.0	210.0	43	8.0	107.0	65.0	0	0	6.717361927032471	81120	8098.406471729279	76245	6.009615384615387	
-2300387.7458165935	124.05	9.294871794871796	176.12820512820514	105.87179487179488	-149.87438218373143	1014	602	184	15.0	307.0	182.0	69	8.0	107.0	65.0	0	0	6.1826112270355225	81200	8104.589082956314	76319	6.011083743842363	
-3400298.136750851	121.1625	9.1875	174.3	104.8125	-149.87438218373143	1015	602	189	13	283	168	51	8	107	65	0	0	6.810786962509155	81280	8111.399869918823	76395	6.01008858267717	
-2587824.5627102167	120.55	9.291139240506329	176.16455696202533	105.9113924050633	-149.87438218373143	1016	603	180	14.0	291.0	173.0	60	8.0	107.0	65.0	0	0	6.5797200202941895	81360	8117.979589939117	76469	6.011553588987212	
-3587875.373775297	120.95	9.354430379746836	180.21518987341773	108.26582278481013	-149.87438218373143	1017	604	212	14.0	387.0	229.0	45	7.0	91.0	56.0	0	0	7.059939861297607	81440	8125.039529800415	76544	6.011787819253428	
-3537863.182503858	118.9	9.227848101265822	174.2405063291139	104.73417721518987	-149.87438218373143	1018	605	229	14.0	379.0	224.0	9	7.0	83.0	51.0	0	0	6.752732276916504	81520	8131.7922620773315	76619	6.0120215897939175	
-3612830.443483238	119.5125	8.9375	165.6	99.7125	-149.87438218373143	1019	605	214	13	291	173	52	7	83	51	0	0	6.2107977867126465	81600	8138.003059864044	76695	6.011029411764696	
-3462849.5880523333	119.85	9.1375	173.8	104.5625	-149.87438218373143	1020	605	165	15	315	187	69	7	91	56	0	0	6.033586263656616	81680	8144.036646127701	76771	6.010039177277179	
-2987800.8778901794	120.325	9.189873417721518	172.62025316455697	103.84810126582279	-149.87438218373143	1021	606	170	14.0	259.0	154.0	70	7.0	83.0	51.0	0	0	5.864714860916138	81760	8149.901360988617	76846	6.0102739726027465	
-3625407.4929287746	120.675	8.9625	169.0	101.7125	-149.87438218373143	1022	606	196	16	339	201	92	6	75	46	0	0	5.977128028869629	81840	8155.878489017487	76922	6.0092864125122105	
-2537845.203907173	119.8125	9.0875	176.4	106.0625	-149.87438218373143	1023	606	189	16	339	201	51	7	99	61	0	0	6.331841945648193	81920	8162.210330963135	76998	6.00830078125	
-3012817.2119140862	121.3625	9.0375	174.9	105.175	-149.87438218373143	1024	606	189	15	459	271	51	7	83	51	0	0	6.262710809707642	82000	8168.473041772842	77074	6.007317073170739	
-3512782.514995058	120.9125	9.1125	173.5	104.3375	-149.87438218373143	1025	606	165	14	307	182	82	7	83	51	0	0	6.304221153259277	82080	8174.777262926102	77150	6.006335282651079	
-3162777.9024807983	124.5	9.102564102564102	175.30769230769232	105.38461538461539	-149.87438218373143	1026	608	184	12.0	291.0	173.0	56	8.0	107.0	65.0	0	0	6.372416973114014	82160	8181.149679899216	77223	6.009006815968846	
-2625366.651673237	122.8125	9.265822784810126	178.79746835443038	107.40506329113924	-149.87438218373143	1027	609	215	15.0	363.0	215.0	70	8.0	107.0	65.0	0	0	6.93436598777771	82240	8188.084045886993	77297	6.010457198443575	
-3137789.8375296467	124.0125	9.45	182.3	109.475	-149.87438218373143	1028	609	215	15	331	196	100	8	107	65	0	0	6.839514970779419	82320	8194.923560857773	77373	6.009475218658892	
-2500371.7349513145	121.3875	9.10126582278481	176.36708860759492	106.0506329113924	-149.87438218373143	1029	610	170	14.0	291.0	173.0	80	7.0	91.0	56.0	0	0	6.207172155380249	82400	8201.130733013153	77447	6.010922330097088	
-2550399.6214714022	119.7375	8.9625	174.0	104.675	-149.87438218373143	1030	610	177	13	315	187	63	7	83	51	0	0	6.213359832763672	82480	8207.344092845917	77523	6.009941804073719	
-3112770.9977624076	119.525	8.95	173.8	104.55	-149.87438218373143	1031	610	162	12	291	173	69	6	75	46	0	0	6.174397230148315	82560	8213.518490076065	77599	6.0089631782945645	
-3487866.429227248	122.875	9.253164556962025	181.126582278481	108.79746835443038	-149.87438218373143	1032	611	200	13.0	355.0	210.0	40	7.0	83.0	51.0	0	0	6.698129892349243	82640	8220.216619968414	77674	6.009196515004845	
-3300459.273852235	119.725	9.125	172.7	103.8625	-149.87438218373143	1033	611	185	12	315	187	55	8	107	65	0	0	6.523144960403442	82720	8226.739764928818	77750	6.008220502901352	
-3087846.2279836787	123.0625	9.175	175.4	105.4625	-149.87438218373143	1034	611	202	12	267	159	38	7	99	61	0	0	6.862553119659424	82800	8233.602318048477	77826	6.007246376811594	
-3150278.1111899307	120.9	8.9125	164.4	98.975	-149.87438218373143	1035	611	202	13	283	168	57	7	83	51	0	0	6.4713850021362305	82880	8240.073703050613	77902	6.0062741312741394	
-3637914.976516557	120.775	9.0	165.4	99.575	-149.87438218373143	1036	611	145	12	259	154	95	7	83	51	0	0	6.559351921081543	82960	8246.633054971695	77978	6.005303760848605	
-3075379.720496952	120.95	9.0125	170.2	102.4375	-149.87438218373143	1037	611	215	13	267	159	35	7	99	61	0	0	6.591626882553101	83040	8253.224681854248	78054	6.00433526011561	
-3087947.8861097842	121.4875	9.1625	176.1	105.875	-149.87438218373143	1038	611	215	12	259	154	73	8	107	65	0	0	6.561421155929565	83120	8259.786103010178	78130	6.003368623676607	
-2512931.500347495	124.8625	9.025974025974026	171.0	102.87012987012987	-149.87438218373143	1039	614	238	11.0	291.0	173.0	30	7.0	83.0	51.0	0	0	6.2081499099731445	83200	8265.99425292015	78203	6.006009615384613	
-3612904.875998835	118.4625	8.987341772151899	168.56962025316454	101.50632911392405	-149.87438218373143	1040	615	185	13.0	267.0	159.0	55	8.0	107.0	65.0	0	0	5.718247890472412	83280	8271.712500810623	78277	6.007444764649378	
-3212754.0661285277	118.6625	9.075949367088608	173.53164556962025	104.37974683544304	-149.87438218373143	1041	616	190	14.0	291.0	173.0	50	7.0	83.0	51.0	0	0	5.9053099155426025	83360	8277.617810726166	78352	6.00767754318619	
-3050365.7201681146	120.0	9.153846153846153	186.3846153846154	111.88461538461539	-149.87438218373143	1042	618	201	14.0	323.0	192.0	39	7.0	83.0	51.0	0	0	7.018264055252075	83440	8284.636074781418	78426	6.009108341323113	
-2787891.7939381874	120.7125	8.91025641025641	167.92307692307693	101.05128205128206	-149.87438218373143	1043	620	201	12.0	267.0	159.0	40	6.0	75.0	46.0	0	0	6.038255214691162	83520	8290.674329996109	78500	6.010536398467437	
-2200410.3927687863	120.375	9.0625	172.4	103.7375	-149.87438218373143	1044	620	174	14	315	187	66	8	107	65	0	0	6.586428880691528	83600	8297.2607588768	78576	6.009569377990431	
-2837805.822750221	122.7	9.0375	170.8	102.8125	-149.87438218373143	1045	620	179	11	235	140	61	7	83	51	0	0	6.108646869659424	83680	8303.36940574646	78652	6.008604206500962	
-3537810.7140423404	119.75	9.175	173.7	104.5	-149.87438218373143	1046	620	154	13	283	168	85	7	99	61	0	0	6.116250276565552	83760	8309.485656023026	78728	6.007640878701054	
-2925446.374502068	119.55	8.9375	165.6	99.7875	-149.87438218373143	1047	620	202	12	235	140	38	7	107	66	0	0	5.60040807723999	83840	8315.086064100266	78804	6.006679389312978	
-3012843.0818064553	119.7375	9.05	171.6	103.2375	-149.87438218373143	1048	620	162	12	315	187	78	6	75	46	0	0	6.3722639083862305	83920	8321.458328008652	78880	6.005719733079118	
-2812847.219020842	119.55	9.1	170.7	102.725	-149.87438218373143	1049	620	178	13	283	168	62	8	107	65	0	0	5.887577056884766	84000	8327.345905065536	78955	6.00595238095238	
-2637892.8401065944	120.125	9.075	173.4	104.35	-149.87438218373143	1050	620	163	12	235	140	97	7	107	66	0	0	5.770871877670288	84080	8333.116776943207	79031	6.004995242626066	
-2237814.895809858	119.3875	9.0625	174.5	104.975	-149.87438218373143	1051	620	202	14	363	215	50	7	99	61	0	0	5.982609987258911	84160	8339.099386930466	79106	6.005228136882138	
-2637782.227697287	119.0	9.076923076923077	175.82051282051282	105.73076923076923	-149.87438218373143	1052	622	207	12.0	291.0	173.0	33	8.0	107.0	65.0	0	0	5.76199197769165	84240	8344.861378908157	79180	6.006647673314333	
-3000291.0236825882	120.7	9.1375	177.2	106.5	-149.87438218373143	1053	622	170	12	267	159	71	8	107	65	0	0	6.217164993286133	84320	8351.078543901443	79256	6.005692599620488	
-2725357.233219298	120.15	9.025	172.4	103.7	-149.87438218373143	1054	622	196	12	235	140	44	7	91	56	0	0	6.310272216796875	84400	8357.38881611824	79332	6.004739336492889	
-3112993.9733894398	117.725	9.0125	169.1	101.75	-149.87438218373143	1055	622	181	12	291	173	60	7	83	51	0	0	6.387664794921875	84480	8363.776480913162	79408	6.003787878787875	
-2762923.424811418	118.075	9.0875	174.8	105.1375	-149.87438218373143	1056	622	163	12	283	168	77	7	99	61	0	0	6.278433084487915	84560	8370.05491399765	79484	6.002838221381268	
-2912853.6247259933	120.9	8.95	168.6	101.45	-149.87438218373143	1057	622	182	13	283	168	45	7	83	51	0	0	6.448308944702148	84640	8376.503222942352	79560	6.001890359168243	
-2862921.4814566844	122.125	9.012658227848101	170.59493670886076	102.67088607594937	-149.87438218373143	1058	623	191	12.0	243.0	145.0	49	7.0	83.0	51.0	0	0	5.721912145614624	84720	8382.225135087967	79635	6.002124645892351	
-3487793.5911243046	121.4125	9.126582278481013	171.30379746835442	103.0632911392405	-149.87438218373143	1059	624	193	12.0	243.0	145.0	47	7.0	83.0	51.0	0	0	6.117358684539795	84800	8388.342493772507	79710	6.0023584905660385	
-3037912.770859744	120.2625	9.113924050632912	172.31645569620252	103.68354430379746	-149.87438218373143	1060	625	171	12.0	275.0	164.0	69	8.0	107.0	65.0	0	0	5.851372003555298	84880	8394.193865776062	79784	6.003770028275213	
-1862802.695744417	119.7625	9.0125	169.8	102.25	-149.87438218373143	1061	625	193	12	259	154	47	7	91	56	0	0	5.823115110397339	84960	8400.01698088646	79860	6.002824858757066	
-3362814.005392573	119.525	8.949367088607595	166.54430379746836	100.26582278481013	-149.87438218373143	1062	626	194	11.0	235.0	140.0	46	6.0	75.0	46.0	0	0	5.969978094100952	85040	8405.98695898056	79935	6.003057384760112	
-3212856.4227353027	120.5875	9.15	177.1	106.45	-149.87438218373143	1063	626	188	13	283	168	52	7	91	56	0	0	6.955363035202026	85120	8412.942322015762	80011	6.002114661654133	
-3300266.5386194037	121.55	9.05	169.1	101.7625	-149.87438218373143	1064	626	202	13	235	140	38	7	91	56	0	0	6.512253999710083	85200	8419.454576015472	80087	6.0011737089201915	
-3387755.5983486595	121.0	9.075	168.2	101.25	-149.87438218373143	1065	626	188	12	259	154	106	7	83	51	0	0	6.2791078090667725	85280	8425.73368382454	80163	6.00023452157599	
-4325211.332177683	120.0	9.1375	171.7	103.2875	-149.87438218373143	1066	626	178	13	291	173	62	8	107	65	0	0	6.311130046844482	85360	8432.044813871384	80239	5.999297094657919	
-3637803.330525387	120.5	9.1875	176.3	105.975	-149.87438218373143	1067	626	170	16	331	196	70	7	83	51	0	0	6.679018020629883	85440	8438.723831892014	80315	5.99836142322097	
-3000280.582750697	122.375	8.95	166.2	100.075	-149.87438218373143	1068	626	177	12	243	145	69	7	91	56	0	0	6.087360143661499	85520	8444.811192035675	80391	5.997427502338638	
-3412871.348880383	122.4125	9.0375	170.5	102.6125	-149.87438218373143	1069	626	171	13	283	168	82	7	99	61	0	0	6.341317892074585	85600	8451.15250992775	80467	5.9964953271028065	
-3225307.144824506	121.2625	9.1875	172.5	103.725	-149.87438218373143	1070	626	176	14	307	182	64	7	83	51	0	0	6.639141082763672	85680	8457.791651010513	80543	5.995564892623719	
-2487813.7483170712	119.7125	9.025641025641026	169.25641025641025	101.8974358974359	-149.87438218373143	1071	628	189	12.0	235.0	140.0	29	7.0	83.0	51.0	0	0	5.625723838806152	85760	8463.41737484932	80617	5.996968283582092	
-3525321.9836574597	120.0	9.0375	170.5	102.5875	-149.87438218373143	1072	628	185	12	267	159	55	7	83	51	0	0	6.249665975570679	85840	8469.66704082489	80693	5.996039142590874	
-3500319.885808997	120.7	9.0	169.3	101.8875	-149.87438218373143	1073	628	168	12	283	168	72	7	83	51	0	0	6.27370810508728	85920	8475.940748929977	80768	5.9962756052141515	
-3175355.9615596225	120.8625	8.9375	167.6	100.8875	-149.87438218373143	1074	628	166	13	307	182	74	8	107	65	0	0	5.905894994735718	86000	8481.846643924713	80843	5.996511627906969	
-3325382.3172892267	120.075	9.2625	178.0	106.9875	-149.87438218373143	1075	628	178	14	331	196	62	8	107	65	0	0	6.3459999561309814	86080	8488.192643880844	80919	5.995585501858741	
-3312776.6685790354	120.0	9.012820512820513	168.23076923076923	101.28205128205128	-149.87438218373143	1076	630	214	12.0	291.0	173.0	26	7.0	83.0	51.0	0	0	5.645769119262695	86160	8493.838413000107	80993	5.996982358402974	
-3012827.8346356023	120.0	9.0	169.7	102.1375	-149.87438218373143	1077	630	172	14	291	173	68	7	83	51	0	0	5.965149879455566	86240	8499.803562879562	81069	5.99605751391465	
-3087815.6936088763	116.6125	8.9125	163.9	98.75	-149.87438218373143	1078	630	164	12	235	140	36	7	91	56	0	0	5.845067024230957	86320	8505.648629903793	81145	5.995134383688608	
-2737763.800397699	118.7875	9.076923076923077	173.15384615384616	104.16666666666667	-149.87438218373143	1079	632	184	12.0	267.0	159.0	53	8.0	107.0	65.0	0	0	5.828689813613892	86400	8511.477319717407	81219	5.996527777777786	
-2850353.226066868	119.9625	9.063291139240507	172.21518987341773	103.60759493670886	-149.87438218373143	1080	633	228	13.0	291.0	173.0	66	7.0	83.0	51.0	0	0	6.032436370849609	86480	8517.509756088257	81294	5.99676225716928	
-3725313.8053742573	121.1125	8.935064935064934	164.03896103896105	98.76623376623377	-149.87438218373143	1081	636	187	14.0	283.0	168.0	53	7.0	83.0	51.0	0	0	5.926095724105835	86560	8523.435851812363	81366	6.000462107208875	
-3100425.04332229	119.525	9.1125	170.8	102.7625	-149.87438218373143	1082	636	188	15	363	215	52	8	107	65	0	0	6.104570150375366	86640	8529.540421962738	81442	5.999538319482923	
-3300396.8016838348	119.25	9.125	174.1	104.725	-149.87438218373143	1083	636	189	12	243	145	51	7	83	51	0	0	6.026729106903076	86720	8535.567151069641	81517	5.999769372693734	
-4062801.081657852	119.175	9.177215189873417	175.0506329113924	105.24050632911393	-149.87438218373143	1084	637	183	12.0	291.0	173.0	36	7.0	83.0	51.0	0	0	6.478072643280029	86800	8542.045223712921	81592	6.0	
-3075279.597973029	117.1375	8.987179487179487	164.33333333333334	98.98717948717949	-149.87438218373143	1085	639	168	16.0	299.0	177.0	36	7.0	83.0	51.0	0	0	5.534449338912964	86880	8547.579673051834	81666	6.001381215469621	
-3012831.6209937944	117.3875	9.0	167.7594936708861	100.9873417721519	-149.87438218373143	1086	640	206	14.0	291.0	173.0	29	7.0	83.0	51.0	0	0	6.2288267612457275	86960	8553.80849981308	81741	6.001609935602588	
-3437902.8939233706	120.35	9.179487179487179	175.82051282051282	105.6923076923077	-149.87438218373143	1087	642	245	15.0	339.0	201.0	34	8.0	107.0	65.0	0	0	6.218344211578369	87040	8560.026844024658	81814	6.004136029411768	
-3012858.5750117125	122.5125	8.8875	166.1	100.025	-149.87438218373143	1088	642	226	13	283	168	54	7	83	51	0	0	6.0264410972595215	87120	8566.053285121918	81889	6.004361799816351	
-2725316.962074547	122.9625	8.9625	169.9	102.2625	-149.87438218373143	1089	642	191	12	331	196	51	7	83	51	0	0	6.075770854949951	87200	8572.129055976868	81965	6.003440366972484	
-3187871.2262120657	120.0	8.860759493670885	168.26582278481013	101.31645569620254	-149.87438218373143	1090	643	175	12.0	235.0	140.0	65	8.0	107.0	65.0	0	0	5.758088827133179	87280	8577.887144804	82040	6.003666361136567	
-2262864.6127772285	121.65	8.925	170.8	102.775	-149.87438218373143	1091	643	170	11	243	145	73	7	91	56	0	0	6.284501075744629	87360	8584.171645879745	82116	6.002747252747255	
-4150259.625457102	120.0	9.050632911392405	174.54430379746836	104.9493670886076	-149.87438218373143	1092	644	213	12.0	283.0	168.0	27	7.0	91.0	56.0	0	0	6.562279224395752	87440	8590.733925104141	82191	6.00297346752059	
-3062914.915774648	117.6	8.949367088607595	171.81012658227849	103.37974683544304	-149.87438218373143	1093	645	213	12.0	243.0	145.0	27	7.0	83.0	51.0	0	0	6.2934558391571045	87520	8597.027380943298	82266	6.003199268738584	
-2962830.2873807233	121.05	9.126582278481013	175.7594936708861	105.69620253164557	-149.87438218373143	1094	646	188	12.0	267.0	159.0	68	7.0	83.0	51.0	0	0	6.2745630741119385	87600	8603.30194401741	82341	6.003424657534254	
-2825387.0053566396	119.0375	8.91139240506329	163.50632911392404	98.46835443037975	-149.87438218373143	1095	647	208	12.0	235.0	140.0	36	6.0	75.0	46.0	0	0	6.014564752578735	87680	8609.316508769989	82416	6.003649635036496	
-3325424.035122921	119.3875	8.822784810126583	162.8987341772152	98.12658227848101	-149.87438218373143	1096	648	195	12.0	323.0	192.0	45	6.0	75.0	46.0	0	0	5.7759270668029785	87760	8615.092435836792	82491	6.003874202370099	
-2625297.0559019158	120.325	8.8875	167.9	101.1	-149.87438218373143	1097	648	195	11	235	140	92	7	83	51	0	0	5.82860803604126	87840	8620.921043872833	82567	6.002959927140253	
-3087786.1701520644	118.65	9.2375	179.0	107.5875	-149.87438218373143	1098	648	173	14	315	187	67	7	83	51	0	0	6.658903121948242	87920	8627.579946994781	82642	6.003184713375802	
-3600294.131184523	121.4	9.1	172.7	103.8875	-149.87438218373143	1099	648	184	12	243	145	94	7	83	51	0	0	6.259129047393799	88000	8633.839076042175	82717	6.003409090909102	
-3325310.1029673675	120.1375	9.0125	170.0	102.3	-149.87438218373143	1100	648	169	11	235	140	71	7	83	51	0	0	6.31591796875	88080	8640.154994010925	82792	6.0036330608537725	
-2175370.8457546644	119.875	9.125	175.0	105.275	-149.87438218373143	1101	648	158	12	251	150	82	7	83	51	0	0	5.929681062698364	88160	8646.084675073624	82868	6.002722323048999	
-3175307.328461643	120.0	9.15	174.3	104.825	-149.87438218373143	1102	648	161	15	331	196	79	7	83	51	0	0	6.254185914993286	88240	8652.338860988617	82943	6.002946509519489	
-4112899.9225711254	120.0	9.125	174.0	104.625	-149.87438218373143	1103	648	147	16	331	196	93	8	107	65	0	0	6.490539073944092	88320	8658.829400062561	83019	6.002038043478265	
-4225303.774718373	120.0	9.113924050632912	167.86075949367088	101.0253164556962	-149.87438218373143	1104	649	183	16.0	331.0	196.0	57	7.0	91.0	56.0	0	0	6.112781047821045	88400	8664.942181110382	83094	6.002262443438909	
-3262803.5323778493	120.625	9.1	171.3	103.05	-149.87438218373143	1105	649	198	16	331	196	42	6	75	46	0	0	6.373374938964844	88480	8671.315556049347	83170	6.001356238698008	
-2250399.7365123415	119.625	9.075	173.4	104.3	-149.87438218373143	1106	649	193	13	307	182	47	7	83	51	0	0	6.339528799057007	88560	8677.655084848404	83246	6.000451671183384	
-3437861.888149692	119.8125	9.2	177.7	106.8	-149.87438218373143	1107	649	171	13	331	196	69	6	75	46	0	0	6.570183038711548	88640	8684.225267887115	83322	5.9995487364620885	
-3587881.8895333214	123.2875	9.075	173.3	104.25	-149.87438218373143	1108	649	172	13	339	201	53	7	83	51	0	0	6.364637851715088	88720	8690.58990573883	83398	5.998647430117217	
-3762855.087323554	127.3	9.0125	169.0	101.7	-149.87438218373143	1109	649	169	12	243	145	76	7	83	51	0	0	6.07715916633606	88800	8696.667064905167	83474	5.997747747747752	
-3775269.0003534616	123.575	9.2	178.0	106.9625	-149.87438218373143	1110	649	188	13	307	182	77	7	91	56	0	0	6.631587028503418	88880	8703.29865193367	83550	5.996849684968495	
-3362790.7403692803	120.95	9.012658227848101	175.0506329113924	105.26582278481013	-149.87438218373143	1111	650	181	12.0	243.0	145.0	59	8.0	107.0	65.0	0	0	6.133007049560547	88960	8709.43165898323	83625	5.9970773381295	
-3075380.569009068	120.525	9.0125	170.5	102.6	-149.87438218373143	1112	650	199	12	315	187	41	7	83	51	0	0	6.10465407371521	89040	8715.536313056946	83701	5.996181491464512	
-3237799.4475209625	119.4	9.225	177.8	106.8625	-149.87438218373143	1113	650	202	14	339	201	38	7	99	61	0	0	6.647822856903076	89120	8722.184135913849	83777	5.995287253141839	
-3662813.2499200003	120.0375	9.126582278481013	173.0253164556962	104.0632911392405	-149.87438218373143	1114	651	243	15.0	363.0	215.0	38	7.0	91.0	56.0	0	0	6.242361068725586	89200	8728.426496982574	83852	5.995515695067269	
-3775310.427886902	119.3625	9.2125	176.1	105.9	-149.87438218373143	1115	651	161	14	299	178	69	6	75	46	0	0	6.084222793579102	89280	8734.510719776154	83928	5.994623655913983	
-3187752.4352910076	121.125	8.9	167.4	100.7875	-149.87438218373143	1116	651	190	11	283	168	50	7	83	51	0	0	5.933003187179565	89360	8740.443722963333	84003	5.994852282900638	
-2612867.507673396	126.7375	9.125	173.4	104.3125	-149.87438218373143	1117	651	190	15	299	178	84	8	115	70	0	0	6.102703094482422	89440	8746.546426057816	84079	5.993962432915922	
-2837921.6490119016	120.0125	9.0625	171.0	102.9	-149.87438218373143	1118	651	195	12	267	159	45	7	83	51	0	0	6.137297868728638	89520	8752.683723926544	84154	5.99419124218052	
-1725419.452921501	117.6625	8.825	163.7	98.6375	-149.87438218373143	1119	651	176	12	267	159	60	7	83	51	0	0	5.670552968978882	89600	8758.354276895523	84230	5.993303571428584	
-3212847.503950607	119.7375	9.1375	171.8	103.4	-149.87438218373143	1120	651	149	13	259	154	91	7	83	51	0	0	5.5898048877716064	89680	8763.944081783295	84305	5.993532560214092	
-3912745.276169665	119.65	9.08860759493671	170.8987341772152	102.81012658227849	-149.87438218373143	1121	652	222	14.0	315.0	187.0	30	7.0	83.0	51.0	0	0	5.992975234985352	89760	8769.93705701828	84379	5.994875222816404	
-3512810.0724636456	119.825	9.125	171.4	103.1125	-149.87438218373143	1122	652	189	13	315	187	36	6	75	46	0	0	6.209585905075073	89840	8776.146642923355	84455	5.993989314336602	
-2325400.9656945635	120.6125	9.325	183.4	110.125	-149.87438218373143	1123	652	164	13	291	173	76	7	83	51	0	0	6.653514862060547	89920	8782.800157785416	84531	5.993104982206404	
-3012764.6516300994	119.3625	9.531645569620252	192.56962025316454	115.49367088607595	-149.87438218373143	1124	653	181	15.0	323.0	192.0	59	7.0	83.0	51.0	0	0	6.857534170150757	90000	8789.657691955566	84605	5.99444444444444	
-3050432.5659923824	120.0	8.95	168.6	101.5125	-149.87438218373143	1125	653	179	13	347	206	61	7	91	56	0	0	5.680978059768677	90080	8795.338670015335	84681	5.99356127886324	
-3312818.9641166166	120.0	8.925	170.3	102.5125	-149.87438218373143	1126	653	166	12	243	145	74	7	83	51	0	0	5.628527879714966	90160	8800.96719789505	84757	5.992679680567875	
-3100364.0370797943	120.2	8.9875	168.5	101.4375	-149.87438218373143	1127	653	195	12	267	159	45	8	107	65	0	0	5.807006120681763	90240	8806.774204015732	84833	5.991799645390074	
-3612856.3302269527	122.4	8.975	169.0	101.725	-149.87438218373143	1128	653	179	14	283	168	61	7	83	51	0	0	5.818002939224243	90320	8812.592206954956	84908	5.992028343666959	
-3362772.852495937	128.7125	9.0125	168.5	101.4375	-149.87438218373143	1129	653	193	14	291	173	47	7	91	56	0	0	5.799669981002808	90400	8818.391876935959	84984	5.991150442477874	
-3362813.911904721	122.725	8.884615384615385	163.92307692307693	98.71794871794872	-149.87438218373143	1130	655	208	16.0	331.0	196.0	32	7.0	83.0	51.0	0	0	5.887671947479248	90480	8824.279548883438	85058	5.992484526967289	
-2262817.5830731685	121.7625	8.9125	170.4	102.525	-149.87438218373143	1131	655	208	13	363	215	71	8	107	65	0	0	6.205487966537476	90560	8830.485036849976	85133	5.99271201413427	
-3275286.0222672476	122.975	9.128205128205128	173.97435897435898	104.62820512820512	-149.87438218373143	1132	657	206	13.0	315.0	187.0	46	7.0	83.0	51.0	0	0	6.357365131378174	90640	8836.842401981354	85207	5.994042365401583	
-2450377.014261772	120.375	9.2125	179.5	107.875	-149.87438218373143	1133	657	151	15	363	215	89	8	115	70	0	0	6.581984996795654	90720	8843.42438697815	85283	5.993165784832456	
-2650430.1882400867	120.25	9.0	168.0	101.15	-149.87438218373143	1134	657	168	14	291	173	72	6	75	46	0	0	5.825278043746948	90800	8849.249665021896	85358	5.993392070484589	
-2912953.650922078	119.975	8.9125	168.1	101.2125	-149.87438218373143	1135	657	153	13	283	168	74	6	75	46	0	0	5.70216178894043	90880	8854.951826810837	85432	5.9947183098591665	
-3550337.044977053	119.85	9.192307692307692	174.89743589743588	105.14102564102564	-149.87438218373143	1136	659	201	15.0	275.0	163.0	39	7.0	107.0	65.0	0	0	6.380223035812378	90960	8861.33204984665	85506	5.996042216358845	
-2512840.340236341	119.5875	9.0	170.8987341772152	102.87341772151899	-149.87424289235926	1137	660	180	12.0	243.0	145.0	60	8.0	107.0	65.0	0	0	5.763475179672241	91040	8867.095525026321	85580	5.99736379613357	
-2525376.688401437	122.8875	9.15	175.0	105.225	-149.87424289235926	1138	660	180	12	291	173	68	8	115	70	0	0	6.669993877410889	91120	8873.765518903732	85656	5.9964881474978	
-3450405.916113024	121.5625	8.9125	168.3	101.3	-149.87424289235926	1139	660	209	13	275	164	84	7	83	51	0	0	6.46561598777771	91200	8880.23113489151	85732	5.995614035087712	
-2775400.08190571	122.9375	9.1125	172.6	103.825	-149.87424289235926	1140	660	207	13	291	173	33	7	83	51	0	0	6.277903079986572	91280	8886.509037971497	85807	5.995836985100794	
-2425366.582675278	127.5625	9.075	169.1	101.75	-149.87424289235926	1141	660	207	12	299	178	73	7	83	51	0	0	6.077186107635498	91360	8892.586224079132	85883	5.994964973730305	
-2362854.4903322314	120.75	9.30379746835443	178.69620253164558	107.36708860759494	-149.87424289235926	1142	661	174	13.0	283.0	168.0	66	7.0	83.0	51.0	0	0	6.46869683265686	91440	8899.054920911789	85957	5.996281714785653	
-2875336.8524024254	122.425	9.30379746835443	178.08860759493672	107.0	-149.87424289235926	1143	662	189	13.0	283.0	168.0	55	8.0	107.0	65.0	0	0	6.339405059814453	91520	8905.394325971603	86031	5.997596153846146	
-3362743.9534415295	123.1	9.3125	178.3	107.1625	-149.87424289235926	1144	662	191	15	307	182	49	7	83	51	0	0	6.263423919677734	91600	8911.657749891281	86106	5.997816593886469	
-3287877.7138064145	120.95	9.05	173.3	104.275	-149.87424289235926	1145	662	188	13	371	220	52	7	99	61	0	0	5.885236978530884	91680	8917.542986869812	86182	5.996945898778364	
-3800333.4784561293	123.075	9.3625	186.3	111.875	-149.87424289235926	1146	662	181	13	395	234	65	7	99	61	0	0	6.833424091339111	91760	8924.376410961151	86258	5.9960767218831705	
-2900296.8743947977	122.7375	9.0625	171.0	102.9	-149.87424289235926	1147	662	190	16	387	229	50	7	83	51	0	0	6.202019929885864	91840	8930.578430891037	86334	5.995209059233446	
-3700324.4568029367	120.875	9.454545454545455	181.9090909090909	109.24675324675324	-149.87424289235926	1148	665	198	16.0	387.0	229.0	42	7.0	99.0	61.0	0	0	6.390246152877808	91920	8936.968677043915	86406	5.998694516971284	
-3737748.042375449	120.1	9.2625	180.0	108.15	-149.87424289235926	1149	665	188	12	267	159	56	8	107	65	0	0	6.327469825744629	92000	8943.29614686966	86481	5.998913043478254	
-2662843.213037792	123.9375	9.1375	175.6	105.55	-149.87424289235926	1150	665	195	12	291	173	45	6	75	46	0	0	6.276792049407959	92080	8949.572938919067	86557	5.998045178105997	
-2850274.1998589057	120.325	9.1	174.5	104.9375	-149.87424289235926	1151	665	206	12	267	159	34	7	83	51	0	0	6.2806830406188965	92160	8955.853621959686	86633	5.997178819444443	
-2537887.3523983187	125.625	9.2125	177.5	106.7	-149.87424289235926	1152	665	206	13	315	187	101	8	115	70	0	0	6.719883918762207	92240	8962.573505878448	86709	5.996313963573286	
-2575383.407617077	124.0625	9.192307692307692	174.3846153846154	104.85897435897436	-149.87424289235926	1153	667	206	14.0	307.0	182.0	52	8.0	107.0	65.0	0	0	6.440422058105469	92320	8969.013927936554	86783	5.997616984402072	
-3687790.668246935	120.6375	9.139240506329115	170.29113924050634	102.46835443037975	-149.87424289235926	1154	668	187	13.0	267.0	159.0	54	8.0	107.0	65.0	0	0	6.660759925842285	92400	8975.674687862396	86858	5.997835497835496	
-4375250.563518904	123.1125	8.95	168.7	101.55	-149.87424289235926	1155	668	178	13	299	178	69	7	83	51	0	0	6.567953824996948	92480	8982.242641687393	86933	5.998053633217992	
-3687914.0657726065	123.7125	8.7875	164.1	98.8625	-149.87424289235926	1156	668	176	13	315	187	64	8	107	65	0	0	6.236628293991089	92560	8988.479269981384	87008	5.998271391529812	
-3225298.999965665	119.175	8.924050632911392	165.63291139240508	99.73417721518987	-149.87424289235926	1157	669	177	12.0	275.0	164.0	63	7.0	83.0	51.0	0	0	6.06549596786499	92640	8994.54476594925	87083	5.998488773747852	
-3312893.049729045	126.3125	8.9	167.0	100.575	-149.87424289235926	1158	669	228	12	315	187	69	6	75	46	0	0	6.0789148807525635	92720	9000.623680830002	87159	5.997627264883519	
-3362776.2201386197	126.15	8.8125	162.8	98.125	-149.87424289235926	1159	669	177	10	235	140	76	7	83	51	0	0	5.612145900726318	92800	9006.235826730728	87234	5.997844827586206	
-3712821.195247802	122.2375	8.924050632911392	169.9873417721519	102.29113924050633	-149.87424289235926	1160	670	242	12.0	347.0	206.0	34	7.0	83.0	51.0	0	0	6.128071308135986	92880	9012.363898038864	87308	5.999138673557283	
-3250337.6374156587	119.5375	8.95	168.3	101.275	-149.87424289235926	1161	670	184	13	291	173	65	7	83	51	0	0	6.210536956787109	92960	9018.574434995651	87384	5.998278829604132	
-4262771.839699596	120.3375	9.025	167.0	100.525	-149.87424289235926	1162	670	185	12	243	145	55	7	91	56	0	0	6.104359865188599	93040	9024.67879486084	87458	5.999570077386068	
-3512814.64815336	120.125	8.91139240506329	169.78481012658227	102.16455696202532	-149.87424289235926	1163	671	204	12.0	291.0	173.0	37	7.0	83.0	51.0	0	0	6.062301874160767	93120	9030.741096735	87533	5.999785223367695	
-4087744.0982748284	119.8875	8.76923076923077	163.30769230769232	98.34615384615384	-149.87424289235926	1164	673	195	13.0	259.0	154.0	45	7.0	83.0	51.0	0	0	5.848769187927246	93200	9036.589865922928	87606	6.002145922746777	
-3050355.5635410883	117.625	8.91025641025641	170.5897435897436	102.7051282051282	-149.87424289235926	1165	675	180	14.0	371.0	220.0	45	8.0	107.0	65.0	0	0	5.580183029174805	93280	9042.170048952103	87679	6.004502572898801	
-2225619.592584475	119.8625	9.075	177.8	106.9	-149.87424289235926	1166	675	182	13	299	178	58	8	107	65	0	0	6.615206003189087	93360	9048.785254955292	87755	6.003641816623812	
-2450406.8653659113	122.3375	9.0875	178.7	107.4375	-149.87424289235926	1167	675	185	13	371	220	86	7	83	51	0	0	6.195619821548462	93440	9054.98087477684	87830	6.003852739726028	
-3762925.5437048255	120.175	8.9875	171.0	102.9	-149.87424289235926	1168	675	156	13	363	215	84	7	99	61	0	0	6.146449327468872	93520	9061.127324104309	87905	6.004063301967491	
-3450338.6597900623	120.0	9.3875	179.5	107.825	-149.87424289235926	1169	675	211	13	291	173	29	6	75	46	0	0	6.746238946914673	93600	9067.873563051224	87980	6.004273504273499	
-3275296.149644935	121.1375	9.012658227848101	169.27848101265823	101.89873417721519	-149.87424289235926	1170	676	211	12.0	235.0	140.0	33	7.0	91.0	56.0	0	0	5.890949964523315	93680	9073.764513015747	88055	6.004483347566179	
-3250312.408036942	121.825	9.075949367088608	174.84810126582278	105.15189873417721	-149.87424289235926	1171	677	195	15.0	387.0	229.0	45	7.0	99.0	61.0	0	0	6.028217077255249	93760	9079.792730093002	88129	6.005759385665527	
-3250358.014774347	120.5125	9.025	170.7	102.725	-149.87424289235926	1172	677	161	12	267	159	83	7	83	51	0	0	6.253346681594849	93840	9086.046076774597	88205	6.004901960784309	
-2725272.0046361806	120.0	8.875	167.0	100.575	-149.87424289235926	1173	677	193	12	243	145	47	8	107	65	0	0	5.9531261920928955	93920	9091.99920296669	88280	6.005110732538327	
-3000384.6641457053	120.4	9.1	171.4	103.1125	-149.87424289235926	1174	677	172	14	315	187	68	8	107	65	0	0	6.41633415222168	94000	9098.415537118912	88356	6.004255319148939	
-3825242.156905557	121.875	9.0125	168.3	101.3125	-149.87424289235926	1175	677	171	13	267	159	69	7	83	51	0	0	6.164527893066406	94080	9104.580065011978	88431	6.004464285714278	
-3187833.6432855944	121.525	9.125	172.2	103.6125	-149.87424289235926	1176	677	171	14	283	168	87	8	115	70	0	0	6.000483989715576	94160	9110.580549001694	88507	6.0036108751062045	
-3425392.6164323487	121.8375	9.2125	173.6	104.3875	-149.87424289235926	1177	677	193	13	267	159	65	8	107	65	0	0	6.214327096939087	94240	9116.794876098633	88583	6.002758913412563	
-2787781.9611400976	121.6875	9.1125	177.8	106.875	-149.87424289235926	1178	677	149	13	315	187	100	8	107	65	0	0	6.263760805130005	94320	9123.058636903763	88657	6.004028837998305	
-2737826.5762734856	121.3375	9.1	176.8	106.275	-149.87424289235926	1179	677	185	13	331	196	59	7	83	51	0	0	6.349102020263672	94400	9129.407738924026	88733	6.003177966101688	
-2950313.088928582	122.175	8.987341772151899	169.8860759493671	102.22784810126582	-149.87424289235926	1180	678	205	12.0	283.0	168.0	35	7.0	99.0	61.0	0	0	6.178417921066284	94480	9135.586156845093	88808	6.0033869602032155	
-2737859.8955725594	118.85	9.025316455696203	176.67088607594937	106.24050632911393	-149.87424289235926	1181	679	196	12.0	291.0	173.0	35	7.0	99.0	61.0	0	0	6.063499212265015	94560	9141.649656057358	88883	6.003595600676817	
-2687809.903805714	120.3	8.9	173.8	104.5375	-149.87424289235926	1182	679	167	11	259	154	80	8	107	65	0	0	6.34539008140564	94640	9147.995046138763	88959	6.002747252747255	
-3512816.17761341	119.5875	9.0	169.37974683544303	101.9620253164557	-149.87424289235926	1183	680	184	16.0	339.0	201.0	56	7.0	83.0	51.0	0	0	5.9799559116363525	94720	9153.9750020504	89034	6.002956081081081	
-2800349.1724846647	118.825	9.0875	172.9	104.0125	-149.87424289235926	1184	680	174	13	339	201	55	7	83	51	0	0	6.271673917770386	94800	9160.24667596817	89110	6.002109704641342	
-3837790.0084545524	119.5625	8.936708860759493	169.0759493670886	101.74683544303798	-149.87424289235926	1185	681	184	13.0	315.0	187.0	56	7.0	83.0	51.0	0	0	6.186563014984131	94880	9166.433238983154	89185	6.002318718381119	
-3537797.792523069	120.375	8.987341772151899	168.26582278481013	101.27848101265823	-149.87424289235926	1186	682	216	13.0	259.0	154.0	24	7.0	83.0	51.0	0	0	6.157522916793823	94960	9172.590761899948	89260	6.002527379949456	
-3162829.9545032554	120.1875	9.075	167.0	100.5375	-149.87424289235926	1187	682	216	13	243	145	51	7	99	61	0	0	5.924142122268677	95040	9178.514904022217	89335	6.002735690235696	
-4337769.081080201	118.8375	9.25	166.1	99.975	-149.87424289235926	1188	682	216	13	315	187	38	7	83	51	0	0	6.344470977783203	95120	9184.859375	89411	6.001892346509678	
-2987825.5376915457	117.675	9.025641025641026	167.2051282051282	100.66666666666667	-149.87424289235926	1189	684	218	15.0	307.0	182.0	22	7.0	83.0	51.0	0	0	6.16592001914978	95200	9191.02529501915	89485	6.003151260504197	
-3050330.688637488	117.925	8.949367088607595	166.13924050632912	100.07594936708861	-149.87424289235926	1190	685	150	13.0	323.0	192.0	22	6.0	75.0	46.0	0	0	5.879149675369263	95280	9196.904444694519	89560	6.00335852225021	
-3362912.932944874	117.2375	8.95	163.8	98.6875	-149.87424289235926	1191	685	169	12	251	150	51	8	107	65	0	0	5.691984176635742	95360	9202.596428871155	89636	6.002516778523486	
-3012811.731666476	115.0625	8.8125	160.2	96.575	-149.87424289235926	1192	685	198	12	235	140	42	6	75	46	0	0	5.673414945602417	95440	9208.269843816757	89712	6.001676445934621	
-2262890.862794741	109.5625	8.810126582278482	161.9873417721519	97.65822784810126	-149.87424289235926	1193	686	182	12.0	235.0	140.0	42	7.0	83.0	51.0	0	0	5.406429290771484	95520	9213.676273107529	89786	6.002931323283079	
-3075339.3487472767	118.275	8.975	167.1	100.625	-149.87424289235926	1194	686	192	12	235	140	47	7	83	51	0	0	5.7480597496032715	95600	9219.424332857132	89862	6.0020920502092	
-3300257.550687423	121.8375	8.9375	162.7	98.025	-149.87424289235926	1195	686	192	12	235	140	52	7	83	51	0	0	5.841893196105957	95680	9225.266226053238	89938	6.001254180602018	
-2962883.6236708416	122.6	8.7625	159.7	96.325	-149.87424289235926	1196	686	179	12	243	145	61	7	83	51	0	0	5.312309741973877	95760	9230.578535795212	90014	6.000417710944035	
-3050524.5443686126	119.9375	8.936708860759493	165.9367088607595	99.92405063291139	-149.87424289235926	1197	687	165	12.0	291.0	173.0	84	7.0	83.0	51.0	0	0	5.7943971157073975	95840	9236.37293291092	90087	6.002712854757931	
-4125327.266848919	120.5625	9.10126582278481	167.55696202531647	100.84810126582279	-149.87424289235926	1198	688	202	12.0	299.0	178.0	38	7.0	91.0	56.0	0	0	6.088449001312256	95920	9242.461381912231	90162	6.002919099249368	
-3250367.883276987	121.3875	8.822784810126583	163.50632911392404	98.50632911392405	-149.87424289235926	1199	689	195	12.0	267.0	159.0	63	7.0	83.0	51.0	0	0	5.592405080795288	96000	9248.053786993027	90237	6.003124999999997	
-3600328.9376153043	121.1625	9.063291139240507	165.22784810126583	99.46835443037975	-149.87424289235926	1200	690	219	14.0	283.0	168.0	54	7.0	83.0	51.0	0	0	6.172043085098267	96080	9254.225830078125	90312	6.003330557868452	
-2687789.1406403207	119.75	8.962025316455696	162.18987341772151	97.74683544303798	-149.87424289235926	1201	691	170	12.0	243.0	145.0	70	8.0	107.0	65.0	0	0	5.86447286605835	96160	9260.090302944183	90387	6.003535773710482	
-3062900.457402491	121.475	9.3375	176.6	106.125	-149.87424289235926	1202	691	188	14	363	215	79	7	83	51	0	0	7.561424016952515	96240	9267.651726961136	90463	6.002701579384876	
-2787856.448708049	122.1125	9.275	180.0	108.1625	-149.87424289235926	1203	691	188	12	363	215	66	8	115	70	0	0	6.8125059604644775	96320	9274.4642329216	90538	6.002906976744185	
-3225360.7644901266	126.7	8.925	169.4	101.95	-149.87424289235926	1204	691	189	12	259	154	51	7	83	51	0	0	6.120509147644043	96400	9280.584742069244	90613	6.003112033195023	
-1987813.552434035	130.35	8.9125	168.4	101.4	-149.87424289235926	1205	691	226	13	275	164	46	8	115	70	0	0	5.825685024261475	96480	9286.410427093506	90689	6.002280265339962	
-3112923.340314339	124.9	9.215189873417721	174.9493670886076	105.18987341772151	-149.87424289235926	1206	692	177	13.0	283.0	168.0	82	8.0	107.0	65.0	0	0	6.55094575881958	96560	9292.961372852325	90764	6.002485501242745	
-3612769.9846506743	124.225	9.0875	168.7	101.5375	-149.87424289235926	1207	692	177	13	267	159	82	7	83	51	0	0	6.084380149841309	96640	9299.045753002167	90840	6.001655629139066	
-3037818.392525659	120.1375	9.0875	170.0	102.3	-149.87424289235926	1208	692	164	12	243	145	80	8	107	65	0	0	5.799624919891357	96720	9304.845377922058	90916	6.000827129859388	
-3150508.0837255777	120.5875	9.278481012658228	176.873417721519	106.29113924050633	-149.87424289235926	1209	693	196	12.0	275.0	164.0	67	7.0	83.0	51.0	0	0	6.513996124267578	96800	9311.359374046326	90991	6.001033057851231	
-3300307.2830496365	121.4375	9.2875	185.5	111.3875	-149.87424289235926	1210	693	154	13	371	220	52	7	83	51	0	0	6.702898979187012	96880	9318.062273025513	91067	6.000206440957896	
-3512768.611013538	121.5	9.3875	177.7	106.8	-149.87424289235926	1211	693	178	13	291	173	62	7	83	51	0	0	6.470761775970459	96960	9324.533034801483	91142	6.000412541254136	
-3212815.500542907	119.9375	9.0375	169.8	102.1875	-149.87424289235926	1212	693	170	12	251	150	70	7	83	51	0	0	5.8339409828186035	97040	9330.366975784302	91218	5.9995877988458375	
-3762784.480101803	121.025	9.2	174.6	105.0	-149.87424289235926	1213	693	171	15	291	173	77	8	107	65	0	0	6.259676933288574	97120	9336.62665271759	91294	5.998764415156515	
-3150391.695130107	121.025	9.0625	171.7	103.325	-149.87424289235926	1214	693	182	16	339	201	58	7	83	51	0	0	5.899041175842285	97200	9342.525693893433	91370	5.997942386831284	
-3587801.9529552846	119.8625	9.0	169.48101265822785	102.0379746835443	-149.78146952263427	1215	694	190	13.0	283.0	168.0	50	7.0	83.0	51.0	0	0	5.7163848876953125	97280	9348.242078781128	91445	5.99814967105263	
-3375332.8639446474	120.7875	8.85	164.5	99.1	-149.78146952263427	1216	694	190	11	227	136	50	7	83	51	0	0	5.695089340209961	97360	9353.937168121338	91521	5.997329498767456	
-3662880.4437789572	120.175	9.1	171.8	103.3	-149.78146952263427	1217	694	185	12	283	168	55	7	83	51	0	0	6.342989683151245	97440	9360.28015780449	91597	5.996510673234809	
-3512822.390093443	122.825	8.9	168.7	101.5625	-149.78146952263427	1218	694	185	11	291	173	68	8	107	65	0	0	5.918411016464233	97520	9366.198568820953	91673	5.995693191140276	
-2762871.43616888	122.725	8.9375	165.5	99.675	-149.78146952263427	1219	694	172	13	307	182	85	7	91	56	0	0	6.010105133056641	97600	9372.20867395401	91749	5.994877049180332	
-3037807.4377535637	125.375	9.05	171.7	103.3	-149.78146952263427	1220	694	172	12	243	145	90	7	83	51	0	0	6.1550209522247314	97680	9378.363694906235	91825	5.994062244062249	
-3287876.3554618647	121.8	9.025	166.4	100.1875	-149.78146952263427	1221	694	198	14	291	173	42	6	75	46	0	0	5.911866903305054	97760	9384.27556180954	91900	5.994271685761049	
-3350342.64235513	120.3	8.825	159.7	96.3	-149.78146952263427	1222	694	185	11	267	159	55	7	83	51	0	0	5.458310127258301	97840	9389.733871936798	91976	5.993458708094849	
-2975310.7782147685	121.7125	8.8125	161.3	97.25	-149.78146952263427	1223	694	185	12	267	159	65	7	83	51	0	0	5.299692153930664	97920	9395.033564090729	92050	5.9946895424836555	
-3037890.814075577	120.0	9.278481012658228	177.78481012658227	106.83544303797468	-149.78146952263427	1224	695	200	14.0	459.0	271.0	40	8.0	107.0	65.0	0	0	7.0268309116363525	98000	9402.060395002365	92125	5.994897959183675	
-2575269.022424482	115.875	9.246753246753247	179.3116883116883	107.76623376623377	-149.78146952263427	1225	698	177	13.0	283.0	168.0	43	7.0	83.0	51.0	0	0	6.127089023590088	98080	9408.187484025955	92198	5.997145187601959	
-2900291.9214517567	120.4125	9.2375	179.3	107.775	-149.78146952263427	1226	698	194	14	291	173	78	7	99	61	0	0	6.261492013931274	98160	9414.448976039886	92274	5.996332518337411	
-3412779.726315436	119.4625	9.075	174.3	104.825	-149.78146952263427	1227	698	164	13	323	192	76	7	91	56	0	0	5.896289110183716	98240	9420.34526515007	92350	5.995521172638433	
-3012840.54971422	119.725	9.0	171.0	102.9125	-149.78146952263427	1228	698	159	12	235	140	74	7	83	51	0	0	5.761648893356323	98320	9426.106914043427	92426	5.9947111472742165	
-3362830.261898186	120.0	9.0625	174.8	105.1375	-149.78146952263427	1229	698	186	13	299	178	54	8	107	65	0	0	6.067950963973999	98400	9432.1748650074	92502	5.993902439024396	
-3312776.7140603354	120.825	9.125	177.3	106.55	-149.78146952263427	1230	698	186	15	315	187	87	7	83	51	0	0	6.728469133377075	98480	9438.903334140778	92577	5.994110479285126	
-2650357.4154062914	120.0	8.9125	168.2	101.2625	-149.78146952263427	1231	698	156	15	363	215	84	6	75	46	0	0	6.404407739639282	98560	9445.307741880417	92652	5.994318181818187	
-3462814.2365371785	122.7	9.3125	175.9	105.7	-149.78146952263427	1232	698	166	15	363	215	74	8	107	65	0	0	7.128475189208984	98640	9452.436217069626	92728	5.993511759935117	
-3262832.8207233762	118.5	9.0375	164.8	99.25	-149.78146952263427	1233	698	178	13	267	159	62	7	83	51	0	0	6.146921873092651	98720	9458.583138942719	92804	5.992706645056728	
-2812869.2861998365	119.375	9.050632911392405	169.78481012658227	102.21518987341773	-149.78146952263427	1234	699	180	13.0	315.0	187.0	28	7.0	91.0	56.0	0	0	6.102344989776611	98800	9464.685483932495	92879	5.992914979757074	
-2462800.531290345	120.625	8.9375	165.1	99.45	-149.78146952263427	1235	699	156	12	235	140	85	6	75	46	0	0	5.911067008972168	98880	9470.596550941467	92955	5.992111650485427	
-3500254.819658962	120.075	9.075	174.3	104.8375	-149.78146952263427	1236	699	194	16	563	332	46	7	91	56	0	0	7.188685894012451	98960	9477.78523683548	93030	5.992320129345188	
-2625347.585040503	117.0375	9.0	168.36708860759492	101.36708860759494	-149.78146952263427	1237	700	213	12.0	243.0	145.0	27	8.0	115.0	70.0	0	0	5.886260986328125	99040	9483.671497821808	93105	5.99252827140549	
-3237813.213373887	120.0	8.89873417721519	163.60759493670886	98.58227848101266	-149.78146952263427	1238	701	188	12.0	235.0	140.0	52	7.0	91.0	56.0	0	0	5.833154201507568	99120	9489.504652023315	93179	5.993744955609358	
-2275415.8543241257	120.2625	8.9125	163.5	98.5	-149.78146952263427	1239	701	175	14	307	182	65	7	91	56	0	0	6.179611682891846	99200	9495.684263706207	93254	5.993951612903231	
-2062813.6774765432	121.825	9.063291139240507	172.9240506329114	104.0253164556962	-149.78146952263427	1240	702	179	12.0	275.0	164.0	26	8.0	107.0	65.0	0	0	6.172022104263306	99280	9501.85628581047	93329	5.994157937147463	
-3300321.175052572	120.0	9.1125	176.1	105.875	-149.78146952263427	1241	702	173	15	315	187	67	7	83	51	0	0	6.689988136291504	99360	9508.546273946762	93405	5.993357487922708	
-3075346.973422879	119.375	8.9625	167.4	100.8	-149.78146952263427	1242	702	197	12	235	140	43	6	75	46	0	0	5.921937942504883	99440	9514.468211889267	93481	5.992558326629123	
-2487917.952895641	119.725	8.886075949367088	166.54430379746836	100.30379746835443	-149.78146952263427	1243	703	193	11.0	243.0	145.0	47	6.0	75.0	46.0	0	0	6.08568811416626	99520	9520.553900003433	93556	5.992765273311889	
-3212829.0719089448	122.4	8.924050632911392	167.25316455696202	100.72151898734177	-149.78146952263427	1244	704	193	11.0	299.0	178.0	47	7.0	83.0	51.0	0	0	5.850778102874756	99600	9526.404678106308	93630	5.993975903614455	
-3650295.830845582	122.8	9.025316455696203	170.08860759493672	102.35443037974683	-149.78146952263427	1245	705	183	13.0	459.0	271.0	72	7.0	91.0	56.0	0	0	6.351607799530029	99680	9532.756285905838	93703	5.996187800963085	
-2662860.968450714	121.5	9.025	169.3	101.875	-149.78146952263427	1246	705	180	14	371	220	60	7	107	65	0	0	6.325921058654785	99760	9539.082206964493	93778	5.996391339214114	
-2287924.2514264556	117.5	8.89873417721519	168.36708860759492	101.32911392405063	-149.78146952263427	1247	706	161	13.0	459.0	271.0	60	7.0	83.0	51.0	0	0	6.444285869598389	99840	9545.526492834091	93853	5.996594551282058	
-2500335.7273157304	120.3875	8.822784810126583	166.0379746835443	100.0126582278481	-149.78146952263427	1248	707	228	12.0	315.0	187.0	12	7.0	91.0	56.0	0	0	5.715363025665283	99920	9551.241855859756	93928	5.996797437950363	
-3225277.16430681	120.5625	8.925	164.3	98.95	-149.78146952263427	1249	707	172	15	323	192	68	7	83	51	0	0	6.050458192825317	100000	9557.292314052582	94004	5.995999999999995	
-3662804.2843093527	118.85	8.8625	167.5	100.825	-149.78146952263427	1250	707	183	13	515	304	57	7	83	51	0	0	6.5820417404174805	100080	9563.874355793	94080	5.995203836930457	
-2825374.0222216803	121.55	9.025	166.6	100.3125	-149.78146952263427	1251	707	170	13	259	154	48	6	75	46	0	0	6.013649225234985	100160	9569.888005018234	94156	5.994408945686899	
-3512755.902821926	118.7	9.075	170.9	102.825	-149.78146952263427	1252	707	165	16	331	196	48	6	75	46	0	0	6.198821783065796	100240	9576.0868268013	94231	5.994612928970469	
-2887800.6155013456	118.5	9.189873417721518	175.45569620253164	105.48101265822785	-149.78146952263427	1253	708	179	12.0	267.0	159.0	61	7.0	83.0	51.0	0	0	6.599691152572632	100320	9582.686517953873	94306	5.994816586921843	
-3587783.7116679163	120.0	9.325	180.1	108.1875	-149.78146952263427	1254	708	212	15	379	224	28	8	107	65	0	0	7.093941926956177	100400	9589.780459880829	94382	5.994023904382473	
-2712900.11275242	120.4	9.3875	187.7	112.6625	-149.78146952263427	1255	708	174	16	459	271	66	7	83	51	0	0	7.738267183303833	100480	9597.518727064133	94458	5.993232484076444	
-2650299.2672398537	119.45	9.153846153846153	179.71794871794873	108.02564102564102	-149.78146952263427	1256	710	209	13.0	459.0	271.0	10	6.0	75.0	46.0	0	0	6.850988864898682	100560	9604.369715929031	94532	5.994431185361975	
-3375327.545257598	119.475	9.0875	169.2	101.85	-149.78146952263427	1257	710	166	12	315	187	74	7	83	51	0	0	6.01530909538269	100640	9610.385025024414	94608	5.993640699523056	
-2625345.0846946	120.0	9.0625	174.3	104.8625	-149.78146952263427	1258	710	172	12	371	220	68	8	107	65	0	0	6.063738107681274	100720	9616.448763132095	94683	5.993844320889593	
-2287891.553781893	120.0	8.9	168.1	101.2	-149.78146952263427	1259	710	167	13	259	154	73	6	75	46	0	0	6.160423755645752	100800	9622.609186887741	94759	5.993055555555557	
-2200410.3990367986	120.0	8.925	170.3	102.5125	-149.78146952263427	1260	710	176	13	267	159	64	8	115	70	0	0	5.968125104904175	100880	9628.577311992645	94835	5.992268041237111	
-2762832.28056134	120.6625	9.2125	182.9	109.8625	-149.78146952263427	1261	710	195	14	315	187	45	8	107	65	0	0	6.736140012741089	100960	9635.313452005386	94910	5.99247226624405	
-3250303.9783526696	123.2	8.9	170.2	102.4	-149.78146952263427	1262	710	195	13	307	182	87	7	83	51	0	0	6.582067966461182	101040	9641.895519971848	94985	5.992676167854313	
-2462783.9649240836	120.425	9.0125	173.6	104.4625	-149.78146952263427	1263	710	188	12	291	173	52	7	99	61	0	0	6.118096113204956	101120	9648.013616085052	95061	5.991890822784811	
-2875345.3964745193	120.225	9.025	171.4	103.125	-149.78146952263427	1264	710	173	12	299	178	67	7	83	51	0	0	6.168028831481934	101200	9654.181644916534	95137	5.991106719367593	
-2837899.3575907955	119.9	8.975	170.2	102.4	-149.78146952263427	1265	710	181	13	459	271	64	7	83	51	0	0	6.563797950744629	101280	9660.745442867279	95213	5.990323854660346	
-2775313.7460235143	121.25	8.825	165.7	99.8	-149.78146952263427	1266	710	192	12	243	145	39	7	91	56	0	0	6.066864013671875	101360	9666.812306880951	95289	5.9895422257300766	
-3237853.534229326	119.85	9.0625	172.3	103.675	-149.78146952263427	1267	710	145	13	259	154	95	7	83	51	0	0	5.981649160385132	101440	9672.793956041336	95365	5.988761829653001	
-2825328.557277	120.325	9.126582278481013	176.873417721519	106.34177215189874	-149.78146952263427	1268	711	213	15.0	307.0	182.0	27	8.0	115.0	70.0	0	0	6.301280975341797	101520	9679.095237016678	95439	5.989952718676122	
-2775283.990211047	116.9	9.3375	186.1	111.7125	-149.78146952263427	1269	711	154	15	307	182	64	8	107	65	0	0	7.086080074310303	101600	9686.181317090988	95515	5.989173228346459	
-2675372.4456358524	117.8125	9.0625	178.5	107.2625	-149.78146952263427	1270	711	133	12	243	145	91	8	107	65	0	0	6.796020984649658	101680	9692.977338075638	95591	5.988394964594818	
-2600386.8406689223	119.6375	9.0125	170.4	102.5375	-149.78146952263427	1271	711	152	13	283	168	88	7	83	51	0	0	6.327904939651489	101760	9699.30524301529	95667	5.987617924528294	
-2912796.14831888	119.5875	9.164556962025317	172.1139240506329	103.53164556962025	-149.78146952263427	1272	712	184	13.0	315.0	187.0	56	8.0	107.0	65.0	0	0	6.326120853424072	101840	9705.631363868713	95742	5.987824037706204	
-3625313.723717858	120.0	9.025	168.9	101.625	-149.78146952263427	1273	712	153	15	315	187	87	7	91	56	0	0	6.513357162475586	101920	9712.144721031189	95818	5.987048665620094	
-2425283.3502752534	120.625	9.0125	170.6	102.7125	-149.78146952263427	1274	712	186	15	339	201	54	7	99	61	0	0	5.671693801879883	102000	9717.816414833069	95894	5.98627450980392	
-3675409.744977425	120.0	9.225	176.8	106.275	-149.78146952263427	1275	712	186	12	251	150	54	7	83	51	0	0	6.429506063461304	102080	9724.24592089653	95970	5.985501567398117	
-3300356.4703362705	122.9125	8.987341772151899	174.84810126582278	105.18987341772151	-149.78146952263427	1276	713	203	11.0	243.0	145.0	37	8.0	107.0	65.0	0	0	5.7975311279296875	102160	9730.04345202446	96045	5.9857086922474565	
-2537913.165778273	122.225	9.175	176.9	106.3375	-149.78146952263427	1277	713	186	15	307	182	64	6	75	46	0	0	6.459872007369995	102240	9736.50332403183	96120	5.985915492957744	
-2637964.472123957	122.8	8.9125	165.6	99.725	-149.78146952263427	1278	713	186	14	307	182	86	7	83	51	0	0	6.055232763290405	102320	9742.55855679512	96196	5.9851446442533245	
-2712853.228835039	123.6875	8.746835443037975	162.69620253164558	98.0379746835443	-149.78146952263427	1279	714	195	12.0	243.0	145.0	60	7.0	91.0	56.0	0	0	5.680177211761475	102400	9748.238734006882	96271	5.9853515625	
-3325412.8650804413	120.0	9.05	170.1	102.375	-149.78146952263427	1280	714	157	12	291	173	83	8	107	65	0	0	5.75744891166687	102480	9753.996182918549	96346	5.9855581576893115	
-3287891.729588832	120.0	9.0375	167.4	100.7625	-149.78146952263427	1281	714	187	15	307	182	53	7	83	51	0	0	6.104102849960327	102560	9760.100285768509	96422	5.98478939157566	
-2837906.4473022236	119.8625	9.125	169.8	102.125	-149.78146952263427	1282	714	162	13	387	229	78	8	107	65	0	0	6.761202335357666	102640	9766.861488103867	96498	5.984021823850355	
-3450357.076841715	120.7125	8.9375	163.0	98.2	-149.78146952263427	1283	714	175	14	315	187	65	6	75	46	0	0	5.837037801742554	102720	9772.69852590561	96573	5.984228971962608	
-3025317.5759232314	120.9	9.0375	171.0	102.9375	-149.78146952263427	1284	714	220	13	299	178	57	7	83	51	0	0	5.820472002029419	102800	9778.518997907639	96649	5.983463035019454	
-2800353.3928651577	120.3	9.2375	176.3	106.025	-149.78146952263427	1285	714	188	12	243	145	52	8	115	70	0	0	5.898159027099609	102880	9784.417156934738	96725	5.982698289269052	
-3200346.93617828	120.0	9.294871794871796	181.35897435897436	108.96153846153847	-149.78146952263427	1286	716	209	14.0	315.0	187.0	29	8.0	107.0	65.0	0	0	6.037044048309326	102960	9790.454200983047	96798	5.984848484848484	
-2612898.1923154173	118.2625	8.848101265822784	167.45569620253164	100.83544303797468	-149.78146952263427	1287	717	191	13.0	459.0	271.0	49	6.0	75.0	46.0	0	0	6.0535218715667725	103040	9796.507722854614	96873	5.985054347826093	
-2912825.7472456	120.0	8.886075949367088	167.55696202531647	100.88607594936708	-149.78146952263427	1288	718	177	15.0	363.0	215.0	63	7.0	83.0	51.0	0	0	5.757342100143433	103120	9802.265064954758	96948	5.985259891388665	
-3150278.135449357	120.0	9.126582278481013	174.34177215189874	104.84810126582279	-149.78146952263427	1289	719	177	15.0	363.0	215.0	63	7.0	91.0	56.0	0	0	6.321777105331421	103200	9808.58684206009	97023	5.985465116279059	
-3475291.4940405255	120.0	9.3125	175.5	105.5125	-149.78146952263427	1290	719	166	15	307	182	74	7	83	51	0	0	6.163347959518433	103280	9814.750190019608	97099	5.984701781564681	
-3275346.321234378	120.0	9.2875	177.8	106.875	-149.78146952263427	1291	719	183	16	331	196	57	7	91	56	0	0	6.329516887664795	103360	9821.079706907272	97175	5.983939628482972	
-3375377.0393532207	121.3	9.25	177.5	106.6875	-149.78146952263427	1292	719	179	15	315	187	61	8	115	70	0	0	6.1093010902404785	103440	9827.189007997513	97251	5.983178654292345	
-3825286.9177230326	122.475	9.1625	172.5	103.75	-149.78146952263427	1293	719	179	15	331	196	74	7	83	51	0	0	6.330289840698242	103520	9833.519297838211	97327	5.98241885625967	
-3537859.286627228	120.475	9.125	172.1	103.5375	-149.78146952263427	1294	719	170	14	307	182	70	8	107	65	0	0	6.310307264328003	103600	9839.829605102539	97403	5.9816602316602285	
-3375307.128315148	120.0	9.125	172.3	103.625	-149.78146952263427	1295	719	160	14	459	271	75	6	75	46	0	0	6.630660772323608	103680	9846.460265874863	97479	5.9809027777777715	
-3087813.181373989	117.975	9.0375	167.5	100.85	-149.78146952263427	1296	719	200	12	291	173	40	7	99	61	0	0	5.964336156845093	103760	9852.424602031708	97555	5.980146491904392	
-3412844.07565175	116.575	9.151898734177216	172.8227848101266	103.9493670886076	-149.78146952263427	1297	720	188	16.0	331.0	196.0	42	7.0	83.0	51.0	0	0	6.178255796432495	103840	9858.60285782814	97630	5.98035439137135	
-2900323.3124420694	122.125	9.3	179.1	107.6125	-149.78146952263427	1298	720	166	16	363	215	82	7	83	51	0	0	6.691141128540039	103920	9865.29399895668	97706	5.9795996920708205	
-3162858.342785848	119.4375	9.025316455696203	172.51898734177215	103.78481012658227	-149.78146952263427	1299	721	195	13.0	275.0	164.0	42	7.0	91.0	56.0	0	0	6.109102964401245	104000	9871.403101921082	97780	5.980769230769241	
-2287926.8539558416	117.4875	9.0	171.83116883116884	103.3896103896104	-149.78146952263427	1300	724	196	14.0	331.0	196.0	27	7.0	83.0	51.0	0	0	6.080755949020386	104080	9877.483857870102	97852	5.983858570330511	
-2837807.322654116	121.9625	8.9	163.8	98.6375	-149.78146952263427	1301	724	191	13	259	154	49	7	83	51	0	0	5.90355920791626	104160	9883.387417078018	97927	5.984062980030728	
-3425377.345288067	120.8125	8.85	166.5	100.225	-149.78146952263427	1302	724	164	13	459	271	78	6	75	46	0	0	6.442055940628052	104240	9889.829473018646	98003	5.983307751343062	
-3025334.426744754	121.5125	8.9625	173.8	104.5125	-149.78146952263427	1303	724	168	13	459	271	78	6	75	46	0	0	6.7802300453186035	104320	9896.609703063965	98079	5.982553680981596	
-2925354.923348421	122.5125	9.4125	186.6	111.975	-149.78146952263427	1304	724	192	16	459	271	48	8	107	65	0	0	7.564711809158325	104400	9904.174414873123	98155	5.981800766283527	
-3025299.5414820327	120.35	9.2	181.7	109.125	-149.78146952263427	1305	724	200	14	371	220	40	7	91	56	0	0	6.7263641357421875	104480	9910.900779008865	98230	5.982006125574273	
-2925310.066847662	123.3125	9.075	173.5	104.3375	-149.78146952263427	1306	724	177	13	307	182	78	7	91	56	0	0	6.468157768249512	104560	9917.368936777115	98305	5.982211170619749	
-2962878.0780805596	120.075	8.807692307692308	163.6153846153846	98.58974358974359	-149.78146952263427	1307	726	206	11.0	291.0	173.0	11	7.0	83.0	51.0	0	0	5.591706275939941	104640	9922.960643053055	98378	5.984327217125383	
-3162892.7409763834	122.5375	9.0125	173.1	104.125	-149.78146952263427	1308	726	187	13	467	276	53	8	107	65	0	0	6.3491199016571045	104720	9929.309762954712	98453	5.984530175706652	
-3325364.7197216647	121.8	8.9375	171.3	103.075	-149.78146952263427	1309	726	189	13	315	187	51	7	83	51	0	0	6.256119012832642	104800	9935.565881967545	98528	5.984732824427482	
-3512830.8542979346	123.3375	9.0625	177.4	106.5875	-149.78146952263427	1310	726	201	13	459	271	39	7	83	51	0	0	7.4913060665130615	104880	9943.057188034058	98604	5.983981693363845	
-2800304.531653995	123.25	9.0625	175.3	105.4125	-149.78146952263427	1311	726	161	16	363	215	79	7	83	51	0	0	6.592395067214966	104960	9949.649583101273	98680	5.983231707317074	
-2125387.267830438	120.6875	9.2	178.5	107.3125	-149.78146952263427	1312	726	213	14	459	271	65	7	91	56	0	0	6.811455965042114	105040	9956.461039066315	98756	5.982482863670981	
-3237747.2238518875	120.425	8.886075949367088	165.73417721518987	99.81012658227849	-149.78146952263427	1313	727	174	12.0	299.0	178.0	66	7.0	83.0	51.0	0	0	5.90573787689209	105120	9962.366776943207	98831	5.982686453576875	
-3450393.712839938	121.5	9.0	168.7	101.525	-149.78146952263427	1314	727	167	18	507	299	73	7	83	51	0	0	6.1718909740448	105200	9968.538667917252	98907	5.981939163498097	
-3375363.3429009677	120.5125	9.25	173.2	104.1375	-149.78146952263427	1315	727	182	14	363	215	71	7	91	56	0	0	6.279045104980469	105280	9974.817713022232	98983	5.981193009118542	
-3487917.1878104033	120.2125	9.3625	179.2	107.6625	-149.78146952263427	1316	727	185	13	315	187	55	6	75	46	0	0	6.3786749839782715	105360	9981.19638800621	99059	5.9804479878511785	
-3325275.7278366224	118.8125	9.125	172.4	103.7125	-149.78146952263427	1317	727	166	13	347	206	63	7	83	51	0	0	6.054497003555298	105440	9987.250885009766	99133	5.981600910470405	
-2687834.7980863536	120.0	8.95	176.7	106.25	-149.78146952263427	1318	727	161	13	491	290	79	7	83	51	0	0	7.315879821777344	105520	9994.566764831543	99208	5.981804397270665	
-2262882.4046889623	120.3625	9.1625	174.2	104.775	-149.78146952263427	1319	727	154	12	251	150	86	8	115	70	0	0	6.190305233001709	105600	10000.757070064545	99284	5.981060606060609	
-2437842.9138717367	121.5	9.1	177.1	106.5	-149.78146952263427	1320	727	160	13	459	271	80	8	115	70	0	0	6.478250980377197	105680	10007.235321044922	99360	5.9803179409538245	
-3175370.9207336362	121.25	8.875	165.7	99.8	-149.78146952263427	1321	727	184	12	267	159	56	7	83	51	0	0	5.721002817153931	105760	10012.956323862076	99435	5.980521936459908	
-2662820.9450914413	123.45	9.08860759493671	173.22784810126583	104.24050632911393	-149.78146952263427	1322	728	192	16.0	331.0	196.0	48	7.0	83.0	51.0	0	0	5.720067977905273	105840	10018.676391839981	99510	5.980725623582757	
-1787883.5494216606	121.425	8.975	173.7	104.5125	-149.78146952263427	1323	728	181	13	459	271	59	7	91	56	0	0	6.805638074874878	105920	10025.482029914856	99586	5.979984894259815	
-2800366.6558124535	120.1875	9.0125	171.3	103.0625	-149.78146952263427	1324	728	175	14	459	271	65	7	83	51	0	0	6.6849448680877686	106000	10032.166974782944	99661	5.980188679245273	
-2637982.540569088	120.0	8.886075949367088	165.63291139240508	99.77215189873418	-149.78146952263427	1325	729	187	12.0	243.0	145.0	53	7.0	83.0	51.0	0	0	5.796119213104248	106080	10037.963093996048	99736	5.980392156862749	
-2762888.0446290113	122.8	8.89873417721519	172.72151898734177	103.9113924050633	-149.78146952263427	1326	730	187	13.0	315.0	187.0	57	6.0	75.0	46.0	0	0	6.324481010437012	106160	10044.287575006485	99810	5.981537302185387	
-3212774.9350766996	122.925	8.936708860759493	170.79746835443038	102.79746835443038	-149.78146952263427	1327	731	187	13.0	315.0	187.0	66	7.0	91.0	56.0	0	0	5.946699857711792	106240	10050.234274864197	99885	5.981739457831324	
-3712834.618991143	122.6375	9.0375	169.5	102.0125	-149.78146952263427	1328	731	199	15	307	182	54	6	75	46	0	0	6.021450996398926	106320	10056.255725860596	99960	5.9819413092550775	
-2812789.806850698	121.175	9.2125	182.4	109.6125	-149.78146952263427	1329	731	167	16	363	215	82	8	123	75	0	0	6.370734214782715	106400	10062.626460075378	100036	5.9812030075188005	
-3012778.569641442	120.0	9.0875	172.6	103.875	-149.78146952263427	1330	731	179	17	443	262	61	7	91	56	0	0	5.7692248821258545	106480	10068.395684957504	100112	5.980465815176558	
-3075394.5017965003	118.6	9.35	182.2	109.4375	-149.78146952263427	1331	731	202	13	323	192	38	8	107	65	0	0	6.964144945144653	106560	10075.359829902649	100188	5.979729729729726	
-3462808.2974952445	119.3875	9.139240506329115	176.56962025316454	106.15189873417721	-149.78146952263427	1332	732	187	14.0	315.0	187.0	53	7.0	83.0	51.0	0	0	6.487591028213501	106640	10081.847420930862	100263	5.979932483120777	
-1900316.4735101692	121.4375	9.063291139240507	173.126582278481	104.16455696202532	-149.78146952263427	1333	733	187	13.0	387.0	229.0	82	8.0	107.0	65.0	0	0	6.047562837600708	106720	10087.894983768463	100338	5.98013493253373	
-2637872.607633532	119.425	9.126582278481013	170.39240506329114	102.50632911392405	-149.78146952263427	1334	734	219	15.0	339.0	201.0	66	7.0	83.0	51.0	0	0	5.824104309082031	106800	10093.719088077545	100411	5.982209737827716	
-2800382.0398996463	118.35	9.2375	178.5	107.2875	-149.78146952263427	1335	734	142	15	339	201	95	7	91	56	0	0	6.0254740715026855	106880	10099.744562149048	100487	5.981474550898199	
-2750300.0430930303	119.65	9.075949367088608	173.9367088607595	104.60759493670886	-149.78146952263427	1336	735	172	15.0	307.0	182.0	68	7.0	83.0	51.0	0	0	6.088108777999878	106960	10105.832670927048	100562	5.981675392670155	
-2737826.882283825	119.6625	9.189873417721518	178.59493670886076	107.31645569620254	-149.78146952263427	1337	736	198	14.0	459.0	271.0	42	8.0	107.0	65.0	0	0	6.735483169555664	107040	10112.568154096603	100637	5.981875934230203	
-2825418.424551437	119.2125	9.125	176.7	106.2125	-149.78146952263427	1338	736	164	14	459	271	75	7	83	51	0	0	7.0095908641815186	107120	10119.577744960785	100713	5.981142643764002	
-2500357.2956147157	121.65	9.139240506329115	180.31645569620252	108.35443037974683	-149.78146952263427	1339	737	211	14.0	467.0	276.0	29	7.0	83.0	51.0	0	0	6.7551939487457275	107200	10126.33293890953	100788	5.981343283582092	
-2775354.9850220704	123.4125	9.0875	177.2	106.5375	-149.78146952263427	1340	737	248	15	363	215	63	7	83	51	0	0	6.293900966644287	107280	10132.626839876175	100864	5.980611483967195	
-3250303.2499610847	119.725	9.15	173.5	104.35	-149.78146952263427	1341	737	178	14	315	187	62	7	83	51	0	0	6.149183034896851	107360	10138.776022911072	100940	5.979880774962737	
-4275396.999680197	119.925	9.1625	177.0	106.3625	-149.78146952263427	1342	737	138	13	411	243	102	7	83	51	0	0	6.792562961578369	107440	10145.56858587265	101016	5.979151154132538	
-3675461.955176098	120.1625	9.0625	173.3	104.2	-149.78146952263427	1343	737	180	12	299	178	60	7	83	51	0	0	6.272505044937134	107520	10151.841090917587	101092	5.97842261904762	
-2737928.6358934427	120.8	8.9625	169.3	101.9125	-149.78146952263427	1344	737	161	11	299	178	79	7	83	51	0	0	6.01857590675354	107600	10157.85966682434	101168	5.977695167286242	
-2862903.9152591303	120.975	9.2875	180.2	108.2375	-149.78146952263427	1345	737	181	15	459	271	79	8	115	70	0	0	7.568722248077393	107680	10165.428389072418	101244	5.97696879643388	
-2525398.0074424334	121.95	9.1375	176.4	106.075	-149.78146952263427	1346	737	181	12	315	187	78	7	83	51	0	0	6.1264238357543945	107760	10171.554812908173	101320	5.976243504083143	
-2950470.5448939153	120.0	8.9375	169.8	102.2125	-149.78146952263427	1347	737	182	12	243	145	58	7	91	56	0	0	5.958138942718506	107840	10177.512951850891	101396	5.9755192878338335	
-2562856.2921966095	121.4875	9.265822784810126	176.36708860759492	106.0379746835443	-149.78146952263427	1348	738	198	14.0	339.0	201.0	42	8.0	115.0	70.0	0	0	6.293243885040283	107920	10183.806195735931	101471	5.97572275759822	
-2562808.7219763137	126.975	9.2	177.1	106.4375	-149.78146952263427	1349	738	182	15	531	313	88	8	107	65	0	0	7.3898351192474365	108000	10191.196030855179	101547	5.974999999999994	
-2837859.1749469885	127.75	9.2375	182.2	109.3875	-149.78146952263427	1350	738	226	13	507	299	65	7	91	56	0	0	8.000587940216064	108080	10199.196618795395	101623	5.974278312361207	
-2337859.961931868	120.9	9.125	175.1	105.2625	-149.78146952263427	1351	738	196	13	387	229	49	8	107	65	0	0	6.641075134277344	108160	10205.837693929672	101699	5.973557692307693	
-2775302.3753433847	122.5625	9.125	178.9	107.55	-149.78146952263427	1352	738	177	14	355	210	90	8	107	65	0	0	6.5897979736328125	108240	10212.427491903305	101775	5.97283813747228	
-2800364.8397122445	120.45	9.2	179.7	108.0	-149.78146952263427	1353	738	176	13	459	271	69	7	91	56	0	0	7.084197998046875	108320	10219.511689901352	101851	5.972119645494828	
-3025432.1954393527	121.975	9.2875	182.2	109.45	-149.78146952263427	1354	738	201	13	459	271	83	7	83	51	0	0	6.90715217590332	108400	10226.418842077255	101926	5.97232472324724	
-3025274.9089611717	121.8875	9.227848101265822	178.49367088607596	107.30379746835443	-149.78146952263427	1355	739	190	12.0	243.0	145.0	46	8.0	115.0	70.0	0	0	6.180085897445679	108480	10232.598927974701	102001	5.972529498525063	
-3112748.9589913734	121.8	9.139240506329115	174.13924050632912	104.72151898734177	-149.78146952263427	1356	740	190	13.0	459.0	271.0	50	7.0	83.0	51.0	0	0	6.8088860511779785	108560	10239.407814025879	102076	5.972733971997059	
-3012799.000857384	118.95	9.3625	178.8	107.4375	-149.78146952263427	1357	740	178	15	387	229	28	8	107	65	0	0	6.57204794883728	108640	10245.979861974716	102152	5.972017673048597	
-3700320.0927664437	120.0	9.139240506329115	177.0759493670886	106.43037974683544	-149.78146952263427	1358	741	184	13.0	315.0	187.0	56	7.0	91.0	56.0	0	0	6.359638929367065	108720	10252.339500904083	102227	5.9722222222222285	
-3362901.0581769897	122.6	8.9375	169.6	102.0625	-149.78146952263427	1359	741	182	12	259	154	60	7	83	51	0	0	6.401515007019043	108800	10258.741015911102	102302	5.972426470588232	
-3212794.1356817153	119.5875	9.2125	182.3	109.5125	-149.78146952263427	1360	741	179	15	307	182	61	7	83	51	0	0	6.651474952697754	108880	10265.3924908638	102378	5.971711976487882	
-2562798.527124767	120.625	9.05	175.5	105.55	-149.78146952263427	1361	741	179	12	267	159	61	8	107	65	0	0	6.121724843978882	108960	10271.514215707779	102454	5.970998531571212	
-3062893.036985767	121.7625	9.10126582278481	172.41772151898735	103.72151898734177	-149.78146952263427	1362	742	203	13.0	339.0	201.0	39	8.0	107.0	65.0	0	0	6.221894264221191	109040	10277.736109972	102529	5.971203228173152	
-2400430.6096541197	123.2625	9.25	183.6	110.3125	-149.78146952263427	1363	742	190	15	339	201	50	8	115	70	0	0	6.703372001647949	109120	10284.439481973648	102604	5.971407624633429	
-2837855.1688552396	122.275	9.177215189873417	176.77215189873417	106.22784810126582	-149.78146952263427	1364	743	205	15.0	315.0	187.0	35	6.0	75.0	46.0	0	0	6.3797221183776855	109200	10290.819204092026	102679	5.971611721611723	
-2487804.9698660234	120.8625	9.1375	172.5	103.75	-149.78146952263427	1365	743	190	14	307	182	50	7	107	65	0	0	6.655881881713867	109280	10297.47508597374	102755	5.970900439238662	
-3062829.356308535	119.1875	8.9875	166.8	100.4375	-149.78146952263427	1366	743	158	12	251	150	82	7	107	65	0	0	6.223358869552612	109360	10303.698444843292	102831	5.970190197512807	
-3900266.7827894986	121.425	8.85	166.0	99.975	-149.78146952263427	1367	743	192	13	259	154	48	7	83	51	0	0	6.118956089019775	109440	10309.817400932312	102907	5.969480994152036	
-2437827.341949291	121.9	8.8625	170.3	102.525	-149.78146952263427	1368	743	177	12	235	140	83	7	107	65	0	0	5.711504936218262	109520	10315.52890586853	102982	5.969685902118343	
-4025291.3594040736	120.575	9.075	170.3	102.4375	-149.78146952263427	1369	743	179	12	267	159	61	6	75	46	0	0	6.575082063674927	109600	10322.103987932205	103058	5.96897810218978	
-3437869.894778423	118.75	9.225	174.8	105.0875	-149.78146952263427	1370	743	162	15	339	201	61	6	75	46	0	0	6.462445974349976	109680	10328.566433906555	103134	5.968271334792121	
-2825300.4566866728	120.525	9.075	175.0	105.2625	-149.78146952263427	1371	743	163	13	315	187	79	7	83	51	0	0	6.1302878856658936	109760	10334.696721792221	103210	5.96756559766763	
-2762895.654550334	119.475	9.2375	181.1	108.775	-149.78146952263427	1372	743	194	15	563	332	46	8	107	65	0	0	7.774256229400635	109840	10342.470978021622	103286	5.966860888565179	
-3925333.819315447	121.8375	9.3	177.3	106.525	-149.78146952263427	1373	743	201	16	339	201	77	7	83	51	0	0	7.1659088134765625	109920	10349.636886835098	103362	5.9661572052401795	
-3175301.350406143	117.2625	9.2375	175.2	105.3375	-149.78146952263427	1374	743	186	15	459	271	54	7	83	51	0	0	6.829319000244141	110000	10356.466205835342	103438	5.965454545454534	
-3300311.196960923	120.0875	9.15	174.9	105.2	-149.78146952263427	1375	743	163	14	323	192	77	7	83	51	0	0	6.227390289306641	110080	10362.693596124649	103514	5.9647529069767415	
-2912910.1496061655	122.4375	9.2125	176.7	106.2125	-149.78146952263427	1376	743	146	13	307	182	94	7	83	51	0	0	6.470508813858032	110160	10369.164104938507	103590	5.964052287581694	
-2650323.417888499	122.9	9.0875	174.6	105.0	-149.78146952263427	1377	743	182	15	307	182	58	7	83	51	0	0	6.301702976226807	110240	10375.465807914734	103666	5.963352685050793	
-2650362.1207195604	121.125	9.0625	171.8	103.3625	-149.78146952263427	1378	743	190	13	275	164	50	7	83	51	0	0	6.390271186828613	110320	10381.856079101562	103742	5.962654097171864	
-3100401.8698897352	119.35	8.9375	167.5	100.8375	-149.78146952263427	1379	743	196	13	459	271	44	7	91	56	0	0	6.4024817943573	110400	10388.25856089592	103818	5.9619565217391255	
-3175319.8189006015	122.775	8.95	166.6	100.2875	-149.78146952263427	1380	743	191	15	307	182	81	8	107	65	0	0	6.208155155181885	110480	10394.466716051102	103893	5.962165097755246	
-3025468.6566444556	121.525	8.8625	170.5	102.6125	-149.78146952263427	1381	743	177	13	387	229	67	7	83	51	0	0	6.457769870758057	110560	10400.92448592186	103969	5.961468885672943	
-3937817.9169871435	120.0	8.9	165.9	99.925	-149.78146952263427	1382	743	182	15	299	178	58	7	83	51	0	0	5.916226863861084	110640	10406.84071278572	104045	5.9607736804049125	
-2437881.4390603444	118.825	8.8	164.1	98.8875	-149.78146952263427	1383	743	184	12	243	145	56	7	91	56	0	0	5.514321327209473	110720	10412.35503411293	104120	5.960982658959537	
-3275346.86603192	119.1	8.9125	163.3	98.35	-149.78146952263427	1384	743	174	13	315	187	66	7	83	51	0	0	5.915326833724976	110800	10418.270360946655	104196	5.960288808664259	
-3087840.494718303	119.4375	9.075	168.9	101.6125	-149.78146952263427	1385	743	157	15	307	182	83	7	83	51	0	0	6.440093994140625	110880	10424.710454940796	104272	5.9595959595959584	
-3150298.0298725674	119.5125	9.05	169.0	101.6625	-149.78146952263427	1386	743	188	15	315	187	52	7	83	51	0	0	6.459233999252319	110960	10431.169688940048	104348	5.958904109589042	
-3012754.182063506	118.275	8.6625	158.8	95.725	-149.78146952263427	1387	743	167	14	347	206	73	6	75	46	0	0	5.8942201137542725	111040	10437.063909053802	104424	5.958213256484143	
-3037827.2076737722	118.35	8.7375	162.8	98.1375	-149.78146952263427	1388	743	167	11	235	140	73	8	107	65	0	0	5.573482990264893	111120	10442.637392044067	104500	5.957523398128146	
-2737863.23858549	119.8	8.975	174.1	104.7375	-149.78146952263427	1389	743	183	14	315	187	57	8	107	65	0	0	6.041248083114624	111200	10448.678640127182	104576	5.956834532374103	
-2287870.319444639	121.1	9.05	169.5	101.9875	-149.78146952263427	1390	743	178	14	371	220	62	8	107	65	0	0	6.39093279838562	111280	10455.069572925568	104652	5.956146657081234	
-4150340.0381566985	120.7375	9.1375	175.9	105.725	-149.78146952263427	1391	743	183	12	315	187	65	7	91	56	0	0	7.018752098083496	111360	10462.088325023651	104728	5.955459770114942	
-3162856.9221842913	120.9	9.15	176.5	106.0625	-149.78146952263427	1392	743	180	13	307	182	60	6	75	46	0	0	6.922379970550537	111440	10469.010704994202	104804	5.954773869346724	
-3387805.3977531604	121.3875	8.975	173.1	104.1125	-149.78146952263427	1393	743	180	12	291	173	67	7	83	51	0	0	6.227672815322876	111520	10475.238377809525	104880	5.9540889526542315	
-2612856.491161174	120.6125	9.0375	170.8	102.7875	-149.78146952263427	1394	743	183	12	347	206	51	7	83	51	0	0	5.982095241546631	111600	10481.220473051071	104956	5.953405017921142	
-2687872.9403927354	121.1	9.2	179.0	107.575	-149.78146952263427	1395	743	193	13	371	220	47	8	115	70	0	0	6.487790107727051	111680	10487.708263158798	105032	5.952722063037257	
-2437869.1424423605	121.6875	9.15	173.4	104.2875	-149.78146952263427	1396	743	193	15	387	229	84	8	107	65	0	0	6.4817657470703125	111760	10494.190028905869	105108	5.952040085898361	
-3712782.74400462	120.0	9.25	178.3	107.1625	-149.78146952263427	1397	743	203	15	387	229	37	7	83	51	0	0	6.488129138946533	111840	10500.678158044815	105184	5.951359084406292	
-3425386.292063835	120.0	9.025316455696203	170.59493670886076	102.69620253164557	-149.78146952263427	1398	744	164	15.0	387.0	229.0	76	8.0	107.0	65.0	0	0	6.005460977554321	111920	10506.68361902237	105259	5.951572551822721	
-2312801.00642608	119.4875	9.113924050632912	176.9746835443038	106.40506329113924	-149.78146952263427	1399	745	205	14.0	411.0	243.0	35	8.0	107.0	65.0	0	0	6.650205850601196	112000	10513.33382487297	105334	5.95178571428572	
-1675406.0090852992	120.0	9.025	176.8	106.3	-149.78146952263427	1400	745	162	14	307	182	78	7	83	51	0	0	6.07179594039917	112080	10519.40562081337	105410	5.951106352605279	
-3437910.292269604	120.0	9.2625	185.3	111.225	-149.78146952263427	1401	745	166	15	459	271	74	7	91	56	0	0	7.590291976928711	112160	10526.995912790298	105486	5.9504279600570555	
-2262859.6165678375	119.15	9.2	181.8	109.2125	-149.78146952263427	1402	745	167	16	563	332	73	8	107	65	0	0	7.599154233932495	112240	10534.595067024231	105562	5.9497505345687784	
-4487767.777514343	120.2	9.225	174.1	104.6625	-149.78146952263427	1403	745	181	15	459	271	59	7	83	51	0	0	6.910374879837036	112320	10541.505441904068	105638	5.949074074074076	
-2337824.6436427264	122.725	9.0375	175.0	105.275	-149.78146952263427	1404	745	169	14	459	271	78	7	99	61	0	0	6.470868110656738	112400	10547.976310014725	105714	5.94839857651246	
-2450314.530425332	120.325	9.025	171.9	103.4625	-149.78146952263427	1405	745	161	12	243	145	79	8	115	70	0	0	5.771175861358643	112480	10553.747485876083	105790	5.9477240398293105	
-3312818.3262425656	119.9375	9.2625	177.5	106.6875	-149.78146952263427	1406	745	158	13	467	276	82	8	107	65	0	0	6.668507099151611	112560	10560.415992975235	105866	5.947050461975834	
-2975272.208278133	121.0875	8.925	167.8	101.025	-149.78146952263427	1407	745	178	13	459	271	62	7	83	51	0	0	6.091495990753174	112640	10566.507488965988	105941	5.947265625	
-2925276.664370694	120.225	8.975	167.4	100.7875	-149.78146952263427	1408	745	212	14	283	168	28	7	83	51	0	0	6.22182297706604	112720	10572.729311943054	106017	5.94659332860185	
-3775370.5845398335	120.1875	9.0875	168.4	101.35	-149.78146952263427	1409	745	167	15	307	182	73	7	83	51	0	0	6.2622129917144775	112800	10578.991524934769	106093	5.945921985815602	
-3850344.6778556095	120.475	9.05	170.0	102.2625	-149.78146952263427	1410	745	179	13	315	187	56	6	75	46	0	0	6.707525014877319	112880	10585.699049949646	106168	5.94613749114103	
-3437874.5374708893	121.3375	9.1375	174.7	105.0375	-149.78146952263427	1411	745	171	14	339	201	69	7	83	51	0	0	6.418113946914673	112960	10592.11716389656	106244	5.945467422096314	
-2750359.5855947495	122.075	9.0875	171.4	103.1375	-149.78146952263427	1412	745	182	12	235	140	58	8	107	65	0	0	6.180943012237549	113040	10598.298106908798	106319	5.945682944090592	
-2575368.370018876	120.55	8.8875	167.4	100.825	-149.78146952263427	1413	745	175	15	307	182	65	8	107	65	0	0	5.5266032218933105	113120	10603.824710130692	106395	5.945014144271568	
-3562858.457932953	120.9875	9.2125	176.9	106.325	-149.78146952263427	1414	745	175	13	283	168	67	8	107	65	0	0	6.6120898723602295	113200	10610.436800003052	106471	5.944346289752659	
-2412883.7557309745	121.5	8.9625	171.8	103.3875	-149.78146952263427	1415	745	175	12	235	140	67	7	83	51	0	0	6.014621734619141	113280	10616.45142173767	106547	5.943679378531073	
-2825350.204478461	119.775	8.975	171.2	103.0125	-149.78146952263427	1416	745	177	12	259	154	56	6	75	46	0	0	5.940505266189575	113360	10622.39192700386	106623	5.943013408609744	
-3387903.1971655274	120.1	8.924050632911392	167.0506329113924	100.59493670886076	-149.78146952263427	1417	746	212	12.0	243.0	145.0	28	7.0	91.0	56.0	0	0	5.825305938720703	113440	10628.217232942581	106698	5.9432299012694045	
-3800331.1846278473	120.575	8.962025316455696	163.91139240506328	98.70886075949367	-149.78146952263427	1418	747	184	16.0	299.0	177.0	56	7.0	83.0	51.0	0	0	6.1353600025177	113520	10634.352592945099	106773	5.9434460887949285	
-3487830.02400699	118.6125	9.375	182.2	109.45	-149.78146952263427	1419	747	166	15	459	271	74	7	83	51	0	0	7.389983177185059	113600	10641.742576122284	106849	5.942781690140848	
-2975307.579707948	120.4125	8.975	167.7	100.9625	-149.78146952263427	1420	747	188	15	459	271	52	7	83	51	0	0	6.859641790390015	113680	10648.602217912674	106925	5.942118226600996	
-1875433.5186439217	119.9125	9.025	172.8	103.9625	-149.78146952263427	1421	747	180	14	459	271	60	8	107	65	0	0	6.7990429401397705	113760	10655.401260852814	107001	5.941455696202539	
-2425344.1678621992	119.975	8.8625	167.2	100.6875	-149.78146952263427	1422	747	199	12	267	159	41	6	75	46	0	0	5.840662002563477	113840	10661.241922855377	107077	5.940794096978223	
-2787804.453704529	121.25	8.9625	172.2	103.575	-149.78146952263427	1423	747	164	12	267	159	93	7	83	51	0	0	6.337254047393799	113920	10667.579176902771	107153	5.940133426966284	
-2925425.1183494283	120.5375	9.192307692307692	179.71794871794873	107.97435897435898	-149.78146952263427	1424	749	184	12.0	275.0	164.0	62	7.0	91.0	56.0	0	0	6.237014055252075	114000	10673.816190958023	107227	5.941228070175441	
-1625389.6670598336	120.05	9.050632911392405	172.41772151898735	103.73417721518987	-149.78146952263427	1425	750	204	12.0	315.0	187.0	36	7.0	83.0	51.0	0	0	5.860898017883301	114080	10679.677088975906	107302	5.941444600280505	
-2612856.9558171383	121.575	9.075	169.5	102.0	-149.78146952263427	1426	750	215	13	259	154	73	7	83	51	0	0	5.970679044723511	114160	10685.64776802063	107378	5.940784863349677	
-3012875.0335034197	121.9625	8.810126582278482	166.34177215189874	100.18987341772151	-149.78146952263427	1427	751	208	13.0	363.0	215.0	32	7.0	83.0	51.0	0	0	5.964166879653931	114240	10691.611934900284	107453	5.941001400560225	
-3137899.8603237374	122.3	9.1125	170.4	102.5375	-149.78146952263427	1428	751	208	13	291	173	54	6	75	46	0	0	6.036906003952026	114320	10697.648840904236	107528	5.941217634709588	
-2175443.4803341497	120.9625	9.278481012658228	180.21518987341773	108.30379746835443	-149.78146952263427	1429	752	167	14.0	459.0	271.0	33	7.0	83.0	51.0	0	0	6.573033809661865	114400	10704.221874713898	107602	5.942307692307693	
-3212812.142616315	119.375	9.26923076923077	177.46153846153845	106.64102564102564	-149.78146952263427	1430	754	203	16.0	331.0	196.0	37	6.0	75.0	46.0	0	0	6.580384016036987	114480	10710.802258729935	107676	5.9433962264151035	
-3050434.777557499	122.075	8.725	159.3	96.075	-149.78146952263427	1431	754	203	12	243	145	72	7	91	56	0	0	5.277612209320068	114560	10716.079870939255	107752	5.942737430167597	
-2687796.0933407787	120.0	9.0625	174.9	105.2	-149.78146952263427	1432	754	178	14	387	229	62	7	91	56	0	0	6.170421838760376	114640	10722.250292778015	107828	5.942079553384502	
-3612794.9770310745	120.05	9.0875	177.0	106.4	-149.78146952263427	1433	754	163	12	323	192	77	7	83	51	0	0	6.466816186904907	114720	10728.71710896492	107903	5.942294281729431	
-2412913.843515849	120.5625	8.8875	169.8	102.1625	-149.78146952263427	1434	754	170	12	395	234	70	6	75	46	0	0	6.2535789012908936	114800	10734.970687866211	107979	5.941637630662029	
-3875356.717346359	120.8875	9.0125	170.2	102.4	-149.78146952263427	1435	754	190	15	307	182	48	7	83	51	0	0	6.050112009048462	114880	10741.02079987526	108054	5.941852367688028	
-2737859.207674007	120.2125	9.1625	178.6	107.3625	-149.78146952263427	1436	754	182	13	339	201	57	8	107	65	0	0	6.343552112579346	114960	10747.364351987839	108130	5.941196938065417	
-3425346.5593750514	120.0375	9.2	179.3	107.75	-149.78146952263427	1437	754	180	13	371	220	60	7	91	56	0	0	6.539751052856445	115040	10753.904103040695	108205	5.941411682892905	
-3025361.9427042315	121.5	9.227848101265822	175.65822784810126	105.59493670886076	-149.78146952263427	1438	755	169	14.0	371.0	220.0	82	7.0	99.0	61.0	0	0	6.9616029262542725	115120	10760.86570596695	108280	5.941626129256434	
-3512775.4026214294	118.25	9.1875	178.5	107.2375	-149.78146952263427	1439	755	206	14	387	229	34	7	91	56	0	0	6.947046995162964	115200	10767.812752962112	108356	5.940972222222214	
-3750277.4200178823	118.15	9.227848101265822	174.2405063291139	104.77215189873418	-149.78146952263427	1440	756	186	13.0	371.0	220.0	54	7.0	83.0	51.0	0	0	6.2657458782196045	115280	10774.078498840332	108431	5.9411866759194965	
-2700307.79036543	118.4375	8.95	168.5	101.4375	-149.78146952263427	1441	756	162	13	259	154	63	8	115	70	0	0	5.983425140380859	115360	10780.061923980713	108507	5.940533980582529	
-2775403.6012044	119.4	8.95	170.1	102.3875	-149.78146952263427	1442	756	204	12	315	187	36	6	75	46	0	0	5.946325063705444	115440	10786.008249044418	108583	5.939882189882198	
-3125355.6083686887	119.0	9.30379746835443	178.29113924050634	107.18987341772151	-149.78146952263427	1443	757	185	15.0	411.0	243.0	55	8.0	107.0	65.0	0	0	6.549715995788574	115520	10792.557965040207	108658	5.94009695290859	
-3325293.1259628087	123.2125	8.7625	161.8	97.5375	-149.78146952263427	1444	757	185	11	291	173	61	6	75	46	0	0	5.778333902359009	115600	10798.336298942566	108734	5.939446366782008	
-2600336.636719972	121.45	9.25	182.9	109.9	-149.78146952263427	1445	757	153	14	459	271	89	8	115	70	0	0	6.533724784851074	115680	10804.870023727417	108810	5.93879668049793	
-3725406.2907754765	120.725	9.125	172.9	103.9875	-149.78146952263427	1446	757	171	13	363	215	81	7	83	51	0	0	6.4508421421051025	115760	10811.320865869522	108886	5.938147892190742	
-2737883.3933752384	121.8125	9.025	170.9	102.875	-149.78146952263427	1447	757	157	13	371	220	83	8	107	65	0	0	5.834335088729858	115840	10817.155200958252	108962	5.9375	
-3025417.521668083	121.5	8.95	167.4	100.775	-149.78146952263427	1448	757	191	12	251	150	49	8	107	65	0	0	6.333534002304077	115920	10823.488734960556	109038	5.936853002070393	
-2875281.8692284995	119.8375	9.075	174.3	104.85	-149.78146952263427	1449	757	192	15	283	168	48	8	107	65	0	0	6.238842010498047	116000	10829.727576971054	109114	5.936206896551724	
-3287887.9105532854	120.3	9.012658227848101	173.32911392405063	104.24050632911393	-149.78146952263427	1450	758	189	12.0	243.0	145.0	51	6.0	75.0	46.0	0	0	6.170741081237793	116080	10835.898318052292	109188	5.937284631288762	
-3662928.430248869	119.125	8.962025316455696	168.77215189873417	101.56962025316456	-149.78146952263427	1451	759	184	13.0	275.0	164.0	56	7.0	83.0	51.0	0	0	6.122734069824219	116160	10842.021052122116	109263	5.9375	
-2975314.670306842	119.6875	9.139240506329115	173.9367088607595	104.59493670886076	-149.78146952263427	1452	760	186	14.0	307.0	182.0	54	8.0	115.0	70.0	0	0	6.360675811767578	116240	10848.381727933884	109338	5.937715072264282	
-3862831.261510608	119.3125	9.063291139240507	172.51898734177215	103.77215189873418	-149.78146952263427	1453	761	183	13.0	299.0	178.0	57	7.0	83.0	51.0	0	0	6.15793514251709	116320	10854.5396630764	109413	5.937929848693258	
-3425279.6781775737	125.525	9.20253164556962	176.26582278481013	105.9493670886076	-149.78146952263427	1454	762	179	12.0	291.0	173.0	65	7.0	83.0	51.0	0	0	6.4542107582092285	116400	10860.99387383461	109487	5.93900343642612	
-3575301.133292609	125.425	8.95	169.5	102.025	-149.78146952263427	1455	762	239	12	267	159	77	7	83	51	0	0	5.9114670753479	116480	10866.905340909958	109563	5.938358516483518	
-3187803.703490454	120.15	9.2125	180.5	108.4625	-149.78146952263427	1456	762	181	13	307	182	59	7	99	61	0	0	6.699199199676514	116560	10873.604540109634	109639	5.937714481811938	
-2987962.2639278867	119.9	9.15	180.0	108.15	-149.78146952263427	1457	762	188	14	563	332	52	7	91	56	0	0	7.250062704086304	116640	10880.85460281372	109714	5.937928669410155	
-2925308.324364076	124.6625	9.012658227848101	170.29113924050634	102.45569620253164	-149.78146952263427	1458	763	214	14.0	347.0	206.0	35	7.0	83.0	51.0	0	0	6.3012800216674805	116720	10887.155882835388	109787	5.9398560657984945	
-2775285.294649887	126.325	8.835443037974683	160.67088607594937	96.83544303797468	-149.78146952263427	1459	764	196	13.0	307.0	182.0	55	7.0	83.0	51.0	0	0	6.134112119674683	116800	10893.289994955063	109862	5.94006849315069	
-2587858.7848056564	124.35	8.9625	168.3	101.325	-149.78146952263427	1460	764	223	13	291	173	75	8	107	65	0	0	6.015497922897339	116880	10899.30549287796	109938	5.939425051334695	
-2625329.7744833813	124.35	8.9125	168.1	101.2	-149.78146952263427	1461	764	178	12	267	159	102	8	107	65	0	0	5.8142688274383545	116960	10905.119761705399	110013	5.939637482900139	
-2350363.2983384817	124.5625	9.05	169.1	101.775	-149.78146952263427	1462	764	178	12	267	159	83	7	83	51	0	0	5.972966194152832	117040	10911.092727899551	110088	5.939849624060145	
-3825341.8021697626	122.175	8.8125	162.9	98.15	-149.78146952263427	1463	764	206	12	243	145	68	7	83	51	0	0	5.934429883956909	117120	10917.027157783508	110164	5.939207650273232	
-3337906.2193280915	121.425	8.8875	169.6	102.1	-149.78146952263427	1464	764	178	11	235	140	72	8	115	70	0	0	5.913365125656128	117200	10922.940522909164	110240	5.9385665529010225	
-2787885.2963699987	120.025	9.1625	175.0	105.225	-149.78146952263427	1465	764	190	14	315	187	50	8	115	70	0	0	6.5265820026397705	117280	10929.467104911804	110316	5.937926330150063	
-3325249.3452616357	120.1125	9.215189873417721	180.0126582278481	108.15189873417721	-149.78146952263427	1466	765	198	14.0	339.0	201.0	42	8.0	107.0	65.0	0	0	6.5558881759643555	117360	10936.022993087769	110390	5.938991138377631	
-3200248.4052895685	120.2375	9.128205128205128	177.76923076923077	106.83333333333333	-149.78146952263427	1467	767	209	16.0	331.0	196.0	31	7.0	83.0	51.0	0	0	6.548065662384033	117440	10942.571058750153	110464	5.940054495912804	
-3262826.2368119177	120.2375	9.038461538461538	174.17948717948718	104.78205128205128	-149.78146952263427	1468	769	189	14.0	307.0	182.0	45	7.0	91.0	56.0	0	0	6.025373220443726	117520	10948.596431970596	110538	5.9411164057181765	
-4075237.6329603298	120.1375	9.025641025641026	168.43589743589743	101.37179487179488	-149.78146952263427	1469	771	198	14.0	307.0	182.0	42	8.0	107.0	65.0	0	0	6.189800977706909	117600	10954.786232948303	110612	5.942176870748298	
-2825247.507021127	121.6125	8.975	170.1	102.3375	-149.78146952263427	1470	771	194	14	307	182	46	7	83	51	0	0	6.392397165298462	117680	10961.178630113602	110688	5.941536369816447	
-2912828.7691978896	119.6	8.9875	173.7	104.4875	-149.78146952263427	1471	771	176	15	347	206	66	8	107	65	0	0	6.2466418743133545	117760	10967.425271987915	110764	5.940896739130437	
-3262731.3601319413	119.725	9.4875	187.4	112.4625	-149.78146952263427	1472	771	135	15	459	271	95	7	83	51	0	0	7.31371808052063	117840	10974.738990068436	110840	5.940257976917849	
-2575326.2802952253	120.0	9.3125	180.3	108.3375	-149.78146952263427	1473	771	178	14	315	187	62	7	83	51	0	0	6.521381855010986	117920	10981.260371923447	110916	5.939620081411121	
-2675354.68823096	122.2	9.375	182.4	109.575	-149.78146952263427	1474	771	185	15	363	215	55	7	83	51	0	0	5.819169044494629	118000	10987.079540967941	110991	5.9398305084745715	
-2812873.651764528	124.2625	9.0625	168.9	101.6375	-149.78146952263427	1475	771	219	15	307	182	45	8	107	65	0	0	5.199126958847046	118080	10992.278667926788	111066	5.940040650406502	
-2412858.0259400187	122.95	9.075949367088608	168.26582278481013	101.29113924050633	-149.78146952263427	1476	772	200	17.0	339.0	201.0	40	7.0	99.0	61.0	0	0	4.842195987701416	118160	10997.12086391449	111139	5.941943127962091	
-3075348.8072449686	124.4625	9.253164556962025	177.37974683544303	106.62025316455696	-149.78146952263427	1477	773	191	15.0	339.0	201.0	15	7.0	83.0	51.0	0	0	5.652915954589844	118240	11002.77377986908	111214	5.942151556156972	
-3200302.4028347814	123.9	9.0875	170.9	102.8125	-149.78146952263427	1478	773	202	14	315	187	38	7	83	51	0	0	5.361062049865723	118320	11008.134841918945	111290	5.941514536849226	
-3500317.9825505638	123.6	9.2125	173.4	104.275	-149.78146952263427	1479	773	172	15	307	182	68	8	107	65	0	0	5.418114185333252	118400	11013.552956104279	111366	5.940878378378372	
-2950322.232386374	121.15	9.164556962025317	168.46835443037975	101.39240506329114	-149.78146952263427	1480	774	195	15.0	307.0	182.0	64	6.0	75.0	46.0	0	0	5.051891803741455	118480	11018.60484790802	111440	5.941931127616471	
-3087898.8816364883	124.7625	9.275	178.8	107.4375	-149.78146952263427	1481	774	195	14	339	201	78	8	107	65	0	0	5.527678966522217	118560	11024.132526874542	111515	5.942139001349517	
-3525435.7472844184	120.8125	9.15	174.7	105.0375	-149.78146952263427	1482	774	196	15	459	271	85	7	83	51	0	0	5.68264102935791	118640	11029.8151679039	111591	5.941503708698576	
-2975421.7275071344	121.15	9.0875	171.3	103.0875	-149.78146952263427	1483	774	207	14	315	187	45	8	107	65	0	0	5.057790994644165	118720	11034.872958898544	111667	5.940869272237194	
-3650432.2207408072	120.275	9.125	169.3	101.8875	-149.78146952263427	1484	774	198	15	307	182	42	8	107	65	0	0	5.244923114776611	118800	11040.117882013321	111743	5.940235690235696	
-2062917.5470033889	125.4875	8.825	163.6	98.55	-149.78146952263427	1485	774	232	11	235	140	49	7	91	56	0	0	5.013105869293213	118880	11045.130987882614	111819	5.939602960969054	
-3037752.3392840726	134.4375	9.0375	173.1	104.125	-149.78146952263427	1486	774	254	13	467	276	61	7	83	51	0	0	5.400227069854736	118960	11050.531214952469	111895	5.938971082716876	
-2962825.1566411173	124.375	9.05	168.6	101.4875	-149.78146952263427	1487	774	207	12	235	140	33	7	83	51	0	0	5.093996047973633	119040	11055.625211000443	111971	5.93834005376344	
-2350368.1300763697	127.6	8.7375	158.1	95.35	-149.78146952263427	1488	774	234	10	219	131	63	7	91	56	0	0	4.5043089389801025	119120	11060.129519939423	112047	5.937709872397576	
-3425321.7853590725	124.6875	9.0875	174.8	105.1	-149.78146952263427	1489	774	209	13	347	206	82	7	83	51	0	0	5.432362079620361	119200	11065.561882019043	112123	5.9370805369127595	
-3050275.9164835894	122.05	9.0	179.0	107.62025316455696	-149.78146952263427	1490	775	209	13.0	315.0	187.0	44	8.0	107.0	65.0	0	0	4.847355842590332	119280	11070.409237861633	112197	5.938128772635821	
-3912806.3052002727	121.875	9.025	175.2	105.3375	-149.78146952263427	1491	775	200	13	283	168	90	7	83	51	0	0	5.1286940574646	119360	11075.537931919098	112273	5.9375	
-3437880.3502131836	121.1	9.227848101265822	175.0506329113924	105.18987341772151	-149.78146952263427	1492	776	181	17.0	355.0	210.0	59	7.0	83.0	51.0	0	0	5.467832088470459	119440	11081.005764007568	112348	5.937709310113874	
-2975330.492350125	122.65	9.0375	168.1	101.1625	-149.78146952263427	1493	776	230	13	315	187	36	7	91	56	0	0	5.0609729290008545	119520	11086.06673693657	112424	5.937081659973231	
-2275357.8711414495	120.3	8.975	170.3	102.4875	-149.78146952263427	1494	776	151	12	243	145	36	7	91	56	0	0	5.053328990936279	119600	11091.120065927505	112500	5.9364548494983325	
-2800347.315857708	120.4375	8.975	165.8	99.85	-149.78146952263427	1495	776	180	12	235	140	60	7	83	51	0	0	4.604809045791626	119680	11095.724874973297	112576	5.935828877005349	
-4075408.51952423	121.5375	9.050632911392405	166.44303797468353	100.17721518987342	-149.78146952263427	1496	777	196	13.0	259.0	154.0	60	7.0	83.0	51.0	0	0	4.952396869659424	119760	11100.677271842957	112650	5.936873747494985	
-3962853.836934693	120.2625	9.151898734177216	174.0379746835443	104.67088607594937	-149.78146952263427	1497	778	190	13.0	363.0	215.0	50	7.0	99.0	61.0	0	0	5.288636922836304	119840	11105.965908765793	112725	5.9370827770360535	
-2612856.359997048	122.7125	9.25	175.1	105.275	-149.78146952263427	1498	778	189	15	339	201	65	8	107	65	0	0	5.56723427772522	119920	11111.533143043518	112800	5.937291527685119	
-2462909.9425757336	119.95	9.253164556962025	177.0759493670886	106.48101265822785	-149.78146952263427	1499	779	202	14.0	331.0	196.0	38	7.0	91.0	56.0	0	0	5.042722940444946	120000	11116.575865983963	112875	5.9375	
-3037790.033764934	120.075	9.3375	181.5	109.0125	-149.78146952263427	1500	779	187	16	459	271	53	7	83	51	0	0	5.9455249309539795	120080	11122.521390914917	112951	5.936875416389071	
