0	[-187.74007019016895, -1]
1	[-183.07684990224848, -1]
1	[-168.2676424854123, -2]
2	[-5071.911124992507, 0]
2	[-131.71856623467926, -1]
2	[-131.154938912239, -3]
3	[-201.84330272206802, 0]
3	[-131.71856623467926, -1]
3	[-131.154938912239, -3]
4	[-201.84330272206802, 0]
4	[-127.6994334129048, -1]
5	[-127.565570644885, 0]
5	[-98.78842999405802, -3]
6	[-127.565570644885, 0]
6	[-125.21842586101553, -1]
6	[-98.78842999405802, -3]
7	[-127.565570644885, 0]
7	[-107.9528708183734, -1]
7	[-98.78842999405802, -3]
8	[-127.565570644885, 0]
8	[-107.9528708183734, -1]
8	[-98.78842999405802, -3]
9	[-107.47441693279731, 0]
9	[-98.78842999405802, -3]
10	[-106.42746849814074, 0]
10	[-104.10212072422608, -1]
10	[-97.83049533606707, -3]
11	[-106.42746849814074, 0]
11	[-106.42746849814074, 0]
11	[-103.53185690082728, -1]
11	[-89.76893904844519, -3]
12	[-97.50489934624272, 0]
12	[-89.76893904844519, -3]
13	[-97.50489934624272, 0]
13	[-89.76893904844519, -3]
14	[-97.50489934624272, 0]
14	[-89.76893904844519, -3]
15	[-97.50489934624272, 0]
15	[-89.76893904844519, -3]
16	[-97.50489934624272, 0]
16	[-87.72340254778345, -2]
17	[-97.50489934624272, 0]
17	[-87.72340254778345, -2]
18	[-97.50489934624272, 0]
18	[-87.72340254778345, -2]
19	[-96.92410082842392, 0]
19	[-93.89172753701173, -1]
19	[-87.72340254778345, -2]
20	[-90.72441599481789, 0]
20	[-87.59524284985078, -2]
20	[-87.36684625701567, -3]
21	[-79.05097425918353, 0]
22	[-79.05097425918353, 0]
23	[-79.05097425918353, 0]
23	[-79.05097425918353, 0]
24	[-79.05097425918353, 0]
24	[-79.05097425918353, 0]
24	[-79.05097425918353, 0]
24	[-79.05097425918353, 0]
24	[-79.05097425918353, 0]
24	[-79.05097425918353, 0]
25	[-79.05097425918353, 0]
25	[-79.05097425918353, 0]
25	[-79.05097425918353, 0]
25	[-79.05097425918353, 0]
25	[-79.05097425918353, 0]
25	[-79.05097425918353, 0]
25	[-79.05097425918353, 0]
25	[-79.05097425918353, 0]
25	[-79.05097425918353, 0]
25	[-79.05097425918353, 0]
25	[-79.05097425918353, 0]
25	[-79.05097425918353, 0]
25	[-79.05097425918353, 0]
25	[-79.05097425918353, 0]
26	[-79.05097425918353, 0]
26	[-79.05097425918353, 0]
26	[-79.05097425918353, 0]
26	[-79.05097425918353, 0]
26	[-79.05097425918353, 0]
26	[-79.05097425918353, 0]
26	[-79.05097425918353, 0]
26	[-79.05097425918353, 0]
26	[-79.05097425918353, 0]
26	[-79.05097425918353, 0]
26	[-79.05097425918353, 0]
26	[-79.05097425918353, 0]
26	[-79.05097425918353, 0]
26	[-79.05097425918353, 0]
26	[-79.05097425918353, 0]
26	[-79.05097425918353, 0]
26	[-79.05097425918353, 0]
26	[-79.05097425918353, 0]
26	[-79.05097425918353, 0]
26	[-73.94170970786948, -2]
27	[-79.05097425918353, 0]
27	[-79.05097425918353, 0]
27	[-79.05097425918353, 0]
27	[-79.05097425918353, 0]
27	[-79.05097425918353, 0]
27	[-79.05097425918353, 0]
27	[-79.05097425918353, 0]
27	[-79.05097425918353, 0]
27	[-79.05097425918353, 0]
27	[-79.05097425918353, 0]
27	[-79.05097425918353, 0]
27	[-79.05097425918353, 0]
27	[-79.05097425918353, 0]
27	[-79.05097425918353, 0]
27	[-79.05097425918353, 0]
27	[-79.05097425918353, 0]
27	[-79.05097425918353, 0]
27	[-79.05097425918353, 0]
27	[-79.05097425918353, 0]
27	[-79.05097425918353, 0]
27	[-79.05097425918353, 0]
27	[-79.05097425918353, 0]
27	[-79.05097425918353, 0]
27	[-79.05097425918353, 0]
27	[-79.05097425918353, 0]
27	[-79.05097425918353, 0]
27	[-79.05097425918353, 0]
27	[-79.05097425918353, 0]
27	[-79.05097425918353, 0]
27	[-79.05097425918353, 0]
27	[-73.94170970786948, -2]
28	[-78.31199820113223, 0]
28	[-72.929754058223, -2]
29	[-77.16595663822707, 0]
29	[-72.929754058223, -2]
30	[-73.42479785707398, 0]
30	[-72.929754058223, -2]
31	[-73.42479785707398, 0]
31	[-72.929754058223, -2]
32	[-72.75358233571005, 0]
33	[-72.75358233571005, 0]
34	[-72.75358233571005, 0]
35	[-72.75358233571005, 0]
35	[-72.75358233571005, 0]
35	[-72.58073442333132, -2]
36	[-72.36082668426049, 0]
36	[-72.29368250569827, -2]
37	[-72.36082668426049, 0]
37	[-72.29368250569827, -2]
38	[-72.36082668426049, 0]
38	[-72.36082668426049, 0]
38	[-71.99352577246566, -2]
39	[-72.13968534521042, 0]
39	[-71.86653552577212, -2]
40	[-72.13968534521042, 0]
40	[-71.86653552577212, -2]
40	[-71.86653552577212, -2]
40	[-71.86653552577212, -2]
41	[-72.13968534521042, 0]
41	[-72.13968534521042, 0]
41	[-71.85774929188743, -2]
42	[-70.39072669390501, 0]
43	[-70.39072669390501, 0]
43	[-70.39072669390501, 0]
44	[-70.39072669390501, 0]
44	[-70.39072669390501, 0]
44	[-70.39072669390501, 0]
44	[-70.39072669390501, 0]
45	[-70.39072669390501, 0]
45	[-70.39072669390501, 0]
45	[-70.39072669390501, 0]
45	[-70.39072669390501, 0]
45	[-70.39072669390501, 0]
45	[-70.39072669390501, 0]
45	[-70.39072669390501, 0]
46	[-70.39072669390501, 0]
46	[-70.39072669390501, 0]
46	[-70.39072669390501, 0]
46	[-70.39072669390501, 0]
46	[-70.39072669390501, 0]
46	[-70.39072669390501, 0]
46	[-70.39072669390501, 0]
46	[-70.39072669390501, 0]
46	[-70.39072669390501, 0]
46	[-70.39072669390501, 0]
46	[-70.39072669390501, 0]
46	[-70.39072669390501, 0]
46	[-70.39072669390501, 0]
46	[-70.39072669390501, 0]
47	[-70.06690340405966, 0]
48	[-70.06690340405966, 0]
48	[-70.06690340405966, 0]
48	[-70.06690340405966, 0]
48	[-70.06690340405966, 0]
49	[-70.06690340405966, 0]
49	[-70.06690340405966, 0]
49	[-70.06690340405966, 0]
49	[-70.06690340405966, 0]
49	[-70.06690340405966, 0]
49	[-70.06690340405966, 0]
50	[-69.63536469356713, 0]
51	[-69.63536469356713, 0]
52	[-69.63536469356713, 0]
53	[-69.63536469356713, 0]
54	[-69.63536469356713, 0]
54	[-69.63536469356713, 0]
55	[-69.63536469356713, 0]
55	[-69.63536469356713, 0]
55	[-69.63536469356713, 0]
55	[-69.63536469356713, 0]
56	[-69.63536469356713, 0]
56	[-69.63536469356713, 0]
56	[-69.63536469356713, 0]
56	[-69.63536469356713, 0]
56	[-69.63536469356713, 0]
56	[-69.63536469356713, 0]
56	[-69.63536469356713, 0]
56	[-69.63536469356713, 0]
56	[-69.63536469356713, 0]
56	[-69.63536469356713, 0]
56	[-66.01409805432625, -2]
57	[-69.63536469356713, 0]
57	[-69.63536469356713, 0]
57	[-69.63536469356713, 0]
57	[-69.63536469356713, 0]
57	[-69.63536469356713, 0]
57	[-69.63536469356713, 0]
57	[-69.63536469356713, 0]
57	[-69.63536469356713, 0]
57	[-69.63536469356713, 0]
57	[-69.63536469356713, 0]
57	[-69.63536469356713, 0]
57	[-69.63536469356713, 0]
57	[-69.63536469356713, 0]
57	[-69.63536469356713, 0]
57	[-69.63536469356713, 0]
57	[-69.63536469356713, 0]
57	[-69.63536469356713, 0]
57	[-69.63536469356713, 0]
57	[-66.01409805432625, -2]
57	[-66.01409805432625, -2]
57	[-66.01409805432625, -2]
58	[-69.63536469356713, 0]
58	[-69.63536469356713, 0]
58	[-69.63536469356713, 0]
58	[-69.63536469356713, 0]
58	[-69.63536469356713, 0]
58	[-69.63536469356713, 0]
58	[-69.63536469356713, 0]
58	[-69.63536469356713, 0]
58	[-69.63536469356713, 0]
58	[-69.63536469356713, 0]
58	[-69.63536469356713, 0]
58	[-69.63536469356713, 0]
58	[-69.63536469356713, 0]
58	[-69.63536469356713, 0]
58	[-69.63536469356713, 0]
58	[-69.63536469356713, 0]
58	[-69.63536469356713, 0]
58	[-69.63536469356713, 0]
58	[-69.63536469356713, 0]
58	[-69.63536469356713, 0]
58	[-69.63536469356713, 0]
58	[-69.63536469356713, 0]
58	[-69.63536469356713, 0]
58	[-69.63536469356713, 0]
58	[-69.63536469356713, 0]
58	[-69.63536469356713, 0]
58	[-69.63536469356713, 0]
58	[-69.63536469356713, 0]
58	[-69.63536469356713, 0]
58	[-69.63536469356713, 0]
58	[-69.63536469356713, 0]
58	[-66.01409805432625, -2]
58	[-66.01409805432625, -2]
58	[-66.01409805432625, -2]
58	[-66.01409805432625, -2]
58	[-66.01409805432625, -2]
58	[-66.01409805432625, -2]
59	[-69.63536469356713, 0]
59	[-69.63536469356713, 0]
59	[-69.63536469356713, 0]
59	[-69.63536469356713, 0]
59	[-69.63536469356713, 0]
59	[-69.63536469356713, 0]
59	[-69.63536469356713, 0]
59	[-69.63536469356713, 0]
59	[-69.63536469356713, 0]
59	[-69.63536469356713, 0]
59	[-69.63536469356713, 0]
59	[-69.63536469356713, 0]
59	[-69.63536469356713, 0]
59	[-69.63536469356713, 0]
59	[-69.63536469356713, 0]
59	[-69.63536469356713, 0]
59	[-69.63536469356713, 0]
59	[-69.63536469356713, 0]
59	[-69.63536469356713, 0]
59	[-69.63536469356713, 0]
59	[-69.63536469356713, 0]
59	[-69.63536469356713, 0]
59	[-69.63536469356713, 0]
59	[-69.63536469356713, 0]
59	[-69.63536469356713, 0]
59	[-69.63536469356713, 0]
59	[-69.63536469356713, 0]
59	[-69.63536469356713, 0]
59	[-69.63536469356713, 0]
59	[-69.63536469356713, 0]
59	[-69.63536469356713, 0]
59	[-69.63536469356713, 0]
59	[-69.63536469356713, 0]
59	[-69.63536469356713, 0]
59	[-69.63536469356713, 0]
59	[-69.63536469356713, 0]
59	[-69.63536469356713, 0]
59	[-69.63536469356713, 0]
59	[-69.63536469356713, 0]
59	[-69.63536469356713, 0]
59	[-69.63536469356713, 0]
59	[-66.01409805432625, -2]
59	[-66.01409805432625, -2]
59	[-66.01409805432625, -2]
59	[-66.01409805432625, -2]
59	[-66.01409805432625, -2]
59	[-66.01409805432625, -2]
59	[-66.01409805432625, -2]
59	[-66.01409805432625, -2]
59	[-66.01409805432625, -2]
60	[-69.4161380943039, 0]
60	[-65.95955038852085, -2]
61	[-69.15881326019932, 0]
61	[-65.95955038852085, -2]
62	[-69.15881326019932, 0]
62	[-69.15881326019932, 0]
62	[-65.95955038852085, -2]
62	[-65.95955038852085, -2]
62	[-65.95955038852085, -2]
62	[-65.95955038852085, -2]
63	[-69.15881326019932, 0]
63	[-69.15881326019932, 0]
63	[-69.15881326019932, 0]
63	[-65.95955038852085, -2]
63	[-65.95955038852085, -2]
63	[-65.95955038852085, -2]
63	[-65.95955038852085, -2]
63	[-65.95955038852085, -2]
63	[-65.95955038852085, -2]
63	[-65.95955038852085, -2]
63	[-65.95955038852085, -2]
64	[-69.15881326019932, 0]
64	[-69.15881326019932, 0]
64	[-69.15881326019932, 0]
64	[-69.15881326019932, 0]
64	[-69.15881326019932, 0]
64	[-69.15881326019932, 0]
64	[-69.15881326019932, 0]
64	[-69.15881326019932, 0]
64	[-65.95955038852085, -2]
64	[-65.95955038852085, -2]
64	[-65.95955038852085, -2]
64	[-65.95955038852085, -2]
64	[-65.95955038852085, -2]
64	[-65.95955038852085, -2]
64	[-65.95955038852085, -2]
64	[-65.95955038852085, -2]
64	[-65.95955038852085, -2]
64	[-65.95955038852085, -2]
64	[-65.95955038852085, -2]
64	[-65.95955038852085, -2]
64	[-65.95955038852085, -2]
64	[-65.95955038852085, -2]
65	[-69.02363949073425, 0]
65	[-65.95955038852085, -2]
65	[-65.95955038852085, -2]
65	[-65.95955038852085, -2]
65	[-65.95955038852085, -2]
65	[-65.95955038852085, -2]
65	[-65.95955038852085, -2]
65	[-65.95955038852085, -2]
65	[-65.95955038852085, -2]
65	[-65.95955038852085, -2]
65	[-65.95955038852085, -2]
65	[-65.95955038852085, -2]
65	[-65.95955038852085, -2]
65	[-65.95955038852085, -2]
65	[-65.95955038852085, -2]
65	[-65.95955038852085, -2]
65	[-65.95955038852085, -2]
65	[-65.95955038852085, -2]
65	[-65.95955038852085, -2]
65	[-65.95955038852085, -2]
65	[-65.95955038852085, -2]
65	[-65.95955038852085, -2]
65	[-65.95955038852085, -2]
65	[-65.95955038852085, -2]
66	[-69.02363949073425, 0]
66	[-69.02363949073425, 0]
66	[-65.95955038852085, -2]
66	[-65.95955038852085, -2]
66	[-65.95955038852085, -2]
66	[-65.95955038852085, -2]
66	[-65.95955038852085, -2]
66	[-65.95955038852085, -2]
66	[-65.95955038852085, -2]
66	[-65.95955038852085, -2]
66	[-65.95955038852085, -2]
66	[-65.95955038852085, -2]
66	[-65.95955038852085, -2]
66	[-65.95955038852085, -2]
66	[-65.95955038852085, -2]
66	[-65.95955038852085, -2]
66	[-65.95955038852085, -2]
66	[-65.95955038852085, -2]
66	[-65.95955038852085, -2]
66	[-65.95955038852085, -2]
66	[-65.95955038852085, -2]
66	[-65.95955038852085, -2]
66	[-65.95955038852085, -2]
66	[-65.95955038852085, -2]
66	[-65.95955038852085, -2]
66	[-65.95955038852085, -2]
66	[-65.95955038852085, -2]
66	[-65.95955038852085, -2]
66	[-65.95955038852085, -2]
66	[-65.95955038852085, -2]
67	[-69.02363949073425, 0]
67	[-69.02363949073425, 0]
67	[-69.02363949073425, 0]
67	[-65.9398767359891, -2]
68	[-69.02363949073425, 0]
68	[-69.02363949073425, 0]
68	[-69.02363949073425, 0]
68	[-69.02363949073425, 0]
68	[-65.93459959736668, -2]
69	[-68.63757945907035, 0]
69	[-65.93459959736668, -2]
69	[-65.93459959736668, -2]
70	[-68.63757945907035, 0]
70	[-68.63757945907035, 0]
70	[-68.63757945907035, 0]
70	[-65.93459959736668, -2]
70	[-65.93459959736668, -2]
70	[-65.93459959736668, -2]
70	[-65.93459959736668, -2]
71	[-68.43840452631375, 0]
71	[-65.93459959736668, -2]
71	[-65.93459959736668, -2]
71	[-65.93459959736668, -2]
71	[-65.93459959736668, -2]
71	[-65.93459959736668, -2]
71	[-65.93459959736668, -2]
71	[-65.93459959736668, -2]
71	[-65.93459959736668, -2]
71	[-65.93459959736668, -2]
72	[-68.43840452631375, 0]
72	[-65.82929585590831, -2]
73	[-68.43840452631375, 0]
73	[-63.159618811367935, -2]
74	[-68.43840452631375, 0]
74	[-68.43840452631375, 0]
74	[-63.159618811367935, -2]
74	[-63.159618811367935, -2]
74	[-63.159618811367935, -2]
75	[-68.43840452631375, 0]
75	[-68.43840452631375, 0]
75	[-68.43840452631375, 0]
75	[-68.43840452631375, 0]
75	[-63.15924917666614, -2]
76	[-68.43840452631375, 0]
76	[-68.43840452631375, 0]
76	[-68.43840452631375, 0]
76	[-68.43840452631375, 0]
76	[-68.43840452631375, 0]
76	[-68.43840452631375, 0]
76	[-68.43840452631375, 0]
76	[-63.15924917666614, -2]
77	[-68.43633711616772, 0]
77	[-63.15924917666614, -2]
77	[-63.15924917666614, -2]
78	[-68.43633711616772, 0]
78	[-68.43633711616772, 0]
78	[-63.154316255009206, -2]
79	[-68.43633711616772, 0]
79	[-68.43633711616772, 0]
79	[-68.43633711616772, 0]
79	[-63.154316255009206, -2]
79	[-63.154316255009206, -2]
80	[-68.43633711616772, 0]
80	[-68.43633711616772, 0]
80	[-68.43633711616772, 0]
80	[-68.43633711616772, 0]
80	[-68.43633711616772, 0]
80	[-68.43633711616772, 0]
80	[-68.43633711616772, 0]
80	[-68.43633711616772, 0]
80	[-63.154316255009206, -2]
80	[-63.154316255009206, -2]
80	[-63.154316255009206, -2]
81	[-68.43633711616772, 0]
81	[-68.43633711616772, 0]
81	[-68.43633711616772, 0]
81	[-68.43633711616772, 0]
81	[-68.43633711616772, 0]
81	[-68.43633711616772, 0]
81	[-68.43633711616772, 0]
81	[-68.43633711616772, 0]
81	[-68.43633711616772, 0]
81	[-68.43633711616772, 0]
81	[-68.43633711616772, 0]
81	[-63.154316255009206, -2]
81	[-63.154316255009206, -2]
81	[-63.154316255009206, -2]
81	[-63.154316255009206, -2]
81	[-63.154316255009206, -2]
81	[-63.154316255009206, -2]
81	[-63.154316255009206, -2]
82	[-68.43633711616772, 0]
82	[-68.43633711616772, 0]
82	[-68.43633711616772, 0]
82	[-68.43633711616772, 0]
82	[-68.43633711616772, 0]
82	[-68.43633711616772, 0]
82	[-68.43633711616772, 0]
82	[-68.43633711616772, 0]
82	[-68.43633711616772, 0]
82	[-68.43633711616772, 0]
82	[-68.43633711616772, 0]
82	[-68.43633711616772, 0]
82	[-63.154316255009206, -2]
82	[-63.154316255009206, -2]
82	[-63.154316255009206, -2]
82	[-63.154316255009206, -2]
82	[-63.154316255009206, -2]
82	[-63.154316255009206, -2]
82	[-63.154316255009206, -2]
82	[-63.154316255009206, -2]
82	[-63.154316255009206, -2]
82	[-63.154316255009206, -2]
83	[-68.43633711616772, 0]
83	[-68.43633711616772, 0]
83	[-68.43633711616772, 0]
83	[-68.43633711616772, 0]
83	[-68.43633711616772, 0]
83	[-68.43633711616772, 0]
83	[-68.43633711616772, 0]
83	[-68.43633711616772, 0]
83	[-68.43633711616772, 0]
83	[-68.43633711616772, 0]
83	[-68.43633711616772, 0]
83	[-68.43633711616772, 0]
83	[-68.43633711616772, 0]
83	[-68.43633711616772, 0]
83	[-68.43633711616772, 0]
83	[-68.43633711616772, 0]
83	[-68.43633711616772, 0]
83	[-68.43633711616772, 0]
83	[-68.43633711616772, 0]
83	[-63.154316255009206, -2]
83	[-63.154316255009206, -2]
83	[-63.154316255009206, -2]
83	[-63.154316255009206, -2]
83	[-63.154316255009206, -2]
83	[-63.154316255009206, -2]
83	[-63.154316255009206, -2]
83	[-63.154316255009206, -2]
83	[-63.154316255009206, -2]
83	[-63.154316255009206, -2]
83	[-63.154316255009206, -2]
83	[-63.154316255009206, -2]
83	[-63.154316255009206, -2]
83	[-63.154316255009206, -2]
83	[-63.154316255009206, -2]
83	[-63.154316255009206, -2]
84	[-68.43633711616772, 0]
84	[-68.43633711616772, 0]
84	[-68.43633711616772, 0]
84	[-68.43633711616772, 0]
84	[-68.43633711616772, 0]
84	[-68.43633711616772, 0]
84	[-68.43633711616772, 0]
84	[-68.43633711616772, 0]
84	[-68.43633711616772, 0]
84	[-68.43633711616772, 0]
84	[-68.43633711616772, 0]
84	[-68.43633711616772, 0]
84	[-68.43633711616772, 0]
84	[-68.43633711616772, 0]
84	[-68.43633711616772, 0]
84	[-68.43633711616772, 0]
84	[-68.43633711616772, 0]
84	[-68.43633711616772, 0]
84	[-68.43633711616772, 0]
84	[-68.43633711616772, 0]
84	[-68.43633711616772, 0]
84	[-60.289951025556135, -2]
85	[-68.43633711616772, 0]
85	[-68.43633711616772, 0]
85	[-68.43633711616772, 0]
85	[-68.43633711616772, 0]
85	[-68.43633711616772, 0]
85	[-68.43633711616772, 0]
85	[-68.43633711616772, 0]
85	[-68.43633711616772, 0]
85	[-68.43633711616772, 0]
85	[-68.43633711616772, 0]
85	[-68.43633711616772, 0]
85	[-68.43633711616772, 0]
85	[-68.43633711616772, 0]
85	[-68.43633711616772, 0]
85	[-68.43633711616772, 0]
85	[-68.43633711616772, 0]
85	[-68.43633711616772, 0]
85	[-68.43633711616772, 0]
85	[-68.43633711616772, 0]
85	[-68.43633711616772, 0]
85	[-68.43633711616772, 0]
85	[-68.43633711616772, 0]
85	[-68.43633711616772, 0]
85	[-68.43633711616772, 0]
85	[-68.43633711616772, 0]
85	[-68.43633711616772, 0]
85	[-68.43633711616772, 0]
85	[-68.43633711616772, 0]
85	[-68.43633711616772, 0]
85	[-68.43633711616772, 0]
85	[-68.43633711616772, 0]
85	[-68.43633711616772, 0]
85	[-68.43633711616772, 0]
85	[-68.43633711616772, 0]
85	[-60.289951025556135, -2]
85	[-60.289951025556135, -2]
85	[-60.289951025556135, -2]
85	[-60.289951025556135, -2]
86	[-68.43633711616772, 0]
86	[-68.43633711616772, 0]
86	[-68.43633711616772, 0]
86	[-68.43633711616772, 0]
86	[-68.43633711616772, 0]
86	[-68.43633711616772, 0]
86	[-68.43633711616772, 0]
86	[-68.43633711616772, 0]
86	[-68.43633711616772, 0]
86	[-68.43633711616772, 0]
86	[-68.43633711616772, 0]
86	[-68.43633711616772, 0]
86	[-68.43633711616772, 0]
86	[-68.43633711616772, 0]
86	[-68.43633711616772, 0]
86	[-68.43633711616772, 0]
86	[-68.43633711616772, 0]
86	[-68.43633711616772, 0]
86	[-68.43633711616772, 0]
86	[-68.43633711616772, 0]
86	[-68.43633711616772, 0]
86	[-68.43633711616772, 0]
86	[-68.43633711616772, 0]
86	[-68.43633711616772, 0]
86	[-68.43633711616772, 0]
86	[-68.43633711616772, 0]
86	[-68.43633711616772, 0]
86	[-68.43633711616772, 0]
86	[-68.43633711616772, 0]
86	[-68.43633711616772, 0]
86	[-68.43633711616772, 0]
86	[-68.43633711616772, 0]
86	[-68.43633711616772, 0]
86	[-68.43633711616772, 0]
86	[-68.43633711616772, 0]
86	[-68.43633711616772, 0]
86	[-68.43633711616772, 0]
86	[-68.43633711616772, 0]
86	[-68.43633711616772, 0]
86	[-60.289951025556135, -2]
86	[-60.289951025556135, -2]
86	[-60.289951025556135, -2]
86	[-60.289951025556135, -2]
86	[-60.289951025556135, -2]
86	[-60.289951025556135, -2]
86	[-60.289951025556135, -2]
87	[-68.43633711616772, 0]
87	[-68.43633711616772, 0]
87	[-68.43633711616772, 0]
87	[-68.43633711616772, 0]
87	[-68.43633711616772, 0]
87	[-68.43633711616772, 0]
87	[-68.43633711616772, 0]
87	[-68.43633711616772, 0]
87	[-68.43633711616772, 0]
87	[-68.43633711616772, 0]
87	[-68.43633711616772, 0]
87	[-68.43633711616772, 0]
87	[-68.43633711616772, 0]
87	[-68.43633711616772, 0]
87	[-68.43633711616772, 0]
87	[-68.43633711616772, 0]
87	[-68.43633711616772, 0]
87	[-68.43633711616772, 0]
87	[-68.43633711616772, 0]
87	[-68.43633711616772, 0]
87	[-68.43633711616772, 0]
87	[-68.43633711616772, 0]
87	[-68.43633711616772, 0]
87	[-68.43633711616772, 0]
87	[-68.43633711616772, 0]
87	[-68.43633711616772, 0]
87	[-68.43633711616772, 0]
87	[-68.43633711616772, 0]
87	[-68.43633711616772, 0]
87	[-68.43633711616772, 0]
87	[-68.43633711616772, 0]
87	[-68.43633711616772, 0]
87	[-68.43633711616772, 0]
87	[-68.43633711616772, 0]
87	[-68.43633711616772, 0]
87	[-68.43633711616772, 0]
87	[-68.43633711616772, 0]
87	[-68.43633711616772, 0]
87	[-68.43633711616772, 0]
87	[-68.43633711616772, 0]
87	[-68.43633711616772, 0]
87	[-68.43633711616772, 0]
87	[-68.43633711616772, 0]
87	[-68.43633711616772, 0]
87	[-68.43633711616772, 0]
87	[-68.43633711616772, 0]
87	[-68.43633711616772, 0]
87	[-68.43633711616772, 0]
87	[-60.289951025556135, -2]
87	[-60.289951025556135, -2]
87	[-60.289951025556135, -2]
87	[-60.289951025556135, -2]
87	[-60.289951025556135, -2]
87	[-60.289951025556135, -2]
87	[-60.289951025556135, -2]
87	[-60.289951025556135, -2]
87	[-60.289951025556135, -2]
87	[-60.289951025556135, -2]
87	[-60.289951025556135, -2]
88	[-68.43633711616772, 0]
88	[-68.43633711616772, 0]
88	[-68.43633711616772, 0]
88	[-68.43633711616772, 0]
88	[-68.43633711616772, 0]
88	[-68.43633711616772, 0]
88	[-68.43633711616772, 0]
88	[-68.43633711616772, 0]
88	[-68.43633711616772, 0]
88	[-68.43633711616772, 0]
88	[-68.43633711616772, 0]
88	[-68.43633711616772, 0]
88	[-68.43633711616772, 0]
88	[-68.43633711616772, 0]
88	[-68.43633711616772, 0]
88	[-68.43633711616772, 0]
88	[-68.43633711616772, 0]
88	[-68.43633711616772, 0]
88	[-68.43633711616772, 0]
88	[-68.43633711616772, 0]
88	[-68.43633711616772, 0]
88	[-68.43633711616772, 0]
88	[-68.43633711616772, 0]
88	[-68.43633711616772, 0]
88	[-68.43633711616772, 0]
88	[-68.43633711616772, 0]
88	[-68.43633711616772, 0]
88	[-68.43633711616772, 0]
88	[-68.43633711616772, 0]
88	[-68.43633711616772, 0]
88	[-68.43633711616772, 0]
88	[-68.43633711616772, 0]
88	[-68.43633711616772, 0]
88	[-68.43633711616772, 0]
88	[-68.43633711616772, 0]
88	[-68.43633711616772, 0]
88	[-68.43633711616772, 0]
88	[-68.43633711616772, 0]
88	[-68.43633711616772, 0]
88	[-68.43633711616772, 0]
88	[-68.43633711616772, 0]
88	[-68.43633711616772, 0]
88	[-68.43633711616772, 0]
88	[-68.43633711616772, 0]
88	[-68.43633711616772, 0]
88	[-68.43633711616772, 0]
88	[-68.43633711616772, 0]
88	[-68.43633711616772, 0]
88	[-68.43633711616772, 0]
88	[-68.43633711616772, 0]
88	[-68.43633711616772, 0]
88	[-68.43633711616772, 0]
88	[-68.43633711616772, 0]
88	[-68.43633711616772, 0]
88	[-68.43633711616772, 0]
88	[-68.43633711616772, 0]
88	[-68.43633711616772, 0]
88	[-60.23854996854304, -2]
89	[-68.43633711616772, 0]
89	[-68.43633711616772, 0]
89	[-68.43633711616772, 0]
89	[-68.43633711616772, 0]
89	[-68.43633711616772, 0]
89	[-68.43633711616772, 0]
89	[-68.43633711616772, 0]
89	[-68.43633711616772, 0]
89	[-68.43633711616772, 0]
89	[-68.43633711616772, 0]
89	[-68.43633711616772, 0]
89	[-68.43633711616772, 0]
89	[-68.43633711616772, 0]
89	[-68.43633711616772, 0]
89	[-68.43633711616772, 0]
89	[-68.43633711616772, 0]
89	[-68.43633711616772, 0]
89	[-68.43633711616772, 0]
89	[-68.43633711616772, 0]
89	[-68.43633711616772, 0]
89	[-68.43633711616772, 0]
89	[-68.43633711616772, 0]
89	[-68.43633711616772, 0]
89	[-68.43633711616772, 0]
89	[-68.43633711616772, 0]
89	[-68.43633711616772, 0]
89	[-68.43633711616772, 0]
89	[-68.43633711616772, 0]
89	[-68.43633711616772, 0]
89	[-68.43633711616772, 0]
89	[-68.43633711616772, 0]
89	[-68.43633711616772, 0]
89	[-68.43633711616772, 0]
89	[-68.43633711616772, 0]
89	[-68.43633711616772, 0]
89	[-68.43633711616772, 0]
89	[-68.43633711616772, 0]
89	[-68.43633711616772, 0]
89	[-68.43633711616772, 0]
89	[-68.43633711616772, 0]
89	[-68.43633711616772, 0]
89	[-68.43633711616772, 0]
89	[-68.43633711616772, 0]
89	[-68.43633711616772, 0]
89	[-68.43633711616772, 0]
89	[-68.43633711616772, 0]
89	[-68.43633711616772, 0]
89	[-68.43633711616772, 0]
89	[-68.43633711616772, 0]
89	[-68.43633711616772, 0]
89	[-68.43633711616772, 0]
89	[-68.43633711616772, 0]
89	[-68.43633711616772, 0]
89	[-68.43633711616772, 0]
89	[-68.43633711616772, 0]
89	[-68.43633711616772, 0]
89	[-68.43633711616772, 0]
89	[-68.43633711616772, 0]
89	[-68.43633711616772, 0]
89	[-68.43633711616772, 0]
89	[-68.43633711616772, 0]
89	[-68.43633711616772, 0]
89	[-68.43633711616772, 0]
89	[-68.43633711616772, 0]
89	[-68.43633711616772, 0]
89	[-68.43633711616772, 0]
89	[-68.43633711616772, 0]
89	[-60.23854996854304, -2]
90	[-68.43633711616772, 0]
90	[-68.43633711616772, 0]
90	[-68.43633711616772, 0]
90	[-68.43633711616772, 0]
90	[-68.43633711616772, 0]
90	[-68.43633711616772, 0]
90	[-68.43633711616772, 0]
90	[-68.43633711616772, 0]
90	[-68.43633711616772, 0]
90	[-68.43633711616772, 0]
90	[-68.43633711616772, 0]
90	[-68.43633711616772, 0]
90	[-68.43633711616772, 0]
90	[-68.43633711616772, 0]
90	[-68.43633711616772, 0]
90	[-68.43633711616772, 0]
90	[-68.43633711616772, 0]
90	[-68.43633711616772, 0]
90	[-68.43633711616772, 0]
90	[-68.43633711616772, 0]
90	[-68.43633711616772, 0]
90	[-68.43633711616772, 0]
90	[-68.43633711616772, 0]
90	[-68.43633711616772, 0]
90	[-68.43633711616772, 0]
90	[-68.43633711616772, 0]
90	[-68.43633711616772, 0]
90	[-68.43633711616772, 0]
90	[-68.43633711616772, 0]
90	[-68.43633711616772, 0]
90	[-68.43633711616772, 0]
90	[-68.43633711616772, 0]
90	[-68.43633711616772, 0]
90	[-68.43633711616772, 0]
90	[-68.43633711616772, 0]
90	[-68.43633711616772, 0]
90	[-68.43633711616772, 0]
90	[-68.43633711616772, 0]
90	[-68.43633711616772, 0]
90	[-68.43633711616772, 0]
90	[-68.43633711616772, 0]
90	[-68.43633711616772, 0]
90	[-68.43633711616772, 0]
90	[-68.43633711616772, 0]
90	[-68.43633711616772, 0]
90	[-68.43633711616772, 0]
90	[-68.43633711616772, 0]
90	[-68.43633711616772, 0]
90	[-68.43633711616772, 0]
90	[-68.43633711616772, 0]
90	[-68.43633711616772, 0]
90	[-68.43633711616772, 0]
90	[-68.43633711616772, 0]
90	[-68.43633711616772, 0]
90	[-68.43633711616772, 0]
90	[-68.43633711616772, 0]
90	[-68.43633711616772, 0]
90	[-68.43633711616772, 0]
90	[-68.43633711616772, 0]
90	[-68.43633711616772, 0]
90	[-68.43633711616772, 0]
90	[-68.43633711616772, 0]
90	[-68.43633711616772, 0]
90	[-68.43633711616772, 0]
90	[-68.43633711616772, 0]
90	[-68.43633711616772, 0]
90	[-68.43633711616772, 0]
90	[-68.43633711616772, 0]
90	[-68.43633711616772, 0]
90	[-68.43633711616772, 0]
90	[-68.43633711616772, 0]
90	[-68.43633711616772, 0]
90	[-68.43633711616772, 0]
90	[-68.43633711616772, 0]
90	[-68.43633711616772, 0]
90	[-68.43633711616772, 0]
90	[-68.43633711616772, 0]
90	[-68.43633711616772, 0]
90	[-60.23854996854304, -2]
90	[-60.23854996854304, -2]
91	[-68.43633711616772, 0]
91	[-68.43633711616772, 0]
91	[-68.43633711616772, 0]
91	[-68.43633711616772, 0]
91	[-68.43633711616772, 0]
91	[-68.43633711616772, 0]
91	[-68.43633711616772, 0]
91	[-68.43633711616772, 0]
91	[-68.43633711616772, 0]
91	[-68.43633711616772, 0]
91	[-68.43633711616772, 0]
91	[-68.43633711616772, 0]
91	[-68.43633711616772, 0]
91	[-68.43633711616772, 0]
91	[-68.43633711616772, 0]
91	[-68.43633711616772, 0]
91	[-68.43633711616772, 0]
91	[-68.43633711616772, 0]
91	[-68.43633711616772, 0]
91	[-68.43633711616772, 0]
91	[-68.43633711616772, 0]
91	[-68.43633711616772, 0]
91	[-68.43633711616772, 0]
91	[-68.43633711616772, 0]
91	[-68.43633711616772, 0]
91	[-68.43633711616772, 0]
91	[-68.43633711616772, 0]
91	[-68.43633711616772, 0]
91	[-68.43633711616772, 0]
91	[-68.43633711616772, 0]
91	[-68.43633711616772, 0]
91	[-68.43633711616772, 0]
91	[-68.43633711616772, 0]
91	[-68.43633711616772, 0]
91	[-68.43633711616772, 0]
91	[-68.43633711616772, 0]
91	[-68.43633711616772, 0]
91	[-68.43633711616772, 0]
91	[-68.43633711616772, 0]
91	[-68.43633711616772, 0]
91	[-68.43633711616772, 0]
91	[-68.43633711616772, 0]
91	[-68.43633711616772, 0]
91	[-68.43633711616772, 0]
91	[-68.43633711616772, 0]
91	[-68.43633711616772, 0]
91	[-68.43633711616772, 0]
91	[-68.43633711616772, 0]
91	[-68.43633711616772, 0]
91	[-68.43633711616772, 0]
91	[-68.43633711616772, 0]
91	[-68.43633711616772, 0]
91	[-68.43633711616772, 0]
91	[-68.43633711616772, 0]
91	[-68.43633711616772, 0]
91	[-68.43633711616772, 0]
91	[-68.43633711616772, 0]
91	[-68.43633711616772, 0]
91	[-68.43633711616772, 0]
91	[-68.43633711616772, 0]
91	[-68.43633711616772, 0]
91	[-68.43633711616772, 0]
91	[-68.43633711616772, 0]
91	[-68.43633711616772, 0]
91	[-68.43633711616772, 0]
91	[-68.43633711616772, 0]
91	[-68.43633711616772, 0]
91	[-68.43633711616772, 0]
91	[-68.43633711616772, 0]
91	[-68.43633711616772, 0]
91	[-68.43633711616772, 0]
91	[-68.43633711616772, 0]
91	[-68.43633711616772, 0]
91	[-68.43633711616772, 0]
91	[-68.43633711616772, 0]
91	[-68.43633711616772, 0]
91	[-68.43633711616772, 0]
91	[-68.43633711616772, 0]
91	[-60.23854996854304, -2]
91	[-60.23854996854304, -2]
92	[-68.43633711616772, 0]
92	[-68.43633711616772, 0]
92	[-68.43633711616772, 0]
92	[-68.43633711616772, 0]
92	[-68.43633711616772, 0]
92	[-68.43633711616772, 0]
92	[-68.43633711616772, 0]
92	[-68.43633711616772, 0]
92	[-68.43633711616772, 0]
92	[-68.43633711616772, 0]
92	[-68.43633711616772, 0]
92	[-68.43633711616772, 0]
92	[-68.43633711616772, 0]
92	[-68.43633711616772, 0]
92	[-68.43633711616772, 0]
92	[-68.43633711616772, 0]
92	[-68.43633711616772, 0]
92	[-68.43633711616772, 0]
92	[-68.43633711616772, 0]
92	[-68.43633711616772, 0]
92	[-68.43633711616772, 0]
92	[-68.43633711616772, 0]
92	[-68.43633711616772, 0]
92	[-68.43633711616772, 0]
92	[-68.43633711616772, 0]
92	[-68.43633711616772, 0]
92	[-68.43633711616772, 0]
92	[-68.43633711616772, 0]
92	[-68.43633711616772, 0]
92	[-68.43633711616772, 0]
92	[-68.43633711616772, 0]
92	[-68.43633711616772, 0]
92	[-68.43633711616772, 0]
92	[-68.43633711616772, 0]
92	[-68.43633711616772, 0]
92	[-68.43633711616772, 0]
92	[-68.43633711616772, 0]
92	[-68.43633711616772, 0]
92	[-68.43633711616772, 0]
92	[-68.43633711616772, 0]
92	[-68.43633711616772, 0]
92	[-68.43633711616772, 0]
92	[-68.43633711616772, 0]
92	[-68.43633711616772, 0]
92	[-68.43633711616772, 0]
92	[-68.43633711616772, 0]
92	[-68.43633711616772, 0]
92	[-68.43633711616772, 0]
92	[-68.43633711616772, 0]
92	[-68.43633711616772, 0]
92	[-68.43633711616772, 0]
92	[-68.43633711616772, 0]
92	[-68.43633711616772, 0]
92	[-68.43633711616772, 0]
92	[-68.43633711616772, 0]
92	[-68.43633711616772, 0]
92	[-68.43633711616772, 0]
92	[-68.43633711616772, 0]
92	[-68.43633711616772, 0]
92	[-68.43633711616772, 0]
92	[-68.43633711616772, 0]
92	[-68.43633711616772, 0]
92	[-68.43633711616772, 0]
92	[-68.43633711616772, 0]
92	[-68.43633711616772, 0]
92	[-68.43633711616772, 0]
92	[-68.43633711616772, 0]
92	[-68.43633711616772, 0]
92	[-68.43633711616772, 0]
92	[-68.43633711616772, 0]
92	[-68.43633711616772, 0]
92	[-68.43633711616772, 0]
92	[-68.43633711616772, 0]
92	[-68.43633711616772, 0]
92	[-68.43633711616772, 0]
92	[-68.43633711616772, 0]
92	[-68.43633711616772, 0]
92	[-60.23854996854304, -2]
92	[-60.23854996854304, -2]
92	[-60.23854996854304, -2]
93	[-68.43633711616772, 0]
93	[-68.43633711616772, 0]
93	[-68.43633711616772, 0]
93	[-68.43633711616772, 0]
93	[-68.43633711616772, 0]
93	[-68.43633711616772, 0]
93	[-68.43633711616772, 0]
93	[-68.43633711616772, 0]
93	[-68.43633711616772, 0]
93	[-68.43633711616772, 0]
93	[-68.43633711616772, 0]
93	[-68.43633711616772, 0]
93	[-68.43633711616772, 0]
93	[-68.43633711616772, 0]
93	[-68.43633711616772, 0]
93	[-68.43633711616772, 0]
93	[-68.43633711616772, 0]
93	[-68.43633711616772, 0]
93	[-68.43633711616772, 0]
93	[-68.43633711616772, 0]
93	[-68.43633711616772, 0]
93	[-68.43633711616772, 0]
93	[-68.43633711616772, 0]
93	[-68.43633711616772, 0]
93	[-68.43633711616772, 0]
93	[-68.43633711616772, 0]
93	[-68.43633711616772, 0]
93	[-68.43633711616772, 0]
93	[-68.43633711616772, 0]
93	[-68.43633711616772, 0]
93	[-68.43633711616772, 0]
93	[-68.43633711616772, 0]
93	[-68.43633711616772, 0]
93	[-68.43633711616772, 0]
93	[-68.43633711616772, 0]
93	[-68.43633711616772, 0]
93	[-68.43633711616772, 0]
93	[-68.43633711616772, 0]
93	[-68.43633711616772, 0]
93	[-68.43633711616772, 0]
93	[-68.43633711616772, 0]
93	[-68.43633711616772, 0]
93	[-68.43633711616772, 0]
93	[-68.43633711616772, 0]
93	[-68.43633711616772, 0]
93	[-68.43633711616772, 0]
93	[-68.43633711616772, 0]
93	[-68.43633711616772, 0]
93	[-68.43633711616772, 0]
93	[-68.43633711616772, 0]
93	[-68.43633711616772, 0]
93	[-68.43633711616772, 0]
93	[-68.43633711616772, 0]
93	[-68.43633711616772, 0]
93	[-68.43633711616772, 0]
93	[-68.43633711616772, 0]
93	[-68.43633711616772, 0]
93	[-68.43633711616772, 0]
93	[-68.43633711616772, 0]
93	[-68.43633711616772, 0]
93	[-68.43633711616772, 0]
93	[-68.43633711616772, 0]
93	[-68.43633711616772, 0]
93	[-68.43633711616772, 0]
93	[-68.43633711616772, 0]
93	[-68.43633711616772, 0]
93	[-68.43633711616772, 0]
93	[-68.43633711616772, 0]
93	[-68.43633711616772, 0]
93	[-68.43633711616772, 0]
93	[-68.43633711616772, 0]
93	[-68.43633711616772, 0]
93	[-60.23854996854304, -2]
93	[-60.23854996854304, -2]
93	[-60.23854996854304, -2]
93	[-60.23854996854304, -2]
93	[-60.23854996854304, -2]
93	[-60.23854996854304, -2]
93	[-60.23854996854304, -2]
93	[-60.23854996854304, -2]
94	[-68.43633711616772, 0]
94	[-68.43633711616772, 0]
94	[-68.43633711616772, 0]
94	[-68.43633711616772, 0]
94	[-68.43633711616772, 0]
94	[-68.43633711616772, 0]
94	[-68.43633711616772, 0]
94	[-68.43633711616772, 0]
94	[-68.43633711616772, 0]
94	[-68.43633711616772, 0]
94	[-68.43633711616772, 0]
94	[-68.43633711616772, 0]
94	[-68.43633711616772, 0]
94	[-68.43633711616772, 0]
94	[-68.43633711616772, 0]
94	[-68.43633711616772, 0]
94	[-68.43633711616772, 0]
94	[-68.43633711616772, 0]
94	[-68.43633711616772, 0]
94	[-68.43633711616772, 0]
94	[-68.43633711616772, 0]
94	[-68.43633711616772, 0]
94	[-68.43633711616772, 0]
94	[-68.43633711616772, 0]
94	[-68.43633711616772, 0]
94	[-68.43633711616772, 0]
94	[-68.43633711616772, 0]
94	[-68.43633711616772, 0]
94	[-68.43633711616772, 0]
94	[-68.43633711616772, 0]
94	[-68.43633711616772, 0]
94	[-68.43633711616772, 0]
94	[-68.43633711616772, 0]
94	[-68.43633711616772, 0]
94	[-68.43633711616772, 0]
94	[-68.43633711616772, 0]
94	[-68.43633711616772, 0]
94	[-68.43633711616772, 0]
94	[-68.43633711616772, 0]
94	[-68.43633711616772, 0]
94	[-68.43633711616772, 0]
94	[-68.43633711616772, 0]
94	[-68.43633711616772, 0]
94	[-68.43633711616772, 0]
94	[-68.43633711616772, 0]
94	[-68.43633711616772, 0]
94	[-68.43633711616772, 0]
94	[-68.43633711616772, 0]
94	[-68.43633711616772, 0]
94	[-68.43633711616772, 0]
94	[-68.43633711616772, 0]
94	[-68.43633711616772, 0]
94	[-68.43633711616772, 0]
94	[-68.43633711616772, 0]
94	[-68.43633711616772, 0]
94	[-68.43633711616772, 0]
94	[-68.43633711616772, 0]
94	[-68.43633711616772, 0]
94	[-68.43633711616772, 0]
94	[-68.43633711616772, 0]
94	[-68.43633711616772, 0]
94	[-68.43633711616772, 0]
94	[-68.43633711616772, 0]
94	[-68.43633711616772, 0]
94	[-68.43633711616772, 0]
94	[-68.43633711616772, 0]
94	[-60.23854996854304, -2]
94	[-60.23854996854304, -2]
94	[-60.23854996854304, -2]
94	[-60.23854996854304, -2]
94	[-60.23854996854304, -2]
94	[-60.23854996854304, -2]
94	[-60.23854996854304, -2]
94	[-60.23854996854304, -2]
94	[-60.23854996854304, -2]
94	[-60.23854996854304, -2]
94	[-60.23854996854304, -2]
94	[-60.23854996854304, -2]
94	[-60.23854996854304, -2]
94	[-60.23854996854304, -2]
95	[-68.43633711616772, 0]
95	[-68.43633711616772, 0]
95	[-68.43633711616772, 0]
95	[-68.43633711616772, 0]
95	[-68.43633711616772, 0]
95	[-68.43633711616772, 0]
95	[-68.43633711616772, 0]
95	[-68.43633711616772, 0]
95	[-68.43633711616772, 0]
95	[-68.43633711616772, 0]
95	[-68.43633711616772, 0]
95	[-68.43633711616772, 0]
95	[-68.43633711616772, 0]
95	[-68.43633711616772, 0]
95	[-68.43633711616772, 0]
95	[-68.43633711616772, 0]
95	[-68.43633711616772, 0]
95	[-68.43633711616772, 0]
95	[-68.43633711616772, 0]
95	[-68.43633711616772, 0]
95	[-68.43633711616772, 0]
95	[-68.43633711616772, 0]
95	[-68.43633711616772, 0]
95	[-68.43633711616772, 0]
95	[-68.43633711616772, 0]
95	[-68.43633711616772, 0]
95	[-68.43633711616772, 0]
95	[-68.43633711616772, 0]
95	[-68.43633711616772, 0]
95	[-68.43633711616772, 0]
95	[-68.43633711616772, 0]
95	[-68.43633711616772, 0]
95	[-68.43633711616772, 0]
95	[-68.43633711616772, 0]
95	[-68.43633711616772, 0]
95	[-68.43633711616772, 0]
95	[-68.43633711616772, 0]
95	[-68.43633711616772, 0]
95	[-68.43633711616772, 0]
95	[-68.43633711616772, 0]
95	[-68.43633711616772, 0]
95	[-68.43633711616772, 0]
95	[-68.43633711616772, 0]
95	[-68.43633711616772, 0]
95	[-68.43633711616772, 0]
95	[-68.43633711616772, 0]
95	[-68.43633711616772, 0]
95	[-68.43633711616772, 0]
95	[-68.43633711616772, 0]
95	[-68.43633711616772, 0]
95	[-68.43633711616772, 0]
95	[-68.43633711616772, 0]
95	[-68.43633711616772, 0]
95	[-68.43633711616772, 0]
95	[-68.43633711616772, 0]
95	[-68.43633711616772, 0]
95	[-68.43633711616772, 0]
95	[-68.43633711616772, 0]
95	[-68.43633711616772, 0]
95	[-68.43633711616772, 0]
95	[-68.43633711616772, 0]
95	[-68.43633711616772, 0]
95	[-60.23854996854304, -2]
95	[-60.23854996854304, -2]
95	[-60.23854996854304, -2]
95	[-60.23854996854304, -2]
95	[-60.23854996854304, -2]
95	[-60.23854996854304, -2]
95	[-60.23854996854304, -2]
95	[-60.23854996854304, -2]
95	[-60.23854996854304, -2]
95	[-60.23854996854304, -2]
95	[-60.23854996854304, -2]
95	[-60.23854996854304, -2]
95	[-60.23854996854304, -2]
95	[-60.23854996854304, -2]
95	[-60.23854996854304, -2]
95	[-60.23854996854304, -2]
95	[-60.23854996854304, -2]
95	[-60.23854996854304, -2]
96	[-68.43633711616772, 0]
96	[-68.43633711616772, 0]
96	[-68.43633711616772, 0]
96	[-68.43633711616772, 0]
96	[-68.43633711616772, 0]
96	[-68.43633711616772, 0]
96	[-68.43633711616772, 0]
96	[-68.43633711616772, 0]
96	[-68.43633711616772, 0]
96	[-68.43633711616772, 0]
96	[-68.43633711616772, 0]
96	[-68.43633711616772, 0]
96	[-68.43633711616772, 0]
96	[-68.43633711616772, 0]
96	[-68.43633711616772, 0]
96	[-68.43633711616772, 0]
96	[-68.43633711616772, 0]
96	[-68.43633711616772, 0]
96	[-68.43633711616772, 0]
96	[-68.43633711616772, 0]
96	[-68.43633711616772, 0]
96	[-68.43633711616772, 0]
96	[-68.43633711616772, 0]
96	[-68.43633711616772, 0]
96	[-68.43633711616772, 0]
96	[-68.43633711616772, 0]
96	[-68.43633711616772, 0]
96	[-68.43633711616772, 0]
96	[-68.43633711616772, 0]
96	[-68.43633711616772, 0]
96	[-68.43633711616772, 0]
96	[-68.43633711616772, 0]
96	[-68.43633711616772, 0]
96	[-68.43633711616772, 0]
96	[-68.43633711616772, 0]
96	[-68.43633711616772, 0]
96	[-68.43633711616772, 0]
96	[-68.43633711616772, 0]
96	[-68.43633711616772, 0]
96	[-68.43633711616772, 0]
96	[-68.43633711616772, 0]
96	[-68.43633711616772, 0]
96	[-68.43633711616772, 0]
96	[-68.43633711616772, 0]
96	[-68.43633711616772, 0]
96	[-68.43633711616772, 0]
96	[-68.43633711616772, 0]
96	[-68.43633711616772, 0]
96	[-68.43633711616772, 0]
96	[-68.43633711616772, 0]
96	[-68.43633711616772, 0]
96	[-68.43633711616772, 0]
96	[-68.43633711616772, 0]
96	[-68.43633711616772, 0]
96	[-68.43633711616772, 0]
96	[-68.43633711616772, 0]
96	[-60.23854996854304, -2]
96	[-60.23854996854304, -2]
96	[-60.23854996854304, -2]
96	[-60.23854996854304, -2]
96	[-60.23854996854304, -2]
96	[-60.23854996854304, -2]
96	[-60.23854996854304, -2]
96	[-60.23854996854304, -2]
96	[-60.23854996854304, -2]
96	[-60.23854996854304, -2]
96	[-60.23854996854304, -2]
96	[-60.23854996854304, -2]
96	[-60.23854996854304, -2]
96	[-60.23854996854304, -2]
96	[-60.23854996854304, -2]
96	[-60.23854996854304, -2]
96	[-60.23854996854304, -2]
96	[-60.23854996854304, -2]
96	[-60.23854996854304, -2]
96	[-60.23854996854304, -2]
96	[-60.23854996854304, -2]
96	[-60.23854996854304, -2]
96	[-60.23854996854304, -2]
96	[-60.23854996854304, -2]
97	[-68.43633711616772, 0]
97	[-68.43633711616772, 0]
97	[-68.43633711616772, 0]
97	[-68.43633711616772, 0]
97	[-68.43633711616772, 0]
97	[-68.43633711616772, 0]
97	[-68.43633711616772, 0]
97	[-68.43633711616772, 0]
97	[-68.43633711616772, 0]
97	[-68.43633711616772, 0]
97	[-68.43633711616772, 0]
97	[-68.43633711616772, 0]
97	[-68.43633711616772, 0]
97	[-68.43633711616772, 0]
97	[-68.43633711616772, 0]
97	[-68.43633711616772, 0]
97	[-68.43633711616772, 0]
97	[-68.43633711616772, 0]
97	[-68.43633711616772, 0]
97	[-68.43633711616772, 0]
97	[-68.43633711616772, 0]
97	[-68.43633711616772, 0]
97	[-68.43633711616772, 0]
97	[-68.43633711616772, 0]
97	[-68.43633711616772, 0]
97	[-68.43633711616772, 0]
97	[-68.43633711616772, 0]
97	[-68.43633711616772, 0]
97	[-68.43633711616772, 0]
97	[-68.43633711616772, 0]
97	[-68.43633711616772, 0]
97	[-68.43633711616772, 0]
97	[-68.43633711616772, 0]
97	[-68.43633711616772, 0]
97	[-68.43633711616772, 0]
97	[-68.43633711616772, 0]
97	[-68.43633711616772, 0]
97	[-68.43633711616772, 0]
97	[-68.43633711616772, 0]
97	[-68.43633711616772, 0]
97	[-68.43633711616772, 0]
97	[-68.43633711616772, 0]
97	[-68.43633711616772, 0]
97	[-68.43633711616772, 0]
97	[-68.43633711616772, 0]
97	[-68.43633711616772, 0]
97	[-68.43633711616772, 0]
97	[-68.43633711616772, 0]
97	[-68.43633711616772, 0]
97	[-68.43633711616772, 0]
97	[-68.43633711616772, 0]
97	[-68.43633711616772, 0]
97	[-68.43633711616772, 0]
97	[-68.43633711616772, 0]
97	[-60.23854996854304, -2]
97	[-60.23854996854304, -2]
97	[-60.23854996854304, -2]
97	[-60.23854996854304, -2]
97	[-60.23854996854304, -2]
97	[-60.23854996854304, -2]
97	[-60.23854996854304, -2]
97	[-60.23854996854304, -2]
97	[-60.23854996854304, -2]
97	[-60.23854996854304, -2]
97	[-60.23854996854304, -2]
97	[-60.23854996854304, -2]
97	[-60.23854996854304, -2]
97	[-60.23854996854304, -2]
97	[-60.23854996854304, -2]
97	[-60.23854996854304, -2]
97	[-60.23854996854304, -2]
97	[-60.23854996854304, -2]
97	[-60.23854996854304, -2]
97	[-60.23854996854304, -2]
97	[-60.23854996854304, -2]
97	[-60.23854996854304, -2]
97	[-60.23854996854304, -2]
97	[-60.23854996854304, -2]
97	[-60.23854996854304, -2]
97	[-60.23854996854304, -2]
98	[-68.43633711616772, 0]
98	[-68.43633711616772, 0]
98	[-68.43633711616772, 0]
98	[-68.43633711616772, 0]
98	[-68.43633711616772, 0]
98	[-68.43633711616772, 0]
98	[-68.43633711616772, 0]
98	[-68.43633711616772, 0]
98	[-68.43633711616772, 0]
98	[-68.43633711616772, 0]
98	[-68.43633711616772, 0]
98	[-68.43633711616772, 0]
98	[-68.43633711616772, 0]
98	[-68.43633711616772, 0]
98	[-68.43633711616772, 0]
98	[-68.43633711616772, 0]
98	[-68.43633711616772, 0]
98	[-68.43633711616772, 0]
98	[-68.43633711616772, 0]
98	[-68.43633711616772, 0]
98	[-68.43633711616772, 0]
98	[-68.43633711616772, 0]
98	[-68.43633711616772, 0]
98	[-68.43633711616772, 0]
98	[-68.43633711616772, 0]
98	[-68.43633711616772, 0]
98	[-68.43633711616772, 0]
98	[-68.43633711616772, 0]
98	[-68.43633711616772, 0]
98	[-68.43633711616772, 0]
98	[-68.43633711616772, 0]
98	[-68.43633711616772, 0]
98	[-68.43633711616772, 0]
98	[-68.43633711616772, 0]
98	[-68.43633711616772, 0]
98	[-68.43633711616772, 0]
98	[-68.43633711616772, 0]
98	[-68.43633711616772, 0]
98	[-68.43633711616772, 0]
98	[-68.43633711616772, 0]
98	[-68.43633711616772, 0]
98	[-68.43633711616772, 0]
98	[-68.43633711616772, 0]
98	[-68.43633711616772, 0]
98	[-68.43633711616772, 0]
98	[-68.43633711616772, 0]
98	[-68.43633711616772, 0]
98	[-68.43633711616772, 0]
98	[-68.43633711616772, 0]
98	[-68.43633711616772, 0]
98	[-68.43633711616772, 0]
98	[-68.43633711616772, 0]
98	[-68.43633711616772, 0]
98	[-68.43633711616772, 0]
98	[-60.23854996854304, -2]
98	[-60.23854996854304, -2]
98	[-60.23854996854304, -2]
98	[-60.23854996854304, -2]
98	[-60.23854996854304, -2]
98	[-60.23854996854304, -2]
98	[-60.23854996854304, -2]
98	[-60.23854996854304, -2]
98	[-60.23854996854304, -2]
98	[-60.23854996854304, -2]
98	[-60.23854996854304, -2]
98	[-60.23854996854304, -2]
98	[-60.23854996854304, -2]
98	[-60.23854996854304, -2]
98	[-60.23854996854304, -2]
98	[-60.23854996854304, -2]
98	[-60.23854996854304, -2]
98	[-60.23854996854304, -2]
98	[-60.23854996854304, -2]
98	[-60.23854996854304, -2]
98	[-60.23854996854304, -2]
98	[-60.23854996854304, -2]
98	[-60.23854996854304, -2]
98	[-60.23854996854304, -2]
98	[-60.23854996854304, -2]
98	[-60.23854996854304, -2]
99	[-68.43204170372717, 0]
99	[-60.23854996854304, -2]
99	[-60.23854996854304, -2]
99	[-60.23854996854304, -2]
99	[-60.23854996854304, -2]
99	[-60.23854996854304, -2]
99	[-60.23854996854304, -2]
99	[-60.23854996854304, -2]
99	[-60.23854996854304, -2]
99	[-60.23854996854304, -2]
99	[-60.23854996854304, -2]
99	[-60.23854996854304, -2]
99	[-60.23854996854304, -2]
99	[-60.23854996854304, -2]
99	[-60.23854996854304, -2]
99	[-60.23854996854304, -2]
99	[-60.23854996854304, -2]
99	[-60.23854996854304, -2]
99	[-60.23854996854304, -2]
99	[-60.23854996854304, -2]
99	[-60.23854996854304, -2]
99	[-60.23854996854304, -2]
99	[-60.23854996854304, -2]
99	[-60.23854996854304, -2]
99	[-60.23854996854304, -2]
99	[-60.23854996854304, -2]
99	[-60.23854996854304, -2]
99	[-60.23854996854304, -2]
99	[-60.23854996854304, -2]
99	[-60.23854996854304, -2]
100	[-68.43204170372717, 0]
100	[-60.23854996854304, -2]
100	[-60.23854996854304, -2]
100	[-60.23854996854304, -2]
100	[-60.23854996854304, -2]
100	[-60.23854996854304, -2]
100	[-60.23854996854304, -2]
100	[-60.23854996854304, -2]
100	[-60.23854996854304, -2]
100	[-60.23854996854304, -2]
100	[-60.23854996854304, -2]
100	[-60.23854996854304, -2]
100	[-60.23854996854304, -2]
100	[-60.23854996854304, -2]
100	[-60.23854996854304, -2]
100	[-60.23854996854304, -2]
100	[-60.23854996854304, -2]
100	[-60.23854996854304, -2]
100	[-60.23854996854304, -2]
100	[-60.23854996854304, -2]
100	[-60.23854996854304, -2]
100	[-60.23854996854304, -2]
100	[-60.23854996854304, -2]
100	[-60.23854996854304, -2]
100	[-60.23854996854304, -2]
100	[-60.23854996854304, -2]
100	[-60.23854996854304, -2]
100	[-60.23854996854304, -2]
100	[-60.23854996854304, -2]
100	[-60.23854996854304, -2]
100	[-60.23854996854304, -2]
100	[-60.23854996854304, -2]
100	[-60.23854996854304, -2]
100	[-60.23854996854304, -2]
100	[-60.23854996854304, -2]
101	[-68.43204170372717, 0]
101	[-68.43204170372717, 0]
101	[-68.43204170372717, 0]
101	[-68.43204170372717, 0]
101	[-68.43204170372717, 0]
101	[-57.580198135667175, -2]
102	[-68.43204170372717, 0]
102	[-68.43204170372717, 0]
102	[-68.43204170372717, 0]
102	[-68.43204170372717, 0]
102	[-68.43204170372717, 0]
102	[-68.43204170372717, 0]
102	[-68.43204170372717, 0]
102	[-68.43204170372717, 0]
102	[-68.43204170372717, 0]
102	[-67.43615641615503, -1]
102	[-57.580198135667175, -2]
102	[-57.580198135667175, -2]
103	[-68.43204170372717, 0]
103	[-68.43204170372717, 0]
103	[-68.43204170372717, 0]
103	[-68.43204170372717, 0]
103	[-68.43204170372717, 0]
103	[-68.43204170372717, 0]
103	[-68.43204170372717, 0]
103	[-68.43204170372717, 0]
103	[-68.43204170372717, 0]
103	[-68.43204170372717, 0]
103	[-68.43204170372717, 0]
103	[-68.43204170372717, 0]
103	[-68.43204170372717, 0]
103	[-68.43204170372717, 0]
103	[-67.43615641615503, -1]
103	[-57.580198135667175, -2]
103	[-57.580198135667175, -2]
104	[-68.43204170372717, 0]
104	[-68.43204170372717, 0]
104	[-68.43204170372717, 0]
104	[-68.43204170372717, 0]
104	[-68.43204170372717, 0]
104	[-68.43204170372717, 0]
104	[-68.43204170372717, 0]
104	[-68.43204170372717, 0]
104	[-68.43204170372717, 0]
104	[-68.43204170372717, 0]
104	[-68.43204170372717, 0]
104	[-68.43204170372717, 0]
104	[-68.43204170372717, 0]
104	[-68.43204170372717, 0]
104	[-68.43204170372717, 0]
104	[-68.43204170372717, 0]
104	[-68.43204170372717, 0]
104	[-68.43204170372717, 0]
104	[-68.43204170372717, 0]
104	[-68.43204170372717, 0]
104	[-68.43204170372717, 0]
104	[-67.43615641615503, -1]
104	[-57.580198135667175, -2]
104	[-57.580198135667175, -2]
105	[-68.43204170372717, 0]
105	[-68.43204170372717, 0]
105	[-68.43204170372717, 0]
105	[-68.43204170372717, 0]
105	[-68.43204170372717, 0]
105	[-68.43204170372717, 0]
105	[-68.43204170372717, 0]
105	[-68.43204170372717, 0]
105	[-68.43204170372717, 0]
105	[-68.43204170372717, 0]
105	[-68.43204170372717, 0]
105	[-68.43204170372717, 0]
105	[-68.43204170372717, 0]
105	[-68.43204170372717, 0]
105	[-68.43204170372717, 0]
105	[-68.43204170372717, 0]
105	[-68.43204170372717, 0]
105	[-68.43204170372717, 0]
105	[-68.43204170372717, 0]
105	[-68.43204170372717, 0]
105	[-68.43204170372717, 0]
105	[-68.43204170372717, 0]
105	[-68.43204170372717, 0]
105	[-68.43204170372717, 0]
105	[-68.43204170372717, 0]
105	[-68.43204170372717, 0]
105	[-68.43204170372717, 0]
105	[-68.43204170372717, 0]
105	[-68.43204170372717, 0]
105	[-67.43615641615503, -1]
105	[-67.43615641615503, -1]
105	[-56.99975841889247, -2]
106	[-68.43204170372717, 0]
106	[-68.43204170372717, 0]
106	[-68.43204170372717, 0]
106	[-68.43204170372717, 0]
106	[-68.43204170372717, 0]
106	[-68.43204170372717, 0]
106	[-68.43204170372717, 0]
106	[-68.43204170372717, 0]
106	[-68.43204170372717, 0]
106	[-68.43204170372717, 0]
106	[-68.43204170372717, 0]
106	[-68.43204170372717, 0]
106	[-68.43204170372717, 0]
106	[-68.43204170372717, 0]
106	[-68.43204170372717, 0]
106	[-68.43204170372717, 0]
106	[-68.43204170372717, 0]
106	[-68.43204170372717, 0]
106	[-68.43204170372717, 0]
106	[-68.43204170372717, 0]
106	[-68.43204170372717, 0]
106	[-68.43204170372717, 0]
106	[-68.43204170372717, 0]
106	[-68.43204170372717, 0]
106	[-68.43204170372717, 0]
106	[-68.43204170372717, 0]
106	[-68.43204170372717, 0]
106	[-68.43204170372717, 0]
106	[-68.43204170372717, 0]
106	[-68.43204170372717, 0]
106	[-68.43204170372717, 0]
106	[-68.43204170372717, 0]
106	[-68.43204170372717, 0]
106	[-68.43204170372717, 0]
106	[-68.43204170372717, 0]
106	[-68.43204170372717, 0]
106	[-68.43204170372717, 0]
106	[-67.43615641615503, -1]
106	[-67.43615641615503, -1]
106	[-56.99975841889247, -2]
106	[-56.99975841889247, -2]
106	[-56.99975841889247, -2]
107	[-68.43204170372717, 0]
107	[-68.43204170372717, 0]
107	[-68.43204170372717, 0]
107	[-68.43204170372717, 0]
107	[-68.43204170372717, 0]
107	[-68.43204170372717, 0]
107	[-68.43204170372717, 0]
107	[-68.43204170372717, 0]
107	[-68.43204170372717, 0]
107	[-68.43204170372717, 0]
107	[-68.43204170372717, 0]
107	[-68.43204170372717, 0]
107	[-68.43204170372717, 0]
107	[-68.43204170372717, 0]
107	[-68.43204170372717, 0]
107	[-68.43204170372717, 0]
107	[-68.43204170372717, 0]
107	[-68.43204170372717, 0]
107	[-68.43204170372717, 0]
107	[-68.43204170372717, 0]
107	[-68.43204170372717, 0]
107	[-68.43204170372717, 0]
107	[-68.43204170372717, 0]
107	[-68.43204170372717, 0]
107	[-68.43204170372717, 0]
107	[-68.43204170372717, 0]
107	[-68.43204170372717, 0]
107	[-68.43204170372717, 0]
107	[-68.43204170372717, 0]
107	[-68.43204170372717, 0]
107	[-68.43204170372717, 0]
107	[-68.43204170372717, 0]
107	[-68.43204170372717, 0]
107	[-68.43204170372717, 0]
107	[-68.43204170372717, 0]
107	[-68.43204170372717, 0]
107	[-68.43204170372717, 0]
107	[-68.43204170372717, 0]
107	[-68.43204170372717, 0]
107	[-68.43204170372717, 0]
107	[-68.43204170372717, 0]
107	[-68.43204170372717, 0]
107	[-68.43204170372717, 0]
107	[-68.43204170372717, 0]
107	[-68.43204170372717, 0]
107	[-68.43204170372717, 0]
107	[-68.43204170372717, 0]
107	[-68.43204170372717, 0]
107	[-68.43204170372717, 0]
107	[-68.43204170372717, 0]
107	[-67.43615641615503, -1]
107	[-67.43615641615503, -1]
107	[-56.99975841889247, -2]
107	[-56.99975841889247, -2]
107	[-56.99975841889247, -2]
108	[-68.43204170372717, 0]
108	[-68.43204170372717, 0]
108	[-68.43204170372717, 0]
108	[-68.43204170372717, 0]
108	[-68.43204170372717, 0]
108	[-68.43204170372717, 0]
108	[-68.43204170372717, 0]
108	[-68.43204170372717, 0]
108	[-68.43204170372717, 0]
108	[-68.43204170372717, 0]
108	[-68.43204170372717, 0]
108	[-68.43204170372717, 0]
108	[-68.43204170372717, 0]
108	[-68.43204170372717, 0]
108	[-68.43204170372717, 0]
108	[-68.43204170372717, 0]
108	[-68.43204170372717, 0]
108	[-68.43204170372717, 0]
108	[-68.43204170372717, 0]
108	[-68.43204170372717, 0]
108	[-68.43204170372717, 0]
108	[-68.43204170372717, 0]
108	[-68.43204170372717, 0]
108	[-68.43204170372717, 0]
108	[-68.43204170372717, 0]
108	[-68.43204170372717, 0]
108	[-68.43204170372717, 0]
108	[-68.43204170372717, 0]
108	[-68.43204170372717, 0]
108	[-68.43204170372717, 0]
108	[-68.43204170372717, 0]
108	[-68.43204170372717, 0]
108	[-68.43204170372717, 0]
108	[-68.43204170372717, 0]
108	[-68.43204170372717, 0]
108	[-68.43204170372717, 0]
108	[-68.43204170372717, 0]
108	[-68.43204170372717, 0]
108	[-68.43204170372717, 0]
108	[-68.43204170372717, 0]
108	[-68.43204170372717, 0]
108	[-68.43204170372717, 0]
108	[-68.43204170372717, 0]
108	[-68.43204170372717, 0]
108	[-68.43204170372717, 0]
108	[-68.43204170372717, 0]
108	[-68.43204170372717, 0]
108	[-68.43204170372717, 0]
108	[-68.43204170372717, 0]
108	[-68.43204170372717, 0]
108	[-68.43204170372717, 0]
108	[-68.43204170372717, 0]
108	[-68.43204170372717, 0]
108	[-68.43204170372717, 0]
108	[-68.43204170372717, 0]
108	[-68.43204170372717, 0]
108	[-68.43204170372717, 0]
108	[-68.43204170372717, 0]
108	[-68.43204170372717, 0]
108	[-68.43204170372717, 0]
108	[-68.43204170372717, 0]
108	[-67.43615641615503, -1]
108	[-67.43615641615503, -1]
108	[-67.43615641615503, -1]
108	[-56.99975841889247, -2]
108	[-56.99975841889247, -2]
108	[-56.99975841889247, -2]
108	[-56.99975841889247, -2]
108	[-56.99975841889247, -2]
108	[-56.99975841889247, -2]
108	[-56.99975841889247, -2]
109	[-68.43204170372717, 0]
109	[-68.43204170372717, 0]
109	[-68.43204170372717, 0]
109	[-68.43204170372717, 0]
109	[-68.43204170372717, 0]
109	[-68.43204170372717, 0]
109	[-68.43204170372717, 0]
109	[-68.43204170372717, 0]
109	[-68.43204170372717, 0]
109	[-68.43204170372717, 0]
109	[-68.43204170372717, 0]
109	[-68.43204170372717, 0]
109	[-68.43204170372717, 0]
109	[-68.43204170372717, 0]
109	[-68.43204170372717, 0]
109	[-68.43204170372717, 0]
109	[-68.43204170372717, 0]
109	[-68.43204170372717, 0]
109	[-68.43204170372717, 0]
109	[-68.43204170372717, 0]
109	[-68.43204170372717, 0]
109	[-68.43204170372717, 0]
109	[-68.43204170372717, 0]
109	[-68.43204170372717, 0]
109	[-68.43204170372717, 0]
109	[-68.43204170372717, 0]
109	[-68.43204170372717, 0]
109	[-68.43204170372717, 0]
109	[-68.43204170372717, 0]
109	[-68.43204170372717, 0]
109	[-68.43204170372717, 0]
109	[-68.43204170372717, 0]
109	[-68.43204170372717, 0]
109	[-68.43204170372717, 0]
109	[-68.43204170372717, 0]
109	[-68.43204170372717, 0]
109	[-68.43204170372717, 0]
109	[-68.43204170372717, 0]
109	[-68.43204170372717, 0]
109	[-68.43204170372717, 0]
109	[-68.43204170372717, 0]
109	[-68.43204170372717, 0]
109	[-68.43204170372717, 0]
109	[-68.43204170372717, 0]
109	[-68.43204170372717, 0]
109	[-68.43204170372717, 0]
109	[-68.43204170372717, 0]
109	[-68.43204170372717, 0]
109	[-68.43204170372717, 0]
109	[-68.43204170372717, 0]
109	[-68.43204170372717, 0]
109	[-68.43204170372717, 0]
109	[-68.43204170372717, 0]
109	[-68.43204170372717, 0]
109	[-68.43204170372717, 0]
109	[-68.43204170372717, 0]
109	[-68.43204170372717, 0]
109	[-68.43204170372717, 0]
109	[-68.43204170372717, 0]
109	[-68.43204170372717, 0]
109	[-68.43204170372717, 0]
109	[-68.43204170372717, 0]
109	[-68.43204170372717, 0]
109	[-68.43204170372717, 0]
109	[-68.43204170372717, 0]
109	[-68.43204170372717, 0]
109	[-68.43204170372717, 0]
109	[-68.43204170372717, 0]
109	[-68.43204170372717, 0]
109	[-67.43615641615503, -1]
109	[-56.99975841889247, -2]
109	[-56.99975841889247, -2]
109	[-56.99975841889247, -2]
109	[-56.99975841889247, -2]
109	[-56.99975841889247, -2]
109	[-56.99975841889247, -2]
109	[-56.99975841889247, -2]
109	[-56.99975841889247, -2]
109	[-56.99975841889247, -2]
109	[-56.99975841889247, -2]
110	[-68.43204170372717, 0]
110	[-68.43204170372717, 0]
110	[-68.43204170372717, 0]
110	[-68.43204170372717, 0]
110	[-68.43204170372717, 0]
110	[-68.43204170372717, 0]
110	[-68.43204170372717, 0]
110	[-68.43204170372717, 0]
110	[-68.43204170372717, 0]
110	[-68.43204170372717, 0]
110	[-68.43204170372717, 0]
110	[-68.43204170372717, 0]
110	[-68.43204170372717, 0]
110	[-68.43204170372717, 0]
110	[-68.43204170372717, 0]
110	[-68.43204170372717, 0]
110	[-68.43204170372717, 0]
110	[-68.43204170372717, 0]
110	[-68.43204170372717, 0]
110	[-68.43204170372717, 0]
110	[-68.43204170372717, 0]
110	[-68.43204170372717, 0]
110	[-68.43204170372717, 0]
110	[-68.43204170372717, 0]
110	[-68.43204170372717, 0]
110	[-68.43204170372717, 0]
110	[-68.43204170372717, 0]
110	[-68.43204170372717, 0]
110	[-68.43204170372717, 0]
110	[-68.43204170372717, 0]
110	[-68.43204170372717, 0]
110	[-68.43204170372717, 0]
110	[-68.43204170372717, 0]
110	[-68.43204170372717, 0]
110	[-68.43204170372717, 0]
110	[-68.43204170372717, 0]
110	[-68.43204170372717, 0]
110	[-68.43204170372717, 0]
110	[-68.43204170372717, 0]
110	[-68.43204170372717, 0]
110	[-68.43204170372717, 0]
110	[-68.43204170372717, 0]
110	[-68.43204170372717, 0]
110	[-68.43204170372717, 0]
110	[-68.43204170372717, 0]
110	[-68.43204170372717, 0]
110	[-68.43204170372717, 0]
110	[-68.43204170372717, 0]
110	[-68.43204170372717, 0]
110	[-68.43204170372717, 0]
110	[-68.43204170372717, 0]
110	[-68.43204170372717, 0]
110	[-68.43204170372717, 0]
110	[-68.43204170372717, 0]
110	[-68.43204170372717, 0]
110	[-68.43204170372717, 0]
110	[-68.43204170372717, 0]
110	[-68.43204170372717, 0]
110	[-68.43204170372717, 0]
110	[-68.43204170372717, 0]
110	[-68.43204170372717, 0]
110	[-68.43204170372717, 0]
110	[-68.43204170372717, 0]
110	[-68.43204170372717, 0]
110	[-68.43204170372717, 0]
110	[-68.43204170372717, 0]
110	[-68.43204170372717, 0]
110	[-68.43204170372717, 0]
110	[-68.43204170372717, 0]
110	[-68.43204170372717, 0]
110	[-68.43204170372717, 0]
110	[-68.43204170372717, 0]
110	[-68.43204170372717, 0]
110	[-68.43204170372717, 0]
110	[-68.43204170372717, 0]
110	[-68.43204170372717, 0]
110	[-68.43204170372717, 0]
110	[-68.43204170372717, 0]
110	[-68.43204170372717, 0]
110	[-55.90855730268678, -2]
111	[-68.43204170372717, 0]
111	[-68.43204170372717, 0]
111	[-68.43204170372717, 0]
111	[-68.43204170372717, 0]
111	[-68.43204170372717, 0]
111	[-68.43204170372717, 0]
111	[-68.43204170372717, 0]
111	[-68.43204170372717, 0]
111	[-68.43204170372717, 0]
111	[-68.43204170372717, 0]
111	[-68.43204170372717, 0]
111	[-68.43204170372717, 0]
111	[-68.43204170372717, 0]
111	[-68.43204170372717, 0]
111	[-68.43204170372717, 0]
111	[-68.43204170372717, 0]
111	[-68.43204170372717, 0]
111	[-68.43204170372717, 0]
111	[-68.43204170372717, 0]
111	[-68.43204170372717, 0]
111	[-68.43204170372717, 0]
111	[-68.43204170372717, 0]
111	[-68.43204170372717, 0]
111	[-68.43204170372717, 0]
111	[-68.43204170372717, 0]
111	[-68.43204170372717, 0]
111	[-68.43204170372717, 0]
111	[-68.43204170372717, 0]
111	[-68.43204170372717, 0]
111	[-68.43204170372717, 0]
111	[-68.43204170372717, 0]
111	[-68.43204170372717, 0]
111	[-68.43204170372717, 0]
111	[-68.43204170372717, 0]
111	[-68.43204170372717, 0]
111	[-68.43204170372717, 0]
111	[-68.43204170372717, 0]
111	[-68.43204170372717, 0]
111	[-68.43204170372717, 0]
111	[-68.43204170372717, 0]
111	[-68.43204170372717, 0]
111	[-68.43204170372717, 0]
111	[-68.43204170372717, 0]
111	[-68.43204170372717, 0]
111	[-68.43204170372717, 0]
111	[-68.43204170372717, 0]
111	[-68.43204170372717, 0]
111	[-68.43204170372717, 0]
111	[-68.43204170372717, 0]
111	[-68.43204170372717, 0]
111	[-68.43204170372717, 0]
111	[-68.43204170372717, 0]
111	[-68.43204170372717, 0]
111	[-68.43204170372717, 0]
111	[-68.43204170372717, 0]
111	[-68.43204170372717, 0]
111	[-68.43204170372717, 0]
111	[-68.43204170372717, 0]
111	[-68.43204170372717, 0]
111	[-68.43204170372717, 0]
111	[-68.43204170372717, 0]
111	[-68.43204170372717, 0]
111	[-68.43204170372717, 0]
111	[-68.43204170372717, 0]
111	[-68.43204170372717, 0]
111	[-68.43204170372717, 0]
111	[-68.43204170372717, 0]
111	[-68.43204170372717, 0]
111	[-68.43204170372717, 0]
111	[-68.43204170372717, 0]
111	[-68.43204170372717, 0]
111	[-68.43204170372717, 0]
111	[-68.43204170372717, 0]
111	[-68.43204170372717, 0]
111	[-68.43204170372717, 0]
111	[-68.43204170372717, 0]
111	[-68.43204170372717, 0]
111	[-68.43204170372717, 0]
111	[-68.43204170372717, 0]
111	[-55.90855730268678, -2]
112	[-68.43204170372717, 0]
112	[-68.43204170372717, 0]
112	[-68.43204170372717, 0]
112	[-68.43204170372717, 0]
112	[-68.43204170372717, 0]
112	[-68.43204170372717, 0]
112	[-68.43204170372717, 0]
112	[-68.43204170372717, 0]
112	[-68.43204170372717, 0]
112	[-68.43204170372717, 0]
112	[-68.43204170372717, 0]
112	[-68.43204170372717, 0]
112	[-68.43204170372717, 0]
112	[-68.43204170372717, 0]
112	[-68.43204170372717, 0]
112	[-68.43204170372717, 0]
112	[-68.43204170372717, 0]
112	[-68.43204170372717, 0]
112	[-68.43204170372717, 0]
112	[-68.43204170372717, 0]
112	[-68.43204170372717, 0]
112	[-68.43204170372717, 0]
112	[-68.43204170372717, 0]
112	[-68.43204170372717, 0]
112	[-68.43204170372717, 0]
112	[-68.43204170372717, 0]
112	[-68.43204170372717, 0]
112	[-68.43204170372717, 0]
112	[-68.43204170372717, 0]
112	[-68.43204170372717, 0]
112	[-68.43204170372717, 0]
112	[-68.43204170372717, 0]
112	[-68.43204170372717, 0]
112	[-68.43204170372717, 0]
112	[-68.43204170372717, 0]
112	[-68.43204170372717, 0]
112	[-68.43204170372717, 0]
112	[-68.43204170372717, 0]
112	[-68.43204170372717, 0]
112	[-68.43204170372717, 0]
112	[-68.43204170372717, 0]
112	[-68.43204170372717, 0]
112	[-68.43204170372717, 0]
112	[-68.43204170372717, 0]
112	[-68.43204170372717, 0]
112	[-68.43204170372717, 0]
112	[-68.43204170372717, 0]
112	[-68.43204170372717, 0]
112	[-68.43204170372717, 0]
112	[-68.43204170372717, 0]
112	[-68.43204170372717, 0]
112	[-68.43204170372717, 0]
112	[-68.43204170372717, 0]
112	[-68.43204170372717, 0]
112	[-68.43204170372717, 0]
112	[-68.43204170372717, 0]
112	[-68.43204170372717, 0]
112	[-68.43204170372717, 0]
112	[-68.43204170372717, 0]
112	[-68.43204170372717, 0]
112	[-68.43204170372717, 0]
112	[-68.43204170372717, 0]
112	[-68.43204170372717, 0]
112	[-68.43204170372717, 0]
112	[-68.43204170372717, 0]
112	[-68.43204170372717, 0]
112	[-68.43204170372717, 0]
112	[-68.43204170372717, 0]
112	[-68.43204170372717, 0]
112	[-68.43204170372717, 0]
112	[-68.43204170372717, 0]
112	[-68.43204170372717, 0]
112	[-68.43204170372717, 0]
112	[-68.43204170372717, 0]
112	[-68.43204170372717, 0]
112	[-68.43204170372717, 0]
112	[-55.90855730268678, -2]
112	[-55.90855730268678, -2]
112	[-55.90855730268678, -2]
112	[-55.90855730268678, -2]
113	[-68.43204170372717, 0]
113	[-68.43204170372717, 0]
113	[-68.43204170372717, 0]
113	[-68.43204170372717, 0]
113	[-68.43204170372717, 0]
113	[-68.43204170372717, 0]
113	[-68.43204170372717, 0]
113	[-68.43204170372717, 0]
113	[-68.43204170372717, 0]
113	[-68.43204170372717, 0]
113	[-68.43204170372717, 0]
113	[-68.43204170372717, 0]
113	[-68.43204170372717, 0]
113	[-68.43204170372717, 0]
113	[-68.43204170372717, 0]
113	[-68.43204170372717, 0]
113	[-68.43204170372717, 0]
113	[-68.43204170372717, 0]
113	[-68.43204170372717, 0]
113	[-68.43204170372717, 0]
113	[-68.43204170372717, 0]
113	[-68.43204170372717, 0]
113	[-68.43204170372717, 0]
113	[-68.43204170372717, 0]
113	[-68.43204170372717, 0]
113	[-68.43204170372717, 0]
113	[-68.43204170372717, 0]
113	[-68.43204170372717, 0]
113	[-68.43204170372717, 0]
113	[-68.43204170372717, 0]
113	[-68.43204170372717, 0]
113	[-68.43204170372717, 0]
113	[-68.43204170372717, 0]
113	[-68.43204170372717, 0]
113	[-68.43204170372717, 0]
113	[-68.43204170372717, 0]
113	[-68.43204170372717, 0]
113	[-68.43204170372717, 0]
113	[-68.43204170372717, 0]
113	[-68.43204170372717, 0]
113	[-68.43204170372717, 0]
113	[-68.43204170372717, 0]
113	[-68.43204170372717, 0]
113	[-68.43204170372717, 0]
113	[-68.43204170372717, 0]
113	[-68.43204170372717, 0]
113	[-68.43204170372717, 0]
113	[-68.43204170372717, 0]
113	[-68.43204170372717, 0]
113	[-68.43204170372717, 0]
113	[-68.43204170372717, 0]
113	[-68.43204170372717, 0]
113	[-68.43204170372717, 0]
113	[-68.43204170372717, 0]
113	[-68.43204170372717, 0]
113	[-68.43204170372717, 0]
113	[-68.43204170372717, 0]
113	[-68.43204170372717, 0]
113	[-68.43204170372717, 0]
113	[-68.43204170372717, 0]
113	[-68.43204170372717, 0]
113	[-68.43204170372717, 0]
113	[-68.43204170372717, 0]
113	[-68.43204170372717, 0]
113	[-68.43204170372717, 0]
113	[-68.43204170372717, 0]
113	[-68.43204170372717, 0]
113	[-68.43204170372717, 0]
113	[-68.43204170372717, 0]
113	[-68.43204170372717, 0]
113	[-68.43204170372717, 0]
113	[-68.43204170372717, 0]
113	[-68.43204170372717, 0]
113	[-55.90855730268678, -2]
113	[-55.90855730268678, -2]
113	[-55.90855730268678, -2]
113	[-55.90855730268678, -2]
113	[-55.90855730268678, -2]
113	[-55.90855730268678, -2]
113	[-55.90855730268678, -2]
114	[-68.43204170372717, 0]
114	[-68.43204170372717, 0]
114	[-68.43204170372717, 0]
114	[-68.43204170372717, 0]
114	[-68.43204170372717, 0]
114	[-68.43204170372717, 0]
114	[-68.43204170372717, 0]
114	[-68.43204170372717, 0]
114	[-68.43204170372717, 0]
114	[-68.43204170372717, 0]
114	[-68.43204170372717, 0]
114	[-68.43204170372717, 0]
114	[-68.43204170372717, 0]
114	[-68.43204170372717, 0]
114	[-68.43204170372717, 0]
114	[-68.43204170372717, 0]
114	[-68.43204170372717, 0]
114	[-68.43204170372717, 0]
114	[-68.43204170372717, 0]
114	[-68.43204170372717, 0]
114	[-68.43204170372717, 0]
114	[-68.43204170372717, 0]
114	[-68.43204170372717, 0]
114	[-68.43204170372717, 0]
114	[-68.43204170372717, 0]
114	[-68.43204170372717, 0]
114	[-68.43204170372717, 0]
114	[-68.43204170372717, 0]
114	[-68.43204170372717, 0]
114	[-68.43204170372717, 0]
114	[-68.43204170372717, 0]
114	[-68.43204170372717, 0]
114	[-68.43204170372717, 0]
114	[-68.43204170372717, 0]
114	[-68.43204170372717, 0]
114	[-68.43204170372717, 0]
114	[-68.43204170372717, 0]
114	[-68.43204170372717, 0]
114	[-68.43204170372717, 0]
114	[-68.43204170372717, 0]
114	[-68.43204170372717, 0]
114	[-68.43204170372717, 0]
114	[-68.43204170372717, 0]
114	[-68.43204170372717, 0]
114	[-68.43204170372717, 0]
114	[-68.43204170372717, 0]
114	[-68.43204170372717, 0]
114	[-68.43204170372717, 0]
114	[-68.43204170372717, 0]
114	[-68.43204170372717, 0]
114	[-68.43204170372717, 0]
114	[-68.43204170372717, 0]
114	[-68.43204170372717, 0]
114	[-68.43204170372717, 0]
114	[-68.43204170372717, 0]
114	[-68.43204170372717, 0]
114	[-68.43204170372717, 0]
114	[-68.43204170372717, 0]
114	[-68.43204170372717, 0]
114	[-68.43204170372717, 0]
114	[-68.43204170372717, 0]
114	[-68.43204170372717, 0]
114	[-68.43204170372717, 0]
114	[-68.43204170372717, 0]
114	[-68.43204170372717, 0]
114	[-68.43204170372717, 0]
114	[-68.43204170372717, 0]
114	[-68.43204170372717, 0]
114	[-68.43204170372717, 0]
114	[-68.43204170372717, 0]
114	[-68.43204170372717, 0]
114	[-68.43204170372717, 0]
114	[-55.90855730268678, -2]
114	[-55.90855730268678, -2]
114	[-55.90855730268678, -2]
114	[-55.90855730268678, -2]
114	[-55.90855730268678, -2]
114	[-55.90855730268678, -2]
114	[-55.90855730268678, -2]
114	[-55.90855730268678, -2]
115	[-68.43204170372717, 0]
115	[-68.43204170372717, 0]
115	[-68.43204170372717, 0]
115	[-68.43204170372717, 0]
115	[-68.43204170372717, 0]
115	[-68.43204170372717, 0]
115	[-68.43204170372717, 0]
115	[-68.43204170372717, 0]
115	[-68.43204170372717, 0]
115	[-68.43204170372717, 0]
115	[-68.43204170372717, 0]
115	[-68.43204170372717, 0]
115	[-68.43204170372717, 0]
115	[-68.43204170372717, 0]
115	[-68.43204170372717, 0]
115	[-68.43204170372717, 0]
115	[-68.43204170372717, 0]
115	[-68.43204170372717, 0]
115	[-68.43204170372717, 0]
115	[-68.43204170372717, 0]
115	[-68.43204170372717, 0]
115	[-68.43204170372717, 0]
115	[-68.43204170372717, 0]
115	[-68.43204170372717, 0]
115	[-68.43204170372717, 0]
115	[-68.43204170372717, 0]
115	[-68.43204170372717, 0]
115	[-68.43204170372717, 0]
115	[-68.43204170372717, 0]
115	[-68.43204170372717, 0]
115	[-68.43204170372717, 0]
115	[-68.43204170372717, 0]
115	[-68.43204170372717, 0]
115	[-68.43204170372717, 0]
115	[-68.43204170372717, 0]
115	[-68.43204170372717, 0]
115	[-68.43204170372717, 0]
115	[-68.43204170372717, 0]
115	[-68.43204170372717, 0]
115	[-68.43204170372717, 0]
115	[-68.43204170372717, 0]
115	[-68.43204170372717, 0]
115	[-68.43204170372717, 0]
115	[-68.43204170372717, 0]
115	[-68.43204170372717, 0]
115	[-68.43204170372717, 0]
115	[-68.43204170372717, 0]
115	[-68.43204170372717, 0]
115	[-68.43204170372717, 0]
115	[-68.43204170372717, 0]
115	[-68.43204170372717, 0]
115	[-68.43204170372717, 0]
115	[-68.43204170372717, 0]
115	[-68.43204170372717, 0]
115	[-68.43204170372717, 0]
115	[-68.43204170372717, 0]
115	[-68.43204170372717, 0]
115	[-68.43204170372717, 0]
115	[-68.43204170372717, 0]
115	[-68.43204170372717, 0]
115	[-68.43204170372717, 0]
115	[-68.43204170372717, 0]
115	[-68.43204170372717, 0]
115	[-68.43204170372717, 0]
115	[-68.43204170372717, 0]
115	[-68.43204170372717, 0]
115	[-68.43204170372717, 0]
115	[-68.43204170372717, 0]
115	[-68.43204170372717, 0]
115	[-68.43204170372717, 0]
115	[-68.43204170372717, 0]
115	[-55.90855730268678, -2]
115	[-55.90855730268678, -2]
115	[-55.90855730268678, -2]
115	[-55.90855730268678, -2]
115	[-55.90855730268678, -2]
115	[-55.90855730268678, -2]
115	[-55.90855730268678, -2]
115	[-55.90855730268678, -2]
115	[-55.90855730268678, -2]
116	[-68.43204170372717, 0]
116	[-68.43204170372717, 0]
116	[-68.43204170372717, 0]
116	[-68.43204170372717, 0]
116	[-68.43204170372717, 0]
116	[-68.43204170372717, 0]
116	[-68.43204170372717, 0]
116	[-68.43204170372717, 0]
116	[-68.43204170372717, 0]
116	[-68.43204170372717, 0]
116	[-68.43204170372717, 0]
116	[-68.43204170372717, 0]
116	[-68.43204170372717, 0]
116	[-68.43204170372717, 0]
116	[-68.43204170372717, 0]
116	[-68.43204170372717, 0]
116	[-68.43204170372717, 0]
116	[-68.43204170372717, 0]
116	[-68.43204170372717, 0]
116	[-68.43204170372717, 0]
116	[-68.43204170372717, 0]
116	[-68.43204170372717, 0]
116	[-68.43204170372717, 0]
116	[-68.43204170372717, 0]
116	[-68.43204170372717, 0]
116	[-68.43204170372717, 0]
116	[-68.43204170372717, 0]
116	[-68.43204170372717, 0]
116	[-68.43204170372717, 0]
116	[-68.43204170372717, 0]
116	[-68.43204170372717, 0]
116	[-68.43204170372717, 0]
116	[-68.43204170372717, 0]
116	[-68.43204170372717, 0]
116	[-68.43204170372717, 0]
116	[-68.43204170372717, 0]
116	[-68.43204170372717, 0]
116	[-68.43204170372717, 0]
116	[-68.43204170372717, 0]
116	[-68.43204170372717, 0]
116	[-68.43204170372717, 0]
116	[-68.43204170372717, 0]
116	[-68.43204170372717, 0]
116	[-68.43204170372717, 0]
116	[-68.43204170372717, 0]
116	[-68.43204170372717, 0]
116	[-68.43204170372717, 0]
116	[-68.43204170372717, 0]
116	[-68.43204170372717, 0]
116	[-68.43204170372717, 0]
116	[-68.43204170372717, 0]
116	[-68.43204170372717, 0]
116	[-68.43204170372717, 0]
116	[-68.43204170372717, 0]
116	[-68.43204170372717, 0]
116	[-68.43204170372717, 0]
116	[-68.43204170372717, 0]
116	[-68.43204170372717, 0]
116	[-68.43204170372717, 0]
116	[-68.43204170372717, 0]
116	[-68.43204170372717, 0]
116	[-68.43204170372717, 0]
116	[-68.43204170372717, 0]
116	[-68.43204170372717, 0]
116	[-68.43204170372717, 0]
116	[-68.43204170372717, 0]
116	[-68.43204170372717, 0]
116	[-68.43204170372717, 0]
116	[-55.90855730268678, -2]
116	[-55.90855730268678, -2]
116	[-55.90855730268678, -2]
116	[-55.90855730268678, -2]
116	[-55.90855730268678, -2]
116	[-55.90855730268678, -2]
116	[-55.90855730268678, -2]
116	[-55.90855730268678, -2]
116	[-55.90855730268678, -2]
116	[-55.90855730268678, -2]
116	[-55.90855730268678, -2]
116	[-55.90855730268678, -2]
117	[-68.43204170372717, 0]
117	[-68.43204170372717, 0]
117	[-68.43204170372717, 0]
117	[-68.43204170372717, 0]
117	[-68.43204170372717, 0]
117	[-68.43204170372717, 0]
117	[-68.43204170372717, 0]
117	[-68.43204170372717, 0]
117	[-68.43204170372717, 0]
117	[-68.43204170372717, 0]
117	[-68.43204170372717, 0]
117	[-68.43204170372717, 0]
117	[-68.43204170372717, 0]
117	[-68.43204170372717, 0]
117	[-68.43204170372717, 0]
117	[-68.43204170372717, 0]
117	[-68.43204170372717, 0]
117	[-68.43204170372717, 0]
117	[-68.43204170372717, 0]
117	[-68.43204170372717, 0]
117	[-68.43204170372717, 0]
117	[-68.43204170372717, 0]
117	[-68.43204170372717, 0]
117	[-68.43204170372717, 0]
117	[-68.43204170372717, 0]
117	[-68.43204170372717, 0]
117	[-68.43204170372717, 0]
117	[-68.43204170372717, 0]
117	[-68.43204170372717, 0]
117	[-68.43204170372717, 0]
117	[-68.43204170372717, 0]
117	[-68.43204170372717, 0]
117	[-68.43204170372717, 0]
117	[-68.43204170372717, 0]
117	[-68.43204170372717, 0]
117	[-68.43204170372717, 0]
117	[-68.43204170372717, 0]
117	[-68.43204170372717, 0]
117	[-68.43204170372717, 0]
117	[-68.43204170372717, 0]
117	[-68.43204170372717, 0]
117	[-68.43204170372717, 0]
117	[-68.43204170372717, 0]
117	[-68.43204170372717, 0]
117	[-68.43204170372717, 0]
117	[-68.43204170372717, 0]
117	[-68.43204170372717, 0]
117	[-68.43204170372717, 0]
117	[-68.43204170372717, 0]
117	[-68.43204170372717, 0]
117	[-68.43204170372717, 0]
117	[-68.43204170372717, 0]
117	[-68.43204170372717, 0]
117	[-68.43204170372717, 0]
117	[-68.43204170372717, 0]
117	[-68.43204170372717, 0]
117	[-68.43204170372717, 0]
117	[-68.43204170372717, 0]
117	[-68.43204170372717, 0]
117	[-68.43204170372717, 0]
117	[-68.43204170372717, 0]
117	[-68.43204170372717, 0]
117	[-68.43204170372717, 0]
117	[-68.43204170372717, 0]
117	[-68.43204170372717, 0]
117	[-68.43204170372717, 0]
117	[-68.43204170372717, 0]
117	[-68.43204170372717, 0]
117	[-68.43204170372717, 0]
117	[-68.43204170372717, 0]
117	[-68.43204170372717, 0]
117	[-68.43204170372717, 0]
117	[-68.43204170372717, 0]
117	[-68.43204170372717, 0]
117	[-68.43204170372717, 0]
117	[-68.43204170372717, 0]
117	[-68.43204170372717, 0]
117	[-68.43204170372717, 0]
117	[-68.43204170372717, 0]
117	[-53.093436607769036, -2]
118	[-68.43204170372717, 0]
118	[-68.43204170372717, 0]
118	[-68.43204170372717, 0]
118	[-68.43204170372717, 0]
118	[-68.43204170372717, 0]
118	[-68.43204170372717, 0]
118	[-68.43204170372717, 0]
118	[-68.43204170372717, 0]
118	[-68.43204170372717, 0]
118	[-68.43204170372717, 0]
118	[-68.43204170372717, 0]
118	[-68.43204170372717, 0]
118	[-68.43204170372717, 0]
118	[-68.43204170372717, 0]
118	[-68.43204170372717, 0]
118	[-68.43204170372717, 0]
118	[-68.43204170372717, 0]
118	[-68.43204170372717, 0]
118	[-68.43204170372717, 0]
118	[-68.43204170372717, 0]
118	[-68.43204170372717, 0]
118	[-68.43204170372717, 0]
118	[-68.43204170372717, 0]
118	[-68.43204170372717, 0]
118	[-68.43204170372717, 0]
118	[-68.43204170372717, 0]
118	[-68.43204170372717, 0]
118	[-68.43204170372717, 0]
118	[-68.43204170372717, 0]
118	[-68.43204170372717, 0]
118	[-68.43204170372717, 0]
118	[-68.43204170372717, 0]
118	[-68.43204170372717, 0]
118	[-68.43204170372717, 0]
118	[-68.43204170372717, 0]
118	[-68.43204170372717, 0]
118	[-68.43204170372717, 0]
118	[-68.43204170372717, 0]
118	[-68.43204170372717, 0]
118	[-68.43204170372717, 0]
118	[-68.43204170372717, 0]
118	[-68.43204170372717, 0]
118	[-68.43204170372717, 0]
118	[-68.43204170372717, 0]
118	[-68.43204170372717, 0]
118	[-68.43204170372717, 0]
118	[-68.43204170372717, 0]
118	[-68.43204170372717, 0]
118	[-68.43204170372717, 0]
118	[-68.43204170372717, 0]
118	[-68.43204170372717, 0]
118	[-68.43204170372717, 0]
118	[-68.43204170372717, 0]
118	[-68.43204170372717, 0]
118	[-68.43204170372717, 0]
118	[-68.43204170372717, 0]
118	[-68.43204170372717, 0]
118	[-68.43204170372717, 0]
118	[-68.43204170372717, 0]
118	[-68.43204170372717, 0]
118	[-68.43204170372717, 0]
118	[-68.43204170372717, 0]
118	[-68.43204170372717, 0]
118	[-68.43204170372717, 0]
118	[-68.43204170372717, 0]
118	[-68.43204170372717, 0]
118	[-68.43204170372717, 0]
118	[-68.43204170372717, 0]
118	[-68.43204170372717, 0]
118	[-68.43204170372717, 0]
118	[-68.43204170372717, 0]
118	[-68.43204170372717, 0]
118	[-68.43204170372717, 0]
118	[-68.43204170372717, 0]
118	[-68.43204170372717, 0]
118	[-68.43204170372717, 0]
118	[-68.43204170372717, 0]
118	[-68.43204170372717, 0]
118	[-68.43204170372717, 0]
118	[-53.093436607769036, -2]
119	[-68.43204170372717, 0]
119	[-68.43204170372717, 0]
119	[-68.43204170372717, 0]
119	[-68.43204170372717, 0]
119	[-68.43204170372717, 0]
119	[-68.43204170372717, 0]
119	[-68.43204170372717, 0]
119	[-68.43204170372717, 0]
119	[-68.43204170372717, 0]
119	[-68.43204170372717, 0]
119	[-68.43204170372717, 0]
119	[-68.43204170372717, 0]
119	[-68.43204170372717, 0]
119	[-68.43204170372717, 0]
119	[-68.43204170372717, 0]
119	[-68.43204170372717, 0]
119	[-68.43204170372717, 0]
119	[-68.43204170372717, 0]
119	[-68.43204170372717, 0]
119	[-68.43204170372717, 0]
119	[-68.43204170372717, 0]
119	[-68.43204170372717, 0]
119	[-68.43204170372717, 0]
119	[-68.43204170372717, 0]
119	[-68.43204170372717, 0]
119	[-68.43204170372717, 0]
119	[-68.43204170372717, 0]
119	[-68.43204170372717, 0]
119	[-68.43204170372717, 0]
119	[-68.43204170372717, 0]
119	[-68.43204170372717, 0]
119	[-68.43204170372717, 0]
119	[-68.43204170372717, 0]
119	[-68.43204170372717, 0]
119	[-68.43204170372717, 0]
119	[-68.43204170372717, 0]
119	[-68.43204170372717, 0]
119	[-68.43204170372717, 0]
119	[-68.43204170372717, 0]
119	[-68.43204170372717, 0]
119	[-68.43204170372717, 0]
119	[-68.43204170372717, 0]
119	[-68.43204170372717, 0]
119	[-68.43204170372717, 0]
119	[-68.43204170372717, 0]
119	[-68.43204170372717, 0]
119	[-68.43204170372717, 0]
119	[-68.43204170372717, 0]
119	[-68.43204170372717, 0]
119	[-68.43204170372717, 0]
119	[-68.43204170372717, 0]
119	[-68.43204170372717, 0]
119	[-68.43204170372717, 0]
119	[-68.43204170372717, 0]
119	[-68.43204170372717, 0]
119	[-68.43204170372717, 0]
119	[-68.43204170372717, 0]
119	[-68.43204170372717, 0]
119	[-68.43204170372717, 0]
119	[-68.43204170372717, 0]
119	[-68.43204170372717, 0]
119	[-68.43204170372717, 0]
119	[-68.43204170372717, 0]
119	[-68.43204170372717, 0]
119	[-68.43204170372717, 0]
119	[-68.43204170372717, 0]
119	[-68.43204170372717, 0]
119	[-68.43204170372717, 0]
119	[-68.43204170372717, 0]
119	[-68.43204170372717, 0]
119	[-68.43204170372717, 0]
119	[-68.43204170372717, 0]
119	[-68.43204170372717, 0]
119	[-68.43204170372717, 0]
119	[-68.43204170372717, 0]
119	[-68.43204170372717, 0]
119	[-68.43204170372717, 0]
119	[-68.43204170372717, 0]
119	[-68.43204170372717, 0]
119	[-53.093436607769036, -2]
120	[-68.43204170372717, 0]
120	[-68.43204170372717, 0]
120	[-68.43204170372717, 0]
120	[-68.43204170372717, 0]
120	[-68.43204170372717, 0]
120	[-68.43204170372717, 0]
120	[-68.43204170372717, 0]
120	[-68.43204170372717, 0]
120	[-68.43204170372717, 0]
120	[-68.43204170372717, 0]
120	[-68.43204170372717, 0]
120	[-68.43204170372717, 0]
120	[-68.43204170372717, 0]
120	[-68.43204170372717, 0]
120	[-68.43204170372717, 0]
120	[-68.43204170372717, 0]
120	[-68.43204170372717, 0]
120	[-68.43204170372717, 0]
120	[-68.43204170372717, 0]
120	[-68.43204170372717, 0]
120	[-68.43204170372717, 0]
120	[-68.43204170372717, 0]
120	[-68.43204170372717, 0]
120	[-68.43204170372717, 0]
120	[-68.43204170372717, 0]
120	[-68.43204170372717, 0]
120	[-68.43204170372717, 0]
120	[-68.43204170372717, 0]
120	[-68.43204170372717, 0]
120	[-68.43204170372717, 0]
120	[-68.43204170372717, 0]
120	[-68.43204170372717, 0]
120	[-68.43204170372717, 0]
120	[-68.43204170372717, 0]
120	[-68.43204170372717, 0]
120	[-68.43204170372717, 0]
120	[-68.43204170372717, 0]
120	[-68.43204170372717, 0]
120	[-68.43204170372717, 0]
120	[-68.43204170372717, 0]
120	[-68.43204170372717, 0]
120	[-68.43204170372717, 0]
120	[-68.43204170372717, 0]
120	[-68.43204170372717, 0]
120	[-68.43204170372717, 0]
120	[-68.43204170372717, 0]
120	[-68.43204170372717, 0]
120	[-68.43204170372717, 0]
120	[-68.43204170372717, 0]
120	[-68.43204170372717, 0]
120	[-68.43204170372717, 0]
120	[-68.43204170372717, 0]
120	[-68.43204170372717, 0]
120	[-68.43204170372717, 0]
120	[-68.43204170372717, 0]
120	[-68.43204170372717, 0]
120	[-68.43204170372717, 0]
120	[-68.43204170372717, 0]
120	[-68.43204170372717, 0]
120	[-68.43204170372717, 0]
120	[-68.43204170372717, 0]
120	[-68.43204170372717, 0]
120	[-68.43204170372717, 0]
120	[-68.43204170372717, 0]
120	[-68.43204170372717, 0]
120	[-68.43204170372717, 0]
120	[-68.43204170372717, 0]
120	[-68.43204170372717, 0]
120	[-68.43204170372717, 0]
120	[-68.43204170372717, 0]
120	[-68.43204170372717, 0]
120	[-68.43204170372717, 0]
120	[-68.43204170372717, 0]
120	[-68.43204170372717, 0]
120	[-68.43204170372717, 0]
120	[-68.43204170372717, 0]
120	[-68.43204170372717, 0]
120	[-68.43204170372717, 0]
120	[-53.093436607769036, -2]
120	[-53.093436607769036, -2]
121	[-68.43204170372717, 0]
121	[-68.43204170372717, 0]
121	[-68.43204170372717, 0]
121	[-68.43204170372717, 0]
121	[-68.43204170372717, 0]
121	[-68.43204170372717, 0]
121	[-68.43204170372717, 0]
121	[-68.43204170372717, 0]
121	[-68.43204170372717, 0]
121	[-68.43204170372717, 0]
121	[-68.43204170372717, 0]
121	[-68.43204170372717, 0]
121	[-68.43204170372717, 0]
121	[-68.43204170372717, 0]
121	[-68.43204170372717, 0]
121	[-68.43204170372717, 0]
121	[-68.43204170372717, 0]
121	[-68.43204170372717, 0]
121	[-68.43204170372717, 0]
121	[-68.43204170372717, 0]
121	[-68.43204170372717, 0]
121	[-68.43204170372717, 0]
121	[-68.43204170372717, 0]
121	[-68.43204170372717, 0]
121	[-68.43204170372717, 0]
121	[-68.43204170372717, 0]
121	[-68.43204170372717, 0]
121	[-68.43204170372717, 0]
121	[-68.43204170372717, 0]
121	[-68.43204170372717, 0]
121	[-68.43204170372717, 0]
121	[-68.43204170372717, 0]
121	[-68.43204170372717, 0]
121	[-68.43204170372717, 0]
121	[-68.43204170372717, 0]
121	[-68.43204170372717, 0]
121	[-68.43204170372717, 0]
121	[-68.43204170372717, 0]
121	[-68.43204170372717, 0]
121	[-68.43204170372717, 0]
121	[-68.43204170372717, 0]
121	[-68.43204170372717, 0]
121	[-68.43204170372717, 0]
121	[-68.43204170372717, 0]
121	[-68.43204170372717, 0]
121	[-68.43204170372717, 0]
121	[-68.43204170372717, 0]
121	[-68.43204170372717, 0]
121	[-68.43204170372717, 0]
121	[-68.43204170372717, 0]
121	[-68.43204170372717, 0]
121	[-68.43204170372717, 0]
121	[-68.43204170372717, 0]
121	[-68.43204170372717, 0]
121	[-68.43204170372717, 0]
121	[-68.43204170372717, 0]
121	[-68.43204170372717, 0]
121	[-68.43204170372717, 0]
121	[-68.43204170372717, 0]
121	[-68.43204170372717, 0]
121	[-68.43204170372717, 0]
121	[-68.43204170372717, 0]
121	[-68.43204170372717, 0]
121	[-68.43204170372717, 0]
121	[-68.43204170372717, 0]
121	[-68.43204170372717, 0]
121	[-68.43204170372717, 0]
121	[-68.43204170372717, 0]
121	[-68.43204170372717, 0]
121	[-68.43204170372717, 0]
121	[-68.43204170372717, 0]
121	[-68.43204170372717, 0]
121	[-68.43204170372717, 0]
121	[-68.43204170372717, 0]
121	[-68.43204170372717, 0]
121	[-68.43204170372717, 0]
121	[-68.43204170372717, 0]
121	[-53.093436607769036, -2]
121	[-53.093436607769036, -2]
121	[-53.093436607769036, -2]
122	[-68.43204170372717, 0]
122	[-68.43204170372717, 0]
122	[-68.43204170372717, 0]
122	[-68.43204170372717, 0]
122	[-68.43204170372717, 0]
122	[-68.43204170372717, 0]
122	[-68.43204170372717, 0]
122	[-68.43204170372717, 0]
122	[-68.43204170372717, 0]
122	[-68.43204170372717, 0]
122	[-68.43204170372717, 0]
122	[-68.43204170372717, 0]
122	[-68.43204170372717, 0]
122	[-68.43204170372717, 0]
122	[-68.43204170372717, 0]
122	[-68.43204170372717, 0]
122	[-68.43204170372717, 0]
122	[-68.43204170372717, 0]
122	[-68.43204170372717, 0]
122	[-68.43204170372717, 0]
122	[-68.43204170372717, 0]
122	[-68.43204170372717, 0]
122	[-68.43204170372717, 0]
122	[-68.43204170372717, 0]
122	[-68.43204170372717, 0]
122	[-68.43204170372717, 0]
122	[-68.43204170372717, 0]
122	[-68.43204170372717, 0]
122	[-68.43204170372717, 0]
122	[-68.43204170372717, 0]
122	[-68.43204170372717, 0]
122	[-68.43204170372717, 0]
122	[-68.43204170372717, 0]
122	[-68.43204170372717, 0]
122	[-68.43204170372717, 0]
122	[-68.43204170372717, 0]
122	[-68.43204170372717, 0]
122	[-68.43204170372717, 0]
122	[-68.43204170372717, 0]
122	[-68.43204170372717, 0]
122	[-68.43204170372717, 0]
122	[-68.43204170372717, 0]
122	[-68.43204170372717, 0]
122	[-68.43204170372717, 0]
122	[-68.43204170372717, 0]
122	[-68.43204170372717, 0]
122	[-68.43204170372717, 0]
122	[-68.43204170372717, 0]
122	[-68.43204170372717, 0]
122	[-68.43204170372717, 0]
122	[-68.43204170372717, 0]
122	[-68.43204170372717, 0]
122	[-68.43204170372717, 0]
122	[-68.43204170372717, 0]
122	[-68.43204170372717, 0]
122	[-68.43204170372717, 0]
122	[-68.43204170372717, 0]
122	[-68.43204170372717, 0]
122	[-68.43204170372717, 0]
122	[-68.43204170372717, 0]
122	[-68.43204170372717, 0]
122	[-68.43204170372717, 0]
122	[-68.43204170372717, 0]
122	[-68.43204170372717, 0]
122	[-68.43204170372717, 0]
122	[-68.43204170372717, 0]
122	[-68.43204170372717, 0]
122	[-68.43204170372717, 0]
122	[-68.43204170372717, 0]
122	[-68.43204170372717, 0]
122	[-68.43204170372717, 0]
122	[-68.43204170372717, 0]
122	[-68.43204170372717, 0]
122	[-68.43204170372717, 0]
122	[-68.43204170372717, 0]
122	[-68.43204170372717, 0]
122	[-53.093436607769036, -2]
122	[-53.093436607769036, -2]
122	[-53.093436607769036, -2]
122	[-53.093436607769036, -2]
123	[-68.43204170372717, 0]
123	[-68.43204170372717, 0]
123	[-68.43204170372717, 0]
123	[-68.43204170372717, 0]
123	[-68.43204170372717, 0]
123	[-68.43204170372717, 0]
123	[-68.43204170372717, 0]
123	[-68.43204170372717, 0]
123	[-68.43204170372717, 0]
123	[-68.43204170372717, 0]
123	[-68.43204170372717, 0]
123	[-68.43204170372717, 0]
123	[-68.43204170372717, 0]
123	[-68.43204170372717, 0]
123	[-68.43204170372717, 0]
123	[-68.43204170372717, 0]
123	[-68.43204170372717, 0]
123	[-68.43204170372717, 0]
123	[-68.43204170372717, 0]
123	[-68.43204170372717, 0]
123	[-68.43204170372717, 0]
123	[-68.43204170372717, 0]
123	[-68.43204170372717, 0]
123	[-68.43204170372717, 0]
123	[-68.43204170372717, 0]
123	[-68.43204170372717, 0]
123	[-68.43204170372717, 0]
123	[-68.43204170372717, 0]
123	[-68.43204170372717, 0]
123	[-68.43204170372717, 0]
123	[-68.43204170372717, 0]
123	[-68.43204170372717, 0]
123	[-68.43204170372717, 0]
123	[-68.43204170372717, 0]
123	[-68.43204170372717, 0]
123	[-68.43204170372717, 0]
123	[-68.43204170372717, 0]
123	[-68.43204170372717, 0]
123	[-68.43204170372717, 0]
123	[-68.43204170372717, 0]
123	[-68.43204170372717, 0]
123	[-68.43204170372717, 0]
123	[-68.43204170372717, 0]
123	[-68.43204170372717, 0]
123	[-68.43204170372717, 0]
123	[-68.43204170372717, 0]
123	[-68.43204170372717, 0]
123	[-68.43204170372717, 0]
123	[-68.43204170372717, 0]
123	[-68.43204170372717, 0]
123	[-68.43204170372717, 0]
123	[-68.43204170372717, 0]
123	[-68.43204170372717, 0]
123	[-68.43204170372717, 0]
123	[-68.43204170372717, 0]
123	[-68.43204170372717, 0]
123	[-68.43204170372717, 0]
123	[-68.43204170372717, 0]
123	[-68.43204170372717, 0]
123	[-68.43204170372717, 0]
123	[-68.43204170372717, 0]
123	[-68.43204170372717, 0]
123	[-68.43204170372717, 0]
123	[-68.43204170372717, 0]
123	[-68.43204170372717, 0]
123	[-68.43204170372717, 0]
123	[-68.43204170372717, 0]
123	[-68.43204170372717, 0]
123	[-68.43204170372717, 0]
123	[-68.43204170372717, 0]
123	[-68.43204170372717, 0]
123	[-68.43204170372717, 0]
123	[-68.43204170372717, 0]
123	[-68.43204170372717, 0]
123	[-68.43204170372717, 0]
123	[-68.43204170372717, 0]
123	[-68.43204170372717, 0]
123	[-68.43204170372717, 0]
123	[-68.43204170372717, 0]
123	[-51.30250337041819, -2]
124	[-68.43204170372717, 0]
124	[-68.43204170372717, 0]
124	[-68.43204170372717, 0]
124	[-68.43204170372717, 0]
124	[-68.43204170372717, 0]
124	[-68.43204170372717, 0]
124	[-68.43204170372717, 0]
124	[-68.43204170372717, 0]
124	[-68.43204170372717, 0]
124	[-68.43204170372717, 0]
124	[-68.43204170372717, 0]
124	[-68.43204170372717, 0]
124	[-68.43204170372717, 0]
124	[-68.43204170372717, 0]
124	[-68.43204170372717, 0]
124	[-68.43204170372717, 0]
124	[-68.43204170372717, 0]
124	[-68.43204170372717, 0]
124	[-68.43204170372717, 0]
124	[-68.43204170372717, 0]
124	[-68.43204170372717, 0]
124	[-68.43204170372717, 0]
124	[-68.43204170372717, 0]
124	[-68.43204170372717, 0]
124	[-68.43204170372717, 0]
124	[-68.43204170372717, 0]
124	[-68.43204170372717, 0]
124	[-68.43204170372717, 0]
124	[-68.43204170372717, 0]
124	[-68.43204170372717, 0]
124	[-68.43204170372717, 0]
124	[-68.43204170372717, 0]
124	[-68.43204170372717, 0]
124	[-68.43204170372717, 0]
124	[-68.43204170372717, 0]
124	[-68.43204170372717, 0]
124	[-68.43204170372717, 0]
124	[-68.43204170372717, 0]
124	[-68.43204170372717, 0]
124	[-68.43204170372717, 0]
124	[-68.43204170372717, 0]
124	[-68.43204170372717, 0]
124	[-68.43204170372717, 0]
124	[-68.43204170372717, 0]
124	[-68.43204170372717, 0]
124	[-68.43204170372717, 0]
124	[-68.43204170372717, 0]
124	[-68.43204170372717, 0]
124	[-68.43204170372717, 0]
124	[-68.43204170372717, 0]
124	[-68.43204170372717, 0]
124	[-68.43204170372717, 0]
124	[-68.43204170372717, 0]
124	[-68.43204170372717, 0]
124	[-68.43204170372717, 0]
124	[-68.43204170372717, 0]
124	[-68.43204170372717, 0]
124	[-68.43204170372717, 0]
124	[-68.43204170372717, 0]
124	[-68.43204170372717, 0]
124	[-68.43204170372717, 0]
124	[-68.43204170372717, 0]
124	[-68.43204170372717, 0]
124	[-68.43204170372717, 0]
124	[-68.43204170372717, 0]
124	[-68.43204170372717, 0]
124	[-68.43204170372717, 0]
124	[-68.43204170372717, 0]
124	[-68.43204170372717, 0]
124	[-68.43204170372717, 0]
124	[-68.43204170372717, 0]
124	[-68.43204170372717, 0]
124	[-68.43204170372717, 0]
124	[-68.43204170372717, 0]
124	[-68.43204170372717, 0]
124	[-68.43204170372717, 0]
124	[-68.43204170372717, 0]
124	[-68.43204170372717, 0]
124	[-68.43204170372717, 0]
124	[-51.30250337041819, -2]
125	[-68.43204170372717, 0]
125	[-68.43204170372717, 0]
125	[-68.43204170372717, 0]
125	[-68.43204170372717, 0]
125	[-68.43204170372717, 0]
125	[-68.43204170372717, 0]
125	[-68.43204170372717, 0]
125	[-68.43204170372717, 0]
125	[-68.43204170372717, 0]
125	[-68.43204170372717, 0]
125	[-68.43204170372717, 0]
125	[-68.43204170372717, 0]
125	[-68.43204170372717, 0]
125	[-68.43204170372717, 0]
125	[-68.43204170372717, 0]
125	[-68.43204170372717, 0]
125	[-68.43204170372717, 0]
125	[-68.43204170372717, 0]
125	[-68.43204170372717, 0]
125	[-68.43204170372717, 0]
125	[-68.43204170372717, 0]
125	[-68.43204170372717, 0]
125	[-68.43204170372717, 0]
125	[-68.43204170372717, 0]
125	[-68.43204170372717, 0]
125	[-68.43204170372717, 0]
125	[-68.43204170372717, 0]
125	[-68.43204170372717, 0]
125	[-68.43204170372717, 0]
125	[-68.43204170372717, 0]
125	[-68.43204170372717, 0]
125	[-68.43204170372717, 0]
125	[-68.43204170372717, 0]
125	[-68.43204170372717, 0]
125	[-68.43204170372717, 0]
125	[-68.43204170372717, 0]
125	[-68.43204170372717, 0]
125	[-68.43204170372717, 0]
125	[-68.43204170372717, 0]
125	[-68.43204170372717, 0]
125	[-68.43204170372717, 0]
125	[-68.43204170372717, 0]
125	[-68.43204170372717, 0]
125	[-68.43204170372717, 0]
125	[-68.43204170372717, 0]
125	[-68.43204170372717, 0]
125	[-68.43204170372717, 0]
125	[-68.43204170372717, 0]
125	[-68.43204170372717, 0]
125	[-68.43204170372717, 0]
125	[-68.43204170372717, 0]
125	[-68.43204170372717, 0]
125	[-68.43204170372717, 0]
125	[-68.43204170372717, 0]
125	[-68.43204170372717, 0]
125	[-68.43204170372717, 0]
125	[-68.43204170372717, 0]
125	[-68.43204170372717, 0]
125	[-68.43204170372717, 0]
125	[-68.43204170372717, 0]
125	[-68.43204170372717, 0]
125	[-68.43204170372717, 0]
125	[-68.43204170372717, 0]
125	[-68.43204170372717, 0]
125	[-68.43204170372717, 0]
125	[-68.43204170372717, 0]
125	[-68.43204170372717, 0]
125	[-68.43204170372717, 0]
125	[-68.43204170372717, 0]
125	[-68.43204170372717, 0]
125	[-68.43204170372717, 0]
125	[-68.43204170372717, 0]
125	[-68.43204170372717, 0]
125	[-68.43204170372717, 0]
125	[-68.43204170372717, 0]
125	[-68.43204170372717, 0]
125	[-68.43204170372717, 0]
125	[-68.43204170372717, 0]
125	[-51.30250337041819, -2]
125	[-51.30250337041819, -2]
126	[-68.43204170372717, 0]
126	[-68.43204170372717, 0]
126	[-68.43204170372717, 0]
126	[-68.43204170372717, 0]
126	[-68.43204170372717, 0]
126	[-68.43204170372717, 0]
126	[-68.43204170372717, 0]
126	[-68.43204170372717, 0]
126	[-68.43204170372717, 0]
126	[-68.43204170372717, 0]
126	[-68.43204170372717, 0]
126	[-68.43204170372717, 0]
126	[-68.43204170372717, 0]
126	[-68.43204170372717, 0]
126	[-68.43204170372717, 0]
126	[-68.43204170372717, 0]
126	[-68.43204170372717, 0]
126	[-68.43204170372717, 0]
126	[-68.43204170372717, 0]
126	[-68.43204170372717, 0]
126	[-68.43204170372717, 0]
126	[-68.43204170372717, 0]
126	[-68.43204170372717, 0]
126	[-68.43204170372717, 0]
126	[-68.43204170372717, 0]
126	[-68.43204170372717, 0]
126	[-68.43204170372717, 0]
126	[-68.43204170372717, 0]
126	[-68.43204170372717, 0]
126	[-68.43204170372717, 0]
126	[-68.43204170372717, 0]
126	[-68.43204170372717, 0]
126	[-68.43204170372717, 0]
126	[-68.43204170372717, 0]
126	[-68.43204170372717, 0]
126	[-68.43204170372717, 0]
126	[-68.43204170372717, 0]
126	[-68.43204170372717, 0]
126	[-68.43204170372717, 0]
126	[-68.43204170372717, 0]
126	[-68.43204170372717, 0]
126	[-68.43204170372717, 0]
126	[-68.43204170372717, 0]
126	[-68.43204170372717, 0]
126	[-68.43204170372717, 0]
126	[-68.43204170372717, 0]
126	[-68.43204170372717, 0]
126	[-68.43204170372717, 0]
126	[-68.43204170372717, 0]
126	[-68.43204170372717, 0]
126	[-68.43204170372717, 0]
126	[-68.43204170372717, 0]
126	[-68.43204170372717, 0]
126	[-68.43204170372717, 0]
126	[-68.43204170372717, 0]
126	[-68.43204170372717, 0]
126	[-68.43204170372717, 0]
126	[-68.43204170372717, 0]
126	[-68.43204170372717, 0]
126	[-68.43204170372717, 0]
126	[-68.43204170372717, 0]
126	[-68.43204170372717, 0]
126	[-68.43204170372717, 0]
126	[-68.43204170372717, 0]
126	[-68.43204170372717, 0]
126	[-68.43204170372717, 0]
126	[-68.43204170372717, 0]
126	[-68.43204170372717, 0]
126	[-68.43204170372717, 0]
126	[-68.43204170372717, 0]
126	[-68.43204170372717, 0]
126	[-68.43204170372717, 0]
126	[-68.43204170372717, 0]
126	[-68.43204170372717, 0]
126	[-51.30250337041819, -2]
126	[-51.30250337041819, -2]
126	[-51.30250337041819, -2]
126	[-51.30250337041819, -2]
126	[-51.30250337041819, -2]
126	[-51.30250337041819, -2]
127	[-68.43204170372717, 0]
127	[-68.43204170372717, 0]
127	[-68.43204170372717, 0]
127	[-68.43204170372717, 0]
127	[-68.43204170372717, 0]
127	[-68.43204170372717, 0]
127	[-68.43204170372717, 0]
127	[-68.43204170372717, 0]
127	[-68.43204170372717, 0]
127	[-68.43204170372717, 0]
127	[-68.43204170372717, 0]
127	[-68.43204170372717, 0]
127	[-68.43204170372717, 0]
127	[-68.43204170372717, 0]
127	[-68.43204170372717, 0]
127	[-68.43204170372717, 0]
127	[-68.43204170372717, 0]
127	[-68.43204170372717, 0]
127	[-68.43204170372717, 0]
127	[-68.43204170372717, 0]
127	[-68.43204170372717, 0]
127	[-68.43204170372717, 0]
127	[-68.43204170372717, 0]
127	[-68.43204170372717, 0]
127	[-68.43204170372717, 0]
127	[-68.43204170372717, 0]
127	[-68.43204170372717, 0]
127	[-68.43204170372717, 0]
127	[-68.43204170372717, 0]
127	[-68.43204170372717, 0]
127	[-68.43204170372717, 0]
127	[-68.43204170372717, 0]
127	[-68.43204170372717, 0]
127	[-68.43204170372717, 0]
127	[-68.43204170372717, 0]
127	[-68.43204170372717, 0]
127	[-68.43204170372717, 0]
127	[-68.43204170372717, 0]
127	[-68.43204170372717, 0]
127	[-68.43204170372717, 0]
127	[-68.43204170372717, 0]
127	[-68.43204170372717, 0]
127	[-68.43204170372717, 0]
127	[-68.43204170372717, 0]
127	[-68.43204170372717, 0]
127	[-68.43204170372717, 0]
127	[-68.43204170372717, 0]
127	[-68.43204170372717, 0]
127	[-68.43204170372717, 0]
127	[-68.43204170372717, 0]
127	[-68.43204170372717, 0]
127	[-68.43204170372717, 0]
127	[-68.43204170372717, 0]
127	[-68.43204170372717, 0]
127	[-68.43204170372717, 0]
127	[-68.43204170372717, 0]
127	[-68.43204170372717, 0]
127	[-68.43204170372717, 0]
127	[-68.43204170372717, 0]
127	[-68.43204170372717, 0]
127	[-68.43204170372717, 0]
127	[-68.43204170372717, 0]
127	[-68.43204170372717, 0]
127	[-68.43204170372717, 0]
127	[-68.43204170372717, 0]
127	[-68.43204170372717, 0]
127	[-68.43204170372717, 0]
127	[-68.43204170372717, 0]
127	[-68.43204170372717, 0]
127	[-68.43204170372717, 0]
127	[-68.43204170372717, 0]
127	[-68.43204170372717, 0]
127	[-68.43204170372717, 0]
127	[-51.30250337041819, -2]
127	[-51.30250337041819, -2]
127	[-51.30250337041819, -2]
127	[-51.30250337041819, -2]
127	[-51.30250337041819, -2]
127	[-51.30250337041819, -2]
127	[-51.30250337041819, -2]
128	[-68.43204170372717, 0]
128	[-68.43204170372717, 0]
128	[-68.43204170372717, 0]
128	[-68.43204170372717, 0]
128	[-68.43204170372717, 0]
128	[-68.43204170372717, 0]
128	[-68.43204170372717, 0]
128	[-68.43204170372717, 0]
128	[-68.43204170372717, 0]
128	[-68.43204170372717, 0]
128	[-68.43204170372717, 0]
128	[-68.43204170372717, 0]
128	[-68.43204170372717, 0]
128	[-68.43204170372717, 0]
128	[-68.43204170372717, 0]
128	[-68.43204170372717, 0]
128	[-68.43204170372717, 0]
128	[-68.43204170372717, 0]
128	[-68.43204170372717, 0]
128	[-68.43204170372717, 0]
128	[-68.43204170372717, 0]
128	[-68.43204170372717, 0]
128	[-68.43204170372717, 0]
128	[-68.43204170372717, 0]
128	[-68.43204170372717, 0]
128	[-68.43204170372717, 0]
128	[-68.43204170372717, 0]
128	[-68.43204170372717, 0]
128	[-68.43204170372717, 0]
128	[-68.43204170372717, 0]
128	[-68.43204170372717, 0]
128	[-68.43204170372717, 0]
128	[-68.43204170372717, 0]
128	[-68.43204170372717, 0]
128	[-68.43204170372717, 0]
128	[-68.43204170372717, 0]
128	[-68.43204170372717, 0]
128	[-68.43204170372717, 0]
128	[-68.43204170372717, 0]
128	[-68.43204170372717, 0]
128	[-68.43204170372717, 0]
128	[-68.43204170372717, 0]
128	[-68.43204170372717, 0]
128	[-68.43204170372717, 0]
128	[-68.43204170372717, 0]
128	[-68.43204170372717, 0]
128	[-68.43204170372717, 0]
128	[-68.43204170372717, 0]
128	[-68.43204170372717, 0]
128	[-68.43204170372717, 0]
128	[-68.43204170372717, 0]
128	[-68.43204170372717, 0]
128	[-68.43204170372717, 0]
128	[-68.43204170372717, 0]
128	[-68.43204170372717, 0]
128	[-68.43204170372717, 0]
128	[-68.43204170372717, 0]
128	[-68.43204170372717, 0]
128	[-68.43204170372717, 0]
128	[-68.43204170372717, 0]
128	[-68.43204170372717, 0]
128	[-68.43204170372717, 0]
128	[-68.43204170372717, 0]
128	[-68.43204170372717, 0]
128	[-68.43204170372717, 0]
128	[-68.43204170372717, 0]
128	[-68.43204170372717, 0]
128	[-68.43204170372717, 0]
128	[-68.43204170372717, 0]
128	[-68.43204170372717, 0]
128	[-68.43204170372717, 0]
128	[-68.43204170372717, 0]
128	[-68.43204170372717, 0]
128	[-68.43204170372717, 0]
128	[-68.43204170372717, 0]
128	[-68.43204170372717, 0]
128	[-68.43204170372717, 0]
128	[-68.43204170372717, 0]
128	[-68.43204170372717, 0]
128	[-48.289365434655906, -2]
129	[-68.43204170372717, 0]
129	[-68.43204170372717, 0]
129	[-68.43204170372717, 0]
129	[-68.43204170372717, 0]
129	[-68.43204170372717, 0]
129	[-68.43204170372717, 0]
129	[-68.43204170372717, 0]
129	[-68.43204170372717, 0]
129	[-68.43204170372717, 0]
129	[-68.43204170372717, 0]
129	[-68.43204170372717, 0]
129	[-68.43204170372717, 0]
129	[-68.43204170372717, 0]
129	[-68.43204170372717, 0]
129	[-68.43204170372717, 0]
129	[-68.43204170372717, 0]
129	[-68.43204170372717, 0]
129	[-68.43204170372717, 0]
129	[-68.43204170372717, 0]
129	[-68.43204170372717, 0]
129	[-68.43204170372717, 0]
129	[-68.43204170372717, 0]
129	[-68.43204170372717, 0]
129	[-68.43204170372717, 0]
129	[-68.43204170372717, 0]
129	[-68.43204170372717, 0]
129	[-68.43204170372717, 0]
129	[-68.43204170372717, 0]
129	[-68.43204170372717, 0]
129	[-68.43204170372717, 0]
129	[-68.43204170372717, 0]
129	[-68.43204170372717, 0]
129	[-68.43204170372717, 0]
129	[-68.43204170372717, 0]
129	[-68.43204170372717, 0]
129	[-68.43204170372717, 0]
129	[-68.43204170372717, 0]
129	[-68.43204170372717, 0]
129	[-68.43204170372717, 0]
129	[-68.43204170372717, 0]
129	[-68.43204170372717, 0]
129	[-68.43204170372717, 0]
129	[-68.43204170372717, 0]
129	[-68.43204170372717, 0]
129	[-68.43204170372717, 0]
129	[-68.43204170372717, 0]
129	[-68.43204170372717, 0]
129	[-68.43204170372717, 0]
129	[-68.43204170372717, 0]
129	[-68.43204170372717, 0]
129	[-68.43204170372717, 0]
129	[-68.43204170372717, 0]
129	[-68.43204170372717, 0]
129	[-68.43204170372717, 0]
129	[-68.43204170372717, 0]
129	[-68.43204170372717, 0]
129	[-68.43204170372717, 0]
129	[-68.43204170372717, 0]
129	[-68.43204170372717, 0]
129	[-68.43204170372717, 0]
129	[-68.43204170372717, 0]
129	[-68.43204170372717, 0]
129	[-68.43204170372717, 0]
129	[-68.43204170372717, 0]
129	[-68.43204170372717, 0]
129	[-68.43204170372717, 0]
129	[-68.43204170372717, 0]
129	[-68.43204170372717, 0]
129	[-68.43204170372717, 0]
129	[-68.43204170372717, 0]
129	[-68.43204170372717, 0]
129	[-68.43204170372717, 0]
129	[-68.43204170372717, 0]
129	[-68.43204170372717, 0]
129	[-68.43204170372717, 0]
129	[-68.43204170372717, 0]
129	[-68.43204170372717, 0]
129	[-68.43204170372717, 0]
129	[-48.289365434655906, -2]
129	[-48.289365434655906, -2]
130	[-66.59585056426324, 0]
130	[-48.289365434655906, -2]
130	[-48.289365434655906, -2]
130	[-48.289365434655906, -2]
131	[-66.59585056426324, 0]
131	[-48.289365434655906, -2]
131	[-48.289365434655906, -2]
131	[-48.289365434655906, -2]
131	[-48.289365434655906, -2]
131	[-48.289365434655906, -2]
132	[-66.59585056426324, 0]
132	[-66.59585056426324, 0]
132	[-48.289365434655906, -2]
132	[-48.289365434655906, -2]
132	[-48.289365434655906, -2]
132	[-48.289365434655906, -2]
132	[-48.289365434655906, -2]
132	[-48.289365434655906, -2]
133	[-66.59585056426324, 0]
133	[-66.59585056426324, 0]
133	[-66.59585056426324, 0]
133	[-48.289365434655906, -2]
133	[-48.289365434655906, -2]
133	[-48.289365434655906, -2]
133	[-48.289365434655906, -2]
133	[-48.289365434655906, -2]
133	[-48.289365434655906, -2]
133	[-48.289365434655906, -2]
133	[-48.289365434655906, -2]
133	[-48.289365434655906, -2]
133	[-48.289365434655906, -2]
133	[-48.289365434655906, -2]
134	[-66.59585056426324, 0]
134	[-66.59585056426324, 0]
134	[-66.59585056426324, 0]
134	[-66.59585056426324, 0]
134	[-48.06391397978278, -2]
135	[-66.59585056426324, 0]
135	[-66.59585056426324, 0]
135	[-66.59585056426324, 0]
135	[-66.59585056426324, 0]
135	[-48.06391397978278, -2]
136	[-66.59585056426324, 0]
136	[-66.59585056426324, 0]
136	[-66.59585056426324, 0]
136	[-66.59585056426324, 0]
136	[-48.06391397978278, -2]
137	[-66.59585056426324, 0]
137	[-66.59585056426324, 0]
137	[-66.59585056426324, 0]
137	[-66.59585056426324, 0]
137	[-66.59585056426324, 0]
137	[-66.59585056426324, 0]
137	[-66.59585056426324, 0]
137	[-48.06391397978278, -2]
138	[-65.2515154058015, 0]
138	[-47.87794506447851, -2]
139	[-62.4158188513822, 0]
139	[-46.71882641179237, -2]
140	[-62.4158188513822, 0]
140	[-62.4158188513822, 0]
140	[-62.4158188513822, 0]
140	[-46.71882641179237, -2]
140	[-46.71882641179237, -2]
140	[-46.71882641179237, -2]
140	[-46.71882641179237, -2]
141	[-62.4158188513822, 0]
141	[-62.4158188513822, 0]
141	[-62.4158188513822, 0]
141	[-46.71882641179237, -2]
141	[-46.71882641179237, -2]
141	[-46.71882641179237, -2]
141	[-46.71882641179237, -2]
141	[-46.71882641179237, -2]
141	[-46.71882641179237, -2]
141	[-46.71882641179237, -2]
141	[-46.71882641179237, -2]
141	[-46.71882641179237, -2]
141	[-46.71882641179237, -2]
142	[-62.4158188513822, 0]
142	[-62.4158188513822, 0]
142	[-62.4158188513822, 0]
142	[-62.4158188513822, 0]
142	[-62.4158188513822, 0]
142	[-62.4158188513822, 0]
142	[-46.71882641179237, -2]
142	[-46.71882641179237, -2]
142	[-46.71882641179237, -2]
142	[-46.71882641179237, -2]
142	[-46.71882641179237, -2]
142	[-46.71882641179237, -2]
142	[-46.71882641179237, -2]
142	[-46.71882641179237, -2]
142	[-46.71882641179237, -2]
142	[-46.71882641179237, -2]
142	[-46.71882641179237, -2]
142	[-46.71882641179237, -2]
142	[-46.71882641179237, -2]
142	[-46.71882641179237, -2]
142	[-46.71882641179237, -2]
142	[-46.71882641179237, -2]
142	[-46.71882641179237, -2]
142	[-46.71882641179237, -2]
142	[-46.71882641179237, -2]
142	[-46.71882641179237, -2]
142	[-46.71882641179237, -2]
142	[-46.71882641179237, -2]
142	[-46.71882641179237, -2]
143	[-62.4158188513822, 0]
143	[-62.4158188513822, 0]
143	[-62.4158188513822, 0]
143	[-62.4158188513822, 0]
143	[-62.4158188513822, 0]
143	[-62.4158188513822, 0]
143	[-62.4158188513822, 0]
143	[-62.4158188513822, 0]
143	[-62.4158188513822, 0]
143	[-46.71882641179237, -2]
143	[-46.71882641179237, -2]
143	[-46.71882641179237, -2]
143	[-46.71882641179237, -2]
143	[-46.71882641179237, -2]
143	[-46.71882641179237, -2]
143	[-46.71882641179237, -2]
143	[-46.71882641179237, -2]
143	[-46.71882641179237, -2]
143	[-46.71882641179237, -2]
143	[-46.71882641179237, -2]
143	[-46.71882641179237, -2]
143	[-46.71882641179237, -2]
143	[-46.71882641179237, -2]
143	[-46.71882641179237, -2]
143	[-46.71882641179237, -2]
143	[-46.71882641179237, -2]
143	[-46.71882641179237, -2]
143	[-46.71882641179237, -2]
143	[-46.71882641179237, -2]
143	[-46.71882641179237, -2]
143	[-46.71882641179237, -2]
143	[-46.71882641179237, -2]
143	[-46.71882641179237, -2]
143	[-46.71882641179237, -2]
143	[-46.71882641179237, -2]
143	[-46.71882641179237, -2]
143	[-46.71882641179237, -2]
143	[-46.71882641179237, -2]
143	[-46.71882641179237, -2]
143	[-46.71882641179237, -2]
144	[-62.4158188513822, 0]
144	[-62.4158188513822, 0]
144	[-62.4158188513822, 0]
144	[-62.4158188513822, 0]
144	[-62.4158188513822, 0]
144	[-62.4158188513822, 0]
144	[-62.4158188513822, 0]
144	[-62.4158188513822, 0]
144	[-62.4158188513822, 0]
144	[-62.4158188513822, 0]
144	[-62.4158188513822, 0]
144	[-62.4158188513822, 0]
144	[-62.4158188513822, 0]
144	[-62.4158188513822, 0]
144	[-62.4158188513822, 0]
144	[-46.71882641179237, -2]
144	[-46.71882641179237, -2]
144	[-46.71882641179237, -2]
144	[-46.71882641179237, -2]
144	[-46.71882641179237, -2]
144	[-46.71882641179237, -2]
144	[-46.71882641179237, -2]
144	[-46.71882641179237, -2]
144	[-46.71882641179237, -2]
144	[-46.71882641179237, -2]
144	[-46.71882641179237, -2]
144	[-46.71882641179237, -2]
144	[-46.71882641179237, -2]
144	[-46.71882641179237, -2]
144	[-46.71882641179237, -2]
144	[-46.71882641179237, -2]
144	[-46.71882641179237, -2]
144	[-46.71882641179237, -2]
144	[-46.71882641179237, -2]
144	[-46.71882641179237, -2]
144	[-46.71882641179237, -2]
144	[-46.71882641179237, -2]
144	[-46.71882641179237, -2]
144	[-46.71882641179237, -2]
144	[-46.71882641179237, -2]
144	[-46.71882641179237, -2]
144	[-46.71882641179237, -2]
144	[-46.71882641179237, -2]
144	[-46.71882641179237, -2]
144	[-46.71882641179237, -2]
144	[-46.71882641179237, -2]
144	[-46.71882641179237, -2]
144	[-46.71882641179237, -2]
144	[-46.71882641179237, -2]
144	[-46.71882641179237, -2]
144	[-46.71882641179237, -2]
144	[-46.71882641179237, -2]
144	[-46.71882641179237, -2]
145	[-62.4158188513822, 0]
145	[-62.4158188513822, 0]
145	[-62.4158188513822, 0]
145	[-62.4158188513822, 0]
145	[-62.4158188513822, 0]
145	[-62.4158188513822, 0]
145	[-62.4158188513822, 0]
145	[-62.4158188513822, 0]
145	[-62.4158188513822, 0]
145	[-62.4158188513822, 0]
145	[-62.4158188513822, 0]
145	[-62.4158188513822, 0]
145	[-62.4158188513822, 0]
145	[-62.4158188513822, 0]
145	[-62.4158188513822, 0]
145	[-62.4158188513822, 0]
145	[-62.4158188513822, 0]
145	[-62.4158188513822, 0]
145	[-62.4158188513822, 0]
145	[-44.539951931098614, -2]
146	[-62.4158188513822, 0]
146	[-62.4158188513822, 0]
146	[-62.4158188513822, 0]
146	[-62.4158188513822, 0]
146	[-62.4158188513822, 0]
146	[-62.4158188513822, 0]
146	[-62.4158188513822, 0]
146	[-62.4158188513822, 0]
146	[-62.4158188513822, 0]
146	[-62.4158188513822, 0]
146	[-62.4158188513822, 0]
146	[-62.4158188513822, 0]
146	[-62.4158188513822, 0]
146	[-62.4158188513822, 0]
146	[-62.4158188513822, 0]
146	[-62.4158188513822, 0]
146	[-62.4158188513822, 0]
146	[-62.4158188513822, 0]
146	[-62.4158188513822, 0]
146	[-62.4158188513822, 0]
146	[-62.4158188513822, 0]
146	[-62.4158188513822, 0]
146	[-62.4158188513822, 0]
146	[-62.4158188513822, 0]
146	[-62.4158188513822, 0]
146	[-62.4158188513822, 0]
146	[-62.4158188513822, 0]
146	[-62.4158188513822, 0]
146	[-44.539951931098614, -2]
146	[-44.539951931098614, -2]
147	[-62.4158188513822, 0]
147	[-62.4158188513822, 0]
147	[-62.4158188513822, 0]
147	[-62.4158188513822, 0]
147	[-62.4158188513822, 0]
147	[-62.4158188513822, 0]
147	[-62.4158188513822, 0]
147	[-62.4158188513822, 0]
147	[-62.4158188513822, 0]
147	[-62.4158188513822, 0]
147	[-62.4158188513822, 0]
147	[-62.4158188513822, 0]
147	[-62.4158188513822, 0]
147	[-62.4158188513822, 0]
147	[-62.4158188513822, 0]
147	[-62.4158188513822, 0]
147	[-62.4158188513822, 0]
147	[-62.4158188513822, 0]
147	[-62.4158188513822, 0]
147	[-62.4158188513822, 0]
147	[-62.4158188513822, 0]
147	[-62.4158188513822, 0]
147	[-62.4158188513822, 0]
147	[-62.4158188513822, 0]
147	[-62.4158188513822, 0]
147	[-62.4158188513822, 0]
147	[-62.4158188513822, 0]
147	[-62.4158188513822, 0]
147	[-62.4158188513822, 0]
147	[-62.4158188513822, 0]
147	[-62.4158188513822, 0]
147	[-62.4158188513822, 0]
147	[-62.4158188513822, 0]
147	[-62.4158188513822, 0]
147	[-62.4158188513822, 0]
147	[-62.4158188513822, 0]
147	[-62.4158188513822, 0]
147	[-44.539951931098614, -2]
147	[-44.539951931098614, -2]
148	[-62.4158188513822, 0]
148	[-62.4158188513822, 0]
148	[-62.4158188513822, 0]
148	[-62.4158188513822, 0]
148	[-62.4158188513822, 0]
148	[-62.4158188513822, 0]
148	[-62.4158188513822, 0]
148	[-62.4158188513822, 0]
148	[-62.4158188513822, 0]
148	[-62.4158188513822, 0]
148	[-62.4158188513822, 0]
148	[-62.4158188513822, 0]
148	[-62.4158188513822, 0]
148	[-62.4158188513822, 0]
148	[-62.4158188513822, 0]
148	[-62.4158188513822, 0]
148	[-62.4158188513822, 0]
148	[-62.4158188513822, 0]
148	[-62.4158188513822, 0]
148	[-62.4158188513822, 0]
148	[-62.4158188513822, 0]
148	[-62.4158188513822, 0]
148	[-62.4158188513822, 0]
148	[-62.4158188513822, 0]
148	[-62.4158188513822, 0]
148	[-62.4158188513822, 0]
148	[-62.4158188513822, 0]
148	[-62.4158188513822, 0]
148	[-62.4158188513822, 0]
148	[-62.4158188513822, 0]
148	[-62.4158188513822, 0]
148	[-62.4158188513822, 0]
148	[-62.4158188513822, 0]
148	[-62.4158188513822, 0]
148	[-62.4158188513822, 0]
148	[-62.4158188513822, 0]
148	[-62.4158188513822, 0]
148	[-62.4158188513822, 0]
148	[-62.4158188513822, 0]
148	[-62.4158188513822, 0]
148	[-62.4158188513822, 0]
148	[-62.4158188513822, 0]
148	[-62.4158188513822, 0]
148	[-62.4158188513822, 0]
148	[-62.4158188513822, 0]
148	[-62.4158188513822, 0]
148	[-62.4158188513822, 0]
148	[-44.539951931098614, -2]
148	[-44.539951931098614, -2]
148	[-44.539951931098614, -2]
148	[-44.539951931098614, -2]
149	[-62.4158188513822, 0]
149	[-62.4158188513822, 0]
149	[-62.4158188513822, 0]
149	[-62.4158188513822, 0]
149	[-62.4158188513822, 0]
149	[-62.4158188513822, 0]
149	[-62.4158188513822, 0]
149	[-62.4158188513822, 0]
149	[-62.4158188513822, 0]
149	[-62.4158188513822, 0]
149	[-62.4158188513822, 0]
149	[-62.4158188513822, 0]
149	[-62.4158188513822, 0]
149	[-62.4158188513822, 0]
149	[-62.4158188513822, 0]
149	[-62.4158188513822, 0]
149	[-62.4158188513822, 0]
149	[-62.4158188513822, 0]
149	[-62.4158188513822, 0]
149	[-62.4158188513822, 0]
149	[-62.4158188513822, 0]
149	[-62.4158188513822, 0]
149	[-62.4158188513822, 0]
149	[-62.4158188513822, 0]
149	[-62.4158188513822, 0]
149	[-62.4158188513822, 0]
149	[-62.4158188513822, 0]
149	[-62.4158188513822, 0]
149	[-62.4158188513822, 0]
149	[-62.4158188513822, 0]
149	[-62.4158188513822, 0]
149	[-62.4158188513822, 0]
149	[-62.4158188513822, 0]
149	[-62.4158188513822, 0]
149	[-62.4158188513822, 0]
149	[-62.4158188513822, 0]
149	[-62.4158188513822, 0]
149	[-62.4158188513822, 0]
149	[-62.4158188513822, 0]
149	[-62.4158188513822, 0]
149	[-62.4158188513822, 0]
149	[-62.4158188513822, 0]
149	[-62.4158188513822, 0]
149	[-62.4158188513822, 0]
149	[-62.4158188513822, 0]
149	[-62.4158188513822, 0]
149	[-62.4158188513822, 0]
149	[-62.4158188513822, 0]
149	[-62.4158188513822, 0]
149	[-62.4158188513822, 0]
149	[-62.4158188513822, 0]
149	[-62.4158188513822, 0]
149	[-62.4158188513822, 0]
149	[-62.4158188513822, 0]
149	[-62.4158188513822, 0]
149	[-62.4158188513822, 0]
149	[-62.4158188513822, 0]
149	[-62.4158188513822, 0]
149	[-62.4158188513822, 0]
149	[-62.4158188513822, 0]
149	[-62.4158188513822, 0]
149	[-62.4158188513822, 0]
149	[-44.539951931098614, -2]
149	[-44.539951931098614, -2]
149	[-44.539951931098614, -2]
149	[-44.539951931098614, -2]
150	[-62.4158188513822, 0]
150	[-62.4158188513822, 0]
150	[-62.4158188513822, 0]
150	[-62.4158188513822, 0]
150	[-62.4158188513822, 0]
150	[-62.4158188513822, 0]
150	[-62.4158188513822, 0]
150	[-62.4158188513822, 0]
150	[-62.4158188513822, 0]
150	[-62.4158188513822, 0]
150	[-62.4158188513822, 0]
150	[-62.4158188513822, 0]
150	[-62.4158188513822, 0]
150	[-62.4158188513822, 0]
150	[-62.4158188513822, 0]
150	[-62.4158188513822, 0]
150	[-62.4158188513822, 0]
150	[-62.4158188513822, 0]
150	[-62.4158188513822, 0]
150	[-62.4158188513822, 0]
150	[-62.4158188513822, 0]
150	[-62.4158188513822, 0]
150	[-62.4158188513822, 0]
150	[-62.4158188513822, 0]
150	[-62.4158188513822, 0]
150	[-62.4158188513822, 0]
150	[-62.4158188513822, 0]
150	[-62.4158188513822, 0]
150	[-62.4158188513822, 0]
150	[-62.4158188513822, 0]
150	[-62.4158188513822, 0]
150	[-62.4158188513822, 0]
150	[-62.4158188513822, 0]
150	[-62.4158188513822, 0]
150	[-62.4158188513822, 0]
150	[-62.4158188513822, 0]
150	[-62.4158188513822, 0]
150	[-62.4158188513822, 0]
150	[-62.4158188513822, 0]
150	[-62.4158188513822, 0]
150	[-62.4158188513822, 0]
150	[-62.4158188513822, 0]
150	[-62.4158188513822, 0]
150	[-62.4158188513822, 0]
150	[-62.4158188513822, 0]
150	[-62.4158188513822, 0]
150	[-62.4158188513822, 0]
150	[-62.4158188513822, 0]
150	[-62.4158188513822, 0]
150	[-62.4158188513822, 0]
150	[-62.4158188513822, 0]
150	[-62.4158188513822, 0]
150	[-62.4158188513822, 0]
150	[-62.4158188513822, 0]
150	[-62.4158188513822, 0]
150	[-62.4158188513822, 0]
150	[-62.4158188513822, 0]
150	[-62.4158188513822, 0]
150	[-62.4158188513822, 0]
150	[-62.4158188513822, 0]
150	[-62.4158188513822, 0]
150	[-62.4158188513822, 0]
150	[-62.4158188513822, 0]
150	[-62.4158188513822, 0]
150	[-62.4158188513822, 0]
150	[-62.4158188513822, 0]
150	[-62.4158188513822, 0]
150	[-62.4158188513822, 0]
150	[-62.4158188513822, 0]
150	[-62.4158188513822, 0]
150	[-62.4158188513822, 0]
150	[-44.539951931098614, -2]
150	[-44.539951931098614, -2]
150	[-44.539951931098614, -2]
150	[-44.539951931098614, -2]
150	[-44.539951931098614, -2]
150	[-44.539951931098614, -2]
150	[-44.539951931098614, -2]
151	[-62.4158188513822, 0]
151	[-62.4158188513822, 0]
151	[-62.4158188513822, 0]
151	[-62.4158188513822, 0]
151	[-62.4158188513822, 0]
151	[-62.4158188513822, 0]
151	[-62.4158188513822, 0]
151	[-62.4158188513822, 0]
151	[-62.4158188513822, 0]
151	[-62.4158188513822, 0]
151	[-62.4158188513822, 0]
151	[-62.4158188513822, 0]
151	[-62.4158188513822, 0]
151	[-62.4158188513822, 0]
151	[-62.4158188513822, 0]
151	[-62.4158188513822, 0]
151	[-62.4158188513822, 0]
151	[-62.4158188513822, 0]
151	[-62.4158188513822, 0]
151	[-62.4158188513822, 0]
151	[-62.4158188513822, 0]
151	[-62.4158188513822, 0]
151	[-62.4158188513822, 0]
151	[-62.4158188513822, 0]
151	[-62.4158188513822, 0]
151	[-62.4158188513822, 0]
151	[-62.4158188513822, 0]
151	[-62.4158188513822, 0]
151	[-62.4158188513822, 0]
151	[-62.4158188513822, 0]
151	[-62.4158188513822, 0]
151	[-62.4158188513822, 0]
151	[-62.4158188513822, 0]
151	[-62.4158188513822, 0]
151	[-62.4158188513822, 0]
151	[-62.4158188513822, 0]
151	[-62.4158188513822, 0]
151	[-62.4158188513822, 0]
151	[-62.4158188513822, 0]
151	[-62.4158188513822, 0]
151	[-62.4158188513822, 0]
151	[-62.4158188513822, 0]
151	[-62.4158188513822, 0]
151	[-62.4158188513822, 0]
151	[-62.4158188513822, 0]
151	[-62.4158188513822, 0]
151	[-62.4158188513822, 0]
151	[-62.4158188513822, 0]
151	[-62.4158188513822, 0]
151	[-62.4158188513822, 0]
151	[-62.4158188513822, 0]
151	[-62.4158188513822, 0]
151	[-62.4158188513822, 0]
151	[-62.4158188513822, 0]
151	[-62.4158188513822, 0]
151	[-62.4158188513822, 0]
151	[-62.4158188513822, 0]
151	[-62.4158188513822, 0]
151	[-62.4158188513822, 0]
151	[-62.4158188513822, 0]
151	[-62.4158188513822, 0]
151	[-62.4158188513822, 0]
151	[-62.4158188513822, 0]
151	[-62.4158188513822, 0]
151	[-62.4158188513822, 0]
151	[-62.4158188513822, 0]
151	[-62.4158188513822, 0]
151	[-62.4158188513822, 0]
151	[-62.4158188513822, 0]
151	[-62.4158188513822, 0]
151	[-62.4158188513822, 0]
151	[-44.539951931098614, -2]
151	[-44.539951931098614, -2]
151	[-44.539951931098614, -2]
151	[-44.539951931098614, -2]
151	[-44.539951931098614, -2]
151	[-44.539951931098614, -2]
151	[-44.539951931098614, -2]
151	[-44.539951931098614, -2]
151	[-44.539951931098614, -2]
152	[-60.68224773407263, 0]
152	[-44.539951931098614, -2]
152	[-44.539951931098614, -2]
152	[-44.539951931098614, -2]
152	[-44.539951931098614, -2]
152	[-44.539951931098614, -2]
152	[-44.539951931098614, -2]
152	[-44.539951931098614, -2]
152	[-44.539951931098614, -2]
152	[-44.539951931098614, -2]
152	[-44.539951931098614, -2]
152	[-44.539951931098614, -2]
152	[-44.539951931098614, -2]
152	[-44.539951931098614, -2]
152	[-44.539951931098614, -2]
153	[-60.68224773407263, 0]
153	[-60.68224773407263, 0]
153	[-44.539951931098614, -2]
153	[-44.539951931098614, -2]
153	[-44.539951931098614, -2]
153	[-44.539951931098614, -2]
153	[-44.539951931098614, -2]
153	[-44.539951931098614, -2]
153	[-44.539951931098614, -2]
153	[-44.539951931098614, -2]
153	[-44.539951931098614, -2]
153	[-44.539951931098614, -2]
153	[-44.539951931098614, -2]
153	[-44.539951931098614, -2]
153	[-44.539951931098614, -2]
153	[-44.539951931098614, -2]
153	[-44.539951931098614, -2]
153	[-44.539951931098614, -2]
153	[-44.539951931098614, -2]
153	[-44.539951931098614, -2]
153	[-44.539951931098614, -2]
153	[-44.539951931098614, -2]
153	[-44.539951931098614, -2]
153	[-44.539951931098614, -2]
153	[-44.539951931098614, -2]
154	[-60.68224773407263, 0]
154	[-60.68224773407263, 0]
154	[-44.539951931098614, -2]
154	[-44.539951931098614, -2]
154	[-44.539951931098614, -2]
154	[-44.539951931098614, -2]
154	[-44.539951931098614, -2]
154	[-44.539951931098614, -2]
154	[-44.539951931098614, -2]
154	[-44.539951931098614, -2]
154	[-44.539951931098614, -2]
154	[-44.539951931098614, -2]
154	[-44.539951931098614, -2]
154	[-44.539951931098614, -2]
154	[-44.539951931098614, -2]
154	[-44.539951931098614, -2]
154	[-44.539951931098614, -2]
154	[-44.539951931098614, -2]
154	[-44.539951931098614, -2]
154	[-44.539951931098614, -2]
154	[-44.539951931098614, -2]
154	[-44.539951931098614, -2]
154	[-44.539951931098614, -2]
154	[-44.539951931098614, -2]
154	[-44.539951931098614, -2]
154	[-44.539951931098614, -2]
154	[-44.539951931098614, -2]
154	[-44.539951931098614, -2]
154	[-44.539951931098614, -2]
154	[-44.539951931098614, -2]
154	[-44.539951931098614, -2]
154	[-44.539951931098614, -2]
154	[-44.539951931098614, -2]
154	[-44.539951931098614, -2]
154	[-44.539951931098614, -2]
154	[-44.539951931098614, -2]
155	[-60.68224773407263, 0]
155	[-60.68224773407263, 0]
155	[-60.68224773407263, 0]
155	[-60.68224773407263, 0]
155	[-44.539951931098614, -2]
155	[-44.539951931098614, -2]
155	[-44.539951931098614, -2]
155	[-44.539951931098614, -2]
155	[-44.539951931098614, -2]
155	[-44.539951931098614, -2]
155	[-44.539951931098614, -2]
155	[-44.539951931098614, -2]
155	[-44.539951931098614, -2]
155	[-44.539951931098614, -2]
155	[-44.539951931098614, -2]
155	[-44.539951931098614, -2]
155	[-44.539951931098614, -2]
155	[-44.539951931098614, -2]
155	[-44.539951931098614, -2]
155	[-44.539951931098614, -2]
155	[-44.539951931098614, -2]
155	[-44.539951931098614, -2]
155	[-44.539951931098614, -2]
155	[-44.539951931098614, -2]
155	[-44.539951931098614, -2]
155	[-44.539951931098614, -2]
155	[-44.539951931098614, -2]
155	[-44.539951931098614, -2]
155	[-44.539951931098614, -2]
155	[-44.539951931098614, -2]
155	[-44.539951931098614, -2]
155	[-44.539951931098614, -2]
155	[-44.539951931098614, -2]
155	[-44.539951931098614, -2]
155	[-44.539951931098614, -2]
155	[-44.539951931098614, -2]
155	[-44.539951931098614, -2]
155	[-44.539951931098614, -2]
155	[-44.539951931098614, -2]
155	[-44.539951931098614, -2]
155	[-44.539951931098614, -2]
155	[-44.539951931098614, -2]
155	[-44.539951931098614, -2]
155	[-44.539951931098614, -2]
155	[-44.539951931098614, -2]
155	[-44.539951931098614, -2]
155	[-44.539951931098614, -2]
155	[-44.539951931098614, -2]
155	[-44.539951931098614, -2]
155	[-44.539951931098614, -2]
155	[-44.539951931098614, -2]
156	[-60.68224773407263, 0]
156	[-60.68224773407263, 0]
156	[-60.68224773407263, 0]
156	[-60.68224773407263, 0]
156	[-60.68224773407263, 0]
156	[-60.68224773407263, 0]
156	[-60.68224773407263, 0]
156	[-60.68224773407263, 0]
156	[-60.68224773407263, 0]
156	[-44.539951931098614, -2]
156	[-44.539951931098614, -2]
156	[-44.539951931098614, -2]
156	[-44.539951931098614, -2]
156	[-44.539951931098614, -2]
156	[-44.539951931098614, -2]
156	[-44.539951931098614, -2]
156	[-44.539951931098614, -2]
156	[-44.539951931098614, -2]
156	[-44.539951931098614, -2]
156	[-44.539951931098614, -2]
156	[-44.539951931098614, -2]
156	[-44.539951931098614, -2]
156	[-44.539951931098614, -2]
156	[-44.539951931098614, -2]
156	[-44.539951931098614, -2]
156	[-44.539951931098614, -2]
156	[-44.539951931098614, -2]
156	[-44.539951931098614, -2]
156	[-44.539951931098614, -2]
156	[-44.539951931098614, -2]
156	[-44.539951931098614, -2]
156	[-44.539951931098614, -2]
156	[-44.539951931098614, -2]
156	[-44.539951931098614, -2]
156	[-44.539951931098614, -2]
156	[-44.539951931098614, -2]
156	[-44.539951931098614, -2]
156	[-44.539951931098614, -2]
156	[-44.539951931098614, -2]
156	[-44.539951931098614, -2]
156	[-44.539951931098614, -2]
156	[-44.539951931098614, -2]
156	[-44.539951931098614, -2]
156	[-44.539951931098614, -2]
156	[-44.539951931098614, -2]
156	[-44.539951931098614, -2]
156	[-44.539951931098614, -2]
156	[-44.539951931098614, -2]
156	[-44.539951931098614, -2]
156	[-44.539951931098614, -2]
156	[-44.539951931098614, -2]
156	[-44.539951931098614, -2]
156	[-44.539951931098614, -2]
156	[-44.539951931098614, -2]
156	[-44.539951931098614, -2]
156	[-44.539951931098614, -2]
156	[-44.539951931098614, -2]
156	[-44.539951931098614, -2]
156	[-44.539951931098614, -2]
156	[-44.539951931098614, -2]
156	[-44.539951931098614, -2]
156	[-44.539951931098614, -2]
156	[-44.539951931098614, -2]
156	[-44.539951931098614, -2]
156	[-44.539951931098614, -2]
156	[-44.539951931098614, -2]
156	[-44.539951931098614, -2]
156	[-44.539951931098614, -2]
157	[-60.68224773407263, 0]
157	[-60.68224773407263, 0]
157	[-60.68224773407263, 0]
157	[-60.68224773407263, 0]
157	[-60.68224773407263, 0]
157	[-60.68224773407263, 0]
157	[-60.68224773407263, 0]
157	[-60.68224773407263, 0]
157	[-60.68224773407263, 0]
157	[-60.68224773407263, 0]
157	[-44.539951931098614, -2]
157	[-44.539951931098614, -2]
157	[-44.539951931098614, -2]
157	[-44.539951931098614, -2]
157	[-44.539951931098614, -2]
157	[-44.539951931098614, -2]
157	[-44.539951931098614, -2]
157	[-44.539951931098614, -2]
157	[-44.539951931098614, -2]
157	[-44.539951931098614, -2]
157	[-44.539951931098614, -2]
157	[-44.539951931098614, -2]
157	[-44.539951931098614, -2]
157	[-44.539951931098614, -2]
157	[-44.539951931098614, -2]
157	[-44.539951931098614, -2]
157	[-44.539951931098614, -2]
157	[-44.539951931098614, -2]
157	[-44.539951931098614, -2]
157	[-44.539951931098614, -2]
157	[-44.539951931098614, -2]
157	[-44.539951931098614, -2]
157	[-44.539951931098614, -2]
157	[-44.539951931098614, -2]
157	[-44.539951931098614, -2]
157	[-44.539951931098614, -2]
157	[-44.539951931098614, -2]
157	[-44.539951931098614, -2]
157	[-44.539951931098614, -2]
157	[-44.539951931098614, -2]
157	[-44.539951931098614, -2]
157	[-44.539951931098614, -2]
157	[-44.539951931098614, -2]
157	[-44.539951931098614, -2]
157	[-44.539951931098614, -2]
157	[-44.539951931098614, -2]
157	[-44.539951931098614, -2]
157	[-44.539951931098614, -2]
157	[-44.539951931098614, -2]
157	[-44.539951931098614, -2]
157	[-44.539951931098614, -2]
157	[-44.539951931098614, -2]
157	[-44.539951931098614, -2]
157	[-44.539951931098614, -2]
157	[-44.539951931098614, -2]
157	[-44.539951931098614, -2]
157	[-44.539951931098614, -2]
157	[-44.539951931098614, -2]
157	[-44.539951931098614, -2]
157	[-44.539951931098614, -2]
157	[-44.539951931098614, -2]
157	[-44.539951931098614, -2]
157	[-44.539951931098614, -2]
157	[-44.539951931098614, -2]
157	[-44.539951931098614, -2]
157	[-44.539951931098614, -2]
157	[-44.539951931098614, -2]
157	[-44.539951931098614, -2]
157	[-44.539951931098614, -2]
157	[-44.539951931098614, -2]
157	[-44.539951931098614, -2]
157	[-44.539951931098614, -2]
157	[-44.539951931098614, -2]
157	[-44.539951931098614, -2]
157	[-44.539951931098614, -2]
157	[-44.539951931098614, -2]
157	[-44.539951931098614, -2]
157	[-44.539951931098614, -2]
157	[-44.539951931098614, -2]
157	[-44.539951931098614, -2]
158	[-60.68224773407263, 0]
158	[-60.68224773407263, 0]
158	[-60.68224773407263, 0]
158	[-60.68224773407263, 0]
158	[-60.68224773407263, 0]
158	[-60.68224773407263, 0]
158	[-60.68224773407263, 0]
158	[-60.68224773407263, 0]
158	[-60.68224773407263, 0]
158	[-60.68224773407263, 0]
158	[-60.68224773407263, 0]
158	[-60.68224773407263, 0]
158	[-44.539951931098614, -2]
158	[-44.539951931098614, -2]
158	[-44.539951931098614, -2]
158	[-44.539951931098614, -2]
158	[-44.539951931098614, -2]
158	[-44.539951931098614, -2]
158	[-44.539951931098614, -2]
158	[-44.539951931098614, -2]
158	[-44.539951931098614, -2]
158	[-44.539951931098614, -2]
158	[-44.539951931098614, -2]
158	[-44.539951931098614, -2]
158	[-44.539951931098614, -2]
158	[-44.539951931098614, -2]
158	[-44.539951931098614, -2]
158	[-44.539951931098614, -2]
158	[-44.539951931098614, -2]
158	[-44.539951931098614, -2]
158	[-44.539951931098614, -2]
158	[-44.539951931098614, -2]
158	[-44.539951931098614, -2]
158	[-44.539951931098614, -2]
158	[-44.539951931098614, -2]
158	[-44.539951931098614, -2]
158	[-44.539951931098614, -2]
158	[-44.539951931098614, -2]
158	[-44.539951931098614, -2]
158	[-44.539951931098614, -2]
158	[-44.539951931098614, -2]
158	[-44.539951931098614, -2]
158	[-44.539951931098614, -2]
158	[-44.539951931098614, -2]
158	[-44.539951931098614, -2]
158	[-44.539951931098614, -2]
158	[-44.539951931098614, -2]
158	[-44.539951931098614, -2]
158	[-44.539951931098614, -2]
158	[-44.539951931098614, -2]
158	[-44.539951931098614, -2]
158	[-44.539951931098614, -2]
158	[-44.539951931098614, -2]
158	[-44.539951931098614, -2]
158	[-44.539951931098614, -2]
158	[-44.539951931098614, -2]
158	[-44.539951931098614, -2]
158	[-44.539951931098614, -2]
158	[-44.539951931098614, -2]
158	[-44.539951931098614, -2]
158	[-44.539951931098614, -2]
158	[-44.539951931098614, -2]
158	[-44.539951931098614, -2]
158	[-44.539951931098614, -2]
158	[-44.539951931098614, -2]
158	[-44.539951931098614, -2]
158	[-44.539951931098614, -2]
158	[-44.539951931098614, -2]
158	[-44.539951931098614, -2]
158	[-44.539951931098614, -2]
158	[-44.539951931098614, -2]
158	[-44.539951931098614, -2]
158	[-44.539951931098614, -2]
158	[-44.539951931098614, -2]
158	[-44.539951931098614, -2]
158	[-44.539951931098614, -2]
158	[-44.539951931098614, -2]
158	[-44.539951931098614, -2]
158	[-44.539951931098614, -2]
158	[-44.539951931098614, -2]
159	[-60.68224773407263, 0]
159	[-60.68224773407263, 0]
159	[-60.68224773407263, 0]
159	[-60.68224773407263, 0]
159	[-60.68224773407263, 0]
159	[-60.68224773407263, 0]
159	[-60.68224773407263, 0]
159	[-60.68224773407263, 0]
159	[-60.68224773407263, 0]
159	[-60.68224773407263, 0]
159	[-60.68224773407263, 0]
159	[-60.68224773407263, 0]
159	[-44.539951931098614, -2]
159	[-44.539951931098614, -2]
159	[-44.539951931098614, -2]
159	[-44.539951931098614, -2]
159	[-44.539951931098614, -2]
159	[-44.539951931098614, -2]
159	[-44.539951931098614, -2]
159	[-44.539951931098614, -2]
159	[-44.539951931098614, -2]
159	[-44.539951931098614, -2]
159	[-44.539951931098614, -2]
159	[-44.539951931098614, -2]
159	[-44.539951931098614, -2]
159	[-44.539951931098614, -2]
159	[-44.539951931098614, -2]
159	[-44.539951931098614, -2]
159	[-44.539951931098614, -2]
159	[-44.539951931098614, -2]
159	[-44.539951931098614, -2]
159	[-44.539951931098614, -2]
159	[-44.539951931098614, -2]
159	[-44.539951931098614, -2]
159	[-44.539951931098614, -2]
159	[-44.539951931098614, -2]
159	[-44.539951931098614, -2]
159	[-44.539951931098614, -2]
159	[-44.539951931098614, -2]
159	[-44.539951931098614, -2]
159	[-44.539951931098614, -2]
159	[-44.539951931098614, -2]
159	[-44.539951931098614, -2]
159	[-44.539951931098614, -2]
159	[-44.539951931098614, -2]
159	[-44.539951931098614, -2]
159	[-44.539951931098614, -2]
159	[-44.539951931098614, -2]
159	[-44.539951931098614, -2]
159	[-44.539951931098614, -2]
159	[-44.539951931098614, -2]
159	[-44.539951931098614, -2]
159	[-44.539951931098614, -2]
159	[-44.539951931098614, -2]
159	[-44.539951931098614, -2]
159	[-44.539951931098614, -2]
159	[-44.539951931098614, -2]
159	[-44.539951931098614, -2]
159	[-44.539951931098614, -2]
159	[-44.539951931098614, -2]
159	[-44.539951931098614, -2]
159	[-44.539951931098614, -2]
159	[-44.539951931098614, -2]
159	[-44.539951931098614, -2]
159	[-44.539951931098614, -2]
159	[-44.539951931098614, -2]
159	[-44.539951931098614, -2]
159	[-44.539951931098614, -2]
159	[-44.539951931098614, -2]
159	[-44.539951931098614, -2]
159	[-44.539951931098614, -2]
159	[-44.539951931098614, -2]
159	[-44.539951931098614, -2]
159	[-44.539951931098614, -2]
159	[-44.539951931098614, -2]
159	[-44.539951931098614, -2]
159	[-44.539951931098614, -2]
159	[-44.539951931098614, -2]
159	[-44.539951931098614, -2]
159	[-44.539951931098614, -2]
160	[-60.68224773407263, 0]
160	[-60.68224773407263, 0]
160	[-60.68224773407263, 0]
160	[-60.68224773407263, 0]
160	[-60.68224773407263, 0]
160	[-60.68224773407263, 0]
160	[-60.68224773407263, 0]
160	[-60.68224773407263, 0]
160	[-60.68224773407263, 0]
160	[-60.68224773407263, 0]
160	[-60.68224773407263, 0]
160	[-60.68224773407263, 0]
160	[-44.539951931098614, -2]
160	[-44.539951931098614, -2]
160	[-44.539951931098614, -2]
160	[-44.539951931098614, -2]
160	[-44.539951931098614, -2]
160	[-44.539951931098614, -2]
160	[-44.539951931098614, -2]
160	[-44.539951931098614, -2]
160	[-44.539951931098614, -2]
160	[-44.539951931098614, -2]
160	[-44.539951931098614, -2]
160	[-44.539951931098614, -2]
160	[-44.539951931098614, -2]
160	[-44.539951931098614, -2]
160	[-44.539951931098614, -2]
160	[-44.539951931098614, -2]
160	[-44.539951931098614, -2]
160	[-44.539951931098614, -2]
160	[-44.539951931098614, -2]
160	[-44.539951931098614, -2]
160	[-44.539951931098614, -2]
160	[-44.539951931098614, -2]
160	[-44.539951931098614, -2]
160	[-44.539951931098614, -2]
160	[-44.539951931098614, -2]
160	[-44.539951931098614, -2]
160	[-44.539951931098614, -2]
160	[-44.539951931098614, -2]
160	[-44.539951931098614, -2]
160	[-44.539951931098614, -2]
160	[-44.539951931098614, -2]
160	[-44.539951931098614, -2]
160	[-44.539951931098614, -2]
160	[-44.539951931098614, -2]
160	[-44.539951931098614, -2]
160	[-44.539951931098614, -2]
160	[-44.539951931098614, -2]
160	[-44.539951931098614, -2]
160	[-44.539951931098614, -2]
160	[-44.539951931098614, -2]
160	[-44.539951931098614, -2]
160	[-44.539951931098614, -2]
160	[-44.539951931098614, -2]
160	[-44.539951931098614, -2]
160	[-44.539951931098614, -2]
160	[-44.539951931098614, -2]
160	[-44.539951931098614, -2]
160	[-44.539951931098614, -2]
160	[-44.539951931098614, -2]
160	[-44.539951931098614, -2]
160	[-44.539951931098614, -2]
160	[-44.539951931098614, -2]
160	[-44.539951931098614, -2]
160	[-44.539951931098614, -2]
160	[-44.539951931098614, -2]
160	[-44.539951931098614, -2]
160	[-44.539951931098614, -2]
160	[-44.539951931098614, -2]
160	[-44.539951931098614, -2]
160	[-44.539951931098614, -2]
160	[-44.539951931098614, -2]
160	[-44.539951931098614, -2]
160	[-44.539951931098614, -2]
160	[-44.539951931098614, -2]
160	[-44.539951931098614, -2]
160	[-44.539951931098614, -2]
160	[-44.539951931098614, -2]
160	[-44.539951931098614, -2]
161	[-59.77334638933181, 0]
161	[-44.539951931098614, -2]
161	[-44.539951931098614, -2]
161	[-44.539951931098614, -2]
161	[-44.539951931098614, -2]
161	[-44.539951931098614, -2]
161	[-44.539951931098614, -2]
161	[-44.539951931098614, -2]
161	[-44.539951931098614, -2]
161	[-44.539951931098614, -2]
161	[-44.539951931098614, -2]
161	[-44.539951931098614, -2]
161	[-44.539951931098614, -2]
161	[-44.539951931098614, -2]
161	[-44.539951931098614, -2]
161	[-44.539951931098614, -2]
161	[-44.539951931098614, -2]
161	[-44.539951931098614, -2]
161	[-44.539951931098614, -2]
161	[-44.539951931098614, -2]
161	[-44.539951931098614, -2]
161	[-44.539951931098614, -2]
161	[-44.539951931098614, -2]
161	[-44.539951931098614, -2]
161	[-44.539951931098614, -2]
161	[-44.539951931098614, -2]
161	[-44.539951931098614, -2]
161	[-44.539951931098614, -2]
161	[-44.539951931098614, -2]
161	[-44.539951931098614, -2]
161	[-44.539951931098614, -2]
161	[-44.539951931098614, -2]
161	[-44.539951931098614, -2]
161	[-44.539951931098614, -2]
161	[-44.539951931098614, -2]
161	[-44.539951931098614, -2]
161	[-44.539951931098614, -2]
161	[-44.539951931098614, -2]
161	[-44.539951931098614, -2]
161	[-44.539951931098614, -2]
161	[-44.539951931098614, -2]
161	[-44.539951931098614, -2]
161	[-44.539951931098614, -2]
161	[-44.539951931098614, -2]
161	[-44.539951931098614, -2]
161	[-44.539951931098614, -2]
161	[-44.539951931098614, -2]
161	[-44.539951931098614, -2]
161	[-44.539951931098614, -2]
161	[-44.539951931098614, -2]
161	[-44.539951931098614, -2]
161	[-44.539951931098614, -2]
161	[-44.539951931098614, -2]
161	[-44.539951931098614, -2]
161	[-44.539951931098614, -2]
161	[-44.539951931098614, -2]
161	[-44.539951931098614, -2]
161	[-44.539951931098614, -2]
161	[-44.539951931098614, -2]
161	[-44.539951931098614, -2]
161	[-44.539951931098614, -2]
161	[-44.539951931098614, -2]
161	[-44.539951931098614, -2]
161	[-44.539951931098614, -2]
161	[-44.539951931098614, -2]
161	[-44.539951931098614, -2]
161	[-44.539951931098614, -2]
161	[-44.539951931098614, -2]
161	[-44.539951931098614, -2]
161	[-44.539951931098614, -2]
161	[-44.539951931098614, -2]
161	[-44.539951931098614, -2]
161	[-44.539951931098614, -2]
161	[-44.539951931098614, -2]
161	[-44.539951931098614, -2]
161	[-44.539951931098614, -2]
161	[-44.539951931098614, -2]
161	[-44.539951931098614, -2]
161	[-44.539951931098614, -2]
161	[-44.539951931098614, -2]
162	[-59.77334638933181, 0]
162	[-59.77334638933181, 0]
162	[-44.539951931098614, -2]
162	[-44.539951931098614, -2]
162	[-44.539951931098614, -2]
162	[-44.539951931098614, -2]
162	[-44.539951931098614, -2]
162	[-44.539951931098614, -2]
162	[-44.539951931098614, -2]
162	[-44.539951931098614, -2]
162	[-44.539951931098614, -2]
162	[-44.539951931098614, -2]
162	[-44.539951931098614, -2]
162	[-44.539951931098614, -2]
162	[-44.539951931098614, -2]
162	[-44.539951931098614, -2]
162	[-44.539951931098614, -2]
162	[-44.539951931098614, -2]
162	[-44.539951931098614, -2]
162	[-44.539951931098614, -2]
162	[-44.539951931098614, -2]
162	[-44.539951931098614, -2]
162	[-44.539951931098614, -2]
162	[-44.539951931098614, -2]
162	[-44.539951931098614, -2]
162	[-44.539951931098614, -2]
162	[-44.539951931098614, -2]
162	[-44.539951931098614, -2]
162	[-44.539951931098614, -2]
162	[-44.539951931098614, -2]
162	[-44.539951931098614, -2]
162	[-44.539951931098614, -2]
162	[-44.539951931098614, -2]
162	[-44.539951931098614, -2]
162	[-44.539951931098614, -2]
162	[-44.539951931098614, -2]
162	[-44.539951931098614, -2]
162	[-44.539951931098614, -2]
162	[-44.539951931098614, -2]
162	[-44.539951931098614, -2]
162	[-44.539951931098614, -2]
162	[-44.539951931098614, -2]
162	[-44.539951931098614, -2]
162	[-44.539951931098614, -2]
162	[-44.539951931098614, -2]
162	[-44.539951931098614, -2]
162	[-44.539951931098614, -2]
162	[-44.539951931098614, -2]
162	[-44.539951931098614, -2]
162	[-44.539951931098614, -2]
162	[-44.539951931098614, -2]
162	[-44.539951931098614, -2]
162	[-44.539951931098614, -2]
162	[-44.539951931098614, -2]
162	[-44.539951931098614, -2]
162	[-44.539951931098614, -2]
162	[-44.539951931098614, -2]
162	[-44.539951931098614, -2]
162	[-44.539951931098614, -2]
162	[-44.539951931098614, -2]
162	[-44.539951931098614, -2]
162	[-44.539951931098614, -2]
162	[-44.539951931098614, -2]
162	[-44.539951931098614, -2]
162	[-44.539951931098614, -2]
162	[-44.539951931098614, -2]
162	[-44.539951931098614, -2]
162	[-44.539951931098614, -2]
162	[-44.539951931098614, -2]
162	[-44.539951931098614, -2]
162	[-44.539951931098614, -2]
162	[-44.539951931098614, -2]
162	[-44.539951931098614, -2]
162	[-44.539951931098614, -2]
162	[-44.539951931098614, -2]
162	[-44.539951931098614, -2]
162	[-44.539951931098614, -2]
162	[-44.539951931098614, -2]
162	[-44.539951931098614, -2]
162	[-44.539951931098614, -2]
163	[-59.77334638933181, 0]
163	[-59.77334638933181, 0]
163	[-59.77334638933181, 0]
163	[-44.539951931098614, -2]
163	[-44.539951931098614, -2]
163	[-44.539951931098614, -2]
163	[-44.539951931098614, -2]
163	[-44.539951931098614, -2]
163	[-44.539951931098614, -2]
163	[-44.539951931098614, -2]
163	[-44.539951931098614, -2]
163	[-44.539951931098614, -2]
163	[-44.539951931098614, -2]
163	[-44.539951931098614, -2]
163	[-44.539951931098614, -2]
163	[-44.539951931098614, -2]
163	[-44.539951931098614, -2]
163	[-44.539951931098614, -2]
163	[-44.539951931098614, -2]
163	[-44.539951931098614, -2]
163	[-44.539951931098614, -2]
163	[-44.539951931098614, -2]
163	[-44.539951931098614, -2]
163	[-44.539951931098614, -2]
163	[-44.539951931098614, -2]
163	[-44.539951931098614, -2]
163	[-44.539951931098614, -2]
163	[-44.539951931098614, -2]
163	[-44.539951931098614, -2]
163	[-44.539951931098614, -2]
163	[-44.539951931098614, -2]
163	[-44.539951931098614, -2]
163	[-44.539951931098614, -2]
163	[-44.539951931098614, -2]
163	[-44.539951931098614, -2]
163	[-44.539951931098614, -2]
163	[-44.539951931098614, -2]
163	[-44.539951931098614, -2]
163	[-44.539951931098614, -2]
163	[-44.539951931098614, -2]
163	[-44.539951931098614, -2]
163	[-44.539951931098614, -2]
163	[-44.539951931098614, -2]
163	[-44.539951931098614, -2]
163	[-44.539951931098614, -2]
163	[-44.539951931098614, -2]
163	[-44.539951931098614, -2]
163	[-44.539951931098614, -2]
163	[-44.539951931098614, -2]
163	[-44.539951931098614, -2]
163	[-44.539951931098614, -2]
163	[-44.539951931098614, -2]
163	[-44.539951931098614, -2]
163	[-44.539951931098614, -2]
163	[-44.539951931098614, -2]
163	[-44.539951931098614, -2]
163	[-44.539951931098614, -2]
163	[-44.539951931098614, -2]
163	[-44.539951931098614, -2]
163	[-44.539951931098614, -2]
163	[-44.539951931098614, -2]
163	[-44.539951931098614, -2]
163	[-44.539951931098614, -2]
163	[-44.539951931098614, -2]
163	[-44.539951931098614, -2]
163	[-44.539951931098614, -2]
163	[-44.539951931098614, -2]
163	[-44.539951931098614, -2]
163	[-44.539951931098614, -2]
163	[-44.539951931098614, -2]
163	[-44.539951931098614, -2]
163	[-44.539951931098614, -2]
163	[-44.539951931098614, -2]
163	[-44.539951931098614, -2]
163	[-44.539951931098614, -2]
163	[-44.539951931098614, -2]
163	[-44.539951931098614, -2]
163	[-44.539951931098614, -2]
163	[-44.539951931098614, -2]
163	[-44.539951931098614, -2]
164	[-59.77334638933181, 0]
164	[-59.77334638933181, 0]
164	[-59.77334638933181, 0]
164	[-59.77334638933181, 0]
164	[-59.77334638933181, 0]
164	[-44.539951931098614, -2]
164	[-44.539951931098614, -2]
164	[-44.539951931098614, -2]
164	[-44.539951931098614, -2]
164	[-44.539951931098614, -2]
164	[-44.539951931098614, -2]
164	[-44.539951931098614, -2]
164	[-44.539951931098614, -2]
164	[-44.539951931098614, -2]
164	[-44.539951931098614, -2]
164	[-44.539951931098614, -2]
164	[-44.539951931098614, -2]
164	[-44.539951931098614, -2]
164	[-44.539951931098614, -2]
164	[-44.539951931098614, -2]
164	[-44.539951931098614, -2]
164	[-44.539951931098614, -2]
164	[-44.539951931098614, -2]
164	[-44.539951931098614, -2]
164	[-44.539951931098614, -2]
164	[-44.539951931098614, -2]
164	[-44.539951931098614, -2]
164	[-44.539951931098614, -2]
164	[-44.539951931098614, -2]
164	[-44.539951931098614, -2]
164	[-44.539951931098614, -2]
164	[-44.539951931098614, -2]
164	[-44.539951931098614, -2]
164	[-44.539951931098614, -2]
164	[-44.539951931098614, -2]
164	[-44.539951931098614, -2]
164	[-44.539951931098614, -2]
164	[-44.539951931098614, -2]
164	[-44.539951931098614, -2]
164	[-44.539951931098614, -2]
164	[-44.539951931098614, -2]
164	[-44.539951931098614, -2]
164	[-44.539951931098614, -2]
164	[-44.539951931098614, -2]
164	[-44.539951931098614, -2]
164	[-44.539951931098614, -2]
164	[-44.539951931098614, -2]
164	[-44.539951931098614, -2]
164	[-44.539951931098614, -2]
164	[-44.539951931098614, -2]
164	[-44.539951931098614, -2]
164	[-44.539951931098614, -2]
164	[-44.539951931098614, -2]
164	[-44.539951931098614, -2]
164	[-44.539951931098614, -2]
164	[-44.539951931098614, -2]
164	[-44.539951931098614, -2]
164	[-44.539951931098614, -2]
164	[-44.539951931098614, -2]
164	[-44.539951931098614, -2]
164	[-44.539951931098614, -2]
164	[-44.539951931098614, -2]
164	[-44.539951931098614, -2]
164	[-44.539951931098614, -2]
164	[-44.539951931098614, -2]
164	[-44.539951931098614, -2]
164	[-44.539951931098614, -2]
164	[-44.539951931098614, -2]
164	[-44.539951931098614, -2]
164	[-44.539951931098614, -2]
164	[-44.539951931098614, -2]
164	[-44.539951931098614, -2]
164	[-44.539951931098614, -2]
164	[-44.539951931098614, -2]
164	[-44.539951931098614, -2]
164	[-44.539951931098614, -2]
164	[-44.539951931098614, -2]
164	[-44.539951931098614, -2]
164	[-44.539951931098614, -2]
164	[-44.539951931098614, -2]
165	[-59.77334638933181, 0]
165	[-59.77334638933181, 0]
165	[-59.77334638933181, 0]
165	[-59.77334638933181, 0]
165	[-59.77334638933181, 0]
165	[-59.77334638933181, 0]
165	[-44.539951931098614, -2]
165	[-44.539951931098614, -2]
165	[-44.539951931098614, -2]
165	[-44.539951931098614, -2]
165	[-44.539951931098614, -2]
165	[-44.539951931098614, -2]
165	[-44.539951931098614, -2]
165	[-44.539951931098614, -2]
165	[-44.539951931098614, -2]
165	[-44.539951931098614, -2]
165	[-44.539951931098614, -2]
165	[-44.539951931098614, -2]
165	[-44.539951931098614, -2]
165	[-44.539951931098614, -2]
165	[-44.539951931098614, -2]
165	[-44.539951931098614, -2]
165	[-44.539951931098614, -2]
165	[-44.539951931098614, -2]
165	[-44.539951931098614, -2]
165	[-44.539951931098614, -2]
165	[-44.539951931098614, -2]
165	[-44.539951931098614, -2]
165	[-44.539951931098614, -2]
165	[-44.539951931098614, -2]
165	[-44.539951931098614, -2]
165	[-44.539951931098614, -2]
165	[-44.539951931098614, -2]
165	[-44.539951931098614, -2]
165	[-44.539951931098614, -2]
165	[-44.539951931098614, -2]
165	[-44.539951931098614, -2]
165	[-44.539951931098614, -2]
165	[-44.539951931098614, -2]
165	[-44.539951931098614, -2]
165	[-44.539951931098614, -2]
165	[-44.539951931098614, -2]
165	[-44.539951931098614, -2]
165	[-44.539951931098614, -2]
165	[-44.539951931098614, -2]
165	[-44.539951931098614, -2]
165	[-44.539951931098614, -2]
165	[-44.539951931098614, -2]
165	[-44.539951931098614, -2]
165	[-44.539951931098614, -2]
165	[-44.539951931098614, -2]
165	[-44.539951931098614, -2]
165	[-44.539951931098614, -2]
165	[-44.539951931098614, -2]
165	[-44.539951931098614, -2]
165	[-44.539951931098614, -2]
165	[-44.539951931098614, -2]
165	[-44.539951931098614, -2]
165	[-44.539951931098614, -2]
165	[-44.539951931098614, -2]
165	[-44.539951931098614, -2]
165	[-44.539951931098614, -2]
165	[-44.539951931098614, -2]
165	[-44.539951931098614, -2]
165	[-44.539951931098614, -2]
165	[-44.539951931098614, -2]
165	[-44.539951931098614, -2]
165	[-44.539951931098614, -2]
165	[-44.539951931098614, -2]
165	[-44.539951931098614, -2]
165	[-44.539951931098614, -2]
165	[-44.539951931098614, -2]
165	[-44.539951931098614, -2]
165	[-44.539951931098614, -2]
165	[-44.539951931098614, -2]
165	[-44.539951931098614, -2]
165	[-44.539951931098614, -2]
165	[-44.539951931098614, -2]
165	[-44.539951931098614, -2]
165	[-44.539951931098614, -2]
166	[-59.77334638933181, 0]
166	[-59.77334638933181, 0]
166	[-59.77334638933181, 0]
166	[-59.77334638933181, 0]
166	[-59.77334638933181, 0]
166	[-59.77334638933181, 0]
166	[-59.77334638933181, 0]
166	[-44.539951931098614, -2]
166	[-44.539951931098614, -2]
166	[-44.539951931098614, -2]
166	[-44.539951931098614, -2]
166	[-44.539951931098614, -2]
166	[-44.539951931098614, -2]
166	[-44.539951931098614, -2]
166	[-44.539951931098614, -2]
166	[-44.539951931098614, -2]
166	[-44.539951931098614, -2]
166	[-44.539951931098614, -2]
166	[-44.539951931098614, -2]
166	[-44.539951931098614, -2]
166	[-44.539951931098614, -2]
166	[-44.539951931098614, -2]
166	[-44.539951931098614, -2]
166	[-44.539951931098614, -2]
166	[-44.539951931098614, -2]
166	[-44.539951931098614, -2]
166	[-44.539951931098614, -2]
166	[-44.539951931098614, -2]
166	[-44.539951931098614, -2]
166	[-44.539951931098614, -2]
166	[-44.539951931098614, -2]
166	[-44.539951931098614, -2]
166	[-44.539951931098614, -2]
166	[-44.539951931098614, -2]
166	[-44.539951931098614, -2]
166	[-44.539951931098614, -2]
166	[-44.539951931098614, -2]
166	[-44.539951931098614, -2]
166	[-44.539951931098614, -2]
166	[-44.539951931098614, -2]
166	[-44.539951931098614, -2]
166	[-44.539951931098614, -2]
166	[-44.539951931098614, -2]
166	[-44.539951931098614, -2]
166	[-44.539951931098614, -2]
166	[-44.539951931098614, -2]
166	[-44.539951931098614, -2]
166	[-44.539951931098614, -2]
166	[-44.539951931098614, -2]
166	[-44.539951931098614, -2]
166	[-44.539951931098614, -2]
166	[-44.539951931098614, -2]
166	[-44.539951931098614, -2]
166	[-44.539951931098614, -2]
166	[-44.539951931098614, -2]
166	[-44.539951931098614, -2]
166	[-44.539951931098614, -2]
166	[-44.539951931098614, -2]
166	[-44.539951931098614, -2]
166	[-44.539951931098614, -2]
166	[-44.539951931098614, -2]
166	[-44.539951931098614, -2]
166	[-44.539951931098614, -2]
166	[-44.539951931098614, -2]
166	[-44.539951931098614, -2]
166	[-44.539951931098614, -2]
166	[-44.539951931098614, -2]
166	[-44.539951931098614, -2]
166	[-44.539951931098614, -2]
166	[-44.539951931098614, -2]
166	[-44.539951931098614, -2]
166	[-44.539951931098614, -2]
166	[-44.539951931098614, -2]
166	[-44.539951931098614, -2]
166	[-44.539951931098614, -2]
166	[-44.539951931098614, -2]
166	[-44.539951931098614, -2]
166	[-44.539951931098614, -2]
166	[-44.539951931098614, -2]
166	[-44.539951931098614, -2]
167	[-59.77334638933181, 0]
167	[-59.77334638933181, 0]
167	[-59.77334638933181, 0]
167	[-59.77334638933181, 0]
167	[-59.77334638933181, 0]
167	[-59.77334638933181, 0]
167	[-59.77334638933181, 0]
167	[-59.77334638933181, 0]
167	[-44.539951931098614, -2]
167	[-44.539951931098614, -2]
167	[-44.539951931098614, -2]
167	[-44.539951931098614, -2]
167	[-44.539951931098614, -2]
167	[-44.539951931098614, -2]
167	[-44.539951931098614, -2]
167	[-44.539951931098614, -2]
167	[-44.539951931098614, -2]
167	[-44.539951931098614, -2]
167	[-44.539951931098614, -2]
167	[-44.539951931098614, -2]
167	[-44.539951931098614, -2]
167	[-44.539951931098614, -2]
167	[-44.539951931098614, -2]
167	[-44.539951931098614, -2]
167	[-44.539951931098614, -2]
167	[-44.539951931098614, -2]
167	[-44.539951931098614, -2]
167	[-44.539951931098614, -2]
167	[-44.539951931098614, -2]
167	[-44.539951931098614, -2]
167	[-44.539951931098614, -2]
167	[-44.539951931098614, -2]
167	[-44.539951931098614, -2]
167	[-44.539951931098614, -2]
167	[-44.539951931098614, -2]
167	[-44.539951931098614, -2]
167	[-44.539951931098614, -2]
167	[-44.539951931098614, -2]
167	[-44.539951931098614, -2]
167	[-44.539951931098614, -2]
167	[-44.539951931098614, -2]
167	[-44.539951931098614, -2]
167	[-44.539951931098614, -2]
167	[-44.539951931098614, -2]
167	[-44.539951931098614, -2]
167	[-44.539951931098614, -2]
167	[-44.539951931098614, -2]
167	[-44.539951931098614, -2]
167	[-44.539951931098614, -2]
167	[-44.539951931098614, -2]
167	[-44.539951931098614, -2]
167	[-44.539951931098614, -2]
167	[-44.539951931098614, -2]
167	[-44.539951931098614, -2]
167	[-44.539951931098614, -2]
167	[-44.539951931098614, -2]
167	[-44.539951931098614, -2]
167	[-44.539951931098614, -2]
167	[-44.539951931098614, -2]
167	[-44.539951931098614, -2]
167	[-44.539951931098614, -2]
167	[-44.539951931098614, -2]
167	[-44.539951931098614, -2]
167	[-44.539951931098614, -2]
167	[-44.539951931098614, -2]
167	[-44.539951931098614, -2]
167	[-44.539951931098614, -2]
167	[-44.539951931098614, -2]
167	[-44.539951931098614, -2]
167	[-44.539951931098614, -2]
167	[-44.539951931098614, -2]
167	[-44.539951931098614, -2]
167	[-44.539951931098614, -2]
167	[-44.539951931098614, -2]
167	[-44.539951931098614, -2]
167	[-44.539951931098614, -2]
167	[-44.539951931098614, -2]
167	[-44.539951931098614, -2]
167	[-44.539951931098614, -2]
167	[-44.539951931098614, -2]
168	[-59.77334638933181, 0]
168	[-59.77334638933181, 0]
168	[-59.77334638933181, 0]
168	[-59.77334638933181, 0]
168	[-59.77334638933181, 0]
168	[-59.77334638933181, 0]
168	[-59.77334638933181, 0]
168	[-59.77334638933181, 0]
168	[-59.77334638933181, 0]
168	[-59.77334638933181, 0]
168	[-59.77334638933181, 0]
168	[-44.539951931098614, -2]
168	[-44.539951931098614, -2]
168	[-44.539951931098614, -2]
168	[-44.539951931098614, -2]
168	[-44.539951931098614, -2]
168	[-44.539951931098614, -2]
168	[-44.539951931098614, -2]
168	[-44.539951931098614, -2]
168	[-44.539951931098614, -2]
168	[-44.539951931098614, -2]
168	[-44.539951931098614, -2]
168	[-44.539951931098614, -2]
168	[-44.539951931098614, -2]
168	[-44.539951931098614, -2]
168	[-44.539951931098614, -2]
168	[-44.539951931098614, -2]
168	[-44.539951931098614, -2]
168	[-44.539951931098614, -2]
168	[-44.539951931098614, -2]
168	[-44.539951931098614, -2]
168	[-44.539951931098614, -2]
168	[-44.539951931098614, -2]
168	[-44.539951931098614, -2]
168	[-44.539951931098614, -2]
168	[-44.539951931098614, -2]
168	[-44.539951931098614, -2]
168	[-44.539951931098614, -2]
168	[-44.539951931098614, -2]
168	[-44.539951931098614, -2]
168	[-44.539951931098614, -2]
168	[-44.539951931098614, -2]
168	[-44.539951931098614, -2]
168	[-44.539951931098614, -2]
168	[-44.539951931098614, -2]
168	[-44.539951931098614, -2]
168	[-44.539951931098614, -2]
168	[-44.539951931098614, -2]
168	[-44.539951931098614, -2]
168	[-44.539951931098614, -2]
168	[-44.539951931098614, -2]
168	[-44.539951931098614, -2]
168	[-44.539951931098614, -2]
168	[-44.539951931098614, -2]
168	[-44.539951931098614, -2]
168	[-44.539951931098614, -2]
168	[-44.539951931098614, -2]
168	[-44.539951931098614, -2]
168	[-44.539951931098614, -2]
168	[-44.539951931098614, -2]
168	[-44.539951931098614, -2]
168	[-44.539951931098614, -2]
168	[-44.539951931098614, -2]
168	[-44.539951931098614, -2]
168	[-44.539951931098614, -2]
168	[-44.539951931098614, -2]
168	[-44.539951931098614, -2]
168	[-44.539951931098614, -2]
168	[-44.539951931098614, -2]
168	[-44.539951931098614, -2]
168	[-44.539951931098614, -2]
168	[-44.539951931098614, -2]
168	[-44.539951931098614, -2]
168	[-44.539951931098614, -2]
168	[-44.539951931098614, -2]
168	[-44.539951931098614, -2]
168	[-44.539951931098614, -2]
168	[-44.539951931098614, -2]
168	[-44.539951931098614, -2]
168	[-44.539951931098614, -2]
169	[-59.77334638933181, 0]
169	[-59.77334638933181, 0]
169	[-59.77334638933181, 0]
169	[-59.77334638933181, 0]
169	[-59.77334638933181, 0]
169	[-59.77334638933181, 0]
169	[-59.77334638933181, 0]
169	[-59.77334638933181, 0]
169	[-59.77334638933181, 0]
169	[-59.77334638933181, 0]
169	[-59.77334638933181, 0]
169	[-59.77334638933181, 0]
169	[-59.77334638933181, 0]
169	[-59.77334638933181, 0]
169	[-44.539951931098614, -2]
169	[-44.539951931098614, -2]
169	[-44.539951931098614, -2]
169	[-44.539951931098614, -2]
169	[-44.539951931098614, -2]
169	[-44.539951931098614, -2]
169	[-44.539951931098614, -2]
169	[-44.539951931098614, -2]
169	[-44.539951931098614, -2]
169	[-44.539951931098614, -2]
169	[-44.539951931098614, -2]
169	[-44.539951931098614, -2]
169	[-44.539951931098614, -2]
169	[-44.539951931098614, -2]
169	[-44.539951931098614, -2]
169	[-44.539951931098614, -2]
169	[-44.539951931098614, -2]
169	[-44.539951931098614, -2]
169	[-44.539951931098614, -2]
169	[-44.539951931098614, -2]
169	[-44.539951931098614, -2]
169	[-44.539951931098614, -2]
169	[-44.539951931098614, -2]
169	[-44.539951931098614, -2]
169	[-44.539951931098614, -2]
169	[-44.539951931098614, -2]
169	[-44.539951931098614, -2]
169	[-44.539951931098614, -2]
169	[-44.539951931098614, -2]
169	[-44.539951931098614, -2]
169	[-44.539951931098614, -2]
169	[-44.539951931098614, -2]
169	[-44.539951931098614, -2]
169	[-44.539951931098614, -2]
169	[-44.539951931098614, -2]
169	[-44.539951931098614, -2]
169	[-44.539951931098614, -2]
169	[-44.539951931098614, -2]
169	[-44.539951931098614, -2]
169	[-44.539951931098614, -2]
169	[-44.539951931098614, -2]
169	[-44.539951931098614, -2]
169	[-44.539951931098614, -2]
169	[-44.539951931098614, -2]
169	[-44.539951931098614, -2]
169	[-44.539951931098614, -2]
169	[-44.539951931098614, -2]
169	[-44.539951931098614, -2]
169	[-44.539951931098614, -2]
169	[-44.539951931098614, -2]
169	[-44.539951931098614, -2]
169	[-44.539951931098614, -2]
169	[-44.539951931098614, -2]
169	[-44.539951931098614, -2]
169	[-44.539951931098614, -2]
169	[-44.539951931098614, -2]
169	[-44.539951931098614, -2]
169	[-44.539951931098614, -2]
169	[-44.539951931098614, -2]
169	[-44.539951931098614, -2]
169	[-44.539951931098614, -2]
169	[-44.539951931098614, -2]
169	[-44.539951931098614, -2]
169	[-44.539951931098614, -2]
169	[-44.539951931098614, -2]
169	[-44.539951931098614, -2]
170	[-59.77334638933181, 0]
170	[-59.77334638933181, 0]
170	[-59.77334638933181, 0]
170	[-59.77334638933181, 0]
170	[-59.77334638933181, 0]
170	[-59.77334638933181, 0]
170	[-59.77334638933181, 0]
170	[-59.77334638933181, 0]
170	[-59.77334638933181, 0]
170	[-59.77334638933181, 0]
170	[-59.77334638933181, 0]
170	[-59.77334638933181, 0]
170	[-59.77334638933181, 0]
170	[-59.77334638933181, 0]
170	[-44.539951931098614, -2]
170	[-44.539951931098614, -2]
170	[-44.539951931098614, -2]
170	[-44.539951931098614, -2]
170	[-44.539951931098614, -2]
170	[-44.539951931098614, -2]
170	[-44.539951931098614, -2]
170	[-44.539951931098614, -2]
170	[-44.539951931098614, -2]
170	[-44.539951931098614, -2]
170	[-44.539951931098614, -2]
170	[-44.539951931098614, -2]
170	[-44.539951931098614, -2]
170	[-44.539951931098614, -2]
170	[-44.539951931098614, -2]
170	[-44.539951931098614, -2]
170	[-44.539951931098614, -2]
170	[-44.539951931098614, -2]
170	[-44.539951931098614, -2]
170	[-44.539951931098614, -2]
170	[-44.539951931098614, -2]
170	[-44.539951931098614, -2]
170	[-44.539951931098614, -2]
170	[-44.539951931098614, -2]
170	[-44.539951931098614, -2]
170	[-44.539951931098614, -2]
170	[-44.539951931098614, -2]
170	[-44.539951931098614, -2]
170	[-44.539951931098614, -2]
170	[-44.539951931098614, -2]
170	[-44.539951931098614, -2]
170	[-44.539951931098614, -2]
170	[-44.539951931098614, -2]
170	[-44.539951931098614, -2]
170	[-44.539951931098614, -2]
170	[-44.539951931098614, -2]
170	[-44.539951931098614, -2]
170	[-44.539951931098614, -2]
170	[-44.539951931098614, -2]
170	[-44.539951931098614, -2]
170	[-44.539951931098614, -2]
170	[-44.539951931098614, -2]
170	[-44.539951931098614, -2]
170	[-44.539951931098614, -2]
170	[-44.539951931098614, -2]
170	[-44.539951931098614, -2]
170	[-44.539951931098614, -2]
170	[-44.539951931098614, -2]
170	[-44.539951931098614, -2]
170	[-44.539951931098614, -2]
170	[-44.539951931098614, -2]
170	[-44.539951931098614, -2]
170	[-44.539951931098614, -2]
170	[-44.539951931098614, -2]
170	[-44.539951931098614, -2]
170	[-44.539951931098614, -2]
170	[-44.539951931098614, -2]
170	[-44.539951931098614, -2]
170	[-44.539951931098614, -2]
170	[-44.539951931098614, -2]
170	[-44.539951931098614, -2]
170	[-44.539951931098614, -2]
170	[-44.539951931098614, -2]
170	[-44.539951931098614, -2]
170	[-44.539951931098614, -2]
170	[-44.539951931098614, -2]
171	[-59.77334638933181, 0]
171	[-59.77334638933181, 0]
171	[-59.77334638933181, 0]
171	[-59.77334638933181, 0]
171	[-59.77334638933181, 0]
171	[-59.77334638933181, 0]
171	[-59.77334638933181, 0]
171	[-59.77334638933181, 0]
171	[-59.77334638933181, 0]
171	[-59.77334638933181, 0]
171	[-59.77334638933181, 0]
171	[-59.77334638933181, 0]
171	[-59.77334638933181, 0]
171	[-44.539951931098614, -2]
171	[-44.539951931098614, -2]
171	[-44.539951931098614, -2]
171	[-44.539951931098614, -2]
171	[-44.539951931098614, -2]
171	[-44.539951931098614, -2]
171	[-44.539951931098614, -2]
171	[-44.539951931098614, -2]
171	[-44.539951931098614, -2]
171	[-44.539951931098614, -2]
171	[-44.539951931098614, -2]
171	[-44.539951931098614, -2]
171	[-44.539951931098614, -2]
171	[-44.539951931098614, -2]
171	[-44.539951931098614, -2]
171	[-44.539951931098614, -2]
171	[-44.539951931098614, -2]
171	[-44.539951931098614, -2]
171	[-44.539951931098614, -2]
171	[-44.539951931098614, -2]
171	[-44.539951931098614, -2]
171	[-44.539951931098614, -2]
171	[-44.539951931098614, -2]
171	[-44.539951931098614, -2]
171	[-44.539951931098614, -2]
171	[-44.539951931098614, -2]
171	[-44.539951931098614, -2]
171	[-44.539951931098614, -2]
171	[-44.539951931098614, -2]
171	[-44.539951931098614, -2]
171	[-44.539951931098614, -2]
171	[-44.539951931098614, -2]
171	[-44.539951931098614, -2]
171	[-44.539951931098614, -2]
171	[-44.539951931098614, -2]
171	[-44.539951931098614, -2]
171	[-44.539951931098614, -2]
171	[-44.539951931098614, -2]
171	[-44.539951931098614, -2]
171	[-44.539951931098614, -2]
171	[-44.539951931098614, -2]
171	[-44.539951931098614, -2]
171	[-44.539951931098614, -2]
171	[-44.539951931098614, -2]
171	[-44.539951931098614, -2]
171	[-44.539951931098614, -2]
171	[-44.539951931098614, -2]
171	[-44.539951931098614, -2]
171	[-44.539951931098614, -2]
171	[-44.539951931098614, -2]
171	[-44.539951931098614, -2]
171	[-44.539951931098614, -2]
171	[-44.539951931098614, -2]
171	[-44.539951931098614, -2]
171	[-44.539951931098614, -2]
171	[-44.539951931098614, -2]
171	[-44.539951931098614, -2]
171	[-44.539951931098614, -2]
171	[-44.539951931098614, -2]
171	[-44.539951931098614, -2]
171	[-44.539951931098614, -2]
171	[-44.539951931098614, -2]
171	[-44.539951931098614, -2]
171	[-44.539951931098614, -2]
171	[-44.539951931098614, -2]
171	[-44.539951931098614, -2]
171	[-44.539951931098614, -2]
172	[-59.77334638933181, 0]
172	[-59.77334638933181, 0]
172	[-59.77334638933181, 0]
172	[-59.77334638933181, 0]
172	[-59.77334638933181, 0]
172	[-59.77334638933181, 0]
172	[-59.77334638933181, 0]
172	[-59.77334638933181, 0]
172	[-59.77334638933181, 0]
172	[-59.77334638933181, 0]
172	[-59.77334638933181, 0]
172	[-59.77334638933181, 0]
172	[-59.77334638933181, 0]
172	[-59.77334638933181, 0]
172	[-59.77334638933181, 0]
172	[-59.77334638933181, 0]
172	[-44.539951931098614, -2]
172	[-44.539951931098614, -2]
172	[-44.539951931098614, -2]
172	[-44.539951931098614, -2]
172	[-44.539951931098614, -2]
172	[-44.539951931098614, -2]
172	[-44.539951931098614, -2]
172	[-44.539951931098614, -2]
172	[-44.539951931098614, -2]
172	[-44.539951931098614, -2]
172	[-44.539951931098614, -2]
172	[-44.539951931098614, -2]
172	[-44.539951931098614, -2]
172	[-44.539951931098614, -2]
172	[-44.539951931098614, -2]
172	[-44.539951931098614, -2]
172	[-44.539951931098614, -2]
172	[-44.539951931098614, -2]
172	[-44.539951931098614, -2]
172	[-44.539951931098614, -2]
172	[-44.539951931098614, -2]
172	[-44.539951931098614, -2]
172	[-44.539951931098614, -2]
172	[-44.539951931098614, -2]
172	[-44.539951931098614, -2]
172	[-44.539951931098614, -2]
172	[-44.539951931098614, -2]
172	[-44.539951931098614, -2]
172	[-44.539951931098614, -2]
172	[-44.539951931098614, -2]
172	[-44.539951931098614, -2]
172	[-44.539951931098614, -2]
172	[-44.539951931098614, -2]
172	[-44.539951931098614, -2]
172	[-44.539951931098614, -2]
172	[-44.539951931098614, -2]
172	[-44.539951931098614, -2]
172	[-44.539951931098614, -2]
172	[-44.539951931098614, -2]
172	[-44.539951931098614, -2]
172	[-44.539951931098614, -2]
172	[-44.539951931098614, -2]
172	[-44.539951931098614, -2]
172	[-44.539951931098614, -2]
172	[-44.539951931098614, -2]
172	[-44.539951931098614, -2]
172	[-44.539951931098614, -2]
172	[-44.539951931098614, -2]
172	[-44.539951931098614, -2]
172	[-44.539951931098614, -2]
172	[-44.539951931098614, -2]
172	[-44.539951931098614, -2]
172	[-44.539951931098614, -2]
172	[-44.539951931098614, -2]
172	[-44.539951931098614, -2]
172	[-44.539951931098614, -2]
172	[-44.539951931098614, -2]
172	[-44.539951931098614, -2]
172	[-44.539951931098614, -2]
172	[-44.539951931098614, -2]
172	[-44.539951931098614, -2]
172	[-44.539951931098614, -2]
172	[-44.539951931098614, -2]
172	[-44.539951931098614, -2]
173	[-59.77334638933181, 0]
173	[-59.77334638933181, 0]
173	[-59.77334638933181, 0]
173	[-59.77334638933181, 0]
173	[-59.77334638933181, 0]
173	[-59.77334638933181, 0]
173	[-59.77334638933181, 0]
173	[-59.77334638933181, 0]
173	[-59.77334638933181, 0]
173	[-59.77334638933181, 0]
173	[-59.77334638933181, 0]
173	[-59.77334638933181, 0]
173	[-59.77334638933181, 0]
173	[-59.77334638933181, 0]
173	[-59.77334638933181, 0]
173	[-59.77334638933181, 0]
173	[-59.77334638933181, 0]
173	[-44.539951931098614, -2]
173	[-44.539951931098614, -2]
173	[-44.539951931098614, -2]
173	[-44.539951931098614, -2]
173	[-44.539951931098614, -2]
173	[-44.539951931098614, -2]
173	[-44.539951931098614, -2]
173	[-44.539951931098614, -2]
173	[-44.539951931098614, -2]
173	[-44.539951931098614, -2]
173	[-44.539951931098614, -2]
173	[-44.539951931098614, -2]
173	[-44.539951931098614, -2]
173	[-44.539951931098614, -2]
173	[-44.539951931098614, -2]
173	[-44.539951931098614, -2]
173	[-44.539951931098614, -2]
173	[-44.539951931098614, -2]
173	[-44.539951931098614, -2]
173	[-44.539951931098614, -2]
173	[-44.539951931098614, -2]
173	[-44.539951931098614, -2]
173	[-44.539951931098614, -2]
173	[-44.539951931098614, -2]
173	[-44.539951931098614, -2]
173	[-44.539951931098614, -2]
173	[-44.539951931098614, -2]
173	[-44.539951931098614, -2]
173	[-44.539951931098614, -2]
173	[-44.539951931098614, -2]
173	[-44.539951931098614, -2]
173	[-44.539951931098614, -2]
173	[-44.539951931098614, -2]
173	[-44.539951931098614, -2]
173	[-44.539951931098614, -2]
173	[-44.539951931098614, -2]
173	[-44.539951931098614, -2]
173	[-44.539951931098614, -2]
173	[-44.539951931098614, -2]
173	[-44.539951931098614, -2]
173	[-44.539951931098614, -2]
173	[-44.539951931098614, -2]
173	[-44.539951931098614, -2]
173	[-44.539951931098614, -2]
173	[-44.539951931098614, -2]
173	[-44.539951931098614, -2]
173	[-44.539951931098614, -2]
173	[-44.539951931098614, -2]
173	[-44.539951931098614, -2]
173	[-44.539951931098614, -2]
173	[-44.539951931098614, -2]
173	[-44.539951931098614, -2]
173	[-44.539951931098614, -2]
173	[-44.539951931098614, -2]
173	[-44.539951931098614, -2]
173	[-44.539951931098614, -2]
173	[-44.539951931098614, -2]
173	[-44.539951931098614, -2]
173	[-44.539951931098614, -2]
173	[-44.539951931098614, -2]
173	[-44.539951931098614, -2]
173	[-44.539951931098614, -2]
173	[-44.539951931098614, -2]
174	[-59.77334638933181, 0]
174	[-59.77334638933181, 0]
174	[-59.77334638933181, 0]
174	[-59.77334638933181, 0]
174	[-59.77334638933181, 0]
174	[-59.77334638933181, 0]
174	[-59.77334638933181, 0]
174	[-59.77334638933181, 0]
174	[-59.77334638933181, 0]
174	[-59.77334638933181, 0]
174	[-59.77334638933181, 0]
174	[-59.77334638933181, 0]
174	[-59.77334638933181, 0]
174	[-59.77334638933181, 0]
174	[-59.77334638933181, 0]
174	[-59.77334638933181, 0]
174	[-44.539951931098614, -2]
174	[-44.539951931098614, -2]
174	[-44.539951931098614, -2]
174	[-44.539951931098614, -2]
174	[-44.539951931098614, -2]
174	[-44.539951931098614, -2]
174	[-44.539951931098614, -2]
174	[-44.539951931098614, -2]
174	[-44.539951931098614, -2]
174	[-44.539951931098614, -2]
174	[-44.539951931098614, -2]
174	[-44.539951931098614, -2]
174	[-44.539951931098614, -2]
174	[-44.539951931098614, -2]
174	[-44.539951931098614, -2]
174	[-44.539951931098614, -2]
174	[-44.539951931098614, -2]
174	[-44.539951931098614, -2]
174	[-44.539951931098614, -2]
174	[-44.539951931098614, -2]
174	[-44.539951931098614, -2]
174	[-44.539951931098614, -2]
174	[-44.539951931098614, -2]
174	[-44.539951931098614, -2]
174	[-44.539951931098614, -2]
174	[-44.539951931098614, -2]
174	[-44.539951931098614, -2]
174	[-44.539951931098614, -2]
174	[-44.539951931098614, -2]
174	[-44.539951931098614, -2]
174	[-44.539951931098614, -2]
174	[-44.539951931098614, -2]
174	[-44.539951931098614, -2]
174	[-44.539951931098614, -2]
174	[-44.539951931098614, -2]
174	[-44.539951931098614, -2]
174	[-44.539951931098614, -2]
174	[-44.539951931098614, -2]
174	[-44.539951931098614, -2]
174	[-44.539951931098614, -2]
174	[-44.539951931098614, -2]
174	[-44.539951931098614, -2]
174	[-44.539951931098614, -2]
174	[-44.539951931098614, -2]
174	[-44.539951931098614, -2]
174	[-44.539951931098614, -2]
174	[-44.539951931098614, -2]
174	[-44.539951931098614, -2]
174	[-44.539951931098614, -2]
174	[-44.539951931098614, -2]
174	[-44.539951931098614, -2]
174	[-44.539951931098614, -2]
174	[-44.539951931098614, -2]
174	[-44.539951931098614, -2]
174	[-44.539951931098614, -2]
174	[-44.539951931098614, -2]
174	[-44.539951931098614, -2]
174	[-44.539951931098614, -2]
174	[-44.539951931098614, -2]
174	[-44.539951931098614, -2]
174	[-44.539951931098614, -2]
174	[-44.539951931098614, -2]
174	[-44.539951931098614, -2]
174	[-44.539951931098614, -2]
175	[-59.77334638933181, 0]
175	[-59.77334638933181, 0]
175	[-59.77334638933181, 0]
175	[-59.77334638933181, 0]
175	[-59.77334638933181, 0]
175	[-59.77334638933181, 0]
175	[-59.77334638933181, 0]
175	[-59.77334638933181, 0]
175	[-59.77334638933181, 0]
175	[-59.77334638933181, 0]
175	[-59.77334638933181, 0]
175	[-59.77334638933181, 0]
175	[-59.77334638933181, 0]
175	[-59.77334638933181, 0]
175	[-59.77334638933181, 0]
175	[-59.77334638933181, 0]
175	[-59.77334638933181, 0]
175	[-59.77334638933181, 0]
175	[-44.539951931098614, -2]
175	[-44.539951931098614, -2]
175	[-44.539951931098614, -2]
175	[-44.539951931098614, -2]
175	[-44.539951931098614, -2]
175	[-44.539951931098614, -2]
175	[-44.539951931098614, -2]
175	[-44.539951931098614, -2]
175	[-44.539951931098614, -2]
175	[-44.539951931098614, -2]
175	[-44.539951931098614, -2]
175	[-44.539951931098614, -2]
175	[-44.539951931098614, -2]
175	[-44.539951931098614, -2]
175	[-44.539951931098614, -2]
175	[-44.539951931098614, -2]
175	[-44.539951931098614, -2]
175	[-44.539951931098614, -2]
175	[-44.539951931098614, -2]
175	[-44.539951931098614, -2]
175	[-44.539951931098614, -2]
175	[-44.539951931098614, -2]
175	[-44.539951931098614, -2]
175	[-44.539951931098614, -2]
175	[-44.539951931098614, -2]
175	[-44.539951931098614, -2]
175	[-44.539951931098614, -2]
175	[-44.539951931098614, -2]
175	[-44.539951931098614, -2]
175	[-44.539951931098614, -2]
175	[-44.539951931098614, -2]
175	[-44.539951931098614, -2]
175	[-44.539951931098614, -2]
175	[-44.539951931098614, -2]
175	[-44.539951931098614, -2]
175	[-44.539951931098614, -2]
175	[-44.539951931098614, -2]
175	[-44.539951931098614, -2]
175	[-44.539951931098614, -2]
175	[-44.539951931098614, -2]
175	[-44.539951931098614, -2]
175	[-44.539951931098614, -2]
175	[-44.539951931098614, -2]
175	[-44.539951931098614, -2]
175	[-44.539951931098614, -2]
175	[-44.539951931098614, -2]
175	[-44.539951931098614, -2]
175	[-44.539951931098614, -2]
175	[-44.539951931098614, -2]
175	[-44.539951931098614, -2]
175	[-44.539951931098614, -2]
175	[-44.539951931098614, -2]
175	[-44.539951931098614, -2]
175	[-44.539951931098614, -2]
175	[-44.539951931098614, -2]
175	[-44.539951931098614, -2]
175	[-44.539951931098614, -2]
175	[-44.539951931098614, -2]
175	[-44.539951931098614, -2]
175	[-44.539951931098614, -2]
175	[-44.539951931098614, -2]
175	[-44.539951931098614, -2]
176	[-59.77334638933181, 0]
176	[-59.77334638933181, 0]
176	[-59.77334638933181, 0]
176	[-59.77334638933181, 0]
176	[-59.77334638933181, 0]
176	[-59.77334638933181, 0]
176	[-59.77334638933181, 0]
176	[-59.77334638933181, 0]
176	[-59.77334638933181, 0]
176	[-59.77334638933181, 0]
176	[-59.77334638933181, 0]
176	[-59.77334638933181, 0]
176	[-59.77334638933181, 0]
176	[-59.77334638933181, 0]
176	[-59.77334638933181, 0]
176	[-59.77334638933181, 0]
176	[-59.77334638933181, 0]
176	[-59.77334638933181, 0]
176	[-59.77334638933181, 0]
176	[-44.539951931098614, -2]
176	[-44.539951931098614, -2]
176	[-44.539951931098614, -2]
176	[-44.539951931098614, -2]
176	[-44.539951931098614, -2]
176	[-44.539951931098614, -2]
176	[-44.539951931098614, -2]
176	[-44.539951931098614, -2]
176	[-44.539951931098614, -2]
176	[-44.539951931098614, -2]
176	[-44.539951931098614, -2]
176	[-44.539951931098614, -2]
176	[-44.539951931098614, -2]
176	[-44.539951931098614, -2]
176	[-44.539951931098614, -2]
176	[-44.539951931098614, -2]
176	[-44.539951931098614, -2]
176	[-44.539951931098614, -2]
176	[-44.539951931098614, -2]
176	[-44.539951931098614, -2]
176	[-44.539951931098614, -2]
176	[-44.539951931098614, -2]
176	[-44.539951931098614, -2]
176	[-44.539951931098614, -2]
176	[-44.539951931098614, -2]
176	[-44.539951931098614, -2]
176	[-44.539951931098614, -2]
176	[-44.539951931098614, -2]
176	[-44.539951931098614, -2]
176	[-44.539951931098614, -2]
176	[-44.539951931098614, -2]
176	[-44.539951931098614, -2]
176	[-44.539951931098614, -2]
176	[-44.539951931098614, -2]
176	[-44.539951931098614, -2]
176	[-44.539951931098614, -2]
176	[-44.539951931098614, -2]
176	[-44.539951931098614, -2]
176	[-44.539951931098614, -2]
176	[-44.539951931098614, -2]
176	[-44.539951931098614, -2]
176	[-44.539951931098614, -2]
176	[-44.539951931098614, -2]
176	[-44.539951931098614, -2]
176	[-44.539951931098614, -2]
176	[-44.539951931098614, -2]
176	[-44.539951931098614, -2]
176	[-44.539951931098614, -2]
176	[-44.539951931098614, -2]
176	[-44.539951931098614, -2]
176	[-44.539951931098614, -2]
176	[-44.539951931098614, -2]
176	[-44.539951931098614, -2]
176	[-44.539951931098614, -2]
176	[-44.539951931098614, -2]
176	[-44.539951931098614, -2]
176	[-44.539951931098614, -2]
176	[-44.539951931098614, -2]
176	[-44.539951931098614, -2]
176	[-44.539951931098614, -2]
176	[-44.539951931098614, -2]
177	[-59.77334638933181, 0]
177	[-59.77334638933181, 0]
177	[-59.77334638933181, 0]
177	[-59.77334638933181, 0]
177	[-59.77334638933181, 0]
177	[-59.77334638933181, 0]
177	[-59.77334638933181, 0]
177	[-59.77334638933181, 0]
177	[-59.77334638933181, 0]
177	[-59.77334638933181, 0]
177	[-59.77334638933181, 0]
177	[-59.77334638933181, 0]
177	[-59.77334638933181, 0]
177	[-59.77334638933181, 0]
177	[-59.77334638933181, 0]
177	[-59.77334638933181, 0]
177	[-59.77334638933181, 0]
177	[-59.77334638933181, 0]
177	[-59.77334638933181, 0]
177	[-59.77334638933181, 0]
177	[-59.77334638933181, 0]
177	[-44.539951931098614, -2]
177	[-44.539951931098614, -2]
177	[-44.539951931098614, -2]
177	[-44.539951931098614, -2]
177	[-44.539951931098614, -2]
177	[-44.539951931098614, -2]
177	[-44.539951931098614, -2]
177	[-44.539951931098614, -2]
177	[-44.539951931098614, -2]
177	[-44.539951931098614, -2]
177	[-44.539951931098614, -2]
177	[-44.539951931098614, -2]
177	[-44.539951931098614, -2]
177	[-44.539951931098614, -2]
177	[-44.539951931098614, -2]
177	[-44.539951931098614, -2]
177	[-44.539951931098614, -2]
177	[-44.539951931098614, -2]
177	[-44.539951931098614, -2]
177	[-44.539951931098614, -2]
177	[-44.539951931098614, -2]
177	[-44.539951931098614, -2]
177	[-44.539951931098614, -2]
177	[-44.539951931098614, -2]
177	[-44.539951931098614, -2]
177	[-44.539951931098614, -2]
177	[-44.539951931098614, -2]
177	[-44.539951931098614, -2]
177	[-44.539951931098614, -2]
177	[-44.539951931098614, -2]
177	[-44.539951931098614, -2]
177	[-44.539951931098614, -2]
177	[-44.539951931098614, -2]
177	[-44.539951931098614, -2]
177	[-44.539951931098614, -2]
177	[-44.539951931098614, -2]
177	[-44.539951931098614, -2]
177	[-44.539951931098614, -2]
177	[-44.539951931098614, -2]
177	[-44.539951931098614, -2]
177	[-44.539951931098614, -2]
177	[-44.539951931098614, -2]
177	[-44.539951931098614, -2]
177	[-44.539951931098614, -2]
177	[-44.539951931098614, -2]
177	[-44.539951931098614, -2]
177	[-44.539951931098614, -2]
177	[-44.539951931098614, -2]
177	[-44.539951931098614, -2]
177	[-44.539951931098614, -2]
177	[-44.539951931098614, -2]
177	[-44.539951931098614, -2]
177	[-44.539951931098614, -2]
177	[-44.539951931098614, -2]
177	[-44.539951931098614, -2]
177	[-44.539951931098614, -2]
177	[-44.539951931098614, -2]
177	[-44.539951931098614, -2]
177	[-44.539951931098614, -2]
178	[-59.77334638933181, 0]
178	[-59.77334638933181, 0]
178	[-59.77334638933181, 0]
178	[-59.77334638933181, 0]
178	[-59.77334638933181, 0]
178	[-59.77334638933181, 0]
178	[-59.77334638933181, 0]
178	[-59.77334638933181, 0]
178	[-59.77334638933181, 0]
178	[-59.77334638933181, 0]
178	[-59.77334638933181, 0]
178	[-59.77334638933181, 0]
178	[-59.77334638933181, 0]
178	[-59.77334638933181, 0]
178	[-59.77334638933181, 0]
178	[-59.77334638933181, 0]
178	[-59.77334638933181, 0]
178	[-59.77334638933181, 0]
178	[-59.77334638933181, 0]
178	[-59.77334638933181, 0]
178	[-59.77334638933181, 0]
178	[-59.77334638933181, 0]
178	[-59.77334638933181, 0]
178	[-59.77334638933181, 0]
178	[-59.77334638933181, 0]
178	[-59.77334638933181, 0]
178	[-44.539951931098614, -2]
178	[-44.539951931098614, -2]
178	[-44.539951931098614, -2]
178	[-44.539951931098614, -2]
178	[-44.539951931098614, -2]
178	[-44.539951931098614, -2]
178	[-44.539951931098614, -2]
178	[-44.539951931098614, -2]
178	[-44.539951931098614, -2]
178	[-44.539951931098614, -2]
178	[-44.539951931098614, -2]
178	[-44.539951931098614, -2]
178	[-44.539951931098614, -2]
178	[-44.539951931098614, -2]
178	[-44.539951931098614, -2]
178	[-44.539951931098614, -2]
178	[-44.539951931098614, -2]
178	[-44.539951931098614, -2]
178	[-44.539951931098614, -2]
178	[-44.539951931098614, -2]
178	[-44.539951931098614, -2]
178	[-44.539951931098614, -2]
178	[-44.539951931098614, -2]
178	[-44.539951931098614, -2]
178	[-44.539951931098614, -2]
178	[-44.539951931098614, -2]
178	[-44.539951931098614, -2]
178	[-44.539951931098614, -2]
178	[-44.539951931098614, -2]
178	[-44.539951931098614, -2]
178	[-44.539951931098614, -2]
178	[-44.539951931098614, -2]
178	[-44.539951931098614, -2]
178	[-44.539951931098614, -2]
178	[-44.539951931098614, -2]
178	[-44.539951931098614, -2]
178	[-44.539951931098614, -2]
178	[-44.539951931098614, -2]
178	[-44.539951931098614, -2]
178	[-44.539951931098614, -2]
178	[-44.539951931098614, -2]
178	[-44.539951931098614, -2]
178	[-44.539951931098614, -2]
178	[-44.539951931098614, -2]
178	[-44.539951931098614, -2]
178	[-44.539951931098614, -2]
178	[-44.539951931098614, -2]
178	[-44.539951931098614, -2]
178	[-44.539951931098614, -2]
178	[-44.539951931098614, -2]
178	[-44.539951931098614, -2]
178	[-44.539951931098614, -2]
178	[-44.539951931098614, -2]
178	[-44.539951931098614, -2]
179	[-59.77334638933181, 0]
179	[-59.77334638933181, 0]
179	[-59.77334638933181, 0]
179	[-59.77334638933181, 0]
179	[-59.77334638933181, 0]
179	[-59.77334638933181, 0]
179	[-59.77334638933181, 0]
179	[-59.77334638933181, 0]
179	[-59.77334638933181, 0]
179	[-59.77334638933181, 0]
179	[-59.77334638933181, 0]
179	[-59.77334638933181, 0]
179	[-59.77334638933181, 0]
179	[-59.77334638933181, 0]
179	[-59.77334638933181, 0]
179	[-59.77334638933181, 0]
179	[-59.77334638933181, 0]
179	[-59.77334638933181, 0]
179	[-59.77334638933181, 0]
179	[-59.77334638933181, 0]
179	[-59.77334638933181, 0]
179	[-59.77334638933181, 0]
179	[-59.77334638933181, 0]
179	[-59.77334638933181, 0]
179	[-59.77334638933181, 0]
179	[-59.77334638933181, 0]
179	[-59.77334638933181, 0]
179	[-59.77334638933181, 0]
179	[-44.539951931098614, -2]
179	[-44.539951931098614, -2]
179	[-44.539951931098614, -2]
179	[-44.539951931098614, -2]
179	[-44.539951931098614, -2]
179	[-44.539951931098614, -2]
179	[-44.539951931098614, -2]
179	[-44.539951931098614, -2]
179	[-44.539951931098614, -2]
179	[-44.539951931098614, -2]
179	[-44.539951931098614, -2]
179	[-44.539951931098614, -2]
179	[-44.539951931098614, -2]
179	[-44.539951931098614, -2]
179	[-44.539951931098614, -2]
179	[-44.539951931098614, -2]
179	[-44.539951931098614, -2]
179	[-44.539951931098614, -2]
179	[-44.539951931098614, -2]
179	[-44.539951931098614, -2]
179	[-44.539951931098614, -2]
179	[-44.539951931098614, -2]
179	[-44.539951931098614, -2]
179	[-44.539951931098614, -2]
179	[-44.539951931098614, -2]
179	[-44.539951931098614, -2]
179	[-44.539951931098614, -2]
179	[-44.539951931098614, -2]
179	[-44.539951931098614, -2]
179	[-44.539951931098614, -2]
179	[-44.539951931098614, -2]
179	[-44.539951931098614, -2]
179	[-44.539951931098614, -2]
179	[-44.539951931098614, -2]
179	[-44.539951931098614, -2]
179	[-44.539951931098614, -2]
179	[-44.539951931098614, -2]
179	[-44.539951931098614, -2]
179	[-44.539951931098614, -2]
179	[-44.539951931098614, -2]
179	[-44.539951931098614, -2]
179	[-44.539951931098614, -2]
179	[-44.539951931098614, -2]
179	[-44.539951931098614, -2]
179	[-44.539951931098614, -2]
179	[-44.539951931098614, -2]
179	[-44.539951931098614, -2]
179	[-44.539951931098614, -2]
179	[-44.539951931098614, -2]
179	[-44.539951931098614, -2]
179	[-44.539951931098614, -2]
179	[-44.539951931098614, -2]
180	[-59.77334638933181, 0]
180	[-59.77334638933181, 0]
180	[-59.77334638933181, 0]
180	[-59.77334638933181, 0]
180	[-59.77334638933181, 0]
180	[-59.77334638933181, 0]
180	[-59.77334638933181, 0]
180	[-59.77334638933181, 0]
180	[-59.77334638933181, 0]
180	[-59.77334638933181, 0]
180	[-59.77334638933181, 0]
180	[-59.77334638933181, 0]
180	[-59.77334638933181, 0]
180	[-59.77334638933181, 0]
180	[-59.77334638933181, 0]
180	[-59.77334638933181, 0]
180	[-59.77334638933181, 0]
180	[-59.77334638933181, 0]
180	[-59.77334638933181, 0]
180	[-59.77334638933181, 0]
180	[-59.77334638933181, 0]
180	[-59.77334638933181, 0]
180	[-59.77334638933181, 0]
180	[-59.77334638933181, 0]
180	[-59.77334638933181, 0]
180	[-59.77334638933181, 0]
180	[-59.77334638933181, 0]
180	[-59.77334638933181, 0]
180	[-59.77334638933181, 0]
180	[-59.77334638933181, 0]
180	[-59.77334638933181, 0]
180	[-59.77334638933181, 0]
180	[-44.539951931098614, -2]
180	[-44.539951931098614, -2]
180	[-44.539951931098614, -2]
180	[-44.539951931098614, -2]
180	[-44.539951931098614, -2]
180	[-44.539951931098614, -2]
180	[-44.539951931098614, -2]
180	[-44.539951931098614, -2]
180	[-44.539951931098614, -2]
180	[-44.539951931098614, -2]
180	[-44.539951931098614, -2]
180	[-44.539951931098614, -2]
180	[-44.539951931098614, -2]
180	[-44.539951931098614, -2]
180	[-44.539951931098614, -2]
180	[-44.539951931098614, -2]
180	[-44.539951931098614, -2]
180	[-44.539951931098614, -2]
180	[-44.539951931098614, -2]
180	[-44.539951931098614, -2]
180	[-44.539951931098614, -2]
180	[-44.539951931098614, -2]
180	[-44.539951931098614, -2]
180	[-44.539951931098614, -2]
180	[-44.539951931098614, -2]
180	[-44.539951931098614, -2]
180	[-44.539951931098614, -2]
180	[-44.539951931098614, -2]
180	[-44.539951931098614, -2]
180	[-44.539951931098614, -2]
180	[-44.539951931098614, -2]
180	[-44.539951931098614, -2]
180	[-44.539951931098614, -2]
180	[-44.539951931098614, -2]
180	[-44.539951931098614, -2]
180	[-44.539951931098614, -2]
180	[-44.539951931098614, -2]
180	[-44.539951931098614, -2]
180	[-44.539951931098614, -2]
180	[-44.539951931098614, -2]
180	[-44.539951931098614, -2]
180	[-44.539951931098614, -2]
180	[-44.539951931098614, -2]
180	[-44.539951931098614, -2]
180	[-44.539951931098614, -2]
180	[-44.539951931098614, -2]
180	[-44.539951931098614, -2]
180	[-44.539951931098614, -2]
181	[-59.632978890935874, 0]
181	[-44.539951931098614, -2]
181	[-44.539951931098614, -2]
181	[-44.539951931098614, -2]
181	[-44.539951931098614, -2]
181	[-44.539951931098614, -2]
181	[-44.539951931098614, -2]
181	[-44.539951931098614, -2]
181	[-44.539951931098614, -2]
181	[-44.539951931098614, -2]
181	[-44.539951931098614, -2]
181	[-44.539951931098614, -2]
181	[-44.539951931098614, -2]
181	[-44.539951931098614, -2]
181	[-44.539951931098614, -2]
181	[-44.539951931098614, -2]
181	[-44.539951931098614, -2]
181	[-44.539951931098614, -2]
181	[-44.539951931098614, -2]
181	[-44.539951931098614, -2]
181	[-44.539951931098614, -2]
181	[-44.539951931098614, -2]
181	[-44.539951931098614, -2]
181	[-44.539951931098614, -2]
181	[-44.539951931098614, -2]
181	[-44.539951931098614, -2]
181	[-44.539951931098614, -2]
181	[-44.539951931098614, -2]
181	[-44.539951931098614, -2]
181	[-44.539951931098614, -2]
181	[-44.539951931098614, -2]
181	[-44.539951931098614, -2]
181	[-44.539951931098614, -2]
181	[-44.539951931098614, -2]
181	[-44.539951931098614, -2]
181	[-44.539951931098614, -2]
181	[-44.539951931098614, -2]
181	[-44.539951931098614, -2]
181	[-44.539951931098614, -2]
181	[-44.539951931098614, -2]
181	[-44.539951931098614, -2]
181	[-44.539951931098614, -2]
181	[-44.539951931098614, -2]
181	[-44.539951931098614, -2]
181	[-44.539951931098614, -2]
181	[-44.539951931098614, -2]
181	[-44.539951931098614, -2]
181	[-44.539951931098614, -2]
181	[-44.539951931098614, -2]
181	[-44.539951931098614, -2]
181	[-44.539951931098614, -2]
181	[-44.539951931098614, -2]
181	[-44.539951931098614, -2]
181	[-44.539951931098614, -2]
181	[-44.539951931098614, -2]
181	[-44.539951931098614, -2]
181	[-44.539951931098614, -2]
181	[-44.539951931098614, -2]
182	[-59.632978890935874, 0]
182	[-59.632978890935874, 0]
182	[-44.539951931098614, -2]
182	[-44.539951931098614, -2]
182	[-44.539951931098614, -2]
182	[-44.539951931098614, -2]
182	[-44.539951931098614, -2]
182	[-44.539951931098614, -2]
182	[-44.539951931098614, -2]
182	[-44.539951931098614, -2]
182	[-44.539951931098614, -2]
182	[-44.539951931098614, -2]
182	[-44.539951931098614, -2]
182	[-44.539951931098614, -2]
182	[-44.539951931098614, -2]
182	[-44.539951931098614, -2]
182	[-44.539951931098614, -2]
182	[-44.539951931098614, -2]
182	[-44.539951931098614, -2]
182	[-44.539951931098614, -2]
182	[-44.539951931098614, -2]
182	[-44.539951931098614, -2]
182	[-44.539951931098614, -2]
182	[-44.539951931098614, -2]
182	[-44.539951931098614, -2]
182	[-44.539951931098614, -2]
182	[-44.539951931098614, -2]
182	[-44.539951931098614, -2]
182	[-44.539951931098614, -2]
182	[-44.539951931098614, -2]
182	[-44.539951931098614, -2]
182	[-44.539951931098614, -2]
182	[-44.539951931098614, -2]
182	[-44.539951931098614, -2]
182	[-44.539951931098614, -2]
182	[-44.539951931098614, -2]
182	[-44.539951931098614, -2]
182	[-44.539951931098614, -2]
182	[-44.539951931098614, -2]
182	[-44.539951931098614, -2]
182	[-44.539951931098614, -2]
182	[-44.539951931098614, -2]
182	[-44.539951931098614, -2]
182	[-44.539951931098614, -2]
182	[-44.539951931098614, -2]
182	[-44.539951931098614, -2]
182	[-44.539951931098614, -2]
182	[-44.539951931098614, -2]
182	[-44.539951931098614, -2]
182	[-44.539951931098614, -2]
182	[-44.539951931098614, -2]
182	[-44.539951931098614, -2]
182	[-44.539951931098614, -2]
182	[-44.539951931098614, -2]
182	[-44.539951931098614, -2]
182	[-44.539951931098614, -2]
182	[-44.539951931098614, -2]
182	[-44.539951931098614, -2]
182	[-44.539951931098614, -2]
182	[-44.539951931098614, -2]
182	[-44.539951931098614, -2]
182	[-44.539951931098614, -2]
182	[-44.539951931098614, -2]
182	[-44.539951931098614, -2]
182	[-44.539951931098614, -2]
182	[-44.539951931098614, -2]
182	[-44.539951931098614, -2]
182	[-44.539951931098614, -2]
182	[-44.539951931098614, -2]
182	[-44.539951931098614, -2]
182	[-44.539951931098614, -2]
182	[-44.539951931098614, -2]
182	[-44.539951931098614, -2]
182	[-44.539951931098614, -2]
182	[-44.539951931098614, -2]
182	[-44.539951931098614, -2]
182	[-44.539951931098614, -2]
183	[-59.632978890935874, 0]
183	[-59.632978890935874, 0]
183	[-59.632978890935874, 0]
183	[-59.632978890935874, 0]
183	[-43.88582526670157, -2]
184	[-59.632978890935874, 0]
184	[-59.632978890935874, 0]
184	[-59.632978890935874, 0]
184	[-59.632978890935874, 0]
184	[-59.632978890935874, 0]
184	[-59.632978890935874, 0]
184	[-43.88582526670157, -2]
185	[-59.632978890935874, 0]
185	[-59.632978890935874, 0]
185	[-59.632978890935874, 0]
185	[-59.632978890935874, 0]
185	[-59.632978890935874, 0]
185	[-59.632978890935874, 0]
185	[-59.632978890935874, 0]
185	[-59.632978890935874, 0]
185	[-59.632978890935874, 0]
185	[-59.632978890935874, 0]
185	[-43.88582526670157, -2]
185	[-43.88582526670157, -2]
185	[-43.88582526670157, -2]
186	[-59.632978890935874, 0]
186	[-59.632978890935874, 0]
186	[-59.632978890935874, 0]
186	[-59.632978890935874, 0]
186	[-59.632978890935874, 0]
186	[-59.632978890935874, 0]
186	[-59.632978890935874, 0]
186	[-59.632978890935874, 0]
186	[-59.632978890935874, 0]
186	[-59.632978890935874, 0]
186	[-59.632978890935874, 0]
186	[-59.632978890935874, 0]
186	[-59.632978890935874, 0]
186	[-59.632978890935874, 0]
186	[-43.88582526670157, -2]
186	[-43.88582526670157, -2]
186	[-43.88582526670157, -2]
187	[-59.632978890935874, 0]
187	[-59.632978890935874, 0]
187	[-59.632978890935874, 0]
187	[-59.632978890935874, 0]
187	[-59.632978890935874, 0]
187	[-59.632978890935874, 0]
187	[-59.632978890935874, 0]
187	[-59.632978890935874, 0]
187	[-59.632978890935874, 0]
187	[-59.632978890935874, 0]
187	[-59.632978890935874, 0]
187	[-59.632978890935874, 0]
187	[-59.632978890935874, 0]
187	[-59.632978890935874, 0]
187	[-59.632978890935874, 0]
187	[-59.632978890935874, 0]
187	[-59.632978890935874, 0]
187	[-59.632978890935874, 0]
187	[-59.632978890935874, 0]
187	[-59.632978890935874, 0]
187	[-59.632978890935874, 0]
187	[-59.632978890935874, 0]
187	[-59.632978890935874, 0]
187	[-59.632978890935874, 0]
187	[-59.632978890935874, 0]
187	[-59.632978890935874, 0]
187	[-43.88582526670157, -2]
187	[-43.88582526670157, -2]
187	[-43.88582526670157, -2]
187	[-43.88582526670157, -2]
188	[-57.90793103576729, 0]
188	[-43.88582526670157, -2]
188	[-43.88582526670157, -2]
188	[-43.88582526670157, -2]
188	[-43.88582526670157, -2]
188	[-43.88582526670157, -2]
189	[-57.90793103576729, 0]
189	[-43.88582526670157, -2]
189	[-43.88582526670157, -2]
189	[-43.88582526670157, -2]
189	[-43.88582526670157, -2]
189	[-43.88582526670157, -2]
189	[-43.88582526670157, -2]
189	[-43.88582526670157, -2]
189	[-43.88582526670157, -2]
189	[-43.88582526670157, -2]
190	[-57.90793103576729, 0]
190	[-43.88582526670157, -2]
190	[-43.88582526670157, -2]
190	[-43.88582526670157, -2]
190	[-43.88582526670157, -2]
190	[-43.88582526670157, -2]
190	[-43.88582526670157, -2]
190	[-43.88582526670157, -2]
190	[-43.88582526670157, -2]
190	[-43.88582526670157, -2]
190	[-43.88582526670157, -2]
190	[-43.88582526670157, -2]
190	[-43.88582526670157, -2]
190	[-43.88582526670157, -2]
190	[-43.88582526670157, -2]
190	[-43.88582526670157, -2]
190	[-43.88582526670157, -2]
191	[-57.90793103576729, 0]
191	[-43.88582526670157, -2]
191	[-43.88582526670157, -2]
191	[-43.88582526670157, -2]
191	[-43.88582526670157, -2]
191	[-43.88582526670157, -2]
191	[-43.88582526670157, -2]
191	[-43.88582526670157, -2]
191	[-43.88582526670157, -2]
191	[-43.88582526670157, -2]
191	[-43.88582526670157, -2]
191	[-43.88582526670157, -2]
191	[-43.88582526670157, -2]
191	[-43.88582526670157, -2]
191	[-43.88582526670157, -2]
191	[-43.88582526670157, -2]
191	[-43.88582526670157, -2]
191	[-43.88582526670157, -2]
191	[-43.88582526670157, -2]
191	[-43.88582526670157, -2]
191	[-43.88582526670157, -2]
191	[-43.88582526670157, -2]
191	[-43.88582526670157, -2]
191	[-43.88582526670157, -2]
191	[-43.88582526670157, -2]
191	[-43.88582526670157, -2]
191	[-43.88582526670157, -2]
191	[-43.88582526670157, -2]
191	[-43.88582526670157, -2]
192	[-57.90793103576729, 0]
192	[-43.88582526670157, -2]
192	[-43.88582526670157, -2]
192	[-43.88582526670157, -2]
192	[-43.88582526670157, -2]
192	[-43.88582526670157, -2]
192	[-43.88582526670157, -2]
192	[-43.88582526670157, -2]
192	[-43.88582526670157, -2]
192	[-43.88582526670157, -2]
192	[-43.88582526670157, -2]
192	[-43.88582526670157, -2]
192	[-43.88582526670157, -2]
192	[-43.88582526670157, -2]
192	[-43.88582526670157, -2]
192	[-43.88582526670157, -2]
192	[-43.88582526670157, -2]
192	[-43.88582526670157, -2]
192	[-43.88582526670157, -2]
192	[-43.88582526670157, -2]
192	[-43.88582526670157, -2]
192	[-43.88582526670157, -2]
192	[-43.88582526670157, -2]
192	[-43.88582526670157, -2]
192	[-43.88582526670157, -2]
192	[-43.88582526670157, -2]
192	[-43.88582526670157, -2]
192	[-43.88582526670157, -2]
192	[-43.88582526670157, -2]
192	[-43.88582526670157, -2]
192	[-43.88582526670157, -2]
192	[-43.88582526670157, -2]
192	[-43.88582526670157, -2]
192	[-43.88582526670157, -2]
192	[-43.88582526670157, -2]
192	[-43.88582526670157, -2]
192	[-43.88582526670157, -2]
192	[-43.88582526670157, -2]
192	[-43.88582526670157, -2]
193	[-57.90793103576729, 0]
193	[-43.88582526670157, -2]
193	[-43.88582526670157, -2]
193	[-43.88582526670157, -2]
193	[-43.88582526670157, -2]
193	[-43.88582526670157, -2]
193	[-43.88582526670157, -2]
193	[-43.88582526670157, -2]
193	[-43.88582526670157, -2]
193	[-43.88582526670157, -2]
193	[-43.88582526670157, -2]
193	[-43.88582526670157, -2]
193	[-43.88582526670157, -2]
193	[-43.88582526670157, -2]
193	[-43.88582526670157, -2]
193	[-43.88582526670157, -2]
193	[-43.88582526670157, -2]
193	[-43.88582526670157, -2]
193	[-43.88582526670157, -2]
193	[-43.88582526670157, -2]
193	[-43.88582526670157, -2]
193	[-43.88582526670157, -2]
193	[-43.88582526670157, -2]
193	[-43.88582526670157, -2]
193	[-43.88582526670157, -2]
193	[-43.88582526670157, -2]
193	[-43.88582526670157, -2]
193	[-43.88582526670157, -2]
193	[-43.88582526670157, -2]
193	[-43.88582526670157, -2]
193	[-43.88582526670157, -2]
193	[-43.88582526670157, -2]
193	[-43.88582526670157, -2]
193	[-43.88582526670157, -2]
193	[-43.88582526670157, -2]
193	[-43.88582526670157, -2]
193	[-43.88582526670157, -2]
193	[-43.88582526670157, -2]
193	[-43.88582526670157, -2]
193	[-43.88582526670157, -2]
193	[-43.88582526670157, -2]
193	[-43.88582526670157, -2]
193	[-43.88582526670157, -2]
193	[-43.88582526670157, -2]
193	[-43.88582526670157, -2]
193	[-43.88582526670157, -2]
193	[-43.88582526670157, -2]
193	[-43.88582526670157, -2]
193	[-43.88582526670157, -2]
193	[-43.88582526670157, -2]
193	[-43.88582526670157, -2]
193	[-43.88582526670157, -2]
194	[-57.90793103576729, 0]
194	[-43.88582526670157, -2]
194	[-43.88582526670157, -2]
194	[-43.88582526670157, -2]
194	[-43.88582526670157, -2]
194	[-43.88582526670157, -2]
194	[-43.88582526670157, -2]
194	[-43.88582526670157, -2]
194	[-43.88582526670157, -2]
194	[-43.88582526670157, -2]
194	[-43.88582526670157, -2]
194	[-43.88582526670157, -2]
194	[-43.88582526670157, -2]
194	[-43.88582526670157, -2]
194	[-43.88582526670157, -2]
194	[-43.88582526670157, -2]
194	[-43.88582526670157, -2]
194	[-43.88582526670157, -2]
194	[-43.88582526670157, -2]
194	[-43.88582526670157, -2]
194	[-43.88582526670157, -2]
194	[-43.88582526670157, -2]
194	[-43.88582526670157, -2]
194	[-43.88582526670157, -2]
194	[-43.88582526670157, -2]
194	[-43.88582526670157, -2]
194	[-43.88582526670157, -2]
194	[-43.88582526670157, -2]
194	[-43.88582526670157, -2]
194	[-43.88582526670157, -2]
194	[-43.88582526670157, -2]
194	[-43.88582526670157, -2]
194	[-43.88582526670157, -2]
194	[-43.88582526670157, -2]
194	[-43.88582526670157, -2]
194	[-43.88582526670157, -2]
194	[-43.88582526670157, -2]
194	[-43.88582526670157, -2]
194	[-43.88582526670157, -2]
194	[-43.88582526670157, -2]
194	[-43.88582526670157, -2]
194	[-43.88582526670157, -2]
194	[-43.88582526670157, -2]
194	[-43.88582526670157, -2]
194	[-43.88582526670157, -2]
194	[-43.88582526670157, -2]
194	[-43.88582526670157, -2]
194	[-43.88582526670157, -2]
194	[-43.88582526670157, -2]
194	[-43.88582526670157, -2]
194	[-43.88582526670157, -2]
194	[-43.88582526670157, -2]
194	[-43.88582526670157, -2]
194	[-43.88582526670157, -2]
194	[-43.88582526670157, -2]
194	[-43.88582526670157, -2]
194	[-43.88582526670157, -2]
194	[-43.88582526670157, -2]
194	[-43.88582526670157, -2]
194	[-43.88582526670157, -2]
194	[-43.88582526670157, -2]
194	[-43.88582526670157, -2]
194	[-43.88582526670157, -2]
194	[-43.88582526670157, -2]
194	[-43.88582526670157, -2]
194	[-43.88582526670157, -2]
194	[-43.88582526670157, -2]
195	[-57.90793103576729, 0]
195	[-43.88582526670157, -2]
195	[-43.88582526670157, -2]
195	[-43.88582526670157, -2]
195	[-43.88582526670157, -2]
195	[-43.88582526670157, -2]
195	[-43.88582526670157, -2]
195	[-43.88582526670157, -2]
195	[-43.88582526670157, -2]
195	[-43.88582526670157, -2]
195	[-43.88582526670157, -2]
195	[-43.88582526670157, -2]
195	[-43.88582526670157, -2]
195	[-43.88582526670157, -2]
195	[-43.88582526670157, -2]
195	[-43.88582526670157, -2]
195	[-43.88582526670157, -2]
195	[-43.88582526670157, -2]
195	[-43.88582526670157, -2]
195	[-43.88582526670157, -2]
195	[-43.88582526670157, -2]
195	[-43.88582526670157, -2]
195	[-43.88582526670157, -2]
195	[-43.88582526670157, -2]
195	[-43.88582526670157, -2]
195	[-43.88582526670157, -2]
195	[-43.88582526670157, -2]
195	[-43.88582526670157, -2]
195	[-43.88582526670157, -2]
195	[-43.88582526670157, -2]
195	[-43.88582526670157, -2]
195	[-43.88582526670157, -2]
195	[-43.88582526670157, -2]
195	[-43.88582526670157, -2]
195	[-43.88582526670157, -2]
195	[-43.88582526670157, -2]
195	[-43.88582526670157, -2]
195	[-43.88582526670157, -2]
195	[-43.88582526670157, -2]
195	[-43.88582526670157, -2]
195	[-43.88582526670157, -2]
195	[-43.88582526670157, -2]
195	[-43.88582526670157, -2]
195	[-43.88582526670157, -2]
195	[-43.88582526670157, -2]
195	[-43.88582526670157, -2]
195	[-43.88582526670157, -2]
195	[-43.88582526670157, -2]
195	[-43.88582526670157, -2]
195	[-43.88582526670157, -2]
195	[-43.88582526670157, -2]
195	[-43.88582526670157, -2]
195	[-43.88582526670157, -2]
195	[-43.88582526670157, -2]
195	[-43.88582526670157, -2]
195	[-43.88582526670157, -2]
195	[-43.88582526670157, -2]
195	[-43.88582526670157, -2]
195	[-43.88582526670157, -2]
195	[-43.88582526670157, -2]
195	[-43.88582526670157, -2]
195	[-43.88582526670157, -2]
195	[-43.88582526670157, -2]
195	[-43.88582526670157, -2]
195	[-43.88582526670157, -2]
195	[-43.88582526670157, -2]
195	[-43.88582526670157, -2]
195	[-43.88582526670157, -2]
195	[-43.88582526670157, -2]
195	[-43.88582526670157, -2]
195	[-43.88582526670157, -2]
195	[-43.88582526670157, -2]
195	[-43.88582526670157, -2]
195	[-43.88582526670157, -2]
195	[-43.88582526670157, -2]
195	[-43.88582526670157, -2]
195	[-43.88582526670157, -2]
195	[-43.88582526670157, -2]
195	[-43.88582526670157, -2]
195	[-43.88582526670157, -2]
196	[-57.90793103576729, 0]
196	[-43.88582526670157, -2]
196	[-43.88582526670157, -2]
196	[-43.88582526670157, -2]
196	[-43.88582526670157, -2]
196	[-43.88582526670157, -2]
196	[-43.88582526670157, -2]
196	[-43.88582526670157, -2]
196	[-43.88582526670157, -2]
196	[-43.88582526670157, -2]
196	[-43.88582526670157, -2]
196	[-43.88582526670157, -2]
196	[-43.88582526670157, -2]
196	[-43.88582526670157, -2]
196	[-43.88582526670157, -2]
196	[-43.88582526670157, -2]
196	[-43.88582526670157, -2]
196	[-43.88582526670157, -2]
196	[-43.88582526670157, -2]
196	[-43.88582526670157, -2]
196	[-43.88582526670157, -2]
196	[-43.88582526670157, -2]
196	[-43.88582526670157, -2]
196	[-43.88582526670157, -2]
196	[-43.88582526670157, -2]
196	[-43.88582526670157, -2]
196	[-43.88582526670157, -2]
196	[-43.88582526670157, -2]
196	[-43.88582526670157, -2]
196	[-43.88582526670157, -2]
196	[-43.88582526670157, -2]
196	[-43.88582526670157, -2]
196	[-43.88582526670157, -2]
196	[-43.88582526670157, -2]
196	[-43.88582526670157, -2]
196	[-43.88582526670157, -2]
196	[-43.88582526670157, -2]
196	[-43.88582526670157, -2]
196	[-43.88582526670157, -2]
196	[-43.88582526670157, -2]
196	[-43.88582526670157, -2]
196	[-43.88582526670157, -2]
196	[-43.88582526670157, -2]
196	[-43.88582526670157, -2]
196	[-43.88582526670157, -2]
196	[-43.88582526670157, -2]
196	[-43.88582526670157, -2]
196	[-43.88582526670157, -2]
196	[-43.88582526670157, -2]
196	[-43.88582526670157, -2]
196	[-43.88582526670157, -2]
196	[-43.88582526670157, -2]
196	[-43.88582526670157, -2]
196	[-43.88582526670157, -2]
196	[-43.88582526670157, -2]
196	[-43.88582526670157, -2]
196	[-43.88582526670157, -2]
196	[-43.88582526670157, -2]
196	[-43.88582526670157, -2]
196	[-43.88582526670157, -2]
196	[-43.88582526670157, -2]
196	[-43.88582526670157, -2]
196	[-43.88582526670157, -2]
196	[-43.88582526670157, -2]
196	[-43.88582526670157, -2]
196	[-43.88582526670157, -2]
196	[-43.88582526670157, -2]
196	[-43.88582526670157, -2]
196	[-43.88582526670157, -2]
196	[-43.88582526670157, -2]
196	[-43.88582526670157, -2]
196	[-43.88582526670157, -2]
196	[-43.88582526670157, -2]
196	[-43.88582526670157, -2]
196	[-43.88582526670157, -2]
196	[-43.88582526670157, -2]
196	[-43.88582526670157, -2]
196	[-43.88582526670157, -2]
196	[-43.88582526670157, -2]
196	[-43.88582526670157, -2]
197	[-57.90793103576729, 0]
197	[-43.88582526670157, -2]
197	[-43.88582526670157, -2]
197	[-43.88582526670157, -2]
197	[-43.88582526670157, -2]
197	[-43.88582526670157, -2]
197	[-43.88582526670157, -2]
197	[-43.88582526670157, -2]
197	[-43.88582526670157, -2]
197	[-43.88582526670157, -2]
197	[-43.88582526670157, -2]
197	[-43.88582526670157, -2]
197	[-43.88582526670157, -2]
197	[-43.88582526670157, -2]
197	[-43.88582526670157, -2]
197	[-43.88582526670157, -2]
197	[-43.88582526670157, -2]
197	[-43.88582526670157, -2]
197	[-43.88582526670157, -2]
197	[-43.88582526670157, -2]
197	[-43.88582526670157, -2]
197	[-43.88582526670157, -2]
197	[-43.88582526670157, -2]
197	[-43.88582526670157, -2]
197	[-43.88582526670157, -2]
197	[-43.88582526670157, -2]
197	[-43.88582526670157, -2]
197	[-43.88582526670157, -2]
197	[-43.88582526670157, -2]
197	[-43.88582526670157, -2]
197	[-43.88582526670157, -2]
197	[-43.88582526670157, -2]
197	[-43.88582526670157, -2]
197	[-43.88582526670157, -2]
197	[-43.88582526670157, -2]
197	[-43.88582526670157, -2]
197	[-43.88582526670157, -2]
197	[-43.88582526670157, -2]
197	[-43.88582526670157, -2]
197	[-43.88582526670157, -2]
197	[-43.88582526670157, -2]
197	[-43.88582526670157, -2]
197	[-43.88582526670157, -2]
197	[-43.88582526670157, -2]
197	[-43.88582526670157, -2]
197	[-43.88582526670157, -2]
197	[-43.88582526670157, -2]
197	[-43.88582526670157, -2]
197	[-43.88582526670157, -2]
197	[-43.88582526670157, -2]
197	[-43.88582526670157, -2]
197	[-43.88582526670157, -2]
197	[-43.88582526670157, -2]
197	[-43.88582526670157, -2]
197	[-43.88582526670157, -2]
197	[-43.88582526670157, -2]
197	[-43.88582526670157, -2]
197	[-43.88582526670157, -2]
197	[-43.88582526670157, -2]
197	[-43.88582526670157, -2]
197	[-43.88582526670157, -2]
197	[-43.88582526670157, -2]
197	[-43.88582526670157, -2]
197	[-43.88582526670157, -2]
197	[-43.88582526670157, -2]
197	[-43.88582526670157, -2]
197	[-43.88582526670157, -2]
197	[-43.88582526670157, -2]
197	[-43.88582526670157, -2]
197	[-43.88582526670157, -2]
197	[-43.88582526670157, -2]
197	[-43.88582526670157, -2]
197	[-43.88582526670157, -2]
197	[-43.88582526670157, -2]
197	[-43.88582526670157, -2]
197	[-43.88582526670157, -2]
197	[-43.88582526670157, -2]
197	[-43.88582526670157, -2]
197	[-43.88582526670157, -2]
197	[-43.88582526670157, -2]
198	[-57.90793103576729, 0]
198	[-43.88582526670157, -2]
198	[-43.88582526670157, -2]
198	[-43.88582526670157, -2]
198	[-43.88582526670157, -2]
198	[-43.88582526670157, -2]
198	[-43.88582526670157, -2]
198	[-43.88582526670157, -2]
198	[-43.88582526670157, -2]
198	[-43.88582526670157, -2]
198	[-43.88582526670157, -2]
198	[-43.88582526670157, -2]
198	[-43.88582526670157, -2]
198	[-43.88582526670157, -2]
198	[-43.88582526670157, -2]
198	[-43.88582526670157, -2]
198	[-43.88582526670157, -2]
198	[-43.88582526670157, -2]
198	[-43.88582526670157, -2]
198	[-43.88582526670157, -2]
198	[-43.88582526670157, -2]
198	[-43.88582526670157, -2]
198	[-43.88582526670157, -2]
198	[-43.88582526670157, -2]
198	[-43.88582526670157, -2]
198	[-43.88582526670157, -2]
198	[-43.88582526670157, -2]
198	[-43.88582526670157, -2]
198	[-43.88582526670157, -2]
198	[-43.88582526670157, -2]
198	[-43.88582526670157, -2]
198	[-43.88582526670157, -2]
198	[-43.88582526670157, -2]
198	[-43.88582526670157, -2]
198	[-43.88582526670157, -2]
198	[-43.88582526670157, -2]
198	[-43.88582526670157, -2]
198	[-43.88582526670157, -2]
198	[-43.88582526670157, -2]
198	[-43.88582526670157, -2]
198	[-43.88582526670157, -2]
198	[-43.88582526670157, -2]
198	[-43.88582526670157, -2]
198	[-43.88582526670157, -2]
198	[-43.88582526670157, -2]
198	[-43.88582526670157, -2]
198	[-43.88582526670157, -2]
198	[-43.88582526670157, -2]
198	[-43.88582526670157, -2]
198	[-43.88582526670157, -2]
198	[-43.88582526670157, -2]
198	[-43.88582526670157, -2]
198	[-43.88582526670157, -2]
198	[-43.88582526670157, -2]
198	[-43.88582526670157, -2]
198	[-43.88582526670157, -2]
198	[-43.88582526670157, -2]
198	[-43.88582526670157, -2]
198	[-43.88582526670157, -2]
198	[-43.88582526670157, -2]
198	[-43.88582526670157, -2]
198	[-43.88582526670157, -2]
198	[-43.88582526670157, -2]
198	[-43.88582526670157, -2]
198	[-43.88582526670157, -2]
198	[-43.88582526670157, -2]
198	[-43.88582526670157, -2]
198	[-43.88582526670157, -2]
198	[-43.88582526670157, -2]
198	[-43.88582526670157, -2]
198	[-43.88582526670157, -2]
198	[-43.88582526670157, -2]
198	[-43.88582526670157, -2]
198	[-43.88582526670157, -2]
198	[-43.88582526670157, -2]
198	[-43.88582526670157, -2]
198	[-43.88582526670157, -2]
198	[-43.88582526670157, -2]
198	[-43.88582526670157, -2]
198	[-43.88582526670157, -2]
199	[-57.90793103576729, 0]
199	[-43.88582526670157, -2]
199	[-43.88582526670157, -2]
199	[-43.88582526670157, -2]
199	[-43.88582526670157, -2]
199	[-43.88582526670157, -2]
199	[-43.88582526670157, -2]
199	[-43.88582526670157, -2]
199	[-43.88582526670157, -2]
199	[-43.88582526670157, -2]
199	[-43.88582526670157, -2]
199	[-43.88582526670157, -2]
199	[-43.88582526670157, -2]
199	[-43.88582526670157, -2]
199	[-43.88582526670157, -2]
199	[-43.88582526670157, -2]
199	[-43.88582526670157, -2]
199	[-43.88582526670157, -2]
199	[-43.88582526670157, -2]
199	[-43.88582526670157, -2]
199	[-43.88582526670157, -2]
199	[-43.88582526670157, -2]
199	[-43.88582526670157, -2]
199	[-43.88582526670157, -2]
199	[-43.88582526670157, -2]
199	[-43.88582526670157, -2]
199	[-43.88582526670157, -2]
199	[-43.88582526670157, -2]
199	[-43.88582526670157, -2]
199	[-43.88582526670157, -2]
199	[-43.88582526670157, -2]
199	[-43.88582526670157, -2]
199	[-43.88582526670157, -2]
199	[-43.88582526670157, -2]
199	[-43.88582526670157, -2]
199	[-43.88582526670157, -2]
199	[-43.88582526670157, -2]
199	[-43.88582526670157, -2]
199	[-43.88582526670157, -2]
199	[-43.88582526670157, -2]
199	[-43.88582526670157, -2]
199	[-43.88582526670157, -2]
199	[-43.88582526670157, -2]
199	[-43.88582526670157, -2]
199	[-43.88582526670157, -2]
199	[-43.88582526670157, -2]
199	[-43.88582526670157, -2]
199	[-43.88582526670157, -2]
199	[-43.88582526670157, -2]
199	[-43.88582526670157, -2]
199	[-43.88582526670157, -2]
199	[-43.88582526670157, -2]
199	[-43.88582526670157, -2]
199	[-43.88582526670157, -2]
199	[-43.88582526670157, -2]
199	[-43.88582526670157, -2]
199	[-43.88582526670157, -2]
199	[-43.88582526670157, -2]
199	[-43.88582526670157, -2]
199	[-43.88582526670157, -2]
199	[-43.88582526670157, -2]
199	[-43.88582526670157, -2]
199	[-43.88582526670157, -2]
199	[-43.88582526670157, -2]
199	[-43.88582526670157, -2]
199	[-43.88582526670157, -2]
199	[-43.88582526670157, -2]
199	[-43.88582526670157, -2]
199	[-43.88582526670157, -2]
199	[-43.88582526670157, -2]
199	[-43.88582526670157, -2]
199	[-43.88582526670157, -2]
199	[-43.88582526670157, -2]
199	[-43.88582526670157, -2]
199	[-43.88582526670157, -2]
199	[-43.88582526670157, -2]
199	[-43.88582526670157, -2]
199	[-43.88582526670157, -2]
199	[-43.88582526670157, -2]
199	[-43.88582526670157, -2]
200	[-57.90793103576729, 0]
200	[-43.88582526670157, -2]
200	[-43.88582526670157, -2]
200	[-43.88582526670157, -2]
200	[-43.88582526670157, -2]
200	[-43.88582526670157, -2]
200	[-43.88582526670157, -2]
200	[-43.88582526670157, -2]
200	[-43.88582526670157, -2]
200	[-43.88582526670157, -2]
200	[-43.88582526670157, -2]
200	[-43.88582526670157, -2]
200	[-43.88582526670157, -2]
200	[-43.88582526670157, -2]
200	[-43.88582526670157, -2]
200	[-43.88582526670157, -2]
200	[-43.88582526670157, -2]
200	[-43.88582526670157, -2]
200	[-43.88582526670157, -2]
200	[-43.88582526670157, -2]
200	[-43.88582526670157, -2]
200	[-43.88582526670157, -2]
200	[-43.88582526670157, -2]
200	[-43.88582526670157, -2]
200	[-43.88582526670157, -2]
200	[-43.88582526670157, -2]
200	[-43.88582526670157, -2]
200	[-43.88582526670157, -2]
200	[-43.88582526670157, -2]
200	[-43.88582526670157, -2]
200	[-43.88582526670157, -2]
200	[-43.88582526670157, -2]
200	[-43.88582526670157, -2]
200	[-43.88582526670157, -2]
200	[-43.88582526670157, -2]
200	[-43.88582526670157, -2]
200	[-43.88582526670157, -2]
200	[-43.88582526670157, -2]
200	[-43.88582526670157, -2]
200	[-43.88582526670157, -2]
200	[-43.88582526670157, -2]
200	[-43.88582526670157, -2]
200	[-43.88582526670157, -2]
200	[-43.88582526670157, -2]
200	[-43.88582526670157, -2]
200	[-43.88582526670157, -2]
200	[-43.88582526670157, -2]
200	[-43.88582526670157, -2]
200	[-43.88582526670157, -2]
200	[-43.88582526670157, -2]
200	[-43.88582526670157, -2]
200	[-43.88582526670157, -2]
200	[-43.88582526670157, -2]
200	[-43.88582526670157, -2]
200	[-43.88582526670157, -2]
200	[-43.88582526670157, -2]
200	[-43.88582526670157, -2]
200	[-43.88582526670157, -2]
200	[-43.88582526670157, -2]
200	[-43.88582526670157, -2]
200	[-43.88582526670157, -2]
200	[-43.88582526670157, -2]
200	[-43.88582526670157, -2]
200	[-43.88582526670157, -2]
200	[-43.88582526670157, -2]
200	[-43.88582526670157, -2]
200	[-43.88582526670157, -2]
200	[-43.88582526670157, -2]
200	[-43.88582526670157, -2]
200	[-43.88582526670157, -2]
200	[-43.88582526670157, -2]
200	[-43.88582526670157, -2]
200	[-43.88582526670157, -2]
200	[-43.88582526670157, -2]
200	[-43.88582526670157, -2]
200	[-43.88582526670157, -2]
200	[-43.88582526670157, -2]
200	[-43.88582526670157, -2]
200	[-43.88582526670157, -2]
200	[-43.88582526670157, -2]
201	[-57.90793103576729, 0]
201	[-43.88582526670157, -2]
201	[-43.88582526670157, -2]
201	[-43.88582526670157, -2]
201	[-43.88582526670157, -2]
201	[-43.88582526670157, -2]
201	[-43.88582526670157, -2]
201	[-43.88582526670157, -2]
201	[-43.88582526670157, -2]
201	[-43.88582526670157, -2]
201	[-43.88582526670157, -2]
201	[-43.88582526670157, -2]
201	[-43.88582526670157, -2]
201	[-43.88582526670157, -2]
201	[-43.88582526670157, -2]
201	[-43.88582526670157, -2]
201	[-43.88582526670157, -2]
201	[-43.88582526670157, -2]
201	[-43.88582526670157, -2]
201	[-43.88582526670157, -2]
201	[-43.88582526670157, -2]
201	[-43.88582526670157, -2]
201	[-43.88582526670157, -2]
201	[-43.88582526670157, -2]
201	[-43.88582526670157, -2]
201	[-43.88582526670157, -2]
201	[-43.88582526670157, -2]
201	[-43.88582526670157, -2]
201	[-43.88582526670157, -2]
201	[-43.88582526670157, -2]
201	[-43.88582526670157, -2]
201	[-43.88582526670157, -2]
201	[-43.88582526670157, -2]
201	[-43.88582526670157, -2]
201	[-43.88582526670157, -2]
201	[-43.88582526670157, -2]
201	[-43.88582526670157, -2]
201	[-43.88582526670157, -2]
201	[-43.88582526670157, -2]
201	[-43.88582526670157, -2]
201	[-43.88582526670157, -2]
201	[-43.88582526670157, -2]
201	[-43.88582526670157, -2]
201	[-43.88582526670157, -2]
201	[-43.88582526670157, -2]
201	[-43.88582526670157, -2]
201	[-43.88582526670157, -2]
201	[-43.88582526670157, -2]
201	[-43.88582526670157, -2]
201	[-43.88582526670157, -2]
201	[-43.88582526670157, -2]
201	[-43.88582526670157, -2]
201	[-43.88582526670157, -2]
201	[-43.88582526670157, -2]
201	[-43.88582526670157, -2]
201	[-43.88582526670157, -2]
201	[-43.88582526670157, -2]
201	[-43.88582526670157, -2]
201	[-43.88582526670157, -2]
201	[-43.88582526670157, -2]
201	[-43.88582526670157, -2]
201	[-43.88582526670157, -2]
201	[-43.88582526670157, -2]
201	[-43.88582526670157, -2]
201	[-43.88582526670157, -2]
201	[-43.88582526670157, -2]
201	[-43.88582526670157, -2]
201	[-43.88582526670157, -2]
201	[-43.88582526670157, -2]
201	[-43.88582526670157, -2]
201	[-43.88582526670157, -2]
201	[-43.88582526670157, -2]
201	[-43.88582526670157, -2]
201	[-43.88582526670157, -2]
201	[-43.88582526670157, -2]
201	[-43.88582526670157, -2]
201	[-43.88582526670157, -2]
201	[-43.88582526670157, -2]
201	[-43.88582526670157, -2]
201	[-43.88582526670157, -2]
202	[-57.90793103576729, 0]
202	[-43.88582526670157, -2]
202	[-43.88582526670157, -2]
202	[-43.88582526670157, -2]
202	[-43.88582526670157, -2]
202	[-43.88582526670157, -2]
202	[-43.88582526670157, -2]
202	[-43.88582526670157, -2]
202	[-43.88582526670157, -2]
202	[-43.88582526670157, -2]
202	[-43.88582526670157, -2]
202	[-43.88582526670157, -2]
202	[-43.88582526670157, -2]
202	[-43.88582526670157, -2]
202	[-43.88582526670157, -2]
202	[-43.88582526670157, -2]
202	[-43.88582526670157, -2]
202	[-43.88582526670157, -2]
202	[-43.88582526670157, -2]
202	[-43.88582526670157, -2]
202	[-43.88582526670157, -2]
202	[-43.88582526670157, -2]
202	[-43.88582526670157, -2]
202	[-43.88582526670157, -2]
202	[-43.88582526670157, -2]
202	[-43.88582526670157, -2]
202	[-43.88582526670157, -2]
202	[-43.88582526670157, -2]
202	[-43.88582526670157, -2]
202	[-43.88582526670157, -2]
202	[-43.88582526670157, -2]
202	[-43.88582526670157, -2]
202	[-43.88582526670157, -2]
202	[-43.88582526670157, -2]
202	[-43.88582526670157, -2]
202	[-43.88582526670157, -2]
202	[-43.88582526670157, -2]
202	[-43.88582526670157, -2]
202	[-43.88582526670157, -2]
202	[-43.88582526670157, -2]
202	[-43.88582526670157, -2]
202	[-43.88582526670157, -2]
202	[-43.88582526670157, -2]
202	[-43.88582526670157, -2]
202	[-43.88582526670157, -2]
202	[-43.88582526670157, -2]
202	[-43.88582526670157, -2]
202	[-43.88582526670157, -2]
202	[-43.88582526670157, -2]
202	[-43.88582526670157, -2]
202	[-43.88582526670157, -2]
202	[-43.88582526670157, -2]
202	[-43.88582526670157, -2]
202	[-43.88582526670157, -2]
202	[-43.88582526670157, -2]
202	[-43.88582526670157, -2]
202	[-43.88582526670157, -2]
202	[-43.88582526670157, -2]
202	[-43.88582526670157, -2]
202	[-43.88582526670157, -2]
202	[-43.88582526670157, -2]
202	[-43.88582526670157, -2]
202	[-43.88582526670157, -2]
202	[-43.88582526670157, -2]
202	[-43.88582526670157, -2]
202	[-43.88582526670157, -2]
202	[-43.88582526670157, -2]
202	[-43.88582526670157, -2]
202	[-43.88582526670157, -2]
202	[-43.88582526670157, -2]
202	[-43.88582526670157, -2]
202	[-43.88582526670157, -2]
202	[-43.88582526670157, -2]
202	[-43.88582526670157, -2]
202	[-43.88582526670157, -2]
202	[-43.88582526670157, -2]
202	[-43.88582526670157, -2]
202	[-43.88582526670157, -2]
202	[-43.88582526670157, -2]
202	[-43.88582526670157, -2]
203	[-57.90793103576729, 0]
203	[-43.88582526670157, -2]
203	[-43.88582526670157, -2]
203	[-43.88582526670157, -2]
203	[-43.88582526670157, -2]
203	[-43.88582526670157, -2]
203	[-43.88582526670157, -2]
203	[-43.88582526670157, -2]
203	[-43.88582526670157, -2]
203	[-43.88582526670157, -2]
203	[-43.88582526670157, -2]
203	[-43.88582526670157, -2]
203	[-43.88582526670157, -2]
203	[-43.88582526670157, -2]
203	[-43.88582526670157, -2]
203	[-43.88582526670157, -2]
203	[-43.88582526670157, -2]
203	[-43.88582526670157, -2]
203	[-43.88582526670157, -2]
203	[-43.88582526670157, -2]
203	[-43.88582526670157, -2]
203	[-43.88582526670157, -2]
203	[-43.88582526670157, -2]
203	[-43.88582526670157, -2]
203	[-43.88582526670157, -2]
203	[-43.88582526670157, -2]
203	[-43.88582526670157, -2]
203	[-43.88582526670157, -2]
203	[-43.88582526670157, -2]
203	[-43.88582526670157, -2]
203	[-43.88582526670157, -2]
203	[-43.88582526670157, -2]
203	[-43.88582526670157, -2]
203	[-43.88582526670157, -2]
203	[-43.88582526670157, -2]
203	[-43.88582526670157, -2]
203	[-43.88582526670157, -2]
203	[-43.88582526670157, -2]
203	[-43.88582526670157, -2]
203	[-43.88582526670157, -2]
203	[-43.88582526670157, -2]
203	[-43.88582526670157, -2]
203	[-43.88582526670157, -2]
203	[-43.88582526670157, -2]
203	[-43.88582526670157, -2]
203	[-43.88582526670157, -2]
203	[-43.88582526670157, -2]
203	[-43.88582526670157, -2]
203	[-43.88582526670157, -2]
203	[-43.88582526670157, -2]
203	[-43.88582526670157, -2]
203	[-43.88582526670157, -2]
203	[-43.88582526670157, -2]
203	[-43.88582526670157, -2]
203	[-43.88582526670157, -2]
203	[-43.88582526670157, -2]
203	[-43.88582526670157, -2]
203	[-43.88582526670157, -2]
203	[-43.88582526670157, -2]
203	[-43.88582526670157, -2]
203	[-43.88582526670157, -2]
203	[-43.88582526670157, -2]
203	[-43.88582526670157, -2]
203	[-43.88582526670157, -2]
203	[-43.88582526670157, -2]
203	[-43.88582526670157, -2]
203	[-43.88582526670157, -2]
203	[-43.88582526670157, -2]
203	[-43.88582526670157, -2]
203	[-43.88582526670157, -2]
203	[-43.88582526670157, -2]
203	[-43.88582526670157, -2]
203	[-43.88582526670157, -2]
203	[-43.88582526670157, -2]
203	[-43.88582526670157, -2]
203	[-43.88582526670157, -2]
203	[-43.88582526670157, -2]
203	[-43.88582526670157, -2]
203	[-43.88582526670157, -2]
203	[-43.88582526670157, -2]
204	[-57.90793103576729, 0]
204	[-43.88582526670157, -2]
204	[-43.88582526670157, -2]
204	[-43.88582526670157, -2]
204	[-43.88582526670157, -2]
204	[-43.88582526670157, -2]
204	[-43.88582526670157, -2]
204	[-43.88582526670157, -2]
204	[-43.88582526670157, -2]
204	[-43.88582526670157, -2]
204	[-43.88582526670157, -2]
204	[-43.88582526670157, -2]
204	[-43.88582526670157, -2]
204	[-43.88582526670157, -2]
204	[-43.88582526670157, -2]
204	[-43.88582526670157, -2]
204	[-43.88582526670157, -2]
204	[-43.88582526670157, -2]
204	[-43.88582526670157, -2]
204	[-43.88582526670157, -2]
204	[-43.88582526670157, -2]
204	[-43.88582526670157, -2]
204	[-43.88582526670157, -2]
204	[-43.88582526670157, -2]
204	[-43.88582526670157, -2]
204	[-43.88582526670157, -2]
204	[-43.88582526670157, -2]
204	[-43.88582526670157, -2]
204	[-43.88582526670157, -2]
204	[-43.88582526670157, -2]
204	[-43.88582526670157, -2]
204	[-43.88582526670157, -2]
204	[-43.88582526670157, -2]
204	[-43.88582526670157, -2]
204	[-43.88582526670157, -2]
204	[-43.88582526670157, -2]
204	[-43.88582526670157, -2]
204	[-43.88582526670157, -2]
204	[-43.88582526670157, -2]
204	[-43.88582526670157, -2]
204	[-43.88582526670157, -2]
204	[-43.88582526670157, -2]
204	[-43.88582526670157, -2]
204	[-43.88582526670157, -2]
204	[-43.88582526670157, -2]
204	[-43.88582526670157, -2]
204	[-43.88582526670157, -2]
204	[-43.88582526670157, -2]
204	[-43.88582526670157, -2]
204	[-43.88582526670157, -2]
204	[-43.88582526670157, -2]
204	[-43.88582526670157, -2]
204	[-43.88582526670157, -2]
204	[-43.88582526670157, -2]
204	[-43.88582526670157, -2]
204	[-43.88582526670157, -2]
204	[-43.88582526670157, -2]
204	[-43.88582526670157, -2]
204	[-43.88582526670157, -2]
204	[-43.88582526670157, -2]
204	[-43.88582526670157, -2]
204	[-43.88582526670157, -2]
204	[-43.88582526670157, -2]
204	[-43.88582526670157, -2]
204	[-43.88582526670157, -2]
204	[-43.88582526670157, -2]
204	[-43.88582526670157, -2]
204	[-43.88582526670157, -2]
204	[-43.88582526670157, -2]
204	[-43.88582526670157, -2]
204	[-43.88582526670157, -2]
204	[-43.88582526670157, -2]
204	[-43.88582526670157, -2]
204	[-43.88582526670157, -2]
204	[-43.88582526670157, -2]
204	[-43.88582526670157, -2]
204	[-43.88582526670157, -2]
204	[-43.88582526670157, -2]
204	[-43.88582526670157, -2]
204	[-43.88582526670157, -2]
205	[-57.90793103576729, 0]
205	[-43.88582526670157, -2]
205	[-43.88582526670157, -2]
205	[-43.88582526670157, -2]
205	[-43.88582526670157, -2]
205	[-43.88582526670157, -2]
205	[-43.88582526670157, -2]
205	[-43.88582526670157, -2]
205	[-43.88582526670157, -2]
205	[-43.88582526670157, -2]
205	[-43.88582526670157, -2]
205	[-43.88582526670157, -2]
205	[-43.88582526670157, -2]
205	[-43.88582526670157, -2]
205	[-43.88582526670157, -2]
205	[-43.88582526670157, -2]
205	[-43.88582526670157, -2]
205	[-43.88582526670157, -2]
205	[-43.88582526670157, -2]
205	[-43.88582526670157, -2]
205	[-43.88582526670157, -2]
205	[-43.88582526670157, -2]
205	[-43.88582526670157, -2]
205	[-43.88582526670157, -2]
205	[-43.88582526670157, -2]
205	[-43.88582526670157, -2]
205	[-43.88582526670157, -2]
205	[-43.88582526670157, -2]
205	[-43.88582526670157, -2]
205	[-43.88582526670157, -2]
205	[-43.88582526670157, -2]
205	[-43.88582526670157, -2]
205	[-43.88582526670157, -2]
205	[-43.88582526670157, -2]
205	[-43.88582526670157, -2]
205	[-43.88582526670157, -2]
205	[-43.88582526670157, -2]
205	[-43.88582526670157, -2]
205	[-43.88582526670157, -2]
205	[-43.88582526670157, -2]
205	[-43.88582526670157, -2]
205	[-43.88582526670157, -2]
205	[-43.88582526670157, -2]
205	[-43.88582526670157, -2]
205	[-43.88582526670157, -2]
205	[-43.88582526670157, -2]
205	[-43.88582526670157, -2]
205	[-43.88582526670157, -2]
205	[-43.88582526670157, -2]
205	[-43.88582526670157, -2]
205	[-43.88582526670157, -2]
205	[-43.88582526670157, -2]
205	[-43.88582526670157, -2]
205	[-43.88582526670157, -2]
205	[-43.88582526670157, -2]
205	[-43.88582526670157, -2]
205	[-43.88582526670157, -2]
205	[-43.88582526670157, -2]
205	[-43.88582526670157, -2]
205	[-43.88582526670157, -2]
205	[-43.88582526670157, -2]
205	[-43.88582526670157, -2]
205	[-43.88582526670157, -2]
205	[-43.88582526670157, -2]
205	[-43.88582526670157, -2]
205	[-43.88582526670157, -2]
205	[-43.88582526670157, -2]
205	[-43.88582526670157, -2]
205	[-43.88582526670157, -2]
205	[-43.88582526670157, -2]
205	[-43.88582526670157, -2]
205	[-43.88582526670157, -2]
205	[-43.88582526670157, -2]
205	[-43.88582526670157, -2]
205	[-43.88582526670157, -2]
205	[-43.88582526670157, -2]
205	[-43.88582526670157, -2]
205	[-43.88582526670157, -2]
205	[-43.88582526670157, -2]
205	[-43.88582526670157, -2]
206	[-57.90793103576729, 0]
206	[-43.88582526670157, -2]
206	[-43.88582526670157, -2]
206	[-43.88582526670157, -2]
206	[-43.88582526670157, -2]
206	[-43.88582526670157, -2]
206	[-43.88582526670157, -2]
206	[-43.88582526670157, -2]
206	[-43.88582526670157, -2]
206	[-43.88582526670157, -2]
206	[-43.88582526670157, -2]
206	[-43.88582526670157, -2]
206	[-43.88582526670157, -2]
206	[-43.88582526670157, -2]
206	[-43.88582526670157, -2]
206	[-43.88582526670157, -2]
206	[-43.88582526670157, -2]
206	[-43.88582526670157, -2]
206	[-43.88582526670157, -2]
206	[-43.88582526670157, -2]
206	[-43.88582526670157, -2]
206	[-43.88582526670157, -2]
206	[-43.88582526670157, -2]
206	[-43.88582526670157, -2]
206	[-43.88582526670157, -2]
206	[-43.88582526670157, -2]
206	[-43.88582526670157, -2]
206	[-43.88582526670157, -2]
206	[-43.88582526670157, -2]
206	[-43.88582526670157, -2]
206	[-43.88582526670157, -2]
206	[-43.88582526670157, -2]
206	[-43.88582526670157, -2]
206	[-43.88582526670157, -2]
206	[-43.88582526670157, -2]
206	[-43.88582526670157, -2]
206	[-43.88582526670157, -2]
206	[-43.88582526670157, -2]
206	[-43.88582526670157, -2]
206	[-43.88582526670157, -2]
206	[-43.88582526670157, -2]
206	[-43.88582526670157, -2]
206	[-43.88582526670157, -2]
206	[-43.88582526670157, -2]
206	[-43.88582526670157, -2]
206	[-43.88582526670157, -2]
206	[-43.88582526670157, -2]
206	[-43.88582526670157, -2]
206	[-43.88582526670157, -2]
206	[-43.88582526670157, -2]
206	[-43.88582526670157, -2]
206	[-43.88582526670157, -2]
206	[-43.88582526670157, -2]
206	[-43.88582526670157, -2]
206	[-43.88582526670157, -2]
206	[-43.88582526670157, -2]
206	[-43.88582526670157, -2]
206	[-43.88582526670157, -2]
206	[-43.88582526670157, -2]
206	[-43.88582526670157, -2]
206	[-43.88582526670157, -2]
206	[-43.88582526670157, -2]
206	[-43.88582526670157, -2]
206	[-43.88582526670157, -2]
206	[-43.88582526670157, -2]
206	[-43.88582526670157, -2]
206	[-43.88582526670157, -2]
206	[-43.88582526670157, -2]
206	[-43.88582526670157, -2]
206	[-43.88582526670157, -2]
206	[-43.88582526670157, -2]
206	[-43.88582526670157, -2]
206	[-43.88582526670157, -2]
206	[-43.88582526670157, -2]
206	[-43.88582526670157, -2]
206	[-43.88582526670157, -2]
206	[-43.88582526670157, -2]
206	[-43.88582526670157, -2]
206	[-43.88582526670157, -2]
206	[-43.88582526670157, -2]
207	[-57.90793103576729, 0]
207	[-43.88582526670157, -2]
207	[-43.88582526670157, -2]
207	[-43.88582526670157, -2]
207	[-43.88582526670157, -2]
207	[-43.88582526670157, -2]
207	[-43.88582526670157, -2]
207	[-43.88582526670157, -2]
207	[-43.88582526670157, -2]
207	[-43.88582526670157, -2]
207	[-43.88582526670157, -2]
207	[-43.88582526670157, -2]
207	[-43.88582526670157, -2]
207	[-43.88582526670157, -2]
207	[-43.88582526670157, -2]
207	[-43.88582526670157, -2]
207	[-43.88582526670157, -2]
207	[-43.88582526670157, -2]
207	[-43.88582526670157, -2]
207	[-43.88582526670157, -2]
207	[-43.88582526670157, -2]
207	[-43.88582526670157, -2]
207	[-43.88582526670157, -2]
207	[-43.88582526670157, -2]
207	[-43.88582526670157, -2]
207	[-43.88582526670157, -2]
207	[-43.88582526670157, -2]
207	[-43.88582526670157, -2]
207	[-43.88582526670157, -2]
207	[-43.88582526670157, -2]
207	[-43.88582526670157, -2]
207	[-43.88582526670157, -2]
207	[-43.88582526670157, -2]
207	[-43.88582526670157, -2]
207	[-43.88582526670157, -2]
207	[-43.88582526670157, -2]
207	[-43.88582526670157, -2]
207	[-43.88582526670157, -2]
207	[-43.88582526670157, -2]
207	[-43.88582526670157, -2]
207	[-43.88582526670157, -2]
207	[-43.88582526670157, -2]
207	[-43.88582526670157, -2]
207	[-43.88582526670157, -2]
207	[-43.88582526670157, -2]
207	[-43.88582526670157, -2]
207	[-43.88582526670157, -2]
207	[-43.88582526670157, -2]
207	[-43.88582526670157, -2]
207	[-43.88582526670157, -2]
207	[-43.88582526670157, -2]
207	[-43.88582526670157, -2]
207	[-43.88582526670157, -2]
207	[-43.88582526670157, -2]
207	[-43.88582526670157, -2]
207	[-43.88582526670157, -2]
207	[-43.88582526670157, -2]
207	[-43.88582526670157, -2]
207	[-43.88582526670157, -2]
207	[-43.88582526670157, -2]
207	[-43.88582526670157, -2]
207	[-43.88582526670157, -2]
207	[-43.88582526670157, -2]
207	[-43.88582526670157, -2]
207	[-43.88582526670157, -2]
207	[-43.88582526670157, -2]
207	[-43.88582526670157, -2]
207	[-43.88582526670157, -2]
207	[-43.88582526670157, -2]
207	[-43.88582526670157, -2]
207	[-43.88582526670157, -2]
207	[-43.88582526670157, -2]
207	[-43.88582526670157, -2]
207	[-43.88582526670157, -2]
207	[-43.88582526670157, -2]
207	[-43.88582526670157, -2]
207	[-43.88582526670157, -2]
207	[-43.88582526670157, -2]
207	[-43.88582526670157, -2]
207	[-43.88582526670157, -2]
208	[-57.90793103576729, 0]
208	[-43.88582526670157, -2]
208	[-43.88582526670157, -2]
208	[-43.88582526670157, -2]
208	[-43.88582526670157, -2]
208	[-43.88582526670157, -2]
208	[-43.88582526670157, -2]
208	[-43.88582526670157, -2]
208	[-43.88582526670157, -2]
208	[-43.88582526670157, -2]
208	[-43.88582526670157, -2]
208	[-43.88582526670157, -2]
208	[-43.88582526670157, -2]
208	[-43.88582526670157, -2]
208	[-43.88582526670157, -2]
208	[-43.88582526670157, -2]
208	[-43.88582526670157, -2]
208	[-43.88582526670157, -2]
208	[-43.88582526670157, -2]
208	[-43.88582526670157, -2]
208	[-43.88582526670157, -2]
208	[-43.88582526670157, -2]
208	[-43.88582526670157, -2]
208	[-43.88582526670157, -2]
208	[-43.88582526670157, -2]
208	[-43.88582526670157, -2]
208	[-43.88582526670157, -2]
208	[-43.88582526670157, -2]
208	[-43.88582526670157, -2]
208	[-43.88582526670157, -2]
208	[-43.88582526670157, -2]
208	[-43.88582526670157, -2]
208	[-43.88582526670157, -2]
208	[-43.88582526670157, -2]
208	[-43.88582526670157, -2]
208	[-43.88582526670157, -2]
208	[-43.88582526670157, -2]
208	[-43.88582526670157, -2]
208	[-43.88582526670157, -2]
208	[-43.88582526670157, -2]
208	[-43.88582526670157, -2]
208	[-43.88582526670157, -2]
208	[-43.88582526670157, -2]
208	[-43.88582526670157, -2]
208	[-43.88582526670157, -2]
208	[-43.88582526670157, -2]
208	[-43.88582526670157, -2]
208	[-43.88582526670157, -2]
208	[-43.88582526670157, -2]
208	[-43.88582526670157, -2]
208	[-43.88582526670157, -2]
208	[-43.88582526670157, -2]
208	[-43.88582526670157, -2]
208	[-43.88582526670157, -2]
208	[-43.88582526670157, -2]
208	[-43.88582526670157, -2]
208	[-43.88582526670157, -2]
208	[-43.88582526670157, -2]
208	[-43.88582526670157, -2]
208	[-43.88582526670157, -2]
208	[-43.88582526670157, -2]
208	[-43.88582526670157, -2]
208	[-43.88582526670157, -2]
208	[-43.88582526670157, -2]
208	[-43.88582526670157, -2]
208	[-43.88582526670157, -2]
208	[-43.88582526670157, -2]
208	[-43.88582526670157, -2]
208	[-43.88582526670157, -2]
208	[-43.88582526670157, -2]
208	[-43.88582526670157, -2]
208	[-43.88582526670157, -2]
208	[-43.88582526670157, -2]
208	[-43.88582526670157, -2]
208	[-43.88582526670157, -2]
208	[-43.88582526670157, -2]
208	[-43.88582526670157, -2]
208	[-43.88582526670157, -2]
208	[-43.88582526670157, -2]
208	[-43.88582526670157, -2]
209	[-57.90793103576729, 0]
209	[-43.88582526670157, -2]
209	[-43.88582526670157, -2]
209	[-43.88582526670157, -2]
209	[-43.88582526670157, -2]
209	[-43.88582526670157, -2]
209	[-43.88582526670157, -2]
209	[-43.88582526670157, -2]
209	[-43.88582526670157, -2]
209	[-43.88582526670157, -2]
209	[-43.88582526670157, -2]
209	[-43.88582526670157, -2]
209	[-43.88582526670157, -2]
209	[-43.88582526670157, -2]
209	[-43.88582526670157, -2]
209	[-43.88582526670157, -2]
209	[-43.88582526670157, -2]
209	[-43.88582526670157, -2]
209	[-43.88582526670157, -2]
209	[-43.88582526670157, -2]
209	[-43.88582526670157, -2]
209	[-43.88582526670157, -2]
209	[-43.88582526670157, -2]
209	[-43.88582526670157, -2]
209	[-43.88582526670157, -2]
209	[-43.88582526670157, -2]
209	[-43.88582526670157, -2]
209	[-43.88582526670157, -2]
209	[-43.88582526670157, -2]
209	[-43.88582526670157, -2]
209	[-43.88582526670157, -2]
209	[-43.88582526670157, -2]
209	[-43.88582526670157, -2]
209	[-43.88582526670157, -2]
209	[-43.88582526670157, -2]
209	[-43.88582526670157, -2]
209	[-43.88582526670157, -2]
209	[-43.88582526670157, -2]
209	[-43.88582526670157, -2]
209	[-43.88582526670157, -2]
209	[-43.88582526670157, -2]
209	[-43.88582526670157, -2]
209	[-43.88582526670157, -2]
209	[-43.88582526670157, -2]
209	[-43.88582526670157, -2]
209	[-43.88582526670157, -2]
209	[-43.88582526670157, -2]
209	[-43.88582526670157, -2]
209	[-43.88582526670157, -2]
209	[-43.88582526670157, -2]
209	[-43.88582526670157, -2]
209	[-43.88582526670157, -2]
209	[-43.88582526670157, -2]
209	[-43.88582526670157, -2]
209	[-43.88582526670157, -2]
209	[-43.88582526670157, -2]
209	[-43.88582526670157, -2]
209	[-43.88582526670157, -2]
209	[-43.88582526670157, -2]
209	[-43.88582526670157, -2]
209	[-43.88582526670157, -2]
209	[-43.88582526670157, -2]
209	[-43.88582526670157, -2]
209	[-43.88582526670157, -2]
209	[-43.88582526670157, -2]
209	[-43.88582526670157, -2]
209	[-43.88582526670157, -2]
209	[-43.88582526670157, -2]
209	[-43.88582526670157, -2]
209	[-43.88582526670157, -2]
209	[-43.88582526670157, -2]
209	[-43.88582526670157, -2]
209	[-43.88582526670157, -2]
209	[-43.88582526670157, -2]
209	[-43.88582526670157, -2]
209	[-43.88582526670157, -2]
209	[-43.88582526670157, -2]
209	[-43.88582526670157, -2]
209	[-43.88582526670157, -2]
209	[-43.88582526670157, -2]
210	[-57.90793103576729, 0]
210	[-43.88582526670157, -2]
210	[-43.88582526670157, -2]
210	[-43.88582526670157, -2]
210	[-43.88582526670157, -2]
210	[-43.88582526670157, -2]
210	[-43.88582526670157, -2]
210	[-43.88582526670157, -2]
210	[-43.88582526670157, -2]
210	[-43.88582526670157, -2]
210	[-43.88582526670157, -2]
210	[-43.88582526670157, -2]
210	[-43.88582526670157, -2]
210	[-43.88582526670157, -2]
210	[-43.88582526670157, -2]
210	[-43.88582526670157, -2]
210	[-43.88582526670157, -2]
210	[-43.88582526670157, -2]
210	[-43.88582526670157, -2]
210	[-43.88582526670157, -2]
210	[-43.88582526670157, -2]
210	[-43.88582526670157, -2]
210	[-43.88582526670157, -2]
210	[-43.88582526670157, -2]
210	[-43.88582526670157, -2]
210	[-43.88582526670157, -2]
210	[-43.88582526670157, -2]
210	[-43.88582526670157, -2]
210	[-43.88582526670157, -2]
210	[-43.88582526670157, -2]
210	[-43.88582526670157, -2]
210	[-43.88582526670157, -2]
210	[-43.88582526670157, -2]
210	[-43.88582526670157, -2]
210	[-43.88582526670157, -2]
210	[-43.88582526670157, -2]
210	[-43.88582526670157, -2]
210	[-43.88582526670157, -2]
210	[-43.88582526670157, -2]
210	[-43.88582526670157, -2]
210	[-43.88582526670157, -2]
210	[-43.88582526670157, -2]
210	[-43.88582526670157, -2]
210	[-43.88582526670157, -2]
210	[-43.88582526670157, -2]
210	[-43.88582526670157, -2]
210	[-43.88582526670157, -2]
210	[-43.88582526670157, -2]
210	[-43.88582526670157, -2]
210	[-43.88582526670157, -2]
210	[-43.88582526670157, -2]
210	[-43.88582526670157, -2]
210	[-43.88582526670157, -2]
210	[-43.88582526670157, -2]
210	[-43.88582526670157, -2]
210	[-43.88582526670157, -2]
210	[-43.88582526670157, -2]
210	[-43.88582526670157, -2]
210	[-43.88582526670157, -2]
210	[-43.88582526670157, -2]
210	[-43.88582526670157, -2]
210	[-43.88582526670157, -2]
210	[-43.88582526670157, -2]
210	[-43.88582526670157, -2]
210	[-43.88582526670157, -2]
210	[-43.88582526670157, -2]
210	[-43.88582526670157, -2]
210	[-43.88582526670157, -2]
210	[-43.88582526670157, -2]
210	[-43.88582526670157, -2]
210	[-43.88582526670157, -2]
210	[-43.88582526670157, -2]
210	[-43.88582526670157, -2]
210	[-43.88582526670157, -2]
210	[-43.88582526670157, -2]
210	[-43.88582526670157, -2]
210	[-43.88582526670157, -2]
210	[-43.88582526670157, -2]
210	[-43.88582526670157, -2]
210	[-43.88582526670157, -2]
211	[-57.90793103576729, 0]
211	[-43.88582526670157, -2]
211	[-43.88582526670157, -2]
211	[-43.88582526670157, -2]
211	[-43.88582526670157, -2]
211	[-43.88582526670157, -2]
211	[-43.88582526670157, -2]
211	[-43.88582526670157, -2]
211	[-43.88582526670157, -2]
211	[-43.88582526670157, -2]
211	[-43.88582526670157, -2]
211	[-43.88582526670157, -2]
211	[-43.88582526670157, -2]
211	[-43.88582526670157, -2]
211	[-43.88582526670157, -2]
211	[-43.88582526670157, -2]
211	[-43.88582526670157, -2]
211	[-43.88582526670157, -2]
211	[-43.88582526670157, -2]
211	[-43.88582526670157, -2]
211	[-43.88582526670157, -2]
211	[-43.88582526670157, -2]
211	[-43.88582526670157, -2]
211	[-43.88582526670157, -2]
211	[-43.88582526670157, -2]
211	[-43.88582526670157, -2]
211	[-43.88582526670157, -2]
211	[-43.88582526670157, -2]
211	[-43.88582526670157, -2]
211	[-43.88582526670157, -2]
211	[-43.88582526670157, -2]
211	[-43.88582526670157, -2]
211	[-43.88582526670157, -2]
211	[-43.88582526670157, -2]
211	[-43.88582526670157, -2]
211	[-43.88582526670157, -2]
211	[-43.88582526670157, -2]
211	[-43.88582526670157, -2]
211	[-43.88582526670157, -2]
211	[-43.88582526670157, -2]
211	[-43.88582526670157, -2]
211	[-43.88582526670157, -2]
211	[-43.88582526670157, -2]
211	[-43.88582526670157, -2]
211	[-43.88582526670157, -2]
211	[-43.88582526670157, -2]
211	[-43.88582526670157, -2]
211	[-43.88582526670157, -2]
211	[-43.88582526670157, -2]
211	[-43.88582526670157, -2]
211	[-43.88582526670157, -2]
211	[-43.88582526670157, -2]
211	[-43.88582526670157, -2]
211	[-43.88582526670157, -2]
211	[-43.88582526670157, -2]
211	[-43.88582526670157, -2]
211	[-43.88582526670157, -2]
211	[-43.88582526670157, -2]
211	[-43.88582526670157, -2]
211	[-43.88582526670157, -2]
211	[-43.88582526670157, -2]
211	[-43.88582526670157, -2]
211	[-43.88582526670157, -2]
211	[-43.88582526670157, -2]
211	[-43.88582526670157, -2]
211	[-43.88582526670157, -2]
211	[-43.88582526670157, -2]
211	[-43.88582526670157, -2]
211	[-43.88582526670157, -2]
211	[-43.88582526670157, -2]
211	[-43.88582526670157, -2]
211	[-43.88582526670157, -2]
211	[-43.88582526670157, -2]
211	[-43.88582526670157, -2]
211	[-43.88582526670157, -2]
211	[-43.88582526670157, -2]
211	[-43.88582526670157, -2]
211	[-43.88582526670157, -2]
211	[-43.88582526670157, -2]
211	[-43.88582526670157, -2]
212	[-57.90793103576729, 0]
212	[-43.88582526670157, -2]
212	[-43.88582526670157, -2]
212	[-43.88582526670157, -2]
212	[-43.88582526670157, -2]
212	[-43.88582526670157, -2]
212	[-43.88582526670157, -2]
212	[-43.88582526670157, -2]
212	[-43.88582526670157, -2]
212	[-43.88582526670157, -2]
212	[-43.88582526670157, -2]
212	[-43.88582526670157, -2]
212	[-43.88582526670157, -2]
212	[-43.88582526670157, -2]
212	[-43.88582526670157, -2]
212	[-43.88582526670157, -2]
212	[-43.88582526670157, -2]
212	[-43.88582526670157, -2]
212	[-43.88582526670157, -2]
212	[-43.88582526670157, -2]
212	[-43.88582526670157, -2]
212	[-43.88582526670157, -2]
212	[-43.88582526670157, -2]
212	[-43.88582526670157, -2]
212	[-43.88582526670157, -2]
212	[-43.88582526670157, -2]
212	[-43.88582526670157, -2]
212	[-43.88582526670157, -2]
212	[-43.88582526670157, -2]
212	[-43.88582526670157, -2]
212	[-43.88582526670157, -2]
212	[-43.88582526670157, -2]
212	[-43.88582526670157, -2]
212	[-43.88582526670157, -2]
212	[-43.88582526670157, -2]
212	[-43.88582526670157, -2]
212	[-43.88582526670157, -2]
212	[-43.88582526670157, -2]
212	[-43.88582526670157, -2]
212	[-43.88582526670157, -2]
212	[-43.88582526670157, -2]
212	[-43.88582526670157, -2]
212	[-43.88582526670157, -2]
212	[-43.88582526670157, -2]
212	[-43.88582526670157, -2]
212	[-43.88582526670157, -2]
212	[-43.88582526670157, -2]
212	[-43.88582526670157, -2]
212	[-43.88582526670157, -2]
212	[-43.88582526670157, -2]
212	[-43.88582526670157, -2]
212	[-43.88582526670157, -2]
212	[-43.88582526670157, -2]
212	[-43.88582526670157, -2]
212	[-43.88582526670157, -2]
212	[-43.88582526670157, -2]
212	[-43.88582526670157, -2]
212	[-43.88582526670157, -2]
212	[-43.88582526670157, -2]
212	[-43.88582526670157, -2]
212	[-43.88582526670157, -2]
212	[-43.88582526670157, -2]
212	[-43.88582526670157, -2]
212	[-43.88582526670157, -2]
212	[-43.88582526670157, -2]
212	[-43.88582526670157, -2]
212	[-43.88582526670157, -2]
212	[-43.88582526670157, -2]
212	[-43.88582526670157, -2]
212	[-43.88582526670157, -2]
212	[-43.88582526670157, -2]
212	[-43.88582526670157, -2]
212	[-43.88582526670157, -2]
212	[-43.88582526670157, -2]
212	[-43.88582526670157, -2]
212	[-43.88582526670157, -2]
212	[-43.88582526670157, -2]
212	[-43.88582526670157, -2]
212	[-43.88582526670157, -2]
212	[-43.88582526670157, -2]
213	[-57.90793103576729, 0]
213	[-43.88582526670157, -2]
213	[-43.88582526670157, -2]
213	[-43.88582526670157, -2]
213	[-43.88582526670157, -2]
213	[-43.88582526670157, -2]
213	[-43.88582526670157, -2]
213	[-43.88582526670157, -2]
213	[-43.88582526670157, -2]
213	[-43.88582526670157, -2]
213	[-43.88582526670157, -2]
213	[-43.88582526670157, -2]
213	[-43.88582526670157, -2]
213	[-43.88582526670157, -2]
213	[-43.88582526670157, -2]
213	[-43.88582526670157, -2]
213	[-43.88582526670157, -2]
213	[-43.88582526670157, -2]
213	[-43.88582526670157, -2]
213	[-43.88582526670157, -2]
213	[-43.88582526670157, -2]
213	[-43.88582526670157, -2]
213	[-43.88582526670157, -2]
213	[-43.88582526670157, -2]
213	[-43.88582526670157, -2]
213	[-43.88582526670157, -2]
213	[-43.88582526670157, -2]
213	[-43.88582526670157, -2]
213	[-43.88582526670157, -2]
213	[-43.88582526670157, -2]
213	[-43.88582526670157, -2]
213	[-43.88582526670157, -2]
213	[-43.88582526670157, -2]
213	[-43.88582526670157, -2]
213	[-43.88582526670157, -2]
213	[-43.88582526670157, -2]
213	[-43.88582526670157, -2]
213	[-43.88582526670157, -2]
213	[-43.88582526670157, -2]
213	[-43.88582526670157, -2]
213	[-43.88582526670157, -2]
213	[-43.88582526670157, -2]
213	[-43.88582526670157, -2]
213	[-43.88582526670157, -2]
213	[-43.88582526670157, -2]
213	[-43.88582526670157, -2]
213	[-43.88582526670157, -2]
213	[-43.88582526670157, -2]
213	[-43.88582526670157, -2]
213	[-43.88582526670157, -2]
213	[-43.88582526670157, -2]
213	[-43.88582526670157, -2]
213	[-43.88582526670157, -2]
213	[-43.88582526670157, -2]
213	[-43.88582526670157, -2]
213	[-43.88582526670157, -2]
213	[-43.88582526670157, -2]
213	[-43.88582526670157, -2]
213	[-43.88582526670157, -2]
213	[-43.88582526670157, -2]
213	[-43.88582526670157, -2]
213	[-43.88582526670157, -2]
213	[-43.88582526670157, -2]
213	[-43.88582526670157, -2]
213	[-43.88582526670157, -2]
213	[-43.88582526670157, -2]
213	[-43.88582526670157, -2]
213	[-43.88582526670157, -2]
213	[-43.88582526670157, -2]
213	[-43.88582526670157, -2]
213	[-43.88582526670157, -2]
213	[-43.88582526670157, -2]
213	[-43.88582526670157, -2]
213	[-43.88582526670157, -2]
213	[-43.88582526670157, -2]
213	[-43.88582526670157, -2]
213	[-43.88582526670157, -2]
213	[-43.88582526670157, -2]
213	[-43.88582526670157, -2]
213	[-43.88582526670157, -2]
214	[-57.90793103576729, 0]
214	[-43.88582526670157, -2]
214	[-43.88582526670157, -2]
214	[-43.88582526670157, -2]
214	[-43.88582526670157, -2]
214	[-43.88582526670157, -2]
214	[-43.88582526670157, -2]
214	[-43.88582526670157, -2]
214	[-43.88582526670157, -2]
214	[-43.88582526670157, -2]
214	[-43.88582526670157, -2]
214	[-43.88582526670157, -2]
214	[-43.88582526670157, -2]
214	[-43.88582526670157, -2]
214	[-43.88582526670157, -2]
214	[-43.88582526670157, -2]
214	[-43.88582526670157, -2]
214	[-43.88582526670157, -2]
214	[-43.88582526670157, -2]
214	[-43.88582526670157, -2]
214	[-43.88582526670157, -2]
214	[-43.88582526670157, -2]
214	[-43.88582526670157, -2]
214	[-43.88582526670157, -2]
214	[-43.88582526670157, -2]
214	[-43.88582526670157, -2]
214	[-43.88582526670157, -2]
214	[-43.88582526670157, -2]
214	[-43.88582526670157, -2]
214	[-43.88582526670157, -2]
214	[-43.88582526670157, -2]
214	[-43.88582526670157, -2]
214	[-43.88582526670157, -2]
214	[-43.88582526670157, -2]
214	[-43.88582526670157, -2]
214	[-43.88582526670157, -2]
214	[-43.88582526670157, -2]
214	[-43.88582526670157, -2]
214	[-43.88582526670157, -2]
214	[-43.88582526670157, -2]
214	[-43.88582526670157, -2]
214	[-43.88582526670157, -2]
214	[-43.88582526670157, -2]
214	[-43.88582526670157, -2]
214	[-43.88582526670157, -2]
214	[-43.88582526670157, -2]
214	[-43.88582526670157, -2]
214	[-43.88582526670157, -2]
214	[-43.88582526670157, -2]
214	[-43.88582526670157, -2]
214	[-43.88582526670157, -2]
214	[-43.88582526670157, -2]
214	[-43.88582526670157, -2]
214	[-43.88582526670157, -2]
214	[-43.88582526670157, -2]
214	[-43.88582526670157, -2]
214	[-43.88582526670157, -2]
214	[-43.88582526670157, -2]
214	[-43.88582526670157, -2]
214	[-43.88582526670157, -2]
214	[-43.88582526670157, -2]
214	[-43.88582526670157, -2]
214	[-43.88582526670157, -2]
214	[-43.88582526670157, -2]
214	[-43.88582526670157, -2]
214	[-43.88582526670157, -2]
214	[-43.88582526670157, -2]
214	[-43.88582526670157, -2]
214	[-43.88582526670157, -2]
214	[-43.88582526670157, -2]
214	[-43.88582526670157, -2]
214	[-43.88582526670157, -2]
214	[-43.88582526670157, -2]
214	[-43.88582526670157, -2]
214	[-43.88582526670157, -2]
214	[-43.88582526670157, -2]
214	[-43.88582526670157, -2]
214	[-43.88582526670157, -2]
214	[-43.88582526670157, -2]
214	[-43.88582526670157, -2]
215	[-57.90793103576729, 0]
215	[-43.88582526670157, -2]
215	[-43.88582526670157, -2]
215	[-43.88582526670157, -2]
215	[-43.88582526670157, -2]
215	[-43.88582526670157, -2]
215	[-43.88582526670157, -2]
215	[-43.88582526670157, -2]
215	[-43.88582526670157, -2]
215	[-43.88582526670157, -2]
215	[-43.88582526670157, -2]
215	[-43.88582526670157, -2]
215	[-43.88582526670157, -2]
215	[-43.88582526670157, -2]
215	[-43.88582526670157, -2]
215	[-43.88582526670157, -2]
215	[-43.88582526670157, -2]
215	[-43.88582526670157, -2]
215	[-43.88582526670157, -2]
215	[-43.88582526670157, -2]
215	[-43.88582526670157, -2]
215	[-43.88582526670157, -2]
215	[-43.88582526670157, -2]
215	[-43.88582526670157, -2]
215	[-43.88582526670157, -2]
215	[-43.88582526670157, -2]
215	[-43.88582526670157, -2]
215	[-43.88582526670157, -2]
215	[-43.88582526670157, -2]
215	[-43.88582526670157, -2]
215	[-43.88582526670157, -2]
215	[-43.88582526670157, -2]
215	[-43.88582526670157, -2]
215	[-43.88582526670157, -2]
215	[-43.88582526670157, -2]
215	[-43.88582526670157, -2]
215	[-43.88582526670157, -2]
215	[-43.88582526670157, -2]
215	[-43.88582526670157, -2]
215	[-43.88582526670157, -2]
215	[-43.88582526670157, -2]
215	[-43.88582526670157, -2]
215	[-43.88582526670157, -2]
215	[-43.88582526670157, -2]
215	[-43.88582526670157, -2]
215	[-43.88582526670157, -2]
215	[-43.88582526670157, -2]
215	[-43.88582526670157, -2]
215	[-43.88582526670157, -2]
215	[-43.88582526670157, -2]
215	[-43.88582526670157, -2]
215	[-43.88582526670157, -2]
215	[-43.88582526670157, -2]
215	[-43.88582526670157, -2]
215	[-43.88582526670157, -2]
215	[-43.88582526670157, -2]
215	[-43.88582526670157, -2]
215	[-43.88582526670157, -2]
215	[-43.88582526670157, -2]
215	[-43.88582526670157, -2]
215	[-43.88582526670157, -2]
215	[-43.88582526670157, -2]
215	[-43.88582526670157, -2]
215	[-43.88582526670157, -2]
215	[-43.88582526670157, -2]
215	[-43.88582526670157, -2]
215	[-43.88582526670157, -2]
215	[-43.88582526670157, -2]
215	[-43.88582526670157, -2]
215	[-43.88582526670157, -2]
215	[-43.88582526670157, -2]
215	[-43.88582526670157, -2]
215	[-43.88582526670157, -2]
215	[-43.88582526670157, -2]
215	[-43.88582526670157, -2]
215	[-43.88582526670157, -2]
215	[-43.88582526670157, -2]
215	[-43.88582526670157, -2]
215	[-43.88582526670157, -2]
215	[-43.88582526670157, -2]
216	[-57.90793103576729, 0]
216	[-43.88582526670157, -2]
216	[-43.88582526670157, -2]
216	[-43.88582526670157, -2]
216	[-43.88582526670157, -2]
216	[-43.88582526670157, -2]
216	[-43.88582526670157, -2]
216	[-43.88582526670157, -2]
216	[-43.88582526670157, -2]
216	[-43.88582526670157, -2]
216	[-43.88582526670157, -2]
216	[-43.88582526670157, -2]
216	[-43.88582526670157, -2]
216	[-43.88582526670157, -2]
216	[-43.88582526670157, -2]
216	[-43.88582526670157, -2]
216	[-43.88582526670157, -2]
216	[-43.88582526670157, -2]
216	[-43.88582526670157, -2]
216	[-43.88582526670157, -2]
216	[-43.88582526670157, -2]
216	[-43.88582526670157, -2]
216	[-43.88582526670157, -2]
216	[-43.88582526670157, -2]
216	[-43.88582526670157, -2]
216	[-43.88582526670157, -2]
216	[-43.88582526670157, -2]
216	[-43.88582526670157, -2]
216	[-43.88582526670157, -2]
216	[-43.88582526670157, -2]
216	[-43.88582526670157, -2]
216	[-43.88582526670157, -2]
216	[-43.88582526670157, -2]
216	[-43.88582526670157, -2]
216	[-43.88582526670157, -2]
216	[-43.88582526670157, -2]
216	[-43.88582526670157, -2]
216	[-43.88582526670157, -2]
216	[-43.88582526670157, -2]
216	[-43.88582526670157, -2]
216	[-43.88582526670157, -2]
216	[-43.88582526670157, -2]
216	[-43.88582526670157, -2]
216	[-43.88582526670157, -2]
216	[-43.88582526670157, -2]
216	[-43.88582526670157, -2]
216	[-43.88582526670157, -2]
216	[-43.88582526670157, -2]
216	[-43.88582526670157, -2]
216	[-43.88582526670157, -2]
216	[-43.88582526670157, -2]
216	[-43.88582526670157, -2]
216	[-43.88582526670157, -2]
216	[-43.88582526670157, -2]
216	[-43.88582526670157, -2]
216	[-43.88582526670157, -2]
216	[-43.88582526670157, -2]
216	[-43.88582526670157, -2]
216	[-43.88582526670157, -2]
216	[-43.88582526670157, -2]
216	[-43.88582526670157, -2]
216	[-43.88582526670157, -2]
216	[-43.88582526670157, -2]
216	[-43.88582526670157, -2]
216	[-43.88582526670157, -2]
216	[-43.88582526670157, -2]
216	[-43.88582526670157, -2]
216	[-43.88582526670157, -2]
216	[-43.88582526670157, -2]
216	[-43.88582526670157, -2]
216	[-43.88582526670157, -2]
216	[-43.88582526670157, -2]
216	[-43.88582526670157, -2]
216	[-43.88582526670157, -2]
216	[-43.88582526670157, -2]
216	[-43.88582526670157, -2]
216	[-43.88582526670157, -2]
216	[-43.88582526670157, -2]
216	[-43.88582526670157, -2]
216	[-43.88582526670157, -2]
217	[-57.90793103576729, 0]
217	[-43.88582526670157, -2]
217	[-43.88582526670157, -2]
217	[-43.88582526670157, -2]
217	[-43.88582526670157, -2]
217	[-43.88582526670157, -2]
217	[-43.88582526670157, -2]
217	[-43.88582526670157, -2]
217	[-43.88582526670157, -2]
217	[-43.88582526670157, -2]
217	[-43.88582526670157, -2]
217	[-43.88582526670157, -2]
217	[-43.88582526670157, -2]
217	[-43.88582526670157, -2]
217	[-43.88582526670157, -2]
217	[-43.88582526670157, -2]
217	[-43.88582526670157, -2]
217	[-43.88582526670157, -2]
217	[-43.88582526670157, -2]
217	[-43.88582526670157, -2]
217	[-43.88582526670157, -2]
217	[-43.88582526670157, -2]
217	[-43.88582526670157, -2]
217	[-43.88582526670157, -2]
217	[-43.88582526670157, -2]
217	[-43.88582526670157, -2]
217	[-43.88582526670157, -2]
217	[-43.88582526670157, -2]
217	[-43.88582526670157, -2]
217	[-43.88582526670157, -2]
217	[-43.88582526670157, -2]
217	[-43.88582526670157, -2]
217	[-43.88582526670157, -2]
217	[-43.88582526670157, -2]
217	[-43.88582526670157, -2]
217	[-43.88582526670157, -2]
217	[-43.88582526670157, -2]
217	[-43.88582526670157, -2]
217	[-43.88582526670157, -2]
217	[-43.88582526670157, -2]
217	[-43.88582526670157, -2]
217	[-43.88582526670157, -2]
217	[-43.88582526670157, -2]
217	[-43.88582526670157, -2]
217	[-43.88582526670157, -2]
217	[-43.88582526670157, -2]
217	[-43.88582526670157, -2]
217	[-43.88582526670157, -2]
217	[-43.88582526670157, -2]
217	[-43.88582526670157, -2]
217	[-43.88582526670157, -2]
217	[-43.88582526670157, -2]
217	[-43.88582526670157, -2]
217	[-43.88582526670157, -2]
217	[-43.88582526670157, -2]
217	[-43.88582526670157, -2]
217	[-43.88582526670157, -2]
217	[-43.88582526670157, -2]
217	[-43.88582526670157, -2]
217	[-43.88582526670157, -2]
217	[-43.88582526670157, -2]
217	[-43.88582526670157, -2]
217	[-43.88582526670157, -2]
217	[-43.88582526670157, -2]
217	[-43.88582526670157, -2]
217	[-43.88582526670157, -2]
217	[-43.88582526670157, -2]
217	[-43.88582526670157, -2]
217	[-43.88582526670157, -2]
217	[-43.88582526670157, -2]
217	[-43.88582526670157, -2]
217	[-43.88582526670157, -2]
217	[-43.88582526670157, -2]
217	[-43.88582526670157, -2]
217	[-43.88582526670157, -2]
217	[-43.88582526670157, -2]
217	[-43.88582526670157, -2]
217	[-43.88582526670157, -2]
217	[-43.88582526670157, -2]
217	[-43.88582526670157, -2]
218	[-57.90793103576729, 0]
218	[-43.88582526670157, -2]
218	[-43.88582526670157, -2]
218	[-43.88582526670157, -2]
218	[-43.88582526670157, -2]
218	[-43.88582526670157, -2]
218	[-43.88582526670157, -2]
218	[-43.88582526670157, -2]
218	[-43.88582526670157, -2]
218	[-43.88582526670157, -2]
218	[-43.88582526670157, -2]
218	[-43.88582526670157, -2]
218	[-43.88582526670157, -2]
218	[-43.88582526670157, -2]
218	[-43.88582526670157, -2]
218	[-43.88582526670157, -2]
218	[-43.88582526670157, -2]
218	[-43.88582526670157, -2]
218	[-43.88582526670157, -2]
218	[-43.88582526670157, -2]
218	[-43.88582526670157, -2]
218	[-43.88582526670157, -2]
218	[-43.88582526670157, -2]
218	[-43.88582526670157, -2]
218	[-43.88582526670157, -2]
218	[-43.88582526670157, -2]
218	[-43.88582526670157, -2]
218	[-43.88582526670157, -2]
218	[-43.88582526670157, -2]
218	[-43.88582526670157, -2]
218	[-43.88582526670157, -2]
218	[-43.88582526670157, -2]
218	[-43.88582526670157, -2]
218	[-43.88582526670157, -2]
218	[-43.88582526670157, -2]
218	[-43.88582526670157, -2]
218	[-43.88582526670157, -2]
218	[-43.88582526670157, -2]
218	[-43.88582526670157, -2]
218	[-43.88582526670157, -2]
218	[-43.88582526670157, -2]
218	[-43.88582526670157, -2]
218	[-43.88582526670157, -2]
218	[-43.88582526670157, -2]
218	[-43.88582526670157, -2]
218	[-43.88582526670157, -2]
218	[-43.88582526670157, -2]
218	[-43.88582526670157, -2]
218	[-43.88582526670157, -2]
218	[-43.88582526670157, -2]
218	[-43.88582526670157, -2]
218	[-43.88582526670157, -2]
218	[-43.88582526670157, -2]
218	[-43.88582526670157, -2]
218	[-43.88582526670157, -2]
218	[-43.88582526670157, -2]
218	[-43.88582526670157, -2]
218	[-43.88582526670157, -2]
218	[-43.88582526670157, -2]
218	[-43.88582526670157, -2]
218	[-43.88582526670157, -2]
218	[-43.88582526670157, -2]
218	[-43.88582526670157, -2]
218	[-43.88582526670157, -2]
218	[-43.88582526670157, -2]
218	[-43.88582526670157, -2]
218	[-43.88582526670157, -2]
218	[-43.88582526670157, -2]
218	[-43.88582526670157, -2]
218	[-43.88582526670157, -2]
218	[-43.88582526670157, -2]
218	[-43.88582526670157, -2]
218	[-43.88582526670157, -2]
218	[-43.88582526670157, -2]
218	[-43.88582526670157, -2]
218	[-43.88582526670157, -2]
218	[-43.88582526670157, -2]
218	[-43.88582526670157, -2]
218	[-43.88582526670157, -2]
218	[-43.88582526670157, -2]
219	[-57.90793103576729, 0]
219	[-43.88582526670157, -2]
219	[-43.88582526670157, -2]
219	[-43.88582526670157, -2]
219	[-43.88582526670157, -2]
219	[-43.88582526670157, -2]
219	[-43.88582526670157, -2]
219	[-43.88582526670157, -2]
219	[-43.88582526670157, -2]
219	[-43.88582526670157, -2]
219	[-43.88582526670157, -2]
219	[-43.88582526670157, -2]
219	[-43.88582526670157, -2]
219	[-43.88582526670157, -2]
219	[-43.88582526670157, -2]
219	[-43.88582526670157, -2]
219	[-43.88582526670157, -2]
219	[-43.88582526670157, -2]
219	[-43.88582526670157, -2]
219	[-43.88582526670157, -2]
219	[-43.88582526670157, -2]
219	[-43.88582526670157, -2]
219	[-43.88582526670157, -2]
219	[-43.88582526670157, -2]
219	[-43.88582526670157, -2]
219	[-43.88582526670157, -2]
219	[-43.88582526670157, -2]
219	[-43.88582526670157, -2]
219	[-43.88582526670157, -2]
219	[-43.88582526670157, -2]
219	[-43.88582526670157, -2]
219	[-43.88582526670157, -2]
219	[-43.88582526670157, -2]
219	[-43.88582526670157, -2]
219	[-43.88582526670157, -2]
219	[-43.88582526670157, -2]
219	[-43.88582526670157, -2]
219	[-43.88582526670157, -2]
219	[-43.88582526670157, -2]
219	[-43.88582526670157, -2]
219	[-43.88582526670157, -2]
219	[-43.88582526670157, -2]
219	[-43.88582526670157, -2]
219	[-43.88582526670157, -2]
219	[-43.88582526670157, -2]
219	[-43.88582526670157, -2]
219	[-43.88582526670157, -2]
219	[-43.88582526670157, -2]
219	[-43.88582526670157, -2]
219	[-43.88582526670157, -2]
219	[-43.88582526670157, -2]
219	[-43.88582526670157, -2]
219	[-43.88582526670157, -2]
219	[-43.88582526670157, -2]
219	[-43.88582526670157, -2]
219	[-43.88582526670157, -2]
219	[-43.88582526670157, -2]
219	[-43.88582526670157, -2]
219	[-43.88582526670157, -2]
219	[-43.88582526670157, -2]
219	[-43.88582526670157, -2]
219	[-43.88582526670157, -2]
219	[-43.88582526670157, -2]
219	[-43.88582526670157, -2]
219	[-43.88582526670157, -2]
219	[-43.88582526670157, -2]
219	[-43.88582526670157, -2]
219	[-43.88582526670157, -2]
219	[-43.88582526670157, -2]
219	[-43.88582526670157, -2]
219	[-43.88582526670157, -2]
219	[-43.88582526670157, -2]
219	[-43.88582526670157, -2]
219	[-43.88582526670157, -2]
219	[-43.88582526670157, -2]
219	[-43.88582526670157, -2]
219	[-43.88582526670157, -2]
219	[-43.88582526670157, -2]
219	[-43.88582526670157, -2]
219	[-43.88582526670157, -2]
220	[-57.90793103576729, 0]
220	[-43.88582526670157, -2]
220	[-43.88582526670157, -2]
220	[-43.88582526670157, -2]
220	[-43.88582526670157, -2]
220	[-43.88582526670157, -2]
220	[-43.88582526670157, -2]
220	[-43.88582526670157, -2]
220	[-43.88582526670157, -2]
220	[-43.88582526670157, -2]
220	[-43.88582526670157, -2]
220	[-43.88582526670157, -2]
220	[-43.88582526670157, -2]
220	[-43.88582526670157, -2]
220	[-43.88582526670157, -2]
220	[-43.88582526670157, -2]
220	[-43.88582526670157, -2]
220	[-43.88582526670157, -2]
220	[-43.88582526670157, -2]
220	[-43.88582526670157, -2]
220	[-43.88582526670157, -2]
220	[-43.88582526670157, -2]
220	[-43.88582526670157, -2]
220	[-43.88582526670157, -2]
220	[-43.88582526670157, -2]
220	[-43.88582526670157, -2]
220	[-43.88582526670157, -2]
220	[-43.88582526670157, -2]
220	[-43.88582526670157, -2]
220	[-43.88582526670157, -2]
220	[-43.88582526670157, -2]
220	[-43.88582526670157, -2]
220	[-43.88582526670157, -2]
220	[-43.88582526670157, -2]
220	[-43.88582526670157, -2]
220	[-43.88582526670157, -2]
220	[-43.88582526670157, -2]
220	[-43.88582526670157, -2]
220	[-43.88582526670157, -2]
220	[-43.88582526670157, -2]
220	[-43.88582526670157, -2]
220	[-43.88582526670157, -2]
220	[-43.88582526670157, -2]
220	[-43.88582526670157, -2]
220	[-43.88582526670157, -2]
220	[-43.88582526670157, -2]
220	[-43.88582526670157, -2]
220	[-43.88582526670157, -2]
220	[-43.88582526670157, -2]
220	[-43.88582526670157, -2]
220	[-43.88582526670157, -2]
220	[-43.88582526670157, -2]
220	[-43.88582526670157, -2]
220	[-43.88582526670157, -2]
220	[-43.88582526670157, -2]
220	[-43.88582526670157, -2]
220	[-43.88582526670157, -2]
220	[-43.88582526670157, -2]
220	[-43.88582526670157, -2]
220	[-43.88582526670157, -2]
220	[-43.88582526670157, -2]
220	[-43.88582526670157, -2]
220	[-43.88582526670157, -2]
220	[-43.88582526670157, -2]
220	[-43.88582526670157, -2]
220	[-43.88582526670157, -2]
220	[-43.88582526670157, -2]
220	[-43.88582526670157, -2]
220	[-43.88582526670157, -2]
220	[-43.88582526670157, -2]
220	[-43.88582526670157, -2]
220	[-43.88582526670157, -2]
220	[-43.88582526670157, -2]
220	[-43.88582526670157, -2]
220	[-43.88582526670157, -2]
220	[-43.88582526670157, -2]
220	[-43.88582526670157, -2]
220	[-43.88582526670157, -2]
220	[-43.88582526670157, -2]
220	[-43.88582526670157, -2]
221	[-57.90793103576729, 0]
221	[-43.88582526670157, -2]
221	[-43.88582526670157, -2]
221	[-43.88582526670157, -2]
221	[-43.88582526670157, -2]
221	[-43.88582526670157, -2]
221	[-43.88582526670157, -2]
221	[-43.88582526670157, -2]
221	[-43.88582526670157, -2]
221	[-43.88582526670157, -2]
221	[-43.88582526670157, -2]
221	[-43.88582526670157, -2]
221	[-43.88582526670157, -2]
221	[-43.88582526670157, -2]
221	[-43.88582526670157, -2]
221	[-43.88582526670157, -2]
221	[-43.88582526670157, -2]
221	[-43.88582526670157, -2]
221	[-43.88582526670157, -2]
221	[-43.88582526670157, -2]
221	[-43.88582526670157, -2]
221	[-43.88582526670157, -2]
221	[-43.88582526670157, -2]
221	[-43.88582526670157, -2]
221	[-43.88582526670157, -2]
221	[-43.88582526670157, -2]
221	[-43.88582526670157, -2]
221	[-43.88582526670157, -2]
221	[-43.88582526670157, -2]
221	[-43.88582526670157, -2]
221	[-43.88582526670157, -2]
221	[-43.88582526670157, -2]
221	[-43.88582526670157, -2]
221	[-43.88582526670157, -2]
221	[-43.88582526670157, -2]
221	[-43.88582526670157, -2]
221	[-43.88582526670157, -2]
221	[-43.88582526670157, -2]
221	[-43.88582526670157, -2]
221	[-43.88582526670157, -2]
221	[-43.88582526670157, -2]
221	[-43.88582526670157, -2]
221	[-43.88582526670157, -2]
221	[-43.88582526670157, -2]
221	[-43.88582526670157, -2]
221	[-43.88582526670157, -2]
221	[-43.88582526670157, -2]
221	[-43.88582526670157, -2]
221	[-43.88582526670157, -2]
221	[-43.88582526670157, -2]
221	[-43.88582526670157, -2]
221	[-43.88582526670157, -2]
221	[-43.88582526670157, -2]
221	[-43.88582526670157, -2]
221	[-43.88582526670157, -2]
221	[-43.88582526670157, -2]
221	[-43.88582526670157, -2]
221	[-43.88582526670157, -2]
221	[-43.88582526670157, -2]
221	[-43.88582526670157, -2]
221	[-43.88582526670157, -2]
221	[-43.88582526670157, -2]
221	[-43.88582526670157, -2]
221	[-43.88582526670157, -2]
221	[-43.88582526670157, -2]
221	[-43.88582526670157, -2]
221	[-43.88582526670157, -2]
221	[-43.88582526670157, -2]
221	[-43.88582526670157, -2]
221	[-43.88582526670157, -2]
221	[-43.88582526670157, -2]
221	[-43.88582526670157, -2]
221	[-43.88582526670157, -2]
221	[-43.88582526670157, -2]
221	[-43.88582526670157, -2]
221	[-43.88582526670157, -2]
221	[-43.88582526670157, -2]
221	[-43.88582526670157, -2]
221	[-43.88582526670157, -2]
221	[-43.88582526670157, -2]
222	[-57.90793103576729, 0]
222	[-43.88582526670157, -2]
222	[-43.88582526670157, -2]
222	[-43.88582526670157, -2]
222	[-43.88582526670157, -2]
222	[-43.88582526670157, -2]
222	[-43.88582526670157, -2]
222	[-43.88582526670157, -2]
222	[-43.88582526670157, -2]
222	[-43.88582526670157, -2]
222	[-43.88582526670157, -2]
222	[-43.88582526670157, -2]
222	[-43.88582526670157, -2]
222	[-43.88582526670157, -2]
222	[-43.88582526670157, -2]
222	[-43.88582526670157, -2]
222	[-43.88582526670157, -2]
222	[-43.88582526670157, -2]
222	[-43.88582526670157, -2]
222	[-43.88582526670157, -2]
222	[-43.88582526670157, -2]
222	[-43.88582526670157, -2]
222	[-43.88582526670157, -2]
222	[-43.88582526670157, -2]
222	[-43.88582526670157, -2]
222	[-43.88582526670157, -2]
222	[-43.88582526670157, -2]
222	[-43.88582526670157, -2]
222	[-43.88582526670157, -2]
222	[-43.88582526670157, -2]
222	[-43.88582526670157, -2]
222	[-43.88582526670157, -2]
222	[-43.88582526670157, -2]
222	[-43.88582526670157, -2]
222	[-43.88582526670157, -2]
222	[-43.88582526670157, -2]
222	[-43.88582526670157, -2]
222	[-43.88582526670157, -2]
222	[-43.88582526670157, -2]
222	[-43.88582526670157, -2]
222	[-43.88582526670157, -2]
222	[-43.88582526670157, -2]
222	[-43.88582526670157, -2]
222	[-43.88582526670157, -2]
222	[-43.88582526670157, -2]
222	[-43.88582526670157, -2]
222	[-43.88582526670157, -2]
222	[-43.88582526670157, -2]
222	[-43.88582526670157, -2]
222	[-43.88582526670157, -2]
222	[-43.88582526670157, -2]
222	[-43.88582526670157, -2]
222	[-43.88582526670157, -2]
222	[-43.88582526670157, -2]
222	[-43.88582526670157, -2]
222	[-43.88582526670157, -2]
222	[-43.88582526670157, -2]
222	[-43.88582526670157, -2]
222	[-43.88582526670157, -2]
222	[-43.88582526670157, -2]
222	[-43.88582526670157, -2]
222	[-43.88582526670157, -2]
222	[-43.88582526670157, -2]
222	[-43.88582526670157, -2]
222	[-43.88582526670157, -2]
222	[-43.88582526670157, -2]
222	[-43.88582526670157, -2]
222	[-43.88582526670157, -2]
222	[-43.88582526670157, -2]
222	[-43.88582526670157, -2]
222	[-43.88582526670157, -2]
222	[-43.88582526670157, -2]
222	[-43.88582526670157, -2]
222	[-43.88582526670157, -2]
222	[-43.88582526670157, -2]
222	[-43.88582526670157, -2]
222	[-43.88582526670157, -2]
222	[-43.88582526670157, -2]
222	[-43.88582526670157, -2]
222	[-43.88582526670157, -2]
223	[-57.90793103576729, 0]
223	[-43.88582526670157, -2]
223	[-43.88582526670157, -2]
223	[-43.88582526670157, -2]
223	[-43.88582526670157, -2]
223	[-43.88582526670157, -2]
223	[-43.88582526670157, -2]
223	[-43.88582526670157, -2]
223	[-43.88582526670157, -2]
223	[-43.88582526670157, -2]
223	[-43.88582526670157, -2]
223	[-43.88582526670157, -2]
223	[-43.88582526670157, -2]
223	[-43.88582526670157, -2]
223	[-43.88582526670157, -2]
223	[-43.88582526670157, -2]
223	[-43.88582526670157, -2]
223	[-43.88582526670157, -2]
223	[-43.88582526670157, -2]
223	[-43.88582526670157, -2]
223	[-43.88582526670157, -2]
223	[-43.88582526670157, -2]
223	[-43.88582526670157, -2]
223	[-43.88582526670157, -2]
223	[-43.88582526670157, -2]
223	[-43.88582526670157, -2]
223	[-43.88582526670157, -2]
223	[-43.88582526670157, -2]
223	[-43.88582526670157, -2]
223	[-43.88582526670157, -2]
223	[-43.88582526670157, -2]
223	[-43.88582526670157, -2]
223	[-43.88582526670157, -2]
223	[-43.88582526670157, -2]
223	[-43.88582526670157, -2]
223	[-43.88582526670157, -2]
223	[-43.88582526670157, -2]
223	[-43.88582526670157, -2]
223	[-43.88582526670157, -2]
223	[-43.88582526670157, -2]
223	[-43.88582526670157, -2]
223	[-43.88582526670157, -2]
223	[-43.88582526670157, -2]
223	[-43.88582526670157, -2]
223	[-43.88582526670157, -2]
223	[-43.88582526670157, -2]
223	[-43.88582526670157, -2]
223	[-43.88582526670157, -2]
223	[-43.88582526670157, -2]
223	[-43.88582526670157, -2]
223	[-43.88582526670157, -2]
223	[-43.88582526670157, -2]
223	[-43.88582526670157, -2]
223	[-43.88582526670157, -2]
223	[-43.88582526670157, -2]
223	[-43.88582526670157, -2]
223	[-43.88582526670157, -2]
223	[-43.88582526670157, -2]
223	[-43.88582526670157, -2]
223	[-43.88582526670157, -2]
223	[-43.88582526670157, -2]
223	[-43.88582526670157, -2]
223	[-43.88582526670157, -2]
223	[-43.88582526670157, -2]
223	[-43.88582526670157, -2]
223	[-43.88582526670157, -2]
223	[-43.88582526670157, -2]
223	[-43.88582526670157, -2]
223	[-43.88582526670157, -2]
223	[-43.88582526670157, -2]
223	[-43.88582526670157, -2]
223	[-43.88582526670157, -2]
223	[-43.88582526670157, -2]
223	[-43.88582526670157, -2]
223	[-43.88582526670157, -2]
223	[-43.88582526670157, -2]
223	[-43.88582526670157, -2]
223	[-43.88582526670157, -2]
223	[-43.88582526670157, -2]
223	[-43.88582526670157, -2]
224	[-57.90793103576729, 0]
224	[-43.88582526670157, -2]
224	[-43.88582526670157, -2]
224	[-43.88582526670157, -2]
224	[-43.88582526670157, -2]
224	[-43.88582526670157, -2]
224	[-43.88582526670157, -2]
224	[-43.88582526670157, -2]
224	[-43.88582526670157, -2]
224	[-43.88582526670157, -2]
224	[-43.88582526670157, -2]
224	[-43.88582526670157, -2]
224	[-43.88582526670157, -2]
224	[-43.88582526670157, -2]
224	[-43.88582526670157, -2]
224	[-43.88582526670157, -2]
224	[-43.88582526670157, -2]
224	[-43.88582526670157, -2]
224	[-43.88582526670157, -2]
224	[-43.88582526670157, -2]
224	[-43.88582526670157, -2]
224	[-43.88582526670157, -2]
224	[-43.88582526670157, -2]
224	[-43.88582526670157, -2]
224	[-43.88582526670157, -2]
224	[-43.88582526670157, -2]
224	[-43.88582526670157, -2]
224	[-43.88582526670157, -2]
224	[-43.88582526670157, -2]
224	[-43.88582526670157, -2]
224	[-43.88582526670157, -2]
224	[-43.88582526670157, -2]
224	[-43.88582526670157, -2]
224	[-43.88582526670157, -2]
224	[-43.88582526670157, -2]
224	[-43.88582526670157, -2]
224	[-43.88582526670157, -2]
224	[-43.88582526670157, -2]
224	[-43.88582526670157, -2]
224	[-43.88582526670157, -2]
224	[-43.88582526670157, -2]
224	[-43.88582526670157, -2]
224	[-43.88582526670157, -2]
224	[-43.88582526670157, -2]
224	[-43.88582526670157, -2]
224	[-43.88582526670157, -2]
224	[-43.88582526670157, -2]
224	[-43.88582526670157, -2]
224	[-43.88582526670157, -2]
224	[-43.88582526670157, -2]
224	[-43.88582526670157, -2]
224	[-43.88582526670157, -2]
224	[-43.88582526670157, -2]
224	[-43.88582526670157, -2]
224	[-43.88582526670157, -2]
224	[-43.88582526670157, -2]
224	[-43.88582526670157, -2]
224	[-43.88582526670157, -2]
224	[-43.88582526670157, -2]
224	[-43.88582526670157, -2]
224	[-43.88582526670157, -2]
224	[-43.88582526670157, -2]
224	[-43.88582526670157, -2]
224	[-43.88582526670157, -2]
224	[-43.88582526670157, -2]
224	[-43.88582526670157, -2]
224	[-43.88582526670157, -2]
224	[-43.88582526670157, -2]
224	[-43.88582526670157, -2]
224	[-43.88582526670157, -2]
224	[-43.88582526670157, -2]
224	[-43.88582526670157, -2]
224	[-43.88582526670157, -2]
224	[-43.88582526670157, -2]
224	[-43.88582526670157, -2]
224	[-43.88582526670157, -2]
224	[-43.88582526670157, -2]
224	[-43.88582526670157, -2]
224	[-43.88582526670157, -2]
224	[-43.88582526670157, -2]
225	[-57.90793103576729, 0]
225	[-43.88582526670157, -2]
225	[-43.88582526670157, -2]
225	[-43.88582526670157, -2]
225	[-43.88582526670157, -2]
225	[-43.88582526670157, -2]
225	[-43.88582526670157, -2]
225	[-43.88582526670157, -2]
225	[-43.88582526670157, -2]
225	[-43.88582526670157, -2]
225	[-43.88582526670157, -2]
225	[-43.88582526670157, -2]
225	[-43.88582526670157, -2]
225	[-43.88582526670157, -2]
225	[-43.88582526670157, -2]
225	[-43.88582526670157, -2]
225	[-43.88582526670157, -2]
225	[-43.88582526670157, -2]
225	[-43.88582526670157, -2]
225	[-43.88582526670157, -2]
225	[-43.88582526670157, -2]
225	[-43.88582526670157, -2]
225	[-43.88582526670157, -2]
225	[-43.88582526670157, -2]
225	[-43.88582526670157, -2]
225	[-43.88582526670157, -2]
225	[-43.88582526670157, -2]
225	[-43.88582526670157, -2]
225	[-43.88582526670157, -2]
225	[-43.88582526670157, -2]
225	[-43.88582526670157, -2]
225	[-43.88582526670157, -2]
225	[-43.88582526670157, -2]
225	[-43.88582526670157, -2]
225	[-43.88582526670157, -2]
225	[-43.88582526670157, -2]
225	[-43.88582526670157, -2]
225	[-43.88582526670157, -2]
225	[-43.88582526670157, -2]
225	[-43.88582526670157, -2]
225	[-43.88582526670157, -2]
225	[-43.88582526670157, -2]
225	[-43.88582526670157, -2]
225	[-43.88582526670157, -2]
225	[-43.88582526670157, -2]
225	[-43.88582526670157, -2]
225	[-43.88582526670157, -2]
225	[-43.88582526670157, -2]
225	[-43.88582526670157, -2]
225	[-43.88582526670157, -2]
225	[-43.88582526670157, -2]
225	[-43.88582526670157, -2]
225	[-43.88582526670157, -2]
225	[-43.88582526670157, -2]
225	[-43.88582526670157, -2]
225	[-43.88582526670157, -2]
225	[-43.88582526670157, -2]
225	[-43.88582526670157, -2]
225	[-43.88582526670157, -2]
225	[-43.88582526670157, -2]
225	[-43.88582526670157, -2]
225	[-43.88582526670157, -2]
225	[-43.88582526670157, -2]
225	[-43.88582526670157, -2]
225	[-43.88582526670157, -2]
225	[-43.88582526670157, -2]
225	[-43.88582526670157, -2]
225	[-43.88582526670157, -2]
225	[-43.88582526670157, -2]
225	[-43.88582526670157, -2]
225	[-43.88582526670157, -2]
225	[-43.88582526670157, -2]
225	[-43.88582526670157, -2]
225	[-43.88582526670157, -2]
225	[-43.88582526670157, -2]
225	[-43.88582526670157, -2]
225	[-43.88582526670157, -2]
225	[-43.88582526670157, -2]
225	[-43.88582526670157, -2]
225	[-43.88582526670157, -2]
226	[-57.90793103576729, 0]
226	[-43.88582526670157, -2]
226	[-43.88582526670157, -2]
226	[-43.88582526670157, -2]
226	[-43.88582526670157, -2]
226	[-43.88582526670157, -2]
226	[-43.88582526670157, -2]
226	[-43.88582526670157, -2]
226	[-43.88582526670157, -2]
226	[-43.88582526670157, -2]
226	[-43.88582526670157, -2]
226	[-43.88582526670157, -2]
226	[-43.88582526670157, -2]
226	[-43.88582526670157, -2]
226	[-43.88582526670157, -2]
226	[-43.88582526670157, -2]
226	[-43.88582526670157, -2]
226	[-43.88582526670157, -2]
226	[-43.88582526670157, -2]
226	[-43.88582526670157, -2]
226	[-43.88582526670157, -2]
226	[-43.88582526670157, -2]
226	[-43.88582526670157, -2]
226	[-43.88582526670157, -2]
226	[-43.88582526670157, -2]
226	[-43.88582526670157, -2]
226	[-43.88582526670157, -2]
226	[-43.88582526670157, -2]
226	[-43.88582526670157, -2]
226	[-43.88582526670157, -2]
226	[-43.88582526670157, -2]
226	[-43.88582526670157, -2]
226	[-43.88582526670157, -2]
226	[-43.88582526670157, -2]
226	[-43.88582526670157, -2]
226	[-43.88582526670157, -2]
226	[-43.88582526670157, -2]
226	[-43.88582526670157, -2]
226	[-43.88582526670157, -2]
226	[-43.88582526670157, -2]
226	[-43.88582526670157, -2]
226	[-43.88582526670157, -2]
226	[-43.88582526670157, -2]
226	[-43.88582526670157, -2]
226	[-43.88582526670157, -2]
226	[-43.88582526670157, -2]
226	[-43.88582526670157, -2]
226	[-43.88582526670157, -2]
226	[-43.88582526670157, -2]
226	[-43.88582526670157, -2]
226	[-43.88582526670157, -2]
226	[-43.88582526670157, -2]
226	[-43.88582526670157, -2]
226	[-43.88582526670157, -2]
226	[-43.88582526670157, -2]
226	[-43.88582526670157, -2]
226	[-43.88582526670157, -2]
226	[-43.88582526670157, -2]
226	[-43.88582526670157, -2]
226	[-43.88582526670157, -2]
226	[-43.88582526670157, -2]
226	[-43.88582526670157, -2]
226	[-43.88582526670157, -2]
226	[-43.88582526670157, -2]
226	[-43.88582526670157, -2]
226	[-43.88582526670157, -2]
226	[-43.88582526670157, -2]
226	[-43.88582526670157, -2]
226	[-43.88582526670157, -2]
226	[-43.88582526670157, -2]
226	[-43.88582526670157, -2]
226	[-43.88582526670157, -2]
226	[-43.88582526670157, -2]
226	[-43.88582526670157, -2]
226	[-43.88582526670157, -2]
226	[-43.88582526670157, -2]
226	[-43.88582526670157, -2]
226	[-43.88582526670157, -2]
226	[-43.88582526670157, -2]
226	[-43.88582526670157, -2]
227	[-57.90793103576729, 0]
227	[-43.88582526670157, -2]
227	[-43.88582526670157, -2]
227	[-43.88582526670157, -2]
227	[-43.88582526670157, -2]
227	[-43.88582526670157, -2]
227	[-43.88582526670157, -2]
227	[-43.88582526670157, -2]
227	[-43.88582526670157, -2]
227	[-43.88582526670157, -2]
227	[-43.88582526670157, -2]
227	[-43.88582526670157, -2]
227	[-43.88582526670157, -2]
227	[-43.88582526670157, -2]
227	[-43.88582526670157, -2]
227	[-43.88582526670157, -2]
227	[-43.88582526670157, -2]
227	[-43.88582526670157, -2]
227	[-43.88582526670157, -2]
227	[-43.88582526670157, -2]
227	[-43.88582526670157, -2]
227	[-43.88582526670157, -2]
227	[-43.88582526670157, -2]
227	[-43.88582526670157, -2]
227	[-43.88582526670157, -2]
227	[-43.88582526670157, -2]
227	[-43.88582526670157, -2]
227	[-43.88582526670157, -2]
227	[-43.88582526670157, -2]
227	[-43.88582526670157, -2]
227	[-43.88582526670157, -2]
227	[-43.88582526670157, -2]
227	[-43.88582526670157, -2]
227	[-43.88582526670157, -2]
227	[-43.88582526670157, -2]
227	[-43.88582526670157, -2]
227	[-43.88582526670157, -2]
227	[-43.88582526670157, -2]
227	[-43.88582526670157, -2]
227	[-43.88582526670157, -2]
227	[-43.88582526670157, -2]
227	[-43.88582526670157, -2]
227	[-43.88582526670157, -2]
227	[-43.88582526670157, -2]
227	[-43.88582526670157, -2]
227	[-43.88582526670157, -2]
227	[-43.88582526670157, -2]
227	[-43.88582526670157, -2]
227	[-43.88582526670157, -2]
227	[-43.88582526670157, -2]
227	[-43.88582526670157, -2]
227	[-43.88582526670157, -2]
227	[-43.88582526670157, -2]
227	[-43.88582526670157, -2]
227	[-43.88582526670157, -2]
227	[-43.88582526670157, -2]
227	[-43.88582526670157, -2]
227	[-43.88582526670157, -2]
227	[-43.88582526670157, -2]
227	[-43.88582526670157, -2]
227	[-43.88582526670157, -2]
227	[-43.88582526670157, -2]
227	[-43.88582526670157, -2]
227	[-43.88582526670157, -2]
227	[-43.88582526670157, -2]
227	[-43.88582526670157, -2]
227	[-43.88582526670157, -2]
227	[-43.88582526670157, -2]
227	[-43.88582526670157, -2]
227	[-43.88582526670157, -2]
227	[-43.88582526670157, -2]
227	[-43.88582526670157, -2]
227	[-43.88582526670157, -2]
227	[-43.88582526670157, -2]
227	[-43.88582526670157, -2]
227	[-43.88582526670157, -2]
227	[-43.88582526670157, -2]
227	[-43.88582526670157, -2]
227	[-43.88582526670157, -2]
227	[-43.88582526670157, -2]
228	[-57.90793103576729, 0]
228	[-43.88582526670157, -2]
228	[-43.88582526670157, -2]
228	[-43.88582526670157, -2]
228	[-43.88582526670157, -2]
228	[-43.88582526670157, -2]
228	[-43.88582526670157, -2]
228	[-43.88582526670157, -2]
228	[-43.88582526670157, -2]
228	[-43.88582526670157, -2]
228	[-43.88582526670157, -2]
228	[-43.88582526670157, -2]
228	[-43.88582526670157, -2]
228	[-43.88582526670157, -2]
228	[-43.88582526670157, -2]
228	[-43.88582526670157, -2]
228	[-43.88582526670157, -2]
228	[-43.88582526670157, -2]
228	[-43.88582526670157, -2]
228	[-43.88582526670157, -2]
228	[-43.88582526670157, -2]
228	[-43.88582526670157, -2]
228	[-43.88582526670157, -2]
228	[-43.88582526670157, -2]
228	[-43.88582526670157, -2]
228	[-43.88582526670157, -2]
228	[-43.88582526670157, -2]
228	[-43.88582526670157, -2]
228	[-43.88582526670157, -2]
228	[-43.88582526670157, -2]
228	[-43.88582526670157, -2]
228	[-43.88582526670157, -2]
228	[-43.88582526670157, -2]
228	[-43.88582526670157, -2]
228	[-43.88582526670157, -2]
228	[-43.88582526670157, -2]
228	[-43.88582526670157, -2]
228	[-43.88582526670157, -2]
228	[-43.88582526670157, -2]
228	[-43.88582526670157, -2]
228	[-43.88582526670157, -2]
228	[-43.88582526670157, -2]
228	[-43.88582526670157, -2]
228	[-43.88582526670157, -2]
228	[-43.88582526670157, -2]
228	[-43.88582526670157, -2]
228	[-43.88582526670157, -2]
228	[-43.88582526670157, -2]
228	[-43.88582526670157, -2]
228	[-43.88582526670157, -2]
228	[-43.88582526670157, -2]
228	[-43.88582526670157, -2]
228	[-43.88582526670157, -2]
228	[-43.88582526670157, -2]
228	[-43.88582526670157, -2]
228	[-43.88582526670157, -2]
228	[-43.88582526670157, -2]
228	[-43.88582526670157, -2]
228	[-43.88582526670157, -2]
228	[-43.88582526670157, -2]
228	[-43.88582526670157, -2]
228	[-43.88582526670157, -2]
228	[-43.88582526670157, -2]
228	[-43.88582526670157, -2]
228	[-43.88582526670157, -2]
228	[-43.88582526670157, -2]
228	[-43.88582526670157, -2]
228	[-43.88582526670157, -2]
228	[-43.88582526670157, -2]
228	[-43.88582526670157, -2]
228	[-43.88582526670157, -2]
228	[-43.88582526670157, -2]
228	[-43.88582526670157, -2]
228	[-43.88582526670157, -2]
228	[-43.88582526670157, -2]
228	[-43.88582526670157, -2]
228	[-43.88582526670157, -2]
228	[-43.88582526670157, -2]
228	[-43.88582526670157, -2]
228	[-43.88582526670157, -2]
229	[-57.90793103576729, 0]
229	[-43.88582526670157, -2]
229	[-43.88582526670157, -2]
229	[-43.88582526670157, -2]
229	[-43.88582526670157, -2]
229	[-43.88582526670157, -2]
229	[-43.88582526670157, -2]
229	[-43.88582526670157, -2]
229	[-43.88582526670157, -2]
229	[-43.88582526670157, -2]
229	[-43.88582526670157, -2]
229	[-43.88582526670157, -2]
229	[-43.88582526670157, -2]
229	[-43.88582526670157, -2]
229	[-43.88582526670157, -2]
229	[-43.88582526670157, -2]
229	[-43.88582526670157, -2]
229	[-43.88582526670157, -2]
229	[-43.88582526670157, -2]
229	[-43.88582526670157, -2]
229	[-43.88582526670157, -2]
229	[-43.88582526670157, -2]
229	[-43.88582526670157, -2]
229	[-43.88582526670157, -2]
229	[-43.88582526670157, -2]
229	[-43.88582526670157, -2]
229	[-43.88582526670157, -2]
229	[-43.88582526670157, -2]
229	[-43.88582526670157, -2]
229	[-43.88582526670157, -2]
229	[-43.88582526670157, -2]
229	[-43.88582526670157, -2]
229	[-43.88582526670157, -2]
229	[-43.88582526670157, -2]
229	[-43.88582526670157, -2]
229	[-43.88582526670157, -2]
229	[-43.88582526670157, -2]
229	[-43.88582526670157, -2]
229	[-43.88582526670157, -2]
229	[-43.88582526670157, -2]
229	[-43.88582526670157, -2]
229	[-43.88582526670157, -2]
229	[-43.88582526670157, -2]
229	[-43.88582526670157, -2]
229	[-43.88582526670157, -2]
229	[-43.88582526670157, -2]
229	[-43.88582526670157, -2]
229	[-43.88582526670157, -2]
229	[-43.88582526670157, -2]
229	[-43.88582526670157, -2]
229	[-43.88582526670157, -2]
229	[-43.88582526670157, -2]
229	[-43.88582526670157, -2]
229	[-43.88582526670157, -2]
229	[-43.88582526670157, -2]
229	[-43.88582526670157, -2]
229	[-43.88582526670157, -2]
229	[-43.88582526670157, -2]
229	[-43.88582526670157, -2]
229	[-43.88582526670157, -2]
229	[-43.88582526670157, -2]
229	[-43.88582526670157, -2]
229	[-43.88582526670157, -2]
229	[-43.88582526670157, -2]
229	[-43.88582526670157, -2]
229	[-43.88582526670157, -2]
229	[-43.88582526670157, -2]
229	[-43.88582526670157, -2]
229	[-43.88582526670157, -2]
229	[-43.88582526670157, -2]
229	[-43.88582526670157, -2]
229	[-43.88582526670157, -2]
229	[-43.88582526670157, -2]
229	[-43.88582526670157, -2]
229	[-43.88582526670157, -2]
229	[-43.88582526670157, -2]
229	[-43.88582526670157, -2]
229	[-43.88582526670157, -2]
229	[-43.88582526670157, -2]
229	[-43.88582526670157, -2]
230	[-57.90793103576729, 0]
230	[-56.46185906008872, -1]
230	[-43.88582526670157, -2]
230	[-43.88582526670157, -2]
230	[-43.88582526670157, -2]
230	[-43.88582526670157, -2]
230	[-43.88582526670157, -2]
230	[-43.88582526670157, -2]
230	[-43.88582526670157, -2]
230	[-43.88582526670157, -2]
230	[-43.88582526670157, -2]
230	[-43.88582526670157, -2]
230	[-43.88582526670157, -2]
230	[-43.88582526670157, -2]
230	[-43.88582526670157, -2]
230	[-43.88582526670157, -2]
230	[-43.88582526670157, -2]
230	[-43.88582526670157, -2]
230	[-43.88582526670157, -2]
230	[-43.88582526670157, -2]
230	[-43.88582526670157, -2]
230	[-43.88582526670157, -2]
230	[-43.88582526670157, -2]
230	[-43.88582526670157, -2]
230	[-43.88582526670157, -2]
230	[-43.88582526670157, -2]
230	[-43.88582526670157, -2]
230	[-43.88582526670157, -2]
230	[-43.88582526670157, -2]
230	[-43.88582526670157, -2]
230	[-43.88582526670157, -2]
230	[-43.88582526670157, -2]
230	[-43.88582526670157, -2]
230	[-43.88582526670157, -2]
230	[-43.88582526670157, -2]
230	[-43.88582526670157, -2]
230	[-43.88582526670157, -2]
230	[-43.88582526670157, -2]
230	[-43.88582526670157, -2]
230	[-43.88582526670157, -2]
230	[-43.88582526670157, -2]
230	[-43.88582526670157, -2]
230	[-43.88582526670157, -2]
230	[-43.88582526670157, -2]
230	[-43.88582526670157, -2]
230	[-43.88582526670157, -2]
230	[-43.88582526670157, -2]
230	[-43.88582526670157, -2]
230	[-43.88582526670157, -2]
230	[-43.88582526670157, -2]
230	[-43.88582526670157, -2]
230	[-43.88582526670157, -2]
230	[-43.88582526670157, -2]
230	[-43.88582526670157, -2]
230	[-43.88582526670157, -2]
230	[-43.88582526670157, -2]
230	[-43.88582526670157, -2]
230	[-43.88582526670157, -2]
230	[-43.88582526670157, -2]
230	[-43.88582526670157, -2]
230	[-43.88582526670157, -2]
230	[-43.88582526670157, -2]
230	[-43.88582526670157, -2]
230	[-43.88582526670157, -2]
230	[-43.88582526670157, -2]
230	[-43.88582526670157, -2]
230	[-43.88582526670157, -2]
230	[-43.88582526670157, -2]
230	[-43.88582526670157, -2]
230	[-43.88582526670157, -2]
230	[-43.88582526670157, -2]
230	[-43.88582526670157, -2]
230	[-43.88582526670157, -2]
230	[-43.88582526670157, -2]
230	[-43.88582526670157, -2]
230	[-43.88582526670157, -2]
230	[-43.88582526670157, -2]
230	[-43.88582526670157, -2]
230	[-43.88582526670157, -2]
230	[-43.88582526670157, -2]
231	[-57.90793103576729, 0]
231	[-56.46185906008872, -1]
231	[-43.88582526670157, -2]
231	[-43.88582526670157, -2]
231	[-43.88582526670157, -2]
231	[-43.88582526670157, -2]
231	[-43.88582526670157, -2]
231	[-43.88582526670157, -2]
231	[-43.88582526670157, -2]
231	[-43.88582526670157, -2]
231	[-43.88582526670157, -2]
231	[-43.88582526670157, -2]
231	[-43.88582526670157, -2]
231	[-43.88582526670157, -2]
231	[-43.88582526670157, -2]
231	[-43.88582526670157, -2]
231	[-43.88582526670157, -2]
231	[-43.88582526670157, -2]
231	[-43.88582526670157, -2]
231	[-43.88582526670157, -2]
231	[-43.88582526670157, -2]
231	[-43.88582526670157, -2]
231	[-43.88582526670157, -2]
231	[-43.88582526670157, -2]
231	[-43.88582526670157, -2]
231	[-43.88582526670157, -2]
231	[-43.88582526670157, -2]
231	[-43.88582526670157, -2]
231	[-43.88582526670157, -2]
231	[-43.88582526670157, -2]
231	[-43.88582526670157, -2]
231	[-43.88582526670157, -2]
231	[-43.88582526670157, -2]
231	[-43.88582526670157, -2]
231	[-43.88582526670157, -2]
231	[-43.88582526670157, -2]
231	[-43.88582526670157, -2]
231	[-43.88582526670157, -2]
231	[-43.88582526670157, -2]
231	[-43.88582526670157, -2]
231	[-43.88582526670157, -2]
231	[-43.88582526670157, -2]
231	[-43.88582526670157, -2]
231	[-43.88582526670157, -2]
231	[-43.88582526670157, -2]
231	[-43.88582526670157, -2]
231	[-43.88582526670157, -2]
231	[-43.88582526670157, -2]
231	[-43.88582526670157, -2]
231	[-43.88582526670157, -2]
231	[-43.88582526670157, -2]
231	[-43.88582526670157, -2]
231	[-43.88582526670157, -2]
231	[-43.88582526670157, -2]
231	[-43.88582526670157, -2]
231	[-43.88582526670157, -2]
231	[-43.88582526670157, -2]
231	[-43.88582526670157, -2]
231	[-43.88582526670157, -2]
231	[-43.88582526670157, -2]
231	[-43.88582526670157, -2]
231	[-43.88582526670157, -2]
231	[-43.88582526670157, -2]
231	[-43.88582526670157, -2]
231	[-43.88582526670157, -2]
231	[-43.88582526670157, -2]
231	[-43.88582526670157, -2]
231	[-43.88582526670157, -2]
231	[-43.88582526670157, -2]
231	[-43.88582526670157, -2]
231	[-43.88582526670157, -2]
231	[-43.88582526670157, -2]
231	[-43.88582526670157, -2]
231	[-43.88582526670157, -2]
231	[-43.88582526670157, -2]
231	[-43.88582526670157, -2]
231	[-43.88582526670157, -2]
231	[-43.88582526670157, -2]
231	[-43.88582526670157, -2]
231	[-43.88582526670157, -2]
232	[-57.90793103576729, 0]
232	[-43.88582526670157, -2]
232	[-43.88582526670157, -2]
232	[-43.88582526670157, -2]
232	[-43.88582526670157, -2]
232	[-43.88582526670157, -2]
232	[-43.88582526670157, -2]
232	[-43.88582526670157, -2]
232	[-43.88582526670157, -2]
232	[-43.88582526670157, -2]
232	[-43.88582526670157, -2]
232	[-43.88582526670157, -2]
232	[-43.88582526670157, -2]
232	[-43.88582526670157, -2]
232	[-43.88582526670157, -2]
232	[-43.88582526670157, -2]
232	[-43.88582526670157, -2]
232	[-43.88582526670157, -2]
232	[-43.88582526670157, -2]
232	[-43.88582526670157, -2]
232	[-43.88582526670157, -2]
232	[-43.88582526670157, -2]
232	[-43.88582526670157, -2]
232	[-43.88582526670157, -2]
232	[-43.88582526670157, -2]
232	[-43.88582526670157, -2]
232	[-43.88582526670157, -2]
232	[-43.88582526670157, -2]
232	[-43.88582526670157, -2]
232	[-43.88582526670157, -2]
232	[-43.88582526670157, -2]
232	[-43.88582526670157, -2]
232	[-43.88582526670157, -2]
232	[-43.88582526670157, -2]
232	[-43.88582526670157, -2]
232	[-43.88582526670157, -2]
232	[-43.88582526670157, -2]
232	[-43.88582526670157, -2]
232	[-43.88582526670157, -2]
232	[-43.88582526670157, -2]
232	[-43.88582526670157, -2]
232	[-43.88582526670157, -2]
232	[-43.88582526670157, -2]
232	[-43.88582526670157, -2]
232	[-43.88582526670157, -2]
232	[-43.88582526670157, -2]
232	[-43.88582526670157, -2]
232	[-43.88582526670157, -2]
232	[-43.88582526670157, -2]
232	[-43.88582526670157, -2]
232	[-43.88582526670157, -2]
232	[-43.88582526670157, -2]
232	[-43.88582526670157, -2]
232	[-43.88582526670157, -2]
232	[-43.88582526670157, -2]
232	[-43.88582526670157, -2]
232	[-43.88582526670157, -2]
232	[-43.88582526670157, -2]
232	[-43.88582526670157, -2]
232	[-43.88582526670157, -2]
232	[-43.88582526670157, -2]
232	[-43.88582526670157, -2]
232	[-43.88582526670157, -2]
232	[-43.88582526670157, -2]
232	[-43.88582526670157, -2]
232	[-43.88582526670157, -2]
232	[-43.88582526670157, -2]
232	[-43.88582526670157, -2]
232	[-43.88582526670157, -2]
232	[-43.88582526670157, -2]
232	[-43.88582526670157, -2]
232	[-43.88582526670157, -2]
232	[-43.88582526670157, -2]
232	[-43.88582526670157, -2]
232	[-43.88582526670157, -2]
232	[-43.88582526670157, -2]
232	[-43.88582526670157, -2]
232	[-43.88582526670157, -2]
232	[-43.88582526670157, -2]
232	[-43.88582526670157, -2]
233	[-57.90793103576729, 0]
233	[-43.88582526670157, -2]
233	[-43.88582526670157, -2]
233	[-43.88582526670157, -2]
233	[-43.88582526670157, -2]
233	[-43.88582526670157, -2]
233	[-43.88582526670157, -2]
233	[-43.88582526670157, -2]
233	[-43.88582526670157, -2]
233	[-43.88582526670157, -2]
233	[-43.88582526670157, -2]
233	[-43.88582526670157, -2]
233	[-43.88582526670157, -2]
233	[-43.88582526670157, -2]
233	[-43.88582526670157, -2]
233	[-43.88582526670157, -2]
233	[-43.88582526670157, -2]
233	[-43.88582526670157, -2]
233	[-43.88582526670157, -2]
233	[-43.88582526670157, -2]
233	[-43.88582526670157, -2]
233	[-43.88582526670157, -2]
233	[-43.88582526670157, -2]
233	[-43.88582526670157, -2]
233	[-43.88582526670157, -2]
233	[-43.88582526670157, -2]
233	[-43.88582526670157, -2]
233	[-43.88582526670157, -2]
233	[-43.88582526670157, -2]
233	[-43.88582526670157, -2]
233	[-43.88582526670157, -2]
233	[-43.88582526670157, -2]
233	[-43.88582526670157, -2]
233	[-43.88582526670157, -2]
233	[-43.88582526670157, -2]
233	[-43.88582526670157, -2]
233	[-43.88582526670157, -2]
233	[-43.88582526670157, -2]
233	[-43.88582526670157, -2]
233	[-43.88582526670157, -2]
233	[-43.88582526670157, -2]
233	[-43.88582526670157, -2]
233	[-43.88582526670157, -2]
233	[-43.88582526670157, -2]
233	[-43.88582526670157, -2]
233	[-43.88582526670157, -2]
233	[-43.88582526670157, -2]
233	[-43.88582526670157, -2]
233	[-43.88582526670157, -2]
233	[-43.88582526670157, -2]
233	[-43.88582526670157, -2]
233	[-43.88582526670157, -2]
233	[-43.88582526670157, -2]
233	[-43.88582526670157, -2]
233	[-43.88582526670157, -2]
233	[-43.88582526670157, -2]
233	[-43.88582526670157, -2]
233	[-43.88582526670157, -2]
233	[-43.88582526670157, -2]
233	[-43.88582526670157, -2]
233	[-43.88582526670157, -2]
233	[-43.88582526670157, -2]
233	[-43.88582526670157, -2]
233	[-43.88582526670157, -2]
233	[-43.88582526670157, -2]
233	[-43.88582526670157, -2]
233	[-43.88582526670157, -2]
233	[-43.88582526670157, -2]
233	[-43.88582526670157, -2]
233	[-43.88582526670157, -2]
233	[-43.88582526670157, -2]
233	[-43.88582526670157, -2]
233	[-43.88582526670157, -2]
233	[-43.88582526670157, -2]
233	[-43.88582526670157, -2]
233	[-43.88582526670157, -2]
233	[-43.88582526670157, -2]
233	[-43.88582526670157, -2]
233	[-43.88582526670157, -2]
233	[-43.88582526670157, -2]
234	[-57.90793103576729, 0]
234	[-43.88582526670157, -2]
234	[-43.88582526670157, -2]
234	[-43.88582526670157, -2]
234	[-43.88582526670157, -2]
234	[-43.88582526670157, -2]
234	[-43.88582526670157, -2]
234	[-43.88582526670157, -2]
234	[-43.88582526670157, -2]
234	[-43.88582526670157, -2]
234	[-43.88582526670157, -2]
234	[-43.88582526670157, -2]
234	[-43.88582526670157, -2]
234	[-43.88582526670157, -2]
234	[-43.88582526670157, -2]
234	[-43.88582526670157, -2]
234	[-43.88582526670157, -2]
234	[-43.88582526670157, -2]
234	[-43.88582526670157, -2]
234	[-43.88582526670157, -2]
234	[-43.88582526670157, -2]
234	[-43.88582526670157, -2]
234	[-43.88582526670157, -2]
234	[-43.88582526670157, -2]
234	[-43.88582526670157, -2]
234	[-43.88582526670157, -2]
234	[-43.88582526670157, -2]
234	[-43.88582526670157, -2]
234	[-43.88582526670157, -2]
234	[-43.88582526670157, -2]
234	[-43.88582526670157, -2]
234	[-43.88582526670157, -2]
234	[-43.88582526670157, -2]
234	[-43.88582526670157, -2]
234	[-43.88582526670157, -2]
234	[-43.88582526670157, -2]
234	[-43.88582526670157, -2]
234	[-43.88582526670157, -2]
234	[-43.88582526670157, -2]
234	[-43.88582526670157, -2]
234	[-43.88582526670157, -2]
234	[-43.88582526670157, -2]
234	[-43.88582526670157, -2]
234	[-43.88582526670157, -2]
234	[-43.88582526670157, -2]
234	[-43.88582526670157, -2]
234	[-43.88582526670157, -2]
234	[-43.88582526670157, -2]
234	[-43.88582526670157, -2]
234	[-43.88582526670157, -2]
234	[-43.88582526670157, -2]
234	[-43.88582526670157, -2]
234	[-43.88582526670157, -2]
234	[-43.88582526670157, -2]
234	[-43.88582526670157, -2]
234	[-43.88582526670157, -2]
234	[-43.88582526670157, -2]
234	[-43.88582526670157, -2]
234	[-43.88582526670157, -2]
234	[-43.88582526670157, -2]
234	[-43.88582526670157, -2]
234	[-43.88582526670157, -2]
234	[-43.88582526670157, -2]
234	[-43.88582526670157, -2]
234	[-43.88582526670157, -2]
234	[-43.88582526670157, -2]
234	[-43.88582526670157, -2]
234	[-43.88582526670157, -2]
234	[-43.88582526670157, -2]
234	[-43.88582526670157, -2]
234	[-43.88582526670157, -2]
234	[-43.88582526670157, -2]
234	[-43.88582526670157, -2]
234	[-43.88582526670157, -2]
234	[-43.88582526670157, -2]
234	[-43.88582526670157, -2]
234	[-43.88582526670157, -2]
234	[-43.88582526670157, -2]
234	[-43.88582526670157, -2]
234	[-43.88582526670157, -2]
235	[-57.90793103576729, 0]
235	[-43.88582526670157, -2]
235	[-43.88582526670157, -2]
235	[-43.88582526670157, -2]
235	[-43.88582526670157, -2]
235	[-43.88582526670157, -2]
235	[-43.88582526670157, -2]
235	[-43.88582526670157, -2]
235	[-43.88582526670157, -2]
235	[-43.88582526670157, -2]
235	[-43.88582526670157, -2]
235	[-43.88582526670157, -2]
235	[-43.88582526670157, -2]
235	[-43.88582526670157, -2]
235	[-43.88582526670157, -2]
235	[-43.88582526670157, -2]
235	[-43.88582526670157, -2]
235	[-43.88582526670157, -2]
235	[-43.88582526670157, -2]
235	[-43.88582526670157, -2]
235	[-43.88582526670157, -2]
235	[-43.88582526670157, -2]
235	[-43.88582526670157, -2]
235	[-43.88582526670157, -2]
235	[-43.88582526670157, -2]
235	[-43.88582526670157, -2]
235	[-43.88582526670157, -2]
235	[-43.88582526670157, -2]
235	[-43.88582526670157, -2]
235	[-43.88582526670157, -2]
235	[-43.88582526670157, -2]
235	[-43.88582526670157, -2]
235	[-43.88582526670157, -2]
235	[-43.88582526670157, -2]
235	[-43.88582526670157, -2]
235	[-43.88582526670157, -2]
235	[-43.88582526670157, -2]
235	[-43.88582526670157, -2]
235	[-43.88582526670157, -2]
235	[-43.88582526670157, -2]
235	[-43.88582526670157, -2]
235	[-43.88582526670157, -2]
235	[-43.88582526670157, -2]
235	[-43.88582526670157, -2]
235	[-43.88582526670157, -2]
235	[-43.88582526670157, -2]
235	[-43.88582526670157, -2]
235	[-43.88582526670157, -2]
235	[-43.88582526670157, -2]
235	[-43.88582526670157, -2]
235	[-43.88582526670157, -2]
235	[-43.88582526670157, -2]
235	[-43.88582526670157, -2]
235	[-43.88582526670157, -2]
235	[-43.88582526670157, -2]
235	[-43.88582526670157, -2]
235	[-43.88582526670157, -2]
235	[-43.88582526670157, -2]
235	[-43.88582526670157, -2]
235	[-43.88582526670157, -2]
235	[-43.88582526670157, -2]
235	[-43.88582526670157, -2]
235	[-43.88582526670157, -2]
235	[-43.88582526670157, -2]
235	[-43.88582526670157, -2]
235	[-43.88582526670157, -2]
235	[-43.88582526670157, -2]
235	[-43.88582526670157, -2]
235	[-43.88582526670157, -2]
235	[-43.88582526670157, -2]
235	[-43.88582526670157, -2]
235	[-43.88582526670157, -2]
235	[-43.88582526670157, -2]
235	[-43.88582526670157, -2]
235	[-43.88582526670157, -2]
235	[-43.88582526670157, -2]
235	[-43.88582526670157, -2]
235	[-43.88582526670157, -2]
235	[-43.88582526670157, -2]
235	[-43.88582526670157, -2]
236	[-57.90793103576729, 0]
236	[-43.88582526670157, -2]
236	[-43.88582526670157, -2]
236	[-43.88582526670157, -2]
236	[-43.88582526670157, -2]
236	[-43.88582526670157, -2]
236	[-43.88582526670157, -2]
236	[-43.88582526670157, -2]
236	[-43.88582526670157, -2]
236	[-43.88582526670157, -2]
236	[-43.88582526670157, -2]
236	[-43.88582526670157, -2]
236	[-43.88582526670157, -2]
236	[-43.88582526670157, -2]
236	[-43.88582526670157, -2]
236	[-43.88582526670157, -2]
236	[-43.88582526670157, -2]
236	[-43.88582526670157, -2]
236	[-43.88582526670157, -2]
236	[-43.88582526670157, -2]
236	[-43.88582526670157, -2]
236	[-43.88582526670157, -2]
236	[-43.88582526670157, -2]
236	[-43.88582526670157, -2]
236	[-43.88582526670157, -2]
236	[-43.88582526670157, -2]
236	[-43.88582526670157, -2]
236	[-43.88582526670157, -2]
236	[-43.88582526670157, -2]
236	[-43.88582526670157, -2]
236	[-43.88582526670157, -2]
236	[-43.88582526670157, -2]
236	[-43.88582526670157, -2]
236	[-43.88582526670157, -2]
236	[-43.88582526670157, -2]
236	[-43.88582526670157, -2]
236	[-43.88582526670157, -2]
236	[-43.88582526670157, -2]
236	[-43.88582526670157, -2]
236	[-43.88582526670157, -2]
236	[-43.88582526670157, -2]
236	[-43.88582526670157, -2]
236	[-43.88582526670157, -2]
236	[-43.88582526670157, -2]
236	[-43.88582526670157, -2]
236	[-43.88582526670157, -2]
236	[-43.88582526670157, -2]
236	[-43.88582526670157, -2]
236	[-43.88582526670157, -2]
236	[-43.88582526670157, -2]
236	[-43.88582526670157, -2]
236	[-43.88582526670157, -2]
236	[-43.88582526670157, -2]
236	[-43.88582526670157, -2]
236	[-43.88582526670157, -2]
236	[-43.88582526670157, -2]
236	[-43.88582526670157, -2]
236	[-43.88582526670157, -2]
236	[-43.88582526670157, -2]
236	[-43.88582526670157, -2]
236	[-43.88582526670157, -2]
236	[-43.88582526670157, -2]
236	[-43.88582526670157, -2]
236	[-43.88582526670157, -2]
236	[-43.88582526670157, -2]
236	[-43.88582526670157, -2]
236	[-43.88582526670157, -2]
236	[-43.88582526670157, -2]
236	[-43.88582526670157, -2]
236	[-43.88582526670157, -2]
236	[-43.88582526670157, -2]
236	[-43.88582526670157, -2]
236	[-43.88582526670157, -2]
236	[-43.88582526670157, -2]
236	[-43.88582526670157, -2]
236	[-43.88582526670157, -2]
236	[-43.88582526670157, -2]
236	[-43.88582526670157, -2]
236	[-43.88582526670157, -2]
236	[-43.88582526670157, -2]
237	[-57.90793103576729, 0]
237	[-43.88582526670157, -2]
237	[-43.88582526670157, -2]
237	[-43.88582526670157, -2]
237	[-43.88582526670157, -2]
237	[-43.88582526670157, -2]
237	[-43.88582526670157, -2]
237	[-43.88582526670157, -2]
237	[-43.88582526670157, -2]
237	[-43.88582526670157, -2]
237	[-43.88582526670157, -2]
237	[-43.88582526670157, -2]
237	[-43.88582526670157, -2]
237	[-43.88582526670157, -2]
237	[-43.88582526670157, -2]
237	[-43.88582526670157, -2]
237	[-43.88582526670157, -2]
237	[-43.88582526670157, -2]
237	[-43.88582526670157, -2]
237	[-43.88582526670157, -2]
237	[-43.88582526670157, -2]
237	[-43.88582526670157, -2]
237	[-43.88582526670157, -2]
237	[-43.88582526670157, -2]
237	[-43.88582526670157, -2]
237	[-43.88582526670157, -2]
237	[-43.88582526670157, -2]
237	[-43.88582526670157, -2]
237	[-43.88582526670157, -2]
237	[-43.88582526670157, -2]
237	[-43.88582526670157, -2]
237	[-43.88582526670157, -2]
237	[-43.88582526670157, -2]
237	[-43.88582526670157, -2]
237	[-43.88582526670157, -2]
237	[-43.88582526670157, -2]
237	[-43.88582526670157, -2]
237	[-43.88582526670157, -2]
237	[-43.88582526670157, -2]
237	[-43.88582526670157, -2]
237	[-43.88582526670157, -2]
237	[-43.88582526670157, -2]
237	[-43.88582526670157, -2]
237	[-43.88582526670157, -2]
237	[-43.88582526670157, -2]
237	[-43.88582526670157, -2]
237	[-43.88582526670157, -2]
237	[-43.88582526670157, -2]
237	[-43.88582526670157, -2]
237	[-43.88582526670157, -2]
237	[-43.88582526670157, -2]
237	[-43.88582526670157, -2]
237	[-43.88582526670157, -2]
237	[-43.88582526670157, -2]
237	[-43.88582526670157, -2]
237	[-43.88582526670157, -2]
237	[-43.88582526670157, -2]
237	[-43.88582526670157, -2]
237	[-43.88582526670157, -2]
237	[-43.88582526670157, -2]
237	[-43.88582526670157, -2]
237	[-43.88582526670157, -2]
237	[-43.88582526670157, -2]
237	[-43.88582526670157, -2]
237	[-43.88582526670157, -2]
237	[-43.88582526670157, -2]
237	[-43.88582526670157, -2]
237	[-43.88582526670157, -2]
237	[-43.88582526670157, -2]
237	[-43.88582526670157, -2]
237	[-43.88582526670157, -2]
237	[-43.88582526670157, -2]
237	[-43.88582526670157, -2]
237	[-43.88582526670157, -2]
237	[-43.88582526670157, -2]
237	[-43.88582526670157, -2]
237	[-43.88582526670157, -2]
237	[-43.88582526670157, -2]
237	[-43.88582526670157, -2]
237	[-43.88582526670157, -2]
238	[-57.90793103576729, 0]
238	[-43.88582526670157, -2]
238	[-43.88582526670157, -2]
238	[-43.88582526670157, -2]
238	[-43.88582526670157, -2]
238	[-43.88582526670157, -2]
238	[-43.88582526670157, -2]
238	[-43.88582526670157, -2]
238	[-43.88582526670157, -2]
238	[-43.88582526670157, -2]
238	[-43.88582526670157, -2]
238	[-43.88582526670157, -2]
238	[-43.88582526670157, -2]
238	[-43.88582526670157, -2]
238	[-43.88582526670157, -2]
238	[-43.88582526670157, -2]
238	[-43.88582526670157, -2]
238	[-43.88582526670157, -2]
238	[-43.88582526670157, -2]
238	[-43.88582526670157, -2]
238	[-43.88582526670157, -2]
238	[-43.88582526670157, -2]
238	[-43.88582526670157, -2]
238	[-43.88582526670157, -2]
238	[-43.88582526670157, -2]
238	[-43.88582526670157, -2]
238	[-43.88582526670157, -2]
238	[-43.88582526670157, -2]
238	[-43.88582526670157, -2]
238	[-43.88582526670157, -2]
238	[-43.88582526670157, -2]
238	[-43.88582526670157, -2]
238	[-43.88582526670157, -2]
238	[-43.88582526670157, -2]
238	[-43.88582526670157, -2]
238	[-43.88582526670157, -2]
238	[-43.88582526670157, -2]
238	[-43.88582526670157, -2]
238	[-43.88582526670157, -2]
238	[-43.88582526670157, -2]
238	[-43.88582526670157, -2]
238	[-43.88582526670157, -2]
238	[-43.88582526670157, -2]
238	[-43.88582526670157, -2]
238	[-43.88582526670157, -2]
238	[-43.88582526670157, -2]
238	[-43.88582526670157, -2]
238	[-43.88582526670157, -2]
238	[-43.88582526670157, -2]
238	[-43.88582526670157, -2]
238	[-43.88582526670157, -2]
238	[-43.88582526670157, -2]
238	[-43.88582526670157, -2]
238	[-43.88582526670157, -2]
238	[-43.88582526670157, -2]
238	[-43.88582526670157, -2]
238	[-43.88582526670157, -2]
238	[-43.88582526670157, -2]
238	[-43.88582526670157, -2]
238	[-43.88582526670157, -2]
238	[-43.88582526670157, -2]
238	[-43.88582526670157, -2]
238	[-43.88582526670157, -2]
238	[-43.88582526670157, -2]
238	[-43.88582526670157, -2]
238	[-43.88582526670157, -2]
238	[-43.88582526670157, -2]
238	[-43.88582526670157, -2]
238	[-43.88582526670157, -2]
238	[-43.88582526670157, -2]
238	[-43.88582526670157, -2]
238	[-43.88582526670157, -2]
238	[-43.88582526670157, -2]
238	[-43.88582526670157, -2]
238	[-43.88582526670157, -2]
238	[-43.88582526670157, -2]
238	[-43.88582526670157, -2]
238	[-43.88582526670157, -2]
238	[-43.88582526670157, -2]
238	[-43.88582526670157, -2]
239	[-57.90793103576729, 0]
239	[-43.88582526670157, -2]
239	[-43.88582526670157, -2]
239	[-43.88582526670157, -2]
239	[-43.88582526670157, -2]
239	[-43.88582526670157, -2]
239	[-43.88582526670157, -2]
239	[-43.88582526670157, -2]
239	[-43.88582526670157, -2]
239	[-43.88582526670157, -2]
239	[-43.88582526670157, -2]
239	[-43.88582526670157, -2]
239	[-43.88582526670157, -2]
239	[-43.88582526670157, -2]
239	[-43.88582526670157, -2]
239	[-43.88582526670157, -2]
239	[-43.88582526670157, -2]
239	[-43.88582526670157, -2]
239	[-43.88582526670157, -2]
239	[-43.88582526670157, -2]
239	[-43.88582526670157, -2]
239	[-43.88582526670157, -2]
239	[-43.88582526670157, -2]
239	[-43.88582526670157, -2]
239	[-43.88582526670157, -2]
239	[-43.88582526670157, -2]
239	[-43.88582526670157, -2]
239	[-43.88582526670157, -2]
239	[-43.88582526670157, -2]
239	[-43.88582526670157, -2]
239	[-43.88582526670157, -2]
239	[-43.88582526670157, -2]
239	[-43.88582526670157, -2]
239	[-43.88582526670157, -2]
239	[-43.88582526670157, -2]
239	[-43.88582526670157, -2]
239	[-43.88582526670157, -2]
239	[-43.88582526670157, -2]
239	[-43.88582526670157, -2]
239	[-43.88582526670157, -2]
239	[-43.88582526670157, -2]
239	[-43.88582526670157, -2]
239	[-43.88582526670157, -2]
239	[-43.88582526670157, -2]
239	[-43.88582526670157, -2]
239	[-43.88582526670157, -2]
239	[-43.88582526670157, -2]
239	[-43.88582526670157, -2]
239	[-43.88582526670157, -2]
239	[-43.88582526670157, -2]
239	[-43.88582526670157, -2]
239	[-43.88582526670157, -2]
239	[-43.88582526670157, -2]
239	[-43.88582526670157, -2]
239	[-43.88582526670157, -2]
239	[-43.88582526670157, -2]
239	[-43.88582526670157, -2]
239	[-43.88582526670157, -2]
239	[-43.88582526670157, -2]
239	[-43.88582526670157, -2]
239	[-43.88582526670157, -2]
239	[-43.88582526670157, -2]
239	[-43.88582526670157, -2]
239	[-43.88582526670157, -2]
239	[-43.88582526670157, -2]
239	[-43.88582526670157, -2]
239	[-43.88582526670157, -2]
239	[-43.88582526670157, -2]
239	[-43.88582526670157, -2]
239	[-43.88582526670157, -2]
239	[-43.88582526670157, -2]
239	[-43.88582526670157, -2]
239	[-43.88582526670157, -2]
239	[-43.88582526670157, -2]
239	[-43.88582526670157, -2]
239	[-43.88582526670157, -2]
239	[-43.88582526670157, -2]
239	[-43.88582526670157, -2]
239	[-43.88582526670157, -2]
239	[-43.88582526670157, -2]
240	[-57.90793103576729, 0]
240	[-43.88582526670157, -2]
240	[-43.88582526670157, -2]
240	[-43.88582526670157, -2]
240	[-43.88582526670157, -2]
240	[-43.88582526670157, -2]
240	[-43.88582526670157, -2]
240	[-43.88582526670157, -2]
240	[-43.88582526670157, -2]
240	[-43.88582526670157, -2]
240	[-43.88582526670157, -2]
240	[-43.88582526670157, -2]
240	[-43.88582526670157, -2]
240	[-43.88582526670157, -2]
240	[-43.88582526670157, -2]
240	[-43.88582526670157, -2]
240	[-43.88582526670157, -2]
240	[-43.88582526670157, -2]
240	[-43.88582526670157, -2]
240	[-43.88582526670157, -2]
240	[-43.88582526670157, -2]
240	[-43.88582526670157, -2]
240	[-43.88582526670157, -2]
240	[-43.88582526670157, -2]
240	[-43.88582526670157, -2]
240	[-43.88582526670157, -2]
240	[-43.88582526670157, -2]
240	[-43.88582526670157, -2]
240	[-43.88582526670157, -2]
240	[-43.88582526670157, -2]
240	[-43.88582526670157, -2]
240	[-43.88582526670157, -2]
240	[-43.88582526670157, -2]
240	[-43.88582526670157, -2]
240	[-43.88582526670157, -2]
240	[-43.88582526670157, -2]
240	[-43.88582526670157, -2]
240	[-43.88582526670157, -2]
240	[-43.88582526670157, -2]
240	[-43.88582526670157, -2]
240	[-43.88582526670157, -2]
240	[-43.88582526670157, -2]
240	[-43.88582526670157, -2]
240	[-43.88582526670157, -2]
240	[-43.88582526670157, -2]
240	[-43.88582526670157, -2]
240	[-43.88582526670157, -2]
240	[-43.88582526670157, -2]
240	[-43.88582526670157, -2]
240	[-43.88582526670157, -2]
240	[-43.88582526670157, -2]
240	[-43.88582526670157, -2]
240	[-43.88582526670157, -2]
240	[-43.88582526670157, -2]
240	[-43.88582526670157, -2]
240	[-43.88582526670157, -2]
240	[-43.88582526670157, -2]
240	[-43.88582526670157, -2]
240	[-43.88582526670157, -2]
240	[-43.88582526670157, -2]
240	[-43.88582526670157, -2]
240	[-43.88582526670157, -2]
240	[-43.88582526670157, -2]
240	[-43.88582526670157, -2]
240	[-43.88582526670157, -2]
240	[-43.88582526670157, -2]
240	[-43.88582526670157, -2]
240	[-43.88582526670157, -2]
240	[-43.88582526670157, -2]
240	[-43.88582526670157, -2]
240	[-43.88582526670157, -2]
240	[-43.88582526670157, -2]
240	[-43.88582526670157, -2]
240	[-43.88582526670157, -2]
240	[-43.88582526670157, -2]
240	[-43.88582526670157, -2]
240	[-43.88582526670157, -2]
240	[-43.88582526670157, -2]
240	[-43.88582526670157, -2]
240	[-43.88582526670157, -2]
241	[-57.90793103576729, 0]
241	[-43.88582526670157, -2]
241	[-43.88582526670157, -2]
241	[-43.88582526670157, -2]
241	[-43.88582526670157, -2]
241	[-43.88582526670157, -2]
241	[-43.88582526670157, -2]
241	[-43.88582526670157, -2]
241	[-43.88582526670157, -2]
241	[-43.88582526670157, -2]
241	[-43.88582526670157, -2]
241	[-43.88582526670157, -2]
241	[-43.88582526670157, -2]
241	[-43.88582526670157, -2]
241	[-43.88582526670157, -2]
241	[-43.88582526670157, -2]
241	[-43.88582526670157, -2]
241	[-43.88582526670157, -2]
241	[-43.88582526670157, -2]
241	[-43.88582526670157, -2]
241	[-43.88582526670157, -2]
241	[-43.88582526670157, -2]
241	[-43.88582526670157, -2]
241	[-43.88582526670157, -2]
241	[-43.88582526670157, -2]
241	[-43.88582526670157, -2]
241	[-43.88582526670157, -2]
241	[-43.88582526670157, -2]
241	[-43.88582526670157, -2]
241	[-43.88582526670157, -2]
241	[-43.88582526670157, -2]
241	[-43.88582526670157, -2]
241	[-43.88582526670157, -2]
241	[-43.88582526670157, -2]
241	[-43.88582526670157, -2]
241	[-43.88582526670157, -2]
241	[-43.88582526670157, -2]
241	[-43.88582526670157, -2]
241	[-43.88582526670157, -2]
241	[-43.88582526670157, -2]
241	[-43.88582526670157, -2]
241	[-43.88582526670157, -2]
241	[-43.88582526670157, -2]
241	[-43.88582526670157, -2]
241	[-43.88582526670157, -2]
241	[-43.88582526670157, -2]
241	[-43.88582526670157, -2]
241	[-43.88582526670157, -2]
241	[-43.88582526670157, -2]
241	[-43.88582526670157, -2]
241	[-43.88582526670157, -2]
241	[-43.88582526670157, -2]
241	[-43.88582526670157, -2]
241	[-43.88582526670157, -2]
241	[-43.88582526670157, -2]
241	[-43.88582526670157, -2]
241	[-43.88582526670157, -2]
241	[-43.88582526670157, -2]
241	[-43.88582526670157, -2]
241	[-43.88582526670157, -2]
241	[-43.88582526670157, -2]
241	[-43.88582526670157, -2]
241	[-43.88582526670157, -2]
241	[-43.88582526670157, -2]
241	[-43.88582526670157, -2]
241	[-43.88582526670157, -2]
241	[-43.88582526670157, -2]
241	[-43.88582526670157, -2]
241	[-43.88582526670157, -2]
241	[-43.88582526670157, -2]
241	[-43.88582526670157, -2]
241	[-43.88582526670157, -2]
241	[-43.88582526670157, -2]
241	[-43.88582526670157, -2]
241	[-43.88582526670157, -2]
241	[-43.88582526670157, -2]
241	[-43.88582526670157, -2]
241	[-43.88582526670157, -2]
241	[-43.88582526670157, -2]
241	[-43.88582526670157, -2]
242	[-57.90793103576729, 0]
242	[-43.88582526670157, -2]
242	[-43.88582526670157, -2]
242	[-43.88582526670157, -2]
242	[-43.88582526670157, -2]
242	[-43.88582526670157, -2]
242	[-43.88582526670157, -2]
242	[-43.88582526670157, -2]
242	[-43.88582526670157, -2]
242	[-43.88582526670157, -2]
242	[-43.88582526670157, -2]
242	[-43.88582526670157, -2]
242	[-43.88582526670157, -2]
242	[-43.88582526670157, -2]
242	[-43.88582526670157, -2]
242	[-43.88582526670157, -2]
242	[-43.88582526670157, -2]
242	[-43.88582526670157, -2]
242	[-43.88582526670157, -2]
242	[-43.88582526670157, -2]
242	[-43.88582526670157, -2]
242	[-43.88582526670157, -2]
242	[-43.88582526670157, -2]
242	[-43.88582526670157, -2]
242	[-43.88582526670157, -2]
242	[-43.88582526670157, -2]
242	[-43.88582526670157, -2]
242	[-43.88582526670157, -2]
242	[-43.88582526670157, -2]
242	[-43.88582526670157, -2]
242	[-43.88582526670157, -2]
242	[-43.88582526670157, -2]
242	[-43.88582526670157, -2]
242	[-43.88582526670157, -2]
242	[-43.88582526670157, -2]
242	[-43.88582526670157, -2]
242	[-43.88582526670157, -2]
242	[-43.88582526670157, -2]
242	[-43.88582526670157, -2]
242	[-43.88582526670157, -2]
242	[-43.88582526670157, -2]
242	[-43.88582526670157, -2]
242	[-43.88582526670157, -2]
242	[-43.88582526670157, -2]
242	[-43.88582526670157, -2]
242	[-43.88582526670157, -2]
242	[-43.88582526670157, -2]
242	[-43.88582526670157, -2]
242	[-43.88582526670157, -2]
242	[-43.88582526670157, -2]
242	[-43.88582526670157, -2]
242	[-43.88582526670157, -2]
242	[-43.88582526670157, -2]
242	[-43.88582526670157, -2]
242	[-43.88582526670157, -2]
242	[-43.88582526670157, -2]
242	[-43.88582526670157, -2]
242	[-43.88582526670157, -2]
242	[-43.88582526670157, -2]
242	[-43.88582526670157, -2]
242	[-43.88582526670157, -2]
242	[-43.88582526670157, -2]
242	[-43.88582526670157, -2]
242	[-43.88582526670157, -2]
242	[-43.88582526670157, -2]
242	[-43.88582526670157, -2]
242	[-43.88582526670157, -2]
242	[-43.88582526670157, -2]
242	[-43.88582526670157, -2]
242	[-43.88582526670157, -2]
242	[-43.88582526670157, -2]
242	[-43.88582526670157, -2]
242	[-43.88582526670157, -2]
242	[-43.88582526670157, -2]
242	[-43.88582526670157, -2]
242	[-43.88582526670157, -2]
242	[-43.88582526670157, -2]
242	[-43.88582526670157, -2]
242	[-43.88582526670157, -2]
242	[-43.88582526670157, -2]
243	[-57.90793103576729, 0]
243	[-43.88582526670157, -2]
243	[-43.88582526670157, -2]
243	[-43.88582526670157, -2]
243	[-43.88582526670157, -2]
243	[-43.88582526670157, -2]
243	[-43.88582526670157, -2]
243	[-43.88582526670157, -2]
243	[-43.88582526670157, -2]
243	[-43.88582526670157, -2]
243	[-43.88582526670157, -2]
243	[-43.88582526670157, -2]
243	[-43.88582526670157, -2]
243	[-43.88582526670157, -2]
243	[-43.88582526670157, -2]
243	[-43.88582526670157, -2]
243	[-43.88582526670157, -2]
243	[-43.88582526670157, -2]
243	[-43.88582526670157, -2]
243	[-43.88582526670157, -2]
243	[-43.88582526670157, -2]
243	[-43.88582526670157, -2]
243	[-43.88582526670157, -2]
243	[-43.88582526670157, -2]
243	[-43.88582526670157, -2]
243	[-43.88582526670157, -2]
243	[-43.88582526670157, -2]
243	[-43.88582526670157, -2]
243	[-43.88582526670157, -2]
243	[-43.88582526670157, -2]
243	[-43.88582526670157, -2]
243	[-43.88582526670157, -2]
243	[-43.88582526670157, -2]
243	[-43.88582526670157, -2]
243	[-43.88582526670157, -2]
243	[-43.88582526670157, -2]
243	[-43.88582526670157, -2]
243	[-43.88582526670157, -2]
243	[-43.88582526670157, -2]
243	[-43.88582526670157, -2]
243	[-43.88582526670157, -2]
243	[-43.88582526670157, -2]
243	[-43.88582526670157, -2]
243	[-43.88582526670157, -2]
243	[-43.88582526670157, -2]
243	[-43.88582526670157, -2]
243	[-43.88582526670157, -2]
243	[-43.88582526670157, -2]
243	[-43.88582526670157, -2]
243	[-43.88582526670157, -2]
243	[-43.88582526670157, -2]
243	[-43.88582526670157, -2]
243	[-43.88582526670157, -2]
243	[-43.88582526670157, -2]
243	[-43.88582526670157, -2]
243	[-43.88582526670157, -2]
243	[-43.88582526670157, -2]
243	[-43.88582526670157, -2]
243	[-43.88582526670157, -2]
243	[-43.88582526670157, -2]
243	[-43.88582526670157, -2]
243	[-43.88582526670157, -2]
243	[-43.88582526670157, -2]
243	[-43.88582526670157, -2]
243	[-43.88582526670157, -2]
243	[-43.88582526670157, -2]
243	[-43.88582526670157, -2]
243	[-43.88582526670157, -2]
243	[-43.88582526670157, -2]
243	[-43.88582526670157, -2]
243	[-43.88582526670157, -2]
243	[-43.88582526670157, -2]
243	[-43.88582526670157, -2]
243	[-43.88582526670157, -2]
243	[-43.88582526670157, -2]
243	[-43.88582526670157, -2]
243	[-43.88582526670157, -2]
243	[-43.88582526670157, -2]
243	[-43.88582526670157, -2]
243	[-43.88582526670157, -2]
244	[-57.90793103576729, 0]
244	[-43.88582526670157, -2]
244	[-43.88582526670157, -2]
244	[-43.88582526670157, -2]
244	[-43.88582526670157, -2]
244	[-43.88582526670157, -2]
244	[-43.88582526670157, -2]
244	[-43.88582526670157, -2]
244	[-43.88582526670157, -2]
244	[-43.88582526670157, -2]
244	[-43.88582526670157, -2]
244	[-43.88582526670157, -2]
244	[-43.88582526670157, -2]
244	[-43.88582526670157, -2]
244	[-43.88582526670157, -2]
244	[-43.88582526670157, -2]
244	[-43.88582526670157, -2]
244	[-43.88582526670157, -2]
244	[-43.88582526670157, -2]
244	[-43.88582526670157, -2]
244	[-43.88582526670157, -2]
244	[-43.88582526670157, -2]
244	[-43.88582526670157, -2]
244	[-43.88582526670157, -2]
244	[-43.88582526670157, -2]
244	[-43.88582526670157, -2]
244	[-43.88582526670157, -2]
244	[-43.88582526670157, -2]
244	[-43.88582526670157, -2]
244	[-43.88582526670157, -2]
244	[-43.88582526670157, -2]
244	[-43.88582526670157, -2]
244	[-43.88582526670157, -2]
244	[-43.88582526670157, -2]
244	[-43.88582526670157, -2]
244	[-43.88582526670157, -2]
244	[-43.88582526670157, -2]
244	[-43.88582526670157, -2]
244	[-43.88582526670157, -2]
244	[-43.88582526670157, -2]
244	[-43.88582526670157, -2]
244	[-43.88582526670157, -2]
244	[-43.88582526670157, -2]
244	[-43.88582526670157, -2]
244	[-43.88582526670157, -2]
244	[-43.88582526670157, -2]
244	[-43.88582526670157, -2]
244	[-43.88582526670157, -2]
244	[-43.88582526670157, -2]
244	[-43.88582526670157, -2]
244	[-43.88582526670157, -2]
244	[-43.88582526670157, -2]
244	[-43.88582526670157, -2]
244	[-43.88582526670157, -2]
244	[-43.88582526670157, -2]
244	[-43.88582526670157, -2]
244	[-43.88582526670157, -2]
244	[-43.88582526670157, -2]
244	[-43.88582526670157, -2]
244	[-43.88582526670157, -2]
244	[-43.88582526670157, -2]
244	[-43.88582526670157, -2]
244	[-43.88582526670157, -2]
244	[-43.88582526670157, -2]
244	[-43.88582526670157, -2]
244	[-43.88582526670157, -2]
244	[-43.88582526670157, -2]
244	[-43.88582526670157, -2]
244	[-43.88582526670157, -2]
244	[-43.88582526670157, -2]
244	[-43.88582526670157, -2]
244	[-43.88582526670157, -2]
244	[-43.88582526670157, -2]
244	[-43.88582526670157, -2]
244	[-43.88582526670157, -2]
244	[-43.88582526670157, -2]
244	[-43.88582526670157, -2]
244	[-43.88582526670157, -2]
244	[-43.88582526670157, -2]
244	[-43.88582526670157, -2]
245	[-57.90793103576729, 0]
245	[-43.88582526670157, -2]
245	[-43.88582526670157, -2]
245	[-43.88582526670157, -2]
245	[-43.88582526670157, -2]
245	[-43.88582526670157, -2]
245	[-43.88582526670157, -2]
245	[-43.88582526670157, -2]
245	[-43.88582526670157, -2]
245	[-43.88582526670157, -2]
245	[-43.88582526670157, -2]
245	[-43.88582526670157, -2]
245	[-43.88582526670157, -2]
245	[-43.88582526670157, -2]
245	[-43.88582526670157, -2]
245	[-43.88582526670157, -2]
245	[-43.88582526670157, -2]
245	[-43.88582526670157, -2]
245	[-43.88582526670157, -2]
245	[-43.88582526670157, -2]
245	[-43.88582526670157, -2]
245	[-43.88582526670157, -2]
245	[-43.88582526670157, -2]
245	[-43.88582526670157, -2]
245	[-43.88582526670157, -2]
245	[-43.88582526670157, -2]
245	[-43.88582526670157, -2]
245	[-43.88582526670157, -2]
245	[-43.88582526670157, -2]
245	[-43.88582526670157, -2]
245	[-43.88582526670157, -2]
245	[-43.88582526670157, -2]
245	[-43.88582526670157, -2]
245	[-43.88582526670157, -2]
245	[-43.88582526670157, -2]
245	[-43.88582526670157, -2]
245	[-43.88582526670157, -2]
245	[-43.88582526670157, -2]
245	[-43.88582526670157, -2]
245	[-43.88582526670157, -2]
245	[-43.88582526670157, -2]
245	[-43.88582526670157, -2]
245	[-43.88582526670157, -2]
245	[-43.88582526670157, -2]
245	[-43.88582526670157, -2]
245	[-43.88582526670157, -2]
245	[-43.88582526670157, -2]
245	[-43.88582526670157, -2]
245	[-43.88582526670157, -2]
245	[-43.88582526670157, -2]
245	[-43.88582526670157, -2]
245	[-43.88582526670157, -2]
245	[-43.88582526670157, -2]
245	[-43.88582526670157, -2]
245	[-43.88582526670157, -2]
245	[-43.88582526670157, -2]
245	[-43.88582526670157, -2]
245	[-43.88582526670157, -2]
245	[-43.88582526670157, -2]
245	[-43.88582526670157, -2]
245	[-43.88582526670157, -2]
245	[-43.88582526670157, -2]
245	[-43.88582526670157, -2]
245	[-43.88582526670157, -2]
245	[-43.88582526670157, -2]
245	[-43.88582526670157, -2]
245	[-43.88582526670157, -2]
245	[-43.88582526670157, -2]
245	[-43.88582526670157, -2]
245	[-43.88582526670157, -2]
245	[-43.88582526670157, -2]
245	[-43.88582526670157, -2]
245	[-43.88582526670157, -2]
245	[-43.88582526670157, -2]
245	[-43.88582526670157, -2]
245	[-43.88582526670157, -2]
245	[-43.88582526670157, -2]
245	[-43.88582526670157, -2]
245	[-43.88582526670157, -2]
245	[-43.88582526670157, -2]
246	[-57.90793103576729, 0]
246	[-43.88582526670157, -2]
246	[-43.88582526670157, -2]
246	[-43.88582526670157, -2]
246	[-43.88582526670157, -2]
246	[-43.88582526670157, -2]
246	[-43.88582526670157, -2]
246	[-43.88582526670157, -2]
246	[-43.88582526670157, -2]
246	[-43.88582526670157, -2]
246	[-43.88582526670157, -2]
246	[-43.88582526670157, -2]
246	[-43.88582526670157, -2]
246	[-43.88582526670157, -2]
246	[-43.88582526670157, -2]
246	[-43.88582526670157, -2]
246	[-43.88582526670157, -2]
246	[-43.88582526670157, -2]
246	[-43.88582526670157, -2]
246	[-43.88582526670157, -2]
246	[-43.88582526670157, -2]
246	[-43.88582526670157, -2]
246	[-43.88582526670157, -2]
246	[-43.88582526670157, -2]
246	[-43.88582526670157, -2]
246	[-43.88582526670157, -2]
246	[-43.88582526670157, -2]
246	[-43.88582526670157, -2]
246	[-43.88582526670157, -2]
246	[-43.88582526670157, -2]
246	[-43.88582526670157, -2]
246	[-43.88582526670157, -2]
246	[-43.88582526670157, -2]
246	[-43.88582526670157, -2]
246	[-43.88582526670157, -2]
246	[-43.88582526670157, -2]
246	[-43.88582526670157, -2]
246	[-43.88582526670157, -2]
246	[-43.88582526670157, -2]
246	[-43.88582526670157, -2]
246	[-43.88582526670157, -2]
246	[-43.88582526670157, -2]
246	[-43.88582526670157, -2]
246	[-43.88582526670157, -2]
246	[-43.88582526670157, -2]
246	[-43.88582526670157, -2]
246	[-43.88582526670157, -2]
246	[-43.88582526670157, -2]
246	[-43.88582526670157, -2]
246	[-43.88582526670157, -2]
246	[-43.88582526670157, -2]
246	[-43.88582526670157, -2]
246	[-43.88582526670157, -2]
246	[-43.88582526670157, -2]
246	[-43.88582526670157, -2]
246	[-43.88582526670157, -2]
246	[-43.88582526670157, -2]
246	[-43.88582526670157, -2]
246	[-43.88582526670157, -2]
246	[-43.88582526670157, -2]
246	[-43.88582526670157, -2]
246	[-43.88582526670157, -2]
246	[-43.88582526670157, -2]
246	[-43.88582526670157, -2]
246	[-43.88582526670157, -2]
246	[-43.88582526670157, -2]
246	[-43.88582526670157, -2]
246	[-43.88582526670157, -2]
246	[-43.88582526670157, -2]
246	[-43.88582526670157, -2]
246	[-43.88582526670157, -2]
246	[-43.88582526670157, -2]
246	[-43.88582526670157, -2]
246	[-43.88582526670157, -2]
246	[-43.88582526670157, -2]
246	[-43.88582526670157, -2]
246	[-43.88582526670157, -2]
246	[-43.88582526670157, -2]
246	[-43.88582526670157, -2]
246	[-43.88582526670157, -2]
247	[-57.90793103576729, 0]
247	[-43.88582526670157, -2]
247	[-43.88582526670157, -2]
247	[-43.88582526670157, -2]
247	[-43.88582526670157, -2]
247	[-43.88582526670157, -2]
247	[-43.88582526670157, -2]
247	[-43.88582526670157, -2]
247	[-43.88582526670157, -2]
247	[-43.88582526670157, -2]
247	[-43.88582526670157, -2]
247	[-43.88582526670157, -2]
247	[-43.88582526670157, -2]
247	[-43.88582526670157, -2]
247	[-43.88582526670157, -2]
247	[-43.88582526670157, -2]
247	[-43.88582526670157, -2]
247	[-43.88582526670157, -2]
247	[-43.88582526670157, -2]
247	[-43.88582526670157, -2]
247	[-43.88582526670157, -2]
247	[-43.88582526670157, -2]
247	[-43.88582526670157, -2]
247	[-43.88582526670157, -2]
247	[-43.88582526670157, -2]
247	[-43.88582526670157, -2]
247	[-43.88582526670157, -2]
247	[-43.88582526670157, -2]
247	[-43.88582526670157, -2]
247	[-43.88582526670157, -2]
247	[-43.88582526670157, -2]
247	[-43.88582526670157, -2]
247	[-43.88582526670157, -2]
247	[-43.88582526670157, -2]
247	[-43.88582526670157, -2]
247	[-43.88582526670157, -2]
247	[-43.88582526670157, -2]
247	[-43.88582526670157, -2]
247	[-43.88582526670157, -2]
247	[-43.88582526670157, -2]
247	[-43.88582526670157, -2]
247	[-43.88582526670157, -2]
247	[-43.88582526670157, -2]
247	[-43.88582526670157, -2]
247	[-43.88582526670157, -2]
247	[-43.88582526670157, -2]
247	[-43.88582526670157, -2]
247	[-43.88582526670157, -2]
247	[-43.88582526670157, -2]
247	[-43.88582526670157, -2]
247	[-43.88582526670157, -2]
247	[-43.88582526670157, -2]
247	[-43.88582526670157, -2]
247	[-43.88582526670157, -2]
247	[-43.88582526670157, -2]
247	[-43.88582526670157, -2]
247	[-43.88582526670157, -2]
247	[-43.88582526670157, -2]
247	[-43.88582526670157, -2]
247	[-43.88582526670157, -2]
247	[-43.88582526670157, -2]
247	[-43.88582526670157, -2]
247	[-43.88582526670157, -2]
247	[-43.88582526670157, -2]
247	[-43.88582526670157, -2]
247	[-43.88582526670157, -2]
247	[-43.88582526670157, -2]
247	[-43.88582526670157, -2]
247	[-43.88582526670157, -2]
247	[-43.88582526670157, -2]
247	[-43.88582526670157, -2]
247	[-43.88582526670157, -2]
247	[-43.88582526670157, -2]
247	[-43.88582526670157, -2]
247	[-43.88582526670157, -2]
247	[-43.88582526670157, -2]
247	[-43.88582526670157, -2]
247	[-43.88582526670157, -2]
247	[-43.88582526670157, -2]
247	[-43.88582526670157, -2]
248	[-57.90793103576729, 0]
248	[-43.88582526670157, -2]
248	[-43.88582526670157, -2]
248	[-43.88582526670157, -2]
248	[-43.88582526670157, -2]
248	[-43.88582526670157, -2]
248	[-43.88582526670157, -2]
248	[-43.88582526670157, -2]
248	[-43.88582526670157, -2]
248	[-43.88582526670157, -2]
248	[-43.88582526670157, -2]
248	[-43.88582526670157, -2]
248	[-43.88582526670157, -2]
248	[-43.88582526670157, -2]
248	[-43.88582526670157, -2]
248	[-43.88582526670157, -2]
248	[-43.88582526670157, -2]
248	[-43.88582526670157, -2]
248	[-43.88582526670157, -2]
248	[-43.88582526670157, -2]
248	[-43.88582526670157, -2]
248	[-43.88582526670157, -2]
248	[-43.88582526670157, -2]
248	[-43.88582526670157, -2]
248	[-43.88582526670157, -2]
248	[-43.88582526670157, -2]
248	[-43.88582526670157, -2]
248	[-43.88582526670157, -2]
248	[-43.88582526670157, -2]
248	[-43.88582526670157, -2]
248	[-43.88582526670157, -2]
248	[-43.88582526670157, -2]
248	[-43.88582526670157, -2]
248	[-43.88582526670157, -2]
248	[-43.88582526670157, -2]
248	[-43.88582526670157, -2]
248	[-43.88582526670157, -2]
248	[-43.88582526670157, -2]
248	[-43.88582526670157, -2]
248	[-43.88582526670157, -2]
248	[-43.88582526670157, -2]
248	[-43.88582526670157, -2]
248	[-43.88582526670157, -2]
248	[-43.88582526670157, -2]
248	[-43.88582526670157, -2]
248	[-43.88582526670157, -2]
248	[-43.88582526670157, -2]
248	[-43.88582526670157, -2]
248	[-43.88582526670157, -2]
248	[-43.88582526670157, -2]
248	[-43.88582526670157, -2]
248	[-43.88582526670157, -2]
248	[-43.88582526670157, -2]
248	[-43.88582526670157, -2]
248	[-43.88582526670157, -2]
248	[-43.88582526670157, -2]
248	[-43.88582526670157, -2]
248	[-43.88582526670157, -2]
248	[-43.88582526670157, -2]
248	[-43.88582526670157, -2]
248	[-43.88582526670157, -2]
248	[-43.88582526670157, -2]
248	[-43.88582526670157, -2]
248	[-43.88582526670157, -2]
248	[-43.88582526670157, -2]
248	[-43.88582526670157, -2]
248	[-43.88582526670157, -2]
248	[-43.88582526670157, -2]
248	[-43.88582526670157, -2]
248	[-43.88582526670157, -2]
248	[-43.88582526670157, -2]
248	[-43.88582526670157, -2]
248	[-43.88582526670157, -2]
248	[-43.88582526670157, -2]
248	[-43.88582526670157, -2]
248	[-43.88582526670157, -2]
248	[-43.88582526670157, -2]
248	[-43.88582526670157, -2]
248	[-43.88582526670157, -2]
248	[-43.88582526670157, -2]
249	[-57.90793103576729, 0]
249	[-43.88582526670157, -2]
249	[-43.88582526670157, -2]
249	[-43.88582526670157, -2]
249	[-43.88582526670157, -2]
249	[-43.88582526670157, -2]
249	[-43.88582526670157, -2]
249	[-43.88582526670157, -2]
249	[-43.88582526670157, -2]
249	[-43.88582526670157, -2]
249	[-43.88582526670157, -2]
249	[-43.88582526670157, -2]
249	[-43.88582526670157, -2]
249	[-43.88582526670157, -2]
249	[-43.88582526670157, -2]
249	[-43.88582526670157, -2]
249	[-43.88582526670157, -2]
249	[-43.88582526670157, -2]
249	[-43.88582526670157, -2]
249	[-43.88582526670157, -2]
249	[-43.88582526670157, -2]
249	[-43.88582526670157, -2]
249	[-43.88582526670157, -2]
249	[-43.88582526670157, -2]
249	[-43.88582526670157, -2]
249	[-43.88582526670157, -2]
249	[-43.88582526670157, -2]
249	[-43.88582526670157, -2]
249	[-43.88582526670157, -2]
249	[-43.88582526670157, -2]
249	[-43.88582526670157, -2]
249	[-43.88582526670157, -2]
249	[-43.88582526670157, -2]
249	[-43.88582526670157, -2]
249	[-43.88582526670157, -2]
249	[-43.88582526670157, -2]
249	[-43.88582526670157, -2]
249	[-43.88582526670157, -2]
249	[-43.88582526670157, -2]
249	[-43.88582526670157, -2]
249	[-43.88582526670157, -2]
249	[-43.88582526670157, -2]
249	[-43.88582526670157, -2]
249	[-43.88582526670157, -2]
249	[-43.88582526670157, -2]
249	[-43.88582526670157, -2]
249	[-43.88582526670157, -2]
249	[-43.88582526670157, -2]
249	[-43.88582526670157, -2]
249	[-43.88582526670157, -2]
249	[-43.88582526670157, -2]
249	[-43.88582526670157, -2]
249	[-43.88582526670157, -2]
249	[-43.88582526670157, -2]
249	[-43.88582526670157, -2]
249	[-43.88582526670157, -2]
249	[-43.88582526670157, -2]
249	[-43.88582526670157, -2]
249	[-43.88582526670157, -2]
249	[-43.88582526670157, -2]
249	[-43.88582526670157, -2]
249	[-43.88582526670157, -2]
249	[-43.88582526670157, -2]
249	[-43.88582526670157, -2]
249	[-43.88582526670157, -2]
249	[-43.88582526670157, -2]
249	[-43.88582526670157, -2]
249	[-43.88582526670157, -2]
249	[-43.88582526670157, -2]
249	[-43.88582526670157, -2]
249	[-43.88582526670157, -2]
249	[-43.88582526670157, -2]
249	[-43.88582526670157, -2]
249	[-43.88582526670157, -2]
249	[-43.88582526670157, -2]
249	[-43.88582526670157, -2]
249	[-43.88582526670157, -2]
249	[-43.88582526670157, -2]
249	[-43.88582526670157, -2]
249	[-43.88582526670157, -2]
250	[-57.90793103576729, 0]
250	[-43.88582526670157, -2]
250	[-43.88582526670157, -2]
250	[-43.88582526670157, -2]
250	[-43.88582526670157, -2]
250	[-43.88582526670157, -2]
250	[-43.88582526670157, -2]
250	[-43.88582526670157, -2]
250	[-43.88582526670157, -2]
250	[-43.88582526670157, -2]
250	[-43.88582526670157, -2]
250	[-43.88582526670157, -2]
250	[-43.88582526670157, -2]
250	[-43.88582526670157, -2]
250	[-43.88582526670157, -2]
250	[-43.88582526670157, -2]
250	[-43.88582526670157, -2]
250	[-43.88582526670157, -2]
250	[-43.88582526670157, -2]
250	[-43.88582526670157, -2]
250	[-43.88582526670157, -2]
250	[-43.88582526670157, -2]
250	[-43.88582526670157, -2]
250	[-43.88582526670157, -2]
250	[-43.88582526670157, -2]
250	[-43.88582526670157, -2]
250	[-43.88582526670157, -2]
250	[-43.88582526670157, -2]
250	[-43.88582526670157, -2]
250	[-43.88582526670157, -2]
250	[-43.88582526670157, -2]
250	[-43.88582526670157, -2]
250	[-43.88582526670157, -2]
250	[-43.88582526670157, -2]
250	[-43.88582526670157, -2]
250	[-43.88582526670157, -2]
250	[-43.88582526670157, -2]
250	[-43.88582526670157, -2]
250	[-43.88582526670157, -2]
250	[-43.88582526670157, -2]
250	[-43.88582526670157, -2]
250	[-43.88582526670157, -2]
250	[-43.88582526670157, -2]
250	[-43.88582526670157, -2]
250	[-43.88582526670157, -2]
250	[-43.88582526670157, -2]
250	[-43.88582526670157, -2]
250	[-43.88582526670157, -2]
250	[-43.88582526670157, -2]
250	[-43.88582526670157, -2]
250	[-43.88582526670157, -2]
250	[-43.88582526670157, -2]
250	[-43.88582526670157, -2]
250	[-43.88582526670157, -2]
250	[-43.88582526670157, -2]
250	[-43.88582526670157, -2]
250	[-43.88582526670157, -2]
250	[-43.88582526670157, -2]
250	[-43.88582526670157, -2]
250	[-43.88582526670157, -2]
250	[-43.88582526670157, -2]
250	[-43.88582526670157, -2]
250	[-43.88582526670157, -2]
250	[-43.88582526670157, -2]
250	[-43.88582526670157, -2]
250	[-43.88582526670157, -2]
250	[-43.88582526670157, -2]
250	[-43.88582526670157, -2]
250	[-43.88582526670157, -2]
250	[-43.88582526670157, -2]
250	[-43.88582526670157, -2]
250	[-43.88582526670157, -2]
250	[-43.88582526670157, -2]
250	[-43.88582526670157, -2]
250	[-43.88582526670157, -2]
250	[-43.88582526670157, -2]
250	[-43.88582526670157, -2]
250	[-43.88582526670157, -2]
250	[-43.88582526670157, -2]
250	[-43.88582526670157, -2]
251	[-57.90793103576729, 0]
251	[-43.88582526670157, -2]
251	[-43.88582526670157, -2]
251	[-43.88582526670157, -2]
251	[-43.88582526670157, -2]
251	[-43.88582526670157, -2]
251	[-43.88582526670157, -2]
251	[-43.88582526670157, -2]
251	[-43.88582526670157, -2]
251	[-43.88582526670157, -2]
251	[-43.88582526670157, -2]
251	[-43.88582526670157, -2]
251	[-43.88582526670157, -2]
251	[-43.88582526670157, -2]
251	[-43.88582526670157, -2]
251	[-43.88582526670157, -2]
251	[-43.88582526670157, -2]
251	[-43.88582526670157, -2]
251	[-43.88582526670157, -2]
251	[-43.88582526670157, -2]
251	[-43.88582526670157, -2]
251	[-43.88582526670157, -2]
251	[-43.88582526670157, -2]
251	[-43.88582526670157, -2]
251	[-43.88582526670157, -2]
251	[-43.88582526670157, -2]
251	[-43.88582526670157, -2]
251	[-43.88582526670157, -2]
251	[-43.88582526670157, -2]
251	[-43.88582526670157, -2]
251	[-43.88582526670157, -2]
251	[-43.88582526670157, -2]
251	[-43.88582526670157, -2]
251	[-43.88582526670157, -2]
251	[-43.88582526670157, -2]
251	[-43.88582526670157, -2]
251	[-43.88582526670157, -2]
251	[-43.88582526670157, -2]
251	[-43.88582526670157, -2]
251	[-43.88582526670157, -2]
251	[-43.88582526670157, -2]
251	[-43.88582526670157, -2]
251	[-43.88582526670157, -2]
251	[-43.88582526670157, -2]
251	[-43.88582526670157, -2]
251	[-43.88582526670157, -2]
251	[-43.88582526670157, -2]
251	[-43.88582526670157, -2]
251	[-43.88582526670157, -2]
251	[-43.88582526670157, -2]
251	[-43.88582526670157, -2]
251	[-43.88582526670157, -2]
251	[-43.88582526670157, -2]
251	[-43.88582526670157, -2]
251	[-43.88582526670157, -2]
251	[-43.88582526670157, -2]
251	[-43.88582526670157, -2]
251	[-43.88582526670157, -2]
251	[-43.88582526670157, -2]
251	[-43.88582526670157, -2]
251	[-43.88582526670157, -2]
251	[-43.88582526670157, -2]
251	[-43.88582526670157, -2]
251	[-43.88582526670157, -2]
251	[-43.88582526670157, -2]
251	[-43.88582526670157, -2]
251	[-43.88582526670157, -2]
251	[-43.88582526670157, -2]
251	[-43.88582526670157, -2]
251	[-43.88582526670157, -2]
251	[-43.88582526670157, -2]
251	[-43.88582526670157, -2]
251	[-43.88582526670157, -2]
251	[-43.88582526670157, -2]
251	[-43.88582526670157, -2]
251	[-43.88582526670157, -2]
251	[-43.88582526670157, -2]
251	[-43.88582526670157, -2]
251	[-43.88582526670157, -2]
251	[-43.88582526670157, -2]
252	[-57.90793103576729, 0]
252	[-43.88582526670157, -2]
252	[-43.88582526670157, -2]
252	[-43.88582526670157, -2]
252	[-43.88582526670157, -2]
252	[-43.88582526670157, -2]
252	[-43.88582526670157, -2]
252	[-43.88582526670157, -2]
252	[-43.88582526670157, -2]
252	[-43.88582526670157, -2]
252	[-43.88582526670157, -2]
252	[-43.88582526670157, -2]
252	[-43.88582526670157, -2]
252	[-43.88582526670157, -2]
252	[-43.88582526670157, -2]
252	[-43.88582526670157, -2]
252	[-43.88582526670157, -2]
252	[-43.88582526670157, -2]
252	[-43.88582526670157, -2]
252	[-43.88582526670157, -2]
252	[-43.88582526670157, -2]
252	[-43.88582526670157, -2]
252	[-43.88582526670157, -2]
252	[-43.88582526670157, -2]
252	[-43.88582526670157, -2]
252	[-43.88582526670157, -2]
252	[-43.88582526670157, -2]
252	[-43.88582526670157, -2]
252	[-43.88582526670157, -2]
252	[-43.88582526670157, -2]
252	[-43.88582526670157, -2]
252	[-43.88582526670157, -2]
252	[-43.88582526670157, -2]
252	[-43.88582526670157, -2]
252	[-43.88582526670157, -2]
252	[-43.88582526670157, -2]
252	[-43.88582526670157, -2]
252	[-43.88582526670157, -2]
252	[-43.88582526670157, -2]
252	[-43.88582526670157, -2]
252	[-43.88582526670157, -2]
252	[-43.88582526670157, -2]
252	[-43.88582526670157, -2]
252	[-43.88582526670157, -2]
252	[-43.88582526670157, -2]
252	[-43.88582526670157, -2]
252	[-43.88582526670157, -2]
252	[-43.88582526670157, -2]
252	[-43.88582526670157, -2]
252	[-43.88582526670157, -2]
252	[-43.88582526670157, -2]
252	[-43.88582526670157, -2]
252	[-43.88582526670157, -2]
252	[-43.88582526670157, -2]
252	[-43.88582526670157, -2]
252	[-43.88582526670157, -2]
252	[-43.88582526670157, -2]
252	[-43.88582526670157, -2]
252	[-43.88582526670157, -2]
252	[-43.88582526670157, -2]
252	[-43.88582526670157, -2]
252	[-43.88582526670157, -2]
252	[-43.88582526670157, -2]
252	[-43.88582526670157, -2]
252	[-43.88582526670157, -2]
252	[-43.88582526670157, -2]
252	[-43.88582526670157, -2]
252	[-43.88582526670157, -2]
252	[-43.88582526670157, -2]
252	[-43.88582526670157, -2]
252	[-43.88582526670157, -2]
252	[-43.88582526670157, -2]
252	[-43.88582526670157, -2]
252	[-43.88582526670157, -2]
252	[-43.88582526670157, -2]
252	[-43.88582526670157, -2]
252	[-43.88582526670157, -2]
252	[-43.88582526670157, -2]
252	[-43.88582526670157, -2]
252	[-43.88582526670157, -2]
253	[-57.90793103576729, 0]
253	[-43.88582526670157, -2]
253	[-43.88582526670157, -2]
253	[-43.88582526670157, -2]
253	[-43.88582526670157, -2]
253	[-43.88582526670157, -2]
253	[-43.88582526670157, -2]
253	[-43.88582526670157, -2]
253	[-43.88582526670157, -2]
253	[-43.88582526670157, -2]
253	[-43.88582526670157, -2]
253	[-43.88582526670157, -2]
253	[-43.88582526670157, -2]
253	[-43.88582526670157, -2]
253	[-43.88582526670157, -2]
253	[-43.88582526670157, -2]
253	[-43.88582526670157, -2]
253	[-43.88582526670157, -2]
253	[-43.88582526670157, -2]
253	[-43.88582526670157, -2]
253	[-43.88582526670157, -2]
253	[-43.88582526670157, -2]
253	[-43.88582526670157, -2]
253	[-43.88582526670157, -2]
253	[-43.88582526670157, -2]
253	[-43.88582526670157, -2]
253	[-43.88582526670157, -2]
253	[-43.88582526670157, -2]
253	[-43.88582526670157, -2]
253	[-43.88582526670157, -2]
253	[-43.88582526670157, -2]
253	[-43.88582526670157, -2]
253	[-43.88582526670157, -2]
253	[-43.88582526670157, -2]
253	[-43.88582526670157, -2]
253	[-43.88582526670157, -2]
253	[-43.88582526670157, -2]
253	[-43.88582526670157, -2]
253	[-43.88582526670157, -2]
253	[-43.88582526670157, -2]
253	[-43.88582526670157, -2]
253	[-43.88582526670157, -2]
253	[-43.88582526670157, -2]
253	[-43.88582526670157, -2]
253	[-43.88582526670157, -2]
253	[-43.88582526670157, -2]
253	[-43.88582526670157, -2]
253	[-43.88582526670157, -2]
253	[-43.88582526670157, -2]
253	[-43.88582526670157, -2]
253	[-43.88582526670157, -2]
253	[-43.88582526670157, -2]
253	[-43.88582526670157, -2]
253	[-43.88582526670157, -2]
253	[-43.88582526670157, -2]
253	[-43.88582526670157, -2]
253	[-43.88582526670157, -2]
253	[-43.88582526670157, -2]
253	[-43.88582526670157, -2]
253	[-43.88582526670157, -2]
253	[-43.88582526670157, -2]
253	[-43.88582526670157, -2]
253	[-43.88582526670157, -2]
253	[-43.88582526670157, -2]
253	[-43.88582526670157, -2]
253	[-43.88582526670157, -2]
253	[-43.88582526670157, -2]
253	[-43.88582526670157, -2]
253	[-43.88582526670157, -2]
253	[-43.88582526670157, -2]
253	[-43.88582526670157, -2]
253	[-43.88582526670157, -2]
253	[-43.88582526670157, -2]
253	[-43.88582526670157, -2]
253	[-43.88582526670157, -2]
253	[-43.88582526670157, -2]
253	[-43.88582526670157, -2]
253	[-43.88582526670157, -2]
253	[-43.88582526670157, -2]
253	[-43.88582526670157, -2]
254	[-57.90793103576729, 0]
254	[-56.5072835285625, -1]
254	[-43.88582526670157, -2]
254	[-43.88582526670157, -2]
254	[-43.88582526670157, -2]
254	[-43.88582526670157, -2]
254	[-43.88582526670157, -2]
254	[-43.88582526670157, -2]
254	[-43.88582526670157, -2]
254	[-43.88582526670157, -2]
254	[-43.88582526670157, -2]
254	[-43.88582526670157, -2]
254	[-43.88582526670157, -2]
254	[-43.88582526670157, -2]
254	[-43.88582526670157, -2]
254	[-43.88582526670157, -2]
254	[-43.88582526670157, -2]
254	[-43.88582526670157, -2]
254	[-43.88582526670157, -2]
254	[-43.88582526670157, -2]
254	[-43.88582526670157, -2]
254	[-43.88582526670157, -2]
254	[-43.88582526670157, -2]
254	[-43.88582526670157, -2]
254	[-43.88582526670157, -2]
254	[-43.88582526670157, -2]
254	[-43.88582526670157, -2]
254	[-43.88582526670157, -2]
254	[-43.88582526670157, -2]
254	[-43.88582526670157, -2]
254	[-43.88582526670157, -2]
254	[-43.88582526670157, -2]
254	[-43.88582526670157, -2]
254	[-43.88582526670157, -2]
254	[-43.88582526670157, -2]
254	[-43.88582526670157, -2]
254	[-43.88582526670157, -2]
254	[-43.88582526670157, -2]
254	[-43.88582526670157, -2]
254	[-43.88582526670157, -2]
254	[-43.88582526670157, -2]
254	[-43.88582526670157, -2]
254	[-43.88582526670157, -2]
254	[-43.88582526670157, -2]
254	[-43.88582526670157, -2]
254	[-43.88582526670157, -2]
254	[-43.88582526670157, -2]
254	[-43.88582526670157, -2]
254	[-43.88582526670157, -2]
254	[-43.88582526670157, -2]
254	[-43.88582526670157, -2]
254	[-43.88582526670157, -2]
254	[-43.88582526670157, -2]
254	[-43.88582526670157, -2]
254	[-43.88582526670157, -2]
254	[-43.88582526670157, -2]
254	[-43.88582526670157, -2]
254	[-43.88582526670157, -2]
254	[-43.88582526670157, -2]
254	[-43.88582526670157, -2]
254	[-43.88582526670157, -2]
254	[-43.88582526670157, -2]
254	[-43.88582526670157, -2]
254	[-43.88582526670157, -2]
254	[-43.88582526670157, -2]
254	[-43.88582526670157, -2]
254	[-43.88582526670157, -2]
254	[-43.88582526670157, -2]
254	[-43.88582526670157, -2]
254	[-43.88582526670157, -2]
254	[-43.88582526670157, -2]
254	[-43.88582526670157, -2]
254	[-43.88582526670157, -2]
254	[-43.88582526670157, -2]
254	[-43.88582526670157, -2]
254	[-43.88582526670157, -2]
254	[-43.88582526670157, -2]
254	[-43.88582526670157, -2]
254	[-43.88582526670157, -2]
254	[-43.88582526670157, -2]
255	[-57.90793103576729, 0]
255	[-56.5072835285625, -1]
255	[-43.88582526670157, -2]
255	[-43.88582526670157, -2]
255	[-43.88582526670157, -2]
255	[-43.88582526670157, -2]
255	[-43.88582526670157, -2]
255	[-43.88582526670157, -2]
255	[-43.88582526670157, -2]
255	[-43.88582526670157, -2]
255	[-43.88582526670157, -2]
255	[-43.88582526670157, -2]
255	[-43.88582526670157, -2]
255	[-43.88582526670157, -2]
255	[-43.88582526670157, -2]
255	[-43.88582526670157, -2]
255	[-43.88582526670157, -2]
255	[-43.88582526670157, -2]
255	[-43.88582526670157, -2]
255	[-43.88582526670157, -2]
255	[-43.88582526670157, -2]
255	[-43.88582526670157, -2]
255	[-43.88582526670157, -2]
255	[-43.88582526670157, -2]
255	[-43.88582526670157, -2]
255	[-43.88582526670157, -2]
255	[-43.88582526670157, -2]
255	[-43.88582526670157, -2]
255	[-43.88582526670157, -2]
255	[-43.88582526670157, -2]
255	[-43.88582526670157, -2]
255	[-43.88582526670157, -2]
255	[-43.88582526670157, -2]
255	[-43.88582526670157, -2]
255	[-43.88582526670157, -2]
255	[-43.88582526670157, -2]
255	[-43.88582526670157, -2]
255	[-43.88582526670157, -2]
255	[-43.88582526670157, -2]
255	[-43.88582526670157, -2]
255	[-43.88582526670157, -2]
255	[-43.88582526670157, -2]
255	[-43.88582526670157, -2]
255	[-43.88582526670157, -2]
255	[-43.88582526670157, -2]
255	[-43.88582526670157, -2]
255	[-43.88582526670157, -2]
255	[-43.88582526670157, -2]
255	[-43.88582526670157, -2]
255	[-43.88582526670157, -2]
255	[-43.88582526670157, -2]
255	[-43.88582526670157, -2]
255	[-43.88582526670157, -2]
255	[-43.88582526670157, -2]
255	[-43.88582526670157, -2]
255	[-43.88582526670157, -2]
255	[-43.88582526670157, -2]
255	[-43.88582526670157, -2]
255	[-43.88582526670157, -2]
255	[-43.88582526670157, -2]
255	[-43.88582526670157, -2]
255	[-43.88582526670157, -2]
255	[-43.88582526670157, -2]
255	[-43.88582526670157, -2]
255	[-43.88582526670157, -2]
255	[-43.88582526670157, -2]
255	[-43.88582526670157, -2]
255	[-43.88582526670157, -2]
255	[-43.88582526670157, -2]
255	[-43.88582526670157, -2]
255	[-43.88582526670157, -2]
255	[-43.88582526670157, -2]
255	[-43.88582526670157, -2]
255	[-43.88582526670157, -2]
255	[-43.88582526670157, -2]
255	[-43.88582526670157, -2]
255	[-43.88582526670157, -2]
255	[-43.88582526670157, -2]
255	[-43.88582526670157, -2]
255	[-43.88582526670157, -2]
256	[-57.90793103576729, 0]
256	[-56.5072835285625, -1]
256	[-43.88582526670157, -2]
256	[-43.88582526670157, -2]
256	[-43.88582526670157, -2]
256	[-43.88582526670157, -2]
256	[-43.88582526670157, -2]
256	[-43.88582526670157, -2]
256	[-43.88582526670157, -2]
256	[-43.88582526670157, -2]
256	[-43.88582526670157, -2]
256	[-43.88582526670157, -2]
256	[-43.88582526670157, -2]
256	[-43.88582526670157, -2]
256	[-43.88582526670157, -2]
256	[-43.88582526670157, -2]
256	[-43.88582526670157, -2]
256	[-43.88582526670157, -2]
256	[-43.88582526670157, -2]
256	[-43.88582526670157, -2]
256	[-43.88582526670157, -2]
256	[-43.88582526670157, -2]
256	[-43.88582526670157, -2]
256	[-43.88582526670157, -2]
256	[-43.88582526670157, -2]
256	[-43.88582526670157, -2]
256	[-43.88582526670157, -2]
256	[-43.88582526670157, -2]
256	[-43.88582526670157, -2]
256	[-43.88582526670157, -2]
256	[-43.88582526670157, -2]
256	[-43.88582526670157, -2]
256	[-43.88582526670157, -2]
256	[-43.88582526670157, -2]
256	[-43.88582526670157, -2]
256	[-43.88582526670157, -2]
256	[-43.88582526670157, -2]
256	[-43.88582526670157, -2]
256	[-43.88582526670157, -2]
256	[-43.88582526670157, -2]
256	[-43.88582526670157, -2]
256	[-43.88582526670157, -2]
256	[-43.88582526670157, -2]
256	[-43.88582526670157, -2]
256	[-43.88582526670157, -2]
256	[-43.88582526670157, -2]
256	[-43.88582526670157, -2]
256	[-43.88582526670157, -2]
256	[-43.88582526670157, -2]
256	[-43.88582526670157, -2]
256	[-43.88582526670157, -2]
256	[-43.88582526670157, -2]
256	[-43.88582526670157, -2]
256	[-43.88582526670157, -2]
256	[-43.88582526670157, -2]
256	[-43.88582526670157, -2]
256	[-43.88582526670157, -2]
256	[-43.88582526670157, -2]
256	[-43.88582526670157, -2]
256	[-43.88582526670157, -2]
256	[-43.88582526670157, -2]
256	[-43.88582526670157, -2]
256	[-43.88582526670157, -2]
256	[-43.88582526670157, -2]
256	[-43.88582526670157, -2]
256	[-43.88582526670157, -2]
256	[-43.88582526670157, -2]
256	[-43.88582526670157, -2]
256	[-43.88582526670157, -2]
256	[-43.88582526670157, -2]
256	[-43.88582526670157, -2]
256	[-43.88582526670157, -2]
256	[-43.88582526670157, -2]
256	[-43.88582526670157, -2]
256	[-43.88582526670157, -2]
256	[-43.88582526670157, -2]
256	[-43.88582526670157, -2]
256	[-43.88582526670157, -2]
256	[-43.88582526670157, -2]
256	[-43.88582526670157, -2]
257	[-56.5072835285625, -1]
257	[-43.88582526670157, -2]
257	[-43.88582526670157, -2]
257	[-43.88582526670157, -2]
257	[-43.88582526670157, -2]
257	[-43.88582526670157, -2]
257	[-43.88582526670157, -2]
257	[-43.88582526670157, -2]
257	[-43.88582526670157, -2]
257	[-43.88582526670157, -2]
257	[-43.88582526670157, -2]
257	[-43.88582526670157, -2]
257	[-43.88582526670157, -2]
257	[-43.88582526670157, -2]
257	[-43.88582526670157, -2]
257	[-43.88582526670157, -2]
257	[-43.88582526670157, -2]
257	[-43.88582526670157, -2]
257	[-43.88582526670157, -2]
257	[-43.88582526670157, -2]
257	[-43.88582526670157, -2]
257	[-43.88582526670157, -2]
257	[-43.88582526670157, -2]
257	[-43.88582526670157, -2]
257	[-43.88582526670157, -2]
257	[-43.88582526670157, -2]
257	[-43.88582526670157, -2]
257	[-43.88582526670157, -2]
257	[-43.88582526670157, -2]
257	[-43.88582526670157, -2]
257	[-43.88582526670157, -2]
257	[-43.88582526670157, -2]
257	[-43.88582526670157, -2]
257	[-43.88582526670157, -2]
257	[-43.88582526670157, -2]
257	[-43.88582526670157, -2]
257	[-43.88582526670157, -2]
257	[-43.88582526670157, -2]
257	[-43.88582526670157, -2]
257	[-43.88582526670157, -2]
257	[-43.88582526670157, -2]
257	[-43.88582526670157, -2]
257	[-43.88582526670157, -2]
257	[-43.88582526670157, -2]
257	[-43.88582526670157, -2]
257	[-43.88582526670157, -2]
257	[-43.88582526670157, -2]
257	[-43.88582526670157, -2]
257	[-43.88582526670157, -2]
257	[-43.88582526670157, -2]
257	[-43.88582526670157, -2]
257	[-43.88582526670157, -2]
257	[-43.88582526670157, -2]
257	[-43.88582526670157, -2]
257	[-43.88582526670157, -2]
257	[-43.88582526670157, -2]
257	[-43.88582526670157, -2]
257	[-43.88582526670157, -2]
257	[-43.88582526670157, -2]
257	[-43.88582526670157, -2]
257	[-43.88582526670157, -2]
257	[-43.88582526670157, -2]
257	[-43.88582526670157, -2]
257	[-43.88582526670157, -2]
257	[-43.88582526670157, -2]
257	[-43.88582526670157, -2]
257	[-43.88582526670157, -2]
257	[-43.88582526670157, -2]
257	[-43.88582526670157, -2]
257	[-43.88582526670157, -2]
257	[-43.88582526670157, -2]
257	[-43.88582526670157, -2]
257	[-43.88582526670157, -2]
257	[-43.88582526670157, -2]
257	[-43.88582526670157, -2]
257	[-43.88582526670157, -2]
257	[-43.88582526670157, -2]
257	[-43.88582526670157, -2]
257	[-43.88582526670157, -2]
257	[-43.88582526670157, -2]
258	[-125.87944307524201, 0]
258	[-43.88582526670157, -2]
258	[-43.88582526670157, -2]
258	[-43.88582526670157, -2]
258	[-43.88582526670157, -2]
258	[-43.88582526670157, -2]
258	[-43.88582526670157, -2]
258	[-43.88582526670157, -2]
258	[-43.88582526670157, -2]
258	[-43.88582526670157, -2]
258	[-43.88582526670157, -2]
258	[-43.88582526670157, -2]
258	[-43.88582526670157, -2]
258	[-43.88582526670157, -2]
258	[-43.88582526670157, -2]
258	[-43.88582526670157, -2]
258	[-43.88582526670157, -2]
258	[-43.88582526670157, -2]
258	[-43.88582526670157, -2]
258	[-43.88582526670157, -2]
258	[-43.88582526670157, -2]
258	[-43.88582526670157, -2]
258	[-43.88582526670157, -2]
258	[-43.88582526670157, -2]
258	[-43.88582526670157, -2]
258	[-43.88582526670157, -2]
258	[-43.88582526670157, -2]
258	[-43.88582526670157, -2]
258	[-43.88582526670157, -2]
258	[-43.88582526670157, -2]
258	[-43.88582526670157, -2]
258	[-43.88582526670157, -2]
258	[-43.88582526670157, -2]
258	[-43.88582526670157, -2]
258	[-43.88582526670157, -2]
258	[-43.88582526670157, -2]
258	[-43.88582526670157, -2]
258	[-43.88582526670157, -2]
258	[-43.88582526670157, -2]
258	[-43.88582526670157, -2]
258	[-43.88582526670157, -2]
258	[-43.88582526670157, -2]
258	[-43.88582526670157, -2]
258	[-43.88582526670157, -2]
258	[-43.88582526670157, -2]
258	[-43.88582526670157, -2]
258	[-43.88582526670157, -2]
258	[-43.88582526670157, -2]
258	[-43.88582526670157, -2]
258	[-43.88582526670157, -2]
258	[-43.88582526670157, -2]
258	[-43.88582526670157, -2]
258	[-43.88582526670157, -2]
258	[-43.88582526670157, -2]
258	[-43.88582526670157, -2]
258	[-43.88582526670157, -2]
258	[-43.88582526670157, -2]
258	[-43.88582526670157, -2]
258	[-43.88582526670157, -2]
258	[-43.88582526670157, -2]
258	[-43.88582526670157, -2]
258	[-43.88582526670157, -2]
258	[-43.88582526670157, -2]
258	[-43.88582526670157, -2]
258	[-43.88582526670157, -2]
258	[-43.88582526670157, -2]
258	[-43.88582526670157, -2]
258	[-43.88582526670157, -2]
258	[-43.88582526670157, -2]
258	[-43.88582526670157, -2]
258	[-43.88582526670157, -2]
258	[-43.88582526670157, -2]
258	[-43.88582526670157, -2]
258	[-43.88582526670157, -2]
258	[-43.88582526670157, -2]
258	[-43.88582526670157, -2]
258	[-43.88582526670157, -2]
258	[-43.88582526670157, -2]
258	[-43.88582526670157, -2]
258	[-43.88582526670157, -2]
259	[-96.30717033791805, 0]
259	[-43.88582526670157, -2]
259	[-43.88582526670157, -2]
259	[-43.88582526670157, -2]
259	[-43.88582526670157, -2]
259	[-43.88582526670157, -2]
259	[-43.88582526670157, -2]
259	[-43.88582526670157, -2]
259	[-43.88582526670157, -2]
259	[-43.88582526670157, -2]
259	[-43.88582526670157, -2]
259	[-43.88582526670157, -2]
259	[-43.88582526670157, -2]
259	[-43.88582526670157, -2]
259	[-43.88582526670157, -2]
259	[-43.88582526670157, -2]
259	[-43.88582526670157, -2]
259	[-43.88582526670157, -2]
259	[-43.88582526670157, -2]
259	[-43.88582526670157, -2]
259	[-43.88582526670157, -2]
259	[-43.88582526670157, -2]
259	[-43.88582526670157, -2]
259	[-43.88582526670157, -2]
259	[-43.88582526670157, -2]
259	[-43.88582526670157, -2]
259	[-43.88582526670157, -2]
259	[-43.88582526670157, -2]
259	[-43.88582526670157, -2]
259	[-43.88582526670157, -2]
259	[-43.88582526670157, -2]
259	[-43.88582526670157, -2]
259	[-43.88582526670157, -2]
259	[-43.88582526670157, -2]
259	[-43.88582526670157, -2]
259	[-43.88582526670157, -2]
259	[-43.88582526670157, -2]
259	[-43.88582526670157, -2]
259	[-43.88582526670157, -2]
259	[-43.88582526670157, -2]
259	[-43.88582526670157, -2]
259	[-43.88582526670157, -2]
259	[-43.88582526670157, -2]
259	[-43.88582526670157, -2]
259	[-43.88582526670157, -2]
259	[-43.88582526670157, -2]
259	[-43.88582526670157, -2]
259	[-43.88582526670157, -2]
259	[-43.88582526670157, -2]
259	[-43.88582526670157, -2]
259	[-43.88582526670157, -2]
259	[-43.88582526670157, -2]
259	[-43.88582526670157, -2]
259	[-43.88582526670157, -2]
259	[-43.88582526670157, -2]
259	[-43.88582526670157, -2]
259	[-43.88582526670157, -2]
259	[-43.88582526670157, -2]
259	[-43.88582526670157, -2]
259	[-43.88582526670157, -2]
259	[-43.88582526670157, -2]
259	[-43.88582526670157, -2]
259	[-43.88582526670157, -2]
259	[-43.88582526670157, -2]
259	[-43.88582526670157, -2]
259	[-43.88582526670157, -2]
259	[-43.88582526670157, -2]
259	[-43.88582526670157, -2]
259	[-43.88582526670157, -2]
259	[-43.88582526670157, -2]
259	[-43.88582526670157, -2]
259	[-43.88582526670157, -2]
259	[-43.88582526670157, -2]
259	[-43.88582526670157, -2]
259	[-43.88582526670157, -2]
259	[-43.88582526670157, -2]
259	[-43.88582526670157, -2]
259	[-43.88582526670157, -2]
259	[-43.88582526670157, -2]
259	[-43.88582526670157, -2]
260	[-96.30717033791805, 0]
260	[-96.30717033791805, 0]
260	[-43.88582526670157, -2]
260	[-43.88582526670157, -2]
260	[-43.88582526670157, -2]
260	[-43.88582526670157, -2]
260	[-43.88582526670157, -2]
260	[-43.88582526670157, -2]
260	[-43.88582526670157, -2]
260	[-43.88582526670157, -2]
260	[-43.88582526670157, -2]
260	[-43.88582526670157, -2]
260	[-43.88582526670157, -2]
260	[-43.88582526670157, -2]
260	[-43.88582526670157, -2]
260	[-43.88582526670157, -2]
260	[-43.88582526670157, -2]
260	[-43.88582526670157, -2]
260	[-43.88582526670157, -2]
260	[-43.88582526670157, -2]
260	[-43.88582526670157, -2]
260	[-43.88582526670157, -2]
260	[-43.88582526670157, -2]
260	[-43.88582526670157, -2]
260	[-43.88582526670157, -2]
260	[-43.88582526670157, -2]
260	[-43.88582526670157, -2]
260	[-43.88582526670157, -2]
260	[-43.88582526670157, -2]
260	[-43.88582526670157, -2]
260	[-43.88582526670157, -2]
260	[-43.88582526670157, -2]
260	[-43.88582526670157, -2]
260	[-43.88582526670157, -2]
260	[-43.88582526670157, -2]
260	[-43.88582526670157, -2]
260	[-43.88582526670157, -2]
260	[-43.88582526670157, -2]
260	[-43.88582526670157, -2]
260	[-43.88582526670157, -2]
260	[-43.88582526670157, -2]
260	[-43.88582526670157, -2]
260	[-43.88582526670157, -2]
260	[-43.88582526670157, -2]
260	[-43.88582526670157, -2]
260	[-43.88582526670157, -2]
260	[-43.88582526670157, -2]
260	[-43.88582526670157, -2]
260	[-43.88582526670157, -2]
260	[-43.88582526670157, -2]
260	[-43.88582526670157, -2]
260	[-43.88582526670157, -2]
260	[-43.88582526670157, -2]
260	[-43.88582526670157, -2]
260	[-43.88582526670157, -2]
260	[-43.88582526670157, -2]
260	[-43.88582526670157, -2]
260	[-43.88582526670157, -2]
260	[-43.88582526670157, -2]
260	[-43.88582526670157, -2]
260	[-43.88582526670157, -2]
260	[-43.88582526670157, -2]
260	[-43.88582526670157, -2]
260	[-43.88582526670157, -2]
260	[-43.88582526670157, -2]
260	[-43.88582526670157, -2]
260	[-43.88582526670157, -2]
260	[-43.88582526670157, -2]
260	[-43.88582526670157, -2]
260	[-43.88582526670157, -2]
260	[-43.88582526670157, -2]
260	[-43.88582526670157, -2]
260	[-43.88582526670157, -2]
260	[-43.88582526670157, -2]
260	[-43.88582526670157, -2]
260	[-43.88582526670157, -2]
260	[-43.88582526670157, -2]
260	[-43.88582526670157, -2]
260	[-43.88582526670157, -2]
260	[-43.88582526670157, -2]
261	[-96.3062183907785, 0]
261	[-43.88582526670157, -2]
261	[-43.88582526670157, -2]
261	[-43.88582526670157, -2]
261	[-43.88582526670157, -2]
261	[-43.88582526670157, -2]
261	[-43.88582526670157, -2]
261	[-43.88582526670157, -2]
261	[-43.88582526670157, -2]
261	[-43.88582526670157, -2]
261	[-43.88582526670157, -2]
261	[-43.88582526670157, -2]
261	[-43.88582526670157, -2]
261	[-43.88582526670157, -2]
261	[-43.88582526670157, -2]
261	[-43.88582526670157, -2]
261	[-43.88582526670157, -2]
261	[-43.88582526670157, -2]
261	[-43.88582526670157, -2]
261	[-43.88582526670157, -2]
261	[-43.88582526670157, -2]
261	[-43.88582526670157, -2]
261	[-43.88582526670157, -2]
261	[-43.88582526670157, -2]
261	[-43.88582526670157, -2]
261	[-43.88582526670157, -2]
261	[-43.88582526670157, -2]
261	[-43.88582526670157, -2]
261	[-43.88582526670157, -2]
261	[-43.88582526670157, -2]
261	[-43.88582526670157, -2]
261	[-43.88582526670157, -2]
261	[-43.88582526670157, -2]
261	[-43.88582526670157, -2]
261	[-43.88582526670157, -2]
261	[-43.88582526670157, -2]
261	[-43.88582526670157, -2]
261	[-43.88582526670157, -2]
261	[-43.88582526670157, -2]
261	[-43.88582526670157, -2]
261	[-43.88582526670157, -2]
261	[-43.88582526670157, -2]
261	[-43.88582526670157, -2]
261	[-43.88582526670157, -2]
261	[-43.88582526670157, -2]
261	[-43.88582526670157, -2]
261	[-43.88582526670157, -2]
261	[-43.88582526670157, -2]
261	[-43.88582526670157, -2]
261	[-43.88582526670157, -2]
261	[-43.88582526670157, -2]
261	[-43.88582526670157, -2]
261	[-43.88582526670157, -2]
261	[-43.88582526670157, -2]
261	[-43.88582526670157, -2]
261	[-43.88582526670157, -2]
261	[-43.88582526670157, -2]
261	[-43.88582526670157, -2]
261	[-43.88582526670157, -2]
261	[-43.88582526670157, -2]
261	[-43.88582526670157, -2]
261	[-43.88582526670157, -2]
261	[-43.88582526670157, -2]
261	[-43.88582526670157, -2]
261	[-43.88582526670157, -2]
261	[-43.88582526670157, -2]
261	[-43.88582526670157, -2]
261	[-43.88582526670157, -2]
261	[-43.88582526670157, -2]
261	[-43.88582526670157, -2]
261	[-43.88582526670157, -2]
261	[-43.88582526670157, -2]
261	[-43.88582526670157, -2]
261	[-43.88582526670157, -2]
261	[-43.88582526670157, -2]
261	[-43.88582526670157, -2]
261	[-43.88582526670157, -2]
261	[-43.88582526670157, -2]
261	[-43.88582526670157, -2]
261	[-43.88582526670157, -2]
262	[-77.88909348117677, 0]
262	[-43.88582526670157, -2]
262	[-43.88582526670157, -2]
262	[-43.88582526670157, -2]
262	[-43.88582526670157, -2]
262	[-43.88582526670157, -2]
262	[-43.88582526670157, -2]
262	[-43.88582526670157, -2]
262	[-43.88582526670157, -2]
262	[-43.88582526670157, -2]
262	[-43.88582526670157, -2]
262	[-43.88582526670157, -2]
262	[-43.88582526670157, -2]
262	[-43.88582526670157, -2]
262	[-43.88582526670157, -2]
262	[-43.88582526670157, -2]
262	[-43.88582526670157, -2]
262	[-43.88582526670157, -2]
262	[-43.88582526670157, -2]
262	[-43.88582526670157, -2]
262	[-43.88582526670157, -2]
262	[-43.88582526670157, -2]
262	[-43.88582526670157, -2]
262	[-43.88582526670157, -2]
262	[-43.88582526670157, -2]
262	[-43.88582526670157, -2]
262	[-43.88582526670157, -2]
262	[-43.88582526670157, -2]
262	[-43.88582526670157, -2]
262	[-43.88582526670157, -2]
262	[-43.88582526670157, -2]
262	[-43.88582526670157, -2]
262	[-43.88582526670157, -2]
262	[-43.88582526670157, -2]
262	[-43.88582526670157, -2]
262	[-43.88582526670157, -2]
262	[-43.88582526670157, -2]
262	[-43.88582526670157, -2]
262	[-43.88582526670157, -2]
262	[-43.88582526670157, -2]
262	[-43.88582526670157, -2]
262	[-43.88582526670157, -2]
262	[-43.88582526670157, -2]
262	[-43.88582526670157, -2]
262	[-43.88582526670157, -2]
262	[-43.88582526670157, -2]
262	[-43.88582526670157, -2]
262	[-43.88582526670157, -2]
262	[-43.88582526670157, -2]
262	[-43.88582526670157, -2]
262	[-43.88582526670157, -2]
262	[-43.88582526670157, -2]
262	[-43.88582526670157, -2]
262	[-43.88582526670157, -2]
262	[-43.88582526670157, -2]
262	[-43.88582526670157, -2]
262	[-43.88582526670157, -2]
262	[-43.88582526670157, -2]
262	[-43.88582526670157, -2]
262	[-43.88582526670157, -2]
262	[-43.88582526670157, -2]
262	[-43.88582526670157, -2]
262	[-43.88582526670157, -2]
262	[-43.88582526670157, -2]
262	[-43.88582526670157, -2]
262	[-43.88582526670157, -2]
262	[-43.88582526670157, -2]
262	[-43.88582526670157, -2]
262	[-43.88582526670157, -2]
262	[-43.88582526670157, -2]
262	[-43.88582526670157, -2]
262	[-43.88582526670157, -2]
262	[-43.88582526670157, -2]
262	[-43.88582526670157, -2]
262	[-43.88582526670157, -2]
262	[-43.88582526670157, -2]
262	[-43.88582526670157, -2]
262	[-43.88582526670157, -2]
262	[-43.88582526670157, -2]
262	[-43.88582526670157, -2]
263	[-77.88909348117677, 0]
263	[-56.47464081819125, -1]
263	[-43.88582526670157, -2]
263	[-43.88582526670157, -2]
263	[-43.88582526670157, -2]
263	[-43.88582526670157, -2]
263	[-43.88582526670157, -2]
263	[-43.88582526670157, -2]
263	[-43.88582526670157, -2]
263	[-43.88582526670157, -2]
263	[-43.88582526670157, -2]
263	[-43.88582526670157, -2]
263	[-43.88582526670157, -2]
263	[-43.88582526670157, -2]
263	[-43.88582526670157, -2]
263	[-43.88582526670157, -2]
263	[-43.88582526670157, -2]
263	[-43.88582526670157, -2]
263	[-43.88582526670157, -2]
263	[-43.88582526670157, -2]
263	[-43.88582526670157, -2]
263	[-43.88582526670157, -2]
263	[-43.88582526670157, -2]
263	[-43.88582526670157, -2]
263	[-43.88582526670157, -2]
263	[-43.88582526670157, -2]
263	[-43.88582526670157, -2]
263	[-43.88582526670157, -2]
263	[-43.88582526670157, -2]
263	[-43.88582526670157, -2]
263	[-43.88582526670157, -2]
263	[-43.88582526670157, -2]
263	[-43.88582526670157, -2]
263	[-43.88582526670157, -2]
263	[-43.88582526670157, -2]
263	[-43.88582526670157, -2]
263	[-43.88582526670157, -2]
263	[-43.88582526670157, -2]
263	[-43.88582526670157, -2]
263	[-43.88582526670157, -2]
263	[-43.88582526670157, -2]
263	[-43.88582526670157, -2]
263	[-43.88582526670157, -2]
263	[-43.88582526670157, -2]
263	[-43.88582526670157, -2]
263	[-43.88582526670157, -2]
263	[-43.88582526670157, -2]
263	[-43.88582526670157, -2]
263	[-43.88582526670157, -2]
263	[-43.88582526670157, -2]
263	[-43.88582526670157, -2]
263	[-43.88582526670157, -2]
263	[-43.88582526670157, -2]
263	[-43.88582526670157, -2]
263	[-43.88582526670157, -2]
263	[-43.88582526670157, -2]
263	[-43.88582526670157, -2]
263	[-43.88582526670157, -2]
263	[-43.88582526670157, -2]
263	[-43.88582526670157, -2]
263	[-43.88582526670157, -2]
263	[-43.88582526670157, -2]
263	[-43.88582526670157, -2]
263	[-43.88582526670157, -2]
263	[-43.88582526670157, -2]
263	[-43.88582526670157, -2]
263	[-43.88582526670157, -2]
263	[-43.88582526670157, -2]
263	[-43.88582526670157, -2]
263	[-43.88582526670157, -2]
263	[-43.88582526670157, -2]
263	[-43.88582526670157, -2]
263	[-43.88582526670157, -2]
263	[-43.88582526670157, -2]
263	[-43.88582526670157, -2]
263	[-43.88582526670157, -2]
263	[-43.88582526670157, -2]
263	[-43.88582526670157, -2]
263	[-43.88582526670157, -2]
263	[-43.88582526670157, -2]
264	[-77.88909348117677, 0]
264	[-43.88582526670157, -2]
264	[-43.88582526670157, -2]
264	[-43.88582526670157, -2]
264	[-43.88582526670157, -2]
264	[-43.88582526670157, -2]
264	[-43.88582526670157, -2]
264	[-43.88582526670157, -2]
264	[-43.88582526670157, -2]
264	[-43.88582526670157, -2]
264	[-43.88582526670157, -2]
264	[-43.88582526670157, -2]
264	[-43.88582526670157, -2]
264	[-43.88582526670157, -2]
264	[-43.88582526670157, -2]
264	[-43.88582526670157, -2]
264	[-43.88582526670157, -2]
264	[-43.88582526670157, -2]
264	[-43.88582526670157, -2]
264	[-43.88582526670157, -2]
264	[-43.88582526670157, -2]
264	[-43.88582526670157, -2]
264	[-43.88582526670157, -2]
264	[-43.88582526670157, -2]
264	[-43.88582526670157, -2]
264	[-43.88582526670157, -2]
264	[-43.88582526670157, -2]
264	[-43.88582526670157, -2]
264	[-43.88582526670157, -2]
264	[-43.88582526670157, -2]
264	[-43.88582526670157, -2]
264	[-43.88582526670157, -2]
264	[-43.88582526670157, -2]
264	[-43.88582526670157, -2]
264	[-43.88582526670157, -2]
264	[-43.88582526670157, -2]
264	[-43.88582526670157, -2]
264	[-43.88582526670157, -2]
264	[-43.88582526670157, -2]
264	[-43.88582526670157, -2]
264	[-43.88582526670157, -2]
264	[-43.88582526670157, -2]
264	[-43.88582526670157, -2]
264	[-43.88582526670157, -2]
264	[-43.88582526670157, -2]
264	[-43.88582526670157, -2]
264	[-43.88582526670157, -2]
264	[-43.88582526670157, -2]
264	[-43.88582526670157, -2]
264	[-43.88582526670157, -2]
264	[-43.88582526670157, -2]
264	[-43.88582526670157, -2]
264	[-43.88582526670157, -2]
264	[-43.88582526670157, -2]
264	[-43.88582526670157, -2]
264	[-43.88582526670157, -2]
264	[-43.88582526670157, -2]
264	[-43.88582526670157, -2]
264	[-43.88582526670157, -2]
264	[-43.88582526670157, -2]
264	[-43.88582526670157, -2]
264	[-43.88582526670157, -2]
264	[-43.88582526670157, -2]
264	[-43.88582526670157, -2]
264	[-43.88582526670157, -2]
264	[-43.88582526670157, -2]
264	[-43.88582526670157, -2]
264	[-43.88582526670157, -2]
264	[-43.88582526670157, -2]
264	[-43.88582526670157, -2]
264	[-43.88582526670157, -2]
264	[-43.88582526670157, -2]
264	[-43.88582526670157, -2]
264	[-43.88582526670157, -2]
264	[-43.88582526670157, -2]
264	[-43.88582526670157, -2]
264	[-43.88582526670157, -2]
264	[-43.88582526670157, -2]
264	[-43.88582526670157, -2]
264	[-43.88582526670157, -2]
265	[-77.88909348117677, 0]
265	[-77.88909348117677, 0]
265	[-77.88909348117677, 0]
265	[-77.88909348117677, 0]
265	[-43.88582526670157, -2]
265	[-43.88582526670157, -2]
265	[-43.88582526670157, -2]
265	[-43.88582526670157, -2]
265	[-43.88582526670157, -2]
265	[-43.88582526670157, -2]
265	[-43.88582526670157, -2]
265	[-43.88582526670157, -2]
265	[-43.88582526670157, -2]
265	[-43.88582526670157, -2]
265	[-43.88582526670157, -2]
265	[-43.88582526670157, -2]
265	[-43.88582526670157, -2]
265	[-43.88582526670157, -2]
265	[-43.88582526670157, -2]
265	[-43.88582526670157, -2]
265	[-43.88582526670157, -2]
265	[-43.88582526670157, -2]
265	[-43.88582526670157, -2]
265	[-43.88582526670157, -2]
265	[-43.88582526670157, -2]
265	[-43.88582526670157, -2]
265	[-43.88582526670157, -2]
265	[-43.88582526670157, -2]
265	[-43.88582526670157, -2]
265	[-43.88582526670157, -2]
265	[-43.88582526670157, -2]
265	[-43.88582526670157, -2]
265	[-43.88582526670157, -2]
265	[-43.88582526670157, -2]
265	[-43.88582526670157, -2]
265	[-43.88582526670157, -2]
265	[-43.88582526670157, -2]
265	[-43.88582526670157, -2]
265	[-43.88582526670157, -2]
265	[-43.88582526670157, -2]
265	[-43.88582526670157, -2]
265	[-43.88582526670157, -2]
265	[-43.88582526670157, -2]
265	[-43.88582526670157, -2]
265	[-43.88582526670157, -2]
265	[-43.88582526670157, -2]
265	[-43.88582526670157, -2]
265	[-43.88582526670157, -2]
265	[-43.88582526670157, -2]
265	[-43.88582526670157, -2]
265	[-43.88582526670157, -2]
265	[-43.88582526670157, -2]
265	[-43.88582526670157, -2]
265	[-43.88582526670157, -2]
265	[-43.88582526670157, -2]
265	[-43.88582526670157, -2]
265	[-43.88582526670157, -2]
265	[-43.88582526670157, -2]
265	[-43.88582526670157, -2]
265	[-43.88582526670157, -2]
265	[-43.88582526670157, -2]
265	[-43.88582526670157, -2]
265	[-43.88582526670157, -2]
265	[-43.88582526670157, -2]
265	[-43.88582526670157, -2]
265	[-43.88582526670157, -2]
265	[-43.88582526670157, -2]
265	[-43.88582526670157, -2]
265	[-43.88582526670157, -2]
265	[-43.88582526670157, -2]
265	[-43.88582526670157, -2]
265	[-43.88582526670157, -2]
265	[-43.88582526670157, -2]
265	[-43.88582526670157, -2]
265	[-43.88582526670157, -2]
265	[-43.88582526670157, -2]
265	[-43.88582526670157, -2]
265	[-43.88582526670157, -2]
265	[-43.88582526670157, -2]
265	[-43.88582526670157, -2]
266	[-76.84809515885252, 0]
266	[-43.88582526670157, -2]
266	[-43.88582526670157, -2]
266	[-43.88582526670157, -2]
266	[-43.88582526670157, -2]
266	[-43.88582526670157, -2]
266	[-43.88582526670157, -2]
266	[-43.88582526670157, -2]
266	[-43.88582526670157, -2]
266	[-43.88582526670157, -2]
266	[-43.88582526670157, -2]
266	[-43.88582526670157, -2]
266	[-43.88582526670157, -2]
266	[-43.88582526670157, -2]
266	[-43.88582526670157, -2]
266	[-43.88582526670157, -2]
266	[-43.88582526670157, -2]
266	[-43.88582526670157, -2]
266	[-43.88582526670157, -2]
266	[-43.88582526670157, -2]
266	[-43.88582526670157, -2]
266	[-43.88582526670157, -2]
266	[-43.88582526670157, -2]
266	[-43.88582526670157, -2]
266	[-43.88582526670157, -2]
266	[-43.88582526670157, -2]
266	[-43.88582526670157, -2]
266	[-43.88582526670157, -2]
266	[-43.88582526670157, -2]
266	[-43.88582526670157, -2]
266	[-43.88582526670157, -2]
266	[-43.88582526670157, -2]
266	[-43.88582526670157, -2]
266	[-43.88582526670157, -2]
266	[-43.88582526670157, -2]
266	[-43.88582526670157, -2]
266	[-43.88582526670157, -2]
266	[-43.88582526670157, -2]
266	[-43.88582526670157, -2]
266	[-43.88582526670157, -2]
266	[-43.88582526670157, -2]
266	[-43.88582526670157, -2]
266	[-43.88582526670157, -2]
266	[-43.88582526670157, -2]
266	[-43.88582526670157, -2]
266	[-43.88582526670157, -2]
266	[-43.88582526670157, -2]
266	[-43.88582526670157, -2]
266	[-43.88582526670157, -2]
266	[-43.88582526670157, -2]
266	[-43.88582526670157, -2]
266	[-43.88582526670157, -2]
266	[-43.88582526670157, -2]
266	[-43.88582526670157, -2]
266	[-43.88582526670157, -2]
266	[-43.88582526670157, -2]
266	[-43.88582526670157, -2]
266	[-43.88582526670157, -2]
266	[-43.88582526670157, -2]
266	[-43.88582526670157, -2]
266	[-43.88582526670157, -2]
266	[-43.88582526670157, -2]
266	[-43.88582526670157, -2]
266	[-43.88582526670157, -2]
266	[-43.88582526670157, -2]
266	[-43.88582526670157, -2]
266	[-43.88582526670157, -2]
266	[-43.88582526670157, -2]
266	[-43.88582526670157, -2]
266	[-43.88582526670157, -2]
266	[-43.88582526670157, -2]
266	[-43.88582526670157, -2]
266	[-43.88582526670157, -2]
266	[-43.88582526670157, -2]
266	[-43.88582526670157, -2]
266	[-43.88582526670157, -2]
266	[-43.88582526670157, -2]
266	[-43.88582526670157, -2]
266	[-43.88582526670157, -2]
266	[-43.88582526670157, -2]
267	[-76.84809515885252, 0]
267	[-76.84809515885252, 0]
267	[-43.88582526670157, -2]
267	[-43.88582526670157, -2]
267	[-43.88582526670157, -2]
267	[-43.88582526670157, -2]
267	[-43.88582526670157, -2]
267	[-43.88582526670157, -2]
267	[-43.88582526670157, -2]
267	[-43.88582526670157, -2]
267	[-43.88582526670157, -2]
267	[-43.88582526670157, -2]
267	[-43.88582526670157, -2]
267	[-43.88582526670157, -2]
267	[-43.88582526670157, -2]
267	[-43.88582526670157, -2]
267	[-43.88582526670157, -2]
267	[-43.88582526670157, -2]
267	[-43.88582526670157, -2]
267	[-43.88582526670157, -2]
267	[-43.88582526670157, -2]
267	[-43.88582526670157, -2]
267	[-43.88582526670157, -2]
267	[-43.88582526670157, -2]
267	[-43.88582526670157, -2]
267	[-43.88582526670157, -2]
267	[-43.88582526670157, -2]
267	[-43.88582526670157, -2]
267	[-43.88582526670157, -2]
267	[-43.88582526670157, -2]
267	[-43.88582526670157, -2]
267	[-43.88582526670157, -2]
267	[-43.88582526670157, -2]
267	[-43.88582526670157, -2]
267	[-43.88582526670157, -2]
267	[-43.88582526670157, -2]
267	[-43.88582526670157, -2]
267	[-43.88582526670157, -2]
267	[-43.88582526670157, -2]
267	[-43.88582526670157, -2]
267	[-43.88582526670157, -2]
267	[-43.88582526670157, -2]
267	[-43.88582526670157, -2]
267	[-43.88582526670157, -2]
267	[-43.88582526670157, -2]
267	[-43.88582526670157, -2]
267	[-43.88582526670157, -2]
267	[-43.88582526670157, -2]
267	[-43.88582526670157, -2]
267	[-43.88582526670157, -2]
267	[-43.88582526670157, -2]
267	[-43.88582526670157, -2]
267	[-43.88582526670157, -2]
267	[-43.88582526670157, -2]
267	[-43.88582526670157, -2]
267	[-43.88582526670157, -2]
267	[-43.88582526670157, -2]
267	[-43.88582526670157, -2]
267	[-43.88582526670157, -2]
267	[-43.88582526670157, -2]
267	[-43.88582526670157, -2]
267	[-43.88582526670157, -2]
267	[-43.88582526670157, -2]
267	[-43.88582526670157, -2]
267	[-43.88582526670157, -2]
267	[-43.88582526670157, -2]
267	[-43.88582526670157, -2]
267	[-43.88582526670157, -2]
267	[-43.88582526670157, -2]
267	[-43.88582526670157, -2]
267	[-43.88582526670157, -2]
267	[-43.88582526670157, -2]
267	[-43.88582526670157, -2]
267	[-43.88582526670157, -2]
267	[-43.88582526670157, -2]
267	[-43.88582526670157, -2]
267	[-43.88582526670157, -2]
267	[-43.88582526670157, -2]
267	[-43.88582526670157, -2]
267	[-43.88582526670157, -2]
268	[-74.55585479082129, 0]
268	[-43.88582526670157, -2]
268	[-43.88582526670157, -2]
268	[-43.88582526670157, -2]
268	[-43.88582526670157, -2]
268	[-43.88582526670157, -2]
268	[-43.88582526670157, -2]
268	[-43.88582526670157, -2]
268	[-43.88582526670157, -2]
268	[-43.88582526670157, -2]
268	[-43.88582526670157, -2]
268	[-43.88582526670157, -2]
268	[-43.88582526670157, -2]
268	[-43.88582526670157, -2]
268	[-43.88582526670157, -2]
268	[-43.88582526670157, -2]
268	[-43.88582526670157, -2]
268	[-43.88582526670157, -2]
268	[-43.88582526670157, -2]
268	[-43.88582526670157, -2]
268	[-43.88582526670157, -2]
268	[-43.88582526670157, -2]
268	[-43.88582526670157, -2]
268	[-43.88582526670157, -2]
268	[-43.88582526670157, -2]
268	[-43.88582526670157, -2]
268	[-43.88582526670157, -2]
268	[-43.88582526670157, -2]
268	[-43.88582526670157, -2]
268	[-43.88582526670157, -2]
268	[-43.88582526670157, -2]
268	[-43.88582526670157, -2]
268	[-43.88582526670157, -2]
268	[-43.88582526670157, -2]
268	[-43.88582526670157, -2]
268	[-43.88582526670157, -2]
268	[-43.88582526670157, -2]
268	[-43.88582526670157, -2]
268	[-43.88582526670157, -2]
268	[-43.88582526670157, -2]
268	[-43.88582526670157, -2]
268	[-43.88582526670157, -2]
268	[-43.88582526670157, -2]
268	[-43.88582526670157, -2]
268	[-43.88582526670157, -2]
268	[-43.88582526670157, -2]
268	[-43.88582526670157, -2]
268	[-43.88582526670157, -2]
268	[-43.88582526670157, -2]
268	[-43.88582526670157, -2]
268	[-43.88582526670157, -2]
268	[-43.88582526670157, -2]
268	[-43.88582526670157, -2]
268	[-43.88582526670157, -2]
268	[-43.88582526670157, -2]
268	[-43.88582526670157, -2]
268	[-43.88582526670157, -2]
268	[-43.88582526670157, -2]
268	[-43.88582526670157, -2]
268	[-43.88582526670157, -2]
268	[-43.88582526670157, -2]
268	[-43.88582526670157, -2]
268	[-43.88582526670157, -2]
268	[-43.88582526670157, -2]
268	[-43.88582526670157, -2]
268	[-43.88582526670157, -2]
268	[-43.88582526670157, -2]
268	[-43.88582526670157, -2]
268	[-43.88582526670157, -2]
268	[-43.88582526670157, -2]
268	[-43.88582526670157, -2]
268	[-43.88582526670157, -2]
268	[-43.88582526670157, -2]
268	[-43.88582526670157, -2]
268	[-43.88582526670157, -2]
268	[-43.88582526670157, -2]
268	[-43.88582526670157, -2]
268	[-43.88582526670157, -2]
268	[-43.88582526670157, -2]
268	[-43.88582526670157, -2]
269	[-74.55585479082129, 0]
269	[-43.88582526670157, -2]
269	[-43.88582526670157, -2]
269	[-43.88582526670157, -2]
269	[-43.88582526670157, -2]
269	[-43.88582526670157, -2]
269	[-43.88582526670157, -2]
269	[-43.88582526670157, -2]
269	[-43.88582526670157, -2]
269	[-43.88582526670157, -2]
269	[-43.88582526670157, -2]
269	[-43.88582526670157, -2]
269	[-43.88582526670157, -2]
269	[-43.88582526670157, -2]
269	[-43.88582526670157, -2]
269	[-43.88582526670157, -2]
269	[-43.88582526670157, -2]
269	[-43.88582526670157, -2]
269	[-43.88582526670157, -2]
269	[-43.88582526670157, -2]
269	[-43.88582526670157, -2]
269	[-43.88582526670157, -2]
269	[-43.88582526670157, -2]
269	[-43.88582526670157, -2]
269	[-43.88582526670157, -2]
269	[-43.88582526670157, -2]
269	[-43.88582526670157, -2]
269	[-43.88582526670157, -2]
269	[-43.88582526670157, -2]
269	[-43.88582526670157, -2]
269	[-43.88582526670157, -2]
269	[-43.88582526670157, -2]
269	[-43.88582526670157, -2]
269	[-43.88582526670157, -2]
269	[-43.88582526670157, -2]
269	[-43.88582526670157, -2]
269	[-43.88582526670157, -2]
269	[-43.88582526670157, -2]
269	[-43.88582526670157, -2]
269	[-43.88582526670157, -2]
269	[-43.88582526670157, -2]
269	[-43.88582526670157, -2]
269	[-43.88582526670157, -2]
269	[-43.88582526670157, -2]
269	[-43.88582526670157, -2]
269	[-43.88582526670157, -2]
269	[-43.88582526670157, -2]
269	[-43.88582526670157, -2]
269	[-43.88582526670157, -2]
269	[-43.88582526670157, -2]
269	[-43.88582526670157, -2]
269	[-43.88582526670157, -2]
269	[-43.88582526670157, -2]
269	[-43.88582526670157, -2]
269	[-43.88582526670157, -2]
269	[-43.88582526670157, -2]
269	[-43.88582526670157, -2]
269	[-43.88582526670157, -2]
269	[-43.88582526670157, -2]
269	[-43.88582526670157, -2]
269	[-43.88582526670157, -2]
269	[-43.88582526670157, -2]
269	[-43.88582526670157, -2]
269	[-43.88582526670157, -2]
269	[-43.88582526670157, -2]
269	[-43.88582526670157, -2]
269	[-43.88582526670157, -2]
269	[-43.88582526670157, -2]
269	[-43.88582526670157, -2]
269	[-43.88582526670157, -2]
269	[-43.88582526670157, -2]
269	[-43.88582526670157, -2]
269	[-43.88582526670157, -2]
269	[-43.88582526670157, -2]
269	[-43.88582526670157, -2]
269	[-43.88582526670157, -2]
269	[-43.88582526670157, -2]
269	[-43.88582526670157, -2]
269	[-43.88582526670157, -2]
269	[-43.88582526670157, -2]
270	[-74.55585479082129, 0]
270	[-43.88582526670157, -2]
270	[-43.88582526670157, -2]
270	[-43.88582526670157, -2]
270	[-43.88582526670157, -2]
270	[-43.88582526670157, -2]
270	[-43.88582526670157, -2]
270	[-43.88582526670157, -2]
270	[-43.88582526670157, -2]
270	[-43.88582526670157, -2]
270	[-43.88582526670157, -2]
270	[-43.88582526670157, -2]
270	[-43.88582526670157, -2]
270	[-43.88582526670157, -2]
270	[-43.88582526670157, -2]
270	[-43.88582526670157, -2]
270	[-43.88582526670157, -2]
270	[-43.88582526670157, -2]
270	[-43.88582526670157, -2]
270	[-43.88582526670157, -2]
270	[-43.88582526670157, -2]
270	[-43.88582526670157, -2]
270	[-43.88582526670157, -2]
270	[-43.88582526670157, -2]
270	[-43.88582526670157, -2]
270	[-43.88582526670157, -2]
270	[-43.88582526670157, -2]
270	[-43.88582526670157, -2]
270	[-43.88582526670157, -2]
270	[-43.88582526670157, -2]
270	[-43.88582526670157, -2]
270	[-43.88582526670157, -2]
270	[-43.88582526670157, -2]
270	[-43.88582526670157, -2]
270	[-43.88582526670157, -2]
270	[-43.88582526670157, -2]
270	[-43.88582526670157, -2]
270	[-43.88582526670157, -2]
270	[-43.88582526670157, -2]
270	[-43.88582526670157, -2]
270	[-43.88582526670157, -2]
270	[-43.88582526670157, -2]
270	[-43.88582526670157, -2]
270	[-43.88582526670157, -2]
270	[-43.88582526670157, -2]
270	[-43.88582526670157, -2]
270	[-43.88582526670157, -2]
270	[-43.88582526670157, -2]
270	[-43.88582526670157, -2]
270	[-43.88582526670157, -2]
270	[-43.88582526670157, -2]
270	[-43.88582526670157, -2]
270	[-43.88582526670157, -2]
270	[-43.88582526670157, -2]
270	[-43.88582526670157, -2]
270	[-43.88582526670157, -2]
270	[-43.88582526670157, -2]
270	[-43.88582526670157, -2]
270	[-43.88582526670157, -2]
270	[-43.88582526670157, -2]
270	[-43.88582526670157, -2]
270	[-43.88582526670157, -2]
270	[-43.88582526670157, -2]
270	[-43.88582526670157, -2]
270	[-43.88582526670157, -2]
270	[-43.88582526670157, -2]
270	[-43.88582526670157, -2]
270	[-43.88582526670157, -2]
270	[-43.88582526670157, -2]
270	[-43.88582526670157, -2]
270	[-43.88582526670157, -2]
270	[-43.88582526670157, -2]
270	[-43.88582526670157, -2]
270	[-43.88582526670157, -2]
270	[-43.88582526670157, -2]
270	[-43.88582526670157, -2]
270	[-43.88582526670157, -2]
270	[-43.88582526670157, -2]
270	[-43.88582526670157, -2]
270	[-43.88582526670157, -2]
271	[-74.55585479082129, 0]
271	[-74.55585479082129, 0]
271	[-74.55585479082129, 0]
271	[-43.88582526670157, -2]
271	[-43.88582526670157, -2]
271	[-43.88582526670157, -2]
271	[-43.88582526670157, -2]
271	[-43.88582526670157, -2]
271	[-43.88582526670157, -2]
271	[-43.88582526670157, -2]
271	[-43.88582526670157, -2]
271	[-43.88582526670157, -2]
271	[-43.88582526670157, -2]
271	[-43.88582526670157, -2]
271	[-43.88582526670157, -2]
271	[-43.88582526670157, -2]
271	[-43.88582526670157, -2]
271	[-43.88582526670157, -2]
271	[-43.88582526670157, -2]
271	[-43.88582526670157, -2]
271	[-43.88582526670157, -2]
271	[-43.88582526670157, -2]
271	[-43.88582526670157, -2]
271	[-43.88582526670157, -2]
271	[-43.88582526670157, -2]
271	[-43.88582526670157, -2]
271	[-43.88582526670157, -2]
271	[-43.88582526670157, -2]
271	[-43.88582526670157, -2]
271	[-43.88582526670157, -2]
271	[-43.88582526670157, -2]
271	[-43.88582526670157, -2]
271	[-43.88582526670157, -2]
271	[-43.88582526670157, -2]
271	[-43.88582526670157, -2]
271	[-43.88582526670157, -2]
271	[-43.88582526670157, -2]
271	[-43.88582526670157, -2]
271	[-43.88582526670157, -2]
271	[-43.88582526670157, -2]
271	[-43.88582526670157, -2]
271	[-43.88582526670157, -2]
271	[-43.88582526670157, -2]
271	[-43.88582526670157, -2]
271	[-43.88582526670157, -2]
271	[-43.88582526670157, -2]
271	[-43.88582526670157, -2]
271	[-43.88582526670157, -2]
271	[-43.88582526670157, -2]
271	[-43.88582526670157, -2]
271	[-43.88582526670157, -2]
271	[-43.88582526670157, -2]
271	[-43.88582526670157, -2]
271	[-43.88582526670157, -2]
271	[-43.88582526670157, -2]
271	[-43.88582526670157, -2]
271	[-43.88582526670157, -2]
271	[-43.88582526670157, -2]
271	[-43.88582526670157, -2]
271	[-43.88582526670157, -2]
271	[-43.88582526670157, -2]
271	[-43.88582526670157, -2]
271	[-43.88582526670157, -2]
271	[-43.88582526670157, -2]
271	[-43.88582526670157, -2]
271	[-43.88582526670157, -2]
271	[-43.88582526670157, -2]
271	[-43.88582526670157, -2]
271	[-43.88582526670157, -2]
271	[-43.88582526670157, -2]
271	[-43.88582526670157, -2]
271	[-43.88582526670157, -2]
271	[-43.88582526670157, -2]
271	[-43.88582526670157, -2]
271	[-43.88582526670157, -2]
271	[-43.88582526670157, -2]
271	[-43.88582526670157, -2]
271	[-43.88582526670157, -2]
271	[-43.88582526670157, -2]
271	[-43.88582526670157, -2]
272	[-74.55585479082129, 0]
272	[-74.55585479082129, 0]
272	[-74.55585479082129, 0]
272	[-74.55585479082129, 0]
272	[-43.88582526670157, -2]
272	[-43.88582526670157, -2]
272	[-43.88582526670157, -2]
272	[-43.88582526670157, -2]
272	[-43.88582526670157, -2]
272	[-43.88582526670157, -2]
272	[-43.88582526670157, -2]
272	[-43.88582526670157, -2]
272	[-43.88582526670157, -2]
272	[-43.88582526670157, -2]
272	[-43.88582526670157, -2]
272	[-43.88582526670157, -2]
272	[-43.88582526670157, -2]
272	[-43.88582526670157, -2]
272	[-43.88582526670157, -2]
272	[-43.88582526670157, -2]
272	[-43.88582526670157, -2]
272	[-43.88582526670157, -2]
272	[-43.88582526670157, -2]
272	[-43.88582526670157, -2]
272	[-43.88582526670157, -2]
272	[-43.88582526670157, -2]
272	[-43.88582526670157, -2]
272	[-43.88582526670157, -2]
272	[-43.88582526670157, -2]
272	[-43.88582526670157, -2]
272	[-43.88582526670157, -2]
272	[-43.88582526670157, -2]
272	[-43.88582526670157, -2]
272	[-43.88582526670157, -2]
272	[-43.88582526670157, -2]
272	[-43.88582526670157, -2]
272	[-43.88582526670157, -2]
272	[-43.88582526670157, -2]
272	[-43.88582526670157, -2]
272	[-43.88582526670157, -2]
272	[-43.88582526670157, -2]
272	[-43.88582526670157, -2]
272	[-43.88582526670157, -2]
272	[-43.88582526670157, -2]
272	[-43.88582526670157, -2]
272	[-43.88582526670157, -2]
272	[-43.88582526670157, -2]
272	[-43.88582526670157, -2]
272	[-43.88582526670157, -2]
272	[-43.88582526670157, -2]
272	[-43.88582526670157, -2]
272	[-43.88582526670157, -2]
272	[-43.88582526670157, -2]
272	[-43.88582526670157, -2]
272	[-43.88582526670157, -2]
272	[-43.88582526670157, -2]
272	[-43.88582526670157, -2]
272	[-43.88582526670157, -2]
272	[-43.88582526670157, -2]
272	[-43.88582526670157, -2]
272	[-43.88582526670157, -2]
272	[-43.88582526670157, -2]
272	[-43.88582526670157, -2]
272	[-43.88582526670157, -2]
272	[-43.88582526670157, -2]
272	[-43.88582526670157, -2]
272	[-43.88582526670157, -2]
272	[-43.88582526670157, -2]
272	[-43.88582526670157, -2]
272	[-43.88582526670157, -2]
272	[-43.88582526670157, -2]
272	[-43.88582526670157, -2]
272	[-43.88582526670157, -2]
272	[-43.88582526670157, -2]
272	[-43.88582526670157, -2]
272	[-43.88582526670157, -2]
272	[-43.88582526670157, -2]
272	[-43.88582526670157, -2]
272	[-43.88582526670157, -2]
272	[-43.88582526670157, -2]
273	[-74.55585479082129, 0]
273	[-74.55585479082129, 0]
273	[-74.55585479082129, 0]
273	[-74.55585479082129, 0]
273	[-74.55585479082129, 0]
273	[-74.55585479082129, 0]
273	[-56.5072835285625, -1]
273	[-43.88582526670157, -2]
273	[-43.88582526670157, -2]
273	[-43.88582526670157, -2]
273	[-43.88582526670157, -2]
273	[-43.88582526670157, -2]
273	[-43.88582526670157, -2]
273	[-43.88582526670157, -2]
273	[-43.88582526670157, -2]
273	[-43.88582526670157, -2]
273	[-43.88582526670157, -2]
273	[-43.88582526670157, -2]
273	[-43.88582526670157, -2]
273	[-43.88582526670157, -2]
273	[-43.88582526670157, -2]
273	[-43.88582526670157, -2]
273	[-43.88582526670157, -2]
273	[-43.88582526670157, -2]
273	[-43.88582526670157, -2]
273	[-43.88582526670157, -2]
273	[-43.88582526670157, -2]
273	[-43.88582526670157, -2]
273	[-43.88582526670157, -2]
273	[-43.88582526670157, -2]
273	[-43.88582526670157, -2]
273	[-43.88582526670157, -2]
273	[-43.88582526670157, -2]
273	[-43.88582526670157, -2]
273	[-43.88582526670157, -2]
273	[-43.88582526670157, -2]
273	[-43.88582526670157, -2]
273	[-43.88582526670157, -2]
273	[-43.88582526670157, -2]
273	[-43.88582526670157, -2]
273	[-43.88582526670157, -2]
273	[-43.88582526670157, -2]
273	[-43.88582526670157, -2]
273	[-43.88582526670157, -2]
273	[-43.88582526670157, -2]
273	[-43.88582526670157, -2]
273	[-43.88582526670157, -2]
273	[-43.88582526670157, -2]
273	[-43.88582526670157, -2]
273	[-43.88582526670157, -2]
273	[-43.88582526670157, -2]
273	[-43.88582526670157, -2]
273	[-43.88582526670157, -2]
273	[-43.88582526670157, -2]
273	[-43.88582526670157, -2]
273	[-43.88582526670157, -2]
273	[-43.88582526670157, -2]
273	[-43.88582526670157, -2]
273	[-43.88582526670157, -2]
273	[-43.88582526670157, -2]
273	[-43.88582526670157, -2]
273	[-43.88582526670157, -2]
273	[-43.88582526670157, -2]
273	[-43.88582526670157, -2]
273	[-43.88582526670157, -2]
273	[-43.88582526670157, -2]
273	[-43.88582526670157, -2]
273	[-43.88582526670157, -2]
273	[-43.88582526670157, -2]
273	[-43.88582526670157, -2]
273	[-43.88582526670157, -2]
273	[-43.88582526670157, -2]
273	[-43.88582526670157, -2]
273	[-43.88582526670157, -2]
273	[-43.88582526670157, -2]
273	[-43.88582526670157, -2]
273	[-43.88582526670157, -2]
273	[-43.88582526670157, -2]
273	[-43.88582526670157, -2]
273	[-43.88582526670157, -2]
274	[-74.55585479082129, 0]
274	[-74.55585479082129, 0]
274	[-74.55585479082129, 0]
274	[-74.55585479082129, 0]
274	[-74.55585479082129, 0]
274	[-74.55585479082129, 0]
274	[-74.55585479082129, 0]
274	[-74.55585479082129, 0]
274	[-74.55585479082129, 0]
274	[-74.55585479082129, 0]
274	[-43.88582526670157, -2]
274	[-43.88582526670157, -2]
274	[-43.88582526670157, -2]
274	[-43.88582526670157, -2]
274	[-43.88582526670157, -2]
274	[-43.88582526670157, -2]
274	[-43.88582526670157, -2]
274	[-43.88582526670157, -2]
274	[-43.88582526670157, -2]
274	[-43.88582526670157, -2]
274	[-43.88582526670157, -2]
274	[-43.88582526670157, -2]
274	[-43.88582526670157, -2]
274	[-43.88582526670157, -2]
274	[-43.88582526670157, -2]
274	[-43.88582526670157, -2]
274	[-43.88582526670157, -2]
274	[-43.88582526670157, -2]
274	[-43.88582526670157, -2]
274	[-43.88582526670157, -2]
274	[-43.88582526670157, -2]
274	[-43.88582526670157, -2]
274	[-43.88582526670157, -2]
274	[-43.88582526670157, -2]
274	[-43.88582526670157, -2]
274	[-43.88582526670157, -2]
274	[-43.88582526670157, -2]
274	[-43.88582526670157, -2]
274	[-43.88582526670157, -2]
274	[-43.88582526670157, -2]
274	[-43.88582526670157, -2]
274	[-43.88582526670157, -2]
274	[-43.88582526670157, -2]
274	[-43.88582526670157, -2]
274	[-43.88582526670157, -2]
274	[-43.88582526670157, -2]
274	[-43.88582526670157, -2]
274	[-43.88582526670157, -2]
274	[-43.88582526670157, -2]
274	[-43.88582526670157, -2]
274	[-43.88582526670157, -2]
274	[-43.88582526670157, -2]
274	[-43.88582526670157, -2]
274	[-43.88582526670157, -2]
274	[-43.88582526670157, -2]
274	[-43.88582526670157, -2]
274	[-43.88582526670157, -2]
274	[-43.88582526670157, -2]
274	[-43.88582526670157, -2]
274	[-43.88582526670157, -2]
274	[-43.88582526670157, -2]
274	[-43.88582526670157, -2]
274	[-43.88582526670157, -2]
274	[-43.88582526670157, -2]
274	[-43.88582526670157, -2]
274	[-43.88582526670157, -2]
274	[-43.88582526670157, -2]
274	[-43.88582526670157, -2]
274	[-43.88582526670157, -2]
274	[-43.88582526670157, -2]
274	[-43.88582526670157, -2]
274	[-43.88582526670157, -2]
274	[-43.88582526670157, -2]
274	[-43.88582526670157, -2]
274	[-43.88582526670157, -2]
274	[-43.88582526670157, -2]
274	[-43.88582526670157, -2]
274	[-43.88582526670157, -2]
274	[-43.88582526670157, -2]
274	[-43.88582526670157, -2]
275	[-74.55585479082129, 0]
275	[-74.55585479082129, 0]
275	[-74.55585479082129, 0]
275	[-74.55585479082129, 0]
275	[-74.55585479082129, 0]
275	[-74.55585479082129, 0]
275	[-74.55585479082129, 0]
275	[-74.55585479082129, 0]
275	[-74.55585479082129, 0]
275	[-74.55585479082129, 0]
275	[-74.55585479082129, 0]
275	[-74.55585479082129, 0]
275	[-74.55585479082129, 0]
275	[-74.55585479082129, 0]
275	[-43.88582526670157, -2]
275	[-43.88582526670157, -2]
275	[-43.88582526670157, -2]
275	[-43.88582526670157, -2]
275	[-43.88582526670157, -2]
275	[-43.88582526670157, -2]
275	[-43.88582526670157, -2]
275	[-43.88582526670157, -2]
275	[-43.88582526670157, -2]
275	[-43.88582526670157, -2]
275	[-43.88582526670157, -2]
275	[-43.88582526670157, -2]
275	[-43.88582526670157, -2]
275	[-43.88582526670157, -2]
275	[-43.88582526670157, -2]
275	[-43.88582526670157, -2]
275	[-43.88582526670157, -2]
275	[-43.88582526670157, -2]
275	[-43.88582526670157, -2]
275	[-43.88582526670157, -2]
275	[-43.88582526670157, -2]
275	[-43.88582526670157, -2]
275	[-43.88582526670157, -2]
275	[-43.88582526670157, -2]
275	[-43.88582526670157, -2]
275	[-43.88582526670157, -2]
275	[-43.88582526670157, -2]
275	[-43.88582526670157, -2]
275	[-43.88582526670157, -2]
275	[-43.88582526670157, -2]
275	[-43.88582526670157, -2]
275	[-43.88582526670157, -2]
275	[-43.88582526670157, -2]
275	[-43.88582526670157, -2]
275	[-43.88582526670157, -2]
275	[-43.88582526670157, -2]
275	[-43.88582526670157, -2]
275	[-43.88582526670157, -2]
275	[-43.88582526670157, -2]
275	[-43.88582526670157, -2]
275	[-43.88582526670157, -2]
275	[-43.88582526670157, -2]
275	[-43.88582526670157, -2]
275	[-43.88582526670157, -2]
275	[-43.88582526670157, -2]
275	[-43.88582526670157, -2]
275	[-43.88582526670157, -2]
275	[-43.88582526670157, -2]
275	[-43.88582526670157, -2]
275	[-43.88582526670157, -2]
275	[-43.88582526670157, -2]
275	[-43.88582526670157, -2]
275	[-43.88582526670157, -2]
275	[-43.88582526670157, -2]
275	[-43.88582526670157, -2]
275	[-43.88582526670157, -2]
275	[-43.88582526670157, -2]
275	[-43.88582526670157, -2]
275	[-43.88582526670157, -2]
275	[-43.88582526670157, -2]
275	[-43.88582526670157, -2]
275	[-43.88582526670157, -2]
275	[-43.88582526670157, -2]
275	[-43.88582526670157, -2]
275	[-43.88582526670157, -2]
275	[-43.88582526670157, -2]
276	[-74.55585479082129, 0]
276	[-74.55585479082129, 0]
276	[-74.55585479082129, 0]
276	[-74.55585479082129, 0]
276	[-74.55585479082129, 0]
276	[-74.55585479082129, 0]
276	[-74.55585479082129, 0]
276	[-74.55585479082129, 0]
276	[-74.55585479082129, 0]
276	[-74.55585479082129, 0]
276	[-74.55585479082129, 0]
276	[-74.55585479082129, 0]
276	[-74.55585479082129, 0]
276	[-74.55585479082129, 0]
276	[-74.55585479082129, 0]
276	[-74.55585479082129, 0]
276	[-74.55585479082129, 0]
276	[-43.88582526670157, -2]
276	[-43.88582526670157, -2]
276	[-43.88582526670157, -2]
276	[-43.88582526670157, -2]
276	[-43.88582526670157, -2]
276	[-43.88582526670157, -2]
276	[-43.88582526670157, -2]
276	[-43.88582526670157, -2]
276	[-43.88582526670157, -2]
276	[-43.88582526670157, -2]
276	[-43.88582526670157, -2]
276	[-43.88582526670157, -2]
276	[-43.88582526670157, -2]
276	[-43.88582526670157, -2]
276	[-43.88582526670157, -2]
276	[-43.88582526670157, -2]
276	[-43.88582526670157, -2]
276	[-43.88582526670157, -2]
276	[-43.88582526670157, -2]
276	[-43.88582526670157, -2]
276	[-43.88582526670157, -2]
276	[-43.88582526670157, -2]
276	[-43.88582526670157, -2]
276	[-43.88582526670157, -2]
276	[-43.88582526670157, -2]
276	[-43.88582526670157, -2]
276	[-43.88582526670157, -2]
276	[-43.88582526670157, -2]
276	[-43.88582526670157, -2]
276	[-43.88582526670157, -2]
276	[-43.88582526670157, -2]
276	[-43.88582526670157, -2]
276	[-43.88582526670157, -2]
276	[-43.88582526670157, -2]
276	[-43.88582526670157, -2]
276	[-43.88582526670157, -2]
276	[-43.88582526670157, -2]
276	[-43.88582526670157, -2]
276	[-43.88582526670157, -2]
276	[-43.88582526670157, -2]
276	[-43.88582526670157, -2]
276	[-43.88582526670157, -2]
276	[-43.88582526670157, -2]
276	[-43.88582526670157, -2]
276	[-43.88582526670157, -2]
276	[-43.88582526670157, -2]
276	[-43.88582526670157, -2]
276	[-43.88582526670157, -2]
276	[-43.88582526670157, -2]
276	[-43.88582526670157, -2]
276	[-43.88582526670157, -2]
276	[-43.88582526670157, -2]
276	[-43.88582526670157, -2]
276	[-43.88582526670157, -2]
276	[-43.88582526670157, -2]
276	[-43.88582526670157, -2]
276	[-43.88582526670157, -2]
276	[-43.88582526670157, -2]
276	[-43.88582526670157, -2]
276	[-43.88582526670157, -2]
276	[-43.88582526670157, -2]
276	[-43.88582526670157, -2]
276	[-43.88582526670157, -2]
277	[-74.55585479082129, 0]
277	[-74.55585479082129, 0]
277	[-74.55585479082129, 0]
277	[-74.55585479082129, 0]
277	[-74.55585479082129, 0]
277	[-74.55585479082129, 0]
277	[-74.55585479082129, 0]
277	[-74.55585479082129, 0]
277	[-74.55585479082129, 0]
277	[-74.55585479082129, 0]
277	[-74.55585479082129, 0]
277	[-74.55585479082129, 0]
277	[-74.55585479082129, 0]
277	[-74.55585479082129, 0]
277	[-74.55585479082129, 0]
277	[-74.55585479082129, 0]
277	[-74.55585479082129, 0]
277	[-74.55585479082129, 0]
277	[-74.55585479082129, 0]
277	[-74.55585479082129, 0]
277	[-74.55585479082129, 0]
277	[-43.88582526670157, -2]
277	[-43.88582526670157, -2]
277	[-43.88582526670157, -2]
277	[-43.88582526670157, -2]
277	[-43.88582526670157, -2]
277	[-43.88582526670157, -2]
277	[-43.88582526670157, -2]
277	[-43.88582526670157, -2]
277	[-43.88582526670157, -2]
277	[-43.88582526670157, -2]
277	[-43.88582526670157, -2]
277	[-43.88582526670157, -2]
277	[-43.88582526670157, -2]
277	[-43.88582526670157, -2]
277	[-43.88582526670157, -2]
277	[-43.88582526670157, -2]
277	[-43.88582526670157, -2]
277	[-43.88582526670157, -2]
277	[-43.88582526670157, -2]
277	[-43.88582526670157, -2]
277	[-43.88582526670157, -2]
277	[-43.88582526670157, -2]
277	[-43.88582526670157, -2]
277	[-43.88582526670157, -2]
277	[-43.88582526670157, -2]
277	[-43.88582526670157, -2]
277	[-43.88582526670157, -2]
277	[-43.88582526670157, -2]
277	[-43.88582526670157, -2]
277	[-43.88582526670157, -2]
277	[-43.88582526670157, -2]
277	[-43.88582526670157, -2]
277	[-43.88582526670157, -2]
277	[-43.88582526670157, -2]
277	[-43.88582526670157, -2]
277	[-43.88582526670157, -2]
277	[-43.88582526670157, -2]
277	[-43.88582526670157, -2]
277	[-43.88582526670157, -2]
277	[-43.88582526670157, -2]
277	[-43.88582526670157, -2]
277	[-43.88582526670157, -2]
277	[-43.88582526670157, -2]
277	[-43.88582526670157, -2]
277	[-43.88582526670157, -2]
277	[-43.88582526670157, -2]
277	[-43.88582526670157, -2]
277	[-43.88582526670157, -2]
277	[-43.88582526670157, -2]
277	[-43.88582526670157, -2]
277	[-43.88582526670157, -2]
277	[-43.88582526670157, -2]
277	[-43.88582526670157, -2]
277	[-43.88582526670157, -2]
277	[-43.88582526670157, -2]
277	[-43.88582526670157, -2]
277	[-43.88582526670157, -2]
277	[-43.88582526670157, -2]
277	[-43.88582526670157, -2]
278	[-74.55585479082129, 0]
278	[-74.55585479082129, 0]
278	[-74.55585479082129, 0]
278	[-74.55585479082129, 0]
278	[-74.55585479082129, 0]
278	[-74.55585479082129, 0]
278	[-74.55585479082129, 0]
278	[-74.55585479082129, 0]
278	[-74.55585479082129, 0]
278	[-74.55585479082129, 0]
278	[-74.55585479082129, 0]
278	[-74.55585479082129, 0]
278	[-74.55585479082129, 0]
278	[-74.55585479082129, 0]
278	[-74.55585479082129, 0]
278	[-74.55585479082129, 0]
278	[-74.55585479082129, 0]
278	[-74.55585479082129, 0]
278	[-74.55585479082129, 0]
278	[-74.55585479082129, 0]
278	[-74.55585479082129, 0]
278	[-74.55585479082129, 0]
278	[-74.55585479082129, 0]
278	[-74.55585479082129, 0]
278	[-43.88582526670157, -2]
278	[-43.88582526670157, -2]
278	[-43.88582526670157, -2]
278	[-43.88582526670157, -2]
278	[-43.88582526670157, -2]
278	[-43.88582526670157, -2]
278	[-43.88582526670157, -2]
278	[-43.88582526670157, -2]
278	[-43.88582526670157, -2]
278	[-43.88582526670157, -2]
278	[-43.88582526670157, -2]
278	[-43.88582526670157, -2]
278	[-43.88582526670157, -2]
278	[-43.88582526670157, -2]
278	[-43.88582526670157, -2]
278	[-43.88582526670157, -2]
278	[-43.88582526670157, -2]
278	[-43.88582526670157, -2]
278	[-43.88582526670157, -2]
278	[-43.88582526670157, -2]
278	[-43.88582526670157, -2]
278	[-43.88582526670157, -2]
278	[-43.88582526670157, -2]
278	[-43.88582526670157, -2]
278	[-43.88582526670157, -2]
278	[-43.88582526670157, -2]
278	[-43.88582526670157, -2]
278	[-43.88582526670157, -2]
278	[-43.88582526670157, -2]
278	[-43.88582526670157, -2]
278	[-43.88582526670157, -2]
278	[-43.88582526670157, -2]
278	[-43.88582526670157, -2]
278	[-43.88582526670157, -2]
278	[-43.88582526670157, -2]
278	[-43.88582526670157, -2]
278	[-43.88582526670157, -2]
278	[-43.88582526670157, -2]
278	[-43.88582526670157, -2]
278	[-43.88582526670157, -2]
278	[-43.88582526670157, -2]
278	[-43.88582526670157, -2]
278	[-43.88582526670157, -2]
278	[-43.88582526670157, -2]
278	[-43.88582526670157, -2]
278	[-43.88582526670157, -2]
278	[-43.88582526670157, -2]
278	[-43.88582526670157, -2]
278	[-43.88582526670157, -2]
278	[-43.88582526670157, -2]
278	[-43.88582526670157, -2]
278	[-43.88582526670157, -2]
278	[-43.88582526670157, -2]
278	[-43.88582526670157, -2]
278	[-43.88582526670157, -2]
278	[-43.88582526670157, -2]
279	[-74.55585479082129, 0]
279	[-74.55585479082129, 0]
279	[-74.55585479082129, 0]
279	[-74.55585479082129, 0]
279	[-74.55585479082129, 0]
279	[-74.55585479082129, 0]
279	[-74.55585479082129, 0]
279	[-74.55585479082129, 0]
279	[-74.55585479082129, 0]
279	[-74.55585479082129, 0]
279	[-74.55585479082129, 0]
279	[-74.55585479082129, 0]
279	[-74.55585479082129, 0]
279	[-74.55585479082129, 0]
279	[-74.55585479082129, 0]
279	[-74.55585479082129, 0]
279	[-74.55585479082129, 0]
279	[-74.55585479082129, 0]
279	[-74.55585479082129, 0]
279	[-74.55585479082129, 0]
279	[-74.55585479082129, 0]
279	[-74.55585479082129, 0]
279	[-74.55585479082129, 0]
279	[-74.55585479082129, 0]
279	[-74.55585479082129, 0]
279	[-74.55585479082129, 0]
279	[-74.55585479082129, 0]
279	[-43.88582526670157, -2]
279	[-43.88582526670157, -2]
279	[-43.88582526670157, -2]
279	[-43.88582526670157, -2]
279	[-43.88582526670157, -2]
279	[-43.88582526670157, -2]
279	[-43.88582526670157, -2]
279	[-43.88582526670157, -2]
279	[-43.88582526670157, -2]
279	[-43.88582526670157, -2]
279	[-43.88582526670157, -2]
279	[-43.88582526670157, -2]
279	[-43.88582526670157, -2]
279	[-43.88582526670157, -2]
279	[-43.88582526670157, -2]
279	[-43.88582526670157, -2]
279	[-43.88582526670157, -2]
279	[-43.88582526670157, -2]
279	[-43.88582526670157, -2]
279	[-43.88582526670157, -2]
279	[-43.88582526670157, -2]
279	[-43.88582526670157, -2]
279	[-43.88582526670157, -2]
279	[-43.88582526670157, -2]
279	[-43.88582526670157, -2]
279	[-43.88582526670157, -2]
279	[-43.88582526670157, -2]
279	[-43.88582526670157, -2]
279	[-43.88582526670157, -2]
279	[-43.88582526670157, -2]
279	[-43.88582526670157, -2]
279	[-43.88582526670157, -2]
279	[-43.88582526670157, -2]
279	[-43.88582526670157, -2]
279	[-43.88582526670157, -2]
279	[-43.88582526670157, -2]
279	[-43.88582526670157, -2]
279	[-43.88582526670157, -2]
279	[-43.88582526670157, -2]
279	[-43.88582526670157, -2]
279	[-43.88582526670157, -2]
279	[-43.88582526670157, -2]
279	[-43.88582526670157, -2]
279	[-43.88582526670157, -2]
279	[-43.88582526670157, -2]
279	[-43.88582526670157, -2]
279	[-43.88582526670157, -2]
279	[-43.88582526670157, -2]
279	[-43.88582526670157, -2]
279	[-43.88582526670157, -2]
279	[-43.88582526670157, -2]
279	[-43.88582526670157, -2]
279	[-43.88582526670157, -2]
280	[-74.55585479082129, 0]
280	[-74.55585479082129, 0]
280	[-74.55585479082129, 0]
280	[-74.55585479082129, 0]
280	[-74.55585479082129, 0]
280	[-74.55585479082129, 0]
280	[-74.55585479082129, 0]
280	[-74.55585479082129, 0]
280	[-74.55585479082129, 0]
280	[-74.55585479082129, 0]
280	[-74.55585479082129, 0]
280	[-74.55585479082129, 0]
280	[-74.55585479082129, 0]
280	[-74.55585479082129, 0]
280	[-74.55585479082129, 0]
280	[-74.55585479082129, 0]
280	[-74.55585479082129, 0]
280	[-74.55585479082129, 0]
280	[-74.55585479082129, 0]
280	[-74.55585479082129, 0]
280	[-74.55585479082129, 0]
280	[-74.55585479082129, 0]
280	[-74.55585479082129, 0]
280	[-74.55585479082129, 0]
280	[-74.55585479082129, 0]
280	[-74.55585479082129, 0]
280	[-74.55585479082129, 0]
280	[-74.55585479082129, 0]
280	[-74.55585479082129, 0]
280	[-43.88582526670157, -2]
280	[-43.88582526670157, -2]
280	[-43.88582526670157, -2]
280	[-43.88582526670157, -2]
280	[-43.88582526670157, -2]
280	[-43.88582526670157, -2]
280	[-43.88582526670157, -2]
280	[-43.88582526670157, -2]
280	[-43.88582526670157, -2]
280	[-43.88582526670157, -2]
280	[-43.88582526670157, -2]
280	[-43.88582526670157, -2]
280	[-43.88582526670157, -2]
280	[-43.88582526670157, -2]
280	[-43.88582526670157, -2]
280	[-43.88582526670157, -2]
280	[-43.88582526670157, -2]
280	[-43.88582526670157, -2]
280	[-43.88582526670157, -2]
280	[-43.88582526670157, -2]
280	[-43.88582526670157, -2]
280	[-43.88582526670157, -2]
280	[-43.88582526670157, -2]
280	[-43.88582526670157, -2]
280	[-43.88582526670157, -2]
280	[-43.88582526670157, -2]
280	[-43.88582526670157, -2]
280	[-43.88582526670157, -2]
280	[-43.88582526670157, -2]
280	[-43.88582526670157, -2]
280	[-43.88582526670157, -2]
280	[-43.88582526670157, -2]
280	[-43.88582526670157, -2]
280	[-43.88582526670157, -2]
280	[-43.88582526670157, -2]
280	[-43.88582526670157, -2]
280	[-43.88582526670157, -2]
280	[-43.88582526670157, -2]
280	[-43.88582526670157, -2]
280	[-43.88582526670157, -2]
280	[-43.88582526670157, -2]
280	[-43.88582526670157, -2]
280	[-43.88582526670157, -2]
280	[-43.88582526670157, -2]
280	[-43.88582526670157, -2]
280	[-43.88582526670157, -2]
280	[-43.88582526670157, -2]
280	[-43.88582526670157, -2]
280	[-43.88582526670157, -2]
280	[-43.88582526670157, -2]
280	[-43.88582526670157, -2]
281	[-74.55585479082129, 0]
281	[-74.55585479082129, 0]
281	[-74.55585479082129, 0]
281	[-74.55585479082129, 0]
281	[-74.55585479082129, 0]
281	[-74.55585479082129, 0]
281	[-74.55585479082129, 0]
281	[-74.55585479082129, 0]
281	[-74.55585479082129, 0]
281	[-74.55585479082129, 0]
281	[-74.55585479082129, 0]
281	[-74.55585479082129, 0]
281	[-74.55585479082129, 0]
281	[-74.55585479082129, 0]
281	[-74.55585479082129, 0]
281	[-74.55585479082129, 0]
281	[-74.55585479082129, 0]
281	[-74.55585479082129, 0]
281	[-74.55585479082129, 0]
281	[-74.55585479082129, 0]
281	[-74.55585479082129, 0]
281	[-74.55585479082129, 0]
281	[-74.55585479082129, 0]
281	[-74.55585479082129, 0]
281	[-74.55585479082129, 0]
281	[-74.55585479082129, 0]
281	[-74.55585479082129, 0]
281	[-74.55585479082129, 0]
281	[-74.55585479082129, 0]
281	[-43.88582526670157, -2]
281	[-43.88582526670157, -2]
281	[-43.88582526670157, -2]
281	[-43.88582526670157, -2]
281	[-43.88582526670157, -2]
281	[-43.88582526670157, -2]
281	[-43.88582526670157, -2]
281	[-43.88582526670157, -2]
281	[-43.88582526670157, -2]
281	[-43.88582526670157, -2]
281	[-43.88582526670157, -2]
281	[-43.88582526670157, -2]
281	[-43.88582526670157, -2]
281	[-43.88582526670157, -2]
281	[-43.88582526670157, -2]
281	[-43.88582526670157, -2]
281	[-43.88582526670157, -2]
281	[-43.88582526670157, -2]
281	[-43.88582526670157, -2]
281	[-43.88582526670157, -2]
281	[-43.88582526670157, -2]
281	[-43.88582526670157, -2]
281	[-43.88582526670157, -2]
281	[-43.88582526670157, -2]
281	[-43.88582526670157, -2]
281	[-43.88582526670157, -2]
281	[-43.88582526670157, -2]
281	[-43.88582526670157, -2]
281	[-43.88582526670157, -2]
281	[-43.88582526670157, -2]
281	[-43.88582526670157, -2]
281	[-43.88582526670157, -2]
281	[-43.88582526670157, -2]
281	[-43.88582526670157, -2]
281	[-43.88582526670157, -2]
281	[-43.88582526670157, -2]
281	[-43.88582526670157, -2]
281	[-43.88582526670157, -2]
281	[-43.88582526670157, -2]
281	[-43.88582526670157, -2]
281	[-43.88582526670157, -2]
281	[-43.88582526670157, -2]
281	[-43.88582526670157, -2]
281	[-43.88582526670157, -2]
281	[-43.88582526670157, -2]
281	[-43.88582526670157, -2]
281	[-43.88582526670157, -2]
281	[-43.88582526670157, -2]
281	[-43.88582526670157, -2]
281	[-43.88582526670157, -2]
281	[-43.88582526670157, -2]
282	[-74.55585479082129, 0]
282	[-74.55585479082129, 0]
282	[-74.55585479082129, 0]
282	[-74.55585479082129, 0]
282	[-74.55585479082129, 0]
282	[-74.55585479082129, 0]
282	[-74.55585479082129, 0]
282	[-74.55585479082129, 0]
282	[-74.55585479082129, 0]
282	[-74.55585479082129, 0]
282	[-74.55585479082129, 0]
282	[-74.55585479082129, 0]
282	[-74.55585479082129, 0]
282	[-74.55585479082129, 0]
282	[-74.55585479082129, 0]
282	[-74.55585479082129, 0]
282	[-74.55585479082129, 0]
282	[-74.55585479082129, 0]
282	[-74.55585479082129, 0]
282	[-74.55585479082129, 0]
282	[-74.55585479082129, 0]
282	[-74.55585479082129, 0]
282	[-74.55585479082129, 0]
282	[-74.55585479082129, 0]
282	[-74.55585479082129, 0]
282	[-74.55585479082129, 0]
282	[-74.55585479082129, 0]
282	[-74.55585479082129, 0]
282	[-74.55585479082129, 0]
282	[-74.55585479082129, 0]
282	[-74.55585479082129, 0]
282	[-74.55585479082129, 0]
282	[-43.88582526670157, -2]
282	[-43.88582526670157, -2]
282	[-43.88582526670157, -2]
282	[-43.88582526670157, -2]
282	[-43.88582526670157, -2]
282	[-43.88582526670157, -2]
282	[-43.88582526670157, -2]
282	[-43.88582526670157, -2]
282	[-43.88582526670157, -2]
282	[-43.88582526670157, -2]
282	[-43.88582526670157, -2]
282	[-43.88582526670157, -2]
282	[-43.88582526670157, -2]
282	[-43.88582526670157, -2]
282	[-43.88582526670157, -2]
282	[-43.88582526670157, -2]
282	[-43.88582526670157, -2]
282	[-43.88582526670157, -2]
282	[-43.88582526670157, -2]
282	[-43.88582526670157, -2]
282	[-43.88582526670157, -2]
282	[-43.88582526670157, -2]
282	[-43.88582526670157, -2]
282	[-43.88582526670157, -2]
282	[-43.88582526670157, -2]
282	[-43.88582526670157, -2]
282	[-43.88582526670157, -2]
282	[-43.88582526670157, -2]
282	[-43.88582526670157, -2]
282	[-43.88582526670157, -2]
282	[-43.88582526670157, -2]
282	[-43.88582526670157, -2]
282	[-43.88582526670157, -2]
282	[-43.88582526670157, -2]
282	[-43.88582526670157, -2]
282	[-43.88582526670157, -2]
282	[-43.88582526670157, -2]
282	[-43.88582526670157, -2]
282	[-43.88582526670157, -2]
282	[-43.88582526670157, -2]
282	[-43.88582526670157, -2]
282	[-43.88582526670157, -2]
282	[-43.88582526670157, -2]
282	[-43.88582526670157, -2]
282	[-43.88582526670157, -2]
282	[-43.88582526670157, -2]
282	[-43.88582526670157, -2]
282	[-43.88582526670157, -2]
283	[-74.55585479082129, 0]
283	[-74.55585479082129, 0]
283	[-74.55585479082129, 0]
283	[-74.55585479082129, 0]
283	[-74.55585479082129, 0]
283	[-74.55585479082129, 0]
283	[-74.55585479082129, 0]
283	[-74.55585479082129, 0]
283	[-74.55585479082129, 0]
283	[-74.55585479082129, 0]
283	[-74.55585479082129, 0]
283	[-74.55585479082129, 0]
283	[-74.55585479082129, 0]
283	[-74.55585479082129, 0]
283	[-74.55585479082129, 0]
283	[-74.55585479082129, 0]
283	[-74.55585479082129, 0]
283	[-74.55585479082129, 0]
283	[-74.55585479082129, 0]
283	[-74.55585479082129, 0]
283	[-74.55585479082129, 0]
283	[-74.55585479082129, 0]
283	[-74.55585479082129, 0]
283	[-74.55585479082129, 0]
283	[-74.55585479082129, 0]
283	[-74.55585479082129, 0]
283	[-74.55585479082129, 0]
283	[-74.55585479082129, 0]
283	[-74.55585479082129, 0]
283	[-74.55585479082129, 0]
283	[-74.55585479082129, 0]
283	[-74.55585479082129, 0]
283	[-74.55585479082129, 0]
283	[-74.55585479082129, 0]
283	[-74.55585479082129, 0]
283	[-43.88582526670157, -2]
283	[-43.88582526670157, -2]
283	[-43.88582526670157, -2]
283	[-43.88582526670157, -2]
283	[-43.88582526670157, -2]
283	[-43.88582526670157, -2]
283	[-43.88582526670157, -2]
283	[-43.88582526670157, -2]
283	[-43.88582526670157, -2]
283	[-43.88582526670157, -2]
283	[-43.88582526670157, -2]
283	[-43.88582526670157, -2]
283	[-43.88582526670157, -2]
283	[-43.88582526670157, -2]
283	[-43.88582526670157, -2]
283	[-43.88582526670157, -2]
283	[-43.88582526670157, -2]
283	[-43.88582526670157, -2]
283	[-43.88582526670157, -2]
283	[-43.88582526670157, -2]
283	[-43.88582526670157, -2]
283	[-43.88582526670157, -2]
283	[-43.88582526670157, -2]
283	[-43.88582526670157, -2]
283	[-43.88582526670157, -2]
283	[-43.88582526670157, -2]
283	[-43.88582526670157, -2]
283	[-43.88582526670157, -2]
283	[-43.88582526670157, -2]
283	[-43.88582526670157, -2]
283	[-43.88582526670157, -2]
283	[-43.88582526670157, -2]
283	[-43.88582526670157, -2]
283	[-43.88582526670157, -2]
283	[-43.88582526670157, -2]
283	[-43.88582526670157, -2]
283	[-43.88582526670157, -2]
283	[-43.88582526670157, -2]
283	[-43.88582526670157, -2]
283	[-43.88582526670157, -2]
283	[-43.88582526670157, -2]
283	[-43.88582526670157, -2]
283	[-43.88582526670157, -2]
283	[-43.88582526670157, -2]
283	[-43.88582526670157, -2]
284	[-73.62062918424164, 0]
284	[-43.88582526670157, -2]
284	[-43.88582526670157, -2]
284	[-43.88582526670157, -2]
284	[-43.88582526670157, -2]
284	[-43.88582526670157, -2]
284	[-43.88582526670157, -2]
284	[-43.88582526670157, -2]
284	[-43.88582526670157, -2]
284	[-43.88582526670157, -2]
284	[-43.88582526670157, -2]
284	[-43.88582526670157, -2]
284	[-43.88582526670157, -2]
284	[-43.88582526670157, -2]
284	[-43.88582526670157, -2]
284	[-43.88582526670157, -2]
284	[-43.88582526670157, -2]
284	[-43.88582526670157, -2]
284	[-43.88582526670157, -2]
284	[-43.88582526670157, -2]
284	[-43.88582526670157, -2]
284	[-43.88582526670157, -2]
284	[-43.88582526670157, -2]
284	[-43.88582526670157, -2]
284	[-43.88582526670157, -2]
284	[-43.88582526670157, -2]
284	[-43.88582526670157, -2]
284	[-43.88582526670157, -2]
284	[-43.88582526670157, -2]
284	[-43.88582526670157, -2]
284	[-43.88582526670157, -2]
284	[-43.88582526670157, -2]
284	[-43.88582526670157, -2]
284	[-43.88582526670157, -2]
284	[-43.88582526670157, -2]
284	[-43.88582526670157, -2]
284	[-43.88582526670157, -2]
284	[-43.88582526670157, -2]
284	[-43.88582526670157, -2]
284	[-43.88582526670157, -2]
284	[-43.88582526670157, -2]
284	[-43.88582526670157, -2]
284	[-43.88582526670157, -2]
284	[-43.88582526670157, -2]
284	[-43.88582526670157, -2]
284	[-43.88582526670157, -2]
284	[-43.88582526670157, -2]
284	[-43.88582526670157, -2]
284	[-43.88582526670157, -2]
284	[-43.88582526670157, -2]
284	[-43.88582526670157, -2]
284	[-43.88582526670157, -2]
284	[-43.88582526670157, -2]
284	[-43.88582526670157, -2]
285	[-73.62062918424164, 0]
285	[-73.62062918424164, 0]
285	[-43.88582526670157, -2]
285	[-43.88582526670157, -2]
285	[-43.88582526670157, -2]
285	[-43.88582526670157, -2]
285	[-43.88582526670157, -2]
285	[-43.88582526670157, -2]
285	[-43.88582526670157, -2]
285	[-43.88582526670157, -2]
285	[-43.88582526670157, -2]
285	[-43.88582526670157, -2]
285	[-43.88582526670157, -2]
285	[-43.88582526670157, -2]
285	[-43.88582526670157, -2]
285	[-43.88582526670157, -2]
285	[-43.88582526670157, -2]
285	[-43.88582526670157, -2]
285	[-43.88582526670157, -2]
285	[-43.88582526670157, -2]
285	[-43.88582526670157, -2]
285	[-43.88582526670157, -2]
285	[-43.88582526670157, -2]
285	[-43.88582526670157, -2]
285	[-43.88582526670157, -2]
285	[-43.88582526670157, -2]
285	[-43.88582526670157, -2]
285	[-43.88582526670157, -2]
285	[-43.88582526670157, -2]
285	[-43.88582526670157, -2]
285	[-43.88582526670157, -2]
285	[-43.88582526670157, -2]
285	[-43.88582526670157, -2]
285	[-43.88582526670157, -2]
285	[-43.88582526670157, -2]
285	[-43.88582526670157, -2]
285	[-43.88582526670157, -2]
285	[-43.88582526670157, -2]
285	[-43.88582526670157, -2]
285	[-43.88582526670157, -2]
285	[-43.88582526670157, -2]
285	[-43.88582526670157, -2]
285	[-43.88582526670157, -2]
285	[-43.88582526670157, -2]
285	[-43.88582526670157, -2]
285	[-43.88582526670157, -2]
285	[-43.88582526670157, -2]
285	[-43.88582526670157, -2]
285	[-43.88582526670157, -2]
285	[-43.88582526670157, -2]
285	[-43.88582526670157, -2]
285	[-43.88582526670157, -2]
285	[-43.88582526670157, -2]
285	[-43.88582526670157, -2]
285	[-43.88582526670157, -2]
285	[-43.88582526670157, -2]
285	[-43.88582526670157, -2]
285	[-43.88582526670157, -2]
285	[-43.88582526670157, -2]
285	[-43.88582526670157, -2]
285	[-43.88582526670157, -2]
285	[-43.88582526670157, -2]
285	[-43.88582526670157, -2]
285	[-43.88582526670157, -2]
285	[-43.88582526670157, -2]
285	[-43.88582526670157, -2]
285	[-43.88582526670157, -2]
285	[-43.88582526670157, -2]
285	[-43.88582526670157, -2]
286	[-72.40268587267745, 0]
286	[-43.88582526670157, -2]
286	[-43.88582526670157, -2]
286	[-43.88582526670157, -2]
286	[-43.88582526670157, -2]
286	[-43.88582526670157, -2]
286	[-43.88582526670157, -2]
286	[-43.88582526670157, -2]
286	[-43.88582526670157, -2]
286	[-43.88582526670157, -2]
286	[-43.88582526670157, -2]
286	[-43.88582526670157, -2]
286	[-43.88582526670157, -2]
286	[-43.88582526670157, -2]
286	[-43.88582526670157, -2]
286	[-43.88582526670157, -2]
286	[-43.88582526670157, -2]
286	[-43.88582526670157, -2]
286	[-43.88582526670157, -2]
286	[-43.88582526670157, -2]
286	[-43.88582526670157, -2]
286	[-43.88582526670157, -2]
286	[-43.88582526670157, -2]
286	[-43.88582526670157, -2]
286	[-43.88582526670157, -2]
286	[-43.88582526670157, -2]
286	[-43.88582526670157, -2]
286	[-43.88582526670157, -2]
286	[-43.88582526670157, -2]
286	[-43.88582526670157, -2]
286	[-43.88582526670157, -2]
286	[-43.88582526670157, -2]
286	[-43.88582526670157, -2]
286	[-43.88582526670157, -2]
286	[-43.88582526670157, -2]
286	[-43.88582526670157, -2]
286	[-43.88582526670157, -2]
286	[-43.88582526670157, -2]
286	[-43.88582526670157, -2]
286	[-43.88582526670157, -2]
286	[-43.88582526670157, -2]
286	[-43.88582526670157, -2]
286	[-43.88582526670157, -2]
286	[-43.88582526670157, -2]
286	[-43.88582526670157, -2]
286	[-43.88582526670157, -2]
286	[-43.88582526670157, -2]
286	[-43.88582526670157, -2]
286	[-43.88582526670157, -2]
286	[-43.88582526670157, -2]
286	[-43.88582526670157, -2]
286	[-43.88582526670157, -2]
286	[-43.88582526670157, -2]
286	[-43.88582526670157, -2]
286	[-43.88582526670157, -2]
286	[-43.88582526670157, -2]
286	[-43.88582526670157, -2]
286	[-43.88582526670157, -2]
286	[-43.88582526670157, -2]
286	[-43.88582526670157, -2]
286	[-43.88582526670157, -2]
286	[-43.88582526670157, -2]
286	[-43.88582526670157, -2]
286	[-43.88582526670157, -2]
286	[-43.88582526670157, -2]
286	[-43.88582526670157, -2]
286	[-43.88582526670157, -2]
286	[-43.88582526670157, -2]
286	[-43.88582526670157, -2]
286	[-43.88582526670157, -2]
286	[-43.88582526670157, -2]
286	[-43.88582526670157, -2]
286	[-43.88582526670157, -2]
286	[-43.88582526670157, -2]
286	[-43.88582526670157, -2]
286	[-43.88582526670157, -2]
286	[-43.88582526670157, -2]
286	[-43.88582526670157, -2]
286	[-43.88582526670157, -2]
286	[-43.88582526670157, -2]
287	[-72.40268587267745, 0]
287	[-72.40268587267745, 0]
287	[-72.40268587267745, 0]
287	[-72.40268587267745, 0]
287	[-72.40268587267745, 0]
287	[-43.88582526670157, -2]
287	[-43.88582526670157, -2]
287	[-43.88582526670157, -2]
287	[-43.88582526670157, -2]
287	[-43.88582526670157, -2]
287	[-43.88582526670157, -2]
287	[-43.88582526670157, -2]
287	[-43.88582526670157, -2]
287	[-43.88582526670157, -2]
287	[-43.88582526670157, -2]
287	[-43.88582526670157, -2]
287	[-43.88582526670157, -2]
287	[-43.88582526670157, -2]
287	[-43.88582526670157, -2]
287	[-43.88582526670157, -2]
287	[-43.88582526670157, -2]
287	[-43.88582526670157, -2]
287	[-43.88582526670157, -2]
287	[-43.88582526670157, -2]
287	[-43.88582526670157, -2]
287	[-43.88582526670157, -2]
287	[-43.88582526670157, -2]
287	[-43.88582526670157, -2]
287	[-43.88582526670157, -2]
287	[-43.88582526670157, -2]
287	[-43.88582526670157, -2]
287	[-43.88582526670157, -2]
287	[-43.88582526670157, -2]
287	[-43.88582526670157, -2]
287	[-43.88582526670157, -2]
287	[-43.88582526670157, -2]
287	[-43.88582526670157, -2]
287	[-43.88582526670157, -2]
287	[-43.88582526670157, -2]
287	[-43.88582526670157, -2]
287	[-43.88582526670157, -2]
287	[-43.88582526670157, -2]
287	[-43.88582526670157, -2]
287	[-43.88582526670157, -2]
287	[-43.88582526670157, -2]
287	[-43.88582526670157, -2]
287	[-43.88582526670157, -2]
287	[-43.88582526670157, -2]
287	[-43.88582526670157, -2]
287	[-43.88582526670157, -2]
287	[-43.88582526670157, -2]
287	[-43.88582526670157, -2]
287	[-43.88582526670157, -2]
287	[-43.88582526670157, -2]
287	[-43.88582526670157, -2]
287	[-43.88582526670157, -2]
287	[-43.88582526670157, -2]
287	[-43.88582526670157, -2]
287	[-43.88582526670157, -2]
287	[-43.88582526670157, -2]
287	[-43.88582526670157, -2]
287	[-43.88582526670157, -2]
287	[-43.88582526670157, -2]
287	[-43.88582526670157, -2]
287	[-43.88582526670157, -2]
287	[-43.88582526670157, -2]
287	[-43.88582526670157, -2]
287	[-43.88582526670157, -2]
287	[-43.88582526670157, -2]
287	[-43.88582526670157, -2]
287	[-43.88582526670157, -2]
287	[-43.88582526670157, -2]
287	[-43.88582526670157, -2]
287	[-43.88582526670157, -2]
287	[-43.88582526670157, -2]
287	[-43.88582526670157, -2]
287	[-43.88582526670157, -2]
287	[-43.88582526670157, -2]
287	[-43.88582526670157, -2]
287	[-43.88582526670157, -2]
288	[-72.40268587267745, 0]
288	[-72.40268587267745, 0]
288	[-72.40268587267745, 0]
288	[-72.40268587267745, 0]
288	[-72.40268587267745, 0]
288	[-72.40268587267745, 0]
288	[-72.40268587267745, 0]
288	[-72.40268587267745, 0]
288	[-43.88582526670157, -2]
288	[-43.88582526670157, -2]
288	[-43.88582526670157, -2]
288	[-43.88582526670157, -2]
288	[-43.88582526670157, -2]
288	[-43.88582526670157, -2]
288	[-43.88582526670157, -2]
288	[-43.88582526670157, -2]
288	[-43.88582526670157, -2]
288	[-43.88582526670157, -2]
288	[-43.88582526670157, -2]
288	[-43.88582526670157, -2]
288	[-43.88582526670157, -2]
288	[-43.88582526670157, -2]
288	[-43.88582526670157, -2]
288	[-43.88582526670157, -2]
288	[-43.88582526670157, -2]
288	[-43.88582526670157, -2]
288	[-43.88582526670157, -2]
288	[-43.88582526670157, -2]
288	[-43.88582526670157, -2]
288	[-43.88582526670157, -2]
288	[-43.88582526670157, -2]
288	[-43.88582526670157, -2]
288	[-43.88582526670157, -2]
288	[-43.88582526670157, -2]
288	[-43.88582526670157, -2]
288	[-43.88582526670157, -2]
288	[-43.88582526670157, -2]
288	[-43.88582526670157, -2]
288	[-43.88582526670157, -2]
288	[-43.88582526670157, -2]
288	[-43.88582526670157, -2]
288	[-43.88582526670157, -2]
288	[-43.88582526670157, -2]
288	[-43.88582526670157, -2]
288	[-43.88582526670157, -2]
288	[-43.88582526670157, -2]
288	[-43.88582526670157, -2]
288	[-43.88582526670157, -2]
288	[-43.88582526670157, -2]
288	[-43.88582526670157, -2]
288	[-43.88582526670157, -2]
288	[-43.88582526670157, -2]
288	[-43.88582526670157, -2]
288	[-43.88582526670157, -2]
288	[-43.88582526670157, -2]
288	[-43.88582526670157, -2]
288	[-43.88582526670157, -2]
288	[-43.88582526670157, -2]
288	[-43.88582526670157, -2]
288	[-43.88582526670157, -2]
288	[-43.88582526670157, -2]
288	[-43.88582526670157, -2]
288	[-43.88582526670157, -2]
288	[-43.88582526670157, -2]
288	[-43.88582526670157, -2]
288	[-43.88582526670157, -2]
288	[-43.88582526670157, -2]
288	[-43.88582526670157, -2]
288	[-43.88582526670157, -2]
288	[-43.88582526670157, -2]
288	[-43.88582526670157, -2]
288	[-43.88582526670157, -2]
288	[-43.88582526670157, -2]
288	[-43.88582526670157, -2]
288	[-43.88582526670157, -2]
288	[-43.88582526670157, -2]
288	[-43.88582526670157, -2]
288	[-43.88582526670157, -2]
288	[-43.88582526670157, -2]
288	[-43.88582526670157, -2]
289	[-69.58348828395592, 0]
289	[-43.88582526670157, -2]
289	[-43.88582526670157, -2]
289	[-43.88582526670157, -2]
289	[-43.88582526670157, -2]
289	[-43.88582526670157, -2]
289	[-43.88582526670157, -2]
289	[-43.88582526670157, -2]
289	[-43.88582526670157, -2]
289	[-43.88582526670157, -2]
289	[-43.88582526670157, -2]
289	[-43.88582526670157, -2]
289	[-43.88582526670157, -2]
289	[-43.88582526670157, -2]
289	[-43.88582526670157, -2]
289	[-43.88582526670157, -2]
289	[-43.88582526670157, -2]
289	[-43.88582526670157, -2]
289	[-43.88582526670157, -2]
289	[-43.88582526670157, -2]
289	[-43.88582526670157, -2]
289	[-43.88582526670157, -2]
289	[-43.88582526670157, -2]
289	[-43.88582526670157, -2]
289	[-43.88582526670157, -2]
289	[-43.88582526670157, -2]
289	[-43.88582526670157, -2]
289	[-43.88582526670157, -2]
289	[-43.88582526670157, -2]
289	[-43.88582526670157, -2]
289	[-43.88582526670157, -2]
289	[-43.88582526670157, -2]
289	[-43.88582526670157, -2]
289	[-43.88582526670157, -2]
289	[-43.88582526670157, -2]
289	[-43.88582526670157, -2]
289	[-43.88582526670157, -2]
289	[-43.88582526670157, -2]
289	[-43.88582526670157, -2]
289	[-43.88582526670157, -2]
289	[-43.88582526670157, -2]
289	[-43.88582526670157, -2]
289	[-43.88582526670157, -2]
289	[-43.88582526670157, -2]
289	[-43.88582526670157, -2]
289	[-43.88582526670157, -2]
289	[-43.88582526670157, -2]
289	[-43.88582526670157, -2]
289	[-43.88582526670157, -2]
289	[-43.88582526670157, -2]
289	[-43.88582526670157, -2]
289	[-43.88582526670157, -2]
289	[-43.88582526670157, -2]
289	[-43.88582526670157, -2]
289	[-43.88582526670157, -2]
289	[-43.88582526670157, -2]
289	[-43.88582526670157, -2]
289	[-43.88582526670157, -2]
289	[-43.88582526670157, -2]
289	[-43.88582526670157, -2]
289	[-43.88582526670157, -2]
289	[-43.88582526670157, -2]
289	[-43.88582526670157, -2]
289	[-43.88582526670157, -2]
289	[-43.88582526670157, -2]
289	[-43.88582526670157, -2]
289	[-43.88582526670157, -2]
289	[-43.88582526670157, -2]
289	[-43.88582526670157, -2]
289	[-43.88582526670157, -2]
289	[-43.88582526670157, -2]
289	[-43.88582526670157, -2]
289	[-43.88582526670157, -2]
289	[-43.88582526670157, -2]
289	[-43.88582526670157, -2]
289	[-43.88582526670157, -2]
289	[-43.88582526670157, -2]
289	[-43.88582526670157, -2]
289	[-43.88582526670157, -2]
289	[-43.88582526670157, -2]
290	[-69.58348828395592, 0]
290	[-69.58348828395592, 0]
290	[-69.58348828395592, 0]
290	[-43.88582526670157, -2]
290	[-43.88582526670157, -2]
290	[-43.88582526670157, -2]
290	[-43.88582526670157, -2]
290	[-43.88582526670157, -2]
290	[-43.88582526670157, -2]
290	[-43.88582526670157, -2]
290	[-43.88582526670157, -2]
290	[-43.88582526670157, -2]
290	[-43.88582526670157, -2]
290	[-43.88582526670157, -2]
290	[-43.88582526670157, -2]
290	[-43.88582526670157, -2]
290	[-43.88582526670157, -2]
290	[-43.88582526670157, -2]
290	[-43.88582526670157, -2]
290	[-43.88582526670157, -2]
290	[-43.88582526670157, -2]
290	[-43.88582526670157, -2]
290	[-43.88582526670157, -2]
290	[-43.88582526670157, -2]
290	[-43.88582526670157, -2]
290	[-43.88582526670157, -2]
290	[-43.88582526670157, -2]
290	[-43.88582526670157, -2]
290	[-43.88582526670157, -2]
290	[-43.88582526670157, -2]
290	[-43.88582526670157, -2]
290	[-43.88582526670157, -2]
290	[-43.88582526670157, -2]
290	[-43.88582526670157, -2]
290	[-43.88582526670157, -2]
290	[-43.88582526670157, -2]
290	[-43.88582526670157, -2]
290	[-43.88582526670157, -2]
290	[-43.88582526670157, -2]
290	[-43.88582526670157, -2]
290	[-43.88582526670157, -2]
290	[-43.88582526670157, -2]
290	[-43.88582526670157, -2]
290	[-43.88582526670157, -2]
290	[-43.88582526670157, -2]
290	[-43.88582526670157, -2]
290	[-43.88582526670157, -2]
290	[-43.88582526670157, -2]
290	[-43.88582526670157, -2]
290	[-43.88582526670157, -2]
290	[-43.88582526670157, -2]
290	[-43.88582526670157, -2]
290	[-43.88582526670157, -2]
290	[-43.88582526670157, -2]
290	[-43.88582526670157, -2]
290	[-43.88582526670157, -2]
290	[-43.88582526670157, -2]
290	[-43.88582526670157, -2]
290	[-43.88582526670157, -2]
290	[-43.88582526670157, -2]
290	[-43.88582526670157, -2]
290	[-43.88582526670157, -2]
290	[-43.88582526670157, -2]
290	[-43.88582526670157, -2]
290	[-43.88582526670157, -2]
290	[-43.88582526670157, -2]
290	[-43.88582526670157, -2]
290	[-43.88582526670157, -2]
290	[-43.88582526670157, -2]
290	[-43.88582526670157, -2]
290	[-43.88582526670157, -2]
290	[-43.88582526670157, -2]
290	[-43.88582526670157, -2]
290	[-43.88582526670157, -2]
290	[-43.88582526670157, -2]
290	[-43.88582526670157, -2]
290	[-43.88582526670157, -2]
290	[-43.88582526670157, -2]
290	[-43.88582526670157, -2]
290	[-43.88582526670157, -2]
291	[-69.58348828395592, 0]
291	[-69.58348828395592, 0]
291	[-69.58348828395592, 0]
291	[-69.58348828395592, 0]
291	[-43.88582526670157, -2]
291	[-43.88582526670157, -2]
291	[-43.88582526670157, -2]
291	[-43.88582526670157, -2]
291	[-43.88582526670157, -2]
291	[-43.88582526670157, -2]
291	[-43.88582526670157, -2]
291	[-43.88582526670157, -2]
291	[-43.88582526670157, -2]
291	[-43.88582526670157, -2]
291	[-43.88582526670157, -2]
291	[-43.88582526670157, -2]
291	[-43.88582526670157, -2]
291	[-43.88582526670157, -2]
291	[-43.88582526670157, -2]
291	[-43.88582526670157, -2]
291	[-43.88582526670157, -2]
291	[-43.88582526670157, -2]
291	[-43.88582526670157, -2]
291	[-43.88582526670157, -2]
291	[-43.88582526670157, -2]
291	[-43.88582526670157, -2]
291	[-43.88582526670157, -2]
291	[-43.88582526670157, -2]
291	[-43.88582526670157, -2]
291	[-43.88582526670157, -2]
291	[-43.88582526670157, -2]
291	[-43.88582526670157, -2]
291	[-43.88582526670157, -2]
291	[-43.88582526670157, -2]
291	[-43.88582526670157, -2]
291	[-43.88582526670157, -2]
291	[-43.88582526670157, -2]
291	[-43.88582526670157, -2]
291	[-43.88582526670157, -2]
291	[-43.88582526670157, -2]
291	[-43.88582526670157, -2]
291	[-43.88582526670157, -2]
291	[-43.88582526670157, -2]
291	[-43.88582526670157, -2]
291	[-43.88582526670157, -2]
291	[-43.88582526670157, -2]
291	[-43.88582526670157, -2]
291	[-43.88582526670157, -2]
291	[-43.88582526670157, -2]
291	[-43.88582526670157, -2]
291	[-43.88582526670157, -2]
291	[-43.88582526670157, -2]
291	[-43.88582526670157, -2]
291	[-43.88582526670157, -2]
291	[-43.88582526670157, -2]
291	[-43.88582526670157, -2]
291	[-43.88582526670157, -2]
291	[-43.88582526670157, -2]
291	[-43.88582526670157, -2]
291	[-43.88582526670157, -2]
291	[-43.88582526670157, -2]
291	[-43.88582526670157, -2]
291	[-43.88582526670157, -2]
291	[-43.88582526670157, -2]
291	[-43.88582526670157, -2]
291	[-43.88582526670157, -2]
291	[-43.88582526670157, -2]
291	[-43.88582526670157, -2]
291	[-43.88582526670157, -2]
291	[-43.88582526670157, -2]
291	[-43.88582526670157, -2]
291	[-43.88582526670157, -2]
291	[-43.88582526670157, -2]
291	[-43.88582526670157, -2]
291	[-43.88582526670157, -2]
291	[-43.88582526670157, -2]
291	[-43.88582526670157, -2]
291	[-43.88582526670157, -2]
291	[-43.88582526670157, -2]
291	[-43.88582526670157, -2]
292	[-69.58348828395592, 0]
292	[-69.58348828395592, 0]
292	[-69.58348828395592, 0]
292	[-69.58348828395592, 0]
292	[-43.88582526670157, -2]
292	[-43.88582526670157, -2]
292	[-43.88582526670157, -2]
292	[-43.88582526670157, -2]
292	[-43.88582526670157, -2]
292	[-43.88582526670157, -2]
292	[-43.88582526670157, -2]
292	[-43.88582526670157, -2]
292	[-43.88582526670157, -2]
292	[-43.88582526670157, -2]
292	[-43.88582526670157, -2]
292	[-43.88582526670157, -2]
292	[-43.88582526670157, -2]
292	[-43.88582526670157, -2]
292	[-43.88582526670157, -2]
292	[-43.88582526670157, -2]
292	[-43.88582526670157, -2]
292	[-43.88582526670157, -2]
292	[-43.88582526670157, -2]
292	[-43.88582526670157, -2]
292	[-43.88582526670157, -2]
292	[-43.88582526670157, -2]
292	[-43.88582526670157, -2]
292	[-43.88582526670157, -2]
292	[-43.88582526670157, -2]
292	[-43.88582526670157, -2]
292	[-43.88582526670157, -2]
292	[-43.88582526670157, -2]
292	[-43.88582526670157, -2]
292	[-43.88582526670157, -2]
292	[-43.88582526670157, -2]
292	[-43.88582526670157, -2]
292	[-43.88582526670157, -2]
292	[-43.88582526670157, -2]
292	[-43.88582526670157, -2]
292	[-43.88582526670157, -2]
292	[-43.88582526670157, -2]
292	[-43.88582526670157, -2]
292	[-43.88582526670157, -2]
292	[-43.88582526670157, -2]
292	[-43.88582526670157, -2]
292	[-43.88582526670157, -2]
292	[-43.88582526670157, -2]
292	[-43.88582526670157, -2]
292	[-43.88582526670157, -2]
292	[-43.88582526670157, -2]
292	[-43.88582526670157, -2]
292	[-43.88582526670157, -2]
292	[-43.88582526670157, -2]
292	[-43.88582526670157, -2]
292	[-43.88582526670157, -2]
292	[-43.88582526670157, -2]
292	[-43.88582526670157, -2]
292	[-43.88582526670157, -2]
292	[-43.88582526670157, -2]
292	[-43.88582526670157, -2]
292	[-43.88582526670157, -2]
292	[-43.88582526670157, -2]
292	[-43.88582526670157, -2]
292	[-43.88582526670157, -2]
292	[-43.88582526670157, -2]
292	[-43.88582526670157, -2]
292	[-43.88582526670157, -2]
292	[-43.88582526670157, -2]
292	[-43.88582526670157, -2]
292	[-43.88582526670157, -2]
292	[-43.88582526670157, -2]
292	[-43.88582526670157, -2]
292	[-43.88582526670157, -2]
292	[-43.88582526670157, -2]
292	[-43.88582526670157, -2]
292	[-43.88582526670157, -2]
292	[-43.88582526670157, -2]
292	[-43.88582526670157, -2]
292	[-43.88582526670157, -2]
292	[-43.88582526670157, -2]
293	[-69.58348828395592, 0]
293	[-69.58348828395592, 0]
293	[-69.58348828395592, 0]
293	[-69.58348828395592, 0]
293	[-69.58348828395592, 0]
293	[-43.88582526670157, -2]
293	[-43.88582526670157, -2]
293	[-43.88582526670157, -2]
293	[-43.88582526670157, -2]
293	[-43.88582526670157, -2]
293	[-43.88582526670157, -2]
293	[-43.88582526670157, -2]
293	[-43.88582526670157, -2]
293	[-43.88582526670157, -2]
293	[-43.88582526670157, -2]
293	[-43.88582526670157, -2]
293	[-43.88582526670157, -2]
293	[-43.88582526670157, -2]
293	[-43.88582526670157, -2]
293	[-43.88582526670157, -2]
293	[-43.88582526670157, -2]
293	[-43.88582526670157, -2]
293	[-43.88582526670157, -2]
293	[-43.88582526670157, -2]
293	[-43.88582526670157, -2]
293	[-43.88582526670157, -2]
293	[-43.88582526670157, -2]
293	[-43.88582526670157, -2]
293	[-43.88582526670157, -2]
293	[-43.88582526670157, -2]
293	[-43.88582526670157, -2]
293	[-43.88582526670157, -2]
293	[-43.88582526670157, -2]
293	[-43.88582526670157, -2]
293	[-43.88582526670157, -2]
293	[-43.88582526670157, -2]
293	[-43.88582526670157, -2]
293	[-43.88582526670157, -2]
293	[-43.88582526670157, -2]
293	[-43.88582526670157, -2]
293	[-43.88582526670157, -2]
293	[-43.88582526670157, -2]
293	[-43.88582526670157, -2]
293	[-43.88582526670157, -2]
293	[-43.88582526670157, -2]
293	[-43.88582526670157, -2]
293	[-43.88582526670157, -2]
293	[-43.88582526670157, -2]
293	[-43.88582526670157, -2]
293	[-43.88582526670157, -2]
293	[-43.88582526670157, -2]
293	[-43.88582526670157, -2]
293	[-43.88582526670157, -2]
293	[-43.88582526670157, -2]
293	[-43.88582526670157, -2]
293	[-43.88582526670157, -2]
293	[-43.88582526670157, -2]
293	[-43.88582526670157, -2]
293	[-43.88582526670157, -2]
293	[-43.88582526670157, -2]
293	[-43.88582526670157, -2]
293	[-43.88582526670157, -2]
293	[-43.88582526670157, -2]
293	[-43.88582526670157, -2]
293	[-43.88582526670157, -2]
293	[-43.88582526670157, -2]
293	[-43.88582526670157, -2]
293	[-43.88582526670157, -2]
293	[-43.88582526670157, -2]
293	[-43.88582526670157, -2]
293	[-43.88582526670157, -2]
293	[-43.88582526670157, -2]
293	[-43.88582526670157, -2]
293	[-43.88582526670157, -2]
293	[-43.88582526670157, -2]
293	[-43.88582526670157, -2]
293	[-43.88582526670157, -2]
293	[-43.88582526670157, -2]
293	[-43.88582526670157, -2]
293	[-43.88582526670157, -2]
294	[-69.58348828395592, 0]
294	[-69.58348828395592, 0]
294	[-69.58348828395592, 0]
294	[-69.58348828395592, 0]
294	[-69.58348828395592, 0]
294	[-69.58348828395592, 0]
294	[-43.88582526670157, -2]
294	[-43.88582526670157, -2]
294	[-43.88582526670157, -2]
294	[-43.88582526670157, -2]
294	[-43.88582526670157, -2]
294	[-43.88582526670157, -2]
294	[-43.88582526670157, -2]
294	[-43.88582526670157, -2]
294	[-43.88582526670157, -2]
294	[-43.88582526670157, -2]
294	[-43.88582526670157, -2]
294	[-43.88582526670157, -2]
294	[-43.88582526670157, -2]
294	[-43.88582526670157, -2]
294	[-43.88582526670157, -2]
294	[-43.88582526670157, -2]
294	[-43.88582526670157, -2]
294	[-43.88582526670157, -2]
294	[-43.88582526670157, -2]
294	[-43.88582526670157, -2]
294	[-43.88582526670157, -2]
294	[-43.88582526670157, -2]
294	[-43.88582526670157, -2]
294	[-43.88582526670157, -2]
294	[-43.88582526670157, -2]
294	[-43.88582526670157, -2]
294	[-43.88582526670157, -2]
294	[-43.88582526670157, -2]
294	[-43.88582526670157, -2]
294	[-43.88582526670157, -2]
294	[-43.88582526670157, -2]
294	[-43.88582526670157, -2]
294	[-43.88582526670157, -2]
294	[-43.88582526670157, -2]
294	[-43.88582526670157, -2]
294	[-43.88582526670157, -2]
294	[-43.88582526670157, -2]
294	[-43.88582526670157, -2]
294	[-43.88582526670157, -2]
294	[-43.88582526670157, -2]
294	[-43.88582526670157, -2]
294	[-43.88582526670157, -2]
294	[-43.88582526670157, -2]
294	[-43.88582526670157, -2]
294	[-43.88582526670157, -2]
294	[-43.88582526670157, -2]
294	[-43.88582526670157, -2]
294	[-43.88582526670157, -2]
294	[-43.88582526670157, -2]
294	[-43.88582526670157, -2]
294	[-43.88582526670157, -2]
294	[-43.88582526670157, -2]
294	[-43.88582526670157, -2]
294	[-43.88582526670157, -2]
294	[-43.88582526670157, -2]
294	[-43.88582526670157, -2]
294	[-43.88582526670157, -2]
294	[-43.88582526670157, -2]
294	[-43.88582526670157, -2]
294	[-43.88582526670157, -2]
294	[-43.88582526670157, -2]
294	[-43.88582526670157, -2]
294	[-43.88582526670157, -2]
294	[-43.88582526670157, -2]
294	[-43.88582526670157, -2]
294	[-43.88582526670157, -2]
294	[-43.88582526670157, -2]
294	[-43.88582526670157, -2]
294	[-43.88582526670157, -2]
294	[-43.88582526670157, -2]
294	[-43.88582526670157, -2]
294	[-43.88582526670157, -2]
294	[-43.88582526670157, -2]
294	[-43.88582526670157, -2]
295	[-69.58348828395592, 0]
295	[-69.58348828395592, 0]
295	[-69.58348828395592, 0]
295	[-69.58348828395592, 0]
295	[-69.58348828395592, 0]
295	[-43.88582526670157, -2]
295	[-43.88582526670157, -2]
295	[-43.88582526670157, -2]
295	[-43.88582526670157, -2]
295	[-43.88582526670157, -2]
295	[-43.88582526670157, -2]
295	[-43.88582526670157, -2]
295	[-43.88582526670157, -2]
295	[-43.88582526670157, -2]
295	[-43.88582526670157, -2]
295	[-43.88582526670157, -2]
295	[-43.88582526670157, -2]
295	[-43.88582526670157, -2]
295	[-43.88582526670157, -2]
295	[-43.88582526670157, -2]
295	[-43.88582526670157, -2]
295	[-43.88582526670157, -2]
295	[-43.88582526670157, -2]
295	[-43.88582526670157, -2]
295	[-43.88582526670157, -2]
295	[-43.88582526670157, -2]
295	[-43.88582526670157, -2]
295	[-43.88582526670157, -2]
295	[-43.88582526670157, -2]
295	[-43.88582526670157, -2]
295	[-43.88582526670157, -2]
295	[-43.88582526670157, -2]
295	[-43.88582526670157, -2]
295	[-43.88582526670157, -2]
295	[-43.88582526670157, -2]
295	[-43.88582526670157, -2]
295	[-43.88582526670157, -2]
295	[-43.88582526670157, -2]
295	[-43.88582526670157, -2]
295	[-43.88582526670157, -2]
295	[-43.88582526670157, -2]
295	[-43.88582526670157, -2]
295	[-43.88582526670157, -2]
295	[-43.88582526670157, -2]
295	[-43.88582526670157, -2]
295	[-43.88582526670157, -2]
295	[-43.88582526670157, -2]
295	[-43.88582526670157, -2]
295	[-43.88582526670157, -2]
295	[-43.88582526670157, -2]
295	[-43.88582526670157, -2]
295	[-43.88582526670157, -2]
295	[-43.88582526670157, -2]
295	[-43.88582526670157, -2]
295	[-43.88582526670157, -2]
295	[-43.88582526670157, -2]
295	[-43.88582526670157, -2]
295	[-43.88582526670157, -2]
295	[-43.88582526670157, -2]
295	[-43.88582526670157, -2]
295	[-43.88582526670157, -2]
295	[-43.88582526670157, -2]
295	[-43.88582526670157, -2]
295	[-43.88582526670157, -2]
295	[-43.88582526670157, -2]
295	[-43.88582526670157, -2]
295	[-43.88582526670157, -2]
295	[-43.88582526670157, -2]
295	[-43.88582526670157, -2]
295	[-43.88582526670157, -2]
295	[-43.88582526670157, -2]
295	[-43.88582526670157, -2]
295	[-43.88582526670157, -2]
295	[-43.88582526670157, -2]
295	[-43.88582526670157, -2]
295	[-43.88582526670157, -2]
295	[-43.88582526670157, -2]
295	[-43.88582526670157, -2]
295	[-43.88582526670157, -2]
295	[-43.88582526670157, -2]
296	[-69.58348828395592, 0]
296	[-69.58348828395592, 0]
296	[-69.58348828395592, 0]
296	[-69.58348828395592, 0]
296	[-69.58348828395592, 0]
296	[-69.58348828395592, 0]
296	[-69.58348828395592, 0]
296	[-43.88582526670157, -2]
296	[-43.88582526670157, -2]
296	[-43.88582526670157, -2]
296	[-43.88582526670157, -2]
296	[-43.88582526670157, -2]
296	[-43.88582526670157, -2]
296	[-43.88582526670157, -2]
296	[-43.88582526670157, -2]
296	[-43.88582526670157, -2]
296	[-43.88582526670157, -2]
296	[-43.88582526670157, -2]
296	[-43.88582526670157, -2]
296	[-43.88582526670157, -2]
296	[-43.88582526670157, -2]
296	[-43.88582526670157, -2]
296	[-43.88582526670157, -2]
296	[-43.88582526670157, -2]
296	[-43.88582526670157, -2]
296	[-43.88582526670157, -2]
296	[-43.88582526670157, -2]
296	[-43.88582526670157, -2]
296	[-43.88582526670157, -2]
296	[-43.88582526670157, -2]
296	[-43.88582526670157, -2]
296	[-43.88582526670157, -2]
296	[-43.88582526670157, -2]
296	[-43.88582526670157, -2]
296	[-43.88582526670157, -2]
296	[-43.88582526670157, -2]
296	[-43.88582526670157, -2]
296	[-43.88582526670157, -2]
296	[-43.88582526670157, -2]
296	[-43.88582526670157, -2]
296	[-43.88582526670157, -2]
296	[-43.88582526670157, -2]
296	[-43.88582526670157, -2]
296	[-43.88582526670157, -2]
296	[-43.88582526670157, -2]
296	[-43.88582526670157, -2]
296	[-43.88582526670157, -2]
296	[-43.88582526670157, -2]
296	[-43.88582526670157, -2]
296	[-43.88582526670157, -2]
296	[-43.88582526670157, -2]
296	[-43.88582526670157, -2]
296	[-43.88582526670157, -2]
296	[-43.88582526670157, -2]
296	[-43.88582526670157, -2]
296	[-43.88582526670157, -2]
296	[-43.88582526670157, -2]
296	[-43.88582526670157, -2]
296	[-43.88582526670157, -2]
296	[-43.88582526670157, -2]
296	[-43.88582526670157, -2]
296	[-43.88582526670157, -2]
296	[-43.88582526670157, -2]
296	[-43.88582526670157, -2]
296	[-43.88582526670157, -2]
296	[-43.88582526670157, -2]
296	[-43.88582526670157, -2]
296	[-43.88582526670157, -2]
296	[-43.88582526670157, -2]
296	[-43.88582526670157, -2]
296	[-43.88582526670157, -2]
296	[-43.88582526670157, -2]
296	[-43.88582526670157, -2]
296	[-43.88582526670157, -2]
296	[-43.88582526670157, -2]
296	[-43.88582526670157, -2]
296	[-43.88582526670157, -2]
296	[-43.88582526670157, -2]
296	[-43.88582526670157, -2]
296	[-43.88582526670157, -2]
297	[-69.58348828395592, 0]
297	[-69.58348828395592, 0]
297	[-69.58348828395592, 0]
297	[-69.58348828395592, 0]
297	[-69.58348828395592, 0]
297	[-69.58348828395592, 0]
297	[-69.58348828395592, 0]
297	[-69.58348828395592, 0]
297	[-43.88582526670157, -2]
297	[-43.88582526670157, -2]
297	[-43.88582526670157, -2]
297	[-43.88582526670157, -2]
297	[-43.88582526670157, -2]
297	[-43.88582526670157, -2]
297	[-43.88582526670157, -2]
297	[-43.88582526670157, -2]
297	[-43.88582526670157, -2]
297	[-43.88582526670157, -2]
297	[-43.88582526670157, -2]
297	[-43.88582526670157, -2]
297	[-43.88582526670157, -2]
297	[-43.88582526670157, -2]
297	[-43.88582526670157, -2]
297	[-43.88582526670157, -2]
297	[-43.88582526670157, -2]
297	[-43.88582526670157, -2]
297	[-43.88582526670157, -2]
297	[-43.88582526670157, -2]
297	[-43.88582526670157, -2]
297	[-43.88582526670157, -2]
297	[-43.88582526670157, -2]
297	[-43.88582526670157, -2]
297	[-43.88582526670157, -2]
297	[-43.88582526670157, -2]
297	[-43.88582526670157, -2]
297	[-43.88582526670157, -2]
297	[-43.88582526670157, -2]
297	[-43.88582526670157, -2]
297	[-43.88582526670157, -2]
297	[-43.88582526670157, -2]
297	[-43.88582526670157, -2]
297	[-43.88582526670157, -2]
297	[-43.88582526670157, -2]
297	[-43.88582526670157, -2]
297	[-43.88582526670157, -2]
297	[-43.88582526670157, -2]
297	[-43.88582526670157, -2]
297	[-43.88582526670157, -2]
297	[-43.88582526670157, -2]
297	[-43.88582526670157, -2]
297	[-43.88582526670157, -2]
297	[-43.88582526670157, -2]
297	[-43.88582526670157, -2]
297	[-43.88582526670157, -2]
297	[-43.88582526670157, -2]
297	[-43.88582526670157, -2]
297	[-43.88582526670157, -2]
297	[-43.88582526670157, -2]
297	[-43.88582526670157, -2]
297	[-43.88582526670157, -2]
297	[-43.88582526670157, -2]
297	[-43.88582526670157, -2]
297	[-43.88582526670157, -2]
297	[-43.88582526670157, -2]
297	[-43.88582526670157, -2]
297	[-43.88582526670157, -2]
297	[-43.88582526670157, -2]
297	[-43.88582526670157, -2]
297	[-43.88582526670157, -2]
297	[-43.88582526670157, -2]
297	[-43.88582526670157, -2]
297	[-43.88582526670157, -2]
297	[-43.88582526670157, -2]
297	[-43.88582526670157, -2]
297	[-43.88582526670157, -2]
297	[-43.88582526670157, -2]
297	[-43.88582526670157, -2]
297	[-43.88582526670157, -2]
297	[-43.88582526670157, -2]
297	[-43.88582526670157, -2]
298	[-63.365162737274595, 0]
298	[-43.88582526670157, -2]
298	[-43.88582526670157, -2]
298	[-43.88582526670157, -2]
298	[-43.88582526670157, -2]
298	[-43.88582526670157, -2]
298	[-43.88582526670157, -2]
298	[-43.88582526670157, -2]
298	[-43.88582526670157, -2]
298	[-43.88582526670157, -2]
298	[-43.88582526670157, -2]
298	[-43.88582526670157, -2]
298	[-43.88582526670157, -2]
298	[-43.88582526670157, -2]
298	[-43.88582526670157, -2]
298	[-43.88582526670157, -2]
298	[-43.88582526670157, -2]
298	[-43.88582526670157, -2]
298	[-43.88582526670157, -2]
298	[-43.88582526670157, -2]
298	[-43.88582526670157, -2]
298	[-43.88582526670157, -2]
298	[-43.88582526670157, -2]
298	[-43.88582526670157, -2]
298	[-43.88582526670157, -2]
298	[-43.88582526670157, -2]
298	[-43.88582526670157, -2]
298	[-43.88582526670157, -2]
298	[-43.88582526670157, -2]
298	[-43.88582526670157, -2]
298	[-43.88582526670157, -2]
298	[-43.88582526670157, -2]
298	[-43.88582526670157, -2]
298	[-43.88582526670157, -2]
298	[-43.88582526670157, -2]
298	[-43.88582526670157, -2]
298	[-43.88582526670157, -2]
298	[-43.88582526670157, -2]
298	[-43.88582526670157, -2]
298	[-43.88582526670157, -2]
298	[-43.88582526670157, -2]
298	[-43.88582526670157, -2]
298	[-43.88582526670157, -2]
298	[-43.88582526670157, -2]
298	[-43.88582526670157, -2]
298	[-43.88582526670157, -2]
298	[-43.88582526670157, -2]
298	[-43.88582526670157, -2]
298	[-43.88582526670157, -2]
298	[-43.88582526670157, -2]
298	[-43.88582526670157, -2]
298	[-43.88582526670157, -2]
298	[-43.88582526670157, -2]
298	[-43.88582526670157, -2]
298	[-43.88582526670157, -2]
298	[-43.88582526670157, -2]
298	[-43.88582526670157, -2]
298	[-43.88582526670157, -2]
298	[-43.88582526670157, -2]
298	[-43.88582526670157, -2]
298	[-43.88582526670157, -2]
298	[-43.88582526670157, -2]
298	[-43.88582526670157, -2]
298	[-43.88582526670157, -2]
298	[-43.88582526670157, -2]
298	[-43.88582526670157, -2]
298	[-43.88582526670157, -2]
298	[-43.88582526670157, -2]
298	[-43.88582526670157, -2]
298	[-43.88582526670157, -2]
298	[-43.88582526670157, -2]
298	[-43.88582526670157, -2]
298	[-43.88582526670157, -2]
298	[-43.88582526670157, -2]
298	[-43.88582526670157, -2]
298	[-43.88582526670157, -2]
298	[-43.88582526670157, -2]
298	[-43.88582526670157, -2]
298	[-43.88582526670157, -2]
298	[-43.88582526670157, -2]
299	[-63.365162737274595, 0]
299	[-43.88582526670157, -2]
299	[-43.88582526670157, -2]
299	[-43.88582526670157, -2]
299	[-43.88582526670157, -2]
299	[-43.88582526670157, -2]
299	[-43.88582526670157, -2]
299	[-43.88582526670157, -2]
299	[-43.88582526670157, -2]
299	[-43.88582526670157, -2]
299	[-43.88582526670157, -2]
299	[-43.88582526670157, -2]
299	[-43.88582526670157, -2]
299	[-43.88582526670157, -2]
299	[-43.88582526670157, -2]
299	[-43.88582526670157, -2]
299	[-43.88582526670157, -2]
299	[-43.88582526670157, -2]
299	[-43.88582526670157, -2]
299	[-43.88582526670157, -2]
299	[-43.88582526670157, -2]
299	[-43.88582526670157, -2]
299	[-43.88582526670157, -2]
299	[-43.88582526670157, -2]
299	[-43.88582526670157, -2]
299	[-43.88582526670157, -2]
299	[-43.88582526670157, -2]
299	[-43.88582526670157, -2]
299	[-43.88582526670157, -2]
299	[-43.88582526670157, -2]
299	[-43.88582526670157, -2]
299	[-43.88582526670157, -2]
299	[-43.88582526670157, -2]
299	[-43.88582526670157, -2]
299	[-43.88582526670157, -2]
299	[-43.88582526670157, -2]
299	[-43.88582526670157, -2]
299	[-43.88582526670157, -2]
299	[-43.88582526670157, -2]
299	[-43.88582526670157, -2]
299	[-43.88582526670157, -2]
299	[-43.88582526670157, -2]
299	[-43.88582526670157, -2]
299	[-43.88582526670157, -2]
299	[-43.88582526670157, -2]
299	[-43.88582526670157, -2]
299	[-43.88582526670157, -2]
299	[-43.88582526670157, -2]
299	[-43.88582526670157, -2]
299	[-43.88582526670157, -2]
299	[-43.88582526670157, -2]
299	[-43.88582526670157, -2]
299	[-43.88582526670157, -2]
299	[-43.88582526670157, -2]
299	[-43.88582526670157, -2]
299	[-43.88582526670157, -2]
299	[-43.88582526670157, -2]
299	[-43.88582526670157, -2]
299	[-43.88582526670157, -2]
299	[-43.88582526670157, -2]
299	[-43.88582526670157, -2]
299	[-43.88582526670157, -2]
299	[-43.88582526670157, -2]
299	[-43.88582526670157, -2]
299	[-43.88582526670157, -2]
299	[-43.88582526670157, -2]
299	[-43.88582526670157, -2]
299	[-43.88582526670157, -2]
299	[-43.88582526670157, -2]
299	[-43.88582526670157, -2]
299	[-43.88582526670157, -2]
299	[-43.88582526670157, -2]
299	[-43.88582526670157, -2]
299	[-43.88582526670157, -2]
299	[-43.88582526670157, -2]
299	[-43.88582526670157, -2]
299	[-43.88582526670157, -2]
299	[-43.88582526670157, -2]
299	[-43.88582526670157, -2]
299	[-43.88582526670157, -2]
300	[-63.365162737274595, 0]
300	[-63.365162737274595, 0]
300	[-43.88582526670157, -2]
300	[-43.88582526670157, -2]
300	[-43.88582526670157, -2]
300	[-43.88582526670157, -2]
300	[-43.88582526670157, -2]
300	[-43.88582526670157, -2]
300	[-43.88582526670157, -2]
300	[-43.88582526670157, -2]
300	[-43.88582526670157, -2]
300	[-43.88582526670157, -2]
300	[-43.88582526670157, -2]
300	[-43.88582526670157, -2]
300	[-43.88582526670157, -2]
300	[-43.88582526670157, -2]
300	[-43.88582526670157, -2]
300	[-43.88582526670157, -2]
300	[-43.88582526670157, -2]
300	[-43.88582526670157, -2]
300	[-43.88582526670157, -2]
300	[-43.88582526670157, -2]
300	[-43.88582526670157, -2]
300	[-43.88582526670157, -2]
300	[-43.88582526670157, -2]
300	[-43.88582526670157, -2]
300	[-43.88582526670157, -2]
300	[-43.88582526670157, -2]
300	[-43.88582526670157, -2]
300	[-43.88582526670157, -2]
300	[-43.88582526670157, -2]
300	[-43.88582526670157, -2]
300	[-43.88582526670157, -2]
300	[-43.88582526670157, -2]
300	[-43.88582526670157, -2]
300	[-43.88582526670157, -2]
300	[-43.88582526670157, -2]
300	[-43.88582526670157, -2]
300	[-43.88582526670157, -2]
300	[-43.88582526670157, -2]
300	[-43.88582526670157, -2]
300	[-43.88582526670157, -2]
300	[-43.88582526670157, -2]
300	[-43.88582526670157, -2]
300	[-43.88582526670157, -2]
300	[-43.88582526670157, -2]
300	[-43.88582526670157, -2]
300	[-43.88582526670157, -2]
300	[-43.88582526670157, -2]
300	[-43.88582526670157, -2]
300	[-43.88582526670157, -2]
300	[-43.88582526670157, -2]
300	[-43.88582526670157, -2]
300	[-43.88582526670157, -2]
300	[-43.88582526670157, -2]
300	[-43.88582526670157, -2]
300	[-43.88582526670157, -2]
300	[-43.88582526670157, -2]
300	[-43.88582526670157, -2]
300	[-43.88582526670157, -2]
300	[-43.88582526670157, -2]
300	[-43.88582526670157, -2]
300	[-43.88582526670157, -2]
300	[-43.88582526670157, -2]
300	[-43.88582526670157, -2]
300	[-43.88582526670157, -2]
300	[-43.88582526670157, -2]
300	[-43.88582526670157, -2]
300	[-43.88582526670157, -2]
300	[-43.88582526670157, -2]
300	[-43.88582526670157, -2]
300	[-43.88582526670157, -2]
300	[-43.88582526670157, -2]
300	[-43.88582526670157, -2]
300	[-43.88582526670157, -2]
300	[-43.88582526670157, -2]
300	[-43.88582526670157, -2]
300	[-43.88582526670157, -2]
300	[-43.88582526670157, -2]
300	[-43.88582526670157, -2]
300	[-63.365162737274595, 0]
300	[-63.365162737274595, 0]
300	[-43.88582526670157, -2]
300	[-43.88582526670157, -2]
300	[-43.88582526670157, -2]
300	[-43.88582526670157, -2]
300	[-43.88582526670157, -2]
300	[-43.88582526670157, -2]
300	[-43.88582526670157, -2]
300	[-43.88582526670157, -2]
300	[-43.88582526670157, -2]
300	[-43.88582526670157, -2]
300	[-43.88582526670157, -2]
300	[-43.88582526670157, -2]
300	[-43.88582526670157, -2]
300	[-43.88582526670157, -2]
300	[-43.88582526670157, -2]
300	[-43.88582526670157, -2]
300	[-43.88582526670157, -2]
300	[-43.88582526670157, -2]
300	[-43.88582526670157, -2]
300	[-43.88582526670157, -2]
300	[-43.88582526670157, -2]
300	[-43.88582526670157, -2]
300	[-43.88582526670157, -2]
300	[-43.88582526670157, -2]
300	[-43.88582526670157, -2]
300	[-43.88582526670157, -2]
300	[-43.88582526670157, -2]
300	[-43.88582526670157, -2]
300	[-43.88582526670157, -2]
300	[-43.88582526670157, -2]
300	[-43.88582526670157, -2]
300	[-43.88582526670157, -2]
300	[-43.88582526670157, -2]
300	[-43.88582526670157, -2]
300	[-43.88582526670157, -2]
300	[-43.88582526670157, -2]
300	[-43.88582526670157, -2]
300	[-43.88582526670157, -2]
300	[-43.88582526670157, -2]
300	[-43.88582526670157, -2]
300	[-43.88582526670157, -2]
300	[-43.88582526670157, -2]
300	[-43.88582526670157, -2]
300	[-43.88582526670157, -2]
300	[-43.88582526670157, -2]
300	[-43.88582526670157, -2]
300	[-43.88582526670157, -2]
300	[-43.88582526670157, -2]
300	[-43.88582526670157, -2]
300	[-43.88582526670157, -2]
300	[-43.88582526670157, -2]
300	[-43.88582526670157, -2]
300	[-43.88582526670157, -2]
300	[-43.88582526670157, -2]
300	[-43.88582526670157, -2]
300	[-43.88582526670157, -2]
300	[-43.88582526670157, -2]
300	[-43.88582526670157, -2]
300	[-43.88582526670157, -2]
300	[-43.88582526670157, -2]
300	[-43.88582526670157, -2]
300	[-43.88582526670157, -2]
300	[-43.88582526670157, -2]
300	[-43.88582526670157, -2]
300	[-43.88582526670157, -2]
300	[-43.88582526670157, -2]
300	[-43.88582526670157, -2]
300	[-43.88582526670157, -2]
300	[-43.88582526670157, -2]
300	[-43.88582526670157, -2]
300	[-43.88582526670157, -2]
300	[-43.88582526670157, -2]
300	[-43.88582526670157, -2]
300	[-43.88582526670157, -2]
300	[-43.88582526670157, -2]
300	[-43.88582526670157, -2]
300	[-43.88582526670157, -2]
300	[-43.88582526670157, -2]
