ave_fitness	ave_genome_length	ave_tree_depth	ave_tree_nodes	ave_used_codons	best_fitness	gen	invalids	max_genome_length	max_tree_depth	max_tree_nodes	max_used_codons	min_genome_length	min_tree_depth	min_tree_nodes	min_used_codons	runtime_error	time_adjust	time_taken	total_inds	total_time	unique_inds	unused_search	
-5162772.614606698	100.0	8.063291139240507	100.9493670886076	61.11392405063291	-91.21969419010898	0	1	100	12.0	217.0	129.0	100	6.0	57.0	35.0	0	0	4.897865533828735	80	4.897865533828735	79	1.25	
-1212836.5376941862	100.0	8.782051282051283	123.97435897435898	74.67948717948718	-85.80440051017044	1	3	122	12.0	273.0	162.0	78	6.0	57.0	35.0	0	0	4.880340099334717	160	9.778205633163452	151	5.625	
-737653.4684155667	99.4125	8.6125	125.7	75.7625	-78.19424524055121	2	3	124	12	273	162	76	6	57	35	0	0	4.798567771911621	240	14.576773405075073	224	6.666666666666671	
-925388.3784479361	98.65	8.5625	130.6	78.675	-76.70674309013027	3	3	165	12	273	162	26	7	65	40	0	0	4.85880970954895	320	19.435583114624023	297	7.1875	
-487774.54722064955	100.1	8.620253164556962	126.9746835443038	76.54430379746836	-71.1961958550037	4	4	162	12.0	321.0	190.0	31	7.0	65.0	40.0	0	0	4.611839771270752	400	24.047422885894775	371	7.25	
-687831.1291474446	103.375	8.65	126.6	76.3625	-67.48238262243149	5	4	162	12	225	134	48	7	65	40	0	0	4.456411361694336	480	28.50383424758911	445	7.291666666666657	
-800301.079902044	99.5125	8.430379746835444	119.78481012658227	72.37974683544304	-67.29091360328084	6	5	162	12.0	249.0	148.0	48	7.0	65.0	40.0	0	0	4.135688304901123	560	32.639522552490234	517	7.678571428571416	
-925175.0314983723	98.8875	8.243589743589743	114.74358974358974	69.42307692307692	-67.29091360328084	7	7	157	12.0	265.0	157.0	45	6.0	57.0	35.0	0	0	3.859675407409668	640	36.4991979598999	586	8.4375	
-1225179.96095884	98.4	8.2	116.0	70.1875	-67.29091360328084	8	7	140	11	225	134	48	7	73	45	0	0	4.0330188274383545	720	40.53221678733826	660	8.333333333333343	
-1237787.7939663369	98.025	8.125	113.4	68.675	-64.68056885791388	9	7	165	11	225	134	37	6	57	35	0	0	3.9222605228424072	800	44.454477310180664	733	8.375	
-825242.5718933878	97.375	8.0625	108.1	65.6	-64.68056885791388	10	7	121	10	177	106	41	7	65	40	0	0	3.783867597579956	880	48.23834490776062	808	8.181818181818173	
-775245.6972070193	99.9625	8.2125	110.8	67.2	-64.68056885791388	11	7	139	10	177	106	48	7	73	45	0	0	3.7381021976470947	960	51.976447105407715	883	8.020833333333329	
-700342.663812235	99.425	8.1625	116.2	70.4125	-62.82440818282923	12	7	149	10	177	106	51	7	73	45	0	0	3.8071835041046143	1040	55.78363060951233	958	7.884615384615387	
-387640.97196314787	99.6	8.2125	122.8	74.3375	-62.82440818282923	13	7	152	10	177	106	48	7	65	40	0	0	3.7715601921081543	1120	59.55519080162048	1034	7.678571428571416	
-850141.9347503033	99.45	8.2125	121.8	73.725	-62.62257208462833	14	7	130	11	201	120	70	6	57	35	0	0	3.8740148544311523	1200	63.429205656051636	1110	7.5	
-662740.390590949	99.8625	8.15	114.8	69.625	-62.62257208462833	15	7	156	10	153	92	26	7	65	40	0	0	3.653327703475952	1280	67.08253335952759	1185	7.421875	
-912669.2299996071	100.5125	8.1625	114.9	69.7	-62.62257208462833	16	7	138	11	169	101	66	7	73	45	0	0	3.5606813430786133	1360	70.6432147026062	1259	7.42647058823529	
-525197.1529126872	100.0	8.275	113.4	68.825	-62.398658359254654	17	7	127	12	193	115	73	7	65	40	0	0	3.5171990394592285	1440	74.16041374206543	1334	7.361111111111114	
-662765.6952226262	100.0	8.1625	108.6	65.975	-62.398658359254654	18	7	149	10	153	92	51	7	65	40	0	0	3.5173938274383545	1520	77.67780756950378	1408	7.368421052631575	
-887715.1876489846	100.0	8.175	108.1	65.7125	-62.398658359254654	19	7	122	11	161	96	78	7	73	45	0	0	3.561988115310669	1600	81.23979568481445	1484	7.25	
-987789.1064435116	100.0	7.975	105.2	64.025	-62.398658359254654	20	7	133	10	169	101	67	7	65	40	0	0	3.3571114540100098	1680	84.59690713882446	1558	7.261904761904759	
-587768.8684847804	101.35	8.0375	108.2	65.8125	-62.21110962480225	21	7	147	10	153	92	53	7	65	40	0	0	3.2475202083587646	1760	87.84442734718323	1631	7.329545454545453	
-850212.0824165603	100.05	8.1875	110.3	67.0125	-62.21110962480225	22	7	124	12	225	134	68	7	65	40	0	0	3.4959962368011475	1840	91.34042358398438	1707	7.228260869565219	
-425238.51645141223	100.75	8.225	111.5	67.7125	-62.21110962480225	23	7	128	11	169	101	75	7	65	40	0	0	3.444286346435547	1920	94.78470993041992	1781	7.239583333333329	
-475161.09750935424	100.0	8.175	111.4	67.6625	-61.867597201809396	24	7	127	11	201	120	73	6	57	35	0	0	3.318631887435913	2000	98.10334181785583	1852	7.3999999999999915	
-725333.970834683	100.0	8.1875	110.6	67.15	-61.867597201809396	25	7	146	13	241	143	54	6	57	35	0	0	3.530378580093384	2080	101.63372039794922	1926	7.403846153846146	
-537748.6066128504	99.65	7.9375	103.7	63.175	-60.70222892054633	26	7	142	10	145	87	58	7	73	45	0	0	3.238459825515747	2160	104.87218022346497	2001	7.361111111111114	
-937714.0317628834	99.65	8.0875	109.4	66.5125	-60.70222892054633	27	7	140	11	177	106	46	7	73	45	0	0	3.2305262088775635	2240	108.10270643234253	2074	7.410714285714278	
-762706.5114478242	100.0	8.15	109.8	66.6625	-60.70222892054633	28	7	138	11	201	120	62	6	57	35	0	0	3.646898031234741	2320	111.74960446357727	2150	7.327586206896555	
-662788.342427011	100.1875	8.075949367088608	108.24050632911393	65.75949367088607	-60.58338241038531	29	8	141	10.0	177.0	106.0	59	7.0	65.0	40.0	0	0	3.5025432109832764	2400	115.25214767456055	2224	7.333333333333343	
-725219.4621774857	100.45	8.3125	119.1	72.125	-60.58338241038531	30	8	124	12	201	120	76	7	65	40	0	0	3.797179698944092	2480	119.04932737350464	2300	7.258064516129039	
-812717.3196885531	100.4875	8.3	120.5	72.9625	-60.580080355873044	31	8	155	13	217	129	45	7	73	45	0	0	3.7419683933258057	2560	122.79129576683044	2376	7.1875	
-662716.1824197747	103.3125	8.3875	125.9	76.125	-60.490450527098666	32	8	139	11	193	115	71	7	73	45	0	0	3.885554313659668	2640	126.67685008049011	2452	7.1212121212121104	
-787743.8471179998	102.3875	8.1125	119.5	72.35	-60.474919823186866	33	8	142	11	177	106	82	7	65	40	0	0	3.7562408447265625	2720	130.43309092521667	2526	7.132352941176464	
-487725.71927302086	100.9	8.275	124.2	75.1	-60.35947405291883	34	8	157	11	177	106	43	6	57	35	0	0	3.989973783493042	2800	134.42306470870972	2602	7.071428571428569	
-962742.8834658194	100.1125	8.1125	116.0	70.2625	-60.35947405291883	35	8	155	11	193	115	45	7	65	40	0	0	3.885772943496704	2880	138.30883765220642	2678	7.013888888888886	
-800186.4095066305	100.0	8.1125	121.2	73.3625	-60.35947405291883	36	8	163	12	225	134	37	7	65	40	0	0	3.782240152359009	2960	142.09107780456543	2753	6.993243243243242	
-650148.2102789882	99.0375	8.153846153846153	121.0	73.24358974358974	-60.35947405291883	37	10	175	11.0	177.0	106.0	25	7.0	65.0	40.0	0	0	3.6948819160461426	3040	145.78595972061157	2826	7.0394736842105345	
-837686.2682217378	98.0	8.0875	117.1	70.95	-60.35947405291883	38	10	164	11	177	106	36	7	65	40	0	0	3.7190377712249756	3120	149.50499749183655	2901	7.019230769230774	
-1425248.5611301686	96.0	8.1125	117.2	70.9625	-60.35947405291883	39	10	159	13	217	129	41	7	65	40	0	0	3.8076562881469727	3200	153.31265377998352	2975	7.03125	
-775150.6161641519	100.725	8.1875	123.8	74.9	-60.262696817650394	40	10	159	11	177	106	66	7	73	45	0	0	3.681413412094116	3280	156.99406719207764	3048	7.073170731707307	
-837816.8382747859	101.25	8.1125	122.4	74.0625	-59.5308337570837	41	10	159	10	177	106	42	7	65	40	0	0	3.816974401473999	3360	160.81104159355164	3123	7.053571428571431	
-675192.7327383285	102.2125	8.1625	121.2	73.3625	-59.5308337570837	42	10	159	11	177	106	57	7	65	40	0	0	3.7075321674346924	3440	164.51857376098633	3197	7.063953488372093	
-887696.9910313111	100.0	8.1125	118.4	71.7125	-59.5308337570837	43	10	150	12	217	129	50	6	57	35	0	0	3.760003089904785	3520	168.2785768508911	3271	7.073863636363626	
-437725.69492143963	100.95	8.3125	123.6	74.7625	-59.5308337570837	44	10	167	10	201	120	33	7	73	45	0	0	3.812389850616455	3600	172.09096670150757	3345	7.083333333333329	
-525283.5156720675	100.5375	8.1	119.9	72.5875	-59.28883274708223	45	10	167	10	201	120	76	7	65	40	0	0	3.854573965072632	3680	175.9455406665802	3421	7.0380434782608745	
-825273.3998859521	99.7	8.0875	117.5	71.1875	-59.28883274708223	46	10	158	11	193	115	42	7	65	40	0	0	3.7796103954315186	3760	179.72515106201172	3497	6.994680851063833	
-625197.6335695216	100.8625	8.075	117.7	71.3125	-59.28883274708223	47	10	154	12	193	115	68	6	57	35	0	0	3.749748706817627	3840	183.47489976882935	3573	6.953125	
-1137621.8499229648	100.0	8.0875	119.5	72.3625	-59.28883274708223	48	10	138	11	177	106	62	7	65	40	0	0	3.741880178451538	3920	187.21677994728088	3647	6.964285714285708	
-675231.826630326	100.0	8.025	116.7	70.725	-59.28883274708223	49	10	167	12	193	115	33	6	57	35	0	0	3.7439467906951904	4000	190.96072673797607	3723	6.924999999999997	
-525247.7834747643	100.0	8.0875	116.9	70.85	-59.28883274708223	50	10	144	11	169	101	56	7	65	40	0	0	3.688304901123047	4080	194.64903163909912	3798	6.911764705882348	
-950293.8679342447	100.5	8.0875	113.9	69.05	-59.28883274708223	51	10	141	11	169	101	59	6	57	35	0	0	3.726592540740967	4160	198.3756241798401	3872	6.92307692307692	
-275141.4126288479	100.5875	8.125	119.6	72.425	-59.28408292643671	52	10	148	11	193	115	52	6	57	35	0	0	3.777212381362915	4240	202.152836561203	3947	6.910377358490578	
-462743.1052831039	99.75	8.05	115.8	70.175	-59.20949567607293	53	10	162	11	177	106	38	6	57	35	0	0	3.817505359649658	4320	205.97034192085266	4023	6.875	
-175150.10692757225	102.05	8.0625	122.3	74.0125	-59.20949567607293	54	10	146	10	201	120	54	7	65	40	0	0	3.7626047134399414	4400	209.7329466342926	4097	6.88636363636364	
-587713.0747666499	100.1875	8.1125	121.6	73.6	-59.20949567607293	55	10	123	10	153	92	83	7	73	45	0	0	3.841388463973999	4480	213.5743350982666	4173	6.852678571428569	
-775201.7958490087	100.0	8.0625	120.1	72.7125	-59.20949567607293	56	10	128	9	153	92	72	7	65	40	0	0	3.8465874195098877	4560	217.4209225177765	4249	6.820175438596493	
-487790.0784733187	100.6375	8.1125	122.9	74.35	-59.20949567607293	57	10	154	11	193	115	46	6	57	35	0	0	3.819645881652832	4640	221.24056839942932	4323	6.831896551724142	
-737649.4110496076	100.0	8.125	121.3	73.4125	-59.20949567607293	58	10	137	11	177	106	63	7	73	45	0	0	3.80936861038208	4720	225.0499370098114	4398	6.8220338983050794	
-1025306.7383249078	100.45	8.1125	117.7	71.275	-59.20949567607293	59	10	169	12	193	115	31	6	57	35	0	0	3.843442916870117	4800	228.89337992668152	4474	6.791666666666657	
-750189.2984094912	102.5875	8.1	118.6	71.8375	-59.20949567607293	60	10	155	11	249	148	66	7	65	40	0	0	3.7191576957702637	4880	232.61253762245178	4548	6.8032786885246	
-200237.88488084305	98.925	7.95	114.9	69.675	-59.20949567607293	61	10	126	10	153	92	47	7	65	40	0	0	3.677694082260132	4960	236.2902317047119	4623	6.79435483870968	
-625158.9272210891	99.4875	8.2625	124.7	75.4	-59.1959505835016	62	10	127	13	241	143	68	6	57	35	0	0	3.9879345893859863	5040	240.2781662940979	4699	6.765873015873012	
-537678.5065504343	99.6	8.175	123.4	74.6625	-59.187816127430416	63	10	135	13	225	134	65	7	65	40	0	0	3.7543721199035645	5120	244.03253841400146	4774	6.7578125	
-700171.4221295409	99.9375	8.325	124.2	75.1	-59.1436070322538	64	10	138	12	201	120	62	7	73	45	0	0	3.8336915969848633	5200	247.86623001098633	4848	6.769230769230774	
-437736.6150529006	100.4	8.225	122.8	74.275	-59.1436070322538	65	10	120	11	177	106	62	7	73	45	0	0	3.8570470809936523	5280	251.72327709197998	4922	6.780303030303031	
-900240.0956766469	100.525	8.275	123.5	74.65	-59.0727776163225	66	10	139	12	225	134	61	6	57	35	0	0	4.086457252502441	5360	255.80973434448242	4997	6.772388059701498	
-1150202.1221610506	100.5	8.1625	121.7	73.6375	-59.0727776163225	67	10	124	11	193	115	76	7	65	40	0	0	3.8391292095184326	5440	259.64886355400085	5072	6.764705882352942	
-850243.7904916843	100.6	8.20253164556962	120.59493670886076	72.9873417721519	-58.98754662573054	68	11	142	11.0	201.0	120.0	58	7.0	65.0	40.0	0	0	3.740199327468872	5520	263.3890628814697	5145	6.793478260869563	
-575159.1581850484	102.4625	8.2	127.0	76.775	-58.98754662573054	69	11	163	12	185	110	67	6	57	35	0	0	3.8888885974884033	5600	267.27795147895813	5220	6.785714285714278	
-850139.242616887	101.3	8.10126582278481	121.50632911392405	73.53164556962025	-58.98754662573054	70	12	202	11.0	177.0	106.0	24	6.0	57.0	35.0	0	0	3.842801570892334	5680	271.12075304985046	5295	6.7781690140845114	
-850219.7740244161	100.4875	8.20253164556962	125.15189873417721	75.67088607594937	-58.98754662573054	71	13	139	12.0	193.0	115.0	62	7.0	73.0	45.0	0	0	3.88263201713562	5760	275.0033850669861	5369	6.788194444444443	
-587805.9801579113	100.1125	8.1375	122.4	74.05	-58.98754662573054	72	13	133	11	225	134	67	7	65	40	0	0	3.9495298862457275	5840	278.9529149532318	5445	6.763698630136986	
-587714.817308353	100.3	8.08860759493671	118.36708860759494	71.72151898734177	-58.98754662573054	73	14	162	12.0	185.0	110.0	38	7.0	65.0	40.0	0	0	3.721679925918579	5920	282.6745948791504	5520	6.756756756756758	
-637791.2170410772	100.6875	8.075	118.7	71.875	-58.98754662573054	74	14	133	10	177	106	67	7	65	40	0	0	3.830237627029419	6000	286.5048325061798	5596	6.733333333333334	
-737803.574192686	100.8625	8.0875	118.8	71.925	-58.98754662573054	75	14	152	10	153	92	48	7	65	40	0	0	3.8797857761383057	6080	290.3846182823181	5672	6.71052631578948	
-800243.2354419797	99.35	8.025	120.0	72.6625	-58.98754662573054	76	14	108	9	153	92	48	7	65	40	0	0	3.7825450897216797	6160	294.1671633720398	5747	6.704545454545453	
-625173.9677212186	99.875	8.1	123.3	74.625	-58.98754662573054	77	14	114	11	177	106	86	7	73	45	0	0	3.759106159210205	6240	297.92626953125	5822	6.698717948717942	
-400214.3957582861	100.0	8.0125	117.1	70.95	-58.98754662573054	78	14	153	10	153	92	47	7	65	40	0	0	3.7243571281433105	6320	301.6506266593933	5897	6.693037974683548	
-837691.5725875354	100.0	8.25	125.4	75.825	-58.98754662573054	79	14	167	11	177	106	33	7	65	40	0	0	3.8449745178222656	6400	305.4956011772156	5972	6.6875	
-637721.9266009245	100.0625	8.375	125.3	75.7625	-58.98754662573054	80	14	137	11	201	120	63	7	65	40	0	0	3.8898603916168213	6480	309.3854615688324	6048	6.666666666666671	
-1362720.9811915315	99.8125	8.3875	122.8	74.275	-58.98754662573054	81	14	158	14	249	148	42	7	65	40	0	0	3.8064708709716797	6560	313.1919324398041	6123	6.661585365853668	
-325221.9358322736	99.8125	8.15	122.1	73.8875	-58.98754662573054	82	14	133	11	169	101	67	7	65	40	0	0	3.7916057109832764	6640	316.98353815078735	6198	6.656626506024097	
-625158.9712807944	100.0	8.0625	119.8	72.5375	-58.98754662573054	83	14	151	10	153	92	49	7	65	40	0	0	3.7461957931518555	6720	320.7297339439392	6272	6.666666666666671	
-962734.0457996272	100.0	8.025	114.6	69.4875	-58.98754662573054	84	14	141	10	153	92	59	7	65	40	0	0	3.7385592460632324	6800	324.46829319000244	6348	6.64705882352942	
-1150267.6828135536	100.3	8.0625	117.1	70.9375	-58.98754662573054	85	14	150	11	177	106	56	7	65	40	0	0	3.7895734310150146	6880	328.25786662101746	6423	6.6424418604651265	
-600161.3075305864	100.6375	7.9875	117.8	71.3875	-58.98754662573054	86	14	164	10	177	106	36	7	65	40	0	0	3.6710171699523926	6960	331.92888379096985	6498	6.637931034482762	
-900306.5763904197	100.6125	8.05	117.7	71.2875	-58.98754662573054	87	14	143	11	177	106	65	6	57	35	0	0	3.778916835784912	7040	335.70780062675476	6573	6.6335227272727195	
-687717.5331981166	101.4125	8.225	121.2	73.375	-58.98754662573054	88	14	155	11	169	101	45	7	65	40	0	0	3.615473985671997	7120	339.32327461242676	6645	6.671348314606746	
-512862.0365145796	102.4875	7.9375	110.5	67.0625	-58.98754662573054	89	14	169	10	169	101	68	6	57	35	0	0	3.614368200302124	7200	342.9376428127289	6719	6.680555555555557	
-462679.5515605606	100.8375	8.1	116.7	70.7625	-58.98754662573054	90	14	143	10	225	134	68	7	73	45	0	0	3.4744973182678223	7280	346.4121401309967	6792	6.703296703296701	
-900191.5220039239	99.95	8.1	117.0	70.9	-58.98754662573054	91	14	141	13	225	134	59	7	65	40	0	0	3.5775439739227295	7360	349.98968410491943	6865	6.72554347826086	
-525178.8680469969	99.95	8.0625	117.9	71.4625	-58.98754662573054	92	14	148	10	153	92	52	7	73	45	0	0	3.552554130554199	7440	353.54223823547363	6939	6.733870967741936	
-662796.0082945175	97.7	8.1	118.6	71.8625	-58.98754662573054	93	14	147	10	153	92	53	7	65	40	0	0	3.6503539085388184	7520	357.19259214401245	7014	6.7287234042553195	
-662777.2524103724	98.85	8.1875	122.0	73.825	-58.98754662573054	94	14	135	11	193	115	54	7	65	40	0	0	3.8301374912261963	7600	361.02272963523865	7089	6.723684210526315	
-625193.7182802384	99.475	8.3125	127.6	77.1125	-58.9868652176156	95	14	174	13	249	148	26	7	73	45	0	0	3.9229021072387695	7680	364.9456317424774	7164	6.71875	
-1025264.1571770534	100.925	8.1625	121.3	73.425	-58.9868652176156	96	14	160	13	217	129	40	7	73	45	0	0	3.861567974090576	7760	368.807199716568	7240	6.701030927835049	
-575313.6146462159	104.75	8.25	122.4	74.05	-58.9868652176156	97	14	154	10	201	120	63	7	73	45	0	0	3.886200189590454	7840	372.69339990615845	7315	6.696428571428569	
-625187.4392824715	105.5	8.4125	131.6	79.4375	-58.986579944917835	98	14	174	13	273	162	61	7	65	40	0	0	4.096564292907715	7920	376.78996419906616	7389	6.704545454545453	
-537733.0491082352	100.75	8.0625	122.2	73.975	-58.986579944917835	99	14	141	10	201	120	59	7	65	40	0	0	3.8391733169555664	8000	380.62913751602173	7465	6.6875	
-962698.7113063419	100.0	8.192307692307692	122.33333333333333	74.01282051282051	-58.986579944917835	100	16	171	10.0	177.0	106.0	29	7.0	73.0	45.0	0	0	3.7630105018615723	8080	384.3921480178833	7538	6.707920792079207	
-287631.84991508623	102.25	8.1875	127.1	76.8625	-58.986579944917835	101	16	137	10	153	92	100	7	73	45	0	0	3.76921010017395	8160	388.16135811805725	7614	6.691176470588232	
-687796.5458520411	100.625	8.25	124.5	75.3	-58.985196454321404	102	16	146	11	193	115	54	7	65	40	0	0	3.8526718616485596	8240	392.0140299797058	7690	6.674757281553397	
-675221.1123643018	100.0	8.1125	123.6	74.7625	-58.985196454321404	103	16	151	11	201	120	49	7	65	40	0	0	3.8854212760925293	8320	395.89945125579834	7765	6.670673076923066	
-262858.66682710894	100.0	8.2375	125.7	76.0	-58.985196454321404	104	16	119	12	193	115	81	7	65	40	0	0	3.919811964035034	8400	399.8192632198334	7840	6.666666666666671	
-862777.4810773138	100.475	8.2	121.7	73.65	-58.985196454321404	105	16	144	11	169	101	56	7	65	40	0	0	3.8564627170562744	8480	403.67572593688965	7916	6.65094339622641	
-925248.6720067624	102.575	8.125	120.2	72.7375	-58.979977634008925	106	16	169	11	201	120	45	7	65	40	0	0	3.911897659301758	8560	407.5876235961914	7991	6.6471962616822395	
-300161.62461283157	101.625	8.15	124.5	75.3125	-58.979977634008925	107	16	140	10	177	106	60	7	73	45	0	0	3.823514938354492	8640	411.4111385345459	8066	6.643518518518519	
-950118.2896328401	100.0	8.025	121.8	73.7375	-58.979977634008925	108	16	151	10	153	92	49	6	57	35	0	0	3.661301374435425	8720	415.0724399089813	8140	6.651376146788991	
-887741.5519087001	100.0	8.1	122.7	74.25	-58.979977634008925	109	16	160	10	153	92	40	7	73	45	0	0	3.7726292610168457	8800	418.84506916999817	8214	6.659090909090921	
-600260.8468854974	100.0	8.1375	120.1	72.7125	-58.979977634008925	110	16	144	11	225	134	56	7	65	40	0	0	3.8664445877075195	8880	422.7115137577057	8290	6.64414414414415	
-737723.3934612889	99.4	8.075	118.3	71.6625	-58.979977634008925	111	16	144	11	177	106	56	7	65	40	0	0	3.752289295196533	8960	426.4638030529022	8366	6.629464285714278	
-437750.39767259435	99.8	8.1625	124.6	75.35	-58.97431159329254	112	16	118	12	193	115	77	7	65	40	0	0	3.9073805809020996	9040	430.3711836338043	8441	6.626106194690266	
-325218.22989101906	101.025	8.1	122.9	74.3625	-58.97431159329254	113	16	149	9	153	92	51	7	65	40	0	0	3.8294339179992676	9120	434.2006175518036	8516	6.622807017543863	
-725192.3426631347	100.225	8.1125	120.2	72.775	-58.97431159329254	114	16	156	11	201	120	44	7	65	40	0	0	3.783118724822998	9200	437.9837362766266	8592	6.608695652173907	
-662707.1135232184	99.2	8.1875	122.6	74.2	-58.97431159329254	115	16	169	12	201	120	48	7	65	40	0	0	3.701446533203125	9280	441.6851828098297	8666	6.616379310344826	
-725164.5065997875	100.8625	8.2875	124.3	75.175	-58.97431159329254	116	16	169	12	201	120	46	7	65	40	0	0	3.8479390144348145	9360	445.5331218242645	8741	6.613247863247864	
-600162.2209676681	100.6625	8.050632911392405	122.51898734177215	74.13924050632912	-58.97431159329254	117	17	190	11.0	193.0	115.0	53	7.0	65.0	40.0	0	0	3.7746801376342773	9440	449.3078019618988	8815	6.620762711864401	
-300142.0795517553	100.0	8.275	130.2	78.6625	-58.97431159329254	118	17	133	13	249	148	67	7	65	40	0	0	3.9322667121887207	9520	453.2400686740875	8890	6.617647058823522	
-425213.56441565056	102.8875	8.475	129.9	78.45	-58.97431159329254	119	17	168	13	249	148	61	7	73	45	0	0	4.002386569976807	9600	457.24245524406433	8965	6.614583333333329	
-625146.6771477662	101.65	8.525	130.4	78.7	-58.97431159329254	120	17	138	15	297	176	62	7	65	40	0	0	4.030995845794678	9680	461.273451089859	9038	6.632231404958674	
-1125271.1802196666	102.5125	8.0375	115.9	70.2375	-58.97431159329254	121	17	163	14	249	148	37	7	65	40	0	0	3.774068593978882	9760	465.0475196838379	9114	6.618852459016395	
-1262624.018704414	100.875	8.2	121.7	73.6375	-58.96920468500135	122	17	147	11	201	120	53	7	65	40	0	0	3.9084279537200928	9840	468.955947637558	9189	6.6158536585365795	
-975214.6735497324	101.575	8.20253164556962	122.82278481012658	74.31645569620254	-58.96920468500135	123	18	172	11.0	193.0	115.0	57	6.0	57.0	35.0	0	0	3.7845239639282227	9920	472.7404716014862	9263	6.622983870967744	
-512661.4009881529	100.0	8.1125	125.2	75.725	-58.96920468500135	124	18	139	10	177	106	61	6	57	35	0	0	3.7784130573272705	10000	476.5188846588135	9337	6.6299999999999955	
-587673.0107728625	100.0	8.3	126.8	76.65	-58.96920468500135	125	18	155	12	249	148	45	7	73	45	0	0	3.986020088195801	10080	480.5049047470093	9413	6.617063492063494	
-400194.30450643273	99.175	8.225	124.6	75.375	-58.96920468500135	126	18	137	11	201	120	59	7	73	45	0	0	3.7920215129852295	10160	484.2969262599945	9488	6.614173228346459	
-500222.9456128613	99.3625	8.1625	122.9	74.3625	-58.96920468500135	127	18	155	11	177	106	45	7	73	45	0	0	3.8246006965637207	10240	488.1215269565582	9563	6.611328125	
-750197.6184014104	100.125	8.0375	120.2	72.775	-58.96920468500135	128	18	120	10	153	92	84	6	57	35	0	0	3.850229501724243	10320	491.97175645828247	9639	6.598837209302317	
-1000139.081067097	100.0	8.20253164556962	124.0379746835443	75.0126582278481	-58.9579509496847	129	19	136	10.0	169.0	101.0	64	7.0	73.0	45.0	0	0	3.8045172691345215	10400	495.776273727417	9712	6.615384615384613	
-687684.0549989545	100.45	8.0875	120.5	72.9625	-58.9579509496847	130	19	136	9	153	92	89	7	65	40	0	0	3.7307753562927246	10480	499.5070490837097	9787	6.612595419847338	
-487654.0311717993	100.15	8.225	122.0	73.825	-58.9579509496847	131	19	107	11	201	120	98	7	65	40	0	0	3.821721315383911	10560	503.3287703990936	9862	6.609848484848484	
-375170.7814051054	99.9	8.0125	121.9	73.8	-58.9579509496847	132	19	159	9	153	92	41	7	73	45	0	0	3.8057234287261963	10640	507.1344938278198	9938	6.597744360902254	
-625202.6909004692	99.85	8.1375	123.6	74.775	-58.9579509496847	133	19	150	11	201	120	50	7	65	40	0	0	3.7294509410858154	10720	510.86394476890564	10011	6.613805970149258	
-587731.9940276222	99.9	8.0	117.4	71.1	-58.9579509496847	134	19	138	12	225	134	62	6	57	35	0	0	3.905555486679077	10800	514.7695002555847	10087	6.601851851851848	
-169.98204809074582	100.625	8.15	123.6	74.8	-58.9579509496847	135	19	154	10	177	106	46	7	73	45	0	0	3.787602186203003	10880	518.5571024417877	10163	6.590073529411768	
-587655.4640973381	98.4875	8.25	123.0	74.4125	-58.9579509496847	136	19	155	10	177	106	45	7	65	40	0	0	3.92041015625	10960	522.4775125980377	10239	6.578467153284677	
-487696.3649407571	99.375	8.2625	122.8	74.3125	-58.9579509496847	137	19	120	12	217	129	80	7	65	40	0	0	3.7693254947662354	11040	526.246838092804	10314	6.576086956521749	
-712749.2589483035	99.2875	8.139240506329115	119.27848101265823	72.24050632911393	-58.9579509496847	138	20	155	11.0	177.0	106.0	45	7.0	65.0	40.0	0	0	3.723442316055298	11120	529.9702804088593	10388	6.582733812949641	
-1012774.0014084062	98.8125	8.0625	117.8	71.35	-58.9579509496847	139	20	133	13	273	162	67	6	57	35	0	0	3.742046356201172	11200	533.7123267650604	10461	6.598214285714292	
-837740.1767953278	98.7	7.9875	114.8	69.5875	-58.9579509496847	140	20	156	11	177	106	44	6	57	35	0	0	3.7920312881469727	11280	537.5043580532074	10537	6.586879432624116	
-1062666.637144389	98.9125	8.050632911392405	117.86075949367088	71.39240506329114	-58.9579509496847	141	21	134	10.0	177.0	106.0	56	7.0	65.0	40.0	0	0	3.7879831790924072	11360	541.2923412322998	10612	6.58450704225352	
-887697.9403424453	99.85	8.012658227848101	115.32911392405063	69.9113924050633	-58.9579509496847	142	22	150	9.0	153.0	92.0	50	6.0	57.0	35.0	0	0	3.650178909301758	11440	544.9425201416016	10685	6.599650349650361	
-712703.9957186368	97.575	8.08860759493671	117.45569620253164	71.15189873417721	-58.9579509496847	143	23	136	10.0	177.0	106.0	49	7.0	65.0	40.0	0	0	3.683671474456787	11520	548.6261916160583	10758	6.614583333333329	
-687769.8737794512	98.95	8.0625	113.5	68.8	-58.9579509496847	144	23	167	11	177	106	33	7	65	40	0	0	3.7347633838653564	11600	552.3609549999237	10832	6.620689655172413	
-600257.7809950728	102.4375	8.1625	120.2	72.7625	-58.9579509496847	145	23	167	12	201	120	56	7	73	45	0	0	3.87434458732605	11680	556.2352995872498	10908	6.609589041095887	
-612708.8149998498	101.3625	8.1375	120.8	73.1	-58.95588384950662	146	23	142	12	217	129	54	7	65	40	0	0	3.830594301223755	11760	560.0658938884735	10983	6.607142857142861	
-900249.5022819642	100.2375	8.063291139240507	117.65822784810126	71.25316455696202	-58.90649094724744	147	24	149	10.0	177.0	106.0	51	6.0	57.0	35.0	0	0	3.812614679336548	11840	563.8785085678101	11058	6.604729729729726	
-550207.9705616882	100.0	8.2125	123.4	74.65	-58.90649094724744	148	24	158	11	201	120	42	7	65	40	0	0	3.885291814804077	11920	567.7638003826141	11133	6.602348993288587	
-762724.4245125747	100.2625	8.1375	120.1	72.7125	-58.897596601267665	149	24	148	12	201	120	52	7	65	40	0	0	3.797987222671509	12000	571.5617876052856	11209	6.591666666666669	
-475286.3943055437	102.7125	8.125	120.0	72.675	-58.897596601267665	150	24	148	10	153	92	56	7	65	40	0	0	3.6774277687072754	12080	575.2392153739929	11283	6.597682119205288	
-925179.2952036203	102.3625	8.1125	120.9	73.2	-58.897076899839675	151	24	166	11	177	106	34	7	65	40	0	0	3.7705342769622803	12160	579.0097496509552	11359	6.587171052631575	
-712707.7897711133	103.8375	8.0875	121.4	73.4875	-58.897076899839675	152	24	152	9	153	92	48	7	65	40	0	0	3.846945285797119	12240	582.8566949367523	11435	6.576797385620921	
-462698.1877961777	103.7375	8.1625	122.2	73.9625	-58.897076899839675	153	24	146	11	193	115	54	7	73	45	0	0	3.7075424194335938	12320	586.5642373561859	11509	6.58279220779221	
-725267.6115350692	101.5875	8.125	121.0	73.25	-58.897076899839675	154	24	152	11	201	120	48	7	65	40	0	0	3.7921018600463867	12400	590.3563392162323	11585	6.572580645161281	
-487652.085511191	101.0875	8.2	124.4	75.25	-58.897076899839675	155	24	150	11	201	120	65	7	65	40	0	0	3.687434434890747	12480	594.043773651123	11658	6.586538461538467	
-912769.1074521259	100.3875	8.175	119.4	72.3	-58.897076899839675	156	24	154	11	193	115	41	7	65	40	0	0	3.6982226371765137	12560	597.7419962882996	11732	6.592356687898089	
-662733.5258862871	100.725	7.975	116.4	70.5375	-58.897076899839675	157	24	149	9	177	106	57	7	65	40	0	0	3.6205050945281982	12640	601.3625013828278	11805	6.60601265822784	
-500159.34332789714	101.3	8.125	121.8	73.7375	-58.897076899839675	158	24	138	10	153	92	62	7	65	40	0	0	3.723905324935913	12720	605.0864067077637	11880	6.603773584905653	
-1125267.8543076199	101.05	8.05	118.1	71.5625	-58.897076899839675	159	24	155	10	153	92	51	7	65	40	0	0	3.6540298461914062	12800	608.7404365539551	11955	6.6015625	
-575235.3709673979	100.3875	8.0375	118.6	71.85	-58.897076899839675	160	24	142	12	193	115	64	7	65	40	0	0	3.7832748889923096	12880	612.5237114429474	12031	6.591614906832305	
-762806.5514432268	101.0125	8.0125	115.2	69.825	-58.896684397651846	161	24	163	12	193	115	43	7	65	40	0	0	3.7596137523651123	12960	616.2833251953125	12106	6.589506172839506	
-650212.1985394878	100.1125	7.975	117.7	71.3375	-58.896684397651846	162	24	149	11	201	120	55	6	57	35	0	0	3.6238036155700684	13040	619.9071288108826	12181	6.5874233128834305	
-587705.448593767	102.025	8.05	117.9	71.45	-58.896684397651846	163	24	166	11	201	120	42	7	65	40	0	0	3.7022528648376465	13120	623.6093816757202	12257	6.577743902439025	
-950263.1212298548	99.5125	8.0	116.2	70.45	-58.896684397651846	164	24	142	10	153	92	76	7	73	45	0	0	3.545227289199829	13200	627.15460896492	12330	6.5909090909090935	
-825200.556700278	99.225	8.0375	118.4	71.7375	-58.896684397651846	165	24	142	10	153	92	67	7	73	45	0	0	3.5524861812591553	13280	630.7070951461792	12402	6.611445783132524	
-1175199.7422136082	99.475	8.0125	118.3	71.6625	-58.896684397651846	166	24	129	10	153	92	71	7	73	45	0	0	3.656543731689453	13360	634.3636388778687	12475	6.624251497005986	
-462691.85403512436	99.6875	7.95	116.3	70.5125	-58.896684397651846	167	24	127	11	177	106	73	7	73	45	0	0	3.5560669898986816	13440	637.9197058677673	12549	6.629464285714278	
-512785.78089907	99.65	8.1875	124.0	75.025	-58.896684397651846	168	24	156	10	177	106	44	7	73	45	0	0	3.805375576019287	13520	641.7250814437866	12624	6.627218934911241	
-700181.8787888738	99.825	8.075	120.8	73.1625	-58.896684397651846	169	24	135	10	153	92	65	7	73	45	0	0	3.6969757080078125	13600	645.4220571517944	12699	6.625	
-375263.84906783636	100.0125	7.9875	115.6	70.0875	-58.896684397651846	170	24	153	11	201	120	47	7	65	40	0	0	3.657090663909912	13680	649.0791478157043	12774	6.622807017543863	
-800233.5154238725	101.8	8.3	125.7	76.0	-58.896684397651846	171	24	153	12	201	120	50	7	73	45	0	0	3.7931337356567383	13760	652.8722815513611	12847	6.635174418604649	
-275204.93676631607	101.4375	8.175	124.1	75.0875	-58.896684397651846	172	24	140	12	193	115	81	7	73	45	0	0	3.819948196411133	13840	656.6922297477722	12923	6.625722543352595	
-775253.2844023764	100.0	8.0	117.2	71.025	-58.896684397651846	173	24	159	11	193	115	41	7	73	45	0	0	3.657163619995117	13920	660.3493933677673	12997	6.630747126436788	
-1175283.0394226268	100.15	8.075	119.7	72.4875	-58.896684397651846	174	24	130	10	153	92	70	7	65	40	0	0	3.659860134124756	14000	664.0092535018921	13070	6.642857142857139	
-437714.01295396796	99.25	8.2375	127.1	76.8	-58.896684397651846	175	24	165	11	225	134	35	6	57	35	0	0	4.0645387172698975	14080	668.073792219162	13146	6.6335227272727195	
-475159.75419491547	100.0	8.225	127.0	76.7875	-58.896684397651846	176	24	155	11	201	120	45	7	65	40	0	0	3.9838318824768066	14160	672.0576241016388	13222	6.624293785310726	
-1125188.1712704222	101.375	8.037974683544304	115.43037974683544	69.9493670886076	-58.896684397651846	177	25	164	11.0	193.0	115.0	36	7.0	65.0	40.0	0	0	3.785782814025879	14240	675.8434069156647	13297	6.622191011235955	
-550310.9426559559	100.3125	8.05	116.2	70.45	-58.89516448487921	178	25	125	14	273	162	78	6	57	35	0	0	3.6376376152038574	14320	679.4810445308685	13372	6.620111731843579	
-1187728.0386034632	101.45	8.15	119.9	72.6	-58.89516448487921	179	25	159	12	225	134	63	7	65	40	0	0	3.8306498527526855	14400	683.3116943836212	13448	6.611111111111114	
-825193.743943579	102.6875	8.0625	118.6	71.8625	-58.89516448487921	180	25	160	11	169	101	40	7	65	40	0	0	3.6322736740112305	14480	686.9439680576324	13522	6.61602209944752	
-862674.8191482276	100.3625	8.1375	120.1	72.7375	-58.89516448487921	181	25	147	11	169	101	55	7	73	45	0	0	3.6866142749786377	14560	690.6305823326111	13596	6.620879120879124	
-825208.9619735893	99.9875	8.064935064935066	116.32467532467533	70.51948051948052	-58.89516448487921	182	28	164	11.0	169.0	101.0	36	7.0	73.0	45.0	0	0	3.514528512954712	14640	694.1451108455658	13668	6.639344262295083	
-325188.35373807896	99.95	8.15	121.9	73.775	-58.89516448487921	183	28	149	14	273	162	51	7	73	45	0	0	3.8848888874053955	14720	698.0299997329712	13744	6.6304347826087024	
-562670.5346233777	101.125	7.95	120.4	72.925	-58.89516448487921	184	28	150	9	177	106	50	7	73	45	0	0	3.7041380405426025	14800	701.7341377735138	13819	6.628378378378372	
-875195.7012989663	102.6875	8.0375	117.6	71.2625	-58.89516448487921	185	28	150	10	153	92	68	7	73	45	0	0	3.7659921646118164	14880	705.5001299381256	13895	6.619623655913969	
-375178.9158251626	99.825	8.0875	120.2	72.8	-58.89516448487921	186	28	141	11	169	101	59	7	73	45	0	0	3.759953260421753	14960	709.2600831985474	13971	6.610962566844918	
-762711.9312714298	99.2875	8.1125	122.2	73.95	-58.89516448487921	187	28	135	11	201	120	65	7	73	45	0	0	3.7612433433532715	15040	713.0213265419006	14045	6.615691489361694	
-787674.6364777677	99.2875	8.037974683544304	119.48101265822785	72.35443037974683	-58.89516448487921	188	29	123	10.0	153.0	92.0	69	6.0	57.0	35.0	0	0	3.782609462738037	15120	716.8039360046387	14120	6.613756613756621	
-975249.7290234972	100.0	8.08860759493671	118.87341772151899	72.0	-58.89516448487921	189	30	151	13.0	249.0	148.0	49	7.0	73.0	45.0	0	0	3.7141902446746826	15200	720.5181262493134	14194	6.618421052631575	
-687733.1283259972	102.1625	8.0625	118.6	71.8375	-58.89516448487921	190	30	149	11	225	134	54	7	73	45	0	0	3.8810176849365234	15280	724.3991439342499	14270	6.609947643979055	
-1200205.6673580147	103.45	8.0125	117.3	71.075	-58.89516448487921	191	30	149	10	201	120	61	7	65	40	0	0	3.7805652618408203	15360	728.1797091960907	14345	6.608072916666657	
-825175.0848857308	101.4625	8.075	117.0	70.8875	-58.89516448487921	192	30	166	13	217	129	41	7	65	40	0	0	3.787449598312378	15440	731.9671587944031	14421	6.59974093264249	
-675238.2073146921	99.3875	8.075949367088608	118.77215189873418	71.9367088607595	-58.89516448487921	193	31	145	11.0	177.0	106.0	55	7.0	73.0	45.0	0	0	3.6747820377349854	15520	735.6419408321381	14494	6.610824742268036	
-937744.5463685918	99.675	7.9625	115.2	69.8625	-58.89516448487921	194	31	145	11	201	120	55	7	65	40	0	0	3.5820248126983643	15600	739.2239656448364	14567	6.621794871794876	
-687652.4396316104	100.125	8.075949367088608	120.39240506329114	72.89873417721519	-58.89516448487921	195	32	161	9.0	153.0	92.0	39	7.0	65.0	40.0	0	0	3.776587963104248	15680	743.0005536079407	14642	6.619897959183675	
-737694.5944541921	100.0	8.1625	122.7	74.2375	-58.89516448487921	196	32	115	11	193	115	85	7	73	45	0	0	3.955303907394409	15760	746.9558575153351	14718	6.611675126903549	
-187737.99490644946	100.45	8.025	119.3	72.275	-58.89516448487921	197	32	148	9	153	92	60	7	65	40	0	0	3.6644234657287598	15840	750.6202809810638	14793	6.609848484848484	
-1337728.2634697696	101.0	8.0	115.8	70.1875	-58.89516448487921	198	32	188	11	193	115	52	7	65	40	0	0	3.7201497554779053	15920	754.3404307365417	14868	6.608040201005025	
-1187707.8935920938	99.9625	8.0625	116.3	70.4875	-58.89516448487921	199	32	133	11	177	106	73	7	65	40	0	0	3.54703688621521	16000	757.887467622757	14940	6.625	
-875143.9767595269	98.625	8.0	115.7	70.1625	-58.89516448487921	200	32	133	10	177	106	57	6	57	35	0	0	3.6379947662353516	16080	761.5254623889923	15015	6.623134328358205	
-725153.8975421318	98.875	8.0	116.13924050632912	70.40506329113924	-58.89393371455904	201	33	136	10.0	153.0	92.0	64	6.0	57.0	35.0	0	0	3.6700618267059326	16160	765.1955242156982	15090	6.621287128712865	
-900243.169299678	100.3375	7.95	114.8	69.6125	-58.89393371455904	202	33	136	10	169	101	66	7	65	40	0	0	3.6121857166290283	16240	768.8077099323273	15163	6.631773399014776	
-437694.14792484825	100.3125	8.0375	116.5	70.6125	-58.89393371455904	203	33	136	10	153	92	72	7	65	40	0	0	3.7825725078582764	16320	772.5902824401855	15239	6.623774509803923	
-537646.083865579	100.25	8.075	119.1	72.1625	-58.89393371455904	204	33	154	12	201	120	46	7	73	45	0	0	3.6481950283050537	16400	776.2384774684906	15314	6.621951219512184	
-1037705.6174461093	102.9625	8.2125	119.4	72.2875	-58.89393371455904	205	33	160	10	153	92	60	7	73	45	0	0	3.8947298526763916	16480	780.133207321167	15390	6.614077669902912	
-987683.0361576077	101.4	8.0875	119.4	72.2875	-58.89393371455904	206	33	143	11	201	120	57	7	73	45	0	0	3.979360342025757	16560	784.1125676631927	15466	6.606280193236714	
-1012721.5226130486	99.75	8.2125	121.0	73.2375	-58.89393371455904	207	33	140	10	201	120	60	7	73	45	0	0	3.7812201976776123	16640	787.8937878608704	15540	6.610576923076934	
-387705.2344428596	99.4625	7.962025316455696	113.50632911392405	68.86075949367088	-58.89393371455904	208	34	156	12.0	225.0	134.0	44	7.0	73.0	45.0	0	0	3.6286442279815674	16720	791.5224320888519	15615	6.608851674641144	
-675220.6300006777	100.1375	7.95	113.4	68.8125	-58.89393371455904	209	34	148	9	153	92	52	7	73	45	0	0	3.6082253456115723	16800	795.1306574344635	15690	6.607142857142861	
-1200192.7743035958	100.6875	7.925	109.7	66.5875	-58.89393371455904	210	34	127	10	153	92	75	6	57	35	0	0	3.6249115467071533	16880	798.7555689811707	15763	6.617298578199055	
-862691.6902937492	99.8375	8.175	119.7	72.4625	-58.89393371455904	211	34	144	11	201	120	56	7	65	40	0	0	3.9134521484375	16960	802.6690211296082	15838	6.61556603773586	
-1312674.0260565332	99.9	8.125	118.5	71.75	-58.89393371455904	212	34	126	11	201	120	74	6	57	35	0	0	3.8748669624328613	17040	806.543888092041	15913	6.613849765258223	
-1062723.640256099	100.0	8.025316455696203	116.0379746835443	70.34177215189874	-58.89393371455904	213	35	144	10.0	153.0	92.0	56	7.0	65.0	40.0	0	0	3.614581346511841	17120	810.1584694385529	15987	6.617990654205613	
-587712.5784364722	97.375	8.0	116.6	70.675	-58.89393371455904	214	35	141	11	169	101	57	6	57	35	0	0	3.6605803966522217	17200	813.8190498352051	16061	6.622093023255815	
-787674.0249806944	98.7625	7.9125	115.3	69.9125	-58.89393371455904	215	35	133	11	201	120	67	6	57	35	0	0	3.7073285579681396	17280	817.5263783931732	16136	6.620370370370367	
-1150203.3219247444	99.6875	8.1	117.0	70.8875	-58.89393371455904	216	35	147	11	201	120	53	7	65	40	0	0	3.7626843452453613	17360	821.2890627384186	16211	6.618663594470036	
-550188.608476456	98.2875	8.0875	121.5	73.5375	-58.89393371455904	217	35	129	10	177	106	67	7	65	40	0	0	3.8833441734313965	17440	825.17240691185	16287	6.611238532110093	
-687776.808424415	99.4375	8.2	122.3	73.9875	-58.89393371455904	218	35	138	12	201	120	62	7	65	40	0	0	3.8779871463775635	17520	829.0503940582275	16362	6.609589041095887	
-1050172.8483735635	100.0375	8.175	121.9	73.75	-58.89393371455904	219	35	151	10	153	92	49	6	57	35	0	0	3.9617230892181396	17600	833.0121171474457	16438	6.602272727272734	
-937733.8135776182	99.95	8.15	121.1	73.2875	-58.89393371455904	220	35	154	10	225	134	58	6	57	35	0	0	3.880103588104248	17680	836.8922207355499	16512	6.606334841628964	
-900238.4427063914	99.425	8.0375	114.8	69.6125	-58.89393371455904	221	35	143	11	177	106	57	7	73	45	0	0	3.574824333190918	17760	840.4670450687408	16585	6.615990990990994	
-800193.6781430563	99.95	8.05	116.4	70.55	-58.89393371455904	222	35	131	10	177	106	34	7	65	40	0	0	3.6607437133789062	17840	844.1277887821198	16659	6.619955156950681	
-675242.5720897525	96.125	7.948717948717949	113.71794871794872	68.97435897435898	-58.891848806235394	223	37	130	11.0	201.0	120.0	34	7.0	65.0	40.0	0	0	3.4846301078796387	17920	847.6124188899994	16730	6.640625	
-787723.8922407597	98.625	8.0125	118.7	71.925	-58.891848806235394	224	37	146	9	153	92	42	7	73	45	0	0	3.516632080078125	18000	851.1290509700775	16802	6.655555555555566	
-700185.8306352396	100.425	8.253164556962025	125.25316455696202	75.72151898734177	-58.891848806235394	225	38	161	11.0	169.0	101.0	39	7.0	73.0	45.0	0	0	3.9883296489715576	18080	855.1173806190491	16877	6.653761061946909	
-1225241.881804675	100.0	8.15	120.6	72.975	-58.891848806235394	226	38	134	11	177	106	66	7	65	40	0	0	3.9858148097991943	18160	859.1031954288483	16953	6.646475770925107	
-837688.4070020185	100.1	8.1	122.8	74.3	-58.891848806235394	227	38	148	10	177	106	52	7	65	40	0	0	3.8262221813201904	18240	862.9294176101685	17028	6.64473684210526	
-812714.5138254963	100.0	8.075	121.7	73.675	-58.88929118563882	228	38	144	10	153	92	56	7	65	40	0	0	3.8044023513793945	18320	866.7338199615479	17104	6.6375545851528415	
-775202.4773918825	101.65	8.075	120.7	73.075	-58.88929118563882	229	38	144	12	225	134	59	7	65	40	0	0	3.8499698638916016	18400	870.5837898254395	17180	6.6304347826087024	
-612700.2963550007	100.2	8.025	117.6	71.2625	-58.88929118563882	230	38	148	12	225	134	52	7	73	45	0	0	3.8197193145751953	18480	874.4035091400146	17256	6.623376623376615	
-750223.1701411956	100.6	8.0375	115.1	69.7875	-58.88929118563882	231	38	148	12	217	129	52	7	73	45	0	0	3.7561943531036377	18560	878.1597034931183	17332	6.616379310344826	
-462648.14279428124	101.575	8.225	122.5	74.15	-58.88929118563882	232	38	205	11	201	120	34	7	73	45	0	0	3.744464159011841	18640	881.9041676521301	17407	6.61480686695279	
-987708.6583310295	101.3125	8.113924050632912	120.0886075949367	72.69620253164557	-58.88929118563882	233	39	258	10.0	177.0	106.0	47	7.0	65.0	40.0	0	0	3.804084539413452	18720	885.7082521915436	17481	6.618589743589737	
-800291.7986558301	101.6125	8.175	119.0	72.05	-58.88929118563882	234	39	166	12	225	134	57	7	65	40	0	0	3.8238205909729004	18800	889.5320727825165	17556	6.61702127659575	
-350255.645144777	100.65	8.175	120.4	72.875	-58.88929118563882	235	39	152	12	225	134	48	7	65	40	0	0	3.8675451278686523	18880	893.3996179103851	17631	6.615466101694906	
-1262739.0409735779	100.5625	8.2	122.9	74.3375	-58.88929118563882	236	39	136	11	193	115	76	6	57	35	0	0	3.861072301864624	18960	897.2606902122498	17705	6.6191983122362785	
-1125278.612070513	100.0	8.225	122.2	73.9375	-58.88929118563882	237	39	159	12	225	134	41	7	65	40	0	0	3.8337831497192383	19040	901.094473361969	17779	6.622899159663859	
-537836.6577489872	100.925	8.1625	121.1	73.3125	-58.88929118563882	238	39	146	11	177	106	54	7	65	40	0	0	3.756446361541748	19120	904.8509197235107	17853	6.626569037656907	
-1112682.7830400951	101.35	8.175	120.3	72.8125	-58.88929118563882	239	39	147	10	201	120	71	7	65	40	0	0	3.9220104217529297	19200	908.7729301452637	17929	6.619791666666657	
-487766.83145634335	100.2125	8.125	120.4	72.8875	-58.88929118563882	240	39	144	10	177	106	56	7	65	40	0	0	3.8469443321228027	19280	912.6198744773865	18004	6.61825726141079	
-737676.8985584109	99.8875	8.0625	118.7	71.9125	-58.88929118563882	241	39	135	10	177	106	65	6	57	35	0	0	3.713090658187866	19360	916.3329651355743	18079	6.616735537190081	
-1237644.0602880514	99.875	8.05	120.3	72.825	-58.88929118563882	242	39	156	10	177	106	44	6	57	35	0	0	3.7757744789123535	19440	920.1087396144867	18153	6.620370370370367	
-387693.55825665046	99.4	8.177215189873417	125.9620253164557	76.17721518987342	-58.88929118563882	243	40	133	11.0	225.0	134.0	67	7.0	73.0	45.0	0	0	3.796592950820923	19520	923.9053325653076	18227	6.6239754098360635	
-675212.0860368741	100.3	8.175	124.0	75.0	-58.88929118563882	244	40	157	13	225	134	44	7	65	40	0	0	3.91079044342041	19600	927.816123008728	18303	6.617346938775512	
-1062715.1077778805	104.5875	8.1125	121.0	73.2375	-58.886639802919426	245	40	180	9	153	92	69	7	73	45	0	0	3.8898003101348877	19680	931.7059233188629	18379	6.610772357723576	
-637699.2157628012	100.3875	7.9375	115.1	69.7875	-58.886639802919426	246	40	157	9	153	92	55	7	65	40	0	0	3.6213645935058594	19760	935.3272879123688	18453	6.614372469635626	
-1050206.3092416706	99.7875	8.294871794871796	122.02564102564102	73.82051282051282	-58.886639802919426	247	42	172	11.0	193.0	115.0	28	7.0	65.0	40.0	0	0	3.8469340801239014	19840	939.1742219924927	18527	6.617943548387089	
-700193.9974809939	99.2625	8.175	123.8	74.8875	-58.886639802919426	248	42	141	10	153	92	59	7	65	40	0	0	3.8053712844848633	19920	942.9795932769775	18600	6.626506024096386	
-862714.2245839689	98.75	8.1625	123.0	74.4125	-58.886639802919426	249	42	157	10	177	106	43	7	65	40	0	0	3.7957704067230225	20000	946.7753636837006	18674	6.6299999999999955	
-825208.5208336178	101.8375	8.2375	123.6	74.775	-58.886639802919426	250	42	138	11	201	120	62	6	57	35	0	0	3.8734278678894043	20080	950.64879155159	18750	6.623505976095629	
-625214.1054454409	100.525	8.25	124.7	75.4125	-58.886639802919426	251	42	125	10	177	106	75	7	73	45	0	0	3.8940696716308594	20160	954.5428612232208	18826	6.617063492063494	
-737762.2086269816	100.0	8.2	122.5	74.125	-58.886639802919426	252	42	151	11	201	120	49	7	73	45	0	0	3.8569483757019043	20240	958.3998095989227	18902	6.610671936758891	
-612732.2775723607	100.375	8.0875	120.6	73.0125	-58.886639802919426	253	42	148	11	177	106	52	7	65	40	0	0	3.71773099899292	20320	962.1175405979156	18976	6.614173228346459	
-825201.1419653015	98.825	8.075	116.7	70.7125	-58.886639802919426	254	42	159	12	225	134	41	7	73	45	0	0	3.7421042919158936	20400	965.8596448898315	19051	6.612745098039213	
-537686.7342374717	99.475	8.125	117.7	71.3	-58.886639802919426	255	42	145	12	201	120	55	7	65	40	0	0	3.740342855453491	20480	969.599987745285	19125	6.6162109375	
-1037692.9926371608	100.0	8.050632911392405	112.79746835443038	68.44303797468355	-58.886639802919426	256	43	175	10.0	177.0	106.0	25	7.0	65.0	40.0	0	0	3.5305984020233154	20560	973.1305861473083	19199	6.619649805447466	
-587661.8667202446	100.0375	8.025316455696203	112.89873417721519	68.45569620253164	-58.886639802919426	257	44	131	11.0	169.0	101.0	69	6.0	57.0	35.0	0	0	3.6638431549072266	20640	976.7944293022156	19272	6.627906976744185	
-975202.6296385999	100.075	8.125	119.9	72.575	-58.886639802919426	258	44	138	12	201	120	62	6	57	35	0	0	3.874152660369873	20720	980.6685819625854	19347	6.62644787644787	
-1062709.9550846783	100.3625	8.2	118.6	71.825	-58.886639802919426	259	44	150	12	201	120	50	7	65	40	0	0	3.8331730365753174	20800	984.5017549991608	19423	6.620192307692307	
-812723.8083589862	99.875	8.1875	119.8	72.525	-58.886639802919426	260	44	134	11	177	106	66	7	65	40	0	0	3.7992031574249268	20880	988.3009581565857	19497	6.6235632183907995	
-737661.1602530951	99.8125	8.25	123.2	74.525	-58.886639802919426	261	44	165	12	225	134	35	7	65	40	0	0	3.9545340538024902	20960	992.2554922103882	19573	6.617366412213741	
-1437675.5023369116	99.8	8.2	117.1	70.95	-58.886639802919426	262	44	147	11	177	106	53	6	57	35	0	0	3.6994333267211914	21040	995.9549255371094	19648	6.615969581749042	
-562731.5189393036	99.8	8.075	117.4	71.15	-58.886639802919426	263	44	132	10	153	92	68	7	65	40	0	0	3.6533827781677246	21120	999.6083083152771	19723	6.614583333333329	
-762698.1868203038	100.0875	8.05	117.0	70.875	-58.886639802919426	264	44	149	10	169	101	51	7	65	40	0	0	3.7753489017486572	21200	1003.3836572170258	19797	6.617924528301884	
-975141.5689708749	99.2375	8.1	119.7	72.45	-58.886639802919426	265	44	128	13	241	143	65	7	65	40	0	0	3.895275354385376	21280	1007.2789325714111	19872	6.616541353383454	
-637621.899978202	98.1	8.177215189873417	123.0253164556962	74.45569620253164	-58.886639802919426	266	45	130	10.0	153.0	92.0	65	7.0	73.0	45.0	0	0	3.6792306900024414	21360	1010.9581632614136	19946	6.619850187265925	
-1025251.7167641368	100.85	8.05	118.5	71.775	-58.886639802919426	267	45	153	9	153	92	47	6	57	35	0	0	3.7826426029205322	21440	1014.7408058643341	20021	6.618470149253724	
-1025194.1458617032	101.075	8.1625	121.7	73.6625	-58.886639802919426	268	45	140	10	225	134	60	7	73	45	0	0	3.725816488265991	21520	1018.4666223526001	20095	6.621747211895908	
-962824.9640647678	101.7875	8.205128205128204	121.3076923076923	73.41025641025641	-58.886639802919426	269	47	164	13.0	225.0	134.0	48	6.0	57.0	35.0	0	0	3.7224252223968506	21600	1022.189047574997	20168	6.629629629629633	
-675186.0868270792	100.475	8.3125	127.4	77.0125	-58.886639802919426	270	47	138	13	249	148	65	7	73	45	0	0	3.8561487197875977	21680	1026.0451962947845	20243	6.62822878228782	
-475140.78752903454	100.95	8.0875	119.9	72.625	-58.886639802919426	271	47	143	10	153	92	57	7	65	40	0	0	3.577700614929199	21760	1029.6228969097137	20316	6.63602941176471	
-612616.406722824	100.1375	8.0125	118.6	71.8625	-58.886639802919426	272	47	155	10	153	92	45	7	65	40	0	0	3.721579074859619	21840	1033.3444759845734	20392	6.630036630036628	
-612699.1222032858	100.0	8.128205128205128	122.53846153846153	74.16666666666667	-58.886639802919426	273	49	114	9.0	153.0	92.0	86	7.0	65.0	40.0	0	0	3.6651275157928467	21920	1037.0096035003662	20465	6.637773722627742	
-675213.3457251881	99.775	8.08860759493671	119.78481012658227	72.53164556962025	-58.886639802919426	274	50	156	10.0	193.0	115.0	44	6.0	57.0	35.0	0	0	3.677769660949707	22000	1040.687373161316	20537	6.650000000000006	
-1000169.2614740555	100.0	8.0125	117.3	71.1125	-58.886639802919426	275	50	153	11	225	134	47	7	65	40	0	0	3.678908348083496	22080	1044.3662815093994	20613	6.644021739130437	
-975165.209103	100.0	8.0625	118.6	71.8375	-58.886639802919426	276	50	149	11	201	120	51	7	73	45	0	0	3.7744531631469727	22160	1048.1407346725464	20688	6.642599277978334	
-275158.2602352398	100.0	8.2	123.4	74.6375	-58.886639802919426	277	50	132	11	177	106	68	7	65	40	0	0	3.906715154647827	22240	1052.0474498271942	20763	6.641187050359704	
-850218.8745711453	99.675	8.1625	124.1	75.075	-58.886639802919426	278	50	159	10	177	106	41	7	65	40	0	0	3.8577585220336914	22320	1055.905208349228	20839	6.635304659498203	
-850274.0189520251	100.175	8.2625	121.1	73.2625	-58.886639802919426	279	50	159	11	201	120	45	7	65	40	0	0	3.9494383335113525	22400	1059.8546466827393	20915	6.629464285714278	
-1162670.8954273134	100.5375	7.975	114.7	69.5625	-58.886639802919426	280	50	152	11	201	120	48	7	73	45	0	0	3.6945817470550537	22480	1063.5492284297943	20991	6.62366548042705	
-725208.3727282796	102.0	8.175	116.9	70.8375	-58.886639802919426	281	50	152	11	201	120	49	7	73	45	0	0	3.6338753700256348	22560	1067.18310379982	21064	6.6312056737588705	
-1012692.9235187911	100.0	8.15	117.6	71.2375	-58.886639802919426	282	50	147	12	225	134	53	6	57	35	0	0	3.7364437580108643	22640	1070.9195475578308	21138	6.634275618374559	
-1012795.46616666	100.2	8.151898734177216	114.92405063291139	69.65822784810126	-58.886639802919426	283	51	156	10.0	153.0	92.0	44	6.0	57.0	35.0	0	0	3.5615973472595215	22720	1074.4811449050903	21210	6.6461267605633765	
-562811.2232067084	99.95	8.367088607594937	121.40506329113924	73.46835443037975	-58.886639802919426	284	52	128	12.0	201.0	120.0	72	7.0	65.0	40.0	0	0	3.75071120262146	22800	1078.2318561077118	21284	6.649122807017548	
-1200213.6763541524	101.2875	8.275	119.3	72.225	-58.886639802919426	285	52	149	12	193	115	51	7	65	40	0	0	3.83488130569458	22880	1082.0667374134064	21360	6.64335664335664	
-412729.43560703547	100.15	8.2125	120.6	73.0	-58.886639802919426	286	52	129	11	177	106	71	7	65	40	0	0	3.7971508502960205	22960	1085.8638882637024	21435	6.641986062717777	
-375244.182737327	100.05	8.113924050632912	120.89873417721519	73.20253164556962	-58.886639802919426	287	53	156	11.0	225.0	134.0	44	7.0	73.0	45.0	0	0	3.677013635635376	23040	1089.5409018993378	21510	6.640625	
-1087786.937458846	101.2	8.0625	118.5	71.7875	-58.886639802919426	288	53	162	10	153	92	38	7	65	40	0	0	3.575227737426758	23120	1093.1161296367645	21584	6.643598615916957	
-850272.4430675965	100.2375	8.025	118.3	71.675	-58.886639802919426	289	53	163	9	153	92	37	6	57	35	0	0	3.759286880493164	23200	1096.8754165172577	21660	6.637931034482762	
-412720.74978813773	100.0875	7.85	114.0	69.175	-58.886639802919426	290	53	165	9	153	92	35	7	65	40	0	0	3.6535091400146484	23280	1100.5289256572723	21736	6.6323024054982795	
-700247.3905312576	100.15	8.037974683544304	115.43037974683544	69.9620253164557	-58.886639802919426	291	54	151	10.0	201.0	120.0	49	7.0	73.0	45.0	0	0	3.7054150104522705	23360	1104.2343406677246	21810	6.6352739726027465	
-875190.7478515124	100.3	8.063291139240507	117.25316455696202	71.0506329113924	-58.886639802919426	292	55	143	10.0	169.0	101.0	57	7.0	65.0	40.0	0	0	3.596625804901123	23440	1107.8309664726257	21883	6.642491467576789	
-637700.7624890824	99.9875	8.1625	119.6	72.4	-58.886639802919426	293	55	141	9	153	92	59	7	65	40	0	0	3.8025217056274414	23520	1111.6334881782532	21958	6.64115646258503	
-912693.9601545937	100.0	8.2375	121.8	73.7	-58.886639802919426	294	55	152	11	177	106	48	7	65	40	0	0	3.8676648139953613	23600	1115.5011529922485	22034	6.63559322033899	
-537722.4084455606	99.325	8.1125	120.8	73.15	-58.886639802919426	295	55	144	11	177	106	52	6	57	35	0	0	3.770040512084961	23680	1119.2711935043335	22110	6.630067567567565	
-737623.026030714	100.8	8.275	126.5	76.4625	-58.886639802919426	296	55	128	13	249	148	72	7	65	40	0	0	3.9872825145721436	23760	1123.2584760189056	22186	6.624579124579128	
-587701.0345224375	100.3	8.15	123.4	74.6375	-58.886639802919426	297	55	149	13	249	148	51	7	65	40	0	0	3.902829885482788	23840	1127.1613059043884	22261	6.62332214765101	
-837681.5881335608	101.1125	8.1625	118.6	71.825	-58.886639802919426	298	55	162	11	201	120	40	7	65	40	0	0	3.780028820037842	23920	1130.9413347244263	22337	6.617892976588621	
-662798.2449828055	101.9625	8.2	119.6	72.4375	-58.886639802919426	299	55	136	10	177	106	80	7	73	45	0	0	3.708063840866089	24000	1134.6493985652924	22412	6.616666666666674	
-825173.4492881435	99.95	8.1125	119.5	72.3625	-58.886639802919426	300	55	136	10	177	106	65	6	57	35	0	0	3.775954484939575	24080	1138.425353050232	22487	6.615448504983391	
-650181.2079166037	99.975	8.075	119.6	72.4125	-58.886639802919426	301	55	132	14	273	162	59	7	65	40	0	0	3.826744318008423	24160	1142.2520973682404	22562	6.61423841059603	
-600194.2316707155	100.6375	8.189873417721518	122.0126582278481	73.84810126582279	-58.886639802919426	302	56	164	12.0	201.0	120.0	53	7.0	73.0	45.0	0	0	3.827770233154297	24240	1146.0798676013947	22637	6.613036303630366	
-712717.4045336737	99.9625	8.1375	122.0	73.825	-58.886639802919426	303	56	135	11	201	120	65	7	65	40	0	0	3.8754076957702637	24320	1149.955275297165	22712	6.61184210526315	
-575211.5638753164	101.3375	8.2125	119.4	72.275	-58.886639802919426	304	56	146	11	201	120	54	6	57	35	0	0	3.8490238189697266	24400	1153.8042991161346	22787	6.610655737704917	
-862669.4599539066	97.1625	8.2125	122.0	73.8375	-58.886639802919426	305	56	126	10	177	106	56	7	65	40	0	0	3.849651336669922	24480	1157.6539504528046	22863	6.605392156862749	
-612771.4367840674	98.5625	8.1125	123.5	74.7125	-58.886639802919426	306	56	132	12	249	148	68	7	73	45	0	0	3.897211790084839	24560	1161.5511622428894	22938	6.6042345276872965	
-725204.5198845894	101.0875	8.215189873417721	123.73417721518987	74.82278481012658	-58.886639802919426	307	57	152	13.0	225.0	134.0	48	7.0	65.0	40.0	0	0	3.8704419136047363	24640	1165.4216041564941	23012	6.607142857142861	
-912696.8447212074	100.0	8.0625	118.0	71.45	-58.886639802919426	308	57	146	11	201	120	54	7	65	40	0	0	3.9249744415283203	24720	1169.3465785980225	23088	6.601941747572809	
-1387666.3657072487	99.6125	8.0875	117.5	71.1625	-58.88514911710101	309	57	133	11	201	120	67	6	57	35	0	0	3.72173810005188	24800	1173.0683166980743	23161	6.608870967741936	
-750268.1949234379	101.1375	8.325	126.5	76.4625	-58.88514911710101	310	57	149	12	193	115	51	7	73	45	0	0	3.8998546600341797	24880	1176.9681713581085	23236	6.60771704180064	
-812712.9784125164	99.425	8.139240506329115	122.11392405063292	73.88607594936708	-58.88514911710101	311	58	157	10.0	201.0	120.0	43	7.0	65.0	40.0	0	0	3.783618450164795	24960	1180.7517898082733	23309	6.614583333333329	
-1000146.5935681533	99.85	8.075	120.7	73.075	-58.88514911710101	312	58	146	11	193	115	54	7	73	45	0	0	3.8483030796051025	25040	1184.6000928878784	23385	6.609424920127793	
-1337619.1765532303	100.0	8.1	121.2	73.3625	-58.88514911710101	313	58	122	11	193	115	52	7	65	40	0	0	3.9039530754089355	25120	1188.5040459632874	23461	6.604299363057322	
-987678.3901500443	100.2875	8.0375	118.5	71.7875	-58.88514911710101	314	58	153	12	201	120	47	7	65	40	0	0	3.7801475524902344	25200	1192.2841935157776	23537	6.599206349206355	
-612727.3257624467	100.6	8.0	118.2	71.625	-58.88514911710101	315	58	149	11	273	162	70	7	65	40	0	0	3.778791904449463	25280	1196.062985420227	23613	6.5941455696202524	
-800212.8891348301	102.45	8.225	127.2	76.8625	-58.88514911710101	316	58	182	12	273	162	46	7	73	45	0	0	4.048250675201416	25360	1200.1112360954285	23688	6.593059936908517	
-850168.5360092573	100.0	8.075949367088608	119.27848101265823	72.24050632911393	-58.88514911710101	317	59	150	12.0	249.0	148.0	50	7.0	65.0	40.0	0	0	3.702061176300049	25440	1203.8132972717285	23761	6.599842767295598	
-675164.6079822555	101.75	7.975	117.0	70.875	-58.88514911710101	318	59	150	10	153	92	57	6	57	35	0	0	3.793419122695923	25520	1207.6067163944244	23835	6.6026645768025105	
-1037687.3354505055	100.2625	8.1875	118.7	71.8375	-58.88514911710101	319	59	160	12	201	120	40	7	65	40	0	0	3.977290391921997	25600	1211.5840067863464	23910	6.6015625	
-837654.7267662106	103.4125	8.1625	120.5	72.925	-58.88514911710101	320	59	165	12	225	134	42	7	65	40	0	0	3.812368154525757	25680	1215.3963749408722	23983	6.60825545171339	
-475181.55144956184	99.2	8.0625	117.7	71.2875	-58.88514911710101	321	59	137	11	201	120	58	7	65	40	0	0	3.8998076915740967	25760	1219.2961826324463	24059	6.603260869565219	
-487734.4217715653	100.0625	8.0875	116.5	70.5625	-58.88514911710101	322	59	144	11	201	120	56	7	65	40	0	0	3.8688318729400635	25840	1223.1650145053864	24134	6.602167182662541	
-962690.161258848	100.3	8.125	121.6	73.5875	-58.88514911710101	323	59	148	10	153	92	52	7	73	45	0	0	3.915649652481079	25920	1227.0806641578674	24210	6.597222222222214	
-625196.4965588121	99.65	8.175	124.4	75.225	-58.88514911710101	324	59	147	11	193	115	53	7	65	40	0	0	3.969397783279419	26000	1231.0500619411469	24285	6.596153846153854	
-987665.0863488698	99.65	8.0375	120.2	72.8	-58.88514911710101	325	59	147	10	201	120	53	7	73	45	0	0	3.8021907806396484	26080	1234.8522527217865	24361	6.591257668711663	
-862631.8337656579	99.975	8.1375	118.2	71.6	-58.88514911710101	326	59	146	11	193	115	54	7	65	40	0	0	3.8214502334594727	26160	1238.673702955246	24436	6.590214067278282	
-500124.0515649187	100.75	8.240506329113924	121.40506329113924	73.48101265822785	-58.88514911710101	327	60	152	12.0	225.0	134.0	48	7.0	65.0	40.0	0	0	3.8163301944732666	26240	1242.4900331497192	24511	6.589176829268297	
-662758.8088406079	102.4375	8.189873417721518	119.88607594936708	72.59493670886076	-58.88514911710101	328	61	143	11.0	201.0	120.0	65	6.0	57.0	35.0	0	0	3.8071789741516113	26320	1246.2972121238708	24586	6.588145896656542	
-825218.5935439684	101.7	7.975	115.6	70.0875	-58.88514911710101	329	61	168	10	177	106	32	6	57	35	0	0	3.707813262939453	26400	1250.0050253868103	24661	6.587121212121218	
-325248.75600670726	101.05	8.1125	115.8	70.2	-58.88514911710101	330	61	139	12	225	134	61	6	57	35	0	0	3.768890142440796	26480	1253.773915529251	24737	6.582326283987911	
-825198.2498618581	100.5125	8.05	118.7	71.9	-58.88514911710101	331	61	135	14	297	176	66	6	57	35	0	0	3.810833692550659	26560	1257.5847492218018	24812	6.581325301204828	
-837661.6136045125	100.0875	8.0	117.8	71.3875	-58.88511807643877	332	61	126	10	153	92	74	7	73	45	0	0	3.6786673069000244	26640	1261.2634165287018	24886	6.584084084084083	
-912730.195488932	100.0	8.08860759493671	119.68354430379746	72.45569620253164	-58.88475822956019	333	62	167	10.0	169.0	101.0	33	6.0	57.0	35.0	0	0	3.857017993927002	26720	1265.1204345226288	24960	6.58682634730539	
-887735.172716758	100.0	8.0625	117.2	70.9875	-58.88475822956019	334	62	157	11	201	120	43	7	65	40	0	0	3.848658800125122	26800	1268.969093322754	25034	6.589552238805979	
-1550155.852710674	98.2875	8.3125	122.1	73.8625	-58.88475822956019	335	62	133	13	241	143	66	6	57	35	0	0	3.952064037322998	26880	1272.921157360077	25109	6.588541666666671	
-512726.10914563824	100.0	8.012658227848101	116.44303797468355	70.58227848101266	-58.88463645928953	336	63	136	10.0	177.0	106.0	64	7.0	65.0	40.0	0	0	3.732651472091675	26960	1276.6538088321686	25184	6.587537091988125	
-637694.7959400326	100.55	8.1625	121.1	73.275	-58.884564837836244	337	63	155	11	201	120	45	7	65	40	0	0	3.9237358570098877	27040	1280.5775446891785	25259	6.586538461538467	
-862635.9018854152	104.95	8.1125	120.4	72.9	-58.884564837836244	338	63	155	9	153	92	57	7	65	40	0	0	3.8255436420440674	27120	1284.4030883312225	25334	6.58554572271386	
-225195.03671017283	101.6375	8.05	120.0	72.6875	-58.88406779931411	339	63	155	9	153	92	56	7	73	45	0	0	3.7362160682678223	27200	1288.1393043994904	25409	6.584558823529406	
-725282.1720595956	100.0	7.9875	115.3	69.9125	-58.88406779931411	340	63	137	10	177	106	63	6	57	35	0	0	3.7404043674468994	27280	1291.8797087669373	25485	6.579912023460409	
-762660.5708146399	100.6125	8.1125	120.6	73.0125	-58.88406779931411	341	63	151	11	193	115	49	7	73	45	0	0	3.7957847118377686	27360	1295.675493478775	25560	6.578947368421055	
-912668.1709811207	100.675	8.175	120.6	73.0	-58.88406779931411	342	63	146	10	177	106	86	6	57	35	0	0	3.8126235008239746	27440	1299.488116979599	25635	6.5779883381924265	
-287675.22912683187	101.0	8.05	118.8	71.9625	-58.88406779931411	343	63	146	11	169	101	60	7	65	40	0	0	3.7776288986206055	27520	1303.2657458782196	25709	6.580668604651166	
-687618.0309838335	100.0	8.025	117.9	71.425	-58.88406779931411	344	63	145	9	153	92	55	6	57	35	0	0	3.782327651977539	27600	1307.0480735301971	25784	6.579710144927532	
-825159.9278588662	99.3375	7.975	116.1	70.375	-58.88406779931411	345	63	123	11	177	106	63	6	57	35	0	0	3.721766710281372	27680	1310.7698402404785	25859	6.5787572254335345	
-637686.0616795818	99.55	8.012658227848101	119.17721518987342	72.18987341772151	-58.88406779931411	346	64	146	9.0	153.0	92.0	65	7.0	73.0	45.0	0	0	3.7628865242004395	27760	1314.532726764679	25933	6.581412103746402	
-1525153.723608629	100.7625	7.925	113.0	68.5375	-58.88406779931411	347	64	146	10	177	106	63	6	57	35	0	0	3.635458469390869	27840	1318.1681852340698	26006	6.587643678160916	
-587696.0386711597	102.0125	8.05	118.1	71.5875	-58.88406779931411	348	64	141	11	201	120	59	7	65	40	0	0	3.6930766105651855	27920	1321.861261844635	26082	6.583094555873927	
-575205.8385600504	99.275	7.925	115.3	69.9375	-58.88406779931411	349	64	150	9	153	92	50	7	73	45	0	0	3.647052764892578	28000	1325.5083146095276	26157	6.5821428571428555	
-850242.2226724563	100.0	8.025	115.5	70.0125	-58.88406779931411	350	64	136	9	153	92	64	7	73	45	0	0	3.8212502002716064	28080	1329.3295648097992	26233	6.5776353276353206	
-825140.5464785468	98.85	8.0375	116.8	70.8	-58.88406779931411	351	64	148	11	193	115	52	7	65	40	0	0	3.647937774658203	28160	1332.9775025844574	26306	6.583806818181813	
-612656.3665687431	98.5625	8.075	115.8	70.225	-58.88406779931411	352	64	124	10	177	106	76	7	73	45	0	0	3.5953729152679443	28240	1336.5728754997253	26381	6.582861189801704	
-687701.9615250004	99.425	8.05	116.3	70.5	-58.88406779931411	353	64	140	9	153	92	60	7	73	45	0	0	3.722748041152954	28320	1340.2956235408783	26456	6.58192090395481	
-525197.3347654191	99.6125	8.076923076923077	121.2051282051282	73.38461538461539	-58.88406779931411	354	66	157	9.0	153.0	92.0	43	7.0	73.0	45.0	0	0	3.6898748874664307	28400	1343.9854984283447	26529	6.5880281690140805	
-587628.3676023146	99.425	8.0125	120.6	73.025	-58.88406779931411	355	66	125	9	153	92	75	7	73	45	0	0	3.814291000366211	28480	1347.799789428711	26605	6.583567415730343	
-887642.0248328805	100.0	8.025	120.8	73.15	-58.88406779931411	356	66	137	10	177	106	63	7	73	45	0	0	3.7469325065612793	28560	1351.5467219352722	26679	6.586134453781511	
-962747.8563988274	101.3875	8.2125	124.3	75.175	-58.88406779931411	357	66	154	11	193	115	46	7	73	45	0	0	3.870626449584961	28640	1355.4173483848572	26753	6.588687150837984	
-1337677.4393981546	100.4375	8.1375	119.3	72.2125	-58.88406779931411	358	66	158	10	177	106	42	6	57	35	0	0	3.8773391246795654	28720	1359.2946875095367	26828	6.587743732590539	
-475167.4563428055	100.0	8.05	118.3	71.6625	-58.88406779931411	359	66	161	9	153	92	39	7	65	40	0	0	3.7139296531677246	28800	1363.0086171627045	26902	6.5902777777777715	
-87697.75461087136	100.975	8.1125	122.3	74.05	-58.88406779931411	360	66	139	11	201	120	63	7	73	45	0	0	3.8007707595825195	28880	1366.809387922287	26978	6.58587257617728	
-937663.4473909447	100.0	7.85	115.0	69.75	-58.88406779931411	361	66	144	9	153	92	56	6	57	35	0	0	3.6801414489746094	28960	1370.4895293712616	27054	6.581491712707177	
-887607.3383888965	102.2	8.012658227848101	118.67088607594937	71.87341772151899	-58.88406779931411	362	67	156	11.0	177.0	106.0	44	6.0	57.0	35.0	0	0	3.702522039413452	29040	1374.192051410675	27128	6.584022038567497	
-875172.9782063551	101.725	8.151898734177216	120.49367088607595	72.9367088607595	-58.88406779931411	363	68	162	14.0	273.0	162.0	58	7.0	65.0	40.0	0	0	3.793468713760376	29120	1377.9855201244354	27203	6.583104395604394	
-887683.7815711383	101.075	7.974683544303797	118.36708860759494	71.72151898734177	-58.88406779931411	364	69	162	9.0	153.0	92.0	48	7.0	65.0	40.0	0	0	3.6814560890197754	29200	1381.6669762134552	27278	6.5821917808219155	
-612690.2280568552	100.7375	8.075	119.0	72.075	-58.88406779931411	365	69	144	9	153	92	56	7	65	40	0	0	3.7044949531555176	29280	1385.3714711666107	27352	6.584699453551906	
-1012748.9735962093	98.275	7.974683544303797	113.20253164556962	68.68354430379746	-58.88406779931411	366	70	148	10.0	177.0	106.0	52	7.0	65.0	40.0	0	0	3.4681854248046875	29360	1388.8396565914154	27424	6.594005449591279	
-562703.6972351818	98.9875	8.0125	116.7	70.7375	-58.88406779931411	367	70	153	9	153	92	47	7	73	45	0	0	3.7370944023132324	29440	1392.5767509937286	27500	6.589673913043484	
-400296.5200878168	99.6625	8.025	114.4	69.3875	-58.88406779931411	368	70	155	11	177	106	44	7	73	45	0	0	3.738539695739746	29520	1396.3152906894684	27576	6.58536585365853	
-675226.0274310441	99.925	7.9875	114.3	69.35	-58.88385381593248	369	70	155	10	153	92	68	7	73	45	0	0	3.5704843997955322	29600	1399.885775089264	27650	6.587837837837839	
-1175118.9847373161	101.6375	8.025	114.6	69.5125	-58.88385381593248	370	70	132	9	153	92	72	7	65	40	0	0	3.6229135990142822	29680	1403.5086886882782	27725	6.58692722371967	
-1200168.2509510678	99.625	8.075949367088608	115.73417721518987	70.13924050632912	-58.883690228318926	371	71	133	10.0	193.0	115.0	67	7.0	65.0	40.0	0	0	3.757882595062256	29760	1407.2665712833405	27800	6.586021505376351	
-900209.5565404438	100.1125	7.9375	114.1	69.2	-58.883690228318926	372	71	140	9	145	87	63	6	57	35	0	0	3.752551555633545	29840	1411.019122838974	27876	6.58176943699732	
-1025172.6411133443	100.0	8.1125	119.5	72.375	-58.883690228318926	373	71	138	10	201	120	62	7	65	40	0	0	3.840832471847534	29920	1414.8599553108215	27952	6.577540106951872	
-1187743.7902480834	100.05	8.253164556962025	123.73417721518987	74.82278481012658	-58.883690228318926	374	72	146	11.0	217.0	129.0	54	7.0	73.0	45.0	0	0	3.8366916179656982	30000	1418.6966469287872	28024	6.586666666666659	
-1450139.5934357787	100.0	8.1875	118.3	71.6375	-58.883690228318926	375	72	142	11	193	115	58	7	65	40	0	0	3.913072347640991	30080	1422.6097192764282	28100	6.582446808510639	
-700231.628091344	100.0	8.175	119.3	72.2375	-58.883690228318926	376	72	139	11	177	106	61	7	65	40	0	0	3.666107654571533	30160	1426.2758269309998	28173	6.588196286472154	
-600135.1074567823	100.4	8.0875	119.4	72.3	-58.883690228318926	377	72	148	11	201	120	52	7	65	40	0	0	3.8443663120269775	30240	1430.1201932430267	28248	6.587301587301582	
-1162688.5692124944	105.05	8.075	117.9	71.4	-58.883690228318926	378	72	165	11	249	148	63	7	65	40	0	0	3.7543718814849854	30320	1433.8745651245117	28321	6.593007915567284	
-1187683.951242133	98.6125	8.012658227848101	114.72151898734177	69.54430379746836	-58.883690228318926	379	73	135	10.0	153.0	92.0	63	7.0	65.0	40.0	0	0	3.7090721130371094	30400	1437.5836372375488	28395	6.59539473684211	
-850240.5206943809	100.85	7.925	114.4	69.375	-58.883690228318926	380	73	139	11	193	115	61	7	65	40	0	0	3.6023764610290527	30480	1441.1860136985779	28468	6.60104986876641	
-1000153.8600296264	100.0	7.949367088607595	114.82278481012658	69.62025316455696	-58.883690228318926	381	74	158	9.0	153.0	92.0	42	7.0	65.0	40.0	0	0	3.6519906520843506	30560	1444.8380043506622	28542	6.603403141361255	
-587701.4178142505	99.7125	8.1	123.7	74.8375	-58.883690228318926	382	74	139	10	153	92	61	7	73	45	0	0	3.7689452171325684	30640	1448.6069495677948	28615	6.609007832898172	
-525243.5449806277	100.5	8.0875	123.9	74.975	-58.883690228318926	383	74	164	10	177	106	36	7	65	40	0	0	3.859679698944092	30720	1452.466629266739	28691	6.604817708333329	
-662651.1569328776	100.0	8.1375	121.7	73.6625	-58.883690228318926	384	74	140	10	177	106	60	7	73	45	0	0	3.8704922199249268	30800	1456.3371214866638	28767	6.600649350649348	
-1012698.1993742164	100.3	8.0125	118.7	71.9	-58.883690228318926	385	74	130	9	153	92	70	6	57	35	0	0	3.8418807983398438	30880	1460.1790022850037	28843	6.596502590673566	
-850198.5499299357	100.375	8.1	119.5	72.3625	-58.883690228318926	386	74	151	12	225	134	49	7	65	40	0	0	3.7453465461730957	30960	1463.9243488311768	28917	6.598837209302317	
-600219.5321003057	99.15	8.10126582278481	119.78481012658227	72.54430379746836	-58.883690228318926	387	75	151	13.0	313.0	185.0	57	7.0	65.0	40.0	0	0	3.785324811935425	31040	1467.7096736431122	28991	6.601159793814432	
-1362707.4507967457	99.975	8.1	120.2	72.775	-58.883690228318926	388	75	140	12	193	115	61	7	73	45	0	0	3.8474419116973877	31120	1471.5571155548096	29066	6.600257069408741	
-1012662.4258454408	99.975	8.0125	117.1	70.95	-58.883690228318926	389	75	164	11	169	101	41	6	57	35	0	0	3.819005250930786	31200	1475.3761208057404	29142	6.596153846153854	
-750210.5687633783	100.675	8.075949367088608	120.59493670886076	73.0	-58.883690228318926	390	76	153	11.0	193.0	115.0	47	7.0	65.0	40.0	0	0	3.840411424636841	31280	1479.2165322303772	29217	6.595268542199477	
-1512694.8315675033	99.4	8.275	121.5	73.525	-58.883690228318926	391	76	142	11	169	101	58	7	73	45	0	0	3.878612518310547	31360	1483.0951447486877	29292	6.594387755102034	
-700180.9080111247	100.25	8.325	124.8	75.4875	-58.883690228318926	392	76	152	11	249	148	48	7	73	45	0	0	3.8602683544158936	31440	1486.9554131031036	29368	6.590330788804067	
-1200189.432098436	98.95	8.0125	114.7	69.55	-58.883690228318926	393	76	145	12	225	134	55	7	65	40	0	0	3.7022693157196045	31520	1490.6576824188232	29443	6.589467005076145	
-1275295.319571551	101.7	7.9375	111.6	67.725	-58.883690228318926	394	76	159	9	153	92	68	7	73	45	0	0	3.6582958698272705	31600	1494.3159782886505	29517	6.591772151898738	
-975151.5914622897	105.2125	8.0	113.50632911392405	68.88607594936708	-58.883690228318926	395	77	156	11.0	201.0	120.0	78	7.0	73.0	45.0	0	0	3.5785484313964844	31680	1497.894526720047	29592	6.5909090909090935	
-1625189.6993381628	102.25	8.075949367088608	115.43037974683544	69.9493670886076	-58.883690228318926	396	78	158	11.0	201.0	120.0	52	6.0	57.0	35.0	0	0	3.8181397914886475	31760	1501.7126665115356	29667	6.590050377833762	
-575215.134826158	100.5625	8.15	124.7	75.425	-58.883690228318926	397	78	145	11	201	120	62	7	73	45	0	0	3.9851436614990234	31840	1505.6978101730347	29742	6.5891959798995	
-925226.7217626491	99.65	7.9875	118.7	71.9	-58.883690228318926	398	78	143	9	153	92	57	7	73	45	0	0	3.7938640117645264	31920	1509.4916741847992	29817	6.5883458646616475	
-1200140.8886574768	99.725	8.05	120.8	73.1375	-58.883690228318926	399	78	174	10	153	92	26	7	73	45	0	0	3.8859825134277344	32000	1513.377656698227	29892	6.587500000000006	
-500222.1340890319	101.05	8.2375	120.3	72.8125	-58.883690228318926	400	78	162	11	169	101	38	7	65	40	0	0	3.8630449771881104	32080	1517.240701675415	29967	6.586658354114718	
-1312749.113561829	100.825	8.1625	117.6	71.225	-58.883690228318926	401	78	145	11	177	106	55	7	65	40	0	0	3.8557913303375244	32160	1521.0964930057526	30043	6.582711442786078	
-1050198.8232942135	102.7	8.253164556962025	122.11392405063292	73.83544303797468	-58.883690228318926	402	79	152	13.0	241.0	143.0	48	7.0	65.0	40.0	0	0	4.052985429763794	32240	1525.1494784355164	30118	6.58188585607941	
-412747.81918659434	100.1125	8.113924050632912	118.0632911392405	71.50632911392405	-58.883690228318926	403	80	138	14.0	241.0	143.0	67	7.0	65.0	40.0	0	0	3.7478268146514893	32320	1528.8973052501678	30192	6.584158415841586	
-575281.127994456	100.2375	8.125	118.0	71.475	-58.883690228318926	404	80	161	10	201	120	39	6	57	35	0	0	3.767082691192627	32400	1532.6643879413605	30266	6.5864197530864175	
-1350158.6497071641	101.1875	8.175	119.5	72.3375	-58.883690228318926	405	80	161	12	201	120	64	6	57	35	0	0	3.9177913665771484	32480	1536.5821793079376	30342	6.582512315270932	
-675180.4931340297	104.1125	8.125	118.5	71.7625	-58.883690228318926	406	80	190	11	225	134	56	7	65	40	0	0	3.899380922317505	32560	1540.4815602302551	30418	6.578624078624074	
-912706.3666010706	104.7625	8.1125	118.9	71.9875	-58.883690228318926	407	80	175	10	177	106	48	6	57	35	0	0	3.899080991744995	32640	1544.3806412220001	30494	6.574754901960787	
-787688.4440288193	103.2375	8.139240506329115	121.30379746835443	73.40506329113924	-58.883690228318926	408	81	153	11.0	201.0	120.0	47	6.0	57.0	35.0	0	0	3.8176400661468506	32720	1548.198281288147	30568	6.577017114914426	
-937661.3808636345	102.825	8.0	116.0	70.2875	-58.883690228318926	409	81	163	12	193	115	37	7	65	40	0	0	3.793299436569214	32800	1551.9915807247162	30642	6.579268292682926	
-500194.82875674265	102.6875	8.0	115.7	70.125	-58.883690228318926	410	81	128	11	201	120	77	7	65	40	0	0	3.7236905097961426	32880	1555.7152712345123	30716	6.581508515815088	
-675188.3798124368	101.4125	8.2375	120.6	72.9875	-58.883690228318926	411	81	150	11	177	106	50	7	73	45	0	0	3.8804030418395996	32960	1559.595674276352	30791	6.580703883495147	
-475211.83322780486	102.8	8.064102564102564	115.46153846153847	69.97435897435898	-58.883690228318926	412	83	190	12.0	193.0	115.0	38	7.0	65.0	40.0	0	0	3.6215500831604004	33040	1563.2172243595123	30863	6.588983050847446	
-612683.4672475948	101.1	8.1375	115.2	69.825	-58.883690228318926	413	83	153	10	169	101	47	7	65	40	0	0	3.7824878692626953	33120	1566.999712228775	30939	6.585144927536234	
-925286.6125961955	101.7	8.025316455696203	115.9367088607595	70.25316455696202	-58.883690228318926	414	84	148	9.0	153.0	92.0	56	7.0	65.0	40.0	0	0	3.6071982383728027	33200	1570.6069104671478	31010	6.596385542168676	
-1162690.244654353	100.1625	8.0875	121.6	73.5875	-58.883690228318926	415	84	145	11	193	115	55	7	65	40	0	0	3.882115364074707	33280	1574.4890258312225	31085	6.595552884615387	
-962636.6010365657	101.6875	8.0625	115.3	69.8875	-58.883690228318926	416	84	145	10	153	92	55	7	65	40	0	0	3.7844347953796387	33360	1578.2734606266022	31161	6.591726618705039	
-1037707.5281111632	102.8625	8.0	115.6	70.075	-58.883690228318926	417	84	145	11	193	115	63	7	65	40	0	0	3.735991954803467	33440	1582.0094525814056	31236	6.5909090909090935	
-562660.5497318223	101.6375	8.0375	118.2	71.625	-58.883690228318926	418	84	145	13	241	143	59	7	65	40	0	0	3.6973445415496826	33520	1585.7067971229553	31310	6.593078758949872	
-1012683.5800112732	100.0	8.1375	122.2	73.95	-58.883690228318926	419	84	112	10	177	106	88	7	73	45	0	0	3.853174924850464	33600	1589.5599720478058	31385	6.592261904761912	
-587720.6101220672	100.0	8.0625	121.3	73.4375	-58.883690228318926	420	84	134	10	153	92	66	7	73	45	0	0	3.847557783126831	33680	1593.4075298309326	31461	6.588479809976249	
-850215.2507220965	100.1	7.9113924050632916	113.30379746835443	68.72151898734177	-58.883690228318926	421	85	169	10.0	145.0	87.0	31	6.0	57.0	35.0	0	0	3.589379072189331	33760	1596.996908903122	31534	6.593601895734608	
-1162669.3301740433	100.275	8.064935064935066	118.0909090909091	71.53246753246754	-58.883690228318926	422	88	157	10.0	177.0	106.0	43	6.0	57.0	35.0	0	0	3.600928783416748	33840	1600.5978376865387	31606	6.601654846335705	
-925189.6879342573	100.1375	8.0375	118.4	71.7	-58.883690228318926	423	88	125	9	177	106	75	7	65	40	0	0	3.8644638061523438	33920	1604.462301492691	31682	6.597877358490564	
-600208.7627114172	101.7	8.1875	119.9	72.5625	-58.883690228318926	424	88	148	12	217	129	52	7	65	40	0	0	4.007812261581421	34000	1608.4701137542725	31758	6.594117647058823	
-837727.4685338272	100.625	8.113924050632912	121.81012658227849	73.70886075949367	-58.883690228318926	425	89	149	13.0	273.0	162.0	51	7.0	65.0	40.0	0	0	3.8224031925201416	34080	1612.2925169467926	31832	6.596244131455393	
-1087689.4639476002	100.5	8.0625	118.7	71.875	-58.883690228318926	426	89	136	11	177	106	64	6	57	35	0	0	3.907151937484741	34160	1616.1996688842773	31907	6.595433255269327	
-1125119.3826228678	100.55	8.2125	124.6	75.325	-58.883690228318926	427	89	179	12	249	148	21	6	57	35	0	0	4.06738543510437	34240	1620.2670543193817	31983	6.591705607476641	
-312771.5157598813	100.0	8.14102564102564	125.41025641025641	75.85897435897436	-58.883690228318926	428	91	130	10.0	153.0	92.0	70	7.0	73.0	45.0	0	0	3.772134304046631	34320	1624.0391886234283	32057	6.593822843822835	
-775231.6764735841	99.5875	8.1875	121.8	73.6875	-58.883690228318926	429	91	124	12	225	134	54	7	65	40	0	0	3.927760601043701	34400	1627.966949224472	32132	6.593023255813961	
-1025178.6284360904	99.625	8.151898734177216	120.89873417721519	73.16455696202532	-58.883690228318926	430	92	136	11.0	225.0	134.0	64	7.0	65.0	40.0	0	0	3.9464471340179443	34480	1631.91339635849	32207	6.592227378190245	
-387740.80736845324	99.225	7.9625	112.1	68.0	-58.883690228318926	431	92	151	10	153	92	42	7	65	40	0	0	3.757098913192749	34560	1635.6704952716827	32283	6.588541666666671	
-862665.391778719	100.3	8.05	119.4	72.3	-58.883690228318926	432	92	153	9	153	92	47	7	65	40	0	0	3.8175854682922363	34640	1639.488080739975	32358	6.587759815242492	
-1037703.9894414827	99.975	7.975	116.5	70.6	-58.883690228318926	433	92	136	10	177	106	64	6	57	35	0	0	3.695380926132202	34720	1643.1834616661072	32432	6.589861751152071	
-1025240.997961586	103.5	8.1375	120.1	72.675	-58.883690228318926	434	92	153	10	177	106	47	7	65	40	0	0	4.021164417266846	34800	1647.204626083374	32508	6.5862068965517295	
-1787611.2555715381	101.125	8.0875	119.5	72.35	-58.883690228318926	435	92	166	10	153	92	34	7	65	40	0	0	3.723114013671875	34880	1650.927740097046	32581	6.591169724770637	
-1200216.2239220734	100.375	8.139240506329115	122.21518987341773	73.92405063291139	-58.883690228318926	436	93	154	11.0	217.0	129.0	50	6.0	57.0	35.0	0	0	3.9122698307037354	34960	1654.8400099277496	32654	6.596109839816933	
-637738.7369875752	100.0	8.1	119.5	72.35	-58.883690228318926	437	93	127	12	193	115	73	6	57	35	0	0	3.8416919708251953	35040	1658.6817018985748	32729	6.595319634703202	
-325155.7699385676	100.0	8.125	121.3	73.4375	-58.883690228318926	438	93	146	10	153	92	54	7	73	45	0	0	3.7914459705352783	35120	1662.47314786911	32804	6.594533029612762	
-1225189.485170716	100.0375	8.0	112.89873417721519	68.48101265822785	-58.883690228318926	439	94	154	11.0	225.0	134.0	46	6.0	57.0	35.0	0	0	3.625528335571289	35200	1666.0986762046814	32877	6.599431818181827	
-1187795.9178101304	101.05	8.139240506329115	116.44303797468355	70.53164556962025	-58.883690228318926	440	95	147	13.0	249.0	148.0	69	7.0	65.0	40.0	0	0	3.8940412998199463	35280	1669.9927175045013	32952	6.598639455782319	
-1112662.3978125597	100.0	8.217948717948717	121.71794871794872	73.62820512820512	-58.883690228318926	441	97	131	14.0	241.0	143.0	69	7.0	65.0	40.0	0	0	3.7730212211608887	35360	1673.7657387256622	33024	6.606334841628964	
-987646.7039033094	100.0	8.1375	118.8	71.925	-58.883690228318926	442	97	122	11	169	101	78	7	65	40	0	0	3.915825843811035	35440	1677.6815645694733	33100	6.602708803611733	
-1050139.2536505456	100.0	8.15	121.7	73.65	-58.883690228318926	443	97	141	10	193	115	59	7	65	40	0	0	3.7495250701904297	35520	1681.4310896396637	33172	6.61036036036036	
-712644.1399271775	100.0	8.0375	118.4	71.7125	-58.883690228318926	444	97	135	9	153	92	65	7	65	40	0	0	3.741140127182007	35600	1685.1722297668457	33246	6.612359550561791	
-725189.15193826	99.7375	8.151898734177216	124.13924050632912	75.0886075949367	-58.883690228318926	445	98	150	10.0	201.0	120.0	50	7.0	65.0	40.0	0	0	3.7942261695861816	35680	1688.9664559364319	33319	6.617152466367713	
-750145.0377670235	103.6625	7.987341772151899	119.27848101265823	72.25316455696202	-58.883690228318926	446	99	150	10.0	177.0	106.0	67	6.0	57.0	35.0	0	0	3.6951446533203125	35760	1692.6616005897522	33393	6.619127516778519	
-1025139.8103754723	101.3	8.0875	119.4	72.325	-58.883690228318926	447	99	135	11	201	120	65	7	73	45	0	0	3.8390941619873047	35840	1696.5006947517395	33469	6.615513392857139	
-1112681.9872896685	99.625	8.0875	117.9	71.425	-58.883690228318926	448	99	140	10	169	101	60	7	65	40	0	0	3.779114246368408	35920	1700.279808998108	33544	6.614699331848556	
-275174.9447021773	99.8	8.1125	123.6	74.775	-58.883690228318926	449	99	164	11	177	106	36	6	57	35	0	0	3.8058555126190186	36000	1704.085664510727	33618	6.616666666666674	
-362651.68455858936	100.0	7.9625	120.2	72.7875	-58.883690228318926	450	99	161	10	177	106	39	6	57	35	0	0	3.7120275497436523	36080	1707.7976920604706	33691	6.621396895787129	
-537660.6855345273	100.0125	8.05	118.8	71.95	-58.883690228318926	451	99	142	12	225	134	58	7	65	40	0	0	3.812530517578125	36160	1711.6102225780487	33766	6.620575221238937	
-887759.3669480088	101.525	8.164556962025317	118.0632911392405	71.50632911392405	-58.883690228318926	452	100	145	10.0	153.0	92.0	64	7.0	73.0	45.0	0	0	3.709080934524536	36240	1715.3193035125732	33839	6.625275938189844	
-837723.4578621261	100.475	8.2375	122.4	74.05	-58.883690228318926	453	100	142	11	193	115	61	7	73	45	0	0	3.8300600051879883	36320	1719.1493635177612	33912	6.629955947136565	
-325283.37144956866	100.0	8.0375	120.0	72.675	-58.883690228318926	454	100	135	9	153	92	65	7	73	45	0	0	3.7421977519989014	36400	1722.8915612697601	33987	6.629120879120876	
-912717.3549179204	100.0	8.075	116.4	70.55	-58.883690228318926	455	100	144	9	153	92	56	7	73	45	0	0	3.722628355026245	36480	1726.6141896247864	34062	6.6282894736842195	
-537693.7330008359	96.925	8.0875	120.8	73.1375	-58.883690228318926	456	100	148	10	153	92	52	7	65	40	0	0	3.82511568069458	36560	1730.439305305481	34137	6.6274617067833645	
-862640.0150512818	99.475	7.975	114.0	69.1375	-58.883690228318926	457	100	131	10	177	106	69	7	65	40	0	0	3.7490532398223877	36640	1734.1883585453033	34212	6.626637554585159	
-812761.6380414048	100.4125	8.128205128205128	117.51282051282051	71.16666666666667	-58.883690228318926	458	102	147	11.0	193.0	115.0	53	6.0	57.0	35.0	0	0	3.781602144241333	36720	1737.9699606895447	34285	6.631263616557732	
-300158.07531360554	100.375	8.1625	121.4	73.4875	-58.883690228318926	459	102	160	11	177	106	40	7	65	40	0	0	3.8887135982513428	36800	1741.858674287796	34361	6.627717391304344	
-700204.6294210765	100.925	7.987341772151899	112.89873417721519	68.51898734177215	-58.883690228318926	460	103	142	10.0	153.0	92.0	76	6.0	57.0	35.0	0	0	3.5114645957946777	36880	1745.3701388835907	34433	6.635032537960953	
-737739.3683855577	99.975	8.139240506329115	118.16455696202532	71.59493670886076	-58.883690228318926	461	104	167	11.0	177.0	106.0	51	7.0	65.0	40.0	0	0	3.655959367752075	36960	1749.0260982513428	34507	6.636904761904759	
-837801.9704544938	101.5	8.2	119.0	72.0625	-58.883690228318926	462	104	135	13	249	148	70	7	65	40	0	0	3.7971932888031006	37040	1752.8232915401459	34582	6.636069114470843	
-1112676.5835832283	99.9375	8.2625	120.5	72.9125	-58.883690228318926	463	104	153	11	193	115	52	7	65	40	0	0	3.90356183052063	37120	1756.7268533706665	34656	6.637931034482762	
-712684.2581464261	98.6	8.164556962025317	121.60759493670886	73.59493670886076	-58.883690228318926	464	105	124	10.0	177.0	106.0	76	7.0	65.0	40.0	0	0	3.799160957336426	37200	1760.526014328003	34730	6.63978494623656	
-537694.7435798367	99.4	8.025316455696203	119.37974683544304	72.31645569620254	-58.883690228318926	465	106	158	10.0	177.0	106.0	42	7.0	73.0	45.0	0	0	3.678239583969116	37280	1764.204253911972	34804	6.641630901287556	
-687709.9833878649	100.3	8.35	125.6	75.925	-58.883690228318926	466	106	158	12	193	115	50	7	73	45	0	0	3.9768271446228027	37360	1768.1810810565948	34879	6.640792291220549	
-687743.0722963912	102.65	7.9875	112.6	68.325	-58.883690228318926	467	106	148	10	153	92	52	6	57	35	0	0	3.6946651935577393	37440	1771.8757462501526	34955	6.637286324786331	
-1337711.487398772	100.2625	8.0625	115.2	69.8125	-58.883690228318926	468	106	151	10	225	134	49	7	65	40	0	0	3.8082528114318848	37520	1775.6839990615845	35029	6.639125799573563	
-1212613.207989321	100.8375	8.2125	118.9	71.9875	-58.883690228318926	469	106	165	13	241	143	35	7	73	45	0	0	3.7700538635253906	37600	1779.4540529251099	35101	6.6462765957446805	
-1187745.3210151985	100.9625	8.063291139240507	116.84810126582279	70.79746835443038	-58.883690228318926	470	107	201	12.0	193.0	115.0	18	6.0	57.0	35.0	0	0	3.65580677986145	37680	1783.1098597049713	35174	6.650743099787675	
-1262684.1904097884	100.2375	7.9875	115.1	69.775	-58.883690228318926	471	107	158	10	169	101	42	7	65	40	0	0	3.754878282546997	37760	1786.8647379875183	35249	6.649894067796609	
-1350132.0713159763	102.075	7.95	115.5	70.025	-58.883690228318926	472	107	145	9	153	92	61	7	65	40	0	0	3.7115511894226074	37840	1790.576289176941	35324	6.649048625792801	
-625206.026921469	99.95	8.0875	119.8	72.55	-58.883690228318926	473	107	155	10	177	106	45	7	65	40	0	0	3.769474506378174	37920	1794.345763683319	35399	6.6482067510548575	
-950178.4984885125	100.0	8.1	119.1	72.125	-58.883690228318926	474	107	169	10	177	106	31	7	65	40	0	0	3.902573585510254	38000	1798.2483372688293	35475	6.64473684210526	
-937713.3398010588	100.0	8.08974358974359	117.41025641025641	71.12820512820512	-58.883690228318926	475	109	143	10.0	201.0	120.0	57	7.0	65.0	40.0	0	0	3.7440268993377686	38080	1801.9923641681671	35549	6.646533613445385	
-1600158.8146234874	99.6	8.0125	117.8	71.375	-58.883690228318926	476	109	174	10	177	106	26	6	57	35	0	0	3.6755530834198	38160	1805.667917251587	35623	6.64832285115304	
-725180.9262000347	100.15	8.037974683544304	117.65822784810126	71.30379746835443	-58.883690228318926	477	110	160	10.0	177.0	106.0	40	7.0	65.0	40.0	0	0	3.621062994003296	38240	1809.2889802455902	35696	6.652719665271974	
-1112676.8851257227	100.85	7.962025316455696	113.0	68.55696202531645	-58.883690228318926	478	111	152	12.0	193.0	115.0	48	6.0	57.0	35.0	0	0	3.5171661376953125	38320	1812.8061463832855	35768	6.6597077244258855	
-1337727.7410259962	100.0	8.1	118.8	71.925	-58.883690228318926	479	111	158	10	153	92	42	7	65	40	0	0	3.906377077102661	38400	1816.7125234603882	35843	6.658854166666657	
-1212653.4801733594	100.35	8.125	118.7	71.875	-58.883690228318926	480	111	131	10	153	92	69	7	65	40	0	0	3.8080668449401855	38480	1820.5205903053284	35917	6.660602910602904	
-475195.4153283808	100.05	8.076923076923077	119.97435897435898	72.65384615384616	-58.883690228318926	481	113	165	10.0	177.0	106.0	35	7.0	73.0	45.0	0	0	3.6726043224334717	38560	1824.1931946277618	35990	6.664937759336098	
-575170.005272466	100.35	8.1	121.5	73.5375	-58.883690228318926	482	113	131	11	201	120	69	7	65	40	0	0	3.853224039077759	38640	1828.0464186668396	36065	6.664078674948243	
-1050207.184175854	100.0	7.9125	117.9	71.4375	-58.88350741106173	483	113	133	9	153	92	67	7	65	40	0	0	3.7250680923461914	38720	1831.7714867591858	36139	6.665805785123965	
-862672.9890879566	100.825	8.012658227848101	119.68354430379746	72.46835443037975	-58.88350741106173	484	114	140	10.0	169.0	101.0	60	7.0	65.0	40.0	0	0	3.7446129322052	38800	1835.516099691391	36212	6.670103092783506	
-1125139.0163938154	100.825	8.025	119.6	72.4375	-58.88350741106173	485	114	133	9	153	92	68	7	65	40	0	0	3.8010454177856445	38880	1839.3171451091766	36288	6.666666666666671	
-1375147.3062489082	99.975	8.012820512820513	117.0	70.91025641025641	-58.88350741106173	486	116	114	10.0	153.0	92.0	86	7.0	65.0	40.0	0	0	3.6854143142700195	38960	1843.0025594234467	36362	6.668377823408619	
-687710.8918745223	99.95	8.08860759493671	121.10126582278481	73.31645569620254	-58.88350741106173	487	117	167	10.0	153.0	92.0	33	7.0	65.0	40.0	0	0	3.750513792037964	39040	1846.7530732154846	36436	6.670081967213122	
-737740.6927136496	99.9875	8.075	121.4	73.4875	-58.88350741106173	488	117	145	11	193	115	55	7	73	45	0	0	3.9285786151885986	39120	1850.6816518306732	36512	6.666666666666671	
-1025185.130047828	101.125	8.2	121.7	73.625	-58.88350741106173	489	117	154	11	193	115	46	7	65	40	0	0	4.044166803359985	39200	1854.7258186340332	36588	6.66326530612244	
-650129.4459890906	101.25	8.076923076923077	118.64102564102564	71.84615384615384	-58.88350741106173	490	119	168	10.0	153.0	92.0	32	6.0	57.0	35.0	0	0	3.7842156887054443	39280	1858.5100343227386	36662	6.664969450101836	
-1150172.587382001	102.075	8.0	112.5	68.2625	-58.88350741106173	491	119	162	10	153	92	56	7	65	40	0	0	3.5887527465820312	39360	1862.0987870693207	36736	6.666666666666671	
-925170.6275688906	100.325	8.075	117.7	71.3125	-58.88350741106173	492	119	140	9	153	92	60	6	57	35	0	0	3.6792149543762207	39440	1865.778002023697	36809	6.6708924949290065	
-575171.5558679851	100.0	8.063291139240507	119.37974683544304	72.29113924050633	-58.88350741106173	493	120	154	10.0	177.0	106.0	46	7.0	73.0	45.0	0	0	3.788461446762085	39520	1869.566463470459	36883	6.672570850202433	
-200159.42655221472	100.0	8.0125	116.4	70.55	-58.88350741106173	494	120	125	10	153	92	75	7	65	40	0	0	3.7158567905426025	39600	1873.2823202610016	36958	6.671717171717177	
-1262663.2802565638	100.0	8.025	119.9	72.6	-58.88350741106173	495	120	147	9	153	92	53	6	57	35	0	0	3.80924916267395	39680	1877.0915694236755	37033	6.670866935483872	
-687753.4283516227	99.6625	8.225	124.8	75.4875	-58.88350741106173	496	120	125	11	201	120	73	7	81	50	0	0	3.926274538040161	39760	1881.0178439617157	37109	6.66750503018109	
-325230.9623813062	100.25	8.0375	118.6	71.85	-58.88350741106173	497	120	151	11	201	120	49	7	73	45	0	0	3.8134329319000244	39840	1884.8312768936157	37185	6.664156626506028	
-737683.2883513004	100.45	8.05	124.3	75.2	-58.88350741106173	498	120	160	10	153	92	40	7	73	45	0	0	3.9175148010253906	39920	1888.748791694641	37261	6.6608216432865675	
-1137710.1018684052	100.0	8.126582278481013	122.92405063291139	74.35443037974683	-58.88350741106173	499	121	148	11.0	217.0	129.0	52	6.0	57.0	35.0	0	0	3.988130807876587	40000	1892.7369225025177	37336	6.659999999999997	
-987660.552756175	99.7625	8.125	123.3	74.5875	-58.88350741106173	500	121	164	9	153	92	36	7	65	40	0	0	3.867828845977783	40080	1896.6047513484955	37410	6.6616766467065816	
-1262639.7639611452	100.8	8.0875	118.4	71.7	-58.88350741106173	501	121	186	11	193	115	73	7	65	40	0	0	3.7252309322357178	40160	1900.3299822807312	37481	6.670816733067724	
-737727.3459981093	102.15	8.1625	122.4	74.0625	-58.88350741106173	502	121	186	12	217	129	44	7	65	40	0	0	3.808076858520508	40240	1904.1380591392517	37554	6.674950298210732	
-1237700.6478099255	109.125	8.15	122.0	73.8	-58.88350741106173	503	121	186	11	225	134	67	6	57	35	0	0	4.012417793273926	40320	1908.1504769325256	37629	6.674107142857139	
-700144.3614143218	104.75	8.025316455696203	116.64556962025317	70.68354430379746	-58.88350741106173	504	122	191	11.0	177.0	106.0	58	7.0	65.0	40.0	0	0	3.705594778060913	40400	1911.8560717105865	37703	6.675742574257427	
-700192.9436572839	100.0	8.08974358974359	115.87179487179488	70.2051282051282	-58.88350741106173	505	124	155	9.0	153.0	92.0	45	7.0	65.0	40.0	0	0	3.6904358863830566	40480	1915.5465075969696	37775	6.682312252964422	
-825146.5107912807	102.575	8.2	120.1	72.675	-58.88350741106173	506	124	156	12	249	148	44	6	57	35	0	0	3.9788997173309326	40560	1919.5254073143005	37851	6.678994082840234	
-862657.892207033	100.3875	8.265822784810126	122.72151898734177	74.21518987341773	-58.88350741106173	507	125	144	11.0	193.0	115.0	56	7.0	65.0	40.0	0	0	4.010926008224487	40640	1923.536333322525	37926	6.678149606299215	
-1275173.9885093893	99.7875	8.118421052631579	122.47368421052632	74.07894736842105	-58.88350741106173	508	129	130	11.0	225.0	134.0	64	7.0	65.0	40.0	0	0	3.849025249481201	40720	1927.3853585720062	37998	6.684675834970534	
-800229.8683273715	98.95	8.125	118.6	71.8125	-58.88350741106173	509	129	144	11	225	134	56	7	65	40	0	0	3.944971799850464	40800	1931.3303303718567	38073	6.683823529411768	
-750260.6143667762	99.6625	8.2	119.8	72.5	-58.88350741106173	510	129	144	10	153	92	56	6	57	35	0	0	3.8732242584228516	40880	1935.2035546302795	38147	6.685420743639924	
-737693.4085378215	101.125	8.14102564102564	120.48717948717949	72.96153846153847	-58.88350741106173	511	131	160	10.0	201.0	120.0	49	7.0	73.0	45.0	0	0	3.498305320739746	40960	1938.7018599510193	38217	6.69677734375	
-875185.348648251	99.8375	7.975	114.6	69.4875	-58.88350741106173	512	131	159	12	225	134	32	6	57	35	0	0	3.612947702407837	41040	1942.3148076534271	38290	6.700779727095522	
-962673.4821118054	100.0	8.1125	119.4	72.2625	-58.88350741106173	513	131	162	12	201	120	38	6	57	35	0	0	3.949404716491699	41120	1946.2642123699188	38366	6.697470817120617	
-1162793.015834052	97.8125	8.075	119.4	72.3	-58.88350741106173	514	131	128	10	177	106	57	7	65	40	0	0	3.839888095855713	41200	1950.1041004657745	38442	6.694174757281559	
-950333.2036586372	98.6875	8.075	119.0	72.0625	-58.88350741106173	515	131	157	9	153	92	43	7	65	40	0	0	3.8710110187530518	41280	1953.9751114845276	38518	6.690891472868216	
-1062655.5410145626	100.0625	8.1625	122.9	74.3375	-58.88350741106173	516	131	161	11	193	115	39	7	65	40	0	0	3.8734936714172363	41360	1957.8486051559448	38592	6.69245647969052	
-512680.3074087774	100.0	8.0875	120.3	72.85	-58.88350741106173	517	131	124	10	153	92	76	6	57	35	0	0	3.7480740547180176	41440	1961.5966792106628	38667	6.691602316602314	
-950226.1877710692	100.0	8.1875	121.8	73.7	-58.88350741106173	518	131	141	10	177	106	59	7	65	40	0	0	3.7521519660949707	41520	1965.3488311767578	38739	6.697976878612721	
-900189.846643496	100.1875	8.0625	118.6	71.8125	-58.88350741106173	519	131	136	11	177	106	64	7	65	40	0	0	3.904603958129883	41600	1969.2534351348877	38815	6.694711538461533	
-675173.5583852066	100.1375	8.025316455696203	118.56962025316456	71.82278481012658	-58.88350741106173	520	132	128	9.0	153.0	92.0	72	7.0	65.0	40.0	0	0	3.6474339962005615	41680	1972.9008691310883	38888	6.698656429942417	
-1050145.504652188	100.0	8.175	124.4	75.2125	-58.88350741106173	521	132	136	11	225	134	64	6	57	35	0	0	4.055744647979736	41760	1976.956613779068	38964	6.695402298850567	
-637696.0321910644	100.0	8.05	121.9	73.775	-58.88350741106173	522	132	136	11	193	115	64	6	57	35	0	0	3.9701476097106934	41840	1980.9267613887787	39040	6.692160611854675	
-937656.4569038168	100.0	8.05	120.5	72.925	-58.88350741106173	523	132	128	10	153	92	72	6	57	35	0	0	3.935913324356079	41920	1984.8626747131348	39116	6.688931297709928	
-750171.6836718698	100.2375	8.125	122.9	74.3625	-58.88350741106173	524	132	136	12	193	115	64	7	73	45	0	0	3.906360149383545	42000	1988.7690348625183	39191	6.688095238095244	
-387746.7716124036	102.3	8.05	116.6	70.6375	-58.88350741106173	525	132	143	12	193	115	68	7	73	45	0	0	3.894913673400879	42080	1992.6639485359192	39267	6.684885931558938	
-587641.9527457232	102.1375	8.153846153846153	119.05128205128206	72.08974358974359	-58.88350741106173	526	134	145	12.0	193.0	115.0	55	7.0	73.0	45.0	0	0	3.774395227432251	42160	1996.4383437633514	39341	6.6864326375711585	
-612680.66174075	102.65	8.0	115.8	70.2125	-58.88350741106173	527	134	139	10	153	92	76	7	73	45	0	0	3.7111878395080566	42240	2000.1495316028595	39417	6.683238636363626	
-687670.1857234543	102.175	8.125	121.2	73.375	-58.88350741106173	528	134	164	11	193	115	36	7	65	40	0	0	3.745296001434326	42320	2003.8948276042938	39491	6.684782608695656	
-1162707.5300528025	100.6375	8.1	119.1	72.1125	-58.88350741106173	529	134	150	10	177	106	50	6	57	35	0	0	3.8813791275024414	42400	2007.7762067317963	39567	6.681603773584911	
-587693.2476283215	100.0	8.175	121.6	73.6	-58.88350741106173	530	134	145	10	153	92	55	7	73	45	0	0	3.815704822540283	42480	2011.5919115543365	39642	6.680790960451972	
-837748.5919666422	100.95	8.3125	125.1	75.625	-58.88350741106173	531	134	147	11	193	115	62	7	65	40	0	0	4.056013584136963	42560	2015.6479251384735	39718	6.67763157894737	
-962681.068802096	100.0	8.2375	123.1	74.4625	-58.88350741106173	532	134	132	11	193	115	68	7	73	45	0	0	3.985394239425659	42640	2019.6333193778992	39794	6.674484052532833	
-800155.4913429993	100.0	8.1	117.0	70.9	-58.88350741106173	533	134	153	10	153	92	47	7	65	40	0	0	3.723801612854004	42720	2023.3571209907532	39869	6.673689138576776	
-825319.8149234774	100.125	7.9875	113.1	68.625	-58.88350741106173	534	134	154	11	201	120	51	7	73	45	0	0	3.6736509799957275	42800	2027.030771970749	39945	6.670560747663558	
-750182.5047924102	99.4	8.0375	116.5	70.6125	-58.88350741106173	535	134	145	10	153	92	30	7	65	40	0	0	3.6372902393341064	42880	2030.668062210083	40018	6.674440298507463	
-687680.0793606606	99.6875	8.1	120.9	73.1625	-58.88350741106173	536	134	163	10	153	92	37	7	73	45	0	0	3.944390296936035	42960	2034.612452507019	40093	6.673649906890134	
-1050241.8824045244	100.0	8.025	117.3	71.0875	-58.88350741106173	537	134	138	10	177	106	62	7	65	40	0	0	3.7325127124786377	43040	2038.3449652194977	40168	6.672862453531607	
-925294.175340993	98.8625	8.2	121.0	73.2	-58.88350741106173	538	134	140	9	153	92	60	6	57	35	0	0	3.9625158309936523	43120	2042.3074810504913	40243	6.672077922077918	
-575164.5904320063	99.875	8.175	120.7	73.0625	-58.88350741106173	539	134	153	12	225	134	47	6	57	35	0	0	3.8561654090881348	43200	2046.1636464595795	40319	6.668981481481481	
-475236.9671779346	99.8	8.1375	120.1	72.7	-58.88341016896906	540	134	157	11	193	115	43	7	65	40	0	0	3.92557954788208	43280	2050.0892260074615	40394	6.66820702402957	
-762670.4795215625	100.0	8.0875	120.1	72.7125	-58.88341016896906	541	134	122	10	153	92	78	7	65	40	0	0	3.852381706237793	43360	2053.9416077136993	40469	6.667435424354238	
-737699.8390207347	100.0	8.139240506329115	121.20253164556962	73.34177215189874	-58.88341016896906	542	135	142	11.0	193.0	115.0	58	6.0	57.0	35.0	0	0	3.944653034210205	43440	2057.8862607479095	40544	6.666666666666671	
-737679.2867293882	100.0	8.1375	124.0	75.0	-58.88341016896906	543	135	154	10	153	92	46	7	73	45	0	0	3.9124362468719482	43520	2061.7986969947815	40619	6.665900735294116	
-687653.1463388164	100.0375	8.075	119.9	72.625	-58.88341016896906	544	135	133	10	177	106	67	7	65	40	0	0	3.746206045150757	43600	2065.5449030399323	40695	6.662844036697251	
-437725.44814951636	99.3625	8.227848101265822	121.9113924050633	73.79746835443038	-58.88341016896906	545	136	138	11.0	201.0	120.0	60	7.0	65.0	40.0	0	0	3.7572972774505615	43680	2069.302200317383	40769	6.664377289377285	
-862661.4958840702	99.625	8.3375	127.2	76.875	-58.88341016896906	546	136	122	11	225	134	78	6	57	35	0	0	4.114931344985962	43760	2073.417131662369	40845	6.661334552102375	
-587688.661907757	100.0	8.113924050632912	121.20253164556962	73.37974683544304	-58.88341016896906	547	137	142	10.0	177.0	106.0	58	7.0	65.0	40.0	0	0	3.7902417182922363	43840	2077.207373380661	40920	6.660583941605836	
-1225224.403704179	100.0	7.975	116.4	70.575	-58.88341016896906	548	137	152	9	177	106	48	7	65	40	0	0	3.6610774993896484	43920	2080.8684508800507	40995	6.659836065573771	
-725201.6522555987	99.1375	8.0375	118.7	71.9125	-58.88341016896906	549	137	122	11	225	134	62	7	65	40	0	0	3.70987868309021	44000	2084.578329563141	41070	6.659090909090921	
-575193.7459020175	99.9625	8.025316455696203	117.35443037974683	71.10126582278481	-58.88341016896906	550	138	149	9.0	153.0	92.0	51	7.0	65.0	40.0	0	0	3.709641218185425	44080	2088.2879707813263	41144	6.660617059891109	
-1025218.2736674454	99.9	8.175	118.8	71.9125	-58.88341016896906	551	138	139	11	193	115	61	7	65	40	0	0	3.85422420501709	44160	2092.1421949863434	41218	6.662137681159422	
-775239.2907315883	100.0	8.15	121.7	73.625	-58.88340226358129	552	138	157	12	249	148	43	7	73	45	0	0	3.977092981338501	44240	2096.119287967682	41293	6.661392405063296	
-1312659.7759344452	100.0	8.1125	120.1	72.7	-58.88340226358129	553	138	137	11	201	120	63	7	73	45	0	0	3.864945888519287	44320	2099.984233856201	41368	6.66064981949458	
-1000138.1000839111	100.3125	8.115384615384615	114.84615384615384	69.57692307692308	-58.88340226358129	554	140	141	10.0	153.0	92.0	59	7.0	65.0	40.0	0	0	3.8555514812469482	44400	2103.839785337448	41442	6.662162162162161	
-900149.3982467216	100.775	8.4375	128.8	77.775	-58.88340226358129	555	140	161	12	225	134	57	7	73	45	0	0	4.0852906703948975	44480	2107.925076007843	41517	6.66142086330936	
-462763.6654100145	100.2375	8.2875	126.2	76.275	-58.88340226358129	556	140	149	12	225	134	51	7	73	45	0	0	3.888037919998169	44560	2111.813113927841	41590	6.665170556552951	
-1012827.9370772082	100.3125	8.1375	120.7	73.0375	-58.88340226358129	557	140	159	10	201	120	41	7	65	40	0	0	3.8838417530059814	44640	2115.696955680847	41664	6.666666666666671	
-800237.2583178795	102.1	7.9375	113.7	68.95	-58.88340226358129	558	140	169	9	153	92	31	7	65	40	0	0	3.774402141571045	44720	2119.471357822418	41740	6.663685152057241	
-1137703.5260153126	100.0	8.05	114.0	69.15	-58.88340226358129	559	140	135	11	169	101	65	6	57	35	0	0	3.7005374431610107	44800	2123.171895265579	41816	6.660714285714292	
-775157.2439948296	101.225	7.975	115.2	69.8875	-58.88340226358129	560	140	155	9	153	92	45	7	65	40	0	0	3.6427104473114014	44880	2126.8146057128906	41891	6.659982174688068	
-800141.3564926833	100.6625	8.227848101265822	121.81012658227849	73.68354430379746	-58.88340226358129	561	141	133	12.0	193.0	115.0	54	7.0	73.0	45.0	0	0	3.8310537338256836	44960	2130.6456594467163	41963	6.665925266903912	
-1000260.7657890696	98.85	8.025641025641026	116.58974358974359	70.65384615384616	-58.88340226358129	562	143	136	9.0	153.0	92.0	54	7.0	65.0	40.0	0	0	3.7047719955444336	45040	2134.3504314422607	42037	6.667406749555951	
-1225161.8763005058	100.0375	8.175	122.7	74.225	-58.88340226358129	563	143	146	11	201	120	54	7	65	40	0	0	3.9617574214935303	45120	2138.3121888637543	42112	6.666666666666671	
-512710.3415998079	100.2875	8.126582278481013	121.9113924050633	73.81012658227849	-58.88340226358129	564	144	161	10.0	177.0	106.0	39	7.0	65.0	40.0	0	0	3.7509727478027344	45200	2142.063161611557	42187	6.665929203539818	
-1000220.7768443914	100.8625	8.05	119.4	72.3	-58.88340226358129	565	144	161	10	177	106	66	6	57	35	0	0	3.797794818878174	45280	2145.860956430435	42262	6.665194346289752	
-512633.89734388946	100.0375	8.05	117.9	71.4375	-58.88340226358129	566	144	150	9	153	92	50	7	73	45	0	0	3.785551071166992	45360	2149.646507501602	42338	6.662257495590822	
-862638.5349243812	100.0125	8.012658227848101	118.67088607594937	71.88607594936708	-58.88340226358129	567	145	166	10.0	153.0	92.0	34	7.0	65.0	40.0	0	0	3.707400321960449	45440	2153.3539078235626	42412	6.663732394366193	
-1262681.9098090297	101.35	8.20253164556962	121.30379746835443	73.37974683544304	-58.88340226358129	568	146	157	13.0	241.0	143.0	43	6.0	57.0	35.0	0	0	3.919853687286377	45520	2157.273761510849	42486	6.665202108963101	
-1362818.6504843272	100.2375	8.2	120.4	72.85	-58.88340226358129	569	146	145	12	225	134	55	6	57	35	0	0	4.035651445388794	45600	2161.309412956238	42562	6.6622807017543835	
-537704.4276566459	97.6875	8.126582278481013	122.0126582278481	73.83544303797468	-58.88340226358129	570	147	155	11.0	177.0	106.0	55	6.0	57.0	35.0	0	0	3.834066390991211	45680	2165.143479347229	42636	6.6637478108581405	
-887675.404631303	102.2	8.2	124.5	75.2875	-58.88340226358129	571	147	147	13	241	143	53	6	57	35	0	0	3.9660801887512207	45760	2169.10955953598	42711	6.663024475524466	
-1487684.9446542826	103.7375	8.0625	117.5	71.15	-58.88340226358129	572	147	158	10	201	120	42	6	57	35	0	0	3.8513071537017822	45840	2172.960866689682	42786	6.662303664921467	
-625211.1675801802	103.1375	8.063291139240507	118.0632911392405	71.50632911392405	-58.88340226358129	573	148	154	10.0	177.0	106.0	49	7.0	65.0	40.0	0	0	3.7810933589935303	45920	2176.7419600486755	42861	6.661585365853668	
-1412686.2918512835	102.6	8.1	116.1	70.3125	-58.88340226358129	574	148	145	11	201	120	68	6	57	35	0	0	3.926222085952759	46000	2180.6681821346283	42936	6.660869565217382	
-912726.0271213374	98.5625	8.1125	120.2	72.7875	-58.88340226358129	575	148	136	10	177	106	58	7	65	40	0	0	3.7253258228302	46080	2184.3935079574585	43010	6.662326388888886	
-1250155.406100966	98.775	8.075	120.9	73.1875	-58.88340226358129	576	148	164	13	273	162	36	7	65	40	0	0	3.819408655166626	46160	2188.212916612625	43085	6.661611785095317	
-750214.5563732681	98.95	8.025	120.3	72.8375	-58.88340226358129	577	148	138	10	177	106	51	7	65	40	0	0	3.8350000381469727	46240	2192.047916650772	43161	6.658737024221452	
-662698.1742414184	98.95	8.125	119.6	72.4	-58.88340226358129	578	148	134	10	153	92	54	7	65	40	0	0	3.8669207096099854	46320	2195.914837360382	43236	6.6580310880829074	
-937748.5961842708	100.0	8.253164556962025	120.69620253164557	73.0506329113924	-58.88340226358129	579	149	153	12.0	201.0	120.0	47	7.0	65.0	40.0	0	0	3.8451855182647705	46400	2199.760022878647	43311	6.65732758620689	
-575185.668343075	99.75	8.3	124.8	75.4625	-58.88340226358129	580	149	138	13	241	143	62	7	65	40	0	0	4.0354766845703125	46480	2203.795499563217	43387	6.654475043029265	
-562677.5006990052	99.7	8.012658227848101	115.73417721518987	70.16455696202532	-58.88340226358129	581	150	148	10.0	177.0	106.0	52	7.0	73.0	45.0	0	0	3.6258201599121094	46560	2207.4213197231293	43461	6.655927835051543	
-887651.2071758816	100.0	8.1625	124.3	75.1625	-58.88340226358129	582	150	125	11	201	120	75	7	65	40	0	0	3.9666342735290527	46640	2211.3879539966583	43536	6.655231560891934	
-962730.1091838137	100.0	8.075	117.7	71.3	-58.88340226358129	583	150	140	12	217	129	60	7	65	40	0	0	3.723238706588745	46720	2215.111192703247	43610	6.656678082191775	
-937675.3079346617	101.4875	8.1375	123.4	74.6625	-58.88340226358129	584	150	140	11	193	115	64	7	73	45	0	0	3.8402175903320312	46800	2218.951410293579	43684	6.658119658119659	
-662697.09287224	101.0	8.1375	123.4	74.65	-58.88340226358129	585	150	140	13	249	148	68	7	65	40	0	0	3.9413158893585205	46880	2222.8927261829376	43759	6.657423208191133	
-525178.3359744245	100.075	7.9875	119.1	72.15	-58.88340226358129	586	150	144	9	153	92	56	7	65	40	0	0	3.5691046714782715	46960	2226.461830854416	43830	6.66524701873935	
-800162.0536172959	100.3375	8.050632911392405	119.48101265822785	72.36708860759494	-58.88335508154367	587	151	139	9.0	153.0	92.0	61	7.0	73.0	45.0	0	0	3.6299257278442383	47040	2230.09175658226	43902	6.670918367346928	
-1212776.763421733	100.0	8.025	119.2	72.1875	-58.88335508154367	588	151	132	10	153	92	68	7	73	45	0	0	3.7703027725219727	47120	2233.862059354782	43976	6.672325976230894	
-737739.7676929105	100.0	7.949367088607595	118.0632911392405	71.55696202531645	-58.88335508154367	589	152	147	9.0	153.0	92.0	53	7.0	65.0	40.0	0	0	3.6070685386657715	47200	2237.469127893448	44049	6.675847457627114	
-1075168.7244635676	101.1	8.1375	122.3	74.0	-58.883343381691255	590	152	192	11	201	120	46	6	57	35	0	0	3.878422975540161	47280	2241.347550868988	44124	6.675126903553291	
-550181.3640138071	100.0	8.05	122.1	73.925	-58.883343381691255	591	152	122	10	153	92	78	7	73	45	0	0	3.754734516143799	47360	2245.102285385132	44198	6.676520270270274	
-750142.3089515088	100.0	8.126582278481013	123.83544303797468	74.89873417721519	-58.883343381691255	592	153	158	10.0	177.0	106.0	42	7.0	73.0	45.0	0	0	3.960127830505371	47440	2249.062413215637	44273	6.675801011804381	
-1050148.0889953575	101.2375	8.1125	124.5	75.3	-58.883343381691255	593	153	127	11	201	120	76	6	57	35	0	0	3.942121982574463	47520	2253.0045351982117	44349	6.672979797979792	
-712654.1008516545	100.1125	8.05	122.9	74.375	-58.883343381691255	594	153	143	9	153	92	74	7	65	40	0	0	3.860776424407959	47600	2256.8653116226196	44425	6.670168067226882	
-1112702.495137732	100.325	8.1375	119.1	72.1	-58.883343381691255	595	153	151	10	169	101	49	7	65	40	0	0	3.9160757064819336	47680	2260.7813873291016	44501	6.6673657718120865	
-887728.1493975254	100.0	8.05	117.4	71.125	-58.883343381691255	596	153	164	11	193	115	36	6	57	35	0	0	3.7744462490081787	47760	2264.5558335781097	44576	6.666666666666671	
-962679.6765671782	99.925	8.1625	118.3	71.625	-58.883343381691255	597	153	136	11	193	115	64	7	65	40	0	0	3.8477213382720947	47840	2268.403554916382	44650	6.668060200668904	
-875167.5336316496	100.2375	8.192307692307692	118.43589743589743	71.6923076923077	-58.883343381691255	598	155	138	11.0	169.0	101.0	62	6.0	57.0	35.0	0	0	3.832289457321167	47920	2272.235844373703	44723	6.6715358931552515	
-1037654.1941651903	99.525	8.1375	121.9	73.75	-58.883343381691255	599	155	121	12	193	115	74	7	65	40	0	0	3.9854655265808105	48000	2276.221309900284	44799	6.668750000000003	
-887718.2916133996	100.175	8.1	121.2	73.3375	-58.883343381691255	600	155	119	11	193	115	81	6	57	35	0	0	3.9970767498016357	48080	2280.2183866500854	44875	6.665973377703821	
-687727.0977710637	101.825	8.0875	118.6	71.8375	-58.883343381691255	601	155	165	11	177	106	35	7	65	40	0	0	3.8272464275360107	48160	2284.0456330776215	44951	6.663205980066451	
-1062744.1659418822	102.4625	8.2125	118.8	71.925	-58.883343381691255	602	155	144	12	225	134	56	7	65	40	0	0	3.8689796924591064	48240	2287.9146127700806	45025	6.664593698175793	
-1350251.5814140376	103.0	8.0375	118.7	71.9	-58.883343381691255	603	155	142	10	177	106	67	7	73	45	0	0	3.7585837841033936	48320	2291.673196554184	45100	6.663907284768214	
-937696.3049412903	101.125	8.025	119.9	72.6	-58.883343381691255	604	155	158	10	153	92	42	7	65	40	0	0	3.8048651218414307	48400	2295.4780616760254	45175	6.663223140495873	
-525155.1647240509	100.0	8.125	122.6	74.175	-58.883343381691255	605	155	130	10	177	106	70	7	65	40	0	0	3.923189401626587	48480	2299.401251077652	45251	6.66047854785478	
-1250111.6263559652	100.0	8.2125	124.5	75.2625	-58.881568118370964	606	155	141	11	169	101	59	6	57	35	0	0	4.009193658828735	48560	2303.4104447364807	45326	6.65980230642505	
-1175198.9499811972	100.2125	8.08860759493671	116.74683544303798	70.73417721518987	-58.881568118370964	607	156	150	10.0	153.0	92.0	50	7.0	65.0	40.0	0	0	3.7653307914733887	48640	2307.175775527954	45401	6.659128289473685	
-687771.5571474031	100.0625	8.113924050632912	119.48101265822785	72.36708860759494	-58.881568118370964	608	157	109	10.0	177.0	106.0	91	7.0	73.0	45.0	0	0	3.708850383758545	48720	2310.8846259117126	45475	6.660509031198686	
-350159.20254020195	100.075	8.0125	117.7	71.325	-58.881568118370964	609	157	170	10	177	106	30	7	65	40	0	0	3.7253329753875732	48800	2314.6099588871	45550	6.659836065573771	
-1312686.3227648833	102.225	7.975	111.1	67.4375	-58.881568118370964	610	157	153	10	177	106	68	7	73	45	0	0	3.682394504547119	48880	2318.2923533916473	45626	6.65711947626842	
-950232.2247392719	102.775	8.1125	115.3	69.8875	-58.881568118370964	611	157	153	10	177	106	52	6	57	35	0	0	3.6924636363983154	48960	2321.9848170280457	45700	6.658496732026137	
-662807.8361055979	104.0625	8.0875	118.2	71.6125	-58.881568118370964	612	157	197	10	177	106	40	7	65	40	0	0	3.7916600704193115	49040	2325.776477098465	45776	6.655791190864605	
-687712.3456345724	102.25	8.075949367088608	123.53164556962025	74.72151898734177	-58.881568118370964	613	158	197	9.0	177.0	106.0	70	6.0	57.0	35.0	0	0	3.876585006713867	49120	2329.653062105179	45850	6.657166123778495	
-1062654.0431110633	98.7625	8.075949367088608	120.49367088607595	72.9493670886076	-58.881568118370964	614	159	154	11.0	193.0	115.0	46	7.0	65.0	40.0	0	0	3.7847955226898193	49200	2333.4378576278687	45924	6.658536585365852	
-875131.2869730573	100.5375	8.075	120.8	73.125	-58.881568118370964	615	159	171	12	193	115	29	7	65	40	0	0	3.672175884246826	49280	2337.1100335121155	45996	6.663961038961048	
-900174.0032591715	101.775	8.1375	122.1	73.875	-58.88156336060784	616	159	189	11	193	115	55	7	65	40	0	0	3.975724220275879	49360	2341.0857577323914	46071	6.663290113452192	
-700232.600433146	103.65	8.15	119.5	72.325	-58.88156336060784	617	159	171	11	193	115	47	7	65	40	0	0	3.9889869689941406	49440	2345.0747447013855	46147	6.660598705501613	
-1425215.7258486014	101.4375	8.329113924050633	120.69620253164557	73.0126582278481	-58.88156336060784	618	160	171	11.0	177.0	106.0	30	7.0	65.0	40.0	0	0	3.8463258743286133	49520	2348.921070575714	46220	6.663974151857829	
-762640.2774761064	100.0	8.0375	115.8	70.1875	-58.88156336060784	619	160	150	11	169	101	50	6	57	35	0	0	3.671219825744629	49600	2352.5922904014587	46293	6.6673387096774235	
-800201.2623622153	100.3125	7.95	112.5	68.2625	-58.88156336060784	620	160	154	11	177	106	46	6	57	35	0	0	3.6000072956085205	49680	2356.1922976970673	46367	6.66867954911433	
-875192.0779379305	100.0125	8.2125	120.0	72.65	-58.88156336060784	621	160	145	11	177	106	55	7	65	40	0	0	3.770714521408081	49760	2359.9630122184753	46441	6.670016077170416	
-912687.2167635331	99.7125	8.037974683544304	119.07594936708861	72.12658227848101	-58.88156336060784	622	161	147	10.0	177.0	106.0	35	7.0	73.0	45.0	0	0	3.694399833679199	49840	2363.6574120521545	46514	6.673354735152486	
-887713.6498325262	102.0375	8.05	116.6	70.65	-58.88156336060784	623	161	165	10	201	120	68	7	65	40	0	0	3.675621271133423	49920	2367.333033323288	46586	6.678685897435898	
-1387666.7868000648	100.0	8.05	118.7	71.8875	-58.88156336060784	624	161	142	10	177	106	58	6	57	35	0	0	3.776350498199463	50000	2371.1093838214874	46660	6.679999999999993	
-1175142.7136334819	101.1375	8.1	117.5	71.1875	-58.88156336060784	625	161	142	10	177	106	61	7	65	40	0	0	3.8293516635894775	50080	2374.938735485077	46736	6.677316293929721	
-300180.5665037072	99.275	8.1625	122.5	74.1375	-58.88156336060784	626	161	127	12	241	143	71	7	65	40	0	0	3.934431791305542	50160	2378.8731672763824	46812	6.67464114832535	
-650159.3381824733	100.0	8.1	119.7	72.4875	-58.88156336060784	627	161	154	11	177	106	46	7	65	40	0	0	3.8046951293945312	50240	2382.677862405777	46887	6.673964968152873	
-825189.9074910599	99.675	8.1	121.5	73.5625	-58.88156336060784	628	161	141	11	177	106	58	7	73	45	0	0	3.8164727687835693	50320	2386.4943351745605	46963	6.671303656597772	
-1025309.4582918694	99.8	8.0625	114.8	69.5875	-58.88156336060784	629	161	141	10	153	92	59	7	65	40	0	0	3.7743279933929443	50400	2390.2686631679535	47038	6.6706349206349245	
-950278.430280702	98.725	8.2375	119.3	72.2	-58.88156336060784	630	161	162	11	193	115	38	6	57	35	0	0	3.98942232131958	50480	2394.258085489273	47114	6.667987321711564	
-975168.785579434	100.425	8.1125	118.3	71.6375	-58.88156336060784	631	161	141	10	153	92	59	7	65	40	0	0	3.898685932159424	50560	2398.1567714214325	47189	6.667325949367083	
-975196.6025242064	100.5	8.15	119.6	72.4	-58.88156336060784	632	161	148	10	153	92	59	7	73	45	0	0	3.6688332557678223	50640	2401.8256046772003	47260	6.674565560821492	
-837666.315789875	100.0	8.1625	123.0	74.4125	-58.88156336060784	633	161	133	11	201	120	67	6	57	35	0	0	3.770367383956909	50720	2405.595972061157	47332	6.679810725552045	
-725230.7717948754	99.9125	8.0625	119.7	72.4875	-58.88156336060784	634	161	141	10	169	101	59	7	65	40	0	0	3.7616827487945557	50800	2409.357654809952	47406	6.681102362204726	
-1050149.9132913519	100.0	8.0125	120.5	72.95	-58.88156336060784	635	161	164	9	153	92	36	7	65	40	0	0	3.827183961868286	50880	2413.18483877182	47481	6.680424528301884	
-775191.1739862582	100.1625	8.35	126.3	76.325	-58.88156336060784	636	161	172	11	193	115	28	7	65	40	0	0	4.07562255859375	50960	2417.260461330414	47557	6.67778649921506	
-725189.9828975365	100.0	8.1875	124.1	75.0625	-58.88156336060784	637	161	120	9	153	92	80	7	73	45	0	0	3.904430866241455	51040	2421.1648921966553	47632	6.677115987460809	
-575211.4230757474	100.0	8.225	124.6	75.35	-58.88156336060784	638	161	151	12	241	143	49	7	65	40	0	0	3.8784265518188477	51120	2425.043318748474	47705	6.680359937402187	
-500187.16313695535	99.3	8.164556962025317	122.41772151898734	74.0886075949367	-58.88156336060784	639	162	146	11.0	193.0	115.0	54	7.0	73.0	45.0	0	0	3.749462127685547	51200	2428.7927808761597	47779	6.681640625	
-537758.7186545695	100.0	8.075	118.4	71.7125	-58.88156336060784	640	162	143	12	217	129	57	7	73	45	0	0	3.748516798019409	51280	2432.541297674179	47853	6.6829173166926665	
-1237715.3777654825	100.6	8.225	121.4	73.4625	-58.88156336060784	641	162	144	11	217	129	56	7	73	45	0	0	3.886622905731201	51360	2436.4279205799103	47928	6.682242990654203	
-1212692.1114128917	100.0	8.05	118.3	71.6375	-58.88156336060784	642	162	121	10	153	92	79	6	57	35	0	0	3.8440659046173096	51440	2440.2719864845276	48003	6.6815707620528855	
-500234.3166613102	99.5875	8.1875	122.4	74.075	-58.88156336060784	643	162	149	13	217	129	51	7	73	45	0	0	3.8580071926116943	51520	2444.1299936771393	48079	6.678959627329192	
-1162721.339286304	99.85	8.1875	122.6	74.1625	-58.88156336060784	644	162	149	10	153	92	51	7	65	40	0	0	3.894749402999878	51600	2448.024743080139	48154	6.678294573643413	
-512708.1403448574	100.7	8.175	124.0	74.9875	-58.88156336060784	645	162	145	10	201	120	55	7	65	40	0	0	3.9691083431243896	51680	2451.9938514232635	48229	6.67763157894737	
-550190.9739386892	99.85	8.125	121.9	73.775	-58.88156336060784	646	162	113	10	177	106	87	7	65	40	0	0	3.806732416152954	51760	2455.8005838394165	48303	6.67890262751159	
-887673.4936370682	100.0	8.175	121.4	73.4875	-58.88156336060784	647	162	141	10	153	92	59	7	65	40	0	0	3.777130126953125	51840	2459.5777139663696	48378	6.678240740740733	
-1250240.8612974708	100.0625	8.15	117.5	71.1625	-58.88156336060784	648	162	133	11	193	115	67	6	57	35	0	0	3.744563579559326	51920	2463.322277545929	48451	6.681432973805855	
-850216.7238249475	100.2	8.0875	119.5	72.3625	-58.88156336060784	649	162	132	11	201	120	68	6	57	35	0	0	3.8067703247070312	52000	2467.129047870636	48526	6.680769230769229	
-1262671.000931445	99.5875	7.9875	116.9	70.825	-58.88156336060784	650	162	135	10	177	106	65	7	65	40	0	0	3.705575942993164	52080	2470.834623813629	48599	6.683947772657447	
-837661.4702919114	101.125	8.225	125.1	75.625	-58.88156336060784	651	162	173	12	225	134	55	7	65	40	0	0	3.9911348819732666	52160	2474.8257586956024	48674	6.683282208588963	
-1012693.7476610367	100.0	8.1	121.3	73.4125	-58.88156336060784	652	162	145	12	217	129	55	7	65	40	0	0	3.9597327709198	52240	2478.785491466522	48750	6.680704441041357	
-1050215.5389328233	99.55	8.125	121.4	73.475	-58.88156336060784	653	162	138	10	177	106	62	7	65	40	0	0	3.822315216064453	52320	2482.6078066825867	48824	6.681957186544338	
-1000141.0239852332	98.9375	8.3375	127.6	77.1125	-58.88156336060784	654	162	130	12	193	115	65	7	73	45	0	0	3.942636728286743	52400	2486.5504434108734	48899	6.681297709923655	
-750245.1591527457	100.075	8.2625	122.9	74.35	-58.88156336060784	655	162	130	11	193	115	70	6	57	35	0	0	3.8181569576263428	52480	2490.3686003684998	48973	6.682545731707307	
-1412695.4571081672	100.825	8.175	121.7	73.65	-58.88156336060784	656	162	141	12	201	120	59	7	65	40	0	0	3.884807586669922	52560	2494.2534079551697	49049	6.679984779299858	
-987712.5138721928	101.8375	8.215189873417721	118.9746835443038	72.0253164556962	-58.88156336060784	657	163	149	10.0	177.0	106.0	51	7.0	65.0	40.0	0	0	3.803661346435547	52640	2498.057069301605	49123	6.681231003039514	
-1300107.4671109398	101.1625	8.2375	123.4	74.6375	-58.88156336060784	658	163	129	11	169	101	71	7	65	40	0	0	3.935610294342041	52720	2501.9926795959473	49199	6.678679817905916	
-1150220.2622441151	101.3625	8.126582278481013	118.67088607594937	71.84810126582279	-58.88156336060784	659	164	138	10.0	177.0	106.0	44	6.0	57.0	35.0	0	0	3.7817041873931885	52800	2505.7743837833405	49272	6.681818181818173	
-912728.1885886748	100.4125	8.0875	119.6	72.4125	-58.88156336060784	660	164	143	10	177	106	57	7	65	40	0	0	3.908440113067627	52880	2509.682823896408	49347	6.681164901664147	
-862675.9776176338	101.65	8.1875	123.1	74.475	-58.88156336060784	661	164	182	10	177	106	56	7	73	45	0	0	3.845909833908081	52960	2513.528733730316	49421	6.682401812688823	
-775140.1665166195	100.15	8.2875	126.6	76.525	-58.88156336060784	662	164	128	11	193	115	92	6	57	35	0	0	3.9946258068084717	53040	2517.5233595371246	49497	6.67986425339366	
-900173.6294188902	100.7	8.2375	121.3	73.3875	-58.88156336060784	663	164	165	12	225	134	35	7	73	45	0	0	3.9334421157836914	53120	2521.4568016529083	49572	6.67921686746989	
-787662.6568844821	101.05	8.064102564102564	117.71794871794872	71.28205128205128	-58.88156336060784	664	166	154	11.0	201.0	120.0	46	6.0	57.0	35.0	0	0	3.8002078533172607	53200	2525.2570095062256	49645	6.682330827067673	
-1012662.37104853	100.7	8.25	122.6	74.1625	-58.88156336060784	665	166	130	12	201	120	74	7	73	45	0	0	3.92952823638916	53280	2529.1865377426147	49720	6.681681681681681	
-725220.7793137755	100.0	8.0125	116.9	70.825	-58.88156336060784	666	166	152	10	177	106	48	7	65	40	0	0	3.744356155395508	53360	2532.9308938980103	49793	6.684782608695656	
-1150170.4839346264	100.0	8.15	122.7	74.225	-58.88156336060784	667	166	145	11	193	115	55	6	57	35	0	0	3.9581282138824463	53440	2536.8890221118927	49869	6.682260479041915	
-500166.4401459719	99.15	8.3125	127.9	77.3	-58.88156336060784	668	166	110	11	201	120	66	7	73	45	0	0	3.961439609527588	53520	2540.8504617214203	49945	6.679745889387149	
-1375133.108427473	99.475	8.0875	118.9	72.0125	-58.88156336060784	669	166	131	11	193	115	69	7	65	40	0	0	3.7855591773986816	53600	2544.636020898819	50020	6.6791044776119435	
-1437819.4686094045	100.0	8.1875	119.9	72.575	-58.88156336060784	670	166	162	13	273	162	38	7	65	40	0	0	3.8588430881500244	53680	2548.494863986969	50095	6.678464977645305	
-675211.9269243297	100.225	8.1875	123.0	74.425	-58.88156336060784	671	166	142	11	201	120	58	7	65	40	0	0	3.771916389465332	53760	2552.2667803764343	50169	6.6796875	
-800196.694832627	99.675	8.2125	124.1	75.05	-58.88156336060784	672	166	132	11	177	106	68	7	65	40	0	0	4.042865514755249	53840	2556.3096458911896	50245	6.677191679049031	
-1075137.974833949	99.575	8.1	122.7	74.2375	-58.88156336060784	673	166	130	11	201	120	70	7	65	40	0	0	3.9251129627227783	53920	2560.2347588539124	50321	6.674703264094944	
-900172.9291802759	100.8125	8.225	124.7	75.4	-58.88156336060784	674	166	153	11	177	106	53	7	65	40	0	0	3.9513933658599854	54000	2564.1861522197723	50396	6.6740740740740705	
-962641.593157817	100.8375	8.25	123.4	74.65	-58.88156336060784	675	166	163	11	169	101	37	7	65	40	0	0	3.811500072479248	54080	2567.9976522922516	50470	6.675295857988161	
-675193.7977964677	100.0	8.325	127.0	76.725	-58.88156336060784	676	166	125	11	193	115	75	6	57	35	0	0	4.063990354537964	54160	2572.0616426467896	50545	6.674667651403254	
-1125159.3922308623	100.1	8.215189873417721	123.63291139240506	74.78481012658227	-58.88156336060784	677	167	151	12.0	193.0	115.0	49	7.0	65.0	40.0	0	0	3.779873847961426	54240	2575.841516494751	50618	6.677728613569329	
-625180.768690699	100.0	8.0625	121.5	73.55	-58.88156336060784	678	167	154	9	153	92	46	6	57	35	0	0	3.791130781173706	54320	2579.6326472759247	50693	6.677098674521346	
-550176.499871929	100.0	8.2	123.3	74.6	-58.88156336060784	679	167	149	10	153	92	51	7	65	40	0	0	3.8175554275512695	54400	2583.450202703476	50768	6.67647058823529	
-737674.9512831934	99.95	8.3	125.6	75.9125	-58.88156336060784	680	167	146	11	193	115	54	7	65	40	0	0	4.018911123275757	54480	2587.4691138267517	50843	6.675844346549198	
-387640.8852163859	100.0	8.2625	124.7	75.4375	-58.88156336060784	681	167	113	10	177	106	87	7	65	40	0	0	3.80134654045105	54560	2591.2704603672028	50918	6.675219941348971	
-737662.5604640425	100.0	8.240506329113924	123.12658227848101	74.50632911392405	-58.88156336060784	682	168	148	12.0	193.0	115.0	52	7.0	73.0	45.0	0	0	3.7053234577178955	54640	2594.9757838249207	50990	6.680087847730604	
-500274.07069831033	98.7125	8.2875	123.3	74.5875	-58.88156336060784	683	168	131	13	249	148	47	7	73	45	0	0	3.815784454345703	54720	2598.7915682792664	51064	6.681286549707593	
-1200183.0360815115	101.2875	8.2	119.6	72.4	-58.88156336060784	684	168	140	12	201	120	60	6	57	35	0	0	3.880126714706421	54800	2602.671694993973	51139	6.680656934306569	
-412699.73767085135	100.1875	8.2625	124.7	75.3875	-58.88156336060784	685	168	150	10	177	106	50	7	65	40	0	0	3.9446442127227783	54880	2606.6163392066956	51213	6.681851311953352	
-600197.9087417912	100.4	8.2375	126.8	76.625	-58.88156336060784	686	168	141	11	201	120	59	7	65	40	0	0	3.9966161251068115	54960	2610.6129553318024	51286	6.6848617176128045	
-1037635.0158966994	102.1125	8.2	125.3	75.7625	-58.88156336060784	687	168	137	11	249	148	70	7	73	45	0	0	3.9308688640594482	55040	2614.543824195862	51361	6.684229651162781	
-600220.3540255228	100.0	8.15	121.2	73.375	-58.88156336060784	688	168	132	10	153	92	68	7	65	40	0	0	3.727385997772217	55120	2618.271210193634	51435	6.68541364296081	
-962700.4985118773	100.0	8.2	125.2	75.7125	-58.88156336060784	689	168	137	13	289	171	63	7	73	45	0	0	3.974012613296509	55200	2622.2452228069305	51510	6.684782608695656	
-812780.7849462442	100.0	8.1	119.8	72.55	-58.88156336060784	690	168	132	10	153	92	68	6	57	35	0	0	3.6746432781219482	55280	2625.9198660850525	51583	6.687771345875532	
-1187647.2609646218	101.7875	8.20253164556962	121.9113924050633	73.75949367088607	-58.88156336060784	691	169	148	10.0	177.0	106.0	52	7.0	73.0	45.0	0	0	3.7969858646392822	55360	2629.7168519496918	51656	6.690751445086704	
-725216.776183684	100.0	8.151898734177216	120.0886075949367	72.70886075949367	-58.88156336060784	692	170	163	11.0	201.0	120.0	37	7.0	73.0	45.0	0	0	3.797898292541504	55440	2633.5147502422333	51731	6.690115440115434	
-1100284.1871566237	100.0	8.0875	116.4	70.5	-58.88156336060784	693	170	161	10	201	120	39	7	65	40	0	0	3.892839193344116	55520	2637.4075894355774	51806	6.689481268011534	
-1262846.1575256917	99.4	8.177215189873417	120.18987341772151	72.75949367088607	-58.88156336060784	694	171	145	10.0	177.0	106.0	44	7.0	65.0	40.0	0	0	3.735440492630005	55600	2641.1430299282074	51880	6.690647482014384	
-875184.2408723515	101.125	8.225	123.0	74.4125	-58.88156336060784	695	171	145	10	177	106	60	7	65	40	0	0	3.8929381370544434	55680	2645.035968065262	51956	6.688218390804607	
-1050166.0764855787	100.0	8.05	123.5	74.725	-58.88156336060784	696	171	131	9	153	92	69	7	65	40	0	0	3.7284018993377686	55760	2648.7643699645996	52029	6.691176470588232	
-925166.4834261922	101.0875	8.15	125.1	75.6625	-58.88156336060784	697	171	157	10	201	120	43	6	57	35	0	0	3.8777496814727783	55840	2652.6421196460724	52104	6.690544412607451	
-587647.4700171404	100.725	8.175	126.3	76.375	-58.88156336060784	698	171	159	11	201	120	41	7	65	40	0	0	3.890620231628418	55920	2656.532739877701	52179	6.689914163090123	
-1000195.9827150498	100.0	8.0625	121.3	73.4125	-58.88156336060784	699	171	150	11	193	115	50	7	65	40	0	0	3.907698392868042	56000	2660.440438270569	52255	6.6875	
-737718.9657972523	100.0	8.063291139240507	119.48101265822785	72.32911392405063	-58.88156336060784	700	172	171	11.0	193.0	115.0	29	6.0	57.0	35.0	0	0	3.83170485496521	56080	2664.272143125534	52329	6.688659058487872	
-1125253.4980374787	100.0	8.1125	119.3	72.2375	-58.88156336060784	701	172	160	10	177	106	40	7	65	40	0	0	3.9048776626586914	56160	2668.1770207881927	52405	6.686253561253565	
-1100210.2709364558	100.425	8.1875	118.8	71.9375	-58.88156336060784	702	172	130	12	201	120	70	7	65	40	0	0	3.8361995220184326	56240	2672.013220310211	52480	6.685633001422474	
-1225235.633542065	100.0	8.25	119.3	72.2375	-58.88156336060784	703	172	136	12	201	120	64	7	73	45	0	0	3.8880741596221924	56320	2675.9012944698334	52556	6.683238636363626	
-887726.3823188811	100.0	8.1375	115.6	70.0875	-58.88156336060784	704	172	140	13	249	148	60	7	65	40	0	0	3.6879420280456543	56400	2679.589236497879	52632	6.680851063829778	
-1037704.5260323628	101.0	8.225	121.1	73.3	-58.88156336060784	705	172	140	10	153	92	62	7	65	40	0	0	3.771028757095337	56480	2683.3602652549744	52706	6.682011331444755	
-762704.1035186194	100.0	8.275	121.6	73.6	-58.88156336060784	706	172	131	12	201	120	69	7	65	40	0	0	3.796656608581543	56560	2687.156921863556	52781	6.681400282885434	
-987691.1543511344	100.075	8.2125	119.2	72.1875	-58.88156336060784	707	172	132	12	225	134	68	7	73	45	0	0	3.7181053161621094	56640	2690.875027179718	52855	6.682556497175142	
-1150199.5840244286	99.9	8.05	116.4	70.5375	-58.88156336060784	708	172	148	10	177	106	52	6	57	35	0	0	3.7424402236938477	56720	2694.617467403412	52930	6.681946403385055	
-1087712.1748290379	99.85	8.3	120.1	72.7	-58.88156336060784	709	172	147	14	241	143	52	7	65	40	0	0	3.7958662509918213	56800	2698.4133336544037	53004	6.683098591549296	
-825194.5612901229	98.55	8.325	120.9	73.1875	-58.88156336060784	710	172	149	12	201	120	51	7	73	45	0	0	3.82881498336792	56880	2702.2421486377716	53079	6.682489451476798	
-1012784.0842410007	97.7625	8.2	119.6	72.425	-58.88156336060784	711	172	134	12	225	134	57	7	65	40	0	0	3.7435193061828613	56960	2705.9856679439545	53152	6.68539325842697	
-1462709.295034573	98.3875	8.0125	115.6	70.0625	-58.88156336060784	712	172	125	11	193	115	62	7	65	40	0	0	3.774686813354492	57040	2709.760354757309	53227	6.684782608695656	
-837636.2689670683	99.275	8.164556962025317	120.39240506329114	72.88607594936708	-58.88156336060784	713	173	155	10.0	177.0	106.0	45	7.0	73.0	45.0	0	0	3.693419933319092	57120	2713.453774690628	53300	6.687675070028007	
-837754.5161469836	100.0	8.1625	120.2	72.75	-58.88156336060784	714	173	149	11	169	101	51	7	65	40	0	0	3.873419761657715	57200	2717.3271944522858	53375	6.687062937062933	
-100203.07053243641	100.3875	8.2625	127.1	76.8375	-58.88156336060784	715	173	160	11	201	120	40	7	73	45	0	0	3.9257149696350098	57280	2721.252909421921	53451	6.684706703910621	
-1062697.672211685	101.7875	8.0625	120.1	72.7	-58.88156336060784	716	173	144	9	177	106	63	6	57	35	0	0	3.9028255939483643	57360	2725.155735015869	53527	6.682357043235712	
-512695.6419074905	100.0	8.1125	125.0	75.6	-58.88156336060784	717	173	166	11	177	106	34	7	73	45	0	0	3.9318811893463135	57440	2729.0876162052155	53603	6.680013927576596	
-937725.0167976018	100.0	8.1	121.0	73.2375	-58.88156336060784	718	173	127	10	169	101	73	6	57	35	0	0	3.887700080871582	57520	2732.975316286087	53679	6.677677329624473	
-737585.7047874691	99.9	8.3	126.7	76.575	-58.88156336060784	719	173	127	10	153	92	75	7	73	45	0	0	3.90824294090271	57600	2736.8835592269897	53753	6.678819444444443	
-700153.0912522621	100.125	8.1625	122.0	73.8	-58.88156336060784	720	173	141	11	177	106	59	7	65	40	0	0	3.926548719406128	57680	2740.810107946396	53828	6.678224687933422	
-787637.7314417763	100.225	8.125	121.1	73.3125	-58.88156336060784	721	173	162	11	217	129	45	7	73	45	0	0	3.82254695892334	57760	2744.632654905319	53903	6.67763157894737	
-625168.0896985463	100.0	8.1125	123.4	74.675	-58.88156336060784	722	173	109	10	153	92	91	7	73	45	0	0	3.8223304748535156	57840	2748.4549853801727	53978	6.6770401106500685	
-762663.912540718	100.0	8.15	122.9	74.3625	-58.88156336060784	723	173	139	11	169	101	61	7	65	40	0	0	3.7790703773498535	57920	2752.2340557575226	54052	6.678176795580114	
-612746.8332896823	100.6375	8.0375	120.8	73.15	-58.88156336060784	724	173	149	10	177	106	51	7	65	40	0	0	3.684093475341797	58000	2755.9181492328644	54126	6.679310344827584	
-375143.298884727	100.4	8.1875	125.0	75.625	-58.88156336060784	725	173	141	11	201	120	69	7	73	45	0	0	3.654636859893799	58080	2759.572786092758	54198	6.683884297520663	
-775143.0285117453	100.0	8.2375	125.3	75.7625	-58.88156336060784	726	173	136	11	193	115	64	7	73	45	0	0	3.950145721435547	58160	2763.5229318141937	54273	6.683287482806051	
-1125151.5682956262	99.875	8.1	117.8	71.3625	-58.88156336060784	727	173	166	12	193	115	34	7	73	45	0	0	3.7094056606292725	58240	2767.232337474823	54347	6.684409340659343	
-687600.3502203224	99.925	8.1375	124.4	75.275	-58.88156336060784	728	173	136	10	177	106	64	7	73	45	0	0	3.7523624897003174	58320	2770.9846999645233	54422	6.683813443072708	
-700131.1302162744	99.55	8.1125	123.3	74.6	-58.88156336060784	729	173	129	12	217	129	64	7	65	40	0	0	3.8422179222106934	58400	2774.826917886734	54496	6.68493150684931	
-912670.1685176768	100.0	8.05	120.9	73.2	-58.88156336060784	730	173	155	10	153	92	45	6	57	35	0	0	3.6797397136688232	58480	2778.506657600403	54569	6.6877564979480155	
-1250231.5324415313	100.0	8.3	126.6	76.5	-58.88156336060784	731	173	147	15	265	157	53	7	65	40	0	0	4.039366245269775	58560	2782.5460238456726	54645	6.685450819672127	
-612703.6002294191	99.4	8.2375	126.0	76.1625	-58.88156336060784	732	173	134	12	225	134	66	7	65	40	0	0	4.013277292251587	58640	2786.559301137924	54721	6.683151432469302	
-800185.171481917	100.05	8.175	121.7	73.6375	-58.88156336060784	733	173	168	11	201	120	42	7	65	40	0	0	3.7656989097595215	58720	2790.3250000476837	54794	6.685967302452312	
-900185.4306167366	100.525	8.1125	116.4	70.5125	-58.88156336060784	734	173	151	10	153	92	56	7	65	40	0	0	3.8783035278320312	58800	2794.2033035755157	54870	6.683673469387756	
-775269.6418590905	101.925	8.1375	122.8	74.3	-58.88156336060784	735	173	162	11	201	120	38	7	65	40	0	0	3.7780263423919678	58880	2797.9813299179077	54943	6.68648097826086	
-750181.9896687454	100.075	8.175	121.9	73.775	-58.88156336060784	736	173	151	11	201	120	49	7	65	40	0	0	3.6975433826446533	58960	2801.6788733005524	55016	6.689280868385353	
-1275213.8400584604	101.8875	8.225	124.0	74.9875	-58.88156336060784	737	173	162	12	225	134	69	7	65	40	0	0	3.9427757263183594	59040	2805.6216490268707	55091	6.688685636856377	
-787708.455006935	100.75	8.2	123.4	74.65	-58.88156336060784	738	173	145	13	217	129	70	6	57	35	0	0	3.9087164402008057	59120	2809.5303654670715	55167	6.686400541271979	
-962677.1609782955	100.2375	8.325	126.9	76.6875	-58.88156336060784	739	173	165	12	241	143	35	7	65	40	0	0	4.031310081481934	59200	2813.5616755485535	55242	6.685810810810807	
-900190.6065561145	100.6	8.3625	125.6	75.925	-58.88156336060784	740	173	135	14	265	157	65	6	57	35	0	0	4.011476516723633	59280	2817.573152065277	55317	6.685222672064768	
-1437658.4001054459	100.525	8.275	122.6	74.175	-58.88156336060784	741	173	154	11	177	106	46	7	73	45	0	0	3.806577444076538	59360	2821.3797295093536	55391	6.686320754716974	
-1937681.4347051568	100.1125	8.2125	116.9	70.775	-58.88156336060784	742	173	180	11	201	120	20	7	65	40	0	0	3.9852442741394043	59440	2825.364973783493	55467	6.684051144010766	
-475147.0754230692	100.9375	8.225	123.3	74.6	-58.88156336060784	743	173	155	11	201	120	47	7	65	40	0	0	3.7425501346588135	59520	2829.107523918152	55540	6.686827956989248	
-762641.9615037385	99.45	8.1375	123.2	74.5375	-58.88156336060784	744	173	136	10	177	106	64	7	73	45	0	0	3.8593273162841797	59600	2832.966851234436	55615	6.68624161073825	
-1587720.2493794	100.0125	8.15	119.5	72.3	-58.88156336060784	745	173	128	11	201	120	72	6	57	35	0	0	4.029627561569214	59680	2836.9964787960052	55690	6.685656836461135	
-662615.3141443406	99.3125	8.1625	120.0	72.675	-58.88156336060784	746	173	132	10	153	92	68	7	65	40	0	0	3.786966323852539	59760	2840.783445119858	55766	6.6834002677376105	
-987680.695924396	100.0	8.1625	121.7	73.65	-58.88156336060784	747	173	128	11	193	115	72	6	57	35	0	0	3.840062379837036	59840	2844.623507499695	55840	6.684491978609628	
-975183.6935600996	100.0	8.1	119.0	72.0875	-58.88156336060784	748	173	144	11	169	101	56	7	65	40	0	0	3.679903507232666	59920	2848.3034110069275	55914	6.6855807743658175	
-725229.8212434174	100.0	8.1875	120.2	72.775	-58.88156336060784	749	173	161	11	169	101	39	7	65	40	0	0	3.9109668731689453	60000	2852.2143778800964	55990	6.683333333333337	
-900148.8772925141	100.0	8.35	124.0	74.975	-58.88156336060784	750	173	150	14	273	162	50	6	57	35	0	0	3.8766231536865234	60080	2856.091001033783	56064	6.684420772303596	
-1012684.084871304	101.85	8.05	118.5	71.7625	-58.88156336060784	751	173	145	10	201	120	79	7	65	40	0	0	3.669598340988159	60160	2859.760599374771	56136	6.688829787234042	
-725244.6430130729	101.1875	8.2125	123.0	74.4	-58.88156336060784	752	173	150	11	201	120	50	7	65	40	0	0	3.899625778198242	60240	2863.6602251529694	56210	6.689907038512615	
-1175218.9133331063	99.2875	8.025	116.7	70.6875	-58.88156336060784	753	173	145	10	153	92	54	6	57	35	0	0	3.781916379928589	60320	2867.442141532898	56284	6.6909814323607435	
-962637.9877024379	99.6	8.1875	122.2	73.95	-58.88156336060784	754	173	129	10	225	134	56	7	65	40	0	0	3.7506160736083984	60400	2871.1927576065063	56357	6.693708609271525	
-1600219.6077864333	99.2	8.3	123.8	74.85	-58.88156336060784	755	173	167	11	201	120	33	6	57	35	0	0	3.980938196182251	60480	2875.1736958026886	56432	6.693121693121697	
-1062716.1009466543	100.05	7.95	113.0	68.525	-58.88156336060784	756	173	136	9	153	92	41	6	57	35	0	0	3.6146416664123535	60560	2878.788337469101	56504	6.697490092470275	
-725158.160169264	99.2625	8.15	120.9	73.2	-58.88156336060784	757	173	151	11	177	106	49	7	65	40	0	0	3.770568370819092	60640	2882.55890583992	56579	6.696899736147756	
-1050163.0869741286	101.35	8.125	123.1	74.4875	-58.88156336060784	758	173	143	10	153	92	59	7	65	40	0	0	3.7957894802093506	60720	2886.3546953201294	56654	6.696310935441375	
-725212.1583636651	101.2625	8.125	119.4	72.3125	-58.88156336060784	759	173	136	10	177	106	78	6	57	35	0	0	3.7859585285186768	60800	2890.140653848648	56730	6.694078947368425	
-1250170.706723291	101.7125	8.1	118.6	71.825	-58.88156336060784	760	173	133	9	153	92	67	7	65	40	0	0	3.7593250274658203	60880	2893.899978876114	56804	6.695137976346913	
-887642.1321334479	100.65	8.25	124.9	75.525	-58.88156336060784	761	173	134	12	193	115	66	7	73	45	0	0	3.956482410430908	60960	2897.856461286545	56880	6.69291338582677	
-450150.6404757782	100.0	8.1375	126.3	76.375	-58.88156336060784	762	173	163	12	201	120	37	7	65	40	0	0	3.859429121017456	61040	2901.7158904075623	56955	6.6923328964613376	
-975154.711646246	100.0	8.15	118.7	71.8625	-58.88156336060784	763	173	148	11	193	115	52	7	65	40	0	0	3.8631997108459473	61120	2905.579090118408	57029	6.693390052356023	
-800160.3658145607	102.325	8.0875	120.9	73.2	-58.88156336060784	764	173	131	10	153	92	61	7	65	40	0	0	3.771263360977173	61200	2909.3503534793854	57103	6.694444444444443	
-600152.974315581	103.4875	8.1875	125.8	76.0875	-58.88156336060784	765	173	141	11	225	134	60	7	73	45	0	0	3.686246395111084	61280	2913.0365998744965	57175	6.698759791122711	
-1137740.7611335635	99.6	8.05	117.7	71.325	-58.88156336060784	766	173	159	10	153	92	41	7	65	40	0	0	3.693401336669922	61360	2916.7300012111664	57250	6.698174706649283	
-837646.8329695881	101.1625	8.15	121.7	73.625	-58.88156336060784	767	173	151	11	169	101	49	7	65	40	0	0	3.9095287322998047	61440	2920.639529943466	57325	6.697591145833343	
-1237665.372694561	100.0	8.175	121.3	73.4	-58.88156336060784	768	173	127	12	193	115	73	7	65	40	0	0	3.791062116622925	61520	2924.430592060089	57398	6.700260078023419	
-1425116.881854879	98.2125	8.0125	119.4	72.325	-58.88156336060784	769	173	134	10	177	106	66	7	65	40	0	0	3.744795083999634	61600	2928.1753871440887	57473	6.699675324675326	
-962729.4984260354	99.8625	8.1125	120.5	72.9625	-58.88156336060784	770	173	148	10	153	92	52	7	65	40	0	0	3.8351783752441406	61680	2932.010565519333	57549	6.697470817120617	
-787767.7072132307	100.025	8.1375	117.0	70.875	-58.88156336060784	771	173	148	12	217	129	55	7	65	40	0	0	3.891430377960205	61760	2935.901995897293	57625	6.695272020725383	
-900112.4872916037	99.6625	8.025	115.6	70.0625	-58.88156336060784	772	173	142	11	225	134	44	7	65	40	0	0	3.674084186553955	61840	2939.576080083847	57698	6.697930142302724	
-1325177.5506389267	98.6375	8.05	117.5	71.175	-58.88156336060784	773	173	154	11	177	106	46	7	65	40	0	0	3.7458322048187256	61920	2943.3219122886658	57772	6.698966408268731	
-400125.4440351141	100.0	8.164556962025317	124.54430379746836	75.34177215189874	-58.88156336060784	774	174	146	11.0	201.0	120.0	54	7.0	65.0	40.0	0	0	3.808711528778076	62000	2947.130623817444	57846	6.699999999999989	
-625134.6391883106	103.15	8.175	123.0	74.4	-58.88156336060784	775	174	146	10	177	106	74	7	65	40	0	0	3.7614588737487793	62080	2950.8920826911926	57918	6.704252577319593	
-1150283.7009272526	100.0	8.151898734177216	119.88607594936708	72.55696202531645	-58.88156336060784	776	175	138	11.0	201.0	120.0	62	7.0	65.0	40.0	0	0	3.7768123149871826	62160	2954.66889500618	57990	6.708494208494216	
-700172.2226124651	100.025	8.125	122.2	73.9625	-58.88156336060784	777	175	121	9	153	92	79	7	73	45	0	0	3.8020780086517334	62240	2958.4709730148315	58065	6.707904884318765	
-725131.2318701445	99.9375	8.15	121.4	73.5	-58.88156336060784	778	175	144	11	177	106	56	7	73	45	0	0	3.8216373920440674	62320	2962.2926104068756	58141	6.705712451861359	
-1012707.5485047646	100.1	8.0375	115.4	69.9625	-58.88156336060784	779	175	153	9	153	92	47	7	65	40	0	0	3.7540853023529053	62400	2966.0466957092285	58216	6.705128205128204	
-487683.10881041596	100.5375	8.0625	118.0	71.4875	-58.88156336060784	780	175	151	10	153	92	72	7	65	40	0	0	3.7591071128845215	62480	2969.805802822113	58290	6.706145966709343	
-737623.5394183155	100.475	8.225	124.9	75.55	-58.88156336060784	781	175	136	11	193	115	64	7	73	45	0	0	3.7741851806640625	62560	2973.579988002777	58363	6.7087595907928375	
-987751.9055708945	100.0625	8.0875	118.7	71.9	-58.88156336060784	782	175	149	11	201	120	51	7	65	40	0	0	3.8148880004882812	62640	2977.3948760032654	58438	6.708173690932313	
-1037662.3487341229	100.4	8.1	117.7	71.3	-58.88156336060784	783	175	160	11	201	120	40	7	65	40	0	0	3.8049182891845703	62720	2981.19979429245	58513	6.707589285714292	
-687683.5917985137	99.9	8.3	122.0	73.825	-58.88156336060784	784	175	148	11	201	120	52	7	73	45	0	0	3.8106203079223633	62800	2985.0104146003723	58587	6.708598726114644	
-1387724.4578498884	99.925	8.05	112.7	68.3375	-58.88156336060784	785	175	147	12	201	120	53	6	57	35	0	0	3.765293836593628	62880	2988.775708436966	58662	6.708015267175568	
-1062745.3207223674	103.0375	8.0375	111.6	67.725	-58.88156336060784	786	175	147	10	153	92	63	7	73	45	0	0	3.48641300201416	62960	2992.26212143898	58733	6.713786531130879	
-787789.0641280627	105.875	7.925	110.1	66.825	-58.88156336060784	787	175	179	11	201	120	68	6	57	35	0	0	3.660154104232788	63040	2995.922275543213	58808	6.713197969543145	
-1050253.280433073	100.875	8.05	115.8	70.1875	-58.88156336060784	788	175	150	10	153	92	57	7	65	40	0	0	3.7678511142730713	63120	2999.690126657486	58884	6.711026615969587	
-600193.7742009696	99.55	8.075	118.6	71.85	-58.88156336060784	789	175	131	11	217	129	69	6	57	35	0	0	3.713782548904419	63200	3003.4039092063904	58958	6.712025316455694	
-1012652.7149649486	100.0	8.075	118.4	71.7125	-58.88156336060784	790	175	134	10	153	92	66	6	57	35	0	0	3.7385201454162598	63280	3007.1424293518066	59032	6.7130214917825555	
-662632.3486541143	99.625	8.275	124.0	75.025	-58.88156336060784	791	175	133	11	177	106	67	7	73	45	0	0	3.864919662475586	63360	3011.007349014282	59107	6.712436868686865	
-1337808.0625905043	99.7875	8.1	116.6	70.625	-58.88156336060784	792	175	150	11	177	106	50	6	57	35	0	0	3.7994019985198975	63440	3014.806751012802	59182	6.711853720050442	
-912718.9488838797	99.675	8.2125	122.2	73.925	-58.88156336060784	793	175	152	12	201	120	48	7	65	40	0	0	3.8911032676696777	63520	3018.697854280472	59257	6.711272040302262	
-1237867.9748393693	100.35	8.1875	119.2	72.1375	-58.88156336060784	794	175	140	10	177	106	62	7	65	40	0	0	3.929250478744507	63600	3022.6271047592163	59332	6.710691823899367	
-1000190.77155312	100.35	8.2125	120.1	72.7125	-58.88156336060784	795	175	135	10	177	106	65	7	65	40	0	0	3.655433177947998	63680	3026.2825379371643	59405	6.7132537688442255	
-862703.3669202015	99.75	8.1625	120.2	72.7625	-58.88156336060784	796	175	153	11	201	120	47	6	57	35	0	0	3.8143019676208496	63760	3030.096839904785	59479	6.714240903387704	
-1162709.1218341151	97.9875	8.15	119.8	72.5375	-58.88156336060784	797	175	150	11	201	120	50	7	65	40	0	0	3.914241075515747	63840	3034.011080980301	59555	6.712092731829571	
-800165.9930126714	98.5125	8.1375	120.3	72.825	-58.88156336060784	798	175	149	11	201	120	50	7	65	40	0	0	3.728468656539917	63920	3037.739549636841	59628	6.714643304130163	
-850208.2943146421	100.9375	8.1125	121.6	73.6	-58.88156336060784	799	175	151	9	153	92	49	6	57	35	0	0	3.867892265319824	64000	3041.6074419021606	59703	6.714062499999997	
-762644.3003271989	100.6125	7.975	115.4	69.9625	-58.88156336060784	800	175	149	10	177	106	56	7	73	45	0	0	3.541807174682617	64080	3045.1492490768433	59774	6.719725343320846	
-950203.1273077454	100.325	8.275	121.1	73.2875	-58.88156336060784	801	175	143	13	241	143	57	7	65	40	0	0	3.8545007705688477	64160	3049.003749847412	59848	6.720698254364095	
-1000164.661089275	99.7375	8.0625	115.2	69.825	-58.88156336060784	802	175	149	11	193	115	51	7	65	40	0	0	3.6709794998168945	64240	3052.674729347229	59921	6.723225404732261	
-1200256.283976535	100.0	8.075	118.7	71.8875	-58.88156336060784	803	175	141	12	193	115	59	7	65	40	0	0	3.741276502609253	64320	3056.4160058498383	59995	6.724191542288565	
-662692.3751538388	101.8	8.025	119.8	72.55	-58.88156336060784	804	175	158	10	145	87	42	7	65	40	0	0	3.717974901199341	64400	3060.1339807510376	60069	6.725155279503099	
-675172.9194439951	101.2	8.08860759493671	118.36708860759494	71.69620253164557	-58.88156336060784	805	176	136	11.0	169.0	101.0	64	7.0	65.0	40.0	0	0	3.7552568912506104	64480	3063.889237642288	60143	6.726116625310169	
-1262668.370768522	102.25	8.225	120.7	73.05	-58.88156336060784	806	176	155	11	177	106	45	7	65	40	0	0	3.8340399265289307	64560	3067.723277568817	60218	6.725526641883519	
-625196.9628349704	101.35	8.341772151898734	123.83544303797468	74.89873417721519	-58.88156336060784	807	177	128	13.0	241.0	143.0	72	7.0	73.0	45.0	0	0	3.663783073425293	64640	3071.3870606422424	60288	6.7326732673267315	
-900157.2329953469	99.6625	8.275	123.8	74.8625	-58.88156336060784	808	177	150	11	201	120	50	7	65	40	0	0	3.8765039443969727	64720	3075.2635645866394	60362	6.733621755253395	
-1062649.0476771542	100.0	8.425	125.1	75.6125	-58.88156336060784	809	177	150	11	201	120	50	7	65	40	0	0	4.008273601531982	64800	3079.2718381881714	60438	6.731481481481481	
-825123.9577925175	100.35	8.325	127.1	76.8	-58.88150998048729	810	177	131	11	177	106	69	6	57	35	0	0	3.976102113723755	64880	3083.247940301895	60512	6.732429099876697	
-1125113.5083007894	99.475	8.3625	129.1	77.9625	-58.88150998048729	811	177	139	11	193	115	61	7	65	40	0	0	4.10064435005188	64960	3087.348584651947	60586	6.7333743842364555	
-750184.7211998947	100.0	8.225	124.2	75.1	-58.88150998048729	812	177	159	11	193	115	41	7	65	40	0	0	3.877549409866333	65040	3091.2261340618134	60660	6.73431734317343	
-700143.3398712017	100.0	8.0375	122.6	74.2	-58.88150998048729	813	177	130	9	153	92	70	7	73	45	0	0	3.8231382369995117	65120	3095.049272298813	60735	6.7337223587223605	
-475178.25698121125	101.2	8.2875	122.1	73.8875	-58.88150998048729	814	177	154	10	177	106	46	7	65	40	0	0	3.835908889770508	65200	3098.8851811885834	60810	6.733128834355824	
-550294.4606893596	99.05	8.1625	120.4	72.8625	-58.88150998048729	815	177	148	11	169	101	52	7	73	45	0	0	3.775956869125366	65280	3102.6611380577087	60882	6.737132352941174	
-825312.3221769705	99.725	8.0375	117.7	71.325	-58.88150998048729	816	177	151	11	193	115	49	7	65	40	0	0	3.741825819015503	65360	3106.4029638767242	60957	6.736536107711132	
-750206.9630655216	100.425	8.1625	122.2	73.95	-58.88150998048729	817	177	160	12	225	134	40	7	73	45	0	0	3.798579692840576	65440	3110.201543569565	61031	6.7374694376528055	
-1287658.6372298026	101.5875	8.0875	120.9	73.175	-58.88150998048729	818	177	152	11	177	106	48	7	65	40	0	0	3.860682487487793	65520	3114.0622260570526	61106	6.736874236874229	
-875292.25824055	102.875	8.2	119.9	72.575	-58.88150998048729	819	177	138	12	193	115	62	7	65	40	0	0	3.8277556896209717	65600	3117.8899817466736	61181	6.736280487804876	
-875211.2490913335	101.95	8.1375	118.8	71.925	-58.88150998048729	820	177	134	11	201	120	67	7	65	40	0	0	3.835415840148926	65680	3121.7253975868225	61256	6.735688185140077	
-800181.1282864936	102.1	8.175	122.4	74.0375	-58.88150998048729	821	177	159	11	193	115	73	6	57	35	0	0	3.877506971359253	65760	3125.6029045581818	61330	6.736618004866173	
-800141.3639532862	100.45	8.05	121.3	73.4375	-58.88150998048729	822	177	134	10	153	92	71	7	65	40	0	0	3.733405113220215	65840	3129.336309671402	61404	6.737545565006073	
-1037753.4177525683	100.0	8.3125	121.4	73.4875	-58.88150998048729	823	177	144	14	273	162	56	7	73	45	0	0	3.8977956771850586	65920	3133.234105348587	61480	6.735436893203882	
-562669.6661920873	99.85	8.2	118.0	71.5	-58.88150998048729	824	177	133	12	241	143	67	7	73	45	0	0	3.6737825870513916	66000	3136.9078879356384	61553	6.737878787878799	
-1162736.254235481	99.7	8.0625	113.9	69.1125	-58.88141592619705	825	177	133	11	177	106	67	7	65	40	0	0	3.5637893676757812	66080	3140.471677303314	61628	6.737288135593218	
-500123.27522267075	100.7	8.1625	120.0	72.675	-58.88141592619705	826	177	128	10	153	92	73	7	73	45	0	0	3.7501590251922607	66160	3144.2218363285065	61703	6.73669891172915	
-1012697.7474677038	99.7	8.025	117.9	71.4125	-58.88141592619705	827	177	128	9	153	92	72	6	57	35	0	0	3.8126168251037598	66240	3148.0344531536102	61778	6.736111111111114	
-425278.8667663325	100.0	8.125	121.4	73.4875	-58.88141592619705	828	177	153	10	177	106	47	7	65	40	0	0	3.873534679412842	66320	3151.907987833023	61854	6.734016887816651	
-1175205.6784171679	101.95	8.175	121.0	73.225	-58.88141592619705	829	177	157	12	249	148	43	7	65	40	0	0	3.8569750785827637	66400	3155.764962911606	61928	6.734939759036138	
-487655.94954863226	99.375	8.2125	122.1	73.9	-58.88141592619705	830	177	128	10	169	101	72	7	65	40	0	0	3.777320146560669	66480	3159.5422830581665	62003	6.734356197352582	
-875273.5728709754	100.4875	8.1875	116.6	70.6625	-58.88141592619705	831	177	165	10	169	101	35	7	73	45	0	0	3.7667596340179443	66560	3163.3090426921844	62079	6.732271634615387	
-750209.4835896303	100.0	8.1125	116.5	70.6	-58.88141592619705	832	177	155	10	153	92	45	7	65	40	0	0	3.7803471088409424	66640	3167.0893898010254	62155	6.730192076830733	
-537658.404218502	100.675	8.2625	123.9	74.9375	-58.88141592619705	833	177	154	12	201	120	46	7	73	45	0	0	3.884181499481201	66720	3170.9735713005066	62230	6.729616306954426	
-950203.925775107	100.65	8.25	123.2	74.525	-58.88141592619705	834	177	166	12	201	120	34	7	73	45	0	0	3.8207569122314453	66800	3174.794328212738	62304	6.730538922155688	
-625236.5804303081	99.125	8.20253164556962	120.79746835443038	73.10126582278481	-58.88141592619705	835	178	140	12.0	201.0	120.0	31	7.0	65.0	40.0	0	0	3.8164777755737305	66880	3178.6108059883118	62378	6.731459330143537	
-1037707.8117432913	99.575	8.1375	119.1	72.1	-58.88141592619705	836	178	148	10	177	106	52	7	65	40	0	0	3.901291847229004	66960	3182.5120978355408	62454	6.7293906810035935	
-1425258.8096104045	101.425	8.3	121.6	73.5375	-58.88141592619705	837	178	160	13	217	129	40	7	65	40	0	0	4.037569284439087	67040	3186.54966711998	62529	6.728818615751791	
-612712.7830306056	102.1625	8.3	124.4	75.225	-58.88141592619705	838	178	141	12	193	115	61	7	73	45	0	0	3.906765937805176	67120	3190.456433057785	62604	6.728247914183555	
-1300341.5052662191	101.65	8.1	119.0	72.025	-58.88141592619705	839	178	137	11	265	157	69	6	57	35	0	0	4.114182472229004	67200	3194.570615530014	62680	6.726190476190482	
-750182.186564299	100.5	8.1625	120.9	73.175	-58.88141592619705	840	178	140	10	225	134	60	6	57	35	0	0	3.918032646179199	67280	3198.4886481761932	62756	6.724137931034477	
-962668.957883823	99.775	8.0	118.3	71.6625	-58.88141592619705	841	178	130	9	153	92	70	7	65	40	0	0	3.8166167736053467	67360	3202.3052649497986	62832	6.722090261282659	
-700242.3735587795	99.625	7.949367088607595	115.63291139240506	70.0886075949367	-58.88141592619705	842	179	139	10.0	177.0	106.0	61	6.0	57.0	35.0	0	0	3.7210259437561035	67440	3206.0262908935547	62907	6.721530249110316	
-1300221.923677583	100.0	8.2	124.2	75.125	-58.88141592619705	843	179	138	11	193	115	87	7	65	40	0	0	3.960803508758545	67520	3209.9870944023132	62983	6.719490521327003	
-1225209.9203547114	100.6125	8.075	118.5	71.775	-58.88141592619705	844	179	136	9	177	106	64	7	65	40	0	0	3.7794482707977295	67600	3213.766542673111	63058	6.718934911242599	
-637754.6317976622	100.825	8.1125	119.8	72.525	-58.88141592619705	845	179	145	11	217	129	55	6	57	35	0	0	3.8642849922180176	67680	3217.630827665329	63132	6.719858156028366	
-812671.451375007	100.65	8.175	120.3	72.825	-58.88141592619705	846	179	154	10	153	92	46	6	57	35	0	0	3.776486396789551	67760	3221.4073140621185	63206	6.720779220779221	
-1112705.6470783255	100.1	8.275	123.8	74.875	-58.88141592619705	847	179	141	11	201	120	59	7	65	40	0	0	3.8586461544036865	67840	3225.265960216522	63280	6.721698113207552	
-800175.2266662368	100.0	8.1125	119.7	72.475	-58.88141592619705	848	179	159	10	169	101	41	7	65	40	0	0	3.8712620735168457	67920	3229.137222290039	63356	6.719670200235569	
-362783.0038609651	100.0	8.225	124.1	75.075	-58.88141592619705	849	179	151	12	249	148	49	7	65	40	0	0	3.8817737102508545	68000	3233.01899600029	63431	6.719117647058823	
-687743.451811596	101.3	8.1	118.7	71.8875	-58.88141592619705	850	179	169	12	201	120	61	7	65	40	0	0	3.809497117996216	68080	3236.828493118286	63506	6.718566392479445	
-1225254.4648180518	101.025	8.1375	118.6	71.8125	-58.88141592619705	851	179	144	12	193	115	56	7	65	40	0	0	3.855212450027466	68160	3240.6837055683136	63580	6.71948356807512	
-1112665.2705269048	100.5375	8.0375	120.4	72.9125	-58.88141592619705	852	179	148	10	177	106	52	7	65	40	0	0	3.7899858951568604	68240	3244.4736914634705	63656	6.717467760844073	
-1025252.368229413	100.075	8.0875	120.6	73.0125	-58.88141592619705	853	179	153	10	177	106	47	6	57	35	0	0	3.7779452800750732	68320	3248.2516367435455	63731	6.716920374707257	
-725163.3029334282	100.05	8.064102564102564	121.82051282051282	73.75641025641026	-58.88141592619705	854	181	164	11.0	241.0	143.0	36	7.0	73.0	45.0	0	0	3.605114698410034	68400	3251.8567514419556	63802	6.722222222222214	
-1000275.2759804388	100.1625	8.15	120.1	72.7	-58.88141592619705	855	181	170	12	201	120	30	7	65	40	0	0	3.881178140640259	68480	3255.737929582596	63877	6.721670560747668	
-1162691.6121526095	101.2875	8.1875	118.9	72.0	-58.88141592619705	856	181	163	12	193	115	37	7	65	40	0	0	3.823956251144409	68560	3259.5618858337402	63952	6.721120186697789	
-1075270.5561396142	98.4125	8.125	117.6	71.2125	-58.88141592619705	857	181	151	11	177	106	49	7	65	40	0	0	3.9253759384155273	68640	3263.4872617721558	64028	6.719114219114218	
-1162665.5536120893	99.4	8.275	124.3	75.175	-58.88141592619705	858	181	150	10	177	106	62	7	65	40	0	0	3.7979588508605957	68720	3267.2852206230164	64101	6.721478463329461	
-712705.963272849	98.7375	8.2375	124.2	75.1125	-58.88141592619705	859	181	159	12	193	115	41	7	65	40	0	0	4.002887964248657	68800	3271.288108587265	64177	6.7194767441860535	
-887749.3642139802	100.125	7.9875	119.9	72.6125	-58.88141592619705	860	181	149	11	177	106	51	7	73	45	0	0	3.8246591091156006	68880	3275.1127676963806	64253	6.717479674796749	
-637684.0436962006	100.0	8.1625	125.0	75.5875	-58.88141592619705	861	181	133	13	217	129	67	6	57	35	0	0	3.9093122482299805	68960	3279.0220799446106	64328	6.716937354988389	
-875191.9961612439	101.2	8.15	122.9	74.3625	-58.88141592619705	862	181	132	11	177	106	68	6	57	35	0	0	3.9161272048950195	69040	3282.9382071495056	64404	6.714947856315177	
-750215.2253469988	100.8	8.1875	121.8	73.725	-58.88141592619705	863	181	132	10	153	92	73	7	65	40	0	0	3.7046520709991455	69120	3286.6428592205048	64477	6.717303240740748	
-675285.2218227027	99.9	8.1125	120.7	73.075	-58.881289392165364	864	181	160	10	153	92	52	7	65	40	0	0	3.7916131019592285	69200	3290.434472322464	64551	6.71820809248554	
-637686.6339681915	100.0	8.240506329113924	121.9113924050633	73.75949367088607	-58.881289392165364	865	182	151	13.0	249.0	148.0	49	7.0	65.0	40.0	0	0	3.822964906692505	69280	3294.2574372291565	64625	6.7191108545034695	
-800195.3378757521	99.725	8.2875	124.8	75.4625	-58.881289392165364	866	182	140	12	193	115	60	6	57	35	0	0	3.851799249649048	69360	3298.1092364788055	64697	6.722895040369096	
-837712.2794973258	100.0	8.0625	117.2	71.0375	-58.881289392165364	867	182	140	12	193	115	60	7	65	40	0	0	3.715764284133911	69440	3301.8250007629395	64772	6.722350230414747	
-637757.4231668304	100.1125	8.10126582278481	116.13924050632912	70.39240506329114	-58.881289392165364	868	183	138	11.0	177.0	106.0	62	7.0	73.0	45.0	0	0	3.7078261375427246	69520	3305.532826900482	64847	6.7218066743383105	
-1412689.2691730836	102.35	8.1375	116.4	70.5125	-58.881289392165364	869	183	157	10	169	101	80	7	65	40	0	0	3.7498300075531006	69600	3309.2826569080353	64919	6.725574712643677	
-1112654.8765904685	99.7625	8.15	121.7	73.6625	-58.881289392165364	870	183	115	9	153	92	80	7	65	40	0	0	3.822124481201172	69680	3313.1047813892365	64995	6.7235935706085	
-712689.7414317476	99.25	8.0875	121.0	73.2375	-58.881289392165364	871	183	132	11	193	115	68	7	65	40	0	0	3.877617120742798	69760	3316.9823985099792	65070	6.723050458715591	
-637695.4609352376	100.0	8.2	122.8	74.325	-58.881289392165364	872	183	151	11	193	115	49	7	81	50	0	0	3.8424134254455566	69840	3320.824811935425	65146	6.7210767468499455	
-937734.0696511331	100.0	7.9875	116.7	70.7125	-58.881289392165364	873	183	135	9	177	106	65	7	65	40	0	0	3.7592787742614746	69920	3324.5840907096863	65221	6.7205377574370715	
-1400120.74884613	100.075	8.125	121.6	73.575	-58.881289392165364	874	183	114	11	201	120	86	6	57	35	0	0	3.9251184463500977	70000	3328.5092091560364	65297	6.718571428571423	
-587673.0603479788	99.6375	8.1125	122.1	73.8875	-58.881289392165364	875	183	150	10	225	134	50	7	65	40	0	0	3.966609477996826	70080	3332.475818634033	65373	6.716609589041099	
-525241.9605714111	100.625	8.1875	123.3	74.5625	-58.881289392165364	876	183	150	11	169	101	68	7	65	40	0	0	4.0630457401275635	70160	3336.5388643741608	65449	6.714652223489168	
-1525221.2272387322	99.475	8.10126582278481	118.87341772151899	71.9620253164557	-58.881289392165364	877	184	156	10.0	153.0	92.0	44	7.0	65.0	40.0	0	0	3.8679921627044678	70240	3340.4068565368652	65523	6.715546697038718	
-725190.5562373762	100.0	8.2375	126.3	76.35	-58.881289392165364	878	184	138	11	201	120	62	7	65	40	0	0	3.9393222332000732	70320	3344.3461787700653	65598	6.715017064846421	
-787668.1638212961	100.0	8.0375	119.5	72.3625	-58.881289392165364	879	184	153	11	193	115	47	6	57	35	0	0	3.8651793003082275	70400	3348.2113580703735	65674	6.713068181818187	
-662672.632979767	99.3375	8.175	124.1	75.075	-58.881289392165364	880	184	152	11	201	120	47	7	73	45	0	0	3.8526365756988525	70480	3352.0639946460724	65748	6.713961407491482	
-1187716.7031553204	100.05	8.2375	121.0	73.2	-58.881289392165364	881	184	159	12	201	120	41	7	65	40	0	0	4.000438213348389	70560	3356.064432859421	65823	6.713435374149654	
-700163.5678842503	99.825	8.1625	124.5	75.3125	-58.881289392165364	882	184	134	9	153	92	66	7	73	45	0	0	3.925201892852783	70640	3359.9896347522736	65899	6.711494903737261	
-550233.7896071703	100.0	8.1875	122.6	74.175	-58.881289392165364	883	184	156	12	217	129	44	7	65	40	0	0	3.8935420513153076	70720	3363.883176803589	65974	6.710972850678729	
-762686.8266627035	100.0	8.1875	122.1	73.8625	-58.881289392165364	884	184	146	11	193	115	54	7	65	40	0	0	3.9472174644470215	70800	3367.830394268036	66050	6.709039548022602	
-562673.9410508384	99.975	8.15	122.7	74.25	-58.881289392165364	885	184	142	12	185	110	58	7	65	40	0	0	3.900804281234741	70880	3371.7311985492706	66126	6.7071106094808215	
-787718.3860669394	100.0	8.1375	120.2	72.75	-58.881289392165364	886	184	153	10	169	101	47	6	57	35	0	0	3.8755476474761963	70960	3375.606746196747	66201	6.706595264938002	
-1025225.0875911659	100.3	8.3	121.7	73.6	-58.881289392165364	887	184	143	11	177	106	57	6	57	35	0	0	4.019981384277344	71040	3379.626727581024	66276	6.706081081081081	
-400125.5007543114	100.1375	8.1	122.6	74.2125	-58.881289392165364	888	184	140	10	153	92	60	7	73	45	0	0	3.739088296890259	71120	3383.3658158779144	66350	6.706974128233966	
-900204.6156651794	100.0	8.15	120.8	73.1375	-58.881289392165364	889	184	153	10	169	101	47	7	65	40	0	0	3.758448600769043	71200	3387.1242644786835	66425	6.706460674157299	
-825122.85943376	100.0	8.256410256410257	124.6923076923077	75.41025641025641	-58.881289392165364	890	186	171	11.0	193.0	115.0	29	7.0	65.0	40.0	0	0	3.7881152629852295	71280	3390.9123797416687	66497	6.710157126823788	
-962647.2273187775	100.0	8.2125	124.6	75.35	-58.881289392165364	891	186	140	11	193	115	60	7	65	40	0	0	3.9382402896881104	71360	3394.850620031357	66572	6.709641255605376	
-412656.6994290621	101.175	8.49367088607595	130.72151898734177	78.92405063291139	-58.881289392165364	892	187	165	11.0	201.0	120.0	59	7.0	65.0	40.0	0	0	4.016216039657593	71440	3398.8668360710144	66646	6.71052631578948	
-400290.21647476254	100.3	8.683544303797468	132.84810126582278	80.16455696202532	-58.881289392165364	893	188	133	11.0	177.0	106.0	67	7.0	65.0	40.0	0	0	4.017863988876343	71520	3402.8847000598907	66721	6.710011185682333	
-950183.5194796721	100.125	8.775	136.4	82.25	-58.881289392165364	894	188	158	12	201	120	42	6	57	35	0	0	4.036238670349121	71600	3406.92093873024	66794	6.712290502793294	
-950244.0060860987	100.275	8.4	123.5	74.675	-58.881289392165364	895	188	161	12	225	134	39	7	65	40	0	0	3.9534912109375	71680	3410.8744299411774	66869	6.711774553571431	
-587687.2374025811	102.55	8.35	126.4	76.3875	-58.881289392165364	896	188	138	12	225	134	63	7	73	45	0	0	3.9538514614105225	71760	3414.828281402588	66943	6.712653288740242	
-837750.7489738275	100.1375	8.25	124.0	74.975	-58.881289392165364	897	188	154	11	201	120	46	7	65	40	0	0	3.860719919204712	71840	3418.6890013217926	67016	6.714922048997778	
-762721.7964315492	99.5875	7.9875	117.3	71.0625	-58.881289392165364	898	188	140	11	169	101	60	7	65	40	0	0	3.7792437076568604	71920	3422.4682450294495	67091	6.714404894327032	
-1212658.879769497	99.3125	8.225	122.3	73.9875	-58.881289392165364	899	188	150	13	217	129	50	7	65	40	0	0	3.935821771621704	72000	3426.404066801071	67166	6.713888888888889	
-1062679.8702632145	100.1375	8.1375	121.3	73.4375	-58.881289392165364	900	188	123	13	225	134	77	7	65	40	0	0	3.8264482021331787	72080	3430.2305150032043	67241	6.713374028856819	
-800233.976734139	99.8	8.1	118.5	71.7875	-58.881289392165364	901	188	125	10	225	134	75	7	73	45	0	0	3.791553258895874	72160	3434.0220682621	67316	6.712860310421291	
-962687.5362025987	100.0	8.125	119.8	72.55	-58.881289392165364	902	188	151	13	217	129	49	7	65	40	0	0	3.7593295574188232	72240	3437.781397819519	67391	6.712347729789599	
-850147.3668682736	100.175	8.075	120.5	72.9625	-58.881289392165364	903	188	148	11	169	101	52	7	73	45	0	0	3.7368111610412598	72320	3441.5182089805603	67465	6.713219026548671	
-1137702.3895871819	100.0	8.0375	117.5	71.2	-58.881289392165364	904	188	140	10	153	92	60	7	65	40	0	0	3.7835540771484375	72400	3445.3017630577087	67541	6.711325966850836	
-700104.491611582	100.0	8.1375	123.2	74.5375	-58.881289392165364	905	188	136	9	153	92	64	7	65	40	0	0	3.8335330486297607	72480	3449.1352961063385	67615	6.712196467991177	
-625167.5970687974	100.0	8.125	119.1	72.15	-58.881289392165364	906	188	136	11	177	106	64	7	73	45	0	0	3.663912534713745	72560	3452.7992086410522	67689	6.7130650496141016	
-637700.6454859939	100.0	8.175	119.3	72.25	-58.881289392165364	907	188	154	10	177	106	46	7	73	45	0	0	3.806103467941284	72640	3456.6053121089935	67764	6.71255506607929	
-1537656.1970093134	100.35	8.2	117.6	71.25	-58.881289392165364	908	188	131	11	169	101	69	7	73	45	0	0	3.7558724880218506	72720	3460.3611845970154	67839	6.712046204620464	
-87710.82372630012	100.125	8.1	119.5	72.375	-58.881289392165364	909	188	146	11	177	106	54	7	65	40	0	0	3.6506564617156982	72800	3464.011841058731	67912	6.714285714285722	
-737732.9539024037	100.0	8.25	122.3	73.9875	-58.881289392165364	910	188	125	12	201	120	75	7	65	40	0	0	3.78010892868042	72880	3467.7919499874115	67985	6.716520307354557	
-1125197.5777568393	100.0	8.2125	121.2	73.3625	-58.881289392165364	911	188	127	11	201	120	73	7	65	40	0	0	3.878601551055908	72960	3471.6705515384674	68061	6.71463815789474	
-137699.91647777276	100.0	8.125	118.3	71.6875	-58.881289392165364	912	188	154	12	225	134	46	7	73	45	0	0	3.731672525405884	73040	3475.4022240638733	68137	6.71276013143482	
-1362736.6748667967	99.775	8.2875	124.0	74.975	-58.881289392165364	913	188	139	12	225	134	61	6	57	35	0	0	4.102837800979614	73120	3479.505061864853	68213	6.710886214442013	
-962696.5822375428	98.6875	8.0875	119.3	72.225	-58.881289392165364	914	188	132	14	241	143	65	6	57	35	0	0	3.579533576965332	73200	3483.0845954418182	68283	6.717213114754088	
-387669.6531984798	98.6875	8.0625	122.1	73.9	-58.881289392165364	915	188	119	9	153	92	65	7	73	45	0	0	3.8437724113464355	73280	3486.9283678531647	68358	6.7167030567685515	
-600216.6062852473	100.05	8.0875	121.3	73.4125	-58.881289392165364	916	188	122	10	153	92	78	6	57	35	0	0	3.7784030437469482	73360	3490.7067708969116	68431	6.718920392584522	
-1312682.7843269415	102.75	8.15	117.8	71.3625	-58.881289392165364	917	188	150	11	193	115	50	7	73	45	0	0	3.724813461303711	73440	3494.4315843582153	68505	6.71977124183006	
-650215.5116154039	103.45	8.2	121.5	73.5375	-58.881289392165364	918	188	151	11	201	120	49	7	65	40	0	0	3.807810068130493	73520	3498.239394426346	68580	6.719260065288353	
-1425181.3047746192	100.475	8.2	121.6	73.575	-58.881289392165364	919	188	134	11	177	106	66	6	57	35	0	0	3.9425289630889893	73600	3502.181923389435	68656	6.717391304347828	
-650184.6247269043	99.65	8.2625	123.2	74.525	-58.881289392165364	920	188	146	11	169	101	54	7	65	40	0	0	3.8261709213256836	73680	3506.0080943107605	68730	6.718241042345269	
-637709.4667251094	100.1125	8.15	118.2	71.625	-58.881289392165364	921	188	154	10	153	92	46	6	57	35	0	0	3.7253949642181396	73760	3509.7334892749786	68806	6.716377440347074	
-950170.7778159846	100.0	8.125	117.7	71.3	-58.881289392165364	922	188	146	9	153	92	54	7	65	40	0	0	3.7660880088806152	73840	3513.4995772838593	68881	6.715872156013006	
-1800290.0534314667	99.85	8.225	118.5	71.775	-58.881289392165364	923	188	149	13	225	134	51	7	65	40	0	0	3.843804359436035	73920	3517.3433816432953	68957	6.714015151515156	
-1312726.976389369	98.8125	8.1125	116.2	70.4125	-58.881289392165364	924	188	137	11	193	115	33	6	57	35	0	0	3.8092596530914307	74000	3521.1526412963867	69032	6.713513513513519	
-675137.7803595718	100.0	8.0875	117.1	70.9625	-58.881289392165364	925	188	160	11	201	120	40	7	65	40	0	0	3.767836570739746	74080	3524.9204778671265	69108	6.711663066954642	
-1012717.0591209705	100.4125	8.2375	118.6	71.8375	-58.881289392165364	926	188	133	10	177	106	73	7	65	40	0	0	3.782332181930542	74160	3528.702810049057	69183	6.711165048543691	
-1037746.5822982991	100.2625	8.2625	123.5	74.6875	-58.881289392165364	927	188	151	12	193	115	49	7	73	45	0	0	4.0418381690979	74240	3532.744648218155	69259	6.7093211206896655	
-762708.426460176	99.95	8.1	118.7	71.9125	-58.881289392165364	928	188	173	10	153	92	27	7	73	45	0	0	3.7280261516571045	74320	3536.472674369812	69334	6.708826695371357	
-1112707.107845661	100.0	8.0125	115.6	70.0625	-58.881289392165364	929	188	145	10	169	101	55	6	57	35	0	0	3.8113279342651367	74400	3540.284002304077	69410	6.706989247311824	
-1037707.3771270082	100.6	8.225	118.9	71.9625	-58.881289392165364	930	188	143	11	169	101	57	7	65	40	0	0	3.8805296421051025	74480	3544.1645319461823	69484	6.7078410311493	
-575238.870435796	99.8375	8.3375	122.6	74.1625	-58.881289392165364	931	188	134	13	249	148	66	7	65	40	0	0	3.913724899291992	74560	3548.0782568454742	69559	6.707349785407729	
-1037756.5103154478	100.2375	8.1125	115.2	69.8125	-58.881289392165364	932	188	141	11	169	101	59	7	65	40	0	0	3.755786895751953	74640	3551.834043741226	69633	6.708199356913184	
-775150.2672761201	103.1	8.2625	123.5	74.7125	-58.881289392165364	933	188	181	11	201	120	36	7	65	40	0	0	3.7959728240966797	74720	3555.630016565323	69707	6.709047109207717	
-850148.7686800649	100.7125	8.2375	122.7	74.2375	-58.881289392165364	934	188	169	12	201	120	31	7	65	40	0	0	3.8902571201324463	74800	3559.5202736854553	69783	6.707219251336895	
-1087649.559050255	100.375	8.139240506329115	124.34177215189874	75.20253164556962	-58.881289392165364	935	189	163	10.0	153.0	92.0	22	7.0	65.0	40.0	0	0	3.7598729133605957	74880	3563.280146598816	69855	6.710737179487182	
-875251.6372685144	100.0875	8.125	120.9	73.175	-58.881289392165364	936	189	162	12	201	120	38	7	65	40	0	0	3.908599376678467	74960	3567.1887459754944	69931	6.708911419423686	
-1300231.3711416144	102.425	8.275	123.9	74.9	-58.881289392165364	937	189	148	13	249	148	52	7	65	40	0	0	4.072282075881958	75040	3571.2610280513763	70006	6.708422174840095	
-612769.7558324386	99.25	8.1125	120.8	73.15	-58.881289392165364	938	189	146	13	249	148	32	7	65	40	0	0	3.8073182106018066	75120	3575.068346261978	70082	6.706602768903096	
-725294.3504045124	98.775	8.0625	117.0	70.9	-58.881289392165364	939	189	129	10	153	92	71	6	57	35	0	0	3.6896016597747803	75200	3578.757947921753	70156	6.707446808510639	
-1075192.4264529739	98.1625	8.1625	118.8	71.9625	-58.881289392165364	940	189	136	14	265	157	64	7	73	45	0	0	3.821995973587036	75280	3582.57994389534	70231	6.706960680127523	
-500212.39642236213	99.7375	8.225	121.4	73.5	-58.881289392165364	941	189	126	11	249	148	74	7	73	45	0	0	3.7917215824127197	75360	3586.3716654777527	70306	6.706475583864119	
-825175.3158126334	101.9	8.1	118.5	71.775	-58.881289392165364	942	189	158	10	153	92	42	6	57	35	0	0	3.8298561573028564	75440	3590.2015216350555	70382	6.704665959703078	
-1037823.1445093416	100.8375	7.9875	115.9	70.25	-58.881289392165364	943	189	154	10	177	106	46	7	65	40	0	0	3.700575351715088	75520	3593.9020969867706	70456	6.705508474576277	
-875183.5687892059	100.975	8.2375	119.7	72.4875	-58.881289392165364	944	189	149	13	241	143	51	7	73	45	0	0	3.6030690670013428	75600	3597.505166053772	70526	6.711640211640216	
-500244.07125180087	100.0	8.1	118.9	72.05	-58.881289392165364	945	189	158	10	177	106	42	7	73	45	0	0	3.6079514026641846	75680	3601.113117456436	70600	6.712473572938691	
-450284.4584084114	99.775	8.0875	115.4	69.95	-58.881289392165364	946	189	150	10	153	92	50	6	57	35	0	0	3.6475913524627686	75760	3604.760708808899	70673	6.714625131995774	
-587681.3323278951	99.225	8.075	119.0	72.0875	-58.881289392165364	947	189	129	10	201	120	71	7	65	40	0	0	3.747490644454956	75840	3608.508199453354	70748	6.71413502109705	
-475143.72730075615	99.9	8.275	121.6	73.575	-58.881289392165364	948	189	158	11	177	106	42	6	57	35	0	0	3.932206153869629	75920	3612.4404056072235	70824	6.712328767123282	
-1337673.0800974437	100.2	8.1625	120.9	73.2	-58.881289392165364	949	189	125	12	225	134	75	7	73	45	0	0	3.8364145755767822	76000	3616.2768201828003	70900	6.71052631578948	
-700253.5898734754	99.75	8.2625	120.8	73.1125	-58.881289392165364	950	189	158	11	169	101	42	7	65	40	0	0	3.8820064067840576	76080	3620.1588265895844	70976	6.708727655099906	
-950223.0170699802	101.45	8.1375	112.8	68.4	-58.881289392165364	951	189	158	11	169	101	51	6	57	35	0	0	3.8064846992492676	76160	3623.9653112888336	71052	6.706932773109244	
-1075148.869224793	99.7	8.225	118.0	71.45	-58.881289392165364	952	189	132	11	169	101	68	7	73	45	0	0	3.8405239582061768	76240	3627.80583524704	71127	6.706453305351516	
-1037768.3671382933	99.4375	8.225	122.7	74.2125	-58.881289392165364	953	189	138	12	217	129	62	7	65	40	0	0	3.945237398147583	76320	3631.7510726451874	71201	6.707285115303989	
-787682.7565421511	100.0	8.2375	125.3	75.75	-58.881289392165364	954	189	149	11	201	120	51	7	73	45	0	0	3.9771995544433594	76400	3635.7282721996307	71276	6.706806282722511	
-1150222.2303366049	99.9	8.1875	118.6	71.7875	-58.881289392165364	955	189	149	11	201	120	51	7	65	40	0	0	3.8376288414001465	76480	3639.565901041031	71350	6.7076359832636	
-1387713.8803663712	100.0	8.25	122.9	74.3125	-58.881289392165364	956	189	162	11	201	120	38	7	65	40	0	0	4.049462080001831	76560	3643.6153631210327	71425	6.707157784743984	
-600169.2382149945	100.525	8.075	122.7	74.25	-58.881289392165364	957	189	127	9	153	92	73	7	65	40	0	0	3.9048821926116943	76640	3647.5202453136444	71501	6.705375782881006	
-912732.2832303852	102.3125	8.2875	124.0	74.9875	-58.881289392165364	958	189	127	13	225	134	78	7	65	40	0	0	3.8044960498809814	76720	3651.3247413635254	71573	6.708811261730972	
-300233.9547438818	100.8	8.1625	123.6	74.7875	-58.881289392165364	959	189	161	10	177	106	64	7	65	40	0	0	3.800524950027466	76800	3655.125266313553	71648	6.708333333333343	
-675284.8275532698	101.2375	8.125	119.7	72.475	-58.881289392165364	960	189	165	10	177	106	53	7	65	40	0	0	3.756270170211792	76880	3658.8815364837646	71723	6.707856399583761	
-800186.5895706186	99.95	8.2125	124.7	75.425	-58.881289392165364	961	189	150	10	177	106	50	6	57	35	0	0	3.748713970184326	76960	3662.630250453949	71796	6.70997920997921	
-862676.2138993377	100.075	8.225	122.2	73.95	-58.881289392165364	962	189	157	10	177	106	43	7	73	45	0	0	3.6958420276641846	77040	3666.326092481613	71868	6.7133956386292795	
-1175177.182739566	100.1375	8.1625	119.5	72.35	-58.881289392165364	963	189	125	10	153	92	75	6	57	35	0	0	3.8025527000427246	77120	3670.128645181656	71942	6.714211618257266	
-1212845.3481802344	101.85	7.975	110.8	67.2375	-58.881289392165364	964	189	149	11	169	101	51	7	65	40	0	0	3.667973279953003	77200	3673.796618461609	72017	6.713730569948183	
-637644.895856477	101.5875	8.1875	122.3	74.0125	-58.881289392165364	965	189	134	10	201	120	66	7	73	45	0	0	3.776853561401367	77280	3677.5734720230103	72091	6.714544513457554	
-962707.5651063973	101.8	8.225	125.9	76.1125	-58.881289392165364	966	189	142	12	225	134	78	7	65	40	0	0	3.94525146484375	77360	3681.518723487854	72166	6.714064115822126	
-1012741.1881729126	102.4125	8.25	124.5	75.2625	-58.881289392165364	967	189	146	12	225	134	54	7	65	40	0	0	3.948641538619995	77440	3685.467365026474	72240	6.714876033057848	
-750215.9059743995	101.3875	8.205128205128204	121.71794871794872	73.64102564102564	-58.881289392165364	968	191	148	12.0	225.0	134.0	52	6.0	57.0	35.0	0	0	3.8573622703552246	77520	3689.324727296829	72314	6.715686274509807	
-600109.5676074871	100.0	8.2875	125.2	75.7	-58.881289392165364	969	191	158	10	177	106	42	7	73	45	0	0	3.876168727874756	77600	3693.200896024704	72389	6.715206185567013	
-1112653.724600932	104.35	8.1875	120.6	73.0	-58.881289392165364	970	191	158	11	169	101	77	7	65	40	0	0	3.879544258117676	77680	3697.0804402828217	72465	6.71343975283213	
-787672.5830313086	102.075	8.1375	123.1	74.4875	-58.881289392165364	971	191	182	11	201	120	52	7	65	40	0	0	3.8195338249206543	77760	3700.8999741077423	72540	6.712962962962962	
-1075162.9481531396	103.075	8.0375	115.7	70.1	-58.881289392165364	972	191	182	12	241	143	74	6	57	35	0	0	3.831411123275757	77840	3704.731385231018	72614	6.713771839671125	
-1250139.3733368665	101.025	8.1	119.6	72.425	-58.881289392165364	973	191	160	11	161	96	84	7	65	40	0	0	3.836198568344116	77920	3708.567583799362	72690	6.71201232032854	
-1350165.078029491	100.325	8.1625	117.5	71.225	-58.881289392165364	974	191	158	10	153	92	42	7	73	45	0	0	3.592465400695801	78000	3712.160049200058	72764	6.712820512820514	
-775293.6690499611	100.0	8.1625	117.7	71.3125	-58.881289392165364	975	191	133	11	177	106	67	7	65	40	0	0	3.6762514114379883	78080	3715.836300611496	72838	6.713627049180332	
-750268.1212388941	100.65	8.0625	120.9	73.1875	-58.881289392165364	976	191	123	9	153	92	67	6	57	35	0	0	3.8241004943847656	78160	3719.6604011058807	72913	6.713152507676554	
-750260.6414357157	100.4	8.1125	120.4	72.9	-58.881289392165364	977	191	162	11	169	101	38	7	65	40	0	0	3.765467405319214	78240	3723.4258685112	72988	6.712678936605315	
-950155.9092744691	100.0	8.05	119.8	72.525	-58.881289392165364	978	191	125	11	169	101	75	6	57	35	0	0	3.7844197750091553	78320	3727.210288286209	73062	6.713483146067418	
-787670.1603752875	100.3125	8.0625	120.3	72.825	-58.881289392165364	979	191	125	10	153	92	81	7	73	45	0	0	3.8980822563171387	78400	3731.1083705425262	73138	6.7117346938775455	
-1212729.7046484165	100.0	8.1625	122.2	73.925	-58.881289392165364	980	191	132	12	193	115	68	7	65	40	0	0	3.981811046600342	78480	3735.0901815891266	73213	6.711264016309897	
-1500117.5195329976	101.1875	8.425	130.0	78.5	-58.881289392165364	981	191	145	11	201	120	55	6	57	35	0	0	4.094874858856201	78560	3739.185056447983	73289	6.7095213849287205	
-587677.9904281648	100.95	8.4	128.0	77.325	-58.881289392165364	982	191	140	11	201	120	68	7	65	40	0	0	4.064697742462158	78640	3743.249754190445	73365	6.707782299084428	
-400152.7658820632	100.1	8.35	125.2	75.7	-58.881289392165364	983	191	140	11	201	120	60	7	65	40	0	0	3.892578363418579	78720	3747.1423325538635	73441	6.706046747967477	
-887734.1016618604	100.0	8.275	121.7	73.65	-58.881289392165364	984	191	138	13	209	124	62	7	73	45	0	0	3.7606964111328125	78800	3750.9030289649963	73514	6.708121827411162	
-162676.75932356683	99.525	8.25	125.4	75.8375	-58.881289392165364	985	191	168	13	273	162	32	7	65	40	0	0	3.7850255966186523	78880	3754.688054561615	73587	6.710192697768761	
-887816.6907254653	100.0	8.1625	122.8	74.3	-58.881289392165364	986	191	161	11	193	115	39	7	65	40	0	0	3.8737998008728027	78960	3758.561854362488	73662	6.709726443769	
-862725.0912233882	100.0	8.125	119.9	72.5875	-58.881289392165364	987	191	159	10	153	92	41	7	65	40	0	0	3.9004619121551514	79040	3762.462316274643	73738	6.707995951417004	
-787622.9025517653	100.0	8.2	125.3	75.7625	-58.881289392165364	988	191	127	11	169	101	73	7	73	45	0	0	3.9595210552215576	79120	3766.4218373298645	73813	6.707532861476238	
-787765.6771033058	100.0	8.1375	120.7	73.05	-58.881289392165364	989	191	152	11	177	106	48	7	65	40	0	0	3.8939945697784424	79200	3770.315831899643	73888	6.707070707070699	
-200227.36433907974	100.65	8.15	121.7	73.675	-58.881289392165364	990	191	126	10	177	106	79	7	65	40	0	0	3.8323311805725098	79280	3774.1481630802155	73964	6.7053481331987825	
-337645.56385138055	101.7375	8.0625	120.4	72.9	-58.881289392165364	991	191	140	10	177	106	60	7	65	40	0	0	3.742572784423828	79360	3777.8907358646393	74037	6.707409274193537	
-1287747.0641123825	104.2375	8.1125	121.9	73.7875	-58.881289392165364	992	191	164	9	153	92	49	7	65	40	0	0	3.6680080890655518	79440	3781.558743953705	74109	6.7107250755287	
-1362695.6055193197	104.125	7.925	116.3	70.5	-58.881289392165364	993	191	149	9	153	92	51	7	73	45	0	0	3.7047581672668457	79520	3785.2635021209717	74185	6.709004024144875	
-1325204.6285749234	102.725	8.0125	117.2	70.9875	-58.881289392165364	994	191	159	10	153	92	67	6	57	35	0	0	3.8556456565856934	79600	3789.1191477775574	74261	6.707286432160814	
-537731.9624206985	100.0	8.1	121.3	73.4125	-58.881289392165364	995	191	129	10	225	134	71	6	57	35	0	0	3.8260672092437744	79680	3792.945214986801	74336	6.706827309236957	
-737745.0617748989	100.1	8.3	119.3	72.1875	-58.881289392165364	996	191	141	12	201	120	59	7	65	40	0	0	3.9189560413360596	79760	3796.864171028137	74411	6.706369107321962	
-1237679.1945317122	101.275	8.4625	125.5	75.8	-58.881289392165364	997	191	168	14	233	138	66	7	73	45	0	0	4.250119209289551	79840	3801.1142902374268	74486	6.705911823647298	
-275247.000402253	100.0	8.225	124.0	74.975	-58.881289392165364	998	191	166	11	169	101	34	7	65	40	0	0	4.01171088218689	79920	3805.1260011196136	74562	6.704204204204203	
-1087737.174731	100.0	8.175	119.8	72.5	-58.881289392165364	999	191	153	11	201	120	47	7	65	40	0	0	3.9379005432128906	80000	3809.0639016628265	74638	6.702500000000001	
-1187734.663524587	100.8375	8.1875	117.5	71.1625	-58.881289392165364	1000	191	138	10	177	106	62	7	65	40	0	0	3.8252227306365967	80080	3812.889124393463	74713	6.702047952047948	
-712807.8449405681	103.625	8.275	126.2	76.3	-58.881289392165364	1001	191	158	10	177	106	56	7	73	45	0	0	3.836045980453491	80160	3816.7251703739166	74786	6.704091816367267	
-975123.9158072134	99.7375	8.175	121.8	73.7125	-58.881289392165364	1002	191	161	11	169	101	39	7	73	45	0	0	3.852862596511841	80240	3820.5780329704285	74861	6.703639082751749	
-1262739.8155828184	100.0	8.2375	122.1	73.8625	-58.881289392165364	1003	191	153	11	201	120	47	7	73	45	0	0	4.014430284500122	80320	3824.5924632549286	74937	6.701942231075691	
-537685.4247619059	99.4125	8.2	122.4	74.075	-58.881289392165364	1004	191	130	11	201	120	53	7	65	40	0	0	3.877554178237915	80400	3828.4700174331665	75013	6.700248756218912	
-1075209.83035351	100.0	8.175	122.4	74.0875	-58.881289392165364	1005	191	138	10	177	106	62	7	65	40	0	0	3.7765331268310547	80480	3832.2465505599976	75088	6.699801192842941	
-1000157.6597239325	99.85	8.2375	124.1	75.0625	-58.881289392165364	1006	191	154	10	177	106	46	7	73	45	0	0	3.9072906970977783	80560	3836.1538412570953	75163	6.699354518371408	
-812682.7154189724	100.0	8.225	125.1	75.65	-58.881289392165364	1007	191	133	11	249	148	67	7	73	45	0	0	3.9751222133636475	80640	3840.128963470459	75239	6.697668650793659	
-650314.2594327856	100.1875	8.3125	127.7	77.1625	-58.881289392165364	1008	191	133	12	249	148	74	7	73	45	0	0	3.969071865081787	80720	3844.0980353355408	75313	6.69846382556986	
-725153.9410666336	99.9625	8.125	121.8	73.6875	-58.881289392165364	1009	191	145	10	177	106	55	6	57	35	0	0	3.914457321166992	80800	3848.0124926567078	75387	6.699257425742573	
-1275155.37661948	99.975	8.175	121.8	73.6875	-58.881289392165364	1010	191	156	13	249	148	44	6	57	35	0	0	3.9021859169006348	80880	3851.9146785736084	75462	6.698813056379834	
-1150140.5056743592	100.0	8.275	125.6	75.925	-58.881289392165364	1011	191	160	11	177	106	40	7	65	40	0	0	3.967543601989746	80960	3855.882222175598	75537	6.698369565217391	
-1050156.927352991	101.2	8.225	122.5	74.1125	-58.881289392165364	1012	191	150	10	177	106	50	6	57	35	0	0	3.943244457244873	81040	3859.825466632843	75613	6.696692991115498	
-862627.6013536127	100.0	8.2375	125.7	75.975	-58.881289392165364	1013	191	121	11	169	101	79	7	65	40	0	0	4.071586608886719	81120	3863.8970532417297	75688	6.6962524654832265	
-712739.1117829671	100.0	8.2	120.5	72.9125	-58.881289392165364	1014	191	135	11	201	120	65	7	65	40	0	0	3.8753271102905273	81200	3867.7723803520203	75762	6.6970443349753594	
-1025192.3429968901	100.0	8.125	118.5	71.7625	-58.881289392165364	1015	191	164	10	177	106	36	7	65	40	0	0	3.879927396774292	81280	3871.6523077487946	75838	6.69537401574803	
-687720.9979237524	102.4	8.1375	120.2	72.775	-58.881289392165364	1016	191	164	11	169	101	58	7	65	40	0	0	3.7874631881713867	81360	3875.439770936966	75913	6.6949360865289975	
-1537657.9644252579	99.6375	8.2375	123.0	74.4	-58.881289392165364	1017	191	152	13	241	143	48	7	65	40	0	0	3.921888828277588	81440	3879.3616597652435	75988	6.694499017681736	
-550235.4458425536	100.0375	8.25	123.4	74.675	-58.881289392165364	1018	191	152	11	177	106	48	7	65	40	0	0	3.7967283725738525	81520	3883.1583881378174	76064	6.692836113837103	
-450193.4501526284	99.775	8.177215189873417	120.39240506329114	72.9113924050633	-58.881289392165364	1019	192	151	10.0	177.0	106.0	49	7.0	73.0	45.0	0	0	3.726257801055908	81600	3886.8846459388733	76139	6.692401960784309	
-612729.6139779498	99.3875	8.1625	118.7	71.8875	-58.881289392165364	1020	192	151	10	201	120	34	6	57	35	0	0	3.7408864498138428	81680	3890.625532388687	76213	6.693192948090115	
-1012724.9783073142	100.0	8.1375	118.0	71.4875	-58.881289392165364	1021	192	139	10	177	106	61	7	65	40	0	0	3.7063729763031006	81760	3894.3319053649902	76288	6.692759295499016	
-1000227.4321541982	101.675	8.075949367088608	116.74683544303798	70.75949367088607	-58.881289392165364	1022	193	162	10.0	177.0	106.0	48	7.0	65.0	40.0	0	0	3.6995432376861572	81840	3898.0314486026764	76363	6.692326490713583	
-925181.4638698216	102.475	8.3	125.8	76.05	-58.881289392165364	1023	193	141	11	201	120	48	7	65	40	0	0	3.9339280128479004	81920	3901.9653766155243	76438	6.69189453125	
-675208.1742341713	101.2625	8.15	121.3	73.4125	-58.88123487412083	1024	193	145	11	201	120	55	7	73	45	0	0	3.916954278945923	82000	3905.88233089447	76514	6.690243902439022	
-912704.2505882615	102.8125	8.1875	122.7	74.25	-58.88123487412083	1025	193	125	10	153	92	90	7	73	45	0	0	3.888612747192383	82080	3909.7709436416626	76589	6.6898148148148096	
-812672.3471147639	101.25	8.1125	119.2	72.1875	-58.88123487412083	1026	193	159	12	241	143	44	7	65	40	0	0	3.8388776779174805	82160	3913.60982131958	76664	6.6893865628042875	
-862676.7077842687	100.0	8.2	120.4	72.9	-58.88123487412083	1027	193	133	11	169	101	67	7	73	45	0	0	3.7478508949279785	82240	3917.357672214508	76738	6.690175097276267	
-1312722.6320002626	100.0	8.0625	117.6	71.25	-58.88123487412083	1028	193	133	12	217	129	67	7	65	40	0	0	3.7261550426483154	82320	3921.0838272571564	76812	6.6909620991253576	
-962687.7942664481	100.0	8.075	116.6	70.675	-58.88123487412083	1029	193	142	10	177	106	58	7	65	40	0	0	3.566559314727783	82400	3924.650386571884	76885	6.692961165048544	
-987633.1556716897	100.0	8.1125	116.5	70.5875	-58.88123487412083	1030	193	125	10	153	92	75	7	65	40	0	0	3.6629035472869873	82480	3928.313290119171	76957	6.696168768186226	
-1112727.305722266	100.0375	8.125	117.0	70.9	-58.88123487412083	1031	193	145	10	177	106	55	7	65	40	0	0	3.715782403945923	82560	3932.029072523117	77032	6.695736434108525	
-800256.5973857848	100.45	8.0875	115.3	69.9	-58.88123487412083	1032	193	141	10	169	101	59	7	73	45	0	0	3.712447166442871	82640	3935.74151968956	77107	6.695304937076472	
-1125231.6402149275	100.0	8.1375	120.0	72.6625	-58.88123487412083	1033	193	166	10	177	106	34	6	57	35	0	0	3.7673864364624023	82720	3939.5089061260223	77182	6.694874274661515	
-787638.9588676492	101.1375	8.2625	124.6	75.35	-58.88123487412083	1034	193	166	12	201	120	63	7	65	40	0	0	3.889504909515381	82800	3943.3984110355377	77257	6.694444444444443	
-825126.6151572035	100.35	8.25	126.1	76.2125	-58.88123487412083	1035	193	139	12	193	115	61	6	57	35	0	0	3.9854629039764404	82880	3947.383873939514	77332	6.694015444015449	
-862712.1605494382	100.5375	8.215189873417721	124.34177215189874	75.20253164556962	-58.88123487412083	1036	194	154	11.0	193.0	115.0	46	7.0	65.0	40.0	0	0	3.769181251525879	82960	3951.15305519104	77404	6.697203471552555	
-1325194.0396498858	99.9125	8.0625	117.8	71.35	-58.88123487412083	1037	194	157	10	177	106	43	7	65	40	0	0	3.824756622314453	83040	3954.9778118133545	77480	6.695568400770711	
-900229.23105356	100.4625	8.1875	121.2	73.35	-58.88123487412083	1038	194	137	13	225	134	63	7	73	45	0	0	3.6793904304504395	83120	3958.657202243805	77552	6.698748796920114	
-600276.1016298119	100.075	8.0125	121.6	73.6125	-58.88123487412083	1039	194	137	9	153	92	63	7	65	40	0	0	3.706291913986206	83200	3962.363494157791	77626	6.699519230769241	
-825286.025097904	100.0	8.0875	118.7	71.9	-58.88123487412083	1040	194	170	13	225	134	30	6	57	35	0	0	3.7193715572357178	83280	3966.082865715027	77701	6.6990874159462095	
-650137.7435953431	101.075	8.1375	121.7	73.675	-58.88123487412083	1041	194	169	11	177	106	61	7	73	45	0	0	3.7992587089538574	83360	3969.8821244239807	77776	6.698656429942417	
-500228.84832133993	99.4875	8.0625	117.3	71.0875	-58.88123487412083	1042	194	156	10	177	106	44	7	65	40	0	0	3.6303319931030273	83440	3973.5124564170837	77849	6.70062320230106	
-775232.986709725	100.0	8.2	118.8	71.9375	-58.88123487412083	1043	194	174	11	201	120	26	7	65	40	0	0	3.8556370735168457	83520	3977.3680934906006	77925	6.698994252873561	
-775218.1765794853	99.675	8.15	122.7	74.25	-58.88123487412083	1044	194	140	10	177	106	60	6	57	35	0	0	3.886824607849121	83600	3981.2549180984497	78001	6.69736842105263	
-900242.1208849708	99.5375	8.025	115.6	70.0625	-58.88123487412083	1045	194	133	11	193	115	67	6	57	35	0	0	3.7040762901306152	83680	3984.9589943885803	78074	6.699330783938819	
-1375302.7834568608	99.9875	8.15	115.2	69.8	-58.88123487412083	1046	194	151	11	241	143	49	7	65	40	0	0	3.9146742820739746	83760	3988.8736686706543	78150	6.697707736389674	
-762743.1851522833	99.8875	8.10126582278481	119.37974683544304	72.29113924050633	-58.88123487412083	1047	195	142	11.0	201.0	120.0	58	7.0	65.0	40.0	0	0	3.775740385055542	83840	3992.64940905571	78224	6.698473282442748	
-1262686.7209297311	100.2875	8.0625	120.8	73.125	-58.88123487412083	1048	195	157	11	177	106	43	7	65	40	0	0	3.850970506668091	83920	3996.500379562378	78299	6.698045757864634	
-975244.5047503237	103.25	8.2375	123.1	74.4625	-58.88123487412083	1049	195	152	11	177	106	76	7	73	45	0	0	3.8202807903289795	84000	4000.320660352707	78373	6.69880952380953	
-400133.6090481924	100.65	8.1875	125.0	75.6	-58.88123487412083	1050	195	137	10	153	92	68	7	65	40	0	0	3.872008800506592	84080	4004.1926691532135	78448	6.698382492863942	
-1425224.5763230922	99.625	8.3625	124.8	75.4125	-58.88123487412083	1051	195	147	12	225	134	53	7	65	40	0	0	4.1463470458984375	84160	4008.339016199112	78524	6.696768060836504	
-975239.2578628076	100.5375	8.0875	116.4	70.5125	-58.88123487412083	1052	195	158	10	177	106	57	7	65	40	0	0	3.716155767440796	84240	4012.0551719665527	78597	6.698717948717942	
-187713.56139607486	100.8	8.2375	126.3	76.3625	-58.88123487412083	1053	195	154	12	225	134	42	7	65	40	0	0	3.8854849338531494	84320	4015.940656900406	78672	6.698292220113856	
-1125201.5127670714	99.975	8.1625	119.3	72.2	-58.88123487412083	1054	195	165	11	177	106	35	6	57	35	0	0	3.8952362537384033	84400	4019.8358931541443	78746	6.699052132701425	
-837659.6556006732	100.0	8.175	123.9	74.925	-58.88123487412083	1055	195	123	10	177	106	77	7	65	40	0	0	4.032729387283325	84480	4023.8686225414276	78822	6.697443181818187	
-1175222.3380488358	100.175	8.2375	122.3	73.9625	-58.88123487412083	1056	195	125	10	177	106	75	6	57	35	0	0	4.023570537567139	84560	4027.8921930789948	78898	6.695837275307468	
-1012681.7832079316	99.8375	8.0	114.7	69.5375	-58.88123487412083	1057	195	124	11	169	101	76	7	65	40	0	0	3.674860954284668	84640	4031.5670540332794	78972	6.696597353497168	
-1637799.6147605253	100.3625	7.975	112.1	68.0125	-58.88123487412083	1058	195	160	9	153	92	49	7	65	40	0	0	3.5717782974243164	84720	4035.1388323307037	79045	6.698536355051928	
-1275224.6953690927	100.9875	8.1625	121.9	73.7625	-58.88123487412083	1059	195	160	12	201	120	40	7	73	45	0	0	3.899285316467285	84800	4039.038117647171	79120	6.6981132075471805	
-300178.069877436	99.9125	8.075	123.3	74.625	-58.88123487412083	1060	195	156	12	201	120	44	7	65	40	0	0	3.7600796222686768	84880	4042.7981972694397	79195	6.697690857681437	
-625238.9939724321	100.0	8.1	121.2	73.375	-58.88123487412083	1061	195	157	11	201	120	43	6	57	35	0	0	3.817169666290283	84960	4046.61536693573	79271	6.696092278719405	
-1287832.7210363746	100.0	7.9875	116.7	70.725	-58.88123487412083	1062	195	149	11	193	115	51	6	57	35	0	0	3.817873477935791	85040	4050.4332404136658	79347	6.694496707431796	
-1012732.3046937243	100.225	8.2625	123.1	74.45	-58.88123487412083	1063	195	160	13	273	162	51	7	65	40	0	0	4.029848098754883	85120	4054.4630885124207	79422	6.694078947368425	
-875218.4413834333	100.4875	8.15	121.2	73.35	-58.88123487412083	1064	195	161	10	169	101	48	7	65	40	0	0	3.9023845195770264	85200	4058.3654730319977	79498	6.6924882629108	
-1162702.9919258566	100.0	8.1125	118.8	71.9375	-58.88123487412083	1065	195	173	11	193	115	27	7	65	40	0	0	3.7309086322784424	85280	4062.096381664276	79571	6.694418386491549	
-800166.0190392428	100.75	8.1125	118.9	72.0125	-58.88123487412083	1066	195	148	10	153	92	46	6	57	35	0	0	3.788175344467163	85360	4065.8845570087433	79646	6.694001874414241	
-912746.1584915787	99.575	8.3125	121.9	73.75	-58.88123487412083	1067	195	138	12	225	134	64	7	65	40	0	0	3.953392267227173	85440	4069.8379492759705	79722	6.692415730337075	
-1000172.9801991809	100.0	8.1625	119.7	72.5	-58.88123487412083	1068	195	132	9	153	92	68	7	73	45	0	0	3.552889823913574	85520	4073.390839099884	79793	6.696679139382596	
-1037685.8313892735	99.6	8.0625	118.4	71.7125	-58.88123487412083	1069	195	140	11	177	106	60	6	57	35	0	0	3.7788102626800537	85600	4077.169649362564	79868	6.696261682242991	
-1062680.73293663	100.3	8.25	122.8	74.3	-58.88123487412083	1070	195	138	11	177	106	62	7	65	40	0	0	3.8660647869110107	85680	4081.035714149475	79943	6.695845004668527	
-1325220.8705067881	102.9	8.1375	119.5	72.35	-58.88123487412083	1071	195	173	10	177	106	47	7	65	40	0	0	3.815502405166626	85760	4084.8512165546417	80018	6.695429104477611	
-1212692.4242740641	104.4125	8.1125	121.3	73.4125	-58.88123487412083	1072	195	153	10	177	106	63	7	73	45	0	0	3.9012250900268555	85840	4088.7524416446686	80093	6.695013979496736	
-1125216.5309759174	101.675	8.125	119.7	72.4625	-58.88123487412083	1073	195	159	13	217	129	41	7	65	40	0	0	3.840433120727539	85920	4092.592874765396	80168	6.694599627560521	
-800218.9124402984	102.9	8.151898734177216	120.18987341772151	72.73417721518987	-58.88123487412083	1074	196	171	10.0	153.0	92.0	29	6.0	57.0	35.0	0	0	3.907874584197998	86000	4096.500749349594	80243	6.694186046511632	
-662749.6025861099	102.55	8.1625	121.5	73.525	-58.88123487412083	1075	196	151	11	177	106	58	7	65	40	0	0	3.780151844024658	86080	4100.280901193619	80317	6.6949349442379145	
-875285.8218498941	100.0	8.1	120.7	73.05	-58.88123487412083	1076	196	148	12	265	157	52	7	65	40	0	0	3.9226088523864746	86160	4104.203510046005	80392	6.694521819870019	
-850192.7527257781	99.825	8.1375	122.1	73.9125	-58.88123487412083	1077	196	150	11	169	101	50	7	65	40	0	0	3.756869077682495	86240	4107.960379123688	80467	6.694109461966605	
-587692.6234587728	100.15	8.125	124.0	75.025	-58.88123487412083	1078	196	138	11	193	115	62	7	73	45	0	0	3.7398598194122314	86320	4111.7002389431	80540	6.696014828544946	
-575232.8485259453	100.0	8.0875	119.4	72.325	-58.88123487412083	1079	196	166	10	177	106	34	7	65	40	0	0	3.7348616123199463	86400	4115.43510055542	80615	6.695601851851848	
-762749.9652666363	99.925	8.0375	117.6	71.2625	-58.88123487412083	1080	196	144	11	193	115	56	7	65	40	0	0	3.816047430038452	86480	4119.251147985458	80691	6.694033302497687	
-925213.1739360405	100.0	8.0	117.55696202531645	71.24050632911393	-58.88123487412083	1081	197	154	10.0	177.0	106.0	46	7.0	65.0	40.0	0	0	3.6984548568725586	86560	4122.949602842331	80765	6.694778188539743	
-1000233.930077417	100.175	8.1875	122.5	74.0875	-58.88123487412083	1082	197	140	10	177	106	60	7	65	40	0	0	3.9327125549316406	86640	4126.882315397263	80839	6.695521698984308	
-1025243.3952183786	100.0	8.05	120.1	72.7375	-58.88123487412083	1083	197	154	10	153	92	46	7	65	40	0	0	3.795611619949341	86720	4130.677927017212	80915	6.693957564575641	
-475254.32957555505	100.4125	8.1875	121.4	73.4625	-58.88123487412083	1084	197	154	11	193	115	66	7	65	40	0	0	3.7726833820343018	86800	4134.450610399246	80988	6.695852534562206	
-1175228.3381142064	100.225	8.1375	122.5	74.0875	-58.88123487412083	1085	197	125	11	193	115	75	6	57	35	0	0	3.9997591972351074	86880	4138.450369596481	81063	6.695441988950279	
-537707.8701466676	100.0	8.25	124.6	75.375	-58.88123487412083	1086	197	160	11	177	106	40	7	73	45	0	0	3.8591222763061523	86960	4142.3094918727875	81139	6.69388224471021	
-437730.44477094756	100.2625	8.15	121.2	73.3625	-58.88123487412083	1087	197	138	10	177	106	62	7	65	40	0	0	3.860151529312134	87040	4146.1696434021	81215	6.692325367647058	
-600221.5461817745	100.95	8.175	122.1	73.9125	-58.88123487412083	1088	197	138	10	153	92	65	7	73	45	0	0	3.7496273517608643	87120	4149.9192707538605	81290	6.691919191919197	
-1137694.1925242997	100.0	8.1375	119.1	72.125	-58.88123487412083	1089	197	156	11	169	101	44	7	73	45	0	0	3.7733020782470703	87200	4153.6925728321075	81365	6.691513761467888	
-812661.7761236926	100.0	8.0875	118.3	71.6625	-58.88123487412083	1090	197	136	12	193	115	64	6	57	35	0	0	3.7993743419647217	87280	4157.491947174072	81441	6.689963336388644	
-850226.0843776267	100.025	8.2	123.4	74.6625	-58.88123487412083	1091	197	143	11	201	120	57	7	73	45	0	0	3.777970552444458	87360	4161.269917726517	81514	6.69184981684981	
-275136.1128810811	99.5	8.30379746835443	125.9620253164557	76.17721518987342	-58.88123487412083	1092	198	149	14.0	249.0	148.0	51	7.0	73.0	45.0	0	0	3.7704787254333496	87440	4165.04039645195	81588	6.692589204025623	
-787763.9524740691	100.175	8.1375	120.0	72.6375	-58.88123487412083	1093	198	149	11	193	115	51	7	65	40	0	0	3.870797872543335	87520	4168.911194324493	81662	6.693327239488113	
-1112747.030270872	99.5625	8.0375	115.7	70.125	-58.88123487412083	1094	198	149	10	177	106	51	7	65	40	0	0	3.7321717739105225	87600	4172.643366098404	81737	6.692922374429216	
-687843.0569440296	99.15	8.0125	118.6	71.85	-58.88118591459525	1095	198	138	10	153	92	48	7	65	40	0	0	3.791656970977783	87680	4176.435023069382	81813	6.691377737226276	
-1075224.7959012934	99.05	8.0125	115.4	69.9625	-58.88118591459525	1096	198	154	9	153	92	46	7	65	40	0	0	3.6974613666534424	87760	4180.132484436035	81888	6.690975387420238	
-1437676.6956457968	100.3	8.0375	115.1	69.7625	-58.88118591459525	1097	198	132	11	169	101	68	6	57	35	0	0	3.8102824687957764	87840	4183.942766904831	81964	6.689435336976317	
-975282.936359023	100.9	8.1875	119.8	72.5375	-58.88118591459525	1098	198	162	10	177	106	38	7	65	40	0	0	3.7986900806427	87920	4187.741456985474	82039	6.689035486806176	
-300205.32677879103	100.0	8.1625	122.3	74.025	-58.88118591459525	1099	198	126	11	201	120	74	7	65	40	0	0	3.579881429672241	88000	4191.321338415146	82109	6.694318181818176	
-1400253.5490543016	100.525	8.1375	119.1	72.125	-58.88118591459525	1100	198	139	12	225	134	61	7	65	40	0	0	3.8693909645080566	88080	4195.190729379654	82185	6.692779291553137	
-625216.912787763	98.95	8.012658227848101	113.81012658227849	69.0	-58.88118591459525	1101	199	171	10.0	217.0	129.0	29	7.0	65.0	40.0	0	0	3.7926599979400635	88160	4198.983389377594	82260	6.692377495462793	
-1387646.9906337056	96.1125	8.125	121.1	73.275	-58.88118591459525	1102	199	120	11	201	120	42	7	65	40	0	0	3.9585354328155518	88240	4202.94192481041	82335	6.691976427923834	
-912870.3808697138	98.2125	8.05	116.2	70.4125	-58.88118591459525	1103	199	139	10	177	106	61	7	65	40	0	0	3.7868638038635254	88320	4206.728788614273	82410	6.691576086956516	
-1112723.7803633392	99.025	8.125	119.0	72.05	-58.88118591459525	1104	199	160	11	201	120	40	7	65	40	0	0	3.7927544116973877	88400	4210.5215430259705	82483	6.693438914027155	
-887711.6976860494	103.0125	8.15	121.9	73.775	-58.88118591459525	1105	199	164	12	201	120	36	7	65	40	0	0	3.8210015296936035	88480	4214.342544555664	82557	6.694168173598555	
-237710.22526473115	96.0375	8.375	129.9	78.45	-58.88118591459525	1106	199	141	13	225	134	59	7	73	45	0	0	4.031395673751831	88560	4218.373940229416	82632	6.6937669376693805	
-812717.7267125435	100.0	8.1125	118.8	71.9375	-58.88118591459525	1107	199	159	10	153	92	41	7	65	40	0	0	3.7809906005859375	88640	4222.154930830002	82706	6.694494584837543	
-1037745.2528594674	100.0	8.1125	117.4	71.1125	-58.88118591459525	1108	199	141	11	177	106	59	7	65	40	0	0	3.868380546569824	88720	4226.023311376572	82782	6.692966636609555	
-850299.9269367382	98.975	8.08860759493671	118.56962025316456	71.79746835443038	-58.88118591459525	1109	200	148	11.0	241.0	143.0	52	7.0	65.0	40.0	0	0	3.751218318939209	88800	4229.774529695511	82854	6.695945945945951	
-1050164.6799015324	100.0	8.075	120.0	72.65	-58.88118591459525	1110	200	134	11	169	101	66	6	57	35	0	0	3.876688241958618	88880	4233.6512179374695	82930	6.694419441944206	
-887789.7730869828	100.0	8.1375	120.5	72.9375	-58.88118591459525	1111	200	156	11	177	106	44	7	65	40	0	0	3.8249239921569824	88960	4237.4761419296265	83005	6.694019784172667	
-412781.4480845003	100.0	8.2125	123.2	74.5375	-58.88118591459525	1112	200	139	11	193	115	61	7	73	45	0	0	3.8851852416992188	89040	4241.361327171326	83080	6.6936208445642364	
-575230.4575598866	100.0	8.2375	124.9	75.5375	-58.88118591459525	1113	200	143	10	177	106	57	7	73	45	0	0	3.9107232093811035	89120	4245.272050380707	83155	6.69322262118493	
-775273.8872643849	101.275	8.265822784810126	122.72151898734177	74.25316455696202	-58.88118591459525	1114	201	143	10.0	225.0	134.0	57	7.0	65.0	40.0	0	0	3.8647141456604004	89200	4249.136764526367	83229	6.693946188340803	
-975247.1406599192	100.9	8.15	118.3	71.65	-58.88118591459525	1115	201	152	10	201	120	48	7	65	40	0	0	3.8540396690368652	89280	4252.990804195404	83305	6.692428315412187	
-512809.63291174325	100.8875	8.25	121.3	73.4	-58.88118591459525	1116	201	165	10	169	101	35	7	73	45	0	0	3.8885655403137207	89360	4256.879369735718	83380	6.692032229185315	
-937749.4313312775	100.0	8.2875	125.9	76.1125	-58.88118591459525	1117	201	149	14	241	143	51	7	73	45	0	0	3.942209005355835	89440	4260.821578741074	83456	6.690518783542046	
-525211.3520609986	100.0	8.175	122.3	74.0	-58.88118591459525	1118	201	153	11	177	106	47	7	65	40	0	0	3.6787803173065186	89520	4264.50035905838	83528	6.693476318141194	
-887812.1811577741	100.0	8.125	118.6	71.8125	-58.88118591459525	1119	201	148	11	169	101	52	7	65	40	0	0	3.8672220706939697	89600	4268.367581129074	83603	6.693080357142861	
-925351.0193195224	100.8	8.151898734177216	118.9746835443038	72.0253164556962	-58.88108215668485	1120	202	146	11.0	249.0	148.0	54	7.0	65.0	40.0	0	0	3.8689470291137695	89680	4272.236528158188	83677	6.693800178412133	
-612753.2667543476	101.725	8.125	121.0	73.25	-58.88108215668485	1121	202	146	10	153	92	55	7	73	45	0	0	3.7972261905670166	89760	4276.033754348755	83752	6.6934046345811	
-937689.2063882661	101.4625	8.0375	116.6	70.6625	-58.88108215668485	1122	202	146	10	201	120	67	6	57	35	0	0	3.7849950790405273	89840	4279.818749427795	83828	6.691896705253782	
-725231.3928960841	100.575	8.1	118.9	72.0	-58.88108215668485	1123	202	146	11	177	106	79	7	65	40	0	0	3.761180877685547	89920	4283.579930305481	83902	6.692615658362982	
-900258.4154443359	100.575	8.1375	120.3	72.8125	-58.88108215668485	1124	202	153	13	297	176	77	7	65	40	0	0	3.8949127197265625	90000	4287.4748430252075	83978	6.691111111111113	
-1525257.162779055	100.2875	8.0625	116.9	70.8125	-58.88108215668485	1125	202	154	13	297	176	46	7	65	40	0	0	3.8626084327697754	90080	4291.337451457977	84053	6.69071936056838	
-637760.0020511593	99.8375	8.15	120.9	73.1625	-58.88108215668485	1126	202	144	10	177	106	56	7	73	45	0	0	3.889251947402954	90160	4295.22670340538	84127	6.691437444543041	
-687752.1226778071	100.0	8.139240506329115	120.0886075949367	72.68354430379746	-58.88108215668485	1127	203	163	12.0	193.0	115.0	37	7.0	65.0	40.0	0	0	3.8281290531158447	90240	4299.054832458496	84201	6.692154255319153	
-1137790.2611103354	98.925	8.1625	120.4	72.85	-58.88108215668485	1128	203	131	10	177	106	68	6	57	35	0	0	3.773341655731201	90320	4302.828174114227	84272	6.696191319752003	
-612730.8333340591	100.0125	8.125	122.7	74.25	-58.88108215668485	1129	203	117	9	153	92	83	7	73	45	0	0	3.8809103965759277	90400	4306.709084510803	84348	6.694690265486727	
-737861.4076984235	100.6125	8.225	121.7	73.6375	-58.88108215668485	1130	203	155	12	201	120	45	7	65	40	0	0	3.892648935317993	90480	4310.601733446121	84424	6.6931918656056695	
-1350226.6304435788	101.05	8.3375	126.7	76.55	-58.88108215668485	1131	203	147	11	201	120	53	7	65	40	0	0	4.055288076400757	90560	4314.657021522522	84500	6.691696113074215	
-425139.50890747143	99.35	8.225	125.4	75.85	-58.88108215668485	1132	203	129	10	177	106	55	7	73	45	0	0	3.8973288536071777	90640	4318.554350376129	84576	6.690203000882605	
-800204.9831207839	101.4875	8.075	123.1	74.4875	-58.88108215668485	1133	203	156	10	177	106	61	6	57	35	0	0	3.8540730476379395	90720	4322.408423423767	84652	6.688712522045861	
-987708.6823151826	102.7625	8.1625	121.0	73.2125	-58.88108215668485	1134	203	155	10	177	106	62	6	57	35	0	0	3.984166145324707	90800	4326.392589569092	84728	6.687224669603523	
-1075200.4462451423	98.35	8.125	119.5	72.3625	-58.88108215668485	1135	203	150	11	169	101	67	7	65	40	0	0	3.664790153503418	90880	4330.057379722595	84801	6.689040492957744	
-400270.18037690467	97.975	8.4	127.7	77.15	-58.88108215668485	1136	203	136	11	193	115	64	7	65	40	0	0	4.028982400894165	90960	4334.086362123489	84876	6.688654353562001	
-962676.4521446513	100.0	8.227848101265822	122.21518987341773	73.9620253164557	-58.88108215668485	1137	204	142	13.0	241.0	143.0	58	7.0	65.0	40.0	0	0	3.84806227684021	91040	4337.93442440033	84951	6.688268892794383	
-775234.3215162208	100.0	8.2375	124.3	75.1875	-58.88108215668485	1138	204	148	12	249	148	52	7	73	45	0	0	3.8702266216278076	91120	4341.804651021957	85026	6.687884108867422	
-950202.7702913746	100.0	8.1	120.1	72.7	-58.88108215668485	1139	204	156	11	177	106	44	7	65	40	0	0	3.8126323223114014	91200	4345.617283344269	85101	6.6875	
-1075157.6458806412	100.15	8.0375	120.4	72.9	-58.88108215668485	1140	204	146	10	153	92	54	7	65	40	0	0	3.617917776107788	91280	4349.235201120377	85173	6.690403155127072	
-925178.6344035696	100.05	8.0875	121.9	73.775	-58.88108215668485	1141	204	147	11	249	148	53	6	57	35	0	0	3.7752721309661865	91360	4353.010473251343	85247	6.69111208406305	
-600213.2897855564	100.0	8.1125	121.7	73.675	-58.88108215668485	1142	204	143	11	201	120	57	7	73	45	0	0	3.6597087383270264	91440	4356.67018198967	85320	6.69291338582677	
-400233.43711044086	100.2375	8.25	123.4	74.6625	-58.88108215668485	1143	204	130	13	225	134	70	7	73	45	0	0	3.744478702545166	91520	4360.414660692215	85394	6.69361888111888	
-887692.2262099062	100.15	8.0875	119.2	72.1875	-58.88108215668485	1144	204	155	11	193	115	45	6	57	35	0	0	3.810181140899658	91600	4364.224841833115	85470	6.692139737991269	
-1100193.392018493	100.1875	8.0625	116.6	70.6375	-58.88108215668485	1145	204	148	11	201	120	52	7	65	40	0	0	3.8275644779205322	91680	4368.052406311035	85545	6.6917539267015655	
-750194.5068225396	100.175	8.2125	122.2	73.95	-58.88108215668485	1146	204	137	10	177	106	63	7	65	40	0	0	3.875162363052368	91760	4371.9275686740875	85620	6.691368788142981	
-787751.2528620904	100.35	8.2125	121.6	73.5875	-58.88108215668485	1147	204	158	11	225	134	42	6	57	35	0	0	3.7795145511627197	91840	4375.70708322525	85694	6.692073170731703	
-1087775.4438157217	101.075	8.1625	120.0	72.6375	-58.88108215668485	1148	204	147	11	225	134	72	7	65	40	0	0	3.9036357402801514	91920	4379.61071896553	85769	6.691688424717142	
-687761.7418711832	100.7	8.0625	117.7	71.2625	-58.88108215668485	1149	204	140	11	169	101	60	6	57	35	0	0	3.795527696609497	92000	4383.40624666214	85842	6.693478260869568	
-412824.99879584403	100.2875	8.329113924050633	125.35443037974683	75.78481012658227	-58.88108215668485	1150	205	137	11.0	193.0	115.0	63	7.0	65.0	40.0	0	0	3.879655122756958	92080	4387.285901784897	85916	6.694178974804515	
-1062636.2436070675	100.0	8.2125	123.6	74.775	-58.88108215668485	1151	205	118	11	169	101	82	7	65	40	0	0	3.9029316902160645	92160	4391.188833475113	85992	6.692708333333329	
-887666.5340100063	99.975	8.45	127.9	77.275	-58.88108215668485	1152	205	146	12	225	134	54	7	73	45	0	0	3.9941601753234863	92240	4395.182993650436	86067	6.692324371205544	
-875141.806492998	102.025	8.25	127.3	76.9375	-58.88108215668485	1153	205	149	11	201	120	58	7	73	45	0	0	3.959153413772583	92320	4399.142147064209	86141	6.693024263431539	
-400317.61390479933	100.1375	8.291139240506329	123.9367088607595	74.9620253164557	-58.88108215668485	1154	206	164	14.0	273.0	162.0	36	7.0	65.0	40.0	0	0	3.8889682292938232	92400	4403.031115293503	86216	6.692640692640694	
-362814.16771194426	101.5125	8.2	120.4	72.8875	-58.88108215668485	1155	206	159	12	201	120	62	7	65	40	0	0	3.783672571182251	92480	4406.814787864685	86290	6.693339100346023	
-487840.20874188765	103.05	8.125	117.7	71.3	-58.88108215668485	1156	206	159	12	185	110	73	6	57	35	0	0	3.741319179534912	92560	4410.55610704422	86364	6.694036300777867	
-950196.5342276596	102.4125	8.0375	118.3	71.6625	-58.88108215668485	1157	206	166	10	177	106	38	6	57	35	0	0	3.7646024227142334	92640	4414.320709466934	86439	6.6936528497409284	
-1025256.7093517225	102.6125	8.1375	119.9	72.5875	-58.88108215668485	1158	206	184	11	193	115	37	7	65	40	0	0	3.9539918899536133	92720	4418.274701356888	86515	6.6921915444348485	
-925174.439574676	100.8375	8.2125	123.1	74.4875	-58.88108215668485	1159	206	133	11	201	120	67	7	65	40	0	0	3.836243152618408	92800	4422.110944509506	86590	6.691810344827587	
-825212.4951745718	100.6875	8.2875	123.6	74.7875	-58.88108215668485	1160	206	133	12	201	120	70	7	65	40	0	0	3.664850950241089	92880	4425.775795459747	86663	6.693583118001726	
-487695.5700381909	100.425	8.1625	121.8	73.725	-58.88108215668485	1161	206	165	11	201	120	35	7	73	45	0	0	3.8357465267181396	92960	4429.611541986465	86738	6.693201376936315	
-775322.1622916337	100.0	8.1125	121.5	73.55	-58.88108215668485	1162	206	151	9	177	106	49	7	65	40	0	0	3.790586471557617	93040	4433.402128458023	86813	6.692820292347378	
-1325233.6619623513	100.0	8.1375	119.9	72.5625	-58.88108215668485	1163	206	134	11	217	129	66	7	65	40	0	0	4.071863889694214	93120	4437.473992347717	86889	6.691365979381445	
-862785.7902819179	100.0	8.15	120.0	72.6375	-58.88108215668485	1164	206	167	13	217	129	33	7	65	40	0	0	3.782888412475586	93200	4441.256880760193	86962	6.693133047210296	
-1375278.2497627628	99.6375	8.075	118.4	71.6875	-58.88108100301891	1165	206	137	12	217	129	63	7	65	40	0	0	3.939847946166992	93280	4445.19672870636	87038	6.691680960548879	
-862794.8438493051	101.1125	8.325	130.0	78.5125	-58.88108100301891	1166	206	133	12	225	134	67	7	65	40	0	0	4.112292528152466	93360	4449.309021234512	87114	6.69023136246787	
-750215.0290245971	101.0125	8.0875	119.1	72.1	-58.88108100301891	1167	206	138	11	169	101	62	6	57	35	0	0	3.8543546199798584	93440	4453.163375854492	87188	6.690924657534254	
-1137712.3614645307	100.0	8.15	123.8	74.8625	-58.88108100301891	1168	206	117	11	193	115	83	6	57	35	0	0	3.904096841812134	93520	4457.067472696304	87261	6.692686056458513	
-775187.8137198462	99.9	8.1125	119.7	72.475	-58.88108100301891	1169	206	159	10	153	92	41	7	65	40	0	0	3.798759698867798	93600	4460.866232395172	87336	6.692307692307693	
-1175213.4370953764	102.0375	8.125	119.7	72.45	-58.88108100301891	1170	206	159	10	169	101	56	7	65	40	0	0	3.905564308166504	93680	4464.771796703339	87411	6.691929974380869	
-500203.0689572586	100.7	8.050632911392405	120.39240506329114	72.89873417721519	-58.88108100301891	1171	207	159	11.0	177.0	106.0	43	7.0	73.0	45.0	0	0	3.735745906829834	93760	4468.5075426101685	87485	6.6926194539249195	
-1037740.8433265571	100.2125	8.15	121.2	73.3375	-58.88108100301891	1172	207	168	13	209	124	32	7	65	40	0	0	3.910397529602051	93840	4472.4179401397705	87559	6.693307757885762	
-1225296.7778209317	101.2875	8.125	118.5	71.7375	-58.88108100301891	1173	207	166	13	249	148	34	7	65	40	0	0	3.9707210063934326	93920	4476.388661146164	87635	6.691865417376491	
-1550297.753215219	101.925	8.1	116.6	70.6125	-58.88108100301891	1174	207	152	11	201	120	70	6	57	35	0	0	3.9464268684387207	94000	4480.335088014603	87710	6.691489361702125	
-1237674.2143009526	99.7875	8.25	124.6	75.3125	-58.88108100301891	1175	207	151	11	193	115	49	6	57	35	0	0	4.031069755554199	94080	4484.366157770157	87784	6.692176870748298	
-812791.2719779076	101.05	8.1375	117.2	71.025	-58.88108100301891	1176	207	151	11	177	106	52	7	65	40	0	0	3.6916046142578125	94160	4488.057762384415	87859	6.691801189464741	
-812696.285626132	100.225	8.25	123.1	74.475	-58.88108100301891	1177	207	142	11	177	106	58	6	57	35	0	0	3.8965463638305664	94240	4491.954308748245	87935	6.690365025466889	
-1062666.8967556853	99.85	8.2375	124.7	75.4125	-58.88108100301891	1178	207	116	11	177	106	84	7	65	40	0	0	3.924590826034546	94320	4495.87889957428	88010	6.6899915182358	
-1050209.2922838007	99.6125	7.975	118.8	71.95	-58.88108100301891	1179	207	148	10	153	92	52	7	65	40	0	0	3.840155601501465	94400	4499.719055175781	88086	6.688559322033896	
-687879.4166048553	99.7	8.0625	118.0	71.475	-58.88108100301891	1180	207	128	11	201	120	72	7	65	40	0	0	3.702669858932495	94480	4503.421725034714	88159	6.6903048264182985	
-937656.7682222662	100.45	8.012658227848101	115.83544303797468	70.24050632911393	-58.88108100301891	1181	208	185	10.0	153.0	92.0	15	7.0	65.0	40.0	0	0	3.5833327770233154	94560	4507.005057811737	88233	6.690989847715727	
-1062703.135847466	99.35	8.113924050632912	117.9620253164557	71.45569620253164	-58.88108100301891	1182	209	154	12.0	225.0	134.0	46	7.0	65.0	40.0	0	0	3.6699507236480713	94640	4510.675008535385	88306	6.6927303465764965	
-987698.187061692	99.35	8.125	124.0	75.025	-58.88108100301891	1183	209	142	9	153	92	58	7	65	40	0	0	3.798952341079712	94720	4514.473960876465	88381	6.692356418918919	
-600229.1879324224	98.8625	8.1875	120.8	73.1375	-58.88108100301891	1184	209	164	12	201	120	36	7	65	40	0	0	3.8132567405700684	94800	4518.287217617035	88457	6.690928270042193	
-400200.95128766156	99.5875	8.2125	121.3	73.45	-58.88108100301891	1185	209	193	12	201	120	32	7	65	40	0	0	3.6691012382507324	94880	4521.956318855286	88530	6.692664418212473	
-1225219.5385949719	100.0	8.2	122.0	73.8	-58.88108100301891	1186	209	148	11	201	120	52	7	65	40	0	0	3.957033395767212	94960	4525.913352251053	88606	6.691238416175224	
-1150171.489617486	99.225	8.1	118.4	71.7125	-58.88108100301891	1187	209	134	12	193	115	52	6	57	35	0	0	3.7681570053100586	95040	4529.681509256363	88681	6.6908670033670035	
-1225188.542314282	100.2125	8.15	120.1	72.7125	-58.88108100301891	1188	209	145	10	177	106	55	7	65	40	0	0	3.8473904132843018	95120	4533.528899669647	88756	6.690496215306979	
-650242.955275253	100.325	8.25	121.9	73.7625	-58.88108100301891	1189	209	148	12	225	134	52	7	73	45	0	0	3.8925960063934326	95200	4537.421495676041	88831	6.690126050420162	
-575286.071005381	99.1875	8.1125	118.3	71.675	-58.88108100301891	1190	209	144	11	193	115	56	6	57	35	0	0	3.7713804244995117	95280	4541.19287610054	88907	6.688706968933673	
-1262768.9602491553	100.875	8.1875	122.1	73.8875	-58.88108100301891	1191	209	180	9	201	120	50	6	57	35	0	0	3.8628318309783936	95360	4545.055707931519	88982	6.688338926174495	
-1437671.7594728107	100.8125	8.1625	119.3	72.2375	-58.88108100301891	1192	209	182	12	193	115	33	7	65	40	0	0	3.7617530822753906	95440	4548.817461013794	89056	6.689019279128246	
-925151.369283718	100.125	8.2375	126.0	76.175	-58.88108100301891	1193	209	147	12	225	134	53	7	73	45	0	0	3.889590263366699	95520	4552.707051277161	89130	6.689698492462313	
-1000356.3587763191	100.0	8.1125	118.4	71.7125	-58.88108100301891	1194	209	131	11	169	101	69	7	65	40	0	0	3.842022657394409	95600	4556.549073934555	89206	6.688284518828453	
-700237.3201364081	99.2625	8.2625	124.3	75.1625	-58.88108100301891	1195	209	154	13	241	143	46	7	65	40	0	0	3.903547763824463	95680	4560.4526216983795	89280	6.68896321070234	
-600138.8329296344	101.4	8.275	127.2	76.8875	-58.88108100301891	1196	209	151	13	249	148	49	7	73	45	0	0	3.9685003757476807	95760	4564.421122074127	89355	6.688596491228068	
-1162690.3746030785	100.0	8.037974683544304	118.77215189873418	71.9367088607595	-58.88108100301891	1197	210	155	9.0	153.0	92.0	45	6.0	57.0	35.0	0	0	3.7169249057769775	95840	4568.138046979904	89428	6.690317195325548	
-737681.0820192337	100.85	8.175	124.6	75.375	-58.88108100301891	1198	210	138	12	193	115	70	7	73	45	0	0	3.8652443885803223	95920	4572.0032913684845	89504	6.688907422852381	
-825196.91804719	100.475	8.2625	126.7	76.5875	-58.88108100301891	1199	210	146	11	201	120	54	7	65	40	0	0	4.018706321716309	96000	4576.021997690201	89579	6.688541666666666	
-737750.8470967629	100.925	8.0875	122.5	74.125	-58.88108100301891	1200	210	153	10	177	106	47	7	65	40	0	0	3.8630847930908203	96080	4579.885082483292	89654	6.688176519567023	
-475275.34114977287	100.9375	8.225	125.2	75.7	-58.88108100301891	1201	210	149	12	193	115	51	7	65	40	0	0	3.9812521934509277	96160	4583.866334676743	89730	6.686772046589013	
-562730.5263172049	101.4625	8.2125	125.1	75.6625	-58.88108100301891	1202	210	141	10	177	106	59	7	73	45	0	0	3.933616876602173	96240	4587.799951553345	89806	6.685369908561938	
-800225.9123760359	100.6625	8.0125	118.9	72.025	-58.88108100301891	1203	210	152	9	153	92	42	6	57	35	0	0	3.797799825668335	96320	4591.597751379013	89882	6.683970099667775	
-625162.1166202782	100.4125	8.0375	121.6	73.6	-58.88098512007285	1204	210	149	11	193	115	51	6	57	35	0	0	3.8552424907684326	96400	4595.4529938697815	89957	6.683609958506224	
-1287839.3348011817	100.0	8.1375	120.4	72.8625	-58.88098512007285	1205	210	148	14	249	148	52	7	65	40	0	0	3.836742401123047	96480	4599.2897362709045	90031	6.684286898839147	
-1025250.4456554262	99.7	8.25	124.1	75.025	-58.88098512007285	1206	210	141	11	177	106	59	6	57	35	0	0	4.0601441860198975	96560	4603.349880456924	90107	6.682891466445724	
-1162699.3240952282	100.825	8.35	125.8	76.0375	-58.88098512007285	1207	210	133	11	201	120	71	7	73	45	0	0	3.8814375400543213	96640	4607.231317996979	90180	6.684602649006621	
-725240.6467044925	100.7	8.4625	128.1	77.375	-58.88098512007285	1208	210	147	12	201	120	53	6	57	35	0	0	4.064274072647095	96720	4611.295592069626	90255	6.684243176178654	
-862734.9995765204	102.65	8.2375	122.6	74.175	-58.88098512007285	1209	210	157	12	201	120	43	7	65	40	0	0	3.8349647521972656	96800	4615.130556821823	90330	6.683884297520663	
-1062634.9192975145	100.0125	8.265822784810126	122.92405063291139	74.37974683544304	-58.88098512007285	1210	211	153	10.0	177.0	106.0	47	7.0	65.0	40.0	0	0	3.7556815147399902	96880	4618.886238336563	90404	6.684558216350126	
-400178.8518942365	99.9375	8.275	123.6	74.75	-58.88098512007285	1211	211	123	12	193	115	77	7	65	40	0	0	3.921638250350952	96960	4622.807876586914	90478	6.685231023102318	
-962727.1844756383	100.0	8.139240506329115	122.51898734177215	74.11392405063292	-58.88098512007285	1212	212	143	12.0	225.0	134.0	57	6.0	57.0	35.0	0	0	3.916395425796509	97040	4626.724272012711	90553	6.684872217642209	
-725241.9570642209	99.6875	8.5	128.8	77.7625	-58.88098512007285	1213	212	137	12	225	134	63	7	73	45	0	0	4.135850191116333	97120	4630.860122203827	90628	6.684514003294893	
-875260.0464511348	100.4625	8.1875	120.9	73.15	-58.88098512007285	1214	212	166	12	201	120	34	6	57	35	0	0	3.9019508361816406	97200	4634.7620730400085	90703	6.684156378600818	
-1300225.7685279853	100.0	8.075	115.3	69.9	-58.88098512007285	1215	212	124	10	153	92	76	7	73	45	0	0	3.735668659210205	97280	4638.497741699219	90779	6.682771381578945	
-287788.0710924742	100.0	8.175	118.4	71.7375	-58.88098512007285	1216	212	139	11	201	120	61	7	65	40	0	0	3.6962292194366455	97360	4642.193970918655	90854	6.682415776499582	
-437739.93695361726	100.525	8.164556962025317	117.75949367088607	71.31645569620254	-58.88098512007285	1217	213	156	11.0	169.0	101.0	44	6.0	57.0	35.0	0	0	3.8289785385131836	97440	4646.022949457169	90929	6.682060755336622	
-600244.5894166679	99.6125	8.025	117.5	71.2	-58.88098512007285	1218	213	163	11	201	120	37	7	65	40	0	0	3.795013904571533	97520	4649.81796336174	91005	6.680680885972109	
-800227.1223810073	105.625	8.15	120.5	72.95	-58.88098512007285	1219	213	163	10	177	106	52	7	73	45	0	0	3.8162038326263428	97600	4653.6341671943665	91080	6.6803278688524586	
-287710.14226658345	100.5625	7.975	114.0	69.15	-58.88098512007285	1220	213	146	10	177	106	54	7	65	40	0	0	3.627263069152832	97680	4657.261430263519	91155	6.679975429975428	
-762656.7096855429	100.275	8.1625	119.3	72.2375	-58.88098512007285	1221	213	148	10	177	106	52	6	57	35	0	0	3.699702739715576	97760	4660.961133003235	91229	6.6806464811784	
-1062749.6927358694	100.925	8.0625	112.5	68.25	-58.88098512007285	1222	213	173	11	177	106	27	7	65	40	0	0	3.582643508911133	97840	4664.543776512146	91303	6.681316434995907	
-875121.3013914261	100.6	8.0875	120.3	72.8625	-58.88098512007285	1223	213	143	11	193	115	57	7	65	40	0	0	3.7376339435577393	97920	4668.281410455704	91378	6.680964052287592	
-987725.1218600019	100.2	8.2125	120.3	72.825	-58.88098512007285	1224	213	147	12	193	115	53	7	65	40	0	0	3.8333311080932617	98000	4672.114741563797	91453	6.680612244897958	
-737712.1720737508	99.525	8.125	121.2	73.375	-58.88098512007285	1225	213	159	10	193	115	41	7	65	40	0	0	3.856724262237549	98080	4675.971465826035	91529	6.679241435562815	
-537742.6629810111	100.0	8.2625	126.8	76.6375	-58.88098512007285	1226	213	118	11	193	115	82	7	65	40	0	0	3.9924416542053223	98160	4679.96390748024	91603	6.679910350448253	
-1037831.1584874686	99.9	8.126582278481013	119.07594936708861	72.11392405063292	-58.88098512007285	1227	214	142	13.0	249.0	148.0	58	7.0	73.0	45.0	0	0	3.7428839206695557	98240	4683.706791400909	91677	6.680578175895775	
-800278.5949991067	100.4625	8.175	122.2	73.9375	-58.88098512007285	1228	214	141	11	193	115	59	7	73	45	0	0	3.960519790649414	98320	4687.667311191559	91753	6.679210740439373	
-912733.7617726981	102.5625	8.175	122.0	73.825	-58.88098512007285	1229	214	152	10	177	106	48	7	73	45	0	0	3.8948557376861572	98400	4691.562166929245	91829	6.677845528455279	
-1262707.7966308468	101.375	8.1	118.4	71.7125	-58.88098512007285	1230	214	141	10	153	92	62	7	65	40	0	0	3.8473479747772217	98480	4695.409514904022	91905	6.67648253452478	
-1025181.0301351625	99.8125	8.1625	120.4	72.8625	-58.88098512007285	1231	214	148	10	153	92	49	7	65	40	0	0	3.9326674938201904	98560	4699.342182397842	91979	6.677150974025963	
-637639.6815499532	98.6875	8.1	121.2	73.3625	-58.88098512007285	1232	214	169	11	177	106	31	7	65	40	0	0	3.849083423614502	98640	4703.191265821457	92055	6.675790754257903	
-525232.8779467338	103.025	8.1375	121.8	73.7375	-58.88098512007285	1233	214	169	10	153	92	92	7	73	45	0	0	3.7689576148986816	98720	4706.960223436356	92130	6.675445705024302	
-962695.6943103991	101.725	8.1875	120.8	73.1375	-58.88098512007285	1234	214	169	10	201	120	63	7	65	40	0	0	3.809197187423706	98800	4710.769420623779	92206	6.674089068825907	
-1012755.801919216	101.6125	8.025	115.9	70.25	-58.88098512007285	1235	214	169	9	153	92	54	7	65	40	0	0	3.6721689701080322	98880	4714.441589593887	92280	6.674757281553397	
-1075291.62000212	102.1875	8.025	113.3	68.7125	-58.88098512007285	1236	214	176	9	153	92	54	6	57	35	0	0	3.7107186317443848	98960	4718.152308225632	92355	6.674413904607917	
-387823.1685393571	100.025	8.1	120.2	72.7625	-58.88098512007285	1237	214	138	10	153	92	62	7	73	45	0	0	3.931138515472412	99040	4722.083446741104	92431	6.673061389337647	
-575162.1801154886	100.4875	8.177215189873417	123.43037974683544	74.64556962025317	-58.88098512007285	1238	215	156	11.0	201.0	120.0	44	6.0	57.0	35.0	0	0	3.9579014778137207	99120	4726.041348218918	92506	6.6727199354318	
-387779.68092324596	100.0	8.1625	121.7	73.675	-58.88098512007285	1239	215	155	11	201	120	45	7	65	40	0	0	3.7569918632507324	99200	4729.798340082169	92581	6.672379032258064	
-937734.4111230271	100.0	8.2	122.0	73.825	-58.88098512007285	1240	215	128	10	153	92	72	7	65	40	0	0	3.8234071731567383	99280	4733.621747255325	92656	6.6720386784850945	
-575322.8607530764	100.6375	8.0875	119.5	72.3625	-58.88098512007285	1241	215	139	10	153	92	61	6	57	35	0	0	3.8261919021606445	99360	4737.447939157486	92732	6.670692431562003	
-587681.1637960832	99.025	8.076923076923077	120.8974358974359	73.16666666666667	-58.88098512007285	1242	217	143	10.0	177.0	106.0	25	6.0	57.0	35.0	0	0	3.783858060836792	99440	4741.231797218323	92805	6.672365245374095	
-412803.08640102163	100.4875	8.0875	120.9	73.175	-58.88098512007285	1243	217	159	11	193	115	61	6	57	35	0	0	3.9497272968292236	99520	4745.181524515152	92881	6.671020900321551	
-800202.5190788504	100.0	8.1625	122.9	74.375	-58.88098512007285	1244	217	139	13	217	129	61	7	73	45	0	0	3.759800672531128	99600	4748.941325187683	92955	6.671686746987945	
-987846.6214996282	100.0	8.1125	117.3	71.05	-58.88098512007285	1245	217	157	9	177	106	43	7	65	40	0	0	3.8220691680908203	99680	4752.763394355774	93030	6.671348314606746	
-1375225.5070639641	106.8625	8.3125	122.1	73.8375	-58.88098512007285	1246	217	165	14	241	143	68	7	65	40	0	0	4.037574052810669	99760	4756.800968408585	93106	6.670008019246183	
-912648.9647514292	100.85	8.075	118.2	71.5875	-58.88098512007285	1247	217	151	10	153	92	49	6	57	35	0	0	3.855956792831421	99840	4760.656925201416	93182	6.668669871794876	
-87722.06683368541	100.075	8.1875	120.7	73.0875	-58.88098512007285	1248	217	140	10	153	92	60	7	65	40	0	0	3.710118293762207	99920	4764.367043495178	93256	6.6693354683746975	
-512811.669230497	101.0	8.1875	121.5	73.525	-58.88098512007285	1249	217	144	12	193	115	59	7	65	40	0	0	3.857586622238159	100000	4768.224630117416	93331	6.668999999999997	
-637685.779407623	100.3625	8.1375	121.9	73.775	-58.88098512007285	1250	217	145	11	225	134	55	7	73	45	0	0	3.845571756362915	100080	4772.070201873779	93405	6.669664268585123	
-625265.2404625551	100.0	8.05	117.0	70.9125	-58.88098512007285	1251	217	135	11	193	115	65	7	65	40	0	0	3.713313341140747	100160	4775.78351521492	93480	6.66932907348243	
-837790.7826259417	102.5125	8.0625	118.3	71.675	-58.88098512007285	1252	217	133	10	153	92	67	7	65	40	0	0	3.6877031326293945	100240	4779.471218347549	93555	6.66899441340783	
-662700.5134572979	102.2	8.2	121.1	73.3	-58.88098512007285	1253	217	127	11	193	115	73	7	65	40	0	0	3.883124589920044	100320	4783.3543429374695	93631	6.6676634768740115	
-1150291.5575060942	101.375	8.325	119.8	72.5	-58.88098512007285	1254	217	155	12	225	134	45	7	65	40	0	0	3.9886832237243652	100400	4787.343026161194	93707	6.666334661354583	
-587728.5264132549	100.0	8.3125	124.4	75.25	-58.88098512007285	1255	217	153	11	225	134	47	7	73	45	0	0	3.906740188598633	100480	4791.2497663497925	93783	6.665007961783445	
-625222.268510983	100.4375	8.4	125.1	75.6375	-58.88098512007285	1256	217	138	12	241	143	62	7	73	45	0	0	4.0437445640563965	100560	4795.293510913849	93859	6.663683373110587	
-925239.1938332092	99.9125	8.3625	124.2	75.0875	-58.88098512007285	1257	217	138	11	193	115	62	7	65	40	0	0	4.008028507232666	100640	4799.3015394210815	93934	6.663354531001588	
-1200256.1831001735	100.0	8.2125	121.5	73.5	-58.88098512007285	1258	217	161	11	177	106	39	6	57	35	0	0	3.9532651901245117	100720	4803.254804611206	94009	6.66302621127879	
-612768.9983876065	101.0875	8.225	122.7	74.2375	-58.88098512007285	1259	217	161	11	201	120	64	7	65	40	0	0	3.925539970397949	100800	4807.180344581604	94085	6.661706349206355	
-725197.3342654223	100.45	8.0875	119.5	72.375	-58.88098512007285	1260	217	150	10	153	92	50	7	65	40	0	0	3.7239065170288086	100880	4810.904251098633	94159	6.662371134020617	
-425210.64249401714	99.7625	8.175	122.5	74.1125	-58.88098512007285	1261	217	132	11	201	120	68	7	73	45	0	0	3.895728826522827	100960	4814.799979925156	94234	6.662044374009511	
-837714.293467556	101.9125	8.0875	122.5	74.1375	-58.88098512007285	1262	217	138	10	177	106	62	7	65	40	0	0	3.75553822517395	101040	4818.55551815033	94308	6.662707838479804	
-862855.6954377508	100.45	8.125	119.3	72.2125	-58.88098512007285	1263	217	162	11	177	106	38	7	65	40	0	0	3.854217529296875	101120	4822.4097356796265	94382	6.663370253164558	
-550195.8941614628	101.1	8.275	126.9	76.6875	-58.88098512007285	1264	217	168	13	241	143	32	7	73	45	0	0	4.088921308517456	101200	4826.498656988144	94458	6.662055335968375	
-300270.6700924932	102.6375	8.15	121.0	73.2375	-58.88098512007285	1265	217	168	11	201	120	37	7	65	40	0	0	3.8586978912353516	101280	4830.357354879379	94533	6.661729857819907	
-462745.6867487084	100.3625	8.05	121.9	73.7875	-58.88098512007285	1266	217	162	11	169	101	38	7	73	45	0	0	3.8460235595703125	101360	4834.20337843895	94609	6.6604183109707975	
-587776.4535552999	98.6875	8.126582278481013	122.0126582278481	73.82278481012658	-58.88098512007285	1267	218	141	11.0	169.0	101.0	35	6.0	57.0	35.0	0	0	3.870177745819092	101440	4838.073556184769	94684	6.6600946372239775	
-1612762.430300437	99.8125	8.1625	120.6	72.9625	-58.88098512007285	1268	218	138	11	193	115	62	7	65	40	0	0	4.0460145473480225	101520	4842.119570732117	94760	6.6587864460204855	
-850316.2819997342	100.1	8.1125	117.2	70.9875	-58.88098512007285	1269	218	157	11	169	101	39	6	57	35	0	0	3.808316946029663	101600	4845.927887678146	94835	6.6584645669291405	
-1212741.6524959202	99.55	8.1875	116.6	70.625	-58.88098512007285	1270	218	137	10	153	92	63	6	57	35	0	0	3.8638813495635986	101680	4849.79176902771	94911	6.657159716758457	
-387745.1820427926	100.0	8.3375	128.5	77.6625	-58.88098512007285	1271	218	149	13	249	148	51	7	73	45	0	0	3.903411626815796	101760	4853.695180654526	94986	6.656839622641513	
-875232.8266034953	102.475	8.175	121.7	73.6375	-58.88098512007285	1272	218	169	11	169	101	54	6	57	35	0	0	3.8656232357025146	101840	4857.560803890228	95060	6.657501963864888	
-1137695.5299049113	100.8	8.2125	121.5	73.55	-58.88098512007285	1273	218	145	10	153	92	65	7	65	40	0	0	3.7741191387176514	101920	4861.334923028946	95135	6.6571821036106655	
-487693.4254999723	99.3625	8.1375	120.9	73.2	-58.88098512007285	1274	218	148	14	297	176	52	7	65	40	0	0	3.8208086490631104	102000	4865.155731678009	95211	6.655882352941177	
-875322.9940359006	100.025	8.2125	118.6	71.825	-58.88098512007285	1275	218	131	13	217	129	69	6	57	35	0	0	3.777117967605591	102080	4868.932849645615	95286	6.655564263322887	
-850285.1541482406	100.775	8.2375	121.4	73.4625	-58.88098512007285	1276	218	137	11	177	106	63	6	57	35	0	0	3.8800816535949707	102160	4872.81293129921	95361	6.655246671887241	
-800293.6527207936	99.6875	8.1375	121.8	73.7	-58.88098512007285	1277	218	136	10	177	106	64	6	57	35	0	0	3.8303565979003906	102240	4876.64328789711	95435	6.655907668231606	
-1012796.9366616339	100.55	8.2125	121.9	73.75	-58.88098512007285	1278	218	165	12	225	134	35	7	65	40	0	0	3.885998487472534	102320	4880.5292863845825	95510	6.655590304925724	
-887694.9574601043	100.4625	8.316455696202532	123.53164556962025	74.70886075949367	-58.88098512007285	1279	219	152	11.0	193.0	115.0	48	7.0	73.0	45.0	0	0	3.9368863105773926	102400	4884.46617269516	95585	6.6552734375	
-762695.0503187495	101.05	8.175	122.8	74.275	-58.88098512007285	1280	219	118	10	177	106	82	6	57	35	0	0	3.95896053314209	102480	4888.425133228302	95661	6.653981264636997	
-300160.69635376177	101.225	8.35	127.6	77.1	-58.88098512007285	1281	219	134	12	225	134	66	7	73	45	0	0	4.007734775543213	102560	4892.432868003845	95736	6.653666146645861	
-700216.3213926151	101.925	8.175	121.6	73.6	-58.88098512007285	1282	219	139	11	201	120	61	7	65	40	0	0	3.781747341156006	102640	4896.214615345001	95811	6.653351519875301	
-1075191.3863296076	103.325	8.3	127.2	76.8375	-58.88098512007285	1283	219	150	13	249	148	64	6	57	35	0	0	4.080212593078613	102720	4900.29482793808	95886	6.653037383177576	
-775306.2364707195	104.25	8.125	121.9	73.775	-58.88098512007285	1284	219	155	11	177	106	45	7	73	45	0	0	3.7410480976104736	102800	4904.03587603569	95959	6.654669260700388	
-700196.7297191754	100.625	8.14102564102564	119.05128205128206	72.08974358974359	-58.88098512007285	1285	221	150	11.0	177.0	106.0	85	7.0	65.0	40.0	0	0	3.7344579696655273	102880	4907.770334005356	96032	6.6562986003110325	
-812688.5922109856	100.1875	7.9875	114.4	69.3875	-58.88098512007285	1286	221	148	9	153	92	52	7	65	40	0	0	3.611835479736328	102960	4911.382169485092	96106	6.656954156954157	
-662876.0075408919	100.0	8.1125	117.0	70.8875	-58.88098512007285	1287	221	141	10	177	106	59	7	65	40	0	0	3.808159112930298	103040	4915.1903285980225	96182	6.655667701863351	
-725187.1498955331	100.4625	8.125	119.3	72.25	-58.88098512007285	1288	221	168	11	193	115	32	7	65	40	0	0	3.7748029232025146	103120	4918.965131521225	96256	6.656322730799076	
-875146.8038614944	100.0	8.0125	113.6	68.925	-58.88098512007285	1289	221	151	10	177	106	49	7	65	40	0	0	3.506188154220581	103200	4922.471319675446	96329	6.657945736434115	
-912839.4201627687	100.0	8.175	119.1	72.125	-58.88098512007285	1290	221	155	11	201	120	45	7	73	45	0	0	3.750729560852051	103280	4926.222049236298	96401	6.660534469403572	
-625205.2392016047	100.0	8.125	116.2	70.3875	-58.88098512007285	1291	221	131	10	177	106	69	7	65	40	0	0	3.926940441131592	103360	4930.148989677429	96477	6.659249226006196	
-875170.9383997095	100.8125	8.2625	124.9	75.525	-58.88098512007285	1292	221	140	11	201	120	60	7	65	40	0	0	3.9594647884368896	103440	4934.108454465866	96552	6.6589327146171655	
-550186.9586649621	100.1625	8.225	122.4	74.075	-58.88098512007285	1293	221	158	10	153	92	42	7	65	40	0	0	3.8334624767303467	103520	4937.941916942596	96627	6.658616692426591	
-1425310.3674473572	100.75	8.125	118.7	71.875	-58.88098512007285	1294	221	150	10	177	106	50	6	57	35	0	0	3.8215227127075195	103600	4941.763439655304	96702	6.658301158301157	
-600272.3492021649	100.1875	8.0375	118.7	71.9	-58.88098512007285	1295	221	147	10	153	92	53	7	65	40	0	0	3.783385753631592	103680	4945.546825408936	96777	6.657986111111114	
-1162773.825915858	100.5875	8.1625	120.6	72.9875	-58.88098512007285	1296	221	157	11	177	106	43	7	65	40	0	0	3.8579039573669434	103760	4949.4047293663025	96851	6.658635312259065	
-462849.55619371927	99.525	8.1875	124.7	75.3875	-58.88098512007285	1297	221	141	10	201	120	59	7	65	40	0	0	4.088026762008667	103840	4953.492756128311	96927	6.657357473035447	
-387674.29382040084	98.55	8.1875	123.8	74.9	-58.88098512007285	1298	221	137	10	153	92	59	6	57	35	0	0	3.8642406463623047	103920	4957.3569967746735	97002	6.657043879907619	
-862686.3946071407	99.3125	8.151898734177216	119.78481012658227	72.50632911392405	-58.88098512007285	1299	222	142	12.0	249.0	148.0	58	6.0	57.0	35.0	0	0	3.899449348449707	104000	4961.256446123123	97077	6.656730769230762	
-675266.641634704	101.45	8.15	118.6	71.825	-58.88098512007285	1300	222	173	9	153	92	55	7	65	40	0	0	3.8483726978302	104080	4965.104818820953	97153	6.655457340507297	
-825294.4158285857	100.75	8.1875	120.9	73.1625	-58.88098512007285	1301	222	134	11	193	115	66	7	73	45	0	0	3.978619337081909	104160	4969.083438158035	97228	6.655145929339483	
-925146.1103262312	100.0	8.1375	121.6	73.575	-58.88098512007285	1302	222	165	10	177	106	35	6	57	35	0	0	3.9385695457458496	104240	4973.022007703781	97303	6.654834996162705	
-525226.4088263421	96.5625	8.15	118.7	71.875	-58.88098512007285	1303	222	137	11	201	120	47	7	65	40	0	0	3.8927009105682373	104320	4976.914708614349	97379	6.653565950920253	
-475145.6854369553	98.925	8.227848101265822	123.22784810126582	74.55696202531645	-58.88098512007285	1304	223	171	11.0	193.0	115.0	29	7.0	73.0	45.0	0	0	3.769495725631714	104400	4980.684204339981	97452	6.65517241379311	
-975195.1753030367	101.5	8.1	117.6	71.2375	-58.88098512007285	1305	223	149	11	201	120	51	7	73	45	0	0	3.8595752716064453	104480	4984.5437796115875	97528	6.653905053598777	
-762703.1131487679	101.6	8.0125	117.7	71.325	-58.88098512007285	1306	223	163	12	225	134	37	7	73	45	0	0	3.6874265670776367	104560	4988.231206178665	97602	6.65455241009947	
-737730.2414544601	101.9125	8.1125	119.3	72.2375	-58.88098512007285	1307	223	176	10	153	92	54	6	57	35	0	0	3.8691205978393555	104640	4992.1003267765045	97678	6.653287461773701	
-475259.9885387261	100.3875	8.1375	123.3	74.6	-58.88098512007285	1308	223	143	10	177	106	57	7	73	45	0	0	3.7600598335266113	104720	4995.860386610031	97750	6.655844155844164	
-687716.3878623366	99.675	8.175	122.1	73.9	-58.88098512007285	1309	223	165	11	201	120	35	7	65	40	0	0	3.8415064811706543	104800	4999.701893091202	97825	6.655534351145036	
-1000212.216346724	100.15	8.2375	119.7	72.4875	-58.88098512007285	1310	223	158	11	169	101	42	7	73	45	0	0	3.840514898300171	104880	5003.542407989502	97901	6.654271548436313	
-587780.6313425924	101.3	8.1	116.1	70.3875	-58.88098512007285	1311	223	151	10	153	92	50	7	65	40	0	0	3.6380605697631836	104960	5007.180468559265	97975	6.6549161585365795	
-787785.2111740935	99.85	8.2	118.4	71.6875	-58.88098512007285	1312	223	156	12	225	134	45	7	65	40	0	0	3.8292815685272217	105040	5011.009750127792	98049	6.655559786747915	
-1025220.0673470643	99.6875	8.1625	120.6	73.025	-58.88098512007285	1313	223	137	10	177	106	63	7	73	45	0	0	3.7428689002990723	105120	5014.752619028091	98124	6.655251141552512	
-975267.3605905222	99.375	8.1875	117.8	71.325	-58.88098512007285	1314	223	141	9	153	92	59	7	65	40	0	0	3.951418876647949	105200	5018.704037904739	98199	6.654942965779469	
-800223.6892089983	98.575	8.075	115.0	69.7125	-58.88098512007285	1315	223	132	10	153	92	59	7	65	40	0	0	3.759376049041748	105280	5022.463413953781	98273	6.655585106382972	
-525300.718081595	98.0	8.1125	116.6	70.6875	-58.88098512007285	1316	223	126	10	153	92	68	7	65	40	0	0	3.478299856185913	105360	5025.941713809967	98344	6.65907365223994	
-1150250.4602298003	100.0	7.9375	112.4	68.175	-58.88098512007285	1317	223	137	11	249	148	63	6	57	35	0	0	3.844219446182251	105440	5029.785933256149	98420	6.657814871016683	
-450288.2866369944	100.875	8.125	119.4	72.3	-58.88098512007285	1318	223	135	9	153	92	67	6	57	35	0	0	3.8482143878936768	105520	5033.634147644043	98495	6.657505686125859	
-487705.1794725299	100.0	8.1	121.4	73.4625	-58.88098512007285	1319	223	132	11	201	120	68	7	65	40	0	0	3.944180488586426	105600	5037.578328132629	98570	6.657196969696969	
-387768.34450540494	100.35	8.0375	119.2	72.2	-58.88098512007285	1320	223	130	9	153	92	70	7	73	45	0	0	3.818554639816284	105680	5041.396882772446	98645	6.65688872066616	
-725184.4137435474	99.8375	8.225	124.5	75.2875	-58.88098512007285	1321	223	141	11	169	101	59	7	73	45	0	0	3.9417269229888916	105760	5045.338609695435	98720	6.6565809379727625	
-862787.241943857	99.8875	8.225	120.7	73.0375	-58.88098512007285	1322	223	160	10	177	106	40	7	65	40	0	0	3.885793924331665	105840	5049.224403619766	98794	6.657218442932731	
-650218.3951150051	99.175	8.1875	117.5	71.1875	-58.88098512007285	1323	223	145	10	177	106	40	7	65	40	0	0	3.712496519088745	105920	5052.936900138855	98868	6.657854984894257	
-450251.11690599966	99.725	8.0875	117.7	71.325	-58.88098512007285	1324	223	134	9	177	106	66	7	73	45	0	0	3.6983940601348877	106000	5056.63529419899	98942	6.658490566037727	
-850248.3316532997	100.1875	8.1625	119.9	72.6	-58.88094461634907	1325	223	142	11	225	134	58	7	65	40	0	0	3.858520269393921	106080	5060.493814468384	99018	6.6572398190045305	
-900194.7190683689	100.1875	8.15	120.4	72.9	-58.88094461634907	1326	223	126	10	177	106	74	7	65	40	0	0	3.7642903327941895	106160	5064.258104801178	99092	6.657874905802558	
-1137718.1170237744	100.525	8.1125	115.7	70.1125	-58.88094461634907	1327	223	147	12	217	129	58	7	65	40	0	0	3.7843503952026367	106240	5068.042455196381	99166	6.658509036144579	
-775202.7082871257	100.3125	8.2375	121.6	73.6	-58.88094461634907	1328	223	147	11	193	115	53	7	65	40	0	0	3.893083095550537	106320	5071.935538291931	99241	6.658201655379983	
-537696.6586236217	100.575	8.139240506329115	117.0506329113924	70.9493670886076	-58.88094461634907	1329	224	166	11.0	177.0	106.0	34	6.0	57.0	35.0	0	0	3.643362522125244	106400	5075.578900814056	99315	6.65883458646617	
-675288.4964014215	102.0	8.1375	117.4	71.15	-58.88094461634907	1330	224	166	10	153	92	57	7	65	40	0	0	3.801151752471924	106480	5079.380052566528	99391	6.657588279489104	
-787666.113294801	100.9875	8.025	115.8	70.2	-58.88094461634907	1331	224	118	9	153	92	76	7	65	40	0	0	3.620476722717285	106560	5083.000529289246	99464	6.6591591591591595	
-525183.9322843464	99.875	8.0625	117.2	70.9875	-58.88094461634907	1332	224	142	11	177	106	58	7	65	40	0	0	3.838726043701172	106640	5086.839255332947	99538	6.659789947486871	
-437700.0369173862	99.55	8.15	123.0	74.4125	-58.88094461634907	1333	224	107	11	193	115	63	7	65	40	0	0	4.033111810684204	106720	5090.872367143631	99614	6.658545727136428	
-750234.1005716514	100.0	8.1125	119.6	72.4125	-58.88094461634907	1334	224	137	11	201	120	63	7	73	45	0	0	3.8459033966064453	106800	5094.718270540237	99689	6.658239700374537	
-750253.1624422154	100.825	8.125	119.7	72.4625	-58.88094461634907	1335	224	135	11	169	101	65	6	57	35	0	0	3.906780958175659	106880	5098.625051498413	99765	6.656998502994014	
-287758.478975874	99.125	8.2375	123.0	74.4	-58.88094461634907	1336	224	133	11	193	115	65	7	73	45	0	0	4.027871608734131	106960	5102.652923107147	99841	6.655759162303667	
-325274.88827364595	100.0	8.1625	121.4	73.4625	-58.88094461634907	1337	224	151	11	201	120	49	7	65	40	0	0	3.9056763648986816	107040	5106.558599472046	99916	6.655455904334829	
-437718.815122852	100.1	8.2	123.8	74.875	-58.88094461634907	1338	224	172	12	201	120	28	6	57	35	0	0	3.8720788955688477	107120	5110.430678367615	99989	6.657020164301713	
-850186.181170435	100.0	8.15	122.3	74.0125	-58.88094461634907	1339	224	160	11	193	115	40	7	73	45	0	0	3.9439570903778076	107200	5114.374635457993	100065	6.655783582089541	
-725281.3661875516	98.625	8.10126582278481	120.49367088607595	72.9493670886076	-58.88094461634907	1340	225	138	12.0	249.0	148.0	45	7.0	65.0	40.0	0	0	3.877124547958374	107280	5118.251760005951	100140	6.655480984340045	
-1050160.9362105082	100.025	8.2375	122.0	73.8125	-58.88094461634907	1341	225	138	12	201	120	62	7	65	40	0	0	3.9566304683685303	107360	5122.2083904743195	100215	6.65517883755588	
-1075267.418498478	100.2375	8.1	116.3	70.45	-58.88094461634907	1342	225	134	11	169	101	66	7	65	40	0	0	3.922213077545166	107440	5126.130603551865	100290	6.65487714072971	
-362726.7599222524	100.0	8.05	116.2	70.4375	-58.88094461634907	1343	225	163	10	153	92	37	7	73	45	0	0	3.79718017578125	107520	5129.927783727646	100365	6.654575892857139	
-762731.8425290834	100.0	8.1625	119.4	72.275	-58.88094461634907	1344	225	159	10	153	92	41	6	57	35	0	0	3.9707775115966797	107600	5133.898561239243	100441	6.653345724907069	
-462698.44435904536	100.0	8.125	122.9	74.3875	-58.88094461634907	1345	225	138	11	201	120	62	7	73	45	0	0	3.8756346702575684	107680	5137.7741959095	100517	6.652117384843976	
-625231.6000532468	99.9	8.3	126.9	76.725	-58.88094461634907	1346	225	123	10	177	106	77	7	81	50	0	0	3.8407366275787354	107760	5141.614932537079	100591	6.6527468448403795	
-925246.6850183218	100.525	8.1625	121.1	73.3	-58.88094461634907	1347	225	142	13	241	143	58	7	73	45	0	0	3.9162609577178955	107840	5145.531193494797	100667	6.651520771513347	
-812768.1786714215	100.65	8.0375	116.7	70.7	-58.88094461634907	1348	225	150	10	193	115	50	6	57	35	0	0	3.7896738052368164	107920	5149.320867300034	100741	6.652149740548552	
-662763.4066589784	102.4625	8.2375	123.6	74.7625	-58.88094461634907	1349	225	154	11	193	115	46	7	65	40	0	0	3.901078939437866	108000	5153.221946239471	100814	6.653703703703712	
-425316.2140438553	104.8	8.1375	119.5	72.3625	-58.88094461634907	1350	225	154	11	193	115	78	7	65	40	0	0	3.847865581512451	108080	5157.069811820984	100889	6.653404885270177	
-562669.1157797591	100.875	8.125	120.6	73.0125	-58.88094461634907	1351	225	146	10	177	106	58	7	73	45	0	0	3.903670072555542	108160	5160.973481893539	100965	6.6521819526627155	
-587674.2169555548	100.1125	8.2125	126.6	76.525	-58.88094461634907	1352	225	150	10	177	106	50	7	73	45	0	0	3.9746718406677246	108240	5164.948153734207	101039	6.652808573540284	
-1137690.942899142	99.8125	8.175	123.5	74.6875	-58.88094461634907	1353	225	160	12	217	129	40	7	73	45	0	0	3.9735028743743896	108320	5168.9216566085815	101113	6.653434268833095	
-687670.6538063094	100.125	8.1125	122.3	73.9875	-58.88094461634907	1354	225	131	11	193	115	69	7	65	40	0	0	3.962010622024536	108400	5172.883667230606	101188	6.6531365313653055	
-625223.0899691045	100.0625	8.15	122.4	74.0375	-58.88094461634907	1355	225	143	11	225	134	57	7	65	40	0	0	3.994547128677368	108480	5176.878214359283	101262	6.653761061946909	
-937780.7920641288	98.925	8.1	117.0	70.8625	-58.88094461634907	1356	225	134	9	153	92	61	7	65	40	0	0	3.928800344467163	108560	5180.807014703751	101338	6.652542372881356	
-850228.8571136398	99.15	8.175	120.3	72.7875	-58.88094461634907	1357	225	166	11	193	115	34	6	57	35	0	0	3.9100165367126465	108640	5184.717031240463	101412	6.653166421207658	
-662657.2315086884	101.2	8.1375	122.4	74.1	-58.88094461634907	1358	225	190	10	153	92	64	7	73	45	0	0	3.8170058727264404	108720	5188.53403711319	101488	6.651949963208239	
-862719.44726699	100.875	8.1625	123.0	74.425	-58.88094461634907	1359	225	162	10	177	106	52	7	73	45	0	0	3.8072733879089355	108800	5192.341310501099	101562	6.652573529411768	
-387735.49839286896	101.1375	8.0875	119.1	72.1125	-58.88094461634907	1360	225	134	10	177	106	66	7	65	40	0	0	3.8553433418273926	108880	5196.196653842926	101636	6.653196179279945	
-937741.259689518	100.875	8.175	121.3	73.4125	-58.88094461634907	1361	225	158	9	153	92	42	7	65	40	0	0	3.861576795578003	108960	5200.058230638504	101710	6.653817914831123	
-1200204.2906241107	101.15	8.25	119.9	72.575	-58.88094461634907	1362	225	141	11	177	106	65	7	65	40	0	0	3.899477243423462	109040	5203.9577078819275	101785	6.653521643433606	
-787698.1949513756	100.1625	8.175	122.9	74.3875	-58.88094461634907	1363	225	140	12	249	148	60	7	65	40	0	0	3.7928683757781982	109120	5207.750576257706	101860	6.653225806451616	
-1237712.6403960858	100.0	8.175	119.7	72.4625	-58.88094461634907	1364	225	146	10	177	106	54	7	65	40	0	0	3.8977715969085693	109200	5211.648347854614	101935	6.652930402930394	
-900179.0144018168	100.825	8.1625	121.7	73.65	-58.88094461634907	1365	225	146	10	177	106	68	7	65	40	0	0	3.8012242317199707	109280	5215.449572086334	102008	6.654465592972187	
-1012709.3651260242	100.775	8.0875	119.8	72.5375	-58.88094461634907	1366	225	141	10	153	92	59	7	65	40	0	0	3.7829489707946777	109360	5219.232521057129	102082	6.655084125822981	
-712703.6134372801	101.525	8.2625	124.9	75.5125	-58.88094461634907	1367	225	173	12	241	143	45	7	65	40	0	0	4.033788681030273	109440	5223.266309738159	102157	6.6547880116959135	
-775154.1039958147	100.15	8.15	124.2	75.1375	-58.88094461634907	1368	225	141	10	153	92	63	7	65	40	0	0	3.8919296264648438	109520	5227.158239364624	102232	6.6544923301680114	
-687700.54887445	99.6625	8.175	121.5	73.55	-58.88094461634907	1369	225	154	10	153	92	46	7	65	40	0	0	3.8117260932922363	109600	5230.969965457916	102306	6.655109489051085	
-1112677.1423468539	100.525	8.025	118.9	72.0375	-58.88094461634907	1370	225	154	9	153	92	46	7	65	40	0	0	3.718783140182495	109680	5234.688748598099	102381	6.654814004376362	
-500184.43971990776	100.775	8.15	117.4	71.15	-58.88094461634907	1371	225	154	11	177	106	68	7	65	40	0	0	3.6727046966552734	109760	5238.361453294754	102456	6.654518950437321	
-200181.53699593182	101.025	8.225	122.8	74.3375	-58.88094461634907	1372	225	133	11	201	120	67	7	73	45	0	0	3.760014772415161	109840	5242.121468067169	102531	6.654224326292791	
-412825.357212264	100.0	8.2375	120.3	72.825	-58.88094461634907	1373	225	138	10	153	92	62	7	65	40	0	0	3.9022607803344727	109920	5246.023728847504	102607	6.653020378457057	
-862667.763601654	100.0	8.175	118.7	71.875	-58.88094461634907	1374	225	153	11	169	101	47	7	65	40	0	0	3.87605619430542	110000	5249.899785041809	102682	6.652727272727276	
-575226.7302146989	99.4	8.1	120.3	72.85	-58.88094461634907	1375	225	134	9	145	87	66	7	73	45	0	0	3.7923455238342285	110080	5253.692130565643	102756	6.653343023255815	
-387759.43751108414	100.1125	8.05	117.5	71.2	-58.88094461634907	1376	225	140	11	193	115	60	7	65	40	0	0	3.6185972690582275	110160	5257.3107278347015	102828	6.655773420479306	
-1162743.6844581037	100.275	8.1875	122.2	73.9375	-58.88094461634907	1377	225	150	12	225	134	50	6	57	35	0	0	3.9007978439331055	110240	5261.211525678635	102903	6.655478955007254	
-1050164.1036172004	99.75	8.2	121.1	73.325	-58.88094461634907	1378	225	127	10	153	92	73	7	65	40	0	0	3.7389731407165527	110320	5264.950498819351	102977	6.6560913705583715	
-800279.1854816375	100.0	8.0125	117.8	71.375	-58.88094461634907	1379	225	127	10	153	92	73	6	57	35	0	0	3.80879807472229	110400	5268.7592968940735	103053	6.654891304347814	
-712742.944149031	100.0	8.30379746835443	124.34177215189874	75.20253164556962	-58.88094461634907	1380	226	167	11.0	201.0	120.0	33	6.0	57.0	35.0	0	0	3.7785415649414062	110480	5272.537838459015	103126	6.656408399710358	
-650272.1273857281	100.8875	8.225	119.2	72.15	-58.88094461634907	1381	226	167	11	201	120	61	7	65	40	0	0	3.9411394596099854	110560	5276.478977918625	103201	6.656114327062227	
-750223.5977165153	100.4875	8.2625	125.2	75.7125	-58.88094461634907	1382	226	167	11	193	115	51	7	73	45	0	0	3.8197290897369385	110640	5280.298707008362	103274	6.657628344179329	
-687775.7192210217	100.225	8.075	118.8	71.95	-58.88094461634907	1383	226	147	11	169	101	48	6	57	35	0	0	3.818110227584839	110720	5284.116817235947	103349	6.657333815028892	
-575203.4734700632	100.5	8.2875	126.0	76.1625	-58.88094461634907	1384	226	159	11	177	106	41	7	65	40	0	0	3.938749074935913	110800	5288.055566310883	103422	6.6588447653429625	
-700199.4179376962	99.425	8.1875	120.9	73.175	-58.88094461634907	1385	226	153	10	201	120	47	7	65	40	0	0	3.8410050868988037	110880	5291.896571397781	103496	6.659451659451648	
-1037678.2246569863	98.75	8.2625	125.7	76.0	-58.88094461634907	1386	226	141	12	225	134	47	7	73	45	0	0	4.0082151889801025	110960	5295.9047865867615	103572	6.658255227108867	
-450246.7683206139	100.0	8.1625	124.0	75.0	-58.88094461634907	1387	226	158	9	177	106	42	7	65	40	0	0	3.9682910442352295	111040	5299.873077630997	103648	6.657060518731981	
-687744.5549349107	100.9625	8.075	118.3	71.6375	-58.88094461634907	1388	226	167	10	177	106	60	7	65	40	0	0	3.862575054168701	111120	5303.735652685165	103723	6.656767458603312	
-537673.2421010168	102.0125	8.0625	119.8	72.5375	-58.88094461634907	1389	226	140	10	177	106	60	6	57	35	0	0	3.8631982803344727	111200	5307.5988509655	103798	6.656474820143885	
-550258.3955651211	100.7	8.1875	122.4	74.05	-58.88094461634907	1390	226	153	10	177	106	47	7	73	45	0	0	3.9695563316345215	111280	5311.568407297134	103873	6.656182602444289	
-812717.3832959976	101.975	8.0875	115.4	69.925	-58.88094461634907	1391	226	150	10	153	92	66	6	57	35	0	0	3.836266040802002	111360	5315.404673337936	103948	6.655890804597703	
-325188.805101698	102.125	8.075	119.2	72.2	-58.88094461634907	1392	226	135	10	153	92	65	7	65	40	0	0	3.8521387577056885	111440	5319.256812095642	104024	6.654702081837755	
-712672.5748322805	100.775	7.9875	118.6	71.8375	-58.88094461634907	1393	226	157	9	153	92	67	7	65	40	0	0	3.8022708892822266	111520	5323.059082984924	104099	6.654411764705884	
-612668.480578529	99.875	8.192307692307692	125.3076923076923	75.76923076923077	-58.88094461634907	1394	228	175	11.0	241.0	143.0	24	7.0	73.0	45.0	0	0	3.8944404125213623	111600	5326.953523397446	104172	6.655913978494624	
-425268.5762279328	99.9125	8.0875	120.9	73.1875	-58.88094461634907	1395	228	134	11	193	115	66	7	65	40	0	0	3.815377712249756	111680	5330.768901109695	104246	6.6565186246418335	
-750203.9739839636	100.4375	8.20253164556962	124.84810126582279	75.50632911392405	-58.88094461634907	1396	229	156	11.0	201.0	120.0	44	7.0	73.0	45.0	0	0	3.871473550796509	111760	5334.640374660492	104320	6.657122405153899	
-325190.7499717793	102.7	8.1875	124.9	75.55	-58.88094461634907	1397	229	175	10	177	106	37	7	73	45	0	0	3.9826886653900146	111840	5338.623063325882	104396	6.655937052932757	
-1275275.1340078018	100.1125	8.1125	118.1	71.525	-58.88094461634907	1398	229	163	9	177	106	37	7	65	40	0	0	3.811990976333618	111920	5342.435054302216	104470	6.656540385989999	
-862754.6188582303	100.1125	8.2875	124.2	75.1	-58.88094461634907	1399	229	144	13	241	143	56	7	65	40	0	0	4.077012300491333	112000	5346.512066602707	104546	6.655357142857142	
-700307.5810586173	100.0	8.0875	118.3	71.6375	-58.88094461634907	1400	229	154	12	217	129	46	7	65	40	0	0	3.946953535079956	112080	5350.459020137787	104622	6.654175588865101	
-400284.35464391613	98.65	8.3	124.1	75.0375	-58.88094461634907	1401	229	154	13	225	134	46	7	73	45	0	0	3.9577834606170654	112160	5354.416803598404	104696	6.6547788873038485	
-762732.9080014543	97.6125	8.2375	124.1	75.025	-58.88094461634907	1402	229	144	13	241	143	56	7	65	40	0	0	3.962877035140991	112240	5358.379680633545	104770	6.655381325730588	
-775385.2238997507	99.375	8.2	117.3	71.025	-58.88094461634907	1403	229	155	11	169	101	45	7	65	40	0	0	3.9642796516418457	112320	5362.343960285187	104846	6.654202279202281	
-612732.8772534186	101.55	8.35	125.5	75.8375	-58.88094461634907	1404	229	150	12	201	120	64	6	57	35	0	0	4.072022914886475	112400	5366.415983200073	104920	6.654804270462634	
-1137744.6063208815	99.1	8.3125	122.4	74.0125	-58.88094461634907	1405	229	157	12	217	129	43	7	65	40	0	0	4.070251226425171	112480	5370.486234426498	104995	6.654516358463724	
-737794.1437868087	102.5125	8.0	114.9	69.6125	-58.88094461634907	1406	229	164	10	169	101	44	6	57	35	0	0	3.9473140239715576	112560	5374.43354845047	105070	6.654228855721385	
-625254.6355631768	102.7625	8.15	121.3	73.4125	-58.88094461634907	1407	229	157	10	153	92	56	7	65	40	0	0	3.8803699016571045	112640	5378.313918352127	105145	6.65394176136364	
-437781.2904017251	105.7	8.25	124.7	75.4	-58.88094461634907	1408	229	196	11	201	120	66	6	57	35	0	0	3.8763527870178223	112720	5382.190271139145	105218	6.655429382540817	
-1062724.4031173612	103.9	8.175	122.3	74.0125	-58.88094461634907	1409	229	157	11	177	106	49	7	65	40	0	0	3.761176824569702	112800	5385.951447963715	105291	6.656914893617014	
-487768.10620257974	105.475	8.2	120.7	73.0625	-58.88094461634907	1410	229	157	10	177	106	46	7	73	45	0	0	3.8469812870025635	112880	5389.798429250717	105366	6.656626506024097	
-787617.8813334396	109.0375	8.25	125.9	76.1125	-58.88094461634907	1411	229	157	12	249	148	81	7	73	45	0	0	4.065370082855225	112960	5393.863799333572	105442	6.65545325779037	
-862752.3024283117	108.925	8.225	121.1	73.2625	-58.88094461634907	1412	229	164	11	169	101	63	7	65	40	0	0	3.9366657733917236	113040	5397.800465106964	105516	6.656050955414017	
-850212.6719030056	103.0375	8.225	122.4	74.025	-58.88094461634907	1413	229	157	11	249	148	76	7	65	40	0	0	4.056960821151733	113120	5401.857425928116	105592	6.654879773691661	
-862671.2903665409	101.6875	8.1625	122.8	74.3	-58.88094461634907	1414	229	206	10	177	106	51	7	65	40	0	0	3.8922321796417236	113200	5405.749658107758	105667	6.654593639575964	
-1037729.9052586381	102.0875	8.1375	122.2	73.9375	-58.88094461634907	1415	229	162	13	249	148	53	7	65	40	0	0	3.9570415019989014	113280	5409.7066996097565	105742	6.654307909604512	
-675149.8028943884	101.15	8.1875	125.0	75.6	-58.88094461634907	1416	229	137	10	177	106	63	7	73	45	0	0	3.87773060798645	113360	5413.584430217743	105816	6.654904728299229	
-962826.5619960492	100.0	8.125	119.4	72.3125	-58.88094461634907	1417	229	163	11	177	106	37	7	73	45	0	0	3.7460906505584717	113440	5417.330520868301	105890	6.655500705218614	
-1312665.0658060047	99.9625	8.037974683544304	117.86075949367088	71.41772151898734	-58.88094461634907	1418	230	151	9.0	153.0	92.0	49	7.0	65.0	40.0	0	0	3.664625644683838	113520	5420.995146512985	105964	6.656095842142349	
-475247.97378255415	100.1125	8.1625	120.4	72.9125	-58.88094461634907	1419	230	151	11	201	120	49	7	73	45	0	0	3.8204386234283447	113600	5424.815585136414	106040	6.6549295774647845	
-787819.6123966932	100.025	8.1625	118.5	71.7875	-58.88094461634907	1420	230	136	14	265	157	64	6	57	35	0	0	3.836881160736084	113680	5428.65246629715	106116	6.653764954257568	
-500228.328192915	100.025	8.225	119.2	72.225	-58.88094461634907	1421	230	165	11	201	120	35	7	73	45	0	0	3.6901869773864746	113760	5432.342653274536	106191	6.653481012658219	
-487667.6559882105	101.3375	8.1375	122.1	73.9	-58.88094461634907	1422	230	165	10	177	106	59	7	65	40	0	0	3.9139761924743652	113840	5436.2566294670105	106267	6.652319044272659	
-850285.0325799113	99.2	8.1875	121.2	73.325	-58.88094461634907	1423	230	157	11	201	120	43	7	65	40	0	0	3.987466335296631	113920	5440.244095802307	106342	6.652036516853926	
-150254.4216184718	99.6625	8.0875	121.1	73.325	-58.88094461634907	1424	230	142	9	153	92	58	6	57	35	0	0	3.8475680351257324	114000	5444.091663837433	106418	6.650877192982449	
-425166.4336850302	101.1625	8.1625	121.5	73.5625	-58.88094461634907	1425	230	137	12	225	134	63	7	73	45	0	0	3.8289499282836914	114080	5447.920613765717	106494	6.649719495091162	
-937728.6281102955	100.3375	7.975	116.2	70.4375	-58.88094461634907	1426	230	133	11	201	120	73	6	57	35	0	0	3.750155210494995	114160	5451.670768976212	106570	6.648563419761729	
-862675.1807576071	100.45	8.075	116.7	70.6875	-58.88094461634907	1427	230	119	11	177	106	81	6	57	35	0	0	3.9055399894714355	114240	5455.576308965683	106646	6.647408963585434	
-775180.1855464103	100.2375	8.1	122.7	74.25	-58.88094461634907	1428	230	129	11	193	115	71	7	65	40	0	0	3.824850559234619	114320	5459.401159524918	106720	6.648005598320509	
-1200288.509297482	100.25	8.1	119.7	72.4375	-58.88094461634907	1429	230	137	12	201	120	63	6	57	35	0	0	3.979569673538208	114400	5463.380729198456	106796	6.646853146853147	
-725286.8530692846	99.825	8.1875	123.8	74.875	-58.88094461634907	1430	230	159	10	177	106	41	7	65	40	0	0	3.8289575576782227	114480	5467.209686756134	106870	6.647449336128588	
-725221.2455442991	99.575	8.15	121.3	73.4375	-58.88094461634907	1431	230	147	11	169	101	61	7	65	40	0	0	3.791731834411621	114560	5471.001418590546	106945	6.647171787709496	
-637881.1402849802	99.1	8.225	120.4	72.875	-58.88094461634907	1432	230	161	11	169	101	39	7	65	40	0	0	3.861032724380493	114640	5474.862451314926	107020	6.646894626657357	
-712785.1382291066	99.9	8.1	116.6	70.675	-58.88094461634907	1433	230	158	11	169	101	42	7	65	40	0	0	3.7006068229675293	114720	5478.563058137894	107095	6.646617852161782	
-1087744.5453268099	101.35	8.2375	122.4	74.0375	-58.88094461634907	1434	230	151	11	201	120	67	7	73	45	0	0	4.016382455825806	114800	5482.5794405937195	107171	6.645470383275267	
-812748.5527634185	101.3375	8.2625	123.4	74.6375	-58.88094461634907	1435	230	151	13	249	148	72	7	73	45	0	0	3.9040749073028564	114880	5486.483515501022	107245	6.646065459610028	
-100189.73898133921	100.2	8.2125	126.6	76.55	-58.88094461634907	1436	230	133	13	249	148	67	7	73	45	0	0	3.955421209335327	114960	5490.438936710358	107321	6.644919972164232	
-762816.1304480233	100.025	8.25	123.2	74.5125	-58.88094461634907	1437	230	150	13	249	148	50	7	65	40	0	0	4.051872253417969	115040	5494.490808963776	107397	6.64377607788596	
-475341.67438361497	100.95	8.1875	120.7	73.0875	-58.88094461634907	1438	230	146	11	193	115	54	7	73	45	0	0	3.7490434646606445	115120	5498.239852428436	107471	6.644371091035438	
-462686.826034302	101.75	8.1125	121.0	73.25	-58.88094461634907	1439	230	137	9	153	92	80	6	57	35	0	0	3.7948105335235596	115200	5502.03466296196	107545	6.644965277777786	
-925211.9209392188	99.475	8.1375	121.2	73.35	-58.88094461634907	1440	230	127	11	201	120	73	7	73	45	0	0	3.825261354446411	115280	5505.859924316406	107618	6.646426092990978	
-537792.5131640384	99.0	8.1375	120.6	73.025	-58.88094461634907	1441	230	134	11	169	101	52	7	73	45	0	0	3.7769176959991455	115360	5509.636842012405	107692	6.6470180305131805	
-600146.850219018	98.65	8.1875	122.2	73.9625	-58.88094461634907	1442	230	129	10	177	106	68	7	73	45	0	0	3.8260533809661865	115440	5513.462895393372	107767	6.646742896742893	
-950193.3225952375	101.0875	8.125	121.4	73.5	-58.88094461634907	1443	230	160	11	193	115	40	7	73	45	0	0	3.8752059936523438	115520	5517.338101387024	107843	6.64560249307479	
-850224.8303896378	100.3625	8.075	118.6	71.85	-58.88094461634907	1444	230	136	11	177	106	64	7	73	45	0	0	3.7603745460510254	115600	5521.098475933075	107918	6.645328719723182	
-637660.2873695553	100.0	8.1625	121.7	73.65	-58.88094461634907	1445	230	131	11	177	106	69	7	65	40	0	0	3.8523731231689453	115680	5524.950849056244	107993	6.645055325034576	
-475216.4655044591	100.2	8.063291139240507	122.11392405063292	73.9113924050633	-58.88094461634907	1446	231	131	9.0	153.0	92.0	69	7.0	65.0	40.0	0	0	3.790839672088623	115760	5528.7416887283325	108067	6.6456461644782365	
-1212721.0269609322	102.05	8.1375	120.2	72.7375	-58.88094461634907	1447	231	164	12	201	120	36	7	65	40	0	0	4.0038161277771	115840	5532.74550485611	108143	6.644509668508292	
-1162829.2652791527	101.025	8.05	112.5	68.2125	-58.88094461634907	1448	231	153	10	153	92	52	7	65	40	0	0	3.727376699447632	115920	5536.472881555557	108217	6.645100069013111	
-737719.3505411416	102.7	8.1375	117.9	71.425	-58.88094461634907	1449	231	157	11	169	101	55	6	57	35	0	0	3.73496413230896	116000	5540.207845687866	108291	6.6456896551724185	
-962839.4080938001	100.4625	8.217948717948717	117.41025641025641	71.12820512820512	-58.88094461634907	1450	233	149	10.0	153.0	92.0	51	7.0	65.0	40.0	0	0	3.6763453483581543	116080	5543.884191036224	108364	6.647139903514827	
-737750.8576993535	100.9875	8.225	119.6	72.4125	-58.88094461634907	1451	233	154	11	193	115	46	6	57	35	0	0	3.8938241004943848	116160	5547.778015136719	108440	6.646005509641867	
-512695.360636694	99.55	8.1875	119.0	72.0875	-58.88094461634907	1452	233	132	11	169	101	68	7	65	40	0	0	3.6793594360351562	116240	5551.457374572754	108514	6.646593255333784	
-775203.1906080851	100.0	8.225	119.3	72.2375	-58.88094461634907	1453	233	155	11	193	115	45	7	73	45	0	0	3.8305985927581787	116320	5555.287973165512	108588	6.647180192572208	
-1225284.4878863858	99.825	8.05	116.2	70.4	-58.88094461634907	1454	233	173	10	201	120	27	6	57	35	0	0	3.8072381019592285	116400	5559.095211267471	108662	6.647766323024058	
-850171.3707825247	100.0	8.25	119.3	72.275	-58.88094461634907	1455	233	134	12	225	134	66	7	73	45	0	0	3.653280258178711	116480	5562.74849152565	108736	6.64835164835165	
-575272.7014629132	99.625	8.2625	123.0	74.4125	-58.88094461634907	1456	233	148	11	177	106	52	7	73	45	0	0	3.8761746883392334	116560	5566.624666213989	108811	6.648078242964999	
-475179.870059037	100.0	8.0125	119.8	72.55	-58.88094461634907	1457	233	158	10	177	106	42	7	73	45	0	0	3.7128052711486816	116640	5570.337471485138	108884	6.649519890260635	
-687687.1013226574	102.175	8.2375	123.1	74.5	-58.88094461634907	1458	233	163	11	225	134	37	7	65	40	0	0	3.8533482551574707	116720	5574.190819740295	108959	6.649246058944485	
-700233.4722144066	100.0	8.0875	116.5	70.6125	-58.88094461634907	1459	233	138	11	193	115	62	6	57	35	0	0	3.7689316272735596	116800	5577.959751367569	109034	6.648972602739718	
-875156.078981448	100.0	8.0	116.1	70.4	-58.88094461634907	1460	233	150	9	153	92	50	7	65	40	0	0	3.6037216186523438	116880	5581.563472986221	109108	6.649555099247095	
-425180.07499581296	99.9875	8.0875	118.8	71.9875	-58.88094461634907	1461	233	143	10	153	92	57	7	65	40	0	0	3.65435791015625	116960	5585.217830896378	109182	6.650136798905606	
-500149.07064810843	100.0	8.0875	119.8	72.575	-58.88094461634907	1462	233	152	11	201	120	48	7	73	45	0	0	3.6580255031585693	117040	5588.875856399536	109256	6.650717703349287	
-962661.0958611475	100.4875	8.25	125.4	75.8125	-58.88094461634907	1463	233	194	11	201	120	27	7	73	45	0	0	4.080879211425781	117120	5592.956735610962	109332	6.64959016393442	
-762728.8513094565	100.7875	8.175	121.5	73.5375	-58.88094461634907	1464	233	153	12	217	129	60	7	65	40	0	0	3.9017913341522217	117200	5596.858526945114	109408	6.648464163822524	
-762703.4015801804	99.9125	8.2	121.4	73.5	-58.88094461634907	1465	233	152	10	177	106	48	7	73	45	0	0	3.6714015007019043	117280	5600.529928445816	109480	6.650750341064111	
-987842.7120975017	99.8875	8.0375	110.1	66.875	-58.88094461634907	1466	233	166	10	153	92	34	7	65	40	0	0	3.5588343143463135	117360	5604.088762760162	109556	6.649625085207916	
-962780.2929231491	102.2125	8.15	114.3	69.3375	-58.88094461634907	1467	233	166	11	169	101	49	7	65	40	0	0	3.641369342803955	117440	5607.730132102966	109631	6.649352861035425	
-612855.3443632555	98.725	8.05	116.0	70.3375	-58.88094461634907	1468	233	135	9	153	92	49	7	65	40	0	0	3.709399700164795	117520	5611.439531803131	109707	6.6482300884955805	
-712732.3144110956	98.6875	8.0875	117.7	71.325	-58.88094461634907	1469	233	134	10	177	106	65	7	65	40	0	0	3.620910882949829	117600	5615.060442686081	109780	6.649659863945573	
-462727.7896938063	99.5625	8.164556962025317	119.37974683544304	72.31645569620254	-58.88094461634907	1470	234	131	11.0	193.0	115.0	65	7.0	65.0	40.0	0	0	3.605731248855591	117680	5618.6661739349365	109853	6.651087695445284	
-750214.8947434692	100.0	8.1	117.4	71.1375	-58.88094461634907	1471	234	146	11	201	120	54	7	65	40	0	0	3.7598745822906494	117760	5622.426048517227	109928	6.6508152173912976	
-612757.7726192573	100.2	8.175	120.0	72.6375	-58.88094461634907	1472	234	142	11	193	115	58	6	57	35	0	0	3.9607155323028564	117840	5626.38676404953	110004	6.649694501018331	
-837691.6796444197	99.7125	8.2625	123.3	74.575	-58.88094461634907	1473	234	137	11	193	115	63	7	65	40	0	0	3.891239881515503	117920	5630.2780039310455	110077	6.651119402985074	
-975155.9839259256	99.45	8.25	121.4	73.45	-58.88094461634907	1474	234	139	11	177	106	61	7	73	45	0	0	3.731926918029785	118000	5634.009930849075	110148	6.65423728813559	
-1150180.7968824888	100.0	8.2	120.5	72.95	-58.88094461634907	1475	234	133	13	225	134	67	7	65	40	0	0	3.8004262447357178	118080	5637.810357093811	110222	6.654810298102973	
-762733.3560440494	100.0	8.1625	123.5	74.6875	-58.88094461634907	1476	234	123	14	273	162	77	6	57	35	0	0	4.0197367668151855	118160	5641.830093860626	110297	6.654536222071769	
-687839.1216129746	100.0375	8.125	119.1	72.0875	-58.88094461634907	1477	234	137	10	169	101	63	7	65	40	0	0	4.013720512390137	118240	5645.843814373016	110373	6.653416779431666	
-400244.56528675195	101.95	8.325	126.7	76.6	-58.88094461634907	1478	234	137	12	225	134	75	7	73	45	0	0	3.9574615955352783	118320	5649.801275968552	110449	6.652298850574709	
-637657.604434604	101.0375	8.1875	124.4	75.25	-58.88094461634907	1479	234	181	12	225	134	38	7	65	40	0	0	3.7997922897338867	118400	5653.6010682582855	110522	6.653716216216225	
-787728.8721456792	102.3625	8.1625	121.7	73.6875	-58.88094461634907	1480	234	174	12	225	134	38	7	65	40	0	0	3.7282602787017822	118480	5657.329328536987	110596	6.654287643484139	
-862756.9532053552	102.5125	8.15	119.9	72.5875	-58.88093345733511	1481	234	151	12	225	134	49	7	65	40	0	0	3.856968641281128	118560	5661.186297178268	110671	6.654014844804323	
-325171.1012018554	101.4375	8.2875	125.3	75.7625	-58.88093345733511	1482	234	142	12	225	134	58	7	73	45	0	0	3.8703038692474365	118640	5665.056601047516	110744	6.6554281861092335	
-637766.5688855164	101.3875	8.3375	127.0	76.75	-58.88093345733511	1483	234	137	12	225	134	67	6	57	35	0	0	4.080247402191162	118720	5669.136848449707	110820	6.654312668463618	
-650163.6635636264	100.825	8.0625	117.5	71.2	-58.88093345733511	1484	234	133	10	153	92	83	6	57	35	0	0	3.838810920715332	118800	5672.975659370422	110896	6.6531986531986576	
-637788.2485224654	100.0	8.15	118.5	71.775	-58.88093345733511	1485	234	141	10	153	92	59	6	57	35	0	0	3.638949155807495	118880	5676.61460852623	110967	6.656292059219382	
-850224.054303194	100.0	8.15	118.3	71.6625	-58.88093345733511	1486	234	150	11	169	101	50	7	65	40	0	0	3.597777843475342	118960	5680.212386369705	111038	6.659381304640206	
-850208.1788094962	100.0	8.0125	114.5	69.4125	-58.88093345733511	1487	234	137	10	145	87	63	7	65	40	0	0	3.7569713592529297	119040	5683.969357728958	111113	6.6591061827957105	
-750201.6246452564	100.75	8.1375	122.0	73.825	-58.88093345733511	1488	234	160	11	169	101	40	7	65	40	0	0	3.873812437057495	119120	5687.843170166016	111188	6.658831430490267	
-937762.716494682	100.925	8.05	117.5	71.175	-58.88093345733511	1489	234	192	11	169	101	41	6	57	35	0	0	3.864150285720825	119200	5691.707320451736	111263	6.658557046979865	
-1212678.9020868328	101.575	8.1125	119.3	72.2375	-58.88093345733511	1490	234	139	9	153	92	37	7	65	40	0	0	3.7879395484924316	119280	5695.495260000229	111338	6.658283031522473	
-500242.4475806404	100.5625	8.1625	122.4	74.0625	-58.88093345733511	1491	234	137	11	217	129	65	7	65	40	0	0	3.8846025466918945	119360	5699.379862546921	111412	6.658847184986598	
-800168.8316510196	101.7375	8.225	120.8	73.1	-58.88093345733511	1492	234	159	11	201	120	41	7	65	40	0	0	3.871124267578125	119440	5703.250986814499	111486	6.65941058271936	
-1250181.4238339376	98.575	8.0625	116.2	70.425	-58.88093345733511	1493	234	147	10	177	106	43	7	65	40	0	0	3.7520532608032227	119520	5707.003040075302	111561	6.65913654618474	
-575231.8851534975	101.3875	8.2875	122.7	74.2375	-58.88093345733511	1494	234	156	12	225	134	44	7	65	40	0	0	3.9543519020080566	119600	5710.95739197731	111637	6.658026755852845	
-550211.3917859565	100.0	8.1875	121.2	73.375	-58.88093345733511	1495	234	165	15	297	176	35	7	65	40	0	0	3.8337855339050293	119680	5714.791177511215	111712	6.657754010695186	
-662684.3705143823	99.25	8.341772151898734	128.08860759493672	77.40506329113924	-58.88093345733511	1496	235	165	18.0	369.0	218.0	23	7.0	65.0	40.0	0	0	3.9001810550689697	119760	5718.691358566284	111785	6.659151636606538	
-387679.4238209267	100.025	8.2125	124.4	75.275	-58.88093345733511	1497	235	140	11	201	120	60	7	73	45	0	0	3.727440118789673	119840	5722.418798685074	111859	6.659712950600806	
-775171.2215918809	100.6625	8.075	119.8	72.5375	-58.88093345733511	1498	235	158	11	201	120	42	7	65	40	0	0	3.7768971920013428	119920	5726.195695877075	111933	6.660273515677119	
-675243.0309961908	100.0	8.0375	118.7	71.9125	-58.88093345733511	1499	235	154	10	177	106	46	7	65	40	0	0	3.6960766315460205	120000	5729.891772508621	112007	6.660833333333343	
-900254.5160717036	103.325	8.1875	123.6	74.75	-58.8809306299522	1500	235	147	13	249	148	74	6	57	35	0	0	3.991135358810425	120080	5733.882907867432	112082	6.660559626915386	
