ave_fitness	ave_genome_length	ave_tree_depth	ave_tree_nodes	ave_used_codons	best_fitness	gen	invalids	max_genome_length	max_tree_depth	max_tree_nodes	max_used_codons	min_genome_length	min_tree_depth	min_tree_nodes	min_used_codons	runtime_error	time_adjust	time_taken	total_inds	total_time	unique_inds	unused_search	
-2600004.734372873	100.0	11.676470588235293	324.1764705882353	201.7058823529412	tensor(-1000000.)	0	66	100	16.0	689.0	432.0	100	9.0	152.0	95.0	0	0	3.2621870040893555	100	3.2621870040893555	34	66.0	
-2330015.797213986	100.0	12.576923076923077	360.1923076923077	224.03846153846155	tensor(-1000000.)	1	137	176	16.0	592.0	369.0	24	8.0	177.0	108.0	0	0	3.9191579818725586	200	7.181344985961914	59	70.5	
-1800021.7456716832	97.8	12.428571428571429	354.9642857142857	220.82142857142858	-913.5172320873081	2	206	160	15.0	592.0	369.0	24	9.0	169.0	105.0	0	0	2.718688726425171	300	9.900033712387085	86	71.33333333333333	
-1540017.2542148817	95.11	13.333333333333334	432.0416666666667	268.4583333333333	-707.543792813409	3	280	177	19.0	765.0	477.0	1	10.0	240.0	151.0	0	0	2.2142624855041504	400	12.114296197891235	108	73.0	
-1960040.3445474906	94.21	13.115384615384615	364.0769230769231	225.30769230769232	-707.543792813409	4	352	184	28.0	858.0	543.0	16	10.0	188.0	117.0	0	0	3.893608570098877	500	16.007904767990112	132	73.6	
-1530081.046043399	95.74	11.791666666666666	381.4166666666667	232.95833333333334	-707.543792813409	5	427	185	15.0	724.0	453.0	15	10.0	204.0	127.0	0	0	2.7678046226501465	600	18.77570939064026	153	74.5	
-1450091.0125104345	92.16	11.833333333333334	360.53333333333336	221.1	-151.5498129424613	6	497	181	20.0	927.0	582.0	15	9.0	169.0	105.0	0	0	3.160585641860962	700	21.93629503250122	179	74.42857142857143	
-2260124.442200846	101.37	11.693877551020408	342.6938775510204	210.16326530612244	-151.5498129424613	7	548	168	20.0	957.0	606.0	17	8.0	176.0	108.0	0	0	6.448095083236694	800	28.384390115737915	224	72.0	
-2150114.6052592355	101.34	12.075471698113208	357.47169811320754	219.0754716981132	-151.5498129424613	8	595	192	20.0	957.0	606.0	16	9.0	160.0	101.0	0	0	5.676166534423828	900	34.06055665016174	273	69.66666666666666	
-2640063.842825488	94.51	11.863636363636363	321.97727272727275	197.5681818181818	-151.5498129424613	9	651	203	21.0	903.0	567.0	17	9.0	152.0	95.0	0	0	5.334563493728638	1000	39.39512014389038	312	68.8	
-1930053.371438123	96.76	11.675	336.025	205.675	-151.5498129424613	10	711	203	16.0	657.0	405.0	4	10.0	193.0	121.0	0	0	5.630863666534424	1100	45.025983810424805	348	68.36363636363637	
-2060078.7966687337	106.77	11.934782608695652	337.2391304347826	207.19565217391303	-151.5498129424613	11	765	203	17.0	749.0	471.0	17	10.0	193.0	121.0	0	0	6.635945796966553	1200	51.66192960739136	390	67.5	
-2070068.5685303693	115.65	12.590909090909092	417.95454545454544	257.6363636363636	-151.5498129424613	12	821	253	20.0	1340.0	841.0	17	10.0	193.0	121.0	0	0	5.42105770111084	1300	57.0829873085022	430	66.92307692307693	
-2300051.7837900375	123.97	12.583333333333334	383.5	236.54166666666666	-151.5498129424613	13	873	230	18.0	950.0	593.0	25	10.0	193.0	121.0	0	0	5.081326007843018	1400	62.164313316345215	474	66.14285714285714	
-2550046.7834291505	124.37	12.377358490566039	360.50943396226415	221.69811320754718	-151.5498129424613	14	920	239	18.0	707.0	441.0	25	9.0	168.0	105.0	0	0	6.23448920249939	1500	68.3988025188446	523	65.13333333333333	
-1620055.059340598	129.43	13.148148148148149	437.7037037037037	269.48148148148147	-150.9426545838686	15	966	234	23.0	1364.0	853.0	31	10.0	165.0	103.0	0	0	5.038833379745483	1600	73.43763589859009	573	64.1875	
-2180149.8331782687	127.66	12.37704918032787	368.40983606557376	227.49180327868854	-150.18454599189346	16	1005	260	25.0	1500.0	949.0	31	10.0	184.0	115.0	0	0	7.903198480606079	1700	81.34083437919617	630	62.94117647058823	
-2880178.042005514	130.31	12.652173913043478	359.4927536231884	221.15942028985506	-150.18454599189346	17	1036	302	20.0	824.0	517.0	26	9.0	185.0	114.0	0	0	8.933257579803467	1800	90.27409195899963	695	61.388888888888886	
-2530111.018413396	140.29	12.45	359.43333333333334	221.56666666666666	-150.18454599189346	18	1076	332	20.0	828.0	513.0	23	9.0	164.0	103.0	0	0	6.282809734344482	1900	96.55690169334412	751	60.473684210526315	
-3020067.338847444	145.84	13.290322580645162	461.3709677419355	285.1774193548387	-150.18454599189346	19	1114	302	24.0	1465.0	921.0	29	9.0	183.0	115.0	0	0	8.734654426574707	2000	105.29155611991882	809	59.55	
-2560088.8148506545	132.17	12.516666666666667	347.45	213.93333333333334	-150.18454599189346	20	1154	299	21.0	1012.0	637.0	44	9.0	190.0	119.0	0	0	8.714981317520142	2100	114.00653743743896	865	58.80952380952381	
-1600083.4540721849	126.11	13.134615384615385	396.28846153846155	246.3846153846154	-150.18454599189346	21	1202	299	21.0	1884.0	1188.0	36	10.0	183.0	115.0	0	0	5.429170370101929	2200	119.4357078075409	913	58.5	
-2750067.4804431302	125.76	12.933333333333334	373.78333333333336	230.11666666666667	-150.18454599189346	22	1242	299	21.0	956.0	594.0	29	9.0	165.0	103.0	0	0	8.131111860275269	2300	127.56681966781616	969	57.869565217391305	
-1960055.5904268848	113.63	13.083333333333334	361.6041666666667	225.0	-150.18454599189346	23	1294	291	21.0	1439.0	910.0	13	10.0	168.0	105.0	0	0	4.1724700927734375	2400	131.7392897605896	1013	57.79166666666667	
-2150036.0935797673	99.49	13.177777777777777	360.2	223.9777777777778	-150.18454599189346	24	1349	291	20.0	956.0	596.0	13	10.0	193.0	121.0	0	0	3.962191581726074	2500	135.70148134231567	1054	57.84	
-2400060.758291058	87.46	12.452380952380953	293.45238095238096	182.14285714285714	-150.18454599189346	25	1407	244	19.0	628.0	397.0	6	8.0	142.0	89.0	0	0	4.824604511260986	2600	140.52608585357666	1092	58.0	
-2500060.382387467	79.79	12.0	250.34883720930233	156.06976744186048	-150.18454599189346	26	1464	152	15.0	471.0	294.0	8	8.0	142.0	89.0	0	0	5.968547344207764	2700	146.49463319778442	1131	58.111111111111114	
-2080034.3270072765	81.04	12.620689655172415	261.17241379310343	163.44827586206895	-150.18454599189346	27	1535	152	18.0	866.0	544.0	36	9.0	182.0	115.0	0	0	3.7131199836730957	2800	150.20775318145752	1155	58.75	
-2330047.8706847774	84.25	13.046511627906977	289.5581395348837	181.25581395348837	-146.95909830412018	28	1592	176	18.0	866.0	544.0	23	10.0	162.0	101.0	0	0	4.016294956207275	2900	154.2240481376648	1194	58.827586206896555	
-2360034.26599415	83.18	12.594594594594595	273.43243243243245	170.75675675675674	-146.95909830412018	29	1655	154	16.0	523.0	329.0	40	10.0	165.0	103.0	0	0	4.869267463684082	3000	159.09331560134888	1227	59.1	
-2130073.7625916353	83.62	13.2	269.9142857142857	169.25714285714287	-146.95909830412018	30	1720	110	17.0	486.0	303.0	41	10.0	182.0	115.0	0	0	4.336296081542969	3100	163.42961168289185	1258	59.41935483870967	
-2210272.3317013783	84.3	12.75	265.47727272727275	165.8181818181818	-144.0850340426173	31	1776	133	17.0	655.0	415.0	35	9.0	193.0	121.0	0	0	5.5204315185546875	3200	168.95004320144653	1298	59.4375	
-3030153.0260611246	83.95	12.403508771929825	264.10526315789474	165.19298245614036	-144.0850340426173	32	1819	144	17.0	527.0	331.0	24	9.0	182.0	115.0	0	0	7.918277263641357	3300	176.8683204650879	1350	59.090909090909086	
-2190065.541956258	83.39	12.825	270.95	169.5	-144.0850340426173	33	1879	151	17.0	532.0	334.0	17	10.0	182.0	115.0	0	0	5.3979997634887695	3400	182.26632022857666	1385	59.26470588235294	
-1810060.0219386884	84.79	12.175	269.225	168.05	-139.83328507467888	34	1939	137	16.0	532.0	334.0	33	10.0	182.0	115.0	0	0	4.709581613540649	3500	186.9759018421173	1421	59.4	
-2550081.122948088	83.97	11.818181818181818	282.3272727272727	175.85454545454544	-139.83328507467888	35	1984	161	15.0	589.0	373.0	7	10.0	182.0	115.0	0	0	6.956494331359863	3600	193.93239617347717	1472	59.11111111111111	
-2080078.2395187858	84.6	12.041666666666666	293.4375	182.91666666666666	-139.83328507467888	36	2036	185	18.0	649.0	411.0	21	9.0	154.0	97.0	0	0	5.308725357055664	3700	199.24112153053284	1515	59.054054054054056	
-2340063.5971098333	83.24	11.617021276595745	258.17021276595744	160.93617021276594	-139.83328507467888	37	2089	185	16.0	457.0	287.0	24	10.0	152.0	95.0	0	0	6.477555274963379	3800	205.71867680549622	1558	59.0	
-2480090.3425614126	87.54	12.07843137254902	288.5882352941176	179.64705882352942	-139.83328507467888	38	2138	165	21.0	693.0	439.0	23	9.0	176.0	109.0	0	0	8.308219909667969	3900	214.02689671516418	1605	58.84615384615385	
-2020087.1906011417	83.8	11.563636363636364	261.90909090909093	163.12727272727273	-139.83328507467888	39	2183	139	17.0	633.0	391.0	45	9.0	166.0	103.0	0	0	7.279654502868652	4000	221.30655121803284	1655	58.625	
-2850092.042850877	83.91	12.214285714285714	295.7857142857143	184.91071428571428	-139.83328507467888	40	2227	160	18.0	711.0	447.0	8	10.0	185.0	117.0	0	0	7.987290859222412	4100	229.29384207725525	1707	58.36585365853659	
-2290058.6122441567	84.29	12.204081632653061	291.9795918367347	182.87755102040816	-139.83328507467888	41	2278	152	20.0	527.0	333.0	8	10.0	185.0	117.0	0	0	5.9570512771606445	4200	235.2508933544159	1752	58.285714285714285	
-2190135.90025811	84.67	11.612244897959183	270.2448979591837	168.53061224489795	-139.75743025743682	42	2329	124	16.0	630.0	399.0	18	10.0	172.0	107.0	0	0	6.271495819091797	4300	241.5223891735077	1797	58.2093023255814	
-3020146.964298088	83.64	11.709090909090909	252.4	158.1090909090909	-139.75743025743682	43	2374	178	16.0	630.0	399.0	26	9.0	178.0	111.0	0	0	8.63446855545044	4400	250.15685772895813	1848	58.0	
-2170098.837871397	82.98	11.666666666666666	261.0740740740741	163.38888888888889	-139.75743025743682	44	2420	151	16.0	628.0	384.0	30	10.0	192.0	121.0	0	0	6.585397958755493	4500	256.7422556877136	1898	57.82222222222222	
-3070090.6964011537	82.64	12.11111111111111	283.85185185185185	177.2037037037037	-139.75743025743682	45	2466	164	19.0	556.0	350.0	24	9.0	186.0	117.0	0	0	7.0546886920928955	4600	263.7969443798065	1948	57.652173913043484	
-2090054.1363171607	79.0	12.023809523809524	293.64285714285717	183.45238095238096	-139.75743025743682	46	2524	164	18.0	744.0	471.0	17	10.0	186.0	117.0	0	0	4.423298358917236	4700	268.22024273872375	1984	57.787234042553195	
-2450179.119018032	85.73	12.169491525423728	306.135593220339	191.11864406779662	-139.75743025743682	47	2565	182	18.0	747.0	470.0	35	10.0	177.0	111.0	0	0	8.088335037231445	4800	276.3085777759552	2039	57.52083333333333	
-2530164.910053403	84.17	11.654545454545454	277.03636363636366	172.5818181818182	-139.75743025743682	48	2610	182	17.0	683.0	430.0	19	8.0	178.0	110.0	0	0	7.766643047332764	4900	284.07522082328796	2090	57.3469387755102	
-2690099.8495705235	84.46	12.210526315789474	285.9122807017544	178.3859649122807	-139.75743025743682	49	2653	143	17.0	617.0	391.0	25	10.0	177.0	111.0	0	0	7.745794296264648	5000	291.8210151195526	2143	57.14	
-2520148.154250487	85.87	11.76271186440678	276.89830508474574	172.64406779661016	-139.65695540692096	50	2694	155	16.0	700.0	432.0	13	9.0	170.0	107.0	0	0	8.11300539970398	5100	299.9340205192566	2197	56.92156862745098	
-2440046.039388451	84.55	12.545454545454545	316.25	197.88636363636363	-139.65695540692096	51	2750	219	18.0	838.0	531.0	19	10.0	185.0	117.0	0	0	5.646908521652222	5200	305.5809290409088	2237	56.980769230769226	
-2390050.5132898116	83.03	11.930232558139535	286.09302325581393	178.58139534883722	-139.65695540692096	52	2807	155	17.0	639.0	405.0	13	9.0	185.0	117.0	0	0	5.8565428256988525	5300	311.43747186660767	2275	57.075471698113205	
-2110044.456300298	82.17	12.386363636363637	330.1136363636364	206.61363636363637	-139.65695540692096	53	2863	190	17.0	895.0	561.0	13	10.0	185.0	117.0	0	0	4.429227828979492	5400	315.86669969558716	2314	57.148148148148145	
-2410068.9402295076	84.48	12.061224489795919	287.9795918367347	180.12244897959184	-139.65695540692096	54	2914	190	18.0	649.0	411.0	17	8.0	158.0	99.0	0	0	6.025935173034668	5500	321.8926348686218	2359	57.10909090909091	
-1810060.428985284	76.31	11.657894736842104	270.0	168.3684210526316	-138.27197652396208	55	2976	162	22.0	980.0	621.0	25	9.0	185.0	117.0	0	0	4.623825311660767	5600	326.5164601802826	2393	57.267857142857146	
-2120128.906033917	78.18	11.82	281.34	175.62	-138.27197652396208	56	3026	162	17.0	568.0	359.0	15	9.0	185.0	117.0	0	0	6.485059499740601	5700	333.0015196800232	2439	57.21052631578947	
-2210148.0111614014	83.54	11.181818181818182	247.29545454545453	153.8409090909091	-138.27197652396208	57	3082	162	16.0	425.0	263.0	25	8.0	148.0	93.0	0	0	5.690718173980713	5800	338.6922378540039	2479	57.258620689655174	
-2280177.146166508	84.06	11.590909090909092	245.5	153.54545454545453	-138.27197652396208	58	3138	162	17.0	712.0	448.0	27	9.0	185.0	117.0	0	0	5.815356492996216	5900	344.5075943470001	2518	57.32203389830509	
-2690151.2520397864	86.38	11.976190476190476	259.1190476190476	161.66666666666666	-138.27197652396208	59	3196	145	19.0	575.0	363.0	29	10.0	193.0	121.0	0	0	5.341795206069946	6000	349.84938955307007	2556	57.4	
-2080060.9429833877	84.54	12.051282051282051	315.4102564102564	196.35897435897436	-138.27197652396208	60	3257	167	17.0	680.0	420.0	29	8.0	140.0	87.0	0	0	4.280567646026611	6100	354.1299571990967	2590	57.540983606557376	
-2390064.2327254536	84.07	11.842105263157896	291.89473684210526	181.73684210526315	-138.27197652396208	61	3319	153	14.0	712.0	451.0	27	10.0	182.0	115.0	0	0	4.491678714752197	6200	358.6216359138489	2624	57.67741935483871	
-2280046.537492205	85.48	12.06060606060606	288.8181818181818	179.93939393939394	-138.27197652396208	62	3386	162	17.0	490.0	309.0	6	10.0	183.0	115.0	0	0	3.8168838024139404	6300	362.4385197162628	2653	57.88888888888889	
-2210032.436236231	79.05	11.923076923076923	282.4102564102564	176.30769230769232	-138.27197652396208	63	3447	141	17.0	480.0	303.0	6	8.0	150.0	93.0	0	0	4.394821643829346	6400	366.83334136009216	2688	58.0	
-1950051.15003165	81.15	11.735294117647058	288.38235294117646	180.2941176470588	-138.27197652396208	64	3513	130	15.0	460.0	291.0	27	10.0	187.0	117.0	0	0	5.720495223999023	6500	372.5538365840912	2718	58.184615384615384	
-2340040.8642844986	85.86	11.707317073170731	286.4146341463415	178.5609756097561	-138.27197652396208	65	3572	150	17.0	592.0	369.0	37	9.0	185.0	117.0	0	0	4.648115634918213	6600	377.2019522190094	2755	58.25757575757576	
-2060032.4704976887	82.12	11.588235294117647	269.5882352941176	168.05882352941177	-138.27197652396208	66	3638	165	18.0	534.0	334.0	5	9.0	192.0	121.0	0	0	3.055000066757202	6700	380.2569522857666	2784	58.44776119402985	
-1820073.7552324254	84.64	11.6	291.75	181.875	-136.8936128823414	67	3698	202	18.0	537.0	334.0	5	10.0	193.0	121.0	0	0	4.684265375137329	6800	384.94121766090393	2820	58.52941176470588	
-2420086.9760055006	85.26	11.46938775510204	264.9387755102041	165.71428571428572	-136.8936128823414	68	3749	165	16.0	607.0	379.0	14	9.0	168.0	105.0	0	0	5.58157205581665	6900	390.5227897167206	2865	58.47826086956522	
-2560084.2063191924	84.14	11.673076923076923	282.5192307692308	176.1153846153846	-136.8936128823414	69	3797	189	21.0	966.0	606.0	10	9.0	189.0	117.0	0	0	6.24880838394165	7000	396.77159810066223	2913	58.385714285714286	
-2650067.997993767	88.05	11.777777777777779	274.7111111111111	170.9777777777778	-136.34892649767585	70	3852	200	17.0	602.0	377.0	20	9.0	187.0	117.0	0	0	6.568711042404175	7100	403.3403091430664	2954	58.3943661971831	
-2070088.2086492232	92.61	11.854166666666666	287.7291666666667	180.02083333333334	-136.34892649767585	71	3904	172	17.0	870.0	550.0	40	9.0	159.0	99.0	0	0	5.1032938957214355	7200	408.44360303878784	2998	58.361111111111114	
-1930070.0120053387	90.9	11.595238095238095	276.6904761904762	172.47619047619048	-136.34892649767585	72	3962	171	16.0	509.0	319.0	16	10.0	174.0	109.0	0	0	4.736573696136475	7300	413.1801767349243	3036	58.41095890410959	
-1970097.0337124127	91.24	11.833333333333334	289.72222222222223	181.09259259259258	-135.8917792554392	73	4008	202	23.0	651.0	410.0	21	9.0	170.0	107.0	0	0	5.629978895187378	7400	418.8101556301117	3085	58.31081081081081	
-2560062.2961451425	86.71	11.465116279069768	255.72093023255815	159.6046511627907	-135.8917792554392	74	4065	165	15.0	492.0	309.0	36	9.0	169.0	105.0	0	0	5.111624002456665	7500	423.92177963256836	3123	58.36	
-2080033.4792141353	84.01	11.95	291.625	182.4	-130.9576029961852	75	4125	150	19.0	824.0	522.0	18	9.0	186.0	117.0	0	0	4.372044324874878	7600	428.29382395744324	3159	58.43421052631579	
-2630070.199868683	83.77	12.297872340425531	293.4255319148936	182.9787234042553	-130.9576029961852	76	4178	140	19.0	498.0	311.0	28	9.0	177.0	111.0	0	0	6.611163854598999	7700	434.90498781204224	3201	58.42857142857143	
-1820065.1819963106	84.33	12.6	288.77142857142854	180.4857142857143	-130.9576029961852	77	4243	142	20.0	649.0	408.0	26	9.0	192.0	117.0	0	0	4.665342807769775	7800	439.570330619812	3232	58.56410256410257	
-2740082.345949085	80.95	11.736842105263158	262.86842105263156	164.68421052631578	-130.9576029961852	78	4305	142	17.0	493.0	307.0	25	9.0	158.0	99.0	0	0	5.371252059936523	7900	444.94158267974854	3266	58.65822784810126	
-1470042.0267861115	83.54	12.285714285714286	321.14285714285717	200.57142857142858	-130.9576029961852	79	4370	196	21.0	920.0	580.0	15	9.0	193.0	121.0	0	0	3.101166009902954	8000	448.0427486896515	3297	58.7875	
-1210033.4903487721	82.69	12.147058823529411	285.6764705882353	178.94117647058823	-130.9576029961852	80	4436	155	19.0	619.0	391.0	13	10.0	193.0	121.0	0	0	3.298804521560669	8100	451.34155321121216	3326	58.93827160493827	
-2060046.3142585363	80.14	11.825	256.825	160.65	-130.9576029961852	81	4496	154	15.0	498.0	306.0	14	10.0	186.0	117.0	0	0	4.580487966537476	8200	455.92204117774963	3362	59.0	
-2500046.603788839	82.52	12.428571428571429	296.6666666666667	185.0	-130.9576029961852	82	4554	154	23.0	751.0	471.0	10	10.0	193.0	121.0	0	0	5.3421337604522705	8300	461.2641749382019	3400	59.036144578313255	
-2190067.960732404	83.35	11.846153846153847	270.2564102564103	168.46153846153845	-130.9576029961852	83	4615	122	16.0	454.0	287.0	41	9.0	161.0	101.0	0	0	4.884331226348877	8400	466.1485061645508	3435	59.10714285714286	
-2120074.126822676	80.81	11.947368421052632	280.9736842105263	175.21052631578948	-130.06311231040704	84	4677	155	19.0	604.0	375.0	13	9.0	193.0	121.0	0	0	5.592405796051025	8500	471.7409119606018	3469	59.188235294117646	
-2250103.913761759	81.03	11.688888888888888	244.84444444444443	153.26666666666668	-130.06311231040704	85	4732	153	18.0	573.0	361.0	20	9.0	163.0	103.0	0	0	5.626046180725098	8600	477.3669581413269	3508	59.2093023255814	
-2390060.2159267133	83.41	11.512195121951219	251.82926829268294	156.8780487804878	-130.06311231040704	86	4791	148	16.0	720.0	452.0	20	9.0	193.0	121.0	0	0	5.262113809585571	8700	482.6290719509125	3545	59.25287356321839	
-2220029.45822512	81.05	12.0	277.90909090909093	173.03030303030303	-130.06311231040704	87	4858	147	16.0	588.0	368.0	20	9.0	166.0	103.0	0	0	4.187655687332153	8800	486.81672763824463	3574	59.38636363636364	
-2340050.6685794354	83.08	11.555555555555555	265.6111111111111	165.22222222222223	-130.06311231040704	88	4922	167	15.0	616.0	370.0	1	10.0	193.0	121.0	0	0	5.192241907119751	8900	492.0089695453644	3606	59.48314606741573	
-1680058.1931872326	82.74	12.21875	297.875	185.375	-129.05582112525977	89	4990	142	17.0	646.0	395.0	1	10.0	193.0	121.0	0	0	4.752305030822754	9000	496.76127457618713	3634	59.62222222222222	
-2230043.120636927	85.65	11.936170212765957	271.51063829787233	169.63829787234042	-129.05582112525977	90	5043	129	17.0	555.0	348.0	1	9.0	192.0	121.0	0	0	6.832332372665405	9100	503.59360694885254	3676	59.604395604395606	
-2240103.199016258	83.82	11.695652173913043	265.67391304347825	165.32608695652175	-129.05582112525977	91	5097	156	18.0	629.0	397.0	1	8.0	123.0	77.0	0	0	6.048637628555298	9200	509.64224457740784	3718	59.58695652173913	
-2190072.9669840843	85.97	12.675675675675675	315.27027027027026	196.32432432432432	-129.05582112525977	92	5160	178	21.0	666.0	420.0	18	11.0	193.0	121.0	0	0	4.7367048263549805	9300	514.3789494037628	3751	59.66666666666667	
-2300103.37980222	83.58	12.272727272727273	295.75	184.88636363636363	-129.05582112525977	93	5216	141	19.0	845.0	533.0	27	10.0	188.0	117.0	0	0	5.375122308731079	9400	519.7540717124939	3790	59.680851063829785	
-2690107.340155473	83.57	11.617021276595745	268.1276595744681	166.72340425531914	-129.05582112525977	94	5269	194	17.0	936.0	571.0	20	10.0	165.0	103.0	0	0	6.614711046218872	9500	526.3687827587128	3833	59.65263157894737	
-2600093.4072612473	85.11	11.320754716981131	252.41509433962264	157.22641509433961	-129.05582112525977	95	5316	155	16.0	581.0	364.0	21	8.0	152.0	95.0	0	0	7.592644214630127	9600	533.9614269733429	3882	59.5625	
-2260048.663548721	87.02	11.95	270.225	168.475	-129.05582112525977	96	5376	205	21.0	562.0	348.0	6	9.0	165.0	103.0	0	0	5.9769792556762695	9700	539.9384062290192	3918	59.608247422680414	
-1880063.8543101961	83.93	11.625	275.53125	171.75	-129.05582112525977	97	5444	167	16.0	598.0	370.0	1	10.0	164.0	103.0	0	0	3.8948686122894287	9800	543.8332748413086	3945	59.744897959183675	
-1920031.2287830615	84.44	12.029411764705882	265.3235294117647	165.94117647058823	-129.05582112525977	98	5510	144	18.0	563.0	355.0	45	10.0	152.0	95.0	0	0	3.6720352172851562	9900	547.5053100585938	3975	59.84848484848485	
-2140043.967328516	79.93	11.555555555555555	257.1111111111111	159.91666666666666	-129.05582112525977	99	5574	126	16.0	813.0	485.0	39	8.0	153.0	95.0	0	0	4.894978046417236	10000	552.400288105011	4007	59.93	
-1900043.2294877786	81.41	12.105263157894736	299.3421052631579	186.10526315789474	-129.05582112525977	100	5636	132	18.0	704.0	436.0	18	9.0	193.0	121.0	0	0	4.847807168960571	10100	557.2480952739716	4041	59.99009900990099	
-1990052.8663084824	82.72	11.485714285714286	277.6	172.2	-129.05582112525977	101	5701	117	15.0	548.0	341.0	49	10.0	192.0	121.0	0	0	4.270685911178589	10200	561.5187811851501	4072	60.07843137254902	
-2040042.7086203808	81.99	11.542857142857143	282.9142857142857	175.8	-129.05582112525977	102	5766	165	15.0	475.0	292.0	8	10.0	192.0	121.0	0	0	5.096487522125244	10300	566.6152687072754	4102	60.1747572815534	
-1820063.6931509227	75.79	11.421052631578947	273.10526315789474	169.6578947368421	-129.05582112525977	103	5828	153	17.0	573.0	360.0	5	9.0	188.0	117.0	0	0	4.679687976837158	10400	571.2949566841125	4136	60.23076923076923	
-2420080.952192175	80.98	11.52	257.26	160.4	-129.05582112525977	104	5878	116	17.0	731.0	454.0	8	9.0	162.0	101.0	0	0	7.042888164520264	10500	578.3378448486328	4182	60.17142857142857	
-2330065.6818636255	83.96	11.5	278.20454545454544	172.88636363636363	-129.05582112525977	105	5934	156	15.0	528.0	332.0	12	9.0	193.0	121.0	0	0	6.501370668411255	10600	584.8392155170441	4222	60.16981132075472	
-2150030.060511963	83.16	11.527777777777779	279.47222222222223	174.16666666666666	-129.05582112525977	106	5998	127	14.0	508.0	321.0	39	9.0	176.0	111.0	0	0	4.882394790649414	10700	589.7216103076935	4254	60.242990654205606	
-2120045.0512546897	83.48	11.666666666666666	277.69444444444446	172.36111111111111	-129.05582112525977	107	6062	145	16.0	531.0	335.0	28	10.0	175.0	109.0	0	0	4.825788736343384	10800	594.5473990440369	4286	60.31481481481482	
-2170072.859761023	84.35	11.902439024390244	301.6585365853659	187.34146341463415	-129.05582112525977	108	6121	165	16.0	624.0	393.0	46	9.0	188.0	117.0	0	0	6.570990800857544	10900	601.1183898448944	4323	60.3394495412844	
-2140065.96298728	83.64	12.323529411764707	321.1470588235294	198.7941176470588	-129.05582112525977	109	6187	150	15.0	561.0	354.0	23	9.0	172.0	107.0	0	0	4.984337568283081	11000	606.1027274131775	4353	60.42727272727273	
-2280110.837448314	83.12	11.41025641025641	289.20512820512823	178.94871794871796	-129.05582112525977	110	6248	141	13.0	429.0	257.0	11	9.0	186.0	117.0	0	0	5.926460266113281	11100	612.0291876792908	4387	60.47747747747748	
-1910092.0970992502	84.38	12.153846153846153	309.05128205128204	191.30769230769232	-129.05582112525977	111	6309	134	17.0	525.0	323.0	11	9.0	191.0	121.0	0	0	5.171980857849121	11200	617.2011685371399	4422	60.517857142857146	
-2890055.370010322	85.64	11.755555555555556	306.7111111111111	188.73333333333332	-129.05582112525977	112	6364	145	16.0	599.0	368.0	23	9.0	175.0	109.0	0	0	7.5634636878967285	11300	624.7646322250366	4463	60.50442477876106	
-2090047.6336549332	78.39	11.564102564102564	288.1794871794872	177.97435897435898	-129.01981602134992	113	6425	123	15.0	493.0	307.0	39	9.0	162.0	101.0	0	0	8.590527057647705	11400	633.3551592826843	4498	60.54385964912281	
-2160109.596697879	80.71	12.0	292.8478260869565	181.47826086956522	-129.01981602134992	114	6479	141	19.0	645.0	406.0	32	9.0	164.0	103.0	0	0	7.460152864456177	11500	640.8153121471405	4540	60.52173913043478	
-1740081.87063299	82.7	11.523809523809524	269.4761904761905	167.16666666666666	-129.01981602134992	115	6537	145	16.0	469.0	290.0	23	9.0	192.0	121.0	0	0	5.751084327697754	11600	646.5663964748383	4578	60.53448275862069	
-2120050.586670727	82.85	11.73913043478261	310.3695652173913	191.93478260869566	-129.01981602134992	116	6591	153	18.0	653.0	411.0	15	9.0	182.0	112.0	0	0	6.814551830291748	11700	653.38094830513	4620	60.51282051282051	
-2150046.584590258	86.45	12.32	331.54	205.06	-125.01367996979533	117	6641	142	17.0	694.0	432.0	8	10.0	188.0	117.0	0	0	6.751418113708496	11800	660.1323664188385	4666	60.45762711864407	
-2120071.640760409	83.12	11.520833333333334	281.2708333333333	174.33333333333334	-125.01367996979533	118	6693	156	16.0	598.0	373.0	8	9.0	185.0	115.0	0	0	7.99943470954895	11900	668.1318011283875	4708	60.436974789915965	
-2570075.8539930517	82.76	11.448979591836734	272.0204081632653	168.83673469387756	-125.01367996979533	119	6744	122	15.0	501.0	314.0	33	9.0	159.0	99.0	0	0	6.715253829956055	12000	674.8470549583435	4753	60.391666666666666	
-1980080.9743825006	80.44	11.891891891891891	287.3243243243243	178.3783783783784	-125.01367996979533	120	6807	146	15.0	523.0	329.0	19	11.0	192.0	121.0	0	0	4.837782144546509	12100	679.68483710289	4785	60.45454545454545	
-2710040.7691458715	78.51	11.977777777777778	289.9111111111111	180.57777777777778	-125.00245387502073	121	6862	139	16.0	642.0	397.0	27	9.0	186.0	115.0	0	0	6.667610168457031	12200	686.352447271347	4826	60.442622950819676	
-2070035.5051875191	81.6	12.25	312.775	194.475	-125.00245387502073	122	6922	137	16.0	670.0	423.0	39	9.0	192.0	118.0	0	0	4.47886061668396	12300	690.831307888031	4861	60.479674796747965	
-1700028.6517423613	80.58	11.935483870967742	292.0967741935484	182.19354838709677	-125.00245387502073	123	6991	144	15.0	643.0	402.0	25	9.0	192.0	118.0	0	0	2.8722360134124756	12400	693.7035439014435	4888	60.58064516129033	
-2100025.6755760307	80.98	11.90625	289.4375	180.25	-125.00245387502073	124	7059	169	19.0	909.0	564.0	18	10.0	193.0	121.0	0	0	4.80019736289978	12500	698.5037412643433	4916	60.672	
-2270060.1091441475	87.3	11.621621621621621	280.18918918918916	174.72972972972974	-125.00245387502073	125	7122	169	16.0	669.0	423.0	21	10.0	193.0	121.0	0	0	4.372874736785889	12600	702.8766160011292	4949	60.72222222222222	
-2390054.5388618917	83.95	11.36111111111111	256.6666666666667	159.58333333333334	-125.00245387502073	126	7186	199	16.0	534.0	327.0	21	9.0	187.0	117.0	0	0	4.7913734912872314	12700	707.6679894924164	4981	60.77952755905512	
-2360052.632727613	82.53	11.30232558139535	267.7906976744186	166.48837209302326	-125.00245387502073	127	7243	163	16.0	572.0	356.0	21	9.0	193.0	121.0	0	0	5.451278209686279	12800	713.1192677021027	5019	60.7890625	
-2280064.786541668	85.86	11.682926829268293	311.5609756097561	194.0487804878049	-125.00245387502073	128	7302	242	16.0	765.0	472.0	5	8.0	146.0	91.0	0	0	4.883253812789917	12900	718.0025215148926	5056	60.8062015503876	
-1900060.3371439537	80.94	11.6	303.35	188.825	-125.00245387502073	129	7362	153	15.0	570.0	353.0	4	10.0	182.0	115.0	0	0	4.836766958236694	13000	722.8392884731293	5092	60.830769230769235	
-2520089.069560129	86.36	11.215686274509803	269.05882352941177	167.37254901960785	-125.00245387502073	130	7411	139	14.0	546.0	331.0	4	9.0	167.0	105.0	0	0	7.207789182662964	13100	730.0470776557922	5139	60.770992366412216	
-3360053.1872448716	87.37	11.557692307692308	292.0	181.46153846153845	-125.00245387502073	131	7459	149	18.0	628.0	399.0	3	7.0	116.0	73.0	0	0	7.084767818450928	13200	737.1318454742432	5187	60.70454545454545	
-2150104.2042298764	87.16	12.125	318.775	199.325	-125.00245387502073	132	7519	155	16.0	794.0	500.0	21	10.0	170.0	107.0	0	0	5.618516445159912	13300	742.7503619194031	5223	60.72932330827068	
-2220046.9880519784	82.78	11.642857142857142	264.7142857142857	165.76190476190476	-125.00245387502073	133	7577	195	16.0	560.0	348.0	6	9.0	171.0	107.0	0	0	4.707692623138428	13400	747.4580545425415	5261	60.73880597014925	
-2070068.1429317007	80.43	11.871794871794872	274.8205128205128	171.5897435897436	-125.00245387502073	134	7638	160	17.0	493.0	311.0	8	10.0	170.0	107.0	0	0	4.908127307891846	13500	752.3661818504333	5296	60.77037037037037	
-2660072.0190779506	79.43	12.04	292.46	182.36	-125.00245387502073	135	7688	154	20.0	520.0	328.0	14	10.0	193.0	121.0	0	0	6.760250806808472	13600	759.1264326572418	5342	60.720588235294116	
-2370029.9418322896	80.95	11.911111111111111	305.8	190.9777777777778	-125.00245387502073	136	7743	163	17.0	677.0	426.0	5	9.0	187.0	117.0	0	0	5.219603776931763	13700	764.3460364341736	5383	60.70802919708029	
-2350032.1480813413	82.37	12.195121951219512	301.7560975609756	188.65853658536585	-125.00245387502073	137	7802	244	18.0	609.0	385.0	15	10.0	185.0	115.0	0	0	4.6802918910980225	13800	769.0263283252716	5420	60.72463768115942	
-2520029.871085817	71.45	12.025	307.525	191.7	-125.00245387502073	138	7862	163	17.0	648.0	403.0	12	10.0	193.0	121.0	0	0	4.911656856536865	13900	773.9379851818085	5455	60.75539568345324	
-1910055.7863542796	79.46	11.833333333333334	309.9166666666667	194.11111111111111	-125.00245387502073	139	7926	186	19.0	967.0	613.0	15	9.0	170.0	107.0	0	0	4.175824880599976	14000	778.1138100624084	5487	60.80714285714286	
-2370060.585923554	85.14	11.236842105263158	264.8157894736842	165.55263157894737	-125.00245387502073	140	7988	184	15.0	637.0	398.0	15	9.0	170.0	107.0	0	0	5.056314468383789	14100	783.1701245307922	5521	60.843971631205676	
-2420066.2662755228	87.83	11.808510638297872	294.02127659574467	183.91489361702128	-124.95688715560263	141	8041	184	19.0	823.0	519.0	21	9.0	170.0	107.0	0	0	6.246307611465454	14200	789.4164321422577	5564	60.816901408450704	
-1730062.3445915515	90.7	12.157894736842104	296.2894736842105	185.55263157894737	-124.95688715560263	142	8103	207	23.0	1030.0	655.0	31	10.0	192.0	121.0	0	0	4.40123987197876	14300	793.8176720142365	5598	60.85314685314685	
-2140096.323714386	88.34	12.150943396226415	329.24528301886795	206.32075471698113	-124.95688715560263	143	8150	184	18.0	1644.0	1041.0	10	10.0	185.0	115.0	0	0	6.6273181438446045	14400	800.444990158081	5647	60.78472222222222	
-2560074.5095520644	86.84	12.130434782608695	289.67391304347825	180.52173913043478	-124.95688715560263	144	8204	192	19.0	795.0	500.0	10	10.0	184.0	115.0	0	0	5.338186979293823	14500	805.7831771373749	5689	60.76551724137931	
-2090157.9593827801	84.27	11.843137254901961	271.2352941176471	169.27450980392157	-124.95688715560263	145	8253	184	18.0	567.0	356.0	10	8.0	139.0	87.0	0	0	6.569442987442017	14600	812.3526201248169	5735	60.71917808219178	
-2620098.1395301516	81.78	11.830188679245284	293.33962264150944	182.69811320754718	-124.95688715560263	146	8300	184	17.0	789.0	487.0	14	9.0	184.0	115.0	0	0	7.473832845687866	14700	819.8264529705048	5783	60.65986394557823	
-2530120.220242706	82.05	11.326086956521738	272.6304347826087	169.65217391304347	-124.95688715560263	147	8354	186	16.0	659.0	403.0	30	8.0	145.0	91.0	0	0	5.904935359954834	14800	825.7313883304596	5825	60.641891891891895	
-2250157.7696843483	83.52	11.45	270.225	168.5	-124.95688715560263	148	8414	132	14.0	469.0	291.0	35	9.0	189.0	119.0	0	0	5.936542987823486	14900	831.6679313182831	5861	60.66442953020134	
-2840157.29691769	84.55	11.666666666666666	296.7894736842105	184.98245614035088	-124.95688715560263	149	8457	141	15.0	620.0	388.0	27	9.0	191.0	119.0	0	0	7.08351993560791	15000	838.751451253891	5913	60.58	
-2430082.8412764436	83.83	11.731707317073171	286.8048780487805	179.41463414634146	-124.95688715560263	150	8516	141	18.0	535.0	339.0	37	9.0	183.0	115.0	0	0	6.25894832611084	15100	845.0103995800018	5950	60.59602649006622	
-2130110.901947465	84.08	11.826086956521738	291.2173913043478	181.52173913043478	-124.95688715560263	151	8570	149	16.0	582.0	367.0	11	10.0	192.0	121.0	0	0	5.8448100090026855	15200	850.8552095890045	5992	60.578947368421055	
-3310082.779592025	80.44	11.16	243.3	151.82	-124.95688715560263	152	8620	148	14.0	463.0	284.0	19	9.0	158.0	99.0	0	0	6.787272930145264	15300	857.6424825191498	6037	60.54248366013072	
-2810053.138996584	82.0	11.46808510638298	275.0851063829787	171.46808510638297	-124.95688715560263	153	8673	161	14.0	463.0	284.0	7	9.0	143.0	89.0	0	0	7.074272394180298	15400	864.7167549133301	6080	60.51948051948052	
-2740089.7240163754	80.45	11.590909090909092	277.6363636363636	172.8181818181818	-124.95688715560263	154	8729	132	18.0	529.0	333.0	7	9.0	192.0	121.0	0	0	5.783113718032837	15500	870.4998686313629	6120	60.516129032258064	
-1870036.4823236614	80.05	11.930232558139535	286.3255813953488	178.8139534883721	-124.95688715560263	155	8786	131	15.0	540.0	334.0	37	8.0	186.0	114.0	0	0	5.015420198440552	15600	875.5152888298035	6159	60.51923076923077	
-3060103.758053886	80.06	11.134615384615385	249.42307692307693	155.5	-124.95688715560263	156	8834	147	15.0	429.0	270.0	37	9.0	176.0	108.0	0	0	7.911366939544678	15700	883.4266557693481	6207	60.46496815286624	
-2620090.015132851	78.74	12.0	289.6	180.78	-124.95688715560263	157	8884	141	19.0	547.0	344.0	18	10.0	193.0	121.0	0	0	6.711717844009399	15800	890.1383736133575	6253	60.42405063291139	
-2860072.548212311	76.69	11.74468085106383	276.6808510638298	172.74468085106383	-124.95688715560263	158	8937	150	17.0	580.0	363.0	18	10.0	184.0	115.0	0	0	7.655179262161255	15900	897.7935528755188	6295	60.40880503144654	
-2000113.4464774875	76.84	11.512820512820513	257.05128205128204	160.46153846153845	-124.95688715560263	159	8998	153	17.0	480.0	292.0	15	9.0	190.0	119.0	0	0	5.967828273773193	16000	903.761381149292	6330	60.4375	
-2780085.7418684447	82.54	11.448979591836734	267.44897959183675	166.24489795918367	-124.95688715560263	160	9049	152	15.0	779.0	481.0	14	10.0	193.0	121.0	0	0	6.727069139480591	16100	910.4884502887726	6374	60.409937888198755	
-2070099.1865283265	80.4	11.5	260.9	162.85	-124.95688715560263	161	9109	148	13.0	488.0	299.0	18	8.0	152.0	95.0	0	0	5.645381212234497	16200	916.1338315010071	6410	60.432098765432094	
-2300086.353670224	77.46	11.785714285714286	295.6190476190476	183.97619047619048	-124.95688715560263	162	9167	123	16.0	531.0	331.0	18	9.0	193.0	121.0	0	0	5.91284441947937	16300	922.0466759204865	6448	60.441717791411044	
-1930078.6153529212	78.14	11.785714285714286	274.23809523809524	171.8095238095238	-124.95688715560263	163	9225	136	16.0	629.0	399.0	9	9.0	173.0	109.0	0	0	5.393072605133057	16400	927.4397485256195	6485	60.45731707317073	
-2010057.3673568456	80.01	11.583333333333334	271.5833333333333	169.11111111111111	-124.95688715560263	164	9289	138	15.0	564.0	351.0	9	9.0	162.0	101.0	0	0	5.038589000701904	16500	932.4783375263214	6517	60.5030303030303	
-2920073.432138682	85.23	12.160714285714286	322.0357142857143	200.69642857142858	-124.95688715560263	165	9333	175	17.0	640.0	402.0	9	10.0	186.0	117.0	0	0	7.414407014846802	16600	939.8927445411682	6568	60.433734939759034	
-1900109.2109170686	79.06	11.23404255319149	248.93617021276594	155.6595744680851	-124.95688715560263	166	9386	142	14.0	405.0	252.0	8	8.0	185.0	114.0	0	0	5.0810017585754395	16700	944.9737462997437	6610	60.4191616766467	
-2880100.5749925356	80.7	11.132075471698114	257.0	160.16981132075472	-124.95688715560263	167	9433	138	15.0	489.0	308.0	9	9.0	183.0	115.0	0	0	6.798779010772705	16800	951.7725253105164	6658	60.36904761904761	
-2420098.116186593	79.91	11.5	294.94	182.94	-124.95688715560263	168	9483	131	14.0	538.0	324.0	30	10.0	193.0	121.0	0	0	7.052822113037109	16900	958.8253474235535	6704	60.33136094674556	
-2330048.76444508	79.61	11.744186046511627	278.83720930232556	174.1627906976744	-124.95688715560263	169	9540	158	14.0	456.0	283.0	10	10.0	183.0	115.0	0	0	6.2453837394714355	17000	965.0707311630249	6743	60.33529411764706	
-2810064.879094559	82.83	11.702127659574469	289.40425531914894	180.5744680851064	-124.95688715560263	170	9593	152	17.0	606.0	383.0	26	10.0	192.0	121.0	0	0	6.449570894241333	17100	971.5203020572662	6786	60.31578947368421	
-2610085.0602312004	84.17	11.74468085106383	320.0425531914894	199.17021276595744	-124.95688715560263	171	9646	132	16.0	1133.0	719.0	19	9.0	174.0	109.0	0	0	6.344563722610474	17200	977.8648657798767	6829	60.29651162790698	
-2940046.402654908	82.27	11.55813953488372	268.6279069767442	167.62790697674419	-124.95688715560263	172	9703	149	16.0	472.0	293.0	19	10.0	159.0	99.0	0	0	5.72176718711853	17300	983.5866329669952	6868	60.300578034682076	
-2260014.1789537095	78.76	11.714285714285714	298.25714285714287	186.0857142857143	-124.95688715560263	173	9768	142	14.0	507.0	321.0	30	9.0	182.0	115.0	0	0	3.6998584270477295	17400	987.286491394043	6899	60.35057471264368	
-1600051.342776891	74.79	12.030303030303031	303.42424242424244	189.24242424242425	-124.95688715560263	174	9835	135	18.0	531.0	331.0	14	10.0	193.0	121.0	0	0	4.6624596118927	17500	991.9489510059357	6928	60.41142857142857	
-2040048.8331596232	76.05	11.764705882352942	273.3235294117647	170.88235294117646	-124.95688715560263	175	9901	133	15.0	442.0	277.0	14	8.0	132.0	83.0	0	0	5.103187084197998	17600	997.0521380901337	6958	60.46590909090909	
-2090088.397365688	78.6	11.395348837209303	268.8139534883721	167.86046511627907	-124.95688715560263	176	9958	130	15.0	544.0	338.0	14	10.0	175.0	109.0	0	0	5.740780591964722	17700	1002.7929186820984	6997	60.46892655367231	
-2930044.32504606	80.75	11.54	278.52	174.04	-124.95688715560263	177	10008	137	15.0	628.0	383.0	30	8.0	139.0	87.0	0	0	6.917211055755615	17800	1009.710129737854	7043	60.43258426966292	
-2320058.7354553025	81.21	11.829268292682928	290.8536585365854	181.65853658536585	-124.95688715560263	178	10067	157	16.0	788.0	497.0	11	9.0	193.0	121.0	0	0	5.340321779251099	17900	1015.0504515171051	7080	60.44692737430167	
-2900086.5876130587	80.45	11.79245283018868	287.47169811320754	179.22641509433961	-124.95688715560263	179	10114	157	16.0	498.0	312.0	18	10.0	193.0	121.0	0	0	7.110755681991577	18000	1022.1612071990967	7129	60.394444444444446	
-1760049.395842467	78.85	11.702702702702704	287.0810810810811	178.94594594594594	-124.95688715560263	180	10177	145	14.0	477.0	298.0	18	10.0	173.0	109.0	0	0	4.4710693359375	18100	1026.6322765350342	7162	60.430939226519335	
-2650060.579588922	78.99	11.585365853658537	284.6829268292683	176.53658536585365	-124.95688715560263	181	10236	173	15.0	651.0	400.0	10	10.0	182.0	115.0	0	0	6.096139669418335	18200	1032.7284162044525	7199	60.44505494505494	
-2600063.352595689	80.39	11.76595744680851	283.40425531914894	177.29787234042553	-124.95688715560263	182	10289	173	15.0	547.0	347.0	18	8.0	190.0	116.0	0	0	6.1934685707092285	18300	1038.9218847751617	7241	60.431693989071036	
-2730045.5079059983	89.0	12.11111111111111	289.97777777777776	181.2888888888889	-124.95688715560263	183	10344	211	23.0	945.0	594.0	12	9.0	172.0	107.0	0	0	6.276819229125977	18400	1045.1987040042877	7282	60.42391304347826	
-2780032.8488325817	90.77	12.08695652173913	300.8695652173913	187.8913043478261	-124.95688715560263	184	10398	205	16.0	722.0	443.0	12	9.0	193.0	121.0	0	0	5.667704820632935	18500	1050.8664088249207	7324	60.41081081081081	
-2350043.5807888024	87.99	12.4	317.46666666666664	198.2	-124.95688715560263	185	10453	261	19.0	782.0	493.0	32	10.0	169.0	105.0	0	0	4.626444578170776	18600	1055.4928534030914	7365	60.40322580645161	
-2090069.45010814	87.21	12.146341463414634	306.390243902439	190.9512195121951	-124.95688715560263	186	10512	180	16.0	1054.0	663.0	37	10.0	193.0	121.0	0	0	5.729285955429077	18700	1061.2221393585205	7402	60.417112299465245	
-3130036.966993338	85.95	11.803571428571429	298.67857142857144	185.83928571428572	-124.95688715560263	187	10556	143	16.0	640.0	397.0	30	10.0	169.0	107.0	0	0	7.165553331375122	18800	1068.3876926898956	7454	60.351063829787236	
-2260061.0943667456	87.09	11.98076923076923	306.75	190.78846153846155	-124.95688715560263	188	10604	143	20.0	804.0	503.0	8	10.0	192.0	121.0	0	0	5.870614528656006	18900	1074.2583072185516	7502	60.30687830687831	
-3010048.0892309668	89.08	11.588235294117647	288.98039215686276	180.0	-124.95688715560263	189	10653	153	14.0	531.0	331.0	43	9.0	180.0	113.0	0	0	6.262222528457642	19000	1080.5205297470093	7548	60.27368421052632	
-2540037.6201721174	86.15	11.820512820512821	300.8974358974359	187.89743589743588	-124.95688715560263	190	10714	176	19.0	520.0	322.0	18	9.0	175.0	109.0	0	0	5.022718906402588	19100	1085.5432486534119	7583	60.29842931937173	
-1670034.2168700532	87.73	11.764705882352942	312.97058823529414	195.08823529411765	-124.95688715560263	191	10780	188	15.0	591.0	368.0	17	10.0	192.0	121.0	0	0	3.924438953399658	19200	1089.4676876068115	7613	60.348958333333336	
-2950033.2631361117	84.55	11.533333333333333	298.44444444444446	185.24444444444444	-124.95688715560263	192	10835	188	17.0	1011.0	629.0	6	9.0	183.0	115.0	0	0	5.7541563510894775	19300	1095.221843957901	7654	60.3419689119171	
-1790096.9312112594	79.94	11.435897435897436	292.8974358974359	181.35897435897436	-124.95688715560263	193	10896	188	18.0	525.0	327.0	6	9.0	193.0	121.0	0	0	4.191903591156006	19400	1099.413747549057	7689	60.365979381443296	
-2080075.0698209838	81.72	11.439024390243903	288.5853658536585	177.9268292682927	-124.95688715560263	194	10955	144	14.0	530.0	317.0	6	9.0	193.0	121.0	0	0	5.140915870666504	19500	1104.5546634197235	7726	60.37948717948718	
-2080048.4138653374	81.33	11.476190476190476	265.5	165.45238095238096	-124.95688715560263	195	11013	174	16.0	469.0	295.0	15	8.0	139.0	87.0	0	0	5.37145209312439	19600	1109.926115512848	7764	60.38775510204082	
-2480076.831846297	77.77	11.673913043478262	283.67391304347825	176.82608695652175	-124.95688715560263	196	11067	161	16.0	755.0	479.0	10	9.0	169.0	107.0	0	0	6.3563525676727295	19700	1116.2824680805206	7806	60.3756345177665	
-2560069.2846097015	83.99	12.105263157894736	297.1842105263158	184.52631578947367	-124.95688715560263	197	11129	254	17.0	576.0	359.0	13	10.0	176.0	111.0	0	0	6.231383800506592	19800	1122.5138518810272	7840	60.4040404040404	
-2430032.6621694625	84.45	11.81081081081081	288.35135135135135	180.02702702702703	-124.95688715560263	198	11192	161	19.0	922.0	583.0	8	8.0	123.0	77.0	0	0	4.6624369621276855	19900	1127.176288843155	7873	60.43718592964824	
-2200026.5476152054	77.39	11.972972972972974	293.2432432432432	182.56756756756758	-124.95688715560263	199	11255	158	16.0	659.0	414.0	8	9.0	176.0	108.0	0	0	5.369015455245972	20000	1132.5453042984009	7906	60.47	
-2230084.0083698477	81.04	11.9	292.625	183.05	-124.95688715560263	200	11315	188	16.0	691.0	435.0	8	10.0	184.0	115.0	0	0	4.801582336425781	20100	1137.3468866348267	7942	60.48756218905473	
-2310044.577124724	78.81	11.95	298.35	186.325	-124.95688715560263	201	11375	186	16.0	739.0	465.0	8	8.0	180.0	110.0	0	0	4.821875810623169	20200	1142.1687624454498	7978	60.504950495049506	
-2590054.2511816323	76.79	11.657894736842104	285.3157894736842	178.02631578947367	-124.95688715560263	202	11437	167	14.0	520.0	328.0	1	9.0	179.0	113.0	0	0	5.411465644836426	20300	1147.5802280902863	8012	60.5320197044335	
-1670051.9024504654	75.45	11.96774193548387	316.64516129032256	198.2258064516129	-124.95688715560263	203	11506	143	16.0	785.0	492.0	1	11.0	193.0	121.0	0	0	3.667557954788208	20400	1151.2477860450745	8039	60.59313725490196	
-2050031.2952313656	79.32	11.75609756097561	286.6829268292683	179.97560975609755	-124.95688715560263	204	11565	150	17.0	487.0	309.0	13	9.0	193.0	121.0	0	0	6.027973890304565	20500	1157.275759935379	8075	60.609756097560975	
-2630100.522477956	80.56	11.72	278.84	174.26	-124.9553371047311	205	11615	150	15.0	571.0	360.0	13	9.0	190.0	119.0	0	0	6.813846826553345	20600	1164.0896067619324	8121	60.577669902912625	
-2420024.1492644567	76.79	11.58974358974359	278.02564102564105	173.2051282051282	-124.9553371047311	206	11676	189	15.0	521.0	321.0	10	9.0	165.0	103.0	0	0	3.7187089920043945	20700	1167.8083157539368	8156	60.59903381642512	
-2320054.036424989	76.2	11.840909090909092	306.5681818181818	191.0	-124.9553371047311	207	11732	137	15.0	522.0	331.0	22	10.0	193.0	121.0	0	0	4.9724133014678955	20800	1172.7807290554047	8196	60.59615384615385	
-2620039.859111346	78.91	11.676470588235293	267.0882352941176	166.64705882352942	-124.9553371047311	208	11798	154	16.0	442.0	279.0	14	9.0	170.0	107.0	0	0	5.49327278137207	20900	1178.2740018367767	8226	60.64114832535885	
-2350043.1007691487	81.79	11.714285714285714	306.4761904761905	190.76190476190476	-124.9553371047311	209	11856	156	17.0	802.0	504.0	25	9.0	193.0	121.0	0	0	4.956940412521362	21000	1183.230942249298	8264	60.64761904761905	
-2190085.789528243	82.73	11.652173913043478	284.3478260869565	177.2608695652174	-124.9553371047311	210	11910	156	16.0	732.0	464.0	16	10.0	182.0	115.0	0	0	8.1824049949646	21100	1191.4133472442627	8305	60.639810426540286	
-2420088.4828277077	89.73	11.88888888888889	283.3777777777778	176.9111111111111	-124.9553371047311	211	11965	216	17.0	530.0	330.0	24	11.0	193.0	121.0	0	0	6.39621376991272	21200	1197.8095610141754	8346	60.632075471698116	
-3390031.3285407163	81.48	11.630434782608695	278.0	173.17391304347825	-124.9553371047311	212	12019	151	19.0	784.0	495.0	17	9.0	193.0	121.0	0	0	6.342009544372559	21300	1204.151570558548	8388	60.61971830985915	
-2400036.1888239984	78.82	11.894736842105264	277.2894736842105	172.89473684210526	-124.9553371047311	213	12081	152	16.0	474.0	287.0	12	10.0	193.0	121.0	0	0	4.379018068313599	21400	1208.5305886268616	8422	60.64485981308411	
-1880062.7477444233	76.19	11.46875	273.71875	170.34375	-124.9553371047311	214	12149	162	16.0	531.0	324.0	12	8.0	180.0	110.0	0	0	3.4564239978790283	21500	1211.9870126247406	8450	60.69767441860465	
-2370049.8643967514	75.45	11.55813953488372	267.0232558139535	166.53488372093022	-124.9553371047311	215	12206	134	17.0	440.0	276.0	12	9.0	171.0	107.0	0	0	4.810305595397949	21600	1216.7973182201385	8489	60.69907407407407	
-1950063.0777949074	78.04	11.581395348837209	269.5348837209302	168.04651162790697	-124.9553371047311	216	12263	131	16.0	488.0	299.0	16	9.0	183.0	115.0	0	0	5.421294927597046	21700	1222.2186131477356	8528	60.70046082949309	
-2420064.8388963793	77.3	11.904761904761905	278.6190476190476	174.11904761904762	-124.9553371047311	217	12321	147	16.0	549.0	340.0	16	11.0	192.0	121.0	0	0	5.600616455078125	21800	1227.8192296028137	8566	60.70642201834862	
-2100059.9327219008	74.27	11.473684210526315	268.1578947368421	167.6315789473684	-124.9553371047311	218	12383	141	16.0	726.0	459.0	16	9.0	161.0	101.0	0	0	4.581006050109863	21900	1232.4002356529236	8600	60.73059360730594	
-2610040.369399298	78.52	11.5	283.75	176.9	-124.9553371047311	219	12443	135	17.0	600.0	378.0	14	9.0	145.0	91.0	0	0	5.987085819244385	22000	1238.387321472168	8636	60.74545454545455	
-2170041.9673115783	81.19	11.789473684210526	312.39473684210526	194.42105263157896	-124.9553371047311	220	12505	131	18.0	755.0	477.0	16	9.0	187.0	117.0	0	0	5.848008871078491	22100	1244.2353303432465	8670	60.76923076923077	
-3100071.590597201	84.74	11.716981132075471	291.62264150943395	181.62264150943398	-124.9553371047311	221	12552	186	16.0	598.0	377.0	11	8.0	131.0	83.0	0	0	7.90743613243103	22200	1252.1427664756775	8719	60.72522522522522	
-1880067.1136229206	86.3	12.10204081632653	312.0	194.3877551020408	-124.9553371047311	222	12603	136	17.0	595.0	369.0	17	9.0	192.0	121.0	0	0	6.732581615447998	22300	1258.8753480911255	8764	60.699551569506724	
-2930099.9613410123	85.94	11.46808510638298	263.4468085106383	164.70212765957447	-124.9553371047311	223	12656	152	17.0	536.0	336.0	32	10.0	192.0	121.0	0	0	7.686007022857666	22400	1266.5613551139832	8807	60.683035714285715	
-2220062.3598500993	83.68	11.704545454545455	299.1818181818182	186.77272727272728	-124.9553371047311	224	12712	158	17.0	612.0	381.0	10	9.0	192.0	121.0	0	0	5.345256805419922	22500	1271.906611919403	8847	60.68	
-2490070.616915022	83.25	11.877551020408163	292.6938775510204	183.14285714285714	-124.9553371047311	225	12763	131	17.0	786.0	494.0	10	9.0	181.0	113.0	0	0	5.338340997695923	22600	1277.244952917099	8892	60.65486725663717	
-2030095.1172237499	82.57	11.416666666666666	282.2916666666667	176.33333333333334	-124.9553371047311	226	12815	165	15.0	546.0	342.0	11	10.0	182.0	115.0	0	0	6.285718202590942	22700	1283.53067111969	8936	60.63436123348018	
-2660099.1320667113	81.74	11.660714285714286	290.4107142857143	181.07142857142858	-124.9553371047311	227	12859	156	20.0	836.0	522.0	12	8.0	159.0	99.0	0	0	9.269614219665527	22800	1292.8002853393555	8986	60.58771929824561	
-1930086.2938770712	81.34	11.607142857142858	303.375	189.19642857142858	-124.9553371047311	228	12903	125	15.0	699.0	439.0	33	10.0	183.0	115.0	0	0	5.528395891189575	22900	1298.328681230545	9038	60.532751091703055	
-3260060.5588735654	83.91	11.9	297.73333333333335	185.16666666666666	-124.9553371047311	229	12943	159	18.0	534.0	337.0	9	9.0	182.0	115.0	0	0	7.06993293762207	23000	1305.3986141681671	9094	60.46086956521739	
-1780033.0253019005	82.03	11.844444444444445	303.5777777777778	189.22222222222223	-124.9553371047311	230	12998	161	16.0	601.0	377.0	8	9.0	188.0	116.0	0	0	4.990220785140991	23100	1310.388834953308	9135	60.45454545454545	
-2250097.5800095517	81.61	11.585365853658537	284.3170731707317	177.09756097560975	-124.9553371047311	231	13057	161	15.0	444.0	271.0	21	8.0	193.0	121.0	0	0	5.068256616592407	23200	1315.4570915699005	9172	60.46551724137931	
-2080076.079723573	82.35	11.378378378378379	289.02702702702703	179.59459459459458	-124.9553371047311	232	13120	161	15.0	558.0	357.0	2	8.0	169.0	105.0	0	0	5.098162651062012	23300	1320.5552542209625	9204	60.49785407725322	
-2790105.0066367006	81.76	11.391304347826088	271.5	168.69565217391303	-124.9553371047311	233	13174	161	18.0	575.0	367.0	31	9.0	174.0	109.0	0	0	7.344297170639038	23400	1327.8995513916016	9245	60.491452991452995	
-2100047.074087254	80.72	11.695652173913043	293.4130434782609	183.1304347826087	-124.9553371047311	234	13228	159	16.0	635.0	396.0	9	10.0	175.0	109.0	0	0	5.336798429489136	23500	1333.2363498210907	9286	60.48510638297873	
-1920066.0990145942	87.01	11.431372549019608	276.4313725490196	172.47058823529412	-124.9553371047311	235	13277	159	16.0	522.0	329.0	11	8.0	156.0	97.0	0	0	5.003065824508667	23600	1338.2394156455994	9332	60.45762711864407	
-2350060.0891004372	92.46	11.63265306122449	289.6530612244898	180.55102040816325	-124.9553371047311	236	13328	202	17.0	545.0	336.0	34	9.0	159.0	99.0	0	0	5.176892995834351	23700	1343.4163086414337	9377	60.434599156118146	
-2930053.5043643056	90.91	11.061224489795919	261.83673469387753	162.9387755102041	-124.9553371047311	237	13379	210	14.0	523.0	324.0	18	8.0	139.0	87.0	0	0	5.61320686340332	23800	1349.029515504837	9422	60.411764705882355	
-1670079.7608102188	88.33	11.512820512820513	261.61538461538464	162.94871794871796	-124.9553371047311	238	13440	184	19.0	506.0	319.0	19	9.0	186.0	117.0	0	0	4.377156734466553	23900	1353.4066722393036	9457	60.43096234309623	
-2260075.5613049148	86.21	11.767441860465116	294.5581395348837	183.8372093023256	-124.9553371047311	239	13497	159	17.0	604.0	381.0	29	9.0	164.0	103.0	0	0	5.45842719078064	24000	1358.8650994300842	9496	60.43333333333333	
-2720056.1233002073	84.73	11.391304347826088	257.54347826086956	160.67391304347825	-124.9553371047311	240	13551	159	14.0	483.0	304.0	43	8.0	165.0	102.0	0	0	5.331747055053711	24100	1364.196846485138	9537	60.42738589211618	
-2060063.8730745357	82.41	11.627906976744185	279.6279069767442	173.86046511627907	-124.9553371047311	241	13608	125	17.0	480.0	304.0	39	9.0	193.0	121.0	0	0	4.955597162246704	24200	1369.1524436473846	9576	60.429752066115704	
-2370088.269001952	84.76	11.508474576271187	285.59322033898303	177.96610169491527	-124.9553371047311	242	13649	126	15.0	557.0	349.0	42	9.0	171.0	107.0	0	0	5.832881927490234	24300	1374.9853255748749	9630	60.37037037037037	
-2870058.776597074	85.41	11.607843137254902	277.5686274509804	172.80392156862746	-124.9553371047311	243	13698	190	15.0	598.0	373.0	20	10.0	162.0	101.0	0	0	5.831911563873291	24400	1380.8172371387482	9677	60.34016393442623	
-2300082.451029107	87.41	11.906976744186046	301.8837209302326	187.67441860465115	-124.9553371047311	244	13755	151	19.0	711.0	448.0	17	9.0	193.0	121.0	0	0	6.046097993850708	24500	1386.8633351325989	9716	60.34285714285714	
-2390071.4908524198	88.42	11.977777777777778	274.8	172.11111111111111	-124.9553371047311	245	13810	151	16.0	589.0	369.0	18	10.0	192.0	121.0	0	0	4.998015642166138	24600	1391.861350774765	9757	60.33739837398374	
-2040051.342953232	89.98	11.9375	310.0833333333333	193.29166666666666	-124.9553371047311	246	13862	151	17.0	602.0	381.0	51	8.0	129.0	81.0	0	0	5.4020795822143555	24700	1397.2634303569794	9801	60.31983805668016	
-2830062.864443137	85.12	11.591836734693878	276.9795918367347	172.3265306122449	-124.9553371047311	247	13913	151	15.0	541.0	337.0	24	9.0	173.0	109.0	0	0	6.165777206420898	24800	1403.4292075634003	9846	60.29838709677419	
-2430073.3977158773	85.37	12.36734693877551	304.3061224489796	190.14285714285714	-124.9553371047311	248	13964	135	19.0	572.0	360.0	24	9.0	172.0	109.0	0	0	5.982422590255737	24900	1409.411630153656	9891	60.27710843373494	
-2440084.0976731833	82.38	12.307692307692308	308.8974358974359	192.33333333333334	-124.9553371047311	249	14025	184	17.0	545.0	342.0	12	9.0	183.0	115.0	0	0	6.114442348480225	25000	1415.5260725021362	9926	60.296	
-2710204.6463168045	82.29	11.551020408163266	287.1224489795918	178.9387755102041	-124.9553371047311	250	14076	157	17.0	772.0	485.0	12	8.0	167.0	105.0	0	0	6.8745574951171875	25100	1422.4006299972534	9971	60.27490039840637	
-2510119.3717455966	80.67	11.297872340425531	269.6808510638298	167.70212765957447	-124.9553371047311	251	14129	166	16.0	454.0	282.0	12	8.0	140.0	87.0	0	0	5.258516550064087	25200	1427.6591465473175	10014	60.26190476190476	
-1980040.0585884694	76.56	11.944444444444445	280.0	174.58333333333334	-124.9553371047311	252	14193	140	18.0	481.0	302.0	12	10.0	193.0	121.0	0	0	3.795360803604126	25300	1431.4545073509216	10046	60.29249011857708	
-2140057.6808141824	84.88	11.727272727272727	298.75	186.45454545454547	-124.9553371047311	253	14249	192	17.0	559.0	346.0	12	8.0	192.0	118.0	0	0	4.3779332637786865	25400	1435.8324406147003	10086	60.29133858267717	
-1910032.4857035773	85.16	12.181818181818182	308.52272727272725	192.75	-124.9553371047311	254	14305	192	20.0	735.0	457.0	12	10.0	193.0	121.0	0	0	3.5659446716308594	25500	1439.3983852863312	10126	60.29019607843137	
-2620061.3427310507	87.2	11.836363636363636	298.74545454545455	186.23636363636365	-124.9553371047311	255	14350	192	17.0	502.0	309.0	12	9.0	172.0	107.0	0	0	6.758559465408325	25600	1446.1569447517395	10176	60.25	
-2970053.183757356	85.84	12.326923076923077	306.53846153846155	191.09615384615384	-124.9553371047311	256	14398	192	18.0	633.0	393.0	16	8.0	140.0	87.0	0	0	8.525255680084229	25700	1454.6822004318237	10223	60.221789883268485	
-2550072.224255807	82.39	11.844444444444445	303.2	189.22222222222223	-124.9553371047311	257	14453	192	16.0	572.0	361.0	5	10.0	192.0	121.0	0	0	5.168200969696045	25800	1459.8504014015198	10264	60.21705426356589	
-2230046.8844113112	81.12	11.7	308.675	192.35	-124.9553371047311	258	14513	195	16.0	755.0	483.0	13	10.0	161.0	101.0	0	0	4.467929124832153	25900	1464.318330526352	10300	60.231660231660236	
-2110065.5468923855	87.62	11.641509433962264	322.58490566037733	200.75471698113208	-124.9553371047311	259	14560	195	16.0	839.0	528.0	30	9.0	171.0	107.0	0	0	5.4801857471466064	26000	1469.7985162734985	10349	60.19615384615384	
-1780078.6426829826	89.36	11.75	321.04545454545456	199.9318181818182	-124.9553371047311	260	14616	195	17.0	742.0	471.0	14	9.0	171.0	107.0	0	0	4.212043046951294	26100	1474.0105593204498	10389	60.195402298850574	
-2870085.752013796	84.42	11.615384615384615	294.0576923076923	182.84615384615384	-124.9553371047311	261	14664	188	17.0	556.0	347.0	14	9.0	192.0	121.0	0	0	6.432286024093628	26200	1480.4428453445435	10437	60.16412213740458	
-1750080.0318596626	86.96	11.488372093023257	291.69767441860466	181.93023255813952	-124.9553371047311	262	14721	143	15.0	658.0	415.0	25	10.0	192.0	121.0	0	0	5.540695905685425	26300	1485.9835412502289	10475	60.17110266159696	
-2310082.4716900736	86.72	11.76	293.08	182.88	-124.9553371047311	263	14771	143	17.0	681.0	424.0	29	9.0	176.0	109.0	0	0	6.635041952133179	26400	1492.618583202362	10521	60.14772727272727	
-2410047.469566181	86.02	11.951219512195122	312.5853658536585	195.29268292682926	-124.9553371047311	264	14830	213	17.0	897.0	553.0	8	10.0	182.0	112.0	0	0	3.820516347885132	26500	1496.4390995502472	10558	60.158490566037734	
-2250047.0041663586	83.81	11.591836734693878	274.6530612244898	171.51020408163265	-124.9553371047311	265	14881	138	15.0	500.0	311.0	17	10.0	171.0	107.0	0	0	5.243309259414673	26600	1501.6824088096619	10602	60.14285714285714	
-2950060.4366720105	84.31	11.642857142857142	285.9107142857143	178.30357142857142	-124.9553371047311	266	14925	169	15.0	565.0	347.0	20	9.0	193.0	121.0	0	0	7.3438122272491455	26700	1509.026221036911	10654	60.09737827715356	
-2340037.633134284	85.13	11.685714285714285	268.51428571428573	167.05714285714285	-124.9553371047311	267	14990	169	17.0	556.0	347.0	3	9.0	175.0	109.0	0	0	4.443655014038086	26800	1513.469876050949	10685	60.13059701492537	
-1500045.4379052497	85.22	11.875	303.53125	189.0	-124.9553371047311	268	15058	167	16.0	675.0	420.0	37	10.0	175.0	109.0	0	0	4.504478216171265	26900	1517.9743542671204	10713	60.17472118959108	
-2570084.918093648	85.07	11.673469387755102	278.51020408163265	173.3265306122449	-124.9553371047311	269	15109	168	18.0	703.0	438.0	26	8.0	140.0	87.0	0	0	7.105389595031738	27000	1525.079743862152	10758	60.15555555555556	
-2250053.528907351	81.92	11.813953488372093	283.6046511627907	177.09302325581396	-124.9553371047311	270	15166	144	19.0	721.0	427.0	24	9.0	151.0	95.0	0	0	5.830235958099365	27100	1530.9099798202515	10797	60.15867158671587	
-2280073.5767921694	80.86	11.804878048780488	295.4146341463415	184.6829268292683	-124.9553371047311	271	15225	156	18.0	557.0	355.0	12	9.0	182.0	115.0	0	0	4.87984824180603	27200	1535.7898280620575	10834	60.169117647058826	
-2220033.2975014956	76.25	12.0	291.75555555555553	182.64444444444445	-124.9553371047311	272	15280	156	16.0	477.0	303.0	9	9.0	170.0	107.0	0	0	4.579588174819946	27300	1540.3694162368774	10875	60.16483516483517	
-1940026.987604233	77.98	11.84375	275.875	172.71875	-124.9553371047311	273	15348	156	18.0	567.0	361.0	9	9.0	174.0	109.0	0	0	3.304443359375	27400	1543.6738595962524	10903	60.20802919708029	
-2540051.0191389397	76.67	11.782608695652174	269.4782608695652	168.41304347826087	-124.9553371047311	274	15402	119	17.0	876.0	546.0	22	9.0	155.0	97.0	0	0	5.6151628494262695	27500	1549.2890224456787	10945	60.199999999999996	
-2540077.3512587696	79.66	11.36734693877551	263.7142857142857	164.46938775510205	-124.9553371047311	275	15453	154	15.0	430.0	270.0	26	9.0	153.0	95.0	0	0	8.114213943481445	27600	1557.4032363891602	10990	60.18115942028985	
-2510047.099084286	81.97	11.904761904761905	295.64285714285717	183.95238095238096	-124.9553371047311	276	15511	158	18.0	889.0	555.0	12	9.0	185.0	114.0	0	0	4.972226858139038	27700	1562.3754632472992	11028	60.18772563176895	
-2180075.0066419244	77.46	10.951219512195122	273.3658536585366	169.0487804878049	-124.95044419331349	277	15570	133	15.0	765.0	457.0	18	8.0	162.0	101.0	0	0	5.445207834243774	27800	1567.820671081543	11065	60.197841726618705	
-2250062.1406822833	79.2	11.521739130434783	274.9130434782609	171.5	-124.95044419331349	278	15624	162	16.0	679.0	427.0	16	9.0	182.0	115.0	0	0	5.5045177936553955	27900	1573.3251888751984	11107	60.18996415770609	
-1880095.0246269393	76.69	11.307692307692308	277.46153846153845	172.92307692307693	-124.95044419331349	279	15685	152	15.0	489.0	311.0	5	9.0	160.0	101.0	0	0	4.661397218704224	28000	1577.9865860939026	11142	60.207142857142856	
-2150060.2361002397	79.72	11.6	282.4	175.9142857142857	-124.95044419331349	280	15750	152	16.0	661.0	419.0	26	9.0	191.0	119.0	0	0	4.032958745956421	28100	1582.019544839859	11173	60.238434163701065	
-2750057.7419267143	83.57	11.583333333333334	293.9375	182.64583333333334	-124.95044419331349	281	15802	198	14.0	569.0	351.0	14	9.0	193.0	121.0	0	0	7.783667802810669	28200	1589.8032126426697	11217	60.223404255319146	
-2410043.3318984737	87.24	12.355555555555556	303.46666666666664	189.6888888888889	-124.95044419331349	282	15857	217	21.0	524.0	324.0	18	9.0	193.0	121.0	0	0	5.952621221542358	28300	1595.755833864212	11258	60.21908127208481	
-2070083.0469316316	82.43	11.826086956521738	304.5	189.2826086956522	-124.95044419331349	283	15911	175	17.0	583.0	371.0	18	10.0	193.0	121.0	0	0	6.636036157608032	28400	1602.39187002182	11300	60.2112676056338	
-2840074.8440001826	88.91	11.346153846153847	273.38461538461536	170.05769230769232	-124.95044419331349	284	15959	175	18.0	589.0	366.0	18	9.0	175.0	109.0	0	0	8.308752536773682	28500	1610.7006225585938	11348	60.18245614035088	
-2180022.3511482696	85.24	12.272727272727273	332.90909090909093	207.36363636363637	-124.95044419331349	285	16015	175	17.0	755.0	473.0	12	9.0	170.0	107.0	0	0	5.97875189781189	28600	1616.6793744564056	11388	60.18181818181818	
-2340045.726218446	82.64	11.617021276595745	276.06382978723406	172.70212765957447	-124.95044419331349	286	16068	171	16.0	501.0	314.0	32	9.0	155.0	97.0	0	0	6.171699047088623	28700	1622.8510735034943	11430	60.174216027874564	
-2500066.217911887	82.35	11.557692307692308	273.0576923076923	170.25	-124.95044419331349	287	16116	137	15.0	524.0	330.0	23	9.0	170.0	107.0	0	0	6.853546857833862	28800	1629.7046203613281	11477	60.14930555555556	
-2590060.4569822517	85.16	11.914893617021276	303.93617021276594	188.31914893617022	-124.95044419331349	288	16169	134	17.0	477.0	289.0	18	9.0	158.0	99.0	0	0	7.025035619735718	28900	1636.7296559810638	11520	60.13840830449827	
-2450077.2959103207	85.63	11.981818181818182	312.8363636363636	194.76363636363635	-124.95044419331349	289	16214	139	17.0	551.0	344.0	15	9.0	170.0	107.0	0	0	7.276834011077881	29000	1644.0064899921417	11571	60.099999999999994	
-2550065.3272689194	85.69	12.021739130434783	294.0869565217391	183.52173913043478	-124.95044419331349	290	16268	150	22.0	751.0	475.0	15	9.0	162.0	101.0	0	0	6.4151060581207275	29100	1650.4215960502625	11613	60.09278350515464	
-2170078.6233118726	87.66	12.41304347826087	315.4782608695652	196.82608695652175	-124.95044419331349	291	16322	159	16.0	617.0	386.0	13	9.0	193.0	121.0	0	0	5.291716814041138	29200	1655.7133128643036	11655	60.08561643835616	
-2400071.867298737	90.2	12.08	297.36	185.36	-124.95044419331349	292	16372	159	16.0	574.0	361.0	34	9.0	193.0	121.0	0	0	5.442293882369995	29300	1661.1556067466736	11701	60.06484641638225	
-2650064.3752631377	90.14	12.758620689655173	335.2068965517241	209.17241379310346	-124.95044419331349	293	16414	174	18.0	608.0	380.0	25	9.0	191.0	121.0	0	0	6.649563550949097	29400	1667.8051702976227	11754	60.0204081632653	
-1780049.789281507	86.48	12.08108108108108	298.8378378378378	186.94594594594594	-124.95044419331349	294	16477	167	19.0	645.0	409.0	20	10.0	192.0	120.0	0	0	3.935460090637207	29500	1671.74063038826	11787	60.044067796610165	
-2520051.441830642	84.88	12.217391304347826	312.54347826086956	194.30434782608697	-124.95044419331349	295	16531	145	18.0	801.0	488.0	21	9.0	182.0	115.0	0	0	5.975038766860962	29600	1677.7156691551208	11829	60.03716216216216	
-2290086.4048022865	84.6	11.895833333333334	282.9166666666667	176.0	-124.95044419331349	296	16583	172	16.0	605.0	379.0	8	10.0	193.0	121.0	0	0	6.260204553604126	29700	1683.975873708725	11873	60.023569023569024	
-2360055.0746628093	86.48	12.153846153846153	301.0576923076923	187.78846153846155	-124.95044419331349	297	16631	170	21.0	966.0	612.0	1	9.0	192.0	121.0	0	0	5.309644937515259	29800	1689.2855186462402	11921	59.99664429530201	
-2180082.0308044865	85.88	12.11111111111111	300.5777777777778	187.2888888888889	-124.95044419331349	298	16686	170	17.0	782.0	499.0	1	10.0	166.0	105.0	0	0	5.572642087936401	29900	1694.8581607341766	11962	59.9933110367893	
-1850063.691943622	74.54	11.954545454545455	279.97727272727275	174.6590909090909	-124.94590561110154	299	16742	170	17.0	556.0	343.0	1	10.0	193.0	121.0	0	0	4.815376281738281	30000	1699.673537015915	12001	59.99666666666666	
-2150027.0186239947	70.92	11.692307692307692	279.2564102564103	173.92307692307693	-124.94590561110154	300	16803	166	16.0	573.0	356.0	1	10.0	183.0	115.0	0	0	4.853149652481079	30100	1704.526686668396	12036	60.01328903654485	
-2130105.613995767	74.49	11.851063829787234	280.6808510638298	175.06382978723406	-124.94590561110154	301	16856	166	16.0	533.0	330.0	1	9.0	175.0	109.0	0	0	6.183023691177368	30200	1710.7097103595734	12077	60.00993377483444	
-2580075.45500942	73.45	11.622222222222222	260.9111111111111	162.82222222222222	-124.94590561110154	302	16911	166	16.0	428.0	265.0	1	9.0	193.0	121.0	0	0	5.657257080078125	30300	1716.3669674396515	12118	60.006600660066006	
-2430066.5113946265	77.54	11.651162790697674	298.90697674418607	186.72093023255815	-124.94590561110154	303	16968	152	18.0	517.0	325.0	1	8.0	174.0	109.0	0	0	6.6188929080963135	30400	1722.9858603477478	12157	60.00986842105263	
-2690032.7930286946	78.56	11.641509433962264	290.20754716981133	181.56603773584905	-124.94590561110154	304	17015	157	17.0	516.0	327.0	9	8.0	151.0	95.0	0	0	6.251107692718506	30500	1729.2369680404663	12206	59.980327868852456	
-3070075.94351657	80.72	11.351851851851851	260.25925925925924	162.3148148148148	-124.77986318340794	305	17061	164	17.0	513.0	320.0	11	8.0	159.0	99.0	0	0	7.223150968551636	30600	1736.460119009018	12256	59.947712418300654	
-2460066.352634368	82.79	12.26	306.12	190.52	-124.77986318340794	306	17111	157	18.0	524.0	324.0	38	10.0	172.0	109.0	0	0	7.423354387283325	30700	1743.8834733963013	12301	59.931596091205215	
-2460081.872261397	85.81	11.52	267.24	166.3	-124.77986318340794	307	17161	135	14.0	488.0	302.0	33	9.0	176.0	108.0	0	0	6.683192729949951	30800	1750.5666661262512	12347	59.91233766233766	
-2330046.072503145	82.78	12.096153846153847	311.03846153846155	193.23076923076923	-124.77986318340794	308	17209	152	27.0	623.0	397.0	8	8.0	145.0	91.0	0	0	4.7965216636657715	30900	1755.363187789917	12395	59.88673139158576	
-2510036.875563547	84.64	12.133333333333333	306.02222222222224	191.0222222222222	-124.77986318340794	309	17264	167	18.0	874.0	548.0	23	9.0	175.0	111.0	0	0	4.8524088859558105	31000	1760.2155966758728	12436	59.883870967741935	
-1810074.4060375104	83.5	11.894736842105264	294.94736842105266	183.89473684210526	-124.7705261512176	310	17326	167	14.0	629.0	397.0	21	10.0	193.0	121.0	0	0	4.646512746810913	31100	1764.8621094226837	12470	59.90353697749196	
-2270077.29200816	82.48	11.652173913043478	292.8695652173913	182.17391304347825	-124.7705261512176	311	17380	167	19.0	744.0	468.0	1	9.0	193.0	121.0	0	0	5.876813888549805	31200	1770.7389233112335	12512	59.8974358974359	
-3010102.490926889	85.14	11.518518518518519	266.27777777777777	166.16666666666666	-124.7705261512176	312	17426	154	16.0	530.0	327.0	4	9.0	193.0	121.0	0	0	8.35457968711853	31300	1779.093502998352	12562	59.86581469648563	
-2350061.1124552707	79.7	11.875	305.45	189.95	-124.7705261512176	313	17486	136	16.0	641.0	405.0	4	9.0	193.0	121.0	0	0	6.306214809417725	31400	1785.3997178077698	12598	59.87898089171975	
-3020069.3792943587	80.11	11.416666666666666	264.3125	164.70833333333334	-124.7705261512176	314	17538	153	14.0	476.0	301.0	3	8.0	145.0	91.0	0	0	7.160176992416382	31500	1792.5598948001862	12642	59.86666666666667	
-2250045.3748890613	82.68	11.604651162790697	299.6046511627907	187.06976744186048	-124.7705261512176	315	17595	183	16.0	751.0	475.0	4	9.0	180.0	113.0	0	0	4.958987712860107	31600	1797.5188825130463	12681	59.870253164556964	
-2450047.055520767	79.96	11.21951219512195	252.6341463414634	157.41463414634146	-124.7705261512176	316	17654	179	15.0	480.0	300.0	4	9.0	181.0	113.0	0	0	4.8959126472473145	31700	1802.4147951602936	12718	59.8801261829653	
-2200111.903011233	80.87	11.816326530612244	295.83673469387753	184.79591836734693	-124.7705261512176	317	17705	151	17.0	601.0	385.0	29	9.0	193.0	121.0	0	0	6.8008952140808105	31800	1809.2156903743744	12763	59.86477987421384	
-2640062.514903344	76.63	11.659090909090908	266.40909090909093	166.5681818181818	-124.7705261512176	318	17761	153	16.0	550.0	346.0	15	8.0	149.0	93.0	0	0	5.20826268196106	31900	1814.4239530563354	12803	59.86520376175549	
-2220073.960223647	84.43	11.72340425531915	281.531914893617	176.10638297872342	-124.7705261512176	319	17814	153	15.0	599.0	372.0	15	9.0	177.0	111.0	0	0	4.645738840103149	32000	1819.0696918964386	12846	59.85625	
-2210090.933860611	81.85	11.74468085106383	282.8510638297872	176.91489361702128	-124.7705261512176	320	17867	163	16.0	717.0	447.0	5	9.0	178.0	111.0	0	0	5.175497055053711	32100	1824.2451889514923	12889	59.84735202492212	
-2480110.8785964255	84.52	11.489795918367347	269.1020408163265	167.81632653061226	-124.7705261512176	321	17918	149	18.0	687.0	432.0	4	9.0	182.0	112.0	0	0	6.489284515380859	32200	1830.7344734668732	12934	59.83229813664596	
-2140072.707313534	86.37	11.76595744680851	280.06382978723406	174.91489361702128	-124.7705261512176	322	17971	188	15.0	624.0	393.0	22	9.0	189.0	119.0	0	0	5.898748159408569	32300	1836.6332216262817	12977	59.8235294117647	
-2510040.882968317	84.45	11.625	270.0416666666667	168.72916666666666	-124.7705261512176	323	18023	188	18.0	583.0	368.0	31	10.0	186.0	117.0	0	0	6.340285778045654	32400	1842.9735074043274	13020	59.81481481481482	
-1440052.3768052578	78.78	11.875	287.475	179.3	-124.7705261512176	324	18083	162	16.0	540.0	335.0	6	10.0	193.0	121.0	0	0	3.843857765197754	32500	1846.8173651695251	13056	59.82769230769231	
-2720044.4364453997	83.88	11.617021276595745	264.531914893617	165.10638297872342	-124.7705261512176	325	18136	164	16.0	492.0	307.0	6	9.0	188.0	117.0	0	0	5.547106504440308	32600	1852.3644716739655	13099	59.81901840490798	
-2180049.689346986	81.15	11.409090909090908	267.8636363636364	166.79545454545453	-124.7705261512176	326	18192	145	16.0	630.0	399.0	29	8.0	169.0	105.0	0	0	5.595813512802124	32700	1857.9602851867676	13139	59.81957186544343	
-2480094.102555096	82.85	11.692307692307692	284.34615384615387	177.26923076923077	-124.7705261512176	327	18240	170	16.0	620.0	390.0	21	8.0	142.0	89.0	0	0	6.630479335784912	32800	1864.5907645225525	13187	59.795731707317074	
-2600053.489237089	82.99	11.72549019607843	261.29411764705884	163.11764705882354	-124.7705261512176	328	18289	146	17.0	446.0	281.0	17	9.0	177.0	111.0	0	0	6.226034164428711	32900	1870.8167986869812	13234	59.775075987841944	
-2430066.1873983312	80.1	11.60377358490566	280.2830188679245	174.75471698113208	-124.7705261512176	329	18336	131	15.0	661.0	412.0	37	10.0	171.0	107.0	0	0	6.75396466255188	33000	1877.570763349533	13283	59.74848484848485	
-2010053.8733192957	80.31	11.74	290.36	181.42	-120.35102526571339	330	18386	152	16.0	548.0	338.0	16	7.0	136.0	85.0	0	0	5.575743198394775	33100	1883.1465065479279	13329	59.73111782477341	
-2480071.552733527	81.84	11.851063829787234	305.7659574468085	190.7659574468085	-120.35102526571339	331	18439	160	21.0	1465.0	925.0	19	9.0	142.0	89.0	0	0	5.371433258056641	33200	1888.5179398059845	13372	59.72289156626506	
-2900121.79017376	82.48	11.527272727272727	273.8363636363636	171.07272727272726	-120.35102526571339	332	18484	160	18.0	711.0	449.0	10	10.0	171.0	107.0	0	0	7.3924689292907715	33300	1895.9104087352753	13423	59.69069069069069	
-2520076.125931588	78.43	11.422222222222222	287.77777777777777	178.75555555555556	-120.35102526571339	333	18539	160	15.0	625.0	393.0	2	9.0	164.0	103.0	0	0	5.176705837249756	33400	1901.087114572525	13464	59.688622754491014	
-2590126.7651287033	81.45	11.807692307692308	273.5769230769231	170.5	-120.35102526571339	334	18587	160	18.0	518.0	326.0	7	9.0	192.0	121.0	0	0	6.882665634155273	33500	1907.9697802066803	13512	59.66567164179104	
-2050045.4218432384	82.78	11.928571428571429	308.4047619047619	192.5952380952381	-120.35102526571339	335	18645	160	17.0	652.0	413.0	7	9.0	164.0	103.0	0	0	5.537131309509277	33600	1913.5069115161896	13550	59.672619047619044	
-2630094.0858318373	85.33	11.653846153846153	299.09615384615387	185.76923076923077	-120.35102526571339	336	18693	136	18.0	838.0	522.0	19	9.0	163.0	103.0	0	0	7.118268251419067	33700	1920.6251797676086	13598	59.64985163204748	
-2520075.7378397305	87.09	11.918367346938776	315.42857142857144	195.9795918367347	-120.35102526571339	337	18744	146	17.0	724.0	451.0	18	9.0	168.0	105.0	0	0	5.705935001373291	33800	1926.331114768982	13643	59.63609467455621	
-2520117.869440339	84.33	12.021739130434783	304.19565217391306	189.30434782608697	-120.35102526571339	338	18798	130	16.0	643.0	405.0	44	9.0	176.0	108.0	0	0	6.7918548583984375	33900	1933.1229696273804	13685	59.631268436578175	
-3320093.9235541224	85.82	11.627450980392156	293.5882352941176	181.41176470588235	-120.35102526571339	339	18847	168	16.0	495.0	306.0	45	10.0	176.0	111.0	0	0	8.872770309448242	34000	1941.9957399368286	13732	59.61176470588235	
-2210072.667374855	85.99	11.83673469387755	319.2448979591837	197.12244897959184	-120.35102526571339	340	18898	160	16.0	492.0	298.0	44	9.0	216.0	134.0	0	0	5.647598028182983	34100	1947.6433379650116	13777	59.598240469208214	
-2530077.728400292	85.73	11.755102040816327	313.0408163265306	193.89795918367346	-120.35102526571339	341	18949	173	21.0	1041.0	649.0	26	8.0	136.0	85.0	0	0	6.832691431045532	34200	1954.4760293960571	13822	59.58479532163743	
-2680077.8143868237	85.35	11.941176470588236	308.1372549019608	191.01960784313727	-120.35102526571339	342	18998	133	16.0	492.0	309.0	33	10.0	203.0	127.0	0	0	7.323171615600586	34300	1961.7992010116577	13869	59.56559766763848	
-2890118.468106699	81.56	11.327586206896552	290.8965517241379	180.44827586206895	-120.35102526571339	343	19040	141	15.0	528.0	335.0	27	10.0	171.0	107.0	0	0	9.504148721694946	34400	1971.3033497333527	13923	59.526162790697676	
-2830091.202479218	81.92	11.763636363636364	290.74545454545455	180.3090909090909	-120.35102526571339	344	19085	171	19.0	553.0	348.0	9	10.0	171.0	107.0	0	0	9.922491073608398	34500	1981.225840806961	13974	59.495652173913044	
-2990108.2672215067	80.71	11.303571428571429	279.0892857142857	173.48214285714286	-120.35102526571339	345	19129	121	14.0	531.0	336.0	9	9.0	172.0	107.0	0	0	8.046070575714111	34600	1989.2719113826752	14026	59.46242774566474	
-3300116.6733202767	85.51	11.418181818181818	280.25454545454545	174.72727272727272	-120.35102526571339	346	19174	150	14.0	481.0	302.0	18	10.0	184.0	115.0	0	0	8.56563949584961	34700	1997.8375508785248	14077	59.43227665706052	
-2390057.445967674	78.47	11.644444444444444	301.4	187.62222222222223	-120.35102526571339	347	19229	176	15.0	649.0	407.0	17	10.0	193.0	121.0	0	0	5.630302667617798	34800	2003.4678535461426	14118	59.43103448275862	
-2270103.467126696	85.47	11.523809523809524	300.42857142857144	186.6904761904762	-120.35102526571339	348	19287	153	15.0	474.0	299.0	16	10.0	172.0	109.0	0	0	6.820661783218384	34900	2010.288515329361	14156	59.438395415472776	
-2630085.6812108145	86.81	11.462962962962964	293.6296296296296	182.59259259259258	-120.35102526571339	349	19333	172	15.0	460.0	289.0	6	10.0	183.0	115.0	0	0	6.9509735107421875	35000	2017.2394888401031	14206	59.41142857142857	
-2480096.7876533656	83.81	11.446808510638299	286.0851063829787	178.36170212765958	-120.35102526571339	350	19386	144	16.0	515.0	325.0	6	8.0	159.0	99.0	0	0	6.025477170944214	35100	2023.2649660110474	14248	59.40740740740741	
-2520080.7039104514	79.36	11.5	293.2608695652174	182.65217391304347	-120.35102526571339	351	19440	152	16.0	586.0	370.0	6	9.0	159.0	99.0	0	0	5.813953399658203	35200	2029.0789194107056	14289	59.40625	
-3340079.0078110863	81.11	11.264150943396226	278.811320754717	173.30188679245282	-120.35102526571339	352	19487	166	15.0	563.0	353.0	25	9.0	156.0	97.0	0	0	6.756880044937134	35300	2035.8357994556427	14338	59.38243626062323	
-2400085.6178155323	85.69	11.534883720930232	288.1860465116279	178.93023255813952	-120.35102526571339	353	19544	187	16.0	562.0	353.0	15	9.0	183.0	115.0	0	0	6.784619331359863	35400	2042.6204187870026	14377	59.38700564971751	
-1930067.6489443379	82.36	12.066666666666666	340.24444444444447	211.26666666666668	-120.35102526571339	354	19599	166	16.0	799.0	504.0	16	10.0	211.0	130.0	0	0	5.3861188888549805	35500	2048.0065376758575	14418	59.38591549295775	
-2250072.415272331	83.56	11.787234042553191	302.3191489361702	188.68085106382978	-120.35102526571339	355	19652	166	17.0	733.0	461.0	28	8.0	148.0	93.0	0	0	5.6343817710876465	35600	2053.640919446945	14461	59.37921348314607	
-2780063.877497512	82.37	11.826923076923077	313.2692307692308	194.09615384615384	-120.35102526571339	356	19700	186	16.0	729.0	459.0	8	10.0	192.0	121.0	0	0	7.717261552810669	35700	2061.358180999756	14509	59.358543417366946	
-2370134.2444882006	78.64	11.425925925925926	279.44444444444446	172.8148148148148	-120.35102526571339	357	19746	143	16.0	438.0	270.0	8	10.0	174.0	109.0	0	0	7.151580810546875	35800	2068.5097618103027	14557	59.33798882681564	
-2440098.702309855	78.08	11.620689655172415	292.0689655172414	181.5	-120.35102526571339	358	19788	145	16.0	692.0	437.0	8	10.0	182.0	115.0	0	0	8.956006526947021	35900	2077.4657683372498	14611	59.3008356545961	
-2690193.318950367	77.75	11.225806451612904	270.3709677419355	167.67741935483872	-120.35102526571339	359	19826	145	16.0	504.0	319.0	25	9.0	183.0	115.0	0	0	9.216047048568726	36000	2086.6818153858185	14669	59.25277777777778	
-2090088.282543683	79.33	11.535714285714286	288.0	179.16071428571428	-120.35102526571339	360	19870	161	16.0	616.0	386.0	7	8.0	171.0	107.0	0	0	6.978517055511475	36100	2093.66033244133	14721	59.22160664819945	
-3400087.3965774565	80.87	11.258064516129032	284.69354838709677	176.70967741935485	-120.35102526571339	361	19908	156	15.0	629.0	388.0	13	9.0	170.0	107.0	0	0	8.977139949798584	36200	2102.6374723911285	14779	59.17403314917127	
-3200102.3570700693	82.38	11.421052631578947	297.49122807017545	184.17543859649123	-120.35102526571339	362	19951	148	16.0	655.0	415.0	12	10.0	171.0	107.0	0	0	9.573308944702148	36300	2112.2107813358307	14832	59.14049586776859	
-3280102.969509005	83.56	11.454545454545455	288.94545454545454	179.43636363636364	-120.35102526571339	363	19996	192	16.0	789.0	492.0	12	10.0	161.0	101.0	0	0	8.166688919067383	36400	2120.377470254898	14883	59.11263736263736	
-2270062.4229978486	83.35	11.584905660377359	321.35849056603774	199.03773584905662	-120.35102526571339	364	20043	150	17.0	687.0	410.0	12	10.0	163.0	103.0	0	0	6.559469699859619	36500	2126.9369399547577	14931	59.09315068493151	
-3000100.580659169	84.97	11.245283018867925	280.811320754717	173.30188679245282	-120.35102526571339	365	20090	169	16.0	447.0	275.0	16	9.0	180.0	110.0	0	0	7.296597719192505	36600	2134.23353767395	14980	59.07103825136612	
-2220089.570840969	84.95	11.28	283.34	175.78	-120.35102526571339	366	20140	169	15.0	411.0	253.0	16	9.0	166.0	102.0	0	0	7.549447536468506	36700	2141.7829852104187	15026	59.05722070844687	
-3220182.936039252	86.46	11.287878787878787	296.0	183.15151515151516	-120.35102526571339	367	20174	139	17.0	935.0	589.0	29	10.0	171.0	107.0	0	0	10.30615758895874	36800	2152.0891427993774	15087	59.00271739130435	
-2440089.526453371	87.6	11.470588235294118	310.4313725490196	192.31372549019608	-120.35102526571339	368	20223	155	16.0	533.0	337.0	35	8.0	158.0	99.0	0	0	7.019564867019653	36900	2159.108707666397	15134	58.986449864498645	
-2820074.1060750033	89.78	11.964912280701755	311.56140350877195	193.80701754385964	-120.35102526571339	369	20266	189	18.0	694.0	426.0	22	10.0	175.0	109.0	0	0	8.517428159713745	37000	2167.626135826111	15187	58.954054054054055	
-3620114.657429687	80.89	11.380952380952381	275.25396825396825	170.96825396825398	-120.35102526571339	370	20303	167	16.0	623.0	393.0	22	10.0	162.0	101.0	0	0	10.91621708869934	37100	2178.54235291481	15245	58.908355795148246	
-2580035.232564459	80.4	11.69047619047619	302.57142857142856	188.33333333333334	-120.35102526571339	371	20361	141	16.0	623.0	393.0	19	10.0	180.0	113.0	0	0	5.299232482910156	37200	2183.8415853977203	15283	58.916666666666664	
-2750063.201226134	80.53	11.545454545454545	295.97727272727275	184.11363636363637	-120.35102526571339	372	20417	157	17.0	862.0	543.0	14	9.0	190.0	119.0	0	0	5.561824798583984	37300	2189.4034101963043	15323	58.919571045576404	
-1880096.845327962	81.57	12.114285714285714	339.54285714285714	211.82857142857142	-120.35102526571339	373	20482	148	18.0	647.0	408.0	25	8.0	191.0	118.0	0	0	4.801567316055298	37400	2194.2049775123596	15354	58.94652406417112	
-2510071.7223501634	79.59	11.725	292.225	181.925	-120.35102526571339	374	20542	217	19.0	822.0	518.0	12	8.0	151.0	95.0	0	0	5.738155364990234	37500	2199.94313287735	15390	58.96	
-2880060.976678601	80.2	11.409090909090908	284.1818181818182	176.6818181818182	-120.35102526571339	375	20598	217	17.0	573.0	361.0	16	10.0	165.0	103.0	0	0	7.800997257232666	37600	2207.7441301345825	15430	58.96276595744681	
-2250058.9188964604	82.89	11.956521739130435	307.39130434782606	191.06521739130434	-120.35102526571339	376	20652	217	17.0	615.0	384.0	13	9.0	162.0	101.0	0	0	5.861542463302612	37700	2213.605672597885	15472	58.96021220159151	
-2340063.2069514566	84.15	11.604651162790697	299.5581395348837	186.34883720930233	-120.35102526571339	377	20709	133	17.0	580.0	364.0	35	9.0	186.0	117.0	0	0	5.472921848297119	37800	2219.0785944461823	15511	58.96560846560847	
-2800056.464320781	82.62	11.375	288.2291666666667	178.85416666666666	-120.35102526571339	378	20761	151	16.0	535.0	337.0	17	9.0	175.0	109.0	0	0	6.741188049316406	37900	2225.8197824954987	15555	58.95778364116095	
-1780057.8123775069	84.38	11.666666666666666	306.9761904761905	190.11904761904762	-120.35102526571339	379	20819	148	16.0	580.0	364.0	35	9.0	180.0	113.0	0	0	5.264647722244263	38000	2231.084430217743	15593	58.96578947368421	
-2730056.1204916444	81.98	11.577777777777778	297.73333333333335	184.26666666666668	-120.35102526571339	380	20874	148	15.0	430.0	264.0	28	9.0	193.0	121.0	0	0	8.441708326339722	38100	2239.5261385440826	15634	58.965879265091864	
-3060098.4201007457	84.07	11.175438596491228	282.0175438596491	174.73684210526315	-120.35102526571339	381	20917	137	15.0	462.0	291.0	31	9.0	176.0	108.0	0	0	8.49428915977478	38200	2248.0204277038574	15687	58.93455497382199	
-1850060.9934104688	83.21	11.304347826086957	297.5652173913044	184.56521739130434	-120.35102526571339	382	20971	135	15.0	478.0	303.0	28	9.0	193.0	121.0	0	0	6.467936992645264	38300	2254.4883646965027	15729	58.932114882506525	
-3210091.8757285	83.2	11.375	284.7142857142857	176.58928571428572	-120.35102526571339	383	21015	147	16.0	573.0	360.0	9	9.0	156.0	97.0	0	0	8.624624729156494	38400	2263.112989425659	15781	58.903645833333336	
-2760060.4793450283	83.5	11.555555555555555	306.0444444444444	189.7111111111111	-120.35102526571339	384	21070	186	16.0	711.0	443.0	1	9.0	192.0	121.0	0	0	8.709819078445435	38500	2271.8228085041046	15822	58.9038961038961	
-2290093.7437554016	82.23	11.551020408163266	324.18367346938777	201.14285714285714	-120.35102526571339	385	21121	144	21.0	747.0	475.0	9	9.0	167.0	105.0	0	0	7.340180397033691	38600	2279.1629889011383	15867	58.89378238341969	
-2400052.566314351	83.11	11.673913043478262	304.80434782608694	190.0	-120.35102526571339	386	21175	171	18.0	571.0	360.0	24	8.0	179.0	110.0	0	0	5.599502801895142	38700	2284.7624917030334	15909	58.89147286821705	
-2420053.563761502	86.6	11.770833333333334	304.0416666666667	189.77083333333334	-120.35102526571339	387	21227	187	17.0	555.0	351.0	20	9.0	174.0	109.0	0	0	5.738870859146118	38800	2290.5013625621796	15953	58.8840206185567	
-2690095.671501158	83.64	11.804347826086957	307.17391304347825	191.15217391304347	-120.35102526571339	388	21281	171	18.0	610.0	387.0	31	9.0	192.0	121.0	0	0	7.067442178726196	38900	2297.5688047409058	15995	58.88174807197943	
-2530080.666436536	85.6	12.355555555555556	326.46666666666664	202.11111111111111	-120.35102526571339	389	21336	240	17.0	726.0	444.0	15	10.0	225.0	140.0	0	0	8.194308519363403	39000	2305.763113260269	16036	58.882051282051286	
-2450082.750973844	87.71	12.307692307692308	363.0769230769231	226.23076923076923	-120.35102526571339	390	21384	201	19.0	1150.0	722.0	14	8.0	149.0	93.0	0	0	8.301033973693848	39100	2314.064147233963	16084	58.86445012787724	
-2520060.589229652	87.14	11.808510638297872	332.70212765957444	206.4255319148936	-120.35102526571339	391	21437	171	15.0	663.0	413.0	10	9.0	174.0	109.0	0	0	7.115560531616211	39200	2321.179707765579	16127	58.859693877551024	
-1960092.4896454525	78.73	11.862745098039216	317.01960784313724	197.58823529411765	-120.35102526571339	392	21486	159	16.0	672.0	414.0	9	9.0	193.0	121.0	0	0	5.717444658279419	39300	2326.8971524238586	16174	58.844783715012724	
-3620103.8589636683	88.2	11.483870967741936	277.14516129032256	172.53225806451613	-120.35102526571339	393	21524	165	16.0	616.0	386.0	36	9.0	182.0	113.0	0	0	9.753313064575195	39400	2336.650465488434	16232	58.80203045685279	
-3030087.4824050236	83.62	11.326923076923077	272.6923076923077	169.46153846153845	-120.35102526571339	394	21572	148	17.0	498.0	311.0	27	9.0	170.0	104.0	0	0	6.8045594692230225	39500	2343.455024957657	16280	58.78481012658228	
-2840047.956463188	82.12	11.666666666666666	304.9166666666667	188.66666666666666	-120.35102526571339	395	21624	148	15.0	623.0	393.0	26	9.0	185.0	117.0	0	0	6.066228628158569	39600	2349.5212535858154	16324	58.77777777777778	
-2420060.7661059457	77.83	12.043478260869565	307.39130434782606	190.7608695652174	-120.35102526571339	396	21678	136	21.0	547.0	345.0	17	9.0	207.0	125.0	0	0	6.00919771194458	39700	2355.53045129776	16366	58.77581863979849	
-2110068.1304181665	79.96	11.473684210526315	300.05263157894734	185.78947368421052	-120.35102526571339	397	21740	143	14.0	501.0	307.0	25	8.0	171.0	107.0	0	0	5.27649998664856	39800	2360.8069512844086	16400	58.79396984924623	
-2840076.9439314567	81.65	11.42	289.84	180.1	-120.35102526571339	398	21790	164	16.0	547.0	337.0	4	9.0	178.0	113.0	0	0	8.37105655670166	39900	2369.1780078411102	16446	58.78195488721805	
-2480107.749446688	83.38	11.42	291.8	181.18	-120.35102526571339	399	21840	149	14.0	533.0	335.0	19	10.0	182.0	113.0	0	0	8.06818437576294	40000	2377.246192216873	16492	58.77	
-2540141.726465276	83.63	12.023255813953488	303.86046511627904	188.97674418604652	-120.35102526571339	400	21897	132	21.0	642.0	404.0	36	10.0	193.0	121.0	0	0	7.100388765335083	40100	2384.3465809822083	16531	58.775561097256855	
-3120088.8110704864	83.24	11.73469387755102	288.3673469387755	179.3877551020408	-120.35102526571339	401	21948	148	18.0	528.0	335.0	20	10.0	162.0	101.0	0	0	7.319268703460693	40200	2391.665849685669	16576	58.766169154228855	
-2970127.817490343	84.94	11.482758620689655	291.86206896551727	181.32758620689654	-120.35102526571339	402	21990	178	17.0	605.0	376.0	42	10.0	180.0	113.0	0	0	9.779431581497192	40300	2401.445281267166	16629	58.73697270471464	
-2660117.4968336215	82.45	12.018867924528301	292.35849056603774	182.22641509433961	-120.35102526571339	403	22037	154	17.0	618.0	391.0	14	10.0	188.0	117.0	0	0	6.631979942321777	40400	2408.077261209488	16678	58.71782178217822	
-3150115.6051685615	81.5	11.701754385964913	286.57894736842104	178.0	-120.35102526571339	404	22080	157	19.0	492.0	310.0	11	10.0	188.0	117.0	0	0	7.944715976715088	40500	2416.021977186203	16731	58.68888888888889	
-2280056.4979962413	83.54	11.630434782608695	288.7826086956522	179.54347826086956	-120.35102526571339	405	22134	160	16.0	464.0	293.0	8	10.0	206.0	129.0	0	0	5.588522672653198	40600	2421.610499858856	16773	58.6871921182266	
-3340059.7311993577	88.29	11.523809523809524	297.58730158730157	184.96825396825398	-120.35102526571339	406	22171	157	17.0	623.0	393.0	13	8.0	133.0	83.0	0	0	7.14270281791687	40700	2428.753202676773	16831	58.646191646191646	
-2620042.732170266	85.68	11.813953488372093	295.9767441860465	184.5581395348837	-120.35102526571339	407	22228	143	17.0	557.0	355.0	32	10.0	163.0	103.0	0	0	6.369803428649902	40800	2435.123006105423	16870	58.65196078431373	
-2780044.3575308956	88.19	11.666666666666666	286.5	178.16666666666666	-120.35102526571339	408	22280	141	17.0	502.0	307.0	27	8.0	133.0	83.0	0	0	5.645233154296875	40900	2440.76823925972	16914	58.64547677261614	
-2620052.7958874437	87.78	11.326086956521738	285.7391304347826	177.84782608695653	-120.35102526571339	409	22334	176	14.0	481.0	299.0	23	9.0	169.0	105.0	0	0	5.448857069015503	41000	2446.2170963287354	16956	58.643902439024394	
-2500098.960911236	87.12	11.58	294.3	182.66	-120.35102526571339	410	22384	176	16.0	512.0	318.0	30	9.0	161.0	101.0	0	0	6.482152700424194	41100	2452.6992490291595	17002	58.632603406326034	
-3120069.2794984346	82.7	11.316666666666666	283.3666666666667	175.75	-120.35102526571339	411	22424	137	15.0	476.0	291.0	16	9.0	154.0	97.0	0	0	8.237700462341309	41200	2460.936949491501	17058	58.59708737864078	
-2340087.7039043284	82.12	11.645833333333334	314.625	195.60416666666666	-120.35102526571339	412	22476	156	17.0	593.0	374.0	12	10.0	154.0	97.0	0	0	7.168675661087036	41300	2468.105625152588	17101	58.59322033898305	
-2660096.1385457083	82.56	12.02	330.06	205.92	-120.35102526571339	413	22526	157	18.0	829.0	523.0	11	10.0	154.0	97.0	0	0	6.556787729263306	41400	2474.662412881851	17147	58.58212560386473	
-2640104.3706678385	86.52	11.79245283018868	305.75471698113205	190.0943396226415	-120.35102526571339	414	22573	167	18.0	644.0	407.0	1	8.0	154.0	97.0	0	0	6.9077253341674805	41500	2481.5701382160187	17195	58.566265060240966	
-2630067.546393298	79.34	12.06	317.24	197.16	-120.35102526571339	415	22623	150	17.0	675.0	419.0	6	10.0	154.0	97.0	0	0	7.050472736358643	41600	2488.6206109523773	17240	58.55769230769231	
-2710078.7766118064	71.43	11.346938775510203	283.7551020408163	176.3265306122449	-120.35102526571339	416	22674	110	18.0	531.0	328.0	24	9.0	154.0	97.0	0	0	7.065970182418823	41700	2495.686581134796	17285	58.54916067146283	
-2940060.307617371	76.39	11.384615384615385	282.2307692307692	175.42307692307693	-120.35102526571339	417	22722	139	15.0	447.0	280.0	23	9.0	165.0	103.0	0	0	8.908646821975708	41800	2504.595227956772	17333	58.53349282296651	
-2510073.732893088	79.32	11.638297872340425	287.0	178.7872340425532	-120.35102526571339	418	22775	149	15.0	591.0	373.0	17	10.0	171.0	107.0	0	0	5.468961477279663	41900	2510.0641894340515	17376	58.52983293556086	
-2330051.551605707	70.61	11.583333333333334	298.75	185.5	-120.35102526571339	419	22839	137	18.0	729.0	460.0	5	10.0	193.0	121.0	0	0	5.375753879547119	42000	2515.4399433135986	17408	58.55238095238095	
-2210037.9906923682	75.45	11.783783783783784	295.1621621621622	183.56756756756758	-120.35102526571339	420	22902	131	16.0	493.0	310.0	11	10.0	135.0	85.0	0	0	4.990389823913574	42100	2520.430333137512	17441	58.57244655581948	
-2450026.110021438	72.59	11.384615384615385	290.4102564102564	180.94871794871796	-120.35102526571339	421	22963	146	17.0	545.0	345.0	11	10.0	172.0	109.0	0	0	4.900877952575684	42200	2525.331211090088	17476	58.58767772511848	
-2380058.5359786283	72.66	11.159090909090908	270.5681818181818	168.11363636363637	-120.35102526571339	422	23019	146	16.0	399.0	251.0	7	9.0	185.0	114.0	0	0	6.769057273864746	42300	2532.1002683639526	17516	58.59101654846336	
-2750104.990448185	77.31	11.60377358490566	276.5660377358491	172.35849056603774	-120.35102526571339	423	23066	146	14.0	460.0	287.0	11	10.0	172.0	107.0	0	0	7.595295190811157	42400	2539.695563554764	17565	58.573113207547166	
-2240060.4316442157	77.48	11.644444444444444	295.8666666666667	184.48888888888888	-120.346704519137	424	23121	125	15.0	643.0	400.0	11	10.0	193.0	121.0	0	0	6.116384744644165	42500	2545.811948299408	17606	58.57411764705882	
-2300074.919571736	76.41	11.279069767441861	292.9767441860465	181.86046511627907	-120.346704519137	425	23178	133	13.0	447.0	277.0	11	8.0	153.0	95.0	0	0	5.617651462554932	42600	2551.429599761963	17644	58.582159624413144	
-3130064.926367262	74.49	11.69811320754717	285.64150943396226	177.45283018867926	-120.346704519137	426	23225	146	18.0	536.0	316.0	11	9.0	183.0	115.0	0	0	7.219455003738403	42700	2558.6490547657013	17693	58.56440281030445	
-2710053.1080421377	78.26	11.555555555555555	304.037037037037	188.85185185185185	-120.346704519137	427	23271	148	18.0	566.0	359.0	11	10.0	193.0	121.0	0	0	7.7764387130737305	42800	2566.425493478775	17743	58.544392523364486	
-2520072.7122972743	79.77	11.522727272727273	300.59090909090907	186.13636363636363	-120.346704519137	428	23327	189	16.0	768.0	476.0	11	10.0	176.0	111.0	0	0	7.1479644775390625	42900	2573.573457956314	17783	58.547785547785544	
-2460116.474330016	80.31	11.571428571428571	296.2857142857143	183.69387755102042	-120.346704519137	429	23378	186	16.0	536.0	334.0	17	10.0	171.0	107.0	0	0	7.065426349639893	43000	2580.638884305954	17827	58.54186046511628	
-1910079.6098945036	81.24	11.512195121951219	297.1707317073171	184.0731707317073	-120.346704519137	430	23437	194	17.0	550.0	344.0	8	10.0	193.0	121.0	0	0	5.652772665023804	43100	2586.291656970978	17864	58.55220417633411	
-2810075.8094491186	85.58	11.236363636363636	283.7818181818182	176.27272727272728	-120.346704519137	431	23482	150	14.0	482.0	305.0	18	9.0	171.0	107.0	0	0	7.332199573516846	43200	2593.6238565444946	17915	58.530092592592595	
-2700095.0979262018	78.7	11.555555555555555	285.5777777777778	177.35555555555555	-120.346704519137	432	23537	172	15.0	505.0	309.0	22	10.0	179.0	113.0	0	0	7.704549551010132	43300	2601.3284060955048	17956	58.531177829099306	
-1780040.5514633548	81.88	12.19047619047619	324.6904761904762	202.5952380952381	-120.346704519137	433	23595	172	17.0	842.0	535.0	22	9.0	188.0	117.0	0	0	4.315350770950317	43400	2605.643756866455	17994	58.53917050691244	
-2840083.2996097957	83.19	11.803571428571429	305.76785714285717	189.76785714285714	-120.346704519137	434	23639	151	18.0	538.0	331.0	17	8.0	166.0	103.0	0	0	7.16386604309082	43500	2612.807622909546	18046	58.51494252873563	
-2300075.986894212	85.31	11.733333333333333	302.4	187.86666666666667	-120.346704519137	435	23694	172	18.0	741.0	465.0	17	7.0	116.0	73.0	0	0	5.606237411499023	43600	2618.413860321045	18086	58.518348623853214	
-3060089.359307678	83.03	11.576923076923077	286.90384615384613	178.26923076923077	-120.346704519137	436	23742	150	17.0	574.0	362.0	18	9.0	187.0	117.0	0	0	6.793766021728516	43700	2625.2076263427734	18134	58.50343249427918	
-2470057.9829858374	86.48	12.022222222222222	315.5111111111111	195.44444444444446	-120.346704519137	437	23797	164	17.0	677.0	416.0	4	10.0	161.0	101.0	0	0	5.554966688156128	43800	2630.7625930309296	18175	58.50456621004566	
-2560042.42962838	87.31	12.244897959183673	329.42857142857144	205.46938775510205	-120.346704519137	438	23848	164	16.0	627.0	391.0	4	9.0	170.0	107.0	0	0	6.824479103088379	43900	2637.587072134018	18220	58.496583143507976	
-2310071.722757495	83.45	12.146341463414634	314.3658536585366	195.7560975609756	-120.346704519137	439	23907	164	23.0	627.0	391.0	4	9.0	211.0	130.0	0	0	4.593642234802246	44000	2642.18071436882	18257	58.50681818181818	
-1780040.1578531724	77.25	12.263157894736842	315.3157894736842	196.52631578947367	-120.346704519137	440	23969	142	20.0	634.0	403.0	29	10.0	176.0	109.0	0	0	3.8924195766448975	44100	2646.073133945465	18291	58.523809523809526	
-1430036.185154459	77.91	12.166666666666666	321.5833333333333	199.94444444444446	-120.346704519137	441	24033	156	19.0	519.0	325.0	12	10.0	193.0	121.0	0	0	3.0359182357788086	44200	2649.109052181244	18321	58.54977375565611	
-3020046.419053523	79.51	11.36734693877551	275.48979591836735	171.77551020408163	-120.346704519137	442	24084	124	15.0	487.0	307.0	29	8.0	171.0	107.0	0	0	6.2357001304626465	44300	2655.3447523117065	18366	58.54176072234763	
-2400076.5931711067	82.46	11.619047619047619	286.9047619047619	177.83333333333334	-120.346704519137	443	24142	130	16.0	546.0	331.0	29	10.0	193.0	121.0	0	0	6.092801094055176	44400	2661.4375534057617	18404	58.54954954954955	
-2360096.774050281	82.95	11.404255319148936	290.6170212765957	179.9787234042553	-120.346704519137	444	24195	134	15.0	463.0	286.0	12	9.0	176.0	108.0	0	0	7.300934314727783	44500	2668.7384877204895	18447	58.546067415730334	
-2400071.88870576	79.75	11.818181818181818	304.07272727272726	189.16363636363636	-120.346704519137	445	24240	123	17.0	828.0	517.0	18	9.0	205.0	129.0	0	0	7.304930686950684	44600	2676.04341840744	18498	58.52466367713004	
-2370063.7141924826	80.44	12.13953488372093	319.6744186046512	198.11627906976744	-120.346704519137	446	24297	167	17.0	548.0	341.0	1	10.0	209.0	130.0	0	0	6.477944850921631	44700	2682.521363258362	18537	58.53020134228188	
-2350039.8328548158	81.3	11.945945945945946	322.94594594594594	199.8918918918919	-120.346704519137	447	24360	132	16.0	533.0	332.0	45	9.0	171.0	107.0	0	0	4.37817907333374	44800	2686.8995423316956	18570	58.549107142857146	
-2020070.0185826835	80.86	11.76923076923077	318.43589743589746	197.7948717948718	-120.346704519137	448	24421	133	21.0	772.0	485.0	35	9.0	171.0	107.0	0	0	4.334927082061768	44900	2691.2344694137573	18605	58.56347438752784	
-2890095.192059925	80.84	11.72	292.46	181.46	-120.346704519137	449	24471	129	18.0	455.0	277.0	35	9.0	204.0	126.0	0	0	8.487930536270142	45000	2699.7223999500275	18651	58.553333333333335	
-2320066.8964014514	81.79	11.88	313.74	194.76	-120.346704519137	450	24521	147	19.0	798.0	500.0	21	10.0	211.0	130.0	0	0	6.303441524505615	45100	2706.025841474533	18697	58.54323725055433	
-2320048.8392113894	83.05	11.95	307.0	189.9	-120.346704519137	451	24581	159	20.0	697.0	436.0	9	10.0	162.0	101.0	0	0	5.580642223358154	45200	2711.6064836978912	18733	58.55530973451327	
-1920046.1003497362	80.56	12.35	318.875	198.5	-120.346704519137	452	24641	181	19.0	539.0	333.0	9	10.0	216.0	134.0	0	0	4.835306644439697	45300	2716.441790342331	18769	58.567328918322296	
-2510042.635250174	82.9	12.170731707317072	332.7560975609756	205.9512195121951	-120.346704519137	453	24700	178	17.0	503.0	317.0	8	10.0	215.0	135.0	0	0	5.4485509395599365	45400	2721.890341281891	18806	58.57709251101322	
-2480074.075969215	83.69	11.666666666666666	297.3333333333333	185.02564102564102	-120.346704519137	454	24761	178	16.0	448.0	283.0	9	10.0	162.0	101.0	0	0	5.500424861907959	45500	2727.390766143799	18841	58.59120879120879	
-2330069.448773562	82.94	12.325581395348838	322.4418604651163	200.86046511627907	-120.346704519137	455	24818	159	18.0	779.0	489.0	9	10.0	183.0	115.0	0	0	6.744776725769043	45600	2734.135542869568	18880	58.59649122807017	
-1860100.5117182792	80.54	12.025641025641026	321.97435897435895	199.92307692307693	-120.346704519137	456	24879	148	16.0	638.0	405.0	9	9.0	165.0	103.0	0	0	5.547243356704712	45700	2739.6827862262726	18915	58.61050328227571	
-2730089.4787206636	85.8	11.714285714285714	307.01785714285717	190.89285714285714	-120.346704519137	457	24923	145	17.0	907.0	573.0	23	10.0	186.0	117.0	0	0	7.707413911819458	45800	2747.390200138092	18967	58.58733624454148	
-2670059.1907731905	84.94	12.047619047619047	316.35714285714283	196.38095238095238	-120.346704519137	458	24981	155	17.0	573.0	346.0	12	9.0	194.0	123.0	0	0	5.984271287918091	45900	2753.37447142601	19005	58.59477124183007	
-2880099.065033661	85.03	11.46938775510204	304.0204081632653	189.0	-120.346704519137	459	25032	166	18.0	722.0	457.0	2	7.0	126.0	79.0	0	0	6.4471516609191895	46000	2759.8216230869293	19049	58.58913043478261	
-3050066.6456671534	81.49	11.716981132075471	304.9622641509434	189.9433962264151	-120.346704519137	460	25079	187	17.0	722.0	457.0	4	9.0	171.0	107.0	0	0	8.221103191375732	46100	2768.042726278305	19098	58.57266811279827	
-2650071.933017965	88.54	12.056603773584905	315.0	196.20754716981133	-120.346704519137	461	25126	187	19.0	765.0	489.0	4	9.0	163.0	103.0	0	0	6.345163345336914	46200	2774.387889623642	19147	58.556277056277054	
-2580060.378683062	84.65	11.782608695652174	311.2173913043478	193.67391304347825	-120.346704519137	462	25180	189	17.0	918.0	573.0	15	9.0	204.0	129.0	0	0	6.461657762527466	46300	2780.8495473861694	19189	58.55507559395248	
-2340096.4020490292	80.76	11.822222222222223	312.0888888888889	193.82222222222222	-120.346704519137	463	25235	153	21.0	642.0	407.0	23	8.0	152.0	95.0	0	0	6.222865581512451	46400	2787.072412967682	19230	58.556034482758626	
-3010054.666211703	85.37	11.8	294.08	183.44	-120.346704519137	464	25285	153	19.0	461.0	289.0	12	9.0	186.0	117.0	0	0	6.018467426300049	46500	2793.090880393982	19276	58.546236559139786	
-2580082.755829964	85.38	11.76	322.14	199.72	-120.32461622224976	465	25335	153	18.0	928.0	579.0	29	9.0	193.0	121.0	0	0	9.015318155288696	46600	2802.1061985492706	19322	58.53648068669528	
-3150078.908318243	84.38	11.690909090909091	300.90909090909093	187.47272727272727	-120.32461622224976	466	25380	145	20.0	676.0	420.0	23	9.0	181.0	113.0	0	0	7.625493049621582	46700	2809.731691598892	19372	58.518201284796575	
-2490101.1038754256	87.61	12.226415094339623	331.0	205.8679245283019	-120.32461622224976	467	25427	143	19.0	632.0	398.0	25	10.0	204.0	129.0	0	0	7.07239294052124	46800	2816.8040845394135	19421	58.50213675213675	
-2530077.576972339	83.46	11.666666666666666	296.01851851851853	184.16666666666666	-120.32461622224976	468	25473	143	16.0	601.0	379.0	31	9.0	168.0	105.0	0	0	6.944003343582153	46900	2823.7480878829956	19471	58.48400852878465	
-2530096.3738784143	81.94	11.588235294117647	287.80392156862746	178.84313725490196	-120.32461622224976	469	25522	160	15.0	619.0	388.0	8	9.0	168.0	105.0	0	0	7.1968770027160645	47000	2830.9449648857117	19517	58.47446808510639	
-2730085.170769887	84.67	11.88	342.1	212.54	-120.32461622224976	470	25572	186	18.0	1051.0	663.0	11	9.0	181.0	113.0	0	0	6.929337978363037	47100	2837.8743028640747	19563	58.46496815286624	
-2650035.462211838	86.12	11.659574468085106	305.6808510638298	190.08510638297872	-120.32461622224976	471	25625	186	17.0	571.0	359.0	10	9.0	175.0	109.0	0	0	5.143275260925293	47200	2843.017578125	19604	58.46610169491526	
-2810026.2744247466	82.44	11.88888888888889	323.7111111111111	201.0	-120.32461622224976	472	25680	186	20.0	612.0	378.0	5	9.0	173.0	109.0	0	0	5.928815603256226	47300	2848.946393728256	19645	58.467230443974636	
-1980030.2159452047	81.22	12.27027027027027	331.7027027027027	206.3783783783784	-120.32461622224976	473	25743	173	17.0	767.0	480.0	17	9.0	193.0	121.0	0	0	3.857065200805664	47400	2852.803458929062	19678	58.48523206751055	
-2450023.750359437	80.51	11.902439024390244	311.5853658536585	193.6829268292683	-120.32461622224976	474	25802	173	18.0	728.0	460.0	36	9.0	198.0	123.0	0	0	4.7916224002838135	47500	2857.5950813293457	19715	58.49473684210526	
-2030051.3619599212	77.26	12.386363636363637	330.22727272727275	205.36363636363637	-120.32461622224976	475	25858	173	18.0	637.0	399.0	18	9.0	182.0	112.0	0	0	5.338714838027954	47600	2862.9337961673737	19755	58.497899159663866	
-1790052.2312154358	76.03	12.066666666666666	298.8333333333333	186.16666666666666	-120.32461622224976	476	25928	170	18.0	665.0	415.0	11	10.0	171.0	107.0	0	0	3.2941768169403076	47700	2866.227972984314	19781	58.53039832285115	
-2130053.2167320643	75.83	11.975609756097562	308.2439024390244	191.3658536585366	-120.32461622224976	477	25987	148	18.0	520.0	320.0	11	9.0	183.0	115.0	0	0	4.182682275772095	47800	2870.410655260086	19817	58.5418410041841	
-2550067.335617846	79.72	11.957446808510639	319.1276595744681	197.80851063829786	-120.32461622224976	478	26040	153	22.0	725.0	456.0	28	10.0	210.0	130.0	0	0	7.67621636390686	47900	2878.086871623993	19860	58.53862212943633	
-2420057.630756352	82.0	11.714285714285714	299.5952380952381	185.9047619047619	-120.32461622224976	479	26098	131	18.0	654.0	415.0	28	9.0	179.0	110.0	0	0	6.5603039264678955	48000	2884.647175550461	19898	58.545833333333334	
-2650060.222126237	82.37	11.976190476190476	299.4047619047619	186.1904761904762	-120.32461622224976	480	26156	155	19.0	695.0	439.0	28	10.0	166.0	105.0	0	0	5.810039043426514	48100	2890.4572145938873	19936	58.553014553014556	
-2230063.3909446322	83.59	11.978260869565217	305.2608695652174	188.8913043478261	-120.32461622224976	481	26210	155	18.0	580.0	365.0	27	10.0	203.0	129.0	0	0	6.812756061553955	48200	2897.2699706554413	19978	58.551867219917014	
-2060081.2763890238	85.62	12.058823529411764	335.078431372549	208.47058823529412	-120.32461622224976	482	26259	153	23.0	1101.0	696.0	21	9.0	176.0	111.0	0	0	6.381515264511108	48300	2903.6514859199524	20025	58.54037267080746	
-2800075.7513134372	83.21	11.613636363636363	277.25	172.0	-120.32461622224976	483	26315	151	16.0	464.0	290.0	28	10.0	188.0	117.0	0	0	5.873300552368164	48400	2909.5247864723206	20065	58.54338842975206	
-1720057.277207018	83.69	12.028571428571428	321.7142857142857	200.02857142857144	-120.32461622224976	484	26380	132	20.0	670.0	417.0	32	10.0	175.0	109.0	0	0	3.7257633209228516	48500	2913.2505497932434	20096	58.564948453608245	
-2690045.731467183	81.5	11.571428571428571	304.1904761904762	188.57142857142858	-120.32461622224976	485	26438	150	14.0	567.0	355.0	18	10.0	175.0	109.0	0	0	5.583829879760742	48600	2918.834379673004	20134	58.57201646090535	
-1700069.7263254127	78.42	11.542857142857143	303.2	188.0	-120.25859062370922	486	26503	150	16.0	482.0	305.0	18	10.0	183.0	115.0	0	0	4.384498834609985	48700	2923.218878507614	20164	58.59548254620123	
-2380051.486597435	78.07	11.615384615384615	306.5128205128205	190.3846153846154	-120.25859062370922	487	26564	167	15.0	651.0	399.0	1	10.0	193.0	121.0	0	0	5.76027774810791	48800	2928.979156255722	20199	58.608606557377044	
-2720063.052322451	77.96	11.86046511627907	295.83720930232556	184.48837209302326	-120.25859062370922	488	26621	167	16.0	594.0	363.0	1	10.0	173.0	109.0	0	0	5.949305295944214	48900	2934.9284615516663	20238	58.61349693251533	
-1790039.5581675477	76.55	11.548387096774194	278.06451612903226	172.51612903225808	-120.25859062370922	489	26690	167	16.0	398.0	251.0	21	10.0	169.0	107.0	0	0	3.7731945514678955	49000	2938.701656103134	20265	58.64285714285714	
-1870034.1035851217	82.37	12.542857142857143	347.1714285714286	215.82857142857142	-120.25859062370922	490	26755	167	20.0	770.0	476.0	22	9.0	192.0	121.0	0	0	4.064916133880615	49100	2942.7665722370148	20296	58.663951120162935	
-2490063.4768521423	82.26	12.11111111111111	329.8888888888889	204.75555555555556	-120.25859062370922	491	26810	167	17.0	706.0	442.0	26	10.0	212.0	132.0	0	0	5.633097410202026	49200	2948.399669647217	20337	58.66463414634146	
-2430051.87327254	75.46	11.883720930232558	300.95348837209303	187.46511627906978	-120.25859062370922	492	26867	125	17.0	508.0	321.0	26	9.0	163.0	101.0	0	0	5.011949777603149	49300	2953.41161942482	20376	58.66937119675457	
-2200048.8085750057	73.73	11.289473684210526	293.94736842105266	181.8684210526316	-120.25859062370922	493	26929	157	14.0	524.0	327.0	11	9.0	193.0	121.0	0	0	5.834806442260742	49400	2959.2464258670807	20410	58.68421052631579	
-2250113.6693117213	79.78	11.55813953488372	322.5813953488372	199.2325581395349	-120.25859062370922	494	26986	157	16.0	615.0	389.0	18	9.0	217.0	133.0	0	0	7.344116687774658	49500	2966.5905425548553	20449	58.68888888888889	
-2610072.7198217832	76.99	12.023255813953488	305.4651162790698	189.97674418604652	-120.25859062370922	495	27043	165	18.0	663.0	414.0	18	9.0	211.0	130.0	0	0	6.1501617431640625	49600	2972.7407042980194	20488	58.69354838709677	
-2400037.208284983	77.17	11.03448275862069	295.62068965517244	182.17241379310346	-120.25859062370922	496	27114	163	14.0	682.0	413.0	9	8.0	162.0	101.0	0	0	4.656519651412964	49700	2977.3972239494324	20513	58.72635814889336	
-2270053.09602392	81.88	11.5	325.94117647058823	201.0	-120.25859062370922	497	27180	144	16.0	659.0	387.0	23	9.0	210.0	130.0	0	0	5.841464281082153	49800	2983.2386882305145	20543	58.74899598393574	
-2150023.4141787933	83.11	11.9375	318.1875	197.125	-120.25859062370922	498	27248	178	16.0	659.0	387.0	22	10.0	219.0	136.0	0	0	4.458300352096558	49900	2987.696988582611	20570	58.77755511022044	
-1980029.6315718761	83.15	12.6875	382.53125	238.625	-120.25859062370922	499	27316	178	19.0	1146.0	723.0	22	10.0	162.0	101.0	0	0	3.8275318145751953	50000	2991.5245203971863	20598	58.804	
-1630053.6123559005	82.57	11.633333333333333	319.26666666666665	198.0	-120.25859062370922	500	27386	162	18.0	874.0	547.0	22	10.0	195.0	123.0	0	0	4.549959182739258	50100	2996.0744795799255	20624	58.83433133732535	
-2070069.377953722	77.47	11.566666666666666	285.53333333333336	177.46666666666667	-120.25859062370922	501	27456	166	17.0	737.0	461.0	2	10.0	218.0	137.0	0	0	4.503492593765259	50200	3000.577972173691	20650	58.86454183266932	
-2590085.361265534	81.41	11.883720930232558	326.1860465116279	201.97674418604652	-120.25859062370922	502	27513	149	17.0	551.0	330.0	22	10.0	173.0	109.0	0	0	6.839081525802612	50300	3007.4170536994934	20689	58.86878727634195	
-2610142.263890081	82.81	11.717391304347826	331.2391304347826	204.2608695652174	-120.25859062370922	503	27567	148	17.0	883.0	540.0	20	10.0	225.0	141.0	0	0	7.9462890625	50400	3015.3633427619934	20731	58.867063492063494	
-3520111.4288151003	85.61	11.984615384615385	320.24615384615385	198.6	-120.25859062370922	504	27602	160	17.0	561.0	357.0	10	10.0	162.0	101.0	0	0	10.284789562225342	50500	3025.6481323242188	20792	58.82772277227723	
-2360087.4862588765	84.78	11.679245283018869	295.58490566037733	183.58490566037736	-120.25859062370922	505	27649	163	16.0	819.0	512.0	5	9.0	162.0	101.0	0	0	7.2978456020355225	50600	3032.9459779262543	20841	58.812252964426875	
-2580064.627651213	83.22	11.770833333333334	314.7291666666667	195.27083333333334	-120.25859062370922	506	27701	166	19.0	544.0	342.0	5	10.0	186.0	117.0	0	0	6.51444935798645	50700	3039.4604272842407	20885	58.80670611439842	
-2000088.5639920998	81.41	11.785714285714286	300.64285714285717	186.83333333333334	-120.25859062370922	507	27759	131	19.0	624.0	393.0	23	10.0	171.0	107.0	0	0	5.721320152282715	50800	3045.1817474365234	20923	58.81299212598425	
-2510104.7709198194	84.36	11.714285714285714	311.01785714285717	192.73214285714286	-120.25859062370922	508	27803	151	17.0	496.0	309.0	23	10.0	184.0	115.0	0	0	7.609883069992065	50900	3052.7916305065155	20975	58.79174852652259	
-2270094.8176937867	83.0	11.877551020408163	312.7959183673469	194.3877551020408	-120.25859062370922	509	27854	151	15.0	537.0	331.0	14	9.0	202.0	124.0	0	0	6.731629371643066	51000	3059.5232598781586	21020	58.78431372549019	
-2170050.488579838	85.56	11.707317073170731	301.4146341463415	186.65853658536585	-120.25859062370922	510	27913	199	15.0	539.0	331.0	14	9.0	193.0	118.0	0	0	5.131805181503296	51100	3064.655065059662	21057	58.79256360078278	
-1860052.3409861808	90.43	12.35897435897436	346.12820512820514	214.7948717948718	-120.25859062370922	511	27974	202	19.0	716.0	453.0	1	10.0	222.0	139.0	0	0	4.729613304138184	51200	3069.3846783638	21092	58.8046875	
-2210043.4240417774	86.98	11.886363636363637	328.3181818181818	204.20454545454547	-120.25859062370922	512	28030	182	17.0	627.0	389.0	9	8.0	176.0	108.0	0	0	4.596845388412476	51300	3073.9815237522125	21132	58.807017543859644	
-1950033.9675123617	81.72	11.923076923076923	341.1794871794872	212.28205128205127	-120.25859062370922	513	28091	173	18.0	756.0	479.0	15	9.0	207.0	125.0	0	0	3.5067989826202393	51400	3077.4883227348328	21167	58.81906614785992	
-1960046.7739011897	77.66	11.548387096774194	312.5806451612903	192.93548387096774	-120.25859062370922	514	28160	162	15.0	558.0	339.0	21	9.0	173.0	106.0	0	0	4.349274396896362	51500	3081.837597131729	21194	58.84660194174757	
-2410089.636903876	76.22	11.357142857142858	296.4761904761905	182.9047619047619	-120.25859062370922	515	28218	159	14.0	441.0	277.0	21	10.0	181.0	113.0	0	0	6.513478755950928	51600	3088.35107588768	21232	58.85271317829457	
-2510080.892177461	80.43	11.408163265306122	308.3265306122449	190.08163265306123	-120.25859062370922	516	28269	159	16.0	644.0	401.0	19	9.0	174.0	109.0	0	0	8.049257755279541	51700	3096.4003336429596	21277	58.845261121856865	
-2240086.4521294017	79.2	11.023255813953488	310.0232558139535	189.62790697674419	-120.25859062370922	517	28326	159	13.0	578.0	363.0	18	9.0	155.0	97.0	0	0	6.581490516662598	51800	3102.981824159622	21314	58.85328185328185	
-2310185.658832099	74.8	10.660714285714286	321.26785714285717	194.0	-120.25859062370922	518	28370	159	14.0	492.0	303.0	11	9.0	171.0	107.0	0	0	11.17618727684021	51900	3114.1580114364624	21365	58.834296724470136	
-2190164.3051787936	69.99	10.666666666666666	329.280701754386	198.6315789473684	-120.25859062370922	519	28413	159	16.0	570.0	355.0	5	9.0	193.0	121.0	0	0	13.525331020355225	52000	3127.6833424568176	21418	58.81153846153846	
-1560133.4418247438	69.85	10.741379310344827	359.05172413793105	215.25862068965517	-120.25859062370922	520	28455	168	16.0	578.0	358.0	1	9.0	211.0	130.0	0	0	13.223229169845581	52100	3140.906571626663	21469	58.79270633397313	
-1790125.753713923	69.55	10.716666666666667	342.43333333333334	206.16666666666666	-120.25859062370922	521	28495	136	16.0	535.0	331.0	7	9.0	194.0	121.0	0	0	13.7189359664917	52200	3154.625507593155	21524	58.76628352490422	
-2330145.431607216	72.5	10.767857142857142	333.82142857142856	201.08928571428572	-120.25859062370922	522	28539	139	14.0	532.0	335.0	4	10.0	189.0	119.0	0	0	13.210963726043701	52300	3167.8364713191986	21575	58.747609942638626	
-1650126.4619788355	69.31	10.622641509433961	337.9622641509434	202.60377358490567	-120.25859062370922	523	28586	135	13.0	457.0	285.0	28	9.0	177.0	111.0	0	0	11.74938440322876	52400	3179.5858557224274	21623	58.73473282442748	
-2060141.6118115855	66.44	10.567164179104477	352.67164179104475	211.044776119403	-120.25859062370922	524	28619	106	14.0	475.0	298.0	12	9.0	171.0	107.0	0	0	17.852570295333862	52500	3197.4384260177612	21686	58.69333333333333	
-1750153.0062011096	67.91	10.461538461538462	354.1384615384615	211.6769230769231	-120.25859062370922	525	28654	137	14.0	681.0	426.0	5	9.0	206.0	129.0	0	0	16.441569328308105	52600	3213.8799953460693	21747	58.655893536121674	
-1670165.570343947	69.5	10.579710144927537	345.6666666666667	206.92753623188406	-120.25859062370922	526	28685	118	16.0	396.0	243.0	25	10.0	214.0	132.0	0	0	18.260592460632324	52700	3232.1405878067017	21812	58.61100569259962	
-1730163.281101104	69.0	10.714285714285714	353.12857142857143	211.97142857142856	-120.25859062370922	527	28715	121	18.0	620.0	391.0	22	9.0	193.0	121.0	0	0	18.029232025146484	52800	3250.169819831848	21877	58.56628787878788	
-1640182.3503351018	65.51	10.591549295774648	364.01408450704224	217.91549295774647	-120.25859062370922	528	28744	133	14.0	516.0	301.0	4	10.0	227.0	142.0	0	0	18.52125358581543	52900	3268.6910734176636	21943	58.51984877126654	
-1700157.2734673782	68.67	10.587301587301587	356.6507936507937	213.1904761904762	-120.25859062370922	529	28781	141	15.0	615.0	377.0	2	10.0	223.0	140.0	0	0	15.911825180053711	53000	3284.6028985977173	22000	58.490566037735846	
-1270152.7671280028	66.05	10.596774193548388	350.93548387096774	210.24193548387098	-120.25859062370922	530	28819	95	14.0	426.0	269.0	23	9.0	205.0	129.0	0	0	14.54033875465393	53100	3299.143237352371	22051	58.472693032015066	
-1980190.6183919043	66.4	10.53225806451613	354.06451612903226	211.61290322580646	-120.25859062370922	531	28857	127	14.0	428.0	269.0	33	9.0	203.0	127.0	0	0	16.324764490127563	53200	3315.468001842499	22109	58.44172932330827	
-2160114.752333221	67.0	10.65	351.4166666666667	210.96666666666667	-120.25859062370922	532	28897	130	15.0	557.0	331.0	13	10.0	211.0	130.0	0	0	15.946209907531738	53300	3331.4142117500305	22164	58.41651031894934	
-1330139.6926343963	64.18	10.53225806451613	366.1290322580645	218.09677419354838	-120.25859062370922	533	28935	130	17.0	567.0	353.0	6	10.0	225.0	141.0	0	0	16.306429147720337	53400	3347.720640897751	22218	58.39325842696629	
-1310205.5418953788	66.53	10.5	362.7903225806452	216.7741935483871	-120.25859062370922	534	28973	134	15.0	533.0	333.0	9	9.0	215.0	132.0	0	0	16.6784565448761	53500	3364.399097442627	22274	58.36635514018692	
-1060302.4793408967	64.54	10.353846153846154	369.24615384615385	219.6153846153846	-120.25859062370922	535	29008	138	13.0	566.0	342.0	5	10.0	192.0	121.0	0	0	16.59506130218506	53600	3380.994158744812	22331	58.33768656716418	
-1170143.7697948061	64.07	10.380952380952381	372.63492063492066	221.4126984126984	-120.25859062370922	536	29045	117	15.0	412.0	255.0	1	10.0	225.0	141.0	0	0	17.702648401260376	53700	3398.6968071460724	22387	58.31098696461825	
-1680141.6608836076	65.01	10.360655737704919	354.4918032786885	211.1639344262295	-120.25859062370922	537	29084	129	14.0	526.0	314.0	12	9.0	194.0	121.0	0	0	15.282276153564453	53800	3413.979083299637	22442	58.28624535315985	
-1560136.0600147727	67.96	10.5	330.14516129032256	198.48387096774192	-120.25859062370922	538	29122	127	15.0	451.0	274.0	7	8.0	165.0	102.0	0	0	15.27193021774292	53900	3429.2510135173798	22499	58.257884972170686	
-1770118.2324155509	71.56	10.793103448275861	335.08620689655174	201.63793103448276	-120.25859062370922	539	29164	136	15.0	565.0	347.0	7	10.0	219.0	136.0	0	0	12.223489761352539	54000	3441.4745032787323	22550	58.24074074074074	
-2690124.842873629	75.9	10.919354838709678	317.5806451612903	192.46774193548387	-120.25859062370922	540	29202	156	14.0	438.0	274.0	11	10.0	213.0	132.0	0	0	12.71154499053955	54100	3454.186048269272	22607	58.21256931608133	
-2360109.5100419587	72.5	11.389830508474576	340.2542372881356	207.42372881355934	-120.25859062370922	541	29243	135	20.0	724.0	451.0	8	10.0	158.0	101.0	0	0	11.051785230636597	54200	3465.2378334999084	22660	58.19188191881919	
-2180146.8125715083	73.95	10.934426229508198	333.1639344262295	201.44262295081967	-120.25859062370922	542	29282	151	19.0	526.0	327.0	17	8.0	177.0	111.0	0	0	12.155934572219849	54300	3477.3937680721283	22717	58.16390423572744	
-1860150.3242382559	73.45	10.959183673469388	335.9183673469388	203.57142857142858	-120.25859062370922	543	29333	135	14.0	439.0	277.0	15	10.0	175.0	109.0	0	0	10.459418535232544	54400	3487.853186607361	22759	58.16360294117647	
-1800107.6734836595	70.97	10.912280701754385	335.05263157894734	201.98245614035088	-120.25859062370922	544	29376	139	15.0	459.0	285.0	4	9.0	184.0	115.0	0	0	12.477986097335815	54500	3500.3311727046967	22811	58.14495412844037	
-2210097.884330816	68.46	10.844827586206897	331.32758620689657	200.1551724137931	-120.1254477539593	545	29418	130	17.0	585.0	362.0	7	9.0	184.0	115.0	0	0	10.66733431816101	54600	3510.9985070228577	22862	58.12820512820513	
-1960180.4282309997	69.35	10.736842105263158	320.7894736842105	193.6315789473684	-120.1254477539593	546	29461	135	14.0	474.0	291.0	7	9.0	174.0	109.0	0	0	13.211818218231201	54700	3524.210325241089	22914	58.109689213893965	
-2550148.3540364895	74.87	10.96551724137931	319.41379310344826	193.17241379310346	-120.1254477539593	547	29503	135	19.0	396.0	245.0	5	9.0	183.0	115.0	0	0	11.564713716506958	54800	3535.775038957596	22967	58.089416058394164	
-1700207.307149975	69.87	10.431372549019608	312.4117647058824	188.4313725490196	-120.1254477539593	548	29552	150	13.0	402.0	245.0	7	8.0	132.0	83.0	0	0	10.30063009262085	54900	3546.0756690502167	23014	58.080145719489984	
-2180127.1493043797	71.43	10.867924528301886	325.9622641509434	197.9056603773585	-120.1254477539593	549	29599	150	15.0	553.0	343.0	8	10.0	232.0	146.0	0	0	10.686030149459839	55000	3556.7616991996765	23062	58.06909090909091	
-1970209.6664915406	73.48	11.042857142857143	328.62857142857143	199.78571428571428	-120.1254477539593	550	29629	143	16.0	721.0	451.0	16	9.0	152.0	95.0	0	0	13.756858825683594	55100	3570.51855802536	23126	58.029038112522684	
-2790112.4195877183	77.09	11.280701754385966	309.280701754386	189.87719298245614	-120.1254477539593	551	29672	140	17.0	659.0	419.0	7	9.0	208.0	130.0	0	0	10.312025785446167	55200	3580.8305838108063	23179	58.00905797101449	
-2780132.3184733596	77.75	11.3	308.1333333333333	188.88333333333333	-120.1254477539593	552	29712	140	15.0	518.0	312.0	15	10.0	184.0	115.0	0	0	12.446835041046143	55300	3593.2774188518524	23235	57.98372513562387	
-2290253.3429903043	74.4	11.241935483870968	317.03225806451616	193.32258064516128	-120.1254477539593	553	29750	150	14.0	448.0	283.0	17	10.0	197.0	125.0	0	0	13.02258038520813	55400	3606.2999992370605	23293	57.954873646209386	
-2160098.8686773162	72.83	11.02127659574468	313.531914893617	190.5531914893617	-120.1254477539593	554	29803	147	15.0	396.0	248.0	17	10.0	205.0	125.0	0	0	9.123723030090332	55500	3615.423722267151	23335	57.95495495495496	
-1670123.578407129	71.54	10.744186046511627	336.95348837209303	202.88372093023256	-120.1254477539593	555	29860	147	14.0	446.0	276.0	12	10.0	211.0	131.0	0	0	9.96972942352295	55600	3625.393451690674	23370	57.96762589928058	
-2070125.4546846894	71.44	10.733333333333333	326.56666666666666	197.0	-120.1254477539593	556	29900	137	13.0	489.0	302.0	17	9.0	161.0	101.0	0	0	12.877320766448975	55700	3638.270772457123	23424	57.94614003590664	
-1530139.0840021379	67.79	10.507936507936508	344.1904761904762	205.8095238095238	-120.1254477539593	557	29937	114	16.0	511.0	321.0	20	10.0	186.0	117.0	0	0	16.254184246063232	55800	3654.524956703186	23481	57.91935483870968	
-1220154.0726548457	67.65	10.65	359.01666666666665	214.75	-120.1254477539593	558	29977	136	15.0	450.0	283.0	7	10.0	227.0	140.0	0	0	14.608232021331787	55900	3669.133188724518	23535	57.89803220035778	
-1510099.0908062141	65.75	10.709090909090909	354.8727272727273	212.78181818181818	-120.12493720905691	559	30022	122	15.0	527.0	333.0	11	10.0	185.0	115.0	0	0	11.649097919464111	56000	3680.782286643982	23583	57.887499999999996	
-1680123.8720212972	70.01	10.719298245614034	339.57894736842104	203.71929824561403	-120.12493720905691	560	30065	116	16.0	510.0	313.0	27	10.0	181.0	113.0	0	0	13.589524030685425	56100	3694.3718106746674	23633	57.87344028520499	
-1480141.43344493	69.33	10.703125	355.65625	213.34375	-120.12493720905691	561	30101	116	16.0	537.0	332.0	27	9.0	176.0	108.0	0	0	15.294896602630615	56200	3709.666707277298	23692	57.84341637010676	
-1160135.00427813	65.94	10.491803278688524	361.95081967213116	216.08196721311475	-120.12493720905691	562	30140	136	14.0	593.0	375.0	11	10.0	211.0	130.0	0	0	15.71328592300415	56300	3725.379993200302	23748	57.818827708703374	
-1660117.0901649995	71.29	10.73015873015873	329.6190476190476	198.76190476190476	-120.12493720905691	563	30177	119	16.0	417.0	262.0	12	9.0	198.0	122.0	0	0	12.46367859840393	56400	3737.843671798706	23806	57.790780141843975	
-1600134.1839035284	70.94	11.163934426229508	350.5409836065574	211.85245901639345	-120.12493720905691	564	30216	142	18.0	552.0	351.0	1	10.0	215.0	134.0	0	0	14.869428396224976	56500	3752.713100194931	23863	57.76460176991151	
-1800158.8819611357	67.92	10.587301587301587	345.7142857142857	206.87301587301587	-120.12493720905691	565	30253	128	17.0	537.0	331.0	3	9.0	210.0	130.0	0	0	15.560135841369629	56600	3768.2732360363007	23920	57.73851590106007	
-1300121.8436477047	68.37	10.666666666666666	349.96666666666664	209.36666666666667	-120.12493720905691	566	30293	118	16.0	396.0	244.0	11	10.0	215.0	134.0	0	0	16.042937517166138	56700	3784.316173553467	23975	57.71604938271605	
-1970164.6702975489	68.65	10.666666666666666	338.30434782608694	203.30434782608697	-120.12493720905691	567	30324	126	17.0	521.0	326.0	11	10.0	215.0	134.0	0	0	16.398426055908203	56800	3800.714599609375	24039	57.67781690140845	
-1630107.5931265398	68.0	10.733333333333333	349.3	210.11666666666667	-120.12493720905691	568	30364	109	16.0	541.0	343.0	21	10.0	223.0	139.0	0	0	14.687116146087646	56900	3815.4017157554626	24094	57.655536028119506	
-710136.4925292059	65.5	10.384615384615385	360.96153846153845	215.23076923076923	-120.12493720905691	569	30412	142	13.0	660.0	419.0	1	10.0	216.0	134.0	0	0	12.580357313156128	57000	3827.982073068619	24139	57.650877192982456	
-2030122.1590429835	66.75	10.4	341.3076923076923	204.13846153846154	-120.12493720905691	570	30447	131	14.0	406.0	251.0	12	9.0	199.0	122.0	0	0	17.30129623413086	57100	3845.2833693027496	24200	57.61821366024518	
-1360203.6315547437	67.64	10.615384615384615	351.2	210.0	-120.12493720905691	571	30482	128	15.0	425.0	267.0	15	9.0	228.0	143.0	0	0	17.462857484817505	57200	3862.746226787567	24261	57.58566433566434	
-1980147.1753710583	68.93	10.962264150943396	337.1320754716981	202.96226415094338	-120.12493720905691	572	30529	130	17.0	538.0	324.0	13	10.0	173.0	109.0	0	0	11.178837060928345	57300	3873.9250638484955	24308	57.57766143106458	
-1750116.3220763176	68.31	10.625	351.73214285714283	210.67857142857142	-120.12493720905691	573	30573	129	14.0	478.0	303.0	13	9.0	196.0	120.0	0	0	13.904670715332031	57400	3887.8297345638275	24359	57.562717770034844	
-1250134.9020292228	65.17	10.457627118644067	348.64406779661016	208.05084745762713	-120.12493720905691	574	30614	94	16.0	396.0	233.0	15	9.0	211.0	130.0	0	0	13.994798183441162	57500	3901.8245327472687	24412	57.544347826086955	
-2420128.2487227377	71.5	11.061538461538461	327.7230769230769	198.7076923076923	-120.12493720905691	575	30649	139	18.0	500.0	319.0	4	10.0	211.0	130.0	0	0	14.085935115814209	57600	3915.910467863083	24471	57.515625	
-1710130.3401959068	68.34	10.596774193548388	349.6774193548387	210.0483870967742	-120.12493720905691	576	30687	139	16.0	491.0	309.0	14	9.0	170.0	107.0	0	0	14.123807668685913	57700	3930.034275531769	24529	57.48873483535529	
-1130133.473025266	66.5	10.462962962962964	360.7037037037037	215.37037037037038	-120.12493720905691	577	30733	109	17.0	666.0	419.0	20	10.0	211.0	130.0	0	0	13.7178373336792	57800	3943.752112865448	24578	57.477508650519034	
-1760136.3184726706	67.03	10.515625	351.890625	210.390625	-120.10638454087265	578	30769	127	15.0	523.0	319.0	9	10.0	209.0	127.0	0	0	15.929603099822998	57900	3959.681715965271	24636	57.45077720207254	
-1940149.5895143575	69.07	10.627118644067796	339.33898305084745	203.8135593220339	-120.10638454087265	579	30810	155	14.0	531.0	335.0	13	10.0	211.0	130.0	0	0	13.739097118377686	58000	3973.4208130836487	24691	57.42931034482759	
-2270141.1718648253	67.11	10.833333333333334	339.969696969697	204.84848484848484	-120.10638454087265	580	30844	110	18.0	662.0	399.0	13	10.0	224.0	141.0	0	0	15.639970302581787	58100	3989.0607833862305	24751	57.399311531841654	
-1210131.5083002327	67.63	10.679245283018869	354.62264150943395	212.39622641509433	-120.10638454087265	581	30891	134	15.0	491.0	304.0	6	10.0	198.0	125.0	0	0	13.075596332550049	58200	4002.1363797187805	24799	57.39003436426117	
-1580117.1310645193	64.85	10.4	349.90909090909093	208.6	-120.10638454087265	582	30936	116	17.0	434.0	267.0	2	9.0	203.0	126.0	0	0	15.100863218307495	58300	4017.237242937088	24850	57.37564322469983	
-1330142.114434429	67.36	10.557377049180328	361.3114754098361	215.9672131147541	-120.10638454087265	583	30975	133	15.0	614.0	375.0	15	9.0	215.0	134.0	0	0	15.275386095046997	58400	4032.512629032135	24906	57.352739726027394	
-1590130.6713502961	66.37	10.73134328358209	358.92537313432837	215.17910447761193	-120.10638454087265	584	31008	148	18.0	762.0	481.0	13	8.0	156.0	97.0	0	0	16.499102115631104	58500	4049.011731147766	24965	57.324786324786324	
-1410156.118163909	67.33	10.6	356.26666666666665	213.11666666666667	-120.10638454087265	585	31048	125	15.0	688.0	433.0	18	10.0	217.0	137.0	0	0	14.841275215148926	58600	4063.853006362915	25018	57.30716723549488	
-1040116.6463550278	64.69	10.538461538461538	367.63461538461536	219.03846153846155	-120.10638454087265	586	31096	137	16.0	501.0	307.0	18	10.0	235.0	146.0	0	0	15.528215169906616	58700	4079.3812215328217	25066	57.298126064735946	
-1800111.3739549827	73.39	10.745454545454546	326.6545454545454	197.01818181818183	-120.10638454087265	587	31141	135	17.0	463.0	286.0	19	8.0	166.0	103.0	0	0	11.563359498977661	58800	4090.9445810317993	25116	57.285714285714285	
-2220140.298373188	70.07	10.928571428571429	321.67857142857144	194.78571428571428	-120.10638454087265	588	31185	109	15.0	396.0	237.0	10	10.0	197.0	123.0	0	0	11.878881931304932	58900	4102.823462963104	25167	57.27164685908319	
-1790112.9934314396	65.52	10.372881355932204	342.66101694915255	204.59322033898306	-120.10638454087265	589	31226	117	12.0	396.0	233.0	1	9.0	226.0	141.0	0	0	15.68754506111145	59000	4118.511008024216	25221	57.25254237288135	
-1550115.777066245	66.96	10.62962962962963	349.3888888888889	209.77777777777777	-120.10638454087265	590	31272	137	16.0	573.0	361.0	29	10.0	215.0	134.0	0	0	12.835904121398926	59100	4131.346912145615	25269	57.243654822335024	
-1360137.7213888825	65.01	10.483333333333333	348.0	208.5	-120.10638454087265	591	31312	143	14.0	704.0	445.0	19	9.0	201.0	124.0	0	0	15.286852359771729	59200	4146.633764505386	25322	57.226351351351354	
-1840149.2979122319	65.22	10.384615384615385	345.26153846153846	205.95384615384614	-120.10638454087265	592	31347	119	15.0	420.0	263.0	19	10.0	210.0	130.0	0	0	15.161155700683594	59300	4161.79492020607	25378	57.20404721753794	
-1860157.6558141643	64.85	10.238095238095237	357.04761904761904	212.52380952380952	-120.10638454087265	593	31384	122	12.0	463.0	280.0	16	9.0	195.0	120.0	0	0	17.788827657699585	59400	4179.5837478637695	25435	57.18013468013468	
-1300131.6941463135	65.17	10.553846153846154	364.6923076923077	217.69230769230768	-120.10638454087265	594	31419	148	20.0	819.0	508.0	13	10.0	191.0	118.0	0	0	15.841144323348999	59500	4195.4248921871185	25493	57.154621848739495	
-1740138.4761440787	70.53	10.571428571428571	330.0	197.96428571428572	-120.10638454087265	595	31463	148	14.0	492.0	300.0	5	10.0	193.0	121.0	0	0	13.353191137313843	59600	4208.778083324432	25544	57.14093959731544	
-1940137.8902041165	70.5	10.790322580645162	333.38709677419354	200.90322580645162	-120.10638454087265	596	31501	107	14.0	396.0	245.0	33	10.0	193.0	121.0	0	0	14.654875993728638	59700	4223.432959318161	25600	57.11892797319933	
-2060138.3153175176	69.54	10.895833333333334	331.0416666666667	200.08333333333334	-120.10638454087265	597	31553	129	14.0	480.0	292.0	24	10.0	191.0	121.0	0	0	11.06393551826477	59800	4234.496894836426	25642	57.12040133779264	
-2080135.341714348	69.63	10.89090909090909	329.6181818181818	199.14545454545456	-120.10638454087265	598	31598	160	20.0	655.0	415.0	24	9.0	215.0	134.0	0	0	13.130845546722412	59900	4247.627740383148	25693	57.10684474123539	
-1990118.6183538896	69.15	10.793650793650794	336.58730158730157	203.15873015873015	-120.10638454087265	599	31635	131	14.0	473.0	298.0	12	9.0	200.0	124.0	0	0	14.460167407989502	60000	4262.087907791138	25751	57.08166666666667	
-1780146.4428707883	69.04	10.701754385964913	357.42105263157896	214.7017543859649	-120.10264266572194	600	31678	165	16.0	533.0	335.0	3	10.0	215.0	134.0	0	0	14.551835775375366	60100	4276.639743566513	25802	57.06821963394343	
-2170169.169445246	70.48	10.55	328.5833333333333	197.55	-120.10264266572194	601	31718	125	13.0	396.0	235.0	6	10.0	178.0	111.0	0	0	15.247435808181763	60200	4291.887179374695	25858	57.04651162790697	
-1370149.0521417898	70.98	10.916666666666666	352.1666666666667	212.0	-120.10264266572194	602	31758	138	16.0	617.0	384.0	5	10.0	214.0	134.0	0	0	13.903306245803833	60300	4305.790485620499	25912	57.02819237147595	
-1900227.9629946498	71.0	10.56060606060606	335.09090909090907	201.24242424242425	-120.10264266572194	603	31792	150	13.0	396.0	243.0	18	9.0	184.0	115.0	0	0	17.18205738067627	60400	4322.972543001175	25974	56.996688741721854	
-2590116.5106948107	73.66	10.736842105263158	320.9298245614035	194.3859649122807	-120.10264266572194	604	31835	123	18.0	764.0	484.0	20	9.0	198.0	125.0	0	0	11.497002601623535	60500	4334.4695456027985	26025	56.98347107438016	
-1900151.5776270023	65.86	10.471698113207546	323.0	194.28301886792454	-120.10264266572194	605	31882	103	14.0	488.0	304.0	26	9.0	206.0	129.0	0	0	12.9217369556427	60600	4347.391282558441	26072	56.97689768976898	
-2430117.54192216	69.59	10.672413793103448	336.2413793103448	202.41379310344828	-120.10264266572194	606	31924	130	14.0	482.0	302.0	13	9.0	193.0	121.0	0	0	13.653193473815918	60700	4361.044476032257	26125	56.960461285008236	
-2220154.880065368	68.5	10.647058823529411	333.02941176470586	201.0441176470588	-120.10264266572194	607	31956	131	14.0	507.0	321.0	12	8.0	171.0	107.0	0	0	14.666197776794434	60800	4375.7106738090515	26186	56.930921052631575	
-1800115.087517662	69.47	10.62962962962963	337.94444444444446	203.7962962962963	-120.10264266572194	608	32002	126	13.0	536.0	332.0	12	10.0	189.0	119.0	0	0	11.701602935791016	60900	4387.4122767448425	26235	56.92118226600985	
-2590087.1655570976	65.99	10.745762711864407	335.91525423728814	202.5593220338983	-120.10264266572194	609	32043	132	15.0	567.0	357.0	11	9.0	173.0	106.0	0	0	12.774104118347168	61000	4400.18638086319	26289	56.90327868852459	
-1960145.9420346862	68.79	10.551724137931034	328.8448275862069	197.5	-120.10264266572194	610	32085	127	13.0	396.0	239.0	23	10.0	185.0	117.0	0	0	14.977861642837524	61100	4415.164242506027	26341	56.88870703764321	
-2510110.594570077	71.77	10.857142857142858	315.2063492063492	190.71428571428572	-120.10264266572194	611	32122	142	15.0	396.0	243.0	8	10.0	190.0	119.0	0	0	13.032531499862671	61200	4428.19677400589	26400	56.86274509803921	
-2280162.7603300014	72.77	10.861538461538462	336.0	202.86153846153846	-120.10264266572194	612	32157	164	14.0	466.0	295.0	4	10.0	211.0	130.0	0	0	16.0356342792511	61300	4444.232408285141	26459	56.836867862969	
-2020142.224246964	69.97	10.963636363636363	343.6909090909091	207.25454545454545	-120.10249957040203	613	32202	142	16.0	623.0	388.0	1	10.0	220.0	136.0	0	0	11.776312589645386	61400	4456.008720874786	26507	56.828990228013026	
-1840155.458148042	67.42	10.60344827586207	338.5	203.20689655172413	-120.09775018049648	614	32244	146	15.0	411.0	254.0	6	9.0	161.0	101.0	0	0	14.183776140213013	61500	4470.192497014999	26561	56.81138211382114	
-1380154.2936616456	68.75	10.682539682539682	351.95238095238096	210.9206349206349	-120.09775018049648	615	32281	136	15.0	879.0	515.0	7	10.0	216.0	134.0	0	0	14.550988912582397	61600	4484.743485927582	26618	56.78896103896104	
-1870159.263115768	70.8	10.944444444444445	335.15277777777777	201.93055555555554	-120.09775018049648	616	32309	103	16.0	552.0	335.0	32	10.0	185.0	117.0	0	0	14.80040979385376	61700	4499.543895721436	26683	56.753646677471636	
-2380145.6687575784	71.1	10.948275862068966	335.7241379310345	202.58620689655172	-120.09775018049648	617	32351	137	16.0	437.0	277.0	6	10.0	220.0	139.0	0	0	13.253263235092163	61800	4512.797158956528	26736	56.737864077669904	
-1740132.3133570892	69.2	10.967213114754099	343.0163934426229	206.4262295081967	-120.09775018049648	618	32390	135	16.0	558.0	330.0	6	10.0	215.0	134.0	0	0	12.783563137054443	61900	4525.580722093582	26790	56.7205169628433	
-2290131.1277124463	70.86	10.982456140350877	322.57894736842104	195.43859649122808	-120.09775018049648	619	32433	111	15.0	470.0	291.0	6	10.0	209.0	130.0	0	0	13.398913860321045	62000	4538.979635953903	26843	56.70483870967742	
-1980129.1589753104	69.28	11.090909090909092	351.6909090909091	211.6727272727273	-120.09775018049648	620	32478	122	19.0	638.0	393.0	22	10.0	222.0	136.0	0	0	12.72687554359436	62100	4551.706511497498	26893	56.694041867954915	
-1410216.9736250795	66.89	10.629032258064516	354.7903225806452	211.98387096774192	-120.09775018049648	621	32516	135	14.0	424.0	261.0	33	10.0	215.0	135.0	0	0	15.65199065208435	62200	4567.358502149582	26949	56.67363344051447	
-2110163.899602058	70.9	10.555555555555555	326.73015873015873	196.74603174603175	-120.09775018049648	622	32553	132	13.0	409.0	252.0	36	10.0	220.0	136.0	0	0	14.80349326133728	62300	4582.161995410919	27008	56.648475120385235	
-1710191.3420218588	72.33	10.777777777777779	326.14814814814815	196.7962962962963	-120.09775018049648	623	32599	191	14.0	396.0	243.0	25	10.0	178.0	111.0	0	0	11.260299921035767	62400	4593.422295331955	27056	56.641025641025635	
-1070133.410876067	66.63	10.456140350877194	348.94736842105266	208.35087719298247	-120.09775018049648	624	32642	118	15.0	433.0	271.0	13	10.0	224.0	140.0	0	0	14.750731945037842	62500	4608.173027276993	27107	56.6288	
-1560133.4199036283	71.51	10.857142857142858	319.85714285714283	193.5	-120.09775018049648	625	32686	135	16.0	614.0	380.0	23	9.0	211.0	130.0	0	0	11.322891235351562	62600	4619.495918512344	27156	56.61980830670926	
-2070182.7476792587	71.85	10.88888888888889	329.06349206349205	198.31746031746033	-120.09775018049648	626	32723	119	16.0	413.0	256.0	24	10.0	209.0	130.0	0	0	12.8960542678833	62700	4632.391972780228	27212	56.59968102073365	
-1830159.6137908015	67.82	10.620689655172415	329.9310344827586	198.5344827586207	-120.09775018049648	627	32765	120	15.0	434.0	269.0	24	10.0	206.0	129.0	0	0	13.923975944519043	62800	4646.315948724747	27265	56.5843949044586	
-1230189.6904149698	69.83	10.721311475409836	343.08196721311475	206.54098360655738	-120.09775018049648	628	32804	135	15.0	586.0	368.0	8	10.0	193.0	121.0	0	0	13.599430799484253	62900	4659.915379524231	27322	56.56279809220986	
-1790218.9063393592	66.68	10.514705882352942	354.47058823529414	211.91176470588235	-120.09775018049648	629	32836	112	15.0	487.0	304.0	13	10.0	220.0	136.0	0	0	16.895907163619995	63000	4676.811286687851	27382	56.53650793650794	
-1800169.0240822665	68.84	10.758064516129032	348.43548387096774	208.93548387096774	-120.09775018049648	630	32874	130	18.0	543.0	345.0	8	10.0	227.0	143.0	0	0	15.133674621582031	63100	4691.944961309433	27439	56.515055467511885	
-1700196.4370742426	68.78	10.816666666666666	344.76666666666665	207.81666666666666	-120.09775018049648	631	32914	141	14.0	558.0	349.0	2	10.0	197.0	125.0	0	0	13.68801760673523	63200	4705.632978916168	27491	56.50158227848101	
-1640164.4651869277	67.14	10.709677419354838	343.0	205.56451612903226	-120.09775018049648	632	32952	112	18.0	470.0	297.0	6	10.0	215.0	134.0	0	0	15.46775507926941	63300	4721.100733995438	27549	56.47867298578199	
-1670131.7483949047	67.25	10.557377049180328	359.88524590163934	214.55737704918033	-120.09775018049648	633	32991	92	15.0	486.0	304.0	26	10.0	220.0	136.0	0	0	16.93142557144165	63400	4738.032159566879	27602	56.46372239747634	
-1180209.9701888561	64.97	10.313432835820896	366.35820895522386	217.80597014925374	-120.09775018049648	634	33024	125	14.0	411.0	261.0	12	8.0	140.0	87.0	0	0	18.538588285446167	63500	4756.570747852325	27665	56.43307086614173	
-1480137.7101050594	64.0	10.426229508196721	359.5081967213115	214.1639344262295	-120.09775018049648	635	33063	135	15.0	640.0	397.0	9	10.0	204.0	126.0	0	0	17.576995134353638	63600	4774.147742986679	27720	56.41509433962264	
-1670158.2166483998	66.35	10.522388059701493	354.3880597014925	211.8507462686567	-120.09775018049648	636	33096	127	14.0	415.0	261.0	11	10.0	235.0	146.0	0	0	17.25533413887024	63700	4791.403077125549	27782	56.3861852433281	
-1610133.2745166814	66.75	10.714285714285714	352.8412698412698	211.31746031746033	-120.09775018049648	637	33133	134	18.0	694.0	437.0	3	9.0	193.0	121.0	0	0	15.61579704284668	63800	4807.018874168396	27837	56.36833855799373	
-1630144.774650679	71.6	10.785714285714286	305.9107142857143	185.23214285714286	-120.09775018049648	638	33177	118	17.0	448.0	282.0	5	10.0	186.0	117.0	0	0	10.923215866088867	63900	4817.942090034485	27888	56.35680751173709	
-2060115.7725013846	74.82	11.127272727272727	309.5272727272727	189.0909090909091	-120.09775018049648	639	33222	165	17.0	521.0	329.0	3	10.0	196.0	123.0	0	0	10.047261953353882	64000	4827.989351987839	27937	56.348437499999996	
-2280100.395939816	75.85	11.267857142857142	314.23214285714283	191.21428571428572	-120.09775018049648	640	33266	137	16.0	500.0	309.0	3	10.0	181.0	113.0	0	0	11.617181301116943	64100	4839.606533288956	27988	56.33697347893916	
-2280161.9332367512	73.39	11.327586206896552	318.4655172413793	193.70689655172413	-120.09775018049648	641	33308	156	16.0	433.0	273.0	12	10.0	231.0	145.0	0	0	11.12516975402832	64200	4850.731703042984	28040	56.32398753894081	
-1590125.8219501423	71.84	10.673469387755102	326.53061224489795	196.44897959183675	-120.09775018049648	642	33359	154	16.0	396.0	245.0	14	10.0	219.0	136.0	0	0	11.150349617004395	64300	4861.882052659988	28085	56.32192846034215	
-2200100.4217494666	72.43	11.125	344.0892857142857	208.25	-120.09775018049648	643	33403	126	18.0	510.0	321.0	14	10.0	199.0	125.0	0	0	12.820724248886108	64400	4874.7027769088745	28136	56.31055900621118	
-1690113.1327008896	71.35	11.054545454545455	335.7090909090909	201.92727272727274	-120.09775018049648	644	33448	118	17.0	396.0	236.0	12	10.0	226.0	141.0	0	0	12.508539915084839	64500	4887.211316823959	28186	56.300775193798444	
-2510127.699812152	70.83	10.984375	312.328125	189.953125	-120.07261807159333	645	33484	130	15.0	413.0	261.0	18	9.0	212.0	133.0	0	0	11.502145290374756	64600	4898.713462114334	28243	56.28018575851394	
-2000135.573112613	69.5	10.714285714285714	325.26984126984127	195.96825396825398	-120.07261807159333	646	33521	129	15.0	478.0	289.0	1	10.0	183.0	115.0	0	0	13.74188494682312	64700	4912.455347061157	28300	56.2596599690881	
-1820148.8409338975	70.74	10.78688524590164	341.2950819672131	204.85245901639345	-120.07261807159333	647	33560	146	14.0	405.0	251.0	22	10.0	199.0	125.0	0	0	13.724913597106934	64800	4926.180260658264	28354	56.24382716049382	
-1790139.6830704897	68.64	10.833333333333334	358.8	216.28333333333333	-120.07261807159333	648	33600	139	16.0	661.0	419.0	4	9.0	186.0	114.0	0	0	14.378207445144653	64900	4940.558468103409	28409	56.22650231124807	
-1650163.2998934472	66.96	10.6	358.0923076923077	214.52307692307693	-120.07261807159333	649	33635	98	15.0	661.0	419.0	20	10.0	214.0	134.0	0	0	16.49354100227356	65000	4957.052009105682	28470	56.2	
-1170145.0487490923	65.78	10.333333333333334	368.4561403508772	219.26315789473685	-120.07261807159333	650	33678	127	15.0	459.0	291.0	16	9.0	205.0	129.0	0	0	16.531068563461304	65100	4973.583077669144	28523	56.185867895545314	
-1500136.0071221634	64.48	10.402985074626866	340.32835820895525	203.0597014925373	-120.07261807159333	651	33711	120	13.0	484.0	304.0	12	9.0	182.0	115.0	0	0	16.05374312400818	65200	4989.636820793152	28585	56.1579754601227	
-1500095.7255185575	67.25	10.508771929824562	349.140350877193	208.75438596491227	-120.07261807159333	652	33754	127	13.0	396.0	243.0	13	10.0	219.0	136.0	0	0	14.996416091918945	65300	5004.633236885071	28637	56.14548238897397	
-1450116.6888823984	67.07	10.303571428571429	348.125	207.35714285714286	-120.07261807159333	653	33798	103	14.0	396.0	233.0	27	10.0	164.0	103.0	0	0	14.09591269493103	65400	5018.729149580002	28686	56.137614678899084	
-1970111.0195502925	69.46	10.807017543859649	333.43859649122805	200.78947368421052	-120.07261807159333	654	33841	140	20.0	508.0	317.0	3	10.0	166.0	103.0	0	0	13.238815069198608	65500	5031.9679646492	28738	56.12519083969465	
-2180136.239287839	69.7	11.180327868852459	339.75409836065575	204.68852459016392	-120.07261807159333	655	33880	124	18.0	485.0	304.0	19	10.0	195.0	120.0	0	0	13.805086135864258	65600	5045.773050785065	28792	56.109756097560975	
-1770089.556083226	70.23	11.222222222222221	338.2037037037037	204.72222222222223	-120.06973986363296	656	33926	126	18.0	575.0	361.0	17	10.0	215.0	134.0	0	0	11.067579746246338	65700	5056.840630531311	28840	56.10350076103501	
-2330091.8105449374	71.63	11.0	326.51020408163265	197.81632653061226	-120.06973986363296	657	33977	132	16.0	503.0	314.0	11	10.0	214.0	135.0	0	0	11.529973030090332	65800	5068.370603561401	28885	56.10182370820669	
-1720105.8839613495	71.19	10.964285714285714	353.35714285714283	212.75	-120.06973986363296	658	34021	129	15.0	559.0	349.0	7	10.0	207.0	129.0	0	0	11.923583269119263	65900	5080.294186830521	28937	56.089529590288315	
-2080118.763169347	64.53	10.377358490566039	334.9433962264151	200.62264150943398	-120.06973986363296	659	34068	114	12.0	414.0	249.0	5	9.0	218.0	133.0	0	0	12.76176381111145	66000	5093.055950641632	28986	56.081818181818186	
-1400091.9641551485	69.88	10.833333333333334	333.64814814814815	200.87037037037038	-120.06973986363296	660	34114	138	16.0	702.0	440.0	5	10.0	206.0	129.0	0	0	12.856623411178589	66100	5105.912574052811	29034	56.07564296520424	
-2350176.2949707992	72.5	10.774193548387096	309.1774193548387	187.2258064516129	-120.06973986363296	661	34152	85	16.0	396.0	233.0	46	10.0	199.0	125.0	0	0	12.986247301101685	66200	5118.898821353912	29091	56.0558912386707	
-2280112.105685838	73.75	10.873015873015873	324.58730158730157	197.0	-120.06973986363296	662	34189	133	15.0	568.0	352.0	7	8.0	142.0	89.0	0	0	14.104554176330566	66300	5133.003375530243	29149	56.03469079939668	
-2270099.173285228	73.0	11.049180327868852	315.04918032786884	191.19672131147541	-120.06973986363296	663	34228	143	19.0	491.0	307.0	21	9.0	164.0	103.0	0	0	12.25348424911499	66400	5145.256859779358	29206	56.015060240963855	
-2140108.270886473	70.67	11.293103448275861	346.36206896551727	210.20689655172413	-120.06973986363296	664	34270	192	16.0	901.0	564.0	5	9.0	196.0	123.0	0	0	11.668490886688232	66500	5156.925350666046	29260	56.0	
-2170121.678817994	67.44	10.654545454545454	321.6909090909091	194.05454545454546	-120.06973986363296	665	34315	104	14.0	414.0	256.0	8	9.0	182.0	115.0	0	0	12.24209976196289	66600	5169.167450428009	29311	55.98948948948949	
-1750107.0238990567	70.0	10.89090909090909	336.76363636363635	203.72727272727272	-120.06973986363296	666	34360	114	14.0	531.0	319.0	23	8.0	149.0	93.0	0	0	10.716130495071411	66700	5179.88358092308	29362	55.97901049475262	
-2220099.6220621075	72.58	10.941176470588236	334.3921568627451	201.7450980392157	-120.06973986363296	667	34409	127	18.0	497.0	311.0	23	9.0	169.0	105.0	0	0	11.394729852676392	66800	5191.278310775757	29409	55.974550898203596	
-1960066.6777846636	73.94	11.152173913043478	330.10869565217394	200.6086956521739	-120.06973986363296	668	34463	127	16.0	593.0	373.0	40	10.0	159.0	99.0	0	0	9.547696828842163	66900	5200.826007604599	29451	55.97757847533632	
-2280068.998558216	71.15	11.224489795918368	324.9591836734694	197.57142857142858	-120.06973986363296	669	34514	139	15.0	589.0	367.0	21	10.0	190.0	119.0	0	0	9.516922235488892	67000	5210.342929840088	29495	55.9776119402985	
-2390100.798925333	68.93	10.696428571428571	330.75	199.23214285714286	-120.01955904711629	670	34558	141	15.0	485.0	305.0	2	9.0	173.0	109.0	0	0	12.134813070297241	67100	5222.477742910385	29546	55.9672131147541	
-1150120.5677272782	65.81	10.647058823529411	353.05882352941177	211.49019607843138	-120.01955904711629	671	34607	135	16.0	487.0	306.0	4	10.0	216.0	134.0	0	0	12.901199579238892	67200	5235.378942489624	29591	55.96577380952381	
-1800116.0864721527	67.7	10.545454545454545	326.9818181818182	196.4	-120.01955904711629	672	34652	146	14.0	499.0	299.0	4	9.0	188.0	116.0	0	0	11.93535828590393	67300	5247.314300775528	29640	55.95839524517088	
-1740125.7513715883	66.85	10.557377049180328	351.6393442622951	210.49180327868854	-120.01955904711629	673	34691	137	15.0	521.0	314.0	6	9.0	212.0	129.0	0	0	15.486363410949707	67400	5262.800664186478	29696	55.9406528189911	
-2010130.3171701157	67.46	10.776119402985074	335.7014925373134	201.52238805970148	-120.01781454006083	674	34724	90	15.0	527.0	325.0	6	9.0	191.0	121.0	0	0	17.53804349899292	67500	5280.338707685471	29758	55.91407407407407	
-2070104.2000490786	70.0	10.666666666666666	339.28333333333336	204.08333333333334	-120.01781454006083	675	34764	142	16.0	499.0	314.0	4	10.0	175.0	109.0	0	0	13.457351446151733	67600	5293.796059131622	29811	55.900887573964496	
-1820120.7371350185	71.23	10.655172413793103	330.08620689655174	198.43103448275863	-120.01781454006083	676	34806	142	14.0	476.0	301.0	43	10.0	193.0	121.0	0	0	13.64262080192566	67700	5307.438679933548	29863	55.88921713441654	
-1960124.9646632576	72.73	11.206349206349206	338.6666666666667	205.20634920634922	-120.01781454006083	677	34843	182	17.0	622.0	390.0	13	10.0	204.0	129.0	0	0	13.831093549728394	67800	5321.269773483276	29920	55.87020648967552	
-1430132.6552994286	68.0	10.633333333333333	343.81666666666666	205.91666666666666	-120.01781454006083	678	34883	153	14.0	396.0	233.0	8	10.0	227.0	143.0	0	0	14.57897686958313	67900	5335.8487503528595	29974	55.855670103092784	
-1090170.4176702485	66.41	10.5	358.140625	213.53125	-120.01781454006083	679	34919	167	16.0	437.0	274.0	1	10.0	204.0	129.0	0	0	15.514878749847412	68000	5351.363629102707	30030	55.83823529411765	
-1340136.3150946544	68.8	10.864406779661017	332.8813559322034	200.3050847457627	-120.01781454006083	680	34960	167	16.0	472.0	295.0	14	10.0	198.0	125.0	0	0	14.503753423690796	68100	5365.867382526398	30084	55.82378854625551	
-1550123.1323153556	70.68	10.789473684210526	337.05263157894734	202.2982456140351	-120.01781454006083	681	35003	120	18.0	471.0	299.0	23	10.0	193.0	121.0	0	0	13.309256076812744	68200	5379.17663860321	30136	55.81231671554252	
-2000102.2930337905	69.96	11.035087719298245	343.9122807017544	207.6140350877193	-120.01781454006083	682	35046	148	18.0	517.0	327.0	8	10.0	227.0	143.0	0	0	11.810287475585938	68300	5390.986926078796	30185	55.805270863836014	
-1890126.7479184342	66.89	10.49090909090909	349.6727272727273	210.0909090909091	-120.01781454006083	683	35091	123	16.0	718.0	449.0	20	9.0	185.0	114.0	0	0	14.033491373062134	68400	5405.0204174518585	30235	55.796783625730995	
-1670116.664180265	64.72	10.55	352.15	210.58333333333334	-120.01781454006083	684	35131	112	15.0	423.0	264.0	18	10.0	215.0	134.0	0	0	15.028587341308594	68500	5420.049004793167	30289	55.78248175182482	
-1500134.1837848378	67.5	10.689655172413794	353.7413793103448	211.75862068965517	-120.01781454006083	685	35173	99	16.0	523.0	329.0	47	10.0	193.0	121.0	0	0	15.126550912857056	68600	5435.175555706024	30342	55.76967930029155	
-2150094.628213636	69.75	10.83673469387755	340.9183673469388	205.3469387755102	-120.01781454006083	686	35224	148	17.0	772.0	483.0	1	10.0	197.0	125.0	0	0	11.77389121055603	68700	5446.94944691658	30387	55.76855895196506	
-1920096.2623963547	67.94	10.979166666666666	329.2916666666667	199.375	-120.01781454006083	687	35276	158	18.0	469.0	297.0	10	9.0	199.0	122.0	0	0	10.956879377365112	68800	5457.906326293945	30429	55.77180232558139	
-2320089.6219509323	71.81	11.019607843137255	318.98039215686276	192.86274509803923	-120.01781454006083	688	35325	139	16.0	396.0	243.0	13	10.0	193.0	121.0	0	0	10.655773401260376	68900	5468.562099695206	30473	55.77213352685051	
-1650140.3188589397	63.4	10.383333333333333	356.05	212.33333333333334	-120.01781454006083	689	35365	119	14.0	616.0	385.0	11	7.0	116.0	73.0	0	0	14.125644207000732	69000	5482.687743902206	30525	55.76086956521739	
-1310138.6681351804	64.75	10.587301587301587	358.3015873015873	214.0793650793651	-120.01781454006083	690	35402	102	16.0	402.0	248.0	16	10.0	193.0	121.0	0	0	17.202349424362183	69100	5499.890093326569	30583	55.74095513748191	
-1360094.846391117	63.56	10.36734693877551	364.0816326530612	216.55102040816325	-120.01781454006083	691	35453	104	14.0	478.0	297.0	14	10.0	216.0	134.0	0	0	13.20221495628357	69200	5513.092308282852	30626	55.74277456647399	
-1620179.1660484564	64.67	10.543859649122806	359.12280701754383	214.5438596491228	-120.01781454006083	692	35496	116	20.0	486.0	307.0	14	10.0	196.0	122.0	0	0	15.769881010055542	69300	5528.862189292908	30677	55.733044733044736	
-1660103.8604216566	63.06	10.489795918367347	347.6326530612245	207.51020408163265	-120.01781454006083	693	35547	106	13.0	396.0	238.0	12	10.0	175.0	109.0	0	0	12.817466735839844	69400	5541.679656028748	30722	55.731988472622476	
-2150153.899985797	65.42	10.428571428571429	353.5	211.0	-120.01781454006083	694	35577	109	14.0	419.0	263.0	34	9.0	131.0	83.0	0	0	19.277281761169434	69500	5560.956937789917	30786	55.703597122302156	
-1520103.1079731619	68.25	10.7	346.34	207.92	-120.01781454006083	695	35627	128	15.0	445.0	281.0	15	10.0	197.0	125.0	0	0	10.952280044555664	69600	5571.909217834473	30830	55.70402298850575	
-1480098.8873021125	69.38	10.559322033898304	336.89830508474574	202.135593220339	-120.01781454006083	696	35668	122	16.0	416.0	256.0	16	9.0	195.0	120.0	0	0	12.752703189849854	69700	5584.6619210243225	30884	55.69010043041607	
-1600187.3402993446	66.25	10.640625	351.703125	210.65625	-120.01781454006083	697	35704	125	20.0	719.0	455.0	4	9.0	201.0	127.0	0	0	16.359959363937378	69800	5601.02188038826	30942	55.67048710601719	
-1740140.5663169336	67.5	10.507936507936508	349.85714285714283	209.3968253968254	-120.01781454006083	698	35741	131	16.0	644.0	407.0	12	9.0	197.0	125.0	0	0	15.458562135696411	69900	5616.480442523956	31000	55.65092989985694	
-2100141.5369718433	67.75	10.701492537313433	345.76119402985074	207.73134328358208	-120.01781454006083	699	35774	109	16.0	548.0	347.0	23	9.0	163.0	100.0	0	0	16.525546550750732	70000	5633.005989074707	31061	55.62714285714286	
-1330119.324501886	64.89	10.417910447761194	356.2686567164179	212.32835820895522	-120.01781454006083	700	35807	134	16.0	492.0	311.0	9	10.0	193.0	121.0	0	0	16.393836975097656	70100	5649.399826049805	31120	55.60627674750357	
-1260094.363028192	67.25	10.557692307692308	355.5	211.96153846153845	-120.01781454006083	701	35855	119	16.0	401.0	249.0	11	10.0	215.0	134.0	0	0	13.979734420776367	70200	5663.379560470581	31167	55.6025641025641	
-1650100.5233627916	67.0	10.553571428571429	345.19642857142856	206.82142857142858	-120.01781454006083	702	35899	144	16.0	552.0	347.0	2	9.0	178.0	110.0	0	0	13.470477819442749	70300	5676.850038290024	31219	55.591749644381224	
-1450125.1243492824	66.91	10.7	346.3666666666667	207.71666666666667	-119.98321733404138	703	35939	128	15.0	502.0	315.0	13	10.0	234.0	146.0	0	0	15.12445068359375	70400	5691.974488973618	31273	55.578125	
-1730100.6419634724	67.25	10.679245283018869	352.58490566037733	210.9245283018868	-119.98321733404138	704	35986	120	18.0	516.0	311.0	23	9.0	167.0	105.0	0	0	13.142168521881104	70500	5705.116657495499	31322	55.57163120567376	
-1440126.18336783	66.67	10.525423728813559	353.49152542372883	211.27118644067798	-119.98321733404138	705	36027	130	19.0	474.0	295.0	10	9.0	185.0	114.0	0	0	14.889760494232178	70600	5720.006417989731	31376	55.55807365439093	
-1380120.138752174	68.65	10.456140350877194	344.3157894736842	205.7017543859649	-119.98321733404138	706	36070	107	13.0	655.0	412.0	29	10.0	193.0	121.0	0	0	14.192581415176392	70700	5734.198999404907	31427	55.54879773691655	
-1970165.4402548855	68.0	10.766666666666667	341.71666666666664	204.85	-119.98321733404138	707	36110	84	15.0	525.0	328.0	41	10.0	224.0	141.0	0	0	14.033912181854248	70800	5748.2329115867615	31482	55.53389830508475	
-1290126.3964049558	68.0	10.71830985915493	353.92957746478874	211.80281690140845	-119.98302798195135	708	36139	128	19.0	520.0	329.0	40	10.0	215.0	134.0	0	0	17.26639413833618	70900	5765.499305725098	31547	55.5049365303244	
-2100169.4148515244	67.5	10.526315789473685	342.30263157894734	204.93421052631578	-119.98302798195135	709	36163	140	14.0	396.0	245.0	4	8.0	148.0	93.0	0	0	18.51494312286377	71000	5784.014248847961	31619	55.46619718309859	
-1910127.0169424776	70.82	10.515151515151516	323.25757575757575	194.34848484848484	-119.98302798195135	710	36197	128	15.0	396.0	244.0	15	9.0	175.0	108.0	0	0	15.84221076965332	71100	5799.856459617615	31681	55.44163150492265	
-1650189.4879040055	73.63	10.838709677419354	326.7096774193548	197.2258064516129	-119.98302798195135	711	36235	137	16.0	504.0	319.0	6	10.0	212.0	134.0	0	0	13.539652109146118	71200	5813.396111726761	31738	55.424157303370784	
-2170123.6772645796	72.49	10.68421052631579	319.05263157894734	192.5438596491228	-119.98302798195135	712	36278	138	15.0	438.0	276.0	8	9.0	192.0	119.0	0	0	12.920233011245728	71300	5826.316344738007	31789	55.41514726507714	
-2130129.7444933467	71.57	11.333333333333334	333.4761904761905	202.52380952380952	-119.98302798195135	713	36315	121	22.0	553.0	346.0	12	9.0	155.0	97.0	0	0	12.668144464492798	71400	5838.984489202499	31848	55.39495798319328	
-1120145.7000030773	68.72	10.433333333333334	349.98333333333335	208.85	-119.98302798195135	714	36355	120	15.0	493.0	310.0	26	10.0	193.0	121.0	0	0	16.280622005462646	71500	5855.265111207962	31903	55.380419580419584	
-1550100.621111281	67.5	10.736842105263158	355.5964912280702	213.01754385964912	-119.98302798195135	715	36398	145	20.0	596.0	370.0	23	9.0	188.0	116.0	0	0	12.52673053741455	71600	5867.791841745377	31954	55.37150837988827	
-1820090.8619246385	68.02	10.596491228070175	350.94736842105266	210.91228070175438	-119.98302798195135	716	36441	142	13.0	543.0	337.0	1	9.0	156.0	96.0	0	0	13.018975973129272	71700	5880.810817718506	32006	55.36122733612273	
-1810141.6803383783	66.8	10.633333333333333	330.4	199.46666666666667	-119.98302798195135	717	36481	125	13.0	511.0	319.0	1	9.0	204.0	129.0	0	0	13.460546970367432	71800	5894.271364688873	32060	55.34818941504178	
-1230104.4364495585	69.05	10.81132075471698	335.50943396226415	202.47169811320754	-119.98302798195135	718	36528	134	19.0	528.0	329.0	1	10.0	193.0	121.0	0	0	11.87638783454895	71900	5906.147752523422	32108	55.34353268428372	
-1280104.2703039958	71.34	10.704918032786885	349.39344262295083	209.85245901639345	-119.98302798195135	719	36567	113	15.0	416.0	256.0	5	10.0	223.0	141.0	0	0	15.070646047592163	72000	5921.218398571014	32164	55.327777777777776	
-1420105.6343006424	68.57	10.789473684210526	354.6842105263158	212.9298245614035	-119.98302798195135	720	36610	106	17.0	463.0	289.0	9	9.0	232.0	143.0	0	0	12.96957778930664	72100	5934.187976360321	32214	55.320388349514566	
-2030097.8958781534	69.07	10.65	335.8333333333333	201.66666666666666	-119.98302798195135	721	36650	97	16.0	415.0	256.0	15	9.0	163.0	100.0	0	0	13.305558443069458	72200	5947.4935348033905	32268	55.307479224376735	
-2040126.4591233325	68.76	10.842857142857143	345.35714285714283	207.57142857142858	-119.98302798195135	722	36680	127	18.0	532.0	331.0	16	9.0	203.0	127.0	0	0	15.60714602470398	72300	5963.1006808280945	32328	55.28630705394191	
-2220119.454519766	71.4	10.610169491525424	327.9491525423729	197.28813559322035	-119.98302798195135	723	36721	115	14.0	437.0	265.0	10	10.0	212.0	135.0	0	0	12.51037311553955	72400	5975.611053943634	32381	55.27486187845304	
-3100080.9395282255	72.33	11.015873015873016	320.8412698412698	194.6984126984127	-119.98302798195135	724	36758	133	20.0	710.0	439.0	10	9.0	156.0	96.0	0	0	12.338222742080688	72500	5987.949276685715	32436	55.26068965517241	
-2050094.4824496487	73.28	11.244897959183673	326.3061224489796	198.12244897959184	-119.98302798195135	725	36809	173	20.0	667.0	420.0	12	8.0	133.0	83.0	0	0	10.046942472457886	72600	5997.996219158173	32481	55.260330578512395	
-1420139.641979243	71.71	10.641509433962264	332.9056603773585	200.1509433962264	-119.98302798195135	726	36856	137	14.0	502.0	314.0	6	9.0	180.0	110.0	0	0	12.677443265914917	72700	6010.6736624240875	32530	55.2544704264099	
-2710128.953819711	75.74	10.75	316.45	191.76666666666668	-119.98302798195135	727	36896	147	14.0	541.0	341.0	21	10.0	205.0	129.0	0	0	13.179823160171509	72800	6023.853485584259	32585	55.24038461538461	
-1740131.3098731332	73.74	11.06	312.26	189.7	-119.98302798195135	728	36946	141	15.0	464.0	286.0	2	10.0	216.0	134.0	0	0	9.697015285491943	72900	6033.550500869751	32630	55.2400548696845	
-2240103.6941507487	76.8	10.909090909090908	312.77272727272725	190.0681818181818	-119.98302798195135	729	37002	140	14.0	516.0	301.0	15	10.0	203.0	129.0	0	0	8.565126180648804	73000	6042.1156270504	32669	55.24794520547945	
-2120145.7214954603	69.51	10.946428571428571	324.2142857142857	196.08928571428572	-119.98302798195135	730	37046	143	20.0	590.0	373.0	18	9.0	215.0	132.0	0	0	11.960299968719482	73100	6054.075927019119	32718	55.2421340629275	
-2280199.392036708	70.73	10.806451612903226	343.2903225806452	206.70967741935485	-119.98302798195135	731	37084	137	17.0	486.0	307.0	6	10.0	222.0	138.0	0	0	13.773443698883057	73200	6067.849370718002	32774	55.22677595628415	
-1540090.4183829396	68.5	10.795454545454545	357.02272727272725	214.45454545454547	-119.98302798195135	732	37140	145	14.0	603.0	363.0	10	10.0	196.0	125.0	0	0	9.522960662841797	73300	6077.372331380844	32813	55.234652114597544	
-1530127.5762246908	65.91	10.741935483870968	362.16129032258067	216.69354838709677	-119.98302798195135	733	37178	134	16.0	530.0	319.0	9	10.0	235.0	143.0	0	0	15.274637222290039	73400	6092.646968603134	32869	55.21934604904632	
-1720109.1003411568	69.5	10.867924528301886	332.39622641509436	200.43396226415095	-119.98302798195135	734	37225	138	18.0	508.0	321.0	3	10.0	186.0	117.0	0	0	10.906569480895996	73500	6103.55353808403	32917	55.21496598639456	
-1760104.555111442	70.94	10.672727272727272	325.4	195.63636363636363	-119.98302798195135	735	37270	133	16.0	447.0	276.0	2	10.0	193.0	121.0	0	0	12.766082286834717	73600	6116.319620370865	32967	55.20788043478261	
-1970099.8520900372	66.58	10.563636363636364	333.92727272727274	200.6	-119.98302798195135	736	37315	104	13.0	434.0	262.0	10	10.0	193.0	121.0	0	0	13.093918085098267	73700	6129.413538455963	33016	55.20217096336499	
-2110105.531945755	72.4	11.037037037037036	317.48148148148147	192.66666666666666	-119.98302798195135	737	37361	130	17.0	589.0	366.0	18	10.0	193.0	121.0	0	0	9.976571321487427	73800	6139.390109777451	33063	55.19918699186992	
-2270111.296277329	74.67	10.981132075471699	314.07547169811323	190.49056603773585	-119.98288684289037	738	37408	132	19.0	611.0	384.0	36	10.0	212.0	134.0	0	0	11.797197103500366	73900	6151.187306880951	33112	55.1935047361299	
-1620103.8542672766	70.09	11.036363636363637	347.05454545454546	209.43636363636364	-119.98288684289037	739	37453	122	19.0	686.0	424.0	9	9.0	188.0	116.0	0	0	11.888354539871216	74000	6163.075661420822	33163	55.185135135135134	
-1830099.559953448	69.46	10.69811320754717	334.6792452830189	201.20754716981133	-119.98288684289037	740	37500	92	15.0	445.0	281.0	35	10.0	222.0	138.0	0	0	11.502740621566772	74100	6174.578402042389	33209	55.18353576248313	
-2200113.1971930577	72.29	10.9	315.75	190.88333333333333	-119.98288684289037	741	37540	118	18.0	473.0	295.0	30	9.0	194.0	121.0	0	0	13.730823755264282	74200	6188.309225797653	33264	55.16981132075472	
-1980076.785692756	72.56	11.03921568627451	309.96078431372547	188.66666666666666	-119.98288684289037	742	37589	139	15.0	435.0	272.0	4	10.0	205.0	129.0	0	0	9.578898429870605	74300	6197.888124227524	33311	55.16689098250336	
-1860092.735751824	72.02	10.73076923076923	313.61538461538464	190.17307692307693	-119.98288684289037	743	37637	126	15.0	486.0	304.0	31	10.0	205.0	126.0	0	0	10.195628881454468	74400	6208.083753108978	33358	55.163978494623656	
-2130115.9602001742	73.88	10.704918032786885	315.0	190.40983606557376	-119.98288684289037	744	37676	154	16.0	424.0	264.0	14	9.0	204.0	126.0	0	0	13.83957314491272	74500	6221.923326253891	33414	55.1489932885906	
-1740116.7424290308	70.45	10.868852459016393	338.04918032786884	204.5737704918033	-119.98288684289037	745	37715	129	15.0	512.0	322.0	8	10.0	204.0	129.0	0	0	13.139151811599731	74600	6235.062478065491	33470	55.134048257372655	
-2320118.839616739	72.12	10.934426229508198	328.73770491803276	198.55737704918033	-119.98288684289037	746	37754	127	16.0	505.0	311.0	16	10.0	203.0	127.0	0	0	12.838013410568237	74700	6247.900491476059	33525	55.12048192771085	
-1700136.0315242845	68.72	10.60344827586207	330.12068965517244	198.13793103448276	-119.98288684289037	747	37796	108	14.0	410.0	249.0	16	10.0	176.0	109.0	0	0	13.465626001358032	74800	6261.366117477417	33578	55.1096256684492	
-1700149.5621569497	71.25	10.681159420289855	330.71014492753625	198.91304347826087	-119.98288684289037	748	37827	122	16.0	396.0	244.0	34	10.0	193.0	121.0	0	0	15.77657151222229	74900	6277.142688989639	33641	55.08544726301736	
-2140140.2705838676	69.86	10.578125	324.640625	195.625	-119.98288684289037	749	37863	133	14.0	439.0	263.0	10	8.0	166.0	102.0	0	0	14.238495826721191	75000	6291.3811848163605	33700	55.06666666666667	
-1860113.7326723053	70.54	10.791044776119403	330.2835820895522	198.98507462686567	-119.98288684289037	750	37896	128	18.0	472.0	295.0	18	10.0	193.0	121.0	0	0	14.637831449508667	75100	6306.019016265869	33762	55.0439414114514	
-2550133.046781821	72.25	10.727272727272727	313.530303030303	189.74242424242425	-119.98288684289037	751	37930	89	15.0	396.0	243.0	54	10.0	188.0	117.0	0	0	15.152398347854614	75200	6321.171414613724	33823	55.02260638297872	
-2090088.983707499	71.99	10.660714285714286	331.10714285714283	200.23214285714286	-119.98288684289037	752	37974	150	14.0	509.0	316.0	15	9.0	154.0	97.0	0	0	10.78983736038208	75300	6331.961251974106	33873	55.01593625498008	
-1800091.9617359573	70.58	10.829787234042554	315.3829787234043	190.6595744680851	-119.98288684289037	753	38027	134	17.0	441.0	275.0	11	9.0	192.0	121.0	0	0	9.769655466079712	75400	6341.730907440186	33915	55.01989389920424	
-1540124.582775036	68.49	10.76595744680851	324.0425531914894	195.12765957446808	-119.98288684289037	754	38080	112	18.0	474.0	295.0	6	9.0	161.0	101.0	0	0	11.526853084564209	75500	6353.25776052475	33958	55.02251655629139	
-2480111.9612440197	74.58	10.929824561403509	299.5438596491228	182.7719298245614	-119.98288684289037	755	38123	122	14.0	402.0	249.0	21	10.0	155.0	97.0	0	0	11.224247455596924	75600	6364.482007980347	34010	55.01322751322751	
-1930093.761482147	77.6	11.313725490196079	305.0	187.13725490196077	-119.98288684289037	756	38172	143	16.0	503.0	303.0	10	10.0	182.0	115.0	0	0	8.701634645462036	75700	6373.183642625809	34057	55.010568031704096	
-2360114.6949173682	79.39	11.363636363636363	295.03636363636366	181.21818181818182	-119.98288684289037	757	38217	154	19.0	531.0	328.0	14	9.0	177.0	111.0	0	0	9.191176652908325	75800	6382.374819278717	34107	55.00395778364116	
-2550119.6345912176	82.93	11.5	302.85714285714283	186.5	-119.98288684289037	758	38261	154	18.0	668.0	416.0	30	9.0	183.0	115.0	0	0	9.039971590042114	75900	6391.414790868759	34159	54.99472990777339	
-2670108.01369878	80.61	11.298245614035087	288.3157894736842	177.10526315789474	-119.98288684289037	759	38304	149	14.0	442.0	275.0	28	10.0	193.0	121.0	0	0	10.169715642929077	76000	6401.584506511688	34212	54.98421052631579	
-2690140.211543562	78.4	11.49090909090909	321.0	197.05454545454546	-119.98288684289037	760	38349	173	17.0	574.0	363.0	20	9.0	215.0	134.0	0	0	9.277776002883911	76100	6410.862282514572	34263	54.976346911957954	
-1870148.1019550383	75.95	11.275862068965518	308.9655172413793	189.39655172413794	-119.98288684289037	761	38391	163	15.0	506.0	316.0	7	10.0	199.0	125.0	0	0	10.098883628845215	76200	6420.961166143417	34315	54.96719160104987	
-2350158.141724949	76.4	11.186440677966102	310.8305084745763	190.05084745762713	-119.98288684289037	762	38432	129	18.0	673.0	427.0	14	10.0	212.0	134.0	0	0	10.790151357650757	76300	6431.751317501068	34369	54.95543905635649	
-2780113.8964855913	79.68	11.35	306.15	187.65	-119.80092634205775	763	38472	124	19.0	631.0	399.0	13	10.0	193.0	121.0	0	0	11.003039360046387	76400	6442.7543568611145	34425	54.94109947643979	
-2970095.3389627202	76.62	11.20754716981132	287.188679245283	177.0	-119.80092634205775	764	38519	131	20.0	494.0	310.0	11	10.0	186.0	117.0	0	0	10.889876127243042	76500	6453.6442329883575	34474	54.9359477124183	
-1920099.642639852	77.88	11.333333333333334	303.625	186.66666666666666	-119.80092634205775	765	38571	150	16.0	492.0	307.0	7	9.0	175.0	109.0	0	0	7.173563003540039	76600	6460.817795991898	34518	54.93733681462141	
-2040056.4715973842	74.22	11.13953488372093	285.83720930232556	176.25581395348837	-119.80092634205775	766	38628	128	15.0	413.0	250.0	16	8.0	164.0	103.0	0	0	6.06975793838501	76700	6466.887553930283	34556	54.946544980443285	
-1970059.2955657213	70.2	11.0	261.6585365853659	162.5609756097561	-119.80092634205775	767	38687	125	15.0	483.0	295.0	18	8.0	164.0	103.0	0	0	5.850979328155518	76800	6472.738533258438	34593	54.95703125	
-2670136.0641742935	75.9	11.0	280.37142857142857	173.62857142857143	-119.80092634205775	768	38717	112	15.0	578.0	362.0	30	8.0	164.0	103.0	0	0	10.617024421691895	76900	6483.35555768013	34658	54.931079323797135	
-2520160.3321066266	77.71	10.847457627118644	260.3898305084746	161.10169491525423	-119.80092634205775	769	38758	130	15.0	475.0	301.0	26	8.0	164.0	103.0	0	0	8.628172636032104	77000	6491.983730316162	34712	54.919480519480516	
-3190096.461847277	75.23	11.037735849056604	261.66037735849056	162.64150943396226	-119.80092634205775	770	38805	128	16.0	598.0	376.0	3	8.0	163.0	103.0	0	0	8.299288749694824	77100	6500.283019065857	34760	54.91569390402075	
-2940065.014567809	76.48	11.44	278.8	174.08	-119.80092634205775	771	38855	149	17.0	620.0	392.0	19	8.0	163.0	103.0	0	0	7.366916656494141	77200	6507.649935722351	34806	54.91450777202073	
-1970055.2221106645	73.66	11.789473684210526	302.8421052631579	188.81578947368422	-119.80092634205775	772	38917	164	17.0	555.0	343.0	1	8.0	158.0	99.0	0	0	4.731581211090088	77300	6512.381516933441	34840	54.92884864165589	
-2170048.3576254337	71.68	11.216216216216216	253.27027027027026	157.43243243243242	-119.80092634205775	773	38980	164	14.0	535.0	325.0	1	9.0	162.0	103.0	0	0	5.516690969467163	77400	6517.898207902908	34873	54.94444444444444	
-2810080.585356825	74.49	12.136363636363637	287.1818181818182	178.72727272727272	-119.80092634205775	774	39036	124	18.0	584.0	367.0	1	10.0	193.0	121.0	0	0	6.1392502784729	77500	6524.037458181381	34913	54.950967741935486	
-2890045.087737235	79.77	11.925	306.225	191.125	-119.80092634205775	775	39096	140	19.0	803.0	509.0	1	9.0	164.0	103.0	0	0	5.350764036178589	77600	6529.38822221756	34949	54.96262886597938	
-2400042.399972045	73.57	11.785714285714286	285.8809523809524	177.9047619047619	-119.80092634205775	776	39154	134	16.0	485.0	307.0	21	9.0	174.0	109.0	0	0	5.271018028259277	77700	6534.659240245819	34987	54.97168597168597	
-2110073.238816046	76.28	11.90625	304.3125	189.15625	-119.80092634205775	777	39222	123	17.0	604.0	381.0	7	10.0	192.0	121.0	0	0	4.979393720626831	77800	6539.638633966446	35015	54.99357326478149	
-2610085.4729870474	74.28	11.782608695652174	288.9130434782609	179.97826086956522	-119.80092634205775	778	39276	139	17.0	516.0	327.0	7	10.0	194.0	121.0	0	0	7.92989706993103	77900	6547.568531036377	35057	54.997432605905004	
-2250056.3306872686	78.84	11.658536585365853	298.8048780487805	186.0731707317073	-119.80092634205775	779	39335	134	17.0	771.0	483.0	36	8.0	148.0	93.0	0	0	4.994086980819702	78000	6552.562618017197	35094	55.00769230769231	
-2370055.0863038357	77.0	11.820512820512821	297.1025641025641	184.76923076923077	-119.80092634205775	780	39396	137	17.0	522.0	321.0	29	8.0	143.0	89.0	0	0	5.690475940704346	78100	6558.253093957901	35129	55.02048655569782	
-2050044.0397122586	80.26	11.34375	262.15625	163.09375	-119.80092634205775	781	39464	137	15.0	411.0	259.0	24	10.0	172.0	107.0	0	0	4.274968862533569	78200	6562.528062820435	35157	55.04219948849105	
-2400067.8188847564	78.71	12.057142857142857	292.9142857142857	182.25714285714287	-119.80092634205775	782	39529	124	20.0	726.0	452.0	15	10.0	199.0	125.0	0	0	4.977406740188599	78300	6567.505469560623	35188	55.06002554278416	
-2220066.023739759	75.81	11.71875	290.5625	180.46875	-119.80092634205775	783	39597	130	15.0	496.0	309.0	15	10.0	194.0	121.0	0	0	5.228947162628174	78400	6572.734416723251	35216	55.08163265306123	
-2420119.8075876003	80.62	12.205882352941176	302.44117647058823	188.41176470588235	-119.80092634205775	784	39663	137	16.0	585.0	366.0	24	10.0	182.0	115.0	0	0	4.3204505443573	78500	6577.054867267609	35245	55.10191082802548	
-2570096.4794668774	80.1	12.0	298.22857142857146	184.62857142857143	-119.80092634205775	785	39728	153	17.0	473.0	289.0	15	10.0	175.0	109.0	0	0	6.588198900222778	78600	6583.643066167831	35276	55.11959287531807	
-3080052.7702947054	80.77	11.538461538461538	292.56410256410254	182.35897435897436	-119.80092634205775	786	39789	153	15.0	585.0	366.0	15	9.0	193.0	121.0	0	0	5.163674592971802	78700	6588.806740760803	35311	55.132147395171536	
-2310033.075892356	83.84	12.261904761904763	321.1190476190476	199.85714285714286	-119.80092634205775	787	39847	191	19.0	585.0	366.0	15	10.0	206.0	128.0	0	0	4.586197376251221	78800	6593.392938137054	35349	55.140862944162436	
-2460029.6909958874	84.56	11.444444444444445	296.97222222222223	184.47222222222223	-119.80092634205775	788	39911	177	18.0	532.0	337.0	21	9.0	190.0	121.0	0	0	3.9748728275299072	78900	6597.367810964584	35381	55.157160963244614	
-2620061.866222171	82.31	11.314285714285715	270.8	167.82857142857142	-119.80092634205775	789	39976	152	17.0	573.0	361.0	11	8.0	133.0	83.0	0	0	4.905911684036255	79000	6602.273722648621	35412	55.1746835443038	
-1670020.0165883342	82.86	11.535714285714286	292.0357142857143	181.03571428571428	-119.80092634205775	790	40048	148	16.0	619.0	384.0	11	9.0	172.0	107.0	0	0	3.165471315383911	79100	6605.4391939640045	35436	55.201011378002526	
-2150058.541862125	81.6	11.710526315789474	274.7105263157895	171.1578947368421	-119.80092634205775	791	40110	141	16.0	447.0	276.0	14	9.0	173.0	109.0	0	0	5.0257627964019775	79200	6610.4649567604065	35470	55.214646464646464	
-3000039.246802783	75.87	11.24	258.8	160.88	-119.80092634205775	792	40160	136	16.0	399.0	244.0	20	9.0	136.0	85.0	0	0	7.193314790725708	79300	6617.658271551132	35516	55.213114754098356	
-2430065.673897809	79.82	11.581395348837209	264.0232558139535	164.41860465116278	-119.80092634205775	793	40217	151	17.0	481.0	299.0	15	10.0	191.0	119.0	0	0	5.779029607772827	79400	6623.437301158905	35555	55.22040302267002	
-2700110.960009234	84.56	11.489795918367347	269.14285714285717	167.91836734693877	-119.80092634205775	794	40268	145	16.0	518.0	326.0	17	10.0	173.0	109.0	0	0	6.773993253707886	79500	6630.211294412613	35600	55.22012578616352	
-2140121.107265216	82.54	11.733333333333333	273.2	169.82222222222222	-119.80092634205775	795	40323	132	18.0	586.0	371.0	28	10.0	174.0	109.0	0	0	5.72924280166626	79600	6635.940537214279	35639	55.22738693467337	
-2320062.353096866	83.27	11.928571428571429	299.3095238095238	185.88095238095238	-119.80092634205775	796	40381	161	19.0	708.0	449.0	7	9.0	165.0	103.0	0	0	5.771394968032837	79700	6641.711932182312	35677	55.235884567126725	
-2630060.639872743	84.01	11.866666666666667	291.9111111111111	181.9777777777778	-119.80092634205775	797	40436	113	16.0	601.0	376.0	40	10.0	191.0	121.0	0	0	7.494471788406372	79800	6649.206403970718	35718	55.2406015037594	
-2220061.7762262956	83.16	11.866666666666667	288.8888888888889	180.77777777777777	-119.80092634205775	798	40491	162	16.0	496.0	315.0	6	10.0	193.0	121.0	0	0	5.3880085945129395	79900	6654.594412565231	35758	55.246558197747184	
-2530042.577006212	83.56	11.88888888888889	301.6	187.9111111111111	-119.80092634205775	799	40546	160	17.0	851.0	536.0	7	10.0	175.0	109.0	0	0	6.196371555328369	80000	6660.79078412056	35799	55.25125	
-2840053.5719834794	81.71	12.046511627906977	298.6046511627907	185.65116279069767	-119.80092634205775	800	40603	137	18.0	574.0	363.0	21	10.0	191.0	121.0	0	0	6.140903949737549	80100	6666.931688070297	35838	55.258426966292134	
-2500025.8989650114	82.12	11.904761904761905	319.8809523809524	198.9047619047619	-119.80092634205775	801	40661	149	14.0	605.0	367.0	19	9.0	181.0	113.0	0	0	4.921743631362915	80200	6671.85343170166	35876	55.26683291770574	
-2680023.212724475	85.84	12.225	322.775	200.875	-119.80092634205775	802	40721	143	18.0	685.0	419.0	21	9.0	143.0	89.0	0	0	4.988893985748291	80300	6676.842325687408	35912	55.27770859277709	
-2130055.765944338	86.73	12.17142857142857	309.6	192.37142857142857	-119.80092634205775	803	40786	143	18.0	723.0	453.0	30	10.0	192.0	119.0	0	0	5.1398584842681885	80400	6681.982184171677	35942	55.29601990049751	
-1640050.4081720286	86.76	11.833333333333334	302.52777777777777	188.16666666666666	-119.80092634205775	804	40850	143	17.0	620.0	387.0	31	10.0	178.0	111.0	0	0	3.8850321769714355	80500	6685.867216348648	35974	55.31180124223602	
-2050031.9147451161	87.33	11.904761904761905	320.0	198.95238095238096	-119.80092634205775	805	40908	143	16.0	836.0	522.0	17	10.0	182.0	115.0	0	0	4.878221750259399	80600	6690.7454380989075	36012	55.32009925558313	
-2550080.401797211	85.66	11.347826086956522	263.7173913043478	164.19565217391303	-119.80092634205775	806	40962	168	17.0	786.0	493.0	11	10.0	199.0	125.0	0	0	6.714233160018921	80700	6697.459671258926	36054	55.32342007434944	
-3130091.810256426	88.77	11.872727272727273	301.9818181818182	188.05454545454546	-119.80092634205775	807	41007	177	18.0	704.0	442.0	11	10.0	181.0	115.0	0	0	8.06896185874939	80800	6705.528633117676	36105	55.315594059405946	
-1730059.447392093	79.73	11.875	311.78125	193.90625	-119.80092634205775	808	41075	200	19.0	731.0	454.0	11	10.0	215.0	134.0	0	0	4.6766533851623535	80900	6710.205286502838	36133	55.336217552533995	
-2780055.845392991	81.77	11.659090909090908	274.54545454545456	171.11363636363637	-119.80086792082999	809	41131	200	18.0	730.0	454.0	7	10.0	158.0	99.0	0	0	6.89720344543457	81000	6717.102489948273	36173	55.34197530864198	
-2380076.316130841	76.29	11.681818181818182	290.45454545454544	180.77272727272728	-119.80086792082999	810	41187	137	17.0	643.0	392.0	7	10.0	178.0	113.0	0	0	5.985151052474976	81100	6723.087641000748	36213	55.347718865598026	
-2220070.9548186483	84.38	11.75	300.40909090909093	187.1590909090909	-119.80086792082999	811	41243	137	16.0	643.0	405.0	32	10.0	193.0	121.0	0	0	6.537480354309082	81200	6729.625121355057	36253	55.35344827586207	
-2490042.6259298823	82.19	11.866666666666667	294.97777777777776	183.4	-119.80086792082999	812	41298	133	17.0	530.0	331.0	34	10.0	189.0	119.0	0	0	5.132175922393799	81300	6734.757297277451	36293	55.35916359163592	
-2670096.301603271	86.22	12.132075471698114	308.24528301886795	191.52830188679246	-119.80086792082999	813	41345	158	18.0	860.0	542.0	15	10.0	193.0	121.0	0	0	7.409252882003784	81400	6742.166550159454	36342	55.353808353808354	
-2740094.4598317323	88.25	12.145833333333334	299.9583333333333	186.70833333333334	-119.8008617019343	814	41397	143	21.0	594.0	375.0	35	10.0	192.0	121.0	0	0	7.225226640701294	81500	6749.391776800156	36386	55.354601226993864	
-2790050.9917886877	88.67	12.088888888888889	310.06666666666666	192.86666666666667	-119.8008617019343	815	41452	143	17.0	756.0	471.0	11	9.0	171.0	107.0	0	0	5.586302995681763	81600	6754.978079795837	36427	55.35906862745098	
-2680066.8013477176	89.77	12.125	327.8958333333333	203.85416666666666	-119.8008617019343	816	41504	164	18.0	796.0	492.0	10	9.0	152.0	97.0	0	0	5.919849395751953	81700	6760.897929191589	36471	55.35985312117503	
-2240040.727313659	90.59	11.846153846153847	307.64102564102564	192.07692307692307	-119.8008617019343	817	41565	143	17.0	637.0	393.0	10	9.0	193.0	121.0	0	0	4.498690128326416	81800	6765.396619319916	36506	55.37163814180929	
-2190035.477629401	92.17	11.789473684210526	304.2105263157895	188.81578947368422	-119.8008617019343	818	41627	204	19.0	489.0	306.0	10	9.0	197.0	123.0	0	0	4.178000211715698	81900	6769.5746195316315	36539	55.385836385836384	
-2810036.6244419743	85.59	11.87037037037037	293.037037037037	182.24074074074073	-119.8008617019343	819	41673	149	18.0	670.0	415.0	19	9.0	182.0	115.0	0	0	6.008471250534058	82000	6775.5830907821655	36589	55.37926829268292	
-2040024.6870092922	83.45	11.972222222222221	313.80555555555554	195.19444444444446	-119.8008617019343	820	41737	172	24.0	785.0	487.0	5	9.0	169.0	105.0	0	0	4.04186487197876	82100	6779.624955654144	36621	55.39464068209501	
-2240049.1693464895	81.33	11.775	284.775	177.35	-119.8008617019343	821	41797	158	17.0	599.0	373.0	2	9.0	221.0	139.0	0	0	5.542330503463745	82200	6785.167286157608	36656	55.406326034063255	
-2180051.655966075	83.07	11.571428571428571	270.8	168.4	-119.8008617019343	822	41862	175	17.0	515.0	321.0	5	10.0	175.0	109.0	0	0	4.205709457397461	82300	6789.3729956150055	36687	55.4228432563791	
-2540054.194467647	82.58	12.102564102564102	289.56410256410254	180.4102564102564	-119.8008617019343	823	41923	183	19.0	613.0	387.0	5	9.0	175.0	111.0	0	0	5.388268947601318	82400	6794.761264562607	36722	55.43446601941748	
-2460061.9979329603	83.86	11.81081081081081	297.18918918918916	185.21621621621622	-119.8008617019343	824	41986	157	20.0	885.0	559.0	8	9.0	193.0	120.0	0	0	5.315251111984253	82500	6800.076515674591	36755	55.448484848484846	
-1920073.8012226468	95.16	12.384615384615385	346.3333333333333	216.23076923076923	-119.8008617019343	825	42047	249	19.0	980.0	613.0	20	10.0	192.0	121.0	0	0	4.124983787536621	82600	6804.201499462128	36790	55.460048426150124	
-2530044.0770710697	96.21	11.702127659574469	293.78723404255317	182.74468085106383	-119.8008617019343	826	42100	219	16.0	698.0	431.0	39	9.0	193.0	121.0	0	0	7.6992082595825195	82700	6811.90070772171	36833	55.46191051995164	
-2230049.0852896348	86.21	12.11111111111111	308.97777777777776	192.42222222222222	-119.8008617019343	827	42155	173	19.0	708.0	435.0	22	10.0	201.0	125.0	0	0	5.712533473968506	82800	6817.613241195679	36874	55.46618357487923	
-2420054.8866255893	90.24	12.020833333333334	304.6666666666667	189.47916666666666	-119.8008617019343	828	42207	173	18.0	704.0	442.0	22	11.0	181.0	115.0	0	0	6.172298431396484	82900	6823.785539627075	36918	55.46682750301568	
-2680054.7506308677	88.4	12.14	314.26	195.3	-119.8008617019343	829	42257	173	24.0	703.0	442.0	22	10.0	162.0	101.0	0	0	6.577067613601685	83000	6830.362607240677	36964	55.46506024096385	
-2060085.8541024835	81.44	12.209302325581396	311.09302325581393	193.65116279069767	-119.8008617019343	830	42314	173	19.0	966.0	610.0	4	9.0	199.0	125.0	0	0	5.768526077270508	83100	6836.131133317947	37003	55.47172081829122	
-3180048.3548120055	79.11	11.522727272727273	281.75	175.45454545454547	-119.8008617019343	831	42370	165	21.0	908.0	577.0	14	10.0	185.0	117.0	0	0	6.89660382270813	83200	6843.0277371406555	37042	55.47836538461539	
-2050057.1568056284	80.37	12.538461538461538	329.28205128205127	205.89743589743588	-119.8008617019343	832	42431	165	18.0	798.0	491.0	14	10.0	192.0	121.0	0	0	4.784061908721924	83300	6847.811799049377	37077	55.48979591836735	
-1870045.3563588269	79.57	11.352941176470589	280.2352941176471	174.11764705882354	-119.8008617019343	833	42497	164	15.0	488.0	307.0	5	9.0	194.0	120.0	0	0	3.9540388584136963	83400	6851.765837907791	37107	55.50719424460432	
-2640033.1688576625	80.44	11.025	269.5	167.675	-119.8008617019343	834	42557	164	14.0	530.0	332.0	5	7.0	136.0	85.0	0	0	5.806276321411133	83500	6857.572114229202	37143	55.51736526946108	
-2760074.4187024683	80.78	11.53191489361702	279.3404255319149	173.5744680851064	-119.8008617019343	835	42610	141	16.0	533.0	337.0	17	9.0	166.0	103.0	0	0	6.47449803352356	83600	6864.046612262726	37186	55.51913875598086	
-2900045.0270629395	78.39	11.717948717948717	278.79487179487177	173.56410256410257	-119.8008617019343	836	42671	143	18.0	470.0	299.0	11	9.0	178.0	111.0	0	0	5.564806699752808	83700	6869.611418962479	37221	55.53046594982079	
-1960051.1248832599	76.37	12.0	281.9032258064516	175.03225806451613	-119.8008617019343	837	42740	136	17.0	567.0	350.0	20	10.0	201.0	125.0	0	0	4.533071041107178	83800	6874.144490003586	37248	55.55131264916468	
-1710066.53659066	78.92	12.275862068965518	297.3448275862069	184.75862068965517	-119.8008617019343	838	42811	138	17.0	659.0	412.0	9	10.0	193.0	121.0	0	0	3.4946072101593018	83900	6877.639097213745	37273	55.57449344457688	
-1590050.7022006696	79.87	11.2	270.93333333333334	167.83333333333334	-119.8008617019343	839	42881	143	15.0	408.0	249.0	9	10.0	193.0	121.0	0	0	2.973788022994995	84000	6880.61288523674	37298	55.59761904761905	
-2070048.044723332	84.33	12.073170731707316	327.9756097560976	203.58536585365854	-119.8008617019343	840	42940	174	17.0	749.0	473.0	6	10.0	193.0	121.0	0	0	4.299679279327393	84100	6884.9125645160675	37335	55.6064209274673	
-2370039.715858462	77.99	11.685714285714285	290.57142857142856	181.11428571428573	-119.8008617019343	841	43005	170	16.0	670.0	420.0	5	10.0	193.0	121.0	0	0	4.3499016761779785	84200	6889.2624661922455	37366	55.62232779097388	
-1850032.3909999817	80.41	12.11111111111111	304.962962962963	189.62962962962962	-119.8008617019343	842	43078	155	17.0	535.0	339.0	5	9.0	173.0	107.0	0	0	2.6881418228149414	84300	6891.95060801506	37389	55.64768683274021	
-2470062.1671681744	75.23	12.0	301.0769230769231	187.12820512820514	-119.8008617019343	843	43139	144	16.0	566.0	354.0	5	10.0	198.0	125.0	0	0	5.617282390594482	84400	6897.567890405655	37424	55.658767772511844	
-2470040.948728069	83.17	12.0	297.6585365853659	185.1951219512195	-119.8008617019343	844	43198	149	18.0	635.0	394.0	19	10.0	198.0	125.0	0	0	4.979748964309692	84500	6902.547639369965	37461	55.66745562130178	
-2360048.2797979116	83.69	11.775	298.075	185.675	-119.8008617019343	845	43258	149	16.0	519.0	327.0	19	10.0	178.0	111.0	0	0	6.103252410888672	84600	6908.650891780853	37497	55.67730496453901	
-2420063.619896656	82.74	12.025641025641026	299.46153846153845	186.02564102564102	-119.8008617019343	846	43319	149	18.0	577.0	351.0	21	9.0	181.0	115.0	0	0	4.80298376083374	84700	6913.453875541687	37532	55.688311688311686	
-2360023.532149556	82.97	11.842105263157896	322.4736842105263	200.57894736842104	-119.8008617019343	847	43381	149	16.0	603.0	379.0	21	9.0	202.0	125.0	0	0	4.449328899383545	84800	6917.903204441071	37566	55.700471698113205	
-2410048.8153462755	80.69	12.108108108108109	305.0810810810811	189.6216216216216	-119.8008617019343	848	43444	178	16.0	645.0	401.0	8	10.0	170.0	107.0	0	0	5.511581897735596	84900	6923.414786338806	37599	55.71378091872792	
-1720040.9567034491	75.1	11.65	292.3	182.0	-119.8008617019343	849	43524	142	18.0	683.0	433.0	8	10.0	193.0	121.0	0	0	2.2230441570281982	85000	6925.637830495834	37614	55.74823529411765	
-2280049.516504514	80.43	11.612903225806452	292.258064516129	181.32258064516128	-119.8008617019343	850	43593	164	17.0	872.0	538.0	8	9.0	193.0	121.0	0	0	4.28305459022522	85100	6929.92088508606	37641	55.768507638072855	
-1830055.1346823992	83.71	11.714285714285714	290.45714285714286	180.71428571428572	-119.8008617019343	851	43658	144	16.0	520.0	326.0	17	9.0	193.0	121.0	0	0	4.021600246429443	85200	6933.942485332489	37672	55.78403755868545	
-2680074.5615557246	81.66	11.476190476190476	274.7142857142857	171.16666666666666	-119.8008617019343	852	43716	153	23.0	912.0	577.0	17	10.0	182.0	115.0	0	0	6.282752990722656	85300	6940.225238323212	37710	55.79132473622509	
-2090062.554262565	80.39	11.555555555555555	292.9166666666667	182.08333333333334	-119.8008617019343	853	43780	153	17.0	655.0	415.0	26	8.0	138.0	87.0	0	0	3.90602970123291	85400	6944.131268024445	37742	55.8056206088993	
-2600052.6842038445	80.42	11.146341463414634	282.9512195121951	174.97560975609755	-119.8008617019343	854	43839	165	16.0	610.0	372.0	3	8.0	179.0	110.0	0	0	5.911880731582642	85500	6950.043148756027	37779	55.8140350877193	
-2270082.752362669	83.83	11.685714285714285	316.48571428571427	196.28571428571428	-119.8008617019343	855	43904	158	18.0	839.0	526.0	10	9.0	182.0	115.0	0	0	4.854835271835327	85600	6954.897984027863	37810	55.82943925233645	
-2680047.271229118	85.42	11.5	291.86842105263156	181.71052631578948	-119.8008617019343	856	43966	158	15.0	482.0	303.0	10	10.0	180.0	113.0	0	0	4.747609853744507	85700	6959.645593881607	37844	55.841306884480744	
-1920026.6099558864	83.86	12.419354838709678	330.19354838709677	205.83870967741936	-119.8008617019343	857	44035	158	16.0	682.0	431.0	14	10.0	215.0	134.0	0	0	3.563117504119873	85800	6963.208711385727	37871	55.86130536130536	
-2060027.734941839	83.43	11.689655172413794	303.6896551724138	189.0344827586207	-119.8008617019343	858	44106	155	16.0	732.0	455.0	14	10.0	201.0	125.0	0	0	4.099649906158447	85900	6967.308361291885	37896	55.88358556461001	
-2720026.2536035273	84.45	11.384615384615385	273.28205128205127	169.7948717948718	-119.8008617019343	859	44167	171	17.0	591.0	362.0	17	9.0	177.0	111.0	0	0	5.627681732177734	86000	6972.936043024063	37931	55.89418604651163	
-2240030.05889158	88.8	11.575757575757576	273.45454545454544	170.3939393939394	-119.8008617019343	860	44234	171	16.0	488.0	299.0	15	8.0	137.0	85.0	0	0	4.468001842498779	86100	6977.404044866562	37960	55.911730545876885	
-2450056.09483469	83.91	11.736842105263158	282.2368421052632	175.94736842105263	-119.8008617019343	861	44296	147	18.0	541.0	337.0	15	8.0	153.0	95.0	0	0	5.011739730834961	86200	6982.415784597397	37993	55.9245939675174	
-2560050.901045254	80.86	11.644444444444444	278.73333333333335	173.35555555555555	-119.8008617019343	862	44351	135	16.0	518.0	322.0	21	9.0	175.0	109.0	0	0	5.503628969192505	86300	6987.919413566589	38032	55.93047508690614	
-2440051.8220051466	83.41	11.951219512195122	292.1219512195122	182.0487804878049	-119.8008617019343	863	44410	145	20.0	496.0	310.0	23	10.0	215.0	134.0	0	0	5.765023469924927	86400	6993.684437036514	38069	55.938657407407405	
-2300083.14283981	83.26	11.64	270.3	168.56	-119.8008617019343	864	44460	138	17.0	503.0	314.0	30	10.0	182.0	115.0	0	0	6.13383150100708	86500	6999.818268537521	38115	55.9364161849711	
-2660045.5901491237	84.18	11.720930232558139	289.13953488372096	180.0	-119.8008617019343	865	44517	153	16.0	508.0	319.0	13	10.0	193.0	121.0	0	0	6.754115343093872	86600	7006.572383880615	38154	55.942263279445726	
-2430038.5709995152	81.85	11.704545454545455	293.09090909090907	182.1590909090909	-119.8008617019343	866	44573	121	15.0	525.0	325.0	27	9.0	183.0	115.0	0	0	5.283125638961792	86700	7011.855509519577	38194	55.94694348327566	
-2590088.074466664	85.93	11.8	292.72	181.56	-119.8008617019343	867	44623	199	17.0	532.0	328.0	18	10.0	183.0	115.0	0	0	6.844586133956909	86800	7018.700095653534	38240	55.944700460829495	
-2530080.8281701207	82.88	11.450980392156863	269.4313725490196	167.54901960784315	-119.8008617019343	868	44672	165	16.0	562.0	357.0	23	9.0	175.0	109.0	0	0	6.8246214389801025	86900	7025.524717092514	38287	55.94131185270426	
-2010077.119376112	81.62	11.666666666666666	301.46153846153845	187.15384615384616	-119.8008617019343	869	44733	148	16.0	605.0	383.0	20	9.0	193.0	121.0	0	0	5.481144428253174	87000	7031.005861520767	38322	55.95172413793104	
-3020028.5909379735	81.74	12.0	302.40425531914894	188.59574468085106	-119.8008617019343	870	44786	132	17.0	479.0	299.0	9	10.0	158.0	99.0	0	0	6.443621397018433	87100	7037.449482917786	38365	55.952927669345584	
-2570049.595334518	78.01	11.736842105263158	303.07894736842104	188.92105263157896	-119.78402540770594	871	44848	148	20.0	1270.0	802.0	9	9.0	186.0	114.0	0	0	5.502798795700073	87200	7042.952281713486	38399	55.9644495412844	
-2540045.351070744	77.64	11.8	285.9	178.675	-119.78402540770594	872	44908	138	17.0	485.0	303.0	13	9.0	170.0	107.0	0	0	4.387648582458496	87300	7047.339930295944	38435	55.973654066437575	
-2240032.6254779277	80.87	11.78125	276.4375	172.28125	-119.78402540770594	873	44976	162	17.0	509.0	321.0	6	10.0	192.0	121.0	0	0	4.013365983963013	87400	7051.353296279907	38463	55.99199084668192	
-2020034.0319026904	78.43	11.96551724137931	298.3103448275862	186.13793103448276	-119.78402540770594	874	45047	162	24.0	757.0	481.0	6	9.0	169.0	105.0	0	0	3.4711029529571533	87500	7054.824399232864	38488	56.013714285714286	
-1590019.985154488	73.07	12.833333333333334	323.0	200.58333333333334	-119.78402540770594	875	45123	162	21.0	744.0	471.0	6	10.0	188.0	117.0	0	0	2.586932420730591	87600	7057.411331653595	38508	56.04109589041096	
-2160044.2731162165	76.55	12.277777777777779	325.44444444444446	202.55555555555554	-119.78402540770594	876	45187	162	18.0	739.0	459.0	5	9.0	201.0	124.0	0	0	3.7958383560180664	87700	7061.207170009613	38540	56.054732041049036	
-2190042.4792873003	73.5	12.279069767441861	322.6279069767442	200.58139534883722	-119.78402540770594	877	45244	162	18.0	701.0	442.0	6	10.0	180.0	113.0	0	0	4.953951835632324	87800	7066.161121845245	38578	56.06150341685649	
-3170061.018260426	75.4	11.755555555555556	282.06666666666666	175.8	-119.78402540770594	878	45299	135	17.0	567.0	354.0	20	10.0	192.0	121.0	0	0	6.821047306060791	87900	7072.982169151306	38619	56.06484641638225	
-2610049.736424417	69.43	11.125	259.2	161.4	-119.78402540770594	879	45359	105	15.0	590.0	355.0	13	9.0	162.0	101.0	0	0	4.804915428161621	88000	7077.787084579468	38655	56.07386363636363	
-2850047.480013573	73.82	11.804347826086957	271.6304347826087	169.7391304347826	-119.78402540770594	880	45413	143	16.0	492.0	307.0	13	10.0	192.0	121.0	0	0	6.123169898986816	88100	7083.910254478455	38697	56.07604994324631	
-2250062.0680763535	80.67	11.825	298.7	186.0	-119.78402540770594	881	45473	150	18.0	728.0	458.0	18	9.0	175.0	109.0	0	0	5.0176308155059814	88200	7088.927885293961	38733	56.085034013605444	
-2420040.5989344614	82.68	12.0625	318.0208333333333	198.20833333333334	-119.78402540770594	882	45525	152	18.0	589.0	373.0	18	9.0	184.0	115.0	0	0	5.766029357910156	88300	7094.693914651871	38777	56.08493771234428	
-2080046.0731565112	82.14	12.05	320.375	199.825	-119.78402540770594	883	45585	168	17.0	609.0	378.0	12	10.0	193.0	121.0	0	0	4.3538291454315186	88400	7099.047743797302	38813	56.09389140271494	
-2660067.986893848	85.11	11.658536585365853	282.9268292682927	175.78048780487805	-119.78402540770594	884	45644	168	19.0	494.0	304.0	26	8.0	185.0	114.0	0	0	6.799259424209595	88500	7105.847003221512	38850	56.101694915254235	
-2890083.224713383	86.33	11.851063829787234	276.8723404255319	173.04255319148936	-119.78402540770594	885	45697	168	16.0	498.0	313.0	24	9.0	186.0	117.0	0	0	6.136592388153076	88600	7111.983595609665	38893	56.10270880361174	
-2740076.4504758352	78.15	11.609756097560975	269.609756097561	167.90243902439025	-119.78402540770594	886	45756	144	15.0	426.0	269.0	21	9.0	195.0	123.0	0	0	5.1435160636901855	88700	7117.127111673355	38930	56.11048478015784	
-2700067.120221712	80.21	12.073170731707316	300.2926829268293	186.82926829268294	-119.78402540770594	887	45815	144	16.0	581.0	355.0	24	10.0	199.0	125.0	0	0	5.975738525390625	88800	7123.102850198746	38967	56.11824324324324	
-2170050.14496152	80.12	11.85	289.125	180.525	-119.78402540770594	888	45875	147	16.0	726.0	461.0	8	10.0	175.0	109.0	0	0	4.649188995361328	88900	7127.752039194107	39002	56.128233970753655	
-2210035.7206456745	77.48	11.837837837837839	297.3243243243243	184.67567567567568	-119.78402540770594	889	45938	148	15.0	553.0	345.0	11	9.0	169.0	104.0	0	0	4.523229122161865	89000	7132.275268316269	39035	56.140449438202246	
-2190061.8078813213	74.65	11.242424242424242	269.1212121212121	167.42424242424244	-119.78342827010316	890	46005	143	14.0	516.0	321.0	11	9.0	147.0	93.0	0	0	4.748469829559326	89100	7137.023738145828	39064	56.15712682379349	
-2570063.0732697337	80.45	11.826086956521738	290.4130434782609	181.41304347826087	-119.78306862612862	891	46059	143	18.0	604.0	378.0	21	9.0	167.0	105.0	0	0	6.874070882797241	89200	7143.8978090286255	39106	56.15919282511211	
-2520048.0578611875	83.47	11.956521739130435	302.5869565217391	189.02173913043478	-119.78306862612862	892	46113	149	16.0	670.0	417.0	19	9.0	193.0	121.0	0	0	5.207334756851196	89300	7149.105143785477	39148	56.161254199328106	
-2840036.563159304	77.06	11.772727272727273	299.65909090909093	186.61363636363637	-119.78306862612862	893	46169	131	18.0	605.0	379.0	20	10.0	193.0	121.0	0	0	5.912464141845703	89400	7155.017607927322	39188	56.165548098434	
-2440026.729649078	76.81	12.0	284.97297297297297	177.56756756756758	-119.78306862612862	894	46232	159	16.0	546.0	342.0	12	10.0	161.0	101.0	0	0	4.679907560348511	89500	7159.697515487671	39221	56.17765363128492	
-2150074.212694408	80.41	11.842105263157896	280.7105263157895	174.8421052631579	-119.78306862612862	895	46294	156	16.0	499.0	310.0	21	9.0	174.0	109.0	0	0	5.446741104125977	89600	7165.144256591797	39255	56.18861607142857	
-2140065.010546953	79.35	11.886363636363637	297.95454545454544	185.9090909090909	-119.78306862612862	896	46350	147	16.0	640.0	401.0	17	8.0	137.0	85.0	0	0	5.782623291015625	89700	7170.9268798828125	39295	56.19286510590859	
-2490040.904052043	79.59	12.057142857142857	293.1142857142857	182.05714285714285	-119.78306862612862	897	46415	166	16.0	505.0	316.0	28	10.0	201.0	125.0	0	0	5.874814987182617	89800	7176.801694869995	39326	56.207126948775056	
-1850053.2499361997	76.25	11.529411764705882	299.05882352941177	185.6764705882353	-119.78306862612862	898	46481	127	15.0	690.0	427.0	29	10.0	200.0	125.0	0	0	4.141878128051758	89900	7180.943572998047	39356	56.222469410456064	
-2780068.4739953387	83.97	11.659090909090908	286.90909090909093	178.72727272727272	-119.78306862612862	899	46537	163	16.0	585.0	371.0	29	10.0	183.0	115.0	0	0	6.359734773635864	90000	7187.303307771683	39396	56.22666666666667	
-2980080.3289392157	80.9	11.363636363636363	269.52272727272725	167.5909090909091	-119.78306862612862	900	46593	134	18.0	533.0	333.0	29	10.0	192.0	121.0	0	0	6.73077392578125	90100	7194.034081697464	39435	56.23196448390677	
-2650012.4227453535	81.19	11.846153846153847	298.12820512820514	186.28205128205127	-119.78306862612862	901	46654	119	15.0	658.0	416.0	16	9.0	181.0	112.0	0	0	4.700078248977661	90200	7198.734159946442	39470	56.24168514412417	
-2900054.8443230577	81.3	11.914893617021276	292.27659574468083	181.7659574468085	-119.78306862612862	902	46707	128	18.0	585.0	369.0	22	8.0	182.0	115.0	0	0	7.511049747467041	90300	7206.245209693909	39513	56.24252491694352	
-2680069.025006512	81.68	11.878048780487806	304.0975609756098	188.8780487804878	-119.78306862612862	903	46766	153	16.0	564.0	357.0	15	8.0	145.0	91.0	0	0	5.4885289669036865	90400	7211.733738660812	39550	56.25	
-2830058.2969092387	82.84	11.702127659574469	273.9574468085106	170.63829787234042	-119.78306862612862	904	46819	140	19.0	486.0	302.0	42	10.0	180.0	113.0	0	0	6.673108339309692	90500	7218.406847000122	39593	56.250828729281764	
-2760070.8525445187	82.19	12.0	290.59574468085106	180.31914893617022	-119.78306862612862	905	46872	131	18.0	685.0	429.0	29	10.0	180.0	113.0	0	0	6.611270427703857	90600	7225.018117427826	39636	56.25165562913907	
-2400048.848514878	79.69	11.09375	271.125	168.28125	-119.78306862612862	906	46940	131	15.0	436.0	271.0	24	8.0	145.0	91.0	0	0	4.163121700286865	90700	7229.181239128113	39664	56.26901874310915	
-2760048.1672576736	84.78	11.55813953488372	291.4418604651163	181.5581395348837	-119.78306862612862	907	46997	135	18.0	835.0	523.0	25	10.0	174.0	109.0	0	0	5.432773590087891	90800	7234.614012718201	39703	56.27422907488987	
-2280049.652960322	84.48	11.707317073170731	272.5365853658537	170.02439024390245	-119.78306862612862	908	47056	247	18.0	580.0	364.0	9	10.0	186.0	117.0	0	0	5.724454164505005	90900	7240.338466882706	39740	56.28162816281628	
-3010094.0167768826	85.99	11.595744680851064	286.70212765957444	178.27659574468086	-119.78306862612862	909	47109	166	15.0	483.0	297.0	15	10.0	193.0	121.0	0	0	6.532291889190674	91000	7246.870758771896	39783	56.28241758241758	
-2530037.819265144	85.25	11.777777777777779	296.77777777777777	185.04444444444445	-119.78306862612862	910	47164	146	17.0	855.0	538.0	15	9.0	174.0	109.0	0	0	4.7440831661224365	91100	7251.614841938019	39824	56.2854006586169	
-2670028.30951708	87.99	11.6	300.31111111111113	187.0	-119.78306862612862	911	47219	184	17.0	585.0	365.0	15	9.0	180.0	113.0	0	0	4.653848648071289	91200	7256.26869058609	39865	56.28837719298246	
-2380101.5244158036	87.69	11.416666666666666	301.8541666666667	187.97916666666666	-119.78306862612862	912	47271	254	16.0	678.0	428.0	15	8.0	174.0	109.0	0	0	6.19964861869812	91300	7262.468339204788	39909	56.28806133625411	
-2460090.2269813423	80.95	11.568181818181818	285.3181818181818	178.3409090909091	-119.78306862612862	913	47327	254	18.0	724.0	452.0	9	10.0	194.0	121.0	0	0	6.409152030944824	91400	7268.877491235733	39949	56.29212253829321	
-2740096.8735312996	79.68	11.590909090909092	278.6818181818182	173.4090909090909	-119.76849972618255	914	47383	158	15.0	489.0	307.0	15	10.0	191.0	121.0	0	0	7.110036849975586	91500	7275.987528085709	39989	56.296174863387975	
-3130027.7445191727	81.83	11.547619047619047	293.35714285714283	182.54761904761904	-119.76849972618255	915	47441	151	16.0	985.0	622.0	21	10.0	177.0	111.0	0	0	5.711392879486084	91600	7281.698920965195	40027	56.30240174672489	
-2040069.1192620331	82.69	12.025	303.5	189.7	-119.76849972618255	916	47501	151	19.0	611.0	384.0	13	9.0	213.0	135.0	0	0	4.120110988616943	91700	7285.819031953812	40063	56.31079607415485	
-2340068.105382818	79.83	11.813953488372093	292.72093023255815	182.34883720930233	-119.76849972618255	917	47558	151	15.0	605.0	376.0	15	10.0	193.0	121.0	0	0	6.543237209320068	91800	7292.362269163132	40102	56.315904139433556	
-2960038.4534661616	81.49	11.361702127659575	277.21276595744683	172.2340425531915	-119.76849972618255	918	47611	143	16.0	605.0	380.0	29	9.0	193.0	121.0	0	0	6.313990831375122	91900	7298.676259994507	40145	56.31664853101197	
-2840043.8181819892	81.12	11.317073170731707	274.780487804878	171.0487804878049	-119.76849972618255	919	47670	171	14.0	490.0	311.0	14	9.0	135.0	85.0	0	0	6.433680057525635	92000	7305.1099400520325	40181	56.324999999999996	
-2510035.690150379	82.55	11.674418604651162	309.09302325581393	192.30232558139534	-119.76849972618255	920	47727	140	16.0	624.0	393.0	29	9.0	193.0	121.0	0	0	5.3329877853393555	92100	7310.442927837372	40220	56.330076004343105	
-2850073.0290794116	83.93	11.673469387755102	295.0408163265306	183.57142857142858	-119.76849972618255	921	47778	162	17.0	543.0	341.0	6	10.0	192.0	121.0	0	0	7.317013263702393	92200	7317.759941101074	40263	56.33080260303688	
-3270073.0027387827	82.66	11.352941176470589	279.6470588235294	173.9607843137255	-119.76849972618255	922	47827	169	16.0	828.0	522.0	25	9.0	162.0	101.0	0	0	7.056468725204468	92300	7324.816409826279	40310	56.32719393282773	
-2410082.067302872	82.11	11.488888888888889	276.9555555555556	172.22222222222223	-119.76849972618255	923	47882	169	16.0	526.0	333.0	17	9.0	175.0	111.0	0	0	6.714656114578247	92400	7331.531065940857	40351	56.33008658008658	
-2260092.8742569285	84.3	11.956521739130435	279.9347826086956	174.2826086956522	-119.76849972618255	924	47936	139	18.0	549.0	346.0	17	9.0	167.0	105.0	0	0	6.980726003646851	92500	7338.511791944504	40392	56.332972972972975	
-3130081.2557402225	84.93	11.425531914893616	275.25531914893617	170.82978723404256	-119.76849972618255	925	47989	140	16.0	533.0	333.0	17	9.0	174.0	109.0	0	0	7.182587385177612	92600	7345.694379329681	40435	56.333693304535636	
-2410031.2004685514	84.41	11.435897435897436	290.0769230769231	180.6153846153846	-119.76849972618255	926	48050	140	14.0	448.0	281.0	28	10.0	177.0	111.0	0	0	4.9506895542144775	92700	7350.645068883896	40470	56.34304207119742	
-1880032.8733957186	83.17	11.628571428571428	284.34285714285716	176.68571428571428	-119.76849972618255	927	48115	138	17.0	497.0	309.0	16	10.0	164.0	103.0	0	0	3.7203369140625	92800	7354.365405797958	40501	56.35668103448276	
-1860059.5180279068	85.23	12.13888888888889	301.8611111111111	186.94444444444446	-119.76849972618255	928	48179	133	17.0	504.0	316.0	16	10.0	192.0	121.0	0	0	4.716318368911743	92900	7359.08172416687	40533	56.3692142088267	
-3240079.5015335064	83.97	11.555555555555555	275.77777777777777	170.9777777777778	-119.76485318152672	929	48234	142	18.0	456.0	283.0	26	9.0	192.0	121.0	0	0	7.185104608535767	93000	7366.266828775406	40574	56.372043010752684	
-2210045.0571367983	83.12	11.5	277.95238095238096	172.42857142857142	-119.76485318152672	930	48292	154	15.0	516.0	319.0	26	10.0	186.0	117.0	0	0	6.758042097091675	93100	7373.024870872498	40612	56.378088077336194	
-2350047.63795211	80.63	11.575	278.525	173.525	-119.76485318152672	931	48352	138	15.0	535.0	337.0	20	10.0	215.0	134.0	0	0	5.514244318008423	93200	7378.539115190506	40648	56.3862660944206	
-2970036.504969061	81.93	11.268292682926829	264.390243902439	164.4390243902439	-119.76485318152672	932	48411	161	14.0	450.0	278.0	7	10.0	181.0	115.0	0	0	5.935737371444702	93300	7384.474852561951	40685	56.39335476956055	
-2480063.012913792	81.55	11.571428571428571	283.1714285714286	175.4	-119.76485318152672	933	48476	156	16.0	540.0	336.0	7	9.0	185.0	114.0	0	0	5.306826829910278	93400	7389.781679391861	40716	56.406852248394	
-2590061.6537236045	75.9	12.0	294.64285714285717	183.6904761904762	-119.76485318152672	934	48534	149	15.0	573.0	360.0	7	10.0	213.0	135.0	0	0	5.15745997428894	93500	7394.93913936615	40754	56.41283422459893	
-2580080.909564945	76.46	11.837209302325581	299.86046511627904	186.06976744186048	-119.76485318152672	935	48591	149	21.0	746.0	470.0	3	9.0	181.0	113.0	0	0	6.61795449256897	93600	7401.557093858719	40793	56.417735042735046	
-2630069.276173498	80.46	11.591836734693878	281.6530612244898	175.16326530612244	-119.76485318152672	936	48642	164	21.0	500.0	306.0	3	8.0	138.0	87.0	0	0	6.366297245025635	93700	7407.9233911037445	40838	56.4162219850587	
-2310091.7596182157	77.06	11.645833333333334	279.0625	173.375	-119.76485318152672	937	48694	140	15.0	516.0	323.0	7	9.0	195.0	120.0	0	0	5.600481748580933	93800	7413.523872852325	40882	56.41577825159915	
-2050084.3633765315	75.42	11.157894736842104	271.57894736842104	168.6578947368421	-119.76485318152672	938	48756	135	14.0	407.0	253.0	7	10.0	186.0	117.0	0	0	5.391063451766968	93900	7418.914936304092	40916	56.42598509052183	
-2170069.7241977607	80.48	11.333333333333334	278.9375	173.54166666666666	-119.76485318152672	939	48808	135	14.0	453.0	285.0	19	9.0	180.0	113.0	0	0	5.7251691818237305	94000	7424.640105485916	40960	56.42553191489362	
-2490129.7511954056	84.23	11.596153846153847	281.38461538461536	175.32692307692307	-119.76485318152672	940	48856	168	15.0	523.0	327.0	10	9.0	170.0	107.0	0	0	8.14023756980896	94100	7432.780343055725	41008	56.42082890541977	
-2650086.0603627553	86.96	11.68421052631579	299.57894736842104	186.59649122807016	-119.76485318152672	941	48899	168	17.0	729.0	457.0	5	9.0	192.0	121.0	0	0	8.59969687461853	94200	7441.380039930344	41061	56.410828025477706	
-2780072.086325942	82.87	11.833333333333334	278.4259259259259	173.94444444444446	-119.76485318152672	942	48945	163	17.0	620.0	389.0	5	10.0	186.0	117.0	0	0	7.589049816131592	94300	7448.969089746475	41111	56.404029692470836	
-2970082.930224706	81.51	11.173076923076923	258.84615384615387	161.03846153846155	-119.76485318152672	943	48993	187	14.0	451.0	279.0	2	9.0	192.0	121.0	0	0	7.2912609577178955	94400	7456.260350704193	41158	56.40042372881356	
-2850071.496028285	78.15	11.177777777777777	262.4222222222222	163.33333333333334	-119.76485318152672	944	49048	120	14.0	553.0	349.0	5	9.0	176.0	111.0	0	0	5.878951787948608	94500	7462.139302492142	41199	56.403174603174605	
-2770088.798431669	79.9	11.458333333333334	283.625	177.04166666666666	-119.76485318152672	945	49100	132	14.0	513.0	324.0	5	10.0	199.0	125.0	0	0	8.076486587524414	94600	7470.215789079666	41243	56.40274841437632	
-2590066.982621569	83.46	11.75	289.4791666666667	179.625	-119.76485318152672	946	49152	194	15.0	428.0	253.0	11	9.0	164.0	103.0	0	0	7.400100231170654	94700	7477.615889310837	41287	56.40232312565998	
-3050087.0787918186	86.74	11.521739130434783	271.1521739130435	168.56521739130434	-119.76485318152672	947	49206	163	16.0	645.0	397.0	22	9.0	178.0	111.0	0	0	7.344457387924194	94800	7484.960346698761	41328	56.40506329113924	
-2590117.917720348	83.83	11.191489361702128	260.8510638297872	162.25531914893617	-119.76485318152672	948	49259	160	14.0	518.0	323.0	20	9.0	176.0	111.0	0	0	7.333224296569824	94900	7492.293570995331	41371	56.40569020021075	
-2490121.19464502	82.27	11.708333333333334	278.2291666666667	173.125	-119.76485318152672	949	49311	146	17.0	499.0	309.0	22	9.0	192.0	121.0	0	0	6.887903451919556	95000	7499.18147444725	41415	56.40526315789474	
-3450119.833092108	81.83	11.277777777777779	272.5	169.62962962962962	-119.76485318152672	950	49357	143	17.0	592.0	373.0	22	9.0	151.0	95.0	0	0	9.096209049224854	95100	7508.277683496475	41465	56.39852786540484	
-2280079.135036802	77.76	11.325581395348838	297.0232558139535	183.86046511627907	-119.76485318152672	951	49414	143	14.0	466.0	284.0	22	9.0	162.0	101.0	0	0	6.883906841278076	95200	7515.161590337753	41504	56.403361344537814	
-2730102.114803183	80.53	11.416666666666666	285.2083333333333	176.66666666666666	-119.76485318152672	952	49466	143	19.0	700.0	436.0	30	9.0	187.0	117.0	0	0	7.562070608139038	95300	7522.723660945892	41548	56.40293809024134	
-3330150.5179680465	78.94	11.193548387096774	277.93548387096774	172.53225806451613	-119.76114156188508	953	49504	108	15.0	614.0	387.0	23	9.0	191.0	121.0	0	0	9.68641996383667	95400	7532.410080909729	41606	56.38784067085954	
-3510097.2878790344	79.07	11.344262295081966	275.672131147541	171.39344262295083	-119.76114156188508	954	49543	117	14.0	482.0	303.0	4	10.0	193.0	121.0	0	0	9.875706195831299	95500	7542.28578710556	41661	56.37591623036649	
-3300053.3105564644	78.51	11.442307692307692	262.84615384615387	163.17307692307693	-119.76114156188508	955	49591	156	17.0	402.0	252.0	4	10.0	186.0	117.0	0	0	7.822189807891846	95600	7550.107976913452	41709	56.371338912133886	
-2510104.345597917	78.95	11.755102040816327	285.6938775510204	177.48979591836735	-119.76114156188508	956	49642	156	15.0	755.0	470.0	13	10.0	193.0	121.0	0	0	6.912473917007446	95700	7557.02045083046	41754	56.36990595611285	
-2470125.9124569786	84.38	11.614035087719298	276.17543859649123	171.68421052631578	-119.76114156188508	957	49685	156	16.0	930.0	583.0	17	10.0	193.0	121.0	0	0	8.713113069534302	95800	7565.733563899994	41806	56.36116910229645	
-3080103.8587874956	84.79	11.473684210526315	264.4561403508772	164.89473684210526	-119.76114156188508	958	49728	197	18.0	813.0	515.0	44	9.0	158.0	99.0	0	0	9.209844827651978	95900	7574.943408727646	41859	56.35140771637122	
-3140211.6301513	83.42	11.693548387096774	294.4516129032258	182.7741935483871	-119.76114156188508	959	49766	167	22.0	686.0	435.0	1	9.0	185.0	115.0	0	0	8.94791841506958	96000	7583.891327142715	41917	56.33645833333333	
-2840173.6258454644	82.31	11.358490566037736	277.47169811320754	171.9245283018868	-119.70610392109603	960	49813	149	22.0	686.0	435.0	1	9.0	192.0	121.0	0	0	8.130311489105225	96100	7592.021638631821	41966	56.33090530697191	
-2730115.353615688	84.34	11.377358490566039	276.8867924528302	172.03773584905662	-119.70610392109603	961	49860	148	16.0	499.0	307.0	20	8.0	153.0	95.0	0	0	7.933783531188965	96200	7599.95542216301	42015	56.32536382536383	
-2640062.6089138105	83.71	11.478260869565217	273.4130434782609	170.19565217391303	-119.70610392109603	962	49914	152	14.0	435.0	274.0	16	9.0	201.0	127.0	0	0	6.468642950057983	96300	7606.424065113068	42057	56.32710280373831	
-3410035.019068271	86.66	11.510204081632653	280.6530612244898	174.57142857142858	-119.70610392109603	963	49965	172	15.0	554.0	342.0	11	9.0	193.0	121.0	0	0	6.535905361175537	96400	7612.959970474243	42102	56.32572614107884	
-3110068.912168231	87.07	11.543478260869565	285.04347826086956	178.1086956521739	-119.70610392109603	964	50019	172	15.0	490.0	311.0	15	9.0	158.0	99.0	0	0	6.250898361206055	96500	7619.210868835449	42144	56.32746113989637	
-2900069.667644164	79.39	11.909090909090908	300.27272727272725	187.11363636363637	-119.70610392109603	965	50075	146	19.0	533.0	337.0	22	10.0	190.0	119.0	0	0	6.399861812591553	96600	7625.610730648041	42184	56.33126293995859	
-2720085.3099815845	79.96	11.681818181818182	294.84090909090907	183.3409090909091	-119.70610392109603	966	50131	127	18.0	519.0	329.0	32	10.0	175.0	111.0	0	0	6.741165399551392	96700	7632.351896047592	42224	56.335056876938985	
-3050069.0329782297	83.03	11.375	279.2083333333333	173.0	-119.70610392109603	967	50183	149	14.0	490.0	307.0	24	10.0	192.0	121.0	0	0	7.498286247253418	96800	7639.850182294846	42268	56.33471074380165	
-3150049.2753776903	83.31	11.617021276595745	274.78723404255317	170.7659574468085	-119.70610392109603	968	50236	142	16.0	400.0	243.0	36	10.0	192.0	121.0	0	0	6.6167895793914795	96900	7646.466971874237	42311	56.33539731682147	
-2820088.164911604	81.23	11.543478260869565	285.7608695652174	177.97826086956522	-119.70610392109603	969	50290	142	15.0	478.0	297.0	35	9.0	175.0	109.0	0	0	6.774244785308838	97000	7653.241216659546	42353	56.33711340206185	
-2680039.722941403	79.82	11.8125	285.5833333333333	178.54166666666666	-119.70610392109603	970	50342	137	16.0	491.0	304.0	9	9.0	181.0	113.0	0	0	6.179704427719116	97100	7659.420921087265	42397	56.33676622039135	
-2960075.34407635	75.4	11.625	287.5	178.92857142857142	-119.70610392109603	971	50386	154	16.0	501.0	315.0	9	9.0	174.0	109.0	0	0	7.444080352783203	97200	7666.865001440048	42447	56.33024691358025	
-3080054.626460545	78.66	11.41304347826087	289.6521739130435	179.3695652173913	-119.70610392109603	972	50440	153	15.0	523.0	329.0	9	9.0	165.0	103.0	0	0	5.997639417648315	97300	7672.8626408576965	42489	56.33196300102775	
-2430053.3685058067	81.3	12.355555555555556	313.5111111111111	194.93333333333334	-119.70610392109603	973	50495	153	22.0	870.0	544.0	9	10.0	180.0	113.0	0	0	5.608138084411621	97400	7678.470778942108	42530	56.3347022587269	
-2860043.08053094	79.01	12.088888888888889	293.73333333333335	183.0	-119.70610392109603	974	50550	153	16.0	710.0	437.0	9	10.0	194.0	121.0	0	0	6.308056831359863	97500	7684.778835773468	42571	56.3374358974359	
-2670058.962033648	82.31	11.928571428571429	306.26785714285717	190.46428571428572	-119.70610392109603	975	50594	160	16.0	932.0	575.0	12	10.0	170.0	107.0	0	0	7.011435031890869	97600	7691.790270805359	42623	56.32889344262295	
-2290079.169736535	83.4	11.758620689655173	303.5344827586207	188.81034482758622	-119.70610392109603	976	50636	216	16.0	616.0	391.0	10	9.0	181.0	113.0	0	0	7.881589889526367	97700	7699.671860694885	42677	56.31832139201638	
-3760078.800273186	83.46	11.542372881355933	284.66101694915255	177.45762711864407	-119.70610392109603	977	50677	238	17.0	540.0	341.0	22	8.0	159.0	99.0	0	0	8.687798976898193	97800	7708.359659671783	42732	56.306748466257666	
-2930079.548656875	80.8	11.344827586206897	283.1551724137931	176.36206896551724	-119.70610392109603	978	50719	127	16.0	596.0	377.0	25	9.0	157.0	99.0	0	0	7.238938331604004	97900	7715.598598003387	42786	56.296220633299285	
-2980094.016458629	85.87	11.596153846153847	282.6923076923077	175.80769230769232	-119.70610392109603	979	50767	161	17.0	605.0	380.0	7	9.0	172.0	107.0	0	0	7.2267045974731445	98000	7722.825302600861	42834	56.29183673469388	
-3230094.0068641114	85.77	11.73076923076923	294.5576923076923	183.57692307692307	-119.70610392109603	980	50815	161	17.0	640.0	407.0	37	10.0	181.0	113.0	0	0	8.869569540023804	98100	7731.694872140884	42882	56.2874617737003	
-2960090.588544626	83.46	11.537037037037036	291.22222222222223	181.33333333333334	-119.67518181814582	981	50861	146	17.0	508.0	317.0	38	9.0	162.0	101.0	0	0	7.171901702880859	98200	7738.866773843765	42932	56.28105906313646	
-3390054.394096971	80.68	11.595744680851064	295.3829787234043	184.2340425531915	-119.67149109106933	982	50914	149	17.0	779.0	491.0	19	9.0	181.0	115.0	0	0	6.38312292098999	98300	7745.249896764755	42975	56.28179043743642	
-2360032.0400024606	79.47	11.694444444444445	304.55555555555554	189.47222222222223	-119.67149109106933	983	50978	146	16.0	716.0	450.0	18	9.0	138.0	87.0	0	0	4.567843914031982	98400	7749.817740678787	43007	56.293699186991866	
-1900054.7446760081	76.0	12.774193548387096	338.2903225806452	211.16129032258064	-119.67149109106933	984	51047	146	20.0	845.0	524.0	12	11.0	213.0	135.0	0	0	4.214132070541382	98500	7754.031872749329	43034	56.310659898477155	
-2350036.7356964056	76.75	12.026315789473685	313.1842105263158	195.07894736842104	-119.67149109106933	985	51109	146	20.0	647.0	405.0	12	9.0	193.0	121.0	0	0	4.843452215194702	98600	7758.875324964523	43068	56.32048681541582	
-1880033.2843050342	78.08	11.91891891891892	303.8918918918919	189.02702702702703	-119.67149109106933	986	51172	162	18.0	716.0	449.0	12	9.0	178.0	111.0	0	0	5.0878753662109375	98700	7763.963200330734	43101	56.33130699088146	
-2580050.831405086	73.89	11.761904761904763	290.35714285714283	180.88095238095238	-119.67149109106933	987	51230	162	19.0	734.0	464.0	12	9.0	161.0	101.0	0	0	5.100197792053223	98800	7769.0633981227875	43139	56.337044534412954	
-2670030.830679755	74.06	11.702702702702704	268.64864864864865	167.8918918918919	-119.67149109106933	988	51293	143	16.0	472.0	299.0	12	10.0	162.0	101.0	0	0	4.909229040145874	98900	7773.972627162933	43171	56.348837209302324	
-2090076.0846886623	71.65	11.857142857142858	313.45238095238096	194.71428571428572	-119.67149109106933	989	51351	142	16.0	605.0	381.0	13	9.0	186.0	117.0	0	0	4.802814960479736	99000	7778.775442123413	43209	56.35454545454546	
-2420059.462669645	73.15	11.976190476190476	294.45238095238096	183.4047619047619	-119.67149109106933	990	51409	142	19.0	608.0	378.0	12	9.0	180.0	113.0	0	0	5.811914443969727	99100	7784.587356567383	43247	56.36024217961655	
-2510073.0593624907	80.32	11.41025641025641	291.79487179487177	181.51282051282053	-119.67149109106933	991	51470	183	15.0	608.0	378.0	13	8.0	158.0	99.0	0	0	4.408934593200684	99200	7788.9962911605835	43282	56.368951612903224	
-2320063.3142420934	84.59	12.557692307692308	357.2307692307692	222.32692307692307	-119.67149109106933	992	51518	183	19.0	996.0	628.0	13	9.0	193.0	121.0	0	0	7.035945177078247	99300	7796.032236337662	43330	56.36455186304129	
-2570033.140852172	85.78	12.108695652173912	326.2173913043478	203.58695652173913	-119.67149109106933	993	51572	185	17.0	806.0	507.0	13	10.0	199.0	125.0	0	0	4.877381086349487	99400	7800.909617424011	43372	56.36619718309859	
-1970058.7287780493	81.82	11.432432432432432	298.13513513513516	184.72972972972974	-119.67149109106933	994	51635	185	15.0	544.0	343.0	13	9.0	225.0	141.0	0	0	4.587859392166138	99500	7805.497476816177	43405	56.37688442211055	
-2410057.0118539827	82.37	11.604166666666666	302.8333333333333	188.22916666666666	-119.67149109106933	995	51687	199	17.0	593.0	374.0	13	9.0	199.0	125.0	0	0	5.189280271530151	99600	7810.6867570877075	43449	56.376506024096386	
-2300053.041679886	82.37	12.145833333333334	329.3333333333333	205.0	-119.67149109106933	996	51739	199	16.0	712.0	449.0	19	10.0	184.0	115.0	0	0	5.723560571670532	99700	7816.410317659378	43493	56.37612838515547	
-2560070.314132357	82.74	11.553191489361701	288.82978723404256	179.72340425531914	-119.67149109106933	997	51792	199	22.0	924.0	582.0	23	9.0	182.0	115.0	0	0	6.0331947803497314	99800	7822.443512439728	43536	56.37675350701403	
-3080080.8611134817	81.97	11.326530612244898	286.57142857142856	177.3877551020408	-119.67149109106933	998	51843	213	15.0	518.0	320.0	15	9.0	197.0	122.0	0	0	8.246539115905762	99900	7830.6900515556335	43581	56.37537537537538	
-2440039.1900900747	83.47	11.72340425531915	299.29787234042556	186.12765957446808	-119.67149109106933	999	51896	257	17.0	633.0	396.0	15	9.0	192.0	121.0	0	0	6.240438222885132	100000	7836.930489778519	43624	56.376	
-3190054.291878155	83.71	11.962264150943396	313.9056603773585	194.69811320754718	-119.67149109106933	1000	51943	167	16.0	587.0	361.0	15	9.0	175.0	109.0	0	0	6.925116062164307	100100	7843.855605840683	43673	56.37062937062937	
-2140043.148956929	80.85	12.214285714285714	310.92857142857144	192.9047619047619	-119.67149109106933	1001	52001	167	18.0	567.0	356.0	15	9.0	178.0	111.0	0	0	5.287634372711182	100200	7849.143240213394	43711	56.37624750499002	
-2050043.8554789512	78.4	11.463414634146341	302.4146341463415	187.26829268292684	-119.67149109106933	1002	52060	133	15.0	553.0	345.0	36	8.0	182.0	112.0	0	0	5.182238578796387	100300	7854.325478792191	43747	56.383848454636095	
-3350060.9548762892	81.99	11.787234042553191	291.468085106383	180.82978723404256	-119.67149109106933	1003	52113	146	19.0	532.0	335.0	22	9.0	199.0	122.0	0	0	8.748647212982178	100400	7863.074126005173	43790	56.38446215139442	
-2690121.3594024736	83.64	11.568627450980392	295.6862745098039	183.2156862745098	-119.67149109106933	1004	52162	154	17.0	642.0	406.0	14	9.0	214.0	134.0	0	0	7.775884389877319	100500	7870.85001039505	43837	56.38109452736318	
-2660102.5521699726	83.34	11.408163265306122	289.9591836734694	179.85714285714286	-119.67149109106933	1005	52213	155	15.0	685.0	430.0	13	10.0	180.0	113.0	0	0	6.536273002624512	100600	7877.386283397675	43882	56.37972166998012	
-2810096.5512649775	81.39	11.347826086956522	266.0217391304348	165.80434782608697	-119.67149109106933	1006	52267	144	15.0	413.0	258.0	13	9.0	174.0	109.0	0	0	6.067702293395996	100700	7883.453985691071	43924	56.38133068520357	
-2830052.2813560925	83.54	11.512195121951219	272.390243902439	170.34146341463415	-119.67149109106933	1007	52326	164	16.0	507.0	317.0	4	10.0	182.0	115.0	0	0	5.331179857254028	100800	7888.785165548325	43961	56.38789682539683	
-1740095.8813835795	79.86	11.35483870967742	280.48387096774195	174.29032258064515	-119.67149109106933	1008	52395	212	14.0	497.0	311.0	3	9.0	198.0	122.0	0	0	4.478614568710327	100900	7893.263780117035	43988	56.40436075322101	
-2100030.53828208	84.06	11.454545454545455	300.59090909090907	186.45454545454547	-119.67149109106933	1009	52451	273	17.0	598.0	361.0	3	9.0	161.0	101.0	0	0	4.987920522689819	101000	7898.251700639725	44028	56.40792079207921	
-2680029.197471283	83.5	11.883720930232558	315.7674418604651	196.34883720930233	-119.67149109106933	1010	52508	190	16.0	825.0	507.0	4	10.0	193.0	121.0	0	0	4.6610801219940186	101100	7902.912780761719	44066	56.41345202769535	
-2470037.5440484793	82.68	11.975	291.225	181.025	-119.67149109106933	1011	52568	138	19.0	549.0	347.0	18	9.0	169.0	104.0	0	0	4.895540237426758	101200	7907.8083209991455	44102	56.42094861660079	
-2470023.9934941013	84.56	11.853658536585366	295.3170731707317	182.9512195121951	-119.67149109106933	1012	52627	156	16.0	490.0	309.0	12	10.0	165.0	103.0	0	0	4.502107620239258	101300	7912.310428619385	44139	56.427443237907205	
-1790028.7172206335	85.2	12.4	327.7	203.55	-119.67149109106933	1013	52687	156	22.0	566.0	353.0	12	9.0	193.0	121.0	0	0	3.908435344696045	101400	7916.218863964081	44175	56.434911242603555	
-2150080.9216333264	80.95	11.46808510638298	284.8936170212766	176.91489361702128	-119.67149109106933	1014	52740	165	16.0	433.0	269.0	3	8.0	163.0	101.0	0	0	6.026729583740234	101500	7922.245593547821	44218	56.43546798029557	
-3060046.1013161205	77.34	11.42	276.36	171.78	-119.67149109106933	1015	52790	134	16.0	495.0	311.0	26	8.0	136.0	85.0	0	0	8.39878511428833	101600	7930.644378662109	44264	56.43307086614173	
-2220050.151314184	80.65	11.578947368421053	274.10526315789474	170.76315789473685	-119.67149109106933	1016	52852	162	16.0	469.0	287.0	21	8.0	148.0	93.0	0	0	4.415412902832031	101700	7935.059791564941	44298	56.442477876106196	
-2000035.126999684	85.48	11.928571428571429	300.4761904761905	187.38095238095238	-119.67149109106933	1017	52910	152	18.0	567.0	356.0	16	9.0	149.0	93.0	0	0	4.8077850341796875	101800	7939.867576599121	44336	56.447937131630646	
-2630080.6658352436	89.88	11.75925925925926	302.2962962962963	187.96296296296296	-119.67149109106933	1018	52956	181	19.0	1068.0	672.0	32	9.0	174.0	108.0	0	0	7.059889554977417	101900	7946.9274661540985	44386	56.44160942100098	
-3350147.1577600194	90.82	11.508196721311476	285.5245901639344	177.24590163934425	-119.67149109106933	1019	52995	166	16.0	508.0	318.0	13	9.0	161.0	101.0	0	0	7.972660779953003	102000	7954.9001269340515	44443	56.42843137254902	
-2820066.724668439	93.02	11.846153846153847	303.40384615384613	188.59615384615384	-119.67149109106933	1020	53043	166	19.0	676.0	413.0	12	9.0	192.0	120.0	0	0	8.196299076080322	102100	7963.096426010132	44491	56.42409402546523	
-2770065.863068605	83.37	11.375	261.0	162.5	-119.67149109106933	1021	53095	156	19.0	554.0	351.0	20	9.0	192.0	121.0	0	0	6.762311697006226	102200	7969.858737707138	44534	56.42465753424658	
-2620094.2910274547	82.26	11.5	260.65909090909093	162.22727272727272	-119.67149109106933	1022	53151	155	16.0	545.0	327.0	13	10.0	201.0	127.0	0	0	6.331137418746948	102300	7976.189875125885	44574	56.42815249266862	
-3070091.6502315686	85.29	11.538461538461538	298.03846153846155	184.75	-119.67149109106933	1023	53199	161	16.0	576.0	365.0	7	9.0	186.0	114.0	0	0	8.241514205932617	102400	7984.431389331818	44622	56.423828125	
-2400075.6900854106	82.76	11.512820512820513	278.3333333333333	173.25641025641025	-119.67149109106933	1024	53260	142	15.0	494.0	303.0	7	8.0	142.0	89.0	0	0	6.002209901809692	102500	7990.433599233627	44657	56.43219512195122	
-2380073.9252506485	80.6	11.826086956521738	276.5869565217391	172.06521739130434	-119.67149109106933	1025	53314	149	15.0	531.0	332.0	10	9.0	193.0	121.0	0	0	7.009842395782471	102600	7997.44344162941	44698	56.434697855750485	
-2670062.480982348	82.92	11.795454545454545	280.54545454545456	174.20454545454547	-119.67149109106933	1026	53370	164	18.0	511.0	319.0	7	9.0	190.0	119.0	0	0	5.783102035522461	102700	8003.226543664932	44737	56.43914313534567	
-2240107.5556833865	78.2	11.743589743589743	268.46153846153845	166.92307692307693	-119.67149109106933	1027	53431	139	15.0	396.0	243.0	13	10.0	186.0	117.0	0	0	5.710690021514893	102800	8008.937233686447	44772	56.44747081712062	
-1820060.0716304937	76.62	12.075	313.95	194.3	-119.67149109106933	1028	53491	142	18.0	624.0	369.0	13	10.0	193.0	121.0	0	0	6.174307584762573	102900	8015.11154127121	44807	56.455782312925166	
-2510028.9619366415	78.68	11.675675675675675	290.27027027027026	179.59459459459458	-119.67149109106933	1029	53554	170	15.0	624.0	365.0	13	9.0	174.0	109.0	0	0	6.39461874961853	103000	8021.506160020828	44840	56.46601941747573	
-2350068.0864541433	81.87	11.825	285.025	175.875	-119.67149109106933	1030	53614	174	16.0	624.0	365.0	29	10.0	161.0	101.0	0	0	7.462471961975098	103100	8028.968631982803	44876	56.4733268671193	
-2360084.2601252934	80.64	11.911111111111111	298.02222222222224	185.37777777777777	-119.67149109106933	1031	53669	170	16.0	624.0	365.0	16	9.0	168.0	105.0	0	0	5.609168291091919	103200	8034.577800273895	44917	56.47577519379845	
-2080050.143844907	80.21	11.763157894736842	298.7368421052632	185.81578947368422	-119.67149109106933	1032	53731	148	22.0	923.0	578.0	30	9.0	195.0	123.0	0	0	3.8169264793395996	103300	8038.394726753235	44949	56.48693126815101	
-2590089.563563989	78.63	11.675	287.25	178.7	-119.67149109106933	1033	53791	142	19.0	817.0	517.0	45	8.0	160.0	99.0	0	0	6.106464147567749	103400	8044.501190900803	44985	56.49419729206963	
-2690023.720424755	80.14	11.631578947368421	288.92105263157896	180.3421052631579	-119.67149109106933	1034	53853	161	15.0	613.0	387.0	7	10.0	184.0	117.0	0	0	4.558157444000244	103500	8049.059348344803	45019	56.50338164251208	
-2700036.325209947	80.7	11.54054054054054	281.6756756756757	174.1081081081081	-119.67149109106933	1035	53916	161	15.0	530.0	322.0	7	9.0	188.0	116.0	0	0	5.342404127120972	103600	8054.401752471924	45052	56.513513513513516	
-2440046.050040054	80.64	11.58974358974359	284.7692307692308	177.28205128205127	-119.67149109106933	1036	53977	161	17.0	662.0	416.0	7	9.0	165.0	103.0	0	0	6.219658374786377	103700	8060.62141084671	45087	56.521697203471554	
-2090101.552670247	83.15	11.68	288.54	179.64	-119.67149109106933	1037	54027	149	15.0	545.0	339.0	19	10.0	197.0	123.0	0	0	6.1605448722839355	103800	8066.781955718994	45132	56.52023121387283	
-2610101.4414418163	82.66	11.636363636363637	281.8636363636364	175.25	-119.67149109106933	1038	54083	138	14.0	475.0	295.0	18	10.0	192.0	121.0	0	0	6.3228538036346436	103900	8073.104809522629	45172	56.52358036573629	
-3150068.8953365646	82.84	11.291666666666666	287.125	178.0625	-119.67149109106933	1039	54135	173	17.0	685.0	431.0	24	9.0	184.0	117.0	0	0	7.6354005336761475	104000	8080.740210056305	45216	56.52307692307692	
-2610045.518505367	83.83	11.75609756097561	299.7560975609756	186.6341463414634	-119.67149109106933	1040	54194	173	16.0	653.0	407.0	18	9.0	180.0	113.0	0	0	5.744991779327393	104100	8086.485201835632	45253	56.52929875120077	
-2700090.9278070354	81.64	11.583333333333334	276.625	172.52083333333334	-119.67149109106933	1041	54246	173	18.0	633.0	398.0	6	9.0	192.0	121.0	0	0	7.755719423294067	104200	8094.240921258926	45297	56.52879078694817	
-2450094.7197287814	85.87	11.630434782608695	295.6304347826087	183.7391304347826	-119.67149109106933	1042	54300	197	15.0	596.0	367.0	22	10.0	195.0	123.0	0	0	6.308090925216675	104300	8100.549012184143	45339	56.53020134228188	
-2750066.8328128313	85.38	11.470588235294118	275.5882352941176	171.50980392156862	-119.67149109106933	1043	54349	162	14.0	546.0	329.0	28	10.0	188.0	119.0	0	0	7.211230516433716	104400	8107.760242700577	45385	56.52777777777778	
-2710078.152428669	84.42	12.0	300.1	186.38	-119.67149109106933	1044	54399	148	18.0	678.0	421.0	20	10.0	193.0	121.0	0	0	7.357051372528076	104500	8115.117294073105	45431	56.52535885167464	
-3060053.301079513	84.37	12.340425531914894	306.0	191.10638297872342	-119.66950554330103	1045	54452	160	22.0	903.0	570.0	28	10.0	186.0	117.0	0	0	5.726552248001099	104600	8120.843846321106	45474	56.52581261950287	
-2270053.2460249583	82.54	11.764705882352942	290.38235294117646	180.97058823529412	-119.66950554330103	1046	54518	160	17.0	679.0	422.0	28	9.0	173.0	109.0	0	0	5.6075921058654785	104700	8126.451438426971	45504	56.53868194842407	
-2600095.9834872778	83.04	11.4	287.825	178.55	-119.66950554330103	1047	54578	160	16.0	648.0	401.0	28	9.0	142.0	89.0	0	0	5.221749544143677	104800	8131.673187971115	45540	56.54580152671756	
-2020089.1321230298	78.79	11.256410256410257	278.46153846153845	172.94871794871796	-119.66950554330103	1048	54639	160	16.0	484.0	305.0	16	8.0	142.0	89.0	0	0	4.812108993530273	104900	8136.485296964645	45575	56.55386081982841	
-2980070.884300027	79.76	11.106382978723405	262.8936170212766	163.40425531914894	-119.66950554330103	1049	54692	160	14.0	463.0	293.0	19	8.0	171.0	107.0	0	0	6.632506370544434	105000	8143.11780333519	45618	56.55428571428571	
-2590060.360151289	77.06	11.0	272.94117647058823	169.1764705882353	-119.66950554330103	1050	54741	160	18.0	666.0	413.0	26	8.0	171.0	107.0	0	0	7.072482109069824	105100	8150.19028544426	45665	56.550903901046624	
-2220131.5051642754	75.27	10.660714285714286	262.89285714285717	162.23214285714286	-119.66950554330103	1051	54785	160	18.0	460.0	289.0	2	8.0	187.0	117.0	0	0	8.160944938659668	105200	8158.351230382919	45717	56.54277566539924	
-3010090.107883433	69.72	10.421052631578947	244.49122807017545	150.6315789473684	-119.66950554330103	1052	54828	121	16.0	464.0	293.0	2	8.0	139.0	87.0	0	0	9.24466323852539	105300	8167.595893621445	45770	56.533713200379864	
-2930104.907248678	69.85	10.882352941176471	248.76470588235293	154.27450980392157	-119.66950554330103	1053	54877	119	17.0	513.0	323.0	2	8.0	142.0	89.0	0	0	7.603456020355225	105400	8175.1993496418	45816	56.53130929791271	
-2750099.3398488425	63.33	10.354166666666666	234.25	144.91666666666666	-119.66950554330103	1054	54929	105	14.0	393.0	247.0	2	8.0	142.0	89.0	0	0	6.837357521057129	105500	8182.036707162857	45860	56.53080568720379	
-2470176.5374046206	64.49	10.4	220.51111111111112	136.75555555555556	-119.66950554330103	1055	54984	99	14.0	333.0	201.0	2	8.0	140.0	89.0	0	0	7.265954494476318	105600	8189.302661657333	45901	56.53314393939394	
-2720114.944562548	72.45	11.057692307692308	253.0	157.40384615384616	-119.66950554330103	1056	55032	141	15.0	431.0	263.0	16	8.0	142.0	89.0	0	0	7.810253143310547	105700	8197.112914800644	45948	56.52980132450331	
-2380118.2618532926	70.71	10.976190476190476	246.47619047619048	153.28571428571428	-119.66950554330103	1057	55090	136	16.0	422.0	263.0	10	8.0	142.0	89.0	0	0	5.966988801956177	105800	8203.0799036026	45985	56.5359168241966	
-2680146.010003911	77.14	11.404255319148936	260.59574468085106	161.80851063829786	-119.66950554330103	1058	55143	130	16.0	410.0	250.0	17	8.0	174.0	108.0	0	0	6.202890396118164	105900	8209.282793998718	46028	56.536355051935786	
-2980098.019649517	79.17	11.543478260869565	283.0869565217391	176.06521739130434	-119.66950554330103	1059	55197	135	15.0	573.0	360.0	17	9.0	142.0	89.0	0	0	6.323748826980591	106000	8215.606542825699	46069	56.53867924528302	
-2470099.7488455256	73.95	11.574468085106384	282.5531914893617	175.95744680851064	-119.66950554330103	1060	55250	120	20.0	489.0	309.0	23	9.0	142.0	89.0	0	0	7.381087779998779	106100	8222.987630605698	46111	56.540056550424126	
-2370043.1573483925	76.17	11.45945945945946	266.18918918918916	165.56756756756758	-119.66950554330103	1061	55313	160	16.0	494.0	310.0	8	9.0	152.0	95.0	0	0	5.066162586212158	106200	8228.05379319191	46144	56.54990583804143	
-2290029.1369047905	79.37	11.885714285714286	301.0285714285714	187.34285714285716	-119.66950554330103	1062	55378	161	16.0	520.0	329.0	7	9.0	162.0	101.0	0	0	4.108410596847534	106300	8232.162203788757	46175	56.56161806208843	
-2980041.226264349	78.49	11.571428571428571	266.2142857142857	166.0	-119.66950554330103	1063	55436	161	17.0	548.0	333.0	7	9.0	168.0	105.0	0	0	5.278439283370972	106400	8237.440643072128	46213	56.566729323308266	
-2410034.7772212196	75.73	11.785714285714286	298.2142857142857	185.73809523809524	-119.66950554330103	1064	55494	150	18.0	576.0	363.0	7	8.0	185.0	115.0	0	0	5.051693439483643	106500	8242.492336511612	46251	56.5718309859155	
-2110104.2738285377	79.33	11.763157894736842	282.0263157894737	175.55263157894737	-119.66950554330103	1065	55556	150	16.0	516.0	322.0	36	10.0	186.0	117.0	0	0	5.110323667526245	106600	8247.602660179138	46285	56.58067542213884	
-2110057.0489927633	80.51	11.621621621621621	300.56756756756755	186.94594594594594	-119.66950554330103	1066	55619	122	15.0	589.0	369.0	38	10.0	172.0	107.0	0	0	4.329715013504028	106700	8251.932375192642	46318	56.590440487347706	
-2560070.2595238118	80.46	11.256410256410257	261.28205128205127	162.51282051282053	-119.66950554330103	1067	55680	160	14.0	514.0	321.0	8	10.0	175.0	109.0	0	0	6.715502023696899	106800	8258.64787721634	46353	56.598314606741575	
-2620054.39956575	79.16	11.289473684210526	272.44736842105266	169.10526315789474	-119.66950554330103	1068	55742	168	14.0	497.0	309.0	8	8.0	149.0	93.0	0	0	6.118108034133911	106900	8264.765985250473	46387	56.60710944808232	
-3050075.5020976197	92.88	11.88888888888889	296.8703703703704	185.11111111111111	-119.66950554330103	1069	55788	211	17.0	609.0	381.0	17	8.0	179.0	110.0	0	0	7.3231751918792725	107000	8272.089160442352	46437	56.600934579439254	
-3370045.882227956	90.07	11.72	287.56	179.48	-119.66950554330103	1070	55838	161	20.0	887.0	561.0	17	9.0	161.0	101.0	0	0	6.9884254932403564	107100	8279.077585935593	46483	56.598506069094306	
-2600092.8533086493	92.51	11.53191489361702	289.3404255319149	180.12765957446808	-119.66950554330103	1071	55891	196	16.0	552.0	345.0	25	9.0	152.0	95.0	0	0	5.960553884506226	107200	8285.038139820099	46526	56.598880597014926	
-2160075.3674062868	106.87	11.859649122807017	309.9298245614035	192.3859649122807	-119.66950554330103	1072	55934	193	21.0	751.0	473.0	43	9.0	189.0	117.0	0	0	8.338948965072632	107300	8293.377088785172	46579	56.589934762348555	
-3580124.171233511	101.97	11.796610169491526	292.08474576271186	181.79661016949152	-119.66950554330103	1073	55975	188	23.0	863.0	542.0	31	9.0	163.0	101.0	0	0	9.596093893051147	107400	8302.973182678223	46633	56.580074487895715	
-3140044.339573199	88.12	11.829787234042554	284.25531914893617	177.38297872340425	-119.66950554330103	1074	56028	178	16.0	778.0	493.0	18	8.0	194.0	121.0	0	0	6.638501882553101	107500	8309.611684560776	46676	56.58046511627907	
-2530054.4852677863	86.19	11.977777777777778	294.3777777777778	183.24444444444444	-119.66950554330103	1075	56083	163	18.0	551.0	345.0	23	10.0	201.0	125.0	0	0	5.272869348526001	107600	8314.884553909302	46717	56.58271375464684	
-2740064.0159429517	88.13	11.951219512195122	299.219512195122	186.1951219512195	-119.66950554330103	1076	56142	160	19.0	700.0	437.0	33	10.0	194.0	121.0	0	0	5.478116512298584	107700	8320.3626704216	46754	56.58867223769731	
-2680044.674418862	84.56	11.30952380952381	279.04761904761904	173.64285714285714	-119.66950554330103	1077	56200	160	16.0	539.0	333.0	33	9.0	187.0	117.0	0	0	5.88170313835144	107800	8326.244373559952	46792	56.593692022263454	
-2450069.5406740233	88.02	11.386363636363637	306.5681818181818	190.27272727272728	-119.66950554330103	1078	56256	164	15.0	734.0	464.0	22	9.0	181.0	113.0	0	0	5.3069398403167725	107900	8331.551313400269	46832	56.59684893419833	
-2800080.2492112713	85.16	11.653061224489797	306.42857142857144	189.40816326530611	-119.66950554330103	1079	56307	164	16.0	542.0	331.0	11	8.0	123.0	77.0	0	0	6.398251295089722	108000	8337.949564695358	46877	56.59537037037037	
-2250090.237620282	77.49	11.404761904761905	300.5	185.95238095238096	-119.66950554330103	1080	56365	164	17.0	525.0	327.0	22	9.0	187.0	117.0	0	0	5.619399785995483	108100	8343.568964481354	46915	56.600370027752085	
-2640106.982582418	79.72	11.404255319148936	266.9574468085106	165.91489361702128	-119.66950554330103	1081	56418	164	14.0	566.0	352.0	20	8.0	139.0	87.0	0	0	6.77293848991394	108200	8350.341902971268	46958	56.600739371534196	
-2900094.7495722733	82.77	11.673076923076923	270.7692307692308	168.1346153846154	-119.66950554330103	1082	56466	187	15.0	480.0	298.0	14	8.0	122.0	77.0	0	0	8.496968984603882	108300	8358.838871955872	47006	56.59649122807018	
-2610054.9640457765	80.58	11.380952380952381	287.5952380952381	178.35714285714286	-119.66950554330103	1083	56524	129	14.0	501.0	309.0	38	9.0	182.0	112.0	0	0	5.334228515625	108400	8364.173100471497	47044	56.60147601476015	
-2370042.7134204907	77.7	11.837837837837839	283.43243243243245	176.0810810810811	-119.66950554330103	1084	56587	144	16.0	439.0	274.0	24	10.0	205.0	126.0	0	0	5.034606456756592	108500	8369.207706928253	47077	56.6110599078341	
-2430079.426592031	75.87	11.675	286.225	177.8	-119.66950554330103	1085	56647	144	14.0	457.0	289.0	33	9.0	197.0	123.0	0	0	4.953460454940796	108600	8374.161167383194	47113	56.617863720073665	
-2820044.4914348517	75.78	11.473684210526315	284.1842105263158	176.0	-119.66950554330103	1086	56709	123	14.0	418.0	248.0	35	10.0	161.0	101.0	0	0	5.643205404281616	108700	8379.804372787476	47147	56.62649494020239	
-2430058.5294930097	78.81	11.571428571428571	300.8857142857143	186.57142857142858	-119.66950554330103	1087	56774	119	15.0	449.0	280.0	35	9.0	199.0	122.0	0	0	4.801525115966797	108800	8384.605897903442	47178	56.637867647058826	
-2750073.592782472	77.3	11.714285714285714	289.7142857142857	180.42857142857142	-119.66950554330103	1088	56832	144	17.0	695.0	432.0	10	9.0	173.0	108.0	0	0	6.608710289001465	108900	8391.214608192444	47216	56.64279155188246	
-2160078.4542557625	74.03	11.485714285714286	283.54285714285714	176.22857142857143	-119.66950554330103	1089	56897	136	17.0	529.0	334.0	10	9.0	156.0	97.0	0	0	4.396497964859009	109000	8395.611106157303	47247	56.654128440366975	
-2100073.255642886	70.45	11.567567567567568	274.7837837837838	171.2972972972973	-119.66950554330103	1090	56960	112	17.0	518.0	326.0	11	9.0	156.0	97.0	0	0	4.039132595062256	109100	8399.650238752365	47279	56.66452795600367	
-2880051.123228684	72.63	11.35897435897436	270.64102564102564	168.5897435897436	-119.66950554330103	1091	57021	135	17.0	481.0	303.0	11	9.0	146.0	91.0	0	0	5.543153285980225	109200	8405.193392038345	47314	56.672161172161175	
-2080050.4766242485	74.28	11.290322580645162	259.51612903225805	161.3548387096774	-119.66950554330103	1092	57090	176	17.0	495.0	305.0	7	9.0	146.0	91.0	0	0	3.6413886547088623	109300	8408.834780693054	47340	56.68801463860933	
-2170136.0587031227	71.49	11.432432432432432	267.3783783783784	166.67567567567568	-119.66950554330103	1093	57153	153	17.0	592.0	375.0	15	9.0	146.0	91.0	0	0	5.2248899936676025	109400	8414.059670686722	47373	56.69744058500914	
-2470090.405330225	74.6	11.5	268.36842105263156	167.6315789473684	-119.66950554330103	1094	57215	128	15.0	558.0	350.0	4	9.0	156.0	97.0	0	0	5.691823720932007	109500	8419.751494407654	47407	56.70593607305936	
-2380085.036411788	81.52	11.651162790697674	288.6511627906977	179.2325581395349	-119.66950554330103	1095	57272	135	15.0	596.0	363.0	25	9.0	193.0	121.0	0	0	6.67499566078186	109600	8426.426490068436	47446	56.709854014598534	
-3070083.3081885027	81.65	11.444444444444445	271.24074074074076	168.64814814814815	-119.66950554330103	1096	57318	135	14.0	663.0	400.0	38	10.0	199.0	124.0	0	0	6.934301137924194	109700	8433.36079120636	47496	56.70373746581586	
-2700070.969547435	82.18	11.5	279.52272727272725	174.13636363636363	-119.66950554330103	1097	57374	158	16.0	511.0	317.0	10	10.0	186.0	117.0	0	0	5.768144607543945	109800	8439.128935813904	47536	56.70673952641166	
-2250085.8520350433	81.53	11.675	295.9	183.525	-119.66068389401823	1098	57434	156	18.0	588.0	366.0	9	10.0	193.0	121.0	0	0	5.402533769607544	109900	8444.531469583511	47572	56.71337579617835	
-2710042.5758137684	81.17	11.261904761904763	274.64285714285717	170.92857142857142	-119.66068389401823	1099	57492	114	14.0	500.0	312.0	9	10.0	185.0	115.0	0	0	6.0478761196136475	110000	8450.579345703125	47610	56.71818181818182	
-1850067.2369164927	80.93	11.1	268.3666666666667	166.3	-119.66068389401823	1100	57562	133	13.0	447.0	276.0	32	9.0	176.0	108.0	0	0	4.134893417358398	110100	8454.714239120483	47636	56.7338782924614	
-2710054.6287816907	80.51	11.5	279.625	173.775	-119.66068389401823	1101	57622	122	16.0	470.0	297.0	24	9.0	183.0	113.0	0	0	5.7829015254974365	110200	8460.49714064598	47671	56.741379310344826	
-2590052.589891838	79.2	11.64864864864865	262.94594594594594	164.0810810810811	-119.66068389401823	1102	57685	130	16.0	542.0	338.0	17	10.0	193.0	121.0	0	0	5.439954042434692	110300	8465.937094688416	47704	56.750679963735266	
-2400131.972815074	80.24	11.131578947368421	261.3421052631579	162.28947368421052	-119.66068389401823	1103	57747	145	16.0	590.0	370.0	23	9.0	174.0	109.0	0	0	5.047734498977661	110400	8470.984829187393	47738	56.75905797101449	
-2560082.678962982	78.02	11.595744680851064	293.1914893617021	182.17021276595744	-119.66068389401823	1104	57800	125	16.0	590.0	367.0	30	9.0	169.0	107.0	0	0	5.772851467132568	110500	8476.757680654526	47781	56.75927601809955	
-2330103.2014599615	80.29	11.48	291.48	181.0	-119.66068389401823	1105	57850	137	15.0	697.0	431.0	7	9.0	169.0	107.0	0	0	6.266589164733887	110600	8483.02426981926	47826	56.75768535262206	
-2810099.760808506	79.66	11.387755102040817	277.7755102040816	172.42857142857142	-119.66068389401823	1106	57901	151	16.0	463.0	284.0	17	10.0	213.0	132.0	0	0	7.983879089355469	110700	8491.008148908615	47871	56.75609756097561	
-2470045.3372722673	81.64	11.71111111111111	287.5777777777778	178.64444444444445	-119.66068389401823	1107	57956	163	15.0	578.0	361.0	5	10.0	193.0	121.0	0	0	5.761747360229492	110800	8496.769896268845	47912	56.75812274368231	
-2860040.856237165	82.24	11.473684210526315	286.92105263157896	178.31578947368422	-119.66068389401823	1108	58018	145	14.0	552.0	348.0	23	10.0	182.0	115.0	0	0	5.916596412658691	110900	8502.686492681503	47946	56.76645626690712	
-2400028.332951953	83.78	12.18918918918919	312.5135135135135	195.27027027027026	-119.66068389401823	1109	58081	230	22.0	905.0	568.0	16	10.0	184.0	115.0	0	0	3.800762891769409	111000	8506.487255573273	47979	56.77567567567567	
-2030047.2314312153	83.22	11.692307692307692	289.87179487179486	179.71794871794873	-119.66068389401823	1110	58142	177	18.0	514.0	310.0	23	9.0	193.0	121.0	0	0	4.656850337982178	111100	8511.144105911255	48013	56.78397839783978	
-2710083.6842941614	86.05	11.73469387755102	292.3469387755102	181.73469387755102	-119.66068389401823	1111	58193	213	19.0	819.0	497.0	22	9.0	154.0	97.0	0	0	6.608099460601807	111200	8517.752205371857	48058	56.78237410071942	
-2710087.5331468536	89.71	11.58695652173913	291.0217391304348	180.43478260869566	-119.66068389401823	1112	58247	213	15.0	599.0	376.0	34	9.0	153.0	95.0	0	0	7.829883813858032	111300	8525.582089185715	48100	56.78346810422282	
-3030069.28257679	87.29	11.66	276.14	172.28	-119.66068389401823	1113	58297	213	17.0	520.0	331.0	28	10.0	192.0	121.0	0	0	7.000157356262207	111400	8532.582246541977	48146	56.78096947935368	
-2930046.2198696462	78.39	11.694444444444445	267.5	166.30555555555554	-119.66068389401823	1114	58361	141	15.0	391.0	247.0	27	10.0	197.0	123.0	0	0	4.974756717681885	111500	8537.557003259659	48178	56.79103139013453	
-2240052.086685562	79.2	11.256410256410257	267.8205128205128	166.53846153846155	-119.66068389401823	1115	58422	130	15.0	527.0	331.0	30	9.0	157.0	99.0	0	0	4.935769081115723	111600	8542.492772340775	48213	56.79838709677419	
-2520089.670674351	79.47	11.304347826086957	259.5652173913044	161.6304347826087	-119.66068389401823	1116	58476	154	16.0	462.0	293.0	14	9.0	164.0	103.0	0	0	6.801732540130615	111700	8549.294504880905	48255	56.79946284691137	
-2720043.675688175	79.95	11.574468085106384	285.4255319148936	177.19148936170214	-119.66068389401823	1117	58529	154	15.0	519.0	316.0	14	9.0	193.0	121.0	0	0	8.304334878921509	111800	8557.598839759827	48298	56.79964221824687	
-2340094.2348744287	80.44	11.613636363636363	295.59090909090907	183.52272727272728	-119.66068389401823	1118	58585	154	17.0	601.0	367.0	32	10.0	202.0	127.0	0	0	6.168224096298218	111900	8563.767063856125	48338	56.80250223413763	
-3030052.8899831427	82.83	11.934782608695652	283.67391304347825	176.84782608695653	-119.66068389401823	1119	58639	176	16.0	471.0	295.0	31	10.0	193.0	121.0	0	0	5.991740703582764	112000	8569.758804559708	48380	56.80357142857143	
-2660060.0428291545	81.62	11.775	306.0	189.55	-119.66068389401823	1120	58699	201	15.0	541.0	332.0	7	10.0	181.0	113.0	0	0	4.883958339691162	112100	8574.642762899399	48416	56.8099910793934	
-2130031.1510799914	79.83	12.125	308.25	192.15625	-119.66068389401823	1121	58767	136	16.0	488.0	308.0	7	8.0	134.0	85.0	0	0	4.202808141708374	112200	8578.845571041107	48444	56.8235294117647	
-1960024.0663678271	84.78	11.419354838709678	311.83870967741933	194.25806451612902	-119.66068389401823	1122	58836	133	14.0	527.0	333.0	34	10.0	225.0	143.0	0	0	4.190926790237427	112300	8583.036497831345	48471	56.83793410507569	
-1750021.9243569775	84.81	12.26923076923077	337.0	209.84615384615384	-119.66068389401823	1123	58910	138	17.0	619.0	391.0	16	9.0	228.0	139.0	0	0	3.4153618812561035	112400	8586.4518597126	48493	56.8567615658363	
-2360019.3876021532	80.32	11.891891891891891	302.18918918918916	187.94594594594594	-119.66068389401823	1124	58973	159	16.0	495.0	311.0	16	10.0	199.0	125.0	0	0	4.8559794425964355	112500	8591.307839155197	48526	56.86577777777778	
-1950032.6090059096	78.13	11.59375	301.5	187.5	-119.66068389401823	1125	59041	157	17.0	559.0	334.0	11	8.0	143.0	89.0	0	0	3.3831160068511963	112600	8594.690955162048	48554	56.87921847246892	
-1800023.1768434104	82.17	11.96551724137931	324.7931034482759	201.89655172413794	-119.66068389401823	1126	59112	157	19.0	787.0	484.0	11	10.0	214.0	135.0	0	0	2.7428982257843018	112700	8597.433853387833	48579	56.89529724933451	
-2710039.553800194	80.07	11.763157894736842	301.44736842105266	187.71052631578948	-119.66068389401823	1127	59174	157	22.0	652.0	411.0	16	9.0	176.0	108.0	0	0	5.323487043380737	112800	8602.757340431213	48613	56.90336879432624	
-1970034.542763544	73.19	11.5	291.25	180.96428571428572	-119.66068389401823	1128	59246	139	14.0	472.0	285.0	16	10.0	197.0	125.0	0	0	3.33884859085083	112900	8606.096189022064	48637	56.920283436669614	
-2230043.334113221	82.06	11.512820512820513	280.94871794871796	174.53846153846155	-119.66068389401823	1129	59307	151	20.0	618.0	385.0	16	9.0	173.0	107.0	0	0	4.6548779010772705	113000	8610.751066923141	48672	56.92743362831859	
-2600084.634672657	85.11	11.8	304.15555555555557	189.2888888888889	-119.66068389401823	1130	59362	188	18.0	957.0	597.0	12	10.0	160.0	101.0	0	0	5.747220993041992	113100	8616.498287916183	48713	56.92926613616269	
-1890036.329328774	83.37	11.75	305.17857142857144	189.89285714285714	-119.66068389401823	1131	59434	188	17.0	672.0	422.0	12	9.0	192.0	121.0	0	0	4.889910697937012	113200	8621.38819861412	48737	56.946113074204945	
-2470055.3489895198	88.9	11.619047619047619	288.1666666666667	179.47619047619048	-119.66068389401823	1132	59492	188	15.0	494.0	311.0	29	9.0	174.0	109.0	0	0	5.670467138290405	113300	8627.05866575241	48775	56.95057369814651	
-2280013.582907605	87.37	11.75609756097561	317.2439024390244	197.70731707317074	-119.66068389401823	1133	59551	168	16.0	823.0	517.0	31	10.0	193.0	121.0	0	0	3.8344483375549316	113400	8630.893114089966	48812	56.95590828924163	
-2690044.3452721927	87.26	12.0	319.2142857142857	198.5952380952381	-119.66068389401823	1134	59609	155	17.0	598.0	377.0	13	9.0	201.0	125.0	0	0	5.105915069580078	113500	8635.999029159546	48850	56.96035242290749	
-2760036.822448075	85.27	11.928571428571429	299.7142857142857	186.33333333333334	-119.66068389401823	1135	59667	147	18.0	617.0	386.0	29	10.0	170.0	107.0	0	0	6.121342897415161	113600	8642.120372056961	48888	56.96478873239437	
-2340094.7023734604	86.48	11.657142857142857	309.1142857142857	192.0857142857143	-119.66068389401823	1136	59732	147	19.0	1104.0	697.0	45	9.0	167.0	105.0	0	0	4.89329719543457	113700	8647.013669252396	48919	56.97537379067722	
-2350120.4541723956	85.63	11.581395348837209	281.13953488372096	175.1627906976744	-119.66068389401823	1137	59789	148	16.0	830.0	525.0	45	9.0	199.0	125.0	0	0	6.632310628890991	113800	8653.645979881287	48958	56.978910369068544	
-2880050.0859846193	87.07	11.86046511627907	303.3953488372093	188.04651162790697	-119.66068389401823	1138	59846	168	17.0	618.0	387.0	11	9.0	202.0	127.0	0	0	6.468390464782715	113900	8660.11437034607	48997	56.98244073748903	
-2210062.5925515317	85.78	12.236842105263158	318.44736842105266	197.5	-119.66068389401823	1139	59908	178	17.0	640.0	403.0	11	10.0	181.0	115.0	0	0	4.825288534164429	114000	8664.939658880234	49031	56.99035087719298	
-2240050.0728374426	89.1	12.45	336.425	209.2	-119.66068389401823	1140	59968	178	17.0	735.0	465.0	11	9.0	192.0	121.0	0	0	4.883542060852051	114100	8669.823200941086	49067	56.99649430324277	
-2500077.0666862624	90.25	12.071428571428571	291.9047619047619	181.66666666666666	-119.66068389401823	1141	60026	178	16.0	481.0	298.0	11	9.0	183.0	115.0	0	0	4.834049463272095	114200	8674.657250404358	49105	57.00087565674256	
-2570096.881936763	88.68	11.622222222222222	289.3333333333333	179.82222222222222	-119.66068389401823	1142	60081	181	17.0	535.0	334.0	21	9.0	192.0	121.0	0	0	5.478060483932495	114300	8680.13531088829	49146	57.00262467191601	
-2780059.337718938	89.06	11.851851851851851	306.8333333333333	190.12962962962962	-119.66068389401823	1143	60127	181	18.0	526.0	329.0	33	8.0	176.0	109.0	0	0	7.2242114543914795	114400	8687.359522342682	49196	56.9965034965035	
-2290068.509771566	88.6	11.840909090909092	310.3636363636364	192.70454545454547	-119.66068389401823	1144	60183	164	19.0	764.0	478.0	16	8.0	148.0	93.0	0	0	5.653173208236694	114500	8693.012695550919	49236	56.99912663755459	
-2410061.8645683555	87.4	11.675675675675675	301.02702702702703	186.45945945945945	-119.66068389401823	1145	60246	163	17.0	642.0	404.0	30	10.0	207.0	129.0	0	0	5.714238882064819	114600	8698.726934432983	49269	57.00785340314136	
-2310067.8252145653	85.44	11.638297872340425	276.70212765957444	171.9787234042553	-119.66068389401823	1146	60299	149	19.0	528.0	326.0	34	9.0	193.0	121.0	0	0	6.04667067527771	114700	8704.773605108261	49312	57.00784655623365	
-2590084.569457025	86.62	11.46938775510204	288.9591836734694	179.42857142857142	-119.66068389401823	1147	60350	149	16.0	699.0	432.0	36	10.0	199.0	125.0	0	0	6.572325706481934	114800	8711.345930814743	49357	57.00609756097561	
-2890109.116596872	88.59	11.529411764705882	288.1372549019608	178.64705882352942	-119.66068389401823	1148	60399	202	15.0	450.0	283.0	25	10.0	199.0	125.0	0	0	7.281710147857666	114900	8718.6276409626	49404	57.002610966057446	
-2100023.591772282	84.54	11.463414634146341	306.5365853658537	190.21951219512195	-119.66068389401823	1149	60458	180	15.0	531.0	332.0	36	9.0	166.0	105.0	0	0	4.841177701950073	115000	8723.46881866455	49441	57.00782608695652	
-2470050.588920557	82.89	11.434782608695652	285.8478260869565	177.04347826086956	-119.66068389401823	1150	60512	168	17.0	575.0	354.0	10	9.0	166.0	105.0	0	0	6.076845407485962	115100	8729.545664072037	49483	57.008688097306695	
-2440091.1261507934	77.82	11.520833333333334	285.25	177.3125	-119.66068389401823	1151	60564	155	15.0	545.0	345.0	10	10.0	166.0	105.0	0	0	6.104245901107788	115200	8735.649909973145	49527	57.0078125	
-1770081.1767694757	75.27	11.565217391304348	303.67391304347825	188.47826086956522	-119.66068389401823	1152	60618	141	17.0	696.0	432.0	17	9.0	206.0	129.0	0	0	6.286100149154663	115300	8741.9360101223	49568	57.00954032957502	
-2610136.724498052	76.92	11.5	284.25	176.45833333333334	-119.66068389401823	1153	60670	126	16.0	529.0	332.0	17	10.0	186.0	117.0	0	0	6.3680338859558105	115400	8748.304044008255	49612	57.008665511265164	
-1680071.949401596	79.21	11.741935483870968	298.64516129032256	185.8709677419355	-119.66068389401823	1154	60739	154	18.0	518.0	331.0	17	9.0	218.0	136.0	0	0	5.2119221687316895	115500	8753.515966176987	49639	57.022510822510824	
-2710051.3627440077	74.32	11.521739130434783	297.32608695652175	184.6086956521739	-119.66068389401823	1155	60793	166	16.0	536.0	332.0	2	9.0	188.0	116.0	0	0	5.624104976654053	115600	8759.14007115364	49680	57.0242214532872	
-2190057.513659566	71.89	11.64102564102564	309.02564102564105	192.82051282051282	-119.66068389401823	1156	60854	166	18.0	901.0	557.0	2	9.0	154.0	97.0	0	0	4.1599650382995605	115700	8763.30003619194	49715	57.03111495246327	
-1820064.278770024	78.67	11.475	301.425	187.775	-119.66068389401823	1157	60914	162	15.0	755.0	478.0	2	9.0	212.0	134.0	0	0	4.156741142272949	115800	8767.456777334213	49751	57.03713298791019	
-2180064.519549987	77.83	11.972972972972974	316.1081081081081	196.75675675675674	-119.66068389401823	1158	60977	149	16.0	589.0	365.0	4	9.0	172.0	107.0	0	0	4.601530075073242	115900	8772.058307409286	49784	57.04572907679034	
-2720087.970956389	79.4	11.880952380952381	317.9761904761905	197.45238095238096	-119.66068389401823	1159	61035	149	18.0	596.0	362.0	12	9.0	203.0	127.0	0	0	6.661556243896484	116000	8778.719863653183	49822	57.05	
-2380027.821003814	77.42	11.657142857142857	292.25714285714287	182.14285714285714	-119.66068389401823	1160	61100	119	15.0	615.0	386.0	32	8.0	161.0	101.0	0	0	5.277515411376953	116100	8783.99737906456	49853	57.06029285099052	
-2480030.6766391727	81.43	11.5	282.13157894736844	175.97368421052633	-119.66068389401823	1161	61162	135	13.0	455.0	281.0	7	10.0	198.0	125.0	0	0	5.688317775726318	116200	8789.685696840286	49887	57.06798623063683	
-2430137.8311968213	78.83	11.26086956521739	283.2391304347826	175.7608695652174	-119.66068389401823	1162	61216	128	14.0	459.0	288.0	7	10.0	197.0	125.0	0	0	6.676724433898926	116300	8796.362421274185	49928	57.06964746345658	
-3080107.2926291754	84.95	11.5	292.3478260869565	181.30434782608697	-119.66068389401823	1163	61270	184	15.0	645.0	404.0	18	9.0	176.0	111.0	0	0	6.623803377151489	116400	8802.986224651337	49970	57.070446735395194	
-2840056.718000829	86.17	11.613636363636363	288.97727272727275	179.20454545454547	-119.66068389401823	1164	61326	184	15.0	538.0	332.0	18	9.0	175.0	109.0	0	0	5.588818550109863	116500	8808.575043201447	50010	57.072961373390555	
-2500027.3492584927	82.77	11.725	303.85	189.35	-119.66068389401823	1165	61386	184	17.0	755.0	477.0	20	9.0	199.0	125.0	0	0	4.797186613082886	116600	8813.37222981453	50046	57.078902229845625	
-2120039.8711522194	86.38	12.21951219512195	320.0975609756098	199.90243902439025	-119.66068389401823	1166	61445	198	18.0	812.0	506.0	16	10.0	176.0	111.0	0	0	5.429139614105225	116700	8818.801369428635	50082	57.08483290488432	
-2060107.5216913617	85.81	12.363636363636363	336.6666666666667	209.4848484848485	-119.66068389401823	1167	61512	198	18.0	823.0	519.0	35	10.0	215.0	135.0	0	0	4.061533212661743	116800	8822.862902641296	50111	57.096746575342465	
-2450050.4118950726	88.51	12.0	331.8974358974359	205.74358974358975	-119.66068389401823	1168	61573	198	17.0	864.0	545.0	17	10.0	193.0	121.0	0	0	5.070188522338867	116900	8827.933091163635	50146	57.10350727117194	
-2190069.5509776436	84.41	11.91891891891892	317.5945945945946	198.43243243243242	-119.66068389401823	1169	61636	198	17.0	1066.0	674.0	11	10.0	194.0	121.0	0	0	4.863593339920044	117000	8832.796684503555	50179	57.11196581196582	
-2780028.7520753443	85.86	11.840909090909092	323.6818181818182	201.6818181818182	-119.66068389401823	1170	61692	220	15.0	691.0	433.0	21	9.0	185.0	117.0	0	0	5.663493394851685	117100	8838.460177898407	50219	57.11443210930828	
-2450083.4098991514	84.09	11.785714285714286	320.2142857142857	198.88095238095238	-119.58457790222005	1171	61750	162	17.0	787.0	499.0	20	9.0	186.0	117.0	0	0	4.948387384414673	117200	8843.408565282822	50256	57.11945392491467	
-2130048.3144117896	80.55	11.86046511627907	306.30232558139534	191.06976744186048	-119.58457790222005	1172	61807	143	16.0	497.0	312.0	13	9.0	179.0	113.0	0	0	5.615076541900635	117300	8849.023641824722	50294	57.1236146632566	
-2230035.328071886	83.05	11.738095238095237	289.8095238095238	180.42857142857142	-119.58457790222005	1173	61865	139	15.0	463.0	290.0	14	9.0	193.0	118.0	0	0	6.100110769271851	117400	8855.123752593994	50332	57.12776831345826	
-2980026.574890971	84.75	11.914893617021276	322.4468085106383	201.10638297872342	-119.58457790222005	1174	61918	173	21.0	1094.0	690.0	24	9.0	186.0	116.0	0	0	6.0037384033203125	117500	8861.127490997314	50375	57.12765957446809	
-2800062.685577133	89.56	11.76595744680851	303.468085106383	188.59574468085106	-119.58457790222005	1175	61971	173	17.0	618.0	395.0	26	9.0	189.0	116.0	0	0	5.864651918411255	117600	8866.992142915726	50418	57.12755102040816	
-2420070.384691722	88.75	11.625	309.2708333333333	192.08333333333334	-119.58457790222005	1176	62023	152	17.0	782.0	485.0	19	9.0	188.0	117.0	0	0	6.643861532211304	117700	8873.636004447937	50461	57.12744265080714	
-3360071.981627781	84.4	11.8	306.08	189.88	-119.58457790222005	1177	62073	152	20.0	873.0	553.0	23	10.0	193.0	121.0	0	0	7.953854322433472	117800	8881.58985877037	50507	57.12478777589134	
-2670060.868215482	83.72	11.631578947368421	291.44736842105266	181.23684210526315	-119.58457790222005	1178	62135	141	16.0	692.0	423.0	27	9.0	165.0	105.0	0	0	7.340896368026733	117900	8888.930755138397	50541	57.1323155216285	
-2410050.4397823988	87.04	12.0	327.8	204.04444444444445	-119.58457790222005	1179	62190	191	19.0	830.0	521.0	43	9.0	142.0	89.0	0	0	5.606130123138428	118000	8894.536885261536	50582	57.13389830508475	
-2480048.2111457847	86.67	12.025641025641026	333.3333333333333	207.07692307692307	-119.58457790222005	1180	62251	181	18.0	582.0	366.0	31	9.0	195.0	123.0	0	0	5.112076282501221	118100	8899.648961544037	50617	57.14055884843353	
-2370064.1313797347	83.73	11.472222222222221	293.44444444444446	181.77777777777777	-119.58457790222005	1181	62315	141	17.0	602.0	374.0	16	9.0	193.0	121.0	0	0	4.880507230758667	118200	8904.529468774796	50649	57.1497461928934	
-2370074.109879683	83.86	11.681818181818182	309.6363636363636	192.38636363636363	-119.58457790222005	1182	62371	172	19.0	999.0	625.0	12	9.0	199.0	125.0	0	0	6.000107288360596	118300	8910.529576063156	50688	57.15300084530854	
-2990085.069065483	81.14	11.577777777777778	308.68888888888887	191.9111111111111	-119.58457790222005	1183	62426	155	17.0	501.0	317.0	12	9.0	162.0	101.0	0	0	7.689417600631714	118400	8918.218993663788	50729	57.154560810810814	
-2160111.131196002	79.8	11.560975609756097	286.609756097561	178.21951219512195	-119.58457790222005	1184	62485	192	17.0	740.0	466.0	12	9.0	186.0	117.0	0	0	5.045316457748413	118500	8923.264310121536	50765	57.16033755274262	
-2970061.776047685	79.09	11.208333333333334	287.0625	178.41666666666666	-119.58457790222005	1185	62537	160	15.0	507.0	321.0	11	9.0	188.0	119.0	0	0	5.960773229598999	118600	8929.225083351135	50809	57.15935919055649	
-2950062.85071831	80.17	11.68	296.02	184.52	-119.58457790222005	1186	62587	160	18.0	649.0	407.0	7	9.0	223.0	139.0	0	0	6.849816799163818	118700	8936.074900150299	50855	57.15669755686605	
-2080037.6985830916	79.48	11.880952380952381	299.4047619047619	187.07142857142858	-119.58457790222005	1187	62645	155	19.0	555.0	348.0	38	10.0	190.0	119.0	0	0	4.536500930786133	118800	8940.611401081085	50893	57.160774410774415	
-3440076.8863023235	85.63	11.8	290.22	180.08	-119.58457790222005	1188	62695	207	18.0	662.0	415.0	12	9.0	184.0	115.0	0	0	8.086458921432495	118900	8948.697860002518	50939	57.15811606391926	
-2940075.734223779	88.5	12.104166666666666	319.4791666666667	198.77083333333334	-119.58457790222005	1189	62747	198	16.0	685.0	432.0	12	10.0	192.0	121.0	0	0	6.497758150100708	119000	8955.195618152618	50983	57.15714285714286	
-2280087.4493010635	83.86	11.796296296296296	304.1666666666667	189.09259259259258	-119.58457790222005	1190	62793	156	17.0	515.0	327.0	18	8.0	138.0	87.0	0	0	8.060515403747559	119100	8963.256133556366	51033	57.151133501259444	
-2340043.270099554	88.71	11.98076923076923	319.7692307692308	198.67307692307693	-119.58457790222005	1191	62841	156	19.0	759.0	483.0	46	10.0	186.0	117.0	0	0	6.312882661819458	119200	8969.569016218185	51081	57.14681208053691	
-2270090.0250978176	87.36	11.714285714285714	311.57142857142856	192.11904761904762	-119.58457790222005	1192	62899	143	16.0	702.0	440.0	29	10.0	199.0	125.0	0	0	6.926645755767822	119300	8976.495661973953	51119	57.150880134115674	
-3090084.1008908497	86.91	11.946428571428571	316.0892857142857	195.76785714285714	-119.58457790222005	1193	62943	178	19.0	634.0	397.0	29	9.0	162.0	101.0	0	0	8.62892746925354	119400	8985.124589443207	51171	57.14321608040201	
-1690059.4940812234	84.52	11.472222222222221	289.5	179.44444444444446	-119.58457790222005	1194	63007	140	18.0	553.0	343.0	29	9.0	178.0	111.0	0	0	4.276682376861572	119500	8989.401271820068	51203	57.15230125523013	
-2920027.4940505247	81.79	11.619047619047619	278.6904761904762	173.33333333333334	-119.58457790222005	1195	63065	143	15.0	522.0	331.0	25	9.0	166.0	105.0	0	0	5.502218961715698	119600	8994.903490781784	51241	57.15635451505017	
-2620023.5568718715	85.01	12.146341463414634	315.9512195121951	197.1219512195122	-119.58457790222005	1196	63124	163	15.0	588.0	373.0	5	9.0	193.0	121.0	0	0	4.757686138153076	119700	8999.661176919937	51278	57.16123642439432	
-3250040.6957448567	88.22	11.893617021276595	304.5531914893617	189.89361702127658	-119.58457790222005	1197	63177	159	15.0	684.0	426.0	23	10.0	182.0	115.0	0	0	6.941050052642822	119800	9006.60222697258	51321	57.16110183639399	
-2330080.9276762945	89.17	12.025	318.525	197.525	-119.58457790222005	1198	63237	180	15.0	680.0	426.0	16	10.0	182.0	115.0	0	0	5.482971906661987	119900	9012.085198879242	51357	57.16680567139283	
-2520067.4428342525	90.0	12.458333333333334	328.3333333333333	205.04166666666666	-119.58457790222005	1199	63289	168	19.0	698.0	438.0	5	10.0	193.0	121.0	0	0	7.219276428222656	120000	9019.304475307465	51401	57.16583333333333	
-2950047.383468745	90.2	11.777777777777779	325.31111111111113	202.64444444444445	-119.58457790222005	1200	63344	168	15.0	649.0	405.0	5	9.0	200.0	125.0	0	0	7.140100002288818	120100	9026.444575309753	51442	57.16736053288926	
-2490050.6921405457	85.68	11.7	294.075	183.425	-119.58457790222005	1201	63404	172	16.0	755.0	479.0	10	9.0	184.0	115.0	0	0	5.605587482452393	120200	9032.050162792206	51478	57.17304492512479	
-1860044.5278724914	85.45	11.567567567567568	284.97297297297297	177.02702702702703	-119.58457790222005	1202	63467	172	15.0	609.0	369.0	10	10.0	217.0	135.0	0	0	4.932512521743774	120300	9036.98267531395	51511	57.181213632585205	
-2230052.0611047065	83.95	11.86046511627907	310.2093023255814	193.51162790697674	-119.58457790222005	1203	63524	172	17.0	637.0	395.0	26	9.0	176.0	111.0	0	0	5.985625267028809	120400	9042.968300580978	51550	57.1843853820598	
-2670076.368018699	81.68	11.510204081632653	271.59183673469386	169.0204081632653	-119.58457790222005	1204	63575	159	18.0	617.0	385.0	22	10.0	189.0	119.0	0	0	7.516150712966919	120500	9050.484451293945	51595	57.18257261410788	
-2280113.3200789224	83.92	11.918367346938776	290.734693877551	181.22448979591837	-119.58457790222005	1205	63626	159	16.0	640.0	401.0	13	10.0	192.0	121.0	0	0	7.0660624504089355	120600	9057.550513744354	51640	57.18076285240464	
-2770096.794494541	84.3	11.69811320754717	277.9056603773585	172.9056603773585	-119.58457790222005	1206	63673	156	19.0	672.0	416.0	13	9.0	193.0	121.0	0	0	7.191357851028442	120700	9064.741871595383	51688	57.1764705882353	
-3010049.220471419	82.02	12.02	304.06	189.06	-119.58457790222005	1207	63723	141	17.0	728.0	457.0	13	10.0	193.0	121.0	0	0	7.519454002380371	120800	9072.261325597763	51734	57.17384105960265	
-2580039.9806788517	83.68	12.046511627906977	309.3720930232558	192.62790697674419	-119.58457790222005	1208	63780	165	22.0	697.0	437.0	3	10.0	193.0	121.0	0	0	5.354999542236328	120900	9077.61632514	51773	57.17700578990901	
-2500020.3314071614	83.92	11.868421052631579	291.1842105263158	181.05263157894737	-119.58457790222005	1209	63842	153	16.0	661.0	416.0	13	10.0	192.0	121.0	0	0	5.540360927581787	121000	9083.156686067581	51807	57.18429752066116	
-2730055.5806187284	81.08	12.093023255813954	300.4418604651163	187.0	-119.58457790222005	1210	63899	168	19.0	525.0	333.0	13	9.0	136.0	85.0	0	0	5.4612815380096436	121100	9088.61796760559	51846	57.18744838976053	
-2320036.491208004	79.01	11.75	287.19444444444446	179.11111111111111	-119.58457790222005	1211	63963	156	16.0	540.0	336.0	3	9.0	199.0	125.0	0	0	4.252853155136108	121200	9092.870820760727	51877	57.19719471947195	
-3200057.3483967376	78.8	11.521739130434783	275.4347826086956	171.3913043478261	-119.58457790222005	1212	64017	149	14.0	494.0	307.0	3	9.0	193.0	121.0	0	0	6.444745779037476	121300	9099.315566539764	51919	57.19785655399835	
-2350080.2069756305	76.87	11.421052631578947	305.05263157894734	189.81578947368422	-119.58457790222005	1213	64079	142	15.0	535.0	339.0	3	9.0	215.0	135.0	0	0	4.354362487792969	121400	9103.669929027557	51952	57.20593080724877	
-2260062.811945355	76.27	11.727272727272727	309.40909090909093	192.22727272727272	-119.58457790222005	1214	64135	159	17.0	668.0	423.0	3	9.0	182.0	112.0	0	0	5.091673851013184	121500	9108.76160287857	51992	57.2082304526749	
-2720081.832938854	83.93	11.568627450980392	293.03921568627453	182.07843137254903	-119.58457790222005	1215	64184	159	16.0	666.0	420.0	3	9.0	179.0	113.0	0	0	8.433908224105835	121600	9117.195511102676	52039	57.2047697368421	
-2460115.3605719553	79.83	11.907407407407407	291.1296296296296	181.3148148148148	-119.58457790222005	1216	64230	156	21.0	597.0	377.0	3	8.0	145.0	91.0	0	0	7.951229095458984	121700	9125.146740198135	52089	57.19884963023829	
-2320090.916122912	77.88	11.86046511627907	287.86046511627904	179.41860465116278	-119.58457790222005	1217	64287	134	16.0	595.0	373.0	3	10.0	172.0	107.0	0	0	6.026779890060425	121800	9131.173520088196	52128	57.20197044334975	
-2520117.9692176105	81.93	11.648148148148149	309.6296296296296	192.0185185185185	-119.58457790222005	1218	64333	146	16.0	574.0	361.0	3	8.0	130.0	81.0	0	0	7.762851238250732	121900	9138.936371326447	52178	57.1960623461854	
-2730109.3116919077	79.51	11.83673469387755	323.44897959183675	201.0	-119.58457790222005	1219	64384	151	17.0	672.0	423.0	3	9.0	163.0	100.0	0	0	6.615651607513428	122000	9145.55202293396	52223	57.19426229508196	
-2580092.613763928	78.1	11.883720930232558	302.5348837209302	188.06976744186048	-119.58457790222005	1220	64441	146	16.0	681.0	423.0	3	10.0	192.0	121.0	0	0	6.340979099273682	122100	9151.893002033234	52261	57.1981981981982	
-2040100.5363018822	79.3	11.895833333333334	320.8125	199.6875	-119.58457790222005	1221	64493	174	16.0	597.0	373.0	3	10.0	193.0	121.0	0	0	5.337619066238403	122200	9157.230621099472	52305	57.19721767594108	
-2930085.52036614	79.99	11.907407407407407	293.35185185185185	182.8148148148148	-119.58457790222005	1222	64539	150	19.0	530.0	332.0	5	9.0	174.0	109.0	0	0	6.143584728240967	122300	9163.374205827713	52355	57.19133278822567	
-2590120.7194142654	74.34	11.30952380952381	268.9047619047619	167.38095238095238	-119.58457790222005	1223	64597	142	18.0	482.0	301.0	5	9.0	171.0	107.0	0	0	6.0144970417022705	122400	9169.388702869415	52393	57.1952614379085	
-2580092.464233417	77.76	11.6875	292.9166666666667	181.89583333333334	-119.58457790222005	1224	64649	170	15.0	551.0	347.0	5	10.0	192.0	121.0	0	0	6.202183246612549	122500	9175.590886116028	52437	57.19428571428571	
-2510078.661913555	79.92	12.07843137254902	320.88235294117646	199.19607843137254	-119.58457790222005	1225	64698	169	16.0	671.0	417.0	1	9.0	201.0	124.0	0	0	7.822588205337524	122600	9183.413474321365	52484	57.190864600326265	
-2700069.067780056	81.17	11.903846153846153	290.2307692307692	180.23076923076923	-119.58457790222005	1226	64746	217	18.0	546.0	343.0	1	8.0	142.0	89.0	0	0	6.700047254562378	122700	9190.113521575928	52532	57.18663406682967	
-3040058.4777596467	79.81	11.625	286.3125	177.72916666666666	-119.58457790222005	1227	64798	162	15.0	599.0	368.0	1	9.0	199.0	124.0	0	0	7.43418025970459	122800	9197.547701835632	52576	57.185667752442995	
-2520074.594991392	79.64	11.340909090909092	269.40909090909093	167.11363636363637	-119.58457790222005	1228	64854	139	16.0	676.0	411.0	1	9.0	162.0	101.0	0	0	6.030612468719482	122900	9203.578314304352	52615	57.18877135882832	
-2810100.7773009585	77.55	11.461538461538462	289.8269230769231	180.28846153846155	-119.58457790222005	1229	64902	161	15.0	591.0	373.0	6	9.0	188.0	119.0	0	0	6.7159764766693115	123000	9210.294290781021	52663	57.18455284552846	
-1650073.7572712107	84.09	11.357142857142858	280.5	174.47619047619048	-119.58457790222005	1230	64960	161	14.0	613.0	386.0	6	10.0	193.0	121.0	0	0	6.972696781158447	123100	9217.26698756218	52701	57.18846466287571	
-2880101.3473717715	83.97	11.64516129032258	287.96774193548384	179.2258064516129	-119.58457790222005	1231	64998	161	17.0	613.0	386.0	7	10.0	192.0	121.0	0	0	8.388099431991577	123200	9225.655086994171	52759	57.17613636363637	
-2850064.464513166	84.36	11.612244897959183	284.6938775510204	177.0408163265306	-119.58457790222005	1232	65049	174	18.0	648.0	404.0	7	9.0	141.0	89.0	0	0	7.498276710510254	123300	9233.153363704681	52804	57.17437145174372	
-2300070.2703670063	82.75	11.666666666666666	293.0769230769231	183.07692307692307	-119.58457790222005	1233	65110	138	18.0	668.0	416.0	30	8.0	165.0	103.0	0	0	4.985810279846191	123400	9238.139173984528	52839	57.180713128038896	
-2370039.9016666757	79.73	11.743589743589743	296.71794871794873	184.30769230769232	-119.58457790222005	1234	65171	152	17.0	508.0	318.0	16	9.0	199.0	125.0	0	0	4.544404029846191	123500	9242.683578014374	52874	57.187044534412955	
-2310027.6645548227	80.36	12.027777777777779	311.6111111111111	194.41666666666666	-119.58457790222005	1235	65235	161	16.0	521.0	323.0	3	10.0	175.0	109.0	0	0	5.078629732131958	123600	9247.762207746506	52906	57.1957928802589	
-2260036.922849376	82.82	12.236842105263158	322.7631578947368	202.18421052631578	-119.58457790222005	1236	65297	195	18.0	746.0	470.0	14	10.0	192.0	121.0	0	0	4.18984580039978	123700	9251.952053546906	52940	57.20291026677445	
-1780046.824574613	81.64	11.733333333333333	275.1333333333333	171.23333333333332	-119.58457790222005	1237	65367	184	15.0	413.0	259.0	6	10.0	218.0	134.0	0	0	3.6151843070983887	123800	9255.567237854004	52966	57.21647819063005	
-2540043.6955361753	78.27	11.842105263157896	299.8157894736842	186.8421052631579	-119.58457790222005	1238	65429	184	16.0	658.0	404.0	13	10.0	193.0	121.0	0	0	4.839863300323486	123900	9260.407101154327	53000	57.223567393058914	
-3060055.0768147893	78.02	11.9	293.26	183.04	-119.58457790222005	1239	65479	157	16.0	549.0	344.0	11	9.0	193.0	121.0	0	0	6.477887868881226	124000	9266.884989023209	53046	57.22096774193549	
-2300052.4648857582	79.47	11.86	284.36	177.38	-119.58457790222005	1240	65529	107	16.0	476.0	297.0	11	10.0	199.0	124.0	0	0	5.722753047943115	124100	9272.607742071152	53092	57.21837228041902	
-3030074.5620874	85.45	11.884615384615385	284.9807692307692	177.6153846153846	-119.58457790222005	1241	65577	151	24.0	699.0	443.0	17	10.0	172.0	109.0	0	0	8.874415159225464	124200	9281.482157230377	53139	57.21497584541063	
-3040050.9961166596	86.66	11.733333333333333	288.7111111111111	179.46666666666667	-119.58457790222005	1242	65632	234	16.0	658.0	415.0	3	9.0	176.0	111.0	0	0	5.938095331192017	124300	9287.42025256157	53180	57.21641190667739	
-2750054.589881289	84.75	11.823529411764707	295.62745098039215	183.72549019607843	-119.58457790222005	1243	65681	148	18.0	589.0	363.0	39	10.0	193.0	121.0	0	0	6.102853775024414	124400	9293.523106336594	53227	57.213022508038584	
-3540061.640377141	84.23	11.724137931034482	291.58620689655174	180.93103448275863	-119.58457790222005	1244	65723	149	16.0	560.0	350.0	24	9.0	193.0	121.0	0	0	7.619251489639282	124500	9301.142357826233	53281	57.20401606425703	
-2090053.5189930438	78.36	11.55	294.3	182.525	-119.58457790222005	1245	65783	149	18.0	510.0	321.0	24	10.0	199.0	125.0	0	0	5.538663148880005	124600	9306.681020975113	53317	57.20947030497592	
-2850077.929781366	83.11	11.62962962962963	279.24074074074076	173.7962962962963	-119.58457790222005	1246	65829	170	14.0	521.0	329.0	24	9.0	161.0	101.0	0	0	8.395564317703247	124700	9315.076585292816	53367	57.2036888532478	
-2860032.718422507	80.09	11.761904761904763	287.9047619047619	179.28571428571428	-119.53498377383346	1247	65887	149	16.0	519.0	326.0	23	9.0	211.0	130.0	0	0	5.315113306045532	124800	9320.391698598862	53405	57.20753205128205	
-2150022.7460101387	71.64	11.833333333333334	301.3666666666667	187.2	-119.53498377383346	1248	65957	145	15.0	518.0	320.0	23	9.0	154.0	97.0	0	0	3.9268202781677246	124900	9324.31851887703	53431	57.22097678142514	
-2230084.711198622	75.77	11.975	301.85	189.125	-119.53498377383346	1249	66017	150	16.0	681.0	431.0	15	10.0	189.0	119.0	0	0	5.121959686279297	125000	9329.440478563309	53467	57.2264	
-2120074.90857081	76.71	11.81578947368421	295.0	184.44736842105263	-119.53498377383346	1250	66079	146	16.0	681.0	431.0	15	9.0	189.0	119.0	0	0	4.750033140182495	125100	9334.190511703491	53500	57.23421262989608	
-2380119.090050249	79.51	11.555555555555555	280.44444444444446	174.69444444444446	-119.53498377383346	1251	66143	146	14.0	463.0	290.0	15	9.0	199.0	125.0	0	0	4.906521558761597	125200	9339.097033262253	53532	57.242811501597444	
-2450034.4433707823	81.05	11.61111111111111	284.0833333333333	176.88888888888889	-119.53498377383346	1252	66207	146	14.0	489.0	304.0	15	10.0	193.0	121.0	0	0	5.912624835968018	125300	9345.00965809822	53564	57.2513966480447	
-2550039.336411219	82.62	11.54054054054054	291.4054054054054	181.1891891891892	-119.53498377383346	1253	66270	164	14.0	584.0	357.0	4	10.0	192.0	121.0	0	0	5.63282322883606	125400	9350.642481327057	53597	57.259170653907496	
-2510058.867953394	91.21	11.534883720930232	294.0232558139535	182.88372093023256	-119.53498377383346	1254	66327	196	17.0	675.0	413.0	34	9.0	191.0	118.0	0	0	5.538614273071289	125500	9356.181095600128	53635	57.26294820717131	
-1960144.5940609986	89.79	11.92156862745098	306.9019607843137	190.41176470588235	-119.53498377383346	1255	66376	196	18.0	521.0	331.0	25	10.0	199.0	125.0	0	0	6.220109701156616	125600	9362.401205301285	53681	57.26035031847134	
-3040094.6521964115	84.79	11.745454545454546	279.9818181818182	174.27272727272728	-119.53498377383346	1256	66421	155	21.0	565.0	349.0	13	9.0	191.0	119.0	0	0	7.249338865280151	125700	9369.650544166565	53732	57.253778838504374	
-2630110.6104762154	84.08	11.39622641509434	271.8867924528302	168.9811320754717	-119.53498377383346	1257	66468	155	15.0	719.0	426.0	18	10.0	193.0	121.0	0	0	8.969094276428223	125800	9378.619638442993	53781	57.24880763116057	
-2520055.4233183777	85.89	11.660377358490566	307.6981132075472	191.77358490566039	-119.53498377383346	1258	66515	170	17.0	964.0	609.0	19	10.0	164.0	103.0	0	0	6.0343499183654785	125900	9384.653988361359	53830	57.2438443208896	
-2470102.623636825	84.9	11.604651162790697	303.30232558139534	188.67441860465115	-119.53498377383346	1259	66572	170	16.0	525.0	327.0	35	9.0	192.0	121.0	0	0	5.701222896575928	126000	9390.355211257935	53869	57.24682539682539	
-2950087.294393282	81.85	11.56	293.18	182.06	-119.53498377383346	1260	66622	170	17.0	534.0	336.0	26	9.0	159.0	99.0	0	0	7.123345136642456	126100	9397.478556394577	53915	57.24425059476606	
-1990076.9766596514	81.33	11.906976744186046	307.6046511627907	191.46511627906978	-119.53498377383346	1261	66679	161	18.0	915.0	575.0	7	9.0	161.0	101.0	0	0	4.578143835067749	126200	9402.056700229645	53954	57.247226624405705	
-2280088.805896136	81.73	11.688888888888888	306.35555555555555	190.8	-119.53498377383346	1262	66734	172	19.0	916.0	575.0	7	9.0	199.0	125.0	0	0	7.470980882644653	126300	9409.52768111229	53995	57.2486144101346	
-2500173.7728021056	79.83	11.488372093023257	289.95348837209303	180.62790697674419	-119.53498377383346	1263	66791	167	15.0	663.0	419.0	1	9.0	149.0	93.0	0	0	5.545367479324341	126400	9415.073048591614	54034	57.25158227848101	
-2460118.5993152247	78.8	11.456521739130435	288.2391304347826	178.7826086956522	-119.53498377383346	1264	66845	161	18.0	541.0	332.0	7	8.0	139.0	87.0	0	0	5.367422580718994	126500	9420.440471172333	54076	57.25217391304348	
-2350122.7561652563	88.92	11.591836734693878	318.9795918367347	197.28571428571428	-119.53498377383346	1265	66896	195	16.0	584.0	365.0	11	8.0	156.0	96.0	0	0	5.2501420974731445	126600	9425.690613269806	54121	57.250394944707736	
-2390059.47254286	83.19	12.045454545454545	310.79545454545456	193.02272727272728	-119.53498377383346	1266	66952	176	16.0	649.0	392.0	11	10.0	193.0	121.0	0	0	7.035875558853149	126700	9432.726488828659	54161	57.25256511444356	
-1780115.846804617	88.18	12.3	325.05	201.325	-119.53498377383346	1267	67012	203	21.0	583.0	343.0	11	9.0	209.0	127.0	0	0	5.967424154281616	126800	9438.69391298294	54197	57.25788643533123	
-2690108.4998108195	87.31	12.076923076923077	307.09615384615387	191.26923076923077	-119.53498377383346	1268	67060	203	16.0	838.0	518.0	23	10.0	193.0	121.0	0	0	7.757654905319214	126900	9446.45156788826	54245	57.25374310480694	
-3160079.9013180137	80.92	11.117647058823529	253.7058823529412	157.72549019607843	-119.53498377383346	1269	67109	203	16.0	525.0	322.0	18	9.0	171.0	107.0	0	0	6.721628189086914	127000	9453.173196077347	54292	57.2503937007874	
-2450066.7425756697	81.48	11.418604651162791	268.8837209302326	167.51162790697674	-119.53498377383346	1270	67166	149	15.0	520.0	323.0	19	9.0	180.0	113.0	0	0	5.817621469497681	127100	9458.990817546844	54331	57.253343823760815	
-2870062.709100262	82.65	11.934782608695652	312.0217391304348	194.34782608695653	-119.53498377383346	1271	67220	157	19.0	609.0	373.0	30	9.0	185.0	114.0	0	0	6.509220600128174	127200	9465.500038146973	54373	57.25393081761006	
-2320043.18701823	77.79	11.4375	280.15625	174.40625	-119.53498377383346	1272	67288	167	17.0	618.0	384.0	8	9.0	188.0	116.0	0	0	4.328840970993042	127300	9469.828879117966	54401	57.26551453260016	
-2300061.7198463287	79.79	11.477272727272727	290.20454545454544	180.5	-119.51079416428098	1273	67344	162	16.0	623.0	392.0	8	10.0	193.0	121.0	0	0	6.6212029457092285	127400	9476.450082063675	54440	57.26844583987441	
-1850056.8187819251	80.23	11.432432432432432	293.2972972972973	182.6216216216216	-119.51079416428098	1274	67407	160	16.0	553.0	348.0	22	10.0	195.0	123.0	0	0	4.0476109981536865	127500	9480.497693061829	54473	57.276078431372554	
-2360060.574549552	83.83	11.577777777777778	293.4222222222222	182.86666666666667	-119.51079416428098	1275	67462	151	16.0	554.0	345.0	20	9.0	195.0	121.0	0	0	4.997384309768677	127600	9485.495077371597	54514	57.27742946708464	
-2240039.6420356752	79.34	11.923076923076923	284.56410256410254	177.82051282051282	-119.51079416428098	1276	67523	124	19.0	635.0	401.0	25	10.0	186.0	117.0	0	0	4.921302080154419	127700	9490.416379451752	54549	57.28347689898199	
-2130075.973514964	79.86	11.487804878048781	279.7317073170732	174.46341463414635	-119.51079416428098	1277	67582	124	18.0	636.0	401.0	25	10.0	179.0	113.0	0	0	5.351823568344116	127800	9495.768203020096	54585	57.2887323943662	
-2470062.351639465	79.31	11.292682926829269	270.4878048780488	169.29268292682926	-119.51079416428098	1278	67641	151	14.0	524.0	331.0	11	10.0	192.0	121.0	0	0	4.737560749053955	127900	9500.50576376915	54622	57.29319781078968	
-2770068.48560032	77.37	11.634146341463415	271.8292682926829	169.9268292682927	-119.51079416428098	1279	67700	128	16.0	524.0	331.0	11	9.0	185.0	114.0	0	0	5.912492275238037	128000	9506.418256044388	54658	57.2984375	
-2800075.453701663	78.38	11.342105263157896	266.60526315789474	166.28947368421052	-119.51079416428098	1280	67762	143	14.0	449.0	282.0	25	8.0	155.0	97.0	0	0	5.370440483093262	128100	9511.788696527481	54692	57.305230288836846	
-2430069.3515043813	75.71	11.882352941176471	287.38235294117646	179.14705882352942	-119.51079416428098	1281	67828	142	15.0	520.0	329.0	23	10.0	197.0	125.0	0	0	4.5098326206207275	128200	9516.298529148102	54722	57.315132605304214	
-1890052.1699472312	80.41	11.545454545454545	302.0	188.54545454545453	-119.51079416428098	1282	67895	156	16.0	549.0	346.0	12	9.0	167.0	105.0	0	0	3.633881092071533	128300	9519.932410240173	54751	57.325798908807485	
-1670020.1047029155	78.53	12.030303030303031	329.06060606060606	205.45454545454547	-119.51079416428098	1283	67962	156	16.0	680.0	429.0	12	9.0	190.0	121.0	0	0	3.077101469039917	128400	9523.009511709213	54780	57.33644859813084	
-2400038.860777307	80.61	11.512820512820513	276.84615384615387	172.89743589743588	-119.50963786181269	1284	68023	153	17.0	577.0	362.0	15	10.0	199.0	125.0	0	0	5.5086305141448975	128500	9528.518142223358	54815	57.34241245136187	
-2630117.609658177	78.59	11.791666666666666	292.0625	181.85416666666666	-119.50963786181269	1285	68075	157	16.0	525.0	331.0	11	11.0	198.0	125.0	0	0	8.258381605148315	128600	9536.776523828506	54859	57.341368584758946	
-2150089.9370770995	77.85	11.454545454545455	297.20454545454544	184.72727272727272	-119.50963786181269	1286	68131	136	14.0	535.0	334.0	11	10.0	192.0	121.0	0	0	7.823447227478027	128700	9544.599971055984	54899	57.34343434343434	
-2230159.124336666	81.54	11.60377358490566	295.79245283018867	184.26415094339623	-119.50963786181269	1287	68178	119	15.0	504.0	311.0	18	10.0	191.0	121.0	0	0	6.5640764236450195	128800	9551.16404747963	54948	57.338509316770185	
-2000090.513975398	82.76	12.023809523809524	324.0238095238095	202.5	-119.50963786181269	1288	68236	140	19.0	681.0	425.0	31	9.0	192.0	121.0	0	0	4.858295679092407	128900	9556.022343158722	54986	57.34212567882079	
-2030111.4949426085	83.47	11.84	309.72	193.48	-119.50963786181269	1289	68286	135	16.0	535.0	336.0	23	9.0	192.0	121.0	0	0	5.123653173446655	129000	9561.145996332169	55032	57.33953488372093	
-2580129.2234915127	83.47	11.732142857142858	304.0	189.125	-119.50963786181269	1290	68330	157	19.0	595.0	356.0	11	8.0	170.0	104.0	0	0	6.908475637435913	129100	9568.054471969604	55084	57.332300542215336	
-2350159.4662868306	80.11	11.686274509803921	289.2156862745098	180.31372549019608	-119.50963786181269	1291	68379	157	16.0	522.0	329.0	11	9.0	192.0	121.0	0	0	7.410886287689209	129200	9575.465358257294	55131	57.328947368421055	
-3130107.238190421	84.45	11.456140350877194	276.36842105263156	172.31578947368422	-119.50963786181269	1292	68422	152	20.0	480.0	300.0	25	8.0	156.0	97.0	0	0	8.1923987865448	129300	9583.657757043839	55184	57.32095901005414	
-3410122.431979568	83.72	11.160714285714286	259.19642857142856	161.28571428571428	-119.50963786181269	1293	68466	121	14.0	486.0	305.0	47	10.0	185.0	117.0	0	0	7.5571229457855225	129400	9591.214879989624	55236	57.31375579598145	
-2380048.0343851442	83.69	11.487804878048781	278.1951219512195	173.1219512195122	-119.50963786181269	1294	68525	185	15.0	476.0	285.0	20	10.0	192.0	121.0	0	0	4.74280858039856	129500	9595.957688570023	55273	57.318146718146714	
-2660116.476813406	89.24	11.68	306.4	190.42	-119.50963786181269	1295	68575	185	15.0	1204.0	752.0	20	10.0	158.0	99.0	0	0	6.385748863220215	129600	9602.343437433243	55319	57.31558641975308	
-2710074.6452566697	87.74	11.71111111111111	301.8222222222222	187.9777777777778	-119.50963786181269	1296	68630	213	16.0	554.0	355.0	20	11.0	193.0	121.0	0	0	7.345942258834839	129700	9609.689379692078	55360	57.31688511950656	
-2170078.6310993605	77.84	11.804878048780488	310.9756097560976	193.5609756097561	-119.4457102336455	1297	68689	171	14.0	558.0	331.0	20	9.0	193.0	121.0	0	0	4.994621753692627	129800	9614.68400144577	55396	57.32203389830509	
-2040113.3477702735	82.55	11.804347826086957	307.6521739130435	192.45652173913044	-119.4457102336455	1298	68743	170	18.0	689.0	432.0	5	9.0	199.0	125.0	0	0	5.507625102996826	129900	9620.191626548767	55438	57.3225558121632	
-2250083.8059804733	79.07	11.666666666666666	290.35714285714283	181.45238095238096	-119.4457102336455	1299	68801	186	16.0	601.0	381.0	5	9.0	190.0	118.0	0	0	4.549108982086182	130000	9624.740735530853	55476	57.32615384615385	
-1710079.9227496479	78.18	11.727272727272727	276.09090909090907	172.52272727272728	-119.4457102336455	1300	68857	186	17.0	691.0	433.0	5	10.0	186.0	117.0	0	0	5.265497446060181	130100	9630.006232976913	55516	57.3282090699462	
-1980092.5128716936	79.15	11.627906976744185	283.4651162790698	176.97674418604652	-119.4457102336455	1301	68914	182	16.0	693.0	437.0	5	9.0	193.0	121.0	0	0	5.4403510093688965	130200	9635.446583986282	55554	57.33179723502304	
-2980160.9662741367	86.46	11.589285714285714	281.9642857142857	175.83928571428572	-119.4457102336455	1302	68958	182	15.0	713.0	450.0	10	9.0	193.0	120.0	0	0	8.040333271026611	130300	9643.486917257309	55605	57.32540291634689	
-2870061.162043654	88.48	12.363636363636363	305.1818181818182	190.1818181818182	-119.4457102336455	1303	69014	182	18.0	550.0	340.0	14	10.0	173.0	109.0	0	0	6.510748624801636	130400	9649.99766588211	55645	57.32745398773006	
-2660065.142896348	82.0	11.6875	295.1041666666667	183.33333333333334	-119.4457102336455	1304	69066	182	17.0	716.0	437.0	16	10.0	186.0	117.0	0	0	7.16549277305603	130500	9657.163158655167	55689	57.326436781609196	
-2500062.8362117745	85.32	12.244444444444444	323.4	201.4	-119.4457102336455	1305	69121	236	16.0	702.0	429.0	28	9.0	199.0	125.0	0	0	6.914971590042114	130600	9664.078130245209	55730	57.32771822358346	
-2180051.3078441876	82.67	11.842105263157896	299.0263157894737	186.18421052631578	-119.4457102336455	1306	69183	182	18.0	830.0	514.0	28	10.0	179.0	113.0	0	0	5.341682434082031	130700	9669.41981267929	55764	57.33435348125478	
-2450083.754087126	81.29	11.16	269.04	167.06	-119.4457102336455	1307	69233	182	13.0	508.0	321.0	24	9.0	179.0	113.0	0	0	8.170740842819214	130800	9677.59055352211	55810	57.33180428134557	
-2340101.0461603263	82.94	11.63265306122449	291.0612244897959	181.0	-119.4457102336455	1308	69284	182	16.0	649.0	393.0	16	10.0	171.0	107.0	0	0	6.131393909454346	130900	9683.721947431564	55855	57.33002291825821	
-2590042.526138266	92.09	11.76923076923077	318.0192307692308	197.98076923076923	-119.4457102336455	1309	69332	215	15.0	599.0	374.0	2	9.0	177.0	111.0	0	0	5.909467935562134	131000	9689.631415367126	55903	57.32595419847328	
-2210080.021135411	98.47	12.25	354.14285714285717	220.82142857142858	-119.4457102336455	1310	69376	227	21.0	992.0	623.0	8	9.0	168.0	105.0	0	0	6.360999584197998	131100	9695.992414951324	55955	57.31884057971015	
-2420050.1797642787	94.77	12.16326530612245	326.2448979591837	203.89795918367346	-119.4457102336455	1311	69427	215	17.0	716.0	446.0	20	9.0	198.0	125.0	0	0	5.602024555206299	131200	9701.59443950653	56000	57.31707317073171	
-2670065.4480303656	92.12	11.926829268292684	332.1707317073171	207.0487804878049	-119.39219657102709	1312	69486	209	21.0	1257.0	793.0	30	9.0	181.0	115.0	0	0	5.979650497436523	131300	9707.574090003967	56037	57.32140137090632	
-2270052.000154885	88.72	11.926829268292684	311.5121951219512	194.2439024390244	-119.39219657102709	1313	69545	214	19.0	715.0	440.0	28	10.0	176.0	111.0	0	0	4.535456895828247	131400	9712.109546899796	56074	57.32572298325723	
-2250028.733669899	92.28	12.3	318.175	198.8	-119.39219657102709	1314	69605	170	17.0	623.0	392.0	9	10.0	198.0	125.0	0	0	5.1218581199646	131500	9717.23140501976	56110	57.330798479087456	
-2430023.4832476173	91.85	12.421052631578947	316.57894736842104	197.28947368421052	-119.39219657102709	1315	69667	197	18.0	597.0	378.0	9	9.0	153.0	95.0	0	0	4.273763418197632	131600	9721.505168437958	56144	57.33738601823708	
-2530068.08165935	92.22	12.0625	320.4166666666667	199.41666666666666	-119.39219657102709	1316	69719	169	20.0	708.0	447.0	9	8.0	162.0	101.0	0	0	6.585175514221191	131700	9728.090343952179	56188	57.336370539104024	
-2920095.5442255097	96.27	11.7	285.18	177.74	-119.39219657102709	1317	69769	173	24.0	766.0	483.0	18	8.0	154.0	97.0	0	0	6.269869089126587	131800	9734.360213041306	56234	57.33383915022762	
-2710124.3898987244	97.07	11.64	306.62	190.8	-119.39219657102709	1318	69819	173	20.0	819.0	516.0	45	9.0	182.0	115.0	0	0	8.00342869758606	131900	9742.363641738892	56280	57.33131159969674	
-2550145.170479558	85.81	11.352941176470589	276.8627450980392	171.72549019607843	-119.39219657102709	1319	69868	169	15.0	518.0	312.0	11	9.0	189.0	119.0	0	0	8.34606647491455	132000	9750.709708213806	56327	57.3280303030303	
-2780108.367048648	84.64	11.212765957446809	263.72340425531917	164.10638297872342	-119.39219657102709	1320	69921	125	14.0	467.0	293.0	43	9.0	187.0	117.0	0	0	6.987269163131714	132100	9757.696977376938	56370	57.32778198334595	
-2420112.1037286324	86.41	11.72340425531915	313.4468085106383	195.25531914893617	-119.39219657102709	1321	69974	139	16.0	754.0	463.0	29	9.0	178.0	113.0	0	0	6.441487550735474	132200	9764.138464927673	56413	57.327534039334346	
-2430080.312841205	84.13	11.282608695652174	285.2173913043478	177.17391304347825	-119.39219657102709	1322	70028	162	13.0	529.0	327.0	6	9.0	192.0	121.0	0	0	5.962764024734497	132300	9770.101228952408	56455	57.32804232804233	
-2660117.473916513	83.9	11.46808510638298	279.1276595744681	174.08510638297872	-119.39219657102709	1323	70081	138	15.0	562.0	353.0	22	10.0	186.0	117.0	0	0	6.964373588562012	132400	9777.06560254097	56498	57.32779456193354	
-2440113.4236314003	83.01	11.28888888888889	270.06666666666666	168.11111111111111	-119.39219657102709	1324	70136	151	15.0	516.0	320.0	6	10.0	192.0	121.0	0	0	5.808620452880859	132500	9782.87422299385	56539	57.32905660377359	
-2510068.417378775	83.2	11.8	306.6222222222222	191.04444444444445	-119.39219657102709	1325	70191	193	20.0	938.0	592.0	7	8.0	177.0	108.0	0	0	6.173567771911621	132600	9789.047790765762	56580	57.33031674208145	
-2860089.171404171	83.69	11.509803921568627	286.5686274509804	178.49019607843138	-119.39219657102709	1326	70240	193	15.0	528.0	332.0	7	10.0	193.0	121.0	0	0	6.469949245452881	132700	9795.517740011215	56627	57.327053504144686	
-2650041.6778142876	78.17	11.489795918367347	291.9591836734694	181.83673469387756	-119.39219657102709	1327	70291	167	15.0	493.0	303.0	1	9.0	177.0	111.0	0	0	5.153463363647461	132800	9800.671203374863	56672	57.325301204819276	
-2070073.941757108	78.46	11.560975609756097	291.7073170731707	181.4878048780488	-119.39219657102709	1328	70350	144	16.0	537.0	335.0	1	9.0	199.0	125.0	0	0	5.405027627944946	132900	9806.076231002808	56709	57.329571106094804	
-2850038.7983675604	84.89	11.78	314.84	196.18	-119.39219657102709	1329	70400	179	15.0	717.0	452.0	19	9.0	165.0	105.0	0	0	6.137936115264893	133000	9812.214167118073	56755	57.32706766917293	
-3090030.6333412384	87.43	11.97872340425532	308.5531914893617	192.17021276595744	-119.39219657102709	1330	70453	151	17.0	667.0	420.0	17	8.0	162.0	101.0	0	0	6.227204322814941	133100	9818.441371440887	56798	57.326821938392186	
-2070119.2944507857	82.51	11.863636363636363	317.95454545454544	198.3181818181818	-119.39219657102709	1331	70509	137	15.0	664.0	414.0	12	9.0	193.0	121.0	0	0	5.2177839279174805	133200	9823.659155368805	56838	57.328828828828826	
-2390103.4660544344	82.39	11.386363636363637	286.0	177.45454545454547	-119.12924668762278	1332	70565	163	16.0	632.0	396.0	5	8.0	158.0	99.0	0	0	5.640636682510376	133300	9829.299792051315	56878	57.33083270817704	
-2080085.6418781965	85.49	11.261904761904763	284.14285714285717	176.64285714285714	-119.12924668762278	1333	70623	199	14.0	597.0	371.0	19	9.0	199.0	125.0	0	0	5.350053071975708	133400	9834.649845123291	56915	57.335082458770614	
-2590110.2354161274	82.79	11.18867924528302	278.1320754716981	172.9811320754717	-119.12924668762278	1334	70670	163	18.0	780.0	486.0	14	9.0	179.0	113.0	0	0	7.880951881408691	133500	9842.5307970047	56963	57.33108614232209	
-2500107.0600311323	82.21	11.53061224489796	281.7551020408163	175.3469387755102	-119.12924668762278	1335	70721	143	16.0	598.0	377.0	25	8.0	199.0	125.0	0	0	6.398494005203247	133600	9848.929291009903	57008	57.32934131736527	
-2360098.345105891	80.54	11.823529411764707	312.3529411764706	194.41176470588235	-119.12924668762278	1336	70770	139	18.0	908.0	571.0	23	9.0	199.0	125.0	0	0	6.319330453872681	133700	9855.248621463776	57055	57.32610321615557	
-2500096.3896190263	80.5	11.695652173913043	299.89130434782606	186.7391304347826	-119.12924668762278	1337	70824	129	17.0	774.0	484.0	27	9.0	197.0	123.0	0	0	5.947437047958374	133800	9861.196058511734	57097	57.32660687593423	
-2240105.246327281	80.16	12.023809523809524	286.57142857142856	178.38095238095238	-119.12924668762278	1338	70882	157	16.0	502.0	315.0	11	10.0	177.0	111.0	0	0	4.6261656284332275	133900	9865.822224140167	57135	57.33009708737864	
-2220054.196355868	82.4	12.333333333333334	319.1794871794872	198.46153846153845	-119.12924668762278	1339	70943	160	17.0	550.0	342.0	18	9.0	198.0	125.0	0	0	3.989071846008301	134000	9869.811295986176	57170	57.33582089552239	
-2450054.064777959	81.8	11.568181818181818	287.84090909090907	179.11363636363637	-119.12924668762278	1340	70999	117	15.0	500.0	313.0	48	10.0	182.0	115.0	0	0	5.653928995132446	134100	9875.465224981308	57210	57.33780760626398	
-1690045.2005780784	79.68	11.722222222222221	313.77777777777777	195.41666666666666	-119.12924668762278	1341	71063	157	18.0	676.0	422.0	7	9.0	189.0	119.0	0	0	2.9433746337890625	134200	9878.408599615097	57242	57.34575260804769	
-2140013.1254976816	84.31	11.866666666666667	304.0888888888889	189.2888888888889	-119.12924668762278	1342	71118	163	21.0	517.0	323.0	15	9.0	213.0	133.0	0	0	4.397283554077148	134300	9882.805883169174	57283	57.3469843633656	
-1970038.4403176794	83.74	11.594594594594595	300.0810810810811	186.67567567567568	-119.12924668762278	1343	71181	148	15.0	680.0	428.0	15	9.0	170.0	107.0	0	0	3.99068546295166	134400	9886.796568632126	57316	57.354166666666664	
-2070056.3291455838	80.36	11.78048780487805	298.8780487804878	186.1951219512195	-119.12924668762278	1344	71240	145	15.0	578.0	365.0	23	10.0	199.0	125.0	0	0	4.38425874710083	134500	9891.180827379227	57353	57.35836431226765	
-2220047.8765348513	79.56	11.852941176470589	288.5	179.76470588235293	-119.12924668762278	1345	71306	150	18.0	465.0	293.0	15	10.0	193.0	121.0	0	0	4.9888176918029785	134600	9896.16964507103	57383	57.367756315007426	
-2320035.308244814	83.45	12.194444444444445	316.6111111111111	196.58333333333334	-119.12924668762278	1346	71370	150	17.0	645.0	406.0	15	10.0	168.0	105.0	0	0	4.5792505741119385	134700	9900.748895645142	57415	57.375649591685224	
-1750055.62695248	82.75	11.64102564102564	327.3076923076923	202.35897435897436	-119.12924668762278	1347	71431	155	15.0	668.0	421.0	15	7.0	136.0	85.0	0	0	5.12019681930542	134800	9905.869092464447	57450	57.381305637982194	
-2620052.071912715	81.37	11.447368421052632	285.86842105263156	178.42105263157896	-119.12924668762278	1348	71493	178	16.0	782.0	494.0	15	10.0	198.0	125.0	0	0	5.278414726257324	134900	9911.147507190704	57484	57.38769458858414	
-2290054.354196962	80.5	11.428571428571429	279.3095238095238	174.3095238095238	-119.12924668762278	1349	71551	129	15.0	539.0	338.0	30	9.0	186.0	117.0	0	0	4.522134780883789	135000	9915.669641971588	57522	57.39111111111111	
-2630102.3242476117	77.27	11.644444444444444	286.8222222222222	178.7111111111111	-119.12924668762278	1350	71606	127	19.0	679.0	431.0	9	8.0	166.0	102.0	0	0	6.556114673614502	135100	9922.225756645203	57563	57.39230199851961	
-2230067.6159805236	72.37	11.804878048780488	288.5121951219512	179.6829268292683	-119.12924668762278	1351	71665	164	17.0	490.0	301.0	4	8.0	133.0	83.0	0	0	4.739496469497681	135200	9926.9652531147	57599	57.39718934911242	
-2130054.6335645	83.49	11.955555555555556	300.1333333333333	187.7111111111111	-119.12924668762278	1352	71720	216	16.0	550.0	340.0	9	8.0	133.0	83.0	0	0	4.5934319496154785	135300	9931.558685064316	57640	57.39837398373984	
-2460064.239576214	80.29	11.903846153846153	303.0769230769231	189.17307692307693	-119.12924668762278	1353	71768	177	20.0	1130.0	714.0	3	9.0	154.0	97.0	0	0	6.615477800369263	135400	9938.174162864685	57688	57.39438700147711	
-2370078.718901477	80.78	11.76086956521739	281.0217391304348	175.0	-119.12924668762278	1354	71822	164	22.0	807.0	509.0	20	9.0	192.0	121.0	0	0	5.704042911529541	135500	9943.878205776215	57730	57.39483394833948	
-2720038.022358077	79.55	12.044444444444444	296.24444444444447	185.2	-119.12924668762278	1355	71877	159	20.0	750.0	475.0	6	9.0	199.0	125.0	0	0	5.623682498931885	135600	9949.501888275146	57771	57.39601769911504	
-2960039.7350693117	83.8	12.192307692307692	319.46153846153845	199.07692307692307	-119.12924668762278	1356	71925	156	20.0	735.0	462.0	6	9.0	192.0	121.0	0	0	6.267095565795898	135700	9955.768983840942	57819	57.392041267501845	
-2710055.3495699107	84.76	11.883720930232558	315.1162790697674	196.04651162790697	-119.12924668762278	1357	71982	153	16.0	633.0	399.0	6	9.0	168.0	105.0	0	0	6.079756021499634	135800	9961.848739862442	57858	57.39469808541974	
-2200067.153532369	83.77	12.439024390243903	329.8292682926829	205.8780487804878	-119.12924668762278	1358	72041	193	19.0	674.0	422.0	16	10.0	193.0	121.0	0	0	5.026438236236572	135900	9966.875178098679	57895	57.39882266372332	
-1750077.1572622084	81.43	12.108108108108109	322.35135135135135	201.02702702702703	-119.12924668762278	1359	72104	235	19.0	783.0	499.0	2	9.0	167.0	105.0	0	0	4.892743825912476	136000	9971.767921924591	57928	57.40588235294118	
-2870066.3393834676	83.73	11.862745098039216	295.921568627451	184.88235294117646	-119.12924668762278	1360	72153	215	17.0	619.0	391.0	10	10.0	154.0	97.0	0	0	7.114751577377319	136100	9978.882673501968	57975	57.40264511388685	
-2950059.8845800483	83.16	11.91304347826087	311.0652173913044	193.91304347826087	-119.12924668762278	1361	72207	161	19.0	721.0	452.0	10	9.0	152.0	95.0	0	0	6.762815713882446	136200	9985.64548921585	58017	57.403083700440526	
-2350022.794773407	83.51	12.195121951219512	329.2682926829268	205.3658536585366	-119.12924668762278	1362	72266	179	18.0	761.0	477.0	8	10.0	213.0	135.0	0	0	4.803478479385376	136300	9990.448967695236	58054	57.407190022010276	
-2730072.872864926	82.71	11.408163265306122	278.3469387755102	173.6530612244898	-119.12924668762278	1363	72317	179	15.0	533.0	333.0	14	9.0	185.0	114.0	0	0	6.7113823890686035	136400	9997.160350084305	58099	57.40542521994135	
-2290054.653055727	86.16	12.023255813953488	312.5813953488372	194.37209302325581	-119.12924668762278	1364	72374	179	18.0	613.0	386.0	25	8.0	130.0	81.0	0	0	6.730538606643677	136500	10003.890888690948	58138	57.40805860805861	
-3370118.631802349	83.99	11.492063492063492	281.031746031746	174.8095238095238	-119.12924668762278	1365	72411	127	17.0	780.0	483.0	25	9.0	184.0	115.0	0	0	8.541000843048096	136600	10012.431889533997	58197	57.39604685212299	
-2440068.461485179	84.17	11.9	304.68	190.3	-119.12924668762278	1366	72461	159	17.0	1048.0	662.0	22	8.0	149.0	93.0	0	0	5.880302429199219	136700	10018.312191963196	58243	57.393562545720556	
-2250159.026192303	85.48	11.587301587301587	291.8253968253968	181.71428571428572	-119.12924668762278	1367	72498	179	18.0	591.0	373.0	12	9.0	170.0	107.0	0	0	7.892544984817505	136800	10026.204736948013	58302	57.381578947368425	
-3830085.349064441	82.68	11.522388059701493	275.7761194029851	172.3582089552239	-119.12924668762278	1368	72531	153	15.0	508.0	323.0	22	9.0	170.0	107.0	0	0	9.715898990631104	136900	10035.920635938644	58365	57.36669101533967	
-2460077.410552433	82.94	11.490196078431373	275.45098039215685	171.64705882352942	-119.12924668762278	1369	72580	153	17.0	435.0	274.0	22	9.0	148.0	93.0	0	0	6.173802852630615	137000	10042.094438791275	58412	57.36350364963504	
-2100112.2285250737	82.43	11.857142857142858	297.0408163265306	185.55102040816325	-119.12924668762278	1370	72631	150	17.0	598.0	381.0	18	10.0	170.0	107.0	0	0	5.506035327911377	137100	10047.600474119186	58457	57.36177972283005	
-3160130.5403932617	82.8	11.428571428571429	265.25	165.375	-119.12924668762278	1371	72675	136	17.0	542.0	345.0	22	9.0	184.0	114.0	0	0	8.123963117599487	137200	10055.724437236786	58509	57.35495626822157	
-2950119.354776651	84.55	11.277777777777779	280.25925925925924	173.85185185185185	-119.12924668762278	1372	72721	136	21.0	759.0	473.0	32	9.0	179.0	110.0	0	0	6.363916873931885	137300	10062.088354110718	58559	57.3495994173343	
-3020166.7157205357	83.67	11.696428571428571	295.1607142857143	183.57142857142858	-119.12924668762278	1373	72765	154	16.0	730.0	456.0	14	9.0	193.0	121.0	0	0	8.013063669204712	137400	10070.101417779922	58611	57.342794759825324	
-2090097.9551830632	86.13	12.16	328.5	205.12	-119.12924668762278	1374	72815	198	17.0	638.0	395.0	8	10.0	193.0	121.0	0	0	5.067837476730347	137500	10075.169255256653	58657	57.340363636363634	
-2500099.8961956273	85.52	11.822222222222223	316.0444444444444	196.55555555555554	-119.12924668762278	1375	72870	154	17.0	657.0	410.0	25	10.0	182.0	115.0	0	0	5.288455963134766	137600	10080.457711219788	58698	57.34156976744186	
-3160049.148951708	79.74	11.9	297.46	185.54	-119.12924668762278	1376	72920	138	17.0	572.0	353.0	6	9.0	182.0	112.0	0	0	6.332988977432251	137700	10086.79070019722	58743	57.33986928104575	
-1940063.8733245402	79.57	11.393939393939394	298.93939393939394	185.3939393939394	-119.12924668762278	1377	72987	178	16.0	604.0	381.0	6	9.0	193.0	121.0	0	0	4.520516395568848	137800	10091.311216592789	58772	57.34978229317852	
-1970065.9751057292	77.38	11.64864864864865	306.5405405405405	190.54054054054055	-119.12924668762278	1378	73050	143	17.0	591.0	371.0	5	9.0	193.0	121.0	0	0	4.368987321853638	137900	10095.680203914642	58805	57.356780275562	
-2890023.8896390675	80.88	11.89795918367347	308.7551020408163	192.9387755102041	-119.12924668762278	1379	73101	128	17.0	629.0	397.0	5	9.0	173.0	109.0	0	0	6.890998601913452	138000	10102.571202516556	58850	57.35507246376812	
-2710033.2995614815	78.86	12.0	320.6458333333333	200.3125	-119.12924668762278	1380	73153	141	20.0	974.0	616.0	5	9.0	158.0	99.0	0	0	4.927415370941162	138100	10107.498617887497	58894	57.35409123823316	
-2100035.323013568	77.38	12.093023255813954	320.25581395348837	200.37209302325581	-119.12924668762278	1381	73210	191	18.0	719.0	455.0	1	9.0	190.0	119.0	0	0	3.5307600498199463	138200	10111.029377937317	58932	57.3574529667149	
-2730053.803458291	77.45	11.5	282.45652173913044	176.15217391304347	-119.12924668762278	1382	73264	151	17.0	617.0	388.0	9	8.0	156.0	97.0	0	0	4.902188539505005	138300	10115.931566476822	58973	57.358640636297906	
-2460094.3425542605	72.61	12.071428571428571	321.42857142857144	200.35714285714286	-119.12924668762278	1383	73322	151	16.0	726.0	451.0	5	10.0	193.0	121.0	0	0	4.42684268951416	138400	10120.358409166336	59011	57.36199421965318	
-2360082.2860214226	70.9	11.823529411764707	316.8529411764706	196.7941176470588	-119.12924668762278	1384	73388	151	18.0	738.0	456.0	4	9.0	196.0	125.0	0	0	4.438549041748047	138500	10124.796958208084	59041	57.371119133574005	
-1990045.4055473132	65.18	11.5	286.8125	178.375	-119.12924668762278	1385	73456	151	14.0	461.0	293.0	5	9.0	158.0	99.0	0	0	3.592961072921753	138600	10128.389919281006	59069	57.38167388167388	
-2530092.3702632408	71.65	11.238095238095237	265.0952380952381	165.16666666666666	-119.12924668762278	1386	73514	151	15.0	452.0	285.0	5	9.0	190.0	119.0	0	0	6.409506797790527	138700	10134.799426078796	59107	57.38500360490267	
-2240058.010270831	72.21	11.485714285714286	274.8857142857143	171.25714285714287	-119.12924668762278	1387	73579	159	16.0	482.0	302.0	5	9.0	173.0	109.0	0	0	4.125353097915649	138800	10138.924779176712	59138	57.393371757925074	
-2390060.919531099	73.36	11.321428571428571	252.92857142857142	157.25	-119.12924668762278	1388	73651	138	19.0	449.0	281.0	5	9.0	163.0	103.0	0	0	3.460421085357666	138900	10142.38520026207	59162	57.40676745860331	
-1940085.4730645276	75.93	12.305555555555555	315.47222222222223	196.36111111111111	-119.12924668762278	1389	73715	145	20.0	632.0	405.0	13	9.0	227.0	143.0	0	0	4.041247367858887	139000	10146.426447629929	59194	57.41438848920863	
-2450099.340195277	77.23	11.545454545454545	286.65909090909093	178.0909090909091	-119.12924668762278	1390	73771	138	15.0	507.0	316.0	22	9.0	153.0	95.0	0	0	6.2686686515808105	139100	10152.69511628151	59234	57.41624730409777	
-2550103.4811292295	80.92	11.75438596491228	306.03508771929825	190.31578947368422	-119.12924668762278	1391	73814	138	17.0	805.0	494.0	31	9.0	160.0	99.0	0	0	6.317969799041748	139200	10159.013086080551	59286	57.40948275862069	
-3260101.26348212	78.17	11.53225806451613	283.80645161290323	176.75806451612902	-119.12924668762278	1392	73852	121	15.0	489.0	302.0	5	9.0	169.0	104.0	0	0	8.365137815475464	139300	10167.378223896027	59344	57.39842067480259	
-2370086.3916553827	74.3	11.204545454545455	268.25	166.72727272727272	-119.12924668762278	1393	73908	149	13.0	483.0	307.0	5	9.0	193.0	121.0	0	0	6.2832112312316895	139400	10173.661435127258	59384	57.40028694404591	
-2210061.348663194	76.75	11.564102564102564	283.56410256410254	176.71794871794873	-119.12924668762278	1394	73969	146	16.0	682.0	426.0	5	9.0	186.0	114.0	0	0	5.482127666473389	139500	10179.143562793732	59419	57.40573476702509	
-2350102.213645845	83.11	11.386363636363637	262.97727272727275	163.9318181818182	-119.12924668762278	1395	74025	146	15.0	409.0	249.0	34	10.0	186.0	117.0	0	0	5.888542652130127	139600	10185.032105445862	59459	57.40759312320917	
-2820079.028990239	81.88	11.653061224489797	271.18367346938777	168.9795918367347	-119.12924668762278	1396	74076	162	19.0	527.0	332.0	23	8.0	169.0	104.0	0	0	6.701887369155884	139700	10191.733992815018	59504	57.40586972083035	
-3150129.05417974	80.03	11.461538461538462	275.2307692307692	171.09615384615384	-119.12924668762278	1397	74124	148	18.0	553.0	345.0	20	10.0	192.0	121.0	0	0	8.414976119995117	139800	10200.148968935013	59552	57.40200286123033	
-3490123.3434086405	83.31	11.733333333333333	289.3333333333333	180.08333333333334	-119.12924668762278	1398	74164	148	17.0	660.0	419.0	13	9.0	169.0	104.0	0	0	7.4767937660217285	139900	10207.625762701035	59608	57.39242315939957	
-2920106.5405372772	88.68	11.452830188679245	277.62264150943395	172.45283018867926	-119.12924668762278	1399	74211	187	15.0	579.0	356.0	15	8.0	173.0	106.0	0	0	6.867640256881714	140000	10214.493402957916	59656	57.388571428571424	
-3020124.0919247353	82.74	11.482142857142858	275.35714285714283	171.89285714285714	-119.12924668762278	1400	74255	148	17.0	600.0	381.0	35	8.0	179.0	110.0	0	0	8.015874147415161	140100	10222.509277105331	59708	57.38187009279086	
-2780187.966864574	82.61	11.549019607843137	277.6666666666667	173.09803921568627	-119.12924668762278	1401	74304	187	14.0	554.0	351.0	28	10.0	186.0	117.0	0	0	8.181493043899536	140200	10230.690770149231	59754	57.37945791726106	
-2760063.4277938525	81.74	11.31578947368421	282.55263157894734	175.10526315789474	-119.12924668762278	1402	74366	132	16.0	491.0	296.0	35	9.0	181.0	115.0	0	0	6.141721487045288	140300	10236.832491636276	59788	57.385602280826795	
-2330088.869088212	86.54	11.82857142857143	303.57142857142856	188.77142857142857	-119.12924668762278	1403	74431	141	14.0	505.0	313.0	35	10.0	193.0	121.0	0	0	4.9283287525177	140400	10241.760820388794	59819	57.39387464387464	
-2180075.1287684254	87.56	11.631578947368421	310.05263157894734	192.71052631578948	-119.12924668762278	1404	74493	149	14.0	529.0	329.0	35	10.0	188.0	117.0	0	0	4.547617197036743	140500	10246.30843758583	59853	57.4	
-2710107.617435267	89.73	11.925925925925926	311.31481481481484	193.7037037037037	-119.12924668762278	1405	74539	162	18.0	652.0	413.0	26	10.0	193.0	121.0	0	0	7.987789630889893	140600	10254.29622721672	59903	57.39473684210527	
-3020121.439648914	85.61	11.350877192982455	288.36842105263156	179.0701754385965	-119.12924668762278	1406	74582	171	15.0	543.0	337.0	50	9.0	185.0	117.0	0	0	9.230051040649414	140700	10263.52627825737	59956	57.38734896943852	
-2970031.4680307712	83.38	12.122448979591837	310.16326530612247	193.26530612244898	-119.12924668762278	1407	74633	141	20.0	661.0	410.0	28	9.0	186.0	117.0	0	0	6.555461406707764	140800	10270.081739664078	60001	57.38565340909091	
-2490033.7932022396	82.09	12.136363636363637	315.29545454545456	196.5681818181818	-119.12924668762278	1408	74689	141	16.0	486.0	304.0	38	10.0	232.0	144.0	0	0	5.7013866901397705	140900	10275.783126354218	60041	57.3875088715401	
-1580046.956655665	87.09	12.285714285714286	329.85714285714283	205.85714285714286	-119.12924668762278	1409	74754	159	16.0	759.0	474.0	26	10.0	206.0	129.0	0	0	4.390450954437256	141000	10280.173577308655	60071	57.39645390070922	
-2450096.738485863	80.33	11.78048780487805	299.6585365853659	186.90243902439025	-119.12924668762278	1410	74813	159	18.0	606.0	383.0	20	10.0	198.0	125.0	0	0	5.400358438491821	141100	10285.573935747147	60107	57.401133947554925	
-2210075.895081718	80.0	11.731707317073171	316.3658536585366	197.5121951219512	-119.12924668762278	1411	74872	158	15.0	1024.0	640.0	10	9.0	181.0	113.0	0	0	5.259961366653442	141200	10290.8338971138	60144	57.405099150141645	
-2790058.623802867	83.58	11.735849056603774	309.7169811320755	193.20754716981133	-119.12924668762278	1412	74919	188	18.0	639.0	395.0	49	9.0	185.0	115.0	0	0	6.888127565383911	141300	10297.722024679184	60192	57.40127388535032	
-2520079.401497167	80.02	11.622222222222222	300.3333333333333	187.0888888888889	-119.12924668762278	1413	74974	132	17.0	619.0	387.0	27	8.0	142.0	89.0	0	0	5.452437400817871	141400	10303.174462080002	60233	57.4024045261669	
-3000040.942984649	77.77	11.731707317073171	301.7317073170732	187.7560975609756	-119.12924668762278	1414	75033	168	16.0	644.0	401.0	13	9.0	189.0	119.0	0	0	5.300519704818726	141500	10308.47498178482	60270	57.40636042402827	
-2540047.645545054	83.79	11.878048780487806	308.1707317073171	192.0731707317073	-119.12924668762278	1415	75092	180	19.0	1085.0	685.0	13	10.0	198.0	125.0	0	0	5.129693508148193	141600	10313.604675292969	60307	57.41031073446328	
-2460103.085031707	84.12	12.0	305.86842105263156	190.07894736842104	-119.12924668762278	1416	75154	206	21.0	707.0	447.0	17	10.0	198.0	125.0	0	0	4.796581745147705	141700	10318.401257038116	60341	57.416372618207475	
-2320095.785197147	78.73	11.54054054054054	293.3243243243243	182.64864864864865	-119.12924668762278	1417	75217	180	16.0	572.0	355.0	17	8.0	186.0	114.0	0	0	4.496251344680786	141800	10322.897508382797	60374	57.423131170662906	
-1750065.3214033376	77.5	11.487179487179487	293.43589743589746	181.51282051282053	-119.12924668762278	1418	75278	145	18.0	459.0	288.0	17	9.0	152.0	95.0	0	0	4.730550765991211	141900	10327.628059148788	60408	57.4291754756871	
-2820074.8513948377	79.9	11.527272727272727	284.90909090909093	177.05454545454546	-119.12924668762278	1419	75323	139	15.0	575.0	352.0	17	9.0	189.0	116.0	0	0	7.5608391761779785	142000	10335.188898324966	60459	57.42323943661972	
-2390096.2320824806	82.21	11.462962962962964	296.05555555555554	183.57407407407408	-119.12924668762278	1420	75369	174	14.0	765.0	463.0	31	9.0	178.0	110.0	0	0	5.78251576423645	142100	10340.971414089203	60509	57.41801548205489	
-2390050.3415205027	81.79	11.533333333333333	295.84444444444443	183.6	-119.12924668762278	1421	75424	145	19.0	681.0	431.0	31	10.0	193.0	121.0	0	0	5.00777268409729	142200	10345.9791867733	60550	57.419127988748244	
-2880066.505787748	80.2	11.205128205128204	267.53846153846155	166.12820512820514	-119.12924668762278	1422	75485	134	14.0	448.0	277.0	31	9.0	194.0	121.0	0	0	5.852368116378784	142300	10351.831554889679	60585	57.42445537596627	
-2500046.1603581756	74.75	11.45945945945946	290.6216216216216	180.43243243243242	-119.12215903152901	1423	75548	125	14.0	500.0	296.0	16	8.0	129.0	81.0	0	0	5.8885767459869385	142400	10357.720131635666	60618	57.4311797752809	
-2120083.108546045	78.24	11.25	281.925	174.875	-119.12215903152901	1424	75608	136	15.0	500.0	304.0	31	9.0	193.0	121.0	0	0	6.29694128036499	142500	10364.01707291603	60654	57.43578947368421	
-3220069.802720389	81.93	11.872340425531915	291.78723404255317	182.25531914893617	-119.12215903152901	1425	75661	141	16.0	560.0	353.0	27	10.0	186.0	117.0	0	0	6.234600305557251	142600	10370.251673221588	60697	57.435483870967744	
-2700057.9586568065	81.61	11.275	269.85	167.85	-119.12215903152901	1426	75721	127	14.0	582.0	366.0	31	9.0	203.0	127.0	0	0	5.430105447769165	142700	10375.681778669357	60733	57.440084092501756	
-2610059.2052588016	77.01	11.829268292682928	280.3414634146341	175.0487804878049	-119.12215903152901	1427	75780	117	16.0	613.0	387.0	31	10.0	193.0	121.0	0	0	4.830884695053101	142800	10380.51266336441	60770	57.443977591036415	
-2250058.840257562	77.0	11.763157894736842	282.60526315789474	176.94736842105263	-119.12215903152901	1428	75842	124	16.0	507.0	318.0	25	10.0	183.0	115.0	0	0	5.8441643714904785	142900	10386.3568277359	60804	57.449965010496854	
-3250047.1324236966	79.94	11.777777777777779	269.3333333333333	167.44444444444446	-119.12215903152901	1429	75897	132	16.0	494.0	298.0	12	10.0	180.0	113.0	0	0	6.659387826919556	143000	10393.01621556282	60845	57.451048951048946	
-2290050.627866205	80.42	11.727272727272727	305.4318181818182	189.88636363636363	-119.12215903152901	1430	75953	152	16.0	686.0	433.0	12	10.0	205.0	129.0	0	0	6.079197406768799	143100	10399.09541296959	60885	57.45283018867924	
-2650068.567025985	86.21	11.358490566037736	300.77358490566036	186.75471698113208	-119.12215903152901	1431	76000	152	15.0	577.0	361.0	16	9.0	220.0	136.0	0	0	7.404798269271851	143200	10406.500211238861	60934	57.44832402234637	
-3150069.4912917023	82.88	11.425925925925926	280.85185185185185	174.53703703703704	-119.12215903152901	1432	76046	147	17.0	549.0	347.0	21	9.0	186.0	114.0	0	0	7.7325263023376465	143300	10414.232737541199	60984	57.44312630844382	
-2840053.59599622	81.43	11.619047619047619	297.9047619047619	185.47619047619048	-119.12215903152901	1433	76104	162	16.0	482.0	303.0	10	9.0	193.0	121.0	0	0	5.722700834274292	143400	10419.955438375473	61022	57.4463040446304	
-2810044.331825746	80.14	11.523809523809524	298.57142857142856	185.6904761904762	-119.12215903152901	1434	76162	136	14.0	488.0	301.0	21	10.0	203.0	127.0	0	0	5.788796663284302	143500	10425.744235038757	61060	57.44947735191638	
-2710053.5179586257	79.56	11.568181818181818	308.0	191.45454545454547	-119.12215903152901	1435	76218	164	17.0	733.0	457.0	6	9.0	167.0	105.0	0	0	6.677952766418457	143600	10432.422187805176	61100	57.45125348189415	
-2440117.7175961854	76.04	11.714285714285714	282.1904761904762	174.85714285714286	-119.12215903152901	1436	76276	162	17.0	545.0	342.0	7	9.0	182.0	113.0	0	0	5.699521064758301	143700	10438.121708869934	61138	57.454418928322895	
-2130090.5302996146	72.41	10.93939393939394	260.6363636363636	162.12121212121212	-119.12215903152901	1437	76343	125	14.0	514.0	322.0	21	9.0	193.0	121.0	0	0	4.294139623641968	143800	10442.415848493576	61167	57.463838664812236	
-2540119.888647195	71.16	11.166666666666666	267.95238095238096	166.5	-119.12215903152901	1438	76401	125	15.0	463.0	290.0	16	9.0	195.0	123.0	0	0	5.331204891204834	143900	10447.74705338478	61205	57.466990965948575	
-2700062.6931876107	74.25	11.75	297.8181818181818	185.1818181818182	-119.12215903152901	1439	76457	143	16.0	680.0	420.0	16	9.0	187.0	117.0	0	0	5.997957229614258	144000	10453.745010614395	61245	57.46875	
-2440111.1675453447	81.09	11.78	289.68	180.74	-119.12215903152901	1440	76507	143	16.0	529.0	333.0	16	9.0	193.0	121.0	0	0	6.4888551235198975	144100	10460.233865737915	61291	57.466342817487856	
-2330088.2890543696	87.34	11.791666666666666	301.4791666666667	188.10416666666666	-119.12215903152901	1441	76559	145	14.0	562.0	347.0	16	10.0	158.0	99.0	0	0	7.139666557312012	144200	10467.373532295227	61334	57.46601941747573	
-2860038.6380481063	84.66	11.895833333333334	293.9375	183.83333333333334	-119.12215903152901	1442	76611	160	16.0	555.0	349.0	13	10.0	199.0	125.0	0	0	6.527887582778931	144300	10473.901419878006	61378	57.46500346500347	
-2240040.6850094367	85.48	12.404761904761905	324.5952380952381	202.21428571428572	-119.12215903152901	1443	76669	140	19.0	603.0	374.0	16	10.0	195.0	123.0	0	0	5.214891672134399	144400	10479.11631155014	61416	57.46814404432133	
-2900041.0132063357	87.47	12.311111111111112	317.02222222222224	197.55555555555554	-119.12215903152901	1444	76724	161	22.0	635.0	398.0	7	10.0	165.0	103.0	0	0	6.262305974960327	144500	10485.3786175251	61457	57.469204152249134	
-2510063.7236076533	89.64	11.204545454545455	267.59090909090907	166.29545454545453	-119.12215903152901	1445	76780	209	14.0	409.0	256.0	24	9.0	152.0	95.0	0	0	5.7255425453186035	144600	10491.10416007042	61497	57.47095435684647	
-2260057.0908474936	83.0	11.897435897435898	307.7692307692308	192.02564102564102	-119.12215903152901	1446	76841	208	20.0	741.0	467.0	11	8.0	153.0	95.0	0	0	5.544967412948608	144700	10496.649127483368	61532	57.47615756738079	
-2490068.470211712	83.95	11.868421052631579	302.8157894736842	189.47368421052633	-119.12215903152901	1447	76903	138	15.0	584.0	363.0	11	10.0	193.0	121.0	0	0	5.792648553848267	144800	10502.441776037216	61566	57.482044198895025	
-2310080.6332743056	82.93	12.022222222222222	314.7111111111111	196.3111111111111	-119.12215903152901	1448	76958	132	15.0	528.0	327.0	30	10.0	193.0	121.0	0	0	7.5369203090667725	144900	10509.978696346283	61607	57.48309178743961	
-1790100.5035038707	78.62	12.208333333333334	302.6041666666667	188.29166666666666	-119.12215903152901	1449	77010	157	16.0	477.0	289.0	11	9.0	193.0	121.0	0	0	5.627337217330933	145000	10515.606033563614	61650	57.48275862068966	
-1980040.6571720385	74.11	12.268292682926829	310.5853658536585	193.70731707317074	-119.12215903152901	1450	77069	148	20.0	800.0	508.0	20	9.0	193.0	121.0	0	0	4.1021692752838135	145100	10519.708202838898	61687	57.48656099241902	
-2280032.309174173	75.52	11.69047619047619	279.14285714285717	174.26190476190476	-119.12215903152901	1451	77127	178	15.0	556.0	353.0	25	9.0	205.0	129.0	0	0	4.345604181289673	145200	10524.053807020187	61725	57.489669421487605	
-2960054.672899471	74.99	11.651162790697674	280.6046511627907	174.3953488372093	-119.12215903152901	1452	77184	155	15.0	431.0	267.0	25	10.0	198.0	125.0	0	0	7.142775774002075	145300	10531.19658279419	61764	57.492085340674464	
-2290068.749169212	76.98	11.35897435897436	287.02564102564105	177.66666666666666	-119.12215903152901	1453	77245	155	14.0	657.0	404.0	25	8.0	148.0	93.0	0	0	4.366505146026611	145400	10535.563087940216	61799	57.49724896836314	
-2390047.145637134	73.02	12.03125	305.8125	190.28125	-119.12215903152901	1454	77313	167	17.0	585.0	370.0	15	9.0	188.0	119.0	0	0	4.116334676742554	145500	10539.679422616959	61827	57.50721649484536	
-1900020.1942090925	68.23	12.057142857142857	315.2857142857143	196.5142857142857	-119.12215903152901	1455	77378	167	19.0	723.0	458.0	26	10.0	210.0	133.0	0	0	3.959001302719116	145600	10543.638423919678	61858	57.51510989010989	
-2210086.7740587327	74.65	11.30952380952381	274.07142857142856	170.04761904761904	-119.12215903152901	1456	77436	166	14.0	448.0	277.0	2	10.0	196.0	123.0	0	0	5.246504306793213	145700	10548.884928226471	61895	57.51887439945092	
-2420143.617508659	80.6	11.551020408163266	269.1224489795918	168.08163265306123	-119.12215903152901	1457	77487	126	20.0	447.0	282.0	12	9.0	186.0	114.0	0	0	6.261186599731445	145800	10555.146114826202	61940	57.51714677640604	
-2590154.9214758812	82.0	11.702127659574469	288.2340425531915	178.74468085106383	-119.12215903152901	1458	77540	144	18.0	542.0	337.0	24	9.0	168.0	105.0	0	0	7.497369766235352	145900	10562.643484592438	61983	57.51679232350925	
-3280071.685925939	86.38	11.481481481481481	302.0740740740741	187.83333333333334	-119.12215903152901	1459	77586	144	16.0	760.0	481.0	34	9.0	183.0	115.0	0	0	7.586019992828369	146000	10570.229504585266	62033	57.51164383561644	
-2690037.25187959	81.72	12.0	310.26666666666665	193.57777777777778	-119.12132390371778	1460	77641	130	16.0	595.0	377.0	29	9.0	160.0	101.0	0	0	5.366995096206665	146100	10575.596499681473	62074	57.51266255989049	
-2610026.8128587897	80.26	11.902439024390244	292.9512195121951	183.3658536585366	-119.12132390371778	1461	77700	158	17.0	668.0	427.0	10	10.0	199.0	125.0	0	0	5.108163595199585	146200	10580.704663276672	62111	57.51641586867305	
-2320026.4021651912	82.14	11.846153846153847	306.71794871794873	191.64102564102564	-119.12132390371778	1462	77761	154	19.0	855.0	541.0	10	9.0	192.0	121.0	0	0	5.137301921844482	146300	10585.841965198517	62146	57.52153110047847	
-2590052.491013438	83.51	11.714285714285714	286.51020408163265	178.3469387755102	-119.12132390371778	1463	77812	138	16.0	576.0	365.0	34	9.0	189.0	117.0	0	0	6.675997734069824	146400	10592.517962932587	62191	57.5198087431694	
-1930045.4258002131	82.98	11.625	309.925	192.525	-119.12132390371778	1464	77872	163	18.0	638.0	402.0	14	9.0	179.0	113.0	0	0	4.486810207366943	146500	10597.004773139954	62227	57.524232081911265	
-2270086.5337971076	87.87	11.808510638297872	328.78723404255317	204.12765957446808	-119.12132390371778	1465	77925	142	16.0	585.0	354.0	26	9.0	182.0	115.0	0	0	6.808569431304932	146600	10603.813342571259	62270	57.52387448840382	
-3250122.1035429267	92.15	11.842105263157896	327.0877192982456	204.26315789473685	-119.12132390371778	1466	77968	195	18.0	1144.0	726.0	28	9.0	187.0	117.0	0	0	7.117663860321045	146700	10610.93100643158	62323	57.51670074982959	
-2560116.1705645313	92.77	12.115384615384615	322.71153846153845	200.94230769230768	-119.12132390371778	1467	78016	195	17.0	608.0	382.0	33	9.0	191.0	118.0	0	0	6.29369854927063	146800	10617.22470498085	62371	57.512942779291556	
-2360035.960686775	82.5	11.925	304.875	190.15	-119.12132390371778	1468	78076	142	17.0	578.0	365.0	17	10.0	183.0	115.0	0	0	4.7909276485443115	146900	10622.015632629395	62407	57.51735874744725	
-2410063.7202090416	83.66	11.88888888888889	305.97777777777776	190.55555555555554	-119.12132390371778	1469	78131	138	17.0	703.0	445.0	17	9.0	169.0	104.0	0	0	5.299290180206299	147000	10627.3149228096	62448	57.518367346938774	
-2190053.821660623	79.81	12.1	313.0	194.775	-119.12132390371778	1470	78191	222	17.0	711.0	449.0	16	10.0	213.0	135.0	0	0	4.8734517097473145	147100	10632.188374519348	62484	57.522773623385454	
-2680043.658984756	83.31	11.581395348837209	283.25581395348837	176.6046511627907	-119.07533589821513	1471	78248	134	17.0	546.0	344.0	34	9.0	183.0	115.0	0	0	5.074999809265137	147200	10637.263374328613	62523	57.52513586956522	
-2860047.1125316466	82.22	12.0	304.7450980392157	189.94117647058823	-119.07533589821513	1472	78297	159	17.0	547.0	344.0	34	10.0	195.0	125.0	0	0	5.9581990242004395	147300	10643.221573352814	62570	57.52206381534284	
-2120035.570484532	81.27	11.89655172413793	286.1034482758621	178.10344827586206	-119.07533589821513	1473	78368	147	18.0	657.0	415.0	21	10.0	181.0	115.0	0	0	4.189868927001953	147400	10647.411442279816	62595	57.533921302578015	
-2590052.888058185	81.14	11.651162790697674	275.13953488372096	171.09302325581396	-119.07533589821513	1474	78425	147	18.0	594.0	381.0	11	9.0	193.0	121.0	0	0	5.547293424606323	147500	10652.958735704422	62634	57.53627118644068	
-2350054.5642601633	84.98	11.826086956521738	320.2826086956522	198.93478260869566	-119.07533589821513	1475	78479	147	18.0	630.0	395.0	40	9.0	182.0	115.0	0	0	5.609204530715942	147600	10658.567940235138	62676	57.53658536585366	
-2560034.9412824265	80.85	11.71111111111111	284.84444444444443	177.57777777777778	-119.03184915693197	1476	78534	155	15.0	503.0	319.0	13	10.0	189.0	119.0	0	0	5.364658355712891	147700	10663.93259859085	62717	57.53757616790792	
-2850047.5698936535	79.99	11.23404255319149	267.36170212765956	166.4255319148936	-119.03184915693197	1477	78587	125	15.0	504.0	319.0	16	8.0	163.0	101.0	0	0	5.74018406867981	147800	10669.67278265953	62760	57.537212449255755	
-2580041.343617692	79.65	11.777777777777779	267.9555555555556	167.8	-119.03184915693197	1478	78642	126	17.0	446.0	285.0	16	9.0	196.0	123.0	0	0	5.629112243652344	147900	10675.301894903183	62800	57.53887762001352	
-2450065.3671071935	82.66	11.733333333333333	291.3333333333333	181.33333333333334	-119.03184915693197	1479	78697	132	15.0	667.0	420.0	36	10.0	193.0	121.0	0	0	6.10968017578125	148000	10681.411575078964	62841	57.53986486486487	
-2300134.5092437794	81.48	11.555555555555555	300.26666666666665	186.6888888888889	-118.96769915447376	1480	78752	142	16.0	690.0	433.0	26	9.0	168.0	105.0	0	0	6.390791177749634	148100	10687.802366256714	62882	57.54085077650236	
-2650075.6407696498	80.42	11.807692307692308	297.4807692307692	185.59615384615384	-118.96769915447376	1481	78800	132	19.0	634.0	398.0	30	8.0	172.0	107.0	0	0	7.005353212356567	148200	10694.80771946907	62930	57.53711201079622	
-2490123.05659089	81.62	11.631578947368421	294.29824561403507	183.56140350877192	-118.96769915447376	1482	78843	133	17.0	579.0	367.0	30	9.0	193.0	121.0	0	0	6.101902723312378	148300	10700.909622192383	62983	57.530006743088336	
-2590070.2316727214	81.42	11.391304347826088	292.9782608695652	182.32608695652175	-118.96769915447376	1483	78897	159	17.0	652.0	394.0	9	10.0	192.0	121.0	0	0	5.206516981124878	148400	10706.116139173508	63025	57.530323450134766	
-3060101.286785089	80.65	11.622641509433961	285.60377358490564	177.9056603773585	-118.96769915447376	1484	78944	133	17.0	535.0	333.0	13	10.0	177.0	111.0	0	0	7.551093339920044	148500	10713.667232513428	63074	57.525925925925925	
-2770132.896882751	84.71	11.719298245614034	286.9824561403509	178.82456140350877	-118.96769915447376	1485	78987	131	16.0	681.0	424.0	30	10.0	182.0	115.0	0	0	7.910356760025024	148600	10721.577589273453	63127	57.51884253028264	
-2900095.741920629	81.27	11.436363636363636	278.6545454545454	173.61818181818182	-118.96769915447376	1486	79032	180	16.0	695.0	443.0	11	10.0	199.0	125.0	0	0	8.407479286193848	148700	10729.985068559647	63178	57.513113651647615	
-2500079.903991971	83.08	11.42	276.44	172.84	-118.96769915447376	1487	79082	143	17.0	626.0	397.0	11	9.0	174.0	109.0	0	0	6.226166486740112	148800	10736.211235046387	63224	57.51075268817205	
-2930078.378302087	83.21	11.245283018867925	269.3018867924528	167.81132075471697	-118.94648204641977	1488	79129	147	14.0	467.0	295.0	21	9.0	206.0	129.0	0	0	6.07987380027771	148900	10742.291108846664	63273	57.506380120886504	
-2980060.9917073287	83.21	11.474576271186441	295.9491525423729	184.33898305084745	-118.94648204641977	1489	79170	142	15.0	487.0	306.0	26	10.0	205.0	129.0	0	0	7.294146299362183	149000	10749.585255146027	63327	57.4986577181208	
-2870081.0260211546	88.41	11.793103448275861	313.4655172413793	195.67241379310346	-118.94648204641977	1490	79212	157	17.0	651.0	415.0	17	9.0	193.0	121.0	0	0	7.64276909828186	149100	10757.228024244308	63381	57.49094567404426	
-2530147.918082336	84.82	11.76923076923077	296.5	185.44230769230768	-118.94648204641977	1491	79260	167	17.0	748.0	469.0	1	10.0	193.0	121.0	0	0	6.609508514404297	149200	10763.837532758713	63429	57.4872654155496	
-3030157.6688999236	86.95	11.333333333333334	275.56140350877195	171.59649122807016	-118.94648204641977	1492	79303	196	17.0	521.0	331.0	17	9.0	181.0	115.0	0	0	8.172573566436768	149300	10772.01010632515	63482	57.480241125251176	
-2700121.947480352	83.69	11.415094339622641	286.24528301886795	178.0188679245283	-118.94648204641977	1493	79350	196	18.0	725.0	452.0	17	9.0	166.0	105.0	0	0	6.69692587852478	149400	10778.707032203674	63531	57.47590361445783	
-3160161.9072884633	87.92	11.416666666666666	270.6333333333333	168.38333333333333	-118.94648204641977	1494	79390	202	15.0	415.0	263.0	24	9.0	192.0	121.0	0	0	8.106264352798462	149500	10786.813296556473	63587	57.46688963210702	
-2950126.5912892246	83.49	11.245283018867925	283.6792452830189	175.37735849056602	-118.94648204641977	1495	79437	144	16.0	594.0	360.0	23	8.0	162.0	101.0	0	0	7.382672309875488	149600	10794.195968866348	63636	57.462566844919785	
-2510071.5524038007	84.15	11.693877551020408	313.85714285714283	194.3469387755102	-118.94648204641977	1496	79488	164	17.0	594.0	365.0	19	9.0	182.0	113.0	0	0	5.333451986312866	149700	10799.529420852661	63681	57.46092184368737	
-2680080.5124589563	91.92	12.296296296296296	342.3333333333333	213.0185185185185	-118.94648204641977	1497	79534	150	20.0	828.0	527.0	19	9.0	187.0	116.0	0	0	6.808907508850098	149800	10806.338328361511	63731	57.45594125500668	
-1900073.7309995221	85.35	11.595744680851064	288.63829787234044	179.70212765957447	-118.92555079889749	1498	79587	202	18.0	669.0	425.0	9	9.0	168.0	105.0	0	0	5.010737180709839	149900	10811.349065542221	63773	57.45630420280187	
-2940151.5276946593	81.43	11.24074074074074	272.72222222222223	169.77777777777777	-118.92555079889749	1499	79633	141	17.0	577.0	360.0	12	9.0	193.0	121.0	0	0	6.667176008224487	150000	10818.016241550446	63823	57.45133333333333	
-2990137.069437578	83.0	11.285714285714286	277.125	172.46428571428572	-118.92555079889749	1500	79677	144	20.0	585.0	370.0	12	9.0	169.0	104.0	0	0	8.716713428497314	150100	10826.732954978943	63875	57.445036642238506	
