0	[-187.68201579542782, -1]
1	[-183.09262346609844, -1]
1	[-168.26808827387103, -2]
2	[-5071.9240829518385, 0]
2	[-131.71478043338976, -1]
2	[-131.13984038360923, -3]
3	[-201.84182610304538, 0]
3	[-131.71478043338976, -1]
3	[-131.13984038360923, -3]
4	[-201.84182610304538, 0]
4	[-127.68628136253609, -1]
5	[-127.55486611517951, 0]
5	[-98.78873245006172, -3]
6	[-127.55486611517951, 0]
6	[-125.2185437134769, -1]
6	[-98.78873245006172, -3]
7	[-127.55486611517951, 0]
7	[-107.95053444387626, -1]
7	[-98.78873245006172, -3]
8	[-127.55486611517951, 0]
8	[-107.95053444387626, -1]
8	[-98.78873245006172, -3]
9	[-107.46327908448038, 0]
9	[-98.78873245006172, -3]
10	[-106.4167095520924, 0]
10	[-104.10459149520155, -1]
10	[-97.8283652940893, -3]
11	[-106.4167095520924, 0]
11	[-106.4167095520924, 0]
11	[-103.52918047631084, -1]
11	[-89.77673836623327, -3]
12	[-106.4167095520924, 0]
12	[-106.4167095520924, 0]
12	[-106.4167095520924, 0]
12	[-106.4167095520924, 0]
12	[-106.4167095520924, 0]
12	[-103.52918047631084, -1]
12	[-92.62626143807866, -2]
12	[-89.77673836623327, -3]
13	[-104.30304217174012, 0]
13	[-103.5030298097926, -1]
13	[-92.62626143807866, -2]
13	[-89.77673836623327, -3]
14	[-104.30304217174012, 0]
14	[-99.93747285280912, -1]
14	[-92.62626143807866, -2]
14	[-89.77673836623327, -3]
15	[-102.35559580543011, 0]
15	[-99.83490044140729, -1]
15	[-92.62626143807866, -2]
15	[-89.77673836623327, -3]
16	[-101.60698417474873, 0]
16	[-96.83063317068144, -1]
16	[-92.62626143807866, -2]
16	[-89.77673836623327, -3]
17	[-101.60698417474873, 0]
17	[-96.83063317068144, -1]
17	[-92.62626143807866, -2]
17	[-89.77673836623327, -3]
18	[-101.60698417474873, 0]
18	[-96.83063317068144, -1]
18	[-89.13214616854506, -2]
19	[-97.80728991786397, 0]
19	[-96.83063317068144, -1]
19	[-89.13214616854506, -2]
20	[-97.80728991786397, 0]
20	[-97.80728991786397, 0]
20	[-96.29407002819595, -1]
20	[-89.13214616854506, -2]
21	[-97.79401960262373, 0]
21	[-94.82972566768078, -1]
21	[-89.13214616854506, -2]
22	[-89.72335415279079, 0]
22	[-88.76704741505839, -2]
23	[-89.72335415279079, 0]
23	[-89.72335415279079, 0]
23	[-88.76704741505839, -2]
24	[-79.52890006044949, 0]
25	[-79.52890006044949, 0]
25	[-79.52890006044949, 0]
25	[-79.52890006044949, 0]
25	[-79.52890006044949, 0]
26	[-79.52890006044949, 0]
26	[-79.52890006044949, 0]
26	[-79.52890006044949, 0]
26	[-79.52890006044949, 0]
26	[-79.52890006044949, 0]
26	[-79.52890006044949, 0]
26	[-79.52890006044949, 0]
26	[-79.52890006044949, 0]
26	[-79.52890006044949, 0]
27	[-79.52890006044949, 0]
27	[-79.52890006044949, 0]
27	[-79.52890006044949, 0]
27	[-79.52890006044949, 0]
27	[-79.52890006044949, 0]
27	[-79.52890006044949, 0]
27	[-79.52890006044949, 0]
27	[-79.52890006044949, 0]
27	[-79.52890006044949, 0]
27	[-79.52890006044949, 0]
27	[-79.52890006044949, 0]
27	[-79.52890006044949, 0]
27	[-79.52890006044949, 0]
27	[-79.52890006044949, 0]
27	[-79.52890006044949, 0]
27	[-79.52890006044949, 0]
28	[-79.52890006044949, 0]
28	[-79.52890006044949, 0]
28	[-79.52890006044949, 0]
28	[-79.52890006044949, 0]
28	[-79.52890006044949, 0]
28	[-79.52890006044949, 0]
28	[-79.52890006044949, 0]
28	[-79.52890006044949, 0]
28	[-79.52890006044949, 0]
28	[-79.52890006044949, 0]
28	[-79.52890006044949, 0]
28	[-79.52890006044949, 0]
28	[-79.52890006044949, 0]
28	[-79.52890006044949, 0]
28	[-79.52890006044949, 0]
28	[-79.52890006044949, 0]
28	[-79.52890006044949, 0]
28	[-79.52890006044949, 0]
28	[-79.52890006044949, 0]
28	[-79.52890006044949, 0]
28	[-79.52890006044949, 0]
28	[-79.52890006044949, 0]
28	[-79.52890006044949, 0]
28	[-79.52890006044949, 0]
29	[-75.81175580642659, 0]
30	[-75.81175580642659, 0]
31	[-75.81175580642659, 0]
32	[-75.81175580642659, 0]
32	[-75.81175580642659, 0]
33	[-75.81175580642659, 0]
33	[-75.81175580642659, 0]
33	[-75.81175580642659, 0]
33	[-75.81175580642659, 0]
33	[-75.81175580642659, 0]
33	[-75.81175580642659, 0]
34	[-75.38706798148044, 0]
35	[-74.05407562349674, 0]
36	[-74.05407562349674, 0]
37	[-73.26198637568764, 0]
38	[-73.26198637568764, 0]
39	[-71.82374139592946, 0]
40	[-71.82374139592946, 0]
41	[-71.2679114231863, 0]
42	[-71.2679114231863, 0]
42	[-71.2679114231863, 0]
42	[-71.2679114231863, 0]
43	[-71.2679114231863, 0]
43	[-71.2679114231863, 0]
43	[-71.2679114231863, 0]
44	[-70.54905244891948, 0]
45	[-70.54905244891948, 0]
45	[-70.54905244891948, 0]
45	[-70.54905244891948, 0]
46	[-70.54905244891948, 0]
46	[-70.54905244891948, 0]
46	[-70.54905244891948, 0]
46	[-70.54905244891948, 0]
46	[-70.54905244891948, 0]
47	[-70.2166671019877, 0]
48	[-70.2166671019877, 0]
49	[-70.2166671019877, 0]
49	[-70.2166671019877, 0]
50	[-69.31470239387836, 0]
51	[-69.31470239387836, 0]
51	[-69.31470239387836, 0]
52	[-69.31470239387836, 0]
52	[-69.31470239387836, 0]
52	[-69.31470239387836, 0]
53	[-69.31470239387836, 0]
53	[-69.31470239387836, 0]
53	[-69.31470239387836, 0]
53	[-69.31470239387836, 0]
53	[-69.31470239387836, 0]
53	[-69.31470239387836, 0]
54	[-69.31470239387836, 0]
54	[-69.31470239387836, 0]
54	[-69.31470239387836, 0]
54	[-69.31470239387836, 0]
54	[-69.31470239387836, 0]
54	[-69.31470239387836, 0]
54	[-69.31470239387836, 0]
54	[-69.31470239387836, 0]
54	[-69.31470239387836, 0]
54	[-69.31470239387836, 0]
55	[-69.31470239387836, 0]
55	[-69.31470239387836, 0]
55	[-69.31470239387836, 0]
55	[-69.31470239387836, 0]
55	[-69.31470239387836, 0]
55	[-69.31470239387836, 0]
55	[-69.31470239387836, 0]
55	[-69.31470239387836, 0]
55	[-69.31470239387836, 0]
55	[-69.31470239387836, 0]
55	[-69.31470239387836, 0]
55	[-69.31470239387836, 0]
55	[-69.31470239387836, 0]
55	[-69.31470239387836, 0]
55	[-69.31470239387836, 0]
55	[-69.31470239387836, 0]
55	[-69.31470239387836, 0]
55	[-69.31470239387836, 0]
55	[-69.31470239387836, 0]
56	[-69.31470239387836, 0]
56	[-69.31470239387836, 0]
56	[-69.31470239387836, 0]
56	[-69.31470239387836, 0]
56	[-69.31470239387836, 0]
56	[-69.31470239387836, 0]
56	[-69.31470239387836, 0]
56	[-69.31470239387836, 0]
56	[-69.31470239387836, 0]
56	[-69.31470239387836, 0]
56	[-69.31470239387836, 0]
56	[-69.31470239387836, 0]
56	[-69.31470239387836, 0]
56	[-69.31470239387836, 0]
56	[-69.31470239387836, 0]
56	[-69.31470239387836, 0]
56	[-69.31470239387836, 0]
56	[-69.31470239387836, 0]
56	[-69.31470239387836, 0]
56	[-69.31470239387836, 0]
56	[-69.31470239387836, 0]
56	[-69.31470239387836, 0]
56	[-69.31470239387836, 0]
56	[-69.31470239387836, 0]
56	[-69.31470239387836, 0]
56	[-69.31470239387836, 0]
56	[-69.31470239387836, 0]
57	[-69.24721293386509, 0]
58	[-68.6874950050596, 0]
59	[-68.6874950050596, 0]
60	[-67.97051803861896, 0]
61	[-67.86330636316417, 0]
62	[-67.86330636316417, 0]
62	[-67.86330636316417, 0]
62	[-67.86330636316417, 0]
63	[-67.86330636316417, 0]
63	[-67.86330636316417, 0]
63	[-67.86330636316417, 0]
64	[-67.86330636316417, 0]
64	[-67.86330636316417, 0]
64	[-67.86330636316417, 0]
64	[-67.86330636316417, 0]
64	[-67.86330636316417, 0]
64	[-67.86330636316417, 0]
65	[-67.86330636316417, 0]
65	[-67.86330636316417, 0]
65	[-67.86330636316417, 0]
65	[-67.86330636316417, 0]
65	[-67.86330636316417, 0]
65	[-67.86330636316417, 0]
65	[-67.86330636316417, 0]
65	[-67.86330636316417, 0]
65	[-67.86330636316417, 0]
65	[-67.86330636316417, 0]
65	[-67.86330636316417, 0]
65	[-67.86330636316417, 0]
66	[-67.8494037244982, 0]
67	[-67.15316070125871, 0]
68	[-67.15316070125871, 0]
68	[-67.15316070125871, 0]
68	[-67.15316070125871, 0]
69	[-67.15316070125871, 0]
69	[-67.15316070125871, 0]
69	[-67.15316070125871, 0]
70	[-67.15316070125871, 0]
70	[-67.15316070125871, 0]
70	[-67.15316070125871, 0]
70	[-67.15316070125871, 0]
71	[-66.80211949384152, 0]
71	[-66.00033692737601, -2]
72	[-66.80211949384152, 0]
72	[-66.80211949384152, 0]
72	[-66.00033692737601, -2]
72	[-66.00033692737601, -2]
72	[-66.00033692737601, -2]
73	[-66.80211949384152, 0]
73	[-66.80211949384152, 0]
73	[-63.40941615780731, -2]
74	[-66.80211949384152, 0]
74	[-66.80211949384152, 0]
74	[-66.80211949384152, 0]
74	[-63.40941615780731, -2]
75	[-66.60836571687165, 0]
75	[-62.84721233016878, -2]
76	[-66.60836571687165, 0]
76	[-62.84721233016878, -2]
76	[-62.84721233016878, -2]
77	[-66.60836571687165, 0]
77	[-62.84721233016878, -2]
77	[-62.84721233016878, -2]
77	[-62.84721233016878, -2]
78	[-66.60836571687165, 0]
78	[-62.84721233016878, -2]
78	[-62.84721233016878, -2]
78	[-62.84721233016878, -2]
78	[-62.84721233016878, -2]
79	[-66.60836571687165, 0]
79	[-62.84721233016878, -2]
79	[-62.84721233016878, -2]
79	[-62.84721233016878, -2]
79	[-62.84721233016878, -2]
79	[-62.84721233016878, -2]
79	[-62.84721233016878, -2]
79	[-62.84721233016878, -2]
80	[-66.57088505380739, 0]
80	[-62.84721233016878, -2]
80	[-62.84721233016878, -2]
80	[-62.84721233016878, -2]
80	[-62.84721233016878, -2]
80	[-62.84721233016878, -2]
80	[-62.84721233016878, -2]
80	[-62.84721233016878, -2]
80	[-62.84721233016878, -2]
80	[-62.84721233016878, -2]
80	[-62.84721233016878, -2]
80	[-62.84721233016878, -2]
81	[-66.49067285117377, 0]
81	[-60.94838546170373, -2]
82	[-66.49067285117377, 0]
82	[-60.94838546170373, -2]
82	[-60.94838546170373, -2]
83	[-66.49067285117377, 0]
83	[-60.43606187615485, -2]
84	[-66.49067285117377, 0]
84	[-66.49067285117377, 0]
84	[-66.49067285117377, 0]
84	[-66.49067285117377, 0]
84	[-66.49067285117377, 0]
84	[-60.43606187615485, -2]
84	[-60.43606187615485, -2]
85	[-66.48742691351238, 0]
85	[-60.29582480436654, -2]
86	[-66.43809203478527, 0]
86	[-60.29582480436654, -2]
87	[-66.43809203478527, 0]
87	[-66.43809203478527, 0]
87	[-60.21491072304153, -2]
88	[-66.43809203478527, 0]
88	[-66.43809203478527, 0]
88	[-66.43809203478527, 0]
88	[-66.43809203478527, 0]
88	[-60.21491072304153, -2]
88	[-60.21491072304153, -2]
88	[-60.21491072304153, -2]
89	[-66.43809203478527, 0]
89	[-66.43809203478527, 0]
89	[-66.43809203478527, 0]
89	[-66.43809203478527, 0]
89	[-66.43809203478527, 0]
89	[-66.43809203478527, 0]
89	[-66.43809203478527, 0]
89	[-66.43809203478527, 0]
89	[-60.21491072304153, -2]
89	[-60.21491072304153, -2]
89	[-60.21491072304153, -2]
89	[-60.21491072304153, -2]
89	[-60.21491072304153, -2]
89	[-60.21491072304153, -2]
89	[-60.21491072304153, -2]
89	[-60.21491072304153, -2]
90	[-66.43809203478527, 0]
90	[-66.43809203478527, 0]
90	[-66.43809203478527, 0]
90	[-66.43809203478527, 0]
90	[-66.43809203478527, 0]
90	[-66.43809203478527, 0]
90	[-66.43809203478527, 0]
90	[-66.43809203478527, 0]
90	[-66.43809203478527, 0]
90	[-66.43809203478527, 0]
90	[-66.43809203478527, 0]
90	[-66.43809203478527, 0]
90	[-66.43809203478527, 0]
90	[-66.43809203478527, 0]
90	[-66.43809203478527, 0]
90	[-60.21300001699928, -2]
91	[-66.43809203478527, 0]
91	[-66.43809203478527, 0]
91	[-66.43809203478527, 0]
91	[-66.43809203478527, 0]
91	[-66.43809203478527, 0]
91	[-66.43809203478527, 0]
91	[-66.43809203478527, 0]
91	[-66.43809203478527, 0]
91	[-66.43809203478527, 0]
91	[-66.43809203478527, 0]
91	[-66.43809203478527, 0]
91	[-66.43809203478527, 0]
91	[-66.43809203478527, 0]
91	[-66.43809203478527, 0]
91	[-66.43809203478527, 0]
91	[-66.43809203478527, 0]
91	[-66.43809203478527, 0]
91	[-66.43809203478527, 0]
91	[-66.43809203478527, 0]
91	[-66.43809203478527, 0]
91	[-66.43809203478527, 0]
91	[-66.43809203478527, 0]
91	[-66.43809203478527, 0]
91	[-66.43809203478527, 0]
91	[-60.21300001699928, -2]
92	[-66.43809203478527, 0]
92	[-66.43809203478527, 0]
92	[-66.43809203478527, 0]
92	[-66.43809203478527, 0]
92	[-66.43809203478527, 0]
92	[-66.43809203478527, 0]
92	[-66.43809203478527, 0]
92	[-66.43809203478527, 0]
92	[-66.43809203478527, 0]
92	[-66.43809203478527, 0]
92	[-66.43809203478527, 0]
92	[-66.43809203478527, 0]
92	[-66.43809203478527, 0]
92	[-66.43809203478527, 0]
92	[-66.43809203478527, 0]
92	[-66.43809203478527, 0]
92	[-66.43809203478527, 0]
92	[-66.43809203478527, 0]
92	[-66.43809203478527, 0]
92	[-66.43809203478527, 0]
92	[-66.43809203478527, 0]
92	[-66.43809203478527, 0]
92	[-66.43809203478527, 0]
92	[-66.43809203478527, 0]
92	[-66.43809203478527, 0]
92	[-66.43809203478527, 0]
92	[-66.43809203478527, 0]
92	[-66.43809203478527, 0]
92	[-66.43809203478527, 0]
92	[-66.43809203478527, 0]
92	[-66.43809203478527, 0]
92	[-66.43809203478527, 0]
92	[-66.43809203478527, 0]
92	[-66.43809203478527, 0]
92	[-60.21300001699928, -2]
92	[-60.21300001699928, -2]
93	[-66.43809203478527, 0]
93	[-66.43809203478527, 0]
93	[-66.43809203478527, 0]
93	[-66.43809203478527, 0]
93	[-66.43809203478527, 0]
93	[-66.43809203478527, 0]
93	[-66.43809203478527, 0]
93	[-66.43809203478527, 0]
93	[-66.43809203478527, 0]
93	[-66.43809203478527, 0]
93	[-66.43809203478527, 0]
93	[-66.43809203478527, 0]
93	[-66.43809203478527, 0]
93	[-66.43809203478527, 0]
93	[-66.43809203478527, 0]
93	[-66.43809203478527, 0]
93	[-66.43809203478527, 0]
93	[-66.43809203478527, 0]
93	[-66.43809203478527, 0]
93	[-66.43809203478527, 0]
93	[-66.43809203478527, 0]
93	[-66.43809203478527, 0]
93	[-66.43809203478527, 0]
93	[-66.43809203478527, 0]
93	[-66.43809203478527, 0]
93	[-66.43809203478527, 0]
93	[-66.43809203478527, 0]
93	[-66.43809203478527, 0]
93	[-66.43809203478527, 0]
93	[-66.43809203478527, 0]
93	[-66.43809203478527, 0]
93	[-66.43809203478527, 0]
93	[-66.43809203478527, 0]
93	[-66.43809203478527, 0]
93	[-66.43809203478527, 0]
93	[-66.43809203478527, 0]
93	[-66.43809203478527, 0]
93	[-66.43809203478527, 0]
93	[-66.43809203478527, 0]
93	[-66.43809203478527, 0]
93	[-66.43809203478527, 0]
93	[-66.43809203478527, 0]
93	[-66.43809203478527, 0]
93	[-66.43809203478527, 0]
93	[-59.96168549938709, -2]
94	[-66.40022205507526, 0]
94	[-59.96168549938709, -2]
94	[-59.96168549938709, -2]
95	[-66.40022205507526, 0]
95	[-59.96168549938709, -2]
95	[-59.96168549938709, -2]
95	[-59.96168549938709, -2]
95	[-59.96168549938709, -2]
96	[-66.40022205507526, 0]
96	[-59.96168549938709, -2]
96	[-59.96168549938709, -2]
96	[-59.96168549938709, -2]
96	[-59.96168549938709, -2]
96	[-59.96168549938709, -2]
96	[-59.96168549938709, -2]
96	[-59.96168549938709, -2]
96	[-59.96168549938709, -2]
97	[-66.40022205507526, 0]
97	[-66.40022205507526, 0]
97	[-59.96168549938709, -2]
97	[-59.96168549938709, -2]
97	[-59.96168549938709, -2]
97	[-59.96168549938709, -2]
97	[-59.96168549938709, -2]
97	[-59.96168549938709, -2]
97	[-59.96168549938709, -2]
97	[-59.96168549938709, -2]
97	[-59.96168549938709, -2]
97	[-59.96168549938709, -2]
97	[-59.96168549938709, -2]
97	[-59.96168549938709, -2]
97	[-59.96168549938709, -2]
97	[-59.96168549938709, -2]
97	[-59.96168549938709, -2]
97	[-59.96168549938709, -2]
98	[-66.40022205507526, 0]
98	[-66.40022205507526, 0]
98	[-59.885405376997234, -2]
99	[-66.40022205507526, 0]
99	[-66.40022205507526, 0]
99	[-66.40022205507526, 0]
99	[-66.40022205507526, 0]
99	[-59.885405376997234, -2]
99	[-59.885405376997234, -2]
100	[-66.40022205507526, 0]
100	[-66.40022205507526, 0]
100	[-66.40022205507526, 0]
100	[-66.40022205507526, 0]
100	[-66.40022205507526, 0]
100	[-66.40022205507526, 0]
100	[-66.40022205507526, 0]
100	[-66.40022205507526, 0]
100	[-66.40022205507526, 0]
100	[-66.40022205507526, 0]
100	[-59.885405376997234, -2]
100	[-59.885405376997234, -2]
100	[-59.885405376997234, -2]
100	[-59.885405376997234, -2]
101	[-66.40022205507526, 0]
101	[-66.40022205507526, 0]
101	[-66.40022205507526, 0]
101	[-66.40022205507526, 0]
101	[-66.40022205507526, 0]
101	[-66.40022205507526, 0]
101	[-66.40022205507526, 0]
101	[-66.40022205507526, 0]
101	[-66.40022205507526, 0]
101	[-66.40022205507526, 0]
101	[-66.40022205507526, 0]
101	[-66.40022205507526, 0]
101	[-59.885405376997234, -2]
101	[-59.885405376997234, -2]
101	[-59.885405376997234, -2]
101	[-59.885405376997234, -2]
101	[-59.885405376997234, -2]
101	[-59.885405376997234, -2]
102	[-66.08823257559634, 0]
102	[-59.885405376997234, -2]
102	[-59.885405376997234, -2]
102	[-59.885405376997234, -2]
102	[-59.885405376997234, -2]
102	[-59.885405376997234, -2]
102	[-59.885405376997234, -2]
102	[-59.885405376997234, -2]
102	[-59.885405376997234, -2]
102	[-59.885405376997234, -2]
102	[-59.885405376997234, -2]
103	[-66.08823257559634, 0]
103	[-66.08823257559634, 0]
103	[-66.08823257559634, 0]
103	[-59.885405376997234, -2]
103	[-59.885405376997234, -2]
103	[-59.885405376997234, -2]
103	[-59.885405376997234, -2]
103	[-59.885405376997234, -2]
103	[-59.885405376997234, -2]
103	[-59.885405376997234, -2]
103	[-59.885405376997234, -2]
103	[-59.885405376997234, -2]
103	[-59.885405376997234, -2]
103	[-59.885405376997234, -2]
103	[-59.885405376997234, -2]
103	[-59.885405376997234, -2]
103	[-59.885405376997234, -2]
103	[-59.885405376997234, -2]
104	[-66.08823257559634, 0]
104	[-66.08823257559634, 0]
104	[-66.08823257559634, 0]
104	[-66.08823257559634, 0]
104	[-59.885405376997234, -2]
104	[-59.885405376997234, -2]
104	[-59.885405376997234, -2]
104	[-59.885405376997234, -2]
104	[-59.885405376997234, -2]
104	[-59.885405376997234, -2]
104	[-59.885405376997234, -2]
104	[-59.885405376997234, -2]
104	[-59.885405376997234, -2]
104	[-59.885405376997234, -2]
104	[-59.885405376997234, -2]
104	[-59.885405376997234, -2]
104	[-59.885405376997234, -2]
104	[-59.885405376997234, -2]
104	[-59.885405376997234, -2]
104	[-59.885405376997234, -2]
104	[-59.885405376997234, -2]
104	[-59.885405376997234, -2]
104	[-59.885405376997234, -2]
104	[-59.885405376997234, -2]
104	[-59.885405376997234, -2]
105	[-66.08823257559634, 0]
105	[-66.08823257559634, 0]
105	[-66.08823257559634, 0]
105	[-66.08823257559634, 0]
105	[-66.08823257559634, 0]
105	[-66.08823257559634, 0]
105	[-66.08823257559634, 0]
105	[-59.885405376997234, -2]
105	[-59.885405376997234, -2]
105	[-59.885405376997234, -2]
105	[-59.885405376997234, -2]
105	[-59.885405376997234, -2]
105	[-59.885405376997234, -2]
105	[-59.885405376997234, -2]
105	[-59.885405376997234, -2]
105	[-59.885405376997234, -2]
105	[-59.885405376997234, -2]
105	[-59.885405376997234, -2]
105	[-59.885405376997234, -2]
105	[-59.885405376997234, -2]
105	[-59.885405376997234, -2]
105	[-59.885405376997234, -2]
105	[-59.885405376997234, -2]
105	[-59.885405376997234, -2]
105	[-59.885405376997234, -2]
105	[-59.885405376997234, -2]
105	[-59.885405376997234, -2]
105	[-59.885405376997234, -2]
105	[-59.885405376997234, -2]
105	[-59.885405376997234, -2]
105	[-59.885405376997234, -2]
105	[-59.885405376997234, -2]
105	[-59.885405376997234, -2]
105	[-59.885405376997234, -2]
105	[-59.885405376997234, -2]
105	[-59.885405376997234, -2]
105	[-59.885405376997234, -2]
105	[-59.885405376997234, -2]
105	[-59.885405376997234, -2]
105	[-59.885405376997234, -2]
106	[-66.08823257559634, 0]
106	[-66.08823257559634, 0]
106	[-66.08823257559634, 0]
106	[-66.08823257559634, 0]
106	[-66.08823257559634, 0]
106	[-66.08823257559634, 0]
106	[-66.08823257559634, 0]
106	[-66.08823257559634, 0]
106	[-66.08823257559634, 0]
106	[-59.885405376997234, -2]
106	[-59.885405376997234, -2]
106	[-59.885405376997234, -2]
106	[-59.885405376997234, -2]
106	[-59.885405376997234, -2]
106	[-59.885405376997234, -2]
106	[-59.885405376997234, -2]
106	[-59.885405376997234, -2]
106	[-59.885405376997234, -2]
106	[-59.885405376997234, -2]
106	[-59.885405376997234, -2]
106	[-59.885405376997234, -2]
106	[-59.885405376997234, -2]
106	[-59.885405376997234, -2]
106	[-59.885405376997234, -2]
106	[-59.885405376997234, -2]
106	[-59.885405376997234, -2]
106	[-59.885405376997234, -2]
106	[-59.885405376997234, -2]
106	[-59.885405376997234, -2]
106	[-59.885405376997234, -2]
106	[-59.885405376997234, -2]
106	[-59.885405376997234, -2]
106	[-59.885405376997234, -2]
106	[-59.885405376997234, -2]
106	[-59.885405376997234, -2]
106	[-59.885405376997234, -2]
106	[-59.885405376997234, -2]
106	[-59.885405376997234, -2]
106	[-59.885405376997234, -2]
106	[-59.885405376997234, -2]
106	[-59.885405376997234, -2]
106	[-59.885405376997234, -2]
106	[-59.885405376997234, -2]
106	[-59.885405376997234, -2]
106	[-59.885405376997234, -2]
106	[-59.885405376997234, -2]
106	[-59.885405376997234, -2]
106	[-59.885405376997234, -2]
106	[-59.885405376997234, -2]
106	[-59.885405376997234, -2]
106	[-59.885405376997234, -2]
106	[-59.885405376997234, -2]
106	[-59.885405376997234, -2]
107	[-65.88129771617743, 0]
107	[-59.885405376997234, -2]
107	[-59.885405376997234, -2]
107	[-59.885405376997234, -2]
107	[-59.885405376997234, -2]
107	[-59.885405376997234, -2]
107	[-59.885405376997234, -2]
107	[-59.885405376997234, -2]
107	[-59.885405376997234, -2]
107	[-59.885405376997234, -2]
107	[-59.885405376997234, -2]
107	[-59.885405376997234, -2]
107	[-59.885405376997234, -2]
107	[-59.885405376997234, -2]
107	[-59.885405376997234, -2]
107	[-59.885405376997234, -2]
107	[-59.885405376997234, -2]
107	[-59.885405376997234, -2]
107	[-59.885405376997234, -2]
107	[-59.885405376997234, -2]
107	[-59.885405376997234, -2]
107	[-59.885405376997234, -2]
107	[-59.885405376997234, -2]
107	[-59.885405376997234, -2]
107	[-59.885405376997234, -2]
107	[-59.885405376997234, -2]
107	[-59.885405376997234, -2]
107	[-59.885405376997234, -2]
107	[-59.885405376997234, -2]
107	[-59.885405376997234, -2]
107	[-59.885405376997234, -2]
107	[-59.885405376997234, -2]
107	[-59.885405376997234, -2]
107	[-59.885405376997234, -2]
107	[-59.885405376997234, -2]
107	[-59.885405376997234, -2]
107	[-59.885405376997234, -2]
107	[-59.885405376997234, -2]
107	[-59.885405376997234, -2]
107	[-59.885405376997234, -2]
107	[-59.885405376997234, -2]
107	[-59.885405376997234, -2]
107	[-59.885405376997234, -2]
107	[-59.885405376997234, -2]
107	[-59.885405376997234, -2]
107	[-59.885405376997234, -2]
107	[-59.885405376997234, -2]
107	[-59.885405376997234, -2]
107	[-59.885405376997234, -2]
107	[-59.885405376997234, -2]
107	[-59.885405376997234, -2]
107	[-59.885405376997234, -2]
107	[-59.885405376997234, -2]
107	[-59.885405376997234, -2]
107	[-59.885405376997234, -2]
107	[-59.885405376997234, -2]
107	[-59.885405376997234, -2]
107	[-59.885405376997234, -2]
107	[-59.885405376997234, -2]
107	[-59.885405376997234, -2]
107	[-59.885405376997234, -2]
108	[-65.88129771617743, 0]
108	[-59.885405376997234, -2]
108	[-59.885405376997234, -2]
108	[-59.885405376997234, -2]
108	[-59.885405376997234, -2]
108	[-59.885405376997234, -2]
108	[-59.885405376997234, -2]
108	[-59.885405376997234, -2]
108	[-59.885405376997234, -2]
108	[-59.885405376997234, -2]
108	[-59.885405376997234, -2]
108	[-59.885405376997234, -2]
108	[-59.885405376997234, -2]
108	[-59.885405376997234, -2]
108	[-59.885405376997234, -2]
108	[-59.885405376997234, -2]
108	[-59.885405376997234, -2]
108	[-59.885405376997234, -2]
108	[-59.885405376997234, -2]
108	[-59.885405376997234, -2]
108	[-59.885405376997234, -2]
108	[-59.885405376997234, -2]
108	[-59.885405376997234, -2]
108	[-59.885405376997234, -2]
108	[-59.885405376997234, -2]
108	[-59.885405376997234, -2]
108	[-59.885405376997234, -2]
108	[-59.885405376997234, -2]
108	[-59.885405376997234, -2]
108	[-59.885405376997234, -2]
108	[-59.885405376997234, -2]
108	[-59.885405376997234, -2]
108	[-59.885405376997234, -2]
108	[-59.885405376997234, -2]
108	[-59.885405376997234, -2]
108	[-59.885405376997234, -2]
108	[-59.885405376997234, -2]
108	[-59.885405376997234, -2]
108	[-59.885405376997234, -2]
108	[-59.885405376997234, -2]
108	[-59.885405376997234, -2]
108	[-59.885405376997234, -2]
108	[-59.885405376997234, -2]
108	[-59.885405376997234, -2]
108	[-59.885405376997234, -2]
108	[-59.885405376997234, -2]
108	[-59.885405376997234, -2]
108	[-59.885405376997234, -2]
108	[-59.885405376997234, -2]
108	[-59.885405376997234, -2]
108	[-59.885405376997234, -2]
108	[-59.885405376997234, -2]
108	[-59.885405376997234, -2]
108	[-59.885405376997234, -2]
108	[-59.885405376997234, -2]
108	[-59.885405376997234, -2]
108	[-59.885405376997234, -2]
108	[-59.885405376997234, -2]
108	[-59.885405376997234, -2]
108	[-59.885405376997234, -2]
108	[-59.885405376997234, -2]
108	[-59.885405376997234, -2]
108	[-59.885405376997234, -2]
108	[-59.885405376997234, -2]
108	[-59.885405376997234, -2]
108	[-59.885405376997234, -2]
108	[-59.885405376997234, -2]
108	[-59.885405376997234, -2]
108	[-59.885405376997234, -2]
108	[-59.885405376997234, -2]
108	[-59.885405376997234, -2]
108	[-59.885405376997234, -2]
108	[-59.885405376997234, -2]
109	[-65.88129771617743, 0]
109	[-65.88129771617743, 0]
109	[-59.885405376997234, -2]
109	[-59.885405376997234, -2]
109	[-59.885405376997234, -2]
109	[-59.885405376997234, -2]
109	[-59.885405376997234, -2]
109	[-59.885405376997234, -2]
109	[-59.885405376997234, -2]
109	[-59.885405376997234, -2]
109	[-59.885405376997234, -2]
109	[-59.885405376997234, -2]
109	[-59.885405376997234, -2]
109	[-59.885405376997234, -2]
109	[-59.885405376997234, -2]
109	[-59.885405376997234, -2]
109	[-59.885405376997234, -2]
109	[-59.885405376997234, -2]
109	[-59.885405376997234, -2]
109	[-59.885405376997234, -2]
109	[-59.885405376997234, -2]
109	[-59.885405376997234, -2]
109	[-59.885405376997234, -2]
109	[-59.885405376997234, -2]
109	[-59.885405376997234, -2]
109	[-59.885405376997234, -2]
109	[-59.885405376997234, -2]
109	[-59.885405376997234, -2]
109	[-59.885405376997234, -2]
109	[-59.885405376997234, -2]
109	[-59.885405376997234, -2]
109	[-59.885405376997234, -2]
109	[-59.885405376997234, -2]
109	[-59.885405376997234, -2]
109	[-59.885405376997234, -2]
109	[-59.885405376997234, -2]
109	[-59.885405376997234, -2]
109	[-59.885405376997234, -2]
109	[-59.885405376997234, -2]
109	[-59.885405376997234, -2]
109	[-59.885405376997234, -2]
109	[-59.885405376997234, -2]
109	[-59.885405376997234, -2]
109	[-59.885405376997234, -2]
109	[-59.885405376997234, -2]
109	[-59.885405376997234, -2]
109	[-59.885405376997234, -2]
109	[-59.885405376997234, -2]
109	[-59.885405376997234, -2]
109	[-59.885405376997234, -2]
109	[-59.885405376997234, -2]
109	[-59.885405376997234, -2]
109	[-59.885405376997234, -2]
109	[-59.885405376997234, -2]
109	[-59.885405376997234, -2]
109	[-59.885405376997234, -2]
109	[-59.885405376997234, -2]
109	[-59.885405376997234, -2]
109	[-59.885405376997234, -2]
109	[-59.885405376997234, -2]
109	[-59.885405376997234, -2]
109	[-59.885405376997234, -2]
109	[-59.885405376997234, -2]
109	[-59.885405376997234, -2]
109	[-59.885405376997234, -2]
109	[-59.885405376997234, -2]
109	[-59.885405376997234, -2]
109	[-59.885405376997234, -2]
109	[-59.885405376997234, -2]
109	[-59.885405376997234, -2]
109	[-59.885405376997234, -2]
109	[-59.885405376997234, -2]
109	[-59.885405376997234, -2]
109	[-59.885405376997234, -2]
109	[-59.885405376997234, -2]
109	[-59.885405376997234, -2]
109	[-59.885405376997234, -2]
109	[-59.885405376997234, -2]
109	[-59.885405376997234, -2]
109	[-59.885405376997234, -2]
110	[-65.88129771617743, 0]
110	[-65.88129771617743, 0]
110	[-65.88129771617743, 0]
110	[-65.88129771617743, 0]
110	[-65.88129771617743, 0]
110	[-59.885405376997234, -2]
110	[-59.885405376997234, -2]
110	[-59.885405376997234, -2]
110	[-59.885405376997234, -2]
110	[-59.885405376997234, -2]
110	[-59.885405376997234, -2]
110	[-59.885405376997234, -2]
110	[-59.885405376997234, -2]
110	[-59.885405376997234, -2]
110	[-59.885405376997234, -2]
110	[-59.885405376997234, -2]
110	[-59.885405376997234, -2]
110	[-59.885405376997234, -2]
110	[-59.885405376997234, -2]
110	[-59.885405376997234, -2]
110	[-59.885405376997234, -2]
110	[-59.885405376997234, -2]
110	[-59.885405376997234, -2]
110	[-59.885405376997234, -2]
110	[-59.885405376997234, -2]
110	[-59.885405376997234, -2]
110	[-59.885405376997234, -2]
110	[-59.885405376997234, -2]
110	[-59.885405376997234, -2]
110	[-59.885405376997234, -2]
110	[-59.885405376997234, -2]
110	[-59.885405376997234, -2]
110	[-59.885405376997234, -2]
110	[-59.885405376997234, -2]
110	[-59.885405376997234, -2]
110	[-59.885405376997234, -2]
110	[-59.885405376997234, -2]
110	[-59.885405376997234, -2]
110	[-59.885405376997234, -2]
110	[-59.885405376997234, -2]
110	[-59.885405376997234, -2]
110	[-59.885405376997234, -2]
110	[-59.885405376997234, -2]
110	[-59.885405376997234, -2]
110	[-59.885405376997234, -2]
110	[-59.885405376997234, -2]
110	[-59.885405376997234, -2]
110	[-59.885405376997234, -2]
110	[-59.885405376997234, -2]
110	[-59.885405376997234, -2]
110	[-59.885405376997234, -2]
110	[-59.885405376997234, -2]
110	[-59.885405376997234, -2]
110	[-59.885405376997234, -2]
110	[-59.885405376997234, -2]
110	[-59.885405376997234, -2]
110	[-59.885405376997234, -2]
110	[-59.885405376997234, -2]
110	[-59.885405376997234, -2]
110	[-59.885405376997234, -2]
110	[-59.885405376997234, -2]
110	[-59.885405376997234, -2]
110	[-59.885405376997234, -2]
110	[-59.885405376997234, -2]
110	[-59.885405376997234, -2]
110	[-59.885405376997234, -2]
110	[-59.885405376997234, -2]
110	[-59.885405376997234, -2]
110	[-59.885405376997234, -2]
110	[-59.885405376997234, -2]
110	[-59.885405376997234, -2]
110	[-59.885405376997234, -2]
110	[-59.885405376997234, -2]
110	[-59.885405376997234, -2]
110	[-59.885405376997234, -2]
110	[-59.885405376997234, -2]
110	[-59.885405376997234, -2]
110	[-59.885405376997234, -2]
110	[-59.885405376997234, -2]
110	[-59.885405376997234, -2]
111	[-65.88129771617743, 0]
111	[-65.88129771617743, 0]
111	[-65.88129771617743, 0]
111	[-65.88129771617743, 0]
111	[-65.88129771617743, 0]
111	[-65.88129771617743, 0]
111	[-65.88129771617743, 0]
111	[-65.88129771617743, 0]
111	[-65.88129771617743, 0]
111	[-59.8700416952159, -2]
112	[-65.88129771617743, 0]
112	[-65.88129771617743, 0]
112	[-65.88129771617743, 0]
112	[-65.88129771617743, 0]
112	[-65.88129771617743, 0]
112	[-65.88129771617743, 0]
112	[-65.88129771617743, 0]
112	[-65.88129771617743, 0]
112	[-65.88129771617743, 0]
112	[-65.88129771617743, 0]
112	[-65.88129771617743, 0]
112	[-65.88129771617743, 0]
112	[-59.8700416952159, -2]
113	[-65.65379867677, 0]
113	[-59.8700416952159, -2]
114	[-65.65379867677, 0]
114	[-65.65379867677, 0]
114	[-59.8700416952159, -2]
114	[-59.8700416952159, -2]
114	[-59.8700416952159, -2]
115	[-65.65379867677, 0]
115	[-65.65379867677, 0]
115	[-59.8700416952159, -2]
115	[-59.8700416952159, -2]
115	[-59.8700416952159, -2]
115	[-59.8700416952159, -2]
115	[-59.8700416952159, -2]
116	[-65.65379867677, 0]
116	[-65.65379867677, 0]
116	[-65.65379867677, 0]
116	[-65.65379867677, 0]
116	[-65.65379867677, 0]
116	[-59.8700416952159, -2]
116	[-59.8700416952159, -2]
116	[-59.8700416952159, -2]
116	[-59.8700416952159, -2]
116	[-59.8700416952159, -2]
116	[-59.8700416952159, -2]
116	[-59.8700416952159, -2]
116	[-59.8700416952159, -2]
117	[-65.59648336646954, 0]
117	[-59.8700416952159, -2]
117	[-59.8700416952159, -2]
117	[-59.8700416952159, -2]
117	[-59.8700416952159, -2]
117	[-59.8700416952159, -2]
117	[-59.8700416952159, -2]
117	[-59.8700416952159, -2]
117	[-59.8700416952159, -2]
117	[-59.8700416952159, -2]
117	[-59.8700416952159, -2]
117	[-59.8700416952159, -2]
117	[-59.8700416952159, -2]
117	[-59.8700416952159, -2]
118	[-65.59648336646954, 0]
118	[-65.59648336646954, 0]
118	[-59.8700416952159, -2]
118	[-59.8700416952159, -2]
118	[-59.8700416952159, -2]
118	[-59.8700416952159, -2]
118	[-59.8700416952159, -2]
118	[-59.8700416952159, -2]
118	[-59.8700416952159, -2]
118	[-59.8700416952159, -2]
118	[-59.8700416952159, -2]
118	[-59.8700416952159, -2]
118	[-59.8700416952159, -2]
118	[-59.8700416952159, -2]
118	[-59.8700416952159, -2]
118	[-59.8700416952159, -2]
118	[-59.8700416952159, -2]
118	[-59.8700416952159, -2]
118	[-59.8700416952159, -2]
118	[-59.8700416952159, -2]
119	[-65.59648336646954, 0]
119	[-65.59648336646954, 0]
119	[-65.59648336646954, 0]
119	[-65.59648336646954, 0]
119	[-65.59648336646954, 0]
119	[-59.8700416952159, -2]
119	[-59.8700416952159, -2]
119	[-59.8700416952159, -2]
119	[-59.8700416952159, -2]
119	[-59.8700416952159, -2]
119	[-59.8700416952159, -2]
119	[-59.8700416952159, -2]
119	[-59.8700416952159, -2]
119	[-59.8700416952159, -2]
119	[-59.8700416952159, -2]
119	[-59.8700416952159, -2]
119	[-59.8700416952159, -2]
119	[-59.8700416952159, -2]
119	[-59.8700416952159, -2]
119	[-59.8700416952159, -2]
119	[-59.8700416952159, -2]
119	[-59.8700416952159, -2]
119	[-59.8700416952159, -2]
119	[-59.8700416952159, -2]
119	[-59.8700416952159, -2]
119	[-59.8700416952159, -2]
119	[-59.8700416952159, -2]
119	[-59.8700416952159, -2]
119	[-59.8700416952159, -2]
119	[-59.8700416952159, -2]
119	[-59.8700416952159, -2]
119	[-59.8700416952159, -2]
120	[-65.59648336646954, 0]
120	[-65.59648336646954, 0]
120	[-65.59648336646954, 0]
120	[-65.59648336646954, 0]
120	[-65.59648336646954, 0]
120	[-59.8700416952159, -2]
120	[-59.8700416952159, -2]
120	[-59.8700416952159, -2]
120	[-59.8700416952159, -2]
120	[-59.8700416952159, -2]
120	[-59.8700416952159, -2]
120	[-59.8700416952159, -2]
120	[-59.8700416952159, -2]
120	[-59.8700416952159, -2]
120	[-59.8700416952159, -2]
120	[-59.8700416952159, -2]
120	[-59.8700416952159, -2]
120	[-59.8700416952159, -2]
120	[-59.8700416952159, -2]
120	[-59.8700416952159, -2]
120	[-59.8700416952159, -2]
120	[-59.8700416952159, -2]
120	[-59.8700416952159, -2]
120	[-59.8700416952159, -2]
120	[-59.8700416952159, -2]
120	[-59.8700416952159, -2]
120	[-59.8700416952159, -2]
120	[-59.8700416952159, -2]
120	[-59.8700416952159, -2]
120	[-59.8700416952159, -2]
120	[-59.8700416952159, -2]
120	[-59.8700416952159, -2]
120	[-59.8700416952159, -2]
120	[-59.8700416952159, -2]
120	[-59.8700416952159, -2]
120	[-59.8700416952159, -2]
120	[-59.8700416952159, -2]
120	[-59.8700416952159, -2]
120	[-59.8700416952159, -2]
120	[-59.8700416952159, -2]
120	[-59.8700416952159, -2]
120	[-59.8700416952159, -2]
120	[-59.8700416952159, -2]
120	[-59.8700416952159, -2]
120	[-59.8700416952159, -2]
120	[-59.8700416952159, -2]
120	[-59.8700416952159, -2]
121	[-65.59648336646954, 0]
121	[-65.59648336646954, 0]
121	[-65.59648336646954, 0]
121	[-65.59648336646954, 0]
121	[-65.59648336646954, 0]
121	[-65.59648336646954, 0]
121	[-65.59648336646954, 0]
121	[-65.59648336646954, 0]
121	[-65.59648336646954, 0]
121	[-65.59648336646954, 0]
121	[-65.59648336646954, 0]
121	[-59.8700416952159, -2]
121	[-59.8700416952159, -2]
121	[-59.8700416952159, -2]
121	[-59.8700416952159, -2]
121	[-59.8700416952159, -2]
121	[-59.8700416952159, -2]
121	[-59.8700416952159, -2]
121	[-59.8700416952159, -2]
121	[-59.8700416952159, -2]
121	[-59.8700416952159, -2]
121	[-59.8700416952159, -2]
121	[-59.8700416952159, -2]
121	[-59.8700416952159, -2]
121	[-59.8700416952159, -2]
121	[-59.8700416952159, -2]
121	[-59.8700416952159, -2]
121	[-59.8700416952159, -2]
121	[-59.8700416952159, -2]
121	[-59.8700416952159, -2]
121	[-59.8700416952159, -2]
121	[-59.8700416952159, -2]
121	[-59.8700416952159, -2]
121	[-59.8700416952159, -2]
121	[-59.8700416952159, -2]
121	[-59.8700416952159, -2]
121	[-59.8700416952159, -2]
121	[-59.8700416952159, -2]
121	[-59.8700416952159, -2]
121	[-59.8700416952159, -2]
121	[-59.8700416952159, -2]
121	[-59.8700416952159, -2]
121	[-59.8700416952159, -2]
121	[-59.8700416952159, -2]
121	[-59.8700416952159, -2]
121	[-59.8700416952159, -2]
121	[-59.8700416952159, -2]
121	[-59.8700416952159, -2]
121	[-59.8700416952159, -2]
121	[-59.8700416952159, -2]
121	[-59.8700416952159, -2]
121	[-59.8700416952159, -2]
121	[-59.8700416952159, -2]
121	[-59.8700416952159, -2]
121	[-59.8700416952159, -2]
121	[-59.8700416952159, -2]
121	[-59.8700416952159, -2]
121	[-59.8700416952159, -2]
121	[-59.8700416952159, -2]
121	[-59.8700416952159, -2]
121	[-59.8700416952159, -2]
121	[-59.8700416952159, -2]
121	[-59.8700416952159, -2]
121	[-59.8700416952159, -2]
122	[-65.59648336646954, 0]
122	[-65.59648336646954, 0]
122	[-65.59648336646954, 0]
122	[-65.59648336646954, 0]
122	[-65.59648336646954, 0]
122	[-65.59648336646954, 0]
122	[-65.59648336646954, 0]
122	[-65.59648336646954, 0]
122	[-65.59648336646954, 0]
122	[-65.59648336646954, 0]
122	[-65.59648336646954, 0]
122	[-65.59648336646954, 0]
122	[-65.59648336646954, 0]
122	[-59.8700416952159, -2]
122	[-59.8700416952159, -2]
122	[-59.8700416952159, -2]
122	[-59.8700416952159, -2]
122	[-59.8700416952159, -2]
122	[-59.8700416952159, -2]
122	[-59.8700416952159, -2]
122	[-59.8700416952159, -2]
122	[-59.8700416952159, -2]
122	[-59.8700416952159, -2]
122	[-59.8700416952159, -2]
122	[-59.8700416952159, -2]
122	[-59.8700416952159, -2]
122	[-59.8700416952159, -2]
122	[-59.8700416952159, -2]
122	[-59.8700416952159, -2]
122	[-59.8700416952159, -2]
122	[-59.8700416952159, -2]
122	[-59.8700416952159, -2]
122	[-59.8700416952159, -2]
122	[-59.8700416952159, -2]
122	[-59.8700416952159, -2]
122	[-59.8700416952159, -2]
122	[-59.8700416952159, -2]
122	[-59.8700416952159, -2]
122	[-59.8700416952159, -2]
122	[-59.8700416952159, -2]
122	[-59.8700416952159, -2]
122	[-59.8700416952159, -2]
122	[-59.8700416952159, -2]
122	[-59.8700416952159, -2]
122	[-59.8700416952159, -2]
122	[-59.8700416952159, -2]
122	[-59.8700416952159, -2]
122	[-59.8700416952159, -2]
122	[-59.8700416952159, -2]
122	[-59.8700416952159, -2]
122	[-59.8700416952159, -2]
122	[-59.8700416952159, -2]
122	[-59.8700416952159, -2]
122	[-59.8700416952159, -2]
122	[-59.8700416952159, -2]
122	[-59.8700416952159, -2]
122	[-59.8700416952159, -2]
122	[-59.8700416952159, -2]
122	[-59.8700416952159, -2]
122	[-59.8700416952159, -2]
122	[-59.8700416952159, -2]
122	[-59.8700416952159, -2]
122	[-59.8700416952159, -2]
122	[-59.8700416952159, -2]
122	[-59.8700416952159, -2]
122	[-59.8700416952159, -2]
122	[-59.8700416952159, -2]
122	[-59.8700416952159, -2]
122	[-59.8700416952159, -2]
122	[-59.8700416952159, -2]
122	[-59.8700416952159, -2]
122	[-59.8700416952159, -2]
122	[-59.8700416952159, -2]
122	[-59.8700416952159, -2]
122	[-59.8700416952159, -2]
122	[-59.8700416952159, -2]
122	[-59.8700416952159, -2]
123	[-65.59648336646954, 0]
123	[-65.59648336646954, 0]
123	[-65.59648336646954, 0]
123	[-65.59648336646954, 0]
123	[-65.59648336646954, 0]
123	[-65.59648336646954, 0]
123	[-65.59648336646954, 0]
123	[-65.59648336646954, 0]
123	[-65.59648336646954, 0]
123	[-65.59648336646954, 0]
123	[-65.59648336646954, 0]
123	[-65.59648336646954, 0]
123	[-65.59648336646954, 0]
123	[-65.59648336646954, 0]
123	[-65.59648336646954, 0]
123	[-65.59648336646954, 0]
123	[-65.59648336646954, 0]
123	[-65.59648336646954, 0]
123	[-59.8700416952159, -2]
123	[-59.8700416952159, -2]
123	[-59.8700416952159, -2]
123	[-59.8700416952159, -2]
123	[-59.8700416952159, -2]
123	[-59.8700416952159, -2]
123	[-59.8700416952159, -2]
123	[-59.8700416952159, -2]
123	[-59.8700416952159, -2]
123	[-59.8700416952159, -2]
123	[-59.8700416952159, -2]
123	[-59.8700416952159, -2]
123	[-59.8700416952159, -2]
123	[-59.8700416952159, -2]
123	[-59.8700416952159, -2]
123	[-59.8700416952159, -2]
123	[-59.8700416952159, -2]
123	[-59.8700416952159, -2]
123	[-59.8700416952159, -2]
123	[-59.8700416952159, -2]
123	[-59.8700416952159, -2]
123	[-59.8700416952159, -2]
123	[-59.8700416952159, -2]
123	[-59.8700416952159, -2]
123	[-59.8700416952159, -2]
123	[-59.8700416952159, -2]
123	[-59.8700416952159, -2]
123	[-59.8700416952159, -2]
123	[-59.8700416952159, -2]
123	[-59.8700416952159, -2]
123	[-59.8700416952159, -2]
123	[-59.8700416952159, -2]
123	[-59.8700416952159, -2]
123	[-59.8700416952159, -2]
123	[-59.8700416952159, -2]
123	[-59.8700416952159, -2]
123	[-59.8700416952159, -2]
123	[-59.8700416952159, -2]
123	[-59.8700416952159, -2]
123	[-59.8700416952159, -2]
123	[-59.8700416952159, -2]
123	[-59.8700416952159, -2]
123	[-59.8700416952159, -2]
123	[-59.8700416952159, -2]
123	[-59.8700416952159, -2]
123	[-59.8700416952159, -2]
123	[-59.8700416952159, -2]
123	[-59.8700416952159, -2]
123	[-59.8700416952159, -2]
123	[-59.8700416952159, -2]
123	[-59.8700416952159, -2]
123	[-59.8700416952159, -2]
123	[-59.8700416952159, -2]
123	[-59.8700416952159, -2]
123	[-59.8700416952159, -2]
123	[-59.8700416952159, -2]
123	[-59.8700416952159, -2]
123	[-59.8700416952159, -2]
123	[-59.8700416952159, -2]
123	[-59.8700416952159, -2]
123	[-59.8700416952159, -2]
123	[-59.8700416952159, -2]
124	[-65.59648336646954, 0]
124	[-65.59648336646954, 0]
124	[-65.59648336646954, 0]
124	[-65.59648336646954, 0]
124	[-65.59648336646954, 0]
124	[-65.59648336646954, 0]
124	[-65.59648336646954, 0]
124	[-65.59648336646954, 0]
124	[-65.59648336646954, 0]
124	[-65.59648336646954, 0]
124	[-65.59648336646954, 0]
124	[-65.59648336646954, 0]
124	[-65.59648336646954, 0]
124	[-65.59648336646954, 0]
124	[-65.59648336646954, 0]
124	[-65.59648336646954, 0]
124	[-65.59648336646954, 0]
124	[-65.59648336646954, 0]
124	[-65.59648336646954, 0]
124	[-65.59648336646954, 0]
124	[-65.59648336646954, 0]
124	[-65.59648336646954, 0]
124	[-65.59648336646954, 0]
124	[-65.59648336646954, 0]
124	[-65.59648336646954, 0]
124	[-59.85376699077852, -2]
125	[-65.59648336646954, 0]
125	[-65.59648336646954, 0]
125	[-65.59648336646954, 0]
125	[-65.59648336646954, 0]
125	[-65.59648336646954, 0]
125	[-65.59648336646954, 0]
125	[-65.59648336646954, 0]
125	[-65.59648336646954, 0]
125	[-65.59648336646954, 0]
125	[-65.59648336646954, 0]
125	[-65.59648336646954, 0]
125	[-65.59648336646954, 0]
125	[-65.59648336646954, 0]
125	[-65.59648336646954, 0]
125	[-65.59648336646954, 0]
125	[-65.59648336646954, 0]
125	[-65.59648336646954, 0]
125	[-65.59648336646954, 0]
125	[-65.59648336646954, 0]
125	[-65.59648336646954, 0]
125	[-65.59648336646954, 0]
125	[-65.59648336646954, 0]
125	[-65.59648336646954, 0]
125	[-65.59648336646954, 0]
125	[-65.59648336646954, 0]
125	[-65.59648336646954, 0]
125	[-65.59648336646954, 0]
125	[-65.59648336646954, 0]
125	[-65.59648336646954, 0]
125	[-65.59648336646954, 0]
125	[-65.59648336646954, 0]
125	[-65.59648336646954, 0]
125	[-65.59648336646954, 0]
125	[-65.59648336646954, 0]
125	[-65.59648336646954, 0]
125	[-65.59648336646954, 0]
125	[-65.59648336646954, 0]
125	[-65.59648336646954, 0]
125	[-65.59648336646954, 0]
125	[-65.59648336646954, 0]
125	[-59.85376699077852, -2]
125	[-59.85376699077852, -2]
125	[-59.85376699077852, -2]
126	[-65.59648336646954, 0]
126	[-65.59648336646954, 0]
126	[-65.59648336646954, 0]
126	[-65.59648336646954, 0]
126	[-65.59648336646954, 0]
126	[-65.59648336646954, 0]
126	[-65.59648336646954, 0]
126	[-65.59648336646954, 0]
126	[-65.59648336646954, 0]
126	[-65.59648336646954, 0]
126	[-65.59648336646954, 0]
126	[-65.59648336646954, 0]
126	[-65.59648336646954, 0]
126	[-65.59648336646954, 0]
126	[-65.59648336646954, 0]
126	[-65.59648336646954, 0]
126	[-65.59648336646954, 0]
126	[-65.59648336646954, 0]
126	[-65.59648336646954, 0]
126	[-65.59648336646954, 0]
126	[-65.59648336646954, 0]
126	[-65.59648336646954, 0]
126	[-65.59648336646954, 0]
126	[-65.59648336646954, 0]
126	[-65.59648336646954, 0]
126	[-65.59648336646954, 0]
126	[-65.59648336646954, 0]
126	[-65.59648336646954, 0]
126	[-65.59648336646954, 0]
126	[-65.59648336646954, 0]
126	[-65.59648336646954, 0]
126	[-65.59648336646954, 0]
126	[-65.59648336646954, 0]
126	[-65.59648336646954, 0]
126	[-65.59648336646954, 0]
126	[-65.59648336646954, 0]
126	[-65.59648336646954, 0]
126	[-65.59648336646954, 0]
126	[-65.59648336646954, 0]
126	[-65.59648336646954, 0]
126	[-65.59648336646954, 0]
126	[-65.59648336646954, 0]
126	[-65.59648336646954, 0]
126	[-65.59648336646954, 0]
126	[-65.59648336646954, 0]
126	[-65.59648336646954, 0]
126	[-65.59648336646954, 0]
126	[-65.59648336646954, 0]
126	[-65.59648336646954, 0]
126	[-65.59648336646954, 0]
126	[-59.85376699077852, -2]
126	[-59.85376699077852, -2]
126	[-59.85376699077852, -2]
126	[-59.85376699077852, -2]
126	[-59.85376699077852, -2]
127	[-65.20075015436986, 0]
127	[-59.85376699077852, -2]
127	[-59.85376699077852, -2]
127	[-59.85376699077852, -2]
127	[-59.85376699077852, -2]
127	[-59.85376699077852, -2]
127	[-59.85376699077852, -2]
128	[-65.20075015436986, 0]
128	[-65.20075015436986, 0]
128	[-65.20075015436986, 0]
128	[-65.20075015436986, 0]
128	[-59.85376699077852, -2]
128	[-59.85376699077852, -2]
128	[-59.85376699077852, -2]
128	[-59.85376699077852, -2]
128	[-59.85376699077852, -2]
128	[-59.85376699077852, -2]
128	[-59.85376699077852, -2]
128	[-59.85376699077852, -2]
128	[-59.85376699077852, -2]
129	[-65.20075015436986, 0]
129	[-65.20075015436986, 0]
129	[-65.20075015436986, 0]
129	[-65.20075015436986, 0]
129	[-65.20075015436986, 0]
129	[-65.20075015436986, 0]
129	[-59.85376699077852, -2]
129	[-59.85376699077852, -2]
129	[-59.85376699077852, -2]
129	[-59.85376699077852, -2]
129	[-59.85376699077852, -2]
129	[-59.85376699077852, -2]
129	[-59.85376699077852, -2]
129	[-59.85376699077852, -2]
129	[-59.85376699077852, -2]
129	[-59.85376699077852, -2]
129	[-59.85376699077852, -2]
129	[-59.85376699077852, -2]
129	[-59.85376699077852, -2]
129	[-59.85376699077852, -2]
129	[-59.85376699077852, -2]
130	[-65.20075015436986, 0]
130	[-65.20075015436986, 0]
130	[-65.20075015436986, 0]
130	[-65.20075015436986, 0]
130	[-65.20075015436986, 0]
130	[-65.20075015436986, 0]
130	[-65.20075015436986, 0]
130	[-65.20075015436986, 0]
130	[-65.20075015436986, 0]
130	[-65.20075015436986, 0]
130	[-59.85376699077852, -2]
130	[-59.85376699077852, -2]
130	[-59.85376699077852, -2]
130	[-59.85376699077852, -2]
130	[-59.85376699077852, -2]
130	[-59.85376699077852, -2]
130	[-59.85376699077852, -2]
130	[-59.85376699077852, -2]
130	[-59.85376699077852, -2]
130	[-59.85376699077852, -2]
130	[-59.85376699077852, -2]
130	[-59.85376699077852, -2]
130	[-59.85376699077852, -2]
130	[-59.85376699077852, -2]
130	[-59.85376699077852, -2]
130	[-59.85376699077852, -2]
130	[-59.85376699077852, -2]
130	[-59.85376699077852, -2]
130	[-59.85376699077852, -2]
130	[-59.85376699077852, -2]
130	[-59.85376699077852, -2]
130	[-59.85376699077852, -2]
130	[-59.85376699077852, -2]
131	[-65.20075015436986, 0]
131	[-65.20075015436986, 0]
131	[-65.20075015436986, 0]
131	[-65.20075015436986, 0]
131	[-65.20075015436986, 0]
131	[-65.20075015436986, 0]
131	[-65.20075015436986, 0]
131	[-65.20075015436986, 0]
131	[-65.20075015436986, 0]
131	[-65.20075015436986, 0]
131	[-65.20075015436986, 0]
131	[-65.20075015436986, 0]
131	[-65.20075015436986, 0]
131	[-59.85376699077852, -2]
131	[-59.85376699077852, -2]
131	[-59.85376699077852, -2]
131	[-59.85376699077852, -2]
131	[-59.85376699077852, -2]
131	[-59.85376699077852, -2]
131	[-59.85376699077852, -2]
131	[-59.85376699077852, -2]
131	[-59.85376699077852, -2]
131	[-59.85376699077852, -2]
131	[-59.85376699077852, -2]
131	[-59.85376699077852, -2]
131	[-59.85376699077852, -2]
131	[-59.85376699077852, -2]
131	[-59.85376699077852, -2]
131	[-59.85376699077852, -2]
131	[-59.85376699077852, -2]
131	[-59.85376699077852, -2]
131	[-59.85376699077852, -2]
131	[-59.85376699077852, -2]
131	[-59.85376699077852, -2]
131	[-59.85376699077852, -2]
131	[-59.85376699077852, -2]
131	[-59.85376699077852, -2]
131	[-59.85376699077852, -2]
131	[-59.85376699077852, -2]
131	[-59.85376699077852, -2]
131	[-59.85376699077852, -2]
131	[-59.85376699077852, -2]
131	[-59.85376699077852, -2]
132	[-65.20075015436986, 0]
132	[-65.20075015436986, 0]
132	[-65.20075015436986, 0]
132	[-65.20075015436986, 0]
132	[-65.20075015436986, 0]
132	[-65.20075015436986, 0]
132	[-65.20075015436986, 0]
132	[-65.20075015436986, 0]
132	[-65.20075015436986, 0]
132	[-65.20075015436986, 0]
132	[-65.20075015436986, 0]
132	[-65.20075015436986, 0]
132	[-65.20075015436986, 0]
132	[-65.20075015436986, 0]
132	[-59.85376699077852, -2]
132	[-59.85376699077852, -2]
132	[-59.85376699077852, -2]
132	[-59.85376699077852, -2]
132	[-59.85376699077852, -2]
132	[-59.85376699077852, -2]
132	[-59.85376699077852, -2]
132	[-59.85376699077852, -2]
132	[-59.85376699077852, -2]
132	[-59.85376699077852, -2]
132	[-59.85376699077852, -2]
132	[-59.85376699077852, -2]
132	[-59.85376699077852, -2]
132	[-59.85376699077852, -2]
132	[-59.85376699077852, -2]
132	[-59.85376699077852, -2]
132	[-59.85376699077852, -2]
132	[-59.85376699077852, -2]
132	[-59.85376699077852, -2]
132	[-59.85376699077852, -2]
132	[-59.85376699077852, -2]
132	[-59.85376699077852, -2]
132	[-59.85376699077852, -2]
132	[-59.85376699077852, -2]
132	[-59.85376699077852, -2]
132	[-59.85376699077852, -2]
132	[-59.85376699077852, -2]
132	[-59.85376699077852, -2]
132	[-59.85376699077852, -2]
132	[-59.85376699077852, -2]
132	[-59.85376699077852, -2]
132	[-59.85376699077852, -2]
132	[-59.85376699077852, -2]
132	[-59.85376699077852, -2]
132	[-59.85376699077852, -2]
132	[-59.85376699077852, -2]
133	[-65.20075015436986, 0]
133	[-65.20075015436986, 0]
133	[-65.20075015436986, 0]
133	[-65.20075015436986, 0]
133	[-65.20075015436986, 0]
133	[-65.20075015436986, 0]
133	[-65.20075015436986, 0]
133	[-65.20075015436986, 0]
133	[-65.20075015436986, 0]
133	[-65.20075015436986, 0]
133	[-65.20075015436986, 0]
133	[-65.20075015436986, 0]
133	[-65.20075015436986, 0]
133	[-65.20075015436986, 0]
133	[-65.20075015436986, 0]
133	[-65.20075015436986, 0]
133	[-65.20075015436986, 0]
133	[-65.20075015436986, 0]
133	[-65.20075015436986, 0]
133	[-59.85376699077852, -2]
133	[-59.85376699077852, -2]
133	[-59.85376699077852, -2]
133	[-59.85376699077852, -2]
133	[-59.85376699077852, -2]
133	[-59.85376699077852, -2]
133	[-59.85376699077852, -2]
133	[-59.85376699077852, -2]
133	[-59.85376699077852, -2]
133	[-59.85376699077852, -2]
133	[-59.85376699077852, -2]
133	[-59.85376699077852, -2]
133	[-59.85376699077852, -2]
133	[-59.85376699077852, -2]
133	[-59.85376699077852, -2]
133	[-59.85376699077852, -2]
133	[-59.85376699077852, -2]
133	[-59.85376699077852, -2]
133	[-59.85376699077852, -2]
133	[-59.85376699077852, -2]
133	[-59.85376699077852, -2]
133	[-59.85376699077852, -2]
133	[-59.85376699077852, -2]
133	[-59.85376699077852, -2]
133	[-59.85376699077852, -2]
133	[-59.85376699077852, -2]
133	[-59.85376699077852, -2]
133	[-59.85376699077852, -2]
133	[-59.85376699077852, -2]
133	[-59.85376699077852, -2]
133	[-59.85376699077852, -2]
133	[-59.85376699077852, -2]
133	[-59.85376699077852, -2]
133	[-59.85376699077852, -2]
133	[-59.85376699077852, -2]
133	[-59.85376699077852, -2]
133	[-59.85376699077852, -2]
133	[-59.85376699077852, -2]
133	[-59.85376699077852, -2]
133	[-59.85376699077852, -2]
133	[-59.85376699077852, -2]
133	[-59.85376699077852, -2]
134	[-65.17100499031238, 0]
134	[-59.83600689838452, -2]
135	[-65.17100499031238, 0]
135	[-65.17100499031238, 0]
135	[-59.83600689838452, -2]
135	[-59.83600689838452, -2]
136	[-65.17100499031238, 0]
136	[-65.17100499031238, 0]
136	[-59.83600689838452, -2]
136	[-59.83600689838452, -2]
136	[-59.83600689838452, -2]
136	[-59.83600689838452, -2]
137	[-65.17100499031238, 0]
137	[-65.17100499031238, 0]
137	[-65.17100499031238, 0]
137	[-65.17100499031238, 0]
137	[-59.83600689838452, -2]
137	[-59.83600689838452, -2]
137	[-59.83600689838452, -2]
137	[-59.83600689838452, -2]
137	[-59.83600689838452, -2]
137	[-59.83600689838452, -2]
137	[-59.83600689838452, -2]
137	[-59.83600689838452, -2]
138	[-65.17100499031238, 0]
138	[-65.17100499031238, 0]
138	[-65.17100499031238, 0]
138	[-65.17100499031238, 0]
138	[-65.17100499031238, 0]
138	[-65.17100499031238, 0]
138	[-59.83600689838452, -2]
138	[-59.83600689838452, -2]
138	[-59.83600689838452, -2]
138	[-59.83600689838452, -2]
138	[-59.83600689838452, -2]
138	[-59.83600689838452, -2]
138	[-59.83600689838452, -2]
138	[-59.83600689838452, -2]
138	[-59.83600689838452, -2]
138	[-59.83600689838452, -2]
138	[-59.83600689838452, -2]
139	[-65.17100499031238, 0]
139	[-65.17100499031238, 0]
139	[-65.17100499031238, 0]
139	[-65.17100499031238, 0]
139	[-65.17100499031238, 0]
139	[-65.17100499031238, 0]
139	[-65.17100499031238, 0]
139	[-65.17100499031238, 0]
139	[-65.17100499031238, 0]
139	[-59.83600689838452, -2]
139	[-59.83600689838452, -2]
139	[-59.83600689838452, -2]
139	[-59.83600689838452, -2]
139	[-59.83600689838452, -2]
139	[-59.83600689838452, -2]
139	[-59.83600689838452, -2]
139	[-59.83600689838452, -2]
139	[-59.83600689838452, -2]
139	[-59.83600689838452, -2]
139	[-59.83600689838452, -2]
139	[-59.83600689838452, -2]
139	[-59.83600689838452, -2]
139	[-59.83600689838452, -2]
139	[-59.83600689838452, -2]
140	[-65.17100499031238, 0]
140	[-65.17100499031238, 0]
140	[-65.17100499031238, 0]
140	[-65.17100499031238, 0]
140	[-65.17100499031238, 0]
140	[-65.17100499031238, 0]
140	[-65.17100499031238, 0]
140	[-65.17100499031238, 0]
140	[-65.17100499031238, 0]
140	[-65.17100499031238, 0]
140	[-65.17100499031238, 0]
140	[-59.83600689838452, -2]
140	[-59.83600689838452, -2]
140	[-59.83600689838452, -2]
140	[-59.83600689838452, -2]
140	[-59.83600689838452, -2]
140	[-59.83600689838452, -2]
140	[-59.83600689838452, -2]
140	[-59.83600689838452, -2]
140	[-59.83600689838452, -2]
140	[-59.83600689838452, -2]
140	[-59.83600689838452, -2]
140	[-59.83600689838452, -2]
140	[-59.83600689838452, -2]
140	[-59.83600689838452, -2]
140	[-59.83600689838452, -2]
140	[-59.83600689838452, -2]
140	[-59.83600689838452, -2]
140	[-59.83600689838452, -2]
140	[-59.83600689838452, -2]
140	[-59.83600689838452, -2]
140	[-59.83600689838452, -2]
141	[-65.17100499031238, 0]
141	[-65.17100499031238, 0]
141	[-65.17100499031238, 0]
141	[-65.17100499031238, 0]
141	[-65.17100499031238, 0]
141	[-65.17100499031238, 0]
141	[-65.17100499031238, 0]
141	[-65.17100499031238, 0]
141	[-65.17100499031238, 0]
141	[-65.17100499031238, 0]
141	[-65.17100499031238, 0]
141	[-65.17100499031238, 0]
141	[-65.17100499031238, 0]
141	[-65.17100499031238, 0]
141	[-65.17100499031238, 0]
141	[-59.83600689838452, -2]
141	[-59.83600689838452, -2]
141	[-59.83600689838452, -2]
141	[-59.83600689838452, -2]
141	[-59.83600689838452, -2]
141	[-59.83600689838452, -2]
141	[-59.83600689838452, -2]
141	[-59.83600689838452, -2]
141	[-59.83600689838452, -2]
141	[-59.83600689838452, -2]
141	[-59.83600689838452, -2]
141	[-59.83600689838452, -2]
141	[-59.83600689838452, -2]
141	[-59.83600689838452, -2]
141	[-59.83600689838452, -2]
141	[-59.83600689838452, -2]
141	[-59.83600689838452, -2]
141	[-59.83600689838452, -2]
141	[-59.83600689838452, -2]
141	[-59.83600689838452, -2]
141	[-59.83600689838452, -2]
141	[-59.83600689838452, -2]
141	[-59.83600689838452, -2]
141	[-59.83600689838452, -2]
141	[-59.83600689838452, -2]
141	[-59.83600689838452, -2]
141	[-59.83600689838452, -2]
141	[-59.83600689838452, -2]
141	[-59.83600689838452, -2]
141	[-59.83600689838452, -2]
142	[-65.17100499031238, 0]
142	[-65.17100499031238, 0]
142	[-65.17100499031238, 0]
142	[-65.17100499031238, 0]
142	[-65.17100499031238, 0]
142	[-65.17100499031238, 0]
142	[-65.17100499031238, 0]
142	[-65.17100499031238, 0]
142	[-65.17100499031238, 0]
142	[-65.17100499031238, 0]
142	[-65.17100499031238, 0]
142	[-65.17100499031238, 0]
142	[-65.17100499031238, 0]
142	[-65.17100499031238, 0]
142	[-65.17100499031238, 0]
142	[-65.17100499031238, 0]
142	[-65.17100499031238, 0]
142	[-65.17100499031238, 0]
142	[-65.17100499031238, 0]
142	[-65.17100499031238, 0]
142	[-59.83600689838452, -2]
142	[-59.83600689838452, -2]
142	[-59.83600689838452, -2]
142	[-59.83600689838452, -2]
142	[-59.83600689838452, -2]
142	[-59.83600689838452, -2]
142	[-59.83600689838452, -2]
142	[-59.83600689838452, -2]
142	[-59.83600689838452, -2]
142	[-59.83600689838452, -2]
142	[-59.83600689838452, -2]
142	[-59.83600689838452, -2]
142	[-59.83600689838452, -2]
142	[-59.83600689838452, -2]
142	[-59.83600689838452, -2]
142	[-59.83600689838452, -2]
142	[-59.83600689838452, -2]
142	[-59.83600689838452, -2]
142	[-59.83600689838452, -2]
142	[-59.83600689838452, -2]
142	[-59.83600689838452, -2]
142	[-59.83600689838452, -2]
142	[-59.83600689838452, -2]
142	[-59.83600689838452, -2]
142	[-59.83600689838452, -2]
142	[-59.83600689838452, -2]
142	[-59.83600689838452, -2]
142	[-59.83600689838452, -2]
142	[-59.83600689838452, -2]
142	[-59.83600689838452, -2]
142	[-59.83600689838452, -2]
142	[-59.83600689838452, -2]
142	[-59.83600689838452, -2]
142	[-59.83600689838452, -2]
142	[-59.83600689838452, -2]
143	[-65.15105822886001, 0]
143	[-59.83600689838452, -2]
143	[-59.83600689838452, -2]
143	[-59.83600689838452, -2]
143	[-59.83600689838452, -2]
143	[-59.83600689838452, -2]
143	[-59.83600689838452, -2]
143	[-59.83600689838452, -2]
143	[-59.83600689838452, -2]
143	[-59.83600689838452, -2]
143	[-59.83600689838452, -2]
143	[-59.83600689838452, -2]
143	[-59.83600689838452, -2]
143	[-59.83600689838452, -2]
143	[-59.83600689838452, -2]
143	[-59.83600689838452, -2]
143	[-59.83600689838452, -2]
143	[-59.83600689838452, -2]
143	[-59.83600689838452, -2]
143	[-59.83600689838452, -2]
143	[-59.83600689838452, -2]
143	[-59.83600689838452, -2]
143	[-59.83600689838452, -2]
143	[-59.83600689838452, -2]
143	[-59.83600689838452, -2]
143	[-59.83600689838452, -2]
143	[-59.83600689838452, -2]
143	[-59.83600689838452, -2]
143	[-59.83600689838452, -2]
143	[-59.83600689838452, -2]
143	[-59.83600689838452, -2]
143	[-59.83600689838452, -2]
143	[-59.83600689838452, -2]
143	[-59.83600689838452, -2]
143	[-59.83600689838452, -2]
143	[-59.83600689838452, -2]
143	[-59.83600689838452, -2]
143	[-59.83600689838452, -2]
143	[-59.83600689838452, -2]
143	[-59.83600689838452, -2]
143	[-59.83600689838452, -2]
143	[-59.83600689838452, -2]
143	[-59.83600689838452, -2]
143	[-59.83600689838452, -2]
143	[-59.83600689838452, -2]
143	[-59.83600689838452, -2]
143	[-59.83600689838452, -2]
144	[-65.15105822886001, 0]
144	[-65.15105822886001, 0]
144	[-59.83600689838452, -2]
144	[-59.83600689838452, -2]
144	[-59.83600689838452, -2]
144	[-59.83600689838452, -2]
144	[-59.83600689838452, -2]
144	[-59.83600689838452, -2]
144	[-59.83600689838452, -2]
144	[-59.83600689838452, -2]
144	[-59.83600689838452, -2]
144	[-59.83600689838452, -2]
144	[-59.83600689838452, -2]
144	[-59.83600689838452, -2]
144	[-59.83600689838452, -2]
144	[-59.83600689838452, -2]
144	[-59.83600689838452, -2]
144	[-59.83600689838452, -2]
144	[-59.83600689838452, -2]
144	[-59.83600689838452, -2]
144	[-59.83600689838452, -2]
144	[-59.83600689838452, -2]
144	[-59.83600689838452, -2]
144	[-59.83600689838452, -2]
144	[-59.83600689838452, -2]
144	[-59.83600689838452, -2]
144	[-59.83600689838452, -2]
144	[-59.83600689838452, -2]
144	[-59.83600689838452, -2]
144	[-59.83600689838452, -2]
144	[-59.83600689838452, -2]
144	[-59.83600689838452, -2]
144	[-59.83600689838452, -2]
144	[-59.83600689838452, -2]
144	[-59.83600689838452, -2]
144	[-59.83600689838452, -2]
144	[-59.83600689838452, -2]
144	[-59.83600689838452, -2]
144	[-59.83600689838452, -2]
144	[-59.83600689838452, -2]
144	[-59.83600689838452, -2]
144	[-59.83600689838452, -2]
144	[-59.83600689838452, -2]
144	[-59.83600689838452, -2]
144	[-59.83600689838452, -2]
144	[-59.83600689838452, -2]
144	[-59.83600689838452, -2]
144	[-59.83600689838452, -2]
144	[-59.83600689838452, -2]
144	[-59.83600689838452, -2]
144	[-59.83600689838452, -2]
144	[-59.83600689838452, -2]
144	[-59.83600689838452, -2]
144	[-59.83600689838452, -2]
144	[-59.83600689838452, -2]
144	[-59.83600689838452, -2]
144	[-59.83600689838452, -2]
145	[-64.71135664923956, 0]
145	[-59.83600689838452, -2]
145	[-59.83600689838452, -2]
145	[-59.83600689838452, -2]
145	[-59.83600689838452, -2]
145	[-59.83600689838452, -2]
145	[-59.83600689838452, -2]
145	[-59.83600689838452, -2]
145	[-59.83600689838452, -2]
145	[-59.83600689838452, -2]
145	[-59.83600689838452, -2]
145	[-59.83600689838452, -2]
145	[-59.83600689838452, -2]
145	[-59.83600689838452, -2]
145	[-59.83600689838452, -2]
145	[-59.83600689838452, -2]
145	[-59.83600689838452, -2]
145	[-59.83600689838452, -2]
145	[-59.83600689838452, -2]
145	[-59.83600689838452, -2]
145	[-59.83600689838452, -2]
145	[-59.83600689838452, -2]
145	[-59.83600689838452, -2]
145	[-59.83600689838452, -2]
145	[-59.83600689838452, -2]
145	[-59.83600689838452, -2]
145	[-59.83600689838452, -2]
145	[-59.83600689838452, -2]
145	[-59.83600689838452, -2]
145	[-59.83600689838452, -2]
145	[-59.83600689838452, -2]
145	[-59.83600689838452, -2]
145	[-59.83600689838452, -2]
145	[-59.83600689838452, -2]
145	[-59.83600689838452, -2]
145	[-59.83600689838452, -2]
145	[-59.83600689838452, -2]
145	[-59.83600689838452, -2]
145	[-59.83600689838452, -2]
145	[-59.83600689838452, -2]
145	[-59.83600689838452, -2]
145	[-59.83600689838452, -2]
145	[-59.83600689838452, -2]
145	[-59.83600689838452, -2]
145	[-59.83600689838452, -2]
145	[-59.83600689838452, -2]
145	[-59.83600689838452, -2]
145	[-59.83600689838452, -2]
145	[-59.83600689838452, -2]
145	[-59.83600689838452, -2]
145	[-59.83600689838452, -2]
145	[-59.83600689838452, -2]
145	[-59.83600689838452, -2]
145	[-59.83600689838452, -2]
145	[-59.83600689838452, -2]
145	[-59.83600689838452, -2]
145	[-59.83600689838452, -2]
145	[-59.83600689838452, -2]
145	[-59.83600689838452, -2]
145	[-59.83600689838452, -2]
145	[-59.83600689838452, -2]
145	[-59.83600689838452, -2]
145	[-59.83600689838452, -2]
145	[-59.83600689838452, -2]
145	[-59.83600689838452, -2]
145	[-59.83600689838452, -2]
145	[-59.83600689838452, -2]
145	[-59.83600689838452, -2]
145	[-59.83600689838452, -2]
146	[-64.71135664923956, 0]
146	[-64.71135664923956, 0]
146	[-59.83600689838452, -2]
146	[-59.83600689838452, -2]
146	[-59.83600689838452, -2]
146	[-59.83600689838452, -2]
146	[-59.83600689838452, -2]
146	[-59.83600689838452, -2]
146	[-59.83600689838452, -2]
146	[-59.83600689838452, -2]
146	[-59.83600689838452, -2]
146	[-59.83600689838452, -2]
146	[-59.83600689838452, -2]
146	[-59.83600689838452, -2]
146	[-59.83600689838452, -2]
146	[-59.83600689838452, -2]
146	[-59.83600689838452, -2]
146	[-59.83600689838452, -2]
146	[-59.83600689838452, -2]
146	[-59.83600689838452, -2]
146	[-59.83600689838452, -2]
146	[-59.83600689838452, -2]
146	[-59.83600689838452, -2]
146	[-59.83600689838452, -2]
146	[-59.83600689838452, -2]
146	[-59.83600689838452, -2]
146	[-59.83600689838452, -2]
146	[-59.83600689838452, -2]
146	[-59.83600689838452, -2]
146	[-59.83600689838452, -2]
146	[-59.83600689838452, -2]
146	[-59.83600689838452, -2]
146	[-59.83600689838452, -2]
146	[-59.83600689838452, -2]
146	[-59.83600689838452, -2]
146	[-59.83600689838452, -2]
146	[-59.83600689838452, -2]
146	[-59.83600689838452, -2]
146	[-59.83600689838452, -2]
146	[-59.83600689838452, -2]
146	[-59.83600689838452, -2]
146	[-59.83600689838452, -2]
146	[-59.83600689838452, -2]
146	[-59.83600689838452, -2]
146	[-59.83600689838452, -2]
146	[-59.83600689838452, -2]
146	[-59.83600689838452, -2]
146	[-59.83600689838452, -2]
146	[-59.83600689838452, -2]
146	[-59.83600689838452, -2]
146	[-59.83600689838452, -2]
146	[-59.83600689838452, -2]
146	[-59.83600689838452, -2]
146	[-59.83600689838452, -2]
146	[-59.83600689838452, -2]
146	[-59.83600689838452, -2]
146	[-59.83600689838452, -2]
146	[-59.83600689838452, -2]
146	[-59.83600689838452, -2]
146	[-59.83600689838452, -2]
146	[-59.83600689838452, -2]
146	[-59.83600689838452, -2]
146	[-59.83600689838452, -2]
146	[-59.83600689838452, -2]
146	[-59.83600689838452, -2]
146	[-59.83600689838452, -2]
146	[-59.83600689838452, -2]
146	[-59.83600689838452, -2]
146	[-59.83600689838452, -2]
146	[-59.83600689838452, -2]
146	[-59.83600689838452, -2]
146	[-59.83600689838452, -2]
146	[-59.83600689838452, -2]
146	[-59.83600689838452, -2]
146	[-59.83600689838452, -2]
146	[-59.83600689838452, -2]
146	[-59.83600689838452, -2]
146	[-59.83600689838452, -2]
146	[-59.83600689838452, -2]
146	[-59.83600689838452, -2]
147	[-64.71135664923956, 0]
147	[-64.71135664923956, 0]
147	[-64.71135664923956, 0]
147	[-64.71135664923956, 0]
147	[-64.71135664923956, 0]
147	[-64.71135664923956, 0]
147	[-59.83600689838452, -2]
147	[-59.83600689838452, -2]
147	[-59.83600689838452, -2]
147	[-59.83600689838452, -2]
147	[-59.83600689838452, -2]
147	[-59.83600689838452, -2]
147	[-59.83600689838452, -2]
147	[-59.83600689838452, -2]
147	[-59.83600689838452, -2]
147	[-59.83600689838452, -2]
147	[-59.83600689838452, -2]
147	[-59.83600689838452, -2]
147	[-59.83600689838452, -2]
147	[-59.83600689838452, -2]
147	[-59.83600689838452, -2]
147	[-59.83600689838452, -2]
147	[-59.83600689838452, -2]
147	[-59.83600689838452, -2]
147	[-59.83600689838452, -2]
147	[-59.83600689838452, -2]
147	[-59.83600689838452, -2]
147	[-59.83600689838452, -2]
147	[-59.83600689838452, -2]
147	[-59.83600689838452, -2]
147	[-59.83600689838452, -2]
147	[-59.83600689838452, -2]
147	[-59.83600689838452, -2]
147	[-59.83600689838452, -2]
147	[-59.83600689838452, -2]
147	[-59.83600689838452, -2]
147	[-59.83600689838452, -2]
147	[-59.83600689838452, -2]
147	[-59.83600689838452, -2]
147	[-59.83600689838452, -2]
147	[-59.83600689838452, -2]
147	[-59.83600689838452, -2]
147	[-59.83600689838452, -2]
147	[-59.83600689838452, -2]
147	[-59.83600689838452, -2]
147	[-59.83600689838452, -2]
147	[-59.83600689838452, -2]
147	[-59.83600689838452, -2]
147	[-59.83600689838452, -2]
147	[-59.83600689838452, -2]
147	[-59.83600689838452, -2]
147	[-59.83600689838452, -2]
147	[-59.83600689838452, -2]
147	[-59.83600689838452, -2]
147	[-59.83600689838452, -2]
147	[-59.83600689838452, -2]
147	[-59.83600689838452, -2]
147	[-59.83600689838452, -2]
147	[-59.83600689838452, -2]
147	[-59.83600689838452, -2]
147	[-59.83600689838452, -2]
147	[-59.83600689838452, -2]
147	[-59.83600689838452, -2]
147	[-59.83600689838452, -2]
147	[-59.83600689838452, -2]
147	[-59.83600689838452, -2]
147	[-59.83600689838452, -2]
147	[-59.83600689838452, -2]
147	[-59.83600689838452, -2]
147	[-59.83600689838452, -2]
147	[-59.83600689838452, -2]
147	[-59.83600689838452, -2]
147	[-59.83600689838452, -2]
147	[-59.83600689838452, -2]
147	[-59.83600689838452, -2]
147	[-59.83600689838452, -2]
147	[-59.83600689838452, -2]
147	[-59.83600689838452, -2]
147	[-59.83600689838452, -2]
147	[-59.83600689838452, -2]
148	[-64.71135664923956, 0]
148	[-64.71135664923956, 0]
148	[-64.71135664923956, 0]
148	[-64.71135664923956, 0]
148	[-64.71135664923956, 0]
148	[-64.71135664923956, 0]
148	[-64.71135664923956, 0]
148	[-64.71135664923956, 0]
148	[-59.83600689838452, -2]
148	[-59.83600689838452, -2]
148	[-59.83600689838452, -2]
148	[-59.83600689838452, -2]
148	[-59.83600689838452, -2]
148	[-59.83600689838452, -2]
148	[-59.83600689838452, -2]
148	[-59.83600689838452, -2]
148	[-59.83600689838452, -2]
148	[-59.83600689838452, -2]
148	[-59.83600689838452, -2]
148	[-59.83600689838452, -2]
148	[-59.83600689838452, -2]
148	[-59.83600689838452, -2]
148	[-59.83600689838452, -2]
148	[-59.83600689838452, -2]
148	[-59.83600689838452, -2]
148	[-59.83600689838452, -2]
148	[-59.83600689838452, -2]
148	[-59.83600689838452, -2]
148	[-59.83600689838452, -2]
148	[-59.83600689838452, -2]
148	[-59.83600689838452, -2]
148	[-59.83600689838452, -2]
148	[-59.83600689838452, -2]
148	[-59.83600689838452, -2]
148	[-59.83600689838452, -2]
148	[-59.83600689838452, -2]
148	[-59.83600689838452, -2]
148	[-59.83600689838452, -2]
148	[-59.83600689838452, -2]
148	[-59.83600689838452, -2]
148	[-59.83600689838452, -2]
148	[-59.83600689838452, -2]
148	[-59.83600689838452, -2]
148	[-59.83600689838452, -2]
148	[-59.83600689838452, -2]
148	[-59.83600689838452, -2]
148	[-59.83600689838452, -2]
148	[-59.83600689838452, -2]
148	[-59.83600689838452, -2]
148	[-59.83600689838452, -2]
148	[-59.83600689838452, -2]
148	[-59.83600689838452, -2]
148	[-59.83600689838452, -2]
148	[-59.83600689838452, -2]
148	[-59.83600689838452, -2]
148	[-59.83600689838452, -2]
148	[-59.83600689838452, -2]
148	[-59.83600689838452, -2]
148	[-59.83600689838452, -2]
148	[-59.83600689838452, -2]
148	[-59.83600689838452, -2]
148	[-59.83600689838452, -2]
148	[-59.83600689838452, -2]
148	[-59.83600689838452, -2]
148	[-59.83600689838452, -2]
148	[-59.83600689838452, -2]
148	[-59.83600689838452, -2]
148	[-59.83600689838452, -2]
148	[-59.83600689838452, -2]
148	[-59.83600689838452, -2]
148	[-59.83600689838452, -2]
148	[-59.83600689838452, -2]
148	[-59.83600689838452, -2]
148	[-59.83600689838452, -2]
148	[-59.83600689838452, -2]
148	[-59.83600689838452, -2]
148	[-59.83600689838452, -2]
148	[-59.83600689838452, -2]
148	[-59.83600689838452, -2]
148	[-59.83600689838452, -2]
149	[-64.71135664923956, 0]
149	[-64.71135664923956, 0]
149	[-64.71135664923956, 0]
149	[-64.71135664923956, 0]
149	[-64.71135664923956, 0]
149	[-64.71135664923956, 0]
149	[-64.71135664923956, 0]
149	[-64.71135664923956, 0]
149	[-64.71135664923956, 0]
149	[-64.71135664923956, 0]
149	[-64.71135664923956, 0]
149	[-59.83600689838452, -2]
149	[-59.83600689838452, -2]
149	[-59.83600689838452, -2]
149	[-59.83600689838452, -2]
149	[-59.83600689838452, -2]
149	[-59.83600689838452, -2]
149	[-59.83600689838452, -2]
149	[-59.83600689838452, -2]
149	[-59.83600689838452, -2]
149	[-59.83600689838452, -2]
149	[-59.83600689838452, -2]
149	[-59.83600689838452, -2]
149	[-59.83600689838452, -2]
149	[-59.83600689838452, -2]
149	[-59.83600689838452, -2]
149	[-59.83600689838452, -2]
149	[-59.83600689838452, -2]
149	[-59.83600689838452, -2]
149	[-59.83600689838452, -2]
149	[-59.83600689838452, -2]
149	[-59.83600689838452, -2]
149	[-59.83600689838452, -2]
149	[-59.83600689838452, -2]
149	[-59.83600689838452, -2]
149	[-59.83600689838452, -2]
149	[-59.83600689838452, -2]
149	[-59.83600689838452, -2]
149	[-59.83600689838452, -2]
149	[-59.83600689838452, -2]
149	[-59.83600689838452, -2]
149	[-59.83600689838452, -2]
149	[-59.83600689838452, -2]
149	[-59.83600689838452, -2]
149	[-59.83600689838452, -2]
149	[-59.83600689838452, -2]
149	[-59.83600689838452, -2]
149	[-59.83600689838452, -2]
149	[-59.83600689838452, -2]
149	[-59.83600689838452, -2]
149	[-59.83600689838452, -2]
149	[-59.83600689838452, -2]
149	[-59.83600689838452, -2]
149	[-59.83600689838452, -2]
149	[-59.83600689838452, -2]
149	[-59.83600689838452, -2]
149	[-59.83600689838452, -2]
149	[-59.83600689838452, -2]
149	[-59.83600689838452, -2]
149	[-59.83600689838452, -2]
149	[-59.83600689838452, -2]
149	[-59.83600689838452, -2]
149	[-59.83600689838452, -2]
149	[-59.83600689838452, -2]
149	[-59.83600689838452, -2]
149	[-59.83600689838452, -2]
149	[-59.83600689838452, -2]
149	[-59.83600689838452, -2]
149	[-59.83600689838452, -2]
149	[-59.83600689838452, -2]
149	[-59.83600689838452, -2]
149	[-59.83600689838452, -2]
149	[-59.83600689838452, -2]
149	[-59.83600689838452, -2]
149	[-59.83600689838452, -2]
149	[-59.83600689838452, -2]
149	[-59.83600689838452, -2]
149	[-59.83600689838452, -2]
149	[-59.83600689838452, -2]
149	[-59.83600689838452, -2]
150	[-64.3467393650173, 0]
150	[-59.83600689838452, -2]
150	[-59.83600689838452, -2]
150	[-59.83600689838452, -2]
150	[-59.83600689838452, -2]
150	[-59.83600689838452, -2]
150	[-59.83600689838452, -2]
150	[-59.83600689838452, -2]
150	[-59.83600689838452, -2]
150	[-59.83600689838452, -2]
150	[-59.83600689838452, -2]
150	[-59.83600689838452, -2]
150	[-59.83600689838452, -2]
150	[-59.83600689838452, -2]
150	[-59.83600689838452, -2]
150	[-59.83600689838452, -2]
150	[-59.83600689838452, -2]
150	[-59.83600689838452, -2]
150	[-59.83600689838452, -2]
150	[-59.83600689838452, -2]
150	[-59.83600689838452, -2]
150	[-59.83600689838452, -2]
150	[-59.83600689838452, -2]
150	[-59.83600689838452, -2]
150	[-59.83600689838452, -2]
150	[-59.83600689838452, -2]
150	[-59.83600689838452, -2]
150	[-59.83600689838452, -2]
150	[-59.83600689838452, -2]
150	[-59.83600689838452, -2]
150	[-59.83600689838452, -2]
150	[-59.83600689838452, -2]
150	[-59.83600689838452, -2]
150	[-59.83600689838452, -2]
150	[-59.83600689838452, -2]
150	[-59.83600689838452, -2]
150	[-59.83600689838452, -2]
150	[-59.83600689838452, -2]
150	[-59.83600689838452, -2]
150	[-59.83600689838452, -2]
150	[-59.83600689838452, -2]
150	[-59.83600689838452, -2]
150	[-59.83600689838452, -2]
150	[-59.83600689838452, -2]
150	[-59.83600689838452, -2]
150	[-59.83600689838452, -2]
150	[-59.83600689838452, -2]
150	[-59.83600689838452, -2]
150	[-59.83600689838452, -2]
150	[-59.83600689838452, -2]
150	[-59.83600689838452, -2]
150	[-59.83600689838452, -2]
150	[-59.83600689838452, -2]
150	[-59.83600689838452, -2]
150	[-59.83600689838452, -2]
150	[-59.83600689838452, -2]
150	[-59.83600689838452, -2]
150	[-59.83600689838452, -2]
150	[-59.83600689838452, -2]
150	[-59.83600689838452, -2]
150	[-59.83600689838452, -2]
150	[-59.83600689838452, -2]
150	[-59.83600689838452, -2]
150	[-59.83600689838452, -2]
150	[-59.83600689838452, -2]
150	[-59.83600689838452, -2]
150	[-59.83600689838452, -2]
150	[-59.83600689838452, -2]
150	[-59.83600689838452, -2]
150	[-59.83600689838452, -2]
150	[-59.83600689838452, -2]
150	[-59.83600689838452, -2]
150	[-59.83600689838452, -2]
150	[-59.83600689838452, -2]
150	[-59.83600689838452, -2]
150	[-59.83600689838452, -2]
150	[-59.83600689838452, -2]
150	[-59.83600689838452, -2]
150	[-59.83600689838452, -2]
150	[-59.83600689838452, -2]
151	[-64.3467393650173, 0]
151	[-59.83600689838452, -2]
151	[-59.83600689838452, -2]
151	[-59.83600689838452, -2]
151	[-59.83600689838452, -2]
151	[-59.83600689838452, -2]
151	[-59.83600689838452, -2]
151	[-59.83600689838452, -2]
151	[-59.83600689838452, -2]
151	[-59.83600689838452, -2]
151	[-59.83600689838452, -2]
151	[-59.83600689838452, -2]
151	[-59.83600689838452, -2]
151	[-59.83600689838452, -2]
151	[-59.83600689838452, -2]
151	[-59.83600689838452, -2]
151	[-59.83600689838452, -2]
151	[-59.83600689838452, -2]
151	[-59.83600689838452, -2]
151	[-59.83600689838452, -2]
151	[-59.83600689838452, -2]
151	[-59.83600689838452, -2]
151	[-59.83600689838452, -2]
151	[-59.83600689838452, -2]
151	[-59.83600689838452, -2]
151	[-59.83600689838452, -2]
151	[-59.83600689838452, -2]
151	[-59.83600689838452, -2]
151	[-59.83600689838452, -2]
151	[-59.83600689838452, -2]
151	[-59.83600689838452, -2]
151	[-59.83600689838452, -2]
151	[-59.83600689838452, -2]
151	[-59.83600689838452, -2]
151	[-59.83600689838452, -2]
151	[-59.83600689838452, -2]
151	[-59.83600689838452, -2]
151	[-59.83600689838452, -2]
151	[-59.83600689838452, -2]
151	[-59.83600689838452, -2]
151	[-59.83600689838452, -2]
151	[-59.83600689838452, -2]
151	[-59.83600689838452, -2]
151	[-59.83600689838452, -2]
151	[-59.83600689838452, -2]
151	[-59.83600689838452, -2]
151	[-59.83600689838452, -2]
151	[-59.83600689838452, -2]
151	[-59.83600689838452, -2]
151	[-59.83600689838452, -2]
151	[-59.83600689838452, -2]
151	[-59.83600689838452, -2]
151	[-59.83600689838452, -2]
151	[-59.83600689838452, -2]
151	[-59.83600689838452, -2]
151	[-59.83600689838452, -2]
151	[-59.83600689838452, -2]
151	[-59.83600689838452, -2]
151	[-59.83600689838452, -2]
151	[-59.83600689838452, -2]
151	[-59.83600689838452, -2]
151	[-59.83600689838452, -2]
151	[-59.83600689838452, -2]
151	[-59.83600689838452, -2]
151	[-59.83600689838452, -2]
151	[-59.83600689838452, -2]
151	[-59.83600689838452, -2]
151	[-59.83600689838452, -2]
151	[-59.83600689838452, -2]
151	[-59.83600689838452, -2]
151	[-59.83600689838452, -2]
151	[-59.83600689838452, -2]
151	[-59.83600689838452, -2]
151	[-59.83600689838452, -2]
151	[-59.83600689838452, -2]
151	[-59.83600689838452, -2]
151	[-59.83600689838452, -2]
151	[-59.83600689838452, -2]
151	[-59.83600689838452, -2]
151	[-59.83600689838452, -2]
152	[-64.3467393650173, 0]
152	[-64.3467393650173, 0]
152	[-64.3467393650173, 0]
152	[-59.83600689838452, -2]
152	[-59.83600689838452, -2]
152	[-59.83600689838452, -2]
152	[-59.83600689838452, -2]
152	[-59.83600689838452, -2]
152	[-59.83600689838452, -2]
152	[-59.83600689838452, -2]
152	[-59.83600689838452, -2]
152	[-59.83600689838452, -2]
152	[-59.83600689838452, -2]
152	[-59.83600689838452, -2]
152	[-59.83600689838452, -2]
152	[-59.83600689838452, -2]
152	[-59.83600689838452, -2]
152	[-59.83600689838452, -2]
152	[-59.83600689838452, -2]
152	[-59.83600689838452, -2]
152	[-59.83600689838452, -2]
152	[-59.83600689838452, -2]
152	[-59.83600689838452, -2]
152	[-59.83600689838452, -2]
152	[-59.83600689838452, -2]
152	[-59.83600689838452, -2]
152	[-59.83600689838452, -2]
152	[-59.83600689838452, -2]
152	[-59.83600689838452, -2]
152	[-59.83600689838452, -2]
152	[-59.83600689838452, -2]
152	[-59.83600689838452, -2]
152	[-59.83600689838452, -2]
152	[-59.83600689838452, -2]
152	[-59.83600689838452, -2]
152	[-59.83600689838452, -2]
152	[-59.83600689838452, -2]
152	[-59.83600689838452, -2]
152	[-59.83600689838452, -2]
152	[-59.83600689838452, -2]
152	[-59.83600689838452, -2]
152	[-59.83600689838452, -2]
152	[-59.83600689838452, -2]
152	[-59.83600689838452, -2]
152	[-59.83600689838452, -2]
152	[-59.83600689838452, -2]
152	[-59.83600689838452, -2]
152	[-59.83600689838452, -2]
152	[-59.83600689838452, -2]
152	[-59.83600689838452, -2]
152	[-59.83600689838452, -2]
152	[-59.83600689838452, -2]
152	[-59.83600689838452, -2]
152	[-59.83600689838452, -2]
152	[-59.83600689838452, -2]
152	[-59.83600689838452, -2]
152	[-59.83600689838452, -2]
152	[-59.83600689838452, -2]
152	[-59.83600689838452, -2]
152	[-59.83600689838452, -2]
152	[-59.83600689838452, -2]
152	[-59.83600689838452, -2]
152	[-59.83600689838452, -2]
152	[-59.83600689838452, -2]
152	[-59.83600689838452, -2]
152	[-59.83600689838452, -2]
152	[-59.83600689838452, -2]
152	[-59.83600689838452, -2]
152	[-59.83600689838452, -2]
152	[-59.83600689838452, -2]
152	[-59.83600689838452, -2]
152	[-59.83600689838452, -2]
152	[-59.83600689838452, -2]
152	[-59.83600689838452, -2]
152	[-59.83600689838452, -2]
152	[-59.83600689838452, -2]
152	[-59.83600689838452, -2]
152	[-59.83600689838452, -2]
152	[-59.83600689838452, -2]
152	[-59.83600689838452, -2]
153	[-64.3467393650173, 0]
153	[-64.3467393650173, 0]
153	[-64.3467393650173, 0]
153	[-64.3467393650173, 0]
153	[-64.3467393650173, 0]
153	[-59.83600689838452, -2]
153	[-59.83600689838452, -2]
153	[-59.83600689838452, -2]
153	[-59.83600689838452, -2]
153	[-59.83600689838452, -2]
153	[-59.83600689838452, -2]
153	[-59.83600689838452, -2]
153	[-59.83600689838452, -2]
153	[-59.83600689838452, -2]
153	[-59.83600689838452, -2]
153	[-59.83600689838452, -2]
153	[-59.83600689838452, -2]
153	[-59.83600689838452, -2]
153	[-59.83600689838452, -2]
153	[-59.83600689838452, -2]
153	[-59.83600689838452, -2]
153	[-59.83600689838452, -2]
153	[-59.83600689838452, -2]
153	[-59.83600689838452, -2]
153	[-59.83600689838452, -2]
153	[-59.83600689838452, -2]
153	[-59.83600689838452, -2]
153	[-59.83600689838452, -2]
153	[-59.83600689838452, -2]
153	[-59.83600689838452, -2]
153	[-59.83600689838452, -2]
153	[-59.83600689838452, -2]
153	[-59.83600689838452, -2]
153	[-59.83600689838452, -2]
153	[-59.83600689838452, -2]
153	[-59.83600689838452, -2]
153	[-59.83600689838452, -2]
153	[-59.83600689838452, -2]
153	[-59.83600689838452, -2]
153	[-59.83600689838452, -2]
153	[-59.83600689838452, -2]
153	[-59.83600689838452, -2]
153	[-59.83600689838452, -2]
153	[-59.83600689838452, -2]
153	[-59.83600689838452, -2]
153	[-59.83600689838452, -2]
153	[-59.83600689838452, -2]
153	[-59.83600689838452, -2]
153	[-59.83600689838452, -2]
153	[-59.83600689838452, -2]
153	[-59.83600689838452, -2]
153	[-59.83600689838452, -2]
153	[-59.83600689838452, -2]
153	[-59.83600689838452, -2]
153	[-59.83600689838452, -2]
153	[-59.83600689838452, -2]
153	[-59.83600689838452, -2]
153	[-59.83600689838452, -2]
153	[-59.83600689838452, -2]
153	[-59.83600689838452, -2]
153	[-59.83600689838452, -2]
153	[-59.83600689838452, -2]
153	[-59.83600689838452, -2]
153	[-59.83600689838452, -2]
153	[-59.83600689838452, -2]
153	[-59.83600689838452, -2]
153	[-59.83600689838452, -2]
153	[-59.83600689838452, -2]
153	[-59.83600689838452, -2]
153	[-59.83600689838452, -2]
153	[-59.83600689838452, -2]
153	[-59.83600689838452, -2]
153	[-59.83600689838452, -2]
153	[-59.83600689838452, -2]
153	[-59.83600689838452, -2]
153	[-59.83600689838452, -2]
153	[-59.83600689838452, -2]
153	[-59.83600689838452, -2]
153	[-59.83600689838452, -2]
153	[-59.83600689838452, -2]
154	[-64.3467393650173, 0]
154	[-64.3467393650173, 0]
154	[-64.3467393650173, 0]
154	[-64.3467393650173, 0]
154	[-64.3467393650173, 0]
154	[-64.3467393650173, 0]
154	[-59.83600689838452, -2]
154	[-59.83600689838452, -2]
154	[-59.83600689838452, -2]
154	[-59.83600689838452, -2]
154	[-59.83600689838452, -2]
154	[-59.83600689838452, -2]
154	[-59.83600689838452, -2]
154	[-59.83600689838452, -2]
154	[-59.83600689838452, -2]
154	[-59.83600689838452, -2]
154	[-59.83600689838452, -2]
154	[-59.83600689838452, -2]
154	[-59.83600689838452, -2]
154	[-59.83600689838452, -2]
154	[-59.83600689838452, -2]
154	[-59.83600689838452, -2]
154	[-59.83600689838452, -2]
154	[-59.83600689838452, -2]
154	[-59.83600689838452, -2]
154	[-59.83600689838452, -2]
154	[-59.83600689838452, -2]
154	[-59.83600689838452, -2]
154	[-59.83600689838452, -2]
154	[-59.83600689838452, -2]
154	[-59.83600689838452, -2]
154	[-59.83600689838452, -2]
154	[-59.83600689838452, -2]
154	[-59.83600689838452, -2]
154	[-59.83600689838452, -2]
154	[-59.83600689838452, -2]
154	[-59.83600689838452, -2]
154	[-59.83600689838452, -2]
154	[-59.83600689838452, -2]
154	[-59.83600689838452, -2]
154	[-59.83600689838452, -2]
154	[-59.83600689838452, -2]
154	[-59.83600689838452, -2]
154	[-59.83600689838452, -2]
154	[-59.83600689838452, -2]
154	[-59.83600689838452, -2]
154	[-59.83600689838452, -2]
154	[-59.83600689838452, -2]
154	[-59.83600689838452, -2]
154	[-59.83600689838452, -2]
154	[-59.83600689838452, -2]
154	[-59.83600689838452, -2]
154	[-59.83600689838452, -2]
154	[-59.83600689838452, -2]
154	[-59.83600689838452, -2]
154	[-59.83600689838452, -2]
154	[-59.83600689838452, -2]
154	[-59.83600689838452, -2]
154	[-59.83600689838452, -2]
154	[-59.83600689838452, -2]
154	[-59.83600689838452, -2]
154	[-59.83600689838452, -2]
154	[-59.83600689838452, -2]
154	[-59.83600689838452, -2]
154	[-59.83600689838452, -2]
154	[-59.83600689838452, -2]
154	[-59.83600689838452, -2]
154	[-59.83600689838452, -2]
154	[-59.83600689838452, -2]
154	[-59.83600689838452, -2]
154	[-59.83600689838452, -2]
154	[-59.83600689838452, -2]
154	[-59.83600689838452, -2]
154	[-59.83600689838452, -2]
154	[-59.83600689838452, -2]
154	[-59.83600689838452, -2]
154	[-59.83600689838452, -2]
154	[-59.83600689838452, -2]
154	[-59.83600689838452, -2]
154	[-59.83600689838452, -2]
155	[-64.20138844523676, 0]
155	[-59.83600689838452, -2]
155	[-59.83600689838452, -2]
155	[-59.83600689838452, -2]
155	[-59.83600689838452, -2]
155	[-59.83600689838452, -2]
155	[-59.83600689838452, -2]
155	[-59.83600689838452, -2]
155	[-59.83600689838452, -2]
155	[-59.83600689838452, -2]
155	[-59.83600689838452, -2]
155	[-59.83600689838452, -2]
155	[-59.83600689838452, -2]
155	[-59.83600689838452, -2]
155	[-59.83600689838452, -2]
155	[-59.83600689838452, -2]
155	[-59.83600689838452, -2]
155	[-59.83600689838452, -2]
155	[-59.83600689838452, -2]
155	[-59.83600689838452, -2]
155	[-59.83600689838452, -2]
155	[-59.83600689838452, -2]
155	[-59.83600689838452, -2]
155	[-59.83600689838452, -2]
155	[-59.83600689838452, -2]
155	[-59.83600689838452, -2]
155	[-59.83600689838452, -2]
155	[-59.83600689838452, -2]
155	[-59.83600689838452, -2]
155	[-59.83600689838452, -2]
155	[-59.83600689838452, -2]
155	[-59.83600689838452, -2]
155	[-59.83600689838452, -2]
155	[-59.83600689838452, -2]
155	[-59.83600689838452, -2]
155	[-59.83600689838452, -2]
155	[-59.83600689838452, -2]
155	[-59.83600689838452, -2]
155	[-59.83600689838452, -2]
155	[-59.83600689838452, -2]
155	[-59.83600689838452, -2]
155	[-59.83600689838452, -2]
155	[-59.83600689838452, -2]
155	[-59.83600689838452, -2]
155	[-59.83600689838452, -2]
155	[-59.83600689838452, -2]
155	[-59.83600689838452, -2]
155	[-59.83600689838452, -2]
155	[-59.83600689838452, -2]
155	[-59.83600689838452, -2]
155	[-59.83600689838452, -2]
155	[-59.83600689838452, -2]
155	[-59.83600689838452, -2]
155	[-59.83600689838452, -2]
155	[-59.83600689838452, -2]
155	[-59.83600689838452, -2]
155	[-59.83600689838452, -2]
155	[-59.83600689838452, -2]
155	[-59.83600689838452, -2]
155	[-59.83600689838452, -2]
155	[-59.83600689838452, -2]
155	[-59.83600689838452, -2]
155	[-59.83600689838452, -2]
155	[-59.83600689838452, -2]
155	[-59.83600689838452, -2]
155	[-59.83600689838452, -2]
155	[-59.83600689838452, -2]
155	[-59.83600689838452, -2]
155	[-59.83600689838452, -2]
155	[-59.83600689838452, -2]
155	[-59.83600689838452, -2]
155	[-59.83600689838452, -2]
155	[-59.83600689838452, -2]
155	[-59.83600689838452, -2]
155	[-59.83600689838452, -2]
155	[-59.83600689838452, -2]
155	[-59.83600689838452, -2]
155	[-59.83600689838452, -2]
155	[-59.83600689838452, -2]
155	[-59.83600689838452, -2]
156	[-64.20138844523676, 0]
156	[-64.20138844523676, 0]
156	[-59.83600689838452, -2]
156	[-59.83600689838452, -2]
156	[-59.83600689838452, -2]
156	[-59.83600689838452, -2]
156	[-59.83600689838452, -2]
156	[-59.83600689838452, -2]
156	[-59.83600689838452, -2]
156	[-59.83600689838452, -2]
156	[-59.83600689838452, -2]
156	[-59.83600689838452, -2]
156	[-59.83600689838452, -2]
156	[-59.83600689838452, -2]
156	[-59.83600689838452, -2]
156	[-59.83600689838452, -2]
156	[-59.83600689838452, -2]
156	[-59.83600689838452, -2]
156	[-59.83600689838452, -2]
156	[-59.83600689838452, -2]
156	[-59.83600689838452, -2]
156	[-59.83600689838452, -2]
156	[-59.83600689838452, -2]
156	[-59.83600689838452, -2]
156	[-59.83600689838452, -2]
156	[-59.83600689838452, -2]
156	[-59.83600689838452, -2]
156	[-59.83600689838452, -2]
156	[-59.83600689838452, -2]
156	[-59.83600689838452, -2]
156	[-59.83600689838452, -2]
156	[-59.83600689838452, -2]
156	[-59.83600689838452, -2]
156	[-59.83600689838452, -2]
156	[-59.83600689838452, -2]
156	[-59.83600689838452, -2]
156	[-59.83600689838452, -2]
156	[-59.83600689838452, -2]
156	[-59.83600689838452, -2]
156	[-59.83600689838452, -2]
156	[-59.83600689838452, -2]
156	[-59.83600689838452, -2]
156	[-59.83600689838452, -2]
156	[-59.83600689838452, -2]
156	[-59.83600689838452, -2]
156	[-59.83600689838452, -2]
156	[-59.83600689838452, -2]
156	[-59.83600689838452, -2]
156	[-59.83600689838452, -2]
156	[-59.83600689838452, -2]
156	[-59.83600689838452, -2]
156	[-59.83600689838452, -2]
156	[-59.83600689838452, -2]
156	[-59.83600689838452, -2]
156	[-59.83600689838452, -2]
156	[-59.83600689838452, -2]
156	[-59.83600689838452, -2]
156	[-59.83600689838452, -2]
156	[-59.83600689838452, -2]
156	[-59.83600689838452, -2]
156	[-59.83600689838452, -2]
156	[-59.83600689838452, -2]
156	[-59.83600689838452, -2]
156	[-59.83600689838452, -2]
156	[-59.83600689838452, -2]
156	[-59.83600689838452, -2]
156	[-59.83600689838452, -2]
156	[-59.83600689838452, -2]
156	[-59.83600689838452, -2]
156	[-59.83600689838452, -2]
156	[-59.83600689838452, -2]
156	[-59.83600689838452, -2]
156	[-59.83600689838452, -2]
156	[-59.83600689838452, -2]
156	[-59.83600689838452, -2]
156	[-59.83600689838452, -2]
156	[-59.83600689838452, -2]
156	[-59.83600689838452, -2]
156	[-59.83600689838452, -2]
156	[-59.83600689838452, -2]
157	[-64.20138844523676, 0]
157	[-64.20138844523676, 0]
157	[-64.20138844523676, 0]
157	[-59.815789831100965, -2]
158	[-64.20138844523676, 0]
158	[-64.20138844523676, 0]
158	[-64.20138844523676, 0]
158	[-64.20138844523676, 0]
158	[-61.49654264424161, -1]
158	[-59.815789831100965, -2]
158	[-59.815789831100965, -2]
159	[-64.20138844523676, 0]
159	[-64.20138844523676, 0]
159	[-64.20138844523676, 0]
159	[-64.20138844523676, 0]
159	[-64.20138844523676, 0]
159	[-64.20138844523676, 0]
159	[-64.20138844523676, 0]
159	[-61.49654264424161, -1]
159	[-59.815789831100965, -2]
159	[-59.815789831100965, -2]
159	[-59.815789831100965, -2]
159	[-59.815789831100965, -2]
159	[-59.815789831100965, -2]
160	[-64.20138844523676, 0]
160	[-64.20138844523676, 0]
160	[-64.20138844523676, 0]
160	[-64.20138844523676, 0]
160	[-64.20138844523676, 0]
160	[-64.20138844523676, 0]
160	[-64.20138844523676, 0]
160	[-64.20138844523676, 0]
160	[-64.20138844523676, 0]
160	[-64.20138844523676, 0]
160	[-64.20138844523676, 0]
160	[-64.20138844523676, 0]
160	[-61.49654264424161, -1]
160	[-59.75133495747629, -2]
161	[-64.20138844523676, 0]
161	[-64.20138844523676, 0]
161	[-64.20138844523676, 0]
161	[-64.20138844523676, 0]
161	[-64.20138844523676, 0]
161	[-64.20138844523676, 0]
161	[-64.20138844523676, 0]
161	[-64.20138844523676, 0]
161	[-64.20138844523676, 0]
161	[-64.20138844523676, 0]
161	[-64.20138844523676, 0]
161	[-64.20138844523676, 0]
161	[-64.20138844523676, 0]
161	[-64.20138844523676, 0]
161	[-64.20138844523676, 0]
161	[-64.20138844523676, 0]
161	[-61.46649736796252, -1]
161	[-59.75133495747629, -2]
161	[-59.75133495747629, -2]
162	[-64.08643720703293, 0]
162	[-61.46649736796252, -1]
162	[-59.75133495747629, -2]
162	[-59.75133495747629, -2]
162	[-59.75133495747629, -2]
162	[-59.75133495747629, -2]
163	[-64.08643720703293, 0]
163	[-61.463106938757846, -1]
163	[-59.738896444432925, -2]
164	[-64.0360319209525, 0]
164	[-61.463106938757846, -1]
164	[-59.738896444432925, -2]
164	[-59.738896444432925, -2]
165	[-64.0360319209525, 0]
165	[-61.463106938757846, -1]
165	[-61.463106938757846, -1]
165	[-59.71965342795278, -2]
166	[-64.0360319209525, 0]
166	[-64.0360319209525, 0]
166	[-61.463106938757846, -1]
166	[-61.463106938757846, -1]
166	[-59.71965342795278, -2]
166	[-59.71965342795278, -2]
167	[-64.0360319209525, 0]
167	[-64.0360319209525, 0]
167	[-64.0360319209525, 0]
167	[-61.463106938757846, -1]
167	[-61.463106938757846, -1]
167	[-59.71965342795278, -2]
167	[-59.71965342795278, -2]
167	[-59.71965342795278, -2]
168	[-64.03250353853048, 0]
168	[-61.463106938757846, -1]
168	[-61.463106938757846, -1]
168	[-59.71965342795278, -2]
168	[-59.71965342795278, -2]
168	[-59.71965342795278, -2]
168	[-59.71965342795278, -2]
168	[-59.71965342795278, -2]
168	[-59.71965342795278, -2]
168	[-59.71965342795278, -2]
169	[-64.03250353853048, 0]
169	[-64.03250353853048, 0]
169	[-61.463106938757846, -1]
169	[-61.463106938757846, -1]
169	[-61.463106938757846, -1]
169	[-61.463106938757846, -1]
169	[-59.71965342795278, -2]
169	[-59.71965342795278, -2]
169	[-59.71965342795278, -2]
169	[-59.71965342795278, -2]
169	[-59.71965342795278, -2]
169	[-59.71965342795278, -2]
169	[-59.71965342795278, -2]
169	[-59.71965342795278, -2]
169	[-59.71965342795278, -2]
169	[-59.71965342795278, -2]
169	[-59.71965342795278, -2]
169	[-59.71965342795278, -2]
170	[-64.03250353853048, 0]
170	[-64.03250353853048, 0]
170	[-64.03250353853048, 0]
170	[-61.463106938757846, -1]
170	[-61.463106938757846, -1]
170	[-61.463106938757846, -1]
170	[-61.463106938757846, -1]
170	[-61.463106938757846, -1]
170	[-61.463106938757846, -1]
170	[-59.71965342795278, -2]
170	[-59.71965342795278, -2]
170	[-59.71965342795278, -2]
170	[-59.71965342795278, -2]
170	[-59.71965342795278, -2]
170	[-59.71965342795278, -2]
170	[-59.71965342795278, -2]
170	[-59.71965342795278, -2]
170	[-59.71965342795278, -2]
170	[-59.71965342795278, -2]
170	[-59.71965342795278, -2]
170	[-59.71965342795278, -2]
170	[-59.71965342795278, -2]
170	[-59.71965342795278, -2]
170	[-59.71965342795278, -2]
170	[-59.71965342795278, -2]
170	[-59.71965342795278, -2]
170	[-59.71965342795278, -2]
170	[-59.71965342795278, -2]
170	[-59.71965342795278, -2]
170	[-59.71965342795278, -2]
171	[-64.03250353853048, 0]
171	[-64.03250353853048, 0]
171	[-64.03250353853048, 0]
171	[-64.03250353853048, 0]
171	[-61.463106938757846, -1]
171	[-61.463106938757846, -1]
171	[-61.463106938757846, -1]
171	[-61.463106938757846, -1]
171	[-61.463106938757846, -1]
171	[-61.463106938757846, -1]
171	[-61.463106938757846, -1]
171	[-59.71965342795278, -2]
171	[-59.71965342795278, -2]
171	[-59.71965342795278, -2]
171	[-59.71965342795278, -2]
171	[-59.71965342795278, -2]
171	[-59.71965342795278, -2]
171	[-59.71965342795278, -2]
171	[-59.71965342795278, -2]
171	[-59.71965342795278, -2]
171	[-59.71965342795278, -2]
171	[-59.71965342795278, -2]
171	[-59.71965342795278, -2]
171	[-59.71965342795278, -2]
171	[-59.71965342795278, -2]
171	[-59.71965342795278, -2]
171	[-59.71965342795278, -2]
171	[-59.71965342795278, -2]
171	[-59.71965342795278, -2]
171	[-59.71965342795278, -2]
171	[-59.71965342795278, -2]
171	[-59.71965342795278, -2]
171	[-59.71965342795278, -2]
171	[-59.71965342795278, -2]
171	[-59.71965342795278, -2]
171	[-59.71965342795278, -2]
171	[-59.71965342795278, -2]
171	[-59.71965342795278, -2]
171	[-59.71965342795278, -2]
171	[-59.71965342795278, -2]
171	[-59.71965342795278, -2]
171	[-59.71965342795278, -2]
172	[-64.03250353853048, 0]
172	[-64.03250353853048, 0]
172	[-64.03250353853048, 0]
172	[-64.03250353853048, 0]
172	[-64.03250353853048, 0]
172	[-64.03250353853048, 0]
172	[-64.03250353853048, 0]
172	[-61.463106938757846, -1]
172	[-61.463106938757846, -1]
172	[-61.463106938757846, -1]
172	[-61.463106938757846, -1]
172	[-61.463106938757846, -1]
172	[-61.463106938757846, -1]
172	[-61.463106938757846, -1]
172	[-59.71965342795278, -2]
172	[-59.71965342795278, -2]
172	[-59.71965342795278, -2]
172	[-59.71965342795278, -2]
172	[-59.71965342795278, -2]
172	[-59.71965342795278, -2]
172	[-59.71965342795278, -2]
172	[-59.71965342795278, -2]
172	[-59.71965342795278, -2]
172	[-59.71965342795278, -2]
172	[-59.71965342795278, -2]
172	[-59.71965342795278, -2]
172	[-59.71965342795278, -2]
172	[-59.71965342795278, -2]
172	[-59.71965342795278, -2]
172	[-59.71965342795278, -2]
172	[-59.71965342795278, -2]
172	[-59.71965342795278, -2]
172	[-59.71965342795278, -2]
172	[-59.71965342795278, -2]
172	[-59.71965342795278, -2]
172	[-59.71965342795278, -2]
172	[-59.71965342795278, -2]
172	[-59.71965342795278, -2]
172	[-59.71965342795278, -2]
172	[-59.71965342795278, -2]
172	[-59.71965342795278, -2]
172	[-59.71965342795278, -2]
172	[-59.71965342795278, -2]
172	[-59.71965342795278, -2]
172	[-59.71965342795278, -2]
172	[-59.71965342795278, -2]
172	[-59.71965342795278, -2]
172	[-59.71965342795278, -2]
172	[-59.71965342795278, -2]
172	[-59.71965342795278, -2]
172	[-59.71965342795278, -2]
172	[-59.71965342795278, -2]
172	[-59.71965342795278, -2]
172	[-59.71965342795278, -2]
172	[-59.71965342795278, -2]
172	[-59.71965342795278, -2]
172	[-59.71965342795278, -2]
173	[-64.03250353853048, 0]
173	[-64.03250353853048, 0]
173	[-64.03250353853048, 0]
173	[-64.03250353853048, 0]
173	[-64.03250353853048, 0]
173	[-64.03250353853048, 0]
173	[-64.03250353853048, 0]
173	[-64.03250353853048, 0]
173	[-64.03250353853048, 0]
173	[-64.03250353853048, 0]
173	[-64.03250353853048, 0]
173	[-64.03250353853048, 0]
173	[-61.463106938757846, -1]
173	[-61.463106938757846, -1]
173	[-61.463106938757846, -1]
173	[-61.463106938757846, -1]
173	[-61.463106938757846, -1]
173	[-61.463106938757846, -1]
173	[-61.463106938757846, -1]
173	[-59.71965342795278, -2]
173	[-59.71965342795278, -2]
173	[-59.71965342795278, -2]
173	[-59.71965342795278, -2]
173	[-59.71965342795278, -2]
173	[-59.71965342795278, -2]
173	[-59.71965342795278, -2]
173	[-59.71965342795278, -2]
173	[-59.71965342795278, -2]
173	[-59.71965342795278, -2]
173	[-59.71965342795278, -2]
173	[-59.71965342795278, -2]
173	[-59.71965342795278, -2]
173	[-59.71965342795278, -2]
173	[-59.71965342795278, -2]
173	[-59.71965342795278, -2]
173	[-59.71965342795278, -2]
173	[-59.71965342795278, -2]
173	[-59.71965342795278, -2]
173	[-59.71965342795278, -2]
173	[-59.71965342795278, -2]
173	[-59.71965342795278, -2]
173	[-59.71965342795278, -2]
173	[-59.71965342795278, -2]
173	[-59.71965342795278, -2]
173	[-59.71965342795278, -2]
173	[-59.71965342795278, -2]
173	[-59.71965342795278, -2]
173	[-59.71965342795278, -2]
173	[-59.71965342795278, -2]
173	[-59.71965342795278, -2]
173	[-59.71965342795278, -2]
173	[-59.71965342795278, -2]
173	[-59.71965342795278, -2]
173	[-59.71965342795278, -2]
173	[-59.71965342795278, -2]
173	[-59.71965342795278, -2]
173	[-59.71965342795278, -2]
173	[-59.71965342795278, -2]
173	[-59.71965342795278, -2]
173	[-59.71965342795278, -2]
173	[-59.71965342795278, -2]
173	[-59.71965342795278, -2]
173	[-59.71965342795278, -2]
173	[-59.71965342795278, -2]
173	[-59.71965342795278, -2]
173	[-59.71965342795278, -2]
174	[-64.03250353853048, 0]
174	[-64.03250353853048, 0]
174	[-64.03250353853048, 0]
174	[-64.03250353853048, 0]
174	[-64.03250353853048, 0]
174	[-64.03250353853048, 0]
174	[-64.03250353853048, 0]
174	[-64.03250353853048, 0]
174	[-64.03250353853048, 0]
174	[-64.03250353853048, 0]
174	[-64.03250353853048, 0]
174	[-64.03250353853048, 0]
174	[-64.03250353853048, 0]
174	[-61.463106938757846, -1]
174	[-61.463106938757846, -1]
174	[-61.463106938757846, -1]
174	[-61.463106938757846, -1]
174	[-61.463106938757846, -1]
174	[-61.463106938757846, -1]
174	[-61.463106938757846, -1]
174	[-61.463106938757846, -1]
174	[-61.463106938757846, -1]
174	[-59.71965342795278, -2]
174	[-59.71965342795278, -2]
174	[-59.71965342795278, -2]
174	[-59.71965342795278, -2]
174	[-59.71965342795278, -2]
174	[-59.71965342795278, -2]
174	[-59.71965342795278, -2]
174	[-59.71965342795278, -2]
174	[-59.71965342795278, -2]
174	[-59.71965342795278, -2]
174	[-59.71965342795278, -2]
174	[-59.71965342795278, -2]
174	[-59.71965342795278, -2]
174	[-59.71965342795278, -2]
174	[-59.71965342795278, -2]
174	[-59.71965342795278, -2]
174	[-59.71965342795278, -2]
174	[-59.71965342795278, -2]
174	[-59.71965342795278, -2]
174	[-59.71965342795278, -2]
174	[-59.71965342795278, -2]
174	[-59.71965342795278, -2]
174	[-59.71965342795278, -2]
174	[-59.71965342795278, -2]
174	[-59.71965342795278, -2]
174	[-59.71965342795278, -2]
174	[-59.71965342795278, -2]
174	[-59.71965342795278, -2]
174	[-59.71965342795278, -2]
174	[-59.71965342795278, -2]
174	[-59.71965342795278, -2]
174	[-59.71965342795278, -2]
174	[-59.71965342795278, -2]
174	[-59.71965342795278, -2]
174	[-59.71965342795278, -2]
174	[-59.71965342795278, -2]
174	[-59.71965342795278, -2]
174	[-59.71965342795278, -2]
174	[-59.71965342795278, -2]
174	[-59.71965342795278, -2]
174	[-59.71965342795278, -2]
174	[-59.71965342795278, -2]
174	[-59.71965342795278, -2]
174	[-59.71965342795278, -2]
174	[-59.71965342795278, -2]
174	[-59.71965342795278, -2]
174	[-59.71965342795278, -2]
174	[-59.71965342795278, -2]
174	[-59.71965342795278, -2]
174	[-59.71965342795278, -2]
174	[-59.71965342795278, -2]
174	[-59.71965342795278, -2]
174	[-59.71965342795278, -2]
174	[-59.71965342795278, -2]
175	[-64.03250353853048, 0]
175	[-64.03250353853048, 0]
175	[-64.03250353853048, 0]
175	[-64.03250353853048, 0]
175	[-64.03250353853048, 0]
175	[-64.03250353853048, 0]
175	[-64.03250353853048, 0]
175	[-64.03250353853048, 0]
175	[-64.03250353853048, 0]
175	[-64.03250353853048, 0]
175	[-64.03250353853048, 0]
175	[-64.03250353853048, 0]
175	[-64.03250353853048, 0]
175	[-64.03250353853048, 0]
175	[-64.03250353853048, 0]
175	[-64.03250353853048, 0]
175	[-64.03250353853048, 0]
175	[-61.463106938757846, -1]
175	[-61.463106938757846, -1]
175	[-61.463106938757846, -1]
175	[-61.463106938757846, -1]
175	[-61.463106938757846, -1]
175	[-61.463106938757846, -1]
175	[-59.71965342795278, -2]
175	[-59.71965342795278, -2]
175	[-59.71965342795278, -2]
175	[-59.71965342795278, -2]
175	[-59.71965342795278, -2]
175	[-59.71965342795278, -2]
175	[-59.71965342795278, -2]
175	[-59.71965342795278, -2]
175	[-59.71965342795278, -2]
175	[-59.71965342795278, -2]
175	[-59.71965342795278, -2]
175	[-59.71965342795278, -2]
175	[-59.71965342795278, -2]
175	[-59.71965342795278, -2]
175	[-59.71965342795278, -2]
175	[-59.71965342795278, -2]
175	[-59.71965342795278, -2]
175	[-59.71965342795278, -2]
175	[-59.71965342795278, -2]
175	[-59.71965342795278, -2]
175	[-59.71965342795278, -2]
175	[-59.71965342795278, -2]
175	[-59.71965342795278, -2]
175	[-59.71965342795278, -2]
175	[-59.71965342795278, -2]
175	[-59.71965342795278, -2]
175	[-59.71965342795278, -2]
175	[-59.71965342795278, -2]
175	[-59.71965342795278, -2]
175	[-59.71965342795278, -2]
175	[-59.71965342795278, -2]
175	[-59.71965342795278, -2]
175	[-59.71965342795278, -2]
175	[-59.71965342795278, -2]
175	[-59.71965342795278, -2]
175	[-59.71965342795278, -2]
175	[-59.71965342795278, -2]
175	[-59.71965342795278, -2]
175	[-59.71965342795278, -2]
175	[-59.71965342795278, -2]
175	[-59.71965342795278, -2]
175	[-59.71965342795278, -2]
175	[-59.71965342795278, -2]
175	[-59.71965342795278, -2]
175	[-59.71965342795278, -2]
175	[-59.71965342795278, -2]
175	[-59.71965342795278, -2]
175	[-59.71965342795278, -2]
175	[-59.71965342795278, -2]
175	[-59.71965342795278, -2]
175	[-59.71965342795278, -2]
175	[-59.71965342795278, -2]
175	[-59.71965342795278, -2]
175	[-59.71965342795278, -2]
175	[-59.71965342795278, -2]
175	[-59.71965342795278, -2]
175	[-59.71965342795278, -2]
176	[-60.52768846238044, 0]
176	[-59.71965342795278, -2]
176	[-59.71965342795278, -2]
176	[-59.71965342795278, -2]
176	[-59.71965342795278, -2]
176	[-59.71965342795278, -2]
176	[-59.71965342795278, -2]
176	[-59.71965342795278, -2]
176	[-59.71965342795278, -2]
176	[-59.71965342795278, -2]
176	[-59.71965342795278, -2]
176	[-59.71965342795278, -2]
176	[-59.71965342795278, -2]
176	[-59.71965342795278, -2]
176	[-59.71965342795278, -2]
176	[-59.71965342795278, -2]
176	[-59.71965342795278, -2]
176	[-59.71965342795278, -2]
176	[-59.71965342795278, -2]
176	[-59.71965342795278, -2]
176	[-59.71965342795278, -2]
176	[-59.71965342795278, -2]
176	[-59.71965342795278, -2]
176	[-59.71965342795278, -2]
176	[-59.71965342795278, -2]
176	[-59.71965342795278, -2]
176	[-59.71965342795278, -2]
176	[-59.71965342795278, -2]
176	[-59.71965342795278, -2]
176	[-59.71965342795278, -2]
176	[-59.71965342795278, -2]
176	[-59.71965342795278, -2]
176	[-59.71965342795278, -2]
176	[-59.71965342795278, -2]
176	[-59.71965342795278, -2]
176	[-59.71965342795278, -2]
176	[-59.71965342795278, -2]
176	[-59.71965342795278, -2]
176	[-59.71965342795278, -2]
176	[-59.71965342795278, -2]
176	[-59.71965342795278, -2]
176	[-59.71965342795278, -2]
176	[-59.71965342795278, -2]
176	[-59.71965342795278, -2]
176	[-59.71965342795278, -2]
176	[-59.71965342795278, -2]
176	[-59.71965342795278, -2]
176	[-59.71965342795278, -2]
176	[-59.71965342795278, -2]
176	[-59.71965342795278, -2]
176	[-59.71965342795278, -2]
176	[-59.71965342795278, -2]
176	[-59.71965342795278, -2]
176	[-59.71965342795278, -2]
176	[-59.71965342795278, -2]
176	[-59.71965342795278, -2]
176	[-59.71965342795278, -2]
176	[-59.71965342795278, -2]
176	[-59.71965342795278, -2]
176	[-59.71965342795278, -2]
176	[-59.71965342795278, -2]
176	[-59.71965342795278, -2]
176	[-59.71965342795278, -2]
176	[-59.71965342795278, -2]
177	[-60.52768846238044, 0]
177	[-60.52768846238044, 0]
177	[-60.52768846238044, 0]
177	[-60.52768846238044, 0]
177	[-59.71965342795278, -2]
177	[-59.71965342795278, -2]
177	[-59.71965342795278, -2]
177	[-59.71965342795278, -2]
177	[-59.71965342795278, -2]
177	[-59.71965342795278, -2]
177	[-59.71965342795278, -2]
177	[-59.71965342795278, -2]
177	[-59.71965342795278, -2]
177	[-59.71965342795278, -2]
177	[-59.71965342795278, -2]
177	[-59.71965342795278, -2]
177	[-59.71965342795278, -2]
177	[-59.71965342795278, -2]
177	[-59.71965342795278, -2]
177	[-59.71965342795278, -2]
177	[-59.71965342795278, -2]
177	[-59.71965342795278, -2]
177	[-59.71965342795278, -2]
177	[-59.71965342795278, -2]
177	[-59.71965342795278, -2]
177	[-59.71965342795278, -2]
177	[-59.71965342795278, -2]
177	[-59.71965342795278, -2]
177	[-59.71965342795278, -2]
177	[-59.71965342795278, -2]
177	[-59.71965342795278, -2]
177	[-59.71965342795278, -2]
177	[-59.71965342795278, -2]
177	[-59.71965342795278, -2]
177	[-59.71965342795278, -2]
177	[-59.71965342795278, -2]
177	[-59.71965342795278, -2]
177	[-59.71965342795278, -2]
177	[-59.71965342795278, -2]
177	[-59.71965342795278, -2]
177	[-59.71965342795278, -2]
177	[-59.71965342795278, -2]
177	[-59.71965342795278, -2]
177	[-59.71965342795278, -2]
177	[-59.71965342795278, -2]
177	[-59.71965342795278, -2]
177	[-59.71965342795278, -2]
177	[-59.71965342795278, -2]
177	[-59.71965342795278, -2]
177	[-59.71965342795278, -2]
177	[-59.71965342795278, -2]
177	[-59.71965342795278, -2]
177	[-59.71965342795278, -2]
177	[-59.71965342795278, -2]
177	[-59.71965342795278, -2]
177	[-59.71965342795278, -2]
177	[-59.71965342795278, -2]
177	[-59.71965342795278, -2]
177	[-59.71965342795278, -2]
177	[-59.71965342795278, -2]
177	[-59.71965342795278, -2]
177	[-59.71965342795278, -2]
177	[-59.71965342795278, -2]
177	[-59.71965342795278, -2]
177	[-59.71965342795278, -2]
177	[-59.71965342795278, -2]
177	[-59.71965342795278, -2]
177	[-59.71965342795278, -2]
177	[-59.71965342795278, -2]
177	[-59.71965342795278, -2]
177	[-59.71965342795278, -2]
177	[-59.71965342795278, -2]
177	[-59.71965342795278, -2]
177	[-59.71965342795278, -2]
178	[-60.52768846238044, 0]
178	[-60.52768846238044, 0]
178	[-60.52768846238044, 0]
178	[-60.52768846238044, 0]
178	[-60.52768846238044, 0]
178	[-60.52768846238044, 0]
178	[-60.52768846238044, 0]
178	[-59.71965342795278, -2]
178	[-59.71965342795278, -2]
178	[-59.71965342795278, -2]
178	[-59.71965342795278, -2]
178	[-59.71965342795278, -2]
178	[-59.71965342795278, -2]
178	[-59.71965342795278, -2]
178	[-59.71965342795278, -2]
178	[-59.71965342795278, -2]
178	[-59.71965342795278, -2]
178	[-59.71965342795278, -2]
178	[-59.71965342795278, -2]
178	[-59.71965342795278, -2]
178	[-59.71965342795278, -2]
178	[-59.71965342795278, -2]
178	[-59.71965342795278, -2]
178	[-59.71965342795278, -2]
178	[-59.71965342795278, -2]
178	[-59.71965342795278, -2]
178	[-59.71965342795278, -2]
178	[-59.71965342795278, -2]
178	[-59.71965342795278, -2]
178	[-59.71965342795278, -2]
178	[-59.71965342795278, -2]
178	[-59.71965342795278, -2]
178	[-59.71965342795278, -2]
178	[-59.71965342795278, -2]
178	[-59.71965342795278, -2]
178	[-59.71965342795278, -2]
178	[-59.71965342795278, -2]
178	[-59.71965342795278, -2]
178	[-59.71965342795278, -2]
178	[-59.71965342795278, -2]
178	[-59.71965342795278, -2]
178	[-59.71965342795278, -2]
178	[-59.71965342795278, -2]
178	[-59.71965342795278, -2]
178	[-59.71965342795278, -2]
178	[-59.71965342795278, -2]
178	[-59.71965342795278, -2]
178	[-59.71965342795278, -2]
178	[-59.71965342795278, -2]
178	[-59.71965342795278, -2]
178	[-59.71965342795278, -2]
178	[-59.71965342795278, -2]
178	[-59.71965342795278, -2]
178	[-59.71965342795278, -2]
178	[-59.71965342795278, -2]
178	[-59.71965342795278, -2]
178	[-59.71965342795278, -2]
178	[-59.71965342795278, -2]
178	[-59.71965342795278, -2]
178	[-59.71965342795278, -2]
178	[-59.71965342795278, -2]
178	[-59.71965342795278, -2]
178	[-59.71965342795278, -2]
178	[-59.71965342795278, -2]
178	[-59.71965342795278, -2]
178	[-59.71965342795278, -2]
178	[-59.71965342795278, -2]
178	[-59.71965342795278, -2]
178	[-59.71965342795278, -2]
178	[-59.71965342795278, -2]
178	[-59.71965342795278, -2]
178	[-59.71965342795278, -2]
178	[-59.71965342795278, -2]
178	[-59.71965342795278, -2]
178	[-59.71965342795278, -2]
178	[-59.71965342795278, -2]
178	[-59.71965342795278, -2]
178	[-59.71965342795278, -2]
178	[-59.71965342795278, -2]
178	[-59.71965342795278, -2]
179	[-60.52768846238044, 0]
179	[-60.52768846238044, 0]
179	[-60.52768846238044, 0]
179	[-60.52768846238044, 0]
179	[-60.52768846238044, 0]
179	[-60.52768846238044, 0]
179	[-60.52768846238044, 0]
179	[-60.52768846238044, 0]
179	[-59.71965342795278, -2]
179	[-59.71965342795278, -2]
179	[-59.71965342795278, -2]
179	[-59.71965342795278, -2]
179	[-59.71965342795278, -2]
179	[-59.71965342795278, -2]
179	[-59.71965342795278, -2]
179	[-59.71965342795278, -2]
179	[-59.71965342795278, -2]
179	[-59.71965342795278, -2]
179	[-59.71965342795278, -2]
179	[-59.71965342795278, -2]
179	[-59.71965342795278, -2]
179	[-59.71965342795278, -2]
179	[-59.71965342795278, -2]
179	[-59.71965342795278, -2]
179	[-59.71965342795278, -2]
179	[-59.71965342795278, -2]
179	[-59.71965342795278, -2]
179	[-59.71965342795278, -2]
179	[-59.71965342795278, -2]
179	[-59.71965342795278, -2]
179	[-59.71965342795278, -2]
179	[-59.71965342795278, -2]
179	[-59.71965342795278, -2]
179	[-59.71965342795278, -2]
179	[-59.71965342795278, -2]
179	[-59.71965342795278, -2]
179	[-59.71965342795278, -2]
179	[-59.71965342795278, -2]
179	[-59.71965342795278, -2]
179	[-59.71965342795278, -2]
179	[-59.71965342795278, -2]
179	[-59.71965342795278, -2]
179	[-59.71965342795278, -2]
179	[-59.71965342795278, -2]
179	[-59.71965342795278, -2]
179	[-59.71965342795278, -2]
179	[-59.71965342795278, -2]
179	[-59.71965342795278, -2]
179	[-59.71965342795278, -2]
179	[-59.71965342795278, -2]
179	[-59.71965342795278, -2]
179	[-59.71965342795278, -2]
179	[-59.71965342795278, -2]
179	[-59.71965342795278, -2]
179	[-59.71965342795278, -2]
179	[-59.71965342795278, -2]
179	[-59.71965342795278, -2]
179	[-59.71965342795278, -2]
179	[-59.71965342795278, -2]
179	[-59.71965342795278, -2]
179	[-59.71965342795278, -2]
179	[-59.71965342795278, -2]
179	[-59.71965342795278, -2]
179	[-59.71965342795278, -2]
179	[-59.71965342795278, -2]
179	[-59.71965342795278, -2]
179	[-59.71965342795278, -2]
179	[-59.71965342795278, -2]
179	[-59.71965342795278, -2]
179	[-59.71965342795278, -2]
179	[-59.71965342795278, -2]
179	[-59.71965342795278, -2]
179	[-59.71965342795278, -2]
179	[-59.71965342795278, -2]
179	[-59.71965342795278, -2]
179	[-59.71965342795278, -2]
179	[-59.71965342795278, -2]
179	[-59.71965342795278, -2]
179	[-59.71965342795278, -2]
179	[-59.71965342795278, -2]
180	[-60.52768846238044, 0]
180	[-60.52768846238044, 0]
180	[-60.52768846238044, 0]
180	[-60.52768846238044, 0]
180	[-60.52768846238044, 0]
180	[-60.52768846238044, 0]
180	[-60.52768846238044, 0]
180	[-60.52768846238044, 0]
180	[-60.52768846238044, 0]
180	[-60.52768846238044, 0]
180	[-60.52768846238044, 0]
180	[-60.52768846238044, 0]
180	[-60.52768846238044, 0]
180	[-59.71965342795278, -2]
180	[-59.71965342795278, -2]
180	[-59.71965342795278, -2]
180	[-59.71965342795278, -2]
180	[-59.71965342795278, -2]
180	[-59.71965342795278, -2]
180	[-59.71965342795278, -2]
180	[-59.71965342795278, -2]
180	[-59.71965342795278, -2]
180	[-59.71965342795278, -2]
180	[-59.71965342795278, -2]
180	[-59.71965342795278, -2]
180	[-59.71965342795278, -2]
180	[-59.71965342795278, -2]
180	[-59.71965342795278, -2]
180	[-59.71965342795278, -2]
180	[-59.71965342795278, -2]
180	[-59.71965342795278, -2]
180	[-59.71965342795278, -2]
180	[-59.71965342795278, -2]
180	[-59.71965342795278, -2]
180	[-59.71965342795278, -2]
180	[-59.71965342795278, -2]
180	[-59.71965342795278, -2]
180	[-59.71965342795278, -2]
180	[-59.71965342795278, -2]
180	[-59.71965342795278, -2]
180	[-59.71965342795278, -2]
180	[-59.71965342795278, -2]
180	[-59.71965342795278, -2]
180	[-59.71965342795278, -2]
180	[-59.71965342795278, -2]
180	[-59.71965342795278, -2]
180	[-59.71965342795278, -2]
180	[-59.71965342795278, -2]
180	[-59.71965342795278, -2]
180	[-59.71965342795278, -2]
180	[-59.71965342795278, -2]
180	[-59.71965342795278, -2]
180	[-59.71965342795278, -2]
180	[-59.71965342795278, -2]
180	[-59.71965342795278, -2]
180	[-59.71965342795278, -2]
180	[-59.71965342795278, -2]
180	[-59.71965342795278, -2]
180	[-59.71965342795278, -2]
180	[-59.71965342795278, -2]
180	[-59.71965342795278, -2]
180	[-59.71965342795278, -2]
180	[-59.71965342795278, -2]
180	[-59.71965342795278, -2]
180	[-59.71965342795278, -2]
180	[-59.71965342795278, -2]
180	[-59.71965342795278, -2]
180	[-59.71965342795278, -2]
180	[-59.71965342795278, -2]
180	[-59.71965342795278, -2]
180	[-59.71965342795278, -2]
180	[-59.71965342795278, -2]
180	[-59.71965342795278, -2]
180	[-59.71965342795278, -2]
180	[-59.71965342795278, -2]
180	[-59.71965342795278, -2]
180	[-59.71965342795278, -2]
180	[-59.71965342795278, -2]
180	[-59.71965342795278, -2]
180	[-59.71965342795278, -2]
181	[-60.52768846238044, 0]
181	[-60.52768846238044, 0]
181	[-60.52768846238044, 0]
181	[-60.52768846238044, 0]
181	[-60.52768846238044, 0]
181	[-60.52768846238044, 0]
181	[-60.52768846238044, 0]
181	[-60.52768846238044, 0]
181	[-60.52768846238044, 0]
181	[-60.52768846238044, 0]
181	[-60.52768846238044, 0]
181	[-60.52768846238044, 0]
181	[-60.52768846238044, 0]
181	[-60.52768846238044, 0]
181	[-60.52768846238044, 0]
181	[-60.52768846238044, 0]
181	[-59.71965342795278, -2]
181	[-59.71965342795278, -2]
181	[-59.71965342795278, -2]
181	[-59.71965342795278, -2]
181	[-59.71965342795278, -2]
181	[-59.71965342795278, -2]
181	[-59.71965342795278, -2]
181	[-59.71965342795278, -2]
181	[-59.71965342795278, -2]
181	[-59.71965342795278, -2]
181	[-59.71965342795278, -2]
181	[-59.71965342795278, -2]
181	[-59.71965342795278, -2]
181	[-59.71965342795278, -2]
181	[-59.71965342795278, -2]
181	[-59.71965342795278, -2]
181	[-59.71965342795278, -2]
181	[-59.71965342795278, -2]
181	[-59.71965342795278, -2]
181	[-59.71965342795278, -2]
181	[-59.71965342795278, -2]
181	[-59.71965342795278, -2]
181	[-59.71965342795278, -2]
181	[-59.71965342795278, -2]
181	[-59.71965342795278, -2]
181	[-59.71965342795278, -2]
181	[-59.71965342795278, -2]
181	[-59.71965342795278, -2]
181	[-59.71965342795278, -2]
181	[-59.71965342795278, -2]
181	[-59.71965342795278, -2]
181	[-59.71965342795278, -2]
181	[-59.71965342795278, -2]
181	[-59.71965342795278, -2]
181	[-59.71965342795278, -2]
181	[-59.71965342795278, -2]
181	[-59.71965342795278, -2]
181	[-59.71965342795278, -2]
181	[-59.71965342795278, -2]
181	[-59.71965342795278, -2]
181	[-59.71965342795278, -2]
181	[-59.71965342795278, -2]
181	[-59.71965342795278, -2]
181	[-59.71965342795278, -2]
181	[-59.71965342795278, -2]
181	[-59.71965342795278, -2]
181	[-59.71965342795278, -2]
181	[-59.71965342795278, -2]
181	[-59.71965342795278, -2]
181	[-59.71965342795278, -2]
181	[-59.71965342795278, -2]
181	[-59.71965342795278, -2]
181	[-59.71965342795278, -2]
181	[-59.71965342795278, -2]
181	[-59.71965342795278, -2]
181	[-59.71965342795278, -2]
181	[-59.71965342795278, -2]
181	[-59.71965342795278, -2]
181	[-59.71965342795278, -2]
181	[-59.71965342795278, -2]
181	[-59.71965342795278, -2]
181	[-59.71965342795278, -2]
181	[-59.71965342795278, -2]
181	[-59.71965342795278, -2]
182	[-60.52768846238044, 0]
182	[-60.52768846238044, 0]
182	[-60.52768846238044, 0]
182	[-60.52768846238044, 0]
182	[-60.52768846238044, 0]
182	[-60.52768846238044, 0]
182	[-60.52768846238044, 0]
182	[-60.52768846238044, 0]
182	[-60.52768846238044, 0]
182	[-60.52768846238044, 0]
182	[-60.52768846238044, 0]
182	[-60.52768846238044, 0]
182	[-60.52768846238044, 0]
182	[-60.52768846238044, 0]
182	[-60.52768846238044, 0]
182	[-60.52768846238044, 0]
182	[-60.52768846238044, 0]
182	[-60.52768846238044, 0]
182	[-59.71965342795278, -2]
182	[-59.71965342795278, -2]
182	[-59.71965342795278, -2]
182	[-59.71965342795278, -2]
182	[-59.71965342795278, -2]
182	[-59.71965342795278, -2]
182	[-59.71965342795278, -2]
182	[-59.71965342795278, -2]
182	[-59.71965342795278, -2]
182	[-59.71965342795278, -2]
182	[-59.71965342795278, -2]
182	[-59.71965342795278, -2]
182	[-59.71965342795278, -2]
182	[-59.71965342795278, -2]
182	[-59.71965342795278, -2]
182	[-59.71965342795278, -2]
182	[-59.71965342795278, -2]
182	[-59.71965342795278, -2]
182	[-59.71965342795278, -2]
182	[-59.71965342795278, -2]
182	[-59.71965342795278, -2]
182	[-59.71965342795278, -2]
182	[-59.71965342795278, -2]
182	[-59.71965342795278, -2]
182	[-59.71965342795278, -2]
182	[-59.71965342795278, -2]
182	[-59.71965342795278, -2]
182	[-59.71965342795278, -2]
182	[-59.71965342795278, -2]
182	[-59.71965342795278, -2]
182	[-59.71965342795278, -2]
182	[-59.71965342795278, -2]
182	[-59.71965342795278, -2]
182	[-59.71965342795278, -2]
182	[-59.71965342795278, -2]
182	[-59.71965342795278, -2]
182	[-59.71965342795278, -2]
182	[-59.71965342795278, -2]
182	[-59.71965342795278, -2]
182	[-59.71965342795278, -2]
182	[-59.71965342795278, -2]
182	[-59.71965342795278, -2]
182	[-59.71965342795278, -2]
182	[-59.71965342795278, -2]
182	[-59.71965342795278, -2]
182	[-59.71965342795278, -2]
182	[-59.71965342795278, -2]
182	[-59.71965342795278, -2]
182	[-59.71965342795278, -2]
182	[-59.71965342795278, -2]
182	[-59.71965342795278, -2]
182	[-59.71965342795278, -2]
182	[-59.71965342795278, -2]
182	[-59.71965342795278, -2]
182	[-59.71965342795278, -2]
182	[-59.71965342795278, -2]
182	[-59.71965342795278, -2]
182	[-59.71965342795278, -2]
182	[-59.71965342795278, -2]
182	[-59.71965342795278, -2]
182	[-59.71965342795278, -2]
182	[-59.71965342795278, -2]
183	[-60.52768846238044, 0]
183	[-60.52768846238044, 0]
183	[-60.52768846238044, 0]
183	[-60.52768846238044, 0]
183	[-60.52768846238044, 0]
183	[-60.52768846238044, 0]
183	[-60.52768846238044, 0]
183	[-60.52768846238044, 0]
183	[-60.52768846238044, 0]
183	[-60.52768846238044, 0]
183	[-60.52768846238044, 0]
183	[-60.52768846238044, 0]
183	[-60.52768846238044, 0]
183	[-60.52768846238044, 0]
183	[-60.52768846238044, 0]
183	[-60.52768846238044, 0]
183	[-60.52768846238044, 0]
183	[-60.52768846238044, 0]
183	[-60.52768846238044, 0]
183	[-59.71965342795278, -2]
183	[-59.71965342795278, -2]
183	[-59.71965342795278, -2]
183	[-59.71965342795278, -2]
183	[-59.71965342795278, -2]
183	[-59.71965342795278, -2]
183	[-59.71965342795278, -2]
183	[-59.71965342795278, -2]
183	[-59.71965342795278, -2]
183	[-59.71965342795278, -2]
183	[-59.71965342795278, -2]
183	[-59.71965342795278, -2]
183	[-59.71965342795278, -2]
183	[-59.71965342795278, -2]
183	[-59.71965342795278, -2]
183	[-59.71965342795278, -2]
183	[-59.71965342795278, -2]
183	[-59.71965342795278, -2]
183	[-59.71965342795278, -2]
183	[-59.71965342795278, -2]
183	[-59.71965342795278, -2]
183	[-59.71965342795278, -2]
183	[-59.71965342795278, -2]
183	[-59.71965342795278, -2]
183	[-59.71965342795278, -2]
183	[-59.71965342795278, -2]
183	[-59.71965342795278, -2]
183	[-59.71965342795278, -2]
183	[-59.71965342795278, -2]
183	[-59.71965342795278, -2]
183	[-59.71965342795278, -2]
183	[-59.71965342795278, -2]
183	[-59.71965342795278, -2]
183	[-59.71965342795278, -2]
183	[-59.71965342795278, -2]
183	[-59.71965342795278, -2]
183	[-59.71965342795278, -2]
183	[-59.71965342795278, -2]
183	[-59.71965342795278, -2]
183	[-59.71965342795278, -2]
183	[-59.71965342795278, -2]
183	[-59.71965342795278, -2]
183	[-59.71965342795278, -2]
183	[-59.71965342795278, -2]
183	[-59.71965342795278, -2]
183	[-59.71965342795278, -2]
183	[-59.71965342795278, -2]
183	[-59.71965342795278, -2]
183	[-59.71965342795278, -2]
183	[-59.71965342795278, -2]
183	[-59.71965342795278, -2]
183	[-59.71965342795278, -2]
183	[-59.71965342795278, -2]
183	[-59.71965342795278, -2]
183	[-59.71965342795278, -2]
183	[-59.71965342795278, -2]
183	[-59.71965342795278, -2]
183	[-59.71965342795278, -2]
183	[-59.71965342795278, -2]
183	[-59.71965342795278, -2]
183	[-59.71965342795278, -2]
184	[-60.52768846238044, 0]
184	[-60.52768846238044, 0]
184	[-60.52768846238044, 0]
184	[-60.52768846238044, 0]
184	[-60.52768846238044, 0]
184	[-60.52768846238044, 0]
184	[-60.52768846238044, 0]
184	[-60.52768846238044, 0]
184	[-60.52768846238044, 0]
184	[-60.52768846238044, 0]
184	[-60.52768846238044, 0]
184	[-60.52768846238044, 0]
184	[-60.52768846238044, 0]
184	[-60.52768846238044, 0]
184	[-60.52768846238044, 0]
184	[-60.52768846238044, 0]
184	[-60.52768846238044, 0]
184	[-60.52768846238044, 0]
184	[-60.52768846238044, 0]
184	[-60.52768846238044, 0]
184	[-60.52768846238044, 0]
184	[-60.52768846238044, 0]
184	[-60.52768846238044, 0]
184	[-60.52768846238044, 0]
184	[-60.52768846238044, 0]
184	[-60.52768846238044, 0]
184	[-59.71965342795278, -2]
184	[-59.71965342795278, -2]
184	[-59.71965342795278, -2]
184	[-59.71965342795278, -2]
184	[-59.71965342795278, -2]
184	[-59.71965342795278, -2]
184	[-59.71965342795278, -2]
184	[-59.71965342795278, -2]
184	[-59.71965342795278, -2]
184	[-59.71965342795278, -2]
184	[-59.71965342795278, -2]
184	[-59.71965342795278, -2]
184	[-59.71965342795278, -2]
184	[-59.71965342795278, -2]
184	[-59.71965342795278, -2]
184	[-59.71965342795278, -2]
184	[-59.71965342795278, -2]
184	[-59.71965342795278, -2]
184	[-59.71965342795278, -2]
184	[-59.71965342795278, -2]
184	[-59.71965342795278, -2]
184	[-59.71965342795278, -2]
184	[-59.71965342795278, -2]
184	[-59.71965342795278, -2]
184	[-59.71965342795278, -2]
184	[-59.71965342795278, -2]
184	[-59.71965342795278, -2]
184	[-59.71965342795278, -2]
184	[-59.71965342795278, -2]
184	[-59.71965342795278, -2]
184	[-59.71965342795278, -2]
184	[-59.71965342795278, -2]
184	[-59.71965342795278, -2]
184	[-59.71965342795278, -2]
184	[-59.71965342795278, -2]
184	[-59.71965342795278, -2]
184	[-59.71965342795278, -2]
184	[-59.71965342795278, -2]
184	[-59.71965342795278, -2]
184	[-59.71965342795278, -2]
184	[-59.71965342795278, -2]
184	[-59.71965342795278, -2]
184	[-59.71965342795278, -2]
184	[-59.71965342795278, -2]
184	[-59.71965342795278, -2]
184	[-59.71965342795278, -2]
184	[-59.71965342795278, -2]
184	[-59.71965342795278, -2]
184	[-59.71965342795278, -2]
184	[-59.71965342795278, -2]
184	[-59.71965342795278, -2]
184	[-59.71965342795278, -2]
184	[-59.71965342795278, -2]
184	[-59.71965342795278, -2]
185	[-60.52768846238044, 0]
185	[-60.52768846238044, 0]
185	[-60.52768846238044, 0]
185	[-60.52768846238044, 0]
185	[-60.52768846238044, 0]
185	[-60.52768846238044, 0]
185	[-60.52768846238044, 0]
185	[-60.52768846238044, 0]
185	[-60.52768846238044, 0]
185	[-60.52768846238044, 0]
185	[-60.52768846238044, 0]
185	[-60.52768846238044, 0]
185	[-60.52768846238044, 0]
185	[-60.52768846238044, 0]
185	[-60.52768846238044, 0]
185	[-60.52768846238044, 0]
185	[-60.52768846238044, 0]
185	[-60.52768846238044, 0]
185	[-60.52768846238044, 0]
185	[-60.52768846238044, 0]
185	[-60.52768846238044, 0]
185	[-60.52768846238044, 0]
185	[-60.52768846238044, 0]
185	[-60.52768846238044, 0]
185	[-60.52768846238044, 0]
185	[-59.71965342795278, -2]
185	[-59.71965342795278, -2]
185	[-59.71965342795278, -2]
185	[-59.71965342795278, -2]
185	[-59.71965342795278, -2]
185	[-59.71965342795278, -2]
185	[-59.71965342795278, -2]
185	[-59.71965342795278, -2]
185	[-59.71965342795278, -2]
185	[-59.71965342795278, -2]
185	[-59.71965342795278, -2]
185	[-59.71965342795278, -2]
185	[-59.71965342795278, -2]
185	[-59.71965342795278, -2]
185	[-59.71965342795278, -2]
185	[-59.71965342795278, -2]
185	[-59.71965342795278, -2]
185	[-59.71965342795278, -2]
185	[-59.71965342795278, -2]
185	[-59.71965342795278, -2]
185	[-59.71965342795278, -2]
185	[-59.71965342795278, -2]
185	[-59.71965342795278, -2]
185	[-59.71965342795278, -2]
185	[-59.71965342795278, -2]
185	[-59.71965342795278, -2]
185	[-59.71965342795278, -2]
185	[-59.71965342795278, -2]
185	[-59.71965342795278, -2]
185	[-59.71965342795278, -2]
185	[-59.71965342795278, -2]
185	[-59.71965342795278, -2]
185	[-59.71965342795278, -2]
185	[-59.71965342795278, -2]
185	[-59.71965342795278, -2]
185	[-59.71965342795278, -2]
185	[-59.71965342795278, -2]
185	[-59.71965342795278, -2]
185	[-59.71965342795278, -2]
185	[-59.71965342795278, -2]
185	[-59.71965342795278, -2]
185	[-59.71965342795278, -2]
185	[-59.71965342795278, -2]
185	[-59.71965342795278, -2]
185	[-59.71965342795278, -2]
185	[-59.71965342795278, -2]
185	[-59.71965342795278, -2]
185	[-59.71965342795278, -2]
185	[-59.71965342795278, -2]
185	[-59.71965342795278, -2]
185	[-59.71965342795278, -2]
185	[-59.71965342795278, -2]
185	[-59.71965342795278, -2]
185	[-59.71965342795278, -2]
185	[-59.71965342795278, -2]
186	[-60.52768846238044, 0]
186	[-60.52768846238044, 0]
186	[-60.52768846238044, 0]
186	[-60.52768846238044, 0]
186	[-60.52768846238044, 0]
186	[-60.52768846238044, 0]
186	[-60.52768846238044, 0]
186	[-60.52768846238044, 0]
186	[-60.52768846238044, 0]
186	[-60.52768846238044, 0]
186	[-60.52768846238044, 0]
186	[-60.52768846238044, 0]
186	[-60.52768846238044, 0]
186	[-60.52768846238044, 0]
186	[-60.52768846238044, 0]
186	[-60.52768846238044, 0]
186	[-60.52768846238044, 0]
186	[-60.52768846238044, 0]
186	[-60.52768846238044, 0]
186	[-60.52768846238044, 0]
186	[-60.52768846238044, 0]
186	[-60.52768846238044, 0]
186	[-60.52768846238044, 0]
186	[-60.52768846238044, 0]
186	[-60.52768846238044, 0]
186	[-60.52768846238044, 0]
186	[-60.52768846238044, 0]
186	[-60.52768846238044, 0]
186	[-60.52768846238044, 0]
186	[-60.52768846238044, 0]
186	[-59.71965342795278, -2]
186	[-59.71965342795278, -2]
186	[-59.71965342795278, -2]
186	[-59.71965342795278, -2]
186	[-59.71965342795278, -2]
186	[-59.71965342795278, -2]
186	[-59.71965342795278, -2]
186	[-59.71965342795278, -2]
186	[-59.71965342795278, -2]
186	[-59.71965342795278, -2]
186	[-59.71965342795278, -2]
186	[-59.71965342795278, -2]
186	[-59.71965342795278, -2]
186	[-59.71965342795278, -2]
186	[-59.71965342795278, -2]
186	[-59.71965342795278, -2]
186	[-59.71965342795278, -2]
186	[-59.71965342795278, -2]
186	[-59.71965342795278, -2]
186	[-59.71965342795278, -2]
186	[-59.71965342795278, -2]
186	[-59.71965342795278, -2]
186	[-59.71965342795278, -2]
186	[-59.71965342795278, -2]
186	[-59.71965342795278, -2]
186	[-59.71965342795278, -2]
186	[-59.71965342795278, -2]
186	[-59.71965342795278, -2]
186	[-59.71965342795278, -2]
186	[-59.71965342795278, -2]
186	[-59.71965342795278, -2]
186	[-59.71965342795278, -2]
186	[-59.71965342795278, -2]
186	[-59.71965342795278, -2]
186	[-59.71965342795278, -2]
186	[-59.71965342795278, -2]
186	[-59.71965342795278, -2]
186	[-59.71965342795278, -2]
186	[-59.71965342795278, -2]
186	[-59.71965342795278, -2]
186	[-59.71965342795278, -2]
186	[-59.71965342795278, -2]
186	[-59.71965342795278, -2]
186	[-59.71965342795278, -2]
186	[-59.71965342795278, -2]
186	[-59.71965342795278, -2]
186	[-59.71965342795278, -2]
186	[-59.71965342795278, -2]
186	[-59.71965342795278, -2]
186	[-59.71965342795278, -2]
187	[-60.52768846238044, 0]
187	[-60.52768846238044, 0]
187	[-60.52768846238044, 0]
187	[-60.52768846238044, 0]
187	[-60.52768846238044, 0]
187	[-60.52768846238044, 0]
187	[-60.52768846238044, 0]
187	[-60.52768846238044, 0]
187	[-60.52768846238044, 0]
187	[-60.52768846238044, 0]
187	[-60.52768846238044, 0]
187	[-60.52768846238044, 0]
187	[-60.52768846238044, 0]
187	[-60.52768846238044, 0]
187	[-60.52768846238044, 0]
187	[-60.52768846238044, 0]
187	[-60.52768846238044, 0]
187	[-60.52768846238044, 0]
187	[-60.52768846238044, 0]
187	[-60.52768846238044, 0]
187	[-60.52768846238044, 0]
187	[-60.52768846238044, 0]
187	[-60.52768846238044, 0]
187	[-60.52768846238044, 0]
187	[-60.52768846238044, 0]
187	[-60.52768846238044, 0]
187	[-60.52768846238044, 0]
187	[-60.52768846238044, 0]
187	[-60.52768846238044, 0]
187	[-60.52768846238044, 0]
187	[-60.52768846238044, 0]
187	[-59.71965342795278, -2]
187	[-59.71965342795278, -2]
187	[-59.71965342795278, -2]
187	[-59.71965342795278, -2]
187	[-59.71965342795278, -2]
187	[-59.71965342795278, -2]
187	[-59.71965342795278, -2]
187	[-59.71965342795278, -2]
187	[-59.71965342795278, -2]
187	[-59.71965342795278, -2]
187	[-59.71965342795278, -2]
187	[-59.71965342795278, -2]
187	[-59.71965342795278, -2]
187	[-59.71965342795278, -2]
187	[-59.71965342795278, -2]
187	[-59.71965342795278, -2]
187	[-59.71965342795278, -2]
187	[-59.71965342795278, -2]
187	[-59.71965342795278, -2]
187	[-59.71965342795278, -2]
187	[-59.71965342795278, -2]
187	[-59.71965342795278, -2]
187	[-59.71965342795278, -2]
187	[-59.71965342795278, -2]
187	[-59.71965342795278, -2]
187	[-59.71965342795278, -2]
187	[-59.71965342795278, -2]
187	[-59.71965342795278, -2]
187	[-59.71965342795278, -2]
187	[-59.71965342795278, -2]
187	[-59.71965342795278, -2]
187	[-59.71965342795278, -2]
187	[-59.71965342795278, -2]
187	[-59.71965342795278, -2]
187	[-59.71965342795278, -2]
187	[-59.71965342795278, -2]
187	[-59.71965342795278, -2]
187	[-59.71965342795278, -2]
187	[-59.71965342795278, -2]
187	[-59.71965342795278, -2]
187	[-59.71965342795278, -2]
187	[-59.71965342795278, -2]
187	[-59.71965342795278, -2]
187	[-59.71965342795278, -2]
187	[-59.71965342795278, -2]
187	[-59.71965342795278, -2]
187	[-59.71965342795278, -2]
187	[-59.71965342795278, -2]
187	[-59.71965342795278, -2]
188	[-60.526637758834326, 0]
188	[-59.71965342795278, -2]
188	[-59.71965342795278, -2]
188	[-59.71965342795278, -2]
188	[-59.71965342795278, -2]
188	[-59.71965342795278, -2]
188	[-59.71965342795278, -2]
188	[-59.71965342795278, -2]
188	[-59.71965342795278, -2]
188	[-59.71965342795278, -2]
188	[-59.71965342795278, -2]
188	[-59.71965342795278, -2]
188	[-59.71965342795278, -2]
188	[-59.71965342795278, -2]
188	[-59.71965342795278, -2]
188	[-59.71965342795278, -2]
188	[-59.71965342795278, -2]
188	[-59.71965342795278, -2]
188	[-59.71965342795278, -2]
188	[-59.71965342795278, -2]
188	[-59.71965342795278, -2]
188	[-59.71965342795278, -2]
188	[-59.71965342795278, -2]
188	[-59.71965342795278, -2]
188	[-59.71965342795278, -2]
188	[-59.71965342795278, -2]
188	[-59.71965342795278, -2]
188	[-59.71965342795278, -2]
188	[-59.71965342795278, -2]
188	[-59.71965342795278, -2]
188	[-59.71965342795278, -2]
188	[-59.71965342795278, -2]
188	[-59.71965342795278, -2]
188	[-59.71965342795278, -2]
188	[-59.71965342795278, -2]
188	[-59.71965342795278, -2]
188	[-59.71965342795278, -2]
188	[-59.71965342795278, -2]
188	[-59.71965342795278, -2]
188	[-59.71965342795278, -2]
188	[-59.71965342795278, -2]
188	[-59.71965342795278, -2]
188	[-59.71965342795278, -2]
188	[-59.71965342795278, -2]
188	[-59.71965342795278, -2]
188	[-59.71965342795278, -2]
188	[-59.71965342795278, -2]
188	[-59.71965342795278, -2]
188	[-59.71965342795278, -2]
188	[-59.71965342795278, -2]
188	[-59.71965342795278, -2]
188	[-59.71965342795278, -2]
188	[-59.71965342795278, -2]
188	[-59.71965342795278, -2]
188	[-59.71965342795278, -2]
188	[-59.71965342795278, -2]
188	[-59.71965342795278, -2]
188	[-59.71965342795278, -2]
188	[-59.71965342795278, -2]
188	[-59.71965342795278, -2]
188	[-59.71965342795278, -2]
188	[-59.71965342795278, -2]
189	[-60.526637758834326, 0]
189	[-59.71965342795278, -2]
189	[-59.71965342795278, -2]
189	[-59.71965342795278, -2]
189	[-59.71965342795278, -2]
189	[-59.71965342795278, -2]
189	[-59.71965342795278, -2]
189	[-59.71965342795278, -2]
189	[-59.71965342795278, -2]
189	[-59.71965342795278, -2]
189	[-59.71965342795278, -2]
189	[-59.71965342795278, -2]
189	[-59.71965342795278, -2]
189	[-59.71965342795278, -2]
189	[-59.71965342795278, -2]
189	[-59.71965342795278, -2]
189	[-59.71965342795278, -2]
189	[-59.71965342795278, -2]
189	[-59.71965342795278, -2]
189	[-59.71965342795278, -2]
189	[-59.71965342795278, -2]
189	[-59.71965342795278, -2]
189	[-59.71965342795278, -2]
189	[-59.71965342795278, -2]
189	[-59.71965342795278, -2]
189	[-59.71965342795278, -2]
189	[-59.71965342795278, -2]
189	[-59.71965342795278, -2]
189	[-59.71965342795278, -2]
189	[-59.71965342795278, -2]
189	[-59.71965342795278, -2]
189	[-59.71965342795278, -2]
189	[-59.71965342795278, -2]
189	[-59.71965342795278, -2]
189	[-59.71965342795278, -2]
189	[-59.71965342795278, -2]
189	[-59.71965342795278, -2]
189	[-59.71965342795278, -2]
189	[-59.71965342795278, -2]
189	[-59.71965342795278, -2]
189	[-59.71965342795278, -2]
189	[-59.71965342795278, -2]
189	[-59.71965342795278, -2]
189	[-59.71965342795278, -2]
189	[-59.71965342795278, -2]
189	[-59.71965342795278, -2]
189	[-59.71965342795278, -2]
189	[-59.71965342795278, -2]
189	[-59.71965342795278, -2]
189	[-59.71965342795278, -2]
189	[-59.71965342795278, -2]
189	[-59.71965342795278, -2]
189	[-59.71965342795278, -2]
189	[-59.71965342795278, -2]
189	[-59.71965342795278, -2]
189	[-59.71965342795278, -2]
189	[-59.71965342795278, -2]
189	[-59.71965342795278, -2]
189	[-59.71965342795278, -2]
189	[-59.71965342795278, -2]
189	[-59.71965342795278, -2]
189	[-59.71965342795278, -2]
189	[-59.71965342795278, -2]
189	[-59.71965342795278, -2]
189	[-59.71965342795278, -2]
189	[-59.71965342795278, -2]
189	[-59.71965342795278, -2]
189	[-59.71965342795278, -2]
189	[-59.71965342795278, -2]
189	[-59.71965342795278, -2]
189	[-59.71965342795278, -2]
189	[-59.71965342795278, -2]
189	[-59.71965342795278, -2]
189	[-59.71965342795278, -2]
190	[-60.526637758834326, 0]
190	[-60.526637758834326, 0]
190	[-59.71965342795278, -2]
190	[-59.71965342795278, -2]
190	[-59.71965342795278, -2]
190	[-59.71965342795278, -2]
190	[-59.71965342795278, -2]
190	[-59.71965342795278, -2]
190	[-59.71965342795278, -2]
190	[-59.71965342795278, -2]
190	[-59.71965342795278, -2]
190	[-59.71965342795278, -2]
190	[-59.71965342795278, -2]
190	[-59.71965342795278, -2]
190	[-59.71965342795278, -2]
190	[-59.71965342795278, -2]
190	[-59.71965342795278, -2]
190	[-59.71965342795278, -2]
190	[-59.71965342795278, -2]
190	[-59.71965342795278, -2]
190	[-59.71965342795278, -2]
190	[-59.71965342795278, -2]
190	[-59.71965342795278, -2]
190	[-59.71965342795278, -2]
190	[-59.71965342795278, -2]
190	[-59.71965342795278, -2]
190	[-59.71965342795278, -2]
190	[-59.71965342795278, -2]
190	[-59.71965342795278, -2]
190	[-59.71965342795278, -2]
190	[-59.71965342795278, -2]
190	[-59.71965342795278, -2]
190	[-59.71965342795278, -2]
190	[-59.71965342795278, -2]
190	[-59.71965342795278, -2]
190	[-59.71965342795278, -2]
190	[-59.71965342795278, -2]
190	[-59.71965342795278, -2]
190	[-59.71965342795278, -2]
190	[-59.71965342795278, -2]
190	[-59.71965342795278, -2]
190	[-59.71965342795278, -2]
190	[-59.71965342795278, -2]
190	[-59.71965342795278, -2]
190	[-59.71965342795278, -2]
190	[-59.71965342795278, -2]
190	[-59.71965342795278, -2]
190	[-59.71965342795278, -2]
190	[-59.71965342795278, -2]
190	[-59.71965342795278, -2]
190	[-59.71965342795278, -2]
190	[-59.71965342795278, -2]
190	[-59.71965342795278, -2]
190	[-59.71965342795278, -2]
190	[-59.71965342795278, -2]
190	[-59.71965342795278, -2]
190	[-59.71965342795278, -2]
190	[-59.71965342795278, -2]
190	[-59.71965342795278, -2]
190	[-59.71965342795278, -2]
190	[-59.71965342795278, -2]
190	[-59.71965342795278, -2]
190	[-59.71965342795278, -2]
190	[-59.71965342795278, -2]
190	[-59.71965342795278, -2]
190	[-59.71965342795278, -2]
190	[-59.71965342795278, -2]
190	[-59.71965342795278, -2]
190	[-59.71965342795278, -2]
190	[-59.71965342795278, -2]
190	[-59.71965342795278, -2]
190	[-59.71965342795278, -2]
190	[-59.71965342795278, -2]
190	[-59.71965342795278, -2]
190	[-59.71965342795278, -2]
190	[-59.71965342795278, -2]
190	[-59.71965342795278, -2]
190	[-59.71965342795278, -2]
190	[-59.71965342795278, -2]
190	[-59.71965342795278, -2]
191	[-60.526637758834326, 0]
191	[-60.526637758834326, 0]
191	[-60.526637758834326, 0]
191	[-59.71965342795278, -2]
191	[-59.71965342795278, -2]
191	[-59.71965342795278, -2]
191	[-59.71965342795278, -2]
191	[-59.71965342795278, -2]
191	[-59.71965342795278, -2]
191	[-59.71965342795278, -2]
191	[-59.71965342795278, -2]
191	[-59.71965342795278, -2]
191	[-59.71965342795278, -2]
191	[-59.71965342795278, -2]
191	[-59.71965342795278, -2]
191	[-59.71965342795278, -2]
191	[-59.71965342795278, -2]
191	[-59.71965342795278, -2]
191	[-59.71965342795278, -2]
191	[-59.71965342795278, -2]
191	[-59.71965342795278, -2]
191	[-59.71965342795278, -2]
191	[-59.71965342795278, -2]
191	[-59.71965342795278, -2]
191	[-59.71965342795278, -2]
191	[-59.71965342795278, -2]
191	[-59.71965342795278, -2]
191	[-59.71965342795278, -2]
191	[-59.71965342795278, -2]
191	[-59.71965342795278, -2]
191	[-59.71965342795278, -2]
191	[-59.71965342795278, -2]
191	[-59.71965342795278, -2]
191	[-59.71965342795278, -2]
191	[-59.71965342795278, -2]
191	[-59.71965342795278, -2]
191	[-59.71965342795278, -2]
191	[-59.71965342795278, -2]
191	[-59.71965342795278, -2]
191	[-59.71965342795278, -2]
191	[-59.71965342795278, -2]
191	[-59.71965342795278, -2]
191	[-59.71965342795278, -2]
191	[-59.71965342795278, -2]
191	[-59.71965342795278, -2]
191	[-59.71965342795278, -2]
191	[-59.71965342795278, -2]
191	[-59.71965342795278, -2]
191	[-59.71965342795278, -2]
191	[-59.71965342795278, -2]
191	[-59.71965342795278, -2]
191	[-59.71965342795278, -2]
191	[-59.71965342795278, -2]
191	[-59.71965342795278, -2]
191	[-59.71965342795278, -2]
191	[-59.71965342795278, -2]
191	[-59.71965342795278, -2]
191	[-59.71965342795278, -2]
191	[-59.71965342795278, -2]
191	[-59.71965342795278, -2]
191	[-59.71965342795278, -2]
191	[-59.71965342795278, -2]
191	[-59.71965342795278, -2]
191	[-59.71965342795278, -2]
191	[-59.71965342795278, -2]
191	[-59.71965342795278, -2]
191	[-59.71965342795278, -2]
191	[-59.71965342795278, -2]
191	[-59.71965342795278, -2]
191	[-59.71965342795278, -2]
191	[-59.71965342795278, -2]
191	[-59.71965342795278, -2]
191	[-59.71965342795278, -2]
191	[-59.71965342795278, -2]
191	[-59.71965342795278, -2]
191	[-59.71965342795278, -2]
191	[-59.71965342795278, -2]
191	[-59.71965342795278, -2]
191	[-59.71965342795278, -2]
191	[-59.71965342795278, -2]
192	[-60.526637758834326, 0]
192	[-60.526637758834326, 0]
192	[-60.526637758834326, 0]
192	[-60.526637758834326, 0]
192	[-60.526637758834326, 0]
192	[-59.71965342795278, -2]
192	[-59.71965342795278, -2]
192	[-59.71965342795278, -2]
192	[-59.71965342795278, -2]
192	[-59.71965342795278, -2]
192	[-59.71965342795278, -2]
192	[-59.71965342795278, -2]
192	[-59.71965342795278, -2]
192	[-59.71965342795278, -2]
192	[-59.71965342795278, -2]
192	[-59.71965342795278, -2]
192	[-59.71965342795278, -2]
192	[-59.71965342795278, -2]
192	[-59.71965342795278, -2]
192	[-59.71965342795278, -2]
192	[-59.71965342795278, -2]
192	[-59.71965342795278, -2]
192	[-59.71965342795278, -2]
192	[-59.71965342795278, -2]
192	[-59.71965342795278, -2]
192	[-59.71965342795278, -2]
192	[-59.71965342795278, -2]
192	[-59.71965342795278, -2]
192	[-59.71965342795278, -2]
192	[-59.71965342795278, -2]
192	[-59.71965342795278, -2]
192	[-59.71965342795278, -2]
192	[-59.71965342795278, -2]
192	[-59.71965342795278, -2]
192	[-59.71965342795278, -2]
192	[-59.71965342795278, -2]
192	[-59.71965342795278, -2]
192	[-59.71965342795278, -2]
192	[-59.71965342795278, -2]
192	[-59.71965342795278, -2]
192	[-59.71965342795278, -2]
192	[-59.71965342795278, -2]
192	[-59.71965342795278, -2]
192	[-59.71965342795278, -2]
192	[-59.71965342795278, -2]
192	[-59.71965342795278, -2]
192	[-59.71965342795278, -2]
192	[-59.71965342795278, -2]
192	[-59.71965342795278, -2]
192	[-59.71965342795278, -2]
192	[-59.71965342795278, -2]
192	[-59.71965342795278, -2]
192	[-59.71965342795278, -2]
192	[-59.71965342795278, -2]
192	[-59.71965342795278, -2]
192	[-59.71965342795278, -2]
192	[-59.71965342795278, -2]
192	[-59.71965342795278, -2]
192	[-59.71965342795278, -2]
192	[-59.71965342795278, -2]
192	[-59.71965342795278, -2]
192	[-59.71965342795278, -2]
192	[-59.71965342795278, -2]
192	[-59.71965342795278, -2]
192	[-59.71965342795278, -2]
192	[-59.71965342795278, -2]
192	[-59.71965342795278, -2]
192	[-59.71965342795278, -2]
192	[-59.71965342795278, -2]
192	[-59.71965342795278, -2]
192	[-59.71965342795278, -2]
192	[-59.71965342795278, -2]
192	[-59.71965342795278, -2]
192	[-59.71965342795278, -2]
192	[-59.71965342795278, -2]
192	[-59.71965342795278, -2]
192	[-59.71965342795278, -2]
192	[-59.71965342795278, -2]
192	[-59.71965342795278, -2]
192	[-59.71965342795278, -2]
193	[-60.526637758834326, 0]
193	[-60.526637758834326, 0]
193	[-60.526637758834326, 0]
193	[-60.526637758834326, 0]
193	[-60.526637758834326, 0]
193	[-59.71965342795278, -2]
193	[-59.71965342795278, -2]
193	[-59.71965342795278, -2]
193	[-59.71965342795278, -2]
193	[-59.71965342795278, -2]
193	[-59.71965342795278, -2]
193	[-59.71965342795278, -2]
193	[-59.71965342795278, -2]
193	[-59.71965342795278, -2]
193	[-59.71965342795278, -2]
193	[-59.71965342795278, -2]
193	[-59.71965342795278, -2]
193	[-59.71965342795278, -2]
193	[-59.71965342795278, -2]
193	[-59.71965342795278, -2]
193	[-59.71965342795278, -2]
193	[-59.71965342795278, -2]
193	[-59.71965342795278, -2]
193	[-59.71965342795278, -2]
193	[-59.71965342795278, -2]
193	[-59.71965342795278, -2]
193	[-59.71965342795278, -2]
193	[-59.71965342795278, -2]
193	[-59.71965342795278, -2]
193	[-59.71965342795278, -2]
193	[-59.71965342795278, -2]
193	[-59.71965342795278, -2]
193	[-59.71965342795278, -2]
193	[-59.71965342795278, -2]
193	[-59.71965342795278, -2]
193	[-59.71965342795278, -2]
193	[-59.71965342795278, -2]
193	[-59.71965342795278, -2]
193	[-59.71965342795278, -2]
193	[-59.71965342795278, -2]
193	[-59.71965342795278, -2]
193	[-59.71965342795278, -2]
193	[-59.71965342795278, -2]
193	[-59.71965342795278, -2]
193	[-59.71965342795278, -2]
193	[-59.71965342795278, -2]
193	[-59.71965342795278, -2]
193	[-59.71965342795278, -2]
193	[-59.71965342795278, -2]
193	[-59.71965342795278, -2]
193	[-59.71965342795278, -2]
193	[-59.71965342795278, -2]
193	[-59.71965342795278, -2]
193	[-59.71965342795278, -2]
193	[-59.71965342795278, -2]
193	[-59.71965342795278, -2]
193	[-59.71965342795278, -2]
193	[-59.71965342795278, -2]
193	[-59.71965342795278, -2]
193	[-59.71965342795278, -2]
193	[-59.71965342795278, -2]
193	[-59.71965342795278, -2]
193	[-59.71965342795278, -2]
193	[-59.71965342795278, -2]
193	[-59.71965342795278, -2]
193	[-59.71965342795278, -2]
193	[-59.71965342795278, -2]
193	[-59.71965342795278, -2]
193	[-59.71965342795278, -2]
193	[-59.71965342795278, -2]
193	[-59.71965342795278, -2]
193	[-59.71965342795278, -2]
193	[-59.71965342795278, -2]
193	[-59.71965342795278, -2]
193	[-59.71965342795278, -2]
193	[-59.71965342795278, -2]
193	[-59.71965342795278, -2]
193	[-59.71965342795278, -2]
193	[-59.71965342795278, -2]
193	[-59.71965342795278, -2]
194	[-60.526637758834326, 0]
194	[-60.526637758834326, 0]
194	[-60.526637758834326, 0]
194	[-60.526637758834326, 0]
194	[-60.526637758834326, 0]
194	[-60.526637758834326, 0]
194	[-59.71965342795278, -2]
194	[-59.71965342795278, -2]
194	[-59.71965342795278, -2]
194	[-59.71965342795278, -2]
194	[-59.71965342795278, -2]
194	[-59.71965342795278, -2]
194	[-59.71965342795278, -2]
194	[-59.71965342795278, -2]
194	[-59.71965342795278, -2]
194	[-59.71965342795278, -2]
194	[-59.71965342795278, -2]
194	[-59.71965342795278, -2]
194	[-59.71965342795278, -2]
194	[-59.71965342795278, -2]
194	[-59.71965342795278, -2]
194	[-59.71965342795278, -2]
194	[-59.71965342795278, -2]
194	[-59.71965342795278, -2]
194	[-59.71965342795278, -2]
194	[-59.71965342795278, -2]
194	[-59.71965342795278, -2]
194	[-59.71965342795278, -2]
194	[-59.71965342795278, -2]
194	[-59.71965342795278, -2]
194	[-59.71965342795278, -2]
194	[-59.71965342795278, -2]
194	[-59.71965342795278, -2]
194	[-59.71965342795278, -2]
194	[-59.71965342795278, -2]
194	[-59.71965342795278, -2]
194	[-59.71965342795278, -2]
194	[-59.71965342795278, -2]
194	[-59.71965342795278, -2]
194	[-59.71965342795278, -2]
194	[-59.71965342795278, -2]
194	[-59.71965342795278, -2]
194	[-59.71965342795278, -2]
194	[-59.71965342795278, -2]
194	[-59.71965342795278, -2]
194	[-59.71965342795278, -2]
194	[-59.71965342795278, -2]
194	[-59.71965342795278, -2]
194	[-59.71965342795278, -2]
194	[-59.71965342795278, -2]
194	[-59.71965342795278, -2]
194	[-59.71965342795278, -2]
194	[-59.71965342795278, -2]
194	[-59.71965342795278, -2]
194	[-59.71965342795278, -2]
194	[-59.71965342795278, -2]
194	[-59.71965342795278, -2]
194	[-59.71965342795278, -2]
194	[-59.71965342795278, -2]
194	[-59.71965342795278, -2]
194	[-59.71965342795278, -2]
194	[-59.71965342795278, -2]
194	[-59.71965342795278, -2]
194	[-59.71965342795278, -2]
194	[-59.71965342795278, -2]
194	[-59.71965342795278, -2]
194	[-59.71965342795278, -2]
194	[-59.71965342795278, -2]
194	[-59.71965342795278, -2]
194	[-59.71965342795278, -2]
194	[-59.71965342795278, -2]
194	[-59.71965342795278, -2]
194	[-59.71965342795278, -2]
194	[-59.71965342795278, -2]
194	[-59.71965342795278, -2]
194	[-59.71965342795278, -2]
194	[-59.71965342795278, -2]
194	[-59.71965342795278, -2]
194	[-59.71965342795278, -2]
194	[-59.71965342795278, -2]
195	[-60.52252463454069, 0]
195	[-59.71965342795278, -2]
195	[-59.71965342795278, -2]
195	[-59.71965342795278, -2]
195	[-59.71965342795278, -2]
195	[-59.71965342795278, -2]
195	[-59.71965342795278, -2]
195	[-59.71965342795278, -2]
195	[-59.71965342795278, -2]
195	[-59.71965342795278, -2]
195	[-59.71965342795278, -2]
195	[-59.71965342795278, -2]
195	[-59.71965342795278, -2]
195	[-59.71965342795278, -2]
195	[-59.71965342795278, -2]
195	[-59.71965342795278, -2]
195	[-59.71965342795278, -2]
195	[-59.71965342795278, -2]
195	[-59.71965342795278, -2]
195	[-59.71965342795278, -2]
195	[-59.71965342795278, -2]
195	[-59.71965342795278, -2]
195	[-59.71965342795278, -2]
195	[-59.71965342795278, -2]
195	[-59.71965342795278, -2]
195	[-59.71965342795278, -2]
195	[-59.71965342795278, -2]
195	[-59.71965342795278, -2]
195	[-59.71965342795278, -2]
195	[-59.71965342795278, -2]
195	[-59.71965342795278, -2]
195	[-59.71965342795278, -2]
195	[-59.71965342795278, -2]
195	[-59.71965342795278, -2]
195	[-59.71965342795278, -2]
195	[-59.71965342795278, -2]
195	[-59.71965342795278, -2]
195	[-59.71965342795278, -2]
195	[-59.71965342795278, -2]
195	[-59.71965342795278, -2]
195	[-59.71965342795278, -2]
195	[-59.71965342795278, -2]
195	[-59.71965342795278, -2]
195	[-59.71965342795278, -2]
195	[-59.71965342795278, -2]
195	[-59.71965342795278, -2]
195	[-59.71965342795278, -2]
195	[-59.71965342795278, -2]
195	[-59.71965342795278, -2]
195	[-59.71965342795278, -2]
195	[-59.71965342795278, -2]
195	[-59.71965342795278, -2]
195	[-59.71965342795278, -2]
195	[-59.71965342795278, -2]
195	[-59.71965342795278, -2]
195	[-59.71965342795278, -2]
195	[-59.71965342795278, -2]
195	[-59.71965342795278, -2]
195	[-59.71965342795278, -2]
195	[-59.71965342795278, -2]
195	[-59.71965342795278, -2]
195	[-59.71965342795278, -2]
195	[-59.71965342795278, -2]
195	[-59.71965342795278, -2]
195	[-59.71965342795278, -2]
195	[-59.71965342795278, -2]
195	[-59.71965342795278, -2]
195	[-59.71965342795278, -2]
195	[-59.71965342795278, -2]
195	[-59.71965342795278, -2]
195	[-59.71965342795278, -2]
195	[-59.71965342795278, -2]
195	[-59.71965342795278, -2]
195	[-59.71965342795278, -2]
195	[-59.71965342795278, -2]
195	[-59.71965342795278, -2]
195	[-59.71965342795278, -2]
195	[-59.71965342795278, -2]
195	[-59.71965342795278, -2]
195	[-59.71965342795278, -2]
196	[-60.52252463454069, 0]
196	[-59.71965342795278, -2]
196	[-59.71965342795278, -2]
196	[-59.71965342795278, -2]
196	[-59.71965342795278, -2]
196	[-59.71965342795278, -2]
196	[-59.71965342795278, -2]
196	[-59.71965342795278, -2]
196	[-59.71965342795278, -2]
196	[-59.71965342795278, -2]
196	[-59.71965342795278, -2]
196	[-59.71965342795278, -2]
196	[-59.71965342795278, -2]
196	[-59.71965342795278, -2]
196	[-59.71965342795278, -2]
196	[-59.71965342795278, -2]
196	[-59.71965342795278, -2]
196	[-59.71965342795278, -2]
196	[-59.71965342795278, -2]
196	[-59.71965342795278, -2]
196	[-59.71965342795278, -2]
196	[-59.71965342795278, -2]
196	[-59.71965342795278, -2]
196	[-59.71965342795278, -2]
196	[-59.71965342795278, -2]
196	[-59.71965342795278, -2]
196	[-59.71965342795278, -2]
196	[-59.71965342795278, -2]
196	[-59.71965342795278, -2]
196	[-59.71965342795278, -2]
196	[-59.71965342795278, -2]
196	[-59.71965342795278, -2]
196	[-59.71965342795278, -2]
196	[-59.71965342795278, -2]
196	[-59.71965342795278, -2]
196	[-59.71965342795278, -2]
196	[-59.71965342795278, -2]
196	[-59.71965342795278, -2]
196	[-59.71965342795278, -2]
196	[-59.71965342795278, -2]
196	[-59.71965342795278, -2]
196	[-59.71965342795278, -2]
196	[-59.71965342795278, -2]
196	[-59.71965342795278, -2]
196	[-59.71965342795278, -2]
196	[-59.71965342795278, -2]
196	[-59.71965342795278, -2]
196	[-59.71965342795278, -2]
196	[-59.71965342795278, -2]
196	[-59.71965342795278, -2]
196	[-59.71965342795278, -2]
196	[-59.71965342795278, -2]
196	[-59.71965342795278, -2]
196	[-59.71965342795278, -2]
196	[-59.71965342795278, -2]
196	[-59.71965342795278, -2]
196	[-59.71965342795278, -2]
196	[-59.71965342795278, -2]
196	[-59.71965342795278, -2]
196	[-59.71965342795278, -2]
196	[-59.71965342795278, -2]
196	[-59.71965342795278, -2]
196	[-59.71965342795278, -2]
196	[-59.71965342795278, -2]
196	[-59.71965342795278, -2]
196	[-59.71965342795278, -2]
196	[-59.71965342795278, -2]
196	[-59.71965342795278, -2]
196	[-59.71965342795278, -2]
196	[-59.71965342795278, -2]
196	[-59.71965342795278, -2]
196	[-59.71965342795278, -2]
196	[-59.71965342795278, -2]
196	[-59.71965342795278, -2]
196	[-59.71965342795278, -2]
196	[-59.71965342795278, -2]
196	[-59.71965342795278, -2]
196	[-59.71965342795278, -2]
196	[-59.71965342795278, -2]
196	[-59.71965342795278, -2]
197	[-60.52252463454069, 0]
197	[-59.71965342795278, -2]
197	[-59.71965342795278, -2]
197	[-59.71965342795278, -2]
197	[-59.71965342795278, -2]
197	[-59.71965342795278, -2]
197	[-59.71965342795278, -2]
197	[-59.71965342795278, -2]
197	[-59.71965342795278, -2]
197	[-59.71965342795278, -2]
197	[-59.71965342795278, -2]
197	[-59.71965342795278, -2]
197	[-59.71965342795278, -2]
197	[-59.71965342795278, -2]
197	[-59.71965342795278, -2]
197	[-59.71965342795278, -2]
197	[-59.71965342795278, -2]
197	[-59.71965342795278, -2]
197	[-59.71965342795278, -2]
197	[-59.71965342795278, -2]
197	[-59.71965342795278, -2]
197	[-59.71965342795278, -2]
197	[-59.71965342795278, -2]
197	[-59.71965342795278, -2]
197	[-59.71965342795278, -2]
197	[-59.71965342795278, -2]
197	[-59.71965342795278, -2]
197	[-59.71965342795278, -2]
197	[-59.71965342795278, -2]
197	[-59.71965342795278, -2]
197	[-59.71965342795278, -2]
197	[-59.71965342795278, -2]
197	[-59.71965342795278, -2]
197	[-59.71965342795278, -2]
197	[-59.71965342795278, -2]
197	[-59.71965342795278, -2]
197	[-59.71965342795278, -2]
197	[-59.71965342795278, -2]
197	[-59.71965342795278, -2]
197	[-59.71965342795278, -2]
197	[-59.71965342795278, -2]
197	[-59.71965342795278, -2]
197	[-59.71965342795278, -2]
197	[-59.71965342795278, -2]
197	[-59.71965342795278, -2]
197	[-59.71965342795278, -2]
197	[-59.71965342795278, -2]
197	[-59.71965342795278, -2]
197	[-59.71965342795278, -2]
197	[-59.71965342795278, -2]
197	[-59.71965342795278, -2]
197	[-59.71965342795278, -2]
197	[-59.71965342795278, -2]
197	[-59.71965342795278, -2]
197	[-59.71965342795278, -2]
197	[-59.71965342795278, -2]
197	[-59.71965342795278, -2]
197	[-59.71965342795278, -2]
197	[-59.71965342795278, -2]
197	[-59.71965342795278, -2]
197	[-59.71965342795278, -2]
197	[-59.71965342795278, -2]
197	[-59.71965342795278, -2]
197	[-59.71965342795278, -2]
197	[-59.71965342795278, -2]
197	[-59.71965342795278, -2]
197	[-59.71965342795278, -2]
197	[-59.71965342795278, -2]
197	[-59.71965342795278, -2]
197	[-59.71965342795278, -2]
197	[-59.71965342795278, -2]
197	[-59.71965342795278, -2]
197	[-59.71965342795278, -2]
197	[-59.71965342795278, -2]
197	[-59.71965342795278, -2]
197	[-59.71965342795278, -2]
197	[-59.71965342795278, -2]
197	[-59.71965342795278, -2]
197	[-59.71965342795278, -2]
197	[-59.71965342795278, -2]
198	[-60.52252463454069, 0]
198	[-60.52252463454069, 0]
198	[-59.71965342795278, -2]
198	[-59.71965342795278, -2]
198	[-59.71965342795278, -2]
198	[-59.71965342795278, -2]
198	[-59.71965342795278, -2]
198	[-59.71965342795278, -2]
198	[-59.71965342795278, -2]
198	[-59.71965342795278, -2]
198	[-59.71965342795278, -2]
198	[-59.71965342795278, -2]
198	[-59.71965342795278, -2]
198	[-59.71965342795278, -2]
198	[-59.71965342795278, -2]
198	[-59.71965342795278, -2]
198	[-59.71965342795278, -2]
198	[-59.71965342795278, -2]
198	[-59.71965342795278, -2]
198	[-59.71965342795278, -2]
198	[-59.71965342795278, -2]
198	[-59.71965342795278, -2]
198	[-59.71965342795278, -2]
198	[-59.71965342795278, -2]
198	[-59.71965342795278, -2]
198	[-59.71965342795278, -2]
198	[-59.71965342795278, -2]
198	[-59.71965342795278, -2]
198	[-59.71965342795278, -2]
198	[-59.71965342795278, -2]
198	[-59.71965342795278, -2]
198	[-59.71965342795278, -2]
198	[-59.71965342795278, -2]
198	[-59.71965342795278, -2]
198	[-59.71965342795278, -2]
198	[-59.71965342795278, -2]
198	[-59.71965342795278, -2]
198	[-59.71965342795278, -2]
198	[-59.71965342795278, -2]
198	[-59.71965342795278, -2]
198	[-59.71965342795278, -2]
198	[-59.71965342795278, -2]
198	[-59.71965342795278, -2]
198	[-59.71965342795278, -2]
198	[-59.71965342795278, -2]
198	[-59.71965342795278, -2]
198	[-59.71965342795278, -2]
198	[-59.71965342795278, -2]
198	[-59.71965342795278, -2]
198	[-59.71965342795278, -2]
198	[-59.71965342795278, -2]
198	[-59.71965342795278, -2]
198	[-59.71965342795278, -2]
198	[-59.71965342795278, -2]
198	[-59.71965342795278, -2]
198	[-59.71965342795278, -2]
198	[-59.71965342795278, -2]
198	[-59.71965342795278, -2]
198	[-59.71965342795278, -2]
198	[-59.71965342795278, -2]
198	[-59.71965342795278, -2]
198	[-59.71965342795278, -2]
198	[-59.71965342795278, -2]
198	[-59.71965342795278, -2]
198	[-59.71965342795278, -2]
198	[-59.71965342795278, -2]
198	[-59.71965342795278, -2]
198	[-59.71965342795278, -2]
198	[-59.71965342795278, -2]
198	[-59.71965342795278, -2]
198	[-59.71965342795278, -2]
198	[-59.71965342795278, -2]
198	[-59.71965342795278, -2]
198	[-59.71965342795278, -2]
198	[-59.71965342795278, -2]
198	[-59.71965342795278, -2]
198	[-59.71965342795278, -2]
198	[-59.71965342795278, -2]
198	[-59.71965342795278, -2]
198	[-59.71965342795278, -2]
199	[-60.52252463454069, 0]
199	[-60.52252463454069, 0]
199	[-60.52252463454069, 0]
199	[-59.71965342795278, -2]
199	[-59.71965342795278, -2]
199	[-59.71965342795278, -2]
199	[-59.71965342795278, -2]
199	[-59.71965342795278, -2]
199	[-59.71965342795278, -2]
199	[-59.71965342795278, -2]
199	[-59.71965342795278, -2]
199	[-59.71965342795278, -2]
199	[-59.71965342795278, -2]
199	[-59.71965342795278, -2]
199	[-59.71965342795278, -2]
199	[-59.71965342795278, -2]
199	[-59.71965342795278, -2]
199	[-59.71965342795278, -2]
199	[-59.71965342795278, -2]
199	[-59.71965342795278, -2]
199	[-59.71965342795278, -2]
199	[-59.71965342795278, -2]
199	[-59.71965342795278, -2]
199	[-59.71965342795278, -2]
199	[-59.71965342795278, -2]
199	[-59.71965342795278, -2]
199	[-59.71965342795278, -2]
199	[-59.71965342795278, -2]
199	[-59.71965342795278, -2]
199	[-59.71965342795278, -2]
199	[-59.71965342795278, -2]
199	[-59.71965342795278, -2]
199	[-59.71965342795278, -2]
199	[-59.71965342795278, -2]
199	[-59.71965342795278, -2]
199	[-59.71965342795278, -2]
199	[-59.71965342795278, -2]
199	[-59.71965342795278, -2]
199	[-59.71965342795278, -2]
199	[-59.71965342795278, -2]
199	[-59.71965342795278, -2]
199	[-59.71965342795278, -2]
199	[-59.71965342795278, -2]
199	[-59.71965342795278, -2]
199	[-59.71965342795278, -2]
199	[-59.71965342795278, -2]
199	[-59.71965342795278, -2]
199	[-59.71965342795278, -2]
199	[-59.71965342795278, -2]
199	[-59.71965342795278, -2]
199	[-59.71965342795278, -2]
199	[-59.71965342795278, -2]
199	[-59.71965342795278, -2]
199	[-59.71965342795278, -2]
199	[-59.71965342795278, -2]
199	[-59.71965342795278, -2]
199	[-59.71965342795278, -2]
199	[-59.71965342795278, -2]
199	[-59.71965342795278, -2]
199	[-59.71965342795278, -2]
199	[-59.71965342795278, -2]
199	[-59.71965342795278, -2]
199	[-59.71965342795278, -2]
199	[-59.71965342795278, -2]
199	[-59.71965342795278, -2]
199	[-59.71965342795278, -2]
199	[-59.71965342795278, -2]
199	[-59.71965342795278, -2]
199	[-59.71965342795278, -2]
199	[-59.71965342795278, -2]
199	[-59.71965342795278, -2]
199	[-59.71965342795278, -2]
199	[-59.71965342795278, -2]
199	[-59.71965342795278, -2]
199	[-59.71965342795278, -2]
199	[-59.71965342795278, -2]
199	[-59.71965342795278, -2]
199	[-59.71965342795278, -2]
199	[-59.71965342795278, -2]
199	[-59.71965342795278, -2]
200	[-60.52252463454069, 0]
200	[-60.52252463454069, 0]
200	[-60.52252463454069, 0]
200	[-60.52252463454069, 0]
200	[-60.52252463454069, 0]
200	[-59.71965342795278, -2]
200	[-59.71965342795278, -2]
200	[-59.71965342795278, -2]
200	[-59.71965342795278, -2]
200	[-59.71965342795278, -2]
200	[-59.71965342795278, -2]
200	[-59.71965342795278, -2]
200	[-59.71965342795278, -2]
200	[-59.71965342795278, -2]
200	[-59.71965342795278, -2]
200	[-59.71965342795278, -2]
200	[-59.71965342795278, -2]
200	[-59.71965342795278, -2]
200	[-59.71965342795278, -2]
200	[-59.71965342795278, -2]
200	[-59.71965342795278, -2]
200	[-59.71965342795278, -2]
200	[-59.71965342795278, -2]
200	[-59.71965342795278, -2]
200	[-59.71965342795278, -2]
200	[-59.71965342795278, -2]
200	[-59.71965342795278, -2]
200	[-59.71965342795278, -2]
200	[-59.71965342795278, -2]
200	[-59.71965342795278, -2]
200	[-59.71965342795278, -2]
200	[-59.71965342795278, -2]
200	[-59.71965342795278, -2]
200	[-59.71965342795278, -2]
200	[-59.71965342795278, -2]
200	[-59.71965342795278, -2]
200	[-59.71965342795278, -2]
200	[-59.71965342795278, -2]
200	[-59.71965342795278, -2]
200	[-59.71965342795278, -2]
200	[-59.71965342795278, -2]
200	[-59.71965342795278, -2]
200	[-59.71965342795278, -2]
200	[-59.71965342795278, -2]
200	[-59.71965342795278, -2]
200	[-59.71965342795278, -2]
200	[-59.71965342795278, -2]
200	[-59.71965342795278, -2]
200	[-59.71965342795278, -2]
200	[-59.71965342795278, -2]
200	[-59.71965342795278, -2]
200	[-59.71965342795278, -2]
200	[-59.71965342795278, -2]
200	[-59.71965342795278, -2]
200	[-59.71965342795278, -2]
200	[-59.71965342795278, -2]
200	[-59.71965342795278, -2]
200	[-59.71965342795278, -2]
200	[-59.71965342795278, -2]
200	[-59.71965342795278, -2]
200	[-59.71965342795278, -2]
200	[-59.71965342795278, -2]
200	[-59.71965342795278, -2]
200	[-59.71965342795278, -2]
200	[-59.71965342795278, -2]
200	[-59.71965342795278, -2]
200	[-59.71965342795278, -2]
200	[-59.71965342795278, -2]
200	[-59.71965342795278, -2]
200	[-59.71965342795278, -2]
200	[-59.71965342795278, -2]
200	[-59.71965342795278, -2]
200	[-59.71965342795278, -2]
200	[-59.71965342795278, -2]
200	[-59.71965342795278, -2]
200	[-59.71965342795278, -2]
200	[-59.71965342795278, -2]
200	[-59.71965342795278, -2]
200	[-59.71965342795278, -2]
200	[-59.71965342795278, -2]
201	[-60.52252463454069, 0]
201	[-60.52252463454069, 0]
201	[-60.52252463454069, 0]
201	[-60.52252463454069, 0]
201	[-60.52252463454069, 0]
201	[-60.52252463454069, 0]
201	[-59.71965342795278, -2]
201	[-59.71965342795278, -2]
201	[-59.71965342795278, -2]
201	[-59.71965342795278, -2]
201	[-59.71965342795278, -2]
201	[-59.71965342795278, -2]
201	[-59.71965342795278, -2]
201	[-59.71965342795278, -2]
201	[-59.71965342795278, -2]
201	[-59.71965342795278, -2]
201	[-59.71965342795278, -2]
201	[-59.71965342795278, -2]
201	[-59.71965342795278, -2]
201	[-59.71965342795278, -2]
201	[-59.71965342795278, -2]
201	[-59.71965342795278, -2]
201	[-59.71965342795278, -2]
201	[-59.71965342795278, -2]
201	[-59.71965342795278, -2]
201	[-59.71965342795278, -2]
201	[-59.71965342795278, -2]
201	[-59.71965342795278, -2]
201	[-59.71965342795278, -2]
201	[-59.71965342795278, -2]
201	[-59.71965342795278, -2]
201	[-59.71965342795278, -2]
201	[-59.71965342795278, -2]
201	[-59.71965342795278, -2]
201	[-59.71965342795278, -2]
201	[-59.71965342795278, -2]
201	[-59.71965342795278, -2]
201	[-59.71965342795278, -2]
201	[-59.71965342795278, -2]
201	[-59.71965342795278, -2]
201	[-59.71965342795278, -2]
201	[-59.71965342795278, -2]
201	[-59.71965342795278, -2]
201	[-59.71965342795278, -2]
201	[-59.71965342795278, -2]
201	[-59.71965342795278, -2]
201	[-59.71965342795278, -2]
201	[-59.71965342795278, -2]
201	[-59.71965342795278, -2]
201	[-59.71965342795278, -2]
201	[-59.71965342795278, -2]
201	[-59.71965342795278, -2]
201	[-59.71965342795278, -2]
201	[-59.71965342795278, -2]
201	[-59.71965342795278, -2]
201	[-59.71965342795278, -2]
201	[-59.71965342795278, -2]
201	[-59.71965342795278, -2]
201	[-59.71965342795278, -2]
201	[-59.71965342795278, -2]
201	[-59.71965342795278, -2]
201	[-59.71965342795278, -2]
201	[-59.71965342795278, -2]
201	[-59.71965342795278, -2]
201	[-59.71965342795278, -2]
201	[-59.71965342795278, -2]
201	[-59.71965342795278, -2]
201	[-59.71965342795278, -2]
201	[-59.71965342795278, -2]
201	[-59.71965342795278, -2]
201	[-59.71965342795278, -2]
201	[-59.71965342795278, -2]
201	[-59.71965342795278, -2]
201	[-59.71965342795278, -2]
201	[-59.71965342795278, -2]
201	[-59.71965342795278, -2]
201	[-59.71965342795278, -2]
201	[-59.71965342795278, -2]
201	[-59.71965342795278, -2]
201	[-59.71965342795278, -2]
202	[-60.52252463454069, 0]
202	[-60.52252463454069, 0]
202	[-60.52252463454069, 0]
202	[-60.52252463454069, 0]
202	[-60.52252463454069, 0]
202	[-60.52252463454069, 0]
202	[-60.52252463454069, 0]
202	[-59.71965342795278, -2]
202	[-59.71965342795278, -2]
202	[-59.71965342795278, -2]
202	[-59.71965342795278, -2]
202	[-59.71965342795278, -2]
202	[-59.71965342795278, -2]
202	[-59.71965342795278, -2]
202	[-59.71965342795278, -2]
202	[-59.71965342795278, -2]
202	[-59.71965342795278, -2]
202	[-59.71965342795278, -2]
202	[-59.71965342795278, -2]
202	[-59.71965342795278, -2]
202	[-59.71965342795278, -2]
202	[-59.71965342795278, -2]
202	[-59.71965342795278, -2]
202	[-59.71965342795278, -2]
202	[-59.71965342795278, -2]
202	[-59.71965342795278, -2]
202	[-59.71965342795278, -2]
202	[-59.71965342795278, -2]
202	[-59.71965342795278, -2]
202	[-59.71965342795278, -2]
202	[-59.71965342795278, -2]
202	[-59.71965342795278, -2]
202	[-59.71965342795278, -2]
202	[-59.71965342795278, -2]
202	[-59.71965342795278, -2]
202	[-59.71965342795278, -2]
202	[-59.71965342795278, -2]
202	[-59.71965342795278, -2]
202	[-59.71965342795278, -2]
202	[-59.71965342795278, -2]
202	[-59.71965342795278, -2]
202	[-59.71965342795278, -2]
202	[-59.71965342795278, -2]
202	[-59.71965342795278, -2]
202	[-59.71965342795278, -2]
202	[-59.71965342795278, -2]
202	[-59.71965342795278, -2]
202	[-59.71965342795278, -2]
202	[-59.71965342795278, -2]
202	[-59.71965342795278, -2]
202	[-59.71965342795278, -2]
202	[-59.71965342795278, -2]
202	[-59.71965342795278, -2]
202	[-59.71965342795278, -2]
202	[-59.71965342795278, -2]
202	[-59.71965342795278, -2]
202	[-59.71965342795278, -2]
202	[-59.71965342795278, -2]
202	[-59.71965342795278, -2]
202	[-59.71965342795278, -2]
202	[-59.71965342795278, -2]
202	[-59.71965342795278, -2]
202	[-59.71965342795278, -2]
202	[-59.71965342795278, -2]
202	[-59.71965342795278, -2]
202	[-59.71965342795278, -2]
202	[-59.71965342795278, -2]
202	[-59.71965342795278, -2]
202	[-59.71965342795278, -2]
202	[-59.71965342795278, -2]
202	[-59.71965342795278, -2]
202	[-59.71965342795278, -2]
202	[-59.71965342795278, -2]
202	[-59.71965342795278, -2]
202	[-59.71965342795278, -2]
202	[-59.71965342795278, -2]
202	[-59.71965342795278, -2]
202	[-59.71965342795278, -2]
202	[-59.71965342795278, -2]
202	[-59.71965342795278, -2]
203	[-60.52252463454069, 0]
203	[-60.52252463454069, 0]
203	[-60.52252463454069, 0]
203	[-60.52252463454069, 0]
203	[-60.52252463454069, 0]
203	[-60.52252463454069, 0]
203	[-60.52252463454069, 0]
203	[-60.52252463454069, 0]
203	[-60.52252463454069, 0]
203	[-60.52252463454069, 0]
203	[-60.52252463454069, 0]
203	[-60.52252463454069, 0]
203	[-59.71965342795278, -2]
203	[-59.71965342795278, -2]
203	[-59.71965342795278, -2]
203	[-59.71965342795278, -2]
203	[-59.71965342795278, -2]
203	[-59.71965342795278, -2]
203	[-59.71965342795278, -2]
203	[-59.71965342795278, -2]
203	[-59.71965342795278, -2]
203	[-59.71965342795278, -2]
203	[-59.71965342795278, -2]
203	[-59.71965342795278, -2]
203	[-59.71965342795278, -2]
203	[-59.71965342795278, -2]
203	[-59.71965342795278, -2]
203	[-59.71965342795278, -2]
203	[-59.71965342795278, -2]
203	[-59.71965342795278, -2]
203	[-59.71965342795278, -2]
203	[-59.71965342795278, -2]
203	[-59.71965342795278, -2]
203	[-59.71965342795278, -2]
203	[-59.71965342795278, -2]
203	[-59.71965342795278, -2]
203	[-59.71965342795278, -2]
203	[-59.71965342795278, -2]
203	[-59.71965342795278, -2]
203	[-59.71965342795278, -2]
203	[-59.71965342795278, -2]
203	[-59.71965342795278, -2]
203	[-59.71965342795278, -2]
203	[-59.71965342795278, -2]
203	[-59.71965342795278, -2]
203	[-59.71965342795278, -2]
203	[-59.71965342795278, -2]
203	[-59.71965342795278, -2]
203	[-59.71965342795278, -2]
203	[-59.71965342795278, -2]
203	[-59.71965342795278, -2]
203	[-59.71965342795278, -2]
203	[-59.71965342795278, -2]
203	[-59.71965342795278, -2]
203	[-59.71965342795278, -2]
203	[-59.71965342795278, -2]
203	[-59.71965342795278, -2]
203	[-59.71965342795278, -2]
203	[-59.71965342795278, -2]
203	[-59.71965342795278, -2]
203	[-59.71965342795278, -2]
203	[-59.71965342795278, -2]
203	[-59.71965342795278, -2]
203	[-59.71965342795278, -2]
203	[-59.71965342795278, -2]
203	[-59.71965342795278, -2]
203	[-59.71965342795278, -2]
203	[-59.71965342795278, -2]
203	[-59.71965342795278, -2]
203	[-59.71965342795278, -2]
203	[-59.71965342795278, -2]
203	[-59.71965342795278, -2]
203	[-59.71965342795278, -2]
203	[-59.71965342795278, -2]
203	[-59.71965342795278, -2]
203	[-59.71965342795278, -2]
203	[-59.71965342795278, -2]
203	[-59.71965342795278, -2]
203	[-59.71965342795278, -2]
203	[-59.71965342795278, -2]
204	[-59.89135755462302, 0]
204	[-59.71965342795278, -2]
204	[-59.71965342795278, -2]
204	[-59.71965342795278, -2]
204	[-59.71965342795278, -2]
204	[-59.71965342795278, -2]
204	[-59.71965342795278, -2]
204	[-59.71965342795278, -2]
204	[-59.71965342795278, -2]
204	[-59.71965342795278, -2]
204	[-59.71965342795278, -2]
204	[-59.71965342795278, -2]
204	[-59.71965342795278, -2]
204	[-59.71965342795278, -2]
204	[-59.71965342795278, -2]
204	[-59.71965342795278, -2]
204	[-59.71965342795278, -2]
204	[-59.71965342795278, -2]
204	[-59.71965342795278, -2]
204	[-59.71965342795278, -2]
204	[-59.71965342795278, -2]
204	[-59.71965342795278, -2]
204	[-59.71965342795278, -2]
204	[-59.71965342795278, -2]
204	[-59.71965342795278, -2]
204	[-59.71965342795278, -2]
204	[-59.71965342795278, -2]
204	[-59.71965342795278, -2]
204	[-59.71965342795278, -2]
204	[-59.71965342795278, -2]
204	[-59.71965342795278, -2]
204	[-59.71965342795278, -2]
204	[-59.71965342795278, -2]
204	[-59.71965342795278, -2]
204	[-59.71965342795278, -2]
204	[-59.71965342795278, -2]
204	[-59.71965342795278, -2]
204	[-59.71965342795278, -2]
204	[-59.71965342795278, -2]
204	[-59.71965342795278, -2]
204	[-59.71965342795278, -2]
204	[-59.71965342795278, -2]
204	[-59.71965342795278, -2]
204	[-59.71965342795278, -2]
204	[-59.71965342795278, -2]
204	[-59.71965342795278, -2]
204	[-59.71965342795278, -2]
204	[-59.71965342795278, -2]
204	[-59.71965342795278, -2]
204	[-59.71965342795278, -2]
204	[-59.71965342795278, -2]
204	[-59.71965342795278, -2]
204	[-59.71965342795278, -2]
204	[-59.71965342795278, -2]
204	[-59.71965342795278, -2]
204	[-59.71965342795278, -2]
204	[-59.71965342795278, -2]
204	[-59.71965342795278, -2]
204	[-59.71965342795278, -2]
204	[-59.71965342795278, -2]
204	[-59.71965342795278, -2]
204	[-59.71965342795278, -2]
204	[-59.71965342795278, -2]
204	[-59.71965342795278, -2]
204	[-59.71965342795278, -2]
204	[-59.71965342795278, -2]
204	[-59.71965342795278, -2]
204	[-59.71965342795278, -2]
204	[-59.71965342795278, -2]
204	[-59.71965342795278, -2]
204	[-59.71965342795278, -2]
204	[-59.71965342795278, -2]
204	[-59.71965342795278, -2]
204	[-59.71965342795278, -2]
205	[-59.89135755462302, 0]
205	[-59.71965342795278, -2]
205	[-59.71965342795278, -2]
205	[-59.71965342795278, -2]
205	[-59.71965342795278, -2]
205	[-59.71965342795278, -2]
205	[-59.71965342795278, -2]
205	[-59.71965342795278, -2]
205	[-59.71965342795278, -2]
205	[-59.71965342795278, -2]
205	[-59.71965342795278, -2]
205	[-59.71965342795278, -2]
205	[-59.71965342795278, -2]
205	[-59.71965342795278, -2]
205	[-59.71965342795278, -2]
205	[-59.71965342795278, -2]
205	[-59.71965342795278, -2]
205	[-59.71965342795278, -2]
205	[-59.71965342795278, -2]
205	[-59.71965342795278, -2]
205	[-59.71965342795278, -2]
205	[-59.71965342795278, -2]
205	[-59.71965342795278, -2]
205	[-59.71965342795278, -2]
205	[-59.71965342795278, -2]
205	[-59.71965342795278, -2]
205	[-59.71965342795278, -2]
205	[-59.71965342795278, -2]
205	[-59.71965342795278, -2]
205	[-59.71965342795278, -2]
205	[-59.71965342795278, -2]
205	[-59.71965342795278, -2]
205	[-59.71965342795278, -2]
205	[-59.71965342795278, -2]
205	[-59.71965342795278, -2]
205	[-59.71965342795278, -2]
205	[-59.71965342795278, -2]
205	[-59.71965342795278, -2]
205	[-59.71965342795278, -2]
205	[-59.71965342795278, -2]
205	[-59.71965342795278, -2]
205	[-59.71965342795278, -2]
205	[-59.71965342795278, -2]
205	[-59.71965342795278, -2]
205	[-59.71965342795278, -2]
205	[-59.71965342795278, -2]
205	[-59.71965342795278, -2]
205	[-59.71965342795278, -2]
205	[-59.71965342795278, -2]
205	[-59.71965342795278, -2]
205	[-59.71965342795278, -2]
205	[-59.71965342795278, -2]
205	[-59.71965342795278, -2]
205	[-59.71965342795278, -2]
205	[-59.71965342795278, -2]
205	[-59.71965342795278, -2]
205	[-59.71965342795278, -2]
205	[-59.71965342795278, -2]
205	[-59.71965342795278, -2]
205	[-59.71965342795278, -2]
205	[-59.71965342795278, -2]
205	[-59.71965342795278, -2]
205	[-59.71965342795278, -2]
205	[-59.71965342795278, -2]
205	[-59.71965342795278, -2]
205	[-59.71965342795278, -2]
205	[-59.71965342795278, -2]
205	[-59.71965342795278, -2]
205	[-59.71965342795278, -2]
205	[-59.71965342795278, -2]
205	[-59.71965342795278, -2]
205	[-59.71965342795278, -2]
205	[-59.71965342795278, -2]
205	[-59.71965342795278, -2]
205	[-59.71965342795278, -2]
205	[-59.71965342795278, -2]
205	[-59.71965342795278, -2]
205	[-59.71965342795278, -2]
205	[-59.71965342795278, -2]
205	[-59.71965342795278, -2]
206	[-59.89135755462302, 0]
206	[-59.71965342795278, -2]
206	[-59.71965342795278, -2]
206	[-59.71965342795278, -2]
206	[-59.71965342795278, -2]
206	[-59.71965342795278, -2]
206	[-59.71965342795278, -2]
206	[-59.71965342795278, -2]
206	[-59.71965342795278, -2]
206	[-59.71965342795278, -2]
206	[-59.71965342795278, -2]
206	[-59.71965342795278, -2]
206	[-59.71965342795278, -2]
206	[-59.71965342795278, -2]
206	[-59.71965342795278, -2]
206	[-59.71965342795278, -2]
206	[-59.71965342795278, -2]
206	[-59.71965342795278, -2]
206	[-59.71965342795278, -2]
206	[-59.71965342795278, -2]
206	[-59.71965342795278, -2]
206	[-59.71965342795278, -2]
206	[-59.71965342795278, -2]
206	[-59.71965342795278, -2]
206	[-59.71965342795278, -2]
206	[-59.71965342795278, -2]
206	[-59.71965342795278, -2]
206	[-59.71965342795278, -2]
206	[-59.71965342795278, -2]
206	[-59.71965342795278, -2]
206	[-59.71965342795278, -2]
206	[-59.71965342795278, -2]
206	[-59.71965342795278, -2]
206	[-59.71965342795278, -2]
206	[-59.71965342795278, -2]
206	[-59.71965342795278, -2]
206	[-59.71965342795278, -2]
206	[-59.71965342795278, -2]
206	[-59.71965342795278, -2]
206	[-59.71965342795278, -2]
206	[-59.71965342795278, -2]
206	[-59.71965342795278, -2]
206	[-59.71965342795278, -2]
206	[-59.71965342795278, -2]
206	[-59.71965342795278, -2]
206	[-59.71965342795278, -2]
206	[-59.71965342795278, -2]
206	[-59.71965342795278, -2]
206	[-59.71965342795278, -2]
206	[-59.71965342795278, -2]
206	[-59.71965342795278, -2]
206	[-59.71965342795278, -2]
206	[-59.71965342795278, -2]
206	[-59.71965342795278, -2]
206	[-59.71965342795278, -2]
206	[-59.71965342795278, -2]
206	[-59.71965342795278, -2]
206	[-59.71965342795278, -2]
206	[-59.71965342795278, -2]
206	[-59.71965342795278, -2]
206	[-59.71965342795278, -2]
206	[-59.71965342795278, -2]
206	[-59.71965342795278, -2]
206	[-59.71965342795278, -2]
206	[-59.71965342795278, -2]
206	[-59.71965342795278, -2]
206	[-59.71965342795278, -2]
206	[-59.71965342795278, -2]
206	[-59.71965342795278, -2]
206	[-59.71965342795278, -2]
206	[-59.71965342795278, -2]
206	[-59.71965342795278, -2]
206	[-59.71965342795278, -2]
206	[-59.71965342795278, -2]
206	[-59.71965342795278, -2]
206	[-59.71965342795278, -2]
206	[-59.71965342795278, -2]
206	[-59.71965342795278, -2]
206	[-59.71965342795278, -2]
206	[-59.71965342795278, -2]
207	[-59.89135755462302, 0]
207	[-59.89135755462302, 0]
207	[-59.89135755462302, 0]
207	[-59.89135755462302, 0]
207	[-59.89135755462302, 0]
207	[-59.89135755462302, 0]
207	[-59.71965342795278, -2]
207	[-59.71965342795278, -2]
207	[-59.71965342795278, -2]
207	[-59.71965342795278, -2]
207	[-59.71965342795278, -2]
207	[-59.71965342795278, -2]
207	[-59.71965342795278, -2]
207	[-59.71965342795278, -2]
207	[-59.71965342795278, -2]
207	[-59.71965342795278, -2]
207	[-59.71965342795278, -2]
207	[-59.71965342795278, -2]
207	[-59.71965342795278, -2]
207	[-59.71965342795278, -2]
207	[-59.71965342795278, -2]
207	[-59.71965342795278, -2]
207	[-59.71965342795278, -2]
207	[-59.71965342795278, -2]
207	[-59.71965342795278, -2]
207	[-59.71965342795278, -2]
207	[-59.71965342795278, -2]
207	[-59.71965342795278, -2]
207	[-59.71965342795278, -2]
207	[-59.71965342795278, -2]
207	[-59.71965342795278, -2]
207	[-59.71965342795278, -2]
207	[-59.71965342795278, -2]
207	[-59.71965342795278, -2]
207	[-59.71965342795278, -2]
207	[-59.71965342795278, -2]
207	[-59.71965342795278, -2]
207	[-59.71965342795278, -2]
207	[-59.71965342795278, -2]
207	[-59.71965342795278, -2]
207	[-59.71965342795278, -2]
207	[-59.71965342795278, -2]
207	[-59.71965342795278, -2]
207	[-59.71965342795278, -2]
207	[-59.71965342795278, -2]
207	[-59.71965342795278, -2]
207	[-59.71965342795278, -2]
207	[-59.71965342795278, -2]
207	[-59.71965342795278, -2]
207	[-59.71965342795278, -2]
207	[-59.71965342795278, -2]
207	[-59.71965342795278, -2]
207	[-59.71965342795278, -2]
207	[-59.71965342795278, -2]
207	[-59.71965342795278, -2]
207	[-59.71965342795278, -2]
207	[-59.71965342795278, -2]
207	[-59.71965342795278, -2]
207	[-59.71965342795278, -2]
207	[-59.71965342795278, -2]
207	[-59.71965342795278, -2]
207	[-59.71965342795278, -2]
207	[-59.71965342795278, -2]
207	[-59.71965342795278, -2]
207	[-59.71965342795278, -2]
207	[-59.71965342795278, -2]
207	[-59.71965342795278, -2]
207	[-59.71965342795278, -2]
207	[-59.71965342795278, -2]
207	[-59.71965342795278, -2]
207	[-59.71965342795278, -2]
207	[-59.71965342795278, -2]
207	[-59.71965342795278, -2]
207	[-59.71965342795278, -2]
207	[-59.71965342795278, -2]
207	[-59.71965342795278, -2]
207	[-59.71965342795278, -2]
207	[-59.71965342795278, -2]
207	[-59.71965342795278, -2]
207	[-59.71965342795278, -2]
208	[-59.89135755462302, 0]
208	[-59.89135755462302, 0]
208	[-59.89135755462302, 0]
208	[-59.89135755462302, 0]
208	[-59.89135755462302, 0]
208	[-59.89135755462302, 0]
208	[-59.71965342795278, -2]
208	[-59.71965342795278, -2]
208	[-59.71965342795278, -2]
208	[-59.71965342795278, -2]
208	[-59.71965342795278, -2]
208	[-59.71965342795278, -2]
208	[-59.71965342795278, -2]
208	[-59.71965342795278, -2]
208	[-59.71965342795278, -2]
208	[-59.71965342795278, -2]
208	[-59.71965342795278, -2]
208	[-59.71965342795278, -2]
208	[-59.71965342795278, -2]
208	[-59.71965342795278, -2]
208	[-59.71965342795278, -2]
208	[-59.71965342795278, -2]
208	[-59.71965342795278, -2]
208	[-59.71965342795278, -2]
208	[-59.71965342795278, -2]
208	[-59.71965342795278, -2]
208	[-59.71965342795278, -2]
208	[-59.71965342795278, -2]
208	[-59.71965342795278, -2]
208	[-59.71965342795278, -2]
208	[-59.71965342795278, -2]
208	[-59.71965342795278, -2]
208	[-59.71965342795278, -2]
208	[-59.71965342795278, -2]
208	[-59.71965342795278, -2]
208	[-59.71965342795278, -2]
208	[-59.71965342795278, -2]
208	[-59.71965342795278, -2]
208	[-59.71965342795278, -2]
208	[-59.71965342795278, -2]
208	[-59.71965342795278, -2]
208	[-59.71965342795278, -2]
208	[-59.71965342795278, -2]
208	[-59.71965342795278, -2]
208	[-59.71965342795278, -2]
208	[-59.71965342795278, -2]
208	[-59.71965342795278, -2]
208	[-59.71965342795278, -2]
208	[-59.71965342795278, -2]
208	[-59.71965342795278, -2]
208	[-59.71965342795278, -2]
208	[-59.71965342795278, -2]
208	[-59.71965342795278, -2]
208	[-59.71965342795278, -2]
208	[-59.71965342795278, -2]
208	[-59.71965342795278, -2]
208	[-59.71965342795278, -2]
208	[-59.71965342795278, -2]
208	[-59.71965342795278, -2]
208	[-59.71965342795278, -2]
208	[-59.71965342795278, -2]
208	[-59.71965342795278, -2]
208	[-59.71965342795278, -2]
208	[-59.71965342795278, -2]
208	[-59.71965342795278, -2]
208	[-59.71965342795278, -2]
208	[-59.71965342795278, -2]
208	[-59.71965342795278, -2]
208	[-59.71965342795278, -2]
208	[-59.71965342795278, -2]
208	[-59.71965342795278, -2]
208	[-59.71965342795278, -2]
208	[-59.71965342795278, -2]
208	[-59.71965342795278, -2]
208	[-59.71965342795278, -2]
208	[-59.71965342795278, -2]
208	[-59.71965342795278, -2]
208	[-59.71965342795278, -2]
208	[-59.71965342795278, -2]
208	[-59.71965342795278, -2]
209	[-59.796938190598226, 0]
209	[-59.71965342795278, -2]
209	[-59.71965342795278, -2]
209	[-59.71965342795278, -2]
209	[-59.71965342795278, -2]
209	[-59.71965342795278, -2]
209	[-59.71965342795278, -2]
209	[-59.71965342795278, -2]
209	[-59.71965342795278, -2]
209	[-59.71965342795278, -2]
209	[-59.71965342795278, -2]
209	[-59.71965342795278, -2]
209	[-59.71965342795278, -2]
209	[-59.71965342795278, -2]
209	[-59.71965342795278, -2]
209	[-59.71965342795278, -2]
209	[-59.71965342795278, -2]
209	[-59.71965342795278, -2]
209	[-59.71965342795278, -2]
209	[-59.71965342795278, -2]
209	[-59.71965342795278, -2]
209	[-59.71965342795278, -2]
209	[-59.71965342795278, -2]
209	[-59.71965342795278, -2]
209	[-59.71965342795278, -2]
209	[-59.71965342795278, -2]
209	[-59.71965342795278, -2]
209	[-59.71965342795278, -2]
209	[-59.71965342795278, -2]
209	[-59.71965342795278, -2]
209	[-59.71965342795278, -2]
209	[-59.71965342795278, -2]
209	[-59.71965342795278, -2]
209	[-59.71965342795278, -2]
209	[-59.71965342795278, -2]
209	[-59.71965342795278, -2]
209	[-59.71965342795278, -2]
209	[-59.71965342795278, -2]
209	[-59.71965342795278, -2]
209	[-59.71965342795278, -2]
209	[-59.71965342795278, -2]
209	[-59.71965342795278, -2]
209	[-59.71965342795278, -2]
209	[-59.71965342795278, -2]
209	[-59.71965342795278, -2]
209	[-59.71965342795278, -2]
209	[-59.71965342795278, -2]
209	[-59.71965342795278, -2]
209	[-59.71965342795278, -2]
209	[-59.71965342795278, -2]
209	[-59.71965342795278, -2]
209	[-59.71965342795278, -2]
209	[-59.71965342795278, -2]
209	[-59.71965342795278, -2]
209	[-59.71965342795278, -2]
209	[-59.71965342795278, -2]
209	[-59.71965342795278, -2]
209	[-59.71965342795278, -2]
209	[-59.71965342795278, -2]
209	[-59.71965342795278, -2]
209	[-59.71965342795278, -2]
209	[-59.71965342795278, -2]
209	[-59.71965342795278, -2]
209	[-59.71965342795278, -2]
209	[-59.71965342795278, -2]
209	[-59.71965342795278, -2]
209	[-59.71965342795278, -2]
209	[-59.71965342795278, -2]
209	[-59.71965342795278, -2]
209	[-59.71965342795278, -2]
209	[-59.71965342795278, -2]
209	[-59.71965342795278, -2]
209	[-59.71965342795278, -2]
209	[-59.71965342795278, -2]
209	[-59.71965342795278, -2]
209	[-59.71965342795278, -2]
209	[-59.71965342795278, -2]
209	[-59.71965342795278, -2]
209	[-59.71965342795278, -2]
209	[-59.71965342795278, -2]
210	[-59.796938190598226, 0]
210	[-59.71965342795278, -2]
210	[-59.71965342795278, -2]
210	[-59.71965342795278, -2]
210	[-59.71965342795278, -2]
210	[-59.71965342795278, -2]
210	[-59.71965342795278, -2]
210	[-59.71965342795278, -2]
210	[-59.71965342795278, -2]
210	[-59.71965342795278, -2]
210	[-59.71965342795278, -2]
210	[-59.71965342795278, -2]
210	[-59.71965342795278, -2]
210	[-59.71965342795278, -2]
210	[-59.71965342795278, -2]
210	[-59.71965342795278, -2]
210	[-59.71965342795278, -2]
210	[-59.71965342795278, -2]
210	[-59.71965342795278, -2]
210	[-59.71965342795278, -2]
210	[-59.71965342795278, -2]
210	[-59.71965342795278, -2]
210	[-59.71965342795278, -2]
210	[-59.71965342795278, -2]
210	[-59.71965342795278, -2]
210	[-59.71965342795278, -2]
210	[-59.71965342795278, -2]
210	[-59.71965342795278, -2]
210	[-59.71965342795278, -2]
210	[-59.71965342795278, -2]
210	[-59.71965342795278, -2]
210	[-59.71965342795278, -2]
210	[-59.71965342795278, -2]
210	[-59.71965342795278, -2]
210	[-59.71965342795278, -2]
210	[-59.71965342795278, -2]
210	[-59.71965342795278, -2]
210	[-59.71965342795278, -2]
210	[-59.71965342795278, -2]
210	[-59.71965342795278, -2]
210	[-59.71965342795278, -2]
210	[-59.71965342795278, -2]
210	[-59.71965342795278, -2]
210	[-59.71965342795278, -2]
210	[-59.71965342795278, -2]
210	[-59.71965342795278, -2]
210	[-59.71965342795278, -2]
210	[-59.71965342795278, -2]
210	[-59.71965342795278, -2]
210	[-59.71965342795278, -2]
210	[-59.71965342795278, -2]
210	[-59.71965342795278, -2]
210	[-59.71965342795278, -2]
210	[-59.71965342795278, -2]
210	[-59.71965342795278, -2]
210	[-59.71965342795278, -2]
210	[-59.71965342795278, -2]
210	[-59.71965342795278, -2]
210	[-59.71965342795278, -2]
210	[-59.71965342795278, -2]
210	[-59.71965342795278, -2]
210	[-59.71965342795278, -2]
210	[-59.71965342795278, -2]
210	[-59.71965342795278, -2]
210	[-59.71965342795278, -2]
210	[-59.71965342795278, -2]
210	[-59.71965342795278, -2]
210	[-59.71965342795278, -2]
210	[-59.71965342795278, -2]
210	[-59.71965342795278, -2]
210	[-59.71965342795278, -2]
210	[-59.71965342795278, -2]
210	[-59.71965342795278, -2]
210	[-59.71965342795278, -2]
210	[-59.71965342795278, -2]
210	[-59.71965342795278, -2]
210	[-59.71965342795278, -2]
210	[-59.71965342795278, -2]
210	[-59.71965342795278, -2]
210	[-59.71965342795278, -2]
211	[-59.796938190598226, 0]
211	[-59.71965342795278, -2]
211	[-59.71965342795278, -2]
211	[-59.71965342795278, -2]
211	[-59.71965342795278, -2]
211	[-59.71965342795278, -2]
211	[-59.71965342795278, -2]
211	[-59.71965342795278, -2]
211	[-59.71965342795278, -2]
211	[-59.71965342795278, -2]
211	[-59.71965342795278, -2]
211	[-59.71965342795278, -2]
211	[-59.71965342795278, -2]
211	[-59.71965342795278, -2]
211	[-59.71965342795278, -2]
211	[-59.71965342795278, -2]
211	[-59.71965342795278, -2]
211	[-59.71965342795278, -2]
211	[-59.71965342795278, -2]
211	[-59.71965342795278, -2]
211	[-59.71965342795278, -2]
211	[-59.71965342795278, -2]
211	[-59.71965342795278, -2]
211	[-59.71965342795278, -2]
211	[-59.71965342795278, -2]
211	[-59.71965342795278, -2]
211	[-59.71965342795278, -2]
211	[-59.71965342795278, -2]
211	[-59.71965342795278, -2]
211	[-59.71965342795278, -2]
211	[-59.71965342795278, -2]
211	[-59.71965342795278, -2]
211	[-59.71965342795278, -2]
211	[-59.71965342795278, -2]
211	[-59.71965342795278, -2]
211	[-59.71965342795278, -2]
211	[-59.71965342795278, -2]
211	[-59.71965342795278, -2]
211	[-59.71965342795278, -2]
211	[-59.71965342795278, -2]
211	[-59.71965342795278, -2]
211	[-59.71965342795278, -2]
211	[-59.71965342795278, -2]
211	[-59.71965342795278, -2]
211	[-59.71965342795278, -2]
211	[-59.71965342795278, -2]
211	[-59.71965342795278, -2]
211	[-59.71965342795278, -2]
211	[-59.71965342795278, -2]
211	[-59.71965342795278, -2]
211	[-59.71965342795278, -2]
211	[-59.71965342795278, -2]
211	[-59.71965342795278, -2]
211	[-59.71965342795278, -2]
211	[-59.71965342795278, -2]
211	[-59.71965342795278, -2]
211	[-59.71965342795278, -2]
211	[-59.71965342795278, -2]
211	[-59.71965342795278, -2]
211	[-59.71965342795278, -2]
211	[-59.71965342795278, -2]
211	[-59.71965342795278, -2]
211	[-59.71965342795278, -2]
211	[-59.71965342795278, -2]
211	[-59.71965342795278, -2]
211	[-59.71965342795278, -2]
211	[-59.71965342795278, -2]
211	[-59.71965342795278, -2]
211	[-59.71965342795278, -2]
211	[-59.71965342795278, -2]
211	[-59.71965342795278, -2]
211	[-59.71965342795278, -2]
211	[-59.71965342795278, -2]
211	[-59.71965342795278, -2]
211	[-59.71965342795278, -2]
211	[-59.71965342795278, -2]
211	[-59.71965342795278, -2]
211	[-59.71965342795278, -2]
211	[-59.71965342795278, -2]
211	[-59.71965342795278, -2]
212	[-59.796938190598226, 0]
212	[-59.71965342795278, -2]
212	[-59.71965342795278, -2]
212	[-59.71965342795278, -2]
212	[-59.71965342795278, -2]
212	[-59.71965342795278, -2]
212	[-59.71965342795278, -2]
212	[-59.71965342795278, -2]
212	[-59.71965342795278, -2]
212	[-59.71965342795278, -2]
212	[-59.71965342795278, -2]
212	[-59.71965342795278, -2]
212	[-59.71965342795278, -2]
212	[-59.71965342795278, -2]
212	[-59.71965342795278, -2]
212	[-59.71965342795278, -2]
212	[-59.71965342795278, -2]
212	[-59.71965342795278, -2]
212	[-59.71965342795278, -2]
212	[-59.71965342795278, -2]
212	[-59.71965342795278, -2]
212	[-59.71965342795278, -2]
212	[-59.71965342795278, -2]
212	[-59.71965342795278, -2]
212	[-59.71965342795278, -2]
212	[-59.71965342795278, -2]
212	[-59.71965342795278, -2]
212	[-59.71965342795278, -2]
212	[-59.71965342795278, -2]
212	[-59.71965342795278, -2]
212	[-59.71965342795278, -2]
212	[-59.71965342795278, -2]
212	[-59.71965342795278, -2]
212	[-59.71965342795278, -2]
212	[-59.71965342795278, -2]
212	[-59.71965342795278, -2]
212	[-59.71965342795278, -2]
212	[-59.71965342795278, -2]
212	[-59.71965342795278, -2]
212	[-59.71965342795278, -2]
212	[-59.71965342795278, -2]
212	[-59.71965342795278, -2]
212	[-59.71965342795278, -2]
212	[-59.71965342795278, -2]
212	[-59.71965342795278, -2]
212	[-59.71965342795278, -2]
212	[-59.71965342795278, -2]
212	[-59.71965342795278, -2]
212	[-59.71965342795278, -2]
212	[-59.71965342795278, -2]
212	[-59.71965342795278, -2]
212	[-59.71965342795278, -2]
212	[-59.71965342795278, -2]
212	[-59.71965342795278, -2]
212	[-59.71965342795278, -2]
212	[-59.71965342795278, -2]
212	[-59.71965342795278, -2]
212	[-59.71965342795278, -2]
212	[-59.71965342795278, -2]
212	[-59.71965342795278, -2]
212	[-59.71965342795278, -2]
212	[-59.71965342795278, -2]
212	[-59.71965342795278, -2]
212	[-59.71965342795278, -2]
212	[-59.71965342795278, -2]
212	[-59.71965342795278, -2]
212	[-59.71965342795278, -2]
212	[-59.71965342795278, -2]
212	[-59.71965342795278, -2]
212	[-59.71965342795278, -2]
212	[-59.71965342795278, -2]
212	[-59.71965342795278, -2]
212	[-59.71965342795278, -2]
212	[-59.71965342795278, -2]
212	[-59.71965342795278, -2]
212	[-59.71965342795278, -2]
212	[-59.71965342795278, -2]
212	[-59.71965342795278, -2]
212	[-59.71965342795278, -2]
212	[-59.71965342795278, -2]
213	[-59.796938190598226, 0]
213	[-59.796938190598226, 0]
213	[-59.71965342795278, -2]
213	[-59.71965342795278, -2]
213	[-59.71965342795278, -2]
213	[-59.71965342795278, -2]
213	[-59.71965342795278, -2]
213	[-59.71965342795278, -2]
213	[-59.71965342795278, -2]
213	[-59.71965342795278, -2]
213	[-59.71965342795278, -2]
213	[-59.71965342795278, -2]
213	[-59.71965342795278, -2]
213	[-59.71965342795278, -2]
213	[-59.71965342795278, -2]
213	[-59.71965342795278, -2]
213	[-59.71965342795278, -2]
213	[-59.71965342795278, -2]
213	[-59.71965342795278, -2]
213	[-59.71965342795278, -2]
213	[-59.71965342795278, -2]
213	[-59.71965342795278, -2]
213	[-59.71965342795278, -2]
213	[-59.71965342795278, -2]
213	[-59.71965342795278, -2]
213	[-59.71965342795278, -2]
213	[-59.71965342795278, -2]
213	[-59.71965342795278, -2]
213	[-59.71965342795278, -2]
213	[-59.71965342795278, -2]
213	[-59.71965342795278, -2]
213	[-59.71965342795278, -2]
213	[-59.71965342795278, -2]
213	[-59.71965342795278, -2]
213	[-59.71965342795278, -2]
213	[-59.71965342795278, -2]
213	[-59.71965342795278, -2]
213	[-59.71965342795278, -2]
213	[-59.71965342795278, -2]
213	[-59.71965342795278, -2]
213	[-59.71965342795278, -2]
213	[-59.71965342795278, -2]
213	[-59.71965342795278, -2]
213	[-59.71965342795278, -2]
213	[-59.71965342795278, -2]
213	[-59.71965342795278, -2]
213	[-59.71965342795278, -2]
213	[-59.71965342795278, -2]
213	[-59.71965342795278, -2]
213	[-59.71965342795278, -2]
213	[-59.71965342795278, -2]
213	[-59.71965342795278, -2]
213	[-59.71965342795278, -2]
213	[-59.71965342795278, -2]
213	[-59.71965342795278, -2]
213	[-59.71965342795278, -2]
213	[-59.71965342795278, -2]
213	[-59.71965342795278, -2]
213	[-59.71965342795278, -2]
213	[-59.71965342795278, -2]
213	[-59.71965342795278, -2]
213	[-59.71965342795278, -2]
213	[-59.71965342795278, -2]
213	[-59.71965342795278, -2]
213	[-59.71965342795278, -2]
213	[-59.71965342795278, -2]
213	[-59.71965342795278, -2]
213	[-59.71965342795278, -2]
213	[-59.71965342795278, -2]
213	[-59.71965342795278, -2]
213	[-59.71965342795278, -2]
213	[-59.71965342795278, -2]
213	[-59.71965342795278, -2]
213	[-59.71965342795278, -2]
213	[-59.71965342795278, -2]
213	[-59.71965342795278, -2]
213	[-59.71965342795278, -2]
213	[-59.71965342795278, -2]
213	[-59.71965342795278, -2]
213	[-59.71965342795278, -2]
214	[-59.796938190598226, 0]
214	[-59.796938190598226, 0]
214	[-59.796938190598226, 0]
214	[-59.796938190598226, 0]
214	[-59.71965342795278, -2]
214	[-59.71965342795278, -2]
214	[-59.71965342795278, -2]
214	[-59.71965342795278, -2]
214	[-59.71965342795278, -2]
214	[-59.71965342795278, -2]
214	[-59.71965342795278, -2]
214	[-59.71965342795278, -2]
214	[-59.71965342795278, -2]
214	[-59.71965342795278, -2]
214	[-59.71965342795278, -2]
214	[-59.71965342795278, -2]
214	[-59.71965342795278, -2]
214	[-59.71965342795278, -2]
214	[-59.71965342795278, -2]
214	[-59.71965342795278, -2]
214	[-59.71965342795278, -2]
214	[-59.71965342795278, -2]
214	[-59.71965342795278, -2]
214	[-59.71965342795278, -2]
214	[-59.71965342795278, -2]
214	[-59.71965342795278, -2]
214	[-59.71965342795278, -2]
214	[-59.71965342795278, -2]
214	[-59.71965342795278, -2]
214	[-59.71965342795278, -2]
214	[-59.71965342795278, -2]
214	[-59.71965342795278, -2]
214	[-59.71965342795278, -2]
214	[-59.71965342795278, -2]
214	[-59.71965342795278, -2]
214	[-59.71965342795278, -2]
214	[-59.71965342795278, -2]
214	[-59.71965342795278, -2]
214	[-59.71965342795278, -2]
214	[-59.71965342795278, -2]
214	[-59.71965342795278, -2]
214	[-59.71965342795278, -2]
214	[-59.71965342795278, -2]
214	[-59.71965342795278, -2]
214	[-59.71965342795278, -2]
214	[-59.71965342795278, -2]
214	[-59.71965342795278, -2]
214	[-59.71965342795278, -2]
214	[-59.71965342795278, -2]
214	[-59.71965342795278, -2]
214	[-59.71965342795278, -2]
214	[-59.71965342795278, -2]
214	[-59.71965342795278, -2]
214	[-59.71965342795278, -2]
214	[-59.71965342795278, -2]
214	[-59.71965342795278, -2]
214	[-59.71965342795278, -2]
214	[-59.71965342795278, -2]
214	[-59.71965342795278, -2]
214	[-59.71965342795278, -2]
214	[-59.71965342795278, -2]
214	[-59.71965342795278, -2]
214	[-59.71965342795278, -2]
214	[-59.71965342795278, -2]
214	[-59.71965342795278, -2]
214	[-59.71965342795278, -2]
214	[-59.71965342795278, -2]
214	[-59.71965342795278, -2]
214	[-59.71965342795278, -2]
214	[-59.71965342795278, -2]
214	[-59.71965342795278, -2]
214	[-59.71965342795278, -2]
214	[-59.71965342795278, -2]
214	[-59.71965342795278, -2]
214	[-59.71965342795278, -2]
214	[-59.71965342795278, -2]
214	[-59.71965342795278, -2]
214	[-59.71965342795278, -2]
214	[-59.71965342795278, -2]
214	[-59.71965342795278, -2]
215	[-59.796938190598226, 0]
215	[-59.796938190598226, 0]
215	[-59.796938190598226, 0]
215	[-59.796938190598226, 0]
215	[-59.796938190598226, 0]
215	[-59.796938190598226, 0]
215	[-59.796938190598226, 0]
215	[-59.796938190598226, 0]
215	[-59.71965342795278, -2]
215	[-59.71965342795278, -2]
215	[-59.71965342795278, -2]
215	[-59.71965342795278, -2]
215	[-59.71965342795278, -2]
215	[-59.71965342795278, -2]
215	[-59.71965342795278, -2]
215	[-59.71965342795278, -2]
215	[-59.71965342795278, -2]
215	[-59.71965342795278, -2]
215	[-59.71965342795278, -2]
215	[-59.71965342795278, -2]
215	[-59.71965342795278, -2]
215	[-59.71965342795278, -2]
215	[-59.71965342795278, -2]
215	[-59.71965342795278, -2]
215	[-59.71965342795278, -2]
215	[-59.71965342795278, -2]
215	[-59.71965342795278, -2]
215	[-59.71965342795278, -2]
215	[-59.71965342795278, -2]
215	[-59.71965342795278, -2]
215	[-59.71965342795278, -2]
215	[-59.71965342795278, -2]
215	[-59.71965342795278, -2]
215	[-59.71965342795278, -2]
215	[-59.71965342795278, -2]
215	[-59.71965342795278, -2]
215	[-59.71965342795278, -2]
215	[-59.71965342795278, -2]
215	[-59.71965342795278, -2]
215	[-59.71965342795278, -2]
215	[-59.71965342795278, -2]
215	[-59.71965342795278, -2]
215	[-59.71965342795278, -2]
215	[-59.71965342795278, -2]
215	[-59.71965342795278, -2]
215	[-59.71965342795278, -2]
215	[-59.71965342795278, -2]
215	[-59.71965342795278, -2]
215	[-59.71965342795278, -2]
215	[-59.71965342795278, -2]
215	[-59.71965342795278, -2]
215	[-59.71965342795278, -2]
215	[-59.71965342795278, -2]
215	[-59.71965342795278, -2]
215	[-59.71965342795278, -2]
215	[-59.71965342795278, -2]
215	[-59.71965342795278, -2]
215	[-59.71965342795278, -2]
215	[-59.71965342795278, -2]
215	[-59.71965342795278, -2]
215	[-59.71965342795278, -2]
215	[-59.71965342795278, -2]
215	[-59.71965342795278, -2]
215	[-59.71965342795278, -2]
215	[-59.71965342795278, -2]
215	[-59.71965342795278, -2]
215	[-59.71965342795278, -2]
215	[-59.71965342795278, -2]
215	[-59.71965342795278, -2]
215	[-59.71965342795278, -2]
215	[-59.71965342795278, -2]
215	[-59.71965342795278, -2]
215	[-59.71965342795278, -2]
215	[-59.71965342795278, -2]
215	[-59.71965342795278, -2]
215	[-59.71965342795278, -2]
215	[-59.71965342795278, -2]
215	[-59.71965342795278, -2]
215	[-59.71965342795278, -2]
215	[-59.71965342795278, -2]
216	[-59.796938190598226, 0]
216	[-59.796938190598226, 0]
216	[-59.796938190598226, 0]
216	[-59.796938190598226, 0]
216	[-59.796938190598226, 0]
216	[-59.796938190598226, 0]
216	[-59.796938190598226, 0]
216	[-59.796938190598226, 0]
216	[-59.796938190598226, 0]
216	[-59.796938190598226, 0]
216	[-59.796938190598226, 0]
216	[-59.796938190598226, 0]
216	[-59.796938190598226, 0]
216	[-59.71965342795278, -2]
216	[-59.71965342795278, -2]
216	[-59.71965342795278, -2]
216	[-59.71965342795278, -2]
216	[-59.71965342795278, -2]
216	[-59.71965342795278, -2]
216	[-59.71965342795278, -2]
216	[-59.71965342795278, -2]
216	[-59.71965342795278, -2]
216	[-59.71965342795278, -2]
216	[-59.71965342795278, -2]
216	[-59.71965342795278, -2]
216	[-59.71965342795278, -2]
216	[-59.71965342795278, -2]
216	[-59.71965342795278, -2]
216	[-59.71965342795278, -2]
216	[-59.71965342795278, -2]
216	[-59.71965342795278, -2]
216	[-59.71965342795278, -2]
216	[-59.71965342795278, -2]
216	[-59.71965342795278, -2]
216	[-59.71965342795278, -2]
216	[-59.71965342795278, -2]
216	[-59.71965342795278, -2]
216	[-59.71965342795278, -2]
216	[-59.71965342795278, -2]
216	[-59.71965342795278, -2]
216	[-59.71965342795278, -2]
216	[-59.71965342795278, -2]
216	[-59.71965342795278, -2]
216	[-59.71965342795278, -2]
216	[-59.71965342795278, -2]
216	[-59.71965342795278, -2]
216	[-59.71965342795278, -2]
216	[-59.71965342795278, -2]
216	[-59.71965342795278, -2]
216	[-59.71965342795278, -2]
216	[-59.71965342795278, -2]
216	[-59.71965342795278, -2]
216	[-59.71965342795278, -2]
216	[-59.71965342795278, -2]
216	[-59.71965342795278, -2]
216	[-59.71965342795278, -2]
216	[-59.71965342795278, -2]
216	[-59.71965342795278, -2]
216	[-59.71965342795278, -2]
216	[-59.71965342795278, -2]
216	[-59.71965342795278, -2]
216	[-59.71965342795278, -2]
216	[-59.71965342795278, -2]
216	[-59.71965342795278, -2]
216	[-59.71965342795278, -2]
216	[-59.71965342795278, -2]
216	[-59.71965342795278, -2]
216	[-59.71965342795278, -2]
216	[-59.71965342795278, -2]
216	[-59.71965342795278, -2]
216	[-59.71965342795278, -2]
216	[-59.71965342795278, -2]
216	[-59.71965342795278, -2]
216	[-59.71965342795278, -2]
216	[-59.71965342795278, -2]
216	[-59.71965342795278, -2]
216	[-59.71965342795278, -2]
216	[-59.71965342795278, -2]
216	[-59.71965342795278, -2]
216	[-59.71965342795278, -2]
217	[-59.796938190598226, 0]
217	[-59.796938190598226, 0]
217	[-59.796938190598226, 0]
217	[-59.796938190598226, 0]
217	[-59.796938190598226, 0]
217	[-59.796938190598226, 0]
217	[-59.796938190598226, 0]
217	[-59.796938190598226, 0]
217	[-59.796938190598226, 0]
217	[-59.796938190598226, 0]
217	[-59.796938190598226, 0]
217	[-59.796938190598226, 0]
217	[-59.796938190598226, 0]
217	[-59.796938190598226, 0]
217	[-59.796938190598226, 0]
217	[-59.796938190598226, 0]
217	[-59.71965342795278, -2]
217	[-59.71965342795278, -2]
217	[-59.71965342795278, -2]
217	[-59.71965342795278, -2]
217	[-59.71965342795278, -2]
217	[-59.71965342795278, -2]
217	[-59.71965342795278, -2]
217	[-59.71965342795278, -2]
217	[-59.71965342795278, -2]
217	[-59.71965342795278, -2]
217	[-59.71965342795278, -2]
217	[-59.71965342795278, -2]
217	[-59.71965342795278, -2]
217	[-59.71965342795278, -2]
217	[-59.71965342795278, -2]
217	[-59.71965342795278, -2]
217	[-59.71965342795278, -2]
217	[-59.71965342795278, -2]
217	[-59.71965342795278, -2]
217	[-59.71965342795278, -2]
217	[-59.71965342795278, -2]
217	[-59.71965342795278, -2]
217	[-59.71965342795278, -2]
217	[-59.71965342795278, -2]
217	[-59.71965342795278, -2]
217	[-59.71965342795278, -2]
217	[-59.71965342795278, -2]
217	[-59.71965342795278, -2]
217	[-59.71965342795278, -2]
217	[-59.71965342795278, -2]
217	[-59.71965342795278, -2]
217	[-59.71965342795278, -2]
217	[-59.71965342795278, -2]
217	[-59.71965342795278, -2]
217	[-59.71965342795278, -2]
217	[-59.71965342795278, -2]
217	[-59.71965342795278, -2]
217	[-59.71965342795278, -2]
217	[-59.71965342795278, -2]
217	[-59.71965342795278, -2]
217	[-59.71965342795278, -2]
217	[-59.71965342795278, -2]
217	[-59.71965342795278, -2]
217	[-59.71965342795278, -2]
217	[-59.71965342795278, -2]
217	[-59.71965342795278, -2]
217	[-59.71965342795278, -2]
217	[-59.71965342795278, -2]
217	[-59.71965342795278, -2]
217	[-59.71965342795278, -2]
217	[-59.71965342795278, -2]
217	[-59.71965342795278, -2]
217	[-59.71965342795278, -2]
217	[-59.71965342795278, -2]
217	[-59.71965342795278, -2]
217	[-59.71965342795278, -2]
217	[-59.71965342795278, -2]
217	[-59.71965342795278, -2]
217	[-59.71965342795278, -2]
217	[-59.71965342795278, -2]
217	[-59.71965342795278, -2]
217	[-59.71965342795278, -2]
217	[-59.71965342795278, -2]
217	[-59.71965342795278, -2]
218	[-59.796938190598226, 0]
218	[-59.796938190598226, 0]
218	[-59.796938190598226, 0]
218	[-59.796938190598226, 0]
218	[-59.796938190598226, 0]
218	[-59.796938190598226, 0]
218	[-59.796938190598226, 0]
218	[-59.796938190598226, 0]
218	[-59.796938190598226, 0]
218	[-59.796938190598226, 0]
218	[-59.796938190598226, 0]
218	[-59.796938190598226, 0]
218	[-59.796938190598226, 0]
218	[-59.796938190598226, 0]
218	[-59.796938190598226, 0]
218	[-59.796938190598226, 0]
218	[-59.796938190598226, 0]
218	[-59.71965342795278, -2]
218	[-59.71965342795278, -2]
218	[-59.71965342795278, -2]
218	[-59.71965342795278, -2]
218	[-59.71965342795278, -2]
218	[-59.71965342795278, -2]
218	[-59.71965342795278, -2]
218	[-59.71965342795278, -2]
218	[-59.71965342795278, -2]
218	[-59.71965342795278, -2]
218	[-59.71965342795278, -2]
218	[-59.71965342795278, -2]
218	[-59.71965342795278, -2]
218	[-59.71965342795278, -2]
218	[-59.71965342795278, -2]
218	[-59.71965342795278, -2]
218	[-59.71965342795278, -2]
218	[-59.71965342795278, -2]
218	[-59.71965342795278, -2]
218	[-59.71965342795278, -2]
218	[-59.71965342795278, -2]
218	[-59.71965342795278, -2]
218	[-59.71965342795278, -2]
218	[-59.71965342795278, -2]
218	[-59.71965342795278, -2]
218	[-59.71965342795278, -2]
218	[-59.71965342795278, -2]
218	[-59.71965342795278, -2]
218	[-59.71965342795278, -2]
218	[-59.71965342795278, -2]
218	[-59.71965342795278, -2]
218	[-59.71965342795278, -2]
218	[-59.71965342795278, -2]
218	[-59.71965342795278, -2]
218	[-59.71965342795278, -2]
218	[-59.71965342795278, -2]
218	[-59.71965342795278, -2]
218	[-59.71965342795278, -2]
218	[-59.71965342795278, -2]
218	[-59.71965342795278, -2]
218	[-59.71965342795278, -2]
218	[-59.71965342795278, -2]
218	[-59.71965342795278, -2]
218	[-59.71965342795278, -2]
218	[-59.71965342795278, -2]
218	[-59.71965342795278, -2]
218	[-59.71965342795278, -2]
218	[-59.71965342795278, -2]
218	[-59.71965342795278, -2]
218	[-59.71965342795278, -2]
218	[-59.71965342795278, -2]
218	[-59.71965342795278, -2]
218	[-59.71965342795278, -2]
218	[-59.71965342795278, -2]
218	[-59.71965342795278, -2]
218	[-59.71965342795278, -2]
218	[-59.71965342795278, -2]
218	[-59.71965342795278, -2]
218	[-59.71965342795278, -2]
218	[-59.71965342795278, -2]
218	[-59.71965342795278, -2]
218	[-59.71965342795278, -2]
218	[-59.71965342795278, -2]
219	[-59.796938190598226, 0]
219	[-59.796938190598226, 0]
219	[-59.796938190598226, 0]
219	[-59.796938190598226, 0]
219	[-59.796938190598226, 0]
219	[-59.796938190598226, 0]
219	[-59.796938190598226, 0]
219	[-59.796938190598226, 0]
219	[-59.796938190598226, 0]
219	[-59.796938190598226, 0]
219	[-59.796938190598226, 0]
219	[-59.796938190598226, 0]
219	[-59.796938190598226, 0]
219	[-59.796938190598226, 0]
219	[-59.796938190598226, 0]
219	[-59.796938190598226, 0]
219	[-59.796938190598226, 0]
219	[-59.796938190598226, 0]
219	[-59.796938190598226, 0]
219	[-59.796938190598226, 0]
219	[-59.796938190598226, 0]
219	[-59.71965342795278, -2]
219	[-59.71965342795278, -2]
219	[-59.71965342795278, -2]
219	[-59.71965342795278, -2]
219	[-59.71965342795278, -2]
219	[-59.71965342795278, -2]
219	[-59.71965342795278, -2]
219	[-59.71965342795278, -2]
219	[-59.71965342795278, -2]
219	[-59.71965342795278, -2]
219	[-59.71965342795278, -2]
219	[-59.71965342795278, -2]
219	[-59.71965342795278, -2]
219	[-59.71965342795278, -2]
219	[-59.71965342795278, -2]
219	[-59.71965342795278, -2]
219	[-59.71965342795278, -2]
219	[-59.71965342795278, -2]
219	[-59.71965342795278, -2]
219	[-59.71965342795278, -2]
219	[-59.71965342795278, -2]
219	[-59.71965342795278, -2]
219	[-59.71965342795278, -2]
219	[-59.71965342795278, -2]
219	[-59.71965342795278, -2]
219	[-59.71965342795278, -2]
219	[-59.71965342795278, -2]
219	[-59.71965342795278, -2]
219	[-59.71965342795278, -2]
219	[-59.71965342795278, -2]
219	[-59.71965342795278, -2]
219	[-59.71965342795278, -2]
219	[-59.71965342795278, -2]
219	[-59.71965342795278, -2]
219	[-59.71965342795278, -2]
219	[-59.71965342795278, -2]
219	[-59.71965342795278, -2]
219	[-59.71965342795278, -2]
219	[-59.71965342795278, -2]
219	[-59.71965342795278, -2]
219	[-59.71965342795278, -2]
219	[-59.71965342795278, -2]
219	[-59.71965342795278, -2]
219	[-59.71965342795278, -2]
219	[-59.71965342795278, -2]
219	[-59.71965342795278, -2]
219	[-59.71965342795278, -2]
219	[-59.71965342795278, -2]
219	[-59.71965342795278, -2]
219	[-59.71965342795278, -2]
219	[-59.71965342795278, -2]
219	[-59.71965342795278, -2]
219	[-59.71965342795278, -2]
219	[-59.71965342795278, -2]
219	[-59.71965342795278, -2]
219	[-59.71965342795278, -2]
219	[-59.71965342795278, -2]
219	[-59.71965342795278, -2]
219	[-59.71965342795278, -2]
220	[-59.796938190598226, 0]
220	[-59.796938190598226, 0]
220	[-59.796938190598226, 0]
220	[-59.796938190598226, 0]
220	[-59.796938190598226, 0]
220	[-59.796938190598226, 0]
220	[-59.796938190598226, 0]
220	[-59.796938190598226, 0]
220	[-59.796938190598226, 0]
220	[-59.796938190598226, 0]
220	[-59.796938190598226, 0]
220	[-59.796938190598226, 0]
220	[-59.796938190598226, 0]
220	[-59.796938190598226, 0]
220	[-59.796938190598226, 0]
220	[-59.796938190598226, 0]
220	[-59.796938190598226, 0]
220	[-59.796938190598226, 0]
220	[-59.796938190598226, 0]
220	[-59.796938190598226, 0]
220	[-59.796938190598226, 0]
220	[-59.796938190598226, 0]
220	[-59.796938190598226, 0]
220	[-59.796938190598226, 0]
220	[-59.71965342795278, -2]
220	[-59.71965342795278, -2]
220	[-59.71965342795278, -2]
220	[-59.71965342795278, -2]
220	[-59.71965342795278, -2]
220	[-59.71965342795278, -2]
220	[-59.71965342795278, -2]
220	[-59.71965342795278, -2]
220	[-59.71965342795278, -2]
220	[-59.71965342795278, -2]
220	[-59.71965342795278, -2]
220	[-59.71965342795278, -2]
220	[-59.71965342795278, -2]
220	[-59.71965342795278, -2]
220	[-59.71965342795278, -2]
220	[-59.71965342795278, -2]
220	[-59.71965342795278, -2]
220	[-59.71965342795278, -2]
220	[-59.71965342795278, -2]
220	[-59.71965342795278, -2]
220	[-59.71965342795278, -2]
220	[-59.71965342795278, -2]
220	[-59.71965342795278, -2]
220	[-59.71965342795278, -2]
220	[-59.71965342795278, -2]
220	[-59.71965342795278, -2]
220	[-59.71965342795278, -2]
220	[-59.71965342795278, -2]
220	[-59.71965342795278, -2]
220	[-59.71965342795278, -2]
220	[-59.71965342795278, -2]
220	[-59.71965342795278, -2]
220	[-59.71965342795278, -2]
220	[-59.71965342795278, -2]
220	[-59.71965342795278, -2]
220	[-59.71965342795278, -2]
220	[-59.71965342795278, -2]
220	[-59.71965342795278, -2]
220	[-59.71965342795278, -2]
220	[-59.71965342795278, -2]
220	[-59.71965342795278, -2]
220	[-59.71965342795278, -2]
220	[-59.71965342795278, -2]
220	[-59.71965342795278, -2]
220	[-59.71965342795278, -2]
220	[-59.71965342795278, -2]
220	[-59.71965342795278, -2]
220	[-59.71965342795278, -2]
220	[-59.71965342795278, -2]
220	[-59.71965342795278, -2]
220	[-59.71965342795278, -2]
220	[-59.71965342795278, -2]
220	[-59.71965342795278, -2]
220	[-59.71965342795278, -2]
220	[-59.71965342795278, -2]
220	[-59.71965342795278, -2]
221	[-59.796938190598226, 0]
221	[-59.796938190598226, 0]
221	[-59.796938190598226, 0]
221	[-59.796938190598226, 0]
221	[-59.796938190598226, 0]
221	[-59.796938190598226, 0]
221	[-59.796938190598226, 0]
221	[-59.796938190598226, 0]
221	[-59.796938190598226, 0]
221	[-59.796938190598226, 0]
221	[-59.796938190598226, 0]
221	[-59.796938190598226, 0]
221	[-59.796938190598226, 0]
221	[-59.796938190598226, 0]
221	[-59.796938190598226, 0]
221	[-59.796938190598226, 0]
221	[-59.796938190598226, 0]
221	[-59.796938190598226, 0]
221	[-59.796938190598226, 0]
221	[-59.796938190598226, 0]
221	[-59.796938190598226, 0]
221	[-59.796938190598226, 0]
221	[-59.796938190598226, 0]
221	[-59.796938190598226, 0]
221	[-59.796938190598226, 0]
221	[-59.796938190598226, 0]
221	[-59.796938190598226, 0]
221	[-59.796938190598226, 0]
221	[-59.796938190598226, 0]
221	[-59.796938190598226, 0]
221	[-59.796938190598226, 0]
221	[-59.71965342795278, -2]
221	[-59.71965342795278, -2]
221	[-59.71965342795278, -2]
221	[-59.71965342795278, -2]
221	[-59.71965342795278, -2]
221	[-59.71965342795278, -2]
221	[-59.71965342795278, -2]
221	[-59.71965342795278, -2]
221	[-59.71965342795278, -2]
221	[-59.71965342795278, -2]
221	[-59.71965342795278, -2]
221	[-59.71965342795278, -2]
221	[-59.71965342795278, -2]
221	[-59.71965342795278, -2]
221	[-59.71965342795278, -2]
221	[-59.71965342795278, -2]
221	[-59.71965342795278, -2]
221	[-59.71965342795278, -2]
221	[-59.71965342795278, -2]
221	[-59.71965342795278, -2]
221	[-59.71965342795278, -2]
221	[-59.71965342795278, -2]
221	[-59.71965342795278, -2]
221	[-59.71965342795278, -2]
221	[-59.71965342795278, -2]
221	[-59.71965342795278, -2]
221	[-59.71965342795278, -2]
221	[-59.71965342795278, -2]
221	[-59.71965342795278, -2]
221	[-59.71965342795278, -2]
221	[-59.71965342795278, -2]
221	[-59.71965342795278, -2]
221	[-59.71965342795278, -2]
221	[-59.71965342795278, -2]
221	[-59.71965342795278, -2]
221	[-59.71965342795278, -2]
221	[-59.71965342795278, -2]
221	[-59.71965342795278, -2]
221	[-59.71965342795278, -2]
221	[-59.71965342795278, -2]
221	[-59.71965342795278, -2]
221	[-59.71965342795278, -2]
221	[-59.71965342795278, -2]
221	[-59.71965342795278, -2]
221	[-59.71965342795278, -2]
221	[-59.71965342795278, -2]
221	[-59.71965342795278, -2]
221	[-59.71965342795278, -2]
221	[-59.71965342795278, -2]
222	[-59.796938190598226, 0]
222	[-59.796938190598226, 0]
222	[-59.796938190598226, 0]
222	[-59.796938190598226, 0]
222	[-59.796938190598226, 0]
222	[-59.796938190598226, 0]
222	[-59.796938190598226, 0]
222	[-59.796938190598226, 0]
222	[-59.796938190598226, 0]
222	[-59.796938190598226, 0]
222	[-59.796938190598226, 0]
222	[-59.796938190598226, 0]
222	[-59.796938190598226, 0]
222	[-59.796938190598226, 0]
222	[-59.796938190598226, 0]
222	[-59.796938190598226, 0]
222	[-59.796938190598226, 0]
222	[-59.796938190598226, 0]
222	[-59.796938190598226, 0]
222	[-59.796938190598226, 0]
222	[-59.796938190598226, 0]
222	[-59.796938190598226, 0]
222	[-59.796938190598226, 0]
222	[-59.796938190598226, 0]
222	[-59.796938190598226, 0]
222	[-59.796938190598226, 0]
222	[-59.796938190598226, 0]
222	[-59.796938190598226, 0]
222	[-59.796938190598226, 0]
222	[-59.796938190598226, 0]
222	[-59.71965342795278, -2]
222	[-59.71965342795278, -2]
222	[-59.71965342795278, -2]
222	[-59.71965342795278, -2]
222	[-59.71965342795278, -2]
222	[-59.71965342795278, -2]
222	[-59.71965342795278, -2]
222	[-59.71965342795278, -2]
222	[-59.71965342795278, -2]
222	[-59.71965342795278, -2]
222	[-59.71965342795278, -2]
222	[-59.71965342795278, -2]
222	[-59.71965342795278, -2]
222	[-59.71965342795278, -2]
222	[-59.71965342795278, -2]
222	[-59.71965342795278, -2]
222	[-59.71965342795278, -2]
222	[-59.71965342795278, -2]
222	[-59.71965342795278, -2]
222	[-59.71965342795278, -2]
222	[-59.71965342795278, -2]
222	[-59.71965342795278, -2]
222	[-59.71965342795278, -2]
222	[-59.71965342795278, -2]
222	[-59.71965342795278, -2]
222	[-59.71965342795278, -2]
222	[-59.71965342795278, -2]
222	[-59.71965342795278, -2]
222	[-59.71965342795278, -2]
222	[-59.71965342795278, -2]
222	[-59.71965342795278, -2]
222	[-59.71965342795278, -2]
222	[-59.71965342795278, -2]
222	[-59.71965342795278, -2]
222	[-59.71965342795278, -2]
222	[-59.71965342795278, -2]
222	[-59.71965342795278, -2]
222	[-59.71965342795278, -2]
222	[-59.71965342795278, -2]
222	[-59.71965342795278, -2]
222	[-59.71965342795278, -2]
222	[-59.71965342795278, -2]
222	[-59.71965342795278, -2]
222	[-59.71965342795278, -2]
222	[-59.71965342795278, -2]
222	[-59.71965342795278, -2]
222	[-59.71965342795278, -2]
222	[-59.71965342795278, -2]
222	[-59.71965342795278, -2]
222	[-59.71965342795278, -2]
223	[-59.796938190598226, 0]
223	[-59.796938190598226, 0]
223	[-59.796938190598226, 0]
223	[-59.796938190598226, 0]
223	[-59.796938190598226, 0]
223	[-59.796938190598226, 0]
223	[-59.796938190598226, 0]
223	[-59.796938190598226, 0]
223	[-59.796938190598226, 0]
223	[-59.796938190598226, 0]
223	[-59.796938190598226, 0]
223	[-59.796938190598226, 0]
223	[-59.796938190598226, 0]
223	[-59.796938190598226, 0]
223	[-59.796938190598226, 0]
223	[-59.796938190598226, 0]
223	[-59.796938190598226, 0]
223	[-59.796938190598226, 0]
223	[-59.796938190598226, 0]
223	[-59.796938190598226, 0]
223	[-59.796938190598226, 0]
223	[-59.796938190598226, 0]
223	[-59.796938190598226, 0]
223	[-59.796938190598226, 0]
223	[-59.796938190598226, 0]
223	[-59.796938190598226, 0]
223	[-59.796938190598226, 0]
223	[-59.796938190598226, 0]
223	[-59.71965342795278, -2]
223	[-59.71965342795278, -2]
223	[-59.71965342795278, -2]
223	[-59.71965342795278, -2]
223	[-59.71965342795278, -2]
223	[-59.71965342795278, -2]
223	[-59.71965342795278, -2]
223	[-59.71965342795278, -2]
223	[-59.71965342795278, -2]
223	[-59.71965342795278, -2]
223	[-59.71965342795278, -2]
223	[-59.71965342795278, -2]
223	[-59.71965342795278, -2]
223	[-59.71965342795278, -2]
223	[-59.71965342795278, -2]
223	[-59.71965342795278, -2]
223	[-59.71965342795278, -2]
223	[-59.71965342795278, -2]
223	[-59.71965342795278, -2]
223	[-59.71965342795278, -2]
223	[-59.71965342795278, -2]
223	[-59.71965342795278, -2]
223	[-59.71965342795278, -2]
223	[-59.71965342795278, -2]
223	[-59.71965342795278, -2]
223	[-59.71965342795278, -2]
223	[-59.71965342795278, -2]
223	[-59.71965342795278, -2]
223	[-59.71965342795278, -2]
223	[-59.71965342795278, -2]
223	[-59.71965342795278, -2]
223	[-59.71965342795278, -2]
223	[-59.71965342795278, -2]
223	[-59.71965342795278, -2]
223	[-59.71965342795278, -2]
223	[-59.71965342795278, -2]
223	[-59.71965342795278, -2]
223	[-59.71965342795278, -2]
223	[-59.71965342795278, -2]
223	[-59.71965342795278, -2]
223	[-59.71965342795278, -2]
223	[-59.71965342795278, -2]
223	[-59.71965342795278, -2]
223	[-59.71965342795278, -2]
223	[-59.71965342795278, -2]
223	[-59.71965342795278, -2]
223	[-59.71965342795278, -2]
223	[-59.71965342795278, -2]
223	[-59.71965342795278, -2]
223	[-59.71965342795278, -2]
223	[-59.71965342795278, -2]
223	[-59.71965342795278, -2]
224	[-59.796938190598226, 0]
224	[-59.796938190598226, 0]
224	[-59.796938190598226, 0]
224	[-59.796938190598226, 0]
224	[-59.796938190598226, 0]
224	[-59.796938190598226, 0]
224	[-59.796938190598226, 0]
224	[-59.796938190598226, 0]
224	[-59.796938190598226, 0]
224	[-59.796938190598226, 0]
224	[-59.796938190598226, 0]
224	[-59.796938190598226, 0]
224	[-59.796938190598226, 0]
224	[-59.796938190598226, 0]
224	[-59.796938190598226, 0]
224	[-59.796938190598226, 0]
224	[-59.796938190598226, 0]
224	[-59.796938190598226, 0]
224	[-59.796938190598226, 0]
224	[-59.796938190598226, 0]
224	[-59.796938190598226, 0]
224	[-59.796938190598226, 0]
224	[-59.796938190598226, 0]
224	[-59.796938190598226, 0]
224	[-59.796938190598226, 0]
224	[-59.796938190598226, 0]
224	[-59.796938190598226, 0]
224	[-59.796938190598226, 0]
224	[-59.796938190598226, 0]
224	[-59.796938190598226, 0]
224	[-59.71965342795278, -2]
224	[-59.71965342795278, -2]
224	[-59.71965342795278, -2]
224	[-59.71965342795278, -2]
224	[-59.71965342795278, -2]
224	[-59.71965342795278, -2]
224	[-59.71965342795278, -2]
224	[-59.71965342795278, -2]
224	[-59.71965342795278, -2]
224	[-59.71965342795278, -2]
224	[-59.71965342795278, -2]
224	[-59.71965342795278, -2]
224	[-59.71965342795278, -2]
224	[-59.71965342795278, -2]
224	[-59.71965342795278, -2]
224	[-59.71965342795278, -2]
224	[-59.71965342795278, -2]
224	[-59.71965342795278, -2]
224	[-59.71965342795278, -2]
224	[-59.71965342795278, -2]
224	[-59.71965342795278, -2]
224	[-59.71965342795278, -2]
224	[-59.71965342795278, -2]
224	[-59.71965342795278, -2]
224	[-59.71965342795278, -2]
224	[-59.71965342795278, -2]
224	[-59.71965342795278, -2]
224	[-59.71965342795278, -2]
224	[-59.71965342795278, -2]
224	[-59.71965342795278, -2]
224	[-59.71965342795278, -2]
224	[-59.71965342795278, -2]
224	[-59.71965342795278, -2]
224	[-59.71965342795278, -2]
224	[-59.71965342795278, -2]
224	[-59.71965342795278, -2]
224	[-59.71965342795278, -2]
224	[-59.71965342795278, -2]
224	[-59.71965342795278, -2]
224	[-59.71965342795278, -2]
224	[-59.71965342795278, -2]
224	[-59.71965342795278, -2]
224	[-59.71965342795278, -2]
224	[-59.71965342795278, -2]
224	[-59.71965342795278, -2]
224	[-59.71965342795278, -2]
224	[-59.71965342795278, -2]
224	[-59.71965342795278, -2]
224	[-59.71965342795278, -2]
224	[-59.71965342795278, -2]
225	[-59.796938190598226, 0]
225	[-59.796938190598226, 0]
225	[-59.796938190598226, 0]
225	[-59.796938190598226, 0]
225	[-59.796938190598226, 0]
225	[-59.796938190598226, 0]
225	[-59.796938190598226, 0]
225	[-59.796938190598226, 0]
225	[-59.796938190598226, 0]
225	[-59.796938190598226, 0]
225	[-59.796938190598226, 0]
225	[-59.796938190598226, 0]
225	[-59.796938190598226, 0]
225	[-59.796938190598226, 0]
225	[-59.796938190598226, 0]
225	[-59.796938190598226, 0]
225	[-59.796938190598226, 0]
225	[-59.796938190598226, 0]
225	[-59.796938190598226, 0]
225	[-59.796938190598226, 0]
225	[-59.796938190598226, 0]
225	[-59.796938190598226, 0]
225	[-59.796938190598226, 0]
225	[-59.796938190598226, 0]
225	[-59.796938190598226, 0]
225	[-59.796938190598226, 0]
225	[-59.796938190598226, 0]
225	[-59.796938190598226, 0]
225	[-59.796938190598226, 0]
225	[-59.796938190598226, 0]
225	[-59.796938190598226, 0]
225	[-59.796938190598226, 0]
225	[-59.796938190598226, 0]
225	[-59.71965342795278, -2]
225	[-59.71965342795278, -2]
225	[-59.71965342795278, -2]
225	[-59.71965342795278, -2]
225	[-59.71965342795278, -2]
225	[-59.71965342795278, -2]
225	[-59.71965342795278, -2]
225	[-59.71965342795278, -2]
225	[-59.71965342795278, -2]
225	[-59.71965342795278, -2]
225	[-59.71965342795278, -2]
225	[-59.71965342795278, -2]
225	[-59.71965342795278, -2]
225	[-59.71965342795278, -2]
225	[-59.71965342795278, -2]
225	[-59.71965342795278, -2]
225	[-59.71965342795278, -2]
225	[-59.71965342795278, -2]
225	[-59.71965342795278, -2]
225	[-59.71965342795278, -2]
225	[-59.71965342795278, -2]
225	[-59.71965342795278, -2]
225	[-59.71965342795278, -2]
225	[-59.71965342795278, -2]
225	[-59.71965342795278, -2]
225	[-59.71965342795278, -2]
225	[-59.71965342795278, -2]
225	[-59.71965342795278, -2]
225	[-59.71965342795278, -2]
225	[-59.71965342795278, -2]
225	[-59.71965342795278, -2]
225	[-59.71965342795278, -2]
225	[-59.71965342795278, -2]
225	[-59.71965342795278, -2]
225	[-59.71965342795278, -2]
225	[-59.71965342795278, -2]
225	[-59.71965342795278, -2]
225	[-59.71965342795278, -2]
225	[-59.71965342795278, -2]
225	[-59.71965342795278, -2]
225	[-59.71965342795278, -2]
225	[-59.71965342795278, -2]
225	[-59.71965342795278, -2]
225	[-59.71965342795278, -2]
225	[-59.71965342795278, -2]
225	[-59.71965342795278, -2]
225	[-59.71965342795278, -2]
226	[-59.796938190598226, 0]
226	[-59.796938190598226, 0]
226	[-59.796938190598226, 0]
226	[-59.796938190598226, 0]
226	[-59.796938190598226, 0]
226	[-59.796938190598226, 0]
226	[-59.796938190598226, 0]
226	[-59.796938190598226, 0]
226	[-59.796938190598226, 0]
226	[-59.796938190598226, 0]
226	[-59.796938190598226, 0]
226	[-59.796938190598226, 0]
226	[-59.796938190598226, 0]
226	[-59.796938190598226, 0]
226	[-59.796938190598226, 0]
226	[-59.796938190598226, 0]
226	[-59.796938190598226, 0]
226	[-59.796938190598226, 0]
226	[-59.796938190598226, 0]
226	[-59.796938190598226, 0]
226	[-59.796938190598226, 0]
226	[-59.796938190598226, 0]
226	[-59.796938190598226, 0]
226	[-59.796938190598226, 0]
226	[-59.796938190598226, 0]
226	[-59.796938190598226, 0]
226	[-59.796938190598226, 0]
226	[-59.796938190598226, 0]
226	[-59.796938190598226, 0]
226	[-59.796938190598226, 0]
226	[-59.796938190598226, 0]
226	[-59.796938190598226, 0]
226	[-59.796938190598226, 0]
226	[-59.796938190598226, 0]
226	[-59.796938190598226, 0]
226	[-59.796938190598226, 0]
226	[-59.796938190598226, 0]
226	[-59.71965342795278, -2]
226	[-59.71965342795278, -2]
226	[-59.71965342795278, -2]
226	[-59.71965342795278, -2]
226	[-59.71965342795278, -2]
226	[-59.71965342795278, -2]
226	[-59.71965342795278, -2]
226	[-59.71965342795278, -2]
226	[-59.71965342795278, -2]
226	[-59.71965342795278, -2]
226	[-59.71965342795278, -2]
226	[-59.71965342795278, -2]
226	[-59.71965342795278, -2]
226	[-59.71965342795278, -2]
226	[-59.71965342795278, -2]
226	[-59.71965342795278, -2]
226	[-59.71965342795278, -2]
226	[-59.71965342795278, -2]
226	[-59.71965342795278, -2]
226	[-59.71965342795278, -2]
226	[-59.71965342795278, -2]
226	[-59.71965342795278, -2]
226	[-59.71965342795278, -2]
226	[-59.71965342795278, -2]
226	[-59.71965342795278, -2]
226	[-59.71965342795278, -2]
226	[-59.71965342795278, -2]
226	[-59.71965342795278, -2]
226	[-59.71965342795278, -2]
226	[-59.71965342795278, -2]
226	[-59.71965342795278, -2]
226	[-59.71965342795278, -2]
226	[-59.71965342795278, -2]
226	[-59.71965342795278, -2]
226	[-59.71965342795278, -2]
226	[-59.71965342795278, -2]
226	[-59.71965342795278, -2]
226	[-59.71965342795278, -2]
226	[-59.71965342795278, -2]
226	[-59.71965342795278, -2]
226	[-59.71965342795278, -2]
226	[-59.71965342795278, -2]
226	[-59.71965342795278, -2]
227	[-59.79426359640082, 0]
227	[-59.71965342795278, -2]
227	[-59.71965342795278, -2]
227	[-59.71965342795278, -2]
227	[-59.71965342795278, -2]
227	[-59.71965342795278, -2]
227	[-59.71965342795278, -2]
227	[-59.71965342795278, -2]
227	[-59.71965342795278, -2]
227	[-59.71965342795278, -2]
227	[-59.71965342795278, -2]
227	[-59.71965342795278, -2]
227	[-59.71965342795278, -2]
227	[-59.71965342795278, -2]
227	[-59.71965342795278, -2]
227	[-59.71965342795278, -2]
227	[-59.71965342795278, -2]
227	[-59.71965342795278, -2]
227	[-59.71965342795278, -2]
227	[-59.71965342795278, -2]
227	[-59.71965342795278, -2]
227	[-59.71965342795278, -2]
227	[-59.71965342795278, -2]
227	[-59.71965342795278, -2]
227	[-59.71965342795278, -2]
227	[-59.71965342795278, -2]
227	[-59.71965342795278, -2]
227	[-59.71965342795278, -2]
227	[-59.71965342795278, -2]
227	[-59.71965342795278, -2]
227	[-59.71965342795278, -2]
227	[-59.71965342795278, -2]
227	[-59.71965342795278, -2]
227	[-59.71965342795278, -2]
227	[-59.71965342795278, -2]
227	[-59.71965342795278, -2]
227	[-59.71965342795278, -2]
227	[-59.71965342795278, -2]
227	[-59.71965342795278, -2]
227	[-59.71965342795278, -2]
227	[-59.71965342795278, -2]
227	[-59.71965342795278, -2]
227	[-59.71965342795278, -2]
227	[-59.71965342795278, -2]
227	[-59.71965342795278, -2]
227	[-59.71965342795278, -2]
227	[-59.71965342795278, -2]
227	[-59.71965342795278, -2]
227	[-59.71965342795278, -2]
227	[-59.71965342795278, -2]
227	[-59.71965342795278, -2]
227	[-59.71965342795278, -2]
227	[-59.71965342795278, -2]
227	[-59.71965342795278, -2]
228	[-59.79426359640082, 0]
228	[-59.71965342795278, -2]
228	[-59.71965342795278, -2]
228	[-59.71965342795278, -2]
228	[-59.71965342795278, -2]
228	[-59.71965342795278, -2]
228	[-59.71965342795278, -2]
228	[-59.71965342795278, -2]
228	[-59.71965342795278, -2]
228	[-59.71965342795278, -2]
228	[-59.71965342795278, -2]
228	[-59.71965342795278, -2]
228	[-59.71965342795278, -2]
228	[-59.71965342795278, -2]
228	[-59.71965342795278, -2]
228	[-59.71965342795278, -2]
228	[-59.71965342795278, -2]
228	[-59.71965342795278, -2]
228	[-59.71965342795278, -2]
228	[-59.71965342795278, -2]
228	[-59.71965342795278, -2]
228	[-59.71965342795278, -2]
228	[-59.71965342795278, -2]
228	[-59.71965342795278, -2]
228	[-59.71965342795278, -2]
228	[-59.71965342795278, -2]
228	[-59.71965342795278, -2]
228	[-59.71965342795278, -2]
228	[-59.71965342795278, -2]
228	[-59.71965342795278, -2]
228	[-59.71965342795278, -2]
228	[-59.71965342795278, -2]
228	[-59.71965342795278, -2]
228	[-59.71965342795278, -2]
228	[-59.71965342795278, -2]
228	[-59.71965342795278, -2]
228	[-59.71965342795278, -2]
228	[-59.71965342795278, -2]
228	[-59.71965342795278, -2]
228	[-59.71965342795278, -2]
228	[-59.71965342795278, -2]
228	[-59.71965342795278, -2]
228	[-59.71965342795278, -2]
228	[-59.71965342795278, -2]
228	[-59.71965342795278, -2]
228	[-59.71965342795278, -2]
228	[-59.71965342795278, -2]
228	[-59.71965342795278, -2]
228	[-59.71965342795278, -2]
228	[-59.71965342795278, -2]
228	[-59.71965342795278, -2]
228	[-59.71965342795278, -2]
228	[-59.71965342795278, -2]
228	[-59.71965342795278, -2]
228	[-59.71965342795278, -2]
228	[-59.71965342795278, -2]
228	[-59.71965342795278, -2]
228	[-59.71965342795278, -2]
228	[-59.71965342795278, -2]
228	[-59.71965342795278, -2]
228	[-59.71965342795278, -2]
228	[-59.71965342795278, -2]
228	[-59.71965342795278, -2]
228	[-59.71965342795278, -2]
228	[-59.71965342795278, -2]
228	[-59.71965342795278, -2]
228	[-59.71965342795278, -2]
228	[-59.71965342795278, -2]
228	[-59.71965342795278, -2]
229	[-59.79426359640082, 0]
229	[-59.79426359640082, 0]
229	[-59.71965342795278, -2]
229	[-59.71965342795278, -2]
229	[-59.71965342795278, -2]
229	[-59.71965342795278, -2]
229	[-59.71965342795278, -2]
229	[-59.71965342795278, -2]
229	[-59.71965342795278, -2]
229	[-59.71965342795278, -2]
229	[-59.71965342795278, -2]
229	[-59.71965342795278, -2]
229	[-59.71965342795278, -2]
229	[-59.71965342795278, -2]
229	[-59.71965342795278, -2]
229	[-59.71965342795278, -2]
229	[-59.71965342795278, -2]
229	[-59.71965342795278, -2]
229	[-59.71965342795278, -2]
229	[-59.71965342795278, -2]
229	[-59.71965342795278, -2]
229	[-59.71965342795278, -2]
229	[-59.71965342795278, -2]
229	[-59.71965342795278, -2]
229	[-59.71965342795278, -2]
229	[-59.71965342795278, -2]
229	[-59.71965342795278, -2]
229	[-59.71965342795278, -2]
229	[-59.71965342795278, -2]
229	[-59.71965342795278, -2]
229	[-59.71965342795278, -2]
229	[-59.71965342795278, -2]
229	[-59.71965342795278, -2]
229	[-59.71965342795278, -2]
229	[-59.71965342795278, -2]
229	[-59.71965342795278, -2]
229	[-59.71965342795278, -2]
229	[-59.71965342795278, -2]
229	[-59.71965342795278, -2]
229	[-59.71965342795278, -2]
229	[-59.71965342795278, -2]
229	[-59.71965342795278, -2]
229	[-59.71965342795278, -2]
229	[-59.71965342795278, -2]
229	[-59.71965342795278, -2]
229	[-59.71965342795278, -2]
229	[-59.71965342795278, -2]
229	[-59.71965342795278, -2]
229	[-59.71965342795278, -2]
229	[-59.71965342795278, -2]
229	[-59.71965342795278, -2]
229	[-59.71965342795278, -2]
229	[-59.71965342795278, -2]
229	[-59.71965342795278, -2]
229	[-59.71965342795278, -2]
229	[-59.71965342795278, -2]
229	[-59.71965342795278, -2]
229	[-59.71965342795278, -2]
229	[-59.71965342795278, -2]
229	[-59.71965342795278, -2]
229	[-59.71965342795278, -2]
229	[-59.71965342795278, -2]
229	[-59.71965342795278, -2]
229	[-59.71965342795278, -2]
229	[-59.71965342795278, -2]
229	[-59.71965342795278, -2]
229	[-59.71965342795278, -2]
229	[-59.71965342795278, -2]
229	[-59.71965342795278, -2]
229	[-59.71965342795278, -2]
229	[-59.71965342795278, -2]
229	[-59.71965342795278, -2]
229	[-59.71965342795278, -2]
229	[-59.71965342795278, -2]
229	[-59.71965342795278, -2]
229	[-59.71965342795278, -2]
229	[-59.71965342795278, -2]
229	[-59.71965342795278, -2]
229	[-59.71965342795278, -2]
229	[-59.71965342795278, -2]
230	[-59.79426359640082, 0]
230	[-59.79426359640082, 0]
230	[-59.79426359640082, 0]
230	[-59.71965342795278, -2]
230	[-59.71965342795278, -2]
230	[-59.71965342795278, -2]
230	[-59.71965342795278, -2]
230	[-59.71965342795278, -2]
230	[-59.71965342795278, -2]
230	[-59.71965342795278, -2]
230	[-59.71965342795278, -2]
230	[-59.71965342795278, -2]
230	[-59.71965342795278, -2]
230	[-59.71965342795278, -2]
230	[-59.71965342795278, -2]
230	[-59.71965342795278, -2]
230	[-59.71965342795278, -2]
230	[-59.71965342795278, -2]
230	[-59.71965342795278, -2]
230	[-59.71965342795278, -2]
230	[-59.71965342795278, -2]
230	[-59.71965342795278, -2]
230	[-59.71965342795278, -2]
230	[-59.71965342795278, -2]
230	[-59.71965342795278, -2]
230	[-59.71965342795278, -2]
230	[-59.71965342795278, -2]
230	[-59.71965342795278, -2]
230	[-59.71965342795278, -2]
230	[-59.71965342795278, -2]
230	[-59.71965342795278, -2]
230	[-59.71965342795278, -2]
230	[-59.71965342795278, -2]
230	[-59.71965342795278, -2]
230	[-59.71965342795278, -2]
230	[-59.71965342795278, -2]
230	[-59.71965342795278, -2]
230	[-59.71965342795278, -2]
230	[-59.71965342795278, -2]
230	[-59.71965342795278, -2]
230	[-59.71965342795278, -2]
230	[-59.71965342795278, -2]
230	[-59.71965342795278, -2]
230	[-59.71965342795278, -2]
230	[-59.71965342795278, -2]
230	[-59.71965342795278, -2]
230	[-59.71965342795278, -2]
230	[-59.71965342795278, -2]
230	[-59.71965342795278, -2]
230	[-59.71965342795278, -2]
230	[-59.71965342795278, -2]
230	[-59.71965342795278, -2]
230	[-59.71965342795278, -2]
230	[-59.71965342795278, -2]
230	[-59.71965342795278, -2]
230	[-59.71965342795278, -2]
230	[-59.71965342795278, -2]
230	[-59.71965342795278, -2]
230	[-59.71965342795278, -2]
230	[-59.71965342795278, -2]
230	[-59.71965342795278, -2]
230	[-59.71965342795278, -2]
230	[-59.71965342795278, -2]
230	[-59.71965342795278, -2]
230	[-59.71965342795278, -2]
230	[-59.71965342795278, -2]
230	[-59.71965342795278, -2]
230	[-59.71965342795278, -2]
230	[-59.71965342795278, -2]
230	[-59.71965342795278, -2]
230	[-59.71965342795278, -2]
230	[-59.71965342795278, -2]
230	[-59.71965342795278, -2]
230	[-59.71965342795278, -2]
230	[-59.71965342795278, -2]
230	[-59.71965342795278, -2]
230	[-59.71965342795278, -2]
230	[-59.71965342795278, -2]
230	[-59.71965342795278, -2]
230	[-59.71965342795278, -2]
231	[-59.79426359640082, 0]
231	[-59.79426359640082, 0]
231	[-59.79426359640082, 0]
231	[-59.79426359640082, 0]
231	[-59.71965342795278, -2]
231	[-59.71965342795278, -2]
231	[-59.71965342795278, -2]
231	[-59.71965342795278, -2]
231	[-59.71965342795278, -2]
231	[-59.71965342795278, -2]
231	[-59.71965342795278, -2]
231	[-59.71965342795278, -2]
231	[-59.71965342795278, -2]
231	[-59.71965342795278, -2]
231	[-59.71965342795278, -2]
231	[-59.71965342795278, -2]
231	[-59.71965342795278, -2]
231	[-59.71965342795278, -2]
231	[-59.71965342795278, -2]
231	[-59.71965342795278, -2]
231	[-59.71965342795278, -2]
231	[-59.71965342795278, -2]
231	[-59.71965342795278, -2]
231	[-59.71965342795278, -2]
231	[-59.71965342795278, -2]
231	[-59.71965342795278, -2]
231	[-59.71965342795278, -2]
231	[-59.71965342795278, -2]
231	[-59.71965342795278, -2]
231	[-59.71965342795278, -2]
231	[-59.71965342795278, -2]
231	[-59.71965342795278, -2]
231	[-59.71965342795278, -2]
231	[-59.71965342795278, -2]
231	[-59.71965342795278, -2]
231	[-59.71965342795278, -2]
231	[-59.71965342795278, -2]
231	[-59.71965342795278, -2]
231	[-59.71965342795278, -2]
231	[-59.71965342795278, -2]
231	[-59.71965342795278, -2]
231	[-59.71965342795278, -2]
231	[-59.71965342795278, -2]
231	[-59.71965342795278, -2]
231	[-59.71965342795278, -2]
231	[-59.71965342795278, -2]
231	[-59.71965342795278, -2]
231	[-59.71965342795278, -2]
231	[-59.71965342795278, -2]
231	[-59.71965342795278, -2]
231	[-59.71965342795278, -2]
231	[-59.71965342795278, -2]
231	[-59.71965342795278, -2]
231	[-59.71965342795278, -2]
231	[-59.71965342795278, -2]
231	[-59.71965342795278, -2]
231	[-59.71965342795278, -2]
231	[-59.71965342795278, -2]
231	[-59.71965342795278, -2]
231	[-59.71965342795278, -2]
231	[-59.71965342795278, -2]
231	[-59.71965342795278, -2]
231	[-59.71965342795278, -2]
231	[-59.71965342795278, -2]
231	[-59.71965342795278, -2]
231	[-59.71965342795278, -2]
231	[-59.71965342795278, -2]
231	[-59.71965342795278, -2]
231	[-59.71965342795278, -2]
231	[-59.71965342795278, -2]
231	[-59.71965342795278, -2]
231	[-59.71965342795278, -2]
231	[-59.71965342795278, -2]
231	[-59.71965342795278, -2]
231	[-59.71965342795278, -2]
231	[-59.71965342795278, -2]
231	[-59.71965342795278, -2]
231	[-59.71965342795278, -2]
231	[-59.71965342795278, -2]
231	[-59.71965342795278, -2]
232	[-59.79426359640082, 0]
232	[-59.79426359640082, 0]
232	[-59.79426359640082, 0]
232	[-59.79426359640082, 0]
232	[-59.79426359640082, 0]
232	[-59.71965342795278, -2]
232	[-59.71965342795278, -2]
232	[-59.71965342795278, -2]
232	[-59.71965342795278, -2]
232	[-59.71965342795278, -2]
232	[-59.71965342795278, -2]
232	[-59.71965342795278, -2]
232	[-59.71965342795278, -2]
232	[-59.71965342795278, -2]
232	[-59.71965342795278, -2]
232	[-59.71965342795278, -2]
232	[-59.71965342795278, -2]
232	[-59.71965342795278, -2]
232	[-59.71965342795278, -2]
232	[-59.71965342795278, -2]
232	[-59.71965342795278, -2]
232	[-59.71965342795278, -2]
232	[-59.71965342795278, -2]
232	[-59.71965342795278, -2]
232	[-59.71965342795278, -2]
232	[-59.71965342795278, -2]
232	[-59.71965342795278, -2]
232	[-59.71965342795278, -2]
232	[-59.71965342795278, -2]
232	[-59.71965342795278, -2]
232	[-59.71965342795278, -2]
232	[-59.71965342795278, -2]
232	[-59.71965342795278, -2]
232	[-59.71965342795278, -2]
232	[-59.71965342795278, -2]
232	[-59.71965342795278, -2]
232	[-59.71965342795278, -2]
232	[-59.71965342795278, -2]
232	[-59.71965342795278, -2]
232	[-59.71965342795278, -2]
232	[-59.71965342795278, -2]
232	[-59.71965342795278, -2]
232	[-59.71965342795278, -2]
232	[-59.71965342795278, -2]
232	[-59.71965342795278, -2]
232	[-59.71965342795278, -2]
232	[-59.71965342795278, -2]
232	[-59.71965342795278, -2]
232	[-59.71965342795278, -2]
232	[-59.71965342795278, -2]
232	[-59.71965342795278, -2]
232	[-59.71965342795278, -2]
232	[-59.71965342795278, -2]
232	[-59.71965342795278, -2]
232	[-59.71965342795278, -2]
232	[-59.71965342795278, -2]
232	[-59.71965342795278, -2]
232	[-59.71965342795278, -2]
232	[-59.71965342795278, -2]
232	[-59.71965342795278, -2]
232	[-59.71965342795278, -2]
232	[-59.71965342795278, -2]
232	[-59.71965342795278, -2]
232	[-59.71965342795278, -2]
232	[-59.71965342795278, -2]
232	[-59.71965342795278, -2]
232	[-59.71965342795278, -2]
232	[-59.71965342795278, -2]
232	[-59.71965342795278, -2]
232	[-59.71965342795278, -2]
232	[-59.71965342795278, -2]
232	[-59.71965342795278, -2]
232	[-59.71965342795278, -2]
232	[-59.71965342795278, -2]
232	[-59.71965342795278, -2]
232	[-59.71965342795278, -2]
232	[-59.71965342795278, -2]
232	[-59.71965342795278, -2]
232	[-59.71965342795278, -2]
232	[-59.71965342795278, -2]
233	[-59.79426359640082, 0]
233	[-59.79426359640082, 0]
233	[-59.79426359640082, 0]
233	[-59.79426359640082, 0]
233	[-59.79426359640082, 0]
233	[-59.79426359640082, 0]
233	[-59.79426359640082, 0]
233	[-59.71965342795278, -2]
233	[-59.71965342795278, -2]
233	[-59.71965342795278, -2]
233	[-59.71965342795278, -2]
233	[-59.71965342795278, -2]
233	[-59.71965342795278, -2]
233	[-59.71965342795278, -2]
233	[-59.71965342795278, -2]
233	[-59.71965342795278, -2]
233	[-59.71965342795278, -2]
233	[-59.71965342795278, -2]
233	[-59.71965342795278, -2]
233	[-59.71965342795278, -2]
233	[-59.71965342795278, -2]
233	[-59.71965342795278, -2]
233	[-59.71965342795278, -2]
233	[-59.71965342795278, -2]
233	[-59.71965342795278, -2]
233	[-59.71965342795278, -2]
233	[-59.71965342795278, -2]
233	[-59.71965342795278, -2]
233	[-59.71965342795278, -2]
233	[-59.71965342795278, -2]
233	[-59.71965342795278, -2]
233	[-59.71965342795278, -2]
233	[-59.71965342795278, -2]
233	[-59.71965342795278, -2]
233	[-59.71965342795278, -2]
233	[-59.71965342795278, -2]
233	[-59.71965342795278, -2]
233	[-59.71965342795278, -2]
233	[-59.71965342795278, -2]
233	[-59.71965342795278, -2]
233	[-59.71965342795278, -2]
233	[-59.71965342795278, -2]
233	[-59.71965342795278, -2]
233	[-59.71965342795278, -2]
233	[-59.71965342795278, -2]
233	[-59.71965342795278, -2]
233	[-59.71965342795278, -2]
233	[-59.71965342795278, -2]
233	[-59.71965342795278, -2]
233	[-59.71965342795278, -2]
233	[-59.71965342795278, -2]
233	[-59.71965342795278, -2]
233	[-59.71965342795278, -2]
233	[-59.71965342795278, -2]
233	[-59.71965342795278, -2]
233	[-59.71965342795278, -2]
233	[-59.71965342795278, -2]
233	[-59.71965342795278, -2]
233	[-59.71965342795278, -2]
233	[-59.71965342795278, -2]
233	[-59.71965342795278, -2]
233	[-59.71965342795278, -2]
233	[-59.71965342795278, -2]
233	[-59.71965342795278, -2]
233	[-59.71965342795278, -2]
233	[-59.71965342795278, -2]
233	[-59.71965342795278, -2]
233	[-59.71965342795278, -2]
233	[-59.71965342795278, -2]
233	[-59.71965342795278, -2]
233	[-59.71965342795278, -2]
233	[-59.71965342795278, -2]
233	[-59.71965342795278, -2]
233	[-59.71965342795278, -2]
233	[-59.71965342795278, -2]
233	[-59.71965342795278, -2]
233	[-59.71965342795278, -2]
233	[-59.71965342795278, -2]
233	[-59.71965342795278, -2]
233	[-59.71965342795278, -2]
234	[-59.79426359640082, 0]
234	[-59.79426359640082, 0]
234	[-59.79426359640082, 0]
234	[-59.79426359640082, 0]
234	[-59.79426359640082, 0]
234	[-59.79426359640082, 0]
234	[-59.79426359640082, 0]
234	[-59.79426359640082, 0]
234	[-59.79426359640082, 0]
234	[-59.79426359640082, 0]
234	[-59.79426359640082, 0]
234	[-59.79426359640082, 0]
234	[-59.71965342795278, -2]
234	[-59.71965342795278, -2]
234	[-59.71965342795278, -2]
234	[-59.71965342795278, -2]
234	[-59.71965342795278, -2]
234	[-59.71965342795278, -2]
234	[-59.71965342795278, -2]
234	[-59.71965342795278, -2]
234	[-59.71965342795278, -2]
234	[-59.71965342795278, -2]
234	[-59.71965342795278, -2]
234	[-59.71965342795278, -2]
234	[-59.71965342795278, -2]
234	[-59.71965342795278, -2]
234	[-59.71965342795278, -2]
234	[-59.71965342795278, -2]
234	[-59.71965342795278, -2]
234	[-59.71965342795278, -2]
234	[-59.71965342795278, -2]
234	[-59.71965342795278, -2]
234	[-59.71965342795278, -2]
234	[-59.71965342795278, -2]
234	[-59.71965342795278, -2]
234	[-59.71965342795278, -2]
234	[-59.71965342795278, -2]
234	[-59.71965342795278, -2]
234	[-59.71965342795278, -2]
234	[-59.71965342795278, -2]
234	[-59.71965342795278, -2]
234	[-59.71965342795278, -2]
234	[-59.71965342795278, -2]
234	[-59.71965342795278, -2]
234	[-59.71965342795278, -2]
234	[-59.71965342795278, -2]
234	[-59.71965342795278, -2]
234	[-59.71965342795278, -2]
234	[-59.71965342795278, -2]
234	[-59.71965342795278, -2]
234	[-59.71965342795278, -2]
234	[-59.71965342795278, -2]
234	[-59.71965342795278, -2]
234	[-59.71965342795278, -2]
234	[-59.71965342795278, -2]
234	[-59.71965342795278, -2]
234	[-59.71965342795278, -2]
234	[-59.71965342795278, -2]
234	[-59.71965342795278, -2]
234	[-59.71965342795278, -2]
234	[-59.71965342795278, -2]
234	[-59.71965342795278, -2]
234	[-59.71965342795278, -2]
234	[-59.71965342795278, -2]
234	[-59.71965342795278, -2]
234	[-59.71965342795278, -2]
234	[-59.71965342795278, -2]
234	[-59.71965342795278, -2]
234	[-59.71965342795278, -2]
234	[-59.71965342795278, -2]
234	[-59.71965342795278, -2]
234	[-59.71965342795278, -2]
234	[-59.71965342795278, -2]
234	[-59.71965342795278, -2]
234	[-59.71965342795278, -2]
234	[-59.71965342795278, -2]
234	[-59.71965342795278, -2]
234	[-59.71965342795278, -2]
234	[-59.71965342795278, -2]
234	[-59.71965342795278, -2]
235	[-59.725262463681126, 0]
235	[-59.71965342795278, -2]
235	[-59.71965342795278, -2]
235	[-59.71965342795278, -2]
235	[-59.71965342795278, -2]
235	[-59.71965342795278, -2]
235	[-59.71965342795278, -2]
235	[-59.71965342795278, -2]
235	[-59.71965342795278, -2]
235	[-59.71965342795278, -2]
235	[-59.71965342795278, -2]
235	[-59.71965342795278, -2]
235	[-59.71965342795278, -2]
235	[-59.71965342795278, -2]
235	[-59.71965342795278, -2]
235	[-59.71965342795278, -2]
235	[-59.71965342795278, -2]
235	[-59.71965342795278, -2]
235	[-59.71965342795278, -2]
235	[-59.71965342795278, -2]
235	[-59.71965342795278, -2]
235	[-59.71965342795278, -2]
235	[-59.71965342795278, -2]
235	[-59.71965342795278, -2]
235	[-59.71965342795278, -2]
235	[-59.71965342795278, -2]
235	[-59.71965342795278, -2]
235	[-59.71965342795278, -2]
235	[-59.71965342795278, -2]
235	[-59.71965342795278, -2]
235	[-59.71965342795278, -2]
235	[-59.71965342795278, -2]
235	[-59.71965342795278, -2]
235	[-59.71965342795278, -2]
235	[-59.71965342795278, -2]
235	[-59.71965342795278, -2]
235	[-59.71965342795278, -2]
235	[-59.71965342795278, -2]
235	[-59.71965342795278, -2]
235	[-59.71965342795278, -2]
235	[-59.71965342795278, -2]
235	[-59.71965342795278, -2]
235	[-59.71965342795278, -2]
235	[-59.71965342795278, -2]
235	[-59.71965342795278, -2]
235	[-59.71965342795278, -2]
235	[-59.71965342795278, -2]
235	[-59.71965342795278, -2]
235	[-59.71965342795278, -2]
235	[-59.71965342795278, -2]
235	[-59.71965342795278, -2]
235	[-59.71965342795278, -2]
235	[-59.71965342795278, -2]
235	[-59.71965342795278, -2]
235	[-59.71965342795278, -2]
235	[-59.71965342795278, -2]
235	[-59.71965342795278, -2]
235	[-59.71965342795278, -2]
235	[-59.71965342795278, -2]
235	[-59.71965342795278, -2]
235	[-59.71965342795278, -2]
235	[-59.71965342795278, -2]
235	[-59.71965342795278, -2]
235	[-59.71965342795278, -2]
235	[-59.71965342795278, -2]
235	[-59.71965342795278, -2]
235	[-59.71965342795278, -2]
235	[-59.71965342795278, -2]
235	[-59.71965342795278, -2]
235	[-59.71965342795278, -2]
235	[-59.71965342795278, -2]
235	[-59.71965342795278, -2]
235	[-59.71965342795278, -2]
235	[-59.71965342795278, -2]
235	[-59.71965342795278, -2]
235	[-59.71965342795278, -2]
235	[-59.71965342795278, -2]
235	[-59.71965342795278, -2]
236	[-59.725262463681126, 0]
236	[-59.71965342795278, -2]
236	[-59.71965342795278, -2]
236	[-59.71965342795278, -2]
236	[-59.71965342795278, -2]
236	[-59.71965342795278, -2]
236	[-59.71965342795278, -2]
236	[-59.71965342795278, -2]
236	[-59.71965342795278, -2]
236	[-59.71965342795278, -2]
236	[-59.71965342795278, -2]
236	[-59.71965342795278, -2]
236	[-59.71965342795278, -2]
236	[-59.71965342795278, -2]
236	[-59.71965342795278, -2]
236	[-59.71965342795278, -2]
236	[-59.71965342795278, -2]
236	[-59.71965342795278, -2]
236	[-59.71965342795278, -2]
236	[-59.71965342795278, -2]
236	[-59.71965342795278, -2]
236	[-59.71965342795278, -2]
236	[-59.71965342795278, -2]
236	[-59.71965342795278, -2]
236	[-59.71965342795278, -2]
236	[-59.71965342795278, -2]
236	[-59.71965342795278, -2]
236	[-59.71965342795278, -2]
236	[-59.71965342795278, -2]
236	[-59.71965342795278, -2]
236	[-59.71965342795278, -2]
236	[-59.71965342795278, -2]
236	[-59.71965342795278, -2]
236	[-59.71965342795278, -2]
236	[-59.71965342795278, -2]
236	[-59.71965342795278, -2]
236	[-59.71965342795278, -2]
236	[-59.71965342795278, -2]
236	[-59.71965342795278, -2]
236	[-59.71965342795278, -2]
236	[-59.71965342795278, -2]
236	[-59.71965342795278, -2]
236	[-59.71965342795278, -2]
236	[-59.71965342795278, -2]
236	[-59.71965342795278, -2]
236	[-59.71965342795278, -2]
236	[-59.71965342795278, -2]
236	[-59.71965342795278, -2]
236	[-59.71965342795278, -2]
236	[-59.71965342795278, -2]
236	[-59.71965342795278, -2]
236	[-59.71965342795278, -2]
236	[-59.71965342795278, -2]
236	[-59.71965342795278, -2]
236	[-59.71965342795278, -2]
236	[-59.71965342795278, -2]
236	[-59.71965342795278, -2]
236	[-59.71965342795278, -2]
236	[-59.71965342795278, -2]
236	[-59.71965342795278, -2]
236	[-59.71965342795278, -2]
236	[-59.71965342795278, -2]
236	[-59.71965342795278, -2]
236	[-59.71965342795278, -2]
236	[-59.71965342795278, -2]
236	[-59.71965342795278, -2]
236	[-59.71965342795278, -2]
236	[-59.71965342795278, -2]
236	[-59.71965342795278, -2]
236	[-59.71965342795278, -2]
236	[-59.71965342795278, -2]
236	[-59.71965342795278, -2]
236	[-59.71965342795278, -2]
236	[-59.71965342795278, -2]
236	[-59.71965342795278, -2]
236	[-59.71965342795278, -2]
236	[-59.71965342795278, -2]
236	[-59.71965342795278, -2]
236	[-59.71965342795278, -2]
236	[-59.71965342795278, -2]
237	[-59.725262463681126, 0]
237	[-59.71965342795278, -2]
237	[-59.71965342795278, -2]
237	[-59.71965342795278, -2]
237	[-59.71965342795278, -2]
237	[-59.71965342795278, -2]
237	[-59.71965342795278, -2]
237	[-59.71965342795278, -2]
237	[-59.71965342795278, -2]
237	[-59.71965342795278, -2]
237	[-59.71965342795278, -2]
237	[-59.71965342795278, -2]
237	[-59.71965342795278, -2]
237	[-59.71965342795278, -2]
237	[-59.71965342795278, -2]
237	[-59.71965342795278, -2]
237	[-59.71965342795278, -2]
237	[-59.71965342795278, -2]
237	[-59.71965342795278, -2]
237	[-59.71965342795278, -2]
237	[-59.71965342795278, -2]
237	[-59.71965342795278, -2]
237	[-59.71965342795278, -2]
237	[-59.71965342795278, -2]
237	[-59.71965342795278, -2]
237	[-59.71965342795278, -2]
237	[-59.71965342795278, -2]
237	[-59.71965342795278, -2]
237	[-59.71965342795278, -2]
237	[-59.71965342795278, -2]
237	[-59.71965342795278, -2]
237	[-59.71965342795278, -2]
237	[-59.71965342795278, -2]
237	[-59.71965342795278, -2]
237	[-59.71965342795278, -2]
237	[-59.71965342795278, -2]
237	[-59.71965342795278, -2]
237	[-59.71965342795278, -2]
237	[-59.71965342795278, -2]
237	[-59.71965342795278, -2]
237	[-59.71965342795278, -2]
237	[-59.71965342795278, -2]
237	[-59.71965342795278, -2]
237	[-59.71965342795278, -2]
237	[-59.71965342795278, -2]
237	[-59.71965342795278, -2]
237	[-59.71965342795278, -2]
237	[-59.71965342795278, -2]
237	[-59.71965342795278, -2]
237	[-59.71965342795278, -2]
237	[-59.71965342795278, -2]
237	[-59.71965342795278, -2]
237	[-59.71965342795278, -2]
237	[-59.71965342795278, -2]
237	[-59.71965342795278, -2]
237	[-59.71965342795278, -2]
237	[-59.71965342795278, -2]
237	[-59.71965342795278, -2]
237	[-59.71965342795278, -2]
237	[-59.71965342795278, -2]
237	[-59.71965342795278, -2]
237	[-59.71965342795278, -2]
237	[-59.71965342795278, -2]
237	[-59.71965342795278, -2]
237	[-59.71965342795278, -2]
237	[-59.71965342795278, -2]
237	[-59.71965342795278, -2]
237	[-59.71965342795278, -2]
237	[-59.71965342795278, -2]
237	[-59.71965342795278, -2]
237	[-59.71965342795278, -2]
237	[-59.71965342795278, -2]
237	[-59.71965342795278, -2]
237	[-59.71965342795278, -2]
237	[-59.71965342795278, -2]
237	[-59.71965342795278, -2]
237	[-59.71965342795278, -2]
237	[-59.71965342795278, -2]
237	[-59.71965342795278, -2]
237	[-59.71965342795278, -2]
238	[-59.725262463681126, 0]
238	[-59.725262463681126, 0]
238	[-59.725262463681126, 0]
238	[-59.71965342795278, -2]
238	[-59.71965342795278, -2]
238	[-59.71965342795278, -2]
238	[-59.71965342795278, -2]
238	[-59.71965342795278, -2]
238	[-59.71965342795278, -2]
238	[-59.71965342795278, -2]
238	[-59.71965342795278, -2]
238	[-59.71965342795278, -2]
238	[-59.71965342795278, -2]
238	[-59.71965342795278, -2]
238	[-59.71965342795278, -2]
238	[-59.71965342795278, -2]
238	[-59.71965342795278, -2]
238	[-59.71965342795278, -2]
238	[-59.71965342795278, -2]
238	[-59.71965342795278, -2]
238	[-59.71965342795278, -2]
238	[-59.71965342795278, -2]
238	[-59.71965342795278, -2]
238	[-59.71965342795278, -2]
238	[-59.71965342795278, -2]
238	[-59.71965342795278, -2]
238	[-59.71965342795278, -2]
238	[-59.71965342795278, -2]
238	[-59.71965342795278, -2]
238	[-59.71965342795278, -2]
238	[-59.71965342795278, -2]
238	[-59.71965342795278, -2]
238	[-59.71965342795278, -2]
238	[-59.71965342795278, -2]
238	[-59.71965342795278, -2]
238	[-59.71965342795278, -2]
238	[-59.71965342795278, -2]
238	[-59.71965342795278, -2]
238	[-59.71965342795278, -2]
238	[-59.71965342795278, -2]
238	[-59.71965342795278, -2]
238	[-59.71965342795278, -2]
238	[-59.71965342795278, -2]
238	[-59.71965342795278, -2]
238	[-59.71965342795278, -2]
238	[-59.71965342795278, -2]
238	[-59.71965342795278, -2]
238	[-59.71965342795278, -2]
238	[-59.71965342795278, -2]
238	[-59.71965342795278, -2]
238	[-59.71965342795278, -2]
238	[-59.71965342795278, -2]
238	[-59.71965342795278, -2]
238	[-59.71965342795278, -2]
238	[-59.71965342795278, -2]
238	[-59.71965342795278, -2]
238	[-59.71965342795278, -2]
238	[-59.71965342795278, -2]
238	[-59.71965342795278, -2]
238	[-59.71965342795278, -2]
238	[-59.71965342795278, -2]
238	[-59.71965342795278, -2]
238	[-59.71965342795278, -2]
238	[-59.71965342795278, -2]
238	[-59.71965342795278, -2]
238	[-59.71965342795278, -2]
238	[-59.71965342795278, -2]
238	[-59.71965342795278, -2]
238	[-59.71965342795278, -2]
238	[-59.71965342795278, -2]
238	[-59.71965342795278, -2]
238	[-59.71965342795278, -2]
238	[-59.71965342795278, -2]
238	[-59.71965342795278, -2]
238	[-59.71965342795278, -2]
238	[-59.71965342795278, -2]
238	[-59.71965342795278, -2]
238	[-59.71965342795278, -2]
238	[-59.71965342795278, -2]
238	[-59.71965342795278, -2]
239	[-59.725262463681126, 0]
239	[-59.725262463681126, 0]
239	[-59.725262463681126, 0]
239	[-59.725262463681126, 0]
239	[-59.71965342795278, -2]
239	[-59.71965342795278, -2]
239	[-59.71965342795278, -2]
239	[-59.71965342795278, -2]
239	[-59.71965342795278, -2]
239	[-59.71965342795278, -2]
239	[-59.71965342795278, -2]
239	[-59.71965342795278, -2]
239	[-59.71965342795278, -2]
239	[-59.71965342795278, -2]
239	[-59.71965342795278, -2]
239	[-59.71965342795278, -2]
239	[-59.71965342795278, -2]
239	[-59.71965342795278, -2]
239	[-59.71965342795278, -2]
239	[-59.71965342795278, -2]
239	[-59.71965342795278, -2]
239	[-59.71965342795278, -2]
239	[-59.71965342795278, -2]
239	[-59.71965342795278, -2]
239	[-59.71965342795278, -2]
239	[-59.71965342795278, -2]
239	[-59.71965342795278, -2]
239	[-59.71965342795278, -2]
239	[-59.71965342795278, -2]
239	[-59.71965342795278, -2]
239	[-59.71965342795278, -2]
239	[-59.71965342795278, -2]
239	[-59.71965342795278, -2]
239	[-59.71965342795278, -2]
239	[-59.71965342795278, -2]
239	[-59.71965342795278, -2]
239	[-59.71965342795278, -2]
239	[-59.71965342795278, -2]
239	[-59.71965342795278, -2]
239	[-59.71965342795278, -2]
239	[-59.71965342795278, -2]
239	[-59.71965342795278, -2]
239	[-59.71965342795278, -2]
239	[-59.71965342795278, -2]
239	[-59.71965342795278, -2]
239	[-59.71965342795278, -2]
239	[-59.71965342795278, -2]
239	[-59.71965342795278, -2]
239	[-59.71965342795278, -2]
239	[-59.71965342795278, -2]
239	[-59.71965342795278, -2]
239	[-59.71965342795278, -2]
239	[-59.71965342795278, -2]
239	[-59.71965342795278, -2]
239	[-59.71965342795278, -2]
239	[-59.71965342795278, -2]
239	[-59.71965342795278, -2]
239	[-59.71965342795278, -2]
239	[-59.71965342795278, -2]
239	[-59.71965342795278, -2]
239	[-59.71965342795278, -2]
239	[-59.71965342795278, -2]
239	[-59.71965342795278, -2]
239	[-59.71965342795278, -2]
239	[-59.71965342795278, -2]
239	[-59.71965342795278, -2]
239	[-59.71965342795278, -2]
239	[-59.71965342795278, -2]
239	[-59.71965342795278, -2]
239	[-59.71965342795278, -2]
239	[-59.71965342795278, -2]
239	[-59.71965342795278, -2]
239	[-59.71965342795278, -2]
239	[-59.71965342795278, -2]
239	[-59.71965342795278, -2]
239	[-59.71965342795278, -2]
239	[-59.71965342795278, -2]
239	[-59.71965342795278, -2]
239	[-59.71965342795278, -2]
239	[-59.71965342795278, -2]
240	[-59.725262463681126, 0]
240	[-59.725262463681126, 0]
240	[-59.725262463681126, 0]
240	[-59.725262463681126, 0]
240	[-59.725262463681126, 0]
240	[-59.725262463681126, 0]
240	[-59.71965342795278, -2]
240	[-59.71965342795278, -2]
240	[-59.71965342795278, -2]
240	[-59.71965342795278, -2]
240	[-59.71965342795278, -2]
240	[-59.71965342795278, -2]
240	[-59.71965342795278, -2]
240	[-59.71965342795278, -2]
240	[-59.71965342795278, -2]
240	[-59.71965342795278, -2]
240	[-59.71965342795278, -2]
240	[-59.71965342795278, -2]
240	[-59.71965342795278, -2]
240	[-59.71965342795278, -2]
240	[-59.71965342795278, -2]
240	[-59.71965342795278, -2]
240	[-59.71965342795278, -2]
240	[-59.71965342795278, -2]
240	[-59.71965342795278, -2]
240	[-59.71965342795278, -2]
240	[-59.71965342795278, -2]
240	[-59.71965342795278, -2]
240	[-59.71965342795278, -2]
240	[-59.71965342795278, -2]
240	[-59.71965342795278, -2]
240	[-59.71965342795278, -2]
240	[-59.71965342795278, -2]
240	[-59.71965342795278, -2]
240	[-59.71965342795278, -2]
240	[-59.71965342795278, -2]
240	[-59.71965342795278, -2]
240	[-59.71965342795278, -2]
240	[-59.71965342795278, -2]
240	[-59.71965342795278, -2]
240	[-59.71965342795278, -2]
240	[-59.71965342795278, -2]
240	[-59.71965342795278, -2]
240	[-59.71965342795278, -2]
240	[-59.71965342795278, -2]
240	[-59.71965342795278, -2]
240	[-59.71965342795278, -2]
240	[-59.71965342795278, -2]
240	[-59.71965342795278, -2]
240	[-59.71965342795278, -2]
240	[-59.71965342795278, -2]
240	[-59.71965342795278, -2]
240	[-59.71965342795278, -2]
240	[-59.71965342795278, -2]
240	[-59.71965342795278, -2]
240	[-59.71965342795278, -2]
240	[-59.71965342795278, -2]
240	[-59.71965342795278, -2]
240	[-59.71965342795278, -2]
240	[-59.71965342795278, -2]
240	[-59.71965342795278, -2]
240	[-59.71965342795278, -2]
240	[-59.71965342795278, -2]
240	[-59.71965342795278, -2]
240	[-59.71965342795278, -2]
240	[-59.71965342795278, -2]
240	[-59.71965342795278, -2]
240	[-59.71965342795278, -2]
240	[-59.71965342795278, -2]
240	[-59.71965342795278, -2]
240	[-59.71965342795278, -2]
240	[-59.71965342795278, -2]
240	[-59.71965342795278, -2]
240	[-59.71965342795278, -2]
240	[-59.71965342795278, -2]
240	[-59.71965342795278, -2]
240	[-59.71965342795278, -2]
240	[-59.71965342795278, -2]
240	[-59.71965342795278, -2]
240	[-59.71965342795278, -2]
241	[-59.725262463681126, 0]
241	[-59.725262463681126, 0]
241	[-59.725262463681126, 0]
241	[-59.725262463681126, 0]
241	[-59.725262463681126, 0]
241	[-59.725262463681126, 0]
241	[-59.725262463681126, 0]
241	[-59.725262463681126, 0]
241	[-59.725262463681126, 0]
241	[-59.71965342795278, -2]
241	[-59.71965342795278, -2]
241	[-59.71965342795278, -2]
241	[-59.71965342795278, -2]
241	[-59.71965342795278, -2]
241	[-59.71965342795278, -2]
241	[-59.71965342795278, -2]
241	[-59.71965342795278, -2]
241	[-59.71965342795278, -2]
241	[-59.71965342795278, -2]
241	[-59.71965342795278, -2]
241	[-59.71965342795278, -2]
241	[-59.71965342795278, -2]
241	[-59.71965342795278, -2]
241	[-59.71965342795278, -2]
241	[-59.71965342795278, -2]
241	[-59.71965342795278, -2]
241	[-59.71965342795278, -2]
241	[-59.71965342795278, -2]
241	[-59.71965342795278, -2]
241	[-59.71965342795278, -2]
241	[-59.71965342795278, -2]
241	[-59.71965342795278, -2]
241	[-59.71965342795278, -2]
241	[-59.71965342795278, -2]
241	[-59.71965342795278, -2]
241	[-59.71965342795278, -2]
241	[-59.71965342795278, -2]
241	[-59.71965342795278, -2]
241	[-59.71965342795278, -2]
241	[-59.71965342795278, -2]
241	[-59.71965342795278, -2]
241	[-59.71965342795278, -2]
241	[-59.71965342795278, -2]
241	[-59.71965342795278, -2]
241	[-59.71965342795278, -2]
241	[-59.71965342795278, -2]
241	[-59.71965342795278, -2]
241	[-59.71965342795278, -2]
241	[-59.71965342795278, -2]
241	[-59.71965342795278, -2]
241	[-59.71965342795278, -2]
241	[-59.71965342795278, -2]
241	[-59.71965342795278, -2]
241	[-59.71965342795278, -2]
241	[-59.71965342795278, -2]
241	[-59.71965342795278, -2]
241	[-59.71965342795278, -2]
241	[-59.71965342795278, -2]
241	[-59.71965342795278, -2]
241	[-59.71965342795278, -2]
241	[-59.71965342795278, -2]
241	[-59.71965342795278, -2]
241	[-59.71965342795278, -2]
241	[-59.71965342795278, -2]
241	[-59.71965342795278, -2]
241	[-59.71965342795278, -2]
241	[-59.71965342795278, -2]
241	[-59.71965342795278, -2]
241	[-59.71965342795278, -2]
241	[-59.71965342795278, -2]
241	[-59.71965342795278, -2]
241	[-59.71965342795278, -2]
241	[-59.71965342795278, -2]
241	[-59.71965342795278, -2]
241	[-59.71965342795278, -2]
241	[-59.71965342795278, -2]
241	[-59.71965342795278, -2]
241	[-59.71965342795278, -2]
241	[-59.71965342795278, -2]
241	[-59.71965342795278, -2]
242	[-59.725262463681126, 0]
242	[-59.725262463681126, 0]
242	[-59.725262463681126, 0]
242	[-59.725262463681126, 0]
242	[-59.725262463681126, 0]
242	[-59.725262463681126, 0]
242	[-59.725262463681126, 0]
242	[-59.725262463681126, 0]
242	[-59.725262463681126, 0]
242	[-59.725262463681126, 0]
242	[-59.71965342795278, -2]
242	[-59.71965342795278, -2]
242	[-59.71965342795278, -2]
242	[-59.71965342795278, -2]
242	[-59.71965342795278, -2]
242	[-59.71965342795278, -2]
242	[-59.71965342795278, -2]
242	[-59.71965342795278, -2]
242	[-59.71965342795278, -2]
242	[-59.71965342795278, -2]
242	[-59.71965342795278, -2]
242	[-59.71965342795278, -2]
242	[-59.71965342795278, -2]
242	[-59.71965342795278, -2]
242	[-59.71965342795278, -2]
242	[-59.71965342795278, -2]
242	[-59.71965342795278, -2]
242	[-59.71965342795278, -2]
242	[-59.71965342795278, -2]
242	[-59.71965342795278, -2]
242	[-59.71965342795278, -2]
242	[-59.71965342795278, -2]
242	[-59.71965342795278, -2]
242	[-59.71965342795278, -2]
242	[-59.71965342795278, -2]
242	[-59.71965342795278, -2]
242	[-59.71965342795278, -2]
242	[-59.71965342795278, -2]
242	[-59.71965342795278, -2]
242	[-59.71965342795278, -2]
242	[-59.71965342795278, -2]
242	[-59.71965342795278, -2]
242	[-59.71965342795278, -2]
242	[-59.71965342795278, -2]
242	[-59.71965342795278, -2]
242	[-59.71965342795278, -2]
242	[-59.71965342795278, -2]
242	[-59.71965342795278, -2]
242	[-59.71965342795278, -2]
242	[-59.71965342795278, -2]
242	[-59.71965342795278, -2]
242	[-59.71965342795278, -2]
242	[-59.71965342795278, -2]
242	[-59.71965342795278, -2]
242	[-59.71965342795278, -2]
242	[-59.71965342795278, -2]
242	[-59.71965342795278, -2]
242	[-59.71965342795278, -2]
242	[-59.71965342795278, -2]
242	[-59.71965342795278, -2]
242	[-59.71965342795278, -2]
242	[-59.71965342795278, -2]
242	[-59.71965342795278, -2]
242	[-59.71965342795278, -2]
242	[-59.71965342795278, -2]
242	[-59.71965342795278, -2]
242	[-59.71965342795278, -2]
242	[-59.71965342795278, -2]
242	[-59.71965342795278, -2]
242	[-59.71965342795278, -2]
242	[-59.71965342795278, -2]
242	[-59.71965342795278, -2]
242	[-59.71965342795278, -2]
242	[-59.71965342795278, -2]
242	[-59.71965342795278, -2]
242	[-59.71965342795278, -2]
242	[-59.71965342795278, -2]
242	[-59.71965342795278, -2]
242	[-59.71965342795278, -2]
242	[-59.71965342795278, -2]
243	[-59.725262463681126, 0]
243	[-59.725262463681126, 0]
243	[-59.725262463681126, 0]
243	[-59.725262463681126, 0]
243	[-59.725262463681126, 0]
243	[-59.725262463681126, 0]
243	[-59.725262463681126, 0]
243	[-59.725262463681126, 0]
243	[-59.725262463681126, 0]
243	[-59.725262463681126, 0]
243	[-59.725262463681126, 0]
243	[-59.725262463681126, 0]
243	[-59.71965342795278, -2]
243	[-59.71965342795278, -2]
243	[-59.71965342795278, -2]
243	[-59.71965342795278, -2]
243	[-59.71965342795278, -2]
243	[-59.71965342795278, -2]
243	[-59.71965342795278, -2]
243	[-59.71965342795278, -2]
243	[-59.71965342795278, -2]
243	[-59.71965342795278, -2]
243	[-59.71965342795278, -2]
243	[-59.71965342795278, -2]
243	[-59.71965342795278, -2]
243	[-59.71965342795278, -2]
243	[-59.71965342795278, -2]
243	[-59.71965342795278, -2]
243	[-59.71965342795278, -2]
243	[-59.71965342795278, -2]
243	[-59.71965342795278, -2]
243	[-59.71965342795278, -2]
243	[-59.71965342795278, -2]
243	[-59.71965342795278, -2]
243	[-59.71965342795278, -2]
243	[-59.71965342795278, -2]
243	[-59.71965342795278, -2]
243	[-59.71965342795278, -2]
243	[-59.71965342795278, -2]
243	[-59.71965342795278, -2]
243	[-59.71965342795278, -2]
243	[-59.71965342795278, -2]
243	[-59.71965342795278, -2]
243	[-59.71965342795278, -2]
243	[-59.71965342795278, -2]
243	[-59.71965342795278, -2]
243	[-59.71965342795278, -2]
243	[-59.71965342795278, -2]
243	[-59.71965342795278, -2]
243	[-59.71965342795278, -2]
243	[-59.71965342795278, -2]
243	[-59.71965342795278, -2]
243	[-59.71965342795278, -2]
243	[-59.71965342795278, -2]
243	[-59.71965342795278, -2]
243	[-59.71965342795278, -2]
243	[-59.71965342795278, -2]
243	[-59.71965342795278, -2]
243	[-59.71965342795278, -2]
243	[-59.71965342795278, -2]
243	[-59.71965342795278, -2]
243	[-59.71965342795278, -2]
243	[-59.71965342795278, -2]
243	[-59.71965342795278, -2]
243	[-59.71965342795278, -2]
243	[-59.71965342795278, -2]
243	[-59.71965342795278, -2]
243	[-59.71965342795278, -2]
243	[-59.71965342795278, -2]
243	[-59.71965342795278, -2]
243	[-59.71965342795278, -2]
243	[-59.71965342795278, -2]
243	[-59.71965342795278, -2]
243	[-59.71965342795278, -2]
243	[-59.71965342795278, -2]
243	[-59.71965342795278, -2]
243	[-59.71965342795278, -2]
243	[-59.71965342795278, -2]
243	[-59.71965342795278, -2]
243	[-59.71965342795278, -2]
244	[-59.6157220770955, 0]
245	[-59.6157220770955, 0]
245	[-59.6157220770955, 0]
246	[-59.6157220770955, 0]
246	[-59.6157220770955, 0]
246	[-59.6157220770955, 0]
247	[-59.6157220770955, 0]
247	[-59.6157220770955, 0]
247	[-59.6157220770955, 0]
247	[-59.6157220770955, 0]
247	[-59.6157220770955, 0]
248	[-59.6157220770955, 0]
248	[-59.6157220770955, 0]
248	[-59.6157220770955, 0]
248	[-59.6157220770955, 0]
248	[-59.6157220770955, 0]
248	[-59.6157220770955, 0]
248	[-59.6157220770955, 0]
248	[-59.6157220770955, 0]
249	[-59.6157220770955, 0]
249	[-59.6157220770955, 0]
249	[-59.6157220770955, 0]
249	[-59.6157220770955, 0]
249	[-59.6157220770955, 0]
249	[-59.6157220770955, 0]
249	[-59.6157220770955, 0]
249	[-59.6157220770955, 0]
249	[-59.6157220770955, 0]
249	[-59.6157220770955, 0]
249	[-59.6157220770955, 0]
249	[-59.6157220770955, 0]
249	[-59.6157220770955, 0]
249	[-59.6157220770955, 0]
249	[-59.6157220770955, 0]
249	[-59.6157220770955, 0]
249	[-59.6157220770955, 0]
249	[-59.6157220770955, 0]
249	[-59.6157220770955, 0]
249	[-59.6157220770955, 0]
250	[-59.6157220770955, 0]
250	[-59.6157220770955, 0]
250	[-59.6157220770955, 0]
250	[-59.6157220770955, 0]
250	[-59.6157220770955, 0]
250	[-59.6157220770955, 0]
250	[-59.6157220770955, 0]
250	[-59.6157220770955, 0]
250	[-59.6157220770955, 0]
250	[-59.6157220770955, 0]
250	[-59.6157220770955, 0]
250	[-59.6157220770955, 0]
250	[-59.6157220770955, 0]
250	[-59.6157220770955, 0]
250	[-59.6157220770955, 0]
250	[-59.6157220770955, 0]
250	[-59.6157220770955, 0]
250	[-59.6157220770955, 0]
250	[-59.6157220770955, 0]
250	[-59.6157220770955, 0]
250	[-59.6157220770955, 0]
250	[-59.6157220770955, 0]
250	[-59.6157220770955, 0]
250	[-59.6157220770955, 0]
250	[-59.6157220770955, 0]
250	[-59.6157220770955, 0]
250	[-59.6157220770955, 0]
250	[-59.6157220770955, 0]
250	[-59.6157220770955, 0]
250	[-59.6157220770955, 0]
250	[-59.6157220770955, 0]
250	[-59.6157220770955, 0]
250	[-59.6157220770955, 0]
251	[-59.6157220770955, 0]
251	[-59.6157220770955, 0]
251	[-59.6157220770955, 0]
251	[-59.6157220770955, 0]
251	[-59.6157220770955, 0]
251	[-59.6157220770955, 0]
251	[-59.6157220770955, 0]
251	[-59.6157220770955, 0]
251	[-59.6157220770955, 0]
251	[-59.6157220770955, 0]
251	[-59.6157220770955, 0]
251	[-59.6157220770955, 0]
251	[-59.6157220770955, 0]
251	[-59.6157220770955, 0]
251	[-59.6157220770955, 0]
251	[-59.6157220770955, 0]
251	[-59.6157220770955, 0]
251	[-59.6157220770955, 0]
251	[-59.6157220770955, 0]
251	[-59.6157220770955, 0]
251	[-59.6157220770955, 0]
251	[-59.6157220770955, 0]
251	[-59.6157220770955, 0]
251	[-59.6157220770955, 0]
251	[-59.6157220770955, 0]
251	[-59.6157220770955, 0]
251	[-59.6157220770955, 0]
251	[-59.6157220770955, 0]
251	[-59.6157220770955, 0]
251	[-59.6157220770955, 0]
251	[-59.6157220770955, 0]
251	[-59.6157220770955, 0]
251	[-59.6157220770955, 0]
251	[-59.6157220770955, 0]
251	[-59.6157220770955, 0]
251	[-59.6157220770955, 0]
251	[-59.6157220770955, 0]
251	[-59.6157220770955, 0]
251	[-59.6157220770955, 0]
251	[-59.6157220770955, 0]
251	[-59.6157220770955, 0]
251	[-59.6157220770955, 0]
251	[-59.6157220770955, 0]
251	[-59.6157220770955, 0]
251	[-59.6157220770955, 0]
251	[-59.6157220770955, 0]
251	[-59.6157220770955, 0]
251	[-59.6157220770955, 0]
251	[-59.6157220770955, 0]
251	[-59.6157220770955, 0]
251	[-59.6157220770955, 0]
252	[-59.6157220770955, 0]
252	[-59.6157220770955, 0]
252	[-59.6157220770955, 0]
252	[-59.6157220770955, 0]
252	[-59.6157220770955, 0]
252	[-59.6157220770955, 0]
252	[-59.6157220770955, 0]
252	[-59.6157220770955, 0]
252	[-59.6157220770955, 0]
252	[-59.6157220770955, 0]
252	[-59.6157220770955, 0]
252	[-59.6157220770955, 0]
252	[-59.6157220770955, 0]
252	[-59.6157220770955, 0]
252	[-59.6157220770955, 0]
252	[-59.6157220770955, 0]
252	[-59.6157220770955, 0]
252	[-59.6157220770955, 0]
252	[-59.6157220770955, 0]
252	[-59.6157220770955, 0]
252	[-59.6157220770955, 0]
252	[-59.6157220770955, 0]
252	[-59.6157220770955, 0]
252	[-59.6157220770955, 0]
252	[-59.6157220770955, 0]
252	[-59.6157220770955, 0]
252	[-59.6157220770955, 0]
252	[-59.6157220770955, 0]
252	[-59.6157220770955, 0]
252	[-59.6157220770955, 0]
252	[-59.6157220770955, 0]
252	[-59.6157220770955, 0]
252	[-59.6157220770955, 0]
252	[-59.6157220770955, 0]
252	[-59.6157220770955, 0]
252	[-59.6157220770955, 0]
252	[-59.6157220770955, 0]
252	[-59.6157220770955, 0]
252	[-59.6157220770955, 0]
252	[-59.6157220770955, 0]
252	[-59.6157220770955, 0]
252	[-59.6157220770955, 0]
252	[-59.6157220770955, 0]
252	[-59.6157220770955, 0]
252	[-59.6157220770955, 0]
252	[-59.6157220770955, 0]
252	[-59.6157220770955, 0]
252	[-59.6157220770955, 0]
252	[-59.6157220770955, 0]
252	[-59.6157220770955, 0]
252	[-59.6157220770955, 0]
252	[-59.6157220770955, 0]
252	[-59.6157220770955, 0]
252	[-59.6157220770955, 0]
252	[-59.6157220770955, 0]
252	[-59.6157220770955, 0]
252	[-59.6157220770955, 0]
252	[-59.6157220770955, 0]
252	[-59.6157220770955, 0]
253	[-59.6157220770955, 0]
253	[-59.6157220770955, 0]
253	[-59.6157220770955, 0]
253	[-59.6157220770955, 0]
253	[-59.6157220770955, 0]
253	[-59.6157220770955, 0]
253	[-59.6157220770955, 0]
253	[-59.6157220770955, 0]
253	[-59.6157220770955, 0]
253	[-59.6157220770955, 0]
253	[-59.6157220770955, 0]
253	[-59.6157220770955, 0]
253	[-59.6157220770955, 0]
253	[-59.6157220770955, 0]
253	[-59.6157220770955, 0]
253	[-59.6157220770955, 0]
253	[-59.6157220770955, 0]
253	[-59.6157220770955, 0]
253	[-59.6157220770955, 0]
253	[-59.6157220770955, 0]
253	[-59.6157220770955, 0]
253	[-59.6157220770955, 0]
253	[-59.6157220770955, 0]
253	[-59.6157220770955, 0]
253	[-59.6157220770955, 0]
253	[-59.6157220770955, 0]
253	[-59.6157220770955, 0]
253	[-59.6157220770955, 0]
253	[-59.6157220770955, 0]
253	[-59.6157220770955, 0]
253	[-59.6157220770955, 0]
253	[-59.6157220770955, 0]
253	[-59.6157220770955, 0]
253	[-59.6157220770955, 0]
253	[-59.6157220770955, 0]
253	[-59.6157220770955, 0]
253	[-59.6157220770955, 0]
253	[-59.6157220770955, 0]
253	[-59.6157220770955, 0]
253	[-59.6157220770955, 0]
253	[-59.6157220770955, 0]
253	[-59.6157220770955, 0]
253	[-59.6157220770955, 0]
253	[-59.6157220770955, 0]
253	[-59.6157220770955, 0]
253	[-59.6157220770955, 0]
253	[-59.6157220770955, 0]
253	[-59.6157220770955, 0]
253	[-59.6157220770955, 0]
253	[-59.6157220770955, 0]
253	[-59.6157220770955, 0]
253	[-59.6157220770955, 0]
253	[-59.6157220770955, 0]
253	[-59.6157220770955, 0]
253	[-59.6157220770955, 0]
253	[-59.6157220770955, 0]
253	[-59.6157220770955, 0]
253	[-59.6157220770955, 0]
253	[-59.6157220770955, 0]
253	[-59.6157220770955, 0]
253	[-59.6157220770955, 0]
253	[-59.6157220770955, 0]
253	[-59.6157220770955, 0]
253	[-59.6157220770955, 0]
253	[-59.6157220770955, 0]
253	[-59.6157220770955, 0]
253	[-59.6157220770955, 0]
253	[-59.6157220770955, 0]
254	[-59.6157220770955, 0]
254	[-59.6157220770955, 0]
254	[-59.6157220770955, 0]
254	[-59.6157220770955, 0]
254	[-59.6157220770955, 0]
254	[-59.6157220770955, 0]
254	[-59.6157220770955, 0]
254	[-59.6157220770955, 0]
254	[-59.6157220770955, 0]
254	[-59.6157220770955, 0]
254	[-59.6157220770955, 0]
254	[-59.6157220770955, 0]
254	[-59.6157220770955, 0]
254	[-59.6157220770955, 0]
254	[-59.6157220770955, 0]
254	[-59.6157220770955, 0]
254	[-59.6157220770955, 0]
254	[-59.6157220770955, 0]
254	[-59.6157220770955, 0]
254	[-59.6157220770955, 0]
254	[-59.6157220770955, 0]
254	[-59.6157220770955, 0]
254	[-59.6157220770955, 0]
254	[-59.6157220770955, 0]
254	[-59.6157220770955, 0]
254	[-59.6157220770955, 0]
254	[-59.6157220770955, 0]
254	[-59.6157220770955, 0]
254	[-59.6157220770955, 0]
254	[-59.6157220770955, 0]
254	[-59.6157220770955, 0]
254	[-59.6157220770955, 0]
254	[-59.6157220770955, 0]
254	[-59.6157220770955, 0]
254	[-59.6157220770955, 0]
254	[-59.6157220770955, 0]
254	[-59.6157220770955, 0]
254	[-59.6157220770955, 0]
254	[-59.6157220770955, 0]
254	[-59.6157220770955, 0]
254	[-59.6157220770955, 0]
254	[-59.6157220770955, 0]
254	[-59.6157220770955, 0]
254	[-59.6157220770955, 0]
254	[-59.6157220770955, 0]
254	[-59.6157220770955, 0]
254	[-59.6157220770955, 0]
254	[-59.6157220770955, 0]
254	[-59.6157220770955, 0]
254	[-59.6157220770955, 0]
254	[-59.6157220770955, 0]
254	[-59.6157220770955, 0]
254	[-59.6157220770955, 0]
254	[-59.6157220770955, 0]
254	[-59.6157220770955, 0]
254	[-59.6157220770955, 0]
254	[-59.6157220770955, 0]
254	[-59.6157220770955, 0]
254	[-59.6157220770955, 0]
254	[-59.6157220770955, 0]
254	[-59.6157220770955, 0]
254	[-59.6157220770955, 0]
254	[-59.6157220770955, 0]
254	[-59.6157220770955, 0]
254	[-59.6157220770955, 0]
254	[-59.6157220770955, 0]
254	[-59.6157220770955, 0]
254	[-59.6157220770955, 0]
254	[-59.6157220770955, 0]
254	[-59.6157220770955, 0]
254	[-59.6157220770955, 0]
254	[-59.6157220770955, 0]
254	[-59.6157220770955, 0]
254	[-59.6157220770955, 0]
254	[-59.6157220770955, 0]
254	[-59.6157220770955, 0]
254	[-59.6157220770955, 0]
254	[-59.6157220770955, 0]
254	[-59.6157220770955, 0]
254	[-59.6157220770955, 0]
255	[-59.6157220770955, 0]
255	[-59.6157220770955, 0]
255	[-59.6157220770955, 0]
255	[-59.6157220770955, 0]
255	[-59.6157220770955, 0]
255	[-59.6157220770955, 0]
255	[-59.6157220770955, 0]
255	[-59.6157220770955, 0]
255	[-59.6157220770955, 0]
255	[-59.6157220770955, 0]
255	[-59.6157220770955, 0]
255	[-59.6157220770955, 0]
255	[-59.6157220770955, 0]
255	[-59.6157220770955, 0]
255	[-59.6157220770955, 0]
255	[-59.6157220770955, 0]
255	[-59.6157220770955, 0]
255	[-59.6157220770955, 0]
255	[-59.6157220770955, 0]
255	[-59.6157220770955, 0]
255	[-59.6157220770955, 0]
255	[-59.6157220770955, 0]
255	[-59.6157220770955, 0]
255	[-59.6157220770955, 0]
255	[-59.6157220770955, 0]
255	[-59.6157220770955, 0]
255	[-59.6157220770955, 0]
255	[-59.6157220770955, 0]
255	[-59.6157220770955, 0]
255	[-59.6157220770955, 0]
255	[-59.6157220770955, 0]
255	[-59.6157220770955, 0]
255	[-59.6157220770955, 0]
255	[-59.6157220770955, 0]
255	[-59.6157220770955, 0]
255	[-59.6157220770955, 0]
255	[-59.6157220770955, 0]
255	[-59.6157220770955, 0]
255	[-59.6157220770955, 0]
255	[-59.6157220770955, 0]
255	[-59.6157220770955, 0]
255	[-59.6157220770955, 0]
255	[-59.6157220770955, 0]
255	[-59.6157220770955, 0]
255	[-59.6157220770955, 0]
255	[-59.6157220770955, 0]
255	[-59.6157220770955, 0]
255	[-59.6157220770955, 0]
255	[-59.6157220770955, 0]
255	[-59.6157220770955, 0]
255	[-59.6157220770955, 0]
255	[-59.6157220770955, 0]
255	[-59.6157220770955, 0]
255	[-59.6157220770955, 0]
255	[-59.6157220770955, 0]
255	[-59.6157220770955, 0]
255	[-59.6157220770955, 0]
255	[-59.6157220770955, 0]
255	[-59.6157220770955, 0]
255	[-59.6157220770955, 0]
255	[-59.6157220770955, 0]
255	[-59.6157220770955, 0]
255	[-59.6157220770955, 0]
255	[-59.6157220770955, 0]
255	[-59.6157220770955, 0]
255	[-59.6157220770955, 0]
255	[-59.6157220770955, 0]
255	[-59.6157220770955, 0]
255	[-59.6157220770955, 0]
255	[-59.6157220770955, 0]
255	[-59.6157220770955, 0]
255	[-59.6157220770955, 0]
255	[-59.6157220770955, 0]
255	[-59.6157220770955, 0]
255	[-59.6157220770955, 0]
255	[-59.6157220770955, 0]
255	[-59.6157220770955, 0]
255	[-59.6157220770955, 0]
255	[-59.6157220770955, 0]
255	[-58.70511515777753, -1]
256	[-59.6157220770955, 0]
256	[-59.6157220770955, 0]
256	[-59.6157220770955, 0]
256	[-59.6157220770955, 0]
256	[-59.6157220770955, 0]
256	[-59.6157220770955, 0]
256	[-59.6157220770955, 0]
256	[-59.6157220770955, 0]
256	[-59.6157220770955, 0]
256	[-59.6157220770955, 0]
256	[-59.6157220770955, 0]
256	[-59.6157220770955, 0]
256	[-59.6157220770955, 0]
256	[-59.6157220770955, 0]
256	[-59.6157220770955, 0]
256	[-59.6157220770955, 0]
256	[-59.6157220770955, 0]
256	[-59.6157220770955, 0]
256	[-59.6157220770955, 0]
256	[-59.6157220770955, 0]
256	[-59.6157220770955, 0]
256	[-59.6157220770955, 0]
256	[-59.6157220770955, 0]
256	[-59.6157220770955, 0]
256	[-59.6157220770955, 0]
256	[-59.6157220770955, 0]
256	[-59.6157220770955, 0]
256	[-59.6157220770955, 0]
256	[-59.6157220770955, 0]
256	[-59.6157220770955, 0]
256	[-59.6157220770955, 0]
256	[-59.6157220770955, 0]
256	[-59.6157220770955, 0]
256	[-59.6157220770955, 0]
256	[-59.6157220770955, 0]
256	[-59.6157220770955, 0]
256	[-59.6157220770955, 0]
256	[-59.6157220770955, 0]
256	[-59.6157220770955, 0]
256	[-59.6157220770955, 0]
256	[-59.6157220770955, 0]
256	[-59.6157220770955, 0]
256	[-59.6157220770955, 0]
256	[-59.6157220770955, 0]
256	[-59.6157220770955, 0]
256	[-59.6157220770955, 0]
256	[-59.6157220770955, 0]
256	[-59.6157220770955, 0]
256	[-59.6157220770955, 0]
256	[-59.6157220770955, 0]
256	[-59.6157220770955, 0]
256	[-59.6157220770955, 0]
256	[-59.6157220770955, 0]
256	[-59.6157220770955, 0]
256	[-59.6157220770955, 0]
256	[-59.6157220770955, 0]
256	[-59.6157220770955, 0]
256	[-59.6157220770955, 0]
256	[-59.6157220770955, 0]
256	[-59.6157220770955, 0]
256	[-59.6157220770955, 0]
256	[-59.6157220770955, 0]
256	[-59.6157220770955, 0]
256	[-59.6157220770955, 0]
256	[-59.6157220770955, 0]
256	[-59.6157220770955, 0]
256	[-59.6157220770955, 0]
256	[-59.6157220770955, 0]
256	[-59.6157220770955, 0]
256	[-59.6157220770955, 0]
256	[-59.6157220770955, 0]
256	[-59.6157220770955, 0]
256	[-59.6157220770955, 0]
256	[-59.6157220770955, 0]
256	[-59.6157220770955, 0]
256	[-59.6157220770955, 0]
256	[-59.6157220770955, 0]
256	[-59.6157220770955, 0]
256	[-59.6157220770955, 0]
256	[-58.70511515777753, -1]
257	[-59.6157220770955, 0]
257	[-59.6157220770955, 0]
257	[-59.6157220770955, 0]
257	[-59.6157220770955, 0]
257	[-59.6157220770955, 0]
257	[-59.6157220770955, 0]
257	[-59.6157220770955, 0]
257	[-59.6157220770955, 0]
257	[-59.6157220770955, 0]
257	[-59.6157220770955, 0]
257	[-59.6157220770955, 0]
257	[-59.6157220770955, 0]
257	[-59.6157220770955, 0]
257	[-59.6157220770955, 0]
257	[-59.6157220770955, 0]
257	[-59.6157220770955, 0]
257	[-59.6157220770955, 0]
257	[-59.6157220770955, 0]
257	[-59.6157220770955, 0]
257	[-59.6157220770955, 0]
257	[-59.6157220770955, 0]
257	[-59.6157220770955, 0]
257	[-59.6157220770955, 0]
257	[-59.6157220770955, 0]
257	[-59.6157220770955, 0]
257	[-59.6157220770955, 0]
257	[-59.6157220770955, 0]
257	[-59.6157220770955, 0]
257	[-59.6157220770955, 0]
257	[-59.6157220770955, 0]
257	[-59.6157220770955, 0]
257	[-59.6157220770955, 0]
257	[-59.6157220770955, 0]
257	[-59.6157220770955, 0]
257	[-59.6157220770955, 0]
257	[-59.6157220770955, 0]
257	[-59.6157220770955, 0]
257	[-59.6157220770955, 0]
257	[-59.6157220770955, 0]
257	[-59.6157220770955, 0]
257	[-59.6157220770955, 0]
257	[-59.6157220770955, 0]
257	[-59.6157220770955, 0]
257	[-59.6157220770955, 0]
257	[-59.6157220770955, 0]
257	[-59.6157220770955, 0]
257	[-59.6157220770955, 0]
257	[-59.6157220770955, 0]
257	[-59.6157220770955, 0]
257	[-59.6157220770955, 0]
257	[-59.6157220770955, 0]
257	[-59.6157220770955, 0]
257	[-59.6157220770955, 0]
257	[-59.6157220770955, 0]
257	[-59.6157220770955, 0]
257	[-59.6157220770955, 0]
257	[-59.6157220770955, 0]
257	[-59.6157220770955, 0]
257	[-59.6157220770955, 0]
257	[-59.6157220770955, 0]
257	[-59.6157220770955, 0]
257	[-59.6157220770955, 0]
257	[-59.6157220770955, 0]
257	[-59.6157220770955, 0]
257	[-59.6157220770955, 0]
257	[-59.6157220770955, 0]
257	[-59.6157220770955, 0]
257	[-59.6157220770955, 0]
257	[-59.6157220770955, 0]
257	[-59.6157220770955, 0]
257	[-59.6157220770955, 0]
257	[-59.6157220770955, 0]
257	[-59.6157220770955, 0]
257	[-59.6157220770955, 0]
257	[-59.6157220770955, 0]
257	[-59.6157220770955, 0]
257	[-59.6157220770955, 0]
257	[-58.70511515777753, -1]
257	[-58.70511515777753, -1]
257	[-58.70511515777753, -1]
258	[-59.6157220770955, 0]
258	[-59.6157220770955, 0]
258	[-59.6157220770955, 0]
258	[-59.6157220770955, 0]
258	[-59.6157220770955, 0]
258	[-59.6157220770955, 0]
258	[-59.6157220770955, 0]
258	[-59.6157220770955, 0]
258	[-59.6157220770955, 0]
258	[-59.6157220770955, 0]
258	[-59.6157220770955, 0]
258	[-59.6157220770955, 0]
258	[-59.6157220770955, 0]
258	[-59.6157220770955, 0]
258	[-59.6157220770955, 0]
258	[-59.6157220770955, 0]
258	[-59.6157220770955, 0]
258	[-59.6157220770955, 0]
258	[-59.6157220770955, 0]
258	[-59.6157220770955, 0]
258	[-59.6157220770955, 0]
258	[-59.6157220770955, 0]
258	[-59.6157220770955, 0]
258	[-59.6157220770955, 0]
258	[-59.6157220770955, 0]
258	[-59.6157220770955, 0]
258	[-59.6157220770955, 0]
258	[-59.6157220770955, 0]
258	[-59.6157220770955, 0]
258	[-59.6157220770955, 0]
258	[-59.6157220770955, 0]
258	[-59.6157220770955, 0]
258	[-59.6157220770955, 0]
258	[-59.6157220770955, 0]
258	[-59.6157220770955, 0]
258	[-59.6157220770955, 0]
258	[-59.6157220770955, 0]
258	[-59.6157220770955, 0]
258	[-59.6157220770955, 0]
258	[-59.6157220770955, 0]
258	[-59.6157220770955, 0]
258	[-59.6157220770955, 0]
258	[-59.6157220770955, 0]
258	[-59.6157220770955, 0]
258	[-59.6157220770955, 0]
258	[-59.6157220770955, 0]
258	[-59.6157220770955, 0]
258	[-59.6157220770955, 0]
258	[-59.6157220770955, 0]
258	[-59.6157220770955, 0]
258	[-59.6157220770955, 0]
258	[-59.6157220770955, 0]
258	[-59.6157220770955, 0]
258	[-59.6157220770955, 0]
258	[-59.6157220770955, 0]
258	[-59.6157220770955, 0]
258	[-59.6157220770955, 0]
258	[-59.6157220770955, 0]
258	[-59.6157220770955, 0]
258	[-59.6157220770955, 0]
258	[-59.6157220770955, 0]
258	[-59.6157220770955, 0]
258	[-59.6157220770955, 0]
258	[-59.6157220770955, 0]
258	[-59.6157220770955, 0]
258	[-59.6157220770955, 0]
258	[-59.6157220770955, 0]
258	[-59.6157220770955, 0]
258	[-59.6157220770955, 0]
258	[-59.6157220770955, 0]
258	[-59.6157220770955, 0]
258	[-59.6157220770955, 0]
258	[-59.6157220770955, 0]
258	[-59.6157220770955, 0]
258	[-59.6157220770955, 0]
258	[-59.6157220770955, 0]
258	[-59.6157220770955, 0]
258	[-58.70511515777753, -1]
258	[-58.70511515777753, -1]
258	[-58.70511515777753, -1]
259	[-59.6157220770955, 0]
259	[-59.6157220770955, 0]
259	[-59.6157220770955, 0]
259	[-59.6157220770955, 0]
259	[-59.6157220770955, 0]
259	[-59.6157220770955, 0]
259	[-59.6157220770955, 0]
259	[-59.6157220770955, 0]
259	[-59.6157220770955, 0]
259	[-59.6157220770955, 0]
259	[-59.6157220770955, 0]
259	[-59.6157220770955, 0]
259	[-59.6157220770955, 0]
259	[-59.6157220770955, 0]
259	[-59.6157220770955, 0]
259	[-59.6157220770955, 0]
259	[-59.6157220770955, 0]
259	[-59.6157220770955, 0]
259	[-59.6157220770955, 0]
259	[-59.6157220770955, 0]
259	[-59.6157220770955, 0]
259	[-59.6157220770955, 0]
259	[-59.6157220770955, 0]
259	[-59.6157220770955, 0]
259	[-59.6157220770955, 0]
259	[-59.6157220770955, 0]
259	[-59.6157220770955, 0]
259	[-59.6157220770955, 0]
259	[-59.6157220770955, 0]
259	[-59.6157220770955, 0]
259	[-59.6157220770955, 0]
259	[-59.6157220770955, 0]
259	[-59.6157220770955, 0]
259	[-59.6157220770955, 0]
259	[-59.6157220770955, 0]
259	[-59.6157220770955, 0]
259	[-59.6157220770955, 0]
259	[-59.6157220770955, 0]
259	[-59.6157220770955, 0]
259	[-59.6157220770955, 0]
259	[-59.6157220770955, 0]
259	[-59.6157220770955, 0]
259	[-59.6157220770955, 0]
259	[-59.6157220770955, 0]
259	[-59.6157220770955, 0]
259	[-59.6157220770955, 0]
259	[-59.6157220770955, 0]
259	[-59.6157220770955, 0]
259	[-59.6157220770955, 0]
259	[-59.6157220770955, 0]
259	[-59.6157220770955, 0]
259	[-59.6157220770955, 0]
259	[-59.6157220770955, 0]
259	[-59.6157220770955, 0]
259	[-59.6157220770955, 0]
259	[-59.6157220770955, 0]
259	[-59.6157220770955, 0]
259	[-59.6157220770955, 0]
259	[-59.6157220770955, 0]
259	[-59.6157220770955, 0]
259	[-59.6157220770955, 0]
259	[-59.6157220770955, 0]
259	[-59.6157220770955, 0]
259	[-59.6157220770955, 0]
259	[-59.6157220770955, 0]
259	[-59.6157220770955, 0]
259	[-59.6157220770955, 0]
259	[-59.6157220770955, 0]
259	[-59.6157220770955, 0]
259	[-59.6157220770955, 0]
259	[-59.6157220770955, 0]
259	[-59.6157220770955, 0]
259	[-59.6157220770955, 0]
259	[-59.6157220770955, 0]
259	[-59.6157220770955, 0]
259	[-59.6157220770955, 0]
259	[-59.6157220770955, 0]
259	[-58.70511515777753, -1]
259	[-58.70511515777753, -1]
259	[-58.70511515777753, -1]
260	[-59.6157220770955, 0]
260	[-59.6157220770955, 0]
260	[-59.6157220770955, 0]
260	[-59.6157220770955, 0]
260	[-59.6157220770955, 0]
260	[-59.6157220770955, 0]
260	[-59.6157220770955, 0]
260	[-59.6157220770955, 0]
260	[-59.6157220770955, 0]
260	[-59.6157220770955, 0]
260	[-59.6157220770955, 0]
260	[-59.6157220770955, 0]
260	[-59.6157220770955, 0]
260	[-59.6157220770955, 0]
260	[-59.6157220770955, 0]
260	[-59.6157220770955, 0]
260	[-59.6157220770955, 0]
260	[-59.6157220770955, 0]
260	[-59.6157220770955, 0]
260	[-59.6157220770955, 0]
260	[-59.6157220770955, 0]
260	[-59.6157220770955, 0]
260	[-59.6157220770955, 0]
260	[-59.6157220770955, 0]
260	[-59.6157220770955, 0]
260	[-59.6157220770955, 0]
260	[-59.6157220770955, 0]
260	[-59.6157220770955, 0]
260	[-59.6157220770955, 0]
260	[-59.6157220770955, 0]
260	[-59.6157220770955, 0]
260	[-59.6157220770955, 0]
260	[-59.6157220770955, 0]
260	[-59.6157220770955, 0]
260	[-59.6157220770955, 0]
260	[-59.6157220770955, 0]
260	[-59.6157220770955, 0]
260	[-59.6157220770955, 0]
260	[-59.6157220770955, 0]
260	[-59.6157220770955, 0]
260	[-59.6157220770955, 0]
260	[-59.6157220770955, 0]
260	[-59.6157220770955, 0]
260	[-59.6157220770955, 0]
260	[-59.6157220770955, 0]
260	[-59.6157220770955, 0]
260	[-59.6157220770955, 0]
260	[-59.6157220770955, 0]
260	[-59.6157220770955, 0]
260	[-59.6157220770955, 0]
260	[-59.6157220770955, 0]
260	[-59.6157220770955, 0]
260	[-59.6157220770955, 0]
260	[-59.6157220770955, 0]
260	[-59.6157220770955, 0]
260	[-59.6157220770955, 0]
260	[-59.6157220770955, 0]
260	[-59.6157220770955, 0]
260	[-59.6157220770955, 0]
260	[-59.6157220770955, 0]
260	[-59.6157220770955, 0]
260	[-59.6157220770955, 0]
260	[-59.6157220770955, 0]
260	[-59.6157220770955, 0]
260	[-59.6157220770955, 0]
260	[-59.6157220770955, 0]
260	[-59.6157220770955, 0]
260	[-59.6157220770955, 0]
260	[-59.6157220770955, 0]
260	[-59.6157220770955, 0]
260	[-59.6157220770955, 0]
260	[-59.6157220770955, 0]
260	[-59.6157220770955, 0]
260	[-59.6157220770955, 0]
260	[-59.6157220770955, 0]
260	[-59.6157220770955, 0]
260	[-59.6157220770955, 0]
260	[-58.70511515777753, -1]
260	[-58.70511515777753, -1]
260	[-58.70511515777753, -1]
261	[-59.6157220770955, 0]
261	[-59.6157220770955, 0]
261	[-59.6157220770955, 0]
261	[-59.6157220770955, 0]
261	[-59.6157220770955, 0]
261	[-59.6157220770955, 0]
261	[-59.6157220770955, 0]
261	[-59.6157220770955, 0]
261	[-59.6157220770955, 0]
261	[-59.6157220770955, 0]
261	[-59.6157220770955, 0]
261	[-59.6157220770955, 0]
261	[-59.6157220770955, 0]
261	[-59.6157220770955, 0]
261	[-59.6157220770955, 0]
261	[-59.6157220770955, 0]
261	[-59.6157220770955, 0]
261	[-59.6157220770955, 0]
261	[-59.6157220770955, 0]
261	[-59.6157220770955, 0]
261	[-59.6157220770955, 0]
261	[-59.6157220770955, 0]
261	[-59.6157220770955, 0]
261	[-59.6157220770955, 0]
261	[-59.6157220770955, 0]
261	[-59.6157220770955, 0]
261	[-59.6157220770955, 0]
261	[-59.6157220770955, 0]
261	[-59.6157220770955, 0]
261	[-59.6157220770955, 0]
261	[-59.6157220770955, 0]
261	[-59.6157220770955, 0]
261	[-59.6157220770955, 0]
261	[-59.6157220770955, 0]
261	[-59.6157220770955, 0]
261	[-59.6157220770955, 0]
261	[-59.6157220770955, 0]
261	[-59.6157220770955, 0]
261	[-59.6157220770955, 0]
261	[-59.6157220770955, 0]
261	[-59.6157220770955, 0]
261	[-59.6157220770955, 0]
261	[-59.6157220770955, 0]
261	[-59.6157220770955, 0]
261	[-59.6157220770955, 0]
261	[-59.6157220770955, 0]
261	[-59.6157220770955, 0]
261	[-59.6157220770955, 0]
261	[-59.6157220770955, 0]
261	[-59.6157220770955, 0]
261	[-59.6157220770955, 0]
261	[-59.6157220770955, 0]
261	[-59.6157220770955, 0]
261	[-59.6157220770955, 0]
261	[-59.6157220770955, 0]
261	[-59.6157220770955, 0]
261	[-59.6157220770955, 0]
261	[-59.6157220770955, 0]
261	[-59.6157220770955, 0]
261	[-59.6157220770955, 0]
261	[-59.6157220770955, 0]
261	[-59.6157220770955, 0]
261	[-59.6157220770955, 0]
261	[-59.6157220770955, 0]
261	[-59.6157220770955, 0]
261	[-59.6157220770955, 0]
261	[-59.6157220770955, 0]
261	[-59.6157220770955, 0]
261	[-59.6157220770955, 0]
261	[-59.6157220770955, 0]
261	[-59.6157220770955, 0]
261	[-59.6157220770955, 0]
261	[-59.6157220770955, 0]
261	[-59.6157220770955, 0]
261	[-59.6157220770955, 0]
261	[-59.6157220770955, 0]
261	[-59.6157220770955, 0]
261	[-58.70511515777753, -1]
261	[-58.70511515777753, -1]
261	[-58.70511515777753, -1]
262	[-59.6157220770955, 0]
262	[-59.6157220770955, 0]
262	[-59.6157220770955, 0]
262	[-59.6157220770955, 0]
262	[-59.6157220770955, 0]
262	[-59.6157220770955, 0]
262	[-59.6157220770955, 0]
262	[-59.6157220770955, 0]
262	[-59.6157220770955, 0]
262	[-59.6157220770955, 0]
262	[-59.6157220770955, 0]
262	[-59.6157220770955, 0]
262	[-59.6157220770955, 0]
262	[-59.6157220770955, 0]
262	[-59.6157220770955, 0]
262	[-59.6157220770955, 0]
262	[-59.6157220770955, 0]
262	[-59.6157220770955, 0]
262	[-59.6157220770955, 0]
262	[-59.6157220770955, 0]
262	[-59.6157220770955, 0]
262	[-59.6157220770955, 0]
262	[-59.6157220770955, 0]
262	[-59.6157220770955, 0]
262	[-59.6157220770955, 0]
262	[-59.6157220770955, 0]
262	[-59.6157220770955, 0]
262	[-59.6157220770955, 0]
262	[-59.6157220770955, 0]
262	[-59.6157220770955, 0]
262	[-59.6157220770955, 0]
262	[-59.6157220770955, 0]
262	[-59.6157220770955, 0]
262	[-59.6157220770955, 0]
262	[-59.6157220770955, 0]
262	[-59.6157220770955, 0]
262	[-59.6157220770955, 0]
262	[-59.6157220770955, 0]
262	[-59.6157220770955, 0]
262	[-59.6157220770955, 0]
262	[-59.6157220770955, 0]
262	[-59.6157220770955, 0]
262	[-59.6157220770955, 0]
262	[-59.6157220770955, 0]
262	[-59.6157220770955, 0]
262	[-59.6157220770955, 0]
262	[-59.6157220770955, 0]
262	[-59.6157220770955, 0]
262	[-59.6157220770955, 0]
262	[-59.6157220770955, 0]
262	[-59.6157220770955, 0]
262	[-59.6157220770955, 0]
262	[-59.6157220770955, 0]
262	[-59.6157220770955, 0]
262	[-59.6157220770955, 0]
262	[-59.6157220770955, 0]
262	[-59.6157220770955, 0]
262	[-59.6157220770955, 0]
262	[-59.6157220770955, 0]
262	[-59.6157220770955, 0]
262	[-59.6157220770955, 0]
262	[-59.6157220770955, 0]
262	[-59.6157220770955, 0]
262	[-59.6157220770955, 0]
262	[-59.6157220770955, 0]
262	[-59.6157220770955, 0]
262	[-59.6157220770955, 0]
262	[-59.6157220770955, 0]
262	[-59.6157220770955, 0]
262	[-59.6157220770955, 0]
262	[-59.6157220770955, 0]
262	[-59.6157220770955, 0]
262	[-59.6157220770955, 0]
262	[-59.6157220770955, 0]
262	[-59.6157220770955, 0]
262	[-59.6157220770955, 0]
262	[-59.6157220770955, 0]
262	[-58.70511515777753, -1]
262	[-58.70511515777753, -1]
262	[-58.70511515777753, -1]
263	[-59.6157220770955, 0]
263	[-59.6157220770955, 0]
263	[-59.6157220770955, 0]
263	[-59.6157220770955, 0]
263	[-59.6157220770955, 0]
263	[-59.6157220770955, 0]
263	[-59.6157220770955, 0]
263	[-59.6157220770955, 0]
263	[-59.6157220770955, 0]
263	[-59.6157220770955, 0]
263	[-59.6157220770955, 0]
263	[-59.6157220770955, 0]
263	[-59.6157220770955, 0]
263	[-59.6157220770955, 0]
263	[-59.6157220770955, 0]
263	[-59.6157220770955, 0]
263	[-59.6157220770955, 0]
263	[-59.6157220770955, 0]
263	[-59.6157220770955, 0]
263	[-59.6157220770955, 0]
263	[-59.6157220770955, 0]
263	[-59.6157220770955, 0]
263	[-59.6157220770955, 0]
263	[-59.6157220770955, 0]
263	[-59.6157220770955, 0]
263	[-59.6157220770955, 0]
263	[-59.6157220770955, 0]
263	[-59.6157220770955, 0]
263	[-59.6157220770955, 0]
263	[-59.6157220770955, 0]
263	[-59.6157220770955, 0]
263	[-59.6157220770955, 0]
263	[-59.6157220770955, 0]
263	[-59.6157220770955, 0]
263	[-59.6157220770955, 0]
263	[-59.6157220770955, 0]
263	[-59.6157220770955, 0]
263	[-59.6157220770955, 0]
263	[-59.6157220770955, 0]
263	[-59.6157220770955, 0]
263	[-59.6157220770955, 0]
263	[-59.6157220770955, 0]
263	[-59.6157220770955, 0]
263	[-59.6157220770955, 0]
263	[-59.6157220770955, 0]
263	[-59.6157220770955, 0]
263	[-59.6157220770955, 0]
263	[-59.6157220770955, 0]
263	[-59.6157220770955, 0]
263	[-59.6157220770955, 0]
263	[-59.6157220770955, 0]
263	[-59.6157220770955, 0]
263	[-59.6157220770955, 0]
263	[-59.6157220770955, 0]
263	[-59.6157220770955, 0]
263	[-59.6157220770955, 0]
263	[-59.6157220770955, 0]
263	[-59.6157220770955, 0]
263	[-59.6157220770955, 0]
263	[-59.6157220770955, 0]
263	[-59.6157220770955, 0]
263	[-59.6157220770955, 0]
263	[-59.6157220770955, 0]
263	[-59.6157220770955, 0]
263	[-59.6157220770955, 0]
263	[-59.6157220770955, 0]
263	[-59.6157220770955, 0]
263	[-59.6157220770955, 0]
263	[-59.6157220770955, 0]
263	[-59.6157220770955, 0]
263	[-59.6157220770955, 0]
263	[-59.6157220770955, 0]
263	[-59.6157220770955, 0]
263	[-59.6157220770955, 0]
263	[-59.6157220770955, 0]
263	[-59.6157220770955, 0]
263	[-59.6157220770955, 0]
263	[-58.70511515777753, -1]
263	[-58.70511515777753, -1]
263	[-58.70511515777753, -1]
264	[-59.6157220770955, 0]
264	[-59.6157220770955, 0]
264	[-59.6157220770955, 0]
264	[-59.6157220770955, 0]
264	[-59.6157220770955, 0]
264	[-59.6157220770955, 0]
264	[-59.6157220770955, 0]
264	[-59.6157220770955, 0]
264	[-59.6157220770955, 0]
264	[-59.6157220770955, 0]
264	[-59.6157220770955, 0]
264	[-59.6157220770955, 0]
264	[-59.6157220770955, 0]
264	[-59.6157220770955, 0]
264	[-59.6157220770955, 0]
264	[-59.6157220770955, 0]
264	[-59.6157220770955, 0]
264	[-59.6157220770955, 0]
264	[-59.6157220770955, 0]
264	[-59.6157220770955, 0]
264	[-59.6157220770955, 0]
264	[-59.6157220770955, 0]
264	[-59.6157220770955, 0]
264	[-59.6157220770955, 0]
264	[-59.6157220770955, 0]
264	[-59.6157220770955, 0]
264	[-59.6157220770955, 0]
264	[-59.6157220770955, 0]
264	[-59.6157220770955, 0]
264	[-59.6157220770955, 0]
264	[-59.6157220770955, 0]
264	[-59.6157220770955, 0]
264	[-59.6157220770955, 0]
264	[-59.6157220770955, 0]
264	[-59.6157220770955, 0]
264	[-59.6157220770955, 0]
264	[-59.6157220770955, 0]
264	[-59.6157220770955, 0]
264	[-59.6157220770955, 0]
264	[-59.6157220770955, 0]
264	[-59.6157220770955, 0]
264	[-59.6157220770955, 0]
264	[-59.6157220770955, 0]
264	[-59.6157220770955, 0]
264	[-59.6157220770955, 0]
264	[-59.6157220770955, 0]
264	[-59.6157220770955, 0]
264	[-59.6157220770955, 0]
264	[-59.6157220770955, 0]
264	[-59.6157220770955, 0]
264	[-59.6157220770955, 0]
264	[-59.6157220770955, 0]
264	[-59.6157220770955, 0]
264	[-59.6157220770955, 0]
264	[-59.6157220770955, 0]
264	[-59.6157220770955, 0]
264	[-59.6157220770955, 0]
264	[-59.6157220770955, 0]
264	[-59.6157220770955, 0]
264	[-59.6157220770955, 0]
264	[-59.6157220770955, 0]
264	[-59.6157220770955, 0]
264	[-59.6157220770955, 0]
264	[-59.6157220770955, 0]
264	[-59.6157220770955, 0]
264	[-59.6157220770955, 0]
264	[-59.6157220770955, 0]
264	[-59.6157220770955, 0]
264	[-59.6157220770955, 0]
264	[-59.6157220770955, 0]
264	[-59.6157220770955, 0]
264	[-59.6157220770955, 0]
264	[-59.6157220770955, 0]
264	[-59.6157220770955, 0]
264	[-59.6157220770955, 0]
264	[-59.6157220770955, 0]
264	[-59.6157220770955, 0]
264	[-58.70511515777753, -1]
264	[-58.70511515777753, -1]
264	[-58.70511515777753, -1]
265	[-59.6157220770955, 0]
265	[-59.6157220770955, 0]
265	[-59.6157220770955, 0]
265	[-59.6157220770955, 0]
265	[-59.6157220770955, 0]
265	[-59.6157220770955, 0]
265	[-59.6157220770955, 0]
265	[-59.6157220770955, 0]
265	[-59.6157220770955, 0]
265	[-59.6157220770955, 0]
265	[-59.6157220770955, 0]
265	[-59.6157220770955, 0]
265	[-59.6157220770955, 0]
265	[-59.6157220770955, 0]
265	[-59.6157220770955, 0]
265	[-59.6157220770955, 0]
265	[-59.6157220770955, 0]
265	[-59.6157220770955, 0]
265	[-59.6157220770955, 0]
265	[-59.6157220770955, 0]
265	[-59.6157220770955, 0]
265	[-59.6157220770955, 0]
265	[-59.6157220770955, 0]
265	[-59.6157220770955, 0]
265	[-59.6157220770955, 0]
265	[-59.6157220770955, 0]
265	[-59.6157220770955, 0]
265	[-59.6157220770955, 0]
265	[-59.6157220770955, 0]
265	[-59.6157220770955, 0]
265	[-59.6157220770955, 0]
265	[-59.6157220770955, 0]
265	[-59.6157220770955, 0]
265	[-59.6157220770955, 0]
265	[-59.6157220770955, 0]
265	[-59.6157220770955, 0]
265	[-59.6157220770955, 0]
265	[-59.6157220770955, 0]
265	[-59.6157220770955, 0]
265	[-59.6157220770955, 0]
265	[-59.6157220770955, 0]
265	[-59.6157220770955, 0]
265	[-59.6157220770955, 0]
265	[-59.6157220770955, 0]
265	[-59.6157220770955, 0]
265	[-59.6157220770955, 0]
265	[-59.6157220770955, 0]
265	[-59.6157220770955, 0]
265	[-59.6157220770955, 0]
265	[-59.6157220770955, 0]
265	[-59.6157220770955, 0]
265	[-59.6157220770955, 0]
265	[-59.6157220770955, 0]
265	[-59.6157220770955, 0]
265	[-59.6157220770955, 0]
265	[-59.6157220770955, 0]
265	[-59.6157220770955, 0]
265	[-59.6157220770955, 0]
265	[-59.6157220770955, 0]
265	[-59.6157220770955, 0]
265	[-59.6157220770955, 0]
265	[-59.6157220770955, 0]
265	[-59.6157220770955, 0]
265	[-59.6157220770955, 0]
265	[-59.6157220770955, 0]
265	[-59.6157220770955, 0]
265	[-59.6157220770955, 0]
265	[-59.6157220770955, 0]
265	[-59.6157220770955, 0]
265	[-59.6157220770955, 0]
265	[-59.6157220770955, 0]
265	[-59.6157220770955, 0]
265	[-59.6157220770955, 0]
265	[-59.6157220770955, 0]
265	[-59.6157220770955, 0]
265	[-58.70511515777753, -1]
265	[-58.70511515777753, -1]
265	[-58.70511515777753, -1]
265	[-58.70511515777753, -1]
265	[-58.70511515777753, -1]
266	[-59.6157220770955, 0]
266	[-59.6157220770955, 0]
266	[-59.6157220770955, 0]
266	[-59.6157220770955, 0]
266	[-59.6157220770955, 0]
266	[-59.6157220770955, 0]
266	[-59.6157220770955, 0]
266	[-59.6157220770955, 0]
266	[-59.6157220770955, 0]
266	[-59.6157220770955, 0]
266	[-59.6157220770955, 0]
266	[-59.6157220770955, 0]
266	[-59.6157220770955, 0]
266	[-59.6157220770955, 0]
266	[-59.6157220770955, 0]
266	[-59.6157220770955, 0]
266	[-59.6157220770955, 0]
266	[-59.6157220770955, 0]
266	[-59.6157220770955, 0]
266	[-59.6157220770955, 0]
266	[-59.6157220770955, 0]
266	[-59.6157220770955, 0]
266	[-59.6157220770955, 0]
266	[-59.6157220770955, 0]
266	[-59.6157220770955, 0]
266	[-59.6157220770955, 0]
266	[-59.6157220770955, 0]
266	[-59.6157220770955, 0]
266	[-59.6157220770955, 0]
266	[-59.6157220770955, 0]
266	[-59.6157220770955, 0]
266	[-59.6157220770955, 0]
266	[-59.6157220770955, 0]
266	[-59.6157220770955, 0]
266	[-59.6157220770955, 0]
266	[-59.6157220770955, 0]
266	[-59.6157220770955, 0]
266	[-59.6157220770955, 0]
266	[-59.6157220770955, 0]
266	[-59.6157220770955, 0]
266	[-59.6157220770955, 0]
266	[-59.6157220770955, 0]
266	[-59.6157220770955, 0]
266	[-59.6157220770955, 0]
266	[-59.6157220770955, 0]
266	[-59.6157220770955, 0]
266	[-59.6157220770955, 0]
266	[-59.6157220770955, 0]
266	[-59.6157220770955, 0]
266	[-59.6157220770955, 0]
266	[-59.6157220770955, 0]
266	[-59.6157220770955, 0]
266	[-59.6157220770955, 0]
266	[-59.6157220770955, 0]
266	[-59.6157220770955, 0]
266	[-59.6157220770955, 0]
266	[-59.6157220770955, 0]
266	[-59.6157220770955, 0]
266	[-59.6157220770955, 0]
266	[-59.6157220770955, 0]
266	[-59.6157220770955, 0]
266	[-59.6157220770955, 0]
266	[-59.6157220770955, 0]
266	[-59.6157220770955, 0]
266	[-59.6157220770955, 0]
266	[-59.6157220770955, 0]
266	[-59.6157220770955, 0]
266	[-59.6157220770955, 0]
266	[-59.6157220770955, 0]
266	[-59.6157220770955, 0]
266	[-59.6157220770955, 0]
266	[-59.6157220770955, 0]
266	[-59.6157220770955, 0]
266	[-59.6157220770955, 0]
266	[-59.6157220770955, 0]
266	[-59.6157220770955, 0]
266	[-59.6157220770955, 0]
266	[-59.6157220770955, 0]
266	[-59.6157220770955, 0]
266	[-58.64269276803711, -1]
267	[-59.6157220770955, 0]
267	[-59.6157220770955, 0]
267	[-59.6157220770955, 0]
267	[-59.6157220770955, 0]
267	[-59.6157220770955, 0]
267	[-59.6157220770955, 0]
267	[-59.6157220770955, 0]
267	[-59.6157220770955, 0]
267	[-59.6157220770955, 0]
267	[-59.6157220770955, 0]
267	[-59.6157220770955, 0]
267	[-59.6157220770955, 0]
267	[-59.6157220770955, 0]
267	[-59.6157220770955, 0]
267	[-59.6157220770955, 0]
267	[-59.6157220770955, 0]
267	[-59.6157220770955, 0]
267	[-59.6157220770955, 0]
267	[-59.6157220770955, 0]
267	[-59.6157220770955, 0]
267	[-59.6157220770955, 0]
267	[-59.6157220770955, 0]
267	[-59.6157220770955, 0]
267	[-59.6157220770955, 0]
267	[-59.6157220770955, 0]
267	[-59.6157220770955, 0]
267	[-59.6157220770955, 0]
267	[-59.6157220770955, 0]
267	[-59.6157220770955, 0]
267	[-59.6157220770955, 0]
267	[-59.6157220770955, 0]
267	[-59.6157220770955, 0]
267	[-59.6157220770955, 0]
267	[-59.6157220770955, 0]
267	[-59.6157220770955, 0]
267	[-59.6157220770955, 0]
267	[-59.6157220770955, 0]
267	[-59.6157220770955, 0]
267	[-59.6157220770955, 0]
267	[-59.6157220770955, 0]
267	[-59.6157220770955, 0]
267	[-59.6157220770955, 0]
267	[-59.6157220770955, 0]
267	[-59.6157220770955, 0]
267	[-59.6157220770955, 0]
267	[-59.6157220770955, 0]
267	[-59.6157220770955, 0]
267	[-59.6157220770955, 0]
267	[-59.6157220770955, 0]
267	[-59.6157220770955, 0]
267	[-59.6157220770955, 0]
267	[-59.6157220770955, 0]
267	[-59.6157220770955, 0]
267	[-59.6157220770955, 0]
267	[-59.6157220770955, 0]
267	[-59.6157220770955, 0]
267	[-59.6157220770955, 0]
267	[-59.6157220770955, 0]
267	[-59.6157220770955, 0]
267	[-59.6157220770955, 0]
267	[-59.6157220770955, 0]
267	[-59.6157220770955, 0]
267	[-59.6157220770955, 0]
267	[-59.6157220770955, 0]
267	[-59.6157220770955, 0]
267	[-59.6157220770955, 0]
267	[-59.6157220770955, 0]
267	[-59.6157220770955, 0]
267	[-59.6157220770955, 0]
267	[-59.6157220770955, 0]
267	[-59.6157220770955, 0]
267	[-59.6157220770955, 0]
267	[-59.6157220770955, 0]
267	[-59.6157220770955, 0]
267	[-59.6157220770955, 0]
267	[-59.6157220770955, 0]
267	[-59.6157220770955, 0]
267	[-59.6157220770955, 0]
267	[-59.6157220770955, 0]
267	[-58.64269276803711, -1]
268	[-59.6157220770955, 0]
268	[-59.6157220770955, 0]
268	[-59.6157220770955, 0]
268	[-59.6157220770955, 0]
268	[-59.6157220770955, 0]
268	[-59.6157220770955, 0]
268	[-59.6157220770955, 0]
268	[-59.6157220770955, 0]
268	[-59.6157220770955, 0]
268	[-59.6157220770955, 0]
268	[-59.6157220770955, 0]
268	[-59.6157220770955, 0]
268	[-59.6157220770955, 0]
268	[-59.6157220770955, 0]
268	[-59.6157220770955, 0]
268	[-59.6157220770955, 0]
268	[-59.6157220770955, 0]
268	[-59.6157220770955, 0]
268	[-59.6157220770955, 0]
268	[-59.6157220770955, 0]
268	[-59.6157220770955, 0]
268	[-59.6157220770955, 0]
268	[-59.6157220770955, 0]
268	[-59.6157220770955, 0]
268	[-59.6157220770955, 0]
268	[-59.6157220770955, 0]
268	[-59.6157220770955, 0]
268	[-59.6157220770955, 0]
268	[-59.6157220770955, 0]
268	[-59.6157220770955, 0]
268	[-59.6157220770955, 0]
268	[-59.6157220770955, 0]
268	[-59.6157220770955, 0]
268	[-59.6157220770955, 0]
268	[-59.6157220770955, 0]
268	[-59.6157220770955, 0]
268	[-59.6157220770955, 0]
268	[-59.6157220770955, 0]
268	[-59.6157220770955, 0]
268	[-59.6157220770955, 0]
268	[-59.6157220770955, 0]
268	[-59.6157220770955, 0]
268	[-59.6157220770955, 0]
268	[-59.6157220770955, 0]
268	[-59.6157220770955, 0]
268	[-59.6157220770955, 0]
268	[-59.6157220770955, 0]
268	[-59.6157220770955, 0]
268	[-59.6157220770955, 0]
268	[-59.6157220770955, 0]
268	[-59.6157220770955, 0]
268	[-59.6157220770955, 0]
268	[-59.6157220770955, 0]
268	[-59.6157220770955, 0]
268	[-59.6157220770955, 0]
268	[-59.6157220770955, 0]
268	[-59.6157220770955, 0]
268	[-59.6157220770955, 0]
268	[-59.6157220770955, 0]
268	[-59.6157220770955, 0]
268	[-59.6157220770955, 0]
268	[-59.6157220770955, 0]
268	[-59.6157220770955, 0]
268	[-59.6157220770955, 0]
268	[-59.6157220770955, 0]
268	[-59.6157220770955, 0]
268	[-59.6157220770955, 0]
268	[-59.6157220770955, 0]
268	[-59.6157220770955, 0]
268	[-59.6157220770955, 0]
268	[-59.6157220770955, 0]
268	[-59.6157220770955, 0]
268	[-59.6157220770955, 0]
268	[-59.6157220770955, 0]
268	[-59.6157220770955, 0]
268	[-59.6157220770955, 0]
268	[-59.6157220770955, 0]
268	[-59.6157220770955, 0]
268	[-59.6157220770955, 0]
268	[-58.64269276803711, -1]
269	[-59.6157220770955, 0]
269	[-59.6157220770955, 0]
269	[-59.6157220770955, 0]
269	[-59.6157220770955, 0]
269	[-59.6157220770955, 0]
269	[-59.6157220770955, 0]
269	[-59.6157220770955, 0]
269	[-59.6157220770955, 0]
269	[-59.6157220770955, 0]
269	[-59.6157220770955, 0]
269	[-59.6157220770955, 0]
269	[-59.6157220770955, 0]
269	[-59.6157220770955, 0]
269	[-59.6157220770955, 0]
269	[-59.6157220770955, 0]
269	[-59.6157220770955, 0]
269	[-59.6157220770955, 0]
269	[-59.6157220770955, 0]
269	[-59.6157220770955, 0]
269	[-59.6157220770955, 0]
269	[-59.6157220770955, 0]
269	[-59.6157220770955, 0]
269	[-59.6157220770955, 0]
269	[-59.6157220770955, 0]
269	[-59.6157220770955, 0]
269	[-59.6157220770955, 0]
269	[-59.6157220770955, 0]
269	[-59.6157220770955, 0]
269	[-59.6157220770955, 0]
269	[-59.6157220770955, 0]
269	[-59.6157220770955, 0]
269	[-59.6157220770955, 0]
269	[-59.6157220770955, 0]
269	[-59.6157220770955, 0]
269	[-59.6157220770955, 0]
269	[-59.6157220770955, 0]
269	[-59.6157220770955, 0]
269	[-59.6157220770955, 0]
269	[-59.6157220770955, 0]
269	[-59.6157220770955, 0]
269	[-59.6157220770955, 0]
269	[-59.6157220770955, 0]
269	[-59.6157220770955, 0]
269	[-59.6157220770955, 0]
269	[-59.6157220770955, 0]
269	[-59.6157220770955, 0]
269	[-59.6157220770955, 0]
269	[-59.6157220770955, 0]
269	[-59.6157220770955, 0]
269	[-59.6157220770955, 0]
269	[-59.6157220770955, 0]
269	[-59.6157220770955, 0]
269	[-59.6157220770955, 0]
269	[-59.6157220770955, 0]
269	[-59.6157220770955, 0]
269	[-59.6157220770955, 0]
269	[-59.6157220770955, 0]
269	[-59.6157220770955, 0]
269	[-59.6157220770955, 0]
269	[-59.6157220770955, 0]
269	[-59.6157220770955, 0]
269	[-59.6157220770955, 0]
269	[-59.6157220770955, 0]
269	[-59.6157220770955, 0]
269	[-59.6157220770955, 0]
269	[-59.6157220770955, 0]
269	[-59.6157220770955, 0]
269	[-59.6157220770955, 0]
269	[-59.6157220770955, 0]
269	[-59.6157220770955, 0]
269	[-59.6157220770955, 0]
269	[-59.6157220770955, 0]
269	[-59.6157220770955, 0]
269	[-59.6157220770955, 0]
269	[-59.6157220770955, 0]
269	[-59.6157220770955, 0]
269	[-59.6157220770955, 0]
269	[-59.6157220770955, 0]
269	[-58.64269276803711, -1]
269	[-58.64269276803711, -1]
270	[-59.6157220770955, 0]
270	[-59.6157220770955, 0]
270	[-59.6157220770955, 0]
270	[-59.6157220770955, 0]
270	[-59.6157220770955, 0]
270	[-59.6157220770955, 0]
270	[-59.6157220770955, 0]
270	[-59.6157220770955, 0]
270	[-59.6157220770955, 0]
270	[-59.6157220770955, 0]
270	[-59.6157220770955, 0]
270	[-59.6157220770955, 0]
270	[-59.6157220770955, 0]
270	[-59.6157220770955, 0]
270	[-59.6157220770955, 0]
270	[-59.6157220770955, 0]
270	[-59.6157220770955, 0]
270	[-59.6157220770955, 0]
270	[-59.6157220770955, 0]
270	[-59.6157220770955, 0]
270	[-59.6157220770955, 0]
270	[-59.6157220770955, 0]
270	[-59.6157220770955, 0]
270	[-59.6157220770955, 0]
270	[-59.6157220770955, 0]
270	[-59.6157220770955, 0]
270	[-59.6157220770955, 0]
270	[-59.6157220770955, 0]
270	[-59.6157220770955, 0]
270	[-59.6157220770955, 0]
270	[-59.6157220770955, 0]
270	[-59.6157220770955, 0]
270	[-59.6157220770955, 0]
270	[-59.6157220770955, 0]
270	[-59.6157220770955, 0]
270	[-59.6157220770955, 0]
270	[-59.6157220770955, 0]
270	[-59.6157220770955, 0]
270	[-59.6157220770955, 0]
270	[-59.6157220770955, 0]
270	[-59.6157220770955, 0]
270	[-59.6157220770955, 0]
270	[-59.6157220770955, 0]
270	[-59.6157220770955, 0]
270	[-59.6157220770955, 0]
270	[-59.6157220770955, 0]
270	[-59.6157220770955, 0]
270	[-59.6157220770955, 0]
270	[-59.6157220770955, 0]
270	[-59.6157220770955, 0]
270	[-59.6157220770955, 0]
270	[-59.6157220770955, 0]
270	[-59.6157220770955, 0]
270	[-59.6157220770955, 0]
270	[-59.6157220770955, 0]
270	[-59.6157220770955, 0]
270	[-59.6157220770955, 0]
270	[-59.6157220770955, 0]
270	[-59.6157220770955, 0]
270	[-59.6157220770955, 0]
270	[-59.6157220770955, 0]
270	[-59.6157220770955, 0]
270	[-59.6157220770955, 0]
270	[-59.6157220770955, 0]
270	[-59.6157220770955, 0]
270	[-59.6157220770955, 0]
270	[-59.6157220770955, 0]
270	[-59.6157220770955, 0]
270	[-59.6157220770955, 0]
270	[-59.6157220770955, 0]
270	[-59.6157220770955, 0]
270	[-59.6157220770955, 0]
270	[-59.6157220770955, 0]
270	[-59.6157220770955, 0]
270	[-59.6157220770955, 0]
270	[-59.6157220770955, 0]
270	[-59.6157220770955, 0]
270	[-58.64269276803711, -1]
270	[-58.64269276803711, -1]
270	[-58.64269276803711, -1]
271	[-59.6157220770955, 0]
271	[-59.6157220770955, 0]
271	[-59.6157220770955, 0]
271	[-59.6157220770955, 0]
271	[-59.6157220770955, 0]
271	[-59.6157220770955, 0]
271	[-59.6157220770955, 0]
271	[-59.6157220770955, 0]
271	[-59.6157220770955, 0]
271	[-59.6157220770955, 0]
271	[-59.6157220770955, 0]
271	[-59.6157220770955, 0]
271	[-59.6157220770955, 0]
271	[-59.6157220770955, 0]
271	[-59.6157220770955, 0]
271	[-59.6157220770955, 0]
271	[-59.6157220770955, 0]
271	[-59.6157220770955, 0]
271	[-59.6157220770955, 0]
271	[-59.6157220770955, 0]
271	[-59.6157220770955, 0]
271	[-59.6157220770955, 0]
271	[-59.6157220770955, 0]
271	[-59.6157220770955, 0]
271	[-59.6157220770955, 0]
271	[-59.6157220770955, 0]
271	[-59.6157220770955, 0]
271	[-59.6157220770955, 0]
271	[-59.6157220770955, 0]
271	[-59.6157220770955, 0]
271	[-59.6157220770955, 0]
271	[-59.6157220770955, 0]
271	[-59.6157220770955, 0]
271	[-59.6157220770955, 0]
271	[-59.6157220770955, 0]
271	[-59.6157220770955, 0]
271	[-59.6157220770955, 0]
271	[-59.6157220770955, 0]
271	[-59.6157220770955, 0]
271	[-59.6157220770955, 0]
271	[-59.6157220770955, 0]
271	[-59.6157220770955, 0]
271	[-59.6157220770955, 0]
271	[-59.6157220770955, 0]
271	[-59.6157220770955, 0]
271	[-59.6157220770955, 0]
271	[-59.6157220770955, 0]
271	[-59.6157220770955, 0]
271	[-59.6157220770955, 0]
271	[-59.6157220770955, 0]
271	[-59.6157220770955, 0]
271	[-59.6157220770955, 0]
271	[-59.6157220770955, 0]
271	[-59.6157220770955, 0]
271	[-59.6157220770955, 0]
271	[-59.6157220770955, 0]
271	[-59.6157220770955, 0]
271	[-59.6157220770955, 0]
271	[-59.6157220770955, 0]
271	[-59.6157220770955, 0]
271	[-59.6157220770955, 0]
271	[-59.6157220770955, 0]
271	[-59.6157220770955, 0]
271	[-59.6157220770955, 0]
271	[-59.6157220770955, 0]
271	[-59.6157220770955, 0]
271	[-59.6157220770955, 0]
271	[-59.6157220770955, 0]
271	[-59.6157220770955, 0]
271	[-59.6157220770955, 0]
271	[-59.6157220770955, 0]
271	[-59.6157220770955, 0]
271	[-59.6157220770955, 0]
271	[-59.6157220770955, 0]
271	[-59.6157220770955, 0]
271	[-59.6157220770955, 0]
271	[-59.6157220770955, 0]
271	[-58.64269276803711, -1]
271	[-58.64269276803711, -1]
271	[-58.64269276803711, -1]
272	[-59.6157220770955, 0]
272	[-59.6157220770955, 0]
272	[-59.6157220770955, 0]
272	[-59.6157220770955, 0]
272	[-59.6157220770955, 0]
272	[-59.6157220770955, 0]
272	[-59.6157220770955, 0]
272	[-59.6157220770955, 0]
272	[-59.6157220770955, 0]
272	[-59.6157220770955, 0]
272	[-59.6157220770955, 0]
272	[-59.6157220770955, 0]
272	[-59.6157220770955, 0]
272	[-59.6157220770955, 0]
272	[-59.6157220770955, 0]
272	[-59.6157220770955, 0]
272	[-59.6157220770955, 0]
272	[-59.6157220770955, 0]
272	[-59.6157220770955, 0]
272	[-59.6157220770955, 0]
272	[-59.6157220770955, 0]
272	[-59.6157220770955, 0]
272	[-59.6157220770955, 0]
272	[-59.6157220770955, 0]
272	[-59.6157220770955, 0]
272	[-59.6157220770955, 0]
272	[-59.6157220770955, 0]
272	[-59.6157220770955, 0]
272	[-59.6157220770955, 0]
272	[-59.6157220770955, 0]
272	[-59.6157220770955, 0]
272	[-59.6157220770955, 0]
272	[-59.6157220770955, 0]
272	[-59.6157220770955, 0]
272	[-59.6157220770955, 0]
272	[-59.6157220770955, 0]
272	[-59.6157220770955, 0]
272	[-59.6157220770955, 0]
272	[-59.6157220770955, 0]
272	[-59.6157220770955, 0]
272	[-59.6157220770955, 0]
272	[-59.6157220770955, 0]
272	[-59.6157220770955, 0]
272	[-59.6157220770955, 0]
272	[-59.6157220770955, 0]
272	[-59.6157220770955, 0]
272	[-59.6157220770955, 0]
272	[-59.6157220770955, 0]
272	[-59.6157220770955, 0]
272	[-59.6157220770955, 0]
272	[-59.6157220770955, 0]
272	[-59.6157220770955, 0]
272	[-59.6157220770955, 0]
272	[-59.6157220770955, 0]
272	[-59.6157220770955, 0]
272	[-59.6157220770955, 0]
272	[-59.6157220770955, 0]
272	[-59.6157220770955, 0]
272	[-59.6157220770955, 0]
272	[-59.6157220770955, 0]
272	[-59.6157220770955, 0]
272	[-59.6157220770955, 0]
272	[-59.6157220770955, 0]
272	[-59.6157220770955, 0]
272	[-59.6157220770955, 0]
272	[-59.6157220770955, 0]
272	[-59.6157220770955, 0]
272	[-59.6157220770955, 0]
272	[-59.6157220770955, 0]
272	[-59.6157220770955, 0]
272	[-59.6157220770955, 0]
272	[-59.6157220770955, 0]
272	[-59.6157220770955, 0]
272	[-59.6157220770955, 0]
272	[-59.6157220770955, 0]
272	[-59.6157220770955, 0]
272	[-58.64269276803711, -1]
272	[-58.64269276803711, -1]
272	[-58.64269276803711, -1]
272	[-58.64269276803711, -1]
273	[-59.6157220770955, 0]
273	[-59.6157220770955, 0]
273	[-59.6157220770955, 0]
273	[-59.6157220770955, 0]
273	[-59.6157220770955, 0]
273	[-59.6157220770955, 0]
273	[-59.6157220770955, 0]
273	[-59.6157220770955, 0]
273	[-59.6157220770955, 0]
273	[-59.6157220770955, 0]
273	[-59.6157220770955, 0]
273	[-59.6157220770955, 0]
273	[-59.6157220770955, 0]
273	[-59.6157220770955, 0]
273	[-59.6157220770955, 0]
273	[-59.6157220770955, 0]
273	[-59.6157220770955, 0]
273	[-59.6157220770955, 0]
273	[-59.6157220770955, 0]
273	[-59.6157220770955, 0]
273	[-59.6157220770955, 0]
273	[-59.6157220770955, 0]
273	[-59.6157220770955, 0]
273	[-59.6157220770955, 0]
273	[-59.6157220770955, 0]
273	[-59.6157220770955, 0]
273	[-59.6157220770955, 0]
273	[-59.6157220770955, 0]
273	[-59.6157220770955, 0]
273	[-59.6157220770955, 0]
273	[-59.6157220770955, 0]
273	[-59.6157220770955, 0]
273	[-59.6157220770955, 0]
273	[-59.6157220770955, 0]
273	[-59.6157220770955, 0]
273	[-59.6157220770955, 0]
273	[-59.6157220770955, 0]
273	[-59.6157220770955, 0]
273	[-59.6157220770955, 0]
273	[-59.6157220770955, 0]
273	[-59.6157220770955, 0]
273	[-59.6157220770955, 0]
273	[-59.6157220770955, 0]
273	[-59.6157220770955, 0]
273	[-59.6157220770955, 0]
273	[-59.6157220770955, 0]
273	[-59.6157220770955, 0]
273	[-59.6157220770955, 0]
273	[-59.6157220770955, 0]
273	[-59.6157220770955, 0]
273	[-59.6157220770955, 0]
273	[-59.6157220770955, 0]
273	[-59.6157220770955, 0]
273	[-59.6157220770955, 0]
273	[-59.6157220770955, 0]
273	[-59.6157220770955, 0]
273	[-59.6157220770955, 0]
273	[-59.6157220770955, 0]
273	[-59.6157220770955, 0]
273	[-59.6157220770955, 0]
273	[-59.6157220770955, 0]
273	[-59.6157220770955, 0]
273	[-59.6157220770955, 0]
273	[-59.6157220770955, 0]
273	[-59.6157220770955, 0]
273	[-59.6157220770955, 0]
273	[-59.6157220770955, 0]
273	[-59.6157220770955, 0]
273	[-59.6157220770955, 0]
273	[-59.6157220770955, 0]
273	[-59.6157220770955, 0]
273	[-59.6157220770955, 0]
273	[-59.6157220770955, 0]
273	[-59.6157220770955, 0]
273	[-59.6157220770955, 0]
273	[-59.6157220770955, 0]
273	[-58.64269276803711, -1]
273	[-58.64269276803711, -1]
273	[-58.64269276803711, -1]
273	[-58.64269276803711, -1]
274	[-59.6157220770955, 0]
274	[-59.6157220770955, 0]
274	[-59.6157220770955, 0]
274	[-59.6157220770955, 0]
274	[-59.6157220770955, 0]
274	[-59.6157220770955, 0]
274	[-59.6157220770955, 0]
274	[-59.6157220770955, 0]
274	[-59.6157220770955, 0]
274	[-59.6157220770955, 0]
274	[-59.6157220770955, 0]
274	[-59.6157220770955, 0]
274	[-59.6157220770955, 0]
274	[-59.6157220770955, 0]
274	[-59.6157220770955, 0]
274	[-59.6157220770955, 0]
274	[-59.6157220770955, 0]
274	[-59.6157220770955, 0]
274	[-59.6157220770955, 0]
274	[-59.6157220770955, 0]
274	[-59.6157220770955, 0]
274	[-59.6157220770955, 0]
274	[-59.6157220770955, 0]
274	[-59.6157220770955, 0]
274	[-59.6157220770955, 0]
274	[-59.6157220770955, 0]
274	[-59.6157220770955, 0]
274	[-59.6157220770955, 0]
274	[-59.6157220770955, 0]
274	[-59.6157220770955, 0]
274	[-59.6157220770955, 0]
274	[-59.6157220770955, 0]
274	[-59.6157220770955, 0]
274	[-59.6157220770955, 0]
274	[-59.6157220770955, 0]
274	[-59.6157220770955, 0]
274	[-59.6157220770955, 0]
274	[-59.6157220770955, 0]
274	[-59.6157220770955, 0]
274	[-59.6157220770955, 0]
274	[-59.6157220770955, 0]
274	[-59.6157220770955, 0]
274	[-59.6157220770955, 0]
274	[-59.6157220770955, 0]
274	[-59.6157220770955, 0]
274	[-59.6157220770955, 0]
274	[-59.6157220770955, 0]
274	[-59.6157220770955, 0]
274	[-59.6157220770955, 0]
274	[-59.6157220770955, 0]
274	[-59.6157220770955, 0]
274	[-59.6157220770955, 0]
274	[-59.6157220770955, 0]
274	[-59.6157220770955, 0]
274	[-59.6157220770955, 0]
274	[-59.6157220770955, 0]
274	[-59.6157220770955, 0]
274	[-59.6157220770955, 0]
274	[-59.6157220770955, 0]
274	[-59.6157220770955, 0]
274	[-59.6157220770955, 0]
274	[-59.6157220770955, 0]
274	[-59.6157220770955, 0]
274	[-59.6157220770955, 0]
274	[-59.6157220770955, 0]
274	[-59.6157220770955, 0]
274	[-59.6157220770955, 0]
274	[-59.6157220770955, 0]
274	[-59.6157220770955, 0]
274	[-59.6157220770955, 0]
274	[-59.6157220770955, 0]
274	[-59.6157220770955, 0]
274	[-59.6157220770955, 0]
274	[-59.6157220770955, 0]
274	[-59.6157220770955, 0]
274	[-59.6157220770955, 0]
274	[-58.64269276803711, -1]
274	[-58.64269276803711, -1]
274	[-58.64269276803711, -1]
274	[-58.64269276803711, -1]
275	[-59.6157220770955, 0]
275	[-59.6157220770955, 0]
275	[-59.6157220770955, 0]
275	[-59.6157220770955, 0]
275	[-59.6157220770955, 0]
275	[-59.6157220770955, 0]
275	[-59.6157220770955, 0]
275	[-59.6157220770955, 0]
275	[-59.6157220770955, 0]
275	[-59.6157220770955, 0]
275	[-59.6157220770955, 0]
275	[-59.6157220770955, 0]
275	[-59.6157220770955, 0]
275	[-59.6157220770955, 0]
275	[-59.6157220770955, 0]
275	[-59.6157220770955, 0]
275	[-59.6157220770955, 0]
275	[-59.6157220770955, 0]
275	[-59.6157220770955, 0]
275	[-59.6157220770955, 0]
275	[-59.6157220770955, 0]
275	[-59.6157220770955, 0]
275	[-59.6157220770955, 0]
275	[-59.6157220770955, 0]
275	[-59.6157220770955, 0]
275	[-59.6157220770955, 0]
275	[-59.6157220770955, 0]
275	[-59.6157220770955, 0]
275	[-59.6157220770955, 0]
275	[-59.6157220770955, 0]
275	[-59.6157220770955, 0]
275	[-59.6157220770955, 0]
275	[-59.6157220770955, 0]
275	[-59.6157220770955, 0]
275	[-59.6157220770955, 0]
275	[-59.6157220770955, 0]
275	[-59.6157220770955, 0]
275	[-59.6157220770955, 0]
275	[-59.6157220770955, 0]
275	[-59.6157220770955, 0]
275	[-59.6157220770955, 0]
275	[-59.6157220770955, 0]
275	[-59.6157220770955, 0]
275	[-59.6157220770955, 0]
275	[-59.6157220770955, 0]
275	[-59.6157220770955, 0]
275	[-59.6157220770955, 0]
275	[-59.6157220770955, 0]
275	[-59.6157220770955, 0]
275	[-59.6157220770955, 0]
275	[-59.6157220770955, 0]
275	[-59.6157220770955, 0]
275	[-59.6157220770955, 0]
275	[-59.6157220770955, 0]
275	[-59.6157220770955, 0]
275	[-59.6157220770955, 0]
275	[-59.6157220770955, 0]
275	[-59.6157220770955, 0]
275	[-59.6157220770955, 0]
275	[-59.6157220770955, 0]
275	[-59.6157220770955, 0]
275	[-59.6157220770955, 0]
275	[-59.6157220770955, 0]
275	[-59.6157220770955, 0]
275	[-59.6157220770955, 0]
275	[-59.6157220770955, 0]
275	[-59.6157220770955, 0]
275	[-59.6157220770955, 0]
275	[-59.6157220770955, 0]
275	[-59.6157220770955, 0]
275	[-59.6157220770955, 0]
275	[-59.6157220770955, 0]
275	[-59.6157220770955, 0]
275	[-59.6157220770955, 0]
275	[-59.6157220770955, 0]
275	[-58.64269276803711, -1]
275	[-58.64269276803711, -1]
275	[-58.64269276803711, -1]
275	[-58.64269276803711, -1]
275	[-58.64269276803711, -1]
276	[-59.6157220770955, 0]
276	[-59.6157220770955, 0]
276	[-59.6157220770955, 0]
276	[-59.6157220770955, 0]
276	[-59.6157220770955, 0]
276	[-59.6157220770955, 0]
276	[-59.6157220770955, 0]
276	[-59.6157220770955, 0]
276	[-59.6157220770955, 0]
276	[-59.6157220770955, 0]
276	[-59.6157220770955, 0]
276	[-59.6157220770955, 0]
276	[-59.6157220770955, 0]
276	[-59.6157220770955, 0]
276	[-59.6157220770955, 0]
276	[-59.6157220770955, 0]
276	[-59.6157220770955, 0]
276	[-59.6157220770955, 0]
276	[-59.6157220770955, 0]
276	[-59.6157220770955, 0]
276	[-59.6157220770955, 0]
276	[-59.6157220770955, 0]
276	[-59.6157220770955, 0]
276	[-59.6157220770955, 0]
276	[-59.6157220770955, 0]
276	[-59.6157220770955, 0]
276	[-59.6157220770955, 0]
276	[-59.6157220770955, 0]
276	[-59.6157220770955, 0]
276	[-59.6157220770955, 0]
276	[-59.6157220770955, 0]
276	[-59.6157220770955, 0]
276	[-59.6157220770955, 0]
276	[-59.6157220770955, 0]
276	[-59.6157220770955, 0]
276	[-59.6157220770955, 0]
276	[-59.6157220770955, 0]
276	[-59.6157220770955, 0]
276	[-59.6157220770955, 0]
276	[-59.6157220770955, 0]
276	[-59.6157220770955, 0]
276	[-59.6157220770955, 0]
276	[-59.6157220770955, 0]
276	[-59.6157220770955, 0]
276	[-59.6157220770955, 0]
276	[-59.6157220770955, 0]
276	[-59.6157220770955, 0]
276	[-59.6157220770955, 0]
276	[-59.6157220770955, 0]
276	[-59.6157220770955, 0]
276	[-59.6157220770955, 0]
276	[-59.6157220770955, 0]
276	[-59.6157220770955, 0]
276	[-59.6157220770955, 0]
276	[-59.6157220770955, 0]
276	[-59.6157220770955, 0]
276	[-59.6157220770955, 0]
276	[-59.6157220770955, 0]
276	[-59.6157220770955, 0]
276	[-59.6157220770955, 0]
276	[-59.6157220770955, 0]
276	[-59.6157220770955, 0]
276	[-59.6157220770955, 0]
276	[-59.6157220770955, 0]
276	[-59.6157220770955, 0]
276	[-59.6157220770955, 0]
276	[-59.6157220770955, 0]
276	[-59.6157220770955, 0]
276	[-59.6157220770955, 0]
276	[-59.6157220770955, 0]
276	[-59.6157220770955, 0]
276	[-59.6157220770955, 0]
276	[-59.6157220770955, 0]
276	[-59.6157220770955, 0]
276	[-59.6157220770955, 0]
276	[-58.64269276803711, -1]
276	[-58.64269276803711, -1]
276	[-58.64269276803711, -1]
276	[-58.64269276803711, -1]
276	[-58.64269276803711, -1]
277	[-59.6157220770955, 0]
277	[-59.6157220770955, 0]
277	[-59.6157220770955, 0]
277	[-59.6157220770955, 0]
277	[-59.6157220770955, 0]
277	[-59.6157220770955, 0]
277	[-59.6157220770955, 0]
277	[-59.6157220770955, 0]
277	[-59.6157220770955, 0]
277	[-59.6157220770955, 0]
277	[-59.6157220770955, 0]
277	[-59.6157220770955, 0]
277	[-59.6157220770955, 0]
277	[-59.6157220770955, 0]
277	[-59.6157220770955, 0]
277	[-59.6157220770955, 0]
277	[-59.6157220770955, 0]
277	[-59.6157220770955, 0]
277	[-59.6157220770955, 0]
277	[-59.6157220770955, 0]
277	[-59.6157220770955, 0]
277	[-59.6157220770955, 0]
277	[-59.6157220770955, 0]
277	[-59.6157220770955, 0]
277	[-59.6157220770955, 0]
277	[-59.6157220770955, 0]
277	[-59.6157220770955, 0]
277	[-59.6157220770955, 0]
277	[-59.6157220770955, 0]
277	[-59.6157220770955, 0]
277	[-59.6157220770955, 0]
277	[-59.6157220770955, 0]
277	[-59.6157220770955, 0]
277	[-59.6157220770955, 0]
277	[-59.6157220770955, 0]
277	[-59.6157220770955, 0]
277	[-59.6157220770955, 0]
277	[-59.6157220770955, 0]
277	[-59.6157220770955, 0]
277	[-59.6157220770955, 0]
277	[-59.6157220770955, 0]
277	[-59.6157220770955, 0]
277	[-59.6157220770955, 0]
277	[-59.6157220770955, 0]
277	[-59.6157220770955, 0]
277	[-59.6157220770955, 0]
277	[-59.6157220770955, 0]
277	[-59.6157220770955, 0]
277	[-59.6157220770955, 0]
277	[-59.6157220770955, 0]
277	[-59.6157220770955, 0]
277	[-59.6157220770955, 0]
277	[-59.6157220770955, 0]
277	[-59.6157220770955, 0]
277	[-59.6157220770955, 0]
277	[-59.6157220770955, 0]
277	[-59.6157220770955, 0]
277	[-59.6157220770955, 0]
277	[-59.6157220770955, 0]
277	[-59.6157220770955, 0]
277	[-59.6157220770955, 0]
277	[-59.6157220770955, 0]
277	[-59.6157220770955, 0]
277	[-59.6157220770955, 0]
277	[-59.6157220770955, 0]
277	[-59.6157220770955, 0]
277	[-59.6157220770955, 0]
277	[-59.6157220770955, 0]
277	[-59.6157220770955, 0]
277	[-59.6157220770955, 0]
277	[-59.6157220770955, 0]
277	[-59.6157220770955, 0]
277	[-59.6157220770955, 0]
277	[-58.64269276803711, -1]
277	[-58.64269276803711, -1]
277	[-58.64269276803711, -1]
277	[-58.64269276803711, -1]
277	[-58.64269276803711, -1]
277	[-58.64269276803711, -1]
277	[-58.64269276803711, -1]
278	[-57.74841852594566, 0]
279	[-57.74841852594566, 0]
279	[-57.74841852594566, 0]
280	[-57.74841852594566, 0]
280	[-57.74841852594566, 0]
280	[-57.74841852594566, 0]
281	[-57.74841852594566, 0]
281	[-57.74841852594566, 0]
281	[-57.74841852594566, 0]
281	[-57.74841852594566, 0]
281	[-57.74841852594566, 0]
281	[-57.74841852594566, 0]
282	[-57.74841852594566, 0]
282	[-57.74841852594566, 0]
282	[-57.74841852594566, 0]
282	[-57.74841852594566, 0]
282	[-57.74841852594566, 0]
282	[-57.74841852594566, 0]
282	[-57.74841852594566, 0]
282	[-57.74841852594566, 0]
282	[-57.74841852594566, 0]
282	[-57.74841852594566, 0]
282	[-57.74841852594566, 0]
282	[-57.74841852594566, 0]
283	[-57.71343324638603, 0]
283	[-56.53920414885275, -1]
284	[-57.71343324638603, 0]
284	[-56.53920414885275, -1]
284	[-56.53920414885275, -1]
285	[-57.71343324638603, 0]
285	[-57.71343324638603, 0]
285	[-57.71343324638603, 0]
285	[-56.53920414885275, -1]
285	[-56.53920414885275, -1]
286	[-57.71343324638603, 0]
286	[-57.71343324638603, 0]
286	[-57.71343324638603, 0]
286	[-57.71343324638603, 0]
286	[-57.71343324638603, 0]
286	[-57.71343324638603, 0]
286	[-56.53920414885275, -1]
286	[-56.53920414885275, -1]
287	[-57.71343324638603, 0]
287	[-57.71343324638603, 0]
287	[-57.71343324638603, 0]
287	[-57.71343324638603, 0]
287	[-57.71343324638603, 0]
287	[-57.71343324638603, 0]
287	[-57.71343324638603, 0]
287	[-57.71343324638603, 0]
287	[-57.71343324638603, 0]
287	[-57.71343324638603, 0]
287	[-57.71343324638603, 0]
287	[-57.71343324638603, 0]
287	[-56.53920414885275, -1]
287	[-56.53920414885275, -1]
288	[-57.71343324638603, 0]
288	[-57.71343324638603, 0]
288	[-57.71343324638603, 0]
288	[-57.71343324638603, 0]
288	[-57.71343324638603, 0]
288	[-57.71343324638603, 0]
288	[-57.71343324638603, 0]
288	[-57.71343324638603, 0]
288	[-57.71343324638603, 0]
288	[-57.71343324638603, 0]
288	[-57.71343324638603, 0]
288	[-57.71343324638603, 0]
288	[-57.71343324638603, 0]
288	[-57.71343324638603, 0]
288	[-57.71343324638603, 0]
288	[-57.71343324638603, 0]
288	[-57.71343324638603, 0]
288	[-56.53920414885275, -1]
288	[-56.53920414885275, -1]
288	[-56.53920414885275, -1]
288	[-56.53920414885275, -1]
288	[-56.53920414885275, -1]
289	[-57.71343324638603, 0]
289	[-57.71343324638603, 0]
289	[-57.71343324638603, 0]
289	[-57.71343324638603, 0]
289	[-57.71343324638603, 0]
289	[-57.71343324638603, 0]
289	[-57.71343324638603, 0]
289	[-57.71343324638603, 0]
289	[-57.71343324638603, 0]
289	[-57.71343324638603, 0]
289	[-57.71343324638603, 0]
289	[-57.71343324638603, 0]
289	[-57.71343324638603, 0]
289	[-57.71343324638603, 0]
289	[-57.71343324638603, 0]
289	[-57.71343324638603, 0]
289	[-57.71343324638603, 0]
289	[-57.71343324638603, 0]
289	[-57.71343324638603, 0]
289	[-57.71343324638603, 0]
289	[-57.71343324638603, 0]
289	[-57.71343324638603, 0]
289	[-57.71343324638603, 0]
289	[-57.71343324638603, 0]
289	[-57.71343324638603, 0]
289	[-56.53920414885275, -1]
289	[-56.53920414885275, -1]
289	[-56.53920414885275, -1]
289	[-56.53920414885275, -1]
289	[-56.53920414885275, -1]
289	[-56.53920414885275, -1]
289	[-56.53920414885275, -1]
290	[-57.71343324638603, 0]
290	[-57.71343324638603, 0]
290	[-57.71343324638603, 0]
290	[-57.71343324638603, 0]
290	[-57.71343324638603, 0]
290	[-57.71343324638603, 0]
290	[-57.71343324638603, 0]
290	[-57.71343324638603, 0]
290	[-57.71343324638603, 0]
290	[-57.71343324638603, 0]
290	[-57.71343324638603, 0]
290	[-57.71343324638603, 0]
290	[-57.71343324638603, 0]
290	[-57.71343324638603, 0]
290	[-57.71343324638603, 0]
290	[-57.71343324638603, 0]
290	[-57.71343324638603, 0]
290	[-57.71343324638603, 0]
290	[-57.71343324638603, 0]
290	[-57.71343324638603, 0]
290	[-57.71343324638603, 0]
290	[-57.71343324638603, 0]
290	[-57.71343324638603, 0]
290	[-57.71343324638603, 0]
290	[-57.71343324638603, 0]
290	[-57.71343324638603, 0]
290	[-57.71343324638603, 0]
290	[-57.71343324638603, 0]
290	[-57.71343324638603, 0]
290	[-57.71343324638603, 0]
290	[-57.71343324638603, 0]
290	[-57.71343324638603, 0]
290	[-57.71343324638603, 0]
290	[-56.53920414885275, -1]
290	[-56.53920414885275, -1]
290	[-56.53920414885275, -1]
290	[-56.53920414885275, -1]
290	[-56.53920414885275, -1]
290	[-56.53920414885275, -1]
290	[-56.53920414885275, -1]
290	[-56.53920414885275, -1]
290	[-56.53920414885275, -1]
291	[-57.71343324638603, 0]
291	[-57.71343324638603, 0]
291	[-57.71343324638603, 0]
291	[-57.71343324638603, 0]
291	[-57.71343324638603, 0]
291	[-57.71343324638603, 0]
291	[-57.71343324638603, 0]
291	[-57.71343324638603, 0]
291	[-57.71343324638603, 0]
291	[-57.71343324638603, 0]
291	[-57.71343324638603, 0]
291	[-57.71343324638603, 0]
291	[-57.71343324638603, 0]
291	[-57.71343324638603, 0]
291	[-57.71343324638603, 0]
291	[-57.71343324638603, 0]
291	[-57.71343324638603, 0]
291	[-57.71343324638603, 0]
291	[-57.71343324638603, 0]
291	[-57.71343324638603, 0]
291	[-57.71343324638603, 0]
291	[-57.71343324638603, 0]
291	[-57.71343324638603, 0]
291	[-57.71343324638603, 0]
291	[-57.71343324638603, 0]
291	[-57.71343324638603, 0]
291	[-57.71343324638603, 0]
291	[-57.71343324638603, 0]
291	[-57.71343324638603, 0]
291	[-57.71343324638603, 0]
291	[-57.71343324638603, 0]
291	[-57.71343324638603, 0]
291	[-57.71343324638603, 0]
291	[-57.71343324638603, 0]
291	[-57.71343324638603, 0]
291	[-57.71343324638603, 0]
291	[-57.71343324638603, 0]
291	[-57.71343324638603, 0]
291	[-57.71343324638603, 0]
291	[-57.71343324638603, 0]
291	[-57.71343324638603, 0]
291	[-57.71343324638603, 0]
291	[-57.71343324638603, 0]
291	[-57.71343324638603, 0]
291	[-57.71343324638603, 0]
291	[-56.53920414885275, -1]
291	[-56.53920414885275, -1]
291	[-56.53920414885275, -1]
291	[-56.53920414885275, -1]
291	[-56.53920414885275, -1]
291	[-56.53920414885275, -1]
291	[-56.53920414885275, -1]
291	[-56.53920414885275, -1]
291	[-56.53920414885275, -1]
292	[-57.71343324638603, 0]
292	[-57.71343324638603, 0]
292	[-57.71343324638603, 0]
292	[-57.71343324638603, 0]
292	[-57.71343324638603, 0]
292	[-57.71343324638603, 0]
292	[-57.71343324638603, 0]
292	[-57.71343324638603, 0]
292	[-57.71343324638603, 0]
292	[-57.71343324638603, 0]
292	[-57.71343324638603, 0]
292	[-57.71343324638603, 0]
292	[-57.71343324638603, 0]
292	[-57.71343324638603, 0]
292	[-57.71343324638603, 0]
292	[-57.71343324638603, 0]
292	[-57.71343324638603, 0]
292	[-57.71343324638603, 0]
292	[-57.71343324638603, 0]
292	[-57.71343324638603, 0]
292	[-57.71343324638603, 0]
292	[-57.71343324638603, 0]
292	[-57.71343324638603, 0]
292	[-57.71343324638603, 0]
292	[-57.71343324638603, 0]
292	[-57.71343324638603, 0]
292	[-57.71343324638603, 0]
292	[-57.71343324638603, 0]
292	[-57.71343324638603, 0]
292	[-57.71343324638603, 0]
292	[-57.71343324638603, 0]
292	[-57.71343324638603, 0]
292	[-57.71343324638603, 0]
292	[-57.71343324638603, 0]
292	[-57.71343324638603, 0]
292	[-57.71343324638603, 0]
292	[-57.71343324638603, 0]
292	[-57.71343324638603, 0]
292	[-57.71343324638603, 0]
292	[-57.71343324638603, 0]
292	[-57.71343324638603, 0]
292	[-57.71343324638603, 0]
292	[-57.71343324638603, 0]
292	[-57.71343324638603, 0]
292	[-57.71343324638603, 0]
292	[-57.71343324638603, 0]
292	[-57.71343324638603, 0]
292	[-57.71343324638603, 0]
292	[-57.71343324638603, 0]
292	[-57.71343324638603, 0]
292	[-57.71343324638603, 0]
292	[-57.71343324638603, 0]
292	[-57.71343324638603, 0]
292	[-57.71343324638603, 0]
292	[-56.53920414885275, -1]
292	[-56.53920414885275, -1]
292	[-56.53920414885275, -1]
292	[-56.53920414885275, -1]
292	[-56.53920414885275, -1]
292	[-56.53920414885275, -1]
292	[-56.53920414885275, -1]
292	[-56.53920414885275, -1]
292	[-56.53920414885275, -1]
292	[-56.53920414885275, -1]
292	[-56.53920414885275, -1]
293	[-57.71343324638603, 0]
293	[-57.71343324638603, 0]
293	[-57.71343324638603, 0]
293	[-57.71343324638603, 0]
293	[-57.71343324638603, 0]
293	[-57.71343324638603, 0]
293	[-57.71343324638603, 0]
293	[-57.71343324638603, 0]
293	[-57.71343324638603, 0]
293	[-57.71343324638603, 0]
293	[-57.71343324638603, 0]
293	[-57.71343324638603, 0]
293	[-57.71343324638603, 0]
293	[-57.71343324638603, 0]
293	[-57.71343324638603, 0]
293	[-57.71343324638603, 0]
293	[-57.71343324638603, 0]
293	[-57.71343324638603, 0]
293	[-57.71343324638603, 0]
293	[-57.71343324638603, 0]
293	[-57.71343324638603, 0]
293	[-57.71343324638603, 0]
293	[-57.71343324638603, 0]
293	[-57.71343324638603, 0]
293	[-57.71343324638603, 0]
293	[-57.71343324638603, 0]
293	[-57.71343324638603, 0]
293	[-57.71343324638603, 0]
293	[-57.71343324638603, 0]
293	[-57.71343324638603, 0]
293	[-57.71343324638603, 0]
293	[-57.71343324638603, 0]
293	[-57.71343324638603, 0]
293	[-57.71343324638603, 0]
293	[-57.71343324638603, 0]
293	[-57.71343324638603, 0]
293	[-57.71343324638603, 0]
293	[-57.71343324638603, 0]
293	[-57.71343324638603, 0]
293	[-57.71343324638603, 0]
293	[-57.71343324638603, 0]
293	[-57.71343324638603, 0]
293	[-57.71343324638603, 0]
293	[-57.71343324638603, 0]
293	[-57.71343324638603, 0]
293	[-57.71343324638603, 0]
293	[-57.71343324638603, 0]
293	[-57.71343324638603, 0]
293	[-57.71343324638603, 0]
293	[-57.71343324638603, 0]
293	[-57.71343324638603, 0]
293	[-57.71343324638603, 0]
293	[-57.71343324638603, 0]
293	[-57.71343324638603, 0]
293	[-57.71343324638603, 0]
293	[-57.71343324638603, 0]
293	[-57.71343324638603, 0]
293	[-57.71343324638603, 0]
293	[-57.71343324638603, 0]
293	[-57.71343324638603, 0]
293	[-57.71343324638603, 0]
293	[-57.71343324638603, 0]
293	[-57.71343324638603, 0]
293	[-57.71343324638603, 0]
293	[-57.71343324638603, 0]
293	[-57.71343324638603, 0]
293	[-57.71343324638603, 0]
293	[-57.71343324638603, 0]
293	[-56.53920414885275, -1]
293	[-56.53920414885275, -1]
293	[-56.53920414885275, -1]
293	[-56.53920414885275, -1]
293	[-56.53920414885275, -1]
293	[-56.53920414885275, -1]
293	[-56.53920414885275, -1]
293	[-56.53920414885275, -1]
293	[-56.53920414885275, -1]
293	[-56.53920414885275, -1]
293	[-56.53920414885275, -1]
293	[-56.53920414885275, -1]
294	[-57.71343324638603, 0]
294	[-57.71343324638603, 0]
294	[-57.71343324638603, 0]
294	[-57.71343324638603, 0]
294	[-57.71343324638603, 0]
294	[-57.71343324638603, 0]
294	[-57.71343324638603, 0]
294	[-57.71343324638603, 0]
294	[-57.71343324638603, 0]
294	[-57.71343324638603, 0]
294	[-57.71343324638603, 0]
294	[-57.71343324638603, 0]
294	[-57.71343324638603, 0]
294	[-57.71343324638603, 0]
294	[-57.71343324638603, 0]
294	[-57.71343324638603, 0]
294	[-57.71343324638603, 0]
294	[-57.71343324638603, 0]
294	[-57.71343324638603, 0]
294	[-57.71343324638603, 0]
294	[-57.71343324638603, 0]
294	[-57.71343324638603, 0]
294	[-57.71343324638603, 0]
294	[-57.71343324638603, 0]
294	[-57.71343324638603, 0]
294	[-57.71343324638603, 0]
294	[-57.71343324638603, 0]
294	[-57.71343324638603, 0]
294	[-57.71343324638603, 0]
294	[-57.71343324638603, 0]
294	[-57.71343324638603, 0]
294	[-57.71343324638603, 0]
294	[-57.71343324638603, 0]
294	[-57.71343324638603, 0]
294	[-57.71343324638603, 0]
294	[-57.71343324638603, 0]
294	[-57.71343324638603, 0]
294	[-57.71343324638603, 0]
294	[-57.71343324638603, 0]
294	[-57.71343324638603, 0]
294	[-57.71343324638603, 0]
294	[-57.71343324638603, 0]
294	[-57.71343324638603, 0]
294	[-57.71343324638603, 0]
294	[-57.71343324638603, 0]
294	[-57.71343324638603, 0]
294	[-57.71343324638603, 0]
294	[-57.71343324638603, 0]
294	[-57.71343324638603, 0]
294	[-57.71343324638603, 0]
294	[-57.71343324638603, 0]
294	[-57.71343324638603, 0]
294	[-57.71343324638603, 0]
294	[-57.71343324638603, 0]
294	[-57.71343324638603, 0]
294	[-57.71343324638603, 0]
294	[-57.71343324638603, 0]
294	[-57.71343324638603, 0]
294	[-57.71343324638603, 0]
294	[-57.71343324638603, 0]
294	[-57.71343324638603, 0]
294	[-57.71343324638603, 0]
294	[-57.71343324638603, 0]
294	[-57.71343324638603, 0]
294	[-57.71343324638603, 0]
294	[-57.71343324638603, 0]
294	[-57.71343324638603, 0]
294	[-57.71343324638603, 0]
294	[-56.53920414885275, -1]
294	[-56.53920414885275, -1]
294	[-56.53920414885275, -1]
294	[-56.53920414885275, -1]
294	[-56.53920414885275, -1]
294	[-56.53920414885275, -1]
294	[-56.53920414885275, -1]
294	[-56.53920414885275, -1]
294	[-56.53920414885275, -1]
294	[-56.53920414885275, -1]
294	[-56.53920414885275, -1]
294	[-56.53920414885275, -1]
295	[-57.71343324638603, 0]
295	[-57.71343324638603, 0]
295	[-57.71343324638603, 0]
295	[-57.71343324638603, 0]
295	[-57.71343324638603, 0]
295	[-57.71343324638603, 0]
295	[-57.71343324638603, 0]
295	[-57.71343324638603, 0]
295	[-57.71343324638603, 0]
295	[-57.71343324638603, 0]
295	[-57.71343324638603, 0]
295	[-57.71343324638603, 0]
295	[-57.71343324638603, 0]
295	[-57.71343324638603, 0]
295	[-57.71343324638603, 0]
295	[-57.71343324638603, 0]
295	[-57.71343324638603, 0]
295	[-57.71343324638603, 0]
295	[-57.71343324638603, 0]
295	[-57.71343324638603, 0]
295	[-57.71343324638603, 0]
295	[-57.71343324638603, 0]
295	[-57.71343324638603, 0]
295	[-57.71343324638603, 0]
295	[-57.71343324638603, 0]
295	[-57.71343324638603, 0]
295	[-57.71343324638603, 0]
295	[-57.71343324638603, 0]
295	[-57.71343324638603, 0]
295	[-57.71343324638603, 0]
295	[-57.71343324638603, 0]
295	[-57.71343324638603, 0]
295	[-57.71343324638603, 0]
295	[-57.71343324638603, 0]
295	[-57.71343324638603, 0]
295	[-57.71343324638603, 0]
295	[-57.71343324638603, 0]
295	[-57.71343324638603, 0]
295	[-57.71343324638603, 0]
295	[-57.71343324638603, 0]
295	[-57.71343324638603, 0]
295	[-57.71343324638603, 0]
295	[-57.71343324638603, 0]
295	[-57.71343324638603, 0]
295	[-57.71343324638603, 0]
295	[-57.71343324638603, 0]
295	[-57.71343324638603, 0]
295	[-57.71343324638603, 0]
295	[-57.71343324638603, 0]
295	[-57.71343324638603, 0]
295	[-57.71343324638603, 0]
295	[-57.71343324638603, 0]
295	[-57.71343324638603, 0]
295	[-57.71343324638603, 0]
295	[-57.71343324638603, 0]
295	[-57.71343324638603, 0]
295	[-57.71343324638603, 0]
295	[-57.71343324638603, 0]
295	[-57.71343324638603, 0]
295	[-57.71343324638603, 0]
295	[-57.71343324638603, 0]
295	[-57.71343324638603, 0]
295	[-57.71343324638603, 0]
295	[-57.71343324638603, 0]
295	[-57.71343324638603, 0]
295	[-57.71343324638603, 0]
295	[-57.71343324638603, 0]
295	[-57.71343324638603, 0]
295	[-57.71343324638603, 0]
295	[-57.71343324638603, 0]
295	[-57.71343324638603, 0]
295	[-56.53920414885275, -1]
295	[-56.53920414885275, -1]
295	[-56.53920414885275, -1]
295	[-56.53920414885275, -1]
295	[-56.53920414885275, -1]
295	[-56.53920414885275, -1]
295	[-56.53920414885275, -1]
295	[-56.53920414885275, -1]
295	[-56.53920414885275, -1]
296	[-57.64668122983773, 0]
296	[-56.53920414885275, -1]
296	[-56.53920414885275, -1]
296	[-56.53920414885275, -1]
296	[-56.53920414885275, -1]
296	[-56.53920414885275, -1]
296	[-56.53920414885275, -1]
296	[-56.53920414885275, -1]
296	[-56.53920414885275, -1]
296	[-56.53920414885275, -1]
297	[-57.64668122983773, 0]
297	[-57.64668122983773, 0]
297	[-56.53920414885275, -1]
297	[-56.53920414885275, -1]
297	[-56.53920414885275, -1]
297	[-56.53920414885275, -1]
297	[-56.53920414885275, -1]
297	[-56.53920414885275, -1]
297	[-56.53920414885275, -1]
297	[-56.53920414885275, -1]
297	[-56.53920414885275, -1]
297	[-56.53920414885275, -1]
298	[-57.64668122983773, 0]
298	[-57.64668122983773, 0]
298	[-57.64668122983773, 0]
298	[-57.64668122983773, 0]
298	[-56.46896557217304, -1]
299	[-57.64668122983773, 0]
299	[-57.64668122983773, 0]
299	[-57.64668122983773, 0]
299	[-57.64668122983773, 0]
299	[-56.46896557217304, -1]
300	[-57.64668122983773, 0]
300	[-57.64668122983773, 0]
300	[-57.64668122983773, 0]
300	[-57.64668122983773, 0]
300	[-57.64668122983773, 0]
300	[-56.46896557217304, -1]
300	[-56.46896557217304, -1]
300	[-57.64668122983773, 0]
300	[-57.64668122983773, 0]
300	[-57.64668122983773, 0]
300	[-57.64668122983773, 0]
300	[-57.64668122983773, 0]
300	[-56.46896557217304, -1]
300	[-56.46896557217304, -1]
